First_Name,Last_Name,ID,Age,Gender,Experience,Score
Pvaddhjt,Psuwrah,13623,73,Male,4,76.40440396119001
Sexgyymbg,Bbnvoajw,14781,51,Male,2,72.02292377136762
Rfzn,Urhhq,2326,85,Female,3,74.51091816687943
Jutq,Sxlad,9484,98,Male,4,82.68065504968038
Fppasdy,Nnysez,17753,78,Male,5,64.19365618364071
Tttoh,Kqsgq,16922,21,Female,4,85.03173735237641
Bjza,Xhsuoczk,14268,52,Male,1,44.111080542625345
Uxdlsx,Zdhq,10938,58,Female,1,60.90001217150793
Caaevfgi,Mthat,16617,57,Male,4,100.0
Rpejkybb,Fudgofgir,12732,42,Female,2,78.8882797571144
Zdgxl,Nbpzzkkso,8157,53,Female,3,59.342748852201794
Aodvmz,Amymvag,17537,64,Female,2,75.34368361413375
Ulegep,Vhrdzrd,5563,37,Male,1,42.20576260991787
Dmeuiopu,Goyfnvq,10235,26,Male,3,77.13192017611894
Xpnvvqr,Dfsbyxunf,5579,39,Female,4,78.56445070158651
Jdafarsec,Cfuw,4107,25,Male,1,72.87198781442132
Dckn,Drbxdpdp,9208,63,Male,3,80.95643132198559
Hvja,Pkvjbnox,18451,92,Male,3,69.02199176177228
Slxczc,Uyigk,5815,68,Female,5,81.48271328089065
Dsodurs,Kubuomr,11162,25,Female,5,66.69246552794274
Ojbekwl,Uthlaxmtz,4236,37,,3,70.9575914282155
Lctq,Fkteb,3416,55,Female,4,79.24423921329361
Wagt,Vetsonimh,11819,73,,5,80.54640330383427
Tyinyc,Azvvz,16471,98,Female,3,69.6471273108765
Clnqiit,Kqwg,19343,62,Other,1,63.540065978150956
Cyud,Rrpr,4299,59,Female,5,75.5707170592176
Oaednlwn,Ilnykoqle,12593,89,Other,3,96.39510922801719
Nlyqy,Bauwitkj,15226,57,Female,2,76.18130158054342
Vozqzwvtb,Etjfp,11361,58,Female,4,67.57426046797366
Aezg,Hqgejnkq,7700,77,Female,4,84.75049894223856
Nhyypjsiw,Kvbck,19105,46,Other,4,70.56998859891081
Gpzbwmy,Embuzjye,16630,26,Male,5,89.19931587501333
Ydspdkmgd,Eeozk,15506,97,Female,5,79.59476601731342
Fxlaliukw,Vzmxzxdqw,18083,67,,5,100.0
Fpictzx,Eyxes,9535,84,Female,5,78.68256127776344
Touvddhjj,Sqftub,3040,62,Female,4,90.03471943374163
Xdosm,Muitbww,18979,74,Female,2,62.14009704008061
Jknhhvb,Xnguzta,1460,96,Male,5,58.299856957687346
Ccybfiea,Qayflna,4056,37,Female,4,76.30917026418025
Cfvqibr,Cbkkxft,14068,73,Male,2,61.38004490576865
Dyiu,Ofppwf,1037,48,,2,85.67630495028843
Qzdhdsrb,Muhjv,17173,20,Male,2,73.26925688315762
Rucffm,Lxxqzb,11916,63,Female,4,70.6861988069588
Vcpvhhlw,Vtcgmxea,8992,61,Male,2,65.71916535043252
Ghslt,Ragwfnb,11656,57,Male,5,85.40549875679055
Jovjz,Wrqfdnev,3063,30,Female,2,62.52297758122509
Ajlrja,Eofwp,7260,36,Male,2,85.45437347691724
Keyu,Kkxtdaeu,19596,83,Male,2,79.77056362564134
Tiyoxat,Jrkb,8264,88,Male,4,88.9615771372458
Hxnr,Rprlan,8818,32,Other,3,75.65403823488406
Uxal,Wkujwmfb,5669,93,Male,2,60.61221082332031
Ezakowus,Wirxinwpg,18792,22,Male,2,45.54918402310528
Wdthinfa,Gyujneuxb,15679,90,Male,2,51.28148819692273
Ppvl,Lpwsty,3988,77,Male,4,88.71066117135136
Hnkuortd,Xdlyj,3636,23,Female,1,68.03527572373291
Svctv,Agxkuomjl,11487,96,Male,5,82.75143845986625
Lxsnxb,Moti,17644,79,Other,4,76.91708212303361
Vqqdrk,Uutobg,17032,18,Male,4,91.44238720268595
Mnzgg,Vllmzoeg,4573,39,Male,2,73.84319986426462
Nyhq,Cvaeyt,10877,80,Other,5,96.24672948336647
Wypz,Jgpoum,19063,72,Other,5,75.63218172342717
Dgrh,Fvbgynu,10538,36,Female,2,70.0690901553473
Zcqysnxy,Qijfrc,5089,31,Female,2,96.33782554492046
Emrxwzub,Ygxsdqt,18938,72,,2,95.76537257686181
Zxbtvxtww,Ocnbnxc,11903,63,Male,3,70.45082483492786
Rjwat,Pkaksf,18704,98,Female,3,90.36160781680324
Eruv,Naqes,7658,29,Male,4,87.99699793255593
Dkbu,Kvyiuwjpn,18931,95,Male,4,90.06805695381878
Eqqpknil,Dutzzu,10425,56,Female,5,88.3523638721775
Gjpdtmsr,Qrkn,15581,43,Female,4,84.20805867404947
Cbldme,Mtdrrma,4002,45,Female,1,54.26371575727289
Brahye,Jlhpz,13612,19,Male,3,72.72942563011443
Fgdczib,Tedwgkaby,11388,48,Female,5,82.48965425630088
Eayntjvf,Rywcmjzk,19862,55,Female,2,79.96937755655189
Hiwuh,Bfjphh,8933,84,Female,1,74.11560926779188
Vmdguht,Zevtzzw,10513,90,Female,1,57.359899080568034
Fljt,Fzkxfppl,7025,92,Female,5,82.12355872231127
Filoaitgz,Uculjaoy,7205,91,Female,4,80.29615909342925
Tcxato,Rjggjoooe,7118,58,Male,5,75.95096451466918
Tgbm,Zpqayj,2080,55,Male,4,88.2788413377045
Zsnjezr,Yaonpuzk,9521,31,Male,1,73.5266234860068
Cunzpxe,Bnflfdop,16614,71,,1,87.96714923210817
Ersnn,Vfps,3263,27,Male,1,54.088488791700364
Djxwwm,Scvmc,3943,42,Female,3,87.97684897410433
Tgoqpi,Ykji,5267,98,Female,5,64.75971831390603
Klnh,Vcxz,5900,37,Male,5,99.71681803536323
Vpjgvlshb,Lldatvb,2266,47,Male,3,73.97096223333222
Csofw,Isvunwgm,3629,86,Male,3,88.41325121479846
Sosbmajq,Sbdejlut,18714,57,Female,5,85.86173954157485
Itkqyy,Euygkm,13821,84,Male,1,72.4571863277933
Afycp,Oaql,18189,37,Male,1,75.31659973979998
Ofltygu,Gnijbbf,10031,62,Male,2,100.0
Tgcgffnj,Bfizoerf,18098,48,Female,5,83.85720277355031
Wnvrdnti,Hsshj,8716,94,Female,4,82.61742197635175
Vnfwq,Lgfvkzj,8051,23,Female,3,71.73347654594812
Oxfbf,Ratybv,14743,71,Male,5,100.0
Kwoihnfp,Mxjwbhn,10018,33,Female,3,69.32225128752407
Kdkszzd,Ieoiqwtl,15764,87,Other,5,79.12334872355657
Osferfydf,Irwkygd,17143,72,Female,1,54.840515018958804
Erxy,Trncrtn,12710,60,Male,4,70.48696739662459
Sborh,Vxjowgm,3699,24,Female,1,68.04301797367341
Loqubrmwo,Cecelgsrh,11627,62,Female,5,64.42384910652284
Ctxz,Vpmq,4779,40,Male,1,82.70473638736063
Lujoam,Ulxecfia,16939,46,Male,5,86.5470523671991
Sehdq,Zsnzvkh,11986,77,Male,4,92.78299342471627
Funqnstr,Fbapr,7238,31,Other,4,90.21834930811184
Rodkuk,Xkbndb,8963,95,Female,5,90.00848971038701
Xuqks,Ncfalxlwt,1531,79,Female,3,50.081322934709846
Xuqcgjcu,Wklhw,9881,98,Male,5,100.0
Jzveejkm,Nuzhwba,4838,41,Female,2,69.46787480546406
Bfha,Ymaercxlg,8224,47,Female,2,88.14024140808444
Bdzsys,Rnrkpatb,13191,50,Male,3,97.27022076024602
Iszyhkys,Ywigilwa,6586,59,Other,2,74.18936216050284
Mtnwakd,Ugbskzug,11896,21,Male,4,100.0
Dzgtcss,Lovswf,14963,96,Female,5,72.59416318610106
Lwaenjcb,Gatariid,3037,25,Female,3,70.11914390426448
Pwbxmfgb,Ewtp,4296,44,Female,5,94.91467016635328
Ggggls,Irrtvmcq,5795,93,Female,3,91.97201308249026
Sstcmjtif,Jjanfat,8168,81,Female,4,90.43140560701325
Vlblpmpm,Xqtph,2482,64,Other,2,67.14745090156609
Ysznmjvge,Ykhab,19804,79,Female,4,76.28752217546088
Ifpf,Aupt,18504,33,Female,5,100.0
Raqqakmah,Ihbfa,3424,45,Male,4,100.0
Fetefmr,Wuddrwc,1874,35,Female,5,70.62173135424825
Mghuqax,Amgvuesa,5077,58,Female,5,84.69657982952715
Ddqqju,Kuga,7177,27,Female,3,79.8003132549141
Fyyqrvzj,Lvmgmwlp,19872,45,Female,3,87.79384645966019
Pgobeqeh,Afnqi,4922,36,Other,5,95.29359164353829
Ohwcwqp,Moxtwc,13819,68,Male,3,95.68352208377651
Lxohcw,Akmr,3999,24,Female,5,80.50390365592152
Dhnqf,Pnezx,13128,67,Female,2,62.229380893572056
Vnftliar,Ajdrbwend,4802,85,Female,5,97.66418904694618
Ebfqgyiwt,Nllht,2192,97,Male,4,93.06378649181022
Ukkdwfji,Tfhdbsr,1708,87,Male,2,82.39775687336135
Rtikbofy,Xpnizr,7376,49,Female,1,82.60730883526841
Dhbx,Dweg,7061,86,Male,4,77.01257614206781
Axfp,Sqfzz,5059,33,Female,2,56.835634448184294
Zzgyxp,Lxvwqfu,16703,43,Male,3,86.29531848512127
Jrqqlofwt,Kdze,7900,58,Female,3,87.65172932489688
Llbhxqhpw,Zwuewabq,3001,38,,1,64.35676839445739
Esxv,Vckijdvhn,1746,89,,2,57.20838192899183
Ikfgge,Hfckiz,18833,57,Male,4,67.81279842173518
Veffg,Ubjqnemtb,14946,70,Female,3,56.51888315150808
Yrpusjx,Rejhr,4325,56,Male,4,85.09582660105501
Ryctdnln,Yhnuedqos,9517,32,Female,4,79.77539359255644
Rgpcvukz,Fylwvbe,3293,81,Other,4,90.30933566939811
Fzuvx,Zqxfmoni,8236,32,Female,4,86.06835447894197
Epclcbot,Bxpzdv,3358,54,Female,2,82.72521847158221
Lbzb,Uvsvc,10865,41,Male,5,89.81333867561077
Gzyngtqxd,Qiyd,12478,56,Male,4,87.305830643019
Ocfzhp,Ultgeagql,15289,75,Male,3,69.75147632616864
Uhwhtgz,Mxruiugrn,6908,22,Male,2,64.44286242549028
Xrldnxy,Qvynitwc,3000,24,Male,2,68.03982551509591
Yevtwzg,Quxkuyt,17503,27,Female,3,74.67728532643565
Oszmdfh,Hjvnp,16306,57,Male,1,53.33445687359884
Oljlqhbsv,Cbkncw,2290,98,Female,1,64.89192447024548
Avyjislv,Mcpt,4306,34,Female,2,48.09686128044295
Rxpdkyv,Rzwhvtw,19910,85,Male,1,54.397217861782494
Vopbmlzh,Kbugv,7532,54,Female,3,84.94655850213087
Ncbqbqb,Lgcsdyf,9524,23,Male,4,91.15031531756965
Mgiin,Hiwwcqd,12749,42,Female,3,67.41665676285774
Tsaxew,Wemoqoaci,16408,75,Female,5,75.98944053897523
Fptp,Ficxn,19670,57,Other,4,65.16961252055889
Zmnkujq,Ygjzjl,6551,35,Other,3,72.29906277000545
Dqabsalss,Oumle,7665,91,Female,5,95.35841310025027
Wpphy,Lzqirhdkq,2902,44,Male,2,54.058818812440194
Ymnso,Twgcdmt,6184,70,Male,1,62.78231515741736
Hxmlvmpx,Hkvqk,6306,20,Female,1,76.82062852539235
Nosebrr,Xywfamwdn,12216,96,Female,2,100.0
Qjqcp,Ugzdsb,18349,44,Female,2,74.04063527818059
Ugagm,Mfzfxyht,9214,83,Female,3,73.71984929798123
Cigwvc,Hbubbg,4840,78,Male,5,92.91580475532894
Akmdjzhqk,Wnvnexv,15493,42,Female,4,86.69006084486925
Rdfxglch,Xeudzd,6728,53,,3,90.07636225191858
Ujxaqri,Kdpze,1432,61,Female,2,89.81370349499758
Vpqrkrd,Schq,16454,97,Female,5,60.000628921517816
Dhqce,Epeizw,14431,20,Male,5,64.06528261302786
Egarxwvfx,Jpduxxp,19648,96,Female,2,83.1481433803886
Towiycr,Ehgy,17665,66,Male,2,65.76955981954083
Pqixmhma,Hxpvbezg,11205,72,Female,5,94.21808150795593
Lliaunnf,Ttyffjzw,12703,32,,5,74.98502899847605
Hseomzxfq,Vwvhz,13735,26,Other,1,59.08657352114512
Jeqsfvod,Rssu,9222,54,Male,3,65.53983713707669
Arzj,Nyvoukbpz,6027,42,Female,2,61.20856688853904
Bqrmgt,Fpjd,19369,26,Female,3,60.070990253844
Dgestgmd,Jqbblqi,1407,48,Male,4,79.58565359855231
Tyrddbvtw,Wqydwgu,16006,40,Female,1,32.353269999463606
Eyvhkkr,Kddoh,3591,70,Female,5,93.33113250559717
Ysqaecnbc,Ndfxkhkav,12007,84,,5,94.36719157708048
Tumhvn,Pxbxkh,2497,33,Female,5,100.0
Tmrab,Zhvjhwanz,18836,63,Female,1,60.471443322889044
Kkacbntp,Nrngp,10203,64,Other,5,93.23383515961731
Ehvgj,Ighpcqh,5418,51,Female,1,82.84914200836741
Vkscrd,Jgvkz,8868,18,Male,3,61.552616691563856
Tqxm,Pgtxkqvp,16788,98,,4,85.83206357800694
Nycudrm,Qitosuf,12541,41,Female,3,48.18383003105249
Kfkipe,Rnmzn,10433,74,Female,3,94.29955970083742
Wfdhyyp,Nbos,12770,50,Male,3,57.094847858828516
Tnhyfh,Ngol,5336,21,Female,5,83.92273976507562
Hyamhu,Eiidlbsdc,11167,28,Other,3,63.37322230043283
Puek,Mmqbem,13714,53,Female,3,78.15637709091895
Uiqo,Rkzsspsxm,14579,19,Male,2,67.2361019438689
Uxpm,Odred,3645,59,Male,2,78.74044189956066
Xxcncrx,Mqwghkfc,1049,73,Female,4,77.47000586948292
Nqxfzhb,Wtmsrn,7301,50,Male,1,75.65160646199995
Cubev,Qxbwgxmj,11957,25,Female,5,84.51506534469864
Sbwd,Djlq,6245,60,Male,4,84.45299053999446
Dzfb,Pcdezmj,8845,41,Female,1,44.297861359560486
Hbbhzen,Plswuolmk,8310,36,Other,1,84.23163063074924
Saltcneq,Axtn,15684,24,,5,78.51130901590716
Kzld,Fwssrpym,13407,55,Male,2,50.982938416110024
Toau,Ojiraqat,19617,60,Female,4,76.95103224369055
Aclfvych,Fwumaglq,19798,84,Female,3,87.6057777233182
Ltwbqsso,Gavi,2033,36,Male,3,67.25804490216223
Ppfbkcixt,Bvpzl,14181,33,Female,3,71.97378529801222
Dbqrqyyf,Tawazfo,19594,90,Male,3,66.19769832061438
Ktrnawb,Ebnil,14704,87,Male,5,100.0
Fmkxq,Lgxxajtja,2532,76,Female,5,96.84416758906387
Rezonvr,Fbuwi,6428,54,Female,5,81.45553617123562
Gkfeeuxss,Rwrm,15593,36,Female,1,57.4091502607476
Klotqyybi,Yxruahx,3093,18,Female,4,76.78693471107694
Pxjuaxoct,Yaxelvpg,9494,56,,5,77.3178679175993
Veauf,Ejatprsdl,6167,48,Female,5,73.51527468650303
Yreyar,Dtdecilf,15626,93,Male,5,93.85346715299568
Ijejm,Gcdrlbhu,18287,89,Male,1,50.830985326448385
Daox,Kugkpcd,16966,81,Female,4,82.58539756449457
Ylbs,Iqrkgengk,19396,60,Male,3,99.28565391448444
Ifycrpdv,Dksyzpc,1002,72,Female,4,78.97176555788701
Sfyw,Padd,2275,49,Male,5,74.16763648219724
Hxryen,Voaje,17206,56,Female,2,61.21836969969414
Tptos,Ldilr,11680,67,,3,53.070076780417395
Aegum,Mwjd,11225,84,Male,2,54.93379253229389
Sntrbsm,Eitetpy,16299,23,Female,1,92.84150687126012
Hchnqby,Qyzcfbk,2633,71,Female,2,69.37646320538423
Nfsy,Osxaiw,14603,25,Female,1,66.21943738197952
Meqt,Mirhauvl,7160,45,Male,2,50.52073015267632
Orko,Zdbe,18975,76,Male,1,63.48139606018732
Ewpokzlwo,Mjtrzkj,3735,79,Male,2,74.56148959244149
Uxczyay,Vxxuxu,5276,23,Female,4,94.7002172954823
Woznmf,Ghwzh,1482,22,Male,4,69.81054948724638
Xytiizz,Dxrflyqs,14166,29,Female,1,64.4335291077505
Ukkurahgc,Irtuewo,14680,95,Female,3,84.88550958123099
Qwnrw,Xkahtdwkm,11360,36,Male,2,70.1476194044775
Bvcasggd,Nxyzvva,1111,46,Female,4,100.0
Extsgzopr,Gufdxdvqt,7996,24,Male,4,85.15304598802057
Vbjtrla,Npsh,1468,90,Female,1,76.48533315541073
Zweutpf,Jwzsihyp,1077,45,Female,3,62.104287207899155
Ejqqzfaw,Wjwbnpmur,18312,49,Female,1,74.36980754778507
Ijkgmlc,Rzyjfdobq,4204,83,Other,4,79.8825539485266
Rhhgxfj,Ytimpskr,7240,59,Male,4,67.36706736969764
Mibo,Ruwdqqq,4896,29,Male,4,100.0
Pewuchnif,Jmtmg,7504,26,Female,4,97.25095776947933
Zwzzt,Wgorhkpk,10909,74,Male,1,66.6461432215145
Jldhsibds,Vopmeyhbg,10174,89,Other,1,79.31276774808988
Oxkky,Qitim,6971,57,Male,4,86.35539623419041
Noxfxkh,Zootibyy,4282,61,Other,4,88.49137087978781
Fglvy,Ybihbzg,16584,25,Other,5,93.49888271194499
Yrvszfr,Vjje,13998,30,Female,5,84.87875841534131
Rkhl,Hblovom,3665,59,Male,5,73.14673390457536
Voab,Tdkzase,1715,96,,3,65.81476312642951
Vbezm,Esfmnpgjl,10001,59,Male,3,85.24355519480895
Smyt,Srbo,15843,77,Male,2,94.12021736541224
Khuoiod,Hlhcrvwu,4793,28,Female,4,100.0
Rxvvmnh,Wsnkhkia,9404,62,Male,4,67.81170566049667
Pohtkn,Jiuekux,5371,90,Other,2,65.2474661400327
Blsozf,Eslcpzwtb,18067,74,Female,3,88.23747267020755
Yisc,Fnuis,12372,92,Female,1,58.61025860215644
Lmlier,Lsvosud,4771,59,Female,1,47.283275429439925
Rkqklckm,Uoeotmy,6060,40,Male,2,57.00966899291784
Hqkcz,Kefknid,10122,86,,5,100.0
Otujdqa,Gkdzgsy,1608,30,Female,2,72.92038476564335
Gedtrqhyl,Jftfatnec,2386,44,Male,5,74.99440717443036
Ciizguby,Kgrpt,2332,74,Female,1,70.23799076107844
Etlfhwkwj,Efhqqhm,7741,76,Male,2,69.65076982372051
Tsxtzzf,Ljdegeb,9508,60,Male,4,66.56436203389616
Npytm,Ecclnkf,19296,24,Female,2,62.70432660949542
Yvlzao,Zzei,11312,23,Male,2,73.78030901663405
Bwpn,Ravicjrou,13022,72,Female,4,91.47293193583936
Pekvhkl,Evvffskxh,19784,74,Female,4,74.43050464514423
Rmlw,Jrrrlcqru,2376,78,Other,1,66.09887263839838
Pwucckeet,Sqar,17203,97,Female,4,96.90534213616988
Rqpggqjn,Nhpx,16029,42,Female,1,72.05908915770327
Jvcj,Ykit,15268,53,Female,2,57.05298163824472
Euak,Gbmu,13204,50,Male,1,78.62327261088177
Nlcfhxrd,Qxjh,18626,27,Male,1,69.34632426252223
Qtssks,Rggl,6842,93,Female,1,73.94146580546881
Dvrhkofl,Segbxyul,7810,56,Female,4,91.3777051608072
Kkjdlag,Mnpmlsnc,13306,33,Male,2,83.90833434896156
Wzvbmjt,Mokyt,10536,95,Female,4,83.83287072387007
Djxiuxi,Mfuxr,1291,88,Male,1,68.44931037978316
Nppeb,Vlblyoo,5536,74,Female,4,100.0
Katgdqdgj,Ddctasjwg,5948,98,Female,2,77.1524722586148
Lrxlduxoo,Azajagd,9892,69,Male,5,73.96950976760486
Dvgl,Upsvcbaur,11925,24,Male,2,96.34376287449406
Gxuxcab,Rkcjs,12059,33,Male,4,76.86200570819513
Zenihywru,Nnrhks,13032,36,Male,1,51.29224594791764
Ifbwsk,Lospi,4070,22,Female,3,67.2069133759546
Lhkvhzmww,Sozx,12083,58,Female,4,94.60099291245825
Znzkduu,Ccxpd,2168,95,Male,4,74.7381975191283
Tzfbm,Nend,2350,81,Other,2,65.1795773330499
Hfucq,Pgbs,9834,80,Male,5,96.4029453545798
Ihbbbjxey,Ylbv,6369,95,Male,2,90.60613659265958
Syuxz,Nackj,5896,85,Male,3,70.34559349018068
Pyydsv,Trtck,10487,37,Female,1,66.64159843810575
Vxzaodvf,Rfwxncobs,12826,54,Male,4,76.46396119192622
Qllm,Iigjliwov,13936,54,Male,5,80.87927893722869
Wfrofo,Bpuvxqsd,18972,58,Male,4,55.81063264831345
Jomcd,Iifwcmbqj,5248,65,Female,1,68.99563347069774
Mmmt,Egmihx,10614,79,,3,77.0216734409195
Arcstevyf,Vrpsntg,4764,78,Male,2,62.665849969904706
Gpbpj,Sloffki,16665,71,Male,5,70.28532585873974
Rmvwnspcl,Hgidowqe,8854,42,Male,2,65.4803932306454
Siwtp,Rnmby,2581,28,Female,1,63.84439640432529
Krgwmiii,Mrccylln,11088,21,Female,4,100.0
Fscfzfek,Lzqegi,6884,43,Male,4,62.7052712219025
Rlriydqlz,Kkofw,18139,34,Male,2,65.38751729063888
Pzdweh,Nhpptswp,3322,46,Other,5,77.57954493414655
Vdylxpnpb,Pdxlzkpgx,10917,96,Male,3,78.37775086712932
Xfeafln,Civkbdoi,14211,20,Male,4,85.86976545037422
Hilboglkw,Uxzx,11764,64,Female,2,50.361767524804634
Asigw,Pfwknvt,10805,37,Female,4,73.76217428241335
Ldueeru,Uqmpgejb,14589,20,Female,1,59.76299331833617
Ptijsrhyt,Mafzj,4560,79,Female,3,73.42049446923738
Jpqxhvd,Kpwyjb,4257,44,Female,4,88.59027713753751
Hiffbxo,Yppz,19377,91,Male,3,86.8209085962763
Ibcqc,Bfatu,16767,92,Female,1,90.57097931794353
Kueoyuh,Dkyedjj,16532,37,Male,3,95.4095199890098
Fosoptaxz,Tufrjj,12045,23,Female,1,69.91359313462034
Gjyblxg,Nwkr,12260,65,Other,1,59.75957170891745
Emdf,Puzbdwtjf,5073,54,Female,5,86.22150589361655
Msabun,Zdlictlj,16698,19,Female,5,96.78531118561081
Qlvoni,Zjri,4801,39,Female,5,62.69868600070644
Jrflnjn,Eacjifsjt,17309,39,Female,3,53.34041790277712
Qyrwznhre,Lnimxq,14976,42,Male,4,84.64566229550356
Pzighvx,Wyvxl,2239,86,Male,4,70.80514845663677
Lfru,Vmpdu,10892,23,Male,3,85.19175925318416
Xyxxzjagt,Dpbzq,11979,70,Female,2,79.6517206438639
Gdfyjf,Mjmu,6100,85,Female,4,71.45418382182771
Qgzlruh,Uulwmxo,6457,77,Male,2,57.38673716816689
Skgehpndg,Uvtx,19497,71,Male,4,98.76483414310738
Lhlqwes,Lquq,19712,91,Female,4,62.20750064470351
Tcqjfir,Yuct,3848,58,Male,4,73.00763553944651
Mzfz,Enbzc,3157,86,Female,5,83.34120428878477
Smbkdqg,Yagv,3774,26,,3,57.48756235138761
Hzdy,Tcwyzp,7489,97,Male,5,95.50356538135938
Emvrwipg,Nisyxavni,8243,32,Other,3,93.10322579570145
Beennj,Ybwyoj,3003,66,Female,3,75.0619490662809
Gmcd,Wtbikqcf,13609,93,Male,5,76.76449988635216
Qfix,Tjye,1257,50,Male,1,64.94787916899271
Vwfxelcgg,Zccoejdt,4213,41,Female,5,82.62233113199807
Mrqf,Gkmahfyp,13904,87,Female,5,100.0
Krme,Fthwgbo,19234,89,Male,2,61.29865878899112
Kbjqntjm,Ijtrqrqxa,18006,29,Male,5,100.0
Tlqysfoe,Bazhhunl,10496,61,Male,4,84.63152602237628
Esparf,Gzgvyxyyp,15697,71,Male,1,81.76758083427536
Mfioqqk,Qvhc,17011,35,Female,1,83.6491996596669
Xpdgqsqkp,Xylr,8118,63,Male,3,100.0
Bxkmtctst,Qlgtnvi,14862,83,Male,3,82.32829951368736
Bmumwhmqq,Svwtrv,3741,86,Male,2,66.48919128825364
Numvbsgy,Sspemu,13069,22,Female,3,67.31642013084371
Oznzfn,Isjmfgtwy,8213,36,Male,1,78.41924024857279
Lyfzrzmug,Hitdd,9549,85,Female,3,91.62396337578792
Jkiqfgqgq,Giyu,6458,36,Female,5,70.49876007615397
Pbvoa,Utpwgmu,15130,70,,5,84.6011707593562
Uuhcroej,Qikilzckp,7289,28,Male,5,98.95301780542653
Uuxq,Seeyqmmkm,12747,23,Female,4,84.08395798178282
Lknypzj,Jnjiqrwi,4768,41,Male,4,62.30943090335445
Fcgjnfg,Gzimaukc,3092,19,Male,2,71.52172486461053
Vdlklo,Blzyr,1905,93,Female,2,70.22904994728893
Lqdurqk,Bkso,18229,49,Female,2,66.68881869488403
Jdztp,Kagbwoes,15798,91,Other,4,100.0
Egvhrvx,Olstlk,7608,89,Male,2,74.05780318929696
Gllwolgn,Xipfdcaom,19749,91,Female,2,55.176337034942065
Riesqcilp,Oirokaoo,17288,87,Male,4,82.26137686768635
Xpnooso,Kxnhvxn,14040,35,Male,4,79.14121173462331
Beukuseix,Vgqnbdnc,19736,47,Female,1,59.97827674754351
Jonmoi,Bqjbibxvr,7790,55,Female,3,94.56864938901732
Jomfnlmjr,Ifprhpf,2379,42,Female,3,85.44158261956642
Ipwa,Tobwk,8074,71,Male,2,89.98814321888617
Qstmsrlp,Umftwrfy,19882,96,Female,5,82.40049196807723
Vwrmi,Mcojo,4428,76,Female,1,54.80486520202082
Hlhdujw,Lpjgysan,7487,44,Female,1,53.83349485876576
Wulrs,Lonblaikt,16021,90,,3,71.85001312647155
Ahws,Vcrkgslb,13387,98,Male,5,72.70490484470545
Lzmnii,Jzqw,12850,34,Female,1,60.31358308976141
Rkmclx,Jybpwogh,18904,94,Other,2,59.93495140973862
Lbofgz,Mraghqc,5958,90,Male,2,60.82101670847801
Jdjucbgo,Sqrwdvr,4432,73,Other,2,78.94025460123456
Snwo,Ayqu,16987,72,Male,5,83.21156692567128
Xfnkswg,Snbwct,5862,36,Female,5,70.54122137955547
Lbjqpr,Cfsx,19478,67,Male,1,65.06307846056518
Tbtedjj,Byjlvsvn,14300,50,Female,3,78.41850612668831
Vgykzlffi,Vdeyhl,14868,64,Female,4,82.40900297022404
Povadbog,Sqpilksc,18079,71,Male,2,91.75093906752565
Wdef,Ppqxagmyz,17233,78,Female,4,87.53401795461966
Sjdc,Skztkqmba,11566,81,Male,2,74.20144628798158
Nrrki,Nluxgjzc,17332,44,Male,4,70.66381335303515
Kgkdpscek,Pwzo,17339,26,Male,1,67.75365668432315
Muuzlm,Yjxm,7618,80,Male,5,88.29306633357477
Fthek,Vratiij,18786,45,Female,4,70.84967674120952
Aljsns,Yyornsyfl,19881,39,Female,1,80.14575861991429
Jwizbrrp,Qivx,1318,41,Female,5,100.0
Rhqw,Udzcbqhdw,12148,46,Female,3,99.69501246949403
Fjomyvw,Zrupbqfas,11428,41,Female,3,49.336243279710246
Onbe,Vsqsghtid,11545,74,Female,2,71.61958522498938
Mjmafwjbr,Hnrqey,2162,32,Female,5,100.0
Bkgqhgl,Juvx,18206,34,Female,1,77.1806891764385
Jstkggcr,Scesdry,5861,39,Male,5,83.36780592577287
Hiiecz,Wqpjoe,9417,86,Male,5,98.79210201972597
Yqldafx,Gepwujh,6108,73,Male,1,76.27669249011272
Ulmyspzv,Tuhwo,13419,51,Female,1,61.559279108270715
Mprhpxbf,Lwcjh,10646,43,Male,1,67.3366130904746
Xniu,Nprbs,16415,86,Male,2,64.96387728953508
Sqnigfdim,Quie,3174,31,Female,5,71.7866749965275
Nqxsk,Vpjxufov,3773,95,Male,5,79.60714903751722
Xwqv,Alyhstfoj,17925,81,,5,59.65155526904472
Skpgyepad,Vjjvmzhcu,2291,36,Male,3,85.74899274842333
Uppbys,Hisyo,19586,64,Male,5,68.90960765436003
Jihp,Cbgynpfuk,8375,35,Other,4,61.01848758077323
Twdxo,Potkcfmkw,19761,54,Female,1,71.34545881565934
Xlyudo,Fdkvana,2331,88,Male,1,59.456427613944186
Ckfe,Vdfe,10845,33,Male,1,86.61849232504457
Xkdhdb,Yqdjny,1500,32,Female,1,60.25727627063963
Ufdocrokt,Ucgth,15699,92,Female,4,56.46648448078594
Egjjdhme,Lgrbvqr,11832,86,Other,3,84.1744929900172
Nmakoaa,Gkfcy,6265,33,Female,1,65.04570254463334
Ulff,Wwbhbqbw,5876,26,Male,2,63.7695200079201
Skqxr,Lgfdvku,16097,36,Female,5,92.7615138258341
Jjmahwn,Wwvcskqn,13167,25,Other,4,64.41709240826759
Zqlzup,Onhtswc,17547,91,Male,1,52.89325907346145
Yfcmlpve,Caqdgd,13524,92,Female,2,70.58720773480525
Mmqcf,Drrjnwgtk,18360,45,Male,1,73.4336933223974
Cxtvpgej,Dzhuw,17463,63,Female,3,52.07917361418159
Pakq,Tpkxwpni,2101,41,Male,4,77.51831555272358
Wrofzf,Kgpise,3970,79,Female,2,82.01360455415
Dltndy,Cczqo,17973,30,Female,3,91.93403932206928
Zvbihhbjp,Geolbi,3502,78,Female,4,58.606108826061295
Azewaltde,Erixbg,14971,52,Male,4,95.31053499504426
Prkqug,Ufkq,7753,35,Other,1,78.1706043984316
Crsb,Kgtnglifa,10491,56,Female,5,86.90604032762661
Bgee,Nfkhqrj,18544,69,Female,5,99.0130631368982
Pvztgkq,Gocwq,14691,73,Other,4,77.64743713088701
Oooahx,Degis,16801,44,Male,1,35.0424374978245
Bezipadpu,Fdzfxbk,13732,74,Female,2,63.975803578106635
Wbddcu,Asxuz,8653,34,Female,3,80.32067342666817
Koujfytw,Klhg,1671,86,Male,5,100.0
Dtxqzhkme,Imstm,1007,65,,3,53.231975922568125
Mpkl,Pnppqxn,6962,43,Female,1,80.98671502958409
Oktlghatc,Zvysrn,10910,52,Male,4,79.6728862117914
Xahs,Whdlcg,17608,48,Female,4,86.72642987442086
Cgma,Gdbzhtc,9338,22,Female,2,78.18355262847918
Idndgggu,Nvppaei,11901,84,Female,5,80.3401374251116
Cvpuos,Cknekk,3150,91,Other,1,60.138162253924975
Zlbk,Zsmrwrlpv,17171,83,Female,2,93.0150749917791
Pznvyezan,Phgmvby,9585,57,Female,3,72.7220288034529
Grrdatrd,Klqevshsl,10922,75,Male,2,64.71786038119524
Lrexpkguv,Qwwup,14371,46,Female,1,68.67385618409077
Ezdh,Lqqddlhf,13588,79,Female,1,71.63294458298644
Aidg,Jrllnmzag,13572,62,Female,2,69.26132475530352
Htnsyrdip,Hzopuno,19964,67,Male,3,89.10719060895903
Dmlvrsk,Gajtxbqep,6367,91,Male,2,65.70469039310574
Pgdsvdv,Cvniz,5172,37,Male,4,88.20967865803988
Bzkbvzky,Dtvw,8829,91,Male,3,85.70975662302831
Ntcsu,Fnpf,10407,27,Female,3,87.77875377961637
Yvfo,Kackc,11945,36,Female,5,89.35873332171144
Xgaivpf,Gzgtdys,2819,81,Female,5,91.81256738821347
Oijzxeh,Yumasrpm,2177,49,Other,2,84.98735635527622
Tnfij,Vsvwgvswz,16772,19,,3,72.64309371236726
Yhdpfjwvl,Wvumud,14692,25,Female,2,78.39160322230624
Sdojrpw,Dvsbuxxf,5617,26,Female,4,76.12445699485923
Thhfl,Cmdmpkz,17116,59,Male,4,82.71253515834687
Oocbkxfo,Uoipahz,3674,57,Male,4,90.96161660735602
Thpp,Seds,5960,31,Male,1,51.396963887483395
Airxn,Xezuoe,12559,95,Male,4,90.60577991905657
Fvwf,Lzcl,14472,24,Other,5,81.8617085698366
Dndidjldl,Ekvnqqz,2152,95,Female,4,73.78064245772674
Twkkemc,Oagyxwla,16279,41,Male,2,60.73725349489274
Pmrpyjyvi,Phei,13670,40,Male,3,82.31674760214345
Oqgtbpl,Ucibot,16036,40,Other,4,67.92731861000526
Dxlw,Znrxzsh,2541,67,Female,3,50.589922732254394
Wzngh,Notnsku,19856,19,Male,3,100.0
Fgdh,Vjzoc,16430,41,Male,2,68.88409495786505
Lxystr,Ulyb,19527,43,Male,5,95.46002379127454
Lbqo,Iepexs,1662,75,Male,5,73.87608481702925
Kqpvbk,Vhedvlvz,2063,49,Male,4,76.77735491546179
Atypqijuw,Jtehkfm,5348,80,Female,2,88.38965095847473
Zarhcgd,Tvonex,11613,28,Male,4,67.0887579670507
Uullfqqni,Xvpjsfke,4450,53,Female,5,87.12294286218622
Gmwkeij,Kqqg,18994,54,Female,4,87.7733475598233
Ahfgtpzm,Zdhnmkh,12359,94,Male,1,72.740716840546
Usrh,Datvk,7388,64,Female,4,79.62589538976565
Mqshi,Rjddiuq,13563,33,Other,2,65.4112899020242
Iqowov,Vmince,17066,78,Male,4,91.82196984131586
Heqgkuge,Fdxdoe,4637,96,,3,74.88004853788473
Cpyp,Nnqbflx,2971,70,Male,1,68.69222787812816
Okwe,Tyvypzmup,16308,48,Male,1,74.97671455509122
Jiulvdum,Ucat,12071,71,Female,1,53.53183503825069
Ccxnzv,Ivdbdztzg,19837,50,Other,5,96.50895367541021
Pbeery,Yggipil,10711,47,Female,5,64.70221873968524
Lmcvy,Hibgsk,5165,82,Female,4,81.68530884131778
Jeljgr,Gygky,13702,66,,2,72.24707652860354
Spmgsq,Fjxivaq,10627,31,Male,1,73.03855232290482
Lagzgctm,Zibmd,4983,57,Male,3,66.90998225097186
Ajwrke,Joho,19647,72,Other,1,57.069672170303136
Sfokstcd,Ruzlmm,7197,90,Female,2,63.685309864491785
Sehk,Imdj,2251,57,Female,3,96.28107267871266
Dponddgcf,Agbrmkfke,13845,45,Female,2,76.63315485074425
Xddh,Nqik,15567,85,Male,3,90.30947477450377
Scqhknq,Idsllgjt,13175,93,Female,2,71.82942014469012
Fuiwu,Kcclrm,7241,53,Female,3,62.25245657898757
Bgfikhe,Hvla,15924,76,Female,1,42.69036519245664
Pcjaru,Eutje,12683,21,Female,1,72.51021690776324
Etavy,Oslda,3468,27,Female,5,72.21900852604992
Nxsf,Tztjjoyf,2462,69,Female,4,82.34550763055111
Vcbnc,Ztev,2310,93,Male,4,81.16919828603082
Jwhmeg,Gwgtc,16930,19,Other,3,68.84845039643729
Rvxfunni,Fecds,9368,32,Male,1,73.75903933654233
Jwbihm,Crgk,1873,71,Male,5,89.22769392435285
Rrrzx,Adtncldjl,18041,98,Male,5,80.24969649461764
Iztkn,Asugezv,8077,83,Male,2,73.82784928548463
Vbnbalxg,Anbh,8525,78,Female,2,49.95639062686472
Ogerqm,Rshgaahec,4063,27,Female,1,66.33754718342885
Puhqqxza,Woutvh,19567,76,Male,4,100.0
Gjpegkxp,Afpen,18160,32,Male,1,69.75873263701035
Hfsc,Nfosuwhg,14766,59,Male,1,60.804633800877006
Uoauxtmmy,Tweqqpoql,17616,57,,5,73.40039307177965
Fcwgvqcb,Snkl,11004,69,Female,2,45.27809080976589
Oruclnrvc,Ynrs,4717,61,Female,3,68.42155338639719
Bfpsggsqe,Bnfdueqd,5773,75,Female,3,83.86782184894213
Hdwvvzcpa,Rdedsuv,14958,22,Male,4,89.19539624311349
Bdahrjdmw,Jnncgonyx,14829,30,Other,4,87.23523506431523
Wjwblfkeh,Dimbihxv,3753,89,Male,3,70.7797713872047
Stgvxnl,Yqxsh,19612,23,,3,71.40218004408496
Livdxchcz,Bbcfimj,14619,61,Male,1,47.05302560092383
Qsirysoyg,Kavt,3061,84,Other,2,65.39431578364623
Ydmgpealg,Hxnrwu,4250,95,Male,2,85.64378428355936
Uygqadf,Imiphsj,14604,96,Female,3,81.65666256571522
Hqzzliabz,Cslqnjjbx,6116,93,Male,1,68.95865774492418
Oqcuissl,Hcxpwt,2006,51,Male,1,78.27761913900648
Kcgvudd,Yapfavyy,15638,66,Male,3,86.3171841401138
Heevj,Mnqfsvj,15125,72,Other,4,84.6068193069153
Brkxzqan,Tyblko,14664,79,Female,3,92.56413808770223
Xqfcajhvq,Grmsgvdq,1987,31,Other,1,71.59452618965231
Fmptskc,Knmjmvyg,17273,75,Male,5,72.82827308019606
Yldj,Akahtsqdc,11633,41,Male,2,67.72992829717492
Jwkuj,Iemnznft,9276,40,,5,54.87919331993901
Eopbapp,Hjkvkk,3573,57,Male,3,60.67740449024237
Jrkkrhchq,Ezcrk,12550,98,Other,2,72.6197541278396
Mkbiallk,Muxfg,3304,27,Other,4,91.51891070965125
Vpbslru,Kthiof,4977,30,Female,4,98.81804547900785
Yeulw,Yxay,12772,46,Male,3,85.37872699684127
Oboapbatf,Bmiyjwnli,1962,95,Female,2,63.229486238147956
Wjpsjvhvj,Jbeockjm,12319,36,Male,1,60.894202517389985
Bnvi,Otdq,12399,97,Male,2,87.61591679258406
Nruas,Mnulc,6829,37,Female,1,66.21115108176011
Zhoz,Dubtt,1326,26,,5,83.6480075614891
Ihxnibz,Dkjdpbdjt,8552,48,Male,5,83.83343224398995
Jqlh,Pzqmys,12986,96,Male,2,58.32743024856917
Yfleajriq,Ylxs,3310,92,Female,2,86.58347523404393
Xdhfdid,Jupytq,5695,49,Female,1,61.90911225227231
Dldom,Amwwcqtu,7815,59,Other,2,72.67337455572476
Hsaw,Mkmao,1105,65,Female,1,84.71167236905202
Bcnyvrx,Zjxkld,7710,83,Male,2,76.31931456130717
Bgycxiz,Kiztanavx,5036,80,Female,2,74.39891983121532
Yfqqz,Qoprixu,1235,82,Male,5,100.0
Ogaojeps,Ivumrxgb,10609,34,Male,3,85.08489223881566
Pcehrljp,Uazmrokq,13095,58,,3,65.38404696331641
Wuwkywzs,Dmokgi,1807,22,Other,3,86.0529850134547
Eargelaq,Ecuccla,8630,18,Male,5,77.59317042606341
Khgwhx,Tnoxlni,5649,73,,4,75.05848658299323
Jlmu,Yhlqdz,7127,88,Male,4,71.4645552609278
Ejpfj,Pngomxi,15878,21,Male,2,67.57931321642805
Geer,Rezbb,4682,90,Other,5,83.90784829741443
Hlnlkab,Ymqqga,16620,20,Female,3,64.67845424184137
Pckkmkki,Hshux,12286,49,Female,4,80.86313756172967
Jimqqlamc,Xqpfdcgje,9461,50,Male,2,79.20030181184507
Ymtnhtdv,Gwrbdd,5265,52,Female,5,84.4664621174021
Uikjcoliv,Qzmqizgj,1915,85,Female,5,87.66563344906426
Uephyyvwg,Qaju,7819,73,Female,2,57.354910516117926
Lgafwjv,Oomryl,12869,88,Male,4,87.23202765836825
Lldavrfp,Ioffbaxe,11977,63,,1,67.33766860595408
Bbilhzl,Bmlsusb,16511,29,,2,63.01500432105479
Fswptni,Sovqi,10588,86,Male,3,85.83045639888256
Eyqykuqvv,Zupldhfd,10710,54,Male,5,83.2618202534535
Unyylu,Zvsxz,19127,68,Female,5,83.47016551308198
Pbyyidtms,Ggyelnen,11714,25,,4,81.04857223393884
Kjvoxnfn,Qkpr,7030,88,Male,3,100.0
Hjoq,Bxsidnclu,3647,85,Male,3,92.76247993432602
Hdkvrf,Nbhqzls,4361,51,Male,3,99.20488768813524
Rcudb,Kkmtrwra,18472,32,Female,5,58.274243557576646
Zbcyrhi,Qnhymngrh,11084,26,Male,5,100.0
Jwvpbj,Ixuglckh,6125,95,,5,87.0956789968136
Pzsvwnbo,Rkmdxwl,13340,40,,3,89.22839120446626
Ieowvnwoa,Oistdzlu,5814,45,Other,2,74.17235610912624
Fwsjbu,Ktyx,5103,53,Male,4,77.81192657105007
Iths,Tkwbbog,8301,23,Male,5,73.50671395183693
Rklbb,Iuwjhevne,11351,91,Female,2,62.51990874770228
Tgfecxiiq,Clmqsaeqi,17657,79,Female,5,72.82749384555873
Yxuw,Akhs,8957,77,Female,5,95.63642284562985
Gyoth,Ziimamz,8754,43,Female,1,80.49393409934294
Usda,Oqwjk,7027,22,Male,1,55.45297082450147
Yameswcs,Dqdvtwbkl,10537,94,Male,2,92.95118738327234
Ohlkzg,Fehun,19716,27,Male,3,65.93807939636497
Wacrk,Hmvf,14755,22,Other,4,52.54159095866093
Gdimhvza,Gaeyual,2515,93,Female,4,87.39352860541453
Cbqlfol,Xutegjetv,5333,89,Female,1,66.74168434554447
Xkteu,Zpeyeixhv,1673,84,Male,3,66.48784467664447
Bxxyzfwrq,Hqujneri,19649,36,Male,1,80.14078828946927
Asdb,Kvohmhwdb,3553,20,Female,5,77.73496249388282
Aiyglevf,Jmugxh,3398,27,Male,5,88.29690226225642
Tkffe,Johcee,5326,25,Female,2,75.74423057508764
Kzmqzfnl,Kqdkiy,14770,33,Female,4,87.42164100553651
Hayqxy,Ahhlkt,10810,56,Other,4,81.09457505883447
Yzuoaodw,Tjyrbo,19047,58,Female,2,55.54199849422677
Deuo,Edimgpct,14656,38,Female,2,73.94913161447667
Ertyydsb,Xwsw,5662,24,Male,4,77.16685395101453
Uhwmypab,Qkbxgg,14834,53,,3,82.00286041359576
Bdhyegcng,Odkj,10765,72,Other,4,68.48269029786991
Qqsjz,Oenqvznqx,12618,63,Male,5,100.0
Pvqk,Xwbuvep,3770,73,Female,3,93.93839970150201
Ehxrignfr,Rpew,9128,90,Female,4,71.02007378444861
Ecwrbhnzf,Vcqbwla,15575,57,Female,1,71.74195290386132
Rpvhisuz,Ngtxeehx,13099,25,Male,5,100.0
Cisrihbdv,Pvmxns,18341,52,Female,1,78.4734005597239
Rtzb,Xhsp,2895,63,Female,5,79.80572574766725
Shlfif,Jzvxeje,13334,61,Female,5,87.39520356516555
Cveybay,Anwfcqrup,14389,30,Female,1,32.68517707601359
Pyeaesxue,Rfhmyiag,1276,42,Other,4,69.37915290958557
Owptmhazu,Svzvstrdd,14671,60,Female,3,79.04426845484943
Fkylvgbu,Hutgykwmm,11507,37,Female,4,92.91955568936885
Pplvdjwyx,Onqikt,15460,74,Male,5,88.30124338398183
Xyrufvot,Naqqs,7684,19,Male,4,79.70003456195477
Dfdu,Ebvban,13176,44,Female,3,79.18141621289818
Zjmxw,Pliabspqt,10611,36,Male,4,62.40582540414953
Czotfydpb,Oiefi,19518,35,Male,2,63.389544595860514
Wkhir,Nivube,3983,74,Female,3,84.13882596188249
Hthju,Qlngvewot,7077,89,Female,5,87.55926477524537
Rykmp,Kqtddgpwm,4559,30,Female,3,68.6329257657489
Ayvfta,Imuiohv,10075,22,Male,4,86.78191623827095
Xouee,Vjtcauhb,4675,57,Male,2,44.56649323524864
Mepfwynu,Kasblsdso,19290,92,Male,4,98.47875478954677
Hoxufhep,Yaxmg,6042,52,Female,3,73.58447834949823
Fzbua,Jincq,15619,30,Male,4,79.1544652336882
Tjcqx,Ilkycgqib,14067,81,Female,5,95.07454848472894
Szkqrirrf,Zhcp,7074,29,Male,3,100.0
Gmgpy,Aipslx,14818,77,Other,5,64.8545620329643
Ofjfg,Vayhrcta,15146,24,Female,1,80.36601423030119
Zqtxszq,Wngcq,6725,92,Female,1,72.11127640196163
Kjjhx,Sibrq,9125,18,Female,3,87.44367918954191
Lhawac,Jysjl,15858,70,Male,1,54.06202366043577
Pywt,Mymuo,12153,67,Female,3,83.68236480321102
Dbkeay,Jupufx,18149,27,Female,2,55.874796338640124
Gxmpxy,Vofjsil,5671,98,Male,2,59.29119529154891
Qsnbwdghz,Hqlurjhyq,12644,29,Male,2,89.17376340734225
Qycktcya,Nzmkjobw,16153,50,Female,1,53.009664928770256
Gzpfnjxtw,Mhlxpiruf,3834,59,Female,5,100.0
Nvnc,Tsrs,16836,51,Male,3,72.27858076172356
Jbnu,Wyjx,7672,97,Female,4,69.36518725954383
Zoeh,Fbodjsuf,10657,42,Male,5,94.54142174334778
Jmre,Pmury,1060,59,Female,2,57.46476092758351
Qzqd,Cmceitd,15715,23,,2,89.13178311437078
Wcaz,Rrfwpyjk,16139,29,Male,1,77.26293213077824
Wzreeczlk,Tksftcbt,1254,64,Male,3,68.3471142889376
Lmujdt,Gfqpxm,8167,81,Female,1,65.75925939306369
Kqizfpf,Epqybtr,10783,47,Female,5,100.0
Aeafsn,Halcwcrh,4750,98,Male,3,70.58473028436313
Cpzijag,Ppmtixz,10868,69,Other,3,85.20417672277871
Jrdf,Atwez,18865,82,Male,1,58.97495335203871
Snlav,Tirzjklie,6119,64,Female,1,72.90656466671179
Jrmsgpwh,Tltzyr,14900,41,Female,4,57.78634094770722
Fehn,Vznz,16447,72,,5,100.0
Eggigqc,Wpykpji,4032,33,Male,1,87.32400415178186
Ayea,Vpvzr,17307,62,Other,3,81.00576325903579
Qivsy,Iyec,8614,52,Female,3,78.68595909086781
Vkai,Yarnksj,18817,59,Female,3,71.58301973831551
Fgknzuu,Ejqccdqn,14281,87,Male,3,77.88582895526815
Ceqoybhln,Oquptnnr,10177,56,Female,3,56.59055864818737
Bmqzfbib,Kbmg,19866,51,,3,71.14655495031411
Ackq,Lltshdvor,4959,50,Female,3,100.0
Hfnuah,Hhek,9849,43,Male,4,78.36137774788276
Ybdcc,Tklnizcx,2328,57,Female,1,75.70832305508115
Xrfdzvgtw,Outaznjxp,1008,51,Other,1,60.599323718622
Mwkomzjfh,Fphyw,9407,69,Female,2,63.11823197943524
Tktouqbto,Igahjx,14055,33,Female,5,80.81647069356276
Mddiy,Ucse,18239,92,Male,1,63.576628400251785
Innzmuo,Xsvidref,13983,18,Female,3,84.96942093155741
Ngli,Xqrnq,15568,18,Male,4,87.2137778253149
Ooilcyp,Vdyzizunp,4343,83,Other,5,76.47584556017043
Ycfk,Vgze,9277,26,Female,1,57.19029155142095
Yfoyclqsm,Ybbagc,12594,23,Other,4,69.84219999190606
Aczayz,Nhtopcwdq,10286,62,Female,5,92.2524400950972
Eedf,Vhaqrrs,7423,43,Female,3,78.3163675778246
Skuqnpf,Ewnfubs,3793,56,Female,1,62.9146560785987
Vxnxb,Yken,2161,70,Male,3,74.65072440342064
Cynhybd,Abul,3308,65,Female,5,100.0
Oixbkp,Gyymp,9601,70,Female,1,46.79523763855164
Ngayu,Llxdosjl,11014,59,Male,4,68.1353194631522
Otaoh,Bkqd,18486,84,Female,1,78.98060746264355
Hbffg,Ueuzh,12137,66,Male,1,54.627380377243995
Xmjnxyjef,Bgjzrou,4872,54,Other,1,80.19841202600587
Lwyf,Cjdvj,18373,89,Male,3,58.45470257982444
Iuvc,Jqqful,9160,62,Female,1,68.77856941931512
Nbhmj,Rnevzaixw,6359,66,Female,1,55.182069887213046
Mxqwdcbrl,Hsgrpv,3231,49,Male,1,79.13493919430951
Xjxz,Lkafhvujy,14593,94,Male,5,75.74145088642499
Qdjwpuybu,Qrzeykjjq,10492,89,Female,4,92.33115889373698
Emmcwotzs,Cyoqfeok,10265,63,Female,5,83.43617765390006
Daqowu,Eprkmo,18033,57,Female,2,71.2057479077427
Alqyijc,Yxhgbsk,5404,48,Male,4,65.47170989384527
Ukejnli,Bejv,19684,81,Male,2,68.94526873430016
Icmwgqrvt,Tnxymdu,7890,93,Other,4,81.30673700958688
Ekrseyp,Fivo,18412,48,Other,1,72.58422660252945
Ntqxi,Vrebxldm,19512,46,Male,4,68.62325486646787
Lcrgycloi,Cgptuwex,14461,60,Female,4,63.26167161374557
Hjluz,Bbuyqtbh,18811,35,Female,5,85.60438350013885
Kcuhtuha,Vjbu,14219,84,Female,5,80.24827504537953
Uykximvg,Dktb,10129,79,Female,5,83.08589485493395
Clmpiiy,Rcdkraww,10576,37,Female,5,70.04473629415202
Aaprmqvyl,Ywpan,15495,85,Other,4,69.52246621882085
Taoesrzi,Fczjdspe,13183,58,Other,5,80.85994898856643
Ekbwb,Somkwvx,5515,51,,2,91.53057710518254
Dqufdp,Nufcqcnoh,6146,19,Other,1,70.95597591805534
Ihlizisft,Jkyk,5040,79,Male,1,77.94998974716681
Gtflpmve,Zlnmiovlg,4949,95,Female,3,73.87462189354339
Srmzwma,Kswz,13498,28,Male,4,67.36276396494306
Gdji,Odps,14147,78,Female,5,69.63520538471049
Dkxzumi,Opokusb,16333,44,Female,5,80.34860402802913
Vpellm,Rcdbgbz,5572,63,Female,2,74.548298383722
Afzgnwyf,Logeh,10796,78,Male,3,88.37040139549136
Modxjt,Wfxiepxmk,12601,44,Male,3,69.72128451574886
Bbauzpkmn,Tcldzuqg,16488,55,Female,2,59.85696269609451
Dtuktjf,Onqcnvudu,14602,70,Female,3,71.0377014028598
Irnzdawou,Xuxb,8143,80,Male,2,65.79041265154086
Wahhrapll,Kagy,16621,75,,1,53.13032911790863
Lgwhud,Ouud,17018,48,Female,3,58.74660349932663
Fralbsv,Wvjilpyyz,17435,89,Other,5,96.35154863424364
Ouzsjgel,Agas,19952,74,Male,2,73.11807168537577
Alxys,Szwz,17145,72,Male,1,71.81954706960217
Vtcs,Xssf,2973,75,Female,4,68.7204864720307
Gyolbunn,Luidlz,15548,39,Other,2,66.87317864251438
Ktxnt,Sdrowtdj,10836,57,Female,3,64.6566232755232
Lhdo,Cppvleys,5679,30,Male,3,68.87505739551517
Idlx,Ucmlh,17237,76,Male,4,86.23372917584676
Bgoekdpw,Wdjlp,2717,97,Female,4,68.99619677995429
Ucxdrka,Mtkawp,8068,31,Female,1,32.71890903274231
Vouwd,Bcjd,1837,32,Female,1,97.84000328399567
Hoxyl,Cqlawrlv,12645,45,Female,1,47.81167175486986
Aaswrzjfm,Sqjjkowbp,16451,88,Male,1,84.55009715102733
Xdzdc,Lisnq,13811,20,Male,2,52.048602203151525
Fugiamzg,Nowb,1331,86,Female,2,56.14220734946837
Gfeht,Raugne,18263,40,Male,1,95.57659519506396
Hyuisww,Kwkbzhur,3177,65,Male,1,68.48053604348686
Ohyccqnyn,Tncud,3666,79,Male,1,82.09149424001616
Nzkxv,Nsyydrm,13947,93,Other,3,59.839102825937125
Nxvgsxh,Wlky,1210,91,Male,4,82.35601095044677
Udkdffwbs,Itko,12838,86,Male,3,92.37637576756813
Mncv,Mxrtp,2349,88,,5,89.53370738412913
Qdmidj,Xwtc,4806,48,Male,5,77.30177078913644
Rlpanwug,Xvkjvpih,1122,69,Female,3,72.45518269873506
Bdjwosyy,Bwod,9858,36,Male,4,64.38927278985375
Sjtckrbv,Hnfruy,10585,22,Male,3,79.25418609683477
Xzozw,Elsvz,8428,32,Male,4,77.53636816546336
Slwyfl,Mcpuxsp,5609,23,Female,4,56.56496875000088
Jlpmmnfsj,Qfjepzh,10434,22,Female,2,69.36909089588252
Viia,Edrydmyt,7265,83,Male,5,72.04687706808653
Muuz,Mxekgmytc,4455,67,Female,1,73.0442238729305
Vspxwmr,Gelts,15221,35,Male,3,69.28954859955275
Ncajg,Megziann,16102,93,Male,3,89.24112684229677
Dtgbbfb,Shwnu,19977,41,Male,2,65.86103387130109
Dwfsb,Cmxcywjq,13587,61,Male,1,69.25663763646419
Ncplbjj,Yvlq,6513,35,Other,1,85.1655488029167
Zqzjave,Etnhtv,11836,48,Female,2,58.26842171472458
Dyzmcae,Axdfmugp,19354,54,Female,4,57.09013707934536
Kdlj,Drnmkap,15262,77,Female,5,93.34693022626462
Bdkqubdne,Qoqjqok,5850,21,Male,2,80.84070241407727
Yzzf,Hykjupxqm,15656,87,Female,3,73.12020419754185
Advina,Ibzw,5833,79,Female,5,100.0
Fvinca,Uqiezlj,18175,56,Male,3,64.63194849103989
Mhqpt,Vilvxg,11357,38,Female,2,58.905933176589606
Rayalkg,Ggfwu,5234,91,Female,1,50.30067222378308
Btufrw,Qzdnjhkik,7844,65,Other,3,83.84329511238772
Mjrdic,Hgjdu,7121,58,Male,1,77.07062205704104
Gaeema,Semq,15553,95,Male,4,86.85272287828636
Dwhwxrw,Hmyjbz,12441,95,Female,5,86.60062256749566
Lcvm,Atug,13742,29,Female,4,65.29933075940141
Cmvz,Zprj,15001,18,Male,3,53.9166025689957
Jdanf,Gxux,17120,93,Male,4,72.99558228792097
Dktmjq,Zxyv,13764,83,Other,5,97.79905235916368
Mpgrgf,Eyni,8214,96,Male,4,69.7420963462316
Carykaei,Vfoivmxi,7428,24,Female,3,92.98249523779482
Nhiqwk,Bhjtbpe,15394,31,Female,5,66.11636945934674
Qvxbcqly,Kgtnudtme,7693,37,Female,2,87.74834296362891
Fwwtc,Samwhawt,2631,95,Male,3,68.90367959462895
Mmuoblooy,Vhcxa,13725,66,Female,4,74.85539246253327
Gcjvkrg,Tdbbqr,2090,98,Male,4,56.68052871666059
Glqno,Atnvbzstb,8668,38,Male,2,62.680635393073764
Zhzqgip,Sturgrh,19656,70,Other,3,72.5815594298101
Kjkikk,Mluzgaz,7119,50,Female,2,59.97401433289974
Deerr,Bnrgnk,12914,78,Other,2,72.29610231371976
Zpwibpjlq,Dmvxh,2867,47,Male,3,87.58011004733613
Qqcibqoi,Hpjteryrb,6681,93,Female,2,66.88474769486486
Ownam,Jser,8637,24,Female,2,49.395910338499235
Yayz,Ecmbjn,10749,72,Male,2,88.25208076711668
Taklxes,Rhctpwkt,3838,53,Other,4,71.94066094022133
Gzstu,Mnrmo,17781,93,Male,3,74.80328804397487
Jhcar,Vteuh,10320,85,Female,2,64.94087893236629
Yoohjhnb,Bkyhupmhu,12569,41,Other,4,79.73653316136617
Chcyhwd,Eeepytm,14481,97,,3,65.69085574829357
Aevlpjgfb,Dlszta,16017,25,Male,2,50.91450245285891
Wfqmoyit,Avccmusqr,2767,95,Male,5,82.14241177389002
Xlovczvql,Ijtlbzol,17912,51,Female,1,53.083446078710146
Zwsgbeht,Stdai,18930,80,Female,1,56.44308329282285
Hqvcyzm,Yumfxb,15110,23,Male,5,84.29046956965125
Mnqgparte,Oojhlb,15896,24,Male,5,97.8730091849354
Waxneddtc,Wbvycoy,17062,91,Female,1,60.74798804561944
Mdibp,Eypmfdm,9347,66,,3,100.0
Iyuwk,Sllxegesi,16586,82,Male,2,85.3214459075021
Mdwmzvij,Bekslqc,8058,53,Male,4,88.96447759242844
Xgui,Oqcci,12049,39,Other,5,73.39273762007748
Vvgmhdyk,Cjogtuuz,9712,33,Male,1,82.22562697121768
Zrryroj,Qvbw,2383,73,Female,4,64.67589945575077
Meijdbgu,Rfcj,2435,68,Male,2,52.05660215119998
Zmzfahggh,Iyrpts,2722,74,Male,3,82.48488296729629
Rlrfzs,Halt,6336,81,Female,1,49.14108444844968
Jmrea,Xqfvcafnm,12462,54,Male,5,67.9930575085318
Zwmvpfu,Rvvit,1126,50,Male,3,59.47738516334386
Frssrbkrj,Kspmgw,19646,45,Female,2,76.66085013001569
Eizsfh,Zoessh,1233,30,Male,2,86.44467542966242
Rphqr,Hrsepd,5600,34,Female,2,63.37112502997171
Gxxc,Ikdnc,3086,82,Male,1,70.27976958281748
Ecnrzgktn,Otqkge,15016,18,Female,2,65.08323306093757
Vpwdphie,Zenszg,8279,63,Male,3,71.20197840475072
Mojex,Rixlsq,13992,26,Other,5,89.194914546876
Sohueiq,Swce,8240,83,Male,4,89.13939051657516
Xlivpaajy,Lwjwq,15866,98,Male,2,56.173708556957266
Xycuwah,Btrf,7319,55,Female,4,67.76055840007393
Vutz,Tcawb,12124,59,Male,2,79.42195910953066
Ytxknmwdz,Jahjngs,4353,51,Male,1,56.452285880307
Vcgyr,Spllat,3805,41,Female,2,53.939788627247474
Jjzfophwe,Qparwkjrt,11453,61,Male,3,66.92167163882607
Yhjjuxh,Betmtj,11581,57,Male,2,82.48088758930913
Lgnchzdm,Nfoxrwx,18560,31,Other,2,49.531206836949536
Xfxa,Mrfzstqek,15933,76,Female,4,59.9156258410697
Krqisup,Fmha,11654,49,Male,1,78.7554515566591
Ktfnzdedd,Qeygkxm,9372,34,Male,5,92.78120072579762
Uiirrf,Simjefxzf,1944,82,Male,4,71.34701218448023
Qzuwdsdqv,Shwmfp,18104,38,Male,2,55.822077777406314
Apclsyy,Pywsinhav,2453,37,Other,4,79.767358356286
Nixb,Mpqsy,7230,94,Male,3,90.03839050847334
Pggmssr,Dshbwbza,13081,25,Female,4,81.41176485544062
Zfovcbg,Sukir,3625,51,Female,4,81.53814142478184
Jfrett,Hdgyvyfy,7867,94,Female,2,82.22849713109578
Vetzt,Eylany,18187,71,Male,2,73.68183734328524
Etpc,Vhrmez,12329,50,Female,4,83.4126662800422
Zmuzf,Zpntyb,7153,73,Male,4,87.28103121494316
Uujrtry,Awdqjetr,7606,97,Female,5,79.72084930386052
Lclylbwzr,Okbevynlz,9233,91,Female,1,42.427480048692395
Buzuh,Rrbfjpgw,10873,79,Male,5,64.3962355923064
Mrhm,Ntilskrpo,11231,71,Female,4,81.85334101975678
Jsmshr,Epcn,17937,82,Other,1,69.42846507267541
Ogxgcrnyt,Txfdjjiqe,13604,21,Female,5,86.96216147878756
Ijhz,Zucvsmz,9344,44,Male,3,97.69513417845712
Tbztvu,Xsedhvcs,16796,47,Female,5,72.7075403939713
Dcwazyo,Dkfooh,12270,26,,2,80.29449418737273
Ietw,Wgejkmr,8863,23,Female,1,50.657816462650814
Usuf,Xgrldihk,2458,78,Male,1,77.98409421419916
Tbznwk,Dcgpvkilj,11020,40,Male,4,79.1108573080353
Gvahx,Vlqpgmxsf,19087,45,Female,4,85.64372960896819
Kjbadzimd,Wufehrf,3370,69,Male,5,79.8272604150195
Rbigbl,Ucpea,1301,42,Male,3,54.9428025002441
Qnnoqdyng,Umdkgsz,16103,21,Female,1,57.45674614905861
Ybiosj,Mbhtajx,17230,36,Female,5,100.0
Hymjqbr,Wwvhr,15358,69,Female,2,67.42789449797169
Sypoh,Gidb,2555,74,Female,3,87.97137449475156
Ripbhuiiu,Mfmtj,14504,31,Male,5,90.45509384774027
Xjca,Msfmepxpt,19958,91,Female,5,76.9064003252747
Kivxzndf,Hwfai,16090,81,Male,3,75.29386288384232
Madlaiu,Iihiislxy,15421,50,Male,2,76.76097532491706
Dajg,Rnutswt,4870,69,Male,5,86.97703509886713
Dpagmvs,Atiymuefy,19161,86,Female,2,53.34971109569805
Brpijunqj,Bopp,3669,52,Female,1,67.61401148538155
Ehfh,Zeiwsjxe,8901,19,Male,1,64.15818669853974
Dbjbiqgo,Uaveuwc,4235,57,Female,4,100.0
Mgakumwun,Cpzrvnc,6039,95,Male,2,72.60037215910882
Ajedj,Etttm,14566,81,Female,3,82.14437838952169
Tnxh,Rwwrj,7994,22,Male,2,65.87138630373275
Mcennxh,Zxlua,15438,91,Male,1,60.77276780022554
Zwjhplj,Uoushx,3527,77,Male,5,100.0
Lqlbz,Anhjco,14989,60,Female,3,59.65584990748566
Zybm,Glfwrhyz,13926,63,,5,77.61552025286143
Riacgufw,Bvxtyvw,2289,53,Male,1,74.07371216866996
Kqwjulhby,Rpxnwbaqz,6910,54,Male,4,73.93586858187143
Mfyvfqlxi,Mtjbrrzc,9183,50,Male,2,68.89801663480364
Pqhiglqaj,Eqtau,17056,57,Female,2,77.07368747910581
Pumverdu,Krpwjdxno,8210,29,Male,2,71.82897214080535
Zqeon,Jjhr,5197,69,,5,65.33961839037742
Rpbzp,Ptcyk,10142,21,,2,64.18730067480145
Wrdtow,Obhel,12537,46,Male,2,66.95468041127106
Unmpbetf,Eowo,11472,97,Female,2,86.60982606410204
Arrrhisf,Ukjhf,15248,59,Male,3,66.06080711442004
Daxdzu,Pilob,4515,41,Female,1,65.50525853694326
Bomgegryb,Wpbaquu,10355,75,Male,2,84.78857856093833
Cokr,Aurrohm,18729,52,,5,76.32280382658988
Fzvi,Bogseag,7592,36,Female,2,43.999670149369884
Bfav,Gkfrq,10720,83,Female,3,75.08449713317607
Ltgo,Ejhyvps,15476,55,Male,4,75.74397123403526
Qvusyfdkk,Zzejtfqvq,17843,83,Male,3,67.64493036561973
Haaoc,Gkjelyl,16141,72,Male,4,86.20246671096129
Fddnsrcct,Mtmrbzlxx,18569,65,Female,5,85.1937894056988
Elvdrc,Ooulh,9552,30,,5,69.10077310045502
Ijodmrk,Esng,9930,91,Female,4,83.40027124095616
Arlic,Ufxmc,8595,29,Female,1,67.47705393624676
Wejk,Xyzwkgtcx,1542,92,Female,3,82.66361152431527
Rhndrdn,Emvx,4890,89,Male,2,66.64187181149026
Tsmxo,Kmeziwqu,4240,21,Female,4,99.48212851376121
Nnntbd,Khhor,6654,74,Female,1,42.054503394244236
Itkguxlv,Htgtefq,14587,47,Male,1,52.11930698647353
Hnsspobnt,Nhzfyzq,9151,57,Male,5,94.29491722763922
Svhqn,Snsgg,8145,78,Male,4,76.83859700728385
Lmgrajw,Wqtbckkot,10324,78,Other,3,76.89757976230014
Xgwxbxxtz,Ctylg,1211,86,Female,4,76.72800354774375
Hlzx,Pljme,18548,48,Male,2,72.8746219341013
Wiale,Dxarqkoai,17884,65,Male,5,85.45853138829271
Nigkzjj,Ihwfc,15033,68,Female,3,63.212326938946845
Ehqsooxo,Ppscm,2630,34,Female,1,68.15625834520196
Dqdkavjo,Atjdtgti,4990,43,Male,1,78.62437983546772
Sbtmu,Yqyl,13605,43,Female,3,64.14983116235157
Zktjro,Tjjpep,9928,62,Female,5,89.59594776818807
Nbwuykd,Gafsosqko,4874,98,Male,1,64.22115247064082
Anrha,Cktvporar,12760,94,Female,1,48.73393560830287
Uljx,Dpqtnuew,8522,42,Other,4,89.24202801265047
Jbjpii,Lkxfo,18912,54,Male,1,54.66689228211985
Erbvq,Psar,10246,76,Female,2,79.66317441982446
Ixelmpnz,Jznka,8260,18,Other,2,59.461704398424544
Qslocbjbi,Hlkjnmbog,19806,28,Male,2,61.22610725181078
Zdwzymu,Vfuqo,3122,91,Male,4,45.15287419311749
Vymuxkys,Phcdb,17978,38,Male,2,71.1374604107545
Bfmvryiy,Caeobr,11076,94,Female,1,70.89890679638447
Qavdzvur,Obcn,11725,23,Male,4,88.04931032146348
Lszdv,Tofxyyd,8654,90,Male,3,70.38836095888765
Lctbjxjte,Jnhigpy,13228,96,Female,5,84.57049371168617
Blni,Pawfjwbtr,16737,75,Female,1,57.89105717682777
Obpooxl,Giycjzavf,10398,92,Male,4,91.81103461338971
Ceojbydrb,Tktgfa,6615,39,Male,2,53.16471509566601
Cbpq,Ifpshtx,5498,62,Female,4,95.10645618111933
Zgfkgj,Ktqnamhse,1507,93,Male,2,94.03046850476557
Irxwdpgou,Ausw,17542,51,Female,2,66.26018247962485
Wkhqtcthm,Csppjvs,11744,53,Female,3,51.46746006003914
Ttppxti,Vumgrre,13025,28,Female,4,88.01909696625401
Ggcktegfv,Agnjzko,1828,96,Male,2,49.93946570466405
Bymvmo,Fsthzpf,5254,66,Male,4,73.92775051813074
Uejrpz,Arwxt,13962,90,Female,2,66.0668971822173
Mgctktje,Rulafaop,6087,50,Other,4,97.16673668509961
Lhfnc,Imyxd,6792,41,Male,3,61.85843421266114
Amtk,Rpzkvs,17727,72,Female,5,87.96492314201458
Xjtrtw,Nennccwk,3505,86,Male,3,74.45211187509014
Unsqsbpa,Guzelnx,5442,60,Male,3,71.39590979980115
Gtpdg,Cnxoqc,7766,72,Male,3,81.80559191100048
Vtknjeqpo,Ezeqdgmj,17277,69,Male,2,70.79690894020021
Ianro,Llankoj,19114,29,Male,5,100.0
Zammjkun,Lyuhpo,8710,27,Female,5,87.3158813763407
Sysrfxfu,Nnxkierxt,5329,59,Female,2,66.00391897192988
Wvtyzpxn,Ehxwenui,8657,45,Female,2,70.57511312177877
Aviwgz,Tifpxh,13602,95,Female,4,87.4166310443821
Xpozbqqpc,Apwqa,12582,84,Male,5,97.63185634107955
Fiqgthf,Uwxxlfejg,5343,57,Male,5,59.42649183091905
Txuo,Qytfetwmr,17333,58,Female,5,86.2331550325646
Crpk,Fpcpke,4539,72,Male,4,90.54202251672025
Itkgop,Neln,1852,73,Male,1,65.72972888152641
Xjmdq,Pgioyp,18250,78,Female,1,70.86550034200901
Zymxpvwyd,Qwbdb,12751,38,Female,4,88.03355579958067
Gapmj,Mtlzwkkj,17030,22,Male,1,69.15251141503093
Rjdqtslrr,Bnvu,15929,55,Other,5,79.57337662567984
Hioou,Ssartukeh,11115,26,Male,3,57.236096684738335
Pdmihb,Yykkorlrt,1414,94,Male,1,65.57083949720743
Zygjyl,Fxvmstcv,8211,26,Female,2,57.077477664277474
Dlrp,Ouhsz,6342,33,Female,5,88.51524713991023
Rspsn,Neqz,17210,39,Male,3,78.06742419128786
Eszkklzjh,Bqbgb,16758,33,Other,1,59.89736121683933
Uahxurkgy,Rpwcnfcr,18892,60,Female,1,42.30116853744768
Qefymwqa,Rffdxea,11287,46,Female,2,67.47896532522182
Xbpmzafm,Bbhmx,3581,95,Female,4,78.985950908561
Rulb,Bucmmyy,9492,93,Male,3,65.49872155558064
Amsy,Errvy,5503,47,Female,3,69.38667785421306
Pluqnzjx,Lhlyguq,14167,35,Female,4,74.93322284280734
Htgbliep,Fmpp,19953,35,Female,4,95.36966566457292
Tbkyzvhud,Igscki,11368,78,Male,4,76.37844328599779
Leahkvtb,Qqukhgv,10559,53,Female,3,72.84016858644497
Xaounf,Pwqvwcy,13585,64,Female,3,49.35468006846113
Cmcsbxor,Wqhbj,2939,27,Female,2,50.31948207714633
Mhxdp,Poyi,7837,18,Male,4,86.46167520548309
Hzxlz,Rwkrlakz,2254,33,Female,5,67.0778061643293
Iotjqj,Fhsvi,11327,22,Female,5,100.0
Nvffnjvcp,Vnedklbi,9179,88,Female,3,80.19478440999477
Eigb,Aibvc,12244,44,Female,5,80.09007640109328
Whukxmnwi,Mfujqnto,15457,60,Female,3,90.52415312167892
Qdwyfuki,Bnbgmz,8402,90,Male,3,65.4651933757681
Zzzfabcj,Ewxfwd,9523,23,Female,3,89.2458079778767
Hxlufcceo,Sxaq,12277,64,Male,3,93.44742071177592
Avkyfri,Tidogmnm,6319,46,Female,5,74.70406740858773
Nnuq,Hbvjpzn,10991,65,Male,4,70.97120341551202
Xbgoylyxv,Pldrvmut,1556,44,Female,5,68.4780937787981
Mibwkqkf,Hqmsrmq,12677,90,Other,3,68.79538056789721
Ltegmovdy,Kapykyrx,18678,37,Other,5,91.31963378884782
Yliwhi,Qplno,2906,74,Male,3,81.60053768850526
Dueuer,Prrlm,5955,82,Male,5,88.22407885779492
Vnwwzp,Rekk,12580,48,Female,3,88.60686319422813
Lsvajrr,Shtuxt,1720,65,Female,4,81.80696168160509
Biddcdtay,Yzqaz,17092,18,Male,1,77.36196861690973
Jnnekyq,Slpi,3009,49,,4,73.27010692238781
Qydamir,Okjk,1804,54,Male,4,86.13924030262815
Aogpvsdvt,Gwqpcsra,8912,62,Male,1,62.6735654033461
Lwaeye,Ekjjakog,2473,80,Other,4,77.21794440145399
Ccidk,Xkzukhpwl,19814,76,Female,4,71.89025452186355
Decmzybp,Aphue,8398,37,Female,5,92.37639926834692
Mdyd,Gfjifszxj,11704,88,Male,4,89.42179554279585
Pelij,Komhn,3180,44,Male,5,68.33605528057507
Jznep,Uxjagxq,3044,27,Female,2,66.25009804215925
Vuvyx,Mheg,12302,66,Female,5,82.66587021592636
Gbbn,Qcvzfugw,14849,91,Male,1,81.2004835246642
Ufkbf,Xocgs,5451,87,Other,3,81.42705374760655
Vdxrk,Dtylckn,8095,43,Female,4,72.26439927090748
Xqggvdlqg,Upwcoknw,15711,45,Female,5,80.97552073174137
Hofeidhx,Twifa,15261,56,Female,4,81.49579393680938
Ydlriv,Ngtaqkuq,5654,34,Male,3,92.38017321827175
Eerbini,Ptmelvbx,19990,75,Male,4,43.42866293116089
Swdmaaf,Leuu,11222,82,Male,1,86.76666002211589
Hfpn,Mtnzc,6797,26,Male,3,53.41350676964373
Klab,Mzlhjbaz,11774,87,Other,5,100.0
Aoycyq,Xtaj,14390,71,Male,4,77.95847243091816
Wwodud,Hqigba,13539,28,Male,3,94.14230083400878
Qtgkwn,Louabph,1315,51,Female,5,79.04492886885527
Wfzqbuhck,Odcyvypw,14411,96,Male,5,91.1663801623726
Wabrqrvaw,Mifojiid,9642,43,Female,5,82.96753073195084
Afnwp,Oapwdkjlu,18488,27,Male,2,73.58772073267863
Wqjb,Cdovu,18410,47,Other,5,96.40926263991882
Faqrflwey,Lrsoo,16160,20,Male,1,66.6791967298423
Vlvyz,Zwvykzxb,2374,82,Female,2,67.15866505790964
Syfgx,Uwkkmdaz,5017,88,Female,5,77.98161191652817
Mcuwatdwt,Bqdh,14399,24,Female,3,75.49040881314355
Bxndm,Xiddhpmjr,13789,19,Male,4,93.84044607148445
Tzrrqpw,Rxepx,6613,63,Female,1,63.769019896868784
Pziki,Gnzj,1101,89,Female,1,42.472613330508025
Yumpt,Bomuvj,17402,60,Female,4,89.04557885089177
Eyjod,Seqxpik,5529,23,Male,2,57.76149535323935
Jqhnb,Okkmrvosi,17840,18,Male,5,85.6800730802363
Ibpv,Bywcjebzt,5855,40,Male,3,65.16723853438151
Ntmjjqd,Voxwyay,3609,43,Male,5,92.80205997700268
Fbdfraomd,Cfaff,11815,90,Female,3,67.01052567994401
Nekfjzz,Vdta,8778,48,Other,4,71.22711004296255
Dmzmrjsku,Ptatdofdv,6776,27,Female,1,60.097458106595774
Mrjf,Frnqe,9086,61,Female,5,73.6160489622159
Bydthu,Uuiqrmss,18992,81,Female,4,79.02649407773936
Wlsxcwzsk,Nthbwzk,6532,44,Male,2,66.48209605743124
Nqjuxbw,Eavbld,6515,45,Female,4,76.67371234682332
Gqrfphe,Idxzlchp,3571,62,Female,4,94.61196143962297
Byceklr,Tydk,14997,91,Female,2,60.8656617871476
Adcc,Etcgpmpa,4396,91,Other,2,76.41039989363976
Rmuhjxgwt,Uzhjy,15991,52,Female,5,87.64768676991302
Onau,Jkuh,5917,18,Female,3,71.07524849994286
Aessdzpy,Jrqdnec,2312,62,Female,5,100.0
Xbvkui,Wajru,9273,70,Female,3,64.19972103779646
Pnypt,Zgxucgk,12149,92,Male,5,63.02381069133148
Dlgdknrjo,Kylsnvnw,13337,41,,1,78.31581063360568
Sdfx,Jhrrgg,1893,71,Female,1,63.24863998437341
Ottzfx,Fosb,2190,58,Female,1,57.10121555825938
Oqbxygdw,Xnuwvif,17264,42,Female,4,84.66469584068355
Oaljd,Uqphtio,3936,46,Other,2,47.442754070737124
Muzn,Vjil,12742,57,Male,3,61.528668048653586
Twrgpbn,Xuok,10592,70,,2,92.3403356558092
Azwooey,Oipolyh,5941,23,Female,4,53.68648299575131
Kdeuuflnm,Pkaifolqp,16011,86,Male,1,65.36197721220555
Fzkd,Tgkvxcrf,8738,56,Male,1,65.5685862282572
Blqhru,Gwfdosm,17627,66,Male,5,93.34629583544863
Qhsvwedr,Sgimtmdgw,12659,45,Male,3,67.95179672602237
Jjcg,Esrpibxs,6317,32,Male,5,99.8209934548101
Qrixoyex,Sgzza,14261,34,Other,1,56.11983018964331
Giyrj,Ivaqdx,12063,88,Female,5,100.0
Beajo,Lfugu,9842,51,Female,1,75.76954582342694
Cfhssyp,Jfvfxjoj,17132,49,Female,1,54.93939322159415
Gqsdrffcb,Awpko,13864,59,Female,2,68.07533557745371
Vkck,Ghblyb,1484,54,Male,5,89.9219431992154
Balzlw,Logmpik,11183,61,,5,100.0
Riifabj,Oqvnbpww,18378,71,Male,5,76.84327276275755
Orreantz,Ffayudg,10444,59,Male,1,61.83723121695552
Hgndebmti,Xdfl,16365,77,Male,3,70.73249014584613
Bxwzy,Eqnugcmwt,2144,71,Male,4,70.91062902537772
Kiumnmy,Rzvycz,18425,68,Male,4,78.75835604157875
Qzfxpw,Qfdbysjc,9599,55,Female,2,73.45224659029563
Lggrl,Ovutchl,2255,26,Female,1,52.48629672390802
Meipftpt,Xjvgl,15939,90,,4,73.13292019587632
Uymntb,Wqzbatmq,13945,51,Other,1,78.30028253836646
Qtepfwgk,Qqvopw,4932,84,Male,4,86.52137617997857
Wttvj,Gmdwfmwk,14231,55,Female,3,88.94766647072504
Kjnjbv,Knjeda,12357,88,Female,4,77.696529337299
Acveiar,Vkscottwt,17253,71,Female,3,58.226955005730375
Xarhhw,Vtziv,2676,92,Female,4,84.75772657056906
Qkwczsjsu,Ajwji,1677,61,,3,70.2280095412431
Mpvkg,Awrqcnr,9947,78,Male,2,82.25668996639209
Lsfvwwlri,Ahqnuwjlo,2123,26,Male,5,77.7023860358425
Vtcpq,Obaqxzi,9320,37,Female,2,67.6182954244166
Jzta,Aicxhdtr,10495,45,Female,5,94.26386125437858
Rpvgmrew,Hlkjx,7786,50,Female,4,99.3402279535709
Rqprapch,Isiokeqw,18343,55,Female,2,63.222488555847676
Cnsdbwudt,Dwdzzuv,17916,45,Female,5,60.13774176382887
Lsfopmgk,Khyhn,12150,43,Other,3,89.74350434484288
Ualgo,Dnypjcxa,13650,42,Female,5,66.89063269451077
Fyyn,Yblanthv,9212,26,Female,1,51.57646130343085
Yujpcf,Pwrtejooz,7847,78,Male,4,76.64236027404945
Yknk,Tyazua,4800,73,Female,2,70.89988621127853
Mewbeegkk,Rkvpxsos,11795,61,Female,2,74.61397242192719
Cmvgmkc,Zmzkems,8951,68,Female,1,64.47355279998905
Xykrlwi,Fibwacsuj,18458,92,Other,2,66.60725633943865
Ecreihcvc,Uzkp,12578,45,Female,1,80.28167171927075
Lumco,Wpcw,6326,60,Male,5,99.79921152918175
Tkmoh,Oybzor,6015,86,Other,4,86.74524582970984
Vwod,Nbelp,11835,90,,5,83.77611773001107
Rvefir,Beerltsjs,1297,78,Male,3,69.5728102171118
Qhutcads,Owruviymz,2679,63,Male,5,66.59319909855014
Pzrcwjk,Gafxzwrw,6117,52,Male,1,56.24504979152202
Rnhvjpzsw,Oxyuihbaf,12291,53,Other,5,70.16854143416873
Hoertjuc,Esilwgnh,12901,77,Male,4,73.5412186001403
Wapsvfmkf,Sxsahchy,10541,75,Male,5,100.0
Uqhutchls,Okgonimw,19691,90,Other,2,70.68981973629624
Aoweq,Empcmeom,11584,77,Male,2,76.91060203664921
Yzbocr,Lpsgsviry,17215,43,Male,2,93.7941566307423
Ariubfl,Eoofbz,14227,70,Male,2,76.65286611838553
Pujyim,Otrahppsr,15123,21,Female,1,67.26428608885325
Sdocn,Finotjt,6571,97,Female,3,100.0
Wipyv,Cxcrreonr,1033,92,Male,3,70.92877607718813
Rzhu,Gejc,5612,58,Male,4,72.50536352597474
Osqphbqm,Xssqi,2428,40,Male,5,79.93871185578217
Bsorr,Qjbspyb,15479,58,Female,5,83.5283458047627
Vfxyjpwhl,Msrj,5123,25,Male,4,66.63801128495945
Nxpv,Qijcrigb,12185,51,Other,5,89.08477877876767
Wiajip,Sgkqoge,1305,76,Female,2,67.34815998052912
Kvlztpjyr,Xdotj,16742,19,Female,1,64.74063138879936
Utoegf,Rzllnwqc,9441,19,Male,1,74.63683456742756
Efnqfsrrb,Lhpnumy,7149,93,Female,2,62.89601809200087
Xkszqv,Shrx,3301,65,Female,5,83.97228082389606
Mvposlegn,Bhpjgln,14889,69,Male,4,100.0
Gdmfy,Kbiae,10132,58,Male,3,78.15117907583462
Szdmppdl,Tjfemcncw,6696,68,Other,4,93.38776198208983
Sadte,Payrveci,18351,66,Female,5,87.42400831374238
Ofaaoev,Uneyh,6565,22,Male,1,80.30554603200684
Usphoxf,Znfumnk,3073,67,Male,4,69.3232979150028
Qzdbqzfs,Rzpjns,6157,37,Male,1,76.60388448226186
Eqdqf,Pxuhqdt,4606,40,Male,4,73.40772872118872
Ijrkgpxm,Oqmhadql,17512,28,Female,1,82.0798641427155
Dhdlfmlj,Geog,18806,91,Female,5,100.0
Epaqwbn,Dcwd,19073,48,Female,3,80.48262862972632
Hrfjgdr,Zoetrdl,15242,35,Male,2,68.8839511431563
Pwkzi,Dqsw,9708,37,Other,2,54.60047172801892
Nppuledcm,Jnpmq,11203,37,Female,3,78.16850557180848
Bwdx,Qmnkmyau,10337,65,Female,5,92.71205953126267
Jscoyykt,Fwghj,1446,42,,3,94.95901043944093
Ddbmopifp,Ptvyz,15047,87,Female,2,52.02317592574913
Vwngdzp,Evywh,10189,28,Male,4,73.11094276931752
Dnuzm,Szthli,9460,65,Female,4,93.86776784344231
Xbdjpap,Ineb,18624,63,Male,5,100.0
Ypscjz,Yedfx,18277,62,Male,1,39.06008018850923
Amvciu,Pfkhxc,11417,28,Male,2,50.47731839875486
Azdav,Fibrmte,12215,22,Female,5,78.88575308177904
Kdobzmk,Xgaoons,7225,49,Male,5,83.17958777268537
Qwnky,Xrmefly,15145,27,Male,3,75.83649571197705
Pdxaej,Jbkdh,5643,58,Female,2,77.46232528129806
Bdjflbf,Dtcttwwq,1194,40,Female,5,63.48140481416434
Jflnzbsx,Bfogu,17755,32,Male,2,51.371676112744055
Frgkhxl,Aqmnwfuh,6089,98,Male,4,77.16220093453911
Wizwabj,Npoq,19230,86,Female,5,82.4599958282543
Qyhmvr,Qevjw,12827,72,Male,3,63.00146039086631
Mbyfo,Mulamaw,16208,21,Male,1,31.78429574286031
Ubrhevij,Vxyrc,2191,44,,3,89.14749650784006
Ukhxi,Cncgkzlbg,14488,77,Female,3,90.04882771093723
Vwxwp,Uynvb,8481,19,Male,1,68.04829712066447
Kbdgv,Eykjgqby,1514,49,,1,59.80993388958908
Jnwdjmmo,Wvdn,19420,96,Female,1,60.506902509362114
Cmjqbl,Idhshtw,18337,48,Other,1,71.78385740515812
Wwev,Mgvui,6194,46,Male,5,82.01503955981256
Xccapu,Ejlctfv,7373,60,Female,1,76.94136721317044
Lzpyd,Oqzyqj,12615,87,Female,4,75.5146326769044
Nudp,Rbtphbxbr,17285,81,Female,4,97.74030786003155
Taqnug,Ezgcbeug,1627,86,Male,3,69.01319874439392
Sshx,Fseyz,9165,89,Male,1,66.61553045071378
Czogknqs,Xdxgc,8932,41,Other,4,85.53009523288577
Yfnqbxe,Tpaudemy,9993,28,Female,3,90.4657125272156
Qwbt,Eoeqytkrf,7066,56,Female,1,59.40260624929614
Qgqetmlfu,Ksjcq,14761,50,Female,4,91.19328050958309
Ylnrffx,Gdaqrzvjd,19391,29,Male,3,83.21075246760289
Znuepz,Ewqwjdcaa,15685,42,Male,5,90.44388522309673
Ichknmd,Famgkeyku,8757,83,Female,5,93.58743551042943
Aegqkwu,Tnho,15734,57,Male,1,54.341638096359816
Rjcbg,Xprxouiq,17675,19,Male,3,100.0
Mauw,Uihtdugsz,4290,72,Female,1,69.38298645000891
Qvcy,Xsrtyjgb,7169,83,Male,5,92.30485574310761
Cfqygn,Nmoccifse,6389,77,Female,1,33.200883637548166
Fstcy,Ejxjog,15434,43,Female,4,85.53909685155963
Ablts,Mlcg,3137,74,Male,1,71.47760072968399
Bijmnb,Ghun,14983,49,Male,2,77.29289318735601
Zomablhyx,Jyora,13934,21,Female,2,71.69126093622752
Wmcz,Xmvzda,9908,84,Female,1,57.652210238829326
Qbutto,Sfnaz,9280,43,Female,5,68.60424202405305
Pqapowsdl,Bgqoblmtr,15326,66,Male,5,75.05327579168551
Bpdum,Ctthvy,12670,68,,2,90.58458396418776
Pjkpufvg,Bnonpqqqj,11740,31,Other,3,67.91078568630681
Gmjugew,Fzrhzbk,3969,82,Male,1,76.30577343946412
Uqamp,Bxpbv,11060,45,Male,2,83.35538166852473
Gerxstq,Baiix,19457,90,Male,4,62.73844405914989
Vxupclehr,Eolclk,17138,55,Male,1,71.40640157686735
Aexhopc,Gcwoeszdd,1359,50,Female,5,76.31660068864214
Dvinppsmt,Oalukejql,9210,32,Male,4,75.6867087840984
Kkvo,Yuwrzxuz,7644,50,Male,2,73.98113785332046
Edij,Xmudlprc,14038,33,Male,3,74.7813722394761
Dzrf,Ahkkgpgnm,13668,66,Male,3,63.45356147860618
Wlnfy,Izawl,15274,89,Female,4,95.41835393877957
Nxcllvnlc,Zdia,13755,52,Male,3,75.88633347599047
Hpapk,Kgtvvbf,2258,60,Female,2,92.06443409457627
Mqxho,Eupba,16247,97,Male,3,86.61429173336585
Adfocqtx,Kobhfjwpo,19381,98,Male,1,58.924817389746515
Xmfih,Sljhckg,5155,69,Male,2,53.12775225328747
Mzdars,Dtwohwmzp,10120,52,Male,1,73.6246032074866
Qjcdkjci,Xunmynsub,11751,77,Female,1,64.9978957031694
Qseuknno,Sqfwqqye,1796,45,Female,2,54.71125232477385
Avlpqi,Zuezz,14044,19,,2,74.75320271828097
Miqcf,Phmpc,16523,34,Female,2,64.67082523317012
Nizkpxy,Flwfvbgyc,18094,19,Female,1,67.65892311341572
Uxphutzj,Menxkt,5434,45,Male,3,88.74716263037286
Oxwcxenz,Ctmp,2362,71,Male,4,61.65354562777175
Rswesxtna,Tlbincjp,3670,24,Female,5,83.6014823313248
Cyoua,Ljkyqbrhv,12384,69,Male,5,87.2347447694984
Loon,Qdpjbj,12829,38,Male,3,80.54592292859854
Einvzrrx,Glehdpqn,1147,65,Female,4,64.9521551929906
Jtin,Vxktaaj,3273,35,Male,3,51.88027927399713
Kupih,Efuymes,7251,54,Female,5,80.76062924272995
Ebkzvccp,Ocqwkzkxs,4631,95,Male,5,69.84531316137826
Eecvcsmfv,Rxtcmk,18715,21,Male,3,82.94066181655788
Tvqdjgl,Maey,16437,62,Male,4,74.56715931573598
Pzasfg,Ouuiavf,2412,76,Female,5,82.02833558050423
Fkxhxyr,Kmod,11306,97,Male,3,70.9864099263935
Ysxv,Iahhiyq,1831,96,Other,2,44.01286675055522
Lyzgop,Wahosn,11315,18,Female,5,84.67288748298458
Xfbvnu,Topgyatlg,13866,42,Female,5,100.0
Cclcwbt,Teyhkjq,5104,20,Male,5,74.34866929989883
Wxydb,Tcwojzzd,10013,77,Other,5,78.11112433672133
Tmhf,Dnthrs,14317,87,Female,4,97.53162195906638
Getfphpc,Exesok,5657,19,Female,4,89.78830230846371
Yvxpltzql,Vegpmktev,5832,18,Female,5,76.91244452244379
Yvrwyb,Aybzfg,14244,39,Female,3,49.24690080204369
Hlasqfu,Bgwes,11030,61,Male,5,86.71098143244225
Kvgxqhx,Xyticgqm,17760,85,Female,1,79.57712887455553
Iykuddbz,Tphoz,2961,57,Female,3,60.856799455321
Ewjozz,Vxlsehmcj,6338,43,Female,1,57.451911154329196
Fiyvqu,Xtawpt,5108,68,Male,4,65.37167195282657
Yczmfajed,Oykdehu,5389,69,Male,3,98.77513163445008
Cskqqy,Imbft,16757,57,Other,4,57.90898291661836
Fbxjou,Codawuak,2530,43,Other,1,58.58683793907841
Qdfwkff,Vklijucae,18026,37,Male,1,65.05607410120332
Qxtdr,Joviip,2424,50,Female,5,100.0
Ivlywnxn,Xjcl,13689,54,Female,5,85.38031616550606
Qudnylfwv,Sbhvbmk,6905,93,Male,4,87.46135719229106
Lkpqnahlh,Tepr,12295,82,Male,5,89.04995670004963
Cokr,Unaambe,3713,69,Female,1,63.89143147932654
Pawv,Tabdpaqt,19797,79,Female,4,67.76463135001356
Vlkxnanq,Xrsxkfi,6715,60,Male,2,73.56493282496167
Vmfrfbof,Hbobpeviv,9702,39,Male,5,91.77875617559602
Xuxca,Wlujeoukv,19144,27,Female,5,86.01543173334326
Ilcnosq,Plvdfkq,9551,55,Male,4,73.3680762197607
Dahdxb,Sjow,11745,64,Male,2,57.86242505450116
Vxqddgarx,Zskljun,9319,98,Female,1,65.79954862259501
Hsmg,Wqhywrxom,19778,80,Female,3,84.40267459459855
Iezfy,Cgjsqf,17955,25,Male,4,83.05938506794274
Zbtbom,Xdppg,15957,23,Female,3,67.80079627251254
Yixjuhl,Enpgzqy,6085,80,Male,4,68.76968241418476
Rdaaolty,Uhmluy,15707,71,Male,4,65.55782428407099
Trezwww,Waxopzag,6007,63,Female,2,71.04135571061347
Nbixp,Tzczfmvtw,2264,51,Female,5,87.41910372161752
Gwlm,Otdyitce,6798,54,Male,3,67.12523696474345
Dmdkmycl,Gkdceke,17784,78,Female,3,82.02295171900509
Bteu,Gkicrvm,2107,65,Female,5,97.383517804606
Tduhknz,Thkmipf,19221,86,Male,5,100.0
Dsprsdjk,Ukfcvev,3347,91,Male,4,92.81739878744152
Wfxpwx,Qhrj,7320,70,Male,5,80.60052131341669
Rlzcokdib,Peheyjtbs,15960,51,Female,2,74.9951499807519
Msxiat,Yrgzqjn,8822,18,Male,4,62.764664652320604
Jlkmkgwm,Nevuw,19718,53,Female,5,96.54040924070335
Ujedymhn,Ljcst,18113,93,Female,1,67.61852346582855
Syzbc,Ykkpuvgyf,6222,71,Other,1,70.43739889090325
Vdrgmbiv,Hzhfqef,11933,18,,5,85.43149855505015
Pdtxw,Khaeqoi,5419,75,Female,2,73.15264831770483
Vvctifzt,Bfsorrm,16613,69,Female,3,67.27595976847948
Ekzgsilk,Wsqq,2873,69,Female,5,54.943911135171135
Fvimjjylh,Oadx,3700,40,Female,2,67.86054991316703
Jgyxi,Kwjp,17963,87,Male,2,77.93841372190116
Oxqiolpip,Sfrqhin,12251,63,Female,2,59.77611859531252
Tspfhhwq,Ruukf,1080,71,Male,1,68.22360658807364
Oczlpuk,Mhqtahc,3621,47,Female,2,62.23039935234391
Kjrzrqlee,Kqqfxay,4407,90,Female,5,82.98017015606088
Asmdqy,Dzwkfsa,15015,56,Male,1,72.75972492674084
Cliyfkjs,Tgtdpopo,12544,25,Male,4,97.29154388607245
Lgqegpvk,Tshgpph,15797,97,Other,3,71.8592350874666
Hwybaz,Xejxibvm,12003,23,Male,5,100.0
Yuevmou,Nendx,13388,63,Other,5,66.9064048119109
Tftho,Obgfdqqz,17790,79,,5,73.64508875598439
Jrrc,Nxogqf,12863,73,Male,5,81.5939470238988
Hjllpv,Fzki,4894,55,Male,1,65.63232597022754
Ijve,Obyduwbpf,5460,73,Female,1,57.51656788158688
Fkcpgvwwr,Zqwjj,11383,75,Male,1,59.89864752886152
Dsfjcj,Ahzy,1744,37,Other,5,84.3391227588063
Taakjv,Rjat,6983,58,Male,3,65.24076215619115
Xdzjqkfer,Fbvmcekr,5099,24,Male,2,55.070909039759954
Qauz,Wmpzyjubx,1629,92,Male,1,51.92927617686878
Qihryzml,Kpxdvh,19503,71,Female,1,68.76388528873406
Ylmzwuxq,Wkfmdmtp,7335,89,Other,4,79.41183745498515
Tuljjgbn,Xppaayzii,2446,89,Female,1,57.51510355653532
Cnivqwx,Izcuf,14560,21,Female,5,92.61993088647701
Spyg,Zmmvt,3032,49,Male,3,62.48018993720537
Uyopkov,Ojpwtavqc,11199,36,Female,5,60.920861927043035
Uxaui,Egsfeygp,13763,28,Male,2,46.69031776431474
Mbhjy,Gdbsfmj,2711,72,Male,5,76.78587799322382
Fojoemyro,Zgojkkjm,6510,40,Other,2,62.55734351580342
Jfbta,Adwcuit,12727,84,Male,2,65.3030229277678
Lhjuzn,Asxwpsapa,3536,47,Male,4,100.0
Stwyv,Scjnjlbl,14376,68,Male,3,75.88750585941706
Wpbqalbkn,Ucgk,2769,24,Other,4,100.0
Khhaeedix,Yuifw,15441,84,Male,4,86.76962225993641
Esocsumrc,Xlxm,12631,19,Other,4,85.68836598217976
Ekchktcb,Cmkorm,9382,78,Female,3,52.37523336500591
Keuz,Utjckej,11149,22,Female,3,79.93716990761462
Lezodnnlc,Agljtscfg,15864,33,Female,3,61.543126601078264
Bftnfxp,Wwuvccmm,14507,24,Male,5,90.85610446451871
Dyvmxi,Qxnta,6920,80,Female,5,90.28807731786068
Dkozfnfed,Elxaq,2005,40,Male,1,49.907708353622056
Lzia,Jxdd,15867,38,Female,5,76.89414107994507
Lecvjsv,Golrexby,9655,46,Male,1,92.0647261892256
Zyitw,Ohzgln,7242,44,Male,2,53.29628932471614
Vinsvq,Lzjjg,19499,87,Male,4,71.67424252309351
Aizmosn,Hxdhnxy,3100,53,Male,1,64.35545153091306
Bqrjjopl,Wybovkgz,12718,46,Other,2,55.80208293432583
Bnyyjsrp,Epljygf,4155,26,Male,5,70.71826506553333
Vdrhzy,Tutgu,5042,32,Other,1,72.2831378720289
Jzqcq,Lpdfftoj,1858,98,Female,1,74.89599618672523
Rzpf,Ktne,12494,85,Other,4,84.00899157146269
Nfulzcfu,Chikpc,1699,79,Male,2,66.972107935467
Ubjywwhgq,Vpasxnxz,6802,60,Female,4,80.90906820683873
Tnxojjpp,Wzqraupwq,14230,22,Female,4,77.48398676240475
Ozogqs,Hyqyfchmx,1447,22,Male,4,89.35817986539604
Xbra,Qhtva,11577,31,Male,1,54.64490928242992
Ublak,Meps,18728,62,Female,3,95.27463434461215
Ymejrou,Pjuuahx,19614,68,Female,2,72.24449019664728
Kowesxu,Cdsvmfjdb,16615,48,Female,5,89.16596841460549
Slvzcl,Nylcid,19945,86,Female,4,93.8342367441289
Wvyli,Etvwvftrh,2694,76,Female,2,63.74598453256151
Yiqrpzzh,Fqdjvs,18550,97,Other,4,75.91884994512537
Kvsi,Ouctn,14170,83,Female,1,43.221080316546036
Khdw,Fphfod,9593,97,Male,2,71.42699799874991
Qvajritw,Bzutcdxds,1910,64,Male,1,70.04296982373111
Juaottv,Yfhnejet,17903,68,Female,5,88.30664696694527
Fpup,Wprnipwv,4136,37,Male,2,73.67562963624982
Qskuv,Oqdykfkq,3624,78,Male,3,73.21248725957763
Ahgdy,Vbtdyvml,11931,18,Female,5,69.13174613015536
Swavu,Kzqkw,12748,62,Male,1,63.05711787850243
Viog,Wrqpruy,4227,44,,5,96.41222256425029
Cdwsos,Dewq,16446,55,Female,1,64.72988555303925
Gaiq,Zqmkgxh,2083,28,Other,4,70.27073212226381
Yqjjehh,Weyh,6055,70,Female,4,75.35518682020417
Oodm,Odzagsyb,17927,55,Male,2,88.6557822065471
Keofpv,Hblb,19536,60,Female,1,65.73866200420781
Nuiqqr,Fmafknub,2205,40,Female,2,89.5990047693406
Mujkobt,Ropfkif,1023,40,Female,3,65.85735438949851
Idfy,Mhvbkfeaj,13343,54,Female,5,96.79696356566402
Cmtpiqfi,Gycn,12065,34,Female,5,100.0
Lqqv,Jwvohueq,6140,78,Male,4,63.37057154164047
Kolmzhhiq,Giasukih,5813,30,Male,5,66.91893663319995
Urkghj,Nrlvqnv,6261,26,Male,1,68.33288551077086
Ppsnwt,Sgeamam,6721,96,Other,4,74.472576384968
Ndjown,Znhscqzg,6209,19,Female,4,74.11061352725216
Njzrfet,Msqsqo,8948,80,Female,1,81.70768624431633
Erjqr,Kqwdo,11756,65,Other,4,87.61164281373404
Qvje,Nlid,1781,24,Female,2,81.2372026050017
Sqguoucio,Qxdpcfedz,16824,27,Male,3,54.59400318507609
Gxxww,Noxoocsga,14045,20,Male,5,80.01320833451656
Xnvm,Fmep,2447,30,Female,2,68.47866249761604
Ykljzm,Dlkl,8419,56,Female,2,74.08423208276392
Qyhk,Eicwvixnc,8873,35,Male,2,63.6209923367388
Ouaalxfa,Hxcx,10226,20,Male,2,61.39229778515789
Csaglwxs,Ltgdv,11766,81,Male,1,64.30324600507144
Bjfednl,Cfqgcgs,18871,78,Female,4,74.64309977921054
Jlnxffuu,Pdorf,8804,41,Female,5,100.0
Jffzndt,Yqgtodoz,19102,64,Female,2,70.57164877360383
Wzckwhe,Pvpvx,8406,90,Female,5,82.49583593512627
Iaypyswd,Yjrnzh,6361,44,Female,2,68.35305647650564
Sesova,Mcqn,14787,49,Female,5,84.29024233907587
Eimmfjbxq,Uqbzqnam,16168,40,Male,3,91.33978662677949
Cwasmp,Zruf,12904,63,Female,4,81.08396535554591
Zkriqgjgf,Atayut,5521,29,Male,3,71.14649725687909
Twbuwcw,Ztlnoke,13665,24,Other,4,68.98727612355182
Csdcllbax,Hsza,1441,70,Female,1,53.53920300212332
Exbbb,Yzpmyn,6313,82,Female,1,69.69188456202755
Mkgfyvfi,Fbbn,1184,77,,4,77.2782122091218
Fors,Rjapr,13776,73,Male,3,74.90129046726183
Yxyg,Dpjxerekh,6634,75,Female,4,94.90963181144978
Pjepzowcr,Zlezsk,5878,42,Female,2,54.08934246302
Psyiuwzj,Wqzts,1639,37,Female,2,87.22324057510457
Mnpemk,Hadkd,1824,82,Male,3,84.45631912061589
Povpfovn,Jroqe,11594,33,Male,5,86.6969964709532
Zbpqhqg,Izuw,17714,74,Male,5,82.53467019786746
Gyscf,Jdqrw,1121,30,Male,4,66.78256850896695
Dirlwesjf,Ikswfmf,19494,49,Male,5,92.91430512031081
Iryaq,Bbmvxxi,2546,86,Female,2,42.18279681403013
Zxyjnjk,Qqwbgq,4666,65,Male,1,63.94801821834672
Wewhmbmun,Oumuquq,5839,88,Other,2,61.63013104613482
Btqbfokd,Pslhsenkn,6018,26,Other,2,52.340074953331296
Zpav,Jgoqvi,13447,32,Female,5,94.45163482836703
Eyrcww,Mqgdiiug,1866,21,Other,3,76.61298750686493
Ncpuxnwrs,Hagyusk,14721,41,Female,3,58.73515584279805
Sjfcxhh,Ioptvyhog,15295,74,Female,2,77.24325072945788
Jsuqtnl,Jtqqpvie,11909,96,Male,5,86.42838743631854
Mrjjx,Fswluz,19351,33,,4,91.10550415893104
Htdyioicf,Ryaxffs,5516,35,Male,2,85.01054022717616
Ewbib,Lymy,12928,77,Male,4,82.79755185390036
Lyodjuy,Evxp,17719,18,Other,5,89.8671287581522
Eojhmozi,Fgwsqjv,8099,58,Male,1,74.59864300877786
Vvgsb,Cajvmo,18476,83,Female,5,78.09093916178821
Yurhqbjv,Odxjnovo,14119,25,Female,1,54.037866432655704
Xydezibia,Hgpfu,3393,57,Female,4,89.21004715202719
Iovalg,Oqqimwhg,5253,86,Female,1,55.662522939185145
Ophhkubx,Phwbn,14361,76,Other,2,99.01690223565835
Kiyfdc,Eomxsyac,12488,41,Male,4,100.0
Dqxiky,Flvxn,4163,85,Male,3,76.25452161480202
Gkzpdl,Dtpjbv,15140,75,Male,2,78.14511075245485
Hprun,Ihfpai,15288,85,Female,1,69.80894659538664
Psdhfpwl,Xsgcbdon,9049,95,Female,2,65.72276659226358
Rjmapwa,Fiaka,16438,69,Female,4,98.41725510324264
Spdsmkt,Xhpibociw,13509,94,Male,4,62.35345650246572
Irqx,Olhrccu,8373,32,Male,1,56.02464237700333
Vcxja,Sszse,13938,54,Male,1,53.52049502830068
Lixyvzy,Gartjilj,8866,25,Female,4,95.17985147219282
Xoiv,Pnkex,19674,68,Female,4,78.02396450947187
Umnl,Ijkket,14010,57,Male,1,58.813275788647125
Lbnjt,Dhec,3261,33,Female,4,71.35232698260063
Yhvk,Kjsvorf,9269,58,Other,1,90.68534313806653
Kftrgu,Kaae,10039,71,Male,5,75.65171940888914
Egvjr,Hkcwzy,18255,74,Female,2,78.53967439853113
Apslvixi,Bqqwnemi,19280,55,Male,3,85.98993973524533
Ugjqlgq,Orjjkfzs,1711,51,Male,2,52.676170402699526
Hezwofzie,Wsfvprw,16550,55,Male,4,74.94664403984967
Fbxrm,Danopny,8766,63,Female,4,89.54817170311063
Hioeq,Htfvyw,10053,21,Female,4,68.52115267745233
Jyac,Ymmwaai,2320,35,Male,3,58.77858705621705
Nphcklpeo,Cgwrobi,11537,33,Male,5,81.25702339692694
Czkeknro,Joqzhbe,13804,65,Other,5,87.94457154016317
Irpvhlwe,Bbyy,4495,95,Male,1,82.49835816463823
Mhsrw,Idyxoy,18513,72,Male,3,84.05235557287281
Urly,Ayrb,2596,42,Male,4,99.25952508283586
Snqmmlot,Eixbua,5725,63,Male,3,70.00961780988936
Sgbfth,Ujglkhxp,13859,34,Male,4,65.54803588561877
Iagb,Jeqntlo,1878,92,Male,1,52.95820146320976
Djvp,Gvbnkfmil,14796,62,Female,1,50.931508106002234
Fmcbhl,Bhqggvqt,13881,92,Female,1,77.77644834376031
Nmmrju,Oqkun,15187,29,Female,1,67.78549091267996
Ldxcv,Cicu,4434,24,Female,5,97.60617734690463
Khni,Xchf,16095,75,Male,4,90.72819513695242
Tptzlw,Gcifkhtes,16138,21,Female,1,63.553187687082996
Yrdtwet,Ccad,6288,52,Female,4,84.72014774171025
Pscjlsum,Cwvg,6557,62,Male,1,59.02175989974336
Plcxkomkh,Gmxbrevbo,12157,66,,5,94.86595472301443
Dplacozn,Jhfeofu,16543,19,Female,4,66.77085274464112
Gnomszz,Wvqw,14470,24,Male,1,76.07701023955073
Obxpt,Bkloclxjc,6210,19,Female,1,66.67514121336582
Male,Tpunmvzut,10296,20,Other,2,66.69792688870517
Klktcfc,Ithaincqa,17500,96,Male,4,74.0183445360999
Baafcf,Onjkuis,4686,67,Female,5,68.64909464879591
Zmbhh,Pnigpz,13067,31,Female,3,69.83206078070535
Myoyts,Rwcgm,12318,47,Male,1,58.53825435775744
Txqrdsaaf,Tspkeu,5675,70,Male,2,58.53299958453116
Ilfiqzxg,Lfzchcths,18662,60,Male,1,91.32542117200181
Sxfkdvsua,Ehvrq,19269,62,Other,2,56.43134214351744
Hqdfrxquy,Mnph,17997,25,Female,1,70.22895364810635
Dxyzkvu,Pxrj,2766,51,Female,1,54.47368647158605
Ufpus,Okavqr,7412,86,Male,3,85.29382937858408
Khkjott,Smfmv,9442,40,Female,5,88.66646326993872
Hwlbi,Pvmbrsecd,6796,68,Female,3,77.64488186614884
Ginckus,Fzcx,11638,62,Male,2,77.56337195257898
Zjul,Rfjngp,10700,79,Male,5,84.80439445914959
Hzquum,Ikgaskul,13455,36,Male,4,70.01623694637871
Weiqup,Ahgiggg,2358,47,Male,2,54.24792485187347
Gxgze,Tkosvjmez,10539,26,Male,3,59.195422436899335
Bupylp,Rtmoosty,15129,49,Male,4,86.68306303760808
Kvlsk,Hllfsya,2143,40,Female,5,80.76278407775672
Qwwsclgb,Tvwijr,14452,71,Female,4,84.3701539362546
Jykyduxle,Abeb,9816,72,Female,4,84.5722408732739
Lsgkyvjgk,Agkcnvmce,13293,45,Male,4,62.91338279713591
Fltep,Yjjtkzwmr,7821,93,Male,1,66.21150864447165
Sohgcjdii,Yknxxvzo,12366,23,Male,4,75.43966469851051
Qijwxua,Zyuy,5396,43,Female,4,89.1790477579151
Wsuze,Jgfq,5330,90,Male,5,77.35808066012315
Msam,Kxrwk,4614,48,Female,4,100.0
Tvweh,Ggwgcki,12696,79,Female,3,60.742935375070005
Znvgx,Lmwhzhi,6431,74,Other,4,62.82060302064366
Alepxjgn,Dattj,2023,78,Female,4,59.636640134146774
Dlhdydzej,Dbswqecic,15109,86,Other,4,86.67396772613706
Yrcv,Tldxmb,14054,97,Male,3,88.76564935687752
Yxnkpffgg,Jahoh,16188,57,Female,2,81.8798830751097
Bixlkvfjv,Bhdy,3495,64,Female,2,68.03924042236414
Zscik,Fqlgfx,3550,61,Male,2,77.28914829256726
Blcr,Dkqzehtel,14940,54,Male,4,87.15322652391524
Pfxrflc,Dpeymj,5531,37,Female,5,50.48244937626822
Izlhz,Mfoft,6545,33,Male,4,67.12664317194375
Wuazwbvt,Tngltvqp,6012,83,Female,1,54.47827434159984
Ltjrecgvf,Wgglnvs,7798,81,Female,1,52.769416379861255
Qgppgj,Rgkcqqo,18804,37,Male,3,100.0
Zubqovbht,Pbrr,8479,78,Female,4,77.29251287547612
Ouvodiz,Mghdznbxc,1973,25,Female,1,60.26818682289265
Rijwbd,Rajn,18213,38,Male,2,79.90719270298001
Dmwu,Imaclr,5441,49,Female,2,56.13164194682125
Hoqn,Tubnsnk,17156,97,Male,2,43.93227015589974
Sngfmwbeo,Oyavd,12697,93,Female,4,88.61412362194201
Mlgildrpq,Kxdcsbo,10438,83,Female,2,78.1898386373736
Pprljbwg,Rsvkee,11982,87,Female,3,82.10755526574496
Ldrrqytrv,Spnc,4882,60,Male,4,76.25582496386475
Asrpee,Guhwy,14397,32,Female,3,88.07803942879829
Boaqclui,Nfdk,9577,84,Female,5,81.38667932928965
Wtsci,Xvxs,6187,72,Male,5,83.45012875796291
Jnypo,Waxxwka,12222,29,Male,4,84.95750447397863
Iwqg,Cwbxbajkr,19264,75,Male,3,70.82630054687121
Zyrsf,Mzftukx,11872,76,Male,5,89.40042081575355
Jnoby,Igmx,18469,69,Female,5,88.99716010153756
Yyrhfgloy,Mbrfxlt,5737,84,Female,2,74.50293366672261
Xfcu,Acpk,13325,52,Female,2,52.5111229076841
Ppij,Jxcir,11002,32,Female,1,61.9325383286984
Ipfgqf,Ayqtonpyi,8685,50,Male,4,75.23772028883315
Wveownrp,Sahmiz,13404,78,Female,3,81.04368125828715
Iznv,Komwjq,12354,88,Female,5,74.07066067346324
Cjjk,Sgnc,13788,51,Female,2,86.65558290170466
Yyoverz,Gexout,16442,26,Female,4,94.74779634756788
Ukmxkrhyw,Jxxtwlne,17762,97,Female,4,89.59104760531228
Vzzsgx,Cmlegec,11032,55,Female,2,78.21891878573612
Iezqt,Rjgovc,14438,67,Male,1,65.84874634210341
Vziz,Xrajo,14313,81,Female,1,64.16426382698629
Ytvx,Jyjxcr,4201,42,Female,2,67.96050399998032
Swczita,Lpwziytci,6046,90,Other,1,70.12380540342029
Evhyojdkw,Tsuqnwho,5838,61,Male,4,73.1731358778473
Yweuumtp,Sdycww,1161,45,Female,5,97.80682525874151
Oexodzsx,Tdfml,17944,71,Female,4,70.97138650691728
Uomsyi,Dhmivqroj,4500,79,Other,4,71.69370098468465
Wyisynsu,Uovlxiu,7714,92,Female,1,73.55560509627283
Opjnsl,Lgmts,17824,63,Male,4,80.74759056225163
Jipbznwaz,Vdcufsobc,4643,47,Female,2,43.773409700069905
Jast,Biqckw,9738,39,Male,1,52.79295060674177
Tdzae,Wtxkvdz,6525,86,Male,1,72.93135866989121
Dziozg,Lqniispld,13316,63,Male,5,82.20197188593872
Xduwysab,Ycmw,3797,81,Male,2,72.68013632118738
Pssip,Lwryy,2180,30,Male,4,100.0
Vosm,Tzjmqoym,1343,45,Female,5,86.16283552543761
Pshxovhoz,Trzsiyc,4781,70,Female,1,84.55302815343215
Epbgbw,Ixucu,12867,22,Other,4,72.5948305315926
Mjxxhpoj,Ivjjdffvp,16751,51,Female,3,60.13548925493856
Eytdv,Iepoxqf,11431,76,Female,5,55.31077657130696
Kgwjwikvs,Vqrhud,4543,25,Male,1,64.65301342521657
Lajye,Dntzuez,15831,33,Female,3,78.02248628485975
Bccwqn,Komhyyajl,13094,77,Female,3,73.21047896453443
Zmtjc,Wuryy,18731,81,Male,4,76.39196304586557
Yvxex,Rkdrb,16942,86,Female,2,58.68523415947685
Ijuyb,Vuahq,8494,41,Female,5,88.61207185509792
Prfhnccg,Yitbfh,6211,86,Male,2,97.81327772444216
Senm,Jaeykmqz,19285,69,Male,2,71.9339545980659
Nnrkicycj,Djrr,17645,79,Female,4,87.31629332531091
Gmfltggxb,Qbizri,6505,75,Female,5,78.58643655091495
Osyjwi,Wabv,1844,63,Male,4,66.40974619846402
Tsdika,Eqtx,6466,70,Male,1,71.84967124325283
Wvykjsq,Mhja,17945,84,Female,2,67.33880288850548
Lxvwxn,Zjlxrdx,14398,81,Female,5,82.74270057338887
Ooaij,Tvyz,7818,47,Male,3,71.45586660085901
Wxen,Vpivrauc,19415,59,,1,32.52511831043362
Pibombyie,Wubcb,14271,93,Male,5,84.66889445634914
Pgpzosf,Vldvvrvn,9654,82,Female,3,86.64049941555963
Zlzrb,Ldvphumds,1693,26,Male,3,68.53826837335819
Xntunh,Yogeorq,5399,20,Male,1,82.67815559301792
Zttclve,Uhhxtnmit,13721,25,Female,4,71.70756096778496
Zszua,Owcpfkz,6614,57,Female,5,75.29984653492043
Rlymvs,Xnrleggor,15449,53,Male,3,71.58032383616373
Fffr,Xrvep,2758,70,Female,2,58.55094652178032
Pauptu,Uenpqn,13289,31,,2,57.9106964344474
Nyksjmn,Ieibmldj,3844,88,Other,5,80.27276368608881
Wxcd,Kszwzi,14277,93,Female,1,75.19174337799427
Jruxj,Fbeamrg,11961,40,Female,5,100.0
Acrsdezwp,Wzunbn,8638,50,Female,1,66.50672488344978
Bfro,Sjpu,17606,56,Female,4,73.31561037445394
Azqfeyt,Renn,15926,82,Female,5,70.94544001786089
Ymxv,Swww,2281,80,Female,1,45.326910194088356
Mwxxxwsyz,Acsavzjf,16726,83,Female,3,87.56587202807906
Mgolnapq,Aesmnr,4335,56,Female,5,77.13516214059685
Zbjl,Qtkyw,9804,75,Female,2,74.48044000999889
Xkvynbm,Kswttubus,17629,48,Male,3,85.24879946736544
Ndcfx,Ehpa,17065,41,Female,2,71.42127832628634
Lvlcgl,Pcil,13913,92,Male,3,73.3875544732675
Keozx,Htqloy,18523,29,Male,3,90.81742711183745
Jyhmdhhuy,Uueqe,9693,93,Male,3,74.3654619499009
Bsqj,Zgeuz,6931,52,Female,3,97.89180126762002
Onkbgigi,Axnbhqx,8529,93,Male,1,63.5514867916333
Ryrxploys,Xypo,12938,59,Male,4,93.10433698338666
Xcfo,Kmdipvhns,6227,40,Male,4,86.85656899372489
Hsygw,Otaplsuv,19551,88,Male,1,80.73144506417748
Rciatgfz,Eemdqylk,5706,58,Female,1,74.40879806793367
Gukbhzv,Fdzjosrjz,15972,42,Male,5,75.48360687730329
Flwzxwvej,Bnwjlca,3255,68,Male,1,74.42676244971787
Ufjr,Nsjru,3244,57,Female,1,83.56744957376884
Tvhqlzygg,Nhocjpxcc,16666,43,Male,3,82.71947160557944
Rmvujhx,Uhot,13885,55,Female,5,84.70859498926143
Aestnk,Mpmkszvi,14434,60,Male,1,60.355166178779356
Tjgflfp,Jsqgkr,4022,70,Male,4,72.83444777433299
Sprpf,Kfdztz,9700,41,Male,3,71.52037123682405
Eqthaves,Gtzuejnhn,16803,83,Male,3,66.19807444228005
Vhuckx,Gmadttr,19479,34,Female,4,79.63964908148023
Mmajadvdv,Ehhl,4633,19,Male,3,63.30786312193679
Fovvbw,Ouofg,10722,29,Male,5,98.67110593456668
Uhkkrmbo,Cpaymzxsz,5622,83,Other,1,53.10141024491376
Sogbwdgwq,Kngqmnc,12778,41,Female,5,74.21621444846724
Vjorbdmy,Rpmzzxoz,4085,48,,3,64.58612274123053
Affriv,Cpphwpuzy,5542,86,Male,2,61.696940620343995
Zinvicn,Pmjdrals,2858,22,Male,5,90.35232212389707
Rsbgyljmc,Pmalr,5482,48,Female,4,88.4435644496163
Thzr,Vnpk,19748,68,Female,4,75.76933377018767
Ciboy,Uyzluj,1231,40,Female,2,73.46491281563715
Fnahpck,Bvnfufzw,18636,49,Other,3,66.1867836761229
Dgptnbiw,Rhgrqwci,14249,95,Female,3,61.32930366390977
Wbqocbsc,Bwtnsai,17067,63,Male,3,61.21624023779894
Fscvtffrf,Bwlxfasc,4507,49,Male,1,51.492522815756146
Qlbktirl,Krsphbn,16498,40,Female,5,87.60748595898431
Dkxcsd,Kbebyjp,12379,34,Male,3,100.0
Qngffrgn,Yrxtjjwvs,12240,56,Female,2,66.67824853090478
Qgoc,Kiubsnm,4195,82,Female,5,79.96602158894653
Btxnxhzzi,Qngocq,1168,19,Female,1,66.07441912759944
Mzguc,Estzuju,8919,71,Male,5,79.00632907659292
Mqxtzdp,Nxzfskapw,8426,61,,5,79.84607194167658
Zpkxvi,Poknhzmb,19667,68,Female,4,99.11104477427904
Ncemq,Wqoesd,11207,48,Male,1,76.0491870732485
Pbdosvbj,Hbjbiy,18814,54,Female,5,86.97623336860269
Iouzh,Alibx,8360,58,Male,2,65.50859954965968
Ygbkcrgkj,Ptvqbbgpl,1293,63,Male,3,91.67344618850555
Egtnofqsc,Tjimn,17240,27,Female,1,59.14534010933893
Rdbbsgjn,Cdgtsuxw,12628,73,Female,1,50.51463323870223
Xjdnnrkzq,Kkkzwbj,17678,36,Female,4,78.56996030478874
Zoalp,Ulndx,12169,62,Female,5,67.73090409617942
Yfpif,Phptkktru,4003,28,Other,2,73.43329819233189
Dqhe,Ksdiefu,3539,87,Female,2,68.10516199365706
Epzlhx,Ujbzyc,10986,76,Male,5,80.23075922336565
Dhtrijiqm,Piyiotka,14837,42,Male,5,87.10295613054609
Jifz,Ftyjawrz,8413,59,Male,4,84.49860225907865
Eoyxttx,Mcqkyvt,13042,34,Female,4,75.65860741751744
Hdhdq,Ftkpcna,13489,44,,1,74.80370049071885
Kqglsdyrs,Yyfttbajn,5766,20,Male,1,81.03550361481396
Pjgcxthd,Edmkrph,8590,71,,3,73.21916244295024
Tnhofto,Pjdruhuma,19803,69,Other,1,75.40583638465336
Crkk,Eazpkdvz,7531,33,Female,1,30.756794817640852
Yagflxkar,Qlwt,16765,80,Male,5,83.91213421229443
Igpoyc,Gcakozanp,12769,70,Male,3,75.10565235452549
Iwmqs,Kfkdpobqd,10270,63,Female,3,95.07915608106367
Kwyyqij,Ikpkb,13594,73,Male,3,100.0
Vorqexsh,Jccmb,5239,38,Female,1,56.15540387324729
Bfnvmd,Wcubvgz,4914,44,Female,3,59.80260201165979
Nyxxpk,Yybjqi,14146,46,Female,4,87.97005865678787
Kewa,Tbtiuq,12634,91,,4,95.44388459032574
Iinkyy,Hgazg,17392,36,Female,2,77.29569211600099
Wbjgdz,Psvlz,16432,63,Male,5,100.0
Cwpqsosry,Eqnkzekkv,8492,96,,5,100.0
Axrljdqtj,Yvbsbfle,13253,76,Male,5,66.96481060617454
Daqjkio,Ngvdxkrs,12755,56,Other,1,73.28914685863185
Fpyub,Uevghess,15153,18,Female,3,70.12632275891517
Yghmkitb,Thdpwf,10090,48,Female,4,69.82014665890688
Sgqofbeg,Aqlstw,19802,72,Other,1,60.582519569678254
Lokulhwk,Hfbozols,14135,90,Male,2,59.70622208778909
Uocugkmsy,Ewaj,10276,37,Female,3,73.14149434510188
Dmpdqpth,Uygd,19287,69,Female,5,78.40106516835203
Deqrmm,Eclvknal,16719,71,Female,3,77.79378698189856
Qkjophgwk,Keczsfexc,10547,43,Female,2,62.10375768505555
Xquygk,Thjnvlct,4952,97,Other,2,69.15584219775985
Myzwl,Kvdoslam,15614,89,Male,5,91.83892544549526
Rvbhvw,Jhsqxiu,6054,34,Male,4,81.33420476131948
Hkvaojysk,Yddns,12272,77,Other,5,94.33754731014918
Iymsfst,Fzjvue,8980,24,Male,3,56.438588650050136
Zeltxu,Nvjw,7125,61,Male,3,81.82886851069306
Vvcnp,Umfqyika,12078,88,Female,4,85.34302856261858
Zkmautcmx,Gwiv,17361,61,Female,1,65.80780154324
Gnyrv,Kezzxqixa,8493,73,Male,1,64.4440665264194
Htssn,Kllni,4603,66,Female,4,57.507520766557974
Wmkdcly,Bulzmyia,13579,76,Male,1,31.12365295836146
Stxu,Jxuek,13737,87,Other,2,76.59756320306045
Paog,Vayhoxph,16231,96,Female,2,93.66859964839225
Mponno,Xoiep,17827,75,Female,2,76.67778494163791
Oalzpeq,Wfhl,16131,53,Female,4,75.66122238384584
Ljbogdewl,Vxpo,8230,36,Other,2,70.87521941895349
Dnowlsk,Nomoovogu,14083,51,Male,4,79.16038540851562
Gaabivb,Kopzh,17456,46,Male,2,61.45744599346529
Sdvdykeho,Bzty,11197,52,Female,2,85.96425602440848
Clhoiet,Ijjidpr,16947,30,Male,2,70.90126441371773
Zfdxrw,Ggixuo,8623,55,Female,1,71.27226361118213
Odiikv,Phyzca,18761,60,Female,2,81.72159894631737
Ogougqrs,Wpznnlkz,17971,24,,5,63.58085747520443
Tcxyglss,Fmhzzks,1053,66,Female,2,88.72246363218952
Plofq,Ebibc,4011,78,Female,3,87.89155471768143
Rilynt,Yottmsnc,16458,28,Female,4,47.832779875457526
Ppts,Wdlpu,11392,57,Female,3,69.3696876762084
Quwifiq,Xplmhb,13919,47,Female,1,58.56586265049393
Wixqkoje,Bhscjb,8450,76,Male,5,81.60856780533884
Ahmowgul,Zshriakj,15134,18,Female,1,38.49186644158499
Renjucrdm,Mgkerz,2593,97,Female,2,81.88151674261944
Omnu,Artniuisq,2325,92,Male,2,69.68644322210972
Znhck,Qttn,14320,77,Female,2,80.38168584009976
Ztcykuey,Potix,19609,56,Female,3,71.49885045923537
Ogxcwd,Sfpb,9633,44,Male,4,85.938087259942
Uwpzyyjfn,Xjgoyvlbs,7563,66,Female,3,65.9542564028142
Bzgniiehx,Pwpnv,11708,19,Female,4,98.24133097723558
Ercyqon,Uiji,6851,95,Male,2,60.92672685916958
Ajlz,Ovkfri,4706,43,Female,1,79.14340446277482
Dlhrk,Hzpedi,6925,44,Female,1,50.80865637883852
Cctu,Eswxn,12932,80,Female,3,83.80382959048096
Jluueewgv,Rrxq,1926,50,Male,1,76.02580777160608
Igbr,Uresf,8658,39,Male,2,46.00315098152642
Trdxzfcao,Mdao,2431,90,Female,2,75.95665655148689
Mxfgpzs,Awqjtevx,1265,31,Female,3,64.91427412600709
Hygold,Jgirffgj,18969,69,Male,4,84.95432897867136
Mspgm,Fpdhcxcll,18768,63,Female,5,90.20446495599103
Wzahkd,Jgyh,19692,57,Male,4,82.44279612452465
Shpu,Oegngdpq,4817,92,Male,4,71.45891152361486
Qecal,Kohmgb,19841,23,Female,4,59.10879376223407
Yfkzdajze,Yrzfmd,3672,88,,3,68.2822076522304
Yeba,Bmwmfwfo,16272,78,Male,1,54.189944731237915
Cqdbamm,Xtthoc,7478,50,Female,3,69.30963306829278
Dzwvfha,Ugczfod,1048,33,Female,5,85.49940461475452
Wsnghdwm,Mrtkf,18046,77,Female,5,75.66766593788681
Cbeo,Fmkoopgkr,14605,78,,5,81.94247000699045
Xptvit,Amjdrc,3188,39,Male,1,78.48143579287392
Tczg,Ygpozudsd,6804,71,Other,5,80.69341825114722
Sofkdbg,Cmdvy,8677,46,,1,46.70615070640951
Yokxoswcx,Dzpghqgim,8436,36,Male,2,83.59584305541739
Hqdrifx,Rbchwd,14612,27,Male,2,91.47287427715042
Bnpfwvhkv,Mgciao,13515,76,Female,3,83.81880659318091
Tdrmpgg,Rnlwvd,16554,31,Other,2,71.61506127014275
Vdttbh,Svwcfzu,1012,66,Male,1,58.05776971527233
Xvaqv,Smlmejzu,15280,64,Female,5,83.47924177147006
Tszji,Jztg,7884,75,,5,70.88295094695174
Sknmagci,Mwetw,13492,24,,4,96.43536303942098
Yovumaiku,Tosibgv,19243,78,Female,4,84.92830248603933
Kwwvespuy,Gzxuznjbo,9825,58,Male,4,78.82859664515627
Yzsscrptd,Kvgdldkq,1935,65,Male,1,50.37154746133385
Rooi,Lcryjw,19733,23,Female,2,59.0684638747592
Elffoejoq,Acici,13041,48,Male,3,73.85286761605802
Vzjq,Gatmnt,12053,49,Other,1,52.79512786156582
Andcknqc,Gzplyctcb,15873,20,Female,2,82.13066975420794
Qvyugrtu,Xlohhj,5403,28,Male,5,86.31947800687983
Ssftrbp,Pvxd,17942,74,Female,4,71.52306736753884
Nikf,Ycdlubsj,4016,96,,1,68.53145490550256
Egygtrl,Wxngnfcax,9248,25,Female,1,58.405596267274255
Akvba,Nkuevtc,4383,95,Male,4,74.33167122800297
Apachbrb,Abcnzn,4391,39,,3,81.93313292083775
Dkuttjfp,Nprgiz,9941,53,Female,4,71.57966780730945
Lrrepz,Mobfj,1790,62,Female,4,88.90774413052925
Adycg,Uolyy,19430,83,Female,3,75.97267854613075
Cowc,Xgxiam,5453,44,Female,2,80.52512458585936
Yreadxfx,Nrsywxq,13416,40,Male,3,73.37646820709256
Hgjqytt,Febzgj,7785,26,Other,4,88.22871159749852
Jbuhavne,Ohlefwiq,11470,79,Female,5,78.6709774072301
Hdkul,Ylbow,7607,43,Female,2,66.22182961765404
Qkaiinued,Ceuffso,14800,74,Male,4,85.17525489409152
Cfsvjj,Pobyooon,17646,70,Female,3,84.81646082229484
Kdhx,Yfuscmgoh,17396,32,Male,1,63.30683120120919
Zuhwh,Ptbbpew,4943,57,Male,5,91.74573642442988
Opomtx,Bdfgdfi,4458,93,Other,3,65.25578405007536
Mmwcoeo,Jucz,16552,85,Female,2,69.09713874313246
Vqsarrkje,Sxnvb,5081,80,Male,4,79.71642874658158
Bbpciqnv,Jmmi,18357,31,Male,5,96.91232655961288
Lzrspzgfk,Tvwjlsp,15669,57,Male,5,78.8279770392268
Cyxgu,Uvzjbvj,16394,24,Female,1,66.81996995324738
Gfrfvqmw,Jhhvmzyiq,6854,25,Female,3,84.09174569004652
Sphehrql,Mwbjxc,15906,35,Female,5,87.26205832546287
Solqx,Bwydjay,12135,58,Male,4,89.7111837000374
Drresrc,Fnmayo,5223,59,Male,4,62.819434680808136
Rrtoshk,Mmkydxmcc,14638,29,Female,1,74.01552050427087
Iiycovofe,Gcncaqsrg,9337,42,Other,5,63.575699192685896
Hwvzeomn,Hphi,13361,64,Female,1,60.91591791435998
Nidjhys,Kwmtrefnp,19453,94,Female,5,91.13734800106256
Rdlklz,Jiqrj,17562,42,Female,5,72.4242739754878
Tvdeuvj,Uchn,11996,40,Male,5,63.49873186737513
Mhnrn,Qubn,19555,33,Male,2,60.97321997178295
Wvluj,Qpdr,15870,61,Female,2,81.38980700288292
Lhpfvzyg,Djtn,9141,94,Male,5,65.95358923971426
Jbmby,Gdibz,12503,37,Female,1,62.72170531434128
Edldjdgpw,Iftxer,16746,25,Male,2,78.71979811931936
Gzgrh,Ibximvqf,14444,75,Female,3,63.45701378078075
Lzihmnkjm,Ceim,1783,49,Other,3,73.30336792610116
Kefafz,Esspwgoq,15647,91,Female,5,95.86326842432462
Jlgye,Trnxkqm,1196,19,Female,2,65.34104802798734
Zvpazc,Prrhdt,14266,62,Male,5,86.48523254971863
Olbbihywz,Ifsltxv,15617,95,Female,2,67.20840860185413
Vber,Xpbocu,8339,68,Other,5,88.84771505943232
Msxqzpy,Iupv,15073,76,Female,1,48.6446299262466
Tukjn,Nbnbwafn,8899,89,Male,3,88.7428010594665
Bkjks,Sitrqm,9297,94,Male,5,94.44942393590588
Acfqokeg,Ajjlsp,16637,76,Female,5,90.01764865503523
Xvexibpn,Sqjwadgip,16567,57,Male,2,51.82296797294185
Sjqidnh,Pcweameth,5620,37,,5,85.87608184910265
Jgirfczk,Nbidd,18965,32,Male,4,95.97373402009464
Mkmyzon,Xoavtlgsl,15447,50,Male,5,93.5122862098543
Jsuvhfn,Rmvvlvca,10290,92,Male,2,58.3452401962385
Orycoeyv,Goccst,12795,64,Female,3,100.0
Rbkczv,Pgqnvtdo,16931,97,,3,87.27724419224243
Eoael,Dafajgtqi,19573,91,Other,3,61.03674092656585
Akeo,Iwhgp,18117,85,Male,4,92.34358034511772
Qcrd,Dstrxiej,3869,39,Female,5,78.95634023494361
Injrv,Pikf,7147,63,Female,2,49.903991518243686
Vfuvvmwld,Grgemnt,10827,49,Female,1,69.88840684490472
Nkye,Timtzziyw,17967,75,Other,3,74.78052181075729
Zyoeg,Gfpr,5022,98,Male,4,81.7927969352449
Kpiham,Wegz,2933,91,Female,4,70.44724962904462
Qblhl,Luhkanvhx,6082,78,Male,4,74.71130777960926
Cuazeba,Pxwozj,12233,30,Female,4,100.0
Qyyxvz,Blmbabla,2202,38,Female,1,70.77841944102934
Qtfmclrcy,Ececd,11958,20,Female,4,86.9760582638423
Fxitgy,Zpnzj,6254,68,Male,1,91.7348608106935
Yexyuh,Shwbwjbk,16355,32,Female,1,76.2273617995104
Mwspr,Zemic,18959,38,,5,79.70825569057716
Bxornn,Getve,7148,30,Female,1,55.05620442478426
Cnbry,Hpbjjsy,14483,57,Male,3,83.77418659744959
Rzvl,Idmfsptg,17256,97,Male,4,83.24022251974048
Qpnukegiq,Btbmw,7293,72,Female,1,71.60919518331325
Dotoddbjf,Afagw,6489,26,Female,4,48.95405072016197
Tcsohbknk,Wihtk,13808,67,Female,5,93.12681080026469
Ocuqf,Xrdenup,2544,26,Female,3,77.48881608658937
Gmmugp,Qaxmtappk,12107,19,Male,1,70.53879902892811
Wwwrcpy,Wtpk,18069,71,Male,3,69.97084225136548
Lnjkhqf,Cien,18177,22,Male,5,90.72472716261174
Vhvaac,Zlme,11749,73,Other,4,100.0
Lfgejh,Hdce,7003,87,Female,4,56.98099824352995
Mnnzhc,Sbetxu,18013,52,Male,2,59.74643557664824
Nulyp,Rgcjc,15222,63,Male,3,85.05734213677476
Lxgwarskl,Pbwfs,5985,71,Female,3,69.6171184159112
Qiicgi,Zugdlr,17169,87,Female,4,66.89629206680075
Eoca,Tbimgfs,7991,44,Female,1,61.822252760403785
Heuzdob,Ccwszv,15463,87,Other,4,92.11879393040633
Wrbl,Yfzq,2078,27,Female,2,63.432402174991466
Ysrmcf,Zhuwxlq,8961,58,Male,3,89.81764018176486
Sokvuiftu,Yzounjovp,16982,80,Female,2,52.3576805629337
Tbfwywfp,Phhnzxn,11409,38,Female,2,47.01299038843139
Xqpmjked,Crqg,7435,97,Male,4,78.69124472789802
Opacft,Ylhof,1016,71,Female,4,77.7728088554868
Admz,Mhqgca,2426,72,Female,1,66.31515976971949
Lhpunpn,Dfbsxpxol,19540,36,Female,1,56.861501759862136
Hoiwoa,Phrmfr,18505,32,Female,1,66.41703453046155
Qdqvtvj,Noqpco,19401,70,Female,2,55.245763317875046
Elmux,Eeei,15523,55,Male,1,83.32944459632054
Cguwyfpoc,Rfjxn,18204,84,Female,3,100.0
Mejnl,Vwxk,19941,58,Female,3,78.49607793617804
Soge,Kmmjoaa,17899,81,Male,5,81.18389821004001
Habu,Omaywy,14943,47,Male,3,63.75440747223071
Qiab,Scnj,10384,79,Male,2,63.17621339470151
Xhfb,Oisi,12080,65,Other,2,92.49267986686863
Yjoh,Yjaopj,17168,80,Male,3,76.0149680375382
Kzea,Oqvqux,7296,52,Male,5,100.0
Ukjs,Uekvcyp,6348,93,Female,2,71.85379973855606
Rwztizzl,Lhgramtih,13210,38,Other,5,79.74136258735365
Revptcs,Zvzeebmp,12682,59,Female,4,72.05909350786828
Jyfxuhcq,Bowbur,15357,96,Female,2,66.7550912080894
Vhdfgkc,Mybqe,13806,29,Female,1,64.432251218885
Owzgabyt,Avrxsviuj,15381,88,Male,4,78.34913125544199
Fbvieft,Coahpi,11404,72,Male,5,91.70348557040693
Zwfgu,Wwdkhm,16354,45,Female,2,52.298740383313756
Rxnsa,Hxslcdvub,3206,80,Female,4,76.28162501624104
Rfgtafrq,Djffa,5803,69,Male,4,69.35482814841298
Julcbbhwu,Evnho,8201,37,Male,1,80.89951972862458
Mjenxx,Zcvy,4712,48,Male,1,62.02550126193039
Ixqc,Hyuwzk,6104,34,Female,1,59.56679593048869
Idwxfdyme,Piuyvmwpd,13912,71,Male,1,77.52074855636458
Udxcke,Jdnl,16200,42,Female,3,69.0137276464784
Rddtsskbh,Xkevojf,7881,57,Male,4,100.0
Teolfvf,Zqaiva,13054,93,Female,5,86.46716194659808
Ogogk,Egedh,2527,87,Male,2,79.92183538579413
Nxcws,Agzpycby,1697,55,Female,1,62.5152461186956
Xqci,Totjnaf,14308,78,Male,3,79.8768821343412
Dljptuuwf,Bnypja,7793,35,Female,4,88.85489818635666
Hymlp,Hzyzrgig,18190,62,Female,1,63.163832324929885
Xkzavxh,Eafmqnot,14511,83,Female,5,98.78404601228314
Nndbrm,Zvhe,14480,56,Male,2,79.58534009962037
Lcodibi,Kviyaclt,7896,61,Male,3,74.82442320878712
Wncuixitm,Fldubnk,1135,23,Male,2,59.89067226851043
Sqvq,Oexhh,5468,44,Male,4,82.82165560914014
Xndprmlb,Bzkwi,17046,64,Female,2,77.00692511641873
Yorenkffc,Izfnflg,11113,57,Other,3,98.16859139199984
Wcdwmdug,Uqute,13456,60,Other,4,78.39413891878257
Wmisk,Owudnlu,3164,76,Female,5,69.72447798776238
Bjyzw,Tzqk,3565,26,Male,3,63.559774752541635
Ncuaiikv,Cxipr,17146,84,Female,2,87.29854706041323
Xrckkgwxj,Mcmybz,1501,53,Male,5,83.858199263515
Scxfpz,Wyhnpk,7683,49,Male,5,89.76754816130317
Onlnupuji,Bjhvz,14741,32,Male,5,87.51812758438666
Giot,Dqudyl,12796,49,Male,1,71.42528848129766
Qfsh,Rrblujsc,11226,83,Other,4,90.53162557891199
Lliz,Aflzfab,3743,57,Female,5,91.5682923456688
Ggzjeh,Kikm,1761,82,Female,3,72.24715750986104
Fgzqthv,Vbpqdkxd,8835,97,Female,3,64.35462237561131
Gmyr,Uxbvyq,1913,46,Male,5,100.0
Rtnnamt,Ykcya,17798,57,Other,1,66.5136821760436
Jishxdh,Jyrf,18350,74,Female,1,57.8047340232254
Pxmpxl,Jiczzyqo,6025,90,Other,3,74.4379809478369
Wmqdir,Ywbuhrtn,16261,48,Female,1,60.12783403411563
Gcablxb,Xayiengh,9467,85,Female,5,85.49957585465569
Xscd,Xogmduozb,4610,96,Male,4,80.5978067902617
Ojlz,Kecbiinn,15652,78,Female,4,86.76517176450267
Nisqeoxl,Trcrndwq,10124,18,Male,3,48.44414359055973
Mshvm,Cqxmusf,8193,75,,5,71.5157766443218
Jqsed,Bnmrmnq,13540,58,Other,2,68.43469732352602
Cwkmi,Fbouvr,13584,97,Male,5,74.01344268034653
Ffprghbhf,Bvmthc,17607,44,Male,1,40.34331260091576
Iinyqv,Xkwvcm,12133,93,Other,3,83.3504818754073
Laoabxwvk,Ikfcl,18825,37,Female,3,75.12568477027334
Pazx,Qazwvqkev,9646,20,Other,3,74.50101670132571
Hgtijs,Agkolv,3915,64,Female,4,85.54522729253851
Wlof,Tghbxj,2442,86,Female,4,81.05086466698741
Ahib,Woeapxpk,6072,44,Female,4,72.99300909421844
Mpjt,Xjjez,11339,48,Male,1,62.85837278563797
Xbqcf,Lpvc,16893,73,Female,2,65.16901386499534
Rxmsh,Icalsk,3074,94,Other,4,91.44372764889269
Mngjsr,Azrxoic,16710,22,,5,82.72797127480045
Dyej,Cvngz,15244,18,Male,5,90.63707957699258
Qifcwxin,Qopl,11467,79,Male,2,60.376746442152644
Fmsk,Exhct,13633,60,Other,1,70.20737398911275
Ctoprag,Gxinm,1795,45,Male,2,64.16385950745997
Eccnzjyp,Oagul,4820,50,Female,2,60.82732775422815
Olkpan,Lneuy,15229,73,Male,5,79.70419100292986
Skxzcn,Dqvddumkk,5377,67,Female,4,88.94010870206267
Lovuwpb,Etvrjos,5644,44,Male,2,75.64674365438958
Baar,Hyzm,2019,87,Female,2,62.839029798572575
Fujfgrge,Aoflovrrw,19627,66,Male,1,67.57319099521621
Cosyku,Zcbesq,15082,98,Male,2,69.41521625890317
Esvdqj,Pnqey,9122,29,Female,4,85.08734702225526
Tnbzn,Mcxqpf,2041,86,Female,5,62.51976646684566
Fjvymcjp,Mdkgkzaqh,9912,73,Female,5,77.42893836471029
Amqcugr,Sbwr,9656,75,Female,1,48.61248945843418
Woxdaa,Kederjkm,13592,83,Female,5,91.42438497061521
Waoioirjz,Cbpw,4782,58,Female,3,78.74774396871223
Bcpvo,Zfdu,12266,19,Male,3,91.27251959745576
Qbqhqn,Wdjx,10556,66,Male,4,80.27824909297561
Ekgkmbm,Zppyilrwe,13246,41,Female,5,75.7209181728318
Mdnwxxl,Uptswu,7210,48,Male,3,58.00777857239396
Jozko,Gtnq,2953,40,Male,5,99.06185208867336
Yoosiwod,Orrr,12100,63,Male,2,62.344844574967006
Nyvxhib,Bcgrmmjqf,17888,78,Male,1,76.09039985310638
Kqqobuza,Pgxgpexql,1457,91,,1,79.27599295922451
Afjvcux,Hbaqdtl,6289,66,Male,2,87.18089556018651
Rkkmgmkba,Onxlrmt,17235,95,Female,4,78.43573126464273
Pzwt,Poyfn,1719,46,Male,3,81.6918083978228
Immux,Uptsmpljr,9449,60,Female,4,89.04579609239981
Nstllkgw,Ezeedo,11865,35,Male,3,80.63141718825385
Yemow,Oexnchsk,5511,64,Male,1,52.396391618875576
Phqmyr,Vhkae,12273,87,Female,5,100.0
Murfx,Ghamnun,4254,98,Male,1,74.19476655397393
Ivref,Asdb,14685,89,Male,3,92.0392525507794
Ihlxq,Qqith,3217,25,Female,3,61.32364664903648
Ubzo,Rreq,9241,52,Male,5,93.38183665256226
Zegbu,Vrruhv,4414,73,Male,2,80.30429008306994
Inol,Bsyoqzkmz,3460,79,Male,3,57.149008521433345
Ynkccjabn,Bfowo,5202,82,Male,4,81.55068061548351
Hbsxjphd,Jcqrveicv,16901,98,Female,2,100.0
Ienao,Dccpkpq,2135,44,Female,1,73.96114874339901
Ofueluwje,Baxcc,8320,25,Female,1,74.7714730992508
Qkil,Usxb,12381,92,Other,5,91.89300401232752
Intwu,Tstahd,4172,20,Male,2,82.8248576322672
Cmrhfipd,Ogiyf,8109,41,Female,2,59.58483031674113
Xoleas,Tnmgyx,6806,18,Female,5,88.17803280611207
Mdvgsyulk,Rllur,8541,61,Female,2,48.142088904600016
Umuvyoa,Jejam,14075,47,Female,2,51.40141293938895
Vwswjs,Ziaiztinx,7599,25,Male,4,92.40334930577119
Nabz,Bbftmaes,15384,73,,5,81.19914467641217
Ytyla,Wkanyq,12416,96,Other,3,94.45633742293987
Drfjw,Kcxvqldrw,6176,84,Male,3,75.81657926455378
Mjvu,Gzqmbnet,9820,43,Male,3,74.78050387053362
Ygxdfgdef,Fmaqruwt,12420,31,Female,4,81.04402680963982
Eypbw,Fuqevxvjm,7579,83,Other,3,65.73142132753449
Hoylf,Lvdkgnsl,8080,20,Male,4,92.1978170164286
Zaeayge,Mdwp,18095,54,Other,2,56.21285057997994
Lytu,Elqplv,11280,27,Other,4,84.07839247782906
Kubdo,Tqetbcquz,5209,29,Female,2,75.68960334982961
Eqdwfy,Ajfridpz,10070,68,Male,5,83.00468976892937
Twbigike,Ecuzv,1014,46,Female,5,85.39228933844507
Jgxultux,Xdpekj,3728,24,Male,2,66.15255236616214
Iintte,Jpmalwr,11750,71,Female,5,59.59065467848834
Hgyswql,Vlpp,11104,23,Male,5,89.41112109135571
Ovotxz,Wcnjj,11592,32,Female,1,69.11103070001738
Moclkqjn,Navozx,2150,56,Male,2,62.87601694856758
Piznexnzo,Epdpayrv,3771,29,Female,1,56.21855579144542
Iznpaybp,Bvbocn,1462,41,Female,5,74.55273547806755
Znddks,Yqjun,10581,67,Female,4,84.35061765557823
Chxr,Pnujkkxum,4757,27,Male,1,56.3773297369013
Uoeaqgyy,Uwszuau,6455,44,Female,4,75.42411568279059
Dtchyxc,Lovqqtbr,10021,27,Other,2,89.22087284174657
Fearsi,Xszl,18028,82,Female,2,65.09613487381466
Acka,Eqtgwuxyg,17800,84,Female,5,99.27185196895901
Mchdild,Abgecgo,12349,26,Male,4,75.58722147918166
Vcye,Pxnvvjwot,19339,25,Female,3,64.75841106768746
Irgdy,Vxtsgswk,3913,93,Female,2,72.90358510769423
Qttkgdocc,Hmmphvqy,14586,52,Male,2,66.87871119121763
Uiqvci,Dfyiytmzp,17473,49,Male,4,59.57872957662967
Ltselp,Ultzxjb,14407,94,Male,1,40.99741964956655
Uadlvzrr,Mxjm,5020,57,Female,2,54.727965839446284
Vhupck,Kfomzx,3633,84,Male,3,41.07327789649874
Dolf,Iynpqeg,16170,26,,3,59.18373915014958
Ctzfib,Zrjpgyz,11621,61,Female,3,78.23496637139283
Ecvktmbwu,Dxnsb,6706,29,Female,5,94.83185265436441
Ftrne,Ppqx,10717,59,Female,4,79.2776723935624
Gvrojirqe,Oxrml,8898,29,Male,1,67.46845688990045
Jqcevpfov,Pvibjmslc,15318,49,Female,2,95.51056832048627
Qsdkamh,Htraf,10395,33,Male,4,67.53468430490403
Qyaxpz,Dtlrwkwb,2027,30,Female,2,57.212436126385406
Ygmjbil,Ghjfxhg,1750,92,Male,4,90.16939795557929
Nsng,Ffipfj,1269,72,Female,3,50.09678476579785
Lmpvju,Rdfcrz,9824,69,Male,1,55.978386225899015
Rfaxom,Awbl,3496,83,Female,2,57.01092390475115
Dooambnm,Xbklko,11260,76,Female,2,69.37540694996756
Xzkczhyo,Mggxpb,11384,30,Other,1,75.40760350028611
Mbtf,Hfrhzfvc,10418,72,Female,3,83.49275127930947
Gewxaxdh,Cqjqizm,2587,90,Male,5,76.72388229464488
Yswsglbg,Hdkawle,9153,24,,2,76.60984684178564
Ufsiguzcp,Lvkjfuusj,17928,72,Male,1,58.895480232997514
Saud,Kxskzh,5588,92,Male,5,75.45606109674026
Twpumqhoe,Telkcsgb,9505,31,Male,1,55.937256319911555
Hzcyuikbl,Iykot,2837,50,Female,5,89.53979937679706
Hpov,Fogjmwcgn,13734,87,Female,1,66.77635290757343
Jakx,Fqtuaoyty,14716,18,Male,1,60.10394751411715
Lugpaicqx,Fxjz,19808,97,Female,1,80.85882002139492
Fyqsko,Jrav,8387,82,Female,2,67.31130592898324
Nugegighe,Gdsfsr,9305,61,Female,1,53.4170560476364
Mpjreznrg,Xtyqd,11248,87,Female,4,100.0
Frtmiu,Jsbcvqd,17039,26,Female,2,63.99479340697957
Zbmx,Qvubyi,15706,32,Female,1,59.823850099597855
Qsxuuxbtl,Gwlq,5026,53,Female,5,100.0
Xcnj,Yftn,14882,68,Male,4,69.5756874393463
Gclads,Fvipsb,13270,22,Other,3,90.49765731133795
Imkqp,Zhvidnr,6555,21,Male,3,72.17140467896964
Wmqvtf,Urepps,2680,25,Male,4,97.23642445380969
Ytdxt,Infqognqn,8569,41,Male,4,64.44573720004388
Rlhjrht,Moxv,16640,78,Male,5,87.37039250625504
Awxdu,Optnt,13573,23,Female,5,74.23429864197831
Vmyeo,Hqcbtm,2002,27,,3,57.576556961766094
Ojqy,Cwfqwafm,8814,90,Male,1,59.293661654494095
Yuaps,Bgwml,3657,34,Male,1,79.19892806414666
Mspllthk,Yyhhptta,11102,45,Female,4,86.98850507717349
Ksbhankt,Elsucfg,4225,68,Other,1,55.41102524772997
Vkaigan,Rdxbc,6984,46,Female,5,83.22939975705837
Nxzfisj,Kcvlmog,5216,88,Female,3,55.99047629901652
Pclutd,Yixvmzyt,15341,63,Male,4,67.96318503562027
Dvpftx,Swwwscr,1497,77,Female,2,88.48417477887934
Abwauzutp,Nwwll,18444,21,Female,2,79.73141201556382
Vtzpe,Vheuwo,14562,78,Female,2,43.63714000725071
Vxcf,Rdqgizmc,19630,91,Female,2,46.7946297511305
Msfww,Rwry,9078,93,Female,5,95.92306602991275
Dhkrfghva,Ueikhwcf,17378,83,Male,2,67.57364513285418
Tpmqpaa,Jgkoay,10230,87,Female,5,75.34941327051743
Lyrt,Qqqikgpm,9799,80,Male,3,70.22100350989497
Tmvmk,Hxlaiewo,14245,75,Female,5,100.0
Jnexz,Hneie,15139,72,Male,1,72.75440326871835
Tdwnaags,Khiw,16424,70,Female,4,86.32493294238103
Ohfej,Wqyghayq,2912,66,Male,5,88.33195228654282
Uxquwgy,Sbfaofzc,6381,42,Male,1,60.344254746475414
Xxkgfqn,Rmuvdwjhl,12708,76,Male,3,59.95275033921593
Kmhn,Vsygzyqa,7634,20,Female,3,62.2693294613869
Bilfgpl,Gcdkjjstc,9166,59,Female,5,95.55809017636102
Mmkuwha,Psbggcde,5952,46,Female,2,57.903668158983926
Ehdw,Dimcq,8251,85,,1,50.24273272610773
Kvuxfz,Cflo,10857,57,Female,5,70.83107354046652
Dturgptq,Cahdo,5761,28,Male,2,79.04752864998285
Aqwl,Oiozcv,7104,35,,2,65.2134525220376
Szbggt,Ubqlme,9205,72,Female,1,50.509001748624684
Vosnou,Xvkario,1892,29,Female,4,100.0
Vrrrv,Xbczjw,6939,27,Male,2,69.11062935791804
Rddxotmee,Zqyh,8622,85,Other,1,84.48847933657525
Yllgcc,Qnfjr,14676,18,Female,5,88.12290158617833
Jcjebzbsy,Vrwzdfqs,6139,49,Male,3,97.76182399109803
Eadcag,Qjcfayg,8974,44,Male,3,86.10308978792413
Zxnrdkhh,Rurfo,5221,22,Female,1,57.25893232702735
Wsnfqfdt,Paaxceul,18432,40,Male,2,87.07548389119438
Kvpuh,Mmnvnx,9124,18,Female,4,78.0954644544457
Ojysi,Xniaww,19387,37,Male,1,75.28239784944208
Qimdfjbnw,Lxwgjeiq,1689,73,Male,5,72.196925866693
Aivyhkqk,Bmot,19232,84,Male,5,92.37848819345355
Ochs,Gnamt,7546,63,Female,5,93.91948056338623
Vtydxsyxg,Unuaq,3043,52,Female,3,47.27126184600061
Frymzo,Lpvdddrrp,14501,64,Female,5,76.48435029490884
Yyihdi,Sgilkjzo,6498,96,Male,5,86.72771598390474
Lggtm,Axyfqz,13485,19,Female,1,43.84307590008051
Xpgrgqg,Lnotbe,17565,43,,3,84.66392356532648
Ladnppr,Rcxebvgq,13710,24,Male,5,97.65390080097892
Krodrkzy,Qpjjvqy,7962,33,Male,1,62.40259836739878
Qdnhts,Qhxkwrebp,19652,28,Female,2,55.604834854616314
Gbvl,Xwjgvw,17160,36,Male,5,71.78204037770656
Izhdf,Qjejsz,4376,51,Male,2,61.87020650281925
Tfsoevu,Twrlgb,5154,72,Female,2,45.804642246226614
Toolohfsu,Whimlnxm,3816,68,Female,5,69.35123112060457
Rzdv,Koszejf,1381,45,Male,3,95.76783647156738
Asabeuyr,Zfhrjdf,3678,35,Male,2,75.61499826176852
Khecbga,Vkodig,1345,26,Male,5,100.0
Vobzhkwm,Lonnlaai,19893,86,Male,3,60.73142366686095
Hbcthwchj,Wllta,13971,53,Female,3,76.22343907690467
Cgjhexe,Lhil,15758,27,Other,3,63.429707454163974
Ligg,Ahivihgr,10037,86,Female,4,71.98769962525472
Nftka,Vycxm,14515,96,Female,1,69.12873721725919
Xwnsf,Bzujk,12314,45,Female,1,61.9479072389214
Tajbpvd,Eryzskp,13985,23,Other,4,86.67448891742795
Ozwnenil,Xcjm,9462,86,Female,5,100.0
Mjowrs,Nznwdg,3511,56,Male,2,73.92893827643748
Emoschbc,Ohtyqmnhn,6168,41,Female,5,53.98407305820003
Aspzo,Zglxzsf,18888,46,Female,3,90.36835759270333
Hjkesbfpo,Vabg,7877,36,Other,3,98.13902735940954
Giakx,Upph,2485,80,Female,4,78.44515164058382
Lyitxr,Xiypmmqr,18418,41,Other,4,85.20092644779064
Egedafvum,Wwjtvpgfh,19995,27,Male,2,80.55167916431499
Kgaymxu,Ffln,3196,31,Male,3,68.71143398996722
Cwszoa,Iqezb,15622,93,Other,1,63.5695286316351
Ymdqxak,Dfaciw,9158,75,Male,5,88.22226684401923
Bhvpzrjih,Lbapqoevm,15765,64,,5,92.89839655293784
Wxtsyoo,Qzqfa,5406,21,Female,2,74.46484108153088
Uogdpxe,Uxkydlv,17701,66,Male,3,87.34735452872941
Yrrrgtqpk,Fbwpzncur,10475,26,Male,1,72.7662701728012
Cofuaufdu,Ngyvyqxu,1442,57,Male,2,54.27416884799446
Ofwdmm,Pkpt,5841,93,,1,55.75357166864603
Agey,Qsjzkanl,12508,59,Male,5,76.77915309355566
Iekquqlu,Rciye,12730,18,Female,4,82.60672970742633
Vsoxx,Uvckn,13026,71,Female,2,87.7684821061136
Jtjdxtk,Vlucksq,10743,62,Male,2,67.38293069504117
Awgliluab,Svohqem,17441,90,Male,1,56.87430310925238
Mmtdj,Knizor,9306,82,Male,4,98.5090506679035
Zjmtsv,Wklgm,5378,79,Male,1,78.00067654673211
Mtgjnoft,Tsjaautce,1737,56,Female,2,36.34494166946228
Trutlbemd,Dzcgkogu,18077,19,Female,2,75.52906746953576
Yyatjblr,Reskrh,7540,69,Male,4,89.44678507957612
Fjolpd,Xmuneg,14005,42,Male,3,91.47050556307966
Hoqdkm,Iqof,12120,77,Female,5,66.0922715531653
Rpwwsmz,Oqulcjz,16516,27,Female,5,80.94547301204449
Yrkoqq,Vszrlcs,10876,95,Female,4,93.36141444032558
Uzqsg,Eqvr,15430,48,Female,3,73.97111577889095
Rvif,Huzfa,5565,39,Female,4,70.8744991129081
Mkyk,Lmogsmdkf,16579,56,Other,5,100.0
Xeufues,Tthk,10696,42,Male,5,98.49604807323085
Ibcpkahr,Bjywsntc,11874,42,Female,4,57.399093343813135
Caelkuife,Plligjq,12436,31,Other,2,65.92382967631217
Xucxgtl,Mjlpduj,13474,31,Female,1,70.3618323452051
Hqiz,Qymewaofr,17898,85,Female,4,63.49451888265342
Qoeem,Xeocqhxgt,14148,52,Male,1,67.88148736751512
Gkyyupqx,Jetezjwt,17433,98,Female,2,72.9247804096997
Upng,Epopqxx,10761,29,Female,1,45.78573822579743
Giedcbso,Wwcc,8708,68,Other,3,67.05966922931901
Ffyxyieoa,Nbyvaeo,7186,86,Female,1,68.775108679472
Ckupxtd,Tbwi,15133,93,Male,1,58.04226078847834
Yjwsg,Hqaxq,8090,77,Male,1,84.63348378569097
Larnrafs,Imof,9688,85,Female,4,70.06013147254428
Watkolmgo,Mmbwwjbc,6485,63,Female,2,69.53493455394872
Fhmtra,Idwnbh,17700,49,Male,3,57.517361041621015
Afrxl,Krbctzthy,5596,28,Other,5,73.87989204404161
Ejapue,Spnmb,17590,74,Female,3,67.01486063965224
Zdxzs,Arzsyeppr,16592,85,Male,1,52.50842927614246
Ofdwuvumt,Zyedtn,12197,63,Female,4,82.2695235471868
Xofi,Lnrzvt,9486,71,Female,2,57.66277695431978
Cykokp,Mgguzvqqn,15202,77,Female,2,62.10831642212892
Bamwd,Snau,10884,40,Female,5,82.24675238449059
Wiiyg,Elgpsj,15949,51,Female,4,84.15587909598558
Tmvzx,Homrx,2709,43,Male,3,61.14316897754438
Bmwld,Ntva,7367,87,Male,5,62.867087010910396
Tgkdxc,Xmdpau,9421,80,Male,3,86.47258046707417
Awywm,Exynz,16034,66,Female,5,76.60734691559799
Zbxkwvde,Wgykbcfcz,3253,46,Female,1,69.16914009247262
Iipwurj,Wacpuzwno,1598,26,Female,2,73.08827609388089
Jnjvfzd,Hxxdkrjhw,7594,30,Male,2,63.94532109199061
Qchpp,Rzoici,4382,66,Female,3,82.21774776212875
Kbarijle,Pcba,9400,96,Male,3,75.9510603006494
Aqxajkax,Dbywtzv,1034,53,Male,3,99.8759003822123
Fkfx,Puyeebd,8096,65,Female,2,76.68956438905417
Uijo,Ottr,7062,95,Male,4,100.0
Qvqt,Lhegu,6688,69,Male,5,76.44858755632453
Qldcywd,Ajmvcx,12808,69,Female,1,42.57108803564222
Ucnpxrmx,Unmcg,9771,68,Female,1,79.2407390744922
Dpbzjhvub,Xemj,1295,53,Male,4,65.14152725239447
Pdfo,Bayzm,1540,38,Male,3,81.17046794966078
Rpzor,Bovdcj,1676,56,Male,4,91.81982300501171
Lcwls,Slsqesfw,6487,22,Other,2,58.79578105237849
Mklopall,Isdox,11171,92,Male,3,76.50937596292366
Wyqmpq,Zdlth,8737,27,Female,4,81.1130492590164
Aydkrd,Uktitmbtv,13879,86,Male,5,100.0
Hmftgw,Syzjeinbi,17377,45,Female,2,66.25715458295318
Cjelktd,Inpw,12903,88,Female,3,60.68825735086341
Gtqt,Pzundoa,12623,35,Female,5,69.54203811225851
Papgogs,Ffjp,3877,60,Female,4,64.19405528251441
Zjmgqxji,Tjham,18331,35,Female,5,89.97539644664369
Lvbjwsmb,Srqtilp,19897,90,Female,4,74.27033357682991
Vofy,Xcalbl,1810,89,Male,1,60.3578920796643
Ccrmvmq,Vhnh,6642,83,Male,1,52.875745820905635
Qvztcx,Vlryzhg,1467,78,Female,1,50.90551732941449
Mabn,Nqcrpkqm,19089,19,Male,3,72.48971809369826
Jmjywbp,Hqskprg,12560,25,Female,3,90.93336356875713
Naakqy,Flljy,7835,81,Female,1,78.50780481994515
Zwfdotg,Emzg,13581,85,Female,3,78.28933240942531
Rxqzcwj,Ctgtba,7449,45,Female,3,59.106204930985974
Myksk,Iehskyb,11461,36,Female,1,83.34128069292433
Xxeqsa,Pzynoy,7044,25,Female,3,61.98929317692773
Ckrivpo,Arlhrhdye,6859,75,Female,4,69.44091029419293
Scpx,Qdxlv,17262,78,Female,1,70.67497032080041
Plsagkp,Ngtbb,17933,62,Male,4,56.59389338407277
Ebimlraya,Brzsgkqi,17568,73,Female,2,64.77817795361996
Xmcpsmmcs,Mtabgfy,14359,38,Female,3,65.30221739433787
Vietjagrw,Ntcscen,19238,82,Other,5,88.92344968341234
Rwzww,Oaeyb,1090,22,Male,3,66.5248865544337
Lgeiptq,Twox,2774,98,,2,89.77820109559205
Knhd,Wbgwo,15291,39,Female,1,70.87453865969985
Tllgk,Pjmvanf,17987,35,Female,2,58.98300597901236
Jnegrur,Ctkkc,18485,98,Female,4,62.91119656319163
Vdocssi,Ofacardrr,17464,73,Other,1,62.73130501479501
Obvu,Uauffgazj,3792,49,Male,5,73.4970030109943
Wkos,Dozp,14740,85,Male,5,72.11652065299444
Hzszbjbif,Dikfekhno,11168,62,Male,1,50.58809520201478
Wdytpylt,Xswnwpt,11870,90,Female,1,65.10346094469179
Esiedvp,Bhebvebcj,7195,57,Other,4,100.0
Wvcha,Cqenw,3014,27,Female,4,90.92877268367644
Ihpn,Mbfz,12112,72,Female,3,79.15126777915003
Frqyueml,Lsnskmh,5527,52,Female,1,61.48026818565248
Ynlalh,Fszdmrp,11358,50,Male,5,100.0
Rtbebbggo,Yhtpmt,9991,92,Male,5,93.55956037580854
Dxudw,Ajpo,16926,89,Male,5,86.31460908962788
Ntpfurgty,Vvzcswyg,16769,71,Female,4,96.74554686017859
Relrn,Gboxwrh,19575,28,Male,2,68.90030886345386
Gmvgm,Ytdgggyz,9833,72,Male,1,59.68629484319921
Wqwkvrix,Odggsjxb,3552,76,Male,4,84.77426845824785
Ipmypxsfj,Rgxg,18764,38,Male,3,63.855094851252865
Ybkco,Pjzd,6229,24,Female,1,73.13039673737649
Dtmxks,Dwaa,4528,48,Female,5,60.62860227950833
Eytk,Jvsebmgr,9485,59,Female,4,76.56655638758156
Edejjpdkd,Rgyzxufm,14256,30,Female,1,49.17547909973833
Fiii,Uojo,15673,82,Male,3,83.2421429953256
Iqdv,Guutezog,14804,80,Male,3,73.46379173086471
Gwfaqvp,Ghthlsb,18435,40,Male,4,84.74575741496774
Qyhx,Voavtalnf,14734,53,Female,1,47.15832032371694
Rnsrdekz,Avfmj,5141,75,Other,2,100.0
Qrrole,Nfbjehjr,4683,41,,5,81.59512321536765
Hbzwvu,Hshfo,4651,73,Male,3,69.36844955317693
Rsyljvf,Grrbihvno,7095,43,Female,2,80.3794140822363
Bzsmmgzg,Mdzufjq,18387,57,Male,3,70.1991508114948
Fkrgqw,Xuqhev,10640,98,Other,2,53.63633818529968
Gnigzc,Yqduanmta,4277,95,,4,74.79597402196028
Uzsuxy,Vylqjdd,14951,76,Female,3,80.7684504294538
Aufvbgn,Cfjpbdlsw,9592,77,Female,3,60.96453194316595
Wxfbdjfex,Vczig,10048,33,Male,4,84.96715843636721
Qetgblsy,Wxla,4625,49,Male,1,60.60971248211772
Upanvgy,Zjbtfg,12655,63,Female,5,74.98479588198438
Ktoqc,Wnjzmzf,17681,84,Other,3,66.70352560204755
Vryyzotit,Yqnktb,3448,87,Male,1,72.76669849573051
Awqjeuon,Ycgsr,1264,72,Female,2,58.60566943337443
Nyag,Bmrkjudm,2340,93,Female,2,82.67908997739401
Fyjuvuppm,Crkdyzkh,1485,61,Female,5,83.1376596770562
Moxxnsze,Rkhlp,5538,83,Female,5,85.4827693399526
Igcbcpcad,Cjkpjpv,17965,97,Female,3,81.49428005070872
Ukzdvx,Sjgqijy,14372,55,Male,4,100.0
Gvzovort,Mrmg,13617,90,Other,4,83.98874254592451
Ncaawxgk,Ooycue,19532,32,Female,3,72.74334777944208
Wwwl,Ywhlihlsq,1886,31,Female,3,79.19459471111216
Buun,Andfyfxo,11265,83,Female,1,62.21215990514949
Qcfgunctk,Vnxanyer,5601,95,Female,4,79.07039258359113
Kbgmqslku,Ojfswsve,3787,60,Other,5,98.93077129531547
Mpqfoxupq,Nqhszxfew,13846,18,Other,5,77.66752320473836
Mazheif,Lcxymvpop,8376,45,Male,1,64.00018400327751
Jljgwibms,Hhwczrx,18546,59,Other,3,81.41236997536683
Lvrvik,Vksyz,7856,19,Male,1,63.31721005968676
Jqapsqaji,Blyyp,14514,47,Male,2,78.54533344877875
Daqaaoshc,Fypz,1904,86,Male,3,88.88708089532334
Cqkw,Dqrbdrcp,2545,31,Male,3,82.23043893349809
Jlmutn,Apblqbtqa,14087,58,Female,2,69.20643408149853
Aswxrxqg,Wvtlwi,5341,72,Other,5,96.77686012493437
Sxfolmgdn,Fezjp,10738,78,Female,2,44.90796944923741
Blyleinac,Vdka,14326,88,Male,5,92.20566005167464
Mxvqhc,Wshjbu,18923,89,Female,5,74.32267997316337
Gisqumb,Pbzf,2794,72,Other,3,81.9630408613901
Ipyrffaze,Gsray,15604,98,Male,2,85.48437839468048
Szmvgjf,Qrkaics,5764,93,Other,4,92.47727748305658
Lajfenoth,Efcdtyeqs,19500,67,Other,4,70.3626778592748
Szifwwiy,Dwhoekuyc,18120,55,Female,2,59.20470069530612
Oltjnjq,Fgctndz,6516,38,Female,4,76.97111850513954
Soesbh,Tvgg,3925,31,Female,3,60.2786091355269
Rdxebwvtd,Ngmjdz,16387,28,Other,2,59.08917262051679
Pvhuay,Hejqco,10430,72,,4,66.93241441352811
Gwuijl,Zqdszkbpx,9777,56,Male,1,75.13033385813573
Jyunwnumv,Vcgmmlq,18798,28,Female,3,84.73203344457863
Fmojhf,Wxlyj,7934,94,Male,3,74.51371305606897
Evgdcvg,Jbap,14210,41,,5,72.1418079189348
Eqrgnlo,Kxnfivyh,1294,81,Male,4,78.6502248662371
Znvfkjiez,Ghit,2689,62,Male,1,45.803158164349924
Oktzq,Zcyey,3299,61,,3,76.70464720010636
Lwwbluqq,Jfroda,1336,67,Male,4,87.41818508406313
Qfkl,Mjrno,10327,22,Male,3,57.23105364648375
Edqwazarn,Rmodn,6062,66,Male,2,73.2842292234194
Vxkeyxb,Uzuvsubpx,5615,87,Female,2,68.95066154133747
Kbwshj,Vmiaavti,17623,20,Male,4,97.53389795597435
Mjothfiz,Gghufq,5410,72,Female,5,72.32016955876269
Vrfoafyg,Ipfd,4752,61,Male,3,80.84419458135083
Lurspeqh,Dcholrj,11886,21,,4,79.4588145988991
Ljkm,Omhzkwpu,19245,22,Female,4,67.5624320370534
Ewvljymrx,Omydmtjr,18595,77,Male,3,83.80133460148325
Xpdplakp,Knllozp,5763,29,Male,3,93.726603059209
Pbqye,Leaa,11822,30,Female,2,78.78079083876513
Axhwcfqth,Tyca,3050,90,Male,2,59.48726570653878
Dkymwp,Vprhy,3822,68,Female,4,76.10872035543059
Woxqjb,Uqgsmhlf,13223,89,Other,2,77.07290608065041
Ibriv,Pswxozgf,18897,41,Other,5,91.13624502814554
Socikzgv,Gakfhh,9318,45,Female,2,67.05095656595208
Qhvwysai,Klflpw,15780,71,Female,5,71.90642193237967
Cwjdn,Xscmpi,18474,79,Male,1,79.37416251219261
Mvatic,Aimyvfg,16898,24,Female,5,100.0
Ytkunm,Xdsf,16418,97,Male,2,72.97274176293561
Ejuicxsyj,Jxvmwh,3764,83,Male,5,81.47349410588744
Sfkpri,Qsnwqfzgl,3649,29,Male,5,91.03806873343173
Qajao,Blmzgjbyv,18080,83,Female,3,75.14928143750784
Oaanvwk,Tutuua,15377,36,Female,4,75.04858836300961
Xtbjdqidw,Xifzepmst,19541,82,Female,2,61.21508678505594
Pyxamaxbh,Eizkm,14215,87,Male,4,75.13653994873283
Wveuvtz,Zxhrnwfv,16729,90,Female,4,77.46920410029541
Jzwqjqu,Dtahxua,14954,20,Female,4,70.66192372866735
Kgjwquf,Ctidotq,3425,42,Male,3,100.0
Knhnmjfc,Sxdn,8186,88,,2,100.0
Segq,Nrbztwee,5709,66,Female,1,68.02036386421568
Iwgtxfxbb,Qsvpw,14094,49,Female,5,72.01266491932343
Druogl,Uvwphixok,11269,45,Female,3,74.36471703331915
Lsrblwnxl,Fqmr,18953,26,Male,4,90.15156262496258
Xwvdowyy,Jnppww,3309,49,Male,5,69.99877409612388
Ghnohvuhy,Jcdvcvyl,5691,96,Male,1,51.44062159771801
Ztfqjuhbl,Wqsukl,19590,19,Male,3,65.57142453393368
Dhuvq,Ttqsnta,2128,35,Female,3,77.38100351743317
Vgxjgkqy,Ncwsmxdep,18088,96,Female,5,65.43009106485363
Siphb,Ezlkz,4797,69,Female,2,80.96857821137016
Tifbane,Sisgwcj,19724,94,Female,4,77.41744957137527
Rbvkgju,Knrnjxg,9769,31,Female,1,61.95587994310313
Fxwaafcy,Wxmz,10919,89,Male,2,90.54483417027723
Hryor,Hjzlcw,19879,77,Female,5,65.35167645756735
Flbmfufb,Dvgen,16629,93,Female,1,46.22817828455718
Flqokeca,Pbutg,14176,48,Other,5,79.49130580468655
Sozmofm,Gzdsjt,11458,88,Other,3,80.74511417758626
Ghtj,Rifkefzj,16294,37,Female,2,70.69301864916437
Izawlgvzy,Ryhf,12312,75,Female,5,75.05003354730655
Bcwknnwl,Tmzn,8611,23,Male,3,57.487680501184386
Nbvfegszc,Kyxd,17455,72,Female,3,51.56129617338618
Icpl,Zutndux,2231,74,Male,1,56.11002812912613
Zzgpx,Aqdpxvpk,13578,37,Male,2,100.0
Xmkezwoby,Preyfd,12992,80,Male,3,91.39020538748056
Xhgzt,Dtwt,18837,33,Male,4,74.46293892735972
Xzgigi,Cpqny,1225,46,Female,2,95.92620565619357
Udikjorj,Vbatiggr,9184,27,Male,5,65.61640427107832
Keagy,Wxlzauhnl,3521,87,Male,3,75.7035807701774
Ntmlfdd,Ytjn,16574,28,Female,1,49.99282326419345
Rbwbtl,Stuolvsyv,4635,33,Female,4,92.26109762287558
Cyxmeyhuu,Dlwepz,13058,41,Male,5,85.39944036598276
Umobdhl,Jzdqetgx,15260,88,Male,3,73.52221207488833
Myrvpvwdb,Ockc,8991,85,Male,5,95.46382606458303
Qmxawe,Qhtjuxsvn,18073,26,Male,5,89.20272333328833
Ztqrnm,Trrdspkrc,17639,39,Female,4,76.38573597352328
Rvwciy,Ilplzib,4658,30,Other,5,80.57991154370573
Coiumss,Rwyo,2319,87,Male,3,59.26709657715105
Cvmglw,Topsepjl,12753,19,Male,3,68.54843947940458
Hnzbjyvx,Felvfu,2302,85,,5,89.22460864452952
Olhbvqsw,Ukwgmd,12985,24,Female,5,69.93446057039182
Iemtpwsj,Styh,6892,48,Female,5,80.72616467181089
Aaxrbkk,Lncr,12170,71,Female,2,52.16733454203816
Cbjwkqu,Qfojb,9823,98,Male,2,95.06986506666416
Olendvp,Gwky,17775,47,Female,5,89.82808766636307
Ojhscn,Oflun,16831,29,Female,5,69.55474997223565
Emopm,Dxeuj,14732,46,Male,2,75.34342690735934
Zkswulvo,Icnjqdom,1042,79,Male,5,81.03183701115682
Kschqsnb,Bufau,18927,55,Female,1,51.90914445623126
Uadweqq,Tvba,16643,94,Male,1,79.81092980117349
Dfkuogmbd,Wutlt,12280,25,Male,4,63.23771656236724
Elri,Wnejbwaj,6266,89,Female,4,95.2060178865392
Dbtdnh,Qmntzn,18280,95,Male,5,89.57029439955275
Qfwunsg,Xwzn,16736,23,Male,1,66.94695714247871
Rgjhmyias,Dual,6403,33,Male,2,60.23793368752163
Vlyy,Yczbvbbs,13624,21,Male,4,77.31350076824117
Fsdylz,Mryzb,17715,45,Male,5,86.52552606248923
Jdxtqcgr,Wqawhhs,16849,91,Female,5,89.32044186424466
Kvvqixh,Jyrg,7980,26,Male,3,76.78401107055548
Vafp,Itvpntx,1894,29,Female,1,60.892400848346824
Dcablwt,Iawlmrn,15884,31,Female,5,73.9163436256878
Gviy,Pclmyxcj,6682,86,Male,1,63.13511234971965
Zcahplrmv,Qdcxndq,15472,36,Female,2,79.48409280821232
Ncqie,Glwa,11330,65,Female,4,82.23230852274799
Exfsmcku,Xjurrzi,18795,30,Male,4,81.57002194109324
Nzkxolv,Qpktf,15088,98,Male,1,61.9059431501507
Bdtzer,Dmjier,5721,47,Female,4,98.8623028217368
Eiddp,Emqnchdwv,15074,88,Female,1,56.58545337595923
Irbsdzvy,Jxoc,13826,78,Female,4,92.48969069833976
Unwqozn,Tgmphma,8773,69,Male,3,61.87620822178273
Zrmonzf,Nguoeowee,13079,89,,4,90.29323142797465
Iozqacjl,Irxlnfeec,13484,64,Female,2,75.20847514622515
Pujwj,Sxosqap,10673,72,Male,2,67.0828613683809
Xzxuyuz,Bzbhbxdm,8884,24,Female,1,68.22305679036369
Gtdqbf,Pvqucvpj,7926,98,Male,2,47.45720407521357
Nlllfksc,Fadx,9353,57,Female,2,81.5695767239555
Anqw,Txvunyq,8923,45,Female,2,73.65215010120488
Akjzi,Fvqtgijd,19888,41,Male,4,71.9680888830041
Cowvc,Xmdwayjyk,18411,84,Female,4,87.35408197736137
Ipqdnczhk,Qhcs,18612,71,Female,3,68.44543471066314
Hqhbznnaj,Tfra,12066,93,Male,2,97.79400468199111
Tdzhvbrw,Xzrsv,5799,89,,3,75.05936037983128
Kfcllf,Jocwtu,11553,46,Male,4,80.91534280318393
Uenauq,Gdgrw,8981,58,Male,2,59.647573199822126
Wevdman,Uyfg,5716,54,Male,1,62.708868620020255
Lawsls,Vjjiw,9411,96,,5,64.42236453672905
Qlsvd,Igkiqiek,6668,28,Other,2,80.49006009164619
Bnyklttys,Aafzo,4759,32,Female,5,72.5570134478561
Ngpcddu,Thjnae,15643,77,Male,5,73.1476605361193
Nplb,Jzmcyf,16722,89,Female,2,70.72147736865975
Sknyqucrk,Uvhyqcp,7711,25,Male,2,58.38244133447904
Tfjepxmm,Jqcblg,6948,68,Other,4,70.08017849902902
Iucric,Ycobwtsmb,12728,21,Male,1,64.07657017972952
Oznj,Ibvednr,9161,90,Female,3,68.68010514235903
Ereawebl,Kuay,3909,97,Male,4,88.11532013847706
Uwesmhcm,Fdsi,17276,79,Male,4,96.31003746978288
Cbrq,Miryvnbht,19289,58,Female,2,77.34594259910462
Okrvkpq,Qnhzd,10625,42,Male,4,76.11966356160616
Hkpy,Gyce,13769,53,Other,2,70.41738525729741
Wqywm,Akvjnqyxd,9959,74,Male,5,94.99812849049503
Gvzxag,Lvbfkt,7620,26,Male,5,98.60730017307003
Qtqthofb,Bczsfi,12598,91,Female,3,62.515220336320446
Dflh,Zqyurtw,14327,22,Other,2,71.24724666688026
Ctrb,Ezrhrcjv,11332,49,Male,5,89.12193372430175
Plxmtpbu,Peduifh,1679,89,Female,2,78.6510123487471
Wvoegnb,Yeiepkl,2419,41,Male,1,57.563076538275496
Eeugzkuju,Zynpgkt,7294,61,Male,1,56.7302797962673
Jgihwsqpg,Elabjiq,7455,58,Male,3,65.98035744041022
Unhxw,Oykgfas,19297,60,Female,2,81.3613561494749
Xlwkrsw,Ehclvv,16018,68,Male,1,61.83689824828792
Fsqke,Ckxivzp,3652,32,Male,5,92.65794127582141
Lcbnqfad,Bccumwhy,9219,63,Female,3,68.06138132626032
Slffaim,Pumbdn,17432,53,Male,4,75.80321488135084
Ffisykk,Ivykdwa,10429,92,Female,3,86.10805553819722
Tcuzjfd,Bxmtnb,19896,35,Male,2,62.45899445758501
Fodlgsp,Uscseoejt,19773,25,Male,4,57.90602051974122
Kmqdna,Uwriqvqip,11295,98,Male,4,82.73341285002004
Eamsvp,Ufishwxhw,13627,66,Female,4,75.14411958103256
Ilaphvo,Xufvnb,2784,93,Female,4,76.53419610792594
Nqohtg,Mfvpmbesq,4769,46,Other,4,89.28406842672842
Tzfzwey,Qwbmfzv,2924,29,Male,3,84.4517760442476
Bjmqeeaw,Jtbifb,11965,48,Male,5,95.95619958133577
Sdonnvgj,Npuq,6233,81,Male,2,100.0
Jqvdnxo,Jjtst,9720,33,Female,4,96.27212014027427
Zgzpg,Jktq,15356,27,Male,4,86.88484060119052
Edwi,Glawfkufk,11121,85,Male,1,68.59867456404388
Kfmujdl,Bvnntayak,14594,28,Female,2,61.295822400756265
Zporlx,Wpibcbhj,16784,92,Male,4,100.0
Ntxy,Ndskhin,13287,85,Other,2,71.7143103394213
Qiinuxr,Mnzsgt,8221,98,Female,4,100.0
Sehjc,Odaal,3938,54,Male,4,70.52060747601556
Extisxl,Ldlpjz,3627,71,Female,2,50.61554621650018
Hushty,Azxxmrkx,3989,37,Female,4,90.53557974360925
Qkwq,Lzhrd,1574,34,Female,4,99.44049159947583
Dhpa,Qlimd,11843,25,Female,3,66.24988397687167
Iljpfm,Okexqr,4138,19,Male,5,72.01597668781932
Kazjumkh,Zvexsdqox,8698,65,Female,3,84.43026638477522
Fgjkmze,Plsioaj,1661,47,Male,4,82.8880705425189
Elqe,Nqcqug,2351,91,Female,4,76.50771584000721
Lffiowyzl,Jjufvtb,4128,98,Male,1,64.28525383484524
Ewjpuha,Ftsygkoju,18103,19,Male,3,70.0538205850898
Pvxszvwjw,Mbluvgtmy,3997,83,Male,3,79.2720389931078
Rqvls,Atsiyxdf,13825,20,Male,3,86.65562713392993
Vkrpq,Ophe,5207,32,Male,2,66.03400106324986
Euuu,Hhovlbmef,7482,41,Male,3,53.7737617463111
Dgltmu,Kqzmqiuxc,10100,81,Male,2,83.96569960486043
Ylbfcy,Bfjhothne,10682,67,Male,5,73.2702988445067
Iykzn,Cipgqhnl,6201,79,Female,1,69.87352331376496
Qxzinc,Yfuaxiwdi,7019,39,Female,3,92.60215756649961
Wmvzrf,Ssgha,18610,80,,3,77.84574871669128
Pzoytehaa,Jzixdb,5486,49,Male,2,67.88597457830363
Kyyjlub,Gsapdz,5263,44,Female,1,61.505010165911585
Fndaaem,Cjdwqyk,18085,22,Male,1,42.38315188550855
Ebbzywlx,Egyfz,9450,29,Female,1,57.71160988469237
Viwdolu,Gwfr,18651,96,Female,2,63.01799354776897
Sjxwry,Yfrfhx,10944,84,Female,5,81.05630991945566
Hwkxg,Tvzcokr,5760,31,Female,4,71.99035480990126
Uqnrahob,Xjksko,9890,37,Female,1,69.62440950987634
Nnqhwt,Rdsuh,7698,54,Male,1,49.87932292294009
Xglrx,Qjxxbgo,3570,30,Male,5,84.85956005342527
Haookgtd,Nrmy,5467,83,Female,3,59.65178942779017
Dffhirmq,Rsfhztaz,14335,62,Female,5,83.84841480930825
Fltawqjq,Bjiwn,6963,78,Female,3,100.0
Gwcbpvbbb,Uzxiisa,7516,58,Female,5,89.54368573235213
Bosznx,Nznfj,1563,39,Male,3,66.56423560366838
Hckk,Mniuh,12516,45,Other,1,74.0814065273071
Celipq,Jgwrahr,16720,68,,1,66.39904624190301
Ujfdzf,Xmyokrwd,5135,95,Male,1,62.62241556877188
Sfrpsgqz,Qkglwyml,9875,88,Female,2,64.98798714672273
Droifgbgv,Ymvmqy,18273,91,Female,4,89.59906155635775
Ukfgy,Luvbey,10151,65,Female,4,75.34603290382671
Qknec,Rjmtwk,8227,82,Female,1,93.59420571130713
Qpjiqdt,Ljqyqa,1133,49,Male,2,75.23564709304057
Gtwcajrv,Hivvficj,5699,55,Male,2,66.27061701020845
Luysl,Fpmsewjea,7787,82,Male,5,81.1066127471276
Gtbpuvp,Puxv,1110,86,Male,3,90.55642896294653
Khcnppxgd,Wyyzmor,14703,74,Male,4,72.86023693736414
Gsype,Iogqeps,5166,67,Male,1,61.168950570110376
Veeml,Idbi,18348,89,Female,1,66.42082080497127
Lwdxmdrw,Jafvdlal,16891,52,Male,4,67.1019752495103
Fsyvdh,Huio,2345,79,Female,3,72.21320484061235
Murasydg,Xrqqhq,17492,69,Male,3,75.30692757378469
Xysqzeqj,Gkesn,11444,70,,2,67.86113691235107
Buon,Snhr,8208,38,Male,2,64.56993974837803
Nmuoth,Rljzvlhri,6714,46,Other,2,58.51668528170513
Rvaygh,Wpmihx,15962,91,Female,1,85.80283598231867
Iownnpc,Eezopfr,11374,97,Male,3,67.8465995650568
Ihnun,Sujbzqsqz,15502,97,Female,1,53.19423243223126
Adodnnjxi,Ivoi,8583,62,Female,1,46.88271117468186
Pqfgnvzcm,Wrhyohc,10022,20,Female,2,63.22833693930082
Gljkhl,Pxfpirric,7184,57,Female,5,72.44862528273576
Pddg,Dpgtcvm,4289,88,Male,1,89.02988301491249
Johtb,Ofuarakly,19175,69,Female,5,98.6970364330328
Qjwlgxroi,Hehzguo,17061,53,Male,4,70.80228804217427
Trssmvo,Ocwnatnl,9918,46,Other,1,49.936658499879094
Kekzyhzho,Nzvyqie,12554,63,Male,3,73.49782442026071
Rdwndbuw,Tngffr,10264,84,Female,4,77.03749881578952
Oycllm,Cucaelqj,8139,93,Female,4,76.4366826567383
Cqbsar,Rdputzhio,10363,63,Male,3,78.37352900942258
Ksnkq,Ddqsfkys,13860,25,Male,2,83.55675045741783
Keikewwx,Vytpqhoj,3145,48,Male,4,74.85771569193872
Olqwalmb,Vlgx,6740,54,Male,5,100.0
Gdnk,Huqvqqqv,19659,54,Male,4,81.88432351229267
Swkkz,Nfswgcj,4728,48,Male,5,68.44423351479443
Zodgdeq,Tjkker,4119,80,Female,2,69.73409370587734
Dzsk,Fkjot,5537,46,Female,1,54.06982284816386
Pkwem,Gxwk,16100,20,Female,4,62.07089190570878
Nqxpvrnsk,Xgbmnpvq,5724,53,Female,4,84.51885736362988
Krkbe,Gfcab,14846,90,Male,1,67.24695711326378
Xxkxw,Wddgu,9572,77,Female,5,97.23758333769565
Cdyjcajrx,Tkvvcrcr,7392,88,Male,4,74.14012876176791
Frdo,Fshl,6820,96,Female,5,80.47391924986516
Ucsloqip,Odql,3242,86,Male,2,70.76228231212642
Hrsxi,Urcpajtpc,9685,93,Male,5,81.3875849517123
Vuvzvdwn,Qwgszqxd,18803,66,Male,4,82.76710892366393
Lxcu,Wwrelgzfz,11716,31,Male,3,79.19819972234352
Czvvhcpqq,Zwwsy,13326,82,Male,4,88.18434820987414
Dbjqzykko,Crkqvrqxo,18881,32,Female,5,93.85144822532806
Anhm,Eeghr,12282,65,Female,4,82.9287787235013
Nbxfspzdh,Niygbli,13780,64,,5,87.4736920592209
Lbiemykua,Plglmll,17801,43,Male,4,99.47781977913858
Ijsodck,Qxvet,5124,73,Other,3,69.73840581442317
Iyjafezkc,Tbrlepewe,5978,73,Male,4,67.67954198669266
Joapj,Cokmzek,2139,23,Male,3,57.30710434521215
Nqdg,Dchfoz,11007,88,Female,5,70.87434892550968
Lnqzorefb,Gcgjzoa,15538,95,Female,5,87.19251443650232
Bbeecf,Ashnd,14626,29,Male,4,67.90206168889429
Doykuitwk,Wkcsbemc,7885,27,Male,4,95.10986806535595
Wyph,Pqwqfabtz,16358,52,Female,4,78.3338898212894
Iamfwqwkj,Aihk,7666,22,Female,5,90.70984802579113
Hzmlsl,Ccja,17609,63,Female,1,61.679924656190025
Tvwlyyhw,Xmzhlj,3874,25,Male,1,71.06404714625438
Mvebkl,Zglfblx,4197,57,Other,5,84.68657977906166
Cicmblez,Erxpja,17661,80,Other,1,63.68444891369118
Vghzdutxk,Vohpin,4984,63,Female,4,84.30600100757223
Azcesuoow,Qeyy,16288,92,Male,3,73.1630646352701
Tnsbpfkvq,Ezdhiy,6502,97,Female,3,73.56199181472451
Wnhklqad,Iprhkwd,2057,68,Male,3,71.62024326572877
Rasxynrz,Xbjnnev,7603,74,,2,71.72762292540813
Wpqi,Lvlh,8635,73,Female,1,61.60471768564766
Pwblbkdl,Juvtrgsvn,8887,58,,1,77.49161877425429
Hfoyuk,Iraafqekk,4117,50,Male,5,84.05377490032895
Pdpapgwwn,Ojky,13385,86,Female,2,56.0114031707541
Iuefnrr,Arsdwxhtp,14319,61,,1,92.06953566007711
Polreqvse,Gnlmqbf,3282,91,Male,5,100.0
Mpkoltd,Jjmqse,7967,78,Female,3,78.13183746595838
Diovoiyej,Bfjydsmp,7511,91,Male,3,82.90585961258144
Uxszqns,Mfsiefevh,8159,53,Other,5,84.64899324264653
Cusj,Ecnls,17114,60,Female,1,28.556587803496797
Hexplh,Bvtkyo,3977,59,Male,3,90.05123153145587
Nxwvv,Qsgjijr,7273,39,Male,2,76.87722386721154
Pubu,Aeysmzd,4264,39,Female,1,64.94667138341612
Nfrkykkry,Bukeen,19915,21,Female,1,59.97553222446458
Ioatre,Owrkqmouw,7399,24,Female,2,77.24214144647073
Iwgqgqyg,Qtxk,15143,89,Male,4,98.47429987112223
Huqdwxscx,Lwxpr,13940,71,Male,4,91.92021772517334
Tftlwwzif,Kdyvliqiu,9588,30,Female,4,73.59276365444845
Fbvs,Qbllgkbu,16444,25,Male,4,88.64595297815936
Jmulyky,Ilzrbtw,1946,33,Male,4,76.97523980388438
Nphu,Fcuysdwa,18658,27,Female,4,81.35530243288764
Dcckif,Sgam,12317,69,Male,5,88.7281461995988
Xcvxiqm,Nalvdiclg,7747,27,Female,3,72.66057962252935
Krfomdjql,Pcyy,18036,52,Other,1,55.55126211943599
Xnmriur,Wgwlp,7474,89,,2,58.470511799064305
Zrvkkdbj,Zxza,15435,66,Female,5,88.88841440926431
Fhmbu,Gtecnntjb,8053,21,Female,1,80.72471931162326
Ekclzpmsh,Eugff,7948,55,,4,64.8334824751549
Jgnfwv,Neer,1229,68,Female,1,81.63583660863225
Vtqllzhcs,Gkvihpir,5697,31,Male,4,100.0
Jjwskn,Emjbruw,8752,73,Other,5,80.59252899232834
Louurx,Xhiofciv,15868,58,,5,89.86414679072246
Nwxoc,Hmxrfzm,16461,59,Other,1,86.02592203171426
Dxoxqf,Pumtldpkf,3995,28,Other,1,84.73746788450873
Lhsgpdz,Vmhaduy,10046,45,Female,2,78.88361004697524
Wqwlbgjzd,Innumlte,10503,29,Male,4,69.95028688955958
Agchxrxqa,Hdwzcop,13851,34,Male,5,100.0
Hgisygap,Ftkpdt,11782,22,Female,3,92.13377866124262
Okdztmy,Zoap,10747,18,,5,100.0
Psojwmfb,Lrypukr,3905,24,,2,55.38169066039277
Notieklu,Dncek,5079,25,Female,2,60.12719510620653
Rbfejos,Qbasmx,18933,68,Male,5,83.40715568395063
Puouutf,Uopio,13142,47,Male,1,69.25156141189618
Wwcvrcq,Fqdsnsq,3895,35,Male,3,83.09965434942842
Jgdbhs,Vcxqtiruu,8539,50,Male,1,61.195220851115835
Tggoxya,Alpcgdh,5459,82,Male,2,81.74093879484525
Dcrvuojv,Eznvn,14413,78,Female,2,73.7040239940012
Ajld,Fymp,18563,98,Male,3,72.87904550283614
Veiqigp,Kydymh,1584,50,Male,2,71.0126022068041
Ewvntywh,Cvokjq,16889,42,Male,2,62.20878706016023
Wplorja,Meqtre,18342,36,Male,1,69.44226355007869
Rcekqsv,Ifewb,5717,86,Female,1,39.74780293852712
Gyvjrxi,Ljomfbvs,13129,80,Male,4,79.6648561396261
Vkjofozg,Sojxeruv,5770,45,Male,5,74.55995426895322
Oeskxgaqb,Ndsq,19737,27,Male,4,87.20844936819351
Fftoi,Baol,11533,65,Other,4,56.20062220136691
Deet,Luung,6246,19,Male,4,82.77070124805564
Hqcsez,Yyon,12198,28,Female,2,54.33496373124075
Beilzh,Ilhjme,12873,63,Other,4,76.10286423010706
Pvarneifa,Jmgvaq,2238,79,Male,4,82.48785145092504
Tcgp,Amzptnfnx,6889,43,Other,2,54.13976341766654
Qjut,Vfdyml,15805,46,Other,2,67.61681029234958
Gqlnpq,Kbngqxy,14289,19,Female,5,96.18832203098975
Qcwrlqn,Ccmonk,14776,75,Female,2,89.2585759186315
Khxrp,Kimmgxyz,4139,95,Male,5,83.85813120731004
Bzlcbi,Ctqktou,4280,89,,1,61.531455272518706
Vresxwca,Aiutkohxi,17297,62,Female,1,72.45898762157857
Tdlgtsy,Gggs,5836,68,Male,1,64.46977129642615
Brtpds,Siby,9543,76,Female,3,86.39999135805746
Thhhlgdro,Phjim,12424,89,Female,5,100.0
Bhuww,Wmpl,7944,47,Male,3,76.24475230868069
Bjhl,Xuzim,11666,98,Male,5,95.28121991923244
Pfcgiyt,Xnfy,12889,19,Male,3,62.35836943075621
Ptkz,Hgrxdy,13085,85,,1,88.58132383686745
Akjai,Kxdiyam,7207,68,Female,1,41.51682044020369
Lthqo,Ehweztbos,7467,39,Female,1,59.78208266806927
Chymq,Ypiz,1581,31,Male,5,92.80336724947082
Lknevocke,Gmlcagr,3338,27,Female,4,68.99798313051845
Ihkt,Ktnukrq,8223,22,Female,4,93.31339132705627
Fmzrmvjv,Ufsbwckl,2263,88,Female,2,58.72515427070087
Tdsz,Yxrvw,5715,43,Male,4,89.80988772425124
Tjbhqdbwb,Fvzke,19723,53,Male,3,86.87403577654261
Xejixvx,Ssiwobur,11833,26,Female,1,62.78414207403129
Vccnrc,Gjmmsr,3540,77,Male,2,75.84708512113119
Kmzrslfo,Ddzzixu,9629,28,Male,1,68.91638211140298
Vnrdjeyxz,Alyhnugsv,4080,74,Female,5,77.39039163155903
Gbtq,Wfvq,14600,19,Male,4,78.76061690310495
Aiwfakvz,Siuhoiusd,10869,67,Male,2,61.184628660803384
Dydasxuwm,Szdqk,9016,62,Male,4,82.02709590698463
Htllbr,Pooipeee,6733,76,Male,4,78.15880497811561
Wgfztvlnu,Oetn,3545,43,Male,3,55.8503346643775
Xoifrju,Lswkmfmr,10591,98,Male,3,77.76868729473783
Subqp,Yokw,3434,75,Male,2,43.89307245023477
Txrb,Xzdyzyrxx,15355,79,Male,4,85.51473166320812
Qxdryr,Qtaqrwfqv,10381,82,Male,1,77.4200519085195
Jumqgquo,Qxjwe,8035,66,Male,4,94.32359952151387
Bprtnri,Plgmlbbm,5339,88,Female,4,95.46342223580089
Yxdmsh,Xsxh,13141,74,Female,1,71.80541795793255
Dygpfqni,Skvitu,4466,51,Male,3,75.54814156026595
Nznv,Xnslrcayo,2913,84,Female,5,90.95902776731883
Qlnodxy,Fwwahifn,19365,20,Female,1,55.238517803243084
Xzsvnbcp,Axic,3585,93,,5,96.49923974006583
Mwnovoasi,Wzyjlra,17852,37,Male,4,79.6914552264465
Hgzkcx,Kavv,8232,57,Female,5,97.64941247402865
Tlhjo,Gsdgztiri,16008,25,Female,3,76.41870998028807
Duayp,Egeiqblq,14908,50,Male,1,77.62802674663077
Khaypm,Qfgayr,9785,41,Female,5,63.22276205569525
Hsqnerd,Smtggr,7943,77,Male,2,79.28024675916531
Gsluoh,Rvqn,16350,72,Male,3,59.28036234318706
Wmvvsbugx,Svufyms,3940,67,Male,3,64.08726336026349
Quurxe,Smtw,14746,90,Female,3,81.48030069352275
Pilfpcvt,Vxkfy,19325,55,Male,1,60.58346376394395
Larryz,Ptvsl,19697,30,,3,36.076286614698404
Vktqg,Obojylu,13288,46,Other,4,81.91369042550133
Icmc,Vpkws,8703,70,Female,4,72.58026639870013
Fvgh,Yppx,10386,72,Female,5,78.64801367285622
Zqont,Ruka,2397,78,Female,5,100.0
Opjqut,Qbefsixmq,12181,47,Male,1,63.23616904258129
Hnnc,Bechyam,7007,55,Female,3,91.7701893677061
Kxbhrnun,Wtrfv,11606,20,Female,2,87.043640750502
Ubxosdp,Wacr,16183,81,Male,3,81.2993314059941
Xuodpj,Wufvxhrh,2614,89,Female,1,74.07948888493817
Slzma,Akubo,2654,48,Male,4,66.80262768272632
Jlbijreh,Ctmrzzfd,9098,75,Female,3,88.71733408287574
Llpr,Guwyoe,5024,35,Male,5,95.26441811032856
Xftutfbo,Wmtiwri,9526,29,Male,4,94.25785969675736
Cqty,Ynnx,1700,37,Male,5,80.54304344466583
Pqjgabltg,Crsvr,1493,50,Male,4,82.3816366104381
Gazvu,Asmqb,15103,44,,5,78.65505775578234
Bbgspzsbc,Qwgaokwc,12643,72,Male,5,80.34204480330636
Kpedl,Txfmk,12199,23,Female,1,74.70134781372984
Lsmvjsp,Ptkpvsl,14173,89,Other,1,49.27720262437083
Oqhrakgwb,Kpddjee,10655,50,Other,4,83.4854397460254
Mwmoem,Xvmug,2413,92,Other,1,57.20640418255532
Swmakjw,Zhzk,8629,57,Male,1,69.07891204123347
Zgqusmse,Ueuciygxe,14459,18,Female,1,92.66440111786895
Mlfcfwib,Eboabht,5260,58,Other,4,56.7690878684907
Lkkid,Uttll,13077,19,Male,5,100.0
Rmjxdxlq,Xsihb,10598,74,Male,2,88.12087941060847
Qqpm,Zxrufu,5208,81,Female,2,66.48871388882321
Fxgcbwyod,Blecbn,12513,67,Female,3,79.25345003787537
Mvat,Khupleijo,10215,72,Female,5,100.0
Anasxrzr,Cutgvwmh,19167,61,Other,5,77.2674022370712
Icghbqwjf,Wogdqfc,7166,37,Female,1,59.99174773569421
Wcsfhsj,Uxdq,3661,33,Female,3,88.2361373043662
Bzfy,Cgtj,4892,87,,5,88.93959665772714
Wnzecuial,Coob,11244,85,Male,2,69.91352218977846
Jhvpl,Yttvhs,2998,87,Male,4,85.87421087099901
Bffvprgzg,Iqwvngyt,12121,51,Male,4,73.19090188560867
Iwcesc,Egtbu,14475,60,Other,1,84.45676458354396
Ssmcu,Vxsdsdr,10521,43,Male,3,69.76442051048896
Pyxjtuix,Aycm,16534,63,Female,2,74.50844164905125
Ldjkyjsr,Qqzih,12923,32,Male,2,59.3085160309521
Duyjgd,Zolx,13773,93,Female,1,71.27211675581445
Zfrgw,Vzeqtoz,9483,41,Male,4,71.76108882543676
Wkppyzj,Qdyxb,3619,92,Male,1,74.7725191575423
Xfxnmmqmi,Uftwttw,17959,45,Male,5,99.78500849354384
Uskg,Oizq,9137,72,,2,60.629967992426714
Skzcxc,Onuwz,11652,79,Other,4,80.01048621708998
Wghpc,Qzhusai,16293,68,Male,4,69.78284720605379
Mqublrz,Jdjjlze,11289,27,Male,4,85.64683056231078
Gkwulmm,Mbcvkyt,17443,48,Male,4,75.99924500589515
Ampoor,Ozrlaccv,1215,84,Female,2,65.80928450146246
Rybofdf,Zmlz,4710,21,Female,1,68.08095625574704
Zyhq,Iazarvnbb,3351,69,Male,4,65.86278174276697
Wjshol,Ksyx,19035,31,Male,5,79.24951498515388
Ilpno,Zbuezz,10847,52,Male,4,75.948852175146
Gpnijk,Bydap,12056,37,Female,1,75.2378776422559
Ohhv,Unbnc,13565,22,Female,3,85.22145993103042
Vvvihurmq,Izgiz,15284,73,Female,5,82.79968768422492
Hldmfk,Tsnaljf,3363,68,Female,2,65.59806037294547
Dttq,Yyfebg,15158,64,Other,2,75.13512891555327
Iyqmlto,Wkvhj,11433,67,Female,5,71.40385033530026
Ifktwdhk,Kowezaz,16916,37,Male,2,77.55206872296435
Dqfdc,Gsxn,3528,89,Female,4,77.74955632986983
Eyeu,Vwrxtuxg,14897,40,Male,1,66.39257019875635
Uypms,Vroek,13504,76,Male,5,100.0
Ebdmajoc,Igrknev,19324,94,Female,2,80.464718606256
Ivfkbfk,Bahhmic,14454,75,Female,3,92.2192005939859
Hetcpqx,Doxkmtaym,10699,63,Other,3,90.32503777242543
Hwsvffw,Ehjqfy,17783,71,,2,68.7945309551286
Exswe,Gyvq,17399,97,Male,3,68.66778766125624
Lhmxosoj,Jwzqwkpq,2112,31,Male,2,68.07869524883954
Nyrdooyq,Hmmm,2730,45,Female,3,90.7748361003065
Aezfg,Ugebih,5578,51,Male,3,74.78186844347974
Kelrmxa,Unii,2564,95,Male,4,86.33181677838078
Jkxv,Pnmw,5416,94,Female,4,96.49529046348076
Cmub,Rqcwc,11206,93,Female,3,64.69005956915271
Lrtlsxsfp,Bwqeud,8664,97,Female,4,80.18447370954425
Fecs,Qugg,10456,56,Female,4,78.26236581142275
Weucntcmr,Wuebzed,17458,72,Male,3,82.98546791424322
Bjlgt,Ggcjp,5226,77,Female,3,64.83346955578
Fapcmf,Bgpsvhxeu,17878,34,Female,1,78.20150117859143
Dkdebzh,Qeantkisf,7878,92,Female,5,90.00593711738478
Jllr,Eirbqck,17573,64,Female,2,69.78717489254744
Lwyelto,Tgzg,12603,65,Female,5,71.53997111231993
Xofscbfp,Khoavnhvd,2224,66,Male,5,93.70728984501385
Gslzan,Suec,3316,86,Male,1,66.80935555723698
Pkjhidt,Tdbwkzds,14557,72,Female,3,87.32064459000348
Xjltdneri,Camhdok,17042,51,Male,1,73.06170610962484
Weeerx,Wtlowqwyi,8397,68,Female,3,77.40266693896558
Vzfjm,Kidrsknnu,1960,28,Male,4,70.04322501706625
Lahlu,Jvhav,6685,87,Female,3,65.27837257404376
Tufd,Hdtrzzde,6453,61,Female,2,98.12283088649644
Mcguvunym,Bogwyhjs,5160,60,Male,4,74.25589125628417
Eawehycrb,Rrhwvqp,11440,42,Female,5,98.09085791349654
Auiogwf,Hxpkh,7681,41,Male,5,63.689805124925094
Tthpzbpv,Zgoonv,7397,56,Female,4,83.1531342259942
Osnbisa,Cukk,15836,66,Male,4,83.18475042299517
Mvieqgz,Wxaruwm,1363,94,Female,2,62.886626775541615
Nyzxjhew,Tjtfmncgh,17119,95,Other,1,83.64788298452791
Pjesdw,Gkgirr,5857,60,Female,5,73.8734598765414
Mrkgft,Ltnsinqjd,11697,20,,2,66.96087196077536
Scoq,Zxpmepe,4962,27,Female,4,80.32059551170562
Bdwva,Gsqwzmq,4478,37,Male,2,76.35105604384104
Kjqwa,Rjhk,13716,83,Male,5,88.70769780808124
Hffpd,Wbleod,2460,74,Male,1,60.84230501418601
Ncpmxk,Taeremsok,10708,61,Female,5,100.0
Pgdkjxd,Evnuqphk,12810,85,Male,5,100.0
Ndjscs,Hoyl,3359,62,Male,4,72.53727366065414
Dnaxwpwln,Ziih,5060,73,Female,1,60.2887862439238
Lyafzf,Npmzkd,15296,36,Female,4,75.88520710527763
Flpqdjhc,Zplnom,9567,29,Male,2,55.6883263284634
Jlri,Eexsqst,4489,40,Other,3,93.05999144906501
Vucu,Bpqmmii,8421,54,Male,4,69.8907866060656
Ocomedc,Povhut,6237,27,Male,3,84.58409291968849
Evbprcc,Thec,16959,20,Female,3,65.53703196623623
Wmqacabj,Uoacwohdf,15331,80,Male,1,51.071594983711435
Wdyjvox,Jnrsnydx,1175,55,Female,4,79.83794931968298
Xygueoa,Kvbl,13537,85,Female,2,81.90647380090162
Taevyq,Olblj,19405,89,Male,3,98.90375886589777
Qqmry,Gwmli,7894,56,,3,60.075509375242106
Dnxzbrs,Odjle,10473,74,Female,4,74.72565990004767
Cuqveejsl,Skxjaysm,9507,38,Female,2,63.62608278136328
Cimzgk,Otcbjnavi,9973,51,Male,1,64.64269500646657
Tzexaqbkq,Juprjkww,17239,36,Female,5,77.92143465284391
Issn,Ohif,3116,36,Female,1,55.83742274414844
Fduwkscy,Kxzh,19253,30,Other,4,61.07613290359677
Qolpzu,Apsuauain,6437,34,Female,3,87.70460219845833
Itjzstce,Dbwp,12726,22,Female,2,69.95829216794398
Jmjhb,Lqdxsyiee,10330,55,Male,2,71.86378346587915
Sdvhib,Nhkalo,19052,68,Female,1,41.653844111672846
Fjawqscex,Bcqa,9737,42,Female,4,83.53259722825055
Xcpurhc,Djmdpcdj,17191,65,Male,3,91.34687507405772
Empocrxtq,Ubzzfj,7360,90,Male,4,84.92263541426937
Ffxty,Fwlnkbap,18537,93,Female,1,59.10940903579069
Kykid,Jdod,4283,92,Other,4,84.81740351622344
Vmlg,Crjqu,5886,57,Male,1,65.33380628208029
Eiywk,Zcsqjx,19126,21,Female,4,79.35642819340833
Vhnrdbql,Oxjl,8293,49,,2,54.65316875201021
Boqobta,Wfjfskbb,19455,23,Female,4,64.64445262753722
Zinkvq,Sziqeuj,11415,97,Female,2,75.94417619708653
Dnqvljmm,Fppmhb,19807,88,Female,2,64.40772812244401
Nkasthnt,Osgkyvq,4881,49,Other,4,68.54180415234222
Xflbsuia,Fsqoez,14120,76,Male,4,68.46171620704594
Zanovku,Hlzedlruf,11605,53,Other,3,86.38966533647317
Pekqyle,Yofunlyft,5289,89,Male,1,69.19284876182076
Vzeg,Dcpwarop,15799,68,Female,2,59.15824764641221
Fjqukq,Iebnd,13697,51,Male,2,59.503851984103314
Sjijci,Dgmec,18588,74,Male,4,84.63766829022408
Hmzhnjdne,Lummfbsyg,2387,76,Male,3,66.10965595841805
Yrjzzdw,Ezeue,7028,55,Male,1,75.62849459606738
Lxua,Obgamd,3374,64,Female,2,59.134365916012285
Wnqcdb,Oaffx,8371,45,Female,5,88.89043372474775
Nvkg,Gwms,1430,56,Male,5,73.17090694108312
Exblfpcq,Exkye,7329,36,Male,3,53.64692638372698
Mkloj,Tbikiwikd,16827,30,Female,4,89.35552830683099
Wdcygfxnn,Offosfr,11540,73,Male,4,76.94192528789665
Ogensc,Cinhjpkca,8328,45,Female,5,73.77943737220241
Ullw,Qzluzw,1851,46,Other,1,64.86128189286596
Efagg,Ftclkpc,11347,29,Female,2,69.33125913525677
Vwmzbvgos,Wxwhtsedv,13726,24,Male,2,75.21787707509422
Hwvo,Amizhgi,13636,90,Male,4,93.49404595781057
Dtbpqv,Sywcvmdr,18525,41,,3,100.0
Gmqrm,Ynbkl,9362,53,Female,1,62.376446823454266
Ydeqok,Bthmlg,11190,68,Male,1,63.86092656805477
Hyhmemej,Lvzaniktz,13647,28,Other,3,71.4472572883109
Rdnbu,Liwc,17368,30,Female,3,65.86281625172207
Zybrijyvs,Xkengvnt,8671,81,Female,2,77.79914601401349
Trtc,Qyteb,11015,78,Male,5,85.73393671843338
Tfunzqr,Mqitbbojx,14810,24,Male,1,70.2928938453661
Xxebxnhlo,Juliu,10321,46,Female,2,79.21428147887322
Rrkjq,Jjgtk,18556,22,Female,4,81.11703259595743
Lggfykj,Jbebcwg,9479,40,Female,5,72.6391178906106
Zzhole,Dayqcuqv,4189,58,Female,4,84.17971547026308
Exhna,Sjmrb,3626,45,Female,3,84.1169002588399
Npadrpryi,Jbll,14720,23,Male,5,85.01345112473567
Htledvjc,Bipcwdtfo,1123,42,Female,1,51.13215205040082
Rpade,Wplrsbfp,19735,86,Female,1,78.59799085522297
Pekeeyjo,Qbzbpge,2752,96,Male,2,81.3617105891215
Epyjvpt,Ejgm,14758,18,Female,3,78.02537670915987
Ltrkjoqsf,Ipvtm,7306,29,Female,5,86.4697529235749
Eicfjbuix,Dkajbd,12599,51,Male,4,73.40378229164634
Uphvngq,Eujnk,5212,81,Male,1,83.23785881104111
Xfmu,Ltsplsjfw,4241,37,Female,5,59.43607863437233
Dvfgurxu,Wjnemfmri,8942,88,,2,43.33782965896742
Tmide,Ojvy,19122,59,Female,3,44.03270700383178
Xhhveoikf,Nwkn,8714,44,Male,3,76.00530750383632
Tzdxyk,Fonf,5337,19,Female,5,90.12580109852377
Tsbwh,Vfcdu,9444,39,Other,1,74.86883433277775
Oqjt,Hqeaarqx,7621,80,Male,5,98.56786940698822
Irhaf,Eyvtcg,19582,48,,4,84.70364089557529
Rhgizfd,Uxyisuyju,10972,82,,1,64.86083999350566
Wklj,Hhzlrhdq,9149,19,Female,5,85.57060501945932
Vqnteqkg,Hdtzxdc,5393,69,Male,5,77.7948962304929
Jzucdwuyr,Kmxirsj,16572,62,Female,4,65.23382803455972
Dyglk,Sqozwx,15311,31,Female,1,72.13415743077822
Yzrhela,Dcuvm,3817,46,Other,1,77.0868364688506
Fjzfkowg,Uvicje,12370,53,Female,5,88.89677596424464
Dicxe,Yxjrtzxma,19337,59,Other,3,60.36297232629615
Utnjubhc,Kxwpps,4403,73,,3,60.7575349973476
Sesdjk,Vfmm,6552,70,Male,3,64.05810919580712
Fyelgwq,Qdkuoog,5287,81,Male,5,87.13448797398453
Ucmdgjh,Tkqq,12608,94,Female,2,73.91481943306351
Vvvolbm,Zawx,19456,69,Female,2,59.6830596253726
Xfqpfm,Jiqoie,15102,27,Male,5,85.2467811597113
Syuqpof,Rjscok,14339,45,,4,100.0
Xduwkxkh,Fehyouete,2790,88,Male,1,74.26600685573817
Uhvbukudn,Bqagmquy,11773,67,Male,5,83.40236981084495
Hgzo,Vhyg,1511,64,Male,2,82.80389792586328
Uewe,Anlspz,8144,47,Female,2,80.33762528662884
Atql,Ltnzzld,6081,30,,3,86.33813666427025
Dqrwp,Bhjz,6285,33,Female,3,80.91662574218515
Mclyy,Ctdoxb,11191,26,Female,2,57.74557893209497
Qaid,Wkmxglga,12805,49,Male,1,74.58362561772954
Cfxy,Nyjiib,16079,42,Male,3,66.0714289622596
Mxpsfuvc,Nriuw,4154,59,Other,1,62.667197117332265
Quvelmpx,Fmjz,6413,55,Male,5,89.10517674598486
Ionlb,Senbev,7722,29,Other,3,81.75865937622464
Mgsjf,Jxhssft,17579,91,Male,4,50.00256663986693
Kbvxvvpq,Mwwczy,16258,24,Male,1,59.006284211198754
Bxwhorji,Kxhxkxi,3089,38,Male,5,92.59986689993073
Dvnvgeud,Boaotc,16763,49,Other,3,50.25539588281463
Luqkn,Csbkun,11501,62,Female,5,94.7749812558498
Sfiw,Aofyp,3030,55,Male,3,92.35090797286657
Rpscgsg,Pahpbn,5095,65,Female,4,91.4635003796931
Owqmara,Rgayo,6857,57,Female,5,75.42895128969086
Uksdwua,Tniyi,13471,83,Female,5,59.76142138616961
Oqawrohu,Oethz,12813,92,Female,4,80.50198980177888
Zypqvkv,Ojrazczpu,15944,62,Male,2,76.13396106658075
Lfcbwgqve,Kjtitun,8739,81,Female,2,90.56025874298197
Nzoa,Qjqqf,17335,31,Female,4,76.29097086542912
Quhmq,Jnmzuifx,3846,21,Female,2,62.73005826742157
Ftjn,Mknkgj,12259,20,Other,1,54.54953357044634
Jwifselef,Ytsqxub,14727,22,Female,4,94.61099803075598
Hyuckjhi,Uilo,6800,33,Female,1,62.132178227697324
Gqpkd,Pyqesnxib,8007,62,Male,2,75.08752278790634
Ktshhutw,Ogkt,14911,29,,3,56.4620698941833
Bvcfecw,Mhkubhnsv,8149,28,Female,2,65.46025009629682
Mjrxhf,Qekazke,7719,81,Female,3,74.96512508237626
Bjit,Ggyzy,6974,27,Female,1,57.65564728100748
Aozijgm,Vmfj,10569,93,Male,3,78.35964905249074
Wxkpeyv,Ugiwbsw,2729,69,Male,3,74.3158077102777
Yayeevzvt,Dnlac,2438,44,Male,1,89.86058918925765
Qvfepl,Feoqa,10136,34,Male,2,65.68230158504593
Gvokj,Ieifqss,17184,57,,1,82.1022415367061
Zwdj,Fhcc,18617,88,Male,5,84.8380350635652
Cxciln,Hcgwtei,3146,37,Female,2,58.33586683885629
Djznjh,Bufvsc,2573,98,Female,5,82.29679601699698
Ohpdwnc,Cwwsdqb,17129,33,Female,4,86.55235166124001
Sjal,Bqmy,16558,42,Female,1,83.50305676340435
Ugsj,Srcbnly,19015,39,Male,4,61.82301006946561
Kgmle,Snzlocaj,18911,35,,3,71.04728001398077
Avtmz,Sapf,15069,30,Male,2,69.66936741968622
Ihjaz,Efrjixy,12481,27,Male,3,63.57397390241019
Zamrefetr,Mbzzwcfrc,7328,50,Male,2,65.39826834734743
Tmmbsf,Nlxcxenck,11724,30,Male,3,91.86874712331061
Saxg,Gdkyo,8864,44,Female,4,71.35583023592994
Pjqvyx,Jkdlil,19086,38,Female,1,54.07847280618694
Gzgo,Neoidd,7443,98,Other,1,62.671732923528346
Mksvfwh,Jqknwzj,11437,86,Male,1,81.49555422087882
Avmzurdp,Vzrmnsmd,12809,92,Female,2,75.06861034149148
Wjxmrwg,Iolha,2583,65,Male,1,78.82097796011489
Xlpsurv,Dutbxlami,7911,79,Female,3,70.99943986727658
Mlbapkhng,Fyqj,1938,38,Female,4,80.18502980828322
Ndbojgfd,Uaadfro,12064,62,Male,4,100.0
Unuftn,Ohlg,14777,21,Female,4,69.08048526906788
Nurvybew,Jyxxgw,17673,50,Other,5,100.0
Mmnob,Kuzmdriza,10843,88,Female,2,64.47069945459774
Ddtdgmek,Fwwz,17785,89,Female,3,84.01038722971305
Aiyv,Jsepia,5937,18,Female,4,66.18626606121587
Wfmdt,Dqxfqse,19987,79,Female,5,93.22345606280626
Bfllpmxz,Oaga,9631,89,Female,1,68.64051278578066
Ligvgjyhq,Cnsemf,3038,86,Female,3,89.069048848093
Hninvgljb,Cmrw,10140,25,,5,85.76301381879719
Tpsecxey,Twgpby,19794,35,Female,5,100.0
Pjgivs,Adicgof,12104,23,Male,3,85.28894854337297
Imcic,Lecvmb,6527,53,Male,2,76.79986690636544
Ilkm,Nvyee,19772,55,Female,2,78.84384105370896
Vtzeub,Zanxt,16872,62,Female,2,65.68468544121193
Ccmvlhrsq,Pkdhqker,3366,91,Female,2,70.85523270781148
Pvumo,Fcuvy,1024,77,Female,5,82.53918842711707
Bjiryzcd,Hudi,2526,40,Female,1,73.97196290565537
Fmxybq,Pquqwauq,6559,21,Male,4,60.824741235101484
Mkhtel,Pyqb,13338,63,Male,4,59.96375751832865
Aagrjui,Hrtsomg,6533,49,Male,2,69.95990541611212
Guxu,Hdxcjzjtg,8411,21,Male,4,83.05792454563435
Zbjebtoc,Tphv,14875,72,Male,3,69.2000240606294
Powy,Wlytfmabm,19464,92,Male,3,88.108480137497
Louk,Wxtqsjnrz,19450,65,Female,2,66.45687465669243
Zogl,Ckwvvbs,7135,47,Female,5,74.42665016150855
Oaihmbsmd,Hhdizzqo,15442,72,Male,1,60.15046069071307
Wvscjt,Hnapcfv,11968,63,Male,5,100.0
Dmjgqpv,Bkjgr,17479,23,Male,2,71.68902715083107
Uiryg,Nizzlnaz,8556,35,Female,2,66.87057135847802
Lxpmqh,Mmzprc,5284,58,Other,2,79.76771428501601
Pxneqzzfr,Zyapegk,9943,19,Male,2,72.49683904199843
Nwwcfo,Hgbuxtfj,19120,90,Male,3,61.830925495440866
Jisbdm,Ptqvanti,16360,91,Male,4,67.34306329016795
Nmgpqt,Hhymggeol,8368,26,Female,3,68.0780575581351
Iprcyomi,Unhvlcpmw,7558,33,,4,100.0
Tnjg,Rugok,1243,87,Female,1,70.64458416384616
Jjodcz,Elss,2691,93,Male,1,55.89245205221193
Xwem,Iann,19753,33,Female,2,75.68733971533686
Qnelkp,Wwzqdvvfq,2755,37,Female,1,68.67315178120236
Eglvdm,Rhptgksuv,6400,96,Female,5,100.0
Rgurnr,Wqeszv,17380,79,Male,2,64.71391054021701
Sedw,Oiiphzul,17128,35,Other,5,100.0
Dhuvhvs,Aefnodri,19331,79,Male,5,87.73164648224298
Pzwoay,Kpbliits,9925,45,Other,5,84.89723960366679
Eqjdsexx,Bwbanaus,2884,22,Female,4,81.34666338115679
Zinpsi,Kjry,19983,52,Female,5,83.57563795204157
Darnpnj,Lvdsek,13749,55,Female,5,75.93225944306
Itenlzia,Tbvew,5935,96,Male,1,61.93789076190351
Yfanxk,Hzzl,15562,98,Female,3,77.84070055935139
Epsvfar,Lcura,19395,30,Female,1,48.58126368384103
Jsyt,Gahfja,2677,83,,4,78.9572182152278
Agjm,Lqgpr,17019,86,Female,5,73.84925162389067
Lzwmcb,Dbole,11100,59,Male,4,85.72157589880192
Mwcvk,Edicjfibw,5729,42,Female,4,95.19211481830605
Kbqhpk,Hbvtefzfr,13132,60,Male,3,83.42098667659207
Dxdr,Jurrefegl,1998,38,Male,1,63.80638732397605
Dixdwaxc,Fgnvmb,5027,89,Male,4,85.52555739233007
Zuathhqwl,Fvbkqvapd,19123,85,,2,76.6439822015522
Jmvpfw,Qxufusm,14707,38,Female,1,57.542235991657584
Epuxf,Gvtjqbnl,2822,30,Male,3,72.69454220991483
Bulngxi,Kzgo,12206,38,Female,3,63.923378372655115
Coppkq,Khfkl,3695,69,Female,5,88.43415453727803
Ypjugs,Sijlnprpx,8283,97,Female,1,88.67700650590123
Ylrxk,Wqrdww,3712,57,Male,1,83.23284609909634
Suuwivf,Veutuay,3715,23,,2,67.3372083752342
Canqzmsw,Svutq,19584,87,Male,5,85.81174960240361
Qdipsn,Nhjdpz,5224,53,Other,1,74.73343236558742
Nymly,Hmputsyih,15814,71,,4,86.15312817990787
Gcijmik,Hfryx,14590,68,Male,3,73.97977845624236
Jrqaf,Yybfyfrb,12375,53,Female,1,61.14358213585223
Jfpvcgawj,Bddfku,3749,88,Female,5,82.07392061832039
Ltan,Rqitubx,8206,49,Female,3,73.36811188682748
Csjvhsvfs,Pythdyf,18701,22,Female,1,89.85156532914344
Hbjt,Gdagipaqi,14627,85,Male,5,89.16182951921292
Hypwia,Mkhapzz,10354,92,Male,2,39.639053476614976
Vqcmjt,Uwluxid,18844,26,Female,4,70.84258142010557
Ubmmdp,Bfbgwrm,10186,18,Male,1,67.62988292385705
Dtoj,Lblimbg,7201,55,Male,1,65.10868146911662
Ekyusgusd,Javsseo,1267,47,Other,4,71.17563825624033
Jlkmxjqbx,Awvztfuwr,16741,18,Female,3,55.81846521157423
Sxvjd,Hvkirxj,3010,47,Male,1,39.56175175198984
Bnja,Snacbyj,2645,22,Male,5,82.87042624306505
Imtwy,Nqzxxwzkk,6075,72,Male,2,78.51776621426117
Fwkyrdl,Fcgx,2357,78,Female,3,84.85636853672196
Lyhtuhq,Lldzdbge,19007,68,Male,1,64.87048450677682
Pefvka,Tfgmy,13591,25,Male,4,94.46120456792845
Tmagkk,Ihwp,7249,60,Male,3,75.75841270591938
Jqosbrt,Uaouiyz,4418,50,Female,4,76.30367973401928
Ymutgfrio,Jtetfg,18038,52,Male,5,96.02001179235626
Lcvfpwy,Wkbd,19615,75,,4,81.12737784892724
Sdlpse,Nwceal,7288,85,Female,4,90.7687011724285
Jyvb,Mficphd,4760,26,Female,1,81.71788627499757
Vmnsvdwqe,Wobotnpvr,8587,98,Female,3,72.41776741922409
Txwqp,Oqelwhmi,11569,25,Male,2,57.44341568479569
Kqxq,Chxgewhs,10741,41,Male,1,79.62412887646349
Joavxkoa,Bnmrkzqrv,9268,48,Male,1,70.43043834810868
Cwsam,Chyqjtb,10170,26,Female,4,95.47614787945791
Hntabzw,Kinhk,14712,48,Female,2,74.2514089027892
Frcyge,Jpwj,7029,97,Female,2,64.79813092200285
Ssmnwauc,Urwtgfl,19961,90,,1,65.77243887149777
Wuytap,Dydvdv,7970,78,Male,4,82.23919237255683
Ekjmcvlm,Ynrkax,11482,53,Male,2,76.95624451736283
Kicsjlr,Jyanag,14209,78,Male,5,75.72309776822901
Gqysmflyw,Lnem,1137,86,Male,4,85.66396806810201
Mjhfpqvt,Afzmbxmz,10650,27,Male,2,91.26054902294501
Aomdrimm,Xselt,18116,88,Male,4,61.09130890001774
Wbmg,Luxrlvvj,16900,49,Female,2,73.19523317007496
Vmvnmln,Tvzylkr,16514,98,Female,1,60.14970060337299
Rbcw,Dvsysnwqb,10870,42,Female,3,80.54541698037889
Fsoqq,Bpziyit,4829,77,Male,4,87.9420773769766
Jzbyxbmm,Zhojfkjfi,5641,28,Male,2,72.33247105311698
Ulqm,Tcvcljtn,19474,54,Female,1,53.98957491982866
Rjngo,Ncbhgcpd,9406,86,Female,5,84.04204293974814
Crues,Cxvdtl,6141,26,Male,4,70.45507465731131
Gotsuuca,Olvtqwbx,8748,38,Female,4,85.83654640238152
Iczlma,Cffyhntyh,11303,63,Male,2,52.004347036388715
Vviy,Znhgcqtgk,14974,18,Other,1,75.34209277423527
Lypt,Npzi,13506,20,Female,1,30.07163045130548
Epydm,Ytqacskmj,13083,91,Female,3,79.27810424096761
Uogc,Nlju,8660,54,Other,2,88.25099215312798
Vssboapv,Drlwxd,15427,53,Male,5,91.44434684310671
Uypqsatky,Zztybp,13198,66,Female,1,63.68684566531046
Jlhbt,Mcddymx,19070,33,Female,5,100.0
Oxmv,Abcfxuvx,15807,73,Male,4,52.88495599549101
Jvseud,Vemhz,5149,73,Male,1,59.30922330732784
Vxhrtwsd,Qvqpxrjb,6645,90,Female,4,84.83886874440527
Czekvbxh,Smqrbtaek,5469,35,Female,2,53.641314504732335
Fxtznxz,Otlqu,13704,75,Female,1,90.38421427962614
Prgsjgqz,Itohti,3683,45,Male,2,60.07679617500865
Noplls,Rpnd,4055,95,Male,3,80.71738066773004
Ezfuy,Bgqyw,15402,53,Male,5,80.36040006568277
Vedcbtswj,Kekhwv,4641,22,Female,3,80.80313807423323
Smavuqsd,Gycsw,15746,76,Male,1,52.38789491539774
Mpwi,Fdgy,8573,50,Female,4,90.98013748165948
Gvzhc,Edemetlu,6301,70,Male,1,47.73349882863852
Elnqtfon,Ttdrvd,11529,42,Other,5,80.96247133255144
Ngkmnzwmx,Baqgmnh,1380,21,,3,75.51494546624528
Eqhe,Xtkw,7099,22,Female,3,72.79283394633842
Zwzaqr,Oyeeh,8770,67,Female,2,74.61872176772148
Gcreub,Swcrnb,11189,75,Female,5,100.0
Vsldhcl,Snyxrfzbz,13916,68,Female,3,61.31952727747447
Cqxsvytu,Tzwr,16425,64,Female,3,57.66841015084823
Mpxizunbt,Pddrbuf,12517,56,Other,3,69.89096116404973
Vfyu,Lkyjiquzo,17671,70,Male,2,80.0251495650059
Mnbct,Drtffjcj,12069,72,Male,2,67.40729666453149
Fhwevh,Fbshbnvgx,5050,94,,2,81.38685472438225
Newuel,Pddbbxdj,1344,58,Male,3,79.54372579367727
Ixoltgi,Fsezaqxgs,2669,67,Female,4,71.98149032377852
Xowk,Ofdgvjvv,8524,37,Female,5,97.28207803304264
Uopus,Ugwir,12947,89,Male,1,54.94063403988365
Nbinqrns,Qrernj,17155,69,Female,2,68.32061664750313
Gnopfu,Gsqechhvz,18967,42,Female,3,63.088501261415296
Vhrbf,Ezirric,17881,95,Female,5,70.28297102920959
Kpvb,Mmqz,3985,50,Male,4,64.25951788350338
Ieefnvmxa,Nluyq,4239,80,Female,3,73.4741317077729
Oqtkjjv,Fvifduij,14375,35,Other,3,75.09589487881118
Wqzqaanz,Rmagl,7368,33,Female,5,80.4873179755868
Glyhyar,Vlgj,16585,75,Female,2,76.79751645437617
Iywe,Dsersvcfz,12469,76,Female,5,74.68574505390174
Ndgjm,Unpwtg,17931,46,Female,5,83.57936608754709
Cohnefan,Xegsgm,6435,67,Male,2,80.23570893286528
Ptwzn,Jwblhcnxd,18558,23,Female,3,51.17418804533834
Doqorr,Icqlheqac,19248,75,Female,1,68.36022807082799
Uqccdnid,Boom,1539,33,Male,3,53.87807682772884
Ajbkhdd,Uylltq,9053,51,Male,5,92.99797315331716
Dywfzennw,Mdpxnjqim,7782,60,,5,93.06340243283816
Wihdmq,Huelgpyib,15615,96,Other,2,60.8028348297303
Dkhkrxxx,Uavb,8651,37,Male,3,88.18038748220451
Kujfsth,Zsvb,13977,46,Female,3,78.49351464015325
Oatakx,Ppla,19266,93,Female,3,61.00579197135424
Tqoq,Rpmfuos,15370,69,Female,3,65.20927126426548
Icpafs,Ngxmqzb,17360,54,Male,1,61.479492164817366
Zynemjfjq,Iyqozdax,19923,83,,3,91.8123804423395
Wdxfll,Iotpko,1195,55,Female,4,99.24732346901021
Sxgimtw,Hflda,4234,63,Male,5,78.80151688015262
Fxbfbiaw,Nvyrhqe,10291,80,Male,4,78.3102336597459
Sonff,Yoywtoyw,4342,65,,1,78.6172583956458
Ygaou,Frdlpe,2116,71,Other,4,74.96659117239788
Bohwcni,Jqmzurrjk,9033,45,Male,5,78.25906111682437
Tchdnshob,Dgnbt,3154,71,Other,4,86.8486270953434
Vvqygmh,Bdyh,11808,96,Male,1,64.1413124650427
Jmtpkrawv,Ykdbjpeu,2437,73,Other,3,95.83136317331213
Kfbvtfkx,Nqbwk,12781,64,Female,2,62.712703423512025
Gfxn,Qadzghg,9503,68,Other,5,87.60727837420913
Ocguxoqu,Jmxzfgmwr,12362,25,Female,4,60.30020148242208
Nqcdghbvr,Semxqgs,12006,96,Other,2,83.58718051423334
Ofvehv,Nhimomxwb,16417,62,Female,1,44.54045362332304
Nqmknntxe,Nujfww,19361,60,Male,5,87.93065824469998
Lrizq,Drvywd,17935,80,Other,4,88.81518902798989
Qczea,Pzgpljrn,11050,28,Male,3,86.54940972207596
Ridnubrgm,Oaee,5570,35,Male,1,56.584607526008256
Cuxiy,Oxbw,4405,30,Male,1,59.0784371402278
Jsjjrbo,Zhdugl,19109,85,Other,5,88.35312593930342
Wzfidns,Sznqpdl,8013,76,Male,5,98.43953311567124
Obhgf,Csrpdeaml,1373,79,Female,3,75.16673835639898
Fgbim,Yudu,9921,45,Female,3,91.16285915868554
Ugphu,Nbwbhgf,19950,43,Female,4,73.89947802430147
Ltlzyubmf,Gdui,12754,68,Other,1,60.64051071970376
Yzcuyuorx,Lszklvbg,13184,65,Other,3,69.31208880434863
Actg,Eqjptns,19056,90,Other,4,69.42184344697499
Oeit,Ycwvhsb,13111,33,Other,1,91.38186189677634
Adhtmav,Wtad,15985,63,Female,5,100.0
Rkcaraqc,Oernxbayh,1047,91,Male,2,82.48041402818254
Fgssy,Oquyzs,4238,30,Female,3,82.16806541736895
Agyaib,Htgr,11103,30,Female,3,83.36012059251387
Mmslybj,Spml,5835,65,Male,1,68.62503035528613
Yuwnpe,Mimp,16989,46,,2,79.10055557119225
Wueskzabt,Sfpmk,13526,55,Female,5,75.79864841501437
Tmltizjz,Phrgb,15204,59,Female,5,84.00352598516832
Uuifp,Ennujxkx,15541,81,Female,3,67.39435015023467
Jgtcnw,Mgoomd,17907,30,,1,69.93885285538363
Xzyprj,Pbfv,14138,42,Male,5,83.93643094609394
Wuyhn,Tugejs,7862,70,Other,2,87.70005778728242
Sptvwowfr,Hzoly,8354,84,Male,5,92.27831680455807
Uwcnnpkcg,Kihpnld,12533,62,Female,1,57.69900013694564
Qokinmfjt,Xftfutv,9418,56,Female,2,75.04376633398422
Ifsexeh,Leepa,12493,36,Male,2,56.75740006514902
Nouyluiza,Psmwehf,5645,83,Other,5,83.24062865219584
Lfutte,Gzaxcjva,2051,67,Male,4,81.11623943891091
Nbrpre,Rlrbatr,1637,58,Male,3,69.78402466272837
Exax,Hadaq,2410,67,Female,1,48.58749870995412
Cgclxpoot,Ugvfmsdel,6671,74,Female,1,85.67421017830175
Lmwjcwa,Asydjkthp,7208,94,Other,1,73.53753779315153
Xzmrsabp,Yhkdhrsel,19546,73,Male,3,66.42864334983148
Gsbavq,Wnxnzgw,7758,59,Female,2,74.1574524564166
Gymjo,Rljwyxxfq,19490,42,Female,4,72.65318434110387
Sbuayd,Iqrjtuzi,13805,92,,5,93.8496615614471
Ucsymqr,Ynqakviec,11567,67,Female,2,55.315377604386825
Pabbchsx,Kaikauntt,12396,76,Male,3,69.42447850558314
Irwni,Lpdzzx,13476,36,Male,1,48.0700276215238
Fcpfcq,Ljdhuuh,11491,77,Male,3,69.66558933888635
Zkggkyz,Gceek,13638,67,Male,4,74.01419348677001
Knkdgz,Ofkqta,4804,24,Male,5,100.0
Lbjrz,Ecykutwv,5639,19,Female,2,60.5609733299207
Hilb,Lnib,8941,90,Male,3,62.60950024709115
Axtposs,Rmxm,7562,93,Male,5,88.60241115729745
Lykguprz,Gwefbm,10073,81,Other,1,67.11183267149039
Efouhwi,Hieldmtj,1010,41,Other,1,60.2833135050124
Orfw,Zjxxgywh,19019,47,Male,3,73.99067618832169
Nnitonyhy,Pjquqy,8125,50,Female,3,82.35459526169271
Ngvcgm,Nwoetsatb,11407,81,Male,5,99.0981084191046
Fhbbwq,Vvilogbb,5727,96,Male,4,100.0
Ootzko,Miomc,12032,88,Other,5,82.89798664744063
Vvhxuafh,Ecfsg,18623,40,Female,5,100.0
Xpdtani,Twuyf,3523,53,Female,5,60.895552089622434
Thhi,Ituugdrz,7538,63,Female,5,85.65813890406181
Venqit,Gcolxzu,12052,65,Female,5,96.16089054728097
Kkzefg,Kjmkkitz,14509,47,Female,5,94.4393695849906
Sypmoc,Wupn,8070,55,Female,1,78.46711076786065
Bbvmb,Zzmpqqaw,16039,86,Male,2,71.24349089741068
Lbdsxkbam,Xbyhsylkm,7469,38,Other,5,92.94170780157741
Bxywehtw,Kxbfbry,12700,79,Female,5,85.32174151914147
Vbre,Jlijdl,16063,59,Female,3,51.02258979663005
Jhqzoipq,Cpwegnrn,15649,21,Other,4,91.1530354529959
Fvmqm,Gaendwj,13571,78,Male,4,100.0
Zpjz,Upizzgreu,19458,47,Female,4,92.9081052203112
Eeeo,Jocecg,10604,23,Male,5,98.63569623308001
Vryxuto,Rzpjele,12825,60,Other,3,71.48370744691246
Xojlqpm,Genwsbh,10841,18,Female,3,74.66706170987376
Lhut,Gjafqq,5947,84,Female,1,75.73915702800348
Fhcd,Rixd,8695,51,Male,1,48.66072170214514
Qqhh,Ovpcoseq,9972,71,Male,3,79.77253500515569
Lawe,Tworqhhe,7056,59,Female,2,60.415527243574786
Urfzz,Fpnjtcos,5981,92,Female,5,99.80169617422632
Nkhzf,Lpcuzo,7860,94,Male,5,88.31570379674832
Lndxojfvn,Faxxa,14400,30,Other,3,49.71310987499715
Nkmhzh,Kqtvyqdib,15966,78,Female,5,81.5569816552651
Svkjmn,Hllmwdkh,10597,83,Male,3,56.254371348834894
Phqmp,Cufvidgn,11589,48,Female,3,83.45513628022336
Ejgmuvh,Nzgjcvgys,13655,80,Female,3,84.9307425980082
Edtyibpx,Marfrdom,3784,86,Male,2,64.12272162286354
Gkfvlebx,Saeym,6679,91,Male,5,72.26557307889559
Osms,Btaiiasn,1610,83,Male,3,72.29142403706432
Wuixoli,Eihmp,7954,62,,1,59.22410720807232
Cdgzioarr,Onrwvng,8195,71,Other,2,80.26081320000401
Trsui,Afcgxjzy,16706,85,Female,3,80.58409546882072
Zbconpzev,Xbioihn,17498,81,Male,4,56.81677291028015
Zpnuonexo,Pgusp,6084,30,Male,2,70.148168197632
Oauhmqdh,Hbdm,18159,87,Male,4,87.56914174219524
Fbroitft,Lyfggamg,18356,96,Male,4,81.63236598197463
Levk,Okgh,4715,89,Female,2,74.10365371492917
Iivhjorif,Icptacsed,6429,64,Female,4,82.97861691337391
Rapzrldz,Ufhfjxael,4785,49,Female,1,77.13558030128024
Geul,Kwacqbq,7172,21,Female,2,35.7791532554351
Bhwix,Sxzvxmopy,1393,73,Male,2,82.29077200145873
Dwhd,Bbcfoyu,11238,64,,5,100.0
Tfxxaa,Xunpbd,19836,83,Female,3,57.11956077248621
Mlkpox,Ygxtw,3555,85,Male,1,80.96377072147534
Tymxrjrds,Azuhpf,19870,42,Male,3,88.99875234360789
Xxxzcsv,Xyndndst,14464,72,Male,5,84.92198309899061
Wdfcop,Zhpvqlobl,15596,82,Male,5,63.13329424503113
Mqih,Cnryjxbuk,9144,21,Female,4,93.36698924162407
Tcnlytm,Fvzaa,15372,47,Male,5,79.31558946938176
Fbpyimorx,Xrveq,2132,74,Male,5,100.0
Rdbcp,Hnxtwov,13709,53,Male,5,70.88577015143015
Xoeefyst,Ctti,19207,62,,3,55.546439125642806
Grktywb,Nhcf,3902,79,Male,3,87.51884170471223
Acfjpfgde,Zsjvfxyb,16452,46,Female,2,82.46090695662323
Ixsbgphvj,Rbuwkzz,10895,55,Female,4,92.85799005612651
Kqls,Wgzh,1524,36,,4,98.45012087096876
Vavrjri,Gfrkgc,4749,63,Female,5,76.51375110276268
Lrjbnwud,Ccuk,11632,54,Male,1,65.52650664454497
Rljqa,Ohfablsb,3932,38,Male,4,65.98318883704579
Wpyttzl,Fopmwq,1162,93,Female,4,78.63934697209027
Arajzjwjo,Oaxxl,11718,35,Male,3,64.90467318464445
Ielweml,Ycyxd,9522,86,Other,1,56.026836135060485
Tvmcxcejm,Lxwrkso,15941,40,Male,4,87.85968247681012
Uuovcxyg,Qxypurlx,16043,25,Male,5,64.90139537003866
Aegu,Mwywmpmd,12125,59,Male,1,66.70028450593816
Tobr,Rlsd,8164,49,Male,4,100.0
Mihmu,Wzkht,12062,68,Male,1,71.86801025051206
Meza,Mbmfafnd,8069,25,Male,3,72.24993158690484
Hclw,Sflzfjprm,3941,22,Male,1,70.27925499737788
Uncpg,Mhtem,5742,73,Male,2,80.30633515468578
Eqyvdq,Kjcwfwv,7502,29,Male,3,98.72841143637025
Jxbc,Okzolinhr,8215,44,Male,1,59.076184403945696
Ischqybwt,Ncce,6103,30,Other,5,87.74548857931562
Ecztvdn,Fvbqrlr,16694,71,Female,1,52.53863420702714
Yfadc,Thcv,9705,32,Female,1,63.083564980105145
Ynikxftk,Syjxemxtm,1620,49,Other,1,66.49848972206132
Wcbmdxx,Grzfzuesh,3611,41,Female,2,78.91027622536154
Cmqbiytqj,Zgexdzb,19792,64,Other,1,71.61550994300828
Ieff,Ckgwdt,3586,96,Female,3,83.76460112960709
Ecctvat,Drisly,15675,69,Male,3,65.20142817757562
Qexesyjsv,Bgqs,15682,66,Female,3,65.8318895742718
Cdik,Emdl,2746,77,Male,3,73.62696614037239
Uxkskkf,Nuqz,11829,32,Male,3,85.72309595410549
Psczvmqm,Gdkxziqwc,17938,27,,2,89.26253712759654
Vbnrzff,Xxti,8759,76,Male,3,59.95343326095469
Uzmnx,Brkntkvt,14349,97,Female,2,73.426884681762
Dqqef,Zwuusdq,13009,73,Male,5,79.46384218583617
Fkcbov,Ccwgnf,5633,98,Male,5,99.50413576636689
Wrgaapagp,Lrmpxl,13021,46,Female,4,85.9826090138932
Aogo,Rswx,14073,24,Other,3,70.91344238793818
Cvaqdun,Qfex,6001,24,Female,3,64.27531357059084
Xxfmzpx,Mcygsm,5944,83,Male,3,90.14031323785508
Hvyulydxa,Kugl,7409,37,Female,4,68.81843743079247
Hsocspsa,Bqnzi,1529,21,Male,2,57.50651068622484
Zwxplcrhg,Nfebuu,10600,32,Male,3,84.72049520607314
Qnzoqlje,Qbnlbw,14432,95,Other,1,73.47139814849471
Yugwxs,Juskttwo,18070,25,Female,4,96.4369150357138
Xtfg,Unfndkoga,6436,86,Male,4,90.91368666045753
Emribj,Vlfzmfhh,13453,26,Female,2,46.33872804278307
Sayqlhsx,Dsjqw,8558,51,Male,3,77.90436672516852
Shsez,Xmgzna,2111,28,Female,1,54.106872604717005
Anvcuo,Fykdc,1980,81,Male,2,90.00613099159384
Hqmmua,Dbzyzsoy,17209,52,,5,100.0
Xsgm,Tdyvcuzfz,11663,58,Male,3,72.85138645505766
Esoufyd,Vnokdeexw,12650,35,Other,4,89.9911229817386
Kcwfrobs,Mxwjyfhk,14581,96,Female,3,90.7945550766017
Jismrn,Neiqt,5812,49,Female,3,71.52048043957227
Izspawmen,Iuro,4600,27,Female,2,65.15637041990986
Llhvyldpm,Kglyqmv,16237,32,Female,5,69.24104768126958
Tipour,Cdlskannx,16289,26,Other,2,71.58034550454846
Obvl,Iyqveiz,8451,82,Female,2,81.52324440696887
Jmapivhkb,Hxyptzhf,11380,42,Male,5,83.43080859735166
Cnklo,Kqtv,6068,24,Female,3,62.57053187060844
Zaylhstbe,Xjsvrq,9981,61,Female,1,71.99891681509222
Zsfyjrigu,Ljlkcjrxj,16195,27,Male,1,47.96908037849952
Pzdraolhj,Mdhxdoki,4372,49,Female,1,80.59552199563107
Ytdsoa,Mwpi,17849,41,Male,4,77.6022966839547
Ysucy,Npefz,15353,58,Female,3,66.95110670123671
Eegtgbnc,Lqfvgnjkn,2114,67,Male,4,100.0
Qposhlsdx,Ohyf,7945,66,Male,5,81.44521142072972
Anuthvs,Iasso,19516,78,Male,5,96.69097962443729
Knnb,Mdqwzxj,1698,98,Other,5,88.13410309828853
Wnlf,Cvaopzzza,14016,44,Female,2,68.27466351775257
Scylbgyaf,Cmmb,16167,71,Other,5,76.61702169415136
Oituxh,Kjjp,2498,39,Female,2,77.55753123643159
Ymjntlfx,Znjsx,7043,58,Female,1,54.10674396704812
Smnrokpbw,Ampgfb,1115,44,Male,2,65.33130867080686
Ptdybohmu,Dvllsddeg,5826,74,Female,3,80.18727192328186
Qfljfyalu,Bkgj,6059,67,Female,1,66.68155484610261
Fhrcvhdm,Oprboc,1950,78,,2,69.80184546526957
Mtuafi,Comxndp,1019,39,Female,2,53.173235770785254
Ixqfcrz,Udhhvt,19132,57,Female,2,74.01041122247607
Ncjiftdry,Zzgyio,11235,88,Female,5,84.32660813855291
Gndnr,Cowmm,1706,19,Female,2,55.508510309228356
Rylupe,Qomjhim,18434,36,Female,5,85.32350217763307
Fvrvrc,Nonu,15335,86,Female,3,75.95672678753589
Jwztnrrv,Tjnlyzluq,10731,88,,2,72.23494902146597
Qzhrdpnvg,Exkojqw,15219,39,Female,1,38.02807271381764
Ucdrac,Mtfvijw,3772,47,,4,91.33370348884472
Fpjooymz,Ahxiyxq,8696,63,Female,1,61.84020503810091
Pasc,Mpjec,11639,75,Female,1,72.16849291422196
Qylum,Kxyj,19579,65,Female,2,54.08824428474517
Wfvjiuzxv,Trfqto,19188,81,Other,1,59.75615294665652
Dhvt,Jlem,3281,88,Female,4,72.66638392020347
Ylekyg,Ytbapcrki,19250,94,Other,1,70.54336018985101
Ukwzfhi,Xzsogorb,16524,98,Male,5,86.88886296439878
Rmiz,Rxrftm,13165,42,Male,1,70.88030612325713
Augvzqjd,Fjggd,16986,19,Male,5,87.23580389122557
Hhjtsw,Wslcwcpg,3211,19,Male,3,78.27616945862013
Nikmzzuw,Ygunjhl,14034,55,Male,1,66.1343031114624
Tnhs,Iqgtmep,2665,88,Other,1,73.07659657069881
Pbfszg,Sthccskew,18783,96,Female,4,94.48460244896786
Xbrml,Sszrmcrme,12616,52,Male,5,76.31547552985688
Atvmnarfj,Auaqgcy,2070,38,,4,60.962872139277195
Kcixcckz,Ofgtxvhd,10953,52,Male,3,68.25999798765108
Hquxjfbes,Pcpdhyoc,19556,56,Female,5,95.02768630817094
Atsqala,Nsjk,11830,91,Male,1,64.23980253878644
Huscnt,Amabrsw,2897,62,,4,81.42250209975481
Hoisjz,Rrfbze,4305,65,Female,4,49.84020341809912
Cokcctwl,Xpbq,14446,35,Female,2,67.44699012494823
Mkbaz,Paukahbrb,2640,45,Male,5,96.0707330907411
Erighzmrk,Lszynzw,16310,36,Female,2,64.58589329049846
Hrxjisz,Mtacuxey,8982,64,Male,1,49.14784443247221
Zbdyanjio,Zvelqkn,8091,38,Female,1,46.95337147786847
Wctvsih,Asebdcwsp,2315,62,Male,2,73.68930250073852
Kinrz,Bfpgquo,2886,77,Female,3,58.0621059513631
Cdkhpnzy,Rqkti,16734,22,Female,2,58.12379698094021
Chzxxzbvb,Hagullq,12757,77,Other,1,70.54542065060993
Zlplk,Akyvqoq,15083,46,Male,3,73.14461060263802
Bnqo,Ebbksjjq,8302,94,Male,3,62.24146617938645
Tnrflnjrf,Nlofq,9215,26,Female,1,57.024170306526216
Qrkzyffak,Lddr,12913,33,Male,2,66.7476949059671
Hsmwwzacf,Yvigvk,19260,74,Male,1,64.32891770718562
Doysn,Oksclqcud,19468,27,Male,1,67.52720568834572
Kuptqfu,Pejee,9845,98,Other,4,83.99620354229981
Hquuzkx,Xdugijqi,16915,56,Male,4,82.53884481029144
Lmrvrbpq,Bjebvxzy,3264,65,Male,5,82.94923568679262
Qckyptoxe,Iuoonlbi,15008,44,Male,5,81.68109653206625
Wodwq,Lbvdejrb,7103,31,Female,4,75.68585124192828
Dprwf,Awhusysw,12958,60,Male,4,54.54356321051711
Xyqbt,Tganoc,14920,84,Other,4,79.16538897550808
Dkcyexmh,Xiqtrt,7916,41,Male,1,76.30769050404878
Gizzwftt,Gauqjjkgg,9379,18,Male,4,72.5898418947654
Wukx,Suoooczb,3129,32,Male,4,73.31149848436672
Xrlwmmirp,Yaak,2322,33,Male,5,85.24932511037642
Tzrjoul,Jxwizbxd,17738,68,Male,5,95.70640817576083
Bobf,Dfnpa,9299,24,Female,3,80.40402981274067
Jtjqszkaw,Rtzx,17544,21,Male,1,65.54412760469638
Tbmd,Cbdyptpi,12967,31,Female,1,53.19320974191034
Qkqftjowa,Iviuuy,15406,48,Male,5,83.28516453745884
Qhmr,Ggwvgqpx,10061,40,Female,1,64.8786147189841
Btanih,Zmkcrd,5065,36,Female,2,66.10952374292296
Pxytxx,Rzdsyxnbs,18171,41,Other,2,80.51473156834068
Eehisksx,Nhonlsvv,12946,28,Female,2,68.42734796555173
Cztjr,Nypmde,19048,28,Male,4,64.24059856704918
Qvzswgn,Nyzwrn,19195,23,Male,2,71.25768306210318
Alyv,Pjzqvusni,15686,47,Female,1,76.94364252228262
Rfwihecxj,Zblgc,7090,62,Female,1,65.02379849861353
Fdstbvqj,Tppofze,9661,55,Male,3,68.08320442033559
Bkhtuqgg,Emefdzxa,15989,92,Female,3,55.80836034690167
Qkbg,Yukeybwx,6310,74,Male,2,72.82943831171306
Yzrdrl,Chvha,10202,68,Female,1,58.71600750613851
Fhrgxrha,Xpmarwha,12448,83,Female,2,84.99783062933192
Mmveyneej,Aqmjpycok,10369,74,Male,1,60.23268775435196
Bqlw,Dwekz,9955,69,Male,3,81.51436446359959
Hlkn,Lmxiojkzx,19210,41,Female,1,60.48902592175381
Layayepmg,Nmhfabctp,15889,75,Female,1,51.848216781395095
Sdkizo,Jyjcefwa,18096,68,Female,2,75.35519550409538
Eqghrrp,Pddfxrv,4967,64,Female,4,74.73518412452594
Ttazxi,Omjzmnrz,10273,31,Male,2,56.16509828681978
Hbrjvcwu,Njaetzox,12361,73,Male,5,84.65778131719091
Adcd,Piymg,2499,35,Female,5,83.77599860155019
Ywgqi,Dyfefzc,3498,47,Male,4,87.11906683896278
Zccil,Kscwa,10911,35,Male,3,68.04540410155326
Qyhz,Yriu,7637,61,Female,2,56.93395484242207
Lgqrzxce,Tbusvcmv,14923,43,Male,4,59.07238887898855
Qvxro,Dzjfvwg,13736,68,Female,1,62.16637243579284
Ejmnmo,Hnpkaxvyd,6969,23,Other,4,79.06719505054492
Atqybq,Omuact,13045,25,Male,4,88.87326016149696
Guhgcs,Pgruj,5646,47,Female,2,70.9390246765108
Qjzdh,Cljevin,16439,80,,1,85.38553052387734
Tdmbyak,Eaxrp,6781,29,Male,1,85.85763728473442
Dzwzzlq,Pdmcddwf,17713,21,Female,4,93.96941854943132
Cuya,Zfhyyfsh,19218,64,Female,4,97.94233216500399
Fgloiiczi,Kiubxywo,18446,20,Female,4,81.89138316968689
Tdxe,Jerqa,1130,66,Female,1,57.07705393109685
Xlfzmeuze,Resx,1020,72,Female,3,55.071802103222126
Hqcgcl,Kntvy,3344,28,,2,48.26804745244524
Zgpzaglvg,Vnojw,18222,83,Female,2,51.77880753438682
Xtsda,Xnoxdx,13133,37,,2,62.46543691360567
Ammdiy,Bqnrr,12165,32,Male,1,78.0842088831113
Dnzibbu,Spwl,12350,85,Male,5,97.91415467600446
Ypks,Kcgys,19467,49,Female,2,85.02202654791616
Wjjhbfjf,Towtzphlk,11690,29,Female,4,60.73007101436946
Uotlinsl,Dmzict,19629,34,Male,1,60.712160473484516
Twjtbu,Gvrbn,17465,19,Male,2,58.756385625253415
Ymjdqo,Opqaqitdp,4050,21,,1,82.38792076879538
Quvovttbq,Xmwqbsl,16661,73,Female,3,74.66170736298804
Cpqu,Wwyov,14573,85,,3,87.618237077376
Vlfu,Ffbpa,9020,76,Other,5,100.0
Nwwhkxybw,Feplffxn,13036,78,Male,3,65.50975738101887
Dfebwuni,Ealietzna,8928,79,Male,1,83.59262610669401
Vifrlfxp,Ltyabpqet,11922,50,Female,2,72.14250675832496
Vbuzxex,Docds,19465,51,Male,1,61.99592084818272
Czmuuw,Birbgupka,5514,47,,1,71.5304023905756
Xbxvbgx,Yfkr,5272,51,Female,1,82.41565745193029
Yciiga,Hjjt,14391,28,Male,5,87.52972241048352
Dhqjnuqpf,Nkgcjlj,3274,18,Male,1,55.931000995018074
Tlqk,Gxxodiu,15290,63,Female,3,64.64825982898984
Uyxnevlt,Uedhoce,1668,66,Female,4,63.468530220659204
Kkzcfniwc,Zdfwn,3821,71,Male,4,92.52158810572689
Naldkmwb,Xrqsoxmmk,16032,39,Female,3,88.38333411352522
Rbeijbp,Hkqmbmijp,18622,93,Other,3,68.54223598638802
Gldeblfx,Xstnvko,6755,26,Female,3,88.93055765120471
Fgczbby,Igaccg,14323,96,Other,3,61.71476378949775
Mxzlttarl,Oimdcp,13238,92,Female,5,94.23127036584101
Bjtz,Kintly,6300,71,Female,4,100.0
Cgtjapp,Wxlauospk,4278,52,Female,3,82.85847300391241
Sgbvicr,Iourmo,11367,73,Female,2,67.2048567676672
Avsa,Lgycyzvsu,2557,25,Male,2,67.46900265085455
Dagoyduwu,Xqvazmr,17566,95,Male,4,90.40365078267641
Oshu,Iiovmlqk,13996,84,Female,3,68.49646739086963
Mljvcrg,Ifnlgux,9109,55,Male,1,69.65437466651849
Rgnt,Qbkic,3369,46,Other,2,82.79533841695846
Tzgebpyj,Gsztf,11359,69,Female,1,41.36475635158867
Drnf,Lqezc,5117,68,Female,1,75.74931681104377
Kabsc,Dhcjsk,6257,83,Female,5,85.849824160349
Dtsksizem,Hsld,4105,53,Male,5,95.14468135748527
Vtwgj,Lxwtov,11400,88,Female,1,65.13008445185714
Dzjuvi,Xihcf,2896,58,Other,3,91.85308444338969
Zrfoer,Jxkqdunjm,11118,72,Female,5,92.52676168034921
Xxwrthbpw,Gjkfjt,11991,73,Female,5,75.55439273249829
Itmzt,Fzpzyep,12311,34,Female,4,88.76351236595086
Ljoszwmsh,Qktcog,4980,28,Female,2,76.77093283983751
Uccwp,Evsmfbxz,6777,28,Female,1,39.644565578564695
Tvefhabmi,Gkrw,18807,18,Male,4,66.3543371252571
Jvslbdxv,Nhxh,7543,38,Female,3,74.91576338849615
Nqyxms,Spkc,13606,47,Male,2,81.84133011165105
Uzxneqwp,Josrzijs,17709,64,Male,4,81.17591687833368
Tsuvjy,Wicpu,5502,65,Female,3,77.64292477290935
Hhzwhcwt,Wwvzci,13692,91,Male,4,75.290795538725
Uqpccfmxm,Hmlij,16214,70,Male,5,91.29473957813876
Hnmdkvd,Gihzn,7354,81,Female,1,76.62170204940382
Uskpm,Rzvwcuqc,10131,62,Male,1,61.1503607979406
Mlmwm,Xwpul,6847,98,Female,1,56.654717982330034
Dgkgjgl,Gbbqrzf,17106,36,Male,3,78.5101246006519
Steaapzp,Xesmvdqer,11449,96,Female,5,92.20213796271193
Pntsbtvz,Ytirc,6439,72,Female,2,67.56244132777957
Aqpepgzpu,Awdarfru,4794,18,,5,100.0
Ivddenucl,Enufxgxz,7456,67,Male,5,75.58502597893519
Fiwlixmu,Gizjieuca,1552,58,Female,2,69.18465980768582
Hxdfx,Uhbbcykrt,13406,56,Female,2,70.40166498773436
Nhjk,Jlom,7899,82,,5,100.0
Ovekuex,Lbbrs,18248,51,Female,5,100.0
Wnmp,Ruqizaq,5426,29,Male,1,67.49103688825039
Cqtkmcn,Onnzdbk,13752,65,Female,2,77.94415494431531
Jqdazmca,Tbvf,14103,74,Female,3,67.25675989984929
Xbavwtckb,Jzemilqz,18952,73,Other,3,83.89044677020695
Hlnvw,Suwqtpcog,16069,71,Male,2,49.2347191757127
Zhggi,Nhencinro,5291,71,Male,1,62.86868474305563
Dinos,Qejgw,1764,78,Female,1,83.66379572481925
Hstgoxp,Fxhnq,16941,82,Male,3,73.73167122035952
Cqlrpvjf,Fpfrhb,5385,96,Female,5,77.36221096463686
Nfres,Jxkospspa,12840,75,Female,4,98.39329752086483
Ywhbtdg,Emfk,2303,77,Male,4,68.77057234563128
Rqlksbcg,Fxpdnmesj,17817,86,Male,5,81.68584117831801
Gmtnuni,Ihvzco,11625,24,Male,3,80.69540794704342
Zusxeymwj,Ncutanr,7824,30,Male,4,70.19347969214161
Scplrntqs,Fdmumvpd,1127,89,Male,5,77.14303157573127
Tyyfroqv,Yutjghlcg,13673,52,Female,5,91.29164325645644
Mbdiqioo,Hjdssthcw,12113,23,Male,5,84.25744661508884
Qjwbvhiwz,Zpcq,5369,29,Female,3,71.57853119797747
Cjdyo,Oxxpzmjj,4714,64,Male,1,52.99171338742584
Bgreg,Bbtwfs,11742,50,Male,2,79.45197036965641
Qlgcldvn,Fsgxnq,16271,93,Female,4,69.52312712111203
Rsmxifxk,Atex,14418,98,Female,3,67.52117914009648
Niplhw,Blqp,17123,91,Male,4,100.0
Yatbvoqq,Nzrgvy,18682,47,Male,3,81.6175177348025
Vkhdgm,Ykidq,12610,95,Male,3,62.360353050486495
Zfmzvyxcv,Wbsqbdtxz,18932,54,Male,1,60.332625354205966
Mvebgoyua,Amaplrco,5151,67,Male,2,75.2459632679781
Qsoyyyg,Ywrkx,7050,62,,2,81.34015910155253
Blygy,Zkaesn,16182,77,Male,5,59.65418011650175
Hkck,Gmhbzpn,14477,45,Other,4,89.5067062924759
Bccco,Ccax,9581,47,Male,2,65.50882558320167
Kmzuwiigj,Vubbrbrwx,11386,34,Male,3,73.75164849160274
Ytpupzost,Fytwv,18379,44,Female,5,82.95212046942521
Ssyazxizu,Vqinvyx,3800,90,Female,2,80.29880670054607
Kidehl,Wgzcux,17135,37,Other,4,66.07574303720696
Evqlgus,Vbfqjs,17426,90,Female,3,82.29208883195413
Drqk,Latmqxhi,15281,37,Female,4,91.3981811086393
Pfzh,Irxvmptu,10288,21,Male,5,74.58292075250978
Mzwp,Jsgfc,10997,24,Male,1,55.298069852159585
Ppvpksly,Gfzijw,19095,59,Male,5,78.9895252963303
Xjzrmuksr,Bhjf,2211,35,Male,3,57.5588778838257
Ivenqh,Lbogv,19368,82,Female,5,98.98628211707398
Qfynbla,Nfkumga,5672,35,Male,3,63.61902043780063
Yuomqat,Lzlleuaj,14328,20,Male,1,64.08478104827932
Lees,Zuhjsjp,18506,39,Male,5,85.43071796677287
Sbbmuuj,Ngabipmdg,12114,66,Male,3,72.13907238200878
Ahhtvjz,Dyddi,16697,91,,2,81.39986038637642
Wjaojnjkh,Oqtlphf,5227,66,Other,3,63.27294137888866
Rmpax,Nfkjy,1085,34,Female,5,72.46549447247253
Ouyw,Ibybqlpmk,1492,51,Female,3,76.68671871132508
Wcssyl,Tckjec,14088,96,Female,2,76.5478534562631
Xlydhjk,Whumdxgzx,10941,71,Female,1,57.96718646356796
Usnfx,Cjcubcsrg,3599,36,Male,3,99.43166443572849
Mizm,Nmhabke,6396,23,Other,3,65.4490696129606
Fnurgtfnd,Kdyk,17131,83,Male,2,91.88220896352317
Vryx,Nmygee,15579,58,Female,4,100.0
Nfcnbjtq,Vrxaxlm,7627,55,Male,5,98.70224322734136
Qbxtnwxga,Tegfdbdlb,4837,91,Female,5,88.75162503767345
Nliejthfv,Hoxbedjw,10552,91,Female,2,73.67725017638313
Hsdjacebg,Osam,9988,60,Female,5,81.64225904069491
Nbygc,Ymevb,14409,63,,2,64.37217907624299
Qooumuqu,Riyz,4242,75,Male,3,55.22788630910661
Ofvjmewwg,Esvbsmdpe,15988,90,Female,4,60.80956423085317
Gqjyv,Wfpkf,1517,42,,4,64.84476983253288
Febpvpdj,Oyyjdpen,17383,39,Female,3,53.95062995495524
Efph,Ufzgbz,9898,88,Female,1,79.03505765097424
Mqtcwjp,Braa,17044,93,Other,3,74.45131048321818
Jgaczlow,Ytseuu,15052,56,Female,4,85.68059551403101
Yyxjrnl,Srzjzzsq,15595,59,Male,2,71.02581144879989
Pesfgme,Ttmv,4104,75,Male,4,100.0
Kplycbt,Kwyexgtbr,18264,63,Male,2,72.58595181771531
Nivrvz,Jkaji,15348,24,Female,2,70.42106776662493
Klxqp,Xstrzq,9957,56,Female,1,68.56559873175041
Tskjfnwta,Lkklem,11784,86,Male,1,76.14227558202533
Tkxqbj,Xpnmpvx,8366,83,Male,5,96.08788182917156
Xxfff,Yoxz,10718,88,Female,1,70.52513683486279
Pcxtc,Ncvtjyskj,11142,83,Female,5,78.43864326038045
Edma,Jhaebzqh,6484,75,Male,4,85.86066764614557
Eqbyh,Wqtt,14467,66,Female,5,73.13681419576861
Engif,Bsgwz,16791,64,Male,2,63.12616261372488
Rvsntuo,Mwfr,18691,80,Female,3,86.11685444515321
Rmjtknwn,Rumsjstg,2917,20,Female,3,84.37296666644441
Xccrgazm,Ptdcsijiv,17632,19,Female,4,93.1396427058853
Hpdlwyn,Yzwbmkye,13975,35,Male,1,67.10079568727946
Jfxibhgz,Vfnacln,1273,84,Male,1,81.91636156054739
Rvmc,Kawkypdn,7861,49,Male,2,72.61677149179681
Emadevzb,Slomfixo,6958,19,,4,88.92439910681664
Hieb,Silbx,4048,60,Male,4,78.48019840576318
Gviowcmpa,Qkzua,8862,52,Male,2,86.27941740161612
Mplmrra,Acibkhr,18076,89,Female,3,78.75668955095716
Ojbvb,Axtzsme,15762,74,Other,2,84.86887264866328
Kfbtle,Xuyqr,4736,38,Female,4,77.67902822018448
Pbdaq,Kcdvojf,12835,38,Male,2,60.86520275687295
Rgus,Odtny,12152,39,Male,1,77.91117643096092
Xnrr,Brwq,19722,93,Female,4,76.05244955542437
Jjss,Wgjpwjpw,19459,81,Other,2,71.99307610173398
Knggftsln,Tlxhp,11430,81,Male,5,85.88848456307994
Zqfof,Bouk,14196,37,Other,1,50.939127794882936
Ydkl,Jwzaf,15757,83,Male,5,98.35542561300264
Iqvgex,Rznlgnd,13258,44,Male,3,61.10797242239949
Wzbsi,Hkhxybgsv,12877,63,Female,5,63.65253342784777
Hsniq,Kztkdgy,17014,31,Female,4,91.52033979158182
Edijpodb,Njwevix,11346,46,Female,3,66.03739914951655
Oscdfxsi,Sjjblax,15777,59,Female,5,91.44884598679198
Axozpidx,Kfamvudpf,16087,29,Female,1,76.19370579014564
Lfcureh,Avgxskcm,7308,90,Female,4,99.0337920858435
Lxlux,Zvhk,13520,70,,3,85.10773853678863
Puda,Xmxx,10828,43,Male,5,80.13669809615658
Dmxbghtr,Fakkxdgd,1242,49,Male,2,82.53578928125235
Ctazm,Qtdgndrkt,11926,71,Male,2,70.44978159541242
Lefwsudac,Vwhtry,15231,87,Male,4,65.73078681565717
Jdfbn,Hmtk,16253,24,Male,4,52.06654554151187
Myxbi,Mbqiy,4083,84,Male,5,89.65103734073594
Helolrje,Juaazqbd,11070,92,Other,2,73.55930947744879
Mgntoo,Rzhfl,13261,78,Male,2,43.383409133512124
Twilggcxq,Tenzvqnxb,9099,92,Female,3,87.79594953663792
Cxkk,Znnxrtwx,7772,81,Female,2,73.11769106174698
Fjswnkmqb,Wkelbl,13412,36,Female,5,100.0
Cictatli,Xewtu,7427,76,Female,5,76.26085735550224
Ojtmg,Qdphznb,3650,39,Male,3,67.48054134201601
Kbwamchh,Ulpdfyvcg,3520,95,Male,3,66.91202898328868
Tdra,Minsubnb,17864,24,Male,2,62.30105769427471
Qsaukn,Qkwuxzuhx,8026,74,Female,4,72.5845644725353
Dfttsqfs,Lyjzvqjsn,7246,30,Male,1,72.25672200922418
Vhckzc,Xmgrdgx,8286,82,Male,3,71.5868223635691
Igzlnor,Jcyzbwhb,14554,74,Male,3,69.83350866808512
Tnhcdzg,Ijixuuxh,13070,35,Male,3,98.34040497996929
Nsatlvsjw,Oryab,12807,82,Female,3,73.24018933183609
Nmfwacf,Cjol,16460,35,Male,5,90.56603547393541
Ptvq,Cjljyj,18707,74,Female,4,100.0
Fqitlyn,Bpnmoh,4517,89,Male,3,60.5569427607761
Oppzugjl,Qoxkdq,5140,31,Male,2,72.9199355066305
Qiyibmzdo,Baldsj,2034,86,Female,2,73.87173933518645
Jtsrzyyw,Scodysms,12486,95,Male,2,73.59654909535251
Psunloise,Bikgyryy,16281,57,Male,3,50.71080785638179
Wzqozkbiw,Hclfdl,3593,30,Female,3,93.0591815999714
Nhnvj,Dgaoywy,15885,21,Other,4,100.0
Ewajydi,Pqvonezay,10314,68,Male,1,45.232391777283844
Bmylh,Fcrny,1036,98,Female,2,48.069611240351705
Ezvv,Rnjcbjv,5928,32,Female,3,83.92154872970856
Zarjr,Nhdmubl,15927,43,Male,2,73.68023938267004
Itnjlmwp,Pnshvs,13269,38,Female,1,51.53844339289307
Ivcp,Emqldw,4024,60,Male,2,86.14879502395738
Olrroa,Rurent,2617,29,Female,4,87.60868466267723
Hfrimqkc,Qwmzkqi,3526,24,Male,2,83.46075870107451
Spfxbheo,Lcttm,5100,51,Male,2,69.41359295092629
Icyh,Bakidfwh,3889,58,Other,1,49.79759673896592
Ccxgic,Oyrsl,7519,67,Male,2,64.95438138296505
Cqrtr,Aynej,5204,22,Male,3,89.47703360057918
Qemkdnijv,Apnxhtdwo,9546,34,Male,1,63.18881364417026
Cxsugu,Nydkrxbzk,15791,96,Female,2,100.0
Aziggornj,Fsvzbe,11565,22,Male,1,64.45769029778248
Qobygs,Oqshdoe,19861,76,Other,4,85.06588911019749
Nhgz,Xhuyva,6249,60,Other,5,100.0
Bfynppsy,Uwkh,9822,92,Female,2,62.82196778511207
Nsgw,Sfcvdkop,18283,38,Male,4,88.43771442894175
Oqykqm,Eicrx,7952,91,Female,3,74.92520306760298
Wjjxitv,Cque,9036,55,Female,1,75.00902629959185
Ocyfg,Swpdwpqez,8603,49,Male,3,94.94477190021732
Ljhlemxgw,Ipjwkcd,2965,94,Male,4,54.535501176520484
Bsfd,Mmpduquef,5109,75,Male,5,87.83887430244056
Kxdvj,Nglvtk,10916,47,Male,1,63.18013021122989
Msshm,Desq,6162,39,Male,2,76.03648335000938
Iqqx,Kjwff,5210,37,Male,5,63.9505159483391
Xnrifq,Mbfhnhx,5136,21,Female,3,91.7522969460375
Ibdlql,Dwfrkwv,12824,22,Male,5,69.9801052364214
Cmjflac,Eieeoe,5667,51,Female,3,86.65806922378302
Gqhjjldhv,Nzwgiae,7150,93,Male,2,68.43925947774268
Bptuuwi,Qxvdl,10960,41,Male,3,78.06292164001039
Nczvlyfh,Rrbm,16847,27,Male,4,100.0
Ztdc,Pwavnbwyq,17902,75,Female,5,72.55313441207134
Tnsnuvasa,Jrzttouv,9191,81,Male,5,91.64622544103041
Zyqdrdd,Srbczx,11586,79,Female,3,70.54901537522504
Vaky,Kczazpaal,19591,32,Female,5,69.26063401387545
Xdyzr,Hccuefik,9226,60,Male,1,72.63414639961965
Uvorlwb,Ysdauoi,19519,77,Male,1,76.62849069592555
Nwfid,Zivcuwu,7912,47,Female,3,64.19015502301878
Kkjqxpzph,Skfpv,18694,48,Female,1,45.21854800210903
Lpjmkwll,Mwtq,12976,21,Female,3,73.85223242153117
Lnzte,Kkwgzycm,18014,18,Female,3,78.85927444386965
Cvmuos,Rgmg,13473,83,Male,4,74.63493500022753
Jrvztzv,Rtxqz,7662,40,Male,5,76.38182014194496
Nicaef,Duzd,18335,42,Other,2,64.52230989411386
Pspckk,Tccvjekef,1593,26,Male,5,85.52436920530963
Qzccld,Ralwkl,1353,21,Male,4,69.45940675599512
Aihqebj,Mymrlv,7791,75,Male,1,62.41552188903275
Dcmad,Znyodbkff,10102,94,Female,5,76.2589451064377
Ytzsdjh,Rleunyrej,2403,23,Male,4,80.38037554353579
Ykgugvrd,Vondwhxl,14079,26,Male,2,76.71078316298643
Lumt,Rzjkwsevf,5558,62,Female,1,69.30120432078878
Biyxvtqhk,Kserq,12673,19,Other,2,74.23400126477559
Djfzf,Cotq,14294,79,Male,3,83.71955387008225
Oudgtaopo,Whsrlgtca,1416,90,Male,4,94.44950728267656
Emkantrya,Sitqatm,1480,19,Female,4,88.1677134381412
Atgvhxoqu,Wqguzkrri,9074,66,,1,68.87226671314573
Qiwhcw,Prdilfkgy,16403,31,Female,1,44.673973213580844
Cizpt,Xxsqzn,14267,66,Male,1,77.18350994255856
Sgdpqkyh,Qoggppe,7390,27,Male,4,64.53959713617255
Nqew,Ryvzcir,9741,19,Female,2,88.56813042828367
Efhxuzcee,Douqhoshl,6729,47,Male,3,54.671878460513256
Nmbwwo,Ecfnk,9999,31,Male,5,93.92869149674004
Fems,Uzsgmnlbu,8729,80,Male,1,71.53984675764505
Cpzcv,Rdnv,9583,37,Female,2,51.99700921321347
Iryellax,Nzbt,8289,30,Female,1,51.34968271078533
Avbwlsa,Mkyjam,10107,70,Male,5,90.28571093524153
Sntdbh,Xkgcrga,17600,90,Female,5,73.62253762975882
Hwwqiffv,Rtvnipmhk,13010,37,Male,4,92.74207836771106
Tufqzvd,Llohv,12525,83,Female,3,79.38133700401211
Mfcs,Wolqczn,15743,97,Male,1,62.652363911738945
Yorueoii,Jrykzpsdl,8780,94,,2,69.27917781616445
Ptswszf,Ofrjtbt,10472,39,Female,3,77.66420675859621
Fsjp,Fefhupt,4031,26,Male,1,62.540159382011176
Nkldosa,Ddgl,14208,38,Female,5,94.44660492845449
Snbez,Pwtr,10619,75,Male,3,81.17819701268019
Vvetnyr,Wbcs,13366,51,Female,1,59.31227305471748
Aaicfejo,Fcful,1409,25,Female,2,82.72930219141574
Cqexfzyr,Tinr,10947,40,Male,4,52.87998654233196
Wxmiz,Odtnr,6828,65,Female,1,62.06215653559955
Wkrgoptv,Gtmhoy,4444,82,Female,4,73.44936019596776
Cvgkayhcq,Rnkxmp,6044,48,Female,1,45.04523274438179
Cnudfbpfn,Quvxyl,8052,83,Male,5,92.56877036482408
Fspbxuck,Sybowvt,2092,97,Male,4,88.02347643102165
Spuyp,Jkeipfuun,4591,93,Female,3,64.96382127394185
Teic,Rzrd,2595,34,Female,5,78.06040251459495
Bdmhqhv,Vdad,3708,53,Male,2,61.830490058705
Rfbkps,Pxin,13915,19,Female,4,78.76628713962613
Cusvuxfyr,Phjtipm,10934,44,Female,5,81.17399471076736
Uqmllsgc,Qdoc,8424,42,Male,1,62.02777260315635
Jamlsdl,Ovzk,18304,29,Other,3,65.18391455357757
Elexzznb,Gbgmfv,3108,54,Male,2,71.62725675606318
Udiylescl,Fvakbsd,16771,55,Male,4,99.16245546651064
Iduzv,Jhpvehifz,6171,26,Female,1,54.29474561101791
Jseg,Xcwcjlpg,14861,65,Female,1,73.94972560203188
Kashdv,Aftkdadr,8212,37,Female,4,64.46357524121261
Tnvuikkh,Iqkc,15092,20,Female,3,74.50017406054778
Ammkqg,Pkpibleq,12383,45,Female,2,51.671806404656294
Bqfsc,Flvreyhjn,3531,40,Male,1,59.94660835870209
Sdmvjxbih,Rowupw,9007,89,Male,5,90.02586330662052
Jtqtzoerl,Rasoht,13820,49,,3,75.47146890258938
Jouwzezrt,Rnbfe,18980,56,Female,5,92.86717278312788
Nqaxbix,Cxkmukdz,5134,87,,4,90.9376138988504
Nnbere,Nvib,9048,83,Male,2,74.3434860477452
Uyghi,Fmjmgk,6589,91,Female,3,68.29345560185772
Nvgxita,Fuidxwfau,17811,42,Female,3,78.19770318518917
Ebxrhuqiz,Tugsvr,9600,40,Male,1,61.09278642359851
Zeoetad,Zcepbvdu,12851,90,Male,3,100.0
Hwysbjlsg,Ogqez,14115,81,,5,78.10818013204711
Xxgscwce,Nwzgq,4671,95,Female,5,88.53382046157049
Jeakjnt,Mghk,13701,25,Male,2,81.38131119425061
Ophiz,Rdsi,1735,98,Female,2,81.79042447545784
Heemqwmbi,Oxme,19108,27,Other,3,79.7689196329927
Kaxsi,Fvde,16112,42,Female,5,72.3067205056318
Posradnzl,Pkyrhaix,9367,85,Female,2,77.75798735331604
Fssqe,Tfbuzavfc,5322,78,Female,2,67.56795090231505
Agotepy,Psyljuhxg,7452,88,Female,4,83.77608500870053
Imhoidde,Emggzkm,14322,66,Male,1,46.20682165498019
Hnpwtdxd,Rsulna,9767,19,Female,3,62.888328101654025
Pgnlaar,Chbei,17280,25,Female,5,96.15377163975337
Frxfkrzz,Xlmaf,15676,73,Male,1,76.5996318974153
Jcacym,Gxgtj,10751,60,Female,1,68.69567407074503
Jxky,Bwjcf,2576,28,,3,74.20943711390878
Taozyr,Xwamzkwa,16611,65,Male,1,71.68092325411638
Spdfkdbcr,Lamrzbeq,15650,47,Female,3,70.03027858439852
Zvye,Zmkmt,3125,57,Female,1,54.19866256939428
Bvjbqsxrq,Dkdqnwigh,9256,43,Male,2,66.93370834487962
Foanvk,Rktenfiqa,3288,83,Male,4,85.16442617138345
Zbhgpf,Genxcnty,3382,96,Female,3,82.64272783353444
Zxcc,Finlavfau,2046,87,Male,2,66.17204027098097
Gbjjavn,Lynx,6569,93,Female,2,67.87938649734159
Racmwahua,Qiskst,4187,39,Female,4,100.0
Mctvfitrm,Hhda,1725,80,Female,2,56.44248778260629
Qsyotpxn,Mmahgdo,17877,85,Female,2,70.77020359490862
Hoqk,Aqpazbs,9022,44,Male,2,71.81321199979021
Xxozpbwjq,Aidy,17141,81,Male,1,54.31098761169601
Xmcqjih,Djxxoq,2277,22,Female,2,93.62905979456589
Pjlly,Tyygvm,19057,34,Male,2,80.09441141152503
Rmehsftjw,Yitr,18478,31,Female,1,53.29741668510158
Ognjy,Tloflgq,19050,51,Female,5,66.66953568665555
Qpvlnwv,Rtrnw,17336,84,Female,2,82.69327910021622
Ltpy,Ybylof,16296,72,Male,1,80.90298029319979
Wcklrsdj,Meabqtk,8642,21,Male,3,84.70690599852384
Jsgxweb,Udbufdqxs,18615,24,Male,4,97.75538470681352
Rxzsufym,Jtima,3218,29,Female,3,71.92033114140715
Poitbomt,Ardy,16243,62,,2,54.215825399089354
Qteodh,Huvm,5231,87,Male,1,55.053667784075294
Ahhzdchkw,Pkwdqaty,19997,48,Female,4,77.47622388988277
Oidyagfqj,Ggwe,19511,91,Male,1,66.22442249117832
Bhoqwploj,Xthuxgft,6844,76,Female,1,76.10432745470706
Qkyc,Gghndwc,16072,50,Male,5,99.8230911662399
Eltjzb,Qfuaf,3139,79,Female,3,81.35233146383047
Kshoarm,Rraao,15446,90,Female,3,80.69252764971405
Ygifbaksj,Oxqpdmjn,8666,93,Male,4,69.68961435207001
Swoqlt,Vfypwn,15955,52,Male,3,73.78227183573534
Awxltfkx,Znpw,7072,34,Other,2,77.15290276865782
Vgyi,Izaqboibm,17312,18,Female,2,53.91431322493617
Ndfuvnfac,Ydoo,6404,62,Female,3,88.89892194083092
Nwajspql,Iogo,17026,31,Female,4,95.0296687100911
Pvvwl,Uuukgqjr,18196,73,Female,1,57.69647080091577
Ozeyivx,Wigf,2649,54,Male,2,61.55166560318841
Ifkpbnt,Iiqospioc,11227,53,Male,4,90.2190228327045
Wrkd,Ouvgp,12094,84,Other,2,100.0
Cpjsexrt,Admrqvqnt,2803,36,Female,5,77.26588633156162
Fjdwgqi,Bxvso,6020,50,Male,5,89.90704506697165
Xezdmbq,Irtuvh,11770,50,Female,5,89.3934441668543
Eboy,Ywta,6051,19,Male,5,87.14126335793685
Hnseb,Jgvftpymb,10504,70,Female,5,70.79451365314364
Qcqygin,Dhtnc,17952,34,Male,2,50.18914134832106
Jnoqg,Mshaai,3957,47,Male,4,93.37480098637798
Lwcmfp,Bvzcyb,17622,43,Other,5,88.06856765603288
Wsad,Acaag,1116,43,Male,1,64.52561152794833
Ctbhsmf,Uhktkv,18614,56,Female,4,80.2905027207827
Qyvu,Pjsubjkq,13360,81,Male,4,74.42265001025011
Bpkforpo,Qgggpjen,8783,51,Male,4,77.0429976425898
Vwioyrq,Atzvfpj,16874,23,Female,3,68.70049098889734
Mbte,Eplqn,7628,65,Female,5,84.26459210260762
Vvzfhamf,Qkaftado,19013,60,Female,1,63.48761553594554
Xmxhh,Vwlaestx,4505,70,Female,5,72.20896842221595
Ferp,Unegg,2496,84,Other,1,74.39504117559348
Ubupsfibw,Rpjz,19219,31,Female,3,89.37010547791398
Pjbi,Swuv,15004,92,Male,3,53.14172496358089
Daybxrfl,Madvgmpx,17150,97,Female,1,79.8594318996355
Dgxsgrocd,Teybqc,8967,43,Female,3,68.03141881724483
Xmjwwabdc,Cbqii,8076,73,Male,5,81.87032049344245
Ammqcdb,Bojjgr,11967,75,Female,2,69.35216271380384
Czroqbshw,Xrpouh,16330,66,Male,4,61.50073619627802
Ukabmnto,Hmmqpeb,15530,22,Male,1,74.25715982673101
Vnoct,Mlscrvu,7173,89,Male,2,77.10004349342951
Xbkifz,Pvjvhupgg,17108,54,Other,4,86.18758150050098
Ljxbafkl,Kperqdoms,8032,36,Male,5,98.68583044672401
Jopqct,Trohyn,16328,39,Female,1,48.80610443212158
Qrgwlbbh,Txtitcia,4369,18,Female,5,100.0
Qmsmw,Wzillx,13483,61,Female,4,83.65672958077056
Ftnwhdmw,Bjiquuhr,17411,54,Female,4,94.6349507444566
Uatsvsh,Decihj,11290,83,Male,1,60.70567830403908
Tkkgbqj,Llmokslln,13631,26,Female,2,71.18145819643716
Rrqndgri,Gmftvoza,4146,49,Male,5,93.65502304151067
Xhcjwlet,Ocabdiucj,5384,84,Male,2,100.0
Xdtvbfl,Bcjeohxi,2174,43,Male,5,79.82156732884994
Tsnvpb,Sfkxhv,14260,44,Male,1,72.01188480110342
Lrnqcgq,Unns,16583,77,Male,3,74.09374516295264
Fzbsalwt,Chbdhjz,8618,32,Male,4,77.25213992817325
Crslbkip,Jitvpf,6273,30,,3,85.93440658259998
Tdbnh,Adrzmdec,6945,56,Female,5,72.64617786661391
Kolmky,Ogvlnte,19471,76,Male,4,100.0
Zuaabodc,Dywekz,14105,85,Female,1,77.81593098867043
Oyezygk,Jeskfg,18415,91,Male,5,91.66053074424904
Teywogeni,Zunrxe,8370,39,Female,3,73.56026789474639
Nlrwnip,Gdmklsr,6629,26,Female,2,76.9521816276616
Cyop,Syll,5031,71,Female,5,100.0
Tolqyo,Fitrycx,3658,68,Other,1,57.72569969365624
Znejqq,Thfxwlvr,8555,39,Female,2,69.64929260437088
Kmgtmyiyx,Yubhwj,17107,43,Other,2,67.75026879504662
Lkmugs,Dhdivn,12548,32,Male,5,90.5555660266419
Tqbyvfyd,Pmncabcl,6568,80,Female,4,85.68176953908578
Gsnejsd,Dhfixjsrq,14161,30,Male,1,52.56562060380632
Mripiuc,Gznpkwqe,4589,88,Male,2,41.03340409742355
Spaptmvv,Mktyd,9146,41,Male,5,71.40354314555296
Hswjar,Grhuoipi,17397,67,Male,2,63.63167794809933
Mqbhdzqcb,Xtfctsi,17979,71,Female,4,72.29661509972706
Qmcatkxj,Zsqrqws,9793,97,Male,3,68.43503727601157
Edenhp,Mrlp,10605,64,Male,4,81.9724351663501
Buganvfn,Braswhfq,10904,73,Female,2,50.25881184990736
Wnuiuw,Pycyp,16400,91,Male,5,81.79377581315272
Ymmn,Cmofe,16625,91,Female,4,78.43575454361886
Eyheknf,Zhrr,18531,77,Female,4,80.2735238231796
Ixsdbcem,Jobnmpeh,3853,96,Other,4,91.70750214353906
Dtqz,Hcxtoomde,2433,27,Male,4,79.45050590614335
Ljvxrppw,Vvsnw,11828,44,Female,3,69.81228966613546
Anjytdebo,Yvrnatu,6179,49,Other,3,59.881022170479696
Lzwutrs,Grbt,3673,74,Female,5,82.96662845588723
Dcsje,Dcozbu,5461,75,Male,4,84.89348624816556
Jlvxpopr,Putitcvu,6836,27,Other,2,82.9291295384886
Hbfzkwufh,Lxymi,11853,81,,3,61.52591878278985
Wacvnno,Zkqeoui,12687,61,Male,1,67.63897984425815
Joec,Gptmumqps,2910,34,Female,4,85.8670417637271
Guhqu,Urrqmkzul,2842,81,Male,2,55.490713052742976
Zjnuzw,Urbssir,7206,65,Female,4,85.90953643448083
Zfcn,Kmrdgr,6276,48,Female,2,49.29341304436245
Sefhmgdep,Xuaxc,13433,39,Male,1,76.03302414811284
Txowfsn,Fbhndsr,19698,24,Male,1,82.9949304548378
Crnyib,Iirtlal,6073,44,Female,2,57.34786906204772
Cfdg,Xvytxmhqz,6460,64,Female,1,69.8203686604599
Aeskqetf,Lcunfts,15024,96,Female,2,80.96456617500867
Xtwlr,Kuadypbpp,17911,54,Female,1,82.14494580997217
Mybgnb,Lpjqb,15156,39,Other,1,56.34379034691042
Gghjrxgob,Vlovlp,17047,47,Male,5,91.04050997012604
Heza,Aeustkf,4100,73,Male,1,51.04026051235083
Bsoaj,Tnnxoo,11786,22,Other,3,66.32925425588708
Qnfql,Imifolqi,11642,54,Female,2,52.83558803681595
Farevd,Sehxy,5954,20,Female,5,81.81367648433772
Kyayo,Chpjtw,11476,46,Male,3,65.10546003691456
Tggafwtrf,Jnehwp,16963,85,Other,1,57.33407608687834
Xczjrp,Mjwaauo,3781,74,Other,4,94.37648319343587
Buxk,Ouabjxhe,14891,97,Male,5,63.73627751036343
Dktvvqrny,Cxtzpg,10138,95,Female,5,78.01518454464141
Clpev,Mblket,3605,80,Male,2,82.15200848978603
Nfwky,Jctotl,8786,62,Female,5,100.0
Nrtur,Zbqivube,4944,91,Female,4,65.78719211486347
Hflhn,Nygbquetk,2300,30,Female,5,88.71274753705987
Mfswv,Royeyub,12681,85,Female,3,60.11600127200186
Mzmy,Iqyhjbes,9579,83,Male,2,64.449049088105
Bvpufbll,Okdqq,18227,27,Female,5,100.0
Ekifqln,Bdrogtra,18574,90,Male,3,83.2622195486089
Yrlcivdw,Etzegfptm,15688,79,,5,83.40646677610205
Xedejsqsa,Ctvidvg,12553,95,Female,4,69.49288166522615
Svgvjlq,Mzfnvuu,2732,85,Female,5,66.68126772922913
Txnveny,Jdslufbhd,1835,42,Male,3,77.6675354984211
Wsydcatxu,Hsss,17364,77,Male,5,80.94084527636795
Netuzc,Mgao,13193,47,Female,1,72.4006377764311
Xvczbjz,Wnmdcaa,19486,27,Female,3,62.093321255750205
Pkqlzln,Votuztx,7407,24,Female,5,85.58097607018277
Khslmsgp,Zlnbnkpfn,8599,75,Female,5,73.19574043174123
Msta,Cfvtac,8940,65,Female,4,75.29181160819306
Kgpidumt,Koqdeg,18047,47,Female,2,76.55920372355135
Mdbxeajvs,Tcmfalj,3307,31,Female,3,70.47738158582003
Qzgloemn,Iccmb,12581,46,Female,2,61.06810813735261
Insm,Sfvrllgn,19451,93,,1,69.39381950681579
Zeyffmbg,Cbqnvzy,1945,59,Male,4,78.75534722939344
Nfhlbv,Anfsk,18538,53,Other,5,76.68531001194663
Pyhppjxa,Hojbn,2852,87,,5,94.24175826806558
Vwcl,Ygfo,3477,24,Female,4,76.78307615515268
Mxpcd,Fblmwpjmw,18720,63,Male,2,68.54235714899912
Prxnq,Snlgoknra,18749,49,Female,4,72.54360395203575
Mymqazhc,Yatbhni,14679,80,Male,4,82.97917252927095
Eycg,Kgkruxila,17577,20,Female,3,93.16188191301396
Wnptwg,Iauexcf,16664,67,Male,1,64.11219895911657
Hkot,Emlfrwhn,16896,21,Female,1,47.607788665656244
Qawvm,Iqlf,2538,44,Female,5,98.99282090585257
Sqjebpglg,Pjza,19237,97,Male,3,77.25728090448604
Hwgwus,Dybhap,17746,47,Male,5,70.4895843275559
Mctynz,Ocdrtsdlq,10448,21,Other,5,100.0
Uxuyjbpl,Nkywstz,10512,52,Female,3,79.78446369286748
Wvpza,Cbjyblu,2632,33,Male,2,74.52245741170876
Vkfikwciy,Ucjgifx,4553,32,Other,3,91.9663431946376
Zjlrweub,Hsoy,14981,31,Female,1,55.05864280158579
Dlgpq,Idqqwonav,13249,76,Female,4,79.03781364836362
Zllb,Dvsjk,15739,74,Female,1,51.519847400699504
Pfrfc,Fftxok,5950,78,Male,3,66.69825481209409
Crgi,Mbnktgmuv,14847,54,Female,4,86.24977728041279
Xgbxm,Nacipgw,14532,92,Female,5,84.18050971541241
Kulmflj,Imopqfss,7602,57,Male,2,59.07285621996243
Qarelzxkt,Hmmw,15779,36,Male,2,72.25059840770936
Ooca,Jofh,3819,45,Female,3,68.82918961446813
Ormj,Eobqf,18388,88,Female,4,73.67002993987333
Zuvokra,Nwdj,8415,31,Male,4,88.99347412802389
Xasddwb,Clvjnim,12512,51,Male,5,76.41756188074785
Cvxn,Wvwy,16204,70,Female,3,80.17223574393519
Dhhofwie,Itrr,13518,50,Female,1,59.2115112168363
Htwrde,Mfdrh,17043,65,Female,5,81.98783543295971
Zmbvejed,Brfdys,11267,71,Female,4,82.33346404857355
Bwiiiys,Bowjche,3860,91,Female,5,69.27130213985004
Rwvjg,Rjnys,11597,68,Female,4,77.69195217172442
Uvoylfqs,Jmuruu,14246,94,Female,3,72.73354710577013
Nmwed,Rrdslzl,7613,79,Male,4,82.40820284120193
Jegisk,Kjpqjyrz,5274,26,Male,4,89.67595011862866
Oqoejupct,Jxzxnv,15627,58,Female,3,83.73554293456459
Vefz,Qccptyuv,15670,60,Female,2,72.76193470649298
Ldmtz,Tpqhe,3903,51,Female,5,91.02645146230485
Uljqwwu,Tbba,16009,29,Female,1,45.07908143894981
Cozx,Fjttowky,3651,73,Female,2,82.99446290157867
Ualabt,Epfpzzq,14517,70,Other,5,100.0
Uqlxi,Tdkao,12868,51,Female,4,87.24117706882383
Ezea,Zgrncqos,16337,75,Male,3,70.12365311093329
Jvfvgwn,Jmblph,4463,62,Female,4,81.16994003019784
Eihimufrs,Zreepaaan,11441,60,Male,1,54.202954049932956
Sylrs,Hgjb,19919,55,Female,3,55.8776583552666
Bujgweakf,Flgd,14380,49,Male,4,67.7716384028391
Gqledova,Ogmacdgwt,15769,98,Female,2,82.75588513378456
Pzzdl,Hkpgup,13555,86,Male,2,70.99803497645365
Ekvppk,Obermc,6858,74,Male,3,69.3135097146418
Rtgntpri,Rgzj,18688,42,Female,4,74.61738214288555
Hgzm,Adcmccyja,13052,96,Female,2,74.09955633911616
Hsijwl,Emnopczc,8468,70,Female,5,83.50210068706829
Togigvz,Quec,15238,51,,2,84.0306397795253
Jtsrrr,Arkuqyn,15763,86,Female,5,100.0
Mfwjzldz,Cavf,11791,41,Male,3,70.68505862848977
Dxcb,Ddlgmz,17924,44,Male,1,90.4627768739349
Sxdaulfg,Kaee,2487,89,Female,2,69.12606358260086
Zjdib,Iirg,16531,24,Female,3,79.87244826403257
Sprlyrusi,Xjovshfi,9459,26,Male,1,71.53963026304889
Nggqp,Fwkntxxjj,16368,31,Female,3,84.84787351659756
Slfsfdq,Avbziypb,14058,49,Female,5,79.5779021794653
Xtykijhbz,Vtbkhkucz,13922,19,Male,1,68.48943434678364
Lqwvps,Qqyk,17795,96,Male,2,43.93043633443476
Jzai,Oaxo,8514,33,Male,1,78.93757676337812
Smay,Jzqsep,14252,92,Other,5,100.0
Srlyqxczz,Zoubkqz,1921,29,Male,5,93.91324636044743
Htet,Gxdu,3294,96,Female,5,96.88758541161752
Zdvnszh,Knsiuv,6720,34,Female,5,100.0
Snctnum,Havjw,3873,87,Female,1,64.82233711366652
Petzk,Ugoymn,19107,79,,1,62.167314693390914
Lrnhb,Vzvjquu,4705,46,Female,4,80.43589234978008
Eoodm,Wfzrfwdi,4787,72,Male,5,100.0
Ifzgul,Ktyqb,2067,26,Female,4,100.0
Srfzpnu,Zxattkhk,3058,46,Male,2,56.06703484684965
Itsreu,Euslcbwye,16004,44,Female,2,48.52737903668752
Uqmvsq,Nifewu,13528,66,Male,3,71.12734613023474
Sjlgel,Mwrvoql,17494,51,Female,4,57.46461486272124
Jziinz,Dqsbroufb,8114,95,Female,2,53.8706340616919
Hzzgeg,Qneks,19075,90,Male,4,69.25269265303348
Nlsks,Muifhg,16274,76,Female,1,63.81783020635949
Lprmx,Pwypnar,13314,58,Female,3,80.3291527462856
Jiupm,Pdpogvje,4681,57,Male,3,63.15511928438674
Nlwpvgiho,Nrdxnmsk,2983,52,Male,5,70.92028194069849
Hsjcwsiua,Dwpihp,6281,24,Male,3,69.3839942186324
Wkgueqn,Yhfw,3195,79,Male,1,65.42611557704004
Sbyoetfyj,Emjgh,4265,49,Female,1,53.67603385021716
Joupfdm,Kuwbfcn,4880,83,Female,5,82.7481378770529
Uarvxkpcp,Jsynew,11107,77,Male,3,71.60121911408127
Dryzdgeu,Wkjxg,9965,22,Female,4,93.98853592754973
Vcdrnryet,Xvixylpb,6152,53,Female,1,84.10968820237504
Fokepgged,Avyrvwkv,11818,23,Male,5,97.39431641938003
Pbzxwprvp,Kwltnyju,9135,23,Male,5,80.08295997849366
Xoqfasev,Vjvgal,15096,73,Male,1,59.45305654884136
Obdpzwddt,Yyzcdqxu,6627,20,Female,1,58.31902981346108
Waxvizs,Mgfim,10662,28,Other,1,79.27274848540014
Tuclofktg,Akgsto,17495,23,Male,4,75.69251332259194
Ahjcxurvz,Jtsvkf,19076,52,Female,1,55.19379180396337
Jnlwvzey,Hiuajb,8883,95,Male,4,75.68118551531849
Aziwpa,Hsfp,15768,77,Male,5,91.34096158126674
Looh,Crqkhzb,9262,44,Male,3,82.92231215545215
Qgonqs,Xcon,11862,39,Female,1,61.57631863039072
Aacqsfpqf,Hhckeqzl,18027,62,Female,4,61.396481440008756
Gtlbtb,Zfyfkhxym,5422,69,Male,1,73.13977418570934
Mugmf,Futiqjzq,13676,87,Female,2,53.995328567517596
Sydeino,Rgmae,5849,32,Male,5,96.99489118452549
Tbfhwgqw,Buatdp,1298,52,Male,4,76.67738250273342
Krdvcf,Uvqjbu,17251,33,Female,3,84.33045293454362
Jemtjnuw,Dcggv,12212,68,Other,2,77.59921012651591
Ozpjhaec,Egahvt,11186,63,Other,5,83.55326762274996
Rkisfol,Wlgnfshfr,3952,44,Female,4,69.09817677941413
Fbqxozsdm,Mwsxhxc,5449,63,Female,4,78.20676583409488
Fhbbagki,Leajgfuo,4206,23,Male,4,84.16118492805208
Xfbudghwn,Jhkhgc,9199,95,Male,2,59.92167247889077
Iigjjvjdq,Xlerxkg,9985,50,Female,2,75.06016051416177
Didrvgive,Itwr,18781,92,Female,4,54.2301459970362
Yyosftlpi,Gnbxnywry,14651,49,Female,2,82.89020629112814
Pveib,Vvttdhgcg,2804,67,Female,3,81.64204213206739
Rdpezhsv,Dvtfnjq,17670,19,Female,1,82.40076022135611
Dpsxe,Qujsblq,8204,68,Female,3,82.15453416905476
Xnkq,Mytsarjfu,3850,41,Female,5,80.36491691982955
Oegrvqdd,Mqqr,2797,82,Female,4,92.37286946322115
Rvng,Unmaldhrf,17643,58,Female,4,59.66385925958245
Uafsr,Sjxc,8459,44,Female,4,74.30139480082259
Slytcks,Khnqgnl,9686,36,Female,3,85.91426255843601
Slakpql,Prheuklx,9658,89,Female,2,85.45232836318004
Rkbfhiai,Lmji,10199,91,Female,3,52.76358738913733
Gbppx,Olzngq,11037,21,Male,5,76.95814385017076
Lzjlugtww,Dlpmsb,10220,42,Male,3,96.8623969917854
Wlve,Huctc,9954,84,Male,4,87.78131142957976
Jnpkxkty,Dquyypki,13080,76,Female,5,59.25589074865469
Keafx,Cuxroonz,11796,86,Female,1,66.5131803991866
Wihnovk,Uqunkrib,7156,73,Male,3,82.6863015236693
Ivzaxnzkj,Ktdcpm,15256,22,Male,3,73.36200973334455
Duibaue,Fzvqp,17245,88,Male,5,78.05160183680945
Ewryklkm,Ncolbleo,17530,43,Female,1,50.6941950643736
Vjaxcf,Dsqxnso,10964,64,Male,2,69.31794888722712
Ykuv,Lkeg,14042,86,Male,5,88.25140492105987
Hcfo,Lrnouu,6535,55,Female,5,96.80230825724564
Lrezic,Bzdmgxmw,16506,77,Male,1,75.27208352488829
Atftmqzs,Qyxaatdg,6420,24,Female,2,57.55452640388478
Pmxjku,Lyygarx,16409,37,Female,3,77.107696030725
Emxalw,Ulferc,3372,73,Male,2,75.52584655606101
Itual,Yzlfmq,9513,38,Female,4,81.44858527697147
Tfchn,Vuctqni,12828,58,Other,4,81.0439577471256
Ypxivaqzd,Rwni,13086,32,Female,4,81.31891070557822
Fcoikocq,Etckidm,14839,70,Female,4,89.28414452227116
Snskm,Wztogn,1426,80,Female,5,100.0
Dzisw,Ypcyzbcak,13098,63,Female,4,69.33817744080525
Kqlxwoch,Kvyk,8894,50,Female,1,42.39578320961672
Imuy,Fmrdspdk,14207,25,Female,4,84.83986434489381
Omwubpdzv,Ikjfhwedk,3290,46,Other,3,64.0208940057606
Jtlmhnped,Ytvuct,1022,19,Other,1,52.20720843114752
Lnliah,Lkuqqer,2377,72,Female,1,62.67075087309434
Weep,Slpqvati,10207,18,Male,3,63.5914167853158
Moaprvniv,Qivrbnpsp,16603,84,Female,2,62.16929842090038
Dwyz,Kxge,1306,96,Other,3,71.58575578022015
Qfrdaxt,Wuct,14965,56,Male,2,76.01284351048136
Swqf,Zyvjy,3266,55,Other,2,56.337529489567615
Mglwhsg,Bllql,13533,84,Female,5,54.21980260472855
Eoxqkv,Bujdv,15273,78,Male,5,72.42042043457201
Dcbqznhec,Xmswissk,2792,46,Male,5,94.12181660814909
Mlsei,Ciehjorv,1900,87,Female,1,77.411905863936
Beme,Rejtexeor,19715,37,Other,5,86.94719631406198
Rfgprmi,Wbacbyusu,19165,41,Male,5,90.76544727046388
Qrfojxml,Cxqdmhh,6109,30,Female,4,85.93872758602656
Pavqcjm,Wjtkzfil,11936,72,Female,2,56.427814232776
Hxck,Esxwtp,4175,80,Other,1,59.6526414374697
Vigsq,Jdho,13548,97,Male,2,69.8223652906689
Nywdlni,Hutpw,17788,80,Male,2,77.90061872027164
Irycgu,Stqsfpy,16752,28,Female,5,95.44656314757827
Bilkpn,Arewdpb,1785,44,Male,5,67.26923450197052
Iflcammuu,Diafkn,13425,98,Female,4,98.14738701603875
Wbsjlu,Umphgrz,19690,95,Female,5,54.93472676171121
Yimbkrmg,Vbsqbhtiv,17653,78,Female,3,82.72028197261037
Kfeshu,Sqqfyc,17257,68,Female,1,79.00471420362436
Aydf,Odcrv,15661,89,Female,1,36.01931351165324
Lfrytqzze,Aamex,13858,45,Female,4,71.5999137079508
Byeef,Alrx,6895,82,Female,4,85.42412879561455
Utsosypi,Xvcvmt,7272,44,Male,5,88.20340524858538
Nrufg,Ojafusm,11640,52,Male,1,65.89405621741193
Rekiro,Tjyv,15980,67,Female,2,68.84571624780283
Vxqu,Ctdt,11151,83,Male,1,75.74111861921673
Mler,Qqxkbdmvi,12116,28,Male,5,84.8158671431839
Otjikuh,Jvjb,7031,83,Male,2,97.85945333228219
Qwgtzg,Kfryjg,19947,25,Female,3,74.89527390317167
Zjrtup,Wlqnvge,16798,24,Male,4,71.25790268944414
Yqdglpppi,Nraap,4437,83,Female,2,80.31019156973544
Srwbnfcxa,Ooxa,7424,77,Male,5,84.74343326218886
Xohfuthj,Ukeyzaqd,12791,88,Female,3,63.87036922171079
Tgzzyf,Ufremfzbr,1649,72,Female,3,84.89512446047004
Troueiqp,Frtdgfnis,10770,60,Female,2,69.39984869911758
Ikcwnmcp,Plgsl,13072,37,Male,4,91.39834371537336
Lyzztqfk,Gyrmiof,4653,22,Male,4,81.12771729714365
Jebootqqe,Fuww,17157,72,Male,4,82.87600839732511
Aqywg,Iqdyruvz,1120,78,Male,2,74.0397760270841
Qqvluwr,Yphymimbe,15515,36,Male,5,84.20288002274665
Eyzwiq,Vuxcmm,8306,43,Male,4,97.11612387983257
Hwgvcyjx,Sdts,13089,31,Male,5,87.73872921383946
Duorwo,Bhruhwrn,1176,85,Female,3,66.95553307557016
Jubvd,Njzrgclrt,7797,43,Female,5,100.0
Clyfk,Huanxyjum,3514,48,Male,2,88.43133176328433
Ngpoztv,Nttgb,16935,84,Male,3,84.7751210797576
Tnkwlz,Fdaepwv,4295,36,Female,1,65.81405930521174
Qlnfudrao,Jmevrlo,2038,60,Male,4,81.00486831783499
Gzzhhhn,Efhezlg,10484,25,Male,5,82.36032696541662
Yrxwiuo,Gkmsxbcv,11422,89,Male,1,59.734512304449524
Zplu,Nekix,3118,61,Other,3,78.84020934590988
Lnafsja,Ueuz,15608,18,Male,3,89.97010226157622
Bddqmodj,Jtrwgvru,13906,98,Other,5,79.60628343615863
Abhydqw,Fsuuxl,19833,94,Male,5,100.0
Qcgiaxy,Wvfipxu,13294,54,Male,2,78.63709471077786
Fmlonj,Ruipteho,19093,81,,1,63.2178642495981
Okkl,Ktex,15467,93,Male,4,80.28256155532974
Sntatqfyp,Xmvfrrte,5830,65,Other,4,79.1144013783721
Lelj,Hbuxsssg,13730,72,Male,5,83.53958879761703
Zrah,Qnrd,15526,35,Female,2,83.54486240954205
Phpfei,Szohcio,8412,65,Other,3,79.27864150168698
Osjm,Qmqtkbtr,6607,36,Male,3,75.79334829251131
Sjezb,Rjjuzh,16124,92,Male,3,57.11632538354903
Lyufkyz,Disikz,19838,48,Female,2,67.90236840401508
Vspsfuxbo,Vkayoid,9047,19,Male,2,65.67957322830318
Hieyva,Zdfzfdpv,6401,19,Other,1,70.85942932168054
Sasbbzsbv,Hsoquma,14254,55,Male,4,88.48093442765698
Wjcticoms,Xslc,5361,73,Female,4,100.0
Fdfcbads,Zasibvfol,18841,49,Male,2,50.807823451947925
Lruwz,Yhgnh,15255,19,Male,4,94.24534652584116
Lpxika,Vbtu,5986,67,Male,4,80.96753507032676
Czonpodo,Rdwe,8269,59,Male,2,71.4805650971254
Purfhqn,Tduseu,13965,45,Male,1,81.91736218973872
Rqfkk,Iyjuerp,9752,59,Female,4,80.08861361004925
Wkpppnf,Imqhgxdw,6440,40,Male,3,79.83896679434332
Muqbw,Okfbrjmto,7575,31,Male,3,76.68171458208477
Rqkd,Acklezm,11987,47,Female,4,97.77913818854192
Rtaehymdr,Yuwo,6494,29,Female,4,75.27087614784443
Zrqiqy,Aenbpt,7612,82,Male,4,90.99429970787837
Oxaplne,Wfoknfrue,15928,21,Female,3,72.73381239938064
Jhvynysb,Ghat,13381,38,Male,2,66.94437031949528
Mfgjl,Mmlxaz,5592,44,Female,5,86.69863765861186
Iimezsaiz,Vncf,12415,32,Female,2,73.06593857852316
Hgdml,Mxvn,19172,32,Male,3,81.99597653587269
Vgawxe,Thpfqqyke,18372,42,Other,2,76.40699272289162
Mhzobn,Vizz,14774,48,Female,3,76.30881167286196
Iiqvwcfy,Zqpycpv,12695,97,Female,4,92.03842574057474
Wcollau,Omuba,8650,39,Female,5,83.0614507158887
Twgvshxsh,Gqyn,13332,85,Other,5,77.24316995595412
Muphyon,Wznsk,5895,31,Female,3,68.66035339737346
Rczgh,Oqjtiagi,7605,61,Female,2,74.34460718001104
Fdmgl,Thhk,8021,93,Female,4,100.0
Eblvzmxim,Njpjp,13113,95,Other,1,52.182404796183704
Kbkvsdc,Hsklvtlti,13120,41,Female,3,83.98540952778038
Giwde,Zcceixbnt,18359,63,Female,4,89.86923949748848
Prfewt,Znytkhwy,15031,46,Female,4,98.43125828497836
Gzwtyd,Cnyeywz,18461,20,Female,3,100.0
Fkgekduy,Bszrx,17321,29,Female,1,73.3360583800632
Ptbe,Sgpkduu,3126,92,Other,4,91.62642976964679
Zyayty,Swpp,3930,43,Female,4,77.37707775054116
Zsts,Oijbne,8820,40,Female,3,54.45721507957749
Lcnncmq,Nrhw,4118,61,Female,5,92.4040337619813
Qpeds,Gsvhttuk,3798,93,Male,4,63.10528000961953
Bccdfvnm,Qpgtpcoc,11232,56,Female,2,72.85617417766477
Lbtvky,Mpjid,4161,47,Female,4,91.06236021668246
Hdsly,Peuodui,2276,68,Male,3,84.9393808558356
Nnbziakr,Agobecds,16435,23,Female,1,62.39857723097897
Mpcmxlhto,Uuppbtygp,18773,82,Male,1,79.78375393540686
Beqc,Ibcbb,9234,75,Female,5,99.34467990904233
Yiuith,Nydhb,14778,45,Male,5,75.80489044953029
Wiojnwvvo,Deirweoto,9294,31,Male,2,55.20411894243695
Qdcgbw,Sdlyry,16934,20,Female,4,72.1226195822795
Qtuluiaix,Nelosin,10621,31,Female,3,65.41995702244454
Zxgekdux,Yzrti,16205,60,Female,2,75.08178245338208
Zbpeamwnl,Dwnvqnxj,4030,75,Other,3,80.07323211046686
Vapfl,Cvtxtzmk,18883,95,Female,2,74.39529198501346
Xeqy,Sjzqhtf,8945,84,Male,3,79.26655397984592
Ieyrud,Hbnaztxmy,2988,29,Female,3,78.87006939589884
Auczo,Chwdk,8885,74,Female,3,75.45252057251702
Donrjwlz,Jtywkpsqg,16627,85,Male,5,93.62265919391945
Xkxpui,Brfnbjsc,8111,97,,3,76.53121505906273
Gntruo,Wyzoa,4009,66,Female,4,69.88290774426648
Bqkazedt,Fizb,2904,59,Female,2,56.680996337340424
Kyehrtqt,Mnnlywu,14822,69,,5,76.50681113529866
Gthg,Nrynflvw,1891,38,Female,3,86.85999746031874
Gqpbzavm,Fgjfri,9452,74,,4,65.2042510334471
Saozd,Vthwdounr,1626,58,Female,1,45.21991903318082
Kmkfo,Sowjulpre,12518,26,Female,5,85.62208375844926
Qpwjieiy,Awkxxbcu,13078,61,Female,2,75.13185012550318
Bfsuyu,Qiyoxrqg,2472,36,Female,4,77.16636031207454
Bhqau,Eknusug,13935,30,Male,3,88.9681975274762
Sewg,Tzzffenm,13229,66,Female,4,100.0
Uwvkku,Rxql,16515,83,Male,4,98.9704530210168
Pmqtkqh,Kwnysdum,2547,86,Male,4,70.63141200964128
Oeomdqhjk,Idwq,15891,83,Female,5,74.64549823651025
Fgdqq,Rhrz,10687,55,Male,4,62.36747708167542
Axhdpdybf,Fstdyndbd,3250,85,,5,98.41364715908803
Wzfvopfs,Dkbgwuje,3410,30,Female,2,59.66472500021978
Tchhqu,Ucphech,10223,85,Female,2,74.53032958169385
Njwgoe,Huasalva,4438,42,Male,3,75.66426068917755
Mkrnp,Rucef,11585,90,Female,2,67.02172213088168
Odcun,Buawui,6883,28,Female,3,88.8131535964928
Puus,Ohqrxaao,6999,85,Female,3,91.98628401411538
Ylcapak,Zdsvt,2636,50,Male,2,74.97000719001112
Dksfjj,Azbbjhqwv,2569,84,Male,5,83.21672506376407
Nxyg,Kvtzyfu,7171,76,Female,5,86.80021252546672
Flegwgkep,Snmwf,9000,61,Other,1,74.30561886306788
Qsip,Apbjdhp,16030,66,Other,2,84.0380081691614
Bngphdm,Rrlxfp,6499,81,Male,2,82.52167621214487
Bpkc,Cvmvbyflf,17988,26,Male,4,63.42663238388138
Nvqm,Mmniueo,15597,39,Other,5,90.24517985669351
Qhqoebvnb,Zyiewlwz,9556,67,Male,2,76.42331392946593
Akdo,Ehhstfe,4328,88,Female,2,47.74655903837893
Cdwqjfb,Oujslu,10948,62,Other,4,95.176337689723
Vvmtphnpp,Mebyxaor,18590,60,Female,2,73.51507892749751
Ixyrld,Hqaezk,18566,84,Male,1,66.19487630205629
Ukzrddxs,Rbmbucf,10784,37,Female,4,100.0
Tyespgfp,Bzmtoqei,10340,56,Male,2,86.16425772750264
Mlqittyrt,Junctllp,8274,43,Male,3,89.50701907978377
Ljfsdzj,Ngoehglh,10880,75,Female,2,72.35428084621589
Rkvrizzj,Efqnrnye,5701,66,Female,2,71.36556274111473
Bgmcasbw,Qvtgzihfc,2563,77,Male,1,44.8440780850882
Rorcd,Gvbf,17708,85,Female,2,69.2356506630172
Lhuriuvqr,Atbkt,7854,75,Female,1,48.08651433595318
Jhfhsif,Bgliqp,14759,78,Female,4,82.41945425091667
Aqnlq,Ochj,2565,43,Male,4,69.76641775099887
Uxrsjcdb,Rkmej,13272,57,Female,3,70.64290046460523
Dttmsdtvv,Ylofplsi,4088,74,,1,75.64647401201385
Redsrk,Xaqjodayd,19029,77,,1,52.36044979443224
Wvepfswgl,Idcaut,3134,25,Female,4,84.37930799489114
Wvilzp,Cvsjt,19966,48,Male,4,90.09374437471837
Pviu,Nwbtnr,12269,61,Male,5,80.82638024711962
Pjjzmqsnz,Emovca,5353,73,,1,63.64230576639602
Emoxjijn,Dcnouje,19279,26,Male,3,79.88344298905598
Igetoi,Ihstdr,19314,93,Female,3,100.0
Hivr,Bqgmrgqw,12081,91,Female,3,67.00482777549966
Hjivbz,Dvgtei,19000,92,Male,5,73.31873106978314
Jwfb,Dbppectck,18010,18,Female,3,66.70942830638008
Lmjm,Azuwwojcs,8300,69,Female,4,91.72788046097628
Wcsgym,Rvcslo,12640,33,Female,5,83.11129236649094
Trwldpnc,Legmibos,17920,88,Female,2,61.40224203135496
Uczatgos,Uddmcqw,9949,34,Male,5,79.66795824615745
Ycjgwi,Aqad,2639,50,Female,1,63.28267015940143
Xgxkepbh,Cuxu,13363,69,Other,2,86.22779505200195
Dfarxk,Ddfih,2480,34,Male,1,87.74178075964771
Jafwf,Ztkbbgpzf,7493,29,Male,2,73.81458378574028
Mmmi,Dqqumpcdy,1188,98,Female,4,72.93472046049935
Xnvy,Lfozfde,2020,34,Female,3,85.47933381095513
Chwtp,Affzu,4090,47,Other,2,62.54406333684231
Dbmctzzji,Ytae,16010,76,Male,3,59.27285297984548
Cpwbefyf,Rdibmlw,8130,22,Female,3,53.089682868489554
Thkyvdnfa,Deyoi,19827,91,Female,3,78.91230456351522
Vubwhbg,Ajluyxvpr,5066,42,Male,3,63.10602787765493
Rjnzfrow,Pccse,14145,33,Female,3,65.92561853960035
Rghfyjd,Qhgk,6421,45,Male,2,67.09102714904395
Owyvstok,Obeseybso,8003,95,Female,4,62.71196272138204
Wsmtbyqdp,Ppkriu,10653,41,Other,4,57.360799608032536
Dtjvyop,Ajzsb,17104,79,Female,3,69.56906755877901
Triq,Wupm,6377,48,Male,3,80.97787469079604
Uvoitud,Wmczpvp,2073,74,Female,5,100.0
Tnqflok,Liyuffnjm,8892,90,Male,2,64.14700133980398
Dzobj,Odoo,10961,42,Female,5,72.34653590940569
Kgjetd,Xasrdb,9080,68,,2,65.93982015208144
Cisicths,Bsohahe,5865,42,Other,5,100.0
Qxjww,Qjkopatqb,5014,78,Male,1,50.56728920398045
Nrhoe,Zfpiutbsh,7285,27,Female,2,74.68863770190691
Ukgrloxj,Fjtky,18785,96,Other,5,84.1590781179838
Vzhp,Dcovuakr,12707,79,Female,3,84.80566618052055
Yfffysnv,Cayxmeykz,1967,92,Male,4,100.0
Vsgf,Adlyqkbd,6650,39,Female,5,100.0
Rnogzod,Aesynarab,6432,98,Other,5,85.17140758701109
Rdhlij,Pxbwc,3769,75,Female,4,70.89511681911883
Ygkrbspdm,Hftbsicl,2471,58,,5,71.82030321778448
Dvfrltnuh,Pmokjumz,10180,25,Female,4,78.28504188847756
Bdgfowa,Ifzewmhml,5523,42,Male,5,96.93543423182213
Vepgvoox,Pnqjj,8507,45,Female,3,77.54269171069078
Bkutpynav,Emqzdsrh,18957,51,Male,2,72.57146849302524
Tlzuhjk,Cdia,13973,67,,2,79.06654361084748
Vqdqazep,Chfg,14298,96,Female,1,55.78363832549706
Ovzk,Mgjnjbu,11164,27,Female,5,75.93261517598
Zeixg,Bxancg,17968,92,Female,5,87.33497510342815
Rgdjllr,Rsephzh,3616,73,Male,2,81.7114318192795
Xzichs,Jmnuxgu,15852,87,Female,5,98.45931555791803
Rdhpx,Hkyl,3314,79,Male,4,79.10251118645257
Ojntrim,Fmbcty,13035,34,Male,1,74.27569823717371
Vrbzex,Lvpwdaosy,10139,39,Male,1,80.393926180883
Eeyisxa,Pqyjpvhd,10295,62,Male,2,72.89725136814249
Bhrp,Bbra,16076,75,Female,4,95.13831648317175
Eceeanwwq,Ypne,12143,91,Female,2,77.65577484119441
Exnxhclc,Tywxqth,13189,33,,1,60.1772615434876
Cfogy,Sftkvvvwg,8441,65,Male,1,44.51617907427961
Qdndd,Zllpasx,14838,96,Male,2,64.27997659100339
Owlhca,Svnsoewe,15253,60,Male,3,91.6317365844612
Ixbpvvxy,Ynen,12358,60,,1,76.38079905073926
Zsvzcox,Cvmktvw,18721,29,Male,4,50.67697965121311
Vnuarepgq,Zzwvx,13964,33,Male,4,91.14075284945747
Uoqbdduc,Piwhasbw,7382,30,Female,5,86.96186750905841
Wqcocuvf,Pjgjyouon,14421,29,Female,3,70.40971910446079
Actuy,Yogbewt,5452,40,Female,3,97.13314440910564
Szql,Ysek,17906,48,Male,4,82.63375079440516
Fehfdmz,Hkyt,5640,92,Female,3,63.15775795203983
Rzclxbuwm,Dicr,1477,19,Male,3,81.26127104906375
Dfyjqodh,Mggiuomt,7626,32,,2,82.59441386997194
Fsedpdnxw,Gtvtowk,15068,70,Male,1,75.19692831642239
Abkdaosbo,Zwjen,1389,64,Male,2,78.3008921113937
Uahn,Htlucm,15881,50,Male,3,87.37555900373778
Dqvod,Rjyofox,8465,35,Male,1,79.88747256738806
Ybprtngd,Liwhq,14288,92,Male,4,75.74257018257748
Gchsbqmia,Xjqw,2823,73,Other,1,87.87436743600202
Ngfuymoj,Drxxzxexq,3159,77,,4,71.30961900857002
Akufpsw,Ucwmqiykc,14218,70,Male,5,90.83856466450362
Blzhknu,Lcacr,14412,98,Female,4,88.12673969923836
Ppzoo,Ozoyvth,5924,37,Male,5,75.79711985283592
Hnrqo,Vswmjxwvi,6399,52,Male,2,74.73118380798225
Gxdnzrn,Hova,5879,44,,5,74.22601092621855
Iehloqlg,Sndxk,10942,93,,4,90.67726257240854
Pryzqwbb,Jvrfj,3548,26,Male,3,77.68764213705552
Zmzm,Dtzqylfe,9015,32,Other,4,100.0
Vleedhrg,Pksgohc,16278,58,Male,1,69.79615539208297
Ubskjeknu,Kslwifa,8285,46,Female,4,73.39556870232765
Wgaref,Amvmgx,1113,41,Male,2,59.57398590515828
Pwrs,Zzjxrjyet,10978,20,Female,4,74.22524198158463
Nybq,Vjfvcdr,6318,95,Female,5,85.42148274614132
Pivih,Jmmxsohal,3543,47,Other,3,98.77640382811799
Vefudgywm,Tpao,7784,56,Male,3,93.15156727112972
Otyzndaxc,Kutdtdmh,18655,55,,2,45.034097353123286
Vhgz,Afsgyi,1436,26,Other,4,95.1939914909657
Nnkv,Zeqorrgwz,5894,45,Male,4,80.28403696580318
Zmnvndnrf,Sedwwuul,14949,73,Female,1,57.702811883550915
Mnhen,Hjqsmdgq,3922,69,Male,4,68.79895782993285
Tehtc,Rduxamc,10463,52,Male,5,70.66534732424921
Ewrxidiz,Zrxlogl,14224,39,Male,5,100.0
Nwkxpzds,Shyn,14297,25,Female,3,74.0551390808406
Dvjp,Quoqjtfr,3566,87,Other,3,69.34865669757049
Sgnslizr,Almell,2282,72,Male,4,84.15561775912747
Qurnasf,Agws,16372,66,Female,3,77.82206724302605
Juhhhogi,Vkdlvu,15165,97,Female,5,77.27053103376787
Gxwslihds,Kvzjvavqc,13400,92,Male,1,73.60819767698203
Plse,Xnzep,9387,70,Female,4,67.43447317905938
Ubht,Mgdodgky,15149,38,Female,3,63.347250105480086
Gafnhut,Ocbe,17082,97,Male,2,74.00006363960846
Vryglvtb,Xrryx,15251,82,Female,1,64.39715066190222
Hpotieni,Falc,14353,28,Male,4,80.62666142443459
Jsuysh,Rxgsnycg,15874,27,Female,3,83.89479284220434
Lfhymkb,Imcbxbawi,11512,60,Male,5,73.65667845329381
Scrg,Ynczjvy,13757,77,Female,4,85.93740775839393
Lvdzt,Rhlpe,3271,49,,3,97.97635509705259
Gdavlefmw,Drubepd,7883,26,Female,5,90.89394431085773
Rwoxwx,Fjbmotbl,14457,79,Female,1,72.54563319214553
Xofqg,Nbhd,6563,64,Male,5,81.4803013877972
Tjlvfdpkg,Xbahos,3166,34,,5,86.08130760538215
Gvnnxri,Xzpllhi,12335,78,Female,2,78.88491920915602
Ibvqi,Nkzfk,10201,81,Female,5,83.42848250745776
Mhsm,Bdcqziwjb,6891,74,Male,3,51.99529550065429
Akem,Ovisk,10680,50,Other,1,84.55236419125205
Kekrw,Gdnpncz,3761,87,Male,3,53.991711449421906
Yqms,Bjpwlh,17575,25,Female,5,90.70978031943075
Zdhgbr,Jhtbp,19700,60,Male,4,72.4494962057785
Kdyhh,Fdscvvq,2522,24,Male,2,68.53793505125978
Rraedlp,Ujtjybfti,4969,74,Male,5,88.08357665014674
Caii,Fziqfh,2840,83,Female,2,48.68492348019084
Ubcgdajs,Wlowxk,4313,35,Female,1,79.07120053923339
Veoswkw,Dmycdt,8837,63,Female,1,51.06821267573812
Wdoofnfq,Nwsly,16651,79,Female,1,59.031943872518674
Nydj,Bxxt,16285,34,Female,1,81.61957707164689
Kjsaib,Ytzjaedi,11720,35,Other,2,72.53072160530401
Fxndvu,Nyxyj,4137,49,Female,4,100.0
Nuivtjhbj,Saznv,1453,55,Male,5,87.37332055357433
Kgdp,Kzzeihz,13999,65,Female,2,51.926632030049795
Qcuza,Dsxzpmnda,15042,40,Female,2,72.46289256326135
Telaqo,Ywwtidxf,7163,98,Male,5,95.61890002133026
Wouzd,Onut,17703,95,Female,4,92.50500491309978
Rrwflftge,Oqumku,19878,55,Female,3,56.545571283104614
Ummdp,Efnt,6817,48,,4,68.06497200211186
Igycrgxdo,Mycm,10665,19,Female,4,84.74009616670857
Poycgkpg,Xwjtp,5139,61,Female,3,60.99948245265809
Uyiq,Czoufs,8256,73,Female,2,78.80352002444262
Tjyw,Nufgua,9506,24,Female,3,87.64949505213826
Lkamlti,Osjlxaz,13280,61,Female,3,65.8743128989874
Hihbletpw,Nymt,1628,19,Other,4,92.35840632184772
Kewslxxdu,Cwyeh,18128,61,Male,5,90.79761406022344
Stpher,Ylnfv,15312,86,Female,2,58.83390779560081
Jzglp,Cewhtvoe,8303,22,Male,2,97.71830090169817
Prwiboj,Hidpw,8102,64,Male,1,75.77377827060782
Dfzzonvsf,Pqrzrumei,14856,35,Male,2,60.66397604492884
Fhkwf,Vrwutj,4650,79,Other,4,79.08439951301114
Bzikmwuf,Bjfem,16701,62,Female,4,81.68686901608535
Ppqevo,Wrzf,13401,68,Male,5,73.8289548918913
Juaqg,Izcjpommy,15912,45,Female,4,64.46231268113048
Azpgenp,Edlgrki,13205,80,Male,1,53.00947534010258
Hybgwzdg,Wvxls,8762,93,Male,5,75.84871598515105
Jaanm,Snuvw,17027,93,,5,70.66422701924728
Kwifrtysu,Giii,9548,35,Other,2,68.93492959530823
Gikqfqikb,Zkjxsg,19823,26,Female,1,50.96652601249224
Aezfzclf,Ksrgdzs,10766,30,Female,3,92.01831184734628
Shjct,Lerbn,12955,75,Female,1,58.223465471200996
Wtdtszpku,Uxfn,7480,39,Male,3,76.65352021063852
Pvrtud,Ombrlb,12690,32,Male,2,60.24092602164829
Knhmn,Ukermf,14107,46,Female,5,100.0
Vsfungze,Nditbb,15834,24,Female,2,66.76735747348948
Dvggjgiuq,Xtdgricvl,14296,60,Female,1,95.58713505278678
Anhlfwo,Pjsyussoq,6520,38,Female,3,69.22557098886482
Nnppwdws,Byrrdf,4512,71,Female,1,90.72651655041471
Lukro,Vtjjqtb,10219,83,Female,3,67.2758282811321
Ftyvj,Zgezldsiv,6716,57,Male,2,67.29048444606448
Mhkyfz,Mpechitu,5810,95,Male,1,63.74801066020792
Xncm,Ryxc,17083,28,Male,1,64.71028863368156
Ssryhd,Eusyjsxt,19247,29,Male,5,89.3301248991678
Kzubhwpe,Chufuzl,3900,48,Male,1,49.2411959565325
Hhtskmek,Xkql,12900,97,Female,3,72.03234268947561
Xnyxmkvk,Tnzl,12739,93,Male,4,100.0
Zsgu,Izxt,5605,19,Male,5,84.07342229921318
Ehqblacx,Qzamaqw,4271,71,Male,5,59.8664345973731
Kyipzjixd,Vtnzhtb,16813,66,Female,4,64.77217913492818
Fnovad,Mbltqahum,2946,55,Female,5,80.9318988517106
Gmyvpey,Youwovh,6775,86,Male,1,65.2318011738059
Eqqoe,Jugef,18234,82,Male,2,85.28439934268276
Olxsw,Zbgto,7192,83,Other,1,82.01940954729736
Vjba,Xcmrqp,16695,87,Female,2,79.45067069735207
Aeewpgsc,Yjkkwl,16727,94,Male,4,73.84323183715583
Tgevrte,Ftswbn,15607,94,Male,4,80.92192776394043
Vdesb,Bpzxsf,5188,88,Female,4,68.25624386678564
Uywcrsy,Tjhicecl,19346,50,Male,5,87.66221460699032
Lwaiigkuq,Tpkl,19820,29,Other,3,63.69544400766107
Ydxpvpsyi,Njvqrk,14561,47,Male,1,61.66589644660974
Qyuxo,Wibrnpab,3747,35,Male,5,87.72792675341876
Izxv,Mnvwb,15173,81,Female,3,69.41330928593688
Byafgo,Wlhurlxf,7647,70,Male,4,66.88986346402775
Jmsrl,Zfjyjbyo,15640,23,Female,5,83.69421632905696
Yfjwguli,Pwselmar,11929,62,Female,2,59.7099039405618
Zijel,Ctle,14498,63,Male,4,70.7374743183634
Fcuxmu,Vxiro,2272,38,Male,1,39.6335531723192
Inlx,Iytrjjc,18826,18,Female,2,71.27373950427882
Jtze,Sxbpf,4044,72,Other,1,50.342183429437064
Jvkxu,Uxzybuuso,7395,65,Male,2,64.7344190334637
Qzbs,Iubrzwtsx,7745,98,Male,3,82.83024353896813
Tkjsgvglb,Ilmww,2283,82,Male,4,88.74137270584401
Jdhocdbl,Hydgazc,2259,35,Male,1,51.050297780079546
Zpqs,Yaqligpe,12085,94,Female,2,95.14205655977472
Zflzyjl,Ejwa,10329,88,Other,4,97.5993913622594
Urjwo,Ejfspxxo,17103,38,Female,5,91.14685272178338
Tltuffvq,Xoafvcy,9776,22,Female,5,100.0
Broyrcg,Lmzhujepe,2104,19,Male,3,81.92102171127898
Xobw,Xrqtvhy,4537,70,,5,67.31142143120107
Uvhwzeqv,Lhxi,6308,31,Female,3,71.16319021321044
Iiibitkv,Efakro,13163,97,Female,3,75.74664504008058
Xhig,Kawz,8417,93,Male,3,100.0
Udwluhjn,Txrfctsys,17054,63,Female,2,76.94243372111548
Ytajxfmno,Nvewchdoh,12735,46,Male,3,81.65598913687388
Mwezk,Btobyitb,10957,93,Male,2,78.841717181978
Jidybjr,Dydtm,14011,39,Male,2,67.58563334854931
Rskcvwlc,Dulj,2607,68,Female,3,70.84845553912152
Dudqfuds,Mjnxmxva,13660,21,Female,2,87.37562701592933
Cqperkf,Imkk,3777,41,Other,2,78.62044646723504
Crgazea,Nvzlkuco,14279,96,Male,5,76.46285251458556
Gadeba,Lhos,3614,88,Male,1,62.06547672877468
Fpdztblyw,Ngdfyhmca,15936,34,Female,5,96.37094274213719
Couchfxwg,Qvhkxhmro,19544,56,Male,2,72.00443253327303
Hrund,Zbzxah,10639,39,Male,5,83.73458201384267
Wtgbz,Yxtyiivwc,10966,33,Male,2,88.23089200177265
Lvyypbfka,Jvvxzk,1792,33,Female,1,62.13244276679518
Syehapb,Mlphs,15320,86,Male,4,76.31709473205507
Yfwru,Gnsv,8174,71,Female,5,89.6199021633114
Buru,Voyjjfvm,17223,79,Female,5,61.18095456976751
Ybzj,Dmzqglv,5262,27,Male,1,54.272652180556186
Msuhbt,Bhavu,4502,76,Male,1,67.02222881427926
Veidyxtcx,Zpfa,9792,72,Female,3,82.87911045715605
Zdno,Jaam,1997,46,Male,4,61.84197204883323
Oabdcel,Gxiu,9087,30,Male,5,89.18484844779135
Hwrhcuz,Jpgd,2200,63,Male,1,59.29468003632709
Mpqw,Gchvevmj,1275,71,Female,2,63.01545820497389
Kemhkxyru,Nbdqmlgp,11629,74,Female,5,96.4045687627318
Fkwqpjc,Pxwdlgc,1799,20,,2,62.71957044710621
Lwrtugsjx,Vxybl,10735,49,Male,3,80.50647603737228
Ogmljnj,Ririvd,4081,75,Female,1,84.32068710971829
Fahwvjq,Yanz,3807,70,,2,76.04311635400711
Uivoiubm,Dgvfpsj,9070,66,Male,5,90.6088687053587
Zlfcbyee,Mywgxnw,13364,49,Female,2,65.42494801855952
Fsxfho,Yuplkm,11789,30,Female,3,80.7352321289876
Cndi,Hsxooiqp,16489,65,Male,2,76.65108674234591
Mbufelmu,Svigfk,19965,48,Male,1,75.32584082478076
Zasxum,Nqicyb,17499,81,Female,2,69.03930374958733
Yoowgzerw,Nnvoupqdo,17980,86,Female,5,77.86326684113817
Muliuicd,Dgmmr,13134,66,Female,1,69.65284760742898
Njmns,Lhjn,10304,57,Female,3,86.1469660478063
Swekk,Llgeoggvo,19178,80,Female,3,50.55656737689686
Nlaw,Agksvyymn,3463,82,Female,5,95.1156468763835
Liapxyulb,Nmgchhvhw,7106,74,Female,3,65.1590035427363
Xpfar,Ccuv,14859,34,Male,5,80.68245451029549
Fqimqxl,Jnvarwl,9935,93,Male,4,81.42579345680448
Ikbzw,Hmdlm,14233,83,Other,5,75.30526873364927
Xnvgd,Udbrd,13954,81,,5,77.52683087104634
Apwhxj,Xfpjroz,1013,55,Male,4,54.54938859159299
Zsvyc,Sxvpf,15478,38,Female,2,56.89732609282959
Ypcmehzov,Afhvmxg,19980,36,Male,5,70.42789818501231
Swqolflb,Uauopli,6478,64,Female,1,54.12557697955026
Qnhejhro,Jhcrjhnn,17613,33,Male,2,72.91106554289532
Eclh,Hyntiy,16980,56,Female,1,77.50219038524708
Dzlcxh,Ttaeihqi,15975,35,Female,4,69.30128219038825
Rruvolzc,Ckbhvgrc,16441,97,Female,5,100.0
Jpebxj,Fnvtk,16033,39,Male,3,81.79064637910253
Lufelyt,Bvdtzury,10515,86,Male,3,66.96964094815267
Dgbydz,Bzsi,5977,59,Female,2,70.93532519007564
Ipmmp,Zzqeoc,1199,75,Female,3,79.44398610629237
Vliwr,Hlfxnf,10403,81,Female,3,87.24325825257678
Atoi,Hncvz,7760,27,Male,1,71.1917698930153
Zqmw,Vjzn,17093,69,Male,4,75.5985057304191
Lhydonn,Leztyyidn,19306,19,Female,1,67.30118231390475
Qdvhkx,Eocazwo,6385,36,Male,5,84.81283245683038
Jptu,Owfpn,5586,63,Other,1,72.33792698590965
Oxyaleli,Ubgw,14543,56,Male,3,68.37977105502254
Aeelvwmwo,Ulve,13558,84,Female,2,94.17278425387369
Kxcg,Edqtizgbs,17591,84,Female,1,47.69911077761927
Exmmweig,Iwlfcb,16659,28,Male,5,86.31382406120748
Ycttnegy,Fmtnk,16981,34,Male,4,100.0
Uybz,Rouodnf,5921,18,Male,4,73.93029473495392
Jvnq,Kdpb,10241,22,Female,3,71.59039849597548
Kfksl,Ynrsyu,3442,78,Female,3,69.68684605824404
Pepczjzti,Ndezc,6768,25,Female,5,75.64147601354361
Hsohl,Kldlvl,15628,40,Female,3,78.82192086880868
Xeav,Qnkkk,12849,84,Male,5,100.0
Arufhfxf,Zljwskm,1237,90,Female,3,70.22150695436736
Mjupgrvo,Zslf,14718,64,,5,81.09161240275165
Pqdmy,Mcazxkydn,11517,48,,4,57.06126962865159
Fqlr,Usts,10780,29,Female,1,59.88139702710219
Mxka,Vmtie,18522,37,Female,1,87.88043844094534
Wnmijw,Drwuds,7561,57,Male,4,73.04503640824873
Vakldqbr,Uytd,1138,45,,1,53.642999716699904
Pnxvc,Incgz,19480,45,Male,1,66.94273286595124
Rxcgwiwh,Wbvkzytz,4824,46,Female,1,67.4560326039688
Lbicjqwx,Yjspp,14449,91,Female,3,100.0
Qzbb,Unhknft,8055,42,Female,1,51.6298656703165
Sqliv,Kera,10343,72,Other,1,62.275414849798615
Gdjjyc,Wfelsi,16184,41,Male,5,85.81310665937573
Qcpcldp,Drrbrg,19981,47,Male,5,75.19622776937354
Xnsjtwwf,Hskrlbm,14315,46,Female,4,79.38055355998506
Pjnkecww,Qrjb,1069,91,Female,1,67.58752705084301
Wecaayy,Cxzmrela,3875,95,Female,4,79.45024058709674
Xiwusd,Yjcyq,12304,95,Female,2,83.67445401469115
Svzy,Qjmqmnppb,17323,45,Female,2,46.85326298992848
Msapi,Pclz,8443,84,Male,3,87.3924509914885
Voiok,Gjqbj,9813,94,,4,72.00995499375719
Iprbdat,Bvogy,2106,25,Male,4,67.99755525829787
Koewa,Lxob,11615,48,Male,5,94.52569383225527
Cvufpngmp,Rvturoj,18421,84,Female,5,78.89005489401617
Divmtn,Kjjelnw,1224,40,Male,5,98.41712782108861
Hsagmpprx,Nazbrzye,18181,48,Female,4,69.30661713471046
Tttjes,Izgvikple,1716,70,Other,5,77.26470693751085
Rfzv,Grsfgo,19356,80,Other,2,71.30229500609816
Jcmzw,Phxmr,2489,21,Female,4,81.85406170355705
Gxlt,Fusyprr,19170,47,Female,3,83.59446769236419
Efnbu,Vxlbuk,7445,81,Male,1,66.19852167503126
Mafi,Igmolm,15742,76,Female,5,100.0
Sscrnvfkd,Pldnsn,10793,30,Female,2,74.07128116836914
Sdmpq,Jkqglgyby,3871,94,Female,3,72.98668083932822
Rqearr,Usoeon,19051,69,Female,4,80.21368103409353
Ygcysg,Ttlj,4602,93,Other,2,96.52045837279564
Qgxz,Mksqrvty,11664,55,Male,5,86.49242369805302
Uxtmbbyw,Yafptxsjt,9978,58,Male,5,79.79670193087817
Tcuqe,Trptpiiyj,2761,84,Female,2,56.27834868848194
Qpzcd,Bmruk,1488,24,,1,61.50161355582246
Ggyrnqu,Xcatuxo,15185,74,Female,2,73.52645195722761
Vcxypixem,Yfvu,1669,76,Female,3,77.09026570953473
Jfbjisykv,Gwmeesibp,7463,23,Female,1,53.51507178266408
Qjmh,Eshp,7641,54,Male,5,88.5720338076504
Mytfnbbwn,Gnievos,16907,27,Male,3,64.41362890013235
Zagrheui,Skgq,5636,37,Female,5,84.31942926528029
Ruld,Ndqd,3804,73,Male,1,86.61801909669622
Mtxu,Ghqani,14799,80,,1,63.840489722607025
Irdnm,Huqoemh,19151,96,Male,4,69.50686964226273
Hmqlwj,Jfpvv,17174,22,Other,1,60.73196147157553
Uvwcowf,Waddm,11984,90,Male,1,62.0935246505778
Bwcej,Ghhf,6223,56,Male,1,64.89421139606229
Qfnge,Cizdvzh,11323,84,Male,5,97.69511031926547
Saxqndq,Eeklf,7880,54,Male,5,92.50154750279034
Rhmifffz,Wausla,9499,84,Female,3,100.0
Qpzbghh,Qxydrp,4293,58,Male,4,89.9518175324141
Uiqlubdw,Edhkd,9419,46,Female,3,88.24547732348393
Nodska,Odvvx,15587,23,Male,3,76.39410967781707
Idck,Tmox,6837,90,Female,1,81.48235478041066
Ntvt,Ikbgggt,10762,65,Male,4,100.0
Gytgwrc,Tyswual,16176,90,Female,5,100.0
Yzitruk,Xbuobkfd,12102,29,Male,2,84.16645271266371
Sfhmebh,Qrydksnoy,1528,69,Female,5,71.42820094951193
Ckyzy,Sjtsmjfrq,7802,28,Female,4,62.8205305365732
Wrvty,Ddoreqjjb,9068,61,Male,5,76.3002069610551
Tajq,Jkctr,9403,68,Male,1,70.49559517823113
Xvma,Dyma,11326,93,Male,3,62.66772945485915
Ryhzj,Monhxsuw,18621,22,Female,2,58.68472602774513
Rnyfijib,Irxlg,17152,65,Male,5,93.88903673651365
Apgdtegbh,Sxjnbhp,14569,25,Female,2,56.353755845170596
Elaikhiso,Nwptiaga,4276,56,Male,5,94.68425428532723
Gddfsosr,Igbecqjr,6542,63,Male,4,90.1149728509423
Fjtpkgufl,Wgucpa,8499,81,,4,95.84818148448835
Xzvhr,Wwxjuhwi,12926,97,Female,4,87.58887883969102
Kbjpi,Tmpjysbcm,4015,73,Male,5,100.0
Keoyrabnv,Mlhb,19348,38,Female,3,97.90754762295342
Imcxcv,Lambye,4230,42,Female,4,91.40365352551382
Zatdund,Xnuuywqt,4479,97,,3,97.46926831355077
Dfbtja,Jepxxflb,17390,71,Male,5,80.86236199374494
Mdhgeesji,Bvurlvbm,18832,49,Female,5,84.2274915550693
Oito,Abspnbi,2952,35,Female,3,81.16937665038027
Lrkqvhvm,Uvwi,5811,28,Female,2,57.11056118871984
Sonl,Qvqq,13408,42,Male,2,62.1438670998262
Ixpx,Xqrlok,16562,23,Other,2,66.89761275084271
Ogxtcpwf,Emhhpel,6405,90,Male,1,59.407913986158746
Hgymqhg,Hiqrvvvek,13007,27,Female,4,82.54785253251217
Gmdqyaid,Zvzk,5993,28,Female,1,56.80586674221979
Phhzxgku,Usoul,14013,34,Male,5,80.44717741205534
Psusmg,Ljnb,3357,45,Female,4,98.07488164724795
Vujk,Zbhd,16217,57,Female,1,66.29143391404432
Obrcmqudx,Cmjdstcjy,10443,53,Other,4,94.36219586903448
Dgdlxpodm,Iqcj,17429,60,Male,2,86.36557064422935
Ujluomstk,Prlh,7800,88,Female,1,46.13236332694106
Lglrwoz,Gpkqpx,5517,74,Female,2,66.96795996453334
Qwkvcnonh,Nlowxyzd,19631,75,Male,2,60.276225171041965
Awisnv,Stphzcdwr,7268,87,Female,3,65.72449068269097
Utjsht,Pqwtpltn,14069,26,Male,1,60.44976316011858
Yuikikkm,Ytzd,18906,97,Male,4,72.901897182097
Vxix,Mpkbts,2810,36,Female,4,79.21059618856583
Pdjnoqv,Innsdmy,13398,57,Male,3,81.57467475496307
Jhpufo,Nqvatoezx,19194,75,Female,3,92.87706326044216
Trcq,Qyackhu,13986,79,Male,1,80.47214925455677
Wkkcjhhqa,Wfqkb,15048,28,Male,5,88.9800190915879
Hqjm,Mivagfw,9154,88,Male,2,54.717460833879855
Pdmiibqa,Pbhhtqc,3659,64,Male,5,89.02265591749239
Kqyva,Hrvxq,13982,35,Male,2,68.0735149680884
Xqqfmcjy,Elcdulf,19809,65,Female,5,77.47100724365384
Uezeosd,Vowq,13867,63,Female,2,70.53397878716754
Xfzqhkxde,Onyueok,4636,44,Female,3,80.3124718569126
Hxatsghfa,Bukbbpufd,7717,65,Other,5,82.73513013817654
Qplovoxxr,Uftvs,13480,19,Female,4,80.50984172298203
Heamsob,Khapls,7343,41,Female,3,83.24829701147013
Ktpji,Pdtdiszv,3109,77,Female,2,63.1788010581711
Ujftip,Gkduilonm,10176,77,Male,2,48.149170683371274
Pukgkk,Wvtxamf,19403,48,Female,5,66.25782214664888
Vdcrplb,Dhsml,8250,31,Male,2,83.70184317493641
Sbrsg,Epifayug,15997,95,Female,3,72.98479359655221
Ihcydvndy,Yjuzpg,12284,58,Male,2,68.1094205131073
Lxdhg,Trslhr,14332,20,Male,5,95.35116268527727
Sgxra,Azjzc,6941,95,Female,2,90.84990570415195
Bqudtdn,Aacpm,1753,33,Male,2,61.77846038722677
Nuvjdsd,Poduegg,16839,26,,2,61.57552976923472
Gbasbrb,Jaebg,11106,37,,3,68.5154153403058
Xnehb,Enjzhvx,9598,44,Female,5,85.84208945244293
Gqij,Txlbe,4730,25,Female,1,73.20825802809593
Nxahq,Ajqh,4536,64,Female,1,51.93986285304115
Nmcvpafyj,Lgei,9405,61,Female,5,72.20480779298094
Otdnu,Vtnrrstg,17915,48,Male,4,84.54075951814248
Mjbhrv,Eapwyj,8966,21,Male,4,64.63158872087814
Bijvbzgws,Ebswvup,4674,98,Male,2,62.44042717874025
Aerth,Fnsmysus,10367,82,Female,5,98.97605124469756
Zbespk,Zxtysmd,12941,56,Male,2,77.41467104808342
Ydhwkbqb,Evdhixgqf,18964,71,Female,4,83.19197083840919
Pcyqickok,Lsfe,9852,52,Other,2,76.57755498107514
Kvfb,Mrdejac,19534,71,Male,2,80.35553031534826
Kaigjjspm,Ujmpf,17891,77,Female,2,73.98818837341648
Ouemlq,Gvhpml,3706,70,Other,1,44.203181087146845
Herpg,Autvxgf,5969,90,Female,2,78.60434157210541
Vwhdrfzq,Otufhlv,1461,47,Male,5,100.0
Bsmq,Mohw,6228,51,Female,2,68.12781941213382
Cxazz,Fthsffl,2864,27,Female,2,77.52108986483813
Emmssh,Xqqezcf,3149,34,Male,5,85.16306239503783
Gzhiqf,Lmkp,11144,23,Male,3,81.20976828257346
Bdhxdxcrp,Myewrnsbh,11447,43,Male,2,53.94271533749304
Oller,Koyrdbg,18666,25,Male,5,87.88478558223517
Gaxfepggu,Vomw,16448,81,Female,4,72.40949537466206
Wrqda,Tyxcag,18800,46,Male,5,81.23175546816188
Tnundwf,Aviwenj,3944,72,Male,5,78.17361542869327
Mnqf,Sehar,9953,27,Female,1,66.07976989545408
Nnlma,Zysef,7817,55,Male,1,68.54152441671049
Httu,Fgdcvck,5201,78,Male,4,75.23897549934716
Spagkuik,Brcelqchz,1216,24,Female,3,84.78504460169172
Nicnimnm,Orqdyi,13542,50,Female,5,93.01166212853494
Kgcyi,Dycbywocs,13920,73,Male,5,72.33961124982258
Wmetzsx,Bbcj,18166,22,Female,5,64.05865633423349
Klnou,Njuj,3256,93,Male,4,94.42297403591162
Fxry,Jlxgljvd,1728,61,Female,3,85.28735094973057
Htrsdosgm,Yusygyd,9439,36,Female,5,91.48387107253357
Yeacp,Qaet,4541,62,Male,2,65.22871046543094
Mspkyah,Dlvfqs,12719,65,Male,4,73.0571830930499
Ipgtats,Edstetvos,16162,25,Male,2,56.10966825733742
Hllusuu,Muycgbrk,15578,80,Female,3,65.55316949249367
Ysdjygui,Abbsankt,11045,33,Male,2,61.44317914403457
Zvcpavm,Njyskmrm,5424,51,Male,4,72.5431558600724
Eicnutrwr,Xycnxjh,13771,25,Male,2,57.72579852598032
Dybdmyejt,Nropikvq,7828,94,Male,4,80.921204128641
Ixkcgukg,Vzywmees,15114,43,Female,1,59.135937068345676
Pmlr,Gkoaeucg,13685,52,Female,1,79.16148776748612
Uigfcmqr,Pvfcra,1982,75,,2,67.5335052082946
Hgvkxxsy,Ngho,13311,51,Female,5,77.52168030454115
Afhzz,Svbliiks,5082,42,,3,91.59124376410462
Zmlwuacwn,Unjlr,17306,26,Female,5,75.09402852245377
Ycctnopc,Jktch,5362,72,Male,2,66.44629916348111
Rqiy,Xevkytejn,4165,38,Male,4,97.65619311304822
Yjsraebgj,Kujhlmzx,18450,91,Male,3,77.85567750127552
Cwmnzata,Jhtdab,11914,83,Female,2,80.29528829922353
Moudzha,Uzdumodm,2720,46,Male,2,74.12983470539999
Qkiultkbm,Pjgz,12376,24,Male,3,68.0516156139994
Augwilvn,Vdune,14751,41,Male,3,62.526077387716334
Xygo,Qfvagre,5392,89,Female,2,66.35390809901637
Pafpfbnor,Wovobq,9062,80,Other,5,80.02055858347049
Cxfwut,Maem,7080,31,Female,2,57.62156081328668
Kyro,Semfj,14617,19,Male,5,64.41876987700746
Qzrw,Eflbkdp,19406,98,,2,63.03332661302648
Kkpmjdsu,Yaycnrpi,1952,60,Female,5,99.99426714037354
Fiiwxfyr,Eiobov,17342,86,Other,4,62.236413591669816
Zlgt,Wmdxp,12421,40,Female,1,68.2057333143845
Fmhtsfvi,Vgzotwk,2765,60,Female,1,56.95130416584787
Vrzaiawuo,Eaemcgfqu,19685,38,Female,2,55.10734597529229
Eiulte,Ehlsqgl,5664,87,Female,2,71.62515702967266
Jhqv,Qruyffl,4190,84,Male,2,81.99750102988986
Pltlmxea,Gnykzetwb,6579,80,Male,4,85.96643241866998
Tchjrmk,Gsbwjjtf,4810,38,Female,4,66.99110552954255
Vdumnxxop,Dage,4951,83,,3,83.20545075287293
Trdgd,Cpncnbgn,14611,91,Female,5,80.28664363241111
Hryvkl,Eqnikdt,15528,85,Male,4,83.96707978490684
Umhvitokx,Kyjzwz,17353,63,Female,4,88.35515369581044
Lweqqoaqm,Wnuwpravy,12223,46,Female,1,51.91993619813773
Cxgvxhiv,Bfytei,7200,96,Female,1,56.85004665810202
Vlqciposv,Klweckal,2993,43,Male,4,84.44447383648958
Ysfpijhp,Svlofgdq,9764,78,Female,1,60.4235054617055
Vzwrkpeb,Mcbzhbvv,5119,64,Female,4,64.47227730718494
Rgcq,Hhzfgbf,11892,32,Male,1,59.974902569677276
Qwvnwqygh,Bdor,3767,38,Female,5,87.81566910673189
Wuzxxqgz,Doriplpob,6674,61,Male,3,71.92853463834999
Zcmyuszb,Dyeg,7400,24,Female,5,72.98923560550836
Vvdnjslqz,Xewllc,1440,90,Male,5,68.90305322051185
Lzudmucm,Wrkkmy,9742,72,Female,4,74.32475330647765
Vgdal,Qrvxcttiy,18414,76,Female,5,100.0
Frembz,Fndxxsjy,19815,92,Female,1,46.36709596059623
Ogccpb,Snkfg,9759,65,Male,1,49.68047491256716
Ymmnc,Zdmg,8106,74,Female,4,67.20733950285623
Rudpenl,Eruxbdzok,12221,74,Male,5,78.1116678727806
Iylikywuv,Kppoxx,17723,22,Male,4,95.06421677859052
Spkgko,Hqtyg,17234,18,Male,2,86.25126385727651
Pcuo,Ftxxg,19785,78,Male,3,58.14448948624923
Ezlrvrw,Nqgadxga,12619,77,Male,3,78.94508790633978
Ntsbaxknb,Xxclden,15431,87,Male,2,32.91673870123468
Lzndlgy,Bxue,9375,85,Male,3,65.0976879546806
Tvropav,Qlfccitjt,5925,34,Female,3,91.49730801321182
Mnpclpqlp,Tncpjgoi,13066,53,Female,5,78.83881099328926
Acrs,Vxemyjec,2406,87,Male,5,84.17922628874241
Nerpvov,Ephmm,2713,68,Female,4,72.98639237000451
Uaftebubo,Jbvtzxhl,9194,61,Female,1,92.7472589132524
Nlsyf,Nijiy,7917,34,Female,2,68.62605660524932
Jjofgci,Vknbk,12044,28,Male,2,67.87448897275684
Gwqw,Hmywhbdg,10057,91,Female,1,72.94575112126464
Wrjckumcw,Kjvp,6782,90,Male,3,63.2805891272089
Cxbxcvn,Uxzr,17329,45,Female,3,86.46000278362752
Xfsbgzc,Flftxlb,3415,42,Female,2,67.58562365954202
Cswjfjhz,Yntwwjblf,14066,25,Male,4,92.00896928066503
Awmkordo,Ddirxz,2997,78,Female,5,87.64140830861396
Yautelgi,Guoapqk,5704,35,Female,2,76.77452614668854
Oaduvl,Pjvjlslz,12987,50,,4,81.48457348957055
Llfypcnl,Kwak,14876,42,Male,4,71.22211537008792
Kjzt,Wygnndy,14078,41,Female,1,64.96062860224909
Tamjaxceq,Lylxz,13110,72,Female,1,57.5579160870798
Ljrok,Dftxnzjqr,13432,52,Female,3,70.61183468693625
Hxvjiqn,Jftjx,5828,40,Male,3,80.74019562623839
Usvxctbwq,Uvop,15984,66,Female,2,68.31752106152999
Kuhqx,Jminqjd,18146,50,Female,2,60.270994894644744
Xikdpz,Miehahy,5824,28,Female,3,80.09472943763382
Cees,Dfzwur,5048,45,Male,1,41.40090659289962
Ihsou,Eflxgfmx,14909,71,Male,3,75.29132697747349
Wvvdhoglp,Akjf,9830,32,Male,3,72.33522294094021
Pkugz,Mqmgjt,10507,52,Male,2,57.545482413921306
Wrhmdc,Qgsiojw,12300,32,Other,3,84.84338987196082
Ddcwuqbhu,Twlxulnst,4941,21,Female,1,79.38449487427425
Pgjk,Pnmarlruh,15576,55,,3,70.80222342098499
Fpdvxi,Tjova,8825,79,Male,2,68.55012605736326
Yfzsra,Fgsr,18576,93,Other,4,70.82605741618454
Bhxddcdej,Eqpjlbej,4157,86,Male,2,70.13332167322217
Qyui,Mvhxbl,6870,45,Male,1,58.21578246204407
Celix,Ctpl,7987,57,Female,1,71.1885862126295
Xmthgs,Gwsrcmufa,5400,91,Female,2,83.87073984868755
Zmacd,Qqtpm,16145,72,Female,2,72.02672478338067
Cgae,Rdwmf,2692,96,Female,3,95.29319502597511
Dejnramup,Mgggasia,13969,64,Female,1,54.99244274038266
Dncqvj,Fgptegiq,18860,30,Male,2,60.59785013159644
Oisq,When,19088,57,Male,1,64.68195999998393
Eeoied,Wopfgu,14387,87,Female,1,73.74794195321552
Tsmxpo,Cwdmf,11279,98,Male,5,84.52412919717713
Pcgnbuz,Llzyvmhgf,6754,66,Other,1,56.993538742325285
Ksnlf,Hamh,9300,95,,5,73.07117291088213
Qclmcokn,Xrwivfpgn,3124,43,Female,2,57.32267008634204
Eittxq,Lkiw,15935,47,Male,4,91.23080879309032
Yzea,Yyfeusvid,13545,67,Male,4,71.01952796023042
Akdqiirjz,Elcvfyeyg,8551,76,Male,5,93.69954257095563
Kzjcjyq,Pupefrrs,7570,42,Female,4,89.11169892786077
Scpe,Mutxusj,13580,84,Male,1,74.219906054565
Gihkdu,Owjqwh,18202,67,Male,3,59.94470870009832
Matlhii,Symbbij,6224,57,Female,5,83.55814148445405
Prkqswrwh,Uvrala,17303,24,Male,1,62.773171986871624
Pnvxg,Lvibqpoi,10989,87,Male,2,53.47342008869762
Nfobdyuyf,Yaek,16520,65,Female,2,50.241458781943095
Eroxep,Hojlo,8931,30,Other,4,75.11770774467456
Geynebgat,Qlknw,17672,84,Female,4,99.54055376570577
Xnqes,Iyfv,18834,28,Female,2,71.88776751985526
Corzkcb,Xcwqh,1747,83,Female,3,69.58944896809918
Ornns,Sqzwu,7728,27,Other,3,79.85338940255038
Svwpxwoh,Hrkmran,15469,62,,4,73.88336333778933
Trieybq,Naapa,14106,38,Male,2,84.44219182922079
Ogrciamq,Zebbsvbe,2086,59,Female,1,70.07781954213166
Txxlatfa,Phwp,15227,37,Male,2,87.3244477723879
Tdxy,Kttrt,10723,74,Male,1,63.66901464882663
Nrfrera,Piyveqaqv,3908,28,Female,4,82.4165527749075
Tielshg,Ptiaseuwy,16885,76,Female,3,62.99683209062685
Bsmcsw,Txhnvh,13499,41,,2,66.25470738052779
Jouwp,Phzo,2849,25,Male,1,57.63047363448363
Qggtkrg,Zvdmzekw,7453,52,Female,3,76.37162549526956
Qfzq,Tgweetwtj,4789,46,Male,5,80.46295258421061
Igpjzxlx,Frscuqrxo,5782,69,Female,2,82.05584350028298
Neqgwrxp,Idpq,11252,27,Female,5,100.0
Tmwbczpnl,Vmomxee,2757,57,Female,2,76.5846248616356
Kjzkrvdc,Ynoxnozn,7968,67,Female,4,71.2878655462363
Aepj,Hvbfv,11271,85,Male,1,91.1666799931258
Msdyz,Zovcoub,19012,75,Male,2,74.10838080238993
Nvgfhhx,Uohd,18887,94,Female,3,65.19771240539602
Zjzhk,Rtybeftnn,9866,65,Female,1,59.533104364473914
Vcdrxd,Wmvnxrz,1510,67,Male,3,70.64629093622379
Jbaqhwlxg,Tnbq,16609,18,Male,2,42.84020549491202
Iwonrpabe,Fesihmao,1803,55,Female,2,62.26223662673157
Abkblp,Isrrcvvl,7623,80,Male,4,71.05708247347988
Ccmke,Lwrw,13154,20,Male,3,77.80097566021502
Zjiac,Qsdnbwxft,7756,79,Male,3,84.88174039956589
Hjcseclw,Lszac,16494,90,Female,2,76.00776530037055
Oozc,Ilqsiww,16890,52,Male,3,80.68113105948376
Jxoybajbd,Bcovbqv,4724,32,Male,5,92.26626899502652
Dvbw,Dyvhjxyh,16768,95,Male,3,81.7533972077775
Bawgmdm,Ndksiryus,17996,66,Male,5,79.33512704748227
Onfxrsghi,Jkud,3671,67,Female,1,63.79465978573434
Aybvvbert,Evgwqfbx,11706,90,Female,3,72.05579458131965
Kfrnea,Zdbvp,11678,91,Female,5,81.39485039800596
Domregt,Ugfxstuzt,2775,83,Female,5,87.52432875194948
Dxvnibll,Hpslatpx,2911,88,Male,5,94.79933511769006
Xizr,Kqnj,9770,84,,4,68.14217784967023
Vydlsr,Mwngt,16363,32,Male,5,93.36796847662805
Ffbri,Cwdcdntai,16197,29,Male,5,100.0
Mppw,Ggwxj,5848,89,Other,4,88.60236147996221
Xdtcyj,Vkbczz,15234,79,Male,3,81.84200468506805
Ughlm,Qnxhsjq,8952,71,Male,4,91.96771089120213
Avqdoe,Trxw,19483,59,Female,3,84.36840451824136
Jcnkf,Avlyinvfy,5033,56,Female,1,65.66924302713652
Nxgphmsf,Thymv,8079,29,Male,1,75.75771689130741
Siptd,Ffbh,16602,91,Female,3,48.26305477596972
Zdqeds,Wxxab,15490,20,Male,2,56.63074992306969
Evdj,Gcmwqbea,10800,67,Female,5,93.51376228068669
Spfmku,Pabdyec,10811,60,Male,2,87.69898009934485
Uwpdc,Toisqye,4062,51,Female,2,68.7480022304841
Qteogsx,Grompugh,6597,87,Male,1,84.16247833324522
Leskmae,Iiegd,3971,44,Female,5,92.66627042276978
Xfpdqm,Bzjf,13465,43,Female,1,42.60218482495554
Fuobyyfhi,Xiihvpogr,11785,62,Female,2,58.42536533417065
Jktfrj,Utklvosdk,1356,78,Female,4,62.33981642658612
Orasbaw,Ievbhdm,19329,39,Female,3,76.86509575732548
Xfrz,Digqujdsd,3454,87,Male,5,75.89889302624707
Eambqqe,Mdrfp,2685,59,Male,3,67.64499625766038
Eavskvslw,Cppnue,17592,97,Female,1,62.98605193981538
Aohmx,Cqkbfeaj,16014,84,Female,5,81.48235683776846
Ytddkl,Yqkmjen,10935,98,Other,1,75.0146967656932
Ijdcen,Vjqw,5061,33,Male,3,79.85627991570394
Bocmqzbqy,Qjhlhci,2674,78,Female,5,81.59581778304126
Wdwugmt,Uwuqisj,13037,31,Other,4,78.03255522454879
Zigryxjv,Lilkmbo,13206,31,Male,4,63.315212086234766
Gbez,Dhjkc,10206,61,Male,1,59.34846910525572
Qlrs,Hzoew,2702,54,Female,3,73.19567853882009
Yoyg,Xhuv,13062,61,Female,3,69.2124525738188
Jpkan,Bnkxw,12195,85,Female,5,98.17930224203097
Zqbt,Pqkozkrh,8823,94,Other,2,79.25208501426275
Guul,Erdrtyvwn,9568,44,Female,3,65.69440292043365
Fldw,Wicryz,11079,28,Female,1,62.31100270181276
Gbwtyu,Mlavydxao,12437,28,Male,5,84.63456350864675
Czwbtexxn,Iupssqtt,9085,35,Male,3,87.99216821229192
Xevgmrrx,Nxkqe,5693,47,Female,5,78.6330428003429
Ebue,Nbkm,6491,39,Female,1,72.22839971550063
Corpat,Tofdrcgyz,11096,80,Male,3,49.34051246476168
Rvafdqgzo,Pkoowrs,2484,81,Male,5,84.3204117795539
Uofehva,Lcioxtkbu,4420,88,Female,4,93.99733190570792
Yrkrctmje,Xonmvqz,18902,61,Female,4,70.73484482777803
Nkdc,Uuhkozniy,11385,98,Male,1,54.09214423584788
Olwiwomn,Bsol,19601,65,Male,4,75.02940049953398
Rsiqz,Kxrmfu,5242,34,Male,2,100.0
Oabfh,Ygnytbhrh,9392,57,Female,5,83.50139273727486
Evgpqk,Rxrzq,18364,25,Male,4,80.21681590896623
Ehtbzhow,Dhimo,18613,33,Other,5,73.0165262666136
Giudubqzo,Tnlvlhvb,16711,32,Other,4,64.84719771259341
Eyidop,Yvukyc,10638,26,Male,2,63.218715918268146
Epikw,Iiqvi,6575,45,Female,3,69.53714161083418
Qppqswa,Ojogd,19423,72,Female,3,81.66872334025766
Eullk,Dyfrc,12845,67,Male,1,76.93241836408735
Otmbl,Wizcvbu,13824,81,Male,2,66.56125251417026
Rhzufcnvy,Nwzhhwvm,13202,70,Female,5,78.45154049523632
Ajmul,Ukrdbqgdg,12483,50,Male,5,100.0
Jyxwscfrq,Zynkyozy,2087,20,Male,1,58.901767367591006
Psthk,Piulafo,14162,41,Male,2,70.04344675132191
Wkmhtr,Hhvjoj,14580,95,Female,2,57.77782581358123
Pbzb,Xfiwxat,19581,68,,5,88.01874236325477
Fixjxx,Ygbcnx,14090,51,Female,2,65.94181819683772
Qxcdkjvwc,Gkqhmpzst,3085,67,Male,1,77.1697146276403
Sfsuswatx,Yada,15821,32,Female,2,63.009663238761604
Oyicnb,Egowdibqi,12000,29,Female,1,72.6654781581689
Qzjbpam,Xlicpjh,2586,59,Male,4,75.58655458653172
Vjwa,Oiqbz,8196,65,Female,4,73.17970638943017
Aqkvq,Bfufkk,12613,25,Female,3,66.34502646623618
Siig,Mobpp,5604,18,Male,2,72.37935642845437
Vkxetgr,Blck,19275,54,Female,4,77.39093550578501
Fbknejdj,Thyclwy,15152,90,Female,4,90.97707860217719
Jlmgss,Aninry,17720,75,,1,70.32507965065182
Inzkkkmf,Zbzwvi,15876,88,Male,5,81.32555629672306
Ltsg,Tmbsjz,19568,96,Male,2,58.61132917581551
Ogccvcs,Vowlqym,6624,47,Female,3,69.62299817959185
Frfufsz,Kzbgyy,13002,53,Female,4,85.14284659355825
Mdrojjf,Wrrpm,6264,59,Male,1,63.02001134927675
Hajazt,Svjalkzkr,11455,34,Female,4,90.37955190101863
Huwpsqe,Ygwmf,4973,92,,1,57.22805053350254
Ggcyjb,Exeksa,14363,40,Female,2,78.64069275561076
Xyylq,Edhd,16597,35,Female,3,70.9474228708527
Jbloisqi,Phqpgw,12972,39,Other,1,40.65741876647444
Sziowc,Phro,18401,30,Male,4,88.71418376842745
Lign,Nyawpxe,6872,67,Female,2,55.98603375088305
Ravamm,Urwrvytcm,12765,94,Female,1,49.57750822909432
Fxszwlp,Maka,19909,86,Male,4,74.19443009650944
Niphesbp,Lszpzcjf,4298,80,Female,2,85.456684775892
Qrzeovnee,Fxvbsywb,1285,22,Male,2,68.44145545891392
Gyepiajn,Vxerd,16270,78,Male,5,82.62305934803985
Ummx,Uswl,11296,74,Other,5,80.98614890010354
Khtxamrse,Casefbwv,10519,22,Female,5,80.3026817633511
Vbyuim,Eznzdd,9821,70,Female,1,57.65112589166863
Auiynfx,Nybpp,6049,94,Female,2,61.88171243625743
Kdyw,Ambsm,15481,81,Female,4,95.92675586074063
Apbsnisne,Wwlfcxyi,17865,18,Female,2,64.6156546496957
Aynyny,Tmnq,19940,31,Male,1,61.203112341722
Dyzfpvynn,Jnji,1360,58,Other,1,65.36996667161142
Mpfedlpv,Ozcjppzf,17804,34,Female,5,81.23971928336141
Xcowysyul,Ndxhbjywj,19214,51,Female,3,72.92088979440476
Gukyq,Hhpre,19780,31,Female,4,76.07157536609603
Hguqfbtzo,Kusha,6148,53,Male,4,91.33241897547482
Qntln,Umxylzf,1396,98,Female,3,88.4642085635652
Vflic,Gbdcik,15827,96,Male,3,76.34806477158595
Wmgoymrme,Kfag,3349,38,Female,1,81.46808265043961
Sgzpy,Iwmxecrbv,2519,89,Male,4,100.0
Xjusgik,Bitkjhiiz,14684,40,,5,55.61729204145858
Nmlb,Nhkpd,3048,72,Female,1,58.256139098033415
Ssgtdiw,Wvll,18760,51,Female,4,84.26118583574106
Maqysa,Uctqtfcjq,11754,96,Female,2,77.6125380361623
Fvwfbym,Mqqszrftr,10114,89,Female,2,65.29059890659971
Jwtwk,Uhujs,5781,85,Male,1,55.2421232144544
Tntsajbe,Dbhdbq,18638,94,Female,5,82.20552083845813
Flinxs,Wislsb,13350,30,Male,2,72.96161451454367
Wdhl,Gbbrll,11732,18,Male,2,63.251041641765866
Yuwjk,Giaizrgex,6922,54,Female,4,69.90077582554696
Npnrflbdz,Gxkgvl,4971,19,Female,2,58.694559703929116
Qmpl,Kycq,10260,19,Male,5,96.34447617703059
Poul,Qpdlxipgv,16979,32,Female,2,71.69092846008132
Segvlyfb,Gnss,18262,44,Male,5,100.0
Lamsbuz,Lzzbqe,15911,46,Female,2,65.83331578442613
Tgnobgn,Xadjcmu,11939,89,Male,4,62.126079101218345
Cudbviwyi,Iojm,8093,75,Female,1,58.9035750568935
Zckha,Zqbx,6200,58,Male,4,100.0
Mbrsb,Txyybgkmy,11555,75,Female,2,76.66554367130563
Ehwwxl,Mqiokk,11376,65,,4,59.64707662411288
Mteewcrks,Cuffptp,12405,30,Female,1,86.02839388463546
Ilehtksne,Rbgtta,11302,53,Male,2,62.82939021125148
Nlilrp,Nwyxah,5696,98,Male,4,74.40210322151052
Axwurj,Syivuhuk,1339,95,Male,1,51.8624926927441
Xzfpjv,Rdzfdxxp,2064,51,Female,2,62.254901410911636
Sjdj,Tmuhvpayt,8550,97,Male,2,67.57414203688938
Dcpqkj,Dnygjekm,5506,63,Male,2,72.46088162237263
Qdtfzqjw,Zvmab,11366,25,Male,3,71.75537007356272
Zabrur,Ojozgirc,18766,72,Female,5,81.27640605155293
Whid,Swgtqovb,4503,68,Female,5,89.34655210008475
Odrxou,Fxmbvpzh,3628,78,Female,2,48.18201340791341
Seuefear,Wmak,12882,47,Female,3,73.79483588956256
Ytqiqnh,Jyeelfo,8420,88,Female,3,62.15383272088572
Pdezwdbw,Xzkb,1178,95,Female,1,40.0818720999063
Ilunmy,Ycpgzvgoi,16740,52,Male,1,85.68128034891805
Lpemkd,Unxh,1043,72,Male,2,68.17267352104083
Oodlavh,Srpwyvxle,3731,22,Male,3,70.63405577195076
Bpyfgftu,Opuda,18650,19,Male,3,79.10477062503934
Kfebkzmj,Qcmu,19301,25,Female,5,100.0
Ipbyz,Emayfhhud,1813,76,Male,1,49.2060112546152
Riuexp,Cktevoi,2504,67,Female,5,59.191628829415876
Dcvisju,Zwqggposg,7058,29,Female,5,66.0294608062479
Dnkpsn,Yeskxnidi,13577,74,Female,4,75.6605325027627
Dorgel,Gmlufw,1889,41,Female,2,83.82920090432137
Mqsmmmfzl,Prkvw,11941,34,Male,2,64.79901226376089
Ipilp,Vqfohxo,4677,34,Female,1,74.2864692108532
Fysmq,Jwzt,15507,48,Male,3,64.98946068719869
Spcp,Jgmve,9132,46,Male,5,76.26112500735556
Jejp,Tvky,5183,83,Male,1,73.09970362052191
Nmqqyaev,Eldi,6113,72,Male,1,59.26674111393121
Mwmm,Lbavtzp,17388,22,Male,2,87.90761680884319
Fmrir,Dvry,13956,49,Female,4,72.09930887032063
Acqvynaoa,Wozvsyyge,7136,90,Male,1,71.72580507490758
Kvhwrcou,Lpuacqap,13065,80,Female,5,78.83706944311174
Bmrs,Spqon,19061,28,Female,5,79.34493139689063
Eckcrfd,Wybegji,9788,87,Female,5,100.0
Tunngxqi,Muowgyiwr,6136,55,Male,1,48.387039576748094
Jjdhahje,Okenjzd,11723,85,Male,1,92.34107166204198
Sopknwyrm,Pblbcrh,13607,56,,2,86.61241786470876
Unzgfsmrd,Ksuu,12446,45,Female,3,63.710268251959256
Geldgprm,Sasqrjdj,9145,58,Other,3,75.25794840378035
Qmzsjffjv,Xdpt,18165,67,Male,1,67.33720166320516
Iccgy,Ulaerebkj,9287,43,Female,1,49.50507090851031
Nprkuaef,Hrrjcdd,15583,33,Male,2,65.43844168331424
Kojtpk,Gyoxsrz,14813,26,Female,4,70.32521523014442
Dajyyfq,Xtdg,13707,18,Male,1,56.26395173346872
Utmmcrdp,Nmfq,1818,82,Female,5,72.0082168134779
Ocst,Ytuh,4994,27,Other,3,88.1830195205246
Hziykyiod,Xayigxzrj,3128,90,Female,2,71.59170685188295
Rzplezl,Vmamzza,17341,23,Other,3,97.14773668721652
Vhjenslrh,Iabwrkvx,4488,89,Male,3,100.0
Xnnk,Cvvgos,19868,19,Male,2,61.49938977723136
Msng,Trpiympdb,2609,60,Male,3,82.75817386725318
Lfgyfq,Bnkkjyy,3300,88,Female,2,63.37723310082789
Vbva,Lbccvwi,17086,44,Female,2,72.84860928216779
Kzboi,Giga,1680,33,Male,4,79.80272587193562
Yonusr,Bwrnqg,10838,81,Female,2,69.6506827147831
Isvhafvhh,Vgngbds,10168,48,Male,2,89.7439039931108
Xvtei,Kmggbjapu,16607,67,Female,5,78.42457973349144
Rblfr,Kvwwkwpal,10666,98,Male,4,82.22375592679177
Upaxkko,Xuefml,18585,20,Female,3,82.78644066306943
Fgqefjwjo,Ywou,17812,87,Male,2,65.42649001196273
Fsugq,Unqkpexk,17077,90,Other,2,70.98069233531373
Zudptyq,Nabgjqhpr,11073,85,Male,5,97.10453127806782
Mbudt,Uicfzjdh,8105,39,Female,4,65.67772859924786
Czmsbym,Iksv,16297,67,Female,3,78.16532133272646
Wpqj,Ntcebsl,19955,79,Male,4,69.20603347799798
Zygw,Aixsmeoec,17175,84,Male,2,74.03659863367723
Kjtypec,Agyhxr,7479,28,Female,5,88.25654617382904
Ohhcqixln,Cxydw,1230,68,Other,5,91.62696115288199
Chbvklh,Thwv,15591,24,Female,2,61.70939360942546
Bbjk,Hrpms,11099,70,Female,4,100.0
Kzywol,Uljhem,18257,35,Female,1,81.36522317458828
Bmevr,Pjtx,11418,28,Female,2,63.479097265128004
Buxc,Sntwvsaa,9586,25,Female,5,75.20706610433484
Gzpkhud,Acqje,15194,74,,2,100.0
Exaews,Aoev,18713,92,Male,4,87.13419953997747
Ejjlmg,Yqojy,12522,26,Female,5,85.2049647586457
Paowx,Azgnssuuc,9554,92,Male,2,59.86026754081735
Vljs,Sjaetexqy,4452,70,Male,3,65.21805179527168
Ndeisqmih,Edirbhpsz,3076,85,,1,57.38927050033936
Uvhklsucj,Hfsgf,19473,84,Female,5,95.87989347594022
Ghagfm,Voxbxijnw,5906,25,,4,71.90651951718611
Vrxnfyuf,Qzllak,16875,54,Male,2,73.33328646830842
Khgyeg,Ltnpvxho,15473,57,Male,1,67.56083604994065
Czsapo,Eglkfee,12023,59,Male,4,72.75368502707735
Mtznd,Lraqvgte,7584,71,Female,3,81.74497565192829
Owktsqf,Tbsu,10745,40,Male,4,84.95888308981183
Vdthmhy,Ajsrycvpr,9547,98,Other,2,58.20760316726334
Jznjpz,Qdof,13409,43,Other,2,82.8581315751766
Yygj,Gzwh,1823,42,Male,3,80.6255127738192
Devqu,Tswne,8504,93,Female,4,78.7489691297638
Okaebt,Gvuiyuzk,10349,81,Male,4,74.19066462091762
Rniynr,Naba,10287,32,Other,3,72.24458403517936
Hzme,Hqfqposem,5053,35,Male,4,91.59576508877853
Soyr,Zdqcrc,7433,46,Male,1,58.50156772627148
Gxinuhqlz,Yqvnt,5323,30,Female,1,61.10936387236193
Nbfdqoau,Pynyu,18779,60,Male,1,64.00751437683633
Mbapnpq,Bzkrhgkt,11854,74,Female,3,91.4089220035139
Cqufmf,Ghgq,6038,60,Female,1,50.52647028198429
Bgscoj,Wflybwylc,13090,33,Female,4,65.84829075976816
Apgkihlh,Lcmrlvi,2982,22,Female,3,100.0
Oiuqj,Krjtbaygt,17260,45,Female,5,66.28351526185419
Rkmpbzynj,Hsxqzfzi,6144,42,Male,5,76.12479950965476
Mxkiv,Ffhxngp,10393,63,Female,1,63.51160766774991
Ztqgmkwi,Bmxpgagj,12545,86,Male,2,68.82471799895035
Qygfqfc,Jbmaon,5189,84,Other,2,60.365632658821646
Suksbkkk,Bkgwdp,15045,40,,2,58.466562990035094
Qymeg,Fwsuxhudd,9416,31,Male,5,69.77115315972956
Xsrmktsco,Cuvnpioq,17588,79,Female,4,62.10849659518121
Cbhrcynb,Wrhyeyme,8409,70,Female,2,89.04781222758814
Efejxhwd,Cwxnnc,8318,20,Male,1,66.45993003906985
Ckype,Gwut,16228,69,Female,2,52.56300972474241
Jlqs,Siizacgc,10620,83,Female,1,79.1873648745174
Dejvq,Gqxxj,14373,38,Female,5,92.24387917133282
Hyrgbf,Bbkirsc,6096,86,Male,5,92.60960858033889
Egnfqxy,Hruxehwr,6286,37,Female,1,72.97744345931727
Rwrsng,Perjp,18320,62,Female,1,77.51943350461933
Igutnryjf,Qdpa,2249,39,Female,2,72.10748709519353
Yakvilf,Txxqo,12734,34,Male,2,68.50430597765016
Kcylc,Pdfb,8138,83,Male,5,84.49376547289145
Huzcbjpt,Dohty,6585,70,Male,5,94.44802954585921
Aomjhjmt,Xbejunexh,13174,59,Other,5,85.87253005852986
Gndo,Gbrrthbq,19756,37,Female,2,48.29465692363003
Zssd,Tpatjx,17724,71,,5,100.0
Gxqi,Yztad,2776,72,Female,5,97.9393612744124
Vmtymiv,Yocmfb,14780,67,Male,5,80.73214898708257
Zbmuljc,Enhs,12713,48,Male,4,68.71474485329323
Yhlyhpi,Hptp,6391,46,Male,2,84.38675789582217
Cbgqemc,Bwczimd,14643,87,Female,5,80.4325779189858
Nnpfkcdf,Urqqfhq,10647,33,Male,3,60.67257276239519
Zwtncx,Iyxv,2727,47,Male,4,82.44031214469774
Qdootc,Boaaemmpd,19283,20,Female,1,77.17668367754827
Wbetnwocx,Gxmhh,4217,68,Female,2,37.261932516835685
Bdsq,Cgoyctk,10353,76,Male,4,89.52598150363072
Bxpffengb,Fwnmu,12028,93,Female,1,66.35089836146076
Tudmtpn,Ezpt,11940,33,Male,3,81.82118000821939
Utntbt,Gvkyrbmch,1082,26,,1,57.69214878335346
Rdxouxcrf,Izipn,1299,83,Female,5,88.34690424865225
Wzpgev,Tlskwnkn,1296,74,Female,3,86.82204635250216
Ltogxsn,Xbic,17117,97,Female,4,100.0
Xyhxfcd,Ykwnojalr,13267,46,Female,2,73.21726801879647
Ssxbvfpzv,Zrkz,8579,42,Female,4,90.22298010521068
Dijyr,Zjsvqifex,2805,88,Male,5,100.0
Lcquplat,Xksthws,18774,56,Male,2,66.41261521982237
Lfgwdkzvu,Hotdslvik,11910,63,Female,3,76.02535972707297
Nwwdwz,Ojvqn,1327,35,Female,3,69.34144974906698
Fmagmp,Pxagio,9186,40,Male,5,78.63737550647613
Mlfnxr,Fapdo,13136,31,Male,4,51.984782016188966
Xdkovrlhi,Uogijs,4875,49,Male,5,79.647444030738
Xsmg,Oekgchmz,5494,95,Male,5,78.06948571493315
Nrmcshvb,Uqzuekfgc,9432,78,Female,4,71.69338639727111
Jiwyng,Giwplsj,17058,68,Male,4,76.25665263215829
Yksoca,Zppswuoe,13849,67,Male,4,83.95336542567136
Rvlzypiqa,Ugwiibwul,5327,82,Female,1,49.245988198968156
Hlbbppvo,Uimxjwds,17486,20,Female,2,74.0775592617056
Wxmveb,Qdxwjh,13194,98,,5,81.50743743396043
Qxssmyy,Ohgo,7576,85,Female,1,76.17306139151377
Apue,Qqnm,10886,23,Male,1,71.71922911313882
Ilvq,Srlwlm,8321,21,Male,2,69.22578131198624
Qqtryrgt,Dnycaub,8811,48,Male,3,74.97311253337544
Gwvvn,Kcpdolk,6026,39,Female,5,78.81826315369528
Urjsr,Gnquvgwhw,6422,79,Female,1,71.41424815847414
Gxhuzimxf,Pape,1244,70,Female,5,88.60490697449202
Dzpykxubh,Cosdca,13428,78,Male,3,77.78426813158886
Czomhksct,Huyupshxv,10440,70,Male,5,100.0
Aqhfi,Hodpspzl,17909,68,Female,1,63.79807412334175
Kpbdvni,Recj,10887,21,Male,5,77.73840420957245
Lrjmcogx,Cittbzctv,10846,83,Male,3,68.94358675076282
Udfvj,Omndimp,13688,46,Female,4,80.21147792384417
Eedj,Abvctyxb,5823,32,Female,3,68.83712482050709
Ncsosxrx,Ggrctgbip,2748,31,Female,5,100.0
Pfgqqffcs,Abessyknc,6598,27,Female,5,89.95660513118035
Hojoalj,Ndlew,16608,86,Female,2,82.55631652805016
Lcdmshb,Evkcweo,2493,40,Female,4,90.34107410573809
Hoahb,Kurqdfz,3516,43,Male,3,75.57434369084773
Hrcxxe,Bthelobt,7307,48,Male,1,65.5557844313815
Pgwnyz,Wesx,8477,98,Male,3,79.61792534944182
Viifwz,Bemgf,5296,22,Male,4,99.39418471396104
Jrkphei,Qcwlrrdke,14333,35,Male,4,90.4592393865371
Tfiirnkn,Wprtnqav,6712,27,Male,1,55.98792305449807
Mhkstsa,Zmaumolqt,5560,82,Male,2,89.66861531363519
Uzsdtms,Kpkduedtv,16686,31,Male,4,100.0
Yudit,Krvuekzuf,19849,95,Male,2,76.13095935032774
Moewmqy,Yyjtgfg,13263,24,Female,4,74.39252312539811
Fgiwd,Iufz,13553,33,Female,2,83.46673655945104
Dnieh,Ahpiq,4629,69,Female,5,96.86619990400189
Cpxuox,Jnrvq,12626,50,Male,5,73.5266363130512
Fivex,Ebrzjnq,16774,58,Male,2,76.79628562607999
Magiydhch,Zbkdix,10030,72,Male,1,82.36404656201805
Vqsqbkca,Jfyxt,15813,39,Male,5,75.56145309061685
Jrjk,Gesc,16244,19,Female,1,59.611454994939145
Yxcm,Dqvx,5244,53,Female,3,76.43693288321049
Odemuilx,Haptirx,8794,21,Male,1,64.88812251450625
Tkcnhabe,Xryuzsvwp,2539,37,Male,1,72.07590638299781
Rcbrti,Jhhxkmek,2360,57,Female,5,81.73623777821477
Qxkjz,Umeei,12256,40,Female,5,87.37863478494238
Uizhesg,Syitikgsv,3825,63,Female,2,67.54558212250546
Jslmv,Hhgl,10056,23,Male,3,80.83452331782169
Jbfwpxlsf,Ishi,1855,18,Female,4,68.20913613528276
Ctvuo,Xduzcr,13706,64,Male,2,72.5845717005709
Tfjyc,Qjatl,5112,62,Female,3,60.96583242403118
Xubr,Uwdal,6901,74,Male,5,100.0
Cftxvr,Emsqpmukt,6446,55,,5,79.2558344513171
Nwli,Yisilcat,6897,92,Female,5,82.40669974450965
Yopgvkxh,Blugxakv,1934,23,Male,3,90.79489512805682
Ejvo,Tsxokelx,19635,30,Male,4,66.85737696130717
Uyxl,Waqxeyg,18481,24,Male,1,62.14468167267015
Eucwhsy,Fnwrcecnd,6590,22,Female,5,85.52932304692533
Meakmlok,Hukhn,3851,46,,3,69.60405245612148
Yeji,Rbjqix,5665,76,Female,5,78.844918962528
Dftinmc,Hxqxxlbm,8800,40,Female,2,47.09175662827844
Cqgzartya,Krtfijx,1726,56,Female,5,91.08188454513684
Wlxngl,Lzknyndf,9857,36,Female,3,77.76247211072747
Ybrbfqwz,Mexjnno,17770,36,Female,4,70.80571650194717
Aokwmo,Jaroweo,5961,87,,1,65.87091197635766
Dfrhfb,Rbymyfay,6230,75,Female,2,81.86310763662775
Rvitrmgph,Lgzffaz,5425,54,Female,1,78.03638630317158
Ffdpj,Sgdy,19315,85,Female,1,30.166111578469668
Rkrkd,Gbxbu,15513,57,Male,2,63.5669143187187
Vbtophygr,Qkhbjejy,17674,89,Female,3,52.065435681635286
Hyiddxot,Czufn,6240,24,Male,4,100.0
Fqidcqitv,Zzengd,2230,56,Female,4,65.44384482158901
Rulbb,Oeim,14402,47,Male,2,86.56174858870338
Ggmfhlrux,Zhqddzjd,6718,24,Female,3,71.06700590887107
Dyykxlcze,Xdwjbnza,14585,83,Other,4,82.94069887107702
Ijcahzcuj,Vzceznrt,1324,33,Female,2,60.82919954893882
Egkorei,Ibkp,18752,95,Male,5,80.91487223698493
Zwop,Ksby,8353,94,Male,4,81.94997761828411
Vkactr,Gclme,14616,45,Female,2,90.47363690469793
Uhbhk,Tolenyi,11196,64,Female,3,85.71240233517739
Kgss,Qfuygvw,3847,89,Male,5,95.4231984764864
Qvublk,Vpklal,6880,45,Male,4,73.76498027745552
Szvajwzh,Cbgelewb,19409,64,Female,1,64.9530059701616
Cyzavf,Sywy,16691,89,Female,4,63.86190574398212
Bcyqf,Xmigdc,12380,27,Male,1,61.09965946852864
Etayx,Rmls,5332,86,Female,4,71.11998463882621
Ower,Wcroi,9046,48,Female,1,67.12556283342184
Zvkfc,Vwiznn,1029,26,Female,3,82.39772068464448
Unbzhbei,Yxhzsiip,8299,62,Male,5,100.0
Tjwe,Danflwqrh,3584,86,,1,60.58392876875848
Kzzwrrtlt,Wopj,4997,73,Female,5,72.84712428750679
Zabudijy,Aellz,6694,33,Female,3,84.22620151121218
Qeqfkxk,Jncwnh,4822,80,,2,67.0387263742069
Tbzia,Fyyksuepb,2859,62,Female,4,89.0763805346728
Uuztzh,Mkir,11499,54,Male,1,76.22861959035073
Qaaxywr,Qcgz,1780,18,Female,2,82.7464796371971
Zpqa,Icecjixu,7226,21,Female,2,97.96619768796978
Mwxdnqe,Cralk,17189,42,Male,5,78.13584717284093
Znyxn,Twnc,13976,39,Female,1,71.56088785089918
Hcoucwm,Ylvbqxdvp,16117,23,Male,4,86.76223419948128
Jdpa,Ojkzh,11593,79,Male,4,68.90106186738214
Ngaczgewz,Jrjy,10808,66,Female,1,98.10616160615616
Akyv,Lxwbtl,14687,96,Female,3,84.9772145784425
Jwag,Fqflnefz,1601,18,Male,1,67.32684291636556
Khweoxy,Ztxyaq,6315,73,,2,79.15418249704113
Xctplvadp,Mqlzkltqj,1417,66,Female,3,70.07432825741273
Wweendgsa,Jooriwjg,12111,34,Female,3,51.7127644378313
Djsouzxn,Tckxpd,1207,73,Male,5,81.36124996465254
Aompxir,Dxrxa,8523,87,Female,3,80.23583476084778
Kcmib,Lxwbsgf,5096,81,Female,5,99.58136432342407
Uyajh,Qinxanxjk,4476,23,Male,1,90.27006800805104
Rlaem,Voqtdhabz,12412,50,Female,3,89.19435561680012
Hstgvn,Zwpw,3884,58,Female,2,74.00683842778973
Idemfvw,Xnjj,16997,90,Female,5,74.44594104930474
Ocbxwfbzk,Sxumipkj,2682,82,Female,5,100.0
Uwcsbkeba,Qujbkwkcy,12395,51,Female,2,59.80772433804004
Rhzlfll,Bcgcvp,17457,71,Female,4,82.5333775689341
Ahebnyfy,Wimm,14945,34,Male,5,69.94533696648483
Ywsayavsp,Sccddlox,7557,77,Male,1,56.96018972916343
Rasunkhr,Eshiol,15950,55,Male,1,66.85480125247895
Kkqi,Voelpywf,18099,55,Female,2,81.52870976467521
Lzqwlfeqn,Kkskk,15635,71,Female,2,81.21899114730444
Fmff,Cvyxgiuww,2715,31,,3,85.07688132703414
Pxdknxv,Xzdcqmmv,3247,30,,2,77.64353683956486
Gmyxn,Xswsi,1956,77,Male,3,88.10362968410408
Cjslkbfzm,Ntrfbgkqo,1171,81,Female,5,100.0
Fifv,Rnmzc,5220,61,Male,2,81.46751809706765
Hfdqudcl,Gyvxcaolj,7932,43,Female,3,72.61128814563034
Thliavj,Xbazlrc,9594,23,Female,3,65.34851664299677
Rekutlip,Ghrcbiwa,11823,98,Female,2,77.8347085434852
Duithcf,Kojd,18741,65,Male,2,69.33587664751258
Eqjh,Bqklfrd,14544,27,Female,1,53.0870941426998
Rbkji,Kjtlu,15080,30,,2,62.85834117263287
Zbpluov,Pvoqobyd,17449,80,Female,1,64.33874974152036
Rcpq,Yrzbwdgzg,14140,90,Female,4,87.51449717615591
Rsluo,Tdaql,2117,32,Female,4,100.0
Ewzg,Lqyvauss,6464,27,Other,1,62.50751219277398
Umgfk,Rkxxf,8890,45,Female,2,78.53098523340134
Rsqxzzfzs,Mkcwhonq,10574,21,Female,5,71.59765586105352
Szcp,Qdmtuzwdj,18492,63,Male,5,92.04241613156077
Jhzcmtyd,Xumvgivrt,5349,69,Female,1,52.75379539176951
Hslm,Ryzzvs,15512,40,Female,1,60.084253591661486
Mlpmsgoo,Lvpzdm,4791,59,Male,5,91.96979201974382
Zpuh,Qfpc,1774,59,Male,3,87.35590460599767
Fkgzkdx,Knrcpfpe,15854,92,Male,2,77.77918277533891
Lcvhfi,Nmqb,9518,53,Male,4,77.36651817065882
Yoeyhypnm,Ivbesoi,4900,49,Male,4,62.19804313094107
Kech,Hmun,8245,89,Other,5,83.57805601464028
Obfjxryzz,Qegvy,9574,72,Female,4,85.03393241869566
Rmgvzemk,Pesjm,12590,97,Male,2,95.63201940651798
Fkpypv,Xaitviay,1292,93,Female,2,64.09827548744886
Nprjztlg,Frgq,17779,41,Female,1,56.36655052785704
Btwvnm,Emvbphxpl,18479,74,Male,2,53.72610869544188
Rmmm,Dwolsa,15391,30,Male,4,83.20413612644813
Nmbeh,Lcetfpcy,6221,38,Female,1,72.85535238990457
Dfsuc,Doji,16478,93,Male,1,62.47463969875963
Efbgvko,Nxvm,9590,63,Female,3,72.99548600187245
Manngbw,Eicdowjyc,16349,39,Other,5,91.8439790114532
Sjipp,Vunulgptk,12723,60,Male,4,74.52870703558521
Nodxyexj,Eoepo,13108,53,Male,4,92.52841233985974
Tesutrgq,Dwcbilro,2870,74,Female,2,85.32873810414206
Slixyw,Ecjpay,10198,91,Other,4,73.32083341262461
Txxqhunw,Tlkjyrr,4995,79,Female,5,100.0
Fdhdy,Vhziztn,17311,73,Male,5,88.194272081405
Ymaompgl,Unnhfy,14439,19,Female,3,69.83423982315038
Cicylgb,Yrjegdqi,13012,21,Male,2,72.79280614494688
Eptgi,Qkxuducx,9828,49,Female,3,66.65105587058147
Nbwrzboq,Bylqzcua,6127,85,Other,1,75.23553009899638
Lrsdf,Oemqjhnq,3452,84,Female,1,62.954046490695006
Hiddwofqq,Slviyeyxx,16336,76,Female,3,87.02493578735181
Tdhkgcxa,Ehotmlgyh,12720,49,Female,3,69.80352425145657
Anjzfel,Dbci,4948,42,Female,3,73.29894476135361
Jovab,Qxsb,10372,38,Male,2,68.36042521840974
Gpdgyfy,Ssnwnelu,15422,49,Other,5,98.88293325988931
Zrxfyx,Iizhcfgo,19240,52,Female,3,89.35139367312719
Liygxn,Kdcxx,9091,18,Male,4,72.65530626113892
Rkifvlh,Vddm,15624,22,Male,1,69.51345956214409
Znua,Zxtd,15339,79,Male,3,90.64682040038205
Wxfpdo,Doebx,14934,63,Female,3,67.38673286164735
Ohwijxugg,Rsuodzmob,5300,60,Male,1,71.49084836050118
Ktzf,Bowekhfn,16470,36,Other,2,67.47184779439367
Ynttpi,Mkltyh,15488,63,Female,3,95.55199185554517
Uusnxijz,Zyzvih,6909,61,Female,3,73.08018261653342
Wvtsswt,Qojdn,17597,30,Female,4,100.0
Nsltwzfiv,Rfuo,17876,35,Female,2,55.25729989689047
Qliqnuq,Fisdtpd,13060,48,Female,2,56.370189111935865
Xikybfeow,Ctdyp,15157,69,Female,1,96.40343778104378
Ekoghwkib,Bdepzkej,17982,63,Male,4,89.88561252441991
Kzravzf,Dgqybmglb,5491,33,Male,1,50.89022770643013
Sncpoeaxh,Fhwvsjrxr,17879,83,Male,1,78.67744362107013
Aqnd,Lrqtxmupq,16114,54,Female,4,51.48604541029383
Sbqijz,Xyyozea,1089,38,Male,5,82.0619802983602
Ffsqd,Vlrf,1971,49,Male,4,81.26062880190342
Meihjcn,Kslzq,13556,20,Female,3,92.35872190615885
Tesh,Bijjnfg,15719,95,Female,3,78.93440109237531
Xftjagxj,Xvdkirjvn,2642,94,,1,53.072772256007504
Pnyy,Mbpp,3224,82,Female,3,63.35969241552611
Jvmuc,Pbgpse,10807,36,Female,1,50.10530819072011
Ravtkyd,Tdfr,6408,57,,4,93.44466265070201
Rahojufi,Ussjfms,10237,49,Male,5,100.0
Mtwh,Iuqjiiw,3703,63,,2,46.81408908896674
Mtdwa,Scdnme,1317,41,Female,1,62.17458581352263
Bfrxm,Fggv,1681,81,Male,5,84.1919702279545
Kytbt,Geudmvzo,16696,57,Male,2,74.80124518967203
Mpswnsum,Xbzz,9745,82,Female,5,87.81240460439969
Fdauy,Vwmdg,3664,96,Other,3,83.86901983550584
Sxns,Stmlfsgr,19294,97,Female,4,76.46634444149214
Gawaaee,Zygsrera,3538,25,Female,3,70.8402177629182
Bgetrakdt,Iocqopq,2286,93,Male,3,73.0988749394277
Fuewvymqm,Wtjlzuy,3286,25,Female,4,84.39539721802657
Tnltgb,Xlbjty,3475,97,Female,2,62.66047377019258
Qasivxox,Tizwhu,9974,71,Female,3,72.28277047356245
Sadlsexa,Ccpehk,4058,20,Male,1,83.2523926528248
Gclpbe,Nshmm,7675,33,Male,1,57.61960897669678
Jrvei,Rkdglk,7372,52,Male,2,51.75748999004966
Dqdikcc,Zlhtvkru,15948,34,Male,1,57.90340056633292
Wbjkrb,Ykyyqkcr,7049,19,Female,1,60.137051237414035
Wniu,Sefcvd,5722,22,Female,2,52.161158299458194
Adjnshplw,Xjlkehnxh,6640,29,Female,2,46.620265506668616
Pjyzqbpnq,Myzhenth,13758,19,Male,1,58.75043769911261
Pwzlveh,Fjaastk,10232,55,Male,4,85.12979523253998
Gsnrvilff,Xvyrqete,13521,73,Male,4,83.65605186346977
Axby,Agcj,1261,18,Male,5,60.88430140552194
Whldnetjl,Yejezwr,4887,31,Male,1,46.52444353289794
Sffiueo,Ybandy,10636,27,Female,1,60.18582453217164
Nwzk,Kfvjckypd,1163,43,,5,100.0
Rjdvyp,Lhlwvdjx,7022,39,Other,5,76.23616734424041
Ntzehhvs,Wvsyjw,16276,38,Male,5,78.84491135252759
Duzarnxxt,Sxpcpf,16852,64,Male,1,55.056273658554076
Vqoscxa,Xsthrqj,7018,33,Female,3,75.83495818341277
Aksurkt,Fzkv,6609,61,Male,4,100.0
Mpcl,Kfzukxm,17305,47,Female,4,76.03382169912618
Cbgf,Whpjpmxar,10415,89,Male,2,59.8539722815092
Myutf,Xlou,12079,44,Female,4,62.27040634849536
Ovqydusj,Fvfsmet,12228,62,,1,79.61042733765525
Fxdpdyroy,Iztxrfkmj,19363,85,Male,1,68.655730711015
Mwsrmtyxw,Stlpelwl,16218,37,Other,5,100.0
Orrt,Ffbkyy,2060,49,Male,3,77.43411700858024
Ejary,Gjduxy,7708,75,Female,5,86.92132036120384
Qpojbwbes,Qrjghi,4075,65,Female,3,86.20565695486438
Adtub,Ldkfe,6912,90,Female,5,83.4127333307487
Nyvthrlk,Kyfstzxs,10423,30,,4,86.74775473977866
Pplzp,Fcxngo,5133,48,Male,3,61.73620103536553
Vdjpucy,Umuu,14104,45,Male,1,69.0077253396991
Kaxknnuia,Huikuq,3462,19,Male,4,88.86617924721341
Zvnzg,Rzpuqg,4486,31,Male,3,68.18928324499952
Gyrpq,Mytuk,9591,46,,5,100.0
Ncyhbij,Tnzdtuftk,4039,67,Female,5,95.80243004111614
Sscjlbj,Nfklr,10835,77,Male,4,89.30560553497563
Nfodie,Jtfnfnq,3210,77,Male,4,94.93694130297733
Gdkt,Ugudohfus,19192,29,Male,5,73.65538990706594
Qmfxwemup,Dqwhrlb,9283,55,Male,3,74.7553956616859
Logth,Yeurt,13842,29,,1,55.98239111536877
Rbpukub,Llid,2827,62,Male,4,82.54492126651856
Duhnzlfo,Ayhgvhc,18722,18,Other,4,83.42045543987507
Yxcepfr,Kumcrmzdz,10533,82,Female,4,81.50553192607956
Zswjs,Sahwt,18324,67,Female,4,82.44240696405032
Miqzfdqhf,Iugt,14988,26,Male,3,70.4820542090405
Cgwiqabi,Aypxx,17292,35,Female,1,53.734637534510206
Rjgb,Ndjbfs,17258,55,Male,3,73.28545321696082
Qngqw,Ovsrza,17080,75,Other,1,71.39915354651572
Rbitxtpa,Bfdt,17010,60,Male,5,53.721002683428054
Mnnzkte,Ioqo,3711,90,Male,4,70.14062183971926
Anazaaxdm,Okmjx,6860,63,Female,2,61.20540982418734
Yvkvdb,Itvbld,5184,72,Female,4,62.767358776534394
Fldezcy,Qxjvex,8667,76,Female,2,73.57620330838162
Mmln,Hztewx,5297,33,Male,4,100.0
Nirairs,Eqqfqxpqk,8317,54,Male,2,68.47857796818195
Ccmrx,Uchl,4029,76,Male,4,94.45829549807836
Spcd,Relkezdr,7470,32,Male,1,50.4155807512361
Fjhsyfby,Tiylzubsv,7858,42,Other,4,74.67537115957623
Jrbkh,Kkll,6904,89,Male,3,83.92867256382567
Tymlou,Lxxeyywp,16301,51,Male,4,90.97016913754771
Stebrrjea,Ydquxv,6197,83,Male,1,84.03780002767265
Mrdebhm,Gmbc,14726,64,Male,5,93.3136217617218
Qlsfszxht,Tanio,5250,93,Female,5,73.55882575689013
Poqw,Yfmzvjaw,13960,75,Male,3,83.15231916015496
Aehtbzhm,Bdqaux,19570,51,Male,5,91.78183403772434
Zjdyh,Xeny,6507,38,Male,3,77.63162989773176
Nlzlvbsop,Ivbqpj,8333,45,Female,5,71.67395046787391
Npgvjq,Gpvppxqie,13626,71,,1,51.967264167788535
Vxngcfhzl,Irkgpmy,18292,38,Other,4,93.62746343550094
Sqso,Leudaqct,7130,64,Female,3,61.49642702137233
Nqymm,Snue,14051,33,Male,1,60.60274950219552
Uqemf,Ghgcosyrp,7124,29,Male,4,79.79640775186202
Njscprfda,Muvkmc,15307,63,Female,4,73.18668978348836
Jpio,Ninwiinf,16152,86,Female,2,76.23829566517024
Rlgxmfk,Ahlrj,6764,24,Female,4,75.01254953435986
Smtdep,Biihxjq,14423,39,Female,4,65.1038065466624
Lnll,Ftvbilg,3432,93,Male,1,59.578451617886486
Cfhgmpdf,Vifufcctf,7783,19,Male,2,85.1552493490934
Mgszoihc,Yryeqtmnq,4390,84,Female,5,61.47242089250017
Lguz,Isrp,4272,51,Female,4,55.22102845062916
Oyjowitz,Vtuglguil,3583,29,Other,2,85.10377576200699
Pgahbmbg,Oayeleli,19938,38,Other,1,52.61772243248884
Xarbgrvs,Jusymuyt,8532,91,Male,3,82.7417551190852
Tvungcgv,Bsxkg,16968,21,Female,1,64.2331987951951
Hgpwmqj,Hthyfkwxj,19040,85,Male,5,88.67013370981522
Zyeizs,Jwtx,18889,34,Male,2,74.4578735211914
Mytf,Louppnil,14039,34,Other,4,100.0
Clnoh,Wuskyb,19366,94,Male,4,90.406131498286
Oriqmap,Imtniillu,14968,30,Female,3,67.37243108405625
Rupbgkcbc,Dzwkeb,5001,89,Male,5,70.2925048875534
Pkgal,Rxxhym,18278,52,Other,1,57.51562681376245
Xjst,Qglx,1025,78,Female,5,100.0
Ssojmbaz,Btpjoevt,6989,89,Female,1,68.8321526144945
Xxmlfvtvd,Srjfadzra,3236,69,Male,1,61.41672133377359
Loveppvjl,Eeyhmdc,1505,30,Female,3,74.02604630395629
Defbol,Akfyg,8226,97,Male,5,98.531266624736
Gimdtyxx,Xsshb,7703,84,Female,3,80.23177119393364
Chiesaxk,Eikoxjxyr,10299,42,Male,4,69.63510041088394
Ntipjwil,Vjdviynh,18374,62,Male,1,54.90654252612887
Atxgugepc,Cvhsjaj,2551,35,Female,5,85.97616584299863
Xmtwzz,Yrvslc,17469,68,Male,4,48.94781117682617
Eowwrc,Afxapb,7362,70,Female,4,75.00276285511791
Hkcyw,Jsxxbqquf,5741,90,Female,2,57.065691883895504
Clsjshgnq,Upgyuainq,11237,38,Female,4,74.86297257050455
Zyyw,Cbngt,18981,71,Male,2,67.79517781596375
Mejizgvc,Bnssjcilj,17794,21,Male,2,64.78895545325437
Aqzpt,Ikpgamoxf,8059,26,Male,3,49.500544615814725
Hfvyie,Eadaf,1050,60,Male,1,56.49132903880428
Lfqhha,Avtjc,12641,98,Female,2,75.82757146596376
Ebssrdfw,Vgiogla,11048,73,Male,4,77.29801723632355
Kmsl,Mdmivlngo,4756,86,Female,1,59.929642902464764
Luftwoye,Sthazoxmb,15126,75,Female,2,78.74052197057983
Nnfocjs,Uuupodn,11067,34,Male,2,65.18958715663612
Ynnfbzalj,Pfvlfe,8946,85,Male,5,100.0
Uyyvrmczq,Uowrs,9088,94,Female,4,48.93041791432307
Gpfi,Hshpwvntg,16876,40,Male,1,64.57038313272311
Epxsos,Gsvmcvpwz,7966,80,Other,1,74.15648030650222
Xykukdl,Tbgkmeg,18236,69,Male,4,94.65884926978543
Xrnv,Wjvbip,7636,76,Male,1,71.74793542211567
Jkww,Wcvg,2000,78,Female,2,66.67906626253016
Bkhok,Cpgr,6078,26,Female,3,65.65347185532366
Gylitch,Tsmznzbns,14782,52,Male,2,77.71060158284234
Nubsm,Qdpfrsv,19641,58,Female,3,71.65170616662508
Jwczm,Tdlkyhf,16371,91,Male,2,69.27832603835091
Gecfamqns,Gqzpxcc,2996,47,Male,1,76.07189868764371
Zqarojdw,Pwscvrk,9257,21,Male,5,69.57245747291326
Ksjsvq,Cojjkbc,15584,83,Female,4,86.14894047009543
Nusnt,Chjkultv,18361,60,Female,2,77.8518356602524
Xvocu,Hudbhwsm,3607,70,Male,4,88.38303350709212
Gdovfwnu,Wxmpozi,10424,45,Male,3,60.76324142423979
Ispttnvf,Vlxoms,7389,98,Male,2,60.70793001312861
Txxzzoyp,Foiauoko,4732,41,Other,1,55.35572162557839
Qikkvqwmz,Iqnlaaz,12764,51,Male,4,81.81385295713125
Jtkhbvk,Tpihjmb,3060,66,Female,5,82.52591233369007
Icuxaqko,Jxcn,5185,25,Female,2,72.65873940929467
Jftad,Bxdxpj,19710,66,Male,2,87.09469691137033
Jlxzbqybl,Ouebojoy,8497,85,Male,5,92.72020322199634
Eclyxjrc,Oqmtbldzt,13921,32,Female,2,72.60568656369279
Dtdetloj,Vaxs,13625,72,Male,4,92.27813225812389
Vrrdgtyo,Euwf,6138,66,,1,75.61426902197826
Dfrnl,Fxrbqgvgu,16436,30,Female,2,84.68517492360202
Bcols,Gmkwurctf,6703,23,Male,2,78.74228922139784
Jgixeyys,Cqjqseqa,9323,67,Female,3,71.55523272813153
Wsph,Kddwstm,13383,85,Female,3,61.38563540277989
Thjebf,Rlsm,4588,91,Male,5,90.14277438786152
Parxlb,Iucpllgli,19462,59,Male,5,73.34119514764299
Bhxmvgqvw,Truubiw,14584,40,,2,76.70041565591174
Ycam,Zgnswz,19754,98,Female,2,54.96508890923903
Gyqecohkj,Qyahd,15883,45,Female,2,69.33484916707653
Gfzkuw,Lmemjfmp,12398,89,Female,2,56.10701228194515
Cbtyks,Fdpoaw,3251,87,Male,1,54.99502240551025
Dbwozbi,Bwhwldp,5444,49,Female,5,74.08502182328178
Btakdau,Okymweiiq,18244,19,Female,1,72.14323868672015
Ztbweakqc,Nwehgst,14610,22,Male,2,75.13176152839685
Vmqxdjor,Etopcqss,17079,18,Male,2,75.6895270468364
Jvmrymjb,Elsssxybg,5700,94,Female,4,74.26542903058984
Opsfjsphm,Bsjyyeup,11213,52,Female,3,68.0502661199619
Gdehv,Gmvl,8071,74,Female,2,94.15920102780991
Xhoqh,Hqlm,13006,46,Female,4,80.77175402390841
Jzldzcndl,Rdszlmc,18129,90,Female,1,44.524330487883304
Adiri,Kyddszxvr,1109,73,Female,4,83.272680783568
Krbwfljle,Skiiqvuc,4615,20,Male,5,87.02474381378583
Ieusn,Ktlu,14043,19,,1,72.90780860763421
Njzizyffe,Mocosf,10979,69,Female,2,72.89556894196153
Ephxcjjyo,Jwjohv,7339,79,Male,5,89.65130722345258
Ishyfpy,Vcuj,18983,74,Male,4,81.84213583792382
Inzs,Iiydqvmiq,5153,67,Female,2,61.20580485716084
Euwgjmel,Zwbgty,12837,34,,5,92.21616469179129
Aveee,Wemjdudc,11412,62,Male,4,70.21336243854634
Ipduxw,Cbcozdsix,10457,73,Female,2,51.460539820601156
Hynxjq,Yucjr,16851,69,Female,3,85.08973653169463
Fczmev,Jrpnl,10072,66,Female,3,76.05251073543528
Vfqda,Weguer,4269,49,Male,3,67.86848734299588
Rmdm,Kyfq,13629,94,Male,2,88.02452011410426
Yzedxend,Baoynk,3053,76,Male,4,86.72666103294371
Cueunaih,Lsljph,17467,59,Male,1,78.69155994154372
Bdfbd,Dsdbksy,10250,42,Female,5,100.0
Ddcg,Acylvhfx,17543,94,Male,2,83.44326996444487
Ygbb,Hujaizfhc,13101,52,Female,4,75.74437839702622
Wpmwflf,Uumzu,8870,28,Male,4,100.0
Upaqce,Knhez,6917,51,Other,3,82.04916037381875
Oysigd,Gyau,14489,28,Other,2,62.41370175826823
Rkrf,Euyy,12036,64,Female,3,60.46926904983047
Xdzs,Duwbztv,8694,20,Male,3,77.05972718811486
Nefusjw,Htbvl,11039,94,Female,5,81.9408860218762
Kxmrrd,Gzegoaw,12762,43,Male,3,60.55914509604876
Amhqwtw,Gxowd,16522,74,Female,3,87.3164377193943
Bdbcjck,Nthialym,3212,20,Other,5,96.30711364514299
Jekr,Rlkmai,1504,78,Female,3,77.50666922102924
Tvmkzy,Rqnqab,13197,36,Male,4,78.74255389590186
Gfjamrfq,Jvoayf,10818,63,Female,3,59.75316531039769
Tqabqt,Nxavras,7491,91,Female,1,50.79654972025167
Newuc,Swasbgbob,11771,76,Male,3,65.55919912121576
Oiqnp,Gjjqdhcem,7938,84,,5,100.0
Pmnhfz,Btdslbeo,6652,26,Female,3,66.15795387673717
Fqgcca,Gynzetioe,16144,62,Male,4,84.3498076406906
Ogqlrt,Unwyouez,15459,81,Female,2,63.563144496535095
Dbrcggxm,Yzbvyq,3334,41,Female,4,57.95538893577433
Yvnmc,Hngttsyp,5753,74,Female,4,81.36557440689185
Fjttayuq,Nujzhur,9171,90,Male,5,92.22970236816309
Ukuahgxm,Tmvqdpti,5264,18,Female,2,66.98975212262292
Xkextdmqr,Hflzjzix,7507,80,Male,2,66.96561746475112
Eebjh,Gqsmc,12624,50,Other,1,84.26126244372024
Yvflgwpgl,Cmcpgx,10806,22,Male,2,70.41126487486707
Rxsabdc,Bnwc,4950,57,Female,4,98.18383356280926
Vgzfve,Blebw,14024,87,Female,4,67.49574957236484
Chksxxm,Ontdedul,8568,72,Female,3,69.44306767219297
Mgtfpraff,Hcqlcuj,14236,39,Male,4,81.7698545859355
Uitbabdz,Ntlyd,4310,59,Female,5,73.3440957170898
Bfldorqm,Ydejrkj,18002,18,Female,2,70.70622524384633
Lgcwyo,Nkcsslrbk,17405,58,,5,89.0350180504043
Sodc,Dfkii,9136,68,Male,4,83.03680781078279
Dohbtd,Lfxwasyvp,14973,98,Female,1,68.7288237930996
Dkdwwbn,Evrwx,8471,39,Male,3,77.21769685004429
Nqcz,Nuaphs,1618,78,Female,2,73.3172538297998
Tonna,Xxhc,19357,46,Male,4,54.170403549528146
Gtwudi,Bzxykmhi,13157,95,Female,2,100.0
Aodksdmr,Omsszgo,7718,25,Male,5,98.26437475978949
Goobhyz,Phlisexp,4317,69,Other,4,90.29917956466318
Caqzdsfug,Zzmspj,9628,38,Other,4,78.65248541896402
Plygpvejx,Rklc,5791,91,Male,1,78.26196734276232
Qaiseu,Toowygytg,12308,70,Female,4,71.19218526444337
Gvqhzfow,Vbtdsn,15192,28,Other,3,75.83619673774874
Ohurmo,Ogajfasy,2699,87,Female,2,66.79066715828552
Nkfqwnjjc,Pgjzp,6064,35,,1,61.82341381441181
Lxwvrkme,Qrtl,5428,71,,5,98.47306043339921
Vgycdacg,Xwdbk,15176,26,Female,3,78.12873113057559
Pjdtfd,Gisdb,19487,95,Female,1,86.62423747252575
Wuxtyg,Nbndxyr,13354,76,Other,1,56.728783824159855
Laxemqdvj,Yhutpao,4429,86,Female,5,83.87946903976052
Whyjz,Fhsdhpmc,6035,61,Female,5,82.29809467612196
Mabsgbsxf,Smzjkmdet,3136,78,Male,1,48.60283107201339
Hfxaieizd,Otpggjmx,3684,39,Male,3,78.81510995648745
Npnfsivmm,Zdyayshh,6686,54,Female,5,85.58466805396378
Nqwuqzof,Vjjhhqoy,4426,67,Other,2,75.68286179363886
Duguud,Zxemrlo,10452,87,Female,2,70.28983013104673
Uhxoqcym,Nodkbyyiw,10715,27,Male,2,80.37645604686627
Oflbtumt,Evgdvi,14093,68,Male,1,72.32363304176054
Dumr,Tzhshfmcw,3608,82,Female,3,72.43232005367318
Uyjirw,Ovwdtvsh,17989,47,Male,4,74.6181741393389
Gvtnbddq,Okgdeo,2716,21,Male,3,91.81550537431036
Kuharjm,Lijv,3072,37,Female,2,73.79218674674772
Qncp,Ozazlu,17510,54,Female,1,61.16347547609156
Mgzdxjapz,Scdg,10417,30,Female,3,95.64091394712213
Wzleaz,Xmawp,19440,64,Male,2,100.0
Nxdrkgkwh,Akwfw,16845,32,,4,76.83002044247606
Kkgbrrmlw,Ckaoceh,4042,58,Other,5,67.93004542510177
Nyguj,Lalczhgh,17947,72,Male,4,70.90282955753207
Khdewqhg,Nfcfed,5571,92,Other,3,63.151590262049176
Tmyfht,Tnmqah,15468,47,Male,4,82.34860170268924
Bjrmdiis,Pkfafs,15305,38,,1,60.07736342736948
Hdkwf,Vmxw,19190,21,Female,2,72.57356597268591
Stvncsg,Svxw,7777,79,Male,5,76.27338110884685
Hwip,Yjhwd,5269,54,Male,3,59.617768543881276
Vjgyidf,Ngdtcgdx,6477,22,Female,4,75.75379675252972
Axqqzfihc,Sneccfeg,12689,82,Other,4,87.1212086530871
Htxnupecc,Toif,17851,54,Female,2,71.08541868189893
Wobp,Fxqeqwawl,10192,98,Male,5,78.17697114349829
Irvtzio,Abnjiu,9595,62,Female,3,65.86880933922981
Vwdewfndl,Zegyqmf,11249,30,Female,4,85.03288785280087
Uhzf,Exnkz,5270,58,Other,3,85.40885740487182
Umjiq,Uirorklso,2764,55,Female,1,48.314659427155895
Owwb,Pgedg,10088,65,Male,5,85.21293118592621
Uksirlvd,Jqgeb,18858,83,Female,4,90.48889580546557
Ldah,Itzcro,14255,72,,5,77.89079761395604
Lpjefon,Obcrf,18282,27,Male,3,53.997407137285535
Shfol,Byqxdvp,1486,74,Male,3,74.04952701811308
Mklppx,Tievyvbux,6594,57,Female,2,53.703183286276065
Qribvzqn,Qcylox,12937,37,Male,4,94.36995127746837
Pxoriabr,Soqmbfx,7949,40,Male,2,82.32940041636202
Vylwiaz,Dlybymnen,10951,82,Male,4,69.83421502388052
Ugpjzb,Avpkjqdbe,16577,89,Female,3,91.2578574151994
Lwycitc,Oikuplso,14020,58,Female,3,62.83114150817543
Lqpp,Btrpwv,6203,24,Male,2,81.83660916270249
Uvhzmlbah,Btcn,16201,44,Male,1,53.77590947381563
Duivosk,Gyorm,10623,80,Male,2,59.56670210442923
Lmpu,Qyhmtsp,14127,90,Male,5,88.80446658638597
Rwtakzlp,Zvex,19334,40,Female,1,82.38084426638243
Cgoreiz,Incwcep,2954,27,Female,1,73.28808522879757
Ltcxv,Bkzkzltr,17910,51,,4,89.64449880232637
Uzzpv,Hpuddrfbg,18405,75,Female,1,47.500253551351726
Ygbkefxnt,Qllpgtj,11938,78,Male,3,70.76239932266185
Rwzoot,Mqmlkm,2370,66,Male,3,70.91009306811915
Quoadej,Serckhxy,10709,52,Female,5,100.0
Ofnihdq,Btrgdjxtw,5097,42,Male,3,81.4086342313022
Ibrtgpb,Zayxolz,19542,48,Female,3,82.50040846498035
Fthryeamx,Zhrxz,9937,38,,3,91.52056521478937
Pilphai,Xegq,6633,30,Male,2,63.86138522254962
Lfnpzotwh,Skmgvs,16810,86,Female,4,100.0
Wslpt,Ornuxas,14214,86,,5,100.0
Tvmwthwj,Lucrziw,3461,36,Male,5,84.98004125201987
Mselck,Zlrrla,1660,63,Female,3,75.97591971825037
Ucexf,Okllobgr,1151,57,Male,2,56.09938437560843
Wtfohqwaq,Bcdkljkk,3065,91,Other,1,56.38475703512469
Ltqtg,Gktwsjwh,7331,50,Other,5,76.3875217940818
Kmly,Bkrtlos,6980,22,Male,2,83.86121012196209
Utmf,Rhqwo,14282,64,Female,4,99.84869216655164
Ysag,Jaby,16453,90,Male,3,69.94942658422778
Mjyzc,Wvevs,17929,47,Male,3,80.39570649209341
Pgywcile,Boldbbyc,16179,75,Female,3,63.793782456019095
Uhepdcie,Axoryk,6486,33,Female,4,73.26013641511777
Yfnfewjg,Avxofmaao,16045,70,Male,5,93.0364817670387
Tweaohhns,Tqhxlnc,10707,42,Other,1,69.69665836867273
Ipfv,Vgoghhfxx,14235,25,Female,1,61.07692258884367
Eosdvhpq,Mzesjd,10705,96,Female,5,87.64981687742021
Jfuvud,Mjomy,7537,52,Male,2,76.58797836315216
Poyhfxmg,Uhjxryxkd,9832,52,Male,3,64.6502386238936
Eoohj,Fzbczk,12686,86,Female,2,70.14577674320809
Uwefa,Wvgheqdvl,2820,95,Male,5,98.99881397293743
Hxmjskey,Kxorehq,15310,41,Male,2,71.84229883143313
Rhcfihudq,Qiqpf,11122,44,Female,4,78.22513515645318
Jeonf,Bthgch,16826,92,Male,3,62.027666116645726
Detgwyejh,Xlqczdu,4162,37,Male,1,71.36822550435718
Iatsxojiz,Axrdagep,4460,32,Female,3,69.93693083571058
Cdieyqmez,Nnpcuvwv,18536,28,Male,1,59.5142237662458
Pvvu,Ivlbtvto,11526,52,Female,3,55.698774056833926
Ittajnlmj,Mqhrxo,10092,47,Female,4,91.06253625398139
Wzawye,Tktfqtkq,7593,91,Male,2,67.1691683089314
Jumuu,Rcokofs,3364,24,Male,4,83.28769777775985
Klvzhyvjg,Eywn,1672,45,Female,4,83.52050377771758
Yrrjgcgm,Qqyg,14850,95,Female,1,99.92085074508876
Omtgv,Hfeeac,1535,27,Male,1,53.99325013632696
Vjutt,Coegaz,11432,75,Male,3,95.79990899353356
Newmdpl,Zgygjcmu,6807,56,Female,3,92.08152566524086
Cgdglcl,Xvbauo,4404,49,Female,2,65.56507906282914
Gyoykj,Bwphefrgo,15572,44,Female,3,96.65574599959459
Trjsyxso,Sdewdmkxu,15790,81,Female,3,81.2361233007118
Lrdrtvry,Lpgsvht,18034,69,Male,3,74.73146922479165
Ufrgxdqy,Epfcqau,11578,51,Female,2,69.26830585631876
Fscponxau,Lawylzzx,2898,25,Female,5,89.91232852675338
Fosg,Pblobwl,7743,67,Female,4,62.82422894731502
Egcd,Xesnlzd,4394,31,Other,4,85.69505585827075
Txsrh,Ochf,6544,87,Female,1,61.80960107507238
Kpql,Cjduqoxnz,2483,75,Female,3,76.46267439216113
Zxwngtgm,Rhfhs,2688,73,Female,2,70.110414200691
Ovfysha,Bxlsndyym,12888,27,Female,5,93.29907599977993
Zqmvortp,Qfecqqcqi,13368,29,Female,2,54.632065583790336
Irgncfyvc,Bysiz,13836,97,Male,5,89.8305829393523
Mfta,Svkrecgmc,14531,95,Male,1,78.89034157214002
Pyilxz,Twsycvlk,5478,43,Female,3,79.88082647071892
Yihietr,Mcpqqedmz,4860,43,Male,5,96.29864360088811
Xoynz,Zvsjqllq,11768,51,Other,2,75.31396877328118
Njji,Scnmf,13047,37,Female,3,71.39907111193813
Xjoculjmp,Tecxgiw,15440,33,Female,5,73.68813905926444
Yddk,Yvbfr,17768,77,Female,2,57.615897267219374
Phvrlees,Mdhff,7302,31,Female,5,94.33927722795649
Nezs,Twoaljsau,16426,48,Female,4,87.97051326143045
Vgbfs,Bghh,4260,47,Male,3,85.13647479755036
Khnfr,Nwrnfgdij,4330,37,Female,1,55.79315476052282
Rpzh,Dttcm,1186,38,Male,5,72.75196363604785
Tlqxhegwl,Fjgrnc,9557,37,Female,2,67.67743756512465
Vkvcwl,Nzqdhlbi,15892,57,Female,3,83.36666266712547
Rvwcjblf,Tlljnzxp,7859,38,Male,4,69.74019117636826
Gujd,Dpnxis,19900,62,Female,5,85.5507825252345
Bxfsddxm,Jawvu,13898,65,Male,1,64.62018188756977
Leczijk,Fbvyqe,4525,61,Male,2,58.06324482585772
Xaigymzu,Hrrhnvoay,9349,76,Male,3,75.71933289874045
Uotsrr,Ljaujtk,2666,39,Female,5,65.37245211589868
Rgzfj,Ozilaopht,14304,39,Male,4,97.8634094819401
Zqspkoq,Updqgxe,13341,69,Female,4,65.8348001108768
Eftkunn,Jorlhm,11092,36,Female,5,78.22012671938656
Vwophxps,Qponks,6946,70,Female,3,71.23044994151527
Egthz,Itdg,11398,97,Male,5,78.35192136552351
Imzg,Hqpcrhf,19496,53,Male,3,74.67746055573872
Vpfl,Gpyhcbzth,5116,58,Male,5,87.28897576689991
Lqrfhelnz,Srxurri,19138,34,Female,2,73.96072162601712
Ybyagq,Ertr,4825,22,Male,1,64.88613409177175
Ocezzhg,Thtdlj,9172,70,Male,1,80.41718127584761
Zwksbcy,Brhu,10490,32,Male,1,74.41868719177629
Pgnsg,Wlcdn,4474,25,Female,3,52.64899509777935
Mdcq,Tiedpbwni,10275,82,Female,4,61.94564916881093
Gkyuqzf,Eqdqiv,1838,91,Female,2,79.30845013924727
Odlmxqgz,Kmqqxk,18327,75,Female,4,73.81856203409768
Hqdw,Belsm,16662,70,Female,2,100.0
Cggacfr,Ayzzgck,2772,35,Male,3,82.6926614780538
Kmuegha,Agzyll,19514,49,Male,3,64.79072406035657
Rmpom,Hcwlbyjol,8081,75,Female,4,83.03706316059927
Wvys,Qpznh,11498,75,Female,4,85.56238319908843
Exqucg,Bxgi,2662,26,,2,88.83061445002832
Cvklj,Tsrabbjmi,19251,62,Male,2,92.22180617583291
Fsclkzef,Djskwz,1613,85,Male,1,48.34625861482118
Nzbozcry,Zvtah,2637,98,Male,1,72.68432355498334
Vnzexio,Cekc,6371,59,Male,2,56.16640659338077
Dxwgbjxzd,Zjacpxo,6417,45,Other,5,92.1608912811801
Uavbaoevs,Exyurqliq,2876,62,Other,5,86.4162082302067
Ofbmovrgn,Hvgzn,11182,88,Female,4,86.89391620512944
Doccwfr,Dyhegc,18675,72,Female,4,82.58475197075876
Pzvqpngd,Sueyzzlpa,2602,54,Female,5,79.1686941309811
Tneku,Yjyqdgne,4940,50,,3,78.54956620429232
Huczuqqp,Ntvdx,13908,41,Female,3,80.34131022430824
Mhkbva,Owjfqup,5964,73,Male,5,99.58569002248242
Dwfgcka,Uyubwsrr,13925,53,,3,78.82239397565957
Lpbvdl,Srdty,10347,55,Other,3,76.68403326966168
Fsfvdyt,Cingmdww,19515,92,Other,5,85.4882493728717
Tayamkoxh,Gnrtq,2584,76,Female,1,71.7893195784323
Umfuxwya,Lazqoyo,7415,90,Male,5,53.56558621450377
Bfsxtr,Bhukwi,8867,89,Male,2,60.43917858074436
Fuafodbb,Egbacqub,3444,64,Male,3,63.94251877314547
Wrhkdhab,Izbzsmvqp,15771,82,Female,4,71.33481157711628
Xylnpqh,Cfqtvugh,18528,54,Male,4,93.2743928465423
Mszsaae,Azrvzu,18802,68,Male,3,57.652258794463215
Mywjexni,Fovtofswu,4899,30,Male,4,77.37638600952067
Mbnfug,Zazdetpl,3259,85,Male,3,50.012675425430594
Lpelpyx,Ltgumj,1648,66,Female,1,48.615018539601735
Zxza,Mjoebvp,12704,61,Male,4,100.0
Qkbvox,Gnbnopz,15475,72,Male,5,84.94727471009455
Vrmw,Nhxapgl,1887,61,Male,3,54.27750879091249
Ltuuzx,Wzib,8662,81,Male,4,74.48185921625318
Rijzids,Tsgxahe,8808,57,Female,3,100.0
Asvrnv,Edfub,9963,48,Female,2,60.745976271432916
Hkvgteg,Zuirsw,10040,35,Male,4,82.54346668935365
Kmdbjdvs,Hpcchycm,4852,58,Male,1,72.98887944055733
Hblun,Actl,7951,73,Male,5,100.0
Ktxboxtqd,Jftbuhvb,5055,61,Male,1,75.45570494958292
Mzjq,Tsjzww,4563,64,Male,4,79.15062393374014
Bszoc,Sjxqsidx,11210,90,,2,66.59856308753572
Eggpdub,Byknd,2594,54,Male,1,62.82433134920032
Tdbpd,Kxrjj,14842,76,Male,5,95.60542631274028
Rbrire,Dmqdq,3861,49,Female,3,87.91060231643664
Unolq,Fjcqvlg,18974,23,Female,3,73.86770466458216
Vxuqlt,Hpeoqone,18589,80,Female,3,71.4016691781082
Fdzirbvt,Cuewwb,2671,71,Other,1,50.42800373590094
Msvc,Hegrj,8359,46,Female,4,81.87689961443685
Zgleuh,Yqbxftp,8384,93,Female,5,77.09315061689678
Aenkmw,Gczps,4307,59,Male,5,66.81636608219294
Runknnvc,Zdee,18517,80,,5,79.50425872087153
Aptbvll,Rjqhy,8798,30,,5,100.0
Xxyqywm,Otdr,5290,79,Male,3,78.1070595150848
Osqirdmi,Aalxoqlc,13875,19,Male,4,72.13766716908208
Occatj,Nsebci,8847,31,Female,4,86.32421924835208
Rmybucdr,Yjnnzl,4123,46,Female,5,94.58811336089022
Jpcps,Pnwlcfna,14187,92,Female,5,91.01666254601916
Wcxz,Mtkqu,15561,98,Female,5,77.83637924049754
Akxzhpxay,Voea,11962,94,Male,5,96.10222213563347
Ejnxx,Rasfr,3617,69,Male,4,81.79701990635786
Tktwzlcpa,Pwtocxxz,10874,66,Other,3,79.60256727654337
Otacpwpm,Ebvjpev,4506,72,Female,4,82.69412790268592
Mhcpgfgs,Eefmkqiw,10338,47,Male,3,79.07886384277036
Vkswh,Kfin,14570,72,Male,2,81.98627200040661
Hyjer,Edylt,6746,60,Female,5,81.44604497189567
Ijvy,Jjinto,8045,22,Male,1,50.070531339717625
Vrzlx,Jiqoshpgb,5295,89,Female,3,62.66605038620902
Jbvntdzos,Qvbcmunrs,17424,29,Female,1,72.98122735785827
Crdoycmkw,Uyqpukn,3738,42,Male,1,51.26293741782172
Zxtwk,Upkxkdr,3144,61,Male,3,63.19982331382683
Zmzzauwhm,Vfvwtia,12878,49,Male,4,57.98285386169739
Ltwv,Hxyobhjz,10774,70,Male,4,89.30930475904285
Pinjntq,Fizqkhmf,9874,63,Female,1,70.72429677003608
Zihuvbs,Fesg,9031,58,Male,5,66.10823355751828
Zepgr,Iccpzs,2800,79,Other,1,50.714620114629206
Fftbez,Bmjgmqzr,14074,89,Female,5,70.59510414243219
Xcdkpiwd,Fgwxt,19828,86,Male,5,90.10736112227177
Yyiheup,Pdngyj,10970,58,Male,5,100.0
Cnksoj,Ywszvgy,6656,44,Female,4,78.96762100231963
Fpxy,Foiz,12177,28,Male,2,66.90884943247552
Cysnksqll,Jhtml,18702,89,Male,5,84.85580922971893
Wymo,Pzqo,5530,83,Male,3,80.83508524666027
Ecvano,Ztdtqmy,18593,64,Male,4,80.63118803296038
Huttmrocu,Xtnjopgwv,6006,87,Male,1,70.86181094618833
Itqczzmw,Hzohu,8308,45,Male,1,68.580479267763
Mribbwfv,Fxxsbfhla,4468,48,Female,5,66.41061539661547
Segqr,Nbzdnfm,14977,83,Female,5,73.11383246118312
Kpzhwym,Dlib,19427,30,Female,5,92.52319605822136
Ceofv,Hljltbr,5740,32,Male,5,86.30371832840416
Qldp,Cqnsslp,19560,70,,1,62.05278251648919
Ipxx,Hkdwu,6159,18,Female,4,78.01208408007388
Qzmtsxyh,Tvhcvxnkc,1400,92,Male,3,63.10246400669531
Ffkmclp,Nllntnqy,6903,97,Male,1,61.50652994115739
Viyumavta,Uogtsh,1572,70,,3,78.8479808600714
Fvsmxn,Mbnyyes,7986,62,Male,3,50.92815359381097
Jvpl,Sanvu,12978,70,Male,4,62.623975574760806
Zwkd,Mwadeh,13318,81,Female,3,84.55020610472366
Kutaniqo,Jaxkmjrbv,19025,81,,1,53.33319825813506
Njotosjdj,Ryvftu,10374,94,Male,3,75.71011842807152
Grpzmko,Kosim,14018,90,Male,4,72.42549467705439
Zwuvpashl,Qzhmluav,11240,30,Male,4,83.37705577855445
Cjtzumv,Ifjxryq,9984,35,Female,1,59.33777070179785
Szhvczb,Wyfv,13958,47,Male,5,79.267099927698
Ulngsp,Fjmsmr,18790,24,Male,5,74.4200015876273
Zubk,Cunxwvy,13274,56,Male,1,71.84200353979986
Mxufcsazf,Txgvu,18242,59,Male,5,75.11809451232197
Qjknxid,Znhvxbnkj,19876,29,Other,2,50.231474147945356
Jdks,Xmpvfhcw,7668,67,Female,1,62.463024974282284
Kfrrbgk,Qjdzc,19593,69,Other,2,78.80466420173663
Cewi,Dqvhk,5927,31,Male,2,90.48263312838453
Dzcupc,Vgvrkk,8422,57,Female,2,71.31119265274998
Wqhzsgcxc,Fzmh,6433,86,Other,1,71.10178427899206
Xzaq,Tfltolsoa,11546,38,Male,2,57.81166778315554
Mazwqeqi,Hmpcxqqqm,15437,35,Male,5,76.81211732873336
Ceoa,Oevuki,10106,33,Male,2,74.9461345233934
Wvlakxgn,Ppetqhohh,7258,49,Male,3,73.91067407068437
Ocjrv,Loct,2739,32,Female,4,80.0465773047988
Esggmrc,Garpjer,7893,65,Male,2,100.0
Dswyqiyc,Qmfu,5480,21,Female,4,93.42692311985672
Xqffbcdr,Hrrzfxp,14027,45,Male,4,57.048885135743966
Utunuylt,Eawhod,15266,87,Male,2,65.46789174562093
Hnuuuog,Apwmrq,19740,74,Male,1,70.23436579332443
Kgyqhs,Khvlmbrm,14109,43,Female,3,75.66870800525115
Sxsgvqs,Abicphqvl,6554,37,Female,5,84.01381515269
Mrwbzwsnp,Vxjn,15330,79,Male,5,75.84278669639406
Iqvctjt,Jqnkxziyz,18500,90,Female,2,75.42384903083021
Jhecdnym,Jtbj,14821,94,Female,3,45.741185738214945
Geglg,Oasxtmo,11709,73,Male,3,76.30411825784107
Cpcb,Mlwnmfzyj,14178,33,Male,2,78.87177398680329
Zfixsgtmv,Dhxqwm,12047,87,Female,1,64.42173781421513
Nibto,Xcza,13532,79,Male,4,75.63731039783599
Grxncmewa,Axdbxl,11879,64,,5,80.5760585805987
Kmqrgkhk,Geluklyl,2941,19,Male,1,47.400230680440814
Ebqut,Avpjj,11166,96,Female,2,83.39747458023577
Emzh,Femxy,15206,68,Other,3,63.396693054829996
Utmfrexkj,Jebve,13222,92,Female,5,93.4489579934119
Shlf,Yefyw,1228,82,Other,2,85.20400538545272
Nkorh,Obahxjc,11325,71,Female,1,43.902850915014476
Yazmcvlvd,Csjgyrrp,9614,76,Male,1,65.9972775007469
Rmosje,Tdfzbdqfw,11328,85,Female,2,92.2840493168477
Zizwb,Ogiwix,14993,86,Female,3,68.6114308426421
Sqjcmjcv,Wnhk,10385,84,Female,3,84.27167952585371
Efmze,Bsrdbtjc,13359,52,Female,1,58.68433471334992
Afzamte,Vuyhnlnr,15418,73,Female,5,65.35474399532899
Omplnghe,Ikmttz,17513,95,Female,3,92.58464878731803
Qcikpm,Vdnk,4477,29,Male,2,85.72292424326608
Vdeywsyi,Vcybqf,18516,42,,1,42.542839148127925
Qdrbw,Yeqi,10518,73,Male,4,88.88151173550793
Nmhxz,Sepvwir,7748,81,Male,5,100.0
Nswq,Sanbznqg,5581,75,Female,2,65.63072552095068
Ubqlgm,Igporjvnl,2650,94,Female,5,91.47256967428663
Ayeevlbc,Kkgwpjr,18697,33,Male,1,59.2447569832071
Cfrybdg,Oddlajfb,3960,55,Male,3,62.515619141255996
Gbpiby,Cvmvpwz,2992,63,Male,3,69.5090888869065
Kwthjrh,Wmsmidp,3547,78,Female,5,100.0
Udfhgp,Lnobuupri,10087,79,Male,3,90.43107635017563
Xrlq,Ilnepjxys,4917,97,Male,1,75.67663057497445
Ziolch,Sfipav,4790,89,Female,5,97.65940750203663
Qenj,Renhxqv,8914,40,Male,1,81.32036112617084
Ipnpl,Nyhpm,10908,65,Male,4,75.79464099163769
Pmjurpcrf,Tkdjhvign,5258,83,Female,4,72.63515188757847
Pglvge,Ysnhy,7555,44,Female,2,86.83532476586798
Shtuxs,Xqnoceu,4344,30,Male,3,83.89611299279656
Ixuuig,Nwmvqgl,19254,19,Male,5,100.0
Tzajilc,Wtgnpvssi,9553,87,Male,4,96.72876260391712
Suzbr,Wjmvy,9682,52,Female,5,100.0
Qcxtfpw,Zonp,8995,21,Female,5,93.6226136309882
Ohrs,Edzmkzwzz,17655,26,,2,75.03542035599743
Bhftpj,Xqgyny,4743,31,Other,1,79.160895070692
Nxeyflhne,Hqeqokk,3131,96,Male,5,71.83274089062158
Ocmvvqhbn,Qmlqhtu,18066,64,Male,5,97.93567526586916
Zzuzcyhj,Dunuqlljc,12322,36,Male,2,66.34415491579482
Zmfynl,Hglffg,11802,66,Other,3,76.71883875467304
Qlwc,Txgaj,15732,73,Other,5,75.76928260693178
Syktnslme,Lhzhifo,15113,40,Male,5,90.62144136225558
Hxqwnuqr,Tpimziixr,5034,74,Other,1,59.56690150725443
Trpgc,Vtnsxi,4740,69,Male,3,74.95509442552165
Nyogy,Lzeo,13536,48,Female,5,96.55978714252173
Okqzdc,Ticckdru,2940,24,Female,1,45.228328385595624
Jbtitcdck,Kthtfuxxj,3546,80,Female,3,67.07173984520624
Snzhgyuqb,Gqudj,8110,64,Female,2,79.52280656786047
Bbfvq,Reankqpw,12019,69,Male,5,100.0
Tpsutln,Ylrvcoi,9042,65,Male,3,90.3255982326331
Glfdvt,Mucfsxu,7887,68,Male,1,66.39207267142007
Etgwhvld,Tvavs,5199,79,Female,4,90.58094860603289
Lovhdf,Mlzjfpn,14229,83,Male,5,100.0
Aylpislfo,Xifjca,4145,88,Female,2,76.6364915214779
Yfsyxt,Xbhmfh,19739,49,Male,5,69.85406585729511
Gjkfv,Vrcnj,1605,38,Male,3,70.81427442943396
Vukunelc,Theso,10050,64,Female,3,74.79074967791433
Pfuffp,Drbgudwiq,12425,32,Male,5,91.57460241461975
Sybdr,Lyfofvqbk,11881,35,Male,5,67.97769296272446
Wnhx,Dmcaxvn,17231,83,Male,5,85.26112245545926
Ykuhlkss,Imajpamrj,3542,52,Female,3,60.64068066563486
Gdkglku,Lqsqx,12477,94,Female,4,72.38154632136913
Ezgmqthu,Xrsdld,15745,88,Other,3,89.26761310696628
Jupxfh,Badls,13150,23,Female,1,66.17120602926978
Ycauwyzoi,Ddbdgh,14165,89,Female,4,100.0
Gfdqnkqrv,Xwvn,16571,23,Female,5,80.47213298480014
Qmeutsrq,Mtkfaijg,14201,78,Male,2,64.46332079274225
Jhwkhk,Gjjwkjkms,16263,21,Female,1,63.81627621071343
Haujsf,Brsyomvp,19124,33,Female,2,70.65004165039443
Lajjiufz,Ccdhtat,10551,33,Female,4,83.45230402602337
Frmjpgs,Hauqlg,8861,34,Male,4,58.94139682761778
Lgtxdl,Vhizgs,11915,24,Female,4,91.10410373876553
Fcwxlq,Xwpq,8473,50,,4,83.39838982491983
Mheorfwyv,Nzhah,10771,70,Female,2,93.29320350035431
Ndgidgo,Rfvcylzu,13161,65,Female,1,82.65293178845693
Bwrcnptvp,Fxxnjl,7895,68,Female,3,58.08836174385829
Wdgqvqtak,Lbmo,19030,56,Female,5,77.98992775163106
Xsfuioozu,Xnpja,13656,29,Female,2,77.68495405211362
Ofbhrvdwb,Ocjovwena,11485,33,Male,1,54.29535870431446
Hjap,Fkbdnbcm,9732,88,Female,4,61.37896153153299
Brgrsgc,Jmqtmkvg,14149,39,Male,3,80.79469449644353
Eqiila,Blqdx,16844,65,Female,3,71.8251962341986
Rqfjkm,Fmsc,17326,89,Female,4,93.30491490742327
Jqtyy,Vsyyjw,9760,67,Female,4,76.60604303699171
Guaqowlh,Nrea,9217,96,Male,4,79.81031567691485
Rhkpcctos,Popk,4888,34,Female,1,83.4965369958705
Akyfysewv,Jtbthq,6570,30,Female,4,69.42394005787021
Rrkps,Hzotxj,15117,78,Male,1,59.673977776360545
Quawoo,Kwviagd,5976,66,Female,2,82.74688946489157
Xkza,Wtthfdy,4931,98,Male,2,81.43510367008022
Ggibwah,Lnrffnad,9376,68,Male,2,77.50384423521174
Jrdctedmj,Drdikei,8116,56,Female,1,75.89035166310458
Lcwbfv,Axijwfd,5462,43,Male,2,81.93425450628179
Ignuvn,Lxdvbgyb,5784,56,Female,1,44.909097157706405
Gjfwohgxg,Ormtahb,13910,19,Other,5,65.58032426282304
Sqbeexbs,Gcnsl,7235,21,Female,3,72.44786583619243
Drdmjla,Lquaeplme,6280,41,Male,5,92.6830708307697
Vaiaeol,Yljow,13177,43,Female,2,55.09822693315541
Tiidu,Wjecnx,6242,20,,3,93.38867944724475
Wdfva,Uerp,4402,51,Other,2,92.64331065784921
Tuoupyvu,Nqmug,17523,76,Female,4,54.7565312841203
Zothzgirp,Iwfk,5968,87,Male,4,76.53573135403423
Prfiqs,Pfwqmxai,5903,21,Male,1,61.883759742345276
Iocynhl,Mlllwqt,4196,41,Female,3,71.59725863399638
Vgieingu,Itvwyghiw,2664,48,Female,4,60.97402753188274
Sdmswxe,Vxaghszo,16290,46,Male,1,72.29732664162471
Uoen,Blqc,7694,58,Female,2,67.82905452326956
Wvdk,Lffr,9747,97,Female,3,90.09254876990217
Rvcq,Monurewq,15477,89,Female,2,72.46315750237218
Kiyxjsh,Fmhnqi,6172,36,Male,3,65.20334141883406
Ejed,Dehm,4487,43,,2,56.723691337750886
Lyuurfhee,Zqxuju,15784,27,Female,4,78.90490482438874
Wfebbw,Tymcp,14003,65,Male,2,74.14056637409342
Ustyuwk,Awtakifk,8615,91,Female,5,66.14533592647335
Heiyqkl,Cujils,5010,58,Male,1,74.64382688535412
Cfyr,Kxjtqoya,19055,80,Female,3,87.22534669257081
Atbsnucmd,Epdehjbzv,9564,72,Female,2,75.66493631980539
Jxet,Ojpj,6972,23,Female,1,50.226596522549315
Xvmxtfmbv,Djegke,7430,73,Female,3,81.21110485116365
Pbekx,Ekyh,2084,32,Other,2,64.85081613737893
Szwzfqpm,Ndgc,10589,68,Male,3,70.60053982109072
Fekrjjp,Cspbvtor,8806,57,Male,3,83.35821699872818
Smmprzbj,Zawjtqzd,16027,61,Male,4,77.9776833028672
Jwpj,Ksxflmem,18223,69,Female,1,45.92122162649008
Ihnfqdcy,Eulj,2585,90,Male,4,80.2651213833049
Nfvwi,Jaoh,3730,33,Female,3,72.60252962577295
Vkfvdwtpy,Btuw,11465,83,Female,4,79.3630213910753
Hupz,Dftnfghn,2974,57,Male,1,75.39315204751861
Vsjjvepi,Euaohiwxn,19562,76,Male,1,79.43048316077227
Hglgy,Jltrgxxt,5368,96,Male,1,62.26393170909724
Ykutjnl,Ungojih,5340,72,Other,3,69.97075450710072
Yqifbzqt,Cfabi,1141,37,Female,3,86.093874674395
Dzrwntyf,Rwpilrvd,7393,32,,5,88.64543986758224
Ndgif,Wbobl,7439,46,Female,5,72.72929024086066
Rgnsaby,Hxnb,4258,47,Female,1,61.10527157659776
Wsiz,Rzgnpy,1406,84,Male,4,53.820460749254615
Uyccxpru,Adfgh,10893,50,Male,5,65.54432842630038
Izly,Oqyqpwuxa,3667,30,Other,4,79.25463869339899
Lqgdmt,Cfishtzx,13889,58,Female,3,82.09590882964314
Ikflv,Hugyo,1990,80,Female,5,83.41233946512067
Jgdvdd,Morzzufwd,7814,60,Male,5,100.0
Ewtn,Fbvhmyux,7972,87,Male,3,63.53483969575028
Xiusoaff,Bgpp,19637,45,Female,4,83.49984167387177
Jsstuaku,Tzaiy,7995,57,Female,5,83.07976048035661
Fkfowzek,Sogslscyl,12821,87,Female,5,84.69809681366391
Pfhnjf,Iqjcndx,7222,90,Female,2,59.8882069233807
Gqyyrtbqj,Ccvobud,1665,73,Male,5,81.5076096377446
Wbolst,Lkhjskqtf,5374,74,Male,4,79.35468654224115
Roksndgx,Jxsjdjpn,18809,44,Male,1,76.30896808549625
Vcpd,Ddmf,17773,62,Female,4,87.94982736320132
Slltrfr,Ylhvxi,10380,98,Female,3,68.65624249255357
Drtgzzv,Ysaxr,17605,51,Male,1,73.49189742859127
Cwwr,Typd,1232,62,Other,1,57.69080852426776
Sspvspwx,Jfao,18762,76,Female,3,93.40281434829531
Umgwkdxz,Zukjfyjf,1580,31,Female,5,85.9068818639924
Clruyr,Nieinrgpn,3473,56,Female,3,72.9017315698249
Utsonpu,Vzvcsqr,16946,72,Female,4,76.95809393646444
Lepsdafoe,Dziqqqi,10162,36,Female,4,57.67548590284521
Riyvy,Ddfrgii,4876,21,Male,5,99.03111941772629
Coksossd,Zyzrfho,3690,75,Female,1,72.25148290677161
Kiguxnapq,Fyeemsl,12879,53,Female,1,75.92444350823786
Buztmvlzk,Mnca,6442,94,,1,63.520411939073256
Ggweblk,Vozhcxn,14565,41,Male,5,80.03636848663433
Dieja,Jyrmru,3289,60,Male,2,75.22009646027148
Wzkg,Kvltbqrpx,9284,18,Female,5,66.0475742535412
Hxnsvv,Udnrb,15195,22,Male,4,88.1236472352426
Fotfwd,Dahnqrnp,13302,42,Female,3,69.81940454651759
Eocsnzwtf,Tlowc,8970,73,Male,1,48.07591394943424
Ropnv,Rmiztkpfv,5043,94,Female,4,100.0
Gatkxnt,Xsbslin,11450,74,Female,1,66.14233521469177
Cyxajd,Xebutvrk,2223,92,Male,5,67.34343399546252
Wjxwmoej,Xamwyt,5413,74,Female,1,79.27080081754873
Jepzk,Zwstilrqw,3409,26,Male,2,84.26828547268285
Bcldzprgq,Fpnsv,14826,69,Male,4,85.31525152196225
Aiqimjc,Fcsaohmap,4171,24,Male,1,54.935083981074
Vuluw,Pndy,5037,31,Female,2,71.12237339550701
Otgawnhmp,Hzucdcfe,3203,59,Female,4,70.6713800532398
Pywcuj,Coebhvtb,1217,91,Male,2,47.54691298950188
Imjlyuxv,Hrdipyqc,18639,36,Female,5,100.0
Bkugs,Sbmr,1454,34,Male,1,60.86597842004062
Qfesfjqv,Rfsjbbqtr,8238,67,Male,3,69.53628528101638
Ujyz,Owebgf,5524,88,Male,2,79.17146279640983
Tngtqqc,Ftcxzwhi,18929,24,Female,3,86.78601807596523
Jytluqw,Ohzqxsn,16369,61,Female,5,79.50039512830534
Aiupae,Owohpdzhs,9619,64,Male,4,80.08023241701298
Wfaydih,Apevkdxi,1333,77,Male,4,53.19982920148664
Eacvkquyu,Gafrltl,18665,76,Female,4,78.45998503861975
Qlujwd,Wsgkrzgoe,8647,55,Female,4,73.70451737707319
Wxoadjoys,Hndair,11091,67,Female,2,80.92707939227796
Wznb,Grao,14508,28,Male,4,69.64506447531784
Cjzoygyj,Fecdhmke,11684,55,Female,1,50.472228065286984
Phvwab,Naubny,3751,54,Female,1,59.96772851987637
Tbsk,Geemcty,1630,28,Male,1,65.99840798692789
Bfxu,Idyrkoww,14238,91,Female,3,85.30018341793682
Dodpjui,Oqzpidn,11712,22,Female,3,65.55685042758174
Wiabrsnj,Qsxpvyz,19373,69,Female,2,90.72508091720215
Fkzutxsyl,Vlcpwsf,16375,54,Female,3,83.18707065082758
Zhehnwpd,Zsopwgph,7544,94,Female,2,61.32391408600831
Hvchmoyv,Sozmliv,18266,93,Male,1,53.26750139887872
Rwweaisj,Dszdw,2501,25,Other,5,80.98672960282096
Eichxerzf,Xrnofguyh,6134,67,Male,2,65.55809845523282
Ouypxudl,Djqjx,1427,73,Female,3,53.824910672386025
Uchc,Bnrxu,18170,69,Male,1,59.42054573856522
Vewjsu,Ohsyblg,8572,25,Other,4,92.20452344377945
Mudjzqkjq,Jxbogqqj,12803,57,Male,5,84.73876651846223
Qogdzsmjx,Uebdhkju,9341,80,,1,54.15242954988488
Bdhaxhne,Xdmbd,4803,58,Male,2,50.62703045438585
Dlbp,Gefdfqz,5241,57,Male,5,76.14175005300038
Orfnfq,Binxwv,19874,36,Female,5,76.95655864135651
Gnnexzb,Wcpltgc,1968,47,Female,1,48.76998016810371
Trvvml,Qorqwff,8092,36,Female,4,74.68294907280861
Kbwlin,Ajajzkrc,17734,62,Other,1,73.7455689461474
Tgge,Qznhelaj,9002,46,Female,3,72.13711756210536
Nnqpvgodw,Ugnksdpqi,16998,64,Female,2,46.297022520156005
Dkotjk,Irqtf,15328,45,Other,1,89.41633419980091
Xyiotfnpa,Qxlo,11336,51,Male,2,79.22692970096509
Cmttzha,Jgas,2802,59,Female,4,63.76632153084732
Gwreyss,Xehjkqy,9885,26,Male,3,82.69268809627519
Ilzfxbwfe,Nzhmss,18048,54,Female,4,95.83086800031074
Cqoslj,Gyjoiji,14582,79,Male,3,78.92461137491537
Rjlhhb,Ydhfyvaa,9578,33,Male,3,91.56559048155303
Utjb,Pjariktay,4565,83,,2,73.544650282546
Tyufebnsh,Matgkvdvo,11301,66,Male,4,82.44151932842011
Bymmyxv,Vmxmcghhu,14666,81,Female,1,64.22500387828711
Fcayxw,Bmxuzdpg,12665,63,Female,2,57.56631343840976
Ovuttblz,Vsixqvhn,16578,46,Male,3,81.1662126528562
Kmng,Mjomwrmf,10160,44,Male,5,89.91271765226593
Insvmy,Mafhgoas,7551,55,Female,3,73.67648564356212
Bkmjtjr,Auar,6270,20,Female,5,85.41727770529496
Fnjttm,Khjr,18380,57,Male,2,88.59420836388578
Yomm,Efin,4783,84,Other,2,75.59795146030513
Kggminrhm,Ccucgeajp,16944,41,Male,2,66.05928267235177
Dykkgu,Kwcelux,10787,29,Male,5,94.90528386144604
Vqdn,Fszlvpqjz,1972,50,Male,5,78.8705957408037
Bbuv,Rcogdtkc,6220,93,Male,3,56.2612249198321
Blamb,Vsrspvbds,12046,52,Female,5,68.60116118408615
Hfmapav,Mqbnwtza,14433,38,Female,3,78.60918335704582
Ngys,Hnkaitj,17572,98,Female,3,77.80436724829318
Jrequxtpi,Lefokdzur,12574,92,Male,4,51.552312573768816
Utxn,Esbdgebft,14877,97,Female,2,52.59332044677129
Ytwtcs,Hwhjuw,17347,57,Male,3,79.39497043474977
Ndzgqnac,Vsccjbcfz,4038,68,Male,1,39.062651933524435
Zldtqy,Mqyw,2760,77,Female,2,71.2990315362729
Uvijq,Lxiadlr,8520,54,Female,1,65.71955759393164
Bmov,Oibw,17167,92,Male,2,64.51682821702195
Vsnc,Bfyecxxgn,1375,36,Other,5,84.44206650670365
Rjxenru,Galdgoszk,8832,94,Female,2,59.64833036252052
Bcvrgsos,Askbfv,18031,88,Male,3,68.747357855369
Mavpug,Idtesiezj,5098,56,Other,2,53.210417901535514
Eyprgre,Mxhifjp,8126,50,Male,2,57.45910398934138
Rkof,Honhx,3839,95,Female,3,89.82883296224968
Tfowkfbv,Xdca,1609,23,Male,5,93.9665063241664
Nzgonna,Frjdqlnkq,19488,49,Female,5,85.35355205929879
Vufur,Wpok,9632,97,Male,5,84.61194273264158
Yvdum,Tchztpm,16378,86,Male,2,79.88183108706065
Yaqzzb,Jvzoyrgp,15035,72,Female,3,66.8403196579618
Lehkds,Yzfznxugi,8048,65,Male,3,80.54632142757394
Jbwgnhnr,Wvuhd,13279,57,Female,5,54.41254434048694
Udegwc,Ctftgthq,16125,98,Other,4,68.90524146470833
Kdaw,Ibuc,12540,79,Other,1,55.56162411238592
Htruf,Jottsd,18465,56,Female,1,72.30824257878116
Alkmwk,Qwonyrfp,12993,58,Female,3,70.68288672334991
Fatciq,Csij,4256,60,Male,4,61.667443130859695
Vtkgchwij,Lnmazbgqk,5926,95,Female,2,60.99847093436933
Smij,Vcsubn,10915,67,Male,2,70.86965270124085
Kcsdcz,Zwxgb,9715,29,Male,4,84.20770122957755
Gruktkgz,Wtadfcq,10481,87,Female,3,74.21164760110587
Gomihukg,Umzj,14310,33,Female,4,74.75031192871151
Rbnc,Lrjxrond,1895,81,,1,59.02117608067065
Qmojt,Uhqrlu,19633,66,Female,5,83.3035220919844
Pbrvjptv,Joewotxot,15703,43,,5,77.36859242157232
Yqtslfzu,Uupd,10376,30,Female,4,86.84712380862202
Pzkbasxdx,Bmky,13595,67,,2,51.54418258313906
Rdjkofxd,Foup,11954,47,Female,5,100.0
Abnoztoi,Ttbdfwx,13370,24,Male,2,64.33664387794197
Jrjfkbe,Wkzlnpkw,7054,18,Other,3,90.39295277890409
Pcjsta,Fdspfuhi,5222,27,Male,2,69.20580923243027
Qbgx,Jkxnaftuw,16708,26,Female,2,72.58156262437839
Zcmc,Xexvgdu,12876,67,,4,100.0
Mczttunbe,Iqocma,11016,78,Female,5,70.98590045465292
Zxfgumwl,Gxfo,18383,77,Female,2,60.61429746313229
Vypmdwb,Jnavanp,13937,39,Male,4,67.0704954202046
Jrptdvx,Wgwsvjh,19475,58,Female,4,80.25008732919164
Icwfzdj,Hurzl,6423,82,Male,2,100.0
Pzvm,Mzrpzjgbp,7134,21,Female,3,66.58200269618231
Suktx,Degczqfm,3141,48,Female,4,72.10226237552818
Sdglkh,Lzdjyxg,2093,89,Male,5,94.93236203445642
Ddhuns,Nymt,11538,77,,3,60.567664755136335
Wnbngwxt,Iupdeesg,19889,60,Female,4,83.41516351130895
Bwnu,Gquos,16165,58,Male,2,66.91043213113929
Oqgqbgwr,Yflbq,2861,38,,5,59.55203606937462
Bhxpphjw,Rnqgpetnu,13008,57,Male,4,82.66869469549363
Elhoatzp,Fxuftfbv,14622,27,Female,3,88.16760316535829
Ulnnroaf,Rulyrbc,3515,89,Female,1,71.70982183370276
Fexojroct,Vzrz,3694,96,Male,5,90.35974540171554
Lqwegkg,Nmessrvh,6537,63,Female,1,67.79619507883858
Empx,Haebiepx,7796,76,Female,1,56.00509958568692
Szjl,Fujuex,16091,41,Female,4,79.96445610037864
Rqeoblrcu,Fuqhu,9831,94,Female,3,69.87899778098004
Hpfyce,Fxvuh,5114,64,Female,2,50.605420215906015
Ewbewitaj,Hfyamaj,14393,88,Male,3,48.7021645806749
Tlgxp,Ieofizjj,6767,84,Male,4,72.10720875188576
Ufnb,Gloglupn,16633,76,Female,3,80.98694811166473
Ifejjmm,Wynge,18723,48,Male,1,57.13256115308877
Fbmyyerjz,Cxeubbwyi,15272,40,Male,5,83.92588630596597
Vcsvtrvn,Jdfplpnns,9317,85,Male,5,84.86465140656543
Rchl,Szls,13119,79,Male,1,65.84173709801074
Fcjjesa,Ldvyrz,15032,79,Female,2,73.21514923902706
Brlz,Kztlvrhi,9515,42,Male,2,88.72471739475517
Kyvlj,Tuciqiw,16392,70,Male,4,68.97760612321645
Nkrppo,Uyhpkznrm,11752,60,Male,2,84.59020744081889
Nvmsbnkzw,Tvighrz,7889,66,Female,3,82.79589840540109
Pcaqaj,Fsrg,11834,59,Female,1,76.70774558431215
Wzawbt,Qxyfwip,14931,80,Male,3,91.49400374589906
Qaoomvlz,Pqblkskja,10432,64,Female,1,55.133069652430876
Bpay,Vlvvy,15585,83,Female,3,77.69330763185894
Uenju,Luylz,13862,56,Male,2,71.61211909503575
Tqix,Yyrti,8527,44,Other,1,61.33335257703023
Hnegkx,Vkowrn,2213,65,Female,3,63.92145181399344
Ievxhwxjk,Gbedcsnh,13241,79,Male,1,62.967110737164326
Qvjacq,Stnnrz,19766,72,Male,3,60.88104176628812
Aicap,Ponxoojlw,18769,40,Female,1,50.94524815234638
Damhuhgfk,Asuedcmmz,15701,66,Male,1,69.46555524087502
Lxdce,Vymdcrxt,18019,39,Male,5,76.67287405099154
Rochmsbfx,Ytdvixdgz,3402,61,Female,4,58.86540409800175
Mdeedtm,Gded,7256,21,Male,3,61.73713410737019
Hbdett,Qvvvfix,13039,83,Male,4,70.35975730933015
Tfsiwf,Lxinkhsb,16382,43,Male,5,82.3818130597395
Hpef,Eqoxnw,7691,87,Male,4,69.61023245560956
Bmeucbn,Vgijvvy,10197,98,Female,4,82.6479078188215
Wlaokuzum,Njfdp,18998,60,Female,1,72.41756927255044
Qxfvqh,Qsojudzh,6639,82,Male,5,91.48649641198651
Luqrxnh,Ndtlexs,7975,96,Male,1,72.1221770093333
Ypklvp,Vbikji,5561,32,Female,2,64.93886351277298
Dmdzc,Azyxa,5631,19,Female,5,90.3756117665072
Rowld,Cfuzsx,3311,31,Female,5,100.0
Pvolfqpfj,Hgajycwo,2371,23,Female,4,64.98145204844644
Gelfrt,Ahmldl,11397,47,Male,2,74.49810980849625
Mfzb,Iqbbunlkc,10283,59,Male,1,89.9185885765294
Ayuvhdhjk,Daidgmbjm,8266,31,Male,4,83.84384101239891
Vvpv,Oshnbrec,9946,64,Male,4,90.57673455196318
Nfqiuxlt,Qpsvhyb,6137,20,Male,2,80.70935548711037
Ayilockdy,Sdvwty,10755,59,Female,1,62.69081579203407
Atwdz,Fetxep,17690,62,Female,2,50.88400421236964
Gbwqoxigi,Pqorali,10179,89,Female,1,37.36102985277728
Zyhtkqdv,Xcindwtfd,11911,28,Male,3,76.2942702754174
Nuxlxteq,Hpucg,11978,26,,3,82.40789150539713
Ylpkuoww,Tyfiup,11799,82,Female,3,64.39548320772178
Oluew,Lgxgk,1722,75,Female,2,53.16422213770542
Edvd,Diyqv,4604,86,Male,2,63.819757731695425
Tmkehig,Fuoyuiwl,8282,57,,2,72.18441904245407
Hpgzurold,Qmtp,13087,84,Male,4,89.88522730973654
Gkce,Xtaukmd,19523,40,Female,2,56.8525707716407
Ojrya,Lgqahghwj,11309,40,Female,5,77.48241449581703
Tqgwlkrg,Plxdfyk,9307,96,Male,5,100.0
Kcqh,Qmluq,7690,82,Other,2,76.90258002370201
Vrnjjjldw,Ysjvrtxp,3235,36,Female,4,80.7898366289046
Kvijdqeym,Abpvyafx,14370,30,Female,3,90.81991131373422
Kwdjchn,Tuwyjrur,16644,73,Male,2,62.37083825652698
Besqzgljg,Taooymxq,1558,45,Female,1,74.92222886353761
Vjcm,Bljtgliy,12786,30,Male,3,70.88314932879874
Yowkqbw,Graqvpx,4224,89,Male,1,64.77727485362702
Ovzavauw,Xumuo,5648,67,Female,2,60.6216989383463
Apqdoutyd,Ojdrop,14192,47,Male,2,55.62287216123272
Crcr,Kpxjah,4375,79,Female,1,39.952553617374996
Oydqdk,Hcidfvw,5344,41,Male,1,70.20428830454537
Rxgpfft,Gctv,1903,89,Other,4,74.73784181908866
Iltny,Pqmcceyp,9412,61,Female,4,73.61223215137719
Kxihhqbry,Bafxtxjp,15332,66,Other,1,61.26402738456855
Ckxv,Tmshv,12388,65,Male,2,65.9699795589215
Xjnqfjok,Dmrmjcyao,12969,25,Male,2,59.436629494809814
Weprzidw,Szmdhxy,5661,32,Female,3,73.3690407679725
Gdjkns,Zalfmmyt,7292,50,Female,5,72.0152063096361
Sndrj,Qcjazyrii,3153,77,Female,2,77.77083947621503
Hseyew,Gphw,1602,91,Other,5,81.74313751654338
Rawowqyg,Rfya,4160,88,Female,2,74.34128365013407
Elwiduz,Fnudhgw,11233,58,Male,3,72.36118543461694
Lnbgre,Ertbalyv,5922,37,Female,2,66.88392004499379
Exeweqix,Ohhrdu,14529,30,Male,2,59.1879710722436
Hpag,Abdxlxxi,8342,88,Male,4,88.93987161923651
Fvvoyemh,Jyttedb,17041,84,Male,3,80.85345510850756
Exdvxsls,Bnvnaqguc,1052,86,Female,3,63.318101741565435
Ediaimuu,Vxjhrnmnz,1690,96,Female,2,57.08257374910843
Svobxy,Qwiq,8015,84,Female,1,72.9286233314013
Jjtuxkptq,Gqnddhudr,8148,89,Female,5,100.0
Xpdsm,Zjlo,10019,79,Female,5,66.61135705553059
Slytzscrt,Rztsyv,12327,58,Female,2,50.60219018703131
Uutcwhuzk,Guomebiiy,1169,45,,3,58.44433921063184
Qshwsxsw,Kpasaoy,16587,56,Female,2,81.3082849549802
Euhaeksg,Ouwxdpuun,18015,91,Male,5,81.45855342167712
Bgewmshy,Ypqb,12075,46,Male,5,100.0
Yqny,Flqnvza,14933,47,Female,4,77.14246698646468
Rvbai,Njbfc,7013,89,Male,5,72.7789814376765
Ixayx,Vukbepa,7865,50,Male,2,59.51947994796107
Pgfwa,Wuhdygezn,4776,63,Male,2,75.74721429882514
Jonb,Gouoa,15334,87,Female,4,69.3965854648793
Dsegj,Jcbiou,18249,96,Male,1,80.93593383449607
Hflzcj,Lsfd,19036,89,Female,4,68.2386168822423
Qowexdt,Wekfpzod,18022,72,Male,3,73.4739364765762
Uqfndym,Dallgr,9198,79,Male,2,73.19417943532237
Ivye,Nuhy,18656,77,Female,3,63.549243897417895
Hrcgeadf,Hlhrli,10263,85,Male,5,100.0
Skqumid,Zoyll,14113,61,Male,1,34.71709737818159
Vjbidmq,Zicwa,12859,55,Female,5,97.6457478152763
Nuks,Lazhppw,2495,57,Female,2,61.16689342902646
Aqhm,Fxvylgmk,6366,85,Female,4,75.46313782348273
Uuaxkslkl,Sxcir,4522,28,Male,5,100.0
Aiwd,Eszrhpb,17844,68,Female,1,68.44702156359637
Eqtitt,Jrihruaz,1687,92,Female,3,85.12496105952363
Ntanirss,Nuclfvq,7444,68,Female,3,78.62531862931311
Opwpxb,Dtfj,18587,35,Male,3,68.92435060509314
Fypxckoah,Ypztmeg,7155,59,Male,5,77.8631688959648
Qjjzkp,Yiuhs,5562,39,Female,1,48.00613384700697
Hyedq,Pdmauu,19976,70,Male,2,76.09070334497675
Euhrlyrmc,Igjog,4199,63,Female,2,82.99878364917379
Brrmfu,Gajyda,9259,65,Female,3,62.809065830219204
Omfledp,Cxlz,18524,96,Female,1,56.09005169979039
Siyr,Byicigyi,13392,89,Female,3,80.37474367189216
Xnsmdyv,Ajwwfjhg,19071,23,Other,3,82.29116086957139
Zwhdwlig,Qqoyyarh,10306,34,Male,5,97.66012671561793
Wbio,Lxarhzxw,10601,52,,4,78.0984613319506
Osbd,Grji,10301,42,Male,2,60.60402864382131
Rxkpbu,Pschvqua,1597,22,Female,5,75.81116156333928
Uoropnq,Vlvdgaf,16283,42,Female,1,62.765945424350825
Rrdmyyflf,Dkmwg,5045,70,Male,1,68.40513163226176
Gmczwr,Qbafu,4364,36,Male,1,60.70502842966897
Fpwrsasp,Earn,5603,53,Male,1,63.69729730570404
Yzcurf,Oirvht,3632,53,Female,4,77.3928086546506
Wuhyqdnf,Ypfyzyo,4017,45,Female,3,68.33403550528264
Aqomb,Ceic,8392,94,Female,3,89.74640430142264
Lsjcyqkit,Ajmze,17384,64,Male,5,100.0
Mzazykuzk,Yqxez,14185,25,Male,1,55.62100443491242
Uwvcbgfa,Jhwns,2284,25,Female,5,100.0
Jyqtb,Edfm,4796,55,Female,2,60.11748509471698
Olulmrac,Bvtgzda,7486,79,Female,5,94.63003947316179
Mzfaulfr,Vcexuigq,7510,65,Female,2,97.34881365904732
Bbhtk,Gdhv,17603,48,Male,4,91.88737845365365
Cdmkocd,Qzxgv,11324,25,Male,2,61.758577181499916
Xiqzmjjgg,Msfw,13299,79,,5,75.95502485775907
Plglp,Brhewt,1452,79,Other,4,82.34695106348995
Usufp,Wwffoxz,3384,70,Female,3,75.8988749680023
Lddbjqpmn,Kwuyoaj,16411,88,,4,100.0
Ceiq,Indjqlfkd,17611,39,Female,2,80.90868119449247
Elbrykh,Vvaxioy,18822,76,Other,4,91.1832780698713
Kzgoozvma,Ghfzyhnjx,18321,37,Female,1,55.7728278885441
Kvdvvvzen,Ootri,17197,30,Female,5,88.59863154704921
Xfibdn,Ygmsw,1729,53,Female,2,71.01603671830807
Acximywvw,Yknv,15721,80,,5,80.68015810206279
Kchdqepak,Tjgb,16886,43,Male,4,61.0648717563455
Xnpwyakvj,Knjovea,5883,25,Male,2,62.79841998647568
Qnxxutzm,Sfmpi,8965,60,Female,1,74.45306939110827
Xvcgxcxqu,Ztfmxk,7262,41,Other,1,65.53277281790731
Bqec,Xxfu,15198,26,Male,2,63.043277547028374
Lcvftxxro,Fmrn,11047,32,Female,2,73.04001815546678
Gfqyalpq,Lsrtzyh,12038,30,Female,2,67.55656566914745
Kefjgaw,Qjneaffv,18739,46,,4,63.64087995069495
Eggh,Yhnkiytxt,6713,92,Female,4,90.55210456996902
Bnuegzjw,Yushekjh,16115,22,Male,3,69.73412031480456
Ouso,Jfmfqq,18583,53,,2,61.32027552815535
Lzspt,Bedvldl,8500,55,Female,2,76.83093071768167
Peua,Pzynn,6959,97,Male,4,85.90732721238453
Sduuvybc,Fprt,4667,83,Female,5,83.04380543683436
Wdchsqwn,Gmaju,17950,67,Other,4,84.28523092963728
Hocznohv,Abbvgktpp,10531,58,Female,2,72.35406243837417
Cmnbycdn,Mefkbtc,16254,24,Female,4,83.17493476575584
Blfdamy,Plzobcw,2656,94,Male,5,75.61790160173484
Rcij,Lkucumwy,6868,94,Male,1,74.09646891763238
Ccmbplylh,Notglydfo,14596,91,Male,2,69.5561055798718
Mrcbhxc,Ekzzbwyq,8554,54,Female,2,60.865306074141735
Vnimfxlgq,Kevfkadhz,4127,97,Male,3,62.48589016246254
Qloaxwb,Bybala,6083,40,Male,4,60.492325530571236
Dquqttvz,Fpzlwms,5738,49,Female,5,100.0
Vosspmbe,Lxlgrws,16589,37,Male,5,83.59902468019763
Fflkobe,Zsnvsby,2623,83,Female,3,43.851811467225644
Djdx,Bvbzs,13649,93,Male,3,65.80675006381978
Kbcwdsun,Rqmunxrt,18270,38,Female,5,89.4327893115919
Pbux,Gnfztzxlr,2115,30,Male,1,70.40555509862811
Hyybu,Ajvk,15871,66,Female,3,78.74054621815253
Eifzrk,Prcxhmo,10875,56,Female,2,63.26333536141567
Kdse,Axglew,8129,96,Male,5,70.80118568052765
Qnrjsho,Gjkx,4286,18,Male,3,90.42663179045904
Pgnqm,Xqjyyvnn,9114,50,Female,4,72.7639356125949
Fyrdvdt,Qomva,4348,36,Male,4,72.12781790628173
Dxcige,Swkavmqw,16287,75,Male,4,82.22313377594415
Glwkaj,Lpvwkwkd,10141,86,Female,5,77.81093870455123
Urbcjgah,Xuzgudjt,12092,75,Other,1,94.32035766597242
Gbqthzs,Lsisxqchj,18399,94,Male,4,80.6138197399287
Qatc,Ltupbp,15443,19,,1,70.77523172203225
Zefkmxuir,Jmhczu,15630,96,Female,4,79.0004046322873
Upgku,Pbbjhc,8745,90,Female,3,77.97866865922882
Ajht,Rlbq,3637,72,Female,1,41.68052654610234
Vjrmzkn,Plmhpg,15589,85,Male,5,65.08873465414274
Ljijsvjge,Eotpquxa,1071,61,Female,4,74.16990754268349
Aqaeoj,Desrcwo,17076,23,Female,3,81.00083800192716
Lnasy,Cpufnetq,13896,34,Other,2,72.39326491896762
Qftg,Zpobtrwrw,16484,56,Female,1,63.33813922428831
Sdqp,Dgaocczn,7763,75,Male,5,73.85565749974452
Bzjvvr,Arejus,11256,69,Female,1,79.10850264332905
Fzffcqmrm,Gwbkj,12393,81,Female,5,98.30322876403356
Vrcyce,Ssoqof,6244,77,Female,4,69.35815566848412
Jmfme,Shuiyq,13003,94,Female,5,72.55910217810776
Ucyprnlz,Qxwshuyfn,3935,71,Male,3,73.46670574027155
Vpeaczq,Mcke,18939,58,Female,1,55.121057488367704
Jfjgca,Glkqyvb,10280,82,Male,2,75.24554392983889
Azbuh,Nxvj,15023,47,Male,5,83.5075190338238
Axzyi,Gbmahf,18463,92,Male,1,60.49142772961218
Hhdsejy,Iskvf,6574,22,Other,4,82.0826218216268
Nmgwd,Veevzqgd,8460,31,Female,5,100.0
Tijru,Bdgbwmkp,15344,98,Male,3,75.33353693374706
Mtopzemx,Ihqtmagb,13798,95,Male,4,63.44879452098678
Syqftvre,Romgpjzc,12684,70,Female,5,88.81210396728437
Oftoevuz,Aoak,17350,27,Male,4,95.84388297193836
Duqj,Kcafy,18054,42,Female,4,75.40093050953828
Smnivho,Mvoyih,7879,32,Other,5,67.31891388739551
Yzsod,Kdzj,16118,76,Male,3,71.42316371414768
Cupize,Hidhrycb,3582,60,Female,1,52.29866277600925
Rvetbh,Civxxm,5102,53,Male,1,58.005244825414536
Infhcyy,Izzaikqn,5780,80,Female,2,76.37498968270796
Bfryd,Quqxfnv,9818,90,Male,3,78.94041134946877
Ommlzdi,Ruwflagdy,13793,26,Male,5,96.93162222662016
Zlntyq,Ujpzhttz,19535,18,Female,5,76.4723750267936
Mocykhubq,Yerqg,14925,79,Female,1,54.11191302130594
Wsthmt,Ekincuc,10667,75,Male,3,68.59950113727487
Outoijnis,Xtxp,1031,63,Female,5,72.5898892729743
Ojekc,Laubvok,18167,65,Female,4,81.596680564574
Gwgx,Tptbrl,18429,50,Male,1,52.36940167567572
Xvjfcu,Xuux,2127,96,,4,76.67580795568895
Fposqu,Qisaj,16323,57,Other,3,71.8809212533865
Bnwpgs,Tdffxrriq,17385,91,Male,3,87.75247566989837
Zjluzkdj,Dylyzwtvj,12814,83,Male,2,69.51890912678356
Wlsflllju,Ddzrqdf,8649,70,Male,4,85.19360784808724
Krbsp,Xpqjvwg,12208,58,Male,3,96.0443951365248
Znwjop,Wgaraw,10080,40,Female,2,86.73470448616168
Kszj,Pyxlhc,17320,53,Female,4,96.91609331236032
Jcsbok,Ebefohmyp,14495,95,Other,5,88.21788515353916
Aiaw,Vfnyep,11146,86,Female,2,53.400368983758725
Hvipkm,Sxwbvszb,2145,38,Male,5,89.51354281787455
Rgqrxyhv,Ietpe,11682,69,Male,2,85.4296051280993
Ohra,Tjum,15078,93,Female,3,82.8962284620109
Fwflbdg,Qpzr,4449,86,Other,5,83.3299972777072
Jsjjen,Ftzdvifsp,13329,44,Male,2,44.7098537547149
Yhohzn,Wosvpy,17732,91,Female,4,71.63641903187747
Ijtkcv,Bndicg,8591,79,Female,2,64.55119764592126
Epknc,Fsjwwwp,6762,55,Male,4,83.20496722275763
Mcyqw,Hystiq,8249,29,Male,1,61.70772750521011
Lhzue,Wrsroez,19159,31,Male,3,74.74866798467642
Zejkxtvw,Obxovz,3371,38,Other,3,65.40298149572142
Nvaluqbev,Tgdj,12296,79,Female,1,50.61243785559624
Oijbbzqbj,Jjedk,15747,42,Male,3,75.96442405503205
Gibvqrg,Dtwudfda,6916,93,Other,5,93.79357063545402
Nrjfb,Ctqw,2054,57,Female,3,58.171452883744635
Mjjxfoot,Seoucys,19262,92,Male,2,72.31772123133915
Hgujnbgi,Ndicad,19513,36,Male,3,86.69262828511626
Mxousj,Gzocoizhc,13772,84,Female,4,90.23940794103005
Ddfse,Lmlnbsi,4427,64,Male,3,89.18959880899641
Mhrr,Zxqb,10616,83,Male,1,56.292758133267526
Raornkh,Zgeeikog,3219,59,,2,84.46639320400061
Lvjkk,Qaup,11898,64,Male,5,91.21533023807223
Dgkqb,Atyfuooz,9610,21,Male,2,75.51241339841266
Bhyczt,Bdhkqkmb,5686,69,Male,5,71.9266573611713
Lbffc,Kmtfzqq,18732,25,Male,1,76.76731380448065
Fltt,Fjpsjw,19319,75,Male,2,66.70589209595497
Exgitde,Kmzlw,16067,22,Male,2,52.58885856748572
Notxqkc,Hmmsutsuy,12954,77,Female,2,64.971721548755
Rgbgohhv,Eqdjsm,15471,32,Male,3,83.4416777388834
Digfjx,Vtidqynf,10152,32,Male,2,77.0623811229745
Zcmpfwka,Xetenb,14756,26,Female,5,74.69140907663626
Iarmwtgbe,Lctlni,16639,59,Other,4,78.30944305181481
Ltjosxzg,Onyy,17682,57,Male,5,83.28455865366173
Gfgnddb,Rcip,16820,27,Male,1,62.97619685265935
Wryovb,Cltv,12320,22,Female,2,88.10075360945474
Qeoncgcx,Lwbguy,9812,93,Female,4,80.79701266106943
Mnck,Ojdlmbg,16052,18,Female,4,99.91296682062296
Icbtysq,Eihyveeya,10098,46,Male,4,99.71247893260119
Rvcrebke,Esrj,8910,54,Female,3,70.96777006418198
Qsablx,Ppfp,5552,63,Female,2,84.72603696871512
Ohdhuqyy,Qperep,19565,24,Female,4,72.22643787374085
Duncn,Tvnani,16476,48,Female,1,43.289393846211524
Lbir,Qugf,11516,95,Female,1,53.67541369801873
Rbxurk,Legq,8123,96,Male,5,87.90735529444494
Huiuw,Dttzuywau,6766,48,Male,4,91.65165470367491
Cezasu,Fjqq,15588,62,Male,5,99.32606327912472
Nwquno,Xohhgmfcs,8163,25,Female,3,71.90361075562542
Gywdque,Djhsaunzz,15419,67,Male,3,77.68268661903082
Qlwl,Sifjq,16846,28,Female,2,69.90359428670396
Owlyti,Pbqxp,1536,77,Female,5,72.83510155270052
Osmh,Yeauksiip,1759,36,,1,52.64689169094615
Nlcrdyvj,Oirgknx,5074,34,Female,4,64.46105625660488
Nxtxux,Gmzzhrk,17712,45,Other,4,85.69414757323251
Fgupvvq,Mibai,11681,85,Male,1,89.16180389420616
Tugwsxm,Cosmyiue,2500,83,Female,5,80.69673826547937
Hjdphuz,Wwisveh,16518,23,Female,3,66.43752576371048
Rwdd,Ffrcdvgej,16357,44,Female,4,63.25557868601207
Cgpn,Hkyhmlmb,8697,53,Male,5,88.91525705782695
Gsywhyq,Rryquzqd,15483,52,Other,5,73.43073406048623
Nddmsgbct,Cbmnl,15808,90,Female,3,92.04493591474477
Pxix,Sduuyto,16443,91,Female,1,48.17017556123807
Prcxpl,Dkaiq,5381,74,Female,4,100.0
Eilqbp,Bcsb,14907,92,Female,4,72.98431154110533
Ninvo,Tvvcqj,14814,29,Male,5,71.01349974191953
Ribl,Aecn,8768,29,Male,5,74.25121252936555
Bdqob,Udkgemg,10926,74,Female,2,56.11047330738725
Dybbe,Bnhshnj,1772,33,Male,3,72.90152058173209
Sspkuv,Sgkcrgl,2097,29,Female,4,75.18837504023818
Enlf,Pwok,1310,94,Male,4,93.26543433032825
Kllkxe,Ukdzj,5120,18,Male,4,100.0
Ruaak,Fhcsdy,13733,91,Male,3,91.67172349457684
Bulgqco,Kqoxuan,8171,85,Other,4,70.99518439301809
Vwhmuql,Izkba,19092,53,Female,3,83.85649286886537
Qfbbf,Nfrixjccf,3598,97,Male,3,77.41614820034289
Mpbs,Awzomwkyb,4555,53,Female,3,69.77757520255344
Sintoyy,Kcqp,4918,44,Female,5,82.87478866001186
Jzzhyu,Fdult,11496,49,Female,4,98.57055741410896
Mbgo,Nealr,4586,55,Female,4,67.73253981523895
Drtpemr,Bzuwdpj,9839,59,Male,1,72.67739888264714
Uidg,Hyfn,11783,78,Male,4,90.55182347016223
Bapucrcex,Bcnhxotz,15097,60,Female,1,50.723166812506356
Bewg,Nswito,2007,89,Female,5,100.0
Yvklxuedh,Caqp,8357,85,Male,1,63.81892494689152
Bkixjdc,Xtsupjyri,9004,56,Male,4,65.47894382299015
Xdyox,Wvlpnmtvn,17200,62,Female,3,70.34260947884133
Yjfnuzsfg,Zgcif,3483,53,Female,1,58.76036542108773
Ebmvit,Kdenecpvo,11583,29,Male,2,75.08943522212172
Jmrkjze,Gtaeisxx,19533,41,Female,4,79.86014124744347
Zhxkrq,Hivxtgwq,2011,94,Other,5,67.56550481971259
Kdfxjppo,Rphwgky,11797,92,Male,2,77.55799916318215
Jhgpzqusl,Drcoavd,19382,78,,3,67.00323096874736
Xfxy,Ctflkhnl,19157,62,Female,1,60.0464714182293
Wwlnmpn,Jvioyfj,1920,18,Male,4,95.85595239540116
Rgse,Pepohmyaq,17068,55,Male,3,100.0
Ymwo,Wtgeute,4741,26,,1,63.14552607785573
Bmdzp,Zeha,13775,91,Male,2,78.06451638043498
Utruvs,Ouqmju,18309,63,Male,2,50.91023590483367
Ssjryapvw,Ktnkf,1158,56,Male,4,94.33722274304694
Gnbhdtqm,Xaqq,15963,42,Female,5,92.35161721433022
Zlzyzmyvp,Qidgu,5280,45,Female,1,68.29706038923013
Qztdpjyxc,Qodqr,15756,24,Male,3,67.26621781386473
Txvkrwkdl,Hpyzh,10103,65,Male,1,60.29256831338644
Rmultl,Fnvg,3455,95,Other,5,81.66428030551933
Lquasdamd,Ipvk,2311,42,Male,4,73.80975970642594
Lamnzi,Hykuwmg,18813,69,Female,3,88.06637753782864
Tqhtiao,Uzfwn,15399,69,Female,1,60.1378408710945
Ikhuu,Ypkk,6216,79,,5,85.45816681116537
Ycbxki,Hhpzh,11304,47,Female,5,97.62400086646684
Umpuo,Zsrsbrgc,9559,75,Other,1,70.30622153732604
Ldemzu,Ezifx,18778,66,Female,3,83.75497844096243
Polpzhmav,Snbbto,4287,27,Male,5,88.39170357749644
Apxgc,Rtyz,9751,78,Female,1,68.60962349973065
Dbcjfemr,Dmyplhucm,12117,67,Other,2,82.74942266665242
Xrweka,Dlsjckuoi,11042,55,Female,4,80.25287376520365
Yyebxvoqm,Skirk,11169,71,Male,5,97.54612233213028
Trokrxg,Qxyjgetvv,16061,97,Other,2,70.60956119249953
Hvveggsjf,Jknn,10193,28,Female,5,100.0
Zxhxttf,Uwayfoxu,9434,52,Male,2,78.13566841203532
Glxzgvct,Vowfq,5897,88,Male,3,76.53669135633689
Oacvug,Lsfpcjl,16388,54,Female,5,98.03889431616057
Lqlanqhj,Pixjxh,5062,36,Male,5,100.0
Extqisqbv,Bmshdtzt,3587,80,Male,4,90.54522739520088
Qacsm,Ibnuug,4036,41,Female,1,60.99231033741913
Xwpguow,Ecxkqawra,6795,43,Male,4,68.19821871834922
Hfsvnw,Cmyle,2103,83,Male,4,94.6147111469855
Aaii,Smpoov,2658,94,Male,1,68.32964825667669
Jlzqanjco,Bflqlkz,5673,60,Female,4,76.15075721785058
Joelgjlt,Ffmblinnf,19623,72,Female,3,100.0
Kujquat,Uhmkg,7936,76,Male,2,45.67840501385183
Jjqjsweq,Tpbi,9331,83,Male,1,52.72536323125978
Wgvx,Zjtqb,15099,49,Male,1,68.15352745369817
Qjdxoopt,Epzrgls,9681,96,Female,5,77.56126747046798
Irbgjh,Qaplckkm,3507,96,Male,3,78.45677889928463
Cwoahzg,Bazzznoip,2816,83,Male,3,76.22081597489677
Xhypgie,Lnyjtqjss,7092,85,Female,1,65.4244757697243
Usrkurb,Ymdgndz,7525,80,Female,4,73.91698318486621
Jgsckjwqe,Cimkqqci,14046,56,Male,1,45.296011628161665
Qxsbo,Zkzntvp,4053,18,Male,1,56.15769389625815
Ojqtgk,Kmbrrjjpf,1806,31,Female,2,57.4685584988352
Dwklnaoy,Mlqfoutgq,7692,82,Male,4,100.0
Gaidrmmtb,Mwps,10158,48,Female,5,84.90400835866546
Ofnu,Ovcj,1508,46,Female,1,67.06267405207271
Hdyh,Ngmre,17481,27,Female,1,56.73511058004196
Fysxolwn,Vrnz,5455,50,Female,5,80.58629293759621
Craaleg,Npepgfsu,14134,41,Female,4,61.311777734348794
Cimzqimc,Dfxgf,13234,82,Female,4,74.1304495862773
Xufja,Hxkpk,10383,77,Other,3,59.502795734493866
Xmtxr,Ppdlcyul,13001,58,Female,5,78.93690933215049
Mgutkpj,Fjyskvpxl,6166,18,Other,5,77.42094146389037
Rlvcz,Yzyqcym,4865,82,Male,2,59.186163396670636
Gbltxpaez,Nojhidtrl,13327,88,Other,3,76.57245385427964
Pycc,Wusgtg,1277,66,Female,3,89.7824274538815
Yqcevn,Poezzxwyc,15392,25,Male,3,66.33680646218461
Fycetxt,Bwcgs,16687,19,Male,3,85.48828065717136
Mintukx,Cnmtdthx,17809,50,Female,5,100.0
Atsaik,Tuheamli,15514,57,Female,1,67.98547442492901
Ycsupo,Tqgv,13768,76,Male,3,62.54701301197507
Xtvhsjwep,Ajqcrm,2835,18,Female,2,64.04314213298969
Lmju,Ihwclnn,16978,24,Other,1,74.93548865264077
Ggjgc,Hzqf,13043,41,Male,5,80.73161518868585
Lbwjerxu,Qnaefnj,11651,21,Male,3,69.51299286877898
Mowiy,Riqlsb,12458,51,Male,2,82.53714888504638
Vqickzlw,Vepqqqmai,16207,56,Other,5,76.50156470641721
Xauiipbj,Ralcsmvfq,14835,42,Male,2,68.24709044601062
Morra,Eqxckkl,5192,22,Other,4,60.295511925320014
Kojbktx,Qyulggcp,8645,68,Male,1,58.87645173956309
Fabpodzu,Swrgfie,19154,70,Female,2,62.06717629734726
Zfxvytwwg,Iptta,2747,77,Male,2,77.786206008175
Rycbhlxa,Zslwffauc,7935,76,Male,5,71.4121012812515
Atyfx,Qlea,4831,19,Female,5,80.4709532896953
Rudvs,Laquzvbe,15301,39,Male,2,77.40823874141222
Ddkwgzni,Vckmxf,19043,91,Male,3,72.11381870565144
Pqgkm,Ysao,17531,96,Male,3,73.8176544631968
Highsa,Hlgjsozn,10839,69,Female,3,60.532990220028594
Lpkugisms,Wkujo,12956,41,Female,4,76.90789680036738
Jqwfcnxy,Pzvkff,12155,56,Female,5,80.52458442310186
Wjmc,Wdip,13159,89,Male,1,53.93907174834735
Oejvtxtrk,Vxckx,2813,49,Female,2,48.93943560947472
Aheqxog,Qzttv,16670,23,Female,3,80.2226491660225
Dlhy,Dzcjqvdu,9919,42,Male,5,79.15930085193561
Vahh,Rhqcoqbs,2932,33,Male,4,86.30946128352026
Qiyhylwcy,Gagxolo,7067,61,Male,2,77.86714281365717
Dgkff,Vrwr,6927,83,Male,5,83.09789469591571
Sndzlb,Wudslzh,5379,64,Other,4,75.88385176030468
Lxwndd,Gdoqom,6990,72,Female,3,52.7247179395777
Hcutqfq,Nvard,1884,63,Male,3,71.26347516863733
Fpsekbgb,Falty,2026,81,Female,1,72.00953048319907
Pwptjlh,Tjec,7695,77,Male,3,81.74581159662405
Dwgooqp,Joenloibo,16181,30,Female,5,80.84261687907481
Jwjk,Narxuoo,6936,23,Female,4,73.50182891961435
Rxbewub,Qblsa,5584,72,Male,2,71.10099823606541
Aavc,Wrunekd,16215,49,Male,4,83.59500539056974
Lsvog,Useg,3258,34,Other,3,79.71296828999732
Leuffd,Fwztm,9018,97,Female,4,46.10589955314478
Xhapea,Syojf,6496,32,Male,3,71.14465836217872
Haoboj,Vtzgh,4612,48,,4,75.4572948139174
Hafuzc,Nlcwkljdc,4350,47,Male,1,56.463732344724164
Iflgfmkh,Nosrm,2240,29,Female,5,77.77290401954629
Skpjf,Nrgtea,15696,34,Male,3,43.656243635351515
Vkgizme,Dwyizj,17823,90,Female,5,84.69497574480393
Hgruqzau,Eprtu,15971,71,Female,5,97.32299671028395
Ybavmch,Zutccbz,14476,47,Female,5,78.5942728796515
Hhzgcs,Laeax,2195,42,Male,1,47.951178456896436
Cmazjw,Arzhxqcw,16405,75,Male,1,75.33195896309917
Mdmkfecgw,Sylbv,3883,23,Female,2,81.62146894182365
Bnrzcbuha,Iqrambql,11442,64,Male,3,61.15565616419588
Yvzhztlac,Zorg,11133,91,Male,4,77.69122918240019
Crytckmgm,Pwzytjqf,4823,83,Male,4,88.4524663434594
Mnbixesoz,Ypvabry,10064,98,Male,3,85.63184970053993
Xbeyydouw,Jsdzzw,2454,61,Female,4,85.11637374332142
Hibvoup,Ncmrgx,5692,26,Male,1,74.83176867991857
Ixdb,Fvcqb,12561,36,Male,3,73.73761802615118
Kcss,Wtrx,17977,27,Male,5,87.37736061323969
Abfadeu,Outmzsvn,16840,39,Male,4,88.1452662163125
Jshzkgbzs,Vdooicehk,1958,94,Female,5,90.69254868411547
Ukrqic,Appvkuc,11257,58,Female,4,85.53749188126872
Byujiq,Ihxrll,18225,37,Male,3,80.57153771554535
Ipoaffaat,Dkupke,4526,96,Female,2,59.135439547451604
Hxgmde,Zufa,8567,42,Male,2,73.53694920229627
Jgosixdg,Owtbbaf,14379,95,Female,4,63.85988573260577
Gbvnbhb,Flpzjrj,10252,45,Female,5,90.27283094648534
Dbpiox,Vhhjwj,19843,21,Female,1,70.75900044008178
Wleww,Yngfjj,18215,72,Male,5,89.98110120644628
Xapssqgu,Bportk,9279,95,Female,5,58.64044159958097
Jwfx,Rillawost,2668,78,Male,5,84.48424448803566
Ugyvbrb,Jrvbdlz,8252,43,Male,1,85.38418703558511
Qwykfdel,Zktw,4221,85,Male,5,78.54653087801915
Kghqyaln,Sned,6759,23,Male,2,62.09477253593723
Kmrwkxu,Rqahozdo,10958,67,Female,4,69.42541828695447
Dltm,Ptet,6130,45,,5,78.76601938117736
Dhkjsyjo,Iraiider,6593,25,Male,4,80.88046530886642
Pttrrlf,Yqfvkw,12773,67,Male,1,71.69878885315522
Teeu,Psyiygd,15300,82,,1,69.75713561082208
Begtuj,Uewcq,10867,33,Female,4,82.54435273975983
Mgxfh,Erspgiiu,11138,20,Female,2,73.6657913592814
Qltygbclt,Vrytr,1403,55,Female,3,71.55464952042779
Lvpfppsr,Wpnyk,7947,55,Male,2,79.40190807197807
Zsgcywtwp,Zusv,13323,49,Female,5,89.68452038585136
Efmgm,Osltyz,11602,69,Female,2,68.98469234157764
Vyhkeowxy,Tespkg,16161,63,,1,62.953150894029356
Yranq,Mltao,14874,23,Female,2,84.41861273243912
Atgzh,Bkux,6170,43,Female,1,57.67980251671405
Fjbmnsnu,Zasfnesp,7374,24,Male,3,81.51168568006844
Fqpem,Tebbdklzn,18200,83,Male,1,65.12298988859587
Qcvaymwx,Emciagyd,7126,93,Male,4,64.17554787282445
Eykj,Wphucnceb,4916,77,Male,1,60.37710954465668
Txkwyk,Vdewmfc,17137,49,Female,2,75.85841304317874
Evogpaq,Pmckyji,7116,90,Female,1,57.4827736865957
Lncerc,Ftnfilat,7146,96,Male,4,87.71892067252016
Aqnafvmk,Ucrw,7353,70,Female,3,100.0
Pmxakjiy,Tuyytdh,12586,97,Female,2,60.71866603211691
Cyvddc,Paicc,10163,22,Female,4,55.39013634095986
Rfytwfky,Swsj,13893,75,Female,2,74.16848284262954
Mmiq,Xmbt,16005,44,Female,3,80.6014198907692
Kecncmo,Unigw,16993,43,Male,2,47.44367587771305
Jpyyzki,Fwccwhqc,15482,61,Male,1,34.21247910126218
Zmpoj,Wclup,4102,24,Female,1,68.03878240181413
Ckcmqmsv,Smdnx,4400,77,Male,5,100.0
Scvr,Qdtirea,2120,34,Male,1,84.00898273454844
Zxozds,Ncltrb,15802,80,Male,4,68.10975464417224
Ktvht,Vwzyuyen,4399,66,Other,5,83.53854356027112
Ofkxm,Doeo,4001,85,Male,1,66.78381929439998
Meuynrrw,Shjwlygf,4167,78,Male,2,76.61532956591503
Igdplp,Yqdynm,1797,33,Female,1,61.577044269710285
Jqpxczf,Bmuciwenr,6522,51,Female,1,55.520512335898204
Ffkjtsqmj,Ywtjjhoe,7188,32,Male,5,81.16004569841304
Dizc,Ulsgf,11659,39,Female,4,80.73795765663624
Ontuc,Axbnxkvr,2032,45,Female,1,66.08207974651881
Ectf,Btwfhwb,14458,93,Male,3,71.28473479544094
Bgcnavq,Inbcz,10913,74,Other,4,78.06457964048539
Wrytbe,Rhdo,9987,84,Male,4,94.40110391315962
Uwjsglbq,Lzfmiqh,11129,62,Male,5,99.46877306740011
Zcpatic,Foizhn,1760,98,Female,3,77.26545525369568
Bjtgacntm,Smfoj,6977,24,Female,3,80.543304616559
Nmltpbunh,Qpyg,3503,29,Female,2,97.20831877986669
Vdegbf,Xnduzy,3689,23,Female,2,69.88091083092371
Tvsnfvga,Npsbm,14631,74,Male,3,52.861304145725754
Rgjp,Tqgib,8563,24,Female,3,65.18454440097165
Yojpluw,Ajwnr,7803,78,Male,3,64.365154758348
Icovepzv,Reifj,6564,84,Female,5,88.54689786833634
Jyew,Xuzgvfpp,5916,50,Male,4,78.4343376808032
Xmerj,Tzdvng,19410,87,Male,2,81.74456154362714
Pbbjiip,Xnnqtkp,6279,25,Female,3,85.16681709903122
Lkeqab,Syrtuw,8005,51,Male,1,63.453770664870824
Oildmzhdw,Nukhdng,13105,68,,2,76.84758958818716
Qzmfm,Vpvfhvzep,16491,84,Female,5,99.57225453459588
Ddowdbhk,Ekzxkopnn,8399,45,Female,5,78.53254899599469
Ijtfjuy,Bgmv,15425,72,Male,5,86.36678051352611
Qbhdu,Hgyfm,3260,46,Female,3,83.74093900307543
Qwffeltex,Skblvbyv,16003,97,,2,97.97481329039283
Lpqomanid,Ylwdfkeqk,8601,30,Female,4,94.46827989402625
Lwror,Tevjzhrl,18043,58,Other,1,53.525481530060006
Zhcjxyspw,Sexfyr,7704,65,Male,4,100.0
Aquhonuu,Cdyp,9855,29,Other,3,76.52935009801811
Dcsvpl,Axcpsnr,11317,73,Male,3,68.051251922723
Iyxpvqxl,Lolt,6773,24,Male,5,91.69254072290146
Yxkalpgo,Aypwkjkp,6196,28,Other,2,77.56060195037401
Vdxs,Skjrgtim,19428,58,Female,1,63.12833314237642
Lirzii,Pzxjprfm,1491,97,Male,1,71.35219312447423
Axzzu,Jvei,12527,72,Female,1,88.78403308633622
Qxhnvkliu,Nkmmdvbdl,3373,73,Female,2,53.421627516430064
Wsws,Veiqjpl,12406,48,Female,4,100.0
Aamvjot,Ihsy,6855,89,Female,1,73.6952977762926
Zkcb,Ljaf,6332,86,Female,1,63.14839496528518
Iywrl,Ceubfb,11895,61,Male,1,72.3577175090192
Exbbznv,Vuijvch,4333,33,Male,3,66.66958665046931
Ubck,Ajyeymis,19653,44,Male,5,80.76998711314714
Bqratniae,Hohnzmiix,12672,84,Female,5,78.82702128034998
Lxxdqnl,Ptwagzod,5743,25,Male,3,60.265400689483386
Mjlehia,Noat,6944,26,Male,1,81.82209708624353
Xejn,Zkohqxl,15136,81,Female,2,90.40584182271827
Cbnhfim,Mfyqmjsr,15547,52,Male,2,78.1097684461767
Uydlrxeik,Wufzzn,2537,93,Other,1,42.64209172110635
Aysepm,Ddbziep,19216,43,Male,4,78.80675863157109
Skdpdgai,Skhertb,15545,78,Female,3,57.55207671944942
Tcwl,Bbmyfotd,11414,45,Female,4,69.8680347756814
Ueyw,Qcbhg,10020,25,Other,1,65.30423774037692
Unhvsh,Awhemq,11464,67,Other,2,71.89316458622375
Ujywgp,Uefvtz,19133,58,Male,4,69.68230455119712
Jkgerbcbf,Qtekiwa,4775,18,Female,2,68.23209340607067
Brao,Nunjs,1270,28,Female,3,85.70358073662366
Jlblalhgg,Hpek,8454,79,Other,3,66.30760817249472
Iodol,Vvuqiado,14417,24,,4,78.52402235366651
Gzptraip,Dqkrjcu,2074,42,Male,3,55.54862820435167
Eggc,Xtejyva,16474,53,Female,1,44.92144793733718
Wxvjc,Lmslqjv,2245,85,Female,1,55.092984068112216
Kgxnzb,Buqwmdzw,4354,58,Female,5,100.0
Wzigggval,Ehkvbv,4392,41,Female,2,65.83491621267208
Voqet,Cdyd,11611,98,Female,1,62.77125321755479
Ggxv,Eceguho,10803,98,Female,3,80.39931781826328
Zrgkpcfz,Imghje,16463,35,Other,4,86.75109497063016
Zckz,Dhgkqpqus,6834,53,Male,1,79.07842190516894
Eyorep,Pcepzv,7086,25,Male,4,81.47615761188047
Mjritv,Zhaql,1119,95,,2,47.567006046087414
Qceowaom,Cspaks,5866,78,Male,2,85.60849438826018
Yabi,Gdzf,16709,44,Female,2,65.49246666854421
Xdate,Aorpfn,16501,60,Male,4,76.53111847341454
Aiuxmujak,Yylsisxi,16508,42,Male,1,66.19902514967288
Icxwfs,Qxjn,1157,31,Female,1,65.96991893217613
Yhtzd,Plujbrwk,17962,24,Male,3,89.51954324191149
Uovo,Xntfxg,18112,28,Male,3,88.06272863292563
Dgyt,Zrapeuxi,17422,39,Male,5,100.0
Cjpplegbb,Hpwi,16937,33,Female,5,95.66733288791713
Jsew,Dxtrrp,19899,30,Female,3,83.44227444940326
Zrxwenfxr,Xhffinb,7729,36,Female,1,74.89635731311489
Etxdcxmp,Rovpjz,17765,95,Male,5,77.3137966160418
Nvvgxgcoj,Nymy,13013,96,Female,1,61.00921848219149
Kyvs,Zbwztb,11921,27,Female,5,85.92552183130908
Oeubgd,Lwyjc,8103,49,Female,5,77.14281097460648
Oegjaixpt,Okno,10004,88,Male,1,54.25202452882247
Oihle,Eorps,12356,36,Other,5,100.0
Wwprvamo,Eaia,3380,48,Male,3,57.104774241634324
Odjlcbknc,Duodpgfx,11813,55,Female,3,71.9387305003136
Gpol,Gvgkjas,18956,40,Male,1,53.45971315261022
Vtlwtkqqs,Ugzkxpssn,8795,70,Female,4,85.78591971282921
Icpj,Jrrdi,9794,44,Male,2,67.84398884052705
Rqzfmwg,Kbgd,11989,76,Male,5,88.3975375853977
Txqlxmjfn,Sfac,16373,98,Male,4,78.39133583715159
Aoxuzhj,Yosfcneg,6147,62,Other,1,77.77483536002664
Rwmzgfrq,Alplih,1220,18,Female,1,57.71933606809742
Tpuesw,Fjgbxbpf,7139,52,Male,4,90.29746049481307
Ckba,Ugzbngsyj,1379,98,Male,1,54.75973156483233
Xglyts,Jvckly,18256,95,Other,5,87.33732374196333
Sbuyo,Naza,8626,61,Female,3,58.91384920451527
Xrlidr,Niojden,13723,45,Female,3,74.34596782676894
Sowhp,Mddkxn,12589,98,Female,1,64.03436569221503
Gglndyqot,Kvsjmykxt,15687,97,Female,1,80.69723283241825
Rknip,Mviqgpz,5054,43,Male,1,60.59272136810338
Wyml,Yofrotzdz,9624,98,Male,2,58.059274474370696
Ryubohk,Ggwjbw,1954,59,Male,5,82.99174600154535
Fouys,Kjhvj,12043,33,Male,2,62.47462040047459
Eujbzdcl,Yacbstvfn,2783,45,Male,5,97.67406876554924
Mpqe,Olihis,19922,73,Male,4,70.36436333939383
Mkcev,Btobhmr,16025,90,Female,4,81.25658525257728
Qgsahx,Ylyvsfeb,7713,81,Male,4,72.15642972361982
Lcpfhe,Onlabu,3087,46,Other,5,89.95414846921159
Xdnrrzakg,Zbzpprwcu,8809,20,Male,4,75.83733100535841
Owaruhe,Aejpz,10420,88,Female,3,77.65007187953412
Acxz,Uhbqrwxp,10293,96,Male,3,70.32522608382686
Gjdwrx,Qhoulob,17656,54,Female,3,53.02737722764987
Pxfm,Bkrg,14023,52,Female,2,67.08263111188725
Vwbkm,Iiccnvu,17073,68,Male,3,77.25832475538033
Wegria,Uhlti,1091,77,Female,2,61.5840194677366
Qkteerpph,Cuiglki,9704,78,Male,3,75.92671557920518
Yymvjenc,Bynqxmjoc,17406,78,Female,4,84.28343545771972
Rdajcqom,Slcbhmedp,10390,48,Female,4,73.05202677107418
Tjoxdep,Rxjsdmbh,19508,49,Male,1,75.64702087086486
Swynafifq,Jpzpsdcop,3721,33,Male,1,58.12128609251361
Dgzll,Ucumzmncp,10750,61,Female,5,90.43947636284302
Ypty,Hoaknqxry,3907,85,Male,4,94.39986606641358
Jpyjo,Vxndtt,8570,76,Male,2,85.68408339662882
Wrgc,Xyjzkfn,3920,33,Male,3,81.80283789257234
Gminrmfsw,Vveptuo,16080,59,Female,1,73.31386667745977
Ibfkhxca,Mpkhl,4130,32,Female,2,72.14019392631505
Hohenswt,Ikor,1180,71,Female,1,55.28482028085688
Omhh,Rcvyjtme,13414,92,Male,1,44.63702111090271
Ncvbs,Bxnpn,1742,87,Other,4,77.06062097395784
Agsqr,Msmietjwd,9340,56,Male,5,95.6085490356353
Zblrcz,Xlceog,8711,75,Female,3,69.81949467114418
Mounafmw,Csgfkbs,16828,55,Female,3,78.53552246279588
Yvkob,Bngvykosn,7363,45,,3,66.13847661882843
Phzhjp,Xqlbcptx,5391,64,Female,2,80.04476846069754
Tixamf,Bvvo,11717,55,Male,5,88.55761529601386
Engqwiymj,Ltcjeqsg,8438,38,Other,2,77.99345180839576
Parfb,Uwkxu,6538,86,Other,3,74.42134736042406
Zsusut,Zgagsfdmb,11077,62,Male,1,67.80186965619089
Yhviufz,Ymseesjah,10990,50,Female,4,83.40539948230946
Nuqxs,Smposmol,18063,45,Female,1,71.28408959456289
Mhzjsx,Yfvokg,11696,59,Male,5,79.09742063641986
Vtljsz,Bllbgl,11370,46,Male,4,62.19851132229869
Rrubvsefu,Lwokrgg,2628,79,Female,3,93.05985589747645
Oqalc,Mgvs,17736,25,Female,2,73.7588988819714
Ilzrwskh,Xwyu,10427,92,Male,4,79.2139344369807
Sekldc,Xcurtjqn,12008,73,Male,2,72.80480975493745
Vbdgbkalb,Cpfrb,15773,39,Male,2,76.95178392070699
Tztd,Wjvaxdz,12811,70,Female,4,85.04517082917407
Qudfdocc,Cnpkqvakw,11747,34,,2,71.8335390391151
Tuoqcrq,Wfmvnl,14250,67,Male,3,68.37320731174282
Leglbli,Xdbylrrv,8332,50,Female,3,70.54692159717231
Fpolkdvcm,Nhjvprn,8950,25,Male,3,57.70043118036426
Uzrznn,Uzfdcdgey,8858,32,Male,2,74.19108147786879
Ytewonpj,Vwgz,13454,66,Female,1,88.00320551741834
Ostczk,Kqvvldcxy,16789,46,Female,4,66.14253605285434
Frnxaolcp,Bewwf,4692,84,Female,4,81.9223448107662
Cglmxz,Zhfsqow,13582,57,Female,4,100.0
Ebxvn,Dvkrxzu,1512,80,Other,2,69.86659919631776
Rxgunx,Cntjwm,15401,40,Male,5,88.86778666121174
Jrfsg,Vbqwda,15012,65,Male,2,78.9680469185048
Cdixcshcp,Yxajo,6363,87,Male,2,59.31186335775185
Xuqjumgak,Decfpjpei,13722,70,Male,3,68.77436171603603
Lbxge,Ztxy,18158,41,Male,1,61.93179390173133
Hsgteira,Rsdaxzyw,4857,96,Male,1,74.502233268596
Liycevwc,Nargixi,10931,21,Female,4,78.67882241509005
Nwxfoll,Feynou,19498,24,Female,1,66.41667149467769
Vkomjh,Xokjvxwz,1378,96,Female,2,80.405216049698
Mplu,Jxesg,15286,90,Female,3,85.97011928742319
Krap,Nzmvb,11282,48,Female,5,82.28302594882375
Ucqvmaqz,Poxoeo,16456,78,Male,4,91.35593107210178
Ysianipgk,Mvmwwkq,14952,92,Male,3,89.7335648498134
Enmtsfqfz,Uuvo,15100,64,Male,2,66.50799866279164
Vrwp,Sdwvhel,4183,90,Male,3,79.48444893797911
Qjem,Ytnja,12336,51,Male,2,70.5421085496404
Qzhu,Unphhfc,3558,54,Male,5,86.11460882030033
Iorxug,Knqfc,5821,66,Female,5,87.19408886843496
Bjuod,Ttnui,16326,84,Male,4,71.46284850190908
Fvwtff,Dcpd,16525,54,Female,5,76.56779017491758
Eqrt,Qbhacqsfi,15546,96,Female,4,65.82279025902136
Izxtiwg,Hqxhule,17428,95,Female,3,69.14211356778313
Tdyhzeopl,Lpww,8158,75,Male,1,65.18658306456791
Shwt,Pfhj,11195,44,Male,3,41.91186941441034
Nqjz,Msct,2734,38,Male,1,57.62157650356505
Xzlcztsl,Sdvpb,19850,47,Female,2,70.37238988454035
Vvdvy,Vbmnkm,5198,45,Other,4,70.43869672801189
Bgvb,Cfjancwh,7284,84,Male,5,98.56239791490705
Mskp,Ezlo,13251,86,Female,4,89.96015816432889
Nxyozi,Zvpa,2029,32,Other,4,83.02988884720178
Tuapyf,Rwrgovne,11101,85,,2,57.77794290992992
Ryisyaglh,Pciaqdqaf,7055,42,Female,2,77.2499944342652
Ygtaixfqx,Slfepma,7499,56,Female,4,72.24179797542558
Frqykr,Uxgov,3445,44,Female,2,50.236100075917626
Tlehclkw,Enweyavyi,12076,45,Other,1,51.1371439127694
Vywfbv,Hnlwdqk,7736,42,,5,81.98791255122715
Wsbm,Faqtmmfl,9768,38,Male,4,95.68605620932175
Nfcwbzy,Rtehdnhbg,9025,88,Female,4,82.51283175820967
Uhrgot,Wxvln,18681,47,Female,5,75.26781384947154
Xykubq,Pcdwkdw,5328,89,Male,5,97.70820915211223
Ojingyh,Qaxrdda,13394,70,Male,3,100.0
Cydipxxeo,Nyjig,13335,45,Male,2,56.557374136808335
Lplt,Eijaoogu,13781,44,Female,3,64.41570881454405
Xdfpiwfao,Nczwtim,7539,66,Other,5,82.23397838162276
Zszd,Nxfdrqkc,6827,80,Male,5,90.72891575865724
Iueaenin,Mtmdg,19726,43,Male,4,84.8674197727519
Katm,Zekbxwe,18699,34,Male,3,78.9800229846698
Kdkvtwnyd,Nixohmt,5278,73,Female,1,73.69608850423349
Hrkrzaos,Zyudy,16692,26,Female,3,72.07063476216393
Zwhzb,Bqryjvnh,4413,79,Female,3,61.59856833279148
Lvjf,Fnbuvsiba,14545,62,Male,1,49.0374087223845
Swgswgbhw,Abkqweh,7012,60,Male,4,100.0
Bgawu,Teecnv,4519,41,Female,1,74.90814900687543
Xuznk,Ryvn,17013,46,,1,74.96839785877279
Fkcznvnde,Tbtpmgs,6189,60,Male,5,85.52070558057454
Nitdxsvpg,Papck,18608,41,Other,3,42.79511487819791
Wdqyaaxfd,Jzdtlg,15085,19,,5,86.42007837509202
Wapns,Cvek,13632,44,Female,2,51.10955292004656
Zwpffzus,Dzbuv,4332,53,Other,2,85.7568285661071
Cowj,Ojsx,10608,40,Female,3,81.8831634557214
Snmgn,Nmspcon,7965,98,Other,4,96.67341485089044
Ftkhqwq,Qfbtm,5068,48,Male,1,62.180293821415276
Uujbx,Stgsb,14979,40,Female,5,67.15784259329052
Cwiaglo,Opeyb,11319,46,Female,4,61.15453528747152
Cqaa,Ghmo,17637,79,Male,5,100.0
Vpzoueqn,Fbdjofxib,12404,83,Male,4,63.16146306136931
Bidvstesk,Dudz,11541,68,Female,5,86.19679518376454
Scrgxly,Toqzheze,19587,80,Female,4,76.05882184585315
Lnequb,Uyjjeo,7870,44,Female,2,60.916024156146335
Zljnahz,Fhxn,6213,97,Female,2,74.92141091366648
Zxficq,Jgwmia,2900,84,Male,2,73.56104413760974
Pyjjozsfz,Ctstioq,19372,94,Other,2,71.19994846371134
Caojpfx,Wrls,13310,91,Female,2,48.49858658410871
Xcgob,Dvacokw,18134,67,Male,4,81.40014778223242
Tybeudw,Xbmz,5881,85,Female,3,86.06765378782973
Ccyud,Viqr,2222,40,Female,4,73.75009528984853
Zqtkt,Mmewx,15863,53,Female,2,74.53512282754156
Lqbcenrit,Xhoj,18061,94,,4,84.51101757408799
Ctwry,Qqfgipyd,2402,81,Other,5,73.79825610873354
Qmkwwxqy,Lvthslh,4359,75,Male,5,79.50547693904103
Bfwejp,Ssne,17283,48,Female,1,69.48530352807194
Ikeenfc,Qppnsf,17423,33,Female,2,55.76122337212849
Vwomgz,Lcou,18482,44,Male,1,82.63372014270377
Dggotqx,Srltjj,12401,25,Male,5,100.0
Aaktmly,Kcece,8119,52,Male,2,87.66765366989604
Zseava,Sekqwgj,11446,29,Male,3,85.48641744438278
Veqapdyqv,Awgycavb,6330,47,Male,1,74.60996302963504
Wymodtp,Ewsltkfj,5802,53,Female,1,57.68987438379675
Vjqkntgzh,Dbxwsgo,3561,59,Other,2,77.23102409772392
Luuvjkao,Qauxrw,4938,41,Male,2,48.699574135561406
Uikhnlvfi,Hcywtmsgb,17188,38,Female,3,100.0
Ctany,Vxphkeqht,9532,98,Male,4,100.0
Hfzaeas,Mabd,9095,65,,3,73.92930178695852
Nekwj,Rtkp,1114,65,Male,5,76.2523184975455
Pvaonpzx,Gsmtigti,3152,47,Female,3,96.158113650761
Xape,Piaic,8960,52,Female,3,78.69054172237287
Libyfsns,Efmsopf,11505,32,Male,1,52.99629808976943
Dqfsfkrmz,Rjnk,11179,67,Female,3,69.98611132794613
Qxmd,Yfbique,14132,55,Male,3,85.07688618231661
Ggazyduy,Gsvx,19796,20,Female,2,53.26043042562125
Vvxgvvlyo,Lnbwxixvs,6040,82,Male,1,79.9271950409581
Hekjlhos,Srbc,8262,92,Female,5,69.61962184972018
Sjpsekhp,Mxxqztyy,12872,49,Female,2,76.92076623437791
Ygoayv,Vsonf,17863,27,Male,1,79.37361624499738
Vipxatkzq,Lycum,19979,57,Female,2,69.88585067282698
Dqgagatzs,Sfkhjx,9435,21,,3,92.56852954585872
Pgylv,Jpyhvabqp,9899,97,Female,5,96.37581835540372
Lvseht,Akjxbhsn,15785,33,Female,3,80.36038557957046
Jtgnuvx,Fwtuktt,11294,20,Female,3,69.6194912683883
Laislqd,Udwaz,12246,63,Male,4,78.18868211098594
Vwafbas,Otxiynmk,6583,66,Female,2,82.39353826545096
Qlgkhnsch,Euqj,5996,21,Male,1,59.73457786888014
Wbluxrvo,Dfbu,3226,59,Male,5,76.53616157571572
Yozbn,Ksljwgtt,15833,18,Female,1,43.68978790840089
Hlwfuaemo,Brgaegz,6302,28,Male,3,100.0
Ricozz,Ygtvivo,7609,77,Female,5,69.55415454761949
Cblf,Ddztb,17243,77,Male,5,99.79717617405748
Mzbemnb,Ytzc,5847,44,Male,2,69.87525807958028
Qxtlfwv,Xfxfnghf,6735,51,Male,3,50.48102638755291
Qkatxamni,Azqh,8388,57,Male,4,93.646654894687
Fvuzkgzj,Uqxyo,8893,34,Female,1,62.552305820337395
Vaoidc,Qiwxdrivv,18579,36,Female,4,94.27485550794617
Gnyxwmpg,Ttfrjzii,13248,79,,4,100.0
Drloewh,Xnvzsr,10742,47,Male,5,90.31787442908617
Moeiiqh,Kdips,19824,90,Male,3,67.40910543357109
Izbim,Qtxdmrgv,18510,90,Female,4,89.54857056475983
Lmnrm,Pslfbfl,19389,65,Female,3,94.16933969867333
Tqxgoa,Ckbucqc,7872,49,Female,2,72.87283750345196
Vddhath,Epwdy,11687,33,Female,4,71.45638211136563
Gsvf,Hqihi,8165,76,Female,4,73.09011321205841
Ehpxdyhcm,Odztp,16367,65,Female,4,83.41484012873329
Ybnbdvj,Cqopszvp,2010,98,Female,3,88.45832318785185
Liyn,Sidwmp,16863,32,,5,89.14522568087985
Uobhkrhzb,Dxnesmprb,9051,88,Female,5,71.61138531609744
Avzhnehpi,Swbcm,6619,61,Male,3,84.15631356971689
Lpvsfl,Ldqgvx,11254,21,Female,1,52.524611567129064
Acarkl,Iwvxuzb,1802,58,Female,5,70.36629796891987
Dczvfumv,Kvbxequs,6297,43,Female,2,74.9529246294294
Ahcre,Wvxsuq,9100,50,Female,1,75.42028562535316
Gwgx,Gwzgjaw,6978,60,Male,2,53.11271056895267
Lfidhn,Enmmepc,18235,61,Female,3,62.39495524685878
Pwrj,Tkqzry,19757,82,Female,1,82.32152747099742
Sawkq,Sbqx,8189,83,Female,1,85.71630222754884
Gxqorimz,Cqfepgw,13513,81,Female,4,92.826268756381
Jxkind,Yjsghhjo,2531,46,Female,3,67.55404029164762
Wlbs,Ovelrysa,9762,34,Male,3,78.34349156212538
Dkqigqi,Vwyyg,16952,54,Other,5,85.59994926322315
Qoyo,Fbcjguf,11643,63,Female,4,100.0
Grto,Qiuup,5843,25,Male,5,97.27295406082877
Tpnr,Ndmk,11217,53,Male,5,86.06547493271604
Wfbqkb,Tvjj,17090,68,Female,2,67.82646558047693
Mudaojho,Trsov,6592,87,Female,2,70.69840034317578
Thjf,Girauohe,11730,67,Female,3,69.41101595933773
Hmqv,Rtvbyrqu,11595,91,Male,5,63.73653676576358
Ourndnb,Lbgba,8456,69,Male,2,80.0425660233558
Llzmirz,Eyvdoq,2826,88,Male,2,56.41002768867195
Psckitev,Byymnnq,6677,30,Female,5,89.29103846140417
Yfup,Nbje,17290,86,Female,4,86.45881646779291
Zaxmwaxps,Uxewcvmg,8322,66,Female,4,69.45412507304114
Xcsfmvmv,Sguehtqsu,16352,94,Male,1,71.69345842790247
Qykgiv,Tbsewp,15182,51,Female,1,47.90480648561509
Iwabrth,Dcpm,9952,70,Female,2,54.140988558825654
Axlmpnyhu,Wwxqbeqo,16899,47,Female,3,88.90019419035148
Kvofglkin,Urugioea,13502,23,Male,1,72.27724725932704
Tsyzko,Phfx,14234,52,Male,1,87.54257530711175
Rclcr,Hppnyjkib,6757,39,Male,2,85.20314585506394
Gcsyc,Zffpe,13126,41,Female,1,45.282052383096165
Zdso,Udhwgxg,1106,85,Female,3,92.62441543409726
Sfcgaqpja,Gkbmamy,6805,95,Female,2,72.09668064639783
Heiwm,Esypnw,1376,24,Male,4,71.11021652767491
Kkapftrb,Fkhe,10697,43,Male,2,48.49792828593253
Thgod,Uzzh,8706,55,Male,1,65.84759461923232
Idnnapo,Oqeqqjn,16260,54,Male,4,100.0
Znjmzw,Itey,11038,47,Female,5,100.0
Uvujocyq,Vcuhhjtng,7974,45,Female,2,59.238869081333675
Exithiux,Cvikflwc,4611,41,Female,5,62.50359549733632
Dfjf,Oflgdpgx,12214,75,Female,1,65.84204646766597
Gshgd,Mnsuhmhmv,12759,33,Female,2,48.25943431379007
Kydn,Esnfbtdi,1965,37,Male,2,56.713219291499826
Bvmav,Ssjktmnlh,5999,36,Female,3,80.06242162951783
Htmlvt,Kdhgk,13106,75,Female,5,96.56130115891598
Ruva,Xtskei,15010,95,Male,4,83.31686081416811
Owqlqnlc,Xqezu,17217,80,Male,4,67.38583958803707
Omfdblwk,Blppphe,14345,22,Other,1,79.74034323684798
Uqhogpjb,Biotsb,9819,53,Other,2,76.33242703423164
Icrh,Pqrzjtmv,4562,64,Female,1,75.89677464617344
Puieqpa,Uniu,12225,51,Male,3,84.6535937646076
Rrqu,Jbwbjt,2880,22,Female,4,88.54474520964098
Rklvgi,Cynlju,9281,67,Male,3,89.21403680599255
Mlupazlgf,Jblpvcjj,7633,25,Female,3,83.08497932138238
Bpnyygd,Ztegdlf,18185,61,,2,73.08419938567837
Fvflcmfg,Xgrsk,9998,41,Female,1,79.07534021425187
Yxnf,Qqord,1879,75,Male,4,91.14068917341126
Ibdq,Lqkmf,5298,93,Male,3,71.89930370097119
Suhmngaz,Kxug,14969,57,Male,1,68.47586343922194
Ysdupd,Vclnijca,6566,70,Female,3,79.90825374286462
Nmnzjdz,Qzsqnm,1836,24,Female,5,66.77447027079401
Woyqaulgo,Njcg,17238,42,Male,1,63.371183051266804
Sagw,Ahirsl,12230,66,Male,5,80.03617486360503
Bsxwrpyvu,Mhtbzbatz,12948,86,Male,2,58.60457394609818
Cncqqx,Andxcdehg,3447,88,Other,3,65.58517865204283
Kyxv,Giwj,9329,37,Other,1,56.74685539232905
Iekkszz,Sjgqesgyx,15549,83,Female,5,100.0
Xxwbhep,Ificwfw,18882,73,Male,5,94.48453879520032
Kfxf,Rpajvo,10794,43,Male,5,87.79485712343066
Uxnrypak,Kcnaznjvc,11673,82,Male,1,94.34051713569858
Birh,Tclbxayc,10920,92,Female,3,60.24331401759716
Iqbswc,Jcxtlom,13231,22,Female,1,60.652051647866934
Hvgnajnu,Pfoi,7660,33,Male,3,73.73172289062359
Hclqb,Emcoj,16379,31,Female,5,100.0
Reeconns,Xdvrezugk,15216,83,Male,1,65.53367234894228
Pkszlwapx,Weornub,14081,88,Male,5,65.16771075328032
Esnqghv,Zsca,11051,56,Female,5,86.88685198791762
Lowwqlqo,Bdpsyc,9722,42,Female,1,75.76369692510396
Eotasb,Owicwwbkx,14904,66,Female,1,59.552950391025
Hdzw,Gocmb,4654,22,Female,5,89.07469550191902
Youqyqc,Tvthiinw,16712,53,Female,1,55.67703530517669
Zffzpiy,Mtoad,3656,43,Male,2,55.739126317221306
Ccejob,Tcijl,5039,24,Female,5,100.0
Itymm,Xlla,15901,69,Other,3,72.4708534933918
Zslz,Btdodxy,9039,94,Other,3,70.61385263121227
Maszkjxq,Xjtrs,4976,28,Female,3,83.80434510467066
Wzgy,Efsxq,14998,71,Female,5,100.0
Tldbhcw,Weojzm,5436,96,Female,3,73.21650716679929
Vteek,Fdzznfin,6660,73,Other,3,75.14026205776265
Qbnpcr,Lvytgsuz,4086,43,Female,2,52.90568563595259
Sbxlv,Tdygfnnib,10362,34,Other,4,69.6443528829523
Juex,Xgfb,12743,22,Female,4,62.77354559323487
Ktltb,Jxmtg,6340,72,Male,5,100.0
Twkyghink,Jgxgpthvx,15161,84,Female,1,49.88681540336499
Qqkat,Eqaflam,13182,26,Male,3,89.19757884605212
Krxus,Hnqa,7298,98,Male,3,61.374279059556784
Feljipbj,Akzvrya,19292,33,Female,1,91.59547887625259
Dohxn,Xntgdt,4367,20,Female,5,100.0
Icaxl,Dayn,11055,66,Female,4,71.73290854019919
Furn,Kdhcsmd,10889,73,Female,3,83.20080779392153
Uhnymrl,Ebssk,4417,78,Other,5,86.26927069921538
Tzhkix,Ezzde,16401,33,Female,4,69.37695412742177
Wejohgoi,Oiczcv,19528,23,Male,1,67.01417240648746
Nblpqcvf,Dlbp,8964,31,Male,5,68.69008578764891
Viytrjfh,Qdosadcs,14614,37,Female,4,86.23130360416746
Rliswga,Jocluwk,5938,67,Male,2,73.63542836766867
Tnywg,Yckd,13487,40,Female,2,78.60720900686509
Ajczhvkn,Lcts,16955,66,Female,2,81.44928866120206
Fdxzwu,Declumvk,17680,51,Male,2,56.113131547941066
Vrqhyxh,Bjljp,12699,47,Male,4,77.18315806300693
Ayfqkmref,Gcqqa,6041,73,Male,2,49.596848362304414
Rgipjttdh,Pbioy,4578,98,,5,87.93979808642379
Hskvd,Keocl,1475,96,Male,3,61.236151429184076
Ollveyz,Evlgjacqy,18935,52,Male,1,75.36940192848071
Rsehysc,Gfiokpkmv,6722,37,Female,1,82.72917338532959
Kijyags,Cbhpceabo,2429,66,Female,1,64.37516863729125
Gmhojhtki,Afebtqd,19187,63,Male,3,58.356981263463524
Eqgmh,Pgmnnwbs,5755,28,Female,5,82.18645007765934
Gwbqbsw,Mjysrmhs,15986,54,Male,5,86.23560936876049
Xhsvf,Ynstp,9067,43,Female,1,74.76827071149404
Qvjbekb,Yjsinsi,16779,87,Female,1,49.44430468275961
Xfqmvqck,Dqyju,5512,71,Male,2,89.92381987292417
Scaxdg,Flagjjouk,4645,71,Female,1,66.11962653876796
Gjbduxrv,Uujdkhj,12086,62,Female,3,62.67865487293743
Bisynyc,Acfv,10165,30,Male,1,73.87189552015926
Opmqa,Pizdie,7088,71,Male,1,82.57933843975285
Rieyvoa,Wahn,9701,24,Female,4,84.01546969640829
Smniryjl,Doqbkk,10973,91,Male,1,59.34824369832005
Pxkpd,Mfrjsje,2789,90,Male,3,79.51661388042264
Xqfxciqp,Lxqcaidua,13871,60,Female,3,71.93456460067435
Nqyftqmcd,Cenbkod,6316,96,Male,4,95.41804024185797
Ucfzbxr,Oflaqs,7434,55,Male,3,73.78939962483358
Opgzil,Iwiycrjl,7048,81,Female,2,52.93390469612845
Wrchkxasq,Lxdweqmn,2937,75,Female,3,90.91564532394204
Fevn,Zqxywmqq,9766,31,Male,3,56.38522755288385
Npbrhpx,Pytfothi,3385,23,Female,4,79.19051059732024
Ynve,Dnnsqbdzi,11175,80,Other,4,82.36904153372015
Pagbbfg,Yvwaxrb,16212,53,Male,4,100.0
Wvorlplxt,Wsrd,10992,72,Male,5,78.08113685586785
Cqnj,Kwjfk,10606,22,Male,4,100.0
Lkswenk,Zahvrmhx,14336,96,Male,4,81.10600296562588
Utmni,Gwckmhdl,19106,69,Female,2,77.154255438107
Thioa,Iwsopiej,6741,76,Male,3,68.08155191661105
Oldpok,Zkpuial,16507,85,Male,3,88.3731940798339
Iqgrusngh,Qkkt,13437,93,Female,2,83.17849677292298
Wgwcfnpid,Tlyhimd,13011,93,Male,5,59.30830162473097
Usrcyow,Mfyhsf,12167,44,Female,2,87.10111292253035
Mrkfhgk,Qtpvuubu,3239,32,Male,3,85.87443993296155
Zbvvwlyx,Cmsgz,2246,82,Female,4,74.92439369170019
Wbotwlfc,Ghytc,3512,68,Female,4,58.75576803736265
Qqjuptela,Zchaafi,18527,65,Male,1,47.74836121972777
Msuugfknn,Xilywhb,5218,81,Female,5,70.55213318709342
Esuigixe,Yxob,1732,86,Female,4,85.02542463164721
Zjcfmrvs,Cglbugvs,12332,91,,1,53.00560270623304
Wvokppy,Hwcekk,15665,31,Male,4,81.19005809299726
Nhbkpdpgb,Qiaydiji,15121,45,Male,4,86.70850208496836
Iulevlejr,Eekw,11728,74,Male,3,71.18839741003924
Cwumprt,Pwhm,9282,63,Female,2,60.82559928175091
Iabbeae,Ngrlmwmf,6831,72,Male,4,81.29223946377323
Ljnciazl,Krfclukw,7383,50,Male,5,81.9662340177345
Efqf,Xocitee,19246,71,Female,5,77.99039658051217
Maknkc,Fiwn,6710,46,Male,3,69.5240899647424
Chhkbcr,Tclf,17255,93,Female,5,93.35129580957826
Oazxsu,Qxqiak,12453,50,Female,1,60.2059028591479
Gxulgr,Ljxemy,9243,64,Male,2,67.40575340542887
Rkyuvdv,Wzdcyk,12571,45,Male,3,45.00730472470781
Jswojwfic,Yakb,10596,82,Female,5,87.06019189547003
Heik,Takffacrh,18606,76,Other,2,93.66651249197918
Axcb,Weqosu,8700,26,Female,4,78.70644138430418
Xcnnij,Auwsagai,16309,18,Female,3,72.16905501728857
Yxei,Kdzbpftsq,4319,54,Female,3,66.69036664956488
Kgrdsdv,Cgueioqg,9897,60,Female,3,79.49486253918735
Txogwm,Vhkinlmef,15207,34,Female,2,62.23469737910177
Gcsl,Tnxfuo,1338,67,Female,5,98.68568356477546
Kmho,Bwzic,19561,52,Female,4,92.01647106186482
Bixe,Ermrlp,11897,95,Female,3,75.20197882152743
Autqp,Lnekxcz,15557,55,Female,5,97.36116338667178
Scglivhy,Udrkodfn,10652,57,Female,4,92.71914901624287
Eiqzussy,Labfu,10051,38,Male,4,80.58695120627003
Jaznpn,Rfpbhcug,10156,79,Female,5,75.90314697813854
Qikqbdye,Gfgyqvdr,4998,26,Male,5,67.29802117611077
Ddfxxlrwz,Relcjusy,2725,90,Female,2,77.24620916054897
Dpekcjaa,Egtx,16654,32,Female,5,85.78867183356269
Hhdqbe,Qivlz,6521,85,Male,2,68.62411946736387
Cemxd,Prnpcbf,19209,34,Female,2,54.86441227577361
Gzipuxfvz,Dqctmbep,9714,29,Female,4,77.7920052413991
Pyhdbfm,Cturepwnl,6021,89,Female,1,77.48134714222937
Zortu,Cwvz,11626,72,Female,1,59.834139353317
Lsiqz,Mqiebrgqu,15605,45,Female,5,86.92626726242985
Gylu,Pjwanodpq,9082,50,Female,1,69.16418615224384
Ynjrgpmw,Nvvhksle,19589,24,Male,1,62.10182373985007
Cioozslk,Tmhjwby,3827,67,Male,3,82.71008894557369
Vtshr,Hbyilcp,11337,26,Male,4,58.181342443710435
Tiers,Cidmnmg,11547,89,Female,2,76.19151520869154
Fmntmpkpe,Vgsa,11928,76,Female,5,86.86977561121387
Whktyql,Gtxkwhj,10562,81,Female,4,80.54154545656112
Hbzkrs,Pcccjlejy,13618,77,Female,4,79.62584960891569
Honxh,Trsaj,17504,82,Male,5,100.0
Dzpuqwg,Mbfbtvna,15527,45,Female,5,73.34481345553428
Hbmmouo,Orezdnsgs,9863,41,Female,1,73.67657735348189
Ggfzwx,Dycdy,8683,42,Male,3,68.88303073312618
Pjmjgqgt,Siovburm,6967,91,Female,4,82.24196085146724
Ftgcm,Goipma,2604,84,Female,4,71.21806127028044
Hnpemcrnn,Muvwyz,12843,78,Female,5,80.19215089431101
Bdbgf,Yaxfv,1030,57,Male,4,80.4628596061987
Plhrqpxf,Bjebz,18584,49,Male,3,62.0663819494966
Sxmfb,Crpbqwo,6691,27,Female,1,76.40122199576972
Fvpiux,Yqjdpqg,18386,35,Female,4,83.45509463930291
Tqsbws,Ipohf,3474,39,,3,87.20153383358492
Uiengcj,Markwscw,9719,51,Female,4,74.83162605968604
Vkesc,Sstrdhimu,17527,85,,3,79.57292713528165
Vdmpph,Ioxooq,15895,46,Male,1,90.27920669324698
Dgsef,Drdtwwtf,19233,76,Other,5,62.1638590457958
Yboegeiz,Vlvtiu,13351,28,Other,4,95.3174878821746
Fxapsxt,Yhsjcbslz,3964,41,Female,5,100.0
Oqxzlx,Btzcgdr,9090,30,Female,5,72.27252395352247
Jzqi,Sgxwuwlv,13059,59,Female,1,49.07488002881901
Zrjn,Voqrrtkxq,12970,70,Female,5,94.80980062451877
Epohaycb,Aqaj,18442,25,Male,4,69.24534860150202
Uhrv,Sdwfbfahn,9358,38,Female,3,99.93234727566777
Xgsv,Nrzkzbodg,3494,57,Male,4,77.53987935241193
Nzrqlsfly,Qruxwpyj,3622,25,Female,4,91.27274140178655
Zuhkw,Pxhbsd,13418,66,Male,5,100.0
Vxunhq,Yhwcfuj,2153,33,Male,4,91.69278009126745
Hvdrqrofb,Nknhyhpz,13783,60,Male,2,65.91275550111945
Edye,Yqvytuhlt,4947,47,Other,4,73.42697418472792
Vadxet,Dltm,17017,67,Male,5,100.0
Lhmij,Nbppr,12241,72,,2,75.21959274232795
Wdiurv,Xkpng,12633,30,Other,5,100.0
Zbsnf,Ahsidon,17685,61,Male,3,84.44341161837754
Gxqmscems,Pgqj,8540,62,Male,5,67.9868706791607
Xdsthh,Ojrzqcov,1622,47,Male,5,95.9703713762982
Hsza,Ejqgan,14944,76,Male,5,92.3634327678513
Umjdycwn,Tcoxftdqa,9471,92,Female,1,72.74725005672254
Ciqj,Flym,6772,72,Female,3,66.81184694491523
Xblodi,Jdkibpl,6501,55,Female,1,59.150115529802584
Hmzxmn,Cutzq,8004,25,Male,5,83.59537032155545
Jyplpflj,Bkvkrbgj,16325,61,Male,3,98.58227666201799
Moeohfm,Ntsqskx,14522,91,Male,5,85.97280520187942
Ulxpeidvl,Frzczz,2844,79,Female,5,57.37166534754981
Obpdlthgd,Icqm,7733,58,Female,1,79.20207998942689
Qhqefs,Ieooyx,8954,94,Other,1,75.5193390184545
Omywyte,Bwlhcjlp,18382,81,Female,1,53.4422250560527
Vhngl,Scaipxawi,19664,30,Male,1,38.775493097859375
Xtfpit,Oidg,10476,38,Female,3,60.08606689717681
Sdkzru,Oqnsmjxuo,9410,32,Female,5,85.86422759833796
Mjrsel,Lkanz,2459,55,Female,1,59.24466919770182
Ucsdfi,Qhgddipho,10388,33,Female,3,73.48062697491862
Smxinblbs,Fpnckknq,16903,54,Male,2,58.72551257683418
Ymjmfsxdk,Zaaiujipg,12671,28,Other,4,90.49865209497389
Hcnpzlms,Kmvpl,10716,22,Male,4,85.8433085561216
Ppyxkd,Sxsp,14274,70,Other,3,98.93829741165275
Bnurdwf,Quoty,5975,87,Male,1,56.66276109500627
Zdmm,Ovudh,1496,43,Male,1,67.72484019225152
Fnhm,Agoswukl,16282,42,Other,2,66.0193432279958
Pgjxadd,Eqwpre,16370,47,Male,3,82.70679647293288
Svxnqvesr,Uumc,8852,71,Male,4,75.13576897061607
Slqbeusj,Adwoyou,14174,30,Male,1,72.62888965926824
Plxc,Ftiinc,11794,35,Male,3,76.86266995785101
Xpqflubiq,Ospin,19811,18,Female,3,76.66728363177458
Fnqjzz,Wwvficjb,10187,41,Female,1,76.75788367299624
Fbyrxexni,Bfhyx,16880,48,Male,2,89.90677106532172
Nrvfoy,Tqwmy,5898,97,Female,5,92.49879688826073
Vszttptf,Qafgl,14919,43,Male,1,80.80144458555796
Ratthq,Glkbozku,11056,48,Male,3,77.31840882259833
Xqacbo,Ifxybuuxc,13305,90,,2,59.486073538261664
Ftjdfoua,Cdgbwkf,19531,67,Female,1,58.19322656002588
Wyqiovwi,Treacw,17300,32,Male,2,67.20871169723162
Dabxr,Gjfowxa,3974,53,Female,3,79.6683090313215
Uyts,Ynxio,18831,78,Female,1,68.51454597941168
Xvxppxm,Qtvksqird,11860,85,Male,1,49.15609992135107
Qmxnrzb,Bpdsncit,3984,48,Female,5,73.71762359767078
Gktmwk,Fmjtk,6572,97,Male,3,79.39704479636055
Lvpmrqlv,Cggw,8824,63,Male,2,63.239980792999695
Uyopb,Irtfjjq,4670,89,Male,5,97.28355686005558
Pbvhuqzx,Wlwsdcy,13424,31,,4,78.90032008065069
Wjlkyalap,Knjmief,15720,26,Female,5,72.48108329327697
Ddoks,Uxsfd,11270,74,Female,3,66.18131331811787
Uzzyx,Alkekwhqr,14745,44,Female,1,47.46538530296191
Satyhhzg,Jbzxlnr,9815,29,Female,1,65.30447768578816
Kuvqqnf,Gruok,1222,47,Female,5,84.02478845047429
Bjvqgnt,Chhjbzbdy,14383,47,Female,4,51.3868970755688
Ehjorh,Eapqed,6549,82,Male,2,95.67542149224525
Qmlamywil,Owxjtjunu,13929,80,Female,3,70.7585331397371
Wtnuctgv,Fvow,8312,80,Other,1,57.869835342220725
Upwbsx,Unfmf,4346,29,Male,3,57.55074409465305
Abhid,Finfm,8490,87,,2,74.15035610059542
Skhcbhwoh,Plmgbyc,7822,24,Male,5,60.870829066012234
Puuisr,Mgrrgej,15186,76,Male,3,70.16377476270844
Kkfq,Jhtk,19931,94,Female,4,72.89168587859223
Mztkrtwa,Vgewrli,6182,27,Female,2,73.51729519390746
Twdz,Bxfd,17412,38,,2,52.694584101806605
Sixdnlsfc,Esmef,8022,61,Female,2,58.574891673597534
Endblicv,Nrkidiqb,8831,48,Female,1,53.1845295342286
Zferyprpf,Qkmjzsav,4121,42,Male,3,56.88125407610128
Epcmzlq,Nhpllc,3615,50,Male,2,61.49618139371378
Atlaazgdg,Rwztuhr,14285,68,Female,5,84.58322116769767
Atsoncl,Edvqxd,1833,98,Female,1,68.56670972095134
Jfrqo,Skxdvjah,15601,70,Other,2,83.93998383921821
Zuuvutcu,Fualwt,14739,84,Female,5,86.81277925039512
Ejevt,Xday,9117,65,Female,3,68.92756148723782
Oqsgdrjfj,Nrzfp,1021,23,Male,4,80.11172821275895
Beilxf,Avfzvec,3613,75,Female,1,64.91233565500198
Zpox,Ynhw,2710,88,Female,1,77.15918664095179
Rkyye,Sevgpf,3677,85,Female,4,76.34427333886286
Wojr,Ukurgwgv,19725,46,Male,5,68.5279463532748
Ahiig,Mcqnwq,4470,26,Female,2,70.161477775383
Gvfxz,Vvugxs,12154,51,Female,2,80.60708471703107
Gqwpap,Watdz,2836,46,Female,4,90.9212477389639
Wfajuytc,Tvberivgs,12247,45,Other,3,57.32191701257132
Tkwodmz,Aqvrtzjg,2989,30,Other,5,88.11990757671116
Ahkeqsjd,Qfkrk,8014,86,Female,1,39.65819606311964
Wjxmevzib,Bzqdgkpml,4096,29,Female,4,91.14504433394927
Alhsp,Yxphwehlp,18062,63,Male,5,73.28465387913856
Qlhcxuleq,Lnvrrutq,1351,25,Female,5,88.17633870964136
Jsuo,Xedqoxm,3641,72,Female,1,60.21990245398214
Drmvr,Gmzh,7189,86,Female,1,74.89948977199674
Umonli,Wmgjwbnqd,3630,71,Male,5,100.0
Uwhs,Zyrocubh,2951,20,Male,4,92.07478729112707
Sgzkbkymc,Mdrl,16957,91,Female,1,66.76264191001866
Ndfem,Gsnyncu,6495,70,Female,3,87.72135351913487
Lkfwpi,Xqdpruao,9409,35,Female,2,68.53691578418352
Nigx,Otin,13214,48,Female,3,92.72884252764705
Lftulk,Vvev,12068,24,Male,1,63.723310281597946
Tpwqb,Icdlxmmy,8488,85,Female,2,74.0706670687019
Xfmehf,Wxglma,1977,43,Male,4,83.0988622451397
Oljfc,Hrzkqxikc,17003,89,Female,1,54.737980075843474
Huvp,Aqmlx,2798,25,Female,4,93.13410283662563
Jcspb,Tufuwo,4262,21,Male,1,52.491926380889865
Nfxbojtl,Cxedvqhw,9603,54,Female,3,69.8563890276173
Elmn,Dden,2724,78,,2,58.43135772109175
Fffbxuohb,Yuck,2705,30,Female,5,100.0
Lqpg,Grhownv,15142,60,Male,4,79.48209183274525
Jnmd,Nevqfbozo,2398,49,Female,2,81.82074468637417
Qwjonwe,Kybqbve,11137,94,Female,2,57.00783773406266
Mqyivwdwi,Cahgclpe,2298,43,Male,2,69.93784133143352
Yzwwjsc,Zresuhkq,1154,69,Male,5,75.21210950875678
Kmmxclvz,Mzbm,3948,41,Male,2,49.957121430873244
Xtcrsl,Nnhoxe,5168,59,Female,4,87.86742705342371
Hmhc,Tmep,8501,52,Male,3,67.55702422642725
Wswm,Laxjpd,16093,79,Male,5,95.06637811687072
Xfhlsked,Rwni,9596,37,Other,2,86.04993793501541
Xvthno,Jivcfndz,3394,73,Male,1,78.3600636570163
Ktzkp,Ktnilz,6065,98,Female,2,62.03304067001657
Estunoq,Gzfaxq,18971,43,,2,79.85368823255224
Kzdj,Ubjfxlfx,15602,21,Other,1,74.08513912542541
Umsvqkxvi,Msubdxzy,10345,65,Male,3,83.01190803028484
Ovdhxjs,Goywwirbu,10249,19,Male,4,78.5551586871708
Wbsuqsjm,Mlrfxls,11023,63,Female,4,82.94483455276561
Izsrwbfu,Tibokssk,17759,29,Male,4,87.37925354299747
Kyei,Aefihv,6277,33,Male,1,79.35666654124093
Xwktxfwkl,Ztbrc,5556,55,Female,3,68.10719412526846
Wthh,Tcazyi,3142,79,Male,3,66.05700898946918
Mbxghmlkl,Zugcahv,17334,80,Female,1,67.33492499990544
Lngqvdqdq,Enfffpuat,9115,55,Male,2,58.31442184836766
Rbntyi,Rwqueyuoo,3722,61,Male,1,48.00411991873719
Wcsiuvxlh,Qpthygoj,6395,41,Female,3,69.80501667636644
Xdzthrb,Zxzliva,11930,56,Male,3,75.88393588506582
Oqeqgova,Iwodjovkg,19268,81,Male,2,86.28824555029439
Jnjijmocs,Xrzllcm,4909,18,Male,3,72.9258271903883
Rgmwehdsz,Acqgh,3077,58,Female,5,87.8095551222613
Vnjpzmhr,Jvtn,19800,66,Female,2,67.77765033257143
Qoigtto,Bvdybhq,7450,73,Male,3,85.5308475715262
Ropscx,Fntqz,8772,43,Female,2,71.93571902947994
Fdvwwk,Dxrmxege,7212,46,Male,4,94.26345070568674
Jjvtydp,Ajditq,16669,82,Female,5,96.91409729462826
Stjsepbx,Cmqoxjzy,12898,65,Female,3,81.87196397459398
Rmlprnc,Zuzwlg,19364,48,Female,4,67.40588281485816
Dvbsupd,Hebyzyal,10980,68,Female,1,55.762547764677834
Wpxpc,Tymw,1314,62,Female,2,69.36430200453881
Qbtcqfxfp,Aaczx,18869,64,Other,1,50.05332609483884
Piyquyvv,Lpkj,2612,88,Female,3,84.73012778265901
Wqcgekere,Oqfzmqlwi,1779,28,Female,1,54.49672578139537
Rxwmwi,Upmblx,8018,66,Female,3,80.22841760233058
Mdru,Nsma,1555,61,Female,3,56.55329826128448
Ilsnfhqh,Tarac,14620,46,Male,1,55.72407533056732
Jvbx,Zykocu,4462,31,Female,4,83.08156966145678
Ryffztc,Nxmwenwdy,14223,76,Male,5,90.3825785607104
Mxmnypnq,Gozpwu,19008,72,Male,5,100.0
Nwbarqdd,Mrlpn,11906,43,Other,2,73.07732835123247
Nsizhpoe,Nfni,4166,98,Male,4,82.21283653435611
Qajpkyya,Vuwwff,1322,18,Male,5,100.0
Gnruzbobb,Iyal,16094,47,Female,3,47.330880997069215
Muwhpnmql,Znxfmys,14978,22,Male,1,74.33117462626862
Rxramrbw,Mpftxd,7203,80,Male,2,76.74760462735895
Ffxezcbrd,Gmaewpq,8162,49,Male,4,82.47345397417882
Shhouwj,Hbvshqdt,11907,35,,3,68.68089566476671
Eiloyjm,Iopmtqqcv,8753,29,Female,5,81.20128820934893
Edzt,Ycmvqeu,13139,80,Male,4,70.8952391131926
Xiopjnif,Xmyhayqc,5495,92,Female,5,91.02086937504998
Qqoadxnma,Luqu,12294,61,Male,5,84.75266436578514
Yvbztxnhw,Wcwd,12018,85,Female,4,73.07977923862244
Helurcb,Bmiwbl,2225,25,Male,2,81.86881541271256
Kflh,Tbnnfdb,6790,33,Female,3,67.73455033245683
Kwae,Tzygxidv,9055,27,Female,4,75.15687214741095
Stpubowi,Nxnxhi,8000,75,Female,4,73.3770872160475
Xmwlysmmh,Pvpgtitfi,19781,59,Female,1,69.67853096964434
Mlejnm,Dubz,11062,53,Male,2,60.18344956258195
Lgxkk,Uglfhl,1287,32,Male,1,75.30735133927769
Vbviwmpdm,Kaituho,11772,40,Male,3,69.25588866018471
Wkvl,Tspz,1526,57,Male,1,77.47095401632556
Cdnrd,Bajgiym,2885,90,Male,5,87.88279172043279
Uyndtwsfo,Nvftr,19416,30,Male,2,66.2846717771954
Idcn,Idtq,10855,63,,4,82.58217084823659
Zwfmks,Mrfhguc,8709,18,Other,5,76.6464538526704
Bwsu,Zwwdxt,8203,51,Female,3,69.93231863200975
Lyzuhvp,Msanr,4202,19,Female,2,85.35471498019494
Jbhojsu,Xnsjw,18905,85,Other,5,82.0500068291109
Qzvadbjil,Iazwfow,14615,60,Female,5,87.14910783035536
Quyki,Mxkndhu,9252,51,Female,4,71.06363909155372
Lvqd,Lvmudp,19241,88,Female,1,83.14853765348585
Craxir,Nhfrxikog,5128,84,,1,86.99925146836141
Bwfwqoues,Jhyvbox,17743,81,Other,1,63.428723990228825
Dzjf,Gtkwc,1678,78,,5,77.93473144432028
Fhelnpjyn,Pzdhadrv,13543,36,Male,4,78.76591438175561
Igogz,Bzxfqgjut,6181,46,Female,2,60.289966038839125
Jocxoej,Utzmvgms,18201,76,Male,4,98.88443613404176
Oapuxbhte,Xmuyxgxlt,18493,52,Female,2,70.15590953781233
Gdlrhw,Lcctfn,19288,36,Male,4,100.0
Weuovied,Xinayu,7405,49,Other,4,83.62025600929806
Kysbhpayb,Fjmklajm,7009,96,Female,4,99.03315165818685
Jsdrq,Sqxan,13785,85,Female,1,56.25366307578612
Pkiyexgft,Uyyamvwuj,4406,55,Other,4,65.4159523690945
Ewnbuplx,Tkpyuiy,4991,60,Female,4,77.21208713052701
Nqdkiys,Ftgrgnonw,4093,30,Male,5,66.16089398118017
Viswtr,Uqaculo,6175,85,Male,4,85.20361434910637
Nidcigtm,Zjqsaszr,1288,33,Male,2,51.60026134210997
Qsylnzv,Wynj,11234,62,Male,5,85.70545181628785
Bnpcelb,Yxsmuyjti,12894,64,Other,2,78.30925581895704
Lqanf,Hwfb,19432,74,,4,91.19335374803904
Vpkaifhd,Vmbpyuu,2449,50,Male,2,68.18375987710351
Uqwfxnx,Gzbmlv,16169,79,Male,5,99.15945878563238
Lfhjeaca,Xvjnodv,15508,94,Male,1,37.79375337966471
Avogocym,Eumnpiuz,10795,98,Male,4,81.83092956125162
Vkhbrnnrs,Bxytuyjl,14190,74,Male,3,85.76055056528014
Oocqanjf,Qdpcnljh,19821,28,Male,3,82.46743062165638
Pysnpehw,Nzudkmw,14286,23,Male,1,62.49819105784309
Qoni,Focymbsop,5477,57,Male,5,83.31528227698615
Bvlcgpezd,Ceyr,16191,52,,5,86.61634927856855
Nfna,Hcfkpwrbl,16815,81,Male,5,60.32165910889998
Eblj,Fbku,4060,50,Female,4,85.94038197272792
Czxay,Lfplzku,8182,68,Female,3,69.8160392585727
Rjde,Ibyot,12862,87,,3,85.99524326225927
Esde,Rtmdpdksk,8512,38,Other,2,100.0
Falaojj,Fpyjmm,13560,27,Male,5,100.0
Hgmkb,Zdhzr,10632,37,Other,2,80.65288840831771
Eftvzn,Wyhfmn,2535,49,Male,3,87.234793168327
Gxjoujar,Vzstiibg,9220,57,Female,5,79.89582831674542
Pxoslbcdb,Akczxlyru,9986,24,Female,1,71.0635418026977
Godxbyknu,Doxt,3976,69,Male,5,74.62350677892454
Laby,Smgbg,12342,41,,1,68.2991484449284
Deuz,Xdtbtost,19884,80,Female,4,81.845027184797
Nrwwofwch,Valpmeymf,18352,66,Male,4,86.51422287075643
Zfbl,Fitbbbi,10570,76,Female,3,67.45790183645929
Vsuepbyh,Rzkqcj,13745,90,Male,4,74.30285586370715
Vqfmxac,Rzngs,19867,34,Male,5,100.0
Wzocptit,Dxicubnza,18494,97,Male,4,86.4225043118145
Idcx,Qdcy,5251,51,Other,5,66.20666794830356
Ipsaqgbu,Ntonj,17825,32,Female,5,78.66008246784412
Wbxzumiy,Clxhj,12823,61,Female,1,66.08805100896998
Dtfdiapdn,Jhdmrhf,4388,50,Male,3,99.99747092167718
Xprtnoc,Znqheayal,3182,71,Male,2,79.09539490381319
Jrjuhqup,Dtqculakr,2778,58,Male,3,81.93590257528393
Wnxqiphjj,Faaz,12235,62,Male,4,76.66482733810878
Apatgykqc,Hbutfu,4986,46,Female,2,71.46500274086756
Pxel,Ldtm,19101,69,Other,4,87.60343262682869
Cidih,Ldrg,18326,63,Male,3,62.019044596237855
Bzafugjp,Tdgl,6074,56,Other,2,56.14048790922374
Gwhwontu,Cocqf,17761,64,Female,1,47.35427171543571
Pxfh,Jtshrwg,15609,71,Male,2,56.67463700917106
Dwszaa,Fagcmy,17149,72,Other,2,74.68769248667651
Wnqudzppd,Zbtjqq,3428,54,Male,3,100.0
Qutn,Llgzyhoe,9914,23,Male,5,79.36602279752378
Iyinxal,Qkycz,19006,60,Female,3,97.94686904514143
Nxeh,Yeth,5310,64,Male,5,99.62431269595588
Jyhkak,Bgtcu,12576,19,Male,1,68.10803433837012
Iqsvvpda,Kyjx,18132,61,Male,5,83.8600328349294
Yfuw,Umywa,13837,31,Female,5,91.82094347563896
Ncrgvp,Thqogou,2824,86,Female,5,73.57225659636275
Ekxsbiu,Wvhuuf,4291,49,Male,4,78.57091061100937
Twwxc,Fqiwmuy,12741,69,Male,2,62.636764636397984
Fiuhwcj,Uuvrxts,9275,55,Female,3,73.84783898363465
Oogjkrs,Qrlzhhoi,5069,35,Male,3,83.38420187904072
Tlixv,Fiktytb,4639,58,Female,5,73.35429358337487
Keaaukjvf,Iyixm,13800,23,Other,5,77.47834741375797
Bpkxfokey,Xldbilr,8416,68,Female,4,73.26745724320872
Xfdpy,Rjtwac,16888,23,Female,1,72.52103048368473
Nzgrlp,Rfoy,9142,86,Male,2,64.86447349429261
Nmkbea,Zavn,11214,79,Female,1,61.384418683913566
Zbrnbem,Zyauhm,9120,71,Other,1,65.71278416574148
Xhvdh,Mzugwpvu,2683,94,Male,1,76.91028960539515
Kbox,Ugxetklgl,17926,76,Female,3,91.54897432855813
Iticf,Azjkw,14269,98,Female,1,77.38275845657517
Ekupt,Dpctsuz,9922,49,Male,1,77.49892716326349
Yvfvcmanx,Wubu,17583,57,Female,2,73.2278073698082
Yvqep,Hydzhxsgq,15952,40,,2,74.17135471528421
Ubiyn,Mzsi,7715,63,Male,1,84.00981695459964
Rzpyzhpq,Cisctxmth,11564,22,Other,1,49.38925325304654
Jxgcugyhh,Yujggucp,10356,74,Male,2,62.163993875042685
Ymzkeicz,Dgwb,10987,92,Female,2,72.56960488424215
Ayfktiktz,Vujmblzeu,3094,28,Female,3,86.89853344034032
Pvsygrodq,Kvjtk,10704,53,Male,2,68.29041030905586
Uavh,Othjwqw,3151,31,Female,3,91.63490014799545
Jynfeh,Plwd,12413,53,Male,1,53.0882940832678
Iaxfjud,Ybohcq,14041,35,Female,4,100.0
Hcrrz,Lpmbny,7037,96,Male,3,65.098543826359
Icaxiam,Bvpozh,18402,18,Male,4,61.77417044373172
Uiptraiw,Sfnx,16867,48,Female,1,70.11503400441973
Woginvs,Aruzif,4252,76,Female,4,74.24897049976549
Vhjby,Anmx,4345,94,Female,1,53.158459349052904
Voxn,Dsdu,6875,60,Male,1,77.0739414188573
Aotf,Nyrmgkwt,4708,30,Male,1,71.14477758530961
Iljfyxmgg,Auelgy,11125,25,Male,4,86.32803010498077
Okouhmg,Wuse,14898,67,Female,5,70.6187310476483
Koqtybcqk,Fsii,11463,53,Male,4,88.5964380921564
Friudnpvl,Oddjymc,1817,82,Female,2,78.37738332007319
Fvfcfl,Shuzb,7774,90,Female,5,86.37645603879008
Pulz,Lxtjzobpp,10907,58,Female,5,71.24478561564077
Safgfl,Gnzbog,12172,48,Male,3,65.65725974978815
Jaxkqxa,Fibobh,8602,72,Male,5,96.37418461129658
Zguokpo,Fzifmqqgd,1688,49,,3,93.35510497490289
Dahb,Ndsvargeh,14163,46,Male,1,82.04060710284077
Cwitpsfb,Qslhrx,6262,18,Male,3,79.4689323934614
Kwzgdil,Hcuqk,15084,76,Female,3,68.49598778824593
Qoncpmv,Ohirl,6165,43,Female,5,79.52322010551225
Wdwrsipyv,Aihy,16155,85,Female,5,92.8756281821252
Tsmwgy,Oectqwsp,1466,89,Male,3,69.80182465300314
Fxkrqcygz,Efodsc,6328,77,Female,2,71.11732970837498
Mhrcy,Prbz,9038,94,Male,3,72.65799956069648
Bigl,Khiychbo,2198,34,Female,2,65.56390246215025
Htzg,Fumbjynjj,10123,58,Female,4,73.35436118019824
Ylcd,Nbpqufiut,10994,57,Male,5,77.43234058235151
Mrgjt,Mmhgz,14364,89,Other,2,80.28040498542862
Oqdxd,Fgysaeh,14451,93,Male,5,82.35352580083381
Hpsnplhl,Rfpathdqh,10391,41,Male,2,60.26596682679677
Vvxte,Lequipy,9801,85,Female,4,69.33552747614583
Ipwpptz,Ehdtlpcn,15678,48,Female,1,80.03674596196278
Vvieda,Hiaronlsw,4690,89,,1,61.23911812797679
Rnytobooc,Mmewjqw,11885,24,Male,3,100.0
Ynawfd,Tkvn,1274,62,Female,1,56.236140561770995
Hvkd,Lcqnzt,8789,23,Other,3,64.98618971894476
Ugenunvn,Zboyu,2889,79,Female,1,60.08397494150158
Gamcca,Yboadyvnu,16616,60,Male,5,55.96400556009795
Guakubh,Vrvkkcgcc,4374,42,Male,1,64.87182328254961
Wpcmfbgvs,Jrljpql,19791,71,Other,4,85.38230415423654
Jolbav,Biyzakxrs,18176,62,Female,5,100.0
Xphr,Brzzmhb,10664,42,Female,4,57.30562826094952
Uvuhy,Bvwgbispg,5991,36,Female,2,68.24272263510221
Eglbmluuv,Nzdsu,5756,98,,3,58.77777554016121
Luzwmk,Igjyjpfkj,1117,81,Female,1,74.27044796707347
Ruaz,Qpeiqi,16317,67,Female,2,70.16331164404113
Jinzzdy,Xwebmyfg,11043,58,Female,3,67.20599452810987
Tovvm,Ajbyctsv,6750,72,Female,2,63.04630548031966
Lrirxxlwe,Wuyg,16673,64,Female,5,72.38210304470454
Lfccv,Nvtqewdqs,11902,25,Other,2,67.06006744535082
Qadadnug,Pjpzwvkbi,17109,56,Male,4,86.76188070134702
Oincnufr,Vyzls,1250,52,Female,4,100.0
Rovka,Vaigcnc,10730,78,Female,3,66.05721824675423
Ypoap,Drjg,12906,98,Male,3,61.330087451374226
Uqhnsetvb,Evxjkes,8672,28,Male,2,71.42448387703355
Porwpcuu,Emxklrfuf,1770,71,Female,3,82.85241601999532
Ugfe,Thku,12930,84,Female,3,74.11901484643772
Gqmngiri,Ayffs,2404,65,Female,1,49.92757241217984
Ysmbgnn,Jjtnk,1896,95,Male,4,88.8906437374275
Rvumtw,Vvoi,17534,52,Male,1,59.08951959493238
Rrwuw,Oltcajkri,6095,37,Female,4,66.86578162950646
Ixvblnyxs,Jbziktnwi,13678,86,Male,5,85.82328324094787
Aavyrli,Qvla,2024,26,Female,5,89.74332864364479
Vkalvz,Vbojph,13671,24,Female,4,77.67766720053919
Izbjkkv,Pcpot,4669,62,Male,1,70.9395837542396
Easm,Thcmjfj,10634,85,Female,1,96.01707960288158
Fzgr,Ktahv,15213,42,Female,5,76.63229308450761
Ainsmlu,Ftixundzq,1565,54,Male,4,78.45766163585301
Blhlxvjd,Iucgntp,15044,62,,5,100.0
Fntej,Adxt,6126,56,Male,3,61.36391846759901
Mjbixbadd,Xzbjdddh,18430,69,Male,2,57.37005191499091
Vuaya,Swlzgo,10902,24,Male,3,67.89738354973078
Tisfnv,Yzprzqxz,10967,20,Female,4,62.571816678166435
Mrrostk,Eglv,8593,88,Other,4,56.83020832496506
Uwjmy,Lbmpfcnug,1391,61,Other,4,80.84209364188523
Ipuxtvxyn,Jsypubczd,14292,98,Female,2,53.251365782145
Cjgnz,Yxxlifq,13719,42,Male,4,94.26289254435699
Wxdrzycxz,Ssnnvxz,10959,67,Female,3,89.5125988949667
Lyuo,Ylwyawkw,8986,91,Male,5,87.599652675062
Nqnzsi,Vprxxcl,18791,25,Female,4,76.36359092871966
Ngvz,Ehzdylgt,5747,96,Male,3,75.71661171665065
Igbrww,Rxdjjjdb,18679,69,Female,4,73.05848742973961
Adpokwj,Swxzg,1424,52,Female,2,68.17596097924411
Ehufyflks,Slrjnfbci,12716,83,Male,2,70.70112571199759
Thpi,Hxrmulis,12917,71,Female,3,64.2328734955217
Hotnsittv,Nnisjf,17476,49,Female,5,93.08437469952362
Kjeun,Ndvvfhxy,15094,38,Male,4,88.3607056693243
Pgbcrhmhk,Eydkpdbz,3796,96,Male,1,70.60127244014448
Zrtzlocr,Hrgmj,7875,85,Male,4,80.3439630494089
Lcjze,Amopbff,4116,25,Female,4,83.40483856150047
Spubcwfgb,Gbibupv,7472,48,Female,3,80.49759847674171
Ojqmm,Whqupkst,1863,78,Female,4,83.66833036504272
Elin,Jlxofp,1478,63,Male,4,79.86034229560704
Rirwyiprp,Uvwarvpz,13236,19,Male,4,90.9015846175368
Awzaxkoav,Xtjjxfk,10914,67,Female,2,53.961275472896055
Kgcqmx,Yyut,9911,26,Female,1,99.20353365682081
Kppirbjae,Aiqnnmf,4498,92,,1,77.11582551066199
Eaukky,Mgjwf,13519,76,Female,3,64.22946695348023
Vkdcni,Pftt,3485,73,Male,4,76.27179030640173
Xclchkoel,Pwdnaaw,15613,69,Male,3,73.69418598938364
Owlububmv,Zvwga,18207,67,Other,3,64.2326958668668
Ymsa,Wiqjyc,7585,47,Female,2,81.90503844004091
Vepfcx,Btlu,13897,55,Female,5,84.13143465384294
Amfkhb,Jiclzpf,17218,46,Male,2,76.31626501418711
Sutselnli,Elmk,1313,85,Male,3,62.71949891813659
Kgxx,Xvhvtui,1653,49,Female,3,89.81038311826774
Vzwxwssjx,Sbgztp,19600,34,Male,4,75.92595593003712
Hyrb,Egtdttk,3912,97,Male,5,84.84363536137886
Muvhefpi,Ezdisufn,13245,24,Female,4,67.98134957328983
Pjbcxsx,Klpubmn,10752,92,Male,3,70.69460011433154
Wwdembjt,Ozbr,3441,55,Male,5,78.8610658364666
Gkmijtrj,Fqxn,4672,41,Female,4,68.1614144408618
Zpkxaiszz,Txjdbxcj,11044,70,Male,2,68.60920605433066
Lqhm,Cgzxbkb,6379,26,Female,3,84.71260406160013
Hzupro,Kvvzw,15744,42,Male,1,82.49528124512535
Ottogk,Xfxh,11722,77,Male,4,83.69958687879303
Gvvg,Ftergvvq,7411,32,Female,1,67.72018488688285
Bzqbupkc,Dqlirm,9221,25,Female,3,86.95705387555782
Ldiy,Qopsxdbq,12572,19,Male,4,80.08843382831489
Ejnia,Dgco,16250,30,Male,1,40.05903862860805
Okqwslbk,Rhejcq,9402,57,Female,2,49.24702139140456
Gynx,Bivxsa,8807,50,Female,1,59.881423073247134
Vuxsavid,Lfhfkm,4605,40,Other,3,80.9268681583117
Sulfeeagt,Pjsu,14112,54,Female,2,79.4682376519638
Pqmtkfx,Mlyn,16504,43,Female,2,65.13477342612781
Slas,Ywzbxwk,1549,89,Female,1,58.50476135457202
Qolndgm,Cktzs,6993,29,Female,1,90.61298715435585
Dtzaf,Ytchfp,10445,74,,3,83.74530720615184
Mkwzb,Fhzxrvtu,18598,75,Male,2,55.41015040148873
Llhv,Iyfjafca,10262,20,Other,5,72.61827303846067
Bbojrtr,Lhasv,5181,97,Male,3,82.71570223440534
Meclbe,Vgdocofu,13430,62,Female,1,98.36636995760432
Fxxw,Xsyz,6030,19,Male,1,79.22883675798468
Mmmat,Qrjz,6444,74,Female,1,46.476854541747755
Yndybidq,Mntkl,13891,20,Male,1,63.34189546668712
Ixvrdttc,Qooordcq,5789,44,Female,3,71.9540801079024
Ngqwu,Wgqx,5488,53,Male,2,84.10218978016161
Dsaetauk,Dzvl,7190,72,Female,1,66.13013365507015
Mxbn,Vzlnm,8949,20,Female,1,59.873509376742376
Hcha,Tdyro,15376,26,Male,5,79.61271257734488
Lkkkss,Dzzrmw,2261,79,Other,4,64.52803412647887
Ulibdycw,Aiatm,7832,86,Male,5,89.2437721753428
Iqwozcp,Rfwdx,4229,44,Male,5,59.72009049339398
Unvy,Wdvxm,19489,80,Male,5,58.15893707856532
Cftlg,Mvfmhfib,3878,35,Male,1,58.55989365352695
Dytbn,Fsxdmmob,12217,61,Other,2,63.76052221034564
Lkkey,Vbxueygt,16329,60,Female,2,54.179864197378805
Umzp,Pbadlw,4421,34,Female,5,95.14046216501475
Gewgpkdv,Ojptql,5492,82,Female,2,91.74695466510485
Fhwlcbzw,Lywzdfuny,17220,20,Male,2,67.78013906873926
Fyxgyyjdg,Chyd,11661,95,Male,2,63.50149218714162
Jyfkoeliv,Pflstxwt,17421,79,Female,3,100.0
Liyho,Jimpnxa,13984,50,Female,4,98.92213256484406
Iyqqlzq,Gzozdwr,17563,20,,1,47.10353564901229
Disvki,Rzninfpi,18391,73,Male,5,92.9318221330702
Vrzcmv,Aklh,11132,21,Male,2,81.01823346285592
Gqbjgfety,Qukklkbcn,17089,19,Male,1,41.73065969141065
Lfsp,Vluj,4447,24,Female,2,53.12581882303672
Jxegnweos,Yifurw,9879,85,Female,1,68.36177187382192
Fmskcxv,Dayl,17000,74,Male,1,60.386623085921656
Lonjek,Xuvovee,6604,46,Other,5,71.19421614524435
Gyyf,Rrvy,2550,34,Other,4,84.41922201762046
Pjvq,Rdfge,4554,77,Male,4,72.57214203568164
Tzntunla,Qgnlm,11059,53,Female,5,98.90803622621674
Platrtjal,Dntebjr,15237,88,Male,3,100.0
Iqmdle,Bdgpnxh,6076,32,Male,1,70.45633280084556
Evpz,Abpiy,10628,88,,3,78.22842752801722
Pdbmgkky,Nyhuals,12647,64,Female,5,82.77588881701138
Stxsk,Bhpwml,17229,86,Other,3,71.78165999155902
Bkewdo,Rclobda,18333,66,Male,3,92.9814472111291
Ijcpz,Uqsjjoway,19701,23,Female,5,85.05373510604005
Yxumaonfw,Ugdgypdpk,12130,98,Female,3,70.22038963253709
Hokxmonbx,Bpokts,4833,91,Female,2,71.23640846148317
Lcaa,Okhwte,10076,86,Female,2,69.6782643825252
Azdnvlo,Docaesuft,7925,18,Female,2,71.95638483430957
Fspsakh,Ngycqurfc,11645,80,Female,3,69.8069658585396
Qpooc,Keqwiu,18180,28,Male,3,65.7234659670049
Tlbzbb,Fwsxg,9232,64,Male,5,72.29367672154758
Eyxseda,Ooesk,2556,36,Female,4,98.40051127191096
Uaya,Dmuxkvksv,2491,75,Female,3,93.1358724909845
Dgjgg,Lagpham,8908,88,Male,2,66.30877367144086
Haxygsfd,Exzmt,5842,28,Female,2,71.64478509838611
Bnluvrsj,Nkzkmvrn,9118,23,Male,5,86.12941641349553
Cponsjyxb,Znytp,8648,29,Male,4,90.4947224190749
Yczzqvclx,Mkflce,12750,57,Female,1,78.74808199518188
Yyram,Ipvvz,6071,29,Male,3,80.0243353678576
Mkti,Fsekwfes,9883,20,Female,3,78.93321329925385
Iwoncy,Hiepqenm,11741,53,Female,2,84.42494240009592
Pgfnun,Fqvbky,10009,47,Male,4,64.9910169416249
Qzvanpv,Twyjm,8751,34,Male,4,74.97338340432881
Dvyvxhnjs,Igdhkbbz,7078,70,Female,4,87.39376624465055
Ehoxlunvc,Ziebarx,17816,64,Male,4,84.69774869774112
Lrlwkb,Jzriiym,18553,75,Male,2,58.415026393089036
Rpuejdm,Hyeadndnh,3084,62,Female,2,73.31032486754465
Azebbl,Nbefbnycz,11888,82,Female,3,74.45093727414464
Lmdrzxs,Bymgx,9841,24,Female,4,88.09705988813907
Wlch,Gucdvdeau,4711,74,,3,86.67982322710526
Xhkfvyzjz,Ugfcfnksr,11419,71,Male,5,77.58004426550026
Wglvjau,Rdgxwyqi,17807,96,Male,5,85.78062456010579
Fpdbaizq,Bhejbyvle,8364,54,Female,3,84.23130958813762
Ssdf,Hdxqtm,13835,79,Male,2,76.46461968282732
Qeygovb,Xmneo,13122,71,Male,3,64.69240014965226
Eecutxox,Urlpgnor,19492,47,Other,1,44.22557909924097
Gmtr,Qwvteqf,19501,55,Female,4,80.80765713601511
Pinweu,Bvseqmu,15965,43,Female,2,69.60749031381262
Ubmrvs,Dwlajenr,12108,78,Female,4,77.98759902105543
Vagb,Ednjqy,1567,40,Female,1,73.09903197849526
Vvwzfd,Yeywzep,14436,65,Female,1,54.82326360054151
Reuwyaut,Spnx,15983,80,Male,1,60.06781352057605
Cjtvmq,Jhdbpt,7325,33,Male,1,67.09282198543914
Lttoy,Yngclgznw,6519,33,Male,3,98.03230137867601
Eaaqq,Zbyqmh,7820,53,Male,4,83.49132516230065
Gjrkkzzjf,Zfqq,6661,20,Male,2,72.45153505908561
Bnilk,Rfdhfrrms,3335,62,Female,2,84.41800965636955
Zysjhsdto,Qtkf,10691,18,Other,2,67.90457487060912
Lpfe,Qfxbeyq,7287,93,,5,100.0
Ccnujawl,Izdsazx,8486,55,,4,100.0
Ulpctmdje,Hbqyolh,3111,78,Female,1,53.146061966067926
Kpfscbwgt,Fdpw,7795,44,Female,3,54.5027818930658
Sxrgrlc,Brbecpwlh,3590,85,Male,2,82.0442669716871
Gyfvlo,Vjlnxwod,16780,73,Female,4,90.23619591821613
Ncdnli,Lcqt,12844,72,Other,1,64.43773257198711
Bdiujav,Jkkvbhe,7122,81,Male,4,91.95431623896908
Fdjv,Tbdmxnf,8557,55,,2,58.25840511168933
Wghuqp,Elqqq,11776,91,,1,70.83572056640381
Rrdpvcwm,Pizf,8437,38,Male,5,70.98354155228822
Rjrbkfxk,Aofic,13883,96,Male,1,40.892170208625075
Otow,Rznzbdde,12205,95,Male,1,84.49296894603809
Fmyp,Nkklfm,15327,90,Female,4,81.09929512678116
Yaalj,Rikadsb,5252,33,Other,2,65.41418128010847
Ibqzaark,Ckeyzupf,10789,28,,3,100.0
Gwkae,Bqrbqlh,18943,95,Female,2,74.17348180733912
Rforgm,Mhgcqs,5872,85,Female,5,90.83523215318621
Btmalhdj,Wcfxq,1592,88,Male,1,45.132003526469205
Ztwogyusp,Nxvpzrmov,18460,36,Male,5,73.30271823660856
Rwhp,Ghrfmt,16322,83,Other,3,67.58430299670763
Ajosuhutf,Qkpwmmm,5790,65,Female,5,62.87919713421492
Qsbvboyyr,Bqhtrlt,5282,64,Female,2,72.92996775881628
Nprvrag,Cqghxmts,19734,56,Female,2,84.97336272553405
Mqjdo,Jjseyuib,19928,78,Female,5,97.03300623152538
Wldwdo,Gxrwcenjk,8516,81,Male,1,74.12187893384662
Kxwgwklij,Whhwcy,2856,47,Male,1,70.93023667472312
Zzuqfasnb,Ilpyij,9710,75,Male,4,70.36214510838701
Opqhgo,Qlyj,8979,37,Male,4,78.385318089741
Avqnnxa,Dnnjnqvd,6258,44,Female,5,100.0
Punhoamhb,Ucsky,15994,63,Male,5,77.03293232231259
Bmmoqb,Tgftagejs,6010,70,Male,5,88.89755029887198
Xtql,Vsvvkb,9246,77,Female,2,70.0527309686471
Jnhogfx,Nzmn,2706,86,Other,2,72.29629441219797
Yftxdzp,Lgkjjopr,1055,45,Female,2,70.89481086099457
Sizzo,Zdqtwcz,13153,96,Male,5,76.68112666228384
Aqxwkbe,Yeira,4618,84,Male,3,75.21807300239422
Nzoyhcddi,Dxlcaq,6947,84,Male,2,42.03666798222726
Vqbtwo,Kghdohodd,18509,78,Other,3,66.55828803474164
Jbsmesdny,Grtvlgm,3934,26,Male,4,75.94305438860738
Siqucsk,Vxoylwxmk,7111,75,Female,5,82.87715799151961
Dckwcefhu,Zuehlxjry,6450,18,Female,5,94.42784907284062
Slwiw,Pwychb,4788,68,Female,1,66.59369488129755
Qzadkytbg,Dspzzm,15002,69,Female,3,71.28198610163031
Vatdxmd,Ksxg,4178,77,Female,5,73.77246868105212
Dkvlwaagm,Glcnoj,11492,47,Male,1,64.332008970684
Pmmj,Rgxme,17833,19,,5,87.40722641891561
Nypgcicex,Hdwg,17113,38,Other,1,100.0
Fdvcvjgfj,Epduzd,12997,83,Female,4,78.63374842550292
Repcf,Mjva,16985,43,Male,1,55.51405073619463
Xkkp,Hbfpuskv,16376,59,Female,1,36.612415566679076
Wsqdpe,Mukdmeo,19787,69,Male,5,65.0260055654608
Durw,Wyep,7346,26,Male,5,84.09688074221353
Jbuc,Tcte,14002,23,Other,4,94.89909114413811
Jsxqdcai,Kpvbn,2380,18,Male,1,70.81772968727057
Jscfpzpss,Ogkqqr,11262,25,Male,2,66.74500013820754
Bmiydlqxo,Yskhn,17101,59,Female,4,92.83898924898372
Hulu,Nccs,1006,33,Female,2,77.52187801252268
Eqbp,Shaautzbl,10595,59,Male,1,72.32079226576897
Qzkpm,Udiwx,3170,46,Other,4,100.0
Khdqsaz,Yuwe,4731,98,Male,5,87.46869996900091
Lflrxxk,Wnancthu,10181,83,Female,1,70.59785945525446
Gpwpgn,Dklwpglp,15908,97,,5,74.31446723806243
Xzgpf,Zbqx,9836,22,Male,1,56.85102402889603
Vgynnen,Hsqy,16173,48,Male,4,85.50849924507811
Psoohp,Kwplv,10635,98,Male,3,73.90457647880109
Qcgezil,Agxgkih,13797,53,Male,1,81.6979223711828
Zdmk,Lynignbv,5720,30,Male,4,71.4427850361126
Jstio,Kktv,11847,71,Female,3,77.75421551911316
Rtpepcokl,Jkke,3824,42,Male,5,68.57788935834941
Yahyvmv,Bybz,19912,31,Other,1,70.36800125952267
Ptfgjqp,Shgrht,17087,72,Male,2,48.77996693993577
Wneismyyb,Cpzdehhh,8968,20,Female,1,58.955857783160546
Fayvqxf,Nvuionqxl,1614,86,Female,1,81.69758322156034
Avxblhue,Coqzbi,16028,48,Female,5,91.52921462382926
Hkfraf,Dewjogih,9140,42,Male,1,58.33587146216712
Wpah,Kkhkiui,10760,39,Male,4,64.4772636661647
Taaplhlo,Bpntmpn,6099,36,Female,4,89.9734801710346
Jrluz,Ljle,14151,54,Female,2,62.6931476095765
Qtcyodtm,Uvqtj,12487,32,Female,1,63.699544193578625
Dzbcdueh,Mbyykydcr,12118,36,Male,5,72.92501376972444
Layhpuu,Ziatgvos,13462,21,Male,1,77.65086288773037
Mufvtfosl,Lifn,16055,92,Male,5,67.93547459375552
Pnbxzxf,Byznlhkyu,2963,23,Female,4,97.0677513079238
Dbvebl,Uxccc,4442,85,Male,3,68.49519762827606
Zwhzrl,Vneofwdkj,18503,45,Male,2,79.55536280363896
Lpsbdtpn,Yfnnhqwht,15903,86,Other,2,64.03752988015069
Yibo,Ftptjeb,14792,97,Female,3,83.66894985967528
Vromj,Zsqfff,5582,83,Male,2,59.182826623831915
Cytrs,Cuvvkq,15822,42,Other,4,79.79212783167553
Kpvwiuk,Vtffprcoe,8815,77,Female,3,52.569144569718546
Fhjejzj,Qdpgxtv,6014,33,Male,1,73.93116018349959
Ehtrsy,Jfgi,14886,65,Male,4,93.9644651876679
Nlthgg,Kkiclexq,19223,89,Female,3,63.43272173332382
Esdnfe,Rpmzohopy,4156,38,Male,1,63.434239248146554
Hydh,Mgmetqt,6622,57,Male,1,49.349861786052045
Wfloxuoyv,Sdwcrd,4380,93,Female,4,81.77836286796204
Fdisx,Atmbuotj,14494,34,Male,3,76.73585319796416
Ocyr,Zwlvlstrq,8566,77,,2,65.96192704993953
Jmismgws,Xhhbyco,18100,20,Male,5,78.4232499137371
Skvxz,Eaklkuix,3676,75,Male,3,67.97687289129821
Foiakys,Tjblyoevj,9389,58,Male,4,73.62520466074977
Olwbwvh,Jbwacye,4646,45,Female,5,88.40426979200305
Fohg,Bykgxyk,16304,57,Male,2,74.95900456822649
Rqouk,Hlvosqz,19865,54,Male,1,70.58331335358776
Zlmfi,Wyyttzg,5540,33,Male,3,70.83256614737056
Pveqsoy,Xrcewl,4570,78,Female,3,77.01867817574589
Kbbha,Oaci,6705,31,,3,100.0
Yqbpmhv,Culgaqgk,11628,36,Male,1,50.216405217186825
Llujrmreb,Fdkoe,6029,58,Female,2,76.27265786612651
Rliwyo,Rsrsvb,8575,84,Male,5,79.31859659263411
Vtyneokka,Djuiwwta,15921,55,Female,2,90.48737978316248
Nbigqhf,Zfiagipaa,3169,72,Male,2,65.30354358757012
Ysfrrzs,Ouyotc,8085,59,Male,1,41.70079427775741
Gyulyhgn,Gwkuxdhl,16198,85,Male,5,86.93168699989141
Skqyw,Pdtolw,8355,96,Female,1,77.64114143250467
Dxuaespiv,Pcpqujh,7699,83,Female,4,87.34205354306636
Lkujlaaxs,Sqixftz,4456,55,Male,1,54.82399090036842
Bpbpswhhw,Hqofalbjv,13232,54,Female,2,61.68347818118403
Yvrr,Gislplh,1834,68,Male,5,100.0
Pxoh,Tdxspd,5186,48,Male,4,84.51153324761339
Awrjlbu,Bcsvx,19080,80,Male,4,80.5473051837519
Viyu,Sfgwtrk,14142,72,Male,4,84.77181589076845
Adgxmb,Cqif,1822,42,Female,5,86.77879153623383
Ylazez,Lzuihxqg,17401,76,Other,3,76.0991978183275
Tqnvmqw,Mumdznefz,14757,57,Male,5,83.75018032401488
Dkjrdkz,Snmnsm,10446,43,,1,49.133650020209224
Lthotxh,Eoxsatuzv,12515,42,Male,5,74.41145219337196
Htgbm,Sczytmvfv,16838,85,Female,5,73.78973110131597
Psub,Gqezb,16923,74,Male,5,100.0
Hgqkp,Xyay,13941,94,Male,3,71.59426041150097
Fquwpaltb,Bjgfpqcq,16159,55,,1,66.08245561733418
Rbyfi,Uqbftrsud,1455,39,Female,1,49.52990292829979
Xsvrqfkl,Fsfqunvo,12519,97,,3,86.20643911838758
Ojpo,Weup,18313,62,Other,3,75.87325391406014
Vrdv,Qlfroj,5129,40,Other,4,64.6870943118581
Ylglhk,Vuvk,3882,72,Female,1,69.38191590031315
Camttofg,Aliwaxlgr,17669,94,Female,4,77.82668039321177
Ihqnwqvg,Nxhrnw,1521,89,Female,4,97.59607762709948
Uciowzei,Oeheizcvt,18114,56,Female,5,68.73303864671223
Ipmamfjf,Ubxcofsrc,6445,67,Female,2,76.18496951711239
Urur,Pdyms,1366,86,Female,1,57.32213971014863
Qdal,Zwqzpt,5902,46,,1,53.317470095593336
Uhlq,Pdnledspj,7416,53,Female,3,86.66780638132452
Xelfoatug,Prchymlx,2681,39,Female,4,62.345678329202215
Drpea,Okuw,12711,66,Male,4,92.41239004897562
Vpso,Vpyzoip,17448,31,Other,3,88.45589127823061
Vwailslnf,Olmauch,6418,91,Male,1,62.29121137041074
Ykieol,Marglmv,4368,90,Other,5,66.94538169535872
Zosid,Ncjbfom,5075,43,Male,3,91.01911706600575
Kbpdla,Hwzqevcq,14014,79,Other,1,62.21154650912956
Lywxfnqgn,Zsudpyjmc,19142,44,Female,1,63.17818626601889
Xvcxxf,Ppkpssto,19951,43,Female,1,43.26970692247636
Itip,Bvkdfgq,7303,24,Female,2,91.90574854120746
Hdonsnh,Idxgzna,6145,74,Other,3,90.31498326950407
Onqzd,Sqngr,8403,32,Male,5,72.94674313697314
Zkbusyj,Flda,9763,45,,3,65.32701095657279
Fxwaasa,Yzvelfurm,19877,70,Female,1,51.155862112895534
Oenty,Cmuum,17706,24,Female,1,64.28706122124288
Bcum,Etihroe,2597,29,Male,4,61.687324046039905
Ydku,Ivewm,5627,60,Female,5,92.58510497163374
Owqgtmzit,Cevyqtgq,17485,97,Male,1,71.93819360797617
Xiwvlpb,Aygutouqo,11157,87,Male,5,100.0
Tjgnry,Ipiuc,2899,38,Female,5,64.50149217976261
Julbc,Iiltnwjt,3237,76,Female,2,55.533961011057116
Ndktz,Jvfhin,18392,94,Female,3,54.89977919938039
Oepogcr,Uclqnlpq,18499,51,Other,1,76.72767291124445
Anymppkmm,Tetbyidur,14110,56,Male,4,100.0
Damg,Owvcje,11699,75,Male,5,100.0
Lndxttc,Ficv,9196,84,Female,5,100.0
Yyfuap,Tcjhnriuu,19887,61,Female,4,68.93145841227994
Wkjfshtjw,Stqywg,12129,79,Female,5,76.91182150410972
Uyhjzjfbh,Gtnfwvl,17110,41,Female,5,67.6650074742391
Unxvsif,Rjsi,17344,96,Male,4,86.1302838702653
Xwmlelfxu,Oyqsbejah,18214,21,Female,4,84.81789713184926
Ksny,Mqytgfcj,15713,44,Male,3,95.49533370669369
Tfbo,Vshvkuee,6951,75,Female,1,53.39922761122423
Jzyhfm,Vruvac,9073,70,Other,4,79.69798576115105
Wdxrrrk,Zynmynves,1238,85,Female,5,100.0
Wtlqmya,Jkagjv,2832,66,Female,1,71.57075990084303
Kimbhodjo,Ecai,3412,53,Female,4,63.57226710501001
Qrznkcqgw,Yfuy,3234,37,Male,1,76.31207686989038
Tyhmftvo,Sxwjd,15309,40,Male,3,60.2063871106984
Trgpthqm,Muyfwvti,5193,30,Female,3,86.10921888818709
Oaleyo,Raecyp,14225,83,Male,5,81.4485075257096
Nylygdxci,Nmlumlurr,3082,69,Female,4,72.7936517072809
Dppttipe,Gyia,4921,26,Male,3,81.59306900886365
Eyvkqsqe,Gpmiijqxl,17567,80,Male,4,100.0
Mlpdwam,Ijqmrvf,19521,50,Female,1,57.37568956852721
Grzcbppf,Juictyak,14029,78,Male,3,78.83056680872247
Hjhyxgbu,Vrhjb,9213,76,Female,1,72.35822734285115
Zcakdjknf,Wofspyvhn,4632,22,Male,1,66.82845489942655
Ovjfj,Btubvonq,4847,77,Female,4,80.70514711287254
Wutbp,Ymjsg,14986,46,Male,4,82.87377384763076
Aofyhbmeu,Rohgzdp,18692,27,Male,4,100.0
Vaynltji,Acpt,9429,21,Female,5,100.0
Psqa,Mflrsfs,11943,96,Female,4,93.8688563184422
Htxs,Ctizusojz,4193,48,Female,1,60.63549246736645
Getzu,Kfphe,17483,90,Female,5,82.42502789130666
Ceekry,Ngoaihqx,9006,91,Female,4,91.47293319913065
Upyvx,Wmeu,7109,76,Female,1,64.38972267043468
Xckkwuhur,Ndvk,3852,19,Female,5,83.42320484450875
Ftlkkqr,Hhcl,7466,87,Male,2,78.76911466300795
Kgpveh,Ajpdckmjg,8680,50,Male,4,86.44136644769152
Gqpqug,Ahqwb,9119,38,Female,1,87.37241612071735
Qpsnlepo,Kwceblhut,4329,40,Female,1,54.17104559037638
Jcsiqwxai,Cilrrbnn,8330,51,Male,3,71.84742248213692
Qfbkakpir,Expi,9950,66,Female,5,100.0
Jumdno,Scvxoc,18141,82,Female,1,57.90911035227241
Yecb,Eicsznsm,5949,74,Female,3,92.91868104452016
Reti,Hytiigy,4720,75,Female,2,57.0372503122363
Ldwdbkzq,Bhxpqnw,2981,89,Female,1,72.47005826525586
Ixxw,Ftivojpjy,9454,58,Male,5,100.0
Aexfxtv,Fexidhww,8580,84,Female,1,47.59194579605946
Izvczilt,Tapcr,7794,79,Male,4,64.31048451670728
Hcmau,Odgdsprua,11176,51,Female,3,77.42519387674947
Kdyo,Slxb,13000,30,Female,2,74.11930360219502
Akesfcsxb,Ceccytwf,6178,77,Female,4,82.73460893326924
Sifpa,Sfkjpta,2408,85,Female,3,82.63249109006011
Hiocuw,Ifxar,2598,48,Male,5,72.06404478746067
Mlkp,Cgpokbd,3466,58,Female,4,67.35765070286593
Prmoxwq,Vdrle,19595,42,,4,98.42340894763544
Ioxtg,Exefovr,12374,34,Female,5,82.45126880239201
Hdzfofqka,Ztkufyg,16556,56,Female,4,94.7038354127913
Cphoxfulv,Sjxa,19982,95,Male,2,59.277584331402466
Firuk,Jdmq,3947,80,Male,5,73.06960369889026
Yrbkakhvt,Fjtctjstl,19448,30,Female,2,73.91504083688437
Case,Vwmhjy,8531,34,Female,5,70.71456104204023
Ewmw,Fmga,4040,62,Male,1,44.20543383320916
Kxas,Oaeoygi,9622,57,Female,2,66.42287798792526
Shezt,Wuskwvzea,8876,38,Female,3,76.32953875380065
Oqyx,Tvdxb,3121,69,Female,4,86.71933099900912
Cljrylu,Ejwj,1425,92,Other,1,59.62045678623012
Dydxhbe,Rlpou,14280,62,Male,4,94.6381318737821
Kwudcn,Kizflfh,4059,73,Male,1,78.6651240043158
Eekl,Yhokpiwdf,15059,32,Female,3,73.20983541800538
Baydkxtlb,Ifiwdz,14646,30,Female,1,66.2492121092255
Gzgm,Fxdlrf,19869,27,Female,1,70.10519436560766
Ckbbztc,Qtqbxcfci,12870,21,Female,2,74.38554236290926
Cwnomt,Dbrxgul,6726,19,Male,4,91.17019137271534
Lvgtjuz,Mwqxbc,8882,71,Male,2,66.25666251175093
Yshhhh,Vdofjxj,14486,63,,2,53.7028876895155
Qfplzimba,Ppnf,6393,64,Male,5,97.12144462333178
Vllrccpvu,Rujda,10256,26,Female,2,51.458628221205714
Xxfj,Skbggm,6503,82,Male,4,82.4318441438497
Akxi,Lqee,6292,40,Female,3,79.17242086610358
Ljbqyte,Uogl,2399,23,Male,5,100.0
Kkvdpidx,Mmioylvpm,5956,48,Female,2,69.1307473206318
Zzvzrr,Uarpxvfvq,11411,24,Female,2,68.28348715789787
Vaks,Gfgsqym,7635,93,Female,3,79.61769418796334
Vjhlhwya,Ycalqvy,2210,71,Other,2,68.06879282597046
Ybtyie,Ipnha,9028,37,Male,3,60.31317592584095
Izfvmuh,Xfovyj,12563,55,Female,5,85.33252769466733
Rlwz,Hfvda,11484,57,Female,1,83.73127075685085
Geoeuowmi,Nkwh,6212,82,Male,5,69.34777342021201
Lameid,Sshnbod,16958,87,Male,2,56.02573412336726
Xahqeydj,Otyfibuku,6743,26,Female,5,82.26596319405296
Psrn,Qpbddhk,8065,92,Male,3,83.73206541896337
Ustaagzn,Nmsitmt,2542,25,,3,73.23228470293887
Ohndesbg,Fmbqirtyk,19505,87,Male,4,82.92054749043399
Glxhxlb,Jfyjwmj,1260,31,Female,3,63.40922884210391
Tukzj,Gqtz,15413,95,Male,2,66.84324810106062
Opphfnsr,Gkmhy,9728,70,Male,1,48.8868520899262
Uwlry,Etld,13324,94,Female,5,80.2155268853615
Fgtg,Pufptmr,7011,46,,4,88.13648999837521
Bfzcqrsw,Inuxgjxs,4965,93,Female,3,78.78968923096197
Ttjnjsvm,Wkgyfa,17749,58,Female,2,52.92294386461679
Orgupxaz,Rglk,2296,92,Other,1,61.770039685169074
Qpzztg,Isjjcxcs,19774,97,Male,1,46.84634781809892
Lyvgdgay,Yptamr,2690,87,,4,62.70382463960385
Jjthfpqm,Ldomnvski,16137,60,Male,1,65.79713840476998
Txxd,Ebbgpcgil,6033,71,Female,1,68.50883158999909
Rzvgdtr,Tqsnu,17619,81,Female,3,74.63072140393837
Hgntcj,Jngfupasg,13801,50,Female,4,78.91010466066751
Ldzrvwezq,Mjlmdl,5767,56,Male,5,76.81769950221107
Zrgmy,Ffmtwpxxj,6275,50,Male,2,66.00571515207642
Loicwv,Eoemeors,16866,22,Female,1,54.68788554250558
Jojcbl,Hoeh,13296,39,Female,5,80.19408302427053
Wisbrpg,Ttjac,4862,84,Other,2,86.15182649810609
Laqeowgfc,Yltmxsrz,5475,51,Other,1,79.32964121981581
Duzvnm,Olqgqocnm,6409,95,Male,3,67.83846313967992
Qubwvv,Jwmyuc,7778,51,Other,1,64.96343962284189
Vvorkggsm,Kegbei,6349,36,Female,3,83.4539067495292
Qpywuj,Kkbldc,15220,90,Male,1,71.58168008429418
Nprygie,Dynje,2347,83,Female,3,76.82954984322274
Xjkiii,Cney,19771,44,,5,86.39555774765843
Mfjwddh,Fyxzsm,1640,50,Male,2,56.33137285145557
Kfjgwqjsw,Mzvwqgg,6131,73,Female,5,100.0
Qqtyxfq,Blgjrga,10334,37,Female,5,85.735222255993
Gfhuhy,Fdhey,3204,45,Male,3,55.610709718899045
Lvrzqbnco,Pbhoz,1859,48,Other,3,51.92782372967866
Xnuqlf,Ohiaehk,5951,78,Female,2,79.27904016356327
Gkzuby,Ossphrpf,10686,30,Male,5,68.3273730452424
Kldbyilk,Zkais,14773,91,Male,1,53.19785469640174
Qnwgpkg,Vsldad,17060,63,Female,2,64.1151224602049
Rbgiek,Thusc,15051,25,Other,1,56.09838244756723
Qlhiaxrvp,Igyad,11731,84,Female,5,100.0
Cqxcm,Cuivrpq,9453,56,Female,3,68.52695523293033
Qscek,Lzmbottkm,14077,79,Female,1,60.13988999101467
Yggf,Aljjg,16086,78,Male,5,75.07521602541125
Fclnlm,Pcupepz,4518,65,Female,2,66.30196731048574
Rawxxnsxp,Eymzupuez,13795,28,Male,4,82.53335366275508
Kfxxs,Ajnwmvuj,17407,97,Male,1,61.799405198777244
Mviljo,Nfjgbwd,14633,52,Female,5,88.53987988886962
Xgkvl,Yvneurouz,8334,30,Male,5,86.361291870966
Ybkiqcdpp,Bqlml,7176,84,Female,4,67.8162604956785
Icck,Cukc,17348,40,Female,1,65.59234873699947
Llpinbldv,Dznot,2323,18,Male,5,88.48044889409027
Psdpzsh,Vpemltylp,5325,77,Male,3,83.51723591066626
Zsolxod,Jwoui,7152,64,Male,5,93.49854800680754
Vgqzmg,Avdbuon,6372,64,Male,1,69.4606667520986
Yzvrlcyn,Ctelpwjw,6394,49,,1,67.88196298902795
Vavbt,Fdvlcbgq,5801,26,Male,5,85.9360850268888
Sohct,Mzez,11421,64,Female,2,58.530731583726464
Sywmicgmn,Uulywjduk,8117,84,Female,4,78.31441119937222
Kfqkq,Pcodkmtni,13890,30,Male,5,85.17805584027157
Rlvhtkbqv,Dgcnduz,11608,90,Female,1,44.29358377774483
Olqotrdu,Daiga,4192,67,Female,1,56.19459033543179
Lvhwtm,Ckfaxh,11307,67,Other,2,60.248469280640194
Fkduunj,Lvpb,16650,51,Male,4,77.5431872247148
Qbywlm,Wnlitsty,11598,77,,1,57.15489418068345
Hrhglzln,Jefzmfp,7941,51,Female,2,68.27472811732663
Ohbosm,Jemubdw,18936,24,Female,5,80.41091559597658
Ohxofjqye,Jugkevft,6156,39,Female,4,58.1613418241101
Mdmbxxahc,Kvcs,2203,44,Male,2,65.56227453625061
Uwyeb,Mwlopo,3161,85,Female,2,78.8999628703167
Ycgtnnvt,Ntfxf,12313,62,Male,5,93.85780763031332
Fikumg,Kedzcqci,9664,32,Female,4,84.11881111834194
Pxuuwq,Xexdztuxh,15374,78,Male,5,76.87156241429274
Omcb,Eqcugndu,8920,24,Female,1,58.900415746103334
Edcna,Uggdzfh,12510,62,Female,1,65.77151126334374
Oqbro,Aiptt,10584,45,Female,3,74.24467550522856
Qbrabutg,Cqocjwtn,1758,68,Male,4,95.06560342718976
Yuylhic,Qflkj,8294,43,Female,2,68.60422380476385
Onskoijsz,Oamjb,8229,90,Male,2,76.5873468765587
Wbsmimws,Bmtghhy,19699,69,Female,4,87.65359944653709
Fsqxcf,Amnu,14001,37,Female,2,74.97926357644249
Kkijrv,Frribapkl,19156,68,Female,2,60.64916312399931
Spke,Owxn,12912,90,Other,4,100.0
Edpae,Pmhhi,7355,69,Female,1,58.06194050713431
Aglgkk,Gorqt,16062,26,Female,2,59.44192489874314
Undl,Qlrzgj,10982,62,Male,4,68.48231338256127
Emlev,Ecno,10950,97,Female,3,86.50654260956304
Kcirheifo,Nzzkyigj,4895,67,Female,3,49.47388241006655
Ofpxa,Qpeacree,18315,34,Male,2,77.45147020134466
Ibtven,Giik,12373,56,Female,5,86.83262036937208
Mmug,Ckzruq,7826,94,Female,2,74.64695614767606
Kecrm,Nbva,14272,84,Male,5,78.83433427581795
Kmmv,Oxinujf,6360,44,Male,1,64.8245787151712
Oumsx,Qfgln,10118,41,Male,3,71.84361207951179
Jmsaid,Klqdvpng,4679,25,Male,5,73.4583115737189
Vwqa,Umvddce,1721,63,Female,4,75.54546201174719
Xusujdrkw,Nsrf,16594,19,Male,5,74.38797146360835
Gztndv,Nyvfya,15039,69,Female,3,98.66769367893619
Ucvn,Qgkef,11027,46,Male,2,64.9658710438348
Dgnjnwryu,Tvbevnnem,14888,50,Other,4,60.57107767904266
Ucskeaj,Ztmfioqog,3367,96,Male,1,40.97582703515492
Ktuo,Lkvs,16302,74,Male,1,87.08149327172636
Rvltosth,Sdatoelw,4761,97,Female,4,82.52274603769884
Ngqscaknm,Jchyskoyc,11515,76,Female,1,66.05591944529836
Dtqkxfrvv,Pvkiku,11154,94,Female,5,85.5942297489813
Nhjqbatze,Byejubuvd,18490,52,Female,5,71.60909520542606
Ypox,Kixmv,13831,79,,4,66.31189877842897
Zukj,Dkxnv,9240,73,Female,4,86.26950112980549
Mcjnab,Bhskoogyc,3868,52,Male,2,67.16188730225991
Fgwb,Mqhl,3391,22,Female,2,74.23400226027769
Puvurs,Wfzxoo,11923,64,Male,4,86.99069102270334
Isctkf,Ajzu,18596,25,Female,4,78.98233356206728
Xoadbqhjj,Mswmwu,4954,20,Female,3,72.94897977203158
Txvwhc,Qnongq,18541,37,Female,1,69.71164263033224
Zreubn,Ulglrj,16724,72,Male,4,88.7204512897401
Ejptznsn,Veoii,1066,48,Female,2,81.78945689708007
Wvyva,Xryti,4905,87,Female,4,100.0
Titby,Pxso,18008,37,Female,4,75.61487940292623
Xdsbispqi,Mevuslams,2887,60,Other,4,59.54221342937125
Mcrjbqedq,Pcryses,18064,46,Male,5,99.28988720016488
Kuft,Vugayfo,11634,40,Male,2,77.16744894660783
Eofut,Fbqiusjnz,15128,65,Other,4,93.81122228565759
Wjkox,Tsubji,12777,70,Other,4,100.0
Eully,Hpqnkufo,5058,49,Female,5,91.0830068480269
Vtmwj,Nswk,17649,61,Male,2,65.9521786964734
Wrgw,Qrouu,19362,94,Male,5,70.10330659677433
Khfsicdew,Xjmnqg,6508,44,Male,2,40.210986350572874
Raimkbths,Kmtwujnd,7667,82,Male,4,70.58998164766348
Zylo,Jxxw,18084,35,Male,5,81.70099035127484
Evgihg,Xoxznqi,13818,87,Male,4,97.0176128001654
Dmdcrukp,Nqblsdmf,2343,43,Male,5,71.75048865419573
Sqlekkp,Lakcbgorj,12943,58,Male,3,59.7650764742684
Wslurcm,Vmezl,15315,77,Female,4,85.29581002261433
Oddsyvjzb,Vdgu,2443,30,Female,5,100.0
Qbebr,Incedqg,18853,75,Male,5,100.0
Xslzu,Svhut,11549,79,Male,1,78.62493329642875
Didctldh,Picw,17194,25,Other,2,81.5163429803281
Pcnfixob,Kxmuggn,3008,69,Female,1,65.83109928775914
Ujzj,Ldmk,9369,71,Female,2,48.079931708782134
Ydtegt,Vyflevzjo,6339,46,Female,4,78.44966419497601
Ypygzyw,Qyfi,1853,55,Other,5,99.39331131016381
Xkbcb,Tplmc,14763,66,Female,3,76.49294124851451
Vedxnl,Opsymay,18777,74,Male,3,81.75818989192342
Zcuyiwhfp,Kznyg,5817,87,Male,5,100.0
Tnflxh,Frpiwcjz,12442,31,Other,5,90.54941782533986
Cifik,Wguitw,1591,71,,1,55.451533051699315
Kpjswugr,Gryrmln,16132,85,Female,1,64.80731627486256
Xaefbv,Dteyvwbj,2763,29,Female,1,67.13474414807058
Rqodksj,Zimbs,13390,48,Male,4,63.884516736741716
Myhob,Qwzgfmki,6778,95,Male,5,84.80122508104591
Iavdsasc,Woiopddlz,13802,87,Female,3,49.20158476093077
Jkdvniuqr,Dbpqzv,3811,41,Male,4,85.03971321928921
Amiglavk,Jxdyjy,14469,67,Female,1,61.36142536796976
Rhfjje,Gntjctf,11758,95,Female,1,51.47923237169661
Mcrwdcryi,Xbelxpozt,7979,20,Other,1,82.55703435239163
Zydzy,Gkqzp,16551,26,Male,4,79.19911383767072
Pjzfrkq,Azhahg,11655,93,Other,1,62.81170818183249
Lhaoxwy,Lvrv,17631,90,Male,1,74.93155107910019
Uhmikkghw,Ahdmsonh,12925,96,Female,2,72.91769845910444
Ilhowxcf,Bayugipdn,18990,37,,1,64.32776628038718
Jyiybh,Htnf,15423,24,Female,2,85.28551853598923
Srxmjn,Piqeh,16129,26,Female,3,73.15091528127078
Xcfdwvzg,Fbjtximjq,17882,78,Female,4,87.08835146108981
Imefsd,Aykt,12529,65,Female,3,85.54992391504408
Hqvzn,Sjagopuqe,9458,82,Female,1,60.399089532297765
Ggrubk,Qquert,8434,29,Female,2,70.47304436266352
Shflcay,Ihye,12020,96,Male,5,78.69642337756453
Nhcuqb,Cgnqc,16280,42,Female,3,72.11004402782362
Mmdqfpvxu,Vgnpkbk,3921,75,Female,3,84.59810602661068
Bzoid,Xriooqaxl,1000,75,Female,1,57.50528125919637
Sakbjz,Yedxvfcfc,2536,30,Male,2,80.49769422853485
Khwatspe,Pcgc,14499,55,Male,5,93.37397720244829
Zptt,Xwnyivza,8879,44,Male,1,86.8607881754548
Rpxsfctdv,Tpike,3518,69,Female,1,79.07050878189845
Rfephc,Hiby,19765,39,Other,3,68.92986003504147
Rqclgznf,Tknjvahqf,6378,48,Male,1,50.80937359269587
Zmfwqc,Oknrmi,10350,34,Male,5,83.171784166925
Vtzgp,Riaidgzs,12236,73,Female,3,63.578889840214885
Yijptl,Bpcz,12015,82,Other,1,69.10276462887926
Xyzt,Sjotm,14831,25,Male,2,80.13608495510755
Gsglwzpq,Ioityod,13529,93,Male,2,56.00155324570454
Jbmjbmh,Fbhim,12612,60,Female,5,88.79884855445891
Doawtlbft,Nmdetb,3104,49,Female,3,86.63543914784691
Mwrodlc,Pyejmjj,5257,46,Female,2,55.4050368146393
Vjuqp,Xzclys,6426,53,Male,4,73.36180906277431
Rcsn,Mypaxq,14032,78,Male,2,66.36444207025106
Yypft,Xicuyklrp,2943,89,Male,4,78.46360371398254
Lkbl,Uzen,7429,77,Male,4,77.17929525229343
Ljdhj,Kdtuidv,13950,70,Other,4,68.90970298826745
Capalelhv,Srtfa,5666,97,Male,1,64.61337892442077
Czlyg,Smybsr,14117,42,Male,1,65.42403387318787
Emtklsc,Zlvsm,5908,62,Male,5,78.67508692234742
Abvyg,Qutgrtec,7808,40,Male,4,76.4884602428506
Htqeffzo,Topq,10962,84,Female,3,62.569131983688706
Cmtl,Nxexlzk,6202,65,Female,5,78.7392411638089
Glrohqqy,Bzsyn,9106,36,Male,2,69.34548136607258
Aqskiq,Rpklt,6031,20,Female,4,91.7027771683921
Lcjietwc,Vmavv,1882,95,Male,2,75.26395538657974
Dzqlfl,Rgvskqu,1280,69,Female,1,63.03891978576606
Zkahx,Utkk,18294,93,Male,4,84.20533755015937
Ipbvvmeu,Clhpgvfl,19632,19,Male,3,55.795477232379206
Yhurny,Sukdmuajr,13331,54,Female,1,83.16216220836142
Uvdrljx,Slvx,17696,43,Male,5,92.20340260937631
Xxlbgdboy,Byuh,1533,82,Male,3,84.67811916595203
Zaikhcsq,Znuysh,12271,94,Male,3,45.11931770813436
Fklglwpim,Dkokfzjh,14290,83,,2,80.36068231238337
Tppznum,Qvgvx,4719,25,Female,3,67.59943453736814
Khsu,Aiwpuvxoa,2960,82,Male,5,80.3398738468309
Vlra,Vybhtim,17278,26,Male,2,53.31078919789747
Zjksbwqcr,Bksmrnbs,9501,72,Male,1,80.67973222991313
Vuen,Bnrrv,4656,52,Female,5,75.80972803072814
Mjvfptzlh,Bjvt,4122,30,Male,1,58.19549441331053
Hdprrbtdc,Tcnnmcf,9261,44,Female,3,95.35222152164076
Gzwzxl,Ftiogdpi,15189,97,Female,5,100.0
Ygqxcdo,Gqkppkz,8097,75,Female,5,92.43877061453983
Hvpn,Vbws,19100,85,Female,1,56.46617134192612
Rsauzgamf,Hihdjrc,12245,43,Male,1,84.53926491486324
Ktgelji,Pjhqmvzfb,17589,95,Male,4,85.07122061766243
Drlznifr,Oacpbyfu,11150,83,Male,3,78.34849646434466
Cuyoefwuq,Odobez,10378,24,Female,3,63.39775875820434
Ooqfja,Tfhgwl,7855,74,Female,5,98.39219167193302
Tazmtsm,Luvnuc,4501,95,Female,5,92.96120914573538
Voojl,Jhmcshjw,4339,24,Male,4,77.4864791150621
Vpjmpnqy,Zisobixb,1072,69,Male,1,59.50268720194968
Lqfw,Wjxstuh,4538,27,Female,1,52.086075422488356
Jssicmpq,Nucxmqson,6998,76,Female,1,82.67525558854925
Fbewwauee,Kpxudjv,3720,36,Female,5,77.70495370964306
Ibhbcgbg,Ysvoyg,19857,28,Other,2,77.28635086466494
Obvf,Zrjezf,4561,60,Female,4,84.35812345312418
Nhefh,Ndav,1548,98,Male,2,70.19718239964136
Vjmwnep,Gwyb,16503,65,Male,5,69.32155091260816
Wsrc,Bovalmo,13694,38,Female,4,87.74611982140065
Sexeloxci,Rvqabki,7696,19,Male,1,67.05029860886773
Dtcdjdg,Bpxqrkmx,9860,32,Other,5,85.01778225783423
Btqejf,Ewxfw,6558,67,Male,3,52.97012459697375
Seelvdc,Tscc,4491,48,Female,4,90.40760518661723
Vflwpivm,Fbqd,3115,27,Male,2,86.58123341777997
Wecgfjkog,Covx,5804,29,Other,2,78.98736464806383
Pjubesbho,Hdpkffz,2432,46,Male,4,81.47455802241228
Egfqfovn,Dysnxba,18164,84,Male,2,78.69921775774665
Lltnr,Geslgvxr,15712,27,Male,5,82.17743880874407
Tpag,Yvdqsg,15753,73,Male,1,70.39420372539355
Pykvsch,Iini,11988,56,Male,5,74.1632744978106
Qxrb,Fljbnqm,3120,86,Male,2,82.7326942816164
Qwnj,Ozmas,11715,79,Male,3,85.11075592390125
Ejtapng,Rgzfbgbok,13887,24,Female,2,77.95167353490095
Yhztlxj,Eaeojifi,9698,57,Female,3,83.43255140726104
Otlwxr,Xzjaafnjc,2801,18,Female,1,55.08266382772688
Obyumi,Jovhg,17478,94,Male,5,89.80463262024249
Bnvijirn,Halb,1768,72,Male,5,87.3614355251403
Mrksod,Gyuvbcsxp,2950,60,Female,2,63.699061169071754
Bdnpohiu,Vaet,3406,83,Other,5,84.1429644799912
Njhxulmk,Yczfjgy,7178,71,Male,2,61.8204515601425
Xpzylsx,Wohvffrb,12678,45,Female,4,55.99291711562147
Iwlhbibrt,Evtpo,5998,33,Male,3,73.40139022336665
Fflf,Aexzvn,1498,60,Male,3,63.776628791813565
Cpro,Oxoljcpzp,17506,90,Male,1,64.4386528449855
Ywhl,Cvgsragw,2678,46,Female,2,65.89797129187379
Gvjqwr,Eawepe,14251,77,Female,5,78.73905545345144
Ultmyzf,Rfhgogj,19504,49,Female,4,97.23022863165016
Zvmsvkh,Owxxlado,17136,68,Male,5,50.82149017120166
Qzoawvvhq,Kygevj,9342,31,Female,4,78.22755861214652
Wveyetscq,Higsyjjmi,17372,24,Female,2,48.19014245078127
Orkit,Jwbyoawgb,1201,42,Female,1,47.52153411526747
Ujgufkt,Zishnbsd,14802,43,Other,4,86.29930272275735
Wgjcqgnlp,Dlurg,18708,53,Male,3,58.905582021179946
Sklps,Zowwn,1131,72,Female,3,87.64349808251845
Xhkfbqhrm,Tvixs,10382,44,Male,5,93.38921366638837
Tafssbwa,Ydmwnjwj,8169,91,Female,4,91.81733570213812
Xwbeswqfm,Rcqgfwljk,19038,30,Male,4,81.07428569899986
Jccekswnp,Vttlrrox,17697,35,Male,4,77.548542324354
Lwqzz,Sokozs,10754,42,Male,1,63.1857593307319
Dwhpb,Zizpnt,13695,90,Male,3,72.70666922771636
Qghp,Luty,3968,38,Female,1,54.819489578360745
Ljkt,Hsirkyok,9364,40,Other,2,56.326701215777916
Idrigt,Nesdw,14478,55,Male,4,72.48406468596667
Nhtzq,Iomnrnvpn,19212,92,Male,2,73.91500504193219
Wvcsvsemd,Nfejo,19777,75,Male,5,79.97546113797432
Rezxla,Weet,12745,44,Female,1,54.199677764510945
Pwmllllcb,Gfejs,3734,75,Female,1,58.34426395947502
Njlki,Hbgegylj,2955,31,Female,5,74.78924339624834
Pniaz,Biywpmx,10023,85,Male,3,69.55785111524065
Jvube,Dceb,17176,54,Female,5,86.10466984729072
Xkqdkca,Pxdg,8763,89,Female,5,85.91147975506813
Adjm,Adcoq,16684,42,Male,3,78.07869671310269
Yhta,Yrgoygoh,1165,28,Female,1,43.38570098526078
Qiwylhtq,Oldsf,19851,31,Female,2,95.28461385515376
Stlxkpsd,Afvf,1554,36,Male,5,81.38059074151478
Ijpchf,Ytixmumx,12456,28,Female,4,87.19189952960394
Zwcr,Vcmyt,11974,43,Other,3,67.25260917425835
Svmcz,Ylbgxzcaj,2944,42,Female,3,78.28123373651209
Gefvi,Idkerth,5256,42,,4,82.51519358247643
Xjvnfpor,Czktpsnm,5225,25,Male,2,58.683852096398695
Xcdugeop,Txlryfvu,12692,44,Female,1,66.18002457857759
Uqei,Qung,17889,47,,2,60.49262298017414
Epuuhtqtj,Muqo,12953,72,Male,5,93.03785715925602
Sdgnn,Jcvw,18711,59,Male,1,83.35935043381707
Blbalywrk,Jbkskghtu,16605,59,Female,3,87.95947436854138
Cunrkyu,Scoxjzi,10111,44,,1,59.38766166448623
Upnh,Hkmgxmde,8153,49,Male,1,75.12623989530303
Nrcujc,Nbzh,14101,43,Other,5,100.0
Wkhzaq,Wvul,12365,56,Other,2,76.79543977057041
Gnzvr,Wgnw,8276,32,Female,1,72.80799107555615
Zoftrgzwl,Yrwb,11998,55,Female,1,80.87027373868054
Hktrkvq,Vkupbo,10746,28,Male,1,50.91446232985092
Lxmkk,Viyf,9900,65,Female,3,75.59049367334998
Gsxlv,Gktejpiwc,13084,28,Female,5,100.0
Ghrj,Oohujvv,13187,81,Male,4,94.68775195405178
Lghxq,Iljfxaerv,7850,48,Male,5,99.52156336341558
Htjotbzh,Uuyllfth,19308,50,Male,2,69.79592384139609
Tgszsrylw,Dxuzf,13693,47,Male,4,81.38906014714863
Eeizjd,Ssvtjyp,2999,61,Female,4,73.9665491501223
Tmiy,Tfzswjs,19552,79,Male,5,78.78792954272141
Omrwnhl,Gtlpfur,11338,49,,3,85.66443943399038
Lzyqgms,Gdsoo,11671,66,Female,5,91.52263375302329
Ukmftide,Aytx,13942,61,Male,4,98.14468411035563
Msdvhkyh,Hfoqoegc,15976,50,Male,1,63.72252266484511
Lsbrxyg,Frhtd,15055,95,Male,3,82.63273879281746
Jnuoe,Nxhrbbdy,14819,70,Female,1,72.2243616569397
Mqncbp,Hdpqtwfh,18941,26,Female,4,90.55985378321492
Gzleyv,Svjsc,13379,37,,4,79.25404328086785
Nkfin,Utnin,1337,59,Male,3,100.0
Okpclkee,Vrxqxif,7669,55,Male,4,100.0
Evyqyzh,Hikroa,6848,89,Male,1,58.98026470126087
Fvmtyulo,Reoyh,12596,24,Female,5,71.3586819125086
Qaci,Tvkg,4358,32,Female,1,81.10021240724764
Glnnkxak,Uvud,6397,89,Female,4,85.25027651316583
Zgvaec,Bsean,8137,73,Female,3,84.01209837639614
Iqlydnk,Jeijqnqp,2785,59,Male,4,100.0
Lwzcbzr,Kbsvtrfkt,1749,36,Female,5,96.41495855868868
Uenq,Opstggw,15819,84,Female,2,59.56502040573979
Jjwiw,Hamsigi,17847,83,Male,5,96.22572590049298
Qylbi,Ddao,6016,25,Male,1,71.11002973167837
Cdhhkphj,Shwzyb,5476,97,Male,2,64.64354995417926
Xcrmqzqag,Ygufjhav,7378,45,Other,3,74.60331154132328
Mlxznsu,Uelxkodxt,10965,40,Female,1,48.41561221767873
Npwma,Hrhdcsxj,13840,49,Male,4,95.3519445195535
Jbcrvqc,Pfjbrnc,15925,47,Male,2,83.51800308295742
Boao,Vczwud,10493,68,Male,3,78.92451317469025
Jicuei,Eoukytf,13682,32,Male,4,93.71582364086761
Qxwljwyjx,Qrkdhw,13103,80,Female,3,70.9168115747162
Phqiniiq,Fgcoevq,3049,49,Other,4,84.2730163312157
Jwfqaackp,Wjbj,1272,71,Male,4,67.92898908901661
Ufeah,Ywjpai,17162,94,Female,4,82.43469930267952
Wtvrnkym,Dkbm,3833,67,Female,3,61.61898992948649
Ljxfyvp,Egtqo,1691,20,Male,3,58.65622551709859
Nxpzuelj,Knsiqtiqd,15969,24,Female,5,97.59210971137492
Angeozzj,Rtakw,10956,96,Male,4,98.69224382972139
Gsvdhrm,Yqqdetalh,6965,44,Female,5,78.65126982379417
Mdibmbaj,Ykrfjnz,9680,26,Female,1,78.7266810186698
Krqlgkbd,Hxymfc,18281,48,Male,2,51.20875003411116
Yukgs,Rhmtnp,19267,93,Female,1,67.87097496916437
Odggcmz,Orqsdfxc,4321,32,Female,2,65.73628830657343
Qmbbkph,Ulfkghlq,7571,64,Female,1,65.83292231595746
Dhqjwl,Zbyhvdirz,1994,80,Male,4,89.75119876349083
Ngpxcipbi,Ljkkvtbt,6850,63,Other,5,100.0
Latjska,Rbnqm,18246,21,Female,1,65.74571817166799
Zklpe,Yyvhp,12355,72,Male,3,71.90387476342633
Wjxphctny,Ggrs,8505,54,Female,4,59.82114675441335
Btozavty,Zvtafb,10310,68,Other,1,84.62028381564633
Ghmvial,Akhm,10834,75,Male,2,91.48932589611192
Qpje,Oblcef,7595,58,Male,5,81.38431497060856
Olxfkhpeh,Msuhmn,14276,39,Other,3,58.80217834397538
Uolzay,Uaxaayd,5150,27,Other,1,76.71947211435317
Pfbv,Nsjps,10852,95,Male,1,74.62492453802729
Lqewsurx,Gvawpcacp,10645,39,Other,4,81.88568924405331
Irohmaml,Sqhbtzjv,2806,41,,5,80.28492067814253
Zdizgwy,Hsalfplx,12042,79,Female,2,65.72185444174464
Ikvxryrkm,Uygiao,13574,77,Male,5,94.6021516666649
Rlgbv,Mpuilqu,14437,81,Female,3,84.1016697276198
Dvrrxres,Wris,15532,26,Female,5,73.4029519767025
Athnx,Epad,11420,92,Other,5,60.52019499097973
Eqfw,Pqidawjo,10054,88,Female,2,60.92512808442782
Refrrzd,Tmfgu,10525,87,Male,2,69.77038293952708
Esbh,Tiknbb,17037,83,Male,4,78.0085609795535
Vwojhqht,Gpleelv,7630,79,,2,72.95427274262998
Xncurg,Augiloug,12924,86,Other,5,85.64140136045977
Bpunivimq,Ridyw,16675,32,Female,3,57.58603631803552
Noznzwekn,Wego,14653,53,,4,89.94856571186374
Wyvqarr,Cuxacpy,16634,39,Female,3,92.04315677845948
Enitejza,Pcdb,12025,33,Female,2,62.246296148470975
Vgquqodf,Wlnmsgfsd,11868,35,Female,1,50.889968158669696
Iwfmetdp,Icmtchlbi,5974,37,Male,3,63.53122558190034
Unqgxs,Hjnvbsl,12041,41,Female,5,100.0
Hrzaaxyu,Mnpwqml,11112,31,Female,4,67.46890278517735
Clzpiwq,Oyonvu,1044,67,Male,2,91.7931769576704
Gsef,Vhesrpv,9155,18,,4,76.06164596050255
Ugdgnvzhp,Vkgwl,19162,45,Male,1,66.29604219718206
Pfzt,Haiah,9576,78,Male,3,69.37200376316252
Efrimm,Fpyg,5655,43,Male,5,80.08144808074984
Cwkq,Duyslyt,4326,34,Female,4,58.3904759488741
Aopwyk,Qgihcmq,16557,98,Female,2,52.24276694493469
Kgolfhrp,Ygpmhl,10940,45,Female,3,89.59937323353435
Sjkkyjg,Xnaur,9438,40,Female,1,80.74587879268049
Iepmd,Vprbh,17689,20,Female,3,67.41335967832441
Jert,Xxbxby,17733,80,Female,2,65.96131173529164
Cxff,Krgyyud,16509,59,Female,5,93.82295074296897
Cxzlbut,Deppzajv,6934,74,Male,5,82.53960386553108
Xptp,Qfnupbtti,13208,20,Male,5,79.12444859338464
Mxpvmrer,Rvuuojj,12444,57,Male,3,48.98980591081158
Tnoxqugc,Gojo,16646,72,Female,2,68.9543424149419
Hotkfy,Txoms,18105,21,Male,1,56.628723550038636
Lsblieey,Sudpo,19845,58,Other,1,79.92108508251582
Ekxeh,Lbefcople,6121,45,,5,82.56007986317084
Gepx,Wsnmyovyk,17356,61,Male,3,74.79945256733106
Kvusc,Skfuu,19257,86,Female,5,86.2183710956907
Cfon,Xolp,2673,41,Female,5,100.0
Vbdzbbqwj,Mskajshtf,16892,42,Male,5,88.03953871333135
Zwtph,Dgyo,9251,84,Female,2,59.58800964195402
Jvutnfb,Vfzvj,15343,29,Male,5,86.03973846026418
Rnxdpdbc,Twfoc,13064,31,Female,4,91.38252988814747
Nneuip,Rkfxbiod,17802,79,Female,3,76.72561255918092
Bnlrtii,Sava,11733,71,Female,1,66.51725862598698
Ofkqnzo,Yfwdf,19185,73,Female,3,61.10621983672583
Mukgdcmuu,Crpxr,6506,35,Male,4,87.07537417032532
Vzviplc,Eujtemga,11284,52,Male,4,96.68344407213566
Kmnsmexx,Bomyshgxp,4598,44,Male,1,84.57486565246833
Abhymw,Iossbvy,6573,76,Other,2,74.6326634661934
Omlrkwqv,Zucwumtzy,6473,93,Male,4,64.1252553544006
Dmfiaed,Wbxh,6698,56,Male,3,83.18650010217392
Ydtc,Fqeifd,7053,95,Female,3,64.5033470057543
Lkxmxbotb,Pisdmntl,11848,54,Male,3,73.59799150132042
Qbwlw,Zrmq,6120,72,Male,4,79.02076045037603
Cnvzxb,Ggbev,6562,81,Male,3,76.13977643069997
Taqwusple,Qqswo,15951,59,Female,4,76.7891462648997
Yzvimmn,Jdgl,5170,93,Male,4,76.57994493775982
Apkroez,Gikk,6612,50,Female,3,82.29853304314308
Sjlysdeh,Gzidiiukq,13320,96,Male,5,81.05322862231273
Zkjm,Ualcez,12422,64,Female,4,70.52843696205156
Hpetypkvh,Lxekp,11438,18,Female,5,95.69290449064346
Dbuxog,Vlgfjqrq,17704,47,Male,2,64.73015218102205
Gxhufhypz,Igzakqbp,3488,49,Female,2,75.76217801262295
Yejrey,Ngsfejw,17490,56,Female,3,94.11955920422928
Evjp,Ucfyhzu,10580,76,Female,4,71.37389296257975
Cdxwitujy,Itgxqnyy,7490,84,Other,5,72.3055729511713
Qfog,Itlf,4616,62,Male,5,90.0285634407987
Sdvi,Zgaok,10977,69,Male,5,81.3154895077752
Sqdfsau,Ayvqmio,15264,41,Male,3,80.39545735573816
Pigj,Ytst,4766,26,Female,2,73.70750775183174
Xrqsbfjyp,Yrlgslfe,5408,81,Male,3,66.76645691215128
Jrbmm,Ahbqj,8338,54,Female,2,83.33936746264769
Mdgjqw,Lllpfx,16000,54,Male,2,76.22953383988992
Hydz,Fknbh,3119,39,Female,4,88.65984522052817
Bavau,Damk,5663,20,Female,5,97.91433004510533
Seemfzmdh,Expiol,3268,61,Male,4,77.93051364689094
Qvmhg,Kmsiftz,5522,54,Male,1,61.68432653819049
Dxaoin,Ehchwyum,15308,22,Female,3,76.37514050106299
Qrmrsezzw,Ahjso,18700,74,Other,4,79.95646981603403
Ylbz,Fthygiww,4915,49,Male,4,82.34037109597897
Zmuwau,Tqmqueo,18515,75,Male,3,70.03877719076536
Pdfqqj,Uartmnz,6463,24,Male,5,88.24094412021395
Ixvfz,Coqwzjozs,11255,93,Male,3,69.37549065628811
Hmetjfceq,Zqhqrv,15172,24,Male,1,69.04999649437343
Xcwponzg,Qnrbwa,8393,97,Female,4,64.7700156259285
Onol,Wxxzp,19605,58,,1,53.615079898659744
Cpqnmypqs,Hkjyxhvzn,1975,66,Male,2,42.00659496713335
Wrzlnpaf,Mrhypfo,14188,26,Male,3,80.40900073572618
Qtkknher,Pfzrxgjt,13880,94,Female,5,96.12052871374642
Emlk,Cexhxebur,16656,25,Other,2,66.04848875487127
Amibv,Uilf,4544,59,Female,3,89.02324318423223
Fvrcioz,Jbofsxw,4734,61,Other,5,87.551578896339
Wvzlwfpkq,Kfzdlm,11649,45,,1,67.33154912605704
Jznqduuv,Txtaesj,13974,50,Male,4,86.17053716714311
Gvdiwazv,Drns,2743,81,Other,5,94.95100007804646
Ifuezsxas,Dztfexqta,5303,52,Male,3,72.30669108579225
Qrfl,Gxtahoeax,9037,92,,3,80.65715347734208
Ymxyaai,Jgikdznb,15708,47,Other,4,95.49897291849967
Lpvprpih,Xoaqdxqpg,11845,20,,3,61.14952107512866
Omtd,Xaquiso,7891,96,Other,1,48.31825940588182
Eablvgs,Ekcxavo,6954,47,Other,5,72.62190533904047
Cdwxstev,Zqwgkhqyj,10498,97,Other,4,72.98789814215033
Ugwi,Lbhxzak,12817,33,Male,4,75.64891911728118
Msuidrmc,Ywcxm,13932,97,Other,2,61.82622474445214
Aoywodo,Rgsptktw,2490,26,Female,3,75.13141688740014
Udjrgoik,Wjzwfwx,2923,93,Male,5,89.8415679693661
Znzpypb,Ygdkvqsd,19954,97,Female,5,75.84494520899325
Wwtxyfi,Kaayx,19628,80,Female,2,61.6062957103884
Ywcvce,Ndgktf,5458,88,Female,4,73.35824379888706
Ubkywzsj,Yhnzh,2407,50,Female,5,100.0
Picgxrs,Fmbq,9901,76,,1,76.55471830722419
Kyracbh,Tyalvpi,10698,90,Male,1,65.30004739615234
Fxgcysb,Eimlcqq,5746,52,Female,2,71.4609746464103
Uytr,Pjzbmzw,19638,50,Male,1,73.2256584075658
Oxhpt,Khuj,3727,45,Male,4,75.85220554579354
Syihuc,Qrbeexruk,8749,50,Female,5,76.87466011196742
Kqln,Tngr,12352,58,Male,5,100.0
Opehbk,Tplqm,5028,19,Female,2,53.77002706863146
Oxmwcytoe,Ucgtoqcn,18318,54,Male,2,61.20340065687657
Jhtaqqvrw,Wowjwtea,5483,57,Male,3,61.376076387863634
Pdice,Xxfehtib,5438,79,Other,1,56.75761855956967
Rdqu,Dwcxbn,12625,55,Male,3,73.50948087331052
Wsbl,Edsgokw,3863,56,Female,4,57.81375264683066
Sldoui,Gqjnloqf,5247,68,Male,3,72.85893388659697
Tgot,Eyekmb,11810,96,Female,1,58.59422284770007
Mvip,Tasbjd,2611,84,Female,5,67.30002212496981
Benfzwr,Lmekua,5774,59,Male,1,53.271638148386415
Hfvogvmj,Vymz,7334,76,Female,1,67.30259453410176
Atrdozti,Qqnm,7559,56,Female,4,59.759550576050394
Bnezkmooe,Jzfabm,16776,61,Male,2,59.1853937346291
Pwkxm,Sgkcljctl,8617,91,Female,4,91.45289658109517
Utolmxfc,Bqakipact,2561,36,Male,2,74.67330587964113
Edkij,Pmqydavby,17415,90,Female,2,79.78523716429198
Qcelgtxav,Gbag,10153,42,Female,2,62.8859278086646
Gdsi,Jvgxjueq,4988,37,Other,4,89.27540417988429
Vilwp,Pirbqvyr,3707,23,Male,1,49.952669829699815
Wkwfry,Unsrlz,8496,66,Female,1,76.44201067260886
Zoxfjgwds,Xhgw,4103,64,Male,5,80.06970209158268
Fmjdhdvm,Mnzpu,10535,46,Male,2,84.23169144517135
Qddaco,Qylybm,6900,21,Other,3,66.28718170725631
Hudxbvn,Qgljnrob,5355,22,Female,2,71.08884401579174
Dqlgnehua,Tlpdjbw,1589,76,Female,2,89.04276433854498
Gawcte,Zldihxseg,14588,83,Female,1,67.02045598462965
Nepgsglek,Cdbtssx,1124,31,Female,4,74.67330501277274
Efcw,Lhklldutg,17177,59,Other,3,70.34900092548972
Dbfsqczv,Duizj,19168,51,Female,2,47.79417195861175
Feojwl,Vqdblemv,5681,68,Other,5,75.34236352268454
Goun,Kmkydimzk,10266,28,Female,3,90.37266443749746
Zzxvpeaos,Fqcsqe,14930,63,Female,3,62.24108575999286
Hnxtc,Zswgqhyje,11286,26,Male,1,51.58477761778903
Ouqwvog,Kqnbw,6390,29,Female,2,62.4886764725974
Vknekxqd,Pfonokle,3931,45,Male,4,82.94844654845505
Odhfrj,Hvoeaxio,15616,20,Male,3,83.4619864960417
Qrolad,Bhxslsy,15899,94,Female,5,91.30263828093454
Imiqdam,Uhwdzs,19592,54,Male,4,71.06972779734258
Tknej,Myaxh,17901,55,Male,1,68.86787888469132
Ekpx,Efvwrn,1428,23,Male,1,54.893248893692196
Iplbfs,Gsjl,19639,93,Other,1,45.10142383864631
Scfpoh,Fmuovkv,13834,29,Female,4,83.24821069805941
Xctrbjsp,Wyhrqsyti,12096,24,Female,1,71.35514111770694
Mglj,Xtaxtjygb,8166,84,Female,4,72.61597790430949
Nfpotzi,Jusa,11506,55,Female,2,75.40408728228667
Xudz,Gzjtzgt,8746,91,Other,4,72.52682268543339
Qjmzxrxfe,Knbbg,2348,77,Female,2,76.16565158636091
Luonl,Aeud,1577,84,Female,2,67.3307499166383
Ynifixkch,Vnplbg,15474,70,Female,3,73.42333673522867
Kqsn,Pebfdzb,19989,54,Male,3,64.10006678467632
Oskhc,Wnkhh,4689,80,Other,3,94.65329379520809
Nlcewv,Syzwwjzes,15774,88,Female,1,49.35642772277926
Qdvmho,Smurd,3095,55,Female,1,76.66378499827633
Wyfwym,Lomvmroj,10695,65,Female,1,73.12689435095179
Wozxjbsu,Zzktmcre,8833,75,Male,2,76.65033002653396
Xthknyb,Xlmw,8313,73,Female,2,94.83524584567834
Beuuu,Bonfwxsp,16842,31,Male,5,100.0
Efejsir,Sgdkcmup,6791,55,Male,2,58.76803409445431
Kjrrstnw,Plgluwgtw,18238,36,Male,3,93.12122146186326
Sdkc,Gsmmhniuw,9851,50,Other,2,60.07416128080159
Hxrtosq,Ezryjwrx,18081,81,Female,5,98.78146684674431
Gzubqgqmt,Equkwvkbq,15018,69,Female,2,60.57024067436201
Yajf,Jzlzrgdkv,14354,28,Female,4,69.34769107545046
Bwsk,Yjwq,8390,45,Female,3,86.34596152698214
Xmlc,Vskninttd,6133,91,Female,1,70.58584050217722
Fmtdqruhw,Dokfw,10300,86,Female,5,94.7300561429736
Mzhylk,Emjc,15659,86,Male,2,81.1362220328538
Foomvvj,Jeljqg,18573,27,Female,2,45.39745882325481
Aqogj,Gwqhfx,13024,25,Male,1,61.48805534587118
Alpz,Njvn,11636,21,Female,1,70.83526178838942
Tbceyfl,Qhao,2244,19,Female,3,85.46771104177998
Fttszwb,Dgwg,14131,95,Female,4,87.48787355797221
Bgwwz,Xqst,7956,40,Female,3,94.94027642812074
Wnepwc,Zakcib,12021,76,Female,1,70.55178754469462
Skvfai,Kkzclazgf,2119,31,Male,5,77.08345823819084
Fmhdevfoi,Rrna,10677,92,Female,1,74.1342902345024
Hdmegjjrx,Mtnklgndx,8624,69,Female,2,75.42312610113996
Ymtwfbwd,Adnhunzf,11532,77,Other,3,76.67119296960091
Fpleadc,Tnkoq,1371,47,Female,1,68.61519282925943
Uycpm,Kibooby,9867,80,Female,4,78.67411429736241
Atoxn,Ytkgjkupe,18057,31,Male,1,71.18181070275718
Nkhnuvvq,Sfqifc,3321,28,Male,2,64.55689719510741
Afgvh,Fmpchwe,19367,88,,2,63.10610737053182
Mghwjlj,Egll,14424,59,Female,3,76.90758405645981
Xjpcnud,Nafcm,14883,24,Female,3,82.47416640331012
Dhedwxi,Kurry,14048,47,Male,3,83.10447480277941
Kggcekmp,Zobnb,6497,59,Other,1,81.86388957711063
Crhffg,Jyeiipgph,3578,60,Female,2,65.45690558717163
Hqgdxuejn,Lrnxeike,12611,83,Female,1,48.80378846874112
Srqlunvo,Ibbi,8878,42,Female,5,85.2859550506848
Ktplt,Hygxe,11790,89,Male,3,90.51517079649918
Whus,Pdgubqmu,3775,49,Male,4,70.66468819660868
Cjwsdclt,Fpgn,15105,83,Male,2,69.28543043388069
Euivthv,Txrlvgky,6988,52,Male,1,64.6682200022918
Mwckp,Wfvxvec,3610,27,Female,4,83.22017582829687
Ghsnhjj,Fyamy,8464,93,Female,2,74.12630194241443
Ooot,Yomlxtb,16166,87,,2,76.38802002771864
Burbjgjse,Rwklsr,18496,67,Other,4,81.16328153918036
Modl,Jihiy,14097,46,Female,2,78.53397233062702
Dsgolfm,Tbvitem,1612,90,Male,5,92.32709364332564
Rirlalis,Mnvbvrwoo,2877,59,Male,1,80.71483507916872
Qouyqghnp,Ezmuqlbx,17100,58,Male,1,69.56483870009565
Giep,Nftzsmbaw,6110,84,Female,1,49.447548980523734
Rangwjias,Ohtmi,14374,80,Female,4,80.46065481272817
Rhtoyqq,Tbzikh,14836,56,Other,4,85.12506796454397
Kfskrholq,Whgf,14053,23,Female,4,68.45691335677893
Wcbwg,Jewjgqqj,4397,23,Male,3,66.00045993620293
Afcs,Zqhsd,12944,29,Male,3,76.26998991135106
Cqbqb,Inrqfbrgi,8736,88,Male,2,77.92017269980113
Pljohkz,Esic,10125,85,Male,3,73.52513786833677
Niwpk,Tduc,1325,52,Male,1,75.7790792075645
Nlourfb,Yjxyal,5415,61,Male,3,82.57650215751431
Wmts,Yucunyg,15038,96,Male,5,70.11998144349702
Fytonqcxw,Qaciriq,7553,42,Male,5,68.91167792079848
Csedb,Ktwjtfyt,10331,45,Female,5,76.28738768868367
Hpsxhgzh,Quazubjd,17974,96,Female,2,71.74460003364199
Puljlv,Bslzqopui,13303,93,Female,1,62.3248171867457
Wucy,Qhdl,7057,73,Female,1,55.44030391976117
Uviczviaq,Jnvnob,18921,59,Male,3,75.85895313262174
Jezdtdgcv,Nily,10047,60,Other,3,85.40272959366287
Iunduxd,Zjuk,7257,45,Female,3,72.01141774978879
Xqenyx,Znji,5728,24,Female,4,91.7521433954457
Klfddi,Oncta,14921,66,Male,1,59.04024246272091
Ynqvmrynh,Ntqj,2305,27,Female,3,58.71182556413049
Oeyjogk,Ffup,8356,24,Male,1,67.61469900967141
Wrebsbggi,Lxtibl,17642,61,Other,2,71.07263694897578
Lztne,Dtlo,19645,42,Male,4,89.07863682904349
Jfelzs,Vlzqy,8764,52,Female,5,80.42821433107801
Nauz,Vkeeyiosj,19460,50,Female,5,89.14593447674432
Xnaeoak,Zwpozats,4907,96,Female,3,87.49615504827156
Fpmd,Oedtmh,17820,66,Female,4,61.36307610323997
Ejgnviftm,Lymhr,16878,41,Female,2,77.9386469405909
Copfzpxdy,Mtpddwcyz,1364,89,Female,3,66.71107623696535
Ogcvgce,Efdlcynn,6493,29,Female,5,71.88524165853401
Hehvs,Rznjpoe,12034,66,Female,4,76.18997718411367
Xlemp,Phaocd,3340,66,Male,5,100.0
Xvkoh,Lzebv,5890,74,Other,2,72.04057147815601
Qkfhqge,Bbveug,1642,59,,1,62.52386551724004
Kxsom,Hjfjh,2686,30,Male,4,85.56133998133639
Muqikwo,Dqtpxgnwx,15556,70,Female,4,91.50496381084957
Fksxgs,Hlnayd,13635,81,Male,4,81.9233506933763
Mygezduc,Sjwau,18265,86,Male,4,85.25873873002068
Hscel,Rozeu,6034,91,Female,5,77.0757488109574
Powppetck,Uudpgno,3296,62,Female,5,82.77505453204688
Zmpdbisif,Gbwzj,8020,96,Male,3,66.46780538440022
Itanuam,Byarhdxx,5167,39,Male,1,52.39752092936835
Sumbkhx,Lwgjzwwd,18284,46,,2,73.64036862461225
Rktb,Dqcb,19466,55,Male,5,84.89155796417904
Qkehwho,Cvtgrh,14329,89,Male,3,86.96569620897809
Tdthpdsyx,Qbpy,14401,87,Female,2,70.52514725441975
Mefnj,Frdzn,16314,77,Female,5,65.42770189302554
Yuxiqjqq,Xperqscbu,14901,54,Female,5,75.07630903979003
Gqmmlwxwf,Fkttxd,6105,62,Female,1,86.34553169806303
Zujr,Rcjfyt,10459,67,Female,3,65.59427440654079
Akltqbhdw,Pogtgg,8904,83,Female,2,68.87925948811804
Kgjund,Zzpmcfrh,15718,58,Male,2,78.76060724072002
Qhomryt,Anbkc,4902,39,Female,2,80.36765547109856
Dzcrpza,Bzeuyiwd,11299,86,Female,4,71.02369232269464
Fyhj,Fvpbe,3937,96,Female,5,100.0
Fzyfvodb,Wwglikb,8449,85,Female,4,68.72061317377094
Olfsrea,Ggmlvmkjy,17409,86,Female,2,78.86261172715567
Tetmkmipi,Urmnu,3197,88,Male,1,52.14254978024685
Tejk,Jygg,18984,62,Male,3,80.03104938480307
Uxewjz,Bfbpa,10231,64,Other,4,95.38803934576814
Edtvzo,Adts,3982,60,Male,4,85.44237821651461
Movu,Ekiwf,17202,67,Male,2,89.43274008607064
Rekezn,Detvuac,5115,71,Male,1,55.03013668581638
Nhpddcdsg,Gbjyjdpjm,5611,97,Female,1,73.29488859239501
Xrkz,Hwyw,17744,63,Female,4,77.30883591912647
Okkh,Wfgowovq,2738,54,Female,1,81.03337940202367
Cpfwpml,Ymxkp,6190,29,Female,1,72.98859684693313
Gemlife,Levifzitw,13056,59,Female,2,82.57216076503445
Brodwuaj,Zfmnyanc,1070,28,Female,3,70.27599162511221
Jhnwfgep,Vcdftm,17953,89,Other,3,79.3069895086652
Qnoknytof,Vsxehuunp,2072,37,Female,2,46.79292338597514
Rapwoo,Busyny,10449,66,Female,1,70.38483799173042
Uaomanho,Crzxmtyfk,18840,71,Male,4,100.0
Cdqadxxor,Umntvfbns,14141,18,Male,3,62.60547058117938
Ruqcv,Eubhxqkbv,1736,51,Male,4,89.23293811206858
Gshefkr,Pjptonco,5365,27,Male,2,72.75807533932702
Irnqwmxrz,Tklueyi,12204,21,Female,5,61.91728589746405
Fguu,Sehtn,13273,74,Male,3,85.17811495941541
Sjrpwf,Ycqhwbrv,15752,21,Other,4,67.42260711184709
Frhdw,Yliqr,2968,66,Male,2,48.59207814892449
Ucukm,Wpwpzxveq,17059,96,Other,5,100.0
Bwwnmrda,Vxisel,16361,85,,1,63.23402303589014
Vttbtx,Atamvr,4194,44,Other,2,86.94103631754882
Knowlucl,Ilyxa,13740,93,Female,2,64.90222276725801
Tbyhmthy,Bpceauy,10797,48,Male,4,92.7650125999961
Fjgvdbafi,Cmfupbg,16949,25,Male,3,55.59486664750038
Srqzxxqsf,Vsuhx,19446,50,Female,5,83.554864853852
Ntzrmk,Eril,11514,33,Male,3,65.23781791358498
Sarwmgox,Nsnpql,18659,18,Male,2,58.100181507788335
Qxauibio,Qqjvfx,1018,67,Female,5,68.6672106400224
Vxieceqh,Ndztsd,12669,75,Female,2,72.58843395430404
Trugbc,Laoc,2552,19,Other,2,64.66397299273413
Gsnbpskis,Hqizdigmo,15026,80,,2,78.85355857046456
Lkkb,Ukcqelpu,9112,89,Female,1,47.741535074017094
Wfatdkp,Gaahwhw,14987,74,Male,2,80.33086742657592
Djvotporf,Trzesp,6022,55,Female,1,70.20457488943481
Pjofjezl,Sbukma,4219,69,Male,2,75.49461540361362
Yhcdzyuyk,Icnqjrzlz,9264,66,Female,5,72.99737142927903
Vzqsn,Ighyzoobo,19345,39,Male,2,67.39719311726938
Izdzj,Oogwhxkcl,11349,55,,2,65.89732756808338
Oksayk,Ugeivb,7989,87,Male,4,97.28099182658082
Dyqmq,Dgkkd,3618,30,Female,4,72.00399543455137
Nqomolbk,Xbkqp,15239,73,Female,4,69.08990674919283
Cvfy,Askyliux,13675,67,Male,2,74.53127523458446
Nmarestxe,Jafuwl,10101,24,Female,1,80.64104821516221
Dlvwonrp,Hawy,10529,45,Male,1,57.13977562102951
Jxbsltnx,Siwg,11873,73,Other,3,75.03852128811286
Vpfejakcl,Xdppeu,11947,33,Female,2,60.36594677802728
Uduagsr,Cssowhrh,12935,60,Female,2,54.33221993625598
Ezitqztb,Ojnhb,4300,18,Male,1,62.955318900146736
Nnfudvj,Ssgn,13019,72,Female,4,88.3267132646737
Dyhwbsldw,Egwpqkgn,9684,74,Other,4,48.8381800597979
Ozauluyo,Ygjm,11123,59,Male,5,92.33197580233508
Qvfv,Fgiih,11136,21,Female,5,82.71543449463846
Ttciagf,Opsian,12680,77,Female,3,54.327073768468935
Yfoc,Onstp,10318,83,Female,5,85.74846916465995
Kquzefg,Yixisj,18126,18,,1,48.85050413752249
Trvspex,Wnoqp,3458,55,Male,4,84.79958201253672
Ynlixsfrk,Egmcarckz,14199,82,Male,3,80.94516113887208
Iynqmqh,Eyiqr,12504,35,Female,2,85.70911828869588
Jbje,Mdkwtbcr,18862,22,Female,2,64.48192815491299
Eagirv,Obkszog,18899,68,Male,5,77.50660318250772
Pcrnryds,Hvsqtgctl,15570,88,Female,4,98.56770372667955
Qsxycge,Wvsqbuo,3823,84,Female,5,83.43092247801923
Ufmo,Ncndeuyyc,10409,35,Male,1,83.33869937249695
Mqdspi,Ooqgue,19585,86,Other,2,71.17107545194138
Dbcs,Ufjpgvwau,16156,62,Female,2,86.63057683356115
Djjm,Tconz,11181,94,Male,3,69.88525988637377
Tyfl,Mlcp,19149,86,Male,1,64.0549500616646
Mhbbe,Ddcw,11034,43,Female,5,85.74002599100635
Vzgof,Zhvqwcm,13166,19,Female,5,91.16644392400134
Umdyphomx,Ceomqtc,19848,58,,1,60.802363065397465
Fjowijeb,Tjjf,14017,64,Female,3,59.12033547925938
Cxka,Xevymp,7921,70,Female,5,89.83373966285788
Yosdmr,Ypxepnvhf,7834,69,Male,3,78.91661960583431
Grynkbz,Levw,18298,44,Other,3,81.42982959720436
Ybrlj,Wdafw,4386,59,Female,4,58.48058942049257
Nnnrw,Estons,16604,86,Male,4,91.992894556944
Ylrh,Xipxelpk,7674,19,Female,1,48.65958704163354
Roai,Meakgy,10586,42,Female,4,93.94787756312928
Cxxcywgd,Siaaixb,7830,94,Female,5,63.531850403155154
Ycrasarse,Tqemnrs,9202,91,Female,2,78.38258933505671
Yqugbo,Tbiiqd,12005,67,,3,61.28594132987946
Jfoae,Immatd,8545,91,Female,4,82.57672956826198
Mhjajng,Xxzdwwh,2405,57,Male,2,71.67563247205928
Jhsqkshd,Wjitnzop,18367,78,Male,1,50.92519349866008
Zarhihpi,Hfavaff,15817,37,Female,5,77.48045109253985
Owrk,Rmvwqaa,8799,84,Male,1,80.43184497410944
Tmbsmstz,Ylke,9625,25,Female,1,52.68751101077136
Vidqub,Fmlg,1585,66,Other,1,58.00775438891693
Bpqll,Masouc,14283,48,Male,1,63.765361642488344
Uxuwlpk,Teuk,6517,74,Female,1,43.47193559643179
Vxnxu,Etfflic,18602,19,Female,3,99.54516204989999
Xajute,Lqqbditjz,8925,67,Male,5,97.38190603629636
Fttp,Xuzirrr,10410,29,Male,5,71.69985630985299
Afwkbeym,Obnyloeab,5630,81,Male,3,69.26117335681481
Jkpja,Kqafxsexr,10413,81,Male,2,100.0
Azxifa,Pcon,15923,95,,1,94.1911651315286
Zhhcdxcjq,Roqjy,12400,90,Female,5,100.0
Mhqqjd,Sagprore,18390,20,Female,1,47.26771354690699
Tbqpa,Zzyawuts,13068,92,Female,3,82.05756251203584
Orwongg,Xctaerxh,12389,87,Female,1,71.03253643401565
Rlfsq,Wpcbjvj,4020,31,Other,2,100.0
Dfgn,Ywlgy,14076,38,Female,5,83.68159633060415
Gzobn,Zxpoty,19074,97,Female,3,72.83696178548357
Gmxc,Tldlw,15522,96,Male,3,89.0065926788948
Mxbatepj,Otxq,14972,43,Male,4,79.18164831972301
Yhyhve,Bkwf,10359,20,Other,3,68.21012597285593
Celgudcvc,Aagostsm,4113,65,,3,79.2338536303658
Rivnbkmhh,Jlgzpdxp,1557,95,Male,5,100.0
Xiklcbyk,Qegbwi,5971,52,Female,2,65.05688734174564
Uryp,Mfnkumcg,8155,98,Male,3,80.36933780135136
Ffwljnnhn,Gnpi,5196,58,Male,2,62.626523101908816
Gksp,Noqq,19179,69,Male,4,75.59214526202626
Lyuewdvwc,Cswidtx,9363,39,Female,1,64.60176369754976
Odwi,Czdvb,19680,34,,5,82.20937067318073
Vzaz,Tjjyvcaxd,14360,57,Other,4,73.36940108394612
Vtkhjf,Jheah,1309,55,Female,2,75.34184677070378
Anmz,Hnsxidx,18020,66,Male,5,89.70038536459613
Qoubyjh,Imcb,13468,31,Male,4,80.26005438093408
Giacuwos,Majcegpq,19622,32,Female,4,89.70574243061705
Qqtnu,Pnqszotij,7961,53,Male,2,67.33051568847954
Xfdw,Vpxy,3147,79,Female,3,81.72261275254617
Kdvmvr,Hdwli,18428,47,Female,2,60.23403572307248
Fgeax,Nhuughtkc,14729,31,Female,3,75.00542732000504
Jwns,Qzmak,16565,76,Other,2,82.95122596338183
Iwllivh,Ulcacrvkq,2253,90,Female,5,59.366163508327304
Wggqkezln,Ferteqb,12054,66,Female,2,81.2037721849782
Oijqvfk,Jqeqdr,4751,57,Female,5,100.0
Tzvarjrq,Nivz,11551,45,Other,4,100.0
Lokzrsfl,Dklzr,10281,19,Female,3,64.39233939531398
Qccwc,Amyk,2488,67,Male,3,72.04817065010056
Rsgi,Xvbnqoob,9563,50,Male,2,55.08863948673617
Lakc,Sfvryun,12996,65,Female,2,68.0745285105869
Knubh,Gzgebxpq,9335,34,Male,4,90.25194787257152
Guroqutt,Unsoaov,8584,70,Female,1,54.81518505290536
Lnii,Wavrymlg,3588,60,Other,4,88.96606346318916
Ufpn,Ecydar,19799,47,Male,4,80.66830434647119
Dxebyien,Vnqqjxwj,17837,40,Male,5,90.79899108276445
Kqcms,Hmasp,7137,75,Female,2,79.2896180191525
Axazwrev,Jotqas,12368,52,Male,2,87.7914993676751
Pvrkbrr,Fsgk,12455,81,Female,4,68.19103869125121
Adppjvifj,Auhg,2854,97,Female,5,93.66445406373337
Bgrhrjzhh,Bzhhkddss,12698,33,Other,4,92.85824061952917
Tyvo,Lecmni,15246,59,Male,5,79.90918502516158
Wnek,Lhqu,9258,33,Male,5,85.50310058833264
Egxdcrkn,Ajgvgff,1966,92,Female,3,85.08098743660778
Ncdzwssh,Rkjo,7600,94,Male,2,70.86196763276868
Xnmawjmlu,Mwivkwz,19677,24,Male,3,72.2371491973145
Sinivb,Agpabecy,19621,34,Female,5,65.5269751683863
Zirqx,Njidk,8430,71,Female,1,80.03841508840176
Jpjhvkp,Qune,19397,62,,1,57.085451597675984
Gqnd,Hutww,11624,64,Female,4,97.22191706803903
Mhslhwb,Uqqcrxc,7324,54,Female,1,69.90222631549861
Gtakaco,Enyjhit,16918,41,Male,5,62.01967748628256
Cpykr,Phusovpni,19323,65,Female,2,88.05365928377122
Dulmkafn,Ddqjmaix,13792,57,Male,3,74.2824239535933
Uavcblq,Vlxdipoyo,9249,66,Female,3,88.2577541698131
Qsltmac,Sjcm,5052,41,Male,4,74.1462278269531
Xyddn,Utnkyi,14186,56,Male,4,84.31472759306777
Ewxs,Rnyc,10488,23,Female,2,59.91013948117795
Ucat,Cpcapumv,6994,32,Female,5,76.63332833376818
Dwzfuxlgk,Wcwf,19054,93,Female,1,51.02941767898959
Ksvp,Bwbgsrfwb,3155,45,Female,2,80.89313729411823
Nxtfu,Jlqwswdnf,2461,37,Other,2,100.0
Rghmu,Kyjpfo,14926,59,Female,2,54.66182502932262
Orfpux,Sjdjkevb,11792,36,Female,4,68.59752133986544
Rjlylso,Lhqvlnwk,13442,46,Male,1,81.92216855000224
Ryswfrzse,Ywsdxrnkg,3696,95,Male,5,98.89399447025727
Nwsmx,Bpxutvcmz,13237,34,Male,1,71.90639372873436
Ymqdzet,Wmgj,7089,55,Female,1,60.37398628116902
Izejwcxwf,Zaddyb,4385,44,Male,4,81.67339233432536
Eubx,Ylyqmf,2173,32,Female,1,83.67359223629904
Ymgd,Xbeasgmon,14820,76,Female,4,83.84165177633164
Uegphvodv,Oodbpmb,4261,31,Female,1,60.50461990543191
Qxufsdwjr,Fzsg,3356,33,Female,5,45.03475439304677
Njgwfxt,Mjezyavi,15294,18,Female,3,94.0693313502805
Ohdy,Clnyxhwst,13239,61,Male,4,75.18112924161284
Giplmodj,Ohfng,11058,38,Male,2,82.80548554254139
Comppnizf,Ywoh,7726,61,Female,2,75.19927925135916
Ketq,Bzzh,19914,62,Other,2,76.61857794884911
Kgdp,Lftdkvewb,6783,67,Male,3,85.30373744414452
Lcmjjzqah,Kolv,19018,89,Female,5,86.63211597143788
Mcxcaygf,Lqfzk,5520,37,Female,2,69.48326512064526
Uivjmvhq,Vhguoyk,11811,20,Female,3,85.02815194577178
Nkgrzqh,Tcdvywvzp,18377,48,Male,5,62.23559210221962
Vzgtbjvl,Jbdrn,7131,19,Female,3,81.71393215027751
Nuucujlkk,Fzdkua,4908,78,Male,2,80.67095361688646
Yhlhnujvf,Xwowka,11596,77,Male,2,88.27735134715371
Gjjpdekyy,Csacxanhy,14334,82,Female,5,61.37286755999701
Wdauefdo,Tlbfxel,7768,19,Female,3,69.25024103481789
Mgqmp,Ezeiefwup,3241,78,Male,4,78.6371314193338
Djvk,Fgto,16211,69,Female,3,59.019215384575524
Wbvutaudn,Rfowq,19530,26,Female,2,85.56806584790405
Uqsdsv,Iiwck,4378,42,Female,2,60.63409740788862
Hesfyf,Qgmcwjmo,3762,63,Female,3,97.06331971688971
Yvwxrmj,Pghf,1682,83,,4,74.43261966667768
Zjlyg,Trpz,18963,73,Female,4,78.43518320267611
Yqlazex,Ioacljijp,6577,49,Male,5,90.57136622321039
Kfycdr,Otepizubo,12558,90,Male,4,85.06904416817747
Mdlouhzxy,Qbsnxhg,1569,35,Male,5,100.0
Igfudmus,Lfqieubd,16541,73,Female,4,71.82837360236272
Tdknxeuqa,Gllovxk,4073,55,Female,2,60.919707676922364
Ekag,Yklyr,11641,81,Male,1,54.393726216534645
Qlryt,Qrbncdfx,14645,60,Male,4,60.69268694373929
Gvkf,Hooia,1743,66,Male,4,61.67626098014854
Ulfghkez,Myhnp,3714,69,Female,1,58.449325303664935
Vvdohoa,Gtpjtuz,10200,27,,5,84.06268223326539
Ygctelmyu,Jzrbfv,4424,82,Female,3,100.0
Dfugtt,Evegbjaw,11679,25,Male,4,78.5993765457556
Mdbeh,Wydviu,8548,45,Male,3,65.83581827507793
Atleshlnp,Wyjd,7942,22,Male,4,73.09901940044789
Uxzvwjrg,Yrpbuthr,16678,66,Male,5,68.13859493119236
Erljhzyym,Guonaresp,9666,52,Male,2,80.31485138282596
Epspgfmlo,Osmw,3097,52,Male,5,87.45730198273569
Pcdfnlonn,Gxci,3965,80,Male,3,81.4833890318654
Eiwfsy,Cwfbxik,8903,93,Male,2,70.27114356746966
Zxbvjkhaj,Akyweoh,17856,50,Male,1,72.1590509286186
Slwbtcdlu,Nuxskh,14812,60,Male,1,65.51490389725603
Lajpnw,Zqxruxvqt,19852,30,Male,5,74.43084770494849
Hubnnv,Trnqve,14095,61,Male,3,78.00437057881496
Kfovt,Rnfpwlq,13308,44,Female,1,61.871153871443575
Ktwbh,Ndcynfimk,1655,33,Female,2,78.40722829417686
Wuau,Ybcpxad,19096,85,Female,3,76.22884088281126
Kzalduwlx,Varzspke,13391,80,Other,1,68.21079803689273
Edglkytf,Fxhufhd,2016,68,Male,4,90.79665891482264
Uiqywgiiz,Uqzjtec,14463,36,Other,4,63.43986313890995
Ytvtfx,Ahfjcpc,18954,33,Male,5,92.53385235515958
Okghb,Lygu,7264,92,Male,4,72.78886514199061
Hmpv,Cfzsvqcz,4457,89,Female,4,80.27488505551305
Xntvhk,Rpqlyhvia,15138,97,Female,3,65.1486021440244
Zfwwo,Yvmtasdz,1062,87,Male,3,82.75199989296974
Pjtbn,Yleewsky,18734,73,Male,3,58.61799454774325
Ktut,Urajtfr,12934,70,Male,2,58.6933730559624
Qymlf,Yhgfo,9859,40,Other,1,75.13453670850276
Rvtoy,Xianxkc,3033,56,Female,4,73.33278761271961
Psixsnj,Wkqjf,14428,97,Male,3,71.55991027460233
Ysmumsw,Yjqy,8589,48,Male,5,76.6132914598226
Otuvzckw,Dnuc,1829,21,Female,3,71.59875511202162
Visokbl,Nhdndpnco,17556,66,Male,4,61.29865850057837
Bctuzbv,Ooaq,8924,31,Male,5,81.05900424538972
Mkhhk,Tndwvt,15022,73,Male,3,72.31711813409224
Axfeys,Vlxvq,8944,26,Male,1,50.288113631122016
Qmdfu,Mfpbrv,14343,59,Male,1,71.34263435414962
Kmiueeo,Ltnyva,3225,46,Female,2,57.30542416355826
Trxyv,Zgogtfke,11086,78,Male,5,89.04487750143694
Vecrysw,Oahlbie,6779,75,Male,5,82.95819941625837
Vepz,Mruwoxyi,8476,24,Female,4,82.52818738988519
Dztod,Sxgam,12816,50,,4,82.34501440232896
Zqpscjx,Uycbim,1993,70,Female,4,64.48584501648168
Afwxonsme,Wcidktgwo,17576,58,Male,2,57.878741302509766
Tcoxe,Clilrb,16908,34,Male,4,67.80444232692301
Xdaptly,Pery,14670,69,Male,5,93.52165176872657
Rorik,Ioizdcms,1015,78,Female,1,79.31570159991928
Rdxc,Sqpl,2353,22,,4,83.51660795677626
Wgfmjtibr,Dyhvf,7780,98,Male,5,88.94036916601833
Yrtchrbip,Rpoykt,15993,93,Male,4,100.0
Eauibtvog,Mzaaksed,18942,88,Male,3,76.84495593324786
Fcqj,Wimglciql,2890,93,Female,5,100.0
Dlmcfh,Lmwxfcjj,6528,55,,3,93.78841112636542
Edbauyv,Aoup,16738,88,Male,4,78.0129884226237
Yroxyqxut,Zajs,6475,44,Female,1,79.84154250223129
Lbgflpi,Cuullh,11559,88,Female,3,100.0
Lnxkf,Okufuu,10095,76,Male,5,80.9264237897541
Assifwtx,Tyyqrj,15916,83,Male,2,49.9864344111079
Cwsozrcmu,Wrztb,9970,76,Female,4,77.960627822211
Vsneysbqh,Hksf,4150,74,Male,3,76.56842396554806
Bvcvwab,Ultjh,4780,67,Female,4,96.50876901580759
Uuob,Pheue,7413,39,Female,1,63.362462015032186
Txipcnkcj,Pjng,15500,21,Male,5,92.00548663908444
Vwvlze,Xmlwbrck,8939,41,Male,4,72.19174612912335
Cieqi,Tzushffr,16563,26,Female,5,97.45927885129787
Uttgzgmkk,Szulrvwjk,1281,62,Male,4,66.67794016126393
Nhyhutwhi,Onidglp,16612,61,Male,1,91.42801058900096
Kysg,Rqhepyk,15410,71,Male,4,72.82579230482075
Rhikx,Ejxl,1028,50,Female,1,79.66769760203621
Tgszu,Dieubomn,4228,67,Female,2,70.74703555819167
Wsglfgjhc,Pjag,16480,55,,3,87.83279434765467
Wlcah,Yzjvywhm,19731,29,Male,1,63.58870720740569
Tjck,Rgqipho,10976,30,Male,5,78.24659066908424
Xwntn,Uxvhkifh,9457,83,Male,5,100.0
Hjfnfmped,Tfkonvkjh,3733,56,Other,2,91.00073350879822
Ogeexze,Eqdcbjhs,13583,49,Female,4,87.99789118549435
Rrtggv,Dcmbdy,8938,36,Female,4,82.88333030051346
Vqpgljegm,Dpanjijer,10799,63,Female,5,92.02812710180949
Aevr,Hcyebwywx,19625,67,Male,5,87.24347993699163
Tywr,Sone,18403,18,Male,4,94.28294296039671
Vmcovzxz,Lzacepr,18416,23,Female,5,80.73078627369122
Xlvfmu,Uuideql,17805,48,Female,2,67.25238728742606
Bhlblzyq,Avnwwtqz,2015,80,Male,1,58.62624354125243
Mhbe,Rzcrjdo,2274,70,Female,2,61.37870265120631
Lhio,Orvi,2618,87,Male,1,74.8104387816316
Vajbn,Sdzej,9110,23,Male,4,82.52896066453748
Podati,Lftlng,15452,37,Male,4,73.4844509374659
Ckfankzot,Mqnlg,2559,23,,4,78.59760637882397
Dtxiplvbe,Dndibme,2181,74,Male,5,100.0
Luvzzece,Jusljfscr,12731,76,Other,3,84.33137539764382
Bjoem,Pajlyxu,11912,69,Male,3,76.20931548136949
Kmvzu,Fvtqtte,6263,53,Male,2,71.39807846284472
Kuuv,Brckxjxm,14895,69,Male,2,88.68745615326127
Jhpdbmw,Awndvnzs,17730,30,Female,4,84.37794350481641
Bwawltke,Wxsehv,17522,95,Female,3,99.29690981710596
Vfvnahy,Fuyekfre,9204,85,Male,1,60.727164827233274
Jbhorm,Tdlgd,12024,50,Male,3,74.75471913733325
Zutml,Jexwdr,12449,53,Female,3,65.41390681262249
Cmcespb,Xtbvf,18630,69,Male,1,53.01683768860342
Lnvezprcc,Mebt,12568,71,,5,78.09015533511473
Bnevwmln,Nlcwovzr,6347,72,Female,1,67.79100180307782
Xfmvj,Znjt,2600,19,Female,4,65.20015477538598
Zcnen,Xopph,6580,24,Male,4,95.63642451377024
Fdrfd,Esnz,11466,80,,4,70.5629309398793
Lkprdmrv,Lautri,1321,53,Female,2,62.99424400468636
Brjst,Gbvun,19295,80,Male,4,64.17402466475451
Toqhly,Sjizs,1983,49,Male,1,68.00311173732892
Qncvjv,Wijxfa,1551,92,Male,1,79.7287681411329
Ldqqhbi,Cspgunjs,14564,51,Female,5,82.10258539388786
Ulwlxdp,Cncjbtyb,14865,48,Male,2,59.31917738781138
Jmcnqwcz,Vtycpcn,17501,50,,4,85.42419433108739
Zpqmgxqby,Ofcu,8735,55,Female,5,91.0167452488216
Slnjk,Ytwbhmiwl,10272,59,Other,2,55.19296118762205
Lncainxae,Zgwzd,6749,51,Female,3,81.2815875234572
Exqjqsqkl,Lliijwirf,15574,52,Female,5,100.0
Klzhrbj,Mckbaq,14592,38,Other,5,87.9065314359981
Koopkj,Ebwaz,19898,46,Male,5,68.26797128593499
Ezszna,Zdzeap,9328,70,,2,88.8871507520373
Wxiztdpjx,Izpyjvwlb,12471,22,,2,73.62768365055707
Miqwbtp,Inrtxv,19062,26,Other,3,73.47943030738966
Jloaz,Uzabmqhh,14694,82,Male,5,79.5586571618807
Qfwm,Qkmfkz,5508,84,Female,3,84.50868906391662
Sdqjnzeo,Nfqzssgv,8184,72,Female,2,44.52200149715447
Jgyo,Nubetb,14599,63,Male,4,76.52899475969079
Bmksskmbu,Dlbfjf,3252,53,Male,4,64.94300644811037
Dudha,Cvqxco,18441,53,Male,5,98.4312506190752
Fhosid,Crvfwsci,14456,74,Male,5,87.20922337490748
Xdzc,Iwyqyclw,12635,45,Male,2,63.676785692051155
Lfvkbeld,Uedpd,3027,69,Male,1,60.75333761619193
Wpobgjrh,Crmihwz,19506,77,Male,3,70.32189462157851
Pznxoxz,Epnlkagf,13346,66,Male,3,59.4567752570041
Phzqmrj,Hdaxjql,2366,78,Male,3,65.4872112689579
Gyszhgarf,Tfeisyvca,17252,18,Male,5,99.26633502166673
Nyba,Afal,8361,35,Other,1,81.59485742705814
Cpylr,Rxofua,8707,21,Male,1,77.014682807968
Bbmdlwtz,Mdjpmvcn,6655,77,Male,5,86.81101581636032
Dbjcg,Gmwcgb,1145,64,,4,72.8048370351508
Iomb,Wkoypgw,15398,43,Female,2,82.8608718706587
Qhnitpb,Blzn,4203,97,Other,2,61.89386694768581
Qamfbt,Eqwrvsru,6744,71,Female,2,92.36302639362201
Yzrmwzgjw,Vtnxx,5041,65,Other,2,91.38155791621975
Eofaofe,Tclrwsfjw,18555,70,Female,3,55.890967734829076
Nupr,Qghpnz,1304,71,Female,3,84.44587209675299
Ayrjbvr,Aalcio,5219,80,Male,3,77.18717191325376
Bhmx,Rjzuypeka,4071,49,Male,4,87.55965770911878
Skcll,Lemycx,10408,72,Female,3,69.24194882519727
Zmvowou,Rdcebstzj,14118,68,Male,4,76.91977838805536
Othloln,Johunbyja,8183,62,Male,5,75.24890341346287
Uaodaw,Faiakve,19957,31,Male,4,81.09942094160616
Frqakquz,Jirfuh,15087,61,Other,3,79.21280711982307
Zmrj,Qhxcj,14159,27,Female,3,83.95909817761222
Skyhkl,Lngutekr,2733,94,Male,3,59.4207535786489
Aifmvrp,Hudl,7154,87,Female,4,85.4797179275818
Wdrn,Tuibwtwvd,5430,53,Female,4,62.59761714694094
Dssszf,Rpygjjtg,12110,59,Male,5,72.33798610278856
Nvgoh,Ueljo,13778,64,Female,4,94.22950880410473
Cdjsgjlb,Bqbow,19332,98,Female,5,87.69123911364181
Bejo,Culrmsoyb,15637,98,Female,2,67.50155066941501
Pdrll,Ploufii,6770,18,Male,4,82.0973695551898
Lhht,Buumhfi,6198,30,Male,2,87.03546687112903
Nbbhf,Xpzxijs,4164,35,Male,5,74.5728495280233
Naba,Qpdmum,12126,40,Male,3,56.36739976567186
Geqzy,Piszuodx,5980,40,,5,85.55945328686957
Udlrd,Aldic,15690,38,,5,89.59571003966185
Vodv,Albora,4223,76,Male,4,97.39601882193551
Lztqdjoro,Dejpimy,11653,93,Female,4,72.79948063589977
Sedpwzbz,Gypw,12004,19,Male,4,77.18842504683155
Uwazihos,Orivf,17860,64,,2,81.7174285077145
Amqgd,Ouictkscr,6843,57,Male,3,73.67859509727715
Gvakputc,Hlbuv,3562,24,Female,1,61.70828047467286
Jofeg,Zhpme,19398,22,Male,4,86.54012746047977
Vxewsfeud,Jjibm,12378,41,Female,3,67.44026643113773
Flmx,Zxottdsmi,16921,73,Female,1,52.89389358347256
Yjuv,Nbdtiwjr,7278,91,Female,3,81.9452778687776
Ljafznrg,Pzovpxhy,5029,53,Female,2,77.63675872624763
Qsdm,Ibhmpt,12089,70,Male,4,68.14885923606144
Psudjk,Ugmbofmb,3459,95,Male,4,85.35840123399711
Fsyfrrwkk,Rwpuwnv,19903,68,Other,1,85.29658843985432
Gqsizg,Rntjp,12638,47,Female,2,79.86978309946346
Hgghmvp,Rtnkbo,13923,82,Male,5,92.62416494514653
Axqar,Icmrquonv,7649,86,Male,5,93.21672108923431
Upmgstitx,Gwxloia,5983,66,Female,5,75.13723015270827
Lsaoy,Vvufyviwj,12524,69,Male,2,48.528256343942616
Pgtzkj,Aufh,15919,81,Female,3,71.15323215374647
Nnpbvve,Shiqgi,1308,26,Other,1,78.88177704824696
Amkqmpzyh,Gpfm,6687,60,Female,5,77.78459454803951
Lkvso,Doazqoxv,2787,95,Female,4,79.69634228004301
Fejxwyb,Xnhdwyocp,10239,55,Female,5,75.13050286034789
Nikxok,Qsqg,12091,60,Female,5,90.24248138796635
Eqgxqy,Rvciuuv,6630,48,Other,5,92.10643617854164
Bbtw,Sxkjtjgf,9498,70,Other,4,83.53870935445975
Grix,Qapuzqi,6358,44,Male,1,70.6536478591741
Yasaewvd,Eldp,15340,20,Female,1,67.80709278422677
Garklwpd,Ircwh,4652,85,Male,1,54.589144082959876
Hnrd,Dkfet,9308,89,Female,5,83.05183718708504
Vhafaz,Ajfcekda,17293,39,Female,2,73.48868768569538
Ybdf,Xtwzhmj,5152,20,Male,1,65.7786347864328
Opbxq,Mgulo,13882,85,Male,4,70.7841837914952
Vcag,Nscqrgj,9401,66,Male,3,80.73750115530358
Dxlzqjew,Fycedbv,14724,20,Male,4,68.49866847597713
Wosehrw,Ehbqrkuyr,14216,58,Other,2,85.54011076460444
Pcuuah,Zwab,9533,49,Other,3,80.13492753582446
Lylll,Qzhvz,4416,31,Male,3,77.0929136880666
Llmynpac,Xwhkr,14809,79,Male,2,66.53130761117761
Mzwjila,Npvuegp,18599,40,Male,3,80.25248597582758
Xrcjpnzv,Ihiub,5007,34,Female,1,52.264570597381045
Jylt,Whgk,7414,56,Male,5,93.0849323167177
Ccaq,Ldashovqr,13295,84,Female,3,92.3551845382696
Sqjv,Fedbwk,11534,49,Male,1,64.76898247008504
Siemyo,Idjygpp,13265,70,Male,1,70.5315383247164
Npgujt,Zqhhyr,6250,45,Female,3,53.61406778105568
Cftmu,Krtcpo,6415,30,Male,5,81.3839758184717
Fmtbyzys,Nsxa,13652,60,Female,3,70.99710711234412
Lwufr,Keyouae,16210,23,Male,2,55.922605182172674
Zihl,Qtcvnekkc,19620,84,Male,3,91.7462802182292
Nteqcxz,Hunvnwms,13482,54,Male,4,65.45170397540323
Camn,Fsjssoanp,9778,50,,2,72.70144840305068
Uhsoovulu,Ijxbg,17893,79,Female,2,84.3755588885687
Ivij,Ekgovt,5566,71,Female,2,71.06772149925843
Avbz,Izakmmd,2400,66,Male,3,81.16783321719882
Obkjq,Btkezhl,14708,82,Other,2,81.72344825326076
Aejuew,Ybqsce,8526,72,Other,4,84.50584708196457
Ojsnj,Mznfs,3419,36,Male,2,78.40241839819262
Zovckm,Vdqgofgrp,9829,58,Male,1,59.33782678703027
Jxvemgc,Wwxk,19956,67,Female,1,53.52590492811127
Qpqqinbp,Mddpgts,9940,73,Other,1,81.35104527551347
Wctrdgqo,Hvyxy,2364,22,Female,5,91.25237819641272
Wssagxxdl,Njxz,5194,81,Male,5,63.818007872109796
Anvn,Xgxnhoky,4485,57,Other,4,73.74899286637714
Yqakg,Zipcmjv,3675,94,Male,3,88.25893546810673
Gwlzcdn,Qeqc,2938,35,Male,1,65.21797939443441
Yhog,Hxgmi,5398,88,Male,2,75.31646316195311
Dkbe,Vevlkqjuf,6329,96,Male,1,65.31036024010817
Ccxwa,Ldszliuxt,10002,35,Female,3,61.745912138586206
Oarzl,Fktfoc,12095,27,Male,1,52.53367082941793
Rflqetf,Tmwjuumhu,14503,81,Female,3,47.58567947493904
Iplay,Gsxu,17691,76,Male,1,75.11484419508464
Lnjy,Duqrx,1009,55,Female,3,61.7745121390875
Loxlasttz,Lqwqq,14870,78,Female,3,72.4811795861377
Pxieuuz,Dmfygbc,6893,20,Male,4,71.6501580824893
Bdayrp,Etdhgygt,8880,86,Female,4,100.0
Brea,Nnywkku,11693,81,Female,1,61.22395079381118
Suyr,Ecat,15454,79,Female,2,78.54151505952608
Tlytv,Mmoc,19041,90,Male,2,59.13504546514098
Hrpy,Ckplcwdc,7345,26,Male,5,89.5442075478452
Oxhgjtr,Hzoedgf,18060,55,Female,4,95.0420801213203
Ftal,Zdpdebix,19394,88,Male,5,77.96291630032036
Mmzz,Btod,16576,46,Female,4,72.77630709530341
Twouq,Nuze,1094,27,,5,89.26322288258181
Sygu,Dcenmexwd,18829,40,Female,5,76.4168023633432
Cldl,Aqanumh,6659,26,Male,4,65.37620051692
Zjhag,Hwekzjv,14253,77,Male,4,70.24546713565984
Krmbptiw,Hwbtbpv,17130,77,Male,2,68.4950505039225
Uuee,Eqvqwfmhm,18422,62,Female,3,81.65340891297332
Gyym,Xmei,6239,91,Female,4,89.63989318294293
Lsljifxz,Ilyistwi,19083,94,Female,3,74.05436438591971
Nbpotdu,Pgsxd,9316,38,Female,2,65.48157337373081
Ctjqsnzmj,Yqincxz,15968,61,Other,4,78.1636465884499
Qvip,Esnbj,14807,98,Male,5,84.46592553857725
Uvlo,Uhuvxa,10462,93,Male,5,72.59188744609803
Nribgnk,Shnxe,12016,70,Female,4,100.0
Oohrmsxa,Shawlup,4937,28,Male,4,62.74249582299858
Brxa,Fcihfovo,8547,45,Female,5,80.62987672739163
Fclkyn,Tyuqew,8935,66,Male,1,56.04642795172393
Aqqawq,Qjobxuvl,14008,24,Male,3,81.01657723891907
Aixenie,Qkekd,15947,55,Female,4,74.81937752154579
Dagihnjg,Dnctizty,19164,85,Female,1,46.5066509635227
Lumsu,Rglgolqx,1445,72,Male,5,84.62195460979608
Frhnnhjz,Mlfkbnvk,4566,38,Male,2,71.44735844081468
Pdlly,Boifgbile,15362,87,Male,3,78.98669545316949
Nsna,Oych,16834,96,Female,4,76.18613038935865
Rgpmfab,Xhrpu,2056,61,Female,1,35.151522178525894
Suchyei,Zqgauzsfs,2520,36,Male,2,81.43876353457851
Mshixes,Somftln,6092,75,Male,2,67.30802923401956
Cmscq,Kyga,13550,49,Female,2,80.17111100266442
Raal,Yclgh,6534,92,Female,5,82.73879738311916
Cfqpl,Cmutx,3171,80,Female,5,100.0
Fktuh,Iozeu,8033,50,Female,2,71.79928020421357
Inyvudzg,Vkng,12674,62,Male,3,81.77224589399688
Emkkg,Ckazyo,2846,81,Female,4,85.10299681101417
Thimeofwx,Tzxg,15409,55,Female,5,72.91735859726582
Rkmhxnbdn,Lcsjcrvu,11842,56,Female,2,67.86877867012879
Wuyyx,Njlu,3854,50,Male,5,74.66264740718502
Zpqfyrj,Czrgjgjjk,11082,67,Female,4,75.65409808099719
Dzsf,Flvokiky,4285,62,Male,1,69.60322272867367
Wlrci,Hfnposxm,15171,91,Female,3,85.83194317725955
Uoagz,Mzyos,7034,82,Female,2,81.31954507460962
Shxgzcpaw,Xjex,13292,91,Male,4,76.13275724072307
Pizlxfot,Sxcylwdo,9608,85,Male,1,57.37017942771445
Elbbwgda,Ickgxip,5090,69,Male,5,77.55382578169164
Lhtzqyw,Mzti,15689,46,Male,1,50.23381708624845
Vbpxm,Xsavnz,19186,55,Female,3,73.24895184536848
Tpgajmfy,Mwjzat,9197,94,Male,4,91.67342385667567
Yuqknb,Xercilvwo,4158,33,Female,3,67.67844027992479
Vymtwuqmd,Wymstfozw,5500,53,Male,3,61.18269305635363
Jedchulp,Ndnpswv,2293,52,Other,1,58.46699941463337
Pjqeaykh,Snnxyhjf,18231,33,Female,4,83.46899381757598
Enfbtlxxa,Ijozpdwoy,8857,27,Female,3,73.22602721445053
Mjir,Utfe,4898,82,Male,2,54.82385860808182
Rkmkg,Wvdujlsy,2159,80,Male,4,71.36133870250436
Qphydzfsq,Gsvd,10672,30,Other,5,93.89415613583427
Rgqyg,Awfdzi,6665,92,Other,2,73.88394608720739
Llljzm,Ukbgocwxa,18631,51,Male,1,72.32296064103332
Oiann,Dlileb,13146,57,Female,4,100.0
Ywwzx,Gxzm,12324,45,Other,5,75.84385109554196
Xcdxkrwwz,Yyyaza,16568,90,Male,5,74.25964462344959
Xtndxoo,Zekis,4451,84,Female,4,81.2467608485518
Mokidf,Euigljhvd,14744,49,Other,5,100.0
Qhtaa,Lwhncsyl,16855,37,Female,4,93.22803166467072
Mnskys,Xglkucwtk,8665,83,Female,2,94.1996174432146
Gpfzpwf,Wczn,17354,22,Female,5,99.77304453434024
Rnkgog,Qydf,18336,50,Female,1,69.14444782175927
Olrouk,Urry,18086,79,Female,2,74.83875675603103
Mksmvw,Kuwyxdfw,7587,88,Male,3,70.41522451223445
Jsvatel,Lohbrqrdx,3283,19,Male,2,87.19358310553145
Ngfmiiz,Pljiss,10757,19,Other,3,89.66572806436321
Jgwovefz,Vvkidzi,7015,61,Female,2,53.85881880308392
Xavfbclx,Jrujg,9324,98,Male,2,62.66383377637208
Cyewwykhz,Ueodtcb,10925,50,Female,1,64.11622208620898
Ojrwzj,Ygifyrai,18641,50,Female,4,74.36418565213597
Sdjkdnx,Jxuwiqma,12151,86,Male,2,70.41799461695012
Ecipulb,Dikwsntg,2221,26,Female,2,73.28266444170835
Nagyqwbtb,Pvqtnkiu,4408,97,Male,3,53.90415162340292
Bxqpi,Zdscpwy,9173,59,Female,3,72.25824676863081
Gjjqha,Ajkks,6938,33,Male,2,66.58250915929352
Cegynkp,Xohuit,8731,71,Female,4,65.78297639142647
Xragzs,Icknv,10927,18,Female,5,96.73600350487266
Qgbjbad,Aqoagut,11688,18,Male,5,84.66465908447465
Elefelk,Unpdxxeq,5174,78,Female,3,88.26075566830029
Fqgge,Nbcviyicy,17810,65,,2,76.48829611037235
Yxmdim,Bvmkatry,1058,28,Female,4,74.55253132292118
Vrguk,Syaiznlyi,13662,33,Male,3,79.11872975453426
Mnbcym,Kvpse,13541,37,Other,4,73.53674953136888
Kvnkg,Iwnzpyy,1663,87,Male,3,46.81655615380034
Uwjigwgre,Tsvlqfe,16770,87,Male,1,77.59325811234723
Kqwrzjs,Xlqjryi,12061,73,Female,5,97.61757024022275
Hzemiyu,Adbnkl,12675,21,Male,2,71.39202847229127
Zruem,Hdcjai,6643,54,Male,1,70.7993867517113
Okvvidcnt,Dwpqhlqsr,10172,38,Female,4,79.71872454640778
Wtkb,Vrgizsmwh,8913,86,Female,4,80.21978981585495
Itxwkr,Aphbulttl,8150,29,Female,2,86.18801902836448
Edglrjv,Pzcsc,10364,60,Female,3,67.95850788312228
Ixykpo,Npomqo,8972,32,Female,2,62.87867075738115
Hxutscg,Jhoiieay,3023,92,Female,2,89.70215459662137
Pnryoukte,Hqfayj,4302,25,Female,3,84.62474447943086
Fzwjbhxxv,Fogu,1808,85,Male,5,88.81669480331725
Hfqqdiyb,Rsjvxf,19864,74,Female,1,64.86843717644166
Souu,Woqtorg,7377,74,Male,2,59.79430558048611
Habdo,Eaubpeuj,16882,61,Male,4,75.93250297053804
Ztqxpcqv,Hwjcw,17806,38,Female,3,69.24119417592752
Keupyc,Rmzfww,9640,58,Male,4,83.0936434562825
Typngfw,Yiugwhpzz,10777,63,Female,2,75.1232258589032
Tkiufnsd,Bmfy,16111,27,Female,2,54.12204595268919
Fjdc,Itklrpc,3298,65,Male,4,73.09514817042427
Udyhwev,Jwrtpx,6387,51,Female,4,82.12441039071223
Lskg,Ttecrpvqx,3456,45,Female,2,92.82056855903289
Tlmxw,Lltwefp,2987,41,Male,3,80.43907072726235
Xxnsgj,Cava,6846,78,Female,4,70.87258852280816
Ykju,Hlyxy,13475,34,Male,2,78.88790279745028
Jnxn,Aqoljd,11089,48,Male,3,61.94148813535942
Rpshdorvo,Fpnm,6751,30,Female,5,100.0
Artzk,Mvvxt,7542,69,Male,3,59.13917024788044
Wbibfs,Szhsufmg,2704,65,Female,2,75.28392646049882
Rekblxnc,Tywkb,17923,25,Female,3,78.84022317598702
Icidz,Ixxmign,10577,63,Female,4,78.98697195319889
Jivygkkwx,Afyw,3318,20,Female,4,67.49259946606868
Vrek,Cmvlg,7384,31,Female,3,91.50193535073237
Jficwmz,Bnotqjbkz,13023,23,Female,3,58.87738634609834
Kgxs,Ufnvpuqb,5635,31,Female,1,37.78794054051621
Irtuu,Jbdrseaj,16938,78,Female,5,86.47494043215414
Dwbd,Xphq,17797,31,Female,1,70.06448091864388
Jsqaou,Zbuzjixp,16175,69,Male,2,79.78269935487602
Zjlil,Smypu,15491,87,Female,1,58.07405662230503
Gsfnmdt,Wvolec,1927,79,Female,2,51.76854042504932
Rnnecma,Qdsnw,2817,43,Male,1,63.578122144460174
Ggglkg,Spticfthq,4176,91,Female,4,80.1286876613016
Fbmm,Wdeal,17408,71,Female,4,60.719326867883574
Aqrrmf,Csuclm,2518,51,,4,99.14831359478413
Lxum,Qawniapv,6150,33,Male,4,80.3162074350793
Dajmisn,Nuto,4627,87,Male,1,76.60366106520861
Zoosyn,Tzopxcs,19538,29,Male,4,69.33292696278596
Synljnqm,Zaqshk,8257,25,Other,1,60.135688042170145
Aksj,Vwipx,3757,36,Female,3,91.62155299591026
Pxtbcmwk,Srqzurm,16869,59,Female,2,65.07577908372392
Prpu,Wrwfgsb,4334,95,Female,1,50.59359466993783
Vbiigx,Lapt,10069,71,Female,1,74.6480031064166
Jdlyyaysl,Uunala,18733,54,Male,1,65.83701545071867
Dnmvd,Cnnywzcwa,9977,79,Female,3,82.53371904899117
Oiio,Jdbfkduen,18295,71,Female,3,91.10726616109795
Bhpalqc,Lktgsk,4065,50,Male,4,78.03707842084262
Zfikxq,Ydrsubvz,16273,88,Male,2,68.49977737310644
Husqwpvib,Rxwzgtc,13888,86,Female,4,75.46568453752423
Yyjuv,Iiwgds,12688,49,Female,5,72.62907877789095
Ptnjhqwmo,Hrzopq,17437,57,Male,3,81.14710275248777
Jtpxvjr,Dptbfeut,10143,62,Male,1,69.3022024601037
Adtdl,Hszg,6894,26,Female,5,80.59794228147314
Tchjfvxk,Ykclrrab,9230,93,Male,3,84.28393432587194
Kphks,Ryirnk,12657,43,Female,3,67.91805923209529
Sggstrn,Yrvpad,4443,70,Female,3,87.05843996243738
Frva,Jchypgo,3693,67,Female,1,84.91232392918631
Upfrywlux,Gffvhqbqe,11439,82,Other,4,80.88334344886276
Azjlks,Yqnoosn,10864,74,Male,5,78.72569711064972
Yarffjlmk,Dbakmmmpp,14795,45,Female,4,65.86867321155998
Omllzp,Tzpr,15383,70,Male,3,59.76772331131569
Glgcyi,Pvoe,7505,18,Female,3,83.95960354679299
Unlp,Rvbr,15844,80,Male,3,70.02271861585025
Kvdddg,Ifmd,11134,77,Female,5,77.53264028643156
Geis,Snybapj,1587,75,Male,1,59.756407800819886
Ijqf,Padbzmvn,10684,79,Male,2,84.28116570628103
Jcysemy,Gincoladd,6207,75,Female,1,64.9455372848557
Zlhqhmc,Biiyj,3353,56,Male,3,70.30029197456108
Yreawmq,Dyqstx,14247,92,Other,2,64.91835751751339
Iygc,Diwfq,14867,49,Male,4,85.41870892821468
Hbooacz,Uqdoal,14455,60,Female,1,84.97591149503921
Rhkinlua,Hzah,18221,23,Female,3,65.57007169786269
Vbdksp,Wahrwm,3765,98,Male,1,52.556643323991736
Zvoqhyz,Aauizm,8562,85,Female,4,69.67617967447867
Uuquqbvnz,Tlus,15804,29,Female,3,96.78714540125222
Gqivgfij,Zkzwxq,10729,78,Male,1,53.376691548830635
Ssft,Hhacdmcf,15162,62,Male,1,67.46603379947007
Fhru,Uvhnyuzlo,16277,62,Male,2,69.19386909113746
Oovvlrlqf,Gcqxi,9814,30,Female,3,73.15067983976083
Iwszzy,Asuarsa,15184,76,Other,1,66.48257308625739
Wigipc,Avvtv,14558,74,Female,4,88.38331997553001
Hzshcb,Rikhd,11258,93,Male,1,83.38782015749497
Yuyt,Kzqihl,16219,43,Male,1,69.23347552722944
Xzjitq,Gayuzteki,9534,52,,4,86.01068982051264
Nwtedd,Naxvd,12411,90,Male,1,90.79824286561403
Whjjw,Hkcjxltc,10932,26,Male,4,84.22496639744493
Sdnudz,Mgwziiv,2777,62,Male,2,80.67624048447202
Ssxrh,Sbprquug,7518,37,Other,2,100.0
Iuxcbh,Csieywziu,13389,68,Female,5,97.24812186282884
Mbpjxkw,Ogjeikdj,19286,41,Other,1,54.978356817910175
Myinxfry,Wzlenl,18216,52,Male,3,80.96085047793343
Iibz,Zqzinsxms,19166,46,Male,1,74.72686772155049
Zyvxa,Epuz,17722,72,Other,2,60.48246688051056
Lbvbzey,Uqjgpum,6226,45,Female,3,78.49279787662172
Zsfpw,Ojox,14872,59,Male,4,70.43878817068824
Rzwu,Asad,8469,39,Male,2,72.99770503787956
Kccya,Eisk,2741,49,,2,74.13840679995825
Hrynpmrpj,Wvexcfkd,3062,57,,2,68.60310915371699
Ftrinixfz,Pvatpj,9150,25,Male,1,65.44246743455707
Xepv,Vvvwg,18815,22,Male,1,81.59407844605698
Pawkzcltr,Zufg,8237,22,Male,3,80.05657766437535
Aypiqty,Ypmcjjtgz,3891,87,Female,5,74.19527016779588
Ipmtk,Npcuzl,4510,40,Male,1,71.64411953394549
Xecjrsdv,Reque,3830,98,Female,2,64.98323352340017
Pyjwr,Vhvnuywmq,18208,50,,5,80.02326582909242
Zuayfp,Upbsyc,6704,45,,5,73.86116767191724
Oult,Szzze,18663,38,Female,1,55.5673440086737
Pjydwncma,Tqbqk,10421,86,Other,4,93.65336526122789
Riiak,Vhmnsp,13955,23,Female,5,89.99121045268974
Ehbo,Glgdnvy,3987,70,Female,3,66.07846732946439
Rempnip,Nepr,10583,19,Female,2,61.1452052171917
Xpnctksmk,Ieyjoi,18091,54,Female,4,79.0691421189891
Cqvb,Khxefo,15371,88,Female,1,51.72503018403994
Nerfivifu,Jprvb,12592,92,Female,5,83.04795314388474
Nfmustv,Zmival,4661,61,Male,1,64.61491536710952
Povgneqd,Qlrk,10121,30,Female,3,66.94788733604756
Cgpaw,Oeojoik,7687,93,Male,2,46.48046675316519
Htuscgos,Zzaykikk,15217,39,Female,2,57.40435285839897
Retmc,Tcerkm,3946,30,,3,79.86171719895704
Wybiihy,Zvjt,17286,94,Female,5,60.93943673896237
Gvxhjb,Oqusxx,9672,52,Female,1,68.61959734742851
Eyaajlp,Dcdk,18776,41,Female,5,98.8247114462775
Dejny,Uegbbhmz,5772,60,Male,4,95.46894317055138
Kyxb,Znfvmtqu,13774,38,Female,4,87.34658033186454
Bpcikgdl,Cmoivo,16995,90,Female,2,75.55802788046557
Uedeniifu,Zbwux,1348,61,Male,3,78.19812938108906
Tyjiot,Yxgarsoj,9054,25,Female,1,40.617068743155286
Xkbxgeh,Jxfhqi,12171,77,Female,2,91.39485355783306
Mezyax,Cnee,7990,25,,2,62.832605281078656
Rhxrisrs,Vemh,1647,60,Other,2,67.58730126761972
Xhbnprdoh,Qxid,5113,97,Female,4,100.0
Faplcgxiw,Inicnm,12782,96,Male,4,78.48416493926167
Hqixtxzsc,Nygcxoswz,18423,22,Other,3,50.920876979441246
Jtjb,Cswkat,13050,59,Male,2,80.94267742264677
Ildez,Amheszgbh,8744,49,Female,2,64.08061304026799
Mzdftiued,Qtspgknen,16232,64,Male,2,49.857048881245504
Ddizl,Qtwglnfy,15536,53,Female,4,89.16049297614994
Vxhff,Pzhe,11352,88,Male,1,48.0966972808123
Zexruqcs,Nngzqneix,19229,67,Female,2,60.84339223420402
Pxjiw,Chwpar,8797,95,Female,5,100.0
Ehau,Mtwsh,14767,41,Female,1,48.13916045637103
Intydlso,Yuekbsfgy,9923,56,Female,4,83.8051630750529
Nadu,Rejt,17648,51,Male,2,73.9990146279001
Ixnn,Hkuxjr,1624,18,Male,2,76.4358814123359
Yfjy,Aapc,2178,60,Male,3,89.79481827531855
Qdsurtni,Hgmveqe,2436,73,Female,3,61.335996808672434
Zwdenypg,Pllyamti,4739,47,Female,1,73.69184053575442
Vbboohwck,Zsiz,16570,84,Female,5,78.11248727553036
Ddrtumf,Vukiwm,15564,72,Other,1,79.32906001288897
Cosmlbktu,Hfvvqtpa,5487,36,Male,4,64.27601490031924
Fsnmkq,Bomy,6180,30,Female,1,65.22765928926896
Ebjkmfwcq,Csba,9802,87,Female,5,71.87893076029356
Xpwlsisqr,Tgacwdn,3865,30,Male,5,77.04333491744708
Zjxuzxsdy,Uqtugzp,11620,68,Female,2,77.82888163376107
Eszpn,Wmkovspfh,7638,44,Female,4,84.80091258730992
Uvealolf,Ogysuqdh,16433,96,Female,3,69.77689250353592
Wifat,Tizuqlbtb,11525,65,Male,3,97.6379118462449
Qiugfmxz,Mycsdxiz,15668,46,Male,5,87.16622006498555
Hgbucul,Tazinxg,18686,65,Male,4,72.98817313353672
Btkxdr,Jcqaqc,13928,79,Female,3,99.73483130732754
Eknbxbn,Nylwx,17857,77,Male,5,87.86696401011088
Juaebvgss,Zplosbme,17582,53,Male,3,62.111312217110495
Pikrarls,Kbjs,3951,74,Male,4,75.87326544422167
Fxubbgms,Fubhmv,6050,58,Male,1,71.94474143031672
Ngnnjdbsb,Rpzd,7589,53,Female,5,93.00734266321167
Xutw,Sxyiarvo,8776,26,Female,5,80.88882071801814
Aznaej,Xemavrf,1984,57,,2,66.68355892094883
Kriudzvo,Reohs,11817,60,Male,5,84.48291002612339
Cmzt,Sypryncxt,16601,41,Female,4,83.68672249633258
Yqxi,Rojilddif,3020,95,Male,3,80.12666845499739
Vwssxdoa,Exppqelr,18491,94,Male,1,73.95598503763915
Kcbpjkvn,Xzrbc,12940,60,Male,5,100.0
Ghfbzbaa,Bocoly,7275,95,Female,4,93.78949731789393
Hakhozvn,Dnpvimo,15433,97,Male,1,73.95624343688003
Stprcmabl,Hwvu,8985,63,Female,3,94.80692305015269
Uvmes,Jdibthgc,8688,97,Female,4,71.44394317609296
Ivpdkokgz,Aags,6304,54,Male,3,80.38098058664738
Uhacaq,Fjughzpkn,10302,33,Male,4,100.0
Vxhiewzjd,Xaeaih,3779,91,Female,2,88.43365055878292
Fzxqv,Lwba,5091,47,Other,3,73.97651874921627
Tprilk,Qnesblw,6632,18,Female,2,91.12474890018188
Sjagme,Kvciop,6215,39,Female,4,70.59869734133369
Qiwclggv,Lvkpah,3814,88,Female,2,51.42756587707941
Jtffhgbh,Crvsy,10436,74,Male,5,69.91392307548557
Gliizz,Ysip,7659,43,Male,2,85.75852197309464
Riqmgy,Mprpvild,11701,79,Female,2,89.47250386849045
Qopwcneyz,Vutlh,17148,42,Female,3,73.59226801790888
Ojbbbgdm,Setbtbjh,6352,88,Male,1,73.76608589628268
Ijzkn,Nhqj,9893,73,Female,4,84.25754873015552
Rqxjxs,Pqbli,7676,23,Female,3,88.53075330320618
Wrtyoyx,Fkwvf,3342,56,Male,2,53.88598754956054
Vcravlmz,Lulhqez,8261,89,Male,4,81.61710710240816
Kzusmllfi,Rhcjmzbls,2304,42,Male,2,67.31865555529136
Ydunnpows,Tlincg,5979,39,Male,4,60.166387993403504
Vwgzlqytl,Xcwdn,7277,55,Female,1,78.78303905504671
Qemsmzjqi,Sjslixu,12010,45,Male,1,80.9422391778882
Ashvoivq,Fgjznbitz,1411,72,Female,4,52.60805709303202
Wbwwa,Qurtkouoy,11617,70,Female,1,67.51683258716972
Nomxilnfq,Xxhnpz,19805,89,Male,2,79.22973218859977
Gsdnzeosf,Aquv,4624,87,Male,2,65.60426851756358
Uvegap,Vjxjy,19992,33,Female,1,54.073610296432435
Ylvbqxa,Hmjfiqfj,1174,98,Female,3,48.765149336298066
Luemkeeo,Neogfka,1146,62,Female,2,74.9708134248221
Hdgkdo,Eycji,12334,33,Female,1,50.04815727268415
Hdzlk,Qhaa,16825,75,Female,5,77.89604614639948
Zinr,Adtofvhqz,15974,22,Female,5,71.48343573629575
Fgyregsb,Wqkdjn,16822,19,Other,1,56.337157593501345
Rvwqww,Gmrevbuu,17687,26,Male,5,69.586284154885
Raleimb,Tcjskb,6430,98,Female,4,72.41682198017921
Tbcmkc,Xuekdu,6930,71,Female,1,70.10681577917573
Iorhvaice,Elvpixs,6745,26,Other,4,68.34705078206139
Bccuzj,Kopppu,11329,97,Male,5,83.14415573363047
Sjznmicww,Gowmspl,17139,44,Female,2,58.394745393532844
Swgyix,Qniepo,10530,21,Female,1,75.09019227564505
Axjppgl,Lqgawwx,5591,74,Male,1,70.93362737414779
Zfvw,Ypfwzhtdu,1355,96,Female,4,68.60081827988499
Ldejeu,Addwx,17666,66,Female,1,53.47227300155848
Tbikkfq,Coejzcim,14702,37,,4,60.516093842431026
Piybhy,Epwucvfu,2130,42,Female,2,69.08191232489563
Pnyzlbvd,Znoviwta,10025,96,Male,3,76.74491415166207
Eshemdx,Vwkp,6471,95,Female,4,71.9295633574859
Jnesftsm,Fhevorz,2250,68,Female,4,98.03462205582078
Ikxegffxl,Btbntebl,10668,80,Male,1,69.0586763411501
Lpsludao,Ruqoaj,15232,82,Female,1,76.93730961328968
Pxlav,Kdmpjnkny,17560,47,Female,2,51.72318851406079
Apberves,Eyodhjff,11035,90,Other,1,68.96701892106529
Qkpwqdfp,Webn,19924,26,Female,2,82.11407180104646
Ymmzz,Uhdx,5030,86,Female,2,55.212175497811025
Wnod,Sytg,1099,45,Male,4,69.04511932333605
Jhlu,Ccnf,19336,61,Other,4,72.2108352946158
Jlsces,Ofjbzyd,11017,48,,4,89.15332495278894
Ocoxmmer,Kzpsdjvnd,17728,68,Male,4,61.949320978017866
Rjzcojn,Mzbwj,8008,20,Female,2,93.04674490945409
Tnlclpcn,Wvrdklne,7512,39,,5,93.38893521110953
Lmypbflhr,Rfudoc,11401,31,Female,5,89.77779161290152
Pbvaw,Hdpmvtx,8582,51,Female,2,90.51382209922296
Zjcpazmci,Komvuur,19602,83,Other,1,54.74353001720411
Rkslxhicm,Dptwrroy,14462,91,,5,92.28599232502657
Dbkacw,Xmzfiix,1086,47,Female,4,83.85037102973587
Eauvv,Zxfkf,8239,31,Female,1,81.086090812778
Zclwbdl,Zsnicpsg,5268,69,Male,1,55.09853006565879
Rsewuy,Qbuxwpy,2862,40,Female,4,89.0511236496924
Mkozmr,Gdwj,6881,29,Female,4,98.33486604997123
Sfbojcnhg,Gsddkf,2214,89,,1,64.2271827148321
Zgyu,Orzejhmu,16884,44,Female,5,85.3707365058487
Ppgbw,Ucfvbk,6483,97,Female,1,60.026303800286364
Hqxdkeil,Uywfup,9645,82,Female,4,65.20613103560143
Ibjdixaa,Wihdr,16812,24,Male,3,91.140235333157
Irlzz,Oiaykzo,16148,96,Male,2,76.60830442769371
Jmiqro,Wrocoqdbz,2657,64,Female,2,79.14787335666871
Aikdj,Vmzwmyzw,16298,72,Other,5,90.50656451834622
Oqdlqxl,Ytijo,11005,29,Female,4,100.0
Uxbf,Wknko,3942,30,Male,3,80.14161185232969
Isjqvmn,Fbpjge,7732,96,Female,4,71.99159316528744
Bxoilvfz,Ezsmah,14563,81,Female,3,65.57253196977405
Nzfu,Beft,16016,18,Male,1,73.1578766459686
Zazb,Ktdtmti,1546,18,Male,5,100.0
Kgobzhan,Lljo,1942,70,Female,3,89.98387220416215
Bampz,Ozvy,16472,97,Male,5,95.26891327387723
Jrqqjjquf,Hsqdfbz,15501,88,Male,3,67.10543786537467
Ituc,Zqrauhdu,3933,63,Male,4,100.0
Mtpftq,Lwoa,8491,81,Male,5,60.201794316518246
Dilvp,Dtpsu,17624,84,Male,5,74.2351979999635
Pxdp,Ieeyjveee,10903,22,Female,2,80.44611549427314
Jjmhb,Mnmqx,6123,48,Male,4,73.80671830295117
Jxnm,Quow,5889,37,Male,2,59.470315548882
Jydrjasxr,Kjae,13512,64,Female,5,68.50246965241259
Zhomtj,Hnvtwrm,6952,69,Female,2,69.9462148686634
Zvzhbyp,Cprevhjqh,11063,69,Female,4,79.24448950575696
Hoqfnuyk,Wijhgd,15379,89,Male,4,90.06071819753578
Icljsi,Tnyvss,1600,23,Male,3,76.22260328893006
Tokimjt,Wpxmyui,17357,79,Female,1,67.77866263938232
Aldqk,Esmd,8072,20,Other,5,95.61088919835397
Mddl,Yvzbikurt,5388,39,Other,4,100.0
Gywcqxq,Yxmrryda,17036,31,Female,3,70.40815644888238
Wedyjcpdi,Jhmortjvd,16255,18,Female,3,66.52908048076458
Thmiwb,Rvpzmvsie,16423,29,Female,5,74.0938196002115
Vrlmxvv,Ogcsernpk,12315,35,Male,3,74.06909359854927
Monjenhhp,Hojy,5044,69,Other,2,59.71835194775599
Fgkdd,Ppfst,9663,36,Female,1,72.34319671195583
Pxijw,Orssdmwv,2892,96,Male,1,51.326182597638635
Nxjm,Pcbghyi,19926,81,,2,57.12452139067595
Rorwnabf,Lajhima,7276,86,Male,4,100.0
Ichvvt,Ugjabq,6045,33,Female,2,56.41543316427214
Gufkw,Nwlq,3789,20,Female,2,69.1358260149934
Gquubx,Ypumi,1487,96,Other,5,69.32645557637903
Ricc,Njhnydkq,7868,53,Other,5,85.72635426151135
Wecpoh,Jzfesb,7107,73,Male,5,91.24187083869445
Facyefyt,Wemmnzhsq,8506,26,Female,4,71.34013632081543
Uqzpt,Nefuf,3916,71,Female,3,74.01907191482601
Zdvbhm,Gxkwswm,18653,72,Male,2,75.58607160592517
Shragk,Yblo,7661,84,Male,5,72.92879151629629
Ufugopllp,Kswmfh,15168,67,,3,94.90115419504882
Lzmnvuluj,Wifqfnm,13759,77,Male,5,100.0
Uxtbg,Hztj,16671,42,Other,1,62.97742685347045
Fosunmi,Fgjubtale,18497,49,Male,2,48.91156788533643
Euankzoh,Huefuj,10674,93,Female,1,58.78704510146452
Hxzevj,Fuwyte,11677,28,Male,5,88.07912488710072
Zmcpzsu,Ohvtody,7157,93,Male,5,75.69568686369927
Ccpbkzy,Wmzqurjv,14639,48,Female,2,65.49356983277193
Hucad,Vyzvg,19148,33,Other,1,76.5897587945967
Thzlmcdif,Wbcioz,2851,43,Female,2,50.527813127138685
Zzlm,Xcpw,7187,86,Female,3,99.65889972174034
Xeccobegw,Eqxfpw,19411,52,Female,4,93.36720881055207
Dgansa,Heszzu,16794,19,Male,5,79.64700586692814
Svrallrli,Einw,11040,21,Female,3,79.5244002802357
Jqmme,Wkdxmb,19150,90,Female,4,66.81897678632697
Zlsvqivf,Cvzvdnmod,6526,34,Male,3,65.50284636355677
Rqqiyd,Qfmsuh,18438,60,Male,4,71.38126022282478
Fygsfvfcs,Eqnh,4737,56,Other,5,95.47113381300478
Xbsxvi,Rwjlxai,16374,83,Female,3,92.20424575405599
Akeisozm,Mmqtaiz,16485,31,Male,1,66.49739609911087
Querhvu,Efnb,9045,63,Female,5,55.51776035012185
Ezbfskidj,Cxrtl,8810,68,Male,2,80.5686911968011
Xwcfqpzi,Qetfji,19937,22,Male,1,82.7535246721807
Ukjfiirg,Shovzup,2795,74,Female,1,71.22644017796357
Ruexrc,Bsqcc,3189,68,Female,5,86.51723348558434
Yfzyf,Cdrd,13535,39,Male,2,59.08038069938781
Nuwukvce,Gcqurxkmn,5445,31,Male,5,80.74975340436751
Brgf,Xhqov,18821,29,Female,3,87.45927297957276
Bvim,Tcysgeki,12027,44,Male,3,61.238894286480864
Djjomih,Obcq,1686,69,Male,1,66.12455576322748
Lzndvadt,Khtonfzqj,10333,93,Male,1,27.944417688088024
Austac,Rmvhm,10426,83,Female,4,71.51545174899037
Xzgof,Eeszt,9218,73,Male,5,74.49018772615224
Vofq,Qaygtoni,15838,19,Female,2,79.38328960060333
Ufmril,Mkqxjqsna,3719,87,Female,1,55.528150351677255
Phamynqt,Skebxxz,15007,51,Male,3,79.02810240836227
Xtucelod,Bpuiis,19402,28,Female,3,70.7243122036491
Aafptezx,Vqwjbubtg,18970,58,Male,2,75.8726844450589
Vfel,Bfzgbs,17299,85,Male,2,57.563322147554885
Xbsns,Knupuvl,16233,86,,5,74.1329713143204
Uxuma,Slrslxmr,7041,67,Male,4,71.19492300667761
Csnypknc,Bitdhucf,6009,82,Male,3,76.77679015815966
Kpdjoq,Szpxw,7394,73,Female,2,81.35353398481067
Vibubz,Vzhdauw,18021,96,Male,4,84.63460536447383
Oohkib,Rywe,15796,61,Male,2,57.40595143029555
Zqkot,Zfhhpg,2058,94,Male,1,76.9214735599546
Vvgfw,Kcnbrj,12482,50,Female,5,81.48558545886078
Zbxvt,Ywxedzox,8686,30,Male,5,100.0
Vpfm,Fewtcyvh,18163,32,,3,80.25064315306444
Ztqwzd,Fozsmmcez,5071,22,Male,5,100.0
Fdkbjysxi,Kvnyzicdm,15998,89,Female,4,77.20412871640508
Lfcsxxqja,Pkkqko,15337,36,Other,1,78.92747312985904
Rscidgdi,Xmgpjj,17874,83,Female,3,60.95431747915806
Evplu,Jmoasbwwq,12667,58,Other,5,74.95473946429462
Xcyeifwc,Ckogd,12182,68,,1,70.32915871928635
Ssewcq,Rxqdldp,11459,95,Female,4,80.40401559419942
Goyqmrx,Docl,7327,58,Female,5,99.54810050300205
Uzxb,Ecdh,16902,61,Female,5,80.82778054601543
Dfbwyegsb,Dhngjlz,13093,62,Male,2,76.05675964623293
Chfbjq,Nndszivsg,3088,98,Male,2,83.12680798245077
Agtbchhm,Iwmdhesg,14487,43,Male,3,73.03293214717831
Mdfo,Nmjdo,16305,75,Male,1,51.59465182575095
Yhkuoqsg,Cfjna,15396,40,Male,1,55.18113468418625
Ssohc,Lqclrkzk,15040,53,Other,2,76.72806618817863
Dcdmyziik,Oxtid,18316,81,Female,5,79.15838570474732
Uhpv,Bsalwn,17284,24,Female,4,78.05240982551557
Nvinvby,Vmein,4356,45,Female,2,55.858916945847305
Cwcuwq,Xxgpcn,6032,70,Male,5,84.62061938374433
Apvjvmtg,Qrmtv,2394,51,Other,4,72.1437165070849
Dnrv,Mhgf,8495,83,Male,1,88.89844372984068
Lolakq,Xhpcv,3292,68,Female,2,67.7386975734241
Tcpqpzy,Qutzbchmz,5118,20,,5,82.8146202293616
Lusucbvh,Kcstuwvn,16150,29,Male,3,68.99888851485244
Bfbfxucvz,Bcpblg,11250,98,Female,4,98.75275362979241
Geujm,Ygdltj,6888,88,Female,2,76.95464618588323
Etyemxz,Adzdf,18310,98,Female,5,100.0
Kuixgl,Xfbxmcl,18716,88,Other,2,74.29117605071778
Ekcle,Pofa,10480,47,Female,5,93.87569977386303
Hvvysnv,Uiztnpwc,13220,24,Other,3,65.4310348242169
Dgzr,Luivzt,10052,74,Male,2,71.33426548078674
Veepbyrv,Llehic,18299,33,Male,4,64.26581241188563
Bjktih,Btqfz,13143,65,Female,2,72.02636410731549
Eaxhr,Gvhvghirq,15269,35,Female,1,50.47830134193573
Yrgiinp,Eqnpylhe,5394,77,Female,4,100.0
Lsjukrta,Wzuarew,1152,29,Male,3,73.1788609491328
Pzihqvkpa,Frogdqnw,6742,69,Male,5,83.48664441634895
Kdniqqg,Ytoxzsq,18154,25,Other,3,82.1859008137225
Uueee,Jziwrjvq,13017,30,Male,4,83.78216413651012
Fcbtm,Uwsz,10888,74,Female,1,67.75127344775981
Ccblio,Kfdwpoc,2619,22,Female,2,89.14074920591413
Waltdb,Mvtvp,4147,56,Female,4,89.12863075487367
Sgnrqnrn,Sipftrwy,18987,58,,5,77.6429675548961
Kptr,Gcmxlt,12475,37,Female,3,90.30369322328848
Wplznr,Iohmmuxh,19235,74,Other,4,79.4313809122601
Udsvp,Yxywztea,1685,74,Female,3,88.08898861504704
Sdkeppn,Llnkcrtkh,7349,73,Male,2,62.80985281362921
Wfamiudp,Zbzdpaxev,10471,42,Male,4,93.33540274480221
Ltxjclgv,Ccjn,5711,89,Male,5,75.43995891539862
Dbeti,Cdlbshx,13621,57,Male,1,53.856313166915484
Vats,Dtnype,3067,38,Male,4,93.77097262109167
Mjnluw,Xanljsn,10137,85,Female,2,78.93779772415255
Ugfp,Skprxs,2624,59,Male,3,62.37903309570783
Xmmewkq,Lunhg,16841,75,Female,3,97.57811154751839
Pjad,Zfrzk,15722,26,Male,4,84.80906511961577
Mdsapemng,Awyxm,4431,66,Female,1,71.63629029164403
Cbusup,Wvbl,18667,26,Female,4,75.27888697617453
Fhyjxlgoj,Ydtytm,9512,94,Female,4,79.30214921641785
Dfzvbime,Zlwnufbms,7752,34,Male,5,70.57105462278645
Jqqzk,Wcrch,3654,95,Male,5,70.76005059917522
Tcmjjrko,Gtqixoh,8160,59,Female,4,85.04474765105377
Pfmvlyl,Spvsdzszn,19598,80,Female,4,91.2101032830125
Kptyo,Wvqvw,5501,19,Female,4,94.6922786492208
Hjxsocw,Uteqrkkk,14844,97,Female,5,95.67998738815598
Idqmc,Rcwxhqw,2396,50,Female,4,84.16029320176395
Wqxbrjx,Qpciqvof,19959,65,Female,3,66.13228914116576
Yahlzwaz,Tsgykqz,17528,57,Female,5,73.07184085139568
Gkzec,Bkfjaws,18753,59,Male,3,62.007482986114084
Bxvhqvk,Clbr,5526,90,Female,3,67.54633001777998
Zstdk,Bsobpu,19975,83,Other,5,85.22774171845694
Snyogui,Dbbhqqr,13138,78,Male,4,88.30507492009416
Dldkhqoq,Kvwu,16850,39,Female,2,53.70646167977704
Rzlfirgr,Boyi,19886,89,Female,4,77.77752670404263
Auqzf,Gqkujlud,10767,26,Male,1,61.092668168604916
Hbaafnd,Ymaltgb,4231,77,Male,4,76.0252722522399
Ktqiphd,Wanb,11174,53,Male,2,100.0
Dgopyrx,Mxqdznf,10732,83,Female,3,67.76123284349659
Eghr,Ffkran,11557,76,Male,5,77.94219742037001
Mqyquvajo,Pgncjrbe,12552,56,Female,1,62.46931525819124
Eymgnu,Oiqdjfza,9374,26,Other,1,76.5316230510817
Relyimu,Shpd,14220,96,Female,5,63.68614862780821
Ujqyd,Taqpwcbj,7671,62,Female,1,66.96670315067686
Fwyjooaaj,Beev,6174,55,Female,4,58.358692502361215
Ytamxnj,Pkumrny,2771,30,Female,4,84.1262575366644
Aldvyo,Mqorhxb,16226,54,Female,2,45.56062240544828
Ppcs,Zqbku,4963,28,Other,2,85.15201231796688
Ggzkwc,Qfwfhgmtl,14064,86,Female,5,72.89744972563415
Mdlyfilgz,Nwzeqjx,2372,21,Female,1,75.07821136351878
Aanueh,Wnqefef,3939,25,Male,1,79.00599623600176
Rduqxbgkt,Aoygdvm,15258,54,Male,4,60.51510858504107
Fapsikuf,Mkmrhjm,9726,60,Male,2,84.40385320739378
Cymc,Brdypq,13130,97,Female,5,77.20706991406318
Jdvkubc,Uisgo,13116,19,Male,5,80.42863856997357
Noyeyqzv,Srcqeaipg,11932,48,Male,3,64.95993900623
Miojgwc,Onogyoxy,2534,81,Male,4,93.0768909939386
Sukgutms,Wmzvyilm,8078,38,Male,4,88.4069034165974
Wxmstxh,Wybiaw,10255,64,Female,2,92.31495872996886
Ejgwhecf,Wbpvs,16865,52,Male,2,78.48174372855823
Xgnr,Ivhoyeg,4795,89,Male,5,87.8524992709292
Eilqdfqlx,Dohbu,13240,41,Male,5,79.96994789719876
Vnvc,Pfvwseaqq,6481,85,Female,4,78.84782920610431
Ofsb,Brljntel,5443,64,Male,1,60.01143855209375
Rcsoun,Maqa,13031,21,Female,5,67.59004263839432
Vjymelvj,Fvfydy,13848,88,Female,2,77.8252083414566
Paubgnsj,Fntchjzu,8273,23,Male,5,100.0
Qcsgvo,Xxxzh,2791,57,Female,4,87.71639041464402
Qlfxp,Mptjqk,14311,26,Female,3,92.68403863236436
Dpmfiz,Nbmdb,17050,68,Female,5,79.61016321580368
Gulvoa,Noftwht,17519,71,Other,2,82.75498635136488
Inuyveb,Ckfbge,15642,79,Female,4,68.49943436228725
Oqqrqnyc,Yihfciz,6646,34,Other,3,67.25869099285966
Kbho,Mjqt,13654,29,Female,1,56.758160551229196
Jgzdjtque,Xaox,18203,89,Female,1,64.47929815413256
Etjk,Kgqx,12299,58,Female,1,76.04858771532837
Gatbizhj,Ioeqnep,1769,55,Female,1,82.82846580316648
Opdmrcfc,Acurioz,15225,64,Male,2,74.70514119862274
Bopb,Cjmc,3991,60,Female,5,80.13628991974592
Qkwxd,Uccxvni,14321,61,Male,4,90.125594418478
Myvpuogkk,Bjvv,5047,37,Female,2,51.78504575267844
Bvccxub,Rikqdhonv,6879,87,Male,4,82.26669203276182
Nebut,Iliq,15319,89,Female,1,65.84448884110515
Lduspypks,Mtfpklila,14422,27,Male,1,56.422593812130714
Qzcrvcfzn,Lcob,6434,57,Female,5,88.52412865841757
Lolzmuijs,Ypxqqe,9980,55,Female,5,71.60339870052434
Etrviz,Tqgxu,4868,51,,4,85.32914590982207
Ncxe,Atbzpl,11880,47,Female,4,61.2558492857555
Jafrbkn,Twqvpzt,15793,47,Female,5,67.15843333762612
Ygtswsks,Dncrvqnm,6192,93,Male,3,86.67476481398586
Iwyd,Lkzkz,2465,69,Female,3,75.34465053074155
Womebrie,Pfrx,11670,21,Male,2,73.0225019080819
Khnzyfp,Jbcbtui,14460,76,Male,2,59.723649021827285
Owwar,Xhoivilu,10441,58,Female,2,68.84462798800848
Kzjulfesd,Mvllpdmo,15922,28,Male,5,96.00808335499832
Qxqqvqg,Faueht,9189,50,Female,2,71.91256059675159
Kldtqlmwn,Ngkrztrx,15573,24,Female,3,79.25474241353182
Aldh,Djyplgtn,7617,80,Male,2,63.669411613785215
Fheig,Xphfgjc,9152,27,Female,1,62.78184327123706
Bkxiy,Pkrshsmc,16807,61,Female,4,93.24506658513239
Xumeai,Kbcjhqpz,6882,54,Female,3,53.97998803233011
Slwouf,Yejwyucb,13365,30,Female,1,78.54574970904879
Toeez,Mqbivvuid,12030,47,Female,3,80.73137868564103
Ehhyocue,Qhtccwpa,8345,65,Male,4,78.94597948770145
Ydmznzzqn,Nlkyfawbr,2525,34,Female,2,79.70088762301278
Bxvfarmyu,Yirdbccr,12908,84,Female,1,58.2214160649822
Zovqkgj,Hmyz,14709,86,Male,4,93.7206257311185
Nricbqcf,Qhjngncsk,12191,18,Female,3,40.07465917092509
Igafnx,Pzspvclvl,7770,92,Female,2,80.03134053627997
Nuagkzcbu,Dqpy,6605,94,Other,5,85.34464603039916
Qpjig,Rhesqbmuj,13212,25,Female,4,76.2310058315908
Mjvxtw,Bwiu,15551,40,Female,3,78.55469572719892
Kxlb,Jfbrs,10477,50,Female,3,100.0
Itimwndv,Gafypjl,3826,89,Male,3,98.32814699036545
Ksltyp,Yfrl,6840,64,Male,4,83.16900924365589
Wmdjbzzpl,Ezkzo,8644,53,Female,2,59.028542217975925
Snqxp,Lsshmnd,8620,47,Female,5,78.71681861342444
Exiq,Dlka,19873,72,Male,4,67.7799341093706
Grmqhy,Dvowkgki,6819,84,Male,1,68.35713722405147
Bgucpnfni,Lspljkg,1212,88,Male,3,66.6774753911826
Ziodpkxu,Xgtf,18314,26,Female,5,81.79650440169769
Yiah,Crqaaztio,9909,23,Female,2,79.85829474952963
Padzolx,Sgrz,12927,83,Female,3,71.63141040932574
Ldsfvbtso,Gizxfjzh,5035,43,Male,1,59.11323030442429
Hokab,Mxtnahr,2470,96,Female,3,80.80028549300658
Cjcnzf,Donxvzqn,3918,66,Male,2,73.39578085502049
Nwoejhzb,Lnrugbzyn,7827,88,Male,1,71.22315561423527
Wmuojbeow,Coldblrrj,17999,43,Female,5,92.92157062315307
Pwmcis,Cvxnpiq,12369,44,Female,2,65.97760576320069
Lntwtlvf,Fmzotndya,5934,77,Female,3,87.77944525933697
Iujkc,Efreze,15299,92,Female,4,81.7251887665435
Oytbtjy,Xcdpvnv,1075,43,Male,3,72.60396031873539
Qojew,Tmzcj,14111,79,Female,3,76.40256338750574
Tpgdilyn,Qsmmjyp,1959,87,Male,3,87.17034981282505
Zgarjd,Luovl,1258,95,Male,2,71.63732870679357
Dvqpvusgv,Tclmg,3551,35,Female,1,72.69982613719512
Wppwzq,Vqxm,16713,25,Male,2,69.14223302950275
Blnweyuap,Mhuocp,8843,50,Male,2,68.50405770338507
Jaerawixb,Nhwjhlxw,3199,65,Male,3,82.77865918702364
Jxgbckcq,Vspzycxuq,4180,91,Other,4,88.77016230578047
Latp,Yrprxtoig,14126,29,Female,5,87.86364774599298
Qsbyviv,Rwhtdk,15174,72,Male,1,77.03407801561387
Orcjjvdbg,Tngu,15914,48,Female,4,86.65709541524163
Dtunwn,Bxfp,4351,84,Male,5,77.95333135807411
Grpjsvat,Ccqj,3698,43,Female,1,55.55915178771381
Aqjzhjll,Feht,10173,56,Female,5,71.3442738278392
Hhfha,Hozrga,1362,84,Male,2,71.1210142818468
Yaqj,Gqlwdgffn,16975,55,Female,2,55.905200149538835
Fanfoc,Jouagdtu,19566,45,Female,1,56.0299803959649
Zckgdbzdx,Rgns,3525,71,Male,2,63.37475546018709
Dlluks,Rbozt,10821,20,Female,3,76.93239904241018
Mlwibppeb,Qtiuamizt,10389,66,Male,2,57.73283070127781
Xjthge,Lfar,4263,77,Male,1,52.11041127950567
Hthtlv,Wogokm,15218,83,,4,79.18272779138307
Xgigrw,Fmrgcwegf,12897,34,Female,5,78.39284102261472
Zobhqgxn,Yrikoptzz,11219,93,Female,5,84.59169298524944
Nhvs,Qdfcdrpud,10523,94,Female,3,50.05264656550561
Sundm,Bduveqbp,12885,61,Female,4,95.56941530857875
Utvkpwhdy,Xntrjyo,9565,38,Female,1,62.07857255866722
Jounmagvm,Leisuwo,13399,27,Male,4,72.41482333163115
Igqbdw,Ztjzacf,5440,34,Other,4,100.0
Odlepbba,Evjd,1365,71,Female,2,72.42453019167235
Ushc,Hynrc,8198,44,Female,1,73.4164121019211
Mhccbn,Fgvucuc,14263,30,Female,5,73.30867008481297
Khwcxccbe,Varuivqy,8958,54,Female,4,74.42752062859678
Orhuw,Awrpo,4245,98,Female,1,43.82845413014764
Emkdeedk,Jpmlazvp,2215,75,Male,2,72.66089543694281
Dvje,Tizafit,4177,84,Male,4,69.40365780806721
Afedj,Chgbvxhh,8608,18,Female,3,61.644663133667095
Frhvzembs,Zglxzesq,1502,24,Other,4,71.81142540961429
Citjdz,Eoxoe,6312,32,Female,2,86.23245949712239
Cgmtkpuq,Oahdejvm,19972,79,Male,1,50.024917863571005
Oigu,Wqhos,2926,37,Female,3,53.404745898529654
Ichv,Qiyzbsid,7522,53,Male,1,54.289932322045594
Cjghhf,Uiitzmvls,3981,75,Female,3,74.48791869319112
Upllkc,Sysghw,17147,86,Male,5,91.38388247897728
Ngvacb,Gkze,15518,55,Male,3,77.869531280026
Edmq,Algg,7930,77,Female,2,82.13272650689197
Cilqofdx,Xxatjrf,17799,57,Female,5,67.98747571997222
Hnheexmd,Mzwgnkce,3896,30,Male,1,70.61284257887506
Doji,Qfgaw,13677,20,Female,3,69.16562072496501
Pdtmeuiy,Ygxfkb,10041,96,Female,4,99.80242201931142
Yosvluge,Epytw,5376,93,Other,5,81.57012154818864
Ylxzgxm,Kfab,19545,63,Female,3,80.67650901744835
Mbwb,Vdafw,2972,62,Male,1,70.98986061877537
Dfjb,Stjc,7811,69,Male,5,100.0
Kczbo,Enffn,2439,47,Other,1,59.43199584238011
Ofykhipxm,Dstic,6732,22,Male,5,84.57830967217276
Ocmqxevp,Zehtykoob,1150,72,Female,1,60.16536900015334
Tlglofyiv,Rfechwvb,9871,40,Female,2,66.42554474281478
Fmqpfnt,Uxkh,15829,83,Male,5,86.05776369505047
Chkkydyf,Gfojflfpx,5860,25,Female,5,100.0
Gokli,Dbcipjaso,7391,85,Male,3,75.88992269143884
Dybbhtwgv,Vrtmwworn,10316,90,Female,5,60.08515814551099
Lmuenvm,Lmlufhnx,8235,18,Other,5,92.26469059111699
Awyz,Gndjpjqpb,9127,39,Male,2,53.410200501499574
Tfakms,Rdfc,16307,91,Female,1,71.79101783111541
Gdozsiqlv,Xxfuiywsn,16410,90,Male,5,60.84184208131049
Xilatnb,Gkmnnsj,14009,20,Male,3,70.64319770209865
Rcofbxx,Tpvgeaf,13242,21,,1,72.65310033675613
Saebv,Nvizkmf,11127,92,Male,3,88.50695732442978
Hheqjh,Wellz,16413,19,Female,4,81.77925990765928
Aitwav,Bcyejzkev,15367,39,Female,1,65.66613238949535
Jqctvrot,Gsqwv,15931,29,Male,1,52.92067495979056
Sgyeupn,Bdsatbg,19863,83,Male,4,78.80750290511833
Pmevqjdv,Yqmsflxpk,6043,87,Female,2,63.653775462919704
Rmiwln,Ogrfcu,17904,42,Other,2,86.48224612402026
Udhlidvra,Hqmhgmtcu,14575,22,Other,2,75.40189855081496
Xvoxl,Jopmrukqs,8161,91,,3,85.92391316212168
Baclsznm,Hrtvahsno,5551,28,Male,4,87.0983591892518
Sjvfuxs,Bqghwdps,11658,38,Female,2,80.46390679183077
Bgkh,Fzpidrtkd,3075,70,Male,2,67.78711169958322
Ciarcu,Kefngag,13402,51,Male,5,80.12858861417175
Vnuqk,Dkxwfv,12090,91,Female,1,56.09936737814844
Ulipz,Swugmqjrq,3216,25,Male,2,55.86773881655765
Zkhjsniga,Vmiabv,10801,84,Female,1,62.5421994839704
Rwwuwx,Stqe,13441,75,Female,2,60.68131057882122
Oaledmvb,Blbl,10212,60,Male,4,75.7310395228911
Kzrmah,Phxoyzj,10058,61,Female,5,79.41523362702812
Irxoqcndd,Xnuwdhlu,12193,54,Female,1,66.38662624251748
Oudnak,Leysgqf,16353,84,Female,2,69.58930681447322
Ztdkyqeff,Ldztu,10428,96,Other,4,59.92476408258696
Oaync,Mzwoa,10028,80,Male,2,89.14213904404446
Mtoefjhvu,Qhtquqjup,8728,24,Female,3,79.7236646659588
Fpqb,Wvxneihao,14833,62,Female,5,100.0
Txgvaaizc,Tqegqb,12649,89,Female,5,85.0351306934678
Umghzc,Oibebhfu,2648,84,Male,3,71.55776426185952
Mwvwgihl,Btvdsdrb,4738,59,,2,58.76827226569938
Rhdbkpxlg,Sfvtusjdj,18724,42,Other,3,90.35345884124266
Vdpmutef,Sakst,17772,18,Other,3,92.2659003502827
Yrzojtmo,Asno,4956,43,Male,5,81.63381063259155
Dbpxdrgzg,Siqscuvz,3480,89,Female,4,81.40255685551601
Ixwjbkdl,Jhgjgno,16192,36,Female,3,91.14962217971649
Aodukrz,Jifi,5984,53,Male,1,77.57973698857711
Ujbllcev,Nosxwkry,19683,67,,5,77.76418140388782
Dmlcz,Pohqz,17941,25,Male,3,84.14007688502134
Qusubewd,Qtbc,16619,33,Female,1,71.76045448414008
Gvjygfu,Mhnn,16914,70,Male,4,67.12234218132889
Cjnavcexo,Ojjcw,5809,63,Female,4,92.4302504917442
Ktuybbc,Oxet,5595,20,Female,2,60.71003179957016
Swvh,Vfzwqreon,3413,63,Male,4,92.7528713731243
Acai,Wcelhsj,5179,30,Female,5,79.82738764712593
Bajzs,Hssz,17275,26,Male,4,82.36396211484139
Sesdmeow,Zzilp,9964,71,Female,4,61.67123778597174
Tksvowzb,Awyhbk,7829,26,Other,3,86.63249408274737
Ongth,Aspxxiklb,4381,78,,5,90.61496939882134
Frsllvqvw,Qtopvvrlv,15177,62,Female,3,50.25300684087329
Nizsogmw,Ehhlzq,1652,27,Other,3,57.06981379237148
Lwmafusne,Xsdw,19927,34,Female,2,66.47599953963353
Uboucy,Peee,19675,63,Female,1,48.794670713122684
Mcbvdaib,Ifrb,5505,53,Male,2,64.20447014619546
Wgladjd,Kyvbvfcr,6898,58,Male,1,59.68504717337077
Ohwvqrny,Caywc,4644,88,Male,5,95.75492020979048
Ueqje,Lfeikg,18397,54,Female,2,74.9322176796486
Gygo,Cblotid,4587,66,Female,2,61.059188933422504
Rqmngk,Qxcjdlag,10557,85,,3,78.60371156800402
Dyiqhmnt,Juflrledb,16077,63,Other,1,63.735203940646905
Onda,Yfpbbrsy,14139,59,Male,1,71.78747773732422
Gegqlhssy,Ojsadlzcd,13648,30,Male,3,75.22843429231875
Ozaafnfi,Ysqme,17702,47,Female,2,63.769189365388755
Iqobk,Rgnp,18712,34,Male,5,89.1884236086764
Hbzmpegxw,Wacqfsv,13876,20,Male,5,82.52920491070975
Fskwmx,Tcyvkupe,17949,32,Female,2,86.47089176238325
Jrvmzv,Kfvdrsgk,17287,66,Female,5,74.23804198570011
Gfgl,Tddyxrvaj,10651,70,Female,2,76.50777432301739
Jlfgk,Xowdzf,18053,21,Male,5,74.2452862780975
Sgbdhr,Wfbstpe,11573,18,Female,1,63.2105365464797
Bvtankw,Szhbtcamt,10096,59,Male,2,45.6695374377295
Nuenfjf,Pqlapvtb,7138,87,Female,5,77.07035350775253
Lxub,Dtkwcjzsq,13651,82,Male,5,73.99094477095365
Hmji,Tucqj,17425,27,Female,1,61.07670744648958
Xsjbg,Vcphod,14157,79,Female,3,66.6186350474882
Fmcdeihq,Nionxwvxr,9848,53,Male,5,100.0
Cjmiz,Ytnrbxug,5762,86,,4,85.5784391918726
Vwbmtty,Rhpg,18535,21,Female,3,49.09282405561984
Croat,Vvmax,17521,84,Female,5,85.5117545988748
Uezpiyjh,Wuhepgd,19340,94,,1,60.19744855647819
Eomy,Vxroyjf,1054,53,Female,5,73.18619248036988
Xtylghc,Aritlz,6986,54,Female,3,63.752281466936196
Hyrji,Iigjmrk,17055,52,,1,68.99668953101752
Tqobb,Oiqhrjp,19145,90,Male,4,89.74538503604938
Unwojnuf,Dfsxsf,18818,77,Other,5,86.98482130181108
Ljqsifcc,Lhcxlb,17934,51,Male,1,65.31814905281567
Sqeilgn,Vpaauwi,13639,80,Female,1,75.75017813073173
Ecskjw,Gixw,6997,25,Female,5,97.46084113813126
Ltkfzdqh,Opug,17532,50,Female,3,90.97547645254612
Ntgflfd,Pymfad,3556,80,Male,1,68.23019004864382
Tjgevlqo,Mfuv,11313,24,Female,1,58.67208724251172
Rmvviavcn,Ijdnpdw,14906,83,Male,4,93.89658980723632
Fpebskgtg,Cemj,12709,55,Female,3,85.96378412875649
Ztlglzgow,Sqahycec,16316,48,,5,63.086161951459445
Hztuxp,Vygfuir,2737,52,Male,1,45.446560774054724
Fhudtpf,Zbbkjpke,16037,56,Female,2,64.48091533162912
Ltvf,Ptcgo,14890,67,Male,1,80.7994904918285
Vgjw,Lnsqwe,16135,20,Male,2,85.26062700895092
Wgqsy,Uvkjtzj,5509,29,Female,4,84.1049223851363
Luygt,Eayqhgtc,15629,64,Male,5,86.73367145911192
Uqjjpdcod,Wiwiaym,5230,32,Female,1,53.38310841631272
Nqjut,Ohmznxl,4707,41,Female,1,70.63699160215661
Gqvjcgent,Svzno,11798,49,Female,1,74.81845552707655
Rczk,Pepnnf,14701,89,Female,2,52.91599978867882
Uxfhfr,Gcjgiech,18329,68,Female,3,83.77004172987009
Vedie,Iigvu,11999,34,Female,5,98.03572940120647
Gkluw,Fwtu,4747,22,Female,1,47.528819694720426
Dnuiulfbs,Rpfd,13342,76,Male,5,84.7834081884071
Qnfjf,Aigod,10458,55,Female,2,70.01606967454507
Qlkungsdo,Swmw,14956,76,Male,1,46.155695528304534
Pgxp,Vbkgqefv,8918,92,Male,4,55.95120564136169
Wywn,Ptkxxco,18012,71,Other,1,62.93064249478375
Lxpqjx,Ktinunb,9156,35,Female,3,66.0364082574851
Jkuj,Vtwxatlw,12607,41,Male,3,56.41677071200023
Qhze,Gzdukokce,12905,80,Female,4,91.51461189347415
Ecozbzvjk,Tabmyt,7460,87,Female,4,68.30764331046768
Lsunm,Xaldf,7707,33,Female,3,74.23302844768085
Hudjcq,Afaltpkb,1704,65,Female,3,70.81939794197996
Drgyjiywj,Kmomope,13127,34,Male,1,58.778270203988136
Rratofrvc,Jqij,2001,27,Male,5,82.81178288317088
Rvkcbe,Tejs,7229,85,Male,3,78.47754838904419
Uebtrsty,Wygjqp,2158,34,Female,3,71.91540239994512
Runbvjatf,Icfjqfcux,8597,40,Other,1,64.78036929962198
Pehe,Dhqmht,14350,44,Female,5,87.00015363056633
Crhmojd,Vxjp,12999,57,Female,4,75.07150731652268
Qkyhvflan,Qzban,1354,61,Female,3,78.89189453467131
Erxjrtcer,Xgvrnti,3332,91,Other,2,62.35068991503787
Lnhctgghw,Jkndgxcua,17932,40,Male,3,58.5264434773956
Bumha,Idfyomgft,9267,67,Male,4,70.40856082117514
Cauq,Ysafbe,13873,67,Male,4,93.93962156745427
Eyiqj,Ssalo,14123,77,Male,4,79.34102775485198
Fnilzd,Narsqhizo,9295,56,Female,3,75.83046768594969
Acglwxuj,Wnuztaez,1586,86,Male,4,85.78156730566347
Gkufkpeq,Ketk,16235,22,Male,1,68.99683616448937
Vuhuj,Oeolfrf,3449,25,Male,3,70.456634030414
Ycgbhbu,Xrewrv,4617,94,Male,2,46.74651928835936
Tiqfrcd,Xolc,12991,68,Female,2,59.53233417471248
Ljllcm,Yxsk,12031,50,Male,5,61.10120450319236
Lwaosg,Yjoenben,16221,47,,1,56.31118385968665
Zyfgwvmt,Vibwgvc,2121,40,Male,2,63.42290405447485
Qktutikj,Mdid,9810,94,,5,84.73821674436277
Btrm,Vihrt,11161,61,Male,5,83.63204309372776
Yhfsao,Fzhtgw,17630,47,Female,3,55.122690659854364
Ltjjd,Ijfkrbu,9933,49,Female,2,58.1822519636082
Dpraelwi,Afebrsewh,6320,69,Female,4,72.95680102709926
Tugbkxe,Gbyqxu,10842,63,Other,4,95.66898646138449
Osaan,Onhxrf,6929,28,Male,5,97.59056698844408
Nufzlr,Gfmm,1741,23,Male,4,76.2450649006156
Uvoziox,Rdpf,4545,65,Male,1,54.14278652445783
Ipanyxyqt,Wnyt,17324,81,Male,4,71.38729853178596
Lqypl,Jrah,16705,76,Female,5,70.54026314922328
Opaitduav,Ojxs,19991,74,Female,1,80.97764255381368
Hmjskexl,Kihtu,4273,33,Male,2,62.52203521733737
Ueegu,Uqfdcjl,14262,79,Female,1,74.4129091709304
Gpgrahpxy,Iuxqgslim,16220,86,Male,4,79.78786205417123
Fxdrh,Wcvqure,1481,45,Male,1,69.93964353180581
Neokocqag,Iyqanwlpt,10786,65,Other,2,54.24679111648394
Zxdi,Fedzohd,18440,41,Male,2,66.7958797218316
Tpftvbo,Tvhrgeeyo,17717,71,Female,3,74.13122571177601
Pknvss,Alqhcy,13720,62,Female,3,87.0077141341412
Yekbyuw,Pthqpcgq,10719,22,Male,2,46.93384555598422
Gcgwwme,Vrbkpl,18543,51,Female,5,69.80443849320926
Bqiqud,Zfjrnkha,2009,44,Female,1,71.39572041091556
Prnxus,Nosuqpnon,8407,67,Female,2,70.5754966291681
Rcrt,Sscqfgowl,6191,29,Male,4,93.29929273658743
Adzk,Rmmlzepxr,13914,51,Male,1,64.34202482469416
Sozxdg,Rlhrnf,7170,39,Male,1,55.0768458416238
Qumml,Gythdsx,10419,42,Male,2,84.35563959462047
Ivhdpf,Vtden,1707,22,Other,3,72.3014165206528
Ivppc,Wakuhmgu,17524,64,Other,2,54.6488360958314
Sxipbp,Ayfqz,16723,19,Male,2,74.85085434907967
Jpil,Efkj,15956,86,Male,3,75.07307059654383
Mdoabxmn,Eyuiqet,10024,18,Other,1,67.88915491921486
Weis,Borhdoe,2171,68,Male,3,71.56364649271927
Ajqbkyb,Sznfzmfl,18323,90,Female,3,53.98734991831057
Jolv,Gvtgv,8999,62,Female,5,74.40847621082288
Mejxv,Hnmzgblt,14962,87,Male,3,72.83329768187687
Sgiikpbcn,Ndyde,10066,33,Male,3,64.9209432841708
Rsral,Dohhtde,15487,61,Male,2,65.5664975657672
Ijbjau,Cggps,13477,96,Female,4,88.02989567443606
Elqneaghg,Poeveex,12184,21,Male,2,62.64855007841666
Cfrioe,Thsjctg,13201,24,Female,2,77.03779625357123
Vjarim,Vngopys,8248,50,Female,4,84.14688119832913
Cuktvrm,Mgymsv,18758,39,Female,4,93.17926338363026
Mudmbx,Modyuvcbx,3054,77,Female,3,60.33746377863767
Pigx,Qhgjjpgcm,15277,31,Male,3,66.10462274275426
Bjcujfdl,Vimgqb,13076,69,Female,5,92.91489200469152
Qbobw,Bitbdf,8418,88,Female,4,88.2234196625923
Jxave,Ojnsonrp,14896,75,Female,4,74.07391059290464
Ydfrzowbo,Linpetcif,11568,93,Female,5,75.05125160459771
Ckjgiut,Ztjenfi,2567,63,Female,2,92.1934022415495
Anjg,Usuzc,17213,31,Female,4,88.53592612679742
Giigfq,Tsynuk,9725,41,Female,3,59.01798206931416
Knwduoyrm,Kkhylyptw,8040,37,Male,1,49.797998907249394
Dcshesr,Vhiwvng,8267,90,,5,92.40214936963898
Otfpujd,Rahpp,18907,39,Male,5,85.16589048401599
Ohcdx,Alxcynrn,5051,57,Male,1,93.03416440322387
Tklrx,Nsyutq,13570,83,Female,1,65.1604337636451
Xsuyl,Mhkbdnik,5382,33,Female,4,68.8181911326762
Qxhaqua,Gbppqmon,13762,95,Female,2,82.18506824367715
Klbqdr,Ybez,8921,64,Female,4,58.220168391510725
Ilyiudq,Qvcwd,11523,74,Female,5,86.27651436249991
Bspo,Xsicaqs,3954,80,Female,2,64.10459106294371
Cgqrp,Yceaglyie,5726,98,Other,3,75.06398421490915
Wirmhvds,Yirpachrz,11028,98,Female,5,86.94646506192899
Bbzhsovbq,Howxqkv,15702,48,Female,2,65.53531821894936
Kxrfa,Yvmektkop,1088,25,Male,4,59.52615716890925
Xzdkkqjcz,Iwojpgt,14784,54,Female,2,65.90668123322496
Cfygrxutt,Zwqn,19284,96,Female,4,100.0
Yrxr,Gejgup,16486,82,Male,2,52.99323416606318
Cfhgbwq,Jcngu,8652,39,Male,3,58.43837895318101
Melevjye,Wsyscow,1112,19,Female,2,68.58653477752739
Ejuzulyeb,Mrglh,15544,30,Male,2,64.35215714848721
Llyxjyjzd,Yibhfuvlb,13179,50,Female,3,68.87973975251654
Jhylia,Umejn,16020,93,Other,3,75.11969406245325
Ilbj,Yfdq,17180,96,Male,3,88.02424001092479
Jaup,Ebyf,18926,88,Female,5,88.9166715911245
Peurimkv,Nyllan,14669,76,Male,1,65.07687611045412
Gqsfrrx,Tflvafejv,10739,40,,4,100.0
Psaevj,Dmqxyw,11550,54,Male,2,63.81618960165254
Hrloxgxyf,Ztmefn,16538,57,Female,3,74.70166004111746
Rwhyaye,Dwcmhluex,1812,42,Female,5,97.8755740658171
Rqfj,Algy,19016,87,Male,1,53.41811245335765
Ycjlyp,Pkuhbedqq,11193,75,Male,2,85.32486666991187
Aroslizvj,Yibwxg,4314,60,Male,4,65.66307836314601
Rbeik,Tpmrycpnl,11755,71,Female,4,74.37955487897716
Ehhu,Hzndg,18371,90,Female,5,66.0052249758138
Izlzavee,Zsur,16284,54,Male,4,77.50895494929364
Irhprlfsx,Tvwf,17142,68,Male,1,74.11561749157624
Qiepasp,Thyst,2448,28,Male,4,94.27037751830294
Evtklu,Noyfqch,14991,63,Male,3,71.55433965995755
Jheu,Ffnoccqzq,16483,50,Male,2,79.23551105206275
Nsqqxkl,Yususnif,12287,25,Other,5,99.10778133924738
Hisdwtx,Ioevtf,15979,81,Male,5,81.93280147611584
Nflzbus,Beijodv,2036,96,Female,3,60.83206108630543
Pmywmnfw,Zkpv,6699,42,Female,5,66.06681959569902
Vhvxsw,Lqobbxf,5345,53,Female,4,88.84521831298095
Zcjzqtqk,Vubwbw,5335,83,Female,3,65.15980120129515
Woyzxxae,Ykdgsqks,8039,24,Male,1,60.824398162692816
Xtgsdovz,Ebjj,8305,87,Female,3,93.3635547359595
Noexiu,Mnbns,8346,67,Female,1,54.95698435168414
Frfkx,Wyqaxmwel,11867,29,Female,2,93.30046989892953
Wagtnpuog,Ethuvjrbs,12239,36,Female,5,89.3592350509203
Eobol,Yqbg,7846,67,Female,3,68.65939175328724
Ubjkxgiox,Kwjeimtcd,5156,38,Male,3,57.2406304573819
Stwgem,Xslzku,17012,32,Female,4,67.640843349069
Khifxknh,Bwha,12460,81,Male,1,61.39239660251764
Qvjohgo,Afefxqe,11495,42,Female,4,89.17525736141756
Irygpowl,Yaepwuqng,9694,54,Other,5,76.14080459117787
Oyhdkbrx,Hkinxy,7864,79,Female,2,68.9703680171819
Nytgc,Rxbgwe,16816,91,,2,45.64287528388429
Aaebvpnbx,Velgll,6206,37,Male,4,89.13488618452624
Zesy,Ofskihshw,4004,52,Female,2,75.40084464646003
Dtvtq,Zpkixlrf,11500,27,Male,3,88.66367551660481
Sehrmiag,Ntenwz,9616,72,Female,4,92.4991187291408
Eyjofapzc,Rnbkoi,5919,45,Male,3,67.16482120103365
Akzbxo,Rpgkdn,1578,95,Female,3,72.89721476618635
Aemvp,Dsulxi,16928,37,Male,2,68.87853265607411
Nxbydj,Kuqfejczn,1204,57,Female,3,70.59047680443241
Qghomeye,Vwtuwlju,16475,28,Female,2,84.02099436271897
Rnum,Yaik,10401,94,Male,2,90.8878227101805
Ofspzoc,Xhhzfuqgd,5063,51,Male,5,87.5686776769646
Vkiedb,Xtrfpyvem,10489,33,Female,2,72.2195091838383
Youcivfs,Gpupbfhw,4309,54,Male,4,74.66569555001325
Zkycokzla,Pjjqk,2219,89,Male,4,90.94145443411318
Sphky,Dxkdwhm,18819,55,Male,5,93.1251077466274
Ramfng,Llzvotoc,13791,42,Other,1,74.91126073523439
Bldjfg,Akihjoip,19032,41,Female,1,65.30051726870838
Splve,Rdms,4043,88,Male,1,56.85729138382969
Sxjlucjw,Vgqnh,16445,29,Female,1,83.0379986851737
Ybtayckxx,Nrouf,10010,79,Female,5,90.61415636172761
Zxcn,Poildpjnz,12367,26,Male,4,76.44655836638896
Clyufezxs,Nitb,5573,92,Female,5,75.00133305611801
Lqwdimj,Nykn,7863,38,Female,1,43.855593446605695
Mqje,Gzhrxli,18648,45,Female,1,58.92065050267348
Ynuv,Pduanxrh,12886,72,Female,2,52.943417081314124
Ojexwgblt,Djtnidmxj,3478,85,Female,3,75.39095344991011
Agixvefxn,Gkueuc,15144,24,Female,5,90.51815800092018
Hjnthh,Srezrnfoj,13304,37,Female,3,85.77005359164808
Haeoysm,Xamnju,15298,97,Female,1,74.35186798553815
Nlje,Scqlax,3885,76,Female,1,68.24987332423441
Mrmcp,Tsjinwiq,8838,20,Female,1,69.42715906170983
Gpdyh,Pzmmz,17766,56,Male,2,66.56027678494013
Iecp,Tqzmyzs,1125,80,Female,3,69.46542201560175
Ahboq,Huyio,18260,69,Male,5,87.82732537163213
Zfotbi,Uclht,5360,33,Male,4,85.80892649582371
Zffs,Pgapyxnc,14966,39,Male,5,85.0427371810868
Ougjsy,Fdaxy,9620,46,,1,71.73992523906736
Jbfrzo,Dkjadnwyu,9960,47,Male,5,71.73332575376892
Iscptso,Oqcsmrj,3893,65,Female,1,99.7362865887753
Ohgpvkhk,Srhlghgfp,14950,79,Female,1,80.20400005387755
Dqhv,Gakjtpo,19550,78,Male,1,70.22279409625256
Nkqxwzy,Gixaph,14124,67,Female,5,77.26115992571604
Kibt,Tvginmbv,4327,43,Female,1,77.20174266000406
Qquynozfn,Ybzirn,11049,93,Male,3,76.70999212383956
Ipbub,Fivitfb,7021,60,Male,2,62.66200449856375
Dxocergu,Oplo,10213,40,Female,5,87.21509768668594
Yxfq,Iopd,12584,78,Male,3,60.48529515885178
Hwxgikw,Wtnvbrzm,19597,68,Male,4,81.42507271363456
Noskwuc,Xwzvl,19182,24,Female,2,71.59314731885851
Nfldys,Qpxrwd,11041,95,Female,1,53.80991377966018
Fhwmge,Ynbu,16857,20,Female,3,74.91404477682217
Giogryrzq,Vcvapol,11748,83,Female,4,89.96406552696365
Lbxiriux,Hhci,16553,22,Female,3,74.9713448224934
Idxthzmfa,Htkrt,18241,52,Female,3,70.10526294161863
Soay,Vsbl,9027,31,Female,1,71.14029054359614
Kwmip,Cgdtlo,15325,27,Male,5,91.15201322236125
Qshalnh,Lpbdnens,18915,68,Female,1,42.376497868140504
Vgnxpea,Ikssyy,1074,60,Male,2,62.14524401703967
Jpzzhxv,Jrzvce,5387,36,Female,4,70.37454360667961
Hidiztt,Ftxtjuxp,18977,27,,3,96.31097182504529
Krlqyokt,Ewjz,9575,44,,1,65.94918459011016
Vgdyqduui,Hokv,7447,49,Male,4,79.55270512506524
Jncqsf,Gtoa,4140,51,Male,5,78.89057622015667
Whrdd,Ewlxoi,1941,26,Male,3,79.3578419692226
Eunirdtjj,Mmsjq,11085,78,Male,4,81.87679480270211
Bsquagk,Dnuvfmde,9609,79,Male,4,65.88532019494892
Baztqdnlb,Mmzxvxq,14733,38,Male,5,82.06685000254404
Zxqpipyni,Xwoulv,6324,28,Female,2,58.551198114275586
Wukfq,Evqjvpd,9138,87,Female,3,85.18166756706951
Ntzmmsi,Dkdtn,18127,43,Male,3,72.4866225920276
Ysmm,Diaqs,18526,57,Male,3,78.10115638594971
Uflycrvyq,Qwleks,11026,56,Male,3,79.90827878164215
Jczahhwg,Pbfxngu,13642,26,,4,100.0
