First_Name,Last_Name,ID,Age,Gender,Experience,Score
Aacqsfpqf,Hhckeqzl,18027,62,Female,4,71.2865482377387
Aaebvpnbx,Velgll,6206,37,Male,5,52.9045699157207
Aafptezx,Vqwjbubtg,18970,58,Male,2,83.9517322483558
Aagrjui,Hrtsomg,6533,49,Male,2,77.8035125675208
Aaicfejo,Fcful,1409,25,Female,3,58.1104771902977
Aaii,Smpoov,2658,94,Male,1,51.2928551070588
Aaktmly,Kcece,8119,52,Male,2,61.7581822581463
Aamvjot,Ihsy,6855,89,Female,1,66.0911822286161
Aanueh,Wnqefef,3939,25,Male,1,63.9146690266997
Aaprmqvyl,Ywpan,15495,85,Other,4,48.625812075954
Aaswrzjfm,Sqjjkowbp,16451,88,Male,1,67.6413815585115
Aavc,Wrunekd,16215,49,Male,4,67.0482762720133
Aavyrli,Qvla,2024,26,Female,5,49.1745969184027
Aaxrbkk,Lncr,12170,71,Female,2,67.5963158302633
Abfadeu,Outmzsvn,16840,39,Male,4,65.1648009890303
Abhid,Finfm,8490,87,Unspecified,2,60.9181877599585
Abhydqw,Fsuuxl,19833,94,Male,5,71.4947600060338
Abhymw,Iossbvy,6573,76,Other,2,56.3812470464377
Abkblp,Isrrcvvl,7623,80,Male,4,51.1236776223386
Abkdaosbo,Zwjen,1389,64,Male,2,91.8507385917723
Ablts,Mlcg,3137,74,Male,1,44.988067150826
Abnoztoi,Ttbdfwx,13370,24,Male,2,49.4649734369886
Abvyg,Qutgrtec,7808,40,Male,4,60.2643449298849
Abwauzutp,Nwwll,18444,21,Female,2,31.9292375619309
Acai,Wcelhsj,5179,30,Female,5,81.0336100949034
Acarkl,Iwvxuzb,1802,58,Female,5,66.3765946212205
Acfjpfgde,Zsjvfxyb,16452,46,Female,2,43.8052660993268
Acfqokeg,Ajjlsp,16637,76,Female,3,35.6863145597483
Acglwxuj,Wnuztaez,1586,86,Male,4,51.2979887569891
Acka,Eqtgwuxyg,17800,84,Female,5,49.8263684080348
Ackq,Lltshdvor,4959,50,Female,4,41.939974487812
Aclfvych,Fwumaglq,19798,84,Female,3,68.6190331427321
Acqvynaoa,Wozvsyyge,7136,90,Male,2,46.3300154000314
Acrs,Vxemyjec,2406,87,Male,5,39.6522584896616
Acrsdezwp,Wzunbn,8638,50,Female,2,62.5532198837353
Actg,Eqjptns,19056,90,Other,4,68.719696267289
Actuy,Yogbewt,5452,40,Female,3,44.2376140985239
Acveiar,Vkscottwt,17253,71,Female,3,87.1700798794378
Acximywvw,Yknv,15721,80,Unspecified,5,56.9364773258607
Acxz,Uhbqrwxp,10293,96,Male,3,54.5749519576517
Aczayz,Nhtopcwdq,10286,62,Female,5,64.7710233699475
Adcc,Etcgpmpa,4396,91,Other,2,66.554105714378
Adcd,Piymg,2499,35,Female,5,44.4707577149136
Adfocqtx,Kobhfjwpo,19381,98,Male,1,55.0987700232782
Adgxmb,Cqif,1822,42,Female,5,54.4764112598533
Adhtmav,Wtad,15985,63,Female,5,59.4160715092355
Adiri,Kyddszxvr,1109,73,Female,4,52.4639872944532
Adjm,Adcoq,16684,42,Male,3,51.853139885581
Adjnshplw,Xjlkehnxh,6640,29,Female,2,73.475424723189
Admz,Mhqgca,2426,72,Female,1,41.9539268861793
Adodnnjxi,Ivoi,8583,62,Female,1,60.3041225892712
Adpokwj,Swxzg,1424,52,Female,2,68.301494843271
Adppjvifj,Auhg,2854,97,Female,5,61.317449883028
Adtdl,Hszg,6894,26,Female,5,69.1369469917069
Adtub,Ldkfe,6912,90,Female,5,75.3170514031608
Advina,Ibzw,5833,79,Female,5,35.2227909580084
Adycg,Uolyy,19430,83,Female,3,71.2494946520964
Adzk,Rmmlzepxr,13914,51,Male,1,60.6321145435819
Aeafsn,Halcwcrh,4750,98,Male,4,70.2742473710205
Aeelvwmwo,Ulve,13558,84,Female,2,42.6018155805716
Aeewpgsc,Yjkkwl,16727,94,Male,5,62.6798630787968
Aegqkwu,Tnho,15734,57,Male,1,56.5446976083822
Aegu,Mwywmpmd,12125,59,Male,1,75.2546037193057
Aegum,Mwjd,11225,84,Male,2,62.3431161845869
Aehtbzhm,Bdqaux,19570,51,Male,5,72.4248832313652
Aejuew,Ybqsce,8526,72,Other,4,54.4479452737257
Aemvp,Dsulxi,16928,37,Male,2,50.2595539056656
Aenkmw,Gczps,4307,59,Male,4,80.4012006282461
Aepj,Hvbfv,11271,85,Male,1,67.607739904408
Aerth,Fnsmysus,10367,82,Female,5,75.5822302658232
Aeskqetf,Lcunfts,15024,96,Female,2,63.6643679128322
Aessdzpy,Jrqdnec,2312,62,Female,5,24.7975762409766
Aestnk,Mpmkszvi,14434,60,Male,1,50.8880896260754
Aevlpjgfb,Dlszta,16017,25,Male,2,49.8426233761776
Aevr,Hcyebwywx,19625,67,Male,5,66.7690495289585
Aexfxtv,Fexidhww,8580,84,Female,1,52.280947973134
Aexhopc,Gcwoeszdd,1359,50,Female,3,68.2184918355043
Aezfg,Ugebih,5578,51,Male,4,60.5180466225062
Aezfzclf,Ksrgdzs,10766,30,Female,3,61.9708174087508
Aezg,Hqgejnkq,7700,77,Female,4,74.2618930120574
Afcs,Zqhsd,12944,29,Male,3,65.257247409537
Afedj,Chgbvxhh,8608,18,Female,3,71.479295029139
Affriv,Cpphwpuzy,5542,86,Male,2,84.9074127685386
Afgvh,Fmpchwe,19367,88,Unspecified,2,87.3375945406465
Afhzz,Svbliiks,5082,42,Unspecified,3,59.7089260644083
Afjvcux,Hbaqdtl,6289,66,Male,3,61.0397736465379
Afnwp,Oapwdkjlu,18488,27,Male,2,57.7890882777175
Afrxl,Krbctzthy,5596,28,Other,4,43.6486746432879
Afwkbeym,Obnyloeab,5630,81,Male,3,68.4688697417762
Afwxonsme,Wcidktgwo,17576,58,Male,2,41.9370951715149
Afycp,Oaql,18189,37,Male,1,63.0016140863268
Afzamte,Vuyhnlnr,15418,73,Female,4,83.7720517027566
Afzgnwyf,Logeh,10796,78,Male,3,25.963943860769
Agchxrxqa,Hdwzcop,13851,34,Male,5,55.8697131769016
Agey,Qsjzkanl,12508,59,Male,3,62.4778811966934
Agixvefxn,Gkueuc,15144,24,Female,5,71.0493786780876
Agjm,Lqgpr,17019,86,Female,5,40.6853231296355
Aglgkk,Gorqt,16062,26,Female,2,48.6413587529142
Agotepy,Psyljuhxg,7452,88,Female,4,46.5420359909319
Agsqr,Msmietjwd,9340,56,Male,5,61.0730048339685
Agtbchhm,Iwmdhesg,14487,43,Male,3,48.9217089814866
Agyaib,Htgr,11103,30,Female,3,65.120446519659
Ahboq,Huyio,18260,69,Male,5,75.7851470045909
Ahcre,Wvxsuq,9100,50,Female,1,44.283142630668
Ahebnyfy,Wimm,14945,34,Male,5,45.1921866170268
Aheqxog,Qzttv,16670,23,Female,3,59.8334558941289
Ahfgtpzm,Zdhnmkh,12359,94,Male,1,63.8804441363235
Ahgdy,Vbtdyvml,11931,18,Female,5,78.5612225110311
Ahhtvjz,Dyddi,16697,91,Unspecified,2,53.7311427046914
Ahhzdchkw,Pkwdqaty,19997,48,Female,4,52.4629366843807
Ahib,Woeapxpk,6072,44,Female,4,44.4976448309231
Ahiig,Mcqnwq,4470,26,Female,2,67.6371680902298
Ahjcxurvz,Jtsvkf,19076,52,Female,1,68.3576152237331
Ahkeqsjd,Qfkrk,8014,86,Female,1,59.8188103958263
Ahmowgul,Zshriakj,15134,18,Female,1,55.9192042688749
Ahws,Vcrkgslb,13387,98,Male,5,67.9678778923751
Aiaw,Vfnyep,11146,86,Female,2,45.9896689873027
Aicap,Ponxoojlw,18769,40,Female,1,57.2177163381091
Aidg,Jrllnmzag,13572,62,Female,2,47.1574473791842
Aifmvrp,Hudl,7154,87,Female,5,61.4944372317968
Aihqebj,Mymrlv,7791,75,Male,1,48.5359474011606
Aikdj,Vmzwmyzw,16298,72,Other,5,67.0766149921843
Ainsmlu,Ftixundzq,1565,54,Male,4,73.457749418407
Aiqimjc,Fcsaohmap,4171,24,Male,1,58.8357332998762
Airxn,Xezuoe,12559,95,Male,4,77.4716246347983
Aitwav,Bcyejzkev,15367,39,Female,1,64.581867336683
Aiupae,Owohpdzhs,9619,64,Male,4,62.2398546871202
Aiuxmujak,Yylsisxi,16508,42,Male,1,70.4273600201221
Aivyhkqk,Bmot,19232,84,Male,4,49.0657013008869
Aiwd,Eszrhpb,17844,68,Female,1,58.5105332600485
Aiwfakvz,Siuhoiusd,10869,67,Male,2,37.9443894504287
Aixenie,Qkekd,15947,55,Female,4,52.1196686167453
Aiyglevf,Jmugxh,3398,27,Male,5,67.701001943668
Aiyv,Jsepia,5937,18,Female,4,58.5111567887877
Aizmosn,Hxdhnxy,3100,53,Male,1,65.3491816884061
Ajbkhdd,Uylltq,9053,51,Male,5,70.8883713900441
Ajczhvkn,Lcts,16955,66,Female,2,66.8990385689689
Ajedj,Etttm,14566,81,Female,3,71.1199529155141
Ajht,Rlbq,3637,72,Female,1,55.9617679987776
Ajld,Fymp,18563,98,Male,3,54.2395756782548
Ajlrja,Eofwp,7260,36,Male,2,60.1778944919532
Ajlz,Ovkfri,4706,43,Female,1,71.0298189248365
Ajmul,Ukrdbqgdg,12483,50,Male,5,62.2083685339479
Ajosuhutf,Qkpwmmm,5790,65,Female,5,58.5462968112594
Ajqbkyb,Sznfzmfl,18323,90,Female,3,34.9455458837433
Ajwrke,Joho,19647,72,Other,1,51.836125690551
Akdo,Ehhstfe,4328,88,Female,2,65.0018307964868
Akdqiirjz,Elcvfyeyg,8551,76,Male,5,70.4933599198447
Akeisozm,Mmqtaiz,16485,31,Male,1,76.4693039615069
Akem,Ovisk,10680,50,Other,1,47.0698471823352
Akeo,Iwhgp,18117,85,Male,4,66.3762149773409
Akesfcsxb,Ceccytwf,6178,77,Female,4,65.9891412083395
Akjai,Kxdiyam,7207,68,Female,1,48.7664113921835
Akjzi,Fvqtgijd,19888,41,Male,4,39.9892231508306
Akltqbhdw,Pogtgg,8904,83,Female,2,62.1912574694335
Akmdjzhqk,Wnvnexv,15493,42,Female,4,64.3869346777168
Aksj,Vwipx,3757,36,Female,3,58.0133081507154
Aksurkt,Fzkv,6609,61,Male,5,56.4768328320883
Akufpsw,Ucwmqiykc,14218,70,Male,5,56.4951307263248
Akvba,Nkuevtc,4383,95,Male,4,68.2590395157064
Akxi,Lqee,6292,40,Female,4,61.4333968237961
Akxzhpxay,Voea,11962,94,Male,5,57.5973148657653
Akyfysewv,Jtbthq,6570,30,Female,4,81.0013370321097
Akyv,Lxwbtl,14687,96,Female,3,77.5503540960554
Akzbxo,Rpgkdn,1578,95,Female,3,57.7799761611017
Aldh,Djyplgtn,7617,80,Male,2,86.8823992087238
Aldqk,Esmd,8072,20,Other,3,61.6202429504079
Aldvyo,Mqorhxb,16226,54,Female,2,36.9057137530278
Alepxjgn,Dattj,2023,78,Female,4,70.2567200340947
Alhsp,Yxphwehlp,18062,63,Male,4,35.4566480761776
Aljsns,Yyornsyfl,19881,39,Female,1,47.2498405727229
Alkmwk,Qwonyrfp,12993,58,Female,3,54.7777906656048
Alpz,Njvn,11636,21,Female,1,60.5424724623812
Alqyijc,Yxhgbsk,5404,48,Male,4,62.9202495156509
Alxys,Szwz,17145,72,Male,1,55.3268590623154
Alyv,Pjzqvusni,15686,47,Female,1,89.4450497881394
Amfkhb,Jiclzpf,17218,46,Male,2,55.8179704234892
Amhqwtw,Gxowd,16522,74,Female,3,63.6805718971063
Amibv,Uilf,4544,59,Female,3,59.9421058723987
Amiglavk,Jxdyjy,14469,67,Female,1,69.2149092433269
Amkqmpzyh,Gpfm,6687,60,Female,5,41.7910629307796
Ammdiy,Bqnrr,12165,32,Male,1,43.2742581213307
Ammkqg,Pkpibleq,12383,45,Female,2,69.6179801255328
Ammqcdb,Bojjgr,11967,75,Female,2,56.6248197781921
Ampoor,Ozrlaccv,1215,84,Female,3,68.2153132768971
Amqcugr,Sbwr,9656,75,Female,1,56.3036845429912
Amqgd,Ouictkscr,6843,57,Male,3,66.6940245215863
Amsy,Errvy,5503,47,Female,3,60.7097262179615
Amtk,Rpzkvs,17727,72,Female,5,73.3085322333166
Amvciu,Pfkhxc,11417,28,Male,2,87.0336660904208
Anasxrzr,Cutgvwmh,19167,61,Other,5,60.1268710810991
Anazaaxdm,Okmjx,6860,63,Female,2,67.4994762844015
Andcknqc,Gzplyctcb,15873,20,Female,2,47.5973489412345
Angeozzj,Rtakw,10956,96,Male,5,64.3087272999349
Anhlfwo,Pjsyussoq,6520,38,Female,3,64.0351025969088
Anhm,Eeghr,12282,65,Female,4,58.497323827723
Anjg,Usuzc,17213,31,Female,4,47.6583898753973
Anjytdebo,Yvrnatu,6179,49,Other,4,70.1800511217793
Anjzfel,Dbci,4948,42,Female,3,61.3193857974767
Anmz,Hnsxidx,18020,66,Male,4,61.4240692050041
Anqw,Txvunyq,8923,45,Female,2,84.8235187198659
Anrha,Cktvporar,12760,94,Female,1,61.7499829944009
Anuthvs,Iasso,19516,78,Male,5,70.8747371349064
Anvcuo,Fykdc,1980,81,Male,2,62.5286905872159
Anvn,Xgxnhoky,4485,57,Other,5,73.118816137292
Anymppkmm,Tetbyidur,14110,56,Male,5,71.9241520985485
Aodksdmr,Omsszgo,7718,25,Male,3,31.5316983248923
Aodukrz,Jifi,5984,53,Male,1,29.440224852902
Aodvmz,Amymvag,17537,64,Female,3,58.4358897439206
Aofyhbmeu,Rohgzdp,18692,27,Male,4,44.0505346211945
Aogo,Rswx,14073,24,Other,3,62.2880300175362
Aogpvsdvt,Gwqpcsra,8912,62,Male,1,64.1456460057788
Aohmx,Cqkbfeaj,16014,84,Female,5,50.488528503997
Aokwmo,Jaroweo,5961,87,Unspecified,1,61.8236914042455
Aomdrimm,Xselt,18116,88,Male,5,73.8842930164394
Aomjhjmt,Xbejunexh,13174,59,Other,3,54.0506193328785
Aompxir,Dxrxa,8523,87,Female,3,75.2480046323451
Aopwyk,Qgihcmq,16557,98,Female,2,44.4291030728734
Aotf,Nyrmgkwt,4708,30,Male,1,58.9748599039603
Aoweq,Empcmeom,11584,77,Male,2,50.9615766431865
Aoxuzhj,Yosfcneg,6147,62,Other,1,82.0679117930072
Aoycyq,Xtaj,14390,71,Male,4,57.2471297018607
Aoywodo,Rgsptktw,2490,26,Female,3,60.2237878246417
Aozijgm,Vmfj,10569,93,Male,3,38.5849760644357
Apachbrb,Abcnzn,4391,39,Unspecified,3,60.0164949906717
Apatgykqc,Hbutfu,4986,46,Female,2,28.3453896248248
Apberves,Eyodhjff,11035,90,Other,2,55.5629848036236
Apbsnisne,Wwlfcxyi,17865,18,Female,3,65.8121257291373
Apclsyy,Pywsinhav,2453,37,Other,4,52.5671539099148
Apgdtegbh,Sxjnbhp,14569,25,Female,2,74.0375992607051
Apgkihlh,Lcmrlvi,2982,22,Female,3,63.333467565665
Apkroez,Gikk,6612,50,Female,3,60.2826426177838
Apqdoutyd,Ojdrop,14192,47,Male,2,61.7573976995541
Apslvixi,Bqqwnemi,19280,55,Male,3,68.1343101239867
Aptbvll,Rjqhy,8798,30,Unspecified,5,47.8312742340357
Apue,Qqnm,10886,23,Male,1,52.6734696060301
Apvjvmtg,Qrmtv,2394,51,Other,5,42.5683617524687
Apwhxj,Xfpjroz,1013,55,Male,5,73.5530984258803
Apxgc,Rtyz,9751,78,Female,1,88.3702729884837
Aqaeoj,Desrcwo,17076,23,Female,3,60.341659984208
Aqhfi,Hodpspzl,17909,68,Female,1,61.6712640244759
Aqhm,Fxvylgmk,6366,85,Female,4,56.9208260526971
Aqjzhjll,Feht,10173,56,Female,5,61.0674703189172
Aqkvq,Bfufkk,12613,25,Female,3,32.1287645668983
Aqnafvmk,Ucrw,7353,70,Female,3,56.5763629505973
Aqnd,Lrqtxmupq,16114,54,Female,4,72.8192792713511
Aqnlq,Ochj,2565,43,Male,4,70.3859544416715
Aqogj,Gwqhfx,13024,25,Male,1,52.8453526883915
Aqomb,Ceic,8392,94,Female,3,35.0007156040769
Aqpepgzpu,Awdarfru,4794,18,Unspecified,5,60.0736276872657
Aqqawq,Qjobxuvl,14008,24,Male,3,70.7019853149972
Aqrrmf,Csuclm,2518,51,Unspecified,4,67.2389165914909
Aqskiq,Rpklt,6031,20,Female,4,66.679057095055
Aquhonuu,Cdyp,9855,29,Other,3,59.1228595861107
Aqwl,Oiozcv,7104,35,Unspecified,2,44.2878044424878
Aqxajkax,Dbywtzv,1034,53,Male,3,57.5172669331844
Aqxwkbe,Yeira,4618,84,Male,3,69.653755218548
Aqywg,Iqdyruvz,1120,78,Male,2,54.921636869233
Aqzpt,Ikpgamoxf,8059,26,Male,3,87.338306374892
Arajzjwjo,Oaxxl,11718,35,Male,3,65.7832066985446
Arcstevyf,Vrpsntg,4764,78,Male,2,48.6484363733963
Ariubfl,Eoofbz,14227,70,Male,2,56.5643025301681
Arlic,Ufxmc,8595,29,Female,1,56.0858269511741
Aroslizvj,Yibwxg,4314,60,Male,4,61.5161221520955
Arrrhisf,Ukjhf,15248,59,Male,3,68.384755333439
Artzk,Mvvxt,7542,69,Male,3,45.2977398196667
Arufhfxf,Zljwskm,1237,90,Female,4,80.0740756788584
Arzj,Nyvoukbpz,6027,42,Female,2,66.1591978335952
Asabeuyr,Zfhrjdf,3678,35,Male,2,49.0609687400539
Asdb,Kvohmhwdb,3553,20,Female,5,51.6356101465183
Ashvoivq,Fgjznbitz,1411,72,Female,5,57.5365224760384
Asigw,Pfwknvt,10805,37,Female,4,47.4869988309874
Asmdqy,Dzwkfsa,15015,56,Male,1,43.4811985495909
Aspzo,Zglxzsf,18888,46,Female,3,50.0134465275532
Asrpee,Guhwy,14397,32,Female,3,61.5961683104497
Assifwtx,Tyyqrj,15916,83,Male,2,52.2976291808018
Asvrnv,Edfub,9963,48,Female,2,72.1210003645977
Aswxrxqg,Wvtlwi,5341,72,Other,5,72.5061343294027
Atbsnucmd,Epdehjbzv,9564,72,Female,2,59.6312829032246
Atftmqzs,Qyxaatdg,6420,24,Female,2,53.653835981846
Atgvhxoqu,Wqguzkrri,9074,66,Unspecified,1,83.539797270444
Atgzh,Bkux,6170,43,Female,2,70.0363257077962
Athnx,Epad,11420,92,Other,4,50.3872934962506
Atlaazgdg,Rwztuhr,14285,68,Female,3,37.2273796948165
Atleshlnp,Wyjd,7942,22,Male,4,41.5170583046171
Atoi,Hncvz,7760,27,Male,1,57.018750482754
Atoxn,Ytkgjkupe,18057,31,Male,1,63.4107865203947
Atql,Ltnzzld,6081,30,Unspecified,3,77.4630694486327
Atqybq,Omuact,13045,25,Male,4,53.17979604636
Atrdozti,Qqnm,7559,56,Female,4,59.1013271406455
Atsaik,Tuheamli,15514,57,Female,1,56.9237179717353
Atsoncl,Edvqxd,1833,98,Female,1,38.4332356477149
Atsqala,Nsjk,11830,91,Male,1,57.1495942085674
Atvmnarfj,Auaqgcy,2070,38,Unspecified,4,37.7543909185443
Atwdz,Fetxep,17690,62,Female,2,37.6874438936228
Atxgugepc,Cvhsjaj,2551,35,Female,5,55.8466254513503
Atyfx,Qlea,4831,19,Female,5,45.1132689128431
Atypqijuw,Jtehkfm,5348,80,Female,2,69.1193546086439
Auczo,Chwdk,8885,74,Female,3,63.3901014924175
Aufvbgn,Cfjpbdlsw,9592,77,Female,3,57.9120035944609
Augvzqjd,Fjggd,16986,19,Male,5,62.9023150313569
Augwilvn,Vdune,14751,41,Male,3,58.7522762597985
Auiogwf,Hxpkh,7681,41,Male,5,90.5268424431537
Auiynfx,Nybpp,6049,94,Female,2,51.1371797334801
Auqzf,Gqkujlud,10767,26,Male,1,76.5340538540258
Austac,Rmvhm,10426,83,Female,4,43.8931672415648
Autqp,Lnekxcz,15557,55,Female,5,62.8029615634297
Avbwlsa,Mkyjam,10107,70,Male,5,63.4738209461977
Avbz,Izakmmd,2400,66,Male,3,59.1467513296204
Aveee,Wemjdudc,11412,62,Male,4,71.1750264274379
Aviwgz,Tifpxh,13602,95,Female,4,51.3524971532073
Avkyfri,Tidogmnm,6319,46,Female,3,46.8284272613616
Avlpqi,Zuezz,14044,19,Unspecified,2,66.3006669170055
Avmzurdp,Vzrmnsmd,12809,92,Female,2,77.1511159377306
Avogocym,Eumnpiuz,10795,98,Male,4,86.2641207395915
Avqdoe,Trxw,19483,59,Female,3,53.3801989749502
Avqnnxa,Dnnjnqvd,6258,44,Female,5,74.5553694141954
Avsa,Lgycyzvsu,2557,25,Male,2,68.308921103486
Avtmz,Sapf,15069,30,Male,2,55.3070479428954
Avxblhue,Coqzbi,16028,48,Female,5,64.1968523171663
Avyjislv,Mcpt,4306,34,Female,2,50.8875895467619
Avzhnehpi,Swbcm,6619,61,Male,3,55.6605332081326
Awgliluab,Svohqem,17441,90,Male,1,42.7725389166314
Awisnv,Stphzcdwr,7268,87,Female,4,69.4180195980359
Awmkordo,Ddirxz,2997,78,Female,5,67.7842573959037
Awqjeuon,Ycgsr,1264,72,Female,2,69.760206585596
Awrjlbu,Bcsvx,19080,80,Male,4,76.735086024041
Awxdu,Optnt,13573,23,Female,5,60.7824666765712
Awxltfkx,Znpw,7072,34,Other,2,60.2629360586144
Awywm,Exynz,16034,66,Female,5,60.4947993974878
Awyz,Gndjpjqpb,9127,39,Male,3,51.0613453934331
Awzaxkoav,Xtjjxfk,10914,67,Female,2,65.0321519760675
Axazwrev,Jotqas,12368,52,Male,2,84.4100751584676
Axby,Agcj,1261,18,Male,5,58.2483165153262
Axcb,Weqosu,8700,26,Female,4,56.4835651457844
Axfeys,Vlxvq,8944,26,Male,1,67.4623392338975
Axfp,Sqfzz,5059,33,Female,2,63.7607853782559
Axhdpdybf,Fstdyndbd,3250,85,Unspecified,4,42.8670263116398
Axhwcfqth,Tyca,3050,90,Male,2,58.1974271472798
Axjppgl,Lqgawwx,5591,74,Male,1,59.1026391132691
Axlmpnyhu,Wwxqbeqo,16899,47,Female,4,66.2034122758776
Axozpidx,Kfamvudpf,16087,29,Female,1,50.3694706609123
Axqar,Icmrquonv,7649,86,Male,3,55.7511489976078
Axqqzfihc,Sneccfeg,12689,82,Other,4,48.4324654674821
Axrljdqtj,Yvbsbfle,13253,76,Male,3,35.399512827956
Axtposs,Rmxm,7562,93,Male,5,64.116748311072
Axwurj,Syivuhuk,1339,95,Male,1,91.1030231541651
Axzyi,Gbmahf,18463,92,Male,1,51.7195508289867
Axzzu,Jvei,12527,72,Female,1,77.6470130671379
Aybvvbert,Evgwqfbx,11706,90,Female,3,45.6308094359794
Aydf,Odcrv,15661,89,Female,1,52.8999043602987
Aydkrd,Uktitmbtv,13879,86,Male,5,59.3619954651885
Ayea,Vpvzr,17307,62,Other,3,52.6620876155844
Ayeevlbc,Kkgwpjr,18697,33,Male,1,67.1480849830598
Ayfktiktz,Vujmblzeu,3094,28,Female,3,50.0904831161078
Ayfqkmref,Gcqqa,6041,73,Male,2,69.1743594916408
Ayilockdy,Sdvwty,10755,59,Female,1,60.2191044807929
Aylpislfo,Xifjca,4145,88,Female,2,60.2870585708227
Aynyny,Tmnq,19940,31,Male,1,51.6592239758629
Aypiqty,Ypmcjjtgz,3891,87,Female,5,69.193448868182
Ayrjbvr,Aalcio,5219,80,Male,3,72.8921774445913
Aysepm,Ddbziep,19216,43,Male,4,58.0109103051195
Ayuvhdhjk,Daidgmbjm,8266,31,Male,4,38.6009715332618
Ayvfta,Imuiohv,10075,22,Male,4,55.482252396051
Azbuh,Nxvj,15023,47,Male,3,54.286210764004
Azcesuoow,Qeyy,16288,92,Male,4,48.9753724308008
Azdav,Fibrmte,12215,22,Female,5,67.3314670928646
Azdnvlo,Docaesuft,7925,18,Female,2,65.9116990665155
Azebbl,Nbefbnycz,11888,82,Female,3,64.5507319782605
Azewaltde,Erixbg,14971,52,Male,4,56.7057858044657
Aziggornj,Fsvzbe,11565,22,Male,1,79.1842054464367
Aziwpa,Hsfp,15768,77,Male,5,55.7092286526033
Azjlks,Yqnoosn,10864,74,Male,4,60.44030109563
Aznaej,Xemavrf,1984,57,Unspecified,2,52.5318376644167
Azpgenp,Edlgrki,13205,80,Male,1,73.3347822033711
Azqfeyt,Renn,15926,82,Female,5,51.2401438605871
Azwooey,Oipolyh,5941,23,Female,4,79.400201502597
Azxifa,Pcon,15923,95,Unspecified,1,62.4633413843397
Baafcf,Onjkuis,4686,67,Female,5,55.047766929899
Baar,Hyzm,2019,87,Female,2,66.7926829704338
Baclsznm,Hrtvahsno,5551,28,Male,5,46.0937946654671
Bajzs,Hssz,17275,26,Male,4,59.3537057838628
Balzlw,Logmpik,11183,61,Unspecified,3,66.6156635683029
Bampz,Ozvy,16472,97,Male,5,64.2261481534492
Bamwd,Snau,10884,40,Female,5,43.8585315078288
Bapucrcex,Bcnhxotz,15097,60,Female,1,50.9449775382303
Bavau,Damk,5663,20,Female,5,52.7092764473432
Bawgmdm,Ndksiryus,17996,66,Male,5,68.8636517764336
Baydkxtlb,Ifiwdz,14646,30,Female,1,67.7508179413831
Baztqdnlb,Mmzxvxq,14733,38,Male,3,49.7015974738166
Bbauzpkmn,Tcldzuqg,16488,55,Female,2,58.8028407367953
Bbeecf,Ashnd,14626,29,Male,4,70.7895972635632
Bbfvq,Reankqpw,12019,69,Male,5,59.050245932259
Bbgspzsbc,Qwgaokwc,12643,72,Male,4,68.7967507768082
Bbhtk,Gdhv,17603,48,Male,5,72.0600102936623
Bbilhzl,Bmlsusb,16511,29,Unspecified,3,75.7824479387895
Bbjk,Hrpms,11099,70,Female,5,55.7530666851705
Bbmdlwtz,Mdjpmvcn,6655,77,Male,5,60.0474114143097
Bbojrtr,Lhasv,5181,97,Male,3,65.3879202523553
Bbpciqnv,Jmmi,18357,31,Male,5,70.6410848296521
Bbtw,Sxkjtjgf,9498,70,Other,4,52.6926341510573
Bbuv,Rcogdtkc,6220,93,Male,3,54.4751457001066
Bbvmb,Zzmpqqaw,16039,86,Male,2,61.1822041309288
Bbzhsovbq,Howxqkv,15702,48,Female,2,64.7177721526957
Bccco,Ccax,9581,47,Male,2,56.9564345615555
Bccdfvnm,Qpgtpcoc,11232,56,Female,2,74.3464469754674
Bccuzj,Kopppu,11329,97,Male,5,46.5148551785623
Bccwqn,Komhyyajl,13094,77,Female,3,61.6027533687312
Bcldzprgq,Fpnsv,14826,69,Male,4,77.8142590108086
Bcnyvrx,Zjxkld,7710,83,Male,2,29.5757440813731
Bcols,Gmkwurctf,6703,23,Male,2,65.7775346671
Bcpvo,Zfdu,12266,19,Male,3,47.7892634418382
Bctuzbv,Ooaq,8924,31,Male,4,35.1774186716604
Bcum,Etihroe,2597,29,Male,5,59.4297063606459
Bcvrgsos,Askbfv,18031,88,Male,4,60.3875630418203
Bcwknnwl,Tmzn,8611,23,Male,3,75.0708289956967
Bcyqf,Xmigdc,12380,27,Male,1,70.1936486514655
Bdahrjdmw,Jnncgonyx,14829,30,Other,5,55.4431419947111
Bdayrp,Etdhgygt,8880,86,Female,5,75.4331708668747
Bdbcjck,Nthialym,3212,20,Other,5,56.5168348200051
Bdbgf,Yaxfv,1030,57,Male,4,92.3012659837784
Bddqmodj,Jtrwgvru,13906,98,Other,5,70.3153194298862
Bdfbd,Dsdbksy,10250,42,Female,5,56.3977834021233
Bdgfowa,Ifzewmhml,5523,42,Male,4,50.895026341887
Bdhaxhne,Xdmbd,4803,58,Male,2,76.0424155911142
Bdhxdxcrp,Myewrnsbh,11447,43,Male,2,61.2258364320328
Bdhyegcng,Odkj,10765,72,Other,4,77.6376261298866
Bdiujav,Jkkvbhe,7122,81,Male,4,66.5553056770936
Bdjflbf,Dtcttwwq,1194,40,Female,5,78.6897645587217
Bdjwosyy,Bwod,9858,36,Male,5,76.2202510251242
Bdkqubdne,Qoqjqok,5850,21,Male,2,57.0126953566296
Bdmhqhv,Vdad,3708,53,Male,2,37.098420943962
Bdnpohiu,Vaet,3406,83,Other,5,89.3831098986582
Bdqob,Udkgemg,10926,74,Female,3,63.3708034516433
Bdsq,Cgoyctk,10353,76,Male,4,53.7684095446558
Bdtzer,Dmjier,5721,47,Female,4,45.853424461433
Bdwva,Gsqwzmq,4478,37,Male,2,65.3710321046195
Bdzsys,Rnrkpatb,13191,50,Male,3,71.7026796631512
Beajo,Lfugu,9842,51,Female,1,42.2105138444793
Beennj,Ybwyoj,3003,66,Female,3,49.28767461682
Begtuj,Uewcq,10867,33,Female,4,56.3517157828148
Beilxf,Avfzvec,3613,75,Female,1,51.3525348512218
Beilzh,Ilhjme,12873,63,Other,5,83.1703341913692
Bejo,Culrmsoyb,15637,98,Female,2,65.8678723762532
Beme,Rejtexeor,19715,37,Other,5,68.6241223806301
Benfzwr,Lmekua,5774,59,Male,1,50.5836733142595
Beqc,Ibcbb,9234,75,Female,5,51.6071529421824
Besqzgljg,Taooymxq,1558,45,Female,1,43.7712958436132
Beukuseix,Vgqnbdnc,19736,47,Female,1,30.1409909843523
Beuuu,Bonfwxsp,16842,31,Male,3,61.8431492271338
Bewg,Nswito,2007,89,Female,5,51.558096701971
Bezipadpu,Fdzfxbk,13732,74,Female,2,58.80009124749
Bfav,Gkfrq,10720,83,Female,3,50.8629250944707
Bfbfxucvz,Bcpblg,11250,98,Female,4,58.9414372272969
Bffvprgzg,Iqwvngyt,12121,51,Male,4,61.9252022327388
Bfha,Ymaercxlg,8224,47,Female,2,54.144005920555
Bfldorqm,Ydejrkj,18002,18,Female,2,49.6775872827361
Bfllpmxz,Oaga,9631,89,Female,1,57.778823077558
Bfmvryiy,Caeobr,11076,94,Female,1,52.0038354028624
Bfnvmd,Wcubvgz,4914,44,Female,3,53.7133924838657
Bfpsggsqe,Bnfdueqd,5773,75,Female,3,50.1707155152756
Bfro,Sjpu,17606,56,Female,4,80.3202890628703
Bfrxm,Fggv,1681,81,Male,5,50.9302687709863
Bfryd,Quqxfnv,9818,90,Male,3,57.0529784165216
Bfsuyu,Qiyoxrqg,2472,36,Female,4,54.1586343836452
Bfsxtr,Bhukwi,8867,89,Male,2,55.8767597091761
Bftnfxp,Wwuvccmm,14507,24,Male,5,34.8423239821951
Bfwejp,Ssne,17283,48,Female,1,63.2861340542518
Bfxu,Idyrkoww,14238,91,Female,3,60.2972376608586
Bfynppsy,Uwkh,9822,92,Female,3,76.5217650895962
Bfzcqrsw,Inuxgjxs,4965,93,Female,3,85.4248199494938
Bgawu,Teecnv,4519,41,Female,1,45.2451010947444
Bgcnavq,Inbcz,10913,74,Other,4,73.7728185116199
Bgee,Nfkhqrj,18544,69,Female,5,60.1680393995253
Bgetrakdt,Iocqopq,2286,93,Male,3,74.202301431136
Bgewmshy,Ypqb,12075,46,Male,5,60.3962738749779
Bgfikhe,Hvla,15924,76,Female,1,64.1292899541974
Bgkh,Fzpidrtkd,3075,70,Male,2,64.5248063099393
Bgmcasbw,Qvtgzihfc,2563,77,Male,1,54.3981065172806
Bgoekdpw,Wdjlp,2717,97,Female,4,69.2697043611363
Bgreg,Bbtwfs,11742,50,Male,2,45.6228221127073
Bgrhrjzhh,Bzhhkddss,12698,33,Other,4,55.366546301978
Bgscoj,Wflybwylc,13090,33,Female,4,75.6157699238455
Bgucpnfni,Lspljkg,1212,88,Male,4,63.1986175074036
Bgvb,Cfjancwh,7284,84,Male,5,48.5655801033155
Bgwwz,Xqst,7956,40,Female,3,31.3504626530462
Bgycxiz,Kiztanavx,5036,80,Female,3,87.7307297594223
Bhftpj,Xqgyny,4743,31,Other,1,69.9378840052633
Bhlblzyq,Avnwwtqz,2015,80,Male,2,54.3641479698215
Bhmx,Rjzuypeka,4071,49,Male,4,52.2012059599285
Bhoqwploj,Xthuxgft,6844,76,Female,1,63.0713144062396
Bhpalqc,Lktgsk,4065,50,Male,4,52.4793427990299
Bhqau,Eknusug,13935,30,Male,3,55.5080648439161
Bhrp,Bbra,16076,75,Female,4,61.5126508431826
Bhuww,Wmpl,7944,47,Male,3,66.3840715284186
Bhvpzrjih,Lbapqoevm,15765,64,Unspecified,3,87.106275491671
Bhwix,Sxzvxmopy,1393,73,Male,2,67.2221999396793
Bhxddcdej,Eqpjlbej,4157,86,Male,2,55.2684230044108
Bhxmvgqvw,Truubiw,14584,40,Unspecified,2,59.5228921055991
Bhxpphjw,Rnqgpetnu,13008,57,Male,5,51.1785354318848
Bhyczt,Bdhkqkmb,5686,69,Male,5,43.2254484890152
Biddcdtay,Yzqaz,17092,18,Male,1,55.5000540110207
Bidvstesk,Dudz,11541,68,Female,5,59.1118842683816
Bigl,Khiychbo,2198,34,Female,2,48.3668807169272
Bijmnb,Ghun,14983,49,Male,2,47.4737293181772
Bijvbzgws,Ebswvup,4674,98,Male,2,61.8801669271458
Bilfgpl,Gcdkjjstc,9166,59,Female,5,72.6401937375433
Bilkpn,Arewdpb,1785,44,Male,5,61.0735311118455
Birh,Tclbxayc,10920,92,Female,4,80.3672034676868
Bisynyc,Acfv,10165,30,Male,1,78.8785724477115
Bixe,Ermrlp,11897,95,Female,3,45.375664575999
Bixlkvfjv,Bhdy,3495,64,Female,2,70.9971848216267
Biyxvtqhk,Kserq,12673,19,Other,2,67.5532771153336
Bjcujfdl,Vimgqb,13076,69,Female,5,49.4978998846017
Bjfednl,Cfqgcgs,18871,78,Female,4,88.6261725732764
Bjhl,Xuzim,11666,98,Male,5,78.22114598658
Bjiryzcd,Hudi,2526,40,Female,1,62.0188208065538
Bjit,Ggyzy,6974,27,Female,1,82.5143565712593
Bjktih,Btqfz,13143,65,Female,2,67.6433189450039
Bjlgt,Ggcjp,5226,77,Female,3,26.8266997408433
Bjmqeeaw,Jtbifb,11965,48,Male,5,70.7337151666198
Bjoem,Pajlyxu,11912,69,Male,3,46.1607928809386
Bjrmdiis,Pkfafs,15305,38,Unspecified,1,60.7122368436211
Bjtgacntm,Smfoj,6977,24,Female,4,56.4715237113841
Bjtz,Kintly,6300,71,Female,4,70.4580519027405
Bjuod,Ttnui,16326,84,Male,4,50.7364673450201
Bjvqgnt,Chhjbzbdy,14383,47,Female,4,61.0772422044646
Bjyzw,Tzqk,3565,26,Male,3,58.3634609476092
Bjza,Xhsuoczk,14268,52,Male,1,60.0153674439967
Bkewdo,Rclobda,18333,66,Male,3,58.4262327464125
Bkgqhgl,Juvx,18206,34,Female,1,68.2030443814441
Bkhok,Cpgr,6078,26,Female,3,74.0505122173385
Bkhtuqgg,Emefdzxa,15989,92,Female,3,74.9434787409674
Bkixjdc,Xtsupjyri,9004,56,Male,4,72.0187454406941
Bkjks,Sitrqm,9297,94,Male,5,41.1760987400463
Bkmjtjr,Auar,6270,20,Female,5,47.0434304769073
Bkugs,Sbmr,1454,34,Male,1,45.7165196722239
Bkutpynav,Emqzdsrh,18957,51,Male,2,54.6162314660314
Bkxiy,Pkrshsmc,16807,61,Female,4,75.7326059610391
Blamb,Vsrspvbds,12046,52,Female,4,58.1029595849296
Blbalywrk,Jbkskghtu,16605,59,Female,3,55.744920312782
Blcr,Dkqzehtel,14940,54,Male,4,65.3496703960409
Bldjfg,Akihjoip,19032,41,Female,1,57.3120419600754
Blfdamy,Plzobcw,2656,94,Male,5,71.3647636074268
Blhlxvjd,Iucgntp,15044,62,Unspecified,5,52.8598851258314
Blni,Pawfjwbtr,16737,75,Female,2,64.2388331415025
Blnweyuap,Mhuocp,8843,50,Male,2,67.4342027135152
Blqhru,Gwfdosm,17627,66,Male,5,56.1801214358102
Blsozf,Eslcpzwtb,18067,74,Female,3,49.196866716337
Blygy,Zkaesn,16182,77,Male,5,37.7885212598575
Blyleinac,Vdka,14326,88,Male,3,51.4725084266939
Blzhknu,Lcacr,14412,98,Female,4,53.0023573341698
Bmdzp,Zeha,13775,91,Male,2,36.7422021998247
Bmeucbn,Vgijvvy,10197,98,Female,4,37.9020654293355
Bmevr,Pjtx,11418,28,Female,2,55.2334171416239
Bmiydlqxo,Yskhn,17101,59,Female,4,67.8471058076263
Bmksskmbu,Dlbfjf,3252,53,Male,5,50.6607631524945
Bmmoqb,Tgftagejs,6010,70,Male,5,77.4059682018679
Bmov,Oibw,17167,92,Male,2,66.155495820562
Bmqzfbib,Kbmg,19866,51,Unspecified,3,69.6946699149771
Bmrs,Spqon,19061,28,Female,5,58.2905029556939
Bmumwhmqq,Svwtrv,3741,86,Male,2,46.0106099151391
Bmwld,Ntva,7367,87,Male,4,55.9908723634155
Bmylh,Fcrny,1036,98,Female,2,45.548659665018
Bnevwmln,Nlcwovzr,6347,72,Female,1,78.7933975961886
Bnezkmooe,Jzfabm,16776,61,Male,2,54.3936752622253
Bngphdm,Rrlxfp,6499,81,Male,2,50.2066679611357
Bnilk,Rfdhfrrms,3335,62,Female,2,58.1284171893256
Bnja,Snacbyj,2645,22,Male,5,75.8958693477055
Bnlrtii,Sava,11733,71,Female,1,62.6709491998421
Bnluvrsj,Nkzkmvrn,9118,23,Male,5,65.6077048451329
Bnpcelb,Yxsmuyjti,12894,64,Other,3,59.4050525909353
Bnpfwvhkv,Mgciao,13515,76,Female,3,77.4135517488022
Bnqo,Ebbksjjq,8302,94,Male,3,51.547558256003
Bnrzcbuha,Iqrambql,11442,64,Male,3,39.1207280304315
Bnuegzjw,Yushekjh,16115,22,Male,3,77.6592862402974
Bnurdwf,Quoty,5975,87,Male,1,57.8067289470889
Bnvi,Otdq,12399,97,Male,2,75.8096550779077
Bnvijirn,Halb,1768,72,Male,5,69.1855380163349
Bnwpgs,Tdffxrriq,17385,91,Male,3,64.9123444460732
Bnyklttys,Aafzo,4759,32,Female,5,71.4732893961043
Bnyyjsrp,Epljygf,4155,26,Male,5,59.9424417023446
Boao,Vczwud,10493,68,Male,4,63.9070911023427
Boaqclui,Nfdk,9577,84,Female,5,62.9839222641324
Bobf,Dfnpa,9299,24,Female,3,72.5414382033265
Bocmqzbqy,Qjhlhci,2674,78,Female,3,56.8835764413937
Bohwcni,Jqmzurrjk,9033,45,Male,3,74.5619750943379
Bomgegryb,Wpbaquu,10355,75,Male,2,62.3868214694625
Bopb,Cjmc,3991,60,Female,3,62.7714769438855
Boqobta,Wfjfskbb,19455,23,Female,5,55.788851723095
Bosznx,Nznfj,1563,39,Male,3,54.7332132772105
Bpay,Vlvvy,15585,83,Female,3,87.3888182479773
Bpbpswhhw,Hqofalbjv,13232,54,Female,2,56.5690519556016
Bpcikgdl,Cmoivo,16995,90,Female,2,75.3581210301998
Bpdum,Ctthvy,12670,68,Unspecified,2,86.7949725904407
Bpkc,Cvmvbyflf,17988,26,Male,4,50.5651687972785
Bpkforpo,Qgggpjen,8783,51,Male,5,50.0237829140367
Bpkxfokey,Xldbilr,8416,68,Female,5,63.782610248817
Bpnyygd,Ztegdlf,18185,61,Unspecified,2,52.3250927376321
Bpqll,Masouc,14283,48,Male,1,66.8331241441986
Bprtnri,Plgmlbbm,5339,88,Female,4,63.0217486085745
Bptuuwi,Qxvdl,10960,41,Male,4,68.3257736473738
Bpunivimq,Ridyw,16675,32,Female,3,53.9521184139036
Bpyfgftu,Opuda,18650,19,Male,3,42.9889640309423
Bqec,Xxfu,15198,26,Male,2,60.3361778978122
Bqfsc,Flvreyhjn,3531,40,Male,1,50.0622035390805
Bqiqud,Zfjrnkha,2009,44,Female,1,46.9135332417877
Bqkazedt,Fizb,2904,59,Female,2,57.3241979880805
Bqlw,Dwekz,9955,69,Male,3,62.3734863090978
Bqratniae,Hohnzmiix,12672,84,Female,5,45.9116872116216
Bqrjjopl,Wybovkgz,12718,46,Other,2,50.0067683369274
Bqrmgt,Fpjd,19369,26,Female,3,75.6436109437172
Bqudtdn,Aacpm,1753,33,Male,2,73.2202457151613
Brahye,Jlhpz,13612,19,Male,3,84.1724169475593
Brao,Nunjs,1270,28,Female,3,80.3880445750402
Brea,Nnywkku,11693,81,Female,1,44.1422937132265
Brgf,Xhqov,18821,29,Female,3,62.2549466812885
Brgrsgc,Jmqtmkvg,14149,39,Male,4,66.5214649807949
Brjst,Gbvun,19295,80,Male,5,73.8983215715377
Brkxzqan,Tyblko,14664,79,Female,3,41.9190240068426
Brlz,Kztlvrhi,9515,42,Male,2,52.5351893792975
Brodwuaj,Zfmnyanc,1070,28,Female,3,60.973789457605
Broyrcg,Lmzhujepe,2104,19,Male,3,61.7155263271105
Brpijunqj,Bopp,3669,52,Female,1,59.5109365218855
Brrmfu,Gajyda,9259,65,Female,3,57.7756546623074
Brtpds,Siby,9543,76,Female,3,45.4465460450537
Brxa,Fcihfovo,8547,45,Female,5,57.1231328742464
Bsfd,Mmpduquef,5109,75,Male,5,72.976967581686
Bsmcsw,Txhnvh,13499,41,Unspecified,2,60.6714149347119
Bsmq,Mohw,6228,51,Female,3,76.7062867603597
Bsoaj,Tnnxoo,11786,22,Other,3,65.2126687617449
Bsorr,Qjbspyb,15479,58,Female,4,49.4823948956938
Bspo,Xsicaqs,3954,80,Female,2,50.0229644763823
Bsqj,Zgeuz,6931,52,Female,3,60.6720675736873
Bsquagk,Dnuvfmde,9609,79,Male,4,44.8104245316764
Bsxwrpyvu,Mhtbzbatz,12948,86,Male,2,51.849918742228
Bszoc,Sjxqsidx,11210,90,Unspecified,2,48.9241058199862
Btakdau,Okymweiiq,18244,19,Female,1,49.5309274835822
Btanih,Zmkcrd,5065,36,Female,2,37.6957436008944
Bteu,Gkicrvm,2107,65,Female,5,64.2341304681205
Btkxdr,Jcqaqc,13928,79,Female,3,69.556773662275
Btmalhdj,Wcfxq,1592,88,Male,1,69.709809388942
Btozavty,Zvtafb,10310,68,Other,1,83.4697270531394
Btqbfokd,Pslhsenkn,6018,26,Other,2,67.5070608822396
Btqejf,Ewxfw,6558,67,Male,3,58.9292059288738
Btrm,Vihrt,11161,61,Male,3,62.3231159555065
Btufrw,Qzdnjhkik,7844,65,Other,4,48.7482849303722
Btwvnm,Emvbphxpl,18479,74,Male,2,42.0053716883142
Btxnxhzzi,Qngocq,1168,19,Female,2,61.1964138836515
Buganvfn,Braswhfq,10904,73,Female,2,66.3486583715282
Bujgweakf,Flgd,14380,49,Male,4,64.6676156511787
Bulgqco,Kqoxuan,8171,85,Other,4,77.8641317137468
Bulngxi,Kzgo,12206,38,Female,3,69.803654722855
Bumha,Idfyomgft,9267,67,Male,5,70.6446661264792
Buon,Snhr,8208,38,Male,2,52.8333902235585
Bupylp,Rtmoosty,15129,49,Male,4,47.7681157518605
Burbjgjse,Rwklsr,18496,67,Other,4,60.2787694097076
Buru,Voyjjfvm,17223,79,Female,5,63.9728907001762
Buun,Andfyfxo,11265,83,Female,1,38.3920058157499
Buxc,Sntwvsaa,9586,25,Female,5,47.9571678436668
Buxk,Ouabjxhe,14891,97,Male,5,32.0471215589317
Buztmvlzk,Mnca,6442,94,Unspecified,1,36.2984163340288
Buzuh,Rrbfjpgw,10873,79,Male,5,62.5595521195056
Bvcasggd,Nxyzvva,1111,46,Female,5,66.3258982105219
Bvccxub,Rikqdhonv,6879,87,Male,4,66.2246768507081
Bvcfecw,Mhkubhnsv,8149,28,Female,2,86.1888176967602
Bvcvwab,Ultjh,4780,67,Female,4,82.8876936253896
Bvim,Tcysgeki,12027,44,Male,3,61.7738975432969
Bvjbqsxrq,Dkdqnwigh,9256,43,Male,2,62.5484274738398
Bvlcgpezd,Ceyr,16191,52,Unspecified,5,37.5195801493447
Bvmav,Ssjktmnlh,5999,36,Female,3,68.2547138736953
Bvpufbll,Okdqq,18227,27,Female,3,61.6636386805149
Bvtankw,Szhbtcamt,10096,59,Male,2,70.3516760769738
Bwawltke,Wxsehv,17522,95,Female,3,69.7519536412695
Bwcej,Ghhf,6223,56,Male,1,59.707236860378
Bwdx,Qmnkmyau,10337,65,Female,5,61.987665663748
Bwfwqoues,Jhyvbox,17743,81,Other,1,60.7120076530165
Bwiiiys,Bowjche,3860,91,Female,5,50.8617204361507
Bwnu,Gquos,16165,58,Male,2,47.4569249215388
Bwpn,Ravicjrou,13022,72,Female,5,62.0010128794538
Bwrcnptvp,Fxxnjl,7895,68,Female,4,43.9162051632703
Bwsk,Yjwq,8390,45,Female,3,86.6343605610545
Bwsu,Zwwdxt,8203,51,Female,3,56.097463721
Bwwnmrda,Vxisel,16361,85,Unspecified,1,51.2073899007264
Bxfsddxm,Jawvu,13898,65,Male,1,43.2445704303133
Bxkmtctst,Qlgtnvi,14862,83,Male,3,59.9380635298488
Bxndm,Xiddhpmjr,13789,19,Male,5,70.0295921386867
Bxoilvfz,Ezsmah,14563,81,Female,3,48.7145716771155
Bxornn,Getve,7148,30,Female,1,56.9990176095984
Bxpffengb,Fwnmu,12028,93,Female,1,82.2735452535576
Bxqpi,Zdscpwy,9173,59,Female,3,74.0914554435085
Bxvfarmyu,Yirdbccr,12908,84,Female,1,52.0951121949852
Bxvhqvk,Clbr,5526,90,Female,3,63.2047122625604
Bxwhorji,Kxhxkxi,3089,38,Male,5,56.6780159455816
Bxwzy,Eqnugcmwt,2144,71,Male,5,62.7581469428043
Bxxyzfwrq,Hqujneri,19649,36,Male,1,73.8387906250027
Bxywehtw,Kxbfbry,12700,79,Female,3,47.2297760347139
Byafgo,Wlhurlxf,7647,70,Male,4,70.0753286037886
Byceklr,Tydk,14997,91,Female,2,69.3445368101126
Bydthu,Uuiqrmss,18992,81,Female,4,67.4619123907319
Byeef,Alrx,6895,82,Female,4,51.2915644010998
Bymmyxv,Vmxmcghhu,14666,81,Female,1,47.7835689188609
Bymvmo,Fsthzpf,5254,66,Male,4,59.6251475714765
Byujiq,Ihxrll,18225,37,Male,3,57.1030412761322
Bzafugjp,Tdgl,6074,56,Other,2,62.1300772858425
Bzfy,Cgtj,4892,87,Unspecified,5,52.5156018707968
Bzgniiehx,Pwpnv,11708,19,Female,5,68.7188847386246
Bzikmwuf,Bjfem,16701,62,Female,4,48.8577355947794
Bzjvvr,Arejus,11256,69,Female,1,91.9554381747212
Bzkbvzky,Dtvw,8829,91,Male,3,57.9047299335765
Bzlcbi,Ctqktou,4280,89,Unspecified,1,51.0755361113404
Bzoid,Xriooqaxl,1000,75,Female,1,59.6570261195197
Bzqbupkc,Dqlirm,9221,25,Female,3,54.2412116250189
Bzsmmgzg,Mdzufjq,18387,57,Male,3,46.6777723726899
Caaevfgi,Mthat,16617,57,Male,4,48.0078471748442
Caelkuife,Plligjq,12436,31,Other,2,68.8695918294195
Caii,Fziqfh,2840,83,Female,2,79.3062414441572
Camn,Fsjssoanp,9778,50,Unspecified,2,58.5495101139866
Camttofg,Aliwaxlgr,17669,94,Female,4,45.866828801092
Canqzmsw,Svutq,19584,87,Male,5,51.6917729061231
Caojpfx,Wrls,13310,91,Female,2,37.4693507925379
Capalelhv,Srtfa,5666,97,Male,1,59.0886349009806
Caqzdsfug,Zzmspj,9628,38,Other,4,56.9036609703121
Carykaei,Vfoivmxi,7428,24,Female,4,53.6234971493895
Case,Vwmhjy,8531,34,Female,3,58.4091204907961
Cauq,Ysafbe,13873,67,Male,4,76.5102191918078
Cbeo,Fmkoopgkr,14605,78,Unspecified,5,44.6636910760475
Cbgf,Whpjpmxar,10415,89,Male,2,56.8744276922152
Cbgqemc,Bwczimd,14643,87,Female,3,49.6103792539779
Cbhrcynb,Wrhyeyme,8409,70,Female,3,67.0879071429513
Cbjwkqu,Qfojb,9823,98,Male,2,51.2820870526853
Cbldme,Mtdrrma,4002,45,Female,1,64.4792148269617
Cblf,Ddztb,17243,77,Male,5,61.6531229990709
Cbnhfim,Mfyqmjsr,15547,52,Male,2,64.0354730221702
Cbpq,Ifpshtx,5498,62,Female,4,40.7493730015857
Cbqlfol,Xutegjetv,5333,89,Female,1,62.0420338835273
Cbrq,Miryvnbht,19289,58,Female,2,70.7285181438934
Cbtyks,Fdpoaw,3251,87,Male,1,71.7153104832443
Cbusup,Wvbl,18667,26,Female,5,50.3629974755248
Ccaq,Ldashovqr,13295,84,Female,3,50.3736857457555
Ccblio,Kfdwpoc,2619,22,Female,2,52.2901677887738
Ccejob,Tcijl,5039,24,Female,3,40.1390780467145
Ccidk,Xkzukhpwl,19814,76,Female,5,56.6689703090774
Cclcwbt,Teyhkjq,5104,20,Male,5,53.7835628489531
Ccmbplylh,Notglydfo,14596,91,Male,2,61.6167230711477
Ccmke,Lwrw,13154,20,Male,3,61.6312400187177
Ccmrx,Uchl,4029,76,Male,4,63.9714002954017
Ccmvlhrsq,Pkdhqker,3366,91,Female,2,40.41147669332
Ccnujawl,Izdsazx,8486,55,Unspecified,4,43.2768468756608
Ccpbkzy,Wmzqurjv,14639,48,Female,2,69.1994307629487
Ccrmvmq,Vhnh,6642,83,Male,1,52.2077112702695
Cctu,Eswxn,12932,80,Female,3,51.8642190368894
Ccxgic,Oyrsl,7519,67,Male,2,79.0422442673421
Ccxnzv,Ivdbdztzg,19837,50,Other,5,84.333511054619
Ccxwa,Ldszliuxt,10002,35,Female,3,47.646672272703
Ccybfiea,Qayflna,4056,37,Female,5,57.4374727536965
Ccyud,Viqr,2222,40,Female,4,59.5482030717778
Cdgzioarr,Onrwvng,8195,71,Other,2,56.5958888684244
Cdhhkphj,Shwzyb,5476,97,Male,2,63.7760374347225
Cdieyqmez,Nnpcuvwv,18536,28,Male,1,59.4315928686919
Cdik,Emdl,2746,77,Male,3,35.8233080648593
Cdixcshcp,Yxajo,6363,87,Male,2,69.2137442076477
Cdjsgjlb,Bqbow,19332,98,Female,5,56.0592822056742
Cdkhpnzy,Rqkti,16734,22,Female,3,64.2708023335269
Cdmkocd,Qzxgv,11324,25,Male,2,45.3268118469455
Cdnrd,Bajgiym,2885,90,Male,4,60.9251317280948
Cdqadxxor,Umntvfbns,14141,18,Male,3,68.3683449879956
Cdwqjfb,Oujslu,10948,62,Other,4,51.9327199279748
Cdwsos,Dewq,16446,55,Female,1,62.6916363751963
Cdwxstev,Zqwgkhqyj,10498,97,Other,5,33.7901877944614
Cdxwitujy,Itgxqnyy,7490,84,Other,5,63.6295127214562
Cdyjcajrx,Tkvvcrcr,7392,88,Male,5,49.7258122805817
Ceekry,Ngoaihqx,9006,91,Female,4,67.4913538499597
Cees,Dfzwur,5048,45,Male,1,66.9346327916098
Cegynkp,Xohuit,8731,71,Female,4,52.442877362576
Ceiq,Indjqlfkd,17611,39,Female,2,49.5788808116739
Celgudcvc,Aagostsm,4113,65,Unspecified,3,76.2770637026091
Celipq,Jgwrahr,16720,68,Unspecified,1,66.748065416576
Celix,Ctpl,7987,57,Female,1,44.3009897689339
Cemxd,Prnpcbf,19209,34,Female,2,50.3176533505827
Ceoa,Oevuki,10106,33,Male,2,67.582026818601
Ceofv,Hljltbr,5740,32,Male,5,41.3280154652027
Ceojbydrb,Tktgfa,6615,39,Male,2,54.1392773204504
Ceqoybhln,Oquptnnr,10177,56,Female,3,64.9853466234263
Cewi,Dqvhk,5927,31,Male,2,81.1834169991805
Cezasu,Fjqq,15588,62,Male,5,54.4601427191728
Cfdg,Xvytxmhqz,6460,64,Female,1,57.0329111021657
Cfhgbwq,Jcngu,8652,39,Male,3,69.4806647142541
Cfhgmpdf,Vifufcctf,7783,19,Male,2,56.2247583936467
Cfhssyp,Jfvfxjoj,17132,49,Female,1,59.6503105538364
Cfogy,Sftkvvvwg,8441,65,Male,1,48.5470374018099
Cfon,Xolp,2673,41,Female,5,57.9767257228994
Cfqpl,Cmutx,3171,80,Female,5,63.5258932071229
Cfqygn,Nmoccifse,6389,77,Female,1,28.2848181174779
Cfrioe,Thsjctg,13201,24,Female,2,68.6594689223981
Cfrybdg,Oddlajfb,3960,55,Male,3,51.1771995037602
Cfsvjj,Pobyooon,17646,70,Female,4,71.1258271989972
Cftlg,Mvfmhfib,3878,35,Male,1,55.6958617837755
Cftmu,Krtcpo,6415,30,Male,5,60.7902590875436
Cftxvr,Emsqpmukt,6446,55,Unspecified,5,89.9329849270358
Cfvqibr,Cbkkxft,14068,73,Male,2,57.884950020953
Cfxy,Nyjiib,16079,42,Male,3,61.5923955871429
Cfygrxutt,Zwqn,19284,96,Female,4,67.129665779415
Cfyr,Kxjtqoya,19055,80,Female,3,57.4146633131522
Cgae,Rdwmf,2692,96,Female,4,78.6665133805189
Cgclxpoot,Ugvfmsdel,6671,74,Female,1,58.4868214745238
Cgdglcl,Xvbauo,4404,49,Female,2,70.1963825236175
Cggacfr,Ayzzgck,2772,35,Male,3,61.2978907731467
Cgjhexe,Lhil,15758,27,Other,3,62.262823627571
Cglmxz,Zhfsqow,13582,57,Female,4,34.2808350988638
Cgma,Gdbzhtc,9338,22,Female,2,27.2673585937152
Cgmtkpuq,Oahdejvm,19972,79,Male,1,60.5094913303155
Cgoreiz,Incwcep,2954,27,Female,1,61.4647722451656
Cgpaw,Oeojoik,7687,93,Male,2,43.0032950236466
Cgpn,Hkyhmlmb,8697,53,Male,3,14.1188718355081
Cgqrp,Yceaglyie,5726,98,Other,3,52.496788457289
Cgtjapp,Wxlauospk,4278,52,Female,3,50.1073636833065
Cguwyfpoc,Rfjxn,18204,84,Female,3,45.0308628233545
Cgwiqabi,Aypxx,17292,35,Female,1,56.2878929571637
Chbvklh,Thwv,15591,24,Female,3,61.07289099873
Chcyhwd,Eeepytm,14481,97,Unspecified,3,81.4846156728536
Chfbjq,Nndszivsg,3088,98,Male,2,61.0725530728144
Chhkbcr,Tclf,17255,93,Female,5,59.7593187437372
Chiesaxk,Eikoxjxyr,10299,42,Male,4,55.5411603399488
Chkkydyf,Gfojflfpx,5860,25,Female,5,39.1303575948632
Chksxxm,Ontdedul,8568,72,Female,3,54.5702332562388
Chwtp,Affzu,4090,47,Other,2,57.4693385115469
Chxr,Pnujkkxum,4757,27,Male,1,58.4779046756257
Chymq,Ypiz,1581,31,Male,5,65.8843668342288
Chzxxzbvb,Hagullq,12757,77,Other,1,59.9256621133451
Ciarcu,Kefngag,13402,51,Male,5,75.8732698942408
Ciboy,Uyzluj,1231,40,Female,2,40.4217210940285
Cicmblez,Erxpja,17661,80,Other,1,66.7391850965691
Cictatli,Xewtu,7427,76,Female,5,69.3684371685428
Cicylgb,Yrjegdqi,13012,21,Male,2,57.1499751981141
Cidih,Ldrg,18326,63,Male,3,35.1991512834647
Cieqi,Tzushffr,16563,26,Female,5,60.3028265296226
Cifik,Wguitw,1591,71,Unspecified,1,80.5681931348267
Cigwvc,Hbubbg,4840,78,Male,4,52.654753641163
Ciizguby,Kgrpt,2332,74,Female,1,67.4567035899662
Cilqofdx,Xxatjrf,17799,57,Female,5,53.8764250614283
Cimzgk,Otcbjnavi,9973,51,Male,1,70.6525981715502
Cimzqimc,Dfxgf,13234,82,Female,5,58.1465527572413
Cioozslk,Tmhjwby,3827,67,Male,3,74.1971444274663
Ciqj,Flym,6772,72,Female,3,71.8700990704757
Cisicths,Bsohahe,5865,42,Other,5,43.732953565503
Cisrihbdv,Pvmxns,18341,52,Female,1,68.818500719709
Citjdz,Eoxoe,6312,32,Female,2,72.9650473652724
Cizpt,Xxsqzn,14267,66,Male,1,77.5600173615927
Cjcnzf,Donxvzqn,3918,66,Male,2,70.6949430284182
Cjdyo,Oxxpzmjj,4714,64,Male,1,56.4923689890553
Cjelktd,Inpw,12903,88,Female,3,77.9616876917121
Cjghhf,Uiitzmvls,3981,75,Female,4,67.8191525219738
Cjgnz,Yxxlifq,13719,42,Male,5,60.359002229448
Cjjk,Sgnc,13788,51,Female,3,66.8190967181067
Cjmiz,Ytnrbxug,5762,86,Unspecified,4,64.8098869196849
Cjnavcexo,Ojjcw,5809,63,Female,4,52.6985920341285
Cjpplegbb,Hpwi,16937,33,Female,5,63.0403937550941
Cjslkbfzm,Ntrfbgkqo,1171,81,Female,5,84.5905819739973
Cjtvmq,Jhdbpt,7325,33,Male,1,63.3577937171287
Cjtzumv,Ifjxryq,9984,35,Female,1,43.0702015839731
Cjwsdclt,Fpgn,15105,83,Male,2,36.4871933066867
Cjzoygyj,Fecdhmke,11684,55,Female,1,36.6390817000346
Ckba,Ugzbngsyj,1379,98,Male,1,75.7633487509399
Ckbbztc,Qtqbxcfci,12870,21,Female,2,44.0384624381245
Ckcmqmsv,Smdnx,4400,77,Male,5,65.6205094946031
Ckfankzot,Mqnlg,2559,23,Unspecified,4,58.8061839466351
Ckfe,Vdfe,10845,33,Male,1,59.6273061374252
Ckjgiut,Ztjenfi,2567,63,Female,2,62.7379232789829
Ckrivpo,Arlhrhdye,6859,75,Female,4,72.4599182859672
Ckupxtd,Tbwi,15133,93,Male,1,51.7170817790461
Ckxv,Tmshv,12388,65,Male,2,28.8290189042386
Ckype,Gwut,16228,69,Female,2,67.9425584997618
Ckyzy,Sjtsmjfrq,7802,28,Female,4,69.7451735597836
Cldl,Aqanumh,6659,26,Male,4,57.2892929277786
Clhoiet,Ijjidpr,16947,30,Male,2,66.4690404820057
Cliyfkjs,Tgtdpopo,12544,25,Male,4,74.6790271255144
Cljrylu,Ejwj,1425,92,Other,1,63.5498616488995
Clmpiiy,Rcdkraww,10576,37,Female,5,58.2284935256216
Clnoh,Wuskyb,19366,94,Male,4,46.3031769953167
Clnqiit,Kqwg,19343,62,Other,1,41.8594380594403
Clpev,Mblket,3605,80,Male,2,77.4017452462607
Clruyr,Nieinrgpn,3473,56,Female,4,64.7618779805055
Clsjshgnq,Upgyuainq,11237,38,Female,4,60.0166448034241
Clyfk,Huanxyjum,3514,48,Male,2,48.0265628110217
Clyufezxs,Nitb,5573,92,Female,5,54.4015699483214
Clzpiwq,Oyonvu,1044,67,Male,2,36.2817910376884
Cmazjw,Arzhxqcw,16405,75,Male,1,55.9566724432656
Cmcespb,Xtbvf,18630,69,Male,1,54.7437840243953
Cmcsbxor,Wqhbj,2939,27,Female,2,69.7298026947925
Cmjflac,Eieeoe,5667,51,Female,3,56.9306733287183
Cmjqbl,Idhshtw,18337,48,Other,1,69.7424870471241
Cmnbycdn,Mefkbtc,16254,24,Female,4,70.8001604096744
Cmqbiytqj,Zgexdzb,19792,64,Other,1,72.1660773438613
Cmrhfipd,Ogiyf,8109,41,Female,2,62.7258970938843
Cmscq,Kyga,13550,49,Female,2,61.314351809548
Cmtl,Nxexlzk,6202,65,Female,5,66.1054398698408
Cmtpiqfi,Gycn,12065,34,Female,4,62.3547340182643
Cmttzha,Jgas,2802,59,Female,4,39.3127499644744
Cmub,Rqcwc,11206,93,Female,3,71.5139266106505
Cmvgmkc,Zmzkems,8951,68,Female,1,79.0253946465432
Cmvz,Zprj,15001,18,Male,3,31.5051834359713
Cmzt,Sypryncxt,16601,41,Female,4,41.0759580649617
Cnbry,Hpbjjsy,14483,57,Male,3,66.9161868697478
Cncqqx,Andxcdehg,3447,88,Other,4,67.8223381299098
Cndi,Hsxooiqp,16489,65,Male,2,59.3721965362509
Cnivqwx,Izcuf,14560,21,Female,5,51.2573761038437
Cnklo,Kqtv,6068,24,Female,3,68.3046824174952
Cnksoj,Ywszvgy,6656,44,Female,4,86.7477269116326
Cnsdbwudt,Dwdzzuv,17916,45,Female,3,53.5172273997683
Cnudfbpfn,Quvxyl,8052,83,Male,5,62.7467291523202
Cnvzxb,Ggbev,6562,81,Male,3,55.7945029445015
Cofuaufdu,Ngyvyqxu,1442,57,Male,2,43.942583125927
Cohnefan,Xegsgm,6435,67,Male,2,50.8215901541669
Coiumss,Rwyo,2319,87,Male,3,73.1169230265415
Cokcctwl,Xpbq,14446,35,Female,2,61.5694839345275
Cokr,Aurrohm,18729,52,Unspecified,5,33.6961253454952
Cokr,Unaambe,3713,69,Female,1,70.4193525168462
Coksossd,Zyzrfho,3690,75,Female,1,57.5493261425598
Comppnizf,Ywoh,7726,61,Female,2,58.8281301711989
Copfzpxdy,Mtpddwcyz,1364,89,Female,3,49.503677628532
Coppkq,Khfkl,3695,69,Female,5,61.3494564766634
Corpat,Tofdrcgyz,11096,80,Male,3,66.7913003794967
Corzkcb,Xcwqh,1747,83,Female,3,61.7124965391695
Cosmlbktu,Hfvvqtpa,5487,36,Male,4,66.2160014645727
Cosyku,Zcbesq,15082,98,Male,2,66.2331603347514
Couchfxwg,Qvhkxhmro,19544,56,Male,2,72.1374310991893
Cowc,Xgxiam,5453,44,Female,2,50.8161500505946
Cowj,Ojsx,10608,40,Female,3,48.2465444788434
Cowvc,Xmdwayjyk,18411,84,Female,4,47.6585686647013
Cozx,Fjttowky,3651,73,Female,2,52.8323609302835
Cpcb,Mlwnmfzyj,14178,33,Male,2,73.7304516572905
Cpfwpml,Ymxkp,6190,29,Female,1,49.138807820312
Cphoxfulv,Sjxa,19982,95,Male,3,67.4588989009903
Cpjsexrt,Admrqvqnt,2803,36,Female,4,72.3240674933179
Cponsjyxb,Znytp,8648,29,Male,4,57.4831946294807
Cpqnmypqs,Hkjyxhvzn,1975,66,Male,2,74.2601210760377
Cpqu,Wwyov,14573,85,Unspecified,3,67.1863315612098
Cpro,Oxoljcpzp,17506,90,Male,1,66.4132652481682
Cpwbefyf,Rdibmlw,8130,22,Female,3,55.3086382485848
Cpxuox,Jnrvq,12626,50,Male,4,52.8733635282503
Cpykr,Phusovpni,19323,65,Female,2,54.1631309267308
Cpylr,Rxofua,8707,21,Male,1,81.7019760007934
Cpyp,Nnqbflx,2971,70,Male,1,49.1047764401242
Cpzcv,Rdnv,9583,37,Female,2,48.5234256974921
Cpzijag,Ppmtixz,10868,69,Other,3,69.157594934813
Cqaa,Ghmo,17637,79,Male,5,70.5699264814067
Cqbqb,Inrqfbrgi,8736,88,Male,2,62.3595390095045
Cqbsar,Rdputzhio,10363,63,Male,3,34.3266474754393
Cqdbamm,Xtthoc,7478,50,Female,3,37.4448547472721
Cqexfzyr,Tinr,10947,40,Male,5,56.6526010796817
Cqgzartya,Krtfijx,1726,56,Female,5,82.0069708565179
Cqkw,Dqrbdrcp,2545,31,Male,3,53.788554999261
Cqlrpvjf,Fpfrhb,5385,96,Female,5,46.1814931800448
Cqnj,Kwjfk,10606,22,Male,4,59.7201476906289
Cqoslj,Gyjoiji,14582,79,Male,4,81.1630427436441
Cqperkf,Imkk,3777,41,Other,2,79.4839826581308
Cqrtr,Aynej,5204,22,Male,3,62.4637081159805
Cqtkmcn,Onnzdbk,13752,65,Female,2,64.2899319949039
Cqty,Ynnx,1700,37,Male,5,72.3730405638383
Cqufmf,Ghgq,6038,60,Female,1,63.4678799766563
Cqvb,Khxefo,15371,88,Female,1,61.2199630026564
Cqxcm,Cuivrpq,9453,56,Female,3,70.4984488218561
Cqxsvytu,Tzwr,16425,64,Female,4,45.4710070085594
Craaleg,Npepgfsu,14134,41,Female,4,58.3654785382097
Craxir,Nhfrxikog,5128,84,Unspecified,1,51.6641019890623
Crcr,Kpxjah,4375,79,Female,1,63.5136967976868
Crdoycmkw,Uyqpukn,3738,42,Male,1,48.9180837687323
Crgazea,Nvzlkuco,14279,96,Male,5,42.8123234478908
Crgi,Mbnktgmuv,14847,54,Female,5,47.0194937969782
Crhffg,Jyeiipgph,3578,60,Female,2,68.4662122851841
Crhmojd,Vxjp,12999,57,Female,4,82.5967170254841
Crkk,Eazpkdvz,7531,33,Female,1,62.4003274521929
Crnyib,Iirtlal,6073,44,Female,3,40.7960926875337
Croat,Vvmax,17521,84,Female,5,51.244241323737
Crpk,Fpcpke,4539,72,Male,4,47.8025494399438
Crsb,Kgtnglifa,10491,56,Female,5,62.6799936510661
Crslbkip,Jitvpf,6273,30,Unspecified,3,71.4257044202497
Crues,Cxvdtl,6141,26,Male,4,72.3957077536347
Crytckmgm,Pwzytjqf,4823,83,Male,4,81.8121728037732
Csaglwxs,Ltgdv,11766,81,Male,1,68.9850660135713
Csdcllbax,Hsza,1441,70,Female,1,48.3077683966297
Csedb,Ktwjtfyt,10331,45,Female,5,57.9759631995944
Csjvhsvfs,Pythdyf,18701,22,Female,1,33.1010624427286
Cskqqy,Imbft,16757,57,Other,4,50.1270431676208
Csnypknc,Bitdhucf,6009,82,Male,4,50.9210363683758
Csofw,Isvunwgm,3629,86,Male,3,64.496744735375
Cswjfjhz,Yntwwjblf,14066,25,Male,4,62.4888129272903
Ctany,Vxphkeqht,9532,98,Male,4,56.9826357272327
Ctazm,Qtdgndrkt,11926,71,Male,2,43.0216600468453
Ctbhsmf,Uhktkv,18614,56,Female,4,50.3721431979356
Ctjqsnzmj,Yqincxz,15968,61,Other,4,62.8122190797716
Ctoprag,Gxinm,1795,45,Male,2,63.5334686692005
Ctrb,Ezrhrcjv,11332,49,Male,4,63.8100617761789
Ctvuo,Xduzcr,13706,64,Male,3,68.969833247979
Ctwry,Qqfgipyd,2402,81,Other,5,58.0212065077272
Ctxz,Vpmq,4779,40,Male,1,72.2306194090563
Ctzfib,Zrjpgyz,11621,61,Female,3,65.3307481910161
Cuazeba,Pxwozj,12233,30,Female,4,87.6781344765908
Cubev,Qxbwgxmj,11957,25,Female,5,67.9649518479439
Cudbviwyi,Iojm,8093,75,Female,1,34.5448469947384
Cueunaih,Lsljph,17467,59,Male,1,69.0197166285385
Cuktvrm,Mgymsv,18758,39,Female,4,62.6081410500039
Cunrkyu,Scoxjzi,10111,44,Unspecified,1,39.4571883582369
Cunzpxe,Bnflfdop,16614,71,Unspecified,1,56.8633809018317
Cupize,Hidhrycb,3582,60,Female,2,69.1178610558382
Cuqveejsl,Skxjaysm,9507,38,Female,2,50.6730831018029
Cusj,Ecnls,17114,60,Female,1,73.492574794324
Cusvuxfyr,Phjtipm,10934,44,Female,5,73.3649380940535
Cuxiy,Oxbw,4405,30,Male,1,35.7426748743694
Cuya,Zfhyyfsh,19218,64,Female,5,39.3807853443088
Cuyoefwuq,Odobez,10378,24,Female,3,52.2469412715499
Cvaqdun,Qfex,6001,24,Female,4,51.5863023816074
Cveybay,Anwfcqrup,14389,30,Female,1,71.5322126404658
Cvfy,Askyliux,13675,67,Male,2,63.1520397392083
Cvgkayhcq,Rnkxmp,6044,48,Female,1,77.4591576149727
Cvklj,Tsrabbjmi,19251,62,Male,3,45.3702489225202
Cvmglw,Topsepjl,12753,19,Male,4,65.7150466403385
Cvmuos,Rgmg,13473,83,Male,4,51.1017421016018
Cvpuos,Cknekk,3150,91,Other,1,64.0446988446163
Cvufpngmp,Rvturoj,18421,84,Female,4,49.585470280155
Cvxn,Wvwy,16204,70,Female,3,50.1133774170754
Cwasmp,Zruf,12904,63,Female,4,73.7467388815869
Cwcuwq,Xxgpcn,6032,70,Male,4,68.2784613371128
Cwiaglo,Opeyb,11319,46,Female,4,59.8246257357178
Cwitpsfb,Qslhrx,6262,18,Male,4,44.6308856892489
Cwjdn,Xscmpi,18474,79,Male,1,36.8860323949459
Cwkmi,Fbouvr,13584,97,Male,5,79.3691591451832
Cwkq,Duyslyt,4326,34,Female,4,70.4508205277495
Cwmnzata,Jhtdab,11914,83,Female,2,66.7618231109653
Cwnomt,Dbrxgul,6726,19,Male,4,48.8025237728337
Cwoahzg,Bazzznoip,2816,83,Male,4,69.4926701151906
Cwpqsosry,Eqnkzekkv,8492,96,Unspecified,5,67.6509014659878
Cwsam,Chyqjtb,10170,26,Female,5,71.1340690582454
Cwsozrcmu,Wrztb,9970,76,Female,4,48.5347952267463
Cwszoa,Iqezb,15622,93,Other,1,66.132989017126
Cwumprt,Pwhm,9282,63,Female,2,62.0724687904186
Cwwr,Typd,1232,62,Other,1,65.9417837573801
Cxazz,Fthsffl,2864,27,Female,2,64.852974315957
Cxbxcvn,Uxzr,17329,45,Female,3,42.5270871167691
Cxciln,Hcgwtei,3146,37,Female,2,59.3961595621669
Cxff,Krgyyud,16509,59,Female,5,69.4799026216353
Cxfwut,Maem,7080,31,Female,2,64.4913304064623
Cxgvxhiv,Bfytei,7200,96,Female,1,55.0096471330505
Cxka,Xevymp,7921,70,Female,5,29.2513255790643
Cxkk,Znnxrtwx,7772,81,Female,2,68.4231777700731
Cxsugu,Nydkrxbzk,15791,96,Female,2,50.93002188376
Cxtvpgej,Dzhuw,17463,63,Female,3,59.4995606869071
Cxxcywgd,Siaaixb,7830,94,Female,5,75.0746008458426
Cxzlbut,Deppzajv,6934,74,Male,4,62.8320396147428
Cydipxxeo,Nyjig,13335,45,Male,2,78.8167838210723
Cyewwykhz,Ueodtcb,10925,50,Female,1,76.8959077882291
Cykokp,Mgguzvqqn,15202,77,Female,2,34.6479730607156
Cymc,Brdypq,13130,97,Female,5,55.4739924322047
Cynhybd,Abul,3308,65,Female,5,54.8710937584149
Cyop,Syll,5031,71,Female,5,52.5738271512058
Cyoua,Ljkyqbrhv,12384,69,Male,5,44.0943916387882
Cysnksqll,Jhtml,18702,89,Male,3,64.7121249752717
Cytrs,Cuvvkq,15822,42,Other,4,63.4369107278286
Cyud,Rrpr,4299,59,Female,5,43.4709336864051
Cyvddc,Paicc,10163,22,Female,4,84.5806063899718
Cyxajd,Xebutvrk,2223,92,Male,5,56.2625546125869
Cyxgu,Uvzjbvj,16394,24,Female,1,59.3229609734954
Cyxmeyhuu,Dlwepz,13058,41,Male,5,70.4010704232746
Cyzavf,Sywy,16691,89,Female,4,55.7155307258926
Czekvbxh,Smqrbtaek,5469,35,Female,2,69.3338084466989
Czkeknro,Joqzhbe,13804,65,Other,5,89.9487592429385
Czlyg,Smybsr,14117,42,Male,1,81.53246465602
Czmsbym,Iksv,16297,67,Female,4,64.91137814068
Czmuuw,Birbgupka,5514,47,Unspecified,1,47.0631956232188
Czogknqs,Xdxgc,8932,41,Other,5,59.3415440902726
Czomhksct,Huyupshxv,10440,70,Male,5,51.6484549746794
Czonpodo,Rdwe,8269,59,Male,2,58.2194330631291
Czotfydpb,Oiefi,19518,35,Male,2,41.7721819724127
Czroqbshw,Xrpouh,16330,66,Male,4,72.1099156147593
Czsapo,Eglkfee,12023,59,Male,4,59.9293892944301
Cztjr,Nypmde,19048,28,Male,4,57.9144634913609
Czvvhcpqq,Zwwsy,13326,82,Male,4,55.7659265635544
Czwbtexxn,Iupssqtt,9085,35,Male,4,62.3827942770854
Czxay,Lfplzku,8182,68,Female,3,65.2870506031386
Dabxr,Gjfowxa,3974,53,Female,3,73.3039749997239
Dagihnjg,Dnctizty,19164,85,Female,1,42.4668068575885
Dagoyduwu,Xqvazmr,17566,95,Male,4,76.5356856464692
Dahb,Ndsvargeh,14163,46,Male,1,66.8146353654166
Dahdxb,Sjow,11745,64,Male,2,62.4465849239986
Dajg,Rnutswt,4870,69,Male,3,69.6100921609718
Dajmisn,Nuto,4627,87,Male,1,64.6100264241215
Dajyyfq,Xtdg,13707,18,Male,1,61.248684605842
Damg,Owvcje,11699,75,Male,5,70.676688122973
Damhuhgfk,Asuedcmmz,15701,66,Male,1,54.9996994806954
Daox,Kugkpcd,16966,81,Female,5,67.7057304838298
Daqaaoshc,Fypz,1904,86,Male,3,57.3457287596319
Daqjkio,Ngvdxkrs,12755,56,Other,1,74.7657883529842
Daqowu,Eprkmo,18033,57,Female,2,64.6268215924385
Darnpnj,Lvdsek,13749,55,Female,5,73.963358955392
Daxdzu,Pilob,4515,41,Female,1,46.8656257921998
Daybxrfl,Madvgmpx,17150,97,Female,1,57.6980027886424
Dbcjfemr,Dmyplhucm,12117,67,Other,2,73.3048246239872
Dbcs,Ufjpgvwau,16156,62,Female,2,77.2985729730202
Dbeti,Cdlbshx,13621,57,Male,2,56.4132082306594
Dbfsqczv,Duizj,19168,51,Female,2,71.1029486014258
Dbjbiqgo,Uaveuwc,4235,57,Female,4,66.954647051181
Dbjcg,Gmwcgb,1145,64,Unspecified,4,59.3785132538013
Dbjqzykko,Crkqvrqxo,18881,32,Female,5,60.4089577036067
Dbkacw,Xmzfiix,1086,47,Female,4,54.1624501938114
Dbkeay,Jupufx,18149,27,Female,2,46.7121102395115
Dbmctzzji,Ytae,16010,76,Male,3,54.4051670849101
Dbpiox,Vhhjwj,19843,21,Female,1,61.3359962953211
Dbpxdrgzg,Siqscuvz,3480,89,Female,4,63.1726872870599
Dbqrqyyf,Tawazfo,19594,90,Male,3,60.0477992900116
Dbrcggxm,Yzbvyq,3334,41,Female,4,46.1334154437699
Dbtdnh,Qmntzn,18280,95,Male,5,74.930038890553
Dbuxog,Vlgfjqrq,17704,47,Male,2,72.3720721078421
Dbvebl,Uxccc,4442,85,Male,4,63.1687922967362
Dbwozbi,Bwhwldp,5444,49,Female,5,31.557769536495
Dcablwt,Iawlmrn,15884,31,Female,3,45.9206844320581
Dcbqznhec,Xmswissk,2792,46,Male,5,89.2012636153693
Dcckif,Sgam,12317,69,Male,5,72.049573305009
Dcdmyziik,Oxtid,18316,81,Female,5,70.9648968873071
Dckn,Drbxdpdp,9208,63,Male,4,76.2395892251104
Dckwcefhu,Zuehlxjry,6450,18,Female,4,76.1397000485621
Dcmad,Znyodbkff,10102,94,Female,4,54.2770785970975
Dcpqkj,Dnygjekm,5506,63,Male,2,44.2937858955833
Dcrvuojv,Eznvn,14413,78,Female,2,65.5624391783483
Dcshesr,Vhiwvng,8267,90,Unspecified,4,53.5530428781399
Dcsje,Dcozbu,5461,75,Male,4,68.8014735693468
Dcsvpl,Axcpsnr,11317,73,Male,3,52.6232372387744
Dcvisju,Zwqggposg,7058,29,Female,5,48.1098564228602
Dcwazyo,Dkfooh,12270,26,Unspecified,2,68.9350755916114
Dczvfumv,Kvbxequs,6297,43,Female,2,59.3741618859479
Ddbmopifp,Ptvyz,15047,87,Female,3,86.8191726672401
Ddcg,Acylvhfx,17543,94,Male,2,51.5796210132031
Ddcwuqbhu,Twlxulnst,4941,21,Female,1,57.1166014839121
Ddfse,Lmlnbsi,4427,64,Male,3,65.5302103055076
Ddfxxlrwz,Relcjusy,2725,90,Female,2,59.0949002792814
Ddhuns,Nymt,11538,77,Unspecified,3,44.3727582655399
Ddizl,Qtwglnfy,15536,53,Female,4,48.6209986727422
Ddkwgzni,Vckmxf,19043,91,Male,3,72.3952128998039
Ddoks,Uxsfd,11270,74,Female,3,82.5962901049128
Ddowdbhk,Ekzxkopnn,8399,45,Female,5,53.7645054989311
Ddqqju,Kuga,7177,27,Female,3,70.1026069652022
Ddrtumf,Vukiwm,15564,72,Other,1,71.6822142827162
Ddtdgmek,Fwwz,17785,89,Female,3,58.9040259069934
Decmzybp,Aphue,8398,37,Female,5,45.3583737113741
Deerr,Bnrgnk,12914,78,Other,3,56.3348638907105
Deet,Luung,6246,19,Male,4,76.5069482210629
Defbol,Akfyg,8226,97,Male,5,42.0005969866509
Dejnramup,Mgggasia,13969,64,Female,2,59.6275443325411
Dejny,Uegbbhmz,5772,60,Male,4,41.8070570971082
Dejvq,Gqxxj,14373,38,Female,4,88.3769606732067
Deqrmm,Eclvknal,16719,71,Female,3,69.4106723277489
Detgwyejh,Xlqczdu,4162,37,Male,1,56.3323003159577
Deuo,Edimgpct,14656,38,Female,2,64.7612704030634
Deuz,Xdtbtost,19884,80,Female,4,74.6950143696446
Devqu,Tswne,8504,93,Female,4,39.8103134279076
Dfarxk,Ddfih,2480,34,Male,1,75.5192819854152
Dfbtja,Jepxxflb,17390,71,Male,5,71.3719817181082
Dfbwyegsb,Dhngjlz,13093,62,Male,2,75.1077781675621
Dfdu,Ebvban,13176,44,Female,3,68.7683775864144
Dfebwuni,Ealietzna,8928,79,Male,1,77.5318855752288
Dffhirmq,Rsfhztaz,14335,62,Female,5,62.6395363336203
Dfgn,Ywlgy,14076,38,Female,5,71.1584071385303
Dfjb,Stjc,7811,69,Male,5,68.4051251273832
Dfjf,Oflgdpgx,12214,75,Female,1,53.7950485884419
Dfkuogmbd,Wutlt,12280,25,Male,4,55.4385450482496
Dflh,Zqyurtw,14327,22,Other,2,53.1847700334933
Dfrhfb,Rbymyfay,6230,75,Female,2,74.1101080572225
Dfrnl,Fxrbqgvgu,16436,30,Female,2,60.387698311932
Dfsuc,Doji,16478,93,Male,1,56.471902922645
Dftinmc,Hxqxxlbm,8800,40,Female,2,75.3383204779579
Dfttsqfs,Lyjzvqjsn,7246,30,Male,1,63.7989950066837
Dfugtt,Evegbjaw,11679,25,Male,4,71.781386544172
Dfyjqodh,Mggiuomt,7626,32,Unspecified,3,56.394732078953
Dfzvbime,Zlwnufbms,7752,34,Male,5,49.3983642020705
Dfzzonvsf,Pqrzrumei,14856,35,Male,3,61.5027821735649
Dgansa,Heszzu,16794,19,Male,5,42.8964474927724
Dgbydz,Bzsi,5977,59,Female,2,70.2613884394191
Dgdlxpodm,Iqcj,17429,60,Male,2,27.4777546619536
Dgestgmd,Jqbblqi,1407,48,Male,4,46.3552558101989
Dggotqx,Srltjj,12401,25,Male,5,56.091578264301
Dgjgg,Lagpham,8908,88,Male,2,55.9196691984063
Dgkff,Vrwr,6927,83,Male,5,62.052688947366
Dgkgjgl,Gbbqrzf,17106,36,Male,3,73.3048592092178
Dgkqb,Atyfuooz,9610,21,Male,2,47.0906132554659
Dgltmu,Kqzmqiuxc,10100,81,Male,2,53.3574943654473
Dgnjnwryu,Tvbevnnem,14888,50,Other,4,54.6044049406661
Dgopyrx,Mxqdznf,10732,83,Female,3,49.4845568285929
Dgptnbiw,Rhgrqwci,14249,95,Female,3,78.4449118095721
Dgrh,Fvbgynu,10538,36,Female,2,59.6456841963973
Dgsef,Drdtwwtf,19233,76,Other,5,58.2840781616915
Dgxsgrocd,Teybqc,8967,43,Female,3,53.460513677738
Dgyt,Zrapeuxi,17422,39,Male,3,88.0340248746971
Dgzll,Ucumzmncp,10750,61,Female,5,50.1663851702737
Dgzr,Luivzt,10052,74,Male,2,61.0020548718393
Dhbx,Dweg,7061,86,Male,4,62.0548847577905
Dhdlfmlj,Geog,18806,91,Female,5,56.9796790438798
Dhedwxi,Kurry,14048,47,Male,3,71.7818364466719
Dhhofwie,Itrr,13518,50,Female,1,72.9581676007018
Dhkjsyjo,Iraiider,6593,25,Male,4,80.9683466263109
Dhkrfghva,Ueikhwcf,17378,83,Male,3,66.8322603458416
Dhnqf,Pnezx,13128,67,Female,2,53.4037237917116
Dhpa,Qlimd,11843,25,Female,3,59.5680432792551
Dhqce,Epeizw,14431,20,Male,5,58.6204337677667
Dhqjnuqpf,Nkgcjlj,3274,18,Male,1,74.0930456681748
Dhqjwl,Zbyhvdirz,1994,80,Male,4,61.6592231773608
Dhtrijiqm,Piyiotka,14837,42,Male,5,56.1858026220171
Dhuvhvs,Aefnodri,19331,79,Male,5,59.739449572364
Dhuvq,Ttqsnta,2128,35,Female,3,61.2581175251136
Dhvt,Jlem,3281,88,Female,4,62.1814779149881
Dicxe,Yxjrtzxma,19337,59,Other,3,39.373602563892
Didctldh,Picw,17194,25,Other,2,59.4651117995017
Didrvgive,Itwr,18781,92,Female,4,80.2351745077947
Dieja,Jyrmru,3289,60,Male,2,54.1574948337476
Digfjx,Vtidqynf,10152,32,Male,2,63.4062165594955
Dijyr,Zjsvqifex,2805,88,Male,5,61.7943910428706
Dilvp,Dtpsu,17624,84,Male,5,75.9165090721236
Dinos,Qejgw,1764,78,Female,1,32.2255143221957
Diovoiyej,Bfjydsmp,7511,91,Male,3,69.5462497574503
Dirlwesjf,Ikswfmf,19494,49,Male,5,74.615644566705
Disvki,Rzninfpi,18391,73,Male,5,66.1420941532049
Divmtn,Kjjelnw,1224,40,Male,4,78.6636548527719
Dixdwaxc,Fgnvmb,5027,89,Male,5,59.106821926487
Dizc,Ulsgf,11659,39,Female,4,63.4967602717319
Djdx,Bvbzs,13649,93,Male,3,59.3744234008722
Djfzf,Cotq,14294,79,Male,3,58.3860384802066
Djjm,Tconz,11181,94,Male,3,40.0892173708842
Djjomih,Obcq,1686,69,Male,1,74.781670603663
Djsouzxn,Tckxpd,1207,73,Male,5,64.419606531738
Djvk,Fgto,16211,69,Female,3,48.6335712365353
Djvotporf,Trzesp,6022,55,Female,1,52.816320840207
Djvp,Gvbnkfmil,14796,62,Female,1,52.3827377758012
Djxiuxi,Mfuxr,1291,88,Male,1,51.2902546276403
Djxwwm,Scvmc,3943,42,Female,3,87.6770285960347
Djznjh,Bufvsc,2573,98,Female,5,50.5351890869964
Dkbe,Vevlkqjuf,6329,96,Male,1,74.6050805722294
Dkbu,Kvyiuwjpn,18931,95,Male,4,77.4856049472015
Dkcyexmh,Xiqtrt,7916,41,Male,1,61.398550220191
Dkdebzh,Qeantkisf,7878,92,Female,5,45.1936207653205
Dkdwwbn,Evrwx,8471,39,Male,3,52.8708668989807
Dkhkrxxx,Uavb,8651,37,Male,4,61.8678085387262
Dkjrdkz,Snmnsm,10446,43,Unspecified,1,61.3679059166037
Dkotjk,Irqtf,15328,45,Other,1,67.5900475126334
Dkozfnfed,Elxaq,2005,40,Male,1,67.6968869538599
Dkqigqi,Vwyyg,16952,54,Other,5,50.6617046174006
Dksfjj,Azbbjhqwv,2569,84,Male,5,47.2130195228678
Dktmjq,Zxyv,13764,83,Other,5,68.5800638283259
Dktvvqrny,Cxtzpg,10138,95,Female,3,65.9620392834486
Dkuttjfp,Nprgiz,9941,53,Female,4,94.9368045390017
Dkvlwaagm,Glcnoj,11492,47,Male,1,60.3813793059418
Dkxcsd,Kbebyjp,12379,34,Male,3,26.5685350885584
Dkxzumi,Opokusb,16333,44,Female,5,56.6471099764715
Dkymwp,Vprhy,3822,68,Female,4,58.7124461783351
Dlbp,Gefdfqz,5241,57,Male,4,73.2982403450759
Dldkhqoq,Kvwu,16850,39,Female,2,42.2417727243873
Dldom,Amwwcqtu,7815,59,Other,2,41.5669514217559
Dlgdknrjo,Kylsnvnw,13337,41,Unspecified,1,59.1876854582238
Dlgpq,Idqqwonav,13249,76,Female,4,74.1226397199554
Dlhdydzej,Dbswqecic,15109,86,Other,4,61.9175145913439
Dlhrk,Hzpedi,6925,44,Female,1,62.1794382781833
Dlhy,Dzcjqvdu,9919,42,Male,5,66.8836180508135
Dljptuuwf,Bnypja,7793,35,Female,4,49.7095683227347
Dlluks,Rbozt,10821,20,Female,3,39.3314048125853
Dlmcfh,Lmwxfcjj,6528,55,Unspecified,3,38.1235021568574
Dlrp,Ouhsz,6342,33,Female,5,55.9228248676503
Dltm,Ptet,6130,45,Unspecified,5,70.5105513295027
Dltndy,Cczqo,17973,30,Female,3,65.4494701521747
Dlvwonrp,Hawy,10529,45,Male,1,63.1977987453707
Dmdcrukp,Nqblsdmf,2343,43,Male,5,52.3224490401436
Dmdkmycl,Gkdceke,17784,78,Female,3,73.5171375038478
Dmdzc,Azyxa,5631,19,Female,5,66.7234722715864
Dmeuiopu,Goyfnvq,10235,26,Male,3,55.9634688551804
Dmfiaed,Wbxh,6698,56,Male,3,77.113880264856
Dmjgqpv,Bkjgr,17479,23,Male,2,59.3875441985256
Dmlcz,Pohqz,17941,25,Male,3,59.1863089268218
Dmlvrsk,Gajtxbqep,6367,91,Male,2,57.4793070655416
Dmpdqpth,Uygd,19287,69,Female,5,49.0856979640464
Dmwu,Imaclr,5441,49,Female,2,69.2090774381559
Dmxbghtr,Fakkxdgd,1242,49,Male,2,61.5772008162955
Dmzmrjsku,Ptatdofdv,6776,27,Female,1,60.8813108537963
Dnaxwpwln,Ziih,5060,73,Female,1,64.5485717204732
Dncqvj,Fgptegiq,18860,30,Male,2,64.6773914692635
Dndidjldl,Ekvnqqz,2152,95,Female,4,50.3020801293248
Dnieh,Ahpiq,4629,69,Female,5,63.8385336364212
Dnkpsn,Yeskxnidi,13577,74,Female,4,33.3968793549054
Dnmvd,Cnnywzcwa,9977,79,Female,3,64.6744650701952
Dnowlsk,Nomoovogu,14083,51,Male,4,69.0624029485125
Dnqvljmm,Fppmhb,19807,88,Female,2,63.0858703809427
Dnrv,Mhgf,8495,83,Male,1,56.4579482415139
Dnuiulfbs,Rpfd,13342,76,Male,5,62.5055183596016
Dnuzm,Szthli,9460,65,Female,4,38.2620178942215
Dnxzbrs,Odjle,10473,74,Female,4,71.4439867237209
Dnzibbu,Spwl,12350,85,Male,4,70.7023196638363
Doawtlbft,Nmdetb,3104,49,Female,3,62.744092666251
Doccwfr,Dyhegc,18675,72,Female,5,50.5896349541105
Dodpjui,Oqzpidn,11712,22,Female,3,48.6303709957935
Dohbtd,Lfxwasyvp,14973,98,Female,1,42.8206012120504
Dohxn,Xntgdt,4367,20,Female,5,33.500720894357
Doji,Qfgaw,13677,20,Female,4,52.1954578505175
Dolf,Iynpqeg,16170,26,Unspecified,3,49.4717162000402
Domregt,Ugfxstuzt,2775,83,Female,5,53.5780037134499
Donrjwlz,Jtywkpsqg,16627,85,Male,5,73.5135587856709
Dooambnm,Xbklko,11260,76,Female,2,59.7749479144573
Doqorr,Icqlheqac,19248,75,Female,1,50.8970745358285
Dorgel,Gmlufw,1889,41,Female,2,60.4988884670093
Dotoddbjf,Afagw,6489,26,Female,4,83.2693684268972
Doykuitwk,Wkcsbemc,7885,27,Male,4,70.1928234749367
Doysn,Oksclqcud,19468,27,Male,1,64.5320968332966
Dpagmvs,Atiymuefy,19161,86,Female,2,95.2047493179741
Dpbzjhvub,Xemj,1295,53,Male,4,60.4928017854976
Dpekcjaa,Egtx,16654,32,Female,5,67.4315407735926
Dplacozn,Jhfeofu,16543,19,Female,4,78.1775806784889
Dpmfiz,Nbmdb,17050,68,Female,5,46.258657641831
Dponddgcf,Agbrmkfke,13845,45,Female,2,53.1160960781165
Dppttipe,Gyia,4921,26,Male,3,74.1975245873435
Dpraelwi,Afebrsewh,6320,69,Female,4,59.8148691173694
Dprwf,Awhusysw,12958,60,Male,4,57.0981867763461
Dpsxe,Qujsblq,8204,68,Female,3,63.3052493839276
Dqabsalss,Oumle,7665,91,Female,5,73.4131995429239
Dqdikcc,Zlhtvkru,15948,34,Male,1,62.826827672011
Dqdkavjo,Atjdtgti,4990,43,Male,1,55.9792719326096
Dqfdc,Gsxn,3528,89,Female,4,59.5361057721989
Dqfsfkrmz,Rjnk,11179,67,Female,3,91.265316754822
Dqgagatzs,Sfkhjx,9435,21,Unspecified,3,49.9195883905013
Dqhe,Ksdiefu,3539,87,Female,2,82.3256259910263
Dqhv,Gakjtpo,19550,78,Male,1,52.2252227565375
Dqlgnehua,Tlpdjbw,1589,76,Female,2,58.829535093361
Dqqef,Zwuusdq,13009,73,Male,5,66.1931343454406
Dqrwp,Bhjz,6285,33,Female,3,57.4349132291619
Dqufdp,Nufcqcnoh,6146,19,Other,1,36.6793246086474
Dquqttvz,Fpzlwms,5738,49,Female,5,68.8284341082748
Dqvod,Rjyofox,8465,35,Male,1,45.5814371422881
Dqxiky,Flvxn,4163,85,Male,3,60.452694875331
Drdmjla,Lquaeplme,6280,41,Male,5,60.893268675765
Drfjw,Kcxvqldrw,6176,84,Male,3,33.3799954266901
Drgyjiywj,Kmomope,13127,34,Male,1,64.5727074016769
Drloewh,Xnvzsr,10742,47,Male,5,70.6438317403067
Drlznifr,Oacpbyfu,11150,83,Male,4,74.3131281526293
Drmvr,Gmzh,7189,86,Female,1,40.1807338787755
Drnf,Lqezc,5117,68,Female,1,83.0070669799728
Droifgbgv,Ymvmqy,18273,91,Female,4,70.862843605647
Drpea,Okuw,12711,66,Male,4,78.3273663673189
Drqk,Latmqxhi,15281,37,Female,4,79.4123026548919
Drresrc,Fnmayo,5223,59,Male,4,59.3472769641159
Drtgzzv,Ysaxr,17605,51,Male,1,54.8358867834609
Drtpemr,Bzuwdpj,9839,59,Male,1,65.1493241511272
Druogl,Uvwphixok,11269,45,Female,3,69.7785022058496
Dryzdgeu,Wkjxg,9965,22,Female,4,65.1717690187502
Dsaetauk,Dzvl,7190,72,Female,1,54.9609790710897
Dsegj,Jcbiou,18249,96,Male,1,68.519578725282
Dsfjcj,Ahzy,1744,37,Other,5,72.1484708395198
Dsgolfm,Tbvitem,1612,90,Male,5,59.8180111840398
Dsodurs,Kubuomr,11162,25,Female,5,72.1223753251151
Dsprsdjk,Ukfcvev,3347,91,Male,4,50.8274930605015
Dssszf,Rpygjjtg,12110,59,Male,5,66.153446729403
Dswyqiyc,Qmfu,5480,21,Female,5,74.2703502197125
Dtbpqv,Sywcvmdr,18525,41,Unspecified,3,79.5015713833706
Dtcdjdg,Bpxqrkmx,9860,32,Other,3,64.8592713776495
Dtchyxc,Lovqqtbr,10021,27,Other,2,56.0510318930383
Dtdetloj,Vaxs,13625,72,Male,4,60.0046438185614
Dtfdiapdn,Jhdmrhf,4388,50,Male,3,57.6148315188106
Dtgbbfb,Shwnu,19977,41,Male,3,65.2537957821508
Dtjvyop,Ajzsb,17104,79,Female,3,64.0497218610437
Dtmxks,Dwaa,4528,48,Female,5,48.7509179016362
Dtoj,Lblimbg,7201,55,Male,1,72.2480527887908
Dtqkxfrvv,Pvkiku,11154,94,Female,5,73.9586294609979
Dtqz,Hcxtoomde,2433,27,Male,4,79.6386870857285
Dtsksizem,Hsld,4105,53,Male,5,58.5585644647703
Dttmsdtvv,Ylofplsi,4088,74,Unspecified,1,68.785712031215
Dttq,Yyfebg,15158,64,Other,2,65.0138779353965
Dtuktjf,Onqcnvudu,14602,70,Female,3,57.0317157801676
Dtunwn,Bxfp,4351,84,Male,5,62.3320441672385
Dturgptq,Cahdo,5761,28,Male,2,69.291239097158
Dtvtq,Zpkixlrf,11500,27,Male,3,74.6456081313729
Dtxiplvbe,Dndibme,2181,74,Male,5,87.8690751935226
Dtxqzhkme,Imstm,1007,65,Unspecified,4,70.0412194214367
Dtzaf,Ytchfp,10445,74,Unspecified,3,48.9262484029625
Duayp,Egeiqblq,14908,50,Male,1,58.3775839112446
Dudha,Cvqxco,18441,53,Male,5,49.7917684093359
Dudqfuds,Mjnxmxva,13660,21,Female,2,60.5102448224053
Dueuer,Prrlm,5955,82,Male,4,56.5766985235215
Duguud,Zxemrlo,10452,87,Female,2,24.9416340090549
Duhnzlfo,Ayhgvhc,18722,18,Other,4,60.6844339309274
Duibaue,Fzvqp,17245,88,Male,5,62.5784880262178
Duithcf,Kojd,18741,65,Male,2,75.4425417869434
Duivosk,Gyorm,10623,80,Male,2,66.4126466541416
Dulmkafn,Ddqjmaix,13792,57,Male,4,64.3383882745381
Dumr,Tzhshfmcw,3608,82,Female,3,53.1693215328417
Duncn,Tvnani,16476,48,Female,1,61.0911594030495
Duorwo,Bhruhwrn,1176,85,Female,3,85.9024514168935
Duqj,Kcafy,18054,42,Female,5,52.257343255595
Durw,Wyep,7346,26,Male,3,70.1113208396905
Duyjgd,Zolx,13773,93,Female,2,61.0564497696462
Duzarnxxt,Sxpcpf,16852,64,Male,1,47.8195542265743
Duzvnm,Olqgqocnm,6409,95,Male,3,43.55963064112
Dvbsupd,Hebyzyal,10980,68,Female,1,70.476445842487
Dvbw,Dyvhjxyh,16768,95,Male,3,41.6237674784069
Dvfgurxu,Wjnemfmri,8942,88,Unspecified,2,48.7645828961322
Dvfrltnuh,Pmokjumz,10180,25,Female,4,44.6962811883039
Dvggjgiuq,Xtdgricvl,14296,60,Female,1,69.9250086424638
Dvgl,Upsvcbaur,11925,24,Male,2,70.9528797539379
Dvinppsmt,Oalukejql,9210,32,Male,4,58.7030379109057
Dvje,Tizafit,4177,84,Male,4,49.2279668362675
Dvjp,Quoqjtfr,3566,87,Other,3,50.1212531474334
Dvnvgeud,Boaotc,16763,49,Other,3,59.0410335452313
Dvpftx,Swwwscr,1497,77,Female,2,71.525816324019
Dvqpvusgv,Tclmg,3551,35,Female,1,78.0131143234282
Dvrhkofl,Segbxyul,7810,56,Female,4,65.6454192960935
Dvrrxres,Wris,15532,26,Female,4,60.2239890416554
Dvyvxhnjs,Igdhkbbz,7078,70,Female,4,76.8974808066279
Dwbd,Xphq,17797,31,Female,1,63.1220965246783
Dwfgcka,Uyubwsrr,13925,53,Unspecified,3,68.7460469646614
Dwfsb,Cmxcywjq,13587,61,Male,1,32.9566349721831
Dwgooqp,Joenloibo,16181,30,Female,4,77.8587498054071
Dwhd,Bbcfoyu,11238,64,Unspecified,5,74.8804120687568
Dwhpb,Zizpnt,13695,90,Male,3,73.6186148994861
Dwhwxrw,Hmyjbz,12441,95,Female,5,69.4284963785979
Dwklnaoy,Mlqfoutgq,7692,82,Male,4,56.945747616775
Dwszaa,Fagcmy,17149,72,Other,2,62.2871880821595
Dwyz,Kxge,1306,96,Other,3,53.0050646003594
Dwzfuxlgk,Wcwf,19054,93,Female,1,49.4476500960098
Dxaoin,Ehchwyum,15308,22,Female,3,60.662884519213
Dxcb,Ddlgmz,17924,44,Male,1,59.3801718372503
Dxcige,Swkavmqw,16287,75,Male,4,49.7026857851522
Dxdr,Jurrefegl,1998,38,Male,1,62.199817010646
Dxebyien,Vnqqjxwj,17837,40,Male,5,62.0392668047088
Dxlw,Znrxzsh,2541,67,Female,3,53.1375379414706
Dxlzqjew,Fycedbv,14724,20,Male,4,63.8662542011327
Dxocergu,Oplo,10213,40,Female,3,48.7192786993326
Dxoxqf,Pumtldpkf,3995,28,Other,1,61.5262455686108
Dxuaespiv,Pcpqujh,7699,83,Female,4,75.423176839985
Dxudw,Ajpo,16926,89,Male,5,70.0246217304645
Dxvnibll,Hpslatpx,2911,88,Male,4,70.8089443377794
Dxwgbjxzd,Zjacpxo,6417,45,Other,5,77.3776992364029
Dxyzkvu,Pxrj,2766,51,Female,1,72.0632890822138
Dybbe,Bnhshnj,1772,33,Male,3,81.5540739714318
Dybbhtwgv,Vrtmwworn,10316,90,Female,5,59.8816910025172
Dybdmyejt,Nropikvq,7828,94,Male,4,63.023049752215
Dydasxuwm,Szdqk,9016,62,Male,4,69.1108019432853
Dydxhbe,Rlpou,14280,62,Male,5,56.4983420071818
Dyej,Cvngz,15244,18,Male,5,79.2255364817642
Dyglk,Sqozwx,15311,31,Female,1,61.0471677949687
Dygpfqni,Skvitu,4466,51,Male,3,65.0343261831192
Dyhwbsldw,Egwpqkgn,9684,74,Other,4,41.810008748723
Dyiqhmnt,Juflrledb,16077,63,Other,1,43.1901235979498
Dyiu,Ofppwf,1037,48,Unspecified,3,48.5229470952195
Dykkgu,Kwcelux,10787,29,Male,5,24.3321353232351
Dyqmq,Dgkkd,3618,30,Female,5,46.1668591929639
Dytbn,Fsxdmmob,12217,61,Other,3,44.497972669071
Dyvmxi,Qxnta,6920,80,Female,5,49.766001310607
Dywfzennw,Mdpxnjqim,7782,60,Unspecified,5,55.6862361986629
Dyykxlcze,Xdwjbnza,14585,83,Other,4,56.1736352580086
Dyzfpvynn,Jnji,1360,58,Other,1,57.6718111194211
Dyzmcae,Axdfmugp,19354,54,Female,4,76.053188552449
Dzbcdueh,Mbyykydcr,12118,36,Male,5,45.7709584250556
Dzcrpza,Bzeuyiwd,11299,86,Female,4,55.3152066911042
Dzcupc,Vgvrkk,8422,57,Female,2,67.4019020934519
Dzfb,Pcdezmj,8845,41,Female,1,46.3593921220243
Dzgtcss,Lovswf,14963,96,Female,5,67.9824621644
Dziozg,Lqniispld,13316,63,Male,5,48.9223990832365
Dzisw,Ypcyzbcak,13098,63,Female,4,67.9496964020172
Dzjf,Gtkwc,1678,78,Unspecified,4,56.8068538178845
Dzjuvi,Xihcf,2896,58,Other,4,70.107715928993
Dzlcxh,Ttaeihqi,15975,35,Female,4,57.7833565752358
Dzobj,Odoo,10961,42,Female,3,67.2813845635303
Dzpuqwg,Mbfbtvna,15527,45,Female,3,83.2242717071481
Dzpykxubh,Cosdca,13428,78,Male,3,52.1684733154869
Dzqlfl,Rgvskqu,1280,69,Female,1,63.6012898580283
Dzrf,Ahkkgpgnm,13668,66,Male,3,54.8926222787588
Dzrwntyf,Rwpilrvd,7393,32,Unspecified,3,77.5019659928654
Dzsf,Flvokiky,4285,62,Male,1,47.1220627294957
Dzsk,Fkjot,5537,46,Female,1,50.1950268281152
Dztod,Sxgam,12816,50,Unspecified,4,61.8538819209043
Dzwvfha,Ugczfod,1048,33,Female,5,53.972203016324
Dzwzzlq,Pdmcddwf,17713,21,Female,4,82.1731436487245
Eaaqq,Zbyqmh,7820,53,Male,4,68.6362652527172
Eablvgs,Ekcxavo,6954,47,Other,5,61.7164359811152
Eacvkquyu,Gafrltl,18665,76,Female,4,48.6293111200733
Eadcag,Qjcfayg,8974,44,Male,3,57.8465638353611
Eagirv,Obkszog,18899,68,Male,5,76.190189591012
Eambqqe,Mdrfp,2685,59,Male,3,87.1436959826621
Eamsvp,Ufishwxhw,13627,66,Female,4,76.6016845835023
Eargelaq,Ecuccla,8630,18,Male,5,56.4849338583595
Easm,Thcmjfj,10634,85,Female,1,39.6664176111739
Eauibtvog,Mzaaksed,18942,88,Male,3,64.3905263876513
Eaukky,Mgjwf,13519,76,Female,3,66.5137699202766
Eauvv,Zxfkf,8239,31,Female,1,66.1590153876078
Eavskvslw,Cppnue,17592,97,Female,1,57.0475071781526
Eawehycrb,Rrhwvqp,11440,42,Female,3,57.3860295154481
Eaxhr,Gvhvghirq,15269,35,Female,1,68.6613418787884
Eayntjvf,Rywcmjzk,19862,55,Female,2,65.6215738222496
Ebbzywlx,Egyfz,9450,29,Female,1,73.6425645195135
Ebdmajoc,Igrknev,19324,94,Female,2,32.3744652662838
Ebfqgyiwt,Nllht,2192,97,Male,4,37.6875173260548
Ebimlraya,Brzsgkqi,17568,73,Female,2,70.6682488129474
Ebjkmfwcq,Csba,9802,87,Female,5,70.1269707622349
Ebkzvccp,Ocqwkzkxs,4631,95,Male,5,56.1084125924045
Eblj,Fbku,4060,50,Female,5,81.0796160769386
Eblvzmxim,Njpjp,13113,95,Other,1,69.7107254271837
Ebmvit,Kdenecpvo,11583,29,Male,2,61.0000858034403
Eboy,Ywta,6051,19,Male,5,67.0834109548131
Ebqut,Avpjj,11166,96,Female,2,66.2235074081198
Ebssrdfw,Vgiogla,11048,73,Male,4,55.5360460604948
Ebue,Nbkm,6491,39,Female,1,58.5010637630827
Ebxrhuqiz,Tugsvr,9600,40,Male,1,59.3230008815645
Ebxvn,Dvkrxzu,1512,80,Other,2,48.5667761026913
Eccnzjyp,Oagul,4820,50,Female,2,45.8702713009963
Ecctvat,Drisly,15675,69,Male,3,61.7272214101708
Eceeanwwq,Ypne,12143,91,Female,2,48.6117564908663
Ecipulb,Dikwsntg,2221,26,Female,3,56.319285844835
Eckcrfd,Wybegji,9788,87,Female,5,52.1296233827132
Eclh,Hyntiy,16980,56,Female,1,78.5510817464658
Eclyxjrc,Oqmtbldzt,13921,32,Female,2,48.0184471839803
Ecnrzgktn,Otqkge,15016,18,Female,2,61.9472585249212
Ecozbzvjk,Tabmyt,7460,87,Female,5,54.6806866270854
Ecreihcvc,Uzkp,12578,45,Female,1,61.5680570118416
Ecskjw,Gixw,6997,25,Female,5,64.1691995985758
Ectf,Btwfhwb,14458,93,Male,4,71.6403874932952
Ecvano,Ztdtqmy,18593,64,Male,4,73.4036586816483
Ecvktmbwu,Dxnsb,6706,29,Female,5,40.2168316383829
Ecwrbhnzf,Vcqbwla,15575,57,Female,1,44.3093711732955
Ecztvdn,Fvbqrlr,16694,71,Female,1,57.6057289294905
Edbauyv,Aoup,16738,88,Male,4,72.4577475960277
Edcna,Uggdzfh,12510,62,Female,1,62.2480538932353
Edejjpdkd,Rgyzxufm,14256,30,Female,1,74.6227392594543
Edenhp,Mrlp,10605,64,Male,4,62.4802518178347
Edglkytf,Fxhufhd,2016,68,Male,4,60.9433131584269
Edglrjv,Pzcsc,10364,60,Female,3,60.2082120730707
Ediaimuu,Vxjhrnmnz,1690,96,Female,2,65.323998041417
Edij,Xmudlprc,14038,33,Male,3,68.0481466901197
Edijpodb,Njwevix,11346,46,Female,3,52.1428530072015
Edkij,Pmqydavby,17415,90,Female,2,54.3322909600812
Edldjdgpw,Iftxer,16746,25,Male,2,54.0771435605873
Edma,Jhaebzqh,6484,75,Male,4,54.4864848842403
Edmq,Algg,7930,77,Female,2,63.9340322911381
Edpae,Pmhhi,7355,69,Female,1,56.0123303415658
Edqwazarn,Rmodn,6062,66,Male,2,61.6055391727803
Edtvzo,Adts,3982,60,Male,4,70.575657632488
Edtyibpx,Marfrdom,3784,86,Male,2,51.621364002595
Edvd,Diyqv,4604,86,Male,2,51.4496166034897
Edwi,Glawfkufk,11121,85,Male,1,38.3217430306128
Edye,Yqvytuhlt,4947,47,Other,4,37.0706523822217
Edzt,Ycmvqeu,13139,80,Male,4,61.6016882631455
Eebjh,Gqsmc,12624,50,Other,2,68.7506504632926
Eecutxox,Urlpgnor,19492,47,Other,1,66.9814139524264
Eecvcsmfv,Rxtcmk,18715,21,Male,4,58.2241493992854
Eedf,Vhaqrrs,7423,43,Female,3,71.3446981892246
Eedj,Abvctyxb,5823,32,Female,3,65.9364602661081
Eeeo,Jocecg,10604,23,Male,5,68.1222349639818
Eegtgbnc,Lqfvgnjkn,2114,67,Male,4,66.5859190151285
Eehisksx,Nhonlsvv,12946,28,Female,2,76.4908495316387
Eeizjd,Ssvtjyp,2999,61,Female,4,67.477672517683
Eekl,Yhokpiwdf,15059,32,Female,3,60.1636664030285
Eeoied,Wopfgu,14387,87,Female,1,40.1985619381642
Eerbini,Ptmelvbx,19990,75,Male,5,44.9948651070972
Eeugzkuju,Zynpgkt,7294,61,Male,1,74.0357316318676
Eeyisxa,Pqyjpvhd,10295,62,Male,2,78.1113082315195
Efagg,Ftclkpc,11347,29,Female,2,55.8125202091571
Efbgvko,Nxvm,9590,63,Female,3,71.1239091964671
Efcw,Lhklldutg,17177,59,Other,3,67.1899662112165
Efejsir,Sgdkcmup,6791,55,Male,2,50.443354681866
Efejxhwd,Cwxnnc,8318,20,Male,2,62.233998089461
Efhxuzcee,Douqhoshl,6729,47,Male,3,63.5093219631086
Efmgm,Osltyz,11602,69,Female,2,61.6620073528031
Efmze,Bsrdbtjc,13359,52,Female,1,58.8323435717974
Efnbu,Vxlbuk,7445,81,Male,1,60.1166048260222
Efnqfsrrb,Lhpnumy,7149,93,Female,2,74.0485866322444
Efouhwi,Hieldmtj,1010,41,Other,1,64.3052428922319
Efph,Ufzgbz,9898,88,Female,1,63.7897787843201
Efqf,Xocitee,19246,71,Female,5,60.1505278217653
Efrimm,Fpyg,5655,43,Male,5,41.7719317539424
Eftkunn,Jorlhm,11092,36,Female,5,58.6673886448233
Eftvzn,Wyhfmn,2535,49,Male,3,73.4071506344985
Egarxwvfx,Jpduxxp,19648,96,Female,2,85.682847004218
Egcd,Xesnlzd,4394,31,Other,4,65.0823829787795
Egedafvum,Wwjtvpgfh,19995,27,Male,2,62.7412455508489
Egfqfovn,Dysnxba,18164,84,Male,2,18.8330157674427
Eggc,Xtejyva,16474,53,Female,1,40.710190018567
Eggh,Yhnkiytxt,6713,92,Female,4,48.4649145091061
Eggigqc,Wpykpji,4032,33,Male,1,63.7299667398842
Eggpdub,Byknd,2594,54,Male,1,57.748609117624
Eghr,Ffkran,11557,76,Male,5,59.2767125436584
Egjjdhme,Lgrbvqr,11832,86,Other,3,71.7880366484143
Egkorei,Ibkp,18752,95,Male,4,49.5260851597718
Eglbmluuv,Nzdsu,5756,98,Unspecified,3,64.5767433307909
Eglvdm,Rhptgksuv,6400,96,Female,5,73.6640245115495
Egnfqxy,Hruxehwr,6286,37,Female,1,83.7453526848967
Egthz,Itdg,11398,97,Male,5,46.8770641346112
Egtnofqsc,Tjimn,17240,27,Female,1,59.3944322423281
Egvhrvx,Olstlk,7608,89,Male,2,51.8109452889862
Egvjr,Hkcwzy,18255,74,Female,2,60.327872962057
Egxdcrkn,Ajgvgff,1966,92,Female,3,74.3567984756261
Egygtrl,Wxngnfcax,9248,25,Female,1,33.505173478218
Ehau,Mtwsh,14767,41,Female,1,56.1283265397042
Ehbo,Glgdnvy,3987,70,Female,3,48.9548601279906
Ehdw,Dimcq,8251,85,Unspecified,1,56.5371944795254
Ehfh,Zeiwsjxe,8901,19,Male,2,54.0267560818682
Ehhu,Hzndg,18371,90,Female,4,46.0602941656965
Ehhyocue,Qhtccwpa,8345,65,Male,4,68.5450938095347
Ehjorh,Eapqed,6549,82,Male,2,68.4105836735289
Ehoxlunvc,Ziebarx,17816,64,Male,4,70.0926068802172
Ehpxdyhcm,Odztp,16367,65,Female,5,66.186764430495
Ehqblacx,Qzamaqw,4271,71,Male,5,72.4751136347807
Ehqsooxo,Ppscm,2630,34,Female,1,52.8444319519136
Ehtbzhow,Dhimo,18613,33,Other,5,70.0558627325578
Ehtrsy,Jfgi,14886,65,Male,5,58.1871271475482
Ehufyflks,Slrjnfbci,12716,83,Male,3,43.5211878758296
Ehvgj,Ighpcqh,5418,51,Female,1,40.2684391340542
Ehwwxl,Mqiokk,11376,65,Unspecified,4,74.7608881954072
Ehxrignfr,Rpew,9128,90,Female,4,69.9002094560127
Eicfjbuix,Dkajbd,12599,51,Male,5,35.1596361347516
Eichxerzf,Xrnofguyh,6134,67,Male,2,66.4802422175499
Eicnutrwr,Xycnxjh,13771,25,Male,2,60.0821733414862
Eiddp,Emqnchdwv,15074,88,Female,1,54.6115668042912
Eifzrk,Prcxhmo,10875,56,Female,2,44.7440513108628
Eigb,Aibvc,12244,44,Female,5,63.6158354325171
Eihimufrs,Zreepaaan,11441,60,Male,2,68.3832549182533
Eiloyjm,Iopmtqqcv,8753,29,Female,5,71.1899931517333
Eilqbp,Bcsb,14907,92,Female,4,87.2912862770879
Eilqdfqlx,Dohbu,13240,41,Male,5,75.5131669150321
Eimmfjbxq,Uqbzqnam,16168,40,Male,4,44.7860518668221
Einvzrrx,Glehdpqn,1147,65,Female,4,45.3716558507755
Eiqzussy,Labfu,10051,38,Male,5,71.7652475204273
Eittxq,Lkiw,15935,47,Male,4,60.3728259761352
Eiulte,Ehlsqgl,5664,87,Female,3,52.6809194669618
Eiwfsy,Cwfbxik,8903,93,Male,2,51.3981196652809
Eiywk,Zcsqjx,19126,21,Female,4,81.3374545798193
Eizsfh,Zoessh,1233,30,Male,2,64.0060982198208
Ejapue,Spnmb,17590,74,Female,3,63.9169934608978
Ejary,Gjduxy,7708,75,Female,3,51.7569912305872
Ejed,Dehm,4487,43,Unspecified,2,48.5400719621673
Ejevt,Xday,9117,65,Female,4,52.9257409622672
Ejgmuvh,Nzgjcvgys,13655,80,Female,4,59.713042519702
Ejgnviftm,Lymhr,16878,41,Female,3,74.7938017676265
Ejgwhecf,Wbpvs,16865,52,Male,2,72.3684400337012
Ejjlmg,Yqojy,12522,26,Female,4,47.2756439914835
Ejmnmo,Hnpkaxvyd,6969,23,Other,4,46.5410341581163
Ejnia,Dgco,16250,30,Male,1,42.4007592141509
Ejnxx,Rasfr,3617,69,Male,5,59.0296041652424
Ejpfj,Pngomxi,15878,21,Male,2,59.3007746298463
Ejptznsn,Veoii,1066,48,Female,2,43.2606080871877
Ejqqzfaw,Wjwbnpmur,18312,49,Female,1,48.1305888866252
Ejtapng,Rgzfbgbok,13887,24,Female,3,45.126373300275
Ejuicxsyj,Jxvmwh,3764,83,Male,5,60.1448065417823
Ejuzulyeb,Mrglh,15544,30,Male,2,57.6537533623691
Ejvo,Tsxokelx,19635,30,Male,4,61.6424138645873
Ekag,Yklyr,11641,81,Male,1,42.2278213741792
Ekbwb,Somkwvx,5515,51,Unspecified,2,54.1831514850139
Ekchktcb,Cmkorm,9382,78,Female,3,70.1109079592707
Ekcle,Pofa,10480,47,Female,5,52.960152951872
Ekclzpmsh,Eugff,7948,55,Unspecified,4,39.6214344022422
Ekgkmbm,Zppyilrwe,13246,41,Female,5,73.1674524281433
Ekifqln,Bdrogtra,18574,90,Male,4,68.1855147659115
Ekjmcvlm,Ynrkax,11482,53,Male,2,69.3083842936509
Eknbxbn,Nylwx,17857,77,Male,5,63.8459985836605
Ekoghwkib,Bdepzkej,17982,63,Male,4,47.8157458763588
Ekpx,Efvwrn,1428,23,Male,1,54.6828144514855
Ekrseyp,Fivo,18412,48,Other,1,69.7453689069329
Ekupt,Dpctsuz,9922,49,Male,1,59.2755124301471
Ekvppk,Obermc,6858,74,Male,3,68.5777286873171
Ekxeh,Lbefcople,6121,45,Unspecified,5,60.3594608397358
Ekxsbiu,Wvhuuf,4291,49,Male,4,48.2665225636158
Ekyusgusd,Javsseo,1267,47,Other,4,53.8437289224674
Ekzgsilk,Wsqq,2873,69,Female,5,67.9946928260571
Elaikhiso,Nwptiaga,4276,56,Male,5,57.681155466518
Elbbwgda,Ickgxip,5090,69,Male,5,53.0266529987107
Elbrykh,Vvaxioy,18822,76,Other,4,75.9387313071327
Elefelk,Unpdxxeq,5174,78,Female,3,65.0402949066245
Elexzznb,Gbgmfv,3108,54,Male,2,51.1679467640274
Elffoejoq,Acici,13041,48,Male,3,65.9478066262276
Elhoatzp,Fxuftfbv,14622,27,Female,3,72.2568889162242
Elin,Jlxofp,1478,63,Male,4,63.5130859828244
Elmn,Dden,2724,78,Unspecified,2,74.9049471144281
Elmux,Eeei,15523,55,Male,1,61.9216819952393
Elnqtfon,Ttdrvd,11529,42,Other,5,56.9932257432051
Elqe,Nqcqug,2351,91,Female,4,40.611437605016
Elqneaghg,Poeveex,12184,21,Male,3,66.4949339408534
Elri,Wnejbwaj,6266,89,Female,4,49.3243249015354
Eltjzb,Qfuaf,3139,79,Female,4,44.7844261574339
Elvdrc,Ooulh,9552,30,Unspecified,5,75.6910907112535
Elwiduz,Fnudhgw,11233,58,Male,3,65.099554598467
Emadevzb,Slomfixo,6958,19,Unspecified,5,52.2076933717336
Emdf,Puzbdwtjf,5073,54,Female,5,58.8814030514525
Emkantrya,Sitqatm,1480,19,Female,4,66.6357930897814
Emkdeedk,Jpmlazvp,2215,75,Male,2,67.1999024897689
Emkkg,Ckazyo,2846,81,Female,4,59.3079296938539
Emlev,Ecno,10950,97,Female,3,75.4176212562282
Emlk,Cexhxebur,16656,25,Other,2,57.2999209879193
Emmcwotzs,Cyoqfeok,10265,63,Female,5,63.3490133439691
Emmssh,Xqqezcf,3149,34,Male,3,59.2243109032406
Emopm,Dxeuj,14732,46,Male,2,66.4641749325231
Emoschbc,Ohtyqmnhn,6168,41,Female,5,77.5878318560653
Emoxjijn,Dcnouje,19279,26,Male,3,65.2595112104281
Empocrxtq,Ubzzfj,7360,90,Male,4,55.2131738455467
Empx,Haebiepx,7796,76,Female,1,76.8380116490304
Emribj,Vlfzmfhh,13453,26,Female,2,42.8450368910208
Emrxwzub,Ygxsdqt,18938,72,Unspecified,2,64.5781273579086
Emtklsc,Zlvsm,5908,62,Male,5,53.9715742365228
Emvrwipg,Nisyxavni,8243,32,Other,3,73.0364923289717
Emxalw,Ulferc,3372,73,Male,2,52.7810160650514
Emzh,Femxy,15206,68,Other,3,44.094835175816
Endblicv,Nrkidiqb,8831,48,Female,1,64.7036630726184
Enfbtlxxa,Ijozpdwoy,8857,27,Female,3,63.0852033069172
Engif,Bsgwz,16791,64,Male,2,62.2210135288513
Engqwiymj,Ltcjeqsg,8438,38,Other,2,62.2320818320107
Enitejza,Pcdb,12025,33,Female,2,63.0855980124624
Enlf,Pwok,1310,94,Male,4,63.7561005033218
Enmtsfqfz,Uuvo,15100,64,Male,2,80.3650573105728
Eoael,Dafajgtqi,19573,91,Other,3,50.5309711174376
Eobol,Yqbg,7846,67,Female,3,63.9483141236231
Eoca,Tbimgfs,7991,44,Female,1,70.7658879739193
Eocsnzwtf,Tlowc,8970,73,Male,1,61.5620238144987
Eofaofe,Tclrwsfjw,18555,70,Female,3,62.9513105509944
Eofut,Fbqiusjnz,15128,65,Other,5,70.5698938293952
Eojhmozi,Fgwsqjv,8099,58,Male,1,44.8654342108301
Eomy,Vxroyjf,1054,53,Female,5,39.7784765961499
Eoodm,Wfzrfwdi,4787,72,Male,5,68.3080134076747
Eoohj,Fzbczk,12686,86,Female,3,74.91387962601
Eopbapp,Hjkvkk,3573,57,Male,3,57.9722012740899
Eosdvhpq,Mzesjd,10705,96,Female,5,53.1914123160063
Eotasb,Owicwwbkx,14904,66,Female,1,55.3308227570597
Eowwrc,Afxapb,7362,70,Female,4,46.8926292202651
Eoxqkv,Bujdv,15273,78,Male,5,51.3642550085428
Eoyxttx,Mcqkyvt,13042,34,Female,4,72.495437069861
Epaqwbn,Dcwd,19073,48,Female,3,59.3606793887875
Epbgbw,Ixucu,12867,22,Other,5,49.6541831051865
Epclcbot,Bxpzdv,3358,54,Female,2,61.5571124735675
Epcmzlq,Nhpllc,3615,50,Male,2,56.9007924747234
Ephxcjjyo,Jwjohv,7339,79,Male,5,50.9920632235994
Epikw,Iiqvi,6575,45,Female,3,60.2546261633507
Epknc,Fsjwwwp,6762,55,Male,4,53.7000287602898
Epohaycb,Aqaj,18442,25,Male,5,85.1354514926142
Epspgfmlo,Osmw,3097,52,Male,5,59.3190598086571
Epsvfar,Lcura,19395,30,Female,1,74.7527013545215
Eptgi,Qkxuducx,9828,49,Female,3,80.263625139703
Epuuhtqtj,Muqo,12953,72,Male,5,72.1497298048849
Epuxf,Gvtjqbnl,2822,30,Male,3,34.4297474152018
Epxsos,Gsvmcvpwz,7966,80,Other,1,68.4733088169379
Epydm,Ytqacskmj,13083,91,Female,3,69.3667792427464
Epyjvpt,Ejgm,14758,18,Female,3,52.0703445683708
Epzlhx,Ujbzyc,10986,76,Male,5,56.0848664346435
Eqbp,Shaautzbl,10595,59,Male,1,65.4699823882631
Eqbyh,Wqtt,14467,66,Female,5,69.5663538740912
Eqdqf,Pxuhqdt,4606,40,Male,4,82.8034419827266
Eqdwfy,Ajfridpz,10070,68,Male,5,56.1148987637217
Eqfw,Pqidawjo,10054,88,Female,2,58.7402241202631
Eqghrrp,Pddfxrv,4967,64,Female,4,65.3049117881505
Eqgmh,Pgmnnwbs,5755,28,Female,5,62.2422324031266
Eqgxqy,Rvciuuv,6630,48,Other,5,70.6476021480873
Eqhe,Xtkw,7099,22,Female,3,66.6564950021335
Eqiila,Blqdx,16844,65,Female,3,66.391493977992
Eqjdsexx,Bwbanaus,2884,22,Female,4,38.530933150964
Eqjh,Bqklfrd,14544,27,Female,2,57.0244365440391
Eqqoe,Jugef,18234,82,Male,2,55.0877097575529
Eqqpknil,Dutzzu,10425,56,Female,5,48.027965416214
Eqrgnlo,Kxnfivyh,1294,81,Male,4,83.2521529314196
Eqrt,Qbhacqsfi,15546,96,Female,5,74.631767675252
Eqthaves,Gtzuejnhn,16803,83,Male,3,45.2535317793976
Eqtitt,Jrihruaz,1687,92,Female,3,53.0638844921851
Eqyvdq,Kjcwfwv,7502,29,Male,3,39.4394923082122
Erbvq,Psar,10246,76,Female,2,63.5852769551501
Ercyqon,Uiji,6851,95,Male,2,46.7322671449318
Ereawebl,Kuay,3909,97,Male,5,49.0966317697326
Erighzmrk,Lszynzw,16310,36,Female,2,73.6595420562243
Erjqr,Kqwdo,11756,65,Other,5,49.2326993851919
Erljhzyym,Guonaresp,9666,52,Male,2,53.9929536825533
Eroxep,Hojlo,8931,30,Other,4,80.1890899462825
Ersnn,Vfps,3263,27,Male,1,64.2250766589111
Ertyydsb,Xwsw,5662,24,Male,4,74.4252451580419
Eruv,Naqes,7658,29,Male,5,74.8165978105985
Erxjrtcer,Xgvrnti,3332,91,Other,2,72.6980312558354
Erxy,Trncrtn,12710,60,Male,4,41.7924068428317
Esbh,Tiknbb,17037,83,Male,5,51.961741866336
Esde,Rtmdpdksk,8512,38,Other,2,59.8790066504128
Esdnfe,Rpmzohopy,4156,38,Male,1,59.8642425462432
Esggmrc,Garpjer,7893,65,Male,2,70.6322778246805
Eshemdx,Vwkp,6471,95,Female,5,56.6666304904251
Esiedvp,Bhebvebcj,7195,57,Other,4,57.1810357694607
Esnqghv,Zsca,11051,56,Female,5,59.2885561648152
Esocsumrc,Xlxm,12631,19,Other,4,72.7290105195012
Esoufyd,Vnokdeexw,12650,35,Other,4,57.3715854327245
Esparf,Gzgvyxyyp,15697,71,Male,1,57.2454368695932
Estunoq,Gzfaxq,18971,43,Unspecified,2,62.8485529841193
Esuigixe,Yxob,1732,86,Female,5,64.1719179488136
Esvdqj,Pnqey,9122,29,Female,4,74.1640246992055
Esxv,Vckijdvhn,1746,89,Unspecified,2,75.1037920568323
Eszkklzjh,Bqbgb,16758,33,Other,1,50.5941259248664
Eszpn,Wmkovspfh,7638,44,Female,4,79.7410155544041
Etavy,Oslda,3468,27,Female,5,59.0545593717914
Etayx,Rmls,5332,86,Female,4,53.7098561367627
Etgwhvld,Tvavs,5199,79,Female,4,68.5905338508157
Etjk,Kgqx,12299,58,Female,1,53.1610714980624
Etlfhwkwj,Efhqqhm,7741,76,Male,2,70.8743270853219
Etpc,Vhrmez,12329,50,Female,4,53.4950622481585
Etrviz,Tqgxu,4868,51,Unspecified,4,41.9535927095721
Etxdcxmp,Rovpjz,17765,95,Male,5,61.2651710030753
Etyemxz,Adzdf,18310,98,Female,3,43.5550309629913
Euak,Gbmu,13204,50,Male,1,42.9311687188824
Euankzoh,Huefuj,10674,93,Female,1,73.9356996009227
Eubx,Ylyqmf,2173,32,Female,1,26.3068324753771
Eucwhsy,Fnwrcecnd,6590,22,Female,4,80.6587465890412
Euhaeksg,Ouwxdpuun,18015,91,Male,5,74.864388711709
Euhrlyrmc,Igjog,4199,63,Female,3,41.2756975179449
Euivthv,Txrlvgky,6988,52,Male,1,71.9054356725801
Eujbzdcl,Yacbstvfn,2783,45,Male,5,64.6912026224646
Eullk,Dyfrc,12845,67,Male,1,46.5938537781235
Eully,Hpqnkufo,5058,49,Female,5,37.6978384459508
Eunirdtjj,Mmsjq,11085,78,Male,4,84.8943831926102
Euuu,Hhovlbmef,7482,41,Male,3,60.0408714175598
Euwgjmel,Zwbgty,12837,34,Unspecified,3,61.641840538615
Evbprcc,Thec,16959,20,Female,3,52.8122849299106
Evdj,Gcmwqbea,10800,67,Female,5,42.3140646729848
Evgdcvg,Jbap,14210,41,Unspecified,5,56.3099077872738
Evgihg,Xoxznqi,13818,87,Male,4,42.9617272355953
Evgpqk,Rxrzq,18364,25,Male,4,57.4387477446231
Evhyojdkw,Tsuqnwho,5838,61,Male,4,71.8855584555301
Evjp,Ucfyhzu,10580,76,Female,4,67.3182824857091
Evogpaq,Pmckyji,7116,90,Female,1,60.4679836817487
Evplu,Jmoasbwwq,12667,58,Other,4,42.4097089063166
Evpz,Abpiy,10628,88,Unspecified,3,67.9942178890393
Evqlgus,Vbfqjs,17426,90,Female,3,59.8135015548947
Evtklu,Noyfqch,14991,63,Male,4,79.7619418058736
Evyqyzh,Hikroa,6848,89,Male,1,41.4474298128537
Ewajydi,Pqvonezay,10314,68,Male,1,65.3821064016075
Ewbewitaj,Hfyamaj,14393,88,Male,3,58.2163269994742
Ewbib,Lymy,12928,77,Male,4,71.0663341906123
Ewjozz,Vxlsehmcj,6338,43,Female,1,60.2416971375517
Ewjpuha,Ftsygkoju,18103,19,Male,3,53.6226274554803
Ewmw,Fmga,4040,62,Male,1,71.8662398065321
Ewnbuplx,Tkpyuiy,4991,60,Female,4,49.9969364634694
Ewpokzlwo,Mjtrzkj,3735,79,Male,2,77.1683978972848
Ewrxidiz,Zrxlogl,14224,39,Male,3,26.9356004181103
Ewryklkm,Ncolbleo,17530,43,Female,2,50.7682362371432
Ewtn,Fbvhmyux,7972,87,Male,3,73.8494431655032
Ewvljymrx,Omydmtjr,18595,77,Male,3,57.5566938326774
Ewvntywh,Cvokjq,16889,42,Male,2,72.6941003747172
Ewxs,Rnyc,10488,23,Female,2,38.0097587368466
Ewzg,Lqyvauss,6464,27,Other,1,73.8818185408187
Exaews,Aoev,18713,92,Male,4,56.1265268718707
Exax,Hadaq,2410,67,Female,1,52.0944108174502
Exbbb,Yzpmyn,6313,82,Female,1,79.1921353383385
Exbbznv,Vuijvch,4333,33,Male,3,58.8761806853174
Exblfpcq,Exkye,7329,36,Male,3,45.8163810579013
Exdvxsls,Bnvnaqguc,1052,86,Female,4,38.8657179943677
Exeweqix,Ohhrdu,14529,30,Male,3,74.6078085119823
Exfsmcku,Xjurrzi,18795,30,Male,4,64.5501297635196
Exgitde,Kmzlw,16067,22,Male,2,65.7626935584227
Exhna,Sjmrb,3626,45,Female,4,49.9276051927238
Exiq,Dlka,19873,72,Male,5,56.2667432426587
Exithiux,Cvikflwc,4611,41,Female,5,44.0195541759346
Exmmweig,Iwlfcb,16659,28,Male,4,65.4557533259629
Exnxhclc,Tywxqth,13189,33,Unspecified,1,45.6647073681679
Exqjqsqkl,Lliijwirf,15574,52,Female,5,69.2594776992835
Exqucg,Bxgi,2662,26,Unspecified,2,52.7982978749301
Exswe,Gyvq,17399,97,Male,3,59.0239094130659
Extisxl,Ldlpjz,3627,71,Female,2,90.8414492091232
Extqisqbv,Bmshdtzt,3587,80,Male,4,43.5575879587392
Extsgzopr,Gufdxdvqt,7996,24,Male,4,61.0390768038359
Eyaajlp,Dcdk,18776,41,Female,5,49.316268491808
Eycg,Kgkruxila,17577,20,Female,3,67.3750579861092
Eyeu,Vwrxtuxg,14897,40,Male,2,43.8101828863051
Eyheknf,Zhrr,18531,77,Female,4,61.9801476388818
Eyidop,Yvukyc,10638,26,Male,2,83.7625532947079
Eyiqj,Ssalo,14123,77,Male,4,46.0900651280605
Eyjod,Seqxpik,5529,23,Male,2,31.5813789536558
Eyjofapzc,Rnbkoi,5919,45,Male,4,55.0113197144185
Eykj,Wphucnceb,4916,77,Male,1,42.3167013841194
Eymgnu,Oiqdjfza,9374,26,Other,1,76.0634619185284
Eyorep,Pcepzv,7086,25,Male,4,54.8443344871527
Eypbw,Fuqevxvjm,7579,83,Other,3,74.4582036149966
Eyprgre,Mxhifjp,8126,50,Male,2,54.050281106245
Eyqykuqvv,Zupldhfd,10710,54,Male,5,47.7496041325256
Eyrcww,Mqgdiiug,1866,21,Other,3,66.6525402089404
Eytdv,Iepoxqf,11431,76,Female,5,79.7812791056348
Eytk,Jvsebmgr,9485,59,Female,4,61.0638404382612
Eyvhkkr,Kddoh,3591,70,Female,5,59.9173143705206
Eyvkqsqe,Gpmiijqxl,17567,80,Male,5,60.9037990240827
Eyxseda,Ooesk,2556,36,Female,4,48.6279435681849
Eyzwiq,Vuxcmm,8306,43,Male,4,60.2534238286953
Ezakowus,Wirxinwpg,18792,22,Male,2,57.6345352077318
Ezbfskidj,Cxrtl,8810,68,Male,2,52.5983052671423
Ezdh,Lqqddlhf,13588,79,Female,1,61.0707829081599
Ezea,Zgrncqos,16337,75,Male,3,43.5957709068709
Ezfuy,Bgqyw,15402,53,Male,5,52.4718521260722
Ezgmqthu,Xrsdld,15745,88,Other,3,67.8625963169813
Ezitqztb,Ojnhb,4300,18,Male,1,67.6228737918361
Ezlrvrw,Nqgadxga,12619,77,Male,4,64.0737769363148
Ezszna,Zdzeap,9328,70,Unspecified,2,62.02052146509
Ezvv,Rnjcbjv,5928,32,Female,3,64.173770040685
Fabpodzu,Swrgfie,19154,70,Female,2,53.7935724893487
Facyefyt,Wemmnzhsq,8506,26,Female,4,51.3889728011253
Fahwvjq,Yanz,3807,70,Unspecified,2,52.1925339548548
Falaojj,Fpyjmm,13560,27,Male,5,47.2049262721547
Fanfoc,Jouagdtu,19566,45,Female,1,72.9795612688718
Fapcmf,Bgpsvhxeu,17878,34,Female,1,62.031125378828
Faplcgxiw,Inicnm,12782,96,Male,4,55.2932698994224
Fapsikuf,Mkmrhjm,9726,60,Male,2,62.2784766811027
Faqrflwey,Lrsoo,16160,20,Male,1,54.1587817663408
Farevd,Sehxy,5954,20,Female,5,79.97405341606
Fatciq,Csij,4256,60,Male,4,64.6676125132383
Fayvqxf,Nvuionqxl,1614,86,Female,1,72.5603862270185
Fbdfraomd,Cfaff,11815,90,Female,3,63.5555900148167
Fbewwauee,Kpxudjv,3720,36,Female,5,56.4850399333923
Fbknejdj,Thyclwy,15152,90,Female,4,65.9142798164533
Fbmm,Wdeal,17408,71,Female,4,69.878637132978
Fbmyyerjz,Cxeubbwyi,15272,40,Male,3,54.9223621115592
Fbpyimorx,Xrveq,2132,74,Male,5,80.3193588735717
Fbqxozsdm,Mwsxhxc,5449,63,Female,5,50.057152612495
Fbroitft,Lyfggamg,18356,96,Male,4,57.6670897611472
Fbvieft,Coahpi,11404,72,Male,5,52.3574231830442
Fbvs,Qbllgkbu,16444,25,Male,4,44.3594333355921
Fbxjou,Codawuak,2530,43,Other,1,67.1419815903633
Fbxrm,Danopny,8766,63,Female,4,61.9777415130071
Fbyrxexni,Bfhyx,16880,48,Male,2,58.1986833096764
Fcayxw,Bmxuzdpg,12665,63,Female,2,60.9472967412685
Fcbtm,Uwsz,10888,74,Female,1,64.9192401565966
Fcgjnfg,Gzimaukc,3092,19,Male,2,68.5375257883685
Fcjjesa,Ldvyrz,15032,79,Female,2,67.0323256909862
Fclkyn,Tyuqew,8935,66,Male,1,46.3531319789749
Fclnlm,Pcupepz,4518,65,Female,2,52.6461804527075
Fcoikocq,Etckidm,14839,70,Female,4,55.4115926674281
Fcpfcq,Ljdhuuh,11491,77,Male,3,37.9190297226735
Fcqj,Wimglciql,2890,93,Female,4,54.8034276373566
Fcuxmu,Vxiro,2272,38,Male,1,54.8773901705775
Fcwgvqcb,Snkl,11004,69,Female,2,53.0574932772847
Fcwxlq,Xwpq,8473,50,Unspecified,4,49.2416993007382
Fczmev,Jrpnl,10072,66,Female,3,87.3730577669934
Fdauy,Vwmdg,3664,96,Other,3,73.8066461465365
Fddnsrcct,Mtmrbzlxx,18569,65,Female,5,68.2036532649338
Fdfcbads,Zasibvfol,18841,49,Male,2,82.4358868365975
Fdhdy,Vhziztn,17311,73,Male,5,40.7591838986105
Fdisx,Atmbuotj,14494,34,Male,3,66.0015759817687
Fdjv,Tbdmxnf,8557,55,Unspecified,2,64.4552744258306
Fdkbjysxi,Kvnyzicdm,15998,89,Female,4,73.3832926563009
Fdmgl,Thhk,8021,93,Female,4,72.4397260545774
Fdrfd,Esnz,11466,80,Unspecified,4,47.9056835454956
Fdstbvqj,Tppofze,9661,55,Male,4,56.9937541270853
Fduwkscy,Kxzh,19253,30,Other,5,49.3875871600914
Fdvcvjgfj,Epduzd,12997,83,Female,4,55.3011532476414
Fdvwwk,Dxrmxege,7212,46,Male,4,58.8584334207351
Fdxzwu,Declumvk,17680,51,Male,2,63.8894849004884
Fdzirbvt,Cuewwb,2671,71,Other,1,69.6426894986009
Fearsi,Xszl,18028,82,Female,2,60.4613430812634
Febpvpdj,Oyyjdpen,17383,39,Female,3,49.2398111515218
Fecs,Qugg,10456,56,Female,4,66.8463353899378
Fehfdmz,Hkyt,5640,92,Female,3,51.037929348204
Fehn,Vznz,16447,72,Unspecified,5,87.0956640495824
Fejxwyb,Xnhdwyocp,10239,55,Female,5,39.7210109492757
Fekrjjp,Cspbvtor,8806,57,Male,3,51.6208167886338
Feljipbj,Akzvrya,19292,33,Female,1,72.7458237510556
Fems,Uzsgmnlbu,8729,80,Male,1,62.8763318158255
Feojwl,Vqdblemv,5681,68,Other,5,48.7711115360271
Ferp,Unegg,2496,84,Other,1,34.6935268473265
Fetefmr,Wuddrwc,1874,35,Female,3,68.8312262859784
Fevn,Zqxywmqq,9766,31,Male,3,64.3892722910721
Fexojroct,Vzrz,3694,96,Male,5,42.4734081103354
Ffbri,Cwdcdntai,16197,29,Male,5,63.1718172667928
Ffdpj,Sgdy,19315,85,Female,1,77.1840108310258
Fffbxuohb,Yuck,2705,30,Female,5,62.5923228789204
Fffr,Xrvep,2758,70,Female,2,52.9780043977512
Ffisykk,Ivykdwa,10429,92,Female,3,36.5057591285389
Ffkjtsqmj,Ywtjjhoe,7188,32,Male,5,69.7186567670892
Ffkmclp,Nllntnqy,6903,97,Male,1,70.1849687128217
Fflf,Aexzvn,1498,60,Male,3,56.0580514384555
Fflkobe,Zsnvsby,2623,83,Female,3,65.5156838269751
Ffprghbhf,Bvmthc,17607,44,Male,1,58.6891198426816
Ffsqd,Vlrf,1971,49,Male,5,50.4470131962584
Fftbez,Bmjgmqzr,14074,89,Female,4,56.4795355656101
Fftoi,Baol,11533,65,Other,5,66.1008589262468
Ffwljnnhn,Gnpi,5196,58,Male,2,56.8953785545783
Ffxezcbrd,Gmaewpq,8162,49,Male,4,76.8516615465162
Ffxty,Fwlnkbap,18537,93,Female,1,60.675565623194
Ffyxyieoa,Nbyvaeo,7186,86,Female,1,55.9733761516207
Fgbim,Yudu,9921,45,Female,3,79.5370204087064
Fgczbby,Igaccg,14323,96,Other,3,69.2441290258026
Fgdczib,Tedwgkaby,11388,48,Female,5,54.8982229509597
Fgdh,Vjzoc,16430,41,Male,2,75.4442309123615
Fgdqq,Rhrz,10687,55,Male,4,46.5206213215795
Fgeax,Nhuughtkc,14729,31,Female,3,48.170010531977
Fgiwd,Iufz,13553,33,Female,2,63.3858811850098
Fgjkmze,Plsioaj,1661,47,Male,4,70.5933583491972
Fgkdd,Ppfst,9663,36,Female,1,76.1609868811698
Fgknzuu,Ejqccdqn,14281,87,Male,4,42.2242822266991
Fgloiiczi,Kiubxywo,18446,20,Female,4,39.9103287613719
Fglvy,Ybihbzg,16584,25,Other,5,66.7816003408837
Fgqefjwjo,Ywou,17812,87,Male,2,47.4491973164286
Fgssy,Oquyzs,4238,30,Female,3,79.5435251180652
Fgtg,Pufptmr,7011,46,Unspecified,4,58.7040610056377
Fgupvvq,Mibai,11681,85,Male,1,75.2561921082562
Fguu,Sehtn,13273,74,Male,3,56.3252148620314
Fgwb,Mqhl,3391,22,Female,2,59.6040877422369
Fgyregsb,Wqkdjn,16822,19,Other,1,65.6374893271919
Fgzqthv,Vbpqdkxd,8835,97,Female,3,66.2025157989848
Fhbbagki,Leajgfuo,4206,23,Male,4,64.1729310895399
Fhbbwq,Vvilogbb,5727,96,Male,4,62.2281699166828
Fhcd,Rixd,8695,51,Male,1,79.7420084924311
Fheig,Xphfgjc,9152,27,Female,1,48.568819091743
Fhelnpjyn,Pzdhadrv,13543,36,Male,5,71.6200698259429
Fhjejzj,Qdpgxtv,6014,33,Male,1,69.682397487701
Fhkwf,Vrwutj,4650,79,Other,4,66.4949448565911
Fhmbu,Gtecnntjb,8053,21,Female,1,56.1728351964765
Fhmtra,Idwnbh,17700,49,Male,3,48.3716775928107
Fhosid,Crvfwsci,14456,74,Male,3,50.7437482576355
Fhrcvhdm,Oprboc,1950,78,Unspecified,2,45.6378417389202
Fhrgxrha,Xpmarwha,12448,83,Female,2,60.7845277471494
Fhru,Uvhnyuzlo,16277,62,Male,2,60.2722757794654
Fhudtpf,Zbbkjpke,16037,56,Female,2,60.9654105495426
Fhwevh,Fbshbnvgx,5050,94,Unspecified,3,53.4219598431884
Fhwlcbzw,Lywzdfuny,17220,20,Male,2,26.8733492976569
Fhwmge,Ynbu,16857,20,Female,3,56.7982924019486
Fhyjxlgoj,Ydtytm,9512,94,Female,4,74.7434535175942
Fifv,Rnmzc,5220,61,Male,2,57.8401881101664
Fiii,Uojo,15673,82,Male,3,79.0145728385941
Fiiwxfyr,Eiobov,17342,86,Other,5,83.9343817756709
Fikumg,Kedzcqci,9664,32,Female,5,54.3090216228413
Filoaitgz,Uculjaoy,7205,91,Female,4,59.4992231650307
Fiqgthf,Uwxxlfejg,5343,57,Male,5,48.1558719646541
Firuk,Jdmq,3947,80,Male,5,54.7854878788269
Fiuhwcj,Uuvrxts,9275,55,Female,3,56.0036711577703
Fivex,Ebrzjnq,16774,58,Male,2,75.5375802548
Fiwlixmu,Gizjieuca,1552,58,Female,2,49.3486458495412
Fixjxx,Ygbcnx,14090,51,Female,2,33.5089268912333
Fiyvqu,Xtawpt,5108,68,Male,5,60.9314951707519
Fjawqscex,Bcqa,9737,42,Female,5,44.0873258845899
Fjbmnsnu,Zasfnesp,7374,24,Male,3,53.5348591293876
Fjdc,Itklrpc,3298,65,Male,4,57.2770322919951
Fjdwgqi,Bxvso,6020,50,Male,5,70.8056897468046
Fjgvdbafi,Cmfupbg,16949,25,Male,4,48.7258730753874
Fjhsyfby,Tiylzubsv,7858,42,Other,4,54.758918522689
Fjolpd,Xmuneg,14005,42,Male,3,31.589186543573
Fjomyvw,Zrupbqfas,11428,41,Female,3,59.9755806147434
Fjowijeb,Tjjf,14017,64,Female,3,71.4238860193743
Fjqukq,Iebnd,13697,51,Male,2,55.7018193793137
Fjswnkmqb,Wkelbl,13412,36,Female,5,76.7001927808279
Fjtpkgufl,Wgucpa,8499,81,Unspecified,4,37.5135677449015
Fjttayuq,Nujzhur,9171,90,Male,5,52.2171982931898
Fjvymcjp,Mdkgkzaqh,9912,73,Female,3,88.6365261415498
Fjzfkowg,Uvicje,12370,53,Female,5,62.5378374419821
Fkcbov,Ccwgnf,5633,98,Male,5,61.240702494097
Fkcpgvwwr,Zqwjj,11383,75,Male,1,74.4412527893863
Fkcznvnde,Tbtpmgs,6189,60,Male,5,67.7873981418417
Fkduunj,Lvpb,16650,51,Male,4,67.4431482170349
Fkfowzek,Sogslscyl,12821,87,Female,5,50.4587668775644
Fkfx,Puyeebd,8096,65,Female,2,67.7155751949642
Fkgekduy,Bszrx,17321,29,Female,1,17.3765192247106
Fkgzkdx,Knrcpfpe,15854,92,Male,2,60.0153407923661
Fklglwpim,Dkokfzjh,14290,83,Unspecified,2,61.6859547487295
Fkpypv,Xaitviay,1292,93,Female,2,59.5406721745752
Fkrgqw,Xuqhev,10640,98,Other,2,74.5097082558015
Fksxgs,Hlnayd,13635,81,Male,4,65.255896965346
Fktuh,Iozeu,8033,50,Female,2,90.2108516336552
Fkwqpjc,Pxwdlgc,1799,20,Unspecified,2,56.3596094999485
Fkxhxyr,Kmod,11306,97,Male,3,64.5681167361457
Fkylvgbu,Hutgykwmm,11507,37,Female,4,49.7472802071114
Fkzutxsyl,Vlcpwsf,16375,54,Female,3,71.9308571764101
Flbmfufb,Dvgen,16629,93,Female,1,63.1585411766124
Fldezcy,Qxjvex,8667,76,Female,2,76.6791525256728
Fldw,Wicryz,11079,28,Female,1,63.8162163251107
Flegwgkep,Snmwf,9000,61,Other,1,69.6461138558951
Flinxs,Wislsb,13350,30,Male,2,45.2191208891763
Fljt,Fzkxfppl,7025,92,Female,5,74.5777513905977
Flmx,Zxottdsmi,16921,73,Female,1,55.7256752047461
Flpqdjhc,Zplnom,9567,29,Male,2,71.7316980380532
Flqokeca,Pbutg,14176,48,Other,5,56.423634796575
Fltawqjq,Bjiwn,6963,78,Female,3,54.1142037683362
Fltep,Yjjtkzwmr,7821,93,Male,1,40.7394556793745
Fltt,Fjpsjw,19319,75,Male,2,39.2915035694962
Flwzxwvej,Bnwjlca,3255,68,Male,1,34.679080462011
Fmagmp,Pxagio,9186,40,Male,5,62.4612299533044
Fmcbhl,Bhqggvqt,13881,92,Female,1,87.1773589354536
Fmcdeihq,Nionxwvxr,9848,53,Male,4,53.1309365994088
Fmff,Cvyxgiuww,2715,31,Unspecified,4,30.7022733420371
Fmhdevfoi,Rrna,10677,92,Female,1,68.7981434702592
Fmhtsfvi,Vgzotwk,2765,60,Female,1,58.0690558927095
Fmjdhdvm,Mnzpu,10535,46,Male,2,66.8894496598379
Fmkxq,Lgxxajtja,2532,76,Female,5,54.2450957858117
Fmlonj,Ruipteho,19093,81,Unspecified,1,71.3870314088869
Fmntmpkpe,Vgsa,11928,76,Female,3,54.0327862048784
Fmojhf,Wxlyj,7934,94,Male,3,52.7516368888531
Fmptskc,Knmjmvyg,17273,75,Male,5,84.7398805012512
Fmqpfnt,Uxkh,15829,83,Male,5,40.3324571580624
Fmrir,Dvry,13956,49,Female,4,67.7556437061162
Fmsk,Exhct,13633,60,Other,1,65.2852687482489
Fmskcxv,Dayl,17000,74,Male,1,53.1040364474845
Fmtbyzys,Nsxa,13652,60,Female,4,50.5311514821232
Fmtdqruhw,Dokfw,10300,86,Female,5,73.4702725036373
Fmxybq,Pquqwauq,6559,21,Male,4,60.2393482263661
Fmyp,Nkklfm,15327,90,Female,5,37.7104078288205
Fmzrmvjv,Ufsbwckl,2263,88,Female,2,52.6718572184617
Fnahpck,Bvnfufzw,18636,49,Other,3,62.4576828264337
Fndaaem,Cjdwqyk,18085,22,Male,1,38.3491381351388
Fnhm,Agoswukl,16282,42,Other,2,54.0730122511555
Fnilzd,Narsqhizo,9295,56,Female,3,60.7530380651447
Fnjttm,Khjr,18380,57,Male,2,69.7026896089302
Fnovad,Mbltqahum,2946,55,Female,5,40.4882954468876
Fnqjzz,Wwvficjb,10187,41,Female,1,57.0079628039495
Fntej,Adxt,6126,56,Male,3,54.3993851417835
Fnurgtfnd,Kdyk,17131,83,Male,2,67.3965320190714
Foanvk,Rktenfiqa,3288,83,Male,4,64.1907262164051
Fodlgsp,Uscseoejt,19773,25,Male,4,68.8582870224421
Fohg,Bykgxyk,16304,57,Male,2,71.7893202953742
Foiakys,Tjblyoevj,9389,58,Male,4,47.9604010158509
Fojoemyro,Zgojkkjm,6510,40,Other,2,60.7657196202002
Fokepgged,Avyrvwkv,11818,23,Male,5,74.2504119114157
Foomvvj,Jeljqg,18573,27,Female,2,43.9027663419439
Fors,Rjapr,13776,73,Male,3,75.630714707658
Fosg,Pblobwl,7743,67,Female,4,50.0788702146149
Fosoptaxz,Tufrjj,12045,23,Female,1,47.8028302236981
Fosunmi,Fgjubtale,18497,49,Male,2,71.6713256144321
Fotfwd,Dahnqrnp,13302,42,Female,3,45.2276668818735
Fouys,Kjhvj,12043,33,Male,2,49.5549211052796
Fovvbw,Ouofg,10722,29,Male,5,49.5074074427403
Fpdbaizq,Bhejbyvle,8364,54,Female,4,66.0358281984658
Fpdvxi,Tjova,8825,79,Male,2,59.9255240012525
Fpdztblyw,Ngdfyhmca,15936,34,Female,5,37.9386103838728
Fpebskgtg,Cemj,12709,55,Female,3,52.7666233255706
Fpictzx,Eyxes,9535,84,Female,5,46.2601919968137
Fpjooymz,Ahxiyxq,8696,63,Female,1,46.8352924790053
Fpleadc,Tnkoq,1371,47,Female,1,54.2122334960691
Fpmd,Oedtmh,17820,66,Female,4,63.64068508614
Fpolkdvcm,Nhjvprn,8950,25,Male,3,49.8240546636809
Fposqu,Qisaj,16323,57,Other,3,64.917321472412
Fppasdy,Nnysez,17753,78,Male,4,56.8942374231105
Fpqb,Wvxneihao,14833,62,Female,5,55.9785868885834
Fpsekbgb,Falty,2026,81,Female,1,69.0969436577911
Fptp,Ficxn,19670,57,Other,4,83.4681279115675
Fpup,Wprnipwv,4136,37,Male,3,55.5161652217664
Fpwrsasp,Earn,5603,53,Male,1,57.2220734432112
Fpxy,Foiz,12177,28,Male,2,73.7601175576231
Fpyub,Uevghess,15153,18,Female,3,43.7487592881307
Fqgcca,Gynzetioe,16144,62,Male,4,65.4094448723026
Fqgge,Nbcviyicy,17810,65,Unspecified,2,51.2283321533557
Fqidcqitv,Zzengd,2230,56,Female,4,50.664216135195
Fqimqxl,Jnvarwl,9935,93,Male,5,76.5991140489242
Fqitlyn,Bpnmoh,4517,89,Male,3,48.1914390240831
Fqlr,Usts,10780,29,Female,1,51.1755303138006
Fqpem,Tebbdklzn,18200,83,Male,1,73.3917583403613
Fquwpaltb,Bjgfpqcq,16159,55,Unspecified,1,59.1352341767372
Fralbsv,Wvjilpyyz,17435,89,Other,5,59.5521251291929
Frcyge,Jpwj,7029,97,Female,2,54.0638122719328
Frdo,Fshl,6820,96,Female,5,44.589810890708
Frembz,Fndxxsjy,19815,92,Female,1,50.2238346858762
Frfkx,Wyqaxmwel,11867,29,Female,2,84.7496669537651
Frfufsz,Kzbgyy,13002,53,Female,4,60.9320812279401
Frgkhxl,Aqmnwfuh,6089,98,Male,5,54.4429048400524
Frhdw,Yliqr,2968,66,Male,2,70.5499836150125
Frhnnhjz,Mlfkbnvk,4566,38,Male,2,44.8153372094852
Frhvzembs,Zglxzesq,1502,24,Other,5,53.6918664350314
Friudnpvl,Oddjymc,1817,82,Female,2,45.0141354535132
Frmjpgs,Hauqlg,8861,34,Male,5,55.790769488494
Frnxaolcp,Bewwf,4692,84,Female,5,47.2935348694074
Frqakquz,Jirfuh,15087,61,Other,4,34.4006003282684
Frqykr,Uxgov,3445,44,Female,2,64.0180400246273
Frqyueml,Lsnskmh,5527,52,Female,1,96.3495091195182
Frsllvqvw,Qtopvvrlv,15177,62,Female,3,61.9365735661747
Frssrbkrj,Kspmgw,19646,45,Female,2,53.2566223881613
Frtmiu,Jsbcvqd,17039,26,Female,2,66.4630987554689
Frva,Jchypgo,3693,67,Female,1,59.9071336039132
Frxfkrzz,Xlmaf,15676,73,Male,1,53.4138187096593
Frymzo,Lpvdddrrp,14501,64,Female,5,72.0880233451563
Fscfzfek,Lzqegi,6884,43,Male,4,49.6085465956498
Fsclkzef,Djskwz,1613,85,Male,2,36.3033150025691
Fscponxau,Lawylzzx,2898,25,Female,4,49.7700794929022
Fscvtffrf,Bwlxfasc,4507,49,Male,1,66.8388236879557
Fsdylz,Mryzb,17715,45,Male,5,61.3532722004356
Fsedpdnxw,Gtvtowk,15068,70,Male,1,53.1155178418253
Fsfvdyt,Cingmdww,19515,92,Other,5,62.8659141842621
Fsjp,Fefhupt,4031,26,Male,1,64.3841361682459
Fskwmx,Tcyvkupe,17949,32,Female,2,52.2375593032289
Fsnmkq,Bomy,6180,30,Female,1,78.2295649438387
Fsoqq,Bpziyit,4829,77,Male,4,63.0253947329685
Fspbxuck,Sybowvt,2092,97,Male,4,53.47819223092
Fspsakh,Ngycqurfc,11645,80,Female,3,60.9034546867373
Fsqke,Ckxivzp,3652,32,Male,5,63.3667200450833
Fsqxcf,Amnu,14001,37,Female,2,90.5399118501507
Fssqe,Tfbuzavfc,5322,78,Female,2,71.7421659125203
Fstcy,Ejxjog,15434,43,Female,4,65.0863072159723
Fsugq,Unqkpexk,17077,90,Other,2,74.2418812670219
Fswptni,Sovqi,10588,86,Male,4,62.016439373079
Fsxfho,Yuplkm,11789,30,Female,4,65.5891446492449
Fsyfrrwkk,Rwpuwnv,19903,68,Other,1,55.6352045642224
Fsyvdh,Huio,2345,79,Female,3,65.6324127092148
Ftal,Zdpdebix,19394,88,Male,5,49.5661739860107
Ftgcm,Goipma,2604,84,Female,5,61.5965259695142
Fthek,Vratiij,18786,45,Female,4,56.0492990704466
Fthryeamx,Zhrxz,9937,38,Unspecified,3,54.3193355939569
Ftjdfoua,Cdgbwkf,19531,67,Female,1,71.376949838703
Ftjn,Mknkgj,12259,20,Other,1,41.3888954625867
Ftkhqwq,Qfbtm,5068,48,Male,1,59.5516234298105
Ftlkkqr,Hhcl,7466,87,Male,2,75.4202916023402
Ftnwhdmw,Bjiquuhr,17411,54,Female,4,51.9913514775094
Ftrinixfz,Pvatpj,9150,25,Male,1,64.6609448338441
Ftrne,Ppqx,10717,59,Female,4,71.014809848609
Fttp,Xuzirrr,10410,29,Male,5,89.8652390105647
Fttszwb,Dgwg,14131,95,Female,5,68.4434389227199
Ftyvj,Zgezldsiv,6716,57,Male,2,44.8352776668297
Fuafodbb,Egbacqub,3444,64,Male,3,63.1773446807854
Fuewvymqm,Wtjlzuy,3286,25,Female,4,65.9109173800602
Fugiamzg,Nowb,1331,86,Female,2,49.9769843998952
Fuiwu,Kcclrm,7241,53,Female,3,52.9661524944157
Fujfgrge,Aoflovrrw,19627,66,Male,1,38.8244399951503
Funqnstr,Fbapr,7238,31,Other,4,54.7894535687098
Fuobyyfhi,Xiihvpogr,11785,62,Female,2,54.187264142877
Furn,Kdhcsmd,10889,73,Female,3,49.9427888904954
Fvfcfl,Shuzb,7774,90,Female,5,69.3227091195876
Fvflcmfg,Xgrsk,9998,41,Female,1,59.9910540143506
Fvgh,Yppx,10386,72,Female,5,59.3322418173007
Fvimjjylh,Oadx,3700,40,Female,2,55.0840545158208
Fvinca,Uqiezlj,18175,56,Male,3,70.4764513335354
Fvmqm,Gaendwj,13571,78,Male,5,64.0048821757997
Fvmtyulo,Reoyh,12596,24,Female,4,47.0477929315462
Fvpiux,Yqjdpqg,18386,35,Female,4,50.4630707095661
Fvrcioz,Jbofsxw,4734,61,Other,3,46.0459163854173
Fvrvrc,Nonu,15335,86,Female,3,44.5098455256969
Fvsmxn,Mbnyyes,7986,62,Male,4,68.3873842892106
Fvuzkgzj,Uqxyo,8893,34,Female,1,60.1005589982628
Fvvoyemh,Jyttedb,17041,84,Male,3,57.5977953968807
Fvwf,Lzcl,14472,24,Other,5,57.4389902246609
Fvwfbym,Mqqszrftr,10114,89,Female,2,62.9559237523836
Fvwtff,Dcpd,16525,54,Female,5,62.4558961973545
Fwflbdg,Qpzr,4449,86,Other,5,36.4562561344496
Fwkyrdl,Fcgx,2357,78,Female,4,73.6547337094531
Fwsjbu,Ktyx,5103,53,Male,4,54.0656086543743
Fwwtc,Samwhawt,2631,95,Male,4,34.2548908391079
Fwyjooaaj,Beev,6174,55,Female,4,53.3652729696267
Fxapsxt,Yhsjcbslz,3964,41,Female,4,39.0057770318769
Fxbfbiaw,Nvyrhqe,10291,80,Male,4,69.5613869849255
Fxdpdyroy,Iztxrfkmj,19363,85,Male,1,71.1142487747716
Fxdrh,Wcvqure,1481,45,Male,1,69.3575624183748
Fxgcbwyod,Blecbn,12513,67,Female,3,62.0616859310141
Fxgcysb,Eimlcqq,5746,52,Female,2,43.6306960941377
Fxitgy,Zpnzj,6254,68,Male,1,53.0776229377106
Fxkrqcygz,Efodsc,6328,77,Female,2,76.066028172799
Fxlaliukw,Vzmxzxdqw,18083,67,Unspecified,3,69.4718725298677
Fxndvu,Nyxyj,4137,49,Female,4,51.1723935879587
Fxry,Jlxgljvd,1728,61,Female,3,79.0604122828037
Fxszwlp,Maka,19909,86,Male,5,49.05494468692
Fxtznxz,Otlqu,13704,75,Female,1,48.6092362720356
Fxubbgms,Fubhmv,6050,58,Male,1,52.204035258689
Fxwaafcy,Wxmz,10919,89,Male,2,48.7739921163646
Fxwaasa,Yzvelfurm,19877,70,Female,1,68.9415438120241
Fxxw,Xsyz,6030,19,Male,1,60.0876455767603
Fycetxt,Bwcgs,16687,19,Male,4,74.2143534751026
Fyelgwq,Qdkuoog,5287,81,Male,5,49.0899365341771
Fygsfvfcs,Eqnh,4737,56,Other,4,60.0272901010929
Fyhj,Fvpbe,3937,96,Female,5,61.7890515700456
Fyjuvuppm,Crkdyzkh,1485,61,Female,3,59.2945261869239
Fypxckoah,Ypztmeg,7155,59,Male,5,46.8274116808198
Fyqsko,Jrav,8387,82,Female,2,66.2779924923796
Fyrdvdt,Qomva,4348,36,Male,5,68.9580451106818
Fysmq,Jwzt,15507,48,Male,3,69.4027627855394
Fysxolwn,Vrnz,5455,50,Female,5,79.8419181573004
Fytonqcxw,Qaciriq,7553,42,Male,5,69.6641467342712
Fyxgyyjdg,Chyd,11661,95,Male,2,36.9149869404526
Fyyn,Yblanthv,9212,26,Female,1,65.1240226432625
Fyyqrvzj,Lvmgmwlp,19872,45,Female,3,62.3320251632594
Fzbsalwt,Chbdhjz,8618,32,Male,4,58.7020578699117
Fzbua,Jincq,15619,30,Male,4,48.8197270783967
Fzffcqmrm,Gwbkj,12393,81,Female,5,51.7011688358239
Fzgr,Ktahv,15213,42,Female,5,61.3521194871219
Fzkd,Tgkvxcrf,8738,56,Male,1,54.7141677639004
Fzuvx,Zqxfmoni,8236,32,Female,4,49.6683426240663
Fzvi,Bogseag,7592,36,Female,2,67.6138534649671
Fzwjbhxxv,Fogu,1808,85,Male,5,45.5910299406381
Fzxqv,Lwba,5091,47,Other,3,72.1551003790707
Fzyfvodb,Wwglikb,8449,85,Female,4,57.7884964874585
Gaabivb,Kopzh,17456,46,Male,2,57.2409716529021
Gadeba,Lhos,3614,88,Male,2,73.01772236246
Gaeema,Semq,15553,95,Male,4,54.9758452100149
Gafnhut,Ocbe,17082,97,Male,2,63.8862153868481
Gaidrmmtb,Mwps,10158,48,Female,5,51.3405241609562
Gaiq,Zqmkgxh,2083,28,Other,4,48.5416097229094
Gamcca,Yboadyvnu,16616,60,Male,5,68.9958649598761
Gapmj,Mtlzwkkj,17030,22,Male,1,70.3408247244191
Garklwpd,Ircwh,4652,85,Male,1,52.5046918823334
Gatbizhj,Ioeqnep,1769,55,Female,1,56.1692399825358
Gatkxnt,Xsbslin,11450,74,Female,1,72.4062120715642
Gawaaee,Zygsrera,3538,25,Female,3,41.6701103328128
Gawcte,Zldihxseg,14588,83,Female,1,57.8489014412425
Gaxfepggu,Vomw,16448,81,Female,4,60.7403859919518
Gazvu,Asmqb,15103,44,Unspecified,5,84.561307660938
Gbasbrb,Jaebg,11106,37,Unspecified,4,46.1690590691429
Gbbn,Qcvzfugw,14849,91,Male,1,58.3327512835255
Gbez,Dhjkc,10206,61,Male,1,52.112522361668
Gbjjavn,Lynx,6569,93,Female,3,52.77934880582
Gbltxpaez,Nojhidtrl,13327,88,Other,3,66.5722058716063
Gbpiby,Cvmvpwz,2992,63,Male,3,64.7391386162055
Gbppx,Olzngq,11037,21,Male,5,52.7683417871997
Gbqthzs,Lsisxqchj,18399,94,Male,4,70.0296568676573
Gbtq,Wfvq,14600,19,Male,4,55.1445317664345
Gbvl,Xwjgvw,17160,36,Male,5,75.2459024950266
Gbvnbhb,Flpzjrj,10252,45,Female,5,45.4973200707378
Gbwqoxigi,Pqorali,10179,89,Female,1,71.6483368276274
Gbwtyu,Mlavydxao,12437,28,Male,5,66.3743321584199
Gcablxb,Xayiengh,9467,85,Female,5,73.9058582106032
Gcgwwme,Vrbkpl,18543,51,Female,5,68.9127296493831
Gchsbqmia,Xjqw,2823,73,Other,1,55.4918283178357
Gcijmik,Hfryx,14590,68,Male,3,79.6569945312117
Gcjvkrg,Tdbbqr,2090,98,Male,4,57.3308350457217
Gclads,Fvipsb,13270,22,Other,3,76.3134392342822
Gclpbe,Nshmm,7675,33,Male,1,66.589498392704
Gcreub,Swcrnb,11189,75,Female,5,62.7522916448201
Gcsl,Tnxfuo,1338,67,Female,5,72.8647538655628
Gcsyc,Zffpe,13126,41,Female,1,24.6719778795418
Gdavlefmw,Drubepd,7883,26,Female,3,66.2891702298164
Gddfsosr,Igbecqjr,6542,63,Male,4,58.229817244564
Gdehv,Gmvl,8071,74,Female,3,60.5964093152317
Gdfyjf,Mjmu,6100,85,Female,4,37.3940844524547
Gdimhvza,Gaeyual,2515,93,Female,4,66.1867803486222
Gdji,Odps,14147,78,Female,5,58.1945583562102
Gdjjyc,Wfelsi,16184,41,Male,4,77.1733495627853
Gdjkns,Zalfmmyt,7292,50,Female,5,78.7394729334261
Gdkglku,Lqsqx,12477,94,Female,4,59.873981915154
Gdkt,Ugudohfus,19192,29,Male,5,56.1352115620104
Gdlrhw,Lcctfn,19288,36,Male,4,29.3521139136364
Gdmfy,Kbiae,10132,58,Male,3,72.481511837789
Gdnk,Huqvqqqv,19659,54,Male,4,77.3250458583207
Gdovfwnu,Wxmpozi,10424,45,Male,3,60.395982405822
Gdozsiqlv,Xxfuiywsn,16410,90,Male,5,55.1519302052261
Gdsi,Jvgxjueq,4988,37,Other,5,64.3029013771923
Gecfamqns,Gqzpxcc,2996,47,Male,1,59.137791895541
Gedtrqhyl,Jftfatnec,2386,44,Male,5,48.9975182807672
Geer,Rezbb,4682,90,Other,5,55.6150341447239
Gefvi,Idkerth,5256,42,Unspecified,5,52.4082757207695
Geglg,Oasxtmo,11709,73,Male,4,41.4559921804542
Gegqlhssy,Ojsadlzcd,13648,30,Male,3,57.2095867338924
Geis,Snybapj,1587,75,Male,2,47.7436477995481
Geldgprm,Sasqrjdj,9145,58,Other,3,47.8326934610814
Gelfrt,Ahmldl,11397,47,Male,2,53.4977240384985
Gemlife,Levifzitw,13056,59,Female,2,21.3346348103189
Geoeuowmi,Nkwh,6212,82,Male,5,59.2802652033161
Gepx,Wsnmyovyk,17356,61,Male,3,71.2157373515681
Geqzy,Piszuodx,5980,40,Unspecified,5,72.9660775730453
Gerxstq,Baiix,19457,90,Male,4,82.1394143702465
Getfphpc,Exesok,5657,19,Female,5,58.3558737951015
Getzu,Kfphe,17483,90,Female,5,66.1629619871386
Geujm,Ygdltj,6888,88,Female,3,51.8910381607654
Geul,Kwacqbq,7172,21,Female,3,70.8660834660924
Gewgpkdv,Ojptql,5492,82,Female,2,72.7568023142317
Gewxaxdh,Cqjqizm,2587,90,Male,5,66.0041537147631
Geynebgat,Qlknw,17672,84,Female,4,58.3996238927988
Gfdqnkqrv,Xwvn,16571,23,Female,5,58.6882634533764
Gfeht,Raugne,18263,40,Male,1,64.1321200776998
Gfgl,Tddyxrvaj,10651,70,Female,2,56.2758175548161
Gfgnddb,Rcip,16820,27,Male,1,62.2098988694106
Gfhuhy,Fdhey,3204,45,Male,3,62.6040893489448
Gfjamrfq,Jvoayf,10818,63,Female,4,49.085617893356
Gfqyalpq,Lsrtzyh,12038,30,Female,2,56.64917647465
Gfrfvqmw,Jhhvmzyiq,6854,25,Female,3,50.1098856815838
Gfxn,Qadzghg,9503,68,Other,5,52.4307860560234
Gfzkuw,Lmemjfmp,12398,89,Female,2,64.3885872950823
Ggazyduy,Gsvx,19796,20,Female,2,61.8430057583576
Ggcktegfv,Agnjzko,1828,96,Male,2,77.3274051317733
Ggcyjb,Exeksa,14363,40,Female,2,66.9113746704656
Ggfzwx,Dycdy,8683,42,Male,3,75.1022024688348
Ggggls,Irrtvmcq,5795,93,Female,3,49.8833601216376
Ggglkg,Spticfthq,4176,91,Female,5,62.7219376119298
Gghjrxgob,Vlovlp,17047,47,Male,5,54.706730818224
Ggibwah,Lnrffnad,9376,68,Male,2,64.6452538639646
Ggjgc,Hzqf,13043,41,Male,5,61.1698658802302
Gglndyqot,Kvsjmykxt,15687,97,Female,1,60.1542889313513
Ggmfhlrux,Zhqddzjd,6718,24,Female,3,64.6735825658044
Ggrubk,Qquert,8434,29,Female,2,67.8040887733459
Ggweblk,Vozhcxn,14565,41,Male,5,41.0963119004728
Ggxv,Eceguho,10803,98,Female,3,62.1681627761768
Ggyrnqu,Xcatuxo,15185,74,Female,2,65.2133799806161
Ggzjeh,Kikm,1761,82,Female,3,50.022377810181
Ggzkwc,Qfwfhgmtl,14064,86,Female,5,79.0340138198966
Ghagfm,Voxbxijnw,5906,25,Unspecified,5,53.4852613072468
Ghfbzbaa,Bocoly,7275,95,Female,4,60.5838761038712
Ghmvial,Akhm,10834,75,Male,2,54.7608237504367
Ghnohvuhy,Jcdvcvyl,5691,96,Male,1,39.9495919439752
Ghrj,Oohujvv,13187,81,Male,4,63.9337608195742
Ghslt,Ragwfnb,11656,57,Male,5,60.0829554551202
Ghsnhjj,Fyamy,8464,93,Female,3,44.2902192902572
Ghtj,Rifkefzj,16294,37,Female,2,43.4648952473881
Giacuwos,Majcegpq,19622,32,Female,4,62.0011903485073
Giakx,Upph,2485,80,Female,4,57.5344663710712
Gibvqrg,Dtwudfda,6916,93,Other,5,56.8675805826995
Giedcbso,Wwcc,8708,68,Other,3,67.0835193521353
Giep,Nftzsmbaw,6110,84,Female,2,61.7539270393195
Gihkdu,Owjqwh,18202,67,Male,3,44.1824886789544
Giigfq,Tsynuk,9725,41,Female,3,57.5610624842933
Gikqfqikb,Zkjxsg,19823,26,Female,1,73.6046443787707
Gimdtyxx,Xsshb,7703,84,Female,4,48.1871195802229
Ginckus,Fzcx,11638,62,Male,2,51.3091122691566
Giogryrzq,Vcvapol,11748,83,Female,5,49.2949293309369
Giot,Dqudyl,12796,49,Male,1,53.9421034187064
Giplmodj,Ohfng,11058,38,Male,2,62.6915655778792
Gisqumb,Pbzf,2794,72,Other,3,60.1444614170528
Giudubqzo,Tnlvlhvb,16711,32,Other,4,47.0246475824961
Giwde,Zcceixbnt,18359,63,Female,4,85.3844710157248
Giyrj,Ivaqdx,12063,88,Female,4,45.1294058363621
Gizzwftt,Gauqjjkgg,9379,18,Male,5,54.188017738276
Gjbduxrv,Uujdkhj,12086,62,Female,3,45.611573176604
Gjdwrx,Qhoulob,17656,54,Female,3,46.175657627896
Gjfwohgxg,Ormtahb,13910,19,Other,5,45.436097203729
Gjjpdekyy,Csacxanhy,14334,82,Female,5,62.371121897922
Gjjqha,Ajkks,6938,33,Male,2,50.5223789964721
Gjkfv,Vrcnj,1605,38,Male,3,77.9373185805572
Gjpdtmsr,Qrkn,15581,43,Female,4,59.1491168241973
Gjpegkxp,Afpen,18160,32,Male,1,54.0758351649317
Gjrkkzzjf,Zfqq,6661,20,Male,2,61.75488844921
Gjyblxg,Nwkr,12260,65,Other,2,53.5360185403177
Gkce,Xtaukmd,19523,40,Female,2,61.911673146949
Gkfeeuxss,Rwrm,15593,36,Female,1,68.9007053848594
Gkfvlebx,Saeym,6679,91,Male,5,55.6455637970788
Gkluw,Fwtu,4747,22,Female,1,54.3069617969173
Gkmijtrj,Fqxn,4672,41,Female,5,73.517786602354
Gksp,Noqq,19179,69,Male,5,63.2852469734743
Gktmwk,Fmjtk,6572,97,Male,3,69.6469148647727
Gkufkpeq,Ketk,16235,22,Male,1,48.9730592001207
Gkwulmm,Mbcvkyt,17443,48,Male,5,57.1653998484304
Gkyuqzf,Eqdqiv,1838,91,Female,2,75.728859520465
Gkyyupqx,Jetezjwt,17433,98,Female,2,66.2843954252211
Gkzec,Bkfjaws,18753,59,Male,3,55.9764227931927
Gkzpdl,Dtpjbv,15140,75,Male,2,54.1356336288298
Gkzuby,Ossphrpf,10686,30,Male,5,91.0083672405686
Gldeblfx,Xstnvko,6755,26,Female,3,61.4165806061978
Glfdvt,Mucfsxu,7887,68,Male,1,42.6484158850601
Glgcyi,Pvoe,7505,18,Female,3,47.8144145145953
Gliizz,Ysip,7659,43,Male,2,59.6472849130966
Gljkhl,Pxfpirric,7184,57,Female,5,60.2577493638237
Gllwolgn,Xipfdcaom,19749,91,Female,2,62.6628542616651
Glnnkxak,Uvud,6397,89,Female,5,71.1569470605546
Glqno,Atnvbzstb,8668,38,Male,2,42.1477114411795
Glrohqqy,Bzsyn,9106,36,Male,2,39.3873493579247
Glwkaj,Lpvwkwkd,10141,86,Female,5,67.6764930712791
Glxhxlb,Jfyjwmj,1260,31,Female,3,60.3807789924203
Glxzgvct,Vowfq,5897,88,Male,3,67.0415877284376
Glyhyar,Vlgj,16585,75,Female,2,55.7001970740486
Gmcd,Wtbikqcf,13609,93,Male,5,59.0219097979048
Gmczwr,Qbafu,4364,36,Male,2,78.1766079823674
Gmdqyaid,Zvzk,5993,28,Female,1,57.5175993578013
Gmfltggxb,Qbizri,6505,75,Female,5,33.9982272282833
Gmgpy,Aipslx,14818,77,Other,3,37.5474824451941
Gmhojhtki,Afebtqd,19187,63,Male,3,50.3864531782606
Gminrmfsw,Vveptuo,16080,59,Female,1,58.9574653388366
Gmjugew,Fzrhzbk,3969,82,Male,1,66.9371355896969
Gmmugp,Qaxmtappk,12107,19,Male,1,46.2940848873051
Gmqrm,Ynbkl,9362,53,Female,1,38.8357207040389
Gmtnuni,Ihvzco,11625,24,Male,3,74.4799145999173
Gmtr,Qwvteqf,19501,55,Female,4,46.6107929927203
Gmvgm,Ytdgggyz,9833,72,Male,1,57.9234255560917
Gmwkeij,Kqqg,18994,54,Female,4,49.7210332179023
Gmxc,Tldlw,15522,96,Male,3,59.7593187437372
Gmyr,Uxbvyq,1913,46,Male,5,71.6495504591434
Gmyvpey,Youwovh,6775,86,Male,1,44.4569139796946
Gmyxn,Xswsi,1956,77,Male,3,54.962768452475
Gnbhdtqm,Xaqq,15963,42,Female,5,77.0661445651499
Gndnr,Cowmm,1706,19,Female,3,50.1012626902039
Gndo,Gbrrthbq,19756,37,Female,2,48.6671408593397
Gnigzc,Yqduanmta,4277,95,Unspecified,4,52.947351787992
Gnnexzb,Wcpltgc,1968,47,Female,1,66.2491014920446
Gnomszz,Wvqw,14470,24,Male,1,73.3784043357388
Gnopfu,Gsqechhvz,18967,42,Female,3,50.2819772695947
Gnruzbobb,Iyal,16094,47,Female,3,74.8885738409734
Gntruo,Wyzoa,4009,66,Female,4,78.4099029554313
Gnyrv,Kezzxqixa,8493,73,Male,1,59.7224631155499
Gnyxwmpg,Ttfrjzii,13248,79,Unspecified,5,50.7863956162454
Gnzvr,Wgnw,8276,32,Female,1,49.8262982220041
Godxbyknu,Doxt,3976,69,Male,5,60.8807848319423
Gokli,Dbcipjaso,7391,85,Male,3,47.8616378002682
Gomihukg,Umzj,14310,33,Female,4,74.3761748096495
Goobhyz,Phlisexp,4317,69,Other,4,55.9727611599125
Gotsuuca,Olvtqwbx,8748,38,Female,5,56.82963024324
Goun,Kmkydimzk,10266,28,Female,3,66.9837035398057
Goyqmrx,Docl,7327,58,Female,5,65.3368223060384
Gpbpj,Sloffki,16665,71,Male,4,54.7936794559939
Gpdgyfy,Ssnwnelu,15422,49,Other,5,67.1452743728642
Gpdyh,Pzmmz,17766,56,Male,2,58.6879603497985
Gpfi,Hshpwvntg,16876,40,Male,1,57.0947089678829
Gpfzpwf,Wczn,17354,22,Female,5,66.5585655150964
Gpgrahpxy,Iuxqgslim,16220,86,Male,5,60.697173886677
Gpnijk,Bydap,12056,37,Female,2,56.424035418604
Gpol,Gvgkjas,18956,40,Male,1,65.6123980890577
Gpwpgn,Dklwpglp,15908,97,Unspecified,4,66.281020926652
Gpzbwmy,Embuzjye,16630,26,Male,5,41.4050274509242
Gqbjgfety,Qukklkbcn,17089,19,Male,1,49.8041578678311
Gqhjjldhv,Nzwgiae,7150,93,Male,2,70.0730359588601
Gqij,Txlbe,4730,25,Female,1,74.3950845802117
Gqivgfij,Zkzwxq,10729,78,Male,1,65.9726054358698
Gqjyv,Wfpkf,1517,42,Unspecified,4,66.9443636645675
Gqledova,Ogmacdgwt,15769,98,Female,2,70.5097981017426
Gqlnpq,Kbngqxy,14289,19,Female,5,65.1189540226706
Gqmmlwxwf,Fkttxd,6105,62,Female,1,54.4696337166649
Gqmngiri,Ayffs,2404,65,Female,1,57.9382297947587
Gqnd,Hutww,11624,64,Female,4,61.956499032307
Gqpbzavm,Fgjfri,9452,74,Unspecified,5,51.4958266223688
Gqpkd,Pyqesnxib,8007,62,Male,2,66.7568513070807
Gqpqug,Ahqwb,9119,38,Female,1,52.1776019881256
Gqrfphe,Idxzlchp,3571,62,Female,5,51.4849911876923
Gqsdrffcb,Awpko,13864,59,Female,2,65.7214529530378
Gqsfrrx,Tflvafejv,10739,40,Unspecified,4,54.8461595549403
Gqsizg,Rntjp,12638,47,Female,2,45.9600898021403
Gquubx,Ypumi,1487,96,Other,3,57.1109759900881
Gqvjcgent,Svzno,11798,49,Female,1,32.5765966815035
Gqwpap,Watdz,2836,46,Female,5,66.6357944583453
Gqysmflyw,Lnem,1137,86,Male,5,77.0262712749138
Gqyyrtbqj,Ccvobud,1665,73,Male,5,65.1797247044716
Grix,Qapuzqi,6358,44,Male,1,50.9285784296153
Grktywb,Nhcf,3902,79,Male,4,50.3901317172682
Grmqhy,Dvowkgki,6819,84,Male,1,68.977030182884
Grpjsvat,Ccqj,3698,43,Female,1,74.664098341104
Grpzmko,Kosim,14018,90,Male,4,74.6410332042302
Grrdatrd,Klqevshsl,10922,75,Male,2,69.2297085967543
Grto,Qiuup,5843,25,Male,5,42.2685729734121
Gruktkgz,Wtadfcq,10481,87,Female,3,65.2575865594512
Grxncmewa,Axdbxl,11879,64,Unspecified,4,43.672619245312
Grynkbz,Levw,18298,44,Other,3,60.2071092541945
Grzcbppf,Juictyak,14029,78,Male,4,61.4561419826511
Gsbavq,Wnxnzgw,7758,59,Female,2,75.9509687505759
Gsdnzeosf,Aquv,4624,87,Male,2,66.3479945882266
Gsef,Vhesrpv,9155,18,Unspecified,4,56.3814668325334
Gsfnmdt,Wvolec,1927,79,Female,2,71.008543524211
Gsglwzpq,Ioityod,13529,93,Male,2,71.7414081417618
Gshefkr,Pjptonco,5365,27,Male,2,63.312522188933
Gshgd,Mnsuhmhmv,12759,33,Female,3,54.888162085705
Gsluoh,Rvqn,16350,72,Male,3,61.1355378689678
Gslzan,Suec,3316,86,Male,1,81.3068536520169
Gsnbpskis,Hqizdigmo,15026,80,Unspecified,2,54.1248523110808
Gsnejsd,Dhfixjsrq,14161,30,Male,1,74.4993047911717
Gsnrvilff,Xvyrqete,13521,73,Male,4,72.6677482200675
Gsvdhrm,Yqqdetalh,6965,44,Female,5,41.6338547491818
Gsvf,Hqihi,8165,76,Female,4,64.8460556737608
Gsxlv,Gktejpiwc,13084,28,Female,5,59.2396288761818
Gsype,Iogqeps,5166,67,Male,2,44.8602450975407
Gsywhyq,Rryquzqd,15483,52,Other,5,56.2930545441785
Gtakaco,Enyjhit,16918,41,Male,5,50.4649732203386
Gtbpuvp,Puxv,1110,86,Male,3,43.4161875108843
Gtdqbf,Pvqucvpj,7926,98,Male,2,55.5118496732275
Gtflpmve,Zlnmiovlg,4949,95,Female,4,52.4652601642612
Gthg,Nrynflvw,1891,38,Female,3,58.5382749196901
Gtlbtb,Zfyfkhxym,5422,69,Male,1,45.7907155593392
Gtpdg,Cnxoqc,7766,72,Male,3,48.0197685406228
Gtqt,Pzundoa,12623,35,Female,4,42.6057654339514
Gtwcajrv,Hivvficj,5699,55,Male,2,77.1098733326135
Gtwudi,Bzxykmhi,13157,95,Female,2,69.1110367673298
Guakubh,Vrvkkcgcc,4374,42,Male,1,61.9456629351392
Guaqowlh,Nrea,9217,96,Male,4,69.7072589625861
Gufkw,Nwlq,3789,20,Female,2,53.974226044694
Guhgcs,Pgruj,5646,47,Female,2,47.5849122067845
Guhqu,Urrqmkzul,2842,81,Male,2,79.1978222302433
Gujd,Dpnxis,19900,62,Female,5,87.3497107276792
Gukbhzv,Fdzjosrjz,15972,42,Male,5,61.187127287786
Gukyq,Hhpre,19780,31,Female,4,51.9803134136179
Gulvoa,Noftwht,17519,71,Other,2,50.552508401562
Guroqutt,Unsoaov,8584,70,Female,1,74.4514439813151
Guul,Erdrtyvwn,9568,44,Female,3,52.2363771364768
Guxu,Hdxcjzjtg,8411,21,Male,4,84.4739709009346
Gvahx,Vlqpgmxsf,19087,45,Female,4,64.9811175462367
Gvakputc,Hlbuv,3562,24,Female,1,71.6130012271481
Gvdiwazv,Drns,2743,81,Other,4,78.5617186713183
Gvfxz,Vvugxs,12154,51,Female,2,45.0124490649079
Gviowcmpa,Qkzua,8862,52,Male,2,62.7205146670566
Gviy,Pclmyxcj,6682,86,Male,1,45.0851106097509
Gvjqwr,Eawepe,14251,77,Female,5,39.0284538754803
Gvjygfu,Mhnn,16914,70,Male,4,57.8841867598042
Gvkf,Hooia,1743,66,Male,4,66.1710965882872
Gvnnxri,Xzpllhi,12335,78,Female,2,50.5661041700435
Gvokj,Ieifqss,17184,57,Unspecified,1,83.5777539375956
Gvqhzfow,Vbtdsn,15192,28,Other,3,65.9931851716626
Gvrojirqe,Oxrml,8898,29,Male,1,66.2715955713281
Gvtnbddq,Okgdeo,2716,21,Male,4,55.8823779194042
Gvvg,Ftergvvq,7411,32,Female,1,47.337912902094
Gvxhjb,Oqusxx,9672,52,Female,1,65.4935643668594
Gvzhc,Edemetlu,6301,70,Male,1,44.1460880058724
Gvzovort,Mrmg,13617,90,Other,4,59.1601147059286
Gvzxag,Lvbfkt,7620,26,Male,5,64.5728446781522
Gwbqbsw,Mjysrmhs,15986,54,Male,4,58.8250649528601
Gwcbpvbbb,Uzxiisa,7516,58,Female,3,60.4316792188084
Gwfaqvp,Ghthlsb,18435,40,Male,4,68.472245236923
Gwgx,Gwzgjaw,6978,60,Male,2,72.0559192281419
Gwgx,Tptbrl,18429,50,Male,1,51.2824276559067
Gwhwontu,Cocqf,17761,64,Female,1,66.8109053041674
Gwkae,Bqrbqlh,18943,95,Female,2,71.3450002969277
Gwlm,Otdyitce,6798,54,Male,3,87.584922400849
Gwlzcdn,Qeqc,2938,35,Male,1,58.8325615045824
Gwqw,Hmywhbdg,10057,91,Female,1,73.9235739969902
Gwreyss,Xehjkqy,9885,26,Male,3,59.7363697868365
Gwuijl,Zqdszkbpx,9777,56,Male,1,71.7970317598675
Gwvvn,Kcpdolk,6026,39,Female,3,53.4227950561718
Gxdnzrn,Hova,5879,44,Unspecified,5,32.8380458739519
Gxgze,Tkosvjmez,10539,26,Male,4,48.9705345965307
Gxhufhypz,Igzakqbp,3488,49,Female,2,49.3069195117804
Gxhuzimxf,Pape,1244,70,Female,4,56.4026932554276
Gxinuhqlz,Yqvnt,5323,30,Female,1,58.5797159615346
Gxjoujar,Vzstiibg,9220,57,Female,5,36.6439832595119
Gxlt,Fusyprr,19170,47,Female,4,60.214690141343
Gxmpxy,Vofjsil,5671,98,Male,2,44.9764573088218
Gxqi,Yztad,2776,72,Female,5,71.4225211938718
Gxqmscems,Pgqj,8540,62,Male,5,62.9913783403487
Gxqorimz,Cqfepgw,13513,81,Female,4,64.2172972550433
Gxulgr,Ljxemy,9243,64,Male,2,35.2294202634226
Gxuxcab,Rkcjs,12059,33,Male,5,72.3786371415102
Gxwslihds,Kvzjvavqc,13400,92,Male,1,39.756067390563
Gxxc,Ikdnc,3086,82,Male,1,50.4339619380049
Gxxww,Noxoocsga,14045,20,Male,5,49.6202807330004
Gyepiajn,Vxerd,16270,78,Male,5,70.6292779482397
Gyfvlo,Vjlnxwod,16780,73,Female,4,67.5642598465769
Gygo,Cblotid,4587,66,Female,2,51.9547261669774
Gylitch,Tsmznzbns,14782,52,Male,2,84.7308859754886
Gylu,Pjwanodpq,9082,50,Female,1,75.301411190712
Gymjo,Rljwyxxfq,19490,42,Female,4,40.8909309250466
Gynx,Bivxsa,8807,50,Female,1,52.4190863209893
Gyolbunn,Luidlz,15548,39,Other,2,62.7512018470684
Gyoth,Ziimamz,8754,43,Female,1,64.0579255716968
Gyoykj,Bwphefrgo,15572,44,Female,4,54.8458163728063
Gyqecohkj,Qyahd,15883,45,Female,2,48.1918581503873
Gyrpq,Mytuk,9591,46,Unspecified,5,69.4255217892667
Gyscf,Jdqrw,1121,30,Male,4,61.5735923885064
Gyszhgarf,Tfeisyvca,17252,18,Male,3,60.9397872033513
Gytgwrc,Tyswual,16176,90,Female,5,48.738666687919
Gyulyhgn,Gwkuxdhl,16198,85,Male,3,61.6939308229632
Gyvjrxi,Ljomfbvs,13129,80,Male,4,42.3571644349637
Gywcqxq,Yxmrryda,17036,31,Female,3,47.392312524246
Gywdque,Djhsaunzz,15419,67,Male,3,53.3288031003728
Gyyf,Rrvy,2550,34,Other,4,56.9354847342683
Gyym,Xmei,6239,91,Female,4,55.42868210798
Gzgm,Fxdlrf,19869,27,Female,1,69.0464686900896
Gzgo,Neoidd,7443,98,Other,2,39.3449013356372
Gzgrh,Ibximvqf,14444,75,Female,3,58.1376705446799
Gzhiqf,Lmkp,11144,23,Male,4,57.1971117225744
Gzipuxfvz,Dqctmbep,9714,29,Female,4,57.8205279829879
Gzleyv,Svjsc,13379,37,Unspecified,4,73.7771536947453
Gzobn,Zxpoty,19074,97,Female,3,45.3817506918712
Gzpfnjxtw,Mhlxpiruf,3834,59,Female,4,69.2639526602061
Gzpkhud,Acqje,15194,74,Unspecified,2,62.3663660836423
Gzptraip,Dqkrjcu,2074,42,Male,3,72.8317016388671
Gzstu,Mnrmo,17781,93,Male,3,48.4916739477235
Gztndv,Nyvfya,15039,69,Female,3,56.9992428691434
Gzubqgqmt,Equkwvkbq,15018,69,Female,2,50.0433730847926
Gzwtyd,Cnyeywz,18461,20,Female,3,49.6415460987235
Gzwzxl,Ftiogdpi,15189,97,Female,5,60.5314226933716
Gzyngtqxd,Qiyd,12478,56,Male,5,77.9287666846736
Gzzhhhn,Efhezlg,10484,25,Male,5,74.1755763792483
Haaoc,Gkjelyl,16141,72,Male,4,55.1785718802759
Habdo,Eaubpeuj,16882,61,Male,4,38.402747460336
Habu,Omaywy,14943,47,Male,3,60.3635350051985
Haeoysm,Xamnju,15298,97,Female,1,55.7153352570899
Hafuzc,Nlcwkljdc,4350,47,Male,1,43.6248580150096
Hajazt,Svjalkzkr,11455,34,Female,4,75.0827772417187
Hakhozvn,Dnpvimo,15433,97,Male,1,46.0258203116679
Haoboj,Vtzgh,4612,48,Unspecified,4,71.5608859150523
Haookgtd,Nrmy,5467,83,Female,3,70.4032336277076
Haujsf,Brsyomvp,19124,33,Female,2,59.5440330214772
Haxygsfd,Exzmt,5842,28,Female,2,74.3853187594294
Hayqxy,Ahhlkt,10810,56,Other,4,53.1276538586484
Hbaafnd,Ymaltgb,4231,77,Male,4,83.1685229819574
Hbbhzen,Plswuolmk,8310,36,Other,1,66.3439096790441
Hbcthwchj,Wllta,13971,53,Female,3,75.1471278520688
Hbdett,Qvvvfix,13039,83,Male,4,42.0471916687429
Hbffg,Ueuzh,12137,66,Male,1,69.4055817682347
Hbfzkwufh,Lxymi,11853,81,Unspecified,3,64.6324867441974
Hbjt,Gdagipaqi,14627,85,Male,5,47.0111419487011
Hblun,Actl,7951,73,Male,5,39.2431469810731
Hbmmouo,Orezdnsgs,9863,41,Female,1,50.3900862568741
Hbooacz,Uqdoal,14455,60,Female,1,71.5041859830133
Hbrjvcwu,Njaetzox,12361,73,Male,5,64.0909647406824
Hbsxjphd,Jcqrveicv,16901,98,Female,2,70.8656280913033
Hbzkrs,Pcccjlejy,13618,77,Female,4,63.028889626503
Hbzmpegxw,Wacqfsv,13876,20,Male,5,54.1808668496953
Hbzwvu,Hshfo,4651,73,Male,3,77.3001472935848
Hcfo,Lrnouu,6535,55,Female,5,59.5802755683379
Hcha,Tdyro,15376,26,Male,5,76.5618152880344
Hchnqby,Qyzcfbk,2633,71,Female,2,57.6702314537433
Hckk,Mniuh,12516,45,Other,1,72.503673091659
Hclqb,Emcoj,16379,31,Female,5,50.5256402811025
Hclw,Sflzfjprm,3941,22,Male,1,59.456198607488
Hcmau,Odgdsprua,11176,51,Female,3,57.2537052195053
Hcnpzlms,Kmvpl,10716,22,Male,4,54.8843360996345
Hcoucwm,Ylvbqxdvp,16117,23,Male,4,57.8399870534161
Hcrrz,Lpmbny,7037,96,Male,3,58.5218649362087
Hcutqfq,Nvard,1884,63,Male,3,77.7920553667373
Hdgkdo,Eycji,12334,33,Female,1,41.1514926499674
Hdhdq,Ftkpcna,13489,44,Unspecified,1,63.1706878724323
Hdkul,Ylbow,7607,43,Female,3,56.8056231045719
Hdkvrf,Nbhqzls,4361,51,Male,3,63.2271989477719
Hdkwf,Vmxw,19190,21,Female,3,66.6798198281543
Hdmegjjrx,Mtnklgndx,8624,69,Female,3,45.8666877152433
Hdonsnh,Idxgzna,6145,74,Other,3,50.4624876064627
Hdprrbtdc,Tcnnmcf,9261,44,Female,3,78.5763400788713
Hdsly,Peuodui,2276,68,Male,4,54.2159682672805
Hdwvvzcpa,Rdedsuv,14958,22,Male,4,49.9789778080729
Hdyh,Ngmre,17481,27,Female,1,54.410790148317
Hdzfofqka,Ztkufyg,16556,56,Female,5,49.6976428229697
Hdzlk,Qhaa,16825,75,Female,5,67.1570423013427
Hdzw,Gocmb,4654,22,Female,5,52.276927681841
Heamsob,Khapls,7343,41,Female,3,72.0731904885365
Heemqwmbi,Oxme,19108,27,Other,3,66.0782707151614
Heevj,Mnqfsvj,15125,72,Other,4,84.423760652868
Hehvs,Rznjpoe,12034,66,Female,4,56.6327422411127
Heik,Takffacrh,18606,76,Other,2,67.7361612268236
Heiwm,Esypnw,1376,24,Male,4,41.7809112456879
Heiyqkl,Cujils,5010,58,Male,1,54.8540829091095
Hekjlhos,Srbc,8262,92,Female,4,75.2918624401492
Helolrje,Juaazqbd,11070,92,Other,2,76.3787725240233
Helurcb,Bmiwbl,2225,25,Male,2,74.981823505795
Heqgkuge,Fdxdoe,4637,96,Unspecified,3,44.647365716442
Herpg,Autvxgf,5969,90,Female,2,51.652594248735
Hesfyf,Qgmcwjmo,3762,63,Female,3,75.6470847656299
Hetcpqx,Doxkmtaym,10699,63,Other,3,81.3764375946929
Heuzdob,Ccwszv,15463,87,Other,4,67.4964279906152
Hexplh,Bvtkyo,3977,59,Male,3,54.1895456426196
Heza,Aeustkf,4100,73,Male,1,69.6087544654953
Hezwofzie,Wsfvprw,16550,55,Male,5,59.8989592157349
Hfdqudcl,Gyvxcaolj,7932,43,Female,3,69.2298079007091
Hffpd,Wbleod,2460,74,Male,2,45.4696395221678
Hflhn,Nygbquetk,2300,30,Female,5,68.0367646093854
Hflzcj,Lsfd,19036,89,Female,5,81.0521797267358
Hfmapav,Mqbnwtza,14433,38,Female,3,71.5920145552139
Hfnuah,Hhek,9849,43,Male,4,62.0869040908174
Hfoyuk,Iraafqekk,4117,50,Male,3,50.9210521565358
Hfpn,Mtnzc,6797,26,Male,3,52.4983546736519
Hfqqdiyb,Rsjvxf,19864,74,Female,1,43.0446889428899
Hfrimqkc,Qwmzkqi,3526,24,Male,2,67.098843699073
Hfsc,Nfosuwhg,14766,59,Male,1,79.7820249286344
Hfsvnw,Cmyle,2103,83,Male,4,64.4762404927017
Hfucq,Pgbs,9834,80,Male,5,49.2339063374062
Hfvogvmj,Vymz,7334,76,Female,1,53.588440117085
Hfvyie,Eadaf,1050,60,Male,1,60.9513591061818
Hfxaieizd,Otpggjmx,3684,39,Male,4,69.0782179138916
Hfzaeas,Mabd,9095,65,Unspecified,3,48.1454372786042
Hgbucul,Tazinxg,18686,65,Male,4,70.0794306855331
Hgdml,Mxvn,19172,32,Male,3,54.7332216362113
Hgghmvp,Rtnkbo,13923,82,Male,5,66.2532173971184
Hgisygap,Ftkpdt,11782,22,Female,3,53.8225893854848
Hgjqytt,Febzgj,7785,26,Other,5,72.6679925364376
Hglgy,Jltrgxxt,5368,96,Male,2,49.3189318414205
Hgmkb,Zdhzr,10632,37,Other,2,67.3685776674544
Hgndebmti,Xdfl,16365,77,Male,3,49.1709323292857
Hgntcj,Jngfupasg,13801,50,Female,4,71.229194366428
Hgpwmqj,Hthyfkwxj,19040,85,Male,5,55.5401921048759
Hgqkp,Xyay,13941,94,Male,3,53.6635186038891
Hgruqzau,Eprtu,15971,71,Female,5,65.3612188979054
Hgtijs,Agkolv,3915,64,Female,4,80.0656162641643
Hgujnbgi,Ndicad,19513,36,Male,3,61.6274500642948
Hguqfbtzo,Kusha,6148,53,Male,4,96.2562018504618
Hgvkxxsy,Ngho,13311,51,Female,5,51.210328682083
Hgymqhg,Hiqrvvvek,13007,27,Female,4,87.2106427582395
Hgyswql,Vlpp,11104,23,Male,5,52.2704772649456
Hgzkcx,Kavv,8232,57,Female,5,73.9587516253315
Hgzm,Adcmccyja,13052,96,Female,2,68.6938669159512
Hgzo,Vhyg,1511,64,Male,2,53.0724734045145
Hhdqbe,Qivlz,6521,85,Male,3,43.7320323657298
Hhdsejy,Iskvf,6574,22,Other,4,35.3544259991225
Hheqjh,Wellz,16413,19,Female,4,61.8635269551158
Hhfha,Hozrga,1362,84,Male,2,83.3172672436804
Hhjtsw,Wslcwcpg,3211,19,Male,3,54.3468994290391
Hhtskmek,Xkql,12900,97,Female,3,61.7751613183698
Hhzgcs,Laeax,2195,42,Male,1,68.8843393976805
Hhzwhcwt,Wwvzci,13692,91,Male,4,27.2717614972584
Hibvoup,Ncmrgx,5692,26,Male,1,53.8354942675936
Hiddwofqq,Slviyeyxx,16336,76,Female,3,59.7135955342673
Hidiztt,Ftxtjuxp,18977,27,Unspecified,3,43.5117358744406
Hieb,Silbx,4048,60,Male,4,41.4136950278368
Hieyva,Zdfzfdpv,6401,19,Other,1,53.2135350813416
Hiffbxo,Yppz,19377,91,Male,3,58.66983938815
Highsa,Hlgjsozn,10839,69,Female,3,49.4475806177186
Hihbletpw,Nymt,1628,19,Other,4,45.4150952886434
Hiiecz,Wqpjoe,9417,86,Male,5,53.9913185543877
Hilb,Lnib,8941,90,Male,3,74.0031509439558
Hilboglkw,Uxzx,11764,64,Female,3,63.179593179502
Hiocuw,Ifxar,2598,48,Male,5,52.060519715899
Hioeq,Htfvyw,10053,21,Female,4,77.0465296352353
Hioou,Ssartukeh,11115,26,Male,3,58.6198922762076
Hisdwtx,Ioevtf,15979,81,Male,5,59.4432960851412
Hivr,Bqgmrgqw,12081,91,Female,3,52.2889250008785
Hiwuh,Bfjphh,8933,84,Female,1,70.5496562280419
Hjap,Fkbdnbcm,9732,88,Female,4,66.3971010214299
Hjcseclw,Lszac,16494,90,Female,2,49.2952529308026
Hjdphuz,Wwisveh,16518,23,Female,3,40.7702237684232
Hjfnfmped,Tfkonvkjh,3733,56,Other,2,45.7714071266618
Hjhyxgbu,Vrhjb,9213,76,Female,1,62.7037309319654
Hjivbz,Dvgtei,19000,92,Male,5,35.9054669881305
Hjkesbfpo,Vabg,7877,36,Other,3,60.4949401215783
Hjllpv,Fzki,4894,55,Male,1,73.8403711415431
Hjluz,Bbuyqtbh,18811,35,Female,5,58.1090812883
Hjnthh,Srezrnfoj,13304,37,Female,3,34.8417042717701
Hjoq,Bxsidnclu,3647,85,Male,3,70.700121314718
Hjxsocw,Uteqrkkk,14844,97,Female,5,50.4633600248851
Hkck,Gmhbzpn,14477,45,Other,4,66.1534814856224
Hkcyw,Jsxxbqquf,5741,90,Female,3,46.3668673379609
Hkfraf,Dewjogih,9140,42,Male,1,72.4247738563106
Hkot,Emlfrwhn,16896,21,Female,1,67.5650559498965
Hkpy,Gyce,13769,53,Other,3,55.7706173450253
Hktrkvq,Vkupbo,10746,28,Male,1,26.7263597497004
Hkvaojysk,Yddns,12272,77,Other,5,66.9949321961617
Hkvgteg,Zuirsw,10040,35,Male,4,54.037473342599
Hlasqfu,Bgwes,11030,61,Male,3,69.7317827203304
Hlbbppvo,Uimxjwds,17486,20,Female,2,34.894138082352
Hldmfk,Tsnaljf,3363,68,Female,2,74.1127802738778
Hlhdujw,Lpjgysan,7487,44,Female,1,38.4175519546524
Hlkn,Lmxiojkzx,19210,41,Female,1,64.7405400272164
Hllusuu,Muycgbrk,15578,80,Female,3,87.5458897200489
Hlnlkab,Ymqqga,16620,20,Female,3,49.8025355229689
Hlnvw,Suwqtpcog,16069,71,Male,2,46.1950969362971
Hlwfuaemo,Brgaegz,6302,28,Male,3,58.720746771114
Hlzx,Pljme,18548,48,Male,2,66.5605113506017
Hmetjfceq,Zqhqrv,15172,24,Male,1,63.3167368873221
Hmftgw,Syzjeinbi,17377,45,Female,2,71.2904472613516
Hmhc,Tmep,8501,52,Male,3,70.5946705784497
Hmji,Tucqj,17425,27,Female,1,66.1626565869824
Hmjskexl,Kihtu,4273,33,Male,2,58.944449794617
Hmpv,Cfzsvqcz,4457,89,Female,4,74.8445237147776
Hmqlwj,Jfpvv,17174,22,Other,1,54.3085406556867
Hmqv,Rtvbyrqu,11595,91,Male,5,78.8767370587124
Hmzhnjdne,Lummfbsyg,2387,76,Male,4,62.7766455304809
Hmzxmn,Cutzq,8004,25,Male,5,73.7983533731797
Hnegkx,Vkowrn,2213,65,Female,3,65.9589295672664
Hnheexmd,Mzwgnkce,3896,30,Male,1,49.7919325650845
Hninvgljb,Cmrw,10140,25,Unspecified,4,51.2183693245491
Hnkuortd,Xdlyj,3636,23,Female,1,56.4987024045543
Hnmdkvd,Gihzn,7354,81,Female,1,49.8745921951149
Hnnc,Bechyam,7007,55,Female,3,58.8612350579706
Hnpemcrnn,Muvwyz,12843,78,Female,3,67.608169623563
Hnpwtdxd,Rsulna,9767,19,Female,3,56.8656087940764
Hnrd,Dkfet,9308,89,Female,5,38.3409230462859
Hnrqo,Vswmjxwvi,6399,52,Male,2,75.650872361082
Hnseb,Jgvftpymb,10504,70,Female,5,29.5232632794207
Hnsspobnt,Nhzfyzq,9151,57,Male,3,54.8663652941711
Hntabzw,Kinhk,14712,48,Female,3,43.8773735582685
Hnuuuog,Apwmrq,19740,74,Male,1,63.6296009941342
Hnxtc,Zswgqhyje,11286,26,Male,1,81.4607281652199
Hnzbjyvx,Felvfu,2302,85,Unspecified,3,38.3041819844574
Hoahb,Kurqdfz,3516,43,Male,3,57.9686285751829
Hocznohv,Abbvgktpp,10531,58,Female,2,68.4742923635318
Hoertjuc,Esilwgnh,12901,77,Male,5,46.7651563145208
Hofeidhx,Twifa,15261,56,Female,4,75.2966705739257
Hohenswt,Ikor,1180,71,Female,1,68.4858921223757
Hoisjz,Rrfbze,4305,65,Female,4,45.2113941455686
Hoiwoa,Phrmfr,18505,32,Female,1,78.4694398629427
Hojoalj,Ndlew,16608,86,Female,2,52.1815057656377
Hokab,Mxtnahr,2470,96,Female,3,66.2579795034632
Hokxmonbx,Bpokts,4833,91,Female,2,47.1267255052908
Honxh,Trsaj,17504,82,Male,5,66.1609875995152
Hoqdkm,Iqof,12120,77,Female,5,70.8485823467383
Hoqfnuyk,Wijhgd,15379,89,Male,4,48.8916787300464
Hoqk,Aqpazbs,9022,44,Male,2,56.9931217485614
Hoqn,Tubnsnk,17156,97,Male,2,62.780064740308
Hotkfy,Txoms,18105,21,Male,1,68.1961903813443
Hotnsittv,Nnisjf,17476,49,Female,5,72.6663722577938
Hoxufhep,Yaxmg,6042,52,Female,3,62.7382685706007
Hoxyl,Cqlawrlv,12645,45,Female,1,62.4798687994631
Hoylf,Lvdkgnsl,8080,20,Male,4,55.5437394291476
Hpag,Abdxlxxi,8342,88,Male,4,61.3473352530554
Hpapk,Kgtvvbf,2258,60,Female,2,54.4987324585415
Hpdlwyn,Yzwbmkye,13975,35,Male,1,72.2580680168172
Hpef,Eqoxnw,7691,87,Male,4,79.4968430999425
Hpetypkvh,Lxekp,11438,18,Female,5,69.2926905357685
Hpfyce,Fxvuh,5114,64,Female,2,84.1619817873385
Hpgzurold,Qmtp,13087,84,Male,4,36.0349632779874
Hpotieni,Falc,14353,28,Male,5,81.8214612737587
Hpov,Fogjmwcgn,13734,87,Female,2,49.5630906219467
Hprun,Ihfpai,15288,85,Female,1,48.1843046928417
Hpsnplhl,Rfpathdqh,10391,41,Male,2,65.5687656098665
Hpsxhgzh,Quazubjd,17974,96,Female,2,51.1898000588074
Hqcgcl,Kntvy,3344,28,Unspecified,2,45.5035426398502
Hqcsez,Yyon,12198,28,Female,2,61.4583850568723
Hqdfrxquy,Mnph,17997,25,Female,1,50.7346136848615
Hqdrifx,Rbchwd,14612,27,Male,2,52.3615609442607
Hqdw,Belsm,16662,70,Female,2,45.8228899403053
Hqgdxuejn,Lrnxeike,12611,83,Female,1,40.8119491988135
Hqhbznnaj,Tfra,12066,93,Male,2,43.5938430602419
Hqixtxzsc,Nygcxoswz,18423,22,Other,3,45.5204512685977
Hqiz,Qymewaofr,17898,85,Female,5,58.9304241345108
Hqjm,Mivagfw,9154,88,Male,2,57.1499837733391
Hqkcz,Kefknid,10122,86,Unspecified,5,48.4423188596435
Hqmmua,Dbzyzsoy,17209,52,Unspecified,3,68.8700793968369
Hquuzkx,Xdugijqi,16915,56,Male,4,44.3207909955656
Hquxjfbes,Pcpdhyoc,19556,56,Female,5,59.1812900572761
Hqvcyzm,Yumfxb,15110,23,Male,5,65.0416714041525
Hqvzn,Sjagopuqe,9458,82,Female,1,85.1106964957638
Hqxdkeil,Uywfup,9645,82,Female,4,43.6632323145037
Hqzzliabz,Cslqnjjbx,6116,93,Male,1,63.7216423056363
Hrcgeadf,Hlhrli,10263,85,Male,5,61.0804824709342
Hrcxxe,Bthelobt,7307,48,Male,1,35.0690829143741
Hrfjgdr,Zoetrdl,15242,35,Male,2,56.1278812923534
Hrhglzln,Jefzmfp,7941,51,Female,2,52.4432728471599
Hrkrzaos,Zyudy,16692,26,Female,4,60.2626081338735
Hrloxgxyf,Ztmefn,16538,57,Female,3,28.7974647401671
Hrpy,Ckplcwdc,7345,26,Male,5,76.6355071175355
Hrsxi,Urcpajtpc,9685,93,Male,5,62.9997356989665
Hrund,Zbzxah,10639,39,Male,4,58.4030454113734
Hrxjisz,Mtacuxey,8982,64,Male,1,60.3645081428816
Hrynpmrpj,Wvexcfkd,3062,57,Unspecified,2,50.7820384564938
Hryor,Hjzlcw,19879,77,Female,4,53.5409412628863
Hryvkl,Eqnikdt,15528,85,Male,4,52.5596032284365
Hrzaaxyu,Mnpwqml,11112,31,Female,4,52.5898816026341
Hsagmpprx,Nazbrzye,18181,48,Female,4,51.2394809145736
Hsaw,Mkmao,1105,65,Female,1,81.5852738760881
Hscel,Rozeu,6034,91,Female,5,59.7197151104115
Hsdjacebg,Osam,9988,60,Female,5,68.7866427287592
Hseomzxfq,Vwvhz,13735,26,Other,2,68.9745984290402
Hseyew,Gphw,1602,91,Other,5,81.998296981605
Hsgteira,Rsdaxzyw,4857,96,Male,1,72.2436738509729
Hsijwl,Emnopczc,8468,70,Female,3,50.027488428044
Hsjcwsiua,Dwpihp,6281,24,Male,3,54.4459704178563
Hskvd,Keocl,1475,96,Male,4,66.6172802523248
Hslm,Ryzzvs,15512,40,Female,1,67.4335280102728
Hsmg,Wqhywrxom,19778,80,Female,3,69.7130693551789
Hsmwwzacf,Yvigvk,19260,74,Male,1,80.6872981563655
Hsniq,Kztkdgy,17014,31,Female,4,53.7957071284074
Hsocspsa,Bqnzi,1529,21,Male,2,40.33160411124
Hsohl,Kldlvl,15628,40,Female,3,44.4469571248577
Hsqnerd,Smtggr,7943,77,Male,2,66.5134076677641
Hstgoxp,Fxhnq,16941,82,Male,3,50.5475179437311
Hstgvn,Zwpw,3884,58,Female,2,55.5570572703441
Hswjar,Grhuoipi,17397,67,Male,2,61.7925163891928
Hsygw,Otaplsuv,19551,88,Male,2,61.8019507553012
Hsza,Ejqgan,14944,76,Male,5,74.8845333299803
Htdyioicf,Ryaxffs,5516,35,Male,2,42.7349389475382
Htet,Gxdu,3294,96,Female,5,42.8734562099046
Htgbliep,Fmpp,19953,35,Female,4,54.7048800945093
Htgbm,Sczytmvfv,16838,85,Female,4,60.9606534606593
Hthju,Qlngvewot,7077,89,Female,5,72.264720796313
Hthtlv,Wogokm,15218,83,Unspecified,4,48.5137469104036
Htjotbzh,Uuyllfth,19308,50,Male,2,59.0053071644908
Htledvjc,Bipcwdtfo,1123,42,Female,1,61.7610060177444
Htllbr,Pooipeee,6733,76,Male,4,46.8176932075357
Htmlvt,Kdhgk,13106,75,Female,5,82.7355275367017
Htnsyrdip,Hzopuno,19964,67,Male,3,73.0634255634634
Htqeffzo,Topq,10962,84,Female,3,33.8556239570207
Htrsdosgm,Yusygyd,9439,36,Female,5,48.907068948891
Htruf,Jottsd,18465,56,Female,2,35.5127572095103
Htssn,Kllni,4603,66,Female,4,66.281689021588
Httu,Fgdcvck,5201,78,Male,4,55.0510877505512
Htuscgos,Zzaykikk,15217,39,Female,2,38.9809609503657
Htwrde,Mfdrh,17043,65,Female,5,49.4847551481046
Htxnupecc,Toif,17851,54,Female,3,57.8138075857879
Htxs,Ctizusojz,4193,48,Female,1,69.9118286391434
Htzg,Fumbjynjj,10123,58,Female,5,49.4933658377862
Hubnnv,Trnqve,14095,61,Male,3,54.8459595936167
Hucad,Vyzvg,19148,33,Other,1,79.1045984555321
Huczuqqp,Ntvdx,13908,41,Female,4,46.1563888728624
Hudjcq,Afaltpkb,1704,65,Female,3,70.1077203329778
Hudxbvn,Qgljnrob,5355,22,Female,3,69.8417342569231
Huiuw,Dttzuywau,6766,48,Male,4,47.6012312960276
Hulu,Nccs,1006,33,Female,3,39.9696937883657
Hupz,Dftnfghn,2974,57,Male,1,68.9028632865688
Huqdwxscx,Lwxpr,13940,71,Male,4,53.6337837935685
Huscnt,Amabrsw,2897,62,Unspecified,4,65.4828183158774
Hushty,Azxxmrkx,3989,37,Female,4,73.1515425023426
Husqwpvib,Rxwzgtc,13888,86,Female,4,74.5807669368118
Huttmrocu,Xtnjopgwv,6006,87,Male,1,72.3015350402053
Huvp,Aqmlx,2798,25,Female,4,61.2506454333893
Huwpsqe,Ygwmf,4973,92,Unspecified,1,66.7438629186332
Huzcbjpt,Dohty,6585,70,Male,5,77.4447122784757
Hvchmoyv,Sozmliv,18266,93,Male,1,44.733385905671
Hvdrqrofb,Nknhyhpz,13783,60,Male,2,47.6318696321139
Hvgnajnu,Pfoi,7660,33,Male,3,59.2078451251057
Hvipkm,Sxwbvszb,2145,38,Male,5,80.1217860715783
Hvja,Pkvjbnox,18451,92,Male,3,55.170844491566
Hvkd,Lcqnzt,8789,23,Other,3,57.9788224455573
Hvpn,Vbws,19100,85,Female,1,70.5652990458941
Hvveggsjf,Jknn,10193,28,Female,4,45.2525455450239
Hvvysnv,Uiztnpwc,13220,24,Other,3,72.8986455394233
Hvyulydxa,Kugl,7409,37,Female,4,61.8968949382196
Hwgvcyjx,Sdts,13089,31,Male,5,42.5242618210561
Hwgwus,Dybhap,17746,47,Male,5,64.7641764128459
Hwip,Yjhwd,5269,54,Male,3,61.4987257057615
Hwkxg,Tvzcokr,5760,31,Female,4,60.4098275822412
Hwlbi,Pvmbrsecd,6796,68,Female,4,86.1651852728193
Hwrhcuz,Jpgd,2200,63,Male,2,46.4427612594322
Hwsvffw,Ehjqfy,17783,71,Unspecified,2,46.235213688959
Hwvo,Amizhgi,13636,90,Male,4,54.3091251769894
Hwvzeomn,Hphi,13361,64,Female,1,64.7611772675846
Hwwqiffv,Rtvnipmhk,13010,37,Male,4,74.3394383342875
Hwxgikw,Wtnvbrzm,19597,68,Male,4,74.8950091596114
Hwybaz,Xejxibvm,12003,23,Male,5,64.1152547205402
Hwysbjlsg,Ogqez,14115,81,Unspecified,5,47.0786396483649
Hxatsghfa,Bukbbpufd,7717,65,Other,5,47.8714468429779
Hxck,Esxwtp,4175,80,Other,1,39.5456125443407
Hxdfx,Uhbbcykrt,13406,56,Female,2,63.8085668774187
Hxgmde,Zufa,8567,42,Male,2,64.5715544811818
Hxlufcceo,Sxaq,12277,64,Male,4,58.9806782110011
Hxmjskey,Kxorehq,15310,41,Male,2,44.1160758666694
Hxmlvmpx,Hkvqk,6306,20,Female,1,47.9118822012543
Hxnr,Rprlan,8818,32,Other,3,27.4087673625408
Hxnsvv,Udnrb,15195,22,Male,5,70.6616398918115
Hxqwnuqr,Tpimziixr,5034,74,Other,1,59.0416330418902
Hxrtosq,Ezryjwrx,18081,81,Female,5,60.4536991868995
Hxryen,Voaje,17206,56,Female,2,60.5775270773204
Hxutscg,Jhoiieay,3023,92,Female,2,53.4027820140447
Hxvjiqn,Jftjx,5828,40,Male,4,60.8692400487964
Hxzevj,Fuwyte,11677,28,Male,5,75.3289059727819
Hyamhu,Eiidlbsdc,11167,28,Other,3,58.3051904914946
Hybgwzdg,Wvxls,8762,93,Male,5,61.8945048466742
Hydh,Mgmetqt,6622,57,Male,1,61.7655567193364
Hydz,Fknbh,3119,39,Female,5,73.6942770905905
Hyedq,Pdmauu,19976,70,Male,2,51.9510518575447
Hygold,Jgirffgj,18969,69,Male,5,58.1187406678974
Hyhmemej,Lvzaniktz,13647,28,Other,3,19.6253354049625
Hyiddxot,Czufn,6240,24,Male,4,62.7431937094192
Hyjer,Edylt,6746,60,Female,4,73.8031056181667
Hymjqbr,Wwvhr,15358,69,Female,2,64.9504607765195
Hymlp,Hzyzrgig,18190,62,Female,1,36.209953581195
Hynxjq,Yucjr,16851,69,Female,4,49.3258395108152
Hypwia,Mkhapzz,10354,92,Male,2,68.9031602775471
Hyrb,Egtdttk,3912,97,Male,5,67.3412190998542
Hyrgbf,Bbkirsc,6096,86,Male,5,55.282707286791
Hyrji,Iigjmrk,17055,52,Unspecified,2,68.7518153647393
Hyuckjhi,Uilo,6800,33,Female,1,60.6609043836892
Hyuisww,Kwkbzhur,3177,65,Male,1,40.682928585867
Hyybu,Ajvk,15871,66,Female,4,40.0954142625265
Hzcyuikbl,Iykot,2837,50,Female,5,56.1839680367616
Hzdy,Tcwyzp,7489,97,Male,5,71.7337609374543
Hzemiyu,Adbnkl,12675,21,Male,2,72.8418414072923
Hziykyiod,Xayigxzrj,3128,90,Female,2,47.1559384417933
Hzme,Hqfqposem,5053,35,Male,4,64.782526887468
Hzmlsl,Ccja,17609,63,Female,1,68.7484272887741
Hzquum,Ikgaskul,13455,36,Male,4,58.2082473294745
Hzshcb,Rikhd,11258,93,Male,1,70.3292371192516
Hzszbjbif,Dikfekhno,11168,62,Male,1,73.3365496518392
Hztuxp,Vygfuir,2737,52,Male,1,66.9708369973286
Hzupro,Kvvzw,15744,42,Male,1,41.7352200976116
Hzxlz,Rwkrlakz,2254,33,Female,5,72.4512968961577
Hzzgeg,Qneks,19075,90,Male,4,72.2341060841154
Iabbeae,Ngrlmwmf,6831,72,Male,5,60.3598346765466
Iagb,Jeqntlo,1878,92,Male,1,46.5024345589824
Iamfwqwkj,Aihk,7666,22,Female,5,79.1767174435192
Ianro,Llankoj,19114,29,Male,5,56.6908909220212
Iarmwtgbe,Lctlni,16639,59,Other,4,71.920452181679
Iatsxojiz,Axrdagep,4460,32,Female,3,56.2242310861229
Iavdsasc,Woiopddlz,13802,87,Female,4,65.2704100433802
Iaxfjud,Ybohcq,14041,35,Female,4,50.047929041617
Iaypyswd,Yjrnzh,6361,44,Female,2,66.2775489566989
Ibcpkahr,Bjywsntc,11874,42,Female,5,71.9708890331619
Ibcqc,Bfatu,16767,92,Female,1,61.3206658680111
Ibdlql,Dwfrkwv,12824,22,Male,5,74.8614768022384
Ibdq,Lqkmf,5298,93,Male,3,59.0754414840024
Ibfkhxca,Mpkhl,4130,32,Female,2,66.6581617610388
Ibhbcgbg,Ysvoyg,19857,28,Other,2,82.166832540031
Ibjdixaa,Wihdr,16812,24,Male,3,67.0489311947987
Ibpv,Bywcjebzt,5855,40,Male,3,64.6496216238151
Ibqzaark,Ckeyzupf,10789,28,Unspecified,3,54.1281595670949
Ibriv,Pswxozgf,18897,41,Other,3,77.8791791389151
Ibrtgpb,Zayxolz,19542,48,Female,3,42.0194611910006
Ibtven,Giik,12373,56,Female,5,56.0907374653969
Ibvqi,Nkzfk,10201,81,Female,5,56.2270229223274
Icaxiam,Bvpozh,18402,18,Male,4,85.9905934771805
Icaxl,Dayn,11055,66,Female,4,46.4043834130309
Icbtysq,Eihyveeya,10098,46,Male,4,43.3883718484968
Iccgy,Ulaerebkj,9287,43,Female,1,64.0407563158218
Icck,Cukc,17348,40,Female,1,48.0727393782381
Icghbqwjf,Wogdqfc,7166,37,Female,1,43.8546282437461
Ichknmd,Famgkeyku,8757,83,Female,5,61.493075361809
Ichv,Qiyzbsid,7522,53,Male,1,48.2156212021012
Ichvvt,Ugjabq,6045,33,Female,3,58.8374720466987
Icidz,Ixxmign,10577,63,Female,4,53.803971042327
Icljsi,Tnyvss,1600,23,Male,4,63.356371343137
Icmc,Vpkws,8703,70,Female,4,55.1344565985526
Icmwgqrvt,Tnxymdu,7890,93,Other,4,54.113821674356
Icovepzv,Reifj,6564,84,Female,5,44.8291185317319
Icpafs,Ngxmqzb,17360,54,Male,1,72.5844102797784
Icpj,Jrrdi,9794,44,Male,2,60.7946399152161
Icpl,Zutndux,2231,74,Male,1,32.2717870027297
Icrh,Pqrzjtmv,4562,64,Female,1,58.3532298648831
Icuxaqko,Jxcn,5185,25,Female,3,52.3940031730665
Icwfzdj,Hurzl,6423,82,Male,2,37.6357724044431
Icxwfs,Qxjn,1157,31,Female,1,82.0899200393005
Icyh,Bakidfwh,3889,58,Other,1,66.2012122710636
Iczlma,Cffyhntyh,11303,63,Male,2,43.6766422885745
Idck,Tmox,6837,90,Female,1,65.3814179669364
Idcn,Idtq,10855,63,Unspecified,4,70.6911192943633
Idcx,Qdcy,5251,51,Other,5,41.868394505747
Idemfvw,Xnjj,16997,90,Female,3,47.9590783571751
Idfy,Mhvbkfeaj,13343,54,Female,5,51.4221034958911
Idlx,Ucmlh,17237,76,Male,5,63.9537249111668
Idndgggu,Nvppaei,11901,84,Female,4,48.8490491349485
Idnnapo,Oqeqqjn,16260,54,Male,4,68.1367028462137
Idqmc,Rcwxhqw,2396,50,Female,4,64.3262711155261
Idrigt,Nesdw,14478,55,Male,4,65.0845422331249
Iduzv,Jhpvehifz,6171,26,Female,1,52.5298228561172
Idwxfdyme,Piuyvmwpd,13912,71,Male,1,79.1682989950132
Idxthzmfa,Htkrt,18241,52,Female,3,55.9281387561815
Iecp,Tqzmyzs,1125,80,Female,3,31.1755689841915
Ieefnvmxa,Nluyq,4239,80,Female,3,55.5983639820556
Ieff,Ckgwdt,3586,96,Female,3,61.1266444107756
Iehloqlg,Sndxk,10942,93,Unspecified,4,64.2419207278153
Iekkszz,Sjgqesgyx,15549,83,Female,5,67.8275863934156
Iekquqlu,Rciye,12730,18,Female,5,64.3960008922488
Ielweml,Ycyxd,9522,86,Other,1,71.7223451070163
Iemtpwsj,Styh,6892,48,Female,4,77.4850917552799
Ienao,Dccpkpq,2135,44,Female,1,66.220144429399
Ieowvnwoa,Oistdzlu,5814,45,Other,3,62.1440936552528
Iepmd,Vprbh,17689,20,Female,3,74.0781154013045
Ietw,Wgejkmr,8863,23,Female,1,63.1366264157974
Ieusn,Ktlu,14043,19,Unspecified,1,59.2846860549385
Ievxhwxjk,Gbedcsnh,13241,79,Male,2,62.8528821660526
Ieyrud,Hbnaztxmy,2988,29,Female,3,57.7843053204193
Iezfy,Cgjsqf,17955,25,Male,4,61.0731011216952
Iezqt,Rjgovc,14438,67,Male,1,63.7679036478964
Ifbwsk,Lospi,4070,22,Female,3,65.8688020774041
Ifejjmm,Wynge,18723,48,Male,2,70.4010523974686
Ifkpbnt,Iiqospioc,11227,53,Male,4,59.5376560395049
Ifktwdhk,Kowezaz,16916,37,Male,2,66.9500009810409
Iflcammuu,Diafkn,13425,98,Female,4,82.7281927195862
Iflgfmkh,Nosrm,2240,29,Female,4,99.0214554439348
Ifpf,Aupt,18504,33,Female,4,71.3428707430071
Ifsexeh,Leepa,12493,36,Male,3,44.9496396972187
Ifuezsxas,Dztfexqta,5303,52,Male,3,85.385603451595
Ifycrpdv,Dksyzpc,1002,72,Female,4,57.5234174878641
Ifzgul,Ktyqb,2067,26,Female,4,40.5375293477139
Igafnx,Pzspvclvl,7770,92,Female,3,64.9386607776466
Igbr,Uresf,8658,39,Male,2,53.4903148570742
Igbrww,Rxdjjjdb,18679,69,Female,4,32.0235019630927
Igcbcpcad,Cjkpjpv,17965,97,Female,3,64.91413213719
Igdplp,Yqdynm,1797,33,Female,1,47.0322569707435
Igetoi,Ihstdr,19314,93,Female,3,79.5792160034304
Igfudmus,Lfqieubd,16541,73,Female,4,56.4654530957612
Ignuvn,Lxdvbgyb,5784,56,Female,1,64.3421038053424
Igogz,Bzxfqgjut,6181,46,Female,2,72.8632307254159
Igpjzxlx,Frscuqrxo,5782,69,Female,2,62.7274190028063
Igpoyc,Gcakozanp,12769,70,Male,4,55.2975412315278
Igqbdw,Ztjzacf,5440,34,Other,4,49.1435848406096
Igutnryjf,Qdpa,2249,39,Female,2,69.2524597706275
Igycrgxdo,Mycm,10665,19,Female,4,74.7149965570606
Igzlnor,Jcyzbwhb,14554,74,Male,3,62.0386294934524
Ihbbbjxey,Ylbv,6369,95,Male,2,61.2003928317035
Ihcydvndy,Yjuzpg,12284,58,Male,3,71.5783008637965
Ihjaz,Efrjixy,12481,27,Male,3,59.2706761722862
Ihkt,Ktnukrq,8223,22,Female,4,43.3906331075427
Ihlizisft,Jkyk,5040,79,Male,1,45.8627141802209
Ihlxq,Qqith,3217,25,Female,3,80.2196237303098
Ihnfqdcy,Eulj,2585,90,Male,4,62.2026855571654
Ihnun,Sujbzqsqz,15502,97,Female,2,78.8709595251096
Ihpn,Mbfz,12112,72,Female,3,91.0390466087843
Ihqnwqvg,Nxhrnw,1521,89,Female,4,59.9643852779238
Ihsou,Eflxgfmx,14909,71,Male,3,57.84574458661
Ihxnibz,Dkjdpbdjt,8552,48,Male,4,59.3948805603542
Iibz,Zqzinsxms,19166,46,Male,1,59.7552508079673
Iigjjvjdq,Xlerxkg,9985,50,Female,2,43.846134621238
Iiibitkv,Efakro,13163,97,Female,3,49.609843665361
Iimezsaiz,Vncf,12415,32,Female,2,55.4779545506321
Iinkyy,Hgazg,17392,36,Female,2,49.3835299911318
Iintte,Jpmalwr,11750,71,Female,5,62.4248376753284
Iinyqv,Xkwvcm,12133,93,Other,3,62.8334448940068
Iipwurj,Wacpuzwno,1598,26,Female,3,60.3980259298127
Iiqvwcfy,Zqpycpv,12695,97,Female,4,64.634154558304
Iivhjorif,Icptacsed,6429,64,Female,4,51.6147469429796
Iiycovofe,Gcncaqsrg,9337,42,Other,5,59.1669920274272
Ijbjau,Cggps,13477,96,Female,4,59.7079871664462
Ijcahzcuj,Vzceznrt,1324,33,Female,2,64.5006298339267
Ijcpz,Uqsjjoway,19701,23,Female,4,69.8852902390011
Ijdcen,Vjqw,5061,33,Male,3,78.7700583978044
Ijejm,Gcdrlbhu,18287,89,Male,1,50.4776496063957
Ijhz,Zucvsmz,9344,44,Male,3,83.2844209234059
Ijkgmlc,Rzyjfdobq,4204,83,Other,4,58.2365798591705
Ijodmrk,Esng,9930,91,Female,4,58.8933127795794
Ijpchf,Ytixmumx,12456,28,Female,4,90.997122300396
Ijqf,Padbzmvn,10684,79,Male,2,61.0800117847774
Ijrkgpxm,Oqmhadql,17512,28,Female,2,67.4071567590204
Ijsodck,Qxvet,5124,73,Other,3,42.6862150527295
Ijtfjuy,Bgmv,15425,72,Male,5,59.0353407609597
Ijtkcv,Bndicg,8591,79,Female,2,64.8169525538818
Ijuyb,Vuahq,8494,41,Female,5,54.7693142793083
Ijve,Obyduwbpf,5460,73,Female,1,53.3276373690667
Ijvy,Jjinto,8045,22,Male,1,55.6101049108637
Ijzkn,Nhqj,9893,73,Female,4,68.0096152332179
Ikbzw,Hmdlm,14233,83,Other,3,67.1175710460577
Ikcwnmcp,Plgsl,13072,37,Male,4,70.5694246703629
Ikeenfc,Qppnsf,17423,33,Female,2,43.1743856233013
Ikfgge,Hfckiz,18833,57,Male,4,73.4914633159889
Ikflv,Hugyo,1990,80,Female,5,58.0466042317814
Ikhuu,Ypkk,6216,79,Unspecified,5,53.6363059434529
Ikvxryrkm,Uygiao,13574,77,Male,5,68.8345528723714
Ikxegffxl,Btbntebl,10668,80,Male,1,79.4942229113953
Ilaphvo,Xufvnb,2784,93,Female,4,39.2470347135019
Ilbj,Yfdq,17180,96,Male,3,53.828470792177
Ilcnosq,Plvdfkq,9551,55,Male,4,62.2890431533352
Ildez,Amheszgbh,8744,49,Female,2,64.7569346342635
Ilehtksne,Rbgtta,11302,53,Male,2,48.4216219791743
Ilfiqzxg,Lfzchcths,18662,60,Male,2,51.8577640860783
Ilhowxcf,Bayugipdn,18990,37,Unspecified,1,66.8083575182361
Iljfyxmgg,Auelgy,11125,25,Male,4,62.4680231693422
Iljpfm,Okexqr,4138,19,Male,5,58.2700311622151
Ilkm,Nvyee,19772,55,Female,2,49.0748192055109
Ilpno,Zbuezz,10847,52,Male,4,45.4311730387992
Ilsnfhqh,Tarac,14620,46,Male,1,44.4224380570186
Iltny,Pqmcceyp,9412,61,Female,4,56.4233115252546
Ilunmy,Ycpgzvgoi,16740,52,Male,1,58.2422396212559
Ilvq,Srlwlm,8321,21,Male,3,65.0793822518942
Ilyiudq,Qvcwd,11523,74,Female,5,64.9524488043007
Ilzfxbwfe,Nzhmss,18048,54,Female,4,59.3707891366647
Ilzrwskh,Xwyu,10427,92,Male,5,47.7204724810119
Imcic,Lecvmb,6527,53,Male,2,60.0033949625315
Imcxcv,Lambye,4230,42,Female,4,48.9726809158114
Imefsd,Aykt,12529,65,Female,3,32.3485690340171
Imhoidde,Emggzkm,14322,66,Male,1,66.4812538382174
Imiqdam,Uhwdzs,19592,54,Male,4,46.03875502498
Imjlyuxv,Hrdipyqc,18639,36,Female,5,50.7975523992132
Imkqp,Zhvidnr,6555,21,Male,3,68.0254669422338
Immux,Uptsmpljr,9449,60,Female,4,50.5243852468453
Imtwy,Nqzxxwzkk,6075,72,Male,2,81.2970584068234
Imuy,Fmrdspdk,14207,25,Female,4,53.26619951473
Imzg,Hqpcrhf,19496,53,Male,3,57.4410285101402
Infhcyy,Izzaikqn,5780,80,Female,2,64.1506426955221
Injrv,Pikf,7147,63,Female,2,53.0692150092841
Inlx,Iytrjjc,18826,18,Female,2,45.7365363595128
Innzmuo,Xsvidref,13983,18,Female,3,54.2486434047228
Inol,Bsyoqzkmz,3460,79,Male,4,36.3702676697191
Insm,Sfvrllgn,19451,93,Unspecified,1,80.3234520546085
Insvmy,Mafhgoas,7551,55,Female,4,50.2632448246839
Intwu,Tstahd,4172,20,Male,2,73.6146147674926
Intydlso,Yuekbsfgy,9923,56,Female,4,68.7667623271604
Inuyveb,Ckfbge,15642,79,Female,4,53.4844542939509
Inyvudzg,Vkng,12674,62,Male,3,80.28966493268
Inzkkkmf,Zbzwvi,15876,88,Male,5,51.0093909905163
Inzs,Iiydqvmiq,5153,67,Female,2,55.4747457134999
Ioatre,Owrkqmouw,7399,24,Female,2,35.1197884476999
Iocynhl,Mlllwqt,4196,41,Female,4,72.3956958239501
Iodol,Vvuqiado,14417,24,Unspecified,4,84.412234497459
Iomb,Wkoypgw,15398,43,Female,2,48.4505019992515
Ionlb,Senbev,7722,29,Other,3,45.5266550475927
Iorhvaice,Elvpixs,6745,26,Other,5,60.8443831390699
Iorxug,Knqfc,5821,66,Female,5,57.2799767183005
Iotjqj,Fhsvi,11327,22,Female,5,52.0225965149433
Iouzh,Alibx,8360,58,Male,2,61.3054140295121
Iovalg,Oqqimwhg,5253,86,Female,1,66.9902786216012
Iownnpc,Eezopfr,11374,97,Male,3,55.6312801079902
Ioxtg,Exefovr,12374,34,Female,5,55.7752198393458
Iozqacjl,Irxlnfeec,13484,64,Female,2,60.8182037305881
Ipanyxyqt,Wnyt,17324,81,Male,4,69.9113723974919
Ipbub,Fivitfb,7021,60,Male,2,56.99052890658
Ipbvvmeu,Clhpgvfl,19632,19,Male,3,49.6467753751785
Ipbyz,Emayfhhud,1813,76,Male,1,69.2350176071604
Ipduxw,Cbcozdsix,10457,73,Female,2,61.4402912881585
Ipfgqf,Ayqtonpyi,8685,50,Male,5,53.1812565248898
Ipfv,Vgoghhfxx,14235,25,Female,1,56.1073535073976
Ipgtats,Edstetvos,16162,25,Male,2,48.3677698065602
Ipilp,Vqfohxo,4677,34,Female,1,67.4688010984598
Iplay,Gsxu,17691,76,Male,1,60.9345211760114
Iplbfs,Gsjl,19639,93,Other,1,50.0563141964659
Ipmamfjf,Ubxcofsrc,6445,67,Female,2,49.0230630242818
Ipmmp,Zzqeoc,1199,75,Female,3,64.9174039766252
Ipmtk,Npcuzl,4510,40,Male,1,60.5374314432991
Ipmypxsfj,Rgxg,18764,38,Male,3,37.8036907830263
Ipnpl,Nyhpm,10908,65,Male,4,82.5760584980029
Ipoaffaat,Dkupke,4526,96,Female,2,37.1426981246542
Ipqdnczhk,Qhcs,18612,71,Female,3,59.1909324130001
Iprbdat,Bvogy,2106,25,Male,4,69.689074892419
Iprcyomi,Unhvlcpmw,7558,33,Unspecified,5,60.9833962841315
Ipsaqgbu,Ntonj,17825,32,Female,5,44.216811018993
Ipuxtvxyn,Jsypubczd,14292,98,Female,2,60.1238667942856
Ipwa,Tobwk,8074,71,Male,2,48.1228915090084
Ipwpptz,Ehdtlpcn,15678,48,Female,1,69.5702070215748
Ipxx,Hkdwu,6159,18,Female,4,50.9710096693279
Ipyrffaze,Gsray,15604,98,Male,2,60.9297830582044
Iqbswc,Jcxtlom,13231,22,Female,1,54.3039475252686
Iqdv,Guutezog,14804,80,Male,3,51.6661973770927
Iqgrusngh,Qkkt,13437,93,Female,2,32.4680860034057
Iqlydnk,Jeijqnqp,2785,59,Male,5,54.1153529736758
Iqmdle,Bdgpnxh,6076,32,Male,1,58.7435880260944
Iqobk,Rgnp,18712,34,Male,5,63.409183119564
Iqowov,Vmince,17066,78,Male,4,69.2731702041273
Iqqx,Kjwff,5210,37,Male,5,55.9890319398536
Iqsvvpda,Kyjx,18132,61,Male,4,32.3147494114572
Iqvctjt,Jqnkxziyz,18500,90,Female,2,73.1950160084894
Iqvgex,Rznlgnd,13258,44,Male,4,70.0445818822369
Iqwozcp,Rfwdx,4229,44,Male,5,68.4211360046198
Irbgjh,Qaplckkm,3507,96,Male,3,63.993848332513
Irbsdzvy,Jxoc,13826,78,Female,4,52.6661712292503
Irdnm,Huqoemh,19151,96,Male,4,76.2259090155293
Irgdy,Vxtsgswk,3913,93,Female,2,58.836413384151
Irgncfyvc,Bysiz,13836,97,Male,5,61.2859095341925
Irhaf,Eyvtcg,19582,48,Unspecified,5,63.4809676326975
Irhprlfsx,Tvwf,17142,68,Male,1,49.9575654097279
Irlzz,Oiaykzo,16148,96,Male,2,64.0178734591319
Irnqwmxrz,Tklueyi,12204,21,Female,5,55.2806608701933
Irnzdawou,Xuxb,8143,80,Male,2,47.5909749078409
Irohmaml,Sqhbtzjv,2806,41,Unspecified,5,79.8859805213983
Irpvhlwe,Bbyy,4495,95,Male,1,50.6711065687042
Irqx,Olhrccu,8373,32,Male,1,49.4692474065994
Irtuu,Jbdrseaj,16938,78,Female,5,53.1341919158293
Irvtzio,Abnjiu,9595,62,Female,3,51.5201197854835
Irwni,Lpdzzx,13476,36,Male,1,56.9719840681475
Irxoqcndd,Xnuwdhlu,12193,54,Female,1,49.4986313268844
Irxwdpgou,Ausw,17542,51,Female,2,68.0096564257622
Iryaq,Bbmvxxi,2546,86,Female,2,63.3005447373072
Irycgu,Stqsfpy,16752,28,Female,5,69.4822140104299
Iryellax,Nzbt,8289,30,Female,1,50.5862936896249
Irygpowl,Yaepwuqng,9694,54,Other,4,58.3912001524898
Ischqybwt,Ncce,6103,30,Other,4,61.0970775225849
Iscptso,Oqcsmrj,3893,65,Female,1,37.8371105014508
Isctkf,Ajzu,18596,25,Female,5,62.2695754226378
Ishyfpy,Vcuj,18983,74,Male,4,68.7774902255858
Isjqvmn,Fbpjge,7732,96,Female,4,78.9548311685144
Ispttnvf,Vlxoms,7389,98,Male,2,39.3187657627207
Issn,Ohif,3116,36,Female,1,67.9643458847202
Isvhafvhh,Vgngbds,10168,48,Male,2,34.5341434610576
Iszyhkys,Ywigilwa,6586,59,Other,2,59.9539134881455
Itanuam,Byarhdxx,5167,39,Male,1,66.2553254584041
Itenlzia,Tbvew,5935,96,Male,2,50.7059753134518
Iths,Tkwbbog,8301,23,Male,5,47.3872764648069
Iticf,Azjkw,14269,98,Female,1,61.0055032264008
Itimwndv,Gafypjl,3826,89,Male,3,58.3380834262416
Itip,Bvkdfgq,7303,24,Female,3,56.348227855575
Itjzstce,Dbwp,12726,22,Female,2,66.6352943057145
Itkgop,Neln,1852,73,Male,1,60.374510726814
Itkguxlv,Htgtefq,14587,47,Male,1,61.5033348821947
Itkqyy,Euygkm,13821,84,Male,1,42.2443999890631
Itmzt,Fzpzyep,12311,34,Female,4,63.0618523196228
Itnjlmwp,Pnshvs,13269,38,Female,1,62.3648433977108
Itqczzmw,Hzohu,8308,45,Male,1,67.3222806580241
Itsreu,Euslcbwye,16004,44,Female,2,63.4744812734333
Ittajnlmj,Mqhrxo,10092,47,Female,4,54.0214428397771
Itual,Yzlfmq,9513,38,Female,4,84.3285068674898
Ituc,Zqrauhdu,3933,63,Male,5,57.3178002633537
Itxwkr,Aphbulttl,8150,29,Female,2,64.9715785680318
Itymm,Xlla,15901,69,Other,3,82.8759308771996
Iucric,Ycobwtsmb,12728,21,Male,1,81.3061261593202
Iueaenin,Mtmdg,19726,43,Male,4,54.4717863499351
Iuefnrr,Arsdwxhtp,14319,61,Unspecified,1,54.9642445611377
Iujkc,Efreze,15299,92,Female,4,54.258152531713
Iulevlejr,Eekw,11728,74,Male,3,85.8692024645066
Iunduxd,Zjuk,7257,45,Female,3,65.0487549991861
Iuvc,Jqqful,9160,62,Female,1,55.5623438989266
Iuxcbh,Csieywziu,13389,68,Female,5,54.694011297913
Ivcp,Emqldw,4024,60,Male,3,55.7584195499072
Ivddenucl,Enufxgxz,7456,67,Male,5,50.3259243315074
Ivenqh,Lbogv,19368,82,Female,5,62.1996798628284
Ivfkbfk,Bahhmic,14454,75,Female,4,70.5333213385493
Ivhdpf,Vtden,1707,22,Other,4,71.429697798298
Ivij,Ekgovt,5566,71,Female,2,53.6384824828431
Ivlywnxn,Xjcl,13689,54,Female,5,44.6434233304391
Ivpdkokgz,Aags,6304,54,Male,3,74.2885060308207
Ivppc,Wakuhmgu,17524,64,Other,2,44.4736867430683
Ivref,Asdb,14685,89,Male,4,49.4466406398694
Ivye,Nuhy,18656,77,Female,3,51.239237857552
Ivzaxnzkj,Ktdcpm,15256,22,Male,4,41.3468020608048
Iwabrth,Dcpm,9952,70,Female,2,43.1558508691652
Iwcesc,Egtbu,14475,60,Other,1,72.554275350794
Iwfmetdp,Icmtchlbi,5974,37,Male,3,53.9937309689039
Iwgqgqyg,Qtxk,15143,89,Male,5,68.364302901238
Iwgtxfxbb,Qsvpw,14094,49,Female,5,60.0811736767593
Iwlhbibrt,Evtpo,5998,33,Male,3,67.1394318863518
Iwllivh,Ulcacrvkq,2253,90,Female,5,58.8571778636642
Iwmqs,Kfkdpobqd,10270,63,Female,3,51.3878985271083
Iwoncy,Hiepqenm,11741,53,Female,2,61.2754905844883
Iwonrpabe,Fesihmao,1803,55,Female,2,56.9931039013006
Iwqg,Cwbxbajkr,19264,75,Male,4,61.4595504782717
Iwszzy,Asuarsa,15184,76,Other,2,63.9832690170035
Iwyd,Lkzkz,2465,69,Female,3,69.2757169133583
Ixayx,Vukbepa,7865,50,Male,2,62.1232152790101
Ixbpvvxy,Ynen,12358,60,Unspecified,1,31.0851800746565
Ixdb,Fvcqb,12561,36,Male,3,44.9811948174686
Ixelmpnz,Jznka,8260,18,Other,2,49.7413670585478
Ixkcgukg,Vzywmees,15114,43,Female,1,77.5892448060232
Ixnn,Hkuxjr,1624,18,Male,2,72.0125697579214
Ixoltgi,Fsezaqxgs,2669,67,Female,4,47.847685594345
Ixpx,Xqrlok,16562,23,Other,2,74.5352366463349
Ixqc,Hyuwzk,6104,34,Female,1,42.5526538799943
Ixqfcrz,Udhhvt,19132,57,Female,2,48.5408206391244
Ixsbgphvj,Rbuwkzz,10895,55,Female,4,73.1705640167945
Ixsdbcem,Jobnmpeh,3853,96,Other,5,49.091203413429
Ixuuig,Nwmvqgl,19254,19,Male,5,61.4911130625141
Ixvblnyxs,Jbziktnwi,13678,86,Male,5,59.1105372406431
Ixvfz,Coqwzjozs,11255,93,Male,3,59.2153770884778
Ixvrdttc,Qooordcq,5789,44,Female,3,78.54393857292
Ixwjbkdl,Jhgjgno,16192,36,Female,3,47.9451632825883
Ixxw,Ftivojpjy,9454,58,Male,5,71.2528914669641
Ixykpo,Npomqo,8972,32,Female,2,48.2793387509784
Ixyrld,Hqaezk,18566,84,Male,1,60.6884622369987
Iygc,Diwfq,14867,49,Male,4,63.2034544009238
Iyinxal,Qkycz,19006,60,Female,3,74.3663419487824
Iyjafezkc,Tbrlepewe,5978,73,Male,4,59.9201575565272
Iykuddbz,Tphoz,2961,57,Female,3,65.9814122704548
Iykzn,Cipgqhnl,6201,79,Female,1,50.4691278049882
Iylikywuv,Kppoxx,17723,22,Male,4,62.1763886703303
Iymsfst,Fzjvue,8980,24,Male,3,67.6829431463803
Iynqmqh,Eyiqr,12504,35,Female,2,53.5497297271305
Iyqmlto,Wkvhj,11433,67,Female,5,57.3434576531375
Iyqqlzq,Gzozdwr,17563,20,Unspecified,1,55.0076954524223
Iyuwk,Sllxegesi,16586,82,Male,2,76.8922553372995
Iywe,Dsersvcfz,12469,76,Female,3,65.9575982254593
Iywrl,Ceubfb,11895,61,Male,1,61.6751392970635
Iyxpvqxl,Lolt,6773,24,Male,5,44.6472862629394
Izawlgvzy,Ryhf,12312,75,Female,5,65.3446621426321
Izbim,Qtxdmrgv,18510,90,Female,5,90.8106793198374
Izbjkkv,Pcpot,4669,62,Male,1,61.6260965137012
Izdzj,Oogwhxkcl,11349,55,Unspecified,2,74.5742188244299
Izejwcxwf,Zaddyb,4385,44,Male,4,62.785176150086
Izfvmuh,Xfovyj,12563,55,Female,5,51.380961632963
Izhdf,Qjejsz,4376,51,Male,2,60.2539158009009
Izlhz,Mfoft,6545,33,Male,5,61.8705492854006
Izly,Oqyqpwuxa,3667,30,Other,5,69.728259568764
Izlzavee,Zsur,16284,54,Male,4,59.9982015600193
Iznpaybp,Bvbocn,1462,41,Female,5,43.0841252770502
Iznv,Komwjq,12354,88,Female,5,61.1494537132815
Izspawmen,Iuro,4600,27,Female,2,40.240133043426
Izsrwbfu,Tibokssk,17759,29,Male,4,63.6226415082345
Iztkn,Asugezv,8077,83,Male,2,73.9108455735846
Izvczilt,Tapcr,7794,79,Male,5,74.1656154947862
Izxtiwg,Hqxhule,17428,95,Female,3,79.7066158572715
Izxv,Mnvwb,15173,81,Female,3,63.4465240146385
Jaanm,Snuvw,17027,93,Unspecified,5,54.5011700783345
Jaerawixb,Nhwjhlxw,3199,65,Male,3,50.2649349120777
Jafrbkn,Twqvpzt,15793,47,Female,4,37.1948406924115
Jafwf,Ztkbbgpzf,7493,29,Male,2,49.9686257547243
Jakx,Fqtuaoyty,14716,18,Male,1,45.7168334538048
Jamlsdl,Ovzk,18304,29,Other,3,72.6165471454524
Jast,Biqckw,9738,39,Male,1,55.0680518770724
Jaup,Ebyf,18926,88,Female,5,64.3777602909561
Jaxkqxa,Fibobh,8602,72,Male,3,59.6562535150858
Jaznpn,Rfpbhcug,10156,79,Female,5,33.7835024301961
Jbaqhwlxg,Tnbq,16609,18,Male,2,47.5562780242644
Jbcrvqc,Pfjbrnc,15925,47,Male,2,50.1169409228827
Jbfrzo,Dkjadnwyu,9960,47,Male,5,49.9577615802866
Jbfwpxlsf,Ishi,1855,18,Female,4,50.046666337723
Jbhojsu,Xnsjw,18905,85,Other,5,45.9251936572328
Jbhorm,Tdlgd,12024,50,Male,3,80.2806228753355
Jbje,Mdkwtbcr,18862,22,Female,2,59.4656127072336
Jbjpii,Lkxfo,18912,54,Male,1,52.899238525917
Jbloisqi,Phqpgw,12972,39,Other,1,74.5049755432243
Jbmby,Gdibz,12503,37,Female,1,59.9557809399751
Jbmjbmh,Fbhim,12612,60,Female,5,47.738641904771
Jbnu,Wyjx,7672,97,Female,4,70.2169494665866
Jbsmesdny,Grtvlgm,3934,26,Male,4,55.5955024713154
Jbtitcdck,Kthtfuxxj,3546,80,Female,4,78.7581196231366
Jbuc,Tcte,14002,23,Other,4,65.262095799781
Jbuhavne,Ohlefwiq,11470,79,Female,5,43.6140359357583
Jbvntdzos,Qvbcmunrs,17424,29,Female,2,45.6005027957879
Jbwgnhnr,Wvuhd,13279,57,Female,5,43.9172629152212
Jcacym,Gxgtj,10751,60,Female,2,90.5654417623817
Jccekswnp,Vttlrrox,17697,35,Male,5,40.6154486668652
Jcjebzbsy,Vrwzdfqs,6139,49,Male,3,48.2072224350074
Jcmzw,Phxmr,2489,21,Female,4,56.813954223692
Jcnkf,Avlyinvfy,5033,56,Female,1,56.3526436590216
Jcsbok,Ebefohmyp,14495,95,Other,5,81.6524870837436
Jcsiqwxai,Cilrrbnn,8330,51,Male,3,54.1818336752671
Jcspb,Tufuwo,4262,21,Male,1,47.606504715726
Jcysemy,Gincoladd,6207,75,Female,1,60.6831030292142
Jczahhwg,Pbfxngu,13642,26,Unspecified,4,64.3807834478461
Jdafarsec,Cfuw,4107,25,Male,1,74.0089987373552
Jdanf,Gxux,17120,93,Male,5,59.5433395710369
Jdfbn,Hmtk,16253,24,Male,4,59.2578068004909
Jdhocdbl,Hydgazc,2259,35,Male,1,63.7235283435196
Jdjucbgo,Sqrwdvr,4432,73,Other,3,68.5928378553948
Jdks,Xmpvfhcw,7668,67,Female,1,50.8214801106857
Jdlyyaysl,Uunala,18733,54,Male,1,58.0692501946872
Jdpa,Ojkzh,11593,79,Male,4,75.9169633537752
Jdvkubc,Uisgo,13116,19,Male,5,71.2526536512161
Jdxtqcgr,Wqawhhs,16849,91,Female,3,67.3230703127508
Jdztp,Kagbwoes,15798,91,Other,4,41.8635170102796
Jeakjnt,Mghk,13701,25,Male,3,55.5309121641994
Jebootqqe,Fuww,17157,72,Male,5,32.6236465063689
Jedchulp,Ndnpswv,2293,52,Other,1,55.4727526501529
Jegisk,Kjpqjyrz,5274,26,Male,5,73.7923031299679
Jejp,Tvky,5183,83,Male,1,42.4718728413466
Jekr,Rlkmai,1504,78,Female,3,55.5473793888323
Jeljgr,Gygky,13702,66,Unspecified,2,55.750711228959
Jemtjnuw,Dcggv,12212,68,Other,2,45.1765018102006
Jeonf,Bthgch,16826,92,Male,3,54.6558696148786
Jepzk,Zwstilrqw,3409,26,Male,2,51.8782386626224
Jeqsfvod,Rssu,9222,54,Male,3,61.421672692705
Jert,Xxbxby,17733,80,Female,2,52.4526560096523
Jezdtdgcv,Nily,10047,60,Other,3,59.5305638145607
Jfbjisykv,Gwmeesibp,7463,23,Female,2,55.2587238553087
Jfbta,Adwcuit,12727,84,Male,2,72.8443668145696
Jfelzs,Vlzqy,8764,52,Female,5,75.0928712700954
Jffzndt,Yqgtodoz,19102,64,Female,2,58.6080896757748
Jficwmz,Bnotqjbkz,13023,23,Female,3,75.0023089942611
Jfjgca,Glkqyvb,10280,82,Male,2,45.005540812564
Jflnzbsx,Bfogu,17755,32,Male,2,52.7674798285116
Jfoae,Immatd,8545,91,Female,4,69.6338663166514
Jfpvcgawj,Bddfku,3749,88,Female,5,79.0427687979578
Jfrett,Hdgyvyfy,7867,94,Female,2,47.3739850165031
Jfrqo,Skxdvjah,15601,70,Other,2,56.2578629693552
Jftad,Bxdxpj,19710,66,Male,2,47.8217402982461
Jfuvud,Mjomy,7537,52,Male,3,60.8028748795688
Jfxibhgz,Vfnacln,1273,84,Male,1,71.9338274562675
Jgaczlow,Ytseuu,15052,56,Female,4,51.6393656816065
Jgdbhs,Vcxqtiruu,8539,50,Male,1,67.8140891343041
Jgdvdd,Morzzufwd,7814,60,Male,5,70.8767952919361
Jgihwsqpg,Elabjiq,7455,58,Male,3,69.3332002192975
Jgirfczk,Nbidd,18965,32,Male,4,50.0373778798431
Jgixeyys,Cqjqseqa,9323,67,Female,3,89.1026246182081
Jgnfwv,Neer,1229,68,Female,1,74.2338808074182
Jgosixdg,Owtbbaf,14379,95,Female,4,81.2098319796993
Jgsckjwqe,Cimkqqci,14046,56,Male,1,48.651315484974
Jgtcnw,Mgoomd,17907,30,Unspecified,1,67.5709292728869
Jgwovefz,Vvkidzi,7015,61,Female,2,46.6655776395953
Jgxultux,Xdpekj,3728,24,Male,2,48.6936656729273
Jgyo,Nubetb,14599,63,Male,5,62.1313398299873
Jgyxi,Kwjp,17963,87,Male,2,49.1482245251299
Jgzdjtque,Xaox,18203,89,Female,1,69.6446835113579
Jhcar,Vteuh,10320,85,Female,2,55.0098547946613
Jhecdnym,Jtbj,14821,94,Female,3,36.2504569851519
Jheu,Ffnoccqzq,16483,50,Male,2,55.4799558740698
Jhfhsif,Bgliqp,14759,78,Female,5,63.307390314127
Jhgpzqusl,Drcoavd,19382,78,Unspecified,4,66.2479108195356
Jhlu,Ccnf,19336,61,Other,4,64.1884869773912
Jhnwfgep,Vcdftm,17953,89,Other,3,55.0263610740608
Jhpdbmw,Awndvnzs,17730,30,Female,4,58.159904465236
Jhpufo,Nqvatoezx,19194,75,Female,3,63.7993675932393
Jhqv,Qruyffl,4190,84,Male,3,66.1742620112587
Jhqzoipq,Cpwegnrn,15649,21,Other,4,45.4530840079741
Jhsqkshd,Wjitnzop,18367,78,Male,1,71.5743344583721
Jhtaqqvrw,Wowjwtea,5483,57,Male,3,54.3216081932077
Jhvpl,Yttvhs,2998,87,Male,4,61.3637959340599
Jhvynysb,Ghat,13381,38,Male,2,28.5501382196254
Jhwkhk,Gjjwkjkms,16263,21,Female,1,81.1133980771227
Jhylia,Umejn,16020,93,Other,3,44.6593175449612
Jhzcmtyd,Xumvgivrt,5349,69,Female,1,51.7348159339622
Jicuei,Eoukytf,13682,32,Male,4,35.3123978104852
Jidybjr,Dydtm,14011,39,Male,2,58.319476687361
Jifz,Ftyjawrz,8413,59,Male,4,43.5617166382998
Jihp,Cbgynpfuk,8375,35,Other,5,45.0063248659522
Jimqqlamc,Xqpfdcgje,9461,50,Male,2,68.8306595046154
Jinzzdy,Xwebmyfg,11043,58,Female,3,64.8392490784449
Jipbznwaz,Vdcufsobc,4643,47,Female,2,63.5504358091205
Jisbdm,Ptqvanti,16360,91,Male,4,68.6280724416148
Jishxdh,Jyrf,18350,74,Female,1,43.1585167797081
Jismrn,Neiqt,5812,49,Female,3,67.9946792033541
Jiulvdum,Ucat,12071,71,Female,2,52.6738844137559
Jiupm,Pdpogvje,4681,57,Male,3,45.7716782974903
Jivygkkwx,Afyw,3318,20,Female,4,71.4039735864042
Jiwyng,Giwplsj,17058,68,Male,4,65.1847092977756
Jjcg,Esrpibxs,6317,32,Male,4,61.9154266919914
Jjdhahje,Okenjzd,11723,85,Male,1,87.3099968299227
Jjmahwn,Wwvcskqn,13167,25,Other,4,42.3234316719191
Jjmhb,Mnmqx,6123,48,Male,4,53.4692709338362
Jjodcz,Elss,2691,93,Male,1,46.1992868987624
Jjofgci,Vknbk,12044,28,Male,2,63.5938608613853
Jjqjsweq,Tpbi,9331,83,Male,1,59.4583309359906
Jjss,Wgjpwjpw,19459,81,Other,3,63.740734202998
Jjthfpqm,Ldomnvski,16137,60,Male,1,39.3433380706552
Jjtuxkptq,Gqnddhudr,8148,89,Female,5,56.8779758312092
Jjvtydp,Ajditq,16669,82,Female,5,67.8767866332572
Jjwiw,Hamsigi,17847,83,Male,5,53.65137507223
Jjwskn,Emjbruw,8752,73,Other,5,92.2997529528636
Jjzfophwe,Qparwkjrt,11453,61,Male,3,37.1183247780981
Jkdvniuqr,Dbpqzv,3811,41,Male,4,53.0101761383226
Jkgerbcbf,Qtekiwa,4775,18,Female,2,63.002946446626
Jkiqfgqgq,Giyu,6458,36,Female,5,90.0456825826371
Jknhhvb,Xnguzta,1460,96,Male,5,63.1649504850144
Jkpja,Kqafxsexr,10413,81,Male,2,53.4829232281947
Jktfrj,Utklvosdk,1356,78,Female,4,60.9685162237688
Jkuj,Vtwxatlw,12607,41,Male,3,53.7883717046734
Jkww,Wcvg,2000,78,Female,2,65.3203980479387
Jkxv,Pnmw,5416,94,Female,4,45.4545170848419
Jlbijreh,Ctmrzzfd,9098,75,Female,3,53.0680900148075
Jlblalhgg,Hpek,8454,79,Other,3,47.4706691688157
Jldhsibds,Vopmeyhbg,10174,89,Other,1,79.3257173432071
Jlfgk,Xowdzf,18053,21,Male,5,52.7288822122377
Jlgye,Trnxkqm,1196,19,Female,2,47.2363790394646
Jlhbt,Mcddymx,19070,33,Female,3,61.9554352954971
Jljgwibms,Hhwczrx,18546,59,Other,3,63.0162013288932
Jlkmkgwm,Nevuw,19718,53,Female,3,56.9498082587631
Jlkmxjqbx,Awvztfuwr,16741,18,Female,4,59.7419073461838
Jllr,Eirbqck,17573,64,Female,2,81.9971478199663
Jlmgss,Aninry,17720,75,Unspecified,1,46.4315308852289
Jlmu,Yhlqdz,7127,88,Male,4,62.7493795439424
Jlmutn,Apblqbtqa,14087,58,Female,2,55.053815389066
Jlnxffuu,Pdorf,8804,41,Female,5,65.701772166084
Jloaz,Uzabmqhh,14694,82,Male,5,50.8171172238132
Jlpmmnfsj,Qfjepzh,10434,22,Female,2,63.025580275828
Jlqs,Siizacgc,10620,83,Female,1,65.7911400962625
Jlri,Eexsqst,4489,40,Other,4,58.838139640385
Jlsces,Ofjbzyd,11017,48,Unspecified,5,61.5127829732119
Jluueewgv,Rrxq,1926,50,Male,2,66.3445830221954
Jlvxpopr,Putitcvu,6836,27,Other,2,72.6669337756007
Jlxzbqybl,Ouebojoy,8497,85,Male,5,59.1628685463433
Jlzqanjco,Bflqlkz,5673,60,Female,4,61.2072139857548
Jmapivhkb,Hxyptzhf,11380,42,Male,5,41.0044743819973
Jmcnqwcz,Vtycpcn,17501,50,Unspecified,4,62.6369406927928
Jmfme,Shuiyq,13003,94,Female,5,55.4241501189562
Jmiqro,Wrocoqdbz,2657,64,Female,2,48.2020880678488
Jmismgws,Xhhbyco,18100,20,Male,5,72.7708449778748
Jmjhb,Lqdxsyiee,10330,55,Male,3,65.7017084140077
Jmjywbp,Hqskprg,12560,25,Female,3,86.9990675831443
Jmre,Pmury,1060,59,Female,2,55.450778954316
Jmrea,Xqfvcafnm,12462,54,Male,5,68.7945646973901
Jmrkjze,Gtaeisxx,19533,41,Female,4,65.3008532737017
Jmsaid,Klqdvpng,4679,25,Male,5,41.680519051566
Jmsrl,Zfjyjbyo,15640,23,Female,5,39.2551672970176
Jmtpkrawv,Ykdbjpeu,2437,73,Other,3,74.5298647424195
Jmulyky,Ilzrbtw,1946,33,Male,4,78.8251675970076
Jmvpfw,Qxufusm,14707,38,Female,1,49.2600534707891
Jncqsf,Gtoa,4140,51,Male,4,100
Jnegrur,Ctkkc,18485,98,Female,5,62.8225706041078
Jnesftsm,Fhevorz,2250,68,Female,4,46.9215470508649
Jnexz,Hneie,15139,72,Male,1,76.9345999163661
Jnhogfx,Nzmn,2706,86,Other,2,48.4008445998195
Jnjijmocs,Xrzllcm,4909,18,Male,3,47.0713669386121
Jnjvfzd,Hxxdkrjhw,7594,30,Male,2,73.3792499264513
Jnlwvzey,Hiuajb,8883,95,Male,4,56.9055870249233
Jnmd,Nevqfbozo,2398,49,Female,2,68.4556268998062
Jnnekyq,Slpi,3009,49,Unspecified,4,37.503697243637
Jnoby,Igmx,18469,69,Female,5,67.8830460506388
Jnoqg,Mshaai,3957,47,Male,4,69.084886794531
Jnpkxkty,Dquyypki,13080,76,Female,5,60.9659339400085
Jnuoe,Nxhrbbdy,14819,70,Female,1,55.8118016939446
Jnwdjmmo,Wvdn,19420,96,Female,1,52.9719310435433
Jnxn,Aqoljd,11089,48,Male,3,43.0364651262311
Jnypo,Waxxwka,12222,29,Male,5,50.1333538520706
Joapj,Cokmzek,2139,23,Male,4,78.5402763804109
Joavxkoa,Bnmrkzqrv,9268,48,Male,1,65.2741129865657
Jocxoej,Utzmvgms,18201,76,Male,5,55.2090797960323
Joec,Gptmumqps,2910,34,Female,5,55.155121268851
Joelgjlt,Ffmblinnf,19623,72,Female,3,67.2031283973059
Jofeg,Zhpme,19398,22,Male,4,64.4857472296937
Johtb,Ofuarakly,19175,69,Female,4,73.1731691924976
Jojcbl,Hoeh,13296,39,Female,5,51.4182035487795
Jolbav,Biyzakxrs,18176,62,Female,3,53.4410370451307
Jolv,Gvtgv,8999,62,Female,3,62.6078002387053
Jomcd,Iifwcmbqj,5248,65,Female,1,65.096585963823
Jomfnlmjr,Ifprhpf,2379,42,Female,3,55.1274623967917
Jonb,Gouoa,15334,87,Female,5,55.3756916080751
Jonmoi,Bqjbibxvr,7790,55,Female,3,71.4135108152408
Jopqct,Trohyn,16328,39,Female,1,36.7136818585519
Jounmagvm,Leisuwo,13399,27,Male,4,55.3637619880281
Joupfdm,Kuwbfcn,4880,83,Female,4,55.497669365552
Jouwp,Phzo,2849,25,Male,1,66.1737293336957
Jouwzezrt,Rnbfe,18980,56,Female,5,61.6637161883459
Jovab,Qxsb,10372,38,Male,2,64.6212294238654
Jovjz,Wrqfdnev,3063,30,Female,3,50.3710297627236
Jozko,Gtnq,2953,40,Male,5,71.4505396898338
Jpcps,Pnwlcfna,14187,92,Female,5,55.8572672416565
Jpebxj,Fnvtk,16033,39,Male,3,58.6329348396714
Jpil,Efkj,15956,86,Male,3,51.0353760173385
Jpio,Ninwiinf,16152,86,Female,2,54.7319313800767
Jpjhvkp,Qune,19397,62,Unspecified,1,57.2692924081524
Jpkan,Bnkxw,12195,85,Female,5,70.1499395210591
Jpqxhvd,Kpwyjb,4257,44,Female,4,79.2130086875517
Jptu,Owfpn,5586,63,Other,2,64.5519476472057
Jpyjo,Vxndtt,8570,76,Male,2,55.6361249347204
Jpyyzki,Fwccwhqc,15482,61,Male,1,75.8956037098405
Jpzzhxv,Jrzvce,5387,36,Female,4,63.5515368447188
Jqapsqaji,Blyyp,14514,47,Male,2,81.4478765023055
Jqcevpfov,Pvibjmslc,15318,49,Female,2,61.6783466460488
Jqctvrot,Gsqwv,15931,29,Male,2,72.1445261691953
Jqdazmca,Tbvf,14103,74,Female,4,55.4188044608413
Jqhnb,Okkmrvosi,17840,18,Male,5,39.0035374094587
Jqlh,Pzqmys,12986,96,Male,2,42.6674313285024
Jqmme,Wkdxmb,19150,90,Female,5,69.5563269943753
Jqosbrt,Uaouiyz,4418,50,Female,4,77.6788708104329
Jqpxczf,Bmuciwenr,6522,51,Female,1,44.8782283299836
Jqqzk,Wcrch,3654,95,Male,5,69.9103889909458
Jqsed,Bnmrmnq,13540,58,Other,2,39.6131634879541
Jqtyy,Vsyyjw,9760,67,Female,4,55.0533204306533
Jqvdnxo,Jjtst,9720,33,Female,4,48.8042562742986
Jqwfcnxy,Pzvkff,12155,56,Female,5,63.0808560178483
Jrbkh,Kkll,6904,89,Male,3,68.8669824625531
Jrbmm,Ahbqj,8338,54,Female,2,63.7336387101804
Jrdctedmj,Drdikei,8116,56,Female,1,52.0082015633574
Jrdf,Atwez,18865,82,Male,1,75.2510559532501
Jrequxtpi,Lefokdzur,12574,92,Male,4,67.6087778869149
Jrflnjn,Eacjifsjt,17309,39,Female,3,45.1973970853009
Jrfsg,Vbqwda,15012,65,Male,2,69.1552919673218
Jrjfkbe,Wkzlnpkw,7054,18,Other,3,48.6484012223463
Jrjk,Gesc,16244,19,Female,1,49.6120529414872
Jrjuhqup,Dtqculakr,2778,58,Male,4,75.1352706397462
Jrkkrhchq,Ezcrk,12550,98,Other,2,50.4684215114101
Jrkphei,Qcwlrrdke,14333,35,Male,5,73.6624352894481
Jrluz,Ljle,14151,54,Female,2,68.7661082628112
Jrmsgpwh,Tltzyr,14900,41,Female,5,73.3326498827873
Jrptdvx,Wgwsvjh,19475,58,Female,5,44.9166351624552
Jrqaf,Yybfyfrb,12375,53,Female,1,60.0811267287549
Jrqqjjquf,Hsqdfbz,15501,88,Male,3,56.4708489766137
Jrqqlofwt,Kdze,7900,58,Female,3,51.4636375105042
Jrrc,Nxogqf,12863,73,Male,5,50.1769606630745
Jruxj,Fbeamrg,11961,40,Female,5,65.6078675242431
Jrvei,Rkdglk,7372,52,Male,2,63.4639231792213
Jrvmzv,Kfvdrsgk,17287,66,Female,5,60.5580558075445
Jrvztzv,Rtxqz,7662,40,Male,5,63.9232658673936
Jscfpzpss,Ogkqqr,11262,25,Male,2,39.6384399317727
Jscoyykt,Fwghj,1446,42,Unspecified,4,61.4922455394156
Jsdrq,Sqxan,13785,85,Female,1,57.8698506943067
Jseg,Xcwcjlpg,14861,65,Female,1,62.7413751362352
Jsew,Dxtrrp,19899,30,Female,3,54.5369668361841
Jsgxweb,Udbufdqxs,18615,24,Male,4,45.9906156574311
Jshzkgbzs,Vdooicehk,1958,94,Female,5,79.7628333859805
Jsjjen,Ftzdvifsp,13329,44,Male,2,39.5403288414636
Jsjjrbo,Zhdugl,19109,85,Other,5,69.0988766045896
Jslmv,Hhgl,10056,23,Male,3,46.3657678844281
Jsmshr,Epcn,17937,82,Other,1,50.8228734674816
Jsqaou,Zbuzjixp,16175,69,Male,2,48.9185490722231
Jssicmpq,Nucxmqson,6998,76,Female,1,47.7430720836185
Jsstuaku,Tzaiy,7995,57,Female,4,47.8628568847275
Jstio,Kktv,11847,71,Female,3,74.9775521576941
Jstkggcr,Scesdry,5861,39,Male,5,47.1189388518044
Jsuo,Xedqoxm,3641,72,Female,1,71.9923254404915
Jsuqtnl,Jtqqpvie,11909,96,Male,4,40.5004192616579
Jsuvhfn,Rmvvlvca,10290,92,Male,2,62.8532214126057
Jsuysh,Rxgsnycg,15874,27,Female,3,55.1143286829762
Jsvatel,Lohbrqrdx,3283,19,Male,2,61.3847784302732
Jswojwfic,Yakb,10596,82,Female,5,73.027472048396
Jsxqdcai,Kpvbn,2380,18,Male,1,55.147874251449
Jsyt,Gahfja,2677,83,Unspecified,4,77.3410730983554
Jtffhgbh,Crvsy,10436,74,Male,5,72.4666425929309
Jtgnuvx,Fwtuktt,11294,20,Female,3,51.482747933642
Jtin,Vxktaaj,3273,35,Male,4,64.4655110031723
Jtjb,Cswkat,13050,59,Male,2,66.8846474146601
Jtjdxtk,Vlucksq,10743,62,Male,2,71.4030351919996
Jtjqszkaw,Rtzx,17544,21,Male,1,66.7385651621604
Jtkhbvk,Tpihjmb,3060,66,Female,5,60.8428675029966
Jtlmhnped,Ytvuct,1022,19,Other,1,51.4232502552225
Jtpxvjr,Dptbfeut,10143,62,Male,1,50.2286123846788
Jtqtzoerl,Rasoht,13820,49,Unspecified,3,72.0394302698325
Jtsrrr,Arkuqyn,15763,86,Female,3,80.7558790144133
Jtsrzyyw,Scodysms,12486,95,Male,2,39.8654712050801
Jtze,Sxbpf,4044,72,Other,1,64.2124098650494
Juaebvgss,Zplosbme,17582,53,Male,3,42.3211774735138
Juaottv,Yfhnejet,17903,68,Female,5,41.8728805817116
Juaqg,Izcjpommy,15912,45,Female,4,53.1331662982095
Jubvd,Njzrgclrt,7797,43,Female,5,72.0527208657462
Juex,Xgfb,12743,22,Female,4,65.8626686905807
Juhhhogi,Vkdlvu,15165,97,Female,5,68.9785666867078
Julbc,Iiltnwjt,3237,76,Female,2,46.6184086157718
Julcbbhwu,Evnho,8201,37,Male,1,61.0998771271773
Jumdno,Scvxoc,18141,82,Female,1,67.7102029980483
Jumqgquo,Qxjwe,8035,66,Male,4,34.7609245034156
Jumuu,Rcokofs,3364,24,Male,4,50.7741022424724
Jupxfh,Badls,13150,23,Female,1,46.8468249176182
Jutq,Sxlad,9484,98,Male,4,59.3628726260693
Jvbx,Zykocu,4462,31,Female,4,56.8856572067149
Jvcj,Ykit,15268,53,Female,2,69.3629195166397
Jvfvgwn,Jmblph,4463,62,Female,5,46.9387241871698
Jvkxu,Uxzybuuso,7395,65,Male,2,61.6974619587504
Jvmrymjb,Elsssxybg,5700,94,Female,5,51.7983383864631
Jvmuc,Pbgpse,10807,36,Female,1,69.0475032492714
Jvnq,Kdpb,10241,22,Female,3,62.6322162623181
Jvpl,Sanvu,12978,70,Male,5,47.9105012208336
Jvseud,Vemhz,5149,73,Male,1,49.6043317657923
Jvslbdxv,Nhxh,7543,38,Female,3,52.8479320507815
Jvube,Dceb,17176,54,Female,5,55.0732279846146
Jvutnfb,Vfzvj,15343,29,Male,5,52.237582208032
Jwag,Fqflnefz,1601,18,Male,1,53.7694596677299
Jwbihm,Crgk,1873,71,Male,3,64.6037807099562
Jwczm,Tdlkyhf,16371,91,Male,2,74.2246677068338
Jwfb,Dbppectck,18010,18,Female,3,77.1460694117701
Jwfqaackp,Wjbj,1272,71,Male,5,77.5207363172657
Jwfx,Rillawost,2668,78,Male,5,70.4947485763973
Jwhmeg,Gwgtc,16930,19,Other,4,76.8609581607664
Jwifselef,Ytsqxub,14727,22,Female,4,43.587468735833
Jwizbrrp,Qivx,1318,41,Female,5,54.4005890267394
Jwjk,Narxuoo,6936,23,Female,4,52.5723867382779
Jwkuj,Iemnznft,9276,40,Unspecified,5,56.5406852072454
Jwns,Qzmak,16565,76,Other,2,67.60508177243
Jwpj,Ksxflmem,18223,69,Female,1,55.6981535332379
Jwtwk,Uhujs,5781,85,Male,1,60.643658581257
Jwvpbj,Ixuglckh,6125,95,Unspecified,3,77.1978935498694
Jwztnrrv,Tjnlyzluq,10731,88,Unspecified,2,47.4394772796225
Jxave,Ojnsonrp,14896,75,Female,4,74.7417724818458
Jxbc,Okzolinhr,8215,44,Male,1,71.5987735523938
Jxbsltnx,Siwg,11873,73,Other,4,32.3569720055237
Jxegnweos,Yifurw,9879,85,Female,1,34.3486459930284
Jxet,Ojpj,6972,23,Female,1,64.4405794723676
Jxgbckcq,Vspzycxuq,4180,91,Other,4,62.7620850388154
Jxgcugyhh,Yujggucp,10356,74,Male,3,69.4959808263742
Jxkind,Yjsghhjo,2531,46,Female,3,61.4910003580019
Jxky,Bwjcf,2576,28,Unspecified,4,47.2388723313261
Jxnm,Quow,5889,37,Male,2,64.1524986366681
Jxoybajbd,Bcovbqv,4724,32,Male,5,63.0028947900707
Jxvemgc,Wwxk,19956,67,Female,1,37.7644788974415
Jyac,Ymmwaai,2320,35,Male,3,76.7159336265078
Jydrjasxr,Kjae,13512,64,Female,5,61.3095233149008
Jyew,Xuzgvfpp,5916,50,Male,5,61.6046193912651
Jyfkoeliv,Pflstxwt,17421,79,Female,3,68.7905530805007
Jyfxuhcq,Bowbur,15357,96,Female,2,57.0012033360421
Jyhkak,Bgtcu,12576,19,Male,1,64.3631738022467
Jyhmdhhuy,Uueqe,9693,93,Male,3,38.6733540273159
Jyiybh,Htnf,15423,24,Female,2,63.8843855144069
Jykyduxle,Abeb,9816,72,Female,4,39.5902506646582
Jylt,Whgk,7414,56,Male,5,45.7517177521183
Jynfeh,Plwd,12413,53,Male,1,54.1870116561556
Jyplpflj,Bkvkrbgj,16325,61,Male,3,71.127819078582
Jyqtb,Edfm,4796,55,Female,2,73.0190475676059
Jytluqw,Ohzqxsn,16369,61,Female,5,48.833924921202
Jyunwnumv,Vcgmmlq,18798,28,Female,4,57.5002336825535
Jyvb,Mficphd,4760,26,Female,1,45.525695262266
Jyxwscfrq,Zynkyozy,2087,20,Male,2,76.9630444991081
Jzai,Oaxo,8514,33,Male,1,61.4918868727947
Jzbyxbmm,Zhojfkjfi,5641,28,Male,2,43.1895008505446
Jzglp,Cewhtvoe,8303,22,Male,2,63.890990662659
Jziinz,Dqsbroufb,8114,95,Female,2,41.9823519238041
Jzldzcndl,Rdszlmc,18129,90,Female,1,43.6946433042684
Jznep,Uxjagxq,3044,27,Female,2,42.4988767967302
Jznjpz,Qdof,13409,43,Other,2,61.2409148999179
Jznqduuv,Txtaesj,13974,50,Male,5,54.6007433217435
Jzqcq,Lpdfftoj,1858,98,Female,1,79.9328971292945
Jzqi,Sgxwuwlv,13059,59,Female,1,56.5214550303991
Jzta,Aicxhdtr,10495,45,Female,5,58.1597497852821
Jzucdwuyr,Kmxirsj,16572,62,Female,4,39.9688284290306
Jzveejkm,Nuzhwba,4838,41,Female,2,66.0294219615003
Jzwqjqu,Dtahxua,14954,20,Female,4,75.7771091684022
Jzyhfm,Vruvac,9073,70,Other,4,71.1664104693271
Jzzhyu,Fdult,11496,49,Female,4,70.5557373043299
Kabsc,Dhcjsk,6257,83,Female,5,53.7811449798854
Kaigjjspm,Ujmpf,17891,77,Female,2,59.0151062168485
Kashdv,Aftkdadr,8212,37,Female,5,77.6378901418594
Katgdqdgj,Ddctasjwg,5948,98,Female,2,58.4918166322611
Katm,Zekbxwe,18699,34,Male,3,54.2772338828023
Kaxknnuia,Huikuq,3462,19,Male,4,68.9474741302245
Kaxsi,Fvde,16112,42,Female,3,56.5535585150157
Kazjumkh,Zvexsdqox,8698,65,Female,3,48.0474083541518
Kbarijle,Pcba,9400,96,Male,3,68.5712103746795
Kbbha,Oaci,6705,31,Unspecified,3,80.7367524997314
Kbcwdsun,Rqmunxrt,18270,38,Female,5,42.5787964081879
Kbdgv,Eykjgqby,1514,49,Unspecified,1,77.7233691865367
Kbgmqslku,Ojfswsve,3787,60,Other,5,30.6566847367645
Kbho,Mjqt,13654,29,Female,1,36.6688968285718
Kbjpi,Tmpjysbcm,4015,73,Male,5,50.8666571102669
Kbjqntjm,Ijtrqrqxa,18006,29,Male,4,59.7470809060962
Kbkvsdc,Hsklvtlti,13120,41,Female,3,40.28053109756
Kbox,Ugxetklgl,17926,76,Female,3,49.6506073056678
Kbpdla,Hwzqevcq,14014,79,Other,1,57.1699972380159
Kbqhpk,Hbvtefzfr,13132,60,Male,3,51.6030823405899
Kbvxvvpq,Mwwczy,16258,24,Male,1,63.1656483400852
Kbwamchh,Ulpdfyvcg,3520,95,Male,3,75.6774271767983
Kbwlin,Ajajzkrc,17734,62,Other,1,40.12386959499
Kbwshj,Vmiaavti,17623,20,Male,4,70.0400744028705
Kcbpjkvn,Xzrbc,12940,60,Male,5,48.719899736625
Kccya,Eisk,2741,49,Unspecified,2,66.5572184939655
Kcgvudd,Yapfavyy,15638,66,Male,4,63.5724954171853
Kchdqepak,Tjgb,16886,43,Male,4,80.1145893744669
Kcirheifo,Nzzkyigj,4895,67,Female,3,65.8758487063292
Kcixcckz,Ofgtxvhd,10953,52,Male,3,47.5598991544681
Kcmib,Lxwbsgf,5096,81,Female,5,63.2427617499948
Kcqh,Qmluq,7690,82,Other,2,54.4475899113991
Kcsdcz,Zwxgb,9715,29,Male,4,72.2831880735554
Kcss,Wtrx,17977,27,Male,5,73.5818582153492
Kcuhtuha,Vjbu,14219,84,Female,5,56.3197774112422
Kcwfrobs,Mxwjyfhk,14581,96,Female,3,39.6167983010952
Kcylc,Pdfb,8138,83,Male,5,48.7574931225108
Kczbo,Enffn,2439,47,Other,1,57.0504765958711
Kdaw,Ibuc,12540,79,Other,1,68.0803805288849
Kdeuuflnm,Pkaifolqp,16011,86,Male,1,58.1608730808719
Kdfxjppo,Rphwgky,11797,92,Male,2,54.1737183045578
Kdhx,Yfuscmgoh,17396,32,Male,1,45.5546895910716
Kdkszzd,Ieoiqwtl,15764,87,Other,5,60.3983948754716
Kdkvtwnyd,Nixohmt,5278,73,Female,2,48.5073422244215
Kdlj,Drnmkap,15262,77,Female,3,49.4246160562089
Kdniqqg,Ytoxzsq,18154,25,Other,4,84.8506712235739
Kdobzmk,Xgaoons,7225,49,Male,5,58.6998629863677
Kdse,Axglew,8129,96,Male,5,69.5630843837414
Kdvmvr,Hdwli,18428,47,Female,2,50.6314645834443
Kdyhh,Fdscvvq,2522,24,Male,2,64.9326827464814
Kdyo,Slxb,13000,30,Female,2,64.4089715838393
Kdyw,Ambsm,15481,81,Female,4,87.2785224421631
Keaaukjvf,Iyixm,13800,23,Other,5,86.1280964729015
Keafx,Cuxroonz,11796,86,Female,1,33.8242241832462
Keagy,Wxlzauhnl,3521,87,Male,3,75.9846741761633
Kech,Hmun,8245,89,Other,5,48.5187473729527
Kecncmo,Unigw,16993,43,Male,2,61.1704887130439
Kecrm,Nbva,14272,84,Male,5,58.6416182401033
Kefafz,Esspwgoq,15647,91,Female,3,56.9992902420773
Kefjgaw,Qjneaffv,18739,46,Unspecified,4,64.4601939141635
Keikewwx,Vytpqhoj,3145,48,Male,4,59.6474380276763
Kekrw,Gdnpncz,3761,87,Male,3,63.7130803494122
Kekzyhzho,Nzvyqie,12554,63,Male,3,49.1604881785175
Kelrmxa,Unii,2564,95,Male,5,64.4821163087741
Kemhkxyru,Nbdqmlgp,11629,74,Female,5,69.7828118386673
Keofpv,Hblb,19536,60,Female,1,55.0692192096224
Keoyrabnv,Mlhb,19348,38,Female,3,58.2910633214996
Keozx,Htqloy,18523,29,Male,3,52.8600848612427
Ketq,Bzzh,19914,62,Other,2,52.8279543681477
Keupyc,Rmzfww,9640,58,Male,4,44.949937212755
Keuz,Utjckej,11149,22,Female,3,51.2080317699012
Kewa,Tbtiuq,12634,91,Unspecified,4,52.0546287424941
Kewslxxdu,Cwyeh,18128,61,Male,4,55.2916059644278
Keyu,Kkxtdaeu,19596,83,Male,2,57.0501563752186
Kfbtle,Xuyqr,4736,38,Female,4,40.9795372316325
Kfbvtfkx,Nqbwk,12781,64,Female,2,62.9815554575847
Kfcllf,Jocwtu,11553,46,Male,4,57.1619915451842
Kfebkzmj,Qcmu,19301,25,Female,5,57.5445638394041
Kfeshu,Sqqfyc,17257,68,Female,1,62.3223391383405
Kfjgwqjsw,Mzvwqgg,6131,73,Female,5,61.8633849268526
Kfkipe,Rnmzn,10433,74,Female,4,73.0436207667111
Kfksl,Ynrsyu,3442,78,Female,4,58.2985388065785
Kflh,Tbnnfdb,6790,33,Female,3,66.8762696333318
Kfmujdl,Bvnntayak,14594,28,Female,2,83.0571982972783
Kfovt,Rnfpwlq,13308,44,Female,1,54.6162027257125
Kfqkq,Pcodkmtni,13890,30,Male,5,59.9389750492903
Kfrnea,Zdbvp,11678,91,Female,5,31.7956550749524
Kfrrbgk,Qjdzc,19593,69,Other,2,70.7144062320669
Kfskrholq,Whgf,14053,23,Female,4,66.7929597668387
Kftrgu,Kaae,10039,71,Male,5,80.3263900095408
Kfxf,Rpajvo,10794,43,Male,5,45.701638550463
Kfxxs,Ajnwmvuj,17407,97,Male,1,66.2344910242384
Kfycdr,Otepizubo,12558,90,Male,4,49.600944066003
Kgaymxu,Ffln,3196,31,Male,3,57.0461263450505
Kgcqmx,Yyut,9911,26,Female,1,57.8961818622304
Kgcyi,Dycbywocs,13920,73,Male,5,62.7699958183519
Kgdp,Kzzeihz,13999,65,Female,3,71.3075823281465
Kgdp,Lftdkvewb,6783,67,Male,3,73.1033084969515
Kggcekmp,Zobnb,6497,59,Other,1,59.1738100464891
Kggminrhm,Ccucgeajp,16944,41,Male,2,63.3638588252562
Kghqyaln,Sned,6759,23,Male,2,83.6279654204921
Kgjetd,Xasrdb,9080,68,Unspecified,2,67.9213649170331
Kgjund,Zzpmcfrh,15718,58,Male,2,48.2439729869237
Kgjwquf,Ctidotq,3425,42,Male,3,58.532903725813
Kgkdpscek,Pwzo,17339,26,Male,2,50.0610617798686
Kgmle,Snzlocaj,18911,35,Unspecified,3,58.7248942949426
Kgobzhan,Lljo,1942,70,Female,3,72.2556591673481
Kgolfhrp,Ygpmhl,10940,45,Female,3,57.1690455771038
Kgpidumt,Koqdeg,18047,47,Female,3,60.7150453613131
Kgpveh,Ajpdckmjg,8680,50,Male,4,46.474546119239
Kgrdsdv,Cgueioqg,9897,60,Female,3,61.0756755160284
Kgss,Qfuygvw,3847,89,Male,4,60.4126224645161
Kgwjwikvs,Vqrhud,4543,25,Male,1,62.4113202750206
Kgxnzb,Buqwmdzw,4354,58,Female,5,86.4579813755528
Kgxs,Ufnvpuqb,5635,31,Female,1,67.5372791614591
Kgxx,Xvhvtui,1653,49,Female,3,61.996899575759
Kgyqhs,Khvlmbrm,14109,43,Female,3,58.7299187413155
Khaypm,Qfgayr,9785,41,Female,5,74.6215413837285
Khcnppxgd,Wyyzmor,14703,74,Male,4,53.4800407071662
Khdewqhg,Nfcfed,5571,92,Other,3,69.8024839223826
Khdqsaz,Yuwe,4731,98,Male,5,51.7964897709832
Khdw,Fphfod,9593,97,Male,3,66.7235831697947
Khecbga,Vkodig,1345,26,Male,5,61.3642858638566
Khfsicdew,Xjmnqg,6508,44,Male,2,69.3282444512647
Khgwhx,Tnoxlni,5649,73,Unspecified,4,44.5559417392963
Khgyeg,Ltnpvxho,15473,57,Male,1,51.9594046899197
Khhaeedix,Yuifw,15441,84,Male,4,47.4607893982255
Khifxknh,Bwha,12460,81,Male,1,58.3256452442156
Khkjott,Smfmv,9442,40,Female,5,52.8495797637626
Khnfr,Nwrnfgdij,4330,37,Female,1,54.4332219247189
Khni,Xchf,16095,75,Male,5,51.6003830980393
Khnzyfp,Jbcbtui,14460,76,Male,3,67.5766779569716
Khslmsgp,Zlnbnkpfn,8599,75,Female,5,48.5046668187631
Khsu,Aiwpuvxoa,2960,82,Male,5,54.3111768889882
Khtxamrse,Casefbwv,10519,22,Female,5,62.245948490327
Khuoiod,Hlhcrvwu,4793,28,Female,4,68.9160902695631
Khwatspe,Pcgc,14499,55,Male,3,73.1951376284584
Khwcxccbe,Varuivqy,8958,54,Female,4,73.0477183443509
Khweoxy,Ztxyaq,6315,73,Unspecified,2,60.1809461214641
Khxrp,Kimmgxyz,4139,95,Male,5,49.6806853215855
Kibt,Tvginmbv,4327,43,Female,1,41.3475134899889
Kicsjlr,Jyanag,14209,78,Male,5,48.3083951405411
Kidehl,Wgzcux,17135,37,Other,4,72.9225335321389
Kiguxnapq,Fyeemsl,12879,53,Female,1,56.1748134644907
Kijyags,Cbhpceabo,2429,66,Female,1,64.1225684672915
Kimbhodjo,Ecai,3412,53,Female,4,39.5800594164853
Kinrz,Bfpgquo,2886,77,Female,4,61.3818635351071
Kiumnmy,Rzvycz,18425,68,Male,5,80.3634391768692
Kivxzndf,Hwfai,16090,81,Male,4,63.6098233957167
Kiyfdc,Eomxsyac,12488,41,Male,4,56.2105036579871
Kiyxjsh,Fmhnqi,6172,36,Male,3,54.5773268827863
Kjbadzimd,Wufehrf,3370,69,Male,5,68.4731347061216
Kjeun,Ndvvfhxy,15094,38,Male,4,36.4829839326248
Kjjhx,Sibrq,9125,18,Female,3,61.9492163478088
Kjkikk,Mluzgaz,7119,50,Female,2,56.4573882161247
Kjnjbv,Knjeda,12357,88,Female,5,59.8978448584614
Kjqwa,Rjhk,13716,83,Male,5,75.3209130422734
Kjrrstnw,Plgluwgtw,18238,36,Male,3,50.5734361676063
Kjrzrqlee,Kqqfxay,4407,90,Female,5,66.8180153058237
Kjsaib,Ytzjaedi,11720,35,Other,2,73.0940741139706
Kjtypec,Agyhxr,7479,28,Female,5,59.4052821536877
Kjvoxnfn,Qkpr,7030,88,Male,3,37.0810826033071
Kjzkrvdc,Ynoxnozn,7968,67,Female,5,71.5339485856004
Kjzt,Wygnndy,14078,41,Female,1,66.5675498391122
Kkacbntp,Nrngp,10203,64,Other,5,78.7339016657456
Kkapftrb,Fkhe,10697,43,Male,2,73.3582788048953
Kkfq,Jhtk,19931,94,Female,5,66.7693554445504
Kkgbrrmlw,Ckaoceh,4042,58,Other,5,39.8439874057052
Kkijrv,Frribapkl,19156,68,Female,2,59.4784597494816
Kkjdlag,Mnpmlsnc,13306,33,Male,2,73.308432635695
Kkjqxpzph,Skfpv,18694,48,Female,1,61.6001351013845
Kkpmjdsu,Yaycnrpi,1952,60,Female,5,67.7390411840628
Kkqi,Voelpywf,18099,55,Female,2,33.5784869549193
Kkvdpidx,Mmioylvpm,5956,48,Female,2,46.6565456131917
Kkvo,Yuwrzxuz,7644,50,Male,2,62.7326304699586
Kkzcfniwc,Zdfwn,3821,71,Male,5,40.7883655377017
Kkzefg,Kjmkkitz,14509,47,Female,5,69.4829368080028
Klab,Mzlhjbaz,11774,87,Other,3,36.3130183190826
Klbqdr,Ybez,8921,64,Female,4,63.0573497991513
Kldbyilk,Zkais,14773,91,Male,1,55.5775230780775
Kldtqlmwn,Ngkrztrx,15573,24,Female,3,71.6795089829736
Klfddi,Oncta,14921,66,Male,1,45.7463980081128
Klktcfc,Ithaincqa,17500,96,Male,4,60.4581520192879
Kllkxe,Ukdzj,5120,18,Male,4,43.0490955819865
Klnh,Vcxz,5900,37,Male,5,84.4393297778527
Klnou,Njuj,3256,93,Male,4,42.5159034563217
Klotqyybi,Yxruahx,3093,18,Female,4,73.3738426081682
Klvzhyvjg,Eywn,1672,45,Female,4,57.7375014902178
Klxqp,Xstrzq,9957,56,Female,1,86.8603843574863
Klzhrbj,Mckbaq,14592,38,Other,5,59.7382704716973
Kmdbjdvs,Hpcchycm,4852,58,Male,1,62.0468895311053
Kmgtmyiyx,Yubhwj,17107,43,Other,2,56.4128376283516
Kmhn,Vsygzyqa,7634,20,Female,4,64.336371049772
Kmho,Bwzic,19561,52,Female,4,40.5673861533538
Kmiueeo,Ltnyva,3225,46,Female,2,61.0213567800824
Kmkfo,Sowjulpre,12518,26,Female,5,58.7124562098429
Kmly,Bkrtlos,6980,22,Male,3,60.0817096569318
Kmmv,Oxinujf,6360,44,Male,1,64.6623822651279
Kmmxclvz,Mzbm,3948,41,Male,3,47.2511321472208
Kmng,Mjomwrmf,10160,44,Male,5,59.4707062781195
Kmnsmexx,Bomyshgxp,4598,44,Male,1,62.1338182481842
Kmqdna,Uwriqvqip,11295,98,Male,4,68.4024178341503
Kmqrgkhk,Geluklyl,2941,19,Male,1,77.7515990768852
Kmrwkxu,Rqahozdo,10958,67,Female,4,42.3528182824538
Kmsl,Mdmivlngo,4756,86,Female,1,47.1789244036144
Kmuegha,Agzyll,19514,49,Male,3,41.0162414401475
Kmvzu,Fvtqtte,6263,53,Male,2,83.4907072818858
Kmzrslfo,Ddzzixu,9629,28,Male,1,68.3750775987949
Kmzuwiigj,Vubbrbrwx,11386,34,Male,3,63.0519807736196
Knggftsln,Tlxhp,11430,81,Male,3,56.5976169122721
Knhd,Wbgwo,15291,39,Female,1,75.2101115758902
Knhmn,Ukermf,14107,46,Female,5,71.8024195157599
Knhnmjfc,Sxdn,8186,88,Unspecified,2,55.9560434874015
Knkdgz,Ofkqta,4804,24,Male,3,55.8316327541191
Knnb,Mdqwzxj,1698,98,Other,4,53.9023589084947
Knowlucl,Ilyxa,13740,93,Female,2,81.9587261881741
Knubh,Gzgebxpq,9335,34,Male,4,60.2430332279432
Knwduoyrm,Kkhylyptw,8040,37,Male,1,57.1323173044327
Koewa,Lxob,11615,48,Male,4,73.2261792309739
Kojbktx,Qyulggcp,8645,68,Male,1,68.6121444802136
Kojtpk,Gyoxsrz,14813,26,Female,5,60.520068847034
Kolmky,Ogvlnte,19471,76,Male,4,71.4490783383172
Kolmzhhiq,Giasukih,5813,30,Male,5,62.76964479228
Koopkj,Ebwaz,19898,46,Male,5,66.3963620105563
Koqtybcqk,Fsii,11463,53,Male,5,46.6744426286502
Koujfytw,Klhg,1671,86,Male,5,60.3040860312913
Kowesxu,Cdsvmfjdb,16615,48,Female,4,39.951718372843
Kpbdvni,Recj,10887,21,Male,5,56.4301220173301
Kpdjoq,Szpxw,7394,73,Female,2,66.3154858281042
Kpedl,Txfmk,12199,23,Female,1,44.4344579305956
Kpfscbwgt,Fdpw,7795,44,Female,3,35.0539522386491
Kphks,Ryirnk,12657,43,Female,3,52.5452151330841
Kpiham,Wegz,2933,91,Female,4,64.3928769248558
Kpjswugr,Gryrmln,16132,85,Female,1,52.9152399868731
Kplycbt,Kwyexgtbr,18264,63,Male,2,82.398763867579
Kppirbjae,Aiqnnmf,4498,92,Unspecified,1,44.3589438263488
Kpql,Cjduqoxnz,2483,75,Female,3,72.3145391137229
Kptr,Gcmxlt,12475,37,Female,4,58.3867272221401
Kptyo,Wvqvw,5501,19,Female,4,77.3219954636887
Kpvb,Mmqz,3985,50,Male,4,62.8484572666538
Kpvwiuk,Vtffprcoe,8815,77,Female,3,56.7479353255514
Kpzhwym,Dlib,19427,30,Female,5,49.3168605889849
Kqcms,Hmasp,7137,75,Female,2,63.0374421624792
Kqglsdyrs,Yyfttbajn,5766,20,Male,1,52.7431027600368
Kqizfpf,Epqybtr,10783,47,Female,4,45.240189772432
Kqln,Tngr,12352,58,Male,5,69.3870359064147
Kqls,Wgzh,1524,36,Unspecified,4,48.5429144691532
Kqlxwoch,Kvyk,8894,50,Female,1,67.089904901754
Kqpvbk,Vhedvlvz,2063,49,Male,4,75.4078068163709
Kqqobuza,Pgxgpexql,1457,91,Unspecified,1,77.1749859324598
Kqsn,Pebfdzb,19989,54,Male,3,51.9255074014358
Kquzefg,Yixisj,18126,18,Unspecified,1,82.7232135359087
Kqwjulhby,Rpxnwbaqz,6910,54,Male,4,66.2950052271644
Kqwrzjs,Xlqjryi,12061,73,Female,5,59.773634637947
Kqxq,Chxgewhs,10741,41,Male,1,55.2427201444682
Kqyva,Hrvxq,13982,35,Male,3,44.5415773455335
Krap,Nzmvb,11282,48,Female,3,66.4735362807548
Krbsp,Xpqjvwg,12208,58,Male,3,48.4509055606363
Krbwfljle,Skiiqvuc,4615,20,Male,5,61.0529856047736
Krdvcf,Uvqjbu,17251,33,Female,3,59.4132400875671
Krfomdjql,Pcyy,18036,52,Other,1,47.6881809191865
Krgwmiii,Mrccylln,11088,21,Female,4,60.83320142092
Kriudzvo,Reohs,11817,60,Male,5,57.6235536840498
Krkbe,Gfcab,14846,90,Male,2,56.5002007998321
Krlqyokt,Ewjz,9575,44,Unspecified,1,64.5876370408774
Krmbptiw,Hwbtbpv,17130,77,Male,2,54.6902540489258
Krme,Fthwgbo,19234,89,Male,2,40.7716483576184
Krodrkzy,Qpjjvqy,7962,33,Male,1,63.8668168689533
Krqisup,Fmha,11654,49,Male,1,80.7571411511617
Krqlgkbd,Hxymfc,18281,48,Male,2,55.3302663811962
Krxus,Hnqa,7298,98,Male,3,74.7424769605901
Ksbhankt,Elsucfg,4225,68,Other,1,67.72300705609
Kschqsnb,Bufau,18927,55,Female,1,56.953374930693
Kshoarm,Rraao,15446,90,Female,3,75.7209231384731
Ksjsvq,Cojjkbc,15584,83,Female,5,62.612683713257
Ksltyp,Yfrl,6840,64,Male,4,49.0649385055745
Ksnkq,Ddqsfkys,13860,25,Male,2,56.6214573902101
Ksnlf,Hamh,9300,95,Unspecified,4,41.8176689936345
Ksny,Mqytgfcj,15713,44,Male,3,60.9383873685959
Ksvp,Bwbgsrfwb,3155,45,Female,3,79.3687531756525
Kszj,Pyxlhc,17320,53,Female,4,76.0097525170001
Ktfnzdedd,Qeygkxm,9372,34,Male,5,75.3777736395502
Ktgelji,Pjhqmvzfb,17589,95,Male,4,30.7258700764257
Ktltb,Jxmtg,6340,72,Male,5,76.2587067473879
Ktoqc,Wnjzmzf,17681,84,Other,3,58.208664774947
Ktpji,Pdtdiszv,3109,77,Female,2,56.5438422833561
Ktplt,Hygxe,11790,89,Male,3,65.2643234116965
Ktqiphd,Wanb,11174,53,Male,2,73.3555983124895
Ktrnawb,Ebnil,14704,87,Male,5,45.5879608564105
Ktshhutw,Ogkt,14911,29,Unspecified,3,40.8510470511758
Ktuo,Lkvs,16302,74,Male,1,72.546310008775
Ktut,Urajtfr,12934,70,Male,2,55.431928239356
Ktuybbc,Oxet,5595,20,Female,2,42.7711881015308
Ktvht,Vwzyuyen,4399,66,Other,5,70.6473329389021
Ktwbh,Ndcynfimk,1655,33,Female,2,53.805765667526
Ktxboxtqd,Jftbuhvb,5055,61,Male,1,57.4858403349037
Ktxnt,Sdrowtdj,10836,57,Female,3,68.8598459896563
Ktzf,Bowekhfn,16470,36,Other,2,56.4472886119941
Ktzkp,Ktnilz,6065,98,Female,3,69.2933810369416
Kubdo,Tqetbcquz,5209,29,Female,2,59.020026480608
Kueoyuh,Dkyedjj,16532,37,Male,3,52.9114617326875
Kuft,Vugayfo,11634,40,Male,2,61.0136745831427
Kuharjm,Lijv,3072,37,Female,2,45.0603244586061
Kuhqx,Jminqjd,18146,50,Female,2,64.9711350486713
Kuixgl,Xfbxmcl,18716,88,Other,2,66.0304986760403
Kujfsth,Zsvb,13977,46,Female,3,64.0906514795257
Kujquat,Uhmkg,7936,76,Male,3,68.7098449554387
Kulmflj,Imopqfss,7602,57,Male,2,79.7978430177946
Kupih,Efuymes,7251,54,Female,5,55.1542235567939
Kuptqfu,Pejee,9845,98,Other,4,54.5163029266072
Kutaniqo,Jaxkmjrbv,19025,81,Unspecified,1,66.4999165812417
Kuuv,Brckxjxm,14895,69,Male,2,45.4169081763959
Kuvqqnf,Gruok,1222,47,Female,5,48.9377120998778
Kvdddg,Ifmd,11134,77,Female,5,55.4927245518152
Kvdvvvzen,Ootri,17197,30,Female,5,41.2856578876773
Kvfb,Mrdejac,19534,71,Male,2,77.3032867825325
Kvgxqhx,Xyticgqm,17760,85,Female,1,64.5932749474504
Kvhwrcou,Lpuacqap,13065,80,Female,3,46.0245342468232
Kvijdqeym,Abpvyafx,14370,30,Female,3,55.8424801086626
Kvlsk,Hllfsya,2143,40,Female,4,54.9841325078083
Kvlztpjyr,Xdotj,16742,19,Female,1,47.4920464224268
Kvnkg,Iwnzpyy,1663,87,Male,3,54.7179812840214
Kvofglkin,Urugioea,13502,23,Male,1,37.5225359788664
Kvpuh,Mmnvnx,9124,18,Female,4,65.4501150226662
Kvsi,Ouctn,14170,83,Female,1,58.1767957255368
Kvusc,Skfuu,19257,86,Female,5,76.1403489837298
Kvuxfz,Cflo,10857,57,Female,5,55.9625824270713
Kvvqixh,Jyrg,7980,26,Male,3,50.0234821372247
Kwae,Tzygxidv,9055,27,Female,4,68.7595016802503
Kwdjchn,Tuwyjrur,16644,73,Male,2,68.0683044879406
Kwifrtysu,Giii,9548,35,Other,2,62.0888360354323
Kwmip,Cgdtlo,15325,27,Male,3,68.9781871221532
Kwoihnfp,Mxjwbhn,10018,33,Female,4,62.0947464937022
Kwthjrh,Wmsmidp,3547,78,Female,5,64.6083323065466
Kwudcn,Kizflfh,4059,73,Male,1,61.0286994743906
Kwwvespuy,Gzxuznjbo,9825,58,Male,4,67.6077849224835
Kwyyqij,Ikpkb,13594,73,Male,3,47.2208883386094
Kwzgdil,Hcuqk,15084,76,Female,3,47.0222459105025
Kxas,Oaeoygi,9622,57,Female,3,71.2421399165402
Kxbhrnun,Wtrfv,11606,20,Female,2,67.9123579027967
Kxcg,Edqtizgbs,17591,84,Female,1,57.4339676821837
Kxdvj,Nglvtk,10916,47,Male,1,52.4650675465162
Kxihhqbry,Bafxtxjp,15332,66,Other,1,68.2051242498895
Kxlb,Jfbrs,10477,50,Female,3,64.2531565326839
Kxmrrd,Gzegoaw,12762,43,Male,3,47.7267010748732
Kxrfa,Yvmektkop,1088,25,Male,5,59.8557708909559
Kxsom,Hjfjh,2686,30,Male,4,64.2921053676775
Kxwgwklij,Whhwcy,2856,47,Male,1,70.9095879642274
Kyayo,Chpjtw,11476,46,Male,3,57.0993160962045
Kydn,Esnfbtdi,1965,37,Male,2,60.073764359563
Kyehrtqt,Mnnlywu,14822,69,Unspecified,3,54.2329782128151
Kyei,Aefihv,6277,33,Male,1,82.2492888308653
Kyipzjixd,Vtnzhtb,16813,66,Female,4,54.0375011531133
Kykid,Jdod,4283,92,Other,4,39.7058643587104
Kyracbh,Tyalvpi,10698,90,Male,1,57.8154892302519
Kyro,Semfj,14617,19,Male,4,50.735570283819
Kysbhpayb,Fjmklajm,7009,96,Female,4,44.6015650726747
Kysg,Rqhepyk,15410,71,Male,4,46.2043920928292
Kytbt,Geudmvzo,16696,57,Male,2,59.5454666466225
Kyvlj,Tuciqiw,16392,70,Male,4,66.6857493443867
Kyvs,Zbwztb,11921,27,Female,5,93.0920378444945
Kyxb,Znfvmtqu,13774,38,Female,4,78.6677241783348
Kyxv,Giwj,9329,37,Other,1,63.0526855296995
Kyyjlub,Gsapdz,5263,44,Female,1,60.8260575934303
Kzalduwlx,Varzspke,13391,80,Other,1,67.4349853206761
Kzboi,Giga,1680,33,Male,4,37.2713407985759
Kzdj,Ubjfxlfx,15602,21,Other,1,64.6175463869892
Kzea,Oqvqux,7296,52,Male,3,51.0179697997925
Kzgoozvma,Ghfzyhnjx,18321,37,Female,1,52.5500632537993
Kzjcjyq,Pupefrrs,7570,42,Female,4,64.0270437974381
Kzjulfesd,Mvllpdmo,15922,28,Male,3,45.4725886304776
Kzld,Fwssrpym,13407,55,Male,2,55.8792633372765
Kzmqzfnl,Kqdkiy,14770,33,Female,5,57.6463507237856
Kzravzf,Dgqybmglb,5491,33,Male,1,36.0540240004823
Kzrmah,Phxoyzj,10058,61,Female,3,47.26191386783
Kzubhwpe,Chufuzl,3900,48,Male,1,74.9293690109989
Kzusmllfi,Rhcjmzbls,2304,42,Male,2,62.5503826995321
Kzywol,Uljhem,18257,35,Female,1,60.6793314947655
Kzzwrrtlt,Wopj,4997,73,Female,5,57.9567793886006
Laby,Smgbg,12342,41,Unspecified,1,67.2023561073965
Ladnppr,Rcxebvgq,13710,24,Male,5,56.8810230753509
Lagzgctm,Zibmd,4983,57,Male,3,59.4497236351053
Lahlu,Jvhav,6685,87,Female,3,63.0970500565638
Laislqd,Udwaz,12246,63,Male,4,33.9785451964704
Lajfenoth,Efcdtyeqs,19500,67,Other,4,41.0807467618365
Lajjiufz,Ccdhtat,10551,33,Female,4,49.580360472764
Lajpnw,Zqxruxvqt,19852,30,Male,5,61.6164660196795
Lajye,Dntzuez,15831,33,Female,4,55.8889037120224
Lakc,Sfvryun,12996,65,Female,2,71.5244118779281
Lameid,Sshnbod,16958,87,Male,2,53.6095923019503
Lamnzi,Hykuwmg,18813,69,Female,4,75.5041708237191
Lamsbuz,Lzzbqe,15911,46,Female,2,58.3878744485846
Laoabxwvk,Ikfcl,18825,37,Female,3,72.160334740047
Laqeowgfc,Yltmxsrz,5475,51,Other,1,39.7736518272439
Larnrafs,Imof,9688,85,Female,4,53.6416199458639
Larryz,Ptvsl,19697,30,Unspecified,3,52.1168780609379
Latjska,Rbnqm,18246,21,Female,1,66.522852166781
Latp,Yrprxtoig,14126,29,Female,5,64.7345943357699
Lawe,Tworqhhe,7056,59,Female,3,53.3469635493466
Lawsls,Vjjiw,9411,96,Unspecified,5,46.2548197529778
Laxemqdvj,Yhutpao,4429,86,Female,3,55.5762843085819
Layayepmg,Nmhfabctp,15889,75,Female,1,45.1519688260722
Layhpuu,Ziatgvos,13462,21,Male,1,74.6177793270926
Lbdsxkbam,Xbyhsylkm,7469,38,Other,4,69.4169787413393
Lbffc,Kmtfzqq,18732,25,Male,1,68.9220747054786
Lbgflpi,Cuullh,11559,88,Female,3,75.0568730098584
Lbicjqwx,Yjspp,14449,91,Female,3,64.5667636617414
Lbiemykua,Plglmll,17801,43,Male,4,49.1330006631445
Lbir,Qugf,11516,95,Female,1,39.4751706093213
Lbjqpr,Cfsx,19478,67,Male,1,55.8335374151189
Lbjrz,Ecykutwv,5639,19,Female,2,68.8142625530643
Lbnjt,Dhec,3261,33,Female,4,61.2743935874534
Lbofgz,Mraghqc,5958,90,Male,2,68.9452436135478
Lbqo,Iepexs,1662,75,Male,5,57.4716245215078
Lbtvky,Mpjid,4161,47,Female,4,63.7992167684701
Lbvbzey,Uqjgpum,6226,45,Female,3,42.2738224488141
Lbwjerxu,Qnaefnj,11651,21,Male,3,49.9513766665437
Lbxge,Ztxy,18158,41,Male,2,68.754174645253
Lbxiriux,Hhci,16553,22,Female,4,63.7085094826677
Lbzb,Uvsvc,10865,41,Male,5,67.0266927529359
Lcaa,Okhwte,10076,86,Female,2,61.8632134327655
Lcbnqfad,Bccumwhy,9219,63,Female,3,66.5705497590366
Lcdmshb,Evkcweo,2493,40,Female,4,55.06558946967
Lcjietwc,Vmavv,1882,95,Male,2,39.663757084159
Lcjze,Amopbff,4116,25,Female,5,59.1768949167153
Lclylbwzr,Okbevynlz,9233,91,Female,1,69.8599190770417
Lcmjjzqah,Kolv,19018,89,Female,4,50.3334878698289
Lcnncmq,Nrhw,4118,61,Female,5,72.9685498763992
Lcodibi,Kviyaclt,7896,61,Male,3,66.6056443866544
Lcpfhe,Onlabu,3087,46,Other,3,25.4623284176968
Lcquplat,Xksthws,18774,56,Male,2,48.1969961837612
Lcrgycloi,Cgptuwex,14461,60,Female,5,51.6616841841684
Lctbjxjte,Jnhigpy,13228,96,Female,5,65.4225024853996
Lctq,Fkteb,3416,55,Female,4,59.2768782500791
Lcvfpwy,Wkbd,19615,75,Unspecified,4,89.8823021072555
Lcvftxxro,Fmrn,11047,32,Female,2,65.3216672116217
Lcvhfi,Nmqb,9518,53,Male,5,41.8728074029086
Lcvm,Atug,13742,29,Female,4,57.0797506999434
Lcwbfv,Axijwfd,5462,43,Male,2,55.9794717617351
Lcwls,Slsqesfw,6487,22,Other,2,47.2350483385879
Ldah,Itzcro,14255,72,Unspecified,4,74.6214974571636
Lddbjqpmn,Kwuyoaj,16411,88,Unspecified,5,55.1360910055295
Ldejeu,Addwx,17666,66,Female,1,75.2073192618722
Ldemzu,Ezifx,18778,66,Female,3,64.6387574023947
Ldiy,Qopsxdbq,12572,19,Male,4,43.6739474266462
Ldjkyjsr,Qqzih,12923,32,Male,2,65.7175372422416
Ldmtz,Tpqhe,3903,51,Female,5,67.6936983763731
Ldqqhbi,Cspgunjs,14564,51,Female,5,58.8749060067954
Ldrrqytrv,Spnc,4882,60,Male,4,45.1408398236327
Ldsfvbtso,Gizxfjzh,5035,43,Male,1,65.777473844469
Ldueeru,Uqmpgejb,14589,20,Female,1,64.9071210633964
Lduspypks,Mtfpklila,14422,27,Male,1,54.2701183361107
Ldwdbkzq,Bhxpqnw,2981,89,Female,1,66.8996545056079
Ldxcv,Cicu,4434,24,Female,5,68.7486522136398
Ldzrvwezq,Mjlmdl,5767,56,Male,5,56.3573402292796
Leahkvtb,Qqukhgv,10559,53,Female,3,54.5030553091392
Lecvjsv,Golrexby,9655,46,Male,1,68.4237646013304
Leczijk,Fbvyqe,4525,61,Male,2,58.3502867212476
Lees,Zuhjsjp,18506,39,Male,3,81.414612585703
Lefwsudac,Vwhtry,15231,87,Male,4,68.0489014045514
Leglbli,Xdbylrrv,8332,50,Female,3,67.5938059963041
Lehkds,Yzfznxugi,8048,65,Male,3,73.0050300897762
Lelj,Hbuxsssg,13730,72,Male,5,56.1937028907195
Lepsdafoe,Dziqqqi,10162,36,Female,4,38.6942456484822
Leskmae,Iiegd,3971,44,Female,5,46.6937138225064
Leuffd,Fwztm,9018,97,Female,4,62.367420038501
Levk,Okgh,4715,89,Female,2,50.5633578586684
Lezodnnlc,Agljtscfg,15864,33,Female,3,68.0942223544579
Lfcbwgqve,Kjtitun,8739,81,Female,2,59.4096176953993
Lfccv,Nvtqewdqs,11902,25,Other,2,83.2103978198162
Lfcsxxqja,Pkkqko,15337,36,Other,1,61.3193753770993
Lfcureh,Avgxskcm,7308,90,Female,5,43.9016686313331
Lffiowyzl,Jjufvtb,4128,98,Male,1,57.1119098424183
Lfgejh,Hdce,7003,87,Female,4,45.8369549142694
Lfgwdkzvu,Hotdslvik,11910,63,Female,4,68.0300687596159
Lfgyfq,Bnkkjyy,3300,88,Female,2,69.510836445155
Lfhjeaca,Xvjnodv,15508,94,Male,1,62.209637446178
Lfhymkb,Imcbxbawi,11512,60,Male,5,57.4373403572858
Lfidhn,Enmmepc,18235,61,Female,4,52.5327947383065
Lflrxxk,Wnancthu,10181,83,Female,1,81.4634125709368
Lfnpzotwh,Skmgvs,16810,86,Female,4,64.3367811730808
Lfqhha,Avtjc,12641,98,Female,2,53.6808875929526
Lfru,Vmpdu,10892,23,Male,3,44.2045581761139
Lfrytqzze,Aamex,13858,45,Female,5,66.4968977495699
Lfsp,Vluj,4447,24,Female,2,69.9524539003011
Lftulk,Vvev,12068,24,Male,1,45.572152505456
Lfutte,Gzaxcjva,2051,67,Male,4,77.0051027723172
Lfvkbeld,Uedpd,3027,69,Male,1,58.0637696968536
Lgafwjv,Oomryl,12869,88,Male,4,55.0414643411905
Lgcwyo,Nkcsslrbk,17405,58,Unspecified,5,52.9321716684876
Lgeiptq,Twox,2774,98,Unspecified,2,52.6152170909802
Lggfykj,Jbebcwg,9479,40,Female,3,50.3545945939847
Lggrl,Ovutchl,2255,26,Female,1,20.5937987732072
Lggtm,Axyfqz,13485,19,Female,1,53.5762230755485
Lghxq,Iljfxaerv,7850,48,Male,5,55.5602859375189
Lglrwoz,Gpkqpx,5517,74,Female,2,49.3206660235128
Lgnchzdm,Nfoxrwx,18560,31,Other,2,47.1291635188199
Lgqegpvk,Tshgpph,15797,97,Other,3,66.2353682467396
Lgqrzxce,Tbusvcmv,14923,43,Male,5,70.6593633615635
Lgtxdl,Vhizgs,11915,24,Female,4,56.3513377994895
Lguz,Isrp,4272,51,Female,4,67.0122976152982
Lgwhud,Ouud,17018,48,Female,3,57.2355138060755
Lgxkk,Uglfhl,1287,32,Male,1,44.4511906011734
Lhaoxwy,Lvrv,17631,90,Male,1,75.6521204611989
Lhawac,Jysjl,15858,70,Male,1,54.9723005816617
Lhdo,Cppvleys,5679,30,Male,3,58.3789508468993
Lhfnc,Imyxd,6792,41,Male,3,47.8412815789481
Lhht,Buumhfi,6198,30,Male,2,36.9604315232301
Lhio,Orvi,2618,87,Male,1,51.1490983261648
Lhjuzn,Asxwpsapa,3536,47,Male,4,71.037765725018
Lhkvhzmww,Sozx,12083,58,Female,4,41.523654368378
Lhlqwes,Lquq,19712,91,Female,4,56.3829309318456
Lhmij,Nbppr,12241,72,Unspecified,2,51.9588431928779
Lhmxosoj,Jwzqwkpq,2112,31,Male,2,42.1040872746673
Lhpfvzyg,Djtn,9141,94,Male,5,65.2824644554253
Lhpunpn,Dfbsxpxol,19540,36,Female,1,63.4515585967055
Lhsgpdz,Vmhaduy,10046,45,Female,2,84.0848222062799
Lhtzqyw,Mzti,15689,46,Male,1,52.2912393738352
Lhuriuvqr,Atbkt,7854,75,Female,1,56.4575125335061
Lhut,Gjafqq,5947,84,Female,1,53.6169364641197
Lhydonn,Leztyyidn,19306,19,Female,1,74.8837561673671
Lhzue,Wrsroez,19159,31,Male,3,71.7958206626124
Liapxyulb,Nmgchhvhw,7106,74,Female,4,65.4452213572928
Libyfsns,Efmsopf,11505,32,Male,1,68.0894501806836
Ligg,Ahivihgr,10037,86,Female,5,76.0335853240908
Lign,Nyawpxe,6872,67,Female,2,51.4653831387702
Ligvgjyhq,Cnsemf,3038,86,Female,3,62.0905161487242
Lirzii,Pzxjprfm,1491,97,Male,1,74.2347094425763
Livdxchcz,Bbcfimj,14619,61,Male,1,39.853957362375
Lixyvzy,Gartjilj,8866,25,Female,4,56.0117159344967
Liycevwc,Nargixi,10931,21,Female,4,75.0800833238114
Liygxn,Kdcxx,9091,18,Male,5,69.1791098953841
Liyho,Jimpnxa,13984,50,Female,4,63.9967186926112
Liyn,Sidwmp,16863,32,Unspecified,5,77.6602343031458
Ljafznrg,Pzovpxhy,5029,53,Female,2,58.7026257432016
Ljbogdewl,Vxpo,8230,36,Other,2,66.6591021403143
Ljbqyte,Uogl,2399,23,Male,5,60.602747833226
Ljdhj,Kdtuidv,13950,70,Other,5,83.0532741931672
Ljfsdzj,Ngoehglh,10880,75,Female,2,69.3641026596981
Ljhlemxgw,Ipjwkcd,2965,94,Male,4,54.1672811916109
Ljijsvjge,Eotpquxa,1071,61,Female,4,67.0457197208531
Ljkm,Omhzkwpu,19245,22,Female,4,73.8079423513222
Ljkt,Hsirkyok,9364,40,Other,3,74.8628008848457
Ljllcm,Yxsk,12031,50,Male,3,46.8545207142731
Ljnciazl,Krfclukw,7383,50,Male,5,65.2172548030332
Ljoszwmsh,Qktcog,4980,28,Female,2,57.4789391244787
Ljqsifcc,Lhcxlb,17934,51,Male,1,66.0369639524825
Ljrok,Dftxnzjqr,13432,52,Female,4,74.6091870449226
Ljvxrppw,Vvsnw,11828,44,Female,3,49.3507547736817
Ljxbafkl,Kperqdoms,8032,36,Male,4,63.2064780688334
Ljxfyvp,Egtqo,1691,20,Male,3,81.6112239490748
Lkamlti,Osjlxaz,13280,61,Female,3,52.2659651731996
Lkbl,Uzen,7429,77,Male,5,57.3700431769666
Lkeqab,Syrtuw,8005,51,Male,1,56.3792858059674
Lkfwpi,Xqdpruao,9409,35,Female,2,75.8871639742143
Lkkb,Ukcqelpu,9112,89,Female,1,39.2116378596162
Lkkey,Vbxueygt,16329,60,Female,2,68.4400459600872
Lkkid,Uttll,13077,19,Male,5,76.1528605144674
Lkkkss,Dzzrmw,2261,79,Other,5,75.6549799164839
Lkmugs,Dhdivn,12548,32,Male,5,65.4184366300607
Lknevocke,Gmlcagr,3338,27,Female,4,53.119441591501
Lknypzj,Jnjiqrwi,4768,41,Male,4,85.8550613497886
Lkpqnahlh,Tepr,12295,82,Male,5,37.9039944256995
Lkprdmrv,Lautri,1321,53,Female,2,66.047518304943
Lkswenk,Zahvrmhx,14336,96,Male,4,71.97872103178
Lkujlaaxs,Sqixftz,4456,55,Male,1,53.6144785254642
Lkvso,Doazqoxv,2787,95,Female,5,69.513548531249
Lkxmxbotb,Pisdmntl,11848,54,Male,3,62.1082989902496
Llbhxqhpw,Zwuewabq,3001,38,Unspecified,1,60.7237917314848
Lldavrfp,Ioffbaxe,11977,63,Unspecified,1,69.3620126670646
Llfypcnl,Kwak,14876,42,Male,4,54.8985875681912
Llhv,Iyfjafca,10262,20,Other,5,89.4975563806917
Llhvyldpm,Kglyqmv,16237,32,Female,3,74.2753408772368
Lliaunnf,Ttyffjzw,12703,32,Unspecified,5,79.3404131850452
Lliz,Aflzfab,3743,57,Female,5,68.1867621167497
Llljzm,Ukbgocwxa,18631,51,Male,1,62.1419747694798
Llmynpac,Xwhkr,14809,79,Male,2,56.8389262961657
Llpinbldv,Dznot,2323,18,Male,5,67.0674453999128
Llpr,Guwyoe,5024,35,Male,5,51.089439196974
Lltnr,Geslgvxr,15712,27,Male,3,61.4968004300974
Llujrmreb,Fdkoe,6029,58,Female,2,58.5957861355889
Llyxjyjzd,Yibhfuvlb,13179,50,Female,3,37.5345147896629
Llzmirz,Eyvdoq,2826,88,Male,2,78.4598791010152
Lmcvy,Hibgsk,5165,82,Female,4,61.8539152702731
Lmdrzxs,Bymgx,9841,24,Female,4,61.4175111237422
Lmgrajw,Wqtbckkot,10324,78,Other,3,77.5430930446374
Lmjm,Azuwwojcs,8300,69,Female,4,69.8901935512342
Lmju,Ihwclnn,16978,24,Other,1,73.7688816650383
Lmlier,Lsvosud,4771,59,Female,1,76.0068047588527
Lmnrm,Pslfbfl,19389,65,Female,3,62.9843842495558
Lmpu,Qyhmtsp,14127,90,Male,5,60.5073968011187
Lmpvju,Rdfcrz,9824,69,Male,1,67.27460980054
Lmrvrbpq,Bjebvxzy,3264,65,Male,5,53.5789709690591
Lmuenvm,Lmlufhnx,8235,18,Other,5,44.2708781643779
Lmujdt,Gfqpxm,8167,81,Female,1,47.1560199433203
Lmwjcwa,Asydjkthp,7208,94,Other,1,36.92932530672
Lmypbflhr,Rfudoc,11401,31,Female,5,43.4538452255664
Lnafsja,Ueuz,15608,18,Male,3,65.7717061578409
Lnasy,Cpufnetq,13896,34,Other,2,62.4551613965195
Lnbgre,Ertbalyv,5922,37,Female,2,69.0480084995972
Lncainxae,Zgwzd,6749,51,Female,3,50.1823847006592
Lncerc,Ftnfilat,7146,96,Male,4,74.6472475803414
Lndxojfvn,Faxxa,14400,30,Other,3,70.1615552089355
Lndxttc,Ficv,9196,84,Female,5,63.3961555358721
Lnequb,Uyjjeo,7870,44,Female,2,58.3646748647535
Lngqvdqdq,Enfffpuat,9115,55,Male,2,74.1276464565805
Lnhctgghw,Jkndgxcua,17932,40,Male,4,59.2885614949825
Lnii,Wavrymlg,3588,60,Other,4,65.6056995427219
Lnjkhqf,Cien,18177,22,Male,4,51.2361260889689
Lnjy,Duqrx,1009,55,Female,3,61.3440960577524
Lnliah,Lkuqqer,2377,72,Female,1,66.2210570393115
Lnll,Ftvbilg,3432,93,Male,1,74.0258654584811
Lnqzorefb,Gcgjzoa,15538,95,Female,5,53.6337613830441
Lntwtlvf,Fmzotndya,5934,77,Female,3,56.5141378176462
Lnvezprcc,Mebt,12568,71,Unspecified,5,77.6428349179888
Lnxkf,Okufuu,10095,76,Male,5,61.5166812173987
Lnzte,Kkwgzycm,18014,18,Female,3,95.3385058046901
Logth,Yeurt,13842,29,Unspecified,1,71.9743467888888
Loicwv,Eoemeors,16866,22,Female,1,45.5589251179797
Lokulhwk,Hfbozols,14135,90,Male,3,66.4767791845179
Lokzrsfl,Dklzr,10281,19,Female,4,64.203929625015
Lolakq,Xhpcv,3292,68,Female,2,35.0151004386143
Lolzmuijs,Ypxqqe,9980,55,Female,5,60.0323267041925
Lonjek,Xuvovee,6604,46,Other,5,36.5686433571824
Looh,Crqkhzb,9262,44,Male,3,71.1214086645743
Loon,Qdpjbj,12829,38,Male,3,27.2480087770208
Loqubrmwo,Cecelgsrh,11627,62,Female,5,60.5725747906023
Louk,Wxtqsjnrz,19450,65,Female,2,56.1053523495358
Louurx,Xhiofciv,15868,58,Unspecified,5,59.4379510851575
Loveppvjl,Eeyhmdc,1505,30,Female,3,55.2064136270148
Lovhdf,Mlzjfpn,14229,83,Male,5,43.3908529944757
Lovuwpb,Etvrjos,5644,44,Male,2,63.8566546006269
Lowwqlqo,Bdpsyc,9722,42,Female,1,43.9612133483434
Loxlasttz,Lqwqq,14870,78,Female,3,57.448458645221
Lpbvdl,Srdty,10347,55,Other,3,62.3033400050704
Lpelpyx,Ltgumj,1648,66,Female,1,54.3501493149856
Lpemkd,Unxh,1043,72,Male,2,75.4434194771538
Lpfe,Qfxbeyq,7287,93,Unspecified,5,88.0749717613732
Lpjefon,Obcrf,18282,27,Male,3,47.6219320099593
Lpjmkwll,Mwtq,12976,21,Female,3,68.9053106977649
Lpkugisms,Wkujo,12956,41,Female,4,56.9624755482176
Lplt,Eijaoogu,13781,44,Female,3,71.1542110781139
Lpqomanid,Ylwdfkeqk,8601,30,Female,4,65.8334641611467
Lprmx,Pwypnar,13314,58,Female,4,58.6053993507307
Lpsbdtpn,Yfnnhqwht,15903,86,Other,2,62.0140855638957
Lpsludao,Ruqoaj,15232,82,Female,1,29.0587994516333
Lpvprpih,Xoaqdxqpg,11845,20,Unspecified,3,60.9916623188499
Lpvsfl,Ldqgvx,11254,21,Female,1,55.0120288142017
Lpxika,Vbtu,5986,67,Male,4,49.8887049834888
Lqanf,Hwfb,19432,74,Unspecified,4,46.8071558353083
Lqbcenrit,Xhoj,18061,94,Unspecified,4,41.0233413126251
Lqdurqk,Bkso,18229,49,Female,3,40.7510158577618
Lqewsurx,Gvawpcacp,10645,39,Other,4,75.1001569910235
Lqfw,Wjxstuh,4538,27,Female,1,55.663295787366
Lqgdmt,Cfishtzx,13889,58,Female,3,71.11242486838
Lqhm,Cgzxbkb,6379,26,Female,3,52.4505736026797
Lqlanqhj,Pixjxh,5062,36,Male,5,87.1909010888417
Lqlbz,Anhjco,14989,60,Female,3,56.4703944702947
Lqpg,Grhownv,15142,60,Male,5,59.1818414308671
Lqpp,Btrpwv,6203,24,Male,2,57.4635423192532
Lqqv,Jwvohueq,6140,78,Male,4,67.0412550790295
Lqrfhelnz,Srxurri,19138,34,Female,3,53.1644465861049
Lquasdamd,Ipvk,2311,42,Male,4,63.9150597902981
Lqwdimj,Nykn,7863,38,Female,1,54.9162139389806
Lqwegkg,Nmessrvh,6537,63,Female,1,63.8030364709891
Lqwvps,Qqyk,17795,96,Male,2,59.3697747066614
Lqypl,Jrah,16705,76,Female,5,55.4776227562103
Lrdrtvry,Lpgsvht,18034,69,Male,3,71.8772851660532
Lrexpkguv,Qwwup,14371,46,Female,2,55.1813989021097
Lrezic,Bzdmgxmw,16506,77,Male,1,60.7957764115762
Lrirxxlwe,Wuyg,16673,64,Female,5,48.5333649132209
Lrizq,Drvywd,17935,80,Other,4,68.9769511507255
Lrjbnwud,Ccuk,11632,54,Male,1,44.9393968846157
Lrjmcogx,Cittbzctv,10846,83,Male,3,61.7684216509418
Lrkqvhvm,Uvwi,5811,28,Female,2,62.02523703109
Lrlwkb,Jzriiym,18553,75,Male,2,75.1733361421117
Lrnhb,Vzvjquu,4705,46,Female,4,42.6439011162053
Lrnqcgq,Unns,16583,77,Male,3,41.1727157951652
Lrrepz,Mobfj,1790,62,Female,5,54.3632021251651
Lrsdf,Oemqjhnq,3452,84,Female,1,73.3403350618989
Lrtlsxsfp,Bwqeud,8664,97,Female,5,51.5347089460744
Lruwz,Yhgnh,15255,19,Male,4,62.9217765383316
Lrxlduxoo,Azajagd,9892,69,Male,5,58.1520200779335
Lsaoy,Vvufyviwj,12524,69,Male,2,79.8183732342042
Lsblieey,Sudpo,19845,58,Other,1,69.0919692781766
Lsbrxyg,Frhtd,15055,95,Male,3,57.5107412797543
Lsfopmgk,Khyhn,12150,43,Other,3,58.9338718598122
Lsfvwwlri,Ahqnuwjlo,2123,26,Male,5,63.8629438851715
Lsgkyvjgk,Agkcnvmce,13293,45,Male,4,86.8027937051388
Lsiqz,Mqiebrgqu,15605,45,Female,5,56.4552751784739
Lsjcyqkit,Ajmze,17384,64,Male,5,74.7355208327048
Lsjukrta,Wzuarew,1152,29,Male,3,59.9377103906848
Lskg,Ttecrpvqx,3456,45,Female,3,61.728062536175
Lsljifxz,Ilyistwi,19083,94,Female,3,60.8927240814916
Lsmvjsp,Ptkpvsl,14173,89,Other,1,68.0427841805016
Lsrblwnxl,Fqmr,18953,26,Male,4,74.6496504616501
Lsunm,Xaldf,7707,33,Female,3,72.150703891742
Lsvajrr,Shtuxt,1720,65,Female,4,67.6286218954985
Lsvog,Useg,3258,34,Other,3,56.9374265164113
Lszdv,Tofxyyd,8654,90,Male,4,81.3542928976165
Ltan,Rqitubx,8206,49,Female,3,66.1529851238678
Ltcxv,Bkzkzltr,17910,51,Unspecified,4,51.4661877789979
Ltegmovdy,Kapykyrx,18678,37,Other,5,68.9217823962774
Ltgo,Ejhyvps,15476,55,Male,4,73.3567309898828
Lthotxh,Eoxsatuzv,12515,42,Male,5,78.3123961277662
Lthqo,Ehweztbos,7467,39,Female,1,45.026979631773
Ltjjd,Ijfkrbu,9933,49,Female,2,70.4032691737883
Ltjosxzg,Onyy,17682,57,Male,5,71.8696141137963
Ltjrecgvf,Wgglnvs,7798,81,Female,1,64.923291054187
Ltkfzdqh,Opug,17532,50,Female,3,62.099931359944
Ltlzyubmf,Gdui,12754,68,Other,1,38.4911723006892
Ltogxsn,Xbic,17117,97,Female,4,63.2388706215123
Ltpy,Ybylof,16296,72,Male,1,52.567087004887
Ltqtg,Gktwsjwh,7331,50,Other,5,60.4327740845696
Ltrkjoqsf,Ipvtm,7306,29,Female,4,47.0874858080957
Ltselp,Ultzxjb,14407,94,Male,1,53.8922730767466
Ltsg,Tmbsjz,19568,96,Male,3,63.5652131047715
Lttoy,Yngclgznw,6519,33,Male,3,65.277895742486
Ltuuzx,Wzib,8662,81,Male,4,43.8019003792679
Ltvf,Ptcgo,14890,67,Male,1,78.4708621675016
Ltwbqsso,Gavi,2033,36,Male,3,53.8676964930417
Ltwv,Hxyobhjz,10774,70,Male,4,28.9941627985491
Ltxjclgv,Ccjn,5711,89,Male,5,70.8169274557137
Luemkeeo,Neogfka,1146,62,Female,2,57.6109629328203
Lufelyt,Bvdtzury,10515,86,Male,3,68.6405387331312
Luftwoye,Sthazoxmb,15126,75,Female,2,28.319930445536
Lugpaicqx,Fxjz,19808,97,Female,1,58.4279355830431
Lujoam,Ulxecfia,16939,46,Male,5,61.3530520746752
Lukro,Vtjjqtb,10219,83,Female,3,30.2026546241256
Lumco,Wpcw,6326,60,Male,3,44.1916915875338
Lumsu,Rglgolqx,1445,72,Male,4,74.4917618014681
Lumt,Rzjkwsevf,5558,62,Female,1,65.8985861911002
Luonl,Aeud,1577,84,Female,2,78.4727429568563
Luqkn,Csbkun,11501,62,Female,5,38.429380444406
Luqrxnh,Ndtlexs,7975,96,Male,1,55.3310175443965
Lurspeqh,Dcholrj,11886,21,Unspecified,4,46.7957975207531
Lusucbvh,Kcstuwvn,16150,29,Male,3,82.2936091815495
Luuvjkao,Qauxrw,4938,41,Male,2,65.0322846061737
Luvzzece,Jusljfscr,12731,76,Other,3,43.4657045451511
Luygt,Eayqhgtc,15629,64,Male,5,62.9971779608342
Luysl,Fpmsewjea,7787,82,Male,5,78.7929692687511
Luzwmk,Igjyjpfkj,1117,81,Female,1,78.2228135349237
Lvbjwsmb,Srqtilp,19897,90,Female,4,62.386345973733
Lvdzt,Rhlpe,3271,49,Unspecified,3,71.6763355856005
Lvgtjuz,Mwqxbc,8882,71,Male,2,43.755148576139
Lvhwtm,Ckfaxh,11307,67,Other,2,61.2582415011571
Lvjf,Fnbuvsiba,14545,62,Male,1,55.4398417457161
Lvjkk,Qaup,11898,64,Male,5,69.9464945812878
Lvlcgl,Pcil,13913,92,Male,3,10.3929798180365
Lvpfppsr,Wpnyk,7947,55,Male,2,35.6771471737975
Lvpmrqlv,Cggw,8824,63,Male,2,54.0152166693882
Lvqd,Lvmudp,19241,88,Female,1,64.915777579389
Lvrvik,Vksyz,7856,19,Male,1,58.3016484431699
Lvrzqbnco,Pbhoz,1859,48,Other,4,52.1999432822615
Lvseht,Akjxbhsn,15785,33,Female,3,82.5015287048089
Lvyypbfka,Jvvxzk,1792,33,Female,1,60.0839285892283
Lwaenjcb,Gatariid,3037,25,Female,3,66.0805723219123
Lwaeye,Ekjjakog,2473,80,Other,4,48.6315951058804
Lwaiigkuq,Tpkl,19820,29,Other,3,63.0806525390428
Lwaosg,Yjoenben,16221,47,Unspecified,1,55.7483660856239
Lwcmfp,Bvzcyb,17622,43,Other,5,69.0814021277042
Lwdxmdrw,Jafvdlal,16891,52,Male,4,55.4083000652823
Lweqqoaqm,Wnuwpravy,12223,46,Female,1,65.2834155532691
Lwmafusne,Xsdw,19927,34,Female,2,43.0084258666226
Lwqzz,Sokozs,10754,42,Male,1,68.5605235996496
Lwror,Tevjzhrl,18043,58,Other,1,50.2588932569521
Lwrtugsjx,Vxybl,10735,49,Male,3,51.6935595088159
Lwufr,Keyouae,16210,23,Male,2,53.7793993189947
Lwwbluqq,Jfroda,1336,67,Male,4,68.8758828267992
Lwycitc,Oikuplso,14020,58,Female,3,70.0616174694321
Lwyelto,Tgzg,12603,65,Female,5,66.3820416802429
Lwyf,Cjdvj,18373,89,Male,3,80.9510021815862
Lwzcbzr,Kbsvtrfkt,1749,36,Female,5,58.9764540647358
Lxcu,Wwrelgzfz,11716,31,Male,3,69.424018487619
Lxdce,Vymdcrxt,18019,39,Male,5,76.7705080223959
Lxdhg,Trslhr,14332,20,Male,5,40.8399178105151
Lxgwarskl,Pbwfs,5985,71,Female,4,69.0877588730589
Lxlux,Zvhk,13520,70,Unspecified,3,72.8277131656581
Lxmkk,Viyf,9900,65,Female,3,65.4770945729044
Lxohcw,Akmr,3999,24,Female,5,45.0580868023988
Lxpmqh,Mmzprc,5284,58,Other,2,68.3646359458069
Lxpqjx,Ktinunb,9156,35,Female,3,60.1369859790852
Lxsnxb,Moti,17644,79,Other,4,64.315753680113
Lxua,Obgamd,3374,64,Female,2,35.9862941945243
Lxub,Dtkwcjzsq,13651,82,Male,5,79.1057767151519
Lxum,Qawniapv,6150,33,Male,4,65.0400757017689
Lxvwxn,Zjlxrdx,14398,81,Female,5,55.0880764686958
Lxwndd,Gdoqom,6990,72,Female,4,88.7551636356825
Lxwvrkme,Qrtl,5428,71,Unspecified,5,70.2970319842683
Lxxdqnl,Ptwagzod,5743,25,Male,3,63.1050345177565
Lxystr,Ulyb,19527,43,Male,5,58.2635709463807
Lyafzf,Npmzkd,15296,36,Female,4,59.3189875940955
Lyfzrzmug,Hitdd,9549,85,Female,3,44.3264453292618
Lyhtuhq,Lldzdbge,19007,68,Male,1,60.9397227572972
Lyitxr,Xiypmmqr,18418,41,Other,4,56.8784189165799
Lykguprz,Gwefbm,10073,81,Other,1,59.4591064895502
Lylll,Qzhvz,4416,31,Male,3,64.4430191446957
Lyodjuy,Evxp,17719,18,Other,5,70.1225632441571
Lypt,Npzi,13506,20,Female,1,54.0817030793769
Lyrt,Qqqikgpm,9799,80,Male,3,29.2233025279951
Lytu,Elqplv,11280,27,Other,4,51.3483987002394
Lyuewdvwc,Cswidtx,9363,39,Female,1,62.8390946322794
Lyufkyz,Disikz,19838,48,Female,3,35.4051153717268
Lyuo,Ylwyawkw,8986,91,Male,5,45.0814854704524
Lyuurfhee,Zqxuju,15784,27,Female,5,71.7626980810385
Lyvgdgay,Yptamr,2690,87,Unspecified,4,36.6414677833574
Lywxfnqgn,Zsudpyjmc,19142,44,Female,1,65.6546348662171
Lyzgop,Wahosn,11315,18,Female,5,62.4289472426295
Lyzuhvp,Msanr,4202,19,Female,2,55.7001472207628
Lyzztqfk,Gyrmiof,4653,22,Male,5,60.4407584015948
Lzia,Jxdd,15867,38,Female,5,57.3664398265547
Lzihmnkjm,Ceim,1783,49,Other,3,54.4776974174485
Lzjlugtww,Dlpmsb,10220,42,Male,3,54.3149183376675
Lzmnii,Jzqw,12850,34,Female,1,56.9172779699921
Lzmnvuluj,Wifqfnm,13759,77,Male,5,71.7106154767162
Lzndlgy,Bxue,9375,85,Male,3,57.7466840980466
Lzndvadt,Khtonfzqj,10333,93,Male,1,54.0725796865258
Lzpyd,Oqzyqj,12615,87,Female,4,55.7887315661358
Lzqwlfeqn,Kkskk,15635,71,Female,2,42.0039189942237
Lzrspzgfk,Tvwjlsp,15669,57,Male,5,60.6174619815306
Lzspt,Bedvldl,8500,55,Female,2,41.2659072983471
Lztne,Dtlo,19645,42,Male,4,51.6826756978871
Lztqdjoro,Dejpimy,11653,93,Female,4,73.7766393158159
Lzudmucm,Wrkkmy,9742,72,Female,5,70.9741580734747
Lzwmcb,Dbole,11100,59,Male,4,55.3849715873014
Lzwutrs,Grbt,3673,74,Female,5,64.397215931348
Lzyqgms,Gdsoo,11671,66,Female,5,52.0643687477796
Mabn,Nqcrpkqm,19089,19,Male,3,52.9966466220286
Mabsgbsxf,Smzjkmdet,3136,78,Male,1,70.6263901291571
Madlaiu,Iihiislxy,15421,50,Male,2,57.4550988500394
Mafi,Igmolm,15742,76,Female,5,60.6944323488537
Magiydhch,Zbkdix,10030,72,Male,1,65.4166663943309
Maknkc,Fiwn,6710,46,Male,3,47.5231657909626
Male,Tpunmvzut,10296,20,Other,3,79.9117781955296
Manngbw,Eicdowjyc,16349,39,Other,5,71.9331610211106
Maqysa,Uctqtfcjq,11754,96,Female,2,33.4194597464983
Maszkjxq,Xjtrs,4976,28,Female,3,72.7722796600349
Matlhii,Symbbij,6224,57,Female,5,67.1456234482834
Mauw,Uihtdugsz,4290,72,Female,1,68.7203034217303
Mavpug,Idtesiezj,5098,56,Other,3,54.4398472328537
Mazheif,Lcxymvpop,8376,45,Male,1,36.6082056496252
Mazwqeqi,Hmpcxqqqm,15437,35,Male,5,50.7189375199049
Mbapnpq,Bzkrhgkt,11854,74,Female,4,59.056964018343
Mbdiqioo,Hjdssthcw,12113,23,Male,3,47.4952070375644
Mbgo,Nealr,4586,55,Female,4,69.254589047691
Mbhjy,Gdbsfmj,2711,72,Male,5,58.4619377659135
Mbnfug,Zazdetpl,3259,85,Male,4,66.9373592166785
Mbpjxkw,Ogjeikdj,19286,41,Other,1,76.8093676498091
Mbrsb,Txyybgkmy,11555,75,Female,2,47.0742378758218
Mbte,Eplqn,7628,65,Female,5,64.7829192100601
Mbtf,Hfrhzfvc,10418,72,Female,3,85.3217559103208
Mbudt,Uicfzjdh,8105,39,Female,5,49.9016716133629
Mbufelmu,Svigfk,19965,48,Male,1,57.5784143618042
Mbwb,Vdafw,2972,62,Male,1,46.5467237123112
Mbxghmlkl,Zugcahv,17334,80,Female,1,68.0844191633477
Mbyfo,Mulamaw,16208,21,Male,1,57.7585487030583
Mcbvdaib,Ifrb,5505,53,Male,2,78.7133865997749
Mcennxh,Zxlua,15438,91,Male,1,64.2852734171708
Mcguvunym,Bogwyhjs,5160,60,Male,4,63.7836681526565
Mchdild,Abgecgo,12349,26,Male,4,57.3184762574943
Mcjnab,Bhskoogyc,3868,52,Male,2,45.9080574471386
Mclyy,Ctdoxb,11191,26,Female,2,70.5306458159617
Mcrjbqedq,Pcryses,18064,46,Male,4,74.2905475870856
Mcrwdcryi,Xbelxpozt,7979,20,Other,1,82.7206263902485
Mctvfitrm,Hhda,1725,80,Female,2,72.2724386728681
Mctynz,Ocdrtsdlq,10448,21,Other,4,76.9756992886926
Mcuwatdwt,Bqdh,14399,24,Female,3,46.5167873458428
Mcxcaygf,Lqfzk,5520,37,Female,2,52.469025147015
Mcyqw,Hystiq,8249,29,Male,1,50.4321978793868
Mczttunbe,Iqocma,11016,78,Female,5,52.6435155238401
Mdbeh,Wydviu,8548,45,Male,3,65.4072131970279
Mdbxeajvs,Tcmfalj,3307,31,Female,3,59.7901594506796
Mdcq,Tiedpbwni,10275,82,Female,4,57.3407209051745
Mddiy,Ucse,18239,92,Male,1,46.6567865584603
Mddl,Yvzbikurt,5388,39,Other,4,50.9272017051576
Mdeedtm,Gded,7256,21,Male,3,51.7305683826703
Mdfo,Nmjdo,16305,75,Male,1,57.6063071293389
Mdgjqw,Lllpfx,16000,54,Male,2,71.7821252951908
Mdhgeesji,Bvurlvbm,18832,49,Female,5,42.2414964553796
Mdibmbaj,Ykrfjnz,9680,26,Female,1,69.3885013679173
Mdibp,Eypmfdm,9347,66,Unspecified,3,66.1082223451065
Mdlouhzxy,Qbsnxhg,1569,35,Male,3,59.6268324119762
Mdlyfilgz,Nwzeqjx,2372,21,Female,1,58.4556961407084
Mdmbxxahc,Kvcs,2203,44,Male,2,70.2682898357921
Mdmkfecgw,Sylbv,3883,23,Female,2,36.5937543890374
Mdnwxxl,Uptswu,7210,48,Male,3,69.8023735046253
Mdoabxmn,Eyuiqet,10024,18,Other,1,58.5055676973658
Mdrojjf,Wrrpm,6264,59,Male,1,71.2028608566332
Mdru,Nsma,1555,61,Female,3,62.622847993681
Mdsapemng,Awyxm,4431,66,Female,1,62.1895218602853
Mdvgsyulk,Rllur,8541,61,Female,2,52.8389264601908
Mdwmzvij,Bekslqc,8058,53,Male,4,51.925056494329
Mdyd,Gfjifszxj,11704,88,Male,5,57.7364270224228
Meakmlok,Hukhn,3851,46,Unspecified,3,64.7956687050864
Meclbe,Vgdocofu,13430,62,Female,1,67.2513056472162
Mefnj,Frdzn,16314,77,Female,5,62.7200649306521
Meihjcn,Kslzq,13556,20,Female,3,48.876462408545
Meijdbgu,Rfcj,2435,68,Male,2,44.9566779507892
Meipftpt,Xjvgl,15939,90,Unspecified,5,54.4686641882033
Mejizgvc,Bnssjcilj,17794,21,Male,2,57.3247760976639
Mejnl,Vwxk,19941,58,Female,3,63.9506020466161
Mejxv,Hnmzgblt,14962,87,Male,4,79.5974468281858
Melevjye,Wsyscow,1112,19,Female,2,53.4603468736595
Mepfwynu,Kasblsdso,19290,92,Male,4,73.2012265948001
Meqt,Mirhauvl,7160,45,Male,2,51.6149155419939
Meuynrrw,Shjwlygf,4167,78,Male,2,81.6199140455332
Mewbeegkk,Rkvpxsos,11795,61,Female,2,60.0892168633361
Meza,Mbmfafnd,8069,25,Male,3,73.2060665367383
Mezyax,Cnee,7990,25,Unspecified,3,61.9862420782881
Mfcs,Wolqczn,15743,97,Male,1,77.4422116497388
Mfgjl,Mmlxaz,5592,44,Female,5,51.2104435609857
Mfioqqk,Qvhc,17011,35,Female,1,53.1368885394208
Mfjwddh,Fyxzsm,1640,50,Male,2,39.1730688196438
Mfswv,Royeyub,12681,85,Female,3,73.6040513448768
Mfta,Svkrecgmc,14531,95,Male,1,78.4539671498093
Mfwjzldz,Cavf,11791,41,Male,3,61.7267901932359
Mfyvfqlxi,Mtjbrrzc,9183,50,Male,2,70.6681270948464
Mfzb,Iqbbunlkc,10283,59,Male,1,49.0134939280556
Mgakumwun,Cpzrvnc,6039,95,Male,2,55.8732248201011
Mgctktje,Rulafaop,6087,50,Other,4,71.1578640006665
Mghuqax,Amgvuesa,5077,58,Female,5,76.044222027499
Mghwjlj,Egll,14424,59,Female,3,46.6957291107076
Mgiin,Hiwwcqd,12749,42,Female,3,47.546441242835
Mglj,Xtaxtjygb,8166,84,Female,5,48.551400154629
Mglwhsg,Bllql,13533,84,Female,5,43.7009119689018
Mgntoo,Rzhfl,13261,78,Male,3,60.1987888995542
Mgolnapq,Aesmnr,4335,56,Female,5,43.2550262931131
Mgqmp,Ezeiefwup,3241,78,Male,4,44.7709024882683
Mgsjf,Jxhssft,17579,91,Male,5,55.0861476934829
Mgszoihc,Yryeqtmnq,4390,84,Female,5,51.4167075081893
Mgtfpraff,Hcqlcuj,14236,39,Male,4,71.725104500717
Mgutkpj,Fjyskvpxl,6166,18,Other,5,47.2772094704856
Mgxfh,Erspgiiu,11138,20,Female,2,45.7460997618171
Mgzdxjapz,Scdg,10417,30,Female,3,62.0285079413945
Mhbbe,Ddcw,11034,43,Female,5,46.6416460921151
Mhbe,Rzcrjdo,2274,70,Female,2,53.842979676485
Mhccbn,Fgvucuc,14263,30,Female,5,66.7545981469092
Mhcpgfgs,Eefmkqiw,10338,47,Male,3,33.3805712495045
Mheorfwyv,Nzhah,10771,70,Female,2,56.7561611828474
Mhjajng,Xxzdwwh,2405,57,Male,2,53.9697498058164
Mhkbva,Owjfqup,5964,73,Male,5,75.4863928655971
Mhkstsa,Zmaumolqt,5560,82,Male,2,58.695099444168
Mhkyfz,Mpechitu,5810,95,Male,1,62.2763494902814
Mhnrn,Qubn,19555,33,Male,2,81.8536622771902
Mhqpt,Vilvxg,11357,38,Female,2,61.1646512950287
Mhqqjd,Sagprore,18390,20,Female,1,35.845760501847
Mhrcy,Prbz,9038,94,Male,3,61.6258927784723
Mhrr,Zxqb,10616,83,Male,1,65.2892007792375
Mhslhwb,Uqqcrxc,7324,54,Female,1,89.5118729175847
Mhsm,Bdcqziwjb,6891,74,Male,4,75.4258042017198
Mhsrw,Idyxoy,18513,72,Male,3,81.7296213574948
Mhxdp,Poyi,7837,18,Male,4,49.2580937283367
Mhzjsx,Yfvokg,11696,59,Male,5,62.5616218842138
Mhzobn,Vizz,14774,48,Female,3,58.0577165817623
Mibo,Ruwdqqq,4896,29,Male,4,45.928961230838
Mibwkqkf,Hqmsrmq,12677,90,Other,3,73.9138006083143
Mihmu,Wzkht,12062,68,Male,2,78.2915974747525
Mintukx,Cnmtdthx,17809,50,Female,5,70.5341872090008
Miojgwc,Onogyoxy,2534,81,Male,4,37.1281268889984
Miqcf,Phmpc,16523,34,Female,2,39.491866403176
Miqwbtp,Inrtxv,19062,26,Other,3,63.9892995731822
Miqzfdqhf,Iugt,14988,26,Male,4,42.8405284921645
Mizm,Nmhabke,6396,23,Other,3,68.569689483354
Mjbhrv,Eapwyj,8966,21,Male,4,83.8787546437606
Mjbixbadd,Xzbjdddh,18430,69,Male,2,69.9366064367879
Mjenxx,Zcvy,4712,48,Male,1,58.5234543637304
Mjhfpqvt,Afzmbxmz,10650,27,Male,3,61.4894573729127
Mjir,Utfe,4898,82,Male,3,56.4721876737192
Mjjxfoot,Seoucys,19262,92,Male,3,70.222982203644
Mjlehia,Noat,6944,26,Male,1,55.905453357861
Mjmafwjbr,Hnrqey,2162,32,Female,5,70.9927644876878
Mjnluw,Xanljsn,10137,85,Female,2,68.4375851200226
Mjothfiz,Gghufq,5410,72,Female,4,53.985954077901
Mjowrs,Nznwdg,3511,56,Male,2,55.5092441712714
Mjrdic,Hgjdu,7121,58,Male,1,41.7288693065574
Mjritv,Zhaql,1119,95,Unspecified,2,52.5517884662448
Mjrsel,Lkanz,2459,55,Female,1,60.7355607607885
Mjrxhf,Qekazke,7719,81,Female,3,55.2460680009248
Mjupgrvo,Zslf,14718,64,Unspecified,5,75.607992383954
Mjvfptzlh,Bjvt,4122,30,Male,1,55.8309526294341
Mjvu,Gzqmbnet,9820,43,Male,3,48.1880622914088
Mjvxtw,Bwiu,15551,40,Female,3,57.6600776763805
Mjxxhpoj,Ivjjdffvp,16751,51,Female,3,41.7060070031976
Mjyzc,Wvevs,17929,47,Male,3,49.2614727013945
Mkbaz,Paukahbrb,2640,45,Male,5,67.3123433224517
Mkbiallk,Muxfg,3304,27,Other,4,52.6703965714165
Mkcev,Btobhmr,16025,90,Female,5,78.776058195194
Mkgfyvfi,Fbbn,1184,77,Unspecified,4,69.2528484575351
Mkhhk,Tndwvt,15022,73,Male,3,39.3567760889621
Mkhtel,Pyqb,13338,63,Male,5,74.674698608587
Mkloj,Tbikiwikd,16827,30,Female,4,74.08470375696
Mklopall,Isdox,11171,92,Male,3,56.5603672803008
Mklppx,Tievyvbux,6594,57,Female,2,62.3979784715745
Mkmyzon,Xoavtlgsl,15447,50,Male,5,49.3100624029023
Mkozmr,Gdwj,6881,29,Female,4,61.9375946720393
Mkrnp,Rucef,11585,90,Female,2,43.6196120551756
Mksmvw,Kuwyxdfw,7587,88,Male,3,72.742046048006
Mksvfwh,Jqknwzj,11437,86,Male,1,66.3966531799373
Mkti,Fsekwfes,9883,20,Female,3,44.7355506923677
Mkwzb,Fhzxrvtu,18598,75,Male,2,51.0762397653479
Mkyk,Lmogsmdkf,16579,56,Other,4,58.3132045466244
Mlbapkhng,Fyqj,1938,38,Female,4,56.0229356019255
Mlejnm,Dubz,11062,53,Male,2,64.3545728557622
Mler,Qqxkbdmvi,12116,28,Male,3,51.9055028257984
Mlfcfwib,Eboabht,5260,58,Other,4,55.7110189794412
Mlfnxr,Fapdo,13136,31,Male,4,65.9732426111258
Mlgildrpq,Kxdcsbo,10438,83,Female,2,83.1908483476784
Mljvcrg,Ifnlgux,9109,55,Male,1,49.6648044193274
Mlkp,Cgpokbd,3466,58,Female,5,46.9495639862245
Mlkpox,Ygxtw,3555,85,Male,1,44.6640323609308
Mlmwm,Xwpul,6847,98,Female,1,63.9785582601925
Mlpdwam,Ijqmrvf,19521,50,Female,1,60.5150425100768
Mlpmsgoo,Lvpzdm,4791,59,Male,5,83.2430627443578
Mlqittyrt,Junctllp,8274,43,Male,3,75.2475344815518
Mlsei,Ciehjorv,1900,87,Female,1,57.5294293796015
Mlupazlgf,Jblpvcjj,7633,25,Female,3,64.3874433333873
Mlwibppeb,Qtiuamizt,10389,66,Male,2,78.0740385916986
Mlxznsu,Uelxkodxt,10965,40,Female,1,62.5382266778805
Mmajadvdv,Ehhl,4633,19,Male,3,64.7895534635296
Mmdqfpvxu,Vgnpkbk,3921,75,Female,3,56.4196060147231
Mmiq,Xmbt,16005,44,Female,3,57.6948809048467
Mmkuwha,Psbggcde,5952,46,Female,2,55.6934239683175
Mmln,Hztewx,5297,33,Male,4,48.2706140748713
Mmmat,Qrjz,6444,74,Female,1,54.3981223462422
Mmmi,Dqqumpcdy,1188,98,Female,4,63.1501676532791
Mmmt,Egmihx,10614,79,Unspecified,3,52.6462288988531
Mmnob,Kuzmdriza,10843,88,Female,2,66.1409510766061
Mmqcf,Drrjnwgtk,18360,45,Male,1,37.3028715668246
Mmslybj,Spml,5835,65,Male,2,78.4956988073026
Mmtdj,Knizor,9306,82,Male,4,57.5880416500064
Mmug,Ckzruq,7826,94,Female,2,40.6601269427046
Mmuoblooy,Vhcxa,13725,66,Female,4,63.2069058395372
Mmveyneej,Aqmjpycok,10369,74,Male,1,56.1115278774782
Mmwcoeo,Jucz,16552,85,Female,2,52.7296504701047
Mmzz,Btod,16576,46,Female,4,66.0296419200274
Mnbct,Drtffjcj,12069,72,Male,2,60.1428084555383
Mnbcym,Kvpse,13541,37,Other,5,84.1345349181537
Mnbixesoz,Ypvabry,10064,98,Male,3,64.3550957814356
Mnck,Ojdlmbg,16052,18,Female,4,41.7250869106027
Mncv,Mxrtp,2349,88,Unspecified,4,81.2749805055446
Mngjsr,Azrxoic,16710,22,Unspecified,5,58.5366012068627
Mnhen,Hjqsmdgq,3922,69,Male,4,48.8992600766408
Mnnzhc,Sbetxu,18013,52,Male,2,63.6272789664119
Mnnzkte,Ioqo,3711,90,Male,4,61.0741629224524
Mnpclpqlp,Tncpjgoi,13066,53,Female,5,70.687289195103
Mnpemk,Hadkd,1824,82,Male,3,68.3389921014831
Mnqf,Sehar,9953,27,Female,1,60.3773781337576
Mnqgparte,Oojhlb,15896,24,Male,5,54.5351188233312
Mnskys,Xglkucwtk,8665,83,Female,2,45.184844495932
Mnzgg,Vllmzoeg,4573,39,Male,2,66.5714861272538
Moaprvniv,Qivrbnpsp,16603,84,Female,2,57.7543137614069
Moclkqjn,Navozx,2150,56,Male,2,51.1154520405306
Mocykhubq,Yerqg,14925,79,Female,1,60.586117728391
Modl,Jihiy,14097,46,Female,2,47.2556936107624
Modxjt,Wfxiepxmk,12601,44,Male,3,50.683383633536
Moeiiqh,Kdips,19824,90,Male,3,59.1528720976989
Moeohfm,Ntsqskx,14522,91,Male,5,70.2476611482116
Moewmqy,Yyjtgfg,13263,24,Female,4,80.9290950078827
Mojex,Rixlsq,13992,26,Other,5,72.7908150875429
Mokidf,Euigljhvd,14744,49,Other,3,73.4904018905779
Monjenhhp,Hojy,5044,69,Other,2,74.5477458539574
Morra,Eqxckkl,5192,22,Other,4,50.4560952516813
Moudzha,Uzdumodm,2720,46,Male,2,64.7325364434678
Mounafmw,Csgfkbs,16828,55,Female,3,62.2254668852223
Movu,Ekiwf,17202,67,Male,3,45.8867224814117
Mowiy,Riqlsb,12458,51,Male,2,60.9045844288785
Moxxnsze,Rkhlp,5538,83,Female,5,50.9339503793115
Mpbs,Awzomwkyb,4555,53,Female,3,44.1393131961039
Mpcl,Kfzukxm,17305,47,Female,4,57.6917383208056
Mpcmxlhto,Uuppbtygp,18773,82,Male,1,44.6389713916795
Mpfedlpv,Ozcjppzf,17804,34,Female,5,61.1869820912593
Mpgrgf,Eyni,8214,96,Male,5,47.4893106314851
Mpjreznrg,Xtyqd,11248,87,Female,4,59.5238553819185
Mpjt,Xjjez,11339,48,Male,1,58.9802831570818
Mpkl,Pnppqxn,6962,43,Female,1,71.648836575406
Mpkoltd,Jjmqse,7967,78,Female,3,70.0577529966009
Mplmrra,Acibkhr,18076,89,Female,3,62.6077117685403
Mplu,Jxesg,15286,90,Female,4,69.6692830245869
Mponno,Xoiep,17827,75,Female,2,52.6225923051027
Mppw,Ggwxj,5848,89,Other,4,55.3637461404131
Mpqe,Olihis,19922,73,Male,4,59.0092786351661
Mpqfoxupq,Nqhszxfew,13846,18,Other,5,77.8910357290209
Mpqw,Gchvevmj,1275,71,Female,2,58.8954591339494
Mprhpxbf,Lwcjh,10646,43,Male,1,58.4587629966729
Mpswnsum,Xbzz,9745,82,Female,5,50.267199628083
Mpvkg,Awrqcnr,9947,78,Male,2,79.752597927118
Mpwi,Fdgy,8573,50,Female,4,69.6997855099246
Mpxizunbt,Pddrbuf,12517,56,Other,4,47.5209912182627
Mqbhdzqcb,Xtfctsi,17979,71,Female,4,49.6966756625612
Mqdspi,Ooqgue,19585,86,Other,2,81.1051437312505
Mqih,Cnryjxbuk,9144,21,Female,4,82.2639721716424
Mqjdo,Jjseyuib,19928,78,Female,5,59.803473521937
Mqje,Gzhrxli,18648,45,Female,1,52.3133610606519
Mqncbp,Hdpqtwfh,18941,26,Female,4,81.8944622506179
Mqshi,Rjddiuq,13563,33,Other,2,50.2074730167598
Mqsmmmfzl,Prkvw,11941,34,Male,2,40.8433847157667
Mqtcwjp,Braa,17044,93,Other,3,84.2729662504335
Mqublrz,Jdjjlze,11289,27,Male,5,58.4995970378983
Mqxho,Eupba,16247,97,Male,3,70.1825473563169
Mqxtzdp,Nxzfskapw,8426,61,Unspecified,5,51.3373940904847
Mqyivwdwi,Cahgclpe,2298,43,Male,2,73.0066110931105
Mqyquvajo,Pgncjrbe,12552,56,Female,1,66.2982524525328
Mrcbhxc,Ekzzbwyq,8554,54,Female,2,48.7091836995925
Mrdebhm,Gmbc,14726,64,Male,5,46.5095568610767
Mrgjt,Mmhgz,14364,89,Other,2,65.8639675087508
Mrhm,Ntilskrpo,11231,71,Female,4,75.1978545996993
Mribbwfv,Fxxsbfhla,4468,48,Female,5,35.693563053713
Mripiuc,Gznpkwqe,4589,88,Male,2,59.307339139288
Mrjf,Frnqe,9086,61,Female,5,46.0208953403575
Mrjjx,Fswluz,19351,33,Unspecified,4,66.2401684762854
Mrkfhgk,Qtpvuubu,3239,32,Male,3,75.1195755816722
Mrkgft,Ltnsinqjd,11697,20,Unspecified,2,67.0052599449318
Mrksod,Gyuvbcsxp,2950,60,Female,2,57.6560878060395
Mrmcp,Tsjinwiq,8838,20,Female,1,37.2548312749202
Mrqf,Gkmahfyp,13904,87,Female,5,61.2678295314758
Mrrostk,Eglv,8593,88,Other,4,70.1921200359185
Mrwbzwsnp,Vxjn,15330,79,Male,5,60.5893727902256
Msabun,Zdlictlj,16698,19,Female,5,66.8159058926184
Msam,Kxrwk,4614,48,Female,4,67.5118582289398
Msapi,Pclz,8443,84,Male,3,67.6976528299992
Msdvhkyh,Hfoqoegc,15976,50,Male,1,56.7612165616003
Msdyz,Zovcoub,19012,75,Male,2,69.1614310975695
Mselck,Zlrrla,1660,63,Female,3,51.1997836081218
Msfww,Rwry,9078,93,Female,5,55.7826409970908
Mshixes,Somftln,6092,75,Male,2,48.5107881851223
Mshvm,Cqxmusf,8193,75,Unspecified,5,61.9944652844987
Mskp,Ezlo,13251,86,Female,4,70.6359048354716
Msng,Trpiympdb,2609,60,Male,3,66.1558727954842
Mspgm,Fpdhcxcll,18768,63,Female,5,80.0688002799729
Mspkyah,Dlvfqs,12719,65,Male,4,58.3199322592398
Mspllthk,Yyhhptta,11102,45,Female,4,57.2659370739472
Msshm,Desq,6162,39,Male,2,75.7673917655979
Msta,Cfvtac,8940,65,Female,4,59.0324244934435
Msuhbt,Bhavu,4502,76,Male,1,43.9929456642022
Msuidrmc,Ywcxm,13932,97,Other,2,50.8139979767049
Msuugfknn,Xilywhb,5218,81,Female,5,70.1714645830466
Msvc,Hegrj,8359,46,Female,4,44.5775599750437
Msxiat,Yrgzqjn,8822,18,Male,4,53.7399552969521
Msxqzpy,Iupv,15073,76,Female,1,63.8715272757547
Mszsaae,Azrvzu,18802,68,Male,3,57.4975118004441
Mtdwa,Scdnme,1317,41,Female,1,68.3113417476639
Mteewcrks,Cuffptp,12405,30,Female,1,55.3856932269872
Mtgjnoft,Tsjaautce,1737,56,Female,2,50.7214195660767
Mtnwakd,Ugbskzug,11896,21,Male,4,74.8429444383418
Mtoefjhvu,Qhtquqjup,8728,24,Female,3,66.4347601568024
Mtopzemx,Ihqtmagb,13798,95,Male,4,41.2493774059044
Mtpftq,Lwoa,8491,81,Male,5,64.4820710253037
Mtuafi,Comxndp,1019,39,Female,2,52.3077142026053
Mtwh,Iuqjiiw,3703,63,Unspecified,2,72.4150258425753
Mtxu,Ghqani,14799,80,Unspecified,1,78.6817263818828
Mtznd,Lraqvgte,7584,71,Female,3,69.8535171155488
Mudaojho,Trsov,6592,87,Female,2,40.0025875882882
Mudjzqkjq,Jxbogqqj,12803,57,Male,5,50.5478061933454
Mudmbx,Modyuvcbx,3054,77,Female,4,62.3456460494234
Mufvtfosl,Lifn,16055,92,Male,5,60.3578645349505
Mugmf,Futiqjzq,13676,87,Female,2,62.7825150468124
Mujkobt,Ropfkif,1023,40,Female,4,76.3488343272234
Mukgdcmuu,Crpxr,6506,35,Male,4,45.2047940378084
Muliuicd,Dgmmr,13134,66,Female,1,72.2168225722078
Muphyon,Wznsk,5895,31,Female,4,76.5116196237448
Muqbw,Okfbrjmto,7575,31,Male,3,81.083730011377
Muqikwo,Dqtpxgnwx,15556,70,Female,4,65.1026150365394
Murasydg,Xrqqhq,17492,69,Male,3,43.550532899501
Murfx,Ghamnun,4254,98,Male,1,52.2904593876997
Muuz,Mxekgmytc,4455,67,Female,1,30.5460884113545
Muuzlm,Yjxm,7618,80,Male,5,62.9086353982821
Muvhefpi,Ezdisufn,13245,24,Female,4,63.7512850771702
Muwhpnmql,Znxfmys,14978,22,Male,1,75.3227280838743
Muzn,Vjil,12742,57,Male,4,67.7361105862335
Mvat,Khupleijo,10215,72,Female,5,67.9415564674591
Mvatic,Aimyvfg,16898,24,Female,5,66.3144707150857
Mvebgoyua,Amaplrco,5151,67,Male,2,52.7925552741031
Mvebkl,Zglfblx,4197,57,Other,5,82.4960173284702
Mvieqgz,Wxaruwm,1363,94,Female,2,59.7593187437372
Mviljo,Nfjgbwd,14633,52,Female,3,69.4345522346027
Mvip,Tasbjd,2611,84,Female,5,55.1933158751049
Mvposlegn,Bhpjgln,14889,69,Male,4,59.2723925094828
Mwckp,Wfvxvec,3610,27,Female,4,66.9069837731575
Mwcvk,Edicjfibw,5729,42,Female,4,57.4730377698923
Mwezk,Btobyitb,10957,93,Male,2,58.3783371866566
Mwkomzjfh,Fphyw,9407,69,Female,3,47.5016962993839
Mwmm,Lbavtzp,17388,22,Male,2,45.3669252812104
Mwmoem,Xvmug,2413,92,Other,1,77.9968852092914
Mwnovoasi,Wzyjlra,17852,37,Male,4,79.2175025046343
Mwrodlc,Pyejmjj,5257,46,Female,2,98.1381148687582
Mwspr,Zemic,18959,38,Unspecified,4,61.583430246025
Mwsrmtyxw,Stlpelwl,16218,37,Other,5,45.8481977488181
Mwvwgihl,Btvdsdrb,4738,59,Unspecified,3,56.8888778151439
Mwxdnqe,Cralk,17189,42,Male,5,68.5236967654661
Mwxxxwsyz,Acsavzjf,16726,83,Female,3,52.6425048404985
Mxbatepj,Otxq,14972,43,Male,4,49.9123040467382
Mxbn,Vzlnm,8949,20,Female,1,58.5790781267191
Mxfgpzs,Awqjtevx,1265,31,Female,3,57.1868282489212
Mxka,Vmtie,18522,37,Female,1,39.0626555663138
Mxkiv,Ffhxngp,10393,63,Female,1,67.0408344981746
Mxmnypnq,Gozpwu,19008,72,Male,5,39.4447798864095
Mxousj,Gzocoizhc,13772,84,Female,4,58.2025338351575
Mxpcd,Fblmwpjmw,18720,63,Male,2,69.6481681084893
Mxpsfuvc,Nriuw,4154,59,Other,1,58.024089915334
Mxpvmrer,Rvuuojj,12444,57,Male,4,66.27517103154
Mxqwdcbrl,Hsgrpv,3231,49,Male,1,83.0182445462712
Mxufcsazf,Txgvu,18242,59,Male,4,66.5898671288775
Mxvqhc,Wshjbu,18923,89,Female,5,71.9039123792614
Mxzlttarl,Oimdcp,13238,92,Female,4,67.2390950126196
Mybgnb,Lpjqb,15156,39,Other,1,63.1887067822962
Mygezduc,Sjwau,18265,86,Male,4,73.4113590200202
Myhob,Qwzgfmki,6778,95,Male,5,48.9233487793432
Myinxfry,Wzlenl,18216,52,Male,3,49.5418606637609
Myksk,Iehskyb,11461,36,Female,1,39.3316165325034
Mymqazhc,Yatbhni,14679,80,Male,4,66.1744323103429
Myoyts,Rwcgm,12318,47,Male,1,66.0723983018906
Myrvpvwdb,Ockc,8991,85,Male,5,50.9266027486375
Mytf,Louppnil,14039,34,Other,4,57.3861483958709
Mytfnbbwn,Gnievos,16907,27,Male,3,64.2204423465672
Myutf,Xlou,12079,44,Female,4,75.4004631871631
Myvpuogkk,Bjvv,5047,37,Female,2,21.7225945644322
Mywjexni,Fovtofswu,4899,30,Male,4,52.1853461961975
Myxbi,Mbqiy,4083,84,Male,5,47.6543756382855
Myzwl,Kvdoslam,15614,89,Male,5,64.3151684262412
Mzazykuzk,Yqxez,14185,25,Male,1,41.9748093144713
Mzbemnb,Ytzc,5847,44,Male,2,67.8290569539646
Mzdars,Dtwohwmzp,10120,52,Male,1,70.3277562842883
Mzdftiued,Qtspgknen,16232,64,Male,2,45.3696140254063
Mzfaulfr,Vcexuigq,7510,65,Female,2,69.8267523918631
Mzfz,Enbzc,3157,86,Female,5,46.5515481549042
Mzguc,Estzuju,8919,71,Male,4,76.4539545087568
Mzhylk,Emjc,15659,86,Male,2,45.1536048294422
Mzjq,Tsjzww,4563,64,Male,4,60.8894872906461
Mzmy,Iqyhjbes,9579,83,Male,2,39.3654251495672
Mztkrtwa,Vgewrli,6182,27,Female,2,39.5679584820104
Mzwjila,Npvuegp,18599,40,Male,3,62.3039453652683
Mzwp,Jsgfc,10997,24,Male,1,38.1505889142968
Naakqy,Flljy,7835,81,Female,1,47.1783257585291
Naba,Qpdmum,12126,40,Male,3,76.7447990236653
Nabz,Bbftmaes,15384,73,Unspecified,5,63.7928905015514
Nadu,Rejt,17648,51,Male,2,60.4471763700844
Nagyqwbtb,Pvqtnkiu,4408,97,Male,3,73.3975894049122
Naldkmwb,Xrqsoxmmk,16032,39,Female,3,64.9817161658126
Nauz,Vkeeyiosj,19460,50,Female,3,63.1698094271011
Nbbhf,Xpzxijs,4164,35,Male,5,75.1625671959598
Nbfdqoau,Pynyu,18779,60,Male,1,54.6155694578726
Nbhmj,Rnevzaixw,6359,66,Female,1,70.123620295492
Nbigqhf,Zfiagipaa,3169,72,Male,2,64.9670421552415
Nbinqrns,Qrernj,17155,69,Female,2,51.464095303265
Nbixp,Tzczfmvtw,2264,51,Female,5,75.9432542699007
Nblpqcvf,Dlbp,8964,31,Male,3,63.9781652149656
Nbpotdu,Pgsxd,9316,38,Female,2,45.2798937690209
Nbrpre,Rlrbatr,1637,58,Male,3,59.7382020492574
Nbvfegszc,Kyxd,17455,72,Female,3,68.3590569726772
Nbwrzboq,Bylqzcua,6127,85,Other,1,50.2637221017444
Nbwuykd,Gafsosqko,4874,98,Male,1,48.7751082468508
Nbxfspzdh,Niygbli,13780,64,Unspecified,4,75.1898437447488
Nbygc,Ymevb,14409,63,Unspecified,3,95.1060733133903
Ncaawxgk,Ooycue,19532,32,Female,3,70.3775064667503
Ncajg,Megziann,16102,93,Male,3,51.4965188079522
Ncbqbqb,Lgcsdyf,9524,23,Male,4,53.4390012384329
Ncdnli,Lcqt,12844,72,Other,1,57.4575537099996
Ncdzwssh,Rkjo,7600,94,Male,2,63.7351773985146
Ncemq,Wqoesd,11207,48,Male,1,49.6319758987602
Ncjiftdry,Zzgyio,11235,88,Female,5,58.2841804305595
Ncplbjj,Yvlq,6513,35,Other,1,51.2408038556669
Ncpmxk,Taeremsok,10708,61,Female,3,33.2700872412655
Ncpuxnwrs,Hagyusk,14721,41,Female,3,45.1383651205374
Ncqie,Glwa,11330,65,Female,4,68.2359590220109
Ncrgvp,Thqogou,2824,86,Female,5,56.4839967742492
Ncsosxrx,Ggrctgbip,2748,31,Female,5,42.5407103267621
Ncuaiikv,Cxipr,17146,84,Female,2,45.0330340913313
Ncvbs,Bxnpn,1742,87,Other,5,65.3439730634552
Ncxe,Atbzpl,11880,47,Female,4,58.273545289902
Ncyhbij,Tnzdtuftk,4039,67,Female,4,55.9196033323982
Nczvlyfh,Rrbm,16847,27,Male,5,46.1601567628921
Ndbojgfd,Uaadfro,12064,62,Male,4,76.4706464620848
Ndcfx,Ehpa,17065,41,Female,2,48.4813727947433
Nddmsgbct,Cbmnl,15808,90,Female,3,82.6960113769662
Ndeisqmih,Edirbhpsz,3076,85,Unspecified,1,51.0295375738123
Ndfem,Gsnyncu,6495,70,Female,3,45.9862094793511
Ndfuvnfac,Ydoo,6404,62,Female,3,65.8343406398683
Ndgidgo,Rfvcylzu,13161,65,Female,1,68.0690655272207
Ndgif,Wbobl,7439,46,Female,4,59.4619622173188
Ndgjm,Unpwtg,17931,46,Female,5,58.4091753589911
Ndjown,Znhscqzg,6209,19,Female,5,65.1784748780459
Ndjscs,Hoyl,3359,62,Male,4,59.7593187437372
Ndktz,Jvfhin,18392,94,Female,3,71.7591976436741
Ndzgqnac,Vsccjbcfz,4038,68,Male,1,52.3405098447666
Nebut,Iliq,15319,89,Female,1,56.5098867103942
Nefusjw,Htbvl,11039,94,Female,5,75.3849700075989
Nekfjzz,Vdta,8778,48,Other,4,52.7221909915692
Nekwj,Rtkp,1114,65,Male,4,58.5889829961927
Neokocqag,Iyqanwlpt,10786,65,Other,2,63.5706365220744
Nepgsglek,Cdbtssx,1124,31,Female,5,55.4717434192951
Neqgwrxp,Idpq,11252,27,Female,5,57.8692593802659
Nerfivifu,Jprvb,12592,92,Female,5,59.35223908306
Nerpvov,Ephmm,2713,68,Female,4,70.7413539706679
Netuzc,Mgao,13193,47,Female,1,55.2405625557413
Newmdpl,Zgygjcmu,6807,56,Female,3,64.1565097737543
Newuc,Swasbgbob,11771,76,Male,3,52.4117390881828
Newuel,Pddbbxdj,1344,58,Male,3,52.3961887639657
Nezs,Twoaljsau,16426,48,Female,4,37.6503077648055
Nfcnbjtq,Vrxaxlm,7627,55,Male,5,70.4745102981629
Nfcwbzy,Rtehdnhbg,9025,88,Female,5,54.5924652719578
Nfhlbv,Anfsk,18538,53,Other,5,65.1116736684926
Nfldys,Qpxrwd,11041,95,Female,1,38.1182545551427
Nflzbus,Beijodv,2036,96,Female,3,48.3911271480226
Nfmustv,Zmival,4661,61,Male,1,62.9915196448067
Nfna,Hcfkpwrbl,16815,81,Male,5,54.8345491960387
Nfobdyuyf,Yaek,16520,65,Female,2,53.772978170329
Nfodie,Jtfnfnq,3210,77,Male,4,61.4519895429984
Nfpotzi,Jusa,11506,55,Female,2,54.5999960983401
Nfqiuxlt,Qpsvhyb,6137,20,Male,2,69.4083863303762
Nfres,Jxkospspa,12840,75,Female,4,69.9212910354036
Nfrkykkry,Bukeen,19915,21,Female,1,42.3508134244941
Nfsy,Osxaiw,14603,25,Female,1,55.5678345251894
Nftka,Vycxm,14515,96,Female,1,68.871509161686
Nfulzcfu,Chikpc,1699,79,Male,2,52.7045171291222
Nfvwi,Jaoh,3730,33,Female,3,51.5227599643362
Nfwky,Jctotl,8786,62,Female,5,50.058435384232
Nfxbojtl,Cxedvqhw,9603,54,Female,4,44.3334299170961
Ngaczgewz,Jrjy,10808,66,Female,1,57.1110549796114
Ngayu,Llxdosjl,11014,59,Male,4,62.7683751622371
Ngfmiiz,Pljiss,10757,19,Other,3,59.8421617375221
Ngfuymoj,Drxxzxexq,3159,77,Unspecified,5,66.0873149792803
Nggqp,Fwkntxxjj,16368,31,Female,3,55.5710411757742
Ngkmnzwmx,Baqgmnh,1380,21,Unspecified,3,66.3284624547414
Ngli,Xqrnq,15568,18,Male,5,51.3107327017178
Ngnnjdbsb,Rpzd,7589,53,Female,5,51.4350784452762
Ngpcddu,Thjnae,15643,77,Male,5,44.3264479631619
Ngpoztv,Nttgb,16935,84,Male,3,42.840978624997
Ngpxcipbi,Ljkkvtbt,6850,63,Other,5,51.5489623500092
Ngqscaknm,Jchyskoyc,11515,76,Female,1,61.2566205122876
Ngqwu,Wgqx,5488,53,Male,2,61.6887138330918
Ngvacb,Gkze,15518,55,Male,3,66.8522307761188
Ngvcgm,Nwoetsatb,11407,81,Male,5,53.3488924358025
Ngvz,Ehzdylgt,5747,96,Male,3,42.94710720566
Ngys,Hnkaitj,17572,98,Female,3,44.9244560507881
Nhbkpdpgb,Qiaydiji,15121,45,Male,4,59.0557119801299
Nhcuqb,Cgnqc,16280,42,Female,3,54.9931894138465
Nhefh,Ndav,1548,98,Male,2,70.8938340387805
Nhgz,Xhuyva,6249,60,Other,5,63.5256941187211
Nhiqwk,Bhjtbpe,15394,31,Female,3,78.0422815807749
Nhjk,Jlom,7899,82,Unspecified,3,63.814797499847
Nhjqbatze,Byejubuvd,18490,52,Female,5,57.7049538982362
Nhnvj,Dgaoywy,15885,21,Other,4,43.0538235666
Nhpddcdsg,Gbjyjdpjm,5611,97,Female,1,73.0403704737858
Nhtzq,Iomnrnvpn,19212,92,Male,2,50.8317118643604
Nhvs,Qdfcdrpud,10523,94,Female,3,58.7310092674844
Nhyhutwhi,Onidglp,16612,61,Male,1,71.3906648883794
Nhyypjsiw,Kvbck,19105,46,Other,5,51.6777729983941
Nibto,Xcza,13532,79,Male,4,59.9237051800171
Nicaef,Duzd,18335,42,Other,2,66.8056451854197
Nicnimnm,Orqdyi,13542,50,Female,5,56.601190625411
Nidcigtm,Zjqsaszr,1288,33,Male,2,92.1258046148254
Nidjhys,Kwmtrefnp,19453,94,Female,5,53.1357852074781
Nigkzjj,Ihwfc,15033,68,Female,3,65.2537837295929
Nigx,Otin,13214,48,Female,3,61.9933589089954
Nikf,Ycdlubsj,4016,96,Unspecified,2,67.4050930743568
Nikmzzuw,Ygunjhl,14034,55,Male,1,68.5543910563899
Nikxok,Qsqg,12091,60,Female,5,51.9102263051356
Ninvo,Tvvcqj,14814,29,Male,5,59.1250540057295
Niphesbp,Lszpzcjf,4298,80,Female,2,31.7630603746319
Niplhw,Blqp,17123,91,Male,4,56.6481389640818
Nirairs,Eqqfqxpqk,8317,54,Male,2,47.2438989690014
Nisqeoxl,Trcrndwq,10124,18,Male,3,81.2489604876058
Nitdxsvpg,Papck,18608,41,Other,3,75.0372777555075
Nivrvz,Jkaji,15348,24,Female,3,55.8862884561553
Niwpk,Tduc,1325,52,Male,1,63.1736003457538
Nixb,Mpqsy,7230,94,Male,3,33.7971501615858
Nizkpxy,Flwfvbgyc,18094,19,Female,1,62.5742967774177
Nizsogmw,Ehhlzq,1652,27,Other,3,57.5718666987536
Njgwfxt,Mjezyavi,15294,18,Female,3,60.7138004258071
Njhxulmk,Yczfjgy,7178,71,Male,2,71.6522112430115
Njji,Scnmf,13047,37,Female,4,45.4057778048456
Njlki,Hbgegylj,2955,31,Female,5,59.7593187437372
Njmns,Lhjn,10304,57,Female,3,58.5853208430864
Njotosjdj,Ryvftu,10374,94,Male,3,59.2240376606892
Njscprfda,Muvkmc,15307,63,Female,4,62.2769428686438
Njwgoe,Huasalva,4438,42,Male,3,67.2817771958652
Njzizyffe,Mocosf,10979,69,Female,2,65.1307267823046
Njzrfet,Msqsqo,8948,80,Female,1,53.6882042493038
Nkasthnt,Osgkyvq,4881,49,Other,4,65.3036903193148
Nkdc,Uuhkozniy,11385,98,Male,1,74.1529105078843
Nkfin,Utnin,1337,59,Male,3,36.3509529995978
Nkfqwnjjc,Pgjzp,6064,35,Unspecified,1,65.9024747473123
Nkgrzqh,Tcdvywvzp,18377,48,Male,5,32.7838690971632
Nkhnuvvq,Sfqifc,3321,28,Male,2,60.7640346834935
Nkhzf,Lpcuzo,7860,94,Male,5,90.1577050031829
Nkldosa,Ddgl,14208,38,Female,5,62.4240976082777
Nkmhzh,Kqtvyqdib,15966,78,Female,5,68.182599104287
Nkorh,Obahxjc,11325,71,Female,1,53.689084012745
Nkqxwzy,Gixaph,14124,67,Female,5,75.7427578754686
Nkrppo,Uyhpkznrm,11752,60,Male,2,61.1243286252698
Nkye,Timtzziyw,17967,75,Other,3,65.9586589607863
Nlaw,Agksvyymn,3463,82,Female,5,58.0972148878489
Nlcewv,Syzwwjzes,15774,88,Female,1,45.038715851001
Nlcfhxrd,Qxjh,18626,27,Male,1,70.5871416910352
Nlcrdyvj,Oirgknx,5074,34,Female,4,50.7671547404939
Nliejthfv,Hoxbedjw,10552,91,Female,2,54.2745922718973
Nlilrp,Nwyxah,5696,98,Male,4,74.6332910721162
Nlje,Scqlax,3885,76,Female,1,71.524233270123
Nlllfksc,Fadx,9353,57,Female,2,49.1454909932446
Nlourfb,Yjxyal,5415,61,Male,3,78.1017363397162
Nlrwnip,Gdmklsr,6629,26,Female,2,53.1152199625612
Nlsks,Muifhg,16274,76,Female,1,63.1723355030877
Nlsyf,Nijiy,7917,34,Female,2,54.3032269344243
Nlthgg,Kkiclexq,19223,89,Female,4,42.259312720372
Nlwpvgiho,Nrdxnmsk,2983,52,Male,3,58.4878401222352
Nlyqy,Bauwitkj,15226,57,Female,3,65.2414432623599
Nlzlvbsop,Ivbqpj,8333,45,Female,5,72.3428655565652
Nmakoaa,Gkfcy,6265,33,Female,1,79.1122533765227
Nmarestxe,Jafuwl,10101,24,Female,1,54.0801298498324
Nmbeh,Lcetfpcy,6221,38,Female,1,43.2859600187735
Nmbwwo,Ecfnk,9999,31,Male,5,52.2272008546971
Nmcvpafyj,Lgei,9405,61,Female,5,85.3383151034004
Nmfwacf,Cjol,16460,35,Male,5,67.4516964042887
Nmgpqt,Hhymggeol,8368,26,Female,3,52.3888975397595
Nmgwd,Veevzqgd,8460,31,Female,5,43.6790611534631
Nmhxz,Sepvwir,7748,81,Male,5,48.761305675134
Nmkbea,Zavn,11214,79,Female,1,41.7313301269973
Nmlb,Nhkpd,3048,72,Female,1,82.7815477219341
Nmltpbunh,Qpyg,3503,29,Female,2,65.6808414139323
Nmmrju,Oqkun,15187,29,Female,1,67.2885676397333
Nmnzjdz,Qzsqnm,1836,24,Female,5,56.7398288211755
Nmqqyaev,Eldi,6113,72,Male,1,75.0683689798564
Nmuoth,Rljzvlhri,6714,46,Other,2,57.2134805106842
Nmwed,Rrdslzl,7613,79,Male,5,42.8885390746811
Nnbere,Nvib,9048,83,Male,3,38.6073913108874
Nnbziakr,Agobecds,16435,23,Female,1,63.4637891697236
Nndbrm,Zvhe,14480,56,Male,2,65.7055839362595
Nneuip,Rkfxbiod,17802,79,Female,3,54.643402583293
Nnfocjs,Uuupodn,11067,34,Male,2,51.6262985212998
Nnfudvj,Ssgn,13019,72,Female,4,45.326872828514
Nnitonyhy,Pjquqy,8125,50,Female,3,61.9106163374642
Nnkv,Zeqorrgwz,5894,45,Male,4,63.4957144628455
Nnlma,Zysef,7817,55,Male,1,48.1018048844659
Nnnrw,Estons,16604,86,Male,4,71.8659122529128
Nnntbd,Khhor,6654,74,Female,1,48.2145026703176
Nnpbvve,Shiqgi,1308,26,Other,1,39.9437107240563
Nnpfkcdf,Urqqfhq,10647,33,Male,3,44.4055512513022
Nnppwdws,Byrrdf,4512,71,Female,1,79.3394513766231
Nnqhwt,Rdsuh,7698,54,Male,1,58.9787568945041
Nnqpvgodw,Ugnksdpqi,16998,64,Female,2,44.3066397686127
Nnrkicycj,Djrr,17645,79,Female,5,71.5739091140971
Nnuq,Hbvjpzn,10991,65,Male,4,35.8253148658524
Nodska,Odvvx,15587,23,Male,3,47.5556558400757
Nodxyexj,Eoepo,13108,53,Male,4,45.412930089814
Noexiu,Mnbns,8346,67,Female,2,86.3699956641794
Nomxilnfq,Xxhnpz,19805,89,Male,2,58.743648534941
Noplls,Rpnd,4055,95,Male,3,55.6942930155039
Nosebrr,Xywfamwdn,12216,96,Female,2,70.9122789423841
Noskwuc,Xwzvl,19182,24,Female,2,74.0908637211777
Notieklu,Dncek,5079,25,Female,2,44.6094787324524
Notxqkc,Hmmsutsuy,12954,77,Female,2,64.7422674835787
Nouyluiza,Psmwehf,5645,83,Other,4,77.2988653655439
Noxfxkh,Zootibyy,4282,61,Other,5,59.1486120542302
Noyeyqzv,Srcqeaipg,11932,48,Male,3,77.7439173537585
Noznzwekn,Wego,14653,53,Unspecified,4,73.5753269497994
Npadrpryi,Jbll,14720,23,Male,4,84.0246629950671
Npbrhpx,Pytfothi,3385,23,Female,4,32.5598121253874
Npgujt,Zqhhyr,6250,45,Female,3,46.9118127577819
Npgvjq,Gpvppxqie,13626,71,Unspecified,1,56.3004015066026
Nphcklpeo,Cgwrobi,11537,33,Male,5,73.8441729812175
Nphu,Fcuysdwa,18658,27,Female,4,72.0505982941868
Nplb,Jzmcyf,16722,89,Female,2,58.7196719284765
Npnfsivmm,Zdyayshh,6686,54,Female,5,61.7165937440403
Npnrflbdz,Gxkgvl,4971,19,Female,2,55.4018069908036
Nppeb,Vlblyoo,5536,74,Female,4,60.6593540003739
Nppuledcm,Jnpmq,11203,37,Female,4,53.5879818148965
Nprjztlg,Frgq,17779,41,Female,1,69.0448176897265
Nprkuaef,Hrrjcdd,15583,33,Male,2,53.4593929397261
Nprvrag,Cqghxmts,19734,56,Female,2,65.822132467636
Nprygie,Dynje,2347,83,Female,3,62.0016822908406
Npwma,Hrhdcsxj,13840,49,Male,4,69.7833393236554
Npytm,Ecclnkf,19296,24,Female,2,77.0881324715452
Nqaxbix,Cxkmukdz,5134,87,Unspecified,4,41.8211570041315
Nqcdghbvr,Semxqgs,12006,96,Other,2,56.262767152239
Nqcz,Nuaphs,1618,78,Female,2,57.4139869425378
Nqdg,Dchfoz,11007,88,Female,4,59.2490108573347
Nqdkiys,Ftgrgnonw,4093,30,Male,5,52.6786574202655
Nqew,Ryvzcir,9741,19,Female,2,63.9847649510482
Nqjut,Ohmznxl,4707,41,Female,1,73.4026476720901
Nqjuxbw,Eavbld,6515,45,Female,4,53.3610320462823
Nqjz,Msct,2734,38,Male,2,50.7389386977167
Nqmknntxe,Nujfww,19361,60,Male,5,59.3575273965251
Nqnzsi,Vprxxcl,18791,25,Female,4,79.1546155987558
Nqohtg,Mfvpmbesq,4769,46,Other,5,42.4363107149759
Nqomolbk,Xbkqp,15239,73,Female,4,60.2824333015208
Nqwuqzof,Vjjhhqoy,4426,67,Other,2,55.6668871855895
Nqxfzhb,Wtmsrn,7301,50,Male,1,76.0087987240399
Nqxpvrnsk,Xgbmnpvq,5724,53,Female,4,56.7484871597591
Nqxsk,Vpjxufov,3773,95,Male,5,92.3443532962431
Nqyftqmcd,Cenbkod,6316,96,Male,4,51.6798602945414
Nqymm,Snue,14051,33,Male,1,82.6979623676063
Nqyxms,Spkc,13606,47,Male,2,48.9502860231638
Nrcujc,Nbzh,14101,43,Other,5,60.0838943445154
Nrfrera,Piyveqaqv,3908,28,Female,4,67.8775413822695
Nrhoe,Zfpiutbsh,7285,27,Female,2,60.1424220909141
Nribgnk,Shnxe,12016,70,Female,4,74.0595792588472
Nricbqcf,Qhjngncsk,12191,18,Female,4,48.4416215740682
Nrjfb,Ctqw,2054,57,Female,3,72.8632171189964
Nrmcshvb,Uqzuekfgc,9432,78,Female,4,72.5165085054399
Nrrki,Nluxgjzc,17332,44,Male,4,35.0533289712621
Nrtur,Zbqivube,4944,91,Female,4,73.4412150128742
Nruas,Mnulc,6829,37,Female,1,58.5049700839528
Nrufg,Ojafusm,11640,52,Male,1,65.4304296817413
Nrvfoy,Tqwmy,5898,97,Female,5,38.5820837387633
Nrwwofwch,Valpmeymf,18352,66,Male,4,67.710494285205
Nsatlvsjw,Oryab,12807,82,Female,3,64.5272212275536
Nsgw,Sfcvdkop,18283,38,Male,4,65.3294159664648
Nsizhpoe,Nfni,4166,98,Male,4,60.726884266959
Nsltwzfiv,Rfuo,17876,35,Female,2,72.1234599579766
Nsna,Oych,16834,96,Female,4,37.7715205884339
Nsng,Ffipfj,1269,72,Female,3,44.2708061355858
Nsqqxkl,Yususnif,12287,25,Other,5,80.0166538107327
Nstllkgw,Ezeedo,11865,35,Male,3,76.8304068041106
Nswq,Sanbznqg,5581,75,Female,2,73.6156329867304
Ntanirss,Nuclfvq,7444,68,Female,3,74.5661081104975
Ntcsu,Fnpf,10407,27,Female,3,46.9380832955814
Nteqcxz,Hunvnwms,13482,54,Male,4,75.8448425912495
Ntgflfd,Pymfad,3556,80,Male,1,71.0344092036846
Ntipjwil,Vjdviynh,18374,62,Male,2,56.5802910115753
Ntmjjqd,Voxwyay,3609,43,Male,4,57.4095071856644
Ntmlfdd,Ytjn,16574,28,Female,1,70.6723109899391
Ntpfurgty,Vvzcswyg,16769,71,Female,4,46.2403534009928
Ntqxi,Vrebxldm,19512,46,Male,5,58.3059571722221
Ntsbaxknb,Xxclden,15431,87,Male,2,67.9987953274783
Ntvt,Ikbgggt,10762,65,Male,5,49.1404141965838
Ntxy,Ndskhin,13287,85,Other,2,63.1562376345697
Ntzehhvs,Wvsyjw,16276,38,Male,5,84.0093230505998
Ntzmmsi,Dkdtn,18127,43,Male,3,52.7709790862013
Ntzrmk,Eril,11514,33,Male,3,60.7193504629682
Nuagkzcbu,Dqpy,6605,94,Other,5,67.4834755722902
Nubsm,Qdpfrsv,19641,58,Female,3,53.5595285203455
Nudp,Rbtphbxbr,17285,81,Female,4,65.2001973906365
Nuenfjf,Pqlapvtb,7138,87,Female,5,67.2249078918547
Nufzlr,Gfmm,1741,23,Male,5,66.9722254014118
Nugegighe,Gdsfsr,9305,61,Female,1,64.5023972080701
Nuiqqr,Fmafknub,2205,40,Female,2,49.2438690938852
Nuivtjhbj,Saznv,1453,55,Male,5,57.4457322146755
Nuks,Lazhppw,2495,57,Female,2,51.6481629877311
Nulyp,Rgcjc,15222,63,Male,3,57.4283834220918
Numvbsgy,Sspemu,13069,22,Female,3,58.1815965524969
Nupr,Qghpnz,1304,71,Female,3,49.5889852267769
Nuqxs,Smposmol,18063,45,Female,1,88.6942917449824
Nurvybew,Jyxxgw,17673,50,Other,5,52.3656216164103
Nusnt,Chjkultv,18361,60,Female,2,68.3501714888709
Nuucujlkk,Fzdkua,4908,78,Male,2,72.2645607703834
Nuvjdsd,Poduegg,16839,26,Unspecified,2,56.6156097127241
Nuwukvce,Gcqurxkmn,5445,31,Male,3,48.5882206331049
Nuxlxteq,Hpucg,11978,26,Unspecified,4,55.0979937481701
Nvaluqbev,Tgdj,12296,79,Female,1,46.1594402708145
Nvffnjvcp,Vnedklbi,9179,88,Female,3,65.9964581815461
Nvgfhhx,Uohd,18887,94,Female,3,46.1821230962646
Nvgoh,Ueljo,13778,64,Female,4,64.8894829465468
Nvgxita,Fuidxwfau,17811,42,Female,3,58.2053773641398
Nvinvby,Vmein,4356,45,Female,2,61.4360756606008
Nvkg,Gwms,1430,56,Male,5,41.7719610675151
Nvmsbnkzw,Tvighrz,7889,66,Female,3,47.697426217288
Nvnc,Tsrs,16836,51,Male,3,49.9887386235468
Nvqm,Mmniueo,15597,39,Other,5,51.5080356939458
Nvvgxgcoj,Nymy,13013,96,Female,1,40.0859295736898
Nwajspql,Iogo,17026,31,Female,4,55.4748183420176
Nwbarqdd,Mrlpn,11906,43,Other,2,60.2495256487799
Nwfid,Zivcuwu,7912,47,Female,3,65.0756539087783
Nwkxpzds,Shyn,14297,25,Female,3,67.5603153248326
Nwli,Yisilcat,6897,92,Female,3,85.4470039261104
Nwoejhzb,Lnrugbzyn,7827,88,Male,1,57.0192150512461
Nwquno,Xohhgmfcs,8163,25,Female,4,50.8991665571384
Nwsmx,Bpxutvcmz,13237,34,Male,1,53.6332325222031
Nwtedd,Naxvd,12411,90,Male,1,64.2188108806277
Nwwcfo,Hgbuxtfj,19120,90,Male,3,54.5015955900467
Nwwdwz,Ojvqn,1327,35,Female,3,72.1485719186249
Nwwhkxybw,Feplffxn,13036,78,Male,3,62.7417037492672
Nwxfoll,Feynou,19498,24,Female,1,47.872667604931
Nwxoc,Hmxrfzm,16461,59,Other,1,50.2360409774385
Nwzk,Kfvjckypd,1163,43,Unspecified,5,46.6328769800755
Nxahq,Ajqh,4536,64,Female,1,65.1212917361067
Nxbydj,Kuqfejczn,1204,57,Female,4,71.7820003114727
Nxcllvnlc,Zdia,13755,52,Male,4,69.8471569670672
Nxcws,Agzpycby,1697,55,Female,1,75.5883184246589
Nxdrkgkwh,Akwfw,16845,32,Unspecified,5,49.1179741857129
Nxeh,Yeth,5310,64,Male,3,57.5954694474391
Nxeyflhne,Hqeqokk,3131,96,Male,5,61.1160360116974
Nxgphmsf,Thymv,8079,29,Male,1,57.7943641599626
Nxjm,Pcbghyi,19926,81,Unspecified,2,79.3773682935474
Nxpv,Qijcrigb,12185,51,Other,5,65.6923455892657
Nxpzuelj,Knsiqtiqd,15969,24,Female,5,72.8081192228481
Nxsf,Tztjjoyf,2462,69,Female,4,72.7282776439888
Nxtfu,Jlqwswdnf,2461,37,Other,2,61.2685430333052
Nxtxux,Gmzzhrk,17712,45,Other,4,54.9833864783013
Nxvgsxh,Wlky,1210,91,Male,4,63.7812179006046
Nxwvv,Qsgjijr,7273,39,Male,3,86.5074984996842
Nxyg,Kvtzyfu,7171,76,Female,5,60.9723446205966
Nxyozi,Zvpa,2029,32,Other,4,41.1633678323482
Nxzfisj,Kcvlmog,5216,88,Female,3,56.4623675825177
Nyag,Bmrkjudm,2340,93,Female,3,60.9330637774728
Nyba,Afal,8361,35,Other,1,60.5917672170063
Nybq,Vjfvcdr,6318,95,Female,5,43.3287909613107
Nycudrm,Qitosuf,12541,41,Female,3,72.3792149076954
Nydj,Bxxt,16285,34,Female,1,43.701804264752
Nyguj,Lalczhgh,17947,72,Male,5,48.2277537748156
Nyhq,Cvaeyt,10877,80,Other,4,67.6800904529099
Nyksjmn,Ieibmldj,3844,88,Other,5,53.7814587482072
Nylygdxci,Nmlumlurr,3082,69,Female,4,64.5492885364026
Nymly,Hmputsyih,15814,71,Unspecified,4,54.2253862999102
Nyogy,Lzeo,13536,48,Female,5,75.9606056980663
Nypgcicex,Hdwg,17113,38,Other,1,71.464571482614
Nyrdooyq,Hmmm,2730,45,Female,3,61.9318962182656
Nytgc,Rxbgwe,16816,91,Unspecified,2,82.0949015272454
Nyvthrlk,Kyfstzxs,10423,30,Unspecified,5,45.2762655772059
Nyvxhib,Bcgrmmjqf,17888,78,Male,1,54.7361012686819
Nywdlni,Hutpw,17788,80,Male,2,70.6439083573317
Nyxxpk,Yybjqi,14146,46,Female,4,40.0991521626062
Nyzxjhew,Tjtfmncgh,17119,95,Other,1,67.3551893222257
Nzbozcry,Zvtah,2637,98,Male,1,58.1798775051921
Nzfu,Beft,16016,18,Male,1,56.9587993143642
Nzgonna,Frjdqlnkq,19488,49,Female,5,64.5595554123893
Nzgrlp,Rfoy,9142,86,Male,2,66.8537268423813
Nzkxolv,Qpktf,15088,98,Male,1,72.3281896548978
Nzkxv,Nsyydrm,13947,93,Other,3,68.3179131047618
Nznv,Xnslrcayo,2913,84,Female,4,49.8081962419493
Nzoa,Qjqqf,17335,31,Female,4,73.0715521983341
Nzoyhcddi,Dxlcaq,6947,84,Male,2,61.5036227449605
Nzrqlsfly,Qruxwpyj,3622,25,Female,4,57.498317288098
Oaanvwk,Tutuua,15377,36,Female,4,42.6608711542574
Oabdcel,Gxiu,9087,30,Male,5,68.9500409405826
Oabfh,Ygnytbhrh,9392,57,Female,5,45.8689450672183
Oacvug,Lsfpcjl,16388,54,Female,5,50.2487389359026
Oaduvl,Pjvjlslz,12987,50,Unspecified,4,43.7333582142353
Oaednlwn,Ilnykoqle,12593,89,Other,4,60.6512915720675
Oaihmbsmd,Hhdizzqo,15442,72,Male,1,60.4171544568959
Oaledmvb,Blbl,10212,60,Male,4,67.56731850564
Oaleyo,Raecyp,14225,83,Male,5,58.209648143403
Oaljd,Uqphtio,3936,46,Other,2,58.0653576627622
Oalzpeq,Wfhl,16131,53,Female,5,62.8723431778905
Oapuxbhte,Xmuyxgxlt,18493,52,Female,3,52.4783892427233
Oarzl,Fktfoc,12095,27,Male,1,71.3521940021998
Oatakx,Ppla,19266,93,Female,3,80.7245970491406
Oauhmqdh,Hbdm,18159,87,Male,4,64.2185613951833
Oaync,Mzwoa,10028,80,Male,2,52.2248116160365
Oazxsu,Qxqiak,12453,50,Female,1,51.6866319982865
Obdpzwddt,Yyzcdqxu,6627,20,Female,1,48.6396631850981
Obfjxryzz,Qegvy,9574,72,Female,4,79.250015344129
Obhgf,Csrpdeaml,1373,79,Female,3,59.7244811949948
Obkjq,Btkezhl,14708,82,Other,3,80.9645754755205
Oboapbatf,Bmiyjwnli,1962,95,Female,2,37.8925490244612
Obpdlthgd,Icqm,7733,58,Female,1,60.17246343986
Obpooxl,Giycjzavf,10398,92,Male,4,64.0411827821877
Obrcmqudx,Cmjdstcjy,10443,53,Other,4,64.1337869839137
Obvf,Zrjezf,4561,60,Female,4,47.2795247885032
Obvl,Iyqveiz,8451,82,Female,2,65.3784935553666
Obvu,Uauffgazj,3792,49,Male,5,45.6044845026175
Obxpt,Bkloclxjc,6210,19,Female,2,73.3274622429183
Obyumi,Jovhg,17478,94,Male,5,75.3026906889745
Ocbxwfbzk,Sxumipkj,2682,82,Female,3,63.9896921076989
Occatj,Nsebci,8847,31,Female,4,82.4820944934604
Ocezzhg,Thtdlj,9172,70,Male,1,50.1099671872794
Ocfzhp,Ultgeagql,15289,75,Male,3,60.9764135912218
Ocguxoqu,Jmxzfgmwr,12362,25,Female,4,44.596887902641
Ochs,Gnamt,7546,63,Female,5,44.9048751853249
Ocjrv,Loct,2739,32,Female,5,63.1156818360743
Ocmqxevp,Zehtykoob,1150,72,Female,1,56.7718980754293
Ocmvvqhbn,Qmlqhtu,18066,64,Male,5,34.0340034014737
Ocomedc,Povhut,6237,27,Male,3,46.5275290961782
Ocoxmmer,Kzpsdjvnd,17728,68,Male,4,61.814277220222
Ocst,Ytuh,4994,27,Other,3,56.4238009963178
Ocuqf,Xrdenup,2544,26,Female,3,54.9045214795753
Ocyfg,Swpdwpqez,8603,49,Male,3,42.4438737618788
Ocyr,Zwlvlstrq,8566,77,Unspecified,2,65.3051659584592
Oczlpuk,Mhqtahc,3621,47,Female,3,48.75786495915
Odcun,Buawui,6883,28,Female,3,74.0024685510274
Oddsyvjzb,Vdgu,2443,30,Female,5,53.3556361099813
Odemuilx,Haptirx,8794,21,Male,1,45.6395742310201
Odggcmz,Orqsdfxc,4321,32,Female,2,68.5031952397285
Odhfrj,Hvoeaxio,15616,20,Male,3,50.9830447214182
Odiikv,Phyzca,18761,60,Female,2,72.3391454056875
Odjlcbknc,Duodpgfx,11813,55,Female,3,52.0742099660445
Odlepbba,Evjd,1365,71,Female,2,49.6033721598569
Odlmxqgz,Kmqqxk,18327,75,Female,4,52.7060266393884
Odrxou,Fxmbvpzh,3628,78,Female,2,28.3551096974452
Odwi,Czdvb,19680,34,Unspecified,3,61.3447531523043
Oegjaixpt,Okno,10004,88,Male,1,73.9896410931925
Oegrvqdd,Mqqr,2797,82,Female,4,49.8588821842667
Oeit,Ycwvhsb,13111,33,Other,1,50.7200785340341
Oejvtxtrk,Vxckx,2813,49,Female,3,68.2942868606422
Oenty,Cmuum,17706,24,Female,1,51.6304243620999
Oeomdqhjk,Idwq,15891,83,Female,5,61.6173511428111
Oepogcr,Uclqnlpq,18499,51,Other,1,58.6216102500958
Oeskxgaqb,Ndsq,19737,27,Male,4,79.1897056464638
Oeubgd,Lwyjc,8103,49,Female,5,68.9968708553314
Oexodzsx,Tdfml,17944,71,Female,4,44.319024518087
Oeyjogk,Ffup,8356,24,Male,1,50.0137596491814
Ofaaoev,Uneyh,6565,22,Male,1,72.7894439184721
Ofbhrvdwb,Ocjovwena,11485,33,Male,1,79.4905585023919
Ofbmovrgn,Hvgzn,11182,88,Female,4,49.1050001902955
Ofdwuvumt,Zyedtn,12197,63,Female,4,70.2973666272603
Ofjfg,Vayhrcta,15146,24,Female,1,72.8895442597681
Ofkqnzo,Yfwdf,19185,73,Female,3,53.1529585900972
Ofkxm,Doeo,4001,85,Male,1,83.4413297312517
Oflbtumt,Evgdvi,14093,68,Male,1,32.6908191586092
Ofltygu,Gnijbbf,10031,62,Male,2,67.3684432681305
Ofnihdq,Btrgdjxtw,5097,42,Male,3,40.8629405819918
Ofnu,Ovcj,1508,46,Female,1,47.9040603805856
Ofpxa,Qpeacree,18315,34,Male,2,79.1314158337945
Ofsb,Brljntel,5443,64,Male,1,75.6528782250149
Ofspzoc,Xhhzfuqgd,5063,51,Male,5,62.2844839371591
Oftoevuz,Aoak,17350,27,Male,4,69.096718469906
Ofueluwje,Baxcc,8320,25,Female,1,48.530788314694
Ofvehv,Nhimomxwb,16417,62,Female,1,57.8342269762408
Ofvjmewwg,Esvbsmdpe,15988,90,Female,4,55.3395442537039
Ofwdmm,Pkpt,5841,93,Unspecified,1,70.8199402057932
Ofykhipxm,Dstic,6732,22,Male,5,53.9110628490008
Ogaojeps,Ivumrxgb,10609,34,Male,3,73.1313627968688
Ogccpb,Snkfg,9759,65,Male,1,53.8790197843162
Ogccvcs,Vowlqym,6624,47,Female,3,67.1186039524407
Ogcvgce,Efdlcynn,6493,29,Female,3,56.2484262280122
Ogeexze,Eqdcbjhs,13583,49,Female,4,54.110685869712
Ogensc,Cinhjpkca,8328,45,Female,5,62.8864737276332
Ogerqm,Rshgaahec,4063,27,Female,1,60.2720854504647
Ogmljnj,Ririvd,4081,75,Female,1,27.2981030818469
Ognjy,Tloflgq,19050,51,Female,3,74.3539323059394
Ogogk,Egedh,2527,87,Male,2,56.3772373586234
Ogougqrs,Wpznnlkz,17971,24,Unspecified,5,38.8028913656424
Ogqlrt,Unwyouez,15459,81,Female,2,66.2496221948203
Ogrciamq,Zebbsvbe,2086,59,Female,1,61.122471976792
Ogxcwd,Sfpb,9633,44,Male,4,73.2627073986527
Ogxgcrnyt,Txfdjjiqe,13604,21,Female,5,71.4972916030508
Ogxtcpwf,Emhhpel,6405,90,Male,1,49.2412210452275
Ohbosm,Jemubdw,18936,24,Female,5,36.8069466950717
Ohcdx,Alxcynrn,5051,57,Male,1,43.4058907260413
Ohdhuqyy,Qperep,19565,24,Female,4,58.8803721008949
Ohdy,Clnyxhwst,13239,61,Male,5,56.6328062807913
Ohfej,Wqyghayq,2912,66,Male,5,59.9951582165382
Ohgpvkhk,Srhlghgfp,14950,79,Female,1,43.8148120514381
Ohhcqixln,Cxydw,1230,68,Other,5,61.981795635282
Ohhv,Unbnc,13565,22,Female,3,46.6422623565416
Ohlkzg,Fehun,19716,27,Male,3,61.0342876839327
Ohndesbg,Fmbqirtyk,19505,87,Male,5,44.5022945356808
Ohpdwnc,Cwwsdqb,17129,33,Female,5,69.0552726341321
Ohra,Tjum,15078,93,Female,3,50.9510780582473
Ohrs,Edzmkzwzz,17655,26,Unspecified,2,61.3763777714757
Ohurmo,Ogajfasy,2699,87,Female,2,39.9320382675256
Ohwcwqp,Moxtwc,13819,68,Male,3,51.2380971970286
Ohwijxugg,Rsuodzmob,5300,60,Male,1,84.3175836122635
Ohwvqrny,Caywc,4644,88,Male,5,58.8986722853679
Ohxofjqye,Jugkevft,6156,39,Female,4,28.4713196879667
Ohyccqnyn,Tncud,3666,79,Male,1,54.4309265733928
Oiann,Dlileb,13146,57,Female,4,66.8322741729692
Oidyagfqj,Ggwe,19511,91,Male,1,69.7954287450512
Oigu,Wqhos,2926,37,Female,3,40.4512946325277
Oihle,Eorps,12356,36,Other,5,57.2152800569254
Oiio,Jdbfkduen,18295,71,Female,3,45.1442869078592
Oijbbzqbj,Jjedk,15747,42,Male,4,68.9797479084262
Oijqvfk,Jqeqdr,4751,57,Female,5,47.9230162639687
Oijzxeh,Yumasrpm,2177,49,Other,2,49.2924791679678
Oildmzhdw,Nukhdng,13105,68,Unspecified,2,39.6257320296986
Oincnufr,Vyzls,1250,52,Female,4,65.7648912919965
Oiqnp,Gjjqdhcem,7938,84,Unspecified,5,74.1350882733352
Oisq,When,19088,57,Male,1,61.7092717502733
Oito,Abspnbi,2952,35,Female,4,61.7840796789819
Oituxh,Kjjp,2498,39,Female,2,49.7468293978887
Oiuqj,Krjtbaygt,17260,45,Female,5,51.1288388694971
Oixbkp,Gyymp,9601,70,Female,1,68.0724655875994
Ojbbbgdm,Setbtbjh,6352,88,Male,1,75.0114823897929
Ojbekwl,Uthlaxmtz,4236,37,Unspecified,3,51.49051682957
Ojbvb,Axtzsme,15762,74,Other,2,50.5820338696625
Ojekc,Laubvok,18167,65,Female,5,71.757812338859
Ojexwgblt,Djtnidmxj,3478,85,Female,4,62.2902624798778
Ojhscn,Oflun,16831,29,Female,4,42.4512381023052
Ojingyh,Qaxrdda,13394,70,Male,3,48.3533986620606
Ojlz,Kecbiinn,15652,78,Female,4,44.0312437131058
Ojntrim,Fmbcty,13035,34,Male,1,56.9737736173563
Ojpo,Weup,18313,62,Other,3,61.5229696306014
Ojqmm,Whqupkst,1863,78,Female,4,68.6003009840276
Ojqtgk,Kmbrrjjpf,1806,31,Female,3,46.3939818493491
Ojqy,Cwfqwafm,8814,90,Male,1,45.5906097075251
Ojrwzj,Ygifyrai,18641,50,Female,5,68.0458729776193
Ojrya,Lgqahghwj,11309,40,Female,5,75.7045209262618
Ojsnj,Mznfs,3419,36,Male,2,68.6946519890758
Ojtmg,Qdphznb,3650,39,Male,3,60.1518656352947
Ojysi,Xniaww,19387,37,Male,1,59.6987225814807
Okaebt,Gvuiyuzk,10349,81,Male,4,53.2032058974103
Okdztmy,Zoap,10747,18,Unspecified,5,54.7567644401979
Okghb,Lygu,7264,92,Male,4,43.5724136926481
Okkh,Wfgowovq,2738,54,Female,1,79.6531770352538
Okkl,Ktex,15467,93,Male,4,58.0056122135292
Okouhmg,Wuse,14898,67,Female,5,78.9731730143139
Okpclkee,Vrxqxif,7669,55,Male,4,61.5943906045269
Okqwslbk,Rhejcq,9402,57,Female,2,41.9886771042839
Okqzdc,Ticckdru,2940,24,Female,1,48.7169177637024
Okrvkpq,Qnhzd,10625,42,Male,4,52.0046877985343
Oksayk,Ugeivb,7989,87,Male,5,57.8273984787632
Oktlghatc,Zvysrn,10910,52,Male,4,77.109404453325
Oktzq,Zcyey,3299,61,Unspecified,3,82.1965743164128
Okvvidcnt,Dwpqhlqsr,10172,38,Female,4,72.8000771130798
Okwe,Tyvypzmup,16308,48,Male,1,65.3886734507706
Olbbihywz,Ifsltxv,15617,95,Female,2,52.7697115382563
Oldpok,Zkpuial,16507,85,Male,3,77.4602829133407
Olendvp,Gwky,17775,47,Female,5,82.771717713598
Olfsrea,Ggmlvmkjy,17409,86,Female,2,58.9903174570988
Olhbvqsw,Ukwgmd,12985,24,Female,3,61.1016775063105
Oljfc,Hrzkqxikc,17003,89,Female,1,55.8814991048147
Oljlqhbsv,Cbkncw,2290,98,Female,1,60.5663161442832
Olkpan,Lneuy,15229,73,Male,4,62.6091010519704
Oller,Koyrdbg,18666,25,Male,3,77.1387955890978
Ollveyz,Evlgjacqy,18935,52,Male,1,63.3464579004601
Olqotrdu,Daiga,4192,67,Female,1,45.225989807602
Olqwalmb,Vlgx,6740,54,Male,5,61.9836801536178
Olrouk,Urry,18086,79,Female,2,51.7969824802935
Olrroa,Rurent,2617,29,Female,4,59.5408448420634
Oltjnjq,Fgctndz,6516,38,Female,4,51.0399573137293
Oluew,Lgxgk,1722,75,Female,2,42.4265377109617
Olulmrac,Bvtgzda,7486,79,Female,5,52.7398343274428
Olwbwvh,Jbwacye,4646,45,Female,5,50.7086550845436
Olwiwomn,Bsol,19601,65,Male,4,76.9416086579579
Olxfkhpeh,Msuhmn,14276,39,Other,3,49.6972244057123
Olxsw,Zbgto,7192,83,Other,1,63.7838743553573
Omcb,Eqcugndu,8920,24,Female,2,68.2473876949396
Omfdblwk,Blppphe,14345,22,Other,1,62.1830895531865
Omfledp,Cxlz,18524,96,Female,1,61.4154222652468
Omhh,Rcvyjtme,13414,92,Male,1,44.6014238270229
Omllzp,Tzpr,15383,70,Male,3,59.8204264779652
Omlrkwqv,Zucwumtzy,6473,93,Male,4,70.3335251929178
Ommlzdi,Ruwflagdy,13793,26,Male,4,49.8373984872803
Omnu,Artniuisq,2325,92,Male,2,66.3657277551534
Omplnghe,Ikmttz,17513,95,Female,4,59.5006982644378
Omrwnhl,Gtlpfur,11338,49,Unspecified,3,58.8795540084649
Omtd,Xaquiso,7891,96,Other,1,50.1808976843435
Omtgv,Hfeeac,1535,27,Male,1,63.7314914466112
Omwubpdzv,Ikjfhwedk,3290,46,Other,3,60.8180858112648
Omywyte,Bwlhcjlp,18382,81,Female,1,62.756229460925
Onau,Jkuh,5917,18,Female,3,74.0772156373034
Onbe,Vsqsghtid,11545,74,Female,2,76.3423737746506
Onda,Yfpbbrsy,14139,59,Male,1,69.8691069138616
Onfxrsghi,Jkud,3671,67,Female,1,65.9855109631631
Ongth,Aspxxiklb,4381,78,Unspecified,5,63.5016036113844
Onkbgigi,Axnbhqx,8529,93,Male,1,49.6517651271212
Onlnupuji,Bjhvz,14741,32,Male,5,55.5386786842504
Onol,Wxxzp,19605,58,Unspecified,1,43.0851098813631
Onqzd,Sqngr,8403,32,Male,3,56.9917797785386
Onskoijsz,Oamjb,8229,90,Male,2,48.079181479227
Ontuc,Axbnxkvr,2032,45,Female,1,48.171270028258
Ooaij,Tvyz,7818,47,Male,3,52.2732144062764
Ooca,Jofh,3819,45,Female,3,47.8272359369005
Oocbkxfo,Uoipahz,3674,57,Male,5,52.8662154590716
Oocqanjf,Qdpcnljh,19821,28,Male,3,64.9565945592804
Oodlavh,Srpwyvxle,3731,22,Male,3,48.1147197785618
Oodm,Odzagsyb,17927,55,Male,2,55.2513825042198
Oogjkrs,Qrlzhhoi,5069,35,Male,3,54.8336369696916
Oohkib,Rywe,15796,61,Male,2,61.7786751172805
Oohrmsxa,Shawlup,4937,28,Male,4,63.2974503359899
Ooilcyp,Vdyzizunp,4343,83,Other,5,82.6793909169325
Oooahx,Degis,16801,44,Male,1,49.7458557133446
Ooot,Yomlxtb,16166,87,Unspecified,2,70.0236555509111
Ooqfja,Tfhgwl,7855,74,Female,3,50.748783470322
Ootzko,Miomc,12032,88,Other,5,66.5252780099409
Oovvlrlqf,Gcqxi,9814,30,Female,3,68.5505301176012
Oozc,Ilqsiww,16890,52,Male,4,60.6354164263228
Opacft,Ylhof,1016,71,Female,5,45.1438457322111
Opaitduav,Ojxs,19991,74,Female,1,62.1469162040879
Opbxq,Mgulo,13882,85,Male,4,57.6018867355677
Opdmrcfc,Acurioz,15225,64,Male,2,52.6312986026324
Opehbk,Tplqm,5028,19,Female,2,64.927959164224
Opgzil,Iwiycrjl,7048,81,Female,2,54.0960049043463
Ophhkubx,Phwbn,14361,76,Other,2,66.3737479626322
Ophiz,Rdsi,1735,98,Female,2,76.653854806888
Opjnsl,Lgmts,17824,63,Male,4,41.6648050021819
Opjqut,Qbefsixmq,12181,47,Male,1,52.4175463661665
Opmqa,Pizdie,7088,71,Male,2,59.5600116719673
Opomtx,Bdfgdfi,4458,93,Other,4,57.3489247768243
Opphfnsr,Gkmhy,9728,70,Male,1,83.6774960716487
Oppzugjl,Qoxkdq,5140,31,Male,2,72.8771294753367
Opqhgo,Qlyj,8979,37,Male,4,41.5749436977489
Opsfjsphm,Bsjyyeup,11213,52,Female,3,71.1132769667791
Opwpxb,Dtfj,18587,35,Male,3,59.294873114353
Oqalc,Mgvs,17736,25,Female,2,41.2256215043721
Oqawrohu,Oethz,12813,92,Female,4,64.3297864988868
Oqbro,Aiptt,10584,45,Female,3,45.0407855917955
Oqbxygdw,Xnuwvif,17264,42,Female,4,76.1681849511465
Oqcuissl,Hcxpwt,2006,51,Male,1,57.1283681278879
Oqdlqxl,Ytijo,11005,29,Female,4,69.7304928226812
Oqdxd,Fgysaeh,14451,93,Male,5,67.9506751592819
Oqeqgova,Iwodjovkg,19268,81,Male,2,73.1573382673526
Oqgqbgwr,Yflbq,2861,38,Unspecified,5,46.5147051021077
Oqgtbpl,Ucibot,16036,40,Other,4,48.6028598046548
Oqhrakgwb,Kpddjee,10655,50,Other,4,61.3481878212673
Oqjt,Hqeaarqx,7621,80,Male,5,54.1342715347123
Oqoejupct,Jxzxnv,15627,58,Female,3,63.4373212239151
Oqqrqnyc,Yihfciz,6646,34,Other,4,69.7253814398107
Oqsgdrjfj,Nrzfp,1021,23,Male,5,44.2055883938844
Oqtkjjv,Fvifduij,14375,35,Other,3,59.1002387116407
Oqxzlx,Btzcgdr,9090,30,Female,5,35.497210186719
Oqykqm,Eicrx,7952,91,Female,3,43.8103563423538
Oqyx,Tvdxb,3121,69,Female,4,67.1602757238537
Orasbaw,Ievbhdm,19329,39,Female,3,57.2447784543505
Orcjjvdbg,Tngu,15914,48,Female,5,60.6761371677106
Orfnfq,Binxwv,19874,36,Female,4,62.5870404319985
Orfpux,Sjdjkevb,11792,36,Female,4,75.1058416226461
Orfw,Zjxxgywh,19019,47,Male,3,58.160743858803
Orgupxaz,Rglk,2296,92,Other,2,66.6616830371717
Orhuw,Awrpo,4245,98,Female,1,38.9921016733377
Oriqmap,Imtniillu,14968,30,Female,3,87.6394326691424
Orkit,Jwbyoawgb,1201,42,Female,1,51.2634216608391
Orko,Zdbe,18975,76,Male,1,62.6881553017509
Ormj,Eobqf,18388,88,Female,5,44.0665449742364
Ornns,Sqzwu,7728,27,Other,3,54.7835845866641
Orreantz,Ffayudg,10444,59,Male,1,64.769805364051
Orrt,Ffbkyy,2060,49,Male,3,53.4198590656965
Oruclnrvc,Ynrs,4717,61,Female,3,52.3126260522709
Orwongg,Xctaerxh,12389,87,Female,1,54.9368105188681
Orycoeyv,Goccst,12795,64,Female,3,68.1797630505575
Osaan,Onhxrf,6929,28,Male,5,70.5961240894509
Osbd,Grji,10301,42,Male,2,39.6160145845115
Oscdfxsi,Sjjblax,15777,59,Female,5,64.0996431278453
Osferfydf,Irwkygd,17143,72,Female,2,63.7651289526889
Oshu,Iiovmlqk,13996,84,Female,3,69.3913163648254
Osjm,Qmqtkbtr,6607,36,Male,3,49.9809560496076
Oskhc,Wnkhh,4689,80,Other,3,61.1873159324735
Osmh,Yeauksiip,1759,36,Unspecified,1,40.1706164099005
Osms,Btaiiasn,1610,83,Male,3,58.2850352072674
Osnbisa,Cukk,15836,66,Male,4,62.7222074309967
Osqirdmi,Aalxoqlc,13875,19,Male,4,69.8549200923767
Osqphbqm,Xssqi,2428,40,Male,5,41.0126495750444
Ostczk,Kqvvldcxy,16789,46,Female,5,61.8957016955793
Osyjwi,Wabv,1844,63,Male,5,48.7375859682558
Oszmdfh,Hjvnp,16306,57,Male,2,54.9253504509991
Otacpwpm,Ebvjpev,4506,72,Female,4,74.6532974757411
Otaoh,Bkqd,18486,84,Female,1,47.2983353699954
Otdnu,Vtnrrstg,17915,48,Male,5,63.5285968665451
Otfpujd,Rahpp,18907,39,Male,5,65.8804862332319
Otgawnhmp,Hzucdcfe,3203,59,Female,5,47.8698279726754
Othloln,Johunbyja,8183,62,Male,5,69.6116141617103
Otjikuh,Jvjb,7031,83,Male,2,61.3852822035891
Otlwxr,Xzjaafnjc,2801,18,Female,1,63.7667527240717
Otmbl,Wizcvbu,13824,81,Male,2,25.0268908643425
Otow,Rznzbdde,12205,95,Male,2,46.6627737293807
Ottogk,Xfxh,11722,77,Male,5,36.1508776947326
Ottzfx,Fosb,2190,58,Female,1,55.3704879696147
Otujdqa,Gkdzgsy,1608,30,Female,3,61.9028924191624
Otuvzckw,Dnuc,1829,21,Female,3,32.8788028471821
Otyzndaxc,Kutdtdmh,18655,55,Unspecified,2,70.6053354579567
Ouaalxfa,Hxcx,10226,20,Male,2,57.1275000317449
Oudgtaopo,Whsrlgtca,1416,90,Male,5,69.8266138657118
Oudnak,Leysgqf,16353,84,Female,2,46.3719537669514
Ouemlq,Gvhpml,3706,70,Other,1,71.6471904490235
Ougjsy,Fdaxy,9620,46,Unspecified,1,50.2728944767338
Oult,Szzze,18663,38,Female,1,63.9541611122985
Oumsx,Qfgln,10118,41,Male,3,32.2828041398525
Ouqwvog,Kqnbw,6390,29,Female,3,91.1493665506383
Ourndnb,Lbgba,8456,69,Male,2,46.0461516886784
Ouso,Jfmfqq,18583,53,Unspecified,2,78.2438854903921
Outoijnis,Xtxp,1031,63,Female,5,62.1254720479602
Ouvodiz,Mghdznbxc,1973,25,Female,1,68.8306534066884
Ouypxudl,Djqjx,1427,73,Female,3,79.9927307214285
Ouyw,Ibybqlpmk,1492,51,Female,3,63.7598351065005
Ouzsjgel,Agas,19952,74,Male,2,82.3906945779816
Ovdhxjs,Goywwirbu,10249,19,Male,4,73.463814744602
Ovekuex,Lbbrs,18248,51,Female,5,56.9470280363517
Ovfysha,Bxlsndyym,12888,27,Female,5,44.5509136637102
Ovjfj,Btubvonq,4847,77,Female,4,46.5218182048457
Ovotxz,Wcnjj,11592,32,Female,1,62.1258994866979
Ovqydusj,Fvfsmet,12228,62,Unspecified,1,67.6716339900506
Ovuttblz,Vsixqvhn,16578,46,Male,3,75.880527393828
Ovzavauw,Xumuo,5648,67,Female,2,58.7979220684469
Ovzk,Mgjnjbu,11164,27,Female,5,65.6302191915097
Owaruhe,Aejpz,10420,88,Female,3,63.6736271626863
Ower,Wcroi,9046,48,Female,1,59.052396314575
Owktsqf,Tbsu,10745,40,Male,4,36.5177725088454
Owlhca,Svnsoewe,15253,60,Male,3,88.5975383074255
Owlububmv,Zvwga,18207,67,Other,3,78.1093652763025
Owlyti,Pbqxp,1536,77,Female,4,61.8473362099678
Ownam,Jser,8637,24,Female,2,48.1605085627446
Owptmhazu,Svzvstrdd,14671,60,Female,3,48.2192393491816
Owqgtmzit,Cevyqtgq,17485,97,Male,1,68.408434690614
Owqlqnlc,Xqezu,17217,80,Male,4,52.1125942100393
Owqmara,Rgayo,6857,57,Female,5,75.5902622214434
Owrk,Rmvwqaa,8799,84,Male,2,66.4452522554631
Owwar,Xhoivilu,10441,58,Female,2,54.7854506796005
Owwb,Pgedg,10088,65,Male,5,52.7458037891
Owyvstok,Obeseybso,8003,95,Female,4,88.1354289381057
Owzgabyt,Avrxsviuj,15381,88,Male,4,63.722880071199
Oxaplne,Wfoknfrue,15928,21,Female,3,44.7240307626222
Oxfbf,Ratybv,14743,71,Male,5,57.3154666514507
Oxhgjtr,Hzoedgf,18060,55,Female,4,50.8783686890548
Oxhpt,Khuj,3727,45,Male,5,53.5760159758912
Oxkky,Qitim,6971,57,Male,4,64.9699056639581
Oxmv,Abcfxuvx,15807,73,Male,4,51.7454600965264
Oxmwcytoe,Ucgtoqcn,18318,54,Male,2,48.1875334780792
Oxqiolpip,Sfrqhin,12251,63,Female,2,60.4309281252816
Oxwcxenz,Ctmp,2362,71,Male,4,67.7790944312612
Oxyaleli,Ubgw,14543,56,Male,3,66.0454995256324
Oycllm,Cucaelqj,8139,93,Female,4,37.6084712691175
Oydqdk,Hcidfvw,5344,41,Male,1,45.5218380171687
Oyezygk,Jeskfg,18415,91,Male,5,60.8111994143224
Oyhdkbrx,Hkinxy,7864,79,Female,3,80.1763169027651
Oyicnb,Egowdibqi,12000,29,Female,1,70.8489797037959
Oyjowitz,Vtuglguil,3583,29,Other,2,51.4513627933988
Oysigd,Gyau,14489,28,Other,2,70.9980076017184
Oytbtjy,Xcdpvnv,1075,43,Male,3,53.6763466221669
Ozaafnfi,Ysqme,17702,47,Female,2,50.0116355671326
Ozauluyo,Ygjm,11123,59,Male,5,38.9687060043507
Ozeyivx,Wigf,2649,54,Male,2,62.5825286094296
Oznj,Ibvednr,9161,90,Female,3,72.9781119290996
Oznzfn,Isjmfgtwy,8213,36,Male,1,61.0122633654664
Ozogqs,Hyqyfchmx,1447,22,Male,4,50.1486763778844
Ozpjhaec,Egahvt,11186,63,Other,5,68.1718349741298
Ozwnenil,Xcjm,9462,86,Female,5,47.3189721346168
Pabbchsx,Kaikauntt,12396,76,Male,4,69.4444465527114
Padzolx,Sgrz,12927,83,Female,3,60.5742264888396
Pafpfbnor,Wovobq,9062,80,Other,4,52.8229331329363
Pagbbfg,Yvwaxrb,16212,53,Male,4,45.6711439861199
Pakq,Tpkxwpni,2101,41,Male,5,53.2341264187491
Paog,Vayhoxph,16231,96,Female,2,84.9073167051416
Paowx,Azgnssuuc,9554,92,Male,2,65.5338310531521
Papgogs,Ffjp,3877,60,Female,5,67.3379111247822
Parfb,Uwkxu,6538,86,Other,3,68.9517765459183
Parxlb,Iucpllgli,19462,59,Male,4,46.285808688414
Pasc,Mpjec,11639,75,Female,1,53.0631465147864
Paubgnsj,Fntchjzu,8273,23,Male,5,50.9309986634838
Pauptu,Uenpqn,13289,31,Unspecified,2,34.4801575678167
Pavqcjm,Wjtkzfil,11936,72,Female,2,50.7033154938756
Pawkzcltr,Zufg,8237,22,Male,4,66.1861293162534
Pawv,Tabdpaqt,19797,79,Female,5,53.2220634995966
Pazx,Qazwvqkev,9646,20,Other,3,52.9088627753907
Pbbjiip,Xnnqtkp,6279,25,Female,3,77.5352174840681
Pbdaq,Kcdvojf,12835,38,Male,3,61.3541947701099
Pbdosvbj,Hbjbiy,18814,54,Female,5,44.4274450942005
Pbeery,Yggipil,10711,47,Female,5,61.7322237010645
Pbekx,Ekyh,2084,32,Other,2,64.8445809165422
Pbfszg,Sthccskew,18783,96,Female,4,70.4060471618361
Pbqye,Leaa,11822,30,Female,2,49.3121671920018
Pbrvjptv,Joewotxot,15703,43,Unspecified,5,76.7285936182967
Pbux,Gnfztzxlr,2115,30,Male,1,64.879566134496
Pbvaw,Hdpmvtx,8582,51,Female,2,60.9514082002696
Pbvhuqzx,Wlwsdcy,13424,31,Unspecified,4,65.021762272123
Pbvoa,Utpwgmu,15130,70,Unspecified,5,61.9598401376708
Pbyyidtms,Ggyelnen,11714,25,Unspecified,4,56.5036695795376
Pbzb,Xfiwxat,19581,68,Unspecified,5,51.1450832917994
Pbzxwprvp,Kwltnyju,9135,23,Male,5,50.6649330820363
Pcaqaj,Fsrg,11834,59,Female,1,48.0816943769087
Pcdfnlonn,Gxci,3965,80,Male,3,48.2136079179283
Pcehrljp,Uazmrokq,13095,58,Unspecified,3,61.1796379949715
Pcgnbuz,Llzyvmhgf,6754,66,Other,1,37.2341524506712
Pcjaru,Eutje,12683,21,Female,1,58.7474722986906
Pcjsta,Fdspfuhi,5222,27,Male,2,61.8946890371364
Pckkmkki,Hshux,12286,49,Female,4,71.5367488246139
Pclutd,Yixvmzyt,15341,63,Male,4,67.4462446616906
Pcnfixob,Kxmuggn,3008,69,Female,1,42.29829505016
Pcrnryds,Hvsqtgctl,15570,88,Female,4,60.1208588507967
Pcuo,Ftxxg,19785,78,Male,4,59.7628534357294
Pcuuah,Zwab,9533,49,Other,4,67.7337749698441
Pcxtc,Ncvtjyskj,11142,83,Female,3,63.2678140172885
Pcyqickok,Lsfe,9852,52,Other,2,52.289240526099
Pdbmgkky,Nyhuals,12647,64,Female,5,48.5773592858054
Pddg,Dpgtcvm,4289,88,Male,1,38.8941728012114
Pdezwdbw,Xzkb,1178,95,Female,2,65.8412983272288
Pdfo,Bayzm,1540,38,Male,3,74.6287667102912
Pdfqqj,Uartmnz,6463,24,Male,5,52.820472678775
Pdice,Xxfehtib,5438,79,Other,1,74.0108785779295
Pdjnoqv,Innsdmy,13398,57,Male,3,58.1327174064369
Pdlly,Boifgbile,15362,87,Male,3,56.6947050863164
Pdmihb,Yykkorlrt,1414,94,Male,1,57.8021250374493
Pdmiibqa,Pbhhtqc,3659,64,Male,5,55.1380371602384
Pdpapgwwn,Ojky,13385,86,Female,2,35.579224284038
Pdrll,Ploufii,6770,18,Male,4,67.1852087493158
Pdtmeuiy,Ygxfkb,10041,96,Female,4,85.0163459075843
Pdtxw,Khaeqoi,5419,75,Female,2,30.0982482921269
Pdxaej,Jbkdh,5643,58,Female,2,42.0006355165148
Pefvka,Tfgmy,13591,25,Male,4,51.3102115843294
Pehe,Dhqmht,14350,44,Female,5,71.7166795106797
Pekeeyjo,Qbzbpge,2752,96,Male,3,41.3597962638475
Pekqyle,Yofunlyft,5289,89,Male,1,60.1570292288594
Pekvhkl,Evvffskxh,19784,74,Female,4,59.6309195853408
Pelij,Komhn,3180,44,Male,5,58.7121910589257
Pepczjzti,Ndezc,6768,25,Female,5,50.6529002354115
Pesfgme,Ttmv,4104,75,Male,5,75.1991388812642
Petzk,Ugoymn,19107,79,Unspecified,1,62.1134244491129
Peua,Pzynn,6959,97,Male,5,50.233505269003
Peurimkv,Nyllan,14669,76,Male,2,69.348388839097
Pewuchnif,Jmtmg,7504,26,Female,4,60.1905947778143
Pfbv,Nsjps,10852,95,Male,1,71.3642208315512
Pfcgiyt,Xnfy,12889,19,Male,3,84.6614764820997
Pfgqqffcs,Abessyknc,6598,27,Female,5,64.2213462393989
Pfhnjf,Iqjcndx,7222,90,Female,2,68.2151637451678
Pfmvlyl,Spvsdzszn,19598,80,Female,4,50.8955861595702
Pfrfc,Fftxok,5950,78,Male,3,56.1164419062386
Pfuffp,Drbgudwiq,12425,32,Male,5,62.4432581960223
Pfxrflc,Dpeymj,5531,37,Female,5,65.7739530393021
Pfzh,Irxvmptu,10288,21,Male,4,53.7096089645739
Pfzt,Haiah,9576,78,Male,3,82.0091323839906
Pgahbmbg,Oayeleli,19938,38,Other,1,62.1745472950795
Pgbcrhmhk,Eydkpdbz,3796,96,Male,1,69.831526213253
Pgdkjxd,Evnuqphk,12810,85,Male,5,67.0576061542212
Pgdsvdv,Cvniz,5172,37,Male,4,63.6975687533043
Pgfnun,Fqvbky,10009,47,Male,4,44.8619088705758
Pgfwa,Wuhdygezn,4776,63,Male,3,76.9954888879865
Pggmssr,Dshbwbza,13081,25,Female,4,60.2716975368075
Pgjk,Pnmarlruh,15576,55,Unspecified,4,71.0182983054472
Pgjxadd,Eqwpre,16370,47,Male,3,48.5742318292864
Pglvge,Ysnhy,7555,44,Female,2,69.0086165725048
Pgnlaar,Chbei,17280,25,Female,5,63.0912006062746
Pgnqm,Xqjyyvnn,9114,50,Female,4,71.8971754548387
Pgnsg,Wlcdn,4474,25,Female,3,46.466522137373
Pgobeqeh,Afnqi,4922,36,Other,5,67.9874291584935
Pgpzosf,Vldvvrvn,9654,82,Female,3,55.7430529626368
Pgtzkj,Aufh,15919,81,Female,3,46.0524303839046
Pgwnyz,Wesx,8477,98,Male,3,50.8349440787774
Pgxp,Vbkgqefv,8918,92,Male,4,57.182270204491
Pgylv,Jpyhvabqp,9899,97,Female,5,69.1613728480923
Pgywcile,Boldbbyc,16179,75,Female,3,73.7411743182359
Phamynqt,Skebxxz,15007,51,Male,3,77.905681265872
Phhzxgku,Usoul,14013,34,Male,5,48.0706291392737
Phpfei,Szohcio,8412,65,Other,3,66.0528009386952
Phqiniiq,Fgcoevq,3049,49,Other,4,73.9309703783016
Phqmp,Cufvidgn,11589,48,Female,3,78.733507690244
Phqmyr,Vhkae,12273,87,Female,5,66.1816152754874
Phvrlees,Mdhff,7302,31,Female,5,63.8911094557493
Phvwab,Naubny,3751,54,Female,1,52.3987743103266
Phzhjp,Xqlbcptx,5391,64,Female,2,47.9862407561502
Phzqmrj,Hdaxjql,2366,78,Male,3,60.1813773077665
Pibombyie,Wubcb,14271,93,Male,3,33.2022871954524
Picgxrs,Fmbq,9901,76,Unspecified,1,56.8353288305262
Pigj,Ytst,4766,26,Female,2,57.4632273948214
Pigx,Qhgjjpgcm,15277,31,Male,4,62.5827056220577
Pikrarls,Kbjs,3951,74,Male,4,68.4634244126897
Pilfpcvt,Vxkfy,19325,55,Male,1,45.9568299061545
Pilphai,Xegq,6633,30,Male,2,61.9173321023305
Pinjntq,Fizqkhmf,9874,63,Female,1,73.6729036842521
Pinweu,Bvseqmu,15965,43,Female,2,56.0727862979184
Pivih,Jmmxsohal,3543,47,Other,3,70.5925599304197
Piybhy,Epwucvfu,2130,42,Female,2,62.5256581586236
Piyquyvv,Lpkj,2612,88,Female,3,57.9506186848693
Pizlxfot,Sxcylwdo,9608,85,Male,1,54.08460917064
Piznexnzo,Epdpayrv,3771,29,Female,1,60.8641222665446
Pjad,Zfrzk,15722,26,Male,4,57.4870548090159
Pjbcxsx,Klpubmn,10752,92,Male,4,65.6537473515293
Pjbi,Swuv,15004,92,Male,3,52.3024037788625
Pjdtfd,Gisdb,19487,95,Female,1,49.1931593098965
Pjepzowcr,Zlezsk,5878,42,Female,2,76.1324681058097
Pjesdw,Gkgirr,5857,60,Female,5,48.1297309571345
Pjgcxthd,Edmkrph,8590,71,Unspecified,3,56.5982088860846
Pjgivs,Adicgof,12104,23,Male,3,59.6259397660942
Pjjzmqsnz,Emovca,5353,73,Unspecified,1,61.0785314030046
Pjkpufvg,Bnonpqqqj,11740,31,Other,3,73.8540933560036
Pjlly,Tyygvm,19057,34,Male,2,60.7216462711083
Pjmjgqgt,Siovburm,6967,91,Female,4,46.7501849999233
Pjnkecww,Qrjb,1069,91,Female,1,30.8477714062831
Pjofjezl,Sbukma,4219,69,Male,2,62.1811598003481
Pjqeaykh,Snnxyhjf,18231,33,Female,5,56.3697975214655
Pjqvyx,Jkdlil,19086,38,Female,1,44.988142338992
Pjtbn,Yleewsky,18734,73,Male,3,60.3007790496437
Pjubesbho,Hdpkffz,2432,46,Male,4,78.7575916025773
Pjvq,Rdfge,4554,77,Male,4,58.9242653046427
Pjydwncma,Tqbqk,10421,86,Other,4,66.8214077690759
Pjyzqbpnq,Myzhenth,13758,19,Male,1,43.1597605560059
Pjzfrkq,Azhahg,11655,93,Other,1,66.5286673431127
Pkgal,Rxxhym,18278,52,Other,1,71.9689057790392
Pkiyexgft,Uyyamvwuj,4406,55,Other,4,55.6327662464273
Pkjhidt,Tdbwkzds,14557,72,Female,3,61.5111031204264
Pknvss,Alqhcy,13720,62,Female,4,65.5787531750145
Pkqlzln,Votuztx,7407,24,Female,5,69.7205465303517
Pkszlwapx,Weornub,14081,88,Male,5,43.9460879558691
Pkugz,Mqmgjt,10507,52,Male,2,40.1991130797721
Pkwem,Gxwk,16100,20,Female,4,65.6893822669799
Platrtjal,Dntebjr,15237,88,Male,3,38.3142094811196
Plcxkomkh,Gmxbrevbo,12157,66,Unspecified,5,60.1393510753898
Plglp,Brhewt,1452,79,Other,4,35.8467837116201
Plhrqpxf,Bjebz,18584,49,Male,3,60.2195403643682
Pljohkz,Esic,10125,85,Male,3,56.6611050929316
Plofq,Ebibc,4011,78,Female,3,66.8347917925304
Plsagkp,Ngtbb,17933,62,Male,4,33.2064318465216
Plse,Xnzep,9387,70,Female,4,69.6187102863235
Pltlmxea,Gnykzetwb,6579,80,Male,5,66.0447358549119
Pluqnzjx,Lhlyguq,14167,35,Female,4,68.0120930099253
Plxc,Ftiinc,11794,35,Male,3,51.3793082345054
Plxmtpbu,Peduifh,1679,89,Female,2,60.433588504755
Plygpvejx,Rklc,5791,91,Male,1,52.4225837269413
Pmevqjdv,Yqmsflxpk,6043,87,Female,3,55.9225921484823
Pmjurpcrf,Tkdjhvign,5258,83,Female,4,38.3424979991269
Pmlr,Gkoaeucg,13685,52,Female,1,62.0563608205167
Pmmj,Rgxme,17833,19,Unspecified,5,64.6326736468251
Pmnhfz,Btdslbeo,6652,26,Female,3,49.9226751784814
Pmqtkqh,Kwnysdum,2547,86,Male,5,39.2108209979506
Pmrpyjyvi,Phei,13670,40,Male,3,46.7790917199681
Pmxakjiy,Tuyytdh,12586,97,Female,2,64.5334287427252
Pmxjku,Lyygarx,16409,37,Female,3,64.4680470497339
Pmywmnfw,Zkpv,6699,42,Female,5,66.7807431200209
Pnbxzxf,Byznlhkyu,2963,23,Female,4,69.4738532827953
Pniaz,Biywpmx,10023,85,Male,3,62.1813355089956
Pnryoukte,Hqfayj,4302,25,Female,3,63.1517932643599
Pntsbtvz,Ytirc,6439,72,Female,2,57.1693508573571
Pnvxg,Lvibqpoi,10989,87,Male,2,82.5715880307625
Pnxvc,Incgz,19480,45,Male,1,63.1180323649753
Pnypt,Zgxucgk,12149,92,Male,4,83.5266024701849
Pnyy,Mbpp,3224,82,Female,3,67.4834011873061
Pnyzlbvd,Znoviwta,10025,96,Male,3,67.4528251675391
Podati,Lftlng,15452,37,Male,4,63.2774543931327
Pohtkn,Jiuekux,5371,90,Other,2,70.1273447439276
Poitbomt,Ardy,16243,62,Unspecified,2,60.7004465859112
Polpzhmav,Snbbto,4287,27,Male,5,52.1580579451319
Polreqvse,Gnlmqbf,3282,91,Male,5,29.0298590623563
Poqw,Yfmzvjaw,13960,75,Male,4,43.2920460476015
Porwpcuu,Emxklrfuf,1770,71,Female,3,54.8735383222935
Posradnzl,Pkyrhaix,9367,85,Female,2,52.4785094388404
Poul,Qpdlxipgv,16979,32,Female,2,64.9689487249191
Povadbog,Sqpilksc,18079,71,Male,2,53.2429578610507
Povgneqd,Qlrk,10121,30,Female,3,55.2221404685652
Povpfovn,Jroqe,11594,33,Male,5,62.6575636980354
Powppetck,Uudpgno,3296,62,Female,5,76.4822244237009
Powy,Wlytfmabm,19464,92,Male,3,58.6110752251767
Poycgkpg,Xwjtp,5139,61,Female,3,72.6443462605953
Poyhfxmg,Uhjxryxkd,9832,52,Male,3,69.592224717281
Ppcs,Zqbku,4963,28,Other,3,69.4863496652203
Ppfbkcixt,Bvpzl,14181,33,Female,3,55.4907400857791
Ppgbw,Ucfvbk,6483,97,Female,1,59.2285783845792
Ppij,Jxcir,11002,32,Female,1,49.130272044399
Pplvdjwyx,Onqikt,15460,74,Male,3,50.7110777553434
Pplzp,Fcxngo,5133,48,Male,4,66.9062708506102
Ppqevo,Wrzf,13401,68,Male,5,55.767459641289
Pprljbwg,Rsvkee,11982,87,Female,3,64.9320427833527
Ppsnwt,Sgeamam,6721,96,Other,5,59.3193640889364
Ppts,Wdlpu,11392,57,Female,3,51.5778242693933
Ppvl,Lpwsty,3988,77,Male,4,49.955251627657
Ppvpksly,Gfzijw,19095,59,Male,5,63.9961613038306
Ppyxkd,Sxsp,14274,70,Other,3,72.9611360776888
Ppzoo,Ozoyvth,5924,37,Male,5,61.5090615689483
Pqapowsdl,Bgqoblmtr,15326,66,Male,5,34.7464616265056
Pqdmy,Mcazxkydn,11517,48,Unspecified,4,81.2712242508838
Pqfgnvzcm,Wrhyohc,10022,20,Female,2,51.2629412655883
Pqgkm,Ysao,17531,96,Male,3,35.8775352177659
Pqhiglqaj,Eqtau,17056,57,Female,2,40.3671360133725
Pqixmhma,Hxpvbezg,11205,72,Female,5,44.7485727075201
Pqjgabltg,Crsvr,1493,50,Male,4,48.0626304364294
Pqmtkfx,Mlyn,16504,43,Female,2,60.2127265633079
Prcxpl,Dkaiq,5381,74,Female,4,44.6470506701462
Prfewt,Znytkhwy,15031,46,Female,4,27.6946928969879
Prfhnccg,Yitbfh,6211,86,Male,2,51.3999601150206
Prfiqs,Pfwqmxai,5903,21,Male,1,54.6991429528037
Prgsjgqz,Itohti,3683,45,Male,2,60.0433658037375
Prkqswrwh,Uvrala,17303,24,Male,1,69.8408201044627
Prkqug,Ufkq,7753,35,Other,1,69.826251130894
Prmoxwq,Vdrle,19595,42,Unspecified,4,63.0232247299404
Prnxus,Nosuqpnon,8407,67,Female,2,51.6269761079138
Prpu,Wrwfgsb,4334,95,Female,1,21.6459546208027
Prwiboj,Hidpw,8102,64,Male,1,44.9673007824977
Prxnq,Snlgoknra,18749,49,Female,5,80.0801250322274
Pryzqwbb,Jvrfj,3548,26,Male,3,69.4034645853091
Psaevj,Dmqxyw,11550,54,Male,2,60.2337321826396
Pscjlsum,Cwvg,6557,62,Male,1,44.5627487925331
Psckitev,Byymnnq,6677,30,Female,5,60.5141345196417
Psczvmqm,Gdkxziqwc,17938,27,Unspecified,2,43.7559387005229
Psdhfpwl,Xsgcbdon,9049,95,Female,2,62.1133700511362
Psdpzsh,Vpemltylp,5325,77,Male,3,81.0506171810911
Pshxovhoz,Trzsiyc,4781,70,Female,1,49.402971405842
Psixsnj,Wkqjf,14428,97,Male,4,55.641972705614
Psojwmfb,Lrypukr,3905,24,Unspecified,2,56.236476020027
Psoohp,Kwplv,10635,98,Male,3,59.7275893562982
Pspckk,Tccvjekef,1593,26,Male,4,81.0724835554188
Psqa,Mflrsfs,11943,96,Female,4,66.6242592433389
Psrn,Qpbddhk,8065,92,Male,3,50.6253658002404
Pssip,Lwryy,2180,30,Male,4,63.0122250562686
Psthk,Piulafo,14162,41,Male,2,61.2749937013398
Psub,Gqezb,16923,74,Male,3,69.4121824716482
Psudjk,Ugmbofmb,3459,95,Male,5,54.7715174593471
Psunloise,Bikgyryy,16281,57,Male,4,63.602723307338
Psusmg,Ljnb,3357,45,Female,5,56.4963635574849
Psyiuwzj,Wqzts,1639,37,Female,2,43.1033017746557
Ptbe,Sgpkduu,3126,92,Other,4,58.3724174310559
Ptdybohmu,Dvllsddeg,5826,74,Female,3,53.0762053679551
Ptfgjqp,Shgrht,17087,72,Male,2,55.2101637775178
Ptijsrhyt,Mafzj,4560,79,Female,3,39.4959051227076
Ptkz,Hgrxdy,13085,85,Unspecified,1,85.026595791593
Ptnjhqwmo,Hrzopq,17437,57,Male,3,50.5839481590805
Ptswszf,Ofrjtbt,10472,39,Female,3,43.4782277789211
Pttrrlf,Yqfvkw,12773,67,Male,1,64.5254746869893
Ptvq,Cjljyj,18707,74,Female,4,58.912974123996
Ptwzn,Jwblhcnxd,18558,23,Female,3,63.8703465333566
Pubu,Aeysmzd,4264,39,Female,1,50.1611048511614
Puda,Xmxx,10828,43,Male,4,54.6130536366084
Puek,Mmqbem,13714,53,Female,3,65.3343605871548
Puhqqxza,Woutvh,19567,76,Male,5,81.5680786541915
Puieqpa,Uniu,12225,51,Male,3,43.6874286358017
Pujwj,Sxosqap,10673,72,Male,2,40.2933807913509
Pujyim,Otrahppsr,15123,21,Female,1,63.3170676341534
Pukgkk,Wvtxamf,19403,48,Female,3,62.9137186290894
Puljlv,Bslzqopui,13303,93,Female,1,61.0701865672431
Pulz,Lxtjzobpp,10907,58,Female,5,71.0993712639502
Pumverdu,Krpwjdxno,8210,29,Male,2,73.5609170197834
Punhoamhb,Ucsky,15994,63,Male,5,72.676932716552
Puouutf,Uopio,13142,47,Male,1,61.412857941513
Purfhqn,Tduseu,13965,45,Male,1,65.7562822055298
Puuisr,Mgrrgej,15186,76,Male,3,58.6424281559233
Puus,Ohqrxaao,6999,85,Female,4,45.4044042786806
Puvurs,Wfzxoo,11923,64,Male,5,41.2183075865436
Pvaddhjt,Psuwrah,13623,73,Male,4,44.6535321520239
Pvaonpzx,Gsmtigti,3152,47,Female,3,71.2917340731089
Pvarneifa,Jmgvaq,2238,79,Male,4,63.6643910406249
Pveib,Vvttdhgcg,2804,67,Female,4,64.5807303096953
Pveqsoy,Xrcewl,4570,78,Female,4,57.3179033983991
Pvhuay,Hejqco,10430,72,Unspecified,5,32.9677094736428
Pviu,Nwbtnr,12269,61,Male,5,70.0044500130345
Pvolfqpfj,Hgajycwo,2371,23,Female,4,71.515420493316
Pvqk,Xwbuvep,3770,73,Female,3,49.0772286435149
Pvrkbrr,Fsgk,12455,81,Female,4,56.7259230036616
Pvrtud,Ombrlb,12690,32,Male,2,54.4066464950454
Pvsygrodq,Kvjtk,10704,53,Male,2,62.5933013072682
Pvumo,Fcuvy,1024,77,Female,5,66.0625903795142
Pvvu,Ivlbtvto,11526,52,Female,3,64.3985181676941
Pvvwl,Uuukgqjr,18196,73,Female,1,55.9974555833293
Pvxszvwjw,Mbluvgtmy,3997,83,Male,3,68.3927699472888
Pvztgkq,Gocwq,14691,73,Other,4,66.9673705943958
Pwblbkdl,Juvtrgsvn,8887,58,Unspecified,1,52.7901915568451
Pwbxmfgb,Ewtp,4296,44,Female,5,63.9247436577254
Pwkxm,Sgkcljctl,8617,91,Female,4,71.3433057828793
Pwkzi,Dqsw,9708,37,Other,2,77.204155570157
Pwmcis,Cvxnpiq,12369,44,Female,2,73.4055696135951
Pwmllllcb,Gfejs,3734,75,Female,1,46.2240017950447
Pwptjlh,Tjec,7695,77,Male,4,70.7498315815251
Pwrj,Tkqzry,19757,82,Female,1,84.6143092984023
Pwrs,Zzjxrjyet,10978,20,Female,4,62.2984983389683
Pwucckeet,Sqar,17203,97,Female,4,53.3061292267557
Pwzlveh,Fjaastk,10232,55,Male,4,66.8219190348793
Pxdknxv,Xzdcqmmv,3247,30,Unspecified,2,35.6081719345442
Pxdp,Ieeyjveee,10903,22,Female,2,39.7903510959967
Pxel,Ldtm,19101,69,Other,4,51.2691903347073
Pxfh,Jtshrwg,15609,71,Male,2,66.9102261199048
Pxfm,Bkrg,14023,52,Female,3,57.3763662207234
Pxieuuz,Dmfygbc,6893,20,Male,5,66.0540284556442
Pxijw,Orssdmwv,2892,96,Male,1,70.4717445494783
Pxix,Sduuyto,16443,91,Female,1,62.7757485616581
Pxjiw,Chwpar,8797,95,Female,3,74.0048333721324
Pxjuaxoct,Yaxelvpg,9494,56,Unspecified,5,41.2328327380291
Pxkpd,Mfrjsje,2789,90,Male,3,61.5555638612205
Pxlav,Kdmpjnkny,17560,47,Female,2,59.058218129234
Pxmpxl,Jiczzyqo,6025,90,Other,3,71.861668718867
Pxneqzzfr,Zyapegk,9943,19,Male,2,65.5797288187412
Pxoh,Tdxspd,5186,48,Male,4,65.4478680978169
Pxoriabr,Soqmbfx,7949,40,Male,2,64.0019619496586
Pxoslbcdb,Akczxlyru,9986,24,Female,1,52.9859914090812
Pxtbcmwk,Srqzurm,16869,59,Female,2,48.6728437722606
Pxuuwq,Xexdztuxh,15374,78,Male,5,73.216944528447
Pxytxx,Rzdsyxnbs,18171,41,Other,3,54.6761361283065
Pycc,Wusgtg,1277,66,Female,3,54.1317602071799
Pyeaesxue,Rfhmyiag,1276,42,Other,4,68.19518912017
Pyhdbfm,Cturepwnl,6021,89,Female,2,44.4609979382592
Pyhppjxa,Hojbn,2852,87,Unspecified,5,64.2656321427531
Pyilxz,Twsycvlk,5478,43,Female,3,61.4732728575454
Pyjjozsfz,Ctstioq,19372,94,Other,2,61.8538826646828
Pyjwr,Vhvnuywmq,18208,50,Unspecified,5,73.4584430682583
Pykvsch,Iini,11988,56,Male,5,26.2071574347066
Pysnpehw,Nzudkmw,14286,23,Male,1,49.0183940416244
Pywcuj,Coebhvtb,1217,91,Male,2,67.7001150156303
Pywt,Mymuo,12153,67,Female,4,64.0684818158724
Pyxamaxbh,Eizkm,14215,87,Male,5,66.1834930921672
Pyxjtuix,Aycm,16534,63,Female,2,71.5316734186213
Pyydsv,Trtck,10487,37,Female,1,59.0267975303575
Pzasfg,Ouuiavf,2412,76,Female,5,54.6507064385525
Pzdraolhj,Mdhxdoki,4372,49,Female,1,51.1297122402104
Pzdweh,Nhpptswp,3322,46,Other,5,38.8303978557039
Pzighvx,Wyvxl,2239,86,Male,4,56.1143330445191
Pzihqvkpa,Frogdqnw,6742,69,Male,5,61.6501030855204
Pziki,Gnzj,1101,89,Female,1,57.2127472941183
Pzkbasxdx,Bmky,13595,67,Unspecified,2,48.7824480191867
Pznvyezan,Phgmvby,9585,57,Female,3,67.157403376941
Pznxoxz,Epnlkagf,13346,66,Male,3,64.2427939692381
Pzoytehaa,Jzixdb,5486,49,Male,2,68.6902480117411
Pzrcwjk,Gafxzwrw,6117,52,Male,1,57.9861956239694
Pzsvwnbo,Rkmdxwl,13340,40,Unspecified,3,55.1543465316383
Pzvm,Mzrpzjgbp,7134,21,Female,3,45.4478569541115
Pzvqpngd,Sueyzzlpa,2602,54,Female,5,77.9356763353309
Pzwoay,Kpbliits,9925,45,Other,5,73.1429425758308
Pzwt,Poyfn,1719,46,Male,3,53.2972279996853
Pzzdl,Hkpgup,13555,86,Male,2,46.6126425516724
Qaaxywr,Qcgz,1780,18,Female,2,55.7917075514286
Qaci,Tvkg,4358,32,Female,1,66.2629554946269
Qacsm,Ibnuug,4036,41,Female,1,66.7815410882051
Qadadnug,Pjpzwvkbi,17109,56,Male,4,44.9971792091369
Qaid,Wkmxglga,12805,49,Male,1,54.8354387213739
Qaiseu,Toowygytg,12308,70,Female,4,56.847260024146
Qajao,Blmzgjbyv,18080,83,Female,3,62.9774698356214
Qajpkyya,Vuwwff,1322,18,Male,5,54.4217188200193
Qamfbt,Eqwrvsru,6744,71,Female,2,45.1730224815463
Qaoomvlz,Pqblkskja,10432,64,Female,1,68.2366386059302
Qarelzxkt,Hmmw,15779,36,Male,2,61.2389959334811
Qasivxox,Tizwhu,9974,71,Female,3,44.1715246519125
Qatc,Ltupbp,15443,19,Unspecified,1,50.8519735639173
Qauz,Wmpzyjubx,1629,92,Male,1,62.8840182071737
Qavdzvur,Obcn,11725,23,Male,5,61.3673507862973
Qawvm,Iqlf,2538,44,Female,5,54.0203998730578
Qbebr,Incedqg,18853,75,Male,5,84.723741995356
Qbgx,Jkxnaftuw,16708,26,Female,2,61.2244587642672
Qbhdu,Hgyfm,3260,46,Female,4,65.8912944653902
Qblhl,Luhkanvhx,6082,78,Male,4,73.8301642648239
Qbnpcr,Lvytgsuz,4086,43,Female,2,64.678795914568
Qbobw,Bitbdf,8418,88,Female,4,57.0410537308165
Qbqhqn,Wdjx,10556,66,Male,4,53.9566235822807
Qbrabutg,Cqocjwtn,1758,68,Male,4,54.727639272402
Qbtcqfxfp,Aaczx,18869,64,Other,1,62.6632275436437
Qbutto,Sfnaz,9280,43,Female,5,39.0362270584214
Qbwlw,Zrmq,6120,72,Male,4,50.9614467250053
Qbxtnwxga,Tegfdbdlb,4837,91,Female,5,41.1309690037976
Qbywlm,Wnlitsty,11598,77,Unspecified,1,74.0662357988773
Qccwc,Amyk,2488,67,Male,3,63.7276386639924
Qcelgtxav,Gbag,10153,42,Female,2,46.9530704875187
Qceowaom,Cspaks,5866,78,Male,2,60.6830660519876
Qcfgunctk,Vnxanyer,5601,95,Female,4,59.1544219929735
Qcgezil,Agxgkih,13797,53,Male,1,52.4921682711387
Qcgiaxy,Wvfipxu,13294,54,Male,2,66.4484037717099
Qchpp,Rzoici,4382,66,Female,3,39.7944984452506
Qcikpm,Vdnk,4477,29,Male,2,71.0107188727456
Qckyptoxe,Iuoonlbi,15008,44,Male,5,58.76649244065
Qclmcokn,Xrwivfpgn,3124,43,Female,2,52.7730693503188
Qcpcldp,Drrbrg,19981,47,Male,5,51.2049399740515
Qcqygin,Dhtnc,17952,34,Male,2,76.5359875651384
Qcrd,Dstrxiej,3869,39,Female,4,55.4899554615134
Qcsgvo,Xxxzh,2791,57,Female,5,69.161642444918
Qcuza,Dsxzpmnda,15042,40,Female,2,39.8448913377532
Qcvaymwx,Emciagyd,7126,93,Male,4,59.5732150883754
Qcwrlqn,Ccmonk,14776,75,Female,2,52.0288388587039
Qcxtfpw,Zonp,8995,21,Female,5,67.6393075005529
Qczea,Pzgpljrn,11050,28,Male,3,75.8254956303504
Qdal,Zwqzpt,5902,46,Unspecified,1,69.2671375895579
Qdcgbw,Sdlyry,16934,20,Female,4,46.9660581034138
Qddaco,Qylybm,6900,21,Other,3,37.3832998652158
Qdfwkff,Vklijucae,18026,37,Male,1,60.1207713776357
Qdipsn,Nhjdpz,5224,53,Other,1,53.523389129689
Qdjwpuybu,Qrzeykjjq,10492,89,Female,5,58.7304638501881
Qdmidj,Xwtc,4806,48,Male,5,61.4937829991628
Qdndd,Zllpasx,14838,96,Male,2,65.6406423405324
Qdnhts,Qhxkwrebp,19652,28,Female,2,39.2849615566401
Qdootc,Boaaemmpd,19283,20,Female,1,65.9501085340549
Qdqvtvj,Noqpco,19401,70,Female,2,51.4947755147654
Qdrbw,Yeqi,10518,73,Male,5,68.3409415158477
Qdsurtni,Hgmveqe,2436,73,Female,3,34.8301644086795
Qdtfzqjw,Zvmab,11366,25,Male,3,54.1602121000618
Qdvhkx,Eocazwo,6385,36,Male,5,52.9881877790637
Qdvmho,Smurd,3095,55,Female,1,76.2822043214008
Qdwyfuki,Bnbgmz,8402,90,Male,3,62.090700579336
Qecal,Kohmgb,19841,23,Female,4,36.718853764014
Qefymwqa,Rffdxea,11287,46,Female,2,63.9619231937172
Qemkdnijv,Apnxhtdwo,9546,34,Male,1,71.3466488818751
Qemsmzjqi,Sjslixu,12010,45,Male,1,52.3744286800444
Qenj,Renhxqv,8914,40,Male,1,58.5462783452928
Qeoncgcx,Lwbguy,9812,93,Female,5,66.7425163399626
Qeqfkxk,Jncwnh,4822,80,Unspecified,2,36.9959482934398
Qetgblsy,Wxla,4625,49,Male,1,70.0417485370749
Qexesyjsv,Bgqs,15682,66,Female,3,52.1468641795956
Qeygovb,Xmneo,13122,71,Male,3,38.7953070059754
Qfbbf,Nfrixjccf,3598,97,Male,3,71.1535986690253
Qfbkakpir,Expi,9950,66,Female,5,61.3648645084853
Qfesfjqv,Rfsjbbqtr,8238,67,Male,4,68.2642773216399
Qfix,Tjye,1257,50,Male,1,58.3299672536665
Qfkl,Mjrno,10327,22,Male,3,61.9038702792176
Qfljfyalu,Bkgj,6059,67,Female,1,67.1873482931249
Qfnge,Cizdvzh,11323,84,Male,3,61.2192551464983
Qfog,Itlf,4616,62,Male,5,42.2905828577623
Qfplzimba,Ppnf,6393,64,Male,5,50.5446997527173
Qfrdaxt,Wuct,14965,56,Male,3,68.2743335360374
Qfsh,Rrblujsc,11226,83,Other,4,59.4417787426684
Qftg,Zpobtrwrw,16484,56,Female,2,64.6421368051232
Qfwm,Qkmfkz,5508,84,Female,3,38.3740066884443
Qfwunsg,Xwzn,16736,23,Male,2,49.5037599722913
Qfynbla,Nfkumga,5672,35,Male,4,62.3917333172601
Qfzq,Tgweetwtj,4789,46,Male,5,36.954700793495
Qgbjbad,Aqoagut,11688,18,Male,5,59.593386949064
Qggtkrg,Zvdmzekw,7453,52,Female,3,48.1207390412337
Qghomeye,Vwtuwlju,16475,28,Female,2,54.7142655820169
Qghp,Luty,3968,38,Female,1,41.8582735318671
Qgoc,Kiubsnm,4195,82,Female,5,53.6308249352699
Qgonqs,Xcon,11862,39,Female,1,69.3639262914745
Qgppgj,Rgkcqqo,18804,37,Male,3,48.9475170364159
Qgqetmlfu,Ksjcq,14761,50,Female,4,69.0516865417268
Qgsahx,Ylyvsfeb,7713,81,Male,4,74.1994204858917
Qgxz,Mksqrvty,11664,55,Male,4,61.4902815895038
Qgzlruh,Uulwmxo,6457,77,Male,2,64.6071854825225
Qhmr,Ggwvgqpx,10061,40,Female,2,53.0651383846588
Qhnitpb,Blzn,4203,97,Other,2,51.5238164357556
Qhomryt,Anbkc,4902,39,Female,2,69.1829821559755
Qhqefs,Ieooyx,8954,94,Other,1,50.4768872518602
Qhqoebvnb,Zyiewlwz,9556,67,Male,2,64.9951539992211
Qhsvwedr,Sgimtmdgw,12659,45,Male,4,45.2661381466394
Qhtaa,Lwhncsyl,16855,37,Female,4,62.3751118362424
Qhutcads,Owruviymz,2679,63,Male,5,59.9370457680892
Qhvwysai,Klflpw,15780,71,Female,5,53.0950422623816
Qhze,Gzdukokce,12905,80,Female,4,37.1957702531066
Qiab,Scnj,10384,79,Male,2,41.2047261784532
Qiepasp,Thyst,2448,28,Male,4,78.4159188691268
Qifcwxin,Qopl,11467,79,Male,3,60.3804091556855
Qihryzml,Kpxdvh,19503,71,Female,1,60.6211842509619
Qiicgi,Zugdlr,17169,87,Female,5,86.1063874927131
Qiinuxr,Mnzsgt,8221,98,Female,4,87.1589932239561
Qijwxua,Zyuy,5396,43,Female,4,50.6790604417582
Qikkvqwmz,Iqnlaaz,12764,51,Male,5,50.6172448744842
Qikqbdye,Gfgyqvdr,4998,26,Male,5,87.5793993041197
Qimdfjbnw,Lxwgjeiq,1689,73,Male,3,78.7812180042031
Qiugfmxz,Mycsdxiz,15668,46,Male,5,57.3504616574053
Qivsy,Iyec,8614,52,Female,3,50.2291061768764
Qiwclggv,Lvkpah,3814,88,Female,2,57.6672033695105
Qiwhcw,Prdilfkgy,16403,31,Female,1,75.6802450809602
Qiwylhtq,Oldsf,19851,31,Female,2,80.9172325890127
Qiyhylwcy,Gagxolo,7067,61,Male,2,74.3421972677526
Qiyibmzdo,Baldsj,2034,86,Female,2,68.3944492845884
Qjcdkjci,Xunmynsub,11751,77,Female,2,54.4096784947026
Qjdxoopt,Epzrgls,9681,96,Female,4,59.4208487287521
Qjem,Ytnja,12336,51,Male,2,47.3494701819865
Qjjzkp,Yiuhs,5562,39,Female,1,69.1967372159936
Qjknxid,Znhvxbnkj,19876,29,Other,2,50.7452730594232
Qjmh,Eshp,7641,54,Male,5,63.7136333269225
Qjmzxrxfe,Knbbg,2348,77,Female,2,85.3610058281861
Qjqcp,Ugzdsb,18349,44,Female,2,64.8778035934374
Qjut,Vfdyml,15805,46,Other,2,60.4540342824888
Qjwbvhiwz,Zpcq,5369,29,Female,3,46.5603855005601
Qjwlgxroi,Hehzguo,17061,53,Male,4,42.6454219826675
Qjzdh,Cljevin,16439,80,Unspecified,1,61.0266805719395
Qkaiinued,Ceuffso,14800,74,Male,4,34.0782684128664
Qkatxamni,Azqh,8388,57,Male,4,48.0751333068674
Qkbg,Yukeybwx,6310,74,Male,2,50.4314244390729
Qkbvox,Gnbnopz,15475,72,Male,5,61.8939050868864
Qkehwho,Cvtgrh,14329,89,Male,4,49.5136371559703
Qkfhqge,Bbveug,1642,59,Unspecified,1,32.5103063276231
Qkil,Usxb,12381,92,Other,5,62.8853984314914
Qkiultkbm,Pjgz,12376,24,Male,3,50.7630611894108
Qkjophgwk,Keczsfexc,10547,43,Female,2,60.791552268808
Qknec,Rjmtwk,8227,82,Female,1,74.0744417578194
Qkpwqdfp,Webn,19924,26,Female,3,66.8132435236473
Qkqftjowa,Iviuuy,15406,48,Male,5,44.3389957904196
Qkteerpph,Cuiglki,9704,78,Male,3,72.5530386870059
Qktutikj,Mdid,9810,94,Unspecified,5,72.7717378731289
Qkwczsjsu,Ajwji,1677,61,Unspecified,3,58.7454956472918
Qkwq,Lzhrd,1574,34,Female,4,63.5635981284729
Qkwxd,Uccxvni,14321,61,Male,4,65.8731521215336
Qkyc,Gghndwc,16072,50,Male,5,74.9198513213061
Qkyhvflan,Qzban,1354,61,Female,4,69.3509817596372
Qlbktirl,Krsphbn,16498,40,Female,5,64.1609879176256
Qldcywd,Ajmvcx,12808,69,Female,1,74.9740219280972
Qldp,Cqnsslp,19560,70,Unspecified,1,42.5197971894778
Qlfxp,Mptjqk,14311,26,Female,3,55.1418387697975
Qlgcldvn,Fsgxnq,16271,93,Female,4,63.2776580871598
Qlgkhnsch,Euqj,5996,21,Male,1,52.0402812794172
Qlhcxuleq,Lnvrrutq,1351,25,Female,3,39.2823958443597
Qlhiaxrvp,Igyad,11731,84,Female,5,68.6326905388561
Qliqnuq,Fisdtpd,13060,48,Female,2,55.7268088706262
Qlkungsdo,Swmw,14956,76,Male,1,66.9386290525109
Qllm,Iigjliwov,13936,54,Male,5,66.2855622637715
Qlnfudrao,Jmevrlo,2038,60,Male,4,75.3007124956769
Qlnodxy,Fwwahifn,19365,20,Female,1,44.5914995390413
Qloaxwb,Bybala,6083,40,Male,4,56.9155832918258
Qlrs,Hzoew,2702,54,Female,3,83.3025658887458
Qlryt,Qrbncdfx,14645,60,Male,4,95.8229533606748
Qlsfszxht,Tanio,5250,93,Female,4,40.6805822666061
Qlsvd,Igkiqiek,6668,28,Other,2,61.4710576943037
Qltygbclt,Vrytr,1403,55,Female,3,45.6420824978274
Qlujwd,Wsgkrzgoe,8647,55,Female,4,45.4201738571787
Qlvoni,Zjri,4801,39,Female,5,50.6488026717566
Qlwc,Txgaj,15732,73,Other,3,59.5603425272793
Qlwl,Sifjq,16846,28,Female,2,39.5312372142333
Qmbbkph,Ulfkghlq,7571,64,Female,1,48.037646484353
Qmcatkxj,Zsqrqws,9793,97,Male,4,84.4640670779161
Qmdfu,Mfpbrv,14343,59,Male,1,63.1379874516001
Qmeutsrq,Mtkfaijg,14201,78,Male,2,68.1576370078778
Qmfxwemup,Dqwhrlb,9283,55,Male,3,45.4548108426191
Qmkwwxqy,Lvthslh,4359,75,Male,5,67.2506072126237
Qmlamywil,Owxjtjunu,13929,80,Female,3,51.3610182485266
Qmojt,Uhqrlu,19633,66,Female,5,54.7767393143972
Qmpl,Kycq,10260,19,Male,4,69.7603847377018
Qmsmw,Wzillx,13483,61,Female,5,70.0189113651984
Qmxawe,Qhtjuxsvn,18073,26,Male,4,57.6421360035246
Qmxnrzb,Bpdsncit,3984,48,Female,5,67.3427458921902
Qmzsjffjv,Xdpt,18165,67,Male,1,59.7043382429128
Qncp,Ozazlu,17510,54,Female,1,44.7512125782086
Qncvjv,Wijxfa,1551,92,Male,1,63.478553799054
Qnelkp,Wwzqdvvfq,2755,37,Female,1,65.3248320254804
Qnfjf,Aigod,10458,55,Female,2,33.7162512809945
Qnfql,Imifolqi,11642,54,Female,2,62.656256689855
Qngffrgn,Yrxtjjwvs,12240,56,Female,2,62.2270443976527
Qngqw,Ovsrza,17080,75,Other,1,73.1767582145146
Qnhejhro,Jhcrjhnn,17613,33,Male,2,72.9158451180911
Qnnoqdyng,Umdkgsz,16103,21,Female,1,75.871702931084
Qnoknytof,Vsxehuunp,2072,37,Female,2,56.2696483306499
Qnrjsho,Gjkx,4286,18,Male,3,53.9727294031544
Qntln,Umxylzf,1396,98,Female,3,52.6578090192095
Qnwgpkg,Vsldad,17060,63,Female,2,85.6033463333075
Qnxxutzm,Sfmpi,8965,60,Female,1,66.1820094206565
Qnzoqlje,Qbnlbw,14432,95,Other,2,50.3799875425397
Qobygs,Oqshdoe,19861,76,Other,4,64.3527073425334
Qoeem,Xeocqhxgt,14148,52,Male,1,63.91927941893
Qogdzsmjx,Uebdhkju,9341,80,Unspecified,1,73.7836945870419
Qoigtto,Bvdybhq,7450,73,Male,3,57.2861968609429
Qojew,Tmzcj,14111,79,Female,4,58.4575014625081
Qokinmfjt,Xftfutv,9418,56,Female,2,55.2670752571395
Qolndgm,Cktzs,6993,29,Female,1,60.5990721603651
Qolpzu,Apsuauain,6437,34,Female,3,66.4218487147166
Qoncpmv,Ohirl,6165,43,Female,5,59.2888090067311
Qoni,Focymbsop,5477,57,Male,5,71.3130669163234
Qooumuqu,Riyz,4242,75,Male,3,48.1739809119297
Qopwcneyz,Vutlh,17148,42,Female,3,63.0309639544658
Qoubyjh,Imcb,13468,31,Male,4,51.1188685487256
Qouyqghnp,Ezmuqlbx,17100,58,Male,1,38.2152399641304
Qowexdt,Wekfpzod,18022,72,Male,4,63.2063671765904
Qoyo,Fbcjguf,11643,63,Female,4,52.8117466985835
Qpeds,Gsvhttuk,3798,93,Male,5,52.5335005824935
Qphydzfsq,Gsvd,10672,30,Other,3,17.828667117021
Qpje,Oblcef,7595,58,Male,5,82.0082170698697
Qpjig,Rhesqbmuj,13212,25,Female,4,54.9818423083682
Qpjiqdt,Ljqyqa,1133,49,Male,2,52.7863099129056
Qplovoxxr,Uftvs,13480,19,Female,4,50.1917347803283
Qpnukegiq,Btbmw,7293,72,Female,1,51.6478091785523
Qpojbwbes,Qrjghi,4075,65,Female,4,55.159532586414
Qpooc,Keqwiu,18180,28,Male,3,48.4043865786594
Qposhlsdx,Ohyf,7945,66,Male,5,100
Qppqswa,Ojogd,19423,72,Female,3,71.2817677955318
Qpqqinbp,Mddpgts,9940,73,Other,1,53.0848568960092
Qpsnlepo,Kwceblhut,4329,40,Female,1,61.9830036879054
Qpvlnwv,Rtrnw,17336,84,Female,2,76.2726919830749
Qpwjieiy,Awkxxbcu,13078,61,Female,2,53.3396072660935
Qpywuj,Kkbldc,15220,90,Male,1,68.8936754696962
Qpzbghh,Qxydrp,4293,58,Male,4,61.5713344110116
Qpzcd,Bmruk,1488,24,Unspecified,1,64.4170538665183
Qpzztg,Isjjcxcs,19774,97,Male,1,63.3014857399462
Qqcibqoi,Hpjteryrb,6681,93,Female,2,74.0885487641816
Qqhh,Ovpcoseq,9972,71,Male,3,62.9255284816644
Qqjuptela,Zchaafi,18527,65,Male,1,52.5037222121911
Qqkat,Eqaflam,13182,26,Male,3,79.7762204136621
Qqmry,Gwmli,7894,56,Unspecified,3,38.3843391745834
Qqoadxnma,Luqu,12294,61,Male,5,75.7417370115451
Qqpm,Zxrufu,5208,81,Female,2,67.0797494800781
Qqsjz,Oenqvznqx,12618,63,Male,5,51.2564954328511
Qqtnu,Pnqszotij,7961,53,Male,2,53.051591305112
Qqtryrgt,Dnycaub,8811,48,Male,3,53.2630911287625
Qqtyxfq,Blgjrga,10334,37,Female,5,56.2241765111861
Qquynozfn,Ybzirn,11049,93,Male,3,54.3498060661835
Qqvluwr,Yphymimbe,15515,36,Male,5,64.9641668013302
Qrfl,Gxtahoeax,9037,92,Unspecified,3,77.9590163420777
Qrfojxml,Cxqdmhh,6109,30,Female,4,76.2518433055025
Qrgwlbbh,Txtitcia,4369,18,Female,5,52.0126161823933
Qribvzqn,Qcylox,12937,37,Male,4,53.5994435828967
Qrixoyex,Sgzza,14261,34,Other,1,58.6439906452156
Qrkzyffak,Lddr,12913,33,Male,2,66.9917144506768
Qrmrsezzw,Ahjso,18700,74,Other,4,51.16509639122
Qrolad,Bhxslsy,15899,94,Female,5,47.8185909396754
Qrrole,Nfbjehjr,4683,41,Unspecified,5,47.3343397402394
Qrzeovnee,Fxvbsywb,1285,22,Male,3,73.5618738450179
Qrznkcqgw,Yfuy,3234,37,Male,1,57.2302434717869
Qsablx,Ppfp,5552,63,Female,2,68.4952670745262
Qsaukn,Qkwuxzuhx,8026,74,Female,4,66.7715743933669
Qsbvboyyr,Bqhtrlt,5282,64,Female,2,49.6671044301695
Qsbyviv,Rwhtdk,15174,72,Male,1,43.49351290904
Qscek,Lzmbottkm,14077,79,Female,1,71.2077337915371
Qsdkamh,Htraf,10395,33,Male,4,64.1775794457649
Qsdm,Ibhmpt,12089,70,Male,4,60.4202317157058
Qseuknno,Sqfwqqye,1796,45,Female,2,48.8248066698556
Qshalnh,Lpbdnens,18915,68,Female,1,48.9599719830615
Qshwsxsw,Kpasaoy,16587,56,Female,2,49.7303365202574
Qsip,Apbjdhp,16030,66,Other,2,66.7528257435189
Qsirysoyg,Kavt,3061,84,Other,2,61.1578982823572
Qskuv,Oqdykfkq,3624,78,Male,3,55.0316066557802
Qslocbjbi,Hlkjnmbog,19806,28,Male,2,60.6414796162175
Qsltmac,Sjcm,5052,41,Male,4,36.3767240845008
Qsnbwdghz,Hqlurjhyq,12644,29,Male,3,42.2695502531714
Qsoyyyg,Ywrkx,7050,62,Unspecified,2,75.8168716289096
Qstmsrlp,Umftwrfy,19882,96,Female,4,45.4724818867344
Qsxuuxbtl,Gwlq,5026,53,Female,5,61.5455566999508
Qsxycge,Wvsqbuo,3823,84,Female,5,54.7762406151662
Qsylnzv,Wynj,11234,62,Male,5,48.1942783902878
Qsyotpxn,Mmahgdo,17877,85,Female,2,42.3498390745038
Qtcyodtm,Uvqtj,12487,32,Female,1,90.8589408506071
Qteodh,Huvm,5231,87,Male,1,22.13656585872
Qteogsx,Grompugh,6597,87,Male,1,53.7411526941354
Qtepfwgk,Qqvopw,4932,84,Male,4,52.1361388577611
Qtfmclrcy,Ececd,11958,20,Female,4,66.9428778058328
Qtgkwn,Louabph,1315,51,Female,3,50.269306590885
Qtkknher,Pfzrxgjt,13880,94,Female,4,53.459930388995
Qtqthofb,Bczsfi,12598,91,Female,3,54.5108158104166
Qtssks,Rggl,6842,93,Female,1,68.0548291146651
Qttkgdocc,Hmmphvqy,14586,52,Male,2,71.5201488095832
Qtuluiaix,Nelosin,10621,31,Female,3,38.7743348513663
Quawoo,Kwviagd,5976,66,Female,2,67.3254451260462
Qubwvv,Jwmyuc,7778,51,Other,1,54.1518342077627
Qudfdocc,Cnpkqvakw,11747,34,Unspecified,2,71.4800558681748
Qudnylfwv,Sbhvbmk,6905,93,Male,4,42.3420828306612
Querhvu,Efnb,9045,63,Female,5,67.533622435425
Quhmq,Jnmzuifx,3846,21,Female,2,72.2456486239143
Qumml,Gythdsx,10419,42,Male,3,49.4993149693325
Quoadej,Serckhxy,10709,52,Female,5,72.1470841203112
Qurnasf,Agws,16372,66,Female,4,39.5237513575177
Qusubewd,Qtbc,16619,33,Female,1,59.7206863401178
Qutn,Llgzyhoe,9914,23,Male,5,66.125654163906
Quurxe,Smtw,14746,90,Female,3,73.4422596213855
Quvelmpx,Fmjz,6413,55,Male,5,48.0442782320718
Quvovttbq,Xmwqbsl,16661,73,Female,3,78.5683940421574
Quwifiq,Xplmhb,13919,47,Female,1,65.8399484745564
Quyki,Mxkndhu,9252,51,Female,4,50.2960031872333
Qvajritw,Bzutcdxds,1910,64,Male,1,58.8707274507025
Qvcy,Xsrtyjgb,7169,83,Male,5,45.7582340154011
Qvfepl,Feoqa,10136,34,Male,2,58.6794104634862
Qvfv,Fgiih,11136,21,Female,5,48.6686607651006
Qvip,Esnbj,14807,98,Male,5,61.1412662756859
Qvjacq,Stnnrz,19766,72,Male,3,51.8635951002746
Qvjbekb,Yjsinsi,16779,87,Female,1,59.3106328386983
Qvje,Nlid,1781,24,Female,2,50.5990234384724
Qvjohgo,Afefxqe,11495,42,Female,4,61.8570934441088
Qvmhg,Kmsiftz,5522,54,Male,1,70.6610937734856
Qvqt,Lhegu,6688,69,Male,5,67.0527571270672
Qvublk,Vpklal,6880,45,Male,4,76.1041567140591
Qvusyfdkk,Zzejtfqvq,17843,83,Male,3,60.5821354809644
Qvxbcqly,Kgtnudtme,7693,37,Female,2,69.0655508290753
Qvxro,Dzjfvwg,13736,68,Female,2,57.215609305799
Qvyugrtu,Xlohhj,5403,28,Male,4,53.9163832684758
Qvzswgn,Nyzwrn,19195,23,Male,2,56.1851125787133
Qvztcx,Vlryzhg,1467,78,Female,2,62.6558563823376
Qwbt,Eoeqytkrf,7066,56,Female,1,68.2993055016433
Qwffeltex,Skblvbyv,16003,97,Unspecified,3,43.6612710635919
Qwgtzg,Kfryjg,19947,25,Female,3,68.2887011144837
Qwjonwe,Kybqbve,11137,94,Female,2,65.7250844030381
Qwkvcnonh,Nlowxyzd,19631,75,Male,2,74.2746561147131
Qwnj,Ozmas,11715,79,Male,3,56.3368113473655
Qwnky,Xrmefly,15145,27,Male,3,55.7731955358063
Qwnrw,Xkahtdwkm,11360,36,Male,2,63.1449064699559
Qwvnwqygh,Bdor,3767,38,Female,5,54.3122383231675
Qwwsclgb,Tvwijr,14452,71,Female,5,77.8771275644764
Qwykfdel,Zktw,4221,85,Male,5,68.8290025866474
Qxauibio,Qqjvfx,1018,67,Female,5,66.0757574669654
Qxcdkjvwc,Gkqhmpzst,3085,67,Male,1,54.3064747255517
Qxdryr,Qtaqrwfqv,10381,82,Male,1,63.6793635228637
Qxfvqh,Qsojudzh,6639,82,Male,5,49.0806358912569
Qxhaqua,Gbppqmon,13762,95,Female,2,62.9484114363613
Qxhnvkliu,Nkmmdvbdl,3373,73,Female,2,56.3693960452567
Qxjww,Qjkopatqb,5014,78,Male,1,71.5120995897638
Qxkjz,Umeei,12256,40,Female,3,52.6988832668972
Qxmd,Yfbique,14132,55,Male,3,52.174828489518
Qxqqvqg,Faueht,9189,50,Female,2,53.9822884363027
Qxrb,Fljbnqm,3120,86,Male,2,64.9587741942319
Qxsbo,Zkzntvp,4053,18,Male,1,53.9918517597487
Qxssmyy,Ohgo,7576,85,Female,1,54.8413052164722
Qxtdr,Joviip,2424,50,Female,3,81.7231880397197
Qxtlfwv,Xfxfnghf,6735,51,Male,3,56.284871021506
Qxufsdwjr,Fzsg,3356,33,Female,4,64.2816826673234
Qxwljwyjx,Qrkdhw,13103,80,Female,3,44.2368526669751
Qxzinc,Yfuaxiwdi,7019,39,Female,3,58.1734152752224
Qyaxpz,Dtlrwkwb,2027,30,Female,3,71.1178562647648
Qycktcya,Nzmkjobw,16153,50,Female,2,53.6841905966502
Qydamir,Okjk,1804,54,Male,4,60.3145416203913
Qygfqfc,Jbmaon,5189,84,Other,2,47.8318028735766
Qyhk,Eicwvixnc,8873,35,Male,2,43.654869932361
Qyhmvr,Qevjw,12827,72,Male,3,41.4097032920388
Qyhx,Voavtalnf,14734,53,Female,1,63.8583250014413
Qyhz,Yriu,7637,61,Female,2,45.5281675533588
Qykgiv,Tbsewp,15182,51,Female,1,59.5900636767147
Qylbi,Ddao,6016,25,Male,1,64.6537005491583
Qylum,Kxyj,19579,65,Female,2,51.7523776847351
Qymeg,Fwsuxhudd,9416,31,Male,5,51.8269241079956
Qymlf,Yhgfo,9859,40,Other,1,50.163949321568
Qyrwznhre,Lnimxq,14976,42,Male,4,82.041020205044
Qyui,Mvhxbl,6870,45,Male,1,69.0984759409464
Qyuxo,Wibrnpab,3747,35,Male,5,57.6736006635856
Qyvu,Pjsubjkq,13360,81,Male,4,73.3574146070023
Qyyxvz,Blmbabla,2202,38,Female,2,63.6963186969089
Qzadkytbg,Dspzzm,15002,69,Female,3,55.2755366959553
Qzbb,Unhknft,8055,42,Female,1,59.3618015237686
Qzbs,Iubrzwtsx,7745,98,Male,3,73.7105756807865
Qzccld,Ralwkl,1353,21,Male,4,73.1545332167172
Qzcrvcfzn,Lcob,6434,57,Female,4,58.0355888156778
Qzdbqzfs,Rzpjns,6157,37,Male,1,49.4155754887282
Qzdhdsrb,Muhjv,17173,20,Male,2,62.7239010026807
Qzfxpw,Qfdbysjc,9599,55,Female,2,63.5126196531768
Qzgloemn,Iccmb,12581,46,Female,2,45.1411189181553
Qzhrdpnvg,Exkojqw,15219,39,Female,1,61.411530077775
Qzhu,Unphhfc,3558,54,Male,5,77.0229246560448
Qzjbpam,Xlicpjh,2586,59,Male,4,80.1841263570528
Qzkpm,Udiwx,3170,46,Other,4,46.9280785947619
Qzmfm,Vpvfhvzep,16491,84,Female,5,67.7110375384823
Qzmtsxyh,Tvhcvxnkc,1400,92,Male,3,60.8005263941139
Qzoawvvhq,Kygevj,9342,31,Female,4,70.8687319830152
Qzqd,Cmceitd,15715,23,Unspecified,2,59.3328832885973
Qzrw,Eflbkdp,19406,98,Unspecified,2,42.08202660164
Qztdpjyxc,Qodqr,15756,24,Male,3,58.1909494418506
Qzuwdsdqv,Shwmfp,18104,38,Male,2,57.4726112331532
Qzvadbjil,Iazwfow,14615,60,Female,5,47.087895307576
Qzvanpv,Twyjm,8751,34,Male,5,55.8390497260115
Raal,Yclgh,6534,92,Female,5,77.4279406046882
Racmwahua,Qiskst,4187,39,Female,4,53.163459053163
Rahojufi,Ussjfms,10237,49,Male,5,66.1762996802495
Raimkbths,Kmtwujnd,7667,82,Male,5,72.7190607743068
Raleimb,Tcjskb,6430,98,Female,4,61.4672696872384
Ramfng,Llzvotoc,13791,42,Other,1,45.5976267367606
Rangwjias,Ohtmi,14374,80,Female,4,41.4449700686522
Raornkh,Zgeeikog,3219,59,Unspecified,2,76.9636857555055
Rapwoo,Busyny,10449,66,Female,1,57.5585928709842
Rapzrldz,Ufhfjxael,4785,49,Female,1,57.1348188324167
Raqqakmah,Ihbfa,3424,45,Male,4,66.1751489930119
Rasunkhr,Eshiol,15950,55,Male,1,58.4834205402713
Rasxynrz,Xbjnnev,7603,74,Unspecified,2,62.4260519908653
Ratthq,Glkbozku,11056,48,Male,3,69.6949585883227
Ravamm,Urwrvytcm,12765,94,Female,1,55.0340805296031
Ravtkyd,Tdfr,6408,57,Unspecified,4,55.5089860404416
Rawowqyg,Rfya,4160,88,Female,2,46.4951614819984
Rawxxnsxp,Eymzupuez,13795,28,Male,4,54.8748882347692
Rayalkg,Ggfwu,5234,91,Female,1,64.1621235478295
Rbcw,Dvsysnwqb,10870,42,Female,3,66.6947118496476
Rbeijbp,Hkqmbmijp,18622,93,Other,3,53.744274568863
Rbeik,Tpmrycpnl,11755,71,Female,4,55.4238314938209
Rbfejos,Qbasmx,18933,68,Male,5,56.4630995401403
Rbgiek,Thusc,15051,25,Other,2,62.0949794649991
Rbigbl,Ucpea,1301,42,Male,3,53.4360687404526
Rbitxtpa,Bfdt,17010,60,Male,5,49.9926486104312
Rbkczv,Pgqnvtdo,16931,97,Unspecified,3,64.3586005111936
Rbkji,Kjtlu,15080,30,Unspecified,3,74.8365344216166
Rblfr,Kvwwkwpal,10666,98,Male,4,48.834206874422
Rbnc,Lrjxrond,1895,81,Unspecified,1,64.4639741258125
Rbntyi,Rwqueyuoo,3722,61,Male,1,76.3932307029996
Rbpukub,Llid,2827,62,Male,4,75.6525001952806
Rbrire,Dmqdq,3861,49,Female,3,62.1982522924481
Rbvkgju,Knrnjxg,9769,31,Female,1,61.27393995444
Rbwbtl,Stuolvsyv,4635,33,Female,4,61.2631785465667
Rbxurk,Legq,8123,96,Male,5,53.7144157503496
Rbyfi,Uqbftrsud,1455,39,Female,1,42.3208202399223
Rcbrti,Jhhxkmek,2360,57,Female,5,61.2543216071975
Rcekqsv,Ifewb,5717,86,Female,1,39.6204589525631
Rchl,Szls,13119,79,Male,1,39.4799061625497
Rciatgfz,Eemdqylk,5706,58,Female,1,46.350935102965
Rcij,Lkucumwy,6868,94,Male,1,53.3332587902503
Rclcr,Hppnyjkib,6757,39,Male,2,50.3744982114815
Rcofbxx,Tpvgeaf,13242,21,Unspecified,1,67.7767031050951
Rcpq,Yrzbwdgzg,14140,90,Female,4,35.7765869273645
Rcrt,Sscqfgowl,6191,29,Male,4,50.0611624375794
Rcsn,Mypaxq,14032,78,Male,2,72.0606401271977
Rcsoun,Maqa,13031,21,Female,5,77.9488721536359
Rcudb,Kkmtrwra,18472,32,Female,5,58.5660405049488
Rczgh,Oqjtiagi,7605,61,Female,2,61.2385547048927
Rczk,Pepnnf,14701,89,Female,2,50.6082301169693
Rdaaolty,Uhmluy,15707,71,Male,4,72.3374075478898
Rdajcqom,Slcbhmedp,10390,48,Female,4,55.7574996908843
Rdbbsgjn,Cdgtsuxw,12628,73,Female,1,82.4459522635212
Rdbcp,Hnxtwov,13709,53,Male,4,57.4571944459374
Rddtsskbh,Xkevojf,7881,57,Male,4,60.637394382169
Rddxotmee,Zqyh,8622,85,Other,1,63.0583203247653
Rdfxglch,Xeudzd,6728,53,Unspecified,3,79.4257015361888
Rdhlij,Pxbwc,3769,75,Female,5,63.4371878308375
Rdhpx,Hkyl,3314,79,Male,4,77.7865230817745
Rdjkofxd,Foup,11954,47,Female,3,36.1980720547906
Rdlklz,Jiqrj,17562,42,Female,5,58.3976340242229
Rdnbu,Liwc,17368,30,Female,3,56.0560913084534
Rdpezhsv,Dvtfnjq,17670,19,Female,1,61.7979389703411
Rdqu,Dwcxbn,12625,55,Male,3,55.8331879604325
Rduqxbgkt,Aoygdvm,15258,54,Male,4,43.7612178322546
Rdwndbuw,Tngffr,10264,84,Female,4,60.9929591608062
Rdxc,Sqpl,2353,22,Unspecified,4,53.6750511909425
Rdxebwvtd,Ngmjdz,16387,28,Other,2,36.3125538995058
Rdxouxcrf,Izipn,1299,83,Female,5,43.9848559752486
Redsrk,Xaqjodayd,19029,77,Unspecified,1,43.6370665857899
Reeconns,Xdvrezugk,15216,83,Male,1,48.6637070130144
Refrrzd,Tmfgu,10525,87,Male,2,45.7340928748395
Rekblxnc,Tywkb,17923,25,Female,3,55.1118713519663
Rekezn,Detvuac,5115,71,Male,1,51.6297267941183
Rekiro,Tjyv,15980,67,Female,2,64.7433410506676
Rekutlip,Ghrcbiwa,11823,98,Female,2,87.6705778779238
Relrn,Gboxwrh,19575,28,Male,2,68.5299266311479
Relyimu,Shpd,14220,96,Female,5,67.1764109494507
Rempnip,Nepr,10583,19,Female,2,56.1742703346768
Renjucrdm,Mgkerz,2593,97,Female,2,52.6289198969554
Repcf,Mjva,16985,43,Male,1,60.5602338531373
Reti,Hytiigy,4720,75,Female,2,57.5674883844797
Retmc,Tcerkm,3946,30,Unspecified,4,69.8735121685301
Reuwyaut,Spnx,15983,80,Male,1,57.9155947291269
Revptcs,Zvzeebmp,12682,59,Female,4,61.5812973041612
Rezonvr,Fbuwi,6428,54,Female,4,59.4292636159823
Rezxla,Weet,12745,44,Female,1,60.7437677104093
Rfaxom,Awbl,3496,83,Female,2,50.4842119067987
Rfbkps,Pxin,13915,19,Female,4,64.3641321526336
Rfephc,Hiby,19765,39,Other,3,62.4877678841705
Rfgprmi,Wbacbyusu,19165,41,Male,5,62.5784912876826
Rfgtafrq,Djffa,5803,69,Male,4,48.558342988607
Rflqetf,Tmwjuumhu,14503,81,Female,3,35.712766715031
Rforgm,Mhgcqs,5872,85,Female,5,69.8937305082427
Rfwihecxj,Zblgc,7090,62,Female,1,46.6178652563397
Rfytwfky,Swsj,13893,75,Female,2,41.5542697136396
Rfzn,Urhhq,2326,85,Female,3,56.4866125044429
Rfzv,Grsfgo,19356,80,Other,2,59.6145230852634
Rgbgohhv,Eqdjsm,15471,32,Male,3,58.7765729735008
Rgcq,Hhzfgbf,11892,32,Male,1,73.0083267755626
Rgdjllr,Rsephzh,3616,73,Male,2,72.8928318195321
Rghfyjd,Qhgk,6421,45,Male,2,69.2693677088283
Rghmu,Kyjpfo,14926,59,Female,2,64.8935863955493
Rgipjttdh,Pbioy,4578,98,Unspecified,5,73.3170005899337
Rgjhmyias,Dual,6403,33,Male,2,44.3430497997614
Rgjp,Tqgib,8563,24,Female,4,59.0883715832941
Rgmwehdsz,Acqgh,3077,58,Female,5,72.7060829103375
Rgnsaby,Hxnb,4258,47,Female,1,63.4206715614005
Rgnt,Qbkic,3369,46,Other,2,49.6850887921556
Rgpcvukz,Fylwvbe,3293,81,Other,4,50.7670090512417
Rgpmfab,Xhrpu,2056,61,Female,1,67.3581712060991
Rgqrxyhv,Ietpe,11682,69,Male,2,67.7128860246404
Rgqyg,Awfdzi,6665,92,Other,2,56.2601593823036
Rgse,Pepohmyaq,17068,55,Male,3,57.1264064180883
Rgurnr,Wqeszv,17380,79,Male,2,71.2688179564169
Rgus,Odtny,12152,39,Male,1,62.8529635277272
Rgzfj,Ozilaopht,14304,39,Male,5,73.5956517592809
Rhcfihudq,Qiqpf,11122,44,Female,4,69.4504513993273
Rhdbkpxlg,Sfvtusjdj,18724,42,Other,3,74.7303036917801
Rhfjje,Gntjctf,11758,95,Female,1,49.9703047181603
Rhgizfd,Uxyisuyju,10972,82,Unspecified,1,65.3544017233968
Rhhgxfj,Ytimpskr,7240,59,Male,4,64.0194452798817
Rhikx,Ejxl,1028,50,Female,1,75.4648148327455
Rhkinlua,Hzah,18221,23,Female,3,46.99873605718
Rhkpcctos,Popk,4888,34,Female,1,70.6159985639531
Rhmifffz,Wausla,9499,84,Female,3,57.8623195501314
Rhndrdn,Emvx,4890,89,Male,2,56.0903178723914
Rhqw,Udzcbqhdw,12148,46,Female,3,73.3411894121904
Rhtoyqq,Tbzikh,14836,56,Other,4,53.067758266791
Rhxrisrs,Vemh,1647,60,Other,2,51.5235886764441
Rhzlfll,Bcgcvp,17457,71,Female,4,57.5922137731161
Rhzufcnvy,Nwzhhwvm,13202,70,Female,5,58.0406635866125
Riacgufw,Bvxtyvw,2289,53,Male,1,53.1781266995323
Ribl,Aecn,8768,29,Male,5,58.2754843292002
Ricc,Njhnydkq,7868,53,Other,5,59.0173003106236
Ricozz,Ygtvivo,7609,77,Female,5,67.7221086471589
Ridnubrgm,Oaee,5570,35,Male,1,61.2005996972548
Riesqcilp,Oirokaoo,17288,87,Male,5,57.7789312939498
Rieyvoa,Wahn,9701,24,Female,4,58.9832598261774
Riiak,Vhmnsp,13955,23,Female,5,79.7470226973043
Riifabj,Oqvnbpww,18378,71,Male,4,73.3353885220653
Rijwbd,Rajn,18213,38,Male,2,50.9808310621701
Rijzids,Tsgxahe,8808,57,Female,3,77.3250695495805
Rilynt,Yottmsnc,16458,28,Female,4,60.6073976546514
Ripbhuiiu,Mfmtj,14504,31,Male,5,58.5789051986452
Riqmgy,Mprpvild,11701,79,Female,2,79.6434749290098
Rirlalis,Mnvbvrwoo,2877,59,Male,1,55.4874375104449
Rirwyiprp,Uvwarvpz,13236,19,Male,4,56.8543038675701
Riuexp,Cktevoi,2504,67,Female,4,56.7318168782316
Rivnbkmhh,Jlgzpdxp,1557,95,Male,5,78.8761499616624
Riyvy,Ddfrgii,4876,21,Male,4,63.2839007515625
Rjcbg,Xprxouiq,17675,19,Male,3,69.2730789973346
Rjde,Ibyot,12862,87,Unspecified,3,48.7701994604307
Rjdqtslrr,Bnvu,15929,55,Other,5,63.8288097586873
Rjdvyp,Lhlwvdjx,7022,39,Other,3,61.7130953819419
Rjgb,Ndjbfs,17258,55,Male,3,65.2290524371273
Rjlhhb,Ydhfyvaa,9578,33,Male,3,50.1890768427246
Rjlylso,Lhqvlnwk,13442,46,Male,1,76.4110866676102
Rjmapwa,Fiaka,16438,69,Female,4,64.3175803737207
Rjngo,Ncbhgcpd,9406,86,Female,5,54.9356192701137
Rjnzfrow,Pccse,14145,33,Female,3,69.8008119486461
Rjrbkfxk,Aofic,13883,96,Male,1,57.0626880543639
Rjwat,Pkaksf,18704,98,Female,3,78.5006615988195
Rjxenru,Galdgoszk,8832,94,Female,2,67.6217021366816
Rjzcojn,Mzbwj,8008,20,Female,2,52.7951385656744
Rkbfhiai,Lmji,10199,91,Female,4,50.7827199971959
Rkcaraqc,Oernxbayh,1047,91,Male,2,57.5560165263555
Rkhl,Hblovom,3665,59,Male,3,62.0007414054369
Rkifvlh,Vddm,15624,22,Male,1,43.8830665628131
Rkisfol,Wlgnfshfr,3952,44,Female,4,45.1159327098272
Rkkmgmkba,Onxlrmt,17235,95,Female,4,70.036699955942
Rklbb,Iuwjhevne,11351,91,Female,2,57.2238691374442
Rklvgi,Cynlju,9281,67,Male,3,46.864469219873
Rkmclx,Jybpwogh,18904,94,Other,2,57.9298661782833
Rkmhxnbdn,Lcsjcrvu,11842,56,Female,2,58.9730220484872
Rkmkg,Wvdujlsy,2159,80,Male,5,46.6325634907576
Rkmpbzynj,Hsxqzfzi,6144,42,Male,5,65.2226165700293
Rknip,Mviqgpz,5054,43,Male,1,51.9144921945432
Rkof,Honhx,3839,95,Female,4,59.7450579524195
Rkqklckm,Uoeotmy,6060,40,Male,2,34.5180395603526
Rkrf,Euyy,12036,64,Female,3,68.8679297022016
Rkrkd,Gbxbu,15513,57,Male,3,73.4804789449025
Rkslxhicm,Dptwrroy,14462,91,Unspecified,5,45.9545659888509
Rktb,Dqcb,19466,55,Male,5,61.8973457121627
Rkvrizzj,Efqnrnye,5701,66,Female,2,58.8370466987563
Rkyuvdv,Wzdcyk,12571,45,Male,4,64.4194556260834
Rkyye,Sevgpf,3677,85,Female,4,43.4584435579231
Rlaem,Voqtdhabz,12412,50,Female,3,56.3568389859908
Rlfsq,Wpcbjvj,4020,31,Other,2,40.7259099144519
Rlgbv,Mpuilqu,14437,81,Female,3,62.5046097305482
Rlgxmfk,Ahlrj,6764,24,Female,4,65.7806732890564
Rlhjrht,Moxv,16640,78,Male,5,64.3705056803744
Rliswga,Jocluwk,5938,67,Male,3,56.7691568383983
Rliwyo,Rsrsvb,8575,84,Male,4,60.5032044894796
Rljqa,Ohfablsb,3932,38,Male,4,37.9967922433992
Rlpanwug,Xvkjvpih,1122,69,Female,3,55.639447124272
Rlrfzs,Halt,6336,81,Female,1,52.7687926459408
Rlriydqlz,Kkofw,18139,34,Male,3,45.8875434353569
Rlvcz,Yzyqcym,4865,82,Male,2,70.505356990583
Rlvhtkbqv,Dgcnduz,11608,90,Female,1,66.4986233438095
Rlwz,Hfvda,11484,57,Female,1,71.4332038583907
Rlymvs,Xnrleggor,15449,53,Male,3,59.7593187437372
Rlzcokdib,Peheyjtbs,15960,51,Female,2,53.2374629635681
Rmdm,Kyfq,13629,94,Male,2,62.80813555734
Rmehsftjw,Yitr,18478,31,Female,1,66.1120026951378
Rmgvzemk,Pesjm,12590,97,Male,2,54.8492288541582
Rmiwln,Ogrfcu,17904,42,Other,3,66.7032721420177
Rmiz,Rxrftm,13165,42,Male,1,44.2802738646737
Rmjtknwn,Rumsjstg,2917,20,Female,3,61.5762540125221
Rmjxdxlq,Xsihb,10598,74,Male,2,65.8160032442849
Rmlprnc,Zuzwlg,19364,48,Female,4,74.1666978855882
Rmlw,Jrrrlcqru,2376,78,Other,1,59.5615202626939
Rmmm,Dwolsa,15391,30,Male,4,83.2430645270887
Rmosje,Tdfzbdqfw,11328,85,Female,2,56.3792561308496
Rmpax,Nfkjy,1085,34,Female,5,48.4223982973968
Rmpom,Hcwlbyjol,8081,75,Female,4,70.194575960277
Rmuhjxgwt,Uzhjy,15991,52,Female,5,55.8054631239934
Rmultl,Fnvg,3455,95,Other,3,66.2209390276536
Rmvujhx,Uhot,13885,55,Female,5,35.3343953667962
Rmvviavcn,Ijdnpdw,14906,83,Male,4,61.3301274727671
Rmvwnspcl,Hgidowqe,8854,42,Male,2,70.7717560649062
Rmybucdr,Yjnnzl,4123,46,Female,5,58.8467425657869
Rnhvjpzsw,Oxyuihbaf,12291,53,Other,5,52.8567068246092
Rniynr,Naba,10287,32,Other,3,53.1697192660753
Rnkgog,Qydf,18336,50,Female,1,52.0699881232556
Rnnecma,Qdsnw,2817,43,Male,2,58.1546302804895
Rnogzod,Aesynarab,6432,98,Other,5,77.0333649745597
Rnsrdekz,Avfmj,5141,75,Other,2,63.7739754543217
Rnum,Yaik,10401,94,Male,2,87.991618071014
Rnxdpdbc,Twfoc,13064,31,Female,4,68.143816476178
Rnyfijib,Irxlg,17152,65,Male,5,79.2055892157067
Rnytobooc,Mmewjqw,11885,24,Male,4,65.3142051188529
Roai,Meakgy,10586,42,Female,4,63.0572673484582
Rochmsbfx,Ytdvixdgz,3402,61,Female,4,66.4330243867339
Rodkuk,Xkbndb,8963,95,Female,5,75.350267035525
Roksndgx,Jxsjdjpn,18809,44,Male,2,39.5427305670046
Rooi,Lcryjw,19733,23,Female,2,54.6202134625899
Ropnv,Rmiztkpfv,5043,94,Female,4,56.6030342794297
Ropscx,Fntqz,8772,43,Female,2,67.0721309126476
Rorcd,Gvbf,17708,85,Female,2,75.1191317974312
Rorik,Ioizdcms,1015,78,Female,1,48.2973098149756
Rorwnabf,Lajhima,7276,86,Male,4,65.9303937339872
Rovka,Vaigcnc,10730,78,Female,3,59.7385843657466
Rowld,Cfuzsx,3311,31,Female,5,47.455752892618
Rpade,Wplrsbfp,19735,86,Female,1,52.2194466632956
Rpbzp,Ptcyk,10142,21,Unspecified,2,75.4925535132032
Rpejkybb,Fudgofgir,12732,42,Female,2,54.0910844340134
Rphqr,Hrsepd,5600,34,Female,2,63.2775262062202
Rpscgsg,Pahpbn,5095,65,Female,4,72.1422094203336
Rpshdorvo,Fpnm,6751,30,Female,5,56.9549779664135
Rpuejdm,Hyeadndnh,3084,62,Female,2,59.8171763734608
Rpvgmrew,Hlkjx,7786,50,Female,4,67.2864586836132
Rpvhisuz,Ngtxeehx,13099,25,Male,5,70.1646090049199
Rpwwsmz,Oqulcjz,16516,27,Female,3,63.8932546474542
Rpxsfctdv,Tpike,3518,69,Female,1,41.5489893704693
Rpzh,Dttcm,1186,38,Male,5,62.3119087980834
Rpzor,Bovdcj,1676,56,Male,4,57.0610333358951
Rqclgznf,Tknjvahqf,6378,48,Male,1,69.4165600561401
Rqearr,Usoeon,19051,69,Female,4,63.5562696114011
Rqeoblrcu,Fuqhu,9831,94,Female,3,42.2873082545731
Rqfj,Algy,19016,87,Male,1,66.9168752988905
Rqfjkm,Fmsc,17326,89,Female,4,52.2126620510491
Rqfkk,Iyjuerp,9752,59,Female,4,63.8457684713276
Rqiy,Xevkytejn,4165,38,Male,5,60.6471659269793
Rqkd,Acklezm,11987,47,Female,4,35.4679683184742
Rqlksbcg,Fxpdnmesj,17817,86,Male,3,63.1427968822927
Rqmngk,Qxcjdlag,10557,85,Unspecified,3,42.4085247906037
Rqodksj,Zimbs,13390,48,Male,4,62.4849061136305
Rqouk,Hlvosqz,19865,54,Male,1,46.0452179918268
Rqpggqjn,Nhpx,16029,42,Female,1,54.1338741706749
Rqprapch,Isiokeqw,18343,55,Female,2,71.5733764731891
Rqqiyd,Qfmsuh,18438,60,Male,4,34.7184002351772
Rqvls,Atsiyxdf,13825,20,Male,3,70.8782219663347
Rqxjxs,Pqbli,7676,23,Female,4,62.9065145593031
Rqzfmwg,Kbgd,11989,76,Male,5,61.5244660902811
Rraedlp,Ujtjybfti,4969,74,Male,5,77.877004078525
Rratofrvc,Jqij,2001,27,Male,5,88.2888540175097
Rrdmyyflf,Dkmwg,5045,70,Male,1,73.7762368728389
Rrdpvcwm,Pizf,8437,38,Male,5,70.165022247362
Rrkjq,Jjgtk,18556,22,Female,4,54.7970417431394
Rrkps,Hzotxj,15117,78,Male,1,34.5349798322401
Rrqndgri,Gmftvoza,4146,49,Male,5,60.608568154512
Rrqu,Jbwbjt,2880,22,Female,4,83.0906120790622
Rrrzx,Adtncldjl,18041,98,Male,5,56.821059937853
Rrtggv,Dcmbdy,8938,36,Female,4,57.7656562364785
Rrtoshk,Mmkydxmcc,14638,29,Female,1,50.1845021462693
Rrubvsefu,Lwokrgg,2628,79,Female,3,54.1795509980046
Rruvolzc,Ckbhvgrc,16441,97,Female,5,71.7013015062855
Rrwflftge,Oqumku,19878,55,Female,3,79.281593602614
Rrwuw,Oltcajkri,6095,37,Female,4,45.3669852101601
Rsauzgamf,Hihdjrc,12245,43,Male,1,64.9682623177561
Rsbgyljmc,Pmalr,5482,48,Female,5,66.878567253269
Rscidgdi,Xmgpjj,17874,83,Female,4,44.3322275152075
Rsehysc,Gfiokpkmv,6722,37,Female,1,71.1547502314224
Rsewuy,Qbuxwpy,2862,40,Female,4,55.547536697599
Rsgi,Xvbnqoob,9563,50,Male,2,46.4032090013529
Rsiqz,Kxrmfu,5242,34,Male,2,42.7177305696962
Rskcvwlc,Dulj,2607,68,Female,4,42.5091702871184
Rsluo,Tdaql,2117,32,Female,4,49.9983663641048
Rsmxifxk,Atex,14418,98,Female,3,51.1115641594168
Rspsn,Neqz,17210,39,Male,3,87.9641229215195
Rsqxzzfzs,Mkcwhonq,10574,21,Female,5,53.9227403387775
Rsral,Dohhtde,15487,61,Male,2,61.7210179459631
Rswesxtna,Tlbincjp,3670,24,Female,5,64.7765318720031
Rsyljvf,Grrbihvno,7095,43,Female,2,50.1651577611838
Rtaehymdr,Yuwo,6494,29,Female,5,77.3746176667382
Rtbebbggo,Yhtpmt,9991,92,Male,5,67.1334639839559
Rtgntpri,Rgzj,18688,42,Female,4,49.2665809434699
Rtikbofy,Xpnizr,7376,49,Female,1,46.4951568886289
Rtnnamt,Ykcya,17798,57,Other,1,58.3741074222837
Rtpepcokl,Jkke,3824,42,Male,5,56.5628214436384
Rtzb,Xhsp,2895,63,Female,5,68.8654350118143
Ruaak,Fhcsdy,13733,91,Male,3,36.6517512038439
Ruaz,Qpeiqi,16317,67,Female,2,56.0340075605059
Rucffm,Lxxqzb,11916,63,Female,4,49.5185837889721
Rudpenl,Eruxbdzok,12221,74,Male,5,63.4498313715019
Rudvs,Laquzvbe,15301,39,Male,3,55.9658591727999
Ruexrc,Bsqcc,3189,68,Female,5,63.6100482511917
Rulb,Bucmmyy,9492,93,Male,3,34.9036279720184
Rulbb,Oeim,14402,47,Male,2,71.6730969630093
Ruld,Ndqd,3804,73,Male,1,82.957839294755
Runbvjatf,Icfjqfcux,8597,40,Other,1,49.2982298647763
Runknnvc,Zdee,18517,80,Unspecified,5,86.5259851499739
Rupbgkcbc,Dzwkeb,5001,89,Male,5,49.1850621370339
Ruqcv,Eubhxqkbv,1736,51,Male,4,49.6768069094566
Ruva,Xtskei,15010,95,Male,4,60.2839787085239
Rvafdqgzo,Pkoowrs,2484,81,Male,5,68.9999585451491
Rvaygh,Wpmihx,15962,91,Female,1,60.735691759955
Rvbai,Njbfc,7013,89,Male,5,53.1485970303674
Rvbhvw,Jhsqxiu,6054,34,Male,4,76.915625488285
Rvcq,Monurewq,15477,89,Female,2,53.7434033776567
Rvcrebke,Esrj,8910,54,Female,3,47.0320720586155
Rvefir,Beerltsjs,1297,78,Male,3,61.8405274053969
Rvetbh,Civxxm,5102,53,Male,1,62.8881719661158
Rvif,Huzfa,5565,39,Female,4,43.3690101179063
Rvitrmgph,Lgzffaz,5425,54,Female,1,62.4199041555977
Rvkcbe,Tejs,7229,85,Male,3,67.5639059606323
Rvltosth,Sdatoelw,4761,97,Female,4,69.4500849633187
Rvlzypiqa,Ugwiibwul,5327,82,Female,1,35.866795144
Rvmc,Kawkypdn,7861,49,Male,2,56.8540818450372
Rvng,Unmaldhrf,17643,58,Female,5,45.4453524857285
Rvsntuo,Mwfr,18691,80,Female,3,36.4855209980829
Rvtoy,Xianxkc,3033,56,Female,4,70.4047387419682
Rvumtw,Vvoi,17534,52,Male,1,81.446409792371
Rvwciy,Ilplzib,4658,30,Other,5,60.996784580496
Rvwcjblf,Tlljnzxp,7859,38,Male,4,37.7022934976913
Rvwqww,Gmrevbuu,17687,26,Male,5,24.443342381756
Rvxfunni,Fecds,9368,32,Male,1,56.2150470455287
Rwdd,Ffrcdvgej,16357,44,Female,4,59.5174353606286
Rwhp,Ghrfmt,16322,83,Other,3,61.8042280961388
Rwhyaye,Dwcmhluex,1812,42,Female,3,51.603797745716
Rwmzgfrq,Alplih,1220,18,Female,1,65.6291696639162
Rwoxwx,Fjbmotbl,14457,79,Female,1,73.2768251900409
Rwrsng,Perjp,18320,62,Female,1,49.501121935241
Rwtakzlp,Zvex,19334,40,Female,1,59.5713601855651
Rwvjg,Rjnys,11597,68,Female,5,60.8551742922384
Rwweaisj,Dszdw,2501,25,Other,3,63.8303364712186
Rwwuwx,Stqe,13441,75,Female,2,51.441515461052
Rwzoot,Mqmlkm,2370,66,Male,3,50.1397553067704
Rwztizzl,Lhgramtih,13210,38,Other,5,59.7031760405813
Rwzww,Oaeyb,1090,22,Male,3,42.4649627512896
Rxbewub,Qblsa,5584,72,Male,2,37.9678512001865
Rxcgwiwh,Wbvkzytz,4824,46,Female,1,49.3264703785783
Rxgpfft,Gctv,1903,89,Other,4,46.7706583509907
Rxgunx,Cntjwm,15401,40,Male,4,54.2905789496167
Rxkpbu,Pschvqua,1597,22,Female,5,59.8369748757899
Rxmsh,Icalsk,3074,94,Other,4,41.222316425164
Rxnsa,Hxslcdvub,3206,80,Female,4,64.540776209838
Rxpdkyv,Rzwhvtw,19910,85,Male,1,50.0249398212248
Rxqzcwj,Ctgtba,7449,45,Female,3,54.1970763271433
Rxramrbw,Mpftxd,7203,80,Male,2,68.2036639401822
Rxsabdc,Bnwc,4950,57,Female,4,56.562858000742
Rxvvmnh,Wsnkhkia,9404,62,Male,4,53.0281836442454
Rxwmwi,Upmblx,8018,66,Female,3,75.5558950695454
Rxzsufym,Jtima,3218,29,Female,3,61.680527475215
Rybofdf,Zmlz,4710,21,Female,2,72.9430636895735
Rycbhlxa,Zslwffauc,7935,76,Male,5,64.9732540831196
Ryctdnln,Yhnuedqos,9517,32,Female,5,55.2012666869869
Ryffztc,Nxmwenwdy,14223,76,Male,5,50.1630690893061
Ryhzj,Monhxsuw,18621,22,Female,2,60.2640447829065
Ryisyaglh,Pciaqdqaf,7055,42,Female,2,56.46180950302
Rykmp,Kqtddgpwm,4559,30,Female,3,53.7819381894673
Rylupe,Qomjhim,18434,36,Female,5,50.6963330866955
Ryrxploys,Xypo,12938,59,Male,4,35.5430691320389
Ryswfrzse,Ywsdxrnkg,3696,95,Male,5,54.8385921191909
Ryubohk,Ggwjbw,1954,59,Male,5,64.4030018206173
Rzclxbuwm,Dicr,1477,19,Male,3,62.8788678044425
Rzdv,Koszejf,1381,45,Male,3,62.7200961023507
Rzhu,Gejc,5612,58,Male,4,64.4236538366101
Rzlfirgr,Boyi,19886,89,Female,4,47.6400634114583
Rzpf,Ktne,12494,85,Other,5,66.5622634852762
Rzplezl,Vmamzza,17341,23,Other,3,58.0181918443639
Rzpyzhpq,Cisctxmth,11564,22,Other,1,75.9842137001188
Rzvgdtr,Tqsnu,17619,81,Female,3,71.2649950352703
Rzvl,Idmfsptg,17256,97,Male,4,47.556734557061
Rzwu,Asad,8469,39,Male,2,55.4905975995753
Sadlsexa,Ccpehk,4058,20,Male,1,55.3438037066769
Sadte,Payrveci,18351,66,Female,5,82.0893324259015
Saebv,Nvizkmf,11127,92,Male,3,49.3331349453951
Safgfl,Gnzbog,12172,48,Male,3,52.7018154705765
Sagw,Ahirsl,12230,66,Male,5,70.0369631336874
Sakbjz,Yedxvfcfc,2536,30,Male,2,49.9644059085901
Saltcneq,Axtn,15684,24,Unspecified,5,54.6180518414934
Saozd,Vthwdounr,1626,58,Female,1,63.8941313274978
Sarwmgox,Nsnpql,18659,18,Male,3,49.6556154261601
Sasbbzsbv,Hsoquma,14254,55,Male,4,57.9889473746003
Satyhhzg,Jbzxlnr,9815,29,Female,1,38.9785127791096
Saud,Kxskzh,5588,92,Male,5,53.9843392572326
Sawkq,Sbqx,8189,83,Female,1,53.0010202654501
Saxg,Gdkyo,8864,44,Female,4,45.3699149134356
Saxqndq,Eeklf,7880,54,Male,4,66.2451314694388
Sayqlhsx,Dsjqw,8558,51,Male,4,55.048240983181
Sbbmuuj,Ngabipmdg,12114,66,Male,3,42.7720329239896
Sborh,Vxjowgm,3699,24,Female,1,49.5459273333352
Sbqijz,Xyyozea,1089,38,Male,5,59.6640677976691
Sbrsg,Epifayug,15997,95,Female,3,55.8493204606945
Sbtmu,Yqyl,13605,43,Female,3,50.5597165551289
Sbuayd,Iqrjtuzi,13805,92,Unspecified,5,55.4041888547291
Sbuyo,Naza,8626,61,Female,3,43.097380929972
Sbwd,Djlq,6245,60,Male,4,60.5473801279759
Sbxlv,Tdygfnnib,10362,34,Other,4,64.1043640535404
Sbyoetfyj,Emjgh,4265,49,Female,1,41.8038768228844
Scaxdg,Flagjjouk,4645,71,Female,1,64.5585640969426
Scfpoh,Fmuovkv,13834,29,Female,4,66.6731335448002
Scglivhy,Udrkodfn,10652,57,Female,4,65.8243938387143
Scoq,Zxpmepe,4962,27,Female,4,61.6370208826206
Scpe,Mutxusj,13580,84,Male,1,51.4338758708624
Scplrntqs,Fdmumvpd,1127,89,Male,5,55.3541184235833
Scpx,Qdxlv,17262,78,Female,1,43.5283270054992
Scqhknq,Idsllgjt,13175,93,Female,2,53.0063439886244
Scrg,Ynczjvy,13757,77,Female,4,63.4051649305229
Scrgxly,Toqzheze,19587,80,Female,5,40.6800702424093
Scvr,Qdtirea,2120,34,Male,1,49.8092305075618
Scxfpz,Wyhnpk,7683,49,Male,5,73.8813745839559
Scylbgyaf,Cmmb,16167,71,Other,5,29.5076230331129
Sdfx,Jhrrgg,1893,71,Female,1,46.7871177804664
Sdglkh,Lzdjyxg,2093,89,Male,5,60.3228421723355
Sdgnn,Jcvw,18711,59,Male,1,77.5869297513546
Sdjkdnx,Jxuwiqma,12151,86,Male,2,88.6780836326504
Sdkc,Gsmmhniuw,9851,50,Other,2,53.4250791936944
Sdkeppn,Llnkcrtkh,7349,73,Male,2,69.0672412086052
Sdkizo,Jyjcefwa,18096,68,Female,2,58.7741690434234
Sdkzru,Oqnsmjxuo,9410,32,Female,5,43.8656960873113
Sdlpse,Nwceal,7288,85,Female,5,70.8614007791861
Sdmpq,Jkqglgyby,3871,94,Female,3,71.9366780094802
Sdmswxe,Vxaghszo,16290,46,Male,1,71.9321376061639
Sdmvjxbih,Rowupw,9007,89,Male,5,73.840233665662
Sdnudz,Mgwziiv,2777,62,Male,3,57.5403012445904
Sdocn,Finotjt,6571,97,Female,3,59.769496126914
Sdojrpw,Dvsbuxxf,5617,26,Female,4,77.0464428154362
Sdonnvgj,Npuq,6233,81,Male,2,54.0309849514672
Sdqjnzeo,Nfqzssgv,8184,72,Female,2,41.6322832164881
Sdqp,Dgaocczn,7763,75,Male,5,74.3817327054878
Sduuvybc,Fprt,4667,83,Female,5,67.546469121352
Sdvdykeho,Bzty,11197,52,Female,3,65.2579019179072
Sdvhib,Nhkalo,19052,68,Female,1,60.9829586683411
Sdvi,Zgaok,10977,69,Male,5,81.1622312201773
Sedpwzbz,Gypw,12004,19,Male,4,57.5093861509158
Sedw,Oiiphzul,17128,35,Other,5,79.7947478607274
Seelvdc,Tscc,4491,48,Female,4,61.1754009423433
Seemfzmdh,Expiol,3268,61,Male,5,49.8322016563742
Sefhmgdep,Xuaxc,13433,39,Male,1,63.699356562684
Segq,Nrbztwee,5709,66,Female,1,67.3520671488467
Segqr,Nbzdnfm,14977,83,Female,5,54.838004680129
Segvlyfb,Gnss,18262,44,Male,3,54.1679419560675
Sehdq,Zsnzvkh,11986,77,Male,4,57.0306345112259
Sehjc,Odaal,3938,54,Male,5,50.4503382764559
Sehk,Imdj,2251,57,Female,3,63.2768498983852
Sehrmiag,Ntenwz,9616,72,Female,4,48.4994869375101
Sekldc,Xcurtjqn,12008,73,Male,2,66.129441770426
Senm,Jaeykmqz,19285,69,Male,2,63.0619868591428
Sesdjk,Vfmm,6552,70,Male,3,67.5139193093232
Sesdmeow,Zzilp,9964,71,Female,4,61.4067510748919
Sesova,Mcqn,14787,49,Female,5,49.3568987197679
Seuefear,Wmak,12882,47,Female,3,38.2875222904528
Sewg,Tzzffenm,13229,66,Female,4,60.8809745439061
Sexeloxci,Rvqabki,7696,19,Male,2,69.3134710726028
Sexgyymbg,Bbnvoajw,14781,51,Male,2,50.8912642037837
Sfbojcnhg,Gsddkf,2214,89,Unspecified,1,75.3574567300595
Sfcgaqpja,Gkbmamy,6805,95,Female,2,70.46750316513
Sffiueo,Ybandy,10636,27,Female,1,71.9074087817602
Sfhmebh,Qrydksnoy,1528,69,Female,5,57.6412221975151
Sfiw,Aofyp,3030,55,Male,3,51.2392483811073
Sfkpri,Qsnwqfzgl,3649,29,Male,5,72.089321520452
Sfokstcd,Ruzlmm,7197,90,Female,2,44.1835020456452
Sfrpsgqz,Qkglwyml,9875,88,Female,2,72.5895762352803
Sfsuswatx,Yada,15821,32,Female,2,54.6740532801072
Sfyw,Padd,2275,49,Male,5,47.6494959388521
Sgbdhr,Wfbstpe,11573,18,Female,1,60.0944257969693
Sgbfth,Ujglkhxp,13859,34,Male,5,53.9598647292016
Sgbvicr,Iourmo,11367,73,Female,2,59.6987603656484
Sgdpqkyh,Qoggppe,7390,27,Male,4,46.76753767682
Sggstrn,Yrvpad,4443,70,Female,3,72.2785253478362
Sgiikpbcn,Ndyde,10066,33,Male,3,71.5584341529538
Sgnrqnrn,Sipftrwy,18987,58,Unspecified,5,71.9536221566202
Sgnslizr,Almell,2282,72,Male,4,76.8695924252026
Sgqofbeg,Aqlstw,19802,72,Other,1,32.7084779995859
Sgxra,Azjzc,6941,95,Female,2,51.4971029383754
Sgyeupn,Bdsatbg,19863,83,Male,5,56.632660949159
Sgzkbkymc,Mdrl,16957,91,Female,1,49.1254885783329
Sgzpy,Iwmxecrbv,2519,89,Male,5,64.6674967027791
Shezt,Wuskwvzea,8876,38,Female,3,79.3243686901479
Shflcay,Ihye,12020,96,Male,5,64.0767555320897
Shfol,Byqxdvp,1486,74,Male,3,61.3885128947378
Shhouwj,Hbvshqdt,11907,35,Unspecified,3,69.6199205724961
Shjct,Lerbn,12955,75,Female,1,68.254320614849
Shlf,Yefyw,1228,82,Other,2,50.3278320727078
Shlfif,Jzvxeje,13334,61,Female,3,59.3266682397504
Shpu,Oegngdpq,4817,92,Male,4,63.4450783948724
Shragk,Yblo,7661,84,Male,4,67.116141814033
Shsez,Xmgzna,2111,28,Female,1,67.6415154571599
Shtuxs,Xqnoceu,4344,30,Male,3,66.4307336118901
Shwt,Pfhj,11195,44,Male,4,55.8687349325655
Shxgzcpaw,Xjex,13292,91,Male,4,73.9686287900675
Siemyo,Idjygpp,13265,70,Male,1,49.0234160025551
Sifpa,Sfkjpta,2408,85,Female,3,49.3405555076922
Siig,Mobpp,5604,18,Male,2,56.6582054988141
Sinivb,Agpabecy,19621,34,Female,5,51.6010869919419
Sintoyy,Kcqp,4918,44,Female,3,45.4826068430423
Siphb,Ezlkz,4797,69,Female,2,68.769438492783
Siptd,Ffbh,16602,91,Female,3,72.6167389104985
Siqucsk,Vxoylwxmk,7111,75,Female,5,46.3047572095945
Siwtp,Rnmby,2581,28,Female,1,57.0603277576834
Sixdnlsfc,Esmef,8022,61,Female,2,64.1546985926881
Siyr,Byicigyi,13392,89,Female,4,43.8528675385627
Sizzo,Zdqtwcz,13153,96,Male,5,64.5035484146468
Sjagme,Kvciop,6215,39,Female,4,76.6399705455769
Sjal,Bqmy,16558,42,Female,2,47.5738190180545
Sjdc,Skztkqmba,11566,81,Male,2,68.406526180192
Sjdj,Tmuhvpayt,8550,97,Male,2,75.0384776883516
Sjezb,Rjjuzh,16124,92,Male,3,45.620747944766
Sjfcxhh,Ioptvyhog,15295,74,Female,2,76.1148548296642
Sjijci,Dgmec,18588,74,Male,4,67.0607415586973
Sjipp,Vunulgptk,12723,60,Male,5,68.2435712550933
Sjkkyjg,Xnaur,9438,40,Female,1,55.4138323921839
Sjlgel,Mwrvoql,17494,51,Female,4,43.1650648772803
Sjlysdeh,Gzidiiukq,13320,96,Male,3,48.1514796141857
Sjpsekhp,Mxxqztyy,12872,49,Female,2,77.2847913380317
Sjqidnh,Pcweameth,5620,37,Unspecified,3,31.4736876035211
Sjrpwf,Ycqhwbrv,15752,21,Other,5,55.5354389844965
Sjtckrbv,Hnfruy,10585,22,Male,3,54.7642389133489
Sjvfuxs,Bqghwdps,11658,38,Female,2,56.5510007528792
Sjxwry,Yfrfhx,10944,84,Female,4,43.1261423776303
Sjznmicww,Gowmspl,17139,44,Female,3,73.4421460429361
Skcll,Lemycx,10408,72,Female,3,59.6767518229723
Skdpdgai,Skhertb,15545,78,Female,3,59.5312129729412
Skgehpndg,Uvtx,19497,71,Male,4,74.9171610460109
Skhcbhwoh,Plmgbyc,7822,24,Male,5,52.0116185717101
Sklps,Zowwn,1131,72,Female,3,57.2784489690964
Sknmagci,Mwetw,13492,24,Unspecified,4,45.8544875580517
Sknyqucrk,Uvhyqcp,7711,25,Male,2,66.9077787742234
Skpgyepad,Vjjvmzhcu,2291,36,Male,3,60.7133537460946
Skpjf,Nrgtea,15696,34,Male,4,73.2325369292279
Skqumid,Zoyll,14113,61,Male,1,76.6359463100108
Skqxr,Lgfdvku,16097,36,Female,5,55.7011215328127
Skqyw,Pdtolw,8355,96,Female,1,61.7652190212763
Skuqnpf,Ewnfubs,3793,56,Female,1,57.7220516209132
Skvfai,Kkzclazgf,2119,31,Male,5,68.8740527705945
Skvxz,Eaklkuix,3676,75,Male,3,59.2740554397239
Skxzcn,Dqvddumkk,5377,67,Female,4,59.6138217849635
Skyhkl,Lngutekr,2733,94,Male,3,58.9066685803342
Skzcxc,Onuwz,11652,79,Other,4,60.1474402956265
Slakpql,Prheuklx,9658,89,Female,2,88.5822528800353
Slas,Ywzbxwk,1549,89,Female,1,37.4960108059835
Sldoui,Gqjnloqf,5247,68,Male,3,59.3019306594748
Slffaim,Pumbdn,17432,53,Male,4,64.0629396056963
Slfsfdq,Avbziypb,14058,49,Female,5,69.0281766506084
Slixyw,Ecjpay,10198,91,Other,4,67.4436761795028
Slltrfr,Ylhvxi,10380,98,Female,3,64.8870387083054
Slnjk,Ytwbhmiwl,10272,59,Other,2,56.9673271332712
Slqbeusj,Adwoyou,14174,30,Male,1,70.4566470360892
Slvzcl,Nylcid,19945,86,Female,4,43.4478985857837
Slwbtcdlu,Nuxskh,14812,60,Male,1,69.3808307408981
Slwiw,Pwychb,4788,68,Female,1,46.8996989650341
Slwouf,Yejwyucb,13365,30,Female,1,77.6845013853663
Slwyfl,Mcpuxsp,5609,23,Female,5,58.6716287832829
Slxczc,Uyigk,5815,68,Female,5,57.265147023577
Slytcks,Khnqgnl,9686,36,Female,3,55.2865311469156
Slytzscrt,Rztsyv,12327,58,Female,2,66.7895734880883
Slzma,Akubo,2654,48,Male,4,51.0488647814266
Smavuqsd,Gycsw,15746,76,Male,1,66.8102203849414
Smay,Jzqsep,14252,92,Other,3,56.866216124299
Smbkdqg,Yagv,3774,26,Unspecified,3,66.5507646721864
Smij,Vcsubn,10915,67,Male,2,37.4758163929031
Smmprzbj,Zawjtqzd,16027,61,Male,4,67.6969726874432
Smniryjl,Doqbkk,10973,91,Male,1,67.9331097859922
Smnivho,Mvoyih,7879,32,Other,5,58.0484281985918
Smnrokpbw,Ampgfb,1115,44,Male,3,59.228500932669
Smtdep,Biihxjq,14423,39,Female,5,46.3153139629582
Smxinblbs,Fpnckknq,16903,54,Male,2,71.6092822758985
Smyt,Srbo,15843,77,Male,2,68.5477152743487
Snbez,Pwtr,10619,75,Male,3,59.3395740838148
Sncpoeaxh,Fhwvsjrxr,17879,83,Male,1,69.4040018114099
Snctnum,Havjw,3873,87,Female,2,78.594422233899
Sndrj,Qcjazyrii,3153,77,Female,3,72.3382423166934
Sndzlb,Wudslzh,5379,64,Other,4,41.5098014367549
Sngfmwbeo,Oyavd,12697,93,Female,4,66.5897219426742
Snlav,Tirzjklie,6119,64,Female,1,76.0263031429934
Snmgn,Nmspcon,7965,98,Other,4,69.1134927226793
Snqmmlot,Eixbua,5725,63,Male,3,55.2078385306142
Snqxp,Lsshmnd,8620,47,Female,5,56.8917380861768
Snskm,Wztogn,1426,80,Female,5,63.787512170021
Sntatqfyp,Xmvfrrte,5830,65,Other,4,45.1456704661853
Sntdbh,Xkgcrga,17600,90,Female,5,50.08552520464
Sntrbsm,Eitetpy,16299,23,Female,1,59.8912190711323
Snwo,Ayqu,16987,72,Male,5,55.8871009908408
Snyogui,Dbbhqqr,13138,78,Male,4,61.4140455474531
Snzhgyuqb,Gqudj,8110,64,Female,2,73.3990273503553
Soay,Vsbl,9027,31,Female,1,60.1821110527472
Socikzgv,Gakfhh,9318,45,Female,2,52.1992410633368
Sodc,Dfkii,9136,68,Male,4,51.2212755499382
Soesbh,Tvgg,3925,31,Female,3,70.8563569310041
Sofkdbg,Cmdvy,8677,46,Unspecified,1,55.9932268054263
Sogbwdgwq,Kngqmnc,12778,41,Female,3,68.5891424744414
Soge,Kmmjoaa,17899,81,Male,5,75.0418330761899
Sohct,Mzez,11421,64,Female,2,51.8683311617681
Sohgcjdii,Yknxxvzo,12366,23,Male,4,41.8076244517343
Sohueiq,Swce,8240,83,Male,4,62.899937750184
Sokvuiftu,Yzounjovp,16982,80,Female,2,85.6517820096489
Solqx,Bwydjay,12135,58,Male,5,64.2836922593908
Sonff,Yoywtoyw,4342,65,Unspecified,2,60.4488116522167
Sonl,Qvqq,13408,42,Male,2,76.9684120831811
Sopknwyrm,Pblbcrh,13607,56,Unspecified,2,71.5102987705169
Sosbmajq,Sbdejlut,18714,57,Female,5,49.8051999244019
Souu,Woqtorg,7377,74,Male,2,88.3018638927974
Sowhp,Mddkxn,12589,98,Female,2,82.5016986562348
Soyr,Zdqcrc,7433,46,Male,1,57.9015606561764
Sozmofm,Gzdsjt,11458,88,Other,3,52.3346586491035
Sozxdg,Rlhrnf,7170,39,Male,1,76.3348112485948
Spagkuik,Brcelqchz,1216,24,Female,3,70.0924086905028
Spaptmvv,Mktyd,9146,41,Male,5,49.1923987609718
Spcd,Relkezdr,7470,32,Male,1,66.9168771430997
Spcp,Jgmve,9132,46,Male,5,79.5834822424864
Spdfkdbcr,Lamrzbeq,15650,47,Female,3,49.2952977815477
Spdsmkt,Xhpibociw,13509,94,Male,4,37.6565010426655
Spfmku,Pabdyec,10811,60,Male,2,54.479031925748
Spfxbheo,Lcttm,5100,51,Male,2,75.0295485798409
Sphehrql,Mwbjxc,15906,35,Female,5,52.238802823596
Sphky,Dxkdwhm,18819,55,Male,5,92.5474813696623
Spke,Owxn,12912,90,Other,4,48.6598697389826
Spkgko,Hqtyg,17234,18,Male,2,61.7607387997638
Splve,Rdms,4043,88,Male,1,61.2351725404572
Spmgsq,Fjxivaq,10627,31,Male,1,43.6841741941528
Sprlyrusi,Xjovshfi,9459,26,Male,2,34.2986608060148
Sprpf,Kfdztz,9700,41,Male,3,56.4874140208569
Sptvwowfr,Hzoly,8354,84,Male,5,41.6796205553364
Spubcwfgb,Gbibupv,7472,48,Female,3,49.6071461202174
Spuyp,Jkeipfuun,4591,93,Female,3,42.6750991116333
Spyg,Zmmvt,3032,49,Male,3,73.4971315234602
Sqbeexbs,Gcnsl,7235,21,Female,3,58.9621762662487
Sqdfsau,Ayvqmio,15264,41,Male,4,65.7607717663116
Sqeilgn,Vpaauwi,13639,80,Female,1,67.8173332420328
Sqguoucio,Qxdpcfedz,16824,27,Male,3,67.3604500233121
Sqjcmjcv,Wnhk,10385,84,Female,3,45.2635153449059
Sqjebpglg,Pjza,19237,97,Male,3,63.7989528165128
Sqjv,Fedbwk,11534,49,Male,1,52.6384537098834
Sqlekkp,Lakcbgorj,12943,58,Male,3,49.7092258046649
Sqliv,Kera,10343,72,Other,1,56.7046470088425
Sqnigfdim,Quie,3174,31,Female,4,64.2597001527019
Sqso,Leudaqct,7130,64,Female,3,60.9450379731988
Sqvq,Oexhh,5468,44,Male,4,32.3488238286688
Srfzpnu,Zxattkhk,3058,46,Male,2,70.489019971136
Srlyqxczz,Zoubkqz,1921,29,Male,5,65.3703612241126
Srmzwma,Kswz,13498,28,Male,4,67.8282156873262
Srqlunvo,Ibbi,8878,42,Female,5,91.7218323305426
Srqzxxqsf,Vsuhx,19446,50,Female,5,44.2239945841138
Srwbnfcxa,Ooxa,7424,77,Male,5,63.3843262938826
Srxmjn,Piqeh,16129,26,Female,3,66.7816575338146
Sscjlbj,Nfklr,10835,77,Male,5,54.0579807193418
Sscrnvfkd,Pldnsn,10793,30,Female,2,43.4889617221676
Ssdf,Hdxqtm,13835,79,Male,2,32.6921323439999
Ssewcq,Rxqdldp,11459,95,Female,4,47.7967576811052
Ssft,Hhacdmcf,15162,62,Male,1,82.4983147643488
Ssftrbp,Pvxd,17942,74,Female,4,67.862427611168
Ssgtdiw,Wvll,18760,51,Female,4,48.8171692735436
Sshx,Fseyz,9165,89,Male,1,59.1750955121211
Ssjryapvw,Ktnkf,1158,56,Male,5,42.2474306983142
Ssmcu,Vxsdsdr,10521,43,Male,3,51.157718333005
Ssmnwauc,Urwtgfl,19961,90,Unspecified,1,58.7399572856129
Ssohc,Lqclrkzk,15040,53,Other,2,71.5141383902974
Ssojmbaz,Btpjoevt,6989,89,Female,1,38.0998831492459
Sspkuv,Sgkcrgl,2097,29,Female,5,53.5475182389519
Sspvspwx,Jfao,18762,76,Female,3,77.8608879082656
Ssryhd,Eusyjsxt,19247,29,Male,5,53.7115363250452
Sstcmjtif,Jjanfat,8168,81,Female,5,74.2961694919727
Ssxbvfpzv,Zrkz,8579,42,Female,5,58.7094795433891
Ssxrh,Sbprquug,7518,37,Other,2,81.0092285507494
Ssyazxizu,Vqinvyx,3800,90,Female,2,61.6999158208301
Steaapzp,Xesmvdqer,11449,96,Female,5,42.577841118858
Stebrrjea,Ydquxv,6197,83,Male,1,57.7552052648784
Stgvxnl,Yqxsh,19612,23,Unspecified,3,56.7566644710836
Stjsepbx,Cmqoxjzy,12898,65,Female,3,48.8040785322222
Stlxkpsd,Afvf,1554,36,Male,5,76.9625290926506
Stpher,Ylnfv,15312,86,Female,2,56.4667698880302
Stprcmabl,Hwvu,8985,63,Female,3,97.6756274113312
Stpubowi,Nxnxhi,8000,75,Female,4,52.6231884471606
Stvncsg,Svxw,7777,79,Male,4,58.3166151134005
Stwgem,Xslzku,17012,32,Female,4,74.1678172053269
Stwyv,Scjnjlbl,14376,68,Male,3,56.0241622956956
Stxsk,Bhpwml,17229,86,Other,4,59.5729904222336
Stxu,Jxuek,13737,87,Other,2,37.0541560564308
Subqp,Yokw,3434,75,Male,2,41.1504336358388
Suchyei,Zqgauzsfs,2520,36,Male,2,61.1465991942027
Suhmngaz,Kxug,14969,57,Male,1,64.0096809868419
Sukgutms,Wmzvyilm,8078,38,Male,4,65.7834263472617
Suksbkkk,Bkgwdp,15045,40,Unspecified,2,32.6886855089657
Suktx,Degczqfm,3141,48,Female,4,52.6231614298246
Sulfeeagt,Pjsu,14112,54,Female,2,40.6250827837375
Sumbkhx,Lwgjzwwd,18284,46,Unspecified,2,43.1905695877621
Sundm,Bduveqbp,12885,61,Female,5,61.4080885197648
Sutselnli,Elmk,1313,85,Male,3,55.2327413006608
Suuwivf,Veutuay,3715,23,Unspecified,2,48.0931592190103
Suyr,Ecat,15454,79,Female,2,74.7221447902068
Suzbr,Wjmvy,9682,52,Female,4,68.6283010904651
Svctv,Agxkuomjl,11487,96,Male,3,50.9066007427233
Svgvjlq,Mzfnvuu,2732,85,Female,5,51.3559927363873
Svhqn,Snsgg,8145,78,Male,4,45.790399754045
Svkjmn,Hllmwdkh,10597,83,Male,4,61.6802228043613
Svmcz,Ylbgxzcaj,2944,42,Female,3,66.8424237420382
Svobxy,Qwiq,8015,84,Female,1,54.4303947821323
Svrallrli,Einw,11040,21,Female,4,60.7423924399197
Svwpxwoh,Hrkmran,15469,62,Unspecified,4,60.9886445601207
Svxnqvesr,Uumc,8852,71,Male,4,69.4210820932344
Svzy,Qjmqmnppb,17323,45,Female,2,76.6766115242993
Swavu,Kzqkw,12748,62,Male,1,70.5757633503655
Swczita,Lpwziytci,6046,90,Other,1,47.4154488167991
Swdmaaf,Leuu,11222,82,Male,1,42.7119844460571
Swekk,Llgeoggvo,19178,80,Female,3,62.6663015349742
Swgswgbhw,Abkqweh,7012,60,Male,4,49.9276849562105
Swgyix,Qniepo,10530,21,Female,1,77.8351684474544
Swkkz,Nfswgcj,4728,48,Male,5,53.2378160502048
Swmakjw,Zhzk,8629,57,Male,1,62.1144335423817
Swoqlt,Vfypwn,15955,52,Male,3,65.5994167820526
Swqf,Zyvjy,3266,55,Other,2,80.2261269458808
Swqolflb,Uauopli,6478,64,Female,1,45.5293238007362
Swvh,Vfzwqreon,3413,63,Male,4,55.9600288900979
Swynafifq,Jpzpsdcop,3721,33,Male,1,77.7429249738375
Sxdaulfg,Kaee,2487,89,Female,2,58.5982574962798
Sxfkdvsua,Ehvrq,19269,62,Other,2,71.8410474067338
Sxfolmgdn,Fezjp,10738,78,Female,2,51.632476650252
Sxgimtw,Hflda,4234,63,Male,3,55.4154657036179
Sxipbp,Ayfqz,16723,19,Male,2,58.6926494285588
Sxjlucjw,Vgqnh,16445,29,Female,1,56.5705305684471
Sxmfb,Crpbqwo,6691,27,Female,1,48.3367762220891
Sxns,Stmlfsgr,19294,97,Female,4,60.5231900973472
Sxrgrlc,Brbecpwlh,3590,85,Male,2,57.6021420193587
Sxsgvqs,Abicphqvl,6554,37,Female,5,70.8580035177752
Sxvjd,Hvkirxj,3010,47,Male,1,57.4148368886576
Sybdr,Lyfofvqbk,11881,35,Male,5,72.6867923292129
Sydeino,Rgmae,5849,32,Male,5,50.2830048378391
Syehapb,Mlphs,15320,86,Male,4,73.2878610630343
Syfgx,Uwkkmdaz,5017,88,Female,5,77.5195732362248
Sygu,Dcenmexwd,18829,40,Female,4,79.0939931094372
Syihuc,Qrbeexruk,8749,50,Female,4,58.3546175890746
Syktnslme,Lhzhifo,15113,40,Male,5,73.4343537221581
Sylrs,Hgjb,19919,55,Female,3,52.842888146302
Synljnqm,Zaqshk,8257,25,Other,1,54.6184860138548
Sypmoc,Wupn,8070,55,Female,1,34.1153377110018
Sypoh,Gidb,2555,74,Female,3,62.5771745569336
Syqftvre,Romgpjzc,12684,70,Female,5,49.4767550501079
Sysrfxfu,Nnxkierxt,5329,59,Female,2,53.6703008213567
Syuqpof,Rjscok,14339,45,Unspecified,4,68.6392357693943
Syuxz,Nackj,5896,85,Male,3,46.4932056985296
Sywmicgmn,Uulywjduk,8117,84,Female,4,59.7482283850787
Syzbc,Ykkpuvgyf,6222,71,Other,1,62.5404535894137
Szbggt,Ubqlme,9205,72,Female,1,61.0371562915048
Szcp,Qdmtuzwdj,18492,63,Male,5,60.6942840489812
Szdmppdl,Tjfemcncw,6696,68,Other,4,59.2599206419258
Szhvczb,Wyfv,13958,47,Male,5,81.12637532241
Szifwwiy,Dwhoekuyc,18120,55,Female,2,66.0807848928354
Sziowc,Phro,18401,30,Male,4,44.3572360883314
Szjl,Fujuex,16091,41,Female,4,48.4384192114678
Szkqrirrf,Zhcp,7074,29,Male,3,48.3390287249443
Szmvgjf,Qrkaics,5764,93,Other,4,77.8624280553732
Szql,Ysek,17906,48,Male,4,43.7501734157504
Szvajwzh,Cbgelewb,19409,64,Female,1,31.9943886800296
Szwzfqpm,Ndgc,10589,68,Male,3,73.6748094082763
Taakjv,Rjat,6983,58,Male,3,76.6410837662279
Taaplhlo,Bpntmpn,6099,36,Female,4,65.4423511794529
Taevyq,Olblj,19405,89,Male,3,33.2200889707889
Tafssbwa,Ydmwnjwj,8169,91,Female,5,70.4138430195053
Tajbpvd,Eryzskp,13985,23,Other,4,50.8624674798121
Tajq,Jkctr,9403,68,Male,1,68.9306229406229
Taklxes,Rhctpwkt,3838,53,Other,4,56.3458311000744
Tamjaxceq,Lylxz,13110,72,Female,1,59.5959076237467
Taoesrzi,Fczjdspe,13183,58,Other,5,61.1374564482816
Taozyr,Xwamzkwa,16611,65,Male,1,64.0942356154062
Taqnug,Ezgcbeug,1627,86,Male,3,56.5114001283288
Taqwusple,Qqswo,15951,59,Female,4,60.7779071627583
Tayamkoxh,Gnrtq,2584,76,Female,1,46.8145948387715
Tazmtsm,Luvnuc,4501,95,Female,4,70.5792482073811
Tbceyfl,Qhao,2244,19,Female,3,53.5531989981368
Tbcmkc,Xuekdu,6930,71,Female,1,37.2735426008369
Tbfhwgqw,Buatdp,1298,52,Male,4,82.1394150084582
Tbfwywfp,Phhnzxn,11409,38,Female,2,67.869913305699
Tbikkfq,Coejzcim,14702,37,Unspecified,4,49.8358953047487
Tbkyzvhud,Igscki,11368,78,Male,5,55.4946638523244
Tbmd,Cbdyptpi,12967,31,Female,1,54.7893720911221
Tbqpa,Zzyawuts,13068,92,Female,3,74.7622016356963
Tbsk,Geemcty,1630,28,Male,1,44.1725946229017
Tbtedjj,Byjlvsvn,14300,50,Female,4,73.3426025860925
Tbyhmthy,Bpceauy,10797,48,Male,4,63.0111414638174
Tbzia,Fyyksuepb,2859,62,Female,4,36.0251964052261
Tbznwk,Dcgpvkilj,11020,40,Male,4,52.0699330269205
Tbztvu,Xsedhvcs,16796,47,Female,5,70.0488060864622
Tcgp,Amzptnfnx,6889,43,Other,2,63.4726807725554
Tchdnshob,Dgnbt,3154,71,Other,4,54.7942620956567
Tchhqu,Ucphech,10223,85,Female,2,56.596709512583
Tchjfvxk,Ykclrrab,9230,93,Male,4,85.6334447124715
Tchjrmk,Gsbwjjtf,4810,38,Female,4,85.2800174554148
Tcmjjrko,Gtqixoh,8160,59,Female,5,67.3069697808348
Tcnlytm,Fvzaa,15372,47,Male,5,73.8325510705858
Tcoxe,Clilrb,16908,34,Male,4,73.6308287867243
Tcpqpzy,Qutzbchmz,5118,20,Unspecified,5,67.2688844553853
Tcqjfir,Yuct,3848,58,Male,4,72.5351162911708
Tcsohbknk,Wihtk,13808,67,Female,5,42.959669800462
Tcuqe,Trptpiiyj,2761,84,Female,2,89.9293761227804
Tcuzjfd,Bxmtnb,19896,35,Male,2,69.2973526350949
Tcwl,Bbmyfotd,11414,45,Female,5,60.5976883625811
Tcxato,Rjggjoooe,7118,58,Male,5,43.9885151760232
Tcxyglss,Fmhzzks,1053,66,Female,2,52.988293831966
Tczg,Ygpozudsd,6804,71,Other,5,62.9830426159815
Tdbnh,Adrzmdec,6945,56,Female,5,62.6422905855517
Tdbpd,Kxrjj,14842,76,Male,5,45.6779192888445
Tdhkgcxa,Ehotmlgyh,12720,49,Female,3,80.5690005130288
Tdknxeuqa,Gllovxk,4073,55,Female,2,52.1443832541213
Tdlgtsy,Gggs,5836,68,Male,1,68.467153925252
Tdmbyak,Eaxrp,6781,29,Male,1,62.6347542742527
Tdra,Minsubnb,17864,24,Male,2,73.6798477961966
Tdrmpgg,Rnlwvd,16554,31,Other,2,69.690335203505
Tdsz,Yxrvw,5715,43,Male,4,65.0820817617466
Tdthpdsyx,Qbpy,14401,87,Female,2,39.8306271528263
Tduhknz,Thkmipf,19221,86,Male,5,77.4724064683246
Tdwnaags,Khiw,16424,70,Female,4,49.5918753615158
Tdxe,Jerqa,1130,66,Female,1,54.2447232416383
Tdxy,Kttrt,10723,74,Male,1,67.2649834128811
Tdyhzeopl,Lpww,8158,75,Male,1,97.4640651574047
Tdzae,Wtxkvdz,6525,86,Male,1,68.0844116418588
Tdzhvbrw,Xzrsv,5799,89,Unspecified,3,59.4583348182699
Teeu,Psyiygd,15300,82,Unspecified,1,62.7785859023817
Tehtc,Rduxamc,10463,52,Male,5,46.513999179635
Teic,Rzrd,2595,34,Female,5,81.8374246153816
Tejk,Jygg,18984,62,Male,3,79.1162124889424
Telaqo,Ywwtidxf,7163,98,Male,5,50.6935107128808
Teolfvf,Zqaiva,13054,93,Female,5,63.4551897687515
Tesh,Bijjnfg,15719,95,Female,3,50.511719474276
Tesutrgq,Dwcbilro,2870,74,Female,2,57.0308492396812
Tetmkmipi,Urmnu,3197,88,Male,1,51.060170089557
Teywogeni,Zunrxe,8370,39,Female,3,49.7796342778543
Tfakms,Rdfc,16307,91,Female,1,62.2870113432351
Tfbo,Vshvkuee,6951,75,Female,1,50.0765916705815
Tfchn,Vuctqni,12828,58,Other,4,55.0789274818955
Tfiirnkn,Wprtnqav,6712,27,Male,1,67.8398027426173
Tfjepxmm,Jqcblg,6948,68,Other,4,57.3051411250265
Tfjyc,Qjatl,5112,62,Female,3,49.9075911744048
Tfowkfbv,Xdca,1609,23,Male,5,76.7447675672746
Tfsiwf,Lxinkhsb,16382,43,Male,5,54.4931037018011
Tfsoevu,Twrlgb,5154,72,Female,2,64.7933419572955
Tftho,Obgfdqqz,17790,79,Unspecified,4,48.4377362460346
Tftlwwzif,Kdyvliqiu,9588,30,Female,4,73.6072103042708
Tfunzqr,Mqitbbojx,14810,24,Male,1,42.5554264733482
Tfxxaa,Xunpbd,19836,83,Female,3,79.3514368011827
Tgbm,Zpqayj,2080,55,Male,4,51.2133901465931
Tgcgffnj,Bfizoerf,18098,48,Female,5,53.8091408455707
Tgevrte,Ftswbn,15607,94,Male,4,26.1039718554925
Tgfecxiiq,Clmqsaeqi,17657,79,Female,5,54.0132676349659
Tggafwtrf,Jnehwp,16963,85,Other,1,72.762559341188
Tgge,Qznhelaj,9002,46,Female,3,61.0237500806374
Tggoxya,Alpcgdh,5459,82,Male,2,58.7941820992869
Tgkdxc,Xmdpau,9421,80,Male,3,51.035506680051
Tgnobgn,Xadjcmu,11939,89,Male,4,42.5678899492362
Tgoqpi,Ykji,5267,98,Female,5,61.9084242258366
Tgot,Eyekmb,11810,96,Female,1,40.5345965584127
Tgszsrylw,Dxuzf,13693,47,Male,5,40.889651552645
Tgszu,Dieubomn,4228,67,Female,2,75.0261657408849
Tgzzyf,Ufremfzbr,1649,72,Female,3,40.955697073209
Thgod,Uzzh,8706,55,Male,1,56.6865474218164
Thhfl,Cmdmpkz,17116,59,Male,4,58.7406787860149
Thhhlgdro,Phjim,12424,89,Female,5,61.180267447691
Thhi,Ituugdrz,7538,63,Female,5,55.0882013478408
Thimeofwx,Tzxg,15409,55,Female,4,66.0049710925123
Thioa,Iwsopiej,6741,76,Male,3,50.0450924337704
Thjebf,Rlsm,4588,91,Male,5,65.5011834375585
Thjf,Girauohe,11730,67,Female,3,71.3659573528291
Thkyvdnfa,Deyoi,19827,91,Female,3,37.0753486340158
Thliavj,Xbazlrc,9594,23,Female,3,48.050472390865
Thmiwb,Rvpzmvsie,16423,29,Female,5,51.0729527791706
Thpi,Hxrmulis,12917,71,Female,3,49.0851660789595
Thpp,Seds,5960,31,Male,1,55.2037135219779
Thzlmcdif,Wbcioz,2851,43,Female,2,63.7519022570911
Thzr,Vnpk,19748,68,Female,4,66.5209194270398
Tielshg,Ptiaseuwy,16885,76,Female,3,47.3454918050913
Tiers,Cidmnmg,11547,89,Female,3,55.3992834619473
Tifbane,Sisgwcj,19724,94,Female,5,67.0178456631046
Tiidu,Wjecnx,6242,20,Unspecified,4,69.08858340659
Tijru,Bdgbwmkp,15344,98,Male,3,52.6656646023235
Tipour,Cdlskannx,16289,26,Other,2,52.7857600941838
Tiqfrcd,Xolc,12991,68,Female,3,82.6140008869472
Tisfnv,Yzprzqxz,10967,20,Female,4,67.7321475095413
Titby,Pxso,18008,37,Female,4,74.3569666770227
Tixamf,Bvvo,11717,55,Male,5,60.2113131912229
Tiyoxat,Jrkb,8264,88,Male,4,46.8036116109382
Tjbhqdbwb,Fvzke,19723,53,Male,3,51.9178340121896
Tjck,Rgqipho,10976,30,Male,4,72.9862167894396
Tjcqx,Ilkycgqib,14067,81,Female,5,61.0142199749298
Tjgevlqo,Mfuv,11313,24,Female,1,33.9303014401839
Tjgflfp,Jsqgkr,4022,70,Male,4,62.0364243827033
Tjgnry,Ipiuc,2899,38,Female,5,66.7613233184844
Tjlvfdpkg,Xbahos,3166,34,Unspecified,5,61.3469696050948
Tjoxdep,Rxjsdmbh,19508,49,Male,1,46.332673184309
Tjwe,Danflwqrh,3584,86,Unspecified,1,59.5412654545956
Tjyw,Nufgua,9506,24,Female,3,54.6393507221873
Tkcnhabe,Xryuzsvwp,2539,37,Male,1,63.47173005892
Tkffe,Johcee,5326,25,Female,2,72.135526657458
Tkiufnsd,Bmfy,16111,27,Female,2,66.9138744300479
Tkjsgvglb,Ilmww,2283,82,Male,4,50.143912445734
Tkkgbqj,Llmokslln,13631,26,Female,2,58.7084472222663
Tklrx,Nsyutq,13570,83,Female,1,67.1100661437142
Tkmoh,Oybzor,6015,86,Other,4,75.9775283012489
Tknej,Myaxh,17901,55,Male,1,85.115219857456
Tksvowzb,Awyhbk,7829,26,Other,3,77.0497562265917
Tktouqbto,Igahjx,14055,33,Female,5,66.2742401435333
Tktwzlcpa,Pwtocxxz,10874,66,Other,3,56.8507724295885
Tkwodmz,Aqvrtzjg,2989,30,Other,5,51.1944540637642
Tkxqbj,Xpnmpvx,8366,83,Male,5,42.3045882934467
Tlbzbb,Fwsxg,9232,64,Male,5,53.6839315364573
Tldbhcw,Weojzm,5436,96,Female,3,69.4732329498733
Tlehclkw,Enweyavyi,12076,45,Other,1,38.0101593573143
Tlglofyiv,Rfechwvb,9871,40,Female,2,76.7110136537332
Tlgxp,Ieofizjj,6767,84,Male,4,62.4694270249146
Tlhjo,Gsdgztiri,16008,25,Female,3,56.4822143346528
Tlixv,Fiktytb,4639,58,Female,5,71.1897026939227
Tllgk,Pjmvanf,17987,35,Female,2,74.9636113897453
Tlmxw,Lltwefp,2987,41,Male,3,72.4365319857331
Tlqk,Gxxodiu,15290,63,Female,3,51.5897176375442
Tlqxhegwl,Fjgrnc,9557,37,Female,2,67.4659956805425
Tlqysfoe,Bazhhunl,10496,61,Male,4,60.568127648218
Tltuffvq,Xoafvcy,9776,22,Female,3,49.5922530220546
Tlytv,Mmoc,19041,90,Male,2,76.5567713703993
Tlzuhjk,Cdia,13973,67,Unspecified,2,76.2607730604697
Tmagkk,Ihwp,7249,60,Male,3,59.0744159669807
Tmbsmstz,Ylke,9625,25,Female,1,51.1061363305097
Tmhf,Dnthrs,14317,87,Female,4,60.5815918641119
Tmide,Ojvy,19122,59,Female,3,58.291193977587
Tmiy,Tfzswjs,19552,79,Male,5,64.4284343903679
Tmkehig,Fuoyuiwl,8282,57,Unspecified,2,51.2777274291419
Tmltizjz,Phrgb,15204,59,Female,5,54.8964892720152
Tmmbsf,Nlxcxenck,11724,30,Male,3,55.2700375155124
Tmrab,Zhvjhwanz,18836,63,Female,1,50.3455032360438
Tmvmk,Hxlaiewo,14245,75,Female,5,78.6761248611243
Tmvzx,Homrx,2709,43,Male,3,67.0347692247647
Tmwbczpnl,Vmomxee,2757,57,Female,2,66.3953031885026
Tmyfht,Tnmqah,15468,47,Male,4,48.7460465841429
Tnbzn,Mcxqpf,2041,86,Female,5,68.3852102917333
Tneku,Yjyqdgne,4940,50,Unspecified,4,55.8397162802746
Tnfij,Vsvwgvswz,16772,19,Unspecified,3,72.3221071165894
Tnflxh,Frpiwcjz,12442,31,Other,3,34.902508399814
Tngtqqc,Ftcxzwhi,18929,24,Female,3,75.0728432796843
Tnhcdzg,Ijixuuxh,13070,35,Male,3,62.1006552837118
Tnhofto,Pjdruhuma,19803,69,Other,1,45.6300105969068
Tnhs,Iqgtmep,2665,88,Other,1,77.8776352003159
Tnhyfh,Ngol,5336,21,Female,5,61.6628376197587
Tnjg,Rugok,1243,87,Female,1,62.4829252532884
Tnkwlz,Fdaepwv,4295,36,Female,1,46.4909027014346
Tnlclpcn,Wvrdklne,7512,39,Unspecified,3,77.9257605451913
Tnltgb,Xlbjty,3475,97,Female,2,68.8522665109022
Tnoxqugc,Gojo,16646,72,Female,2,52.6336460180597
Tnqflok,Liyuffnjm,8892,90,Male,2,69.8875130319183
Tnrflnjrf,Nlofq,9215,26,Female,1,54.6529418425341
Tnsbpfkvq,Ezdhiy,6502,97,Female,3,45.7217323243272
Tnsnuvasa,Jrzttouv,9191,81,Male,5,70.2914360044429
Tntsajbe,Dbhdbq,18638,94,Female,5,62.0221496228955
Tnundwf,Aviwenj,3944,72,Male,5,72.0872985009721
Tnvuikkh,Iqkc,15092,20,Female,3,55.4281967430898
Tnxh,Rwwrj,7994,22,Male,3,68.5139930123475
Tnxojjpp,Wzqraupwq,14230,22,Female,4,54.6291473861304
Tnywg,Yckd,13487,40,Female,2,64.7952619498953
Toau,Ojiraqat,19617,60,Female,5,41.2720121851923
Tobr,Rlsd,8164,49,Male,4,44.4771048058052
Toeez,Mqbivvuid,12030,47,Female,3,55.9256799740055
Togigvz,Quec,15238,51,Unspecified,2,68.3122711663359
Tokimjt,Wpxmyui,17357,79,Female,1,58.3675793830425
Tolqyo,Fitrycx,3658,68,Other,1,55.66245245768
Tonna,Xxhc,19357,46,Male,4,69.4855234980017
Toolohfsu,Whimlnxm,3816,68,Female,5,64.8156426842682
Toqhly,Sjizs,1983,49,Male,1,72.9545808649407
Touvddhjj,Sqftub,3040,62,Female,4,27.9682774006007
Tovvm,Ajbyctsv,6750,72,Female,2,53.2106199648166
Towiycr,Ehgy,17665,66,Male,2,44.1669432517039
Tpag,Yvdqsg,15753,73,Male,1,86.4481856567719
Tpftvbo,Tvhrgeeyo,17717,71,Female,3,76.2524571795525
Tpgajmfy,Mwjzat,9197,94,Male,4,76.8708282422107
Tpgdilyn,Qsmmjyp,1959,87,Male,3,53.9584334517056
Tpmqpaa,Jgkoay,10230,87,Female,3,79.1698358959227
Tpnr,Ndmk,11217,53,Male,5,68.0123643745848
Tppznum,Qvgvx,4719,25,Female,3,44.5028142009007
Tprilk,Qnesblw,6632,18,Female,2,59.9298261751362
Tpsecxey,Twgpby,19794,35,Female,5,51.2244024617081
Tpsutln,Ylrvcoi,9042,65,Male,3,68.1938505281653
Tptos,Ldilr,11680,67,Unspecified,3,64.8629384723012
Tptzlw,Gcifkhtes,16138,21,Female,1,69.1099348162909
Tpuesw,Fjgbxbpf,7139,52,Male,4,91.5756746848207
Tpwqb,Icdlxmmy,8488,85,Female,2,61.2914717483131
Tqabqt,Nxavras,7491,91,Female,1,69.0983508432638
Tqbyvfyd,Pmncabcl,6568,80,Female,4,57.8679727338445
Tqgwlkrg,Plxdfyk,9307,96,Male,5,43.0923682721398
Tqhtiao,Uzfwn,15399,69,Female,1,51.4569292422644
Tqix,Yyrti,8527,44,Other,1,79.7255749275558
Tqnvmqw,Mumdznefz,14757,57,Male,5,49.3110450361744
Tqobb,Oiqhrjp,19145,90,Male,4,51.7976071524836
Tqoq,Rpmfuos,15370,69,Female,3,40.8058549805666
Tqsbws,Ipohf,3474,39,Unspecified,3,56.197444606201
Tqxgoa,Ckbucqc,7872,49,Female,2,35.0060036815904
Tqxm,Pgtxkqvp,16788,98,Unspecified,4,65.7531394988892
Trcq,Qyackhu,13986,79,Male,1,45.1822584351742
Trdgd,Cpncnbgn,14611,91,Female,5,50.1944429166572
Trdxzfcao,Mdao,2431,90,Female,2,54.9337256022389
Trezwww,Waxopzag,6007,63,Female,2,69.0774758392172
Trgpthqm,Muyfwvti,5193,30,Female,3,63.2928555526158
Trieybq,Naapa,14106,38,Male,2,57.6127588935382
Triq,Wupm,6377,48,Male,4,46.1640899643063
Trjsyxso,Sdewdmkxu,15790,81,Female,3,76.8555273784495
Trokrxg,Qxyjgetvv,16061,97,Other,2,65.4043110691234
Troueiqp,Frtdgfnis,10770,60,Female,2,69.2534857371426
Trpgc,Vtnsxi,4740,69,Male,3,60.0702119351915
Trssmvo,Ocwnatnl,9918,46,Other,1,47.9978900100724
Trsui,Afcgxjzy,16706,85,Female,3,66.880462975352
Trtc,Qyteb,11015,78,Male,5,66.2156542471978
Trugbc,Laoc,2552,19,Other,2,44.8146747975486
Trutlbemd,Dzcgkogu,18077,19,Female,2,51.6753476248126
Trvspex,Wnoqp,3458,55,Male,4,51.9651216946626
Trvvml,Qorqwff,8092,36,Female,4,82.9919434852149
Trwldpnc,Legmibos,17920,88,Female,2,56.8532988026245
Trxyv,Zgogtfke,11086,78,Male,3,28.5713472159137
Tsaxew,Wemoqoaci,16408,75,Female,5,68.2402221701961
Tsbwh,Vfcdu,9444,39,Other,1,48.5983372050715
Tsdika,Eqtx,6466,70,Male,1,79.2004355410768
Tskjfnwta,Lkklem,11784,86,Male,1,49.1325952357845
Tsmwgy,Oectqwsp,1466,89,Male,3,65.4886555565935
Tsmxo,Kmeziwqu,4240,21,Female,4,65.2030689362845
Tsmxpo,Cwdmf,11279,98,Male,5,74.0118593345033
Tsnvpb,Sfkxhv,14260,44,Male,1,57.3808556432002
Tspfhhwq,Ruukf,1080,71,Male,1,87.9942770486566
Tsuvjy,Wicpu,5502,65,Female,3,45.5426661294315
Tsxtzzf,Ljdegeb,9508,60,Male,4,75.3241139058046
Tsyzko,Phfx,14234,52,Male,1,65.8807185373865
Tszji,Jztg,7884,75,Unspecified,5,63.1043719058301
Ttazxi,Omjzmnrz,10273,31,Male,2,59.7185668987331
Ttciagf,Opsian,12680,77,Female,3,72.9385797401862
Tthpzbpv,Zgoonv,7397,56,Female,5,50.9118183082699
Ttjnjsvm,Wkgyfa,17749,58,Female,2,59.8380070887759
Ttppxti,Vumgrre,13025,28,Female,4,56.6685576509382
Tttjes,Izgvikple,1716,70,Other,4,56.5923791510132
Tttoh,Kqsgq,16922,21,Female,4,56.0286827719541
Tuapyf,Rwrgovne,11101,85,Unspecified,2,48.2139595633575
Tuclofktg,Akgsto,17495,23,Male,4,59.2167193796118
Tudmtpn,Ezpt,11940,33,Male,3,64.8186386561517
Tufd,Hdtrzzde,6453,61,Female,3,66.0435922690702
Tufqzvd,Llohv,12525,83,Female,3,58.9970440780688
Tugbkxe,Gbyqxu,10842,63,Other,4,62.8115664139515
Tugwsxm,Cosmyiue,2500,83,Female,4,54.4492476284138
Tukjn,Nbnbwafn,8899,89,Male,3,55.7237309945226
Tukzj,Gqtz,15413,95,Male,2,38.5399901393019
Tuljjgbn,Xppaayzii,2446,89,Female,1,79.9511188965446
Tumhvn,Pxbxkh,2497,33,Female,5,63.2438818577814
Tunngxqi,Muowgyiwr,6136,55,Male,1,75.3407700216073
Tuoqcrq,Wfmvnl,14250,67,Male,4,50.433869317474
Tuoupyvu,Nqmug,17523,76,Female,4,51.7244249197152
Tvdeuvj,Uchn,11996,40,Male,5,80.2566525977788
Tvefhabmi,Gkrw,18807,18,Male,4,62.5129011543835
Tvhqlzygg,Nhocjpxcc,16666,43,Male,3,69.2567534312686
Tvmcxcejm,Lxwrkso,15941,40,Male,4,51.1784777960239
Tvmkzy,Rqnqab,13197,36,Male,5,74.7131052319989
Tvmwthwj,Lucrziw,3461,36,Male,5,62.1423100735118
Tvqdjgl,Maey,16437,62,Male,4,62.9121152267052
Tvropav,Qlfccitjt,5925,34,Female,3,57.8291134039285
Tvsnfvga,Npsbm,14631,74,Male,3,40.7532911684961
Tvungcgv,Bsxkg,16968,21,Female,1,71.9267120864525
Tvweh,Ggwgcki,12696,79,Female,3,57.2118601904312
Tvwlyyhw,Xmzhlj,3874,25,Male,1,56.2888177708796
Twbigike,Ecuzv,1014,46,Female,5,41.8850039993406
Twbuwcw,Ztlnoke,13665,24,Other,4,67.1067017412929
Twdxo,Potkcfmkw,19761,54,Female,1,41.6449198365227
Twdz,Bxfd,17412,38,Unspecified,2,70.4007486275743
Tweaohhns,Tqhxlnc,10707,42,Other,1,53.1078900737753
Twgvshxsh,Gqyn,13332,85,Other,5,69.2583572599511
Twilggcxq,Tenzvqnxb,9099,92,Female,3,59.5064797800109
Twjtbu,Gvrbn,17465,19,Male,2,53.7524135301464
Twkkemc,Oagyxwla,16279,41,Male,2,51.5476759355418
Twkyghink,Jgxgpthvx,15161,84,Female,1,49.900752804571
Twouq,Nuze,1094,27,Unspecified,5,49.7084357908317
Twpumqhoe,Telkcsgb,9505,31,Male,1,32.4426293376428
Twrgpbn,Xuok,10592,70,Unspecified,2,63.0926712332042
Twwxc,Fqiwmuy,12741,69,Male,2,73.2272128848592
Txgvaaizc,Tqegqb,12649,89,Female,5,66.9338969709615
Txipcnkcj,Pjng,15500,21,Male,3,47.8952264016504
Txkwyk,Vdewmfc,17137,49,Female,2,67.581090157327
Txnveny,Jdslufbhd,1835,42,Male,3,67.9431409114121
Txogwm,Vhkinlmef,15207,34,Female,2,47.8381740280795
Txowfsn,Fbhndsr,19698,24,Male,2,42.1889472512724
Txqlxmjfn,Sfac,16373,98,Male,4,40.4057929305926
Txqrdsaaf,Tspkeu,5675,70,Male,2,52.0504960498627
Txrb,Xzdyzyrxx,15355,79,Male,4,77.3574969014605
Txsrh,Ochf,6544,87,Female,1,75.9326186211592
Txuo,Qytfetwmr,17333,58,Female,5,61.7825736818514
Txvkrwkdl,Hpyzh,10103,65,Male,1,82.939458230746
Txvwhc,Qnongq,18541,37,Female,1,57.7243521823691
Txwqp,Oqelwhmi,11569,25,Male,2,60.1443891777736
Txxd,Ebbgpcgil,6033,71,Female,1,65.1238013896698
Txxlatfa,Phwp,15227,37,Male,2,71.2142984729823
Txxqhunw,Tlkjyrr,4995,79,Female,5,67.1702874311387
Txxzzoyp,Foiauoko,4732,41,Other,1,50.4271001588505
Tybeudw,Xbmz,5881,85,Female,3,64.0346073519625
Tyespgfp,Bzmtoqei,10340,56,Male,3,64.2391993444924
Tyfl,Mlcp,19149,86,Male,1,41.1735772195318
Tyhmftvo,Sxwjd,15309,40,Male,4,66.2777340328706
Tyinyc,Azvvz,16471,98,Female,3,65.7792444919263
Tyjiot,Yxgarsoj,9054,25,Female,1,57.9755889971801
Tymlou,Lxxeyywp,16301,51,Male,4,76.15483287676
Tymxrjrds,Azuhpf,19870,42,Male,3,71.3289727061213
Typngfw,Yiugwhpzz,10777,63,Female,2,35.2033506040849
Tyrddbvtw,Wqydwgu,16006,40,Female,1,73.0861896509001
Tyufebnsh,Matgkvdvo,11301,66,Male,4,68.6985580587114
Tyvo,Lecmni,15246,59,Male,5,61.9930856726713
Tywr,Sone,18403,18,Male,4,50.3577708877643
Tyyfroqv,Yutjghlcg,13673,52,Female,3,62.9226980037082
Tzajilc,Wtgnpvssi,9553,87,Male,4,68.1350566873775
Tzdxyk,Fonf,5337,19,Female,3,56.9944939261057
Tzexaqbkq,Juprjkww,17239,36,Female,5,47.7538498533096
Tzfbm,Nend,2350,81,Other,2,82.7546109775277
Tzfzwey,Qwbmfzv,2924,29,Male,3,60.0456838344956
Tzgebpyj,Gsztf,11359,69,Female,1,43.6953891713376
Tzhkix,Ezzde,16401,33,Female,4,67.3492074546812
Tzntunla,Qgnlm,11059,53,Female,5,55.9373363112204
Tzrjoul,Jxwizbxd,17738,68,Male,5,49.6650163111656
Tzrrqpw,Rxepx,6613,63,Female,1,40.0137429048726
Tztd,Wjvaxdz,12811,70,Female,4,78.7407225741643
Tzvarjrq,Nivz,11551,45,Other,4,58.9674537835526
Uadlvzrr,Mxjm,5020,57,Female,2,38.2519532257045
Uadweqq,Tvba,16643,94,Male,1,63.88493709396
Uafsr,Sjxc,8459,44,Female,5,43.2987138680601
Uaftebubo,Jbvtzxhl,9194,61,Female,1,23.5840470373091
Uahn,Htlucm,15881,50,Male,3,66.407626952929
Uahxurkgy,Rpwcnfcr,18892,60,Female,1,70.6539835238395
Ualabt,Epfpzzq,14517,70,Other,5,64.087542987475
Ualgo,Dnypjcxa,13650,42,Female,5,74.1427889770473
Uaodaw,Faiakve,19957,31,Male,4,55.1450356777076
Uaomanho,Crzxmtyfk,18840,71,Male,4,62.1405677591807
Uarvxkpcp,Jsynew,11107,77,Male,4,79.3153218487036
Uatsvsh,Decihj,11290,83,Male,1,73.4404714924353
Uavbaoevs,Exyurqliq,2876,62,Other,3,41.5576372506697
Uavcblq,Vlxdipoyo,9249,66,Female,3,61.8341956257429
Uavh,Othjwqw,3151,31,Female,3,50.7781785338296
Uaya,Dmuxkvksv,2491,75,Female,3,69.754169574368
Ubcgdajs,Wlowxk,4313,35,Female,1,64.8414445103527
Ubck,Ajyeymis,19653,44,Male,5,89.8289850295818
Ubht,Mgdodgky,15149,38,Female,3,40.3301233891404
Ubiyn,Mzsi,7715,63,Male,1,74.7579026385333
Ubjkxgiox,Kwjeimtcd,5156,38,Male,3,46.689578967714
Ubjywwhgq,Vpasxnxz,6802,60,Female,4,88.1426146626485
Ubkywzsj,Yhnzh,2407,50,Female,5,63.9978310417467
Ublak,Meps,18728,62,Female,3,53.2269086476135
Ubmmdp,Bfbgwrm,10186,18,Male,1,58.7260931972209
Ubmrvs,Dwlajenr,12108,78,Female,4,88.1441327857986
Uboucy,Peee,19675,63,Female,1,26.6449621507614
Ubqlgm,Igporjvnl,2650,94,Female,5,88.0986681302223
Ubrhevij,Vxyrc,2191,44,Unspecified,3,70.6254090491437
Ubskjeknu,Kslwifa,8285,46,Female,5,58.1273752321982
Ubupsfibw,Rpjz,19219,31,Female,4,55.988501327534
Ubxosdp,Wacr,16183,81,Male,3,57.141587199383
Ubzo,Rreq,9241,52,Male,5,85.8728366246363
Ucat,Cpcapumv,6994,32,Female,5,59.157266422285
Uccwp,Evsmfbxz,6777,28,Female,1,56.4018253606952
Ucdrac,Mtfvijw,3772,47,Unspecified,5,64.3183415258077
Ucexf,Okllobgr,1151,57,Male,2,71.545572751133
Ucfzbxr,Oflaqs,7434,55,Male,3,72.03990966926
Uchc,Bnrxu,18170,69,Male,1,74.7508649958752
Uciowzei,Oeheizcvt,18114,56,Female,5,58.8722180147574
Ucmdgjh,Tkqq,12608,94,Female,2,66.0968710634488
Ucnpxrmx,Unmcg,9771,68,Female,1,51.1140338779141
Ucqvmaqz,Poxoeo,16456,78,Male,4,54.3776713313326
Ucsdfi,Qhgddipho,10388,33,Female,4,70.3322704313719
Ucskeaj,Ztmfioqog,3367,96,Male,1,58.0647281678985
Ucsloqip,Odql,3242,86,Male,2,64.2205239816206
Ucsymqr,Ynqakviec,11567,67,Female,2,75.2110014912929
Ucukm,Wpwpzxveq,17059,96,Other,5,44.0526321996075
Ucvn,Qgkef,11027,46,Male,2,45.0110306181243
Ucxdrka,Mtkawp,8068,31,Female,1,61.189581597322
Ucyprnlz,Qxwshuyfn,3935,71,Male,3,47.5135605123205
Uczatgos,Uddmcqw,9949,34,Male,5,59.2540150928214
Udegwc,Ctftgthq,16125,98,Other,4,66.1805433868149
Udfhgp,Lnobuupri,10087,79,Male,3,58.5342496476637
Udfvj,Omndimp,13688,46,Female,4,65.9865493068641
Udhlidvra,Hqmhgmtcu,14575,22,Other,3,51.9051327262592
Udikjorj,Vbatiggr,9184,27,Male,5,73.1700460979386
Udiylescl,Fvakbsd,16771,55,Male,4,45.7705737593296
Udjrgoik,Wjzwfwx,2923,93,Male,5,83.5741444236567
Udkdffwbs,Itko,12838,86,Male,3,73.1726144881736
Udlrd,Aldic,15690,38,Unspecified,5,59.4425506614414
Udsvp,Yxywztea,1685,74,Female,3,61.2915197454464
Uduagsr,Cssowhrh,12935,60,Female,2,83.2136161865757
Udwluhjn,Txrfctsys,17054,63,Female,2,59.7897250295011
Udxcke,Jdnl,16200,42,Female,3,49.4812376083999
Udyhwev,Jwrtpx,6387,51,Female,4,46.6116300396795
Uebtrsty,Wygjqp,2158,34,Female,3,66.5945206762632
Uedeniifu,Zbwux,1348,61,Male,3,41.6255261340949
Ueegu,Uqfdcjl,14262,79,Female,1,76.0491279473318
Uegphvodv,Oodbpmb,4261,31,Female,1,51.0741878428946
Uejrpz,Arwxt,13962,90,Female,2,78.5146711629401
Uenauq,Gdgrw,8981,58,Male,2,49.5348148334513
Uenju,Luylz,13862,56,Male,2,47.8062297460832
Uenq,Opstggw,15819,84,Female,2,71.660201611864
Uephyyvwg,Qaju,7819,73,Female,2,40.5277837206537
Ueqje,Lfeikg,18397,54,Female,2,63.9666405026696
Uewe,Anlspz,8144,47,Female,2,72.0954775820492
Ueyw,Qcbhg,10020,25,Other,1,61.2922293031188
Uezeosd,Vowq,13867,63,Female,3,61.6073159579071
Uezpiyjh,Wuhepgd,19340,94,Unspecified,1,60.4414172662609
Ufdocrokt,Ucgth,15699,92,Female,4,31.1703181594039
Ufeah,Ywjpai,17162,94,Female,5,60.1470116729936
Ufjr,Nsjru,3244,57,Female,1,58.4236147379503
Ufkbf,Xocgs,5451,87,Other,4,73.4134396765726
Uflycrvyq,Qwleks,11026,56,Male,3,69.3987140456337
Ufmo,Ncndeuyyc,10409,35,Male,1,56.7302807420742
Ufmril,Mkqxjqsna,3719,87,Female,1,94.1462500498727
Ufnb,Gloglupn,16633,76,Female,3,62.6262551392377
Ufpn,Ecydar,19799,47,Male,4,51.7435689888603
Ufpus,Okavqr,7412,86,Male,3,56.294721944143
Ufrgxdqy,Epfcqau,11578,51,Female,2,43.2932813178415
Ufsiguzcp,Lvkjfuusj,17928,72,Male,1,47.3518266529445
Ufugopllp,Kswmfh,15168,67,Unspecified,4,66.789584376516
Ugagm,Mfzfxyht,9214,83,Female,3,45.6121025423418
Ugdgnvzhp,Vkgwl,19162,45,Male,1,46.9409267897032
Ugenunvn,Zboyu,2889,79,Female,1,61.8181800324796
Ugfe,Thku,12930,84,Female,3,67.7552490930508
Ugfp,Skprxs,2624,59,Male,4,51.6018604623898
Ughlm,Qnxhsjq,8952,71,Male,4,57.3188368980337
Ugjqlgq,Orjjkfzs,1711,51,Male,2,76.4873160511878
Ugphu,Nbwbhgf,19950,43,Female,4,71.1441557184678
Ugpjzb,Avpkjqdbe,16577,89,Female,3,85.1170228726013
Ugsj,Srcbnly,19015,39,Male,4,63.2868243151558
Ugwi,Lbhxzak,12817,33,Male,4,51.0563061436469
Ugyvbrb,Jrvbdlz,8252,43,Male,1,67.8980631216607
Uhacaq,Fjughzpkn,10302,33,Male,5,60.9078195270098
Uhbhk,Tolenyi,11196,64,Female,3,71.9284530491073
Uhepdcie,Axoryk,6486,33,Female,5,52.8957766535768
Uhkkrmbo,Cpaymzxsz,5622,83,Other,1,73.2739433481096
Uhlq,Pdnledspj,7416,53,Female,4,71.7940875230714
Uhmikkghw,Ahdmsonh,12925,96,Female,2,61.832298704748
Uhnymrl,Ebssk,4417,78,Other,5,58.3349781832458
Uhpv,Bsalwn,17284,24,Female,4,50.2038492097863
Uhrgot,Wxvln,18681,47,Female,4,52.9618521631469
Uhrv,Sdwfbfahn,9358,38,Female,3,62.6588466771087
Uhsoovulu,Ijxbg,17893,79,Female,2,47.9270834610309
Uhvbukudn,Bqagmquy,11773,67,Male,5,53.4272131235252
Uhwhtgz,Mxruiugrn,6908,22,Male,2,36.3913811824736
Uhwmypab,Qkbxgg,14834,53,Unspecified,3,59.4488854616431
Uhxoqcym,Nodkbyyiw,10715,27,Male,3,52.097723115497
Uhzf,Exnkz,5270,58,Other,4,59.6907409062237
Uidg,Hyfn,11783,78,Male,4,41.359845462692
Uiengcj,Markwscw,9719,51,Female,5,72.937977804922
Uigfcmqr,Pvfcra,1982,75,Unspecified,2,58.819803190765
Uiirrf,Simjefxzf,1944,82,Male,5,67.0443224484698
Uijo,Ottr,7062,95,Male,4,55.6318388921525
Uikhnlvfi,Hcywtmsgb,17188,38,Female,3,58.7923343047056
Uikjcoliv,Qzmqizgj,1915,85,Female,3,52.2704773020952
Uiptraiw,Sfnx,16867,48,Female,1,50.021513666033
Uiqlubdw,Edhkd,9419,46,Female,3,32.8327851608419
Uiqo,Rkzsspsxm,14579,19,Male,2,61.8960337248143
Uiqvci,Dfyiytmzp,17473,49,Male,4,37.8060878716936
Uiqywgiiz,Uqzjtec,14463,36,Other,4,66.1931645691887
Uiryg,Nizzlnaz,8556,35,Female,2,54.3567878866568
Uitbabdz,Ntlyd,4310,59,Female,5,41.3392350309046
Uivjmvhq,Vhguoyk,11811,20,Female,3,75.5946377806102
Uivoiubm,Dgvfpsj,9070,66,Male,5,55.29254546077
Uizhesg,Syitikgsv,3825,63,Female,2,56.1850631854994
Ujbllcev,Nosxwkry,19683,67,Unspecified,5,68.3044194722659
Ujedymhn,Ljcst,18113,93,Female,1,76.8841151023449
Ujfdzf,Xmyokrwd,5135,95,Male,1,55.868041765799
Ujftip,Gkduilonm,10176,77,Male,2,67.1968203548489
Ujgufkt,Zishnbsd,14802,43,Other,4,54.1394494251406
Ujluomstk,Prlh,7800,88,Female,1,75.3358175213692
Ujqyd,Taqpwcbj,7671,62,Female,1,63.3982985866738
Ujxaqri,Kdpze,1432,61,Female,2,58.8711502760779
Ujywgp,Uefvtz,19133,58,Male,5,67.8131675074172
Ujyz,Owebgf,5524,88,Male,2,71.1480524858752
Ujzj,Ldmk,9369,71,Female,2,65.4095291343556
Ukabmnto,Hmmqpeb,15530,22,Male,1,63.7244323757887
Ukejnli,Bejv,19684,81,Male,2,70.4543371745496
Ukfgy,Luvbey,10151,65,Female,4,52.1135345463216
Ukgrloxj,Fjtky,18785,96,Other,5,48.3639848851049
Ukhxi,Cncgkzlbg,14488,77,Female,3,49.6742075509226
Ukjfiirg,Shovzup,2795,74,Female,1,79.2460057158941
Ukjs,Uekvcyp,6348,93,Female,2,43.573028537397
Ukkdwfji,Tfhdbsr,1708,87,Male,2,56.1643049176685
Ukkurahgc,Irtuewo,14680,95,Female,3,78.8169670624878
Ukmftide,Aytx,13942,61,Male,4,53.1294524225948
Ukmxkrhyw,Jxxtwlne,17762,97,Female,5,74.2849176443656
Ukrqic,Appvkuc,11257,58,Female,5,59.1975051357629
Uksdwua,Tniyi,13471,83,Female,5,55.3275340747139
Uksirlvd,Jqgeb,18858,83,Female,4,40.0341416846748
Ukuahgxm,Tmvqdpti,5264,18,Female,2,60.768221353225
Ukwzfhi,Xzsogorb,16524,98,Male,5,57.609826993579
Ukzdvx,Sjgqijy,14372,55,Male,4,68.7210368212778
Ukzrddxs,Rbmbucf,10784,37,Female,4,84.5497134299785
Ulegep,Vhrdzrd,5563,37,Male,1,64.9590832392548
Ulff,Wwbhbqbw,5876,26,Male,3,69.7802109984283
Ulfghkez,Myhnp,3714,69,Female,1,67.3159576186507
Ulibdycw,Aiatm,7832,86,Male,5,30.1320629829908
Ulipz,Swugmqjrq,3216,25,Male,2,35.9848404540178
Uljqwwu,Tbba,16009,29,Female,1,53.8703449186987
Uljx,Dpqtnuew,8522,42,Other,4,58.6418511280546
Ullw,Qzluzw,1851,46,Other,1,82.6632378353531
Ulmyspzv,Tuhwo,13419,51,Female,1,55.2876082711451
Ulngsp,Fjmsmr,18790,24,Male,5,70.5073176127569
Ulnnroaf,Rulyrbc,3515,89,Female,1,76.3612919918483
Ulpctmdje,Hbqyolh,3111,78,Female,1,48.2275387223864
Ulqm,Tcvcljtn,19474,54,Female,1,54.3048040082461
Ultmyzf,Rfhgogj,19504,49,Female,4,51.3612383467346
Ulwlxdp,Cncjbtyb,14865,48,Male,2,37.0910930523117
Ulxpeidvl,Frzczz,2844,79,Female,5,71.6232346128006
Umdyphomx,Ceomqtc,19848,58,Unspecified,1,58.656365965134
Umfuxwya,Lazqoyo,7415,90,Male,5,48.6914292123437
Umgfk,Rkxxf,8890,45,Female,2,58.884976783472
Umghzc,Oibebhfu,2648,84,Male,3,37.0209160831078
Umgwkdxz,Zukjfyjf,1580,31,Female,5,50.5315960676682
Umhvitokx,Kyjzwz,17353,63,Female,4,52.129520721071
Umjdycwn,Tcoxftdqa,9471,92,Female,1,43.09988860454
Umjiq,Uirorklso,2764,55,Female,1,60.5370171007806
Ummdp,Efnt,6817,48,Unspecified,4,67.3886049757098
Ummx,Uswl,11296,74,Other,5,78.4416095629683
Umnl,Ijkket,14010,57,Male,1,57.3900770426698
Umobdhl,Jzdqetgx,15260,88,Male,3,64.6419063747195
Umonli,Wmgjwbnqd,3630,71,Male,5,57.2417544899123
Umpuo,Zsrsbrgc,9559,75,Other,1,53.4154013108089
Umsvqkxvi,Msubdxzy,10345,65,Male,3,65.8832522306587
Umuvyoa,Jejam,14075,47,Female,2,56.357648842156
Umzp,Pbadlw,4421,34,Female,5,67.1449462783446
Unbzhbei,Yxhzsiip,8299,62,Male,4,60.1795814345542
Uncpg,Mhtem,5742,73,Male,2,71.1880616731385
Undl,Qlrzgj,10982,62,Male,5,83.6012570313253
Unhvsh,Awhemq,11464,67,Other,2,61.3968166362975
Unhxw,Oykgfas,19297,60,Female,2,56.0083869563249
Unlp,Rvbr,15844,80,Male,3,74.9037735622628
Unmpbetf,Eowo,11472,97,Female,2,67.7325437852493
Unolq,Fjcqvlg,18974,23,Female,3,44.3693832472944
Unqgxs,Hjnvbsl,12041,41,Female,3,40.742699807888
Unsqsbpa,Guzelnx,5442,60,Male,3,71.7936890877334
Unuftn,Ohlg,14777,21,Female,5,65.6951403960345
Unvy,Wdvxm,19489,80,Male,5,69.4240385173503
Unwojnuf,Dfsxsf,18818,77,Other,5,90.2761290865823
Unwqozn,Tgmphma,8773,69,Male,4,64.301143597495
Unxvsif,Rjsi,17344,96,Male,4,60.291894890612
Unyylu,Zvsxz,19127,68,Female,5,56.421858746844
Unzgfsmrd,Ksuu,12446,45,Female,3,52.782464588199
Uoagz,Mzyos,7034,82,Female,2,56.2405029800676
Uoauxtmmy,Tweqqpoql,17616,57,Unspecified,5,40.1160587767517
Uobhkrhzb,Dxnesmprb,9051,88,Female,5,56.8197034893761
Uocugkmsy,Ewaj,10276,37,Female,3,85.4525103210789
Uoeaqgyy,Uwszuau,6455,44,Female,4,72.64006702939
Uoen,Blqc,7694,58,Female,2,40.7170450086177
Uofehva,Lcioxtkbu,4420,88,Female,4,42.5402368979487
Uogc,Nlju,8660,54,Other,2,58.1578770868837
Uogdpxe,Uxkydlv,17701,66,Male,3,75.7851672527466
Uolzay,Uaxaayd,5150,27,Other,1,35.7883575085298
Uomsyi,Dhmivqroj,4500,79,Other,4,80.8362779086791
Uopus,Ugwir,12947,89,Male,1,46.6122876667864
Uoqbdduc,Piwhasbw,7382,30,Female,4,52.4654348749478
Uoropnq,Vlvdgaf,16283,42,Female,1,47.6186807352123
Uotlinsl,Dmzict,19629,34,Male,1,38.096644258416
Uotsrr,Ljaujtk,2666,39,Female,5,62.0702069082286
Uovo,Xntfxg,18112,28,Male,4,70.2392124102116
Upanvgy,Zjbtfg,12655,63,Female,5,54.2664421365596
Upaqce,Knhez,6917,51,Other,3,69.2341094636684
Upaxkko,Xuefml,18585,20,Female,3,66.0670510506447
Upfrywlux,Gffvhqbqe,11439,82,Other,4,67.0765668791001
Upgku,Pbbjhc,8745,90,Female,3,38.1020755459634
Uphvngq,Eujnk,5212,81,Male,1,61.4862625669115
Upllkc,Sysghw,17147,86,Male,5,43.6767453652583
Upmgstitx,Gwxloia,5983,66,Female,5,55.1888009770689
Upng,Epopqxx,10761,29,Female,1,60.391208948908
Upnh,Hkmgxmde,8153,49,Male,1,68.300155271558
Uppbys,Hisyo,19586,64,Male,5,35.4452993125857
Upwbsx,Unfmf,4346,29,Male,3,63.743837492821
Upyvx,Wmeu,7109,76,Female,1,53.0923537485213
Uqamp,Bxpbv,11060,45,Male,2,53.1119400842687
Uqccdnid,Boom,1539,33,Male,4,57.462515854752
Uqei,Qung,17889,47,Unspecified,2,56.181593177896
Uqemf,Ghgcosyrp,7124,29,Male,4,43.1092701883623
Uqfndym,Dallgr,9198,79,Male,3,63.6373338531748
Uqhnsetvb,Evxjkes,8672,28,Male,2,44.4631176807385
Uqhogpjb,Biotsb,9819,53,Other,2,60.1737749668851
Uqhutchls,Okgonimw,19691,90,Other,2,58.9637947063325
Uqjjpdcod,Wiwiaym,5230,32,Female,1,54.6740240780421
Uqlxi,Tdkao,12868,51,Female,4,81.8975706005771
Uqmllsgc,Qdoc,8424,42,Male,1,54.3116666440456
Uqmvsq,Nifewu,13528,66,Male,3,50.8454265909151
Uqnrahob,Xjksko,9890,37,Female,1,57.0429473069141
Uqpccfmxm,Hmlij,16214,70,Male,5,38.3346616423073
Uqsdsv,Iiwck,4378,42,Female,2,71.0489703406306
Uqwfxnx,Gzbmlv,16169,79,Male,5,66.3106789062657
Uqzpt,Nefuf,3916,71,Female,3,59.3130081964843
Urbcjgah,Xuzgudjt,12092,75,Other,1,50.8621710458242
Urfzz,Fpnjtcos,5981,92,Female,5,72.5439352492561
Urjsr,Gnquvgwhw,6422,79,Female,1,64.7816023343028
Urjwo,Ejfspxxo,17103,38,Female,5,59.4261432207494
Urkghj,Nrlvqnv,6261,26,Male,1,54.2204927158851
Urly,Ayrb,2596,42,Male,4,70.0544544748163
Urur,Pdyms,1366,86,Female,1,54.4324785866656
Uryp,Mfnkumcg,8155,98,Male,4,54.8545887058045
Usda,Oqwjk,7027,22,Male,1,70.1595381747238
Ushc,Hynrc,8198,44,Female,1,69.3849270558742
Uskg,Oizq,9137,72,Unspecified,2,52.7776716010507
Uskpm,Rzvwcuqc,10131,62,Male,1,60.3080599945662
Usnfx,Cjcubcsrg,3599,36,Male,4,57.2383459087927
Usphoxf,Znfumnk,3073,67,Male,4,56.9887517163871
Usrcyow,Mfyhsf,12167,44,Female,2,60.584441349259
Usrh,Datvk,7388,64,Female,4,53.1894887372518
Usrkurb,Ymdgndz,7525,80,Female,4,56.5935219629986
Ustaagzn,Nmsitmt,2542,25,Unspecified,3,64.4114543354236
Ustyuwk,Awtakifk,8615,91,Female,4,41.631072445518
Usuf,Xgrldihk,2458,78,Male,1,83.6605238955418
Usufp,Wwffoxz,3384,70,Female,3,46.1569237753127
Usvxctbwq,Uvop,15984,66,Female,2,48.1036644619084
Utjb,Pjariktay,4565,83,Unspecified,2,43.5606567515554
Utjsht,Pqwtpltn,14069,26,Male,1,63.5115685246991
Utmf,Rhqwo,14282,64,Female,4,64.0258059797265
Utmfrexkj,Jebve,13222,92,Female,5,63.5578028078569
Utmmcrdp,Nmfq,1818,82,Female,5,74.148693861997
Utmni,Gwckmhdl,19106,69,Female,2,68.8640070054609
Utnjubhc,Kxwpps,4403,73,Unspecified,3,52.9907709152132
Utntbt,Gvkyrbmch,1082,26,Unspecified,1,60.9766823027115
Utoegf,Rzllnwqc,9441,19,Male,1,48.3920011461305
Utolmxfc,Bqakipact,2561,36,Male,2,61.1221062167864
Utruvs,Ouqmju,18309,63,Male,2,56.0537080804617
Utsonpu,Vzvcsqr,16946,72,Female,4,51.1316440220689
Utsosypi,Xvcvmt,7272,44,Male,5,66.4271748567813
Uttgzgmkk,Szulrvwjk,1281,62,Male,4,15.4112354085609
Utunuylt,Eawhod,15266,87,Male,2,61.6868689962045
Utvkpwhdy,Xntrjyo,9565,38,Female,1,66.8968659891337
Utxn,Esbdgebft,14877,97,Female,2,58.6580085963195
Uuaxkslkl,Sxcir,4522,28,Male,5,72.3356812588793
Uuee,Eqvqwfmhm,18422,62,Female,3,40.5021821410581
Uueee,Jziwrjvq,13017,30,Male,4,59.2424132507144
Uuhcroej,Qikilzckp,7289,28,Male,5,67.3291487520389
Uuifp,Ennujxkx,15541,81,Female,4,62.7718733675351
Uujbx,Stgsb,14979,40,Female,5,54.2558868606739
Uujrtry,Awdqjetr,7606,97,Female,3,69.5878589416948
Uullfqqni,Xvpjsfke,4450,53,Female,5,60.4229139466908
Uuob,Pheue,7413,39,Female,1,78.6087847923217
Uuovcxyg,Qxypurlx,16043,25,Male,5,70.8660991193342
Uuquqbvnz,Tlus,15804,29,Female,3,65.2020448450439
Uusnxijz,Zyzvih,6909,61,Female,3,66.9751791305561
Uutcwhuzk,Guomebiiy,1169,45,Unspecified,3,70.0735274257286
Uuxq,Seeyqmmkm,12747,23,Female,4,48.2350054538073
Uuztzh,Mkir,11499,54,Male,1,81.6780978181212
Uvdrljx,Slvx,17696,43,Male,5,75.7805305077405
Uvealolf,Ogysuqdh,16433,96,Female,4,57.1871972066821
Uvegap,Vjxjy,19992,33,Female,1,70.6072912420597
Uvhklsucj,Hfsgf,19473,84,Female,5,61.5824682807857
Uvhwzeqv,Lhxi,6308,31,Female,4,51.633002913722
Uvhzmlbah,Btcn,16201,44,Male,1,61.7224947759278
Uviczviaq,Jnvnob,18921,59,Male,3,48.84101497257
Uvijq,Lxiadlr,8520,54,Female,1,55.6540804138966
Uvlo,Uhuvxa,10462,93,Male,4,69.4103060750821
Uvmes,Jdibthgc,8688,97,Female,5,54.6107022070262
Uvoitud,Wmczpvp,2073,74,Female,5,61.7351401702414
Uvorlwb,Ysdauoi,19519,77,Male,1,56.2590353314379
Uvoylfqs,Jmuruu,14246,94,Female,3,47.2002349056589
Uvoziox,Rdpf,4545,65,Male,1,65.6468787662533
Uvuhy,Bvwgbispg,5991,36,Female,2,76.5389820090372
Uvujocyq,Vcuhhjtng,7974,45,Female,2,67.3926563573206
Uvwcowf,Waddm,11984,90,Male,1,52.9087018417896
Uwazihos,Orivf,17860,64,Unspecified,2,62.2844684558024
Uwcnnpkcg,Kihpnld,12533,62,Female,1,48.3918591029892
Uwcsbkeba,Qujbkwkcy,12395,51,Female,2,45.7080896174924
Uwefa,Wvgheqdvl,2820,95,Male,4,60.093528974239
Uwesmhcm,Fdsi,17276,79,Male,4,57.370474174653
Uwhs,Zyrocubh,2951,20,Male,5,47.8599528184924
Uwjigwgre,Tsvlqfe,16770,87,Male,1,50.9766881963177
Uwjmy,Lbmpfcnug,1391,61,Other,4,46.0826036573285
Uwjsglbq,Lzfmiqh,11129,62,Male,5,42.9055166671619
Uwlry,Etld,13324,94,Female,5,62.1671733153529
Uwpdc,Toisqye,4062,51,Female,2,45.80171851738
Uwpzyyjfn,Xjgoyvlbs,7563,66,Female,3,69.2649724056135
Uwvcbgfa,Jhwns,2284,25,Female,5,50.5337145769277
Uwvkku,Rxql,16515,83,Male,4,51.5450259658847
Uwyeb,Mwlopo,3161,85,Female,2,53.729450288109
Uxal,Wkujwmfb,5669,93,Male,2,52.0902409127775
Uxaui,Egsfeygp,13763,28,Male,2,55.6241400451262
Uxbf,Wknko,3942,30,Male,3,50.5854368023074
Uxczyay,Vxxuxu,5276,23,Female,4,55.0820028813617
Uxdlsx,Zdhq,10938,58,Female,1,67.6474875624064
Uxewjz,Bfbpa,10231,64,Other,5,57.8703952431064
Uxfhfr,Gcjgiech,18329,68,Female,4,46.1445365267269
Uxkskkf,Nuqz,11829,32,Male,3,55.817046113525
Uxnrypak,Kcnaznjvc,11673,82,Male,1,70.5076864641063
Uxphutzj,Menxkt,5434,45,Male,3,58.7723623675802
Uxpm,Odred,3645,59,Male,2,62.4119696939674
Uxquwgy,Sbfaofzc,6381,42,Male,1,55.0514072344398
Uxrsjcdb,Rkmej,13272,57,Female,3,60.4171553189495
Uxszqns,Mfsiefevh,8159,53,Other,5,43.5671358793626
Uxtbg,Hztj,16671,42,Other,1,60.4754424662282
Uxtmbbyw,Yafptxsjt,9978,58,Male,3,57.8905290612174
Uxuma,Slrslxmr,7041,67,Male,4,63.3566189183155
Uxuwlpk,Teuk,6517,74,Female,1,58.4386607705959
Uxuyjbpl,Nkywstz,10512,52,Female,3,46.3639890286417
Uxzvwjrg,Yrpbuthr,16678,66,Male,3,55.7073876340604
Uyajh,Qinxanxjk,4476,23,Male,1,69.0749313460629
Uybz,Rouodnf,5921,18,Male,4,60.8203953066508
Uyccxpru,Adfgh,10893,50,Male,5,51.664166741472
Uycpm,Kibooby,9867,80,Female,4,59.6066245602853
Uydlrxeik,Wufzzn,2537,93,Other,1,57.2454579395263
Uyghi,Fmjmgk,6589,91,Female,3,64.6878007989216
Uygqadf,Imiphsj,14604,96,Female,4,43.9079453642992
Uyhjzjfbh,Gtnfwvl,17110,41,Female,5,70.0680781497035
Uyiq,Czoufs,8256,73,Female,2,61.5300823022593
Uyjirw,Ovwdtvsh,17989,47,Male,4,60.3519424009042
Uykximvg,Dktb,10129,79,Female,5,74.8794889593178
Uymntb,Wqzbatmq,13945,51,Other,1,43.3479421926361
Uyndtwsfo,Nvftr,19416,30,Male,2,65.6487643464899
Uyopb,Irtfjjq,4670,89,Male,5,65.4954261068288
Uyopkov,Ojpwtavqc,11199,36,Female,5,73.4544497482672
Uypms,Vroek,13504,76,Male,5,51.167659643925
Uypqsatky,Zztybp,13198,66,Female,1,74.8449786327932
Uytr,Pjzbmzw,19638,50,Male,1,67.7760059004127
Uyts,Ynxio,18831,78,Female,1,77.612336489215
Uywcrsy,Tjhicecl,19346,50,Male,5,57.1738166234154
Uyxl,Waqxeyg,18481,24,Male,1,67.6105837199282
Uyxnevlt,Uedhoce,1668,66,Female,4,62.1727402597687
Uyyvrmczq,Uowrs,9088,94,Female,4,51.2984806700778
Uzmnx,Brkntkvt,14349,97,Female,2,43.5166285971002
Uzqsg,Eqvr,15430,48,Female,3,56.8272164070215
Uzrznn,Uzfdcdgey,8858,32,Male,2,61.7392512582415
Uzsdtms,Kpkduedtv,16686,31,Male,4,61.5661363784919
Uzsuxy,Vylqjdd,14951,76,Female,3,37.7612207548915
Uzxb,Ecdh,16902,61,Female,5,78.3986931309825
Uzxneqwp,Josrzijs,17709,64,Male,4,54.5251318505292
Uzzpv,Hpuddrfbg,18405,75,Female,1,54.7029711564186
Uzzyx,Alkekwhqr,14745,44,Female,1,68.283341846568
Vadxet,Dltm,17017,67,Male,5,73.7777296827773
Vafp,Itvpntx,1894,29,Female,1,73.3979769036137
Vagb,Ednjqy,1567,40,Female,1,63.9653546053932
Vahh,Rhqcoqbs,2932,33,Male,5,39.1081440332158
Vaiaeol,Yljow,13177,43,Female,2,75.332160269019
Vajbn,Sdzej,9110,23,Male,4,65.3985931854775
Vakldqbr,Uytd,1138,45,Unspecified,1,76.4341929215455
Vaks,Gfgsqym,7635,93,Female,3,49.3838425194453
Vaky,Kczazpaal,19591,32,Female,5,43.3270199533568
Vaoidc,Qiwxdrivv,18579,36,Female,5,48.0381714443181
Vapfl,Cvtxtzmk,18883,95,Female,2,48.3641551615612
Vatdxmd,Ksxg,4178,77,Female,5,57.009534081935
Vats,Dtnype,3067,38,Male,4,57.3842118400854
Vavbt,Fdvlcbgq,5801,26,Male,5,60.8018376547528
Vavrjri,Gfrkgc,4749,63,Female,5,65.949455031375
Vaynltji,Acpt,9429,21,Female,4,51.639885009693
Vbboohwck,Zsiz,16570,84,Female,5,61.9840754141311
Vbdgbkalb,Cpfrb,15773,39,Male,2,65.8918065032135
Vbdksp,Wahrwm,3765,98,Male,1,71.9443120179362
Vbdzbbqwj,Mskajshtf,16892,42,Male,5,50.4927166895714
Vber,Xpbocu,8339,68,Other,3,56.4238481610436
Vbezm,Esfmnpgjl,10001,59,Male,3,52.2099414390788
Vbiigx,Lapt,10069,71,Female,1,52.4059859627336
Vbjtrla,Npsh,1468,90,Female,1,58.1807171973998
Vbnbalxg,Anbh,8525,78,Female,2,59.4984419742029
Vbnrzff,Xxti,8759,76,Male,3,53.8548830044247
Vbpxm,Xsavnz,19186,55,Female,4,63.0904886244814
Vbre,Jlijdl,16063,59,Female,3,63.0165231437425
Vbtophygr,Qkhbjejy,17674,89,Female,3,72.6945671070199
Vbuzxex,Docds,19465,51,Male,1,58.5375183499343
Vbva,Lbccvwi,17086,44,Female,3,46.5383350405551
Vbviwmpdm,Kaituho,11772,40,Male,4,71.935296910008
Vbyuim,Eznzdd,9821,70,Female,2,82.0280718642589
Vcag,Nscqrgj,9401,66,Male,3,66.1718913706295
Vcbnc,Ztev,2310,93,Male,5,42.5496598592435
Vccnrc,Gjmmsr,3540,77,Male,2,58.6846398914318
Vcdrnryet,Xvixylpb,6152,53,Female,1,66.9888691976771
Vcdrxd,Wmvnxrz,1510,67,Male,4,64.1428446642338
Vcgyr,Spllat,3805,41,Female,2,74.1838297265057
Vcpd,Ddmf,17773,62,Female,5,42.7675851286667
Vcpvhhlw,Vtcgmxea,8992,61,Male,2,64.9322595645081
Vcravlmz,Lulhqez,8261,89,Male,5,73.0240914420158
Vcsvtrvn,Jdfplpnns,9317,85,Male,5,59.6962608621772
Vcxja,Sszse,13938,54,Male,1,68.2567257401155
Vcxypixem,Yfvu,1669,76,Female,3,72.0585183768176
Vcye,Pxnvvjwot,19339,25,Female,3,50.0005995513201
Vdcrplb,Dhsml,8250,31,Male,2,57.8028946307375
Vddhath,Epwdy,11687,33,Female,5,54.9264125976716
Vdegbf,Xnduzy,3689,23,Female,2,78.597608024803
Vdesb,Bpzxsf,5188,88,Female,4,78.8158423896239
Vdeywsyi,Vcybqf,18516,42,Unspecified,1,92.222412629336
Vdjpucy,Umuu,14104,45,Male,1,68.3801424304788
Vdlklo,Blzyr,1905,93,Female,2,59.5346924462262
Vdmpph,Ioxooq,15895,46,Male,1,75.2943912572133
Vdocssi,Ofacardrr,17464,73,Other,1,52.5106246745492
Vdpmutef,Sakst,17772,18,Other,3,49.5032008521691
Vdrgmbiv,Hzhfqef,11933,18,Unspecified,5,47.1398757768682
Vdrhzy,Tutgu,5042,32,Other,1,71.3757010509117
Vdthmhy,Ajsrycvpr,9547,98,Other,2,72.3067041957556
Vdttbh,Svwcfzu,1012,66,Male,1,55.1848736580474
Vdumnxxop,Dage,4951,83,Unspecified,3,48.0700682622343
Vdxrk,Dtylckn,8095,43,Female,5,78.7414945738648
Vdxs,Skjrgtim,19428,58,Female,1,64.1033334278077
Vdylxpnpb,Pdxlzkpgx,10917,96,Male,3,79.3492447280378
Veauf,Ejatprsdl,6167,48,Female,3,69.2053205338027
Vecrysw,Oahlbie,6779,75,Male,5,62.7898821705481
Vedcbtswj,Kekhwv,4641,22,Female,3,57.8679767417959
Vedie,Iigvu,11999,34,Female,5,51.3242196421254
Vedxnl,Opsymay,18777,74,Male,3,41.2807745779554
Veeml,Idbi,18348,89,Female,1,64.7224704320971
Veepbyrv,Llehic,18299,33,Male,4,79.4378334400961
Veffg,Ubjqnemtb,14946,70,Female,3,86.0097394012042
Vefudgywm,Tpao,7784,56,Male,3,76.595645911993
Vefz,Qccptyuv,15670,60,Female,3,59.1633048725516
Veidyxtcx,Zpfa,9792,72,Female,3,49.2457609969535
Veiqigp,Kydymh,1584,50,Male,2,72.8564744506343
Venqit,Gcolxzu,12052,65,Female,5,75.3062763378069
Veoswkw,Dmycdt,8837,63,Female,1,54.5246656597622
Vepfcx,Btlu,13897,55,Female,4,43.270679972417
Vepgvoox,Pnqjj,8507,45,Female,3,74.8168705039525
Vepz,Mruwoxyi,8476,24,Female,5,70.7595362903504
Veqapdyqv,Awgycavb,6330,47,Male,1,67.5357643845551
Vetzt,Eylany,18187,71,Male,2,84.5037741555873
Vewjsu,Ohsyblg,8572,25,Other,4,66.7813464077054
Vfel,Bfzgbs,17299,85,Male,2,36.950848333408
Vflic,Gbdcik,15827,96,Male,3,62.9737000299597
Vflwpivm,Fbqd,3115,27,Male,2,70.5295499988844
Vfqda,Weguer,4269,49,Male,3,35.0588991981909
Vfuvvmwld,Grgemnt,10827,49,Female,1,49.3343289633439
Vfvnahy,Fuyekfre,9204,85,Male,1,58.5301222125834
Vfxyjpwhl,Msrj,5123,25,Male,4,54.0439803714481
Vfyu,Lkyjiquzo,17671,70,Male,2,55.1723344656053
Vgawxe,Thpfqqyke,18372,42,Other,2,55.4704316697097
Vgbfs,Bghh,4260,47,Male,3,82.2838963032505
Vgdal,Qrvxcttiy,18414,76,Female,5,69.4053118023745
Vgdyqduui,Hokv,7447,49,Male,5,58.5007432552201
Vghzdutxk,Vohpin,4984,63,Female,4,69.4789943785693
Vgieingu,Itvwyghiw,2664,48,Female,4,67.15417229122
Vgjw,Lnsqwe,16135,20,Male,3,47.4972953733132
Vgnxpea,Ikssyy,1074,60,Male,2,62.2614049978335
Vgquqodf,Wlnmsgfsd,11868,35,Female,1,63.6420292440009
Vgqzmg,Avdbuon,6372,64,Male,1,49.5013520375524
Vgxjgkqy,Ncwsmxdep,18088,96,Female,5,62.5509593521664
Vgycdacg,Xwdbk,15176,26,Female,3,66.5896657856573
Vgyi,Izaqboibm,17312,18,Female,2,58.9480665711963
Vgykzlffi,Vdeyhl,14868,64,Female,4,73.3712290484438
Vgynnen,Hsqy,16173,48,Male,5,66.7466912530318
Vgzfve,Blebw,14024,87,Female,4,62.9521460654023
Vhafaz,Ajfcekda,17293,39,Female,2,47.7906535409509
Vhckzc,Xmgrdgx,8286,82,Male,3,72.7917440026786
Vhdfgkc,Mybqe,13806,29,Female,1,71.3076344143672
Vhgz,Afsgyi,1436,26,Other,4,64.8203879367104
Vhjby,Anmx,4345,94,Female,1,57.1276329306105
Vhjenslrh,Iabwrkvx,4488,89,Male,3,80.8270225877712
Vhngl,Scaipxawi,19664,30,Male,1,58.822693299038
Vhnrdbql,Oxjl,8293,49,Unspecified,2,76.7269638751006
Vhrbf,Ezirric,17881,95,Female,5,73.8646716004015
Vhuckx,Gmadttr,19479,34,Female,4,49.5495302685913
Vhupck,Kfomzx,3633,84,Male,3,45.8044087310042
Vhvaac,Zlme,11749,73,Other,4,61.5974356836584
Vhvxsw,Lqobbxf,5345,53,Female,4,69.1666154575778
Vibubz,Vzhdauw,18021,96,Male,4,73.1850814823786
Vidqub,Fmlg,1585,66,Other,1,67.947602245797
Vietjagrw,Ntcscen,19238,82,Other,5,62.668756718136
Vifrlfxp,Ltyabpqet,11922,50,Female,2,39.9671001718391
Vigsq,Jdho,13548,97,Male,2,62.6670332240401
Viia,Edrydmyt,7265,83,Male,5,73.0948592818243
Viifwz,Bemgf,5296,22,Male,5,59.0159454636319
Vilwp,Pirbqvyr,3707,23,Male,1,42.7213121724934
Vinsvq,Lzjjg,19499,87,Male,4,78.0373896194883
Viog,Wrqpruy,4227,44,Unspecified,5,51.3601460810386
Vipxatkzq,Lycum,19979,57,Female,3,81.1366639055917
Visokbl,Nhdndpnco,17556,66,Male,4,65.7525907548525
Viswtr,Uqaculo,6175,85,Male,4,72.3147636610554
Viwdolu,Gwfr,18651,96,Female,2,63.0825040646118
Viytrjfh,Qdosadcs,14614,37,Female,4,53.254115333921
Viyu,Sfgwtrk,14142,72,Male,4,58.7505093168605
Viyumavta,Uogtsh,1572,70,Unspecified,3,46.2794018842223
Vjarim,Vngopys,8248,50,Female,4,52.1258185641596
Vjaxcf,Dsqxnso,10964,64,Male,2,73.4752789384071
Vjba,Xcmrqp,16695,87,Female,2,63.3834454256492
Vjbidmq,Zicwa,12859,55,Female,5,58.9220745301534
Vjcm,Bljtgliy,12786,30,Male,3,76.9410904689108
Vjgyidf,Ngdtcgdx,6477,22,Female,4,59.8065427436762
Vjhlhwya,Ycalqvy,2210,71,Other,3,55.9860135107735
Vjmwnep,Gwyb,16503,65,Male,5,42.3833059045229
Vjorbdmy,Rpmzzxoz,4085,48,Unspecified,3,57.3861056286932
Vjqkntgzh,Dbxwsgo,3561,59,Other,2,71.9528373968601
Vjrmzkn,Plmhpg,15589,85,Male,5,69.5526753881155
Vjuqp,Xzclys,6426,53,Male,4,47.2895547048393
Vjutt,Coegaz,11432,75,Male,3,59.7593187437372
Vjwa,Oiqbz,8196,65,Female,4,60.2186798257
Vjymelvj,Fvfydy,13848,88,Female,2,58.7994573908964
Vkactr,Gclme,14616,45,Female,2,72.1584534155192
Vkai,Yarnksj,18817,59,Female,4,70.2679698571047
Vkaigan,Rdxbc,6984,46,Female,5,65.5856725998487
Vkalvz,Vbojph,13671,24,Female,4,48.8793502795965
Vkck,Ghblyb,1484,54,Male,5,41.2940152186254
Vkdcni,Pftt,3485,73,Male,5,49.4588122128919
Vkesc,Sstrdhimu,17527,85,Unspecified,4,56.5202420906459
Vkfikwciy,Ucjgifx,4553,32,Other,3,65.4222794467668
Vkfvdwtpy,Btuw,11465,83,Female,4,49.9236683205343
Vkgizme,Dwyizj,17823,90,Female,3,65.5610444093241
Vkhbrnnrs,Bxytuyjl,14190,74,Male,4,54.7492124466667
Vkhdgm,Ykidq,12610,95,Male,4,45.9982013045832
Vkiedb,Xtrfpyvem,10489,33,Female,2,45.8612595212331
Vkjofozg,Sojxeruv,5770,45,Male,5,72.0724958590436
Vknekxqd,Pfonokle,3931,45,Male,4,66.3994971175921
Vkomjh,Xokjvxwz,1378,96,Female,2,54.9563216112335
Vkrpq,Ophe,5207,32,Male,2,64.8070359653237
Vkscrd,Jgvkz,8868,18,Male,3,69.841743049308
Vkswh,Kfin,14570,72,Male,2,77.8923415236046
Vktqg,Obojylu,13288,46,Other,4,73.7574958867773
Vkvcwl,Nzqdhlbi,15892,57,Female,4,40.0656322185202
Vkxetgr,Blck,19275,54,Female,4,54.9526685788639
Vlblpmpm,Xqtph,2482,64,Other,2,72.021151405861
Vleedhrg,Pksgohc,16278,58,Male,1,44.2998374315467
Vlfu,Ffbpa,9020,76,Other,3,62.4167170492782
Vliwr,Hlfxnf,10403,81,Female,3,40.5985217026324
Vljs,Sjaetexqy,4452,70,Male,3,54.75912486673
Vlkxnanq,Xrsxkfi,6715,60,Male,2,59.8679171052554
Vllrccpvu,Rujda,10256,26,Female,2,49.8708231449711
Vlqciposv,Klweckal,2993,43,Male,4,59.4821053362679
Vlra,Vybhtim,17278,26,Male,3,62.3516041092893
Vlvyz,Zwvykzxb,2374,82,Female,2,64.6544648105929
Vlyy,Yczbvbbs,13624,21,Male,5,52.825963010977
Vmcovzxz,Lzacepr,18416,23,Female,5,37.7965712197312
Vmdguht,Zevtzzw,10513,90,Female,1,63.5347776031846
Vmfrfbof,Hbobpeviv,9702,39,Male,5,53.5462372030342
Vmlg,Crjqu,5886,57,Male,1,47.1857063331772
Vmnsvdwqe,Wobotnpvr,8587,98,Female,4,61.0702659847269
Vmqxdjor,Etopcqss,17079,18,Male,2,80.4773047795609
Vmtymiv,Yocmfb,14780,67,Male,5,74.003148688152
Vmvnmln,Tvzylkr,16514,98,Female,1,41.400029536345
Vmyeo,Hqcbtm,2002,27,Unspecified,3,55.4064264957751
Vnftliar,Ajdrbwend,4802,85,Female,5,50.0701546969527
Vnfwq,Lgfvkzj,8051,23,Female,3,63.8453510361642
Vnimfxlgq,Kevfkadhz,4127,97,Male,4,54.0444985671392
Vnjpzmhr,Jvtn,19800,66,Female,2,51.322065177254
Vnoct,Mlscrvu,7173,89,Male,2,64.3149782263675
Vnrdjeyxz,Alyhnugsv,4080,74,Female,5,29.7227826891363
Vnuarepgq,Zzwvx,13964,33,Male,4,58.5053344546326
Vnuqk,Dkxwfv,12090,91,Female,1,41.01338504323
Vnvc,Pfvwseaqq,6481,85,Female,4,68.2116686717769
Vnwwzp,Rekk,12580,48,Female,3,55.9874919080004
Vnzexio,Cekc,6371,59,Male,2,67.5238053013547
Voab,Tdkzase,1715,96,Unspecified,3,57.7539168068255
Vobzhkwm,Lonnlaai,19893,86,Male,3,57.301669172164
Vodv,Albora,4223,76,Male,4,25.1274277601069
Vofq,Qaygtoni,15838,19,Female,2,69.9561050803738
Vofy,Xcalbl,1810,89,Male,1,53.651054493039
Voiok,Gjqbj,9813,94,Unspecified,5,31.6895207356121
Voojl,Jhmcshjw,4339,24,Male,5,61.1031811895431
Vopbmlzh,Kbugv,7532,54,Female,3,41.2650759655476
Voqet,Cdyd,11611,98,Female,1,55.0784201515874
Vorqexsh,Jccmb,5239,38,Female,1,45.1893135978821
Vosm,Tzjmqoym,1343,45,Female,5,61.2622900086908
Vosnou,Xvkario,1892,29,Female,4,62.8307579620119
Vosspmbe,Lxlgrws,16589,37,Male,3,56.6613263768231
Vouwd,Bcjd,1837,32,Female,1,61.5916970256984
Voxn,Dsdu,6875,60,Male,1,76.6380876220738
Vozqzwvtb,Etjfp,11361,58,Female,5,58.7778667711893
Vpbslru,Kthiof,4977,30,Female,4,56.9637648606578
Vpeaczq,Mcke,18939,58,Female,1,55.1114782805174
Vpellm,Rcdbgbz,5572,63,Female,2,50.6674552522145
Vpfejakcl,Xdppeu,11947,33,Female,2,51.646188881729
Vpfl,Gpyhcbzth,5116,58,Male,5,56.0188635032215
Vpfm,Fewtcyvh,18163,32,Unspecified,3,68.1623604869596
Vpjgvlshb,Lldatvb,2266,47,Male,4,59.8425165260382
Vpjmpnqy,Zisobixb,1072,69,Male,1,84.7260742804904
Vpkaifhd,Vmbpyuu,2449,50,Male,3,55.2953248170037
Vpqrkrd,Schq,16454,97,Female,5,67.7163106737506
Vpso,Vpyzoip,17448,31,Other,3,52.2590850504038
Vpwdphie,Zenszg,8279,63,Male,3,32.3791152674546
Vpzoueqn,Fbdjofxib,12404,83,Male,4,45.9830920521051
Vqbtwo,Kghdohodd,18509,78,Other,4,49.8919937993314
Vqcmjt,Uwluxid,18844,26,Female,4,72.7193962715458
Vqdn,Fszlvpqjz,1972,50,Male,5,49.0290194274696
Vqdqazep,Chfg,14298,96,Female,1,41.4237516610224
Vqfmxac,Rzngs,19867,34,Male,5,54.5666417331956
Vqickzlw,Vepqqqmai,16207,56,Other,5,78.4887502308791
Vqnteqkg,Hdtzxdc,5393,69,Male,5,50.5857178842355
Vqoscxa,Xsthrqj,7018,33,Female,3,48.240662890258
Vqpgljegm,Dpanjijer,10799,63,Female,5,73.245662721586
Vqqdrk,Uutobg,17032,18,Male,5,44.7961533066968
Vqsarrkje,Sxnvb,5081,80,Male,4,41.2424557821444
Vqsqbkca,Jfyxt,15813,39,Male,5,53.955391301216
Vrbzex,Lvpwdaosy,10139,39,Male,1,70.8273284173997
Vrcyce,Ssoqof,6244,77,Female,4,53.9331895162823
Vrdv,Qlfroj,5129,40,Other,5,66.8909527143995
Vrek,Cmvlg,7384,31,Female,3,73.1302580090864
Vresxwca,Aiutkohxi,17297,62,Female,1,47.167589034595
Vrfoafyg,Ipfd,4752,61,Male,3,68.370943434937
Vrguk,Syaiznlyi,13662,33,Male,3,40.8825915006102
Vrlmxvv,Ogcsernpk,12315,35,Male,4,46.5313755095081
Vrmw,Nhxapgl,1887,61,Male,3,28.996604049428
Vrnjjjldw,Ysjvrtxp,3235,36,Female,4,65.5372121057966
Vromj,Zsqfff,5582,83,Male,2,91.8971053711686
Vrqhyxh,Bjljp,12699,47,Male,5,78.7877568940125
Vrrdgtyo,Euwf,6138,66,Unspecified,1,41.344347392872
Vrrrv,Xbczjw,6939,27,Male,2,49.9473762606885
Vrwp,Sdwvhel,4183,90,Male,3,47.0860446573615
Vrxnfyuf,Qzllak,16875,54,Male,2,49.6654493473745
Vryglvtb,Xrryx,15251,82,Female,1,57.9928181050522
Vryx,Nmygee,15579,58,Female,5,52.5399423593426
Vryxuto,Rzpjele,12825,60,Other,3,63.3381309985827
Vryyzotit,Yqnktb,3448,87,Male,1,54.2657425801994
Vrzaiawuo,Eaemcgfqu,19685,38,Female,2,40.8254112375265
Vrzcmv,Aklh,11132,21,Male,2,60.3551010036798
Vrzlx,Jiqoshpgb,5295,89,Female,3,57.942352634908
Vsfungze,Nditbb,15834,24,Female,2,55.594028596114
Vsgf,Adlyqkbd,6650,39,Female,5,51.9003282643701
Vsjjvepi,Euaohiwxn,19562,76,Male,1,49.8581736130258
Vsldhcl,Snyxrfzbz,13916,68,Female,4,47.2164597148915
Vsnc,Bfyecxxgn,1375,36,Other,5,54.6853304785142
Vsneysbqh,Hksf,4150,74,Male,3,29.9159679815064
Vsoxx,Uvckn,13026,71,Female,2,62.7605725033446
Vspsfuxbo,Vkayoid,9047,19,Male,2,66.5641192859446
Vspxwmr,Gelts,15221,35,Male,3,49.732812794464
Vssboapv,Drlwxd,15427,53,Male,5,61.0774629163822
Vsuepbyh,Rzkqcj,13745,90,Male,4,49.9086747609201
Vszttptf,Qafgl,14919,43,Male,1,71.3337294318024
Vtcpq,Obaqxzi,9320,37,Female,3,72.8295675417444
Vtcs,Xssf,2973,75,Female,5,52.606703060027
Vteek,Fdzznfin,6660,73,Other,4,58.1045118542767
Vtkgchwij,Lnmazbgqk,5926,95,Female,2,62.2159217368875
Vtkhjf,Jheah,1309,55,Female,2,57.3658254252252
Vtknjeqpo,Ezeqdgmj,17277,69,Male,2,41.3118041471231
Vtljsz,Bllbgl,11370,46,Male,4,68.1780241358842
Vtlwtkqqs,Ugzkxpssn,8795,70,Female,4,68.3282309179369
Vtmwj,Nswk,17649,61,Male,3,64.1988704400239
Vtqllzhcs,Gkvihpir,5697,31,Male,4,46.0331383626223
Vtshr,Hbyilcp,11337,26,Male,5,42.4486586632963
Vttbtx,Atamvr,4194,44,Other,2,42.8395175181598
Vtwgj,Lxwtov,11400,88,Female,1,37.7994024283419
Vtydxsyxg,Unuaq,3043,52,Female,3,41.0441961135792
Vtyneokka,Djuiwwta,15921,55,Female,3,69.9676472741821
Vtzeub,Zanxt,16872,62,Female,2,43.6837043735492
Vtzgp,Riaidgzs,12236,73,Female,3,56.9413346217971
Vtzpe,Vheuwo,14562,78,Female,2,44.6070154267022
Vuaya,Swlzgo,10902,24,Male,3,85.5605476430693
Vubwhbg,Ajluyxvpr,5066,42,Male,3,65.0624251561455
Vucu,Bpqmmii,8421,54,Male,4,59.2279042998967
Vuen,Bnrrv,4656,52,Female,5,53.8255708182566
Vufur,Wpok,9632,97,Male,5,41.3788671726237
Vuhuj,Oeolfrf,3449,25,Male,4,70.7395792712206
Vujk,Zbhd,16217,57,Female,1,73.4411435113007
Vukunelc,Theso,10050,64,Female,3,63.973509320411
Vuluw,Pndy,5037,31,Female,2,88.5574570523387
Vutz,Tcawb,12124,59,Male,2,78.9622532719959
Vuvyx,Mheg,12302,66,Female,5,58.7352263409188
Vuvzvdwn,Qwgszqxd,18803,66,Male,4,31.3186172230017
Vuxsavid,Lfhfkm,4605,40,Other,3,71.3739932461665
Vvcnp,Umfqyika,12078,88,Female,5,91.6311058231026
Vvctifzt,Bfsorrm,16613,69,Female,3,51.8998682677499
Vvdnjslqz,Xewllc,1440,90,Male,5,73.2692539526719
Vvdohoa,Gtpjtuz,10200,27,Unspecified,5,63.5252083808386
Vvdvy,Vbmnkm,5198,45,Other,4,54.8103330940122
Vvetnyr,Wbcs,13366,51,Female,1,40.0337330890541
Vvgfw,Kcnbrj,12482,50,Female,5,37.5576145908985
Vvgmhdyk,Cjogtuuz,9712,33,Male,1,73.9219465995633
Vvgsb,Cajvmo,18476,83,Female,5,64.6490469355191
Vvhxuafh,Ecfsg,18623,40,Female,5,33.3274240681202
Vvieda,Hiaronlsw,4690,89,Unspecified,1,64.9115106017961
Vviy,Znhgcqtgk,14974,18,Other,1,75.0561213618559
Vvmtphnpp,Mebyxaor,18590,60,Female,2,58.5364650341067
Vvorkggsm,Kegbei,6349,36,Female,3,54.21477127375
Vvpv,Oshnbrec,9946,64,Male,4,66.3647024847289
Vvqygmh,Bdyh,11808,96,Male,1,52.6691364221763
Vvvihurmq,Izgiz,15284,73,Female,5,81.8285902288844
Vvvolbm,Zawx,19456,69,Female,2,63.8416624755319
Vvwzfd,Yeywzep,14436,65,Female,1,70.3763917034514
Vvxgvvlyo,Lnbwxixvs,6040,82,Male,1,59.2644831836256
Vvxte,Lequipy,9801,85,Female,4,59.1668077505921
Vvzfhamf,Qkaftado,19013,60,Female,1,63.1541610515382
Vwafbas,Otxiynmk,6583,66,Female,2,69.3615669506881
Vwailslnf,Olmauch,6418,91,Male,1,47.0645859627572
Vwbkm,Iiccnvu,17073,68,Male,3,73.7543474096106
Vwbmtty,Rhpg,18535,21,Female,4,71.8812275516698
Vwcl,Ygfo,3477,24,Female,5,46.7986317044041
Vwdewfndl,Zegyqmf,11249,30,Female,5,64.7728910824295
Vwfxelcgg,Zccoejdt,4213,41,Female,4,64.5541345868808
Vwgzlqytl,Xcwdn,7277,55,Female,1,45.7315102160479
Vwhdrfzq,Otufhlv,1461,47,Male,5,58.6096967817403
Vwhmuql,Izkba,19092,53,Female,3,52.0528028469988
Vwioyrq,Atzvfpj,16874,23,Female,3,68.4293190954418
Vwmzbvgos,Wxwhtsedv,13726,24,Male,2,72.1722825937318
Vwngdzp,Evywh,10189,28,Male,5,64.6773375385888
Vwod,Nbelp,11835,90,Unspecified,5,63.6029839336635
Vwojhqht,Gpleelv,7630,79,Unspecified,2,62.8364358799026
Vwomgz,Lcou,18482,44,Male,1,61.6969430356672
Vwophxps,Qponks,6946,70,Female,3,63.0142454763536
Vwqa,Umvddce,1721,63,Female,4,58.2083737797874
Vwrmi,Mcojo,4428,76,Female,1,53.5743846737598
Vwssxdoa,Exppqelr,18491,94,Male,2,55.7578214762954
Vwswjs,Ziaiztinx,7599,25,Male,5,45.4288100904702
Vwvlze,Xmlwbrck,8939,41,Male,4,51.057662833884
Vwxwp,Uynvb,8481,19,Male,1,62.1668102528356
Vxcf,Rdqgizmc,19630,91,Female,2,83.1552176457906
Vxewsfeud,Jjibm,12378,41,Female,3,66.7052826593078
Vxhff,Pzhe,11352,88,Male,1,53.6439741751354
Vxhiewzjd,Xaeaih,3779,91,Female,2,72.5604070306132
Vxhrtwsd,Qvqpxrjb,6645,90,Female,4,49.7252929925169
Vxieceqh,Ndztsd,12669,75,Female,2,61.8714756366438
Vxix,Mpkbts,2810,36,Female,4,62.583027061752
Vxkeyxb,Uzuvsubpx,5615,87,Female,2,72.3548254195298
Vxngcfhzl,Irkgpmy,18292,38,Other,5,65.1564991905618
Vxnxb,Yken,2161,70,Male,4,55.3037280918885
Vxnxu,Etfflic,18602,19,Female,3,84.7158241972333
Vxqddgarx,Zskljun,9319,98,Female,1,73.2399870785613
Vxqu,Ctdt,11151,83,Male,2,61.6111540515195
Vxunhq,Yhwcfuj,2153,33,Male,4,55.4781751382642
Vxupclehr,Eolclk,17138,55,Male,1,49.1904750616297
Vxuqlt,Hpeoqone,18589,80,Female,4,51.1908887796984
Vxzaodvf,Rfwxncobs,12826,54,Male,4,72.294361346202
Vydlsr,Mwngt,16363,32,Male,5,56.9064700723099
Vyhkeowxy,Tespkg,16161,63,Unspecified,1,48.6206307492013
Vylwiaz,Dlybymnen,10951,82,Male,4,40.9044173574527
Vymtwuqmd,Wymstfozw,5500,53,Male,3,64.7223041255625
Vymuxkys,Phcdb,17978,38,Male,2,81.3239553129378
Vypmdwb,Jnavanp,13937,39,Male,4,64.4602064903289
Vywfbv,Hnlwdqk,7736,42,Unspecified,4,89.5385148287439
Vzaz,Tjjyvcaxd,14360,57,Other,4,79.1413330327817
Vzeg,Dcpwarop,15799,68,Female,2,42.9048331676785
Vzfjm,Kidrsknnu,1960,28,Male,4,35.6086401017963
Vzgof,Zhvqwcm,13166,19,Female,3,64.4839141126376
Vzgtbjvl,Jbdrn,7131,19,Female,3,54.4522543656719
Vzhp,Dcovuakr,12707,79,Female,3,61.3479551109479
Vziz,Xrajo,14313,81,Female,1,64.8194267528887
Vzjq,Gatmnt,12053,49,Other,1,60.1231260925373
Vzqsn,Ighyzoobo,19345,39,Male,2,53.4775502165346
Vzviplc,Eujtemga,11284,52,Male,4,54.1476725705264
Vzwrkpeb,Mcbzhbvv,5119,64,Female,5,50.6413066509727
Vzwxwssjx,Sbgztp,19600,34,Male,5,61.5154588045285
Vzzsgx,Cmlegec,11032,55,Female,2,55.2103043603068
Wabrqrvaw,Mifojiid,9642,43,Female,5,49.2105474595425
Wacrk,Hmvf,14755,22,Other,5,58.5687781767011
Wacvnno,Zkqeoui,12687,61,Male,1,40.2720612984701
Wagt,Vetsonimh,11819,73,Unspecified,5,59.6045215250262
Wagtnpuog,Ethuvjrbs,12239,36,Female,3,57.5093875576682
Wahhrapll,Kagy,16621,75,Unspecified,1,53.7376150760492
Waltdb,Mvtvp,4147,56,Female,5,45.8159592423985
Waoioirjz,Cbpw,4782,58,Female,4,63.1598290583885
Wapns,Cvek,13632,44,Female,2,61.4864709583721
Wapsvfmkf,Sxsahchy,10541,75,Male,5,50.8689176797201
Watkolmgo,Mmbwwjbc,6485,63,Female,2,60.4812596967213
Waxneddtc,Wbvycoy,17062,91,Female,1,69.0663406739494
Waxvizs,Mgfim,10662,28,Other,1,45.8585947331186
Wbddcu,Asxuz,8653,34,Female,3,56.5061320856651
Wbetnwocx,Gxmhh,4217,68,Female,2,74.5957555282491
Wbibfs,Szhsufmg,2704,65,Female,2,72.8111352265168
Wbio,Lxarhzxw,10601,52,Unspecified,4,52.142988849356
Wbjgdz,Psvlz,16432,63,Male,4,54.8552421174242
Wbjkrb,Ykyyqkcr,7049,19,Female,1,60.0335684728681
Wbluxrvo,Dfbu,3226,59,Male,5,82.4764638110109
Wbmg,Luxrlvvj,16900,49,Female,2,64.2999811850589
Wbolst,Lkhjskqtf,5374,74,Male,4,87.0621727415873
Wbotwlfc,Ghytc,3512,68,Female,4,63.7337710549208
Wbqocbsc,Bwtnsai,17067,63,Male,3,56.8842988672155
Wbsjlu,Umphgrz,19690,95,Female,5,31.3761641333209
Wbsmimws,Bmtghhy,19699,69,Female,4,68.4352180819831
Wbsuqsjm,Mlrfxls,11023,63,Female,4,59.2240227301996
Wbvutaudn,Rfowq,19530,26,Female,2,59.1214651999948
Wbwwa,Qurtkouoy,11617,70,Female,1,47.743264766074
Wbxzumiy,Clxhj,12823,61,Female,1,80.059322213789
Wcaz,Rrfwpyjk,16139,29,Male,1,72.1036952336398
Wcbmdxx,Grzfzuesh,3611,41,Female,2,44.5449405484495
Wcbwg,Jewjgqqj,4397,23,Male,3,61.8844200643856
Wcdwmdug,Uqute,13456,60,Other,4,75.0728852933951
Wcklrsdj,Meabqtk,8642,21,Male,3,53.3545660333317
Wcollau,Omuba,8650,39,Female,5,73.9985388496781
Wcsfhsj,Uxdq,3661,33,Female,4,85.5139446682012
Wcsgym,Rvcslo,12640,33,Female,5,40.3772358678615
Wcsiuvxlh,Qpthygoj,6395,41,Female,3,65.6223247431965
Wcssyl,Tckjec,14088,96,Female,2,55.2807446484154
Wctrdgqo,Hvyxy,2364,22,Female,5,72.0055251341949
Wctvsih,Asebdcwsp,2315,62,Male,2,57.2925693533513
Wcxz,Mtkqu,15561,98,Female,5,72.6813297935718
Wdauefdo,Tlbfxel,7768,19,Female,3,43.5450472615009
Wdchsqwn,Gmaju,17950,67,Other,4,82.915834207534
Wdcygfxnn,Offosfr,11540,73,Male,5,68.2341305685794
Wdef,Ppqxagmyz,17233,78,Female,4,39.6527685463794
Wdfcop,Zhpvqlobl,15596,82,Male,5,49.5609055147184
Wdfva,Uerp,4402,51,Other,2,70.2423797704933
Wdgqvqtak,Lbmo,19030,56,Female,4,56.9083129744657
Wdhl,Gbbrll,11732,18,Male,2,55.56304294868
Wdiurv,Xkpng,12633,30,Other,5,55.4955663110277
Wdoofnfq,Nwsly,16651,79,Female,1,52.2457081604061
Wdqyaaxfd,Jzdtlg,15085,19,Unspecified,5,51.2843126026646
Wdrn,Tuibwtwvd,5430,53,Female,4,59.7811594922801
Wdthinfa,Gyujneuxb,15679,90,Male,2,55.824092187682
Wdwrsipyv,Aihy,16155,85,Female,5,55.6951450861174
Wdwugmt,Uwuqisj,13037,31,Other,4,61.826376415497
Wdxfll,Iotpko,1195,55,Female,4,85.5355902037081
Wdxrrrk,Zynmynves,1238,85,Female,5,71.6543650743255
Wdyjvox,Jnrsnydx,1175,55,Female,4,57.5871984618128
Wdytpylt,Xswnwpt,11870,90,Female,1,53.0595079270259
Wecaayy,Cxzmrela,3875,95,Female,4,60.505702939979
Wecgfjkog,Covx,5804,29,Other,3,57.2427848978845
Wecpoh,Jzfesb,7107,73,Male,5,46.7269341017746
Wedyjcpdi,Jhmortjvd,16255,18,Female,3,66.0788050279092
Weeerx,Wtlowqwyi,8397,68,Female,3,56.2859192688446
Weep,Slpqvati,10207,18,Male,3,36.0476394084674
Wegria,Uhlti,1091,77,Female,2,48.1757982935056
Weiqup,Ahgiggg,2358,47,Male,2,58.1569498600876
Weis,Borhdoe,2171,68,Male,3,57.3011628576753
Wejk,Xyzwkgtcx,1542,92,Female,3,52.6078368112786
Wejohgoi,Oiczcv,19528,23,Male,2,62.6147552363492
Weprzidw,Szmdhxy,5661,32,Female,3,65.8519561902995
Weucntcmr,Wuebzed,17458,72,Male,3,69.4725385852308
Weuovied,Xinayu,7405,49,Other,4,66.0014851685202
Wevdman,Uyfg,5716,54,Male,2,54.6671431836163
Wewhmbmun,Oumuquq,5839,88,Other,2,67.6947565366781
Wfajuytc,Tvberivgs,12247,45,Other,3,62.1371138480463
Wfamiudp,Zbzdpaxev,10471,42,Male,4,70.3485014180435
Wfatdkp,Gaahwhw,14987,74,Male,2,79.6076692533472
Wfaydih,Apevkdxi,1333,77,Male,4,47.8538640376922
Wfbqkb,Tvjj,17090,68,Female,2,54.9450113389815
Wfdhyyp,Nbos,12770,50,Male,3,55.1671256467259
Wfebbw,Tymcp,14003,65,Male,2,55.4088270337769
Wfloxuoyv,Sdwcrd,4380,93,Female,5,71.2015235403943
Wfmdt,Dqxfqse,19987,79,Female,5,73.0809057364041
Wfqmoyit,Avccmusqr,2767,95,Male,4,36.9813749578291
Wfrofo,Bpuvxqsd,18972,58,Male,4,68.5217324735352
Wfvjiuzxv,Trfqto,19188,81,Other,1,48.4960076592839
Wfxpwx,Qhrj,7320,70,Male,5,65.4516748333712
Wfzqbuhck,Odcyvypw,14411,96,Male,3,56.0408309575348
Wgaref,Amvmgx,1113,41,Male,2,67.8575362934573
Wgfmjtibr,Dyhvf,7780,98,Male,5,61.7851929725987
Wgfztvlnu,Oetn,3545,43,Male,3,72.6089079860604
Wggqkezln,Ferteqb,12054,66,Female,2,80.6126684717624
Wghpc,Qzhusai,16293,68,Male,4,51.4507085774221
Wghuqp,Elqqq,11776,91,Unspecified,1,47.0715504336694
Wgjcqgnlp,Dlurg,18708,53,Male,3,74.9308050273012
Wgladjd,Kyvbvfcr,6898,58,Male,1,68.5028997804415
Wglvjau,Rdgxwyqi,17807,96,Male,5,57.3298390324811
Wgqsy,Uvkjtzj,5509,29,Female,4,67.7616783924027
Wgvx,Zjtqb,15099,49,Male,1,43.7192273635478
Wgwcfnpid,Tlyhimd,13011,93,Male,3,48.5732996461837
Whid,Swgtqovb,4503,68,Female,5,39.7453703098552
Whjjw,Hkcjxltc,10932,26,Male,4,45.5649086922286
Whktyql,Gtxkwhj,10562,81,Female,4,72.1472096833239
Whldnetjl,Yejezwr,4887,31,Male,1,69.3349436287495
Whrdd,Ewlxoi,1941,26,Male,3,46.6910814563673
Whukxmnwi,Mfujqnto,15457,60,Female,3,82.7620207133207
Whus,Pdgubqmu,3775,49,Male,4,82.9120764416293
Whyjz,Fhsdhpmc,6035,61,Female,5,71.5437548195123
Wiabrsnj,Qsxpvyz,19373,69,Female,2,66.9179703874121
Wiajip,Sgkqoge,1305,76,Female,2,52.614960301906
Wiale,Dxarqkoai,17884,65,Male,3,64.3261793850567
Wifat,Tizuqlbtb,11525,65,Male,3,36.5101005910049
Wigipc,Avvtv,14558,74,Female,5,64.5453422539638
Wihdmq,Huelgpyib,15615,96,Other,2,66.5624674046524
Wihnovk,Uqunkrib,7156,73,Male,3,63.8399072959872
Wiiyg,Elgpsj,15949,51,Female,4,63.6638841775633
Wiojnwvvo,Deirweoto,9294,31,Male,2,61.0232731509718
Wipyv,Cxcrreonr,1033,92,Male,4,62.8644107722672
Wirmhvds,Yirpachrz,11028,98,Female,4,61.0212978446254
Wisbrpg,Ttjac,4862,84,Other,2,65.7192338682841
Wixqkoje,Bhscjb,8450,76,Male,3,65.6679804776965
Wizwabj,Npoq,19230,86,Female,5,64.1552387446502
Wjaojnjkh,Oqtlphf,5227,66,Other,3,52.4451400641252
Wjcticoms,Xslc,5361,73,Female,5,54.967466938744
Wjjhbfjf,Towtzphlk,11690,29,Female,4,48.2644448585055
Wjjxitv,Cque,9036,55,Female,1,58.3877236537291
Wjkox,Tsubji,12777,70,Other,4,72.1558440726405
Wjlkyalap,Knjmief,15720,26,Female,3,62.4769582243894
Wjmc,Wdip,13159,89,Male,1,58.3889537999559
Wjpsjvhvj,Jbeockjm,12319,36,Male,1,85.7349226294267
Wjshol,Ksyx,19035,31,Male,5,68.7535981538811
Wjwblfkeh,Dimbihxv,3753,89,Male,3,61.2888293030639
Wjxmevzib,Bzqdgkpml,4096,29,Female,5,73.6098731985055
Wjxmrwg,Iolha,2583,65,Male,1,55.3406583135883
Wjxphctny,Ggrs,8505,54,Female,4,63.7265279514668
Wjxwmoej,Xamwyt,5413,74,Female,1,64.8518205197668
Wkgueqn,Yhfw,3195,79,Male,1,79.2677590582112
Wkhir,Nivube,3983,74,Female,3,69.8146326175628
Wkhqtcthm,Csppjvs,11744,53,Female,3,46.1422803192163
Wkhzaq,Wvul,12365,56,Other,2,58.3710231376218
Wkjfshtjw,Stqywg,12129,79,Female,5,51.9236661403483
Wkkcjhhqa,Wfqkb,15048,28,Male,5,44.1511640861937
Wklj,Hhzlrhdq,9149,19,Female,4,61.641348609644
Wkmhtr,Hhvjoj,14580,95,Female,3,66.3648389364867
Wkos,Dozp,14740,85,Male,5,80.0308229496457
Wkpppnf,Imqhgxdw,6440,40,Male,4,72.4046923865766
Wkppyzj,Qdyxb,3619,92,Male,1,42.6906786099983
Wkrgoptv,Gtmhoy,4444,82,Female,4,72.2052881261691
Wkvl,Tspz,1526,57,Male,1,53.6646493828016
Wkwfry,Unsrlz,8496,66,Female,1,51.5342095701125
Wlaokuzum,Njfdp,18998,60,Female,1,61.7525078634888
Wlbs,Ovelrysa,9762,34,Male,3,56.9296117509676
Wlcah,Yzjvywhm,19731,29,Male,1,67.9310999416393
Wlch,Gucdvdeau,4711,74,Unspecified,3,63.3555672917487
Wldwdo,Gxrwcenjk,8516,81,Male,1,72.0409078465945
Wleww,Yngfjj,18215,72,Male,5,50.5369416849473
Wlnfy,Izawl,15274,89,Female,4,49.4553924234332
Wlof,Tghbxj,2442,86,Female,5,36.6968580249457
Wlrci,Hfnposxm,15171,91,Female,3,62.5662172988789
Wlsflllju,Ddzrqdf,8649,70,Male,4,58.7678010812781
Wlsxcwzsk,Nthbwzk,6532,44,Male,3,56.2260916699189
Wlve,Huctc,9954,84,Male,4,64.436094053301
Wlxngl,Lzknyndf,9857,36,Female,3,40.2229886644159
Wmcz,Xmvzda,9908,84,Female,1,65.3442069381607
Wmdjbzzpl,Ezkzo,8644,53,Female,2,57.914293395133
Wmetzsx,Bbcj,18166,22,Female,5,58.2715688659088
Wmgoymrme,Kfag,3349,38,Female,1,66.2255077006036
Wmisk,Owudnlu,3164,76,Female,5,80.7543271824694
Wmkdcly,Bulzmyia,13579,76,Male,1,61.6709312955625
Wmqacabj,Uoacwohdf,15331,80,Male,1,52.2654657000166
Wmqdir,Ywbuhrtn,16261,48,Female,1,23.4810520879091
Wmqvtf,Urepps,2680,25,Male,4,59.0301967742536
Wmts,Yucunyg,15038,96,Male,5,59.7042157326807
Wmuojbeow,Coldblrrj,17999,43,Female,5,50.6954481477719
Wmvvsbugx,Svufyms,3940,67,Male,3,48.411879999497
Wmvzrf,Ssgha,18610,80,Unspecified,3,65.3640584807087
Wnbngwxt,Iupdeesg,19889,60,Female,5,68.2306272986736
Wncuixitm,Fldubnk,1135,23,Male,2,75.4801288736197
Wneismyyb,Cpzdehhh,8968,20,Female,1,72.9603923647578
Wnek,Lhqu,9258,33,Male,5,49.3892537479913
Wnepwc,Zakcib,12021,76,Female,1,47.9819831282409
Wnhklqad,Iprhkwd,2057,68,Male,3,63.4961632535812
Wnhx,Dmcaxvn,17231,83,Male,5,66.0367450539999
Wniu,Sefcvd,5722,22,Female,2,72.8183895657084
Wnlf,Cvaopzzza,14016,44,Female,2,68.4128142599852
Wnmijw,Drwuds,7561,57,Male,4,48.7171593756695
Wnmp,Ruqizaq,5426,29,Male,1,91.9939364014714
Wnod,Sytg,1099,45,Male,4,59.9598501249446
Wnptwg,Iauexcf,16664,67,Male,2,62.2363730067906
Wnqcdb,Oaffx,8371,45,Female,5,55.7955185305661
Wnqudzppd,Zbtjqq,3428,54,Male,3,75.0975453586359
Wnuiuw,Pycyp,16400,91,Male,5,60.2102992817114
Wnvrdnti,Hsshj,8716,94,Female,4,64.9678892337218
Wnxqiphjj,Faaz,12235,62,Male,5,67.9146229259962
Wnzecuial,Coob,11244,85,Male,2,66.6262039545979
Wobp,Fxqeqwawl,10192,98,Male,5,65.9164498059002
Wodwq,Lbvdejrb,7103,31,Female,4,39.1127067819268
Woginvs,Aruzif,4252,76,Female,4,43.9695207352232
Wojr,Ukurgwgv,19725,46,Male,5,37.4716446700419
Womebrie,Pfrx,11670,21,Male,2,53.7249839143715
Wosehrw,Ehbqrkuyr,14216,58,Other,2,63.5180094799658
Wouzd,Onut,17703,95,Female,4,81.4703993600315
Woxdaa,Kederjkm,13592,83,Female,5,49.5744399634427
Woxqjb,Uqgsmhlf,13223,89,Other,2,56.0128668103103
Woyqaulgo,Njcg,17238,42,Male,1,58.5685095113217
Woyzxxae,Ykdgsqks,8039,24,Male,1,65.3781028091213
Woznmf,Ghwzh,1482,22,Male,4,78.816505088863
Wozxjbsu,Zzktmcre,8833,75,Male,2,52.3754980994123
Wpah,Kkhkiui,10760,39,Male,5,49.81119797177
Wpbqalbkn,Ucgk,2769,24,Other,5,47.1756065405014
Wpcmfbgvs,Jrljpql,19791,71,Other,4,38.2047391322614
Wplorja,Meqtre,18342,36,Male,1,80.1790013784556
Wplznr,Iohmmuxh,19235,74,Other,4,58.8430461332956
Wpmwflf,Uumzu,8870,28,Male,5,56.5999806045166
Wpobgjrh,Crmihwz,19506,77,Male,3,51.64512117067
Wpphy,Lzqirhdkq,2902,44,Male,2,53.0894961815875
Wppwzq,Vqxm,16713,25,Male,2,49.5357831257631
Wpqi,Lvlh,8635,73,Female,1,72.0284810151815
Wpqj,Ntcebsl,19955,79,Male,4,66.9824103351506
Wpxpc,Tymw,1314,62,Female,2,77.0983883856055
Wpyttzl,Fopmwq,1162,93,Female,4,66.1360248706292
Wqcgekere,Oqfzmqlwi,1779,28,Female,1,48.2631998205362
Wqcocuvf,Pjgjyouon,14421,29,Female,4,59.8716951539508
Wqhzsgcxc,Fzmh,6433,86,Other,1,48.00423656619
Wqjb,Cdovu,18410,47,Other,5,83.3148324294501
Wqwkvrix,Odggsjxb,3552,76,Male,4,59.4718584712313
Wqwlbgjzd,Innumlte,10503,29,Male,5,57.0217364469184
Wqxbrjx,Qpciqvof,19959,65,Female,3,54.8555261829497
Wqywm,Akvjnqyxd,9959,74,Male,5,52.8761162113013
Wqzqaanz,Rmagl,7368,33,Female,4,42.4920503151984
Wrbl,Yfzq,2078,27,Female,2,69.7273684317046
Wrchkxasq,Lxdweqmn,2937,75,Female,3,51.2437225959536
Wrdtow,Obhel,12537,46,Male,2,55.5136889882748
Wrebsbggi,Lxtibl,17642,61,Other,2,49.0359474225621
Wrgaapagp,Lrmpxl,13021,46,Female,4,67.3864069319939
Wrgc,Xyjzkfn,3920,33,Male,3,60.9569475306436
Wrgw,Qrouu,19362,94,Male,3,66.1654409873401
Wrhkdhab,Izbzsmvqp,15771,82,Female,4,52.502766121082
Wrhmdc,Qgsiojw,12300,32,Other,3,77.2998782980142
Wrjckumcw,Kjvp,6782,90,Male,3,45.3122807175224
Wrkd,Ouvgp,12094,84,Other,2,66.0765283623193
Wrofzf,Kgpise,3970,79,Female,2,80.3037782621924
Wrqda,Tyxcag,18800,46,Male,5,49.3431196389245
Wrtyoyx,Fkwvf,3342,56,Male,2,52.6417969017798
Wrvty,Ddoreqjjb,9068,61,Male,5,59.2730776241616
Wryovb,Cltv,12320,22,Female,2,66.4871756462409
Wrytbe,Rhdo,9987,84,Male,4,53.3865106098495
Wrzlnpaf,Mrhypfo,14188,26,Male,3,64.9898142698391
Wsad,Acaag,1116,43,Male,1,66.0047405383217
Wsbl,Edsgokw,3863,56,Female,4,60.2975385530825
Wsbm,Faqtmmfl,9768,38,Male,4,79.7040037871987
Wsglfgjhc,Pjag,16480,55,Unspecified,3,71.2311351767237
Wsiz,Rzgnpy,1406,84,Male,4,48.3835012426679
Wslpt,Ornuxas,14214,86,Unspecified,5,38.9419111862477
Wslurcm,Vmezl,15315,77,Female,4,64.5555846957707
Wsmtbyqdp,Ppkriu,10653,41,Other,4,45.2739797679838
Wsnfqfdt,Paaxceul,18432,40,Male,2,54.7950496779736
Wsnghdwm,Mrtkf,18046,77,Female,5,81.2936619409322
Wsph,Kddwstm,13383,85,Female,3,67.8020171838341
Wsqdpe,Mukdmeo,19787,69,Male,5,52.1770040879842
Wsrc,Bovalmo,13694,38,Female,4,61.1514270899289
Wssagxxdl,Njxz,5194,81,Male,5,63.3170117072244
Wsthmt,Ekincuc,10667,75,Male,3,52.4344018479532
Wsuze,Jgfq,5330,90,Male,3,67.8095947369006
Wswm,Laxjpd,16093,79,Male,5,55.8816529413747
Wsws,Veiqjpl,12406,48,Female,5,62.0960639673533
Wsydcatxu,Hsss,17364,77,Male,5,37.3867213900857
Wtdtszpku,Uxfn,7480,39,Male,4,63.0841869532198
Wtfohqwaq,Bcdkljkk,3065,91,Other,1,54.3108862514881
Wtgbz,Yxtyiivwc,10966,33,Male,2,65.1234611480744
Wthh,Tcazyi,3142,79,Male,3,60.7352074486453
Wtkb,Vrgizsmwh,8913,86,Female,4,47.2874946198317
Wtlqmya,Jkagjv,2832,66,Female,1,44.0969006499091
Wtnuctgv,Fvow,8312,80,Other,1,54.6451294034401
Wtsci,Xvxs,6187,72,Male,5,72.9174215815722
Wttvj,Gmdwfmwk,14231,55,Female,3,100
Wtvrnkym,Dkbm,3833,67,Female,3,29.0039918046365
Wuau,Ybcpxad,19096,85,Female,3,73.2436806169323
Wuazwbvt,Tngltvqp,6012,83,Female,1,66.9539089467912
Wucy,Qhdl,7057,73,Female,2,56.3034450628994
Wueskzabt,Sfpmk,13526,55,Female,3,66.3671958874992
Wuhyqdnf,Ypfyzyo,4017,45,Female,3,74.4478217084726
Wuixoli,Eihmp,7954,62,Unspecified,1,45.6207267240789
Wukfq,Evqjvpd,9138,87,Female,3,38.9668603088388
Wukx,Suoooczb,3129,32,Male,5,76.8334662850929
Wulrs,Lonblaikt,16021,90,Unspecified,3,61.9837714139991
Wutbp,Ymjsg,14986,46,Male,4,55.1969336543068
Wuwkywzs,Dmokgi,1807,22,Other,3,54.6013699491974
Wuxtyg,Nbndxyr,13354,76,Other,1,56.4097521960967
Wuyhn,Tugejs,7862,70,Other,2,73.9060734379676
Wuytap,Dydvdv,7970,78,Male,4,62.5021090347111
Wuyyx,Njlu,3854,50,Male,5,49.9626793973503
Wuzxxqgz,Doriplpob,6674,61,Male,3,54.0052017738982
Wvcha,Cqenw,3014,27,Female,5,69.1774085060832
Wvcsvsemd,Nfejo,19777,75,Male,5,64.6688569575843
Wvdk,Lffr,9747,97,Female,4,71.1283302635665
Wveownrp,Sahmiz,13404,78,Female,3,67.8220392953786
Wvepfswgl,Idcaut,3134,25,Female,5,71.5974013669482
Wveuvtz,Zxhrnwfv,16729,90,Female,5,52.3302529841898
Wveyetscq,Higsyjjmi,17372,24,Female,2,55.9115445262418
Wvilzp,Cvsjt,19966,48,Male,4,42.8170333974629
Wvlakxgn,Ppetqhohh,7258,49,Male,3,77.1000622097814
Wvluj,Qpdr,15870,61,Female,2,64.3658859367628
Wvoegnb,Yeiepkl,2419,41,Male,1,57.9562188885776
Wvokppy,Hwcekk,15665,31,Male,4,56.6805773012553
Wvorlplxt,Wsrd,10992,72,Male,5,55.6495399812271
Wvpza,Cbjyblu,2632,33,Male,2,63.1842016315719
Wvscjt,Hnapcfv,11968,63,Male,5,75.684139574903
Wvtsswt,Qojdn,17597,30,Female,4,42.312285342925
Wvtyzpxn,Ehxwenui,8657,45,Female,2,52.0197904836902
Wvvdhoglp,Akjf,9830,32,Male,3,63.8555144949747
Wvykjsq,Mhja,17945,84,Female,2,56.0502468326998
Wvyli,Etvwvftrh,2694,76,Female,2,64.76488776225
Wvys,Qpznh,11498,75,Female,4,66.1851531394359
Wvyva,Xryti,4905,87,Female,4,55.3668291405693
Wvzlwfpkq,Kfzdlm,11649,45,Unspecified,1,60.3377232976009
Wwcvrcq,Fqdsnsq,3895,35,Male,3,63.4097205735286
Wwdembjt,Ozbr,3441,55,Male,5,59.8634504304498
Wweendgsa,Jooriwjg,12111,34,Female,4,55.9428293386722
Wwev,Mgvui,6194,46,Male,5,71.2609828435748
Wwlnmpn,Jvioyfj,1920,18,Male,4,61.0904663126372
Wwodud,Hqigba,13539,28,Male,3,74.9251213556254
Wwprvamo,Eaia,3380,48,Male,3,53.6072290707872
Wwtxyfi,Kaayx,19628,80,Female,2,60.5352270097589
Wwwl,Ywhlihlsq,1886,31,Female,3,68.4128780912242
Wwwrcpy,Wtpk,18069,71,Male,4,44.301918119316
Wxcd,Kszwzi,14277,93,Female,1,66.1257211936014
Wxdrzycxz,Ssnnvxz,10959,67,Female,3,35.5778761012668
Wxen,Vpivrauc,19415,59,Unspecified,1,56.4852183785845
Wxfbdjfex,Vczig,10048,33,Male,4,63.3040785073788
Wxfpdo,Doebx,14934,63,Female,3,66.8805664301421
Wxiztdpjx,Izpyjvwlb,12471,22,Unspecified,2,54.2602872835887
Wxkpeyv,Ugiwbsw,2729,69,Male,3,38.8764539554538
Wxmiz,Odtnr,6828,65,Female,1,42.8063876803701
Wxmstxh,Wybiaw,10255,64,Female,2,77.5142189253377
Wxmveb,Qdxwjh,13194,98,Unspecified,4,62.1914180055222
Wxoadjoys,Hndair,11091,67,Female,2,62.265084552844
Wxtsyoo,Qzqfa,5406,21,Female,2,43.4865323519953
Wxvjc,Lmslqjv,2245,85,Female,1,43.3336434605714
Wxydb,Tcwojzzd,10013,77,Other,5,72.0752824108143
Wybiihy,Zvjt,17286,94,Female,5,72.0888913754487
Wyfwym,Lomvmroj,10695,65,Female,1,70.3259154815126
Wyisynsu,Uovlxiu,7714,92,Female,1,48.4202913273953
Wyml,Yofrotzdz,9624,98,Male,2,53.5394407230001
Wymo,Pzqo,5530,83,Male,3,67.5080993749928
Wymodtp,Ewsltkfj,5802,53,Female,1,72.246420227261
Wyph,Pqwqfabtz,16358,52,Female,4,67.9331520307063
Wypz,Jgpoum,19063,72,Other,5,60.7904094408582
Wyqiovwi,Treacw,17300,32,Male,2,67.2470084572062
Wyqmpq,Zdlth,8737,27,Female,4,51.1401825459617
Wyvqarr,Cuxacpy,16634,39,Female,4,68.0149132487508
Wywn,Ptkxxco,18012,71,Other,1,82.6279223150055
Wzahkd,Jgyh,19692,57,Male,4,65.4985944258242
Wzawbt,Qxyfwip,14931,80,Male,3,79.3083874637088
Wzawye,Tktfqtkq,7593,91,Male,2,45.101469282065
Wzbsi,Hkhxybgsv,12877,63,Female,5,43.4324440343689
Wzckwhe,Pvpvx,8406,90,Female,4,52.5196553563446
Wzfidns,Sznqpdl,8013,76,Male,5,50.5150769178832
Wzfvopfs,Dkbgwuje,3410,30,Female,2,59.7593187437372
Wzgy,Efsxq,14998,71,Female,5,77.6696834419854
Wzigggval,Ehkvbv,4392,41,Female,2,63.9976147636952
Wzkg,Kvltbqrpx,9284,18,Female,5,70.4774414827287
Wzleaz,Xmawp,19440,64,Male,2,36.0073599754891
Wznb,Grao,14508,28,Male,4,76.5273171391256
Wzngh,Notnsku,19856,19,Male,3,57.1264275825672
Wzocptit,Dxicubnza,18494,97,Male,4,44.8342386004849
Wzpgev,Tlskwnkn,1296,74,Female,4,75.6602146477751
Wzqozkbiw,Hclfdl,3593,30,Female,4,73.1572507282995
Wzreeczlk,Tksftcbt,1254,64,Male,3,57.0647535473575
Wzvbmjt,Mokyt,10536,95,Female,4,63.2494306726373
Xaefbv,Dteyvwbj,2763,29,Female,1,58.9311072033833
Xahqeydj,Otyfibuku,6743,26,Female,5,59.3053751394344
Xahs,Whdlcg,17608,48,Female,4,44.6389256127905
Xaigymzu,Hrrhnvoay,9349,76,Male,4,51.5245409001081
Xajute,Lqqbditjz,8925,67,Male,5,67.1710830888551
Xaounf,Pwqvwcy,13585,64,Female,3,53.7607984895003
Xape,Piaic,8960,52,Female,3,79.1027993483848
Xapssqgu,Bportk,9279,95,Female,5,64.9447065955321
Xarbgrvs,Jusymuyt,8532,91,Male,4,78.8225464141137
Xarhhw,Vtziv,2676,92,Female,4,55.7043602923848
Xasddwb,Clvjnim,12512,51,Male,5,63.2267139459267
Xauiipbj,Ralcsmvfq,14835,42,Male,2,53.2241256659659
Xavfbclx,Jrujg,9324,98,Male,2,70.3215569115254
Xbavwtckb,Jzemilqz,18952,73,Other,3,44.3355097924132
Xbdjpap,Ineb,18624,63,Male,5,66.5008208323782
Xbeyydouw,Jsdzzw,2454,61,Female,4,56.0994156148314
Xbgoylyxv,Pldrvmut,1556,44,Female,5,64.0735876489529
Xbkifz,Pvjvhupgg,17108,54,Other,4,41.0466429762072
Xblodi,Jdkibpl,6501,55,Female,1,49.5070792048302
Xbpmzafm,Bbhmx,3581,95,Female,5,61.6400195418093
Xbqcf,Lpvc,16893,73,Female,2,51.6874406318698
Xbra,Qhtva,11577,31,Male,1,61.2172095903227
Xbrml,Sszrmcrme,12616,52,Male,5,74.1304139291652
Xbsns,Knupuvl,16233,86,Unspecified,5,68.2035738267483
Xbsxvi,Rwjlxai,16374,83,Female,3,48.7444225130377
Xbvkui,Wajru,9273,70,Female,3,53.5931316695119
Xbxvbgx,Yfkr,5272,51,Female,1,28.9116543902255
Xccapu,Ejlctfv,7373,60,Female,1,64.9481025195426
Xccrgazm,Ptdcsijiv,17632,19,Female,4,67.9069677050628
Xcdkpiwd,Fgwxt,19828,86,Male,5,78.8311973038212
Xcdugeop,Txlryfvu,12692,44,Female,1,56.4821912941474
Xcdxkrwwz,Yyyaza,16568,90,Male,5,91.7622856793888
Xcfdwvzg,Fbjtximjq,17882,78,Female,4,80.2758155504182
Xcfo,Kmdipvhns,6227,40,Male,4,72.0837444353388
Xcgob,Dvacokw,18134,67,Male,4,61.4005826984582
Xckkwuhur,Ndvk,3852,19,Female,5,50.5326356782444
Xclchkoel,Pwdnaaw,15613,69,Male,3,46.7111409279766
Xcnj,Yftn,14882,68,Male,5,65.2434998677906
Xcnnij,Auwsagai,16309,18,Female,3,85.6784736487133
Xcowysyul,Ndxhbjywj,19214,51,Female,3,53.9449785963138
Xcpurhc,Djmdpcdj,17191,65,Male,3,71.2407321711495
Xcrmqzqag,Ygufjhav,7378,45,Other,3,57.0189283769323
Xcsfmvmv,Sguehtqsu,16352,94,Male,1,67.613123855184
Xctplvadp,Mqlzkltqj,1417,66,Female,3,75.8148297680518
Xctrbjsp,Wyhrqsyti,12096,24,Female,1,48.1532260573516
Xcvxiqm,Nalvdiclg,7747,27,Female,3,53.7683346984431
Xcwponzg,Qnrbwa,8393,97,Female,5,52.4035002895488
Xcyeifwc,Ckogd,12182,68,Unspecified,1,70.5323341989753
Xczjrp,Mjwaauo,3781,74,Other,4,61.6289754496339
Xdaptly,Pery,14670,69,Male,5,55.1777428817786
Xdate,Aorpfn,16501,60,Male,4,55.664822508132
Xddh,Nqik,15567,85,Male,3,54.632076546712
Xdfpiwfao,Nczwtim,7539,66,Other,5,70.1407549211679
Xdhfdid,Jupytq,5695,49,Female,1,64.6639060818493
Xdkovrlhi,Uogijs,4875,49,Male,5,33.6824856251059
Xdnrrzakg,Zbzpprwcu,8809,20,Male,4,46.755031683207
Xdosm,Muitbww,18979,74,Female,2,44.4629145788585
Xdsbispqi,Mevuslams,2887,60,Other,4,47.5606028141955
Xdsthh,Ojrzqcov,1622,47,Male,5,49.0597591099861
Xdtcyj,Vkbczz,15234,79,Male,4,51.6545569749515
Xdtvbfl,Bcjeohxi,2174,43,Male,5,59.1340415708713
Xduwkxkh,Fehyouete,2790,88,Male,1,97.8818117852809
Xduwysab,Ycmw,3797,81,Male,2,92.1348296351274
Xdyox,Wvlpnmtvn,17200,62,Female,3,56.5161688723228
Xdyzr,Hccuefik,9226,60,Male,1,66.124443866634
Xdzc,Iwyqyclw,12635,45,Male,2,58.1936952735997
Xdzdc,Lisnq,13811,20,Male,2,50.4120045983392
Xdzjqkfer,Fbvmcekr,5099,24,Male,3,40.6944074340483
Xdzs,Duwbztv,8694,20,Male,3,61.2863580700477
Xdzthrb,Zxzliva,11930,56,Male,3,43.5126385751641
Xeav,Qnkkk,12849,84,Male,5,69.941761362929
Xeccobegw,Eqxfpw,19411,52,Female,4,78.659111840958
Xecjrsdv,Reque,3830,98,Female,2,52.7544168701948
Xedejsqsa,Ctvidvg,12553,95,Female,4,50.6203258631408
Xejixvx,Ssiwobur,11833,26,Female,1,57.7282946773957
Xejn,Zkohqxl,15136,81,Female,2,55.9964577187846
Xelfoatug,Prchymlx,2681,39,Female,4,54.4021931308932
Xepv,Vvvwg,18815,22,Male,1,57.4832642609093
Xeqy,Sjzqhtf,8945,84,Male,3,47.0966071272711
Xeufues,Tthk,10696,42,Male,5,74.4434255218612
Xevgmrrx,Nxkqe,5693,47,Female,5,65.7079450663918
Xezdmbq,Irtuvh,11770,50,Female,5,73.6382609515474
Xfbudghwn,Jhkhgc,9199,95,Male,2,74.9606990068523
Xfbvnu,Topgyatlg,13866,42,Female,5,58.5060391788793
Xfcu,Acpk,13325,52,Female,2,51.0068786526073
Xfdpy,Rjtwac,16888,23,Female,1,60.7162770553645
Xfdw,Vpxy,3147,79,Female,3,66.018218014367
Xfeafln,Civkbdoi,14211,20,Male,4,80.4289186803938
Xfhlsked,Rwni,9596,37,Other,3,65.9046665559822
Xfibdn,Ygmsw,1729,53,Female,2,37.9052592243835
Xflbsuia,Fsqoez,14120,76,Male,5,60.4825439262659
Xfmehf,Wxglma,1977,43,Male,4,70.9537875804176
Xfmu,Ltsplsjfw,4241,37,Female,5,59.5081389063092
Xfmvj,Znjt,2600,19,Female,4,50.8178960901972
Xfnkswg,Snbwct,5862,36,Female,4,42.5967645157688
Xfpdqm,Bzjf,13465,43,Female,1,53.8954389630732
Xfqmvqck,Dqyju,5512,71,Male,2,52.3455949907931
Xfqpfm,Jiqoie,15102,27,Male,5,48.9573270906089
Xfrz,Digqujdsd,3454,87,Male,3,56.6073212557226
Xfsbgzc,Flftxlb,3415,42,Female,2,62.6624495638917
Xftjagxj,Xvdkirjvn,2642,94,Unspecified,1,55.1685404920598
Xftutfbo,Wmtiwri,9526,29,Male,4,75.3774900532801
Xfxa,Mrfzstqek,15933,76,Female,4,57.2561010208604
Xfxnmmqmi,Uftwttw,17959,45,Male,5,51.6698433412365
Xfxy,Ctflkhnl,19157,62,Female,1,76.6875866089088
Xfzqhkxde,Onyueok,4636,44,Female,3,75.2241035698278
Xgaivpf,Gzgtdys,2819,81,Female,5,58.8649361360504
Xgbxm,Nacipgw,14532,92,Female,5,50.4990075774736
Xgigrw,Fmrgcwegf,12897,34,Female,5,64.9773293157715
Xgkvl,Yvneurouz,8334,30,Male,5,57.8235380605836
Xglrx,Qjxxbgo,3570,30,Male,4,59.4559430305103
Xglyts,Jvckly,18256,95,Other,5,59.8905938487492
Xgnr,Ivhoyeg,4795,89,Male,5,54.6766352232039
Xgsv,Nrzkzbodg,3494,57,Male,4,58.5716409469478
Xgui,Oqcci,12049,39,Other,5,35.1844611256619
Xgwxbxxtz,Ctylg,1211,86,Female,4,69.0875035373355
Xgxkepbh,Cuxu,13363,69,Other,3,39.949388109746
Xhapea,Syojf,6496,32,Male,3,64.8875041675416
Xhbnprdoh,Qxid,5113,97,Female,4,80.4933484970052
Xhcjwlet,Ocabdiucj,5384,84,Male,2,61.506387557759
Xhfb,Oisi,12080,65,Other,2,79.8045979651397
Xhgzt,Dtwt,18837,33,Male,4,50.9594250777622
Xhhveoikf,Nwkn,8714,44,Male,3,48.9554570621165
Xhig,Kawz,8417,93,Male,3,60.4586732370457
Xhkfbqhrm,Tvixs,10382,44,Male,5,40.1752299489921
Xhkfvyzjz,Ugfcfnksr,11419,71,Male,3,53.6368505469959
Xhoqh,Hqlm,13006,46,Female,4,66.2095402028649
Xhsvf,Ynstp,9067,43,Female,1,50.9444768380776
Xhvdh,Mzugwpvu,2683,94,Male,1,51.0015407953972
Xhypgie,Lnyjtqjss,7092,85,Female,1,54.4415757529301
Xikdpz,Miehahy,5824,28,Female,3,76.0031934885184
Xiklcbyk,Qegbwi,5971,52,Female,2,65.6578290741723
Xikybfeow,Ctdyp,15157,69,Female,1,56.1877694906283
Xilatnb,Gkmnnsj,14009,20,Male,3,72.7559848985378
Xiopjnif,Xmyhayqc,5495,92,Female,4,73.3150354834163
Xiqzmjjgg,Msfw,13299,79,Unspecified,4,72.6498283169859
Xiusoaff,Bgpp,19637,45,Female,4,73.3362982104265
Xiwusd,Yjcyq,12304,95,Female,2,54.18231590227
Xiwvlpb,Aygutouqo,11157,87,Male,5,53.9215783199536
Xizr,Kqnj,9770,84,Unspecified,4,75.0429723220312
Xjca,Msfmepxpt,19958,91,Female,5,71.9955268178083
Xjdnnrkzq,Kkkzwbj,17678,36,Female,4,62.3503930193652
Xjkiii,Cney,19771,44,Unspecified,5,55.5456293948136
Xjltdneri,Camhdok,17042,51,Male,1,53.8872849002345
Xjmdq,Pgioyp,18250,78,Female,1,49.0685517362236
Xjnqfjok,Dmrmjcyao,12969,25,Male,2,70.3129437576586
Xjoculjmp,Tecxgiw,15440,33,Female,5,76.3165423800533
Xjpcnud,Nafcm,14883,24,Female,3,37.1250003404367
Xjst,Qglx,1025,78,Female,4,30.8016772658402
Xjthge,Lfar,4263,77,Male,1,48.5610643345718
Xjtrtw,Nennccwk,3505,86,Male,3,60.8996994757714
Xjusgik,Bitkjhiiz,14684,40,Unspecified,3,71.4806957266914
Xjvnfpor,Czktpsnm,5225,25,Male,2,40.6093778188103
Xjxz,Lkafhvujy,14593,94,Male,5,61.248444143441
Xjzrmuksr,Bhjf,2211,35,Male,3,48.3917136918462
Xkbcb,Tplmc,14763,66,Female,4,66.5560476900825
Xkbxgeh,Jxfhqi,12171,77,Female,2,71.534435801713
Xkdhdb,Yqdjny,1500,32,Female,1,60.4734885446377
Xkextdmqr,Hflzjzix,7507,80,Male,2,80.7212087287851
Xkkp,Hbfpuskv,16376,59,Female,1,54.2645865189977
Xkqdkca,Pxdg,8763,89,Female,5,72.3170569571824
Xkszqv,Shrx,3301,65,Female,5,32.0627641373607
Xkteu,Zpeyeixhv,1673,84,Male,3,49.4869403854284
Xkvynbm,Kswttubus,17629,48,Male,3,51.7709928034401
Xkxpui,Brfnbjsc,8111,97,Unspecified,3,39.5612610592273
Xkza,Wtthfdy,4931,98,Male,2,53.7897689597105
Xkzavxh,Eafmqnot,14511,83,Female,5,51.1574949797254
Xlemp,Phaocd,3340,66,Male,4,86.7624932075157
Xlfzmeuze,Resx,1020,72,Female,3,65.3126150507265
Xlivpaajy,Lwjwq,15866,98,Male,3,79.2523686075322
Xlovczvql,Ijtlbzol,17912,51,Female,1,75.9504454133056
Xlpsurv,Dutbxlami,7911,79,Female,3,44.119066695189
Xlvfmu,Uuideql,17805,48,Female,2,52.2804454012601
Xlwkrsw,Ehclvv,16018,68,Male,1,48.566748981919
Xlydhjk,Whumdxgzx,10941,71,Female,1,49.9602547397552
Xlyudo,Fdkvana,2331,88,Male,1,72.4950067141398
Xmcpsmmcs,Mtabgfy,14359,38,Female,3,40.7939546134043
Xmcqjih,Djxxoq,2277,22,Female,3,71.419523746935
Xmerj,Tzdvng,19410,87,Male,2,83.0902336237164
Xmfih,Sljhckg,5155,69,Male,2,52.7191960746609
Xmjnxyjef,Bgjzrou,4872,54,Other,1,65.8260467601758
Xmjwwabdc,Cbqii,8076,73,Male,5,60.188710802007
Xmkezwoby,Preyfd,12992,80,Male,3,78.1918874923363
Xmlc,Vskninttd,6133,91,Female,1,52.7313297556139
Xmmewkq,Lunhg,16841,75,Female,3,41.3409157970708
Xmthgs,Gwsrcmufa,5400,91,Female,2,62.5228344760567
Xmtwzz,Yrvslc,17469,68,Male,5,53.8959775383662
Xmtxr,Ppdlcyul,13001,58,Female,3,65.1520068895114
Xmwlysmmh,Pvpgtitfi,19781,59,Female,1,50.9307095394942
Xmxhh,Vwlaestx,4505,70,Female,3,60.9040299703614
Xnaeoak,Zwpozats,4907,96,Female,3,46.9918452196557
Xncm,Ryxc,17083,28,Male,1,68.729462042405
Xncurg,Augiloug,12924,86,Other,5,70.2931851867052
Xndprmlb,Bzkwi,17046,64,Female,2,65.8949597962129
Xnehb,Enjzhvx,9598,44,Female,5,47.226682207507
Xniu,Nprbs,16415,86,Male,2,69.7897677533306
Xnkq,Mytsarjfu,3850,41,Female,3,79.5643054931117
Xnmawjmlu,Mwivkwz,19677,24,Male,4,40.6945250591466
Xnmriur,Wgwlp,7474,89,Unspecified,2,64.5158919347185
Xnnk,Cvvgos,19868,19,Male,2,56.5495688455264
Xnpwyakvj,Knjovea,5883,25,Male,3,68.6416248853139
Xnqes,Iyfv,18834,28,Female,2,71.2606903192223
Xnrifq,Mbfhnhx,5136,21,Female,3,53.535347017186
Xnrr,Brwq,19722,93,Female,4,76.2364517842661
Xnsjtwwf,Hskrlbm,14315,46,Female,4,57.9146251464083
Xnsmdyv,Ajwwfjhg,19071,23,Other,3,72.5098454428859
Xntunh,Yogeorq,5399,20,Male,1,73.7537277768355
Xntvhk,Rpqlyhvia,15138,97,Female,3,42.4841627333419
Xnuqlf,Ohiaehk,5951,78,Female,3,61.1935131757181
Xnvgd,Udbrd,13954,81,Unspecified,4,38.801508645412
Xnvm,Fmep,2447,30,Female,2,54.4935930178779
Xnvy,Lfozfde,2020,34,Female,3,48.6455948405749
Xnyxmkvk,Tnzl,12739,93,Male,4,53.8395790538928
Xoadbqhjj,Mswmwu,4954,20,Female,3,44.8138812553023
Xobw,Xrqtvhy,4537,70,Unspecified,3,60.3049243371304
Xoeefyst,Ctti,19207,62,Unspecified,3,51.4099553266095
Xofi,Lnrzvt,9486,71,Female,2,55.2181572179014
Xofqg,Nbhd,6563,64,Male,5,54.1937433371679
Xofscbfp,Khoavnhvd,2224,66,Male,5,30.6932934170463
Xohfuthj,Ukeyzaqd,12791,88,Female,3,63.6307671240883
Xoifrju,Lswkmfmr,10591,98,Male,3,38.4097631101869
Xoiv,Pnkex,19674,68,Female,4,50.4765025391216
Xojlqpm,Genwsbh,10841,18,Female,3,61.3664438913055
Xoleas,Tnmgyx,6806,18,Female,5,75.2403735362143
Xoqfasev,Vjvgal,15096,73,Male,1,67.1406545605231
Xouee,Vjtcauhb,4675,57,Male,2,48.0057901730727
Xowk,Ofdgvjvv,8524,37,Female,5,41.7096804773621
Xoynz,Zvsjqllq,11768,51,Other,2,68.4361303375653
Xpdgqsqkp,Xylr,8118,63,Male,3,46.398044756805
Xpdplakp,Knllozp,5763,29,Male,4,54.291151241772
Xpdsm,Zjlo,10019,79,Female,5,75.9029663777248
Xpdtani,Twuyf,3523,53,Female,5,63.7543358070922
Xpfar,Ccuv,14859,34,Male,5,66.0184057216036
Xpgrgqg,Lnotbe,17565,43,Unspecified,3,57.3738612985446
Xphr,Brzzmhb,10664,42,Female,5,51.168110427555
Xpnctksmk,Ieyjoi,18091,54,Female,4,48.5241117283116
Xpnooso,Kxnhvxn,14040,35,Male,4,65.2011835736321
Xpnvvqr,Dfsbyxunf,5579,39,Female,4,56.6947332042685
Xpozbqqpc,Apwqa,12582,84,Male,5,56.5293318366748
Xpqflubiq,Ospin,19811,18,Female,3,74.9741674050355
Xprtnoc,Znqheayal,3182,71,Male,2,76.4859775141313
Xptp,Qfnupbtti,13208,20,Male,5,91.1452441653277
Xptvit,Amjdrc,3188,39,Male,1,62.8225891322973
Xpwlsisqr,Tgacwdn,3865,30,Male,5,51.9440977691401
Xpzylsx,Wohvffrb,12678,45,Female,4,50.7443368599678
Xqacbo,Ifxybuuxc,13305,90,Unspecified,2,57.5640336111771
Xqci,Totjnaf,14308,78,Male,4,61.8613325794695
Xqenyx,Znji,5728,24,Female,5,76.7780137582947
Xqfcajhvq,Grmsgvdq,1987,31,Other,1,74.6343255159357
Xqffbcdr,Hrrzfxp,14027,45,Male,4,52.1329883543758
Xqfxciqp,Lxqcaidua,13871,60,Female,3,45.541346563
Xqggvdlqg,Upwcoknw,15711,45,Female,5,50.645489712294
Xqpmjked,Crqg,7435,97,Male,5,75.9721685876218
Xqqfmcjy,Elcdulf,19809,65,Female,5,80.9930231607485
Xquygk,Thjnvlct,4952,97,Other,2,65.4821719897496
Xragzs,Icknv,10927,18,Female,5,63.3291334876758
Xrcjpnzv,Ihiub,5007,34,Female,1,81.5404790007072
Xrckkgwxj,Mcmybz,1501,53,Male,5,78.4055791861938
Xrfdzvgtw,Outaznjxp,1008,51,Other,1,59.9514471377046
Xrkz,Hwyw,17744,63,Female,4,36.2041701525154
Xrldnxy,Qvynitwc,3000,24,Male,2,49.8711138000159
Xrlidr,Niojden,13723,45,Female,3,62.2692840395346
Xrlq,Ilnepjxys,4917,97,Male,1,57.0941635780632
Xrlwmmirp,Yaak,2322,33,Male,5,67.661601902272
Xrnv,Wjvbip,7636,76,Male,1,76.6376022906442
Xrqsbfjyp,Yrlgslfe,5408,81,Male,3,70.0319532399464
Xrweka,Dlsjckuoi,11042,55,Female,4,65.3726207505543
Xscd,Xogmduozb,4610,96,Male,4,51.2302434067407
Xsfuioozu,Xnpja,13656,29,Female,2,54.5927912010586
Xsgm,Tdyvcuzfz,11663,58,Male,3,53.866069807461
Xsjbg,Vcphod,14157,79,Female,3,67.5753996871857
Xslzu,Svhut,11549,79,Male,1,59.0044782756578
Xsmg,Oekgchmz,5494,95,Male,5,49.4591959614884
Xsrmktsco,Cuvnpioq,17588,79,Female,4,50.1335179821276
Xsuyl,Mhkbdnik,5382,33,Female,4,69.0093803919934
Xsvrqfkl,Fsfqunvo,12519,97,Unspecified,3,68.3310060608274
Xtbjdqidw,Xifzepmst,19541,82,Female,2,63.444063260529
Xtcrsl,Nnhoxe,5168,59,Female,4,59.8417585520166
Xtfg,Unfndkoga,6436,86,Male,4,52.5583099196511
Xtfpit,Oidg,10476,38,Female,3,51.6832747232847
Xtgsdovz,Ebjj,8305,87,Female,3,63.0911183000954
Xthknyb,Xlmw,8313,73,Female,2,44.3649748257045
Xtndxoo,Zekis,4451,84,Female,4,74.3782510176922
Xtql,Vsvvkb,9246,77,Female,2,45.2117530708321
Xtsda,Xnoxdx,13133,37,Unspecified,2,54.5303238400419
Xtucelod,Bpuiis,19402,28,Female,4,61.5289264821822
Xtvhsjwep,Ajqcrm,2835,18,Female,2,30.0721608024084
Xtwlr,Kuadypbpp,17911,54,Female,2,69.5065888339766
Xtykijhbz,Vtbkhkucz,13922,19,Male,2,66.4817406071111
Xtylghc,Aritlz,6986,54,Female,3,37.2425828896393
Xubr,Uwdal,6901,74,Male,4,69.8378489216679
Xucxgtl,Mjlpduj,13474,31,Female,1,58.2190086206732
Xudz,Gzjtzgt,8746,91,Other,4,66.7846303950271
Xufja,Hxkpk,10383,77,Other,3,45.6394263647631
Xumeai,Kbcjhqpz,6882,54,Female,3,40.5680153052935
Xuodpj,Wufvxhrh,2614,89,Female,1,78.6311892972927
Xuqcgjcu,Wklhw,9881,98,Male,5,68.8222395347544
Xuqjumgak,Decfpjpei,13722,70,Male,3,77.8644874231485
Xuqks,Ncfalxlwt,1531,79,Female,4,45.965616746701
Xusujdrkw,Nsrf,16594,19,Male,5,76.7017163457648
Xutw,Sxyiarvo,8776,26,Female,5,56.3208774669822
Xuxca,Wlujeoukv,19144,27,Female,4,70.0719469991488
Xuznk,Ryvn,17013,46,Unspecified,1,65.6906002655464
Xvaqv,Smlmejzu,15280,64,Female,5,58.6622835379642
Xvcgxcxqu,Ztfmxk,7262,41,Other,1,38.8147953699039
Xvcxxf,Ppkpssto,19951,43,Female,1,68.4024799835779
Xvczbjz,Wnmdcaa,19486,27,Female,3,32.6446295330332
Xvexibpn,Sqjwadgip,16567,57,Male,2,54.6994248383091
Xvjfcu,Xuux,2127,96,Unspecified,4,84.5872088802047
Xvkoh,Lzebv,5890,74,Other,2,76.8829133809664
Xvma,Dyma,11326,93,Male,3,49.9077142218734
Xvmxtfmbv,Djegke,7430,73,Female,3,73.5419962161721
Xvocu,Hudbhwsm,3607,70,Male,5,57.1185279271922
Xvoxl,Jopmrukqs,8161,91,Unspecified,3,70.0700992807123
Xvtei,Kmggbjapu,16607,67,Female,5,29.2085992718173
Xvthno,Jivcfndz,3394,73,Male,1,35.857758561817
Xvxppxm,Qtvksqird,11860,85,Male,1,64.3410829436825
Xwbeswqfm,Rcqgfwljk,19038,30,Male,4,59.6837228534615
Xwcfqpzi,Qetfji,19937,22,Male,1,45.5115519022279
Xwem,Iann,19753,33,Female,2,65.3893958601459
Xwktxfwkl,Ztbrc,5556,55,Female,3,46.9766665883811
Xwmlelfxu,Oyqsbejah,18214,21,Female,4,69.745636249431
Xwnsf,Bzujk,12314,45,Female,1,56.9961690841211
Xwntn,Uxvhkifh,9457,83,Male,5,47.7604317586431
Xwpguow,Ecxkqawra,6795,43,Male,4,51.5703367487075
Xwqv,Alyhstfoj,17925,81,Unspecified,4,64.851182320459
Xwvdowyy,Jnppww,3309,49,Male,5,80.0572292680551
Xxcncrx,Mqwghkfc,1049,73,Female,4,59.7084993520057
Xxebxnhlo,Juliu,10321,46,Female,2,60.9525652689945
Xxeqsa,Pzynoy,7044,25,Female,4,51.8529666827232
Xxfff,Yoxz,10718,88,Female,1,40.2144142841593
Xxfj,Skbggm,6503,82,Male,4,67.8442828525151
Xxfmzpx,Mcygsm,5944,83,Male,3,76.4423395628027
Xxgscwce,Nwzgq,4671,95,Female,5,46.3846929268132
Xxkgfqn,Rmuvdwjhl,12708,76,Male,3,50.614361292512
Xxkxw,Wddgu,9572,77,Female,5,73.8968631987744
Xxlbgdboy,Byuh,1533,82,Male,3,44.5800132429262
Xxmlfvtvd,Srjfadzra,3236,69,Male,1,49.9245978751146
Xxnsgj,Cava,6846,78,Female,4,76.0933019258554
Xxozpbwjq,Aidy,17141,81,Male,1,50.8714173006809
Xxwbhep,Ificwfw,18882,73,Male,5,66.7998708988611
Xxwrthbpw,Gjkfjt,11991,73,Female,5,69.4820900586472
Xxxzcsv,Xyndndst,14464,72,Male,5,53.4631752707452
Xxyqywm,Otdr,5290,79,Male,3,81.5262458089483
Xycuwah,Btrf,7319,55,Female,4,51.1310593863052
Xyddn,Utnkyi,14186,56,Male,4,65.2960779165371
Xydezibia,Hgpfu,3393,57,Female,4,38.8120604992913
Xygo,Qfvagre,5392,89,Female,2,70.6764345606649
Xygueoa,Kvbl,13537,85,Female,2,73.3904640195383
Xyhxfcd,Ykwnojalr,13267,46,Female,2,46.3436866360049
Xyiotfnpa,Qxlo,11336,51,Male,2,81.1940074286625
Xykrlwi,Fibwacsuj,18458,92,Other,2,60.9654370766499
Xykubq,Pcdwkdw,5328,89,Male,5,75.3615306673959
Xykukdl,Tbgkmeg,18236,69,Male,4,61.0221663496423
Xylnpqh,Cfqtvugh,18528,54,Male,5,68.7767200799441
Xyqbt,Tganoc,14920,84,Other,4,65.4825659254597
Xyrufvot,Naqqs,7684,19,Male,5,75.3121591367265
Xysqzeqj,Gkesn,11444,70,Unspecified,2,58.673563573365
Xytiizz,Dxrflyqs,14166,29,Female,1,72.2922152109921
Xyxxzjagt,Dpbzq,11979,70,Female,3,58.2862928172867
Xyylq,Edhd,16597,35,Female,4,51.8727390573004
Xyzt,Sjotm,14831,25,Male,2,53.236741267573
Xzaq,Tfltolsoa,11546,38,Male,2,68.1706180800546
Xzdkkqjcz,Iwojpgt,14784,54,Female,2,66.6926640960545
Xzfpjv,Rdzfdxxp,2064,51,Female,2,80.9876639443288
Xzgigi,Cpqny,1225,46,Female,3,67.650341925283
Xzgof,Eeszt,9218,73,Male,5,70.0645044642357
Xzgpf,Zbqx,9836,22,Male,1,58.2273650556782
Xzichs,Jmnuxgu,15852,87,Female,5,86.4277173775454
Xzjitq,Gayuzteki,9534,52,Unspecified,5,46.8694574401464
Xzkczhyo,Mggxpb,11384,30,Other,1,57.4295390729678
Xzlcztsl,Sdvpb,19850,47,Female,2,53.2886898452069
Xzmrsabp,Yhkdhrsel,19546,73,Male,4,64.0942890050771
Xzozw,Elsvz,8428,32,Male,4,59.2842069633866
Xzsvnbcp,Axic,3585,93,Unspecified,5,69.7305238304722
Xzvhr,Wwxjuhwi,12926,97,Female,4,48.6364664892357
Xzxuyuz,Bzbhbxdm,8884,24,Female,1,44.5463003484344
Xzyprj,Pbfv,14138,42,Male,5,67.6031618363433
Yaalj,Rikadsb,5252,33,Other,3,70.4511543997212
Yabi,Gdzf,16709,44,Female,2,52.0095395188469
Yagflxkar,Qlwt,16765,80,Male,5,76.4808129753741
Yahlzwaz,Tsgykqz,17528,57,Female,3,49.868586911046
Yahyvmv,Bybz,19912,31,Other,1,54.9352451073296
Yajf,Jzlzrgdkv,14354,28,Female,4,66.844955682321
Yakvilf,Txxqo,12734,34,Male,3,57.5124650298144
Yameswcs,Dqdvtwbkl,10537,94,Male,2,47.8750873972193
Yaqj,Gqlwdgffn,16975,55,Female,2,50.8637412778227
Yaqzzb,Jvzoyrgp,15035,72,Female,3,53.6083931716265
Yarffjlmk,Dbakmmmpp,14795,45,Female,4,50.541861651594
Yasaewvd,Eldp,15340,20,Female,1,50.4116575644912
Yatbvoqq,Nzrgvy,18682,47,Male,4,61.7026823084905
Yautelgi,Guoapqk,5704,35,Female,3,52.6467547335825
Yayeevzvt,Dnlac,2438,44,Male,1,53.5535357104059
Yayz,Ecmbjn,10749,72,Male,2,77.0908484446514
Yazmcvlvd,Csjgyrrp,9614,76,Male,1,54.7394043344705
Ybavmch,Zutccbz,14476,47,Female,5,57.6327938290908
Ybdcc,Tklnizcx,2328,57,Female,1,61.1500073539806
Ybdf,Xtwzhmj,5152,20,Male,1,64.3585406961152
Ybiosj,Mbhtajx,17230,36,Female,5,66.3808678151079
Ybkco,Pjzd,6229,24,Female,1,51.5753059030844
Ybkiqcdpp,Bqlml,7176,84,Female,4,69.019452408398
Ybnbdvj,Cqopszvp,2010,98,Female,3,74.5395216236639
Yboegeiz,Vlvtiu,13351,28,Other,4,70.5945117844558
Ybprtngd,Liwhq,14288,92,Male,4,42.9724179528562
Ybrbfqwz,Mexjnno,17770,36,Female,4,53.2533286944854
Ybrlj,Wdafw,4386,59,Female,4,61.26550091627
Ybtayckxx,Nrouf,10010,79,Female,5,68.0914937982027
Ybtyie,Ipnha,9028,37,Male,3,66.1641292723538
Ybyagq,Ertr,4825,22,Male,1,44.3056705582251
Ybzj,Dmzqglv,5262,27,Male,1,57.0115390444472
Ycam,Zgnswz,19754,98,Female,2,44.9087664005432
Ycauwyzoi,Ddbdgh,14165,89,Female,4,66.4214418184991
Ycbxki,Hhpzh,11304,47,Female,5,85.7101453082538
Ycctnopc,Jktch,5362,72,Male,2,67.0576680834297
Ycfk,Vgze,9277,26,Female,1,65.4605582218614
Ycgbhbu,Xrewrv,4617,94,Male,2,71.389353392704
Ycgtnnvt,Ntfxf,12313,62,Male,5,65.5833890201756
Yciiga,Hjjt,14391,28,Male,5,46.2680169104804
Ycjgwi,Aqad,2639,50,Female,1,49.7593237387422
Ycjlyp,Pkuhbedqq,11193,75,Male,2,49.4762497932361
Ycrasarse,Tqemnrs,9202,91,Female,2,68.166520853976
Ycsupo,Tqgv,13768,76,Male,4,46.6436287602395
Ycttnegy,Fmtnk,16981,34,Male,4,41.1268863501936
Yczmfajed,Oykdehu,5389,69,Male,4,68.7835254898692
Yczzqvclx,Mkflce,12750,57,Female,1,75.4102122310123
Yddk,Yvbfr,17768,77,Female,2,64.6121026744233
Ydeqok,Bthmlg,11190,68,Male,1,57.6648699756481
Ydfrzowbo,Linpetcif,11568,93,Female,5,73.247229980495
Ydhwkbqb,Evdhixgqf,18964,71,Female,4,64.0701156302888
Ydkl,Jwzaf,15757,83,Male,5,62.2394908641526
Ydku,Ivewm,5627,60,Female,5,68.6092925963887
Ydlriv,Ngtaqkuq,5654,34,Male,3,30.3328793144395
Ydmgpealg,Hxnrwu,4250,95,Male,2,47.8943529001274
Ydmznzzqn,Nlkyfawbr,2525,34,Female,2,71.8840936940481
Ydspdkmgd,Eeozk,15506,97,Female,5,71.1539644661391
Ydtc,Fqeifd,7053,95,Female,3,57.0704162964154
Ydtegt,Vyflevzjo,6339,46,Female,4,70.8520531194507
Ydunnpows,Tlincg,5979,39,Male,4,47.1145080740849
Ydxpvpsyi,Njvqrk,14561,47,Male,1,49.4252261616356
Yeacp,Qaet,4541,62,Male,2,58.5872510799063
Yeba,Bmwmfwfo,16272,78,Male,1,64.6422955695272
Yecb,Eicsznsm,5949,74,Female,3,43.5873370768842
Yeji,Rbjqix,5665,76,Female,5,93.6867568537873
Yejrey,Ngsfejw,17490,56,Female,3,44.0194887256499
Yekbyuw,Pthqpcgq,10719,22,Male,2,63.9535625225947
Yemow,Oexnchsk,5511,64,Male,2,52.7446727418208
Yeulw,Yxay,12772,46,Male,3,82.1091243553975
Yevtwzg,Quxkuyt,17503,27,Female,3,48.8351736580676
Yexyuh,Shwbwjbk,16355,32,Female,1,66.7715799594386
Yfadc,Thcv,9705,32,Female,1,57.003341458616
Yfanxk,Hzzl,15562,98,Female,3,67.6939281957418
Yfcmlpve,Caqdgd,13524,92,Female,2,52.4399307075461
Yfffysnv,Cayxmeykz,1967,92,Male,4,61.6318404994272
Yfjwguli,Pwselmar,11929,62,Female,2,62.1821944748266
Yfjy,Aapc,2178,60,Male,3,60.9423877060233
Yfkzdajze,Yrzfmd,3672,88,Unspecified,3,53.9293841940171
Yfleajriq,Ylxs,3310,92,Female,2,48.8352486908145
Yfnfewjg,Avxofmaao,16045,70,Male,5,57.9219010283494
Yfnqbxe,Tpaudemy,9993,28,Female,3,54.1556997992842
Yfoc,Onstp,10318,83,Female,5,45.4792008209678
Yfoyclqsm,Ybbagc,12594,23,Other,4,44.3317666545852
Yfpif,Phptkktru,4003,28,Other,2,57.8614004614372
Yfqqz,Qoprixu,1235,82,Male,3,74.7549368192582
Yfsyxt,Xbhmfh,19739,49,Male,5,67.3065757999907
Yftxdzp,Lgkjjopr,1055,45,Female,3,52.9903879323593
Yfup,Nbje,17290,86,Female,5,70.5709564343034
Yfuw,Umywa,13837,31,Female,5,61.8306855677826
Yfwru,Gnsv,8174,71,Female,5,79.1572120812895
Yfzsra,Fgsr,18576,93,Other,4,47.7140213753486
Yfzyf,Cdrd,13535,39,Male,2,58.4527485390713
Ygaou,Frdlpe,2116,71,Other,4,61.7143428716231
Ygbb,Hujaizfhc,13101,52,Female,4,44.6230148686507
Ygbkcrgkj,Ptvqbbgpl,1293,63,Male,3,55.966955547344
Ygbkefxnt,Qllpgtj,11938,78,Male,4,65.3693174426539
Ygctelmyu,Jzrbfv,4424,82,Female,3,55.1621915745642
Ygcysg,Ttlj,4602,93,Other,2,67.8382531912013
Yggf,Aljjg,16086,78,Male,5,60.3092744685627
Yghmkitb,Thdpwf,10090,48,Female,4,70.1922091487956
Ygifbaksj,Oxqpdmjn,8666,93,Male,4,43.3810684422087
Ygkrbspdm,Hftbsicl,2471,58,Unspecified,4,42.6147378645705
Ygmjbil,Ghjfxhg,1750,92,Male,5,51.228384100648
Ygoayv,Vsonf,17863,27,Male,1,66.3529145769485
Ygqxcdo,Gqkppkz,8097,75,Female,4,57.5705259045635
Ygtaixfqx,Slfepma,7499,56,Female,5,68.0055630506266
Ygtswsks,Dncrvqnm,6192,93,Male,3,67.5692710955519
Ygxdfgdef,Fmaqruwt,12420,31,Female,4,53.0000383925965
Yhcdzyuyk,Icnqjrzlz,9264,66,Female,5,61.2799491947606
Yhdpfjwvl,Wvumud,14692,25,Female,2,61.9444087487639
Yhfsao,Fzhtgw,17630,47,Female,3,49.616387392676
Yhjjuxh,Betmtj,11581,57,Male,2,44.2046198175818
Yhkuoqsg,Cfjna,15396,40,Male,1,63.5615704335262
Yhlhnujvf,Xwowka,11596,77,Male,2,74.1804957267516
Yhlyhpi,Hptp,6391,46,Male,2,69.3153440969072
Yhog,Hxgmi,5398,88,Male,2,69.6106134734368
Yhohzn,Wosvpy,17732,91,Female,4,57.4995361750015
Yhta,Yrgoygoh,1165,28,Female,1,37.0971121097862
Yhtzd,Plujbrwk,17962,24,Male,3,47.4096959611245
Yhurny,Sukdmuajr,13331,54,Female,1,38.337207694938
Yhviufz,Ymseesjah,10990,50,Female,4,79.1727929244194
Yhvk,Kjsvorf,9269,58,Other,1,48.2165613930985
Yhyhve,Bkwf,10359,20,Other,3,44.4849539172767
Yhztlxj,Eaeojifi,9698,57,Female,3,46.6284954185054
Yiah,Crqaaztio,9909,23,Female,3,79.7635624606998
Yibo,Ftptjeb,14792,97,Female,3,50.166466824526
Yihietr,Mcpqqedmz,4860,43,Male,5,54.2206083570126
Yijptl,Bpcz,12015,82,Other,1,72.733834042215
Yimbkrmg,Vbsqbhtiv,17653,78,Female,4,41.6724858179773
Yiqrpzzh,Fqdjvs,18550,97,Other,5,67.3741380642228
Yisc,Fnuis,12372,92,Female,1,57.4660139525635
Yiuith,Nydhb,14778,45,Male,5,70.6088137574515
Yixjuhl,Enpgzqy,6085,80,Male,4,75.060343136107
Yjfnuzsfg,Zgcif,3483,53,Female,1,57.7057008751758
Yjoh,Yjaopj,17168,80,Male,3,62.6456936969897
Yjsraebgj,Kujhlmzx,18450,91,Male,3,53.5972800981069
Yjuv,Nbdtiwjr,7278,91,Female,3,57.574337463403
Yjwsg,Hqaxq,8090,77,Male,1,63.4581917752085
Ykgugvrd,Vondwhxl,14079,26,Male,2,49.5063096001141
Ykieol,Marglmv,4368,90,Other,4,65.954192847565
Ykju,Hlyxy,13475,34,Male,3,47.2358667700856
Ykljzm,Dlkl,8419,56,Female,2,63.6575657005531
Yknk,Tyazua,4800,73,Female,2,66.0022661822528
Yksoca,Zppswuoe,13849,67,Male,4,40.6937430574501
Ykuhlkss,Imajpamrj,3542,52,Female,3,87.6071223871324
Ykutjnl,Ungojih,5340,72,Other,3,60.4462390664141
Ykuv,Lkeg,14042,86,Male,5,60.5326152315412
Ylazez,Lzuihxqg,17401,76,Other,3,57.6489187159854
Ylbfcy,Bfjhothne,10682,67,Male,4,71.731302363535
Ylbs,Iqrkgengk,19396,60,Male,3,57.3206835254693
Ylbz,Fthygiww,4915,49,Male,4,44.3446392073009
Ylcapak,Zdsvt,2636,50,Male,2,75.4214062770442
Ylcd,Nbpqufiut,10994,57,Male,5,80.289996532752
Yldj,Akahtsqdc,11633,41,Male,2,65.4378820399024
Ylekyg,Ytbapcrki,19250,94,Other,1,54.4349232678842
Ylglhk,Vuvk,3882,72,Female,1,43.2016333776635
Yliwhi,Qplno,2906,74,Male,3,68.2779703996939
Yllgcc,Qnfjr,14676,18,Female,4,77.2416352678625
Ylmzwuxq,Wkfmdmtp,7335,89,Other,5,40.7554138277806
Ylnrffx,Gdaqrzvjd,19391,29,Male,3,61.1350500405848
Ylpkuoww,Tyfiup,11799,82,Female,3,50.5132566558002
Ylrh,Xipxelpk,7674,19,Female,1,59.5481607055759
Ylrxk,Wqrdww,3712,57,Male,1,35.1427476579036
Ylvbqxa,Hmjfiqfj,1174,98,Female,3,52.6020814430638
Ylxzgxm,Kfab,19545,63,Female,3,67.9043480918669
Ymaompgl,Unnhfy,14439,19,Female,3,57.6500708078018
Ymdqxak,Dfaciw,9158,75,Male,3,57.9717604878339
Ymejrou,Pjuuahx,19614,68,Female,2,63.4089625892454
Ymgd,Xbeasgmon,14820,76,Female,5,65.3198835146862
Ymjdqo,Opqaqitdp,4050,21,Unspecified,1,46.4013107998115
Ymjmfsxdk,Zaaiujipg,12671,28,Other,4,70.453438857152
Ymjntlfx,Znjsx,7043,58,Female,1,74.6010191998903
Ymmn,Cmofe,16625,91,Female,4,50.1342858765332
Ymmnc,Zdmg,8106,74,Female,4,55.0392023873296
Ymmzz,Uhdx,5030,86,Female,2,42.3507729297297
Ymnso,Twgcdmt,6184,70,Male,1,74.212788218936
Ymqdzet,Wmgj,7089,55,Female,1,58.4531581214083
Ymsa,Wiqjyc,7585,47,Female,2,37.513403658571
Ymtnhtdv,Gwrbdd,5265,52,Female,5,78.3014710920612
Ymtwfbwd,Adnhunzf,11532,77,Other,3,67.425701159905
Ymutgfrio,Jtetfg,18038,52,Male,4,69.1583622619239
Ymwo,Wtgeute,4741,26,Unspecified,1,55.6526650088956
Ymxv,Swww,2281,80,Female,1,52.4179748169608
Ymxyaai,Jgikdznb,15708,47,Other,5,72.1438983362981
Ymzkeicz,Dgwb,10987,92,Female,2,70.5909984600817
Ynawfd,Tkvn,1274,62,Female,1,60.938871196901
Yndybidq,Mntkl,13891,20,Male,1,70.4483895857332
Ynifixkch,Vnplbg,15474,70,Female,4,45.4873033476058
Ynikxftk,Syjxemxtm,1620,49,Other,1,49.3147183941083
Ynjrgpmw,Nvvhksle,19589,24,Male,1,59.3633067965635
Ynkccjabn,Bfowo,5202,82,Male,4,69.07305673882
Ynlalh,Fszdmrp,11358,50,Male,5,65.8500408336471
Ynlixsfrk,Egmcarckz,14199,82,Male,3,46.0175579645939
Ynnfbzalj,Pfvlfe,8946,85,Male,5,73.3671032955205
Ynqvmrynh,Ntqj,2305,27,Female,3,54.8294231034203
Ynttpi,Mkltyh,15488,63,Female,3,43.2605877487842
Ynuv,Pduanxrh,12886,72,Female,2,52.6218366882431
Ynve,Dnnsqbdzi,11175,80,Other,4,80.3232508186388
Yoeyhypnm,Ivbesoi,4900,49,Male,4,44.6796094641774
Yojpluw,Ajwnr,7803,78,Male,3,72.7594717700157
Yokxoswcx,Dzpghqgim,8436,36,Male,2,75.2807365743827
Yomm,Efin,4783,84,Other,2,63.9527653739724
Yonusr,Bwrnqg,10838,81,Female,2,57.4892737074155
Yoohjhnb,Bkyhupmhu,12569,41,Other,4,63.3171888772743
Yoosiwod,Orrr,12100,63,Male,2,65.0456641246258
Yoowgzerw,Nnvoupqdo,17980,86,Female,5,58.4376508953
Yopgvkxh,Blugxakv,1934,23,Male,3,65.9585970754337
Yorenkffc,Izfnflg,11113,57,Other,3,58.0498718556686
Yorueoii,Jrykzpsdl,8780,94,Unspecified,2,75.6195827288968
Yosdmr,Ypxepnvhf,7834,69,Male,3,64.957758842496
Yosvluge,Epytw,5376,93,Other,4,56.2638997404105
Youcivfs,Gpupbfhw,4309,54,Male,4,61.0743860609137
Youqyqc,Tvthiinw,16712,53,Female,1,57.2637357402065
Yovumaiku,Tosibgv,19243,78,Female,4,68.8676369856404
Yowkqbw,Graqvpx,4224,89,Male,1,42.0877387788569
Yoyg,Xhuv,13062,61,Female,4,65.0526446288504
Yozbn,Ksljwgtt,15833,18,Female,1,60.8782805154339
Ypcmehzov,Afhvmxg,19980,36,Male,5,50.7360840396997
Ypjugs,Sijlnprpx,8283,97,Female,1,63.179664246672
Ypklvp,Vbikji,5561,32,Female,2,46.5091110544261
Ypks,Kcgys,19467,49,Female,2,56.5055938776516
Ypoap,Drjg,12906,98,Male,3,44.5462029768798
Ypox,Kixmv,13831,79,Unspecified,4,70.0798189472736
Ypscjz,Yedfx,18277,62,Male,1,66.5044109046671
Ypty,Hoaknqxry,3907,85,Male,4,54.630272787718
Ypxivaqzd,Rwni,13086,32,Female,4,55.3754029615929
Ypygzyw,Qyfi,1853,55,Other,5,29.8543138835509
Yqakg,Zipcmjv,3675,94,Male,3,59.5289830187646
Yqbpmhv,Culgaqgk,11628,36,Male,1,62.7734308173109
Yqcevn,Poezzxwyc,15392,25,Male,4,53.2012309961551
Yqdglpppi,Nraap,4437,83,Female,2,55.5724397378972
Yqifbzqt,Cfabi,1141,37,Female,3,46.1956147224631
Yqjjehh,Weyh,6055,70,Female,4,38.9998579113919
Yqlazex,Ioacljijp,6577,49,Male,5,57.8623980034919
Yqldafx,Gepwujh,6108,73,Male,1,66.4326549008084
Yqms,Bjpwlh,17575,25,Female,5,48.8460013729603
Yqny,Flqnvza,14933,47,Female,4,36.7218112745523
Yqtslfzu,Uupd,10376,30,Female,4,70.5478320796352
Yqugbo,Tbiiqd,12005,67,Unspecified,3,61.186764744973
Yqxi,Rojilddif,3020,95,Male,3,72.0052885149705
Yranq,Mltao,14874,23,Female,2,80.6381186353562
Yrbkakhvt,Fjtctjstl,19448,30,Female,2,55.2405309660141
Yrcv,Tldxmb,14054,97,Male,4,66.8228977029616
Yrdtwet,Ccad,6288,52,Female,5,55.5623036783398
Yreadxfx,Nrsywxq,13416,40,Male,3,55.562095799161
Yreawmq,Dyqstx,14247,92,Other,2,53.8957085639008
Yreyar,Dtdecilf,15626,93,Male,3,58.2153504313735
Yrgiinp,Eqnpylhe,5394,77,Female,4,64.2776174953217
Yrjzzdw,Ezeue,7028,55,Male,1,68.461177372896
Yrkoqq,Vszrlcs,10876,95,Female,4,29.1271717745397
Yrkrctmje,Xonmvqz,18902,61,Female,4,58.5747633508994
Yrlcivdw,Etzegfptm,15688,79,Unspecified,5,78.8834323606533
Yroxyqxut,Zajs,6475,44,Female,1,70.2934845401448
Yrpusjx,Rejhr,4325,56,Male,5,70.0505558825998
Yrrjgcgm,Qqyg,14850,95,Female,1,62.4107841485502
Yrrrgtqpk,Fbwpzncur,10475,26,Male,1,61.1984279579559
Yrtchrbip,Rpoykt,15993,93,Male,5,39.9221392216047
Yrvszfr,Vjje,13998,30,Female,5,57.9087013144378
Yrxr,Gejgup,16486,82,Male,2,66.4347594376288
Yrxwiuo,Gkmsxbcv,11422,89,Male,1,50.3328677022382
Yrzojtmo,Asno,4956,43,Male,5,85.5434309782607
Ysag,Jaby,16453,90,Male,4,65.3707056985101
Ysdjygui,Abbsankt,11045,33,Male,3,47.2083462873576
Ysdupd,Vclnijca,6566,70,Female,3,66.4462623032972
Ysfpijhp,Svlofgdq,9764,78,Female,1,79.1384228476389
Ysfrrzs,Ouyotc,8085,59,Male,1,39.814683202136
Yshhhh,Vdofjxj,14486,63,Unspecified,2,69.8560624845622
Ysianipgk,Mvmwwkq,14952,92,Male,3,80.2269965678995
Ysmbgnn,Jjtnk,1896,95,Male,4,70.5227172188815
Ysmm,Diaqs,18526,57,Male,3,76.8776048492586
Ysmumsw,Yjqy,8589,48,Male,5,51.784894850939
Ysqaecnbc,Ndfxkhkav,12007,84,Unspecified,5,55.1957067151646
Ysrmcf,Zhuwxlq,8961,58,Male,3,63.2228533911035
Ysucy,Npefz,15353,58,Female,4,55.9179939302693
Yswsglbg,Hdkawle,9153,24,Unspecified,2,66.460422585275
Ysxv,Iahhiyq,1831,96,Other,2,82.1015899371148
Ysznmjvge,Ykhab,19804,79,Female,4,72.2031093466616
Ytajxfmno,Nvewchdoh,12735,46,Male,3,60.4544494623226
Ytamxnj,Pkumrny,2771,30,Female,5,69.4184609448451
Ytddkl,Yqkmjen,10935,98,Other,1,26.8307621367137
Ytdsoa,Mwpi,17849,41,Male,4,63.2221054313211
Ytdxt,Infqognqn,8569,41,Male,5,65.2763466767014
Ytewonpj,Vwgz,13454,66,Female,1,57.8266394360685
Ytkunm,Xdsf,16418,97,Male,3,65.0346455843339
Ytpupzost,Fytwv,18379,44,Female,3,74.0734125011881
Ytqiqnh,Jyeelfo,8420,88,Female,3,72.9190911872316
Ytvtfx,Ahfjcpc,18954,33,Male,5,62.3115752992051
Ytvx,Jyjxcr,4201,42,Female,2,67.8937639368555
Ytwtcs,Hwhjuw,17347,57,Male,4,49.3083280477217
Ytxknmwdz,Jahjngs,4353,51,Male,1,63.2864757413394
Ytyla,Wkanyq,12416,96,Other,3,57.479017734579
Ytzsdjh,Rleunyrej,2403,23,Male,4,69.7575753195307
Yuaps,Bgwml,3657,34,Male,1,70.3359432305756
Yudit,Krvuekzuf,19849,95,Male,2,72.0104147756222
Yuevmou,Nendx,13388,63,Other,3,39.4192503093903
Yugwxs,Juskttwo,18070,25,Female,4,58.8641253778208
Yuikikkm,Ytzd,18906,97,Male,5,45.9371567528243
Yujpcf,Pwrtejooz,7847,78,Male,4,71.7151968874969
Yukgs,Rhmtnp,19267,93,Female,1,47.399060279811
Yumpt,Bomuvj,17402,60,Female,4,48.8135867374281
Yuomqat,Lzlleuaj,14328,20,Male,1,62.4008858595649
Yuqknb,Xercilvwo,4158,33,Female,3,68.052827067034
Yurhqbjv,Odxjnovo,14119,25,Female,2,59.2175750349416
Yuwjk,Giaizrgex,6922,54,Female,5,64.6818518184441
Yuwnpe,Mimp,16989,46,Unspecified,2,46.9295779807697
Yuxiqjqq,Xperqscbu,14901,54,Female,5,68.8765115552741
Yuylhic,Qflkj,8294,43,Female,3,61.5318165596314
Yuyt,Kzqihl,16219,43,Male,1,43.4364989809047
Yvbztxnhw,Wcwd,12018,85,Female,5,39.6140660744193
Yvdum,Tchztpm,16378,86,Male,2,45.7847517651217
Yvflgwpgl,Cmcpgx,10806,22,Male,2,65.7455757521079
Yvfo,Kackc,11945,36,Female,3,54.9117910678912
Yvfvcmanx,Wubu,17583,57,Female,3,44.2658262763656
Yvklxuedh,Caqp,8357,85,Male,1,49.5794743414079
Yvkob,Bngvykosn,7363,45,Unspecified,3,54.1542258946594
Yvkvdb,Itvbld,5184,72,Female,4,48.0560596136307
Yvlzao,Zzei,11312,23,Male,2,66.4478698878837
Yvnmc,Hngttsyp,5753,74,Female,4,61.392941841255
Yvqep,Hydzhxsgq,15952,40,Unspecified,3,69.4926329177254
Yvrr,Gislplh,1834,68,Male,4,70.6447273769637
Yvrwyb,Aybzfg,14244,39,Female,3,76.3972054546586
Yvwxrmj,Pghf,1682,83,Unspecified,4,57.4562866041336
Yvxex,Rkdrb,16942,86,Female,2,89.1077422000164
Yvxpltzql,Vegpmktev,5832,18,Female,3,50.2755745320688
Yvzhztlac,Zorg,11133,91,Male,4,73.2345350745671
Ywcvce,Ndgktf,5458,88,Female,4,60.3852834291167
Yweuumtp,Sdycww,1161,45,Female,5,71.1453090739221
Ywgqi,Dyfefzc,3498,47,Male,5,55.1136623231573
Ywhbtdg,Emfk,2303,77,Male,5,52.6262579285808
Ywhl,Cvgsragw,2678,46,Female,2,69.1459430925214
Ywsayavsp,Sccddlox,7557,77,Male,1,49.3707015118993
Ywwzx,Gxzm,12324,45,Other,5,75.719279667864
Yxcepfr,Kumcrmzdz,10533,82,Female,4,59.7593187437372
Yxcm,Dqvx,5244,53,Female,3,55.8510161844541
Yxdmsh,Xsxh,13141,74,Female,1,58.3334738906503
Yxei,Kdzbpftsq,4319,54,Female,3,78.7985805879285
Yxfq,Iopd,12584,78,Male,3,66.0671141931121
Yxkalpgo,Aypwkjkp,6196,28,Other,2,52.0264616834304
Yxmdim,Bvmkatry,1058,28,Female,4,64.5859300315244
Yxnf,Qqord,1879,75,Male,4,57.643687867116
Yxnkpffgg,Jahoh,16188,57,Female,2,48.9832729764378
Yxumaonfw,Ugdgypdpk,12130,98,Female,3,65.0173441629369
Yxuw,Akhs,8957,77,Female,5,83.3608681528408
Yxyg,Dpjxerekh,6634,75,Female,4,55.3810618511454
Yyatjblr,Reskrh,7540,69,Male,4,83.8764872875231
Yyebxvoqm,Skirk,11169,71,Male,5,39.4722602239619
Yyfuap,Tcjhnriuu,19887,61,Female,4,51.5415882321889
Yygj,Gzwh,1823,42,Male,3,49.5416478317892
Yyihdi,Sgilkjzo,6498,96,Male,5,66.874156443459
Yyiheup,Pdngyj,10970,58,Male,5,72.058344083932
Yyjuv,Iiwgds,12688,49,Female,5,67.0316617215031
Yymvjenc,Bynqxmjoc,17406,78,Female,4,52.8778930196285
Yyosftlpi,Gnbxnywry,14651,49,Female,2,81.8928012363073
Yyoverz,Gexout,16442,26,Female,4,38.6538162265832
Yypft,Xicuyklrp,2943,89,Male,4,64.7506081768725
Yyram,Ipvvz,6071,29,Male,3,37.1724427260361
Yyrhfgloy,Mbrfxlt,5737,84,Female,2,53.9047113703581
Yyxjrnl,Srzjzzsq,15595,59,Male,3,42.5468522534959
Yzbocr,Lpsgsviry,17215,43,Male,2,60.7385680157407
Yzcurf,Oirvht,3632,53,Female,4,62.1056446922547
Yzcuyuorx,Lszklvbg,13184,65,Other,3,69.6739184667557
Yzea,Yyfeusvid,13545,67,Male,5,55.6788327265031
Yzedxend,Baoynk,3053,76,Male,4,56.8465270913938
Yzitruk,Xbuobkfd,12102,29,Male,2,72.7969921733205
Yzrdrl,Chvha,10202,68,Female,1,69.1349331859748
Yzrhela,Dcuvm,3817,46,Other,1,55.771424665765
Yzrmwzgjw,Vtnxx,5041,65,Other,3,55.864139993907
Yzsod,Kdzj,16118,76,Male,3,54.5965371715396
Yzsscrptd,Kvgdldkq,1935,65,Male,1,71.5464234142746
Yzuoaodw,Tjyrbo,19047,58,Female,2,56.3679897706114
Yzvimmn,Jdgl,5170,93,Male,5,60.9589660556163
Yzvrlcyn,Ctelpwjw,6394,49,Unspecified,1,51.8681988039327
Yzwwjsc,Zresuhkq,1154,69,Male,5,43.0970474490301
Yzzf,Hykjupxqm,15656,87,Female,3,62.838735561226
Zabrur,Ojozgirc,18766,72,Female,5,43.3923825736601
Zabudijy,Aellz,6694,33,Female,3,66.9297060046948
Zaeayge,Mdwp,18095,54,Other,2,53.4443624869213
Zagrheui,Skgq,5636,37,Female,3,43.1553089337473
Zaikhcsq,Znuysh,12271,94,Male,3,53.1236665573753
Zammjkun,Lyuhpo,8710,27,Female,4,65.0925946487305
Zamrefetr,Mbzzwcfrc,7328,50,Male,3,79.3487867826744
Zanovku,Hlzedlruf,11605,53,Other,4,45.8167998727357
Zarhcgd,Tvonex,11613,28,Male,5,60.9207235045665
Zarhihpi,Hfavaff,15817,37,Female,5,65.6233524809145
Zarjr,Nhdmubl,15927,43,Male,2,56.4927286625723
Zasxum,Nqicyb,17499,81,Female,2,64.3704688523467
Zatdund,Xnuuywqt,4479,97,Unspecified,3,49.8893920415517
Zaxmwaxps,Uxewcvmg,8322,66,Female,4,64.2535760458541
Zaylhstbe,Xjsvrq,9981,61,Female,1,35.7638452759494
Zazb,Ktdtmti,1546,18,Male,5,54.286602291855
Zbconpzev,Xbioihn,17498,81,Male,4,59.5069121167591
Zbcyrhi,Qnhymngrh,11084,26,Male,5,36.1496859333263
Zbdyanjio,Zvelqkn,8091,38,Female,1,41.3323068786851
Zbespk,Zxtysmd,12941,56,Male,2,47.0001420237428
Zbhgpf,Genxcnty,3382,96,Female,3,74.3560598088066
Zbjebtoc,Tphv,14875,72,Male,3,26.8089678953376
Zbjl,Qtkyw,9804,75,Female,2,68.1556204924112
Zblrcz,Xlceog,8711,75,Female,3,69.3990747898228
Zbmuljc,Enhs,12713,48,Male,4,47.8885932268859
Zbmx,Qvubyi,15706,32,Female,1,67.1352512262077
Zbpeamwnl,Dwnvqnxj,4030,75,Other,3,43.2474572226942
Zbpluov,Pvoqobyd,17449,80,Female,1,74.6801080557703
Zbpqhqg,Izuw,17714,74,Male,5,66.2001756150306
Zbrnbem,Zyauhm,9120,71,Other,1,54.9091217149845
Zbsnf,Ahsidon,17685,61,Male,3,57.4750370960971
Zbtbom,Xdppg,15957,23,Female,4,64.5569800869255
Zbvvwlyx,Cmsgz,2246,82,Female,4,64.5913595040741
Zbxkwvde,Wgykbcfcz,3253,46,Female,1,47.5171172902589
Zbxvt,Ywxedzox,8686,30,Male,5,66.4814907893653
Zcahplrmv,Qdcxndq,15472,36,Female,2,49.5892756592927
Zcakdjknf,Wofspyvhn,4632,22,Male,1,75.2153047089836
Zccil,Kscwa,10911,35,Male,3,60.002127252097
Zcjzqtqk,Vubwbw,5335,83,Female,3,55.2659061731209
Zckgdbzdx,Rgns,3525,71,Male,2,57.0938110203778
Zckha,Zqbx,6200,58,Male,5,69.3471833519214
Zckz,Dhgkqpqus,6834,53,Male,1,47.9898890245059
Zclwbdl,Zsnicpsg,5268,69,Male,1,71.8188236793438
Zcmc,Xexvgdu,12876,67,Unspecified,4,76.7183840757982
Zcmpfwka,Xetenb,14756,26,Female,5,14.0377717114894
Zcmyuszb,Dyeg,7400,24,Female,5,49.7119886975243
Zcnen,Xopph,6580,24,Male,4,45.3213432007172
Zcpatic,Foizhn,1760,98,Female,3,46.4448213352439
Zcqysnxy,Qijfrc,5089,31,Female,2,33.7445966155785
Zcuyiwhfp,Kznyg,5817,87,Male,5,66.2784518824014
Zdgxl,Nbpzzkkso,8157,53,Female,3,63.9164639399118
Zdhgbr,Jhtbp,19700,60,Male,4,61.6883743412081
Zdizgwy,Hsalfplx,12042,79,Female,2,69.6001479063002
Zdmk,Lynignbv,5720,30,Male,4,47.5003593461075
Zdmm,Ovudh,1496,43,Male,1,64.6480937323319
Zdno,Jaam,1997,46,Male,4,66.4787495541828
Zdqeds,Wxxab,15490,20,Male,3,36.3314514146592
Zdso,Udhwgxg,1106,85,Female,3,85.8168415714674
Zdvbhm,Gxkwswm,18653,72,Male,2,54.9835490889834
Zdvnszh,Knsiuv,6720,34,Female,5,55.3911298103374
Zdwzymu,Vfuqo,3122,91,Male,4,55.0599151166541
Zdxzs,Arzsyeppr,16592,85,Male,2,56.4176453526384
Zefkmxuir,Jmhczu,15630,96,Female,4,74.3758547021725
Zegbu,Vrruhv,4414,73,Male,2,56.2765860028239
Zeixg,Bxancg,17968,92,Female,5,61.2433655742392
Zejkxtvw,Obxovz,3371,38,Other,3,46.1356134883297
Zeltxu,Nvjw,7125,61,Male,4,47.3549402735786
Zenihywru,Nnrhks,13032,36,Male,1,80.4582636953728
Zeoetad,Zcepbvdu,12851,90,Male,3,66.9562471773128
Zepgr,Iccpzs,2800,79,Other,1,57.2892330992047
Zesy,Ofskihshw,4004,52,Female,2,76.2633761449723
Zexruqcs,Nngzqneix,19229,67,Female,2,75.6684605041668
Zeyffmbg,Cbqnvzy,1945,59,Male,5,63.3186781955242
Zfbl,Fitbbbi,10570,76,Female,3,61.1693153959331
Zfcn,Kmrdgr,6276,48,Female,2,63.4032429010579
Zfdxrw,Ggixuo,8623,55,Female,1,61.6701538558535
Zferyprpf,Qkmjzsav,4121,42,Male,3,65.8227258609889
Zffs,Pgapyxnc,14966,39,Male,3,71.670366630114
Zffzpiy,Mtoad,3656,43,Male,2,44.6096333799642
Zfikxq,Ydrsubvz,16273,88,Male,3,77.9395383661892
Zfixsgtmv,Dhxqwm,12047,87,Female,1,66.8431715889551
Zflzyjl,Ejwa,10329,88,Other,4,64.4353325993428
Zfmzvyxcv,Wbsqbdtxz,18932,54,Male,1,73.3979377401249
Zfotbi,Uclht,5360,33,Male,4,66.5328756817062
Zfovcbg,Sukir,3625,51,Female,5,66.1553993885645
Zfrgw,Vzeqtoz,9483,41,Male,4,53.6472925749594
Zfvw,Ypfwzhtdu,1355,96,Female,4,58.9836078938762
Zfwwo,Yvmtasdz,1062,87,Male,3,38.7030720366419
Zfxvytwwg,Iptta,2747,77,Male,2,64.5516023303358
Zgarjd,Luovl,1258,95,Male,2,61.5045904841652
Zgfkgj,Ktqnamhse,1507,93,Male,2,60.7321947258511
Zgleuh,Yqbxftp,8384,93,Female,5,56.9747394176063
Zgpzaglvg,Vnojw,18222,83,Female,2,54.4885023478928
Zgqusmse,Ueuciygxe,14459,18,Female,1,62.4028143986266
Zguokpo,Fzifmqqgd,1688,49,Unspecified,3,62.5172256111144
Zgvaec,Bsean,8137,73,Female,3,63.0614097845428
Zgyu,Orzejhmu,16884,44,Female,5,63.339851311776
Zgzpg,Jktq,15356,27,Male,4,46.3999724577663
Zhcjxyspw,Sexfyr,7704,65,Male,5,56.3122816919243
Zhehnwpd,Zsopwgph,7544,94,Female,2,61.9852458701626
Zhggi,Nhencinro,5291,71,Male,1,57.5893194246603
Zhhcdxcjq,Roqjy,12400,90,Female,4,86.9903298490658
Zhomtj,Hnvtwrm,6952,69,Female,2,64.2355660842986
Zhoz,Dubtt,1326,26,Unspecified,5,56.4200461853153
Zhxkrq,Hivxtgwq,2011,94,Other,5,70.2436438831544
Zhzqgip,Sturgrh,19656,70,Other,3,66.4210640249276
Zigryxjv,Lilkmbo,13206,31,Male,4,72.6807431889487
Zihl,Qtcvnekkc,19620,84,Male,3,46.0739387811695
Zihuvbs,Fesg,9031,58,Male,3,64.9132488228387
Zijel,Ctle,14498,63,Male,4,44.837613779948
Zinkvq,Sziqeuj,11415,97,Female,2,67.4909368801023
Zinpsi,Kjry,19983,52,Female,4,58.5097446088797
Zinr,Adtofvhqz,15974,22,Female,5,57.8322919652138
Zinvicn,Pmjdrals,2858,22,Male,5,43.8557623823274
Ziodpkxu,Xgtf,18314,26,Female,5,44.6509155058875
Ziolch,Sfipav,4790,89,Female,5,67.3851071828934
Zirqx,Njidk,8430,71,Female,1,58.6548535180852
Zizwb,Ogiwix,14993,86,Female,3,37.6063843521021
Zjcfmrvs,Cglbugvs,12332,91,Unspecified,1,73.0033577341253
Zjcpazmci,Komvuur,19602,83,Other,1,64.0302619660895
Zjdib,Iirg,16531,24,Female,3,49.1716114769895
Zjdyh,Xeny,6507,38,Male,3,72.2842003266576
Zjhag,Hwekzjv,14253,77,Male,5,69.2258146442322
Zjiac,Qsdnbwxft,7756,79,Male,4,68.8929530453612
Zjksbwqcr,Bksmrnbs,9501,72,Male,1,77.99865524256
Zjlil,Smypu,15491,87,Female,1,73.4367217852348
Zjlrweub,Hsoy,14981,31,Female,1,60.5720020161315
Zjluzkdj,Dylyzwtvj,12814,83,Male,2,61.8954246259694
Zjlyg,Trpz,18963,73,Female,4,63.918171118592
Zjmgqxji,Tjham,18331,35,Female,5,37.7256551575029
Zjmtsv,Wklgm,5378,79,Male,1,56.3424124381063
Zjmxw,Pliabspqt,10611,36,Male,4,57.8797126841146
Zjnuzw,Urbssir,7206,65,Female,5,67.9285748747566
Zjrtup,Wlqnvge,16798,24,Male,4,64.3383603028976
Zjul,Rfjngp,10700,79,Male,5,55.0500709160872
Zjxuzxsdy,Uqtugzp,11620,68,Female,2,72.4030197942026
Zjzhk,Rtybeftnn,9866,65,Female,1,59.1165933152629
Zkahx,Utkk,18294,93,Male,4,51.1596986381715
Zkbusyj,Flda,9763,45,Unspecified,3,51.9415623281519
Zkcb,Ljaf,6332,86,Female,1,55.5985315279674
Zkggkyz,Gceek,13638,67,Male,5,59.2862816084418
Zkhjsniga,Vmiabv,10801,84,Female,1,68.4848274866574
Zkjm,Ualcez,12422,64,Female,4,44.0944833143812
Zklpe,Yyvhp,12355,72,Male,3,55.2190903350952
Zkmautcmx,Gwiv,17361,61,Female,1,59.2684562856023
Zkriqgjgf,Atayut,5521,29,Male,4,61.2062022334653
Zkswulvo,Icnjqdom,1042,79,Male,5,41.1593481699406
Zktjro,Tjjpep,9928,62,Female,4,50.0651008883997
Zkycokzla,Pjjqk,2219,89,Male,4,60.2297869284926
Zlbk,Zsmrwrlpv,17171,83,Female,2,44.1893643687214
Zldtqy,Mqyw,2760,77,Female,2,42.4849521211514
Zlfcbyee,Mywgxnw,13364,49,Female,2,51.7108771503454
Zlgt,Wmdxp,12421,40,Female,1,56.875981445281
Zlhqhmc,Biiyj,3353,56,Male,3,26.6626785284557
Zljnahz,Fhxn,6213,97,Female,2,63.4727841351301
Zllb,Dvsjk,15739,74,Female,1,80.1309046368597
Zlmfi,Wyyttzg,5540,33,Male,4,67.7179024860989
Zlntyq,Ujpzhttz,19535,18,Female,5,57.9788895506652
Zlplk,Akyvqoq,15083,46,Male,3,55.8591588463261
Zlsvqivf,Cvzvdnmod,6526,34,Male,3,71.2037028802065
Zlzrb,Ldvphumds,1693,26,Male,3,64.888863910575
Zlzyzmyvp,Qidgu,5280,45,Female,1,46.4708720193811
Zmacd,Qqtpm,16145,72,Female,2,73.0743560204602
Zmbhh,Pnigpz,13067,31,Female,3,62.7802820855433
Zmbvejed,Brfdys,11267,71,Female,5,78.8350947258774
Zmcpzsu,Ohvtody,7157,93,Male,5,60.9286291687252
Zmfwqc,Oknrmi,10350,34,Male,5,59.4690571608157
Zmfynl,Hglffg,11802,66,Other,3,46.9653281542468
Zmlwuacwn,Unjlr,17306,26,Female,3,47.8086179566796
Zmnkujq,Ygjzjl,6551,35,Other,4,67.4767533124148
Zmnvndnrf,Sedwwuul,14949,73,Female,1,54.8417690453075
Zmpdbisif,Gbwzj,8020,96,Male,3,67.9781169601882
Zmpoj,Wclup,4102,24,Female,1,36.848248355318
Zmrj,Qhxcj,14159,27,Female,3,53.5383268463728
Zmtjc,Wuryy,18731,81,Male,4,83.5422345768427
Zmuwau,Tqmqueo,18515,75,Male,3,44.1390650042454
Zmuzf,Zpntyb,7153,73,Male,4,82.1903011716483
Zmvowou,Rdcebstzj,14118,68,Male,4,57.2898750300572
Zmzfahggh,Iyrpts,2722,74,Male,3,59.0616875600244
Zmzm,Dtzqylfe,9015,32,Other,4,54.5094012975893
Zmzzauwhm,Vfvwtia,12878,49,Male,4,49.5789400766245
Znddks,Yqjun,10581,67,Female,4,54.923901416667
Znejqq,Thfxwlvr,8555,39,Female,3,64.8679409182924
Znhck,Qttn,14320,77,Female,2,62.8306088294039
Znjmzw,Itey,11038,47,Female,5,62.498964528685
Znua,Zxtd,15339,79,Male,3,58.7474457658855
Znuepz,Ewqwjdcaa,15685,42,Male,3,67.1435164410381
Znvfkjiez,Ghit,2689,62,Male,1,45.0825523631766
Znvgx,Lmwhzhi,6431,74,Other,4,63.0079624600641
Znwjop,Wgaraw,10080,40,Female,2,54.5847041513832
Znyxn,Twnc,13976,39,Female,1,56.2429861498925
Znzkduu,Ccxpd,2168,95,Male,4,73.4954085113937
Znzpypb,Ygdkvqsd,19954,97,Female,3,52.3590086960827
Zoalp,Ulndx,12169,62,Female,5,55.0182785306844
Zobhqgxn,Yrikoptzz,11219,93,Female,4,64.8894897828292
Zodgdeq,Tjkker,4119,80,Female,2,61.9341017284118
Zoeh,Fbodjsuf,10657,42,Male,5,66.2765277731874
Zoftrgzwl,Yrwb,11998,55,Female,1,58.3301416798276
Zogl,Ckwvvbs,7135,47,Female,5,55.2263703506497
Zomablhyx,Jyora,13934,21,Female,2,44.0037749706908
Zoosyn,Tzopxcs,19538,29,Male,5,66.0960832448988
Zortu,Cwvz,11626,72,Female,1,72.6129525920603
Zosid,Ncjbfom,5075,43,Male,4,59.2564170057554
Zothzgirp,Iwfk,5968,87,Male,5,66.0712258474701
Zovckm,Vdqgofgrp,9829,58,Male,1,74.7555685293787
Zovqkgj,Hmyz,14709,86,Male,4,46.3840440087571
Zoxfjgwds,Xhgw,4103,64,Male,5,47.3687660781509
Zpav,Jgoqvi,13447,32,Female,5,52.1031728960416
Zpjz,Upizzgreu,19458,47,Female,4,66.650465586647
Zpkxaiszz,Txjdbxcj,11044,70,Male,2,64.813356456642
Zpkxvi,Poknhzmb,19667,68,Female,4,50.3552657557254
Zplu,Nekix,3118,61,Other,3,57.9649445631777
Zpnuonexo,Pgusp,6084,30,Male,2,34.3241093754663
Zporlx,Wpibcbhj,16784,92,Male,4,58.1758401676362
Zpox,Ynhw,2710,88,Female,1,65.3743940810243
Zpqa,Icecjixu,7226,21,Female,2,58.5204047596305
Zpqfyrj,Czrgjgjjk,11082,67,Female,4,59.0016615846977
Zpqmgxqby,Ofcu,8735,55,Female,4,72.0565711656991
Zpqs,Yaqligpe,12085,94,Female,2,55.9991379878626
Zptt,Xwnyivza,8879,44,Male,1,50.4137836964947
Zpuh,Qfpc,1774,59,Male,3,55.5458716907022
Zpwibpjlq,Dmvxh,2867,47,Male,3,53.5860380632464
Zqarojdw,Pwscvrk,9257,21,Male,4,62.5703913480235
Zqbt,Pqkozkrh,8823,94,Other,2,63.8996188215259
Zqeon,Jjhr,5197,69,Unspecified,4,58.4975686376154
Zqfof,Bouk,14196,37,Other,1,40.5439023946988
Zqkot,Zfhhpg,2058,94,Male,1,54.9746627300847
Zqlzup,Onhtswc,17547,91,Male,1,59.0735462257467
Zqmvortp,Qfecqqcqi,13368,29,Female,2,46.3114424440959
Zqmw,Vjzn,17093,69,Male,4,61.616037314258
Zqont,Ruka,2397,78,Female,5,67.5091786106655
Zqpscjx,Uycbim,1993,70,Female,4,67.2935714356877
Zqspkoq,Updqgxe,13341,69,Female,5,64.5988507713939
Zqtkt,Mmewx,15863,53,Female,2,47.8785860102129
Zqtxszq,Wngcq,6725,92,Female,1,77.2408729970894
Zqzjave,Etnhtv,11836,48,Female,2,61.9225799639441
Zrah,Qnrd,15526,35,Female,2,83.3429147023913
Zreubn,Ulglrj,16724,72,Male,4,53.5650250558883
Zrfoer,Jxkqdunjm,11118,72,Female,5,60.8184949884359
Zrgkpcfz,Imghje,16463,35,Other,4,51.7274049115906
Zrgmy,Ffmtwpxxj,6275,50,Male,2,46.9446020420918
Zrjn,Voqrrtkxq,12970,70,Female,3,68.22623158802
Zrmonzf,Nguoeowee,13079,89,Unspecified,4,75.2264629535421
Zrqiqy,Aenbpt,7612,82,Male,4,56.4748698355834
Zrryroj,Qvbw,2383,73,Female,4,53.6310475336459
Zrtzlocr,Hrgmj,7875,85,Male,4,32.9397071907687
Zruem,Hdcjai,6643,54,Male,1,63.2357668424666
Zrvkkdbj,Zxza,15435,66,Female,3,48.765714957503
Zrxfyx,Iizhcfgo,19240,52,Female,3,80.4999075458055
Zrxwenfxr,Xhffinb,7729,36,Female,1,55.7691675575906
Zscik,Fqlgfx,3550,61,Male,2,58.7634187143071
Zseava,Sekqwgj,11446,29,Male,3,59.7593187437372
Zsfpw,Ojox,14872,59,Male,4,53.7499546836884
Zsfyjrigu,Ljlkcjrxj,16195,27,Male,1,62.2123875059037
Zsgcywtwp,Zusv,13323,49,Female,5,64.7216961738319
Zsgu,Izxt,5605,19,Male,5,58.7517677025251
Zslz,Btdodxy,9039,94,Other,3,70.4731328358672
Zsnjezr,Yaonpuzk,9521,31,Male,1,63.7071188957497
Zsolxod,Jwoui,7152,64,Male,5,84.4875810429843
Zssd,Tpatjx,17724,71,Unspecified,5,66.9837195744073
Zstdk,Bsobpu,19975,83,Other,5,59.3137152687809
Zsts,Oijbne,8820,40,Female,3,65.7743859757586
Zsusut,Zgagsfdmb,11077,62,Male,1,73.449664104023
Zsvyc,Sxvpf,15478,38,Female,3,43.3417216601643
Zsvzcox,Cvmktvw,18721,29,Male,5,70.9744117619255
Zswjs,Sahwt,18324,67,Female,4,46.1784149232624
Zszd,Nxfdrqkc,6827,80,Male,5,30.0945576353316
Zszua,Owcpfkz,6614,57,Female,4,61.9621726726265
Ztbweakqc,Nwehgst,14610,22,Male,2,73.0161628156189
Ztcykuey,Potix,19609,56,Female,3,57.9927754644471
Ztdc,Pwavnbwyq,17902,75,Female,5,49.2391405071091
Ztdkyqeff,Ldztu,10428,96,Other,4,49.3191330739124
Ztfqjuhbl,Wqsukl,19590,19,Male,3,39.5307186120964
Ztlglzgow,Sqahycec,16316,48,Unspecified,3,60.5138066201863
Ztqgmkwi,Bmxpgagj,12545,86,Male,2,42.7641076666162
Ztqrnm,Trrdspkrc,17639,39,Female,4,76.2785926092482
Ztqwzd,Fozsmmcez,5071,22,Male,5,48.8254804186212
Ztqxpcqv,Hwjcw,17806,38,Female,3,48.8531053314332
Zttclve,Uhhxtnmit,13721,25,Female,4,72.6990843041867
Ztwogyusp,Nxvpzrmov,18460,36,Male,3,57.667846254149
Zuaabodc,Dywekz,14105,85,Female,1,73.0009857213433
Zuathhqwl,Fvbkqvapd,19123,85,Unspecified,3,70.2045852817036
Zuayfp,Upbsyc,6704,45,Unspecified,5,59.698661591138
Zubk,Cunxwvy,13274,56,Male,1,58.9233804977923
Zubqovbht,Pbrr,8479,78,Female,4,70.3970595369189
Zudptyq,Nabgjqhpr,11073,85,Male,5,47.0596761683057
Zuhkw,Pxhbsd,13418,66,Male,5,57.5112303033139
Zuhwh,Ptbbpew,4943,57,Male,5,53.4669058164838
Zujr,Rcjfyt,10459,67,Female,3,69.3726040414066
Zukj,Dkxnv,9240,73,Female,4,67.044744854707
Zusxeymwj,Ncutanr,7824,30,Male,4,56.3846097910439
Zutml,Jexwdr,12449,53,Female,3,40.7285152859621
Zuuvutcu,Fualwt,14739,84,Female,5,63.8148926137547
Zuvokra,Nwdj,8415,31,Male,5,71.7373789898901
Zvbihhbjp,Geolbi,3502,78,Female,4,49.6392956091272
Zvcpavm,Njyskmrm,5424,51,Male,4,46.4395667727706
Zvkfc,Vwiznn,1029,26,Female,3,44.015515591368
Zvmsvkh,Owxxlado,17136,68,Male,5,63.592561613477
Zvnzg,Rzpuqg,4486,31,Male,3,57.2140057074424
Zvoqhyz,Aauizm,8562,85,Female,4,57.5522681024552
Zvpazc,Prrhdt,14266,62,Male,4,53.8251383219237
Zvye,Zmkmt,3125,57,Female,1,51.328933090446
Zvzhbyp,Cprevhjqh,11063,69,Female,4,81.103457759176
Zwcr,Vcmyt,11974,43,Other,3,68.9419915358868
Zwdenypg,Pllyamti,4739,47,Female,1,88.2917100319451
Zwdj,Fhcc,18617,88,Male,5,40.8182542958829
Zweutpf,Jwzsihyp,1077,45,Female,3,62.6005581323373
Zwfdotg,Emzg,13581,85,Female,3,58.3555163873079
Zwfgu,Wwdkhm,16354,45,Female,2,53.8266608436076
Zwfmks,Mrfhguc,8709,18,Other,5,80.6575575928373
Zwhdwlig,Qqoyyarh,10306,34,Male,5,52.3547868143632
Zwhzb,Bqryjvnh,4413,79,Female,3,78.8255136390306
Zwhzrl,Vneofwdkj,18503,45,Male,3,64.9222916424126
Zwjhplj,Uoushx,3527,77,Male,5,61.6624027843518
Zwkd,Mwadeh,13318,81,Female,3,71.4230673440356
Zwksbcy,Brhu,10490,32,Male,1,36.1599130422156
Zwmvpfu,Rvvit,1126,50,Male,3,50.6377668237162
Zwop,Ksby,8353,94,Male,4,59.9896824820598
Zwpffzus,Dzbuv,4332,53,Other,2,57.152341467332
Zwsgbeht,Stdai,18930,80,Female,1,43.3320428643282
Zwtncx,Iyxv,2727,47,Male,4,56.4863544675313
Zwtph,Dgyo,9251,84,Female,2,44.1683764331379
Zwuvpashl,Qzhmluav,11240,30,Male,5,59.4951341822075
Zwxplcrhg,Nfebuu,10600,32,Male,3,60.661517397545
Zwzaqr,Oyeeh,8770,67,Female,2,85.2128297942409
Zwzzt,Wgorhkpk,10909,74,Male,1,52.2842278511569
Zxbtvxtww,Ocnbnxc,11903,63,Male,3,56.3979605212118
Zxbvjkhaj,Akyweoh,17856,50,Male,1,48.3981717532938
Zxcc,Finlavfau,2046,87,Male,2,43.2783112827515
Zxcn,Poildpjnz,12367,26,Male,4,61.0500927666359
Zxdi,Fedzohd,18440,41,Male,2,75.2269022107395
Zxfgumwl,Gxfo,18383,77,Female,3,50.1282289953973
Zxficq,Jgwmia,2900,84,Male,2,63.5540163419032
Zxgekdux,Yzrti,16205,60,Female,2,55.5492713534018
Zxhxttf,Uwayfoxu,9434,52,Male,2,43.9857791810514
Zxnrdkhh,Rurfo,5221,22,Female,1,52.9949329900906
Zxozds,Ncltrb,15802,80,Male,4,40.7400710048767
Zxqpipyni,Xwoulv,6324,28,Female,2,90.1165837237327
Zxtwk,Upkxkdr,3144,61,Male,3,45.7821832386265
Zxwngtgm,Rhfhs,2688,73,Female,2,55.0129760325432
Zxyjnjk,Qqwbgq,4666,65,Male,1,66.4126606762421
Zxza,Mjoebvp,12704,61,Male,4,40.0858296307515
Zyayty,Swpp,3930,43,Female,5,50.9827718065619
Zybm,Glfwrhyz,13926,63,Unspecified,5,64.7286185518829
Zybrijyvs,Xkengvnt,8671,81,Female,2,60.4675428346857
Zydzy,Gkqzp,16551,26,Male,5,55.7568458543576
Zyeizs,Jwtx,18889,34,Male,2,73.658948667659
Zyfgwvmt,Vibwgvc,2121,40,Male,2,61.737289192015
Zygjyl,Fxvmstcv,8211,26,Female,2,55.763778492111
Zygw,Aixsmeoec,17175,84,Male,2,48.0808345691225
Zyhq,Iazarvnbb,3351,69,Male,4,65.0325689675986
Zyhtkqdv,Xcindwtfd,11911,28,Male,3,62.049843449689
Zyitw,Ohzgln,7242,44,Male,3,91.3422331337065
Zylo,Jxxw,18084,35,Male,5,48.8088545336446
Zymxpvwyd,Qwbdb,12751,38,Female,5,52.1683117293339
Zynemjfjq,Iyqozdax,19923,83,Unspecified,3,60.345625067917
Zyoeg,Gfpr,5022,98,Male,4,60.2591374427375
Zypqvkv,Ojrazczpu,15944,62,Male,2,66.8450259247473
Zyqdrdd,Srbczx,11586,79,Female,4,58.1013708861487
Zyrsf,Mzftukx,11872,76,Male,5,72.6395296211055
Zysjhsdto,Qtkf,10691,18,Other,2,67.5520373902719
Zyvxa,Epuz,17722,72,Other,2,57.1558106625534
Zyyw,Cbngt,18981,71,Male,3,78.6415962962848
Zzgpx,Aqdpxvpk,13578,37,Male,2,56.0636240862113
Zzgyxp,Lxvwqfu,16703,43,Male,3,63.8065367395116
Zzhole,Dayqcuqv,4189,58,Female,4,47.9068945487205
Zzlm,Xcpw,7187,86,Female,3,54.9275785130119
Zzuqfasnb,Ilpyij,9710,75,Male,4,42.9692270023764
Zzuzcyhj,Dunuqlljc,12322,36,Male,2,67.7248600054415
Zzvzrr,Uarpxvfvq,11411,24,Female,2,70.9123228051826
Zzxvpeaos,Fqcsqe,14930,63,Female,4,65.9969343173894
Zzzfabcj,Ewxfwd,9523,23,Female,3,55.4423286558599
