First_Name,Last_Name,ID,Age,Gender,Experience,Score
Pvaddhjt,Psuwrah,13623,73,Male,3,44.65353215
Sexgyymbg,Bbnvoajw,14781,51,Male,1,50.8912642
Rfzn,Urhhq,2326,85,Female,2,56.4866125
Jutq,Sxlad,9484,98,Male,3,59.36287263
Fppasdy,Nnysez,17753,78,Male,7,56.89423742
Tttoh,Kqsgq,16922,21,Female,3,56.02868277
Bjza,Xhsuoczk,14268,52,Male,0,60.01536744
Uxdlsx,Zdhq,10938,58,Female,0,67.64748756
Caaevfgi,Mthat,16617,57,Male,3,48.00784717
Rpejkybb,Fudgofgir,12732,42,Female,1,54.09108443
Zdgxl,Nbpzzkkso,8157,53,Female,2,63.91646394
Aodvmz,Amymvag,17537,64,Female,2,58.43588974
Ulegep,Vhrdzrd,5563,37,Male,0,64.95908324
Dmeuiopu,Goyfnvq,10235,26,Male,2,55.96346886
Xpnvvqr,Dfsbyxunf,5579,39,Female,3,56.6947332
Jdafarsec,Cfuw,4107,25,Male,0,74.00899874
Dckn,Drbxdpdp,9208,63,Male,3,76.23958923
Hvja,Pkvjbnox,18451,92,Male,2,55.17084449
Slxczc,Uyigk,5815,68,Female,4,57.26514702
Dsodurs,Kubuomr,11162,25,Female,4,72.12237533
Ojbekwl,Uthlaxmtz,4236,37,,2,51.49051683
Lctq,Fkteb,3416,55,Female,3,59.27687825
Wagt,Vetsonimh,11819,73,,4,59.60452153
Tyinyc,Azvvz,16471,98,Female,2,65.77924449
Clnqiit,Kqwg,19343,62,Other,0,41.85943806
Cyud,Rrpr,4299,59,Female,9,43.47093369
Oaednlwn,Ilnykoqle,12593,89,Other,3,60.65129157
Nlyqy,Bauwitkj,15226,57,Female,2,65.24144326
Vozqzwvtb,Etjfp,11361,58,Female,4,58.77786677
Aezg,Hqgejnkq,7700,77,Female,3,74.26189301
Nhyypjsiw,Kvbck,19105,46,Other,4,51.677773
Gpzbwmy,Embuzjye,16630,26,Male,4,41.40502745
Ydspdkmgd,Eeozk,15506,97,Female,4,71.15396447
Fxlaliukw,Vzmxzxdqw,18083,67,,6,69.47187253
Fpictzx,Eyxes,9535,84,Female,4,46.260192
Touvddhjj,Sqftub,3040,62,Female,3,27.9682774
Xdosm,Muitbww,18979,74,Female,1,44.46291458
Jknhhvb,Xnguzta,1460,96,Male,4,63.16495049
Ccybfiea,Qayflna,4056,37,Female,4,57.43747275
Cfvqibr,Cbkkxft,14068,73,Male,1,57.88495002
Dyiu,Ofppwf,1037,48,,2,48.5229471
Qzdhdsrb,Muhjv,17173,20,Male,1,62.723901
Rucffm,Lxxqzb,11916,63,Female,3,49.51858379
Vcpvhhlw,Vtcgmxea,8992,61,Male,1,64.93225956
Ghslt,Ragwfnb,11656,57,Male,4,60.08295546
Jovjz,Wrqfdnev,3063,30,Female,2,50.37102976
Ajlrja,Eofwp,7260,36,Male,1,60.17789449
Keyu,Kkxtdaeu,19596,83,Male,1,57.05015638
Tiyoxat,Jrkb,8264,88,Male,3,46.80361161
Hxnr,Rprlan,8818,32,Other,2,27.40876736
Uxal,Wkujwmfb,5669,93,Male,1,52.09024091
Ezakowus,Wirxinwpg,18792,22,Male,1,57.63453521
Wdthinfa,Gyujneuxb,15679,90,Male,1,55.82409219
Ppvl,Lpwsty,3988,77,Male,3,49.95525163
Hnkuortd,Xdlyj,3636,23,Female,0,56.4987024
Svctv,Agxkuomjl,11487,96,Male,5,50.90660074
Lxsnxb,Moti,17644,79,Other,3,64.31575368
Vqqdrk,Uutobg,17032,18,Male,4,44.79615331
Mnzgg,Vllmzoeg,4573,39,Male,1,66.57148613
Nyhq,Cvaeyt,10877,80,Other,7,67.68009045
Wypz,Jgpoum,19063,72,Other,4,60.79040944
Dgrh,Fvbgynu,10538,36,Female,1,59.6456842
Zcqysnxy,Qijfrc,5089,31,Female,1,33.74459662
Emrxwzub,Ygxsdqt,18938,72,,1,64.57812736
Zxbtvxtww,Ocnbnxc,11903,63,Male,2,56.39796052
Rjwat,Pkaksf,18704,98,Female,2,78.5006616
Eruv,Naqes,7658,29,Male,4,74.81659781
Dkbu,Kvyiuwjpn,18931,95,Male,3,77.48560495
Eqqpknil,Dutzzu,10425,56,Female,4,48.02796542
Gjpdtmsr,Qrkn,15581,43,Female,3,59.14911682
Cbldme,Mtdrrma,4002,45,Female,0,64.47921483
Brahye,Jlhpz,13612,19,Male,2,84.17241695
Fgdczib,Tedwgkaby,11388,48,Female,4,54.89822295
Eayntjvf,Rywcmjzk,19862,55,Female,1,65.62157382
Hiwuh,Bfjphh,8933,84,Female,0,70.54965623
Vmdguht,Zevtzzw,10513,90,Female,0,63.5347776
Fljt,Fzkxfppl,7025,92,Female,4,74.57775139
Filoaitgz,Uculjaoy,7205,91,Female,3,59.49922317
Tcxato,Rjggjoooe,7118,58,Male,4,43.98851518
Tgbm,Zpqayj,2080,55,Male,3,51.21339015
Zsnjezr,Yaonpuzk,9521,31,Male,0,63.7071189
Cunzpxe,Bnflfdop,16614,71,,0,56.8633809
Ersnn,Vfps,3263,27,Male,0,64.22507666
Djxwwm,Scvmc,3943,42,Female,2,87.6770286
Tgoqpi,Ykji,5267,98,Female,4,61.90842423
Klnh,Vcxz,5900,37,Male,4,84.43932978
Vpjgvlshb,Lldatvb,2266,47,Male,3,59.84251653
Csofw,Isvunwgm,3629,86,Male,2,64.49674474
Sosbmajq,Sbdejlut,18714,57,Female,4,49.80519992
Itkqyy,Euygkm,13821,84,Male,0,42.24439999
Afycp,Oaql,18189,37,Male,0,63.00161409
Ofltygu,Gnijbbf,10031,62,Male,1,67.36844327
Tgcgffnj,Bfizoerf,18098,48,Female,4,53.80914085
Wnvrdnti,Hsshj,8716,94,Female,3,64.96788923
Vnfwq,Lgfvkzj,8051,23,Female,2,63.84535104
Oxfbf,Ratybv,14743,71,Male,4,57.31546665
Kwoihnfp,Mxjwbhn,10018,33,Female,3,62.09474649
Kdkszzd,Ieoiqwtl,15764,87,Other,9,60.39839488
Osferfydf,Irwkygd,17143,72,Female,1,63.76512895
Erxy,Trncrtn,12710,60,Male,3,41.79240684
Sborh,Vxjowgm,3699,24,Female,0,49.54592733
Loqubrmwo,Cecelgsrh,11627,62,Female,4,60.57257479
Ctxz,Vpmq,4779,40,Male,0,72.23061941
Lujoam,Ulxecfia,16939,46,Male,9,61.35305207
Sehdq,Zsnzvkh,11986,77,Male,3,57.03063451
Funqnstr,Fbapr,7238,31,Other,3,54.78945357
Rodkuk,Xkbndb,8963,95,Female,4,75.35026704
Xuqks,Ncfalxlwt,1531,79,Female,3,45.96561675
Xuqcgjcu,Wklhw,9881,98,Male,4,68.82223953
Jzveejkm,Nuzhwba,4838,41,Female,1,66.02942196
Bfha,Ymaercxlg,8224,47,Female,1,54.14400592
Bdzsys,Rnrkpatb,13191,50,Male,2,71.70267966
Iszyhkys,Ywigilwa,6586,59,Other,1,59.95391349
Mtnwakd,Ugbskzug,11896,21,Male,3,74.84294444
Dzgtcss,Lovswf,14963,96,Female,4,67.98246216
Lwaenjcb,Gatariid,3037,25,Female,2,66.08057232
Pwbxmfgb,Ewtp,4296,44,Female,4,63.92474366
Ggggls,Irrtvmcq,5795,93,Female,2,49.88336012
Sstcmjtif,Jjanfat,8168,81,Female,4,74.29616949
Vlblpmpm,Xqtph,2482,64,Other,1,72.02115141
Ysznmjvge,Ykhab,19804,79,Female,3,72.20310935
Ifpf,Aupt,18504,33,Female,8,71.34287074
Raqqakmah,Ihbfa,3424,45,Male,3,66.17514899
Fetefmr,Wuddrwc,1874,35,Female,6,68.83122629
Mghuqax,Amgvuesa,5077,58,Female,4,76.04422203
Ddqqju,Kuga,7177,27,Female,2,70.10260697
Fyyqrvzj,Lvmgmwlp,19872,45,Female,2,62.33202516
Pgobeqeh,Afnqi,4922,36,Other,4,67.98742916
Ohwcwqp,Moxtwc,13819,68,Male,2,51.2380972
Lxohcw,Akmr,3999,24,Female,4,45.0580868
Dhnqf,Pnezx,13128,67,Female,1,53.40372379
Vnftliar,Ajdrbwend,4802,85,Female,4,50.0701547
Ebfqgyiwt,Nllht,2192,97,Male,3,37.68751733
Ukkdwfji,Tfhdbsr,1708,87,Male,1,56.16430492
Rtikbofy,Xpnizr,7376,49,Female,0,46.49515689
Dhbx,Dweg,7061,86,Male,3,62.05488476
Axfp,Sqfzz,5059,33,Female,1,63.76078538
Zzgyxp,Lxvwqfu,16703,43,Male,2,63.80653674
Jrqqlofwt,Kdze,7900,58,Female,2,51.46363751
Llbhxqhpw,Zwuewabq,3001,38,,0,60.72379173
Esxv,Vckijdvhn,1746,89,,1,75.10379206
Ikfgge,Hfckiz,18833,57,Male,3,73.49146332
Veffg,Ubjqnemtb,14946,70,Female,2,86.0097394
Yrpusjx,Rejhr,4325,56,Male,4,70.05055588
Ryctdnln,Yhnuedqos,9517,32,Female,4,55.20126669
Rgpcvukz,Fylwvbe,3293,81,Other,3,50.76700905
Fzuvx,Zqxfmoni,8236,32,Female,3,49.66834262
Epclcbot,Bxpzdv,3358,54,Female,1,61.55711247
Lbzb,Uvsvc,10865,41,Male,4,67.02669275
Gzyngtqxd,Qiyd,12478,56,Male,4,77.92876668
Ocfzhp,Ultgeagql,15289,75,Male,2,60.97641359
Uhwhtgz,Mxruiugrn,6908,22,Male,1,36.39138118
Xrldnxy,Qvynitwc,3000,24,Male,1,49.8711138
Yevtwzg,Quxkuyt,17503,27,Female,2,48.83517366
Oszmdfh,Hjvnp,16306,57,Male,1,54.92535045
Oljlqhbsv,Cbkncw,2290,98,Female,0,60.56631614
Avyjislv,Mcpt,4306,34,Female,1,50.88758955
Rxpdkyv,Rzwhvtw,19910,85,Male,0,50.02493982
Vopbmlzh,Kbugv,7532,54,Female,2,41.26507597
Ncbqbqb,Lgcsdyf,9524,23,Male,3,53.43900124
Mgiin,Hiwwcqd,12749,42,Female,2,47.54644124
Tsaxew,Wemoqoaci,16408,75,Female,4,68.24022217
Fptp,Ficxn,19670,57,Other,3,83.46812791
Zmnkujq,Ygjzjl,6551,35,Other,3,67.47675331
Dqabsalss,Oumle,7665,91,Female,4,73.41319954
Wpphy,Lzqirhdkq,2902,44,Male,1,53.08949618
Ymnso,Twgcdmt,6184,70,Male,0,74.21278822
Hxmlvmpx,Hkvqk,6306,20,Female,0,47.9118822
Nosebrr,Xywfamwdn,12216,96,Female,1,70.91227894
Qjqcp,Ugzdsb,18349,44,Female,1,64.87780359
Ugagm,Mfzfxyht,9214,83,Female,2,45.61210254
Cigwvc,Hbubbg,4840,78,Male,8,52.65475364
Akmdjzhqk,Wnvnexv,15493,42,Female,3,64.38693468
Rdfxglch,Xeudzd,6728,53,,2,79.42570154
Ujxaqri,Kdpze,1432,61,Female,1,58.87115028
Vpqrkrd,Schq,16454,97,Female,4,67.71631067
Dhqce,Epeizw,14431,20,Male,4,58.62043377
Egarxwvfx,Jpduxxp,19648,96,Female,1,85.682847
Towiycr,Ehgy,17665,66,Male,1,44.16694325
Pqixmhma,Hxpvbezg,11205,72,Female,4,44.74857271
Lliaunnf,Ttyffjzw,12703,32,,4,79.34041319
Hseomzxfq,Vwvhz,13735,26,Other,1,68.97459843
Jeqsfvod,Rssu,9222,54,Male,2,61.42167269
Arzj,Nyvoukbpz,6027,42,Female,1,66.15919783
Bqrmgt,Fpjd,19369,26,Female,2,75.64361094
Dgestgmd,Jqbblqi,1407,48,Male,3,46.35525581
Tyrddbvtw,Wqydwgu,16006,40,Female,0,73.08618965
Eyvhkkr,Kddoh,3591,70,Female,4,59.91731437
Ysqaecnbc,Ndfxkhkav,12007,84,,4,55.19570672
Tumhvn,Pxbxkh,2497,33,Female,4,63.24388186
Tmrab,Zhvjhwanz,18836,63,Female,0,50.34550324
Kkacbntp,Nrngp,10203,64,Other,4,78.73390167
Ehvgj,Ighpcqh,5418,51,Female,0,40.26843913
Vkscrd,Jgvkz,8868,18,Male,2,69.84174305
Tqxm,Pgtxkqvp,16788,98,,3,65.7531395
Nycudrm,Qitosuf,12541,41,Female,2,72.37921491
Kfkipe,Rnmzn,10433,74,Female,3,73.04362077
Wfdhyyp,Nbos,12770,50,Male,2,55.16712565
Tnhyfh,Ngol,5336,21,Female,4,61.66283762
Hyamhu,Eiidlbsdc,11167,28,Other,2,58.30519049
Puek,Mmqbem,13714,53,Female,2,65.33436059
Uiqo,Rkzsspsxm,14579,19,Male,1,61.89603372
Uxpm,Odred,3645,59,Male,1,62.41196969
Xxcncrx,Mqwghkfc,1049,73,Female,3,59.70849935
Nqxfzhb,Wtmsrn,7301,50,Male,0,76.00879872
Cubev,Qxbwgxmj,11957,25,Female,4,67.96495185
Sbwd,Djlq,6245,60,Male,3,60.54738013
Dzfb,Pcdezmj,8845,41,Female,0,46.35939212
Hbbhzen,Plswuolmk,8310,36,Other,0,66.34390968
Saltcneq,Axtn,15684,24,,4,54.61805184
Kzld,Fwssrpym,13407,55,Male,1,55.87926334
Toau,Ojiraqat,19617,60,Female,4,41.27201219
Aclfvych,Fwumaglq,19798,84,Female,2,68.61903314
Ltwbqsso,Gavi,2033,36,Male,2,53.86769649
Ppfbkcixt,Bvpzl,14181,33,Female,2,55.49074009
Dbqrqyyf,Tawazfo,19594,90,Male,2,60.04779929
Ktrnawb,Ebnil,14704,87,Male,4,45.58796086
Fmkxq,Lgxxajtja,2532,76,Female,4,54.24509579
Rezonvr,Fbuwi,6428,54,Female,8,59.42926362
Gkfeeuxss,Rwrm,15593,36,Female,0,68.90070538
Klotqyybi,Yxruahx,3093,18,Female,3,73.37384261
Pxjuaxoct,Yaxelvpg,9494,56,,4,41.23283274
Veauf,Ejatprsdl,6167,48,Female,6,69.20532053
Yreyar,Dtdecilf,15626,93,Male,6,58.21535043
Ijejm,Gcdrlbhu,18287,89,Male,0,50.47764961
Daox,Kugkpcd,16966,81,Female,4,67.70573048
Ylbs,Iqrkgengk,19396,60,Male,2,57.32068353
Ifycrpdv,Dksyzpc,1002,72,Female,3,57.52341749
Sfyw,Padd,2275,49,Male,4,47.64949594
Hxryen,Voaje,17206,56,Female,1,60.57752708
Tptos,Ldilr,11680,67,,2,64.86293847
Aegum,Mwjd,11225,84,Male,1,62.34311618
Sntrbsm,Eitetpy,16299,23,Female,0,59.89121907
Hchnqby,Qyzcfbk,2633,71,Female,1,57.67023145
Nfsy,Osxaiw,14603,25,Female,0,55.56783453
Meqt,Mirhauvl,7160,45,Male,1,51.61491554
Orko,Zdbe,18975,76,Male,0,62.6881553
Ewpokzlwo,Mjtrzkj,3735,79,Male,1,77.1683979
Uxczyay,Vxxuxu,5276,23,Female,3,55.08200288
Woznmf,Ghwzh,1482,22,Male,3,78.81650509
Xytiizz,Dxrflyqs,14166,29,Female,0,72.29221521
Ukkurahgc,Irtuewo,14680,95,Female,2,78.81696706
Qwnrw,Xkahtdwkm,11360,36,Male,1,63.14490647
Bvcasggd,Nxyzvva,1111,46,Female,4,66.32589821
Extsgzopr,Gufdxdvqt,7996,24,Male,3,61.0390768
Vbjtrla,Npsh,1468,90,Female,0,58.1807172
Zweutpf,Jwzsihyp,1077,45,Female,2,62.60055813
Ejqqzfaw,Wjwbnpmur,18312,49,Female,0,48.13058889
Ijkgmlc,Rzyjfdobq,4204,83,Other,3,58.23657986
Rhhgxfj,Ytimpskr,7240,59,Male,3,64.01944528
Mibo,Ruwdqqq,4896,29,Male,3,45.92896123
Pewuchnif,Jmtmg,7504,26,Female,3,60.19059478
Zwzzt,Wgorhkpk,10909,74,Male,0,52.28422785
Jldhsibds,Vopmeyhbg,10174,89,Other,0,79.32571734
Oxkky,Qitim,6971,57,Male,3,64.96990566
Noxfxkh,Zootibyy,4282,61,Other,4,59.14861205
Fglvy,Ybihbzg,16584,25,Other,4,66.78160034
Yrvszfr,Vjje,13998,30,Female,4,57.90870131
Rkhl,Hblovom,3665,59,Male,5,62.00074141
Voab,Tdkzase,1715,96,,2,57.75391681
Vbezm,Esfmnpgjl,10001,59,Male,2,52.20994144
Smyt,Srbo,15843,77,Male,1,68.54771527
Khuoiod,Hlhcrvwu,4793,28,Female,3,68.91609027
Rxvvmnh,Wsnkhkia,9404,62,Male,3,53.02818364
Pohtkn,Jiuekux,5371,90,Other,1,70.12734474
Blsozf,Eslcpzwtb,18067,74,Female,2,49.19686672
Yisc,Fnuis,12372,92,Female,0,57.46601395
Lmlier,Lsvosud,4771,59,Female,0,76.00680476
Rkqklckm,Uoeotmy,6060,40,Male,1,34.51803956
Hqkcz,Kefknid,10122,86,,4,48.44231886
Otujdqa,Gkdzgsy,1608,30,Female,2,61.90289242
Gedtrqhyl,Jftfatnec,2386,44,Male,4,48.99751828
Ciizguby,Kgrpt,2332,74,Female,0,67.45670359
Etlfhwkwj,Efhqqhm,7741,76,Male,1,70.87432709
Tsxtzzf,Ljdegeb,9508,60,Male,3,75.32411391
Npytm,Ecclnkf,19296,24,Female,1,77.08813247
Yvlzao,Zzei,11312,23,Male,1,66.44786989
Bwpn,Ravicjrou,13022,72,Female,4,62.00101288
Pekvhkl,Evvffskxh,19784,74,Female,3,59.63091959
Rmlw,Jrrrlcqru,2376,78,Other,0,59.56152026
Pwucckeet,Sqar,17203,97,Female,3,53.30612923
Rqpggqjn,Nhpx,16029,42,Female,0,54.13387417
Jvcj,Ykit,15268,53,Female,1,69.36291952
Euak,Gbmu,13204,50,Male,0,42.93116872
Nlcfhxrd,Qxjh,18626,27,Male,0,70.58714169
Qtssks,Rggl,6842,93,Female,0,68.05482911
Dvrhkofl,Segbxyul,7810,56,Female,3,65.6454193
Kkjdlag,Mnpmlsnc,13306,33,Male,1,73.30843264
Wzvbmjt,Mokyt,10536,95,Female,3,63.24943067
Djxiuxi,Mfuxr,1291,88,Male,0,51.29025463
Nppeb,Vlblyoo,5536,74,Female,3,60.659354
Katgdqdgj,Ddctasjwg,5948,98,Female,1,58.49181663
Lrxlduxoo,Azajagd,9892,69,Male,4,58.15202008
Dvgl,Upsvcbaur,11925,24,Male,1,70.95287975
Gxuxcab,Rkcjs,12059,33,Male,4,72.37863714
Zenihywru,Nnrhks,13032,36,Male,0,80.4582637
Ifbwsk,Lospi,4070,22,Female,2,65.86880208
Lhkvhzmww,Sozx,12083,58,Female,3,41.52365437
Znzkduu,Ccxpd,2168,95,Male,3,73.49540851
Tzfbm,Nend,2350,81,Other,1,82.75461098
Hfucq,Pgbs,9834,80,Male,4,49.23390634
Ihbbbjxey,Ylbv,6369,95,Male,1,61.20039283
Syuxz,Nackj,5896,85,Male,2,46.4932057
Pyydsv,Trtck,10487,37,Female,0,59.02679753
Vxzaodvf,Rfwxncobs,12826,54,Male,3,72.29436135
Qllm,Iigjliwov,13936,54,Male,4,66.28556226
Wfrofo,Bpuvxqsd,18972,58,Male,3,68.52173247
Jomcd,Iifwcmbqj,5248,65,Female,0,65.09658596
Mmmt,Egmihx,10614,79,,2,52.6462289
Arcstevyf,Vrpsntg,4764,78,Male,1,48.64843637
Gpbpj,Sloffki,16665,71,Male,7,54.79367946
Rmvwnspcl,Hgidowqe,8854,42,Male,1,70.77175606
Siwtp,Rnmby,2581,28,Female,0,57.06032776
Krgwmiii,Mrccylln,11088,21,Female,3,60.83320142
Fscfzfek,Lzqegi,6884,43,Male,3,49.6085466
Rlriydqlz,Kkofw,18139,34,Male,2,45.88754344
Pzdweh,Nhpptswp,3322,46,Other,4,38.83039786
Vdylxpnpb,Pdxlzkpgx,10917,96,Male,2,79.34924473
Xfeafln,Civkbdoi,14211,20,Male,3,80.42891868
Hilboglkw,Uxzx,11764,64,Female,2,63.17959318
Asigw,Pfwknvt,10805,37,Female,3,47.48699883
Ldueeru,Uqmpgejb,14589,20,Female,0,64.90712106
Ptijsrhyt,Mafzj,4560,79,Female,2,39.49590512
Jpqxhvd,Kpwyjb,4257,44,Female,3,79.21300869
Hiffbxo,Yppz,19377,91,Male,2,58.66983939
Ibcqc,Bfatu,16767,92,Female,0,61.32066587
Kueoyuh,Dkyedjj,16532,37,Male,2,52.91146173
Fosoptaxz,Tufrjj,12045,23,Female,0,47.80283022
Gjyblxg,Nwkr,12260,65,Other,1,53.53601854
Emdf,Puzbdwtjf,5073,54,Female,4,58.88140305
Msabun,Zdlictlj,16698,19,Female,4,66.81590589
Qlvoni,Zjri,4801,39,Female,4,50.64880267
Jrflnjn,Eacjifsjt,17309,39,Female,2,45.19739709
Qyrwznhre,Lnimxq,14976,42,Male,3,82.04102021
Pzighvx,Wyvxl,2239,86,Male,3,56.11433304
Lfru,Vmpdu,10892,23,Male,2,44.20455818
Xyxxzjagt,Dpbzq,11979,70,Female,2,58.28629282
Gdfyjf,Mjmu,6100,85,Female,3,37.39408445
Qgzlruh,Uulwmxo,6457,77,Male,1,64.60718548
Skgehpndg,Uvtx,19497,71,Male,3,74.91716105
Lhlqwes,Lquq,19712,91,Female,3,56.38293093
Tcqjfir,Yuct,3848,58,Male,3,72.53511629
Mzfz,Enbzc,3157,86,Female,4,46.55154815
Smbkdqg,Yagv,3774,26,,2,66.55076467
Hzdy,Tcwyzp,7489,97,Male,4,71.73376094
Emvrwipg,Nisyxavni,8243,32,Other,2,73.03649233
Beennj,Ybwyoj,3003,66,Female,2,49.28767462
Gmcd,Wtbikqcf,13609,93,Male,4,59.0219098
Qfix,Tjye,1257,50,Male,0,58.32996725
Vwfxelcgg,Zccoejdt,4213,41,Female,7,64.55413459
Mrqf,Gkmahfyp,13904,87,Female,4,61.26782953
Krme,Fthwgbo,19234,89,Male,1,40.77164836
Kbjqntjm,Ijtrqrqxa,18006,29,Male,8,59.74708091
Tlqysfoe,Bazhhunl,10496,61,Male,3,60.56812765
Esparf,Gzgvyxyyp,15697,71,Male,0,57.24543687
Mfioqqk,Qvhc,17011,35,Female,0,53.13688854
Xpdgqsqkp,Xylr,8118,63,Male,2,46.39804476
Bxkmtctst,Qlgtnvi,14862,83,Male,2,59.93806353
Bmumwhmqq,Svwtrv,3741,86,Male,1,46.01060992
Numvbsgy,Sspemu,13069,22,Female,2,58.18159655
Oznzfn,Isjmfgtwy,8213,36,Male,0,61.01226337
Lyfzrzmug,Hitdd,9549,85,Female,2,44.32644533
Jkiqfgqgq,Giyu,6458,36,Female,4,90.04568258
Pbvoa,Utpwgmu,15130,70,,4,61.95984014
Uuhcroej,Qikilzckp,7289,28,Male,4,67.32914875
Uuxq,Seeyqmmkm,12747,23,Female,3,48.23500545
Lknypzj,Jnjiqrwi,4768,41,Male,3,85.85506135
Fcgjnfg,Gzimaukc,3092,19,Male,1,68.53752579
Vdlklo,Blzyr,1905,93,Female,1,59.53469245
Lqdurqk,Bkso,18229,49,Female,2,40.75101586
Jdztp,Kagbwoes,15798,91,Other,3,41.86351701
Egvhrvx,Olstlk,7608,89,Male,1,51.81094529
Gllwolgn,Xipfdcaom,19749,91,Female,1,62.66285426
Riesqcilp,Oirokaoo,17288,87,Male,4,57.77893129
Xpnooso,Kxnhvxn,14040,35,Male,3,65.20118357
Beukuseix,Vgqnbdnc,19736,47,Female,0,30.14099098
Jonmoi,Bqjbibxvr,7790,55,Female,2,71.41351082
Jomfnlmjr,Ifprhpf,2379,42,Female,2,55.1274624
Ipwa,Tobwk,8074,71,Male,1,48.12289151
Qstmsrlp,Umftwrfy,19882,96,Female,7,45.47248189
Vwrmi,Mcojo,4428,76,Female,0,53.57438467
Hlhdujw,Lpjgysan,7487,44,Female,0,38.41755195
Wulrs,Lonblaikt,16021,90,,2,61.98377141
Ahws,Vcrkgslb,13387,98,Male,4,67.96787789
Lzmnii,Jzqw,12850,34,Female,0,56.91727797
Rkmclx,Jybpwogh,18904,94,Other,1,57.92986618
Lbofgz,Mraghqc,5958,90,Male,1,68.94524361
Jdjucbgo,Sqrwdvr,4432,73,Other,2,68.59283786
Snwo,Ayqu,16987,72,Male,4,55.88710099
Xfnkswg,Snbwct,5862,36,Female,8,42.59676452
Lbjqpr,Cfsx,19478,67,Male,0,55.83353742
Tbtedjj,Byjlvsvn,14300,50,Female,3,73.34260259
Vgykzlffi,Vdeyhl,14868,64,Female,3,73.37122905
Povadbog,Sqpilksc,18079,71,Male,1,53.24295786
Wdef,Ppqxagmyz,17233,78,Female,3,39.65276855
Sjdc,Skztkqmba,11566,81,Male,1,68.40652618
Nrrki,Nluxgjzc,17332,44,Male,3,35.05332897
Kgkdpscek,Pwzo,17339,26,Male,1,50.06106178
Muuzlm,Yjxm,7618,80,Male,4,62.9086354
Fthek,Vratiij,18786,45,Female,3,56.04929907
Aljsns,Yyornsyfl,19881,39,Female,0,47.24984057
Jwizbrrp,Qivx,1318,41,Female,4,54.40058903
Rhqw,Udzcbqhdw,12148,46,Female,2,73.34118941
Fjomyvw,Zrupbqfas,11428,41,Female,2,59.97558061
Onbe,Vsqsghtid,11545,74,Female,1,76.34237377
Mjmafwjbr,Hnrqey,2162,32,Female,4,70.99276449
Bkgqhgl,Juvx,18206,34,Female,0,68.20304438
Jstkggcr,Scesdry,5861,39,Male,4,47.11893885
Hiiecz,Wqpjoe,9417,86,Male,4,53.99131855
Yqldafx,Gepwujh,6108,73,Male,0,66.4326549
Ulmyspzv,Tuhwo,13419,51,Female,0,55.28760827
Mprhpxbf,Lwcjh,10646,43,Male,0,58.458763
Xniu,Nprbs,16415,86,Male,1,69.78976775
Sqnigfdim,Quie,3174,31,Female,8,64.25970015
Nqxsk,Vpjxufov,3773,95,Male,4,92.3443533
Xwqv,Alyhstfoj,17925,81,,8,64.85118232
Skpgyepad,Vjjvmzhcu,2291,36,Male,2,60.71335375
Uppbys,Hisyo,19586,64,Male,9,35.44529931
Jihp,Cbgynpfuk,8375,35,Other,4,45.00632487
Twdxo,Potkcfmkw,19761,54,Female,0,41.64491984
Xlyudo,Fdkvana,2331,88,Male,0,72.49500671
Ckfe,Vdfe,10845,33,Male,0,59.62730614
Xkdhdb,Yqdjny,1500,32,Female,0,60.47348854
Ufdocrokt,Ucgth,15699,92,Female,3,31.17031816
Egjjdhme,Lgrbvqr,11832,86,Other,2,71.78803665
Nmakoaa,Gkfcy,6265,33,Female,0,79.11225338
Ulff,Wwbhbqbw,5876,26,Male,2,69.780211
Skqxr,Lgfdvku,16097,36,Female,4,55.70112153
Jjmahwn,Wwvcskqn,13167,25,Other,3,42.32343167
Zqlzup,Onhtswc,17547,91,Male,0,59.07354623
Yfcmlpve,Caqdgd,13524,92,Female,1,52.43993071
Mmqcf,Drrjnwgtk,18360,45,Male,0,37.30287157
Cxtvpgej,Dzhuw,17463,63,Female,2,59.49956069
Pakq,Tpkxwpni,2101,41,Male,4,53.23412642
Wrofzf,Kgpise,3970,79,Female,1,80.30377826
Dltndy,Cczqo,17973,30,Female,2,65.44947015
Zvbihhbjp,Geolbi,3502,78,Female,3,49.63929561
Azewaltde,Erixbg,14971,52,Male,3,56.7057858
Prkqug,Ufkq,7753,35,Other,0,69.82625113
Crsb,Kgtnglifa,10491,56,Female,4,62.67999365
Bgee,Nfkhqrj,18544,69,Female,9,60.1680394
Pvztgkq,Gocwq,14691,73,Other,3,66.96737059
Oooahx,Degis,16801,44,Male,0,49.74585571
Bezipadpu,Fdzfxbk,13732,74,Female,1,58.80009125
Wbddcu,Asxuz,8653,34,Female,2,56.50613209
Koujfytw,Klhg,1671,86,Male,4,60.30408603
Dtxqzhkme,Imstm,1007,65,,3,70.04121942
Mpkl,Pnppqxn,6962,43,Female,0,71.64883658
Oktlghatc,Zvysrn,10910,52,Male,3,77.10940445
Xahs,Whdlcg,17608,48,Female,3,44.63892561
Cgma,Gdbzhtc,9338,22,Female,1,27.26735859
Idndgggu,Nvppaei,11901,84,Female,7,48.84904913
Cvpuos,Cknekk,3150,91,Other,0,64.04469884
Zlbk,Zsmrwrlpv,17171,83,Female,1,44.18936437
Pznvyezan,Phgmvby,9585,57,Female,2,67.15740338
Grrdatrd,Klqevshsl,10922,75,Male,1,69.2297086
Lrexpkguv,Qwwup,14371,46,Female,1,55.1813989
Ezdh,Lqqddlhf,13588,79,Female,0,61.07078291
Aidg,Jrllnmzag,13572,62,Female,1,47.15744738
Htnsyrdip,Hzopuno,19964,67,Male,2,73.06342556
Dmlvrsk,Gajtxbqep,6367,91,Male,1,57.47930707
Pgdsvdv,Cvniz,5172,37,Male,3,63.69756875
Bzkbvzky,Dtvw,8829,91,Male,2,57.90472993
Ntcsu,Fnpf,10407,27,Female,2,46.9380833
Yvfo,Kackc,11945,36,Female,6,54.91179107
Xgaivpf,Gzgtdys,2819,81,Female,4,58.86493614
Oijzxeh,Yumasrpm,2177,49,Other,1,49.29247917
Tnfij,Vsvwgvswz,16772,19,,2,72.32210712
Yhdpfjwvl,Wvumud,14692,25,Female,1,61.94440875
Sdojrpw,Dvsbuxxf,5617,26,Female,3,77.04644282
Thhfl,Cmdmpkz,17116,59,Male,3,58.74067879
Oocbkxfo,Uoipahz,3674,57,Male,4,52.86621546
Thpp,Seds,5960,31,Male,0,55.20371352
Airxn,Xezuoe,12559,95,Male,3,77.47162463
Fvwf,Lzcl,14472,24,Other,4,57.43899022
Dndidjldl,Ekvnqqz,2152,95,Female,3,50.30208013
Twkkemc,Oagyxwla,16279,41,Male,1,51.54767594
Pmrpyjyvi,Phei,13670,40,Male,2,46.77909172
Oqgtbpl,Ucibot,16036,40,Other,3,48.6028598
Dxlw,Znrxzsh,2541,67,Female,2,53.13753794
Wzngh,Notnsku,19856,19,Male,2,57.12642758
Fgdh,Vjzoc,16430,41,Male,1,75.44423091
Lxystr,Ulyb,19527,43,Male,4,58.26357095
Lbqo,Iepexs,1662,75,Male,4,57.47162452
Kqpvbk,Vhedvlvz,2063,49,Male,3,75.40780682
Atypqijuw,Jtehkfm,5348,80,Female,1,69.11935461
Zarhcgd,Tvonex,11613,28,Male,4,60.9207235
Uullfqqni,Xvpjsfke,4450,53,Female,4,60.42291395
Gmwkeij,Kqqg,18994,54,Female,3,49.72103322
Ahfgtpzm,Zdhnmkh,12359,94,Male,0,63.88044414
Usrh,Datvk,7388,64,Female,3,53.18948874
Mqshi,Rjddiuq,13563,33,Other,1,50.20747302
Iqowov,Vmince,17066,78,Male,3,69.2731702
Heqgkuge,Fdxdoe,4637,96,,2,44.64736572
Cpyp,Nnqbflx,2971,70,Male,0,49.10477644
Okwe,Tyvypzmup,16308,48,Male,0,65.38867345
Jiulvdum,Ucat,12071,71,Female,1,52.67388441
Ccxnzv,Ivdbdztzg,19837,50,Other,4,84.33351105
Pbeery,Yggipil,10711,47,Female,4,61.7322237
Lmcvy,Hibgsk,5165,82,Female,3,61.85391527
Jeljgr,Gygky,13702,66,,1,55.75071123
Spmgsq,Fjxivaq,10627,31,Male,0,43.68417419
Lagzgctm,Zibmd,4983,57,Male,2,59.44972364
Ajwrke,Joho,19647,72,Other,0,51.83612569
Sfokstcd,Ruzlmm,7197,90,Female,1,44.18350205
Sehk,Imdj,2251,57,Female,2,63.2768499
Dponddgcf,Agbrmkfke,13845,45,Female,1,53.11609608
Xddh,Nqik,15567,85,Male,2,54.63207655
Scqhknq,Idsllgjt,13175,93,Female,1,53.00634399
Fuiwu,Kcclrm,7241,53,Female,2,52.96615249
Bgfikhe,Hvla,15924,76,Female,0,64.12928995
Pcjaru,Eutje,12683,21,Female,0,58.7474723
Etavy,Oslda,3468,27,Female,4,59.05455937
Nxsf,Tztjjoyf,2462,69,Female,3,72.72827764
Vcbnc,Ztev,2310,93,Male,4,42.54965986
Jwhmeg,Gwgtc,16930,19,Other,3,76.86095816
Rvxfunni,Fecds,9368,32,Male,0,56.21504705
Jwbihm,Crgk,1873,71,Male,6,64.60378071
Rrrzx,Adtncldjl,18041,98,Male,4,56.82105994
Iztkn,Asugezv,8077,83,Male,1,73.91084557
Vbnbalxg,Anbh,8525,78,Female,1,59.49844197
Ogerqm,Rshgaahec,4063,27,Female,0,60.27208545
Puhqqxza,Woutvh,19567,76,Male,4,81.56807865
Gjpegkxp,Afpen,18160,32,Male,0,54.07583516
Hfsc,Nfosuwhg,14766,59,Male,0,79.78202493
Uoauxtmmy,Tweqqpoql,17616,57,,4,40.11605878
Fcwgvqcb,Snkl,11004,69,Female,1,53.05749328
Oruclnrvc,Ynrs,4717,61,Female,2,52.31262605
Bfpsggsqe,Bnfdueqd,5773,75,Female,2,50.17071552
Hdwvvzcpa,Rdedsuv,14958,22,Male,3,49.97897781
Bdahrjdmw,Jnncgonyx,14829,30,Other,4,55.44314199
Wjwblfkeh,Dimbihxv,3753,89,Male,2,61.2888293
Stgvxnl,Yqxsh,19612,23,,2,56.75666447
Livdxchcz,Bbcfimj,14619,61,Male,0,39.85395736
Qsirysoyg,Kavt,3061,84,Other,1,61.15789828
Ydmgpealg,Hxnrwu,4250,95,Male,1,47.8943529
Uygqadf,Imiphsj,14604,96,Female,3,43.90794536
Hqzzliabz,Cslqnjjbx,6116,93,Male,0,63.72164231
Oqcuissl,Hcxpwt,2006,51,Male,0,57.12836813
Kcgvudd,Yapfavyy,15638,66,Male,3,63.57249542
Heevj,Mnqfsvj,15125,72,Other,3,84.42376065
Brkxzqan,Tyblko,14664,79,Female,2,41.91902401
Xqfcajhvq,Grmsgvdq,1987,31,Other,0,74.63432552
Fmptskc,Knmjmvyg,17273,75,Male,4,84.7398805
Yldj,Akahtsqdc,11633,41,Male,1,65.43788204
Jwkuj,Iemnznft,9276,40,,4,56.54068521
Eopbapp,Hjkvkk,3573,57,Male,2,57.97220127
Jrkkrhchq,Ezcrk,12550,98,Other,1,50.46842151
Mkbiallk,Muxfg,3304,27,Other,3,52.67039657
Vpbslru,Kthiof,4977,30,Female,3,56.96376486
Yeulw,Yxay,12772,46,Male,2,82.10912436
Oboapbatf,Bmiyjwnli,1962,95,Female,1,37.89254902
Wjpsjvhvj,Jbeockjm,12319,36,Male,0,85.73492263
Bnvi,Otdq,12399,97,Male,1,75.80965508
Nruas,Mnulc,6829,37,Female,0,58.50497008
Zhoz,Dubtt,1326,26,,4,56.42004619
Ihxnibz,Dkjdpbdjt,8552,48,Male,7,59.39488056
Jqlh,Pzqmys,12986,96,Male,1,42.66743133
Yfleajriq,Ylxs,3310,92,Female,1,48.83524869
Xdhfdid,Jupytq,5695,49,Female,0,64.66390608
Dldom,Amwwcqtu,7815,59,Other,1,41.56695142
Hsaw,Mkmao,1105,65,Female,0,81.58527388
Bcnyvrx,Zjxkld,7710,83,Male,1,29.57574408
Bgycxiz,Kiztanavx,5036,80,Female,2,87.73072976
Yfqqz,Qoprixu,1235,82,Male,5,74.75493682
Ogaojeps,Ivumrxgb,10609,34,Male,2,73.1313628
Pcehrljp,Uazmrokq,13095,58,,2,61.17963799
Wuwkywzs,Dmokgi,1807,22,Other,2,54.60136995
Eargelaq,Ecuccla,8630,18,Male,4,56.48493386
Khgwhx,Tnoxlni,5649,73,,3,44.55594174
Jlmu,Yhlqdz,7127,88,Male,3,62.74937954
Ejpfj,Pngomxi,15878,21,Male,1,59.30077463
Geer,Rezbb,4682,90,Other,4,55.61503414
Hlnlkab,Ymqqga,16620,20,Female,2,49.80253552
Pckkmkki,Hshux,12286,49,Female,3,71.53674882
Jimqqlamc,Xqpfdcgje,9461,50,Male,1,68.8306595
Ymtnhtdv,Gwrbdd,5265,52,Female,4,78.30147109
Uikjcoliv,Qzmqizgj,1915,85,Female,5,52.2704773
Uephyyvwg,Qaju,7819,73,Female,1,40.52778372
Lgafwjv,Oomryl,12869,88,Male,3,55.04146434
Lldavrfp,Ioffbaxe,11977,63,,0,69.36201267
Bbilhzl,Bmlsusb,16511,29,,2,75.78244794
Fswptni,Sovqi,10588,86,Male,3,62.01643937
Eyqykuqvv,Zupldhfd,10710,54,Male,4,47.74960413
Unyylu,Zvsxz,19127,68,Female,4,56.42185875
Pbyyidtms,Ggyelnen,11714,25,,3,56.50366958
Kjvoxnfn,Qkpr,7030,88,Male,2,37.0810826
Hjoq,Bxsidnclu,3647,85,Male,2,70.70012131
Hdkvrf,Nbhqzls,4361,51,Male,2,63.22719895
Rcudb,Kkmtrwra,18472,32,Female,4,58.5660405
Zbcyrhi,Qnhymngrh,11084,26,Male,4,36.14968593
Jwvpbj,Ixuglckh,6125,95,,5,77.19789355
Pzsvwnbo,Rkmdxwl,13340,40,,2,55.15434653
Ieowvnwoa,Oistdzlu,5814,45,Other,2,62.14409366
Fwsjbu,Ktyx,5103,53,Male,3,54.06560865
Iths,Tkwbbog,8301,23,Male,4,47.38727646
Rklbb,Iuwjhevne,11351,91,Female,1,57.22386914
Tgfecxiiq,Clmqsaeqi,17657,79,Female,4,54.01326763
Yxuw,Akhs,8957,77,Female,4,83.36086815
Gyoth,Ziimamz,8754,43,Female,0,64.05792557
Usda,Oqwjk,7027,22,Male,0,70.15953817
Yameswcs,Dqdvtwbkl,10537,94,Male,1,47.8750874
Ohlkzg,Fehun,19716,27,Male,2,61.03428768
Wacrk,Hmvf,14755,22,Other,4,58.56877818
Gdimhvza,Gaeyual,2515,93,Female,3,66.18678035
Cbqlfol,Xutegjetv,5333,89,Female,0,62.04203388
Xkteu,Zpeyeixhv,1673,84,Male,2,49.48694039
Bxxyzfwrq,Hqujneri,19649,36,Male,0,73.83879063
Asdb,Kvohmhwdb,3553,20,Female,4,51.63561015
Aiyglevf,Jmugxh,3398,27,Male,4,67.70100194
Tkffe,Johcee,5326,25,Female,1,72.13552666
Kzmqzfnl,Kqdkiy,14770,33,Female,4,57.64635072
Hayqxy,Ahhlkt,10810,56,Other,3,53.12765386
Yzuoaodw,Tjyrbo,19047,58,Female,1,56.36798977
Deuo,Edimgpct,14656,38,Female,1,64.7612704
Ertyydsb,Xwsw,5662,24,Male,3,74.42524516
Uhwmypab,Qkbxgg,14834,53,,2,59.44888546
Bdhyegcng,Odkj,10765,72,Other,3,77.63762613
Qqsjz,Oenqvznqx,12618,63,Male,4,51.25649543
Pvqk,Xwbuvep,3770,73,Female,2,49.07722864
Ehxrignfr,Rpew,9128,90,Female,3,69.90020946
Ecwrbhnzf,Vcqbwla,15575,57,Female,0,44.30937117
Rpvhisuz,Ngtxeehx,13099,25,Male,4,70.164609
Cisrihbdv,Pvmxns,18341,52,Female,0,68.81850072
Rtzb,Xhsp,2895,63,Female,4,68.86543501
Shlfif,Jzvxeje,13334,61,Female,5,59.32666824
Cveybay,Anwfcqrup,14389,30,Female,0,71.53221264
Pyeaesxue,Rfhmyiag,1276,42,Other,3,68.19518912
Owptmhazu,Svzvstrdd,14671,60,Female,2,48.21923935
Fkylvgbu,Hutgykwmm,11507,37,Female,3,49.74728021
Pplvdjwyx,Onqikt,15460,74,Male,6,50.71107776
Xyrufvot,Naqqs,7684,19,Male,4,75.31215914
Dfdu,Ebvban,13176,44,Female,2,68.76837759
Zjmxw,Pliabspqt,10611,36,Male,3,57.87971268
Czotfydpb,Oiefi,19518,35,Male,1,41.77218197
Wkhir,Nivube,3983,74,Female,2,69.81463262
Hthju,Qlngvewot,7077,89,Female,4,72.2647208
Rykmp,Kqtddgpwm,4559,30,Female,2,53.78193819
Ayvfta,Imuiohv,10075,22,Male,3,55.4822524
Xouee,Vjtcauhb,4675,57,Male,1,48.00579017
Mepfwynu,Kasblsdso,19290,92,Male,3,73.20122659
Hoxufhep,Yaxmg,6042,52,Female,2,62.73826857
Fzbua,Jincq,15619,30,Male,3,48.81972708
Tjcqx,Ilkycgqib,14067,81,Female,4,61.01421997
Szkqrirrf,Zhcp,7074,29,Male,2,48.33902872
Gmgpy,Aipslx,14818,77,Other,5,37.54748245
Ofjfg,Vayhrcta,15146,24,Female,0,72.88954426
Zqtxszq,Wngcq,6725,92,Female,0,77.240873
Kjjhx,Sibrq,9125,18,Female,2,61.94921635
Lhawac,Jysjl,15858,70,Male,0,54.97230058
Pywt,Mymuo,12153,67,Female,3,64.06848182
Dbkeay,Jupufx,18149,27,Female,1,46.71211024
Gxmpxy,Vofjsil,5671,98,Male,1,44.97645731
Qsnbwdghz,Hqlurjhyq,12644,29,Male,2,42.26955025
Qycktcya,Nzmkjobw,16153,50,Female,1,53.6841906
Gzpfnjxtw,Mhlxpiruf,3834,59,Female,8,69.26395266
Nvnc,Tsrs,16836,51,Male,2,49.98873862
Jbnu,Wyjx,7672,97,Female,3,70.21694947
Zoeh,Fbodjsuf,10657,42,Male,4,66.27652777
Jmre,Pmury,1060,59,Female,1,55.45077895
Qzqd,Cmceitd,15715,23,,1,59.33288329
Wcaz,Rrfwpyjk,16139,29,Male,0,72.10369523
Wzreeczlk,Tksftcbt,1254,64,Male,2,57.06475355
Lmujdt,Gfqpxm,8167,81,Female,0,47.15601994
Kqizfpf,Epqybtr,10783,47,Female,8,45.24018977
Aeafsn,Halcwcrh,4750,98,Male,3,70.27424737
Cpzijag,Ppmtixz,10868,69,Other,2,69.15759493
Jrdf,Atwez,18865,82,Male,0,75.25105595
Snlav,Tirzjklie,6119,64,Female,0,76.02630314
Jrmsgpwh,Tltzyr,14900,41,Female,4,73.33264988
Fehn,Vznz,16447,72,,4,87.09566405
Eggigqc,Wpykpji,4032,33,Male,0,63.72996674
Ayea,Vpvzr,17307,62,Other,2,52.66208762
Qivsy,Iyec,8614,52,Female,2,50.22910618
Vkai,Yarnksj,18817,59,Female,3,70.26796986
Fgknzuu,Ejqccdqn,14281,87,Male,3,42.22428223
Ceqoybhln,Oquptnnr,10177,56,Female,2,64.98534662
Bmqzfbib,Kbmg,19866,51,,2,69.69466991
Ackq,Lltshdvor,4959,50,Female,3,41.93997449
Hfnuah,Hhek,9849,43,Male,3,62.08690409
Ybdcc,Tklnizcx,2328,57,Female,0,61.15000735
Xrfdzvgtw,Outaznjxp,1008,51,Other,0,59.95144714
Mwkomzjfh,Fphyw,9407,69,Female,2,47.5016963
Tktouqbto,Igahjx,14055,33,Female,4,66.27424014
Mddiy,Ucse,18239,92,Male,0,46.65678656
Innzmuo,Xsvidref,13983,18,Female,2,54.2486434
Ngli,Xqrnq,15568,18,Male,4,51.3107327
Ooilcyp,Vdyzizunp,4343,83,Other,4,82.67939092
Ycfk,Vgze,9277,26,Female,0,65.46055822
Yfoyclqsm,Ybbagc,12594,23,Other,3,44.33176665
Aczayz,Nhtopcwdq,10286,62,Female,4,64.77102337
Eedf,Vhaqrrs,7423,43,Female,2,71.34469819
Skuqnpf,Ewnfubs,3793,56,Female,0,57.72205162
Vxnxb,Yken,2161,70,Male,3,55.30372809
Cynhybd,Abul,3308,65,Female,4,54.87109376
Oixbkp,Gyymp,9601,70,Female,0,68.07246559
Ngayu,Llxdosjl,11014,59,Male,3,62.76837516
Otaoh,Bkqd,18486,84,Female,0,47.29833537
Hbffg,Ueuzh,12137,66,Male,0,69.40558177
Xmjnxyjef,Bgjzrou,4872,54,Other,0,65.82604676
Lwyf,Cjdvj,18373,89,Male,2,80.95100218
Iuvc,Jqqful,9160,62,Female,0,55.5623439
Nbhmj,Rnevzaixw,6359,66,Female,0,70.1236203
Mxqwdcbrl,Hsgrpv,3231,49,Male,0,83.01824455
Xjxz,Lkafhvujy,14593,94,Male,4,61.24844414
Qdjwpuybu,Qrzeykjjq,10492,89,Female,4,58.73046385
Emmcwotzs,Cyoqfeok,10265,63,Female,4,63.34901334
Daqowu,Eprkmo,18033,57,Female,1,64.62682159
Alqyijc,Yxhgbsk,5404,48,Male,3,62.92024952
Ukejnli,Bejv,19684,81,Male,1,70.45433717
Icmwgqrvt,Tnxymdu,7890,93,Other,3,54.11382167
Ekrseyp,Fivo,18412,48,Other,0,69.74536891
Ntqxi,Vrebxldm,19512,46,Male,4,58.30595717
Lcrgycloi,Cgptuwex,14461,60,Female,4,51.66168418
Hjluz,Bbuyqtbh,18811,35,Female,4,58.10908129
Kcuhtuha,Vjbu,14219,84,Female,4,56.31977741
Uykximvg,Dktb,10129,79,Female,4,74.87948896
Clmpiiy,Rcdkraww,10576,37,Female,4,58.22849353
Aaprmqvyl,Ywpan,15495,85,Other,3,48.62581208
Taoesrzi,Fczjdspe,13183,58,Other,4,61.13745645
Ekbwb,Somkwvx,5515,51,,1,54.18315149
Dqufdp,Nufcqcnoh,6146,19,Other,0,36.67932461
Ihlizisft,Jkyk,5040,79,Male,0,45.86271418
Gtflpmve,Zlnmiovlg,4949,95,Female,3,52.46526016
Srmzwma,Kswz,13498,28,Male,3,67.82821569
Gdji,Odps,14147,78,Female,9,58.19455836
Dkxzumi,Opokusb,16333,44,Female,4,56.64710998
Vpellm,Rcdbgbz,5572,63,Female,1,50.66745525
Afzgnwyf,Logeh,10796,78,Male,2,25.96394386
Modxjt,Wfxiepxmk,12601,44,Male,2,50.68338363
Bbauzpkmn,Tcldzuqg,16488,55,Female,1,58.80284074
Dtuktjf,Onqcnvudu,14602,70,Female,2,57.03171578
Irnzdawou,Xuxb,8143,80,Male,1,47.59097491
Wahhrapll,Kagy,16621,75,,0,53.73761508
Lgwhud,Ouud,17018,48,Female,2,57.23551381
Fralbsv,Wvjilpyyz,17435,89,Other,4,59.55212513
Ouzsjgel,Agas,19952,74,Male,1,82.39069458
Alxys,Szwz,17145,72,Male,0,55.32685906
Vtcs,Xssf,2973,75,Female,4,52.60670306
Gyolbunn,Luidlz,15548,39,Other,1,62.75120185
Ktxnt,Sdrowtdj,10836,57,Female,2,68.85984599
Lhdo,Cppvleys,5679,30,Male,2,58.37895085
Idlx,Ucmlh,17237,76,Male,4,63.95372491
Bgoekdpw,Wdjlp,2717,97,Female,3,69.26970436
Ucxdrka,Mtkawp,8068,31,Female,0,61.1895816
Vouwd,Bcjd,1837,32,Female,0,61.59169703
Hoxyl,Cqlawrlv,12645,45,Female,0,62.4798688
Aaswrzjfm,Sqjjkowbp,16451,88,Male,0,67.64138156
Xdzdc,Lisnq,13811,20,Male,1,50.4120046
Fugiamzg,Nowb,1331,86,Female,1,49.9769844
Gfeht,Raugne,18263,40,Male,0,64.13212008
Hyuisww,Kwkbzhur,3177,65,Male,0,40.68292859
Ohyccqnyn,Tncud,3666,79,Male,0,54.43092657
Nzkxv,Nsyydrm,13947,93,Other,2,68.3179131
Nxvgsxh,Wlky,1210,91,Male,3,63.7812179
Udkdffwbs,Itko,12838,86,Male,2,73.17261449
Mncv,Mxrtp,2349,88,,7,81.27498051
Qdmidj,Xwtc,4806,48,Male,4,61.493783
Rlpanwug,Xvkjvpih,1122,69,Female,2,55.63944712
Bdjwosyy,Bwod,9858,36,Male,4,76.22025103
Sjtckrbv,Hnfruy,10585,22,Male,2,54.76423891
Xzozw,Elsvz,8428,32,Male,3,59.28420696
Slwyfl,Mcpuxsp,5609,23,Female,4,58.67162878
Jlpmmnfsj,Qfjepzh,10434,22,Female,1,63.02558028
Viia,Edrydmyt,7265,83,Male,4,73.09485928
Muuz,Mxekgmytc,4455,67,Female,0,30.54608841
Vspxwmr,Gelts,15221,35,Male,2,49.73281279
Ncajg,Megziann,16102,93,Male,2,51.49651881
Dtgbbfb,Shwnu,19977,41,Male,2,65.25379578
Dwfsb,Cmxcywjq,13587,61,Male,0,32.95663497
Ncplbjj,Yvlq,6513,35,Other,0,51.24080386
Zqzjave,Etnhtv,11836,48,Female,1,61.92257996
Dyzmcae,Axdfmugp,19354,54,Female,3,76.05318855
Kdlj,Drnmkap,15262,77,Female,6,49.42461606
Bdkqubdne,Qoqjqok,5850,21,Male,1,57.01269536
Yzzf,Hykjupxqm,15656,87,Female,2,62.83873556
Advina,Ibzw,5833,79,Female,4,35.22279096
Fvinca,Uqiezlj,18175,56,Male,2,70.47645133
Mhqpt,Vilvxg,11357,38,Female,1,61.1646513
Rayalkg,Ggfwu,5234,91,Female,0,64.16212355
Btufrw,Qzdnjhkik,7844,65,Other,3,48.74828493
Mjrdic,Hgjdu,7121,58,Male,0,41.72886931
Gaeema,Semq,15553,95,Male,3,54.97584521
Dwhwxrw,Hmyjbz,12441,95,Female,4,69.42849638
Lcvm,Atug,13742,29,Female,3,57.0797507
Cmvz,Zprj,15001,18,Male,2,31.50518344
Jdanf,Gxux,17120,93,Male,4,59.54333957
Dktmjq,Zxyv,13764,83,Other,4,68.58006383
Mpgrgf,Eyni,8214,96,Male,4,47.48931063
Carykaei,Vfoivmxi,7428,24,Female,3,53.62349715
Nhiqwk,Bhjtbpe,15394,31,Female,6,78.04228158
Qvxbcqly,Kgtnudtme,7693,37,Female,1,69.06555083
Fwwtc,Samwhawt,2631,95,Male,3,34.25489084
Mmuoblooy,Vhcxa,13725,66,Female,3,63.20690584
Gcjvkrg,Tdbbqr,2090,98,Male,3,57.33083505
Glqno,Atnvbzstb,8668,38,Male,1,42.14771144
Zhzqgip,Sturgrh,19656,70,Other,2,66.42106402
Kjkikk,Mluzgaz,7119,50,Female,1,56.45738822
Deerr,Bnrgnk,12914,78,Other,2,56.33486389
Zpwibpjlq,Dmvxh,2867,47,Male,2,53.58603806
Qqcibqoi,Hpjteryrb,6681,93,Female,1,74.08854876
Ownam,Jser,8637,24,Female,1,48.16050856
Yayz,Ecmbjn,10749,72,Male,1,77.09084844
Taklxes,Rhctpwkt,3838,53,Other,3,56.3458311
Gzstu,Mnrmo,17781,93,Male,2,48.49167395
Jhcar,Vteuh,10320,85,Female,1,55.00985479
Yoohjhnb,Bkyhupmhu,12569,41,Other,3,63.31718888
Chcyhwd,Eeepytm,14481,97,,2,81.48461567
Aevlpjgfb,Dlszta,16017,25,Male,1,49.84262338
Wfqmoyit,Avccmusqr,2767,95,Male,7,36.98137496
Xlovczvql,Ijtlbzol,17912,51,Female,0,75.95044541
Zwsgbeht,Stdai,18930,80,Female,0,43.33204286
Hqvcyzm,Yumfxb,15110,23,Male,4,65.0416714
Mnqgparte,Oojhlb,15896,24,Male,4,54.53511882
Waxneddtc,Wbvycoy,17062,91,Female,0,69.06634067
Mdibp,Eypmfdm,9347,66,,2,66.10822235
Iyuwk,Sllxegesi,16586,82,Male,1,76.89225534
Mdwmzvij,Bekslqc,8058,53,Male,3,51.92505649
Xgui,Oqcci,12049,39,Other,4,35.18446113
Vvgmhdyk,Cjogtuuz,9712,33,Male,0,73.9219466
Zrryroj,Qvbw,2383,73,Female,3,53.63104753
Meijdbgu,Rfcj,2435,68,Male,1,44.95667795
Zmzfahggh,Iyrpts,2722,74,Male,2,59.06168756
Rlrfzs,Halt,6336,81,Female,0,52.76879265
Jmrea,Xqfvcafnm,12462,54,Male,4,68.7945647
Zwmvpfu,Rvvit,1126,50,Male,2,50.63776682
Frssrbkrj,Kspmgw,19646,45,Female,1,53.25662239
Eizsfh,Zoessh,1233,30,Male,1,64.00609822
Rphqr,Hrsepd,5600,34,Female,1,63.27752621
Gxxc,Ikdnc,3086,82,Male,0,50.43396194
Ecnrzgktn,Otqkge,15016,18,Female,1,61.94725852
Vpwdphie,Zenszg,8279,63,Male,2,32.37911527
Mojex,Rixlsq,13992,26,Other,4,72.79081509
Sohueiq,Swce,8240,83,Male,3,62.89993775
Xlivpaajy,Lwjwq,15866,98,Male,2,79.25236861
Xycuwah,Btrf,7319,55,Female,3,51.13105939
Vutz,Tcawb,12124,59,Male,1,78.96225327
Ytxknmwdz,Jahjngs,4353,51,Male,0,63.28647574
Vcgyr,Spllat,3805,41,Female,1,74.18382973
Jjzfophwe,Qparwkjrt,11453,61,Male,2,37.11832478
Yhjjuxh,Betmtj,11581,57,Male,1,44.20461982
Lgnchzdm,Nfoxrwx,18560,31,Other,1,47.12916352
Xfxa,Mrfzstqek,15933,76,Female,3,57.25610102
Krqisup,Fmha,11654,49,Male,0,80.75714115
Ktfnzdedd,Qeygkxm,9372,34,Male,4,75.37777364
Uiirrf,Simjefxzf,1944,82,Male,4,67.04432245
Qzuwdsdqv,Shwmfp,18104,38,Male,1,57.47261123
Apclsyy,Pywsinhav,2453,37,Other,3,52.56715391
Nixb,Mpqsy,7230,94,Male,2,33.79715016
Pggmssr,Dshbwbza,13081,25,Female,3,60.27169754
Zfovcbg,Sukir,3625,51,Female,4,66.15539939
Jfrett,Hdgyvyfy,7867,94,Female,1,47.37398502
Vetzt,Eylany,18187,71,Male,1,84.50377416
Etpc,Vhrmez,12329,50,Female,3,53.49506225
Zmuzf,Zpntyb,7153,73,Male,3,82.19030117
Uujrtry,Awdqjetr,7606,97,Female,6,69.58785894
Lclylbwzr,Okbevynlz,9233,91,Female,0,69.85991908
Buzuh,Rrbfjpgw,10873,79,Male,4,62.55955212
Mrhm,Ntilskrpo,11231,71,Female,3,75.1978546
Jsmshr,Epcn,17937,82,Other,0,50.82287347
Ogxgcrnyt,Txfdjjiqe,13604,21,Female,4,71.4972916
Ijhz,Zucvsmz,9344,44,Male,2,83.28442092
Tbztvu,Xsedhvcs,16796,47,Female,4,70.04880609
Dcwazyo,Dkfooh,12270,26,,1,68.93507559
Ietw,Wgejkmr,8863,23,Female,0,63.13662642
Usuf,Xgrldihk,2458,78,Male,0,83.6605239
Tbznwk,Dcgpvkilj,11020,40,Male,3,52.06993303
Gvahx,Vlqpgmxsf,19087,45,Female,3,64.98111755
Kjbadzimd,Wufehrf,3370,69,Male,4,68.47313471
Rbigbl,Ucpea,1301,42,Male,2,53.43606874
Qnnoqdyng,Umdkgsz,16103,21,Female,0,75.87170293
Ybiosj,Mbhtajx,17230,36,Female,4,66.38086782
Hymjqbr,Wwvhr,15358,69,Female,1,64.95046078
Sypoh,Gidb,2555,74,Female,2,62.57717456
Ripbhuiiu,Mfmtj,14504,31,Male,4,58.5789052
Xjca,Msfmepxpt,19958,91,Female,4,71.99552682
Kivxzndf,Hwfai,16090,81,Male,3,63.6098234
Madlaiu,Iihiislxy,15421,50,Male,1,57.45509885
Dajg,Rnutswt,4870,69,Male,6,69.61009216
Dpagmvs,Atiymuefy,19161,86,Female,1,95.20474932
Brpijunqj,Bopp,3669,52,Female,0,59.51093652
Ehfh,Zeiwsjxe,8901,19,Male,1,54.02675608
Dbjbiqgo,Uaveuwc,4235,57,Female,3,66.95464705
Mgakumwun,Cpzrvnc,6039,95,Male,1,55.87322482
Ajedj,Etttm,14566,81,Female,2,71.11995292
Tnxh,Rwwrj,7994,22,Male,2,68.51399301
Mcennxh,Zxlua,15438,91,Male,0,64.28527342
Zwjhplj,Uoushx,3527,77,Male,4,61.66240278
Lqlbz,Anhjco,14989,60,Female,2,56.47039447
Zybm,Glfwrhyz,13926,63,,4,64.72861855
Riacgufw,Bvxtyvw,2289,53,Male,0,53.1781267
Kqwjulhby,Rpxnwbaqz,6910,54,Male,3,66.29500523
Mfyvfqlxi,Mtjbrrzc,9183,50,Male,1,70.66812709
Pqhiglqaj,Eqtau,17056,57,Female,1,40.36713601
Pumverdu,Krpwjdxno,8210,29,Male,1,73.56091702
Zqeon,Jjhr,5197,69,,7,58.49756864
Rpbzp,Ptcyk,10142,21,,1,75.49255351
Wrdtow,Obhel,12537,46,Male,1,55.51368899
Unmpbetf,Eowo,11472,97,Female,1,67.73254379
Arrrhisf,Ukjhf,15248,59,Male,2,68.38475533
Daxdzu,Pilob,4515,41,Female,0,46.86562579
Bomgegryb,Wpbaquu,10355,75,Male,1,62.38682147
Cokr,Aurrohm,18729,52,,4,33.69612535
Fzvi,Bogseag,7592,36,Female,1,67.61385346
Bfav,Gkfrq,10720,83,Female,2,50.86292509
Ltgo,Ejhyvps,15476,55,Male,3,73.35673099
Qvusyfdkk,Zzejtfqvq,17843,83,Male,2,60.58213548
Haaoc,Gkjelyl,16141,72,Male,3,55.17857188
Fddnsrcct,Mtmrbzlxx,18569,65,Female,4,68.20365326
Elvdrc,Ooulh,9552,30,,4,75.69109071
Ijodmrk,Esng,9930,91,Female,3,58.89331278
Arlic,Ufxmc,8595,29,Female,0,56.08582695
Wejk,Xyzwkgtcx,1542,92,Female,2,52.60783681
Rhndrdn,Emvx,4890,89,Male,1,56.09031787
Tsmxo,Kmeziwqu,4240,21,Female,3,65.20306894
Nnntbd,Khhor,6654,74,Female,0,48.21450267
Itkguxlv,Htgtefq,14587,47,Male,0,61.50333488
Hnsspobnt,Nhzfyzq,9151,57,Male,6,54.86636529
Svhqn,Snsgg,8145,78,Male,3,45.79039975
Lmgrajw,Wqtbckkot,10324,78,Other,2,77.54309304
Xgwxbxxtz,Ctylg,1211,86,Female,3,69.08750354
Hlzx,Pljme,18548,48,Male,1,66.56051135
Wiale,Dxarqkoai,17884,65,Male,6,64.32617939
Nigkzjj,Ihwfc,15033,68,Female,2,65.25378373
Ehqsooxo,Ppscm,2630,34,Female,0,52.84443195
Dqdkavjo,Atjdtgti,4990,43,Male,0,55.97927193
Sbtmu,Yqyl,13605,43,Female,2,50.55971656
Zktjro,Tjjpep,9928,62,Female,7,50.06510089
Nbwuykd,Gafsosqko,4874,98,Male,0,48.77510825
Anrha,Cktvporar,12760,94,Female,0,61.74998299
Uljx,Dpqtnuew,8522,42,Other,3,58.64185113
Jbjpii,Lkxfo,18912,54,Male,0,52.89923853
Erbvq,Psar,10246,76,Female,1,63.58527696
Ixelmpnz,Jznka,8260,18,Other,1,49.74136706
Qslocbjbi,Hlkjnmbog,19806,28,Male,1,60.64147962
Zdwzymu,Vfuqo,3122,91,Male,3,55.05991512
Vymuxkys,Phcdb,17978,38,Male,1,81.32395531
Bfmvryiy,Caeobr,11076,94,Female,0,52.0038354
Qavdzvur,Obcn,11725,23,Male,4,61.36735079
Lszdv,Tofxyyd,8654,90,Male,3,81.3542929
Lctbjxjte,Jnhigpy,13228,96,Female,4,65.42250249
Blni,Pawfjwbtr,16737,75,Female,1,64.23883314
Obpooxl,Giycjzavf,10398,92,Male,3,64.04118278
Ceojbydrb,Tktgfa,6615,39,Male,1,54.13927732
Cbpq,Ifpshtx,5498,62,Female,3,40.749373
Zgfkgj,Ktqnamhse,1507,93,Male,1,60.73219473
Irxwdpgou,Ausw,17542,51,Female,1,68.00965643
Wkhqtcthm,Csppjvs,11744,53,Female,2,46.14228032
Ttppxti,Vumgrre,13025,28,Female,3,56.66855765
Ggcktegfv,Agnjzko,1828,96,Male,1,77.32740513
Bymvmo,Fsthzpf,5254,66,Male,3,59.62514757
Uejrpz,Arwxt,13962,90,Female,1,78.51467116
Mgctktje,Rulafaop,6087,50,Other,3,71.157864
Lhfnc,Imyxd,6792,41,Male,2,47.84128158
Amtk,Rpzkvs,17727,72,Female,4,73.30853223
Xjtrtw,Nennccwk,3505,86,Male,2,60.89969948
Unsqsbpa,Guzelnx,5442,60,Male,2,71.79368909
Gtpdg,Cnxoqc,7766,72,Male,2,48.01976854
Vtknjeqpo,Ezeqdgmj,17277,69,Male,1,41.31180415
Ianro,Llankoj,19114,29,Male,4,56.69089092
Zammjkun,Lyuhpo,8710,27,Female,7,65.09259465
Sysrfxfu,Nnxkierxt,5329,59,Female,1,53.67030082
Wvtyzpxn,Ehxwenui,8657,45,Female,1,52.01979048
Aviwgz,Tifpxh,13602,95,Female,3,51.35249715
Xpozbqqpc,Apwqa,12582,84,Male,4,56.52933184
Fiqgthf,Uwxxlfejg,5343,57,Male,4,48.15587196
Txuo,Qytfetwmr,17333,58,Female,4,61.78257368
Crpk,Fpcpke,4539,72,Male,3,47.80254944
Itkgop,Neln,1852,73,Male,0,60.37451073
Xjmdq,Pgioyp,18250,78,Female,0,49.06855174
Zymxpvwyd,Qwbdb,12751,38,Female,4,52.16831173
Gapmj,Mtlzwkkj,17030,22,Male,0,70.34082472
Rjdqtslrr,Bnvu,15929,55,Other,4,63.82880976
Hioou,Ssartukeh,11115,26,Male,2,58.61989228
Pdmihb,Yykkorlrt,1414,94,Male,0,57.80212504
Zygjyl,Fxvmstcv,8211,26,Female,1,55.76377849
Dlrp,Ouhsz,6342,33,Female,4,55.92282487
Rspsn,Neqz,17210,39,Male,2,87.96412292
Eszkklzjh,Bqbgb,16758,33,Other,0,50.59412592
Uahxurkgy,Rpwcnfcr,18892,60,Female,0,70.65398352
Qefymwqa,Rffdxea,11287,46,Female,1,63.96192319
Xbpmzafm,Bbhmx,3581,95,Female,4,61.64001954
Rulb,Bucmmyy,9492,93,Male,2,34.90362797
Amsy,Errvy,5503,47,Female,2,60.70972622
Pluqnzjx,Lhlyguq,14167,35,Female,3,68.01209301
Htgbliep,Fmpp,19953,35,Female,3,54.70488009
Tbkyzvhud,Igscki,11368,78,Male,4,55.49466385
Leahkvtb,Qqukhgv,10559,53,Female,2,54.50305531
Xaounf,Pwqvwcy,13585,64,Female,2,53.76079849
Cmcsbxor,Wqhbj,2939,27,Female,1,69.72980269
Mhxdp,Poyi,7837,18,Male,3,49.25809373
Hzxlz,Rwkrlakz,2254,33,Female,9,72.4512969
Iotjqj,Fhsvi,11327,22,Female,4,52.02259651
Nvffnjvcp,Vnedklbi,9179,88,Female,2,65.99645818
Eigb,Aibvc,12244,44,Female,4,63.61583543
Whukxmnwi,Mfujqnto,15457,60,Female,2,82.76202071
Qdwyfuki,Bnbgmz,8402,90,Male,2,62.09070058
Zzzfabcj,Ewxfwd,9523,23,Female,2,55.44232866
Hxlufcceo,Sxaq,12277,64,Male,3,58.98067821
Avkyfri,Tidogmnm,6319,46,Female,6,46.82842726
Nnuq,Hbvjpzn,10991,65,Male,3,35.82531487
Xbgoylyxv,Pldrvmut,1556,44,Female,4,64.07358765
Mibwkqkf,Hqmsrmq,12677,90,Other,2,73.91380061
Ltegmovdy,Kapykyrx,18678,37,Other,9,68.9217824
Yliwhi,Qplno,2906,74,Male,2,68.2779704
Dueuer,Prrlm,5955,82,Male,7,56.57669852
Vnwwzp,Rekk,12580,48,Female,2,55.98749191
Lsvajrr,Shtuxt,1720,65,Female,3,67.6286219
Biddcdtay,Yzqaz,17092,18,Male,0,55.50005401
Jnnekyq,Slpi,3009,49,,3,37.50369724
Qydamir,Okjk,1804,54,Male,3,60.31454162
Aogpvsdvt,Gwqpcsra,8912,62,Male,0,64.14564601
Lwaeye,Ekjjakog,2473,80,Other,3,48.63159511
Ccidk,Xkzukhpwl,19814,76,Female,4,56.66897031
Decmzybp,Aphue,8398,37,Female,4,45.35837371
Mdyd,Gfjifszxj,11704,88,Male,4,57.73642702
Pelij,Komhn,3180,44,Male,4,58.71219106
Jznep,Uxjagxq,3044,27,Female,1,42.4988768
Vuvyx,Mheg,12302,66,Female,4,58.73522634
Gbbn,Qcvzfugw,14849,91,Male,0,58.33275128
Ufkbf,Xocgs,5451,87,Other,3,73.41343968
Vdxrk,Dtylckn,8095,43,Female,4,78.74149457
Xqggvdlqg,Upwcoknw,15711,45,Female,4,50.64548971
Hofeidhx,Twifa,15261,56,Female,3,75.29667057
Ydlriv,Ngtaqkuq,5654,34,Male,2,30.33287931
Eerbini,Ptmelvbx,19990,75,Male,4,44.99486511
Swdmaaf,Leuu,11222,82,Male,0,42.71198445
Hfpn,Mtnzc,6797,26,Male,2,52.49835467
Klab,Mzlhjbaz,11774,87,Other,6,36.31301832
Aoycyq,Xtaj,14390,71,Male,3,57.2471297
Wwodud,Hqigba,13539,28,Male,2,74.92512136
Qtgkwn,Louabph,1315,51,Female,6,50.26930659
Wfzqbuhck,Odcyvypw,14411,96,Male,6,56.04083096
Wabrqrvaw,Mifojiid,9642,43,Female,9,49.21054746
Afnwp,Oapwdkjlu,18488,27,Male,1,57.78908828
Wqjb,Cdovu,18410,47,Other,4,83.31483243
Faqrflwey,Lrsoo,16160,20,Male,0,54.15878177
Vlvyz,Zwvykzxb,2374,82,Female,1,64.65446481
Syfgx,Uwkkmdaz,5017,88,Female,4,77.51957324
Mcuwatdwt,Bqdh,14399,24,Female,2,46.51678735
Bxndm,Xiddhpmjr,13789,19,Male,4,70.02959214
Tzrrqpw,Rxepx,6613,63,Female,0,40.0137429
Pziki,Gnzj,1101,89,Female,0,57.21274729
Yumpt,Bomuvj,17402,60,Female,3,48.81358674
Eyjod,Seqxpik,5529,23,Male,1,31.58137895
Jqhnb,Okkmrvosi,17840,18,Male,4,39.00353741
Ibpv,Bywcjebzt,5855,40,Male,2,64.64962162
Ntmjjqd,Voxwyay,3609,43,Male,7,57.40950719
Fbdfraomd,Cfaff,11815,90,Female,2,63.55559001
Nekfjzz,Vdta,8778,48,Other,3,52.72219099
Dmzmrjsku,Ptatdofdv,6776,27,Female,0,60.88131085
Mrjf,Frnqe,9086,61,Female,4,46.02089534
Bydthu,Uuiqrmss,18992,81,Female,3,67.46191239
Wlsxcwzsk,Nthbwzk,6532,44,Male,2,56.22609167
Nqjuxbw,Eavbld,6515,45,Female,3,53.36103205
Gqrfphe,Idxzlchp,3571,62,Female,4,51.48499119
Byceklr,Tydk,14997,91,Female,1,69.34453681
Adcc,Etcgpmpa,4396,91,Other,1,66.55410571
Rmuhjxgwt,Uzhjy,15991,52,Female,4,55.80546312
Onau,Jkuh,5917,18,Female,2,74.07721564
Aessdzpy,Jrqdnec,2312,62,Female,4,24.79757624
Xbvkui,Wajru,9273,70,Female,2,53.59313167
Pnypt,Zgxucgk,12149,92,Male,7,83.52660247
Dlgdknrjo,Kylsnvnw,13337,41,,0,59.18768546
Sdfx,Jhrrgg,1893,71,Female,0,46.78711778
Ottzfx,Fosb,2190,58,Female,0,55.37048797
Oqbxygdw,Xnuwvif,17264,42,Female,3,76.16818495
Oaljd,Uqphtio,3936,46,Other,1,58.06535766
Muzn,Vjil,12742,57,Male,3,67.73611059
Twrgpbn,Xuok,10592,70,,1,63.09267123
Azwooey,Oipolyh,5941,23,Female,3,79.4002015
Kdeuuflnm,Pkaifolqp,16011,86,Male,0,58.16087308
Fzkd,Tgkvxcrf,8738,56,Male,0,54.71416776
Blqhru,Gwfdosm,17627,66,Male,4,56.18012144
Qhsvwedr,Sgimtmdgw,12659,45,Male,3,45.26613815
Jjcg,Esrpibxs,6317,32,Male,7,61.91542669
Qrixoyex,Sgzza,14261,34,Other,0,58.64399065
Giyrj,Ivaqdx,12063,88,Female,8,45.12940584
Beajo,Lfugu,9842,51,Female,0,42.21051384
Cfhssyp,Jfvfxjoj,17132,49,Female,0,59.65031055
Gqsdrffcb,Awpko,13864,59,Female,1,65.72145295
Vkck,Ghblyb,1484,54,Male,4,41.29401522
Balzlw,Logmpik,11183,61,,6,66.61566357
Riifabj,Oqvnbpww,18378,71,Male,8,73.33538852
Orreantz,Ffayudg,10444,59,Male,0,64.76980536
Hgndebmti,Xdfl,16365,77,Male,2,49.17093233
Bxwzy,Eqnugcmwt,2144,71,Male,4,62.75814694
Kiumnmy,Rzvycz,18425,68,Male,4,80.36343918
Qzfxpw,Qfdbysjc,9599,55,Female,1,63.51261965
Lggrl,Ovutchl,2255,26,Female,0,20.59379877
Meipftpt,Xjvgl,15939,90,,4,54.46866419
Uymntb,Wqzbatmq,13945,51,Other,0,43.34794219
Qtepfwgk,Qqvopw,4932,84,Male,3,52.13613886
Wttvj,Gmdwfmwk,14231,55,Female,2,100
Kjnjbv,Knjeda,12357,88,Female,4,59.89784486
Acveiar,Vkscottwt,17253,71,Female,2,87.17007988
Xarhhw,Vtziv,2676,92,Female,3,55.70436029
Qkwczsjsu,Ajwji,1677,61,,2,58.74549565
Mpvkg,Awrqcnr,9947,78,Male,1,79.75259793
Lsfvwwlri,Ahqnuwjlo,2123,26,Male,4,63.86294389
Vtcpq,Obaqxzi,9320,37,Female,2,72.82956754
Jzta,Aicxhdtr,10495,45,Female,4,58.15974979
Rpvgmrew,Hlkjx,7786,50,Female,3,67.28645868
Rqprapch,Isiokeqw,18343,55,Female,1,71.57337647
Cnsdbwudt,Dwdzzuv,17916,45,Female,6,53.5172274
Lsfopmgk,Khyhn,12150,43,Other,2,58.93387186
Ualgo,Dnypjcxa,13650,42,Female,4,74.14278898
Fyyn,Yblanthv,9212,26,Female,0,65.12402264
Yujpcf,Pwrtejooz,7847,78,Male,3,71.71519689
Yknk,Tyazua,4800,73,Female,1,66.00226618
Mewbeegkk,Rkvpxsos,11795,61,Female,1,60.08921686
Cmvgmkc,Zmzkems,8951,68,Female,0,79.02539465
Xykrlwi,Fibwacsuj,18458,92,Other,1,60.96543708
Ecreihcvc,Uzkp,12578,45,Female,0,61.56805701
Lumco,Wpcw,6326,60,Male,5,44.19169159
Tkmoh,Oybzor,6015,86,Other,3,75.9775283
Vwod,Nbelp,11835,90,,4,63.60298393
Rvefir,Beerltsjs,1297,78,Male,2,61.84052741
Qhutcads,Owruviymz,2679,63,Male,4,59.93704577
Pzrcwjk,Gafxzwrw,6117,52,Male,0,57.98619562
Rnhvjpzsw,Oxyuihbaf,12291,53,Other,4,52.85670682
Hoertjuc,Esilwgnh,12901,77,Male,4,46.76515631
Wapsvfmkf,Sxsahchy,10541,75,Male,4,50.86891768
Uqhutchls,Okgonimw,19691,90,Other,1,58.96379471
Aoweq,Empcmeom,11584,77,Male,1,50.96157664
Yzbocr,Lpsgsviry,17215,43,Male,1,60.73856802
Ariubfl,Eoofbz,14227,70,Male,1,56.56430253
Pujyim,Otrahppsr,15123,21,Female,0,63.31706763
Sdocn,Finotjt,6571,97,Female,2,59.76949613
Wipyv,Cxcrreonr,1033,92,Male,3,62.86441077
Rzhu,Gejc,5612,58,Male,3,64.42365384
Osqphbqm,Xssqi,2428,40,Male,4,41.01264958
Bsorr,Qjbspyb,15479,58,Female,7,49.4823949
Vfxyjpwhl,Msrj,5123,25,Male,3,54.04398037
Nxpv,Qijcrigb,12185,51,Other,4,65.69234559
Wiajip,Sgkqoge,1305,76,Female,1,52.6149603
Kvlztpjyr,Xdotj,16742,19,Female,0,47.49204642
Utoegf,Rzllnwqc,9441,19,Male,0,48.39200115
Efnqfsrrb,Lhpnumy,7149,93,Female,1,74.04858663
Xkszqv,Shrx,3301,65,Female,4,32.06276414
Mvposlegn,Bhpjgln,14889,69,Male,3,59.27239251
Gdmfy,Kbiae,10132,58,Male,2,72.48151184
Szdmppdl,Tjfemcncw,6696,68,Other,3,59.25992064
Sadte,Payrveci,18351,66,Female,4,82.08933243
Ofaaoev,Uneyh,6565,22,Male,0,72.78944392
Usphoxf,Znfumnk,3073,67,Male,3,56.98875172
Qzdbqzfs,Rzpjns,6157,37,Male,0,49.41557549
Eqdqf,Pxuhqdt,4606,40,Male,3,82.80344198
Ijrkgpxm,Oqmhadql,17512,28,Female,1,67.40715676
Dhdlfmlj,Geog,18806,91,Female,4,56.97967904
Epaqwbn,Dcwd,19073,48,Female,2,59.36067939
Hrfjgdr,Zoetrdl,15242,35,Male,1,56.12788129
Pwkzi,Dqsw,9708,37,Other,1,77.20415557
Nppuledcm,Jnpmq,11203,37,Female,3,53.58798181
Bwdx,Qmnkmyau,10337,65,Female,4,61.98766566
Jscoyykt,Fwghj,1446,42,,3,61.49224554
Ddbmopifp,Ptvyz,15047,87,Female,2,86.81917267
Vwngdzp,Evywh,10189,28,Male,4,64.67733754
Dnuzm,Szthli,9460,65,Female,3,38.26201789
Xbdjpap,Ineb,18624,63,Male,4,66.50082083
Ypscjz,Yedfx,18277,62,Male,0,66.5044109
Amvciu,Pfkhxc,11417,28,Male,1,87.03366609
Azdav,Fibrmte,12215,22,Female,4,67.33146709
Kdobzmk,Xgaoons,7225,49,Male,4,58.69986299
Qwnky,Xrmefly,15145,27,Male,2,55.77319554
Pdxaej,Jbkdh,5643,58,Female,1,42.00063552
Bdjflbf,Dtcttwwq,1194,40,Female,4,78.68976456
Jflnzbsx,Bfogu,17755,32,Male,1,52.76747983
Frgkhxl,Aqmnwfuh,6089,98,Male,4,54.44290484
Wizwabj,Npoq,19230,86,Female,9,64.15523874
Qyhmvr,Qevjw,12827,72,Male,2,41.40970329
Mbyfo,Mulamaw,16208,21,Male,0,57.7585487
Ubrhevij,Vxyrc,2191,44,,2,70.62540905
Ukhxi,Cncgkzlbg,14488,77,Female,2,49.67420755
Vwxwp,Uynvb,8481,19,Male,0,62.16681025
Kbdgv,Eykjgqby,1514,49,,0,77.72336919
Jnwdjmmo,Wvdn,19420,96,Female,0,52.97193104
Cmjqbl,Idhshtw,18337,48,Other,0,69.74248705
Wwev,Mgvui,6194,46,Male,4,71.26098284
Xccapu,Ejlctfv,7373,60,Female,0,64.94810252
Lzpyd,Oqzyqj,12615,87,Female,3,55.78873157
Nudp,Rbtphbxbr,17285,81,Female,3,65.20019739
Taqnug,Ezgcbeug,1627,86,Male,2,56.51140013
Sshx,Fseyz,9165,89,Male,0,59.17509551
Czogknqs,Xdxgc,8932,41,Other,4,59.34154409
Yfnqbxe,Tpaudemy,9993,28,Female,2,54.1556998
Qwbt,Eoeqytkrf,7066,56,Female,0,68.2993055
Qgqetmlfu,Ksjcq,14761,50,Female,3,69.05168654
Ylnrffx,Gdaqrzvjd,19391,29,Male,2,61.13505004
Znuepz,Ewqwjdcaa,15685,42,Male,5,67.14351644
Ichknmd,Famgkeyku,8757,83,Female,4,61.49307536
Aegqkwu,Tnho,15734,57,Male,0,56.54469761
Rjcbg,Xprxouiq,17675,19,Male,2,69.273079
Mauw,Uihtdugsz,4290,72,Female,0,68.72030342
Qvcy,Xsrtyjgb,7169,83,Male,4,45.75823402
Cfqygn,Nmoccifse,6389,77,Female,0,28.28481812
Fstcy,Ejxjog,15434,43,Female,3,65.08630722
Ablts,Mlcg,3137,74,Male,0,44.98806715
Bijmnb,Ghun,14983,49,Male,1,47.47372932
Zomablhyx,Jyora,13934,21,Female,1,44.00377497
Wmcz,Xmvzda,9908,84,Female,0,65.34420694
Qbutto,Sfnaz,9280,43,Female,4,39.03622706
Pqapowsdl,Bgqoblmtr,15326,66,Male,4,34.74646163
Bpdum,Ctthvy,12670,68,,1,86.79497259
Pjkpufvg,Bnonpqqqj,11740,31,Other,2,73.85409336
Gmjugew,Fzrhzbk,3969,82,Male,0,66.93713559
Uqamp,Bxpbv,11060,45,Male,1,53.11194008
Gerxstq,Baiix,19457,90,Male,3,82.13941437
Vxupclehr,Eolclk,17138,55,Male,0,49.19047506
Aexhopc,Gcwoeszdd,1359,50,Female,5,68.21849184
Dvinppsmt,Oalukejql,9210,32,Male,3,58.70303791
Kkvo,Yuwrzxuz,7644,50,Male,1,62.73263047
Edij,Xmudlprc,14038,33,Male,2,68.04814669
Dzrf,Ahkkgpgnm,13668,66,Male,2,54.89262228
Wlnfy,Izawl,15274,89,Female,3,49.45539242
Nxcllvnlc,Zdia,13755,52,Male,3,69.84715697
Hpapk,Kgtvvbf,2258,60,Female,1,54.49873246
Mqxho,Eupba,16247,97,Male,2,70.18254736
Adfocqtx,Kobhfjwpo,19381,98,Male,0,55.09877002
Xmfih,Sljhckg,5155,69,Male,1,52.71919607
Mzdars,Dtwohwmzp,10120,52,Male,0,70.32775628
Qjcdkjci,Xunmynsub,11751,77,Female,1,54.40967849
Qseuknno,Sqfwqqye,1796,45,Female,1,48.82480667
Avlpqi,Zuezz,14044,19,,1,66.30066692
Miqcf,Phmpc,16523,34,Female,1,39.4918664
Nizkpxy,Flwfvbgyc,18094,19,Female,0,62.57429678
Uxphutzj,Menxkt,5434,45,Male,2,58.77236237
Oxwcxenz,Ctmp,2362,71,Male,3,67.77909443
Rswesxtna,Tlbincjp,3670,24,Female,4,64.77653187
Cyoua,Ljkyqbrhv,12384,69,Male,4,44.09439164
Loon,Qdpjbj,12829,38,Male,2,27.24800878
Einvzrrx,Glehdpqn,1147,65,Female,3,45.37165585
Jtin,Vxktaaj,3273,35,Male,3,64.465511
Kupih,Efuymes,7251,54,Female,4,55.15422356
Ebkzvccp,Ocqwkzkxs,4631,95,Male,4,56.10841259
Eecvcsmfv,Rxtcmk,18715,21,Male,3,58.2241494
Tvqdjgl,Maey,16437,62,Male,3,62.91211523
Pzasfg,Ouuiavf,2412,76,Female,4,54.65070644
Fkxhxyr,Kmod,11306,97,Male,2,64.56811674
Ysxv,Iahhiyq,1831,96,Other,1,82.10158994
Lyzgop,Wahosn,11315,18,Female,4,62.42894724
Xfbvnu,Topgyatlg,13866,42,Female,4,58.50603918
Cclcwbt,Teyhkjq,5104,20,Male,4,53.78356285
Wxydb,Tcwojzzd,10013,77,Other,4,72.07528241
Tmhf,Dnthrs,14317,87,Female,3,60.58159186
Getfphpc,Exesok,5657,19,Female,4,58.3558738
Yvxpltzql,Vegpmktev,5832,18,Female,6,50.27557453
Yvrwyb,Aybzfg,14244,39,Female,2,76.39720545
Hlasqfu,Bgwes,11030,61,Male,6,69.73178272
Kvgxqhx,Xyticgqm,17760,85,Female,0,64.59327495
Iykuddbz,Tphoz,2961,57,Female,2,65.98141227
Ewjozz,Vxlsehmcj,6338,43,Female,0,60.24169714
Fiyvqu,Xtawpt,5108,68,Male,4,60.93149517
Yczmfajed,Oykdehu,5389,69,Male,3,68.78352549
Cskqqy,Imbft,16757,57,Other,3,50.12704317
Fbxjou,Codawuak,2530,43,Other,0,67.14198159
Qdfwkff,Vklijucae,18026,37,Male,0,60.12077138
Qxtdr,Joviip,2424,50,Female,6,81.72318804
Ivlywnxn,Xjcl,13689,54,Female,4,44.64342333
Qudnylfwv,Sbhvbmk,6905,93,Male,3,42.34208283
Lkpqnahlh,Tepr,12295,82,Male,4,37.90399443
Cokr,Unaambe,3713,69,Female,0,70.41935252
Pawv,Tabdpaqt,19797,79,Female,4,53.2220635
Vlkxnanq,Xrsxkfi,6715,60,Male,1,59.86791711
Vmfrfbof,Hbobpeviv,9702,39,Male,4,53.5462372
Xuxca,Wlujeoukv,19144,27,Female,8,70.071947
Ilcnosq,Plvdfkq,9551,55,Male,3,62.28904315
Dahdxb,Sjow,11745,64,Male,1,62.44658492
Vxqddgarx,Zskljun,9319,98,Female,0,73.23998708
Hsmg,Wqhywrxom,19778,80,Female,2,69.71306936
Iezfy,Cgjsqf,17955,25,Male,3,61.07310112
Zbtbom,Xdppg,15957,23,Female,3,64.55698009
Yixjuhl,Enpgzqy,6085,80,Male,3,75.06034314
Rdaaolty,Uhmluy,15707,71,Male,3,72.33740755
Trezwww,Waxopzag,6007,63,Female,1,69.07747584
Nbixp,Tzczfmvtw,2264,51,Female,4,75.94325427
Gwlm,Otdyitce,6798,54,Male,2,87.5849224
Dmdkmycl,Gkdceke,17784,78,Female,2,73.5171375
Bteu,Gkicrvm,2107,65,Female,4,64.23413047
Tduhknz,Thkmipf,19221,86,Male,4,77.47240647
Dsprsdjk,Ukfcvev,3347,91,Male,3,50.82749306
Wfxpwx,Qhrj,7320,70,Male,4,65.45167483
Rlzcokdib,Peheyjtbs,15960,51,Female,1,53.23746296
Msxiat,Yrgzqjn,8822,18,Male,3,53.7399553
Jlkmkgwm,Nevuw,19718,53,Female,5,56.94980826
Ujedymhn,Ljcst,18113,93,Female,0,76.8841151
Syzbc,Ykkpuvgyf,6222,71,Other,0,62.54045359
Vdrgmbiv,Hzhfqef,11933,18,,4,47.13987578
Pdtxw,Khaeqoi,5419,75,Female,1,30.09824829
Vvctifzt,Bfsorrm,16613,69,Female,2,51.89986827
Ekzgsilk,Wsqq,2873,69,Female,4,67.99469283
Fvimjjylh,Oadx,3700,40,Female,1,55.08405452
Jgyxi,Kwjp,17963,87,Male,1,49.14822453
Oxqiolpip,Sfrqhin,12251,63,Female,1,60.43092813
Tspfhhwq,Ruukf,1080,71,Male,0,87.99427705
Oczlpuk,Mhqtahc,3621,47,Female,2,48.75786496
Kjrzrqlee,Kqqfxay,4407,90,Female,4,66.81801531
Asmdqy,Dzwkfsa,15015,56,Male,0,43.48119855
Cliyfkjs,Tgtdpopo,12544,25,Male,3,74.67902713
Lgqegpvk,Tshgpph,15797,97,Other,2,66.23536825
Hwybaz,Xejxibvm,12003,23,Male,9,64.11525472
Yuevmou,Nendx,13388,63,Other,5,39.41925031
Tftho,Obgfdqqz,17790,79,,7,48.43773625
Jrrc,Nxogqf,12863,73,Male,4,50.17696066
Hjllpv,Fzki,4894,55,Male,0,73.84037114
Ijve,Obyduwbpf,5460,73,Female,0,53.32763737
Fkcpgvwwr,Zqwjj,11383,75,Male,0,74.44125279
Dsfjcj,Ahzy,1744,37,Other,4,72.14847084
Taakjv,Rjat,6983,58,Male,2,76.64108377
Xdzjqkfer,Fbvmcekr,5099,24,Male,2,40.69440743
Qauz,Wmpzyjubx,1629,92,Male,0,62.88401821
Qihryzml,Kpxdvh,19503,71,Female,0,60.62118425
Ylmzwuxq,Wkfmdmtp,7335,89,Other,4,40.75541383
Tuljjgbn,Xppaayzii,2446,89,Female,0,79.9511189
Cnivqwx,Izcuf,14560,21,Female,4,51.2573761
Spyg,Zmmvt,3032,49,Male,2,73.49713152
Uyopkov,Ojpwtavqc,11199,36,Female,4,73.45444975
Uxaui,Egsfeygp,13763,28,Male,1,55.62414005
Mbhjy,Gdbsfmj,2711,72,Male,4,58.46193777
Fojoemyro,Zgojkkjm,6510,40,Other,1,60.76571962
Jfbta,Adwcuit,12727,84,Male,1,72.84436681
Lhjuzn,Asxwpsapa,3536,47,Male,3,71.03776573
Stwyv,Scjnjlbl,14376,68,Male,2,56.0241623
Wpbqalbkn,Ucgk,2769,24,Other,4,47.17560654
Khhaeedix,Yuifw,15441,84,Male,3,47.4607894
Esocsumrc,Xlxm,12631,19,Other,3,72.72901052
Ekchktcb,Cmkorm,9382,78,Female,2,70.11090796
Keuz,Utjckej,11149,22,Female,2,51.20803177
Lezodnnlc,Agljtscfg,15864,33,Female,2,68.09422235
Bftnfxp,Wwuvccmm,14507,24,Male,4,34.84232398
Dyvmxi,Qxnta,6920,80,Female,4,49.76600131
Dkozfnfed,Elxaq,2005,40,Male,0,67.69688695
Lzia,Jxdd,15867,38,Female,9,57.36643983
Lecvjsv,Golrexby,9655,46,Male,0,68.4237646
Zyitw,Ohzgln,7242,44,Male,2,91.34223313
Vinsvq,Lzjjg,19499,87,Male,3,78.03738962
Aizmosn,Hxdhnxy,3100,53,Male,0,65.34918169
Bqrjjopl,Wybovkgz,12718,46,Other,1,50.00676834
Bnyyjsrp,Epljygf,4155,26,Male,4,59.9424417
Vdrhzy,Tutgu,5042,32,Other,0,71.37570105
Jzqcq,Lpdfftoj,1858,98,Female,0,79.93289713
Rzpf,Ktne,12494,85,Other,4,66.56226349
Nfulzcfu,Chikpc,1699,79,Male,1,52.70451713
Ubjywwhgq,Vpasxnxz,6802,60,Female,3,88.14261466
Tnxojjpp,Wzqraupwq,14230,22,Female,3,54.62914739
Ozogqs,Hyqyfchmx,1447,22,Male,3,50.14867638
Xbra,Qhtva,11577,31,Male,0,61.21720959
Ublak,Meps,18728,62,Female,2,53.22690865
Ymejrou,Pjuuahx,19614,68,Female,1,63.40896259
Kowesxu,Cdsvmfjdb,16615,48,Female,8,39.95171837
Slvzcl,Nylcid,19945,86,Female,3,43.44789859
Wvyli,Etvwvftrh,2694,76,Female,1,64.76488776
Yiqrpzzh,Fqdjvs,18550,97,Other,4,67.37413806
Kvsi,Ouctn,14170,83,Female,0,58.17679573
Khdw,Fphfod,9593,97,Male,2,66.72358317
Qvajritw,Bzutcdxds,1910,64,Male,0,58.87072745
Juaottv,Yfhnejet,17903,68,Female,4,41.87288058
Fpup,Wprnipwv,4136,37,Male,2,55.51616522
Qskuv,Oqdykfkq,3624,78,Male,2,55.03160666
Ahgdy,Vbtdyvml,11931,18,Female,4,78.56122251
Swavu,Kzqkw,12748,62,Male,0,70.57576335
Viog,Wrqpruy,4227,44,,4,51.36014608
Cdwsos,Dewq,16446,55,Female,0,62.69163638
Gaiq,Zqmkgxh,2083,28,Other,3,48.54160972
Yqjjehh,Weyh,6055,70,Female,3,38.99985791
Oodm,Odzagsyb,17927,55,Male,1,55.2513825
Keofpv,Hblb,19536,60,Female,0,55.06921921
Nuiqqr,Fmafknub,2205,40,Female,1,49.24386909
Mujkobt,Ropfkif,1023,40,Female,3,76.34883433
Idfy,Mhvbkfeaj,13343,54,Female,4,51.4221035
Cmtpiqfi,Gycn,12065,34,Female,7,62.35473402
Lqqv,Jwvohueq,6140,78,Male,3,67.04125508
Kolmzhhiq,Giasukih,5813,30,Male,4,62.76964479
Urkghj,Nrlvqnv,6261,26,Male,0,54.22049272
Ppsnwt,Sgeamam,6721,96,Other,4,59.31936409
Ndjown,Znhscqzg,6209,19,Female,4,65.17847488
Njzrfet,Msqsqo,8948,80,Female,0,53.68820425
Erjqr,Kqwdo,11756,65,Other,4,49.23269939
Qvje,Nlid,1781,24,Female,1,50.59902344
Sqguoucio,Qxdpcfedz,16824,27,Male,2,67.36045002
Gxxww,Noxoocsga,14045,20,Male,4,49.62028073
Xnvm,Fmep,2447,30,Female,1,54.49359302
Ykljzm,Dlkl,8419,56,Female,1,63.6575657
Qyhk,Eicwvixnc,8873,35,Male,1,43.65486993
Ouaalxfa,Hxcx,10226,20,Male,1,57.12750003
Csaglwxs,Ltgdv,11766,81,Male,0,68.98506601
Bjfednl,Cfqgcgs,18871,78,Female,3,88.62617257
Jlnxffuu,Pdorf,8804,41,Female,9,65.70177217
Jffzndt,Yqgtodoz,19102,64,Female,1,58.60808968
Wzckwhe,Pvpvx,8406,90,Female,8,52.51965536
Iaypyswd,Yjrnzh,6361,44,Female,1,66.27754896
Sesova,Mcqn,14787,49,Female,4,49.35689872
Eimmfjbxq,Uqbzqnam,16168,40,Male,3,44.78605187
Cwasmp,Zruf,12904,63,Female,3,73.74673888
Zkriqgjgf,Atayut,5521,29,Male,3,61.20620223
Twbuwcw,Ztlnoke,13665,24,Other,3,67.10670174
Csdcllbax,Hsza,1441,70,Female,0,48.3077684
Exbbb,Yzpmyn,6313,82,Female,0,79.19213534
Mkgfyvfi,Fbbn,1184,77,,3,69.25284846
Fors,Rjapr,13776,73,Male,2,75.63071471
Yxyg,Dpjxerekh,6634,75,Female,3,55.38106185
Pjepzowcr,Zlezsk,5878,42,Female,1,76.13246811
Psyiuwzj,Wqzts,1639,37,Female,1,43.10330177
Mnpemk,Hadkd,1824,82,Male,2,68.3389921
Povpfovn,Jroqe,11594,33,Male,4,62.6575637
Zbpqhqg,Izuw,17714,74,Male,4,66.20017562
Gyscf,Jdqrw,1121,30,Male,3,61.57359239
Dirlwesjf,Ikswfmf,19494,49,Male,4,74.61564457
Iryaq,Bbmvxxi,2546,86,Female,1,63.30054474
Zxyjnjk,Qqwbgq,4666,65,Male,0,66.41266068
Wewhmbmun,Oumuquq,5839,88,Other,1,67.69475654
Btqbfokd,Pslhsenkn,6018,26,Other,1,67.50706088
Zpav,Jgoqvi,13447,32,Female,4,52.1031729
Eyrcww,Mqgdiiug,1866,21,Other,2,66.65254021
Ncpuxnwrs,Hagyusk,14721,41,Female,2,45.13836512
Sjfcxhh,Ioptvyhog,15295,74,Female,1,76.11485483
Jsuqtnl,Jtqqpvie,11909,96,Male,7,40.50041926
Mrjjx,Fswluz,19351,33,,3,66.24016848
Htdyioicf,Ryaxffs,5516,35,Male,1,42.73493895
Ewbib,Lymy,12928,77,Male,3,71.06633419
Lyodjuy,Evxp,17719,18,Other,4,70.12256324
Eojhmozi,Fgwsqjv,8099,58,Male,0,44.86543421
Vvgsb,Cajvmo,18476,83,Female,4,64.64904694
Yurhqbjv,Odxjnovo,14119,25,Female,1,59.21757503
Xydezibia,Hgpfu,3393,57,Female,3,38.8120605
Iovalg,Oqqimwhg,5253,86,Female,0,66.99027862
Ophhkubx,Phwbn,14361,76,Other,1,66.37374796
Kiyfdc,Eomxsyac,12488,41,Male,3,56.21050366
Dqxiky,Flvxn,4163,85,Male,2,60.45269488
Gkzpdl,Dtpjbv,15140,75,Male,1,54.13563363
Hprun,Ihfpai,15288,85,Female,0,48.18430469
Psdhfpwl,Xsgcbdon,9049,95,Female,1,62.11337005
Rjmapwa,Fiaka,16438,69,Female,3,64.31758037
Spdsmkt,Xhpibociw,13509,94,Male,3,37.65650104
Irqx,Olhrccu,8373,32,Male,0,49.46924741
Vcxja,Sszse,13938,54,Male,0,68.25672574
Lixyvzy,Gartjilj,8866,25,Female,3,56.01171593
Xoiv,Pnkex,19674,68,Female,3,50.47650254
Umnl,Ijkket,14010,57,Male,0,57.39007704
Lbnjt,Dhec,3261,33,Female,3,61.27439359
Yhvk,Kjsvorf,9269,58,Other,0,48.21656139
Kftrgu,Kaae,10039,71,Male,4,80.32639001
Egvjr,Hkcwzy,18255,74,Female,1,60.32787296
Apslvixi,Bqqwnemi,19280,55,Male,2,68.13431012
Ugjqlgq,Orjjkfzs,1711,51,Male,1,76.48731605
Hezwofzie,Wsfvprw,16550,55,Male,4,59.89895922
Fbxrm,Danopny,8766,63,Female,3,61.97774151
Hioeq,Htfvyw,10053,21,Female,3,77.04652964
Jyac,Ymmwaai,2320,35,Male,2,76.71593363
Nphcklpeo,Cgwrobi,11537,33,Male,4,73.84417298
Czkeknro,Joqzhbe,13804,65,Other,4,89.94875924
Irpvhlwe,Bbyy,4495,95,Male,0,50.67110657
Mhsrw,Idyxoy,18513,72,Male,2,81.72962136
Urly,Ayrb,2596,42,Male,3,70.05445447
Snqmmlot,Eixbua,5725,63,Male,2,55.20783853
Sgbfth,Ujglkhxp,13859,34,Male,4,53.95986473
Iagb,Jeqntlo,1878,92,Male,0,46.50243456
Djvp,Gvbnkfmil,14796,62,Female,0,52.38273778
Fmcbhl,Bhqggvqt,13881,92,Female,0,87.17735894
Nmmrju,Oqkun,15187,29,Female,0,67.28856764
Ldxcv,Cicu,4434,24,Female,4,68.74865221
Khni,Xchf,16095,75,Male,4,51.6003831
Tptzlw,Gcifkhtes,16138,21,Female,0,69.10993482
Yrdtwet,Ccad,6288,52,Female,4,55.56230368
Pscjlsum,Cwvg,6557,62,Male,0,44.56274879
Plcxkomkh,Gmxbrevbo,12157,66,,4,60.13935108
Dplacozn,Jhfeofu,16543,19,Female,3,78.17758068
Gnomszz,Wvqw,14470,24,Male,0,73.37840434
Obxpt,Bkloclxjc,6210,19,Female,1,73.32746224
Male,Tpunmvzut,10296,20,Other,2,79.9117782
Klktcfc,Ithaincqa,17500,96,Male,3,60.45815202
Baafcf,Onjkuis,4686,67,Female,4,55.04776693
Zmbhh,Pnigpz,13067,31,Female,2,62.78028209
Myoyts,Rwcgm,12318,47,Male,0,66.0723983
Txqrdsaaf,Tspkeu,5675,70,Male,1,52.05049605
Ilfiqzxg,Lfzchcths,18662,60,Male,1,51.85776409
Sxfkdvsua,Ehvrq,19269,62,Other,1,71.84104741
Hqdfrxquy,Mnph,17997,25,Female,0,50.73461368
Dxyzkvu,Pxrj,2766,51,Female,0,72.06328908
Ufpus,Okavqr,7412,86,Male,2,56.29472194
Khkjott,Smfmv,9442,40,Female,4,52.84957976
Hwlbi,Pvmbrsecd,6796,68,Female,3,86.16518527
Ginckus,Fzcx,11638,62,Male,1,51.30911227
Zjul,Rfjngp,10700,79,Male,4,55.05007092
Hzquum,Ikgaskul,13455,36,Male,3,58.20824733
Weiqup,Ahgiggg,2358,47,Male,1,58.15694986
Gxgze,Tkosvjmez,10539,26,Male,3,48.9705346
Bupylp,Rtmoosty,15129,49,Male,3,47.76811575
Kvlsk,Hllfsya,2143,40,Female,8,54.98413251
Qwwsclgb,Tvwijr,14452,71,Female,4,77.87712756
Jykyduxle,Abeb,9816,72,Female,3,39.59025066
Lsgkyvjgk,Agkcnvmce,13293,45,Male,3,86.80279371
Fltep,Yjjtkzwmr,7821,93,Male,0,40.73945568
Sohgcjdii,Yknxxvzo,12366,23,Male,3,41.80762445
Qijwxua,Zyuy,5396,43,Female,3,50.67906044
Wsuze,Jgfq,5330,90,Male,5,67.80959474
Msam,Kxrwk,4614,48,Female,3,67.51185823
Tvweh,Ggwgcki,12696,79,Female,2,57.21186019
Znvgx,Lmwhzhi,6431,74,Other,3,63.00796246
Alepxjgn,Dattj,2023,78,Female,3,70.25672003
Dlhdydzej,Dbswqecic,15109,86,Other,3,61.91751459
Yrcv,Tldxmb,14054,97,Male,3,66.8228977
Yxnkpffgg,Jahoh,16188,57,Female,1,48.98327298
Bixlkvfjv,Bhdy,3495,64,Female,1,70.99718482
Zscik,Fqlgfx,3550,61,Male,1,58.76341871
Blcr,Dkqzehtel,14940,54,Male,3,65.3496704
Pfxrflc,Dpeymj,5531,37,Female,4,65.77395304
Izlhz,Mfoft,6545,33,Male,4,61.87054929
Wuazwbvt,Tngltvqp,6012,83,Female,0,66.95390895
Ltjrecgvf,Wgglnvs,7798,81,Female,0,64.92329105
Qgppgj,Rgkcqqo,18804,37,Male,2,48.94751704
Zubqovbht,Pbrr,8479,78,Female,3,70.39705954
Ouvodiz,Mghdznbxc,1973,25,Female,0,68.83065341
Rijwbd,Rajn,18213,38,Male,1,50.98083106
Dmwu,Imaclr,5441,49,Female,1,69.20907744
Hoqn,Tubnsnk,17156,97,Male,1,62.78006474
Sngfmwbeo,Oyavd,12697,93,Female,3,66.58972194
Mlgildrpq,Kxdcsbo,10438,83,Female,1,83.19084835
Pprljbwg,Rsvkee,11982,87,Female,2,64.93204278
Ldrrqytrv,Spnc,4882,60,Male,3,45.14083982
Asrpee,Guhwy,14397,32,Female,2,61.59616831
Boaqclui,Nfdk,9577,84,Female,4,62.98392226
Wtsci,Xvxs,6187,72,Male,4,72.91742158
Jnypo,Waxxwka,12222,29,Male,4,50.13335385
Iwqg,Cwbxbajkr,19264,75,Male,3,61.45955048
Zyrsf,Mzftukx,11872,76,Male,4,72.63952962
Jnoby,Igmx,18469,69,Female,4,67.88304605
Yyrhfgloy,Mbrfxlt,5737,84,Female,1,53.90471137
Xfcu,Acpk,13325,52,Female,1,51.00687865
Ppij,Jxcir,11002,32,Female,0,49.13027204
Ipfgqf,Ayqtonpyi,8685,50,Male,4,53.18125652
Wveownrp,Sahmiz,13404,78,Female,2,67.8220393
Iznv,Komwjq,12354,88,Female,4,61.14945371
Cjjk,Sgnc,13788,51,Female,2,66.81909672
Yyoverz,Gexout,16442,26,Female,3,38.65381623
Ukmxkrhyw,Jxxtwlne,17762,97,Female,4,74.28491764
Vzzsgx,Cmlegec,11032,55,Female,1,55.21030436
Iezqt,Rjgovc,14438,67,Male,0,63.76790365
Vziz,Xrajo,14313,81,Female,0,64.81942675
Ytvx,Jyjxcr,4201,42,Female,1,67.89376394
Swczita,Lpwziytci,6046,90,Other,0,47.41544882
Evhyojdkw,Tsuqnwho,5838,61,Male,3,71.88555846
Yweuumtp,Sdycww,1161,45,Female,4,71.14530907
Oexodzsx,Tdfml,17944,71,Female,3,44.31902452
Uomsyi,Dhmivqroj,4500,79,Other,3,80.83627791
Wyisynsu,Uovlxiu,7714,92,Female,0,48.42029133
Opjnsl,Lgmts,17824,63,Male,3,41.664805
Jipbznwaz,Vdcufsobc,4643,47,Female,1,63.55043581
Jast,Biqckw,9738,39,Male,0,55.06805188
Tdzae,Wtxkvdz,6525,86,Male,0,68.08441164
Dziozg,Lqniispld,13316,63,Male,4,48.92239908
Xduwysab,Ycmw,3797,81,Male,1,92.13482964
Pssip,Lwryy,2180,30,Male,3,63.01222506
Vosm,Tzjmqoym,1343,45,Female,4,61.26229001
Pshxovhoz,Trzsiyc,4781,70,Female,0,49.40297141
Epbgbw,Ixucu,12867,22,Other,4,49.65418311
Mjxxhpoj,Ivjjdffvp,16751,51,Female,2,41.706007
Eytdv,Iepoxqf,11431,76,Female,4,79.78127911
Kgwjwikvs,Vqrhud,4543,25,Male,0,62.41132028
Lajye,Dntzuez,15831,33,Female,3,55.88890371
Bccwqn,Komhyyajl,13094,77,Female,2,61.60275337
Zmtjc,Wuryy,18731,81,Male,3,83.54223458
Yvxex,Rkdrb,16942,86,Female,1,89.1077422
Ijuyb,Vuahq,8494,41,Female,4,54.76931428
Prfhnccg,Yitbfh,6211,86,Male,1,51.39996012
Senm,Jaeykmqz,19285,69,Male,1,63.06198686
Nnrkicycj,Djrr,17645,79,Female,4,71.57390911
Gmfltggxb,Qbizri,6505,75,Female,4,33.99822723
Osyjwi,Wabv,1844,63,Male,4,48.73758597
Tsdika,Eqtx,6466,70,Male,0,79.20043554
Wvykjsq,Mhja,17945,84,Female,1,56.05024683
Lxvwxn,Zjlxrdx,14398,81,Female,4,55.08807647
Ooaij,Tvyz,7818,47,Male,2,52.27321441
Wxen,Vpivrauc,19415,59,,0,56.48521838
Pibombyie,Wubcb,14271,93,Male,6,33.2022872
Pgpzosf,Vldvvrvn,9654,82,Female,2,55.74305296
Zlzrb,Ldvphumds,1693,26,Male,2,64.88886391
Xntunh,Yogeorq,5399,20,Male,0,73.75372778
Zttclve,Uhhxtnmit,13721,25,Female,3,72.6990843
Zszua,Owcpfkz,6614,57,Female,8,61.96217267
Rlymvs,Xnrleggor,15449,53,Male,2,NaN
Fffr,Xrvep,2758,70,Female,1,52.9780044
Pauptu,Uenpqn,13289,31,,1,34.48015757
Nyksjmn,Ieibmldj,3844,88,Other,4,53.78145875
Wxcd,Kszwzi,14277,93,Female,0,66.12572119
Jruxj,Fbeamrg,11961,40,Female,4,65.60786752
Acrsdezwp,Wzunbn,8638,50,Female,1,62.55321988
Bfro,Sjpu,17606,56,Female,3,80.32028906
Azqfeyt,Renn,15926,82,Female,4,51.24014386
Ymxv,Swww,2281,80,Female,0,52.41797482
Mwxxxwsyz,Acsavzjf,16726,83,Female,2,52.64250484
Mgolnapq,Aesmnr,4335,56,Female,4,43.25502629
Zbjl,Qtkyw,9804,75,Female,1,68.15562049
Xkvynbm,Kswttubus,17629,48,Male,2,51.7709928
Ndcfx,Ehpa,17065,41,Female,1,48.48137279
Lvlcgl,Pcil,13913,92,Male,2,10.39297982
Keozx,Htqloy,18523,29,Male,2,52.86008486
Jyhmdhhuy,Uueqe,9693,93,Male,2,38.67335403
Bsqj,Zgeuz,6931,52,Female,2,60.67206757
Onkbgigi,Axnbhqx,8529,93,Male,0,49.65176513
Ryrxploys,Xypo,12938,59,Male,3,35.54306913
Xcfo,Kmdipvhns,6227,40,Male,3,72.08374444
Hsygw,Otaplsuv,19551,88,Male,1,61.80195076
Rciatgfz,Eemdqylk,5706,58,Female,0,46.3509351
Gukbhzv,Fdzjosrjz,15972,42,Male,4,61.18712729
Flwzxwvej,Bnwjlca,3255,68,Male,0,34.67908046
Ufjr,Nsjru,3244,57,Female,0,58.42361474
Tvhqlzygg,Nhocjpxcc,16666,43,Male,2,69.25675343
Rmvujhx,Uhot,13885,55,Female,4,35.33439537
Aestnk,Mpmkszvi,14434,60,Male,0,50.88808963
Tjgflfp,Jsqgkr,4022,70,Male,3,62.03642438
Sprpf,Kfdztz,9700,41,Male,2,56.48741402
Eqthaves,Gtzuejnhn,16803,83,Male,2,45.25353178
Vhuckx,Gmadttr,19479,34,Female,3,49.54953027
Mmajadvdv,Ehhl,4633,19,Male,2,64.78955346
Fovvbw,Ouofg,10722,29,Male,4,49.50740744
Uhkkrmbo,Cpaymzxsz,5622,83,Other,0,73.27394335
Sogbwdgwq,Kngqmnc,12778,41,Female,5,68.58914247
Vjorbdmy,Rpmzzxoz,4085,48,,2,57.38610563
Affriv,Cpphwpuzy,5542,86,Male,1,84.90741277
Zinvicn,Pmjdrals,2858,22,Male,4,43.85576238
Rsbgyljmc,Pmalr,5482,48,Female,4,66.87856725
Thzr,Vnpk,19748,68,Female,3,66.52091943
Ciboy,Uyzluj,1231,40,Female,1,40.42172109
Fnahpck,Bvnfufzw,18636,49,Other,2,62.45768283
Dgptnbiw,Rhgrqwci,14249,95,Female,2,78.44491181
Wbqocbsc,Bwtnsai,17067,63,Male,2,56.88429887
Fscvtffrf,Bwlxfasc,4507,49,Male,0,66.83882369
Qlbktirl,Krsphbn,16498,40,Female,9,64.16098792
Dkxcsd,Kbebyjp,12379,34,Male,2,26.56853509
Qngffrgn,Yrxtjjwvs,12240,56,Female,1,62.2270444
Qgoc,Kiubsnm,4195,82,Female,4,53.63082494
Btxnxhzzi,Qngocq,1168,19,Female,1,61.19641388
Mzguc,Estzuju,8919,71,Male,7,76.45395451
Mqxtzdp,Nxzfskapw,8426,61,,4,51.33739409
Zpkxvi,Poknhzmb,19667,68,Female,3,50.35526576
Ncemq,Wqoesd,11207,48,Male,0,49.6319759
Pbdosvbj,Hbjbiy,18814,54,Female,4,44.42744509
Iouzh,Alibx,8360,58,Male,1,61.30541403
Ygbkcrgkj,Ptvqbbgpl,1293,63,Male,2,55.96695555
Egtnofqsc,Tjimn,17240,27,Female,0,59.39443224
Rdbbsgjn,Cdgtsuxw,12628,73,Female,0,82.44595226
Xjdnnrkzq,Kkkzwbj,17678,36,Female,3,62.35039302
Zoalp,Ulndx,12169,62,Female,4,55.01827853
Yfpif,Phptkktru,4003,28,Other,1,57.86140046
Dqhe,Ksdiefu,3539,87,Female,1,82.32562599
Epzlhx,Ujbzyc,10986,76,Male,4,56.08486643
Dhtrijiqm,Piyiotka,14837,42,Male,4,56.18580262
Jifz,Ftyjawrz,8413,59,Male,3,43.56171664
Eoyxttx,Mcqkyvt,13042,34,Female,3,72.49543707
Hdhdq,Ftkpcna,13489,44,,0,63.17068787
Kqglsdyrs,Yyfttbajn,5766,20,Male,0,52.74310276
Pjgcxthd,Edmkrph,8590,71,,2,56.59820889
Tnhofto,Pjdruhuma,19803,69,Other,0,45.6300106
Crkk,Eazpkdvz,7531,33,Female,0,62.40032745
Yagflxkar,Qlwt,16765,80,Male,4,76.48081298
Igpoyc,Gcakozanp,12769,70,Male,3,55.29754123
Iwmqs,Kfkdpobqd,10270,63,Female,2,51.38789853
Kwyyqij,Ikpkb,13594,73,Male,2,47.22088834
Vorqexsh,Jccmb,5239,38,Female,0,45.1893136
Bfnvmd,Wcubvgz,4914,44,Female,2,53.71339248
Nyxxpk,Yybjqi,14146,46,Female,3,40.09915216
Kewa,Tbtiuq,12634,91,,3,52.05462874
Iinkyy,Hgazg,17392,36,Female,1,49.38352999
Wbjgdz,Psvlz,16432,63,Male,7,54.85524212
Cwpqsosry,Eqnkzekkv,8492,96,,4,67.65090147
Axrljdqtj,Yvbsbfle,13253,76,Male,6,35.39951283
Daqjkio,Ngvdxkrs,12755,56,Other,0,74.76578835
Fpyub,Uevghess,15153,18,Female,2,43.74875929
Yghmkitb,Thdpwf,10090,48,Female,3,70.19220915
Sgqofbeg,Aqlstw,19802,72,Other,0,32.708478
Lokulhwk,Hfbozols,14135,90,Male,2,66.47677918
Uocugkmsy,Ewaj,10276,37,Female,2,85.45251032
Dmpdqpth,Uygd,19287,69,Female,4,49.08569796
Deqrmm,Eclvknal,16719,71,Female,2,69.41067233
Qkjophgwk,Keczsfexc,10547,43,Female,1,60.79155227
Xquygk,Thjnvlct,4952,97,Other,1,65.48217199
Myzwl,Kvdoslam,15614,89,Male,4,64.31516843
Rvbhvw,Jhsqxiu,6054,34,Male,3,76.91562549
Hkvaojysk,Yddns,12272,77,Other,9,66.9949322
Iymsfst,Fzjvue,8980,24,Male,2,67.68294315
Zeltxu,Nvjw,7125,61,Male,3,47.35494027
Vvcnp,Umfqyika,12078,88,Female,4,91.63110582
Zkmautcmx,Gwiv,17361,61,Female,0,59.26845629
Gnyrv,Kezzxqixa,8493,73,Male,0,59.72246312
Htssn,Kllni,4603,66,Female,3,66.28168902
Wmkdcly,Bulzmyia,13579,76,Male,0,61.6709313
Stxu,Jxuek,13737,87,Other,1,37.05415606
Paog,Vayhoxph,16231,96,Female,1,84.90731671
Mponno,Xoiep,17827,75,Female,1,52.62259231
Oalzpeq,Wfhl,16131,53,Female,4,62.87234318
Ljbogdewl,Vxpo,8230,36,Other,1,66.65910214
Dnowlsk,Nomoovogu,14083,51,Male,3,69.06240295
Gaabivb,Kopzh,17456,46,Male,1,57.24097165
Sdvdykeho,Bzty,11197,52,Female,2,65.25790192
Clhoiet,Ijjidpr,16947,30,Male,1,66.46904048
Zfdxrw,Ggixuo,8623,55,Female,0,61.67015386
Odiikv,Phyzca,18761,60,Female,1,72.33914541
Ogougqrs,Wpznnlkz,17971,24,,4,38.80289137
Tcxyglss,Fmhzzks,1053,66,Female,1,52.98829383
Plofq,Ebibc,4011,78,Female,2,66.83479179
Rilynt,Yottmsnc,16458,28,Female,3,60.60739765
Ppts,Wdlpu,11392,57,Female,2,51.57782427
Quwifiq,Xplmhb,13919,47,Female,0,65.83994847
Wixqkoje,Bhscjb,8450,76,Male,6,65.66798048
Ahmowgul,Zshriakj,15134,18,Female,0,55.91920427
Renjucrdm,Mgkerz,2593,97,Female,1,52.6289199
Omnu,Artniuisq,2325,92,Male,1,66.36572776
Znhck,Qttn,14320,77,Female,1,62.83060883
Ztcykuey,Potix,19609,56,Female,2,57.99277546
Ogxcwd,Sfpb,9633,44,Male,3,73.2627074
Uwpzyyjfn,Xjgoyvlbs,7563,66,Female,2,69.26497241
Bzgniiehx,Pwpnv,11708,19,Female,4,68.71888474
Ercyqon,Uiji,6851,95,Male,1,46.73226714
Ajlz,Ovkfri,4706,43,Female,0,71.02981892
Dlhrk,Hzpedi,6925,44,Female,0,62.17943828
Cctu,Eswxn,12932,80,Female,2,51.86421904
Jluueewgv,Rrxq,1926,50,Male,1,66.34458302
Igbr,Uresf,8658,39,Male,1,53.49031486
Trdxzfcao,Mdao,2431,90,Female,1,54.9337256
Mxfgpzs,Awqjtevx,1265,31,Female,2,57.18682825
Hygold,Jgirffgj,18969,69,Male,4,58.11874067
Mspgm,Fpdhcxcll,18768,63,Female,4,80.06880028
Wzahkd,Jgyh,19692,57,Male,3,65.49859443
Shpu,Oegngdpq,4817,92,Male,3,63.44507839
Qecal,Kohmgb,19841,23,Female,3,36.71885376
Yfkzdajze,Yrzfmd,3672,88,,2,53.92938419
Yeba,Bmwmfwfo,16272,78,Male,0,64.64229557
Cqdbamm,Xtthoc,7478,50,Female,2,37.44485475
Dzwvfha,Ugczfod,1048,33,Female,4,53.97220302
Wsnghdwm,Mrtkf,18046,77,Female,4,81.29366194
Cbeo,Fmkoopgkr,14605,78,,4,44.66369108
Xptvit,Amjdrc,3188,39,Male,0,62.82258913
Tczg,Ygpozudsd,6804,71,Other,4,62.98304262
Sofkdbg,Cmdvy,8677,46,,0,55.99322681
Yokxoswcx,Dzpghqgim,8436,36,Male,1,75.28073657
Hqdrifx,Rbchwd,14612,27,Male,1,52.36156094
Bnpfwvhkv,Mgciao,13515,76,Female,2,77.41355175
Tdrmpgg,Rnlwvd,16554,31,Other,1,69.6903352
Vdttbh,Svwcfzu,1012,66,Male,0,55.18487366
Xvaqv,Smlmejzu,15280,64,Female,4,58.66228354
Tszji,Jztg,7884,75,,4,63.10437191
Sknmagci,Mwetw,13492,24,,3,45.85448756
Yovumaiku,Tosibgv,19243,78,Female,3,68.86763699
Kwwvespuy,Gzxuznjbo,9825,58,Male,3,67.60778492
Yzsscrptd,Kvgdldkq,1935,65,Male,0,71.54642341
Rooi,Lcryjw,19733,23,Female,1,54.62021346
Elffoejoq,Acici,13041,48,Male,2,65.94780663
Vzjq,Gatmnt,12053,49,Other,0,60.12312609
Andcknqc,Gzplyctcb,15873,20,Female,1,47.59734894
Qvyugrtu,Xlohhj,5403,28,Male,7,53.91638327
Ssftrbp,Pvxd,17942,74,Female,3,67.86242761
Nikf,Ycdlubsj,4016,96,,1,67.40509307
Egygtrl,Wxngnfcax,9248,25,Female,0,33.50517348
Akvba,Nkuevtc,4383,95,Male,3,68.25903952
Apachbrb,Abcnzn,4391,39,,2,60.01649499
Dkuttjfp,Nprgiz,9941,53,Female,3,94.93680454
Lrrepz,Mobfj,1790,62,Female,4,54.36320213
Adycg,Uolyy,19430,83,Female,2,71.24949465
Cowc,Xgxiam,5453,44,Female,1,50.81615005
Yreadxfx,Nrsywxq,13416,40,Male,2,55.5620958
Hgjqytt,Febzgj,7785,26,Other,4,72.66799254
Jbuhavne,Ohlefwiq,11470,79,Female,4,43.61403594
Hdkul,Ylbow,7607,43,Female,2,56.8056231
Qkaiinued,Ceuffso,14800,74,Male,3,34.07826841
Cfsvjj,Pobyooon,17646,70,Female,3,71.1258272
Kdhx,Yfuscmgoh,17396,32,Male,0,45.55468959
Zuhwh,Ptbbpew,4943,57,Male,4,53.46690582
Opomtx,Bdfgdfi,4458,93,Other,3,57.34892478
Mmwcoeo,Jucz,16552,85,Female,1,52.72965047
Vqsarrkje,Sxnvb,5081,80,Male,3,41.24245578
Bbpciqnv,Jmmi,18357,31,Male,4,70.64108483
Lzrspzgfk,Tvwjlsp,15669,57,Male,4,60.61746198
Cyxgu,Uvzjbvj,16394,24,Female,0,59.32296097
Gfrfvqmw,Jhhvmzyiq,6854,25,Female,2,50.10988568
Sphehrql,Mwbjxc,15906,35,Female,4,52.23880282
Solqx,Bwydjay,12135,58,Male,4,64.28369226
Drresrc,Fnmayo,5223,59,Male,3,59.34727696
Rrtoshk,Mmkydxmcc,14638,29,Female,0,50.18450215
Iiycovofe,Gcncaqsrg,9337,42,Other,4,59.16699203
Hwvzeomn,Hphi,13361,64,Female,0,64.76117727
Nidjhys,Kwmtrefnp,19453,94,Female,4,53.13578521
Rdlklz,Jiqrj,17562,42,Female,4,58.39763402
Tvdeuvj,Uchn,11996,40,Male,4,80.2566526
Mhnrn,Qubn,19555,33,Male,1,81.85366228
Wvluj,Qpdr,15870,61,Female,1,64.36588594
Lhpfvzyg,Djtn,9141,94,Male,4,65.28246446
Jbmby,Gdibz,12503,37,Female,0,59.95578094
Edldjdgpw,Iftxer,16746,25,Male,1,54.07714356
Gzgrh,Ibximvqf,14444,75,Female,2,58.13767054
Lzihmnkjm,Ceim,1783,49,Other,2,54.47769742
Kefafz,Esspwgoq,15647,91,Female,6,56.99929024
Jlgye,Trnxkqm,1196,19,Female,1,47.23637904
Zvpazc,Prrhdt,14266,62,Male,7,53.82513832
Olbbihywz,Ifsltxv,15617,95,Female,1,52.76971154
Vber,Xpbocu,8339,68,Other,5,56.42384816
Msxqzpy,Iupv,15073,76,Female,0,63.87152728
Tukjn,Nbnbwafn,8899,89,Male,2,55.72373099
Bkjks,Sitrqm,9297,94,Male,4,41.17609874
Acfqokeg,Ajjlsp,16637,76,Female,6,35.68631456
Xvexibpn,Sqjwadgip,16567,57,Male,1,54.69942484
Sjqidnh,Pcweameth,5620,37,,5,31.4736876
Jgirfczk,Nbidd,18965,32,Male,3,50.03737788
Mkmyzon,Xoavtlgsl,15447,50,Male,4,49.3100624
Jsuvhfn,Rmvvlvca,10290,92,Male,1,62.85322141
Orycoeyv,Goccst,12795,64,Female,2,68.17976305
Rbkczv,Pgqnvtdo,16931,97,,2,64.35860051
Eoael,Dafajgtqi,19573,91,Other,2,50.53097112
Akeo,Iwhgp,18117,85,Male,3,66.37621498
Qcrd,Dstrxiej,3869,39,Female,7,55.48995546
Injrv,Pikf,7147,63,Female,1,53.06921501
Vfuvvmwld,Grgemnt,10827,49,Female,0,49.33432896
Nkye,Timtzziyw,17967,75,Other,2,65.95865896
Zyoeg,Gfpr,5022,98,Male,3,60.25913744
Kpiham,Wegz,2933,91,Female,3,64.39287692
Qblhl,Luhkanvhx,6082,78,Male,3,73.83016426
Cuazeba,Pxwozj,12233,30,Female,3,87.67813448
Qyyxvz,Blmbabla,2202,38,Female,1,63.6963187
Qtfmclrcy,Ececd,11958,20,Female,3,66.94287781
Fxitgy,Zpnzj,6254,68,Male,0,53.07762294
Yexyuh,Shwbwjbk,16355,32,Female,0,66.77157996
Mwspr,Zemic,18959,38,,8,61.58343025
Bxornn,Getve,7148,30,Female,0,56.99901761
Cnbry,Hpbjjsy,14483,57,Male,2,66.91618687
Rzvl,Idmfsptg,17256,97,Male,3,47.55673456
Qpnukegiq,Btbmw,7293,72,Female,0,51.64780918
Dotoddbjf,Afagw,6489,26,Female,3,83.26936843
Tcsohbknk,Wihtk,13808,67,Female,4,42.9596698
Ocuqf,Xrdenup,2544,26,Female,2,54.90452148
Gmmugp,Qaxmtappk,12107,19,Male,0,46.29408489
Wwwrcpy,Wtpk,18069,71,Male,3,44.30191812
Lnjkhqf,Cien,18177,22,Male,8,51.23612609
Vhvaac,Zlme,11749,73,Other,3,61.59743568
Lfgejh,Hdce,7003,87,Female,3,45.83695491
Mnnzhc,Sbetxu,18013,52,Male,1,63.62727897
Nulyp,Rgcjc,15222,63,Male,2,57.42838342
Lxgwarskl,Pbwfs,5985,71,Female,3,69.08775887
Qiicgi,Zugdlr,17169,87,Female,4,86.10638749
Eoca,Tbimgfs,7991,44,Female,0,70.76588797
Heuzdob,Ccwszv,15463,87,Other,3,67.49642799
Wrbl,Yfzq,2078,27,Female,1,69.72736843
Ysrmcf,Zhuwxlq,8961,58,Male,2,63.22285339
Sokvuiftu,Yzounjovp,16982,80,Female,1,85.65178201
Tbfwywfp,Phhnzxn,11409,38,Female,1,67.86991331
Xqpmjked,Crqg,7435,97,Male,4,75.97216859
Opacft,Ylhof,1016,71,Female,4,45.14384573
Admz,Mhqgca,2426,72,Female,0,41.95392689
Lhpunpn,Dfbsxpxol,19540,36,Female,0,63.4515586
Hoiwoa,Phrmfr,18505,32,Female,0,78.46943986
Qdqvtvj,Noqpco,19401,70,Female,1,51.49477551
Elmux,Eeei,15523,55,Male,0,61.921682
Cguwyfpoc,Rfjxn,18204,84,Female,2,45.03086282
Mejnl,Vwxk,19941,58,Female,2,63.95060205
Soge,Kmmjoaa,17899,81,Male,4,75.04183308
Habu,Omaywy,14943,47,Male,2,60.36353501
Qiab,Scnj,10384,79,Male,1,41.20472618
Xhfb,Oisi,12080,65,Other,1,79.80459797
Yjoh,Yjaopj,17168,80,Male,2,62.6456937
Kzea,Oqvqux,7296,52,Male,6,51.0179698
Ukjs,Uekvcyp,6348,93,Female,1,43.57302854
Rwztizzl,Lhgramtih,13210,38,Other,4,59.70317604
Revptcs,Zvzeebmp,12682,59,Female,3,61.5812973
Jyfxuhcq,Bowbur,15357,96,Female,1,57.00120334
Vhdfgkc,Mybqe,13806,29,Female,0,71.30763441
Owzgabyt,Avrxsviuj,15381,88,Male,3,63.72288007
Fbvieft,Coahpi,11404,72,Male,9,52.35742318
Zwfgu,Wwdkhm,16354,45,Female,1,53.82666084
Rxnsa,Hxslcdvub,3206,80,Female,3,64.54077621
Rfgtafrq,Djffa,5803,69,Male,3,48.55834299
Julcbbhwu,Evnho,8201,37,Male,0,61.09987713
Mjenxx,Zcvy,4712,48,Male,0,58.52345436
Ixqc,Hyuwzk,6104,34,Female,0,42.55265388
Idwxfdyme,Piuyvmwpd,13912,71,Male,0,79.168299
Udxcke,Jdnl,16200,42,Female,2,49.48123761
Rddtsskbh,Xkevojf,7881,57,Male,3,60.63739438
Teolfvf,Zqaiva,13054,93,Female,4,63.45518977
Ogogk,Egedh,2527,87,Male,1,56.37723736
Nxcws,Agzpycby,1697,55,Female,0,75.58831842
Xqci,Totjnaf,14308,78,Male,3,61.86133258
Dljptuuwf,Bnypja,7793,35,Female,3,49.70956832
Hymlp,Hzyzrgig,18190,62,Female,0,36.20995358
Xkzavxh,Eafmqnot,14511,83,Female,4,51.15749498
Nndbrm,Zvhe,14480,56,Male,1,65.70558394
Lcodibi,Kviyaclt,7896,61,Male,2,66.60564439
Wncuixitm,Fldubnk,1135,23,Male,1,75.48012887
Sqvq,Oexhh,5468,44,Male,3,32.34882383
Xndprmlb,Bzkwi,17046,64,Female,1,65.8949598
Yorenkffc,Izfnflg,11113,57,Other,2,58.04987186
Wcdwmdug,Uqute,13456,60,Other,3,75.07288529
Wmisk,Owudnlu,3164,76,Female,4,80.75432718
Bjyzw,Tzqk,3565,26,Male,2,58.36346095
Ncuaiikv,Cxipr,17146,84,Female,1,45.03303409
Xrckkgwxj,Mcmybz,1501,53,Male,4,78.40557919
Scxfpz,Wyhnpk,7683,49,Male,4,73.88137458
Onlnupuji,Bjhvz,14741,32,Male,4,55.53867868
Giot,Dqudyl,12796,49,Male,0,53.94210342
Qfsh,Rrblujsc,11226,83,Other,3,59.44177874
Lliz,Aflzfab,3743,57,Female,4,68.18676212
Ggzjeh,Kikm,1761,82,Female,2,50.02237781
Fgzqthv,Vbpqdkxd,8835,97,Female,2,66.2025158
Gmyr,Uxbvyq,1913,46,Male,4,71.64955046
Rtnnamt,Ykcya,17798,57,Other,0,58.37410742
Jishxdh,Jyrf,18350,74,Female,0,43.15851678
Pxmpxl,Jiczzyqo,6025,90,Other,2,71.86166872
Wmqdir,Ywbuhrtn,16261,48,Female,0,23.48105209
Gcablxb,Xayiengh,9467,85,Female,4,73.90585821
Xscd,Xogmduozb,4610,96,Male,3,51.23024341
Ojlz,Kecbiinn,15652,78,Female,3,44.03124371
Nisqeoxl,Trcrndwq,10124,18,Male,2,81.24896049
Mshvm,Cqxmusf,8193,75,,4,61.99446528
Jqsed,Bnmrmnq,13540,58,Other,1,39.61316349
Cwkmi,Fbouvr,13584,97,Male,4,79.36915915
Ffprghbhf,Bvmthc,17607,44,Male,0,58.68911984
Iinyqv,Xkwvcm,12133,93,Other,2,62.83344489
Laoabxwvk,Ikfcl,18825,37,Female,2,72.16033474
Pazx,Qazwvqkev,9646,20,Other,2,52.90886278
Hgtijs,Agkolv,3915,64,Female,3,80.06561626
Wlof,Tghbxj,2442,86,Female,4,36.69685802
Ahib,Woeapxpk,6072,44,Female,3,44.49764483
Mpjt,Xjjez,11339,48,Male,0,58.98028316
Xbqcf,Lpvc,16893,73,Female,1,51.68744063
Rxmsh,Icalsk,3074,94,Other,3,41.22231643
Mngjsr,Azrxoic,16710,22,,4,58.53660121
Dyej,Cvngz,15244,18,Male,4,79.22553648
Qifcwxin,Qopl,11467,79,Male,2,60.38040916
Fmsk,Exhct,13633,60,Other,0,65.28526875
Ctoprag,Gxinm,1795,45,Male,1,63.53346867
Eccnzjyp,Oagul,4820,50,Female,1,45.8702713
Olkpan,Lneuy,15229,73,Male,8,62.60910105
Skxzcn,Dqvddumkk,5377,67,Female,3,59.61382178
Lovuwpb,Etvrjos,5644,44,Male,1,63.8566546
Baar,Hyzm,2019,87,Female,1,66.79268297
Fujfgrge,Aoflovrrw,19627,66,Male,0,38.82444
Cosyku,Zcbesq,15082,98,Male,1,66.23316033
Esvdqj,Pnqey,9122,29,Female,3,74.1640247
Tnbzn,Mcxqpf,2041,86,Female,4,68.38521029
Fjvymcjp,Mdkgkzaqh,9912,73,Female,6,88.63652614
Amqcugr,Sbwr,9656,75,Female,0,56.30368454
Woxdaa,Kederjkm,13592,83,Female,4,49.57443996
Waoioirjz,Cbpw,4782,58,Female,3,63.15982906
Bcpvo,Zfdu,12266,19,Male,2,47.78926344
Qbqhqn,Wdjx,10556,66,Male,3,53.95662358
Ekgkmbm,Zppyilrwe,13246,41,Female,4,73.16745243
Mdnwxxl,Uptswu,7210,48,Male,2,69.8023735
Jozko,Gtnq,2953,40,Male,4,71.45053969
Yoosiwod,Orrr,12100,63,Male,1,65.04566412
Nyvxhib,Bcgrmmjqf,17888,78,Male,0,54.73610127
Kqqobuza,Pgxgpexql,1457,91,,0,77.17498593
Afjvcux,Hbaqdtl,6289,66,Male,2,61.03977365
Rkkmgmkba,Onxlrmt,17235,95,Female,3,70.03669996
Pzwt,Poyfn,1719,46,Male,2,53.297228
Immux,Uptsmpljr,9449,60,Female,3,50.52438525
Nstllkgw,Ezeedo,11865,35,Male,2,76.8304068
Yemow,Oexnchsk,5511,64,Male,1,52.74467274
Phqmyr,Vhkae,12273,87,Female,4,66.18161528
Murfx,Ghamnun,4254,98,Male,0,52.29045939
Ivref,Asdb,14685,89,Male,3,49.44664064
Ihlxq,Qqith,3217,25,Female,2,80.21962373
Ubzo,Rreq,9241,52,Male,4,85.87283662
Zegbu,Vrruhv,4414,73,Male,1,56.276586
Inol,Bsyoqzkmz,3460,79,Male,3,36.37026767
Ynkccjabn,Bfowo,5202,82,Male,3,69.07305674
Hbsxjphd,Jcqrveicv,16901,98,Female,1,70.86562809
Ienao,Dccpkpq,2135,44,Female,0,66.22014443
Ofueluwje,Baxcc,8320,25,Female,0,48.53078831
Qkil,Usxb,12381,92,Other,4,62.88539843
Intwu,Tstahd,4172,20,Male,1,73.61461477
Cmrhfipd,Ogiyf,8109,41,Female,1,62.72589709
Xoleas,Tnmgyx,6806,18,Female,4,75.24037354
Mdvgsyulk,Rllur,8541,61,Female,1,52.83892646
Umuvyoa,Jejam,14075,47,Female,1,56.35764884
Vwswjs,Ziaiztinx,7599,25,Male,4,45.42881009
Nabz,Bbftmaes,15384,73,,4,63.7928905
Ytyla,Wkanyq,12416,96,Other,2,57.47901773
Drfjw,Kcxvqldrw,6176,84,Male,2,33.37999543
Mjvu,Gzqmbnet,9820,43,Male,2,48.18806229
Ygxdfgdef,Fmaqruwt,12420,31,Female,3,53.00003839
Eypbw,Fuqevxvjm,7579,83,Other,2,74.45820361
Hoylf,Lvdkgnsl,8080,20,Male,3,55.54373943
Zaeayge,Mdwp,18095,54,Other,1,53.44436249
Lytu,Elqplv,11280,27,Other,3,51.3483987
Kubdo,Tqetbcquz,5209,29,Female,1,59.02002648
Eqdwfy,Ajfridpz,10070,68,Male,4,56.11489876
Twbigike,Ecuzv,1014,46,Female,4,41.885004
Jgxultux,Xdpekj,3728,24,Male,1,48.69366567
Iintte,Jpmalwr,11750,71,Female,4,62.42483768
Hgyswql,Vlpp,11104,23,Male,4,52.27047726
Ovotxz,Wcnjj,11592,32,Female,0,62.12589949
Moclkqjn,Navozx,2150,56,Male,1,51.11545204
Piznexnzo,Epdpayrv,3771,29,Female,0,60.86412227
Iznpaybp,Bvbocn,1462,41,Female,4,43.08412528
Znddks,Yqjun,10581,67,Female,3,54.92390142
Chxr,Pnujkkxum,4757,27,Male,0,58.47790468
Uoeaqgyy,Uwszuau,6455,44,Female,3,72.64006703
Dtchyxc,Lovqqtbr,10021,27,Other,1,56.05103189
Fearsi,Xszl,18028,82,Female,1,60.46134308
Acka,Eqtgwuxyg,17800,84,Female,4,49.82636841
Mchdild,Abgecgo,12349,26,Male,3,57.31847626
Vcye,Pxnvvjwot,19339,25,Female,2,50.00059955
Irgdy,Vxtsgswk,3913,93,Female,1,58.83641338
Qttkgdocc,Hmmphvqy,14586,52,Male,1,71.52014881
Uiqvci,Dfyiytmzp,17473,49,Male,3,37.80608787
Ltselp,Ultzxjb,14407,94,Male,0,53.89227308
Uadlvzrr,Mxjm,5020,57,Female,1,38.25195323
Vhupck,Kfomzx,3633,84,Male,2,45.80440873
Dolf,Iynpqeg,16170,26,,2,49.4717162
Ctzfib,Zrjpgyz,11621,61,Female,2,65.33074819
Ecvktmbwu,Dxnsb,6706,29,Female,4,40.21683164
Ftrne,Ppqx,10717,59,Female,3,71.01480985
Gvrojirqe,Oxrml,8898,29,Male,0,66.27159557
Jqcevpfov,Pvibjmslc,15318,49,Female,1,61.67834665
Qsdkamh,Htraf,10395,33,Male,3,64.17757945
Qyaxpz,Dtlrwkwb,2027,30,Female,2,71.11785626
Ygmjbil,Ghjfxhg,1750,92,Male,4,51.2283841
Nsng,Ffipfj,1269,72,Female,2,44.27080614
Lmpvju,Rdfcrz,9824,69,Male,0,67.2746098
Rfaxom,Awbl,3496,83,Female,1,50.48421191
Dooambnm,Xbklko,11260,76,Female,1,59.77494791
Xzkczhyo,Mggxpb,11384,30,Other,0,57.42953907
Mbtf,Hfrhzfvc,10418,72,Female,2,85.32175591
Gewxaxdh,Cqjqizm,2587,90,Male,4,66.00415371
Yswsglbg,Hdkawle,9153,24,,1,66.46042259
Ufsiguzcp,Lvkjfuusj,17928,72,Male,0,47.35182665
Saud,Kxskzh,5588,92,Male,4,53.98433926
Twpumqhoe,Telkcsgb,9505,31,Male,0,32.44262934
Hzcyuikbl,Iykot,2837,50,Female,4,56.18396804
Hpov,Fogjmwcgn,13734,87,Female,1,49.56309062
Jakx,Fqtuaoyty,14716,18,Male,0,45.71683345
Lugpaicqx,Fxjz,19808,97,Female,0,58.42793558
Fyqsko,Jrav,8387,82,Female,1,66.27799249
Nugegighe,Gdsfsr,9305,61,Female,0,64.50239721
Mpjreznrg,Xtyqd,11248,87,Female,3,59.52385538
Frtmiu,Jsbcvqd,17039,26,Female,1,66.46309876
Zbmx,Qvubyi,15706,32,Female,0,67.13525123
Qsxuuxbtl,Gwlq,5026,53,Female,4,61.5455567
Xcnj,Yftn,14882,68,Male,4,65.24349987
Gclads,Fvipsb,13270,22,Other,2,76.31343923
Imkqp,Zhvidnr,6555,21,Male,2,68.02546694
Wmqvtf,Urepps,2680,25,Male,3,59.03019677
Ytdxt,Infqognqn,8569,41,Male,4,65.27634668
Rlhjrht,Moxv,16640,78,Male,4,64.37050568
Awxdu,Optnt,13573,23,Female,9,60.78246668
Vmyeo,Hqcbtm,2002,27,,2,55.4064265
Ojqy,Cwfqwafm,8814,90,Male,0,45.59060971
Yuaps,Bgwml,3657,34,Male,0,70.33594323
Mspllthk,Yyhhptta,11102,45,Female,3,57.26593707
Ksbhankt,Elsucfg,4225,68,Other,0,67.72300706
Vkaigan,Rdxbc,6984,46,Female,4,65.5856726
Nxzfisj,Kcvlmog,5216,88,Female,2,56.46236758
Pclutd,Yixvmzyt,15341,63,Male,3,67.44624466
Dvpftx,Swwwscr,1497,77,Female,1,71.52581632
Abwauzutp,Nwwll,18444,21,Female,1,31.92923756
Vtzpe,Vheuwo,14562,78,Female,1,44.60701543
Vxcf,Rdqgizmc,19630,91,Female,1,83.15521765
Msfww,Rwry,9078,93,Female,4,55.782641
Dhkrfghva,Ueikhwcf,17378,83,Male,2,66.83226035
Tpmqpaa,Jgkoay,10230,87,Female,6,79.1698359
Lyrt,Qqqikgpm,9799,80,Male,2,29.22330253
Tmvmk,Hxlaiewo,14245,75,Female,4,78.67612486
Jnexz,Hneie,15139,72,Male,0,76.93459992
Tdwnaags,Khiw,16424,70,Female,3,49.59187536
Ohfej,Wqyghayq,2912,66,Male,4,59.99515822
Uxquwgy,Sbfaofzc,6381,42,Male,0,55.05140723
Xxkgfqn,Rmuvdwjhl,12708,76,Male,2,50.61436129
Kmhn,Vsygzyqa,7634,20,Female,3,64.33637105
Bilfgpl,Gcdkjjstc,9166,59,Female,4,72.64019374
Mmkuwha,Psbggcde,5952,46,Female,1,55.69342397
Ehdw,Dimcq,8251,85,,0,56.53719448
Kvuxfz,Cflo,10857,57,Female,4,55.96258243
Dturgptq,Cahdo,5761,28,Male,1,69.2912391
Aqwl,Oiozcv,7104,35,,1,44.28780444
Szbggt,Ubqlme,9205,72,Female,0,61.03715629
Vosnou,Xvkario,1892,29,Female,3,62.83075796
Vrrrv,Xbczjw,6939,27,Male,1,49.94737626
Rddxotmee,Zqyh,8622,85,Other,0,63.05832032
Yllgcc,Qnfjr,14676,18,Female,7,77.24163527
Jcjebzbsy,Vrwzdfqs,6139,49,Male,2,48.20722244
Eadcag,Qjcfayg,8974,44,Male,2,57.84656384
Zxnrdkhh,Rurfo,5221,22,Female,0,52.99493299
Wsnfqfdt,Paaxceul,18432,40,Male,1,54.79504968
Kvpuh,Mmnvnx,9124,18,Female,3,65.45011502
Ojysi,Xniaww,19387,37,Male,0,59.69872258
Qimdfjbnw,Lxwgjeiq,1689,73,Male,5,78.781218
Aivyhkqk,Bmot,19232,84,Male,8,49.0657013
Ochs,Gnamt,7546,63,Female,4,44.90487519
Vtydxsyxg,Unuaq,3043,52,Female,2,41.04419611
Frymzo,Lpvdddrrp,14501,64,Female,4,72.08802335
Yyihdi,Sgilkjzo,6498,96,Male,4,66.87415644
Lggtm,Axyfqz,13485,19,Female,0,53.57622308
Xpgrgqg,Lnotbe,17565,43,,2,57.3738613
Ladnppr,Rcxebvgq,13710,24,Male,4,56.88102308
Krodrkzy,Qpjjvqy,7962,33,Male,0,63.86681687
Qdnhts,Qhxkwrebp,19652,28,Female,1,39.28496156
Gbvl,Xwjgvw,17160,36,Male,4,75.2459025
Izhdf,Qjejsz,4376,51,Male,1,60.2539158
Tfsoevu,Twrlgb,5154,72,Female,1,64.79334196
Toolohfsu,Whimlnxm,3816,68,Female,4,64.81564268
Rzdv,Koszejf,1381,45,Male,2,62.7200961
Asabeuyr,Zfhrjdf,3678,35,Male,1,49.06096874
Khecbga,Vkodig,1345,26,Male,9,61.36428586
Vobzhkwm,Lonnlaai,19893,86,Male,2,57.30166917
Hbcthwchj,Wllta,13971,53,Female,2,75.14712785
Cgjhexe,Lhil,15758,27,Other,2,62.26282363
Ligg,Ahivihgr,10037,86,Female,4,76.03358532
Nftka,Vycxm,14515,96,Female,0,68.87150916
Xwnsf,Bzujk,12314,45,Female,0,56.99616908
Tajbpvd,Eryzskp,13985,23,Other,3,50.86246748
Ozwnenil,Xcjm,9462,86,Female,4,47.31897213
Mjowrs,Nznwdg,3511,56,Male,1,55.50924417
Emoschbc,Ohtyqmnhn,6168,41,Female,4,77.58783186
Aspzo,Zglxzsf,18888,46,Female,2,50.01344653
Hjkesbfpo,Vabg,7877,36,Other,2,60.49494012
Giakx,Upph,2485,80,Female,3,57.53446637
Lyitxr,Xiypmmqr,18418,41,Other,3,56.87841892
Egedafvum,Wwjtvpgfh,19995,27,Male,1,62.74124555
Kgaymxu,Ffln,3196,31,Male,2,57.04612635
Cwszoa,Iqezb,15622,93,Other,0,66.13298902
Ymdqxak,Dfaciw,9158,75,Male,5,57.97176049
Bhvpzrjih,Lbapqoevm,15765,64,,5,87.10627549
Wxtsyoo,Qzqfa,5406,21,Female,1,43.48653235
Uogdpxe,Uxkydlv,17701,66,Male,2,75.78516725
Yrrrgtqpk,Fbwpzncur,10475,26,Male,0,61.19842796
Cofuaufdu,Ngyvyqxu,1442,57,Male,1,43.94258313
Ofwdmm,Pkpt,5841,93,,0,70.81994021
Agey,Qsjzkanl,12508,59,Male,6,62.4778812
Iekquqlu,Rciye,12730,18,Female,4,64.39600089
Vsoxx,Uvckn,13026,71,Female,1,62.7605725
Jtjdxtk,Vlucksq,10743,62,Male,1,71.40303519
Awgliluab,Svohqem,17441,90,Male,0,42.77253892
Mmtdj,Knizor,9306,82,Male,3,57.58804165
Zjmtsv,Wklgm,5378,79,Male,0,56.34241244
Mtgjnoft,Tsjaautce,1737,56,Female,1,50.72141957
Trutlbemd,Dzcgkogu,18077,19,Female,1,51.67534762
Yyatjblr,Reskrh,7540,69,Male,3,83.87648729
Fjolpd,Xmuneg,14005,42,Male,2,31.58918654
Hoqdkm,Iqof,12120,77,Female,4,70.84858235
Rpwwsmz,Oqulcjz,16516,27,Female,5,63.89325465
Yrkoqq,Vszrlcs,10876,95,Female,3,29.12717177
Uzqsg,Eqvr,15430,48,Female,2,56.82721641
Rvif,Huzfa,5565,39,Female,3,43.36901012
Mkyk,Lmogsmdkf,16579,56,Other,8,58.31320455
Xeufues,Tthk,10696,42,Male,4,74.44342552
Ibcpkahr,Bjywsntc,11874,42,Female,4,71.97088903
Caelkuife,Plligjq,12436,31,Other,1,68.86959183
Xucxgtl,Mjlpduj,13474,31,Female,0,58.21900862
Hqiz,Qymewaofr,17898,85,Female,4,58.93042413
Qoeem,Xeocqhxgt,14148,52,Male,0,63.91927942
Gkyyupqx,Jetezjwt,17433,98,Female,1,66.28439543
Upng,Epopqxx,10761,29,Female,0,60.39120895
Giedcbso,Wwcc,8708,68,Other,2,67.08351935
Ffyxyieoa,Nbyvaeo,7186,86,Female,0,55.97337615
Ckupxtd,Tbwi,15133,93,Male,0,51.71708178
Yjwsg,Hqaxq,8090,77,Male,0,63.45819178
Larnrafs,Imof,9688,85,Female,3,53.64161995
Watkolmgo,Mmbwwjbc,6485,63,Female,1,60.4812597
Fhmtra,Idwnbh,17700,49,Male,2,48.37167759
Afrxl,Krbctzthy,5596,28,Other,8,43.64867464
Ejapue,Spnmb,17590,74,Female,2,63.91699346
Zdxzs,Arzsyeppr,16592,85,Male,1,56.41764535
Ofdwuvumt,Zyedtn,12197,63,Female,3,70.29736663
Xofi,Lnrzvt,9486,71,Female,1,55.21815722
Cykokp,Mgguzvqqn,15202,77,Female,1,34.64797306
Bamwd,Snau,10884,40,Female,4,43.85853151
Wiiyg,Elgpsj,15949,51,Female,3,63.66388418
Tmvzx,Homrx,2709,43,Male,2,67.03476922
Bmwld,Ntva,7367,87,Male,8,55.99087236
Tgkdxc,Xmdpau,9421,80,Male,2,51.03550668
Awywm,Exynz,16034,66,Female,4,60.4947994
Zbxkwvde,Wgykbcfcz,3253,46,Female,0,47.51711729
Iipwurj,Wacpuzwno,1598,26,Female,2,60.39802593
Jnjvfzd,Hxxdkrjhw,7594,30,Male,1,73.37924993
Qchpp,Rzoici,4382,66,Female,2,39.79449845
Kbarijle,Pcba,9400,96,Male,2,68.57121037
Aqxajkax,Dbywtzv,1034,53,Male,2,57.51726693
Fkfx,Puyeebd,8096,65,Female,1,67.71557519
Uijo,Ottr,7062,95,Male,3,55.63183889
Qvqt,Lhegu,6688,69,Male,4,67.05275713
Qldcywd,Ajmvcx,12808,69,Female,0,74.97402193
Ucnpxrmx,Unmcg,9771,68,Female,0,51.11403388
Dpbzjhvub,Xemj,1295,53,Male,3,60.49280179
Pdfo,Bayzm,1540,38,Male,2,74.62876671
Rpzor,Bovdcj,1676,56,Male,3,57.06103334
Lcwls,Slsqesfw,6487,22,Other,1,47.23504834
Mklopall,Isdox,11171,92,Male,2,56.56036728
Wyqmpq,Zdlth,8737,27,Female,3,51.14018255
Aydkrd,Uktitmbtv,13879,86,Male,4,59.36199547
Hmftgw,Syzjeinbi,17377,45,Female,1,71.29044726
Cjelktd,Inpw,12903,88,Female,2,77.96168769
Gtqt,Pzundoa,12623,35,Female,8,42.60576543
Papgogs,Ffjp,3877,60,Female,4,67.33791112
Zjmgqxji,Tjham,18331,35,Female,4,37.72565516
Lvbjwsmb,Srqtilp,19897,90,Female,3,62.38634597
Vofy,Xcalbl,1810,89,Male,0,53.65105449
Ccrmvmq,Vhnh,6642,83,Male,0,52.20771127
Qvztcx,Vlryzhg,1467,78,Female,1,62.65585638
Mabn,Nqcrpkqm,19089,19,Male,2,52.99664662
Jmjywbp,Hqskprg,12560,25,Female,2,86.99906758
Naakqy,Flljy,7835,81,Female,0,47.17832576
Zwfdotg,Emzg,13581,85,Female,2,58.35551639
Rxqzcwj,Ctgtba,7449,45,Female,2,54.19707633
Myksk,Iehskyb,11461,36,Female,0,39.33161653
Xxeqsa,Pzynoy,7044,25,Female,3,51.85296668
Ckrivpo,Arlhrhdye,6859,75,Female,3,72.45991829
Scpx,Qdxlv,17262,78,Female,0,43.52832701
Plsagkp,Ngtbb,17933,62,Male,3,33.20643185
Ebimlraya,Brzsgkqi,17568,73,Female,1,70.66824881
Xmcpsmmcs,Mtabgfy,14359,38,Female,2,40.79395461
Vietjagrw,Ntcscen,19238,82,Other,9,62.66875672
Rwzww,Oaeyb,1090,22,Male,2,42.46496275
Lgeiptq,Twox,2774,98,,1,52.61521709
Knhd,Wbgwo,15291,39,Female,0,75.21011158
Tllgk,Pjmvanf,17987,35,Female,1,74.96361139
Jnegrur,Ctkkc,18485,98,Female,4,62.8225706
Vdocssi,Ofacardrr,17464,73,Other,0,52.51062467
Obvu,Uauffgazj,3792,49,Male,4,45.6044845
Wkos,Dozp,14740,85,Male,4,80.03082295
Hzszbjbif,Dikfekhno,11168,62,Male,0,73.33654965
Wdytpylt,Xswnwpt,11870,90,Female,0,53.05950793
Esiedvp,Bhebvebcj,7195,57,Other,3,57.18103577
Wvcha,Cqenw,3014,27,Female,4,69.17740851
Ihpn,Mbfz,12112,72,Female,2,91.03904661
Frqyueml,Lsnskmh,5527,52,Female,0,96.34950912
Ynlalh,Fszdmrp,11358,50,Male,4,65.85004083
Rtbebbggo,Yhtpmt,9991,92,Male,4,67.13346398
Dxudw,Ajpo,16926,89,Male,4,70.02462173
Ntpfurgty,Vvzcswyg,16769,71,Female,3,46.2403534
Relrn,Gboxwrh,19575,28,Male,1,68.52992663
Gmvgm,Ytdgggyz,9833,72,Male,0,57.92342556
Wqwkvrix,Odggsjxb,3552,76,Male,3,59.47185847
Ipmypxsfj,Rgxg,18764,38,Male,2,37.80369078
Ybkco,Pjzd,6229,24,Female,0,51.5753059
Dtmxks,Dwaa,4528,48,Female,4,48.7509179
Eytk,Jvsebmgr,9485,59,Female,3,61.06384044
Edejjpdkd,Rgyzxufm,14256,30,Female,0,74.62273926
Fiii,Uojo,15673,82,Male,2,79.01457284
Iqdv,Guutezog,14804,80,Male,2,51.66619738
Gwfaqvp,Ghthlsb,18435,40,Male,3,68.47224524
Qyhx,Voavtalnf,14734,53,Female,0,63.858325
Rnsrdekz,Avfmj,5141,75,Other,1,63.77397545
Qrrole,Nfbjehjr,4683,41,,4,47.33433974
Hbzwvu,Hshfo,4651,73,Male,2,77.30014729
Rsyljvf,Grrbihvno,7095,43,Female,1,50.16515776
Bzsmmgzg,Mdzufjq,18387,57,Male,2,46.67777237
Fkrgqw,Xuqhev,10640,98,Other,1,74.50970826
Gnigzc,Yqduanmta,4277,95,,3,52.94735179
Uzsuxy,Vylqjdd,14951,76,Female,2,37.76122075
Aufvbgn,Cfjpbdlsw,9592,77,Female,2,57.91200359
Wxfbdjfex,Vczig,10048,33,Male,3,63.30407851
Qetgblsy,Wxla,4625,49,Male,0,70.04174854
Upanvgy,Zjbtfg,12655,63,Female,4,54.26644214
Ktoqc,Wnjzmzf,17681,84,Other,2,58.20866477
Vryyzotit,Yqnktb,3448,87,Male,0,54.26574258
Awqjeuon,Ycgsr,1264,72,Female,1,69.76020659
Nyag,Bmrkjudm,2340,93,Female,2,60.93306378
Fyjuvuppm,Crkdyzkh,1485,61,Female,6,59.29452619
Moxxnsze,Rkhlp,5538,83,Female,4,50.93395038
Igcbcpcad,Cjkpjpv,17965,97,Female,2,64.91413214
Ukzdvx,Sjgqijy,14372,55,Male,3,68.72103682
Gvzovort,Mrmg,13617,90,Other,3,59.16011471
Ncaawxgk,Ooycue,19532,32,Female,2,70.37750647
Wwwl,Ywhlihlsq,1886,31,Female,2,68.41287809
Buun,Andfyfxo,11265,83,Female,0,38.39200582
Qcfgunctk,Vnxanyer,5601,95,Female,3,59.15442199
Kbgmqslku,Ojfswsve,3787,60,Other,4,30.65668474
Mpqfoxupq,Nqhszxfew,13846,18,Other,4,77.89103573
Mazheif,Lcxymvpop,8376,45,Male,0,36.60820565
Jljgwibms,Hhwczrx,18546,59,Other,2,63.01620133
Lvrvik,Vksyz,7856,19,Male,0,58.30164844
Jqapsqaji,Blyyp,14514,47,Male,1,81.4478765
Daqaaoshc,Fypz,1904,86,Male,2,57.34572876
Cqkw,Dqrbdrcp,2545,31,Male,2,53.788555
Jlmutn,Apblqbtqa,14087,58,Female,1,55.05381539
Aswxrxqg,Wvtlwi,5341,72,Other,4,72.50613433
Sxfolmgdn,Fezjp,10738,78,Female,1,51.63247665
Blyleinac,Vdka,14326,88,Male,5,51.47250843
Mxvqhc,Wshjbu,18923,89,Female,4,71.90391238
Gisqumb,Pbzf,2794,72,Other,2,60.14446142
Ipyrffaze,Gsray,15604,98,Male,1,60.92978306
Szmvgjf,Qrkaics,5764,93,Other,3,77.86242806
Lajfenoth,Efcdtyeqs,19500,67,Other,3,41.08074676
Szifwwiy,Dwhoekuyc,18120,55,Female,1,66.08078489
Oltjnjq,Fgctndz,6516,38,Female,3,51.03995731
Soesbh,Tvgg,3925,31,Female,2,70.85635693
Rdxebwvtd,Ngmjdz,16387,28,Other,1,36.3125539
Pvhuay,Hejqco,10430,72,,4,32.96770947
Gwuijl,Zqdszkbpx,9777,56,Male,0,71.79703176
Jyunwnumv,Vcgmmlq,18798,28,Female,3,57.50023368
Fmojhf,Wxlyj,7934,94,Male,2,52.75163689
Evgdcvg,Jbap,14210,41,,4,56.30990779
Eqrgnlo,Kxnfivyh,1294,81,Male,3,83.25215293
Znvfkjiez,Ghit,2689,62,Male,0,45.08255236
Oktzq,Zcyey,3299,61,,2,82.19657432
Lwwbluqq,Jfroda,1336,67,Male,3,68.87588283
Qfkl,Mjrno,10327,22,Male,2,61.90387028
Edqwazarn,Rmodn,6062,66,Male,1,61.60553917
Vxkeyxb,Uzuvsubpx,5615,87,Female,1,72.35482542
Kbwshj,Vmiaavti,17623,20,Male,3,70.0400744
Mjothfiz,Gghufq,5410,72,Female,7,53.98595408
Vrfoafyg,Ipfd,4752,61,Male,2,68.37094343
Lurspeqh,Dcholrj,11886,21,,3,46.79579752
Ljkm,Omhzkwpu,19245,22,Female,3,73.80794235
Ewvljymrx,Omydmtjr,18595,77,Male,2,57.55669383
Xpdplakp,Knllozp,5763,29,Male,3,54.29115124
Pbqye,Leaa,11822,30,Female,1,49.31216719
Axhwcfqth,Tyca,3050,90,Male,1,58.19742715
Dkymwp,Vprhy,3822,68,Female,3,58.71244618
Woxqjb,Uqgsmhlf,13223,89,Other,1,56.01286681
Ibriv,Pswxozgf,18897,41,Other,6,77.87917914
Socikzgv,Gakfhh,9318,45,Female,1,52.19924106
Qhvwysai,Klflpw,15780,71,Female,4,53.09504226
Cwjdn,Xscmpi,18474,79,Male,0,36.88603239
Mvatic,Aimyvfg,16898,24,Female,4,66.31447072
Ytkunm,Xdsf,16418,97,Male,2,65.03464558
Ejuicxsyj,Jxvmwh,3764,83,Male,4,60.14480654
Sfkpri,Qsnwqfzgl,3649,29,Male,4,72.08932152
Qajao,Blmzgjbyv,18080,83,Female,2,62.97746984
Oaanvwk,Tutuua,15377,36,Female,3,42.66087115
Xtbjdqidw,Xifzepmst,19541,82,Female,1,63.44406326
Pyxamaxbh,Eizkm,14215,87,Male,4,66.18349309
Wveuvtz,Zxhrnwfv,16729,90,Female,4,52.33025298
Jzwqjqu,Dtahxua,14954,20,Female,3,75.77710917
Kgjwquf,Ctidotq,3425,42,Male,2,58.53290373
Knhnmjfc,Sxdn,8186,88,,1,55.95604349
Segq,Nrbztwee,5709,66,Female,0,67.35206715
Iwgtxfxbb,Qsvpw,14094,49,Female,4,60.08117368
Druogl,Uvwphixok,11269,45,Female,2,69.77850221
Lsrblwnxl,Fqmr,18953,26,Male,3,74.64965046
Xwvdowyy,Jnppww,3309,49,Male,9,80.05722927
Ghnohvuhy,Jcdvcvyl,5691,96,Male,0,39.94959194
Ztfqjuhbl,Wqsukl,19590,19,Male,2,39.53071861
Dhuvq,Ttqsnta,2128,35,Female,2,61.25811753
Vgxjgkqy,Ncwsmxdep,18088,96,Female,4,62.55095935
Siphb,Ezlkz,4797,69,Female,1,68.76943849
Tifbane,Sisgwcj,19724,94,Female,4,67.01784566
Rbvkgju,Knrnjxg,9769,31,Female,0,61.27393995
Fxwaafcy,Wxmz,10919,89,Male,1,48.77399212
Hryor,Hjzlcw,19879,77,Female,8,53.54094126
Flbmfufb,Dvgen,16629,93,Female,0,63.15854118
Flqokeca,Pbutg,14176,48,Other,4,56.4236348
Sozmofm,Gzdsjt,11458,88,Other,2,52.33465865
Ghtj,Rifkefzj,16294,37,Female,1,43.46489525
Izawlgvzy,Ryhf,12312,75,Female,4,65.34466214
Bcwknnwl,Tmzn,8611,23,Male,2,75.070829
Nbvfegszc,Kyxd,17455,72,Female,2,68.35905697
Icpl,Zutndux,2231,74,Male,0,32.271787
Zzgpx,Aqdpxvpk,13578,37,Male,1,56.06362409
Xmkezwoby,Preyfd,12992,80,Male,2,78.19188749
Xhgzt,Dtwt,18837,33,Male,3,50.95942508
Xzgigi,Cpqny,1225,46,Female,2,67.65034193
Udikjorj,Vbatiggr,9184,27,Male,4,73.1700461
Keagy,Wxlzauhnl,3521,87,Male,2,75.98467418
Ntmlfdd,Ytjn,16574,28,Female,0,70.67231099
Rbwbtl,Stuolvsyv,4635,33,Female,3,61.26317855
Cyxmeyhuu,Dlwepz,13058,41,Male,4,70.40107042
Umobdhl,Jzdqetgx,15260,88,Male,2,64.64190637
Myrvpvwdb,Ockc,8991,85,Male,4,50.92660275
Qmxawe,Qhtjuxsvn,18073,26,Male,7,57.642136
Ztqrnm,Trrdspkrc,17639,39,Female,3,76.27859261
Rvwciy,Ilplzib,4658,30,Other,4,60.99678458
Coiumss,Rwyo,2319,87,Male,2,73.11692303
Cvmglw,Topsepjl,12753,19,Male,3,65.71504664
Hnzbjyvx,Felvfu,2302,85,,5,38.30418198
Olhbvqsw,Ukwgmd,12985,24,Female,5,61.10167751
Iemtpwsj,Styh,6892,48,Female,7,77.48509176
Aaxrbkk,Lncr,12170,71,Female,1,67.59631583
Cbjwkqu,Qfojb,9823,98,Male,1,51.28208705
Olendvp,Gwky,17775,47,Female,4,82.77171771
Ojhscn,Oflun,16831,29,Female,7,42.4512381
Emopm,Dxeuj,14732,46,Male,1,66.46417493
Zkswulvo,Icnjqdom,1042,79,Male,4,41.15934817
Kschqsnb,Bufau,18927,55,Female,0,56.95337493
Uadweqq,Tvba,16643,94,Male,0,63.88493709
Dfkuogmbd,Wutlt,12280,25,Male,3,55.43854505
Elri,Wnejbwaj,6266,89,Female,3,49.3243249
Dbtdnh,Qmntzn,18280,95,Male,4,74.93003889
Qfwunsg,Xwzn,16736,23,Male,1,49.50375997
Rgjhmyias,Dual,6403,33,Male,1,44.3430498
Vlyy,Yczbvbbs,13624,21,Male,4,52.82596301
Fsdylz,Mryzb,17715,45,Male,4,61.3532722
Jdxtqcgr,Wqawhhs,16849,91,Female,6,67.32307031
Kvvqixh,Jyrg,7980,26,Male,2,50.02348214
Vafp,Itvpntx,1894,29,Female,0,73.3979769
Dcablwt,Iawlmrn,15884,31,Female,6,45.92068443
Gviy,Pclmyxcj,6682,86,Male,0,45.08511061
Zcahplrmv,Qdcxndq,15472,36,Female,1,49.58927566
Ncqie,Glwa,11330,65,Female,3,68.23595902
Exfsmcku,Xjurrzi,18795,30,Male,3,64.55012976
Nzkxolv,Qpktf,15088,98,Male,0,72.32818965
Bdtzer,Dmjier,5721,47,Female,3,45.85342446
Eiddp,Emqnchdwv,15074,88,Female,0,54.6115668
Irbsdzvy,Jxoc,13826,78,Female,3,52.66617123
Unwqozn,Tgmphma,8773,69,Male,3,64.3011436
Zrmonzf,Nguoeowee,13079,89,,3,75.22646295
Iozqacjl,Irxlnfeec,13484,64,Female,1,60.81820373
Pujwj,Sxosqap,10673,72,Male,1,40.29338079
Xzxuyuz,Bzbhbxdm,8884,24,Female,0,44.54630035
Gtdqbf,Pvqucvpj,7926,98,Male,1,55.51184967
Nlllfksc,Fadx,9353,57,Female,1,49.14549099
Anqw,Txvunyq,8923,45,Female,1,84.82351872
Akjzi,Fvqtgijd,19888,41,Male,3,39.98922315
Cowvc,Xmdwayjyk,18411,84,Female,3,47.65856866
Ipqdnczhk,Qhcs,18612,71,Female,2,59.19093241
Hqhbznnaj,Tfra,12066,93,Male,1,43.59384306
Tdzhvbrw,Xzrsv,5799,89,,2,59.45833482
Kfcllf,Jocwtu,11553,46,Male,3,57.16199155
Uenauq,Gdgrw,8981,58,Male,1,49.53481483
Wevdman,Uyfg,5716,54,Male,1,54.66714318
Lawsls,Vjjiw,9411,96,,4,46.25481975
Qlsvd,Igkiqiek,6668,28,Other,1,61.47105769
Bnyklttys,Aafzo,4759,32,Female,4,71.4732894
Ngpcddu,Thjnae,15643,77,Male,4,44.32644796
Nplb,Jzmcyf,16722,89,Female,1,58.71967193
Sknyqucrk,Uvhyqcp,7711,25,Male,1,66.90777877
Tfjepxmm,Jqcblg,6948,68,Other,3,57.30514113
Iucric,Ycobwtsmb,12728,21,Male,0,81.30612616
Oznj,Ibvednr,9161,90,Female,2,72.97811193
Ereawebl,Kuay,3909,97,Male,4,49.09663177
Uwesmhcm,Fdsi,17276,79,Male,3,57.37047417
Cbrq,Miryvnbht,19289,58,Female,1,70.72851814
Okrvkpq,Qnhzd,10625,42,Male,3,52.0046878
Hkpy,Gyce,13769,53,Other,2,55.77061735
Wqywm,Akvjnqyxd,9959,74,Male,4,52.87611621
Gvzxag,Lvbfkt,7620,26,Male,4,64.57284468
Qtqthofb,Bczsfi,12598,91,Female,2,54.51081581
Dflh,Zqyurtw,14327,22,Other,1,53.18477003
Ctrb,Ezrhrcjv,11332,49,Male,8,63.81006178
Plxmtpbu,Peduifh,1679,89,Female,1,60.4335885
Wvoegnb,Yeiepkl,2419,41,Male,0,57.95621889
Eeugzkuju,Zynpgkt,7294,61,Male,0,74.03573163
Jgihwsqpg,Elabjiq,7455,58,Male,2,69.33320022
Unhxw,Oykgfas,19297,60,Female,1,56.00838696
Xlwkrsw,Ehclvv,16018,68,Male,0,48.56674898
Fsqke,Ckxivzp,3652,32,Male,4,63.36672005
Lcbnqfad,Bccumwhy,9219,63,Female,2,66.57054976
Slffaim,Pumbdn,17432,53,Male,3,64.06293961
Ffisykk,Ivykdwa,10429,92,Female,2,36.50575913
Tcuzjfd,Bxmtnb,19896,35,Male,1,69.29735264
Fodlgsp,Uscseoejt,19773,25,Male,3,68.85828702
Kmqdna,Uwriqvqip,11295,98,Male,3,68.40241783
Eamsvp,Ufishwxhw,13627,66,Female,3,76.60168458
Ilaphvo,Xufvnb,2784,93,Female,3,39.24703471
Nqohtg,Mfvpmbesq,4769,46,Other,4,42.43631071
Tzfzwey,Qwbmfzv,2924,29,Male,2,60.04568383
Bjmqeeaw,Jtbifb,11965,48,Male,4,70.73371517
Sdonnvgj,Npuq,6233,81,Male,1,54.03098495
Jqvdnxo,Jjtst,9720,33,Female,3,48.80425627
Zgzpg,Jktq,15356,27,Male,3,46.39997246
Edwi,Glawfkufk,11121,85,Male,0,38.32174303
Kfmujdl,Bvnntayak,14594,28,Female,1,83.0571983
Zporlx,Wpibcbhj,16784,92,Male,3,58.17584017
Ntxy,Ndskhin,13287,85,Other,1,63.15623763
Qiinuxr,Mnzsgt,8221,98,Female,3,87.15899322
Sehjc,Odaal,3938,54,Male,4,50.45033828
Extisxl,Ldlpjz,3627,71,Female,1,90.84144921
Hushty,Azxxmrkx,3989,37,Female,3,73.1515425
Qkwq,Lzhrd,1574,34,Female,3,63.56359813
Dhpa,Qlimd,11843,25,Female,2,59.56804328
Iljpfm,Okexqr,4138,19,Male,4,58.27003116
Kazjumkh,Zvexsdqox,8698,65,Female,2,48.04740835
Fgjkmze,Plsioaj,1661,47,Male,3,70.59335835
Elqe,Nqcqug,2351,91,Female,3,40.61143761
Lffiowyzl,Jjufvtb,4128,98,Male,0,57.11190984
Ewjpuha,Ftsygkoju,18103,19,Male,2,53.62262746
Pvxszvwjw,Mbluvgtmy,3997,83,Male,2,68.39276995
Rqvls,Atsiyxdf,13825,20,Male,2,70.87822197
Vkrpq,Ophe,5207,32,Male,1,64.80703597
Euuu,Hhovlbmef,7482,41,Male,2,60.04087142
Dgltmu,Kqzmqiuxc,10100,81,Male,1,53.35749437
Ylbfcy,Bfjhothne,10682,67,Male,8,71.73130236
Iykzn,Cipgqhnl,6201,79,Female,0,50.4691278
Qxzinc,Yfuaxiwdi,7019,39,Female,2,58.17341528
Wmvzrf,Ssgha,18610,80,,2,65.36405848
Pzoytehaa,Jzixdb,5486,49,Male,1,68.69024801
Kyyjlub,Gsapdz,5263,44,Female,0,60.82605759
Fndaaem,Cjdwqyk,18085,22,Male,0,38.34913814
Ebbzywlx,Egyfz,9450,29,Female,0,73.64256452
Viwdolu,Gwfr,18651,96,Female,1,63.08250406
Sjxwry,Yfrfhx,10944,84,Female,7,43.12614238
Hwkxg,Tvzcokr,5760,31,Female,3,60.40982758
Uqnrahob,Xjksko,9890,37,Female,0,57.04294731
Nnqhwt,Rdsuh,7698,54,Male,0,58.97875689
Xglrx,Qjxxbgo,3570,30,Male,8,59.45594303
Haookgtd,Nrmy,5467,83,Female,2,70.40323363
Dffhirmq,Rsfhztaz,14335,62,Female,4,62.63953633
Fltawqjq,Bjiwn,6963,78,Female,2,54.11420377
Gwcbpvbbb,Uzxiisa,7516,58,Female,6,60.43167922
Bosznx,Nznfj,1563,39,Male,2,54.73321328
Hckk,Mniuh,12516,45,Other,0,72.50367309
Celipq,Jgwrahr,16720,68,,0,66.74806542
Ujfdzf,Xmyokrwd,5135,95,Male,0,55.86804177
Sfrpsgqz,Qkglwyml,9875,88,Female,1,72.58957624
Droifgbgv,Ymvmqy,18273,91,Female,3,70.86284361
Ukfgy,Luvbey,10151,65,Female,3,52.11353455
Qknec,Rjmtwk,8227,82,Female,0,74.07444176
Qpjiqdt,Ljqyqa,1133,49,Male,1,52.78630991
Gtwcajrv,Hivvficj,5699,55,Male,1,77.10987333
Luysl,Fpmsewjea,7787,82,Male,4,78.79296927
Gtbpuvp,Puxv,1110,86,Male,2,43.41618751
Khcnppxgd,Wyyzmor,14703,74,Male,3,53.48004071
Gsype,Iogqeps,5166,67,Male,1,44.8602451
Veeml,Idbi,18348,89,Female,0,64.72247043
Lwdxmdrw,Jafvdlal,16891,52,Male,3,55.40830007
Fsyvdh,Huio,2345,79,Female,2,65.63241271
Murasydg,Xrqqhq,17492,69,Male,2,43.5505329
Xysqzeqj,Gkesn,11444,70,,1,58.67356357
Buon,Snhr,8208,38,Male,1,52.83339022
Nmuoth,Rljzvlhri,6714,46,Other,1,57.21348051
Rvaygh,Wpmihx,15962,91,Female,0,60.73569176
Iownnpc,Eezopfr,11374,97,Male,2,55.63128011
Ihnun,Sujbzqsqz,15502,97,Female,1,78.87095953
Adodnnjxi,Ivoi,8583,62,Female,0,60.30412259
Pqfgnvzcm,Wrhyohc,10022,20,Female,1,51.26294127
Gljkhl,Pxfpirric,7184,57,Female,4,60.25774936
Pddg,Dpgtcvm,4289,88,Male,0,38.8941728
Johtb,Ofuarakly,19175,69,Female,7,73.17316919
Qjwlgxroi,Hehzguo,17061,53,Male,3,42.64542198
Trssmvo,Ocwnatnl,9918,46,Other,0,47.99789001
Kekzyhzho,Nzvyqie,12554,63,Male,2,49.16048818
Rdwndbuw,Tngffr,10264,84,Female,3,60.99295916
Oycllm,Cucaelqj,8139,93,Female,3,37.60847127
Cqbsar,Rdputzhio,10363,63,Male,2,34.32664748
Ksnkq,Ddqsfkys,13860,25,Male,1,56.62145739
Keikewwx,Vytpqhoj,3145,48,Male,3,59.64743803
Olqwalmb,Vlgx,6740,54,Male,4,61.98368015
Gdnk,Huqvqqqv,19659,54,Male,3,77.32504586
Swkkz,Nfswgcj,4728,48,Male,4,53.23781605
Zodgdeq,Tjkker,4119,80,Female,1,61.93410173
Dzsk,Fkjot,5537,46,Female,0,50.19502683
Pkwem,Gxwk,16100,20,Female,3,65.68938227
Nqxpvrnsk,Xgbmnpvq,5724,53,Female,3,56.74848716
Krkbe,Gfcab,14846,90,Male,1,56.5002008
Xxkxw,Wddgu,9572,77,Female,4,73.8968632
Cdyjcajrx,Tkvvcrcr,7392,88,Male,4,49.72581228
Frdo,Fshl,6820,96,Female,4,44.58981089
Ucsloqip,Odql,3242,86,Male,1,64.22052398
Hrsxi,Urcpajtpc,9685,93,Male,4,62.9997357
Vuvzvdwn,Qwgszqxd,18803,66,Male,3,31.31861722
Lxcu,Wwrelgzfz,11716,31,Male,2,69.42401849
Czvvhcpqq,Zwwsy,13326,82,Male,3,55.76592656
Dbjqzykko,Crkqvrqxo,18881,32,Female,4,60.4089577
Anhm,Eeghr,12282,65,Female,3,58.49732383
Nbxfspzdh,Niygbli,13780,64,,7,75.18984374
Lbiemykua,Plglmll,17801,43,Male,3,49.13300066
Ijsodck,Qxvet,5124,73,Other,2,42.68621505
Iyjafezkc,Tbrlepewe,5978,73,Male,3,59.92015756
Joapj,Cokmzek,2139,23,Male,3,78.54027638
Nqdg,Dchfoz,11007,88,Female,8,59.24901086
Lnqzorefb,Gcgjzoa,15538,95,Female,4,53.63376138
Bbeecf,Ashnd,14626,29,Male,3,70.78959726
Doykuitwk,Wkcsbemc,7885,27,Male,3,70.19282347
Wyph,Pqwqfabtz,16358,52,Female,3,67.93315203
Iamfwqwkj,Aihk,7666,22,Female,4,79.17671744
Hzmlsl,Ccja,17609,63,Female,0,68.74842729
Tvwlyyhw,Xmzhlj,3874,25,Male,0,56.28881777
Mvebkl,Zglfblx,4197,57,Other,4,82.49601733
Cicmblez,Erxpja,17661,80,Other,0,66.7391851
Vghzdutxk,Vohpin,4984,63,Female,3,69.47899438
Azcesuoow,Qeyy,16288,92,Male,3,48.97537243
Tnsbpfkvq,Ezdhiy,6502,97,Female,2,45.72173232
Wnhklqad,Iprhkwd,2057,68,Male,2,63.49616325
Rasxynrz,Xbjnnev,7603,74,,1,62.42605199
Wpqi,Lvlh,8635,73,Female,0,72.02848102
Pwblbkdl,Juvtrgsvn,8887,58,,0,52.79019156
Hfoyuk,Iraafqekk,4117,50,Male,6,50.92105216
Pdpapgwwn,Ojky,13385,86,Female,1,35.57922428
Iuefnrr,Arsdwxhtp,14319,61,,0,54.96424456
Polreqvse,Gnlmqbf,3282,91,Male,4,29.02985906
Mpkoltd,Jjmqse,7967,78,Female,2,70.057753
Diovoiyej,Bfjydsmp,7511,91,Male,2,69.54624976
Uxszqns,Mfsiefevh,8159,53,Other,9,43.56713588
Cusj,Ecnls,17114,60,Female,0,73.49257479
Hexplh,Bvtkyo,3977,59,Male,2,54.18954564
Nxwvv,Qsgjijr,7273,39,Male,2,86.5074985
Pubu,Aeysmzd,4264,39,Female,0,50.16110485
Nfrkykkry,Bukeen,19915,21,Female,0,42.35081342
Ioatre,Owrkqmouw,7399,24,Female,1,35.11978845
Iwgqgqyg,Qtxk,15143,89,Male,4,68.3643029
Huqdwxscx,Lwxpr,13940,71,Male,3,53.63378379
Tftlwwzif,Kdyvliqiu,9588,30,Female,3,73.6072103
Fbvs,Qbllgkbu,16444,25,Male,3,44.35943334
Jmulyky,Ilzrbtw,1946,33,Male,3,78.8251676
Nphu,Fcuysdwa,18658,27,Female,3,72.05059829
Dcckif,Sgam,12317,69,Male,9,72.04957331
Xcvxiqm,Nalvdiclg,7747,27,Female,2,53.7683347
Krfomdjql,Pcyy,18036,52,Other,0,47.68818092
Xnmriur,Wgwlp,7474,89,,1,64.51589193
Zrvkkdbj,Zxza,15435,66,Female,5,48.76571496
Fhmbu,Gtecnntjb,8053,21,Female,0,56.1728352
Ekclzpmsh,Eugff,7948,55,,3,39.6214344
Jgnfwv,Neer,1229,68,Female,0,74.23388081
Vtqllzhcs,Gkvihpir,5697,31,Male,3,46.03313836
Jjwskn,Emjbruw,8752,73,Other,4,92.29975295
Louurx,Xhiofciv,15868,58,,4,59.43795109
Nwxoc,Hmxrfzm,16461,59,Other,0,50.23604098
Dxoxqf,Pumtldpkf,3995,28,Other,0,61.52624557
Lhsgpdz,Vmhaduy,10046,45,Female,1,84.08482221
Wqwlbgjzd,Innumlte,10503,29,Male,4,57.02173645
Agchxrxqa,Hdwzcop,13851,34,Male,4,55.86971318
Hgisygap,Ftkpdt,11782,22,Female,2,53.82258939
Okdztmy,Zoap,10747,18,,4,54.75676444
Psojwmfb,Lrypukr,3905,24,,1,56.23647602
Notieklu,Dncek,5079,25,Female,1,44.60947873
Rbfejos,Qbasmx,18933,68,Male,4,56.46309954
Puouutf,Uopio,13142,47,Male,0,61.41285794
Wwcvrcq,Fqdsnsq,3895,35,Male,2,63.40972057
Jgdbhs,Vcxqtiruu,8539,50,Male,0,67.81408913
Tggoxya,Alpcgdh,5459,82,Male,1,58.7941821
Dcrvuojv,Eznvn,14413,78,Female,1,65.56243918
Ajld,Fymp,18563,98,Male,2,54.23957568
Veiqigp,Kydymh,1584,50,Male,1,72.85647445
Ewvntywh,Cvokjq,16889,42,Male,1,72.69410037
Wplorja,Meqtre,18342,36,Male,0,80.17900138
Rcekqsv,Ifewb,5717,86,Female,0,39.62045895
Gyvjrxi,Ljomfbvs,13129,80,Male,3,42.35716443
Vkjofozg,Sojxeruv,5770,45,Male,4,72.07249586
Oeskxgaqb,Ndsq,19737,27,Male,3,79.18970565
Fftoi,Baol,11533,65,Other,4,66.10085893
Deet,Luung,6246,19,Male,3,76.50694822
Hqcsez,Yyon,12198,28,Female,1,61.45838506
Beilzh,Ilhjme,12873,63,Other,4,83.17033419
Pvarneifa,Jmgvaq,2238,79,Male,3,63.66439104
Tcgp,Amzptnfnx,6889,43,Other,1,63.47268077
Qjut,Vfdyml,15805,46,Other,1,60.45403428
Gqlnpq,Kbngqxy,14289,19,Female,4,65.11895402
Qcwrlqn,Ccmonk,14776,75,Female,1,52.02883886
Khxrp,Kimmgxyz,4139,95,Male,4,49.68068532
Bzlcbi,Ctqktou,4280,89,,0,51.07553611
Vresxwca,Aiutkohxi,17297,62,Female,0,47.16758903
Tdlgtsy,Gggs,5836,68,Male,0,68.46715393
Brtpds,Siby,9543,76,Female,2,45.44654605
Thhhlgdro,Phjim,12424,89,Female,4,61.18026745
Bhuww,Wmpl,7944,47,Male,2,66.38407153
Bjhl,Xuzim,11666,98,Male,4,78.22114599
Pfcgiyt,Xnfy,12889,19,Male,2,84.66147648
Ptkz,Hgrxdy,13085,85,,0,85.02659579
Akjai,Kxdiyam,7207,68,Female,0,48.76641139
Lthqo,Ehweztbos,7467,39,Female,0,45.02697963
Chymq,Ypiz,1581,31,Male,4,65.88436683
Lknevocke,Gmlcagr,3338,27,Female,3,53.11944159
Ihkt,Ktnukrq,8223,22,Female,3,43.39063311
Fmzrmvjv,Ufsbwckl,2263,88,Female,1,52.67185722
Tdsz,Yxrvw,5715,43,Male,3,65.08208176
Tjbhqdbwb,Fvzke,19723,53,Male,2,51.91783401
Xejixvx,Ssiwobur,11833,26,Female,0,57.72829468
Vccnrc,Gjmmsr,3540,77,Male,1,58.68463989
Kmzrslfo,Ddzzixu,9629,28,Male,0,68.3750776
Vnrdjeyxz,Alyhnugsv,4080,74,Female,4,29.72278269
Gbtq,Wfvq,14600,19,Male,3,55.14453177
Aiwfakvz,Siuhoiusd,10869,67,Male,1,37.94438945
Dydasxuwm,Szdqk,9016,62,Male,3,69.11080194
Htllbr,Pooipeee,6733,76,Male,3,46.81769321
Wgfztvlnu,Oetn,3545,43,Male,2,72.60890799
Xoifrju,Lswkmfmr,10591,98,Male,2,38.40976311
Subqp,Yokw,3434,75,Male,1,41.15043364
Txrb,Xzdyzyrxx,15355,79,Male,3,77.3574969
Qxdryr,Qtaqrwfqv,10381,82,Male,0,63.67936352
Jumqgquo,Qxjwe,8035,66,Male,3,34.7609245
Bprtnri,Plgmlbbm,5339,88,Female,3,63.02174861
Yxdmsh,Xsxh,13141,74,Female,0,58.33347389
Dygpfqni,Skvitu,4466,51,Male,2,65.03432618
Nznv,Xnslrcayo,2913,84,Female,8,49.80819624
Qlnodxy,Fwwahifn,19365,20,Female,0,44.59149954
Xzsvnbcp,Axic,3585,93,,4,69.73052383
Mwnovoasi,Wzyjlra,17852,37,Male,3,79.2175025
Hgzkcx,Kavv,8232,57,Female,4,73.95875163
Tlhjo,Gsdgztiri,16008,25,Female,2,56.48221433
Duayp,Egeiqblq,14908,50,Male,0,58.37758391
Khaypm,Qfgayr,9785,41,Female,4,74.62154138
Hsqnerd,Smtggr,7943,77,Male,1,66.51340767
Gsluoh,Rvqn,16350,72,Male,2,61.13553787
Wmvvsbugx,Svufyms,3940,67,Male,2,48.41188
Quurxe,Smtw,14746,90,Female,2,73.44225962
Pilfpcvt,Vxkfy,19325,55,Male,0,45.95682991
Larryz,Ptvsl,19697,30,,2,52.11687806
Vktqg,Obojylu,13288,46,Other,3,73.75749589
Icmc,Vpkws,8703,70,Female,3,55.1344566
Fvgh,Yppx,10386,72,Female,4,59.33224182
Zqont,Ruka,2397,78,Female,4,67.50917861
Opjqut,Qbefsixmq,12181,47,Male,0,52.41754637
Hnnc,Bechyam,7007,55,Female,2,58.86123506
Kxbhrnun,Wtrfv,11606,20,Female,1,67.9123579
Ubxosdp,Wacr,16183,81,Male,2,57.1415872
Xuodpj,Wufvxhrh,2614,89,Female,0,78.6311893
Slzma,Akubo,2654,48,Male,3,51.04886478
Jlbijreh,Ctmrzzfd,9098,75,Female,2,53.06809001
Llpr,Guwyoe,5024,35,Male,4,51.0894392
Xftutfbo,Wmtiwri,9526,29,Male,3,75.37749005
Cqty,Ynnx,1700,37,Male,4,72.37304056
Pqjgabltg,Crsvr,1493,50,Male,3,48.06263044
Gazvu,Asmqb,15103,44,,4,84.56130766
Bbgspzsbc,Qwgaokwc,12643,72,Male,7,68.79675078
Kpedl,Txfmk,12199,23,Female,0,44.43445793
Lsmvjsp,Ptkpvsl,14173,89,Other,0,68.04278418
Oqhrakgwb,Kpddjee,10655,50,Other,3,61.34818782
Mwmoem,Xvmug,2413,92,Other,0,77.99688521
Swmakjw,Zhzk,8629,57,Male,0,62.11443354
Zgqusmse,Ueuciygxe,14459,18,Female,0,62.4028144
Mlfcfwib,Eboabht,5260,58,Other,3,55.71101898
Lkkid,Uttll,13077,19,Male,4,76.15286051
Rmjxdxlq,Xsihb,10598,74,Male,1,65.81600324
Qqpm,Zxrufu,5208,81,Female,1,67.07974948
Fxgcbwyod,Blecbn,12513,67,Female,2,62.06168593
Mvat,Khupleijo,10215,72,Female,4,67.94155647
Anasxrzr,Cutgvwmh,19167,61,Other,4,60.12687108
Icghbqwjf,Wogdqfc,7166,37,Female,0,43.85462824
Wcsfhsj,Uxdq,3661,33,Female,3,85.51394467
Bzfy,Cgtj,4892,87,,4,52.51560187
Wnzecuial,Coob,11244,85,Male,1,66.62620395
Jhvpl,Yttvhs,2998,87,Male,3,61.36379593
Bffvprgzg,Iqwvngyt,12121,51,Male,3,61.92520223
Iwcesc,Egtbu,14475,60,Other,0,72.55427535
Ssmcu,Vxsdsdr,10521,43,Male,2,51.15771833
Pyxjtuix,Aycm,16534,63,Female,1,71.53167342
Ldjkyjsr,Qqzih,12923,32,Male,1,65.71753724
Duyjgd,Zolx,13773,93,Female,1,61.05644977
Zfrgw,Vzeqtoz,9483,41,Male,3,53.64729257
Wkppyzj,Qdyxb,3619,92,Male,0,42.69067861
Xfxnmmqmi,Uftwttw,17959,45,Male,4,51.66984334
Uskg,Oizq,9137,72,,1,52.7776716
Skzcxc,Onuwz,11652,79,Other,3,60.1474403
Wghpc,Qzhusai,16293,68,Male,3,51.45070858
Mqublrz,Jdjjlze,11289,27,Male,4,58.49959704
Gkwulmm,Mbcvkyt,17443,48,Male,4,57.16539985
Ampoor,Ozrlaccv,1215,84,Female,2,68.21531328
Rybofdf,Zmlz,4710,21,Female,1,72.94306369
Zyhq,Iazarvnbb,3351,69,Male,3,65.03256897
Wjshol,Ksyx,19035,31,Male,4,68.75359815
Ilpno,Zbuezz,10847,52,Male,3,45.43117304
Gpnijk,Bydap,12056,37,Female,1,56.42403542
Ohhv,Unbnc,13565,22,Female,2,46.64226236
Vvvihurmq,Izgiz,15284,73,Female,4,81.82859023
Hldmfk,Tsnaljf,3363,68,Female,1,74.11278027
Dttq,Yyfebg,15158,64,Other,1,65.01387794
Iyqmlto,Wkvhj,11433,67,Female,4,57.34345765
Ifktwdhk,Kowezaz,16916,37,Male,1,66.95000098
Dqfdc,Gsxn,3528,89,Female,3,59.53610577
Eyeu,Vwrxtuxg,14897,40,Male,1,43.81018289
Uypms,Vroek,13504,76,Male,9,51.16765964
Ebdmajoc,Igrknev,19324,94,Female,1,32.37446527
Ivfkbfk,Bahhmic,14454,75,Female,3,70.53332134
Hetcpqx,Doxkmtaym,10699,63,Other,2,81.37643759
Hwsvffw,Ehjqfy,17783,71,,1,46.23521369
Exswe,Gyvq,17399,97,Male,2,59.02390941
Lhmxosoj,Jwzqwkpq,2112,31,Male,1,42.10408727
Nyrdooyq,Hmmm,2730,45,Female,2,61.93189622
Aezfg,Ugebih,5578,51,Male,3,60.51804662
Kelrmxa,Unii,2564,95,Male,4,64.48211631
Jkxv,Pnmw,5416,94,Female,3,45.45451708
Cmub,Rqcwc,11206,93,Female,2,71.51392661
Lrtlsxsfp,Bwqeud,8664,97,Female,4,51.53470895
Fecs,Qugg,10456,56,Female,3,66.84633539
Weucntcmr,Wuebzed,17458,72,Male,2,69.47253859
Bjlgt,Ggcjp,5226,77,Female,2,26.82669974
Fapcmf,Bgpsvhxeu,17878,34,Female,0,62.03112538
Dkdebzh,Qeantkisf,7878,92,Female,4,45.19362077
Jllr,Eirbqck,17573,64,Female,1,81.99714782
Lwyelto,Tgzg,12603,65,Female,4,66.38204168
Xofscbfp,Khoavnhvd,2224,66,Male,4,30.69329342
Gslzan,Suec,3316,86,Male,0,81.30685365
Pkjhidt,Tdbwkzds,14557,72,Female,2,61.51110312
Xjltdneri,Camhdok,17042,51,Male,0,53.8872849
Weeerx,Wtlowqwyi,8397,68,Female,2,56.28591927
Vzfjm,Kidrsknnu,1960,28,Male,3,35.6086401
Lahlu,Jvhav,6685,87,Female,2,63.09705006
Tufd,Hdtrzzde,6453,61,Female,2,66.04359227
Mcguvunym,Bogwyhjs,5160,60,Male,3,63.78366815
Eawehycrb,Rrhwvqp,11440,42,Female,6,57.38602952
Auiogwf,Hxpkh,7681,41,Male,4,90.52684244
Tthpzbpv,Zgoonv,7397,56,Female,4,50.91181831
Osnbisa,Cukk,15836,66,Male,3,62.72220743
Mvieqgz,Wxaruwm,1363,94,Female,1,NaN
Nyzxjhew,Tjtfmncgh,17119,95,Other,0,67.35518932
Pjesdw,Gkgirr,5857,60,Female,4,48.12973096
Mrkgft,Ltnsinqjd,11697,20,,1,67.00525994
Scoq,Zxpmepe,4962,27,Female,3,61.63702088
Bdwva,Gsqwzmq,4478,37,Male,1,65.3710321
Kjqwa,Rjhk,13716,83,Male,4,75.32091304
Hffpd,Wbleod,2460,74,Male,1,45.46963952
Ncpmxk,Taeremsok,10708,61,Female,5,33.27008724
Pgdkjxd,Evnuqphk,12810,85,Male,9,67.05760615
Ndjscs,Hoyl,3359,62,Male,3,NaN
Dnaxwpwln,Ziih,5060,73,Female,0,64.54857172
Lyafzf,Npmzkd,15296,36,Female,3,59.31898759
Flpqdjhc,Zplnom,9567,29,Male,1,71.73169804
Jlri,Eexsqst,4489,40,Other,3,58.83813964
Vucu,Bpqmmii,8421,54,Male,3,59.2279043
Ocomedc,Povhut,6237,27,Male,2,46.5275291
Evbprcc,Thec,16959,20,Female,2,52.81228493
Wmqacabj,Uoacwohdf,15331,80,Male,0,52.2654657
Wdyjvox,Jnrsnydx,1175,55,Female,3,57.58719846
Xygueoa,Kvbl,13537,85,Female,1,73.39046402
Taevyq,Olblj,19405,89,Male,2,33.22008897
Qqmry,Gwmli,7894,56,,2,38.38433917
Dnxzbrs,Odjle,10473,74,Female,3,71.44398672
Cuqveejsl,Skxjaysm,9507,38,Female,1,50.6730831
Cimzgk,Otcbjnavi,9973,51,Male,0,70.65259817
Tzexaqbkq,Juprjkww,17239,36,Female,4,47.75384985
Issn,Ohif,3116,36,Female,0,67.96434588
Fduwkscy,Kxzh,19253,30,Other,4,49.38758716
Qolpzu,Apsuauain,6437,34,Female,2,66.42184871
Itjzstce,Dbwp,12726,22,Female,1,66.63529431
Jmjhb,Lqdxsyiee,10330,55,Male,2,65.70170841
Sdvhib,Nhkalo,19052,68,Female,0,60.98295867
Fjawqscex,Bcqa,9737,42,Female,4,44.08732588
Xcpurhc,Djmdpcdj,17191,65,Male,2,71.24073217
Empocrxtq,Ubzzfj,7360,90,Male,3,55.21317385
Ffxty,Fwlnkbap,18537,93,Female,0,60.67556562
Kykid,Jdod,4283,92,Other,3,39.70586436
Vmlg,Crjqu,5886,57,Male,0,47.18570633
Eiywk,Zcsqjx,19126,21,Female,3,81.33745458
Vhnrdbql,Oxjl,8293,49,,1,76.72696388
Boqobta,Wfjfskbb,19455,23,Female,4,55.78885172
Zinkvq,Sziqeuj,11415,97,Female,1,67.49093688
Dnqvljmm,Fppmhb,19807,88,Female,1,63.08587038
Nkasthnt,Osgkyvq,4881,49,Other,3,65.30369032
Xflbsuia,Fsqoez,14120,76,Male,4,60.48254393
Zanovku,Hlzedlruf,11605,53,Other,3,45.81679987
Pekqyle,Yofunlyft,5289,89,Male,0,60.15702923
Vzeg,Dcpwarop,15799,68,Female,1,42.90483317
Fjqukq,Iebnd,13697,51,Male,1,55.70181938
Sjijci,Dgmec,18588,74,Male,3,67.06074156
Hmzhnjdne,Lummfbsyg,2387,76,Male,3,62.77664553
Yrjzzdw,Ezeue,7028,55,Male,0,68.46117737
Lxua,Obgamd,3374,64,Female,1,35.98629419
Wnqcdb,Oaffx,8371,45,Female,4,55.79551853
Nvkg,Gwms,1430,56,Male,4,41.77196107
Exblfpcq,Exkye,7329,36,Male,2,45.81638106
Mkloj,Tbikiwikd,16827,30,Female,3,74.08470376
Wdcygfxnn,Offosfr,11540,73,Male,4,68.23413057
Ogensc,Cinhjpkca,8328,45,Female,4,62.88647373
Ullw,Qzluzw,1851,46,Other,0,82.66323784
Efagg,Ftclkpc,11347,29,Female,1,55.81252021
Vwmzbvgos,Wxwhtsedv,13726,24,Male,1,72.17228259
Hwvo,Amizhgi,13636,90,Male,3,54.30912518
Dtbpqv,Sywcvmdr,18525,41,,2,79.50157138
Gmqrm,Ynbkl,9362,53,Female,0,38.8357207
Ydeqok,Bthmlg,11190,68,Male,0,57.66486998
Hyhmemej,Lvzaniktz,13647,28,Other,2,19.6253354
Rdnbu,Liwc,17368,30,Female,2,56.05609131
Zybrijyvs,Xkengvnt,8671,81,Female,1,60.46754283
Trtc,Qyteb,11015,78,Male,4,66.21565425
Tfunzqr,Mqitbbojx,14810,24,Male,0,42.55542647
Xxebxnhlo,Juliu,10321,46,Female,1,60.95256527
Rrkjq,Jjgtk,18556,22,Female,3,54.79704174
Lggfykj,Jbebcwg,9479,40,Female,6,50.35459459
Zzhole,Dayqcuqv,4189,58,Female,3,47.90689455
Exhna,Sjmrb,3626,45,Female,3,49.92760519
Npadrpryi,Jbll,14720,23,Male,7,84.024663
Htledvjc,Bipcwdtfo,1123,42,Female,0,61.76100602
Rpade,Wplrsbfp,19735,86,Female,0,52.21944666
Pekeeyjo,Qbzbpge,2752,96,Male,2,41.35979626
Epyjvpt,Ejgm,14758,18,Female,2,52.07034457
Ltrkjoqsf,Ipvtm,7306,29,Female,7,47.08748581
Eicfjbuix,Dkajbd,12599,51,Male,4,35.15963613
Uphvngq,Eujnk,5212,81,Male,0,61.48626257
Xfmu,Ltsplsjfw,4241,37,Female,4,59.50813891
Dvfgurxu,Wjnemfmri,8942,88,,1,48.7645829
Tmide,Ojvy,19122,59,Female,2,58.29119398
Xhhveoikf,Nwkn,8714,44,Male,2,48.95545706
Tzdxyk,Fonf,5337,19,Female,6,56.99449393
Tsbwh,Vfcdu,9444,39,Other,0,48.59833721
Oqjt,Hqeaarqx,7621,80,Male,4,54.13427153
Irhaf,Eyvtcg,19582,48,,4,63.48096763
Rhgizfd,Uxyisuyju,10972,82,,0,65.35440172
Wklj,Hhzlrhdq,9149,19,Female,8,61.64134861
Vqnteqkg,Hdtzxdc,5393,69,Male,4,50.58571788
Jzucdwuyr,Kmxirsj,16572,62,Female,3,39.96882843
Dyglk,Sqozwx,15311,31,Female,0,61.04716779
Yzrhela,Dcuvm,3817,46,Other,0,55.77142467
Fjzfkowg,Uvicje,12370,53,Female,4,62.53783744
Dicxe,Yxjrtzxma,19337,59,Other,2,39.37360256
Utnjubhc,Kxwpps,4403,73,,2,52.99077092
Sesdjk,Vfmm,6552,70,Male,2,67.51391931
Fyelgwq,Qdkuoog,5287,81,Male,4,49.08993653
Ucmdgjh,Tkqq,12608,94,Female,1,66.09687106
Vvvolbm,Zawx,19456,69,Female,1,63.84166248
Xfqpfm,Jiqoie,15102,27,Male,4,48.95732709
Syuqpof,Rjscok,14339,45,,3,68.63923577
Xduwkxkh,Fehyouete,2790,88,Male,0,97.88181179
Uhvbukudn,Bqagmquy,11773,67,Male,4,53.42721312
Hgzo,Vhyg,1511,64,Male,1,53.0724734
Uewe,Anlspz,8144,47,Female,1,72.09547758
Atql,Ltnzzld,6081,30,,2,77.46306945
Dqrwp,Bhjz,6285,33,Female,2,57.43491323
Mclyy,Ctdoxb,11191,26,Female,1,70.53064582
Qaid,Wkmxglga,12805,49,Male,0,54.83543872
Cfxy,Nyjiib,16079,42,Male,2,61.59239559
Mxpsfuvc,Nriuw,4154,59,Other,0,58.02408992
Quvelmpx,Fmjz,6413,55,Male,4,48.04427823
Ionlb,Senbev,7722,29,Other,2,45.52665505
Mgsjf,Jxhssft,17579,91,Male,4,55.08614769
Kbvxvvpq,Mwwczy,16258,24,Male,0,63.16564834
Bxwhorji,Kxhxkxi,3089,38,Male,4,56.67801595
Dvnvgeud,Boaotc,16763,49,Other,2,59.04103355
Luqkn,Csbkun,11501,62,Female,4,38.42938044
Sfiw,Aofyp,3030,55,Male,2,51.23924838
Rpscgsg,Pahpbn,5095,65,Female,3,72.14220942
Owqmara,Rgayo,6857,57,Female,4,75.59026222
Uksdwua,Tniyi,13471,83,Female,4,55.32753407
Oqawrohu,Oethz,12813,92,Female,3,64.3297865
Zypqvkv,Ojrazczpu,15944,62,Male,1,66.84502592
Lfcbwgqve,Kjtitun,8739,81,Female,1,59.4096177
Nzoa,Qjqqf,17335,31,Female,3,73.0715522
Quhmq,Jnmzuifx,3846,21,Female,1,72.24564862
Ftjn,Mknkgj,12259,20,Other,0,41.38889546
Jwifselef,Ytsqxub,14727,22,Female,3,43.58746874
Hyuckjhi,Uilo,6800,33,Female,0,60.66090438
Gqpkd,Pyqesnxib,8007,62,Male,1,66.75685131
Ktshhutw,Ogkt,14911,29,,2,40.85104705
Bvcfecw,Mhkubhnsv,8149,28,Female,1,86.1888177
Mjrxhf,Qekazke,7719,81,Female,2,55.246068
Bjit,Ggyzy,6974,27,Female,0,82.51435657
Aozijgm,Vmfj,10569,93,Male,2,38.58497606
Wxkpeyv,Ugiwbsw,2729,69,Male,2,38.87645396
Yayeevzvt,Dnlac,2438,44,Male,0,53.55353571
Qvfepl,Feoqa,10136,34,Male,1,58.67941046
Gvokj,Ieifqss,17184,57,,0,83.57775394
Zwdj,Fhcc,18617,88,Male,4,40.8182543
Cxciln,Hcgwtei,3146,37,Female,1,59.39615956
Djznjh,Bufvsc,2573,98,Female,4,50.53518909
Ohpdwnc,Cwwsdqb,17129,33,Female,4,69.05527263
Sjal,Bqmy,16558,42,Female,1,47.57381902
Ugsj,Srcbnly,19015,39,Male,3,63.28682432
Kgmle,Snzlocaj,18911,35,,2,58.72489429
Avtmz,Sapf,15069,30,Male,1,55.30704794
Ihjaz,Efrjixy,12481,27,Male,2,59.27067617
Zamrefetr,Mbzzwcfrc,7328,50,Male,2,79.34878678
Tmmbsf,Nlxcxenck,11724,30,Male,2,55.27003752
Saxg,Gdkyo,8864,44,Female,3,45.36991491
Pjqvyx,Jkdlil,19086,38,Female,0,44.98814234
Gzgo,Neoidd,7443,98,Other,1,39.34490134
Mksvfwh,Jqknwzj,11437,86,Male,0,66.39665318
Avmzurdp,Vzrmnsmd,12809,92,Female,1,77.15111594
Wjxmrwg,Iolha,2583,65,Male,0,55.34065831
Xlpsurv,Dutbxlami,7911,79,Female,2,44.1190667
Mlbapkhng,Fyqj,1938,38,Female,3,56.0229356
Ndbojgfd,Uaadfro,12064,62,Male,3,76.47064646
Unuftn,Ohlg,14777,21,Female,4,65.6951404
Nurvybew,Jyxxgw,17673,50,Other,4,52.36562162
Mmnob,Kuzmdriza,10843,88,Female,1,66.14095108
Ddtdgmek,Fwwz,17785,89,Female,2,58.90402591
Aiyv,Jsepia,5937,18,Female,3,58.51115679
Wfmdt,Dqxfqse,19987,79,Female,4,73.08090574
Bfllpmxz,Oaga,9631,89,Female,0,57.77882308
Ligvgjyhq,Cnsemf,3038,86,Female,2,62.09051615
Hninvgljb,Cmrw,10140,25,,8,51.21836932
Tpsecxey,Twgpby,19794,35,Female,4,51.22440246
Pjgivs,Adicgof,12104,23,Male,2,59.62593977
Imcic,Lecvmb,6527,53,Male,1,60.00339496
Ilkm,Nvyee,19772,55,Female,1,49.07481921
Vtzeub,Zanxt,16872,62,Female,1,43.68370437
Ccmvlhrsq,Pkdhqker,3366,91,Female,1,40.41147669
Pvumo,Fcuvy,1024,77,Female,4,66.06259038
Bjiryzcd,Hudi,2526,40,Female,0,62.01882081
Fmxybq,Pquqwauq,6559,21,Male,3,60.23934823
Mkhtel,Pyqb,13338,63,Male,4,74.67469861
Aagrjui,Hrtsomg,6533,49,Male,1,77.80351257
Guxu,Hdxcjzjtg,8411,21,Male,3,84.4739709
Zbjebtoc,Tphv,14875,72,Male,2,26.8089679
Powy,Wlytfmabm,19464,92,Male,2,58.61107523
Louk,Wxtqsjnrz,19450,65,Female,1,56.10535235
Zogl,Ckwvvbs,7135,47,Female,4,55.22637035
Oaihmbsmd,Hhdizzqo,15442,72,Male,0,60.41715446
Wvscjt,Hnapcfv,11968,63,Male,9,75.68413957
Dmjgqpv,Bkjgr,17479,23,Male,1,59.3875442
Uiryg,Nizzlnaz,8556,35,Female,1,54.35678789
Lxpmqh,Mmzprc,5284,58,Other,1,68.36463595
Pxneqzzfr,Zyapegk,9943,19,Male,1,65.57972882
Nwwcfo,Hgbuxtfj,19120,90,Male,2,54.50159559
Jisbdm,Ptqvanti,16360,91,Male,3,68.62807244
Nmgpqt,Hhymggeol,8368,26,Female,2,52.38889754
Iprcyomi,Unhvlcpmw,7558,33,,4,60.98339628
Tnjg,Rugok,1243,87,Female,0,62.48292525
Jjodcz,Elss,2691,93,Male,0,46.1992869
Xwem,Iann,19753,33,Female,1,65.38939586
Qnelkp,Wwzqdvvfq,2755,37,Female,0,65.32483203
Eglvdm,Rhptgksuv,6400,96,Female,4,73.66402451
Rgurnr,Wqeszv,17380,79,Male,1,71.26881796
Sedw,Oiiphzul,17128,35,Other,4,79.79474786
Dhuvhvs,Aefnodri,19331,79,Male,4,59.73944957
Pzwoay,Kpbliits,9925,45,Other,4,73.14294258
Eqjdsexx,Bwbanaus,2884,22,Female,3,38.53093315
Zinpsi,Kjry,19983,52,Female,7,58.50974461
Darnpnj,Lvdsek,13749,55,Female,4,73.96335896
Itenlzia,Tbvew,5935,96,Male,1,50.70597531
Yfanxk,Hzzl,15562,98,Female,2,67.6939282
Epsvfar,Lcura,19395,30,Female,0,74.75270135
Jsyt,Gahfja,2677,83,,3,77.3410731
Agjm,Lqgpr,17019,86,Female,4,40.68532313
Lzwmcb,Dbole,11100,59,Male,3,55.38497159
Mwcvk,Edicjfibw,5729,42,Female,3,57.47303777
Kbqhpk,Hbvtefzfr,13132,60,Male,2,51.60308234
Dxdr,Jurrefegl,1998,38,Male,0,62.19981701
Dixdwaxc,Fgnvmb,5027,89,Male,4,59.10682193
Zuathhqwl,Fvbkqvapd,19123,85,,2,70.20458528
Jmvpfw,Qxufusm,14707,38,Female,0,49.26005347
Epuxf,Gvtjqbnl,2822,30,Male,2,34.42974742
Bulngxi,Kzgo,12206,38,Female,2,69.80365472
Coppkq,Khfkl,3695,69,Female,4,61.34945648
Ypjugs,Sijlnprpx,8283,97,Female,0,63.17966425
Ylrxk,Wqrdww,3712,57,Male,0,35.14274766
Suuwivf,Veutuay,3715,23,,1,48.09315922
Canqzmsw,Svutq,19584,87,Male,4,51.69177291
Qdipsn,Nhjdpz,5224,53,Other,0,53.52338913
Nymly,Hmputsyih,15814,71,,3,54.2253863
Gcijmik,Hfryx,14590,68,Male,2,79.65699453
Jrqaf,Yybfyfrb,12375,53,Female,0,60.08112673
Jfpvcgawj,Bddfku,3749,88,Female,4,79.0427688
Ltan,Rqitubx,8206,49,Female,2,66.15298512
Csjvhsvfs,Pythdyf,18701,22,Female,0,33.10106244
Hbjt,Gdagipaqi,14627,85,Male,4,47.01114195
Hypwia,Mkhapzz,10354,92,Male,1,68.90316028
Vqcmjt,Uwluxid,18844,26,Female,3,72.71939627
Ubmmdp,Bfbgwrm,10186,18,Male,0,58.7260932
Dtoj,Lblimbg,7201,55,Male,0,72.24805279
Ekyusgusd,Javsseo,1267,47,Other,3,53.84372892
Jlkmxjqbx,Awvztfuwr,16741,18,Female,3,59.74190735
Sxvjd,Hvkirxj,3010,47,Male,0,57.41483689
Bnja,Snacbyj,2645,22,Male,4,75.89586935
Imtwy,Nqzxxwzkk,6075,72,Male,1,81.29705841
Fwkyrdl,Fcgx,2357,78,Female,3,73.65473371
Lyhtuhq,Lldzdbge,19007,68,Male,0,60.93972276
Pefvka,Tfgmy,13591,25,Male,3,51.31021158
Tmagkk,Ihwp,7249,60,Male,2,59.07441597
Jqosbrt,Uaouiyz,4418,50,Female,3,77.67887081
Ymutgfrio,Jtetfg,18038,52,Male,8,69.15836226
Lcvfpwy,Wkbd,19615,75,,3,89.88230211
Sdlpse,Nwceal,7288,85,Female,4,70.86140078
Jyvb,Mficphd,4760,26,Female,0,45.52569526
Vmnsvdwqe,Wobotnpvr,8587,98,Female,3,61.07026598
Txwqp,Oqelwhmi,11569,25,Male,1,60.14438918
Kqxq,Chxgewhs,10741,41,Male,0,55.24272014
Joavxkoa,Bnmrkzqrv,9268,48,Male,0,65.27411299
Cwsam,Chyqjtb,10170,26,Female,4,71.13406906
Hntabzw,Kinhk,14712,48,Female,2,43.87737356
Frcyge,Jpwj,7029,97,Female,1,54.06381227
Ssmnwauc,Urwtgfl,19961,90,,0,58.73995729
Wuytap,Dydvdv,7970,78,Male,3,62.50210903
Ekjmcvlm,Ynrkax,11482,53,Male,1,69.30838429
Kicsjlr,Jyanag,14209,78,Male,4,48.30839514
Gqysmflyw,Lnem,1137,86,Male,4,77.02627127
Mjhfpqvt,Afzmbxmz,10650,27,Male,2,61.48945737
Aomdrimm,Xselt,18116,88,Male,4,73.88429302
Wbmg,Luxrlvvj,16900,49,Female,1,64.29998119
Vmvnmln,Tvzylkr,16514,98,Female,0,41.40002954
Rbcw,Dvsysnwqb,10870,42,Female,2,66.69471185
Fsoqq,Bpziyit,4829,77,Male,3,63.02539473
Jzbyxbmm,Zhojfkjfi,5641,28,Male,1,43.18950085
Ulqm,Tcvcljtn,19474,54,Female,0,54.30480401
Rjngo,Ncbhgcpd,9406,86,Female,4,54.93561927
Crues,Cxvdtl,6141,26,Male,3,72.39570775
Gotsuuca,Olvtqwbx,8748,38,Female,4,56.82963024
Iczlma,Cffyhntyh,11303,63,Male,1,43.67664229
Vviy,Znhgcqtgk,14974,18,Other,0,75.05612136
Lypt,Npzi,13506,20,Female,0,54.08170308
Epydm,Ytqacskmj,13083,91,Female,2,69.36677924
Uogc,Nlju,8660,54,Other,1,58.15787709
Vssboapv,Drlwxd,15427,53,Male,4,61.07746292
Uypqsatky,Zztybp,13198,66,Female,0,74.84497863
Jlhbt,Mcddymx,19070,33,Female,5,61.9554353
Oxmv,Abcfxuvx,15807,73,Male,3,51.7454601
Jvseud,Vemhz,5149,73,Male,0,49.60433177
Vxhrtwsd,Qvqpxrjb,6645,90,Female,3,49.72529299
Czekvbxh,Smqrbtaek,5469,35,Female,1,69.33380845
Fxtznxz,Otlqu,13704,75,Female,0,48.60923627
Prgsjgqz,Itohti,3683,45,Male,1,60.0433658
Noplls,Rpnd,4055,95,Male,2,55.69429302
Ezfuy,Bgqyw,15402,53,Male,4,52.47185213
Vedcbtswj,Kekhwv,4641,22,Female,2,57.86797674
Smavuqsd,Gycsw,15746,76,Male,0,66.81022038
Mpwi,Fdgy,8573,50,Female,3,69.69978551
Gvzhc,Edemetlu,6301,70,Male,0,44.14608801
Elnqtfon,Ttdrvd,11529,42,Other,4,56.99322574
Ngkmnzwmx,Baqgmnh,1380,21,,2,66.32846245
Eqhe,Xtkw,7099,22,Female,2,66.656495
Zwzaqr,Oyeeh,8770,67,Female,1,85.21282979
Gcreub,Swcrnb,11189,75,Female,4,62.75229164
Vsldhcl,Snyxrfzbz,13916,68,Female,3,47.21645971
Cqxsvytu,Tzwr,16425,64,Female,3,45.47100701
Mpxizunbt,Pddrbuf,12517,56,Other,3,47.52099122
Vfyu,Lkyjiquzo,17671,70,Male,1,55.17233447
Mnbct,Drtffjcj,12069,72,Male,1,60.14280846
Fhwevh,Fbshbnvgx,5050,94,,2,53.42195984
Newuel,Pddbbxdj,1344,58,Male,2,52.39618876
Ixoltgi,Fsezaqxgs,2669,67,Female,3,47.84768559
Xowk,Ofdgvjvv,8524,37,Female,4,41.70968048
Uopus,Ugwir,12947,89,Male,0,46.61228767
Nbinqrns,Qrernj,17155,69,Female,1,51.4640953
Gnopfu,Gsqechhvz,18967,42,Female,2,50.28197727
Vhrbf,Ezirric,17881,95,Female,4,73.8646716
Kpvb,Mmqz,3985,50,Male,3,62.84845727
Ieefnvmxa,Nluyq,4239,80,Female,2,55.59836398
Oqtkjjv,Fvifduij,14375,35,Other,2,59.10023871
Wqzqaanz,Rmagl,7368,33,Female,7,42.49205032
Glyhyar,Vlgj,16585,75,Female,1,55.70019707
Iywe,Dsersvcfz,12469,76,Female,6,65.95759823
Ndgjm,Unpwtg,17931,46,Female,4,58.40917536
Cohnefan,Xegsgm,6435,67,Male,1,50.82159015
Ptwzn,Jwblhcnxd,18558,23,Female,2,63.87034653
Doqorr,Icqlheqac,19248,75,Female,0,50.89707454
Uqccdnid,Boom,1539,33,Male,3,57.46251585
Ajbkhdd,Uylltq,9053,51,Male,4,70.88837139
Dywfzennw,Mdpxnjqim,7782,60,,4,55.6862362
Wihdmq,Huelgpyib,15615,96,Other,1,66.5624674
Dkhkrxxx,Uavb,8651,37,Male,3,61.86780854
Kujfsth,Zsvb,13977,46,Female,2,64.09065148
Oatakx,Ppla,19266,93,Female,2,80.72459705
Tqoq,Rpmfuos,15370,69,Female,2,40.80585498
Icpafs,Ngxmqzb,17360,54,Male,0,72.58441028
Zynemjfjq,Iyqozdax,19923,83,,2,60.34562507
Wdxfll,Iotpko,1195,55,Female,3,85.5355902
Sxgimtw,Hflda,4234,63,Male,6,55.4154657
Fxbfbiaw,Nvyrhqe,10291,80,Male,3,69.56138698
Sonff,Yoywtoyw,4342,65,,1,60.44881165
Ygaou,Frdlpe,2116,71,Other,3,61.71434287
Bohwcni,Jqmzurrjk,9033,45,Male,6,74.56197509
Tchdnshob,Dgnbt,3154,71,Other,3,54.7942621
Vvqygmh,Bdyh,11808,96,Male,0,52.66913642
Jmtpkrawv,Ykdbjpeu,2437,73,Other,2,74.52986474
Kfbvtfkx,Nqbwk,12781,64,Female,1,62.98155546
Gfxn,Qadzghg,9503,68,Other,4,52.43078606
Ocguxoqu,Jmxzfgmwr,12362,25,Female,3,44.5968879
Nqcdghbvr,Semxqgs,12006,96,Other,1,56.26276715
Ofvehv,Nhimomxwb,16417,62,Female,0,57.83422698
Nqmknntxe,Nujfww,19361,60,Male,4,59.3575274
Lrizq,Drvywd,17935,80,Other,3,68.97695115
Qczea,Pzgpljrn,11050,28,Male,2,75.82549563
Ridnubrgm,Oaee,5570,35,Male,0,61.2005997
Cuxiy,Oxbw,4405,30,Male,0,35.74267487
Jsjjrbo,Zhdugl,19109,85,Other,4,69.0988766
Wzfidns,Sznqpdl,8013,76,Male,4,50.51507692
Obhgf,Csrpdeaml,1373,79,Female,2,59.72448119
Fgbim,Yudu,9921,45,Female,2,79.53702041
Ugphu,Nbwbhgf,19950,43,Female,3,71.14415572
Ltlzyubmf,Gdui,12754,68,Other,0,38.4911723
Yzcuyuorx,Lszklvbg,13184,65,Other,2,69.67391847
Actg,Eqjptns,19056,90,Other,3,68.71969627
Oeit,Ycwvhsb,13111,33,Other,0,50.72007853
Adhtmav,Wtad,15985,63,Female,4,59.41607151
Rkcaraqc,Oernxbayh,1047,91,Male,1,57.55601653
Fgssy,Oquyzs,4238,30,Female,2,79.54352512
Agyaib,Htgr,11103,30,Female,2,65.12044652
Mmslybj,Spml,5835,65,Male,1,78.49569881
Yuwnpe,Mimp,16989,46,,1,46.92957798
Wueskzabt,Sfpmk,13526,55,Female,5,66.36719589
Tmltizjz,Phrgb,15204,59,Female,9,54.89648927
Uuifp,Ennujxkx,15541,81,Female,3,62.77187337
Jgtcnw,Mgoomd,17907,30,,0,67.57092927
Xzyprj,Pbfv,14138,42,Male,4,67.60316184
Wuyhn,Tugejs,7862,70,Other,1,73.90607344
Sptvwowfr,Hzoly,8354,84,Male,4,41.67962056
Uwcnnpkcg,Kihpnld,12533,62,Female,0,48.3918591
Qokinmfjt,Xftfutv,9418,56,Female,1,55.26707526
Ifsexeh,Leepa,12493,36,Male,2,44.9496397
Nouyluiza,Psmwehf,5645,83,Other,8,77.29886537
Lfutte,Gzaxcjva,2051,67,Male,3,77.00510277
Nbrpre,Rlrbatr,1637,58,Male,2,59.73820205
Exax,Hadaq,2410,67,Female,0,52.09441082
Cgclxpoot,Ugvfmsdel,6671,74,Female,0,58.48682147
Lmwjcwa,Asydjkthp,7208,94,Other,0,36.92932531
Xzmrsabp,Yhkdhrsel,19546,73,Male,3,64.09428901
Gsbavq,Wnxnzgw,7758,59,Female,1,75.95096875
Gymjo,Rljwyxxfq,19490,42,Female,3,40.89093093
Sbuayd,Iqrjtuzi,13805,92,,9,55.40418885
Ucsymqr,Ynqakviec,11567,67,Female,1,75.21100149
Pabbchsx,Kaikauntt,12396,76,Male,3,69.44444655
Irwni,Lpdzzx,13476,36,Male,0,56.97198407
Fcpfcq,Ljdhuuh,11491,77,Male,2,37.91902972
Zkggkyz,Gceek,13638,67,Male,4,59.28628161
Knkdgz,Ofkqta,4804,24,Male,6,55.83163275
Lbjrz,Ecykutwv,5639,19,Female,1,68.81426255
Hilb,Lnib,8941,90,Male,2,74.00315094
Axtposs,Rmxm,7562,93,Male,4,64.11674831
Lykguprz,Gwefbm,10073,81,Other,0,59.45910649
Efouhwi,Hieldmtj,1010,41,Other,0,64.30524289
Orfw,Zjxxgywh,19019,47,Male,2,58.16074386
Nnitonyhy,Pjquqy,8125,50,Female,2,61.91061634
Ngvcgm,Nwoetsatb,11407,81,Male,4,53.34889244
Fhbbwq,Vvilogbb,5727,96,Male,3,62.22816992
Ootzko,Miomc,12032,88,Other,4,66.52527801
Vvhxuafh,Ecfsg,18623,40,Female,4,33.32742407
Xpdtani,Twuyf,3523,53,Female,9,63.75433581
Thhi,Ituugdrz,7538,63,Female,4,55.08820135
Venqit,Gcolxzu,12052,65,Female,4,75.30627634
Kkzefg,Kjmkkitz,14509,47,Female,4,69.48293681
Sypmoc,Wupn,8070,55,Female,0,34.11533771
Bbvmb,Zzmpqqaw,16039,86,Male,1,61.18220413
Lbdsxkbam,Xbyhsylkm,7469,38,Other,7,69.41697874
Bxywehtw,Kxbfbry,12700,79,Female,5,47.22977603
Vbre,Jlijdl,16063,59,Female,2,63.01652314
Jhqzoipq,Cpwegnrn,15649,21,Other,3,45.45308401
Fvmqm,Gaendwj,13571,78,Male,4,64.00488218
Zpjz,Upizzgreu,19458,47,Female,3,66.65046559
Eeeo,Jocecg,10604,23,Male,4,68.12223496
Vryxuto,Rzpjele,12825,60,Other,2,63.338131
Xojlqpm,Genwsbh,10841,18,Female,2,61.36644389
Lhut,Gjafqq,5947,84,Female,0,53.61693646
Fhcd,Rixd,8695,51,Male,0,79.74200849
Qqhh,Ovpcoseq,9972,71,Male,2,62.92552848
Lawe,Tworqhhe,7056,59,Female,2,53.34696355
Urfzz,Fpnjtcos,5981,92,Female,9,72.54393525
Nkhzf,Lpcuzo,7860,94,Male,4,90.157705
Lndxojfvn,Faxxa,14400,30,Other,2,70.16155521
Nkmhzh,Kqtvyqdib,15966,78,Female,4,68.1825991
Svkjmn,Hllmwdkh,10597,83,Male,3,61.6802228
Phqmp,Cufvidgn,11589,48,Female,2,78.73350769
Ejgmuvh,Nzgjcvgys,13655,80,Female,3,59.71304252
Edtyibpx,Marfrdom,3784,86,Male,1,51.621364
Gkfvlebx,Saeym,6679,91,Male,4,55.6455638
Osms,Btaiiasn,1610,83,Male,2,58.28503521
Wuixoli,Eihmp,7954,62,,0,45.62072672
Cdgzioarr,Onrwvng,8195,71,Other,1,56.59588887
Trsui,Afcgxjzy,16706,85,Female,2,66.88046298
Zbconpzev,Xbioihn,17498,81,Male,3,59.50691212
Zpnuonexo,Pgusp,6084,30,Male,1,34.32410938
Oauhmqdh,Hbdm,18159,87,Male,3,64.2185614
Fbroitft,Lyfggamg,18356,96,Male,3,57.66708976
Levk,Okgh,4715,89,Female,1,50.56335786
Iivhjorif,Icptacsed,6429,64,Female,3,51.61474694
Rapzrldz,Ufhfjxael,4785,49,Female,0,57.13481883
Geul,Kwacqbq,7172,21,Female,2,70.86608347
Bhwix,Sxzvxmopy,1393,73,Male,1,67.22219994
Dwhd,Bbcfoyu,11238,64,,4,74.88041207
Tfxxaa,Xunpbd,19836,83,Female,2,79.3514368
Mlkpox,Ygxtw,3555,85,Male,0,44.66403236
Tymxrjrds,Azuhpf,19870,42,Male,2,71.32897271
Xxxzcsv,Xyndndst,14464,72,Male,4,53.46317527
Wdfcop,Zhpvqlobl,15596,82,Male,4,49.56090551
Mqih,Cnryjxbuk,9144,21,Female,3,82.26397217
Tcnlytm,Fvzaa,15372,47,Male,4,73.83255107
Fbpyimorx,Xrveq,2132,74,Male,4,80.31935887
Rdbcp,Hnxtwov,13709,53,Male,7,57.45719445
Xoeefyst,Ctti,19207,62,,2,51.40995533
Grktywb,Nhcf,3902,79,Male,3,50.39013172
Acfjpfgde,Zsjvfxyb,16452,46,Female,1,43.8052661
Ixsbgphvj,Rbuwkzz,10895,55,Female,3,73.17056402
Kqls,Wgzh,1524,36,,3,48.54291447
Vavrjri,Gfrkgc,4749,63,Female,4,65.94945503
Lrjbnwud,Ccuk,11632,54,Male,0,44.93939688
Rljqa,Ohfablsb,3932,38,Male,3,37.99679224
Wpyttzl,Fopmwq,1162,93,Female,3,66.13602487
Arajzjwjo,Oaxxl,11718,35,Male,2,65.7832067
Ielweml,Ycyxd,9522,86,Other,0,71.72234511
Tvmcxcejm,Lxwrkso,15941,40,Male,3,51.1784778
Uuovcxyg,Qxypurlx,16043,25,Male,4,70.86609912
Aegu,Mwywmpmd,12125,59,Male,0,75.25460372
Tobr,Rlsd,8164,49,Male,3,44.47710481
Mihmu,Wzkht,12062,68,Male,1,78.29159747
Meza,Mbmfafnd,8069,25,Male,2,73.20606654
Hclw,Sflzfjprm,3941,22,Male,0,59.45619861
Uncpg,Mhtem,5742,73,Male,1,71.18806167
Eqyvdq,Kjcwfwv,7502,29,Male,2,39.43949231
Jxbc,Okzolinhr,8215,44,Male,0,71.59877355
Ischqybwt,Ncce,6103,30,Other,7,61.09707752
Ecztvdn,Fvbqrlr,16694,71,Female,0,57.60572893
Yfadc,Thcv,9705,32,Female,0,57.00334146
Ynikxftk,Syjxemxtm,1620,49,Other,0,49.31471839
Wcbmdxx,Grzfzuesh,3611,41,Female,1,44.54494055
Cmqbiytqj,Zgexdzb,19792,64,Other,0,72.16607734
Ieff,Ckgwdt,3586,96,Female,2,61.12664441
Ecctvat,Drisly,15675,69,Male,2,61.72722141
Qexesyjsv,Bgqs,15682,66,Female,2,52.14686418
Cdik,Emdl,2746,77,Male,2,35.82330806
Uxkskkf,Nuqz,11829,32,Male,2,55.81704611
Psczvmqm,Gdkxziqwc,17938,27,,1,43.7559387
Vbnrzff,Xxti,8759,76,Male,2,53.854883
Uzmnx,Brkntkvt,14349,97,Female,1,43.5166286
Dqqef,Zwuusdq,13009,73,Male,4,66.19313435
Fkcbov,Ccwgnf,5633,98,Male,4,61.24070249
Wrgaapagp,Lrmpxl,13021,46,Female,3,67.38640693
Aogo,Rswx,14073,24,Other,2,62.28803002
Cvaqdun,Qfex,6001,24,Female,3,51.58630238
Xxfmzpx,Mcygsm,5944,83,Male,2,76.44233956
Hvyulydxa,Kugl,7409,37,Female,3,61.89689494
Hsocspsa,Bqnzi,1529,21,Male,1,40.33160411
Zwxplcrhg,Nfebuu,10600,32,Male,2,60.6615174
Qnzoqlje,Qbnlbw,14432,95,Other,1,50.37998754
Yugwxs,Juskttwo,18070,25,Female,3,58.86412538
Xtfg,Unfndkoga,6436,86,Male,3,52.55830992
Emribj,Vlfzmfhh,13453,26,Female,1,42.84503689
Sayqlhsx,Dsjqw,8558,51,Male,3,55.04824098
Shsez,Xmgzna,2111,28,Female,0,67.64151546
Anvcuo,Fykdc,1980,81,Male,1,62.52869059
Hqmmua,Dbzyzsoy,17209,52,,6,68.8700794
Xsgm,Tdyvcuzfz,11663,58,Male,2,53.86606981
Esoufyd,Vnokdeexw,12650,35,Other,3,57.37158543
Kcwfrobs,Mxwjyfhk,14581,96,Female,2,39.6167983
Jismrn,Neiqt,5812,49,Female,2,67.9946792
Izspawmen,Iuro,4600,27,Female,1,40.24013304
Llhvyldpm,Kglyqmv,16237,32,Female,5,74.27534088
Tipour,Cdlskannx,16289,26,Other,1,52.78576009
Obvl,Iyqveiz,8451,82,Female,1,65.37849356
Jmapivhkb,Hxyptzhf,11380,42,Male,4,41.00447438
Cnklo,Kqtv,6068,24,Female,2,68.30468242
Zaylhstbe,Xjsvrq,9981,61,Female,0,35.76384528
Zsfyjrigu,Ljlkcjrxj,16195,27,Male,0,62.21238751
Pzdraolhj,Mdhxdoki,4372,49,Female,0,51.12971224
Ytdsoa,Mwpi,17849,41,Male,3,63.22210543
Ysucy,Npefz,15353,58,Female,3,55.91799393
Eegtgbnc,Lqfvgnjkn,2114,67,Male,3,66.58591902
Qposhlsdx,Ohyf,7945,66,Male,4,100
Anuthvs,Iasso,19516,78,Male,4,70.87473713
Knnb,Mdqwzxj,1698,98,Other,7,53.90235891
Wnlf,Cvaopzzza,14016,44,Female,1,68.41281426
Scylbgyaf,Cmmb,16167,71,Other,4,29.50762303
Oituxh,Kjjp,2498,39,Female,1,49.7468294
Ymjntlfx,Znjsx,7043,58,Female,0,74.6010192
Smnrokpbw,Ampgfb,1115,44,Male,2,59.22850093
Ptdybohmu,Dvllsddeg,5826,74,Female,2,53.07620537
Qfljfyalu,Bkgj,6059,67,Female,0,67.18734829
Fhrcvhdm,Oprboc,1950,78,,1,45.63784174
Mtuafi,Comxndp,1019,39,Female,1,52.3077142
Ixqfcrz,Udhhvt,19132,57,Female,1,48.54082064
Ncjiftdry,Zzgyio,11235,88,Female,4,58.28418043
Gndnr,Cowmm,1706,19,Female,2,50.10126269
Rylupe,Qomjhim,18434,36,Female,4,50.69633309
Fvrvrc,Nonu,15335,86,Female,2,44.50984553
Jwztnrrv,Tjnlyzluq,10731,88,,1,47.43947728
Qzhrdpnvg,Exkojqw,15219,39,Female,0,61.41153008
Ucdrac,Mtfvijw,3772,47,,4,64.31834153
Fpjooymz,Ahxiyxq,8696,63,Female,0,46.83529248
Pasc,Mpjec,11639,75,Female,0,53.06314651
Qylum,Kxyj,19579,65,Female,1,51.75237768
Wfvjiuzxv,Trfqto,19188,81,Other,0,48.49600766
Dhvt,Jlem,3281,88,Female,3,62.18147791
Ylekyg,Ytbapcrki,19250,94,Other,0,54.43492327
Ukwzfhi,Xzsogorb,16524,98,Male,4,57.60982699
Rmiz,Rxrftm,13165,42,Male,0,44.28027386
Augvzqjd,Fjggd,16986,19,Male,4,62.90231503
Hhjtsw,Wslcwcpg,3211,19,Male,2,54.34689943
Nikmzzuw,Ygunjhl,14034,55,Male,0,68.55439106
Tnhs,Iqgtmep,2665,88,Other,0,77.8776352
Pbfszg,Sthccskew,18783,96,Female,3,70.40604716
Xbrml,Sszrmcrme,12616,52,Male,4,74.13041393
Atvmnarfj,Auaqgcy,2070,38,,3,37.75439092
Kcixcckz,Ofgtxvhd,10953,52,Male,2,47.55989915
Hquxjfbes,Pcpdhyoc,19556,56,Female,4,59.18129006
Atsqala,Nsjk,11830,91,Male,0,57.14959421
Huscnt,Amabrsw,2897,62,,3,65.48281832
Hoisjz,Rrfbze,4305,65,Female,3,45.21139415
Cokcctwl,Xpbq,14446,35,Female,1,61.56948393
Mkbaz,Paukahbrb,2640,45,Male,4,67.31234332
Erighzmrk,Lszynzw,16310,36,Female,1,73.65954206
Hrxjisz,Mtacuxey,8982,64,Male,0,60.36450814
Zbdyanjio,Zvelqkn,8091,38,Female,0,41.33230688
Wctvsih,Asebdcwsp,2315,62,Male,1,57.29256935
Kinrz,Bfpgquo,2886,77,Female,3,61.38186354
Cdkhpnzy,Rqkti,16734,22,Female,2,64.27080233
Chzxxzbvb,Hagullq,12757,77,Other,0,59.92566211
Zlplk,Akyvqoq,15083,46,Male,2,55.85915885
Bnqo,Ebbksjjq,8302,94,Male,2,51.54755826
Tnrflnjrf,Nlofq,9215,26,Female,0,54.65294184
Qrkzyffak,Lddr,12913,33,Male,1,66.99171445
Hsmwwzacf,Yvigvk,19260,74,Male,0,80.68729816
Doysn,Oksclqcud,19468,27,Male,0,64.53209683
Kuptqfu,Pejee,9845,98,Other,3,54.51630293
Hquuzkx,Xdugijqi,16915,56,Male,3,44.320791
Lmrvrbpq,Bjebvxzy,3264,65,Male,4,53.57897097
Qckyptoxe,Iuoonlbi,15008,44,Male,4,58.76649244
Wodwq,Lbvdejrb,7103,31,Female,3,39.11270678
Dprwf,Awhusysw,12958,60,Male,3,57.09818678
Xyqbt,Tganoc,14920,84,Other,3,65.48256593
Dkcyexmh,Xiqtrt,7916,41,Male,0,61.39855022
Gizzwftt,Gauqjjkgg,9379,18,Male,4,54.18801774
Wukx,Suoooczb,3129,32,Male,4,76.83346629
Xrlwmmirp,Yaak,2322,33,Male,4,67.6616019
Tzrjoul,Jxwizbxd,17738,68,Male,4,49.66501631
Bobf,Dfnpa,9299,24,Female,2,72.5414382
Jtjqszkaw,Rtzx,17544,21,Male,0,66.73856516
Tbmd,Cbdyptpi,12967,31,Female,0,54.78937209
Qkqftjowa,Iviuuy,15406,48,Male,4,44.33899579
Qhmr,Ggwvgqpx,10061,40,Female,1,53.06513838
Btanih,Zmkcrd,5065,36,Female,1,37.6957436
Pxytxx,Rzdsyxnbs,18171,41,Other,2,54.67613613
Eehisksx,Nhonlsvv,12946,28,Female,1,76.49084953
Cztjr,Nypmde,19048,28,Male,3,57.91446349
Qvzswgn,Nyzwrn,19195,23,Male,1,56.18511258
Alyv,Pjzqvusni,15686,47,Female,0,89.44504979
Rfwihecxj,Zblgc,7090,62,Female,0,46.61786526
Fdstbvqj,Tppofze,9661,55,Male,3,56.99375413
Bkhtuqgg,Emefdzxa,15989,92,Female,2,74.94347874
Qkbg,Yukeybwx,6310,74,Male,1,50.43142444
Yzrdrl,Chvha,10202,68,Female,0,69.13493319
Fhrgxrha,Xpmarwha,12448,83,Female,1,60.78452775
Mmveyneej,Aqmjpycok,10369,74,Male,0,56.11152788
Bqlw,Dwekz,9955,69,Male,2,62.37348631
Hlkn,Lmxiojkzx,19210,41,Female,0,64.74054003
Layayepmg,Nmhfabctp,15889,75,Female,0,45.15196883
Sdkizo,Jyjcefwa,18096,68,Female,1,58.77416904
Eqghrrp,Pddfxrv,4967,64,Female,3,65.30491179
Ttazxi,Omjzmnrz,10273,31,Male,1,59.7185669
Hbrjvcwu,Njaetzox,12361,73,Male,4,64.09096474
Adcd,Piymg,2499,35,Female,4,44.47075771
Ywgqi,Dyfefzc,3498,47,Male,4,55.11366232
Zccil,Kscwa,10911,35,Male,2,60.00212725
Qyhz,Yriu,7637,61,Female,1,45.52816755
Lgqrzxce,Tbusvcmv,14923,43,Male,4,70.65936336
Qvxro,Dzjfvwg,13736,68,Female,1,57.21560931
Ejmnmo,Hnpkaxvyd,6969,23,Other,3,46.54103416
Atqybq,Omuact,13045,25,Male,3,53.17979605
Guhgcs,Pgruj,5646,47,Female,1,47.58491221
Qjzdh,Cljevin,16439,80,,0,61.02668057
Tdmbyak,Eaxrp,6781,29,Male,0,62.63475427
Dzwzzlq,Pdmcddwf,17713,21,Female,3,82.17314365
Cuya,Zfhyyfsh,19218,64,Female,4,39.38078534
Fgloiiczi,Kiubxywo,18446,20,Female,3,39.91032876
Tdxe,Jerqa,1130,66,Female,0,54.24472324
Xlfzmeuze,Resx,1020,72,Female,2,65.31261505
Hqcgcl,Kntvy,3344,28,,1,45.50354264
Zgpzaglvg,Vnojw,18222,83,Female,1,54.48850235
Xtsda,Xnoxdx,13133,37,,1,54.53032384
Ammdiy,Bqnrr,12165,32,Male,0,43.27425812
Dnzibbu,Spwl,12350,85,Male,7,70.70231966
Ypks,Kcgys,19467,49,Female,1,56.50559388
Wjjhbfjf,Towtzphlk,11690,29,Female,3,48.26444486
Uotlinsl,Dmzict,19629,34,Male,0,38.09664426
Twjtbu,Gvrbn,17465,19,Male,1,53.75241353
Ymjdqo,Opqaqitdp,4050,21,,0,46.4013108
Quvovttbq,Xmwqbsl,16661,73,Female,2,78.56839404
Cpqu,Wwyov,14573,85,,2,67.18633156
Vlfu,Ffbpa,9020,76,Other,5,62.41671705
Nwwhkxybw,Feplffxn,13036,78,Male,2,62.74170375
Dfebwuni,Ealietzna,8928,79,Male,0,77.53188558
Vifrlfxp,Ltyabpqet,11922,50,Female,1,39.96710017
Vbuzxex,Docds,19465,51,Male,0,58.53751835
Czmuuw,Birbgupka,5514,47,,0,47.06319562
Xbxvbgx,Yfkr,5272,51,Female,0,28.91165439
Yciiga,Hjjt,14391,28,Male,4,46.26801691
Dhqjnuqpf,Nkgcjlj,3274,18,Male,0,74.09304567
Tlqk,Gxxodiu,15290,63,Female,2,51.58971764
Uyxnevlt,Uedhoce,1668,66,Female,3,62.17274026
Kkzcfniwc,Zdfwn,3821,71,Male,4,40.78836554
Naldkmwb,Xrqsoxmmk,16032,39,Female,2,64.98171617
Rbeijbp,Hkqmbmijp,18622,93,Other,2,53.74427457
Gldeblfx,Xstnvko,6755,26,Female,2,61.41658061
Fgczbby,Igaccg,14323,96,Other,2,69.24412903
Mxzlttarl,Oimdcp,13238,92,Female,8,67.23909501
Bjtz,Kintly,6300,71,Female,3,70.4580519
Cgtjapp,Wxlauospk,4278,52,Female,2,50.10736368
Sgbvicr,Iourmo,11367,73,Female,1,59.69876037
Avsa,Lgycyzvsu,2557,25,Male,1,68.3089211
Dagoyduwu,Xqvazmr,17566,95,Male,3,76.53568565
Oshu,Iiovmlqk,13996,84,Female,2,69.39131636
Mljvcrg,Ifnlgux,9109,55,Male,0,49.66480442
Rgnt,Qbkic,3369,46,Other,1,49.68508879
Tzgebpyj,Gsztf,11359,69,Female,0,43.69538917
Drnf,Lqezc,5117,68,Female,0,83.00706698
Kabsc,Dhcjsk,6257,83,Female,9,53.78114498
Dtsksizem,Hsld,4105,53,Male,4,58.55856446
Vtwgj,Lxwtov,11400,88,Female,0,37.79940243
Dzjuvi,Xihcf,2896,58,Other,3,70.10771593
Zrfoer,Jxkqdunjm,11118,72,Female,4,60.81849499
Xxwrthbpw,Gjkfjt,11991,73,Female,4,69.48209006
Itmzt,Fzpzyep,12311,34,Female,3,63.06185232
Ljoszwmsh,Qktcog,4980,28,Female,1,57.47893912
Uccwp,Evsmfbxz,6777,28,Female,0,56.40182536
Tvefhabmi,Gkrw,18807,18,Male,3,62.51290115
Jvslbdxv,Nhxh,7543,38,Female,2,52.84793205
Nqyxms,Spkc,13606,47,Male,1,48.95028602
Uzxneqwp,Josrzijs,17709,64,Male,3,54.52513185
Tsuvjy,Wicpu,5502,65,Female,2,45.54266613
Hhzwhcwt,Wwvzci,13692,91,Male,3,27.2717615
Uqpccfmxm,Hmlij,16214,70,Male,4,38.33466164
Hnmdkvd,Gihzn,7354,81,Female,0,49.8745922
Uskpm,Rzvwcuqc,10131,62,Male,0,60.30805999
Mlmwm,Xwpul,6847,98,Female,0,63.97855826
Dgkgjgl,Gbbqrzf,17106,36,Male,2,73.30485921
Steaapzp,Xesmvdqer,11449,96,Female,9,42.57784112
Pntsbtvz,Ytirc,6439,72,Female,1,57.16935086
Aqpepgzpu,Awdarfru,4794,18,,4,60.07362769
Ivddenucl,Enufxgxz,7456,67,Male,4,50.32592433
Fiwlixmu,Gizjieuca,1552,58,Female,1,49.34864585
Hxdfx,Uhbbcykrt,13406,56,Female,1,63.80856688
Nhjk,Jlom,7899,82,,6,63.8147975
Ovekuex,Lbbrs,18248,51,Female,4,56.94702804
Wnmp,Ruqizaq,5426,29,Male,0,91.9939364
Cqtkmcn,Onnzdbk,13752,65,Female,1,64.28993199
Jqdazmca,Tbvf,14103,74,Female,3,55.41880446
Xbavwtckb,Jzemilqz,18952,73,Other,2,44.33550979
Hlnvw,Suwqtpcog,16069,71,Male,1,46.19509694
Zhggi,Nhencinro,5291,71,Male,0,57.58931942
Dinos,Qejgw,1764,78,Female,0,32.22551432
Hstgoxp,Fxhnq,16941,82,Male,2,50.54751794
Cqlrpvjf,Fpfrhb,5385,96,Female,4,46.18149318
Nfres,Jxkospspa,12840,75,Female,3,69.92129104
Ywhbtdg,Emfk,2303,77,Male,4,52.62625793
Rqlksbcg,Fxpdnmesj,17817,86,Male,6,63.14279688
Gmtnuni,Ihvzco,11625,24,Male,2,74.4799146
Zusxeymwj,Ncutanr,7824,30,Male,3,56.38460979
Scplrntqs,Fdmumvpd,1127,89,Male,4,55.35411842
Tyyfroqv,Yutjghlcg,13673,52,Female,5,62.922698
Mbdiqioo,Hjdssthcw,12113,23,Male,6,47.49520704
Qjwbvhiwz,Zpcq,5369,29,Female,2,46.5603855
Cjdyo,Oxxpzmjj,4714,64,Male,0,56.49236899
Bgreg,Bbtwfs,11742,50,Male,1,45.62282211
Qlgcldvn,Fsgxnq,16271,93,Female,3,63.27765809
Rsmxifxk,Atex,14418,98,Female,2,51.11156416
Niplhw,Blqp,17123,91,Male,3,56.64813896
Yatbvoqq,Nzrgvy,18682,47,Male,3,61.70268231
Vkhdgm,Ykidq,12610,95,Male,3,45.9982013
Zfmzvyxcv,Wbsqbdtxz,18932,54,Male,0,73.39793774
Mvebgoyua,Amaplrco,5151,67,Male,1,52.79255527
Qsoyyyg,Ywrkx,7050,62,,1,75.81687163
Blygy,Zkaesn,16182,77,Male,4,37.78852126
Hkck,Gmhbzpn,14477,45,Other,3,66.15348149
Bccco,Ccax,9581,47,Male,1,56.95643456
Kmzuwiigj,Vubbrbrwx,11386,34,Male,2,63.05198077
Ytpupzost,Fytwv,18379,44,Female,5,74.0734125
Ssyazxizu,Vqinvyx,3800,90,Female,1,61.69991582
Kidehl,Wgzcux,17135,37,Other,3,72.92253353
Evqlgus,Vbfqjs,17426,90,Female,2,59.81350155
Drqk,Latmqxhi,15281,37,Female,3,79.41230265
Pfzh,Irxvmptu,10288,21,Male,8,53.70960896
Mzwp,Jsgfc,10997,24,Male,0,38.15058891
Ppvpksly,Gfzijw,19095,59,Male,4,63.9961613
Xjzrmuksr,Bhjf,2211,35,Male,2,48.39171369
Ivenqh,Lbogv,19368,82,Female,4,62.19967986
Qfynbla,Nfkumga,5672,35,Male,3,62.39173332
Yuomqat,Lzlleuaj,14328,20,Male,0,62.40088586
Lees,Zuhjsjp,18506,39,Male,6,81.41461259
Sbbmuuj,Ngabipmdg,12114,66,Male,2,42.77203292
Ahhtvjz,Dyddi,16697,91,,1,53.7311427
Wjaojnjkh,Oqtlphf,5227,66,Other,2,52.44514006
Rmpax,Nfkjy,1085,34,Female,4,48.4223983
Ouyw,Ibybqlpmk,1492,51,Female,2,63.75983511
Wcssyl,Tckjec,14088,96,Female,1,55.28074465
Xlydhjk,Whumdxgzx,10941,71,Female,0,49.96025474
Usnfx,Cjcubcsrg,3599,36,Male,3,57.23834591
Mizm,Nmhabke,6396,23,Other,2,68.56968948
Fnurgtfnd,Kdyk,17131,83,Male,1,67.39653202
Vryx,Nmygee,15579,58,Female,4,52.53994236
Nfcnbjtq,Vrxaxlm,7627,55,Male,4,70.4745103
Qbxtnwxga,Tegfdbdlb,4837,91,Female,4,41.130969
Nliejthfv,Hoxbedjw,10552,91,Female,1,54.27459227
Hsdjacebg,Osam,9988,60,Female,4,68.78664273
Nbygc,Ymevb,14409,63,,2,95.10607331
Qooumuqu,Riyz,4242,75,Male,2,48.17398091
Ofvjmewwg,Esvbsmdpe,15988,90,Female,3,55.33954425
Gqjyv,Wfpkf,1517,42,,3,66.94436366
Febpvpdj,Oyyjdpen,17383,39,Female,2,49.23981115
Efph,Ufzgbz,9898,88,Female,0,63.78977878
Mqtcwjp,Braa,17044,93,Other,2,84.27296625
Jgaczlow,Ytseuu,15052,56,Female,3,51.63936568
Yyxjrnl,Srzjzzsq,15595,59,Male,2,42.54685225
Pesfgme,Ttmv,4104,75,Male,4,75.19913888
Kplycbt,Kwyexgtbr,18264,63,Male,1,82.39876387
Nivrvz,Jkaji,15348,24,Female,2,55.88628846
Klxqp,Xstrzq,9957,56,Female,0,86.86038436
Tskjfnwta,Lkklem,11784,86,Male,0,49.13259524
Tkxqbj,Xpnmpvx,8366,83,Male,9,42.30458829
Xxfff,Yoxz,10718,88,Female,0,40.21441428
Pcxtc,Ncvtjyskj,11142,83,Female,5,63.26781402
Edma,Jhaebzqh,6484,75,Male,3,54.48648488
Eqbyh,Wqtt,14467,66,Female,4,69.56635387
Engif,Bsgwz,16791,64,Male,1,62.22101353
Rvsntuo,Mwfr,18691,80,Female,2,36.485521
Rmjtknwn,Rumsjstg,2917,20,Female,2,61.57625401
Xccrgazm,Ptdcsijiv,17632,19,Female,3,67.90696771
Hpdlwyn,Yzwbmkye,13975,35,Male,0,72.25806802
Jfxibhgz,Vfnacln,1273,84,Male,0,71.93382746
Rvmc,Kawkypdn,7861,49,Male,1,56.85408185
Emadevzb,Slomfixo,6958,19,,4,52.20769337
Hieb,Silbx,4048,60,Male,3,41.41369503
Gviowcmpa,Qkzua,8862,52,Male,1,62.72051467
Mplmrra,Acibkhr,18076,89,Female,2,62.60771177
Ojbvb,Axtzsme,15762,74,Other,1,50.58203387
Kfbtle,Xuyqr,4736,38,Female,3,40.97953723
Pbdaq,Kcdvojf,12835,38,Male,2,61.35419477
Rgus,Odtny,12152,39,Male,0,62.85296353
Xnrr,Brwq,19722,93,Female,3,76.23645178
Jjss,Wgjpwjpw,19459,81,Other,2,63.7407342
Knggftsln,Tlxhp,11430,81,Male,5,56.59761691
Zqfof,Bouk,14196,37,Other,0,40.54390239
Ydkl,Jwzaf,15757,83,Male,4,62.23949086
Iqvgex,Rznlgnd,13258,44,Male,3,70.04458188
Wzbsi,Hkhxybgsv,12877,63,Female,4,43.43244403
Hsniq,Kztkdgy,17014,31,Female,3,53.79570713
Edijpodb,Njwevix,11346,46,Female,2,52.14285301
Oscdfxsi,Sjjblax,15777,59,Female,9,64.09964313
Axozpidx,Kfamvudpf,16087,29,Female,0,50.36947066
Lfcureh,Avgxskcm,7308,90,Female,4,43.90166863
Lxlux,Zvhk,13520,70,,2,72.82771317
Puda,Xmxx,10828,43,Male,7,54.61305364
Dmxbghtr,Fakkxdgd,1242,49,Male,1,61.57720082
Ctazm,Qtdgndrkt,11926,71,Male,1,43.02166005
Lefwsudac,Vwhtry,15231,87,Male,3,68.0489014
Jdfbn,Hmtk,16253,24,Male,3,59.2578068
Myxbi,Mbqiy,4083,84,Male,4,47.65437564
Helolrje,Juaazqbd,11070,92,Other,1,76.37877252
Mgntoo,Rzhfl,13261,78,Male,2,60.1987889
Twilggcxq,Tenzvqnxb,9099,92,Female,2,59.50647978
Cxkk,Znnxrtwx,7772,81,Female,1,68.42317777
Fjswnkmqb,Wkelbl,13412,36,Female,4,76.70019278
Cictatli,Xewtu,7427,76,Female,4,69.36843717
Ojtmg,Qdphznb,3650,39,Male,2,60.15186564
Kbwamchh,Ulpdfyvcg,3520,95,Male,2,75.67742718
Tdra,Minsubnb,17864,24,Male,1,73.6798478
Qsaukn,Qkwuxzuhx,8026,74,Female,3,66.77157439
Dfttsqfs,Lyjzvqjsn,7246,30,Male,0,63.79899501
Vhckzc,Xmgrdgx,8286,82,Male,2,72.791744
Igzlnor,Jcyzbwhb,14554,74,Male,2,62.03862949
Tnhcdzg,Ijixuuxh,13070,35,Male,2,62.10065528
Nsatlvsjw,Oryab,12807,82,Female,2,64.52722123
Nmfwacf,Cjol,16460,35,Male,4,67.4516964
Ptvq,Cjljyj,18707,74,Female,3,58.91297412
Fqitlyn,Bpnmoh,4517,89,Male,2,48.19143902
Oppzugjl,Qoxkdq,5140,31,Male,1,72.87712948
Qiyibmzdo,Baldsj,2034,86,Female,1,68.39444928
Jtsrzyyw,Scodysms,12486,95,Male,1,39.86547121
Psunloise,Bikgyryy,16281,57,Male,3,63.60272331
Wzqozkbiw,Hclfdl,3593,30,Female,3,73.15725073
Nhnvj,Dgaoywy,15885,21,Other,3,43.05382357
Ewajydi,Pqvonezay,10314,68,Male,0,65.3821064
Bmylh,Fcrny,1036,98,Female,1,45.54865967
Ezvv,Rnjcbjv,5928,32,Female,2,64.17377004
Zarjr,Nhdmubl,15927,43,Male,1,56.49272866
Itnjlmwp,Pnshvs,13269,38,Female,0,62.3648434
Ivcp,Emqldw,4024,60,Male,2,55.75841955
Olrroa,Rurent,2617,29,Female,3,59.54084484
Hfrimqkc,Qwmzkqi,3526,24,Male,1,67.0988437
Spfxbheo,Lcttm,5100,51,Male,1,75.02954858
Icyh,Bakidfwh,3889,58,Other,0,66.20121227
Ccxgic,Oyrsl,7519,67,Male,1,79.04224427
Cqrtr,Aynej,5204,22,Male,2,62.46370812
Qemkdnijv,Apnxhtdwo,9546,34,Male,0,71.34664888
Cxsugu,Nydkrxbzk,15791,96,Female,1,50.93002188
Aziggornj,Fsvzbe,11565,22,Male,0,79.18420545
Qobygs,Oqshdoe,19861,76,Other,3,64.35270734
Nhgz,Xhuyva,6249,60,Other,4,63.52569412
Bfynppsy,Uwkh,9822,92,Female,2,76.52176509
Nsgw,Sfcvdkop,18283,38,Male,3,65.32941597
Oqykqm,Eicrx,7952,91,Female,2,43.81035634
Wjjxitv,Cque,9036,55,Female,0,58.38772365
Ocyfg,Swpdwpqez,8603,49,Male,2,42.44387376
Ljhlemxgw,Ipjwkcd,2965,94,Male,3,54.16728119
Bsfd,Mmpduquef,5109,75,Male,4,72.97696758
Kxdvj,Nglvtk,10916,47,Male,0,52.46506755
Msshm,Desq,6162,39,Male,1,75.76739177
Iqqx,Kjwff,5210,37,Male,4,55.98903194
Xnrifq,Mbfhnhx,5136,21,Female,2,53.53534702
Ibdlql,Dwfrkwv,12824,22,Male,4,74.8614768
Cmjflac,Eieeoe,5667,51,Female,2,56.93067333
Gqhjjldhv,Nzwgiae,7150,93,Male,1,70.07303596
Bptuuwi,Qxvdl,10960,41,Male,3,68.32577365
Nczvlyfh,Rrbm,16847,27,Male,4,46.16015676
Ztdc,Pwavnbwyq,17902,75,Female,4,49.23914051
Tnsnuvasa,Jrzttouv,9191,81,Male,4,70.291436
Zyqdrdd,Srbczx,11586,79,Female,3,58.10137089
Vaky,Kczazpaal,19591,32,Female,4,43.32701995
Xdyzr,Hccuefik,9226,60,Male,0,66.12444387
Uvorlwb,Ysdauoi,19519,77,Male,0,56.25903533
Nwfid,Zivcuwu,7912,47,Female,2,65.07565391
Kkjqxpzph,Skfpv,18694,48,Female,0,61.6001351
Lpjmkwll,Mwtq,12976,21,Female,2,68.9053107
Lnzte,Kkwgzycm,18014,18,Female,2,95.3385058
Cvmuos,Rgmg,13473,83,Male,3,51.1017421
Jrvztzv,Rtxqz,7662,40,Male,4,63.92326587
Nicaef,Duzd,18335,42,Other,1,66.80564519
Pspckk,Tccvjekef,1593,26,Male,7,81.07248356
Qzccld,Ralwkl,1353,21,Male,3,73.15453322
Aihqebj,Mymrlv,7791,75,Male,0,48.5359474
Dcmad,Znyodbkff,10102,94,Female,7,54.2770786
Ytzsdjh,Rleunyrej,2403,23,Male,3,69.75757532
Ykgugvrd,Vondwhxl,14079,26,Male,1,49.5063096
Lumt,Rzjkwsevf,5558,62,Female,0,65.89858619
Biyxvtqhk,Kserq,12673,19,Other,1,67.55327712
Djfzf,Cotq,14294,79,Male,2,58.38603848
Oudgtaopo,Whsrlgtca,1416,90,Male,4,69.82661387
Emkantrya,Sitqatm,1480,19,Female,3,66.63579309
Atgvhxoqu,Wqguzkrri,9074,66,,0,83.53979727
Qiwhcw,Prdilfkgy,16403,31,Female,0,75.68024508
Cizpt,Xxsqzn,14267,66,Male,0,77.56001736
Sgdpqkyh,Qoggppe,7390,27,Male,3,46.76753768
Nqew,Ryvzcir,9741,19,Female,1,63.98476495
Efhxuzcee,Douqhoshl,6729,47,Male,2,63.50932196
Nmbwwo,Ecfnk,9999,31,Male,4,52.22720085
Fems,Uzsgmnlbu,8729,80,Male,0,62.87633182
Cpzcv,Rdnv,9583,37,Female,1,48.5234257
Iryellax,Nzbt,8289,30,Female,0,50.58629369
Avbwlsa,Mkyjam,10107,70,Male,4,63.47382095
Sntdbh,Xkgcrga,17600,90,Female,4,50.0855252
Hwwqiffv,Rtvnipmhk,13010,37,Male,3,74.33943833
Tufqzvd,Llohv,12525,83,Female,2,58.99704408
Mfcs,Wolqczn,15743,97,Male,0,77.44221165
Yorueoii,Jrykzpsdl,8780,94,,1,75.61958273
Ptswszf,Ofrjtbt,10472,39,Female,2,43.47822778
Fsjp,Fefhupt,4031,26,Male,0,64.38413617
Nkldosa,Ddgl,14208,38,Female,4,62.42409761
Snbez,Pwtr,10619,75,Male,2,59.33957408
Vvetnyr,Wbcs,13366,51,Female,0,40.03373309
Aaicfejo,Fcful,1409,25,Female,2,58.11047719
Cqexfzyr,Tinr,10947,40,Male,4,56.65260108
Wxmiz,Odtnr,6828,65,Female,0,42.80638768
Wkrgoptv,Gtmhoy,4444,82,Female,3,72.20528813
Cvgkayhcq,Rnkxmp,6044,48,Female,0,77.45915761
Cnudfbpfn,Quvxyl,8052,83,Male,4,62.74672915
Fspbxuck,Sybowvt,2092,97,Male,3,53.47819223
Spuyp,Jkeipfuun,4591,93,Female,2,42.67509911
Teic,Rzrd,2595,34,Female,4,81.83742462
Bdmhqhv,Vdad,3708,53,Male,1,37.09842094
Rfbkps,Pxin,13915,19,Female,3,64.36413215
Cusvuxfyr,Phjtipm,10934,44,Female,4,73.36493809
Uqmllsgc,Qdoc,8424,42,Male,0,54.31166664
Jamlsdl,Ovzk,18304,29,Other,2,72.61654715
Elexzznb,Gbgmfv,3108,54,Male,1,51.16794676
Udiylescl,Fvakbsd,16771,55,Male,3,45.77057376
Iduzv,Jhpvehifz,6171,26,Female,0,52.52982286
Jseg,Xcwcjlpg,14861,65,Female,0,62.74137514
Kashdv,Aftkdadr,8212,37,Female,4,77.63789014
Tnvuikkh,Iqkc,15092,20,Female,2,55.42819674
Ammkqg,Pkpibleq,12383,45,Female,1,69.61798013
Bqfsc,Flvreyhjn,3531,40,Male,0,50.06220354
Sdmvjxbih,Rowupw,9007,89,Male,4,73.84023367
Jtqtzoerl,Rasoht,13820,49,,2,72.03943027
Jouwzezrt,Rnbfe,18980,56,Female,4,61.66371619
Nqaxbix,Cxkmukdz,5134,87,,3,41.821157
Nnbere,Nvib,9048,83,Male,2,38.60739131
Uyghi,Fmjmgk,6589,91,Female,2,64.6878008
Nvgxita,Fuidxwfau,17811,42,Female,2,58.20537736
Ebxrhuqiz,Tugsvr,9600,40,Male,0,59.32300088
Zeoetad,Zcepbvdu,12851,90,Male,2,66.95624718
Hwysbjlsg,Ogqez,14115,81,,4,47.07863965
Xxgscwce,Nwzgq,4671,95,Female,4,46.38469293
Jeakjnt,Mghk,13701,25,Male,2,55.53091216
Ophiz,Rdsi,1735,98,Female,1,76.65385481
Heemqwmbi,Oxme,19108,27,Other,2,66.07827072
Kaxsi,Fvde,16112,42,Female,5,56.55355852
Posradnzl,Pkyrhaix,9367,85,Female,1,52.47850944
Fssqe,Tfbuzavfc,5322,78,Female,1,71.74216591
Agotepy,Psyljuhxg,7452,88,Female,3,46.54203599
Imhoidde,Emggzkm,14322,66,Male,0,66.48125384
Hnpwtdxd,Rsulna,9767,19,Female,2,56.86560879
Pgnlaar,Chbei,17280,25,Female,4,63.09120061
Frxfkrzz,Xlmaf,15676,73,Male,0,53.41381871
Jcacym,Gxgtj,10751,60,Female,1,90.56544176
Jxky,Bwjcf,2576,28,,3,47.23887233
Taozyr,Xwamzkwa,16611,65,Male,0,64.09423562
Spdfkdbcr,Lamrzbeq,15650,47,Female,2,49.29529778
Zvye,Zmkmt,3125,57,Female,0,51.32893309
Bvjbqsxrq,Dkdqnwigh,9256,43,Male,1,62.54842747
Foanvk,Rktenfiqa,3288,83,Male,3,64.19072622
Zbhgpf,Genxcnty,3382,96,Female,2,74.35605981
Zxcc,Finlavfau,2046,87,Male,1,43.27831128
Gbjjavn,Lynx,6569,93,Female,2,52.77934881
Racmwahua,Qiskst,4187,39,Female,3,53.16345905
Mctvfitrm,Hhda,1725,80,Female,1,72.27243867
Qsyotpxn,Mmahgdo,17877,85,Female,1,42.34983907
Hoqk,Aqpazbs,9022,44,Male,1,56.99312175
Xxozpbwjq,Aidy,17141,81,Male,0,50.8714173
Xmcqjih,Djxxoq,2277,22,Female,2,71.41952375
Pjlly,Tyygvm,19057,34,Male,1,60.72164627
Rmehsftjw,Yitr,18478,31,Female,0,66.1120027
Ognjy,Tloflgq,19050,51,Female,5,74.35393231
Qpvlnwv,Rtrnw,17336,84,Female,1,76.27269198
Ltpy,Ybylof,16296,72,Male,0,52.567087
Wcklrsdj,Meabqtk,8642,21,Male,2,53.35456603
Jsgxweb,Udbufdqxs,18615,24,Male,3,45.99061566
Rxzsufym,Jtima,3218,29,Female,2,61.68052748
Poitbomt,Ardy,16243,62,,1,60.70044659
Qteodh,Huvm,5231,87,Male,0,22.13656586
Ahhzdchkw,Pkwdqaty,19997,48,Female,3,52.46293668
Oidyagfqj,Ggwe,19511,91,Male,0,69.79542875
Bhoqwploj,Xthuxgft,6844,76,Female,0,63.07131441
Qkyc,Gghndwc,16072,50,Male,4,74.91985132
Eltjzb,Qfuaf,3139,79,Female,3,44.78442616
Kshoarm,Rraao,15446,90,Female,2,75.72092314
Ygifbaksj,Oxqpdmjn,8666,93,Male,3,43.38106844
Swoqlt,Vfypwn,15955,52,Male,2,65.59941678
Awxltfkx,Znpw,7072,34,Other,1,60.26293606
Vgyi,Izaqboibm,17312,18,Female,1,58.94806657
Ndfuvnfac,Ydoo,6404,62,Female,2,65.83434064
Nwajspql,Iogo,17026,31,Female,3,55.47481834
Pvvwl,Uuukgqjr,18196,73,Female,0,55.99745558
Ozeyivx,Wigf,2649,54,Male,1,62.58252861
Ifkpbnt,Iiqospioc,11227,53,Male,3,59.53765604
Wrkd,Ouvgp,12094,84,Other,1,66.07652836
Cpjsexrt,Admrqvqnt,2803,36,Female,7,72.32406749
Fjdwgqi,Bxvso,6020,50,Male,4,70.80568975
Xezdmbq,Irtuvh,11770,50,Female,4,73.63826095
Eboy,Ywta,6051,19,Male,4,67.08341095
Hnseb,Jgvftpymb,10504,70,Female,4,29.52326328
Qcqygin,Dhtnc,17952,34,Male,1,76.53598757
Jnoqg,Mshaai,3957,47,Male,3,69.08488679
Lwcmfp,Bvzcyb,17622,43,Other,4,69.08140213
Wsad,Acaag,1116,43,Male,0,66.00474054
Ctbhsmf,Uhktkv,18614,56,Female,3,50.3721432
Qyvu,Pjsubjkq,13360,81,Male,3,73.35741461
Bpkforpo,Qgggpjen,8783,51,Male,4,50.02378291
Vwioyrq,Atzvfpj,16874,23,Female,2,68.4293191
Mbte,Eplqn,7628,65,Female,4,64.78291921
Vvzfhamf,Qkaftado,19013,60,Female,0,63.15416105
Xmxhh,Vwlaestx,4505,70,Female,6,60.90402997
Ferp,Unegg,2496,84,Other,0,34.69352685
Ubupsfibw,Rpjz,19219,31,Female,3,55.98850133
Pjbi,Swuv,15004,92,Male,2,52.30240378
Daybxrfl,Madvgmpx,17150,97,Female,0,57.69800279
Dgxsgrocd,Teybqc,8967,43,Female,2,53.46051368
Xmjwwabdc,Cbqii,8076,73,Male,4,60.1887108
Ammqcdb,Bojjgr,11967,75,Female,1,56.62481978
Czroqbshw,Xrpouh,16330,66,Male,3,72.10991561
Ukabmnto,Hmmqpeb,15530,22,Male,0,63.72443238
Vnoct,Mlscrvu,7173,89,Male,1,64.31497823
Xbkifz,Pvjvhupgg,17108,54,Other,3,41.04664298
Ljxbafkl,Kperqdoms,8032,36,Male,8,63.20647807
Jopqct,Trohyn,16328,39,Female,0,36.71368186
Qrgwlbbh,Txtitcia,4369,18,Female,4,52.01261618
Qmsmw,Wzillx,13483,61,Female,4,70.01891137
Ftnwhdmw,Bjiquuhr,17411,54,Female,3,51.99135148
Uatsvsh,Decihj,11290,83,Male,0,73.44047149
Tkkgbqj,Llmokslln,13631,26,Female,1,58.70844722
Rrqndgri,Gmftvoza,4146,49,Male,4,60.60856815
Xhcjwlet,Ocabdiucj,5384,84,Male,1,61.50638756
Xdtvbfl,Bcjeohxi,2174,43,Male,4,59.13404157
Tsnvpb,Sfkxhv,14260,44,Male,0,57.38085564
Lrnqcgq,Unns,16583,77,Male,2,41.1727158
Fzbsalwt,Chbdhjz,8618,32,Male,3,58.70205787
Crslbkip,Jitvpf,6273,30,,2,71.42570442
Tdbnh,Adrzmdec,6945,56,Female,4,62.64229059
Kolmky,Ogvlnte,19471,76,Male,3,71.44907834
Zuaabodc,Dywekz,14105,85,Female,0,73.00098572
Oyezygk,Jeskfg,18415,91,Male,4,60.81119941
Teywogeni,Zunrxe,8370,39,Female,2,49.77963428
Nlrwnip,Gdmklsr,6629,26,Female,1,53.11521996
Cyop,Syll,5031,71,Female,9,52.57382715
Tolqyo,Fitrycx,3658,68,Other,0,55.66245246
Znejqq,Thfxwlvr,8555,39,Female,2,64.86794092
Kmgtmyiyx,Yubhwj,17107,43,Other,1,56.41283763
Lkmugs,Dhdivn,12548,32,Male,4,65.41843663
Tqbyvfyd,Pmncabcl,6568,80,Female,3,57.86797273
Gsnejsd,Dhfixjsrq,14161,30,Male,0,74.49930479
Mripiuc,Gznpkwqe,4589,88,Male,1,59.30733914
Spaptmvv,Mktyd,9146,41,Male,4,49.19239876
Hswjar,Grhuoipi,17397,67,Male,1,61.79251639
Mqbhdzqcb,Xtfctsi,17979,71,Female,3,49.69667566
Qmcatkxj,Zsqrqws,9793,97,Male,3,84.46406708
Edenhp,Mrlp,10605,64,Male,3,62.48025182
Buganvfn,Braswhfq,10904,73,Female,1,66.34865837
Wnuiuw,Pycyp,16400,91,Male,4,60.21029928
Ymmn,Cmofe,16625,91,Female,3,50.13428588
Eyheknf,Zhrr,18531,77,Female,3,61.98014764
Ixsdbcem,Jobnmpeh,3853,96,Other,4,49.09120341
Dtqz,Hcxtoomde,2433,27,Male,3,79.63868709
Ljvxrppw,Vvsnw,11828,44,Female,2,49.35075477
Anjytdebo,Yvrnatu,6179,49,Other,3,70.18005112
Lzwutrs,Grbt,3673,74,Female,4,64.39721593
Dcsje,Dcozbu,5461,75,Male,3,68.80147357
Jlvxpopr,Putitcvu,6836,27,Other,1,72.66693378
Hbfzkwufh,Lxymi,11853,81,,2,64.63248674
Wacvnno,Zkqeoui,12687,61,Male,0,40.2720613
Joec,Gptmumqps,2910,34,Female,4,55.15512127
Guhqu,Urrqmkzul,2842,81,Male,1,79.19782223
Zjnuzw,Urbssir,7206,65,Female,4,67.92857487
Zfcn,Kmrdgr,6276,48,Female,1,63.4032429
Sefhmgdep,Xuaxc,13433,39,Male,0,63.69935656
Txowfsn,Fbhndsr,19698,24,Male,1,42.18894725
Crnyib,Iirtlal,6073,44,Female,2,40.79609269
Cfdg,Xvytxmhqz,6460,64,Female,0,57.0329111
Aeskqetf,Lcunfts,15024,96,Female,1,63.66436791
Xtwlr,Kuadypbpp,17911,54,Female,1,69.50658883
Mybgnb,Lpjqb,15156,39,Other,0,63.18870678
Gghjrxgob,Vlovlp,17047,47,Male,4,54.70673082
Heza,Aeustkf,4100,73,Male,0,69.60875447
Bsoaj,Tnnxoo,11786,22,Other,2,65.21266876
Qnfql,Imifolqi,11642,54,Female,1,62.65625669
Farevd,Sehxy,5954,20,Female,9,79.97405342
Kyayo,Chpjtw,11476,46,Male,2,57.0993161
Tggafwtrf,Jnehwp,16963,85,Other,0,72.76255934
Xczjrp,Mjwaauo,3781,74,Other,3,61.62897545
Buxk,Ouabjxhe,14891,97,Male,4,32.04712156
Dktvvqrny,Cxtzpg,10138,95,Female,5,65.96203928
Clpev,Mblket,3605,80,Male,1,77.40174525
Nfwky,Jctotl,8786,62,Female,4,50.05843538
Nrtur,Zbqivube,4944,91,Female,3,73.44121501
Hflhn,Nygbquetk,2300,30,Female,4,68.03676461
Mfswv,Royeyub,12681,85,Female,2,73.60405134
Mzmy,Iqyhjbes,9579,83,Male,1,39.36542515
Bvpufbll,Okdqq,18227,27,Female,6,61.66363868
Ekifqln,Bdrogtra,18574,90,Male,3,68.18551477
Yrlcivdw,Etzegfptm,15688,79,,4,78.88343236
Xedejsqsa,Ctvidvg,12553,95,Female,3,50.62032586
Svgvjlq,Mzfnvuu,2732,85,Female,4,51.35599274
Txnveny,Jdslufbhd,1835,42,Male,2,67.94314091
Wsydcatxu,Hsss,17364,77,Male,4,37.38672139
Netuzc,Mgao,13193,47,Female,0,55.24056256
Xvczbjz,Wnmdcaa,19486,27,Female,2,32.64462953
Pkqlzln,Votuztx,7407,24,Female,4,69.72054653
Khslmsgp,Zlnbnkpfn,8599,75,Female,4,48.50466682
Msta,Cfvtac,8940,65,Female,3,59.03242449
Kgpidumt,Koqdeg,18047,47,Female,2,60.71504536
Mdbxeajvs,Tcmfalj,3307,31,Female,2,59.79015945
Qzgloemn,Iccmb,12581,46,Female,1,45.14111892
Insm,Sfvrllgn,19451,93,,0,80.32345205
Zeyffmbg,Cbqnvzy,1945,59,Male,4,63.3186782
Nfhlbv,Anfsk,18538,53,Other,4,65.11167367
Pyhppjxa,Hojbn,2852,87,,4,64.26563214
Vwcl,Ygfo,3477,24,Female,4,46.7986317
Mxpcd,Fblmwpjmw,18720,63,Male,1,69.64816811
Prxnq,Snlgoknra,18749,49,Female,4,80.08012503
Mymqazhc,Yatbhni,14679,80,Male,3,66.17443231
Eycg,Kgkruxila,17577,20,Female,2,67.37505799
Wnptwg,Iauexcf,16664,67,Male,1,62.23637301
Hkot,Emlfrwhn,16896,21,Female,0,67.56505595
Qawvm,Iqlf,2538,44,Female,4,54.02039987
Sqjebpglg,Pjza,19237,97,Male,2,63.79895282
Hwgwus,Dybhap,17746,47,Male,4,64.76417641
Mctynz,Ocdrtsdlq,10448,21,Other,7,76.97569929
Uxuyjbpl,Nkywstz,10512,52,Female,2,46.36398903
Wvpza,Cbjyblu,2632,33,Male,1,63.18420163
Vkfikwciy,Ucjgifx,4553,32,Other,2,65.42227945
Zjlrweub,Hsoy,14981,31,Female,0,60.57200202
Dlgpq,Idqqwonav,13249,76,Female,3,74.12263972
Zllb,Dvsjk,15739,74,Female,0,80.13090464
Pfrfc,Fftxok,5950,78,Male,2,56.11644191
Crgi,Mbnktgmuv,14847,54,Female,4,47.0194938
Xgbxm,Nacipgw,14532,92,Female,4,50.49900758
Kulmflj,Imopqfss,7602,57,Male,1,79.79784302
Qarelzxkt,Hmmw,15779,36,Male,1,61.23899593
Ooca,Jofh,3819,45,Female,2,47.82723594
Ormj,Eobqf,18388,88,Female,4,44.06654497
Zuvokra,Nwdj,8415,31,Male,4,71.73737899
Xasddwb,Clvjnim,12512,51,Male,4,63.22671395
Cvxn,Wvwy,16204,70,Female,2,50.11337742
Dhhofwie,Itrr,13518,50,Female,0,72.9581676
Htwrde,Mfdrh,17043,65,Female,4,49.48475515
Zmbvejed,Brfdys,11267,71,Female,4,78.83509473
Bwiiiys,Bowjche,3860,91,Female,4,50.86172044
Rwvjg,Rjnys,11597,68,Female,4,60.85517429
Uvoylfqs,Jmuruu,14246,94,Female,2,47.20023491
Nmwed,Rrdslzl,7613,79,Male,4,42.88853907
Jegisk,Kjpqjyrz,5274,26,Male,4,73.79230313
Oqoejupct,Jxzxnv,15627,58,Female,2,63.43732122
Vefz,Qccptyuv,15670,60,Female,2,59.16330487
Ldmtz,Tpqhe,3903,51,Female,9,67.69369838
Uljqwwu,Tbba,16009,29,Female,0,53.87034492
Cozx,Fjttowky,3651,73,Female,1,52.83236093
Ualabt,Epfpzzq,14517,70,Other,4,64.08754299
Uqlxi,Tdkao,12868,51,Female,3,81.8975706
Ezea,Zgrncqos,16337,75,Male,2,43.59577091
Jvfvgwn,Jmblph,4463,62,Female,4,46.93872419
Eihimufrs,Zreepaaan,11441,60,Male,1,68.38325492
Sylrs,Hgjb,19919,55,Female,2,52.84288815
Bujgweakf,Flgd,14380,49,Male,3,64.66761565
Gqledova,Ogmacdgwt,15769,98,Female,1,70.5097981
Pzzdl,Hkpgup,13555,86,Male,1,46.61264255
Ekvppk,Obermc,6858,74,Male,2,68.57772869
Rtgntpri,Rgzj,18688,42,Female,3,49.26658094
Hgzm,Adcmccyja,13052,96,Female,1,68.69386692
Hsijwl,Emnopczc,8468,70,Female,6,50.02748843
Togigvz,Quec,15238,51,,1,68.31227117
Jtsrrr,Arkuqyn,15763,86,Female,5,80.75587901
Mfwjzldz,Cavf,11791,41,Male,2,61.72679019
Dxcb,Ddlgmz,17924,44,Male,0,59.38017184
Sxdaulfg,Kaee,2487,89,Female,1,58.5982575
Zjdib,Iirg,16531,24,Female,2,49.17161148
Sprlyrusi,Xjovshfi,9459,26,Male,1,34.29866081
Nggqp,Fwkntxxjj,16368,31,Female,2,55.57104118
Slfsfdq,Avbziypb,14058,49,Female,4,69.02817665
Xtykijhbz,Vtbkhkucz,13922,19,Male,1,66.48174061
Lqwvps,Qqyk,17795,96,Male,1,59.36977471
Jzai,Oaxo,8514,33,Male,0,61.49188687
Smay,Jzqsep,14252,92,Other,5,56.86621612
Srlyqxczz,Zoubkqz,1921,29,Male,4,65.37036122
Htet,Gxdu,3294,96,Female,4,42.87345621
Zdvnszh,Knsiuv,6720,34,Female,4,55.39112981
Snctnum,Havjw,3873,87,Female,1,78.59442223
Petzk,Ugoymn,19107,79,,0,62.11342445
Lrnhb,Vzvjquu,4705,46,Female,3,42.64390112
Eoodm,Wfzrfwdi,4787,72,Male,4,68.30801341
Ifzgul,Ktyqb,2067,26,Female,3,40.53752935
Srfzpnu,Zxattkhk,3058,46,Male,1,70.48901997
Itsreu,Euslcbwye,16004,44,Female,1,63.47448127
Uqmvsq,Nifewu,13528,66,Male,2,50.84542659
Sjlgel,Mwrvoql,17494,51,Female,3,43.16506488
Jziinz,Dqsbroufb,8114,95,Female,1,41.98235192
Hzzgeg,Qneks,19075,90,Male,3,72.23410608
Nlsks,Muifhg,16274,76,Female,0,63.1723355
Lprmx,Pwypnar,13314,58,Female,3,58.60539935
Jiupm,Pdpogvje,4681,57,Male,2,45.7716783
Nlwpvgiho,Nrdxnmsk,2983,52,Male,5,58.48784012
Hsjcwsiua,Dwpihp,6281,24,Male,2,54.44597042
Wkgueqn,Yhfw,3195,79,Male,0,79.26775906
Sbyoetfyj,Emjgh,4265,49,Female,0,41.80387682
Joupfdm,Kuwbfcn,4880,83,Female,8,55.49766937
Uarvxkpcp,Jsynew,11107,77,Male,3,79.31532185
Dryzdgeu,Wkjxg,9965,22,Female,3,65.17176902
Vcdrnryet,Xvixylpb,6152,53,Female,0,66.9888692
Fokepgged,Avyrvwkv,11818,23,Male,4,74.25041191
Pbzxwprvp,Kwltnyju,9135,23,Male,4,50.66493308
Xoqfasev,Vjvgal,15096,73,Male,0,67.14065456
Obdpzwddt,Yyzcdqxu,6627,20,Female,0,48.63966319
Waxvizs,Mgfim,10662,28,Other,0,45.85859473
Tuclofktg,Akgsto,17495,23,Male,3,59.21671938
Ahjcxurvz,Jtsvkf,19076,52,Female,0,68.35761522
Jnlwvzey,Hiuajb,8883,95,Male,3,56.90558702
Aziwpa,Hsfp,15768,77,Male,4,55.70922865
Looh,Crqkhzb,9262,44,Male,2,71.12140866
Qgonqs,Xcon,11862,39,Female,0,69.36392629
Aacqsfpqf,Hhckeqzl,18027,62,Female,3,71.28654824
Gtlbtb,Zfyfkhxym,5422,69,Male,0,45.79071556
Mugmf,Futiqjzq,13676,87,Female,1,62.78251505
Sydeino,Rgmae,5849,32,Male,4,50.28300484
Tbfhwgqw,Buatdp,1298,52,Male,3,82.13941501
Krdvcf,Uvqjbu,17251,33,Female,2,59.41324009
Jemtjnuw,Dcggv,12212,68,Other,1,45.17650181
Ozpjhaec,Egahvt,11186,63,Other,4,68.17183497
Rkisfol,Wlgnfshfr,3952,44,Female,3,45.11593271
Fbqxozsdm,Mwsxhxc,5449,63,Female,4,50.05715261
Fhbbagki,Leajgfuo,4206,23,Male,3,64.17293109
Xfbudghwn,Jhkhgc,9199,95,Male,1,74.96069901
Iigjjvjdq,Xlerxkg,9985,50,Female,1,43.84613462
Didrvgive,Itwr,18781,92,Female,3,80.23517451
Yyosftlpi,Gnbxnywry,14651,49,Female,1,81.89280124
Pveib,Vvttdhgcg,2804,67,Female,3,64.58073031
Rdpezhsv,Dvtfnjq,17670,19,Female,0,61.79793897
Dpsxe,Qujsblq,8204,68,Female,2,63.30524938
Xnkq,Mytsarjfu,3850,41,Female,6,79.56430549
Oegrvqdd,Mqqr,2797,82,Female,3,49.85888218
Rvng,Unmaldhrf,17643,58,Female,4,45.44535249
Uafsr,Sjxc,8459,44,Female,4,43.29871387
Slytcks,Khnqgnl,9686,36,Female,2,55.28653115
Slakpql,Prheuklx,9658,89,Female,1,88.58225288
Rkbfhiai,Lmji,10199,91,Female,3,50.78272
Gbppx,Olzngq,11037,21,Male,4,52.76834179
Lzjlugtww,Dlpmsb,10220,42,Male,2,54.31491834
Wlve,Huctc,9954,84,Male,3,64.43609405
Jnpkxkty,Dquyypki,13080,76,Female,4,60.96593394
Keafx,Cuxroonz,11796,86,Female,0,33.82422418
Wihnovk,Uqunkrib,7156,73,Male,2,63.8399073
Ivzaxnzkj,Ktdcpm,15256,22,Male,3,41.34680206
Duibaue,Fzvqp,17245,88,Male,4,62.57848803
Ewryklkm,Ncolbleo,17530,43,Female,1,50.76823624
Vjaxcf,Dsqxnso,10964,64,Male,1,73.47527894
Ykuv,Lkeg,14042,86,Male,9,60.53261523
Hcfo,Lrnouu,6535,55,Female,4,59.58027557
Lrezic,Bzdmgxmw,16506,77,Male,0,60.79577641
Atftmqzs,Qyxaatdg,6420,24,Female,1,53.65383598
Pmxjku,Lyygarx,16409,37,Female,2,64.46804705
Emxalw,Ulferc,3372,73,Male,1,52.78101607
Itual,Yzlfmq,9513,38,Female,3,84.32850687
Tfchn,Vuctqni,12828,58,Other,3,55.07892748
Ypxivaqzd,Rwni,13086,32,Female,3,55.37540296
Fcoikocq,Etckidm,14839,70,Female,3,55.41159267
Snskm,Wztogn,1426,80,Female,4,63.78751217
Dzisw,Ypcyzbcak,13098,63,Female,3,67.9496964
Kqlxwoch,Kvyk,8894,50,Female,0,67.0899049
Imuy,Fmrdspdk,14207,25,Female,3,53.26619951
Omwubpdzv,Ikjfhwedk,3290,46,Other,2,60.81808581
Jtlmhnped,Ytvuct,1022,19,Other,0,51.42325026
Lnliah,Lkuqqer,2377,72,Female,0,66.22105704
Weep,Slpqvati,10207,18,Male,2,36.04763941
Moaprvniv,Qivrbnpsp,16603,84,Female,1,57.75431376
Dwyz,Kxge,1306,96,Other,2,53.0050646
Qfrdaxt,Wuct,14965,56,Male,2,68.27433354
Swqf,Zyvjy,3266,55,Other,1,80.22612695
Mglwhsg,Bllql,13533,84,Female,4,43.70091197
Eoxqkv,Bujdv,15273,78,Male,4,51.36425501
Dcbqznhec,Xmswissk,2792,46,Male,4,89.20126362
Mlsei,Ciehjorv,1900,87,Female,0,57.52942938
Beme,Rejtexeor,19715,37,Other,4,68.62412238
Rfgprmi,Wbacbyusu,19165,41,Male,4,62.57849129
Qrfojxml,Cxqdmhh,6109,30,Female,3,76.25184331
Pavqcjm,Wjtkzfil,11936,72,Female,1,50.70331549
Hxck,Esxwtp,4175,80,Other,0,39.54561254
Vigsq,Jdho,13548,97,Male,1,62.66703322
Nywdlni,Hutpw,17788,80,Male,1,70.64390836
Irycgu,Stqsfpy,16752,28,Female,9,69.48221401
Bilkpn,Arewdpb,1785,44,Male,4,61.07353111
Iflcammuu,Diafkn,13425,98,Female,3,82.72819272
Wbsjlu,Umphgrz,19690,95,Female,4,31.37616413
Yimbkrmg,Vbsqbhtiv,17653,78,Female,3,41.67248582
Kfeshu,Sqqfyc,17257,68,Female,0,62.32233914
Aydf,Odcrv,15661,89,Female,0,52.89990436
Lfrytqzze,Aamex,13858,45,Female,4,66.49689775
Byeef,Alrx,6895,82,Female,3,51.2915644
Utsosypi,Xvcvmt,7272,44,Male,4,66.42717486
Nrufg,Ojafusm,11640,52,Male,0,65.43042968
Rekiro,Tjyv,15980,67,Female,1,64.74334105
Vxqu,Ctdt,11151,83,Male,1,61.61115405
Mler,Qqxkbdmvi,12116,28,Male,6,51.90550283
Otjikuh,Jvjb,7031,83,Male,1,61.3852822
Qwgtzg,Kfryjg,19947,25,Female,2,68.28870111
Zjrtup,Wlqnvge,16798,24,Male,3,64.3383603
Yqdglpppi,Nraap,4437,83,Female,1,55.57243974
Srwbnfcxa,Ooxa,7424,77,Male,4,63.38432629
Xohfuthj,Ukeyzaqd,12791,88,Female,2,63.63076712
Tgzzyf,Ufremfzbr,1649,72,Female,2,40.95569707
Troueiqp,Frtdgfnis,10770,60,Female,1,69.25348574
Ikcwnmcp,Plgsl,13072,37,Male,3,70.56942467
Lyzztqfk,Gyrmiof,4653,22,Male,4,60.4407584
Jebootqqe,Fuww,17157,72,Male,4,32.62364651
Aqywg,Iqdyruvz,1120,78,Male,1,54.92163687
Qqvluwr,Yphymimbe,15515,36,Male,4,64.9641668
Eyzwiq,Vuxcmm,8306,43,Male,3,60.25342383
Hwgvcyjx,Sdts,13089,31,Male,4,42.52426182
Duorwo,Bhruhwrn,1176,85,Female,2,85.90245142
Jubvd,Njzrgclrt,7797,43,Female,4,72.05272087
Clyfk,Huanxyjum,3514,48,Male,1,48.02656281
Ngpoztv,Nttgb,16935,84,Male,2,42.84097862
Tnkwlz,Fdaepwv,4295,36,Female,0,46.4909027
Qlnfudrao,Jmevrlo,2038,60,Male,3,75.3007125
Gzzhhhn,Efhezlg,10484,25,Male,9,74.17557638
Yrxwiuo,Gkmsxbcv,11422,89,Male,0,50.3328677
Zplu,Nekix,3118,61,Other,2,57.96494456
Lnafsja,Ueuz,15608,18,Male,2,65.77170616
Bddqmodj,Jtrwgvru,13906,98,Other,4,70.31531943
Abhydqw,Fsuuxl,19833,94,Male,4,71.49476001
Qcgiaxy,Wvfipxu,13294,54,Male,1,66.44840377
Fmlonj,Ruipteho,19093,81,,0,71.38703141
Okkl,Ktex,15467,93,Male,3,58.00561221
Sntatqfyp,Xmvfrrte,5830,65,Other,3,45.14567047
Lelj,Hbuxsssg,13730,72,Male,4,56.19370289
Zrah,Qnrd,15526,35,Female,1,83.3429147
Phpfei,Szohcio,8412,65,Other,2,66.05280094
Osjm,Qmqtkbtr,6607,36,Male,2,49.98095605
Sjezb,Rjjuzh,16124,92,Male,2,45.62074794
Lyufkyz,Disikz,19838,48,Female,2,35.40511537
Vspsfuxbo,Vkayoid,9047,19,Male,1,66.56411929
Hieyva,Zdfzfdpv,6401,19,Other,0,53.21353508
Sasbbzsbv,Hsoquma,14254,55,Male,3,57.98894737
Wjcticoms,Xslc,5361,73,Female,4,54.96746694
Fdfcbads,Zasibvfol,18841,49,Male,1,82.43588684
Lruwz,Yhgnh,15255,19,Male,3,62.92177654
Lpxika,Vbtu,5986,67,Male,3,49.88870498
Czonpodo,Rdwe,8269,59,Male,1,58.21943306
Purfhqn,Tduseu,13965,45,Male,0,65.75628221
Rqfkk,Iyjuerp,9752,59,Female,3,63.84576847
Wkpppnf,Imqhgxdw,6440,40,Male,3,72.40469239
Muqbw,Okfbrjmto,7575,31,Male,2,81.08373001
Rqkd,Acklezm,11987,47,Female,3,35.46796832
Rtaehymdr,Yuwo,6494,29,Female,4,77.37461767
Zrqiqy,Aenbpt,7612,82,Male,3,56.47486984
Oxaplne,Wfoknfrue,15928,21,Female,2,44.72403076
Jhvynysb,Ghat,13381,38,Male,1,28.55013822
Mfgjl,Mmlxaz,5592,44,Female,9,51.21044356
Iimezsaiz,Vncf,12415,32,Female,1,55.47795455
Hgdml,Mxvn,19172,32,Male,2,54.73322164
Vgawxe,Thpfqqyke,18372,42,Other,1,55.47043167
Mhzobn,Vizz,14774,48,Female,2,58.05771658
Iiqvwcfy,Zqpycpv,12695,97,Female,3,64.63415456
Wcollau,Omuba,8650,39,Female,4,73.99853885
Twgvshxsh,Gqyn,13332,85,Other,4,69.25835726
Muphyon,Wznsk,5895,31,Female,3,76.51161962
Rczgh,Oqjtiagi,7605,61,Female,1,61.2385547
Fdmgl,Thhk,8021,93,Female,3,72.43972605
Eblvzmxim,Njpjp,13113,95,Other,0,69.71072543
Kbkvsdc,Hsklvtlti,13120,41,Female,2,40.2805311
Giwde,Zcceixbnt,18359,63,Female,3,85.38447102
Prfewt,Znytkhwy,15031,46,Female,3,27.6946929
Gzwtyd,Cnyeywz,18461,20,Female,2,49.6415461
Fkgekduy,Bszrx,17321,29,Female,0,17.37651922
Ptbe,Sgpkduu,3126,92,Other,3,58.37241743
Zyayty,Swpp,3930,43,Female,4,50.98277181
Zsts,Oijbne,8820,40,Female,2,65.77438598
Lcnncmq,Nrhw,4118,61,Female,9,72.96854988
Qpeds,Gsvhttuk,3798,93,Male,4,52.53350058
Bccdfvnm,Qpgtpcoc,11232,56,Female,1,74.34644698
Lbtvky,Mpjid,4161,47,Female,3,63.79921677
Hdsly,Peuodui,2276,68,Male,3,54.21596827
Nnbziakr,Agobecds,16435,23,Female,0,63.46378917
Mpcmxlhto,Uuppbtygp,18773,82,Male,0,44.63897139
Beqc,Ibcbb,9234,75,Female,4,51.60715294
Yiuith,Nydhb,14778,45,Male,9,70.60881376
Wiojnwvvo,Deirweoto,9294,31,Male,1,61.02327315
Qdcgbw,Sdlyry,16934,20,Female,3,46.9660581
Qtuluiaix,Nelosin,10621,31,Female,2,38.77433485
Zxgekdux,Yzrti,16205,60,Female,1,55.54927135
Zbpeamwnl,Dwnvqnxj,4030,75,Other,2,43.24745722
Vapfl,Cvtxtzmk,18883,95,Female,1,48.36415516
Xeqy,Sjzqhtf,8945,84,Male,2,47.09660713
Ieyrud,Hbnaztxmy,2988,29,Female,2,57.78430532
Auczo,Chwdk,8885,74,Female,2,63.39010149
Donrjwlz,Jtywkpsqg,16627,85,Male,4,73.51355879
Xkxpui,Brfnbjsc,8111,97,,2,39.56126106
Gntruo,Wyzoa,4009,66,Female,3,78.40990296
Bqkazedt,Fizb,2904,59,Female,1,57.32419799
Kyehrtqt,Mnnlywu,14822,69,,5,54.23297821
Gthg,Nrynflvw,1891,38,Female,2,58.53827492
Gqpbzavm,Fgjfri,9452,74,,4,51.49582662
Saozd,Vthwdounr,1626,58,Female,0,63.89413133
Kmkfo,Sowjulpre,12518,26,Female,4,58.71245621
Qpwjieiy,Awkxxbcu,13078,61,Female,1,53.33960727
Bfsuyu,Qiyoxrqg,2472,36,Female,3,54.15863438
Bhqau,Eknusug,13935,30,Male,2,55.50806484
Sewg,Tzzffenm,13229,66,Female,3,60.88097454
Uwvkku,Rxql,16515,83,Male,3,51.54502597
Pmqtkqh,Kwnysdum,2547,86,Male,4,39.210821
Oeomdqhjk,Idwq,15891,83,Female,4,61.61735114
Fgdqq,Rhrz,10687,55,Male,3,46.52062132
Axhdpdybf,Fstdyndbd,3250,85,,7,42.86702631
Wzfvopfs,Dkbgwuje,3410,30,Female,1,NaN
Tchhqu,Ucphech,10223,85,Female,1,56.59670951
Njwgoe,Huasalva,4438,42,Male,2,67.2817772
Mkrnp,Rucef,11585,90,Female,1,43.61961206
Odcun,Buawui,6883,28,Female,2,74.00246855
Puus,Ohqrxaao,6999,85,Female,3,45.40440428
Ylcapak,Zdsvt,2636,50,Male,1,75.42140628
Dksfjj,Azbbjhqwv,2569,84,Male,4,47.21301952
Nxyg,Kvtzyfu,7171,76,Female,4,60.97234462
Flegwgkep,Snmwf,9000,61,Other,0,69.64611386
Qsip,Apbjdhp,16030,66,Other,1,66.75282574
Bngphdm,Rrlxfp,6499,81,Male,1,50.20666796
Bpkc,Cvmvbyflf,17988,26,Male,3,50.5651688
Nvqm,Mmniueo,15597,39,Other,4,51.50803569
Qhqoebvnb,Zyiewlwz,9556,67,Male,1,64.995154
Akdo,Ehhstfe,4328,88,Female,1,65.0018308
Cdwqjfb,Oujslu,10948,62,Other,3,51.93271993
Vvmtphnpp,Mebyxaor,18590,60,Female,1,58.53646503
Ixyrld,Hqaezk,18566,84,Male,0,60.68846224
Ukzrddxs,Rbmbucf,10784,37,Female,3,84.54971343
Tyespgfp,Bzmtoqei,10340,56,Male,2,64.23919934
Mlqittyrt,Junctllp,8274,43,Male,2,75.24753448
Ljfsdzj,Ngoehglh,10880,75,Female,1,69.36410266
Rkvrizzj,Efqnrnye,5701,66,Female,1,58.8370467
Bgmcasbw,Qvtgzihfc,2563,77,Male,0,54.39810652
Rorcd,Gvbf,17708,85,Female,1,75.1191318
Lhuriuvqr,Atbkt,7854,75,Female,0,56.45751253
Jhfhsif,Bgliqp,14759,78,Female,4,63.30739031
Aqnlq,Ochj,2565,43,Male,3,70.38595444
Uxrsjcdb,Rkmej,13272,57,Female,2,60.41715532
Dttmsdtvv,Ylofplsi,4088,74,,0,68.78571203
Redsrk,Xaqjodayd,19029,77,,0,43.63706659
Wvepfswgl,Idcaut,3134,25,Female,4,71.59740137
Wvilzp,Cvsjt,19966,48,Male,3,42.8170334
Pviu,Nwbtnr,12269,61,Male,4,70.00445001
Pjjzmqsnz,Emovca,5353,73,,0,61.0785314
Emoxjijn,Dcnouje,19279,26,Male,2,65.25951121
Igetoi,Ihstdr,19314,93,Female,2,79.579216
Hivr,Bqgmrgqw,12081,91,Female,2,52.288925
Hjivbz,Dvgtei,19000,92,Male,4,35.90546699
Jwfb,Dbppectck,18010,18,Female,2,77.14606941
Lmjm,Azuwwojcs,8300,69,Female,3,69.89019355
Wcsgym,Rvcslo,12640,33,Female,4,40.37723587
Trwldpnc,Legmibos,17920,88,Female,1,56.8532988
Uczatgos,Uddmcqw,9949,34,Male,4,59.25401509
Ycjgwi,Aqad,2639,50,Female,0,49.75932374
Xgxkepbh,Cuxu,13363,69,Other,2,39.94938811
Dfarxk,Ddfih,2480,34,Male,0,75.51928199
Jafwf,Ztkbbgpzf,7493,29,Male,1,49.96862575
Mmmi,Dqqumpcdy,1188,98,Female,3,63.15016765
Xnvy,Lfozfde,2020,34,Female,2,48.64559484
Chwtp,Affzu,4090,47,Other,1,57.46933851
Dbmctzzji,Ytae,16010,76,Male,2,54.40516708
Cpwbefyf,Rdibmlw,8130,22,Female,2,55.30863825
Thkyvdnfa,Deyoi,19827,91,Female,2,37.07534863
Vubwhbg,Ajluyxvpr,5066,42,Male,2,65.06242516
Rjnzfrow,Pccse,14145,33,Female,2,69.80081195
Rghfyjd,Qhgk,6421,45,Male,1,69.26936771
Owyvstok,Obeseybso,8003,95,Female,3,88.13542894
Wsmtbyqdp,Ppkriu,10653,41,Other,3,45.27397977
Dtjvyop,Ajzsb,17104,79,Female,2,64.04972186
Triq,Wupm,6377,48,Male,3,46.16408996
Uvoitud,Wmczpvp,2073,74,Female,4,61.73514017
Tnqflok,Liyuffnjm,8892,90,Male,1,69.88751303
Dzobj,Odoo,10961,42,Female,5,67.28138456
Kgjetd,Xasrdb,9080,68,,1,67.92136492
Cisicths,Bsohahe,5865,42,Other,4,43.73295357
Qxjww,Qjkopatqb,5014,78,Male,0,71.51209959
Nrhoe,Zfpiutbsh,7285,27,Female,1,60.14242209
Ukgrloxj,Fjtky,18785,96,Other,4,48.36398489
Vzhp,Dcovuakr,12707,79,Female,2,61.34795511
Yfffysnv,Cayxmeykz,1967,92,Male,3,61.6318405
Vsgf,Adlyqkbd,6650,39,Female,4,51.90032826
Rnogzod,Aesynarab,6432,98,Other,4,77.03336497
Rdhlij,Pxbwc,3769,75,Female,4,63.43718783
Ygkrbspdm,Hftbsicl,2471,58,,8,42.61473786
Dvfrltnuh,Pmokjumz,10180,25,Female,3,44.69628119
Bdgfowa,Ifzewmhml,5523,42,Male,7,50.89502634
Vepgvoox,Pnqjj,8507,45,Female,2,74.8168705
Bkutpynav,Emqzdsrh,18957,51,Male,1,54.61623147
Tlzuhjk,Cdia,13973,67,,1,76.26077306
Vqdqazep,Chfg,14298,96,Female,0,41.42375166
Ovzk,Mgjnjbu,11164,27,Female,4,65.63021919
Zeixg,Bxancg,17968,92,Female,4,61.24336557
Rgdjllr,Rsephzh,3616,73,Male,1,72.89283182
Xzichs,Jmnuxgu,15852,87,Female,4,86.42771738
Rdhpx,Hkyl,3314,79,Male,3,77.78652308
Ojntrim,Fmbcty,13035,34,Male,0,56.97377362
Vrbzex,Lvpwdaosy,10139,39,Male,0,70.82732842
Eeyisxa,Pqyjpvhd,10295,62,Male,1,78.11130823
Bhrp,Bbra,16076,75,Female,3,61.51265084
Eceeanwwq,Ypne,12143,91,Female,1,48.61175649
Exnxhclc,Tywxqth,13189,33,,0,45.66470737
Cfogy,Sftkvvvwg,8441,65,Male,0,48.5470374
Qdndd,Zllpasx,14838,96,Male,1,65.64064234
Owlhca,Svnsoewe,15253,60,Male,2,88.59753831
Ixbpvvxy,Ynen,12358,60,,0,31.08518007
Zsvzcox,Cvmktvw,18721,29,Male,4,70.97441176
Vnuarepgq,Zzwvx,13964,33,Male,3,58.50533445
Uoqbdduc,Piwhasbw,7382,30,Female,7,52.46543487
Wqcocuvf,Pjgjyouon,14421,29,Female,3,59.87169515
Actuy,Yogbewt,5452,40,Female,2,44.2376141
Szql,Ysek,17906,48,Male,3,43.75017342
Fehfdmz,Hkyt,5640,92,Female,2,51.03792935
Rzclxbuwm,Dicr,1477,19,Male,2,62.8788678
Dfyjqodh,Mggiuomt,7626,32,,2,56.39473208
Fsedpdnxw,Gtvtowk,15068,70,Male,0,53.11551784
Abkdaosbo,Zwjen,1389,64,Male,1,91.85073859
Uahn,Htlucm,15881,50,Male,2,66.40762695
Dqvod,Rjyofox,8465,35,Male,0,45.58143714
Ybprtngd,Liwhq,14288,92,Male,3,42.97241795
Gchsbqmia,Xjqw,2823,73,Other,0,55.49182832
Ngfuymoj,Drxxzxexq,3159,77,,4,66.08731498
Akufpsw,Ucwmqiykc,14218,70,Male,4,56.49513073
Blzhknu,Lcacr,14412,98,Female,3,53.00235733
Ppzoo,Ozoyvth,5924,37,Male,4,61.50906157
Hnrqo,Vswmjxwvi,6399,52,Male,1,75.65087236
Gxdnzrn,Hova,5879,44,,4,32.83804587
Iehloqlg,Sndxk,10942,93,,3,64.24192073
Pryzqwbb,Jvrfj,3548,26,Male,2,69.40346459
Zmzm,Dtzqylfe,9015,32,Other,3,54.5094013
Vleedhrg,Pksgohc,16278,58,Male,0,44.29983743
Ubskjeknu,Kslwifa,8285,46,Female,4,58.12737523
Wgaref,Amvmgx,1113,41,Male,1,67.85753629
Pwrs,Zzjxrjyet,10978,20,Female,3,62.29849834
Nybq,Vjfvcdr,6318,95,Female,4,43.32879096
Pivih,Jmmxsohal,3543,47,Other,2,70.59255993
Vefudgywm,Tpao,7784,56,Male,2,76.59564591
Otyzndaxc,Kutdtdmh,18655,55,,1,70.60533546
Vhgz,Afsgyi,1436,26,Other,3,64.82038794
Nnkv,Zeqorrgwz,5894,45,Male,3,63.49571446
Zmnvndnrf,Sedwwuul,14949,73,Female,0,54.84176905
Mnhen,Hjqsmdgq,3922,69,Male,3,48.89926008
Tehtc,Rduxamc,10463,52,Male,4,46.51399918
Ewrxidiz,Zrxlogl,14224,39,Male,5,26.93560042
Nwkxpzds,Shyn,14297,25,Female,2,67.56031532
Dvjp,Quoqjtfr,3566,87,Other,2,50.12125315
Sgnslizr,Almell,2282,72,Male,3,76.86959243
Qurnasf,Agws,16372,66,Female,3,39.52375136
Juhhhogi,Vkdlvu,15165,97,Female,4,68.97856669
Gxwslihds,Kvzjvavqc,13400,92,Male,0,39.75606739
Plse,Xnzep,9387,70,Female,3,69.61871029
Ubht,Mgdodgky,15149,38,Female,2,40.33012339
Gafnhut,Ocbe,17082,97,Male,1,63.88621539
Vryglvtb,Xrryx,15251,82,Female,0,57.99281811
Hpotieni,Falc,14353,28,Male,4,81.82146127
Jsuysh,Rxgsnycg,15874,27,Female,2,55.11432868
Lfhymkb,Imcbxbawi,11512,60,Male,4,57.43734036
Scrg,Ynczjvy,13757,77,Female,3,63.40516493
Lvdzt,Rhlpe,3271,49,,2,71.67633559
Gdavlefmw,Drubepd,7883,26,Female,6,66.28917023
Rwoxwx,Fjbmotbl,14457,79,Female,0,73.27682519
Xofqg,Nbhd,6563,64,Male,4,54.19374334
Tjlvfdpkg,Xbahos,3166,34,,4,61.34696961
Gvnnxri,Xzpllhi,12335,78,Female,1,50.56610417
Ibvqi,Nkzfk,10201,81,Female,9,56.22702292
Mhsm,Bdcqziwjb,6891,74,Male,3,75.4258042
Akem,Ovisk,10680,50,Other,0,47.06984718
Kekrw,Gdnpncz,3761,87,Male,2,63.71308035
Yqms,Bjpwlh,17575,25,Female,4,48.84600137
Zdhgbr,Jhtbp,19700,60,Male,3,61.68837434
Kdyhh,Fdscvvq,2522,24,Male,1,64.93268275
Rraedlp,Ujtjybfti,4969,74,Male,4,77.87700408
Caii,Fziqfh,2840,83,Female,1,79.30624144
Ubcgdajs,Wlowxk,4313,35,Female,0,64.84144451
Veoswkw,Dmycdt,8837,63,Female,0,54.52466566
Wdoofnfq,Nwsly,16651,79,Female,0,52.24570816
Nydj,Bxxt,16285,34,Female,0,43.70180426
Kjsaib,Ytzjaedi,11720,35,Other,1,73.09407411
Fxndvu,Nyxyj,4137,49,Female,3,51.17239359
Nuivtjhbj,Saznv,1453,55,Male,4,57.44573221
Kgdp,Kzzeihz,13999,65,Female,2,71.30758233
Qcuza,Dsxzpmnda,15042,40,Female,1,39.84489134
Telaqo,Ywwtidxf,7163,98,Male,4,50.69351071
Wouzd,Onut,17703,95,Female,3,81.47039936
Rrwflftge,Oqumku,19878,55,Female,2,79.2815936
Ummdp,Efnt,6817,48,,3,67.38860498
Igycrgxdo,Mycm,10665,19,Female,3,74.71499656
Poycgkpg,Xwjtp,5139,61,Female,2,72.64434626
Uyiq,Czoufs,8256,73,Female,1,61.5300823
Tjyw,Nufgua,9506,24,Female,2,54.63935072
Lkamlti,Osjlxaz,13280,61,Female,2,52.26596517
Hihbletpw,Nymt,1628,19,Other,3,45.41509529
Kewslxxdu,Cwyeh,18128,61,Male,8,55.29160596
Stpher,Ylnfv,15312,86,Female,1,56.46676989
Jzglp,Cewhtvoe,8303,22,Male,1,63.89099066
Prwiboj,Hidpw,8102,64,Male,0,44.96730078
Dfzzonvsf,Pqrzrumei,14856,35,Male,2,61.50278217
Fhkwf,Vrwutj,4650,79,Other,3,66.49494486
Bzikmwuf,Bjfem,16701,62,Female,3,48.85773559
Ppqevo,Wrzf,13401,68,Male,4,55.76745964
Juaqg,Izcjpommy,15912,45,Female,3,53.1331663
Azpgenp,Edlgrki,13205,80,Male,0,73.3347822
Hybgwzdg,Wvxls,8762,93,Male,4,61.89450485
Jaanm,Snuvw,17027,93,,4,54.50117008
Kwifrtysu,Giii,9548,35,Other,1,62.08883604
Gikqfqikb,Zkjxsg,19823,26,Female,0,73.60464438
Aezfzclf,Ksrgdzs,10766,30,Female,2,61.97081741
Shjct,Lerbn,12955,75,Female,0,68.25432061
Wtdtszpku,Uxfn,7480,39,Male,3,63.08418695
Pvrtud,Ombrlb,12690,32,Male,1,54.4066465
Knhmn,Ukermf,14107,46,Female,4,71.80241952
Vsfungze,Nditbb,15834,24,Female,1,55.5940286
Dvggjgiuq,Xtdgricvl,14296,60,Female,0,69.92500864
Anhlfwo,Pjsyussoq,6520,38,Female,2,64.0351026
Nnppwdws,Byrrdf,4512,71,Female,0,79.33945138
Lukro,Vtjjqtb,10219,83,Female,2,30.20265462
Ftyvj,Zgezldsiv,6716,57,Male,1,44.83527767
Mhkyfz,Mpechitu,5810,95,Male,0,62.27634949
Xncm,Ryxc,17083,28,Male,0,68.72946204
Ssryhd,Eusyjsxt,19247,29,Male,4,53.71153633
Kzubhwpe,Chufuzl,3900,48,Male,0,74.92936901
Hhtskmek,Xkql,12900,97,Female,2,61.77516132
Xnyxmkvk,Tnzl,12739,93,Male,3,53.83957905
Zsgu,Izxt,5605,19,Male,4,58.7517677
Ehqblacx,Qzamaqw,4271,71,Male,4,72.47511363
Kyipzjixd,Vtnzhtb,16813,66,Female,3,54.03750115
Fnovad,Mbltqahum,2946,55,Female,4,40.48829545
Gmyvpey,Youwovh,6775,86,Male,0,44.45691398
Eqqoe,Jugef,18234,82,Male,1,55.08770976
Olxsw,Zbgto,7192,83,Other,0,63.78387436
Vjba,Xcmrqp,16695,87,Female,1,63.38344543
Aeewpgsc,Yjkkwl,16727,94,Male,4,62.67986308
Tgevrte,Ftswbn,15607,94,Male,3,26.10397186
Vdesb,Bpzxsf,5188,88,Female,3,78.81584239
Uywcrsy,Tjhicecl,19346,50,Male,4,57.17381662
Lwaiigkuq,Tpkl,19820,29,Other,2,63.08065254
Ydxpvpsyi,Njvqrk,14561,47,Male,0,49.42522616
Qyuxo,Wibrnpab,3747,35,Male,4,57.67360066
Izxv,Mnvwb,15173,81,Female,2,63.44652401
Byafgo,Wlhurlxf,7647,70,Male,3,70.0753286
Jmsrl,Zfjyjbyo,15640,23,Female,4,39.2551673
Yfjwguli,Pwselmar,11929,62,Female,1,62.18219447
Zijel,Ctle,14498,63,Male,3,44.83761378
Fcuxmu,Vxiro,2272,38,Male,0,54.87739017
Inlx,Iytrjjc,18826,18,Female,1,45.73653636
Jtze,Sxbpf,4044,72,Other,0,64.21240987
Jvkxu,Uxzybuuso,7395,65,Male,1,61.69746196
Qzbs,Iubrzwtsx,7745,98,Male,2,73.71057568
Tkjsgvglb,Ilmww,2283,82,Male,3,50.14391245
Jdhocdbl,Hydgazc,2259,35,Male,0,63.72352834
Zpqs,Yaqligpe,12085,94,Female,1,55.99913799
Zflzyjl,Ejwa,10329,88,Other,3,64.4353326
Urjwo,Ejfspxxo,17103,38,Female,4,59.42614322
Tltuffvq,Xoafvcy,9776,22,Female,6,49.59225302
Broyrcg,Lmzhujepe,2104,19,Male,2,61.71552633
Xobw,Xrqtvhy,4537,70,,5,60.30492434
Uvhwzeqv,Lhxi,6308,31,Female,3,51.63300291
Iiibitkv,Efakro,13163,97,Female,2,49.60984367
Xhig,Kawz,8417,93,Male,2,60.45867324
Udwluhjn,Txrfctsys,17054,63,Female,1,59.78972503
Ytajxfmno,Nvewchdoh,12735,46,Male,2,60.45444946
Mwezk,Btobyitb,10957,93,Male,1,58.37833719
Jidybjr,Dydtm,14011,39,Male,1,58.31947669
Rskcvwlc,Dulj,2607,68,Female,3,42.50917029
Dudqfuds,Mjnxmxva,13660,21,Female,1,60.51024482
Cqperkf,Imkk,3777,41,Other,1,79.48398266
Crgazea,Nvzlkuco,14279,96,Male,4,42.81232345
Gadeba,Lhos,3614,88,Male,1,73.01772236
Fpdztblyw,Ngdfyhmca,15936,34,Female,4,37.93861038
Couchfxwg,Qvhkxhmro,19544,56,Male,1,72.1374311
Hrund,Zbzxah,10639,39,Male,8,58.40304541
Wtgbz,Yxtyiivwc,10966,33,Male,1,65.12346115
Lvyypbfka,Jvvxzk,1792,33,Female,0,60.08392859
Syehapb,Mlphs,15320,86,Male,3,73.28786106
Yfwru,Gnsv,8174,71,Female,4,79.15721208
Buru,Voyjjfvm,17223,79,Female,4,63.9728907
Ybzj,Dmzqglv,5262,27,Male,0,57.01153904
Msuhbt,Bhavu,4502,76,Male,0,43.99294566
Veidyxtcx,Zpfa,9792,72,Female,2,49.245761
Zdno,Jaam,1997,46,Male,3,66.47874955
Oabdcel,Gxiu,9087,30,Male,4,68.95004094
Hwrhcuz,Jpgd,2200,63,Male,1,46.44276126
Mpqw,Gchvevmj,1275,71,Female,1,58.89545913
Kemhkxyru,Nbdqmlgp,11629,74,Female,4,69.78281184
Fkwqpjc,Pxwdlgc,1799,20,,1,56.3596095
Lwrtugsjx,Vxybl,10735,49,Male,2,51.69355951
Ogmljnj,Ririvd,4081,75,Female,0,27.29810308
Fahwvjq,Yanz,3807,70,,1,52.19253395
Uivoiubm,Dgvfpsj,9070,66,Male,4,55.29254546
Zlfcbyee,Mywgxnw,13364,49,Female,1,51.71087715
Fsxfho,Yuplkm,11789,30,Female,3,65.58914465
Cndi,Hsxooiqp,16489,65,Male,1,59.37219654
Mbufelmu,Svigfk,19965,48,Male,0,57.57841436
Zasxum,Nqicyb,17499,81,Female,1,64.37046885
Yoowgzerw,Nnvoupqdo,17980,86,Female,4,58.4376509
Muliuicd,Dgmmr,13134,66,Female,0,72.21682257
Njmns,Lhjn,10304,57,Female,2,58.58532084
Swekk,Llgeoggvo,19178,80,Female,2,62.66630153
Nlaw,Agksvyymn,3463,82,Female,4,58.09721489
Liapxyulb,Nmgchhvhw,7106,74,Female,3,65.44522136
Xpfar,Ccuv,14859,34,Male,4,66.01840572
Fqimqxl,Jnvarwl,9935,93,Male,4,76.59911405
Ikbzw,Hmdlm,14233,83,Other,6,67.11757105
Xnvgd,Udbrd,13954,81,,8,38.80150865
Apwhxj,Xfpjroz,1013,55,Male,4,73.55309843
Zsvyc,Sxvpf,15478,38,Female,2,43.34172166
Ypcmehzov,Afhvmxg,19980,36,Male,4,50.73608404
Swqolflb,Uauopli,6478,64,Female,0,45.5293238
Qnhejhro,Jhcrjhnn,17613,33,Male,1,72.91584512
Eclh,Hyntiy,16980,56,Female,0,78.55108175
Dzlcxh,Ttaeihqi,15975,35,Female,3,57.78335658
Rruvolzc,Ckbhvgrc,16441,97,Female,4,71.70130151
Jpebxj,Fnvtk,16033,39,Male,2,58.63293484
Lufelyt,Bvdtzury,10515,86,Male,2,68.64053873
Dgbydz,Bzsi,5977,59,Female,1,70.26138844
Ipmmp,Zzqeoc,1199,75,Female,2,64.91740398
Vliwr,Hlfxnf,10403,81,Female,2,40.5985217
Atoi,Hncvz,7760,27,Male,0,57.01875048
Zqmw,Vjzn,17093,69,Male,3,61.61603731
Lhydonn,Leztyyidn,19306,19,Female,0,74.88375617
Qdvhkx,Eocazwo,6385,36,Male,4,52.98818778
Jptu,Owfpn,5586,63,Other,1,64.55194765
Oxyaleli,Ubgw,14543,56,Male,2,66.04549953
Aeelvwmwo,Ulve,13558,84,Female,1,42.60181558
Kxcg,Edqtizgbs,17591,84,Female,0,57.43396768
Exmmweig,Iwlfcb,16659,28,Male,7,65.45575333
Ycttnegy,Fmtnk,16981,34,Male,3,41.12688635
Uybz,Rouodnf,5921,18,Male,3,60.82039531
Jvnq,Kdpb,10241,22,Female,2,62.63221626
Kfksl,Ynrsyu,3442,78,Female,3,58.29853881
Pepczjzti,Ndezc,6768,25,Female,4,50.65290024
Hsohl,Kldlvl,15628,40,Female,2,44.44695712
Xeav,Qnkkk,12849,84,Male,4,69.94176136
Arufhfxf,Zljwskm,1237,90,Female,3,80.07407568
Mjupgrvo,Zslf,14718,64,,4,75.60799238
Pqdmy,Mcazxkydn,11517,48,,3,81.27122425
Fqlr,Usts,10780,29,Female,0,51.17553031
Mxka,Vmtie,18522,37,Female,0,39.06265557
Wnmijw,Drwuds,7561,57,Male,3,48.71715938
Vakldqbr,Uytd,1138,45,,0,76.43419292
Pnxvc,Incgz,19480,45,Male,0,63.11803236
Rxcgwiwh,Wbvkzytz,4824,46,Female,0,49.32647038
Lbicjqwx,Yjspp,14449,91,Female,2,64.56676366
Qzbb,Unhknft,8055,42,Female,0,59.36180152
Sqliv,Kera,10343,72,Other,0,56.70464701
Gdjjyc,Wfelsi,16184,41,Male,7,77.17334956
Qcpcldp,Drrbrg,19981,47,Male,4,51.20493997
Xnsjtwwf,Hskrlbm,14315,46,Female,3,57.91462515
Pjnkecww,Qrjb,1069,91,Female,0,30.84777141
Wecaayy,Cxzmrela,3875,95,Female,3,60.50570294
Xiwusd,Yjcyq,12304,95,Female,1,54.1823159
Svzy,Qjmqmnppb,17323,45,Female,1,76.67661152
Msapi,Pclz,8443,84,Male,2,67.69765283
Voiok,Gjqbj,9813,94,,4,31.68952074
Iprbdat,Bvogy,2106,25,Male,3,69.68907489
Koewa,Lxob,11615,48,Male,7,73.22617923
Cvufpngmp,Rvturoj,18421,84,Female,8,49.58547028
Divmtn,Kjjelnw,1224,40,Male,8,78.66365485
Hsagmpprx,Nazbrzye,18181,48,Female,3,51.23948091
Tttjes,Izgvikple,1716,70,Other,7,56.59237915
Rfzv,Grsfgo,19356,80,Other,1,59.61452309
Jcmzw,Phxmr,2489,21,Female,3,56.81395422
Gxlt,Fusyprr,19170,47,Female,3,60.21469014
Efnbu,Vxlbuk,7445,81,Male,0,60.11660483
Mafi,Igmolm,15742,76,Female,4,60.69443235
Sscrnvfkd,Pldnsn,10793,30,Female,1,43.48896172
Sdmpq,Jkqglgyby,3871,94,Female,2,71.93667801
Rqearr,Usoeon,19051,69,Female,3,63.55626961
Ygcysg,Ttlj,4602,93,Other,1,67.83825319
Qgxz,Mksqrvty,11664,55,Male,7,61.49028159
Uxtmbbyw,Yafptxsjt,9978,58,Male,6,57.89052906
Tcuqe,Trptpiiyj,2761,84,Female,1,89.92937612
Qpzcd,Bmruk,1488,24,,0,64.41705387
Ggyrnqu,Xcatuxo,15185,74,Female,1,65.21337998
Vcxypixem,Yfvu,1669,76,Female,2,72.05851838
Jfbjisykv,Gwmeesibp,7463,23,Female,1,55.25872386
Qjmh,Eshp,7641,54,Male,4,63.71363333
Mytfnbbwn,Gnievos,16907,27,Male,2,64.22044235
Zagrheui,Skgq,5636,37,Female,6,43.15530893
Ruld,Ndqd,3804,73,Male,0,82.95783929
Mtxu,Ghqani,14799,80,,0,78.68172638
Irdnm,Huqoemh,19151,96,Male,3,76.22590902
Hmqlwj,Jfpvv,17174,22,Other,0,54.30854066
Uvwcowf,Waddm,11984,90,Male,0,52.90870184
Bwcej,Ghhf,6223,56,Male,0,59.70723686
Qfnge,Cizdvzh,11323,84,Male,6,61.21925515
Saxqndq,Eeklf,7880,54,Male,8,66.24513147
Rhmifffz,Wausla,9499,84,Female,2,57.86231955
Qpzbghh,Qxydrp,4293,58,Male,3,61.57133441
Uiqlubdw,Edhkd,9419,46,Female,2,32.83278516
Nodska,Odvvx,15587,23,Male,2,47.55565584
Idck,Tmox,6837,90,Female,0,65.38141797
Ntvt,Ikbgggt,10762,65,Male,4,49.1404142
Gytgwrc,Tyswual,16176,90,Female,4,48.73866669
Yzitruk,Xbuobkfd,12102,29,Male,1,72.79699217
Sfhmebh,Qrydksnoy,1528,69,Female,4,57.6412222
Ckyzy,Sjtsmjfrq,7802,28,Female,3,69.74517356
Wrvty,Ddoreqjjb,9068,61,Male,4,59.27307762
Tajq,Jkctr,9403,68,Male,0,68.93062294
Xvma,Dyma,11326,93,Male,2,49.90771422
Ryhzj,Monhxsuw,18621,22,Female,1,60.26404478
Rnyfijib,Irxlg,17152,65,Male,4,79.20558922
Apgdtegbh,Sxjnbhp,14569,25,Female,1,74.03759926
Elaikhiso,Nwptiaga,4276,56,Male,4,57.68115547
Gddfsosr,Igbecqjr,6542,63,Male,3,58.22981724
Fjtpkgufl,Wgucpa,8499,81,,3,37.51356774
Xzvhr,Wwxjuhwi,12926,97,Female,3,48.63646649
Kbjpi,Tmpjysbcm,4015,73,Male,4,50.86665711
Keoyrabnv,Mlhb,19348,38,Female,2,58.29106332
Imcxcv,Lambye,4230,42,Female,3,48.97268092
Zatdund,Xnuuywqt,4479,97,,2,49.88939204
Dfbtja,Jepxxflb,17390,71,Male,4,71.37198172
Mdhgeesji,Bvurlvbm,18832,49,Female,9,42.24149646
Oito,Abspnbi,2952,35,Female,3,61.78407968
Lrkqvhvm,Uvwi,5811,28,Female,1,62.02523703
Sonl,Qvqq,13408,42,Male,1,76.96841208
Ixpx,Xqrlok,16562,23,Other,1,74.53523665
Ogxtcpwf,Emhhpel,6405,90,Male,0,49.24122105
Hgymqhg,Hiqrvvvek,13007,27,Female,3,87.21064276
Gmdqyaid,Zvzk,5993,28,Female,0,57.51759936
Phhzxgku,Usoul,14013,34,Male,4,48.07062914
Psusmg,Ljnb,3357,45,Female,4,56.49636356
Vujk,Zbhd,16217,57,Female,0,73.44114351
Obrcmqudx,Cmjdstcjy,10443,53,Other,3,64.13378698
Dgdlxpodm,Iqcj,17429,60,Male,1,27.47775466
Ujluomstk,Prlh,7800,88,Female,0,75.33581752
Lglrwoz,Gpkqpx,5517,74,Female,1,49.32066602
Qwkvcnonh,Nlowxyzd,19631,75,Male,1,74.27465611
Awisnv,Stphzcdwr,7268,87,Female,3,69.4180196
Utjsht,Pqwtpltn,14069,26,Male,0,63.51156852
Yuikikkm,Ytzd,18906,97,Male,4,45.93715675
Vxix,Mpkbts,2810,36,Female,3,62.58302706
Pdjnoqv,Innsdmy,13398,57,Male,2,58.13271741
Jhpufo,Nqvatoezx,19194,75,Female,2,63.79936759
Trcq,Qyackhu,13986,79,Male,0,45.18225844
Wkkcjhhqa,Wfqkb,15048,28,Male,4,44.15116409
Hqjm,Mivagfw,9154,88,Male,1,57.14998377
Pdmiibqa,Pbhhtqc,3659,64,Male,4,55.13803716
Kqyva,Hrvxq,13982,35,Male,2,44.54157735
Xqqfmcjy,Elcdulf,19809,65,Female,4,80.99302316
Uezeosd,Vowq,13867,63,Female,2,61.60731596
Xfzqhkxde,Onyueok,4636,44,Female,2,75.22410357
Hxatsghfa,Bukbbpufd,7717,65,Other,4,47.87144684
Qplovoxxr,Uftvs,13480,19,Female,3,50.19173478
Heamsob,Khapls,7343,41,Female,2,72.07319049
Ktpji,Pdtdiszv,3109,77,Female,1,56.54384228
Ujftip,Gkduilonm,10176,77,Male,1,67.19682035
Pukgkk,Wvtxamf,19403,48,Female,5,62.91371863
Vdcrplb,Dhsml,8250,31,Male,1,57.80289463
Sbrsg,Epifayug,15997,95,Female,2,55.84932046
Ihcydvndy,Yjuzpg,12284,58,Male,2,71.57830086
Lxdhg,Trslhr,14332,20,Male,4,40.83991781
Sgxra,Azjzc,6941,95,Female,1,51.49710294
Bqudtdn,Aacpm,1753,33,Male,1,73.22024572
Nuvjdsd,Poduegg,16839,26,,1,56.61560971
Gbasbrb,Jaebg,11106,37,,3,46.16905907
Xnehb,Enjzhvx,9598,44,Female,9,47.22668221
Gqij,Txlbe,4730,25,Female,0,74.39508458
Nxahq,Ajqh,4536,64,Female,0,65.12129174
Nmcvpafyj,Lgei,9405,61,Female,4,85.3383151
Otdnu,Vtnrrstg,17915,48,Male,4,63.52859687
Mjbhrv,Eapwyj,8966,21,Male,3,83.87875464
Bijvbzgws,Ebswvup,4674,98,Male,1,61.88016693
Aerth,Fnsmysus,10367,82,Female,4,75.58223027
Zbespk,Zxtysmd,12941,56,Male,1,47.00014202
Ydhwkbqb,Evdhixgqf,18964,71,Female,3,64.07011563
Pcyqickok,Lsfe,9852,52,Other,1,52.28924053
Kvfb,Mrdejac,19534,71,Male,1,77.30328678
Kaigjjspm,Ujmpf,17891,77,Female,1,59.01510622
Ouemlq,Gvhpml,3706,70,Other,0,71.64719045
Herpg,Autvxgf,5969,90,Female,1,51.65259425
Vwhdrfzq,Otufhlv,1461,47,Male,4,58.60969678
Bsmq,Mohw,6228,51,Female,2,76.70628676
Cxazz,Fthsffl,2864,27,Female,1,64.85297432
Emmssh,Xqqezcf,3149,34,Male,6,59.2243109
Gzhiqf,Lmkp,11144,23,Male,3,57.19711172
Bdhxdxcrp,Myewrnsbh,11447,43,Male,1,61.22583643
Oller,Koyrdbg,18666,25,Male,5,77.13879559
Gaxfepggu,Vomw,16448,81,Female,3,60.74038599
Wrqda,Tyxcag,18800,46,Male,4,49.34311964
Tnundwf,Aviwenj,3944,72,Male,4,72.0872985
Mnqf,Sehar,9953,27,Female,0,60.37737813
Nnlma,Zysef,7817,55,Male,0,48.10180488
Httu,Fgdcvck,5201,78,Male,3,55.05108775
Spagkuik,Brcelqchz,1216,24,Female,2,70.09240869
Nicnimnm,Orqdyi,13542,50,Female,4,56.60119063
Kgcyi,Dycbywocs,13920,73,Male,4,62.76999582
Wmetzsx,Bbcj,18166,22,Female,4,58.27156887
Klnou,Njuj,3256,93,Male,3,42.51590346
Fxry,Jlxgljvd,1728,61,Female,2,79.06041228
Htrsdosgm,Yusygyd,9439,36,Female,4,48.90706895
Yeacp,Qaet,4541,62,Male,1,58.58725108
Mspkyah,Dlvfqs,12719,65,Male,3,58.31993226
Ipgtats,Edstetvos,16162,25,Male,1,48.36776981
Hllusuu,Muycgbrk,15578,80,Female,2,87.54588972
Ysdjygui,Abbsankt,11045,33,Male,2,47.20834629
Zvcpavm,Njyskmrm,5424,51,Male,3,46.43956677
Eicnutrwr,Xycnxjh,13771,25,Male,1,60.08217334
Dybdmyejt,Nropikvq,7828,94,Male,3,63.02304975
Ixkcgukg,Vzywmees,15114,43,Female,0,77.58924481
Pmlr,Gkoaeucg,13685,52,Female,0,62.05636082
Uigfcmqr,Pvfcra,1982,75,,1,58.81980319
Hgvkxxsy,Ngho,13311,51,Female,4,51.21032868
Afhzz,Svbliiks,5082,42,,2,59.70892606
Zmlwuacwn,Unjlr,17306,26,Female,6,47.80861796
Ycctnopc,Jktch,5362,72,Male,1,67.05766808
Rqiy,Xevkytejn,4165,38,Male,4,60.64716593
Yjsraebgj,Kujhlmzx,18450,91,Male,2,53.5972801
Cwmnzata,Jhtdab,11914,83,Female,1,66.76182311
Moudzha,Uzdumodm,2720,46,Male,1,64.73253644
Qkiultkbm,Pjgz,12376,24,Male,2,50.76306119
Augwilvn,Vdune,14751,41,Male,2,58.75227626
Xygo,Qfvagre,5392,89,Female,1,70.67643456
Pafpfbnor,Wovobq,9062,80,Other,7,52.82293313
Cxfwut,Maem,7080,31,Female,1,64.49133041
Kyro,Semfj,14617,19,Male,8,50.73557028
Qzrw,Eflbkdp,19406,98,,1,42.0820266
Kkpmjdsu,Yaycnrpi,1952,60,Female,4,67.73904118
Fiiwxfyr,Eiobov,17342,86,Other,4,83.93438178
Zlgt,Wmdxp,12421,40,Female,0,56.87598145
Fmhtsfvi,Vgzotwk,2765,60,Female,0,58.06905589
Vrzaiawuo,Eaemcgfqu,19685,38,Female,1,40.82541124
Eiulte,Ehlsqgl,5664,87,Female,2,52.68091947
Jhqv,Qruyffl,4190,84,Male,2,66.17426201
Pltlmxea,Gnykzetwb,6579,80,Male,4,66.04473585
Tchjrmk,Gsbwjjtf,4810,38,Female,3,85.28001746
Vdumnxxop,Dage,4951,83,,2,48.07006826
Trdgd,Cpncnbgn,14611,91,Female,4,50.19444292
Hryvkl,Eqnikdt,15528,85,Male,3,52.55960323
Umhvitokx,Kyjzwz,17353,63,Female,3,52.12952072
Lweqqoaqm,Wnuwpravy,12223,46,Female,0,65.28341555
Cxgvxhiv,Bfytei,7200,96,Female,0,55.00964713
Vlqciposv,Klweckal,2993,43,Male,3,59.48210534
Ysfpijhp,Svlofgdq,9764,78,Female,0,79.13842285
Vzwrkpeb,Mcbzhbvv,5119,64,Female,4,50.64130665
Rgcq,Hhzfgbf,11892,32,Male,0,73.00832678
Qwvnwqygh,Bdor,3767,38,Female,4,54.31223832
Wuzxxqgz,Doriplpob,6674,61,Male,2,54.00520177
Zcmyuszb,Dyeg,7400,24,Female,4,49.7119887
Vvdnjslqz,Xewllc,1440,90,Male,4,73.26925395
Lzudmucm,Wrkkmy,9742,72,Female,4,70.97415807
Vgdal,Qrvxcttiy,18414,76,Female,4,69.4053118
Frembz,Fndxxsjy,19815,92,Female,0,50.22383469
Ogccpb,Snkfg,9759,65,Male,0,53.87901978
Ymmnc,Zdmg,8106,74,Female,3,55.03920239
Rudpenl,Eruxbdzok,12221,74,Male,4,63.44983137
Iylikywuv,Kppoxx,17723,22,Male,3,62.17638867
Spkgko,Hqtyg,17234,18,Male,1,61.7607388
Pcuo,Ftxxg,19785,78,Male,3,59.76285344
Ezlrvrw,Nqgadxga,12619,77,Male,3,64.07377694
Ntsbaxknb,Xxclden,15431,87,Male,1,67.99879533
Lzndlgy,Bxue,9375,85,Male,2,57.7466841
Tvropav,Qlfccitjt,5925,34,Female,2,57.8291134
Mnpclpqlp,Tncpjgoi,13066,53,Female,4,70.6872892
Acrs,Vxemyjec,2406,87,Male,4,39.65225849
Nerpvov,Ephmm,2713,68,Female,3,70.74135397
Uaftebubo,Jbvtzxhl,9194,61,Female,0,23.58404704
Nlsyf,Nijiy,7917,34,Female,1,54.30322693
Jjofgci,Vknbk,12044,28,Male,1,63.59386086
Gwqw,Hmywhbdg,10057,91,Female,0,73.923574
Wrjckumcw,Kjvp,6782,90,Male,2,45.31228072
Cxbxcvn,Uxzr,17329,45,Female,2,42.52708712
Xfsbgzc,Flftxlb,3415,42,Female,1,62.66244956
Cswjfjhz,Yntwwjblf,14066,25,Male,3,62.48881293
Awmkordo,Ddirxz,2997,78,Female,9,67.7842574
Yautelgi,Guoapqk,5704,35,Female,2,52.64675473
Oaduvl,Pjvjlslz,12987,50,,3,43.73335821
Llfypcnl,Kwak,14876,42,Male,3,54.89858757
Kjzt,Wygnndy,14078,41,Female,0,66.56754984
Tamjaxceq,Lylxz,13110,72,Female,0,59.59590762
Ljrok,Dftxnzjqr,13432,52,Female,3,74.60918704
Hxvjiqn,Jftjx,5828,40,Male,3,60.86924005
Usvxctbwq,Uvop,15984,66,Female,1,48.10366446
Kuhqx,Jminqjd,18146,50,Female,1,64.97113505
Xikdpz,Miehahy,5824,28,Female,2,76.00319349
Cees,Dfzwur,5048,45,Male,0,66.93463279
Ihsou,Eflxgfmx,14909,71,Male,2,57.84574459
Wvvdhoglp,Akjf,9830,32,Male,2,63.85551449
Pkugz,Mqmgjt,10507,52,Male,1,40.19911308
Wrhmdc,Qgsiojw,12300,32,Other,2,77.2998783
Ddcwuqbhu,Twlxulnst,4941,21,Female,0,57.11660148
Pgjk,Pnmarlruh,15576,55,,3,71.01829831
Fpdvxi,Tjova,8825,79,Male,1,59.925524
Yfzsra,Fgsr,18576,93,Other,3,47.71402138
Bhxddcdej,Eqpjlbej,4157,86,Male,1,55.268423
Qyui,Mvhxbl,6870,45,Male,0,69.09847594
Celix,Ctpl,7987,57,Female,0,44.30098977
Xmthgs,Gwsrcmufa,5400,91,Female,1,62.52283448
Zmacd,Qqtpm,16145,72,Female,1,73.07435602
Cgae,Rdwmf,2692,96,Female,3,78.66651338
Dejnramup,Mgggasia,13969,64,Female,1,59.62754433
Dncqvj,Fgptegiq,18860,30,Male,1,64.67739147
Oisq,When,19088,57,Male,0,61.70927175
Eeoied,Wopfgu,14387,87,Female,0,40.19856194
Tsmxpo,Cwdmf,11279,98,Male,4,74.01185933
Pcgnbuz,Llzyvmhgf,6754,66,Other,0,37.23415245
Ksnlf,Hamh,9300,95,,8,41.81766899
Qclmcokn,Xrwivfpgn,3124,43,Female,1,52.77306935
Eittxq,Lkiw,15935,47,Male,3,60.37282598
Yzea,Yyfeusvid,13545,67,Male,4,55.67883273
Akdqiirjz,Elcvfyeyg,8551,76,Male,4,70.49335992
Kzjcjyq,Pupefrrs,7570,42,Female,3,64.0270438
Scpe,Mutxusj,13580,84,Male,0,51.43387587
Gihkdu,Owjqwh,18202,67,Male,2,44.18248868
Matlhii,Symbbij,6224,57,Female,4,67.14562345
Prkqswrwh,Uvrala,17303,24,Male,0,69.8408201
Pnvxg,Lvibqpoi,10989,87,Male,1,82.57158803
Nfobdyuyf,Yaek,16520,65,Female,1,53.77297817
Eroxep,Hojlo,8931,30,Other,3,80.18908995
Geynebgat,Qlknw,17672,84,Female,3,58.39962389
Xnqes,Iyfv,18834,28,Female,1,71.26069032
Corzkcb,Xcwqh,1747,83,Female,2,61.71249654
Ornns,Sqzwu,7728,27,Other,2,54.78358459
Svwpxwoh,Hrkmran,15469,62,,3,60.98864456
Trieybq,Naapa,14106,38,Male,1,57.61275889
Ogrciamq,Zebbsvbe,2086,59,Female,0,61.12247198
Txxlatfa,Phwp,15227,37,Male,1,71.21429847
Tdxy,Kttrt,10723,74,Male,0,67.26498341
Nrfrera,Piyveqaqv,3908,28,Female,3,67.87754138
Tielshg,Ptiaseuwy,16885,76,Female,2,47.34549181
Bsmcsw,Txhnvh,13499,41,,1,60.67141493
Jouwp,Phzo,2849,25,Male,0,66.17372933
Qggtkrg,Zvdmzekw,7453,52,Female,2,48.12073904
Qfzq,Tgweetwtj,4789,46,Male,4,36.95470079
Igpjzxlx,Frscuqrxo,5782,69,Female,1,62.727419
Neqgwrxp,Idpq,11252,27,Female,4,57.86925938
Tmwbczpnl,Vmomxee,2757,57,Female,1,66.39530319
Kjzkrvdc,Ynoxnozn,7968,67,Female,4,71.53394859
Aepj,Hvbfv,11271,85,Male,0,67.6077399
Msdyz,Zovcoub,19012,75,Male,1,69.1614311
Nvgfhhx,Uohd,18887,94,Female,2,46.1821231
Zjzhk,Rtybeftnn,9866,65,Female,0,59.11659332
Vcdrxd,Wmvnxrz,1510,67,Male,3,64.14284466
Jbaqhwlxg,Tnbq,16609,18,Male,1,47.55627802
Iwonrpabe,Fesihmao,1803,55,Female,1,56.9931039
Abkblp,Isrrcvvl,7623,80,Male,3,51.12367762
Ccmke,Lwrw,13154,20,Male,2,61.63124002
Zjiac,Qsdnbwxft,7756,79,Male,3,68.89295305
Hjcseclw,Lszac,16494,90,Female,1,49.29525293
Oozc,Ilqsiww,16890,52,Male,3,60.63541643
Jxoybajbd,Bcovbqv,4724,32,Male,4,63.00289479
Dvbw,Dyvhjxyh,16768,95,Male,2,41.62376748
Bawgmdm,Ndksiryus,17996,66,Male,4,68.86365178
Onfxrsghi,Jkud,3671,67,Female,0,65.98551096
Aybvvbert,Evgwqfbx,11706,90,Female,2,45.63080944
Kfrnea,Zdbvp,11678,91,Female,4,31.79565507
Domregt,Ugfxstuzt,2775,83,Female,4,53.57800371
Dxvnibll,Hpslatpx,2911,88,Male,7,70.80894434
Xizr,Kqnj,9770,84,,3,75.04297232
Vydlsr,Mwngt,16363,32,Male,4,56.90647007
Ffbri,Cwdcdntai,16197,29,Male,4,63.17181727
Mppw,Ggwxj,5848,89,Other,3,55.36374614
Xdtcyj,Vkbczz,15234,79,Male,3,51.65455697
Ughlm,Qnxhsjq,8952,71,Male,3,57.3188369
Avqdoe,Trxw,19483,59,Female,2,53.38019897
Jcnkf,Avlyinvfy,5033,56,Female,0,56.35264366
Nxgphmsf,Thymv,8079,29,Male,0,57.79436416
Siptd,Ffbh,16602,91,Female,2,72.61673891
Zdqeds,Wxxab,15490,20,Male,2,36.33145141
Evdj,Gcmwqbea,10800,67,Female,4,42.31406467
Spfmku,Pabdyec,10811,60,Male,1,54.47903193
Uwpdc,Toisqye,4062,51,Female,1,45.80171852
Qteogsx,Grompugh,6597,87,Male,0,53.74115269
Leskmae,Iiegd,3971,44,Female,4,46.69371382
Xfpdqm,Bzjf,13465,43,Female,0,53.89543896
Fuobyyfhi,Xiihvpogr,11785,62,Female,1,54.18726414
Jktfrj,Utklvosdk,1356,78,Female,3,60.96851622
Orasbaw,Ievbhdm,19329,39,Female,2,57.24477845
Xfrz,Digqujdsd,3454,87,Male,6,56.60732126
Eambqqe,Mdrfp,2685,59,Male,2,87.14369598
Eavskvslw,Cppnue,17592,97,Female,0,57.04750718
Aohmx,Cqkbfeaj,16014,84,Female,4,50.4885285
Ytddkl,Yqkmjen,10935,98,Other,0,26.83076214
Ijdcen,Vjqw,5061,33,Male,2,78.7700584
Bocmqzbqy,Qjhlhci,2674,78,Female,5,56.88357644
Wdwugmt,Uwuqisj,13037,31,Other,3,61.82637642
Zigryxjv,Lilkmbo,13206,31,Male,3,72.68074319
Gbez,Dhjkc,10206,61,Male,0,52.11252236
Qlrs,Hzoew,2702,54,Female,2,83.30256589
Yoyg,Xhuv,13062,61,Female,3,65.05264463
Jpkan,Bnkxw,12195,85,Female,4,70.14993952
Zqbt,Pqkozkrh,8823,94,Other,1,63.89961882
Guul,Erdrtyvwn,9568,44,Female,2,52.23637714
Fldw,Wicryz,11079,28,Female,0,63.81621633
Gbwtyu,Mlavydxao,12437,28,Male,4,66.37433216
Czwbtexxn,Iupssqtt,9085,35,Male,3,62.38279428
Xevgmrrx,Nxkqe,5693,47,Female,4,65.70794507
Ebue,Nbkm,6491,39,Female,0,58.50106376
Corpat,Tofdrcgyz,11096,80,Male,2,66.79130038
Rvafdqgzo,Pkoowrs,2484,81,Male,4,68.99995855
Uofehva,Lcioxtkbu,4420,88,Female,3,42.5402369
Yrkrctmje,Xonmvqz,18902,61,Female,3,58.57476335
Nkdc,Uuhkozniy,11385,98,Male,0,74.15291051
Olwiwomn,Bsol,19601,65,Male,3,76.94160866
Rsiqz,Kxrmfu,5242,34,Male,1,42.71773057
Oabfh,Ygnytbhrh,9392,57,Female,4,45.86894507
Evgpqk,Rxrzq,18364,25,Male,3,57.43874774
Ehtbzhow,Dhimo,18613,33,Other,4,70.05586273
Giudubqzo,Tnlvlhvb,16711,32,Other,3,47.02464758
Eyidop,Yvukyc,10638,26,Male,1,83.76255329
Epikw,Iiqvi,6575,45,Female,2,60.25462616
Qppqswa,Ojogd,19423,72,Female,2,71.2817678
Eullk,Dyfrc,12845,67,Male,0,46.59385378
Otmbl,Wizcvbu,13824,81,Male,1,25.02689086
Rhzufcnvy,Nwzhhwvm,13202,70,Female,4,58.04066359
Ajmul,Ukrdbqgdg,12483,50,Male,4,62.20836853
Jyxwscfrq,Zynkyozy,2087,20,Male,1,76.9630445
Psthk,Piulafo,14162,41,Male,1,61.2749937
Wkmhtr,Hhvjoj,14580,95,Female,2,66.36483894
Pbzb,Xfiwxat,19581,68,,4,51.14508329
Fixjxx,Ygbcnx,14090,51,Female,1,33.50892689
Qxcdkjvwc,Gkqhmpzst,3085,67,Male,0,54.30647473
Sfsuswatx,Yada,15821,32,Female,1,54.67405328
Oyicnb,Egowdibqi,12000,29,Female,0,70.8489797
Qzjbpam,Xlicpjh,2586,59,Male,3,80.18412636
Vjwa,Oiqbz,8196,65,Female,3,60.21867983
Aqkvq,Bfufkk,12613,25,Female,2,32.12876457
Siig,Mobpp,5604,18,Male,1,56.6582055
Vkxetgr,Blck,19275,54,Female,3,54.95266858
Fbknejdj,Thyclwy,15152,90,Female,3,65.91427982
Jlmgss,Aninry,17720,75,,0,46.43153089
Inzkkkmf,Zbzwvi,15876,88,Male,4,51.00939099
Ltsg,Tmbsjz,19568,96,Male,2,63.5652131
Ogccvcs,Vowlqym,6624,47,Female,2,67.11860395
Frfufsz,Kzbgyy,13002,53,Female,3,60.93208123
Mdrojjf,Wrrpm,6264,59,Male,0,71.20286086
Hajazt,Svjalkzkr,11455,34,Female,3,75.08277724
Huwpsqe,Ygwmf,4973,92,,0,66.74386292
Ggcyjb,Exeksa,14363,40,Female,1,66.91137467
Xyylq,Edhd,16597,35,Female,3,51.87273906
Jbloisqi,Phqpgw,12972,39,Other,0,74.50497554
Sziowc,Phro,18401,30,Male,3,44.35723609
Lign,Nyawpxe,6872,67,Female,1,51.46538314
Ravamm,Urwrvytcm,12765,94,Female,0,55.03408053
Fxszwlp,Maka,19909,86,Male,4,49.05494469
Niphesbp,Lszpzcjf,4298,80,Female,1,31.76306037
Qrzeovnee,Fxvbsywb,1285,22,Male,2,73.56187385
Gyepiajn,Vxerd,16270,78,Male,4,70.62927795
Ummx,Uswl,11296,74,Other,4,78.44160956
Khtxamrse,Casefbwv,10519,22,Female,4,62.24594849
Vbyuim,Eznzdd,9821,70,Female,1,82.02807186
Auiynfx,Nybpp,6049,94,Female,1,51.13717973
Kdyw,Ambsm,15481,81,Female,3,87.27852244
Apbsnisne,Wwlfcxyi,17865,18,Female,2,65.81212573
Aynyny,Tmnq,19940,31,Male,0,51.65922398
Dyzfpvynn,Jnji,1360,58,Other,0,57.67181112
Mpfedlpv,Ozcjppzf,17804,34,Female,4,61.18698209
Xcowysyul,Ndxhbjywj,19214,51,Female,2,53.9449786
Gukyq,Hhpre,19780,31,Female,3,51.98031341
Hguqfbtzo,Kusha,6148,53,Male,3,96.25620185
Qntln,Umxylzf,1396,98,Female,2,52.65780902
Vflic,Gbdcik,15827,96,Male,2,62.97370003
Wmgoymrme,Kfag,3349,38,Female,0,66.2255077
Sgzpy,Iwmxecrbv,2519,89,Male,4,64.6674967
Xjusgik,Bitkjhiiz,14684,40,,6,71.48069573
Nmlb,Nhkpd,3048,72,Female,0,82.78154772
Ssgtdiw,Wvll,18760,51,Female,3,48.81716927
Maqysa,Uctqtfcjq,11754,96,Female,1,33.41945975
Fvwfbym,Mqqszrftr,10114,89,Female,1,62.95592375
Jwtwk,Uhujs,5781,85,Male,0,60.64365858
Tntsajbe,Dbhdbq,18638,94,Female,4,62.02214962
Flinxs,Wislsb,13350,30,Male,1,45.21912089
Wdhl,Gbbrll,11732,18,Male,1,55.56304295
Yuwjk,Giaizrgex,6922,54,Female,4,64.68185182
Npnrflbdz,Gxkgvl,4971,19,Female,1,55.40180699
Qmpl,Kycq,10260,19,Male,7,69.76038474
Poul,Qpdlxipgv,16979,32,Female,1,64.96894872
Segvlyfb,Gnss,18262,44,Male,5,54.16794196
Lamsbuz,Lzzbqe,15911,46,Female,1,58.38787445
Tgnobgn,Xadjcmu,11939,89,Male,3,42.56788995
Cudbviwyi,Iojm,8093,75,Female,0,34.54484699
Zckha,Zqbx,6200,58,Male,4,69.34718335
Mbrsb,Txyybgkmy,11555,75,Female,1,47.07423788
Ehwwxl,Mqiokk,11376,65,,3,74.7608882
Mteewcrks,Cuffptp,12405,30,Female,0,55.38569323
Ilehtksne,Rbgtta,11302,53,Male,1,48.42162198
Nlilrp,Nwyxah,5696,98,Male,3,74.63329107
Axwurj,Syivuhuk,1339,95,Male,0,91.10302315
Xzfpjv,Rdzfdxxp,2064,51,Female,1,80.98766394
Sjdj,Tmuhvpayt,8550,97,Male,1,75.03847769
Dcpqkj,Dnygjekm,5506,63,Male,1,44.2937859
Qdtfzqjw,Zvmab,11366,25,Male,2,54.1602121
Zabrur,Ojozgirc,18766,72,Female,4,43.39238257
Whid,Swgtqovb,4503,68,Female,4,39.74537031
Odrxou,Fxmbvpzh,3628,78,Female,1,28.3551097
Seuefear,Wmak,12882,47,Female,2,38.28752229
Ytqiqnh,Jyeelfo,8420,88,Female,2,72.91909119
Pdezwdbw,Xzkb,1178,95,Female,1,65.84129833
Ilunmy,Ycpgzvgoi,16740,52,Male,0,58.24223962
Lpemkd,Unxh,1043,72,Male,1,75.44341948
Oodlavh,Srpwyvxle,3731,22,Male,2,48.11471978
Bpyfgftu,Opuda,18650,19,Male,2,42.98896403
Kfebkzmj,Qcmu,19301,25,Female,4,57.54456384
Ipbyz,Emayfhhud,1813,76,Male,0,69.23501761
Riuexp,Cktevoi,2504,67,Female,7,56.73181688
Dcvisju,Zwqggposg,7058,29,Female,4,48.10985642
Dnkpsn,Yeskxnidi,13577,74,Female,3,33.39687935
Dorgel,Gmlufw,1889,41,Female,1,60.49888847
Mqsmmmfzl,Prkvw,11941,34,Male,1,40.84338472
Ipilp,Vqfohxo,4677,34,Female,0,67.4688011
Fysmq,Jwzt,15507,48,Male,2,69.40276279
Spcp,Jgmve,9132,46,Male,4,79.58348224
Jejp,Tvky,5183,83,Male,0,42.47187284
Nmqqyaev,Eldi,6113,72,Male,0,75.06836898
Mwmm,Lbavtzp,17388,22,Male,1,45.36692528
Fmrir,Dvry,13956,49,Female,3,67.75564371
Acqvynaoa,Wozvsyyge,7136,90,Male,1,46.3300154
Kvhwrcou,Lpuacqap,13065,80,Female,6,46.02453425
Bmrs,Spqon,19061,28,Female,9,58.29050296
Eckcrfd,Wybegji,9788,87,Female,4,52.12962338
Tunngxqi,Muowgyiwr,6136,55,Male,0,75.34077002
Jjdhahje,Okenjzd,11723,85,Male,0,87.30999683
Sopknwyrm,Pblbcrh,13607,56,,1,71.51029877
Unzgfsmrd,Ksuu,12446,45,Female,2,52.78246459
Geldgprm,Sasqrjdj,9145,58,Other,2,47.83269346
Qmzsjffjv,Xdpt,18165,67,Male,0,59.70433824
Iccgy,Ulaerebkj,9287,43,Female,0,64.04075632
Nprkuaef,Hrrjcdd,15583,33,Male,1,53.45939294
Kojtpk,Gyoxsrz,14813,26,Female,4,60.52006885
Dajyyfq,Xtdg,13707,18,Male,0,61.24868461
Utmmcrdp,Nmfq,1818,82,Female,4,74.14869386
Ocst,Ytuh,4994,27,Other,2,56.423801
Hziykyiod,Xayigxzrj,3128,90,Female,1,47.15593844
Rzplezl,Vmamzza,17341,23,Other,2,58.01819184
Vhjenslrh,Iabwrkvx,4488,89,Male,2,80.82702259
Xnnk,Cvvgos,19868,19,Male,1,56.54956885
Msng,Trpiympdb,2609,60,Male,2,66.1558728
Lfgyfq,Bnkkjyy,3300,88,Female,1,69.51083645
Vbva,Lbccvwi,17086,44,Female,2,46.53833504
Kzboi,Giga,1680,33,Male,3,37.2713408
Yonusr,Bwrnqg,10838,81,Female,1,57.48927371
Isvhafvhh,Vgngbds,10168,48,Male,1,34.53414346
Xvtei,Kmggbjapu,16607,67,Female,9,29.20859927
Rblfr,Kvwwkwpal,10666,98,Male,3,48.83420687
Upaxkko,Xuefml,18585,20,Female,2,66.06705105
Fgqefjwjo,Ywou,17812,87,Male,1,47.44919732
Fsugq,Unqkpexk,17077,90,Other,1,74.24188127
Zudptyq,Nabgjqhpr,11073,85,Male,4,47.05967617
Mbudt,Uicfzjdh,8105,39,Female,4,49.90167161
Czmsbym,Iksv,16297,67,Female,3,64.91137814
Wpqj,Ntcebsl,19955,79,Male,3,66.98241034
Zygw,Aixsmeoec,17175,84,Male,1,48.08083457
Kjtypec,Agyhxr,7479,28,Female,4,59.40528215
Ohhcqixln,Cxydw,1230,68,Other,4,61.98179564
Chbvklh,Thwv,15591,24,Female,2,61.072891
Bbjk,Hrpms,11099,70,Female,4,55.75306669
Kzywol,Uljhem,18257,35,Female,0,60.67933149
Bmevr,Pjtx,11418,28,Female,1,55.23341714
Buxc,Sntwvsaa,9586,25,Female,4,47.95716784
Gzpkhud,Acqje,15194,74,,1,62.36636608
Exaews,Aoev,18713,92,Male,3,56.12652687
Ejjlmg,Yqojy,12522,26,Female,8,47.27564399
Paowx,Azgnssuuc,9554,92,Male,1,65.53383105
Vljs,Sjaetexqy,4452,70,Male,2,54.75912487
Ndeisqmih,Edirbhpsz,3076,85,,0,51.02953757
Uvhklsucj,Hfsgf,19473,84,Female,4,61.58246828
Ghagfm,Voxbxijnw,5906,25,,4,53.48526131
Vrxnfyuf,Qzllak,16875,54,Male,1,49.66544935
Khgyeg,Ltnpvxho,15473,57,Male,0,51.95940469
Czsapo,Eglkfee,12023,59,Male,3,59.92938929
Mtznd,Lraqvgte,7584,71,Female,2,69.85351712
Owktsqf,Tbsu,10745,40,Male,3,36.51777251
Vdthmhy,Ajsrycvpr,9547,98,Other,1,72.3067042
Jznjpz,Qdof,13409,43,Other,1,61.2409149
Yygj,Gzwh,1823,42,Male,2,49.54164783
Devqu,Tswne,8504,93,Female,3,39.81031343
Okaebt,Gvuiyuzk,10349,81,Male,3,53.2032059
Rniynr,Naba,10287,32,Other,2,53.16971927
Hzme,Hqfqposem,5053,35,Male,3,64.78252689
Soyr,Zdqcrc,7433,46,Male,0,57.90156066
Gxinuhqlz,Yqvnt,5323,30,Female,0,58.57971596
Nbfdqoau,Pynyu,18779,60,Male,0,54.61556946
Mbapnpq,Bzkrhgkt,11854,74,Female,3,59.05696402
Cqufmf,Ghgq,6038,60,Female,0,63.46787998
Bgscoj,Wflybwylc,13090,33,Female,3,75.61576992
Apgkihlh,Lcmrlvi,2982,22,Female,2,63.33346757
Oiuqj,Krjtbaygt,17260,45,Female,4,51.12883887
Rkmpbzynj,Hsxqzfzi,6144,42,Male,4,65.22261657
Mxkiv,Ffhxngp,10393,63,Female,0,67.0408345
Ztqgmkwi,Bmxpgagj,12545,86,Male,1,42.76410767
Qygfqfc,Jbmaon,5189,84,Other,1,47.83180287
Suksbkkk,Bkgwdp,15045,40,,1,32.68868551
Qymeg,Fwsuxhudd,9416,31,Male,4,51.82692411
Xsrmktsco,Cuvnpioq,17588,79,Female,3,50.13351798
Cbhrcynb,Wrhyeyme,8409,70,Female,2,67.08790714
Efejxhwd,Cwxnnc,8318,20,Male,1,62.23399809
Ckype,Gwut,16228,69,Female,1,67.9425585
Jlqs,Siizacgc,10620,83,Female,0,65.7911401
Dejvq,Gqxxj,14373,38,Female,7,88.37696067
Hyrgbf,Bbkirsc,6096,86,Male,9,55.28270729
Egnfqxy,Hruxehwr,6286,37,Female,0,83.74535268
Rwrsng,Perjp,18320,62,Female,0,49.50112194
Igutnryjf,Qdpa,2249,39,Female,1,69.25245977
Yakvilf,Txxqo,12734,34,Male,2,57.51246503
Kcylc,Pdfb,8138,83,Male,4,48.75749312
Huzcbjpt,Dohty,6585,70,Male,4,77.44471228
Aomjhjmt,Xbejunexh,13174,59,Other,5,54.05061933
Gndo,Gbrrthbq,19756,37,Female,1,48.66714086
Zssd,Tpatjx,17724,71,,4,66.98371957
Gxqi,Yztad,2776,72,Female,4,71.42252119
Vmtymiv,Yocmfb,14780,67,Male,4,74.00314869
Zbmuljc,Enhs,12713,48,Male,3,47.88859323
Yhlyhpi,Hptp,6391,46,Male,1,69.3153441
Cbgqemc,Bwczimd,14643,87,Female,6,49.61037925
Nnpfkcdf,Urqqfhq,10647,33,Male,2,44.40555125
Zwtncx,Iyxv,2727,47,Male,3,56.48635447
Qdootc,Boaaemmpd,19283,20,Female,0,65.95010853
Wbetnwocx,Gxmhh,4217,68,Female,1,74.59575553
Bdsq,Cgoyctk,10353,76,Male,3,53.76840954
Bxpffengb,Fwnmu,12028,93,Female,0,82.27354525
Tudmtpn,Ezpt,11940,33,Male,2,64.81863866
Utntbt,Gvkyrbmch,1082,26,,0,60.9766823
Rdxouxcrf,Izipn,1299,83,Female,9,43.98485598
Wzpgev,Tlskwnkn,1296,74,Female,3,75.66021465
Ltogxsn,Xbic,17117,97,Female,3,63.23887062
Xyhxfcd,Ykwnojalr,13267,46,Female,1,46.34368664
Ssxbvfpzv,Zrkz,8579,42,Female,4,58.70947954
Dijyr,Zjsvqifex,2805,88,Male,9,61.79439104
Lcquplat,Xksthws,18774,56,Male,1,48.19699618
Lfgwdkzvu,Hotdslvik,11910,63,Female,3,68.03006876
Nwwdwz,Ojvqn,1327,35,Female,2,72.14857192
Fmagmp,Pxagio,9186,40,Male,4,62.46122995
Mlfnxr,Fapdo,13136,31,Male,3,65.97324261
Xdkovrlhi,Uogijs,4875,49,Male,4,33.68248563
Xsmg,Oekgchmz,5494,95,Male,4,49.45919596
Nrmcshvb,Uqzuekfgc,9432,78,Female,3,72.51650851
Jiwyng,Giwplsj,17058,68,Male,3,65.1847093
Yksoca,Zppswuoe,13849,67,Male,3,40.69374306
Rvlzypiqa,Ugwiibwul,5327,82,Female,0,35.86679514
Hlbbppvo,Uimxjwds,17486,20,Female,1,34.89413808
Wxmveb,Qdxwjh,13194,98,,8,62.19141801
Qxssmyy,Ohgo,7576,85,Female,0,54.84130522
Apue,Qqnm,10886,23,Male,0,52.67346961
Ilvq,Srlwlm,8321,21,Male,2,65.07938225
Qqtryrgt,Dnycaub,8811,48,Male,2,53.26309113
Gwvvn,Kcpdolk,6026,39,Female,5,53.42279506
Urjsr,Gnquvgwhw,6422,79,Female,0,64.78160233
Gxhuzimxf,Pape,1244,70,Female,8,56.40269326
Dzpykxubh,Cosdca,13428,78,Male,2,52.16847332
Czomhksct,Huyupshxv,10440,70,Male,4,51.64845497
Aqhfi,Hodpspzl,17909,68,Female,0,61.67126402
Kpbdvni,Recj,10887,21,Male,4,56.43012202
Lrjmcogx,Cittbzctv,10846,83,Male,2,61.76842165
Udfvj,Omndimp,13688,46,Female,3,65.98654931
Eedj,Abvctyxb,5823,32,Female,2,65.93646027
Ncsosxrx,Ggrctgbip,2748,31,Female,4,42.54071033
Pfgqqffcs,Abessyknc,6598,27,Female,4,64.22134624
Hojoalj,Ndlew,16608,86,Female,1,52.18150577
Lcdmshb,Evkcweo,2493,40,Female,3,55.06558947
Hoahb,Kurqdfz,3516,43,Male,2,57.96862858
Hrcxxe,Bthelobt,7307,48,Male,0,35.06908291
Pgwnyz,Wesx,8477,98,Male,2,50.83494408
Viifwz,Bemgf,5296,22,Male,4,59.01594546
Jrkphei,Qcwlrrdke,14333,35,Male,4,73.66243529
Tfiirnkn,Wprtnqav,6712,27,Male,0,67.83980274
Mhkstsa,Zmaumolqt,5560,82,Male,1,58.69509944
Uzsdtms,Kpkduedtv,16686,31,Male,3,61.56613638
Yudit,Krvuekzuf,19849,95,Male,1,72.01041478
Moewmqy,Yyjtgfg,13263,24,Female,3,80.92909501
Fgiwd,Iufz,13553,33,Female,1,63.38588119
Dnieh,Ahpiq,4629,69,Female,4,63.83853364
Cpxuox,Jnrvq,12626,50,Male,7,52.87336353
Fivex,Ebrzjnq,16774,58,Male,1,75.53758025
Magiydhch,Zbkdix,10030,72,Male,0,65.41666639
Vqsqbkca,Jfyxt,15813,39,Male,4,53.9553913
Jrjk,Gesc,16244,19,Female,0,49.61205294
Yxcm,Dqvx,5244,53,Female,2,55.85101618
Odemuilx,Haptirx,8794,21,Male,0,45.63957423
Tkcnhabe,Xryuzsvwp,2539,37,Male,0,63.47173006
Rcbrti,Jhhxkmek,2360,57,Female,4,61.25432161
Qxkjz,Umeei,12256,40,Female,5,52.69888327
Uizhesg,Syitikgsv,3825,63,Female,1,56.18506319
Jslmv,Hhgl,10056,23,Male,2,46.36576788
Jbfwpxlsf,Ishi,1855,18,Female,3,50.04666634
Ctvuo,Xduzcr,13706,64,Male,2,68.96983325
Tfjyc,Qjatl,5112,62,Female,2,49.90759117
Xubr,Uwdal,6901,74,Male,7,69.83784892
Cftxvr,Emsqpmukt,6446,55,,4,89.93298493
Nwli,Yisilcat,6897,92,Female,6,85.44700393
Yopgvkxh,Blugxakv,1934,23,Male,2,65.95859708
Ejvo,Tsxokelx,19635,30,Male,3,61.64241386
Uyxl,Waqxeyg,18481,24,Male,0,67.61058372
Eucwhsy,Fnwrcecnd,6590,22,Female,7,80.65874659
Meakmlok,Hukhn,3851,46,,2,64.79566871
Yeji,Rbjqix,5665,76,Female,4,93.68675685
Dftinmc,Hxqxxlbm,8800,40,Female,1,75.33832048
Cqgzartya,Krtfijx,1726,56,Female,4,82.00697086
Wlxngl,Lzknyndf,9857,36,Female,2,40.22298866
Ybrbfqwz,Mexjnno,17770,36,Female,3,53.25332869
Aokwmo,Jaroweo,5961,87,,0,61.8236914
Dfrhfb,Rbymyfay,6230,75,Female,1,74.11010806
Rvitrmgph,Lgzffaz,5425,54,Female,0,62.41990416
Ffdpj,Sgdy,19315,85,Female,0,77.18401083
Rkrkd,Gbxbu,15513,57,Male,2,73.48047894
Vbtophygr,Qkhbjejy,17674,89,Female,2,72.69456711
Hyiddxot,Czufn,6240,24,Male,3,62.74319371
Fqidcqitv,Zzengd,2230,56,Female,3,50.66421614
Rulbb,Oeim,14402,47,Male,1,71.67309696
Ggmfhlrux,Zhqddzjd,6718,24,Female,2,64.67358257
Dyykxlcze,Xdwjbnza,14585,83,Other,3,56.17363526
Ijcahzcuj,Vzceznrt,1324,33,Female,1,64.50062983
Egkorei,Ibkp,18752,95,Male,7,49.52608516
Zwop,Ksby,8353,94,Male,3,59.98968248
Vkactr,Gclme,14616,45,Female,1,72.15845342
Uhbhk,Tolenyi,11196,64,Female,2,71.92845305
Kgss,Qfuygvw,3847,89,Male,7,60.41262246
Qvublk,Vpklal,6880,45,Male,3,76.10415671
Szvajwzh,Cbgelewb,19409,64,Female,0,31.99438868
Cyzavf,Sywy,16691,89,Female,3,55.71553073
Bcyqf,Xmigdc,12380,27,Male,0,70.19364865
Etayx,Rmls,5332,86,Female,3,53.70985614
Ower,Wcroi,9046,48,Female,0,59.05239631
Zvkfc,Vwiznn,1029,26,Female,2,44.01551559
Unbzhbei,Yxhzsiip,8299,62,Male,8,60.17958143
Tjwe,Danflwqrh,3584,86,,0,59.54126545
Kzzwrrtlt,Wopj,4997,73,Female,4,57.95677939
Zabudijy,Aellz,6694,33,Female,2,66.929706
Qeqfkxk,Jncwnh,4822,80,,1,36.99594829
Tbzia,Fyyksuepb,2859,62,Female,3,36.02519641
Uuztzh,Mkir,11499,54,Male,0,81.67809782
Qaaxywr,Qcgz,1780,18,Female,1,55.79170755
Zpqa,Icecjixu,7226,21,Female,1,58.52040476
Mwxdnqe,Cralk,17189,42,Male,4,68.52369677
Znyxn,Twnc,13976,39,Female,0,56.24298615
Hcoucwm,Ylvbqxdvp,16117,23,Male,3,57.83998705
Jdpa,Ojkzh,11593,79,Male,3,75.91696335
Ngaczgewz,Jrjy,10808,66,Female,0,57.11105498
Akyv,Lxwbtl,14687,96,Female,2,77.5503541
Jwag,Fqflnefz,1601,18,Male,0,53.76945967
Khweoxy,Ztxyaq,6315,73,,1,60.18094612
Xctplvadp,Mqlzkltqj,1417,66,Female,2,75.81482977
Wweendgsa,Jooriwjg,12111,34,Female,3,55.94282934
Djsouzxn,Tckxpd,1207,73,Male,4,64.41960653
Aompxir,Dxrxa,8523,87,Female,2,75.24800463
Kcmib,Lxwbsgf,5096,81,Female,4,63.24276175
Uyajh,Qinxanxjk,4476,23,Male,0,69.07493135
Rlaem,Voqtdhabz,12412,50,Female,2,56.35683899
Hstgvn,Zwpw,3884,58,Female,1,55.55705727
Idemfvw,Xnjj,16997,90,Female,5,47.95907836
Ocbxwfbzk,Sxumipkj,2682,82,Female,6,63.98969211
Uwcsbkeba,Qujbkwkcy,12395,51,Female,1,45.70808962
Rhzlfll,Bcgcvp,17457,71,Female,3,57.59221377
Ahebnyfy,Wimm,14945,34,Male,4,45.19218662
Ywsayavsp,Sccddlox,7557,77,Male,0,49.37070151
Rasunkhr,Eshiol,15950,55,Male,0,58.48342054
Kkqi,Voelpywf,18099,55,Female,1,33.57848695
Lzqwlfeqn,Kkskk,15635,71,Female,1,42.00391899
Fmff,Cvyxgiuww,2715,31,,3,30.70227334
Pxdknxv,Xzdcqmmv,3247,30,,1,35.60817193
Gmyxn,Xswsi,1956,77,Male,2,54.96276845
Cjslkbfzm,Ntrfbgkqo,1171,81,Female,4,84.59058197
Fifv,Rnmzc,5220,61,Male,1,57.84018811
Hfdqudcl,Gyvxcaolj,7932,43,Female,2,69.2298079
Thliavj,Xbazlrc,9594,23,Female,2,48.05047239
Rekutlip,Ghrcbiwa,11823,98,Female,1,87.67057788
Duithcf,Kojd,18741,65,Male,1,75.44254179
Eqjh,Bqklfrd,14544,27,Female,1,57.02443654
Rbkji,Kjtlu,15080,30,,2,74.83653442
Zbpluov,Pvoqobyd,17449,80,Female,0,74.68010806
Rcpq,Yrzbwdgzg,14140,90,Female,3,35.77658693
Rsluo,Tdaql,2117,32,Female,3,49.99836636
Ewzg,Lqyvauss,6464,27,Other,0,73.88181854
Umgfk,Rkxxf,8890,45,Female,1,58.88497678
Rsqxzzfzs,Mkcwhonq,10574,21,Female,4,53.92274034
Szcp,Qdmtuzwdj,18492,63,Male,4,60.69428405
Jhzcmtyd,Xumvgivrt,5349,69,Female,0,51.73481593
Hslm,Ryzzvs,15512,40,Female,0,67.43352801
Mlpmsgoo,Lvpzdm,4791,59,Male,4,83.24306274
Zpuh,Qfpc,1774,59,Male,2,55.54587169
Fkgzkdx,Knrcpfpe,15854,92,Male,1,60.01534079
Lcvhfi,Nmqb,9518,53,Male,4,41.8728074
Yoeyhypnm,Ivbesoi,4900,49,Male,3,44.67960946
Kech,Hmun,8245,89,Other,9,48.51874737
Obfjxryzz,Qegvy,9574,72,Female,3,79.25001534
Rmgvzemk,Pesjm,12590,97,Male,1,54.84922885
Fkpypv,Xaitviay,1292,93,Female,1,59.54067217
Nprjztlg,Frgq,17779,41,Female,0,69.04481769
Btwvnm,Emvbphxpl,18479,74,Male,1,42.00537169
Rmmm,Dwolsa,15391,30,Male,3,83.24306453
Nmbeh,Lcetfpcy,6221,38,Female,0,43.28596002
Dfsuc,Doji,16478,93,Male,0,56.47190292
Efbgvko,Nxvm,9590,63,Female,2,71.1239092
Manngbw,Eicdowjyc,16349,39,Other,4,71.93316102
Sjipp,Vunulgptk,12723,60,Male,4,68.24357126
Nodxyexj,Eoepo,13108,53,Male,3,45.41293009
Tesutrgq,Dwcbilro,2870,74,Female,1,57.03084924
Slixyw,Ecjpay,10198,91,Other,3,67.44367618
Txxqhunw,Tlkjyrr,4995,79,Female,4,67.17028743
Fdhdy,Vhziztn,17311,73,Male,4,40.7591839
Ymaompgl,Unnhfy,14439,19,Female,2,57.65007081
Cicylgb,Yrjegdqi,13012,21,Male,1,57.1499752
Eptgi,Qkxuducx,9828,49,Female,2,80.26362514
Nbwrzboq,Bylqzcua,6127,85,Other,0,50.2637221
Lrsdf,Oemqjhnq,3452,84,Female,0,73.34033506
Hiddwofqq,Slviyeyxx,16336,76,Female,2,59.71359553
Tdhkgcxa,Ehotmlgyh,12720,49,Female,2,80.56900051
Anjzfel,Dbci,4948,42,Female,2,61.3193858
Jovab,Qxsb,10372,38,Male,1,64.62122942
Gpdgyfy,Ssnwnelu,15422,49,Other,4,67.14527437
Zrxfyx,Iizhcfgo,19240,52,Female,2,80.49990755
Liygxn,Kdcxx,9091,18,Male,4,69.1791099
Rkifvlh,Vddm,15624,22,Male,0,43.88306656
Znua,Zxtd,15339,79,Male,2,58.74744577
Wxfpdo,Doebx,14934,63,Female,2,66.88056643
Ohwijxugg,Rsuodzmob,5300,60,Male,0,84.31758361
Ktzf,Bowekhfn,16470,36,Other,1,56.44728861
Ynttpi,Mkltyh,15488,63,Female,2,43.26058775
Uusnxijz,Zyzvih,6909,61,Female,2,66.97517913
Wvtsswt,Qojdn,17597,30,Female,3,42.31228534
Nsltwzfiv,Rfuo,17876,35,Female,1,72.12345996
Qliqnuq,Fisdtpd,13060,48,Female,1,55.72680887
Xikybfeow,Ctdyp,15157,69,Female,0,56.18776949
Ekoghwkib,Bdepzkej,17982,63,Male,3,47.81574588
Kzravzf,Dgqybmglb,5491,33,Male,0,36.054024
Sncpoeaxh,Fhwvsjrxr,17879,83,Male,0,69.40400181
Aqnd,Lrqtxmupq,16114,54,Female,3,72.81927927
Sbqijz,Xyyozea,1089,38,Male,4,59.6640678
Ffsqd,Vlrf,1971,49,Male,4,50.4470132
Meihjcn,Kslzq,13556,20,Female,2,48.87646241
Tesh,Bijjnfg,15719,95,Female,2,50.51171947
Xftjagxj,Xvdkirjvn,2642,94,,0,55.16854049
Pnyy,Mbpp,3224,82,Female,2,67.48340119
Jvmuc,Pbgpse,10807,36,Female,0,69.04750325
Ravtkyd,Tdfr,6408,57,,3,55.50898604
Rahojufi,Ussjfms,10237,49,Male,4,66.17629968
Mtwh,Iuqjiiw,3703,63,,1,72.41502584
Mtdwa,Scdnme,1317,41,Female,0,68.31134175
Bfrxm,Fggv,1681,81,Male,4,50.93026877
Kytbt,Geudmvzo,16696,57,Male,1,59.54546665
Mpswnsum,Xbzz,9745,82,Female,9,50.26719963
Fdauy,Vwmdg,3664,96,Other,2,73.80664615
Sxns,Stmlfsgr,19294,97,Female,3,60.5231901
Gawaaee,Zygsrera,3538,25,Female,2,41.67011033
Bgetrakdt,Iocqopq,2286,93,Male,2,74.20230143
Fuewvymqm,Wtjlzuy,3286,25,Female,3,65.91091738
Tnltgb,Xlbjty,3475,97,Female,1,68.85226651
Qasivxox,Tizwhu,9974,71,Female,2,44.17152465
Sadlsexa,Ccpehk,4058,20,Male,0,55.34380371
Gclpbe,Nshmm,7675,33,Male,0,66.58949839
Jrvei,Rkdglk,7372,52,Male,1,63.46392318
Dqdikcc,Zlhtvkru,15948,34,Male,0,62.82682767
Wbjkrb,Ykyyqkcr,7049,19,Female,0,60.03356847
Wniu,Sefcvd,5722,22,Female,1,72.81838957
Adjnshplw,Xjlkehnxh,6640,29,Female,1,73.47542472
Pjyzqbpnq,Myzhenth,13758,19,Male,0,43.15976056
Pwzlveh,Fjaastk,10232,55,Male,3,66.82191903
Gsnrvilff,Xvyrqete,13521,73,Male,3,72.66774822
Axby,Agcj,1261,18,Male,4,58.24831652
Whldnetjl,Yejezwr,4887,31,Male,0,69.33494363
Sffiueo,Ybandy,10636,27,Female,0,71.90740878
Nwzk,Kfvjckypd,1163,43,,4,46.63287698
Rjdvyp,Lhlwvdjx,7022,39,Other,5,61.71309538
Ntzehhvs,Wvsyjw,16276,38,Male,4,84.00932305
Duzarnxxt,Sxpcpf,16852,64,Male,0,47.81955423
Vqoscxa,Xsthrqj,7018,33,Female,2,48.24066289
Aksurkt,Fzkv,6609,61,Male,4,56.47683283
Mpcl,Kfzukxm,17305,47,Female,3,57.69173832
Cbgf,Whpjpmxar,10415,89,Male,1,56.87442769
Myutf,Xlou,12079,44,Female,3,75.40046319
Ovqydusj,Fvfsmet,12228,62,,0,67.67163399
Fxdpdyroy,Iztxrfkmj,19363,85,Male,0,71.11424877
Mwsrmtyxw,Stlpelwl,16218,37,Other,4,45.84819775
Orrt,Ffbkyy,2060,49,Male,2,53.41985907
Ejary,Gjduxy,7708,75,Female,6,51.75699123
Qpojbwbes,Qrjghi,4075,65,Female,3,55.15953259
Adtub,Ldkfe,6912,90,Female,4,75.3170514
Nyvthrlk,Kyfstzxs,10423,30,,4,45.27626558
Pplzp,Fcxngo,5133,48,Male,3,66.90627085
Vdjpucy,Umuu,14104,45,Male,0,68.38014243
Kaxknnuia,Huikuq,3462,19,Male,3,68.94747413
Zvnzg,Rzpuqg,4486,31,Male,2,57.21400571
Gyrpq,Mytuk,9591,46,,4,69.42552179
Ncyhbij,Tnzdtuftk,4039,67,Female,8,55.91960333
Sscjlbj,Nfklr,10835,77,Male,4,54.05798072
Nfodie,Jtfnfnq,3210,77,Male,3,61.45198954
Gdkt,Ugudohfus,19192,29,Male,4,56.13521156
Qmfxwemup,Dqwhrlb,9283,55,Male,2,45.45481084
Logth,Yeurt,13842,29,,0,71.97434679
Rbpukub,Llid,2827,62,Male,3,75.6525002
Duhnzlfo,Ayhgvhc,18722,18,Other,3,60.68443393
Yxcepfr,Kumcrmzdz,10533,82,Female,3,NaN
Zswjs,Sahwt,18324,67,Female,3,46.17841492
Miqzfdqhf,Iugt,14988,26,Male,3,42.84052849
Cgwiqabi,Aypxx,17292,35,Female,0,56.28789296
Rjgb,Ndjbfs,17258,55,Male,2,65.22905244
Qngqw,Ovsrza,17080,75,Other,0,73.17675821
Rbitxtpa,Bfdt,17010,60,Male,4,49.99264861
Mnnzkte,Ioqo,3711,90,Male,3,61.07416292
Anazaaxdm,Okmjx,6860,63,Female,1,67.49947628
Yvkvdb,Itvbld,5184,72,Female,3,48.05605961
Fldezcy,Qxjvex,8667,76,Female,1,76.67915253
Mmln,Hztewx,5297,33,Male,3,48.27061407
Nirairs,Eqqfqxpqk,8317,54,Male,1,47.24389897
Ccmrx,Uchl,4029,76,Male,3,63.9714003
Spcd,Relkezdr,7470,32,Male,0,66.91687714
Fjhsyfby,Tiylzubsv,7858,42,Other,3,54.75891852
Jrbkh,Kkll,6904,89,Male,2,68.86698246
Tymlou,Lxxeyywp,16301,51,Male,3,76.15483288
Stebrrjea,Ydquxv,6197,83,Male,0,57.75520526
Mrdebhm,Gmbc,14726,64,Male,4,46.50955686
Qlsfszxht,Tanio,5250,93,Female,7,40.68058227
Poqw,Yfmzvjaw,13960,75,Male,3,43.29204605
Aehtbzhm,Bdqaux,19570,51,Male,4,72.42488323
Zjdyh,Xeny,6507,38,Male,2,72.28420033
Nlzlvbsop,Ivbqpj,8333,45,Female,4,72.34286556
Npgvjq,Gpvppxqie,13626,71,,0,56.30040151
Vxngcfhzl,Irkgpmy,18292,38,Other,4,65.15649919
Sqso,Leudaqct,7130,64,Female,2,60.94503797
Nqymm,Snue,14051,33,Male,0,82.69796237
Uqemf,Ghgcosyrp,7124,29,Male,3,43.10927019
Njscprfda,Muvkmc,15307,63,Female,3,62.27694287
Jpio,Ninwiinf,16152,86,Female,1,54.73193138
Rlgxmfk,Ahlrj,6764,24,Female,3,65.78067329
Smtdep,Biihxjq,14423,39,Female,4,46.31531396
Lnll,Ftvbilg,3432,93,Male,0,74.02586546
Cfhgmpdf,Vifufcctf,7783,19,Male,1,56.22475839
Mgszoihc,Yryeqtmnq,4390,84,Female,4,51.41670751
Lguz,Isrp,4272,51,Female,3,67.01229762
Oyjowitz,Vtuglguil,3583,29,Other,1,51.45136279
Pgahbmbg,Oayeleli,19938,38,Other,0,62.1745473
Xarbgrvs,Jusymuyt,8532,91,Male,3,78.82254641
Tvungcgv,Bsxkg,16968,21,Female,0,71.92671209
Hgpwmqj,Hthyfkwxj,19040,85,Male,9,55.5401921
Zyeizs,Jwtx,18889,34,Male,1,73.65894867
Mytf,Louppnil,14039,34,Other,3,57.3861484
Clnoh,Wuskyb,19366,94,Male,3,46.303177
Oriqmap,Imtniillu,14968,30,Female,2,87.63943267
Rupbgkcbc,Dzwkeb,5001,89,Male,4,49.18506214
Pkgal,Rxxhym,18278,52,Other,0,71.96890578
Xjst,Qglx,1025,78,Female,7,30.80167727
Ssojmbaz,Btpjoevt,6989,89,Female,0,38.09988315
Xxmlfvtvd,Srjfadzra,3236,69,Male,0,49.92459788
Loveppvjl,Eeyhmdc,1505,30,Female,2,55.20641363
Defbol,Akfyg,8226,97,Male,4,42.00059699
Gimdtyxx,Xsshb,7703,84,Female,3,48.18711958
Chiesaxk,Eikoxjxyr,10299,42,Male,3,55.54116034
Ntipjwil,Vjdviynh,18374,62,Male,1,56.58029101
Atxgugepc,Cvhsjaj,2551,35,Female,4,55.84662545
Xmtwzz,Yrvslc,17469,68,Male,4,53.89597754
Eowwrc,Afxapb,7362,70,Female,3,46.89262922
Hkcyw,Jsxxbqquf,5741,90,Female,2,46.36686734
Clsjshgnq,Upgyuainq,11237,38,Female,3,60.0166448
Zyyw,Cbngt,18981,71,Male,2,78.6415963
Mejizgvc,Bnssjcilj,17794,21,Male,1,57.3247761
Aqzpt,Ikpgamoxf,8059,26,Male,2,87.33830637
Hfvyie,Eadaf,1050,60,Male,0,60.95135911
Lfqhha,Avtjc,12641,98,Female,1,53.68088759
Ebssrdfw,Vgiogla,11048,73,Male,3,55.53604606
Kmsl,Mdmivlngo,4756,86,Female,0,47.1789244
Luftwoye,Sthazoxmb,15126,75,Female,1,28.31993045
Nnfocjs,Uuupodn,11067,34,Male,1,51.62629852
Ynnfbzalj,Pfvlfe,8946,85,Male,4,73.3671033
Uyyvrmczq,Uowrs,9088,94,Female,3,51.29848067
Gpfi,Hshpwvntg,16876,40,Male,0,57.09470897
Epxsos,Gsvmcvpwz,7966,80,Other,0,68.47330882
Xykukdl,Tbgkmeg,18236,69,Male,3,61.02216635
Xrnv,Wjvbip,7636,76,Male,0,76.63760229
Jkww,Wcvg,2000,78,Female,1,65.32039805
Bkhok,Cpgr,6078,26,Female,2,74.05051222
Gylitch,Tsmznzbns,14782,52,Male,1,84.73088598
Nubsm,Qdpfrsv,19641,58,Female,2,53.55952852
Jwczm,Tdlkyhf,16371,91,Male,1,74.22466771
Gecfamqns,Gqzpxcc,2996,47,Male,0,59.1377919
Zqarojdw,Pwscvrk,9257,21,Male,8,62.57039135
Ksjsvq,Cojjkbc,15584,83,Female,4,62.61268371
Nusnt,Chjkultv,18361,60,Female,1,68.35017149
Xvocu,Hudbhwsm,3607,70,Male,4,57.11852793
Gdovfwnu,Wxmpozi,10424,45,Male,2,60.39598241
Ispttnvf,Vlxoms,7389,98,Male,1,39.31876576
Txxzzoyp,Foiauoko,4732,41,Other,0,50.42710016
Qikkvqwmz,Iqnlaaz,12764,51,Male,4,50.61724487
Jtkhbvk,Tpihjmb,3060,66,Female,9,60.8428675
Icuxaqko,Jxcn,5185,25,Female,2,52.39400317
Jftad,Bxdxpj,19710,66,Male,1,47.8217403
Jlxzbqybl,Ouebojoy,8497,85,Male,4,59.16286855
Eclyxjrc,Oqmtbldzt,13921,32,Female,1,48.01844718
Dtdetloj,Vaxs,13625,72,Male,3,60.00464382
Vrrdgtyo,Euwf,6138,66,,0,41.34434739
Dfrnl,Fxrbqgvgu,16436,30,Female,1,60.38769831
Bcols,Gmkwurctf,6703,23,Male,1,65.77753467
Jgixeyys,Cqjqseqa,9323,67,Female,2,89.10262462
Wsph,Kddwstm,13383,85,Female,2,67.80201718
Thjebf,Rlsm,4588,91,Male,4,65.50118344
Parxlb,Iucpllgli,19462,59,Male,7,46.28580869
Bhxmvgqvw,Truubiw,14584,40,,1,59.52289211
Ycam,Zgnswz,19754,98,Female,1,44.9087664
Gyqecohkj,Qyahd,15883,45,Female,1,48.19185815
Gfzkuw,Lmemjfmp,12398,89,Female,1,64.3885873
Cbtyks,Fdpoaw,3251,87,Male,0,71.71531048
Dbwozbi,Bwhwldp,5444,49,Female,4,31.55776954
Btakdau,Okymweiiq,18244,19,Female,0,49.53092748
Ztbweakqc,Nwehgst,14610,22,Male,1,73.01616282
Vmqxdjor,Etopcqss,17079,18,Male,1,80.47730478
Jvmrymjb,Elsssxybg,5700,94,Female,4,51.79833839
Opsfjsphm,Bsjyyeup,11213,52,Female,2,71.11327697
Gdehv,Gmvl,8071,74,Female,2,60.59640932
Xhoqh,Hqlm,13006,46,Female,3,66.2095402
Jzldzcndl,Rdszlmc,18129,90,Female,0,43.6946433
Adiri,Kyddszxvr,1109,73,Female,3,52.46398729
Krbwfljle,Skiiqvuc,4615,20,Male,4,61.0529856
Ieusn,Ktlu,14043,19,,0,59.28468605
Njzizyffe,Mocosf,10979,69,Female,1,65.13072678
Ephxcjjyo,Jwjohv,7339,79,Male,4,50.99206322
Ishyfpy,Vcuj,18983,74,Male,3,68.77749023
Inzs,Iiydqvmiq,5153,67,Female,1,55.47474571
Euwgjmel,Zwbgty,12837,34,,5,61.64184054
Aveee,Wemjdudc,11412,62,Male,3,71.17502643
Ipduxw,Cbcozdsix,10457,73,Female,1,61.44029129
Hynxjq,Yucjr,16851,69,Female,3,49.32583951
Fczmev,Jrpnl,10072,66,Female,2,87.37305777
Vfqda,Weguer,4269,49,Male,2,35.0588992
Rmdm,Kyfq,13629,94,Male,1,62.80813556
Yzedxend,Baoynk,3053,76,Male,3,56.84652709
Cueunaih,Lsljph,17467,59,Male,0,69.01971663
Bdfbd,Dsdbksy,10250,42,Female,4,56.3977834
Ddcg,Acylvhfx,17543,94,Male,1,51.57962101
Ygbb,Hujaizfhc,13101,52,Female,3,44.62301487
Wpmwflf,Uumzu,8870,28,Male,4,56.5999806
Upaqce,Knhez,6917,51,Other,2,69.23410946
Oysigd,Gyau,14489,28,Other,1,70.9980076
Rkrf,Euyy,12036,64,Female,2,68.8679297
Xdzs,Duwbztv,8694,20,Male,2,61.28635807
Nefusjw,Htbvl,11039,94,Female,4,75.38497001
Kxmrrd,Gzegoaw,12762,43,Male,2,47.72670107
Amhqwtw,Gxowd,16522,74,Female,2,63.6805719
Bdbcjck,Nthialym,3212,20,Other,4,56.51683482
Jekr,Rlkmai,1504,78,Female,2,55.54737939
Tvmkzy,Rqnqab,13197,36,Male,4,74.71310523
Gfjamrfq,Jvoayf,10818,63,Female,3,49.08561789
Tqabqt,Nxavras,7491,91,Female,0,69.09835084
Newuc,Swasbgbob,11771,76,Male,2,52.41173909
Oiqnp,Gjjqdhcem,7938,84,,4,74.13508827
Pmnhfz,Btdslbeo,6652,26,Female,2,49.92267518
Fqgcca,Gynzetioe,16144,62,Male,3,65.40944487
Ogqlrt,Unwyouez,15459,81,Female,1,66.24962219
Dbrcggxm,Yzbvyq,3334,41,Female,3,46.13341544
Yvnmc,Hngttsyp,5753,74,Female,3,61.39294184
Fjttayuq,Nujzhur,9171,90,Male,4,52.21719829
Ukuahgxm,Tmvqdpti,5264,18,Female,1,60.76822135
Xkextdmqr,Hflzjzix,7507,80,Male,1,80.72120873
Eebjh,Gqsmc,12624,50,Other,1,68.75065046
Yvflgwpgl,Cmcpgx,10806,22,Male,1,65.74557575
Rxsabdc,Bnwc,4950,57,Female,3,56.562858
Vgzfve,Blebw,14024,87,Female,3,62.95214607
Chksxxm,Ontdedul,8568,72,Female,2,54.57023326
Mgtfpraff,Hcqlcuj,14236,39,Male,3,71.7251045
Uitbabdz,Ntlyd,4310,59,Female,4,41.33923503
Bfldorqm,Ydejrkj,18002,18,Female,1,49.67758728
Lgcwyo,Nkcsslrbk,17405,58,,4,52.93217167
Sodc,Dfkii,9136,68,Male,3,51.22127555
Dohbtd,Lfxwasyvp,14973,98,Female,0,42.82060121
Dkdwwbn,Evrwx,8471,39,Male,2,52.8708669
Nqcz,Nuaphs,1618,78,Female,1,57.41398694
Tonna,Xxhc,19357,46,Male,3,69.4855235
Gtwudi,Bzxykmhi,13157,95,Female,1,69.11103677
Aodksdmr,Omsszgo,7718,25,Male,5,31.53169832
Goobhyz,Phlisexp,4317,69,Other,3,55.97276116
Caqzdsfug,Zzmspj,9628,38,Other,3,56.90366097
Plygpvejx,Rklc,5791,91,Male,0,52.42258373
Qaiseu,Toowygytg,12308,70,Female,3,56.84726002
Gvqhzfow,Vbtdsn,15192,28,Other,2,65.99318517
Ohurmo,Ogajfasy,2699,87,Female,1,39.93203827
Nkfqwnjjc,Pgjzp,6064,35,,0,65.90247475
Lxwvrkme,Qrtl,5428,71,,4,70.29703198
Vgycdacg,Xwdbk,15176,26,Female,2,66.58966579
Pjdtfd,Gisdb,19487,95,Female,0,49.19315931
Wuxtyg,Nbndxyr,13354,76,Other,0,56.4097522
Laxemqdvj,Yhutpao,4429,86,Female,6,55.57628431
Whyjz,Fhsdhpmc,6035,61,Female,4,71.54375482
Mabsgbsxf,Smzjkmdet,3136,78,Male,0,70.62639013
Hfxaieizd,Otpggjmx,3684,39,Male,3,69.07821791
Npnfsivmm,Zdyayshh,6686,54,Female,4,61.71659374
Nqwuqzof,Vjjhhqoy,4426,67,Other,1,55.66688719
Duguud,Zxemrlo,10452,87,Female,1,24.94163401
Uhxoqcym,Nodkbyyiw,10715,27,Male,2,52.09772312
Oflbtumt,Evgdvi,14093,68,Male,0,32.69081916
Dumr,Tzhshfmcw,3608,82,Female,2,53.16932153
Uyjirw,Ovwdtvsh,17989,47,Male,3,60.3519424
Gvtnbddq,Okgdeo,2716,21,Male,3,55.88237792
Kuharjm,Lijv,3072,37,Female,1,45.06032446
Qncp,Ozazlu,17510,54,Female,0,44.75121258
Mgzdxjapz,Scdg,10417,30,Female,2,62.02850794
Wzleaz,Xmawp,19440,64,Male,1,36.00735998
Nxdrkgkwh,Akwfw,16845,32,,4,49.11797419
Kkgbrrmlw,Ckaoceh,4042,58,Other,4,39.84398741
Nyguj,Lalczhgh,17947,72,Male,4,48.22775377
Khdewqhg,Nfcfed,5571,92,Other,2,69.80248392
Tmyfht,Tnmqah,15468,47,Male,3,48.74604658
Bjrmdiis,Pkfafs,15305,38,,0,60.71223684
Hdkwf,Vmxw,19190,21,Female,2,66.67981983
Stvncsg,Svxw,7777,79,Male,7,58.31661511
Hwip,Yjhwd,5269,54,Male,2,61.49872571
Vjgyidf,Ngdtcgdx,6477,22,Female,3,59.80654274
Axqqzfihc,Sneccfeg,12689,82,Other,3,48.43246547
Htxnupecc,Toif,17851,54,Female,2,57.81380759
Wobp,Fxqeqwawl,10192,98,Male,4,65.91644981
Irvtzio,Abnjiu,9595,62,Female,2,51.52011979
Vwdewfndl,Zegyqmf,11249,30,Female,4,64.77289108
Uhzf,Exnkz,5270,58,Other,3,59.69074091
Umjiq,Uirorklso,2764,55,Female,0,60.5370171
Owwb,Pgedg,10088,65,Male,4,52.74580379
Uksirlvd,Jqgeb,18858,83,Female,3,40.03414168
Ldah,Itzcro,14255,72,,8,74.62149746
Lpjefon,Obcrf,18282,27,Male,2,47.62193201
Shfol,Byqxdvp,1486,74,Male,2,61.38851289
Mklppx,Tievyvbux,6594,57,Female,1,62.39797847
Qribvzqn,Qcylox,12937,37,Male,3,53.59944358
Pxoriabr,Soqmbfx,7949,40,Male,1,64.00196195
Vylwiaz,Dlybymnen,10951,82,Male,3,40.90441736
Ugpjzb,Avpkjqdbe,16577,89,Female,2,85.11702287
Lwycitc,Oikuplso,14020,58,Female,2,70.06161747
Lqpp,Btrpwv,6203,24,Male,1,57.46354232
Uvhzmlbah,Btcn,16201,44,Male,0,61.72249478
Duivosk,Gyorm,10623,80,Male,1,66.41264665
Lmpu,Qyhmtsp,14127,90,Male,4,60.5073968
Rwtakzlp,Zvex,19334,40,Female,0,59.57136019
Cgoreiz,Incwcep,2954,27,Female,0,61.46477225
Ltcxv,Bkzkzltr,17910,51,,3,51.46618778
Uzzpv,Hpuddrfbg,18405,75,Female,0,54.70297116
Ygbkefxnt,Qllpgtj,11938,78,Male,3,65.36931744
Rwzoot,Mqmlkm,2370,66,Male,2,50.13975531
Quoadej,Serckhxy,10709,52,Female,4,72.14708412
Ofnihdq,Btrgdjxtw,5097,42,Male,2,40.86294058
Ibrtgpb,Zayxolz,19542,48,Female,2,42.01946119
Fthryeamx,Zhrxz,9937,38,,2,54.31933559
Pilphai,Xegq,6633,30,Male,1,61.9173321
Lfnpzotwh,Skmgvs,16810,86,Female,3,64.33678117
Wslpt,Ornuxas,14214,86,,4,38.94191119
Tvmwthwj,Lucrziw,3461,36,Male,4,62.14231007
Mselck,Zlrrla,1660,63,Female,2,51.19978361
Ucexf,Okllobgr,1151,57,Male,1,71.54557275
Wtfohqwaq,Bcdkljkk,3065,91,Other,0,54.31088625
Ltqtg,Gktwsjwh,7331,50,Other,4,60.43277408
Kmly,Bkrtlos,6980,22,Male,2,60.08170966
Utmf,Rhqwo,14282,64,Female,3,64.02580598
Ysag,Jaby,16453,90,Male,3,65.3707057
Mjyzc,Wvevs,17929,47,Male,2,49.2614727
Pgywcile,Boldbbyc,16179,75,Female,2,73.74117432
Uhepdcie,Axoryk,6486,33,Female,4,52.89577665
Yfnfewjg,Avxofmaao,16045,70,Male,4,57.92190103
Tweaohhns,Tqhxlnc,10707,42,Other,0,53.10789007
Ipfv,Vgoghhfxx,14235,25,Female,0,56.10735351
Eosdvhpq,Mzesjd,10705,96,Female,4,53.19141232
Jfuvud,Mjomy,7537,52,Male,2,60.80287488
Poyhfxmg,Uhjxryxkd,9832,52,Male,2,69.59222472
Eoohj,Fzbczk,12686,86,Female,2,74.91387963
Uwefa,Wvgheqdvl,2820,95,Male,7,60.09352897
Hxmjskey,Kxorehq,15310,41,Male,1,44.11607587
Rhcfihudq,Qiqpf,11122,44,Female,3,69.4504514
Jeonf,Bthgch,16826,92,Male,2,54.65586961
Detgwyejh,Xlqczdu,4162,37,Male,0,56.33230032
Iatsxojiz,Axrdagep,4460,32,Female,2,56.22423109
Cdieyqmez,Nnpcuvwv,18536,28,Male,0,59.43159287
Pvvu,Ivlbtvto,11526,52,Female,2,64.39851817
Ittajnlmj,Mqhrxo,10092,47,Female,3,54.02144284
Wzawye,Tktfqtkq,7593,91,Male,1,45.10146928
Jumuu,Rcokofs,3364,24,Male,3,50.77410224
Klvzhyvjg,Eywn,1672,45,Female,3,57.73750149
Yrrjgcgm,Qqyg,14850,95,Female,0,62.41078415
Omtgv,Hfeeac,1535,27,Male,0,63.73149145
Vjutt,Coegaz,11432,75,Male,2,NaN
Newmdpl,Zgygjcmu,6807,56,Female,2,64.15650977
Cgdglcl,Xvbauo,4404,49,Female,1,70.19638252
Gyoykj,Bwphefrgo,15572,44,Female,3,54.84581637
Trjsyxso,Sdewdmkxu,15790,81,Female,2,76.85552738
Lrdrtvry,Lpgsvht,18034,69,Male,2,71.87728517
Ufrgxdqy,Epfcqau,11578,51,Female,1,43.29328132
Fscponxau,Lawylzzx,2898,25,Female,7,49.77007949
Fosg,Pblobwl,7743,67,Female,3,50.07887021
Egcd,Xesnlzd,4394,31,Other,3,65.08238298
Txsrh,Ochf,6544,87,Female,0,75.93261862
Kpql,Cjduqoxnz,2483,75,Female,2,72.31453911
Zxwngtgm,Rhfhs,2688,73,Female,1,55.01297603
Ovfysha,Bxlsndyym,12888,27,Female,4,44.55091366
Zqmvortp,Qfecqqcqi,13368,29,Female,1,46.31144244
Irgncfyvc,Bysiz,13836,97,Male,4,61.28590953
Mfta,Svkrecgmc,14531,95,Male,0,78.45396715
Pyilxz,Twsycvlk,5478,43,Female,2,61.47327286
Yihietr,Mcpqqedmz,4860,43,Male,9,54.22060836
Xoynz,Zvsjqllq,11768,51,Other,1,68.43613034
Njji,Scnmf,13047,37,Female,3,45.4057778
Xjoculjmp,Tecxgiw,15440,33,Female,4,76.31654238
Yddk,Yvbfr,17768,77,Female,1,64.61210267
Phvrlees,Mdhff,7302,31,Female,4,63.89110946
Nezs,Twoaljsau,16426,48,Female,3,37.65030776
Vgbfs,Bghh,4260,47,Male,2,82.2838963
Khnfr,Nwrnfgdij,4330,37,Female,0,54.43322192
Rpzh,Dttcm,1186,38,Male,4,62.3119088
Tlqxhegwl,Fjgrnc,9557,37,Female,1,67.46599568
Vkvcwl,Nzqdhlbi,15892,57,Female,3,40.06563222
Rvwcjblf,Tlljnzxp,7859,38,Male,3,37.7022935
Gujd,Dpnxis,19900,62,Female,4,87.34971073
Bxfsddxm,Jawvu,13898,65,Male,0,43.24457043
Leczijk,Fbvyqe,4525,61,Male,1,58.35028672
Xaigymzu,Hrrhnvoay,9349,76,Male,3,51.5245409
Uotsrr,Ljaujtk,2666,39,Female,4,62.07020691
Rgzfj,Ozilaopht,14304,39,Male,4,73.59565176
Zqspkoq,Updqgxe,13341,69,Female,4,64.59885077
Eftkunn,Jorlhm,11092,36,Female,4,58.66738864
Vwophxps,Qponks,6946,70,Female,2,63.01424548
Egthz,Itdg,11398,97,Male,4,46.87706413
Imzg,Hqpcrhf,19496,53,Male,2,57.44102851
Vpfl,Gpyhcbzth,5116,58,Male,4,56.0188635
Lqrfhelnz,Srxurri,19138,34,Female,2,53.16444659
Ybyagq,Ertr,4825,22,Male,0,44.30567056
Ocezzhg,Thtdlj,9172,70,Male,0,50.10996719
Zwksbcy,Brhu,10490,32,Male,0,36.15991304
Pgnsg,Wlcdn,4474,25,Female,2,46.46652214
Mdcq,Tiedpbwni,10275,82,Female,3,57.34072091
Gkyuqzf,Eqdqiv,1838,91,Female,1,75.72885952
Odlmxqgz,Kmqqxk,18327,75,Female,3,52.70602664
Hqdw,Belsm,16662,70,Female,1,45.82288994
Cggacfr,Ayzzgck,2772,35,Male,2,61.29789077
Kmuegha,Agzyll,19514,49,Male,2,41.01624144
Rmpom,Hcwlbyjol,8081,75,Female,3,70.19457596
Wvys,Qpznh,11498,75,Female,3,66.18515314
Exqucg,Bxgi,2662,26,,1,52.79829787
Cvklj,Tsrabbjmi,19251,62,Male,2,45.37024892
Fsclkzef,Djskwz,1613,85,Male,1,36.303315
Nzbozcry,Zvtah,2637,98,Male,0,58.17987751
Vnzexio,Cekc,6371,59,Male,1,67.5238053
Dxwgbjxzd,Zjacpxo,6417,45,Other,4,77.37769924
Uavbaoevs,Exyurqliq,2876,62,Other,5,41.55763725
Ofbmovrgn,Hvgzn,11182,88,Female,3,49.10500019
Doccwfr,Dyhegc,18675,72,Female,4,50.58963495
Pzvqpngd,Sueyzzlpa,2602,54,Female,4,77.93567634
Tneku,Yjyqdgne,4940,50,,3,55.83971628
Huczuqqp,Ntvdx,13908,41,Female,3,46.15638887
Mhkbva,Owjfqup,5964,73,Male,4,75.48639287
Dwfgcka,Uyubwsrr,13925,53,,2,68.74604696
Lpbvdl,Srdty,10347,55,Other,2,62.30334001
Fsfvdyt,Cingmdww,19515,92,Other,4,62.86591418
Tayamkoxh,Gnrtq,2584,76,Female,0,46.81459484
Umfuxwya,Lazqoyo,7415,90,Male,4,48.69142921
Bfsxtr,Bhukwi,8867,89,Male,1,55.87675971
Fuafodbb,Egbacqub,3444,64,Male,2,63.17734468
Wrhkdhab,Izbzsmvqp,15771,82,Female,3,52.50276612
Xylnpqh,Cfqtvugh,18528,54,Male,4,68.77672008
Mszsaae,Azrvzu,18802,68,Male,2,57.4975118
Mywjexni,Fovtofswu,4899,30,Male,3,52.1853462
Mbnfug,Zazdetpl,3259,85,Male,3,66.93735922
Lpelpyx,Ltgumj,1648,66,Female,0,54.35014931
Zxza,Mjoebvp,12704,61,Male,3,40.08582963
Qkbvox,Gnbnopz,15475,72,Male,4,61.89390509
Vrmw,Nhxapgl,1887,61,Male,2,28.99660405
Ltuuzx,Wzib,8662,81,Male,3,43.80190038
Rijzids,Tsgxahe,8808,57,Female,2,77.32506955
Asvrnv,Edfub,9963,48,Female,1,72.12100036
Hkvgteg,Zuirsw,10040,35,Male,3,54.03747334
Kmdbjdvs,Hpcchycm,4852,58,Male,0,62.04688953
Hblun,Actl,7951,73,Male,4,39.24314698
Ktxboxtqd,Jftbuhvb,5055,61,Male,0,57.48584033
Mzjq,Tsjzww,4563,64,Male,3,60.88948729
Bszoc,Sjxqsidx,11210,90,,1,48.92410582
Eggpdub,Byknd,2594,54,Male,0,57.74860912
Tdbpd,Kxrjj,14842,76,Male,4,45.67791929
Rbrire,Dmqdq,3861,49,Female,2,62.19825229
Unolq,Fjcqvlg,18974,23,Female,2,44.36938325
Vxuqlt,Hpeoqone,18589,80,Female,3,51.19088878
Fdzirbvt,Cuewwb,2671,71,Other,0,69.6426895
Msvc,Hegrj,8359,46,Female,3,44.57755998
Zgleuh,Yqbxftp,8384,93,Female,4,56.97473942
Aenkmw,Gczps,4307,59,Male,7,80.40120063
Runknnvc,Zdee,18517,80,,4,86.52598515
Aptbvll,Rjqhy,8798,30,,4,47.83127423
Xxyqywm,Otdr,5290,79,Male,2,81.52624581
Osqirdmi,Aalxoqlc,13875,19,Male,3,69.85492009
Occatj,Nsebci,8847,31,Female,3,82.48209449
Rmybucdr,Yjnnzl,4123,46,Female,4,58.84674257
Jpcps,Pnwlcfna,14187,92,Female,4,55.85726724
Wcxz,Mtkqu,15561,98,Female,4,72.68132979
Akxzhpxay,Voea,11962,94,Male,4,57.59731487
Ejnxx,Rasfr,3617,69,Male,4,59.02960417
Tktwzlcpa,Pwtocxxz,10874,66,Other,2,56.85077243
Otacpwpm,Ebvjpev,4506,72,Female,3,74.65329748
Mhcpgfgs,Eefmkqiw,10338,47,Male,2,33.38057125
Vkswh,Kfin,14570,72,Male,1,77.89234152
Hyjer,Edylt,6746,60,Female,7,73.80310562
Ijvy,Jjinto,8045,22,Male,0,55.61010491
Vrzlx,Jiqoshpgb,5295,89,Female,2,57.94235263
Jbvntdzos,Qvbcmunrs,17424,29,Female,1,45.6005028
Crdoycmkw,Uyqpukn,3738,42,Male,0,48.91808377
Zxtwk,Upkxkdr,3144,61,Male,2,45.78218324
Zmzzauwhm,Vfvwtia,12878,49,Male,3,49.57894008
Ltwv,Hxyobhjz,10774,70,Male,3,28.9941628
Pinjntq,Fizqkhmf,9874,63,Female,0,73.67290368
Zihuvbs,Fesg,9031,58,Male,5,64.91324882
Zepgr,Iccpzs,2800,79,Other,0,57.2892331
Fftbez,Bmjgmqzr,14074,89,Female,8,56.47953557
Xcdkpiwd,Fgwxt,19828,86,Male,9,78.8311973
Yyiheup,Pdngyj,10970,58,Male,4,72.05834408
Cnksoj,Ywszvgy,6656,44,Female,3,86.74772691
Fpxy,Foiz,12177,28,Male,1,73.76011756
Cysnksqll,Jhtml,18702,89,Male,6,64.71212498
Wymo,Pzqo,5530,83,Male,2,67.50809937
Ecvano,Ztdtqmy,18593,64,Male,3,73.40365868
Huttmrocu,Xtnjopgwv,6006,87,Male,0,72.30153504
Itqczzmw,Hzohu,8308,45,Male,0,67.32228066
Mribbwfv,Fxxsbfhla,4468,48,Female,4,35.69356305
Segqr,Nbzdnfm,14977,83,Female,4,54.83800468
Kpzhwym,Dlib,19427,30,Female,4,49.31686059
Ceofv,Hljltbr,5740,32,Male,4,41.32801547
Qldp,Cqnsslp,19560,70,,0,42.51979719
Ipxx,Hkdwu,6159,18,Female,3,50.97100967
Qzmtsxyh,Tvhcvxnkc,1400,92,Male,2,60.80052639
Ffkmclp,Nllntnqy,6903,97,Male,0,70.18496871
Viyumavta,Uogtsh,1572,70,,2,46.27940188
Fvsmxn,Mbnyyes,7986,62,Male,3,68.38738429
Jvpl,Sanvu,12978,70,Male,4,47.91050122
Zwkd,Mwadeh,13318,81,Female,2,71.42306734
Kutaniqo,Jaxkmjrbv,19025,81,,0,66.49991658
Njotosjdj,Ryvftu,10374,94,Male,2,59.22403766
Grpzmko,Kosim,14018,90,Male,3,74.6410332
Zwuvpashl,Qzhmluav,11240,30,Male,4,59.49513418
Cjtzumv,Ifjxryq,9984,35,Female,0,43.07020158
Szhvczb,Wyfv,13958,47,Male,4,81.12637532
Ulngsp,Fjmsmr,18790,24,Male,4,70.50731761
Zubk,Cunxwvy,13274,56,Male,0,58.9233805
Mxufcsazf,Txgvu,18242,59,Male,8,66.58986713
Qjknxid,Znhvxbnkj,19876,29,Other,1,50.74527306
Jdks,Xmpvfhcw,7668,67,Female,0,50.82148011
Kfrrbgk,Qjdzc,19593,69,Other,1,70.71440623
Cewi,Dqvhk,5927,31,Male,1,81.183417
Dzcupc,Vgvrkk,8422,57,Female,1,67.40190209
Wqhzsgcxc,Fzmh,6433,86,Other,0,48.00423657
Xzaq,Tfltolsoa,11546,38,Male,1,68.17061808
Mazwqeqi,Hmpcxqqqm,15437,35,Male,4,50.71893752
Ceoa,Oevuki,10106,33,Male,1,67.58202682
Wvlakxgn,Ppetqhohh,7258,49,Male,2,77.10006221
Ocjrv,Loct,2739,32,Female,4,63.11568184
Esggmrc,Garpjer,7893,65,Male,1,70.63227782
Dswyqiyc,Qmfu,5480,21,Female,4,74.27035022
Xqffbcdr,Hrrzfxp,14027,45,Male,3,52.13298835
Utunuylt,Eawhod,15266,87,Male,1,61.686869
Hnuuuog,Apwmrq,19740,74,Male,0,63.62960099
Kgyqhs,Khvlmbrm,14109,43,Female,2,58.72991874
Sxsgvqs,Abicphqvl,6554,37,Female,4,70.85800352
Mrwbzwsnp,Vxjn,15330,79,Male,4,60.58937279
Iqvctjt,Jqnkxziyz,18500,90,Female,1,73.19501601
Jhecdnym,Jtbj,14821,94,Female,2,36.25045699
Geglg,Oasxtmo,11709,73,Male,3,41.45599218
Cpcb,Mlwnmfzyj,14178,33,Male,1,73.73045166
Zfixsgtmv,Dhxqwm,12047,87,Female,0,66.84317159
Nibto,Xcza,13532,79,Male,3,59.92370518
Grxncmewa,Axdbxl,11879,64,,8,43.67261925
Kmqrgkhk,Geluklyl,2941,19,Male,0,77.75159908
Ebqut,Avpjj,11166,96,Female,1,66.22350741
Emzh,Femxy,15206,68,Other,2,44.09483518
Utmfrexkj,Jebve,13222,92,Female,4,63.55780281
Shlf,Yefyw,1228,82,Other,1,50.32783207
Nkorh,Obahxjc,11325,71,Female,0,53.68908401
Yazmcvlvd,Csjgyrrp,9614,76,Male,0,54.73940433
Rmosje,Tdfzbdqfw,11328,85,Female,1,56.37925613
Zizwb,Ogiwix,14993,86,Female,2,37.60638435
Sqjcmjcv,Wnhk,10385,84,Female,2,45.26351534
Efmze,Bsrdbtjc,13359,52,Female,0,58.83234357
Afzamte,Vuyhnlnr,15418,73,Female,7,83.7720517
Omplnghe,Ikmttz,17513,95,Female,3,59.50069826
Qcikpm,Vdnk,4477,29,Male,1,71.01071887
Vdeywsyi,Vcybqf,18516,42,,0,92.22241263
Qdrbw,Yeqi,10518,73,Male,4,68.34094152
Nmhxz,Sepvwir,7748,81,Male,4,48.76130568
Nswq,Sanbznqg,5581,75,Female,1,73.61563299
Ubqlgm,Igporjvnl,2650,94,Female,4,88.09866813
Ayeevlbc,Kkgwpjr,18697,33,Male,0,67.14808498
Cfrybdg,Oddlajfb,3960,55,Male,2,51.1771995
Gbpiby,Cvmvpwz,2992,63,Male,2,64.73913862
Kwthjrh,Wmsmidp,3547,78,Female,4,64.60833231
Udfhgp,Lnobuupri,10087,79,Male,2,58.53424965
Xrlq,Ilnepjxys,4917,97,Male,0,57.09416358
Ziolch,Sfipav,4790,89,Female,4,67.38510718
Qenj,Renhxqv,8914,40,Male,0,58.54627835
Ipnpl,Nyhpm,10908,65,Male,3,82.5760585
Pmjurpcrf,Tkdjhvign,5258,83,Female,3,38.342498
Pglvge,Ysnhy,7555,44,Female,1,69.00861657
Shtuxs,Xqnoceu,4344,30,Male,2,66.43073361
Ixuuig,Nwmvqgl,19254,19,Male,4,61.49111306
Tzajilc,Wtgnpvssi,9553,87,Male,3,68.13505669
Suzbr,Wjmvy,9682,52,Female,8,68.62830109
Qcxtfpw,Zonp,8995,21,Female,4,67.6393075
Ohrs,Edzmkzwzz,17655,26,,1,61.37637777
Bhftpj,Xqgyny,4743,31,Other,0,69.93788401
Nxeyflhne,Hqeqokk,3131,96,Male,4,61.11603601
Ocmvvqhbn,Qmlqhtu,18066,64,Male,9,34.0340034
Zzuzcyhj,Dunuqlljc,12322,36,Male,1,67.72486001
Zmfynl,Hglffg,11802,66,Other,2,46.96532815
Qlwc,Txgaj,15732,73,Other,5,59.56034253
Syktnslme,Lhzhifo,15113,40,Male,9,73.43435372
Hxqwnuqr,Tpimziixr,5034,74,Other,0,59.04163304
Trpgc,Vtnsxi,4740,69,Male,2,60.07021194
Nyogy,Lzeo,13536,48,Female,4,75.9606057
Okqzdc,Ticckdru,2940,24,Female,0,48.71691776
Jbtitcdck,Kthtfuxxj,3546,80,Female,3,78.75811962
Snzhgyuqb,Gqudj,8110,64,Female,1,73.39902735
Bbfvq,Reankqpw,12019,69,Male,4,59.05024593
Tpsutln,Ylrvcoi,9042,65,Male,2,68.19385053
Glfdvt,Mucfsxu,7887,68,Male,0,42.64841589
Etgwhvld,Tvavs,5199,79,Female,3,68.59053385
Lovhdf,Mlzjfpn,14229,83,Male,4,43.39085299
Aylpislfo,Xifjca,4145,88,Female,1,60.28705857
Yfsyxt,Xbhmfh,19739,49,Male,4,67.3065758
Gjkfv,Vrcnj,1605,38,Male,2,77.93731858
Vukunelc,Theso,10050,64,Female,2,63.97350932
Pfuffp,Drbgudwiq,12425,32,Male,4,62.4432582
Sybdr,Lyfofvqbk,11881,35,Male,4,72.68679233
Wnhx,Dmcaxvn,17231,83,Male,4,66.03674505
Ykuhlkss,Imajpamrj,3542,52,Female,2,87.60712239
Gdkglku,Lqsqx,12477,94,Female,3,59.87398192
Ezgmqthu,Xrsdld,15745,88,Other,2,67.86259632
Jupxfh,Badls,13150,23,Female,0,46.84682492
Ycauwyzoi,Ddbdgh,14165,89,Female,3,66.42144182
Gfdqnkqrv,Xwvn,16571,23,Female,4,58.68826345
Qmeutsrq,Mtkfaijg,14201,78,Male,1,68.15763701
Jhwkhk,Gjjwkjkms,16263,21,Female,0,81.11339808
Haujsf,Brsyomvp,19124,33,Female,1,59.54403302
Lajjiufz,Ccdhtat,10551,33,Female,3,49.58036047
Frmjpgs,Hauqlg,8861,34,Male,4,55.79076949
Lgtxdl,Vhizgs,11915,24,Female,3,56.3513378
Fcwxlq,Xwpq,8473,50,,3,49.2416993
Mheorfwyv,Nzhah,10771,70,Female,1,56.75616118
Ndgidgo,Rfvcylzu,13161,65,Female,0,68.06906553
Bwrcnptvp,Fxxnjl,7895,68,Female,3,43.91620516
Wdgqvqtak,Lbmo,19030,56,Female,7,56.90831297
Xsfuioozu,Xnpja,13656,29,Female,1,54.5927912
Ofbhrvdwb,Ocjovwena,11485,33,Male,0,79.4905585
Hjap,Fkbdnbcm,9732,88,Female,3,66.39710102
Brgrsgc,Jmqtmkvg,14149,39,Male,3,66.52146498
Eqiila,Blqdx,16844,65,Female,2,66.39149398
Rqfjkm,Fmsc,17326,89,Female,3,52.21266205
Jqtyy,Vsyyjw,9760,67,Female,3,55.05332043
Guaqowlh,Nrea,9217,96,Male,3,69.70725896
Rhkpcctos,Popk,4888,34,Female,0,70.61599856
Akyfysewv,Jtbthq,6570,30,Female,3,81.00133703
Rrkps,Hzotxj,15117,78,Male,0,34.53497983
Quawoo,Kwviagd,5976,66,Female,1,67.32544513
Xkza,Wtthfdy,4931,98,Male,1,53.78976896
Ggibwah,Lnrffnad,9376,68,Male,1,64.64525386
Jrdctedmj,Drdikei,8116,56,Female,0,52.00820156
Lcwbfv,Axijwfd,5462,43,Male,1,55.97947176
Ignuvn,Lxdvbgyb,5784,56,Female,0,64.34210381
Gjfwohgxg,Ormtahb,13910,19,Other,4,45.4360972
Sqbeexbs,Gcnsl,7235,21,Female,2,58.96217627
Drdmjla,Lquaeplme,6280,41,Male,4,60.89326868
Vaiaeol,Yljow,13177,43,Female,1,75.33216027
Tiidu,Wjecnx,6242,20,,3,69.08858341
Wdfva,Uerp,4402,51,Other,1,70.24237977
Tuoupyvu,Nqmug,17523,76,Female,3,51.72442492
Zothzgirp,Iwfk,5968,87,Male,4,66.07122585
Prfiqs,Pfwqmxai,5903,21,Male,0,54.69914295
Iocynhl,Mlllwqt,4196,41,Female,3,72.39569582
Vgieingu,Itvwyghiw,2664,48,Female,3,67.15417229
Sdmswxe,Vxaghszo,16290,46,Male,0,71.93213761
Uoen,Blqc,7694,58,Female,1,40.71704501
Wvdk,Lffr,9747,97,Female,3,71.12833026
Rvcq,Monurewq,15477,89,Female,1,53.74340338
Kiyxjsh,Fmhnqi,6172,36,Male,2,54.57732688
Ejed,Dehm,4487,43,,1,48.54007196
Lyuurfhee,Zqxuju,15784,27,Female,4,71.76269808
Wfebbw,Tymcp,14003,65,Male,1,55.40882703
Ustyuwk,Awtakifk,8615,91,Female,7,41.63107245
Heiyqkl,Cujils,5010,58,Male,0,54.85408291
Cfyr,Kxjtqoya,19055,80,Female,2,57.41466331
Atbsnucmd,Epdehjbzv,9564,72,Female,1,59.6312829
Jxet,Ojpj,6972,23,Female,0,64.44057947
Xvmxtfmbv,Djegke,7430,73,Female,2,73.54199622
Pbekx,Ekyh,2084,32,Other,1,64.84458092
Szwzfqpm,Ndgc,10589,68,Male,2,73.67480941
Fekrjjp,Cspbvtor,8806,57,Male,2,51.62081679
Smmprzbj,Zawjtqzd,16027,61,Male,3,67.69697269
Jwpj,Ksxflmem,18223,69,Female,0,55.69815353
Ihnfqdcy,Eulj,2585,90,Male,3,62.20268556
Nfvwi,Jaoh,3730,33,Female,2,51.52275996
Vkfvdwtpy,Btuw,11465,83,Female,3,49.92366832
Hupz,Dftnfghn,2974,57,Male,0,68.90286329
Vsjjvepi,Euaohiwxn,19562,76,Male,0,49.85817361
Hglgy,Jltrgxxt,5368,96,Male,1,49.31893184
Ykutjnl,Ungojih,5340,72,Other,2,60.44623907
Yqifbzqt,Cfabi,1141,37,Female,2,46.19561472
Dzrwntyf,Rwpilrvd,7393,32,,6,77.50196599
Ndgif,Wbobl,7439,46,Female,7,59.46196222
Rgnsaby,Hxnb,4258,47,Female,0,63.42067156
Wsiz,Rzgnpy,1406,84,Male,3,48.38350124
Uyccxpru,Adfgh,10893,50,Male,4,51.66416674
Izly,Oqyqpwuxa,3667,30,Other,4,69.72825957
Lqgdmt,Cfishtzx,13889,58,Female,2,71.11242487
Ikflv,Hugyo,1990,80,Female,4,58.04660423
Jgdvdd,Morzzufwd,7814,60,Male,4,70.87679529
Ewtn,Fbvhmyux,7972,87,Male,2,73.84944317
Xiusoaff,Bgpp,19637,45,Female,3,73.33629821
Jsstuaku,Tzaiy,7995,57,Female,8,47.86285688
Fkfowzek,Sogslscyl,12821,87,Female,4,50.45876688
Pfhnjf,Iqjcndx,7222,90,Female,1,68.21516375
Gqyyrtbqj,Ccvobud,1665,73,Male,4,65.1797247
Wbolst,Lkhjskqtf,5374,74,Male,3,87.06217274
Roksndgx,Jxsjdjpn,18809,44,Male,1,39.54273057
Vcpd,Ddmf,17773,62,Female,4,42.76758513
Slltrfr,Ylhvxi,10380,98,Female,2,64.88703871
Drtgzzv,Ysaxr,17605,51,Male,0,54.83588678
Cwwr,Typd,1232,62,Other,0,65.94178376
Sspvspwx,Jfao,18762,76,Female,2,77.86088791
Umgwkdxz,Zukjfyjf,1580,31,Female,4,50.53159607
Clruyr,Nieinrgpn,3473,56,Female,3,64.76187798
Utsonpu,Vzvcsqr,16946,72,Female,3,51.13164402
Lepsdafoe,Dziqqqi,10162,36,Female,3,38.69424565
Riyvy,Ddfrgii,4876,21,Male,7,63.28390075
Coksossd,Zyzrfho,3690,75,Female,0,57.54932614
Kiguxnapq,Fyeemsl,12879,53,Female,0,56.17481346
Buztmvlzk,Mnca,6442,94,,0,36.29841633
Ggweblk,Vozhcxn,14565,41,Male,4,41.0963119
Dieja,Jyrmru,3289,60,Male,1,54.15749483
Wzkg,Kvltbqrpx,9284,18,Female,4,70.47744148
Hxnsvv,Udnrb,15195,22,Male,4,70.66163989
Fotfwd,Dahnqrnp,13302,42,Female,2,45.22766688
Eocsnzwtf,Tlowc,8970,73,Male,0,61.56202381
Ropnv,Rmiztkpfv,5043,94,Female,3,56.60303428
Gatkxnt,Xsbslin,11450,74,Female,0,72.40621207
Cyxajd,Xebutvrk,2223,92,Male,4,56.26255461
Wjxwmoej,Xamwyt,5413,74,Female,0,64.85182052
Jepzk,Zwstilrqw,3409,26,Male,1,51.87823866
Bcldzprgq,Fpnsv,14826,69,Male,3,77.81425901
Aiqimjc,Fcsaohmap,4171,24,Male,0,58.8357333
Vuluw,Pndy,5037,31,Female,1,88.55745705
Otgawnhmp,Hzucdcfe,3203,59,Female,4,47.86982797
Pywcuj,Coebhvtb,1217,91,Male,1,67.70011502
Imjlyuxv,Hrdipyqc,18639,36,Female,4,50.7975524
Bkugs,Sbmr,1454,34,Male,0,45.71651967
Qfesfjqv,Rfsjbbqtr,8238,67,Male,3,68.26427732
Ujyz,Owebgf,5524,88,Male,1,71.14805249
Tngtqqc,Ftcxzwhi,18929,24,Female,2,75.07284328
Jytluqw,Ohzqxsn,16369,61,Female,4,48.83392492
Aiupae,Owohpdzhs,9619,64,Male,3,62.23985469
Wfaydih,Apevkdxi,1333,77,Male,3,47.85386404
Eacvkquyu,Gafrltl,18665,76,Female,3,48.62931112
Qlujwd,Wsgkrzgoe,8647,55,Female,3,45.42017386
Wxoadjoys,Hndair,11091,67,Female,1,62.26508455
Wznb,Grao,14508,28,Male,3,76.52731714
Cjzoygyj,Fecdhmke,11684,55,Female,0,36.6390817
Phvwab,Naubny,3751,54,Female,0,52.39877431
Tbsk,Geemcty,1630,28,Male,0,44.17259462
Bfxu,Idyrkoww,14238,91,Female,2,60.29723766
Dodpjui,Oqzpidn,11712,22,Female,2,48.630371
Wiabrsnj,Qsxpvyz,19373,69,Female,1,66.91797039
Fkzutxsyl,Vlcpwsf,16375,54,Female,2,71.93085718
Zhehnwpd,Zsopwgph,7544,94,Female,1,61.98524587
Hvchmoyv,Sozmliv,18266,93,Male,0,44.73338591
Rwweaisj,Dszdw,2501,25,Other,5,63.83033647
Eichxerzf,Xrnofguyh,6134,67,Male,1,66.48024222
Ouypxudl,Djqjx,1427,73,Female,2,79.99273072
Uchc,Bnrxu,18170,69,Male,0,74.750865
Vewjsu,Ohsyblg,8572,25,Other,3,66.78134641
Mudjzqkjq,Jxbogqqj,12803,57,Male,4,50.54780619
Qogdzsmjx,Uebdhkju,9341,80,,0,73.78369459
Bdhaxhne,Xdmbd,4803,58,Male,1,76.04241559
Dlbp,Gefdfqz,5241,57,Male,7,73.29824035
Orfnfq,Binxwv,19874,36,Female,7,62.58704043
Gnnexzb,Wcpltgc,1968,47,Female,0,66.24910149
Trvvml,Qorqwff,8092,36,Female,3,82.99194349
Kbwlin,Ajajzkrc,17734,62,Other,0,40.12386959
Tgge,Qznhelaj,9002,46,Female,2,61.02375008
Nnqpvgodw,Ugnksdpqi,16998,64,Female,1,44.30663977
Dkotjk,Irqtf,15328,45,Other,0,67.59004751
Xyiotfnpa,Qxlo,11336,51,Male,1,81.19400743
Cmttzha,Jgas,2802,59,Female,3,39.31274996
Gwreyss,Xehjkqy,9885,26,Male,2,59.73636979
Ilzfxbwfe,Nzhmss,18048,54,Female,3,59.37078914
Cqoslj,Gyjoiji,14582,79,Male,3,81.16304274
Rjlhhb,Ydhfyvaa,9578,33,Male,2,50.18907684
Utjb,Pjariktay,4565,83,,1,43.56065675
Tyufebnsh,Matgkvdvo,11301,66,Male,3,68.69855806
Bymmyxv,Vmxmcghhu,14666,81,Female,0,47.78356892
Fcayxw,Bmxuzdpg,12665,63,Female,1,60.94729674
Ovuttblz,Vsixqvhn,16578,46,Male,2,75.88052739
Kmng,Mjomwrmf,10160,44,Male,4,59.47070628
Insvmy,Mafhgoas,7551,55,Female,3,50.26324482
Bkmjtjr,Auar,6270,20,Female,4,47.04343048
Fnjttm,Khjr,18380,57,Male,1,69.70268961
Yomm,Efin,4783,84,Other,1,63.95276537
Kggminrhm,Ccucgeajp,16944,41,Male,1,63.36385883
Dykkgu,Kwcelux,10787,29,Male,4,24.33213532
Vqdn,Fszlvpqjz,1972,50,Male,4,49.02901943
Bbuv,Rcogdtkc,6220,93,Male,2,54.4751457
Blamb,Vsrspvbds,12046,52,Female,7,58.10295958
Hfmapav,Mqbnwtza,14433,38,Female,2,71.59201456
Ngys,Hnkaitj,17572,98,Female,2,44.92445605
Jrequxtpi,Lefokdzur,12574,92,Male,3,67.60877789
Utxn,Esbdgebft,14877,97,Female,1,58.6580086
Ytwtcs,Hwhjuw,17347,57,Male,3,49.30832805
Ndzgqnac,Vsccjbcfz,4038,68,Male,0,52.34050984
Zldtqy,Mqyw,2760,77,Female,1,42.48495212
Uvijq,Lxiadlr,8520,54,Female,0,55.65408041
Bmov,Oibw,17167,92,Male,1,66.15549582
Vsnc,Bfyecxxgn,1375,36,Other,4,54.68533048
Rjxenru,Galdgoszk,8832,94,Female,1,67.62170214
Bcvrgsos,Askbfv,18031,88,Male,3,60.38756304
Mavpug,Idtesiezj,5098,56,Other,2,54.43984723
Eyprgre,Mxhifjp,8126,50,Male,1,54.05028111
Rkof,Honhx,3839,95,Female,3,59.74505795
Tfowkfbv,Xdca,1609,23,Male,4,76.74476757
Nzgonna,Frjdqlnkq,19488,49,Female,4,64.55955541
Vufur,Wpok,9632,97,Male,4,41.37886717
Yvdum,Tchztpm,16378,86,Male,1,45.78475177
Yaqzzb,Jvzoyrgp,15035,72,Female,2,53.60839317
Lehkds,Yzfznxugi,8048,65,Male,2,73.00503009
Jbwgnhnr,Wvuhd,13279,57,Female,4,43.91726292
Udegwc,Ctftgthq,16125,98,Other,3,66.18054339
Kdaw,Ibuc,12540,79,Other,0,68.08038053
Htruf,Jottsd,18465,56,Female,1,35.51275721
Alkmwk,Qwonyrfp,12993,58,Female,2,54.77779067
Fatciq,Csij,4256,60,Male,3,64.66761251
Vtkgchwij,Lnmazbgqk,5926,95,Female,1,62.21592174
Smij,Vcsubn,10915,67,Male,1,37.47581639
Kcsdcz,Zwxgb,9715,29,Male,3,72.28318807
Gruktkgz,Wtadfcq,10481,87,Female,2,65.25758656
Gomihukg,Umzj,14310,33,Female,3,74.37617481
Rbnc,Lrjxrond,1895,81,,0,64.46397413
Qmojt,Uhqrlu,19633,66,Female,4,54.77673931
Pbrvjptv,Joewotxot,15703,43,,9,76.72859362
Yqtslfzu,Uupd,10376,30,Female,3,70.54783208
Pzkbasxdx,Bmky,13595,67,,1,48.78244802
Rdjkofxd,Foup,11954,47,Female,6,36.19807205
Abnoztoi,Ttbdfwx,13370,24,Male,1,49.46497344
Jrjfkbe,Wkzlnpkw,7054,18,Other,2,48.64840122
Pcjsta,Fdspfuhi,5222,27,Male,1,61.89468904
Qbgx,Jkxnaftuw,16708,26,Female,1,61.22445876
Zcmc,Xexvgdu,12876,67,,3,76.71838408
Mczttunbe,Iqocma,11016,78,Female,9,52.64351552
Zxfgumwl,Gxfo,18383,77,Female,2,50.128229
Vypmdwb,Jnavanp,13937,39,Male,3,64.46020649
Jrptdvx,Wgwsvjh,19475,58,Female,4,44.91663516
Icwfzdj,Hurzl,6423,82,Male,1,37.6357724
Pzvm,Mzrpzjgbp,7134,21,Female,2,45.44785695
Suktx,Degczqfm,3141,48,Female,3,52.62316143
Sdglkh,Lzdjyxg,2093,89,Male,4,60.32284217
Ddhuns,Nymt,11538,77,,2,44.37275827
Wnbngwxt,Iupdeesg,19889,60,Female,4,68.2306273
Bwnu,Gquos,16165,58,Male,1,47.45692492
Oqgqbgwr,Yflbq,2861,38,,4,46.5147051
Bhxpphjw,Rnqgpetnu,13008,57,Male,4,51.17853543
Elhoatzp,Fxuftfbv,14622,27,Female,2,72.25688892
Ulnnroaf,Rulyrbc,3515,89,Female,0,76.36129199
Fexojroct,Vzrz,3694,96,Male,4,42.47340811
Lqwegkg,Nmessrvh,6537,63,Female,0,63.80303647
Empx,Haebiepx,7796,76,Female,0,76.83801165
Szjl,Fujuex,16091,41,Female,3,48.43841921
Rqeoblrcu,Fuqhu,9831,94,Female,2,42.28730825
Hpfyce,Fxvuh,5114,64,Female,1,84.16198179
Ewbewitaj,Hfyamaj,14393,88,Male,2,58.216327
Tlgxp,Ieofizjj,6767,84,Male,3,62.46942702
Ufnb,Gloglupn,16633,76,Female,2,62.62625514
Ifejjmm,Wynge,18723,48,Male,1,70.4010524
Fbmyyerjz,Cxeubbwyi,15272,40,Male,6,54.92236211
Vcsvtrvn,Jdfplpnns,9317,85,Male,4,59.69626086
Rchl,Szls,13119,79,Male,0,39.47990616
Fcjjesa,Ldvyrz,15032,79,Female,1,67.03232569
Brlz,Kztlvrhi,9515,42,Male,1,52.53518938
Kyvlj,Tuciqiw,16392,70,Male,3,66.68574934
Nkrppo,Uyhpkznrm,11752,60,Male,1,61.12432863
Nvmsbnkzw,Tvighrz,7889,66,Female,2,47.69742622
Pcaqaj,Fsrg,11834,59,Female,0,48.08169438
Wzawbt,Qxyfwip,14931,80,Male,2,79.30838746
Qaoomvlz,Pqblkskja,10432,64,Female,0,68.23663861
Bpay,Vlvvy,15585,83,Female,2,87.38881825
Uenju,Luylz,13862,56,Male,1,47.80622975
Tqix,Yyrti,8527,44,Other,0,79.72557493
Hnegkx,Vkowrn,2213,65,Female,2,65.95892957
Ievxhwxjk,Gbedcsnh,13241,79,Male,1,62.85288217
Qvjacq,Stnnrz,19766,72,Male,2,51.8635951
Aicap,Ponxoojlw,18769,40,Female,0,57.21771634
Damhuhgfk,Asuedcmmz,15701,66,Male,0,54.99969948
Lxdce,Vymdcrxt,18019,39,Male,4,76.77050802
Rochmsbfx,Ytdvixdgz,3402,61,Female,3,66.43302439
Mdeedtm,Gded,7256,21,Male,2,51.73056838
Hbdett,Qvvvfix,13039,83,Male,3,42.04719167
Tfsiwf,Lxinkhsb,16382,43,Male,4,54.4931037
Hpef,Eqoxnw,7691,87,Male,3,79.4968431
Bmeucbn,Vgijvvy,10197,98,Female,3,37.90206543
Wlaokuzum,Njfdp,18998,60,Female,0,61.75250786
Qxfvqh,Qsojudzh,6639,82,Male,4,49.08063589
Luqrxnh,Ndtlexs,7975,96,Male,0,55.33101754
Ypklvp,Vbikji,5561,32,Female,1,46.50911105
Dmdzc,Azyxa,5631,19,Female,4,66.72347227
Rowld,Cfuzsx,3311,31,Female,4,47.45575289
Pvolfqpfj,Hgajycwo,2371,23,Female,3,71.51542049
Gelfrt,Ahmldl,11397,47,Male,1,53.49772404
Mfzb,Iqbbunlkc,10283,59,Male,0,49.01349393
Ayuvhdhjk,Daidgmbjm,8266,31,Male,3,38.60097153
Vvpv,Oshnbrec,9946,64,Male,3,66.36470248
Nfqiuxlt,Qpsvhyb,6137,20,Male,1,69.40838633
Ayilockdy,Sdvwty,10755,59,Female,0,60.21910448
Atwdz,Fetxep,17690,62,Female,1,37.68744389
Gbwqoxigi,Pqorali,10179,89,Female,0,71.64833683
Zyhtkqdv,Xcindwtfd,11911,28,Male,2,62.04984345
Nuxlxteq,Hpucg,11978,26,,3,55.09799375
Ylpkuoww,Tyfiup,11799,82,Female,2,50.51325666
Oluew,Lgxgk,1722,75,Female,1,42.42653771
Edvd,Diyqv,4604,86,Male,1,51.4496166
Tmkehig,Fuoyuiwl,8282,57,,1,51.27772743
Hpgzurold,Qmtp,13087,84,Male,3,36.03496328
Gkce,Xtaukmd,19523,40,Female,1,61.91167315
Ojrya,Lgqahghwj,11309,40,Female,4,75.70452093
Tqgwlkrg,Plxdfyk,9307,96,Male,4,43.09236827
Kcqh,Qmluq,7690,82,Other,1,54.44758991
Vrnjjjldw,Ysjvrtxp,3235,36,Female,3,65.53721211
Kvijdqeym,Abpvyafx,14370,30,Female,2,55.84248011
Kwdjchn,Tuwyjrur,16644,73,Male,1,68.06830449
Besqzgljg,Taooymxq,1558,45,Female,0,43.77129584
Vjcm,Bljtgliy,12786,30,Male,2,76.94109047
Yowkqbw,Graqvpx,4224,89,Male,0,42.08773878
Ovzavauw,Xumuo,5648,67,Female,1,58.79792207
Apqdoutyd,Ojdrop,14192,47,Male,1,61.7573977
Crcr,Kpxjah,4375,79,Female,0,63.5136968
Oydqdk,Hcidfvw,5344,41,Male,0,45.52183802
Rxgpfft,Gctv,1903,89,Other,3,46.77065835
Iltny,Pqmcceyp,9412,61,Female,3,56.42331153
Kxihhqbry,Bafxtxjp,15332,66,Other,0,68.20512425
Ckxv,Tmshv,12388,65,Male,1,28.8290189
Xjnqfjok,Dmrmjcyao,12969,25,Male,1,70.31294376
Weprzidw,Szmdhxy,5661,32,Female,2,65.85195619
Gdjkns,Zalfmmyt,7292,50,Female,4,78.73947293
Sndrj,Qcjazyrii,3153,77,Female,2,72.33824232
Hseyew,Gphw,1602,91,Other,4,81.99829698
Rawowqyg,Rfya,4160,88,Female,1,46.49516148
Elwiduz,Fnudhgw,11233,58,Male,2,65.0995546
Lnbgre,Ertbalyv,5922,37,Female,1,69.0480085
Exeweqix,Ohhrdu,14529,30,Male,2,74.60780851
Hpag,Abdxlxxi,8342,88,Male,3,61.34733525
Fvvoyemh,Jyttedb,17041,84,Male,2,57.5977954
Exdvxsls,Bnvnaqguc,1052,86,Female,3,38.86571799
Ediaimuu,Vxjhrnmnz,1690,96,Female,1,65.32399804
Svobxy,Qwiq,8015,84,Female,0,54.43039478
Jjtuxkptq,Gqnddhudr,8148,89,Female,4,56.87797583
Xpdsm,Zjlo,10019,79,Female,4,75.90296638
Slytzscrt,Rztsyv,12327,58,Female,1,66.78957349
Uutcwhuzk,Guomebiiy,1169,45,,2,70.07352743
Qshwsxsw,Kpasaoy,16587,56,Female,1,49.73033652
Euhaeksg,Ouwxdpuun,18015,91,Male,4,74.86438871
Bgewmshy,Ypqb,12075,46,Male,4,60.39627387
Yqny,Flqnvza,14933,47,Female,3,36.72181127
Rvbai,Njbfc,7013,89,Male,4,53.14859703
Ixayx,Vukbepa,7865,50,Male,1,62.12321528
Pgfwa,Wuhdygezn,4776,63,Male,2,76.99548889
Jonb,Gouoa,15334,87,Female,4,55.37569161
Dsegj,Jcbiou,18249,96,Male,0,68.51957873
Hflzcj,Lsfd,19036,89,Female,4,81.05217973
Qowexdt,Wekfpzod,18022,72,Male,3,63.20636718
Uqfndym,Dallgr,9198,79,Male,2,63.63733385
Ivye,Nuhy,18656,77,Female,2,51.23923786
Hrcgeadf,Hlhrli,10263,85,Male,4,61.08048247
Skqumid,Zoyll,14113,61,Male,0,76.63594631
Vjbidmq,Zicwa,12859,55,Female,4,58.92207453
Nuks,Lazhppw,2495,57,Female,1,51.64816299
Aqhm,Fxvylgmk,6366,85,Female,3,56.92082605
Uuaxkslkl,Sxcir,4522,28,Male,4,72.33568126
Aiwd,Eszrhpb,17844,68,Female,0,58.51053326
Eqtitt,Jrihruaz,1687,92,Female,2,53.06388449
Ntanirss,Nuclfvq,7444,68,Female,2,74.56610811
Opwpxb,Dtfj,18587,35,Male,2,59.29487311
Fypxckoah,Ypztmeg,7155,59,Male,4,46.82741168
Qjjzkp,Yiuhs,5562,39,Female,0,69.19673722
Hyedq,Pdmauu,19976,70,Male,1,51.95105186
Euhrlyrmc,Igjog,4199,63,Female,2,41.27569752
Brrmfu,Gajyda,9259,65,Female,2,57.77565466
Omfledp,Cxlz,18524,96,Female,0,61.41542227
Siyr,Byicigyi,13392,89,Female,3,43.85286754
Xnsmdyv,Ajwwfjhg,19071,23,Other,2,72.50984544
Zwhdwlig,Qqoyyarh,10306,34,Male,4,52.35478681
Wbio,Lxarhzxw,10601,52,,3,52.14298885
Osbd,Grji,10301,42,Male,1,39.61601458
Rxkpbu,Pschvqua,1597,22,Female,4,59.83697488
Uoropnq,Vlvdgaf,16283,42,Female,0,47.61868074
Rrdmyyflf,Dkmwg,5045,70,Male,0,73.77623687
Gmczwr,Qbafu,4364,36,Male,1,78.17660798
Fpwrsasp,Earn,5603,53,Male,0,57.22207344
Yzcurf,Oirvht,3632,53,Female,3,62.10564469
Wuhyqdnf,Ypfyzyo,4017,45,Female,2,74.44782171
Aqomb,Ceic,8392,94,Female,2,35.0007156
Lsjcyqkit,Ajmze,17384,64,Male,9,74.73552083
Mzazykuzk,Yqxez,14185,25,Male,0,41.97480931
Uwvcbgfa,Jhwns,2284,25,Female,4,50.53371458
Jyqtb,Edfm,4796,55,Female,1,73.01904757
Olulmrac,Bvtgzda,7486,79,Female,4,52.73983433
Mzfaulfr,Vcexuigq,7510,65,Female,1,69.82675239
Bbhtk,Gdhv,17603,48,Male,4,72.06001029
Cdmkocd,Qzxgv,11324,25,Male,1,45.32681185
Xiqzmjjgg,Msfw,13299,79,,7,72.64982832
Plglp,Brhewt,1452,79,Other,3,35.84678371
Usufp,Wwffoxz,3384,70,Female,2,46.15692378
Lddbjqpmn,Kwuyoaj,16411,88,,4,55.13609101
Ceiq,Indjqlfkd,17611,39,Female,1,49.57888081
Elbrykh,Vvaxioy,18822,76,Other,3,75.93873131
Kzgoozvma,Ghfzyhnjx,18321,37,Female,0,52.55006325
Kvdvvvzen,Ootri,17197,30,Female,4,41.28565789
Xfibdn,Ygmsw,1729,53,Female,1,37.90525922
Acximywvw,Yknv,15721,80,,4,56.93647733
Kchdqepak,Tjgb,16886,43,Male,3,80.11458937
Xnpwyakvj,Knjovea,5883,25,Male,2,68.64162489
Qnxxutzm,Sfmpi,8965,60,Female,0,66.18200942
Xvcgxcxqu,Ztfmxk,7262,41,Other,0,38.81479537
Bqec,Xxfu,15198,26,Male,1,60.3361779
Lcvftxxro,Fmrn,11047,32,Female,1,65.32166721
Gfqyalpq,Lsrtzyh,12038,30,Female,1,56.64917647
Kefjgaw,Qjneaffv,18739,46,,3,64.46019391
Eggh,Yhnkiytxt,6713,92,Female,3,48.46491451
Bnuegzjw,Yushekjh,16115,22,Male,2,77.65928624
Ouso,Jfmfqq,18583,53,,1,78.24388549
Lzspt,Bedvldl,8500,55,Female,1,41.2659073
Peua,Pzynn,6959,97,Male,4,50.23350527
Sduuvybc,Fprt,4667,83,Female,4,67.54646912
Wdchsqwn,Gmaju,17950,67,Other,3,82.91583421
Hocznohv,Abbvgktpp,10531,58,Female,1,68.47429236
Cmnbycdn,Mefkbtc,16254,24,Female,3,70.80016041
Blfdamy,Plzobcw,2656,94,Male,4,71.36476361
Rcij,Lkucumwy,6868,94,Male,0,53.33325879
Ccmbplylh,Notglydfo,14596,91,Male,1,61.61672307
Mrcbhxc,Ekzzbwyq,8554,54,Female,1,48.7091837
Vnimfxlgq,Kevfkadhz,4127,97,Male,3,54.04449857
Qloaxwb,Bybala,6083,40,Male,3,56.91558329
Dquqttvz,Fpzlwms,5738,49,Female,4,68.82843411
Vosspmbe,Lxlgrws,16589,37,Male,6,56.66132638
Fflkobe,Zsnvsby,2623,83,Female,2,65.51568383
Djdx,Bvbzs,13649,93,Male,2,59.3744234
Kbcwdsun,Rqmunxrt,18270,38,Female,4,42.57879641
Pbux,Gnfztzxlr,2115,30,Male,0,64.87956613
Hyybu,Ajvk,15871,66,Female,3,40.09541426
Eifzrk,Prcxhmo,10875,56,Female,1,44.74405131
Kdse,Axglew,8129,96,Male,4,69.56308438
Qnrjsho,Gjkx,4286,18,Male,2,53.9727294
Pgnqm,Xqjyyvnn,9114,50,Female,3,71.89717545
Fyrdvdt,Qomva,4348,36,Male,4,68.95804511
Dxcige,Swkavmqw,16287,75,Male,3,49.70268579
Glwkaj,Lpvwkwkd,10141,86,Female,4,67.67649307
Urbcjgah,Xuzgudjt,12092,75,Other,0,50.86217105
Gbqthzs,Lsisxqchj,18399,94,Male,3,70.02965687
Qatc,Ltupbp,15443,19,,0,50.85197356
Zefkmxuir,Jmhczu,15630,96,Female,3,74.3758547
Upgku,Pbbjhc,8745,90,Female,2,38.10207555
Ajht,Rlbq,3637,72,Female,0,55.961768
Vjrmzkn,Plmhpg,15589,85,Male,4,69.55267539
Ljijsvjge,Eotpquxa,1071,61,Female,3,67.04571972
Aqaeoj,Desrcwo,17076,23,Female,2,60.34165998
Lnasy,Cpufnetq,13896,34,Other,1,62.4551614
Qftg,Zpobtrwrw,16484,56,Female,1,64.64213681
Sdqp,Dgaocczn,7763,75,Male,4,74.38173271
Bzjvvr,Arejus,11256,69,Female,0,91.95543817
Fzffcqmrm,Gwbkj,12393,81,Female,4,51.70116884
Vrcyce,Ssoqof,6244,77,Female,3,53.93318952
Jmfme,Shuiyq,13003,94,Female,4,55.42415012
Ucyprnlz,Qxwshuyfn,3935,71,Male,2,47.51356051
Vpeaczq,Mcke,18939,58,Female,0,55.11147828
Jfjgca,Glkqyvb,10280,82,Male,1,45.00554081
Azbuh,Nxvj,15023,47,Male,6,54.28621076
Axzyi,Gbmahf,18463,92,Male,0,51.71955083
Hhdsejy,Iskvf,6574,22,Other,3,35.354426
Nmgwd,Veevzqgd,8460,31,Female,4,43.67906115
Tijru,Bdgbwmkp,15344,98,Male,2,52.6656646
Mtopzemx,Ihqtmagb,13798,95,Male,3,41.24937741
Syqftvre,Romgpjzc,12684,70,Female,4,49.47675505
Oftoevuz,Aoak,17350,27,Male,3,69.09671847
Duqj,Kcafy,18054,42,Female,4,52.25734326
Smnivho,Mvoyih,7879,32,Other,4,58.0484282
Yzsod,Kdzj,16118,76,Male,2,54.59653717
Cupize,Hidhrycb,3582,60,Female,1,69.11786106
Rvetbh,Civxxm,5102,53,Male,0,62.88817197
Infhcyy,Izzaikqn,5780,80,Female,1,64.1506427
Bfryd,Quqxfnv,9818,90,Male,2,57.05297842
Ommlzdi,Ruwflagdy,13793,26,Male,8,49.83739849
Zlntyq,Ujpzhttz,19535,18,Female,4,57.97888955
Mocykhubq,Yerqg,14925,79,Female,0,60.58611773
Wsthmt,Ekincuc,10667,75,Male,2,52.43440185
Outoijnis,Xtxp,1031,63,Female,4,62.12547205
Ojekc,Laubvok,18167,65,Female,4,71.75781234
Gwgx,Tptbrl,18429,50,Male,0,51.28242766
Xvjfcu,Xuux,2127,96,,3,84.58720888
Fposqu,Qisaj,16323,57,Other,2,64.91732147
Bnwpgs,Tdffxrriq,17385,91,Male,2,64.91234445
Zjluzkdj,Dylyzwtvj,12814,83,Male,1,61.89542463
Wlsflllju,Ddzrqdf,8649,70,Male,3,58.76780108
Krbsp,Xpqjvwg,12208,58,Male,2,48.45090556
Znwjop,Wgaraw,10080,40,Female,1,54.58470415
Kszj,Pyxlhc,17320,53,Female,3,76.00975252
Jcsbok,Ebefohmyp,14495,95,Other,9,81.65248708
Aiaw,Vfnyep,11146,86,Female,1,45.98966899
Hvipkm,Sxwbvszb,2145,38,Male,4,80.12178607
Rgqrxyhv,Ietpe,11682,69,Male,1,67.71288602
Ohra,Tjum,15078,93,Female,2,50.95107806
Fwflbdg,Qpzr,4449,86,Other,4,36.45625613
Jsjjen,Ftzdvifsp,13329,44,Male,1,39.54032884
Yhohzn,Wosvpy,17732,91,Female,3,57.49953618
Ijtkcv,Bndicg,8591,79,Female,1,64.81695255
Epknc,Fsjwwwp,6762,55,Male,3,53.70002876
Mcyqw,Hystiq,8249,29,Male,0,50.43219788
Lhzue,Wrsroez,19159,31,Male,2,71.79582066
Zejkxtvw,Obxovz,3371,38,Other,2,46.13561349
Nvaluqbev,Tgdj,12296,79,Female,0,46.15944027
Oijbbzqbj,Jjedk,15747,42,Male,3,68.97974791
Gibvqrg,Dtwudfda,6916,93,Other,4,56.86758058
Nrjfb,Ctqw,2054,57,Female,2,72.86321712
Mjjxfoot,Seoucys,19262,92,Male,2,70.2229822
Hgujnbgi,Ndicad,19513,36,Male,2,61.62745006
Mxousj,Gzocoizhc,13772,84,Female,3,58.20253384
Ddfse,Lmlnbsi,4427,64,Male,2,65.53021031
Mhrr,Zxqb,10616,83,Male,0,65.28920078
Raornkh,Zgeeikog,3219,59,,1,76.96368576
Lvjkk,Qaup,11898,64,Male,9,69.94649458
Dgkqb,Atyfuooz,9610,21,Male,1,47.09061326
Bhyczt,Bdhkqkmb,5686,69,Male,4,43.22544849
Lbffc,Kmtfzqq,18732,25,Male,0,68.92207471
Fltt,Fjpsjw,19319,75,Male,1,39.29150357
Exgitde,Kmzlw,16067,22,Male,1,65.76269356
Notxqkc,Hmmsutsuy,12954,77,Female,1,64.74226748
Rgbgohhv,Eqdjsm,15471,32,Male,2,58.77657297
Digfjx,Vtidqynf,10152,32,Male,1,63.40621656
Zcmpfwka,Xetenb,14756,26,Female,4,14.03777171
Iarmwtgbe,Lctlni,16639,59,Other,3,71.92045218
Ltjosxzg,Onyy,17682,57,Male,4,71.86961411
Gfgnddb,Rcip,16820,27,Male,0,62.20989887
Wryovb,Cltv,12320,22,Female,1,66.48717565
Qeoncgcx,Lwbguy,9812,93,Female,4,66.74251634
Mnck,Ojdlmbg,16052,18,Female,3,41.72508691
Icbtysq,Eihyveeya,10098,46,Male,3,43.38837185
Rvcrebke,Esrj,8910,54,Female,2,47.03207206
Qsablx,Ppfp,5552,63,Female,1,68.49526707
Ohdhuqyy,Qperep,19565,24,Female,3,58.8803721
Duncn,Tvnani,16476,48,Female,0,61.0911594
Lbir,Qugf,11516,95,Female,0,39.47517061
Rbxurk,Legq,8123,96,Male,9,53.71441575
Huiuw,Dttzuywau,6766,48,Male,3,47.6012313
Cezasu,Fjqq,15588,62,Male,4,54.46014272
Nwquno,Xohhgmfcs,8163,25,Female,3,50.89916656
Gywdque,Djhsaunzz,15419,67,Male,2,53.3288031
Qlwl,Sifjq,16846,28,Female,1,39.53123721
Owlyti,Pbqxp,1536,77,Female,8,61.84733621
Osmh,Yeauksiip,1759,36,,0,40.17061641
Nlcrdyvj,Oirgknx,5074,34,Female,3,50.76715474
Nxtxux,Gmzzhrk,17712,45,Other,3,54.98338648
Fgupvvq,Mibai,11681,85,Male,0,75.25619211
Tugwsxm,Cosmyiue,2500,83,Female,8,54.44924763
Hjdphuz,Wwisveh,16518,23,Female,2,40.77022377
Rwdd,Ffrcdvgej,16357,44,Female,3,59.51743536
Cgpn,Hkyhmlmb,8697,53,Male,5,14.11887184
Gsywhyq,Rryquzqd,15483,52,Other,4,56.29305454
Nddmsgbct,Cbmnl,15808,90,Female,2,82.69601138
Pxix,Sduuyto,16443,91,Female,0,62.77574856
Prcxpl,Dkaiq,5381,74,Female,3,44.64705067
Eilqbp,Bcsb,14907,92,Female,3,87.29128628
Ninvo,Tvvcqj,14814,29,Male,4,59.12505401
Ribl,Aecn,8768,29,Male,4,58.27548433
Bdqob,Udkgemg,10926,74,Female,2,63.37080345
Dybbe,Bnhshnj,1772,33,Male,2,81.55407397
Sspkuv,Sgkcrgl,2097,29,Female,4,53.54751824
Enlf,Pwok,1310,94,Male,3,63.7561005
Kllkxe,Ukdzj,5120,18,Male,3,43.04909558
Ruaak,Fhcsdy,13733,91,Male,2,36.6517512
Bulgqco,Kqoxuan,8171,85,Other,3,77.86413171
Vwhmuql,Izkba,19092,53,Female,2,52.05280285
Qfbbf,Nfrixjccf,3598,97,Male,2,71.15359867
Mpbs,Awzomwkyb,4555,53,Female,2,44.1393132
Sintoyy,Kcqp,4918,44,Female,5,45.48260684
Jzzhyu,Fdult,11496,49,Female,3,70.5557373
Mbgo,Nealr,4586,55,Female,3,69.25458905
Drtpemr,Bzuwdpj,9839,59,Male,0,65.14932415
Uidg,Hyfn,11783,78,Male,3,41.35984546
Bapucrcex,Bcnhxotz,15097,60,Female,0,50.94497754
Bewg,Nswito,2007,89,Female,4,51.5580967
Yvklxuedh,Caqp,8357,85,Male,0,49.57947434
Bkixjdc,Xtsupjyri,9004,56,Male,3,72.01874544
Xdyox,Wvlpnmtvn,17200,62,Female,2,56.51616887
Yjfnuzsfg,Zgcif,3483,53,Female,0,57.70570088
Ebmvit,Kdenecpvo,11583,29,Male,1,61.0000858
Jmrkjze,Gtaeisxx,19533,41,Female,3,65.30085327
Zhxkrq,Hivxtgwq,2011,94,Other,4,70.24364388
Kdfxjppo,Rphwgky,11797,92,Male,1,54.1737183
Jhgpzqusl,Drcoavd,19382,78,,3,66.24791082
Xfxy,Ctflkhnl,19157,62,Female,0,76.68758661
Wwlnmpn,Jvioyfj,1920,18,Male,3,61.09046631
Rgse,Pepohmyaq,17068,55,Male,2,57.12640642
Ymwo,Wtgeute,4741,26,,0,55.65266501
Bmdzp,Zeha,13775,91,Male,1,36.7422022
Utruvs,Ouqmju,18309,63,Male,1,56.05370808
Ssjryapvw,Ktnkf,1158,56,Male,4,42.2474307
Gnbhdtqm,Xaqq,15963,42,Female,4,77.06614457
Zlzyzmyvp,Qidgu,5280,45,Female,0,46.47087202
Qztdpjyxc,Qodqr,15756,24,Male,2,58.19094944
Txvkrwkdl,Hpyzh,10103,65,Male,0,82.93945823
Rmultl,Fnvg,3455,95,Other,5,66.22093903
Lquasdamd,Ipvk,2311,42,Male,3,63.91505979
Lamnzi,Hykuwmg,18813,69,Female,3,75.50417082
Tqhtiao,Uzfwn,15399,69,Female,0,51.45692924
Ikhuu,Ypkk,6216,79,,4,53.63630594
Ycbxki,Hhpzh,11304,47,Female,4,85.71014531
Umpuo,Zsrsbrgc,9559,75,Other,0,53.41540131
Ldemzu,Ezifx,18778,66,Female,2,64.6387574
Polpzhmav,Snbbto,4287,27,Male,4,52.15805795
Apxgc,Rtyz,9751,78,Female,0,88.37027299
Dbcjfemr,Dmyplhucm,12117,67,Other,1,73.30482462
Xrweka,Dlsjckuoi,11042,55,Female,3,65.37262075
Yyebxvoqm,Skirk,11169,71,Male,4,39.47226022
Trokrxg,Qxyjgetvv,16061,97,Other,1,65.40431107
Hvveggsjf,Jknn,10193,28,Female,7,45.25254555
Zxhxttf,Uwayfoxu,9434,52,Male,1,43.98577918
Glxzgvct,Vowfq,5897,88,Male,2,67.04158773
Oacvug,Lsfpcjl,16388,54,Female,4,50.24873894
Lqlanqhj,Pixjxh,5062,36,Male,4,87.19090109
Extqisqbv,Bmshdtzt,3587,80,Male,3,43.55758796
Qacsm,Ibnuug,4036,41,Female,0,66.78154109
Xwpguow,Ecxkqawra,6795,43,Male,3,51.57033675
Hfsvnw,Cmyle,2103,83,Male,3,64.47624049
Aaii,Smpoov,2658,94,Male,0,51.29285511
Jlzqanjco,Bflqlkz,5673,60,Female,3,61.20721399
Joelgjlt,Ffmblinnf,19623,72,Female,2,67.2031284
Kujquat,Uhmkg,7936,76,Male,2,68.70984496
Jjqjsweq,Tpbi,9331,83,Male,0,59.45833094
Wgvx,Zjtqb,15099,49,Male,0,43.71922736
Qjdxoopt,Epzrgls,9681,96,Female,8,59.42084873
Irbgjh,Qaplckkm,3507,96,Male,2,63.99384833
Cwoahzg,Bazzznoip,2816,83,Male,3,69.49267012
Xhypgie,Lnyjtqjss,7092,85,Female,0,54.44157575
Usrkurb,Ymdgndz,7525,80,Female,3,56.59352196
Jgsckjwqe,Cimkqqci,14046,56,Male,0,48.65131548
Qxsbo,Zkzntvp,4053,18,Male,0,53.99185176
Ojqtgk,Kmbrrjjpf,1806,31,Female,2,46.39398185
Dwklnaoy,Mlqfoutgq,7692,82,Male,3,56.94574762
Gaidrmmtb,Mwps,10158,48,Female,4,51.34052416
Ofnu,Ovcj,1508,46,Female,0,47.90406038
Hdyh,Ngmre,17481,27,Female,0,54.41079015
Fysxolwn,Vrnz,5455,50,Female,4,79.84191816
Craaleg,Npepgfsu,14134,41,Female,3,58.36547854
Cimzqimc,Dfxgf,13234,82,Female,4,58.14655276
Xufja,Hxkpk,10383,77,Other,2,45.63942636
Xmtxr,Ppdlcyul,13001,58,Female,6,65.15200689
Mgutkpj,Fjyskvpxl,6166,18,Other,4,47.27720947
Rlvcz,Yzyqcym,4865,82,Male,1,70.50535699
Gbltxpaez,Nojhidtrl,13327,88,Other,2,66.57220587
Pycc,Wusgtg,1277,66,Female,2,54.13176021
Yqcevn,Poezzxwyc,15392,25,Male,3,53.201231
Fycetxt,Bwcgs,16687,19,Male,3,74.21435348
Mintukx,Cnmtdthx,17809,50,Female,4,70.53418721
Atsaik,Tuheamli,15514,57,Female,0,56.92371797
Ycsupo,Tqgv,13768,76,Male,3,46.64362876
Xtvhsjwep,Ajqcrm,2835,18,Female,1,30.0721608
Lmju,Ihwclnn,16978,24,Other,0,73.76888167
Ggjgc,Hzqf,13043,41,Male,4,61.16986588
Lbwjerxu,Qnaefnj,11651,21,Male,2,49.95137667
Mowiy,Riqlsb,12458,51,Male,1,60.90458443
Vqickzlw,Vepqqqmai,16207,56,Other,4,78.48875023
Xauiipbj,Ralcsmvfq,14835,42,Male,1,53.22412567
Morra,Eqxckkl,5192,22,Other,3,50.45609525
Kojbktx,Qyulggcp,8645,68,Male,0,68.61214448
Fabpodzu,Swrgfie,19154,70,Female,1,53.79357249
Zfxvytwwg,Iptta,2747,77,Male,1,64.55160233
Rycbhlxa,Zslwffauc,7935,76,Male,4,64.97325408
Atyfx,Qlea,4831,19,Female,4,45.11326891
Rudvs,Laquzvbe,15301,39,Male,2,55.96585917
Ddkwgzni,Vckmxf,19043,91,Male,2,72.3952129
Pqgkm,Ysao,17531,96,Male,2,35.87753522
Highsa,Hlgjsozn,10839,69,Female,2,49.44758062
Lpkugisms,Wkujo,12956,41,Female,3,56.96247555
Jqwfcnxy,Pzvkff,12155,56,Female,4,63.08085602
Wjmc,Wdip,13159,89,Male,0,58.3889538
Oejvtxtrk,Vxckx,2813,49,Female,2,68.29428686
Aheqxog,Qzttv,16670,23,Female,2,59.83345589
Dlhy,Dzcjqvdu,9919,42,Male,9,66.88361805
Vahh,Rhqcoqbs,2932,33,Male,4,39.10814403
Qiyhylwcy,Gagxolo,7067,61,Male,1,74.34219727
Dgkff,Vrwr,6927,83,Male,4,62.05268895
Sndzlb,Wudslzh,5379,64,Other,3,41.50980144
Lxwndd,Gdoqom,6990,72,Female,3,88.75516364
Hcutqfq,Nvard,1884,63,Male,2,77.79205537
Fpsekbgb,Falty,2026,81,Female,0,69.09694366
Pwptjlh,Tjec,7695,77,Male,3,70.74983158
Dwgooqp,Joenloibo,16181,30,Female,7,77.85874981
Jwjk,Narxuoo,6936,23,Female,3,52.57238674
Rxbewub,Qblsa,5584,72,Male,1,37.9678512
Aavc,Wrunekd,16215,49,Male,3,67.04827627
Lsvog,Useg,3258,34,Other,2,56.93742652
Leuffd,Fwztm,9018,97,Female,3,62.36742004
Xhapea,Syojf,6496,32,Male,2,64.88750417
Haoboj,Vtzgh,4612,48,,3,71.56088592
Hafuzc,Nlcwkljdc,4350,47,Male,0,43.62485802
Iflgfmkh,Nosrm,2240,29,Female,7,99.02145544
Skpjf,Nrgtea,15696,34,Male,3,73.23253693
Vkgizme,Dwyizj,17823,90,Female,6,65.56104441
Hgruqzau,Eprtu,15971,71,Female,4,65.3612189
Ybavmch,Zutccbz,14476,47,Female,4,57.63279383
Hhzgcs,Laeax,2195,42,Male,0,68.8843394
Cmazjw,Arzhxqcw,16405,75,Male,0,55.95667244
Mdmkfecgw,Sylbv,3883,23,Female,1,36.59375439
Bnrzcbuha,Iqrambql,11442,64,Male,2,39.12072803
Yvzhztlac,Zorg,11133,91,Male,3,73.23453507
Crytckmgm,Pwzytjqf,4823,83,Male,3,81.8121728
Mnbixesoz,Ypvabry,10064,98,Male,2,64.35509578
Xbeyydouw,Jsdzzw,2454,61,Female,3,56.09941561
Hibvoup,Ncmrgx,5692,26,Male,0,53.83549427
Ixdb,Fvcqb,12561,36,Male,2,44.98119482
Kcss,Wtrx,17977,27,Male,4,73.58185822
Abfadeu,Outmzsvn,16840,39,Male,3,65.16480099
Jshzkgbzs,Vdooicehk,1958,94,Female,4,79.76283339
Ukrqic,Appvkuc,11257,58,Female,4,59.19750514
Byujiq,Ihxrll,18225,37,Male,2,57.10304128
Ipoaffaat,Dkupke,4526,96,Female,1,37.14269812
Hxgmde,Zufa,8567,42,Male,1,64.57155448
Jgosixdg,Owtbbaf,14379,95,Female,3,81.20983198
Gbvnbhb,Flpzjrj,10252,45,Female,4,45.49732007
Dbpiox,Vhhjwj,19843,21,Female,0,61.3359963
Wleww,Yngfjj,18215,72,Male,4,50.53694168
Xapssqgu,Bportk,9279,95,Female,4,64.9447066
Jwfx,Rillawost,2668,78,Male,4,70.49474858
Ugyvbrb,Jrvbdlz,8252,43,Male,0,67.89806312
Qwykfdel,Zktw,4221,85,Male,4,68.82900259
Kghqyaln,Sned,6759,23,Male,1,83.62796542
Kmrwkxu,Rqahozdo,10958,67,Female,3,42.35281828
Dltm,Ptet,6130,45,,4,70.51055133
Dhkjsyjo,Iraiider,6593,25,Male,3,80.96834663
Pttrrlf,Yqfvkw,12773,67,Male,0,64.52547469
Teeu,Psyiygd,15300,82,,0,62.7785859
Begtuj,Uewcq,10867,33,Female,3,56.35171578
Mgxfh,Erspgiiu,11138,20,Female,1,45.74609976
Qltygbclt,Vrytr,1403,55,Female,2,45.6420825
Lvpfppsr,Wpnyk,7947,55,Male,1,35.67714717
Zsgcywtwp,Zusv,13323,49,Female,4,64.72169617
Efmgm,Osltyz,11602,69,Female,1,61.66200735
Vyhkeowxy,Tespkg,16161,63,,0,48.62063075
Yranq,Mltao,14874,23,Female,1,80.63811864
Atgzh,Bkux,6170,43,Female,1,70.03632571
Fjbmnsnu,Zasfnesp,7374,24,Male,2,53.53485913
Fqpem,Tebbdklzn,18200,83,Male,0,73.39175834
Qcvaymwx,Emciagyd,7126,93,Male,3,59.57321509
Eykj,Wphucnceb,4916,77,Male,0,42.31670138
Txkwyk,Vdewmfc,17137,49,Female,1,67.58109016
Evogpaq,Pmckyji,7116,90,Female,0,60.46798368
Lncerc,Ftnfilat,7146,96,Male,3,74.64724758
Aqnafvmk,Ucrw,7353,70,Female,2,56.57636295
Pmxakjiy,Tuyytdh,12586,97,Female,1,64.53342874
Cyvddc,Paicc,10163,22,Female,3,84.58060639
Rfytwfky,Swsj,13893,75,Female,1,41.55426971
Mmiq,Xmbt,16005,44,Female,2,57.6948809
Kecncmo,Unigw,16993,43,Male,1,61.17048871
Jpyyzki,Fwccwhqc,15482,61,Male,0,75.89560371
Zmpoj,Wclup,4102,24,Female,0,36.84824836
Ckcmqmsv,Smdnx,4400,77,Male,4,65.62050949
Scvr,Qdtirea,2120,34,Male,0,49.80923051
Zxozds,Ncltrb,15802,80,Male,3,40.740071
Ktvht,Vwzyuyen,4399,66,Other,4,70.64733294
Ofkxm,Doeo,4001,85,Male,0,83.44132973
Meuynrrw,Shjwlygf,4167,78,Male,1,81.61991405
Igdplp,Yqdynm,1797,33,Female,0,47.03225697
Jqpxczf,Bmuciwenr,6522,51,Female,0,44.87822833
Ffkjtsqmj,Ywtjjhoe,7188,32,Male,4,69.71865677
Dizc,Ulsgf,11659,39,Female,3,63.49676027
Ontuc,Axbnxkvr,2032,45,Female,0,48.17127003
Ectf,Btwfhwb,14458,93,Male,3,71.64038749
Bgcnavq,Inbcz,10913,74,Other,3,73.77281851
Wrytbe,Rhdo,9987,84,Male,3,53.38651061
Uwjsglbq,Lzfmiqh,11129,62,Male,4,42.90551667
Zcpatic,Foizhn,1760,98,Female,2,46.44482134
Bjtgacntm,Smfoj,6977,24,Female,3,56.47152371
Nmltpbunh,Qpyg,3503,29,Female,1,65.68084141
Vdegbf,Xnduzy,3689,23,Female,1,78.59760802
Tvsnfvga,Npsbm,14631,74,Male,2,40.75329117
Rgjp,Tqgib,8563,24,Female,3,59.08837158
Yojpluw,Ajwnr,7803,78,Male,2,72.75947177
Icovepzv,Reifj,6564,84,Female,4,44.82911853
Jyew,Xuzgvfpp,5916,50,Male,4,61.60461939
Xmerj,Tzdvng,19410,87,Male,1,83.09023362
Pbbjiip,Xnnqtkp,6279,25,Female,2,77.53521748
Lkeqab,Syrtuw,8005,51,Male,0,56.37928581
Oildmzhdw,Nukhdng,13105,68,,1,39.62573203
Qzmfm,Vpvfhvzep,16491,84,Female,4,67.71103754
Ddowdbhk,Ekzxkopnn,8399,45,Female,4,53.7645055
Ijtfjuy,Bgmv,15425,72,Male,4,59.03534076
Qbhdu,Hgyfm,3260,46,Female,3,65.89129447
Qwffeltex,Skblvbyv,16003,97,,2,43.66127106
Lpqomanid,Ylwdfkeqk,8601,30,Female,3,65.83346416
Lwror,Tevjzhrl,18043,58,Other,0,50.25889326
Zhcjxyspw,Sexfyr,7704,65,Male,4,56.31228169
Aquhonuu,Cdyp,9855,29,Other,2,59.12285959
Dcsvpl,Axcpsnr,11317,73,Male,2,52.62323724
Iyxpvqxl,Lolt,6773,24,Male,4,44.64728626
Yxkalpgo,Aypwkjkp,6196,28,Other,1,52.02646168
Vdxs,Skjrgtim,19428,58,Female,0,64.10333343
Lirzii,Pzxjprfm,1491,97,Male,0,74.23470944
Axzzu,Jvei,12527,72,Female,0,77.64701307
Qxhnvkliu,Nkmmdvbdl,3373,73,Female,1,56.36939605
Wsws,Veiqjpl,12406,48,Female,4,62.09606397
Aamvjot,Ihsy,6855,89,Female,0,66.09118223
Zkcb,Ljaf,6332,86,Female,0,55.59853153
Iywrl,Ceubfb,11895,61,Male,0,61.6751393
Exbbznv,Vuijvch,4333,33,Male,2,58.87618069
Ubck,Ajyeymis,19653,44,Male,4,89.82898503
Bqratniae,Hohnzmiix,12672,84,Female,4,45.91168721
Lxxdqnl,Ptwagzod,5743,25,Male,2,63.10503452
Mjlehia,Noat,6944,26,Male,0,55.90545336
Xejn,Zkohqxl,15136,81,Female,1,55.99645772
Cbnhfim,Mfyqmjsr,15547,52,Male,1,64.03547302
Uydlrxeik,Wufzzn,2537,93,Other,0,57.24545794
Aysepm,Ddbziep,19216,43,Male,3,58.01091031
Skdpdgai,Skhertb,15545,78,Female,2,59.53121297
Tcwl,Bbmyfotd,11414,45,Female,4,60.59768836
Ueyw,Qcbhg,10020,25,Other,0,61.2922293
Unhvsh,Awhemq,11464,67,Other,1,61.39681664
Ujywgp,Uefvtz,19133,58,Male,4,67.81316751
Jkgerbcbf,Qtekiwa,4775,18,Female,1,63.00294645
Brao,Nunjs,1270,28,Female,2,80.38804458
Jlblalhgg,Hpek,8454,79,Other,2,47.47066917
Iodol,Vvuqiado,14417,24,,3,84.4122345
Gzptraip,Dqkrjcu,2074,42,Male,2,72.83170164
Eggc,Xtejyva,16474,53,Female,0,40.71019002
Wxvjc,Lmslqjv,2245,85,Female,0,43.33364346
Kgxnzb,Buqwmdzw,4354,58,Female,4,86.45798138
Wzigggval,Ehkvbv,4392,41,Female,1,63.99761476
Voqet,Cdyd,11611,98,Female,0,55.07842015
Ggxv,Eceguho,10803,98,Female,2,62.16816278
Zrgkpcfz,Imghje,16463,35,Other,3,51.72740491
Zckz,Dhgkqpqus,6834,53,Male,0,47.98988902
Eyorep,Pcepzv,7086,25,Male,3,54.84433449
Mjritv,Zhaql,1119,95,,1,52.55178847
Qceowaom,Cspaks,5866,78,Male,1,60.68306605
Yabi,Gdzf,16709,44,Female,1,52.00953952
Xdate,Aorpfn,16501,60,Male,3,55.66482251
Aiuxmujak,Yylsisxi,16508,42,Male,0,70.42736002
Icxwfs,Qxjn,1157,31,Female,0,82.08992004
Yhtzd,Plujbrwk,17962,24,Male,2,47.40969596
Uovo,Xntfxg,18112,28,Male,3,70.23921241
Dgyt,Zrapeuxi,17422,39,Male,6,88.03402487
Cjpplegbb,Hpwi,16937,33,Female,4,63.04039376
Jsew,Dxtrrp,19899,30,Female,2,54.53696684
Zrxwenfxr,Xhffinb,7729,36,Female,0,55.76916756
Etxdcxmp,Rovpjz,17765,95,Male,4,61.265171
Nvvgxgcoj,Nymy,13013,96,Female,0,40.08592957
Kyvs,Zbwztb,11921,27,Female,4,93.09203784
Oeubgd,Lwyjc,8103,49,Female,4,68.99687086
Oegjaixpt,Okno,10004,88,Male,0,73.98964109
Oihle,Eorps,12356,36,Other,4,57.21528006
Wwprvamo,Eaia,3380,48,Male,2,53.60722907
Odjlcbknc,Duodpgfx,11813,55,Female,2,52.07420997
Gpol,Gvgkjas,18956,40,Male,0,65.61239809
Vtlwtkqqs,Ugzkxpssn,8795,70,Female,3,68.32823092
Icpj,Jrrdi,9794,44,Male,1,60.79463992
Rqzfmwg,Kbgd,11989,76,Male,4,61.52446609
Txqlxmjfn,Sfac,16373,98,Male,3,40.40579293
Aoxuzhj,Yosfcneg,6147,62,Other,0,82.06791179
Rwmzgfrq,Alplih,1220,18,Female,0,65.62916966
Tpuesw,Fjgbxbpf,7139,52,Male,3,91.57567468
Ckba,Ugzbngsyj,1379,98,Male,0,75.76334875
Xglyts,Jvckly,18256,95,Other,4,59.89059385
Sbuyo,Naza,8626,61,Female,2,43.09738093
Xrlidr,Niojden,13723,45,Female,2,62.26928404
Sowhp,Mddkxn,12589,98,Female,1,82.50169866
Gglndyqot,Kvsjmykxt,15687,97,Female,0,60.15428893
Rknip,Mviqgpz,5054,43,Male,0,51.91449219
Wyml,Yofrotzdz,9624,98,Male,1,53.53944072
Ryubohk,Ggwjbw,1954,59,Male,4,64.40300182
Fouys,Kjhvj,12043,33,Male,1,49.55492111
Eujbzdcl,Yacbstvfn,2783,45,Male,4,64.69120262
Mpqe,Olihis,19922,73,Male,3,59.00927864
Mkcev,Btobhmr,16025,90,Female,4,78.7760582
Qgsahx,Ylyvsfeb,7713,81,Male,3,74.19942049
Lcpfhe,Onlabu,3087,46,Other,5,25.46232842
Xdnrrzakg,Zbzpprwcu,8809,20,Male,3,46.75503168
Owaruhe,Aejpz,10420,88,Female,2,63.67362716
Acxz,Uhbqrwxp,10293,96,Male,2,54.57495196
Gjdwrx,Qhoulob,17656,54,Female,2,46.17565763
Pxfm,Bkrg,14023,52,Female,2,57.37636622
Vwbkm,Iiccnvu,17073,68,Male,2,73.75434741
Wegria,Uhlti,1091,77,Female,1,48.17579829
Qkteerpph,Cuiglki,9704,78,Male,2,72.55303869
Yymvjenc,Bynqxmjoc,17406,78,Female,3,52.87789302
Rdajcqom,Slcbhmedp,10390,48,Female,3,55.75749969
Tjoxdep,Rxjsdmbh,19508,49,Male,0,46.33267318
Swynafifq,Jpzpsdcop,3721,33,Male,0,77.74292497
Dgzll,Ucumzmncp,10750,61,Female,4,50.16638517
Ypty,Hoaknqxry,3907,85,Male,3,54.63027279
Jpyjo,Vxndtt,8570,76,Male,1,55.63612493
Wrgc,Xyjzkfn,3920,33,Male,2,60.95694753
Gminrmfsw,Vveptuo,16080,59,Female,0,58.95746534
Ibfkhxca,Mpkhl,4130,32,Female,1,66.65816176
Hohenswt,Ikor,1180,71,Female,0,68.48589212
Omhh,Rcvyjtme,13414,92,Male,0,44.60142383
Ncvbs,Bxnpn,1742,87,Other,4,65.34397306
Agsqr,Msmietjwd,9340,56,Male,4,61.07300483
Zblrcz,Xlceog,8711,75,Female,2,69.39907479
Mounafmw,Csgfkbs,16828,55,Female,2,62.22546689
Yvkob,Bngvykosn,7363,45,,2,54.15422589
Phzhjp,Xqlbcptx,5391,64,Female,1,47.98624076
Tixamf,Bvvo,11717,55,Male,4,60.21131319
Engqwiymj,Ltcjeqsg,8438,38,Other,1,62.23208183
Parfb,Uwkxu,6538,86,Other,2,68.95177655
Zsusut,Zgagsfdmb,11077,62,Male,0,73.4496641
Yhviufz,Ymseesjah,10990,50,Female,3,79.17279292
Nuqxs,Smposmol,18063,45,Female,0,88.69429174
Mhzjsx,Yfvokg,11696,59,Male,4,62.56162188
Vtljsz,Bllbgl,11370,46,Male,3,68.17802414
Rrubvsefu,Lwokrgg,2628,79,Female,2,54.179551
Oqalc,Mgvs,17736,25,Female,1,41.2256215
Ilzrwskh,Xwyu,10427,92,Male,4,47.72047248
Sekldc,Xcurtjqn,12008,73,Male,1,66.12944177
Vbdgbkalb,Cpfrb,15773,39,Male,1,65.8918065
Tztd,Wjvaxdz,12811,70,Female,3,78.74072257
Qudfdocc,Cnpkqvakw,11747,34,,1,71.48005587
Tuoqcrq,Wfmvnl,14250,67,Male,3,50.43386932
Leglbli,Xdbylrrv,8332,50,Female,2,67.593806
Fpolkdvcm,Nhjvprn,8950,25,Male,2,49.82405466
Uzrznn,Uzfdcdgey,8858,32,Male,1,61.73925126
Ytewonpj,Vwgz,13454,66,Female,0,57.82663944
Ostczk,Kqvvldcxy,16789,46,Female,4,61.8957017
Frnxaolcp,Bewwf,4692,84,Female,4,47.29353487
Cglmxz,Zhfsqow,13582,57,Female,3,34.2808351
Ebxvn,Dvkrxzu,1512,80,Other,1,48.5667761
Rxgunx,Cntjwm,15401,40,Male,7,54.29057895
Jrfsg,Vbqwda,15012,65,Male,1,69.15529197
Cdixcshcp,Yxajo,6363,87,Male,1,69.21374421
Xuqjumgak,Decfpjpei,13722,70,Male,2,77.86448742
Lbxge,Ztxy,18158,41,Male,1,68.75417465
Hsgteira,Rsdaxzyw,4857,96,Male,0,72.24367385
Liycevwc,Nargixi,10931,21,Female,3,75.08008332
Nwxfoll,Feynou,19498,24,Female,0,47.8726676
Vkomjh,Xokjvxwz,1378,96,Female,1,54.95632161
Mplu,Jxesg,15286,90,Female,3,69.66928302
Krap,Nzmvb,11282,48,Female,5,66.47353628
Ucqvmaqz,Poxoeo,16456,78,Male,3,54.37767133
Ysianipgk,Mvmwwkq,14952,92,Male,2,80.22699657
Enmtsfqfz,Uuvo,15100,64,Male,1,80.36505731
Vrwp,Sdwvhel,4183,90,Male,2,47.08604466
Qjem,Ytnja,12336,51,Male,1,47.34947018
Qzhu,Unphhfc,3558,54,Male,4,77.02292466
Iorxug,Knqfc,5821,66,Female,4,57.27997672
Bjuod,Ttnui,16326,84,Male,3,50.73646735
Fvwtff,Dcpd,16525,54,Female,4,62.4558962
Eqrt,Qbhacqsfi,15546,96,Female,4,74.63176768
Izxtiwg,Hqxhule,17428,95,Female,2,79.70661586
Tdyhzeopl,Lpww,8158,75,Male,0,97.46406516
Shwt,Pfhj,11195,44,Male,3,55.86873493
Nqjz,Msct,2734,38,Male,1,50.7389387
Xzlcztsl,Sdvpb,19850,47,Female,1,53.28868985
Vvdvy,Vbmnkm,5198,45,Other,3,54.81033309
Bgvb,Cfjancwh,7284,84,Male,4,48.5655801
Mskp,Ezlo,13251,86,Female,3,70.63590484
Nxyozi,Zvpa,2029,32,Other,3,41.16336783
Tuapyf,Rwrgovne,11101,85,,1,48.21395956
Ryisyaglh,Pciaqdqaf,7055,42,Female,1,56.4618095
Ygtaixfqx,Slfepma,7499,56,Female,4,68.00556305
Frqykr,Uxgov,3445,44,Female,1,64.01804002
Tlehclkw,Enweyavyi,12076,45,Other,0,38.01015936
Vywfbv,Hnlwdqk,7736,42,,8,89.53851483
Wsbm,Faqtmmfl,9768,38,Male,3,79.70400379
Nfcwbzy,Rtehdnhbg,9025,88,Female,4,54.59246527
Uhrgot,Wxvln,18681,47,Female,8,52.96185216
Xykubq,Pcdwkdw,5328,89,Male,4,75.36153067
Ojingyh,Qaxrdda,13394,70,Male,2,48.35339866
Cydipxxeo,Nyjig,13335,45,Male,1,78.81678382
Lplt,Eijaoogu,13781,44,Female,2,71.15421108
Xdfpiwfao,Nczwtim,7539,66,Other,4,70.14075492
Zszd,Nxfdrqkc,6827,80,Male,4,30.09455764
Iueaenin,Mtmdg,19726,43,Male,3,54.47178635
Katm,Zekbxwe,18699,34,Male,2,54.27723388
Kdkvtwnyd,Nixohmt,5278,73,Female,1,48.50734222
Hrkrzaos,Zyudy,16692,26,Female,3,60.26260813
Zwhzb,Bqryjvnh,4413,79,Female,2,78.82551364
Lvjf,Fnbuvsiba,14545,62,Male,0,55.43984175
Swgswgbhw,Abkqweh,7012,60,Male,3,49.92768496
Bgawu,Teecnv,4519,41,Female,0,45.24510109
Xuznk,Ryvn,17013,46,,0,65.69060027
Fkcznvnde,Tbtpmgs,6189,60,Male,4,67.78739814
Nitdxsvpg,Papck,18608,41,Other,2,75.03727776
Wdqyaaxfd,Jzdtlg,15085,19,,4,51.2843126
Wapns,Cvek,13632,44,Female,1,61.48647096
Zwpffzus,Dzbuv,4332,53,Other,1,57.15234147
Cowj,Ojsx,10608,40,Female,2,48.24654448
Snmgn,Nmspcon,7965,98,Other,3,69.11349272
Ftkhqwq,Qfbtm,5068,48,Male,0,59.55162343
Uujbx,Stgsb,14979,40,Female,4,54.25588686
Cwiaglo,Opeyb,11319,46,Female,3,59.82462574
Cqaa,Ghmo,17637,79,Male,4,70.56992648
Vpzoueqn,Fbdjofxib,12404,83,Male,3,45.98309205
Bidvstesk,Dudz,11541,68,Female,4,59.11188427
Scrgxly,Toqzheze,19587,80,Female,4,40.68007024
Lnequb,Uyjjeo,7870,44,Female,1,58.36467486
Zljnahz,Fhxn,6213,97,Female,1,63.47278414
Zxficq,Jgwmia,2900,84,Male,1,63.55401634
Pyjjozsfz,Ctstioq,19372,94,Other,1,61.85388266
Caojpfx,Wrls,13310,91,Female,1,37.46935079
Xcgob,Dvacokw,18134,67,Male,3,61.4005827
Tybeudw,Xbmz,5881,85,Female,2,64.03460735
Ccyud,Viqr,2222,40,Female,3,59.54820307
Zqtkt,Mmewx,15863,53,Female,1,47.87858601
Lqbcenrit,Xhoj,18061,94,,3,41.02334131
Ctwry,Qqfgipyd,2402,81,Other,4,58.02120651
Qmkwwxqy,Lvthslh,4359,75,Male,9,67.25060721
Bfwejp,Ssne,17283,48,Female,0,63.28613405
Ikeenfc,Qppnsf,17423,33,Female,1,43.17438562
Vwomgz,Lcou,18482,44,Male,0,61.69694304
Dggotqx,Srltjj,12401,25,Male,4,56.09157826
Aaktmly,Kcece,8119,52,Male,1,61.75818226
Zseava,Sekqwgj,11446,29,Male,2,NaN
Veqapdyqv,Awgycavb,6330,47,Male,0,67.53576438
Wymodtp,Ewsltkfj,5802,53,Female,0,72.24642023
Vjqkntgzh,Dbxwsgo,3561,59,Other,1,71.9528374
Luuvjkao,Qauxrw,4938,41,Male,1,65.03228461
Uikhnlvfi,Hcywtmsgb,17188,38,Female,2,58.7923343
Ctany,Vxphkeqht,9532,98,Male,3,56.98263573
Hfzaeas,Mabd,9095,65,,2,48.14543728
Nekwj,Rtkp,1114,65,Male,8,58.588983
Pvaonpzx,Gsmtigti,3152,47,Female,2,71.29173407
Xape,Piaic,8960,52,Female,2,79.10279935
Libyfsns,Efmsopf,11505,32,Male,0,68.08945018
Dqfsfkrmz,Rjnk,11179,67,Female,2,91.26531675
Qxmd,Yfbique,14132,55,Male,2,52.17482849
Ggazyduy,Gsvx,19796,20,Female,1,61.84300576
Vvxgvvlyo,Lnbwxixvs,6040,82,Male,0,59.26448318
Hekjlhos,Srbc,8262,92,Female,7,75.29186244
Sjpsekhp,Mxxqztyy,12872,49,Female,1,77.28479134
Ygoayv,Vsonf,17863,27,Male,0,66.35291458
Vipxatkzq,Lycum,19979,57,Female,2,81.13666391
Dqgagatzs,Sfkhjx,9435,21,,2,49.91958839
Pgylv,Jpyhvabqp,9899,97,Female,4,69.16137285
Lvseht,Akjxbhsn,15785,33,Female,2,82.5015287
Jtgnuvx,Fwtuktt,11294,20,Female,2,51.48274793
Laislqd,Udwaz,12246,63,Male,3,33.9785452
Vwafbas,Otxiynmk,6583,66,Female,1,69.36156695
Qlgkhnsch,Euqj,5996,21,Male,0,52.04028128
Wbluxrvo,Dfbu,3226,59,Male,4,82.47646381
Yozbn,Ksljwgtt,15833,18,Female,0,60.87828052
Hlwfuaemo,Brgaegz,6302,28,Male,2,58.72074677
Ricozz,Ygtvivo,7609,77,Female,4,67.72210865
Cblf,Ddztb,17243,77,Male,4,61.653123
Mzbemnb,Ytzc,5847,44,Male,1,67.82905695
Qxtlfwv,Xfxfnghf,6735,51,Male,2,56.28487102
Qkatxamni,Azqh,8388,57,Male,3,48.07513331
Fvuzkgzj,Uqxyo,8893,34,Female,0,60.100559
Vaoidc,Qiwxdrivv,18579,36,Female,4,48.03817144
Gnyxwmpg,Ttfrjzii,13248,79,,4,50.78639562
Drloewh,Xnvzsr,10742,47,Male,4,70.64383174
Moeiiqh,Kdips,19824,90,Male,2,59.1528721
Izbim,Qtxdmrgv,18510,90,Female,4,90.81067932
Lmnrm,Pslfbfl,19389,65,Female,2,62.98438425
Tqxgoa,Ckbucqc,7872,49,Female,1,35.00600368
Vddhath,Epwdy,11687,33,Female,4,54.9264126
Gsvf,Hqihi,8165,76,Female,3,64.84605567
Ehpxdyhcm,Odztp,16367,65,Female,4,66.18676443
Ybnbdvj,Cqopszvp,2010,98,Female,2,74.53952162
Liyn,Sidwmp,16863,32,,4,77.6602343
Uobhkrhzb,Dxnesmprb,9051,88,Female,4,56.81970349
Avzhnehpi,Swbcm,6619,61,Male,2,55.66053321
Lpvsfl,Ldqgvx,11254,21,Female,0,55.01202881
Acarkl,Iwvxuzb,1802,58,Female,4,66.37659462
Dczvfumv,Kvbxequs,6297,43,Female,1,59.37416189
Ahcre,Wvxsuq,9100,50,Female,0,44.28314263
Gwgx,Gwzgjaw,6978,60,Male,1,72.05591923
Lfidhn,Enmmepc,18235,61,Female,3,52.53279474
Pwrj,Tkqzry,19757,82,Female,0,84.6143093
Sawkq,Sbqx,8189,83,Female,0,53.00102027
Gxqorimz,Cqfepgw,13513,81,Female,3,64.21729726
Jxkind,Yjsghhjo,2531,46,Female,2,61.49100036
Wlbs,Ovelrysa,9762,34,Male,2,56.92961175
Dkqigqi,Vwyyg,16952,54,Other,4,50.66170462
Qoyo,Fbcjguf,11643,63,Female,3,52.8117467
Grto,Qiuup,5843,25,Male,4,42.26857297
Tpnr,Ndmk,11217,53,Male,4,68.01236437
Wfbqkb,Tvjj,17090,68,Female,1,54.94501134
Mudaojho,Trsov,6592,87,Female,1,40.00258759
Thjf,Girauohe,11730,67,Female,2,71.36595735
Hmqv,Rtvbyrqu,11595,91,Male,4,78.87673706
Ourndnb,Lbgba,8456,69,Male,1,46.04615169
Llzmirz,Eyvdoq,2826,88,Male,1,78.4598791
Psckitev,Byymnnq,6677,30,Female,9,60.51413452
Yfup,Nbje,17290,86,Female,4,70.57095643
Zaxmwaxps,Uxewcvmg,8322,66,Female,3,64.25357605
Xcsfmvmv,Sguehtqsu,16352,94,Male,0,67.61312386
Qykgiv,Tbsewp,15182,51,Female,0,59.59006368
Iwabrth,Dcpm,9952,70,Female,1,43.15585087
Axlmpnyhu,Wwxqbeqo,16899,47,Female,3,66.20341228
Kvofglkin,Urugioea,13502,23,Male,0,37.52253598
Tsyzko,Phfx,14234,52,Male,0,65.88071854
Rclcr,Hppnyjkib,6757,39,Male,1,50.37449821
Gcsyc,Zffpe,13126,41,Female,0,24.67197788
Zdso,Udhwgxg,1106,85,Female,2,85.81684157
Sfcgaqpja,Gkbmamy,6805,95,Female,1,70.46750317
Heiwm,Esypnw,1376,24,Male,3,41.78091125
Kkapftrb,Fkhe,10697,43,Male,1,73.3582788
Thgod,Uzzh,8706,55,Male,0,56.68654742
Idnnapo,Oqeqqjn,16260,54,Male,3,68.13670285
Znjmzw,Itey,11038,47,Female,4,62.49896453
Uvujocyq,Vcuhhjtng,7974,45,Female,1,67.39265636
Exithiux,Cvikflwc,4611,41,Female,4,44.01955418
Dfjf,Oflgdpgx,12214,75,Female,0,53.79504859
Gshgd,Mnsuhmhmv,12759,33,Female,2,54.88816209
Kydn,Esnfbtdi,1965,37,Male,1,60.07376436
Bvmav,Ssjktmnlh,5999,36,Female,2,68.25471387
Htmlvt,Kdhgk,13106,75,Female,9,82.73552754
Ruva,Xtskei,15010,95,Male,3,60.28397871
Owqlqnlc,Xqezu,17217,80,Male,3,52.11259421
Omfdblwk,Blppphe,14345,22,Other,0,62.18308955
Uqhogpjb,Biotsb,9819,53,Other,1,60.17377497
Icrh,Pqrzjtmv,4562,64,Female,0,58.35322986
Puieqpa,Uniu,12225,51,Male,2,43.68742864
Rrqu,Jbwbjt,2880,22,Female,3,83.09061208
Rklvgi,Cynlju,9281,67,Male,2,46.86446922
Mlupazlgf,Jblpvcjj,7633,25,Female,2,64.38744333
Bpnyygd,Ztegdlf,18185,61,,1,52.32509274
Fvflcmfg,Xgrsk,9998,41,Female,0,59.99105401
Yxnf,Qqord,1879,75,Male,3,57.64368787
Ibdq,Lqkmf,5298,93,Male,2,59.07544148
Suhmngaz,Kxug,14969,57,Male,0,64.00968099
Ysdupd,Vclnijca,6566,70,Female,2,66.4462623
Nmnzjdz,Qzsqnm,1836,24,Female,4,56.73982882
Woyqaulgo,Njcg,17238,42,Male,0,58.56850951
Sagw,Ahirsl,12230,66,Male,4,70.03696313
Bsxwrpyvu,Mhtbzbatz,12948,86,Male,1,51.84991874
Cncqqx,Andxcdehg,3447,88,Other,3,67.82233813
Kyxv,Giwj,9329,37,Other,0,63.05268553
Iekkszz,Sjgqesgyx,15549,83,Female,4,67.82758639
Xxwbhep,Ificwfw,18882,73,Male,4,66.7998709
Kfxf,Rpajvo,10794,43,Male,4,45.70163855
Uxnrypak,Kcnaznjvc,11673,82,Male,0,70.50768646
Birh,Tclbxayc,10920,92,Female,3,80.36720347
Iqbswc,Jcxtlom,13231,22,Female,0,54.30394753
Hvgnajnu,Pfoi,7660,33,Male,2,59.20784513
Hclqb,Emcoj,16379,31,Female,4,50.52564028
Reeconns,Xdvrezugk,15216,83,Male,0,48.66370701
Pkszlwapx,Weornub,14081,88,Male,4,43.94608796
Esnqghv,Zsca,11051,56,Female,4,59.28855616
Lowwqlqo,Bdpsyc,9722,42,Female,0,43.96121335
Eotasb,Owicwwbkx,14904,66,Female,0,55.33082276
Hdzw,Gocmb,4654,22,Female,4,52.27692768
Youqyqc,Tvthiinw,16712,53,Female,0,57.26373574
Zffzpiy,Mtoad,3656,43,Male,1,44.60963338
Ccejob,Tcijl,5039,24,Female,6,40.13907805
Itymm,Xlla,15901,69,Other,2,82.87593088
Zslz,Btdodxy,9039,94,Other,2,70.47313284
Maszkjxq,Xjtrs,4976,28,Female,2,72.77227966
Wzgy,Efsxq,14998,71,Female,4,77.66968344
Tldbhcw,Weojzm,5436,96,Female,2,69.47323295
Vteek,Fdzznfin,6660,73,Other,3,58.10451185
Qbnpcr,Lvytgsuz,4086,43,Female,1,64.67879591
Sbxlv,Tdygfnnib,10362,34,Other,3,64.10436405
Juex,Xgfb,12743,22,Female,3,65.86266869
Ktltb,Jxmtg,6340,72,Male,4,76.25870675
Twkyghink,Jgxgpthvx,15161,84,Female,0,49.9007528
Qqkat,Eqaflam,13182,26,Male,2,79.77622041
Krxus,Hnqa,7298,98,Male,2,74.74247696
Feljipbj,Akzvrya,19292,33,Female,0,72.74582375
Dohxn,Xntgdt,4367,20,Female,4,33.50072089
Icaxl,Dayn,11055,66,Female,3,46.40438341
Furn,Kdhcsmd,10889,73,Female,2,49.94278889
Uhnymrl,Ebssk,4417,78,Other,4,58.33497818
Tzhkix,Ezzde,16401,33,Female,3,67.34920745
Wejohgoi,Oiczcv,19528,23,Male,1,62.61475524
Nblpqcvf,Dlbp,8964,31,Male,5,63.97816521
Viytrjfh,Qdosadcs,14614,37,Female,3,53.25411533
Rliswga,Jocluwk,5938,67,Male,2,56.76915684
Tnywg,Yckd,13487,40,Female,1,64.79526195
Ajczhvkn,Lcts,16955,66,Female,1,66.89903857
Fdxzwu,Declumvk,17680,51,Male,1,63.8894849
Vrqhyxh,Bjljp,12699,47,Male,4,78.78775689
Ayfqkmref,Gcqqa,6041,73,Male,1,69.17435949
Rgipjttdh,Pbioy,4578,98,,4,73.31700059
Hskvd,Keocl,1475,96,Male,3,66.61728025
Ollveyz,Evlgjacqy,18935,52,Male,0,63.3464579
Rsehysc,Gfiokpkmv,6722,37,Female,0,71.15475023
Kijyags,Cbhpceabo,2429,66,Female,0,64.12256847
Gmhojhtki,Afebtqd,19187,63,Male,2,50.38645318
Eqgmh,Pgmnnwbs,5755,28,Female,4,62.2422324
Gwbqbsw,Mjysrmhs,15986,54,Male,8,58.82506495
Xhsvf,Ynstp,9067,43,Female,0,50.94447684
Qvjbekb,Yjsinsi,16779,87,Female,0,59.31063284
Xfqmvqck,Dqyju,5512,71,Male,1,52.34559499
Scaxdg,Flagjjouk,4645,71,Female,0,64.5585641
Gjbduxrv,Uujdkhj,12086,62,Female,2,45.61157318
Bisynyc,Acfv,10165,30,Male,0,78.87857245
Opmqa,Pizdie,7088,71,Male,1,59.56001167
Rieyvoa,Wahn,9701,24,Female,3,58.98325983
Smniryjl,Doqbkk,10973,91,Male,0,67.93310979
Pxkpd,Mfrjsje,2789,90,Male,2,61.55556386
Xqfxciqp,Lxqcaidua,13871,60,Female,2,45.54134656
Nqyftqmcd,Cenbkod,6316,96,Male,3,51.67986029
Ucfzbxr,Oflaqs,7434,55,Male,2,72.03990967
Opgzil,Iwiycrjl,7048,81,Female,1,54.0960049
Wrchkxasq,Lxdweqmn,2937,75,Female,2,51.2437226
Fevn,Zqxywmqq,9766,31,Male,2,64.38927229
Npbrhpx,Pytfothi,3385,23,Female,3,32.55981213
Ynve,Dnnsqbdzi,11175,80,Other,3,80.32325082
Pagbbfg,Yvwaxrb,16212,53,Male,3,45.67114399
Wvorlplxt,Wsrd,10992,72,Male,4,55.64953998
Cqnj,Kwjfk,10606,22,Male,3,59.72014769
Lkswenk,Zahvrmhx,14336,96,Male,3,71.97872103
Utmni,Gwckmhdl,19106,69,Female,1,68.86400701
Thioa,Iwsopiej,6741,76,Male,2,50.04509243
Oldpok,Zkpuial,16507,85,Male,2,77.46028291
Iqgrusngh,Qkkt,13437,93,Female,1,32.468086
Wgwcfnpid,Tlyhimd,13011,93,Male,6,48.57329965
Usrcyow,Mfyhsf,12167,44,Female,1,60.58444135
Mrkfhgk,Qtpvuubu,3239,32,Male,2,75.11957558
Zbvvwlyx,Cmsgz,2246,82,Female,3,64.5913595
Wbotwlfc,Ghytc,3512,68,Female,3,63.73377105
Qqjuptela,Zchaafi,18527,65,Male,0,52.50372221
Msuugfknn,Xilywhb,5218,81,Female,4,70.17146458
Esuigixe,Yxob,1732,86,Female,4,64.17191795
Zjcfmrvs,Cglbugvs,12332,91,,0,73.00335773
Wvokppy,Hwcekk,15665,31,Male,3,56.6805773
Nhbkpdpgb,Qiaydiji,15121,45,Male,3,59.05571198
Iulevlejr,Eekw,11728,74,Male,2,85.86920246
Cwumprt,Pwhm,9282,63,Female,1,62.07246879
Iabbeae,Ngrlmwmf,6831,72,Male,4,60.35983468
Ljnciazl,Krfclukw,7383,50,Male,9,65.2172548
Efqf,Xocitee,19246,71,Female,4,60.15052782
Maknkc,Fiwn,6710,46,Male,2,47.52316579
Chhkbcr,Tclf,17255,93,Female,4,NaN
Oazxsu,Qxqiak,12453,50,Female,0,51.686632
Gxulgr,Ljxemy,9243,64,Male,1,35.22942026
Rkyuvdv,Wzdcyk,12571,45,Male,3,64.41945563
Jswojwfic,Yakb,10596,82,Female,4,73.02747205
Heik,Takffacrh,18606,76,Other,1,67.73616123
Axcb,Weqosu,8700,26,Female,3,56.48356515
Xcnnij,Auwsagai,16309,18,Female,2,85.67847365
Yxei,Kdzbpftsq,4319,54,Female,2,78.79858059
Kgrdsdv,Cgueioqg,9897,60,Female,2,61.07567552
Txogwm,Vhkinlmef,15207,34,Female,1,47.83817403
Gcsl,Tnxfuo,1338,67,Female,4,72.86475387
Kmho,Bwzic,19561,52,Female,3,40.56738615
Bixe,Ermrlp,11897,95,Female,2,45.37566458
Autqp,Lnekxcz,15557,55,Female,4,62.80296156
Scglivhy,Udrkodfn,10652,57,Female,3,65.82439384
Eiqzussy,Labfu,10051,38,Male,4,71.76524752
Jaznpn,Rfpbhcug,10156,79,Female,4,33.78350243
Qikqbdye,Gfgyqvdr,4998,26,Male,4,87.5793993
Ddfxxlrwz,Relcjusy,2725,90,Female,1,59.09490028
Dpekcjaa,Egtx,16654,32,Female,4,67.43154077
Hhdqbe,Qivlz,6521,85,Male,2,43.73203237
Cemxd,Prnpcbf,19209,34,Female,1,50.31765335
Gzipuxfvz,Dqctmbep,9714,29,Female,3,57.82052798
Pyhdbfm,Cturepwnl,6021,89,Female,1,44.46099794
Zortu,Cwvz,11626,72,Female,0,72.61295259
Lsiqz,Mqiebrgqu,15605,45,Female,4,56.45527518
Gylu,Pjwanodpq,9082,50,Female,0,75.30141119
Ynjrgpmw,Nvvhksle,19589,24,Male,0,59.3633068
Cioozslk,Tmhjwby,3827,67,Male,2,74.19714443
Vtshr,Hbyilcp,11337,26,Male,4,42.44865866
Tiers,Cidmnmg,11547,89,Female,2,55.39928346
Fmntmpkpe,Vgsa,11928,76,Female,5,54.0327862
Whktyql,Gtxkwhj,10562,81,Female,3,72.14720968
Hbzkrs,Pcccjlejy,13618,77,Female,3,63.02888963
Honxh,Trsaj,17504,82,Male,4,66.1609876
Dzpuqwg,Mbfbtvna,15527,45,Female,6,83.22427171
Hbmmouo,Orezdnsgs,9863,41,Female,0,50.39008626
Ggfzwx,Dycdy,8683,42,Male,2,75.10220247
Pjmjgqgt,Siovburm,6967,91,Female,3,46.750185
Ftgcm,Goipma,2604,84,Female,4,61.59652597
Hnpemcrnn,Muvwyz,12843,78,Female,6,67.60816962
Bdbgf,Yaxfv,1030,57,Male,3,92.30126598
Plhrqpxf,Bjebz,18584,49,Male,2,60.21954036
Sxmfb,Crpbqwo,6691,27,Female,0,48.33677622
Fvpiux,Yqjdpqg,18386,35,Female,3,50.46307071
Tqsbws,Ipohf,3474,39,,2,56.19744461
Uiengcj,Markwscw,9719,51,Female,4,72.9379778
Vkesc,Sstrdhimu,17527,85,,3,56.52024209
Vdmpph,Ioxooq,15895,46,Male,0,75.29439126
Dgsef,Drdtwwtf,19233,76,Other,4,58.28407816
Yboegeiz,Vlvtiu,13351,28,Other,3,70.59451178
Fxapsxt,Yhsjcbslz,3964,41,Female,7,39.00577703
Oqxzlx,Btzcgdr,9090,30,Female,4,35.49721019
Jzqi,Sgxwuwlv,13059,59,Female,0,56.52145503
Zrjn,Voqrrtkxq,12970,70,Female,5,68.22623159
Epohaycb,Aqaj,18442,25,Male,4,85.13545149
Uhrv,Sdwfbfahn,9358,38,Female,2,62.65884668
Xgsv,Nrzkzbodg,3494,57,Male,3,58.57164095
Nzrqlsfly,Qruxwpyj,3622,25,Female,3,57.49831729
Zuhkw,Pxhbsd,13418,66,Male,4,57.5112303
Vxunhq,Yhwcfuj,2153,33,Male,3,55.47817514
Hvdrqrofb,Nknhyhpz,13783,60,Male,1,47.63186963
Edye,Yqvytuhlt,4947,47,Other,3,37.07065238
Vadxet,Dltm,17017,67,Male,4,73.77772968
Lhmij,Nbppr,12241,72,,1,51.95884319
Wdiurv,Xkpng,12633,30,Other,4,55.49556631
Zbsnf,Ahsidon,17685,61,Male,2,57.4750371
Gxqmscems,Pgqj,8540,62,Male,4,62.99137834
Xdsthh,Ojrzqcov,1622,47,Male,4,49.05975911
Hsza,Ejqgan,14944,76,Male,4,74.88453333
Umjdycwn,Tcoxftdqa,9471,92,Female,0,43.0998886
Ciqj,Flym,6772,72,Female,2,71.87009907
Xblodi,Jdkibpl,6501,55,Female,0,49.5070792
Hmzxmn,Cutzq,8004,25,Male,4,73.79835337
Jyplpflj,Bkvkrbgj,16325,61,Male,2,71.12781908
Moeohfm,Ntsqskx,14522,91,Male,4,70.24766115
Ulxpeidvl,Frzczz,2844,79,Female,4,71.62323461
Obpdlthgd,Icqm,7733,58,Female,0,60.17246344
Qhqefs,Ieooyx,8954,94,Other,0,50.47688725
Omywyte,Bwlhcjlp,18382,81,Female,0,62.75622946
Vhngl,Scaipxawi,19664,30,Male,0,58.8226933
Xtfpit,Oidg,10476,38,Female,2,51.68327472
Sdkzru,Oqnsmjxuo,9410,32,Female,4,43.86569609
Mjrsel,Lkanz,2459,55,Female,0,60.73556076
Ucsdfi,Qhgddipho,10388,33,Female,3,70.33227043
Smxinblbs,Fpnckknq,16903,54,Male,1,71.60928228
Ymjmfsxdk,Zaaiujipg,12671,28,Other,3,70.45343886
Hcnpzlms,Kmvpl,10716,22,Male,3,54.8843361
Ppyxkd,Sxsp,14274,70,Other,2,72.96113608
Bnurdwf,Quoty,5975,87,Male,0,57.80672895
Zdmm,Ovudh,1496,43,Male,0,64.64809373
Fnhm,Agoswukl,16282,42,Other,1,54.07301225
Pgjxadd,Eqwpre,16370,47,Male,2,48.57423183
Svxnqvesr,Uumc,8852,71,Male,3,69.42108209
Slqbeusj,Adwoyou,14174,30,Male,0,70.45664704
Plxc,Ftiinc,11794,35,Male,2,51.37930823
Xpqflubiq,Ospin,19811,18,Female,2,74.97416741
Fnqjzz,Wwvficjb,10187,41,Female,0,57.0079628
Fbyrxexni,Bfhyx,16880,48,Male,1,58.19868331
Nrvfoy,Tqwmy,5898,97,Female,4,38.58208374
Vszttptf,Qafgl,14919,43,Male,0,71.33372943
Ratthq,Glkbozku,11056,48,Male,2,69.69495859
Xqacbo,Ifxybuuxc,13305,90,,1,57.56403361
Ftjdfoua,Cdgbwkf,19531,67,Female,0,71.37694984
Wyqiovwi,Treacw,17300,32,Male,1,67.24700846
Dabxr,Gjfowxa,3974,53,Female,2,73.303975
Uyts,Ynxio,18831,78,Female,0,77.61233649
Xvxppxm,Qtvksqird,11860,85,Male,0,64.34108294
Qmxnrzb,Bpdsncit,3984,48,Female,4,67.34274589
Gktmwk,Fmjtk,6572,97,Male,2,69.64691486
Lvpmrqlv,Cggw,8824,63,Male,1,54.01521667
Uyopb,Irtfjjq,4670,89,Male,4,65.49542611
Pbvhuqzx,Wlwsdcy,13424,31,,3,65.02176227
Wjlkyalap,Knjmief,15720,26,Female,5,62.47695822
Ddoks,Uxsfd,11270,74,Female,2,82.5962901
Uzzyx,Alkekwhqr,14745,44,Female,0,68.28334185
Satyhhzg,Jbzxlnr,9815,29,Female,0,38.97851278
Kuvqqnf,Gruok,1222,47,Female,4,48.9377121
Bjvqgnt,Chhjbzbdy,14383,47,Female,3,61.0772422
Ehjorh,Eapqed,6549,82,Male,1,68.41058367
Qmlamywil,Owxjtjunu,13929,80,Female,2,51.36101825
Wtnuctgv,Fvow,8312,80,Other,0,54.6451294
Upwbsx,Unfmf,4346,29,Male,2,63.74383749
Abhid,Finfm,8490,87,,1,60.91818776
Skhcbhwoh,Plmgbyc,7822,24,Male,4,52.01161857
Puuisr,Mgrrgej,15186,76,Male,2,58.64242816
Kkfq,Jhtk,19931,94,Female,4,66.76935544
Mztkrtwa,Vgewrli,6182,27,Female,1,39.56795848
Twdz,Bxfd,17412,38,,1,70.40074863
Sixdnlsfc,Esmef,8022,61,Female,1,64.15469859
Endblicv,Nrkidiqb,8831,48,Female,0,64.70366307
Zferyprpf,Qkmjzsav,4121,42,Male,2,65.82272586
Epcmzlq,Nhpllc,3615,50,Male,1,56.90079247
Atlaazgdg,Rwztuhr,14285,68,Female,6,37.22737969
Atsoncl,Edvqxd,1833,98,Female,0,38.43323565
Jfrqo,Skxdvjah,15601,70,Other,1,56.25786297
Zuuvutcu,Fualwt,14739,84,Female,4,63.81489261
Ejevt,Xday,9117,65,Female,3,52.92574096
Oqsgdrjfj,Nrzfp,1021,23,Male,4,44.20558839
Beilxf,Avfzvec,3613,75,Female,0,51.35253485
Zpox,Ynhw,2710,88,Female,0,65.37439408
Rkyye,Sevgpf,3677,85,Female,3,43.45844356
Wojr,Ukurgwgv,19725,46,Male,4,37.47164467
Ahiig,Mcqnwq,4470,26,Female,1,67.63716809
Gvfxz,Vvugxs,12154,51,Female,1,45.01244906
Gqwpap,Watdz,2836,46,Female,4,66.63579446
Wfajuytc,Tvberivgs,12247,45,Other,2,62.13711385
Tkwodmz,Aqvrtzjg,2989,30,Other,4,51.19445406
Ahkeqsjd,Qfkrk,8014,86,Female,0,59.8188104
Wjxmevzib,Bzqdgkpml,4096,29,Female,4,73.6098732
Alhsp,Yxphwehlp,18062,63,Male,8,35.45664808
Qlhcxuleq,Lnvrrutq,1351,25,Female,6,39.28239584
Jsuo,Xedqoxm,3641,72,Female,0,71.99232544
Drmvr,Gmzh,7189,86,Female,0,40.18073388
Umonli,Wmgjwbnqd,3630,71,Male,4,57.24175449
Uwhs,Zyrocubh,2951,20,Male,4,47.85995282
Sgzkbkymc,Mdrl,16957,91,Female,0,49.12548858
Ndfem,Gsnyncu,6495,70,Female,2,45.98620948
Lkfwpi,Xqdpruao,9409,35,Female,1,75.88716397
Nigx,Otin,13214,48,Female,2,61.99335891
Lftulk,Vvev,12068,24,Male,0,45.57215251
Tpwqb,Icdlxmmy,8488,85,Female,1,61.29147175
Xfmehf,Wxglma,1977,43,Male,3,70.95378758
Oljfc,Hrzkqxikc,17003,89,Female,0,55.8814991
Huvp,Aqmlx,2798,25,Female,3,61.25064543
Jcspb,Tufuwo,4262,21,Male,0,47.60650472
Nfxbojtl,Cxedvqhw,9603,54,Female,3,44.33342992
Elmn,Dden,2724,78,,1,74.90494711
Fffbxuohb,Yuck,2705,30,Female,4,62.59232288
Lqpg,Grhownv,15142,60,Male,4,59.18184143
Jnmd,Nevqfbozo,2398,49,Female,1,68.4556269
Qwjonwe,Kybqbve,11137,94,Female,1,65.7250844
Mqyivwdwi,Cahgclpe,2298,43,Male,1,73.00661109
Yzwwjsc,Zresuhkq,1154,69,Male,4,43.09704745
Kmmxclvz,Mzbm,3948,41,Male,2,47.25113215
Xtcrsl,Nnhoxe,5168,59,Female,3,59.84175855
Hmhc,Tmep,8501,52,Male,2,70.59467058
Wswm,Laxjpd,16093,79,Male,4,55.88165294
Xfhlsked,Rwni,9596,37,Other,2,65.90466656
Xvthno,Jivcfndz,3394,73,Male,0,35.85775856
Ktzkp,Ktnilz,6065,98,Female,2,69.29338104
Estunoq,Gzfaxq,18971,43,,1,62.84855298
Kzdj,Ubjfxlfx,15602,21,Other,0,64.61754639
Umsvqkxvi,Msubdxzy,10345,65,Male,2,65.88325223
Ovdhxjs,Goywwirbu,10249,19,Male,3,73.46381474
Wbsuqsjm,Mlrfxls,11023,63,Female,3,59.22402273
Izsrwbfu,Tibokssk,17759,29,Male,3,63.62264151
Kyei,Aefihv,6277,33,Male,0,82.24928883
Xwktxfwkl,Ztbrc,5556,55,Female,2,46.97666659
Wthh,Tcazyi,3142,79,Male,2,60.73520745
Mbxghmlkl,Zugcahv,17334,80,Female,0,68.08441916
Lngqvdqdq,Enfffpuat,9115,55,Male,1,74.12764646
Rbntyi,Rwqueyuoo,3722,61,Male,0,76.3932307
Wcsiuvxlh,Qpthygoj,6395,41,Female,2,65.62232474
Xdzthrb,Zxzliva,11930,56,Male,2,43.51263858
Oqeqgova,Iwodjovkg,19268,81,Male,1,73.15733827
Jnjijmocs,Xrzllcm,4909,18,Male,2,47.07136694
Rgmwehdsz,Acqgh,3077,58,Female,4,72.70608291
Vnjpzmhr,Jvtn,19800,66,Female,1,51.32206518
Qoigtto,Bvdybhq,7450,73,Male,2,57.28619686
Ropscx,Fntqz,8772,43,Female,1,67.07213091
Fdvwwk,Dxrmxege,7212,46,Male,3,58.85843342
Jjvtydp,Ajditq,16669,82,Female,4,67.87678663
Stjsepbx,Cmqoxjzy,12898,65,Female,2,48.80407853
Rmlprnc,Zuzwlg,19364,48,Female,3,74.16669789
Dvbsupd,Hebyzyal,10980,68,Female,0,70.47644584
Wpxpc,Tymw,1314,62,Female,1,77.09838839
Qbtcqfxfp,Aaczx,18869,64,Other,0,62.66322754
Piyquyvv,Lpkj,2612,88,Female,2,57.95061868
Wqcgekere,Oqfzmqlwi,1779,28,Female,0,48.26319982
Rxwmwi,Upmblx,8018,66,Female,2,75.55589507
Mdru,Nsma,1555,61,Female,2,62.62284799
Ilsnfhqh,Tarac,14620,46,Male,0,44.42243806
Jvbx,Zykocu,4462,31,Female,3,56.88565721
Ryffztc,Nxmwenwdy,14223,76,Male,4,50.16306909
Mxmnypnq,Gozpwu,19008,72,Male,4,39.44477989
Nwbarqdd,Mrlpn,11906,43,Other,1,60.24952565
Nsizhpoe,Nfni,4166,98,Male,3,60.72688427
Qajpkyya,Vuwwff,1322,18,Male,9,54.42171882
Gnruzbobb,Iyal,16094,47,Female,2,74.88857384
Muwhpnmql,Znxfmys,14978,22,Male,0,75.32272808
Rxramrbw,Mpftxd,7203,80,Male,1,68.20366394
Ffxezcbrd,Gmaewpq,8162,49,Male,3,76.85166155
Shhouwj,Hbvshqdt,11907,35,,2,69.61992057
Eiloyjm,Iopmtqqcv,8753,29,Female,4,71.18999315
Edzt,Ycmvqeu,13139,80,Male,3,61.60168826
Xiopjnif,Xmyhayqc,5495,92,Female,7,73.31503548
Qqoadxnma,Luqu,12294,61,Male,4,75.74173701
Yvbztxnhw,Wcwd,12018,85,Female,4,39.61406607
Helurcb,Bmiwbl,2225,25,Male,1,74.98182351
Kflh,Tbnnfdb,6790,33,Female,2,66.87626963
Kwae,Tzygxidv,9055,27,Female,3,68.75950168
Stpubowi,Nxnxhi,8000,75,Female,3,52.62318845
Xmwlysmmh,Pvpgtitfi,19781,59,Female,0,50.93070954
Mlejnm,Dubz,11062,53,Male,1,64.35457286
Lgxkk,Uglfhl,1287,32,Male,0,44.4511906
Vbviwmpdm,Kaituho,11772,40,Male,3,71.93529691
Wkvl,Tspz,1526,57,Male,0,53.66464938
Cdnrd,Bajgiym,2885,90,Male,7,60.92513173
Uyndtwsfo,Nvftr,19416,30,Male,1,65.64876435
Idcn,Idtq,10855,63,,3,70.69111929
Zwfmks,Mrfhguc,8709,18,Other,4,80.65755759
Bwsu,Zwwdxt,8203,51,Female,2,56.09746372
Lyzuhvp,Msanr,4202,19,Female,1,55.70014722
Jbhojsu,Xnsjw,18905,85,Other,4,45.92519366
Qzvadbjil,Iazwfow,14615,60,Female,4,47.08789531
Quyki,Mxkndhu,9252,51,Female,3,50.29600319
Lvqd,Lvmudp,19241,88,Female,0,64.91577758
Craxir,Nhfrxikog,5128,84,,0,51.66410199
Bwfwqoues,Jhyvbox,17743,81,Other,0,60.71200765
Dzjf,Gtkwc,1678,78,,8,56.80685382
Fhelnpjyn,Pzdhadrv,13543,36,Male,4,71.62006983
Igogz,Bzxfqgjut,6181,46,Female,1,72.86323073
Jocxoej,Utzmvgms,18201,76,Male,4,55.2090798
Oapuxbhte,Xmuyxgxlt,18493,52,Female,2,52.47838924
Gdlrhw,Lcctfn,19288,36,Male,3,29.35211391
Weuovied,Xinayu,7405,49,Other,3,66.00148517
Kysbhpayb,Fjmklajm,7009,96,Female,3,44.60156507
Jsdrq,Sqxan,13785,85,Female,0,57.86985069
Pkiyexgft,Uyyamvwuj,4406,55,Other,3,55.63276625
Ewnbuplx,Tkpyuiy,4991,60,Female,3,49.99693646
Nqdkiys,Ftgrgnonw,4093,30,Male,4,52.67865742
Viswtr,Uqaculo,6175,85,Male,3,72.31476366
Nidcigtm,Zjqsaszr,1288,33,Male,1,92.12580461
Qsylnzv,Wynj,11234,62,Male,4,48.19427839
Bnpcelb,Yxsmuyjti,12894,64,Other,2,59.40505259
Lqanf,Hwfb,19432,74,,3,46.80715584
Vpkaifhd,Vmbpyuu,2449,50,Male,2,55.29532482
Uqwfxnx,Gzbmlv,16169,79,Male,4,66.31067891
Lfhjeaca,Xvjnodv,15508,94,Male,0,62.20963745
Avogocym,Eumnpiuz,10795,98,Male,3,86.26412074
Vkhbrnnrs,Bxytuyjl,14190,74,Male,3,54.74921245
Oocqanjf,Qdpcnljh,19821,28,Male,2,64.95659456
Pysnpehw,Nzudkmw,14286,23,Male,0,49.01839404
Qoni,Focymbsop,5477,57,Male,4,71.31306692
Bvlcgpezd,Ceyr,16191,52,,4,37.51958015
Nfna,Hcfkpwrbl,16815,81,Male,4,54.8345492
Eblj,Fbku,4060,50,Female,4,81.07961608
Czxay,Lfplzku,8182,68,Female,2,65.2870506
Rjde,Ibyot,12862,87,,2,48.77019946
Esde,Rtmdpdksk,8512,38,Other,1,59.87900665
Falaojj,Fpyjmm,13560,27,Male,4,47.20492627
Hgmkb,Zdhzr,10632,37,Other,1,67.36857767
Eftvzn,Wyhfmn,2535,49,Male,2,73.40715063
Gxjoujar,Vzstiibg,9220,57,Female,4,36.64398326
Pxoslbcdb,Akczxlyru,9986,24,Female,0,52.98599141
Godxbyknu,Doxt,3976,69,Male,4,60.88078483
Laby,Smgbg,12342,41,,0,67.20235611
Deuz,Xdtbtost,19884,80,Female,3,74.69501437
Nrwwofwch,Valpmeymf,18352,66,Male,3,67.71049429
Zfbl,Fitbbbi,10570,76,Female,2,61.1693154
Vsuepbyh,Rzkqcj,13745,90,Male,3,49.90867476
Vqfmxac,Rzngs,19867,34,Male,4,54.56664173
Wzocptit,Dxicubnza,18494,97,Male,3,44.8342386
Idcx,Qdcy,5251,51,Other,4,41.86839451
Ipsaqgbu,Ntonj,17825,32,Female,9,44.21681102
Wbxzumiy,Clxhj,12823,61,Female,0,80.05932221
Dtfdiapdn,Jhdmrhf,4388,50,Male,2,57.61483152
Xprtnoc,Znqheayal,3182,71,Male,1,76.48597751
Jrjuhqup,Dtqculakr,2778,58,Male,3,75.13527064
Wnxqiphjj,Faaz,12235,62,Male,4,67.91462293
Apatgykqc,Hbutfu,4986,46,Female,1,28.34538962
Pxel,Ldtm,19101,69,Other,3,51.26919033
Cidih,Ldrg,18326,63,Male,2,35.19915128
Bzafugjp,Tdgl,6074,56,Other,1,62.13007729
Gwhwontu,Cocqf,17761,64,Female,0,66.8109053
Pxfh,Jtshrwg,15609,71,Male,1,66.91022612
Dwszaa,Fagcmy,17149,72,Other,1,62.28718808
Wnqudzppd,Zbtjqq,3428,54,Male,2,75.09754536
Qutn,Llgzyhoe,9914,23,Male,4,66.12565416
Iyinxal,Qkycz,19006,60,Female,2,74.36634195
Nxeh,Yeth,5310,64,Male,6,57.59546945
Jyhkak,Bgtcu,12576,19,Male,0,64.3631738
Iqsvvpda,Kyjx,18132,61,Male,8,32.31474941
Yfuw,Umywa,13837,31,Female,4,61.83068557
Ncrgvp,Thqogou,2824,86,Female,4,56.48399677
Ekxsbiu,Wvhuuf,4291,49,Male,3,48.26652256
Twwxc,Fqiwmuy,12741,69,Male,1,73.22721288
Fiuhwcj,Uuvrxts,9275,55,Female,2,56.00367116
Oogjkrs,Qrlzhhoi,5069,35,Male,2,54.83363697
Tlixv,Fiktytb,4639,58,Female,4,71.18970269
Keaaukjvf,Iyixm,13800,23,Other,4,86.12809647
Bpkxfokey,Xldbilr,8416,68,Female,4,63.78261025
Xfdpy,Rjtwac,16888,23,Female,0,60.71627706
Nzgrlp,Rfoy,9142,86,Male,1,66.85372684
Nmkbea,Zavn,11214,79,Female,0,41.73133013
Zbrnbem,Zyauhm,9120,71,Other,0,54.90912171
Xhvdh,Mzugwpvu,2683,94,Male,0,51.0015408
Kbox,Ugxetklgl,17926,76,Female,2,49.65060731
Iticf,Azjkw,14269,98,Female,0,61.00550323
Ekupt,Dpctsuz,9922,49,Male,0,59.27551243
Yvfvcmanx,Wubu,17583,57,Female,2,44.26582628
Yvqep,Hydzhxsgq,15952,40,,2,69.49263292
Ubiyn,Mzsi,7715,63,Male,0,74.75790264
Rzpyzhpq,Cisctxmth,11564,22,Other,0,75.9842137
Jxgcugyhh,Yujggucp,10356,74,Male,2,69.49598083
Ymzkeicz,Dgwb,10987,92,Female,1,70.59099846
Ayfktiktz,Vujmblzeu,3094,28,Female,2,50.09048312
Pvsygrodq,Kvjtk,10704,53,Male,1,62.59330131
Uavh,Othjwqw,3151,31,Female,2,50.77817853
Jynfeh,Plwd,12413,53,Male,0,54.18701166
Iaxfjud,Ybohcq,14041,35,Female,3,50.04792904
Hcrrz,Lpmbny,7037,96,Male,2,58.52186494
Icaxiam,Bvpozh,18402,18,Male,3,85.99059348
Uiptraiw,Sfnx,16867,48,Female,0,50.02151367
Woginvs,Aruzif,4252,76,Female,3,43.96952074
Vhjby,Anmx,4345,94,Female,0,57.12763293
Voxn,Dsdu,6875,60,Male,0,76.63808762
Aotf,Nyrmgkwt,4708,30,Male,0,58.9748599
Iljfyxmgg,Auelgy,11125,25,Male,3,62.46802317
Okouhmg,Wuse,14898,67,Female,4,78.97317301
Koqtybcqk,Fsii,11463,53,Male,4,46.67444263
Friudnpvl,Oddjymc,1817,82,Female,1,45.01413545
Fvfcfl,Shuzb,7774,90,Female,4,69.32270912
Pulz,Lxtjzobpp,10907,58,Female,4,71.09937126
Safgfl,Gnzbog,12172,48,Male,2,52.70181547
Jaxkqxa,Fibobh,8602,72,Male,6,59.65625352
Zguokpo,Fzifmqqgd,1688,49,,2,62.51722561
Dahb,Ndsvargeh,14163,46,Male,0,66.81463537
Cwitpsfb,Qslhrx,6262,18,Male,3,44.63088569
Kwzgdil,Hcuqk,15084,76,Female,2,47.02224591
Qoncpmv,Ohirl,6165,43,Female,4,59.28880901
Wdwrsipyv,Aihy,16155,85,Female,4,55.69514509
Tsmwgy,Oectqwsp,1466,89,Male,2,65.48865556
Fxkrqcygz,Efodsc,6328,77,Female,1,76.06602817
Mhrcy,Prbz,9038,94,Male,2,61.62589278
Bigl,Khiychbo,2198,34,Female,1,48.36688072
Htzg,Fumbjynjj,10123,58,Female,4,49.49336584
Ylcd,Nbpqufiut,10994,57,Male,4,80.28999653
Mrgjt,Mmhgz,14364,89,Other,1,65.86396751
Oqdxd,Fgysaeh,14451,93,Male,4,67.95067516
Hpsnplhl,Rfpathdqh,10391,41,Male,1,65.56876561
Vvxte,Lequipy,9801,85,Female,3,59.16680775
Ipwpptz,Ehdtlpcn,15678,48,Female,0,69.57020702
Vvieda,Hiaronlsw,4690,89,,0,64.9115106
Rnytobooc,Mmewjqw,11885,24,Male,3,65.31420512
Ynawfd,Tkvn,1274,62,Female,0,60.9388712
Hvkd,Lcqnzt,8789,23,Other,2,57.97882245
Ugenunvn,Zboyu,2889,79,Female,0,61.81818003
Gamcca,Yboadyvnu,16616,60,Male,4,68.99586496
Guakubh,Vrvkkcgcc,4374,42,Male,0,61.94566294
Wpcmfbgvs,Jrljpql,19791,71,Other,3,38.20473913
Jolbav,Biyzakxrs,18176,62,Female,6,53.44103705
Xphr,Brzzmhb,10664,42,Female,4,51.16811043
Uvuhy,Bvwgbispg,5991,36,Female,1,76.53898201
Eglbmluuv,Nzdsu,5756,98,,2,64.57674333
Luzwmk,Igjyjpfkj,1117,81,Female,0,78.22281353
Ruaz,Qpeiqi,16317,67,Female,1,56.03400756
Jinzzdy,Xwebmyfg,11043,58,Female,2,64.83924908
Tovvm,Ajbyctsv,6750,72,Female,1,53.21061996
Lrirxxlwe,Wuyg,16673,64,Female,4,48.53336491
Lfccv,Nvtqewdqs,11902,25,Other,1,83.21039782
Qadadnug,Pjpzwvkbi,17109,56,Male,3,44.99717921
Oincnufr,Vyzls,1250,52,Female,3,65.76489129
Rovka,Vaigcnc,10730,78,Female,2,59.73858437
Ypoap,Drjg,12906,98,Male,2,44.54620298
Uqhnsetvb,Evxjkes,8672,28,Male,1,44.46311768
Porwpcuu,Emxklrfuf,1770,71,Female,2,54.87353832
Ugfe,Thku,12930,84,Female,2,67.75524909
Gqmngiri,Ayffs,2404,65,Female,0,57.93822979
Ysmbgnn,Jjtnk,1896,95,Male,3,70.52271722
Rvumtw,Vvoi,17534,52,Male,0,81.44640979
Rrwuw,Oltcajkri,6095,37,Female,3,45.36698521
Ixvblnyxs,Jbziktnwi,13678,86,Male,4,59.11053724
Aavyrli,Qvla,2024,26,Female,4,49.17459692
Vkalvz,Vbojph,13671,24,Female,3,48.87935028
Izbjkkv,Pcpot,4669,62,Male,0,61.62609651
Easm,Thcmjfj,10634,85,Female,0,39.66641761
Fzgr,Ktahv,15213,42,Female,4,61.35211949
Ainsmlu,Ftixundzq,1565,54,Male,3,73.45774942
Blhlxvjd,Iucgntp,15044,62,,4,52.85988513
Fntej,Adxt,6126,56,Male,2,54.39938514
Mjbixbadd,Xzbjdddh,18430,69,Male,1,69.93660644
Vuaya,Swlzgo,10902,24,Male,2,85.56054764
Tisfnv,Yzprzqxz,10967,20,Female,3,67.73214751
Mrrostk,Eglv,8593,88,Other,3,70.19212004
Uwjmy,Lbmpfcnug,1391,61,Other,3,46.08260366
Ipuxtvxyn,Jsypubczd,14292,98,Female,1,60.12386679
Cjgnz,Yxxlifq,13719,42,Male,4,60.35900223
Wxdrzycxz,Ssnnvxz,10959,67,Female,2,35.5778761
Lyuo,Ylwyawkw,8986,91,Male,4,45.08148547
Nqnzsi,Vprxxcl,18791,25,Female,3,79.1546156
Ngvz,Ehzdylgt,5747,96,Male,2,42.94710721
Igbrww,Rxdjjjdb,18679,69,Female,3,32.02350196
Adpokwj,Swxzg,1424,52,Female,1,68.30149484
Ehufyflks,Slrjnfbci,12716,83,Male,2,43.52118788
Thpi,Hxrmulis,12917,71,Female,2,49.08516608
Hotnsittv,Nnisjf,17476,49,Female,4,72.66637226
Kjeun,Ndvvfhxy,15094,38,Male,3,36.48298393
Pgbcrhmhk,Eydkpdbz,3796,96,Male,0,69.83152621
Zrtzlocr,Hrgmj,7875,85,Male,3,32.93970719
Lcjze,Amopbff,4116,25,Female,4,59.17689492
Spubcwfgb,Gbibupv,7472,48,Female,2,49.60714612
Ojqmm,Whqupkst,1863,78,Female,3,68.60030098
Elin,Jlxofp,1478,63,Male,3,63.51308598
Rirwyiprp,Uvwarvpz,13236,19,Male,3,56.85430387
Awzaxkoav,Xtjjxfk,10914,67,Female,1,65.03215198
Kgcqmx,Yyut,9911,26,Female,0,57.89618186
Kppirbjae,Aiqnnmf,4498,92,,0,44.35894383
Eaukky,Mgjwf,13519,76,Female,2,66.51376992
Vkdcni,Pftt,3485,73,Male,4,49.45881221
Xclchkoel,Pwdnaaw,15613,69,Male,2,46.71114093
Owlububmv,Zvwga,18207,67,Other,2,78.10936528
Ymsa,Wiqjyc,7585,47,Female,1,37.51340366
Vepfcx,Btlu,13897,55,Female,8,43.27067997
Amfkhb,Jiclzpf,17218,46,Male,1,55.81797042
Sutselnli,Elmk,1313,85,Male,2,55.2327413
Kgxx,Xvhvtui,1653,49,Female,2,61.99689958
Vzwxwssjx,Sbgztp,19600,34,Male,4,61.5154588
Hyrb,Egtdttk,3912,97,Male,4,67.3412191
Muvhefpi,Ezdisufn,13245,24,Female,3,63.75128508
Pjbcxsx,Klpubmn,10752,92,Male,3,65.65374735
Wwdembjt,Ozbr,3441,55,Male,4,59.86345043
Gkmijtrj,Fqxn,4672,41,Female,4,73.5177866
Zpkxaiszz,Txjdbxcj,11044,70,Male,1,64.81335646
Lqhm,Cgzxbkb,6379,26,Female,2,52.4505736
Hzupro,Kvvzw,15744,42,Male,0,41.7352201
Ottogk,Xfxh,11722,77,Male,4,36.15087769
Gvvg,Ftergvvq,7411,32,Female,0,47.3379129
Bzqbupkc,Dqlirm,9221,25,Female,2,54.24121163
Ldiy,Qopsxdbq,12572,19,Male,3,43.67394743
Ejnia,Dgco,16250,30,Male,0,42.40075921
Okqwslbk,Rhejcq,9402,57,Female,1,41.9886771
Gynx,Bivxsa,8807,50,Female,0,52.41908632
Vuxsavid,Lfhfkm,4605,40,Other,2,71.37399325
Sulfeeagt,Pjsu,14112,54,Female,1,40.62508278
Pqmtkfx,Mlyn,16504,43,Female,1,60.21272656
Slas,Ywzbxwk,1549,89,Female,0,37.49601081
Qolndgm,Cktzs,6993,29,Female,0,60.59907216
Dtzaf,Ytchfp,10445,74,,2,48.9262484
Mkwzb,Fhzxrvtu,18598,75,Male,1,51.07623977
Llhv,Iyfjafca,10262,20,Other,4,89.49755638
Bbojrtr,Lhasv,5181,97,Male,2,65.38792025
Meclbe,Vgdocofu,13430,62,Female,0,67.25130565
Fxxw,Xsyz,6030,19,Male,0,60.08764558
Mmmat,Qrjz,6444,74,Female,0,54.39812235
Yndybidq,Mntkl,13891,20,Male,0,70.44838959
Ixvrdttc,Qooordcq,5789,44,Female,2,78.54393857
Ngqwu,Wgqx,5488,53,Male,1,61.68871383
Dsaetauk,Dzvl,7190,72,Female,0,54.96097907
Mxbn,Vzlnm,8949,20,Female,0,58.57907813
Hcha,Tdyro,15376,26,Male,4,76.56181529
Lkkkss,Dzzrmw,2261,79,Other,4,75.65497992
Ulibdycw,Aiatm,7832,86,Male,4,30.13206298
Iqwozcp,Rfwdx,4229,44,Male,4,68.421136
Unvy,Wdvxm,19489,80,Male,4,69.42403852
Cftlg,Mvfmhfib,3878,35,Male,0,55.69586178
Dytbn,Fsxdmmob,12217,61,Other,2,44.49797267
Lkkey,Vbxueygt,16329,60,Female,1,68.44004596
Umzp,Pbadlw,4421,34,Female,4,67.14494628
Gewgpkdv,Ojptql,5492,82,Female,1,72.75680231
Fhwlcbzw,Lywzdfuny,17220,20,Male,1,26.8733493
Fyxgyyjdg,Chyd,11661,95,Male,1,36.91498694
Jyfkoeliv,Pflstxwt,17421,79,Female,2,68.79055308
Liyho,Jimpnxa,13984,50,Female,3,63.99671869
Iyqqlzq,Gzozdwr,17563,20,,0,55.00769545
Disvki,Rzninfpi,18391,73,Male,4,66.14209415
Vrzcmv,Aklh,11132,21,Male,1,60.355101
Gqbjgfety,Qukklkbcn,17089,19,Male,0,49.80415787
Lfsp,Vluj,4447,24,Female,1,69.9524539
Jxegnweos,Yifurw,9879,85,Female,0,34.34864599
Fmskcxv,Dayl,17000,74,Male,0,53.10403645
Lonjek,Xuvovee,6604,46,Other,9,36.56864336
Gyyf,Rrvy,2550,34,Other,3,56.93548473
Pjvq,Rdfge,4554,77,Male,3,58.9242653
Tzntunla,Qgnlm,11059,53,Female,4,55.93733631
Platrtjal,Dntebjr,15237,88,Male,2,38.31420948
Iqmdle,Bdgpnxh,6076,32,Male,0,58.74358803
Evpz,Abpiy,10628,88,,2,67.99421789
Pdbmgkky,Nyhuals,12647,64,Female,4,48.57735929
Stxsk,Bhpwml,17229,86,Other,3,59.57299042
Bkewdo,Rclobda,18333,66,Male,2,58.42623275
Ijcpz,Uqsjjoway,19701,23,Female,8,69.88529024
Yxumaonfw,Ugdgypdpk,12130,98,Female,2,65.01734416
Hokxmonbx,Bpokts,4833,91,Female,1,47.12672551
Lcaa,Okhwte,10076,86,Female,1,61.86321343
Azdnvlo,Docaesuft,7925,18,Female,1,65.91169907
Fspsakh,Ngycqurfc,11645,80,Female,2,60.90345469
Qpooc,Keqwiu,18180,28,Male,2,48.40438658
Tlbzbb,Fwsxg,9232,64,Male,4,53.68393154
Eyxseda,Ooesk,2556,36,Female,3,48.62794357
Uaya,Dmuxkvksv,2491,75,Female,2,69.75416957
Dgjgg,Lagpham,8908,88,Male,1,55.9196692
Haxygsfd,Exzmt,5842,28,Female,1,74.38531876
Bnluvrsj,Nkzkmvrn,9118,23,Male,4,65.60770485
Cponsjyxb,Znytp,8648,29,Male,3,57.48319463
Yczzqvclx,Mkflce,12750,57,Female,0,75.41021223
Yyram,Ipvvz,6071,29,Male,2,37.17244273
Mkti,Fsekwfes,9883,20,Female,2,44.73555069
Iwoncy,Hiepqenm,11741,53,Female,1,61.27549058
Pgfnun,Fqvbky,10009,47,Male,3,44.86190887
Qzvanpv,Twyjm,8751,34,Male,4,55.83904973
Dvyvxhnjs,Igdhkbbz,7078,70,Female,3,76.89748081
Ehoxlunvc,Ziebarx,17816,64,Male,3,70.09260688
Lrlwkb,Jzriiym,18553,75,Male,1,75.17333614
Rpuejdm,Hyeadndnh,3084,62,Female,1,59.81717637
Azebbl,Nbefbnycz,11888,82,Female,2,64.55073198
Lmdrzxs,Bymgx,9841,24,Female,3,61.41751112
Wlch,Gucdvdeau,4711,74,,2,63.35556729
Xhkfvyzjz,Ugfcfnksr,11419,71,Male,6,53.63685055
Wglvjau,Rdgxwyqi,17807,96,Male,4,57.32983903
Fpdbaizq,Bhejbyvle,8364,54,Female,3,66.0358282
Ssdf,Hdxqtm,13835,79,Male,1,32.69213234
Qeygovb,Xmneo,13122,71,Male,2,38.79530701
Eecutxox,Urlpgnor,19492,47,Other,0,66.98141395
Gmtr,Qwvteqf,19501,55,Female,3,46.61079299
Pinweu,Bvseqmu,15965,43,Female,1,56.0727863
Ubmrvs,Dwlajenr,12108,78,Female,3,88.14413279
Vagb,Ednjqy,1567,40,Female,0,63.96535461
Vvwzfd,Yeywzep,14436,65,Female,0,70.3763917
Reuwyaut,Spnx,15983,80,Male,0,57.91559473
Cjtvmq,Jhdbpt,7325,33,Male,0,63.35779372
Lttoy,Yngclgznw,6519,33,Male,2,65.27789574
Eaaqq,Zbyqmh,7820,53,Male,3,68.63626525
Gjrkkzzjf,Zfqq,6661,20,Male,1,61.75488845
Bnilk,Rfdhfrrms,3335,62,Female,1,58.12841719
Zysjhsdto,Qtkf,10691,18,Other,1,67.55203739
Lpfe,Qfxbeyq,7287,93,,4,88.07497176
Ccnujawl,Izdsazx,8486,55,,3,43.27684688
Ulpctmdje,Hbqyolh,3111,78,Female,0,48.22753872
Kpfscbwgt,Fdpw,7795,44,Female,2,35.05395224
Sxrgrlc,Brbecpwlh,3590,85,Male,1,57.60214202
Gyfvlo,Vjlnxwod,16780,73,Female,3,67.56425985
Ncdnli,Lcqt,12844,72,Other,0,57.45755371
Bdiujav,Jkkvbhe,7122,81,Male,3,66.55530568
Fdjv,Tbdmxnf,8557,55,,1,64.45527443
Wghuqp,Elqqq,11776,91,,0,47.07155043
Rrdpvcwm,Pizf,8437,38,Male,4,70.16502225
Rjrbkfxk,Aofic,13883,96,Male,0,57.06268805
Otow,Rznzbdde,12205,95,Male,1,46.66277373
Fmyp,Nkklfm,15327,90,Female,4,37.71040783
Yaalj,Rikadsb,5252,33,Other,2,70.4511544
Ibqzaark,Ckeyzupf,10789,28,,2,54.12815957
Gwkae,Bqrbqlh,18943,95,Female,1,71.3450003
Rforgm,Mhgcqs,5872,85,Female,4,69.89373051
Btmalhdj,Wcfxq,1592,88,Male,0,69.70980939
Ztwogyusp,Nxvpzrmov,18460,36,Male,6,57.66784625
Rwhp,Ghrfmt,16322,83,Other,2,61.8042281
Ajosuhutf,Qkpwmmm,5790,65,Female,4,58.54629681
Qsbvboyyr,Bqhtrlt,5282,64,Female,1,49.66710443
Nprvrag,Cqghxmts,19734,56,Female,1,65.82213247
Mqjdo,Jjseyuib,19928,78,Female,4,59.80347352
Wldwdo,Gxrwcenjk,8516,81,Male,0,72.04090785
Kxwgwklij,Whhwcy,2856,47,Male,0,70.90958796
Zzuqfasnb,Ilpyij,9710,75,Male,3,42.969227
Opqhgo,Qlyj,8979,37,Male,3,41.5749437
Avqnnxa,Dnnjnqvd,6258,44,Female,4,74.55536941
Punhoamhb,Ucsky,15994,63,Male,4,72.67693272
Bmmoqb,Tgftagejs,6010,70,Male,4,77.4059682
Xtql,Vsvvkb,9246,77,Female,1,45.21175307
Jnhogfx,Nzmn,2706,86,Other,1,48.4008446
Yftxdzp,Lgkjjopr,1055,45,Female,2,52.99038793
Sizzo,Zdqtwcz,13153,96,Male,4,64.50354841
Aqxwkbe,Yeira,4618,84,Male,2,69.65375522
Nzoyhcddi,Dxlcaq,6947,84,Male,1,61.50362274
Vqbtwo,Kghdohodd,18509,78,Other,3,49.8919938
Jbsmesdny,Grtvlgm,3934,26,Male,3,55.59550247
Siqucsk,Vxoylwxmk,7111,75,Female,4,46.30475721
Dckwcefhu,Zuehlxjry,6450,18,Female,7,76.13970005
Slwiw,Pwychb,4788,68,Female,0,46.89969897
Qzadkytbg,Dspzzm,15002,69,Female,2,55.2755367
Vatdxmd,Ksxg,4178,77,Female,4,57.00953408
Dkvlwaagm,Glcnoj,11492,47,Male,0,60.38137931
Pmmj,Rgxme,17833,19,,4,64.63267365
Nypgcicex,Hdwg,17113,38,Other,0,71.46457148
Fdvcvjgfj,Epduzd,12997,83,Female,3,55.30115325
Repcf,Mjva,16985,43,Male,0,60.56023385
Xkkp,Hbfpuskv,16376,59,Female,0,54.26458652
Wsqdpe,Mukdmeo,19787,69,Male,4,52.17700409
Durw,Wyep,7346,26,Male,6,70.11132084
Jbuc,Tcte,14002,23,Other,3,65.2620958
Jsxqdcai,Kpvbn,2380,18,Male,0,55.14787425
Jscfpzpss,Ogkqqr,11262,25,Male,1,39.63843993
Bmiydlqxo,Yskhn,17101,59,Female,3,67.84710581
Hulu,Nccs,1006,33,Female,2,39.96969379
Eqbp,Shaautzbl,10595,59,Male,0,65.46998239
Qzkpm,Udiwx,3170,46,Other,3,46.92807859
Khdqsaz,Yuwe,4731,98,Male,4,51.79648977
Lflrxxk,Wnancthu,10181,83,Female,0,81.46341257
Gpwpgn,Dklwpglp,15908,97,,7,66.28102093
Xzgpf,Zbqx,9836,22,Male,0,58.22736506
Vgynnen,Hsqy,16173,48,Male,4,66.74669125
Psoohp,Kwplv,10635,98,Male,2,59.72758936
Qcgezil,Agxgkih,13797,53,Male,0,52.49216827
Zdmk,Lynignbv,5720,30,Male,3,47.50035935
Jstio,Kktv,11847,71,Female,2,74.97755216
Rtpepcokl,Jkke,3824,42,Male,4,56.56282144
Yahyvmv,Bybz,19912,31,Other,0,54.93524511
Ptfgjqp,Shgrht,17087,72,Male,1,55.21016378
Wneismyyb,Cpzdehhh,8968,20,Female,0,72.96039236
Fayvqxf,Nvuionqxl,1614,86,Female,0,72.56038623
Avxblhue,Coqzbi,16028,48,Female,4,64.19685232
Hkfraf,Dewjogih,9140,42,Male,0,72.42477386
Wpah,Kkhkiui,10760,39,Male,4,49.81119797
Taaplhlo,Bpntmpn,6099,36,Female,3,65.44235118
Jrluz,Ljle,14151,54,Female,1,68.76610826
Qtcyodtm,Uvqtj,12487,32,Female,0,90.85894085
Dzbcdueh,Mbyykydcr,12118,36,Male,4,45.77095843
Layhpuu,Ziatgvos,13462,21,Male,0,74.61777933
Mufvtfosl,Lifn,16055,92,Male,4,60.35786453
Pnbxzxf,Byznlhkyu,2963,23,Female,3,69.47385328
Dbvebl,Uxccc,4442,85,Male,3,63.1687923
Zwhzrl,Vneofwdkj,18503,45,Male,2,64.92229164
Lpsbdtpn,Yfnnhqwht,15903,86,Other,1,62.01408556
Yibo,Ftptjeb,14792,97,Female,2,50.16646682
Vromj,Zsqfff,5582,83,Male,1,91.89710537
Cytrs,Cuvvkq,15822,42,Other,3,63.43691073
Kpvwiuk,Vtffprcoe,8815,77,Female,2,56.74793533
Fhjejzj,Qdpgxtv,6014,33,Male,0,69.68239749
Ehtrsy,Jfgi,14886,65,Male,4,58.18712715
Nlthgg,Kkiclexq,19223,89,Female,3,42.25931272
Esdnfe,Rpmzohopy,4156,38,Male,0,59.86424255
Hydh,Mgmetqt,6622,57,Male,0,61.76555672
Wfloxuoyv,Sdwcrd,4380,93,Female,4,71.20152354
Fdisx,Atmbuotj,14494,34,Male,2,66.00157598
Ocyr,Zwlvlstrq,8566,77,,1,65.30516596
Jmismgws,Xhhbyco,18100,20,Male,4,72.77084498
Skvxz,Eaklkuix,3676,75,Male,2,59.27405544
Foiakys,Tjblyoevj,9389,58,Male,3,47.96040102
Olwbwvh,Jbwacye,4646,45,Female,4,50.70865508
Fohg,Bykgxyk,16304,57,Male,1,71.7893203
Rqouk,Hlvosqz,19865,54,Male,0,46.04521799
Zlmfi,Wyyttzg,5540,33,Male,3,67.71790249
Pveqsoy,Xrcewl,4570,78,Female,3,57.3179034
Kbbha,Oaci,6705,31,,2,80.7367525
Yqbpmhv,Culgaqgk,11628,36,Male,0,62.77343082
Llujrmreb,Fdkoe,6029,58,Female,1,58.59578614
Rliwyo,Rsrsvb,8575,84,Male,8,60.50320449
Vtyneokka,Djuiwwta,15921,55,Female,2,69.96764727
Nbigqhf,Zfiagipaa,3169,72,Male,1,64.96704216
Ysfrrzs,Ouyotc,8085,59,Male,0,39.8146832
Gyulyhgn,Gwkuxdhl,16198,85,Male,5,61.69393082
Skqyw,Pdtolw,8355,96,Female,0,61.76521902
Dxuaespiv,Pcpqujh,7699,83,Female,3,75.42317684
Lkujlaaxs,Sqixftz,4456,55,Male,0,53.61447853
Bpbpswhhw,Hqofalbjv,13232,54,Female,1,56.56905196
Yvrr,Gislplh,1834,68,Male,7,70.64472738
Pxoh,Tdxspd,5186,48,Male,3,65.4478681
Awrjlbu,Bcsvx,19080,80,Male,3,76.73508602
Viyu,Sfgwtrk,14142,72,Male,3,58.75050932
Adgxmb,Cqif,1822,42,Female,4,54.47641126
Ylazez,Lzuihxqg,17401,76,Other,2,57.64891872
Tqnvmqw,Mumdznefz,14757,57,Male,4,49.31104504
Dkjrdkz,Snmnsm,10446,43,,0,61.36790592
Lthotxh,Eoxsatuzv,12515,42,Male,4,78.31239613
Htgbm,Sczytmvfv,16838,85,Female,7,60.96065346
Psub,Gqezb,16923,74,Male,6,69.41218247
Hgqkp,Xyay,13941,94,Male,2,53.6635186
Fquwpaltb,Bjgfpqcq,16159,55,,0,59.13523418
Rbyfi,Uqbftrsud,1455,39,Female,0,42.32082024
Xsvrqfkl,Fsfqunvo,12519,97,,2,68.33100606
Ojpo,Weup,18313,62,Other,2,61.52296963
Vrdv,Qlfroj,5129,40,Other,4,66.89095271
Ylglhk,Vuvk,3882,72,Female,0,43.20163338
Camttofg,Aliwaxlgr,17669,94,Female,3,45.8668288
Ihqnwqvg,Nxhrnw,1521,89,Female,3,59.96438528
Uciowzei,Oeheizcvt,18114,56,Female,9,58.87221801
Ipmamfjf,Ubxcofsrc,6445,67,Female,1,49.02306302
Urur,Pdyms,1366,86,Female,0,54.43247859
Qdal,Zwqzpt,5902,46,,0,69.26713759
Uhlq,Pdnledspj,7416,53,Female,3,71.79408752
Xelfoatug,Prchymlx,2681,39,Female,3,54.40219313
Drpea,Okuw,12711,66,Male,3,78.32736637
Vpso,Vpyzoip,17448,31,Other,2,52.25908505
Vwailslnf,Olmauch,6418,91,Male,0,47.06458596
Ykieol,Marglmv,4368,90,Other,8,65.95419285
Zosid,Ncjbfom,5075,43,Male,3,59.25641701
Kbpdla,Hwzqevcq,14014,79,Other,0,57.16999724
Lywxfnqgn,Zsudpyjmc,19142,44,Female,0,65.65463487
Xvcxxf,Ppkpssto,19951,43,Female,0,68.40247998
Itip,Bvkdfgq,7303,24,Female,2,56.34822786
Hdonsnh,Idxgzna,6145,74,Other,2,50.46248761
Onqzd,Sqngr,8403,32,Male,5,56.99177978
Zkbusyj,Flda,9763,45,,2,51.94156233
Fxwaasa,Yzvelfurm,19877,70,Female,0,68.94154381
Oenty,Cmuum,17706,24,Female,0,51.63042436
Bcum,Etihroe,2597,29,Male,4,59.42970636
Ydku,Ivewm,5627,60,Female,4,68.6092926
Owqgtmzit,Cevyqtgq,17485,97,Male,0,68.40843469
Xiwvlpb,Aygutouqo,11157,87,Male,4,53.92157832
Tjgnry,Ipiuc,2899,38,Female,4,66.76132332
Julbc,Iiltnwjt,3237,76,Female,1,46.61840862
Ndktz,Jvfhin,18392,94,Female,2,71.75919764
Oepogcr,Uclqnlpq,18499,51,Other,0,58.62161025
Anymppkmm,Tetbyidur,14110,56,Male,4,71.9241521
Damg,Owvcje,11699,75,Male,4,70.67668812
Lndxttc,Ficv,9196,84,Female,4,63.39615554
Yyfuap,Tcjhnriuu,19887,61,Female,3,51.54158823
Wkjfshtjw,Stqywg,12129,79,Female,4,51.92366614
Uyhjzjfbh,Gtnfwvl,17110,41,Female,4,70.06807815
Unxvsif,Rjsi,17344,96,Male,3,60.29189489
Xwmlelfxu,Oyqsbejah,18214,21,Female,3,69.74563625
Ksny,Mqytgfcj,15713,44,Male,2,60.93838737
Tfbo,Vshvkuee,6951,75,Female,0,50.07659167
Jzyhfm,Vruvac,9073,70,Other,3,71.16641047
Wdxrrrk,Zynmynves,1238,85,Female,4,71.65436507
Wtlqmya,Jkagjv,2832,66,Female,0,44.09690065
Kimbhodjo,Ecai,3412,53,Female,3,39.58005942
Qrznkcqgw,Yfuy,3234,37,Male,0,57.23024347
Tyhmftvo,Sxwjd,15309,40,Male,3,66.27773403
Trgpthqm,Muyfwvti,5193,30,Female,2,63.29285555
Oaleyo,Raecyp,14225,83,Male,4,58.20964814
Nylygdxci,Nmlumlurr,3082,69,Female,3,64.54928854
Dppttipe,Gyia,4921,26,Male,2,74.19752459
Eyvkqsqe,Gpmiijqxl,17567,80,Male,4,60.90379902
Mlpdwam,Ijqmrvf,19521,50,Female,0,60.51504251
Grzcbppf,Juictyak,14029,78,Male,3,61.45614198
Hjhyxgbu,Vrhjb,9213,76,Female,0,62.70373093
Zcakdjknf,Wofspyvhn,4632,22,Male,0,75.21530471
Ovjfj,Btubvonq,4847,77,Female,3,46.5218182
Wutbp,Ymjsg,14986,46,Male,3,55.19693365
Aofyhbmeu,Rohgzdp,18692,27,Male,3,44.05053462
Vaynltji,Acpt,9429,21,Female,8,51.63988501
Psqa,Mflrsfs,11943,96,Female,3,66.62425924
Htxs,Ctizusojz,4193,48,Female,0,69.91182864
Getzu,Kfphe,17483,90,Female,4,66.16296199
Ceekry,Ngoaihqx,9006,91,Female,3,67.49135385
Upyvx,Wmeu,7109,76,Female,0,53.09235375
Xckkwuhur,Ndvk,3852,19,Female,4,50.53263568
Ftlkkqr,Hhcl,7466,87,Male,1,75.4202916
Kgpveh,Ajpdckmjg,8680,50,Male,3,46.47454612
Gqpqug,Ahqwb,9119,38,Female,0,52.17760199
Qpsnlepo,Kwceblhut,4329,40,Female,0,61.98300369
Jcsiqwxai,Cilrrbnn,8330,51,Male,2,54.18183368
Qfbkakpir,Expi,9950,66,Female,4,61.36486451
Jumdno,Scvxoc,18141,82,Female,0,67.710203
Yecb,Eicsznsm,5949,74,Female,2,43.58733708
Reti,Hytiigy,4720,75,Female,1,57.56748838
Ldwdbkzq,Bhxpqnw,2981,89,Female,0,66.89965451
Ixxw,Ftivojpjy,9454,58,Male,4,71.25289147
Aexfxtv,Fexidhww,8580,84,Female,0,52.28094797
Izvczilt,Tapcr,7794,79,Male,4,74.16561549
Hcmau,Odgdsprua,11176,51,Female,2,57.25370522
Kdyo,Slxb,13000,30,Female,1,64.40897158
Akesfcsxb,Ceccytwf,6178,77,Female,3,65.98914121
Sifpa,Sfkjpta,2408,85,Female,2,49.34055551
Hiocuw,Ifxar,2598,48,Male,4,52.06051972
Mlkp,Cgpokbd,3466,58,Female,4,46.94956399
Prmoxwq,Vdrle,19595,42,,3,63.02322473
Ioxtg,Exefovr,12374,34,Female,4,55.77521984
Hdzfofqka,Ztkufyg,16556,56,Female,4,49.69764282
Cphoxfulv,Sjxa,19982,95,Male,2,67.4588989
Firuk,Jdmq,3947,80,Male,4,54.78548788
Yrbkakhvt,Fjtctjstl,19448,30,Female,1,55.24053097
Case,Vwmhjy,8531,34,Female,6,58.40912049
Ewmw,Fmga,4040,62,Male,0,71.86623981
Kxas,Oaeoygi,9622,57,Female,2,71.24213992
Shezt,Wuskwvzea,8876,38,Female,2,79.32436869
Oqyx,Tvdxb,3121,69,Female,3,67.16027572
Cljrylu,Ejwj,1425,92,Other,0,63.54986165
Dydxhbe,Rlpou,14280,62,Male,4,56.49834201
Kwudcn,Kizflfh,4059,73,Male,0,61.02869947
Eekl,Yhokpiwdf,15059,32,Female,2,60.1636664
Baydkxtlb,Ifiwdz,14646,30,Female,0,67.75081794
Gzgm,Fxdlrf,19869,27,Female,0,69.04646869
Ckbbztc,Qtqbxcfci,12870,21,Female,1,44.03846244
Cwnomt,Dbrxgul,6726,19,Male,3,48.80252377
Lvgtjuz,Mwqxbc,8882,71,Male,1,43.75514858
Yshhhh,Vdofjxj,14486,63,,1,69.85606248
Qfplzimba,Ppnf,6393,64,Male,4,50.54469975
Vllrccpvu,Rujda,10256,26,Female,1,49.87082314
Xxfj,Skbggm,6503,82,Male,3,67.84428285
Akxi,Lqee,6292,40,Female,3,61.43339682
Ljbqyte,Uogl,2399,23,Male,4,60.60274783
Kkvdpidx,Mmioylvpm,5956,48,Female,1,46.65654561
Zzvzrr,Uarpxvfvq,11411,24,Female,1,70.91232281
Vaks,Gfgsqym,7635,93,Female,2,49.38384252
Vjhlhwya,Ycalqvy,2210,71,Other,2,55.98601351
Ybtyie,Ipnha,9028,37,Male,2,66.16412927
Izfvmuh,Xfovyj,12563,55,Female,4,51.38096163
Rlwz,Hfvda,11484,57,Female,0,71.43320386
Geoeuowmi,Nkwh,6212,82,Male,4,59.2802652
Lameid,Sshnbod,16958,87,Male,1,53.6095923
Xahqeydj,Otyfibuku,6743,26,Female,4,59.30537514
Psrn,Qpbddhk,8065,92,Male,2,50.6253658
Ustaagzn,Nmsitmt,2542,25,,2,64.41145434
Ohndesbg,Fmbqirtyk,19505,87,Male,4,44.50229454
Glxhxlb,Jfyjwmj,1260,31,Female,2,60.38077899
Tukzj,Gqtz,15413,95,Male,1,38.53999014
Opphfnsr,Gkmhy,9728,70,Male,0,83.67749607
Uwlry,Etld,13324,94,Female,4,62.16717332
Fgtg,Pufptmr,7011,46,,3,58.70406101
Bfzcqrsw,Inuxgjxs,4965,93,Female,2,85.42481995
Ttjnjsvm,Wkgyfa,17749,58,Female,1,59.83800709
Orgupxaz,Rglk,2296,92,Other,1,66.66168304
Qpzztg,Isjjcxcs,19774,97,Male,0,63.30148574
Lyvgdgay,Yptamr,2690,87,,3,36.64146778
Jjthfpqm,Ldomnvski,16137,60,Male,0,39.34333807
Txxd,Ebbgpcgil,6033,71,Female,0,65.12380139
Rzvgdtr,Tqsnu,17619,81,Female,2,71.26499504
Hgntcj,Jngfupasg,13801,50,Female,3,71.22919437
Ldzrvwezq,Mjlmdl,5767,56,Male,4,56.35734023
Zrgmy,Ffmtwpxxj,6275,50,Male,1,46.94460204
Loicwv,Eoemeors,16866,22,Female,0,45.55892512
Jojcbl,Hoeh,13296,39,Female,4,51.41820355
Wisbrpg,Ttjac,4862,84,Other,1,65.71923387
Laqeowgfc,Yltmxsrz,5475,51,Other,0,39.77365183
Duzvnm,Olqgqocnm,6409,95,Male,2,43.55963064
Qubwvv,Jwmyuc,7778,51,Other,0,54.15183421
Vvorkggsm,Kegbei,6349,36,Female,2,54.21477127
Qpywuj,Kkbldc,15220,90,Male,0,68.89367547
Nprygie,Dynje,2347,83,Female,2,62.00168229
Xjkiii,Cney,19771,44,,4,55.54562939
Mfjwddh,Fyxzsm,1640,50,Male,1,39.17306882
Kfjgwqjsw,Mzvwqgg,6131,73,Female,4,61.86338493
Qqtyxfq,Blgjrga,10334,37,Female,4,56.22417651
Gfhuhy,Fdhey,3204,45,Male,2,62.60408935
Lvrzqbnco,Pbhoz,1859,48,Other,3,52.19994328
Xnuqlf,Ohiaehk,5951,78,Female,2,61.19351318
Gkzuby,Ossphrpf,10686,30,Male,4,91.00836724
Kldbyilk,Zkais,14773,91,Male,0,55.57752308
Qnwgpkg,Vsldad,17060,63,Female,1,85.60334633
Rbgiek,Thusc,15051,25,Other,1,62.09497946
Qlhiaxrvp,Igyad,11731,84,Female,4,68.63269054
Cqxcm,Cuivrpq,9453,56,Female,2,70.49844882
Qscek,Lzmbottkm,14077,79,Female,0,71.20773379
Yggf,Aljjg,16086,78,Male,4,60.30927447
Fclnlm,Pcupepz,4518,65,Female,1,52.64618045
Rawxxnsxp,Eymzupuez,13795,28,Male,3,54.87488823
Kfxxs,Ajnwmvuj,17407,97,Male,0,66.23449102
Mviljo,Nfjgbwd,14633,52,Female,6,69.43455223
Xgkvl,Yvneurouz,8334,30,Male,4,57.82353806
Ybkiqcdpp,Bqlml,7176,84,Female,3,69.01945241
Icck,Cukc,17348,40,Female,0,48.07273938
Llpinbldv,Dznot,2323,18,Male,9,67.0674454
Psdpzsh,Vpemltylp,5325,77,Male,2,81.05061718
Zsolxod,Jwoui,7152,64,Male,4,84.48758104
Vgqzmg,Avdbuon,6372,64,Male,0,49.50135204
Yzvrlcyn,Ctelpwjw,6394,49,,0,51.8681988
Vavbt,Fdvlcbgq,5801,26,Male,4,60.80183765
Sohct,Mzez,11421,64,Female,1,51.86833116
Sywmicgmn,Uulywjduk,8117,84,Female,3,59.74822839
Kfqkq,Pcodkmtni,13890,30,Male,4,59.93897505
Rlvhtkbqv,Dgcnduz,11608,90,Female,0,66.49862334
Olqotrdu,Daiga,4192,67,Female,0,45.22598981
Lvhwtm,Ckfaxh,11307,67,Other,1,61.2582415
Fkduunj,Lvpb,16650,51,Male,3,67.44314822
Qbywlm,Wnlitsty,11598,77,,0,74.0662358
Hrhglzln,Jefzmfp,7941,51,Female,1,52.44327285
Ohbosm,Jemubdw,18936,24,Female,4,36.8069467
Ohxofjqye,Jugkevft,6156,39,Female,3,28.47131969
Mdmbxxahc,Kvcs,2203,44,Male,1,70.26828984
Uwyeb,Mwlopo,3161,85,Female,1,53.72945029
Ycgtnnvt,Ntfxf,12313,62,Male,4,65.58338902
Fikumg,Kedzcqci,9664,32,Female,4,54.30902162
Pxuuwq,Xexdztuxh,15374,78,Male,4,73.21694453
Omcb,Eqcugndu,8920,24,Female,1,68.24738769
Edcna,Uggdzfh,12510,62,Female,0,62.24805389
Oqbro,Aiptt,10584,45,Female,2,45.04078559
Qbrabutg,Cqocjwtn,1758,68,Male,3,54.72763927
Yuylhic,Qflkj,8294,43,Female,2,61.53181656
Onskoijsz,Oamjb,8229,90,Male,1,48.07918148
Wbsmimws,Bmtghhy,19699,69,Female,3,68.43521808
Fsqxcf,Amnu,14001,37,Female,1,90.53991185
Kkijrv,Frribapkl,19156,68,Female,1,59.47845975
Spke,Owxn,12912,90,Other,3,48.65986974
Edpae,Pmhhi,7355,69,Female,0,56.01233034
Aglgkk,Gorqt,16062,26,Female,1,48.64135875
Undl,Qlrzgj,10982,62,Male,4,83.60125703
Emlev,Ecno,10950,97,Female,2,75.41762126
Kcirheifo,Nzzkyigj,4895,67,Female,2,65.87584871
Ofpxa,Qpeacree,18315,34,Male,1,79.13141583
Ibtven,Giik,12373,56,Female,4,56.09073747
Mmug,Ckzruq,7826,94,Female,1,40.66012694
Kecrm,Nbva,14272,84,Male,4,58.64161824
Kmmv,Oxinujf,6360,44,Male,0,64.66238227
Oumsx,Qfgln,10118,41,Male,2,32.28280414
Jmsaid,Klqdvpng,4679,25,Male,4,41.68051905
Vwqa,Umvddce,1721,63,Female,3,58.20837378
Xusujdrkw,Nsrf,16594,19,Male,4,76.70171635
Gztndv,Nyvfya,15039,69,Female,2,56.99924287
Ucvn,Qgkef,11027,46,Male,1,45.01103062
Dgnjnwryu,Tvbevnnem,14888,50,Other,3,54.60440494
Ucskeaj,Ztmfioqog,3367,96,Male,0,58.06472817
Ktuo,Lkvs,16302,74,Male,0,72.54631001
Rvltosth,Sdatoelw,4761,97,Female,3,69.45008496
Ngqscaknm,Jchyskoyc,11515,76,Female,0,61.25662051
Dtqkxfrvv,Pvkiku,11154,94,Female,4,73.95862946
Nhjqbatze,Byejubuvd,18490,52,Female,4,57.7049539
Ypox,Kixmv,13831,79,,3,70.07981895
Zukj,Dkxnv,9240,73,Female,3,67.04474485
Mcjnab,Bhskoogyc,3868,52,Male,1,45.90805745
Fgwb,Mqhl,3391,22,Female,1,59.60408774
Puvurs,Wfzxoo,11923,64,Male,4,41.21830759
Isctkf,Ajzu,18596,25,Female,4,62.26957542
Xoadbqhjj,Mswmwu,4954,20,Female,2,44.81388126
Txvwhc,Qnongq,18541,37,Female,0,57.72435218
Zreubn,Ulglrj,16724,72,Male,3,53.56502506
Ejptznsn,Veoii,1066,48,Female,1,43.26060809
Wvyva,Xryti,4905,87,Female,3,55.36682914
Titby,Pxso,18008,37,Female,3,74.35696668
Xdsbispqi,Mevuslams,2887,60,Other,3,47.56060281
Mcrjbqedq,Pcryses,18064,46,Male,7,74.29054759
Kuft,Vugayfo,11634,40,Male,1,61.01367458
Eofut,Fbqiusjnz,15128,65,Other,4,70.56989383
Wjkox,Tsubji,12777,70,Other,3,72.15584407
Eully,Hpqnkufo,5058,49,Female,4,37.69783845
Vtmwj,Nswk,17649,61,Male,2,64.19887044
Wrgw,Qrouu,19362,94,Male,6,66.16544099
Khfsicdew,Xjmnqg,6508,44,Male,1,69.32824445
Raimkbths,Kmtwujnd,7667,82,Male,4,72.71906077
Zylo,Jxxw,18084,35,Male,9,48.80885453
Evgihg,Xoxznqi,13818,87,Male,3,42.96172724
Dmdcrukp,Nqblsdmf,2343,43,Male,4,52.32244904
Sqlekkp,Lakcbgorj,12943,58,Male,2,49.7092258
Wslurcm,Vmezl,15315,77,Female,3,64.5555847
Oddsyvjzb,Vdgu,2443,30,Female,4,53.35563611
Qbebr,Incedqg,18853,75,Male,4,84.723742
Xslzu,Svhut,11549,79,Male,0,59.00447828
Didctldh,Picw,17194,25,Other,1,59.4651118
Pcnfixob,Kxmuggn,3008,69,Female,0,42.29829505
Ujzj,Ldmk,9369,71,Female,1,65.40952913
Ydtegt,Vyflevzjo,6339,46,Female,3,70.85205312
Ypygzyw,Qyfi,1853,55,Other,4,29.85431388
Xkbcb,Tplmc,14763,66,Female,3,66.55604769
Vedxnl,Opsymay,18777,74,Male,2,41.28077458
Zcuyiwhfp,Kznyg,5817,87,Male,4,66.27845188
Tnflxh,Frpiwcjz,12442,31,Other,6,34.9025084
Cifik,Wguitw,1591,71,,0,80.56819313
Kpjswugr,Gryrmln,16132,85,Female,0,52.91523999
Xaefbv,Dteyvwbj,2763,29,Female,0,58.9311072
Rqodksj,Zimbs,13390,48,Male,3,62.48490611
Myhob,Qwzgfmki,6778,95,Male,4,48.92334878
Iavdsasc,Woiopddlz,13802,87,Female,3,65.27041004
Jkdvniuqr,Dbpqzv,3811,41,Male,3,53.01017614
Amiglavk,Jxdyjy,14469,67,Female,0,69.21490924
Rhfjje,Gntjctf,11758,95,Female,0,49.97030472
Mcrwdcryi,Xbelxpozt,7979,20,Other,0,82.72062639
Zydzy,Gkqzp,16551,26,Male,4,55.75684585
Pjzfrkq,Azhahg,11655,93,Other,0,66.52866734
Lhaoxwy,Lvrv,17631,90,Male,0,75.65212046
Uhmikkghw,Ahdmsonh,12925,96,Female,1,61.8322987
Ilhowxcf,Bayugipdn,18990,37,,0,66.80835752
Jyiybh,Htnf,15423,24,Female,1,63.88438551
Srxmjn,Piqeh,16129,26,Female,2,66.78165753
Xcfdwvzg,Fbjtximjq,17882,78,Female,3,80.27581555
Imefsd,Aykt,12529,65,Female,2,32.34856903
Hqvzn,Sjagopuqe,9458,82,Female,0,85.1106965
Ggrubk,Qquert,8434,29,Female,1,67.80408877
Shflcay,Ihye,12020,96,Male,4,64.07675553
Nhcuqb,Cgnqc,16280,42,Female,2,54.99318941
Mmdqfpvxu,Vgnpkbk,3921,75,Female,2,56.41960601
Bzoid,Xriooqaxl,1000,75,Female,0,59.65702612
Sakbjz,Yedxvfcfc,2536,30,Male,1,49.96440591
Khwatspe,Pcgc,14499,55,Male,6,73.19513763
Zptt,Xwnyivza,8879,44,Male,0,50.4137837
Rpxsfctdv,Tpike,3518,69,Female,0,41.54898937
Rfephc,Hiby,19765,39,Other,2,62.48776788
Rqclgznf,Tknjvahqf,6378,48,Male,0,69.41656006
Zmfwqc,Oknrmi,10350,34,Male,4,59.46905716
Vtzgp,Riaidgzs,12236,73,Female,2,56.94133462
Yijptl,Bpcz,12015,82,Other,0,72.73383404
Xyzt,Sjotm,14831,25,Male,1,53.23674127
Gsglwzpq,Ioityod,13529,93,Male,1,71.74140814
Jbmjbmh,Fbhim,12612,60,Female,4,47.7386419
Doawtlbft,Nmdetb,3104,49,Female,2,62.74409267
Mwrodlc,Pyejmjj,5257,46,Female,1,98.13811487
Vjuqp,Xzclys,6426,53,Male,3,47.2895547
Rcsn,Mypaxq,14032,78,Male,1,72.06064013
Yypft,Xicuyklrp,2943,89,Male,3,64.75060818
Lkbl,Uzen,7429,77,Male,4,57.37004318
Ljdhj,Kdtuidv,13950,70,Other,4,83.05327419
Capalelhv,Srtfa,5666,97,Male,0,59.0886349
Czlyg,Smybsr,14117,42,Male,0,81.53246466
Emtklsc,Zlvsm,5908,62,Male,4,53.97157424
Abvyg,Qutgrtec,7808,40,Male,3,60.26434493
Htqeffzo,Topq,10962,84,Female,2,33.85562396
Cmtl,Nxexlzk,6202,65,Female,4,66.10543987
Glrohqqy,Bzsyn,9106,36,Male,1,39.38734936
Aqskiq,Rpklt,6031,20,Female,3,66.6790571
Lcjietwc,Vmavv,1882,95,Male,1,39.66375708
Dzqlfl,Rgvskqu,1280,69,Female,0,63.60128986
Zkahx,Utkk,18294,93,Male,3,51.15969864
Ipbvvmeu,Clhpgvfl,19632,19,Male,2,49.64677538
Yhurny,Sukdmuajr,13331,54,Female,0,38.33720769
Uvdrljx,Slvx,17696,43,Male,4,75.78053051
Xxlbgdboy,Byuh,1533,82,Male,2,44.58001324
Zaikhcsq,Znuysh,12271,94,Male,2,53.12366656
Fklglwpim,Dkokfzjh,14290,83,,1,61.68595475
Tppznum,Qvgvx,4719,25,Female,2,44.5028142
Khsu,Aiwpuvxoa,2960,82,Male,4,54.31117689
Vlra,Vybhtim,17278,26,Male,2,62.35160411
Zjksbwqcr,Bksmrnbs,9501,72,Male,0,77.99865524
Vuen,Bnrrv,4656,52,Female,4,53.82557082
Mjvfptzlh,Bjvt,4122,30,Male,0,55.83095263
Hdprrbtdc,Tcnnmcf,9261,44,Female,2,78.57634008
Gzwzxl,Ftiogdpi,15189,97,Female,4,60.53142269
Ygqxcdo,Gqkppkz,8097,75,Female,7,57.5705259
Hvpn,Vbws,19100,85,Female,0,70.56529905
Rsauzgamf,Hihdjrc,12245,43,Male,0,64.96826232
Ktgelji,Pjhqmvzfb,17589,95,Male,3,30.72587008
Drlznifr,Oacpbyfu,11150,83,Male,3,74.31312815
Cuyoefwuq,Odobez,10378,24,Female,2,52.24694127
Ooqfja,Tfhgwl,7855,74,Female,6,50.74878347
Tazmtsm,Luvnuc,4501,95,Female,7,70.57924821
Voojl,Jhmcshjw,4339,24,Male,4,61.10318119
Vpjmpnqy,Zisobixb,1072,69,Male,0,84.72607428
Lqfw,Wjxstuh,4538,27,Female,0,55.66329579
Jssicmpq,Nucxmqson,6998,76,Female,0,47.74307208
Fbewwauee,Kpxudjv,3720,36,Female,4,56.48503993
Ibhbcgbg,Ysvoyg,19857,28,Other,1,82.16683254
Obvf,Zrjezf,4561,60,Female,3,47.27952479
Nhefh,Ndav,1548,98,Male,1,70.89383404
Vjmwnep,Gwyb,16503,65,Male,4,42.3833059
Wsrc,Bovalmo,13694,38,Female,3,61.15142709
Sexeloxci,Rvqabki,7696,19,Male,1,69.31347107
Dtcdjdg,Bpxqrkmx,9860,32,Other,5,64.85927138
Btqejf,Ewxfw,6558,67,Male,2,58.92920593
Seelvdc,Tscc,4491,48,Female,3,61.17540094
Vflwpivm,Fbqd,3115,27,Male,1,70.52955
Wecgfjkog,Covx,5804,29,Other,2,57.2427849
Pjubesbho,Hdpkffz,2432,46,Male,3,78.7575916
Egfqfovn,Dysnxba,18164,84,Male,1,18.83301577
Lltnr,Geslgvxr,15712,27,Male,6,61.49680043
Tpag,Yvdqsg,15753,73,Male,0,86.44818566
Pykvsch,Iini,11988,56,Male,4,26.20715743
Qxrb,Fljbnqm,3120,86,Male,1,64.95877419
Qwnj,Ozmas,11715,79,Male,2,56.33681135
Ejtapng,Rgzfbgbok,13887,24,Female,2,45.1263733
Yhztlxj,Eaeojifi,9698,57,Female,2,46.62849542
Otlwxr,Xzjaafnjc,2801,18,Female,0,63.76675272
Obyumi,Jovhg,17478,94,Male,4,75.30269069
Bnvijirn,Halb,1768,72,Male,4,69.18553802
Mrksod,Gyuvbcsxp,2950,60,Female,1,57.65608781
Bdnpohiu,Vaet,3406,83,Other,4,89.3831099
Njhxulmk,Yczfjgy,7178,71,Male,1,71.65221124
Xpzylsx,Wohvffrb,12678,45,Female,3,50.74433686
Iwlhbibrt,Evtpo,5998,33,Male,2,67.13943189
Fflf,Aexzvn,1498,60,Male,2,56.05805144
Cpro,Oxoljcpzp,17506,90,Male,0,66.41326525
Ywhl,Cvgsragw,2678,46,Female,1,69.14594309
Gvjqwr,Eawepe,14251,77,Female,4,39.02845388
Ultmyzf,Rfhgogj,19504,49,Female,3,51.36123835
Zvmsvkh,Owxxlado,17136,68,Male,9,63.59256161
Qzoawvvhq,Kygevj,9342,31,Female,3,70.86873198
Wveyetscq,Higsyjjmi,17372,24,Female,1,55.91154453
Orkit,Jwbyoawgb,1201,42,Female,0,51.26342166
Ujgufkt,Zishnbsd,14802,43,Other,3,54.13944943
Wgjcqgnlp,Dlurg,18708,53,Male,2,74.93080503
Sklps,Zowwn,1131,72,Female,2,57.27844897
Xhkfbqhrm,Tvixs,10382,44,Male,4,40.17522995
Tafssbwa,Ydmwnjwj,8169,91,Female,4,70.41384302
Xwbeswqfm,Rcqgfwljk,19038,30,Male,3,59.68372285
Jccekswnp,Vttlrrox,17697,35,Male,4,40.61544867
Lwqzz,Sokozs,10754,42,Male,0,68.5605236
Dwhpb,Zizpnt,13695,90,Male,2,73.6186149
Qghp,Luty,3968,38,Female,0,41.85827353
Ljkt,Hsirkyok,9364,40,Other,2,74.86280088
Idrigt,Nesdw,14478,55,Male,3,65.08454223
Nhtzq,Iomnrnvpn,19212,92,Male,1,50.83171186
Wvcsvsemd,Nfejo,19777,75,Male,4,64.66885696
Rezxla,Weet,12745,44,Female,0,60.74376771
Pwmllllcb,Gfejs,3734,75,Female,0,46.2240018
Njlki,Hbgegylj,2955,31,Female,4,NaN
Pniaz,Biywpmx,10023,85,Male,2,62.18133551
Jvube,Dceb,17176,54,Female,4,55.07322798
Xkqdkca,Pxdg,8763,89,Female,4,72.31705696
Adjm,Adcoq,16684,42,Male,2,51.85313989
Yhta,Yrgoygoh,1165,28,Female,0,37.09711211
Qiwylhtq,Oldsf,19851,31,Female,1,80.91723259
Stlxkpsd,Afvf,1554,36,Male,4,76.96252909
Ijpchf,Ytixmumx,12456,28,Female,3,90.9971223
Zwcr,Vcmyt,11974,43,Other,2,68.94199154
Svmcz,Ylbgxzcaj,2944,42,Female,2,66.84242374
Gefvi,Idkerth,5256,42,,4,52.40827572
Xjvnfpor,Czktpsnm,5225,25,Male,1,40.60937782
Xcdugeop,Txlryfvu,12692,44,Female,0,56.48219129
Uqei,Qung,17889,47,,1,56.18159318
Epuuhtqtj,Muqo,12953,72,Male,4,72.1497298
Sdgnn,Jcvw,18711,59,Male,0,77.58692975
Blbalywrk,Jbkskghtu,16605,59,Female,2,55.74492031
Cunrkyu,Scoxjzi,10111,44,,0,39.45718836
Upnh,Hkmgxmde,8153,49,Male,0,68.30015527
Nrcujc,Nbzh,14101,43,Other,4,60.08389434
Wkhzaq,Wvul,12365,56,Other,1,58.37102314
Gnzvr,Wgnw,8276,32,Female,0,49.82629822
Zoftrgzwl,Yrwb,11998,55,Female,0,58.33014168
Hktrkvq,Vkupbo,10746,28,Male,0,26.72635975
Lxmkk,Viyf,9900,65,Female,2,65.47709457
Gsxlv,Gktejpiwc,13084,28,Female,4,59.23962888
Ghrj,Oohujvv,13187,81,Male,3,63.93376082
Lghxq,Iljfxaerv,7850,48,Male,4,55.56028594
Htjotbzh,Uuyllfth,19308,50,Male,1,59.00530716
Tgszsrylw,Dxuzf,13693,47,Male,4,40.88965155
Eeizjd,Ssvtjyp,2999,61,Female,3,67.47767252
Tmiy,Tfzswjs,19552,79,Male,4,64.42843439
Omrwnhl,Gtlpfur,11338,49,,2,58.87955401
Lzyqgms,Gdsoo,11671,66,Female,4,52.06436875
Ukmftide,Aytx,13942,61,Male,3,53.12945242
Msdvhkyh,Hfoqoegc,15976,50,Male,0,56.76121656
Lsbrxyg,Frhtd,15055,95,Male,2,57.51074128
Jnuoe,Nxhrbbdy,14819,70,Female,0,55.81180169
Mqncbp,Hdpqtwfh,18941,26,Female,3,81.89446225
Gzleyv,Svjsc,13379,37,,3,73.77715369
Nkfin,Utnin,1337,59,Male,2,36.350953
Okpclkee,Vrxqxif,7669,55,Male,3,61.5943906
Evyqyzh,Hikroa,6848,89,Male,0,41.44742981
Fvmtyulo,Reoyh,12596,24,Female,7,47.04779293
Qaci,Tvkg,4358,32,Female,0,66.26295549
Glnnkxak,Uvud,6397,89,Female,4,71.15694706
Zgvaec,Bsean,8137,73,Female,2,63.06140978
Iqlydnk,Jeijqnqp,2785,59,Male,4,54.11535297
Lwzcbzr,Kbsvtrfkt,1749,36,Female,4,58.97645406
Uenq,Opstggw,15819,84,Female,1,71.66020161
Jjwiw,Hamsigi,17847,83,Male,4,53.65137507
Qylbi,Ddao,6016,25,Male,0,64.65370055
Cdhhkphj,Shwzyb,5476,97,Male,1,63.77603743
Xcrmqzqag,Ygufjhav,7378,45,Other,2,57.01892838
Mlxznsu,Uelxkodxt,10965,40,Female,0,62.53822668
Npwma,Hrhdcsxj,13840,49,Male,3,69.78333932
Jbcrvqc,Pfjbrnc,15925,47,Male,1,50.11694092
Boao,Vczwud,10493,68,Male,3,63.9070911
Jicuei,Eoukytf,13682,32,Male,3,35.31239781
Qxwljwyjx,Qrkdhw,13103,80,Female,2,44.23685267
Phqiniiq,Fgcoevq,3049,49,Other,3,73.93097038
Jwfqaackp,Wjbj,1272,71,Male,4,77.52073632
Ufeah,Ywjpai,17162,94,Female,4,60.14701167
Wtvrnkym,Dkbm,3833,67,Female,2,29.0039918
Ljxfyvp,Egtqo,1691,20,Male,2,81.61122395
Nxpzuelj,Knsiqtiqd,15969,24,Female,4,72.80811922
Angeozzj,Rtakw,10956,96,Male,4,64.3087273
Gsvdhrm,Yqqdetalh,6965,44,Female,9,41.63385475
Mdibmbaj,Ykrfjnz,9680,26,Female,0,69.38850137
Krqlgkbd,Hxymfc,18281,48,Male,1,55.33026638
Yukgs,Rhmtnp,19267,93,Female,0,47.39906028
Odggcmz,Orqsdfxc,4321,32,Female,1,68.50319524
Qmbbkph,Ulfkghlq,7571,64,Female,0,48.03764648
Dhqjwl,Zbyhvdirz,1994,80,Male,3,61.65922318
Ngpxcipbi,Ljkkvtbt,6850,63,Other,4,51.54896235
Latjska,Rbnqm,18246,21,Female,0,66.52285217
Zklpe,Yyvhp,12355,72,Male,2,55.21909034
Wjxphctny,Ggrs,8505,54,Female,3,63.72652795
Btozavty,Zvtafb,10310,68,Other,0,83.46972705
Ghmvial,Akhm,10834,75,Male,1,54.76082375
Qpje,Oblcef,7595,58,Male,4,82.00821707
Olxfkhpeh,Msuhmn,14276,39,Other,2,49.69722441
Uolzay,Uaxaayd,5150,27,Other,0,35.78835751
Pfbv,Nsjps,10852,95,Male,0,71.36422083
Lqewsurx,Gvawpcacp,10645,39,Other,3,75.10015699
Irohmaml,Sqhbtzjv,2806,41,,4,79.88598052
Zdizgwy,Hsalfplx,12042,79,Female,1,69.60014791
Ikvxryrkm,Uygiao,13574,77,Male,4,68.83455287
Rlgbv,Mpuilqu,14437,81,Female,2,62.50460973
Dvrrxres,Wris,15532,26,Female,8,60.22398904
Athnx,Epad,11420,92,Other,7,50.3872935
Eqfw,Pqidawjo,10054,88,Female,1,58.74022412
Refrrzd,Tmfgu,10525,87,Male,1,45.73409287
Esbh,Tiknbb,17037,83,Male,4,51.96174187
Vwojhqht,Gpleelv,7630,79,,1,62.83643588
Xncurg,Augiloug,12924,86,Other,4,70.29318519
Bpunivimq,Ridyw,16675,32,Female,2,53.95211841
Noznzwekn,Wego,14653,53,,3,73.57532695
Wyvqarr,Cuxacpy,16634,39,Female,3,68.01491325
Enitejza,Pcdb,12025,33,Female,1,63.08559801
Vgquqodf,Wlnmsgfsd,11868,35,Female,0,63.64202924
Iwfmetdp,Icmtchlbi,5974,37,Male,2,53.99373097
Unqgxs,Hjnvbsl,12041,41,Female,6,40.74269981
Hrzaaxyu,Mnpwqml,11112,31,Female,3,52.5898816
Clzpiwq,Oyonvu,1044,67,Male,1,36.28179104
Gsef,Vhesrpv,9155,18,,3,56.38146683
Ugdgnvzhp,Vkgwl,19162,45,Male,0,46.94092679
Pfzt,Haiah,9576,78,Male,2,82.00913238
Efrimm,Fpyg,5655,43,Male,4,41.77193175
Cwkq,Duyslyt,4326,34,Female,3,70.45082053
Aopwyk,Qgihcmq,16557,98,Female,1,44.42910307
Kgolfhrp,Ygpmhl,10940,45,Female,2,57.16904558
Sjkkyjg,Xnaur,9438,40,Female,0,55.41383239
Iepmd,Vprbh,17689,20,Female,2,74.0781154
Jert,Xxbxby,17733,80,Female,1,52.45265601
Cxff,Krgyyud,16509,59,Female,9,69.47990262
Cxzlbut,Deppzajv,6934,74,Male,8,62.83203961
Xptp,Qfnupbtti,13208,20,Male,4,91.14524417
Mxpvmrer,Rvuuojj,12444,57,Male,3,66.27517103
Tnoxqugc,Gojo,16646,72,Female,1,52.63364602
Hotkfy,Txoms,18105,21,Male,0,68.19619038
Lsblieey,Sudpo,19845,58,Other,0,69.09196928
Ekxeh,Lbefcople,6121,45,,4,60.35946084
Gepx,Wsnmyovyk,17356,61,Male,2,71.21573735
Kvusc,Skfuu,19257,86,Female,4,76.14034898
Cfon,Xolp,2673,41,Female,4,57.97672572
Vbdzbbqwj,Mskajshtf,16892,42,Male,4,50.49271669
Zwtph,Dgyo,9251,84,Female,1,44.16837643
Jvutnfb,Vfzvj,15343,29,Male,4,52.23758221
Rnxdpdbc,Twfoc,13064,31,Female,3,68.14381648
Nneuip,Rkfxbiod,17802,79,Female,2,54.64340258
Bnlrtii,Sava,11733,71,Female,0,62.6709492
Ofkqnzo,Yfwdf,19185,73,Female,2,53.15295859
Mukgdcmuu,Crpxr,6506,35,Male,3,45.20479404
Vzviplc,Eujtemga,11284,52,Male,3,54.14767257
Kmnsmexx,Bomyshgxp,4598,44,Male,0,62.13381825
Abhymw,Iossbvy,6573,76,Other,1,56.38124705
Omlrkwqv,Zucwumtzy,6473,93,Male,3,70.33352519
Dmfiaed,Wbxh,6698,56,Male,2,77.11388026
Ydtc,Fqeifd,7053,95,Female,2,57.0704163
Lkxmxbotb,Pisdmntl,11848,54,Male,2,62.10829899
Qbwlw,Zrmq,6120,72,Male,3,50.96144673
Cnvzxb,Ggbev,6562,81,Male,2,55.79450294
Taqwusple,Qqswo,15951,59,Female,3,60.77790716
Yzvimmn,Jdgl,5170,93,Male,4,60.95896606
Apkroez,Gikk,6612,50,Female,2,60.28264262
Sjlysdeh,Gzidiiukq,13320,96,Male,5,48.15147961
Zkjm,Ualcez,12422,64,Female,3,44.09448331
Hpetypkvh,Lxekp,11438,18,Female,4,69.29269054
Dbuxog,Vlgfjqrq,17704,47,Male,1,72.37207211
Gxhufhypz,Igzakqbp,3488,49,Female,1,49.30691951
Yejrey,Ngsfejw,17490,56,Female,2,44.01948873
Evjp,Ucfyhzu,10580,76,Female,3,67.31828249
Cdxwitujy,Itgxqnyy,7490,84,Other,4,63.62951272
Qfog,Itlf,4616,62,Male,4,42.29058286
Sdvi,Zgaok,10977,69,Male,4,81.16223122
Sqdfsau,Ayvqmio,15264,41,Male,3,65.76077177
Pigj,Ytst,4766,26,Female,1,57.46322739
Xrqsbfjyp,Yrlgslfe,5408,81,Male,2,70.03195324
Jrbmm,Ahbqj,8338,54,Female,1,63.73363871
Mdgjqw,Lllpfx,16000,54,Male,1,71.7821253
Hydz,Fknbh,3119,39,Female,4,73.69427709
Bavau,Damk,5663,20,Female,4,52.70927645
Seemfzmdh,Expiol,3268,61,Male,4,49.83220166
Qvmhg,Kmsiftz,5522,54,Male,0,70.66109377
Dxaoin,Ehchwyum,15308,22,Female,2,60.66288452
Qrmrsezzw,Ahjso,18700,74,Other,3,51.16509639
Ylbz,Fthygiww,4915,49,Male,3,44.34463921
Zmuwau,Tqmqueo,18515,75,Male,2,44.139065
Pdfqqj,Uartmnz,6463,24,Male,4,52.82047268
Ixvfz,Coqwzjozs,11255,93,Male,2,59.21537709
Hmetjfceq,Zqhqrv,15172,24,Male,0,63.31673689
Xcwponzg,Qnrbwa,8393,97,Female,4,52.40350029
Onol,Wxxzp,19605,58,,0,43.08510988
Cpqnmypqs,Hkjyxhvzn,1975,66,Male,1,74.26012108
Wrzlnpaf,Mrhypfo,14188,26,Male,2,64.98981427
Qtkknher,Pfzrxgjt,13880,94,Female,7,53.45993039
Emlk,Cexhxebur,16656,25,Other,1,57.29992099
Amibv,Uilf,4544,59,Female,2,59.94210587
Fvrcioz,Jbofsxw,4734,61,Other,5,46.04591639
Wvzlwfpkq,Kfzdlm,11649,45,,0,60.3377233
Jznqduuv,Txtaesj,13974,50,Male,4,54.60074332
Gvdiwazv,Drns,2743,81,Other,8,78.56171867
Ifuezsxas,Dztfexqta,5303,52,Male,2,85.38560345
Qrfl,Gxtahoeax,9037,92,,2,77.95901634
Ymxyaai,Jgikdznb,15708,47,Other,4,72.14389834
Lpvprpih,Xoaqdxqpg,11845,20,,2,60.99166232
Omtd,Xaquiso,7891,96,Other,0,50.18089768
Eablvgs,Ekcxavo,6954,47,Other,4,61.71643598
Cdwxstev,Zqwgkhqyj,10498,97,Other,4,33.79018779
Ugwi,Lbhxzak,12817,33,Male,3,51.05630614
Msuidrmc,Ywcxm,13932,97,Other,1,50.81399798
Aoywodo,Rgsptktw,2490,26,Female,2,60.22378782
Udjrgoik,Wjzwfwx,2923,93,Male,4,83.57414442
Znzpypb,Ygdkvqsd,19954,97,Female,5,52.3590087
Wwtxyfi,Kaayx,19628,80,Female,1,60.53522701
Ywcvce,Ndgktf,5458,88,Female,3,60.38528343
Ubkywzsj,Yhnzh,2407,50,Female,4,63.99783104
Picgxrs,Fmbq,9901,76,,0,56.83532883
Kyracbh,Tyalvpi,10698,90,Male,0,57.81548923
Fxgcysb,Eimlcqq,5746,52,Female,1,43.63069609
Uytr,Pjzbmzw,19638,50,Male,0,67.7760059
Oxhpt,Khuj,3727,45,Male,4,53.57601598
Syihuc,Qrbeexruk,8749,50,Female,7,58.35461759
Kqln,Tngr,12352,58,Male,4,69.38703591
Opehbk,Tplqm,5028,19,Female,1,64.92795916
Oxmwcytoe,Ucgtoqcn,18318,54,Male,1,48.18753348
Jhtaqqvrw,Wowjwtea,5483,57,Male,2,54.32160819
Pdice,Xxfehtib,5438,79,Other,0,74.01087858
Rdqu,Dwcxbn,12625,55,Male,2,55.83318796
Wsbl,Edsgokw,3863,56,Female,3,60.29753855
Sldoui,Gqjnloqf,5247,68,Male,2,59.30193066
Tgot,Eyekmb,11810,96,Female,0,40.53459656
Mvip,Tasbjd,2611,84,Female,4,55.19331588
Benfzwr,Lmekua,5774,59,Male,0,50.58367331
Hfvogvmj,Vymz,7334,76,Female,0,53.58844012
Atrdozti,Qqnm,7559,56,Female,3,59.10132714
Bnezkmooe,Jzfabm,16776,61,Male,1,54.39367526
Pwkxm,Sgkcljctl,8617,91,Female,3,71.34330578
Utolmxfc,Bqakipact,2561,36,Male,1,61.12210622
Edkij,Pmqydavby,17415,90,Female,1,54.33229096
Qcelgtxav,Gbag,10153,42,Female,1,46.95307049
Gdsi,Jvgxjueq,4988,37,Other,4,64.30290138
Vilwp,Pirbqvyr,3707,23,Male,0,42.72131217
Wkwfry,Unsrlz,8496,66,Female,0,51.53420957
Zoxfjgwds,Xhgw,4103,64,Male,4,47.36876608
Fmjdhdvm,Mnzpu,10535,46,Male,1,66.88944966
Qddaco,Qylybm,6900,21,Other,2,37.38329987
Hudxbvn,Qgljnrob,5355,22,Female,2,69.84173426
Dqlgnehua,Tlpdjbw,1589,76,Female,1,58.82953509
Gawcte,Zldihxseg,14588,83,Female,0,57.84890144
Nepgsglek,Cdbtssx,1124,31,Female,4,55.47174342
Efcw,Lhklldutg,17177,59,Other,2,67.18996621
Dbfsqczv,Duizj,19168,51,Female,1,71.1029486
Feojwl,Vqdblemv,5681,68,Other,4,48.77111154
Goun,Kmkydimzk,10266,28,Female,2,66.98370354
Zzxvpeaos,Fqcsqe,14930,63,Female,3,65.99693432
Hnxtc,Zswgqhyje,11286,26,Male,0,81.46072817
Ouqwvog,Kqnbw,6390,29,Female,2,91.14936655
Vknekxqd,Pfonokle,3931,45,Male,3,66.39949712
Odhfrj,Hvoeaxio,15616,20,Male,2,50.98304472
Qrolad,Bhxslsy,15899,94,Female,4,47.81859094
Imiqdam,Uhwdzs,19592,54,Male,3,46.03875502
Tknej,Myaxh,17901,55,Male,0,85.11521986
Ekpx,Efvwrn,1428,23,Male,0,54.68281445
Iplbfs,Gsjl,19639,93,Other,0,50.0563142
Scfpoh,Fmuovkv,13834,29,Female,3,66.67313354
Xctrbjsp,Wyhrqsyti,12096,24,Female,0,48.15322606
Mglj,Xtaxtjygb,8166,84,Female,4,48.55140015
Nfpotzi,Jusa,11506,55,Female,1,54.5999961
Xudz,Gzjtzgt,8746,91,Other,3,66.7846304
Qjmzxrxfe,Knbbg,2348,77,Female,1,85.36100583
Luonl,Aeud,1577,84,Female,1,78.47274296
Ynifixkch,Vnplbg,15474,70,Female,3,45.48730335
Kqsn,Pebfdzb,19989,54,Male,2,51.9255074
Oskhc,Wnkhh,4689,80,Other,2,61.18731593
Nlcewv,Syzwwjzes,15774,88,Female,0,45.03871585
Qdvmho,Smurd,3095,55,Female,0,76.28220432
Wyfwym,Lomvmroj,10695,65,Female,0,70.32591548
Wozxjbsu,Zzktmcre,8833,75,Male,1,52.3754981
Xthknyb,Xlmw,8313,73,Female,1,44.36497483
Beuuu,Bonfwxsp,16842,31,Male,5,61.84314923
Efejsir,Sgdkcmup,6791,55,Male,1,50.44335468
Kjrrstnw,Plgluwgtw,18238,36,Male,2,50.57343617
Sdkc,Gsmmhniuw,9851,50,Other,1,53.42507919
Hxrtosq,Ezryjwrx,18081,81,Female,4,60.45369919
Gzubqgqmt,Equkwvkbq,15018,69,Female,1,50.04337308
Yajf,Jzlzrgdkv,14354,28,Female,3,66.84495568
Bwsk,Yjwq,8390,45,Female,2,86.63436056
Xmlc,Vskninttd,6133,91,Female,0,52.73132976
Fmtdqruhw,Dokfw,10300,86,Female,4,73.4702725
Mzhylk,Emjc,15659,86,Male,1,45.15360483
Foomvvj,Jeljqg,18573,27,Female,1,43.90276634
Aqogj,Gwqhfx,13024,25,Male,0,52.84535269
Alpz,Njvn,11636,21,Female,0,60.54247246
Tbceyfl,Qhao,2244,19,Female,2,53.553199
Fttszwb,Dgwg,14131,95,Female,4,68.44343892
Bgwwz,Xqst,7956,40,Female,2,31.35046265
Wnepwc,Zakcib,12021,76,Female,0,47.98198313
Skvfai,Kkzclazgf,2119,31,Male,4,68.87405277
Fmhdevfoi,Rrna,10677,92,Female,0,68.79814347
Hdmegjjrx,Mtnklgndx,8624,69,Female,2,45.86668772
Ymtwfbwd,Adnhunzf,11532,77,Other,2,67.42570116
Fpleadc,Tnkoq,1371,47,Female,0,54.2122335
Uycpm,Kibooby,9867,80,Female,3,59.60662456
Atoxn,Ytkgjkupe,18057,31,Male,0,63.41078652
Nkhnuvvq,Sfqifc,3321,28,Male,1,60.76403468
Afgvh,Fmpchwe,19367,88,,1,87.33759454
Mghwjlj,Egll,14424,59,Female,2,46.69572911
Xjpcnud,Nafcm,14883,24,Female,2,37.12500034
Dhedwxi,Kurry,14048,47,Male,2,71.78183645
Kggcekmp,Zobnb,6497,59,Other,0,59.17381005
Crhffg,Jyeiipgph,3578,60,Female,1,68.46621229
Hqgdxuejn,Lrnxeike,12611,83,Female,0,40.8119492
Srqlunvo,Ibbi,8878,42,Female,4,91.72183233
Ktplt,Hygxe,11790,89,Male,2,65.26432341
Whus,Pdgubqmu,3775,49,Male,3,82.91207644
Cjwsdclt,Fpgn,15105,83,Male,1,36.48719331
Euivthv,Txrlvgky,6988,52,Male,0,71.90543567
Mwckp,Wfvxvec,3610,27,Female,3,66.90698377
Ghsnhjj,Fyamy,8464,93,Female,2,44.29021929
Ooot,Yomlxtb,16166,87,,1,70.02365555
Burbjgjse,Rwklsr,18496,67,Other,3,60.27876941
Modl,Jihiy,14097,46,Female,1,47.25569361
Dsgolfm,Tbvitem,1612,90,Male,4,59.81801118
Rirlalis,Mnvbvrwoo,2877,59,Male,0,55.48743751
Qouyqghnp,Ezmuqlbx,17100,58,Male,0,38.21523996
Giep,Nftzsmbaw,6110,84,Female,1,61.75392704
Rangwjias,Ohtmi,14374,80,Female,3,41.44497007
Rhtoyqq,Tbzikh,14836,56,Other,3,53.06775827
Kfskrholq,Whgf,14053,23,Female,3,66.79295977
Wcbwg,Jewjgqqj,4397,23,Male,2,61.88442006
Afcs,Zqhsd,12944,29,Male,2,65.25724741
Cqbqb,Inrqfbrgi,8736,88,Male,1,62.35953901
Pljohkz,Esic,10125,85,Male,2,56.66110509
Niwpk,Tduc,1325,52,Male,0,63.17360035
Nlourfb,Yjxyal,5415,61,Male,2,78.10173634
Wmts,Yucunyg,15038,96,Male,4,59.70421573
Fytonqcxw,Qaciriq,7553,42,Male,4,69.66414673
Csedb,Ktwjtfyt,10331,45,Female,4,57.9759632
Hpsxhgzh,Quazubjd,17974,96,Female,1,51.18980006
Puljlv,Bslzqopui,13303,93,Female,0,61.07018657
Wucy,Qhdl,7057,73,Female,1,56.30344506
Uviczviaq,Jnvnob,18921,59,Male,2,48.84101497
Jezdtdgcv,Nily,10047,60,Other,2,59.53056381
Iunduxd,Zjuk,7257,45,Female,2,65.048755
Xqenyx,Znji,5728,24,Female,4,76.77801376
Klfddi,Oncta,14921,66,Male,0,45.74639801
Ynqvmrynh,Ntqj,2305,27,Female,2,54.8294231
Oeyjogk,Ffup,8356,24,Male,0,50.01375965
Wrebsbggi,Lxtibl,17642,61,Other,1,49.03594742
Lztne,Dtlo,19645,42,Male,3,51.6826757
Jfelzs,Vlzqy,8764,52,Female,4,75.09287127
Nauz,Vkeeyiosj,19460,50,Female,6,63.16980943
Xnaeoak,Zwpozats,4907,96,Female,2,46.99184522
Fpmd,Oedtmh,17820,66,Female,3,63.64068509
Ejgnviftm,Lymhr,16878,41,Female,2,74.79380177
Copfzpxdy,Mtpddwcyz,1364,89,Female,2,49.50367763
Ogcvgce,Efdlcynn,6493,29,Female,5,56.24842623
Hehvs,Rznjpoe,12034,66,Female,3,56.63274224
Xlemp,Phaocd,3340,66,Male,8,86.76249321
Xvkoh,Lzebv,5890,74,Other,1,76.88291338
Qkfhqge,Bbveug,1642,59,,0,32.51030633
Kxsom,Hjfjh,2686,30,Male,3,64.29210537
Muqikwo,Dqtpxgnwx,15556,70,Female,3,65.10261504
Fksxgs,Hlnayd,13635,81,Male,3,65.25589697
Mygezduc,Sjwau,18265,86,Male,3,73.41135902
Hscel,Rozeu,6034,91,Female,4,59.71971511
Powppetck,Uudpgno,3296,62,Female,4,76.48222442
Zmpdbisif,Gbwzj,8020,96,Male,2,67.97811696
Itanuam,Byarhdxx,5167,39,Male,0,66.25532546
Sumbkhx,Lwgjzwwd,18284,46,,1,43.19056959
Rktb,Dqcb,19466,55,Male,4,61.89734571
Qkehwho,Cvtgrh,14329,89,Male,3,49.51363716
Tdthpdsyx,Qbpy,14401,87,Female,1,39.83062715
Mefnj,Frdzn,16314,77,Female,4,62.72006493
Yuxiqjqq,Xperqscbu,14901,54,Female,4,68.87651156
Gqmmlwxwf,Fkttxd,6105,62,Female,0,54.46963372
Zujr,Rcjfyt,10459,67,Female,2,69.37260404
Akltqbhdw,Pogtgg,8904,83,Female,1,62.19125747
Kgjund,Zzpmcfrh,15718,58,Male,1,48.24397299
Qhomryt,Anbkc,4902,39,Female,1,69.18298216
Dzcrpza,Bzeuyiwd,11299,86,Female,3,55.31520669
Fyhj,Fvpbe,3937,96,Female,4,61.78905157
Fzyfvodb,Wwglikb,8449,85,Female,3,57.78849649
Olfsrea,Ggmlvmkjy,17409,86,Female,1,58.99031746
Tetmkmipi,Urmnu,3197,88,Male,0,51.06017009
Tejk,Jygg,18984,62,Male,2,79.11621249
Uxewjz,Bfbpa,10231,64,Other,4,57.87039524
Edtvzo,Adts,3982,60,Male,3,70.57565763
Movu,Ekiwf,17202,67,Male,2,45.88672248
Rekezn,Detvuac,5115,71,Male,0,51.62972679
Nhpddcdsg,Gbjyjdpjm,5611,97,Female,0,73.04037047
Xrkz,Hwyw,17744,63,Female,3,36.20417015
Okkh,Wfgowovq,2738,54,Female,0,79.65317704
Cpfwpml,Ymxkp,6190,29,Female,0,49.13880782
Gemlife,Levifzitw,13056,59,Female,1,21.33463481
Brodwuaj,Zfmnyanc,1070,28,Female,2,60.97378946
Jhnwfgep,Vcdftm,17953,89,Other,2,55.02636107
Qnoknytof,Vsxehuunp,2072,37,Female,1,56.26964833
Rapwoo,Busyny,10449,66,Female,0,57.55859287
Uaomanho,Crzxmtyfk,18840,71,Male,3,62.14056776
Cdqadxxor,Umntvfbns,14141,18,Male,2,68.36834499
Ruqcv,Eubhxqkbv,1736,51,Male,3,49.67680691
Gshefkr,Pjptonco,5365,27,Male,1,63.31252219
Irnqwmxrz,Tklueyi,12204,21,Female,4,55.28066087
Fguu,Sehtn,13273,74,Male,2,56.32521486
Sjrpwf,Ycqhwbrv,15752,21,Other,4,55.53543898
Frhdw,Yliqr,2968,66,Male,1,70.54998362
Ucukm,Wpwpzxveq,17059,96,Other,4,44.0526322
Bwwnmrda,Vxisel,16361,85,,0,51.2073899
Vttbtx,Atamvr,4194,44,Other,1,42.83951752
Knowlucl,Ilyxa,13740,93,Female,1,81.95872619
Tbyhmthy,Bpceauy,10797,48,Male,3,63.01114146
Fjgvdbafi,Cmfupbg,16949,25,Male,3,48.72587308
Srqzxxqsf,Vsuhx,19446,50,Female,4,44.22399458
Ntzrmk,Eril,11514,33,Male,2,60.71935046
Sarwmgox,Nsnpql,18659,18,Male,2,49.65561543
Qxauibio,Qqjvfx,1018,67,Female,4,66.07575747
Vxieceqh,Ndztsd,12669,75,Female,1,61.87147564
Trugbc,Laoc,2552,19,Other,1,44.8146748
Gsnbpskis,Hqizdigmo,15026,80,,1,54.12485231
Lkkb,Ukcqelpu,9112,89,Female,0,39.21163786
Wfatdkp,Gaahwhw,14987,74,Male,1,79.60766925
Djvotporf,Trzesp,6022,55,Female,0,52.81632084
Pjofjezl,Sbukma,4219,69,Male,1,62.1811598
Yhcdzyuyk,Icnqjrzlz,9264,66,Female,4,61.27994919
Vzqsn,Ighyzoobo,19345,39,Male,1,53.47755022
Izdzj,Oogwhxkcl,11349,55,,1,74.57421882
Oksayk,Ugeivb,7989,87,Male,4,57.82739848
Dyqmq,Dgkkd,3618,30,Female,4,46.16685919
Nqomolbk,Xbkqp,15239,73,Female,3,60.2824333
Cvfy,Askyliux,13675,67,Male,1,63.15203974
Nmarestxe,Jafuwl,10101,24,Female,0,54.08012985
Dlvwonrp,Hawy,10529,45,Male,0,63.19779875
Jxbsltnx,Siwg,11873,73,Other,3,32.35697201
Vpfejakcl,Xdppeu,11947,33,Female,1,51.64618888
Uduagsr,Cssowhrh,12935,60,Female,1,83.21361619
Ezitqztb,Ojnhb,4300,18,Male,0,67.62287379
Nnfudvj,Ssgn,13019,72,Female,3,45.32687283
Dyhwbsldw,Egwpqkgn,9684,74,Other,3,41.81000875
Ozauluyo,Ygjm,11123,59,Male,4,38.968706
Qvfv,Fgiih,11136,21,Female,4,48.66866077
Ttciagf,Opsian,12680,77,Female,2,72.93857974
Yfoc,Onstp,10318,83,Female,4,45.47920082
Kquzefg,Yixisj,18126,18,,0,82.72321354
Trvspex,Wnoqp,3458,55,Male,3,51.96512169
Ynlixsfrk,Egmcarckz,14199,82,Male,2,46.01755796
Iynqmqh,Eyiqr,12504,35,Female,1,53.54972973
Jbje,Mdkwtbcr,18862,22,Female,1,59.46561271
Eagirv,Obkszog,18899,68,Male,4,76.19018959
Pcrnryds,Hvsqtgctl,15570,88,Female,3,60.12085885
Qsxycge,Wvsqbuo,3823,84,Female,4,54.77624062
Ufmo,Ncndeuyyc,10409,35,Male,0,56.73028074
Mqdspi,Ooqgue,19585,86,Other,1,81.10514373
Dbcs,Ufjpgvwau,16156,62,Female,1,77.29857297
Djjm,Tconz,11181,94,Male,2,40.08921737
Tyfl,Mlcp,19149,86,Male,0,41.17357722
Mhbbe,Ddcw,11034,43,Female,4,46.64164609
Vzgof,Zhvqwcm,13166,19,Female,6,64.48391411
Umdyphomx,Ceomqtc,19848,58,,0,58.65636597
Fjowijeb,Tjjf,14017,64,Female,2,71.42388602
Cxka,Xevymp,7921,70,Female,4,29.25132558
Yosdmr,Ypxepnvhf,7834,69,Male,2,64.95775884
Grynkbz,Levw,18298,44,Other,2,60.20710925
Ybrlj,Wdafw,4386,59,Female,3,61.26550092
Nnnrw,Estons,16604,86,Male,3,71.86591225
Ylrh,Xipxelpk,7674,19,Female,0,59.54816071
Roai,Meakgy,10586,42,Female,3,63.05726735
Cxxcywgd,Siaaixb,7830,94,Female,4,75.07460085
Ycrasarse,Tqemnrs,9202,91,Female,1,68.16652085
Yqugbo,Tbiiqd,12005,67,,2,61.18676474
Jfoae,Immatd,8545,91,Female,3,69.63386632
Mhjajng,Xxzdwwh,2405,57,Male,1,53.96974981
Jhsqkshd,Wjitnzop,18367,78,Male,0,71.57433446
Zarhihpi,Hfavaff,15817,37,Female,9,65.62335248
Owrk,Rmvwqaa,8799,84,Male,1,66.44525226
Tmbsmstz,Ylke,9625,25,Female,0,51.10613633
Vidqub,Fmlg,1585,66,Other,0,67.94760225
Bpqll,Masouc,14283,48,Male,0,66.83312414
Uxuwlpk,Teuk,6517,74,Female,0,58.43866077
Vxnxu,Etfflic,18602,19,Female,2,84.7158242
Xajute,Lqqbditjz,8925,67,Male,4,67.17108309
Fttp,Xuzirrr,10410,29,Male,4,89.86523901
Afwkbeym,Obnyloeab,5630,81,Male,2,68.46886974
Jkpja,Kqafxsexr,10413,81,Male,1,53.48292323
Azxifa,Pcon,15923,95,,0,62.46334138
Zhhcdxcjq,Roqjy,12400,90,Female,8,86.99032985
Mhqqjd,Sagprore,18390,20,Female,0,35.8457605
Tbqpa,Zzyawuts,13068,92,Female,2,74.76220164
Orwongg,Xctaerxh,12389,87,Female,0,54.93681052
Rlfsq,Wpcbjvj,4020,31,Other,1,40.72590991
Dfgn,Ywlgy,14076,38,Female,9,71.15840714
Gzobn,Zxpoty,19074,97,Female,2,45.38175069
Gmxc,Tldlw,15522,96,Male,2,NaN
Mxbatepj,Otxq,14972,43,Male,3,49.91230405
Yhyhve,Bkwf,10359,20,Other,2,44.48495392
Celgudcvc,Aagostsm,4113,65,,2,76.2770637
Rivnbkmhh,Jlgzpdxp,1557,95,Male,4,78.87614996
Xiklcbyk,Qegbwi,5971,52,Female,1,65.65782907
Uryp,Mfnkumcg,8155,98,Male,3,54.85458871
Ffwljnnhn,Gnpi,5196,58,Male,1,56.89537855
Gksp,Noqq,19179,69,Male,4,63.28524697
Lyuewdvwc,Cswidtx,9363,39,Female,0,62.83909463
Odwi,Czdvb,19680,34,,6,61.34475315
Vzaz,Tjjyvcaxd,14360,57,Other,3,79.14133303
Vtkhjf,Jheah,1309,55,Female,1,57.36582543
Anmz,Hnsxidx,18020,66,Male,7,61.42406921
Qoubyjh,Imcb,13468,31,Male,3,51.11886855
Giacuwos,Majcegpq,19622,32,Female,3,62.00119035
Qqtnu,Pnqszotij,7961,53,Male,1,53.05159131
Xfdw,Vpxy,3147,79,Female,2,66.01821801
Kdvmvr,Hdwli,18428,47,Female,1,50.63146458
Fgeax,Nhuughtkc,14729,31,Female,2,48.17001053
Jwns,Qzmak,16565,76,Other,1,67.60508177
Iwllivh,Ulcacrvkq,2253,90,Female,4,58.85717786
Wggqkezln,Ferteqb,12054,66,Female,1,80.61266847
Oijqvfk,Jqeqdr,4751,57,Female,4,47.92301626
Tzvarjrq,Nivz,11551,45,Other,3,58.96745378
Lokzrsfl,Dklzr,10281,19,Female,3,64.20392963
Qccwc,Amyk,2488,67,Male,2,63.72763866
Rsgi,Xvbnqoob,9563,50,Male,1,46.403209
Lakc,Sfvryun,12996,65,Female,1,71.52441188
Knubh,Gzgebxpq,9335,34,Male,3,60.24303323
Guroqutt,Unsoaov,8584,70,Female,0,74.45144398
Lnii,Wavrymlg,3588,60,Other,3,65.60569954
Ufpn,Ecydar,19799,47,Male,3,51.74356899
Dxebyien,Vnqqjxwj,17837,40,Male,4,62.0392668
Kqcms,Hmasp,7137,75,Female,1,63.03744216
Axazwrev,Jotqas,12368,52,Male,1,84.41007516
Pvrkbrr,Fsgk,12455,81,Female,3,56.725923
Adppjvifj,Auhg,2854,97,Female,4,61.31744988
Bgrhrjzhh,Bzhhkddss,12698,33,Other,3,55.3665463
Tyvo,Lecmni,15246,59,Male,4,61.99308567
Wnek,Lhqu,9258,33,Male,4,49.38925375
Egxdcrkn,Ajgvgff,1966,92,Female,2,74.35679848
Ncdzwssh,Rkjo,7600,94,Male,1,63.7351774
Xnmawjmlu,Mwivkwz,19677,24,Male,3,40.69452506
Sinivb,Agpabecy,19621,34,Female,4,51.60108699
Zirqx,Njidk,8430,71,Female,0,58.65485352
Jpjhvkp,Qune,19397,62,,0,57.26929241
Gqnd,Hutww,11624,64,Female,3,61.95649903
Mhslhwb,Uqqcrxc,7324,54,Female,0,89.51187292
Gtakaco,Enyjhit,16918,41,Male,4,50.46497322
Cpykr,Phusovpni,19323,65,Female,1,54.16313093
Dulmkafn,Ddqjmaix,13792,57,Male,3,64.33838827
Uavcblq,Vlxdipoyo,9249,66,Female,2,61.83419563
Qsltmac,Sjcm,5052,41,Male,3,36.37672408
Xyddn,Utnkyi,14186,56,Male,3,65.29607792
Ewxs,Rnyc,10488,23,Female,1,38.00975874
Ucat,Cpcapumv,6994,32,Female,4,59.15726642
Dwzfuxlgk,Wcwf,19054,93,Female,0,49.4476501
Ksvp,Bwbgsrfwb,3155,45,Female,2,79.36875318
Nxtfu,Jlqwswdnf,2461,37,Other,1,61.26854303
Rghmu,Kyjpfo,14926,59,Female,1,64.8935864
Orfpux,Sjdjkevb,11792,36,Female,3,75.10584162
Rjlylso,Lhqvlnwk,13442,46,Male,0,76.41108667
Ryswfrzse,Ywsdxrnkg,3696,95,Male,4,54.83859212
Nwsmx,Bpxutvcmz,13237,34,Male,0,53.63323252
Ymqdzet,Wmgj,7089,55,Female,0,58.45315812
Izejwcxwf,Zaddyb,4385,44,Male,3,62.78517615
Eubx,Ylyqmf,2173,32,Female,0,26.30683248
Ymgd,Xbeasgmon,14820,76,Female,4,65.31988351
Uegphvodv,Oodbpmb,4261,31,Female,0,51.07418784
Qxufsdwjr,Fzsg,3356,33,Female,8,64.28168267
Njgwfxt,Mjezyavi,15294,18,Female,2,60.71380043
Ohdy,Clnyxhwst,13239,61,Male,4,56.63280628
Giplmodj,Ohfng,11058,38,Male,1,62.69156558
Comppnizf,Ywoh,7726,61,Female,1,58.82813017
Ketq,Bzzh,19914,62,Other,1,52.82795437
Kgdp,Lftdkvewb,6783,67,Male,2,73.1033085
Lcmjjzqah,Kolv,19018,89,Female,8,50.33348787
Mcxcaygf,Lqfzk,5520,37,Female,1,52.46902515
Uivjmvhq,Vhguoyk,11811,20,Female,2,75.59463778
Nkgrzqh,Tcdvywvzp,18377,48,Male,4,32.7838691
Vzgtbjvl,Jbdrn,7131,19,Female,2,54.45225437
Nuucujlkk,Fzdkua,4908,78,Male,1,72.26456077
Yhlhnujvf,Xwowka,11596,77,Male,1,74.18049573
Gjjpdekyy,Csacxanhy,14334,82,Female,4,62.3711219
Wdauefdo,Tlbfxel,7768,19,Female,2,43.54504726
Mgqmp,Ezeiefwup,3241,78,Male,3,44.77090249
Djvk,Fgto,16211,69,Female,2,48.63357124
Wbvutaudn,Rfowq,19530,26,Female,1,59.1214652
Uqsdsv,Iiwck,4378,42,Female,1,71.04897034
Hesfyf,Qgmcwjmo,3762,63,Female,2,75.64708477
Yvwxrmj,Pghf,1682,83,,3,57.4562866
Zjlyg,Trpz,18963,73,Female,3,63.91817112
Yqlazex,Ioacljijp,6577,49,Male,4,57.862398
Kfycdr,Otepizubo,12558,90,Male,3,49.60094407
Mdlouhzxy,Qbsnxhg,1569,35,Male,6,59.62683241
Igfudmus,Lfqieubd,16541,73,Female,3,56.4654531
Tdknxeuqa,Gllovxk,4073,55,Female,1,52.14438325
Ekag,Yklyr,11641,81,Male,0,42.22782137
Qlryt,Qrbncdfx,14645,60,Male,3,95.82295336
Gvkf,Hooia,1743,66,Male,3,66.17109659
Ulfghkez,Myhnp,3714,69,Female,0,67.31595762
Vvdohoa,Gtpjtuz,10200,27,,4,63.52520838
Ygctelmyu,Jzrbfv,4424,82,Female,2,55.16219157
Dfugtt,Evegbjaw,11679,25,Male,3,71.78138654
Mdbeh,Wydviu,8548,45,Male,2,65.4072132
Atleshlnp,Wyjd,7942,22,Male,3,41.5170583
Uxzvwjrg,Yrpbuthr,16678,66,Male,6,55.70738763
Erljhzyym,Guonaresp,9666,52,Male,1,53.99295368
Epspgfmlo,Osmw,3097,52,Male,4,59.31905981
Pcdfnlonn,Gxci,3965,80,Male,2,48.21360792
Eiwfsy,Cwfbxik,8903,93,Male,1,51.39811967
Zxbvjkhaj,Akyweoh,17856,50,Male,0,48.39817175
Slwbtcdlu,Nuxskh,14812,60,Male,0,69.38083074
Lajpnw,Zqxruxvqt,19852,30,Male,4,61.61646602
Hubnnv,Trnqve,14095,61,Male,2,54.84595959
Kfovt,Rnfpwlq,13308,44,Female,0,54.61620273
Ktwbh,Ndcynfimk,1655,33,Female,1,53.80576567
Wuau,Ybcpxad,19096,85,Female,2,73.24368062
Kzalduwlx,Varzspke,13391,80,Other,0,67.43498532
Edglkytf,Fxhufhd,2016,68,Male,3,60.94331316
Uiqywgiiz,Uqzjtec,14463,36,Other,3,66.19316457
Ytvtfx,Ahfjcpc,18954,33,Male,4,62.3115753
Okghb,Lygu,7264,92,Male,3,43.57241369
Hmpv,Cfzsvqcz,4457,89,Female,3,74.84452371
Xntvhk,Rpqlyhvia,15138,97,Female,2,42.48416273
Zfwwo,Yvmtasdz,1062,87,Male,2,38.70307204
Pjtbn,Yleewsky,18734,73,Male,2,60.30077905
Ktut,Urajtfr,12934,70,Male,1,55.43192824
Qymlf,Yhgfo,9859,40,Other,0,50.16394932
Rvtoy,Xianxkc,3033,56,Female,3,70.40473874
Psixsnj,Wkqjf,14428,97,Male,3,55.64197271
Ysmumsw,Yjqy,8589,48,Male,4,51.78489485
Otuvzckw,Dnuc,1829,21,Female,2,32.87880285
Visokbl,Nhdndpnco,17556,66,Male,3,65.75259075
Bctuzbv,Ooaq,8924,31,Male,8,35.17741867
Mkhhk,Tndwvt,15022,73,Male,2,39.35677609
Axfeys,Vlxvq,8944,26,Male,0,67.46233923
Qmdfu,Mfpbrv,14343,59,Male,0,63.13798745
Kmiueeo,Ltnyva,3225,46,Female,1,61.02135678
Trxyv,Zgogtfke,11086,78,Male,6,28.57134722
Vecrysw,Oahlbie,6779,75,Male,4,62.78988217
Vepz,Mruwoxyi,8476,24,Female,4,70.75953629
Dztod,Sxgam,12816,50,,3,61.85388192
Zqpscjx,Uycbim,1993,70,Female,3,67.29357144
Afwxonsme,Wcidktgwo,17576,58,Male,1,41.93709517
Tcoxe,Clilrb,16908,34,Male,3,73.63082879
Xdaptly,Pery,14670,69,Male,4,55.17774288
Rorik,Ioizdcms,1015,78,Female,0,48.29730981
Rdxc,Sqpl,2353,22,,3,53.67505119
Wgfmjtibr,Dyhvf,7780,98,Male,4,61.78519297
Yrtchrbip,Rpoykt,15993,93,Male,4,39.92213922
Eauibtvog,Mzaaksed,18942,88,Male,2,64.39052639
Fcqj,Wimglciql,2890,93,Female,8,54.80342764
Dlmcfh,Lmwxfcjj,6528,55,,2,38.12350216
Edbauyv,Aoup,16738,88,Male,3,72.4577476
Yroxyqxut,Zajs,6475,44,Female,0,70.29348454
Lbgflpi,Cuullh,11559,88,Female,2,75.05687301
Lnxkf,Okufuu,10095,76,Male,4,61.51668122
Assifwtx,Tyyqrj,15916,83,Male,1,52.29762918
Cwsozrcmu,Wrztb,9970,76,Female,3,48.53479523
Vsneysbqh,Hksf,4150,74,Male,2,29.91596798
Bvcvwab,Ultjh,4780,67,Female,3,82.88769363
Uuob,Pheue,7413,39,Female,0,78.60878479
Txipcnkcj,Pjng,15500,21,Male,6,47.8952264
Vwvlze,Xmlwbrck,8939,41,Male,3,51.05766283
Cieqi,Tzushffr,16563,26,Female,4,60.30282653
Uttgzgmkk,Szulrvwjk,1281,62,Male,3,15.41123541
Nhyhutwhi,Onidglp,16612,61,Male,0,71.39066489
Kysg,Rqhepyk,15410,71,Male,3,46.20439209
Rhikx,Ejxl,1028,50,Female,0,75.46481483
Tgszu,Dieubomn,4228,67,Female,1,75.02616574
Wsglfgjhc,Pjag,16480,55,,2,71.23113518
Wlcah,Yzjvywhm,19731,29,Male,0,67.93109994
Tjck,Rgqipho,10976,30,Male,8,72.98621679
Xwntn,Uxvhkifh,9457,83,Male,4,47.76043176
Hjfnfmped,Tfkonvkjh,3733,56,Other,1,45.77140713
Ogeexze,Eqdcbjhs,13583,49,Female,3,54.11068587
Rrtggv,Dcmbdy,8938,36,Female,3,57.76565624
Vqpgljegm,Dpanjijer,10799,63,Female,4,73.24566272
Aevr,Hcyebwywx,19625,67,Male,4,66.76904953
Tywr,Sone,18403,18,Male,3,50.35777089
Vmcovzxz,Lzacepr,18416,23,Female,4,37.79657122
Xlvfmu,Uuideql,17805,48,Female,1,52.2804454
Bhlblzyq,Avnwwtqz,2015,80,Male,1,54.36414797
Mhbe,Rzcrjdo,2274,70,Female,1,53.84297968
Lhio,Orvi,2618,87,Male,0,51.14909833
Vajbn,Sdzej,9110,23,Male,3,65.39859319
Podati,Lftlng,15452,37,Male,3,63.27745439
Ckfankzot,Mqnlg,2559,23,,3,58.80618395
Dtxiplvbe,Dndibme,2181,74,Male,4,87.86907519
Luvzzece,Jusljfscr,12731,76,Other,2,43.46570455
Bjoem,Pajlyxu,11912,69,Male,2,46.16079288
Kmvzu,Fvtqtte,6263,53,Male,1,83.49070728
Kuuv,Brckxjxm,14895,69,Male,1,45.41690818
Jhpdbmw,Awndvnzs,17730,30,Female,3,58.15990447
Bwawltke,Wxsehv,17522,95,Female,2,69.75195364
Vfvnahy,Fuyekfre,9204,85,Male,0,58.53012221
Jbhorm,Tdlgd,12024,50,Male,2,80.28062288
Zutml,Jexwdr,12449,53,Female,2,40.72851529
Cmcespb,Xtbvf,18630,69,Male,0,54.74378402
Lnvezprcc,Mebt,12568,71,,9,77.64283492
Bnevwmln,Nlcwovzr,6347,72,Female,0,78.7933976
Xfmvj,Znjt,2600,19,Female,3,50.81789609
Zcnen,Xopph,6580,24,Male,3,45.3213432
Fdrfd,Esnz,11466,80,,3,47.90568355
Lkprdmrv,Lautri,1321,53,Female,1,66.0475183
Brjst,Gbvun,19295,80,Male,4,73.89832157
Toqhly,Sjizs,1983,49,Male,0,72.95458086
Qncvjv,Wijxfa,1551,92,Male,0,63.4785538
Ldqqhbi,Cspgunjs,14564,51,Female,4,58.87490601
Ulwlxdp,Cncjbtyb,14865,48,Male,1,37.09109305
Jmcnqwcz,Vtycpcn,17501,50,,3,62.63694069
Zpqmgxqby,Ofcu,8735,55,Female,8,72.05657117
Slnjk,Ytwbhmiwl,10272,59,Other,1,56.96732713
Lncainxae,Zgwzd,6749,51,Female,2,50.1823847
Exqjqsqkl,Lliijwirf,15574,52,Female,4,69.2594777
Klzhrbj,Mckbaq,14592,38,Other,9,59.73827047
Koopkj,Ebwaz,19898,46,Male,4,66.39636201
Ezszna,Zdzeap,9328,70,,1,62.02052147
Wxiztdpjx,Izpyjvwlb,12471,22,,1,54.26028728
Miqwbtp,Inrtxv,19062,26,Other,2,63.98929957
Jloaz,Uzabmqhh,14694,82,Male,4,50.81711722
Qfwm,Qkmfkz,5508,84,Female,2,38.37400669
Sdqjnzeo,Nfqzssgv,8184,72,Female,1,41.63228322
Jgyo,Nubetb,14599,63,Male,4,62.13133983
Bmksskmbu,Dlbfjf,3252,53,Male,4,50.66076315
Dudha,Cvqxco,18441,53,Male,4,49.79176841
Fhosid,Crvfwsci,14456,74,Male,5,50.74374826
Xdzc,Iwyqyclw,12635,45,Male,1,58.19369527
Lfvkbeld,Uedpd,3027,69,Male,0,58.0637697
Wpobgjrh,Crmihwz,19506,77,Male,2,51.64512117
Pznxoxz,Epnlkagf,13346,66,Male,2,64.24279397
Phzqmrj,Hdaxjql,2366,78,Male,2,60.18137731
Gyszhgarf,Tfeisyvca,17252,18,Male,5,60.9397872
Nyba,Afal,8361,35,Other,0,60.59176722
Cpylr,Rxofua,8707,21,Male,0,81.701976
Bbmdlwtz,Mdjpmvcn,6655,77,Male,4,60.04741141
Dbjcg,Gmwcgb,1145,64,,3,59.37851325
Iomb,Wkoypgw,15398,43,Female,1,48.450502
Qhnitpb,Blzn,4203,97,Other,1,51.52381644
Qamfbt,Eqwrvsru,6744,71,Female,1,45.17302248
Yzrmwzgjw,Vtnxx,5041,65,Other,2,55.86413999
Eofaofe,Tclrwsfjw,18555,70,Female,2,62.95131055
Nupr,Qghpnz,1304,71,Female,2,49.58898523
Ayrjbvr,Aalcio,5219,80,Male,2,72.89217744
Bhmx,Rjzuypeka,4071,49,Male,3,52.20120596
Skcll,Lemycx,10408,72,Female,2,59.67675182
Zmvowou,Rdcebstzj,14118,68,Male,3,57.28987503
Othloln,Johunbyja,8183,62,Male,4,69.61161416
Uaodaw,Faiakve,19957,31,Male,3,55.14503568
Frqakquz,Jirfuh,15087,61,Other,3,34.40060033
Zmrj,Qhxcj,14159,27,Female,2,53.53832685
Skyhkl,Lngutekr,2733,94,Male,2,58.90666858
Aifmvrp,Hudl,7154,87,Female,4,61.49443723
Wdrn,Tuibwtwvd,5430,53,Female,3,59.78115949
Dssszf,Rpygjjtg,12110,59,Male,4,66.15344673
Nvgoh,Ueljo,13778,64,Female,3,64.88948295
Cdjsgjlb,Bqbow,19332,98,Female,4,56.05928221
Bejo,Culrmsoyb,15637,98,Female,1,65.86787238
Pdrll,Ploufii,6770,18,Male,3,67.18520875
Lhht,Buumhfi,6198,30,Male,1,36.96043152
Nbbhf,Xpzxijs,4164,35,Male,4,75.1625672
Naba,Qpdmum,12126,40,Male,2,76.74479902
Geqzy,Piszuodx,5980,40,,4,72.96607757
Udlrd,Aldic,15690,38,,4,59.44255066
Vodv,Albora,4223,76,Male,3,25.12742776
Lztqdjoro,Dejpimy,11653,93,Female,3,73.77663932
Sedpwzbz,Gypw,12004,19,Male,3,57.50938615
Uwazihos,Orivf,17860,64,,1,62.28446846
Amqgd,Ouictkscr,6843,57,Male,2,66.69402452
Gvakputc,Hlbuv,3562,24,Female,0,71.61300123
Jofeg,Zhpme,19398,22,Male,3,64.48574723
Vxewsfeud,Jjibm,12378,41,Female,2,66.70528266
Flmx,Zxottdsmi,16921,73,Female,0,55.7256752
Yjuv,Nbdtiwjr,7278,91,Female,2,57.57433746
Ljafznrg,Pzovpxhy,5029,53,Female,1,58.70262574
Qsdm,Ibhmpt,12089,70,Male,3,60.42023172
Psudjk,Ugmbofmb,3459,95,Male,4,54.77151746
Fsyfrrwkk,Rwpuwnv,19903,68,Other,0,55.63520456
Gqsizg,Rntjp,12638,47,Female,1,45.9600898
Hgghmvp,Rtnkbo,13923,82,Male,4,66.2532174
Axqar,Icmrquonv,7649,86,Male,5,55.751149
Upmgstitx,Gwxloia,5983,66,Female,4,55.18880098
Lsaoy,Vvufyviwj,12524,69,Male,1,79.81837323
Pgtzkj,Aufh,15919,81,Female,2,46.05243038
Nnpbvve,Shiqgi,1308,26,Other,0,39.94371072
Amkqmpzyh,Gpfm,6687,60,Female,4,41.79106293
Lkvso,Doazqoxv,2787,95,Female,4,69.51354853
Fejxwyb,Xnhdwyocp,10239,55,Female,4,39.72101095
Nikxok,Qsqg,12091,60,Female,4,51.91022631
Eqgxqy,Rvciuuv,6630,48,Other,4,70.64760215
Bbtw,Sxkjtjgf,9498,70,Other,3,52.69263415
Grix,Qapuzqi,6358,44,Male,0,50.92857843
Yasaewvd,Eldp,15340,20,Female,0,50.41165756
Garklwpd,Ircwh,4652,85,Male,0,52.50469188
Hnrd,Dkfet,9308,89,Female,4,38.34092305
Vhafaz,Ajfcekda,17293,39,Female,1,47.79065354
Ybdf,Xtwzhmj,5152,20,Male,0,64.3585407
Opbxq,Mgulo,13882,85,Male,3,57.60188674
Vcag,Nscqrgj,9401,66,Male,2,66.17189137
Dxlzqjew,Fycedbv,14724,20,Male,3,63.8662542
Wosehrw,Ehbqrkuyr,14216,58,Other,1,63.51800948
Pcuuah,Zwab,9533,49,Other,3,67.73377497
Lylll,Qzhvz,4416,31,Male,2,64.44301914
Llmynpac,Xwhkr,14809,79,Male,1,56.8389263
Mzwjila,Npvuegp,18599,40,Male,2,62.30394537
Xrcjpnzv,Ihiub,5007,34,Female,0,81.540479
Jylt,Whgk,7414,56,Male,4,45.75171775
Ccaq,Ldashovqr,13295,84,Female,2,50.37368575
Sqjv,Fedbwk,11534,49,Male,0,52.63845371
Siemyo,Idjygpp,13265,70,Male,0,49.023416
Npgujt,Zqhhyr,6250,45,Female,2,46.91181276
Cftmu,Krtcpo,6415,30,Male,9,60.79025909
Fmtbyzys,Nsxa,13652,60,Female,3,50.53115148
Lwufr,Keyouae,16210,23,Male,1,53.77939932
Zihl,Qtcvnekkc,19620,84,Male,2,46.07393878
Nteqcxz,Hunvnwms,13482,54,Male,3,75.84484259
Camn,Fsjssoanp,9778,50,,1,58.54951011
Uhsoovulu,Ijxbg,17893,79,Female,1,47.92708346
Ivij,Ekgovt,5566,71,Female,1,53.63848248
Avbz,Izakmmd,2400,66,Male,2,59.14675133
Obkjq,Btkezhl,14708,82,Other,2,80.96457548
Aejuew,Ybqsce,8526,72,Other,3,54.44794527
Ojsnj,Mznfs,3419,36,Male,1,68.69465199
Zovckm,Vdqgofgrp,9829,58,Male,0,74.75556853
Jxvemgc,Wwxk,19956,67,Female,0,37.7644789
Qpqqinbp,Mddpgts,9940,73,Other,0,53.0848569
Wctrdgqo,Hvyxy,2364,22,Female,4,72.00552513
Wssagxxdl,Njxz,5194,81,Male,4,63.31701171
Anvn,Xgxnhoky,4485,57,Other,4,73.11881614
Yqakg,Zipcmjv,3675,94,Male,2,59.52898302
Gwlzcdn,Qeqc,2938,35,Male,0,58.8325615
Yhog,Hxgmi,5398,88,Male,1,69.61061347
Dkbe,Vevlkqjuf,6329,96,Male,0,74.60508057
Ccxwa,Ldszliuxt,10002,35,Female,2,47.64667227
Oarzl,Fktfoc,12095,27,Male,0,71.352194
Rflqetf,Tmwjuumhu,14503,81,Female,2,35.71276672
Iplay,Gsxu,17691,76,Male,0,60.93452118
Lnjy,Duqrx,1009,55,Female,2,61.34409606
Loxlasttz,Lqwqq,14870,78,Female,2,57.44845865
Pxieuuz,Dmfygbc,6893,20,Male,4,66.05402846
Bdayrp,Etdhgygt,8880,86,Female,4,75.43317087
Brea,Nnywkku,11693,81,Female,0,44.14229371
Suyr,Ecat,15454,79,Female,1,74.72214479
Tlytv,Mmoc,19041,90,Male,1,76.55677137
Hrpy,Ckplcwdc,7345,26,Male,4,76.63550712
Oxhgjtr,Hzoedgf,18060,55,Female,3,50.87836869
Ftal,Zdpdebix,19394,88,Male,4,49.56617399
Mmzz,Btod,16576,46,Female,3,66.02964192
Twouq,Nuze,1094,27,,4,49.70843579
Sygu,Dcenmexwd,18829,40,Female,7,79.09399311
Cldl,Aqanumh,6659,26,Male,3,57.28929293
Zjhag,Hwekzjv,14253,77,Male,4,69.22581464
Krmbptiw,Hwbtbpv,17130,77,Male,1,54.69025405
Uuee,Eqvqwfmhm,18422,62,Female,2,40.50218214
Gyym,Xmei,6239,91,Female,3,55.42868211
Lsljifxz,Ilyistwi,19083,94,Female,2,60.89272408
Nbpotdu,Pgsxd,9316,38,Female,1,45.27989377
Ctjqsnzmj,Yqincxz,15968,61,Other,3,62.81221908
Qvip,Esnbj,14807,98,Male,4,61.14126628
Uvlo,Uhuvxa,10462,93,Male,7,69.41030608
Nribgnk,Shnxe,12016,70,Female,3,74.05957926
Oohrmsxa,Shawlup,4937,28,Male,3,63.29745034
Brxa,Fcihfovo,8547,45,Female,4,57.12313287
Fclkyn,Tyuqew,8935,66,Male,0,46.35313198
Aqqawq,Qjobxuvl,14008,24,Male,2,70.70198531
Aixenie,Qkekd,15947,55,Female,3,52.11966862
Dagihnjg,Dnctizty,19164,85,Female,0,42.46680686
Lumsu,Rglgolqx,1445,72,Male,8,74.4917618
Frhnnhjz,Mlfkbnvk,4566,38,Male,1,44.81533721
Pdlly,Boifgbile,15362,87,Male,2,56.69470509
Nsna,Oych,16834,96,Female,3,37.77152059
Rgpmfab,Xhrpu,2056,61,Female,0,67.35817121
Suchyei,Zqgauzsfs,2520,36,Male,1,61.14659919
Mshixes,Somftln,6092,75,Male,1,48.51078819
Cmscq,Kyga,13550,49,Female,1,61.31435181
Raal,Yclgh,6534,92,Female,4,77.4279406
Cfqpl,Cmutx,3171,80,Female,4,63.52589321
Fktuh,Iozeu,8033,50,Female,1,90.21085163
Inyvudzg,Vkng,12674,62,Male,2,80.28966493
Emkkg,Ckazyo,2846,81,Female,3,59.30792969
Thimeofwx,Tzxg,15409,55,Female,7,66.00497109
Rkmhxnbdn,Lcsjcrvu,11842,56,Female,1,58.97302205
Wuyyx,Njlu,3854,50,Male,4,49.9626794
Zpqfyrj,Czrgjgjjk,11082,67,Female,3,59.00166158
Dzsf,Flvokiky,4285,62,Male,0,47.12206273
Wlrci,Hfnposxm,15171,91,Female,2,62.5662173
Uoagz,Mzyos,7034,82,Female,1,56.24050298
Shxgzcpaw,Xjex,13292,91,Male,3,73.96862879
Pizlxfot,Sxcylwdo,9608,85,Male,0,54.08460917
Elbbwgda,Ickgxip,5090,69,Male,4,53.026653
Lhtzqyw,Mzti,15689,46,Male,0,52.29123937
Vbpxm,Xsavnz,19186,55,Female,3,63.09048862
Tpgajmfy,Mwjzat,9197,94,Male,3,76.87082824
Yuqknb,Xercilvwo,4158,33,Female,2,68.05282707
Vymtwuqmd,Wymstfozw,5500,53,Male,2,64.72230413
Jedchulp,Ndnpswv,2293,52,Other,0,55.47275265
Pjqeaykh,Snnxyhjf,18231,33,Female,4,56.36979752
Enfbtlxxa,Ijozpdwoy,8857,27,Female,2,63.08520331
Mjir,Utfe,4898,82,Male,2,56.47218767
Rkmkg,Wvdujlsy,2159,80,Male,4,46.63256349
Qphydzfsq,Gsvd,10672,30,Other,6,17.82866712
Rgqyg,Awfdzi,6665,92,Other,1,56.26015938
Llljzm,Ukbgocwxa,18631,51,Male,0,62.14197477
Oiann,Dlileb,13146,57,Female,3,66.83227417
Ywwzx,Gxzm,12324,45,Other,4,75.71927967
Xcdxkrwwz,Yyyaza,16568,90,Male,4,91.76228568
Xtndxoo,Zekis,4451,84,Female,3,74.37825102
Mokidf,Euigljhvd,14744,49,Other,5,73.49040189
Qhtaa,Lwhncsyl,16855,37,Female,3,62.37511184
Mnskys,Xglkucwtk,8665,83,Female,1,45.1848445
Gpfzpwf,Wczn,17354,22,Female,4,66.55856552
Rnkgog,Qydf,18336,50,Female,0,52.06998812
Olrouk,Urry,18086,79,Female,1,51.79698248
Mksmvw,Kuwyxdfw,7587,88,Male,2,72.74204605
Jsvatel,Lohbrqrdx,3283,19,Male,1,61.38477843
Ngfmiiz,Pljiss,10757,19,Other,2,59.84216174
Jgwovefz,Vvkidzi,7015,61,Female,1,46.66557764
Xavfbclx,Jrujg,9324,98,Male,1,70.32155691
Cyewwykhz,Ueodtcb,10925,50,Female,0,76.89590779
Ojrwzj,Ygifyrai,18641,50,Female,4,68.04587298
Sdjkdnx,Jxuwiqma,12151,86,Male,1,88.67808363
Ecipulb,Dikwsntg,2221,26,Female,2,56.31928584
Nagyqwbtb,Pvqtnkiu,4408,97,Male,2,73.3975894
Bxqpi,Zdscpwy,9173,59,Female,2,74.09145544
Gjjqha,Ajkks,6938,33,Male,1,50.522379
Cegynkp,Xohuit,8731,71,Female,3,52.44287736
Xragzs,Icknv,10927,18,Female,4,63.32913349
Qgbjbad,Aqoagut,11688,18,Male,4,59.59338695
Elefelk,Unpdxxeq,5174,78,Female,2,65.04029491
Fqgge,Nbcviyicy,17810,65,,1,51.22833215
Yxmdim,Bvmkatry,1058,28,Female,3,64.58593003
Vrguk,Syaiznlyi,13662,33,Male,2,40.8825915
Mnbcym,Kvpse,13541,37,Other,4,84.13453492
Kvnkg,Iwnzpyy,1663,87,Male,2,54.71798128
Uwjigwgre,Tsvlqfe,16770,87,Male,0,50.9766882
Kqwrzjs,Xlqjryi,12061,73,Female,4,59.77363464
Hzemiyu,Adbnkl,12675,21,Male,1,72.84184141
Zruem,Hdcjai,6643,54,Male,0,63.23576684
Okvvidcnt,Dwpqhlqsr,10172,38,Female,3,72.80007711
Wtkb,Vrgizsmwh,8913,86,Female,3,47.28749462
Itxwkr,Aphbulttl,8150,29,Female,1,64.97157857
Edglrjv,Pzcsc,10364,60,Female,2,60.20821207
Ixykpo,Npomqo,8972,32,Female,1,48.27933875
Hxutscg,Jhoiieay,3023,92,Female,1,53.40278201
Pnryoukte,Hqfayj,4302,25,Female,2,63.15179326
Fzwjbhxxv,Fogu,1808,85,Male,4,45.59102994
Hfqqdiyb,Rsjvxf,19864,74,Female,0,43.04468894
Souu,Woqtorg,7377,74,Male,1,88.30186389
Habdo,Eaubpeuj,16882,61,Male,3,38.40274746
Ztqxpcqv,Hwjcw,17806,38,Female,2,48.85310533
Keupyc,Rmzfww,9640,58,Male,3,44.94993721
Typngfw,Yiugwhpzz,10777,63,Female,1,35.2033506
Tkiufnsd,Bmfy,16111,27,Female,1,66.91387443
Fjdc,Itklrpc,3298,65,Male,3,57.27703229
Udyhwev,Jwrtpx,6387,51,Female,3,46.61163004
Lskg,Ttecrpvqx,3456,45,Female,2,61.72806254
Tlmxw,Lltwefp,2987,41,Male,2,72.43653199
Xxnsgj,Cava,6846,78,Female,3,76.09330193
Ykju,Hlyxy,13475,34,Male,2,47.23586677
Jnxn,Aqoljd,11089,48,Male,2,43.03646513
Rpshdorvo,Fpnm,6751,30,Female,4,56.95497797
Artzk,Mvvxt,7542,69,Male,2,45.29773982
Wbibfs,Szhsufmg,2704,65,Female,1,72.81113523
Rekblxnc,Tywkb,17923,25,Female,2,55.11187135
Icidz,Ixxmign,10577,63,Female,3,53.80397104
Jivygkkwx,Afyw,3318,20,Female,3,71.40397359
Vrek,Cmvlg,7384,31,Female,2,73.13025801
Jficwmz,Bnotqjbkz,13023,23,Female,2,75.00230899
Kgxs,Ufnvpuqb,5635,31,Female,0,67.53727916
Irtuu,Jbdrseaj,16938,78,Female,4,53.13419192
Dwbd,Xphq,17797,31,Female,0,63.12209652
Jsqaou,Zbuzjixp,16175,69,Male,1,48.91854907
Zjlil,Smypu,15491,87,Female,0,73.43672179
Gsfnmdt,Wvolec,1927,79,Female,1,71.00854352
Rnnecma,Qdsnw,2817,43,Male,1,58.15463028
Ggglkg,Spticfthq,4176,91,Female,4,62.72193761
Fbmm,Wdeal,17408,71,Female,3,69.87863713
Aqrrmf,Csuclm,2518,51,,3,67.23891659
Lxum,Qawniapv,6150,33,Male,3,65.0400757
Dajmisn,Nuto,4627,87,Male,0,64.61002642
Zoosyn,Tzopxcs,19538,29,Male,4,66.09608324
Synljnqm,Zaqshk,8257,25,Other,0,54.61848601
Aksj,Vwipx,3757,36,Female,2,58.01330815
Pxtbcmwk,Srqzurm,16869,59,Female,1,48.67284377
Prpu,Wrwfgsb,4334,95,Female,0,21.64595462
Vbiigx,Lapt,10069,71,Female,0,52.40598596
Jdlyyaysl,Uunala,18733,54,Male,0,58.06925019
Dnmvd,Cnnywzcwa,9977,79,Female,2,64.67446507
Oiio,Jdbfkduen,18295,71,Female,2,45.14428691
Bhpalqc,Lktgsk,4065,50,Male,3,52.4793428
Zfikxq,Ydrsubvz,16273,88,Male,2,77.93953837
Husqwpvib,Rxwzgtc,13888,86,Female,3,74.58076694
Yyjuv,Iiwgds,12688,49,Female,4,67.03166172
Ptnjhqwmo,Hrzopq,17437,57,Male,2,50.58394816
Jtpxvjr,Dptbfeut,10143,62,Male,0,50.22861238
Adtdl,Hszg,6894,26,Female,4,69.13694699
Tchjfvxk,Ykclrrab,9230,93,Male,3,85.63344471
Kphks,Ryirnk,12657,43,Female,2,52.54521513
Sggstrn,Yrvpad,4443,70,Female,2,72.27852535
Frva,Jchypgo,3693,67,Female,0,59.9071336
Upfrywlux,Gffvhqbqe,11439,82,Other,3,67.07656688
Azjlks,Yqnoosn,10864,74,Male,8,60.4403011
Yarffjlmk,Dbakmmmpp,14795,45,Female,3,50.54186165
Omllzp,Tzpr,15383,70,Male,2,59.82042648
Glgcyi,Pvoe,7505,18,Female,2,47.81441451
Unlp,Rvbr,15844,80,Male,2,74.90377356
Kvdddg,Ifmd,11134,77,Female,4,55.49272455
Geis,Snybapj,1587,75,Male,1,47.7436478
Ijqf,Padbzmvn,10684,79,Male,1,61.08001178
Jcysemy,Gincoladd,6207,75,Female,0,60.68310303
Zlhqhmc,Biiyj,3353,56,Male,2,26.66267853
Yreawmq,Dyqstx,14247,92,Other,1,53.89570856
Iygc,Diwfq,14867,49,Male,3,63.2034544
Hbooacz,Uqdoal,14455,60,Female,0,71.50418598
Rhkinlua,Hzah,18221,23,Female,2,46.99873606
Vbdksp,Wahrwm,3765,98,Male,0,71.94431202
Zvoqhyz,Aauizm,8562,85,Female,3,57.5522681
Uuquqbvnz,Tlus,15804,29,Female,2,65.20204485
Gqivgfij,Zkzwxq,10729,78,Male,0,65.97260544
Ssft,Hhacdmcf,15162,62,Male,0,82.49831476
Fhru,Uvhnyuzlo,16277,62,Male,1,60.27227578
Oovvlrlqf,Gcqxi,9814,30,Female,2,68.55053012
Iwszzy,Asuarsa,15184,76,Other,1,63.98326902
Wigipc,Avvtv,14558,74,Female,4,64.54534225
Hzshcb,Rikhd,11258,93,Male,0,70.32923712
Yuyt,Kzqihl,16219,43,Male,0,43.43649898
Xzjitq,Gayuzteki,9534,52,,4,46.86945744
Nwtedd,Naxvd,12411,90,Male,0,64.21881088
Whjjw,Hkcjxltc,10932,26,Male,3,45.56490869
Sdnudz,Mgwziiv,2777,62,Male,2,57.54030124
Ssxrh,Sbprquug,7518,37,Other,1,81.00922855
Iuxcbh,Csieywziu,13389,68,Female,4,54.6940113
Mbpjxkw,Ogjeikdj,19286,41,Other,0,76.80936765
Myinxfry,Wzlenl,18216,52,Male,2,49.54186066
Iibz,Zqzinsxms,19166,46,Male,0,59.75525081
Zyvxa,Epuz,17722,72,Other,1,57.15581066
Lbvbzey,Uqjgpum,6226,45,Female,2,42.27382245
Zsfpw,Ojox,14872,59,Male,3,53.74995468
Rzwu,Asad,8469,39,Male,1,55.4905976
Kccya,Eisk,2741,49,,1,66.55721849
Hrynpmrpj,Wvexcfkd,3062,57,,1,50.78203846
Ftrinixfz,Pvatpj,9150,25,Male,0,64.66094483
Xepv,Vvvwg,18815,22,Male,0,57.48326426
Pawkzcltr,Zufg,8237,22,Male,3,66.18612932
Aypiqty,Ypmcjjtgz,3891,87,Female,4,69.19344887
Ipmtk,Npcuzl,4510,40,Male,0,60.53743144
Xecjrsdv,Reque,3830,98,Female,1,52.75441687
Pyjwr,Vhvnuywmq,18208,50,,9,73.45844307
Zuayfp,Upbsyc,6704,45,,4,59.69866159
Oult,Szzze,18663,38,Female,0,63.95416111
Pjydwncma,Tqbqk,10421,86,Other,3,66.82140777
Riiak,Vhmnsp,13955,23,Female,4,79.7470227
Ehbo,Glgdnvy,3987,70,Female,2,48.95486013
Rempnip,Nepr,10583,19,Female,1,56.17427033
Xpnctksmk,Ieyjoi,18091,54,Female,3,48.52411173
Cqvb,Khxefo,15371,88,Female,0,61.219963
Nerfivifu,Jprvb,12592,92,Female,4,59.35223908
Nfmustv,Zmival,4661,61,Male,0,62.99151964
Povgneqd,Qlrk,10121,30,Female,2,55.22214047
Cgpaw,Oeojoik,7687,93,Male,1,43.00329502
Htuscgos,Zzaykikk,15217,39,Female,1,38.98096095
Retmc,Tcerkm,3946,30,,3,69.87351217
Wybiihy,Zvjt,17286,94,Female,4,72.08889138
Gvxhjb,Oqusxx,9672,52,Female,0,65.49356437
Eyaajlp,Dcdk,18776,41,Female,4,49.31626849
Dejny,Uegbbhmz,5772,60,Male,3,41.8070571
Kyxb,Znfvmtqu,13774,38,Female,3,78.66772418
Bpcikgdl,Cmoivo,16995,90,Female,1,75.35812103
Uedeniifu,Zbwux,1348,61,Male,2,41.62552613
Tyjiot,Yxgarsoj,9054,25,Female,0,57.975589
Xkbxgeh,Jxfhqi,12171,77,Female,1,71.5344358
Mezyax,Cnee,7990,25,,2,61.98624208
Rhxrisrs,Vemh,1647,60,Other,1,51.52358868
Xhbnprdoh,Qxid,5113,97,Female,3,80.4933485
Faplcgxiw,Inicnm,12782,96,Male,3,55.2932699
Hqixtxzsc,Nygcxoswz,18423,22,Other,2,45.52045127
Jtjb,Cswkat,13050,59,Male,1,66.88464741
Ildez,Amheszgbh,8744,49,Female,1,64.75693463
Mzdftiued,Qtspgknen,16232,64,Male,1,45.36961403
Ddizl,Qtwglnfy,15536,53,Female,3,48.62099867
Vxhff,Pzhe,11352,88,Male,0,53.64397418
Zexruqcs,Nngzqneix,19229,67,Female,1,75.6684605
Pxjiw,Chwpar,8797,95,Female,5,74.00483337
Ehau,Mtwsh,14767,41,Female,0,56.12832654
Intydlso,Yuekbsfgy,9923,56,Female,3,68.76676233
Nadu,Rejt,17648,51,Male,1,60.44717637
Ixnn,Hkuxjr,1624,18,Male,1,72.01256976
Yfjy,Aapc,2178,60,Male,2,60.94238771
Qdsurtni,Hgmveqe,2436,73,Female,2,34.83016441
Zwdenypg,Pllyamti,4739,47,Female,0,88.29171003
Vbboohwck,Zsiz,16570,84,Female,9,61.98407541
Ddrtumf,Vukiwm,15564,72,Other,0,71.68221428
Cosmlbktu,Hfvvqtpa,5487,36,Male,3,66.21600146
Fsnmkq,Bomy,6180,30,Female,0,78.22956494
Ebjkmfwcq,Csba,9802,87,Female,4,70.12697076
Xpwlsisqr,Tgacwdn,3865,30,Male,4,51.94409777
Zjxuzxsdy,Uqtugzp,11620,68,Female,1,72.40301979
Eszpn,Wmkovspfh,7638,44,Female,3,79.74101555
Uvealolf,Ogysuqdh,16433,96,Female,3,57.18719721
Wifat,Tizuqlbtb,11525,65,Male,2,36.51010059
Qiugfmxz,Mycsdxiz,15668,46,Male,4,57.35046166
Hgbucul,Tazinxg,18686,65,Male,3,70.07943069
Btkxdr,Jcqaqc,13928,79,Female,2,69.55677366
Eknbxbn,Nylwx,17857,77,Male,4,63.84599858
Juaebvgss,Zplosbme,17582,53,Male,2,42.32117747
Pikrarls,Kbjs,3951,74,Male,3,68.46342441
Fxubbgms,Fubhmv,6050,58,Male,0,52.20403526
Ngnnjdbsb,Rpzd,7589,53,Female,4,51.43507845
Xutw,Sxyiarvo,8776,26,Female,4,56.32087747
Aznaej,Xemavrf,1984,57,,1,52.53183766
Kriudzvo,Reohs,11817,60,Male,4,57.62355368
Cmzt,Sypryncxt,16601,41,Female,3,41.07595806
Yqxi,Rojilddif,3020,95,Male,2,72.00528851
Vwssxdoa,Exppqelr,18491,94,Male,1,55.75782148
Kcbpjkvn,Xzrbc,12940,60,Male,4,48.71989974
Ghfbzbaa,Bocoly,7275,95,Female,3,60.5838761
Hakhozvn,Dnpvimo,15433,97,Male,0,46.02582031
Stprcmabl,Hwvu,8985,63,Female,2,97.67562741
Uvmes,Jdibthgc,8688,97,Female,4,54.61070221
Ivpdkokgz,Aags,6304,54,Male,2,74.28850603
Uhacaq,Fjughzpkn,10302,33,Male,4,60.90781953
Vxhiewzjd,Xaeaih,3779,91,Female,1,72.56040703
Fzxqv,Lwba,5091,47,Other,2,72.15510038
Tprilk,Qnesblw,6632,18,Female,1,59.92982618
Sjagme,Kvciop,6215,39,Female,3,76.63997055
Qiwclggv,Lvkpah,3814,88,Female,1,57.66720337
Jtffhgbh,Crvsy,10436,74,Male,4,72.46664259
Gliizz,Ysip,7659,43,Male,1,59.64728491
Riqmgy,Mprpvild,11701,79,Female,1,79.64347493
Qopwcneyz,Vutlh,17148,42,Female,2,63.03096395
Ojbbbgdm,Setbtbjh,6352,88,Male,0,75.01148239
Ijzkn,Nhqj,9893,73,Female,3,68.00961523
Rqxjxs,Pqbli,7676,23,Female,3,62.90651456
Wrtyoyx,Fkwvf,3342,56,Male,1,52.6417969
Vcravlmz,Lulhqez,8261,89,Male,4,73.02409144
Kzusmllfi,Rhcjmzbls,2304,42,Male,1,62.5503827
Ydunnpows,Tlincg,5979,39,Male,3,47.11450807
Vwgzlqytl,Xcwdn,7277,55,Female,0,45.73151022
Qemsmzjqi,Sjslixu,12010,45,Male,0,52.37442868
Ashvoivq,Fgjznbitz,1411,72,Female,4,57.53652248
Wbwwa,Qurtkouoy,11617,70,Female,0,47.74326477
Nomxilnfq,Xxhnpz,19805,89,Male,1,58.74364853
Gsdnzeosf,Aquv,4624,87,Male,1,66.34799459
Uvegap,Vjxjy,19992,33,Female,0,70.60729124
Ylvbqxa,Hmjfiqfj,1174,98,Female,2,52.60208144
Luemkeeo,Neogfka,1146,62,Female,1,57.61096293
Hdgkdo,Eycji,12334,33,Female,0,41.15149265
Hdzlk,Qhaa,16825,75,Female,4,67.1570423
Zinr,Adtofvhqz,15974,22,Female,4,57.83229197
Fgyregsb,Wqkdjn,16822,19,Other,0,65.63748933
Rvwqww,Gmrevbuu,17687,26,Male,4,24.44334238
Raleimb,Tcjskb,6430,98,Female,3,61.46726969
Tbcmkc,Xuekdu,6930,71,Female,0,37.2735426
Iorhvaice,Elvpixs,6745,26,Other,4,60.84438314
Bccuzj,Kopppu,11329,97,Male,4,46.51485518
Sjznmicww,Gowmspl,17139,44,Female,2,73.44214604
Swgyix,Qniepo,10530,21,Female,0,77.83516845
Axjppgl,Lqgawwx,5591,74,Male,0,59.10263911
Zfvw,Ypfwzhtdu,1355,96,Female,3,58.98360789
Ldejeu,Addwx,17666,66,Female,0,75.20731926
Tbikkfq,Coejzcim,14702,37,,3,49.8358953
Piybhy,Epwucvfu,2130,42,Female,1,62.52565816
Pnyzlbvd,Znoviwta,10025,96,Male,2,67.45282517
Eshemdx,Vwkp,6471,95,Female,4,56.66663049
Jnesftsm,Fhevorz,2250,68,Female,3,46.92154705
Ikxegffxl,Btbntebl,10668,80,Male,0,79.49422291
Lpsludao,Ruqoaj,15232,82,Female,0,29.05879945
Pxlav,Kdmpjnkny,17560,47,Female,1,59.05821813
Apberves,Eyodhjff,11035,90,Other,1,55.5629848
Qkpwqdfp,Webn,19924,26,Female,2,66.81324352
Ymmzz,Uhdx,5030,86,Female,1,42.35077293
Wnod,Sytg,1099,45,Male,3,59.95985012
Jhlu,Ccnf,19336,61,Other,3,64.18848698
Jlsces,Ofjbzyd,11017,48,,4,61.51278297
Ocoxmmer,Kzpsdjvnd,17728,68,Male,3,61.81427722
Rjzcojn,Mzbwj,8008,20,Female,1,52.79513857
Tnlclpcn,Wvrdklne,7512,39,,5,77.92576055
Lmypbflhr,Rfudoc,11401,31,Female,4,43.45384523
Pbvaw,Hdpmvtx,8582,51,Female,1,60.9514082
Zjcpazmci,Komvuur,19602,83,Other,0,64.03026197
Rkslxhicm,Dptwrroy,14462,91,,4,45.95456599
Dbkacw,Xmzfiix,1086,47,Female,3,54.16245019
Eauvv,Zxfkf,8239,31,Female,0,66.15901539
Zclwbdl,Zsnicpsg,5268,69,Male,0,71.81882368
Rsewuy,Qbuxwpy,2862,40,Female,3,55.5475367
Mkozmr,Gdwj,6881,29,Female,3,61.93759467
Sfbojcnhg,Gsddkf,2214,89,,0,75.35745673
Zgyu,Orzejhmu,16884,44,Female,4,63.33985131
Ppgbw,Ucfvbk,6483,97,Female,0,59.22857838
Hqxdkeil,Uywfup,9645,82,Female,3,43.66323231
Ibjdixaa,Wihdr,16812,24,Male,2,67.04893119
Irlzz,Oiaykzo,16148,96,Male,1,64.01787346
Jmiqro,Wrocoqdbz,2657,64,Female,1,48.20208807
Aikdj,Vmzwmyzw,16298,72,Other,9,67.07661499
Oqdlqxl,Ytijo,11005,29,Female,3,69.73049282
Uxbf,Wknko,3942,30,Male,2,50.5854368
Isjqvmn,Fbpjge,7732,96,Female,3,78.95483117
Bxoilvfz,Ezsmah,14563,81,Female,2,48.71457168
Nzfu,Beft,16016,18,Male,0,56.95879931
Zazb,Ktdtmti,1546,18,Male,4,54.28660229
Kgobzhan,Lljo,1942,70,Female,2,72.25565917
Bampz,Ozvy,16472,97,Male,4,64.22614815
Jrqqjjquf,Hsqdfbz,15501,88,Male,2,56.47084898
Ituc,Zqrauhdu,3933,63,Male,4,57.31780026
Mtpftq,Lwoa,8491,81,Male,4,64.48207103
Dilvp,Dtpsu,17624,84,Male,4,75.91650907
Pxdp,Ieeyjveee,10903,22,Female,1,39.7903511
Jjmhb,Mnmqx,6123,48,Male,3,53.46927093
Jxnm,Quow,5889,37,Male,1,64.15249864
Jydrjasxr,Kjae,13512,64,Female,4,61.30952331
Zhomtj,Hnvtwrm,6952,69,Female,1,64.23556608
Zvzhbyp,Cprevhjqh,11063,69,Female,3,81.10345776
Hoqfnuyk,Wijhgd,15379,89,Male,3,48.89167873
Icljsi,Tnyvss,1600,23,Male,3,63.35637134
Tokimjt,Wpxmyui,17357,79,Female,0,58.36757938
Aldqk,Esmd,8072,20,Other,5,61.62024295
Mddl,Yvzbikurt,5388,39,Other,3,50.92720171
Gywcqxq,Yxmrryda,17036,31,Female,2,47.39231252
Wedyjcpdi,Jhmortjvd,16255,18,Female,2,66.07880503
Thmiwb,Rvpzmvsie,16423,29,Female,4,51.07295278
Vrlmxvv,Ogcsernpk,12315,35,Male,3,46.53137551
Monjenhhp,Hojy,5044,69,Other,1,74.54774585
Fgkdd,Ppfst,9663,36,Female,0,76.16098688
Pxijw,Orssdmwv,2892,96,Male,0,70.47174455
Nxjm,Pcbghyi,19926,81,,1,79.37736829
Rorwnabf,Lajhima,7276,86,Male,3,65.93039373
Ichvvt,Ugjabq,6045,33,Female,2,58.83747205
Gufkw,Nwlq,3789,20,Female,1,53.97422604
Gquubx,Ypumi,1487,96,Other,6,57.11097599
Ricc,Njhnydkq,7868,53,Other,4,59.01730031
Wecpoh,Jzfesb,7107,73,Male,4,46.7269341
Facyefyt,Wemmnzhsq,8506,26,Female,3,51.3889728
Uqzpt,Nefuf,3916,71,Female,2,59.3130082
Zdvbhm,Gxkwswm,18653,72,Male,1,54.98354909
Shragk,Yblo,7661,84,Male,7,67.11614181
Ufugopllp,Kswmfh,15168,67,,3,66.78958438
Lzmnvuluj,Wifqfnm,13759,77,Male,4,71.71061548
Uxtbg,Hztj,16671,42,Other,0,60.47544247
Fosunmi,Fgjubtale,18497,49,Male,1,71.67132561
Euankzoh,Huefuj,10674,93,Female,0,73.9356996
Hxzevj,Fuwyte,11677,28,Male,4,75.32890597
Zmcpzsu,Ohvtody,7157,93,Male,4,60.92862917
Ccpbkzy,Wmzqurjv,14639,48,Female,1,69.19943076
Hucad,Vyzvg,19148,33,Other,0,79.10459846
Thzlmcdif,Wbcioz,2851,43,Female,1,63.75190226
Zzlm,Xcpw,7187,86,Female,2,54.92757851
Xeccobegw,Eqxfpw,19411,52,Female,3,78.65911184
Dgansa,Heszzu,16794,19,Male,4,42.89644749
Svrallrli,Einw,11040,21,Female,3,60.74239244
Jqmme,Wkdxmb,19150,90,Female,4,69.55632699
Zlsvqivf,Cvzvdnmod,6526,34,Male,2,71.20370288
Rqqiyd,Qfmsuh,18438,60,Male,3,34.71840024
Fygsfvfcs,Eqnh,4737,56,Other,7,60.0272901
Xbsxvi,Rwjlxai,16374,83,Female,2,48.74442251
Akeisozm,Mmqtaiz,16485,31,Male,0,76.46930396
Querhvu,Efnb,9045,63,Female,4,67.53362244
Ezbfskidj,Cxrtl,8810,68,Male,1,52.59830527
Xwcfqpzi,Qetfji,19937,22,Male,0,45.5115519
Ukjfiirg,Shovzup,2795,74,Female,0,79.24600572
Ruexrc,Bsqcc,3189,68,Female,4,63.61004825
Yfzyf,Cdrd,13535,39,Male,1,58.45274854
Nuwukvce,Gcqurxkmn,5445,31,Male,6,48.58822063
Brgf,Xhqov,18821,29,Female,2,62.25494668
Bvim,Tcysgeki,12027,44,Male,2,61.77389754
Djjomih,Obcq,1686,69,Male,0,74.7816706
Lzndvadt,Khtonfzqj,10333,93,Male,0,54.07257969
Austac,Rmvhm,10426,83,Female,3,43.89316724
Xzgof,Eeszt,9218,73,Male,4,70.06450446
Vofq,Qaygtoni,15838,19,Female,1,69.95610508
Ufmril,Mkqxjqsna,3719,87,Female,0,94.14625005
Phamynqt,Skebxxz,15007,51,Male,2,77.90568127
Xtucelod,Bpuiis,19402,28,Female,3,61.52892648
Aafptezx,Vqwjbubtg,18970,58,Male,1,83.95173225
Vfel,Bfzgbs,17299,85,Male,1,36.95084833
Xbsns,Knupuvl,16233,86,,4,68.20357383
Uxuma,Slrslxmr,7041,67,Male,3,63.35661892
Csnypknc,Bitdhucf,6009,82,Male,3,50.92103637
Kpdjoq,Szpxw,7394,73,Female,1,66.31548583
Vibubz,Vzhdauw,18021,96,Male,3,73.18508148
Oohkib,Rywe,15796,61,Male,1,61.77867512
Zqkot,Zfhhpg,2058,94,Male,0,54.97466273
Vvgfw,Kcnbrj,12482,50,Female,4,37.55761459
Zbxvt,Ywxedzox,8686,30,Male,4,66.48149079
Vpfm,Fewtcyvh,18163,32,,2,68.16236049
Ztqwzd,Fozsmmcez,5071,22,Male,4,48.82548042
Fdkbjysxi,Kvnyzicdm,15998,89,Female,3,73.38329266
Lfcsxxqja,Pkkqko,15337,36,Other,0,61.31937538
Rscidgdi,Xmgpjj,17874,83,Female,3,44.33222752
Evplu,Jmoasbwwq,12667,58,Other,8,42.40970891
Xcyeifwc,Ckogd,12182,68,,0,70.5323342
Ssewcq,Rxqdldp,11459,95,Female,3,47.79675768
Goyqmrx,Docl,7327,58,Female,4,65.33682231
Uzxb,Ecdh,16902,61,Female,4,78.39869313
Dfbwyegsb,Dhngjlz,13093,62,Male,1,75.10777817
Chfbjq,Nndszivsg,3088,98,Male,1,61.07255307
Agtbchhm,Iwmdhesg,14487,43,Male,2,48.92170898
Mdfo,Nmjdo,16305,75,Male,0,57.60630713
Yhkuoqsg,Cfjna,15396,40,Male,0,63.56157043
Ssohc,Lqclrkzk,15040,53,Other,1,71.51413839
Dcdmyziik,Oxtid,18316,81,Female,4,70.96489689
Uhpv,Bsalwn,17284,24,Female,3,50.20384921
Nvinvby,Vmein,4356,45,Female,1,61.43607566
Cwcuwq,Xxgpcn,6032,70,Male,7,68.27846134
Apvjvmtg,Qrmtv,2394,51,Other,4,42.56836175
Dnrv,Mhgf,8495,83,Male,0,56.45794824
Lolakq,Xhpcv,3292,68,Female,1,35.01510044
Tcpqpzy,Qutzbchmz,5118,20,,4,67.26888446
Lusucbvh,Kcstuwvn,16150,29,Male,2,82.29360918
Bfbfxucvz,Bcpblg,11250,98,Female,3,58.94143723
Geujm,Ygdltj,6888,88,Female,2,51.89103816
Etyemxz,Adzdf,18310,98,Female,5,43.55503096
Kuixgl,Xfbxmcl,18716,88,Other,1,66.03049868
Ekcle,Pofa,10480,47,Female,4,52.96015295
Hvvysnv,Uiztnpwc,13220,24,Other,2,72.89864554
Dgzr,Luivzt,10052,74,Male,1,61.00205487
Veepbyrv,Llehic,18299,33,Male,3,79.43783344
Bjktih,Btqfz,13143,65,Female,1,67.64331895
Eaxhr,Gvhvghirq,15269,35,Female,0,68.66134188
Yrgiinp,Eqnpylhe,5394,77,Female,3,64.2776175
Lsjukrta,Wzuarew,1152,29,Male,2,59.93771039
Pzihqvkpa,Frogdqnw,6742,69,Male,4,61.65010309
Kdniqqg,Ytoxzsq,18154,25,Other,3,84.85067122
Uueee,Jziwrjvq,13017,30,Male,3,59.24241325
Fcbtm,Uwsz,10888,74,Female,0,64.91924016
Ccblio,Kfdwpoc,2619,22,Female,1,52.29016779
Waltdb,Mvtvp,4147,56,Female,4,45.81595924
Sgnrqnrn,Sipftrwy,18987,58,,4,71.95362216
Kptr,Gcmxlt,12475,37,Female,3,58.38672722
Wplznr,Iohmmuxh,19235,74,Other,3,58.84304613
Udsvp,Yxywztea,1685,74,Female,2,61.29151975
Sdkeppn,Llnkcrtkh,7349,73,Male,1,69.06724121
Wfamiudp,Zbzdpaxev,10471,42,Male,3,70.34850142
Ltxjclgv,Ccjn,5711,89,Male,4,70.81692746
Dbeti,Cdlbshx,13621,57,Male,1,56.41320823
Vats,Dtnype,3067,38,Male,3,57.38421184
Mjnluw,Xanljsn,10137,85,Female,1,68.43758512
Ugfp,Skprxs,2624,59,Male,3,51.60186046
Xmmewkq,Lunhg,16841,75,Female,2,41.3409158
Pjad,Zfrzk,15722,26,Male,3,57.48705481
Mdsapemng,Awyxm,4431,66,Female,0,62.18952186
Cbusup,Wvbl,18667,26,Female,4,50.36299748
Fhyjxlgoj,Ydtytm,9512,94,Female,3,74.74345352
Dfzvbime,Zlwnufbms,7752,34,Male,4,49.3983642
Jqqzk,Wcrch,3654,95,Male,4,69.91038899
Tcmjjrko,Gtqixoh,8160,59,Female,4,67.30696978
Pfmvlyl,Spvsdzszn,19598,80,Female,3,50.89558616
Kptyo,Wvqvw,5501,19,Female,3,77.32199546
Hjxsocw,Uteqrkkk,14844,97,Female,4,50.46336002
Idqmc,Rcwxhqw,2396,50,Female,3,64.32627112
Wqxbrjx,Qpciqvof,19959,65,Female,2,54.85552618
Yahlzwaz,Tsgykqz,17528,57,Female,5,49.86858691
Gkzec,Bkfjaws,18753,59,Male,2,55.97642279
Bxvhqvk,Clbr,5526,90,Female,2,63.20471226
Zstdk,Bsobpu,19975,83,Other,4,59.31371527
Snyogui,Dbbhqqr,13138,78,Male,3,61.41404555
Dldkhqoq,Kvwu,16850,39,Female,1,42.24177272
Rzlfirgr,Boyi,19886,89,Female,3,47.64006341
Auqzf,Gqkujlud,10767,26,Male,0,76.53405385
Hbaafnd,Ymaltgb,4231,77,Male,3,83.16852298
Ktqiphd,Wanb,11174,53,Male,1,73.35559831
Dgopyrx,Mxqdznf,10732,83,Female,2,49.48455683
Eghr,Ffkran,11557,76,Male,4,59.27671254
Mqyquvajo,Pgncjrbe,12552,56,Female,0,66.29825245
Eymgnu,Oiqdjfza,9374,26,Other,0,76.06346192
Relyimu,Shpd,14220,96,Female,4,67.17641095
Ujqyd,Taqpwcbj,7671,62,Female,0,63.39829859
Fwyjooaaj,Beev,6174,55,Female,3,53.36527297
Ytamxnj,Pkumrny,2771,30,Female,4,69.41846094
Aldvyo,Mqorhxb,16226,54,Female,1,36.90571375
Ppcs,Zqbku,4963,28,Other,2,69.48634967
Ggzkwc,Qfwfhgmtl,14064,86,Female,4,79.03401382
Mdlyfilgz,Nwzeqjx,2372,21,Female,0,58.45569614
Aanueh,Wnqefef,3939,25,Male,0,63.91466903
Rduqxbgkt,Aoygdvm,15258,54,Male,3,43.76121783
Fapsikuf,Mkmrhjm,9726,60,Male,1,62.27847668
Cymc,Brdypq,13130,97,Female,4,55.47399243
Jdvkubc,Uisgo,13116,19,Male,4,71.25265365
Noyeyqzv,Srcqeaipg,11932,48,Male,2,77.74391735
Miojgwc,Onogyoxy,2534,81,Male,3,37.12812689
Sukgutms,Wmzvyilm,8078,38,Male,3,65.78342635
Wxmstxh,Wybiaw,10255,64,Female,1,77.51421893
Ejgwhecf,Wbpvs,16865,52,Male,1,72.36844003
Xgnr,Ivhoyeg,4795,89,Male,4,54.67663522
Eilqdfqlx,Dohbu,13240,41,Male,4,75.51316692
Vnvc,Pfvwseaqq,6481,85,Female,3,68.21166867
Ofsb,Brljntel,5443,64,Male,0,75.65287823
Rcsoun,Maqa,13031,21,Female,4,77.94887215
Vjymelvj,Fvfydy,13848,88,Female,1,58.79945739
Paubgnsj,Fntchjzu,8273,23,Male,4,50.93099866
Qcsgvo,Xxxzh,2791,57,Female,4,69.16164244
Qlfxp,Mptjqk,14311,26,Female,2,55.14183877
Dpmfiz,Nbmdb,17050,68,Female,4,46.25865764
Gulvoa,Noftwht,17519,71,Other,1,50.5525084
Inuyveb,Ckfbge,15642,79,Female,3,53.48445429
Oqqrqnyc,Yihfciz,6646,34,Other,3,69.72538144
Kbho,Mjqt,13654,29,Female,0,36.66889683
Jgzdjtque,Xaox,18203,89,Female,0,69.64468351
Etjk,Kgqx,12299,58,Female,0,53.1610715
Gatbizhj,Ioeqnep,1769,55,Female,0,56.16923998
Opdmrcfc,Acurioz,15225,64,Male,1,52.6312986
Bopb,Cjmc,3991,60,Female,6,62.77147694
Qkwxd,Uccxvni,14321,61,Male,3,65.87315212
Myvpuogkk,Bjvv,5047,37,Female,1,21.72259456
Bvccxub,Rikqdhonv,6879,87,Male,3,66.22467685
Nebut,Iliq,15319,89,Female,0,56.50988671
Lduspypks,Mtfpklila,14422,27,Male,0,54.27011834
Qzcrvcfzn,Lcob,6434,57,Female,7,58.03558882
Lolzmuijs,Ypxqqe,9980,55,Female,4,60.0323267
Etrviz,Tqgxu,4868,51,,3,41.95359271
Ncxe,Atbzpl,11880,47,Female,3,58.27354529
Jafrbkn,Twqvpzt,15793,47,Female,7,37.19484069
Ygtswsks,Dncrvqnm,6192,93,Male,2,67.5692711
Iwyd,Lkzkz,2465,69,Female,2,69.27571691
Womebrie,Pfrx,11670,21,Male,1,53.72498391
Khnzyfp,Jbcbtui,14460,76,Male,2,67.57667796
Owwar,Xhoivilu,10441,58,Female,1,54.78545068
Kzjulfesd,Mvllpdmo,15922,28,Male,6,45.47258863
Qxqqvqg,Faueht,9189,50,Female,1,53.98228844
Kldtqlmwn,Ngkrztrx,15573,24,Female,2,71.67950898
Aldh,Djyplgtn,7617,80,Male,1,86.88239921
Fheig,Xphfgjc,9152,27,Female,0,48.56881909
Bkxiy,Pkrshsmc,16807,61,Female,3,75.73260596
Xumeai,Kbcjhqpz,6882,54,Female,2,40.56801531
Slwouf,Yejwyucb,13365,30,Female,0,77.68450139
Toeez,Mqbivvuid,12030,47,Female,2,55.92567997
Ehhyocue,Qhtccwpa,8345,65,Male,3,68.54509381
Ydmznzzqn,Nlkyfawbr,2525,34,Female,1,71.88409369
Bxvfarmyu,Yirdbccr,12908,84,Female,0,52.09511219
Zovqkgj,Hmyz,14709,86,Male,3,46.38404401
Nricbqcf,Qhjngncsk,12191,18,Female,3,48.44162157
Igafnx,Pzspvclvl,7770,92,Female,2,64.93866078
Nuagkzcbu,Dqpy,6605,94,Other,4,67.48347557
Qpjig,Rhesqbmuj,13212,25,Female,3,54.98184231
Mjvxtw,Bwiu,15551,40,Female,2,57.66007768
Kxlb,Jfbrs,10477,50,Female,2,64.25315653
Itimwndv,Gafypjl,3826,89,Male,2,58.33808343
Ksltyp,Yfrl,6840,64,Male,3,49.06493851
Wmdjbzzpl,Ezkzo,8644,53,Female,1,57.9142934
Snqxp,Lsshmnd,8620,47,Female,4,56.89173809
Exiq,Dlka,19873,72,Male,4,56.26674324
Grmqhy,Dvowkgki,6819,84,Male,0,68.97703018
Bgucpnfni,Lspljkg,1212,88,Male,3,63.19861751
Ziodpkxu,Xgtf,18314,26,Female,4,44.65091551
Yiah,Crqaaztio,9909,23,Female,2,79.76356246
Padzolx,Sgrz,12927,83,Female,2,60.57422649
Ldsfvbtso,Gizxfjzh,5035,43,Male,0,65.77747384
Hokab,Mxtnahr,2470,96,Female,2,66.2579795
Cjcnzf,Donxvzqn,3918,66,Male,1,70.69494303
Nwoejhzb,Lnrugbzyn,7827,88,Male,0,57.01921505
Wmuojbeow,Coldblrrj,17999,43,Female,4,50.69544815
Pwmcis,Cvxnpiq,12369,44,Female,1,73.40556961
Lntwtlvf,Fmzotndya,5934,77,Female,2,56.51413782
Iujkc,Efreze,15299,92,Female,3,54.25815253
Oytbtjy,Xcdpvnv,1075,43,Male,2,53.67634662
Qojew,Tmzcj,14111,79,Female,3,58.45750146
Tpgdilyn,Qsmmjyp,1959,87,Male,2,53.95843345
Zgarjd,Luovl,1258,95,Male,1,61.50459048
Dvqpvusgv,Tclmg,3551,35,Female,0,78.01311432
Wppwzq,Vqxm,16713,25,Male,1,49.53578313
Blnweyuap,Mhuocp,8843,50,Male,1,67.43420271
Jaerawixb,Nhwjhlxw,3199,65,Male,2,50.26493491
Jxgbckcq,Vspzycxuq,4180,91,Other,3,62.76208504
Latp,Yrprxtoig,14126,29,Female,4,64.73459434
Qsbyviv,Rwhtdk,15174,72,Male,0,43.49351291
Orcjjvdbg,Tngu,15914,48,Female,4,60.67613717
Dtunwn,Bxfp,4351,84,Male,4,62.33204417
Grpjsvat,Ccqj,3698,43,Female,0,74.66409834
Aqjzhjll,Feht,10173,56,Female,4,61.06747032
Hhfha,Hozrga,1362,84,Male,1,83.31726724
Yaqj,Gqlwdgffn,16975,55,Female,1,50.86374128
Fanfoc,Jouagdtu,19566,45,Female,0,72.97956127
Zckgdbzdx,Rgns,3525,71,Male,1,57.09381102
Dlluks,Rbozt,10821,20,Female,2,39.33140481
Mlwibppeb,Qtiuamizt,10389,66,Male,1,78.07403859
Xjthge,Lfar,4263,77,Male,0,48.56106433
Hthtlv,Wogokm,15218,83,,3,48.51374691
Xgigrw,Fmrgcwegf,12897,34,Female,4,64.97732932
Zobhqgxn,Yrikoptzz,11219,93,Female,7,64.88948978
Nhvs,Qdfcdrpud,10523,94,Female,2,58.73100927
Sundm,Bduveqbp,12885,61,Female,4,61.40808852
Utvkpwhdy,Xntrjyo,9565,38,Female,0,66.89686599
Jounmagvm,Leisuwo,13399,27,Male,3,55.36376199
Igqbdw,Ztjzacf,5440,34,Other,3,49.14358484
Odlepbba,Evjd,1365,71,Female,1,49.60337216
Ushc,Hynrc,8198,44,Female,0,69.38492706
Mhccbn,Fgvucuc,14263,30,Female,4,66.75459815
Khwcxccbe,Varuivqy,8958,54,Female,3,73.04771834
Orhuw,Awrpo,4245,98,Female,0,38.99210167
Emkdeedk,Jpmlazvp,2215,75,Male,1,67.19990249
Dvje,Tizafit,4177,84,Male,3,49.22796684
Afedj,Chgbvxhh,8608,18,Female,2,71.47929503
Frhvzembs,Zglxzesq,1502,24,Other,4,53.69186644
Citjdz,Eoxoe,6312,32,Female,1,72.96504737
Cgmtkpuq,Oahdejvm,19972,79,Male,0,60.50949133
Oigu,Wqhos,2926,37,Female,2,40.45129463
Ichv,Qiyzbsid,7522,53,Male,0,48.2156212
Cjghhf,Uiitzmvls,3981,75,Female,3,67.81915252
Upllkc,Sysghw,17147,86,Male,4,43.67674537
Ngvacb,Gkze,15518,55,Male,2,66.85223078
Edmq,Algg,7930,77,Female,1,63.93403229
Cilqofdx,Xxatjrf,17799,57,Female,4,53.87642506
Hnheexmd,Mzwgnkce,3896,30,Male,0,49.79193257
Doji,Qfgaw,13677,20,Female,3,52.19545785
Pdtmeuiy,Ygxfkb,10041,96,Female,3,85.01634591
Yosvluge,Epytw,5376,93,Other,8,56.26389974
Ylxzgxm,Kfab,19545,63,Female,2,67.90434809
Mbwb,Vdafw,2972,62,Male,0,46.54672371
Dfjb,Stjc,7811,69,Male,4,68.40512513
Kczbo,Enffn,2439,47,Other,0,57.0504766
Ofykhipxm,Dstic,6732,22,Male,4,53.91106285
Ocmqxevp,Zehtykoob,1150,72,Female,0,56.77189808
Tlglofyiv,Rfechwvb,9871,40,Female,1,76.71101365
Fmqpfnt,Uxkh,15829,83,Male,4,40.33245716
Chkkydyf,Gfojflfpx,5860,25,Female,4,39.13035759
Gokli,Dbcipjaso,7391,85,Male,2,47.8616378
Dybbhtwgv,Vrtmwworn,10316,90,Female,4,59.881691
Lmuenvm,Lmlufhnx,8235,18,Other,4,44.27087816
Awyz,Gndjpjqpb,9127,39,Male,2,51.06134539
Tfakms,Rdfc,16307,91,Female,0,62.28701134
Gdozsiqlv,Xxfuiywsn,16410,90,Male,4,55.15193021
Xilatnb,Gkmnnsj,14009,20,Male,2,72.7559849
Rcofbxx,Tpvgeaf,13242,21,,0,67.77670311
Saebv,Nvizkmf,11127,92,Male,2,49.33313495
Hheqjh,Wellz,16413,19,Female,3,61.86352696
Aitwav,Bcyejzkev,15367,39,Female,0,64.58186734
Jqctvrot,Gsqwv,15931,29,Male,1,72.14452617
Sgyeupn,Bdsatbg,19863,83,Male,4,56.63266095
Pmevqjdv,Yqmsflxpk,6043,87,Female,2,55.92259215
Rmiwln,Ogrfcu,17904,42,Other,2,66.70327214
Udhlidvra,Hqmhgmtcu,14575,22,Other,2,51.90513273
Xvoxl,Jopmrukqs,8161,91,,2,70.07009928
Baclsznm,Hrtvahsno,5551,28,Male,4,46.09379467
Sjvfuxs,Bqghwdps,11658,38,Female,1,56.55100075
Bgkh,Fzpidrtkd,3075,70,Male,1,64.52480631
Ciarcu,Kefngag,13402,51,Male,4,75.87326989
Vnuqk,Dkxwfv,12090,91,Female,0,41.01338504
Ulipz,Swugmqjrq,3216,25,Male,1,35.98484045
Zkhjsniga,Vmiabv,10801,84,Female,0,68.48482749
Rwwuwx,Stqe,13441,75,Female,1,51.44151546
Oaledmvb,Blbl,10212,60,Male,3,67.56731851
Kzrmah,Phxoyzj,10058,61,Female,6,47.26191387
Irxoqcndd,Xnuwdhlu,12193,54,Female,0,49.49863133
Oudnak,Leysgqf,16353,84,Female,1,46.37195377
Ztdkyqeff,Ldztu,10428,96,Other,3,49.31913307
Oaync,Mzwoa,10028,80,Male,1,52.22481162
Mtoefjhvu,Qhtquqjup,8728,24,Female,2,66.43476016
Fpqb,Wvxneihao,14833,62,Female,4,55.97858689
Txgvaaizc,Tqegqb,12649,89,Female,4,66.93389697
Umghzc,Oibebhfu,2648,84,Male,2,37.02091608
Mwvwgihl,Btvdsdrb,4738,59,,2,56.88887782
Rhdbkpxlg,Sfvtusjdj,18724,42,Other,2,74.73030369
Vdpmutef,Sakst,17772,18,Other,2,49.50320085
Yrzojtmo,Asno,4956,43,Male,4,85.54343098
Dbpxdrgzg,Siqscuvz,3480,89,Female,3,63.17268729
Ixwjbkdl,Jhgjgno,16192,36,Female,2,47.94516328
Aodukrz,Jifi,5984,53,Male,0,29.44022485
Ujbllcev,Nosxwkry,19683,67,,4,68.30441947
Dmlcz,Pohqz,17941,25,Male,2,59.18630893
Qusubewd,Qtbc,16619,33,Female,0,59.72068634
Gvjygfu,Mhnn,16914,70,Male,3,57.88418676
Cjnavcexo,Ojjcw,5809,63,Female,3,52.69859203
Ktuybbc,Oxet,5595,20,Female,1,42.7711881
Swvh,Vfzwqreon,3413,63,Male,3,55.96002889
Acai,Wcelhsj,5179,30,Female,4,81.03361009
Bajzs,Hssz,17275,26,Male,3,59.35370578
Sesdmeow,Zzilp,9964,71,Female,3,61.40675107
Tksvowzb,Awyhbk,7829,26,Other,2,77.04975623
Ongth,Aspxxiklb,4381,78,,9,63.50160361
Frsllvqvw,Qtopvvrlv,15177,62,Female,2,61.93657357
Nizsogmw,Ehhlzq,1652,27,Other,2,57.5718667
Lwmafusne,Xsdw,19927,34,Female,1,43.00842587
Uboucy,Peee,19675,63,Female,0,26.64496215
Mcbvdaib,Ifrb,5505,53,Male,1,78.7133866
Wgladjd,Kyvbvfcr,6898,58,Male,0,68.50289978
Ohwvqrny,Caywc,4644,88,Male,4,58.89867229
Ueqje,Lfeikg,18397,54,Female,1,63.9666405
Gygo,Cblotid,4587,66,Female,1,51.95472617
Rqmngk,Qxcjdlag,10557,85,,2,42.40852479
Dyiqhmnt,Juflrledb,16077,63,Other,0,43.1901236
Onda,Yfpbbrsy,14139,59,Male,0,69.86910691
Gegqlhssy,Ojsadlzcd,13648,30,Male,2,57.20958673
Ozaafnfi,Ysqme,17702,47,Female,1,50.01163557
Iqobk,Rgnp,18712,34,Male,4,63.40918312
Hbzmpegxw,Wacqfsv,13876,20,Male,4,54.18086685
Fskwmx,Tcyvkupe,17949,32,Female,1,52.2375593
Jrvmzv,Kfvdrsgk,17287,66,Female,4,60.55805581
Gfgl,Tddyxrvaj,10651,70,Female,1,56.27581755
Jlfgk,Xowdzf,18053,21,Male,4,52.72888221
Sgbdhr,Wfbstpe,11573,18,Female,0,60.0944258
Bvtankw,Szhbtcamt,10096,59,Male,1,70.35167608
Nuenfjf,Pqlapvtb,7138,87,Female,9,67.22490789
Lxub,Dtkwcjzsq,13651,82,Male,4,79.10577672
Hmji,Tucqj,17425,27,Female,0,66.16265659
Xsjbg,Vcphod,14157,79,Female,2,67.57539969
Fmcdeihq,Nionxwvxr,9848,53,Male,8,53.1309366
Cjmiz,Ytnrbxug,5762,86,,3,64.80988692
Vwbmtty,Rhpg,18535,21,Female,3,71.88122755
Croat,Vvmax,17521,84,Female,4,51.24424132
Uezpiyjh,Wuhepgd,19340,94,,0,60.44141727
Eomy,Vxroyjf,1054,53,Female,4,39.7784766
Xtylghc,Aritlz,6986,54,Female,2,37.24258289
Hyrji,Iigjmrk,17055,52,,1,68.75181536
Tqobb,Oiqhrjp,19145,90,Male,3,51.79760715
Unwojnuf,Dfsxsf,18818,77,Other,4,90.27612909
Ljqsifcc,Lhcxlb,17934,51,Male,0,66.03696395
Sqeilgn,Vpaauwi,13639,80,Female,0,67.81733324
Ecskjw,Gixw,6997,25,Female,4,64.1691996
Ltkfzdqh,Opug,17532,50,Female,2,62.09993136
Ntgflfd,Pymfad,3556,80,Male,0,71.0344092
Tjgevlqo,Mfuv,11313,24,Female,0,33.93030144
Rmvviavcn,Ijdnpdw,14906,83,Male,3,61.33012747
Fpebskgtg,Cemj,12709,55,Female,2,52.76662333
Ztlglzgow,Sqahycec,16316,48,,5,60.51380662
Hztuxp,Vygfuir,2737,52,Male,0,66.970837
Fhudtpf,Zbbkjpke,16037,56,Female,1,60.96541055
Ltvf,Ptcgo,14890,67,Male,0,78.47086217
Vgjw,Lnsqwe,16135,20,Male,2,47.49729537
Wgqsy,Uvkjtzj,5509,29,Female,3,67.76167839
Luygt,Eayqhgtc,15629,64,Male,4,62.99717796
Uqjjpdcod,Wiwiaym,5230,32,Female,0,54.67402408
Nqjut,Ohmznxl,4707,41,Female,0,73.40264767
Gqvjcgent,Svzno,11798,49,Female,0,32.57659668
Rczk,Pepnnf,14701,89,Female,1,50.60823012
Uxfhfr,Gcjgiech,18329,68,Female,3,46.14453653
Vedie,Iigvu,11999,34,Female,4,51.32421964
Gkluw,Fwtu,4747,22,Female,0,54.3069618
Dnuiulfbs,Rpfd,13342,76,Male,4,62.50551836
Qnfjf,Aigod,10458,55,Female,1,33.71625128
Qlkungsdo,Swmw,14956,76,Male,0,66.93862905
Pgxp,Vbkgqefv,8918,92,Male,3,57.1822702
Wywn,Ptkxxco,18012,71,Other,0,82.62792232
Lxpqjx,Ktinunb,9156,35,Female,2,60.13698598
Jkuj,Vtwxatlw,12607,41,Male,2,53.7883717
Qhze,Gzdukokce,12905,80,Female,3,37.19577025
Ecozbzvjk,Tabmyt,7460,87,Female,4,54.68068663
Lsunm,Xaldf,7707,33,Female,2,72.15070389
Hudjcq,Afaltpkb,1704,65,Female,2,70.10772033
Drgyjiywj,Kmomope,13127,34,Male,0,64.5727074
Rratofrvc,Jqij,2001,27,Male,9,88.28885402
Rvkcbe,Tejs,7229,85,Male,2,67.56390596
Uebtrsty,Wygjqp,2158,34,Female,2,66.59452068
Runbvjatf,Icfjqfcux,8597,40,Other,0,49.29822986
Pehe,Dhqmht,14350,44,Female,4,71.71667951
Crhmojd,Vxjp,12999,57,Female,3,82.59671703
Qkyhvflan,Qzban,1354,61,Female,3,69.35098176
Erxjrtcer,Xgvrnti,3332,91,Other,1,72.69803126
Lnhctgghw,Jkndgxcua,17932,40,Male,3,59.28856149
Bumha,Idfyomgft,9267,67,Male,4,70.64466613
Cauq,Ysafbe,13873,67,Male,3,76.51021919
Eyiqj,Ssalo,14123,77,Male,3,46.09006513
Fnilzd,Narsqhizo,9295,56,Female,2,60.75303807
Acglwxuj,Wnuztaez,1586,86,Male,3,51.29798876
Gkufkpeq,Ketk,16235,22,Male,0,48.9730592
Vuhuj,Oeolfrf,3449,25,Male,3,70.73957927
Ycgbhbu,Xrewrv,4617,94,Male,1,71.38935339
Tiqfrcd,Xolc,12991,68,Female,2,82.61400089
Ljllcm,Yxsk,12031,50,Male,5,46.85452071
Lwaosg,Yjoenben,16221,47,,0,55.74836609
Zyfgwvmt,Vibwgvc,2121,40,Male,1,61.73728919
Qktutikj,Mdid,9810,94,,9,72.77173787
Btrm,Vihrt,11161,61,Male,5,62.32311596
Yhfsao,Fzhtgw,17630,47,Female,2,49.61638739
Ltjjd,Ijfkrbu,9933,49,Female,1,70.40326917
Dpraelwi,Afebrsewh,6320,69,Female,3,59.81486912
Tugbkxe,Gbyqxu,10842,63,Other,3,62.81156641
Osaan,Onhxrf,6929,28,Male,4,70.59612409
Nufzlr,Gfmm,1741,23,Male,4,66.9722254
Uvoziox,Rdpf,4545,65,Male,0,65.64687877
Ipanyxyqt,Wnyt,17324,81,Male,3,69.9113724
Lqypl,Jrah,16705,76,Female,4,55.47762276
Opaitduav,Ojxs,19991,74,Female,0,62.1469162
Hmjskexl,Kihtu,4273,33,Male,1,58.94444979
Ueegu,Uqfdcjl,14262,79,Female,0,76.04912795
Gpgrahpxy,Iuxqgslim,16220,86,Male,4,60.69717389
Fxdrh,Wcvqure,1481,45,Male,0,69.35756242
Neokocqag,Iyqanwlpt,10786,65,Other,1,63.57063652
Zxdi,Fedzohd,18440,41,Male,1,75.22690221
Tpftvbo,Tvhrgeeyo,17717,71,Female,2,76.25245718
Pknvss,Alqhcy,13720,62,Female,3,65.57875318
Yekbyuw,Pthqpcgq,10719,22,Male,1,63.95356252
Gcgwwme,Vrbkpl,18543,51,Female,4,68.91272965
Bqiqud,Zfjrnkha,2009,44,Female,0,46.91353324
Prnxus,Nosuqpnon,8407,67,Female,1,51.62697611
Rcrt,Sscqfgowl,6191,29,Male,3,50.06116244
Adzk,Rmmlzepxr,13914,51,Male,0,60.63211454
Sozxdg,Rlhrnf,7170,39,Male,0,76.33481125
Qumml,Gythdsx,10419,42,Male,2,49.49931497
Ivhdpf,Vtden,1707,22,Other,3,71.4296978
Ivppc,Wakuhmgu,17524,64,Other,1,44.47368674
Sxipbp,Ayfqz,16723,19,Male,1,58.69264943
Jpil,Efkj,15956,86,Male,2,51.03537602
Mdoabxmn,Eyuiqet,10024,18,Other,0,58.5055677
Weis,Borhdoe,2171,68,Male,2,57.30116286
Ajqbkyb,Sznfzmfl,18323,90,Female,2,34.94554588
Jolv,Gvtgv,8999,62,Female,6,62.60780024
Mejxv,Hnmzgblt,14962,87,Male,3,79.59744683
Sgiikpbcn,Ndyde,10066,33,Male,2,71.55843415
Rsral,Dohhtde,15487,61,Male,1,61.72101795
Ijbjau,Cggps,13477,96,Female,3,59.70798717
Elqneaghg,Poeveex,12184,21,Male,2,66.49493394
Cfrioe,Thsjctg,13201,24,Female,1,68.65946892
Vjarim,Vngopys,8248,50,Female,3,52.12581856
Cuktvrm,Mgymsv,18758,39,Female,3,62.60814105
Mudmbx,Modyuvcbx,3054,77,Female,3,62.34564605
Pigx,Qhgjjpgcm,15277,31,Male,3,62.58270562
Bjcujfdl,Vimgqb,13076,69,Female,4,49.49789988
Qbobw,Bitbdf,8418,88,Female,3,57.04105373
Jxave,Ojnsonrp,14896,75,Female,3,74.74177248
Ydfrzowbo,Linpetcif,11568,93,Female,4,73.24722998
Ckjgiut,Ztjenfi,2567,63,Female,1,62.73792328
Anjg,Usuzc,17213,31,Female,3,47.65838988
Giigfq,Tsynuk,9725,41,Female,2,57.56106248
Knwduoyrm,Kkhylyptw,8040,37,Male,0,57.1323173
Dcshesr,Vhiwvng,8267,90,,7,53.55304288
Otfpujd,Rahpp,18907,39,Male,4,65.88048623
Ohcdx,Alxcynrn,5051,57,Male,0,43.40589073
Tklrx,Nsyutq,13570,83,Female,0,67.11006614
Xsuyl,Mhkbdnik,5382,33,Female,3,69.00938039
Qxhaqua,Gbppqmon,13762,95,Female,1,62.94841144
Klbqdr,Ybez,8921,64,Female,3,63.0573498
Ilyiudq,Qvcwd,11523,74,Female,4,64.9524488
Bspo,Xsicaqs,3954,80,Female,1,50.02296448
Cgqrp,Yceaglyie,5726,98,Other,2,52.49678846
Wirmhvds,Yirpachrz,11028,98,Female,8,61.02129784
Bbzhsovbq,Howxqkv,15702,48,Female,1,64.71777215
Kxrfa,Yvmektkop,1088,25,Male,4,59.85577089
Xzdkkqjcz,Iwojpgt,14784,54,Female,1,66.6926641
Cfygrxutt,Zwqn,19284,96,Female,3,67.12966578
Yrxr,Gejgup,16486,82,Male,1,66.43475944
Cfhgbwq,Jcngu,8652,39,Male,2,69.48066471
Melevjye,Wsyscow,1112,19,Female,1,53.46034687
Ejuzulyeb,Mrglh,15544,30,Male,1,57.65375336
Llyxjyjzd,Yibhfuvlb,13179,50,Female,2,37.53451479
Jhylia,Umejn,16020,93,Other,2,44.65931754
Ilbj,Yfdq,17180,96,Male,2,53.82847079
Jaup,Ebyf,18926,88,Female,4,64.37776029
Peurimkv,Nyllan,14669,76,Male,1,69.34838884
Gqsfrrx,Tflvafejv,10739,40,,3,54.84615955
Psaevj,Dmqxyw,11550,54,Male,1,60.23373218
Hrloxgxyf,Ztmefn,16538,57,Female,2,28.79746474
Rwhyaye,Dwcmhluex,1812,42,Female,6,51.60379775
Rqfj,Algy,19016,87,Male,0,66.9168753
Ycjlyp,Pkuhbedqq,11193,75,Male,1,49.47624979
Aroslizvj,Yibwxg,4314,60,Male,3,61.51612215
Rbeik,Tpmrycpnl,11755,71,Female,3,55.42383149
Ehhu,Hzndg,18371,90,Female,7,46.06029417
Izlzavee,Zsur,16284,54,Male,3,59.99820156
Irhprlfsx,Tvwf,17142,68,Male,0,49.95756541
Qiepasp,Thyst,2448,28,Male,3,78.41591887
Evtklu,Noyfqch,14991,63,Male,3,79.76194181
Jheu,Ffnoccqzq,16483,50,Male,1,55.47995587
Nsqqxkl,Yususnif,12287,25,Other,4,80.01665381
Hisdwtx,Ioevtf,15979,81,Male,4,59.44329609
Nflzbus,Beijodv,2036,96,Female,2,48.39112715
Pmywmnfw,Zkpv,6699,42,Female,4,66.78074312
Vhvxsw,Lqobbxf,5345,53,Female,3,69.16661546
Zcjzqtqk,Vubwbw,5335,83,Female,2,55.26590617
Woyzxxae,Ykdgsqks,8039,24,Male,0,65.37810281
Xtgsdovz,Ebjj,8305,87,Female,2,63.0911183
Noexiu,Mnbns,8346,67,Female,1,86.36999566
Frfkx,Wyqaxmwel,11867,29,Female,1,84.74966695
Wagtnpuog,Ethuvjrbs,12239,36,Female,6,57.50938756
Eobol,Yqbg,7846,67,Female,2,63.94831412
Ubjkxgiox,Kwjeimtcd,5156,38,Male,2,46.68957897
Stwgem,Xslzku,17012,32,Female,3,74.16781721
Khifxknh,Bwha,12460,81,Male,0,58.32564524
Qvjohgo,Afefxqe,11495,42,Female,3,61.85709344
Irygpowl,Yaepwuqng,9694,54,Other,8,58.39120015
Oyhdkbrx,Hkinxy,7864,79,Female,2,80.1763169
Nytgc,Rxbgwe,16816,91,,1,82.09490153
Aaebvpnbx,Velgll,6206,37,Male,4,52.90456992
Zesy,Ofskihshw,4004,52,Female,1,76.26337614
Dtvtq,Zpkixlrf,11500,27,Male,2,74.64560813
Sehrmiag,Ntenwz,9616,72,Female,3,48.49948694
Eyjofapzc,Rnbkoi,5919,45,Male,3,55.01131971
Akzbxo,Rpgkdn,1578,95,Female,2,57.77997616
Aemvp,Dsulxi,16928,37,Male,1,50.25955391
Nxbydj,Kuqfejczn,1204,57,Female,3,71.78200031
Qghomeye,Vwtuwlju,16475,28,Female,1,54.71426558
Rnum,Yaik,10401,94,Male,1,87.99161807
Ofspzoc,Xhhzfuqgd,5063,51,Male,4,62.28448394
Vkiedb,Xtrfpyvem,10489,33,Female,1,45.86125952
Youcivfs,Gpupbfhw,4309,54,Male,3,61.07438606
Zkycokzla,Pjjqk,2219,89,Male,3,60.22978693
Sphky,Dxkdwhm,18819,55,Male,4,92.54748137
Ramfng,Llzvotoc,13791,42,Other,0,45.59762674
Bldjfg,Akihjoip,19032,41,Female,0,57.31204196
Splve,Rdms,4043,88,Male,0,61.23517254
Sxjlucjw,Vgqnh,16445,29,Female,0,56.57053057
Ybtayckxx,Nrouf,10010,79,Female,4,68.0914938
Zxcn,Poildpjnz,12367,26,Male,3,61.05009277
Clyufezxs,Nitb,5573,92,Female,4,54.40156995
Lqwdimj,Nykn,7863,38,Female,0,54.91621394
Mqje,Gzhrxli,18648,45,Female,0,52.31336106
Ynuv,Pduanxrh,12886,72,Female,1,52.62183669
Ojexwgblt,Djtnidmxj,3478,85,Female,3,62.29026248
Agixvefxn,Gkueuc,15144,24,Female,4,71.04937868
Hjnthh,Srezrnfoj,13304,37,Female,2,34.84170427
Haeoysm,Xamnju,15298,97,Female,0,55.71533526
Nlje,Scqlax,3885,76,Female,0,71.52423327
Mrmcp,Tsjinwiq,8838,20,Female,0,37.25483127
Gpdyh,Pzmmz,17766,56,Male,1,58.68796035
Iecp,Tqzmyzs,1125,80,Female,2,31.17556898
Ahboq,Huyio,18260,69,Male,4,75.785147
Zfotbi,Uclht,5360,33,Male,3,66.53287568
Zffs,Pgapyxnc,14966,39,Male,6,71.67036663
Ougjsy,Fdaxy,9620,46,,0,50.27289448
Jbfrzo,Dkjadnwyu,9960,47,Male,4,49.95776158
Iscptso,Oqcsmrj,3893,65,Female,0,37.8371105
Ohgpvkhk,Srhlghgfp,14950,79,Female,0,43.81481205
Dqhv,Gakjtpo,19550,78,Male,0,52.22522276
Nkqxwzy,Gixaph,14124,67,Female,4,75.74275788
Kibt,Tvginmbv,4327,43,Female,0,41.34751349
Qquynozfn,Ybzirn,11049,93,Male,2,54.34980607
Ipbub,Fivitfb,7021,60,Male,1,56.99052891
Dxocergu,Oplo,10213,40,Female,6,48.7192787
Yxfq,Iopd,12584,78,Male,2,66.06711419
Hwxgikw,Wtnvbrzm,19597,68,Male,3,74.89500916
Noskwuc,Xwzvl,19182,24,Female,1,74.09086372
Nfldys,Qpxrwd,11041,95,Female,0,38.11825456
Fhwmge,Ynbu,16857,20,Female,2,56.7982924
Giogryrzq,Vcvapol,11748,83,Female,4,49.29492933
Lbxiriux,Hhci,16553,22,Female,3,63.70850948
Idxthzmfa,Htkrt,18241,52,Female,2,55.92813876
Soay,Vsbl,9027,31,Female,0,60.18211105
Kwmip,Cgdtlo,15325,27,Male,5,68.97818712
Qshalnh,Lpbdnens,18915,68,Female,0,48.95997198
Vgnxpea,Ikssyy,1074,60,Male,1,62.261405
Jpzzhxv,Jrzvce,5387,36,Female,3,63.55153684
Hidiztt,Ftxtjuxp,18977,27,,2,43.51173587
Krlqyokt,Ewjz,9575,44,,0,64.58763704
Vgdyqduui,Hokv,7447,49,Male,4,58.50074326
Jncqsf,Gtoa,4140,51,Male,7,100
Whrdd,Ewlxoi,1941,26,Male,2,46.69108146
Eunirdtjj,Mmsjq,11085,78,Male,3,84.89438319
Bsquagk,Dnuvfmde,9609,79,Male,3,44.81042453
Baztqdnlb,Mmzxvxq,14733,38,Male,5,49.70159747
Zxqpipyni,Xwoulv,6324,28,Female,1,90.11658372
Wukfq,Evqjvpd,9138,87,Female,2,38.96686031
Ntzmmsi,Dkdtn,18127,43,Male,2,52.77097909
Ysmm,Diaqs,18526,57,Male,2,76.87760485
Uflycrvyq,Qwleks,11026,56,Male,2,69.39871405
Jczahhwg,Pbfxngu,13642,26,,3,64.38078345
Xbkifz,Pvjvhupgg,17108,54,Other,3,41.04664298
Iqwozcp,Rfwdx,4229,44,Male,4,68.421136
Niphesbp,Lszpzcjf,4298,80,Female,1,31.76306037
Irtuu,Jbdrseaj,16938,78,Female,4,53.13419192
Emribj,Vlfzmfhh,13453,26,Female,1,42.84503689
Ulibdycw,Aiatm,7832,86,Male,4,30.13206298
Mjxxhpoj,Ivjjdffvp,16751,51,Female,2,41.706007
Dzjf,Gtkwc,1678,78,,8,56.80685382
Zbmuljc,Enhs,12713,48,Male,3,47.88859323
Tzajilc,Wtgnpvssi,9553,87,Male,3,68.13505669
