18
978 5344
160 950
417 867
380 81
91 315
571 590
515 333
954 247
421 647
227 554
792 723
336 23
120 804
753 179
12 830
663 251
200 145
73 741
550 881
517 791
585 248
8 377
261 105
262 105
27 673
339 700
54 941
140 443
530 418
875 552
270 612
54 207
864 274
130 170
884 861
440 625
388 535
153 123
228 665
605 685
209 908
32 842
423 400
488 59
414 370
751 218
939 699
205 876
828 292
223 40
317 435
634 759
29 948
789 596
35 894
255 844
236 797
517 911
936 925
756 6
166 589
818 776
242 689
194 571
874 508
605 861
488 473
270 764
346 366
915 188
199 527
958 796
833 869
900 562
885 28
54 566
139 669
860 265
512 774
587 724
34 716
643 838
793 301
75 847
862 825
938 118
42 67
480 34
762 440
410 341
109 260
964 678
159 393
3 212
969 415
111 128
646 224
975 444
5 953
523 609
573 603
283 894
571 447
605 793
331 85
252 648
806 591
861 129
789 184
140 14
229 448
641 146
978 877
542 896
101 368
157 883
529 523
237 262
93 1
275 98
276 92
78 160
834 648
391 390
762 336
83 889
429 127
858 460
819 894
42 820
344 553
722 599
954 430
809 46
844 846
841 778
868 394
151 636
270 150
355 1
944 157
546 161
509 870
144 187
337 755
308 966
516 163
80 878
781 866
902 26
960 61
643 890
541 528
302 950
671 924
89 58
160 384
213 288
606 469
473 255
73 834
351 303
102 912
437 333
317 54
392 318
331 969
797 727
638 415
691 190
791 808
19 1
934 175
721 804
290 349
208 369
756 720
101 575
380 690
326 261
717 972
532 321
218 732
607 529
476 53
498 486
831 312
615 10
816 532
526 867
50 437
320 165
217 412
53 253
275 402
810 62
519 143
978 537
910 76
880 13
122 701
141 252
414 555
698 744
103 430
75 603
333 265
148 496
653 693
473 436
355 847
714 933
714 126
572 845
458 554
607 836
87 968
684 423
423 461
151 375
337 735
854 531
728 814
379 497
621 230
464 535
271 809
200 721
577 598
457 888
97 798
276 526
816 715
618 553
144 760
321 726
349 161
841 962
762 959
337 947
146 14
360 243
188 742
739 296
488 456
266 660
321 28
351 518
378 231
267 527
235 249
71 72
863 60
264 675
904 504
378 75
307 565
399 949
427 197
528 905
909 207
947 420
664 864
632 538
130 864
666 523
207 425
335 356
445 825
134 785
504 928
411 258
745 234
289 129
361 595
664 733
883 6
481 496
522 208
869 690
249 647
106 591
696 917
752 85
201 977
842 801
40 540
828 705
72 356
776 293
61 293
204 189
638 592
670 460
104 387
565 847
251 340
362 356
787 317
491 136
786 788
458 817
310 634
920 357
259 331
26 905
481 146
780 484
273 25
659 814
859 872
42 779
146 917
791 825
833 440
429 191
409 94
874 1
412 479
526 313
370 808
730 32
316 848
152 959
309 573
915 78
606 681
149 932
649 977
317 376
328 150
854 497
410 877
12 348
306 52
822 373
109 246
79 305
441 478
591 631
918 653
740 612
944 958
687 222
672 216
9 96
664 378
859 752
606 607
199 345
811 629
95 364
163 499
725 77
356 544
103 52
522 303
32 463
54 13
107 599
2 63
7 878
849 640
921 275
617 267
904 906
355 542
248 580
500 733
739 943
819 57
180 870
587 53
897 778
897 253
934 401
829 699
815 955
355 34
515 865
543 935
12 347
569 486
967 294
149 712
166 126
22 211
956 237
151 782
939 769
335 392
245 581
526 693
601 175
214 764
31 478
569 406
236 323
826 856
646 681
703 469
26 596
762 279
343 29
675 865
123 300
533 456
415 113
806 803
606 924
792 354
369 940
831 825
844 746
842 342
356 353
379 413
490 648
960 280
347 187
55 746
365 899
26 374
688 221
349 796
29 971
284 117
88 878
488 115
159 600
750 160
807 924
398 558
112 686
22 673
976 216
599 848
762 724
781 294
286 719
549 547
141 248
731 764
643 10
316 354
64 944
672 69
857 654
711 970
213 171
621 222
330 386
60 645
350 12
867 162
794 718
190 463
500 547
672 436
213 481
251 18
911 437
141 474
404 599
189 241
558 248
809 125
921 142
915 686
137 338
77 676
429 479
451 740
506 460
472 671
575 295
698 856
15 444
495 773
884 598
188 221
388 434
466 150
427 137
552 314
505 327
767 443
329 907
606 148
457 36
937 477
27 948
774 364
116 657
38 126
158 524
31 349
768 959
623 194
718 915
147 538
166 330
903 775
5 728
155 845
335 188
462 812
800 843
157 279
298 889
469 80
87 385
77 98
435 279
643 346
896 300
534 671
791 519
538 820
762 639
465 936
254 531
9 622
218 871
138 561
787 815
563 827
349 186
799 881
16 196
381 975
615 510
898 353
530 628
846 347
167 115
97 360
461 967
632 845
500 787
563 461
908 253
934 599
838 689
171 525
785 721
915 734
36 477
804 509
849 851
404 89
114 553
445 529
874 294
175 447
821 574
752 441
926 690
898 387
95 866
151 347
668 474
209 942
247 39
321 788
784 81
714 648
694 57
783 941
326 968
347 142
679 513
168 97
593 381
518 897
117 599
297 726
7 882
263 57
874 527
544 337
659 780
70 120
586 737
861 771
255 52
493 820
277 775
281 584
224 546
632 415
406 30
597 889
377 816
670 538
467 28
114 890
876 192
434 879
27 652
461 364
168 159
886 164
100 444
392 253
799 791
416 948
512 361
71 736
495 513
588 790
543 167
594 928
5 714
230 554
264 951
635 341
3 246
769 267
749 218
144 866
273 831
735 295
277 758
165 948
149 970
11 806
336 404
706 15
733 34
874 630
673 446
213 109
158 237
270 886
307 232
308 343
555 363
367 386
367 825
480 591
736 667
944 584
686 711
545 305
853 803
236 373
164 438
451 615
459 941
259 967
316 217
245 249
465 580
889 113
269 805
707 494
909 332
70 285
110 798
532 725
2 424
917 743
174 670
810 275
811 419
621 887
188 51
484 140
68 374
855 826
235 597
141 510
107 276
36 448
409 740
383 703
356 477
8 419
905 590
928 591
123 504
641 379
551 871
229 333
259 959
206 704
651 142
459 730
67 327
428 919
913 241
289 244
623 113
787 735
347 442
493 695
404 118
9 755
493 81
501 609
240 763
639 474
250 962
752 737
220 499
734 490
240 469
297 716
449 909
231 848
272 620
733 591
783 167
698 8
909 865
786 854
434 579
953 721
471 970
672 150
954 185
403 167
937 1
169 291
578 479
794 604
63 570
659 415
236 421
657 22
658 873
462 162
201 914
787 631
974 232
847 154
794 274
651 135
514 429
37 110
847 311
547 653
397 526
626 741
398 850
823 584
862 360
612 592
166 675
133 601
171 225
941 306
629 696
907 565
231 508
358 716
506 205
911 656
509 293
302 807
862 844
259 25
831 840
878 490
657 726
266 461
530 878
548 507
491 631
936 435
565 643
21 712
701 536
668 736
247 967
372 146
636 300
925 869
285 80
565 211
200 3
257 921
419 694
370 770
208 510
22 502
897 913
48 87
227 343
618 847
691 676
358 953
697 1
950 733
936 550
921 744
131 881
480 189
261 413
777 583
47 571
268 820
361 366
927 600
141 408
586 554
615 472
807 973
916 769
442 700
278 302
558 27
245 169
141 89
266 500
558 112
859 386
54 778
952 597
721 527
773 94
88 249
336 555
915 513
687 760
335 791
599 913
233 181
250 765
200 276
641 334
254 264
92 232
682 975
457 957
520 499
23 693
278 455
650 660
557 840
375 635
446 665
960 482
34 145
785 687
71 579
183 368
609 92
283 510
81 711
61 62
61 489
800 781
278 441
547 446
824 590
629 784
715 33
383 183
898 930
24 673
315 98
616 911
339 821
49 50
875 295
505 592
107 843
789 769
223 910
648 373
855 514
575 922
100 400
450 98
636 160
820 486
197 448
452 88
182 971
808 550
495 722
420 163
95 106
939 45
685 118
958 428
500 844
599 720
835 547
32 271
682 360
892 893
471 648
646 809
807 697
723 578
208 960
658 714
337 25
657 653
965 92
394 950
767 192
513 737
914 193
606 838
65 359
555 423
652 146
740 627
744 492
923 632
226 774
799 197
674 916
34 906
568 889
73 445
532 871
610 534
293 474
422 856
411 222
377 517
811 772
575 899
407 781
793 380
302 616
263 930
252 50
252 767
103 167
809 207
170 237
8 213
7 978
487 135
122 223
953 386
512 683
525 887
200 13
952 471
381 515
516 450
661 876
369 910
304 691
649 812
45 918
767 576
449 632
229 567
810 163
608 243
11 611
94 471
130 973
556 696
550 809
977 917
7 350
852 156
449 745
8 977
252 961
169 702
127 160
954 281
166 472
749 947
539 535
459 618
449 763
70 193
962 892
652 347
818 610
378 283
555 252
341 924
207 737
640 45
180 286
237 720
974 600
665 654
316 750
406 484
650 218
341 628
377 318
766 728
749 129
70 782
624 241
787 415
218 565
528 824
955 494
629 955
298 743
777 213
355 372
855 778
379 845
710 899
500 668
399 680
914 764
572 443
754 562
865 106
422 652
149 332
294 846
219 568
154 332
815 474
229 949
284 677
376 574
418 126
839 288
301 244
76 890
22 666
205 346
188 616
156 513
140 190
584 903
767 409
163 359
806 625
30 502
772 126
114 746
888 147
927 361
514 725
169 719
181 258
491 765
829 318
480 80
203 806
799 724
300 817
233 376
68 577
804 702
566 821
219 96
922 882
94 26
104 676
351 50
133 139
340 711
743 443
954 810
246 400
416 913
606 113
383 56
601 716
248 597
723 951
65 523
825 260
72 579
636 80
833 113
32 843
66 832
765 279
929 582
108 459
453 219
915 224
754 469
972 412
729 600
356 688
406 286
248 905
541 465
120 371
852 147
527 866
400 872
644 369
900 327
772 155
3 405
574 267
704 747
541 23
733 96
957 5
755 697
278 591
677 503
768 445
589 597
122 190
311 260
791 453
98 435
276 302
835 543
446 873
485 359
531 731
217 172
398 294
236 325
664 963
603 753
756 105
457 245
940 477
195 892
946 798
853 924
30 365
371 678
786 64
697 747
19 28
78 47
41 15
97 122
30 631
812 503
200 188
101 594
45 325
176 887
575 443
656 33
893 1
344 216
436 838
954 903
404 879
885 899
239 590
209 68
25 677
264 441
64 715
801 323
371 134
179 774
968 716
736 142
685 903
850 738
254 562
612 334
95 506
829 61
915 592
136 627
449 169
675 550
434 840
953 968
633 23
516 286
687 393
906 782
308 237
954 121
43 529
725 85
263 250
263 577
675 864
701 957
430 665
201 745
533 232
535 809
572 578
901 463
481 934
923 126
797 675
214 462
449 605
266 61
452 574
339 872
715 496
954 85
919 575
614 710
426 295
407 267
281 600
522 342
708 145
49 65
712 212
397 870
969 176
787 153
914 883
420 35
976 217
960 675
81 507
816 882
174 459
582 324
748 399
605 306
237 248
217 189
240 233
972 314
663 541
316 649
407 660
800 139
782 474
914 721
79 947
53 230
753 941
844 183
493 31
352 514
57 113
208 913
276 541
491 57
891 244
234 39
289 512
316 15
907 51
828 930
244 903
944 800
229 187
963 656
462 780
191 15
385 63
212 386
272 876
129 34
539 98
204 820
167 384
235 622
850 697
615 737
247 267
799 37
820 478
920 661
554 14
808 907
381 23
426 503
334 148
389 92
337 667
853 18
263 695
213 376
361 647
916 324
414 108
586 822
823 976
729 461
694 575
44 839
579 171
800 844
121 818
602 645
674 40
510 179
449 756
920 891
406 405
282 562
447 125
646 441
731 661
236 282
54 305
348 892
594 404
611 757
756 876
28 526
947 941
196 117
850 131
70 145
355 373
436 113
735 202
449 420
853 478
650 350
960 149
978 321
709 441
874 295
560 256
892 503
729 915
289 814
823 354
274 135
862 284
865 40
144 228
776 146
402 56
133 497
169 350
504 971
35 513
470 661
668 526
470 259
695 275
886 92
177 227
810 100
74 372
666 90
668 669
461 185
375 18
321 494
946 301
413 971
213 926
724 643
397 180
144 136
212 348
111 332
66 344
370 424
551 665
446 761
407 818
133 549
729 432
800 488
750 959
287 839
797 613
938 99
594 526
684 473
644 145
759 354
372 778
247 398
221 55
13 722
858 608
371 346
548 821
81 15
610 798
855 603
577 34
577 661
9 416
834 966
640 676
104 311
593 190
458 13
803 833
165 376
663 311
350 747
704 905
388 25
264 754
653 485
449 871
620 23
685 155
858 624
289 436
331 171
877 856
641 498
240 843
663 5
886 781
795 437
338 751
582 554
229 807
748 190
267 131
964 891
417 719
868 156
128 646
36 55
112 405
748 867
645 192
4 216
352 626
923 489
217 256
247 527
87 813
407 264
114 534
259 548
919 666
239 962
824 318
241 106
242 261
304 40
209 1
541 384
9 567
746 879
377 77
414 924
103 156
769 938
535 955
574 626
886 94
852 557
467 978
92 716
394 689
767 59
962 871
953 243
239 351
294 277
539 16
577 325
939 858
706 438
816 789
886 877
836 344
549 860
400 461
143 890
780 866
899 504
404 570
39 622
387 446
886 183
79 439
579 246
871 492
321 845
50 846
160 333
16 66
745 137
914 679
699 327
628 295
865 51
937 668
902 429
832 804
944 686
724 687
393 883
547 241
505 820
363 771
271 886
808 248
20 761
22 790
556 621
8 534
850 773
429 677
111 30
212 128
639 315
913 931
54 285
772 600
164 626
168 230
367 846
832 29
433 160
337 164
870 14
946 855
718 171
356 935
123 353
569 452
364 576
164 421
201 437
77 218
812 890
78 518
188 661
462 300
905 848
773 754
545 699
141 414
571 297
536 373
954 972
168 260
685 353
867 642
166 890
635 820
264 482
655 759
166 196
947 752
301 782
549 935
252 809
36 846
36 283
537 935
955 39
298 827
337 452
524 747
707 157
446 260
947 212
978 380
861 870
923 896
130 646
24 752
422 328
32 198
561 61
852 95
618 38
682 421
675 824
325 57
320 106
128 261
789 720
169 959
757 38
44 906
79 389
796 614
569 554
13 758
430 796
358 777
470 770
841 750
623 247
238 851
881 525
642 665
396 768
633 217
657 876
195 859
944 225
542 803
378 350
199 156
964 281
537 936
922 306
847 848
4 926
520 719
207 689
724 442
317 892
229 319
304 517
605 824
458 444
713 226
911 963
163 330
694 934
517 909
630 432
516 412
742 119
535 29
703 913
894 583
236 54
346 530
717 246
257 501
169 928
793 171
868 553
96 847
745 623
339 839
376 955
331 913
880 955
605 544
611 411
442 63
679 5
833 874
248 395
757 275
247 24
270 702
234 127
714 831
342 697
887 893
202 529
560 390
687 388
603 227
464 61
120 787
543 218
266 818
671 492
729 365
603 42
941 631
146 796
642 761
862 435
455 523
846 393
30 726
649 262
7 9
119 260
691 959
586 296
909 279
674 636
235 862
415 699
933 582
129 661
148 628
936 533
577 872
77 784
170 114
691 393
500 7
389 623
857 468
736 146
149 723
588 809
954 428
664 191
330 692
955 384
21 953
744 631
537 536
929 848
68 440
217 38
727 525
129 498
898 736
242 605
668 4
593 790
165 88
426 225
83 448
104 518
781 63
342 437
252 760
435 511
683 395
61 531
632 465
777 277
118 145
11 101
49 958
378 393
112 346
579 737
110 858
936 147
37 480
21 593
787 14
423 680
204 771
337 740
174 790
952 721
541 756
803 332
57 370
774 191
740 46
843 739
375 469
605 186
236 723
604 315
584 198
90 295
443 52
491 594
537 502
159 903
26 184
101 287
49 806
555 673
975 10
664 302
12 845
246 866
561 583
811 113
185 972
442 424
868 631
480 272
613 538
698 368
209 716
581 347
309 742
450 440
815 56
659 363
930 620
771 312
681 269
147 754
433 427
112 486
392 609
101 241
923 304
853 535
735 661
11 258
675 190
957 277
452 365
935 805
586 499
577 126
95 930
521 223
481 522
712 269
172 860
62 903
585 551
909 950
82 583
145 390
381 893
292 904
495 724
422 284
317 307
874 840
335 447
64 551
464 265
466 203
17 950
234 692
396 493
552 284
626 319
521 851
744 846
854 953
38 394
655 696
912 618
566 342
235 136
349 106
528 256
706 753
918 85
282 798
445 482
411 843
101 152
213 689
767 254
514 142
951 568
790 949
898 602
37 958
260 124
761 382
942 880
858 169
246 191
352 661
180 171
952 196
861 406
865 296
828 148
900 761
24 226
403 701
247 768
600 43
298 546
454 625
31 490
70 750
914 461
402 867
24 759
920 359
153 773
579 628
835 856
909 315
286 619
693 41
344 752
504 55
436 6
37 64
517 891
519 470
703 693
544 770
10 162
157 710
563 895
335 773
185 913
108 654
749 920
861 947
309 502
519 705
704 295
170 562
372 93
918 763
501 4
577 434
799 138
895 244
534 608
77 971
481 629
423 622
246 962
100 969
411 571
266 209
873 479
588 473
174 568
618 119
691 343
784 115
164 860
969 428
78 404
644 39
60 753
974 80
69 296
317 286
872 758
727 765
66 971
933 125
159 795
808 296
239 455
497 442
615 560
377 847
524 595
427 12
8 641
800 348
217 761
713 77
145 876
108 594
918 300
422 257
310 38
855 638
9 380
797 459
636 341
340 838
893 354
788 566
922 754
626 296
664 913
221 15
973 138
369 977
361 589
744 238
669 764
356 553
585 820
78 845
472 821
218 221
734 258
493 474
78 614
114 615
151 238
464 309
196 354
289 576
474 441
936 825
828 383
273 524
906 721
416 634
85 156
196 497
676 294
71 484
381 769
222 287
586 697
170 951
960 134
599 179
263 93
2 677
931 207
349 599
254 687
240 234
370 834
900 613
153 677
902 129
685 527
338 228
188 294
579 800
620 260
516 345
402 530
494 431
352 515
404 452
762 537
629 709
796 677
11 234
694 504
287 50
18 143
491 927
807 326
144 436
793 614
538 28
847 10
280 772
208 801
770 559
763 737
467 163
324 354
782 814
235 760
131 492
749 788
696 4
570 531
214 557
76 291
22 216
259 239
650 709
371 681
810 945
706 256
818 399
286 564
875 706
355 370
290 641
901 431
939 571
298 449
199 283
465 26
232 870
304 339
620 380
857 86
341 365
638 930
153 138
256 384
717 706
594 940
97 396
83 863
557 590
707 727
706 373
136 832
818 164
468 96
288 17
363 567
617 507
220 78
421 219
24 737
150 353
466 615
235 821
83 586
691 72
483 337
70 456
952 231
951 113
920 475
828 764
810 915
954 37
852 896
706 535
194 374
487 561
700 716
772 65
792 202
459 838
632 84
791 675
482 61
407 189
128 258
128 228
398 434
456 405
977 904
480 702
627 837
921 698
595 825
635 740
483 627
320 63
908 912
301 574
460 827
676 65
218 345
555 487
620 568
547 703
7 876
481 26
691 81
857 134
144 923
597 1
54 964
163 562
129 51
185 572
109 627
787 818
118 161
885 976
781 437
512 833
783 662
406 346
357 303
954 762
59 815
957 212
292 184
812 825
337 660
194 586
668 210
467 327
965 463
472 450
374 78
39 968
79 438
136 228
635 800
924 306
928 731
799 253
38 314
855 831
877 600
723 29
79 80
275 945
828 259
99 511
646 450
468 808
394 695
632 6
36 532
473 585
717 64
147 853
773 905
793 400
668 516
559 18
174 51
744 828
696 250
54 78
239 523
809 368
61 621
480 772
500 658
321 256
433 974
410 909
374 962
894 486
397 54
626 576
774 666
835 304
260 413
246 931
42 106
281 88
227 353
777 943
340 64
858 415
198 916
567 846
729 187
951 47
567 146
330 624
439 268
829 132
632 757
664 187
409 956
835 101
835 783
450 838
327 890
327 705
470 486
719 928
937 900
823 140
357 175
503 463
782 693
762 208
345 354
660 434
472 80
790 833
593 713
547 47
100 269
703 454
409 107
472 435
558 428
856 455
13 345
696 827
163 436
73 585
555 445
25 754
205 124
121 315
206 815
816 47
172 720
543 404
657 754
607 14
197 157
235 486
290 432
332 692
313 478
282 728
427 648
633 527
429 314
328 931
602 252
344 825
376 364
695 179
220 449
433 596
868 597
830 228
262 218
66 785
798 582
485 446
515 365
548 732
893 840
38 774
383 425
203 524
920 795
280 5
111 190
128 187
305 3
820 297
940 90
401 346
918 63
839 678
76 865
573 539
392 99
515 43
248 711
126 716
895 371
199 749
865 846
60 552
477 438
385 714
580 780
512 160
377 660
853 301
815 715
306 574
788 654
368 497
657 226
95 102
227 145
947 442
704 858
227 589
139 776
447 238
216 592
178 443
540 943
698 697
606 971
933 313
222 127
22 8
912 190
405 742
523 399
281 808
717 907
835 708
819 203
239 384
491 394
970 830
610 659
402 505
421 427
478 148
792 847
156 928
976 267
302 166
50 391
125 268
287 93
806 760
322 344
863 436
166 44
521 632
48 262
429 300
729 734
252 62
861 691
315 540
476 727
37 679
832 700
960 807
525 686
528 928
717 315
322 834
821 6
272 973
476 582
310 565
519 553
223 380
615 896
798 181
798 782
261 690
432 643
587 713
489 950
825 761
273 839
514 340
718 443
755 431
21 959
466 800
463 690
579 688
719 33
835 858
78 380
620 937
203 98
430 194
3 12
259 707
774 93
23 540
541 169
816 931
429 655
211 292
488 436
87 244
179 847
273 600
549 190
976 596
793 2
888 790
200 973
557 959
778 572
587 827
603 800
305 360
713 654
571 795
163 790
272 966
59 146
884 244
279 425
579 552
712 616
103 560
416 708
491 975
510 562
458 893
774 296
740 637
816 390
317 796
133 653
777 532
87 587
514 466
129 497
111 138
505 703
599 917
635 516
869 533
376 311
451 679
733 628
272 487
109 747
807 148
607 715
556 335
519 341
8 929
850 633
171 10
544 505
946 888
87 681
716 901
506 10
76 548
168 679
960 361
317 164
652 188
11 780
838 837
800 442
675 184
342 148
417 152
127 597
36 169
330 612
332 474
940 647
647 525
816 962
486 692
86 169
414 752
201 804
37 705
739 197
955 956
116 571
944 908
946 879
599 485
251 347
949 608
469 571
825 562
769 333
628 33
684 966
521 889
522 15
969 525
635 49
539 353
855 129
234 256
604 903
695 685
736 413
718 936
310 369
113 303
115 968
941 269
172 539
396 242
182 511
376 824
966 287
698 969
240 950
870 553
60 129
139 742
351 898
784 450
9 946
174 905
717 619
159 956
398 593
916 44
458 267
59 475
294 925
459 613
885 278
652 857
175 648
636 246
247 706
397 977
787 313
927 374
875 47
235 847
960 15
946 634
336 237
762 844
763 253
563 968
965 932
363 697
678 804
880 447
753 903
419 64
790 177
21 439
578 353
796 390
941 262
392 190
564 711
104 232
33 265
450 601
217 322
239 773
94 455
206 576
171 560
87 851
694 780
742 647
85 597
229 592
657 74
342 364
824 475
805 210
681 92
351 559
919 387
640 171
340 620
285 494
84 901
196 443
140 183
801 875
521 50
594 661
200 47
667 827
807 484
385 227
607 372
833 524
910 183
67 970
301 847
285 330
358 853
87 692
678 692
471 686
601 319
884 200
270 520
814 393
57 685
858 882
337 631
766 236
205 580
696 296
696 55
310 493
863 196
276 769
973 772
744 458
962 385
340 374
410 447
562 306
456 847
605 120
465 173
381 782
108 692
477 591
594 235
891 130
207 666
921 209
687 219
926 865
426 789
284 145
180 899
30 917
261 425
622 851
75 60
387 384
461 269
595 175
372 380
707 508
800 714
745 501
103 508
421 63
854 189
556 94
397 961
884 794
459 810
668 772
320 954
445 840
533 953
673 494
712 651
481 188
660 879
397 677
824 175
145 546
420 538
864 779
229 447
396 544
701 749
559 755
583 232
250 268
637 39
416 508
341 703
16 742
1 568
65 267
629 163
220 606
577 837
249 890
483 308
670 104
69 217
508 879
535 609
921 821
351 146
235 395
122 591
799 395
199 941
213 368
116 826
139 924
130 254
352 817
539 275
152 15
319 47
9 827
120 974
339 889
563 844
87 504
786 895
548 866
808 731
933 55
75 460
111 79
923 316
350 838
406 596
280 243
317 391
541 594
420 51
121 484
266 394
801 346
123 527
344 283
896 472
201 969
401 180
222 284
173 804
287 312
958 863
723 387
409 847
512 731
220 215
433 174
253 80
932 192
35 731
240 688
918 407
756 566
3 719
269 364
707 490
644 824
449 494
133 644
730 905
621 219
514 224
715 26
351 27
537 972
733 306
417 847
597 18
101 29
708 11
396 276
971 747
129 439
864 793
973 484
939 739
134 368
661 758
247 526
379 721
855 896
877 765
696 428
309 646
254 580
826 333
811 716
838 353
757 312
26 562
500 346
748 569
90 758
122 155
854 216
585 968
141 697
861 756
107 173
398 679
97 792
188 562
428 868
280 408
372 774
247 442
301 947
361 818
567 592
972 758
416 232
895 448
237 565
668 438
389 887
419 975
316 143
42 126
354 444
331 507
7 684
599 779
29 148
451 404
549 589
419 586
16 700
555 794
431 765
242 531
78 957
850 799
919 950
542 249
319 405
196 85
549 316
490 959
251 697
492 225
276 753
250 832
877 803
3 512
349 841
318 488
673 676
708 27
214 201
791 456
933 693
308 755
71 945
455 181
470 334
388 673
464 125
688 300
154 527
874 293
527 365
267 683
199 300
748 937
679 102
532 645
598 233
325 575
614 798
444 98
619 948
123 126
180 690
586 669
53 359
203 627
976 748
538 728
336 587
664 880
389 426
957 878
637 62
103 315
694 378
569 326
696 442
418 929
805 492
772 621
593 472
918 882
629 650
575 311
739 424
942 526
946 936
229 828
466 670
512 34
325 520
895 140
933 260
475 33
770 765
24 391
861 673
116 821
577 813
396 810
599 680
263 679
837 184
253 929
804 55
787 473
955 41
922 318
902 686
419 380
939 242
153 753
762 765
111 231
668 869
924 553
45 143
936 277
168 416
426 227
315 435
83 280
854 114
655 904
16 431
479 771
751 388
154 699
328 763
898 334
457 902
744 77
96 631
520 676
168 841
101 644
192 224
130 105
153 525
770 59
398 839
257 804
644 382
866 311
422 363
902 866
577 806
5 145
691 384
782 436
378 909
640 413
287 735
617 433
37 30
430 171
542 99
713 963
629 634
703 711
207 354
226 326
372 469
506 284
156 700
895 332
73 976
289 131
167 639
459 14
294 534
171 463
246 897
870 186
586 349
174 381
50 106
766 779
529 893
36 358
310 950
332 525
718 896
595 548
407 151
924 99
836 560
818 432
657 856
732 46
200 103
236 656
839 232
826 781
561 292
849 256
960 311
688 256
445 774
707 463
799 349
411 780
379 475
675 150
164 882
923 754
955 837
645 452
868 653
460 658
745 944
900 860
120 429
46 917
178 95
214 742
91 547
112 167
517 195
242 254
862 546
7 506
391 417
11 415
657 960
234 147
414 872
24 94
145 319
257 72
976 608
829 322
886 454
561 58
687 147
664 720
693 525
263 35
236 194
550 681
54 386
419 771
88 394
885 22
298 80
975 830
724 148
943 447
581 856
927 273
729 570
399 260
896 619
949 415
698 100
607 98
30 721
492 52
335 585
944 679
603 219
339 808
674 477
141 493
615 404
87 943
453 870
664 614
292 879
403 356
381 289
134 532
67 681
618 827
921 692
586 442
533 844
623 901
555 652
477 688
149 83
940 629
466 852
226 317
447 293
744 877
339 723
734 652
784 350
12 306
816 619
424 746
352 582
722 595
278 552
159 369
855 664
652 889
878 619
19 95
239 406
442 699
24 18
522 305
977 935
282 759
120 6
339 817
193 846
451 811
360 959
573 5
162 759
122 636
130 492
179 647
520 753
776 262
67 859
543 298
838 627
784 198
325 580
623 24
932 787
151 83
535 508
457 406
358 630
334 743
886 464
9 887
303 454
322 406
640 575
698 586
401 442
308 786
819 482
340 291
962 534
316 248
499 136
82 352
959 582
691 553
378 870
379 21
380 925
9 139
94 488
274 881
493 277
663 948
794 72
703 182
389 367
409 550
119 47
319 697
855 428
52 431
144 269
800 189
290 883
184 98
538 943
214 935
367 685
704 373
799 574
544 975
923 533
213 600
563 728
670 937
28 928
638 663
142 728
550 190
207 553
758 683
598 170
543 672
884 901
123 957
948 333
556 389
73 667
237 258
138 967
242 770
442 279
888 240
459 187
464 930
48 540
285 278
305 504
557 423
362 763
843 238
434 659
719 677
405 498
614 368
177 115
65 92
24 832
821 667
697 498
935 902
737 155
505 656
167 498
264 618
278 723
524 223
908 740
954 278
965 800
389 311
841 274
542 735
419 283
972 227
22 163
812 303
892 844
245 474
798 277
641 813
969 611
270 263
199 359
240 412
221 662
662 292
483 169
205 391
44 881
291 654
462 963
926 505
430 386
485 546
308 120
141 843
721 746
936 856
95 342
594 411
905 963
853 322
952 362
747 150
214 302
342 772
932 492
134 608
662 680
682 97
591 41
439 667
426 214
171 626
528 775
265 359
66 647
801 277
909 524
900 212
487 736
109 333
806 637
326 678
898 319
740 241
226 916
423 722
670 368
541 662
487 328
407 185
430 207
640 516
953 802
539 740
278 830
646 848
784 250
815 630
670 303
880 845
855 881
70 547
211 18
640 708
715 540
403 16
516 912
663 276
518 948
706 195
757 511
972 812
447 665
543 948
729 213
569 867
713 582
515 846
239 337
125 249
596 157
844 63
313 523
956 497
705 332
549 825
66 360
547 180
70 757
378 492
874 494
456 179
202 462
789 336
352 906
646 13
120 518
687 782
331 163
286 59
128 576
40 738
312 700
908 18
819 941
389 306
925 303
7 594
581 814
87 140
175 518
364 148
966 279
565 680
436 883
902 780
819 809
169 486
613 157
85 711
302 202
834 443
382 425
130 926
419 756
663 215
663 642
387 456
443 295
282 581
914 294
374 680
543 669
723 551
531 727
877 244
271 613
74 739
208 867
917 600
510 774
70 331
654 52
975 888
118 248
320 175
263 129
42 334
88 496
257 624
408 627
32 96
455 307
9 182
629 906
741 949
649 836
65 743
445 846
762 368
877 338
366 486
123 92
522 908
180 13
688 585
860 703
807 341
789 954
292 742
976 863
385 677
206 179
745 867
567 750
856 47
196 560
786 358
199 112
644 856
3 551
900 831
791 374
190 845
466 704
583 782
394 894
660 341
649 795
382 878
472 5
58 93
976 75
499 654
401 889
905 330
10 216
178 755
252 448
381 548
954 486
793 904
519 514
386 154
902 804
196 148
799 711
921 537
512 313
416 221
489 328
575 666
791 845
418 55
936 649
800 761
793 256
335 487
228 312
806 441
67 39
11 441
87 56
287 554
823 57
610 560
792 560
828 721
459 523
388 958
45 718
965 434
670 105
255 761
157 124
530 145
362 338
841 842
346 424
900 444
493 146
311 143
204 912
939 120
322 723
285 44
819 545
789 844
467 446
506 818
227 425
658 109
17 115
749 191
422 604
885 29
133 647
904 949
2 788
974 328
180 59
488 232
159 120
960 695
288 894
724 384
200 753
291 345
535 326
277 903
810 796
334 502
137 922
744 910
923 922
817 435
560 527
144 708
362 903
396 826
806 202
935 600
963 386
921 908
518 327
247 837
28 571
407 123
340 261
470 609
17 475
273 558
272 903
543 476
167 643
243 41
543 332
45 291
658 780
875 450
565 386
110 688
72 415
623 636
681 157
827 874
185 283
828 691
423 490
188 800
227 176
800 253
177 49
858 441
363 560
881 616
457 769
858 186
519 76
564 609
209 171
634 707
762 508
377 121
965 878
320 160
298 160
242 91
496 238
132 479
888 661
777 473
562 929
275 513
871 372
579 321
417 825
606 430
706 859
718 729
424 917
123 721
575 830
426 498
334 155
408 191
344 46
304 768
104 189
68 67
895 451
952 395
788 452
592 589
664 842
884 880
595 511
100 380
292 899
397 865
761 901
345 627
363 124
515 779
308 523
212 798
784 57
848 187
539 145
465 940
174 64
545 330
181 58
726 737
305 827
615 847
641 276
90 274
146 96
633 355
645 74
403 691
740 328
501 348
158 374
921 521
487 563
933 207
880 725
449 852
24 972
955 680
210 731
6 314
886 225
482 612
563 382
9 98
250 949
749 367
674 80
554 720
168 299
57 47
153 550
316 182
304 430
62 438
411 807
505 123
541 704
142 949
88 758
941 571
955 28
547 922
832 156
510 523
45 108
104 568
357 485
316 889
573 139
631 693
7 48
317 973
618 193
448 772
104 465
696 219
218 690
931 228
439 608
745 748
330 296
258 29
922 52
151 330
923 277
122 608
585 643
86 15
124 182
896 647
668 630
571 848
237 113
292 343
755 460
385 329
341 215
778 224
83 682
49 590
729 599
397 822
483 360
200 344
753 806
388 51
919 913
422 715
24 166
577 464
36 616
778 115
854 718
229 568
503 323
487 720
698 708
467 134
366 20
774 442
349 813
490 903
709 39
413 882
547 892
713 751
290 255
72 124
537 38
21 125
114 561
552 649
81 373
457 707
672 512
672 101
376 930
158 613
9 965
339 633
273 667
54 255
347 99
384 23
331 427
745 866
695 175
23 478
775 181
318 879
947 390
176 772
501 814
364 296
340 767
658 98
638 746
414 680
680 831
660 704
239 491
687 28
132 556
233 812
888 503
166 411
66 312
377 648
708 692
11 603
92 279
604 499
736 961
930 583
915 498
438 962
869 80
519 943
336 878
615 967
282 118
83 754
892 424
378 735
70 633
113 279
593 442
727 720
61 612
975 709
961 384
393 743
502 131
710 626
469 314
343 127
952 423
607 100
2 443
352 568
500 93
500 522
11 890
263 805
86 136
472 321
309 625
369 47
898 539
169 876
546 716
116 109
26 344
409 243
304 965
73 646
602 474
124 509
724 961
163 321
642 171
458 697
835 11
921 429
613 404
426 590
726 743
104 700
465 710
912 216
786 939
587 403
878 189
318 224
240 6
537 48
688 710
578 860
558 165
978 162
961 250
710 928
30 893
245 525
587 96
698 552
532 743
158 109
419 915
611 102
242 306
888 406
689 155
673 929
186 327
530 124
893 582
571 155
535 970
561 779
791 572
289 494
823 17
670 446
927 616
100 494
598 467
69 692
696 562
151 48
734 869
868 910
153 62
921 835
757 178
74 900
587 825
84 633
158 341
35 717
625 608
418 510
17 55
12 447
320 229
800 191
86 43
269 735
515 708
573 276
954 409
205 545
532 431
387 89
960 437
237 584
282 202
72 874
342 677
939 737
593 131
24 717
385 905
833 231
67 858
805 243
432 18
251 182
641 927
199 483
327 686
309 175
426 209
832 441
958 788
762 822
686 743
383 534
637 256
286 950
816 358
855 547
549 884
205 807
950 680
806 109
537 719
960 386
918 897
633 707
939 524
902 656
135 802
906 258
194 935
945 805
895 839
56 686
491 968
274 216
274 677
513 743
349 917
799 833
22 464
445 726
318 348
803 647
891 177
377 110
141 208
947 182
508 58
128 899
251 944
458 835
112 658
331 102
331 429
704 374
336 107
245 47
732 747
543 873
31 499
569 952
822 282
953 601
769 804
451 635
2 705
222 476
884 71
754 326
888 717
251 374
466 808
196 756
491 493
794 527
257 571
277 295
316 587
172 551
72 700
395 182
233 535
587 696
146 390
555 411
130 185
270 116
183 848
489 621
483 388
174 893
637 123
360 473
892 142
587 859
532 310
952 615
81 117
421 145
620 758
666 150
71 861
960 50
82 634
519 299
381 11
141 616
753 566
37 769
79 634
8 217
267 656
770 926
361 865
729 484
250 890
966 395
70 220
734 290
165 696
739 949
371 367
577 680
688 501
121 340
195 112
50 872
813 222
627 243
270 700
556 111
777 89
762 471
305 747
657 565
416 588
68 263
316 468
131 508
332 299
832 196
923 191
797 484
130 474
693 760
369 306
535 826
935 90
132 840
573 638
25 325
374 5
854 366
816 607
195 319
692 743
649 155
841 830
509 365
213 17
824 253
538 838
975 112
189 453
935 838
625 265
620 769
245 576
89 260
401 746
588 858
440 827
57 742
39 327
408 676
763 452
123 291
969 325
128 872
281 838
174 170
383 586
577 905
392 649
295 99
649 96
316 484
134 365
84 207
598 502
213 33
213 604
638 289
329 572
575 527
331 197
573 204
132 396
336 853
957 365
537 350
102 945
802 859
799 30
622 253
397 491
341 85
291 143
737 536
883 553
555 196
738 380
494 677
960 948
392 222
816 478
852 831
335 533
798 872
857 300
257 912
105 906
234 408
641 72
788 604
308 553
598 557
871 443
684 733
149 337
225 256
409 801
688 903
393 903
555 871
342 354
604 881
633 948
24 304
39 792
960 594
795 454
593 961
672 651
76 599
433 636
143 228
254 228
179 191
186 697
297 474
532 221
262 169
563 801
724 224
287 782
704 564
466 381
497 817
379 202
115 15
760 291
65 809
852 499
690 498
909 393
51 490
507 329
622 119
199 226
214 680
292 413
310 852
682 261
168 472
208 234
336 447
606 332
299 648
64 846
266 845
928 216
584 405
83 306
211 34
549 398
259 243
343 187
885 486
736 530
158 502
520 775
835 974
12 296
252 82
362 805
219 737
588 97
650 497
694 708
349 126
738 712
499 858
499 196
355 754
407 642
961 347
929 485
30 337
914 678
108 625
732 494
915 566
343 299
239 14
340 688
776 950
906 589
797 891
579 184
446 570
582 296
947 115
814 277
89 287
404 510
251 805
516 561
342 601
369 575
116 61
152 622
109 119
745 30
278 428
588 284
909 19
159 606
332 568
736 693
493 843
242 631
921 509
244 812
542 576
137 436
873 303
213 631
824 805
750 472
421 821
766 643
476 207
132 812
833 540
519 123
257 789
823 128
48 600
620 152
748 854
859 893
110 892
843 42
610 742
130 691
129 697
187 590
704 153
870 705
500 545
780 812
672 615
91 819
472 98
822 18
842 315
636 175
113 716
828 378
792 33
495 819
168 795
522 246
258 901
561 804
524 424
121 797
233 224
605 978
342 824
379 807
735 782
211 125
969 40
124 256
450 51
392 382
305 300
968 508
768 614
825 503
22 94
23 324
388 778
338 662
174 133
84 730
961 583
290 75
164 494
239 28
701 193
242 285
480 112
816 15
744 572
636 77
70 583
31 606
409 903
768 637
218 432
914 266
551 52
205 738
593 969
647 609
724 405
210 56
46 306
873 534
103 263
521 560
107 125
414 779
270 12
491 218
628 486
701 504
379 292
226 261
281 355
725 498
4 728
784 262
321 123
60 956
45 686
57 127
368 41
576 51
649 323
578 148
228 496
467 335
393 443
785 281
966 941
644 450
383 885
97 385
729 817
615 564
670 719
198 893
667 847
587 837
952 123
737 686
807 903
921 551
236 141
687 733
534 241
102 472
881 359
218 384
584 582
614 622
751 150
372 959
290 977
310 931
167 110
439 709
515 728
9 815
183 296
230 129
153 553
33 14
272 747
141 688
823 457
218 639
290 832
760 143
610 582
900 25
168 722
398 83
318 548
377 931
231 471
105 967
101 261
885 446
715 10
678 146
74 509
274 332
166 779
833 400
852 692
67 574
229 531
144 667
434 6
969 222
201 164
475 261
511 52
41 293
930 136
703 255
86 970
200 451
748 97
144 255
476 759
720 296
902 222
740 909
562 592
908 676
763 612
671 314
820 883
603 101
252 397
170 565
879 293
532 913
25 904
591 608
336 806
891 846
393 143
360 822
677 332
362 198
952 410
236 563
954 63
203 375
421 436
481 211
978 947
650 468
796 192
857 231
84 210
92 58
654 162
632 347
635 395
515 888
515 207
664 200
42 676
491 589
947 255
781 736
209 254
11 521
212 126
358 574
566 243
269 295
623 25
965 177
610 34
78 834
209 302
158 505
266 335
784 363
363 324
838 43
143 889
76 525
472 469
403 122
387 212
44 486
794 873
944 732
727 366
658 390
214 72
730 736
223 887
521 761
314 345
978 938
45 972
433 158
729 228
908 354
342 315
939 412
611 619
407 513
718 792
151 471
369 725
79 806
403 937
561 929
320 679
269 202
403 129
598 907
123 546
396 124
768 61
166 177
599 293
330 831
936 942
976 619
254 582
152 274
777 500
500 184
779 456
856 347
945 619
213 226
15 554
362 882
257 620
218 584
185 261
292 601
331 750
371 397
370 211
707 890
915 949
266 547
301 917
712 591
547 965
483 376
623 237
950 631
76 974
2 594
352 569
719 707
25 440
542 759
245 285
248 47
152 154
212 29
500 901
31 118
30 186
362 91
507 747
71 298
643 189
75 815
23 241
419 474
633 697
547 675
290 170
482 23
174 977
161 492
288 596
797 934
60 825
767 905
937 342
421 77
369 788
521 313
308 117
816 251
707 41
356 534
302 117
923 559
175 804
289 861
14 553
897 683
770 260
455 937
495 908
151 766
410 406
259 166
356 430
764 624
420 497
69 39
342 560
571 870
336 922
597 395
815 452
138 61
922 674
158 743
12 14
181 249
207 274
535 813
646 125
672 46
764 238
80 894
262 906
283 204
448 679
601 297
802 119
404 300
473 238
912 647
516 323
414 532
559 253
499 673
173 661
942 477
410 178
104 121
359 686
452 809
696 146
272 191
761 413
367 232
310 204
682 429
762 100
942 254
958 680
152 836
562 711
615 339
712 637
400 343
915 42
112 525
846 93
194 924
280 713
608 840
320 21
283 526
708 531
850 304
784 169
623 688
325 780
556 352
951 584
755 686
754 666
77 486
379 408
739 306
685 231
190 933
667 367
66 207
266 320
273 473
718 668
772 391
403 41
60 401
904 450
978 697
188 560
588 70
358 223
733 93
934 916
750 411
550 20
381 524
419 658
313 719
668 813
408 75
725 743
7 616
874 265
855 313
30 667
324 295
414 634
867 248
657 853
658 249
266 938
706 244
615 18
706 874
823 716
875 282
696 525
880 569
843 627
773 503
6 494
407 324
941 705
49 808
297 99
708 681
766 21
811 679
507 844
73 264
227 893
257 81
593 20
315 327
813 188
784 432
121 225
636 859
341 715
877 159
110 61
723 51
424 622
422 474
812 705
45 664
317 595
963 224
602 726
175 928
702 913
73 471
524 738
57 365
439 160
668 256
322 424
941 681
30 373
598 394
896 650
107 752
811 905
637 279
974 275
26 189
601 34
926 150
103 324
910 444
920 456
822 293
788 211
755 813
369 838
666 333
922 518
868 897
375 580
925 689
962 441
590 386
448 312
483 255
201 2
547 50
95 784
667 486
225 591
797 705
83 34
854 530
108 899
323 413
320 703
865 417
40 303
175 364
777 32
789 919
852 153
465 233
946 601
200 462
507 274
180 372
949 354
842 364
381 864
419 181
111 156
833 138
718 704
294 546
761 686
816 271
464 628
375 684
545 736
261 851
159 191
454 654
786 39
535 5
352 314
577 204
134 52
794 823
82 440
139 809
29 10
730 636
378 73
784 601
877 145
607 446
687 509
538 771
313 303
573 750
975 686
959 277
245 476
884 286
171 297
32 385
108 660
229 220
271 226
184 625
429 538
776 341
725 808
673 837
892 673
696 546
567 353
843 831
906 395
718 797
754 702
684 809
250 417
521 44
557 331
522 767
63 6
818 931
564 86
868 890
215 284
953 150
199 600
682 505
663 756
250 695
173 754
908 619
850 408
13 702
69 545
412 807
343 525
489 518
235 98
291 142
221 827
516 778
331 362
938 798
387 44
297 609
264 289
653 196
126 312
433 97
471 468
42 697
239 774
475 913
974 768
282 511
828 365
619 435
896 559
750 901
676 906
882 364
829 349
352 788
26 733
725 930
227 523
86 868
723 953
712 475
349 848
201 511
657 501
718 180
919 838
704 450
226 465
159 197
65 124
863 210
570 503
697 741
772 879
440 780
807 860
4 846
473 313
833 434
393 18
392 168
653 253
324 258
144 467
164 692
237 42
892 474
845 299
575 390
285 591
743 431
392 55
717 945
375 444
233 245
31 78
803 756
141 965
78 680
541 909
718 268
875 929
650 724
618 656
262 859
307 684
869 175
213 621
766 856
452 160
435 479
353 314
402 291
57 93
205 26
745 680
559 959
841 25
605 853
748 293
640 422
84 902
115 553
255 312
440 866
611 80
734 790
37 540
745 140
247 89
250 597
974 253
839 527
7 869
60 169
847 872
521 249
281 431
190 572
798 17
448 624
105 382
656 634
61 328
280 808
224 293
808 187
510 274
955 99
459 966
962 192
351 188
315 951
852 631
725 495
466 876
469 732
381 31
635 12
696 148
367 907
425 496
423 165
942 608
817 215
653 158
862 943
250 934
108 617
200 612
383 252
717 129
719 173
888 359
134 427
635 170
786 890
776 609
437 63
862 703
884 550
151 935
575 883
388 34
580 831
524 28
890 115
357 456
88 169
161 181
110 607
634 18
26 533
845 99
556 397
421 753
556 784
751 342
390 469
466 871
673 261
596 846
952 968
141 585
623 964
183 859
59 796
78 477
91 173
390 531
744 686
653 716
71 445
396 764
316 384
840 55
640 436
272 579
257 667
807 583
459 733
412 957
281 90
271 733
83 204
191 343
528 463
782 334
657 154
781 951
197 759
884 922
557 279
560 5
173 504
651 613
712 953
391 731
547 202
70 703
179 795
860 456
200 841
603 680
864 907
819 388
168 605
37 280
946 69
852 901
410 77
528 280
563 765
892 390
547 750
783 209
127 395
533 148
713 755
717 34
352 943
810 746
171 872
633 69
316 212
64 472
300 473
357 24
177 223
178 807
657 341
569 608
141 455
471 591
662 637
19 493
493 606
633 643
547 650
264 911
655 150
835 312
449 66
838 905
693 463
229 28
605 637
930 905
751 185
290 639
717 241
84 296
895 165
797 289
411 618
708 601
88 834
195 231
469 945
880 179
91 585
738 634
596 538
522 645
816 208
409 862
449 332
68 37
69 177
470 58
552 746
27 23
555 573
788 600
777 715
635 847
482 610
104 721
211 599
160 707
158 50
513 193
635 148
475 90
664 264
611 76
719 759
790 628
847 192
9 520
68 270
802 225
549 656
144 310
822 475
538 612
826 235
420 246
95 546
557 724
83 276
670 56
47 890
547 248
729 765
126 769
287 957
549 16
516 90
849 384
719 533
25 198
628 711
373 872
635 13
780 293
926 284
448 715
16 58
930 697
724 610
92 186
61 425
960 28
352 957
611 955
275 106
481 287
145 18
852 439
653 207
448 949
858 948
88 476
87 316
896 206
842 205
308 628
528 875
604 441
888 911
95 300
706 143
126 293
674 10
54 956
285 430
536 669
72 699
658 222
56 906
845 619
458 511
313 29
3 953
760 882
375 940
227 415
266 784
637 52
16 418
824 399
584 58
751 60
259 366
136 452
831 244
75 643
856 138
640 598
770 669
925 820
952 669
358 333
200 126
385 666
153 645
423 838
340 968
652 601
320 146
865 145
730 421
343 96
698 548
809 639
306 553
160 881
975 805
120 575
706 346
357 969
339 338
875 900
76 468
344 764
510 169
290 693
976 375
573 353
766 655
923 199
796 847
672 144
69 704
408 646
487 60
217 117
454 689
394 162
272 845
94 301
763 139
884 351
885 783
45 802
480 197
429 568
535 892
358 380
875 674
487 397
396 537
71 7
734 150
22 969
296 840
9 722
502 732
206 233
54 344
753 306
108 874
281 897
662 503
276 54
611 566
226 658
652 873
884 204
177 439
675 926
556 429
553 619
37 149
311 474
167 625
719 627
298 829
856 692
744 261
11 518
229 195
866 5775
621 577
588 398
151 648
488 466
548 728
56 246
403 395
775 483
670 207
821 161
204 101
767 551
293 297
127 460
751 518
829 344
425 114
273 70
716 238
826 794
147 586
369 622
735 816
41 220
357 698
279 319
581 363
433 235
608 711
491 829
631 513
343 729
269 726
220 132
443 175
768 550
427 755
484 480
774 415
140 683
769 61
457 569
296 761
86 630
591 491
155 779
859 35
772 569
186 682
705 586
119 280
694 770
124 225
74 538
471 524
440 160
702 152
482 295
172 687
472 241
256 754
545 188
855 603
333 845
687 770
17 404
610 781
500 421
699 487
350 419
740 623
154 342
451 776
433 309
715 347
439 379
80 850
83 469
785 169
434 857
535 29
117 254
11 673
754 865
500 25
139 325
546 536
747 377
490 226
864 443
738 604
499 80
756 104
256 116
510 451
348 490
498 443
860 333
190 428
848 284
96 593
204 463
96 704
636 458
493 675
327 275
293 655
83 855
744 123
143 711
624 529
755 413
179 345
15 199
492 240
810 29
429 737
677 331
62 305
273 14
520 25
460 628
672 436
424 172
615 742
808 50
334 290
433 51
16 244
304 191
361 418
380 650
301 798
591 141
618 109
727 349
125 43
860 162
807 485
534 295
393 857
788 438
775 307
548 598
767 674
493 233
403 1
96 637
774 16
655 823
722 256
347 428
366 504
837 833
696 811
143 112
590 395
575 93
82 866
694 613
610 608
539 548
155 319
32 34
499 769
160 309
364 173
670 732
666 579
304 640
31 567
322 601
398 610
559 109
317 850
193 428
771 21
64 447
528 270
280 583
409 101
139 316
103 71
13 347
487 484
179 527
182 370
849 727
358 19
162 742
516 517
665 197
684 679
685 250
175 680
785 556
346 490
663 711
22 309
426 578
279 734
361 47
771 638
242 794
814 68
381 165
185 138
537 221
78 255
674 478
358 607
152 492
256 346
653 277
110 46
375 94
530 419
566 493
731 351
34 549
683 208
728 455
611 434
477 425
360 602
70 805
192 653
203 85
799 641
398 638
757 791
758 112
281 169
168 218
666 377
143 863
206 289
79 93
317 600
598 715
677 421
656 93
520 764
858 690
58 442
591 212
104 660
357 206
510 420
505 804
552 587
147 497
357 416
180 367
95 636
422 740
289 49
588 435
185 384
385 582
461 467
199 355
864 681
259 679
393 301
753 167
184 166
540 835
855 602
644 161
460 450
43 554
122 225
606 343
188 468
748 252
437 847
443 782
562 376
767 305
605 438
19 675
97 135
80 851
598 501
235 241
182 536
3 247
407 649
126 357
728 829
361 308
785 458
827 32
238 507
149 20
489 761
505 855
180 557
661 26
462 359
238 462
608 270
223 431
744 350
531 736
536 74
366 477
526 549
539 682
449 384
839 375
18 38
744 794
268 546
624 752
518 618
501 254
430 314
365 415
840 823
452 549
507 562
296 73
350 412
728 76
307 331
148 717
95 488
374 689
525 74
631 390
286 582
35 194
67 565
324 172
253 770
736 292
261 669
337 303
804 229
746 20
405 783
96 272
573 770
43 379
831 482
7 220
68 601
567 292
474 405
404 440
228 132
319 47
460 70
264 809
90 455
137 142
809 668
94 406
204 210
249 463
658 427
660 685
505 612
596 547
27 248
342 795
181 639
443 616
784 620
341 377
681 244
795 108
187 732
776 367
210 727
139 593
168 255
97 207
577 325
338 307
799 450
44 481
452 846
202 661
443 133
64 350
642 61
606 762
98 565
465 350
257 74
281 380
118 136
673 578
718 171
676 851
686 396
581 858
823 781
20 78
833 821
138 49
391 673
523 174
247 332
177 622
788 58
60 849
498 162
696 857
366 260
518 385
212 618
621 498
252 379
15 137
329 690
330 733
211 625
806 31
701 299
208 640
800 68
506 109
5 645
853 449
710 458
69 466
730 444
810 500
785 50
771 483
610 73
832 243
471 478
675 543
357 521
773 742
391 176
110 303
163 81
767 848
326 542
102 49
92 255
667 751
31 396
855 307
744 468
696 535
768 100
641 234
440 469
301 689
82 521
852 16
294 481
53 48
685 579
341 253
17 735
436 167
644 396
660 758
557 794
544 391
709 819
526 795
17 785
443 547
154 15
50 323
87 700
408 825
230 274
426 111
249 82
16 349
217 492
535 430
615 764
139 409
691 148
736 571
273 467
221 61
236 734
609 156
629 81
560 673
585 155
420 356
182 170
681 537
229 325
585 501
498 845
279 769
266 160
660 368
662 209
665 478
211 548
659 568
578 568
822 183
328 727
42 365
509 633
21 525
354 570
209 357
358 838
218 221
789 520
593 511
223 332
830 508
133 84
321 220
234 835
18 148
381 656
19 149
703 199
501 475
666 843
648 242
830 222
198 292
351 685
246 48
273 12
107 235
715 488
273 157
184 528
596 349
785 250
148 718
245 26
644 730
316 379
153 146
542 660
767 155
14 865
776 688
525 299
799 156
567 144
2 808
167 550
663 701
23 578
465 386
432 204
219 44
864 167
284 608
712 123
446 212
484 111
546 254
396 805
290 288
375 199
157 48
440 124
617 348
194 55
532 147
401 375
627 279
848 24
319 669
810 108
518 309
14 116
835 576
506 86
165 89
606 300
59 668
861 595
202 33
182 598
441 6
23 162
406 46
1 650
748 206
129 356
852 296
654 738
324 129
538 123
135 219
149 75
56 701
663 566
150 623
105 16
31 312
750 704
237 531
348 428
556 137
232 173
381 276
686 623
752 819
824 416
787 276
811 234
226 582
176 419
855 253
96 650
833 455
765 720
621 497
659 44
848 147
37 275
170 419
252 747
866 363
626 363
445 477
174 773
412 650
4 679
784 728
468 145
3 12
757 789
406 91
463 158
19 758
387 378
727 850
158 571
719 254
704 173
634 290
644 545
495 783
852 332
211 444
324 229
1 142
620 567
271 527
733 240
191 261
371 333
34 161
798 167
612 709
132 100
203 568
831 138
617 250
14 235
753 490
775 435
267 664
241 175
657 637
859 371
471 521
497 406
47 846
22 664
369 860
521 47
264 192
570 740
296 305
723 746
407 199
530 54
682 397
430 399
182 764
666 697
451 781
821 759
121 248
374 730
641 623
98 664
106 255
549 319
515 227
755 742
455 780
442 157
206 178
606 691
594 235
813 11
634 536
676 773
276 395
423 356
453 625
196 162
56 629
110 424
595 796
300 384
214 474
537 155
333 345
741 44
252 618
461 501
264 783
285 135
859 302
96 690
460 179
557 603
263 865
503 380
51 359
658 325
117 746
763 40
446 708
491 442
166 372
130 319
630 218
667 76
471 455
59 508
640 248
139 388
359 33
166 643
103 92
433 48
281 68
306 401
714 274
168 434
228 578
65 725
837 488
231 841
306 608
383 530
572 370
793 82
426 621
443 345
272 559
441 94
665 8
443 438
840 34
324 467
509 841
366 818
708 121
87 50
542 212
470 860
369 335
217 691
345 486
842 837
54 270
789 841
574 721
422 290
637 175
661 399
261 113
264 811
180 71
789 555
148 745
138 607
216 403
52 57
365 206
597 355
378 171
743 654
501 303
504 765
218 579
403 559
763 165
529 301
9 565
728 187
784 765
553 48
754 627
5 577
724 431
383 498
573 158
352 270
504 185
66 704
224 206
607 419
19 842
14 390
166 687
563 777
807 28
637 557
784 185
76 803
404 794
595 9
101 496
673 727
162 340
533 835
304 45
608 123
92 132
120 325
708 462
181 774
256 63
534 544
557 385
767 153
398 487
117 799
617 319
104 134
143 81
354 338
523 543
484 576
820 26
658 397
574 9
544 492
450 707
624 826
17 428
282 824
304 720
653 376
662 559
610 212
611 226
400 97
150 93
537 721
831 787
297 520
763 653
303 550
552 498
723 107
83 136
304 235
224 50
428 68
374 776
859 744
327 854
642 142
533 200
185 826
148 170
824 607
96 474
62 286
342 339
357 318
766 818
327 666
128 372
419 855
483 360
806 460
440 53
816 688
773 46
521 221
636 128
324 464
164 747
464 617
126 861
69 547
530 55
572 478
478 233
300 761
501 136
304 764
268 287
494 791
117 472
501 57
763 474
726 706
437 864
640 825
444 286
505 280
343 520
310 371
427 565
317 633
412 851
205 760
652 57
489 157
126 74
185 628
112 692
20 802
441 339
205 474
599 654
807 509
149 243
722 215
587 863
272 738
383 812
811 791
87 56
350 666
206 670
316 483
536 54
337 686
765 294
350 626
398 479
780 274
864 729
757 743
256 339
730 161
18 37
778 635
491 143
217 131
237 320
8 226
585 744
657 779
235 200
612 558
283 676
156 857
169 450
353 173
190 129
508 783
93 163
311 364
630 74
351 639
691 242
79 97
373 324
202 380
442 207
560 678
676 68
110 760
515 222
177 813
150 470
504 346
471 174
326 759
721 727
794 685
614 26
508 145
717 355
472 706
215 26
609 747
703 801
685 854
105 340
566 251
544 517
542 112
102 571
747 818
683 458
359 845
844 223
556 747
673 449
195 645
460 295
541 202
839 485
252 560
682 435
377 481
749 393
236 92
804 753
196 513
311 368
585 471
547 399
128 527
244 43
712 733
162 738
457 806
828 275
271 565
812 255
176 25
822 416
128 220
736 33
638 11
746 134
324 439
803 341
399 262
632 225
299 242
465 142
858 367
727 67
787 278
471 257
812 323
371 661
813 863
621 717
643 823
290 693
699 595
405 740
467 707
662 300
275 200
502 859
194 392
655 53
260 846
701 296
501 258
839 94
30 202
98 78
155 61
236 64
401 146
217 405
212 152
588 531
383 401
495 555
706 578
822 576
714 73
168 365
866 796
373 316
451 478
426 768
245 754
687 399
343 325
386 478
337 372
104 521
372 282
404 29
79 413
684 824
570 76
77 76
619 830
589 241
612 342
298 794
470 244
312 146
590 293
560 328
403 850
165 475
256 425
631 376
464 332
502 820
622 101
62 60
621 467
329 595
611 325
255 698
517 441
832 389
598 572
445 398
585 755
178 779
87 697
400 160
681 49
406 394
112 233
832 210
460 819
391 499
625 429
767 19
799 165
35 8
92 47
859 759
515 387
269 689
390 117
141 797
402 543
310 188
737 384
405 856
228 797
327 603
510 599
609 575
483 135
753 246
38 214
350 836
631 205
152 629
796 422
355 46
350 215
249 416
375 288
471 781
223 37
529 327
735 532
40 788
540 65
139 728
352 757
369 553
852 194
620 38
19 707
331 629
408 566
762 179
585 858
452 711
469 751
313 550
813 314
292 846
779 340
718 363
594 205
296 536
849 609
745 288
440 707
167 688
369 820
777 708
68 75
140 640
465 161
708 123
177 757
659 601
841 559
459 348
521 425
375 192
756 525
830 268
268 781
858 93
436 235
664 399
459 186
151 576
479 55
544 740
302 724
30 711
345 55
866 467
378 169
765 555
260 828
271 328
701 259
449 130
677 362
74 305
184 465
5 685
759 162
53 689
517 258
575 540
562 685
258 178
526 496
424 254
761 315
181 168
581 480
611 857
153 849
2 118
739 476
552 142
620 808
55 108
375 755
31 7
306 514
436 629
291 426
223 815
345 693
72 91
2 698
96 321
43 458
408 125
512 371
474 450
7 828
10 96
195 36
324 320
640 70
548 631
437 400
815 751
56 252
573 185
826 480
172 562
467 706
90 423
165 439
864 642
424 527
484 755
839 315
56 474
313 493
375 379
87 551
715 198
585 308
191 581
655 458
327 133
41 36
408 801
117 337
366 397
69 478
126 513
515 716
511 73
682 295
277 513
312 519
84 253
486 697
852 250
304 560
657 508
457 22
386 10
187 474
27 693
213 674
567 823
700 148
3 444
609 86
628 438
131 512
150 300
244 447
617 675
620 562
491 750
840 237
381 211
148 180
354 833
465 88
50 690
76 438
228 201
512 462
252 215
220 629
518 180
357 316
30 466
812 288
670 130
615 30
621 688
33 207
15 120
647 519
402 100
427 480
503 149
352 797
593 689
92 855
218 406
312 719
699 451
544 10
174 693
17 398
400 274
827 669
62 494
50 462
325 856
198 222
820 50
501 7
382 794
2 284
539 487
61 319
328 466
572 173
439 486
336 845
20 607
334 379
634 325
79 173
101 421
297 772
31 479
826 100
537 239
21 454
300 387
785 777
422 682
115 388
656 634
21 106
185 54
719 839
833 610
232 119
285 19
169 618
21 521
333 295
618 582
61 814
716 78
866 447
796 470
679 299
597 174
691 425
606 308
165 50
402 420
95 305
197 498
397 240
1 527
222 863
468 315
841 295
365 845
103 627
585 810
345 635
865 42
331 850
831 853
500 123
31 157
306 396
77 463
650 633
279 579
836 780
139 244
768 740
202 604
441 508
629 851
440 708
503 725
864 187
223 581
276 25
661 170
24 161
120 708
450 135
380 68
739 535
676 616
285 247
364 592
96 738
51 422
554 307
86 617
433 858
193 122
702 37
326 329
610 860
813 857
407 8
448 455
434 57
70 108
407 863
526 275
329 41
421 623
170 801
746 704
88 426
297 674
619 483
732 770
92 97
457 804
499 97
373 723
172 555
475 152
585 433
548 259
793 220
772 653
756 477
425 20
860 307
574 609
247 331
547 811
238 122
316 704
401 132
521 341
622 79
90 420
811 396
317 347
90 343
740 397
482 463
247 828
584 559
679 576
350 462
425 789
89 672
758 74
322 806
145 295
184 699
149 695
757 130
390 579
509 345
439 50
241 761
216 233
37 627
462 192
837 28
736 225
681 544
741 624
234 242
402 569
646 860
85 734
820 615
309 486
747 734
414 803
789 797
223 433
457 533
164 816
740 67
821 142
459 69
748 581
808 626
735 345
95 62
338 801
66 208
618 773
296 309
170 274
231 447
829 486
463 856
784 479
643 382
26 356
709 737
744 398
671 549
491 129
809 292
168 188
609 151
62 811
362 1
737 75
563 755
654 734
716 854
220 389
300 493
727 438
86 570
196 174
355 519
507 320
205 57
693 356
128 420
521 435
726 468
673 216
216 669
354 567
815 678
411 676
329 787
464 298
89 179
346 693
440 67
751 583
114 520
652 694
744 687
283 61
587 75
808 396
743 363
330 67
115 747
70 1
182 591
454 480
572 195
168 9
304 505
505 328
420 310
244 210
852 273
383 649
97 496
483 779
210 49
380 641
680 416
828 616
686 378
210 339
148 109
665 445
86 689
732 355
402 656
77 18
102 687
470 195
551 255
38 790
5 215
189 410
15 2
247 53
39 265
247 170
14 121
643 523
293 398
213 231
799 773
491 410
19 515
634 198
544 162
767 358
495 675
357 654
49 725
754 766
495 528
584 610
756 209
371 399
358 187
839 584
823 327
58 318
232 613
448 674
548 189
91 314
460 518
864 122
205 270
732 33
112 846
133 578
125 200
42 524
704 689
671 343
774 100
181 104
110 70
437 414
337 858
10 244
313 273
99 288
246 689
729 98
475 613
702 228
812 604
373 562
341 84
839 309
15 151
53 320
665 461
113 221
520 363
646 479
247 142
783 146
606 467
866 356
51 113
402 346
127 314
32 840
459 740
814 478
744 630
502 282
217 410
326 84
847 259
504 217
503 789
399 818
862 324
529 841
213 672
296 692
82 157
470 732
548 480
842 355
92 70
510 205
721 626
96 240
45 201
729 860
717 343
422 573
461 234
635 675
673 834
103 693
181 219
186 707
99 638
372 682
411 554
695 454
61 292
848 455
21 755
351 284
579 57
752 822
214 12
425 299
527 430
437 660
367 599
482 319
724 1
490 850
608 167
138 738
360 558
316 809
573 201
62 492
425 387
363 159
348 745
40 202
122 458
13 41
424 184
408 733
598 524
238 228
729 508
813 356
727 738
842 308
261 674
279 569
282 335
499 543
606 692
400 525
738 711
479 651
621 846
361 232
399 458
319 163
655 517
217 553
366 138
774 157
102 640
789 589
15 267
822 137
518 389
59 607
461 287
264 677
176 401
34 787
437 470
555 159
830 279
511 638
671 775
673 57
460 274
507 143
532 372
484 693
593 659
80 490
498 601
752 316
256 837
539 826
316 205
43 527
108 47
93 413
648 470
408 795
407 87
13 252
443 803
652 405
386 560
1 525
420 81
60 40
151 451
708 674
258 7
141 378
400 828
3 361
802 571
261 646
840 329
219 772
22 289
125 434
1 122
362 663
243 168
775 67
816 48
103 620
660 129
261 346
411 613
656 600
822 149
651 863
696 836
553 861
661 394
850 565
800 738
548 349
342 121
273 678
96 851
212 605
553 639
346 662
19 292
354 173
562 582
100 616
88 112
491 413
631 865
208 307
89 330
679 559
154 406
581 493
73 222
511 180
421 668
137 284
807 555
222 603
564 669
334 433
861 416
224 43
374 801
317 827
128 801
264 441
55 414
832 729
245 572
504 378
125 86
641 485
276 72
751 375
309 384
366 211
827 335
665 408
704 690
7 825
261 190
320 790
483 482
119 271
765 377
547 698
240 845
194 21
694 686
475 612
152 513
553 603
716 1
701 435
705 816
833 251
472 513
562 406
237 371
424 272
56 315
311 541
739 94
714 768
404 640
728 156
18 666
709 668
516 316
576 207
575 787
124 771
527 604
596 113
799 316
233 397
823 170
202 688
150 176
585 113
470 733
386 474
755 814
777 688
271 698
591 333
656 642
659 549
203 673
445 740
283 514
722 270
704 781
191 81
431 550
256 318
497 174
209 370
748 673
270 275
381 532
184 80
275 123
459 246
812 690
824 160
691 289
503 263
467 430
857 122
326 407
218 516
353 299
236 795
373 73
264 435
532 476
749 734
771 452
95 508
251 160
799 498
264 213
97 8
543 611
600 161
14 541
59 180
745 565
193 654
862 688
542 562
861 488
311 737
408 154
345 843
107 622
201 485
348 332
651 199
498 432
765 110
158 100
452 321
552 559
312 195
224 543
461 286
228 127
502 586
787 338
695 549
574 654
573 698
741 167
318 72
321 292
260 449
541 112
330 653
152 633
342 828
401 174
852 633
14 18
400 482
237 315
807 755
313 667
424 119
283 428
841 458
2 332
809 100
224 452
369 557
408 651
795 9
89 670
585 628
723 859
775 617
182 367
479 802
851 108
600 300
372 569
701 54
619 393
714 367
525 693
358 334
34 227
793 374
552 523
703 812
416 286
553 819
609 607
815 727
376 742
506 669
144 226
309 254
129 616
632 535
119 219
656 775
806 265
541 84
800 850
566 568
643 525
517 108
120 801
691 281
530 233
398 841
807 663
539 349
777 320
386 768
313 800
583 253
16 269
531 414
398 619
457 493
73 173
652 442
657 737
509 449
643 201
607 280
97 199
758 156
425 728
762 211
546 772
642 275
182 472
357 578
455 829
177 73
606 738
37 557
291 430
257 66
381 203
662 274
24 482
306 864
742 863
110 213
150 832
542 198
376 659
195 441
147 186
534 570
792 133
15 829
32 377
786 814
750 7
627 760
610 623
859 413
18 215
695 819
494 432
541 169
856 645
531 111
164 588
23 283
423 733
196 829
752 325
424 416
540 22
457 312
630 149
117 462
373 116
100 668
763 308
620 475
844 531
258 170
424 222
839 776
509 485
184 702
540 427
418 663
374 608
309 559
382 47
828 349
656 86
568 770
607 675
615 148
728 584
789 215
2 747
96 242
613 435
765 216
346 326
128 189
276 109
561 169
390 29
103 550
489 342
676 718
471 450
702 586
751 251
792 114
132 499
495 313
150 578
521 485
578 718
461 458
424 576
702 134
302 528
677 460
695 791
494 588
258 518
62 176
501 368
340 161
433 577
329 432
23 428
540 122
703 727
88 216
481 63
374 674
691 156
718 711
258 33
62 863
235 377
272 141
791 254
281 113
12 199
16 130
20 714
79 169
317 740
654 733
642 253
445 367
386 447
310 6
647 253
337 228
447 363
267 241
698 183
161 199
592 749
404 429
315 602
251 856
3 109
401 498
328 558
256 283
95 744
262 737
88 602
424 572
192 520
801 226
768 277
561 738
138 565
503 373
312 768
364 44
305 602
622 727
71 183
187 602
62 398
231 301
641 817
696 452
92 597
247 519
451 750
469 633
115 669
634 387
528 284
291 198
787 759
595 276
516 479
796 517
88 466
822 525
20 639
3 363
562 198
145 526
556 488
478 805
176 115
667 687
522 285
181 224
509 819
593 160
462 145
523 189
308 229
695 411
294 272
650 8
485 395
323 288
480 773
18 240
762 635
815 421
528 813
341 46
791 668
151 829
833 142
265 682
344 109
455 363
209 773
397 46
520 63
224 481
5 586
581 491
469 541
23 186
615 828
121 200
624 209
219 727
684 635
762 323
853 616
509 290
573 377
410 335
837 36
631 74
515 288
148 447
847 255
432 26
236 828
92 805
673 601
357 208
214 571
684 447
722 6
270 616
785 836
203 647
24 18
418 278
534 584
264 656
506 591
695 511
190 253
817 597
128 286
76 252
591 687
247 101
37 816
165 434
18 212
181 696
558 370
227 86
619 712
191 499
550 190
492 50
311 750
60 430
830 158
796 26
636 857
17 421
51 66
52 681
580 203
771 349
317 795
212 55
540 169
205 794
266 750
362 708
853 667
487 429
514 267
116 425
638 274
602 780
475 474
41 628
719 640
306 592
314 71
324 124
141 610
201 463
849 459
765 215
471 108
771 580
483 546
702 587
168 830
193 419
51 855
860 275
617 226
637 255
345 295
4 694
62 87
241 48
539 585
658 345
614 628
184 176
369 852
77 539
481 626
541 140
264 200
257 599
782 57
2 503
283 450
795 47
429 805
529 127
306 48
259 250
723 833
838 18
586 459
336 834
174 122
814 74
656 36
582 305
456 89
370 387
139 92
3 377
759 812
197 639
106 834
21 449
618 399
664 235
759 626
150 670
255 604
506 532
15 276
499 493
801 112
353 267
864 720
597 486
865 790
792 412
561 737
87 629
89 81
52 835
544 672
397 9
672 463
524 57
35 513
652 400
800 355
783 538
408 572
247 695
398 687
671 682
304 332
362 222
148 565
637 513
390 297
291 436
45 253
196 127
452 129
722 35
337 199
417 239
355 551
820 603
217 522
676 519
695 410
203 841
318 106
503 58
358 795
460 207
541 82
138 583
749 207
389 854
66 229
85 71
83 602
691 283
322 394
532 617
757 426
294 812
739 436
614 768
117 488
248 633
676 419
89 335
724 439
838 459
128 760
662 560
22 132
706 633
301 452
476 46
463 336
231 788
591 84
791 288
183 292
257 64
188 568
281 330
524 130
379 488
306 798
615 417
90 220
169 651
523 216
358 549
534 568
332 192
316 733
498 216
209 267
527 289
622 225
326 27
807 113
366 419
691 552
621 343
252 286
548 851
844 250
43 797
136 137
179 365
329 696
658 389
776 72
433 603
105 774
1 680
230 549
221 29
340 109
362 485
439 363
743 281
28 450
840 712
770 783
10 744
714 112
202 300
757 62
740 812
508 556
680 207
111 625
361 650
595 444
27 568
232 566
852 462
70 290
723 480
290 189
186 122
379 519
751 295
3 721
461 21
724 621
281 576
676 607
642 603
539 658
191 82
746 391
52 308
310 612
506 366
540 513
707 496
673 160
227 808
51 485
164 652
114 319
721 365
118 479
191 385
345 113
346 730
40 513
347 828
169 204
853 122
630 324
255 385
112 145
499 627
447 712
846 742
735 681
728 429
40 379
606 809
701 747
337 312
580 396
598 861
177 407
552 357
699 502
679 100
546 415
756 124
121 707
684 384
612 738
245 787
265 240
788 132
664 394
333 289
427 292
267 703
134 429
827 656
264 22
659 111
166 109
522 669
218 628
735 201
354 116
126 752
771 263
776 239
500 397
583 26
404 715
139 558
726 742
444 331
639 144
807 341
213 808
624 262
515 185
849 743
118 560
197 175
770 25
228 587
580 480
101 114
521 790
188 533
798 458
48 63
620 647
702 689
629 639
208 309
465 154
256 219
357 493
532 71
440 407
60 832
281 681
621 737
474 186
574 681
591 725
445 779
782 442
160 133
638 592
696 823
332 387
104 290
503 170
859 434
643 737
132 9
236 197
535 661
446 632
308 633
771 355
746 680
532 40
563 197
710 372
583 254
369 718
813 629
748 78
396 123
2 222
774 864
304 410
503 780
35 282
644 672
672 569
361 360
731 485
477 258
261 853
154 807
706 792
232 731
193 843
822 670
590 746
381 140
79 355
515 221
304 38
837 324
703 623
704 519
483 520
309 396
665 412
786 760
366 70
792 25
43 225
636 288
138 183
51 746
751 81
367 856
116 719
60 586
613 818
483 85
677 469
414 645
624 676
95 81
621 9
532 526
27 78
212 450
491 560
535 415
719 418
59 319
776 389
634 441
604 67
425 586
10 632
28 737
641 650
839 555
22 387
799 48
130 550
832 650
90 556
197 776
128 769
93 679
332 545
168 514
43 414
366 768
401 745
461 229
138 216
4 545
429 629
332 229
741 143
281 865
547 602
15 464
536 233
403 434
484 783
234 850
164 653
829 685
648 6
492 769
469 46
401 198
658 486
691 338
14 421
86 628
615 531
62 413
566 769
754 545
852 182
411 135
13 36
714 179
282 7
321 555
386 233
444 279
231 121
1 454
537 692
228 705
476 23
443 198
46 289
508 416
328 6
261 355
385 65
104 621
379 693
721 738
519 435
371 25
600 737
237 576
86 792
609 341
522 247
357 456
547 792
402 825
149 616
20 367
757 195
310 752
540 661
706 141
820 133
15 165
660 814
22 707
852 534
256 683
41 331
721 473
411 73
86 309
616 738
566 707
539 373
70 857
587 65
273 452
776 144
199 780
369 545
667 70
373 41
728 88
607 288
188 210
788 801
257 815
23 768
724 115
727 812
763 735
505 684
382 106
624 485
138 303
737 331
392 686
765 157
766 174
721 863
17 848
469 91
125 768
388 856
389 33
411 745
506 665
648 556
591 724
133 44
797 85
678 760
38 155
118 405
764 415
660 706
511 750
459 101
249 475
861 676
398 162
134 680
490 550
273 84
807 659
776 61
491 400
402 387
13 27
866 47
616 602
503 670
364 320
93 158
408 538
823 300
448 364
705 437
83 9
362 48
35 234
219 601
236 537
240 604
534 507
747 175
710 817
306 427
642 49
755 680
477 434
120 113
157 564
723 439
231 756
480 760
98 811
180 745
324 419
15 729
590 167
261 185
581 608
489 664
327 680
228 51
518 482
281 821
765 741
722 728
86 147
181 645
38 22
612 255
761 675
155 278
191 508
752 490
83 632
754 427
719 748
313 832
634 228
197 290
202 72
23 106
118 812
774 845
117 236
583 259
634 297
362 20
710 797
24 292
181 402
239 140
367 443
447 371
105 104
256 102
522 321
177 676
695 318
555 395
315 562
284 675
39 139
194 848
546 61
371 632
464 438
194 195
345 341
555 198
811 80
152 755
172 526
858 29
215 680
593 280
483 112
431 496
289 415
437 527
498 559
467 452
454 274
810 186
448 407
855 734
424 384
353 302
156 847
571 680
364 497
294 709
456 640
19 686
495 737
817 628
771 88
176 670
432 360
609 168
150 230
154 237
126 225
54 834
20 726
353 859
337 318
852 363
102 126
452 25
447 262
159 146
487 513
309 289
811 611
334 140
417 192
418 123
409 612
587 841
433 776
354 748
821 344
254 577
617 195
836 379
720 212
104 185
52 185
346 781
735 277
541 252
468 792
401 161
644 251
477 598
136 466
54 780
527 174
757 527
724 855
804 624
203 379
62 434
142 490
719 500
804 342
17 140
369 689
409 234
288 697
128 654
164 68
287 158
509 282
257 863
83 221
362 108
465 365
138 349
168 588
614 129
432 193
380 783
77 297
745 199
220 279
186 419
428 292
266 475
676 514
256 221
518 229
793 490
171 458
677 844
324 740
181 29
55 628
781 798
57 144
4 649
332 46
843 698
39 433
182 862
255 519
271 290
402 79
846 690
155 269
104 435
518 688
317 17
624 777
710 475
497 183
201 778
95 265
709 307
13 508
261 273
390 750
245 740
728 706
641 733
92 121
76 854
619 360
747 319
749 764
152 173
105 115
358 367
318 713
150 746
232 153
450 368
241 349
665 275
190 278
216 685
398 323
401 557
332 195
787 401
73 809
147 46
527 557
300 531
483 198
726 134
18 321
471 633
789 596
317 339
14 173
630 605
485 798
39 109
256 660
593 733
136 490
620 306
303 6
14 463
308 680
574 135
834 368
862 130
311 392
539 173
743 389
343 795
631 752
417 782
473 698
735 694
224 368
608 734
83 439
546 805
395 851
491 810
185 651
774 733
541 778
214 782
866 645
227 837
121 458
396 718
344 679
606 707
257 48
372 253
524 210
194 749
209 403
585 452
327 843
547 314
521 812
261 617
758 697
512 697
15 542
552 682
186 488
372 403
671 163
710 591
513 1
492 680
635 435
594 428
817 395
768 113
453 847
102 622
413 497
489 635
364 513
366 467
460 44
702 312
541 13
373 622
107 284
864 679
26 680
617 401
638 377
496 198
630 441
688 851
322 497
696 190
681 174
61 84
544 114
691 453
238 692
334 567
852 176
389 734
283 375
286 698
16 330
469 608
625 458
93 340
654 277
88 332
404 528
351 669
267 296
639 78
40 382
230 433
395 204
383 669
513 466
652 711
263 98
324 92
163 854
684 492
171 707
31 343
256 67
220 268
656 740
647 414
355 668
512 419
362 604
719 568
669 275
57 123
858 79
252 466
532 140
238 325
55 817
51 450
365 222
701 388
393 379
506 468
735 165
848 855
394 791
353 472
133 394
752 130
697 519
440 326
670 818
331 414
465 561
652 355
326 806
808 33
40 459
547 412
228 743
610 158
546 732
799 242
552 437
295 480
22 312
371 70
633 287
525 687
172 831
750 582
722 31
324 455
485 212
90 772
586 641
499 527
831 246
399 122
275 72
389 176
94 497
403 492
855 818
199 174
56 456
22 749
518 294
4 206
670 814
37 147
866 45
117 101
552 228
606 59
800 498
452 813
597 653
420 338
724 768
743 36
474 519
606 740
466 163
162 360
404 157
43 439
10 308
11 85
762 365
128 215
58 24
521 640
832 591
689 458
121 760
529 673
441 1
225 682
103 649
401 659
719 579
78 377
6 490
488 435
821 415
808 865
56 134
312 112
612 411
6 276
32 383
351 454
415 805
614 314
541 340
142 129
714 347
667 482
13 172
2 415
227 648
2 270
657 490
743 834
762 241
283 648
461 717
267 412
179 632
510 106
120 32
196 413
495 131
352 243
220 442
646 698
418 85
720 573
120 365
716 521
591 507
629 564
461 226
293 98
769 344
310 632
756 728
649 290
302 824
104 95
342 73
713 683
366 323
32 411
327 428
754 152
425 188
542 337
565 144
437 525
62 186
320 309
127 400
570 745
511 817
433 635
382 550
437 815
503 546
93 290
807 554
852 177
249 92
516 136
10 825
799 507
502 489
213 618
72 626
98 314
853 698
267 299
231 122
220 560
239 607
314 770
227 787
16 248
490 67
509 229
135 129
652 45
12 332
607 653
774 472
230 716
334 99
263 93
728 554
33 564
824 809
120 282
472 650
381 141
534 299
457 709
298 707
48 355
298 850
134 187
686 577
651 811
506 640
90 67
860 611
705 550
333 733
542 403
692 292
151 561
632 625
541 73
636 73
472 814
631 198
264 26
797 144
590 208
859 475
53 384
60 508
521 118
52 840
271 494
238 631
151 132
635 481
529 316
611 72
539 231
297 240
213 812
802 650
41 251
325 68
827 782
166 783
34 425
110 644
721 545
738 385
483 818
747 341
824 854
404 250
266 231
585 387
234 307
842 562
98 770
465 13
31 330
484 142
420 754
647 509
384 819
371 645
447 248
475 739
337 646
154 808
337 535
69 828
677 573
513 564
570 591
554 91
59 70
389 727
523 716
109 845
256 825
313 696
507 638
625 183
166 367
188 403
724 333
252 810
158 798
169 298
248 493
713 197
748 74
832 21
395 809
839 454
291 121
619 477
358 3
291 454
850 171
462 29
768 730
776 809
691 272
343 411
400 589
241 625
215 200
585 264
293 819
647 80
635 670
581 732
86 746
15 730
806 755
459 484
404 355
461 334
609 636
195 335
424 619
484 791
530 403
860 841
123 415
657 830
596 485
790 626
374 447
821 628
236 436
112 106
184 615
614 801
596 308
352 328
353 225
386 1
263 359
23 212
213 710
644 640
153 171
728 817
662 100
166 855
153 84
542 734
154 775
763 777
750 797
510 250
684 379
499 71
29 554
695 21
236 798
827 389
506 792
529 755
383 831
684 40
138 196
827 384
294 451
43 193
493 161
332 225
599 61
56 163
789 517
321 193
864 697
857 160
526 298
473 175
765 434
631 649
373 654
715 159
269 212
1 798
434 100
476 431
757 842
574 304
334 565
282 144
815 46
349 200
631 726
374 677
636 449
832 93
671 700
128 596
719 160
667 781
390 692
510 278
228 547
512 744
510 353
25 159
251 627
237 572
110 442
555 603
613 289
16 581
842 753
484 122
720 312
336 49
20 363
143 111
593 488
351 392
99 355
657 587
136 70
544 323
321 94
627 550
666 858
739 160
575 270
355 171
543 812
625 57
308 755
423 738
541 283
304 774
584 802
469 288
786 418
611 75
108 183
828 216
187 704
98 509
338 428
800 377
196 530
676 260
126 471
59 266
739 380
173 382
35 357
477 136
767 59
509 279
611 519
136 847
22 335
346 487
665 105
257 495
722 29
814 693
121 738
529 699
694 159
704 687
858 412
217 524
181 233
350 720
82 670
157 144
730 850
553 827
510 718
4 741
533 129
119 290
15 487
772 738
34 703
612 112
852 711
293 291
350 812
117 559
87 535
753 31
809 797
813 829
194 347
492 84
311 560
667 280
5 657
563 347
800 167
749 380
606 287
700 320
829 36
672 481
822 855
52 579
455 646
701 106
424 234
563 121
685 438
357 517
644 685
102 219
328 356
645 773
483 434
344 718
720 821
250 760
864 116
662 187
758 592
817 130
824 738
291 295
841 536
345 562
733 538
771 475
410 778
285 398
489 755
751 239
807 265
77 44
704 826
86 858
113 792
364 409
268 854
214 254
180 442
741 231
56 119
142 101
683 195
360 339
192 742
506 10
402 193
776 78
482 115
69 561
118 6
321 800
14 381
153 543
852 159
544 216
140 307
568 718
330 129
192 162
620 98
676 348
624 101
166 618
547 342
585 239
508 554
404 861
41 637
408 280
7 336
749 821
393 597
432 61
591 167
439 858
560 825
335 613
506 793
311 15
163 780
312 466
43 290
211 536
589 275
836 508
401 637
356 25
671 450
583 603
824 314
203 791
30 760
12 133
369 252
522 784
62 41
681 751
307 130
293 507
702 25
484 618
412 479
17 122
1 797
537 835
648 36
430 414
838 363
862 125
120 732
107 140
348 658
853 727
235 224
128 678
654 395
804 28
332 668
41 601
64 662
269 633
139 85
346 435
806 862
246 779
641 85
494 69
101 109
450 183
15 285
746 485
461 486
281 832
32 330
360 199
289 349
535 824
402 246
800 45
161 613
570 651
776 6
460 535
353 334
317 235
559 91
364 345
574 444
164 320
360 395
102 316
141 368
168 274
131 678
230 80
22 332
150 369
90 638
732 161
324 331
318 582
283 769
290 255
684 467
722 173
82 268
343 215
57 442
350 721
774 119
86 831
199 500
309 84
711 601
768 171
151 742
440 251
99 414
658 265
553 613
251 829
60 531
635 161
236 172
600 26
173 669
504 524
83 720
494 147
123 576
404 757
95 430
45 645
553 178
540 344
245 462
763 513
624 201
685 454
774 644
426 798
63 711
211 432
516 759
22 360
551 707
58 39
334 200
695 209
422 671
263 725
360 466
328 688
859 89
545 91
366 277
447 616
411 790
610 530
393 432
271 435
131 260
316 792
51 221
52 770
38 501
30 857
364 131
166 393
44 769
110 599
62 729
362 383
735 690
177 130
88 483
469 682
509 365
684 599
214 770
784 5
534 177
166 853
561 856
314 46
703 568
15 538
721 777
110 124
512 300
840 105
586 629
257 327
573 857
618 290
113 682
673 200
548 315
90 106
440 85
4 702
42 265
43 80
523 330
375 159
88 583
147 78
475 557
539 720
523 475
527 435
285 804
844 21
853 146
74 747
295 289
166 346
62 411
640 9
69 421
515 791
843 130
338 454
502 381
196 568
648 259
705 342
373 192
535 46
672 520
278 305
822 857
453 346
609 418
232 537
693 692
408 640
804 243
202 557
462 91
232 311
72 384
552 650
534 302
423 485
445 685
581 769
489 714
594 287
502 576
727 25
532 25
494 279
705 724
781 727
549 587
691 834
655 115
70 704
27 159
433 612
74 414
386 818
739 384
404 722
729 267
184 656
353 47
590 365
19 830
334 305
219 627
221 129
153 97
221 91
529 782
16 231
179 693
862 666
3 483
172 474
465 352
673 731
343 259
552 328
534 488
153 387
381 61
438 428
281 487
724 573
653 206
211 610
837 762
354 794
461 214
579 335
848 348
224 582
703 854
726 413
765 505
747 803
862 686
352 5
445 772
708 557
660 712
863 323
636 135
354 305
317 443
134 531
212 727
51 339
14 69
13 819
752 339
473 790
222 123
818 674
614 481
182 773
844 658
175 144
587 240
259 173
714 68
808 1
24 560
79 74
641 679
311 103
211 435
214 854
658 654
509 170
499 108
390 269
229 315
729 803
34 315
606 592
572 831
837 333
570 456
484 222
78 210
119 482
618 463
507 260
845 84
369 283
132 513
354 657
426 226
464 49
647 775
216 545
759 336
669 72
440 152
759 449
86 149
677 478
542 241
511 648
445 10
673 367
86 260
325 564
553 721
19 333
539 386
139 816
213 143
2 488
365 452
717 559
313 729
563 185
786 488
648 409
228 778
77 165
844 517
59 455
148 663
120 838
83 442
488 682
644 643
760 278
153 168
59 733
11 315
274 856
352 24
83 152
366 553
217 392
585 463
470 603
486 678
291 372
495 252
50 725
453 552
241 530
537 29
594 22
82 322
104 790
581 812
12 537
557 307
38 616
156 483
332 28
151 696
243 395
506 731
369 97
702 317
260 464
262 642
800 805
285 803
282 731
246 280
621 452
86 288
839 418
515 632
667 341
761 562
363 250
15 394
2 383
184 518
524 728
374 265
529 118
69 309
452 579
165 866
573 101
518 814
353 2
316 498
391 480
784 836
477 161
796 571
508 712
107 428
828 388
281 127
136 854
672 632
570 805
77 477
757 395
465 379
514 6
757 316
334 103
448 742
121 715
196 147
676 26
502 768
544 811
465 182
247 59
233 803
470 176
39 165
665 718
115 259
777 772
333 639
312 189
77 835
317 346
122 604
393 156
506 767
821 68
52 60
623 200
424 550
423 808
86 98
437 764
820 119
24 550
319 760
271 325
644 225
215 639
734 533
368 33
544 36
724 848
92 565
639 442
511 55
424 241
671 639
709 712
191 865
455 556
260 558
619 215
153 247
762 751
367 384
793 775
201 626
470 673
715 550
864 508
239 492
372 131
56 708
97 380
334 67
638 13
361 39
543 26
858 488
58 240
102 713
15 706
327 556
620 589
473 296
570 134
453 770
396 519
275 478
648 121
243 466
531 785
665 603
812 734
503 13
284 54
835 421
194 295
346 666
622 743
4 36
722 785
264 137
749 488
238 535
321 857
246 157
128 92
89 342
52 590
705 364
365 658
810 545
537 708
776 608
406 175
12 50
583 421
165 540
168 496
277 178
173 1
447 614
28 772
175 727
309 577
789 343
44 242
561 472
533 850
591 204
252 821
615 250
484 328
756 444
832 580
319 158
285 282
586 607
826 46
664 189
741 433
566 36
676 556
704 830
96 446
686 637
391 547
105 288
768 26
518 74
440 42
669 71
446 448
90 438
27 395
446 339
658 363
756 790
816 786
754 339
178 791
734 288
395 538
155 186
781 162
258 161
387 479
676 351
352 315
150 98
5 805
586 44
736 401
655 845
62 825
468 496
828 336
73 111
31 91
269 594
594 245
222 690
232 590
436 600
93 703
595 165
410 587
824 641
86 56
495 108
564 707
391 865
674 415
507 291
489 748
632 380
671 463
533 298
521 274
405 679
756 596
511 734
293 279
351 33
579 834
265 270
599 287
316 847
852 617
511 828
776 109
31 709
433 638
285 757
151 236
245 241
246 170
529 484
700 237
838 505
514 451
502 482
317 535
304 346
603 798
71 520
720 721
585 136
24 664
794 388
858 755
451 315
55 421
232 426
837 371
488 835
508 158
113 618
239 30
472 759
660 242
655 814
180 462
543 613
476 593
317 292
246 714
749 225
270 106
42 593
346 293
731 747
398 206
293 412
810 246
464 582
467 489
599 400
706 470
667 417
807 609
239 811
224 464
170 538
503 690
731 855
2 243
828 75
460 839
637 821
291 243
148 584
23 792
468 441
840 862
193 791
177 426
305 253
474 732
720 732
718 379
859 455
427 814
709 156
667 696
234 335
128 112
223 729
389 387
724 686
312 380
848 350
837 538
273 631
402 789
369 462
436 84
310 549
647 670
741 207
502 733
88 513
820 242
459 170
815 569
115 635
181 681
786 224
201 576
787 201
130 604
421 75
722 782
384 711
587 242
257 609
39 835
540 292
852 246
545 730
790 292
83 416
20 272
395 812
433 66
586 152
59 8
317 688
637 571
847 192
103 336
558 207
510 338
607 704
367 431
116 237
214 566
585 418
306 645
832 581
45 360
842 674
537 176
149 314
372 565
86 751
495 297
206 692
398 330
293 356
245 742
844 157
555 210
105 577
342 254
623 368
406 546
759 112
735 251
94 241
316 795
62 275
155 290
644 73
41 20
424 428
601 790
714 821
494 777
192 55
822 823
739 299
514 286
477 204
244 233
447 564
197 221
735 605
266 838
154 318
571 46
182 77
708 397
401 855
2 622
689 488
817 307
631 8
716 519
517 562
372 521
110 253
811 170
346 707
320 847
247 316
621 527
217 761
143 225
20 348
459 276
703 566
290 742
62 66
449 399
621 305
804 627
407 355
36 607
660 625
481 760
346 839
317 82
819 144
364 83
2 458
383 70
95 338
377 25
840 671
838 510
132 651
260 564
373 205
446 795
196 586
568 605
409 135
31 792
666 473
709 389
230 59
127 641
614 745
163 863
702 816
741 278
608 53
449 559
664 246
589 132
564 454
54 416
172 603
636 464
398 429
19 56
412 25
386 636
648 791
740 485
242 67
482 68
853 179
568 61
4 209
597 190
191 653
531 288
736 798
723 520
476 392
293 735
411 287
568 650
370 790
386 83
120 785
641 559
196 747
594 521
778 429
671 812
728 750
106 206
151 43
16 86
371 79
372 316
615 208
104 690
516 829
373 631
194 607
195 170
203 663
445 718
484 180
609 761
591 441
115 368
673 772
413 1
18 435
518 108
351 309
354 635
685 725
855 229
489 564
664 496
95 816
726 370
539 669
521 186
317 327
476 808
40 577
120 52
325 605
184 371
593 745
520 725
854 240
667 287
833 11
249 316
460 646
14 277
412 385
823 438
491 169
454 319
409 206
3 290
608 689
606 860
634 653
391 200
819 565
182 247
150 273
172 441
313 615
401 78
43 330
559 770
591 514
829 417
781 826
838 821
584 340
489 528
534 785
853 43
616 84
228 282
14 181
88 828
324 449
630 452
577 200
631 53
257 674
350 47
668 80
787 563
406 111
374 497
124 785
244 234
597 682
505 642
763 783
382 427
20 682
615 139
176 55
392 623
271 825
2 542
594 420
194 822
660 79
510 696
663 836
632 382
426 197
375 234
180 500
820 647
590 315
483 157
764 250
692 335
588 296
735 427
389 241
502 794
363 576
26 688
14 145
635 109
435 109
728 296
5 724
120 536
395 568
255 394
4 284
47 414
175 341
114 841
448 829
140 163
738 146
343 533
552 449
131 734
706 854
230 56
158 805
542 591
381 21
573 663
775 63
393 709
655 741
627 210
115 486
263 376
452 439
842 763
366 149
176 305
103 718
822 152
185 69
350 649
83 770
778 466
431 712
243 616
336 198
20 480
658 286
52 49
553 524
540 798
535 533
13 779
471 799
130 745
191 652
537 802
832 354
433 489
283 577
482 790
476 312
173 376
11 613
304 489
343 584
442 363
230 506
352 84
408 294
690 388
774 556
102 19
567 255
788 760
392 713
300 50
569 527
115 85
11 190
15 606
641 27
149 292
261 314
569 745
733 550
42 683
115 371
392 438
376 645
124 483
15 380
401 568
792 183
365 482
834 782
686 727
491 474
445 768
561 607
23 380
381 750
826 589
609 843
236 157
138 587
40 565
393 415
146 65
762 801
411 47
599 438
826 798
23 378
203 654
592 447
45 623
528 599
412 546
14 282
754 671
825 785
89 708
606 35
583 30
23 201
799 440
861 239
775 579
758 793
567 829
150 167
762 455
220 63
301 218
776 378
860 79
419 275
671 33
784 331
438 396
367 30
133 690
465 98
229 25
232 371
360 328
31 279
751 132
494 6
594 336
672 336
138 186
566 170
327 674
739 546
171 190
327 307
627 345
795 613
850 520
358 819
768 315
534 790
632 688
264 74
364 843
365 158
132 65
282 626
85 111
398 132
757 605
95 90
285 750
662 576
61 71
423 672
827 752
820 493
187 657
683 628
853 332
192 298
643 130
149 597
352 335
211 132
196 592
235 250
666 336
373 152
11 685
714 100
282 456
16 148
563 742
686 846
310 389
720 678
441 331
849 454
390 124
242 809
449 432
655 561
681 834
404 415
638 810
489 721
509 654
350 658
59 579
8 559
405 676
15 37
682 802
609 770
411 856
263 731
658 315
271 252
40 638
62 211
599 280
820 91
161 738
4 104
575 275
5 322
423 759
317 80
737 557
389 692
408 702
107 130
217 454
649 593
279 250
391 476
375 377
761 114
853 578
366 751
12 245
414 289
555 690
148 260
497 686
663 679
230 136
300 478
858 528
784 403
263 164
833 854
20 28
574 607
665 289
462 745
447 127
285 112
567 350
418 339
273 537
811 25
686 811
574 776
66 99
164 724
521 237
568 80
17 318
90 284
467 490
36 637
355 289
362 414
584 7
98 500
102 468
502 338
787 618
40 37
706 614
92 329
258 23
409 97
269 693
440 777
257 853
809 384
102 129
849 620
701 628
831 549
318 584
339 431
93 740
684 457
583 198
153 311
513 215
521 764
266 449
485 219
17 845
720 396
858 262
584 427
454 693
89 745
661 297
313 155
721 118
333 360
746 451
753 421
368 645
117 790
833 461
657 671
507 202
316 556
389 200
748 623
655 45
344 349
753 135
332 262
393 414
820 19
217 66
753 16
829 347
833 152
243 429
751 618
758 338
522 564
227 262
728 225
212 434
201 679
717 663
424 66
179 216
610 76
775 411
391 407
304 519
411 509
35 441
843 478
735 836
188 137
316 438
808 6
607 414
165 695
117 142
88 444
664 709
162 270
453 285
595 689
343 290
211 660
512 727
438 397
813 207
675 178
362 763
261 285
824 455
132 526
264 670
228 87
301 669
128 381
366 61
204 63
643 696
720 37
380 463
118 383
373 803
620 292
681 201
573 501
207 349
250 240
330 136
634 90
249 56
28 582
468 397
754 866
150 209
504 89
12 210
527 733
567 768
495 805
704 290
444 613
211 707
864 23
441 330
270 679
733 843
465 77
493 375
409 518
560 800
405 562
13 690
531 845
347 508
702 294
184 207
458 466
721 344
333 530
118 296
56 393
511 683
807 767
759 198
83 545
139 851
554 170
402 431
136 287
691 463
566 797
143 580
297 300
743 419
66 627
714 167
865 305
168 31
166 574
834 623
502 486
364 387
865 162
304 350
7 284
819 766
55 48
721 572
369 567
844 750
263 84
514 480
332 633
793 498
789 109
774 243
746 202
470 858
509 800
256 204
719 669
464 111
696 714
72 356
777 783
63 46
180 458
18 477
20 371
39 49
636 467
518 417
575 80
209 479
263 830
345 47
96 823
298 159
504 648
322 265
765 531
473 147
347 742
359 651
237 299
810 133
491 416
153 559
249 150
329 302
630 44
615 696
504 836
178 61
732 628
757 167
514 338
610 395
224 161
187 23
426 805
16 221
385 8
719 61
444 557
619 377
215 338
205 280
194 555
141 732
327 773
491 667
676 678
864 846
694 6
238 386
530 642
244 55
863 538
683 416
99 681
590 369
441 830
260 262
161 335
273 661
244 28
43 815
553 622
114 376
484 602
787 205
166 186
304 843
564 25
5 665
386 534
297 219
187 740
365 653
269 309
804 460
28 658
417 601
736 377
64 678
784 175
552 411
708 262
345 792
510 342
662 179
450 421
859 771
77 285
1 85
440 755
278 571
710 606
72 478
185 161
591 489
155 777
789 790
350 692
205 239
744 383
237 798
672 100
214 246
400 74
842 587
566 458
548 833
136 183
601 805
311 846
805 356
398 138
723 743
637 406
70 44
217 488
678 303
572 294
40 111
378 669
173 190
361 678
236 625
75 693
797 794
4 270
787 535
200 81
537 118
793 28
812 200
153 381
430 659
768 814
660 372
3 735
423 510
572 575
500 578
546 222
686 625
263 567
176 487
360 68
823 543
350 547
336 221
532 243
716 368
717 137
227 133
484 828
352 801
648 206
29 72
494 719
504 587
529 334
536 690
424 396
514 557
297 275
687 122
815 49
139 560
362 459
662 844
552 166
808 48
480 129
649 672
173 162
709 496
804 4
137 817
227 797
362 124
7 428
231 850
662 136
92 171
555 709
375 564
285 300
380 328
823 340
354 736
774 18
725 576
34 801
18 474
403 108
483 186
424 556
483 11
752 576
694 615
386 632
687 730
194 477
53 406
687 416
203 9
740 368
354 151
296 260
350 91
531 292
60 212
779 814
35 526
832 148
654 333
73 208
528 268
364 480
754 856
573 244
330 778
266 568
447 584
475 275
131 575
245 645
509 112
864 97
261 517
337 167
751 508
573 696
23 731
618 466
584 94
99 603
9 295
502 564
234 618
308 245
265 30
584 316
590 374
223 267
318 21
194 31
87 441
99 23
515 553
436 486
386 719
736 847
39 536
152 836
186 418
540 178
236 473
23 85
3 153
528 360
641 527
443 63
495 771
628 478
560 790
357 192
806 783
400 583
185 823
263 300
655 734
31 272
371 845
600 853
544 225
786 746
472 547
39 107
643 813
735 435
685 582
502 818
187 333
369 856
307 222
653 687
140 454
726 608
861 524
364 100
681 207
666 701
362 468
400 57
49 742
785 170
255 240
548 759
206 396
406 210
118 680
370 685
723 147
301 25
732 835
166 845
804 199
373 559
480 435
689 1
548 204
141 658
115 97
489 436
154 606
86 669
399 368
147 267
534 757
638 809
333 349
214 160
575 169
171 159
194 445
475 549
484 829
431 278
223 208
460 262
179 342
324 853
682 67
388 458
57 551
667 298
744 679
50 360
52 750
862 219
723 627
135 222
810 449
683 597
705 189
155 156
681 436
574 393
245 29
291 730
528 432
12 240
445 34
609 20
862 678
774 580
353 854
249 677
609 389
79 297
327 803
93 669
574 60
98 237
825 718
628 133
491 197
497 798
194 137
659 305
795 689
764 26
655 165
265 451
69 845
695 725
511 760
597 359
786 246
865 663
761 614
264 148
359 645
126 656
95 159
507 623
143 565
729 226
468 114
658 222
643 334
586 396
465 557
321 513
753 518
465 702
433 88
220 160
724 240
27 576
37 551
168 426
390 281
546 579
116 151
304 41
462 668
201 439
516 826
594 70
261 405
745 178
768 791
627 178
440 328
572 625
775 172
7 198
487 830
691 830
802 5515
431 635
12 687
284 367
18 319
247 297
60 710
265 110
592 119
143 506
790 771
339 615
104 416
62 377
502 96
696 147
772 40
739 87
316 252
407 23
783 424
297 217
61 144
444 24
156 644
700 457
773 531
499 568
122 273
16 398
705 278
644 663
97 70
743 203
681 686
280 721
709 88
177 127
348 224
618 130
68 231
388 750
651 160
312 448
419 484
594 42
423 468
577 792
372 396
232 375
251 565
503 225
220 712
411 594
447 176
450 244
234 591
401 536
403 54
632 470
25 665
318 54
621 327
677 629
511 547
368 307
739 772
14 190
414 756
795 489
711 235
532 430
114 749
79 589
43 555
734 299
672 424
511 103
490 302
398 597
257 583
614 687
800 443
736 569
222 776
705 498
196 370
348 85
711 226
447 643
175 752
129 472
515 527
182 71
534 424
737 284
318 519
31 358
669 480
86 658
113 720
275 321
376 594
327 749
621 521
569 406
473 361
55 266
741 176
172 621
378 438
345 167
792 354
5 27
474 260
692 106
194 358
217 191
400 489
763 132
434 83
435 225
93 389
329 311
520 232
562 287
748 118
182 628
607 317
40 476
595 266
504 9
515 77
20 629
261 781
391 254
374 594
768 639
72 171
733 138
205 369
135 10
654 802
475 215
3 684
280 39
465 29
287 409
72 393
128 107
543 447
488 217
507 343
399 343
629 540
243 337
712 200
238 84
688 337
356 39
247 762
475 659
61 598
233 581
659 161
772 640
80 176
467 656
553 631
18 13
60 496
17 451
415 519
198 157
234 643
293 231
773 685
743 627
725 228
619 143
653 41
128 668
409 101
25 437
167 635
7 402
618 175
637 641
250 747
567 250
45 236
653 493
606 535
3 648
82 371
730 519
604 236
586 547
58 248
741 389
727 214
674 478
569 748
387 560
177 623
299 412
119 311
449 303
376 761
159 696
284 415
274 229
789 578
114 484
27 423
725 324
274 116
294 115
592 31
283 206
692 34
288 184
109 176
402 208
562 626
544 489
446 665
430 258
378 51
568 479
259 502
460 557
653 794
244 591
299 774
138 559
164 136
648 373
636 660
639 215
202 470
499 680
652 308
657 394
255 175
766 313
684 756
729 697
680 339
385 105
644 178
600 394
699 78
388 751
82 452
524 179
451 137
699 191
758 734
319 134
261 281
346 147
81 422
566 175
237 795
772 570
241 216
383 213
57 190
683 30
267 759
29 642
351 53
321 98
380 459
352 792
728 419
236 138
98 231
725 442
265 596
329 393
568 362
348 530
592 400
41 174
353 140
226 242
448 184
280 168
277 395
683 760
563 94
766 635
182 536
538 352
482 573
12 206
185 518
438 208
580 409
84 712
257 2
701 583
429 260
508 259
272 449
510 369
522 481
82 424
741 480
684 397
65 763
101 237
552 551
531 485
447 70
229 794
683 493
80 70
360 214
540 641
618 605
143 396
539 603
104 362
415 780
436 297
89 75
645 236
373 771
486 610
131 251
743 590
800 250
438 624
259 95
464 783
371 423
212 101
198 80
258 157
410 64
14 582
430 246
520 598
499 273
444 406
111 676
556 503
337 303
634 719
179 720
291 394
44 178
54 127
632 83
105 53
177 352
770 114
513 206
271 746
440 686
224 709
133 757
731 182
533 116
171 479
216 708
90 165
617 204
411 541
578 289
757 429
32 325
51 419
717 170
721 303
768 504
588 217
458 498
170 462
243 652
636 205
56 425
221 561
648 237
522 650
283 146
356 612
431 10
577 138
761 469
522 541
666 576
170 627
726 644
232 610
11 522
710 136
628 513
187 333
387 287
373 170
139 430
430 163
378 720
734 173
373 347
139 319
774 663
621 105
7 380
239 353
461 793
462 18
784 214
750 592
54 91
615 350
231 593
149 302
150 729
108 775
20 172
446 66
431 746
310 573
651 723
722 740
660 722
666 787
632 777
623 469
134 664
710 443
553 268
739 89
47 126
140 428
69 466
737 616
773 640
207 324
83 330
636 550
145 403
771 483
334 633
562 292
728 4
175 234
734 254
755 83
148 35
602 775
577 579
482 649
291 501
789 350
491 746
228 158
197 707
793 181
362 631
39 151
702 557
9 209
273 620
164 666
220 782
588 416
192 754
315 131
673 357
621 103
217 161
164 632
51 556
133 419
227 472
454 225
37 71
240 93
773 210
350 22
17 27
164 350
539 186
458 106
1 559
715 298
202 346
44 425
432 459
658 601
131 747
279 547
232 552
187 192
728 604
470 593
487 525
722 70
137 580
536 318
445 670
603 358
287 667
181 132
175 515
59 744
632 278
480 515
311 635
33 501
632 389
18 498
336 209
94 552
711 427
761 734
616 183
156 10
783 95
553 682
356 577
744 97
680 547
496 68
304 791
75 184
143 579
353 647
294 757
540 245
62 529
728 77
785 250
97 162
706 540
122 343
16 456
736 455
376 470
283 610
79 133
707 612
340 599
110 613
681 629
462 422
300 69
177 278
175 775
440 704
441 361
129 73
409 715
285 296
12 416
615 248
402 516
300 363
530 776
142 578
694 63
545 333
385 540
545 318
366 510
4 645
730 101
233 587
397 626
32 437
434 505
203 188
78 716
373 708
660 686
203 13
578 115
711 173
142 216
554 248
499 771
705 124
777 351
526 66
579 724
430 454
565 703
511 57
357 643
47 443
425 727
529 217
477 155
595 296
151 350
510 594
266 548
583 443
58 322
153 110
737 120
220 649
249 582
382 490
555 660
607 727
444 665
451 175
77 217
23 727
767 292
401 791
315 541
399 181
546 2
656 590
290 324
460 20
47 596
765 383
699 593
632 556
726 138
440 135
226 680
635 204
797 213
456 714
768 453
787 99
616 143
669 253
602 430
458 358
217 245
113 260
226 125
464 463
156 784
126 514
550 96
601 392
268 457
473 762
222 128
184 695
573 163
391 290
382 213
690 464
528 507
456 422
609 224
92 73
538 95
499 121
451 250
779 488
769 50
441 161
638 630
768 294
741 423
355 628
483 395
418 290
592 665
510 644
369 272
485 330
90 154
532 117
437 503
797 407
267 664
394 559
475 586
357 306
393 339
30 536
40 536
437 570
578 8
697 366
43 556
217 209
226 1
524 600
227 296
273 466
50 132
420 278
799 298
384 367
349 265
297 775
7 468
732 125
742 2
379 552
219 195
774 265
104 769
357 113
7 779
116 221
241 361
501 791
280 394
621 663
86 573
199 321
79 438
687 604
172 767
431 274
5 425
706 38
61 76
683 794
299 533
674 571
36 576
288 337
398 794
602 720
362 421
696 317
511 4
204 620
481 66
505 324
268 96
112 354
499 354
619 117
12 29
343 557
64 372
55 14
336 596
29 623
305 207
269 620
456 77
332 736
709 174
305 344
474 369
1 103
387 782
404 459
171 320
389 281
674 441
345 629
4 608
336 400
769 309
786 558
4 759
112 272
638 728
226 530
455 191
227 164
670 358
515 560
680 512
165 88
356 757
352 544
153 561
700 96
50 411
162 801
199 766
202 46
519 799
131 102
481 509
463 133
691 94
287 248
240 723
22 127
406 158
64 289
343 678
29 193
716 787
563 596
140 643
474 341
665 484
8 801
188 663
555 437
698 471
405 515
700 645
619 1
521 455
208 70
122 532
551 231
238 230
321 234
61 744
155 367
683 213
764 280
412 485
142 10
606 495
139 657
2 395
365 613
79 651
740 631
524 516
744 626
140 317
639 323
235 121
1 705
737 735
452 654
288 615
164 26
28 633
196 282
748 351
755 525
239 420
76 680
499 459
538 92
346 461
733 207
76 726
785 670
121 648
614 77
417 8
223 436
787 307
471 298
219 309
310 620
137 490
566 349
694 774
20 305
593 633
595 703
375 63
433 796
530 386
679 39
773 46
368 390
739 153
192 756
679 261
763 252
31 746
725 40
182 765
100 650
514 498
787 570
573 85
424 180
406 100
637 770
199 599
666 344
413 713
496 629
49 507
692 667
474 404
511 423
779 297
192 461
497 698
349 697
614 239
656 459
196 163
608 35
220 313
314 178
732 412
59 746
602 574
217 598
39 181
21 666
405 571
137 437
588 466
146 317
729 363
518 45
167 209
206 521
657 719
470 386
99 372
235 628
758 181
199 209
401 282
651 618
122 757
612 141
122 145
553 313
79 557
710 385
378 118
201 663
771 287
387 6
728 160
106 540
683 584
499 583
541 554
373 367
135 578
248 308
72 610
373 324
106 208
115 802
741 570
427 686
618 183
139 242
499 48
563 797
674 327
629 631
647 120
704 594
219 95
24 95
288 8
176 298
659 455
399 192
76 339
24 206
12 791
569 438
474 178
238 203
246 598
420 727
740 24
777 18
373 54
730 18
203 190
523 579
321 47
29 278
655 70
692 249
105 801
472 92
606 387
143 643
346 573
166 224
662 512
40 783
193 311
452 516
60 65
210 722
50 107
625 485
764 700
679 640
421 656
370 671
478 594
689 785
672 545
1 311
129 378
791 296
776 735
103 208
31 119
676 120
144 281
37 546
29 626
121 401
254 215
737 239
441 282
137 561
371 42
3 652
152 210
81 156
444 778
452 269
588 395
100 125
670 161
589 47
377 577
730 71
436 206
700 787
479 40
669 588
251 217
380 419
458 277
479 441
264 38
235 717
164 583
472 455
585 727
27 118
51 124
154 383
731 799
680 795
74 54
314 633
300 564
193 396
526 382
606 40
787 654
280 568
780 509
718 529
317 596
413 661
359 249
439 161
709 67
486 196
658 643
579 498
138 367
275 586
149 398
411 318
551 582
203 732
137 702
414 146
567 504
76 437
243 156
461 237
426 215
523 207
712 260
440 71
392 298
673 175
57 194
773 156
21 615
726 148
29 188
381 649
256 600
431 489
74 662
91 540
388 476
635 91
763 14
764 317
32 110
86 273
714 582
350 138
433 590
558 542
123 340
288 422
623 712
57 751
494 788
642 282
193 511
32 626
235 245
109 724
371 469
279 350
83 73
505 287
322 27
405 420
201 135
58 376
41 622
658 743
37 762
410 556
73 302
167 652
690 679
210 256
674 403
93 597
264 723
194 780
569 296
405 570
123 252
731 509
293 650
332 503
481 644
282 607
179 461
87 748
56 256
312 746
294 782
160 302
273 1
65 359
645 394
193 475
587 183
571 554
787 601
115 519
201 210
6 581
227 770
68 262
287 36
738 394
543 247
177 442
567 237
774 457
365 303
239 128
33 731
620 633
333 136
651 239
267 230
613 337
466 634
285 470
533 112
464 103
711 725
716 685
566 363
109 276
4 640
578 317
544 629
731 473
331 68
170 458
28 60
265 342
381 802
691 277
94 180
170 748
759 162
784 608
532 722
330 22
203 364
433 416
524 610
1 763
682 655
539 20
700 354
463 52
196 657
713 409
164 119
75 532
656 231
305 15
790 118
542 759
399 754
609 74
537 277
393 525
336 705
580 364
196 85
452 255
280 8
537 132
517 750
205 114
535 400
786 641
437 111
111 120
42 657
105 311
366 46
263 628
471 753
29 215
657 662
251 107
192 635
356 294
643 724
625 68
166 178
568 484
640 561
688 781
395 749
527 780
202 241
331 479
787 289
469 581
676 296
787 657
619 174
767 126
329 44
700 37
61 509
73 471
281 2
492 546
612 787
59 117
499 122
63 581
452 76
556 330
176 6
148 180
119 579
655 551
456 52
437 210
389 351
266 490
346 156
555 288
66 367
786 628
428 537
135 190
158 438
332 125
734 585
263 745
129 717
621 466
787 128
756 795
436 449
98 224
126 722
790 515
145 482
790 498
222 208
338 469
69 323
786 365
439 369
653 27
545 754
267 95
23 231
154 114
266 616
201 53
486 22
741 516
106 13
764 730
148 217
298 586
551 613
802 221
146 537
534 652
392 489
450 163
658 33
96 599
314 402
371 735
765 234
80 59
261 26
340 779
674 229
713 279
19 40
60 644
460 174
155 696
401 280
431 241
165 208
639 598
758 352
639 436
622 578
283 344
726 748
362 307
159 454
416 615
148 714
476 303
663 245
22 231
614 589
79 654
88 351
567 601
535 63
580 708
78 306
306 396
325 368
736 313
129 397
603 523
36 372
201 412
149 164
91 509
78 229
742 188
765 117
440 290
775 214
156 422
508 113
366 19
775 500
389 73
413 339
62 106
104 316
473 105
575 424
772 428
739 211
368 95
430 347
397 542
273 236
771 381
40 241
135 642
283 439
438 593
687 38
46 154
735 650
164 225
283 725
508 668
382 189
711 540
61 472
410 208
729 566
742 284
444 439
102 191
328 200
258 271
595 10
478 797
7 25
58 19
181 343
797 365
64 799
418 282
569 359
42 289
752 646
399 87
310 315
137 92
764 53
32 358
711 478
647 546
356 295
673 483
199 155
146 37
504 685
465 269
160 393
22 727
553 742
98 221
388 393
89 390
625 212
364 120
515 719
273 200
292 380
679 576
772 166
259 13
460 698
142 474
168 49
666 720
729 711
411 503
757 130
562 432
12 81
178 425
514 271
275 769
433 125
98 611
372 70
594 771
520 738
760 231
374 783
642 141
550 770
789 202
451 143
196 217
58 166
232 141
589 504
659 400
403 206
227 462
415 600
789 654
422 361
61 551
170 97
587 752
170 496
711 339
723 309
355 133
393 416
147 657
403 763
62 284
598 178
187 573
69 433
431 190
36 782
460 734
409 404
62 638
246 203
28 442
259 246
316 509
374 687
738 130
64 509
272 138
323 13
595 484
561 276
335 161
295 631
742 292
249 657
712 791
681 540
573 534
568 715
760 114
266 173
86 570
505 466
426 407
270 604
509 643
437 422
797 454
786 601
143 244
238 50
171 151
122 587
104 178
412 155
318 213
87 392
716 504
412 441
434 417
240 144
169 148
312 142
580 680
602 354
621 70
460 540
781 278
621 215
108 46
352 536
478 200
26 457
135 665
286 799
192 96
529 103
624 35
142 402
791 35
539 10
136 615
253 570
182 361
257 790
373 498
283 534
340 749
519 763
520 555
228 590
410 415
126 101
254 190
555 572
112 802
167 690
218 142
675 231
789 115
165 619
185 224
495 263
33 404
24 209
379 135
270 346
744 207
75 287
403 484
356 268
324 802
199 182
19 180
792 500
49 777
247 170
658 421
131 319
518 697
118 189
164 445
466 208
635 498
412 675
490 591
622 748
734 490
20 674
313 802
724 324
783 461
786 291
619 196
81 725
577 712
779 660
81 614
15 799
334 35
563 555
441 287
283 784
567 96
640 590
129 138
537 53
11 170
764 379
203 642
389 377
203 502
381 303
682 572
569 358
603 67
215 793
109 502
91 396
377 582
165 437
57 788
497 493
104 281
798 334
406 528
752 500
734 676
350 173
796 31
532 513
346 540
666 575
190 645
160 360
93 502
203 266
335 313
273 344
406 92
468 269
736 533
329 65
383 402
562 433
559 364
310 282
205 720
447 663
106 23
254 103
408 189
774 141
159 176
769 132
737 264
764 551
57 267
595 775
262 74
285 491
103 548
417 147
185 175
718 67
266 488
642 607
518 170
25 583
102 631
143 147
570 173
256 317
80 224
694 693
381 646
564 161
30 541
342 787
768 422
679 176
780 307
166 220
39 678
460 505
71 209
112 14
772 244
494 680
23 402
285 659
679 615
493 528
766 531
257 607
28 554
468 289
150 125
710 101
700 203
519 513
187 504
714 507
597 558
242 635
46 655
50 626
159 148
530 412
741 740
393 724
718 44
333 114
775 95
393 206
525 628
698 24
310 802
718 95
464 126
319 48
266 396
12 664
66 369
163 749
185 421
566 317
310 767
114 468
170 66
640 302
518 323
631 206
243 697
706 35
378 144
89 35
274 439
319 581
108 408
606 427
169 36
5 694
585 748
764 651
421 390
344 173
69 721
264 430
728 83
66 582
514 466
169 343
600 13
66 761
568 619
733 335
277 281
499 361
83 102
767 48
742 374
232 763
158 790
718 366
357 190
567 31
418 18
632 90
475 92
43 368
6 132
797 647
301 568
472 710
770 317
543 308
648 600
122 765
454 724
294 252
464 279
617 471
251 49
26 665
781 599
86 237
658 418
308 351
94 296
761 576
448 426
265 676
340 240
256 801
630 281
446 628
465 65
238 762
61 131
52 634
606 161
151 118
121 89
304 535
420 117
545 696
767 71
679 781
723 229
357 623
339 236
12 284
89 673
37 703
77 513
569 538
121 759
656 678
325 208
517 747
635 646
171 65
191 130
17 603
473 425
238 235
755 319
19 724
52 107
251 221
89 234
587 679
90 341
791 561
640 645
329 516
331 242
27 221
434 249
606 355
526 32
305 620
187 640
212 53
752 34
588 696
719 422
334 576
689 599
338 383
563 74
309 782
595 349
580 655
382 223
638 492
44 339
391 62
139 161
382 441
21 205
304 127
451 224
515 427
79 488
548 289
572 703
655 544
217 637
517 592
66 362
54 459
82 512
156 287
378 411
473 389
5 46
483 252
88 748
447 661
762 628
155 334
262 550
467 592
584 544
363 483
39 720
764 313
674 529
145 197
84 318
670 605
621 241
109 797
494 681
672 417
568 370
648 394
64 209
728 120
253 675
658 799
198 108
606 121
334 604
49 284
552 181
454 277
202 498
629 425
171 769
334 719
763 575
378 531
700 54
562 37
447 283
174 449
168 762
522 489
171 717
499 200
451 109
414 99
141 793
786 693
474 441
797 339
512 429
433 595
510 388
562 570
472 521
194 42
108 763
414 590
75 450
152 633
172 644
184 330
331 45
648 249
612 138
265 655
458 184
430 322
532 570
293 202
250 169
786 317
152 121
397 237
535 459
297 425
262 2
690 3
32 697
159 85
197 162
126 24
789 302
228 584
619 393
289 708
326 601
462 425
11 51
257 407
285 289
158 49
500 570
401 701
419 564
190 369
156 417
301 584
621 595
725 597
695 521
688 473
356 191
32 349
470 419
679 21
670 360
431 316
288 38
391 475
576 649
144 549
441 633
355 223
84 263
535 664
619 523
4 343
622 605
21 528
785 223
349 56
712 404
535 92
529 143
187 35
361 500
153 480
10 443
672 551
546 601
237 746
475 157
685 2
423 298
44 29
124 386
493 307
21 364
707 133
156 389
217 657
440 432
566 331
440 31
612 413
413 308
65 231
252 738
326 281
388 372
139 774
400 298
57 613
367 671
606 243
183 582
311 397
487 204
456 608
364 281
325 262
540 308
652 350
235 12
54 576
681 506
528 355
268 38
505 759
141 385
382 47
789 178
764 690
653 439
379 660
247 751
548 211
572 713
258 641
614 84
457 551
334 780
517 718
744 476
427 24
780 540
786 737
147 361
472 558
345 288
185 399
766 153
263 596
105 416
7 595
57 279
259 686
646 302
298 200
93 721
522 763
378 237
606 461
171 363
69 557
605 747
326 404
544 125
268 277
273 210
726 708
151 441
736 721
151 302
482 579
283 670
490 54
789 408
370 672
338 130
158 681
704 319
279 571
227 698
306 631
590 735
116 162
29 565
339 389
310 6
167 651
745 231
251 634
718 50
479 538
389 302
51 771
346 205
77 107
632 286
621 622
186 741
498 147
471 708
683 484
508 419
318 73
78 585
539 2
247 82
435 499
29 268
374 194
621 67
288 249
677 369
312 751
386 650
647 773
71 183
539 225
227 333
264 449
511 13
501 691
800 354
654 381
416 635
671 715
11 630
598 558
625 588
306 313
644 593
187 6
297 586
104 567
304 169
505 536
499 54
764 762
456 195
705 363
7 215
197 741
176 288
569 335
574 728
195 365
603 120
109 271
458 537
792 217
523 488
377 649
400 432
255 575
122 191
389 521
680 662
588 775
502 317
142 450
588 662
115 712
383 507
614 508
230 501
118 542
239 510
129 30
393 641
453 589
730 525
21 506
12 723
525 600
289 35
360 136
731 395
113 65
60 584
228 278
86 156
345 22
398 8
613 645
523 613
429 654
670 468
625 127
511 790
758 317
43 568
619 601
340 142
14 459
571 794
189 127
758 479
444 19
639 328
89 676
18 664
572 279
168 53
197 383
82 273
126 484
535 498
762 244
433 224
461 722
791 330
79 212
797 777
317 735
380 597
141 529
1 134
77 403
295 476
614 250
417 438
371 59
758 677
42 604
349 624
480 641
286 67
185 172
404 394
65 646
341 561
197 701
21 752
566 340
704 790
96 686
734 613
20 431
86 184
198 422
553 693
702 22
87 171
700 531
739 239
387 130
230 365
523 798
411 24
752 354
435 142
494 687
98 108
106 547
714 802
444 55
389 722
408 600
455 593
540 281
192 183
430 113
490 420
580 749
482 576
139 481
676 216
552 70
310 485
499 428
7 447
282 330
232 529
253 229
399 561
220 18
614 230
453 628
539 673
336 654
567 421
505 311
292 645
186 384
211 559
16 591
518 250
697 394
105 498
62 633
425 260
62 115
725 657
743 77
77 575
170 355
449 184
269 365
406 334
744 659
514 655
443 695
49 604
784 649
433 509
516 208
115 751
353 166
600 97
676 286
606 91
398 572
782 678
325 89
785 275
684 551
341 468
742 373
743 4
608 777
10 389
432 127
1 206
737 196
439 788
315 298
614 130
84 613
24 392
453 761
737 422
760 769
48 397
301 565
52 461
487 782
73 558
20 35
474 343
238 99
109 270
699 588
21 552
321 262
764 46
68 629
656 330
556 738
401 255
519 482
329 621
493 802
692 192
311 570
739 39
501 216
142 336
610 200
245 163
84 231
800 272
505 14
460 738
726 525
741 388
790 302
314 735
62 645
88 256
624 210
92 344
164 125
292 793
442 234
634 646
480 408
79 352
310 92
290 8
258 554
779 84
600 727
148 13
594 461
150 727
391 667
4 588
109 353
238 127
226 607
110 53
789 742
539 767
764 50
588 352
316 547
578 394
762 607
155 359
218 269
331 102
170 424
41 413
387 169
616 263
240 43
227 311
126 523
481 130
230 263
550 714
20 577
681 265
61 503
407 751
794 208
340 545
279 646
229 343
799 95
436 599
618 25
379 519
751 295
516 770
152 53
413 210
348 393
797 332
712 188
57 489
578 605
797 509
786 622
769 324
772 557
475 578
76 225
455 127
293 352
7 738
167 408
566 742
169 204
388 362
446 672
458 18
758 393
306 94
142 264
99 24
44 750
781 207
361 630
677 14
535 416
596 178
154 461
766 614
410 226
538 230
253 744
182 305
220 124
478 700
82 125
72 187
325 279
314 88
443 308
376 785
310 53
6 156
87 67
118 248
391 739
158 250
500 675
355 744
372 650
104 40
8 686
647 720
200 191
473 23
511 715
645 63
523 607
599 296
378 156
51 366
714 530
518 535
60 343
514 652
623 644
446 559
667 71
406 425
288 584
478 495
739 422
395 547
616 795
714 392
20 633
537 657
3 365
131 672
337 395
687 479
520 720
689 207
452 115
770 392
37 647
314 124
300 63
339 419
177 268
607 778
607 231
557 97
44 52
690 578
15 597
647 112
580 21
484 130
769 482
404 323
76 331
494 206
595 545
47 698
232 89
720 190
39 38
246 686
440 401
51 428
604 576
588 381
721 292
160 244
340 503
541 194
356 408
503 347
568 96
423 570
587 413
517 506
244 712
496 489
179 204
790 303
279 302
672 714
340 296
331 743
794 213
508 704
111 604
589 641
680 355
594 793
408 166
486 163
567 206
552 317
258 696
723 436
49 229
660 323
348 311
149 194
457 169
409 685
289 136
414 190
256 8
33 474
731 239
751 224
739 680
446 254
67 231
765 388
588 387
768 177
95 802
579 209
431 364
742 670
247 20
147 778
523 615
17 382
800 95
87 685
700 760
717 566
462 5
655 320
481 423
487 201
145 392
421 299
117 124
526 326
639 219
606 16
348 800
312 792
224 92
704 214
153 80
638 355
286 276
606 609
168 627
704 325
310 57
167 736
485 13
239 242
362 747
390 163
342 360
94 793
275 417
243 277
688 134
354 557
405 671
378 423
769 756
773 132
506 323
697 410
388 53
318 178
247 248
229 605
692 411
307 191
285 588
161 582
203 463
246 35
412 369
17 391
127 245
227 675
72 736
514 459
478 496
316 507
378 684
495 599
352 463
371 477
174 120
175 417
239 594
738 271
261 796
228 705
785 454
435 765
352 45
353 148
490 215
540 248
242 628
741 670
528 255
177 487
290 222
55 450
723 364
447 404
177 368
564 735
15 737
683 315
464 115
621 619
564 509
391 627
345 257
218 49
57 117
21 530
356 135
185 281
332 408
352 75
801 231
477 550
518 324
742 678
393 454
692 238
329 448
62 290
339 667
202 161
648 475
580 758
139 720
505 112
412 708
331 412
250 292
123 542
714 215
454 474
352 380
653 56
420 474
340 277
514 350
382 136
774 788
614 595
463 457
391 348
505 707
412 793
719 184
358 96
510 191
194 676
171 668
619 282
56 684
219 136
382 324
391 800
626 581
788 468
76 614
250 572
479 635
485 214
518 228
81 73
264 759
51 657
185 91
186 644
318 409
670 178
772 742
739 621
464 381
61 730
722 756
299 333
198 605
165 364
97 686
133 351
47 249
730 317
682 440
526 73
217 279
131 195
320 24
122 412
474 94
435 377
311 474
793 591
26 166
415 296
495 542
555 693
334 664
118 368
511 256
634 277
729 575
174 402
153 405
638 38
620 597
606 512
129 140
58 26
286 106
345 558
280 191
546 166
471 427
43 224
432 601
199 477
181 114
152 360
100 102
312 110
20 295
693 120
345 234
755 435
226 703
610 779
434 191
215 629
69 676
679 283
38 97
728 323
329 408
257 683
151 179
781 344
50 290
304 601
66 536
700 479
314 526
800 429
585 610
465 635
232 794
719 195
280 688
527 712
791 327
480 55
90 698
732 253
606 173
98 483
291 334
305 414
785 660
536 302
76 607
372 402
346 245
440 370
93 584
767 664
721 48
584 504
18 386
345 341
605 459
742 552
160 206
682 207
541 24
431 496
566 629
511 678
619 681
587 471
661 784
166 214
800 124
697 740
444 67
355 360
230 628
147 628
374 311
452 581
202 108
502 656
611 776
739 351
411 424
116 281
374 721
179 549
793 801
331 686
788 620
33 581
36 344
704 465
210 358
765 248
38 688
205 417
447 484
342 282
744 316
581 663
570 216
152 305
232 127
94 645
329 788
420 677
61 693
277 221
532 261
65 163
89 37
377 354
551 276
635 495
218 741
732 754
738 95
657 35
587 174
239 659
408 575
151 473
122 347
571 402
666 386
619 110
315 65
556 484
477 429
372 133
72 217
328 35
275 540
701 638
710 756
72 40
278 512
300 351
284 628
717 490
370 23
376 636
158 212
159 549
218 99
146 644
134 365
734 774
591 727
578 306
553 609
626 409
433 122
502 23
730 314
434 207
460 575
329 332
421 420
723 540
16 258
535 373
352 281
550 685
760 501
580 544
391 323
430 799
259 80
210 125
766 414
515 292
242 554
617 718
638 212
585 40
609 434
681 605
205 263
237 630
771 620
512 470
72 467
772 790
464 173
410 783
290 489
128 500
4 591
661 327
721 100
449 313
243 369
172 555
158 466
218 153
275 210
373 571
170 407
218 443
4 18
563 261
412 367
658 19
383 212
57 616
179 189
623 702
520 223
749 756
226 339
541 744
321 589
790 201
28 588
656 173
609 139
58 763
644 646
685 302
283 550
419 183
242 590
172 52
251 597
570 483
220 296
510 450
332 769
314 276
225 695
160 626
328 680
20 230
314 391
171 18
88 579
152 756
194 115
750 36
155 324
688 708
229 684
674 555
346 584
754 381
739 19
152 769
529 337
269 214
681 174
714 748
359 339
641 260
59 116
701 36
614 719
528 678
766 538
568 743
752 68
478 502
649 554
654 277
201 83
148 686
115 565
413 734
37 398
447 547
486 15
348 36
611 630
144 347
254 138
11 13
796 269
153 332
443 552
86 562
181 358
399 467
322 394
742 137
453 658
256 242
385 402
369 296
422 397
544 611
526 567
123 246
346 778
576 675
497 430
123 468
15 212
91 626
494 621
167 441
563 460
434 296
387 226
481 380
444 96
448 99
306 65
1 661
754 579
286 662
567 547
144 251
60 39
239 101
98 705
412 795
482 723
617 721
358 320
608 107
680 424
275 652
81 173
384 20
336 509
651 118
584 83
113 749
314 447
617 190
711 493
700 770
762 583
262 593
726 234
764 409
270 124
218 309
721 117
653 517
644 216
539 418
189 229
65 63
469 341
566 685
522 527
467 364
382 633
407 112
179 209
625 257
3 31
260 630
193 525
374 380
537 592
32 620
145 707
81 717
433 72
358 2
729 686
315 477
300 143
626 645
774 419
384 65
242 781
280 18
181 350
399 267
57 352
755 121
422 664
34 112
39 225
470 231
669 219
15 505
661 439
111 352
742 514
44 327
377 575
87 584
517 57
77 626
687 649
339 631
764 300
228 577
159 22
710 437
293 59
784 582
17 186
710 230
524 798
148 258
358 204
202 296
135 780
484 615
69 24
35 136
790 40
684 747
520 540
315 505
487 543
609 477
492 794
343 45
185 183
76 540
733 534
294 450
370 92
11 428
380 133
140 592
411 723
764 227
754 9
192 546
322 189
755 401
578 490
566 762
4 134
526 7
574 307
353 157
567 734
244 801
192 140
340 508
325 96
698 650
473 661
149 722
331 723
741 293
453 204
55 136
250 592
697 631
651 286
487 690
439 783
375 653
211 724
139 83
508 274
718 133
251 624
358 308
414 106
16 565
91 491
536 42
510 685
617 193
720 214
668 430
618 573
167 106
342 196
503 112
19 163
481 93
683 248
721 333
647 605
402 248
460 13
47 230
680 529
227 371
253 751
456 559
143 593
776 354
45 675
338 431
531 504
574 446
151 475
704 115
417 678
439 77
617 583
83 223
461 735
179 688
699 441
266 788
470 540
383 513
10 273
563 583
306 740
258 579
737 441
77 184
495 409
345 576
113 748
750 272
401 583
312 230
510 713
648 559
99 271
446 32
90 470
344 753
612 119
111 693
60 529
236 178
7 725
198 370
433 387
326 470
682 310
723 542
575 513
353 197
453 98
420 125
306 324
325 56
554 558
477 237
11 793
362 63
75 670
349 467
656 97
287 13
58 455
232 622
36 402
275 570
513 138
137 654
211 637
253 117
427 53
371 19
510 666
169 654
538 513
65 557
752 801
219 292
705 637
544 573
707 27
104 100
711 579
285 351
399 89
109 126
692 50
348 623
620 323
344 249
442 599
26 278
227 651
445 320
452 620
322 634
272 9
421 696
762 254
158 549
767 99
457 236
614 402
151 368
493 515
179 635
482 664
174 322
656 77
451 347
612 774
510 325
499 244
784 432
552 684
310 172
229 52
177 729
343 157
682 537
422 276
377 783
312 158
543 645
394 396
199 339
226 369
76 327
618 617
565 110
40 631
433 664
144 725
246 436
212 268
86 301
269 323
146 142
772 110
501 234
692 133
431 211
554 162
740 649
407 74
776 327
320 67
268 483
776 470
406 113
154 470
364 395
407 665
82 231
11 801
196 355
254 57
129 446
370 554
136 802
585 21
179 708
170 782
261 570
338 156
440 563
78 101
704 468
358 309
536 269
76 638
632 293
635 582
241 48
33 390
401 602
368 531
232 98
638 686
289 237
431 23
518 30
167 196
354 461
744 221
692 293
730 3
199 196
41 318
448 296
144 561
554 100
97 759
170 365
154 67
653 624
446 758
454 173
792 640
407 249
415 778
641 778
611 216
98 509
300 609
466 377
729 261
463 36
288 700
766 278
31 134
768 576
486 184
555 665
452 143
275 654
721 706
168 734
797 749
375 513
546 303
160 734
452 286
314 347
137 738
413 149
769 485
752 336
114 188
124 485
316 204
589 173
664 124
479 773
636 392
379 145
199 394
129 608
650 130
742 612
674 796
622 190
380 317
341 70
235 591
734 551
692 95
113 184
32 162
551 309
535 656
264 277
672 114
89 288
531 313
273 217
60 231
341 309
268 468
487 160
199 748
495 693
776 287
541 513
502 423
50 28
606 57
741 798
257 334
588 627
75 512
192 356
466 127
528 398
6 541
172 301
121 307
788 551
92 116
20 649
607 695
391 98
128 504
595 132
462 397
29 758
382 356
413 200
159 484
241 449
427 52
714 173
543 275
33 78
217 665
29 58
440 39
186 744
647 646
48 540
42 54
705 670
7 756
485 650
772 484
497 372
339 633
636 225
602 288
605 671
95 237
578 217
448 62
585 595
730 396
524 570
571 753
259 135
64 125
89 591
291 135
220 231
537 675
723 136
451 461
478 714
689 185
684 372
477 402
742 390
745 354
140 710
310 50
720 575
410 767
747 570
391 757
608 371
555 284
464 27
543 759
456 477
345 296
90 28
7 587
85 295
293 362
129 729
122 796
70 596
329 606
460 412
131 714
553 719
133 663
240 254
717 580
481 740
498 698
743 708
799 596
61 307
300 525
595 59
568 601
73 157
435 546
516 281
314 657
225 74
758 220
154 70
16 107
227 789
382 276
456 497
332 668
210 64
34 498
141 558
310 111
721 596
421 782
524 241
713 184
284 620
440 274
773 432
82 699
431 604
721 724
229 777
622 304
205 350
765 312
87 300
75 364
131 447
313 396
406 726
393 457
450 746
587 503
145 152
611 509
244 754
264 378
682 351
457 266
633 646
283 423
416 516
136 643
732 748
164 241
47 292
197 24
718 602
723 64
670 793
453 319
172 473
465 353
188 347
489 107
452 384
673 693
181 470
44 50
172 255
263 208
401 795
760 776
82 268
390 221
557 381
81 76
134 188
674 59
332 46
661 303
419 652
669 244
526 615
428 582
215 782
143 221
185 463
294 234
64 783
133 184
407 457
51 291
473 117
51 336
658 408
240 183
772 400
619 629
53 531
660 557
458 84
621 705
481 14
430 65
400 116
405 269
80 780
415 420
157 749
174 181
433 77
550 560
67 512
89 780
789 329
499 109
10 416
29 580
656 498
713 231
224 136
580 337
555 533
168 699
402 600
755 122
295 231
480 620
110 226
55 551
538 527
595 594
356 102
368 604
95 667
481 787
688 367
748 695
517 772
80 255
673 14
68 592
569 77
610 675
129 764
17 371
734 512
274 501
114 330
27 215
476 598
170 693
653 776
123 767
677 130
679 628
238 668
535 405
456 760
176 759
334 31
331 215
129 336
476 9
462 204
232 573
139 219
324 213
328 16
296 590
104 631
334 181
690 693
329 471
340 782
270 733
769 2
778 208
33 271
676 759
707 219
603 410
699 540
333 184
569 504
39 484
612 442
469 71
752 557
440 179
332 449
476 788
43 655
265 665
516 85
274 360
227 344
434 98
545 540
342 746
625 462
398 552
277 409
433 171
610 493
23 250
391 374
69 104
658 567
233 343
338 10
452 6
399 569
379 587
286 133
371 31
29 701
569 713
695 281
684 14
48 360
309 127
137 422
290 668
347 341
440 113
360 200
731 459
76 60
688 161
384 776
553 520
773 115
356 483
445 51
781 441
377 470
176 426
222 46
444 124
672 455
35 521
59 415
683 697
151 103
376 265
625 490
790 282
187 307
273 430
476 211
373 341
598 662
486 92
197 7
179 516
776 627
382 29
718 603
202 297
233 307
145 641
159 236
327 783
128 207
6 224
797 747
764 610
7 206
465 147
603 341
366 173
276 157
797 269
543 313
43 11
617 162
731 422
29 197
473 459
56 93
682 241
467 530
17 295
679 365
113 190
645 173
648 159
526 160
375 282
752 339
648 110
558 753
285 703
681 234
442 702
128 752
274 594
719 324
794 173
782 650
415 423
326 774
679 774
282 488
672 560
141 403
79 251
188 330
693 748
740 367
73 263
499 29
305 372
33 354
523 67
186 307
280 308
543 285
609 625
25 736
458 546
204 2
96 667
617 303
284 490
603 721
152 524
137 216
356 468
419 613
15 155
363 385
532 422
165 155
796 19
268 660
198 349
562 752
389 596
250 132
588 372
411 341
790 339
362 380
344 799
326 211
478 430
374 719
173 213
546 657
239 436
40 278
79 223
24 298
232 589
235 94
480 299
585 344
159 309
536 308
58 56
287 549
632 157
794 756
392 620
784 450
556 94
538 753
635 703
121 777
739 717
647 454
669 266
696 664
464 428
797 102
636 434
787 432
378 273
270 137
40 634
575 279
800 3
473 221
95 195
72 664
652 485
66 630
4 416
353 2
785 157
469 732
182 495
476 200
701 769
614 546
210 796
68 386
729 456
639 117
465 746
569 780
757 395
625 777
393 631
275 631
78 104
335 635
233 1
34 210
751 323
115 485
794 712
251 741
234 509
589 309
518 243
51 698
389 54
156 455
447 192
307 597
169 596
218 171
310 715
412 31
768 495
235 757
345 85
623 430
19 276
187 137
209 646
450 744
773 788
562 553
652 570
283 441
50 484
583 163
230 372
654 506
733 323
538 339
598 663
452 88
537 665
671 802
799 249
707 598
64 756
789 378
477 472
25 207
582 429
742 223
717 581
38 726
684 92
232 163
65 581
636 276
787 266
346 38
169 551
538 600
498 173
685 727
119 319
526 613
391 588
332 36
595 662
742 539
502 732
768 348
742 746
639 794
329 651
448 311
677 394
350 162
80 450
8 63
4 203
486 573
734 471
772 176
683 535
175 147
118 712
201 780
373 22
126 502
608 593
61 377
767 75
201 110
199 527
681 276
25 280
317 576
525 411
396 337
609 234
257 189
728 712
651 346
546 479
160 654
769 36
433 292
689 461
569 663
609 662
524 409
416 454
117 113
319 124
46 796
333 272
159 660
398 500
471 646
745 771
394 615
74 531
194 408
252 646
556 590
478 83
238 563
153 627
193 370
305 664
657 195
476 455
190 513
369 738
23 99
260 599
92 646
109 736
230 316
505 275
767 111
610 438
331 699
465 653
391 157
776 747
604 271
185 623
82 33
196 184
82 323
229 48
510 555
426 308
30 434
474 88
203 554
106 225
608 485
773 56
792 236
695 586
226 747
687 586
624 538
363 590
290 600
185 374
80 451
546 524
82 790
602 481
610 564
683 800
406 713
672 223
75 48
288 327
312 589
421 405
433 463
416 763
38 358
459 703
300 633
487 229
786 348
771 48
61 304
502 482
288 660
328 449
407 661
432 367
269 660
185 681
93 112
168 313
49 490
236 600
685 157
272 422
798 471
349 569
767 583
372 509
345 623
676 533
673 608
355 642
51 701
510 726
167 115
522 78
775 368
797 472
159 735
53 120
792 200
132 361
742 636
569 26
48 551
765 678
42 13
165 193
423 521
744 782
318 738
142 211
402 260
329 345
312 617
598 347
697 634
776 359
266 733
502 351
718 703
98 360
198 199
482 634
274 782
499 485
274 751
651 679
474 557
477 422
124 573
202 591
79 263
120 204
176 110
451 164
243 6
11 188
588 685
510 528
522 256
797 666
640 219
683 361
676 521
423 24
464 87
707 149
20 164
458 669
391 591
655 770
33 23
772 750
384 679
61 609
374 338
341 209
366 380
541 217
116 586
577 237
761 632
19 416
725 14
122 53
711 47
274 686
696 491
439 281
433 352
23 207
335 73
523 372
28 615
301 58
361 343
415 54
41 517
480 35
328 247
222 727
103 336
196 54
253 163
326 689
55 493
82 252
794 367
417 272
145 769
755 568
225 684
618 461
566 37
713 599
661 223
149 427
375 775
109 343
555 325
481 784
372 715
538 59
731 309
60 579
725 351
644 299
5 479
285 639
122 230
322 484
472 9
539 309
65 398
678 216
238 675
460 681
335 271
435 349
753 746
193 403
676 344
192 213
378 512
469 695
399 768
680 42
129 292
421 564
560 576
98 643
137 785
168 493
174 327
97 330
225 381
23 550
77 281
774 385
258 516
742 228
449 579
232 365
12 539
139 103
720 450
519 100
797 322
750 354
4 554
492 581
161 386
241 589
241 92
388 175
735 313
682 183
241 45
160 53
144 714
725 484
800 5
278 341
340 181
215 65
382 552
293 217
317 195
355 400
781 372
31 597
434 97
218 696
44 736
681 603
411 307
573 99
266 649
800 449
452 732
457 34
20 126
690 16
50 179
110 754
348 35
349 278
282 337
230 59
768 744
331 400
617 655
560 48
353 573
529 722
788 313
239 25
600 665
767 727
684 9
243 331
464 108
52 372
755 164
647 292
392 360
301 744
68 757
290 667
123 143
380 278
464 281
52 48
227 10
501 439
29 256
624 662
414 714
356 716
644 1
171 782
460 753
634 36
636 634
254 380
118 671
291 67
348 7
629 178
193 790
361 404
163 234
201 291
76 119
390 439
12 509
626 747
441 381
23 735
798 323
197 600
3 787
150 710
483 615
319 245
360 506
90 783
613 209
114 8
545 450
674 166
342 24
480 785
134 500
32 362
341 208
755 478
80 166
467 678
714 685
174 547
160 125
792 626
758 301
193 251
536 631
421 475
170 733
479 341
293 476
411 221
506 213
677 234
491 395
535 284
153 518
188 600
746 542
182 570
452 788
81 710
250 547
88 442
465 304
373 423
537 484
497 743
25 56
751 423
152 181
480 258
140 686
436 757
171 256
569 661
751 133
432 594
622 381
55 592
285 171
316 583
329 724
76 71
388 91
145 65
118 377
108 327
680 576
563 269
639 542
606 365
717 556
781 335
123 755
711 18
397 70
520 56
535 288
207 339
472 296
435 348
255 103
452 761
93 249
130 101
577 308
444 261
330 364
82 253
583 395
605 207
205 705
576 507
118 630
382 427
107 173
642 780
479 533
30 33
319 13
102 663
731 197
356 6
628 22
332 31
397 597
240 390
252 309
345 205
479 126
329 577
368 425
792 571
502 36
4 254
278 501
709 576
306 339
520 227
227 685
342 750
435 440
255 27
213 627
487 116
89 573
225 77
465 606
434 723
168 315
419 801
490 74
791 354
171 541
766 478
326 623
379 591
270 786
306 763
573 663
375 571
103 488
121 697
33 303
110 303
312 354
82 692
484 96
674 16
247 259
711 624
648 570
42 489
170 162
694 753
290 523
32 45
513 594
739 166
743 662
85 24
86 323
532 601
365 504
38 422
657 248
160 304
382 581
331 313
758 480
406 309
487 186
93 287
776 361
5 601
315 484
331 615
247 651
568 634
273 418
466 405
310 290
205 568
25 434
25 35
29 635
306 524
534 409
673 584
305 332
480 726
408 115
392 600
360 364
452 260
409 591
345 585
733 796
642 534
661 298
685 724
543 714
677 708
345 363
238 222
310 571
427 381
85 361
682 253
440 128
463 684
172 719
658 258
406 759
526 164
114 604
88 127
491 394
623 685
61 148
755 109
571 747
700 461
739 305
50 22
168 213
158 560
64 309
49 423
434 667
412 548
373 422
84 687
515 303
194 670
122 453
751 422
110 538
685 116
81 370
785 678
362 455
614 53
428 370
545 547
31 279
220 716
717 436
522 290
797 380
180 354
253 372
751 245
472 544
489 646
6 381
228 37
679 94
38 802
123 182
368 319
60 605
32 486
90 292
610 559
207 655
265 352
787 231
146 165
274 494
303 9
198 337
139 645
69 460
43 90
37 46
274 656
166 386
240 773
529 31
144 59
608 751
148 514
177 22
580 412
638 366
159 19
658 750
399 544
519 307
258 659
410 598
674 299
529 756
159 305
475 100
258 514
225 605
544 771
655 561
548 423
522 198
9 489
332 137
464 17
229 799
464 416
360 209
755 488
518 452
647 736
467 752
682 181
384 528
792 397
740 289
423 759
706 497
620 271
108 59
678 107
458 6
39 551
761 423
433 460
192 21
729 306
676 495
684 365
270 26
49 269
782 727
14 637
353 119
761 114
338 229
515 73
20 617
158 667
515 214
349 276
222 514
121 493
651 359
440 570
617 798
548 372
732 94
239 27
370 286
243 220
300 365
346 223
149 368
356 84
574 558
501 738
39 54
617 346
198 733
218 183
755 452
761 775
90 365
238 797
332 482
78 714
433 701
477 684
114 678
673 299
164 394
5 678
388 306
118 209
251 496
198 153
143 552
240 111
575 533
84 208
415 680
790 428
644 801
735 753
187 423
280 579
766 281
625 719
663 485
709 103
547 276
647 430
417 559
55 21
617 728
310 77
167 716
25 211
29 747
177 312
270 751
418 34
440 726
567 412
59 685
208 289
686 506
91 124
773 468
67 132
247 407
551 127
274 233
61 751
673 469
363 523
167 455
670 490
731 712
290 782
578 93
160 494
623 575
312 665
613 629
482 217
156 794
623 684
183 627
153 516
588 498
583 242
606 32
25 371
736 393
666 492
280 607
563 796
657 295
477 278
755 693
205 542
766 316
335 575
209 100
82 746
565 719
545 371
508 561
733 698
437 286
713 775
164 669
401 325
318 130
703 309
530 173
145 201
443 556
505 219
285 749
658 9
784 250
317 188
503 593
502 363
106 576
1 724
438 515
619 770
533 702
187 382
675 645
617 630
484 409
690 732
604 442
475 246
771 549
745 244
271 650
440 654
152 2
462 355
366 255
669 404
335 640
284 694
399 231
199 442
603 190
747 402
792 287
612 416
687 671
345 211
623 288
492 358
75 470
7 721
711 317
791 613
227 96
32 114
251 358
757 560
479 286
457 372
644 40
785 118
187 700
408 703
481 479
196 550
322 745
614 596
525 253
529 250
3 239
690 15
81 524
409 53
121 259
139 364
286 493
366 607
193 783
36 323
384 228
371 116
210 757
742 421
90 532
537 83
21 98
671 248
551 534
135 303
177 765
546 229
647 289
294 374
479 190
372 782
321 308
603 154
87 293
446 412
123 113
553 626
18 396
123 494
199 77
133 367
725 389
164 395
238 636
478 47
18 489
388 307
236 101
496 506
460 669
230 527
286 781
288 470
71 309
64 13
644 802
465 559
69 165
92 330
31 249
233 462
499 325
145 622
370 759
3 489
158 775
3 630
278 684
104 693
563 590
456 242
414 79
185 133
185 316
578 615
356 73
285 83
472 582
332 210
310 569
575 231
760 604
247 406
679 5
561 686
386 607
313 485
226 798
62 232
346 615
455 459
331 249
143 670
431 147
311 441
682 104
50 389
117 107
606 33
199 629
81 682
478 436
653 80
760 256
304 358
733 467
185 741
447 621
486 205
34 450
257 33
33 538
182 101
650 509
780 616
374 31
428 402
369 127
441 715
284 23
212 134
65 96
798 536
766 779
264 319
520 123
278 351
479 330
621 141
571 664
203 316
44 760
445 343
452 597
752 83
598 323
328 313
240 741
197 217
642 118
680 189
185 626
150 304
465 418
121 576
653 423
656 469
585 497
195 214
572 584
135 458
121 674
509 795
238 459
152 434
665 756
447 170
494 147
333 303
693 63
247 94
697 421
240 359
627 597
526 243
88 795
454 272
529 234
763 130
251 470
79 724
320 45
222 196
155 157
677 759
473 626
202 400
526 303
452 728
89 514
166 654
500 211
491 771
168 318
701 652
694 511
382 123
222 512
408 380
505 524
168 604
222 659
124 756
168 301
264 633
694 59
327 582
281 558
263 394
768 40
200 442
238 86
370 118
267 604
13 549
146 295
310 594
731 448
460 218
246 719
617 489
240 131
189 214
230 802
450 738
752 302
653 760
305 586
469 311
768 316
273 244
175 133
197 349
535 357
277 597
758 22
505 492
235 55
754 713
369 685
734 174
224 307
794 195
586 97
783 777
755 554
666 57
619 491
768 601
742 503
421 124
326 590
310 67
524 141
194 552
214 559
346 415
626 303
333 179
430 715
76 411
537 223
85 675
671 364
39 246
534 559
145 106
618 756
87 549
647 661
710 557
601 607
764 61
158 482
604 598
119 91
446 441
527 496
332 256
134 677
29 401
476 586
51 118
217 354
108 140
182 655
666 712
705 358
64 106
325 157
92 696
304 392
116 643
44 458
211 459
193 724
158 582
112 516
719 99
387 532
310 444
112 659
336 551
244 432
651 336
279 627
20 769
423 324
614 89
172 68
418 68
172 219
743 774
603 438
786 746
38 583
224 633
566 169
270 410
575 181
388 801
688 359
122 559
530 630
351 521
279 252
60 600
78 657
136 184
731 697
517 46
228 31
89 570
251 249
704 52
472 14
41 31
128 138
530 77
658 150
571 667
636 591
51 613
383 327
26 143
62 705
767 388
25 333
766 708
639 94
714 99
349 412
172 379
83 48
690 504
267 393
549 307
228 674
314 87
421 785
262 287
232 436
168 752
450 390
125 8
241 523
103 593
275 318
737 511
441 42
578 573
154 705
603 402
739 754
548 640
255 796
5 139
388 773
218 330
178 753
195 277
695 576
635 771
657 613
143 386
539 502
26 559
725 495
672 213
634 696
711 204
17 480
700 547
57 551
259 447
575 365
497 657
300 631
92 753
614 586
444 182
373 200
449 489
74 215
712 557
766 736
306 258
128 558
58 675
188 802
64 368
41 576
297 750
140 780
571 208
522 702
718 144
399 295
426 387
708 125
716 544
418 255
301 594
431 615
641 221
534 512
30 291
413 425
326 421
322 101
146 439
537 16
167 476
117 593
736 780
194 474
27 230
445 75
728 409
454 155
208 561
407 243
175 23
360 652
648 457
740 599
210 582
689 572
340 436
454 468
316 429
783 667
292 134
601 441
305 21
714 443
537 354
444 440
159 71
487 378
319 397
718 381
684 309
280 2
546 293
784 498
55 677
93 530
21 501
423 385
176 322
185 244
498 85
428 424
850 5714
637 198
413 28
750 287
18 428
540 600
626 59
609 847
612 122
373 554
262 589
639 771
436 368
94 396
441 65
91 197
327 254
106 830
848 815
703 355
458 202
829 457
237 238
507 523
736 831
611 145
100 746
843 322
737 731
331 438
616 584
193 393
26 219
488 694
770 170
383 379
728 800
790 24
561 320
465 299
384 319
283 603
275 583
831 602
836 236
512 682
475 28
474 476
591 491
495 454
650 507
100 310
180 366
663 831
122 701
285 53
15 348
327 670
599 18
165 464
459 71
242 197
351 421
742 574
66 55
397 701
180 51
809 581
482 295
155 375
191 413
621 472
89 255
570 630
99 50
246 423
109 149
717 598
792 595
23 293
333 845
504 561
731 582
606 342
728 481
565 467
23 11
691 101
639 379
365 734
23 120
463 113
448 214
567 639
685 400
736 424
349 411
558 209
378 637
595 76
121 469
512 616
548 126
549 387
606 716
129 472
202 574
591 56
757 288
542 596
722 114
33 548
367 457
141 738
615 356
564 714
824 631
8 580
105 372
90 115
237 768
627 392
725 539
816 600
507 247
243 689
544 306
265 311
433 661
465 116
271 361
94 324
630 394
89 68
669 514
274 462
4 251
596 637
504 589
674 687
14 436
678 254
459 692
430 23
520 208
95 489
44 621
596 194
136 608
410 67
610 482
225 64
5 770
586 75
849 747
757 482
323 732
549 470
182 257
83 188
525 301
158 814
548 146
804 228
3 543
390 461
327 802
686 371
395 310
180 512
223 738
841 517
48 402
487 789
152 400
427 118
496 652
686 700
843 575
722 624
685 636
590 395
242 269
105 515
117 592
333 563
778 640
213 109
38 72
477 680
43 738
89 416
757 529
39 630
563 328
88 104
846 829
683 547
407 99
304 640
654 160
527 850
307 311
112 173
278 244
504 839
515 117
508 646
378 578
549 377
475 484
809 388
262 442
694 473
755 733
386 510
48 193
448 683
769 167
275 554
718 322
205 277
508 330
825 632
239 202
168 713
794 645
44 36
121 751
620 759
128 119
812 33
155 814
586 690
330 638
149 400
578 610
688 238
411 585
87 228
218 117
381 391
458 676
431 747
267 634
459 210
463 702
768 577
512 186
610 661
540 712
282 744
299 698
610 516
86 241
526 169
175 69
378 51
754 438
350 53
143 520
331 472
61 175
529 421
468 151
338 391
396 107
805 129
165 802
3 155
615 814
177 156
629 126
97 69
560 603
758 786
425 606
88 384
162 667
511 390
410 349
159 58
534 18
556 446
64 552
548 170
663 747
171 745
11 64
647 55
399 286
17 813
493 288
555 301
403 200
9 321
651 798
670 14
232 22
640 521
793 204
669 174
800 675
694 771
570 789
560 291
56 2
811 498
389 808
599 371
181 662
386 574
688 726
807 727
498 653
264 173
326 46
844 687
724 373
1 552
226 357
84 123
756 298
562 90
841 98
131 744
225 261
742 290
600 503
818 274
519 302
121 581
448 659
305 318
141 656
572 724
522 481
708 500
780 809
68 107
768 801
573 766
362 731
555 504
72 332
555 265
169 726
591 639
663 834
588 471
61 561
315 801
90 402
646 285
375 439
86 206
146 115
791 609
556 554
814 153
493 729
740 302
307 429
184 416
313 764
170 671
528 517
495 641
612 453
598 422
433 161
767 442
753 536
150 6
478 627
638 429
349 174
102 158
90 766
495 837
405 45
44 291
798 795
567 145
231 732
324 66
271 581
827 445
831 413
138 394
91 486
628 135
615 395
755 60
617 35
732 276
328 577
171 253
155 528
342 102
660 847
256 413
812 642
569 147
810 111
829 705
339 589
34 625
385 53
743 652
329 496
296 263
546 547
756 816
311 593
705 238
669 587
250 197
348 730
460 744
819 403
496 732
244 778
283 734
433 205
456 314
352 507
11 744
306 292
850 297
137 850
648 158
111 809
8 848
405 178
817 146
292 580
215 76
54 202
205 118
426 357
57 455
4 602
647 496
389 384
39 64
668 27
647 257
33 47
416 145
324 634
17 755
789 577
816 609
801 147
843 824
841 711
132 107
482 496
564 118
236 167
471 840
399 781
563 310
686 436
95 253
65 442
196 836
313 820
66 516
140 259
123 605
396 149
221 424
666 727
32 523
843 469
314 749
214 494
245 467
430 191
643 74
760 260
1 659
395 2
572 834
685 221
361 121
73 269
168 535
69 345
405 214
79 483
48 125
654 795
237 615
437 165
665 261
404 18
665 371
281 634
197 694
309 12
845 74
156 401
621 547
821 481
750 313
56 805
219 307
737 794
8 648
364 675
381 539
384 667
61 669
265 392
57 814
270 42
330 753
80 264
564 74
436 453
832 386
460 451
248 713
66 838
527 247
655 290
783 281
297 170
406 260
409 480
431 179
460 673
429 814
412 540
804 270
696 399
738 22
631 595
315 184
540 439
13 273
685 287
515 81
487 303
37 620
586 823
672 820
604 439
789 227
115 98
722 70
82 425
567 82
237 587
733 838
15 101
168 642
362 728
627 108
190 338
452 489
502 627
360 72
347 322
8 676
831 60
707 482
136 200
377 628
716 451
497 435
818 574
621 75
17 485
37 444
33 587
8 224
112 719
363 244
799 715
742 411
766 517
13 83
306 223
14 724
456 287
793 640
63 627
177 219
537 651
839 766
811 693
7 424
763 800
414 442
67 338
324 67
822 454
334 156
393 718
824 678
275 750
283 115
544 805
734 367
86 356
730 835
347 305
336 46
523 355
78 605
617 493
32 437
622 30
827 661
743 830
660 686
643 441
56 281
735 59
830 837
669 729
524 615
601 428
221 308
139 592
71 449
810 563
508 640
144 121
843 441
516 481
560 689
98 720
107 222
672 559
657 317
128 525
664 751
610 375
690 447
399 753
170 575
359 394
233 201
551 723
557 62
185 799
794 643
79 447
561 148
121 749
785 844
745 64
403 174
48 271
275 488
8 380
7 630
692 270
124 216
754 67
113 73
109 346
299 700
734 528
354 196
687 762
251 402
435 219
48 654
663 117
553 190
40 7
560 718
176 711
49 335
199 513
537 722
370 645
560 605
396 331
182 348
415 113
837 16
689 25
196 63
392 748
286 200
414 29
163 799
322 386
315 712
765 33
824 461
238 419
475 831
686 651
418 405
99 712
240 402
707 406
164 667
497 406
647 522
794 445
694 547
436 343
84 449
378 226
402 306
499 842
339 757
844 346
62 491
598 297
694 402
679 616
131 46
601 484
550 287
518 825
690 146
361 536
657 475
767 384
199 596
629 431
499 646
303 586
3 262
362 5
201 129
803 188
589 595
664 598
149 18
278 766
237 697
811 630
211 551
128 49
546 219
660 87
730 799
423 168
206 520
156 357
365 89
407 404
246 740
764 97
252 333
604 538
553 536
220 787
638 603
596 666
564 184
782 243
288 115
601 181
56 382
818 654
658 103
291 530
374 405
175 236
516 232
478 343
675 585
734 36
663 248
631 676
196 691
33 778
534 254
442 206
155 782
118 571
244 69
745 440
67 708
417 501
590 816
162 419
769 201
684 476
764 594
387 502
842 656
358 528
786 671
284 656
506 544
265 229
673 224
581 535
169 577
431 321
499 752
544 738
602 88
588 219
40 577
189 352
781 604
19 289
682 35
631 68
562 589
502 24
433 519
658 56
443 618
515 750
240 102
331 305
283 434
752 1
80 654
306 192
841 235
387 686
795 317
338 192
157 796
837 170
378 577
426 815
542 753
154 222
784 185
235 473
55 18
172 462
258 675
432 242
551 675
125 632
710 628
831 256
29 774
181 251
30 496
199 491
275 491
39 66
154 216
347 397
95 827
542 510
380 307
337 512
308 391
551 453
579 772
676 651
655 9
688 700
196 823
658 28
459 787
354 39
625 305
24 798
847 662
302 25
754 742
88 276
843 420
224 212
482 532
239 420
386 302
395 386
562 604
121 317
413 519
144 260
332 552
651 164
396 569
73 668
462 270
724 613
11 210
30 50
819 843
785 815
587 768
567 366
760 672
264 645
531 713
569 382
403 58
557 485
775 434
427 192
378 414
198 653
473 386
218 374
610 692
813 222
189 311
725 357
714 758
402 160
80 266
247 775
165 16
244 575
800 209
416 746
515 806
455 715
813 565
61 176
598 409
729 222
199 710
212 179
14 617
248 135
504 241
103 59
121 360
712 645
326 57
171 552
813 505
415 173
755 662
756 197
171 697
837 388
289 662
491 712
220 394
774 383
710 557
414 126
186 505
262 50
785 779
310 814
108 841
347 215
208 127
323 350
363 797
113 822
80 57
190 178
303 497
570 820
544 711
797 235
781 678
216 440
768 287
256 547
298 162
246 276
682 76
422 195
429 733
36 577
769 788
499 809
65 503
213 183
674 683
843 32
112 54
791 832
829 13
408 791
448 135
622 559
753 652
175 461
326 811
757 125
391 357
144 430
789 434
221 176
666 47
67 566
784 94
141 463
474 604
736 295
205 668
780 234
548 158
269 619
171 194
560 635
163 841
188 652
686 375
384 577
203 741
48 406
232 179
820 604
498 42
404 298
696 832
241 229
729 595
270 198
100 191
337 539
781 65
114 335
251 220
597 354
49 788
730 133
786 243
123 340
36 613
78 718
79 513
541 492
47 103
733 294
112 304
757 160
120 795
301 442
417 709
295 732
23 813
780 424
569 820
107 277
435 810
202 739
617 704
348 136
432 243
660 443
491 656
650 369
641 18
133 726
180 663
443 428
506 581
553 804
181 107
116 592
68 723
161 471
713 642
312 101
96 652
712 454
34 718
551 119
420 715
4 778
415 816
751 668
421 239
756 774
386 713
649 213
155 396
818 708
819 165
359 676
530 208
80 589
190 646
700 343
752 212
433 268
757 787
114 823
463 779
586 429
469 507
227 822
495 442
184 808
349 434
340 683
537 321
443 162
811 767
334 56
392 799
465 447
339 482
73 306
190 575
426 546
372 282
612 624
152 46
461 28
323 71
395 370
608 247
827 343
81 9
190 437
724 725
618 304
87 23
570 63
792 109
768 22
347 379
29 11
782 507
105 445
234 731
720 142
63 508
363 606
424 746
812 581
691 684
30 542
89 194
587 335
77 609
230 797
435 27
757 548
4 147
230 639
216 25
342 617
182 754
643 380
491 254
53 795
757 247
433 185
417 796
491 143
273 464
664 698
809 439
850 349
742 343
597 688
11 821
760 146
723 6
427 581
537 462
421 795
633 373
272 453
331 536
462 807
572 566
8 585
803 762
402 705
533 318
284 428
674 228
821 115
63 272
503 201
416 96
682 186
248 778
63 353
604 651
218 506
609 55
117 744
800 16
235 661
808 507
809 838
444 110
531 382
734 411
511 6
44 618
362 325
698 667
538 320
687 353
88 461
718 585
629 50
150 245
447 605
694 502
325 369
205 667
426 728
625 772
253 96
777 708
300 471
430 694
647 123
742 191
750 666
115 353
686 598
618 264
546 253
495 362
128 317
117 825
134 263
262 712
356 179
558 748
692 309
610 650
609 805
540 737
796 283
14 200
452 292
556 635
631 209
597 353
818 590
393 361
412 387
498 638
340 847
288 383
212 22
412 720
22 787
278 137
288 605
776 482
448 787
791 186
157 794
370 751
611 567
399 754
456 28
607 579
631 689
33 630
417 407
716 781
462 385
177 311
396 535
400 594
390 540
516 228
381 273
272 811
347 225
462 637
449 290
474 151
427 375
769 355
674 812
124 219
717 109
649 506
777 13
355 25
462 799
583 673
623 352
665 832
481 595
412 487
640 642
236 163
455 451
648 28
623 695
360 158
701 9
482 833
59 457
773 541
151 409
141 163
89 722
541 642
764 2
663 256
657 342
641 290
538 90
171 607
615 152
618 140
374 782
361 125
324 119
349 708
499 235
101 355
564 845
49 779
140 560
846 182
522 296
100 316
546 178
307 762
381 309
428 394
836 287
824 447
199 457
826 277
593 6
42 260
80 95
389 113
347 491
780 49
797 5
377 604
769 620
757 690
36 559
203 470
166 222
334 780
264 338
835 541
62 494
568 367
92 629
184 632
819 94
408 731
176 535
691 152
504 273
417 787
219 747
700 90
546 816
49 360
550 764
40 373
442 297
600 333
488 551
672 830
250 701
215 445
714 332
832 671
612 661
181 494
225 506
318 521
674 289
751 317
650 310
209 46
265 728
825 804
845 153
499 253
210 400
786 713
414 798
665 764
498 151
427 145
122 731
102 541
132 378
649 336
669 141
380 840
821 114
524 375
398 477
778 263
583 728
568 207
248 779
394 671
645 70
532 584
570 647
274 456
645 215
649 236
356 732
607 223
80 534
6 547
813 535
168 8
407 827
583 19
558 132
175 444
291 83
797 837
193 661
555 691
491 537
508 147
181 371
256 86
310 153
665 446
372 450
29 831
350 741
742 783
461 261
427 253
601 730
301 732
416 138
350 519
564 377
470 428
483 51
182 572
30 708
660 827
829 732
21 783
792 657
389 525
658 70
696 365
459 761
460 662
236 668
776 276
728 45
610 17
213 540
453 13
374 513
585 198
383 733
810 849
478 739
779 738
393 143
121 294
504 410
90 735
92 97
828 301
352 222
462 23
548 188
471 223
606 654
188 547
784 346
124 272
106 359
551 557
205 113
86 732
416 456
497 819
722 300
265 181
845 50
204 446
722 447
498 814
344 330
845 276
463 689
225 284
344 295
108 704
754 206
97 689
392 849
255 640
648 142
839 88
382 541
165 121
95 248
703 505
49 528
681 219
784 732
526 380
692 620
165 701
719 250
157 765
361 322
709 813
850 262
580 419
548 65
371 134
837 429
414 502
399 582
534 391
334 169
618 28
181 314
310 214
96 366
647 45
444 808
564 765
564 620
841 533
769 464
534 592
497 223
601 737
138 161
199 456
275 8
450 126
610 60
590 453
266 117
527 476
163 800
146 9
421 129
401 93
597 137
353 292
606 345
416 749
572 328
807 563
166 441
502 353
72 762
112 235
40 88
95 498
62 713
410 118
514 352
308 841
130 121
526 496
509 381
24 539
602 666
44 422
55 743
272 281
515 231
784 132
382 471
438 69
793 122
794 293
816 309
546 386
231 694
465 42
205 424
358 654
696 585
828 133
235 73
229 179
219 485
458 663
590 148
46 842
87 170
551 168
773 254
796 416
337 589
144 711
380 485
623 411
264 224
843 84
130 537
478 57
207 485
429 619
568 413
697 767
406 198
529 470
568 268
553 472
321 320
636 619
52 532
148 715
790 270
10 688
107 12
776 599
654 408
344 633
292 795
153 6
193 773
432 123
451 297
417 393
760 635
210 192
848 52
831 411
341 651
158 51
155 700
347 135
111 102
613 160
660 119
254 709
665 584
81 369
527 374
218 186
39 440
657 569
711 394
186 192
52 5
497 338
144 547
606 766
665 795
246 486
843 112
26 442
231 455
71 158
558 596
635 355
127 135
404 593
481 98
616 739
780 468
47 311
364 473
684 632
376 503
323 528
362 54
240 550
429 420
323 673
475 362
148 444
295 575
611 646
196 448
326 583
497 583
48 87
395 506
162 451
522 419
279 836
474 448
366 210
556 134
698 467
314 472
522 133
483 368
411 767
298 71
794 832
688 451
564 350
657 660
485 563
366 270
77 745
647 541
218 257
756 769
100 813
356 439
800 90
621 14
630 356
244 551
740 748
506 230
100 658
763 306
173 319
37 272
240 755
831 799
351 705
743 195
417 599
590 122
141 532
556 62
157 542
257 424
560 783
278 582
262 187
529 516
257 473
849 359
390 31
484 206
63 138
15 311
826 160
423 50
336 92
621 541
143 147
811 205
384 815
527 313
133 122
587 755
678 782
40 654
242 332
596 643
725 353
636 156
551 485
330 763
352 799
39 721
721 506
85 115
410 353
683 834
602 318
87 698
348 634
615 532
31 615
717 688
611 181
60 149
62 639
460 814
850 577
685 392
418 701
614 385
796 598
396 356
475 293
663 294
512 608
244 413
279 686
323 774
237 692
758 642
686 351
336 282
416 386
717 460
845 151
591 471
154 726
91 177
157 38
80 145
256 281
21 535
406 783
381 569
298 31
344 369
161 269
308 468
610 596
497 262
43 766
74 627
808 510
744 656
193 190
109 770
776 235
154 259
253 727
540 243
245 115
562 279
763 506
636 612
331 7
304 506
326 815
248 167
352 69
548 11
20 748
348 49
278 812
334 119
357 188
196 124
825 612
55 299
159 281
423 404
722 73
103 620
660 129
48 281
746 320
657 687
730 111
379 119
403 589
207 730
354 314
271 341
274 411
312 794
117 713
66 793
558 548
476 632
504 625
655 352
182 782
455 766
131 220
321 766
677 73
583 147
92 686
663 27
616 740
149 770
685 464
590 99
213 651
435 641
279 496
159 223
186 91
599 733
693 520
784 348
157 347
621 790
551 559
452 488
369 753
309 49
627 42
792 21
475 793
30 501
87 252
826 380
555 342
810 620
462 576
527 292
282 752
178 513
614 627
187 821
481 592
429 656
363 404
588 75
696 156
551 294
443 653
503 577
615 576
100 659
657 96
696 506
166 482
596 147
728 11
634 445
503 788
417 741
71 560
463 442
340 695
644 559
261 845
542 726
597 521
488 605
220 12
827 28
131 517
741 638
558 412
392 771
803 23
242 679
825 668
384 86
295 256
423 463
85 732
465 759
656 642
141 838
203 673
256 143
686 653
570 170
43 102
85 431
68 563
310 528
77 827
468 648
34 750
200 730
39 323
545 218
341 119
809 733
192 713
674 529
190 727
429 517
363 257
34 350
75 149
776 240
117 419
689 738
574 28
112 237
720 762
819 584
255 250
407 641
804 491
680 25
534 212
240 528
432 450
215 457
331 824
387 634
504 468
384 276
48 129
820 726
474 278
495 116
464 224
517 547
417 47
551 836
299 254
345 317
385 698
460 90
105 413
380 257
243 523
265 429
342 205
701 394
256 727
311 589
136 45
221 598
777 292
264 369
259 54
526 24
250 169
527 833
182 722
681 418
639 151
144 20
75 620
761 125
390 521
139 267
819 349
144 419
718 589
264 568
429 446
645 842
780 608
272 406
555 673
497 601
529 562
721 714
723 260
797 533
710 514
366 820
391 693
693 469
162 159
147 305
4 622
77 16
828 840
399 207
544 538
601 735
697 236
772 762
87 313
285 790
670 507
8 52
377 379
506 81
606 388
375 173
716 274
108 12
717 742
633 667
425 830
786 289
478 309
227 759
304 520
545 718
514 439
74 110
361 730
473 708
82 183
444 434
361 500
509 148
789 179
432 232
37 783
556 241
443 488
105 25
158 45
31 289
101 45
159 397
439 653
265 186
48 262
48 661
359 799
364 695
717 245
459 205
773 52
527 453
765 602
374 154
469 254
252 738
806 23
246 448
344 72
313 723
340 252
142 302
625 346
5 542
191 807
784 735
588 697
681 105
278 169
66 655
348 805
761 68
444 368
517 114
785 340
435 623
296 807
478 563
780 73
213 686
780 216
515 285
607 675
328 118
239 128
160 671
487 630
534 373
37 803
612 637
556 100
493 715
100 598
789 794
261 447
350 563
670 134
764 229
431 662
308 67
769 759
754 15
433 790
80 369
125 671
844 115
734 502
568 21
757 559
338 687
193 208
37 79
13 214
390 768
183 731
26 146
373 249
211 146
788 770
757 99
269 671
736 418
845 704
274 823
760 296
746 775
650 577
372 165
310 823
338 21
760 6
31 360
128 153
276 1
404 62
281 429
555 499
665 343
560 11
483 428
474 41
313 109
362 114
752 811
360 223
458 628
829 579
544 733
30 748
713 814
761 742
354 276
796 419
526 844
431 392
553 658
806 204
147 833
649 135
563 457
86 310
723 655
351 822
468 332
311 580
316 190
706 370
731 813
182 723
810 436
344 534
637 847
204 762
83 507
410 73
239 516
97 43
116 369
511 496
757 488
426 818
689 201
780 224
534 467
245 550
67 346
654 808
370 313
375 520
11 131
398 1
665 386
525 434
561 241
674 432
215 16
751 194
246 569
587 607
20 256
459 288
137 36
411 645
798 787
13 713
17 526
366 369
412 105
843 791
701 429
648 775
646 502
251 160
237 397
460 428
522 691
62 328
80 615
136 345
265 571
430 351
341 256
588 775
183 637
490 236
120 579
445 290
191 770
487 171
526 356
149 671
529 209
749 566
187 437
211 59
126 170
435 643
7 375
103 206
309 635
172 453
390 276
29 588
710 845
197 790
236 828
148 302
774 430
151 833
474 348
137 549
484 213
825 759
484 164
466 603
440 450
739 678
217 656
56 786
55 604
39 123
848 109
812 712
61 737
545 60
132 92
78 816
531 110
515 533
218 447
222 479
575 345
613 534
283 73
344 73
493 664
196 364
338 603
434 70
64 247
207 352
130 510
278 174
545 745
474 845
65 335
511 170
166 627
327 602
340 322
453 382
629 245
387 512
617 533
497 663
477 409
426 669
278 746
626 684
684 268
417 295
537 22
205 384
462 764
841 648
495 459
760 824
435 439
270 503
586 732
256 129
152 466
850 729
707 96
513 815
275 12
518 56
246 609
221 829
440 60
403 432
99 321
303 331
39 381
742 644
750 147
735 842
697 374
576 609
298 491
227 451
221 135
265 627
69 445
131 22
45 580
749 732
207 208
762 153
451 642
3 225
810 97
8 333
383 256
165 605
97 127
252 473
197 204
325 391
288 770
296 659
490 233
578 364
205 322
187 219
794 289
375 694
396 581
404 72
116 210
211 702
410 712
648 720
647 418
7 771
379 270
403 238
66 332
581 571
750 482
518 36
613 106
360 192
40 734
80 207
146 470
477 552
762 653
559 41
496 125
123 318
89 450
781 355
503 523
804 708
182 720
645 500
540 206
598 444
326 147
607 294
32 588
490 408
71 613
554 577
810 727
374 574
221 137
426 819
633 57
136 841
301 113
35 93
625 685
167 584
280 788
182 143
524 158
250 845
438 468
77 300
44 59
632 204
651 114
778 115
375 809
232 201
697 129
661 294
739 538
495 368
191 107
199 396
459 291
280 494
657 684
820 232
143 69
626 11
184 10
612 74
246 728
568 240
731 332
271 289
810 502
504 662
319 533
108 360
515 568
99 119
763 204
764 355
278 417
226 110
728 276
711 53
53 699
331 297
535 376
279 190
288 595
496 726
101 693
304 409
213 551
266 557
339 241
850 838
850 287
413 571
760 208
92 566
364 307
36 405
760 63
633 311
784 351
660 322
491 338
646 772
489 265
494 122
354 665
200 436
53 57
371 666
214 228
398 495
20 293
578 283
760 618
281 823
80 151
264 94
455 533
42 292
556 597
740 394
619 715
805 370
407 554
769 804
679 281
313 608
80 437
99 147
672 41
808 441
91 727
347 833
740 744
236 447
373 114
699 571
784 721
114 814
463 97
322 803
309 779
182 523
240 664
631 533
343 749
606 845
81 582
67 759
792 273
591 40
258 748
760 236
441 319
205 302
171 738
758 698
548 300
185 834
624 293
756 399
824 615
111 53
171 384
803 711
841 536
717 437
61 546
617 572
760 535
375 134
692 324
717 151
501 604
468 651
431 257
333 543
118 479
337 612
655 391
327 214
365 287
249 382
654 69
108 455
829 481
226 22
377 418
397 198
594 668
245 12
211 148
468 301
645 689
171 770
649 694
598 627
325 501
499 318
803 214
571 12
515 234
390 322
423 339
362 812
770 343
367 477
101 129
486 453
586 543
810 191
635 722
252 130
825 814
578 526
299 51
20 255
518 138
495 351
137 445
531 749
333 289
88 604
330 569
423 816
398 86
242 364
797 148
599 296
89 39
826 644
291 652
218 628
264 604
672 81
212 394
201 671
183 539
155 250
763 257
527 834
804 709
239 800
562 275
600 98
253 580
89 739
157 783
31 778
628 726
141 455
415 248
393 538
301 129
259 806
144 324
847 138
225 431
104 584
724 566
626 580
423 400
157 228
683 292
707 170
531 664
95 697
805 229
512 59
54 438
460 809
242 174
189 405
407 786
377 542
765 691
70 523
15 190
706 3
156 96
165 254
807 771
631 95
288 263
825 480
426 137
763 188
442 695
529 437
387 507
469 539
272 41
625 413
793 761
80 790
673 179
553 217
614 498
813 424
154 807
710 816
34 433
112 613
499 103
742 481
157 565
323 821
2 770
242 703
84 634
34 147
676 838
400 585
406 629
836 12
586 599
91 479
219 2
312 416
498 503
410 769
829 822
7 842
157 121
220 543
179 593
156 311
794 845
628 352
561 590
485 574
308 25
83 795
375 451
692 391
588 240
184 150
482 391
545 163
344 476
311 744
477 640
316 770
777 272
264 189
835 550
514 709
716 227
389 619
514 49
399 561
268 451
549 94
84 107
567 622
1 585
480 232
499 692
671 732
384 494
407 750
620 779
718 392
41 634
723 114
135 160
249 767
666 158
288 236
324 126
239 141
78 5
651 223
450 436
519 476
423 459
707 836
418 201
168 800
780 543
674 502
414 805
471 332
157 93
506 609
350 566
316 738
797 109
329 414
789 761
213 471
655 224
588 133
365 252
623 397
200 813
120 748
460 359
602 392
325 559
808 519
777 268
438 753
679 397
312 581
395 526
801 519
550 584
348 742
757 846
139 517
326 181
444 160
836 738
516 284
507 574
171 773
98 319
649 693
154 125
165 603
490 68
663 317
691 25
750 821
106 391
343 470
417 10
529 731
163 805
708 158
756 642
689 584
526 646
423 162
601 624
313 332
797 226
446 400
393 228
826 530
763 606
342 816
8 28
227 400
636 812
431 122
365 258
38 424
95 169
562 558
819 229
408 632
491 436
255 471
202 161
679 433
387 113
61 122
796 243
514 572
754 581
44 723
500 317
563 25
119 535
268 26
549 231
117 165
317 547
784 56
361 643
305 116
426 704
614 305
395 71
159 230
272 394
334 120
376 814
803 467
567 26
828 614
686 380
138 446
67 492
160 585
837 641
769 481
555 464
461 173
466 517
158 215
161 81
848 501
721 121
124 88
788 153
117 769
280 496
39 438
812 630
373 600
622 37
274 5
646 501
649 87
75 192
749 823
156 775
246 154
47 479
411 480
250 312
141 183
364 320
573 148
687 156
789 462
162 537
672 570
681 700
150 169
486 209
396 297
89 777
77 492
794 500
211 282
633 300
43 437
558 500
546 452
380 786
736 58
461 111
500 747
484 208
650 457
338 695
416 463
590 167
132 539
466 745
474 236
812 308
284 381
218 233
794 842
363 621
754 118
597 412
561 734
414 650
271 263
32 91
51 169
244 702
481 708
506 113
87 684
611 14
47 2
175 57
369 536
515 837
329 250
130 509
136 598
605 470
227 612
301 38
249 781
624 335
257 128
707 664
598 823
323 643
714 336
148 350
793 103
452 180
441 317
573 636
748 12
561 92
31 368
785 660
368 790
384 43
137 677
505 823
717 290
556 96
760 827
427 28
564 619
38 630
422 273
425 412
741 142
190 156
431 658
200 624
137 97
527 436
329 713
765 421
647 639
363 486
685 435
583 786
622 844
218 414
350 115
672 55
326 392
2 498
467 290
662 705
481 450
300 642
155 129
35 503
2 276
810 623
244 807
625 420
607 348
297 449
782 632
269 667
736 422
504 20
408 400
150 337
444 630
414 330
204 42
202 544
370 446
525 652
150 234
548 243
793 236
567 422
551 541
203 755
573 753
784 736
552 532
375 838
512 418
676 637
759 764
579 394
255 781
555 149
285 156
39 397
172 754
363 565
791 519
459 102
570 540
62 336
800 41
48 782
261 643
624 749
716 213
283 50
31 688
598 320
250 178
53 725
719 500
758 26
795 12
793 739
529 233
553 227
26 101
101 751
780 446
177 215
839 605
36 158
37 419
101 624
529 779
306 388
693 574
551 688
275 613
807 708
570 410
186 419
52 456
665 311
647 387
446 192
494 204
354 611
595 547
54 46
540 587
679 499
752 737
551 69
437 677
651 563
161 291
77 591
283 240
602 478
237 393
4 62
601 158
375 287
297 93
339 694
548 384
164 267
246 155
701 109
154 400
234 164
140 114
475 498
666 9
211 428
589 703
239 506
63 552
84 533
606 630
685 125
29 761
177 302
620 598
137 648
312 418
647 86
7 823
450 368
327 538
665 275
833 689
336 119
228 173
256 296
440 437
750 409
626 219
95 812
21 585
280 461
393 210
530 405
265 202
354 361
363 509
377 681
70 644
71 85
473 254
189 10
504 179
340 138
460 547
529 262
607 69
350 405
430 494
178 127
629 302
529 32
785 190
843 448
410 238
98 281
351 697
121 232
429 223
163 463
365 781
410 316
729 538
144 480
225 267
609 109
655 169
258 747
817 169
105 111
785 651
157 313
125 229
778 167
682 539
629 678
336 83
660 54
474 193
313 197
811 194
124 129
679 75
310 746
322 188
416 109
406 580
556 660
821 775
643 571
791 595
556 564
818 527
277 842
498 703
771 300
57 644
244 514
260 815
162 781
653 521
809 114
550 651
794 449
684 793
97 145
304 469
88 332
789 419
168 307
775 656
779 725
598 737
789 133
613 753
283 800
430 561
759 808
689 386
820 732
85 40
417 199
475 73
195 86
815 840
567 327
626 144
261 1
319 799
825 126
223 179
262 629
337 49
490 814
143 402
682 160
448 476
367 624
377 752
113 158
39 754
833 165
749 9
471 775
592 332
611 504
308 608
686 470
161 834
719 503
444 215
211 196
785 245
473 577
558 802
266 674
174 43
636 722
748 500
549 229
365 836
482 608
804 53
7 415
429 457
305 251
607 742
78 67
471 16
440 700
439 566
632 208
635 755
52 457
846 806
82 672
176 293
4 763
612 272
423 243
640 483
489 563
242 173
133 42
90 457
664 280
39 432
591 839
711 386
570 590
294 70
375 361
364 419
682 23
350 185
71 1
473 786
776 63
151 169
354 23
669 684
47 104
820 296
329 371
663 110
255 90
793 589
829 151
338 402
691 170
365 663
706 629
286 541
754 841
175 603
303 389
415 72
571 302
262 437
508 635
435 823
709 229
182 111
578 800
25 160
633 315
396 521
200 154
774 306
271 134
825 762
534 146
3 774
806 121
613 204
7 839
589 83
609 637
685 704
100 96
33 57
460 152
99 296
13 744
216 460
264 66
610 535
298 353
577 247
65 27
532 521
298 387
173 533
359 302
326 61
130 328
717 644
316 99
670 778
268 510
199 726
403 821
724 471
286 750
785 189
643 43
353 83
444 270
525 51
303 581
23 842
504 80
525 277
728 735
144 368
417 329
777 697
414 14
266 1
660 209
82 729
91 173
739 713
285 5
486 632
801 111
787 428
825 97
95 771
556 678
339 531
217 179
717 582
331 151
133 405
35 667
130 701
182 713
255 397
627 790
98 472
45 703
334 679
136 628
496 530
207 76
245 441
600 168
213 731
758 841
248 2
600 343
590 694
124 540
348 212
138 13
444 743
818 404
738 735
234 366
16 565
493 467
495 389
262 46
702 616
354 746
724 764
285 120
124 448
538 632
234 659
199 423
275 47
441 795
781 841
32 328
807 53
237 18
166 22
265 295
708 605
342 823
824 50
484 524
839 394
805 310
682 451
477 709
4 235
155 65
255 464
38 318
424 126
706 332
348 709
848 517
126 470
404 582
460 842
473 753
609 202
516 386
3 337
166 783
706 816
177 38
371 523
31 20
785 560
590 829
686 272
482 321
831 386
334 238
309 436
556 155
599 791
266 473
229 222
459 329
354 609
105 465
659 320
425 474
502 728
124 202
806 256
562 796
137 191
375 507
588 200
40 576
708 689
635 250
621 400
347 715
85 51
378 47
506 88
36 617
74 292
56 295
754 386
18 799
438 700
296 133
528 592
736 659
447 823
255 42
427 724
763 764
845 642
382 695
723 90
562 228
643 619
324 247
476 680
850 171
728 627
822 269
310 81
450 428
654 782
316 769
73 659
334 202
745 161
266 106
231 582
440 345
221 673
526 722
315 777
51 543
240 499
647 532
431 473
473 83
165 269
298 366
247 129
658 510
39 693
844 292
259 486
527 785
621 150
330 49
596 308
248 410
763 461
691 24
663 198
62 731
307 680
767 402
128 729
743 357
800 263
510 24
59 160
141 442
719 125
654 139
383 584
603 589
132 821
349 729
603 762
141 749
702 738
498 388
405 840
134 126
358 664
581 688
341 571
647 453
82 617
755 215
354 553
171 165
726 160
468 656
557 762
796 342
117 600
82 794
131 382
518 638
515 644
95 198
222 223
677 9
350 291
614 604
545 655
286 715
383 441
258 56
317 539
849 766
352 434
462 187
340 723
141 478
804 98
172 500
680 319
795 273
408 226
619 306
660 400
522 401
334 147
675 245
404 453
124 338
154 735
251 849
622 320
822 134
542 1
792 196
303 388
270 247
497 467
299 357
80 340
65 160
544 434
344 408
365 510
97 608
79 560
152 799
173 715
320 129
411 250
175 13
621 205
60 195
819 22
329 294
511 10
634 27
527 31
611 809
525 233
672 675
106 803
383 349
645 656
650 778
351 755
154 93
586 120
597 600
729 592
390 291
193 787
512 581
200 17
137 512
449 790
153 302
690 639
485 65
361 179
461 216
85 668
237 834
295 38
440 732
180 422
765 733
34 703
459 182
846 518
483 60
636 110
599 346
344 453
80 562
458 373
522 553
425 4
833 135
264 134
674 593
568 468
551 309
725 2
670 669
415 758
784 747
640 847
832 231
615 676
762 104
573 144
461 598
481 120
463 56
364 467
610 407
295 723
408 397
249 742
432 386
741 577
694 345
237 738
163 131
497 637
336 701
431 838
241 624
343 134
8 815
417 141
21 259
150 745
542 191
712 134
15 293
20 205
756 343
669 296
157 116
756 358
589 81
171 184
489 557
119 183
375 41
801 50
111 467
826 726
711 241
515 538
398 130
810 194
27 212
339 742
190 691
199 835
311 389
406 507
245 129
16 353
151 429
524 649
658 835
35 317
331 646
390 713
407 741
88 401
305 176
162 283
515 261
549 334
21 212
79 322
337 359
557 19
225 490
523 28
651 35
598 720
197 533
315 566
727 133
582 648
760 686
134 153
674 98
622 276
310 638
169 634
100 6
769 719
728 708
621 309
416 60
518 349
303 193
734 767
367 718
643 723
401 74
274 472
373 830
435 151
729 191
550 447
754 602
829 108
481 454
377 21
316 496
516 281
718 638
177 56
505 667
707 632
361 436
591 10
214 523
395 431
718 139
686 357
200 212
789 100
3 819
116 840
9 434
391 840
341 621
362 712
494 69
67 259
621 759
271 52
21 541
722 634
118 210
530 585
416 233
34 664
329 792
240 429
649 429
62 122
632 738
173 566
339 576
433 699
615 335
327 35
687 835
378 9
786 16
606 401
195 834
517 273
633 646
634 24
848 662
448 772
247 652
340 274
329 7
37 478
386 198
672 531
175 576
197 24
2 22
629 5
180 845
823 229
560 308
548 140
23 594
372 304
194 720
410 533
619 273
234 305
774 341
30 229
430 707
567 390
128 125
612 652
747 659
342 405
828 174
591 546
416 630
351 350
171 236
9 25
29 198
697 469
702 70
835 419
144 542
437 579
313 589
543 771
246 108
506 201
36 762
734 465
737 595
274 691
717 669
279 70
75 805
5 786
188 28
545 709
487 48
588 541
679 694
176 715
452 808
625 608
808 12
628 641
576 108
850 391
130 167
324 241
625 834
20 650
427 760
37 677
519 353
760 70
483 673
219 235
665 501
812 124
518 415
78 205
323 230
189 721
623 32
613 90
564 434
752 690
806 467
309 217
826 501
789 751
596 771
483 202
599 377
75 389
522 716
174 571
191 439
505 209
166 318
415 725
717 641
173 419
268 72
516 294
40 503
181 418
776 395
156 64
822 594
700 58
793 840
766 25
101 547
211 479
692 662
515 247
20 575
336 636
120 35
180 773
404 205
196 47
489 35
537 109
462 494
803 494
820 619
822 9
524 387
158 129
416 480
76 314
627 385
53 151
440 179
803 18
449 59
697 269
575 357
777 310
835 520
378 101
786 444
240 78
559 209
213 789
362 433
804 680
183 701
844 729
460 722
136 744
635 292
52 516
758 162
272 119
145 767
303 602
150 251
837 83
713 93
239 457
7 439
474 762
609 397
627 93
495 160
555 456
663 537
211 582
413 798
767 581
570 387
10 90
238 476
793 273
410 835
216 762
72 382
806 569
686 695
217 720
665 632
618 568
414 549
132 254
501 569
599 176
414 692
716 492
26 648
647 606
564 63
677 376
492 114
549 830
71 174
283 422
140 357
69 409
396 255
202 58
340 428
478 470
54 513
736 488
330 297
614 457
316 260
466 409
657 320
658 539
280 749
3 280
82 88
475 139
681 612
372 305
283 768
270 746
119 138
548 801
758 741
262 126
746 149
401 794
422 624
162 683
186 287
663 771
722 317
802 101
272 844
720 294
811 241
99 675
638 712
33 130
845 355
226 661
401 247
820 22
615 91
414 763
754 528
153 513
246 156
528 595
378 780
828 254
277 608
524 743
373 23
850 501
286 326
248 351
325 37
364 461
758 773
330 476
776 718
137 832
597 634
438 110
666 133
537 400
371 38
484 335
258 546
841 667
717 312
55 689
150 751
65 689
484 173
640 165
586 673
807 267
39 157
243 318
506 596
760 515
564 435
13 659
717 235
171 203
29 169
521 209
540 731
66 174
606 809
394 713
204 224
613 269
710 466
202 160
117 690
43 563
190 806
486 585
680 748
536 592
35 624
87 795
511 127
442 594
61 188
154 334
13 57
666 293
478 287
481 41
149 698
193 526
69 115
287 204
384 485
850 360
304 268
657 264
577 593
784 149
750 800
67 652
239 138
828 693
63 216
573 743
525 580
452 336
811 795
194 827
531 729
238 35
262 755
323 483
454 523
497 52
623 293
588 19
796 448
246 395
801 318
92 805
373 828
674 663
45 554
715 335
744 748
567 587
336 185
540 385
763 712
514 228
376 59
322 161
382 113
442 170
811 712
793 69
836 173
812 182
741 744
219 210
58 220
392 520
10 91
102 813
435 652
162 142
272 722
224 699
564 597
806 574
323 334
472 532
293 554
111 311
707 468
602 162
507 42
508 596
800 833
527 406
40 598
796 437
726 50
312 778
648 228
658 453
79 573
15 840
108 35
633 644
781 154
140 358
142 492
534 60
266 732
144 554
89 747
92 734
93 179
3 183
187 306
11 608
619 215
607 446
280 639
837 165
254 457
174 270
196 322
315 301
96 86
296 632
837 455
242 659
606 559
560 195
357 51
401 793
38 726
60 328
133 738
246 789
347 259
39 73
495 379
560 432
696 848
237 208
778 346
216 501
578 447
810 90
155 259
193 116
449 226
672 6
518 581
174 767
529 284
621 174
689 726
322 677
199 745
524 736
616 577
230 641
197 472
81 695
504 202
625 614
244 148
430 801
461 693
244 59
325 326
538 73
244 426
447 759
563 566
695 13
484 328
195 247
309 355
3 764
388 630
125 219
551 547
629 603
394 178
474 68
20 200
848 313
558 772
661 434
61 646
583 513
87 470
661 547
477 110
156 616
436 333
347 698
706 127
711 131
398 816
705 46
407 34
502 228
610 229
210 535
763 449
321 726
16 356
588 684
685 124
425 656
451 656
454 293
315 161
193 525
417 753
714 121
462 163
620 771
36 220
581 120
361 110
719 160
524 351
840 28
110 418
148 187
100 291
664 439
403 77
423 182
651 659
431 313
152 762
227 158
749 206
484 823
185 380
180 8
164 693
299 650
601 830
341 123
220 86
613 687
265 744
31 709
587 93
308 650
274 358
687 127
249 103
514 451
342 744
588 720
188 198
328 449
280 612
148 539
165 579
645 713
38 68
358 124
399 650
846 289
24 263
157 501
272 565
275 630
747 394
253 477
555 607
742 131
411 380
124 366
287 628
698 45
138 228
142 740
254 584
402 817
519 222
243 505
531 756
398 317
845 492
459 305
479 178
318 116
416 236
34 663
140 632
818 602
502 2
696 241
373 799
363 217
71 168
364 182
244 620
468 116
847 532
258 246
23 58
108 194
625 488
364 340
636 744
398 693
482 634
763 727
747 42
757 509
556 483
59 93
757 366
56 709
559 521
319 276
175 784
414 56
235 107
335 668
461 67
484 292
285 309
98 388
34 247
807 353
664 209
506 654
483 501
531 675
474 16
60 712
123 168
765 729
90 467
385 771
365 188
113 35
454 652
86 254
716 97
193 123
761 632
801 485
187 514
759 178
601 16
231 501
583 96
490 689
736 825
164 306
297 215
64 480
175 146
643 164
19 638
278 153
328 394
164 16
760 397
26 209
213 557
292 188
760 508
390 737
490 117
36 185
723 97
125 263
548 769
551 764
326 689
385 129
78 54
488 780
419 510
628 64
663 579
162 68
133 709
120 454
48 419
768 108
76 273
309 563
502 543
637 208
512 97
342 436
534 566
760 628
389 158
7 752
749 169
645 126
830 126
551 324
147 642
296 328
443 555
791 810
631 288
373 739
117 466
549 69
52 547
511 206
757 226
193 403
490 439
440 594
406 217
465 627
780 494
272 300
606 827
738 467
426 753
112 698
34 349
393 682
730 581
395 276
348 492
157 306
569 690
741 468
266 410
470 170
360 64
716 741
186 580
99 765
240 389
826 404
259 525
578 373
483 235
618 594
394 536
844 16
284 127
588 13
40 523
296 405
459 848
305 554
387 28
311 485
4 275
408 700
245 97
662 840
581 424
339 85
800 449
240 702
97 27
211 15
13 317
805 801
789 428
44 405
193 665
719 92
373 400
233 229
205 375
337 327
36 471
572 737
441 353
172 23
820 731
556 173
315 761
40 229
525 614
821 319
445 539
836 476
651 702
636 464
379 121
753 276
137 133
29 367
624 519
56 51
584 585
660 678
826 650
539 479
526 203
658 451
675 708
39 632
482 55
801 585
278 259
407 101
171 782
620 384
487 187
749 292
387 393
398 523
80 804
374 666
553 235
704 73
207 46
638 454
31 252
663 491
488 627
197 149
675 438
720 733
651 129
286 228
208 400
124 284
612 569
777 580
186 282
578 616
426 269
237 829
80 120
534 70
687 543
265 107
583 543
234 768
364 727
200 688
518 398
133 164
91 550
599 454
378 198
325 605
56 446
98 201
151 817
155 434
647 594
238 533
459 792
812 796
597 82
363 196
435 211
572 400
425 328
819 121
326 91
453 108
351 589
373 133
13 500
629 116
177 235
567 802
144 508
453 142
719 103
686 84
395 13
548 93
80 465
625 838
484 507
509 24
846 393
777 535
323 93
190 831
493 405
779 222
358 577
493 294
459 410
423 63
11 441
363 838
553 794
219 314
591 514
262 778
654 83
199 357
845 260
846 615
707 319
583 656
218 272
147 788
612 224
705 770
99 15
706 125
355 153
515 513
133 442
835 528
654 116
4 169
189 115
283 498
250 131
304 594
576 174
758 90
687 202
573 207
171 787
832 119
709 287
303 578
287 201
723 143
304 271
644 541
349 305
707 643
779 318
665 187
600 608
799 64
804 285
828 688
832 563
663 614
124 324
569 689
63 187
154 709
836 505
396 778
275 427
183 815
299 494
492 513
91 832
227 128
765 640
308 455
647 630
731 641
215 528
753 73
844 96
421 177
672 209
446 732
201 543
14 435
331 285
322 632
687 121
139 575
397 251
805 206
511 237
39 778
260 565
586 511
843 484
151 317
230 478
83 127
232 541
490 221
310 321
261 78
10 356
426 500
196 158
417 223
147 434
681 814
423 481
280 81
264 630
177 767
422 731
357 510
285 113
545 293
301 743
350 536
591 762
425 487
561 563
488 257
398 434
243 722
303 371
166 9
846 607
78 709
374 172
692 65
658 433
199 83
555 774
62 345
818 555
92 772
218 635
674 694
182 829
596 507
162 809
843 162
349 181
102 471
714 221
435 404
757 217
562 409
37 473
349 87
724 133
690 53
452 832
608 662
546 724
106 207
604 322
508 623
490 174
453 314
491 635
367 292
79 144
816 370
56 711
774 447
620 619
508 333
828 632
764 638
33 346
395 351
822 90
203 662
755 101
724 680
78 357
392 438
604 821
350 613
116 766
318 22
104 158
750 117
274 232
602 52
51 294
200 768
496 183
425 253
365 331
792 627
193 250
805 467
844 319
222 127
728 224
182 793
438 695
800 300
378 776
822 809
804 748
463 145
211 568
529 51
602 539
334 742
795 400
16 25
537 713
184 799
761 43
451 471
438 243
187 49
615 17
544 209
124 579
560 787
337 142
768 832
2 648
728 83
462 262
817 277
383 768
684 67
65 693
85 698
684 809
105 305
393 72
7 605
351 462
647 525
378 360
424 368
246 419
312 709
540 351
118 233
412 352
61 71
696 268
524 560
763 450
752 81
92 530
165 842
335 446
381 498
148 659
785 326
475 440
704 178
561 287
801 101
499 76
462 64
563 535
396 598
79 505
289 783
626 560
430 764
769 438
846 132
266 408
107 814
812 387
760 692
145 565
824 337
493 154
267 655
134 445
511 731
422 120
742 689
283 179
347 776
350 121
740 289
8 250
469 277
558 557
151 233
412 763
346 731
683 592
195 552
481 472
646 550
818 72
141 245
492 222
745 661
710 85
692 704
664 653
37 437
82 222
823 127
488 537
88 782
79 304
349 276
279 585
757 312
685 43
174 464
831 592
662 357
149 158
483 764
195 176
591 310
159 442
845 135
846 224
545 331
417 56
755 166
105 509
472 536
294 369
741 168
778 418
284 447
33 249
204 70
207 801
833 402
393 273
86 102
844 54
347 630
365 431
173 802
325 520
17 463
436 439
578 232
710 501
326 482
264 463
611 193
740 571
62 523
149 653
23 164
687 141
838 107
784 644
614 450
667 454
174 163
488 742
590 619
21 165
766 507
690 630
413 253
430 709
688 27
323 240
417 107
367 219
601 703
403 25
522 97
194 238
265 776
459 222
524 688
131 385
100 826
138 731
605 771
566 523
248 680
246 503
752 328
382 535
274 282
810 376
173 552
779 840
74 206
818 16
258 507
386 164
81 708
10 584
611 552
560 566
340 530
756 154
262 317
680 510
334 163
172 74
10 317
556 224
286 81
238 302
426 348
252 222
567 273
191 45
848 460
132 413
143 386
159 656
256 465
423 799
396 318
462 770
646 287
527 458
407 265
801 277
714 606
649 44
397 499
679 413
187 547
544 223
362 470
611 793
757 144
685 403
278 43
596 18
825 371
658 604
148 498
261 701
470 749
182 209
171 576
675 96
825 579
704 448
82 428
180 545
200 191
275 719
355 541
401 630
688 178
601 759
734 821
551 801
167 216
759 642
522 446
413 376
551 182
207 844
354 400
670 256
143 384
420 539
30 626
19 255
796 477
839 409
92 802
660 636
829 387
574 169
175 230
587 46
763 481
732 656
677 49
239 640
374 701
729 418
163 260
691 52
233 456
196 708
596 309
112 507
177 49
819 766
642 93
168 460
328 50
148 261
249 594
392 815
397 838
564 590
232 317
450 492
819 437
579 345
337 102
450 287
627 69
545 330
773 458
426 167
834 808
416 369
460 74
133 60
171 249
299 460
53 245
780 711
78 600
137 138
88 728
463 74
761 759
377 141
824 59
661 712
388 428
136 428
605 704
772 217
151 12
245 209
175 250
567 644
40 38
331 537
230 361
162 521
456 310
490 474
610 395
25 263
407 693
728 834
774 659
743 58
465 702
658 676
166 709
495 194
664 823
7 183
72 418
457 744
556 140
829 635
344 530
381 394
195 346
755 306
364 722
551 126
30 571
342 249
824 104
166 43
423 600
136 66
329 488
806 106
94 168
652 580
123 744
796 811
47 483
19 642
136 678
410 13
163 335
19 755
158 566
75 568
709 457
183 54
330 454
629 226
794 73
279 515
718 296
837 422
556 338
618 23
180 590
48 72
50 698
16 630
769 424
383 770
314 263
777 613
569 267
405 541
214 135
731 107
440 64
350 583
425 428
833 575
336 241
636 712
221 810
833 424
380 345
78 656
66 168
673 496
553 586
69 680
14 43
421 107
649 200
448 391
71 223
398 821
810 349
350 18
575 735
354 49
605 520
274 654
334 550
227 690
526 416
148 814
719 433
487 77
150 103
107 454
63 659
174 216
602 799
418 790
20 710
370 575
837 9
658 748
805 619
266 414
675 115
736 99
475 201
257 446
149 120
546 508
641 464
370 368
67 400
716 515
241 485
132 604
427 8
180 320
323 344
373 68
664 444
522 38
835 181
657 725
820 775
142 815
130 847
26 780
234 839
3 41
773 24
337 598
601 769
792 132
669 840
553 311
807 766
84 335
654 87
730 505
797 397
112 48
663 140
155 157
37 337
130 469
259 235
672 761
11 634
117 212
657 349
558 94
427 680
390 316
784 247
721 588
182 45
12 420
381 131
517 641
440 282
378 265
707 188
449 732
195 464
290 292
777 782
261 229
569 428
199 409
60 801
529 788
685 638
674 241
347 475
393 279
433 691
325 613
324 840
734 707
833 178
670 543
249 292
421 436
706 322
250 198
649 72
199 771
112 171
421 662
526 267
822 541
10 549
804 143
509 159
20 766
426 693
44 260
323 839
10 263
710 736
590 601
832 638
742 209
820 699
826 20
228 814
263 345
150 693
618 357
678 523
29 45
11 494
547 513
289 369
588 371
458 408
288 55
259 726
578 40
706 21
449 228
378 194
216 281
716 158
350 164
406 650
800 65
621 23
776 42
481 292
781 295
588 823
537 771
511 64
445 306
288 499
784 676
772 798
60 111
304 569
89 713
685 429
44 571
192 206
251 648
76 472
304 359
73 46
850 270
524 83
729 699
180 809
832 700
304 69
626 696
836 227
358 283
21 409
81 134
48 457
706 8
580 127
489 651
461 469
246 533
618 744
468 535
40 758
850 519
100 250
531 702
307 768
494 470
811 496
189 316
561 713
621 473
144 739
623 383
551 498
249 386
639 693
438 743
259 464
832 318
724 260
139 646
359 291
821 634
749 577
190 523
460 93
175 189
696 396
258 187
408 724
282 53
255 240
741 825
596 28
412 807
55 185
3 258
581 209
31 176
606 828
185 512
239 445
387 624
144 363
367 345
438 822
186 13
44 99
246 804
618 411
600 642
512 292
803 359
767 574
381 367
647 430
366 108
530 486
613 21
122 720
324 544
342 237
199 218
459 105
77 698
62 214
255 707
810 28
118 345
672 213
818 658
407 92
736 742
511 24
286 678
822 788
60 23
136 639
466 282
781 81
155 481
330 317
390 531
482 592
323 588
71 663
20 731
443 212
508 438
509 107
606 683
7 60
600 576
777 706
278 625
202 823
16 703
682 592
150 686
157 130
323 166
459 422
78 444
447 201
518 20
759 352
63 441
696 810
576 703
702 83
778 643
249 457
569 254
375 270
303 93
274 309
388 317
677 241
274 324
653 840
425 833
154 385
227 717
583 152
634 400
262 1
568 638
352 505
409 102
357 632
429 27
54 648
112 537
410 376
504 403
326 572
55 22
228 634
310 64
349 742
139 104
529 544
180 628
570 316
186 453
168 712
200 249
203 574
684 91
133 747
707 778
500 532
217 538
77 62
835 110
869 5130
579 292
305 805
867 353
252 721
550 136
539 727
292 37
461 378
577 238
831 559
498 625
227 437
544 465
670 188
637 268
461 759
177 310
289 196
739 743
254 804
608 419
510 434
846 40
36 518
162 432
437 350
317 156
416 767
160 751
636 674
33 154
691 829
328 352
608 237
718 429
167 804
458 679
175 631
224 125
690 434
86 732
396 156
508 633
558 437
273 367
510 620
96 123
22 802
422 135
201 831
841 602
580 776
110 558
305 862
567 514
833 593
419 361
224 362
707 753
522 23
86 311
409 200
778 498
304 845
799 447
230 165
696 690
530 215
246 499
453 255
220 98
791 796
243 26
226 126
394 164
837 363
669 786
263 644
179 172
472 363
40 230
76 87
24 672
746 845
813 416
300 680
561 786
246 148
525 492
102 754
480 479
416 569
645 148
57 467
590 167
756 158
614 212
407 334
375 133
66 204
726 541
639 665
180 271
474 838
345 273
55 402
43 523
792 137
427 769
234 88
688 703
337 213
817 586
378 384
218 546
76 562
814 509
520 72
497 377
177 414
792 481
856 493
701 14
449 91
431 816
693 397
160 343
514 167
528 808
534 792
761 29
5 529
797 383
654 763
363 664
814 45
437 112
439 219
351 85
481 30
7 503
725 312
827 59
304 70
692 620
591 2
71 417
455 443
256 659
404 161
223 99
23 649
137 554
497 266
410 638
782 495
837 309
685 57
329 408
536 288
203 435
866 794
522 351
633 125
775 462
814 42
467 723
446 533
322 543
41 707
89 312
290 395
553 393
590 589
419 629
630 548
208 853
76 403
465 300
49 666
410 784
784 723
177 571
783 112
201 807
474 79
525 50
495 717
519 704
522 714
62 724
528 771
266 806
46 627
413 480
507 397
364 530
790 647
408 208
372 451
15 255
188 711
245 423
155 412
526 584
341 723
603 87
750 658
435 627
129 300
286 556
476 157
318 765
172 536
85 265
177 24
105 454
451 28
677 128
459 271
218 679
733 868
554 861
443 758
82 151
155 186
598 386
230 103
151 540
837 592
380 592
53 80
501 59
113 702
863 431
791 9
774 67
133 857
527 605
464 629
377 769
559 144
428 826
820 498
768 675
731 553
255 864
718 758
628 45
477 657
280 520
133 421
172 59
375 604
450 555
189 405
560 400
717 551
252 115
390 716
193 702
585 236
488 324
732 434
736 731
645 279
717 290
790 504
366 556
205 14
26 672
851 364
557 181
12 754
513 456
511 664
125 642
218 484
685 223
352 325
41 824
761 55
425 198
778 358
48 294
503 261
820 505
752 842
364 493
333 824
716 749
51 740
476 695
94 226
611 468
666 348
740 251
610 193
155 551
139 801
374 711
657 729
550 762
627 244
609 321
238 573
403 437
403 616
333 65
595 786
175 212
546 59
416 56
179 217
71 359
730 780
365 582
352 747
76 676
6 56
686 117
272 318
531 117
839 425
531 619
733 529
147 370
682 646
617 476
494 592
242 473
724 314
243 848
534 751
43 644
488 404
824 793
235 247
127 45
399 8
58 81
538 807
795 735
813 159
793 762
465 49
524 630
488 291
566 290
785 646
24 452
436 3
274 824
577 689
77 206
559 257
562 39
249 237
163 841
215 463
548 419
677 187
92 161
57 835
590 471
701 37
790 584
743 430
321 118
68 776
859 600
380 42
235 418
855 417
420 622
590 141
153 475
118 327
688 762
546 723
302 398
352 158
487 125
731 674
697 823
771 88
238 604
426 516
462 510
599 651
526 153
529 737
342 69
288 248
111 550
575 621
792 354
166 749
685 275
127 376
272 135
817 655
191 767
820 635
52 493
803 367
472 403
491 81
623 728
458 772
525 388
494 499
129 231
462 39
264 447
213 73
767 301
571 126
860 800
330 160
394 654
404 273
730 141
355 741
869 635
603 596
820 470
96 38
90 4
235 44
93 650
349 544
650 786
557 454
476 796
173 167
303 612
380 71
397 20
398 418
274 353
79 295
226 765
261 479
779 772
281 148
373 480
728 830
428 653
448 784
566 122
294 265
458 783
438 164
594 765
866 118
684 17
44 299
372 168
562 287
318 164
746 19
196 545
322 740
767 298
604 856
343 164
805 201
455 501
147 828
663 255
780 18
25 549
464 3
64 536
232 426
837 371
124 53
161 616
145 825
807 753
756 69
242 115
317 347
298 451
157 256
756 293
498 316
648 333
837 201
639 125
215 144
456 364
455 283
681 808
683 572
278 368
335 321
463 828
372 357
330 510
67 393
78 301
126 19
381 676
627 65
465 809
115 862
282 565
464 773
298 561
670 853
433 647
692 369
568 763
62 137
73 816
129 36
228 577
314 421
764 788
373 869
465 396
726 486
139 79
380 824
362 323
783 58
626 705
866 204
382 347
518 18
612 457
633 529
739 686
814 243
708 495
506 764
433 52
15 577
343 84
680 702
507 462
572 622
231 778
24 44
685 382
193 470
725 679
246 191
247 39
543 376
28 742
435 723
682 593
3 32
352 654
850 206
623 198
671 625
653 369
103 318
30 618
96 368
108 382
418 367
113 845
610 5
41 435
367 816
519 215
258 807
121 48
708 796
249 542
430 144
739 373
732 528
669 650
843 393
203 860
610 500
539 774
591 705
850 573
817 249
657 695
285 729
750 553
508 172
181 370
329 345
626 723
517 286
773 676
797 861
725 672
599 796
136 261
692 479
767 730
201 791
80 660
501 838
104 571
123 483
22 495
198 68
345 307
275 467
497 604
250 600
150 492
653 613
466 849
446 822
12 453
820 74
116 768
787 803
346 561
75 213
739 58
151 749
474 688
45 267
11 135
120 510
33 323
626 578
330 592
292 239
147 561
310 529
558 589
44 376
281 397
156 673
195 51
806 75
641 714
491 633
844 758
866 583
189 689
191 859
598 24
673 780
30 387
175 675
604 828
73 361
53 840
152 634
107 299
178 118
336 26
120 791
247 646
529 219
106 483
343 498
626 746
54 67
506 697
774 538
866 307
22 120
170 807
642 18
174 167
195 766
378 578
608 208
590 575
767 374
440 489
118 64
43 183
116 498
531 344
7 393
765 6
162 742
696 477
346 737
296 470
397 477
685 250
189 373
671 620
157 545
302 1
247 741
712 253
549 757
197 800
18 434
855 112
755 129
521 108
741 675
557 854
27 826
249 331
817 550
638 718
487 396
106 707
236 199
171 357
437 317
754 849
593 447
791 180
781 615
599 698
582 556
141 415
607 172
492 291
19 622
242 310
869 10
445 318
200 838
819 113
802 496
767 367
129 323
811 859
499 702
171 629
355 122
212 804
708 225
836 318
690 780
586 840
533 660
54 279
436 389
402 217
97 535
773 96
455 424
371 90
226 318
448 423
106 244
301 710
736 842
306 760
148 613
607 867
168 379
774 314
578 260
537 95
152 116
635 384
235 592
488 728
775 278
585 257
508 523
678 479
679 6
169 412
465 312
290 454
636 97
11 315
866 123
731 351
456 5
148 782
365 512
259 728
499 105
283 206
782 793
623 31
662 164
574 753
794 356
60 74
173 350
498 485
451 292
506 774
857 22
12 822
215 793
770 615
109 833
589 44
52 788
41 33
810 689
635 409
360 704
819 645
158 627
767 534
326 450
26 81
277 625
269 854
150 746
246 164
686 520
744 527
636 549
182 291
857 816
713 27
708 788
744 759
327 538
506 552
116 561
421 236
493 259
242 253
151 386
462 102
299 704
308 306
127 606
653 555
725 422
539 438
722 439
487 384
797 728
444 759
102 580
513 141
455 417
715 668
182 16
313 282
756 618
423 688
407 47
597 656
599 833
340 242
711 470
345 233
399 858
517 169
789 596
294 18
193 855
724 344
743 396
404 73
247 22
528 8
468 737
431 479
783 106
36 311
720 702
632 790
247 344
763 419
46 262
774 504
696 766
507 826
678 562
140 278
77 366
22 172
260 367
831 581
354 75
320 658
48 124
763 528
360 318
157 647
13 487
694 199
14 512
652 106
702 754
403 596
671 798
117 344
32 602
464 337
670 289
636 556
395 740
288 271
451 22
105 602
492 698
768 212
113 126
706 205
867 439
7 752
683 860
726 701
692 392
821 369
345 424
270 534
170 863
831 765
688 138
407 778
581 459
446 291
229 689
655 437
322 200
273 596
700 514
3 137
495 232
557 29
761 532
686 148
190 147
476 401
703 857
373 44
468 379
414 6
254 833
680 604
450 73
276 99
352 404
388 613
575 723
228 513
338 590
542 471
193 369
13 166
361 157
87 789
474 619
785 709
131 662
758 42
82 148
139 528
181 161
837 607
841 398
70 40
15 226
481 309
456 33
594 251
442 124
43 669
373 702
690 157
484 44
249 622
343 705
567 44
570 501
511 768
312 714
850 471
777 845
155 545
192 213
177 330
215 861
641 475
39 149
365 53
756 583
23 405
82 252
869 288
763 671
30 754
802 379
548 446
819 564
38 370
783 782
371 230
78 670
407 543
80 664
263 429
356 785
500 172
489 151
799 550
145 376
200 808
38 631
226 824
280 267
438 206
174 584
620 85
692 634
252 95
787 316
678 445
271 386
628 632
650 35
263 353
31 438
7 569
29 1
413 716
602 318
677 661
397 327
453 565
771 689
612 446
550 248
427 330
460 44
449 438
848 660
820 163
16 606
440 800
794 424
135 144
617 401
229 128
697 855
289 854
272 434
129 479
220 581
846 817
403 841
578 28
135 33
130 530
208 429
801 315
214 175
468 551
822 485
560 210
177 323
623 426
577 220
670 404
117 729
500 242
209 816
47 176
86 544
50 714
549 798
163 482
654 370
607 40
790 536
96 372
760 294
62 66
814 71
66 1
90 668
855 468
803 210
417 627
289 294
143 626
554 823
683 196
430 323
575 607
62 45
427 13
525 257
712 792
507 46
467 325
654 722
200 854
408 842
847 383
866 804
673 659
673 265
512 68
35 327
8 260
385 553
826 857
793 695
206 412
194 830
91 97
392 653
701 65
401 581
729 18
505 293
412 823
215 157
162 11
788 299
275 143
833 838
638 669
337 119
500 549
831 482
546 357
857 259
639 384
416 55
15 81
595 759
452 391
476 17
681 480
407 267
595 664
786 711
660 804
291 412
590 800
404 274
377 796
410 804
677 830
103 814
658 470
491 299
733 777
869 156
511 804
536 518
607 691
423 280
207 543
741 184
320 716
579 616
564 810
846 398
287 761
474 272
419 122
220 268
148 81
849 753
118 14
80 204
36 852
11 804
430 862
714 647
245 530
767 558
791 63
736 301
750 403
513 229
53 95
373 37
627 707
303 211
13 856
168 100
5 332
254 141
436 304
218 17
405 695
60 17
636 155
334 101
773 713
852 53
673 283
431 704
456 841
555 705
575 217
795 232
12 769
172 23
500 644
399 503
69 94
821 564
182 802
858 426
607 466
735 553
519 620
294 122
632 624
9 438
743 18
801 229
841 30
456 551
146 466
534 668
683 249
385 862
760 863
533 581
427 112
617 397
502 322
86 791
523 622
677 848
638 842
755 64
698 864
700 393
792 90
421 760
773 595
297 426
311 588
29 77
249 597
50 543
767 419
94 653
438 478
284 158
371 434
443 1
61 434
407 255
263 684
547 609
490 853
368 758
630 754
158 765
794 721
755 103
500 562
85 199
50 491
12 566
731 182
822 702
605 38
646 616
86 303
173 804
228 818
7 478
272 299
378 863
16 438
640 784
15 426
384 804
163 277
116 625
407 818
193 31
526 203
708 746
124 68
162 444
551 268
12 457
3 193
296 853
153 573
704 551
577 815
651 695
581 276
341 650
603 299
578 296
155 399
272 691
755 545
610 798
240 259
441 220
441 663
795 151
837 646
767 371
825 838
421 206
719 43
300 606
377 126
801 683
234 163
651 658
748 590
606 667
697 482
690 44
295 47
425 20
623 139
562 408
636 375
356 612
371 581
687 6
648 762
107 576
44 493
771 823
19 396
679 799
513 621
405 358
33 223
40 519
607 855
656 689
413 337
785 264
134 842
391 256
221 723
134 64
218 565
637 534
284 34
340 71
452 537
587 699
269 520
324 642
329 210
46 450
757 818
371 222
209 640
163 664
60 117
856 29
432 106
837 528
414 867
210 92
182 154
427 382
3 629
369 674
43 23
777 503
119 288
727 33
51 512
766 68
756 208
626 180
474 185
764 718
826 783
323 88
422 425
650 830
406 343
807 42
851 454
483 173
171 657
320 621
575 753
371 705
225 660
198 149
553 762
165 409
221 151
117 18
632 215
687 516
227 157
11 253
799 224
69 829
213 824
567 836
648 585
109 44
699 436
612 648
228 614
139 29
13 399
469 228
795 849
805 346
143 359
456 579
846 436
78 34
172 99
282 114
43 5
275 8
230 169
575 101
213 538
12 226
218 599
588 634
238 217
330 326
285 796
171 854
558 166
761 26
827 200
120 323
690 38
837 149
512 383
434 95
839 587
772 382
756 464
475 208
610 125
254 752
139 183
150 366
638 38
182 688
680 383
605 357
395 829
692 264
201 556
282 529
458 134
780 381
230 209
264 556
146 759
310 89
739 833
710 75
722 450
868 293
30 823
546 798
266 300
674 161
379 173
507 80
235 183
751 616
720 602
517 480
180 581
663 588
25 258
177 489
134 495
524 278
853 56
393 167
285 262
287 125
91 475
534 780
846 89
133 722
139 602
119 84
545 37
708 535
394 731
676 470
234 449
397 179
16 94
231 176
249 312
402 190
611 251
95 426
867 325
427 752
869 740
48 240
48 842
322 361
126 854
253 169
342 258
277 478
760 398
387 370
815 744
452 712
637 259
486 603
582 849
731 393
624 289
60 260
423 288
761 36
816 68
103 109
395 323
775 76
58 350
132 459
570 352
353 810
524 522
186 818
428 265
428 854
472 339
309 58
393 293
633 37
513 757
331 424
667 463
216 204
338 827
541 533
48 316
479 596
652 276
235 239
628 613
258 69
419 411
150 95
6 816
708 426
626 158
504 660
678 481
312 112
93 714
685 572
34 347
150 206
5 857
541 460
834 790
843 192
394 33
216 460
180 47
825 771
457 647
761 816
389 362
155 379
685 385
176 361
305 765
307 164
325 333
218 265
437 553
169 752
277 42
298 353
652 784
445 14
357 673
80 426
818 510
306 225
786 202
128 705
521 63
593 732
133 555
243 432
795 367
82 526
356 241
122 220
621 6
641 517
288 747
15 317
623 584
221 664
348 256
423 470
522 547
317 592
564 752
11 208
193 770
712 504
626 34
58 823
706 196
773 39
425 329
795 70
338 836
691 384
48 347
364 815
91 838
233 868
677 475
623 142
449 669
612 798
316 466
646 442
817 38
391 79
195 429
134 373
89 728
252 84
456 757
363 296
41 861
243 415
246 477
599 139
146 863
677 309
694 223
697 28
716 328
584 672
39 512
280 690
98 649
852 821
296 533
727 726
194 126
654 600
342 174
307 504
308 551
574 826
863 215
349 312
296 700
614 364
100 319
500 625
602 144
603 384
159 43
253 220
286 786
785 764
94 789
24 155
225 379
25 582
100 398
28 104
563 88
49 181
801 296
483 565
715 238
806 630
739 593
723 798
613 515
335 44
337 837
230 306
568 508
4 689
245 497
48 75
521 700
277 355
181 454
688 480
744 733
599 154
62 580
585 293
125 559
843 844
773 41
848 555
761 715
445 168
329 669
764 797
457 614
710 321
13 47
236 312
473 538
754 240
592 219
242 582
187 260
422 389
813 584
188 608
852 613
778 576
446 722
636 697
143 670
859 765
162 687
695 478
571 33
352 671
303 429
487 803
61 404
121 249
409 721
303 28
363 257
454 535
733 845
850 776
205 617
353 299
743 546
350 256
746 799
263 739
692 503
820 172
750 37
480 742
845 601
352 18
560 257
577 559
686 556
120 483
798 42
598 839
433 665
175 754
343 555
380 45
456 93
715 338
602 466
97 742
458 316
520 271
39 788
43 199
797 498
763 27
525 803
379 239
472 571
508 284
61 8
448 274
795 721
119 698
314 400
428 189
468 559
456 306
639 64
52 795
825 695
147 415
37 388
70 378
244 248
716 137
172 186
827 85
837 109
195 702
696 302
93 290
614 716
62 210
390 335
224 563
191 833
325 223
307 380
164 518
773 479
682 522
844 557
207 608
867 811
118 782
230 771
709 377
34 358
32 549
35 819
226 186
716 285
753 621
476 647
311 141
512 816
803 217
522 34
850 599
337 680
671 8
123 302
488 300
260 161
437 130
30 83
20 459
521 727
277 382
280 67
484 824
51 768
159 437
533 88
217 225
628 365
536 734
352 763
633 862
833 313
83 381
275 302
499 847
444 608
547 788
479 42
794 348
678 507
844 415
665 142
32 165
276 659
758 619
352 53
725 492
658 471
499 64
550 658
327 192
375 825
538 823
759 811
477 721
120 668
120 869
176 220
164 854
52 211
57 226
223 600
556 183
439 557
540 665
298 28
100 331
21 121
819 764
324 166
608 174
699 402
772 292
422 672
774 149
188 104
614 259
372 170
155 298
302 559
120 118
513 298
342 828
110 610
71 808
75 370
682 73
591 17
315 282
614 146
815 824
106 369
176 393
748 391
499 541
87 744
847 559
129 82
493 721
24 440
243 44
814 238
248 161
598 220
763 619
371 341
654 407
340 814
417 660
624 268
128 545
91 855
246 662
156 479
353 311
171 328
118 396
805 713
690 411
449 401
234 765
86 110
324 173
667 200
604 751
109 71
128 5
203 635
41 319
630 619
557 276
244 68
355 644
635 131
592 768
546 107
565 244
234 523
16 714
623 418
225 645
451 849
790 268
520 780
369 702
728 398
194 141
486 280
145 154
326 663
75 217
38 431
408 219
242 129
761 125
279 382
338 214
763 148
679 842
341 827
802 319
188 382
667 288
736 333
171 394
700 232
370 711
739 415
116 860
92 470
247 802
759 859
599 332
309 501
714 694
342 223
253 325
828 223
35 113
612 41
61 829
812 539
154 442
823 248
670 834
324 59
107 257
272 406
133 339
572 212
521 785
169 112
847 137
153 834
52 839
616 752
173 509
841 301
146 291
806 109
773 105
848 393
598 596
98 734
134 853
195 754
486 482
425 486
322 312
737 586
275 759
591 261
96 861
560 167
337 399
720 353
528 619
854 2
178 611
362 401
344 753
346 160
589 292
755 721
754 635
296 490
866 1
324 862
207 732
136 115
797 311
513 19
305 823
584 625
507 479
569 328
255 1
558 810
26 251
82 492
727 508
375 267
531 187
650 268
571 80
390 632
620 788
521 318
725 840
133 507
525 116
485 66
513 223
548 829
237 545
130 659
437 789
795 568
733 312
834 533
237 515
100 753
263 359
726 645
529 447
178 167
646 738
289 265
445 99
332 495
416 50
21 780
464 82
246 373
835 101
619 816
94 186
846 70
838 466
456 142
833 126
750 384
60 393
149 509
406 46
559 523
139 794
28 804
656 282
606 804
309 849
474 333
440 725
332 611
442 370
595 296
500 665
235 606
488 161
247 664
108 583
861 586
754 81
458 402
821 694
498 454
9 100
474 544
193 266
450 357
180 849
270 520
693 152
241 869
112 619
166 50
828 273
341 80
243 294
630 34
590 71
263 493
266 339
785 691
712 255
141 582
736 523
683 430
477 99
456 450
10 758
615 376
465 36
580 478
140 117
485 841
414 33
17 435
608 122
754 350
52 774
39 475
756 543
298 518
520 834
492 799
688 471
402 180
548 101
30 209
307 803
296 520
842 695
662 540
281 728
866 187
442 236
354 785
467 299
135 835
726 226
93 274
638 320
140 859
421 829
524 281
570 29
787 529
348 681
111 127
422 131
405 516
742 823
411 485
203 33
846 298
254 263
698 780
328 751
175 822
517 94
152 168
80 453
147 102
794 585
374 59
636 842
303 117
254 811
537 704
847 616
648 18
25 642
390 49
670 742
356 737
140 438
15 684
307 415
217 83
275 198
684 77
367 471
523 540
706 788
340 217
637 107
379 784
657 117
452 631
604 148
201 817
328 647
203 533
594 789
538 518
385 719
479 447
194 360
178 382
726 537
435 742
403 47
148 776
813 426
771 10
24 378
71 244
560 366
209 728
121 219
488 690
863 211
159 340
822 444
606 377
291 292
699 163
683 45
97 66
226 560
150 633
371 521
228 841
320 250
211 454
746 138
338 572
803 321
550 565
534 174
3 777
417 749
100 856
362 261
841 481
780 631
527 453
784 173
413 740
749 256
860 261
787 728
423 588
134 188
64 723
156 412
61 393
214 709
31 497
90 136
678 569
530 838
271 424
794 254
350 95
103 122
801 495
502 81
691 373
376 206
287 642
802 509
768 181
736 54
111 355
577 807
461 730
148 631
668 67
318 758
31 653
506 299
152 495
786 809
677 155
272 313
550 556
844 247
330 54
609 862
524 481
151 633
777 58
577 784
390 361
528 581
513 300
305 764
503 753
750 249
234 361
273 350
457 368
736 461
332 728
767 676
188 47
62 341
101 277
47 754
212 165
195 423
783 592
274 74
104 165
76 725
113 165
867 451
7 1
348 475
194 107
178 718
692 161
181 318
110 650
93 706
281 117
525 473
136 379
638 630
524 313
601 273
529 658
162 663
300 540
146 566
113 477
718 126
21 278
631 278
703 165
797 778
229 386
835 501
304 225
558 595
105 720
785 630
750 128
610 559
275 407
22 202
16 738
522 713
449 329
26 765
606 2
105 865
35 790
380 112
680 577
788 674
329 72
807 141
349 21
352 510
425 573
305 622
321 326
211 745
412 187
715 516
751 293
129 289
679 809
497 5
685 300
703 93
667 660
767 523
691 573
855 293
13 367
513 753
606 253
58 360
612 716
761 705
725 811
245 710
385 519
13 618
748 22
452 32
658 759
806 740
221 434
718 789
227 20
623 485
11 438
710 222
12 837
549 665
506 346
180 23
385 234
505 348
595 362
460 508
260 737
390 560
500 859
391 265
138 831
602 248
710 105
86 386
568 509
289 185
290 41
520 84
93 724
846 18
26 828
135 697
228 442
302 346
743 635
267 859
140 193
162 111
71 694
818 586
719 122
266 799
30 770
210 419
502 365
170 403
688 788
846 812
712 248
282 580
599 513
820 407
231 701
380 729
716 803
82 859
308 845
293 68
574 47
80 74
189 616
138 184
52 454
589 611
674 299
432 727
553 66
809 555
240 85
408 769
243 567
462 169
429 501
345 865
51 95
146 691
643 684
578 345
517 560
866 104
332 455
575 389
651 483
390 341
317 747
102 67
272 473
19 737
655 29
289 550
171 503
175 312
475 770
677 179
176 344
506 628
503 842
815 267
415 484
69 834
769 336
716 627
627 388
630 869
224 844
316 757
832 523
337 227
385 388
794 185
423 829
655 649
177 378
363 690
414 230
682 802
92 262
239 593
275 136
385 277
632 168
209 41
245 288
851 829
538 466
639 846
287 169
70 250
568 378
269 752
474 578
515 232
575 596
223 536
632 279
79 169
101 790
320 414
809 840
378 825
353 114
769 312
844 97
863 391
24 839
403 848
243 487
139 406
215 244
425 517
32 550
345 315
726 334
757 536
628 584
277 533
538 368
205 491
464 423
9 647
193 533
231 117
378 539
269 205
436 728
402 571
147 529
59 204
205 421
162 593
189 491
82 231
525 423
78 708
123 107
234 352
52 37
43 472
403 838
147 276
62 743
275 254
755 659
296 665
608 648
580 393
303 771
520 268
260 823
281 3
792 78
478 816
686 245
174 611
139 82
674 142
677 684
763 14
218 50
697 650
310 25
148 236
99 854
775 396
767 486
123 294
173 293
180 106
218 165
795 129
517 760
498 424
45 543
634 339
211 510
486 4
566 121
713 411
415 8
181 149
821 771
862 675
41 309
513 351
558 88
687 2
860 358
390 131
661 758
649 459
472 215
180 136
640 613
718 276
526 357
532 6
499 40
427 138
315 153
11 459
575 336
736 13
701 28
238 621
294 382
166 643
704 829
11 718
267 344
488 838
178 373
342 106
586 515
698 185
116 782
610 336
597 480
284 618
193 656
325 824
364 210
259 649
824 95
45 122
814 276
468 728
356 84
391 8
108 258
531 498
404 564
719 409
422 251
190 350
621 586
449 335
158 369
472 77
291 691
291 285
129 170
450 115
812 169
833 481
100 32
140 404
850 185
452 851
548 776
774 832
309 417
365 399
772 209
867 213
614 419
56 625
796 692
319 663
547 358
281 517
731 136
841 600
408 404
648 708
648 430
193 402
152 584
281 254
603 158
62 292
474 760
564 149
235 745
380 741
473 140
805 563
476 757
274 624
805 597
133 352
91 577
445 78
726 508
249 547
766 647
134 753
489 12
269 811
496 864
550 644
229 343
458 171
560 707
740 136
170 743
210 334
109 585
237 828
603 301
416 679
839 19
604 591
436 233
292 342
851 388
348 448
774 667
422 12
44 823
279 56
228 830
579 750
49 18
656 6
124 383
465 395
275 333
839 751
574 491
113 61
591 126
3 481
171 470
744 276
445 214
637 652
268 625
786 553
36 533
399 206
103 409
149 56
756 848
813 97
562 589
82 478
691 198
855 868
783 670
715 169
680 85
345 256
365 496
93 293
328 384
297 711
491 721
655 565
677 253
693 789
440 702
860 401
828 420
313 798
705 236
523 37
778 295
580 18
636 87
563 653
140 281
713 124
234 466
36 858
127 726
827 561
294 77
422 150
868 789
79 147
356 560
174 535
104 335
58 758
269 257
236 723
566 618
787 188
56 434
489 737
96 390
404 130
350 265
228 640
96 856
246 485
304 481
121 786
773 551
305 323
269 146
90 36
678 621
224 206
570 679
807 662
655 30
461 395
484 861
502 729
394 11
213 853
251 398
151 168
349 286
190 660
438 239
168 852
207 363
735 383
413 286
526 501
84 754
305 154
269 194
677 572
569 163
53 370
413 115
579 503
97 853
655 69
338 825
209 409
311 259
714 515
361 584
142 56
289 1
491 512
790 740
610 45
866 342
226 588
354 633
265 723
539 450
147 538
70 243
27 211
419 771
588 765
500 21
27 261
445 458
340 669
106 376
440 129
500 384
171 428
687 527
579 709
546 144
732 798
561 661
865 845
436 368
806 106
497 830
310 41
425 252
615 676
834 64
836 663
263 485
639 290
55 744
670 73
421 643
189 561
475 545
390 423
194 233
673 311
710 732
170 314
559 107
54 389
178 836
312 665
574 145
868 556
7 625
525 414
413 207
233 709
507 195
235 83
369 393
736 353
244 478
203 273
587 785
187 59
279 92
725 252
170 202
308 350
45 661
768 556
588 644
662 647
438 104
421 224
573 483
705 829
135 611
134 186
137 358
162 552
438 424
451 696
359 483
142 721
547 294
55 604
330 723
123 613
315 332
299 707
652 755
440 196
526 172
858 606
344 66
525 635
827 802
152 596
296 826
74 864
499 341
395 256
657 649
178 258
52 674
715 617
184 37
839 746
442 255
21 147
297 656
66 89
601 399
103 252
31 99
416 511
373 601
720 653
681 103
169 283
423 611
869 80
701 561
449 858
301 217
301 676
267 73
214 143
234 325
772 567
569 43
558 846
832 553
688 691
319 309
431 762
766 102
53 180
589 407
240 42
701 147
331 734
153 613
297 520
228 398
191 282
71 439
175 60
556 265
300 387
609 231
57 802
3 442
153 73
686 93
262 248
373 430
682 31
691 18
451 793
307 755
786 185
453 212
681 223
12 753
796 278
285 561
445 12
696 584
307 253
486 342
452 757
558 831
716 823
399 581
733 698
590 221
166 627
353 88
832 544
686 319
764 208
270 828
431 643
406 810
516 112
572 117
699 615
186 485
574 138
575 866
607 627
27 648
708 34
819 198
506 307
517 332
159 490
183 479
215 339
358 362
513 572
314 257
830 430
851 39
725 348
273 212
416 465
549 89
604 687
19 662
441 463
612 226
189 175
851 148
292 273
46 189
728 585
860 597
283 556
228 702
569 260
849 459
334 760
190 150
465 450
725 566
709 276
16 15
605 323
364 669
591 360
203 793
699 636
97 84
558 203
174 799
598 728
340 3
236 738
138 41
785 477
144 483
143 405
812 611
510 573
539 624
810 824
188 79
631 853
69 88
835 816
432 350
706 485
342 362
785 622
342 211
110 246
609 98
203 71
349 252
683 817
661 545
725 470
357 295
431 95
774 621
765 165
143 331
698 357
700 532
704 4
687 782
300 508
337 71
303 474
712 409
235 839
699 221
698 438
807 463
260 586
647 749
778 211
155 6
653 198
123 650
166 549
193 697
203 600
863 259
240 627
328 443
651 493
119 452
524 386
263 430
563 745
693 277
469 603
696 401
744 549
310 410
755 196
171 90
595 623
89 493
337 803
737 244
504 311
234 224
35 346
482 853
623 288
438 510
334 714
548 10
356 549
36 17
700 160
713 278
272 151
797 213
535 707
774 706
79 711
539 174
7 305
579 176
139 377
178 289
538 383
380 204
682 203
440 178
69 377
44 749
54 382
211 392
12 344
214 307
306 48
571 238
751 8
717 424
591 419
315 265
407 359
503 788
671 124
679 788
373 738
580 619
586 459
825 580
810 136
184 294
111 286
63 802
170 204
499 654
614 126
152 200
802 675
340 787
550 44
327 278
348 588
693 588
168 644
315 32
7 302
372 492
216 164
377 625
191 754
74 278
488 225
414 308
163 116
527 6
652 411
310 814
866 96
867 265
371 801
852 179
781 574
836 482
647 248
566 31
15 271
34 593
699 503
130 477
205 823
39 704
316 315
775 257
445 638
10 368
604 671
559 361
52 256
402 476
779 120
54 105
574 794
681 478
664 386
96 159
574 222
794 231
205 418
296 772
651 652
301 501
613 293
747 400
506 152
713 256
35 217
401 838
735 640
438 379
562 493
579 190
392 84
377 634
598 740
526 346
179 300
470 840
469 816
420 514
662 1
869 169
446 808
818 259
769 398
531 637
514 479
568 806
53 471
746 581
386 74
848 673
741 84
763 609
62 767
357 757
428 619
212 200
379 584
214 188
640 74
837 357
113 370
760 553
846 613
65 503
429 622
376 533
360 267
103 493
162 596
15 42
413 549
53 606
402 528
76 639
60 206
290 232
390 859
744 102
524 471
28 364
374 607
657 593
235 621
659 255
474 597
163 641
311 511
727 415
276 565
614 764
133 236
444 220
281 550
788 535
263 402
527 60
344 65
637 780
702 829
474 49
312 204
186 176
793 72
575 256
23 583
364 702
447 198
638 687
358 253
252 555
329 21
55 470
792 508
505 528
296 279
315 816
262 148
449 515
712 594
468 424
306 319
587 79
139 48
566 657
249 289
242 279
677 594
524 628
592 239
123 120
175 547
469 407
435 283
375 610
249 815
205 39
152 397
614 312
174 361
303 229
233 806
416 258
839 649
609 408
455 565
810 580
848 671
170 362
337 189
373 220
599 573
467 484
714 565
378 706
23 196
787 354
571 401
626 339
257 809
700 123
145 215
60 365
188 282
633 72
226 398
48 7
672 540
858 536
15 589
303 90
218 737
221 734
735 531
662 516
205 79
522 275
724 224
282 319
121 87
781 156
730 734
566 72
778 710
150 223
185 552
539 150
502 23
868 596
726 55
247 543
216 561
641 365
46 620
224 542
767 575
302 723
759 718
298 302
818 114
484 565
315 100
778 33
822 479
346 396
623 538
36 448
720 198
115 530
150 827
498 323
642 313
279 828
302 868
450 510
433 414
748 262
658 538
274 455
275 834
39 447
119 507
630 247
483 634
544 168
563 244
449 97
785 82
107 295
803 834
736 640
359 392
150 653
24 828
848 766
558 114
734 323
858 420
601 326
438 60
440 402
116 656
847 144
718 396
337 175
390 435
799 454
49 243
196 102
421 232
804 424
309 854
394 339
458 518
604 66
701 800
381 88
304 821
794 201
363 210
732 200
526 60
420 734
575 844
390 648
49 583
416 440
362 556
539 183
110 198
42 853
848 160
310 382
577 649
798 420
637 207
48 640
783 625
509 454
499 296
158 37
847 290
457 601
5 262
297 853
562 745
11 668
800 50
449 132
432 252
216 185
362 184
72 83
199 661
814 462
693 744
76 523
677 225
494 756
78 73
231 665
779 38
249 311
11 176
858 501
802 326
180 537
848 511
130 360
314 4
646 351
464 188
209 858
191 781
710 824
622 501
704 398
344 705
823 251
571 130
230 106
750 25
632 766
813 113
629 576
709 240
522 734
87 534
716 780
471 264
716 102
57 44
518 99
757 169
805 114
745 721
229 411
218 411
303 110
252 582
697 252
340 511
474 143
233 106
755 779
258 80
728 283
700 210
690 213
767 620
425 19
826 30
152 65
314 858
45 63
814 567
230 560
708 555
769 649
839 323
52 23
9 227
330 721
867 268
204 250
310 230
118 833
136 106
135 210
598 843
567 88
839 464
108 350
408 765
866 720
370 830
197 211
813 75
245 569
636 415
211 649
601 350
394 484
380 221
626 165
588 620
534 367
189 69
145 412
482 515
356 739
801 39
33 362
287 184
427 192
146 10
697 553
845 640
554 415
196 484
850 867
357 515
190 622
781 185
641 335
103 393
677 120
690 858
589 198
147 335
111 134
235 79
702 112
524 42
190 118
377 200
681 17
783 145
414 859
474 693
539 681
314 26
656 608
499 26
672 711
108 664
214 563
730 264
805 286
474 292
642 665
76 560
349 441
679 645
197 87
77 480
617 295
139 295
447 165
324 294
100 232
113 395
557 208
615 796
544 203
710 344
361 484
234 122
15 147
623 366
644 415
222 333
332 309
534 746
245 666
483 738
731 764
321 295
531 674
786 206
291 350
93 854
574 764
408 621
140 739
146 49
190 830
467 407
30 185
451 561
747 780
622 232
109 491
808 14
517 772
24 498
568 90
699 199
852 802
783 478
342 294
356 657
152 575
431 362
383 849
307 824
116 94
494 493
76 75
489 306
478 729
427 601
541 634
373 429
274 816
568 712
126 47
145 393
818 344
269 849
475 824
833 784
636 730
423 552
171 604
373 227
375 724
151 732
503 864
621 864
623 41
399 580
636 726
284 791
721 81
188 339
230 760
353 514
444 703
27 153
432 330
340 323
655 473
345 658
335 576
492 807
383 208
293 749
773 147
404 29
639 276
219 734
667 657
743 560
745 145
722 8
433 794
450 581
197 215
824 149
642 100
474 473
129 351
57 733
684 751
410 481
686 101
462 702
389 742
429 388
582 202
556 447
52 446
253 267
218 287
93 332
520 285
314 68
612 227
80 276
25 578
524 650
580 319
375 685
691 724
13 39
414 507
719 396
364 527
127 584
11 558
863 50
791 689
594 143
779 796
444 674
234 274
277 84
525 763
254 551
639 86
568 328
397 498
697 33
231 37
846 116
82 18
79 752
558 200
445 827
526 59
375 62
342 173
11 792
591 511
43 189
298 784
136 776
432 247
852 859
322 217
51 269
289 554
306 584
34 581
834 442
127 736
701 244
165 840
24 297
864 1
3 763
525 216
46 819
13 388
234 230
34 779
456 767
628 42
331 545
351 280
482 2
651 664
363 510
655 645
373 185
108 750
453 553
220 255
756 406
46 492
703 68
544 782
445 820
134 326
48 514
178 593
253 823
694 68
70 345
306 737
275 237
132 162
689 751
502 355
403 285
677 458
70 488
806 174
488 267
476 797
756 353
814 640
274 301
411 551
49 280
735 765
469 144
210 360
352 225
143 339
127 638
560 60
203 460
678 44
374 554
817 166
766 821
146 368
22 618
75 661
90 29
182 858
178 426
476 576
292 553
275 133
612 621
612 442
850 349
460 580
508 334
404 347
484 248
799 276
703 622
839 381
566 768
400 167
20 439
576 768
222 559
626 168
812 571
64 212
634 864
603 556
216 346
604 840
90 319
770 864
182 169
2 278
755 204
469 714
242 466
795 158
66 379
263 567
52 314
580 212
473 222
716 174
774 811
522 38
23 621
190 733
458 348
211 696
719 831
105 400
436 252
490 635
320 578
683 121
224 829
69 30
374 578
546 57
287 498
642 72
40 181
719 74
481 453
63 173
320 69
249 812
356 771
819 429
250 711
215 511
534 122
558 58
263 79
21 238
612 135
831 541
116 537
851 179
300 91
28 573
449 173
140 167
202 842
65 490
127 410
277 864
20 810
476 207
497 515
205 466
151 719
559 420
262 215
555 173
233 454
505 297
213 728
252 472
552 643
554 350
572 17
373 514
778 262
543 538
441 386
785 403
307 867
865 796
365 563
846 291
576 798
261 663
560 13
8 516
722 220
836 490
216 849
867 77
813 104
489 788
437 417
629 834
522 658
651 47
191 525
46 847
209 516
305 573
201 88
254 84
147 244
169 620
314 210
240 536
297 461
264 824
266 516
212 387
730 602
286 579
488 278
715 675
278 816
274 807
701 193
739 402
23 864
691 212
48 409
799 259
216 843
331 278
785 772
20 23
719 493
331 811
116 3
461 131
318 169
139 553
406 31
469 195
716 703
847 605
735 184
772 438
701 504
537 613
793 386
598 49
120 181
375 313
341 505
237 674
698 212
419 301
175 156
317 259
595 763
64 455
337 671
30 241
341 831
269 253
608 318
128 105
572 506
494 840
369 585
687 620
482 144
644 788
216 850
604 368
472 358
309 471
572 361
790 400
520 553
28 564
851 524
191 23
410 401
500 66
655 115
52 367
839 829
497 857
286 295
810 581
111 853
425 46
869 400
176 553
598 556
301 740
177 267
531 763
732 67
738 244
679 478
581 383
846 463
195 670
280 631
62 4
440 381
500 238
211 33
232 293
465 790
69 67
179 72
472 510
119 45
359 728
537 657
148 99
371 623
500 803
61 713
82 283
814 536
154 564
763 867
413 598
17 856
306 390
648 527
440 697
252 586
457 510
629 172
314 454
526 240
600 478
105 347
361 868
78 476
806 555
40 32
186 764
594 383
851 297
368 864
746 468
211 434
469 326
108 394
436 527
329 499
85 789
132 349
655 28
52 232
799 164
338 643
525 536
799 361
674 776
359 166
782 478
362 659
589 773
598 686
679 25
493 6
202 824
352 555
812 49
833 361
135 650
49 625
698 843
337 438
667 702
712 101
16 274
130 262
187 788
630 632
655 123
411 633
157 149
33 312
625 545
20 147
352 265
406 183
354 174
246 575
617 185
254 160
505 349
522 178
713 347
824 381
219 462
218 648
81 734
633 89
522 537
673 549
547 393
103 803
390 312
74 384
867 197
794 559
706 144
688 427
120 424
301 98
468 707
489 277
767 718
346 618
273 382
862 72
662 37
787 405
403 344
570 658
170 526
463 584
687 39
195 538
397 330
3 154
571 435
756 247
296 355
612 284
681 669
669 830
805 309
528 259
623 505
242 702
145 130
715 759
436 391
821 600
684 114
839 514
211 619
397 541
235 775
290 102
272 677
845 653
679 602
720 68
314 823
775 742
136 149
679 526
427 406
696 634
735 417
416 432
865 842
183 383
495 869
866 603
150 256
373 723
686 619
491 754
467 530
446 858
88 861
548 179
70 102
364 557
837 2
628 532
862 535
168 438
525 18
374 744
302 117
801 487
413 398
513 189
531 202
531 21
109 842
36 510
772 747
402 362
170 734
575 840
669 680
411 661
750 666
43 327
669 88
125 202
128 519
633 593
441 251
685 349
469 282
669 419
652 477
462 164
104 859
566 238
801 158
70 517
658 202
70 403
146 608
419 556
472 665
442 545
817 462
372 159
736 619
40 378
714 288
715 193
202 417
241 311
331 248
762 518
850 62
481 126
45 740
465 484
493 829
697 573
637 177
693 532
182 50
269 130
308 728
201 418
203 668
690 386
669 508
170 729
730 470
115 256
599 846
127 211
713 786
146 67
143 526
240 504
410 98
404 496
267 512
762 14
597 634
520 766
499 218
820 117
380 586
307 858
839 717
817 855
809 183
591 92
441 109
701 556
341 124
851 566
543 217
598 491
174 404
693 748
554 674
469 242
270 392
626 641
127 604
19 319
810 222
791 80
631 511
408 615
499 29
101 369
375 630
47 149
305 542
614 809
87 361
235 458
550 20
400 576
139 790
116 421
814 34
211 816
423 231
467 382
589 461
468 45
836 333
171 729
774 438
453 709
360 268
259 695
80 136
465 865
228 272
727 227
286 849
359 89
808 668
366 73
829 762
93 481
406 533
323 388
463 556
25 307
485 325
51 166
767 489
108 333
532 98
473 248
1 59
82 368
24 5
670 346
313 615
314 434
558 257
594 374
401 660
831 729
857 431
413 814
92 294
571 118
832 858
590 331
497 8
171 341
464 118
335 450
190 117
135 481
799 740
691 487
135 493
656 229
269 5
821 616
163 85
715 608
572 418
291 438
683 635
575 569
559 723
100 671
799 192
30 88
287 151
270 92
555 868
730 213
336 542
210 690
597 834
526 728
221 847
304 124
603 624
431 75
783 605
127 504
866 582
812 297
726 97
524 867
797 411
726 291
304 390
840 600
44 862
17 585
252 619
474 311
457 232
147 753
741 830
274 65
387 840
154 471
724 615
636 20
673 6
819 662
565 459
414 147
833 415
257 734
257 752
455 802
612 704
608 447
353 373
119 360
120 616
135 160
214 125
688 732
781 291
362 627
40 105
629 868
522 187
404 491
209 236
688 724
817 90
157 537
727 102
45 244
270 413
213 501
660 602
662 793
113 339
242 511
209 738
550 212
633 466
462 484
671 709
266 179
748 678
378 73
820 352
541 514
1 776
501 95
451 622
93 728
287 627
443 671
137 787
339 862
590 256
590 206
175 635
312 862
473 49
246 391
592 516
129 717
413 666
777 663
788 244
374 292
30 74
177 566
87 47
839 689
716 42
735 789
439 376
404 379
790 600
524 642
373 244
568 507
283 859
105 276
730 378
569 389
127 494
736 418
364 409
844 454
257 420
664 618
333 241
116 700
554 777
666 530
564 392
801 106
855 155
380 844
397 490
163 782
57 279
385 450
116 441
407 49
618 400
817 704
285 511
195 853
86 496
270 134
182 292
20 124
221 194
354 271
318 804
685 739
525 266
416 259
748 579
269 502
712 65
676 583
234 630
146 3
347 219
848 292
573 542
153 278
292 200
707 532
134 736
322 781
215 277
362 827
851 798
237 776
699 543
424 496
305 224
405 664
425 723
285 178
102 840
15 610
825 690
130 702
792 282
116 384
443 80
669 481
7 254
523 865
301 18
505 655
839 229
327 605
146 491
113 721
440 383
97 802
773 745
741 516
725 826
524 110
473 129
735 859
763 792
602 480
675 490
289 401
806 533
322 387
138 295
277 142
352 336
557 842
617 671
799 510
724 240
568 31
389 135
860 37
570 751
576 824
845 450
296 290
292 838
777 687
425 66
568 347
82 421
119 705
48 29
57 528
801 431
530 39
548 346
572 27
691 99
79 5
365 564
62 813
671 833
637 422
158 97
450 430
841 673
453 336
308 568
522 567
431 752
366 313
757 386
458 533
334 493
16 122
657 331
714 737
345 399
20 241
403 853
695 164
372 215
524 244
800 597
194 188
781 88
820 469
731 79
270 377
401 510
477 758
235 440
283 37
298 1
496 738
195 849
180 561
435 158
291 165
813 454
592 491
167 789
242 227
6 584
246 822
264 470
745 370
566 22
855 791
416 391
568 260
54 825
767 819
739 806
374 359
744 315
46 296
632 71
766 475
549 447
341 867
757 662
295 6
562 497
637 811
335 834
724 667
843 526
401 503
599 624
441 355
574 199
79 559
375 799
246 579
11 145
523 339
234 362
414 547
346 288
298 309
848 55
304 754
596 829
433 138
407 430
669 279
440 415
104 199
756 152
159 99
723 695
192 165
519 78
425 155
10 401
837 492
486 138
306 612
846 184
553 106
772 634
697 606
70 338
21 682
638 676
465 570
651 815
84 640
341 845
233 716
416 380
602 95
794 518
3 214
594 98
461 526
226 72
667 722
155 537
45 282
380 559
139 278
767 739
693 9
677 692
677 207
643 542
642 721
598 434
473 271
314 784
645 828
372 765
60 695
706 369
309 613
781 726
216 392
159 104
513 121
343 202
623 313
606 771
440 283
539 556
812 536
834 695
691 802
87 5
761 214
431 615
66 804
685 613
605 89
753 112
275 532
205 660
578 156
727 596
24 702
743 661
544 437
653 621
211 742
29 435
750 631
266 519
421 628
649 331
755 495
698 601
63 441
598 235
391 811
251 514
395 153
810 77
472 511
414 255
477 317
647 122
138 232
188 673
541 393
212 596
748 211
87 404
683 17
183 640
419 563
701 408
347 223
477 430
594 35
869 83
135 232
177 581
4 532
380 497
626 812
237 408
661 283
115 615
39 742
197 651
127 626
101 664
706 618
143 276
693 575
485 600
859 854
92 768
351 59
400 622
114 107
242 180
794 690
82 384
427 266
348 188
671 232
766 277
598 860
604 29
860 764
542 223
421 772
544 771
228 757
760 771
359 692
579 723
856 567
156 672
565 742
106 192
822 833
287 21
26 381
110 648
255 426
679 233
263 563
624 321
84 196
26 667
480 89
814 293
49 778
156 106
677 845
380 67
646 720
25 157
440 408
51 526
442 388
174 690
598 551
669 156
452 544
835 580
110 569
268 707
51 245
207 556
482 766
55 319
130 41
768 278
498 376
151 150
797 95
249 625
375 73
677 250
86 709
775 139
420 149
185 309
436 182
349 555
697 232
542 653
275 339
760 441
471 749
486 39
324 134
622 37
15 715
464 813
699 434
352 658
387 584
111 503
543 237
428 433
726 520
867 311
71 118
473 227
535 551
737 212
39 660
80 459
49 364
690 89
28 528
599 444
488 790
196 42
558 145
845 838
457 541
277 319
139 566
719 93
757 369
249 284
341 210
16 71
179 533
680 665
583 868
256 59
79 357
110 191
332 443
614 331
190 404
337 64
817 647
411 780
13 592
182 384
188 63
197 153
677 116
328 200
53 810
790 776
739 701
812 785
498 85
171 57
852 698
172 790
357 835
915 5014
528 177
658 406
640 693
787 275
612 618
202 624
685 5
742 384
357 212
803 121
706 823
379 171
913 236
160 766
56 246
38 463
5 195
631 563
523 849
446 47
360 343
122 296
640 366
626 59
516 46
735 625
573 374
575 118
464 181
570 441
410 330
461 658
12 727
381 763
159 384
805 8
191 124
404 759
178 142
261 690
867 323
560 479
852 245
780 378
375 822
728 624
103 344
144 601
291 799
536 24
696 303
278 492
854 604
904 17
298 256
464 467
249 342
319 618
322 839
572 845
14 561
794 135
806 423
126 309
610 576
496 393
158 71
80 3
805 267
354 43
101 216
321 239
709 462
553 290
656 864
90 420
723 908
678 182
772 789
293 156
799 188
293 556
495 487
7 643
564 663
835 751
582 680
617 141
858 771
678 257
844 76
610 75
81 76
831 716
278 708
65 552
772 284
690 316
871 650
711 689
583 380
676 290
219 649
770 827
772 587
556 702
25 368
189 583
693 215
146 199
239 555
197 258
632 130
6 205
746 246
157 610
656 658
569 663
780 53
878 60
680 195
75 305
221 253
441 4
404 504
58 643
688 3
524 76
346 897
466 4
28 771
113 289
159 630
179 665
806 759
273 345
609 92
348 224
125 627
102 295
685 682
65 148
67 239
603 123
213 591
472 605
235 11
13 248
256 302
293 428
169 175
753 331
376 856
621 863
228 30
312 145
640 452
470 107
21 467
904 400
238 605
6 265
262 82
445 466
55 634
417 330
177 135
30 643
196 210
734 456
534 165
274 871
258 352
308 903
212 267
281 628
29 345
203 285
324 225
415 383
582 359
561 483
312 286
311 318
22 823
67 819
559 20
544 398
908 743
664 92
319 560
527 127
531 709
286 771
626 893
310 616
222 798
575 180
328 477
7 827
156 262
602 446
514 380
171 745
56 605
382 192
826 163
503 499
348 285
496 579
85 683
227 318
562 58
381 185
595 73
163 93
33 491
612 705
550 232
730 872
83 351
445 348
467 585
546 179
468 758
790 625
333 177
768 430
36 879
491 585
699 492
656 878
591 42
832 514
901 142
67 736
411 555
280 148
907 821
850 211
90 102
382 679
626 573
509 592
212 665
629 473
828 703
445 536
392 663
610 176
685 474
124 732
827 863
21 180
625 255
93 108
772 12
446 908
6 182
210 639
209 397
724 623
48 525
66 581
287 92
714 456
715 458
439 741
336 127
223 364
810 807
792 757
67 333
410 866
141 124
660 766
805 213
255 98
572 288
493 862
848 302
792 555
280 853
38 517
615 706
192 188
563 488
411 505
394 843
1 828
436 600
329 546
533 289
400 195
755 369
304 715
116 192
741 142
317 494
686 769
691 332
527 263
124 128
895 35
179 751
845 714
495 757
517 344
459 816
208 358
334 369
707 761
263 282
178 591
807 616
731 309
824 165
109 101
712 890
430 513
204 580
557 765
7 330
335 841
870 315
191 862
603 412
110 587
608 374
807 302
511 253
115 700
518 829
905 245
750 478
714 97
582 798
126 843
913 885
842 85
219 257
163 764
845 240
683 501
385 682
390 269
99 177
393 684
692 430
261 846
197 63
487 608
53 576
112 4
256 441
238 708
294 161
481 337
559 202
628 366
263 275
174 225
710 290
602 683
768 910
163 668
826 205
664 224
260 184
174 896
347 571
233 666
463 269
374 311
391 751
141 569
143 309
235 841
594 231
22 260
373 751
847 590
410 554
800 457
877 234
805 739
590 843
160 849
81 379
405 314
371 19
99 182
101 715
335 628
245 402
174 121
502 374
506 739
658 125
523 819
695 579
55 142
535 128
144 352
261 109
578 898
118 263
889 136
746 771
44 903
602 121
906 52
343 755
362 709
453 682
590 565
720 4
77 110
738 808
478 361
376 373
675 226
651 630
284 648
213 73
280 302
676 630
570 209
476 749
174 611
114 245
900 724
350 295
522 92
367 452
686 683
448 827
247 677
892 369
634 513
363 798
161 591
375 103
552 758
242 718
898 286
419 884
520 394
844 751
5 243
581 681
527 274
448 654
251 488
34 216
509 271
145 654
455 215
57 663
187 576
538 856
6 146
815 818
852 259
157 499
694 506
162 715
694 656
54 837
490 332
291 121
670 83
582 626
651 277
13 354
122 813
410 838
747 691
197 264
508 440
255 715
509 668
420 41
386 73
421 779
33 126
691 836
319 662
649 505
713 189
144 27
769 243
53 554
495 105
347 175
774 795
902 305
544 860
246 576
370 510
801 440
655 269
399 866
454 198
748 793
38 257
116 414
297 604
45 539
887 308
174 250
468 681
178 188
767 908
894 787
346 208
527 239
572 364
257 254
424 890
370 545
80 337
760 862
870 295
317 587
601 452
16 446
72 171
125 703
382 823
326 608
865 644
204 214
683 791
151 789
784 477
562 489
534 520
781 446
675 730
711 189
163 270
68 236
40 910
419 866
294 370
133 613
596 387
558 318
120 294
410 253
449 507
450 491
285 149
346 296
572 500
312 45
40 338
21 464
723 183
320 899
100 180
446 408
297 362
166 290
816 828
626 108
129 396
904 734
496 137
633 166
597 349
664 393
675 724
278 347
730 837
268 388
775 705
567 239
419 327
620 735
354 593
232 594
67 770
690 758
48 773
217 735
325 70
626 760
551 198
680 416
882 27
596 183
84 148
5 238
723 207
272 208
543 23
696 758
85 165
415 85
182 352
621 875
664 509
120 544
45 525
60 34
525 462
562 651
656 3
50 814
34 427
185 465
615 407
711 652
607 598
222 362
594 819
847 231
904 231
25 911
228 629
637 655
763 828
175 367
68 875
89 861
76 641
738 201
630 406
498 184
101 647
889 902
159 102
671 90
581 531
508 655
658 902
734 165
196 674
183 364
509 401
404 111
5 215
557 554
575 863
642 92
502 180
747 42
268 340
753 828
222 444
757 100
54 512
444 418
118 521
249 155
854 7
177 748
224 322
877 914
346 173
678 462
900 235
403 776
476 243
245 698
891 475
410 481
836 456
360 1
502 232
326 319
255 751
631 823
873 735
391 380
900 604
887 98
248 663
410 167
150 23
102 561
141 277
254 358
36 458
292 604
459 875
730 602
775 492
562 728
800 287
321 846
103 71
103 530
268 152
651 680
625 184
310 733
314 810
405 908
407 313
245 274
602 47
898 112
68 156
892 521
833 24
415 153
764 863
338 849
101 499
650 569
881 666
547 236
422 911
881 898
3 838
720 312
806 316
391 591
444 706
14 669
222 263
111 330
630 275
790 204
516 396
65 425
448 479
465 765
543 249
252 268
342 575
626 485
155 1
827 128
293 233
900 391
546 702
826 522
209 455
636 106
640 210
894 822
89 546
610 525
865 499
30 765
915 503
206 238
157 498
512 798
837 515
417 866
859 119
669 215
404 600
381 342
886 785
338 733
12 498
567 96
272 186
399 402
241 141
909 875
226 571
533 732
561 594
778 710
469 891
329 373
437 252
147 580
79 641
649 906
299 247
427 58
542 266
836 406
196 440
508 58
636 446
260 39
279 176
485 337
412 61
126 802
90 131
322 186
611 841
208 501
595 566
852 101
799 446
33 766
674 612
767 74
272 177
199 526
93 754
139 846
244 728
562 709
155 57
636 9
11 890
13 187
784 481
749 369
470 457
91 465
428 328
21 369
115 864
761 808
320 23
564 656
410 863
94 384
507 180
586 676
111 473
40 545
683 201
21 802
298 812
557 816
491 435
762 127
448 262
500 458
252 20
784 885
89 20
877 19
897 819
348 879
113 795
790 319
61 539
867 472
116 602
889 112
602 822
375 624
263 623
251 590
912 201
288 302
562 50
56 624
287 719
755 832
315 689
914 594
852 806
445 472
84 136
13 745
144 813
707 802
219 598
218 722
129 322
517 356
178 158
738 883
7 282
759 458
726 745
64 697
157 532
548 642
585 566
749 176
125 758
635 344
699 465
351 618
614 699
517 76
243 9
120 128
193 656
907 774
450 679
876 130
381 402
104 590
166 171
451 404
850 46
558 263
311 414
909 273
324 598
842 129
693 660
755 608
496 440
294 847
61 507
873 96
233 398
213 885
359 250
90 890
325 422
550 412
172 563
293 807
493 549
494 461
116 477
219 728
780 222
656 537
234 96
72 155
235 441
418 715
879 47
274 97
682 98
900 266
405 111
351 552
228 518
905 660
82 416
874 583
691 135
68 239
125 394
345 473
698 802
569 482
40 499
565 136
759 225
762 839
809 78
191 190
342 366
686 585
158 333
694 771
609 394
399 502
440 840
517 778
594 793
441 863
260 485
261 47
412 816
1 552
467 270
478 384
298 807
767 246
197 559
201 862
664 321
204 138
685 191
242 380
634 236
338 481
898 716
611 354
564 218
733 863
378 501
692 307
235 446
882 773
3 97
115 347
208 151
558 422
137 413
670 458
853 874
536 391
70 758
14 611
810 201
774 398
541 295
220 555
67 278
748 672
159 334
472 16
237 602
308 702
644 507
536 601
385 261
132 279
678 514
498 851
656 862
109 292
805 154
674 846
783 890
381 347
610 688
129 792
644 195
315 398
413 497
652 506
428 825
451 350
253 683
803 799
388 889
589 231
440 815
669 890
287 510
847 255
712 270
587 906
544 175
550 829
29 268
539 402
371 4
498 644
10 665
905 791
34 673
781 497
157 56
355 240
281 60
343 442
770 578
863 766
865 11
207 890
27 773
172 373
390 708
230 391
267 395
157 17
680 665
143 446
769 635
845 229
609 868
460 291
49 652
712 785
470 737
678 912
879 58
80 682
420 61
630 441
314 398
25 30
392 855
9 783
516 233
800 435
893 831
900 562
513 369
327 644
864 592
573 194
839 706
649 292
522 58
407 646
28 236
545 830
602 204
32 215
168 583
760 753
776 616
42 359
36 124
809 558
52 787
810 647
328 195
809 309
781 688
760 576
474 580
736 287
40 262
810 477
648 432
534 257
688 39
101 758
377 16
640 154
638 740
815 139
809 131
884 577
313 537
81 831
372 647
375 303
615 73
450 642
87 172
472 118
842 93
327 200
671 590
438 501
314 100
350 123
888 830
368 744
707 483
265 751
527 195
278 70
288 657
418 97
827 259
19 911
574 170
229 739
317 280
686 462
322 142
873 621
53 270
127 779
437 52
209 252
132 147
762 552
453 255
420 735
523 546
411 307
910 621
272 416
86 69
893 816
203 110
95 20
538 624
760 704
355 187
581 424
165 725
701 106
196 7
134 335
487 512
415 491
609 506
203 511
370 837
518 618
81 766
729 768
316 355
9 247
686 795
429 625
782 15
527 647
72 412
13 827
755 500
314 185
649 423
82 301
854 567
603 910
694 44
308 468
736 301
536 879
404 704
678 610
100 473
172 830
687 434
84 741
881 374
323 186
140 575
288 573
741 748
400 748
38 915
331 42
494 618
510 389
460 859
871 379
241 151
747 508
174 915
434 305
551 644
398 673
162 486
700 97
538 817
308 121
256 748
877 532
124 819
819 341
417 661
505 243
844 768
459 136
188 828
377 519
133 879
786 883
695 282
272 724
310 828
277 908
314 902
386 283
5 413
335 423
392 46
100 689
140 782
144 575
659 112
805 241
606 681
259 290
518 798
542 10
670 95
466 860
636 731
620 176
730 295
399 111
310 21
42 488
375 442
686 368
363 150
44 841
197 18
400 828
40 798
772 215
885 165
888 375
845 217
284 615
156 684
322 155
213 813
650 364
533 292
696 30
809 110
404 726
149 379
461 878
839 576
686 153
617 35
619 406
12 376
268 389
81 538
509 98
588 766
807 202
22 587
263 73
893 263
14 31
248 46
110 19
844 282
115 529
858 631
316 195
909 597
781 892
50 275
512 135
40 688
365 228
21 915
557 246
426 392
419 320
428 302
209 549
267 872
643 331
790 430
145 242
77 17
354 758
44 273
8 177
411 613
122 839
124 492
877 746
562 85
22 568
533 494
772 618
293 388
313 139
442 52
890 663
339 113
855 215
794 413
471 750
492 100
58 715
511 279
342 716
423 316
777 344
138 444
544 96
450 506
586 101
270 202
736 789
164 282
572 395
898 402
628 149
96 302
86 198
870 821
63 305
157 694
332 841
485 623
415 856
17 665
658 681
365 201
858 482
114 331
495 271
387 398
511 903
119 435
85 527
303 802
747 325
148 737
101 735
773 590
80 795
907 27
391 906
48 371
752 659
436 529
736 482
509 528
148 902
120 310
792 222
478 26
794 699
371 563
265 98
357 49
284 128
824 305
657 136
36 752
534 713
94 74
611 124
23 474
317 334
82 264
192 387
528 600
674 452
820 155
562 492
197 158
319 751
625 851
292 425
274 716
519 131
298 141
65 603
83 292
48 194
339 453
503 643
170 334
473 225
13 467
747 526
39 662
66 122
409 252
523 717
249 330
284 274
547 121
272 751
626 738
272 521
476 631
653 659
721 830
370 292
704 71
423 644
409 672
272 567
603 318
490 695
713 869
320 108
40 677
315 795
721 274
831 843
152 563
83 777
389 202
210 825
343 19
339 349
549 620
417 110
401 244
809 759
545 612
683 279
77 583
325 10
193 525
671 596
873 165
393 408
134 518
767 855
912 616
77 322
463 786
543 390
557 846
329 703
391 756
48 802
696 890
288 710
366 532
132 309
759 795
226 101
79 389
800 759
387 195
413 646
141 407
87 880
770 540
661 91
348 125
509 127
259 119
133 722
777 9
463 682
524 88
736 414
446 444
379 785
23 82
514 537
103 304
664 619
904 132
557 822
320 790
239 309
874 619
319 519
506 577
450 850
417 890
469 545
515 554
491 169
715 860
739 200
387 863
887 448
335 903
405 139
249 911
12 490
547 698
788 47
237 192
184 798
789 167
575 232
794 660
393 168
527 768
912 98
732 247
197 563
437 196
826 907
245 153
120 550
777 50
71 731
82 830
595 301
12 131
138 660
825 875
19 211
572 843
648 748
720 472
60 106
403 838
668 188
445 586
7 839
265 188
730 808
858 229
417 422
36 566
346 49
551 337
735 244
738 554
557 42
777 857
890 367
48 70
722 573
912 588
12 814
578 20
551 155
339 151
803 850
248 791
649 407
80 577
133 473
407 725
357 85
35 154
735 595
628 846
348 115
378 783
904 291
210 441
817 359
428 845
584 118
549 681
92 515
64 862
462 176
439 236
867 824
24 728
422 183
363 179
372 232
155 488
637 11
506 595
381 497
841 364
752 492
843 624
204 485
551 334
720 688
185 580
683 862
229 684
150 907
298 496
635 57
410 131
449 305
486 597
506 706
514 269
329 414
440 759
518 475
116 431
351 885
13 737
72 781
328 679
842 273
867 788
664 379
77 79
494 775
461 677
812 595
536 897
84 700
394 756
18 200
792 479
701 571
280 841
221 758
409 875
599 624
797 712
736 148
551 824
547 146
555 758
393 331
792 70
403 751
426 558
426 123
407 890
446 532
837 225
395 850
828 269
382 525
553 359
578 732
494 362
398 373
722 569
209 861
528 547
827 75
582 191
430 824
323 414
804 688
163 95
285 156
271 10
420 374
776 337
31 488
446 344
284 19
151 607
140 885
911 507
197 703
164 745
516 744
385 122
350 244
847 222
610 237
544 391
853 131
163 160
649 37
508 833
641 425
293 532
77 287
439 856
388 352
524 789
279 292
504 563
450 435
213 149
508 688
804 485
654 167
769 752
440 645
735 719
520 127
811 93
206 315
888 334
445 652
500 28
655 553
144 787
764 585
203 237
517 350
520 184
371 233
840 247
209 373
46 275
213 444
80 356
87 40
559 906
308 352
469 162
603 401
757 234
95 503
615 764
355 135
410 550
445 883
550 673
675 78
531 136
217 42
128 795
53 911
457 672
185 401
29 833
157 8
867 32
614 65
610 885
74 613
691 123
450 119
415 566
660 748
772 867
148 520
3 263
793 136
298 726
775 104
409 92
172 520
103 142
801 515
68 585
461 113
94 884
222 552
133 824
613 851
579 264
853 906
203 78
15 841
882 352
884 7
530 650
809 710
548 783
884 635
700 590
276 653
424 608
278 761
392 824
174 592
139 414
801 314
491 316
237 773
790 211
459 279
385 680
679 123
210 117
407 641
836 629
873 773
323 602
582 474
569 585
72 111
326 398
552 665
827 663
535 734
522 662
770 182
742 156
335 542
907 425
84 865
86 656
836 745
125 246
140 333
143 390
383 88
104 623
610 313
168 402
150 641
209 526
105 57
428 483
249 663
582 307
822 793
274 373
239 889
757 641
22 282
867 404
388 462
615 185
376 782
867 249
12 881
695 97
511 373
71 111
647 130
540 389
634 472
814 657
48 677
747 75
333 650
286 46
695 714
587 95
398 473
542 270
637 647
790 69
794 8
297 592
372 60
320 42
480 674
551 470
159 126
678 816
346 825
157 261
548 502
556 660
9 484
82 121
65 215
170 63
428 474
396 824
71 484
185 896
280 399
559 725
578 674
498 607
466 286
836 511
31 906
888 562
567 51
608 501
476 670
347 231
353 112
118 207
297 89
617 34
142 367
526 740
102 708
574 793
423 488
208 914
870 709
872 740
65 15
671 843
873 896
185 499
267 836
490 804
363 133
644 367
516 548
405 831
678 616
90 787
110 369
874 212
212 780
329 277
913 595
415 305
535 434
65 1
349 646
21 857
249 35
409 849
30 142
9 61
466 687
257 318
143 255
5 395
127 529
882 231
350 529
59 785
723 195
544 612
100 629
835 167
564 367
323 561
118 843
16 849
420 892
286 389
385 812
280 668
615 571
134 417
646 406
393 233
141 465
605 44
606 202
511 759
648 732
574 915
868 180
688 530
812 43
547 207
586 740
299 583
72 30
376 771
365 697
403 868
544 524
876 370
196 697
913 268
208 62
294 368
518 756
122 170
853 26
502 184
196 883
877 641
729 914
472 507
235 202
203 381
777 592
523 113
409 628
505 117
324 830
755 712
497 712
856 657
794 404
208 799
541 243
137 322
636 266
360 181
67 1
711 728
346 748
786 327
736 171
644 825
593 57
899 318
459 565
384 142
228 20
726 511
799 479
882 224
463 167
541 731
107 7
752 299
182 503
515 483
516 499
900 5
79 574
340 657
714 679
302 283
468 444
562 76
732 462
878 590
519 366
415 392
75 754
351 511
443 118
228 330
878 677
353 532
471 395
910 841
81 898
226 160
486 482
249 462
713 318
843 601
753 110
770 388
419 645
772 637
539 26
498 182
207 184
615 714
428 589
564 2
451 618
892 860
910 785
398 269
146 282
149 47
477 130
21 164
867 518
492 378
736 847
248 182
746 733
12 277
747 627
512 215
87 313
92 511
807 32
495 617
701 232
84 170
557 238
794 544
686 498
87 270
800 850
780 595
267 477
767 379
126 625
695 352
328 658
38 764
495 851
314 461
189 338
357 862
370 778
271 809
827 395
18 441
382 814
718 644
864 594
774 447
562 639
466 509
265 683
428 913
602 324
894 414
822 427
181 465
695 518
163 689
138 477
126 250
653 749
691 705
551 286
476 488
901 601
561 236
92 554
121 290
670 804
547 849
343 888
217 444
842 322
755 18
631 785
281 517
527 31
33 420
584 138
72 201
879 779
522 374
464 784
683 885
557 393
704 835
48 743
466 556
656 273
35 706
487 597
775 211
735 740
739 42
133 583
405 802
588 319
706 289
542 502
48 33
174 172
642 822
285 674
197 245
859 286
54 646
881 506
440 790
865 384
547 161
881 57
405 472
99 389
120 108
7 173
451 374
252 176
392 467
872 117
480 369
274 123
310 784
757 712
774 99
722 304
614 217
444 244
47 743
856 236
893 782
860 359
879 719
609 447
438 3
693 446
884 119
522 478
575 296
703 359
409 831
606 71
285 223
268 57
508 662
127 337
1 402
494 275
607 406
314 843
600 383
206 469
79 388
852 786
872 123
828 42
736 662
303 529
208 894
273 211
644 425
754 73
437 864
518 390
133 172
67 381
248 389
815 127
429 411
429 802
749 188
16 192
659 44
271 839
844 80
348 237
713 782
518 273
593 795
498 75
206 680
619 362
183 380
272 489
288 669
699 50
204 441
611 843
81 692
170 911
320 331
875 507
730 266
307 896
469 657
805 791
457 524
242 215
760 510
689 337
516 599
212 515
339 253
233 386
857 901
509 803
776 673
610 682
592 97
407 650
582 39
686 109
55 763
249 181
306 20
107 262
107 845
881 69
717 396
66 421
25 708
354 223
27 914
48 232
581 18
357 269
527 106
587 627
416 305
325 153
150 472
556 260
912 93
497 186
777 275
9 166
463 15
670 173
191 577
730 623
74 351
783 269
489 558
80 623
457 565
630 689
6 192
371 526
213 733
542 819
191 726
547 425
898 184
821 176
454 396
606 243
237 73
772 340
573 733
321 222
300 239
869 863
781 738
68 808
404 787
472 230
36 868
627 194
252 630
285 869
422 180
831 758
339 630
375 332
440 205
640 40
74 130
38 100
156 188
575 136
741 709
134 326
780 506
913 520
903 785
412 361
770 125
882 827
588 261
574 880
57 20
27 649
230 344
656 199
826 609
567 483
670 263
704 211
83 142
174 902
637 118
904 257
227 553
839 703
860 283
219 389
329 643
186 710
133 861
905 199
321 469
726 121
800 416
638 207
267 523
92 650
219 306
848 450
295 434
298 594
299 577
637 301
752 371
413 555
71 552
809 908
826 818
848 81
721 229
461 716
58 566
46 414
486 97
68 580
386 52
436 875
551 279
440 825
629 214
519 677
169 190
812 510
206 789
615 625
446 345
321 683
450 347
64 769
480 764
346 152
148 345
646 552
721 60
739 15
238 570
428 390
854 165
281 601
502 131
588 420
541 896
774 122
421 257
296 305
116 665
8 891
528 668
81 302
392 666
545 802
451 121
235 836
218 901
285 97
220 253
854 906
632 154
825 681
796 149
463 395
160 383
197 219
16 601
143 622
348 748
735 607
424 751
533 622
336 625
249 10
78 327
567 182
326 512
912 149
439 372
690 756
900 823
775 837
206 655
615 722
636 320
602 397
201 215
880 236
293 521
901 330
888 818
353 108
631 625
335 52
174 697
377 307
876 376
306 679
54 708
827 657
184 397
477 195
760 289
500 431
468 746
635 444
546 337
711 873
654 555
877 279
788 601
588 846
40 204
279 915
888 453
541 576
889 679
726 19
603 554
503 725
586 820
17 172
881 26
699 511
821 579
496 653
428 311
278 181
206 662
575 61
651 775
853 148
755 353
306 719
413 602
749 611
162 521
238 600
171 154
212 316
544 5
564 806
879 259
286 595
358 908
252 908
200 165
767 697
554 361
493 43
207 108
42 389
717 47
77 648
675 375
317 627
447 499
123 665
804 785
16 599
163 117
490 503
807 373
900 345
630 200
74 864
173 830
212 345
817 846
268 598
584 559
307 383
509 92
741 185
6 449
910 30
653 16
319 735
460 301
567 53
218 43
633 165
577 171
794 339
687 734
317 80
797 123
122 591
840 632
213 368
913 764
842 615
310 332
718 633
438 378
67 493
828 566
100 333
648 369
800 816
466 529
339 575
287 643
790 384
536 735
93 349
478 364
687 717
872 194
799 594
66 626
712 214
894 233
6 185
608 263
865 655
738 607
442 485
369 643
614 599
226 268
687 690
463 73
48 185
727 475
782 727
731 566
327 31
608 502
346 117
593 553
480 143
804 87
700 374
339 657
734 488
343 532
342 263
718 576
536 761
774 251
137 819
445 858
279 903
912 785
622 465
749 311
291 342
329 308
420 430
21 316
256 340
460 710
542 573
743 473
247 195
750 183
582 290
33 390
768 388
636 376
704 798
858 812
760 20
25 554
816 875
564 505
411 443
469 123
654 862
219 754
750 56
558 716
575 662
6 322
27 132
753 244
393 708
12 29
877 642
910 201
834 202
695 231
881 292
844 168
311 51
518 425
539 225
831 808
779 830
686 915
668 52
546 373
105 195
196 337
190 225
567 297
36 813
328 894
898 205
629 362
794 825
721 332
522 250
65 637
134 561
763 73
798 728
470 229
839 835
480 145
533 815
410 480
111 194
900 709
495 355
876 17
101 301
836 731
467 24
268 722
820 423
664 802
749 594
508 387
736 479
326 758
470 423
646 657
535 678
314 560
64 897
554 152
322 102
611 861
306 313
487 897
805 390
307 93
40 341
213 909
387 712
635 743
718 733
137 139
670 152
905 629
329 659
308 529
347 576
48 223
522 176
339 264
450 885
531 657
487 871
701 610
685 744
713 156
726 618
654 503
674 580
16 908
258 28
630 269
151 331
300 903
445 447
376 485
65 808
909 336
730 98
711 68
158 233
517 50
533 607
827 715
368 751
310 710
204 125
208 307
611 517
649 355
617 492
232 740
900 540
198 883
160 251
773 202
107 292
26 397
618 211
495 853
760 186
174 24
102 468
692 73
506 484
605 824
541 232
327 715
419 7
620 184
822 1
781 717
23 595
174 639
377 369
375 266
32 148
858 183
145 558
770 670
220 355
592 754
774 771
298 110
886 359
634 260
241 552
174 750
494 603
620 823
213 647
845 662
44 814
65 333
106 627
431 319
658 273
71 613
490 175
241 394
859 225
701 88
721 39
170 512
83 289
321 510
480 131
212 123
855 121
749 684
614 474
492 513
381 829
661 288
96 526
115 282
543 361
338 740
544 455
48 92
772 419
800 486
838 665
586 46
8 620
291 304
631 391
707 705
500 262
616 441
271 99
321 468
820 697
655 455
15 601
291 870
55 680
848 139
439 521
904 265
777 29
742 759
174 864
229 512
530 319
895 739
604 135
603 483
770 484
293 291
375 532
41 672
541 168
617 20
339 455
33 443
548 177
417 401
56 719
179 875
614 432
165 458
777 657
812 331
353 743
45 798
706 632
543 126
230 282
564 17
855 231
530 225
252 408
430 403
77 216
534 468
831 435
118 58
335 544
191 239
87 247
527 828
59 257
18 833
89 716
220 187
517 737
260 181
96 318
75 850
339 808
619 487
858 821
307 262
879 601
660 725
75 802
59 441
684 665
493 188
81 447
814 315
445 225
66 269
49 483
780 721
362 282
430 431
551 790
769 811
610 36
184 62
478 123
73 154
336 11
887 560
102 132
873 820
504 380
451 151
516 271
633 911
400 599
826 852
510 843
426 910
464 367
64 414
410 295
504 737
442 655
713 473
472 479
633 835
308 589
882 448
94 481
203 273
386 787
60 254
336 484
390 811
92 306
670 322
858 621
792 304
242 532
489 266
34 127
767 755
556 605
170 416
371 746
500 356
542 199
717 541
527 108
693 345
714 254
381 413
642 745
790 758
129 494
385 624
101 244
226 780
120 815
464 540
374 51
685 478
233 75
343 623
533 523
36 482
419 506
342 453
24 565
99 878
499 341
278 547
744 46
69 43
895 836
454 10
426 245
863 250
773 51
614 820
410 141
317 343
444 577
324 50
857 503
270 473
346 761
238 406
572 48
204 290
739 866
542 629
64 724
619 712
429 292
471 603
89 464
895 186
509 491
844 630
451 688
735 246
645 154
762 497
557 499
617 837
393 70
13 661
133 184
343 403
605 342
297 181
405 828
761 51
172 550
66 33
653 780
123 176
413 268
894 266
436 870
711 667
386 302
517 677
124 725
228 192
300 309
637 561
636 575
820 121
107 837
897 269
865 283
701 458
518 256
684 211
447 797
408 185
559 11
626 42
212 828
405 289
439 202
724 684
542 278
86 897
206 554
726 301
375 177
692 373
432 158
27 821
34 875
915 539
40 756
845 870
38 523
313 635
405 837
8 167
438 172
689 506
357 897
687 81
512 349
506 236
142 896
110 715
444 901
267 169
221 242
115 883
633 703
385 846
742 833
873 246
801 751
415 812
142 108
567 813
474 75
438 125
292 418
68 876
372 241
816 850
563 414
704 122
731 97
752 485
456 802
509 40
382 270
203 904
94 244
92 914
423 737
333 250
830 136
409 167
232 798
854 361
675 841
360 253
213 709
16 15
806 188
436 709
570 784
510 871
90 387
830 795
415 106
17 890
372 844
799 744
263 751
893 712
322 530
528 687
215 662
572 479
419 638
530 580
863 624
573 833
150 754
471 334
134 600
584 102
158 153
895 507
159 608
605 101
346 153
882 375
493 865
314 78
423 47
444 733
284 874
374 337
651 778
317 908
14 45
162 394
574 1
91 650
530 765
278 604
317 527
451 549
912 49
440 850
535 714
729 390
649 835
887 898
391 153
696 725
323 324
693 484
474 462
470 488
54 166
644 373
438 220
322 618
43 179
297 652
190 422
423 499
653 908
230 18
696 551
16 745
806 540
274 539
701 469
422 277
884 444
299 545
817 537
527 73
162 389
90 125
535 911
59 320
405 308
212 359
29 88
392 215
284 912
411 24
547 10
323 481
89 486
235 131
271 650
111 540
844 799
811 897
315 43
226 25
299 181
105 384
506 332
216 31
567 793
653 118
239 119
77 643
685 174
372 95
299 649
652 57
90 677
188 819
579 259
804 204
255 728
457 420
404 677
421 705
294 268
317 109
636 773
653 417
45 61
451 217
731 571
382 725
204 482
877 154
459 265
647 135
243 398
669 182
668 744
377 896
235 529
12 446
657 364
859 869
298 107
437 163
55 376
437 813
149 824
900 512
353 290
243 575
83 649
229 37
692 504
472 294
306 814
638 177
833 225
22 868
404 423
353 147
120 642
559 754
193 717
138 247
376 598
729 739
90 659
235 422
867 595
445 179
333 344
865 597
339 31
375 694
800 24
726 537
48 181
79 799
859 176
557 2
56 376
294 391
76 190
22 541
293 577
578 728
448 855
688 313
678 679
112 63
122 712
413 218
460 172
134 96
465 756
813 745
158 657
913 502
126 592
753 247
415 907
610 600
221 356
740 896
115 852
683 595
32 554
392 35
564 185
735 264
567 721
223 899
574 759
453 807
678 892
41 791
120 760
45 146
235 630
393 4
872 710
485 406
438 311
783 481
456 187
515 398
671 758
115 575
314 213
898 270
243 412
423 751
335 2
104 737
81 618
674 254
89 505
469 840
695 233
112 896
904 359
354 418
227 327
320 35
120 27
893 589
790 855
544 732
226 872
65 174
542 328
679 871
434 255
894 17
588 660
126 127
22 549
347 336
611 406
701 505
222 658
27 244
724 507
669 859
653 630
411 119
547 748
786 25
596 394
218 631
551 283
772 527
94 194
294 383
387 254
65 901
781 839
664 511
603 734
33 231
288 361
884 382
748 180
348 902
684 552
103 724
426 389
100 484
544 725
661 656
103 172
694 58
85 727
94 46
83 493
813 530
845 784
209 172
317 835
469 479
174 361
729 758
877 757
441 186
821 519
41 334
853 635
232 106
268 723
320 290
342 499
603 856
146 861
453 623
181 618
410 25
347 798
748 154
651 404
411 795
669 154
281 841
597 149
328 82
747 48
108 380
267 682
694 122
836 151
914 697
238 382
664 262
432 1
904 277
812 646
64 82
651 512
133 237
800 267
287 761
752 20
36 853
199 779
536 395
222 825
701 752
279 63
297 730
764 149
410 46
446 367
400 95
50 121
141 142
514 424
245 891
533 482
147 846
437 502
685 28
742 69
138 289
644 754
377 162
430 148
855 518
513 171
328 506
571 406
1 127
898 487
809 269
439 478
538 782
278 407
596 406
25 676
284 832
372 789
411 655
469 185
106 179
511 422
508 739
753 200
56 537
454 52
383 301
294 248
242 265
405 459
248 619
241 674
33 319
495 613
588 865
457 820
79 862
879 889
541 565
98 725
817 866
56 241
912 347
683 289
803 302
515 902
718 643
368 462
258 101
761 119
791 504
499 62
242 412
689 82
543 139
69 165
363 766
325 75
608 569
770 309
81 735
8 158
248 135
891 875
527 370
801 583
750 105
399 304
831 838
284 748
742 359
118 525
146 688
429 430
140 282
837 652
489 195
265 879
834 365
36 859
492 184
844 37
294 441
855 914
26 337
686 174
755 204
636 199
391 573
353 211
252 728
74 799
280 105
398 529
404 131
194 843
27 825
212 897
526 269
693 515
105 810
551 677
163 892
753 569
827 798
243 855
314 839
96 766
443 41
98 795
635 835
476 619
30 236
840 387
257 802
701 264
291 566
585 475
420 705
310 721
536 61
426 812
421 890
102 52
431 128
544 166
67 530
12 145
33 457
343 890
642 613
720 824
144 483
703 860
538 655
463 598
446 207
208 294
491 515
809 796
419 693
848 481
116 295
759 725
653 48
764 512
233 149
838 657
212 224
106 758
629 111
588 368
81 359
209 270
557 358
235 890
285 672
162 650
329 368
292 332
827 132
278 148
556 139
61 153
615 598
851 577
263 802
120 34
910 491
16 262
531 425
492 737
257 620
607 585
114 376
904 725
65 132
792 881
729 352
434 246
293 798
696 34
164 899
862 452
420 127
96 259
8 858
631 82
579 88
809 481
642 570
32 186
675 54
396 525
272 515
87 28
440 26
79 431
794 223
315 679
813 395
282 830
651 724
448 42
403 633
340 850
102 576
31 835
204 559
261 863
163 486
320 20
571 485
177 200
308 384
476 802
535 398
683 817
811 283
498 73
384 62
485 883
191 501
514 858
549 62
699 52
38 76
21 32
596 578
80 771
199 289
671 751
727 386
141 181
858 151
893 289
397 455
492 817
185 672
661 427
404 15
291 709
478 583
298 412
317 144
637 497
729 80
87 479
864 302
368 259
329 84
501 673
338 61
876 243
425 63
235 565
16 825
342 435
528 325
519 367
354 656
405 532
536 768
339 627
780 187
599 465
638 195
156 633
36 746
842 51
642 180
812 909
461 583
812 305
615 241
232 785
179 11
492 501
287 860
755 265
386 883
852 258
119 73
280 465
230 586
582 64
470 452
164 663
59 712
741 444
409 387
424 768
780 35
536 530
794 447
797 275
237 472
174 464
32 166
370 613
95 389
794 451
408 186
317 448
281 743
548 69
233 171
581 725
400 404
472 598
91 703
50 138
764 453
633 458
852 119
429 226
854 93
267 222
231 737
513 154
343 427
272 163
399 501
900 464
224 785
442 263
867 594
154 580
747 591
733 37
256 28
238 777
331 785
904 301
668 286
192 591
335 579
192 505
460 860
484 751
377 63
675 500
472 239
435 344
572 852
24 290
23 97
118 380
775 690
671 896
234 255
159 523
608 635
770 774
519 897
336 862
872 629
67 208
36 515
87 453
551 138
5 51
38 859
661 881
1 540
222 633
23 754
622 362
637 593
602 110
251 116
770 40
303 902
425 183
685 774
476 509
317 812
603 209
528 693
105 132
280 691
381 890
75 435
205 225
685 204
820 468
321 602
747 287
710 673
588 422
71 402
678 446
96 560
206 399
685 93
413 719
547 4
912 50
14 477
398 828
510 1
538 148
437 457
776 513
317 265
209 384
790 512
907 444
29 181
151 793
379 397
86 499
363 204
20 739
201 843
75 475
366 302
276 823
218 18
281 585
907 269
726 707
531 617
107 740
731 891
56 839
474 184
312 870
447 646
888 47
764 706
836 183
720 176
547 188
12 894
628 629
418 591
606 601
252 616
845 458
94 825
442 441
90 688
120 851
209 819
729 712
770 606
882 388
368 727
424 585
280 497
579 380
82 316
432 787
803 209
353 695
805 899
440 179
22 407
425 161
45 579
687 419
162 898
729 294
68 782
197 851
71 499
91 618
447 829
790 359
721 503
206 660
524 695
786 422
376 778
285 27
801 866
219 737
550 359
291 355
239 153
503 657
175 599
686 344
28 232
534 11
614 875
729 448
178 326
508 705
659 737
291 189
203 783
7 504
544 787
373 627
440 307
805 135
610 377
287 644
390 255
842 502
419 193
746 383
833 754
904 798
523 545
284 654
357 448
470 764
126 441
235 409
454 815
626 468
495 155
757 308
597 391
617 641
637 350
262 15
784 264
306 187
378 23
757 575
169 501
444 301
542 420
489 8
370 855
533 244
257 643
335 421
132 264
208 329
723 167
870 705
444 412
651 540
636 54
48 567
696 899
272 277
27 550
809 127
204 631
249 71
413 388
757 560
687 791
48 902
656 427
34 499
604 862
638 666
588 717
809 821
411 725
28 4
460 403
888 68
27 648
853 164
54 85
160 447
588 151
731 520
260 889
238 98
354 560
208 587
118 194
600 743
86 566
857 82
363 674
309 11
842 211
808 394
536 271
2 10
848 635
298 718
100 374
543 436
603 898
248 484
381 889
750 648
17 4
706 705
257 248
378 902
459 100
905 640
104 341
696 710
498 116
253 246
491 218
385 275
628 553
416 663
517 699
904 70
7 61
582 435
303 763
162 422
308 758
882 681
493 718
385 526
775 391
486 384
272 505
238 746
72 799
288 799
492 880
645 362
241 123
791 856
847 111
261 776
25 791
460 791
120 403
230 423
729 580
464 598
434 15
267 333
845 634
517 724
421 275
586 569
133 212
137 907
542 255
29 621
799 153
486 891
696 715
548 596
34 635
335 677
453 808
790 734
611 367
297 430
354 156
65 290
64 539
449 333
508 864
744 246
398 891
733 737
868 88
351 756
652 682
770 804
780 444
357 2
360 378
476 30
287 156
137 211
437 154
312 50
628 131
750 204
465 779
816 61
228 334
410 361
8 577
845 90
570 4
400 847
370 30
729 230
77 803
212 358
908 725
191 427
429 460
606 97
144 554
97 488
145 330
308 898
365 356
591 849
739 171
747 563
354 618
44 165
489 754
742 50
853 746
438 421
495 235
597 868
129 103
760 875
58 121
792 212
405 345
460 527
281 286
889 625
776 62
155 316
433 32
417 699
678 149
845 667
534 307
741 207
333 18
688 111
653 841
33 318
622 488
769 482
132 165
645 42
336 580
885 662
887 40
446 194
799 560
153 624
495 534
338 388
470 196
346 94
372 822
429 656
572 795
520 785
42 128
679 441
268 151
524 184
640 732
582 420
50 525
659 513
605 274
897 601
271 2
837 441
16 525
132 783
738 766
206 455
353 913
815 577
534 539
854 425
158 63
213 645
434 754
531 108
810 783
85 915
755 468
556 739
278 286
812 629
872 707
506 246
884 371
880 207
55 787
90 727
470 876
605 52
418 862
87 698
582 778
258 202
592 825
208 768
669 322
279 623
853 838
33 416
219 109
714 195
271 559
881 47
303 401
732 246
314 443
121 131
498 633
103 456
429 335
432 253
761 571
291 306
311 565
470 501
886 710
781 890
852 452
690 43
443 779
527 748
753 307
55 144
240 458
760 784
317 330
462 344
218 199
387 139
801 133
450 813
804 761
15 135
492 176
844 93
424 656
686 182
834 71
764 658
874 613
66 678
602 475
160 122
821 384
92 23
383 485
436 880
650 751
724 39
913 880
129 264
764 379
451 605
656 177
36 660
494 49
419 773
151 766
82 364
523 862
796 82
602 128
30 681
117 555
253 501
308 11
326 802
129 370
755 418
707 240
433 391
567 553
893 666
503 743
439 383
551 899
127 710
113 565
717 802
738 425
280 462
116 117
210 709
31 340
581 632
910 550
125 481
858 337
381 386
670 523
37 352
220 481
582 718
904 677
874 802
637 177
360 131
413 391
551 602
480 662
880 745
365 58
222 98
831 113
687 267
599 846
820 198
575 167
530 412
820 896
238 648
611 110
276 624
844 78
317 775
545 57
306 24
249 851
192 176
631 878
822 106
134 66
531 187
555 422
834 89
636 666
527 110
490 899
454 677
409 577
769 802
368 550
178 21
387 374
260 520
747 790
754 482
327 82
132 821
175 627
213 817
117 337
691 414
837 131
450 903
651 721
813 735
326 455
651 606
450 126
809 47
25 403
615 583
762 9
7 761
610 146
141 541
235 462
272 340
788 101
735 355
184 715
294 111
192 201
760 223
133 291
785 745
38 688
900 884
448 444
308 194
310 47
826 700
244 286
298 623
137 555
872 477
670 868
285 174
103 875
35 305
608 733
806 464
551 290
230 52
94 155
64 871
81 527
426 89
79 407
338 601
134 806
339 135
196 260
178 315
212 697
678 163
883 911
241 504
536 760
439 623
812 592
617 530
173 425
45 500
122 435
875 275
70 51
327 526
384 580
661 587
738 9
442 570
3 896
278 172
905 195
524 217
556 290
595 823
449 207
430 91
858 232
325 564
470 242
221 611
459 367
649 307
834 785
376 425
66 880
374 778
6 893
638 199
661 444
110 505
266 766
560 599
336 316
17 205
327 302
905 880
528 544
858 689
582 525
547 573
215 667
328 155
20 561
845 644
827 245
428 163
117 590
501 911
120 29
135 367
855 444
30 532
767 270
685 410
107 828
10 69
164 187
517 595
441 896
100 387
46 195
760 145
722 154
258 318
197 776
53 19
461 198
554 37
55 45
757 602
314 52
461 899
652 666
470 662
410 579
524 95
140 19
31 369
678 697
71 549
661 880
205 627
685 297
735 127
227 145
48 455
157 315
485 553
267 746
586 587
648 519
303 897
915 761
126 591
572 75
405 2
579 286
799 182
711 773
472 642
480 318
551 860
678 300
40 539
276 846
25 23
133 286
228 522
523 650
138 286
907 356
393 417
382 866
678 447
442 447
907 788
349 758
101 783
379 737
763 254
363 268
163 507
213 31
59 845
437 608
277 367
886 248
209 622
209 391
675 276
857 601
696 292
842 271
129 424
476 468
60 622
155 362
293 255
688 46
670 662
321 673
767 843
234 630
437 85
810 632
599 520
611 727
388 452
355 756
313 715
448 359
104 52
728 601
214 740
512 75
568 24
780 105
77 153
790 683
365 611
813 778
443 406
617 807
411 26
351 389
676 211
489 527
55 225
424 586
633 743
777 202
134 116
651 215
854 488
196 376
159 116
414 601
219 124
848 47
495 475
395 441
742 872
545 215
801 130
621 633
470 175
328 724
661 681
64 681
562 511
522 475
799 510
50 628
659 277
471 132
390 211
18 525
826 302
644 745
496 74
6 710
387 791
54 838
848 615
820 715
906 183
36 684
844 331
159 778
256 885
887 248
339 10
536 719
67 581
266 63
470 642
173 418
460 507
56 28
720 873
738 507
21 311
95 336
760 847
160 482
67 41
859 822
415 770
141 563
659 96
736 606
163 538
480 540
882 811
671 718
901 296
527 903
117 734
691 892
433 170
713 712
734 802
897 46
535 610
741 214
153 795
61 418
320 714
686 789
799 825
670 879
196 148
659 724
805 803
365 86
438 820
454 207
371 902
613 47
742 732
563 154
781 367
10 657
343 834
72 852
144 449
382 113
253 173
486 250
812 554
815 846
815 326
428 803
582 755
731 666
570 532
265 406
480 344
63 623
157 907
67 360
907 855
450 45
686 650
306 179
715 725
682 715
166 250
354 561
904 612
796 69
339 201
358 296
688 813
609 187
517 850
750 1
408 462
905 459
279 896
339 182
584 60
70 556
895 798
784 684
111 666
66 845
801 514
762 566
832 885
754 521
815 57
90 611
912 881
400 737
149 639
321 164
534 901
852 50
6 358
156 908
321 574
307 597
876 661
680 558
71 622
533 335
330 875
699 571
792 700
700 368
230 896
395 864
87 302
217 315
609 103
8 221
752 386
298 3
627 860
13 359
528 625
48 550
588 620
531 540
496 70
556 492
762 739
354 737
25 903
470 706
685 232
796 771
451 294
325 635
897 896
454 474
772 609
51 618
391 283
710 302
776 462
793 483
859 105
410 513
340 277
288 243
804 420
109 282
555 573
459 311
774 345
593 515
443 4
562 553
300 464
60 579
86 10
909 682
767 586
272 236
56 73
129 277
40 771
378 118
114 451
614 797
316 176
45 420
528 616
838 341
731 499
549 473
410 888
33 611
234 825
732 577
774 566
459 600
261 641
8 443
788 896
475 180
363 875
445 246
325 612
466 336
242 727
648 598
520 672
144 213
600 590
655 829
38 647
731 427
469 132
509 419
642 847
201 389
572 131
357 59
82 384
670 218
853 602
195 758
692 728
287 132
381 148
143 565
148 897
438 784
493 592
3 808
889 11
208 891
597 511
523 500
742 760
28 379
838 332
569 808
489 275
68 795
346 172
329 300
741 1
862 667
650 15
669 881
44 705
634 33
45 99
29 638
357 849
321 656
33 430
363 867
533 643
436 266
220 148
154 352
75 643
11 665
348 398
257 825
603 873
439 465
114 559
208 414
78 569
354 30
43 705
279 823
526 525
203 451
584 201
503 727
294 274
85 131
74 385
257 743
241 474
534 892
168 283
857 807
557 693
372 464
869 830
709 553
377 80
503 165
178 163
470 877
713 465
812 863
80 316
106 455
113 356
548 634
696 737
300 497
68 320
496 166
780 414
900 778
832 27
660 340
245 506
209 745
741 841
102 555
233 479
571 422
94 619
178 831
77 871
496 133
267 655
463 420
881 550
99 296
751 364
146 416
714 406
292 681
115 47
206 819
642 475
679 705
47 479
486 222
90 735
219 899
788 540
528 807
564 475
129 198
223 35
614 657
600 127
32 903
842 5311
305 805
603 474
732 177
192 383
527 806
257 77
810 550
776 85
602 533
408 207
155 589
483 328
726 829
189 177
255 474
534 72
323 90
309 406
280 9
228 839
562 575
700 304
657 298
586 144
325 460
735 625
441 250
387 553
390 823
753 292
563 205
263 796
602 48
29 399
571 157
311 467
222 154
559 242
423 602
726 538
692 33
819 603
740 366
509 470
751 518
663 261
441 289
216 150
171 821
479 451
501 716
45 223
122 531
429 245
336 748
471 69
256 498
508 253
591 675
575 238
151 189
711 25
209 417
446 470
764 53
674 726
601 785
471 609
772 789
112 526
761 771
612 724
206 328
813 416
118 510
192 33
186 605
758 345
636 548
281 101
568 135
179 656
435 327
111 725
257 46
828 291
404 352
387 488
741 25
241 24
836 665
528 730
546 25
820 506
433 154
367 280
569 360
290 174
751 80
751 527
772 587
664 84
149 686
666 376
741 772
758 226
562 620
835 544
468 514
433 235
803 500
164 795
494 328
362 839
148 167
738 342
705 745
8 188
465 666
816 654
781 660
33 830
553 360
268 131
87 473
408 393
347 65
140 43
224 79
3 781
480 57
758 812
612 732
839 78
146 685
319 698
86 750
14 172
142 474
85 230
571 171
644 291
241 343
124 40
277 625
540 313
462 104
372 603
729 811
764 244
646 541
74 714
570 727
91 815
755 154
403 49
259 340
405 200
165 61
158 176
543 86
438 40
568 545
704 205
196 608
740 746
118 346
564 813
9 822
513 763
753 222
435 667
235 276
220 821
22 393
109 343
298 219
390 182
600 808
765 623
183 659
107 838
623 812
592 678
694 650
340 665
119 231
220 417
281 178
82 632
83 218
593 548
842 732
442 654
842 56
713 715
274 499
438 488
425 481
41 669
133 444
266 137
464 762
837 318
490 517
273 742
271 119
827 654
441 29
521 328
225 155
680 78
652 184
446 154
410 744
530 829
492 688
681 197
611 603
788 822
515 302
227 834
68 442
568 721
614 559
364 839
427 485
183 712
826 732
479 593
149 3
579 425
562 132
601 271
192 734
287 318
623 785
256 473
553 729
148 205
717 147
177 555
741 133
444 267
193 218
414 606
819 186
462 750
641 821
14 525
619 760
19 450
738 684
460 187
220 346
94 162
64 286
524 311
273 212
379 835
433 111
749 342
469 793
589 716
510 490
148 502
4 293
706 222
173 101
764 456
602 31
503 707
623 391
146 9
325 78
511 244
168 38
38 517
101 840
332 350
121 445
447 166
717 719
473 523
425 196
92 669
534 401
604 576
143 329
494 696
99 136
781 807
49 374
269 731
643 721
412 800
641 618
272 147
643 465
241 529
256 791
251 123
756 589
537 478
149 465
86 493
28 267
730 32
195 778
8 743
677 178
456 522
589 272
455 708
611 178
295 133
575 599
338 466
443 748
607 57
674 14
305 174
726 402
658 801
119 603
283 153
791 592
729 628
842 460
464 267
105 284
156 630
252 333
579 729
36 441
51 433
59 776
6 716
207 526
341 387
822 489
337 689
47 634
709 259
438 573
358 260
83 417
17 390
806 509
403 625
188 489
260 814
634 322
427 33
731 286
549 315
532 658
607 190
202 726
574 315
372 535
524 436
763 468
84 691
439 449
391 748
611 735
208 704
281 142
11 21
196 578
603 2
563 610
570 185
585 57
113 818
700 82
645 228
404 76
81 841
579 45
275 93
639 79
288 780
765 478
387 656
457 139
475 548
608 678
55 44
706 3
372 180
595 784
278 205
308 646
343 836
660 236
435 764
437 814
310 662
422 124
735 121
445 522
523 547
392 63
454 800
253 695
74 641
195 455
669 489
339 837
659 689
425 57
544 417
818 77
188 492
819 476
446 766
309 22
515 55
755 785
702 776
21 520
336 828
260 141
191 266
523 769
306 621
177 375
569 597
418 718
163 804
365 85
761 129
186 399
478 538
173 56
484 232
835 640
655 515
51 506
706 514
412 63
72 234
147 280
112 121
242 86
630 199
426 289
411 127
484 797
338 8
653 383
294 472
487 226
107 784
110 145
664 29
494 48
389 460
409 255
391 472
176 66
13 795
10 538
566 132
655 541
680 125
348 795
211 71
132 789
737 289
109 299
336 205
836 517
28 677
838 772
30 321
324 489
750 80
551 538
805 811
257 666
166 799
4 482
10 88
581 783
390 98
282 80
470 267
513 633
116 210
202 54
683 307
496 522
482 774
191 423
502 333
566 236
72 352
697 294
473 633
790 270
676 549
336 736
301 154
484 440
191 564
636 730
355 749
657 443
667 206
572 767
131 345
756 569
497 108
248 753
138 397
528 424
401 424
213 744
329 797
447 276
446 218
58 683
250 489
518 429
352 68
803 672
337 718
119 525
580 33
283 419
383 840
325 745
415 678
62 786
100 57
347 629
757 758
586 814
421 523
210 740
464 695
798 438
484 698
268 639
143 733
125 696
588 48
59 265
138 688
613 8
481 95
797 614
106 383
448 768
484 579
712 343
380 752
165 415
531 591
770 318
717 613
702 829
666 39
322 399
541 834
312 783
671 226
729 111
446 48
747 253
54 703
37 419
242 832
464 202
390 296
808 549
644 584
568 229
767 246
325 376
163 21
330 117
574 586
59 523
580 789
287 477
484 479
368 492
157 154
231 183
783 177
363 7
456 675
753 691
737 790
22 589
424 302
519 204
100 68
781 432
488 546
68 762
235 193
143 778
570 657
195 359
611 487
757 76
28 328
115 426
134 328
499 410
191 651
527 374
175 589
623 506
508 171
756 106
766 401
613 344
575 529
669 470
191 333
801 77
52 5
289 477
753 731
773 99
422 147
812 450
706 6
686 607
191 7
727 522
581 651
530 344
524 336
491 195
54 261
759 439
94 299
827 584
368 127
499 716
264 156
374 43
753 31
36 500
355 85
658 52
532 48
552 814
578 150
421 613
7 187
770 672
502 730
122 35
638 456
250 521
622 136
419 795
676 698
36 759
255 461
129 809
810 282
576 393
762 582
262 15
755 364
102 133
11 269
394 159
495 725
714 267
770 489
718 467
773 401
738 405
351 729
8 533
315 627
279 617
29 630
157 545
357 276
319 541
782 783
753 471
49 436
275 481
116 144
524 834
374 34
67 332
66 732
711 602
453 761
70 811
430 375
806 127
673 648
290 803
216 458
153 192
278 530
561 150
620 739
726 381
435 487
527 819
413 292
324 308
453 744
699 349
149 205
226 659
406 472
524 539
134 132
132 655
84 671
812 48
468 129
621 498
149 669
382 412
771 498
4 483
668 736
557 830
834 69
376 288
448 674
712 815
124 504
539 777
589 162
591 89
276 789
595 327
43 2
81 459
145 472
122 328
564 238
831 604
597 259
68 727
706 630
750 399
394 233
308 723
109 659
213 819
226 571
188 659
7 169
544 65
745 313
69 490
414 181
423 131
112 520
15 182
385 772
777 631
500 490
134 633
532 268
212 617
653 317
140 267
530 306
558 326
767 163
132 784
632 715
749 34
398 154
741 580
408 168
325 537
245 661
301 227
232 33
177 608
658 398
273 609
290 321
779 243
543 164
511 187
444 394
777 299
649 286
170 308
685 712
706 386
597 806
339 727
211 650
798 742
389 672
695 783
570 463
453 585
292 188
672 95
422 477
388 648
74 99
283 492
263 647
395 772
718 622
180 746
605 236
271 136
113 76
609 839
133 732
781 603
615 584
394 132
634 825
458 239
251 218
142 554
824 114
532 291
271 313
367 748
661 174
585 48
700 841
120 708
468 841
486 344
406 792
110 532
476 684
519 354
78 54
613 94
438 610
545 470
637 285
213 320
412 272
722 507
397 452
53 610
60 671
735 721
263 284
225 136
720 247
280 461
210 657
579 517
671 180
30 665
158 466
373 787
50 469
532 187
825 183
609 226
681 234
682 293
556 116
594 451
151 639
153 68
542 750
135 379
448 83
301 527
195 20
505 601
288 71
122 478
380 437
491 23
510 202
511 216
367 327
539 542
58 512
581 639
446 231
3 59
281 779
801 287
603 32
542 123
505 214
693 791
246 261
312 828
222 451
626 722
67 322
531 539
31 763
361 688
11 688
697 679
606 357
310 220
331 377
252 384
191 262
357 95
468 633
668 683
140 571
416 20
17 42
620 489
608 243
115 448
775 147
444 482
154 830
425 396
726 701
269 457
18 254
127 160
3 70
286 136
648 814
727 605
563 719
272 790
290 346
526 787
672 814
801 272
362 371
344 794
558 99
168 541
260 163
100 21
597 817
545 480
619 153
340 145
155 290
158 512
642 496
219 250
827 507
168 684
5 38
650 173
10 179
286 822
837 793
345 512
1 147
842 283
614 220
644 533
494 468
666 109
189 655
83 350
85 590
447 340
805 807
803 707
421 586
343 371
53 790
411 588
149 599
737 250
204 678
206 205
262 291
427 183
672 203
173 535
66 673
106 417
142 686
70 187
660 665
290 814
807 136
310 608
331 230
793 23
595 360
178 39
207 118
207 29
174 101
722 474
107 521
149 831
71 551
735 442
455 183
679 804
96 683
518 589
64 170
172 203
392 188
283 456
835 679
567 255
670 796
144 487
471 473
623 716
387 438
59 663
83 359
191 761
727 136
586 453
290 564
404 613
704 672
184 173
21 651
262 455
467 485
672 194
148 29
783 246
297 499
273 599
184 284
663 75
735 359
758 282
46 679
364 790
653 678
429 209
487 763
268 209
131 442
508 71
825 98
274 168
420 276
60 439
389 137
598 290
813 57
158 672
820 163
94 12
568 369
34 744
589 708
290 606
347 172
72 499
293 184
387 447
228 684
842 345
600 503
441 141
349 451
198 410
452 481
631 748
839 648
149 463
206 223
427 702
358 217
47 171
598 91
142 567
674 126
4 599
568 591
825 583
18 71
347 330
811 628
531 446
777 676
193 461
614 123
360 701
502 746
428 521
562 48
768 801
677 297
429 281
680 24
554 363
55 383
520 108
299 169
407 72
429 91
747 224
123 647
572 812
378 462
507 548
741 312
626 73
647 424
26 364
53 636
634 690
373 398
636 146
710 775
273 309
456 641
74 80
641 55
721 606
534 457
151 777
369 644
744 350
211 153
250 369
629 266
605 30
734 370
642 731
185 412
573 219
810 767
226 624
795 794
90 86
634 475
258 825
589 242
692 130
603 178
271 342
435 590
183 521
610 791
476 98
421 404
572 228
464 239
145 120
100 725
708 2
581 187
325 765
414 141
508 248
571 672
330 645
753 77
719 87
719 642
408 700
705 186
221 314
467 55
138 243
50 81
662 219
747 148
306 624
208 658
716 644
271 360
310 104
679 746
149 619
221 610
42 66
140 482
735 695
286 716
430 561
253 82
435 115
402 699
459 841
116 222
462 454
374 100
359 805
214 40
342 93
531 269
185 203
293 695
735 544
96 258
386 145
596 816
487 601
680 816
817 294
208 246
90 759
257 447
128 13
191 649
717 784
519 825
439 579
45 583
815 840
836 469
620 42
70 698
750 375
626 458
310 99
60 17
631 127
482 434
779 424
616 479
377 344
402 370
107 499
25 80
34 353
14 582
643 447
753 536
610 121
76 177
759 801
717 205
236 33
390 529
58 450
798 359
425 472
195 206
103 489
620 661
141 321
458 787
606 625
556 802
534 301
311 49
46 27
733 194
581 369
392 95
564 672
461 247
710 276
395 250
303 617
164 171
273 551
56 44
476 442
96 67
494 665
704 759
724 400
317 838
763 736
283 346
34 286
86 791
107 126
775 309
736 622
681 703
526 718
439 343
59 621
87 756
443 327
611 419
773 639
84 489
210 312
265 836
714 61
695 77
643 123
94 198
97 610
385 693
351 829
133 394
465 585
651 702
357 587
86 588
53 699
799 760
128 551
643 309
742 340
661 86
475 522
386 822
166 791
82 210
27 639
249 707
179 318
456 558
53 724
645 327
347 628
439 234
116 21
839 576
559 94
570 74
103 313
685 286
200 445
569 396
581 385
609 459
259 218
92 808
390 453
794 625
589 550
338 28
229 759
237 664
606 547
667 533
645 658
347 490
633 391
394 640
355 319
483 288
278 158
838 312
506 800
234 346
192 79
166 215
130 667
185 297
114 449
819 547
339 326
468 696
225 487
255 528
842 748
348 8
259 808
206 515
5 399
284 800
122 839
628 25
691 45
124 492
14 680
307 350
435 840
476 754
19 722
21 15
115 789
403 550
184 33
758 630
500 181
444 650
526 665
601 147
357 370
582 416
747 822
641 402
562 578
74 309
552 776
38 472
591 146
499 167
226 559
741 88
207 46
706 302
338 203
545 417
746 169
530 439
418 318
175 749
807 410
756 450
262 448
447 475
537 505
671 812
728 750
531 556
464 816
531 55
366 628
441 419
367 655
595 126
92 139
337 274
194 701
135 200
379 302
507 792
788 834
219 786
146 78
534 448
408 526
705 264
464 32
299 628
191 546
508 509
160 478
288 259
656 204
824 411
755 296
21 121
739 549
831 71
347 219
84 373
83 644
412 247
230 246
839 7
824 239
437 799
1 822
591 839
153 564
172 823
501 76
324 447
157 250
527 495
486 37
286 276
455 64
431 267
612 197
833 272
661 539
697 361
438 315
17 707
736 522
310 70
402 223
461 698
369 784
80 120
423 232
8 58
616 274
429 438
102 553
306 174
51 252
293 169
694 813
787 743
241 576
374 38
428 573
338 189
507 353
339 475
456 536
52 101
732 474
36 180
446 461
735 522
721 169
649 461
425 800
209 454
816 618
606 129
348 322
259 665
89 438
513 400
16 200
317 152
435 837
294 121
723 451
263 470
63 249
191 451
192 28
415 298
309 750
482 679
240 171
243 477
192 782
616 785
550 25
92 340
221 120
258 559
387 199
248 217
544 669
502 725
211 629
837 745
13 332
414 186
288 821
381 744
661 534
238 644
719 158
222 578
777 630
613 781
190 413
529 721
64 785
339 815
448 523
216 365
297 364
235 469
590 162
311 820
124 51
295 319
371 744
148 239
582 381
507 504
611 372
552 288
256 338
106 172
115 184
560 795
689 823
357 512
49 343
620 138
547 698
197 87
287 800
651 754
329 492
752 161
23 625
475 137
802 393
405 736
407 17
597 662
835 714
505 179
467 839
508 515
380 328
842 239
107 648
607 557
257 358
59 11
471 235
539 29
619 467
431 465
107 176
566 451
235 458
309 591
271 312
367 114
543 54
752 198
421 294
142 87
407 818
320 181
688 546
812 156
839 536
728 633
584 478
54 584
1 39
241 301
765 529
668 211
348 94
304 838
446 641
747 452
535 25
273 746
643 503
128 275
440 752
481 136
118 32
460 549
46 683
468 480
762 350
229 26
82 573
712 497
749 361
271 805
290 571
679 55
537 380
787 40
443 762
26 270
362 786
320 442
778 785
46 510
623 544
838 417
513 529
788 96
221 739
792 481
42 654
149 426
457 220
298 353
392 796
581 449
47 814
122 294
801 286
704 807
380 120
241 659
258 92
631 744
557 35
596 2
724 63
778 550
408 189
116 327
335 815
488 457
153 251
295 764
832 291
760 629
374 446
447 476
713 675
731 308
309 16
568 466
420 178
681 95
441 710
61 757
611 673
718 259
340 105
468 166
624 473
271 270
20 608
352 252
79 780
461 321
629 95
528 159
503 305
620 557
696 646
824 443
407 721
606 23
591 294
17 81
497 610
259 351
577 200
216 280
407 207
14 650
94 236
709 278
298 224
777 610
543 822
200 580
535 691
311 222
258 454
494 671
98 818
140 569
745 77
245 299
195 798
737 693
695 291
415 202
420 748
681 670
203 315
719 114
774 182
333 478
192 579
616 528
7 744
371 307
101 302
72 131
311 305
591 52
3 567
298 774
406 111
100 398
155 486
447 187
124 783
400 399
127 57
662 796
717 596
44 136
620 539
543 398
831 1
192 829
355 239
671 710
231 384
170 1
357 477
641 535
307 80
734 297
256 786
738 682
183 463
408 494
104 120
390 23
601 763
412 32
103 604
798 591
159 478
342 618
751 590
40 655
361 705
555 80
277 537
704 288
812 577
337 457
110 652
192 158
677 715
820 782
107 822
623 385
682 536
311 270
835 55
294 773
26 721
229 791
620 86
304 29
565 517
645 168
271 397
401 746
386 681
332 224
741 806
595 167
761 88
842 357
176 55
103 452
287 182
605 343
715 699
102 399
633 181
294 172
738 677
226 750
337 433
732 393
372 449
368 686
195 98
434 108
514 137
1 695
255 388
211 687
205 675
701 725
740 475
542 715
282 136
283 369
60 288
620 62
712 167
253 675
390 55
332 183
574 70
650 552
8 99
135 32
600 50
411 110
708 648
379 696
693 129
805 274
808 522
408 574
348 776
386 672
114 541
244 262
464 431
409 751
302 500
113 511
768 802
589 173
348 626
772 679
519 512
612 422
461 760
189 467
745 565
501 156
330 202
531 263
308 841
325 755
758 628
660 231
151 55
335 328
794 621
524 732
597 557
391 745
465 470
72 739
823 63
195 399
511 228
497 701
573 106
723 836
1 400
209 212
510 622
174 12
449 168
237 91
529 598
624 762
531 150
115 599
128 233
457 56
600 510
38 400
577 212
83 787
260 401
27 183
553 546
748 654
413 371
694 187
767 128
237 580
271 85
790 69
138 39
481 360
591 829
742 728
670 734
692 453
801 541
16 307
346 204
737 501
273 418
370 270
151 193
227 22
652 480
836 786
764 471
322 318
603 492
714 748
381 470
660 650
130 621
458 302
441 494
594 220
539 62
170 582
777 466
649 289
83 490
671 96
709 189
124 627
711 201
416 353
130 73
322 384
280 400
827 599
502 741
13 678
542 227
599 523
229 633
26 441
317 375
602 636
365 414
739 401
560 621
395 43
245 366
272 265
733 695
717 452
151 385
612 750
638 840
703 204
176 673
620 246
596 779
433 652
452 693
611 332
676 639
381 495
709 571
446 249
257 20
810 2
663 676
243 498
6 434
64 85
28 75
194 178
375 316
13 793
396 44
127 399
382 157
394 284
310 19
257 389
509 282
735 173
575 216
698 725
152 791
282 391
526 564
244 528
819 340
340 814
269 192
131 134
824 425
113 616
165 391
579 430
77 141
209 37
595 816
778 838
818 795
820 587
764 310
568 217
52 42
787 57
57 417
827 222
488 557
97 842
352 62
388 20
465 369
230 750
798 731
609 410
455 571
495 766
422 298
283 177
225 836
523 672
764 175
136 296
216 162
452 707
153 805
751 484
53 561
770 293
114 266
361 496
663 103
169 44
333 139
530 42
813 129
281 272
264 376
727 784
232 290
527 217
539 458
842 659
794 533
438 773
94 86
314 799
594 127
631 302
143 205
651 436
455 690
300 363
685 393
448 553
68 258
161 235
732 825
514 517
199 194
165 382
611 217
124 98
482 799
356 804
657 33
768 743
587 285
767 684
405 79
553 80
292 12
4 433
258 108
421 827
578 655
814 137
320 360
356 638
301 736
788 812
17 743
579 606
817 255
232 297
268 786
105 624
216 88
660 730
627 160
37 417
115 500
595 395
596 507
742 366
229 68
102 722
499 771
433 489
803 246
496 214
623 323
111 693
811 675
731 77
774 126
353 178
113 643
228 631
484 473
580 555
674 34
361 402
374 735
398 354
94 294
611 408
221 550
476 500
192 239
673 695
157 478
546 104
527 190
18 818
768 210
806 446
329 10
665 590
388 662
353 583
317 569
391 342
246 750
839 239
833 39
678 137
322 684
685 683
334 806
824 434
831 275
175 726
373 450
709 557
746 313
425 377
819 728
10 359
572 286
714 270
274 722
764 64
313 469
134 78
195 481
525 342
804 326
418 521
715 357
382 483
89 831
700 407
518 106
386 43
90 677
140 742
673 584
818 342
431 743
677 731
455 693
201 435
174 715
673 576
303 504
519 393
315 224
812 815
390 71
374 88
532 586
51 103
108 583
586 550
348 288
729 393
190 79
629 9
591 838
647 101
335 50
372 102
642 40
283 392
301 530
389 256
303 837
456 25
185 573
186 238
738 403
260 51
299 199
374 177
801 369
803 648
733 236
409 523
111 808
535 495
403 22
260 706
649 274
46 287
64 392
596 68
329 402
178 384
788 163
476 624
402 367
448 509
739 42
465 127
581 270
781 305
765 135
72 786
823 321
626 63
238 276
827 329
149 301
387 110
297 679
209 114
462 348
290 286
319 648
31 551
433 284
568 305
338 190
672 639
629 328
41 215
683 672
88 129
227 41
47 106
227 416
653 403
394 279
13 105
117 326
97 751
336 307
164 235
493 203
241 306
371 489
664 839
600 732
248 348
283 786
662 470
565 322
513 177
640 551
825 647
436 394
695 238
531 83
259 499
781 129
100 441
686 841
525 587
193 734
747 614
108 693
304 746
93 498
144 184
454 551
135 749
541 618
529 270
726 686
216 825
311 108
380 591
88 261
653 107
591 275
368 409
404 815
423 8
356 125
709 398
466 749
248 244
573 161
588 77
510 297
818 546
441 294
663 727
226 577
433 628
423 548
256 601
706 589
479 412
88 610
710 726
754 141
788 177
584 267
58 25
353 521
756 621
609 482
171 266
330 670
652 577
27 699
484 211
302 318
285 286
196 239
362 755
842 697
804 430
535 276
587 489
331 474
386 342
44 785
279 98
537 309
559 772
161 246
338 388
335 833
731 227
605 592
26 596
736 673
1 181
720 811
277 32
264 662
688 547
581 455
563 68
504 451
103 793
324 13
70 84
464 108
143 381
785 676
813 809
262 366
797 602
759 129
564 790
128 161
748 463
548 316
788 184
457 226
259 481
78 167
444 789
485 111
602 715
642 630
709 659
74 535
697 565
760 104
131 59
813 406
190 396
483 386
449 459
263 320
709 69
340 99
652 434
15 291
487 806
408 412
112 194
155 513
611 341
835 250
613 655
210 691
92 167
617 79
392 630
564 69
736 384
486 337
614 686
435 11
53 504
255 193
717 22
755 159
630 793
558 261
201 291
763 212
319 307
506 707
140 678
641 516
508 493
330 533
93 23
519 164
688 490
404 19
100 322
426 439
534 151
497 319
842 477
512 791
430 822
737 193
589 727
219 20
165 523
404 386
596 308
635 684
806 665
155 633
764 776
581 718
88 654
714 718
414 752
471 442
113 205
21 204
209 455
614 688
392 772
566 99
812 452
448 640
68 678
549 43
200 33
524 505
456 139
19 337
517 434
684 275
5 147
197 187
229 494
102 375
176 343
700 726
213 139
620 701
620 730
252 551
755 277
531 209
77 769
260 487
337 9
45 344
664 427
781 739
585 597
268 172
36 795
100 670
40 222
598 774
242 169
339 75
833 745
64 196
616 529
300 298
828 523
838 400
507 640
509 177
609 99
537 510
739 707
519 314
168 750
530 512
335 446
320 312
116 23
429 837
376 687
329 489
162 397
271 541
660 41
92 206
441 139
22 523
757 145
206 66
647 808
363 418
341 788
34 179
803 547
626 194
435 117
425 297
667 806
245 350
615 371
448 11
11 193
583 63
234 410
569 98
715 463
240 280
681 646
440 170
756 315
833 738
493 463
670 416
14 132
585 513
787 132
443 275
131 488
156 173
334 602
758 519
542 37
283 165
301 830
208 199
213 576
823 809
509 496
487 719
438 723
241 703
42 342
226 636
631 10
425 559
433 577
158 445
839 57
87 692
642 781
113 579
440 194
385 284
277 363
206 259
298 32
216 430
562 670
119 152
713 822
446 525
802 538
216 425
17 19
398 127
754 546
700 189
645 626
480 472
44 313
523 99
706 641
357 782
638 810
89 206
586 820
72 327
436 293
755 663
168 16
314 83
125 630
650 98
64 65
148 424
411 97
466 707
604 823
532 650
272 451
596 280
644 145
619 634
772 750
337 561
113 99
742 599
429 637
31 729
359 139
568 395
492 470
682 745
747 475
493 630
183 628
96 699
705 707
286 321
634 148
444 395
163 111
564 193
840 779
842 640
167 647
553 490
664 558
754 605
75 497
296 93
281 186
740 536
373 396
663 374
801 756
838 808
72 46
456 643
471 813
826 187
718 272
645 80
386 71
350 291
554 227
669 287
617 214
643 722
619 246
319 593
837 398
615 261
382 735
92 366
15 451
755 320
175 753
595 180
248 795
382 474
102 275
613 510
124 831
73 111
291 160
737 557
440 667
458 6
41 118
519 455
100 333
485 181
12 523
634 89
35 528
10 235
329 760
77 23
682 265
85 821
269 730
614 708
524 668
228 233
615 495
690 377
654 371
13 89
567 726
751 31
130 618
1 261
335 348
422 313
520 648
761 590
595 515
10 378
727 475
484 472
363 787
382 710
553 314
762 282
22 535
645 677
574 343
649 674
173 729
41 173
770 424
505 249
105 412
608 480
660 263
831 509
737 550
609 361
41 127
272 292
737 15
834 420
709 584
517 276
308 515
277 745
17 46
591 478
75 101
723 27
310 152
357 823
817 746
686 701
325 827
382 536
299 289
31 89
223 106
244 816
402 224
457 351
599 549
504 481
605 410
109 292
524 496
390 194
479 763
298 117
649 683
518 231
542 400
321 316
47 73
827 144
614 820
17 110
256 385
274 39
665 432
765 591
667 468
73 675
438 164
215 522
656 8
412 713
414 296
802 204
475 266
827 209
96 69
277 581
255 326
578 463
372 623
653 543
728 85
231 841
768 737
100 605
324 839
328 56
201 270
292 6
419 662
721 583
240 814
205 506
758 177
114 304
409 230
659 223
229 819
174 475
603 679
739 697
309 304
317 761
574 697
371 549
207 21
206 541
501 659
615 308
563 383
29 252
251 513
674 243
513 204
643 159
473 498
690 808
90 8
147 354
485 360
255 659
298 15
562 701
709 117
712 679
236 730
507 159
260 832
435 724
511 10
494 395
253 294
761 752
355 652
155 315
835 118
711 294
52 136
72 213
571 550
564 559
668 141
168 243
518 706
116 134
392 732
281 674
619 655
545 683
303 655
589 630
501 75
536 541
520 418
60 363
71 54
415 302
833 45
742 33
409 723
340 203
32 780
659 162
225 689
55 769
738 303
292 57
429 596
59 669
235 785
83 683
13 181
138 607
687 367
747 522
622 490
181 224
483 587
277 599
60 73
596 702
153 12
762 95
410 485
760 54
471 204
328 525
440 608
738 196
114 673
24 212
649 589
444 351
201 238
47 290
225 229
767 83
378 314
398 839
175 37
664 484
6 318
225 104
351 813
248 183
708 472
104 145
657 240
162 635
142 328
609 194
186 367
14 445
332 385
423 399
408 295
317 307
10 297
808 2
46 473
247 637
693 477
569 812
569 743
788 522
115 154
204 318
421 256
59 799
116 101
557 713
257 207
229 616
305 815
530 343
482 168
107 682
491 369
382 480
572 784
757 630
596 49
37 822
102 70
559 522
429 134
319 659
323 297
641 550
161 521
143 649
274 296
679 790
663 397
131 778
704 567
338 631
458 287
448 475
488 749
178 204
433 92
574 679
399 318
572 412
391 701
612 571
404 480
613 793
64 336
83 236
229 117
564 243
314 344
412 557
416 99
829 445
1 766
76 803
405 533
403 168
48 33
714 587
371 169
135 527
616 599
411 495
638 169
146 322
269 314
182 558
273 258
764 701
757 255
560 235
575 290
301 436
467 385
195 601
748 790
90 47
202 188
454 137
358 394
347 436
366 400
773 176
645 651
171 840
634 692
353 592
60 346
670 200
709 472
651 6
616 657
109 402
835 28
554 289
827 133
183 492
793 789
279 71
154 217
637 550
553 746
568 253
90 788
144 287
53 822
681 117
372 167
153 38
616 137
82 495
448 267
525 327
657 12
142 39
74 768
387 768
537 598
739 526
98 199
100 285
48 744
387 166
379 632
362 173
841 771
690 716
736 123
309 200
663 506
574 145
675 30
299 302
213 327
563 160
213 300
603 252
636 541
235 326
680 644
643 280
677 366
130 166
334 7
558 30
653 74
599 829
357 434
140 470
52 29
595 176
146 605
823 693
455 639
422 758
498 533
707 561
173 458
484 510
157 560
450 231
158 204
343 293
273 614
92 702
826 378
420 101
122 579
68 792
479 463
407 162
192 204
835 232
570 740
626 214
766 127
769 39
128 169
806 108
520 69
153 296
422 695
632 564
84 625
778 328
64 296
653 162
82 645
549 793
568 337
271 734
196 401
460 242
613 217
143 29
631 475
335 679
671 770
324 50
801 733
728 30
398 637
312 276
534 579
668 92
44 238
622 117
82 642
690 239
692 52
363 406
440 108
381 406
663 32
153 829
260 355
575 345
742 108
301 415
564 433
86 512
53 180
454 242
718 528
38 509
721 807
574 131
577 109
554 573
543 265
149 152
603 583
134 840
425 544
316 478
346 665
684 538
19 544
39 342
637 635
775 151
814 477
742 659
130 836
531 721
587 350
448 474
690 178
167 536
594 772
464 142
225 367
839 708
334 810
379 103
639 217
444 498
749 322
454 286
534 384
540 350
557 492
216 160
546 809
827 391
68 114
747 770
52 212
147 377
803 635
464 350
591 326
715 250
631 538
203 159
9 754
156 186
782 354
431 368
732 782
245 604
722 375
196 644
311 112
828 350
477 360
376 126
303 672
689 331
484 81
49 33
567 756
159 635
109 7
109 594
306 657
494 14
168 625
4 450
163 469
687 656
66 218
541 470
16 496
162 371
552 194
56 807
188 707
391 275
392 814
819 803
821 16
380 224
18 287
788 274
681 184
437 359
664 469
563 378
459 774
325 424
97 575
228 444
502 442
444 360
797 47
74 518
697 582
90 688
538 63
276 522
833 339
228 246
483 70
85 587
256 789
280 836
788 15
649 821
256 129
330 136
832 106
461 515
770 544
524 205
102 412
359 7
531 718
70 190
649 834
164 302
772 121
704 4
8 689
834 302
697 312
602 249
448 650
625 243
76 603
644 648
773 134
519 475
832 307
65 750
357 78
620 434
531 101
70 293
91 652
37 214
274 648
222 551
704 679
65 194
321 120
653 343
450 547
786 729
604 701
346 733
737 174
830 561
758 83
692 597
619 692
513 760
382 662
372 745
406 490
787 321
107 610
457 12
682 482
242 727
631 5
649 654
447 290
228 467
155 133
419 808
413 713
527 254
341 343
566 303
253 53
642 449
355 312
165 25
142 490
494 687
753 683
575 706
27 485
100 546
21 677
122 418
103 136
107 498
659 565
110 732
453 676
37 223
771 707
385 396
426 743
704 750
499 327
82 795
153 672
395 15
329 505
215 419
500 635
754 233
58 490
222 275
96 606
692 396
614 602
73 424
299 550
746 610
310 547
140 756
161 22
165 315
309 205
747 745
812 198
392 649
600 163
763 561
767 25
192 703
519 457
443 672
529 731
265 417
620 416
340 725
72 480
527 6
185 199
311 84
739 831
344 517
151 64
688 182
119 474
724 472
211 352
570 782
435 597
81 397
469 621
179 766
91 189
142 381
330 165
497 691
41 814
278 758
305 646
246 396
743 561
393 470
102 813
323 350
237 470
363 352
427 344
91 657
534 631
374 444
431 574
422 487
503 9
299 93
501 259
196 170
175 197
571 820
265 377
384 463
572 16
348 509
442 114
228 718
317 192
747 218
505 667
641 745
713 804
717 457
113 16
824 148
710 105
44 296
262 371
427 7
229 586
819 614
792 500
345 69
398 249
516 369
664 723
122 386
202 223
813 816
211 726
550 469
804 477
125 420
714 54
254 327
453 637
146 129
789 243
404 538
404 87
522 43
134 285
616 812
562 197
322 478
196 145
695 233
71 516
134 8
149 842
316 635
408 460
690 555
358 112
787 177
17 690
382 122
231 108
259 822
26 56
741 561
503 769
542 247
617 111
765 470
378 840
197 500
414 778
215 544
351 803
645 65
386 69
714 763
616 207
617 199
389 5
213 634
271 633
787 784
745 6
402 270
439 456
131 811
225 527
633 506
134 276
525 807
68 67
213 747
428 16
402 523
19 491
352 540
797 839
690 546
307 698
571 691
6 555
717 774
828 194
738 397
297 286
524 715
501 427
764 653
254 378
501 95
511 465
123 540
489 121
714 169
589 141
625 498
183 830
115 211
294 637
437 497
816 222
427 130
319 485
232 405
798 616
473 267
503 809
192 458
387 745
737 551
442 810
353 477
619 781
335 591
176 647
673 95
482 517
15 589
90 636
511 499
110 104
389 280
483 629
544 145
301 113
536 246
767 413
455 156
290 545
805 22
73 549
681 24
717 831
663 152
738 517
352 55
74 804
248 798
153 739
491 158
712 204
472 625
339 659
382 802
642 523
113 148
403 5
774 451
631 78
721 259
500 169
266 250
412 314
527 622
680 111
535 644
128 93
60 831
612 508
244 182
694 424
339 679
268 345
218 744
662 521
826 446
191 206
426 826
633 746
634 176
281 392
7 669
72 19
599 327
433 804
585 167
269 65
586 645
181 239
831 605
520 129
109 353
426 717
686 126
427 668
46 141
726 78
675 639
361 400
4 195
269 734
308 339
491 671
32 267
221 505
149 652
611 740
685 736
346 86
101 350
122 760
799 454
504 360
151 342
767 98
108 384
733 350
552 726
716 199
694 774
47 681
467 218
74 320
819 156
570 422
37 29
457 172
250 748
132 234
479 614
354 326
687 632
386 457
467 669
504 401
213 385
255 454
414 215
677 77
236 499
41 25
827 560
180 202
115 706
826 190
60 65
347 644
47 782
527 16
340 622
228 220
400 6
382 481
818 622
3 163
271 622
317 20
427 831
123 69
446 840
623 125
572 91
511 281
632 107
711 249
116 753
534 42
368 14
176 684
47 108
89 478
532 728
789 470
429 746
720 67
41 67
605 730
685 357
775 178
134 62
245 841
29 780
302 154
310 468
726 565
70 525
487 369
308 434
175 298
609 75
221 346
22 736
115 373
802 423
209 595
211 220
448 250
709 240
86 822
336 328
626 91
396 647
717 112
59 272
629 809
815 743
227 582
138 474
191 596
526 276
655 782
547 689
822 639
126 344
403 280
205 599
4 201
560 682
335 244
615 347
446 610
433 385
15 28
219 583
735 493
347 548
19 158
496 495
355 366
388 98
135 758
686 514
407 839
123 29
468 233
641 789
408 592
643 748
805 640
147 326
476 400
66 646
612 207
128 830
759 104
395 490
260 92
34 291
288 618
458 381
100 773
408 543
758 606
335 76
280 76
176 715
283 673
818 419
801 505
17 615
550 673
148 158
769 451
794 648
432 331
709 381
691 406
448 590
88 65
363 708
473 470
454 16
717 256
19 533
714 345
476 773
612 103
405 495
388 105
579 291
709 518
624 669
657 107
804 187
381 299
842 783
439 805
166 503
332 318
171 622
824 306
539 84
46 169
356 436
140 150
505 572
90 143
273 613
290 774
411 321
20 182
4 40
584 489
613 81
306 489
438 41
506 703
413 385
474 384
141 576
199 522
383 377
368 121
175 34
117 141
743 514
262 686
411 215
657 648
713 449
641 108
53 219
53 662
609 237
511 151
84 449
520 618
226 234
82 752
263 784
714 730
765 573
233 366
736 287
826 147
186 306
149 430
189 721
280 307
301 799
464 645
619 715
620 570
237 730
73 265
403 267
607 716
521 829
832 101
5 821
564 434
324 64
37 445
841 249
694 821
254 390
237 182
564 285
827 481
96 666
116 419
153 223
387 832
320 526
631 449
616 547
323 94
213 675
649 682
787 2
155 161
130 332
827 350
681 462
261 284
317 367
238 321
134 178
283 406
60 294
487 800
453 261
395 203
488 24
476 381
828 138
539 530
459 617
171 35
524 659
800 561
747 289
531 707
624 30
497 371
812 25
130 549
348 364
719 336
775 390
703 522
26 47
632 218
615 238
174 682
28 625
61 767
104 199
149 503
163 769
735 432
455 327
572 736
775 126
751 301
248 152
835 358
564 296
484 70
378 621
431 769
125 538
588 803
130 794
827 160
827 343
404 396
460 225
134 29
742 838
155 184
552 357
303 459
638 354
468 161
252 495
739 495
325 307
131 128
165 308
658 550
594 691
601 604
667 5
278 747
193 43
758 433
324 714
143 824
116 255
337 254
395 640
102 635
270 730
731 580
53 133
292 280
112 473
75 559
573 292
593 603
741 92
361 120
209 399
37 654
374 633
278 266
468 57
324 275
562 646
309 566
456 470
241 491
59 710
506 724
765 611
567 716
234 270
144 371
182 618
281 303
554 412
437 568
403 648
560 496
634 91
248 398
509 549
322 328
687 304
41 384
660 608
112 321
347 807
663 78
539 64
152 823
429 414
279 780
559 287
488 314
568 564
311 208
405 640
29 769
830 771
386 315
743 550
427 329
653 826
165 756
657 628
213 771
435 720
124 341
140 724
311 815
714 344
292 434
42 727
521 286
685 180
209 78
320 386
45 480
410 434
747 135
667 158
626 793
327 65
13 499
294 449
124 187
404 257
758 517
196 78
728 430
556 2
619 433
784 282
617 545
514 354
787 445
612 313
42 452
614 68
796 548
141 120
453 199
626 251
310 368
147 78
432 178
508 93
185 827
814 399
634 324
27 670
409 668
599 288
838 369
215 461
640 349
624 370
185 694
715 525
19 136
790 500
758 413
630 247
646 463
465 839
355 32
11 572
700 627
681 383
827 36
593 217
21 656
409 289
667 607
83 481
229 322
526 232
84 571
31 476
566 275
486 797
662 813
658 528
702 771
497 93
632 496
835 500
104 73
273 227
217 289
474 266
113 634
156 481
757 18
292 839
27 32
389 585
263 270
672 608
286 815
251 27
787 150
142 275
146 485
442 682
440 261
148 62
9 495
72 142
278 211
26 360
483 786
372 540
144 265
711 753
181 794
325 279
309 690
253 68
662 693
51 490
494 604
630 121
407 461
703 296
355 739
174 771
324 81
808 500
610 493
566 786
593 566
740 291
425 543
144 253
474 587
545 384
619 121
586 493
802 433
765 6
145 648
269 815
627 316
680 9
187 590
442 314
135 728
826 522
467 763
356 699
796 822
506 351
289 307
623 296
146 606
38 214
187 703
347 429
293 150
615 489
66 535
19 357
124 515
364 152
96 56
295 7
596 523
110 840
27 272
615 179
498 326
446 799
193 578
556 839
531 160
521 525
254 722
402 276
646 238
260 138
759 222
620 684
279 784
191 199
525 536
213 182
759 552
731 498
573 391
454 639
292 315
789 99
476 117
211 32
448 710
25 782
118 392
338 114
49 602
286 793
452 545
215 690
471 505
346 783
253 665
661 596
666 814
315 430
320 494
119 22
447 677
468 203
387 475
90 223
753 643
109 836
97 764
314 106
168 669
336 51
815 785
456 560
709 163
105 506
178 480
90 533
471 144
443 673
526 297
458 746
113 362
97 16
188 284
133 50
278 624
686 806
12 420
656 789
71 177
751 772
534 252
130 645
87 777
573 346
166 784
378 767
446 637
376 546
411 801
468 694
175 546
355 191
492 647
220 694
412 162
425 157
510 522
374 168
447 674
67 29
675 391
14 94
614 622
325 258
398 200
572 216
420 93
756 218
704 437
705 313
42 357
154 56
376 369
466 677
140 665
677 376
532 605
688 522
274 54
439 448
60 366
26 426
1 359
673 246
253 84
157 783
571 73
221 786
476 542
357 679
611 77
721 298
405 449
596 511
488 492
559 288
377 71
105 202
650 583
729 243
182 285
202 58
257 202
518 305
818 50
423 104
175 1
762 665
247 783
431 408
697 306
1 205
404 254
352 167
833 591
795 432
427 823
281 672
109 23
727 480
339 419
361 63
640 606
74 310
4 640
21 558
758 738
253 557
230 477
526 126
64 647
692 735
731 473
435 686
330 540
203 800
2 576
421 436
645 815
544 831
31 339
194 218
183 345
506 371
197 168
36 342
163 24
420 551
220 644
21 154
24 167
646 164
320 782
543 601
428 441
325 79
468 224
792 515
279 120
663 393
737 809
421 91
518 780
388 538
281 374
788 497
446 173
454 776
307 791
86 345
327 783
643 109
820 15
355 3
613 600
559 321
135 388
833 796
118 243
294 284
571 287
40 200
19 513
168 282
683 550
351 481
82 192
119 542
186 822
448 117
468 120
680 800
418 267
681 9
24 761
828 834
649 80
300 593
370 583
156 443
102 22
687 669
752 837
602 300
435 43
553 652
109 523
664 126
149 660
4 60
683 469
274 656
800 654
174 498
306 666
698 703
264 481
807 69
97 482
442 708
721 140
758 326
151 172
115 428
465 688
445 463
619 524
618 540
358 718
323 440
401 787
382 15
572 414
699 782
466 480
223 708
792 774
368 361
680 540
797 810
816 34
484 176
122 415
245 710
47 646
142 602
641 137
660 147
788 72
572 269
719 5
61 837
46 156
545 707
657 9
622 357
201 578
272 510
453 780
402 799
37 148
757 168
819 523
465 483
411 740
709 680
709 128
338 440
585 434
252 410
841 792
680 752
145 785
310 245
700 24
60 709
488 331
8 803
260 681
338 185
84 376
91 454
751 801
764 832
299 535
765 586
611 759
105 33
144 129
20 57
756 150
373 215
206 676
283 204
545 145
619 374
488 73
91 305
398 736
458 673
792 129
42 288
278 449
153 803
619 424
172 86
221 493
429 246
528 198
729 400
323 281
120 296
294 493
491 510
552 716
271 468
827 815
294 138
157 820
795 659
777 188
815 604
49 419
103 112
583 95
324 290
215 652
454 588
195 336
241 462
733 249
428 334
297 218
143 421
562 227
598 813
358 587
513 493
798 352
486 710
552 405
255 79
112 668
195 672
352 235
832 240
23 512
501 805
135 202
798 414
428 413
637 217
124 735
143 369
736 65
755 146
757 591
739 204
188 139
479 457
245 470
301 420
619 501
32 178
311 107
622 230
626 528
471 821
536 141
826 804
295 714
518 566
116 421
228 649
317 175
28 659
602 146
798 587
638 487
392 406
651 606
609 236
755 77
609 813
223 644
821 538
577 436
813 410
140 703
228 219
484 194
737 314
285 396
340 540
125 258
306 604
394 703
589 691
558 78
759 416
826 717
594 779
520 762
405 88
758 574
279 196
187 522
174 415
340 470
621 120
144 516
159 516
418 552
255 654
309 203
109 86
510 744
404 160
813 188
7 5
107 129
636 430
613 170
364 451
812 526
827 480
796 624
195 462
487 232
373 547
464 123
752 215
753 223
435 664
476 463
413 791
756 297
613 352
207 761
83 800
617 101
745 56
563 730
16 516
509 188
643 153
455 32
578 57
205 792
204 224
756 789
758 76
336 99
210 686
248 261
263 7
408 826
768 813
820 490
487 94
127 504
365 73
276 498
295 438
98 238
704 509
189 5
119 722
543 92
671 43
638 385
448 648
486 295
608 724
74 327
37 81
240 744
519 487
278 325
388 269
483 575
824 83
29 162
650 744
407 308
17 271
310 693
774 622
24 105
759 478
812 688
508 659
819 519
253 660
17 363
311 841
221 438
235 280
20 780
615 812
45 809
319 99
215 297
486 335
606 454
698 344
450 150
572 327
332 545
22 184
575 178
255 795
406 219
338 261
32 199
524 594
548 762
341 614
611 61
332 125
152 54
596 463
543 490
670 742
668 677
19 125
311 412
441 24
189 309
82 145
440 282
797 182
428 498
139 218
468 169
620 396
751 65
455 22
113 251
613 572
556 579
25 23
206 651
355 719
778 581
824 313
154 485
215 284
418 565
509 618
737 296
537 108
811 637
310 427
151 219
208 27
84 307
487 251
583 604
801 413
606 344
474 313
428 126
594 22
633 734
408 498
192 559
268 194
637 617
213 471
341 130
675 171
414 157
3 523
509 769
824 375
590 463
520 242
831 665
144 472
128 828
563 52
156 742
801 767
365 170
421 142
329 603
810 651
184 178
664 7
612 346
349 702
208 525
722 261
723 497
466 305
600 612
759 51
53 101
456 533
759 64
298 688
613 418
801 688
373 819
372 813
690 96
467 434
124 804
665 233
778 577
531 253
697 50
399 451
640 482
646 832
652 766
45 561
427 321
690 499
728 770
353 252
197 234
626 282
736 285
554 508
179 627
42 735
422 68
426 741
812 564
119 479
690 322
466 559
253 703
39 126
788 715
97 744
42 366
702 23
263 174
336 79
523 696
74 738
432 45
431 111
14 630
364 399
239 152
401 522
495 2
460 493
353 557
264 779
562 626
563 356
520 655
380 834
837 63
552 669
607 482
756 55
262 495
11 82
687 314
543 449
68 298
735 318
8 504
416 111
642 73
809 117
457 680
593 267
132 145
755 7
49 67
341 505
505 513
822 326
622 547
788 722
509 644
310 106
405 121
656 538
741 670
201 730
465 403
49 265
530 706
268 109
841 840
188 832
353 44
74 517
829 385
560 667
782 80
305 557
341 812
638 562
658 107
626 234
437 377
229 695
441 203
95 200
740 102
652 525
407 523
690 558
82 190
346 200
509 240
374 178
811 699
414 724
157 67
798 127
386 474
245 786
788 735
429 480
12 328
322 743
363 458
186 838
716 78
130 466
96 57
560 840
26 227
335 438
446 715
717 780
692 231
74 414
333 120
533 139
537 533
147 682
385 203
317 260
208 588
692 701
526 106
251 628
105 385
579 516
323 813
629 630
27 458
407 85
479 770
782 204
446 549
179 198
803 199
34 69
801 223
89 728
627 126
257 255
837 702
150 354
5 618
248 786
22 173
653 377
305 203
324 49
71 804
440 387
363 145
792 525
615 796
173 265
543 158
29 79
226 677
464 390
289 703
487 564
418 592
805 836
255 157
826 315
407 129
59 789
642 13
45 618
758 657
119 669
527 353
123 304
467 48
15 582
696 344
309 686
697 513
412 266
241 122
371 289
153 150
190 504
669 635
114 35
764 114
88 723
565 79
234 43
732 830
697 447
92 413
112 190
554 813
793 627
828 265
149 381
61 800
271 607
180 812
122 491
790 375
151 261
755 171
531 185
719 10
439 708
448 177
499 50
26 38
60 92
709 336
621 750
175 771
89 88
192 308
680 533
623 543
606 573
310 238
539 775
459 141
649 331
777 337
523 821
636 493
226 683
53 627
395 300
378 445
586 521
257 661
241 552
759 564
294 199
225 204
759 273
101 625
462 825
450 276
747 40
143 265
185 558
681 721
460 423
704 707
65 587
373 50
267 48
216 318
268 828
570 244
660 675
241 711
700 413
663 11
406 182
595 539
725 584
380 293
197 117
514 345
435 839
183 79
661 839
114 107
303 345
333 715
7 322
228 573
279 830
601 503
602 180
527 802
13 291
551 77
554 729
590 246
634 571
311 421
228 825
484 728
412 177
175 563
694 449
641 715
252 793
272 370
18 833
202 34
483 348
443 820
334 464
541 200
484 453
612 56
780 551
712 800
451 276
70 672
326 318
254 636
274 413
629 490
44 592
423 572
262 236
137 472
85 498
1 541
337 695
747 813
161 450
567 19
751 502
53 527
383 327
665 420
828 48
259 384
572 169
5 684
375 514
801 18
585 221
88 419
487 485
417 230
271 178
372 163
713 459
427 305
611 561
62 109
661 527
79 604
110 482
358 679
31 754
125 168
659 29
623 414
763 800
279 745
21 162
786 285
114 785
5 499
740 230
483 498
283 241
46 335
619 673
198 795
308 292
553 70
457 401
258 583
49 814
558 490
318 384
601 548
17 805
447 228
742 538
453 792
804 516
87 648
240 154
734 349
51 383
370 669
810 718
425 478
669 99
105 593
572 680
88 117
507 54
180 80
20 76
568 300
352 111
577 55
333 590
9 469
652 551
790 342
564 641
709 109
585 148
435 587
721 618
513 520
660 156
753 726
534 8
295 572
574 452
134 528
212 720
917 4847
729 720
452 668
87 528
467 522
623 450
474 26
629 508
39 653
902 383
591 662
155 432
532 395
11 481
32 165
102 681
305 621
73 741
660 559
917 679
505 744
774 325
118 440
25 701
706 317
636 497
735 197
341 763
51 112
783 432
550 106
915 36
661 93
111 449
242 325
497 501
794 69
669 418
413 619
632 205
158 185
783 101
822 671
153 717
92 563
480 586
771 504
352 280
320 350
261 176
247 331
581 44
233 182
142 717
152 282
625 66
348 852
55 576
341 304
102 140
81 890
556 419
7 22
407 877
882 661
375 274
475 533
416 859
487 255
245 533
405 380
523 69
616 581
652 147
280 522
203 671
675 831
798 586
108 739
381 184
110 366
793 788
809 37
906 24
487 777
292 885
777 633
259 83
49 51
530 300
362 497
821 662
121 277
257 46
408 174
210 701
526 373
858 682
713 229
125 804
914 30
259 739
611 847
243 114
575 349
500 80
372 278
872 471
836 552
411 316
125 115
531 219
402 349
538 190
170 116
595 685
86 123
192 382
160 765
340 859
676 733
626 45
607 552
916 790
573 392
22 502
333 46
480 622
137 840
300 236
533 788
206 695
888 22
591 36
645 449
97 288
233 791
171 44
463 559
764 869
836 298
423 787
611 433
873 326
95 645
116 672
597 254
195 252
433 236
318 63
71 566
189 683
132 747
298 767
616 408
374 621
87 797
806 671
609 228
47 671
627 824
206 346
226 514
227 861
873 242
27 52
231 374
910 450
8 763
14 861
328 228
758 167
60 900
571 637
596 739
313 813
669 318
266 749
800 429
506 604
416 332
805 180
239 135
331 238
321 590
832 126
455 890
779 492
283 67
910 683
565 345
328 269
805 773
917 118
645 273
385 752
740 657
655 502
156 293
580 208
304 705
302 332
568 456
267 756
785 473
16 623
431 915
573 811
632 701
20 111
275 225
684 745
359 406
405 504
660 438
64 501
9 909
635 282
727 581
674 508
876 96
235 104
872 693
607 208
184 730
173 640
422 163
280 846
350 394
85 901
212 168
711 668
638 644
131 353
397 415
382 679
893 692
399 58
883 693
446 27
333 258
27 174
564 59
376 433
66 840
151 603
529 766
126 680
243 377
666 718
791 239
481 327
707 839
872 91
67 593
395 622
654 322
476 913
20 118
645 427
648 385
460 282
316 119
823 273
844 823
357 792
891 653
715 754
530 272
491 251
364 267
94 214
422 844
243 276
616 239
285 7
14 48
320 246
1 602
468 833
511 782
165 711
258 43
166 608
522 50
796 98
890 133
871 421
92 751
285 184
893 451
14 419
532 239
453 535
644 481
184 831
846 22
205 438
799 501
445 509
461 310
659 561
218 681
577 410
886 507
75 97
426 763
192 4
193 509
195 497
505 630
641 833
132 854
550 275
8 473
537 912
20 236
721 508
552 206
411 737
262 865
283 851
909 112
32 556
876 690
143 230
525 298
595 567
371 471
50 128
515 209
896 277
879 435
862 62
19 903
95 782
426 851
722 548
561 223
410 896
343 430
313 784
396 222
658 137
417 167
221 367
42 732
521 204
351 33
522 799
246 852
512 623
469 609
539 909
116 167
191 537
889 89
566 767
385 498
828 31
324 884
168 70
759 671
79 450
611 671
687 816
546 501
232 236
233 617
801 346
221 759
183 416
611 83
352 447
584 598
632 609
82 495
65 363
46 439
506 847
126 225
76 907
75 798
441 366
61 223
407 264
834 449
691 160
917 789
126 112
43 486
875 207
735 180
97 736
573 559
153 476
407 377
796 827
785 219
674 572
452 168
143 675
40 896
384 717
205 464
902 724
10 693
233 452
51 589
469 273
678 366
637 671
257 641
475 118
683 112
265 442
5 4
227 140
335 183
487 390
319 169
801 528
550 566
658 251
416 754
659 347
225 497
519 830
350 842
371 822
523 149
837 778
283 322
784 813
895 225
271 374
361 755
186 180
611 822
78 435
847 80
515 813
907 643
599 386
105 503
285 598
824 814
454 738
71 624
475 645
259 423
372 112
81 270
669 133
654 92
286 26
821 122
604 638
678 733
899 640
57 229
829 607
25 473
886 197
64 806
49 600
358 119
15 745
417 74
881 432
334 486
864 797
424 903
629 531
875 787
810 890
671 274
710 166
395 72
876 186
659 442
307 337
474 60
567 284
691 514
550 500
134 717
375 641
506 653
86 330
852 415
381 16
533 147
309 238
221 593
511 358
350 538
866 851
853 28
467 337
196 718
659 255
391 569
631 221
551 94
555 897
845 818
240 570
296 764
499 279
707 785
47 911
357 104
430 118
858 399
821 313
141 460
678 346
808 717
181 853
720 863
347 629
461 879
478 663
411 621
546 224
86 809
808 392
821 426
477 624
638 30
8 278
145 443
811 569
352 381
705 400
351 609
390 452
487 291
290 860
549 230
623 99
628 30
791 738
511 847
625 179
872 29
692 869
855 763
729 24
491 428
914 692
681 140
666 53
499 284
372 200
233 541
583 13
692 358
218 290
724 327
186 222
260 67
225 743
890 464
526 22
66 603
195 475
602 569
677 835
659 127
548 244
110 170
628 851
276 451
187 309
188 535
40 220
134 703
152 179
546 219
838 675
433 213
9 572
291 262
757 881
791 238
793 200
498 724
64 471
411 368
359 846
359 277
32 693
821 512
532 725
130 808
754 485
402 398
829 618
370 132
153 556
134 67
65 122
298 590
638 336
89 322
188 161
329 664
453 887
224 471
369 143
405 57
355 697
283 618
691 31
106 581
826 354
521 797
386 45
190 353
867 883
190 197
16 501
601 149
375 262
527 133
451 164
810 707
108 387
823 473
882 13
195 273
352 506
246 684
7 518
356 753
655 767
583 114
469 873
681 254
113 98
310 733
403 493
116 498
779 179
801 130
786 653
351 308
362 555
110 656
377 861
292 869
275 892
193 163
722 644
172 496
283 240
232 638
265 795
307 515
407 731
842 864
631 787
439 440
167 418
647 265
426 159
246 505
511 149
304 485
875 94
550 532
81 784
489 565
652 890
23 849
843 278
3 309
396 605
633 557
351 790
294 706
525 104
746 154
503 12
584 859
108 492
128 119
115 426
407 617
702 250
153 113
870 363
546 744
749 272
453 889
554 782
183 256
285 800
594 361
206 238
575 916
247 880
338 405
375 717
764 857
338 533
844 858
307 520
723 252
163 322
382 858
348 139
831 251
333 815
835 254
781 149
894 394
347 392
720 174
833 574
868 545
577 705
83 725
798 332
670 641
603 308
806 800
273 650
678 188
310 890
385 772
463 683
208 288
599 800
466 604
50 393
485 667
305 325
452 415
317 104
626 395
8 411
735 856
218 230
108 588
356 115
329 486
33 432
548 164
109 176
1 47
320 612
40 30
23 693
334 815
232 806
529 379
417 724
680 78
469 695
347 884
242 217
832 468
270 121
134 810
817 286
599 247
312 593
124 213
659 527
235 314
271 733
329 382
57 788
240 596
613 586
225 683
335 730
377 603
804 166
880 516
735 831
479 416
386 348
116 126
758 549
890 834
384 376
446 252
357 884
528 160
394 852
696 44
770 719
715 271
395 589
809 198
495 559
829 336
444 78
351 587
446 433
65 860
284 178
280 310
876 282
472 59
36 376
861 234
799 660
829 7
154 132
375 26
598 262
356 661
361 773
177 688
527 709
513 62
914 650
735 492
584 720
783 71
134 93
20 74
890 558
798 201
524 896
530 292
144 759
324 688
895 364
474 520
181 644
790 327
868 322
484 481
321 628
105 890
678 562
456 717
382 256
384 175
534 566
60 426
170 294
6 383
898 605
120 239
211 101
758 368
87 687
571 798
465 141
365 126
257 448
215 585
186 531
545 336
172 213
580 234
727 261
32 826
270 349
275 881
218 497
866 650
778 149
271 346
266 852
142 418
402 737
312 852
115 680
333 439
173 877
373 224
492 738
691 720
874 16
639 197
894 744
151 241
862 444
700 79
186 126
480 234
385 815
82 520
799 862
655 663
417 290
776 558
21 603
333 78
16 675
153 280
841 494
835 363
710 471
530 826
131 643
561 547
474 420
292 355
681 671
75 436
352 3
315 393
832 797
347 225
420 54
466 247
311 716
837 4
215 400
345 433
455 27
246 420
153 348
484 44
486 824
34 322
363 376
442 444
863 63
521 362
614 73
68 818
597 826
195 237
394 391
568 507
108 460
290 724
535 839
809 330
810 344
594 29
458 617
580 515
66 15
193 701
582 634
179 535
108 99
562 220
556 542
882 480
292 807
270 178
495 792
173 100
818 178
599 581
329 592
380 859
681 529
831 739
226 357
389 471
597 850
393 601
267 112
157 208
472 563
198 306
291 803
315 185
889 12
329 761
677 794
550 581
240 536
866 804
498 842
909 293
824 471
233 353
485 592
397 121
143 304
181 619
75 694
596 327
883 342
246 263
157 163
710 187
614 711
514 901
190 726
222 409
380 222
20 237
721 613
186 725
632 381
8 98
746 615
429 185
549 216
144 178
164 621
549 488
371 13
9 580
356 545
804 605
684 620
292 265
365 429
771 694
330 712
350 3
649 840
616 842
320 157
55 550
14 911
74 564
312 897
60 561
459 114
243 901
284 743
355 37
562 183
279 404
709 36
94 114
414 750
181 54
879 67
130 917
351 553
41 342
446 465
738 897
631 105
523 247
687 230
292 216
798 624
506 42
913 282
15 435
329 102
917 621
384 759
594 119
171 775
614 553
652 641
766 197
25 748
13 889
270 690
713 854
23 228
116 429
882 71
534 836
258 429
774 258
153 129
561 215
446 484
726 865
179 485
655 240
696 308
456 569
902 771
420 519
348 36
648 866
371 816
778 80
688 611
281 357
708 145
255 694
105 695
303 376
826 753
629 267
295 508
22 284
779 435
545 863
43 336
894 122
200 535
126 268
572 189
350 553
811 41
669 444
651 640
416 425
391 830
852 140
50 179
416 223
243 439
474 272
700 871
493 31
478 198
523 7
500 556
113 66
898 841
341 608
56 53
785 768
57 409
66 388
97 26
338 883
27 542
714 720
64 645
123 514
144 568
752 429
507 675
351 207
806 206
537 618
296 57
846 337
576 128
240 78
737 327
233 118
910 88
87 745
625 2
88 865
184 877
754 427
859 306
647 241
387 775
597 172
176 220
554 542
11 147
530 586
106 287
289 789
805 415
878 703
610 338
906 627
914 584
319 209
549 591
289 902
145 460
128 4
649 542
351 31
65 639
461 205
85 366
835 450
266 446
658 441
325 262
407 15
18 741
129 59
681 630
774 896
167 441
457 178
299 442
543 152
139 78
103 401
434 296
289 224
825 611
254 775
255 159
898 273
524 863
82 396
173 152
139 264
892 503
655 277
532 139
158 725
864 166
535 174
120 556
65 778
562 200
102 145
356 852
323 27
841 460
697 624
846 82
183 112
421 197
24 743
632 742
55 100
84 62
534 518
791 652
574 100
276 687
65 667
136 623
817 562
690 768
247 653
817 385
474 769
554 589
118 471
817 376
321 883
158 48
159 281
218 639
697 520
270 342
537 662
809 409
631 292
79 27
526 178
799 242
192 54
158 67
783 3
380 412
73 406
643 331
20 747
20 32
25 175
115 815
781 535
369 564
780 157
103 765
87 216
143 273
1 194
365 353
97 515
60 497
614 637
408 252
465 554
619 140
764 759
817 555
527 618
641 559
126 299
770 640
843 122
663 122
478 612
207 46
246 31
878 441
125 703
413 230
280 873
34 253
531 297
769 569
777 109
573 361
793 376
748 112
10 869
191 795
525 85
641 713
872 149
809 645
131 571
691 755
612 237
249 464
458 17
731 53
253 158
567 557
535 471
439 724
698 542
686 719
68 738
417 267
715 172
74 316
720 620
884 730
738 765
723 681
389 176
191 228
452 542
413 692
32 717
507 51
237 539
143 572
516 471
113 88
352 106
882 788
82 191
100 162
426 431
28 332
339 340
339 101
804 800
568 297
803 593
292 425
330 100
96 404
825 566
460 743
247 881
120 101
191 533
10 572
148 21
362 277
89 763
163 147
915 502
648 582
89 150
207 592
887 498
173 363
466 503
315 121
693 250
531 787
624 223
734 782
476 631
766 353
243 14
338 189
413 653
838 301
468 456
786 831
325 449
626 629
515 501
898 59
648 891
38 293
629 590
540 754
189 284
486 314
317 242
193 268
76 178
216 358
769 497
825 268
76 856
830 901
844 45
519 734
574 458
387 712
227 765
545 362
693 743
659 811
401 133
684 319
573 146
829 349
667 366
226 319
386 502
780 793
546 221
674 161
875 669
841 202
252 578
823 917
579 901
868 132
402 361
829 515
153 661
889 214
190 664
746 713
23 383
639 6
641 675
914 612
715 43
29 609
165 529
587 133
522 307
817 824
89 225
181 737
218 880
61 712
662 689
443 861
315 896
559 694
835 89
138 139
247 767
216 679
676 293
381 415
1 46
126 850
535 482
258 695
315 135
153 411
190 816
191 601
43 765
359 683
674 613
34 859
532 206
881 175
572 101
52 733
704 85
892 779
540 459
249 197
356 751
801 59
344 239
21 13
237 518
426 391
420 601
862 831
336 473
688 387
426 675
267 909
89 234
496 495
420 19
203 668
189 724
684 756
190 279
489 483
627 539
817 898
583 819
472 600
290 345
306 712
619 644
794 364
741 104
615 244
289 876
144 100
372 913
418 501
420 804
700 41
115 46
691 293
667 848
848 553
7 613
375 47
665 67
486 118
92 620
881 494
303 22
207 217
295 227
480 59
408 264
192 495
374 470
619 456
711 795
749 175
822 367
821 669
628 683
561 471
463 100
47 755
817 863
324 272
108 328
757 542
534 567
25 383
207 564
498 664
318 418
138 499
255 282
686 584
531 815
87 686
364 676
551 144
292 163
755 179
426 438
83 747
687 282
523 281
529 840
750 735
914 313
420 741
46 617
139 885
647 71
631 834
843 739
24 368
463 299
283 362
560 592
527 343
612 770
487 672
71 854
202 118
705 409
557 682
708 265
727 106
206 215
566 529
623 53
306 884
810 207
26 901
425 107
6 480
105 440
336 297
87 376
198 336
805 771
24 302
844 290
565 23
685 579
658 497
709 620
637 415
341 578
514 552
307 504
515 432
38 376
225 701
870 689
786 471
114 694
148 303
411 342
765 59
196 413
881 482
911 621
915 435
76 891
663 651
721 384
794 899
669 864
66 362
469 262
245 278
582 802
125 386
144 58
311 166
591 165
257 852
735 238
9 91
336 236
134 644
25 780
410 590
748 878
483 335
878 100
401 416
895 121
493 58
612 635
594 132
761 858
339 597
300 767
94 442
523 884
253 736
266 635
103 145
855 699
669 311
436 174
399 563
864 673
42 83
351 904
875 258
548 264
762 298
259 3
700 859
866 406
477 493
523 159
248 865
337 813
511 601
708 820
764 313
246 273
125 411
769 149
182 66
455 416
259 842
518 61
461 622
902 156
598 176
720 162
33 658
412 802
548 343
159 653
436 713
551 191
330 513
221 739
821 78
403 618
25 822
82 244
546 912
669 667
708 29
449 437
652 444
468 505
894 288
806 646
555 831
549 51
204 185
812 568
389 334
887 707
908 836
856 45
591 741
408 710
483 220
532 463
477 795
899 580
38 48
424 815
477 59
575 491
334 17
870 71
817 73
459 486
599 497
639 676
859 754
748 720
698 643
329 124
3 528
666 421
405 319
812 273
319 122
173 744
41 741
654 73
530 606
268 201
345 348
271 657
623 620
148 535
554 766
3 268
133 107
299 383
395 214
531 367
823 885
479 429
341 618
39 369
295 188
261 673
98 517
835 613
680 590
906 444
449 756
620 53
86 180
577 347
417 22
716 139
71 826
468 890
386 520
663 861
794 291
522 748
467 558
631 251
375 692
247 620
647 85
870 21
736 900
183 269
296 890
850 449
260 733
687 795
525 87
528 325
491 894
513 685
582 713
442 642
539 272
160 464
409 609
799 281
285 825
159 126
173 331
849 864
715 518
622 768
365 566
536 734
369 232
218 349
761 734
687 121
528 388
796 768
841 425
750 166
468 84
291 415
40 72
454 293
735 232
722 498
746 508
468 304
536 48
524 325
56 381
514 265
55 906
405 860
591 720
776 427
755 737
372 830
619 566
319 785
729 26
803 393
698 177
899 848
620 209
573 578
706 807
854 564
157 284
513 441
509 254
57 851
665 230
774 576
591 778
499 581
771 874
136 659
94 346
854 104
431 393
414 772
645 139
550 314
154 347
312 895
369 882
39 771
554 150
424 183
29 520
266 202
893 765
307 593
380 169
474 361
697 839
257 389
95 726
263 293
151 704
27 133
821 120
678 723
240 427
844 151
402 419
702 640
776 236
371 912
483 586
524 460
484 814
13 251
489 317
677 84
255 621
81 493
205 41
278 225
3 789
707 187
177 584
258 26
507 884
344 658
398 197
598 127
97 752
666 278
422 255
170 364
208 695
561 31
651 800
893 269
198 278
87 268
20 639
340 519
659 351
262 137
652 244
709 485
497 219
468 437
417 685
125 596
255 464
108 399
132 685
633 59
689 694
619 504
493 400
57 760
463 311
681 26
883 447
410 139
849 213
852 213
449 877
113 359
235 858
434 551
876 202
434 774
349 664
394 752
632 854
579 122
906 150
71 766
631 438
393 460
216 169
144 582
287 838
550 242
816 559
348 336
574 244
334 889
335 586
33 328
287 152
372 779
618 314
672 695
385 331
296 741
6 560
886 736
744 388
493 563
689 261
494 544
875 834
692 473
676 72
414 675
898 523
294 877
461 437
153 13
545 326
637 56
342 412
87 518
9 711
182 128
539 471
77 556
565 215
371 700
335 119
320 367
476 338
339 112
368 12
450 53
141 282
547 418
553 234
249 386
702 506
722 416
443 30
596 72
500 37
409 725
690 53
890 578
359 840
103 535
676 224
785 850
182 377
402 630
771 643
793 772
540 765
851 122
317 682
639 428
604 322
56 450
628 328
60 538
128 732
543 225
684 45
190 59
783 388
402 494
344 215
881 197
678 363
763 99
828 92
757 162
794 265
889 90
688 662
192 332
192 254
509 441
653 776
517 802
358 560
8 334
260 679
82 374
329 76
11 190
504 767
821 92
312 459
700 245
740 12
180 366
338 521
320 4
891 168
799 227
287 448
698 464
899 527
663 165
242 137
887 92
742 828
121 88
229 199
339 452
361 638
342 430
783 636
661 733
625 408
254 618
276 467
645 635
371 480
408 203
338 734
262 815
173 724
799 458
601 343
196 669
503 819
324 423
565 535
225 741
633 563
389 184
366 72
800 753
211 623
361 784
231 592
594 705
144 399
571 869
532 741
916 146
702 679
846 520
871 443
8 452
135 756
459 624
871 699
320 568
809 324
513 245
490 711
859 399
273 363
76 486
665 204
151 398
843 657
266 756
428 427
375 353
143 367
660 699
761 421
573 145
611 834
889 100
373 187
873 482
580 513
587 579
749 560
192 322
312 99
295 720
113 335
43 462
371 512
209 429
210 309
741 900
106 48
158 45
364 158
434 736
385 343
702 227
614 789
279 93
192 45
726 229
812 340
84 784
613 621
662 646
534 587
663 187
612 703
385 907
649 70
833 225
134 197
389 37
49 818
86 523
639 669
831 256
292 360
833 559
47 605
157 418
106 692
911 104
642 485
492 508
588 617
347 387
485 555
25 848
388 284
172 558
491 273
449 117
161 462
124 215
911 53
821 610
143 95
310 270
330 15
40 318
479 600
543 642
138 637
870 278
752 44
634 863
237 766
517 63
222 128
631 764
338 824
254 78
375 776
711 690
692 608
125 502
821 841
296 264
825 398
42 776
210 269
525 463
116 306
188 135
398 502
597 242
120 234
448 892
320 481
568 488
741 256
256 473
20 290
793 888
188 640
647 56
499 347
444 488
627 282
764 484
527 776
396 331
678 172
208 268
333 630
355 591
706 701
526 464
654 133
361 308
218 278
194 430
718 816
261 70
458 590
757 344
601 847
195 423
418 617
181 120
769 831
365 310
370 813
594 150
168 862
631 618
891 367
375 182
893 309
417 65
704 585
55 174
610 886
632 577
707 858
569 80
7 701
610 700
385 442
904 864
64 690
263 441
232 137
794 705
655 6
360 879
18 201
271 265
347 703
665 168
439 813
218 93
208 743
462 555
138 165
251 788
750 318
453 70
879 739
537 563
810 204
478 427
280 430
675 26
302 815
10 128
766 734
364 105
330 540
420 480
573 294
394 559
632 147
461 23
351 712
312 903
696 622
548 292
888 739
183 596
829 702
113 440
422 642
499 611
479 2
799 244
871 553
86 767
602 588
434 385
686 768
750 139
181 217
226 158
496 202
423 44
707 628
651 322
721 728
375 680
912 732
359 4
144 59
492 593
109 733
295 796
186 688
320 738
612 554
91 457
644 685
530 621
713 366
872 23
878 101
382 206
848 72
499 302
466 93
428 676
140 337
158 112
124 251
287 89
908 712
898 603
857 88
14 768
528 676
619 446
257 469
144 163
715 917
439 30
534 37
737 175
422 835
786 634
629 676
889 396
688 719
68 223
233 723
125 410
509 59
206 400
688 529
371 637
512 189
84 319
246 662
674 299
489 439
126 363
218 200
805 820
359 869
202 788
422 502
614 891
8 262
28 508
475 882
266 9
285 507
341 142
341 313
153 140
11 767
836 29
312 327
496 692
699 760
846 633
371 804
616 543
281 903
249 653
195 585
307 782
414 741
329 607
124 62
580 861
212 4
283 852
639 679
318 585
825 581
677 331
2 139
572 335
745 683
741 859
211 3
528 335
360 209
841 152
685 107
436 14
368 775
5 847
573 764
61 679
153 190
279 31
637 425
340 31
714 866
599 210
625 642
131 249
57 427
702 176
298 865
172 292
742 876
212 676
304 141
431 591
846 304
434 512
181 52
872 208
642 763
599 51
477 51
884 501
794 288
61 308
135 589
562 507
49 833
446 790
512 529
752 256
657 690
678 24
726 269
518 44
315 201
116 209
299 486
562 74
618 127
448 854
105 411
587 94
587 327
683 213
835 459
283 465
146 533
825 227
681 38
42 706
705 885
243 690
271 741
373 90
47 866
428 800
285 126
271 80
729 127
509 85
805 536
365 116
479 757
205 135
481 646
649 593
887 26
375 294
446 838
530 139
87 167
74 834
880 785
292 103
39 591
722 57
741 747
890 736
320 179
365 691
86 560
491 442
642 790
917 543
339 526
204 80
846 547
562 894
856 404
693 782
394 520
518 165
769 588
123 423
771 864
288 343
577 561
392 404
496 117
266 888
855 85
655 104
237 862
491 559
910 316
330 214
115 186
704 444
597 313
120 179
266 203
145 268
801 887
34 808
500 520
474 163
774 355
25 301
828 900
291 62
726 349
138 576
25 414
180 516
453 189
163 814
8 482
609 354
700 210
791 141
614 871
649 865
669 456
154 250
172 749
306 107
267 425
469 93
477 416
253 331
550 419
532 682
748 767
829 695
97 646
295 543
79 841
474 562
102 111
583 169
235 752
570 238
15 498
352 820
894 50
803 842
551 517
615 792
306 4
162 419
825 609
474 170
407 315
610 504
594 533
813 309
5 776
616 793
25 708
451 67
880 457
789 444
312 613
186 412
336 609
173 782
540 849
641 778
552 432
571 380
348 710
60 462
350 827
528 744
745 878
134 552
356 83
798 14
414 418
509 683
350 287
886 776
25 564
651 335
416 358
34 444
780 700
765 901
489 12
910 784
333 646
845 482
276 438
428 57
853 306
887 406
120 862
893 512
783 331
218 798
620 99
224 734
443 137
597 45
11 164
800 234
599 324
656 6
825 128
132 517
148 885
103 593
422 159
796 392
97 317
49 789
377 640
530 348
468 481
570 327
808 582
718 818
826 358
6 401
238 264
594 266
261 542
371 703
600 29
413 883
567 22
439 401
740 631
310 229
112 860
186 63
259 415
758 329
635 657
426 59
136 338
599 673
378 464
910 126
70 272
217 815
330 421
633 657
151 10
889 383
338 527
199 184
750 877
812 545
332 272
5 502
777 101
615 694
279 621
356 414
304 103
392 911
2 201
899 109
422 907
684 314
423 237
903 216
638 529
245 552
47 252
621 732
196 108
343 399
398 277
601 824
258 603
280 586
384 558
614 14
193 152
602 187
123 731
692 675
200 651
628 884
749 903
477 267
303 881
597 63
694 69
503 161
696 480
674 904
465 80
843 549
420 621
729 7
242 254
740 553
559 119
706 713
766 482
606 54
110 187
828 641
26 202
655 360
708 447
568 521
91 343
110 42
478 138
30 885
825 751
372 865
764 630
195 149
359 211
125 631
453 725
723 314
25 30
464 617
648 237
131 666
776 709
339 351
565 756
32 896
344 349
87 447
895 370
687 459
323 772
199 236
344 447
71 710
876 605
305 694
876 680
312 245
495 209
742 221
23 638
138 870
298 609
7 192
711 588
76 121
469 348
478 446
73 745
607 401
554 559
666 485
391 213
121 366
166 72
120 332
254 184
347 820
838 282
359 200
531 318
786 7
289 759
330 694
727 572
295 239
173 441
159 73
457 449
340 383
915 160
183 736
829 739
461 777
226 325
83 897
248 501
47 751
428 419
102 590
195 527
289 760
906 326
145 297
789 187
757 188
355 245
786 735
195 242
196 795
713 644
81 173
570 775
285 139
424 613
774 304
443 630
777 378
504 904
446 623
267 363
106 145
285 691
141 398
762 307
565 827
899 724
537 377
774 638
904 318
171 410
651 449
634 651
779 219
321 156
794 32
86 747
678 261
352 502
177 658
42 222
705 377
407 330
248 508
303 704
325 152
642 736
330 238
349 717
406 861
704 484
136 486
562 437
671 725
675 859
447 863
566 692
678 649
76 558
718 197
479 563
411 917
134 479
653 784
656 193
639 507
125 215
163 83
55 193
455 811
207 784
190 397
300 232
155 160
134 870
836 391
140 308
221 806
363 510
51 831
325 114
186 592
21 381
793 460
842 44
443 272
635 74
161 861
286 741
858 234
513 325
271 432
691 657
428 116
616 279
429 536
840 897
693 609
396 492
347 357
291 158
511 315
41 16
296 808
761 846
117 293
351 706
410 608
836 127
715 717
438 273
658 161
324 342
769 866
94 897
243 720
669 393
639 826
867 267
445 398
697 381
60 804
161 516
385 155
791 12
296 582
478 850
906 220
708 192
837 425
507 820
491 158
163 717
303 16
222 457
247 206
23 642
356 780
675 668
359 159
452 216
574 863
661 12
898 795
478 230
188 773
23 755
797 732
320 192
302 671
395 165
714 816
696 283
777 310
662 560
286 584
872 778
79 221
390 173
428 496
582 204
17 795
449 731
343 135
157 160
20 685
351 556
186 149
20 836
868 806
445 30
176 542
835 394
768 756
654 263
893 341
270 813
478 547
148 668
560 756
344 563
194 539
712 409
783 726
736 864
91 884
602 433
129 236
810 327
800 813
226 30
718 823
445 480
339 155
369 892
530 509
824 621
456 519
697 591
555 824
263 96
521 563
59 732
446 704
351 357
32 753
232 547
300 862
345 447
696 401
550 284
754 238
908 617
741 622
550 53
671 450
548 194
783 686
532 4
476 691
129 575
386 679
594 128
325 336
778 388
636 432
817 618
344 37
805 504
843 61
19 24
735 566
81 236
7 305
55 905
35 613
821 399
128 59
268 558
20 438
781 596
685 174
227 884
194 820
375 418
32 12
569 877
270 58
698 388
424 358
45 725
816 839
869 501
49 165
766 58
468 81
878 318
718 708
132 804
886 270
562 519
154 552
598 201
326 885
126 734
329 869
808 411
402 542
434 524
478 556
317 284
872 760
188 327
636 62
836 83
892 605
89 165
182 214
441 160
898 554
466 399
823 241
226 854
631 800
7 447
463 265
344 493
713 38
295 902
787 149
915 456
844 559
828 164
453 807
828 444
778 896
79 345
9 354
216 37
478 503
29 127
582 789
786 602
146 880
875 177
916 425
38 440
576 36
758 363
245 391
500 689
619 563
583 916
552 617
806 488
537 703
334 377
116 404
890 585
724 640
908 50
194 278
713 94
548 470
200 316
113 717
202 733
253 411
169 473
758 53
612 118
45 331
357 224
227 866
304 624
252 91
654 677
905 685
469 630
567 331
291 842
474 54
365 378
917 884
422 885
580 99
713 71
221 590
229 768
742 172
341 838
748 394
713 184
758 238
823 504
283 897
661 814
866 861
886 738
12 795
762 865
597 731
85 790
348 377
674 309
910 658
875 604
1 879
647 524
519 624
52 819
540 667
474 768
320 782
157 282
394 252
245 69
855 335
144 881
460 501
493 354
611 608
650 624
387 618
678 239
67 734
913 376
300 500
75 902
489 549
55 620
612 802
650 139
132 336
371 683
799 38
418 78
821 896
383 430
609 613
652 739
420 830
580 730
337 664
194 35
729 97
99 197
745 222
914 245
328 784
833 272
129 692
407 796
797 839
796 241
263 378
356 680
505 114
250 608
822 239
825 236
844 709
663 334
490 222
564 555
64 63
120 76
466 200
28 839
49 159
659 779
713 620
914 864
699 26
142 322
789 128
26 570
208 681
561 29
193 27
266 243
726 592
602 361
669 41
846 238
531 175
808 488
515 508
827 779
38 429
413 201
849 363
463 912
300 470
671 682
476 343
32 321
513 694
660 835
460 667
846 121
798 158
208 317
718 362
870 259
887 265
615 388
856 99
530 774
161 839
254 83
208 901
718 777
38 766
612 670
536 219
335 343
467 472
706 765
263 53
106 913
89 741
839 646
55 439
796 619
611 767
903 542
207 189
190 784
853 747
446 819
66 818
855 518
270 343
879 118
619 842
411 736
846 465
298 555
614 456
524 800
783 346
746 720
867 78
126 234
130 157
125 619
164 282
882 477
256 400
422 632
499 480
227 378
9 563
46 904
761 721
623 121
524 827
583 96
448 713
336 618
688 36
651 737
905 585
46 326
286 668
585 48
791 533
323 568
375 328
16 738
702 857
41 710
740 382
86 392
245 558
49 869
176 432
226 889
198 701
445 401
221 703
540 482
172 580
81 724
678 76
452 834
843 697
493 437
720 519
258 284
14 471
770 864
178 536
416 440
824 90
532 267
238 228
166 450
460 747
136 124
670 505
912 419
417 415
418 519
915 498
644 220
679 640
828 94
641 213
562 581
706 638
193 238
870 873
33 450
14 492
597 687
143 839
232 693
253 505
833 459
298 419
382 738
283 29
249 874
841 362
583 437
894 495
829 904
120 257
487 755
319 835
276 888
497 510
300 735
65 325
7 382
654 736
876 11
896 516
380 429
57 451
202 739
540 869
633 189
887 94
63 901
447 776
356 390
321 620
40 75
834 366
514 437
697 147
571 243
93 128
130 788
591 252
528 206
858 589
214 234
548 257
71 585
347 439
479 309
188 318
526 537
875 412
13 336
325 462
196 217
632 696
607 568
316 128
3 326
369 631
225 234
565 369
869 220
500 529
212 27
729 247
86 131
424 889
659 626
894 826
678 264
76 859
424 662
545 199
868 337
791 382
381 277
691 760
231 222
89 14
879 10
823 556
777 78
420 127
518 90
352 285
177 541
647 258
481 127
209 274
852 90
692 214
783 313
144 105
113 257
186 457
827 824
65 883
744 765
799 759
780 570
196 226
75 137
681 679
700 133
745 508
422 41
759 901
154 372
101 400
66 520
323 682
804 187
254 118
454 419
534 4
12 596
666 715
405 80
153 495
123 884
836 671
281 699
875 179
676 288
456 782
253 488
296 343
810 554
649 258
148 63
245 514
599 2
507 483
654 475
341 425
641 520
195 137
73 94
255 712
138 272
442 720
460 553
722 916
279 857
88 788
285 284
783 439
911 738
509 307
808 378
653 353
183 54
610 286
591 863
468 583
393 318
705 676
892 667
487 209
396 733
769 907
330 707
516 766
42 841
266 448
259 152
758 116
705 376
374 650
689 230
853 245
66 763
363 834
844 604
700 437
369 501
385 584
868 588
669 216
674 206
892 889
786 916
677 264
509 347
864 544
370 643
465 869
99 224
561 189
813 732
112 90
837 787
587 704
895 820
645 169
755 67
718 117
287 611
594 447
278 316
832 771
872 848
240 682
801 162
303 859
344 307
179 668
843 811
6 800
575 911
395 222
65 111
817 34
552 712
86 263
659 835
916 331
127 52
509 601
424 676
649 739
774 400
189 603
380 900
745 256
423 521
673 150
162 488
24 556
257 785
722 902
872 82
157 760
198 239
915 907
420 736
607 540
312 542
115 882
714 374
575 104
333 621
190 437
246 251
102 92
799 206
639 368
141 69
198 437
511 205
739 732
817 228
226 802
300 554
835 388
653 437
529 36
147 646
22 630
780 499
691 325
358 857
859 563
876 721
386 135
534 198
171 4
684 412
60 199
49 517
803 17
639 488
470 813
325 427
790 88
218 672
422 226
898 907
131 43
352 7
833 751
634 862
466 243
860 435
213 432
639 377
913 410
35 26
64 828
40 538
862 621
296 420
205 342
868 380
881 588
543 265
144 317
674 104
323 362
397 410
218 92
824 346
574 657
422 354
682 308
427 885
172 637
908 618
656 152
360 229
656 818
141 288
727 635
458 901
186 358
665 465
14 54
522 903
192 558
335 222
474 602
691 516
356 654
285 480
512 145
808 744
129 425
511 98
365 217
167 267
271 593
104 107
781 214
342 354
380 17
913 553
74 657
626 418
14 596
352 787
614 672
703 314
393 605
247 878
304 96
832 135
380 731
338 232
329 120
700 89
313 636
351 220
463 636
634 910
263 128
341 736
503 433
285 346
531 250
570 502
845 784
370 679
294 884
461 764
384 80
779 671
472 736
676 766
273 175
408 169
476 31
42 734
149 346
387 419
706 210
100 869
764 41
548 911
365 82
887 670
161 751
237 881
797 802
218 655
799 552
265 217
674 122
533 309
161 553
131 352
595 740
82 420
475 867
247 788
103 901
873 18
110 885
382 254
348 589
75 276
829 591
95 192
403 520
82 234
652 533
41 730
891 250
103 128
249 628
15 802
714 810
821 598
271 416
823 886
204 112
38 223
383 815
904 201
740 538
870 601
770 114
867 199
235 527
469 877
16 728
491 236
74 92
899 590
538 463
97 210
522 747
194 754
506 637
692 680
324 81
469 733
456 863
146 314
862 412
457 624
258 54
632 66
227 903
265 88
525 543
394 99
318 187
10 308
17 114
123 662
517 293
574 789
85 536
575 755
500 328
123 656
245 585
162 118
308 457
97 480
226 878
707 635
120 63
836 797
718 155
338 264
105 699
289 121
382 782
182 187
490 483
184 763
546 818
283 378
631 681
55 63
283 664
46 225
138 846
375 288
503 495
352 677
731 69
550 204
595 790
276 411
631 420
764 30
577 856
816 176
892 48
177 362
231 571
531 858
159 869
200 213
237 133
844 179
43 835
77 192
706 140
483 29
247 44
410 720
454 222
773 508
253 432
143 588
681 45
3 561
350 384
423 897
173 505
615 486
780 236
472 612
833 785
275 451
495 754
663 673
186 807
278 501
6 433
444 332
62 743
908 103
873 679
195 376
86 308
89 80
395 745
552 738
455 385
845 494
849 861
350 413
624 481
243 612
891 272
746 184
512 811
312 616
748 273
841 708
550 831
697 514
898 88
882 574
578 346
538 820
191 744
340 54
123 686
144 676
810 227
715 482
255 421
599 558
659 906
131 712
434 570
113 129
898 630
120 77
575 763
123 488
46 847
566 225
371 85
182 576
330 770
420 93
87 804
204 756
465 391
855 520
56 676
257 574
155 36
203 858
789 703
369 438
793 193
867 70
577 810
545 886
562 117
891 297
232 293
894 507
868 909
551 85
475 91
369 7
595 391
212 587
708 560
887 494
128 31
790 427
504 557
313 726
177 527
705 862
867 763
45 107
11 362
86 802
657 38
910 885
35 406
696 444
74 679
853 160
844 391
312 784
188 852
594 273
212 670
525 145
669 225
525 893
789 598
895 99
875 253
716 201
476 830
442 367
447 797
580 788
248 765
210 332
526 126
513 841
287 133
566 847
699 679
613 346
170 628
245 838
599 795
356 863
654 535
750 537
876 483
678 344
271 219
636 277
76 500
22 792
888 497
843 668
856 460
780 550
378 866
513 768
659 463
364 830
555 366
21 11
539 31
5 284
478 786
120 202
391 450
413 881
341 404
120 607
698 692
92 176
438 891
441 819
333 186
902 864
597 301
283 586
729 558
711 63
454 44
365 639
610 508
337 409
685 822
279 51
616 451
709 554
301 557
111 443
487 172
217 440
570 579
876 261
113 52
439 244
793 493
759 558
209 150
344 236
47 51
528 185
233 197
565 204
548 180
823 18
660 688
898 688
887 327
651 133
663 293
304 483
769 645
477 840
476 161
351 586
280 1
886 380
889 515
871 488
32 796
412 869
474 399
841 736
329 827
243 726
699 693
115 912
702 244
60 284
744 501
869 824
871 121
874 175
770 207
585 80
659 620
34 556
476 813
183 91
723 63
556 617
903 322
742 494
390 275
281 314
375 357
33 441
872 62
670 241
395 51
703 379
62 650
249 334
489 172
374 861
124 672
108 503
805 471
56 245
49 700
41 58
573 689
832 475
917 695
298 427
872 119
890 760
365 182
286 425
822 751
171 239
917 862
8 81
137 863
889 834
245 849
302 745
284 12
86 128
253 752
96 26
132 161
98 759
491 618
75 377
292 873
422 765
132 104
254 907
212 734
446 861
195 437
396 429
287 503
807 234
365 659
774 859
811 239
226 581
407 797
785 358
824 274
740 650
876 210
864 238
355 443
168 693
244 734
647 857
500 61
871 30
407 69
233 414
864 743
340 851
253 835
179 608
829 619
898 635
845 277
96 311
556 712
631 260
722 736
725 788
851 585
355 428
433 839
16 382
457 412
186 255
22 804
421 884
151 384
27 299
548 18
247 140
11 399
431 69
328 399
550 334
257 88
521 462
795 814
856 615
446 73
599 29
430 184
271 683
625 536
384 69
212 907
439 58
136 172
316 250
421 432
90 885
472 424
779 222
863 228
352 115
460 236
868 241
246 293
42 45
546 191
362 174
570 435
380 14
508 59
474 522
181 646
862 36
537 488
493 331
387 494
685 683
404 482
296 624
232 45
855 586
786 514
567 220
195 254
862 520
477 640
197 717
812 229
525 316
76 879
636 430
140 464
378 71
316 62
170 126
833 470
698 609
348 223
705 542
135 510
842 586
13 378
140 415
144 503
126 440
401 322
58 88
285 706
551 841
818 363
674 913
698 494
721 636
211 63
666 151
153 901
541 163
130 477
266 825
784 865
639 219
783 230
459 433
588 433
715 315
110 85
2 162
599 99
21 748
170 214
888 725
650 220
448 307
65 31
11 71
654 426
676 166
489 532
110 862
434 129
402 797
369 790
390 724
317 620
817 259
105 241
295 661
417 618
133 717
388 155
270 229
93 901
276 774
295 148
852 342
194 863
528 4
92 792
656 542
787 558
93 331
566 100
205 348
645 911
903 720
832 650
49 858
157 68
639 192
87 135
605 464
231 303
181 569
58 78
573 178
387 800
615 230
212 353
417 754
728 884
36 695
221 802
129 604
702 766
645 726
740 66
333 660
248 896
500 17
689 497
546 657
76 190
692 858
421 558
415 733
126 207
399 354
475 469
75 872
656 564
481 433
299 214
597 542
191 854
692 412
108 862
116 792
64 532
96 29
793 105
846 669
189 166
484 412
871 687
426 728
474 879
434 856
364 519
24 598
145 862
417 296
871 471
439 852
151 675
150 425
867 905
27 164
338 252
232 775
636 864
413 718
915 204
674 789
913 187
40 398
518 457
315 731
245 224
669 83
246 91
104 790
365 800
801 526
893 437
270 589
913 671
483 567
188 580
917 234
46 109
648 391
26 682
634 685
811 123
230 719
746 380
394 738
452 42
606 122
329 238
113 681
789 800
341 201
22 219
65 526
818 529
580 542
431 555
893 364
382 869
751 553
537 514
496 83
370 286
329 264
6 784
405 664
317 518
736 569
412 830
217 223
475 121
475 556
866 244
408 505
688 800
904 256
391 863
573 93
910 302
141 425
65 53
610 314
424 46
318 815
808 759
835 493
305 797
73 834
134 710
153 431
324 878
475 336
838 855
190 318
670 100
618 701
46 834
639 672
361 89
289 660
490 418
534 284
844 420
607 808
287 910
96 719
759 668
227 897
321 433
361 860
195 277
786 445
748 628
43 790
186 391
579 508
436 512
188 382
799 284
360 430
648 116
180 22
660 227
240 611
374 251
222 535
202 277
652 50
874 533
537 91
196 569
548 267
362 449
35 509
378 720
199 694
312 192
76 297
828 166
370 316
595 200
428 524
528 869
704 127
265 852
844 103
470 620
453 39
736 114
718 717
771 533
532 214
186 584
740 889
320 714
598 651
735 744
124 743
468 420
270 695
222 754
755 584
439 101
426 836
674 244
122 118
392 168
317 439
469 387
697 429
698 37
296 498
169 772
115 397
301 440
206 884
422 174
283 323
391 738
692 112
803 440
382 450
181 58
790 717
663 252
386 72
723 849
407 375
597 872
873 279
284 309
853 777
639 598
841 318
252 558
291 646
769 874
863 579
863 30
258 635
715 17
905 781
547 492
746 401
894 462
397 14
906 881
628 788
518 437
666 34
722 528
335 326
687 456
670 368
393 228
378 298
95 728
323 741
571 355
662 30
41 314
41 141
866 701
298 862
98 531
635 142
655 347
581 70
526 388
468 212
362 601
487 164
476 303
405 815
95 471
903 554
560 404
778 471
47 686
809 311
339 404
216 618
434 298
752 305
146 301
511 359
649 838
843 524
408 27
713 78
750 865
29 224
514 653
210 449
113 620
149 268
5 706
407 423
132 557
635 349
657 147
876 33
218 657
329 751
146 463
129 397
183 118
350 823
244 907
635 592
706 736
266 725
670 394
179 429
79 459
678 378
754 724
66 241
295 52
904 643
279 261
120 189
764 766
546 82
708 903
343 36
144 579
55 498
517 398
95 731
699 343
391 62
173 712
745 223
619 111
233 440
177 667
414 88
109 427
532 717
275 831
19 498
735 541
39 384
23 458
116 683
708 100
324 111
51 795
604 738
698 47
591 114
97 839
370 31
262 318
633 399
51 383
161 88
198 498
91 155
511 132
436 264
667 563
120 783
525 230
66 768
748 804
748 539
273 90
312 640
352 482
61 592
796 82
796 543
670 687
652 105
453 745
472 913
507 623
736 787
647 721
365 58
253 558
628 139
385 335
645 814
625 122
172 734
265 814
824 544
455 73
422 713
632 754
282 250
377 850
58 435
417 388
527 399
76 703
312 792
167 720
837 680
907 30
785 601
191 149
211 756
820 432
768 214
570 309
580 4
552 813
728 251
294 358
499 378
481 219
523 412
191 250
123 711
779 497
452 281
626 636
610 642
493 585
904 858
541 80
851 437
562 247
466 32
431 909
32 885
696 626
35 566
129 880
743 72
718 793
838 646
370 17
601 732
887 67
562 317
600 429
564 219
394 353
298 848
877 734
87 192
273 624
736 520
455 471
597 374
811 240
25 523
599 58
545 460
41 152
196 658
503 822
490 550
345 358
895 533
143 833
700 725
98 24
389 187
323 529
669 687
303 527
785 260
688 874
110 348
40 675
183 37
774 221
903 865
578 447
65 685
300 332
34 269
750 891
583 556
914 358
382 415
551 648
665 207
817 463
699 382
818 4998
247 740
158 780
431 438
596 756
605 498
597 745
218 417
421 489
183 203
459 322
153 742
406 752
685 720
542 616
355 200
598 132
604 286
674 620
198 685
363 420
275 673
51 394
167 402
570 259
377 224
377 497
30 213
322 562
565 502
371 116
52 735
254 622
309 386
437 680
441 250
133 724
480 592
725 240
82 210
289 523
749 266
685 730
165 286
183 83
793 592
612 700
779 814
461 344
101 811
83 304
566 111
484 15
117 500
177 609
179 398
539 219
384 773
558 493
237 434
387 368
725 732
465 543
601 566
446 664
283 790
177 303
13 502
396 527
199 373
399 408
741 432
191 155
277 662
630 364
457 226
83 336
12 639
267 705
282 435
200 231
652 463
591 357
37 577
663 773
614 78
228 670
338 503
17 635
817 811
505 30
234 113
622 62
342 699
607 134
349 320
506 412
740 397
299 122
372 604
709 661
139 14
770 216
729 802
197 449
470 225
309 775
237 810
524 362
757 185
426 62
686 304
524 187
374 54
211 656
358 220
20 574
158 322
804 561
571 461
440 750
516 791
19 217
60 257
177 548
759 346
190 115
85 263
71 550
343 729
142 299
537 177
761 29
667 408
102 31
630 137
607 406
767 749
571 740
56 482
479 419
77 414
768 397
153 502
229 291
493 431
486 777
451 249
757 315
611 374
733 264
596 458
402 197
748 160
206 440
618 348
620 749
562 742
452 792
56 598
291 154
20 580
26 157
224 796
775 462
372 396
772 419
30 643
361 149
144 803
201 233
95 116
386 301
81 579
43 788
101 384
669 547
725 666
450 325
278 97
805 35
53 782
627 63
276 268
761 39
353 663
597 278
670 9
600 400
634 316
619 169
53 227
453 404
290 790
510 351
521 804
352 302
778 406
647 166
746 105
30 166
452 775
125 159
571 788
392 103
723 24
679 481
718 211
131 151
713 784
751 633
461 421
799 748
412 660
344 194
470 477
91 37
229 704
239 430
55 9
132 190
226 250
9 696
305 745
657 92
14 755
498 631
262 550
455 24
610 84
370 39
298 792
153 448
651 788
563 483
484 35
84 552
214 747
323 359
470 577
623 495
473 700
440 73
389 434
722 86
741 714
743 730
779 485
176 745
339 39
68 431
394 390
294 425
399 769
607 59
213 547
630 578
119 134
546 686
319 766
583 66
534 483
713 506
733 199
237 55
402 579
26 19
773 742
395 76
390 351
465 225
599 728
568 767
109 584
292 306
369 667
426 643
377 664
430 704
275 249
466 128
391 526
33 547
69 234
309 795
463 672
187 588
437 508
475 697
497 161
225 36
48 239
305 407
752 729
542 773
268 476
27 461
116 442
771 817
101 554
488 343
690 514
361 309
468 511
217 326
18 164
788 395
679 217
279 678
165 729
723 3
542 158
799 190
394 739
110 293
36 298
516 135
792 125
611 726
171 8
338 792
744 811
87 65
637 330
341 483
169 385
74 750
274 476
57 532
701 782
620 246
407 216
689 401
601 215
12 117
11 442
713 46
373 135
458 583
239 3
465 615
117 317
597 456
212 334
524 293
655 232
307 675
566 396
467 471
436 178
644 383
628 356
168 815
165 85
79 172
228 682
299 650
727 592
764 443
123 462
501 226
478 643
644 270
77 443
701 577
171 433
651 372
558 724
430 553
343 472
788 782
734 653
643 5
365 278
603 625
646 681
406 138
44 526
23 682
155 565
483 128
176 670
564 415
177 171
765 298
468 414
659 718
269 667
665 422
429 608
186 561
675 407
635 634
227 135
628 125
524 476
781 379
530 490
469 505
143 682
40 610
517 331
296 65
470 367
261 684
559 64
466 239
784 494
449 50
305 789
749 407
469 618
91 190
572 205
132 468
80 498
354 241
110 784
616 665
115 555
637 702
309 416
68 474
350 359
382 148
698 381
241 683
699 556
103 574
187 390
356 421
479 363
393 734
173 512
160 703
195 285
69 86
613 26
237 575
699 291
701 404
288 138
631 350
512 120
600 421
355 742
118 557
809 237
377 434
770 413
342 624
787 46
532 672
38 515
682 663
323 57
279 34
579 509
616 625
320 94
764 807
10 735
230 473
142 541
786 343
751 27
163 514
349 303
289 300
296 556
7 454
688 744
674 567
344 398
218 619
759 165
756 562
595 756
796 563
47 529
356 733
32 310
289 561
787 454
290 754
627 263
295 216
333 101
99 382
335 321
459 606
85 644
420 444
584 754
162 706
367 472
309 460
537 310
601 171
91 336
263 222
652 33
708 134
47 418
657 42
252 368
100 238
588 639
720 316
349 214
576 134
741 655
155 619
561 125
764 173
621 756
796 106
566 159
270 328
478 24
656 480
383 427
260 294
315 654
338 216
85 343
158 631
654 408
152 622
600 570
111 423
349 504
470 348
753 339
98 696
725 210
448 98
269 741
56 740
640 246
269 76
604 740
218 347
732 482
791 540
393 742
207 725
45 764
763 77
601 794
591 518
804 24
474 286
767 472
270 416
533 811
186 755
587 162
319 686
652 725
122 84
781 439
395 779
237 665
788 351
309 247
311 151
204 499
495 33
297 106
388 250
221 480
88 556
549 375
763 437
677 444
517 816
369 584
499 284
806 62
451 31
176 350
583 710
364 743
487 786
456 489
662 740
593 293
16 73
41 254
756 806
423 106
404 482
263 54
792 446
619 396
660 774
168 757
470 26
148 278
647 283
260 559
620 160
194 724
781 123
88 302
180 615
90 814
289 398
473 652
349 89
80 24
25 681
651 230
174 747
410 696
313 491
624 106
233 590
197 5
570 410
435 688
590 612
475 82
611 116
702 200
335 348
300 351
119 498
30 709
567 641
17 666
1 171
441 412
307 259
683 688
395 489
391 431
484 19
78 263
262 758
733 298
1 196
572 232
384 817
350 636
694 281
442 62
687 476
335 490
706 610
46 692
621 735
674 603
749 501
659 318
342 792
1 386
327 163
274 301
511 285
441 817
43 478
99 269
379 92
477 442
599 232
485 77
694 147
604 578
436 252
771 380
599 164
370 754
648 497
688 236
138 9
732 622
82 39
322 592
567 670
254 64
346 737
184 252
665 312
344 652
668 745
522 812
531 562
688 572
255 756
546 13
214 359
324 22
364 560
436 274
296 404
628 452
167 712
264 584
621 397
6 403
173 673
797 444
229 415
800 506
801 492
784 356
91 793
788 161
424 86
424 628
21 574
188 290
407 719
629 58
190 20
433 397
345 567
17 78
660 302
697 540
129 802
587 16
683 529
300 699
10 554
685 192
203 60
625 543
658 209
627 618
309 638
397 414
312 259
420 236
224 485
441 97
371 173
498 543
561 429
764 684
469 26
49 145
785 210
152 281
218 117
309 135
805 554
644 787
677 185
353 397
36 270
62 375
728 367
11 275
94 254
328 636
609 298
184 790
60 268
188 313
406 149
673 565
584 248
284 392
743 697
366 665
790 474
521 745
387 85
76 729
187 104
730 234
127 181
310 789
644 326
521 634
45 77
246 287
322 50
129 81
808 575
94 284
117 677
668 219
759 648
688 697
283 674
450 430
32 610
287 801
364 693
734 332
588 623
607 413
295 719
60 267
214 308
336 158
544 659
47 73
732 671
51 120
767 219
605 236
736 816
400 789
268 682
253 620
44 791
670 502
617 550
294 561
445 304
636 549
13 577
652 122
183 386
34 572
473 68
319 264
256 750
220 412
96 440
21 802
23 87
460 787
688 156
164 721
466 336
708 684
13 413
469 555
625 397
376 308
187 342
354 519
541 348
743 373
598 151
11 75
350 549
713 648
743 241
697 710
42 549
58 745
737 367
11 785
352 390
170 117
214 130
279 226
138 90
656 206
395 178
573 430
804 641
733 464
640 666
538 703
19 543
129 760
30 754
701 690
575 103
723 102
634 663
318 148
350 312
484 740
358 576
324 381
53 329
623 806
679 133
180 59
441 559
171 47
808 740
182 80
139 627
265 780
361 551
706 615
573 565
577 385
713 708
717 24
113 549
277 481
351 302
794 374
816 226
411 717
230 259
358 212
100 591
241 573
551 586
603 692
476 135
629 71
313 726
595 459
558 189
450 764
372 397
10 136
598 810
530 89
143 542
616 473
295 594
522 303
282 709
618 750
102 749
171 757
548 66
531 449
309 594
736 226
661 216
759 517
151 400
615 154
48 228
484 37
603 626
638 642
515 290
488 554
551 324
649 157
168 200
585 124
723 790
461 467
690 117
374 714
49 121
568 385
267 614
587 621
53 185
254 412
350 789
614 412
208 515
657 359
281 774
38 77
158 476
604 207
308 550
203 312
191 248
450 571
207 336
797 368
289 534
768 122
552 396
89 351
21 215
313 518
507 671
649 124
685 667
762 735
223 116
580 540
305 268
72 17
623 494
793 807
202 451
331 230
313 631
13 319
42 399
596 23
121 548
378 410
303 20
753 382
16 212
55 162
516 310
765 807
651 385
200 814
9 401
500 19
762 362
46 5
47 19
51 481
303 560
72 463
308 496
510 108
722 814
149 341
723 125
299 671
429 506
711 338
768 436
324 685
56 504
331 597
538 615
498 104
613 700
174 584
230 677
651 107
344 435
453 74
218 404
201 500
627 445
439 491
274 482
405 226
443 403
173 752
32 645
237 32
532 549
809 549
274 2
429 555
168 325
186 556
406 286
228 733
501 219
133 519
139 324
468 662
160 207
47 315
514 136
146 549
550 586
517 141
187 80
478 380
52 325
779 251
229 128
322 664
567 710
736 204
767 640
1 148
516 128
119 492
638 160
186 725
60 4
526 721
444 720
746 48
289 353
32 397
469 712
53 99
509 54
383 438
648 88
694 686
315 357
13 274
176 45
303 495
34 199
371 15
697 785
214 224
316 151
763 358
598 750
621 305
694 489
308 563
241 410
765 232
519 662
242 382
288 723
448 182
712 173
362 209
262 692
327 748
327 59
607 206
55 541
129 40
539 38
426 626
297 778
319 400
779 442
263 101
356 619
179 448
587 463
473 803
699 449
148 219
131 357
353 120
727 573
677 375
224 543
656 137
268 698
365 239
478 510
273 705
475 551
576 80
297 593
7 133
501 555
205 737
48 494
374 577
137 440
713 492
255 636
146 480
718 490
475 596
187 110
354 287
55 696
445 180
576 340
218 389
88 164
513 466
605 385
198 89
713 787
808 189
203 110
756 200
441 597
667 226
580 286
673 660
698 340
637 134
405 494
467 20
818 192
783 696
309 288
401 71
667 368
19 807
114 526
143 579
759 194
690 605
68 396
784 410
417 199
236 125
553 325
679 118
627 770
227 143
272 376
745 216
33 279
567 700
90 800
746 668
259 648
603 440
595 98
634 708
389 704
114 745
224 636
766 774
749 714
253 293
153 578
456 242
475 160
366 124
811 714
371 115
173 270
755 301
272 290
730 348
470 613
470 46
608 529
755 793
270 499
791 154
759 801
443 8
210 789
707 465
746 188
361 647
420 311
344 627
473 491
53 602
2 476
607 466
593 490
612 82
630 542
148 632
85 643
727 308
547 383
311 738
436 136
493 350
798 289
180 136
588 350
28 415
340 409
544 383
306 217
417 503
752 105
751 35
606 681
535 541
203 400
612 814
149 40
577 370
186 666
618 219
393 452
395 789
674 591
453 23
718 733
699 573
657 507
425 526
335 578
726 795
235 796
604 630
448 420
492 312
645 636
183 398
433 419
223 184
387 115
98 697
673 205
100 181
309 755
585 185
507 157
788 634
76 449
743 712
187 718
672 438
80 329
477 266
579 490
224 806
463 321
12 645
72 360
218 459
627 557
275 298
662 816
304 497
561 226
638 1
783 663
436 515
716 256
241 605
202 671
560 655
478 40
81 180
725 574
501 201
780 447
147 665
566 262
397 62
550 76
347 105
185 271
560 166
523 497
120 413
516 659
85 192
56 410
624 392
309 610
330 517
510 189
177 289
666 744
93 39
712 383
445 216
339 589
49 730
247 592
674 37
126 694
269 266
405 574
106 580
330 776
629 495
95 455
61 339
279 284
537 278
585 412
783 564
107 817
441 815
226 559
4 480
673 545
319 778
746 340
642 538
712 430
416 251
474 500
330 423
46 103
594 485
522 262
228 615
246 709
651 573
799 684
764 386
765 695
342 669
633 138
800 533
365 532
753 591
709 169
650 617
478 646
138 325
428 769
463 54
640 116
107 680
736 184
129 14
644 814
204 403
183 807
794 264
228 25
546 780
817 556
272 693
531 778
396 540
759 310
515 494
535 68
522 446
498 771
445 776
442 24
11 191
468 20
713 297
344 591
695 201
454 35
573 366
751 81
94 74
519 592
353 348
196 34
155 671
139 761
637 90
784 754
158 77
282 20
343 676
167 52
327 117
122 737
576 655
61 244
523 169
28 483
66 682
322 704
345 768
614 610
533 650
43 724
214 636
260 193
299 621
807 724
467 50
306 332
490 497
588 480
19 410
610 414
225 100
406 366
673 671
541 481
156 769
533 136
360 807
86 454
804 661
297 494
695 653
543 351
613 329
207 374
100 284
745 526
623 599
581 747
68 357
452 710
467 482
385 5
189 315
356 562
728 54
643 729
361 390
141 181
435 53
109 182
91 599
330 805
131 97
639 410
670 428
633 306
281 325
707 42
28 188
623 542
426 716
17 610
809 325
53 543
369 87
336 782
758 714
62 455
392 154
600 724
340 666
542 572
606 256
591 400
22 506
260 401
298 236
463 682
63 145
154 671
462 307
468 732
305 150
181 301
181 689
809 179
488 678
295 66
722 298
586 385
361 564
505 575
599 472
222 562
751 414
72 220
48 235
220 515
719 321
648 137
170 248
225 456
388 396
372 710
289 412
430 617
531 801
56 586
555 528
165 649
21 591
117 128
602 291
484 210
212 447
13 751
801 622
433 65
808 615
459 339
570 447
19 98
590 275
333 638
524 87
55 557
606 197
72 729
1 577
53 335
551 448
747 270
646 582
389 19
495 291
812 423
651 348
194 84
438 490
658 390
508 481
436 582
715 270
752 270
293 534
612 308
630 261
481 116
778 482
544 481
353 402
626 158
286 527
360 578
363 293
164 653
680 20
130 734
129 590
722 250
557 518
669 76
742 514
306 245
378 497
699 441
391 552
508 538
460 403
272 653
516 30
493 555
367 140
538 664
635 660
689 137
373 416
767 363
451 362
546 685
252 649
733 64
748 814
646 572
384 103
597 267
390 507
528 782
619 786
249 611
33 65
217 87
200 57
56 798
677 311
320 281
95 647
208 540
353 407
522 7
100 449
523 290
134 650
263 152
690 644
585 791
748 453
58 736
71 229
1 486
628 806
735 2
735 729
259 528
26 486
282 780
9 716
779 667
468 634
503 606
694 186
569 670
327 449
437 641
511 398
78 216
601 348
71 199
388 256
561 725
663 64
345 431
397 222
452 518
773 509
404 368
561 456
725 463
598 504
207 328
52 290
381 127
553 726
437 488
755 357
332 549
756 714
540 527
595 716
143 122
429 121
467 416
341 721
596 486
553 71
112 422
438 409
132 732
42 427
152 50
81 252
481 247
543 494
12 217
468 62
155 101
699 369
393 805
632 257
388 66
337 464
372 516
429 384
711 777
757 583
770 476
132 653
701 478
259 311
149 444
588 416
541 181
134 757
230 798
763 9
32 107
53 386
234 692
695 449
310 609
646 698
475 242
703 385
778 415
616 718
139 810
304 432
12 398
620 699
255 395
468 22
182 433
147 401
310 528
611 62
523 35
463 644
155 721
409 654
288 39
12 208
772 137
348 88
194 341
132 167
168 248
372 86
282 378
448 185
581 689
657 512
35 717
16 349
668 127
279 576
220 2
592 219
42 814
167 80
575 482
426 218
246 444
679 81
709 375
248 443
674 529
714 31
715 231
656 543
569 476
310 207
478 334
691 334
657 802
179 96
223 698
640 643
536 236
670 239
352 419
479 533
443 92
688 487
391 815
249 234
174 150
195 697
303 568
345 196
589 707
283 211
411 636
105 399
624 507
617 400
284 692
513 637
216 724
95 220
353 696
500 332
707 108
510 677
670 565
195 384
68 658
362 806
756 689
329 124
147 229
521 272
551 725
188 161
63 409
529 750
561 617
218 527
384 608
55 540
796 599
191 713
283 62
158 125
349 62
428 35
42 23
25 359
372 529
82 788
390 664
602 600
568 179
566 578
515 374
76 301
646 540
168 619
751 99
498 548
119 770
689 63
812 20
59 5
173 248
162 403
516 287
187 387
479 650
354 103
598 631
1 428
655 313
288 345
786 440
309 343
366 792
39 409
739 104
461 753
228 716
780 107
339 173
749 498
788 411
365 235
171 681
646 274
498 3
560 10
651 286
338 15
768 557
165 515
470 752
623 412
55 430
24 744
459 526
240 14
171 120
142 599
65 64
781 394
537 40
693 728
13 427
629 578
595 186
707 491
280 586
331 718
763 716
736 778
517 667
37 438
515 673
314 326
283 760
262 46
727 755
637 444
177 51
713 815
626 120
572 343
507 581
794 386
761 282
45 689
633 66
331 31
342 389
362 311
17 333
452 479
74 694
84 431
496 236
187 215
6 434
192 154
229 368
268 730
460 581
53 125
553 316
163 661
312 750
630 306
649 785
209 221
32 253
378 556
665 97
18 375
291 175
311 581
186 404
541 436
546 372
344 193
209 413
520 348
612 661
423 118
117 391
335 496
45 117
121 810
450 176
531 649
753 124
570 538
754 271
167 550
519 353
774 31
757 547
119 340
749 238
376 803
336 814
123 324
311 114
235 213
660 527
627 353
129 542
260 527
349 560
171 304
465 19
818 643
543 615
177 359
677 689
768 371
675 447
705 216
682 793
555 29
91 215
704 592
27 11
446 414
686 806
548 449
38 196
666 750
323 796
191 140
444 281
466 197
679 490
430 39
602 572
142 749
185 78
793 737
331 622
791 481
206 3
781 491
232 410
195 357
159 710
308 140
53 570
254 704
420 787
771 525
180 161
133 620
463 458
28 200
730 101
658 118
362 219
342 552
400 367
697 527
457 274
662 481
611 113
352 93
27 347
248 617
551 804
306 222
69 389
306 121
141 451
126 3
788 514
627 81
755 4
789 795
645 504
479 351
26 671
8 446
227 50
195 528
405 106
288 579
177 416
516 672
739 175
150 482
336 37
798 462
156 586
13 772
603 121
224 443
237 656
237 294
475 488
628 103
629 415
609 750
253 805
445 441
467 810
7 249
675 772
765 709
69 72
89 471
470 419
346 312
716 399
607 125
203 363
189 265
282 669
731 99
747 512
342 292
736 202
441 418
294 76
404 335
371 161
118 256
778 649
138 322
156 101
229 617
639 742
214 354
414 431
343 287
272 63
648 528
314 726
813 656
791 311
192 817
779 471
309 754
746 14
726 615
342 485
639 130
329 261
368 653
168 143
591 721
796 610
693 199
674 712
180 696
736 813
533 29
419 597
241 98
242 317
244 636
596 265
407 463
652 666
546 152
481 543
818 440
507 163
33 689
775 244
437 23
177 524
348 9
177 417
646 608
753 469
453 783
738 514
633 578
49 646
813 84
173 362
193 596
690 810
801 482
624 208
435 92
736 506
75 197
628 117
332 39
568 418
353 593
227 286
619 512
812 141
30 209
643 489
620 753
141 413
457 261
609 640
41 70
155 475
460 195
443 157
233 22
319 648
305 156
306 431
684 409
469 19
733 268
638 704
539 112
614 660
377 207
195 432
177 621
749 84
459 445
364 553
698 780
237 384
324 205
458 383
186 661
113 388
479 776
202 369
815 738
687 153
492 532
375 278
396 454
783 746
736 162
702 643
739 120
184 792
386 186
6 653
354 482
117 134
718 374
137 684
244 543
358 709
439 73
551 117
203 286
60 688
795 527
353 784
227 811
708 91
637 107
285 438
506 392
803 146
776 504
198 23
53 816
789 774
223 606
478 295
595 587
524 739
62 550
563 392
601 304
752 810
253 168
584 62
163 128
681 392
755 145
45 504
208 503
354 522
725 617
65 8
665 548
139 127
391 314
731 639
275 467
625 175
441 24
22 3
759 787
723 242
394 646
444 654
122 58
195 128
158 20
303 542
108 684
567 488
57 359
718 771
539 209
44 785
298 212
689 716
392 476
563 215
176 371
657 539
431 464
486 554
80 394
309 57
516 167
700 452
361 146
26 762
597 257
426 490
618 134
7 376
252 422
126 811
397 369
326 281
132 780
401 118
324 619
241 300
174 708
60 429
640 300
206 105
794 806
43 200
444 678
269 555
601 427
177 146
379 631
342 34
750 415
751 279
623 578
110 62
184 497
430 231
683 34
352 408
243 228
189 437
386 500
174 780
183 154
180 555
415 738
215 641
223 699
555 108
601 584
779 266
685 312
269 462
17 192
700 451
314 514
593 789
297 336
569 163
276 763
800 575
691 717
376 673
161 447
736 535
214 712
510 347
609 629
326 384
171 190
672 46
472 341
133 692
12 806
324 411
625 194
420 812
130 3
314 105
426 379
353 263
728 29
119 141
360 335
20 502
345 573
320 40
571 308
698 507
257 140
94 46
646 316
723 570
425 771
173 112
32 486
731 241
531 451
679 188
94 356
723 504
619 286
678 545
541 116
371 488
339 489
450 243
529 617
125 392
107 645
314 738
19 337
38 415
478 769
262 770
764 238
68 419
196 181
469 369
343 422
1 779
456 87
37 93
383 71
187 544
188 479
44 436
609 775
48 521
637 179
491 118
736 268
311 78
647 447
333 616
83 352
304 152
13 53
724 518
736 694
346 725
661 666
283 94
575 484
271 672
372 255
330 268
581 434
391 71
109 678
106 431
713 157
87 653
105 421
133 394
26 582
410 591
275 88
233 635
677 293
109 472
296 254
713 678
38 481
168 661
756 615
228 720
264 318
249 224
230 386
31 632
107 341
605 206
734 441
536 308
309 508
58 172
117 714
171 219
60 416
172 271
815 24
376 146
203 423
88 209
633 806
569 280
217 499
175 777
511 698
224 401
349 673
69 287
44 209
629 493
524 203
263 113
123 418
395 441
363 812
198 304
17 297
533 302
735 678
199 154
387 131
133 427
482 31
389 561
656 157
113 504
252 456
415 396
128 582
37 79
663 442
95 217
425 274
478 548
435 213
673 20
521 102
693 494
94 39
70 338
129 285
143 631
510 558
812 492
371 804
528 118
235 91
67 59
736 137
518 154
683 812
404 270
371 158
43 653
282 56
28 127
799 509
727 112
361 513
344 444
237 697
606 9
182 90
644 145
603 704
224 263
711 407
170 280
246 626
501 234
196 792
478 422
453 194
544 179
772 672
147 520
684 578
22 535
151 549
296 679
10 529
190 236
85 226
286 482
344 357
414 136
453 339
36 205
185 192
310 658
41 158
757 104
498 9
687 708
459 66
709 727
582 645
713 39
288 545
147 380
386 521
721 39
371 730
352 518
16 624
364 62
679 305
764 577
405 327
775 407
652 643
686 790
487 527
196 775
214 610
359 128
658 108
144 166
736 441
607 19
312 592
774 703
352 434
194 618
601 78
620 414
765 664
633 789
382 431
53 268
589 319
458 771
479 446
366 317
187 701
44 738
48 383
506 535
195 567
587 591
14 722
108 217
398 557
440 580
296 552
722 499
463 530
29 526
528 302
391 553
768 247
239 173
132 809
371 422
61 446
389 81
65 496
448 504
619 124
162 599
179 559
515 754
471 693
607 24
723 170
263 615
637 624
525 619
603 375
622 10
531 380
770 9
168 118
139 687
794 387
633 153
320 807
816 545
466 208
376 611
786 572
508 443
14 782
309 646
232 676
627 490
590 226
332 745
612 382
60 19
279 702
504 744
158 754
602 353
746 488
783 212
320 554
73 136
56 208
633 122
275 635
77 464
336 2
352 465
813 316
459 657
814 672
265 68
284 416
692 146
757 471
404 527
330 546
183 692
166 329
296 725
260 457
153 145
98 251
263 710
389 811
253 725
658 315
324 816
110 300
665 238
243 640
246 353
102 111
798 728
397 236
787 169
627 499
4 520
294 636
501 421
243 817
228 110
484 443
673 274
268 722
639 150
677 815
677 378
507 653
117 818
297 569
596 59
64 476
616 793
412 46
393 128
2 654
361 654
804 627
470 406
237 558
187 595
760 324
227 370
670 682
780 606
251 766
197 161
715 409
201 166
203 627
496 140
349 358
138 337
461 806
697 423
203 348
14 114
110 621
772 621
148 266
495 518
42 334
715 15
211 183
178 494
144 12
297 618
418 477
165 95
457 622
349 93
387 672
56 533
98 103
581 274
345 46
681 116
145 35
715 596
741 302
3 79
259 592
633 648
134 400
635 342
448 124
147 752
758 350
361 256
622 490
17 233
403 154
3 481
668 662
772 366
347 414
173 599
603 516
623 287
803 669
805 342
282 315
698 429
114 20
165 133
211 188
709 144
505 351
359 76
568 635
54 79
664 815
37 221
536 199
83 707
743 170
232 273
174 502
44 202
760 91
736 791
255 151
402 631
132 605
275 178
369 582
794 116
463 323
289 612
272 374
788 71
554 795
425 242
174 352
49 506
305 815
655 76
456 792
145 326
294 267
353 574
116 577
651 131
618 50
62 440
102 564
106 251
173 160
53 523
705 46
38 780
282 88
690 518
132 321
443 611
801 154
459 708
564 332
68 489
155 318
655 667
70 31
429 691
363 785
652 720
461 646
687 488
129 605
123 584
346 24
269 575
145 430
531 581
361 434
773 105
372 150
484 5
633 726
603 530
413 31
659 804
258 141
551 722
473 231
793 31
495 541
477 98
206 416
425 735
187 196
393 664
686 438
361 44
343 719
588 628
694 137
458 648
685 462
60 201
336 163
45 378
81 547
605 556
439 421
18 339
453 725
534 710
205 116
794 70
171 428
210 564
138 63
301 545
178 795
641 140
44 649
352 573
354 146
121 256
78 39
182 763
191 54
765 397
568 108
769 811
516 321
394 564
613 414
722 438
558 497
130 350
464 549
191 135
176 31
391 577
450 31
124 106
804 452
346 355
56 250
751 618
517 787
682 431
519 563
277 324
560 672
133 26
775 479
262 109
213 658
660 304
719 549
47 758
792 786
816 438
389 358
246 145
736 787
30 573
452 624
590 160
404 755
349 323
767 378
23 91
578 37
56 452
778 675
138 380
528 172
452 797
470 569
770 755
290 348
736 79
809 783
220 541
242 696
776 64
499 676
461 293
523 310
50 782
139 471
323 626
710 2
359 112
342 40
198 365
640 766
364 125
482 691
347 386
475 713
95 800
235 434
558 765
688 124
523 391
344 298
174 778
466 537
158 21
512 180
804 645
179 615
240 509
220 758
539 621
386 343
424 66
616 573
796 750
670 525
104 302
461 379
513 542
589 693
111 721
756 154
706 722
726 108
546 21
432 8
53 807
126 808
566 517
309 771
642 183
543 769
758 317
495 115
135 86
51 127
303 463
748 456
537 23
180 442
751 278
398 810
163 684
168 606
259 480
180 692
61 511
502 238
602 159
569 78
695 303
754 114
562 278
593 304
121 375
761 196
243 715
246 318
781 737
727 254
61 735
12 705
90 692
800 63
360 350
491 8
398 580
683 195
276 747
309 797
260 621
816 278
563 76
747 302
322 802
289 61
200 59
570 166
669 280
386 730
424 281
613 393
332 106
650 222
27 212
240 662
394 71
267 610
731 588
145 721
57 263
754 423
292 634
42 597
486 34
460 145
560 154
299 277
255 501
387 351
174 505
417 596
353 105
223 44
220 817
606 732
132 179
425 335
813 398
294 767
213 424
585 119
713 10
182 235
731 38
95 633
187 264
44 220
651 332
598 53
575 199
620 98
531 713
660 502
736 559
168 512
667 332
723 795
185 529
157 396
358 194
269 168
562 120
18 287
471 667
455 317
648 15
298 63
760 638
393 131
230 392
88 401
108 103
484 455
720 222
439 215
369 194
131 767
310 162
7 799
373 432
799 633
319 724
195 7
426 658
469 594
344 682
623 378
588 680
55 68
739 706
228 221
441 574
316 491
463 116
194 286
560 267
732 547
513 815
345 498
239 136
693 440
518 653
461 627
303 391
320 168
138 483
749 737
536 642
267 656
600 625
14 529
563 79
22 413
564 334
333 283
642 758
379 197
299 259
765 65
786 476
503 449
647 715
420 533
310 641
352 29
189 645
355 56
805 183
253 211
606 116
789 802
408 729
390 482
283 164
85 302
675 573
264 157
513 800
623 69
94 685
665 42
702 443
723 754
425 91
601 148
776 78
213 353
379 530
33 219
487 472
153 816
462 792
737 530
493 49
38 281
369 817
138 57
650 257
579 381
541 430
154 592
527 432
712 90
405 86
532 663
768 168
555 388
666 641
791 337
426 743
486 581
516 453
40 172
463 256
468 114
749 311
786 157
473 174
218 804
475 350
701 494
70 407
117 437
44 636
675 42
45 160
708 352
284 293
563 543
621 580
180 502
199 442
639 811
274 472
521 278
765 636
704 455
328 266
247 430
526 154
765 226
288 324
18 264
769 704
174 518
240 530
369 100
649 442
647 739
129 405
584 816
104 215
730 304
72 662
253 99
715 508
536 431
761 201
294 52
741 527
577 550
510 692
546 559
344 811
711 758
470 200
626 471
516 138
147 818
131 611
225 396
661 245
616 276
186 771
800 24
174 455
285 576
788 778
643 9
206 653
272 440
573 643
243 32
651 249
392 197
817 209
157 400
394 98
30 347
713 5
342 89
328 301
312 398
699 664
716 704
781 529
445 661
374 684
710 281
503 565
179 300
34 76
52 659
684 529
238 777
756 164
760 159
515 534
265 315
339 284
558 597
358 541
658 322
487 684
568 806
400 35
399 245
64 334
437 541
697 194
388 439
580 385
52 491
758 212
673 413
178 488
552 696
72 48
770 337
451 611
558 714
685 792
465 39
662 351
603 729
379 108
804 590
233 313
81 10
275 738
458 782
186 395
33 308
498 425
244 200
137 818
651 79
119 102
566 94
254 777
585 140
520 338
604 165
534 664
294 413
666 87
4 280
100 785
155 570
786 390
129 446
759 588
342 62
605 407
132 795
418 323
664 97
424 774
441 611
80 493
260 574
45 139
618 680
361 78
303 482
141 696
57 120
554 582
648 565
573 661
558 717
618 284
393 158
341 645
175 434
730 458
179 567
437 146
481 496
517 296
352 540
88 169
492 780
335 184
48 415
786 704
664 409
358 700
234 486
752 658
798 35
165 371
683 311
403 322
276 572
190 325
707 189
284 666
377 40
67 245
233 806
753 118
342 766
255 764
146 96
381 326
558 418
115 668
648 810
151 785
448 535
598 559
624 699
361 764
395 477
566 147
665 146
454 729
626 134
382 351
717 221
505 741
473 302
188 652
687 816
345 138
799 353
250 79
620 655
315 281
253 466
237 557
237 120
124 594
437 769
495 405
353 334
42 101
579 350
228 816
100 717
546 704
657 150
307 643
531 397
1 746
327 395
402 94
757 754
505 648
757 408
194 678
194 476
359 570
84 586
508 797
180 290
287 526
18 731
511 154
236 549
153 443
634 395
338 316
263 529
478 159
176 257
273 215
89 534
381 37
326 750
517 393
757 532
351 807
799 787
51 420
99 715
678 148
292 343
185 302
386 377
372 18
579 721
746 316
674 433
252 414
15 780
804 714
170 438
541 553
804 467
211 111
684 250
25 88
445 554
263 50
410 482
303 806
624 85
736 639
309 75
183 780
41 440
387 773
757 274
312 556
336 39
83 597
686 715
544 609
13 770
804 547
524 322
309 257
516 817
661 212
529 367
127 337
614 20
211 44
144 727
69 507
566 284
191 30
790 565
615 221
21 494
44 37
760 776
711 90
468 127
531 561
434 59
244 224
733 555
295 258
783 141
45 659
541 526
193 416
595 571
13 117
4 534
272 49
716 111
402 790
227 357
655 178
261 73
620 752
624 790
456 120
808 18
517 452
768 53
21 390
295 363
633 552
531 543
377 401
429 22
788 692
675 322
395 337
805 432
639 50
437 673
24 592
95 272
470 596
261 312
337 66
359 455
670 337
597 31
748 62
44 602
162 175
438 159
434 645
123 131
495 273
705 802
82 77
599 592
613 446
165 6
124 509
589 538
218 796
437 579
214 491
460 31
117 735
6 407
651 776
227 582
690 82
601 341
802 494
415 447
778 115
436 397
699 151
310 569
723 685
470 539
169 509
651 8
690 37
49 427
286 125
566 494
625 181
674 98
511 88
475 619
489 518
333 62
29 59
692 432
639 348
624 550
330 721
330 106
44 684
189 138
478 185
247 329
176 281
32 75
394 686
288 165
254 503
319 337
456 221
176 715
162 62
317 795
178 441
276 362
803 512
164 100
419 500
679 775
276 75
174 297
351 795
614 57
621 231
155 36
263 650
275 103
27 800
730 432
604 231
566 810
699 797
57 714
294 228
424 67
512 440
329 398
9 559
761 266
712 715
713 85
21 658
34 396
713 617
623 722
476 802
772 503
546 600
205 226
528 787
376 224
502 447
232 59
547 212
18 416
347 276
208 735
186 97
4 40
728 421
614 540
479 462
698 538
445 106
546 788
595 491
69 590
450 704
435 172
200 594
589 40
113 314
332 87
61 485
284 549
377 509
599 530
363 190
627 762
365 492
165 636
480 39
279 515
544 203
230 434
529 409
394 705
765 818
254 121
587 477
147 340
147 779
739 686
132 93
701 451
597 271
82 643
600 82
637 680
618 810
33 538
160 398
784 541
521 496
595 345
25 174
585 492
652 762
176 14
488 699
688 643
307 164
398 502
517 772
75 812
331 651
443 654
26 410
190 116
425 415
797 380
233 535
687 560
94 37
294 22
372 68
725 338
246 224
564 667
263 777
749 486
676 455
33 318
406 388
240 777
403 199
258 277
459 617
741 626
139 789
319 123
599 494
231 197
13 640
56 748
237 361
475 681
41 390
684 278
623 77
425 334
379 64
102 370
800 85
361 468
179 31
570 226
155 76
662 591
655 380
198 684
25 493
207 29
464 341
48 463
254 656
679 628
123 304
495 790
70 474
207 792
349 29
228 200
635 280
781 164
213 439
351 86
346 684
181 222
716 50
578 54
611 348
495 135
687 311
460 368
815 334
247 301
800 418
103 322
236 574
487 84
309 788
552 280
679 271
330 273
791 689
258 671
179 350
647 358
356 440
372 353
356 251
669 85
585 714
551 549
711 126
788 275
612 514
438 811
2 664
241 767
723 596
703 490
282 786
230 393
730 91
108 96
218 375
170 643
84 472
203 316
349 309
722 378
425 778
411 120
595 209
780 209
508 410
434 533
626 266
74 35
168 633
207 205
371 468
347 727
376 689
530 728
237 709
770 769
722 740
572 149
93 673
207 519
43 558
248 716
157 388
361 678
415 586
765 211
246 147
165 452
656 280
33 550
531 390
350 21
297 175
303 656
390 705
19 802
239 215
107 499
111 281
604 527
553 555
590 21
798 276
739 816
333 468
706 219
318 376
447 92
674 496
250 693
131 417
16 805
14 596
610 104
646 545
314 86
131 628
225 729
479 410
616 212
82 615
357 148
451 668
604 443
127 404
241 699
699 540
386 676
350 64
387 815
614 512
119 229
637 317
450 393
276 509
640 430
741 267
241 532
457 727
349 406
424 414
699 286
408 504
743 234
67 605
516 78
433 781
123 642
450 787
87 504
587 80
657 726
333 536
349 185
749 162
210 408
696 716
503 360
67 494
640 135
474 744
59 491
791 26
759 748
777 421
689 59
406 563
53 111
805 170
444 434
440 92
167 652
313 645
171 770
13 99
82 420
599 649
503 398
779 385
90 484
606 325
398 782
129 358
295 296
498 436
647 738
202 660
335 172
670 257
102 818
195 108
650 66
87 497
100 721
435 762
439 65
220 681
662 432
323 192
187 109
150 644
237 521
168 795
7 720
121 684
521 341
503 684
342 801
531 481
219 483
684 789
313 541
98 326
560 485
19 550
619 677
637 350
321 557
801 304
57 735
768 242
45 653
131 471
537 64
353 457
794 401
742 59
45 297
166 719
378 108
288 769
168 185
677 359
394 769
537 241
386 146
61 105
687 606
337 107
300 377
212 574
67 414
584 98
612 738
518 251
296 70
82 140
387 401
404 431
282 153
708 157
484 650
767 117
141 98
786 140
275 519
391 257
757 317
566 55
150 782
282 607
709 367
209 773
299 646
507 421
568 609
53 113
132 559
369 388
397 221
275 680
539 236
791 413
501 656
709 496
30 142
716 209
456 362
659 527
662 467
459 151
539 234
25 475
759 256
135 671
275 618
800 254
730 6
179 235
783 535
783 806
348 754
607 797
295 175
564 554
652 410
778 813
448 589
801 337
288 140
288 561
752 118
607 759
702 51
355 785
83 500
601 188
639 235
635 476
17 467
750 518
529 671
576 314
196 273
169 40
199 497
575 815
747 643
389 531
583 464
35 691
531 278
54 678
493 457
240 115
437 775
459 723
544 801
687 470
564 684
246 398
142 677
309 334
223 800
93 266
781 784
424 739
724 412
634 715
138 340
299 351
712 198
487 733
571 547
355 381
386 528
206 63
743 289
727 209
727 22
252 96
183 180
472 538
68 270
201 74
803 226
573 226
208 431
371 544
264 379
545 427
784 626
177 356
70 292
237 556
542 370
365 66
748 795
776 150
279 61
155 243
302 717
179 258
124 226
414 703
623 327
72 535
131 423
60 76
685 506
637 301
33 611
123 532
180 291
417 55
232 37
56 293
737 219
521 425
60 35
705 306
584 785
248 323
448 336
139 436
240 54
344 86
788 89
753 432
132 124
721 719
166 691
351 806
560 272
706 467
155 91
285 318
635 421
177 800
767 624
121 73
131 64
42 533
422 2
353 326
761 321
136 231
728 103
413 559
801 574
601 404
604 760
808 697
668 157
184 552
591 439
422 157
506 472
461 174
526 807
618 773
418 116
344 814
309 74
292 54
458 321
630 806
331 536
546 248
208 83
261 215
335 112
372 750
429 704
344 104
768 213
326 797
715 773
459 290
131 769
170 147
758 741
63 785
467 815
715 419
267 321
808 367
71 156
165 412
202 662
737 446
611 810
133 739
261 318
265 666
132 4
709 554
456 125
638 341
768 601
713 437
452 431
326 106
280 378
60 533
44 703
361 91
264 50
546 15
505 431
264 148
523 457
736 631
92 24
627 456
534 532
123 681
683 708
207 130
615 204
801 785
126 342
254 363
626 381
228 306
222 112
191 371
152 641
354 805
589 747
229 482
391 791
522 212
127 317
453 746
203 583
477 265
206 818
407 456
544 754
306 62
798 214
325 719
345 1
309 624
113 666
167 630
23 681
439 696
614 656
227 37
137 378
598 473
764 460
216 274
14 702
364 557
386 667
225 727
365 666
352 263
60 358
371 88
333 806
715 19
804 286
157 24
135 251
488 669
515 689
320 83
238 221
38 810
137 84
530 421
560 643
752 162
272 215
515 149
328 337
429 438
445 142
543 414
266 502
235 582
804 773
122 593
794 671
401 232
516 188
674 777
440 2
14 780
685 238
579 458
652 428
690 260
104 447
69 691
722 439
170 391
587 314
716 721
399 39
457 100
543 504
260 189
36 719
544 471
402 252
467 392
344 457
34 147
771 421
365 473
712 5
43 451
153 204
133 467
544 657
300 434
781 295
160 170
196 227
324 312
218 144
53 652
536 320
699 796
20 398
61 742
683 544
790 301
581 720
657 106
731 793
399 704
18 676
320 479
723 711
763 424
746 416
310 702
14 648
753 452
734 678
54 483
240 166
1 814
649 611
594 163
5 368
796 9
374 762
772 400
267 163
88 271
16 28
397 454
680 766
47 509
436 412
437 266
402 689
60 256
633 424
463 432
288 35
266 105
530 96
87 773
542 373
292 776
535 220
3 439
298 646
500 608
139 183
740 608
355 667
275 394
367 325
594 779
519 422
351 106
230 395
653 556
466 150
602 395
608 622
570 157
75 28
44 70
98 215
614 89
41 699
299 596
357 565
360 316
14 457
761 446
69 121
74 348
777 97
366 427
223 683
540 676
813 258
473 388
284 490
163 737
659 539
36 784
466 367
94 465
422 663
261 104
668 256
227 240
227 384
109 235
235 557
607 232
683 382
47 571
175 672
652 784
600 90
174 422
621 550
755 274
52 295
568 696
787 664
71 415
607 3
760 302
498 318
134 325
176 753
809 403
234 721
71 221
259 532
114 580
316 136
44 5
249 219
48 533
13 541
158 5
323 413
507 232
143 430
734 434
511 526
517 360
520 786
794 88
460 687
637 351
49 668
419 384
283 812
162 286
567 360
625 289
41 240
349 469
366 91
761 162
799 701
705 774
758 520
356 418
174 425
361 531
300 55
201 615
642 135
418 400
458 158
43 467
608 518
27 175
778 557
785 322
568 273
515 105
410 742
98 88
389 130
746 226
241 295
453 357
346 801
516 581
57 422
505 636
33 455
189 650
218 21
390 789
463 193
230 724
467 130
603 388
17 793
417 476
201 398
627 577
424 207
814 348
688 312
484 41
430 101
591 738
731 559
770 725
218 406
153 287
443 370
661 776
193 161
243 79
724 73
427 315
763 254
450 399
657 813
676 212
804 481
806 816
129 319
322 455
733 471
133 101
379 87
563 135
176 607
733 54
331 376
311 814
607 218
149 336
305 205
577 554
623 184
122 34
764 454
503 146
731 530
677 457
805 223
751 696
627 19
810 615
405 124
2 50
335 384
762 156
194 737
283 749
746 399
178 509
507 401
69 689
4 703
139 653
723 756
209 367
178 166
126 366
129 686
702 744
805 648
354 407
686 449
512 128
398 66
364 233
113 721
609 692
600 183
229 46
675 113
355 35
542 341
193 503
357 454
188 409
639 366
623 697
159 592
269 581
680 308
38 611
510 700
369 312
519 240
260 246
755 71
445 46
429 745
335 145
362 802
436 557
18 64
771 556
556 302
495 2
152 156
417 618
600 245
235 378
509 375
620 665
188 222
69 394
65 766
241 400
637 635
28 709
477 559
507 244
695 266
626 336
132 580
630 207
227 101
333 528
651 285
462 667
49 67
466 773
658 329
567 129
569 226
223 426
685 54
246 386
29 125
391 634
134 580
713 181
804 280
399 416
515 395
528 120
546 182
568 814
300 267
805 33
637 462
177 173
674 229
140 636
561 560
505 465
96 256
388 582
762 538
796 682
376 59
763 697
583 39
586 281
430 328
661 159
593 185
186 369
380 490
775 796
563 108
462 738
27 114
12 661
34 496
731 666
359 554
272 700
721 586
240 157
187 210
43 41
425 758
695 254
194 714
47 220
494 380
617 251
640 5
642 313
73 735
193 87
456 795
171 141
83 552
390 100
618 574
433 617
623 286
179 175
224 87
789 439
144 507
80 534
407 85
675 304
680 154
6 306
187 695
63 210
49 682
49 125
529 96
657 43
324 263
287 538
725 221
625 770
230 533
406 733
769 432
364 801
301 340
619 217
671 416
782 104
178 481
445 93
345 266
369 482
625 584
109 695
475 667
153 690
38 166
317 554
99 818
818 209
7 120
709 134
622 161
725 248
203 750
166 332
147 245
171 332
373 499
357 446
379 417
179 316
487 794
346 791
627 698
371 284
542 555
391 5
95 547
690 245
241 718
296 399
407 816
598 120
288 454
268 717
624 739
641 411
740 370
271 490
457 215
185 442
170 763
207 39
7 74
100 632
690 584
395 527
542 105
284 446
3 449
331 260
461 392
279 491
68 681
395 547
305 116
414 104
198 611
182 681
86 802
495 658
211 55
361 430
814 326
779 332
48 210
247 210
583 163
803 66
566 557
674 404
495 515
477 20
127 744
558 472
482 65
748 374
461 9
558 54
726 530
260 410
605 685
489 580
346 394
201 114
734 164
239 526
756 81
810 732
246 596
764 612
690 74
784 63
585 367
548 357
637 296
589 772
640 644
511 528
112 482
55 770
13 165
756 744
462 154
577 494
212 8
656 121
106 192
548 63
288 488
324 801
346 172
397 449
516 192
75 816
683 689
334 464
263 574
211 263
708 591
196 465
553 650
319 493
95 696
646 37
260 216
479 468
542 121
48 88
193 606
172 135
285 240
439 2
760 73
655 471
808 64
805 650
701 371
260 676
501 221
543 593
748 741
117 614
255 683
73 580
274 242
420 149
38 300
591 270
167 381
575 64
320 604
651 560
85 212
655 216
749 205
72 268
318 62
3 491
372 138
763 81
781 594
230 101
766 549
508 813
417 413
109 372
394 162
456 101
129 1
202 585
309 273
574 428
423 565
743 640
245 565
764 523
449 154
361 40
661 414
26 110
99 198
634 266
742 39
474 63
720 156
668 166
621 181
803 430
513 671
681 224
662 66
146 750
386 329
617 710
119 534
466 78
319 240
781 133
69 371
252 181
344 142
808 556
147 323
809 408
596 719
426 246
580 769
356 384
935 3978
174 395
2 223
422 897
739 193
722 785
85 63
801 486
252 411
552 113
805 700
384 72
443 32
561 595
140 525
162 648
608 696
609 209
928 697
479 598
668 308
924 174
818 383
732 684
509 731
129 482
539 116
870 614
763 111
30 934
196 462
787 280
751 75
181 548
554 838
886 453
387 189
8 38
263 168
191 607
47 919
840 548
35 719
4 692
872 876
443 492
345 905
12 639
873 651
532 179
346 842
292 373
840 573
221 228
777 263
190 390
135 180
433 838
198 685
70 395
914 805
203 92
735 262
807 226
906 46
636 289
726 104
358 406
422 775
752 499
398 322
381 410
109 660
111 826
184 692
739 568
575 812
150 386
816 234
690 66
66 635
656 259
178 430
876 742
808 9
238 236
720 155
576 101
260 835
496 579
474 920
671 626
688 925
599 823
546 161
837 622
90 680
659 386
586 686
865 860
576 745
539 66
80 280
614 207
816 274
835 69
321 2
8 114
469 521
330 848
611 884
345 487
501 734
585 258
672 720
572 595
624 820
434 831
1 829
628 804
459 198
855 833
297 525
264 740
823 365
836 43
293 781
183 500
533 687
739 464
321 106
177 571
434 395
219 384
231 228
39 149
481 620
884 266
504 293
716 799
87 564
477 670
73 304
164 12
165 725
479 318
119 685
583 617
774 191
604 95
365 120
679 812
59 175
385 752
443 665
258 862
871 4
672 582
855 885
822 712
841 644
102 97
183 709
292 432
224 93
60 327
751 503
174 319
343 785
732 253
18 197
53 791
592 669
730 933
648 212
900 845
243 271
316 495
581 689
582 347
287 318
554 34
751 554
904 578
597 217
931 225
323 500
362 857
141 934
419 809
324 891
615 540
192 926
542 473
927 842
568 926
12 380
671 165
417 204
883 6
316 119
764 771
581 691
505 58
506 424
343 128
382 421
592 660
772 469
793 565
369 519
46 557
430 704
174 587
391 67
581 580
148 84
379 212
469 149
1 919
898 333
754 325
256 888
791 712
554 101
639 303
284 916
583 607
840 583
569 501
91 386
116 832
755 628
789 77
440 63
518 462
711 807
480 667
562 44
265 591
585 149
748 327
490 646
624 381
410 248
478 803
204 580
617 438
922 228
190 212
31 13
116 678
214 319
203 554
242 579
224 527
405 566
203 252
925 191
213 40
638 694
198 635
715 881
109 722
59 6
877 265
481 736
853 120
263 585
360 281
557 198
414 122
147 276
614 895
618 241
872 831
743 228
104 798
174 225
311 82
162 697
159 793
401 301
807 925
539 579
817 841
30 380
802 50
162 213
606 98
636 438
441 589
778 628
121 591
619 312
53 472
373 405
349 551
264 321
836 207
840 10
586 89
271 668
146 336
555 52
205 424
206 270
354 431
176 178
182 392
384 665
767 235
16 587
201 142
239 450
884 322
354 286
389 434
504 240
246 197
376 601
329 38
269 247
587 889
400 756
792 512
850 705
885 902
485 805
880 798
292 561
277 861
849 308
278 398
478 395
268 132
818 220
251 638
340 805
52 751
589 799
262 340
45 692
484 805
730 704
415 869
31 376
845 145
386 621
214 450
834 472
873 531
399 571
537 619
404 694
8 705
778 45
391 935
249 524
213 195
250 831
470 41
536 87
661 129
208 435
817 544
286 26
647 525
517 646
856 64
354 884
906 472
446 554
490 801
141 467
584 77
865 478
276 334
97 820
930 136
752 419
533 802
698 412
846 232
884 605
744 178
195 378
12 796
320 179
914 97
364 501
349 562
577 748
317 126
789 770
800 723
728 880
86 591
695 638
26 712
589 785
20 636
536 205
90 304
633 642
104 678
687 464
708 582
534 166
343 670
860 812
808 717
92 54
917 928
206 839
529 908
890 457
679 759
302 571
309 351
767 472
404 667
793 86
77 565
558 797
298 290
686 700
140 667
821 475
547 421
904 110
542 602
328 40
154 710
92 486
445 657
848 38
614 786
64 820
466 632
535 931
592 27
496 341
458 681
828 46
834 120
284 89
470 593
323 174
53 741
107 775
113 838
764 763
204 411
649 584
542 930
138 300
504 356
766 651
655 491
823 911
788 147
184 769
847 915
758 831
775 503
814 253
335 593
258 196
394 606
675 236
514 668
881 903
899 557
21 482
460 211
872 147
873 43
88 614
767 707
182 234
93 282
592 18
649 45
850 781
698 707
899 104
739 210
380 638
481 678
705 265
463 41
321 362
543 707
721 835
507 67
109 267
436 413
899 802
556 257
25 895
480 793
657 673
51 101
569 634
73 587
277 747
166 827
150 156
923 221
532 81
778 892
873 44
49 15
927 779
586 254
661 187
441 531
801 678
685 667
539 419
634 408
762 566
897 565
915 15
930 287
107 575
788 161
114 692
408 120
30 211
711 491
417 254
36 367
258 413
494 72
254 492
542 259
502 207
831 857
840 277
141 37
287 26
840 890
437 25
240 347
780 308
96 101
224 42
240 901
176 909
266 348
433 367
287 348
197 809
400 427
783 335
510 757
702 846
80 126
540 919
316 444
320 653
581 376
496 502
749 487
695 538
735 766
99 206
99 824
726 825
323 108
443 488
380 907
201 674
687 384
275 273
439 87
310 813
461 699
22 427
872 307
320 16
818 819
687 807
177 535
469 433
627 670
926 896
766 395
79 365
427 644
652 430
646 282
821 361
284 189
833 488
571 582
718 667
140 13
297 836
651 888
526 628
729 35
181 302
2 691
150 635
613 625
28 297
412 648
472 878
931 121
364 145
238 853
573 825
850 862
320 418
597 632
476 149
12 719
89 235
124 546
39 888
739 114
410 453
29 503
603 612
654 864
876 139
716 151
537 547
24 383
428 814
405 206
904 686
337 136
855 669
249 350
744 7
654 101
640 462
860 646
225 889
509 565
718 198
494 652
354 35
734 925
559 914
288 413
350 890
149 314
371 275
206 773
355 589
427 40
357 423
871 390
451 363
125 843
658 647
590 762
590 175
242 307
598 63
600 667
532 108
143 376
165 144
466 7
367 436
223 464
575 142
207 697
867 916
339 270
141 5
284 373
657 824
417 297
808 192
628 591
919 223
279 420
524 869
295 610
581 727
747 4
394 612
105 916
414 174
489 930
3 228
734 457
865 430
184 227
439 162
775 708
559 776
600 482
177 119
231 828
342 769
749 831
272 786
213 133
591 411
683 650
461 823
79 376
598 54
584 492
86 282
750 903
592 379
385 582
655 10
854 69
320 745
817 614
599 742
155 901
506 121
491 487
471 670
722 568
372 404
140 344
399 680
770 44
662 573
357 634
166 849
596 644
110 889
873 250
633 714
930 83
515 795
455 614
477 35
496 802
260 27
244 384
816 257
357 314
183 418
766 470
347 803
296 900
480 225
349 702
436 644
137 494
321 345
654 126
711 556
451 119
159 334
314 570
271 127
883 549
737 370
4 151
27 497
26 491
771 206
343 557
523 885
336 647
801 192
271 236
294 243
313 849
740 467
444 61
446 322
68 334
784 151
362 466
198 419
606 113
735 344
219 682
830 36
387 922
463 517
374 341
733 274
537 575
403 762
416 146
398 72
504 238
771 565
450 118
50 723
16 122
772 866
431 318
479 554
45 566
269 325
302 682
504 93
201 415
819 274
865 100
338 467
264 434
708 163
504 460
858 743
711 331
54 366
642 228
258 797
785 43
95 619
277 404
332 340
337 348
887 625
796 784
659 859
9 625
128 326
838 738
149 133
16 762
585 350
339 641
28 601
277 699
577 77
173 634
444 822
28 259
139 381
379 848
396 223
287 77
513 710
165 449
165 545
509 500
82 791
231 36
175 333
803 438
553 674
626 472
822 826
481 511
59 915
886 814
29 567
32 127
12 471
640 638
716 169
789 237
460 34
408 595
443 417
339 646
892 61
393 438
677 647
752 157
825 697
73 700
77 156
707 742
317 195
523 920
256 693
529 475
344 258
111 665
179 597
860 325
586 879
592 747
57 843
722 637
355 663
853 925
340 576
180 797
839 670
623 413
352 804
759 45
391 482
874 418
342 482
662 364
173 655
760 453
6 341
102 857
75 694
807 502
20 932
202 771
847 410
614 878
379 144
427 433
430 44
705 679
489 904
73 483
220 118
576 87
442 168
703 205
374 49
137 337
792 94
926 670
247 524
888 591
606 678
55 420
114 237
919 80
247 250
616 204
796 925
818 274
512 82
639 430
924 438
74 213
330 315
521 881
663 538
277 56
740 866
192 835
516 752
910 861
529 143
269 652
677 503
882 409
111 409
24 625
408 795
113 298
286 465
698 457
19 160
765 386
131 874
601 10
726 57
799 157
268 577
340 598
179 797
382 820
736 147
330 570
844 601
811 170
773 595
6 867
190 874
450 34
12 797
307 10
237 234
873 11
78 927
541 136
850 331
602 854
35 567
515 181
358 738
422 23
563 673
584 762
416 92
606 769
437 15
113 6
258 252
350 821
922 791
772 771
747 450
727 631
693 643
548 154
180 156
223 820
555 402
339 565
533 894
547 665
219 181
755 346
702 802
137 546
193 136
393 139
604 589
552 635
863 704
440 234
648 911
187 29
423 404
78 604
737 91
355 396
420 453
231 289
323 628
399 282
17 663
534 686
422 771
900 314
613 175
509 293
763 69
47 435
855 102
269 266
200 889
754 256
864 923
369 467
807 933
581 625
299 424
688 670
396 660
507 77
182 50
425 466
649 773
667 674
85 813
301 928
654 54
124 261
208 177
513 216
414 538
608 218
113 935
827 312
96 644
320 914
210 913
391 228
726 644
12 548
14 207
817 511
553 639
113 749
777 278
611 789
226 186
410 859
124 574
229 228
783 185
291 727
459 229
720 733
275 475
277 126
6 409
533 607
781 424
359 873
788 366
400 615
440 724
384 673
294 356
850 406
775 495
375 540
790 457
538 644
137 850
373 913
687 494
877 692
909 864
108 725
731 823
932 455
844 750
59 430
294 70
441 530
463 597
636 278
46 774
566 820
658 413
434 421
166 412
14 911
555 749
13 420
445 91
334 9
8 372
99 200
132 565
585 689
355 134
33 135
469 654
551 125
702 678
871 100
351 934
318 794
870 807
743 47
431 916
575 373
841 35
474 264
606 168
74 25
508 326
310 787
387 508
408 162
924 192
153 686
746 445
201 922
678 356
554 69
585 771
519 928
899 815
137 456
71 273
526 167
358 373
533 191
400 597
659 366
59 840
850 392
80 595
316 300
460 907
874 258
524 5
279 473
775 167
320 428
581 724
51 889
140 849
930 76
198 589
643 720
288 796
846 701
924 530
82 653
891 889
122 859
301 685
501 409
534 496
274 593
115 184
558 833
318 432
871 849
803 497
328 282
57 605
92 427
721 243
260 265
592 64
620 332
33 145
208 276
334 668
780 227
490 98
67 91
305 143
20 444
417 565
219 531
900 200
39 891
354 661
596 148
339 933
856 249
394 853
586 891
175 678
751 82
555 760
776 69
288 761
414 21
895 9
354 891
226 119
675 467
669 76
800 773
268 811
693 395
634 280
54 223
628 846
149 312
455 809
777 608
870 285
709 523
14 178
1 708
13 862
39 158
594 774
684 209
279 652
375 774
636 684
620 566
198 773
177 98
747 727
188 157
173 810
870 42
784 567
804 570
469 676
643 809
735 729
114 447
895 280
502 926
189 710
317 165
391 169
375 36
276 570
107 356
606 245
198 191
422 650
296 693
705 196
616 84
261 831
451 796
71 530
547 391
734 89
239 869
683 198
393 468
873 170
597 847
102 487
362 368
514 405
181 407
98 650
662 773
789 643
186 127
244 892
872 455
932 512
130 720
554 517
912 672
597 118
636 23
564 308
286 392
177 884
586 178
649 18
796 327
687 101
53 759
732 292
473 94
664 60
296 587
334 594
151 424
772 343
764 712
93 13
822 935
474 199
735 227
628 47
277 839
792 597
206 566
108 605
393 672
871 885
268 219
198 646
930 767
571 466
414 926
239 255
313 743
695 76
541 108
238 778
778 487
358 86
104 120
508 236
47 36
555 397
511 444
721 360
633 254
770 928
435 678
683 516
162 530
357 32
115 151
435 421
560 9
144 670
928 812
884 187
686 227
141 75
46 823
757 472
514 826
439 115
146 206
654 437
26 576
873 457
102 640
231 531
622 129
162 502
787 867
250 632
664 289
575 53
320 930
726 852
638 257
730 46
361 820
310 492
916 820
207 682
406 398
891 81
767 884
490 224
539 733
771 923
884 635
539 32
208 715
463 525
377 785
599 497
338 333
235 674
399 10
441 776
460 497
8 242
374 732
124 807
654 386
359 136
20 602
310 185
754 918
388 595
892 770
834 575
753 302
535 465
428 665
451 446
288 12
110 282
402 691
884 325
558 916
79 174
864 860
393 327
802 903
268 482
569 880
930 550
416 597
733 696
519 859
352 339
2 162
633 377
816 311
557 204
181 491
261 298
772 543
428 66
481 820
8 676
479 284
463 502
672 64
799 392
488 642
215 712
530 34
472 486
73 104
717 133
203 342
3 373
921 282
647 734
814 410
852 262
88 699
489 656
221 209
837 615
260 934
541 595
124 457
144 348
556 52
331 52
741 667
814 809
49 209
400 491
277 647
401 70
367 916
158 135
83 916
406 250
407 663
283 621
910 193
125 23
780 346
331 274
78 151
461 53
924 888
302 700
726 889
250 174
731 187
751 180
58 278
666 508
690 371
393 769
729 308
732 621
910 831
568 644
364 361
14 795
888 72
190 303
874 103
561 550
286 137
230 749
287 848
787 347
770 225
76 178
850 435
350 13
599 198
214 32
306 257
883 267
328 345
262 484
315 713
161 500
60 525
258 920
686 151
589 724
708 128
160 91
821 794
515 918
296 395
886 485
686 699
508 925
912 565
432 538
841 292
121 857
551 700
573 656
1 667
446 15
178 665
431 697
582 907
604 631
509 287
239 33
53 312
559 232
799 697
598 779
177 45
413 132
767 373
344 181
243 631
239 475
222 186
29 617
446 361
691 81
106 108
677 403
586 751
529 394
844 388
830 516
28 479
535 377
393 57
107 7
436 524
716 206
630 859
613 460
760 912
77 588
323 457
767 631
55 236
455 854
594 491
214 823
622 595
254 84
883 849
205 348
387 392
512 580
397 905
752 467
623 432
30 393
755 181
521 794
276 890
702 33
79 312
562 588
853 187
780 877
231 6
454 725
453 595
474 191
275 66
118 421
633 399
16 591
283 2
83 113
175 591
208 106
324 925
807 405
661 506
406 923
50 587
264 928
12 549
344 334
750 673
291 924
368 372
115 823
919 6
351 117
184 603
887 690
543 225
391 707
30 385
772 164
507 795
492 512
467 882
256 691
647 274
711 199
869 601
671 758
677 199
564 9
858 177
640 553
145 720
181 583
555 556
458 220
173 130
910 164
456 394
106 641
518 404
408 888
760 781
930 685
801 128
389 312
53 371
510 172
827 250
382 637
787 383
689 554
263 38
730 860
13 112
592 853
240 890
721 684
90 336
720 475
766 150
62 647
321 543
340 301
431 27
790 598
35 466
809 742
350 73
3 653
354 491
152 890
906 274
838 857
893 802
858 43
110 814
293 151
133 325
461 640
874 445
744 505
929 281
324 46
589 207
771 500
461 332
864 791
671 218
853 843
417 864
396 700
56 725
731 738
272 839
829 913
759 869
150 503
297 833
294 596
102 331
374 748
807 577
585 438
640 498
569 460
553 89
474 136
81 409
152 833
861 578
925 495
104 133
124 216
569 61
199 270
767 805
134 565
756 917
78 558
337 491
829 252
853 424
68 365
586 699
227 72
369 365
442 557
8 517
313 808
523 621
504 275
12 276
253 637
107 670
533 854
271 419
735 142
283 149
602 645
244 864
297 842
246 457
160 413
912 527
51 205
932 31
1 31
346 531
573 404
807 642
294 142
462 319
618 433
908 96
568 336
607 81
203 279
573 396
852 723
541 611
602 6
677 925
79 755
200 377
680 366
292 924
900 201
480 404
722 879
375 776
735 758
88 815
855 585
16 385
141 625
56 792
669 218
502 693
874 482
305 530
305 800
164 467
716 224
541 459
502 233
103 91
893 270
503 911
754 117
275 212
176 691
829 48
116 464
355 2
246 226
28 337
488 44
324 690
346 150
385 545
224 631
102 54
484 629
891 580
489 51
714 227
71 806
606 45
902 595
793 720
793 11
777 654
866 825
102 380
893 607
490 455
788 266
741 719
455 912
900 547
423 465
389 799
858 15
104 650
55 223
790 873
885 727
778 179
484 80
677 21
201 383
20 677
480 418
687 657
62 731
212 826
67 642
468 857
316 882
19 337
159 774
721 378
118 233
214 11
415 579
876 727
346 326
36 65
562 830
540 465
348 43
581 235
283 568
105 245
855 701
70 352
346 233
845 678
912 521
875 307
884 361
522 212
335 836
138 221
305 750
90 697
604 677
163 47
109 588
865 867
241 326
114 802
6 907
243 839
335 446
429 762
30 470
900 442
897 531
869 888
331 399
222 435
350 132
243 385
870 37
842 356
585 717
784 432
508 689
355 533
779 672
784 122
358 156
162 111
73 453
552 571
865 779
20 113
369 527
760 137
282 725
299 657
375 895
766 419
262 694
328 718
322 285
777 393
60 917
131 626
31 691
444 174
870 77
873 882
377 245
865 152
6 797
246 44
102 353
463 857
344 36
661 31
455 895
498 447
297 613
458 333
160 193
870 759
88 752
18 876
511 105
649 3
870 672
87 32
345 385
774 421
299 80
263 110
247 869
176 485
349 26
165 178
929 841
260 727
778 398
709 256
124 800
66 707
456 933
36 126
883 565
441 880
833 835
705 665
283 472
410 704
840 779
840 448
590 498
236 591
345 204
74 562
807 373
403 300
83 823
651 280
517 234
746 355
56 235
711 322
380 632
90 207
768 438
474 757
443 867
275 435
222 878
521 66
741 657
799 578
193 49
765 438
161 595
537 527
900 34
663 518
355 261
138 808
730 597
395 881
323 582
343 74
608 756
418 127
324 403
113 896
292 644
391 7
744 425
655 260
284 449
782 320
414 243
162 120
580 424
238 471
896 227
516 907
369 239
557 289
460 719
924 548
524 430
910 2
177 605
380 631
183 515
3 544
167 126
739 329
131 264
526 75
414 472
751 465
329 474
186 27
477 189
188 765
248 742
872 43
321 888
430 312
659 728
422 923
914 253
734 266
775 86
137 563
852 270
163 415
801 226
505 429
269 893
855 85
606 845
822 134
510 281
511 149
295 503
11 723
502 578
620 512
934 565
477 715
910 593
171 314
297 907
544 42
581 891
361 645
713 307
604 633
311 580
479 278
210 601
339 15
852 277
746 205
463 249
397 773
586 217
678 803
20 743
521 593
205 40
854 652
2 725
585 7
180 151
220 510
76 347
276 312
423 198
264 242
874 402
505 896
532 38
101 97
854 289
133 61
767 821
526 572
263 686
175 13
433 41
15 578
332 403
652 211
690 403
379 894
379 421
507 360
549 897
74 483
616 562
113 4
332 648
131 120
295 163
137 321
528 831
870 836
912 670
876 172
567 866
510 668
814 142
524 157
618 192
212 303
170 82
782 680
253 123
239 525
402 259
539 334
851 881
564 769
463 806
927 314
358 867
436 700
809 625
555 660
874 861
893 347
28 805
823 797
822 248
633 61
60 73
408 335
375 247
100 781
446 273
290 143
272 398
399 206
395 797
205 171
689 904
137 475
3 13
117 905
430 595
852 81
398 839
414 913
618 90
451 935
818 426
676 225
200 207
290 538
683 81
21 922
617 591
247 54
357 391
850 237
676 112
108 165
181 233
148 425
576 895
739 285
315 456
262 922
249 470
357 488
784 209
253 593
507 794
16 824
402 226
689 84
176 732
653 38
193 901
433 195
490 571
508 334
702 724
863 126
295 733
60 377
501 217
428 143
710 487
461 664
240 404
899 180
277 163
170 632
615 606
746 852
661 881
316 602
914 820
311 786
772 256
539 122
581 38
448 686
140 231
840 352
493 377
571 902
716 728
328 616
292 58
402 221
407 172
618 835
747 467
250 857
362 895
716 866
555 548
900 499
114 546
521 150
99 202
623 233
476 148
263 658
394 591
433 85
751 360
681 228
900 386
422 49
47 206
328 241
604 158
736 217
402 69
811 860
316 899
334 38
230 889
908 36
174 399
214 381
489 95
17 282
309 748
718 663
458 380
408 694
850 64
617 859
279 720
339 723
582 395
213 545
932 686
149 196
703 621
78 527
616 892
211 448
51 248
782 567
476 222
344 607
313 209
76 399
101 44
891 185
46 935
268 902
469 3
16 193
396 882
886 748
611 174
407 853
152 502
190 274
562 299
67 686
656 497
87 356
788 857
251 702
515 438
310 923
79 928
728 377
546 448
819 281
140 499
549 128
606 382
109 649
898 453
602 258
539 678
337 37
262 681
125 580
749 366
309 407
863 303
460 242
479 174
338 499
924 366
528 591
599 353
88 641
909 905
829 859
179 794
455 223
665 221
663 382
184 407
874 45
718 46
243 274
606 470
454 308
863 630
283 486
45 738
898 682
470 545
58 318
840 228
107 464
403 248
879 918
329 411
873 308
590 325
201 582
260 644
602 773
502 805
484 784
394 47
892 546
655 326
217 366
808 754
516 24
756 303
137 844
579 696
728 158
214 279
345 420
489 847
680 769
740 336
558 411
504 696
873 158
545 745
555 755
791 697
222 795
925 691
124 797
529 189
730 285
197 914
163 459
383 209
590 332
577 796
445 494
731 132
345 572
197 547
787 712
790 23
350 864
167 282
740 613
73 415
88 196
514 480
344 675
1 134
772 918
239 274
208 728
616 229
445 5
410 466
782 188
180 281
775 58
648 619
573 639
79 576
310 201
461 464
173 763
780 498
31 824
675 211
489 543
808 422
871 656
883 545
921 713
340 582
260 829
501 143
321 825
892 139
782 531
70 924
37 632
883 5
207 4
45 29
871 145
874 247
720 133
51 266
659 741
197 866
900 454
661 665
95 614
115 233
77 663
190 367
351 530
183 334
546 629
677 339
272 923
310 615
371 631
389 124
675 846
429 285
566 64
751 301
897 118
173 517
890 233
883 315
817 706
529 501
910 154
287 663
842 301
935 363
918 234
188 70
49 221
744 921
689 325
764 452
124 446
207 674
159 617
698 832
716 39
592 648
865 302
760 739
132 48
323 336
567 635
587 466
439 484
167 52
795 769
298 491
688 266
476 815
304 868
834 157
503 438
529 747
824 531
328 319
75 151
610 333
313 315
294 887
540 123
246 92
695 921
286 807
892 582
837 776
417 162
329 717
640 552
919 554
919 209
320 408
563 750
486 862
414 67
536 848
417 488
201 273
311 257
222 275
59 927
654 793
428 40
748 404
784 588
208 797
463 491
584 370
547 487
203 761
40 378
685 621
354 871
321 82
523 868
873 65
856 391
426 675
434 700
18 642
732 47
898 232
294 761
208 821
137 292
155 133
250 710
731 641
792 72
276 857
793 433
830 622
47 256
837 397
342 915
71 51
329 464
510 383
439 506
711 315
778 438
534 632
485 35
360 217
54 5
930 774
54 727
112 905
222 52
479 517
315 748
131 603
694 40
469 816
456 150
241 845
494 66
18 587
253 691
586 752
495 348
542 31
672 234
690 713
62 420
841 312
752 312
254 685
95 935
810 824
703 605
702 149
65 503
875 450
681 791
566 869
570 386
627 207
863 726
771 681
226 34
279 475
729 137
51 510
469 83
23 228
18 854
384 373
519 641
262 512
433 341
841 574
769 265
149 487
551 598
778 41
176 395
924 236
380 171
586 792
262 527
535 630
187 725
848 413
521 265
557 902
444 879
177 75
364 720
124 160
343 556
53 679
628 187
555 581
277 142
245 207
135 303
677 82
241 895
810 120
585 106
335 498
743 465
249 680
530 670
381 797
716 693
829 566
131 481
239 333
116 629
669 314
283 153
589 341
718 544
284 680
21 550
387 698
568 933
247 434
446 582
658 95
268 239
408 560
623 642
516 72
95 878
538 694
1 678
321 165
50 486
331 207
254 83
454 76
203 701
471 632
539 150
263 847
927 82
17 317
219 793
442 40
125 180
481 83
806 645
84 499
526 259
306 179
924 120
416 829
309 312
145 815
493 118
441 368
390 518
47 94
852 136
507 38
470 430
608 198
537 800
323 516
793 769
277 144
5 123
790 155
447 48
504 394
529 452
841 576
261 563
511 50
96 84
370 591
244 84
445 213
284 803
214 676
892 751
768 37
316 819
439 728
735 696
506 132
779 464
237 918
837 362
323 291
930 265
159 713
199 550
822 424
850 758
519 872
651 673
746 731
379 453
843 697
309 434
384 23
130 218
556 149
131 687
775 206
355 556
501 64
48 388
229 518
389 755
620 839
351 105
215 599
570 9
666 524
749 398
276 713
687 745
138 320
469 623
841 332
655 711
326 132
662 866
772 425
296 354
255 68
580 356
176 733
619 195
51 517
485 846
269 145
37 879
214 203
532 934
772 739
260 578
310 119
633 552
355 923
816 743
304 266
817 690
767 492
469 885
554 774
519 589
202 643
78 248
387 574
501 542
778 888
400 96
323 243
676 50
834 65
184 36
864 392
811 659
320 762
187 157
316 901
371 799
559 118
817 6
393 228
87 673
140 813
470 209
583 843
826 361
610 42
405 191
345 901
284 365
379 169
732 38
92 787
771 175
3 652
777 335
212 436
730 425
492 342
289 370
608 678
918 312
185 142
618 41
756 904
261 289
778 867
708 94
818 321
287 459
17 648
287 605
329 193
733 341
109 73
119 386
47 737
504 857
215 229
549 762
343 303
54 934
877 285
297 839
241 418
543 701
930 274
163 471
1 91
202 307
485 500
521 668
463 49
902 259
705 392
817 281
176 239
140 432
414 127
474 915
105 360
148 923
535 281
558 31
543 619
449 538
640 248
747 162
801 731
179 356
183 739
30 698
659 110
462 724
231 866
636 418
695 510
291 345
683 414
596 917
478 436
533 603
239 648
873 828
31 753
729 410
680 765
128 170
608 447
37 822
868 97
528 561
604 254
594 923
772 367
220 828
853 500
727 693
395 89
286 293
846 447
38 591
59 438
166 494
885 884
391 399
359 588
803 673
881 641
535 500
496 763
832 101
408 34
266 631
898 867
910 873
416 380
865 227
39 448
546 111
479 137
817 606
190 649
431 831
451 21
930 832
254 17
368 314
59 712
299 217
745 696
49 612
66 538
892 229
88 254
532 836
521 884
220 637
187 847
505 607
830 584
523 669
666 852
198 888
246 199
917 588
646 719
173 392
834 784
27 794
317 127
893 605
254 650
401 864
292 273
898 468
790 165
560 598
133 392
851 803
393 223
14 842
182 736
643 270
771 325
496 267
921 171
74 242
562 322
528 702
892 252
269 603
55 565
519 880
152 460
335 435
762 750
174 578
296 433
929 735
52 922
414 258
736 85
336 862
633 920
817 503
67 82
599 738
840 606
768 848
731 580
879 935
765 409
57 194
737 381
521 696
636 40
150 223
117 301
726 216
834 922
715 456
516 15
537 339
60 399
501 905
317 727
526 879
600 802
486 685
910 462
821 326
631 64
369 271
298 773
264 653
323 873
502 621
446 302
215 157
451 234
452 177
736 551
47 580
222 433
97 227
777 799
709 284
505 278
821 24
827 500
331 363
476 642
854 205
615 365
780 639
585 298
163 924
883 867
845 232
728 326
829 686
286 319
188 71
703 213
822 15
688 903
839 319
671 316
264 121
716 551
659 412
788 120
683 809
57 144
295 167
541 758
484 410
840 765
521 878
680 475
112 376
494 80
886 670
760 105
79 507
541 316
246 34
272 630
126 361
91 45
698 163
882 388
537 684
900 461
751 368
867 178
138 238
870 727
260 478
279 890
546 367
196 383
444 432
108 86
533 920
664 158
481 537
634 864
618 301
834 518
747 35
520 839
408 150
262 273
245 583
250 370
695 101
359 481
351 656
725 72
283 45
709 270
505 237
379 554
395 257
179 108
833 397
76 23
4 820
332 105
152 10
902 805
726 185
838 935
897 429
416 399
804 680
883 881
927 368
667 112
646 347
506 920
83 172
609 612
152 118
456 645
454 496
932 855
516 6
385 66
757 308
887 31
467 464
871 731
451 650
609 485
574 650
443 587
761 111
687 804
501 241
585 742
359 759
215 708
698 632
240 432
612 531
773 843
461 750
443 111
542 311
86 686
306 438
787 44
309 453
455 106
577 459
387 612
281 233
337 591
622 447
318 85
70 477
71 481
754 280
850 657
919 424
276 670
291 603
924 597
449 776
854 274
874 123
159 724
788 786
664 394
131 366
422 398
761 112
337 211
600 178
140 480
692 706
841 707
661 483
627 888
314 776
740 108
544 132
604 273
841 684
291 56
19 594
739 665
21 314
77 685
406 621
139 589
616 161
562 280
338 5
467 625
737 392
531 645
362 911
734 42
129 38
519 842
366 361
646 151
357 136
271 482
874 904
256 857
573 660
455 270
300 915
893 482
35 691
923 799
451 684
107 892
26 226
114 459
410 710
211 572
322 156
125 339
677 518
163 106
357 756
260 919
210 51
545 252
389 209
306 213
772 608
701 497
669 241
581 390
854 300
800 467
460 169
306 164
294 288
516 844
8 348
173 713
319 308
624 881
470 404
664 669
420 307
8 918
872 768
173 602
104 750
321 751
31 155
569 800
803 265
369 881
756 367
486 410
284 920
579 805
428 450
229 612
439 791
295 50
425 23
600 589
230 21
12 784
658 904
290 859
203 486
78 124
330 387
351 765
337 198
66 457
60 216
676 228
930 811
770 564
789 553
114 902
263 386
407 97
114 157
232 742
604 326
255 23
628 919
414 546
683 292
785 225
760 881
652 391
659 792
783 619
328 403
804 348
200 893
310 72
419 646
900 770
826 418
852 913
529 229
471 191
702 668
534 347
748 49
852 768
405 171
300 693
488 370
215 186
657 637
681 792
898 37
788 464
777 26
197 145
733 127
517 216
152 644
501 842
456 543
562 40
764 832
925 878
251 895
431 430
569 931
146 820
516 682
166 594
223 72
540 926
616 300
245 566
530 170
856 347
634 378
178 388
345 684
128 657
164 442
36 503
413 418
45 383
474 156
924 432
231 333
772 200
793 786
520 630
549 623
144 282
715 398
148 773
22 887
187 745
465 911
355 120
104 438
732 587
880 265
532 831
159 681
679 696
496 2
562 419
279 725
67 307
12 829
490 544
472 43
861 154
427 450
369 82
554 510
711 45
472 869
626 625
400 796
904 64
518 386
352 101
320 425
203 68
780 636
530 308
84 625
179 648
130 846
576 847
422 134
519 129
726 80
33 527
342 420
344 771
808 168
222 467
653 786
498 619
427 738
743 322
928 118
361 704
362 171
788 376
592 573
336 156
335 252
371 280
892 97
624 916
253 398
915 42
294 254
790 479
296 708
406 931
481 405
780 635
400 781
16 195
683 421
455 707
826 706
296 542
575 920
139 390
138 704
14 87
716 771
92 229
241 741
651 168
49 896
103 24
656 258
930 727
782 407
666 490
387 48
130 589
174 189
31 641
602 719
433 69
306 461
867 497
608 693
932 851
556 122
8 501
190 534
526 923
364 195
328 252
592 686
484 352
355 111
410 462
653 386
652 491
910 101
179 413
63 388
590 871
577 849
117 894
924 916
808 671
193 572
250 10
68 117
12 810
270 713
452 212
330 930
292 637
369 69
260 508
633 433
640 464
389 619
855 893
860 360
608 241
862 156
455 734
920 738
136 223
375 472
908 423
179 373
489 845
790 791
138 47
648 353
371 135
761 216
726 432
402 769
528 156
837 430
529 629
253 524
533 272
772 568
109 234
810 619
152 373
338 266
746 671
262 67
469 373
269 888
590 338
166 704
225 591
133 462
516 880
506 234
806 657
55 647
222 230
760 382
862 196
410 794
379 824
393 470
508 544
1 132
359 615
404 650
576 171
900 844
792 824
390 502
46 195
799 94
268 73
413 605
348 356
295 864
606 196
505 217
506 713
910 230
677 750
117 694
610 707
726 881
335 527
835 366
268 175
732 836
514 179
808 311
536 785
24 699
647 440
634 674
213 447
569 865
115 921
41 825
39 866
798 32
78 779
873 705
602 385
158 302
141 665
237 708
866 266
109 443
189 23
689 409
446 101
106 864
235 825
140 32
400 274
110 680
26 827
540 126
834 914
390 11
440 44
16 151
145 565
368 923
20 124
884 902
80 697
335 472
542 153
249 871
71 597
180 781
470 148
406 266
1 150
441 914
350 308
407 360
886 27
376 697
840 766
585 892
553 881
806 621
649 652
501 691
651 656
504 574
575 381
124 804
909 194
689 12
768 148
326 395
202 787
564 629
492 934
316 149
906 917
746 795
198 524
736 285
239 442
479 934
821 707
452 494
112 694
756 199
683 54
364 823
600 54
304 467
910 535
429 356
338 684
558 563
130 518
354 185
792 679
408 593
387 791
53 267
802 673
603 717
929 594
336 193
806 802
771 275
898 441
357 513
444 40
519 471
403 171
618 684
732 849
789 278
437 737
611 161
649 9
484 589
885 118
891 657
529 118
912 378
62 852
237 436
113 859
772 449
321 336
313 540
765 621
760 9
173 844
543 645
836 745
212 195
451 653
766 35
714 13
218 54
364 57
458 761
423 165
260 729
688 314
581 315
656 142
30 345
549 787
624 845
839 631
109 448
662 916
58 213
520 24
830 480
261 464
616 44
106 531
855 791
658 250
255 438
717 786
773 72
77 104
523 146
872 368
335 656
853 365
709 40
729 311
801 642
141 97
643 227
458 657
55 529
244 820
406 15
615 743
466 282
263 548
288 229
291 221
476 666
340 672
260 139
779 7
543 38
240 575
584 823
330 550
20 929
884 875
245 196
623 253
265 612
547 381
141 468
309 530
532 686
55 761
294 403
458 199
886 119
202 641
83 189
283 344
782 249
568 762
414 733
628 554
611 361
770 281
78 878
559 452
599 550
130 106
484 513
547 91
469 179
471 147
399 438
606 570
55 464
754 812
900 19
921 383
890 758
615 23
760 88
454 631
181 805
536 641
408 864
563 232
489 289
471 497
721 759
590 644
609 720
3 33
904 752
294 736
759 578
426 274
264 713
873 368
926 650
357 506
640 100
788 751
164 621
3 517
208 102
379 73
210 195
702 497
525 696
490 390
320 488
806 85
154 81
688 884
393 754
727 347
250 518
158 391
768 770
513 692
461 199
19 498
425 372
225 631
245 257
374 506
358 582
110 314
147 300
99 551
478 665
770 554
85 632
909 54
470 194
509 680
183 817
554 935
445 896
634 578
636 751
214 199
804 419
602 427
611 484
117 371
780 436
655 162
89 466
604 233
788 468
790 911
122 725
675 363
353 325
870 738
456 382
394 544
658 277
269 127
655 885
271 879
660 827
555 464
666 824
556 47
408 669
117 405
657 411
374 187
263 838
668 880
90 636
782 328
1 197
238 97
30 285
205 256
728 209
279 75
244 453
634 589
28 537
394 457
585 391
146 278
554 228
349 83
243 7
260 879
744 53
779 554
753 478
563 699
855 835
638 593
179 89
321 15
353 498
832 802
743 617
581 169
393 256
412 171
162 745
56 913
532 913
402 645
437 727
249 166
760 196
461 166
154 392
302 922
358 566
767 500
640 702
883 715
664 127
114 10
204 738
62 335
768 32
313 153
568 464
551 679
73 823
865 530
574 234
206 896
100 216
397 564
283 578
359 510
639 233
400 337
842 648
55 254
664 285
866 745
832 372
523 172
636 105
836 430
51 878
530 314
324 141
571 132
844 94
569 277
539 520
298 829
455 297
688 237
317 869
279 341
889 4598
252 36
549 10
493 793
187 345
406 847
556 783
409 199
870 3
619 631
13 509
549 832
841 799
398 483
695 539
401 16
366 866
519 567
595 309
371 575
119 165
244 589
251 85
379 24
622 761
291 116
216 643
108 118
629 30
521 189
867 242
885 767
389 378
725 325
580 3
708 88
876 544
654 745
362 502
513 94
470 288
145 420
315 523
185 253
518 201
595 19
406 77
732 484
817 29
102 586
840 725
711 263
888 698
74 783
399 4
773 639
793 52
850 498
315 328
521 174
72 532
726 287
585 871
469 643
805 861
291 601
384 79
497 174
260 657
727 372
488 734
784 27
361 171
35 604
605 500
736 356
511 564
406 222
777 633
171 422
7 361
704 418
409 605
213 410
102 754
303 280
877 568
731 792
473 69
688 257
676 856
627 612
666 130
481 184
580 887
835 761
513 790
214 139
615 539
234 605
401 558
662 190
665 74
206 433
304 632
888 125
851 678
313 603
601 242
195 247
508 688
219 550
474 290
348 692
621 775
538 32
886 157
741 251
337 26
726 775
746 829
874 374
340 686
362 34
44 602
882 502
41 180
152 518
687 85
465 254
492 559
265 835
105 151
508 399
454 498
164 761
517 608
572 832
762 716
176 620
323 377
507 500
548 614
474 698
555 322
178 194
223 464
405 285
667 749
688 353
506 215
178 723
106 884
213 560
569 352
653 3
842 605
613 684
593 623
228 115
705 85
443 85
70 362
651 287
600 731
863 273
58 159
6 514
668 257
304 601
391 651
782 834
736 700
23 771
42 527
733 495
439 357
847 664
114 812
8 567
8 76
689 29
466 325
498 420
305 276
201 637
756 186
554 59
518 77
828 682
246 871
888 139
524 796
300 9
503 420
238 683
70 777
749 535
492 801
291 131
113 604
760 156
339 859
42 592
757 60
350 417
544 679
355 811
263 292
263 755
13 167
599 377
597 808
841 644
825 783
474 423
888 445
726 302
538 51
333 32
134 19
634 664
683 197
584 567
234 551
437 66
791 578
242 26
97 306
243 834
172 420
651 788
688 263
529 26
171 173
401 529
776 690
367 779
167 46
333 258
405 661
597 827
411 728
393 117
33 635
621 250
363 707
381 235
474 319
321 490
664 867
757 5
297 639
172 381
730 507
66 14
666 763
161 354
848 88
882 633
459 160
833 121
80 707
870 255
211 334
709 51
432 417
158 490
350 682
588 30
695 794
112 697
443 291
245 56
145 870
871 311
874 5
857 203
363 811
779 71
327 219
21 66
650 690
669 748
781 807
85 357
359 714
361 255
489 434
4 460
845 789
397 267
25 816
874 438
465 73
769 357
654 243
529 829
362 6
607 177
848 552
521 203
482 313
172 848
651 632
306 52
859 54
513 639
806 531
112 235
204 782
192 718
502 47
881 680
622 283
626 870
60 768
280 534
6 785
116 644
246 32
486 627
527 694
689 378
238 708
21 444
5 749
779 733
601 64
184 222
585 158
613 113
529 207
772 129
557 299
142 748
270 764
269 494
288 558
859 498
474 758
381 778
638 689
46 56
117 740
398 490
279 224
248 290
726 587
488 411
521 462
401 79
94 236
150 440
26 1
407 668
651 236
655 661
395 259
363 694
237 582
554 174
520 18
127 376
465 752
120 384
798 856
657 612
324 189
330 679
92 433
627 115
442 160
82 544
482 459
296 579
411 304
584 414
197 661
329 580
146 114
112 281
146 742
21 679
549 356
336 754
831 170
821 509
65 66
284 319
680 247
17 487
700 572
112 641
757 573
665 620
831 620
248 739
392 200
654 26
712 551
429 281
414 191
753 283
455 215
275 734
78 864
458 35
772 605
25 464
317 274
463 823
221 601
660 305
691 464
479 624
746 13
343 351
416 754
453 344
16 834
476 885
55 739
42 885
60 388
868 556
23 47
746 32
616 625
118 604
580 592
565 237
380 485
548 512
271 374
700 580
735 776
352 826
831 211
561 480
743 301
241 871
600 634
285 235
106 399
784 640
805 858
823 623
699 126
441 789
722 53
725 557
502 766
802 688
142 368
41 566
685 261
6 149
832 335
585 638
359 531
880 46
364 215
549 147
256 573
350 390
850 215
688 203
762 78
411 150
675 589
361 418
713 213
696 123
725 765
626 381
865 644
241 287
97 754
594 208
721 472
443 324
736 465
139 79
308 586
327 802
222 410
721 166
150 24
725 17
813 131
76 281
602 163
650 375
449 247
594 498
480 9
672 450
763 694
693 787
159 300
732 356
286 661
457 500
517 235
847 884
497 797
649 724
647 397
499 388
709 883
284 661
613 262
33 403
622 335
640 682
434 553
113 144
574 722
242 500
558 797
155 471
817 104
82 334
871 704
417 378
608 558
626 133
366 839
240 674
539 774
277 291
171 864
722 624
273 396
591 225
537 202
276 26
591 886
457 852
739 297
835 288
817 797
645 99
824 79
825 250
111 102
215 661
799 714
423 106
361 85
688 341
212 783
466 190
263 47
84 330
337 889
95 668
58 404
296 375
819 767
119 173
504 356
50 199
126 657
452 140
595 313
313 405
648 123
777 345
409 727
778 535
69 74
462 581
599 448
700 778
86 6
525 3
740 27
779 800
562 688
263 357
803 304
553 231
311 792
556 71
350 749
835 88
617 46
817 9
305 253
548 580
294 17
883 312
828 66
260 217
91 422
887 506
65 39
119 319
515 117
452 830
324 523
616 431
379 553
472 295
650 330
25 690
245 353
264 812
601 6
216 495
304 833
383 152
662 509
204 573
594 51
724 324
441 457
89 33
561 543
525 129
367 768
538 566
70 856
768 247
762 681
339 450
105 670
824 407
54 614
662 170
339 693
65 606
561 245
126 41
70 811
469 641
65 878
71 589
511 282
631 387
490 546
155 43
159 541
109 185
766 217
59 250
170 612
579 310
597 59
798 212
138 589
802 606
268 407
51 827
381 278
112 219
187 804
60 91
869 33
7 854
727 71
196 448
627 834
715 273
772 582
141 881
114 719
862 423
741 103
470 776
859 817
533 176
400 306
38 460
663 390
556 828
8 378
794 889
13 792
25 330
338 494
488 354
570 439
365 36
721 833
866 737
145 63
76 729
724 330
320 427
581 154
194 396
582 694
878 418
883 811
536 863
186 242
424 665
591 78
561 422
364 9
489 752
607 731
520 776
800 27
49 644
706 76
29 761
229 860
182 25
42 612
256 858
133 587
577 730
880 445
319 144
344 694
789 233
855 268
143 520
476 507
493 563
177 589
646 332
649 504
705 203
462 247
26 331
564 157
307 745
49 889
463 418
751 226
738 352
167 614
705 434
210 692
245 670
709 239
305 281
548 632
609 191
366 55
81 687
701 295
616 259
167 397
339 732
629 344
693 539
876 282
35 266
806 778
456 341
660 574
311 514
241 191
574 843
649 400
650 366
540 449
445 813
265 594
307 540
103 566
161 350
34 708
110 829
809 45
610 285
313 830
833 793
355 217
355 589
335 884
869 849
287 421
839 708
791 885
221 418
167 543
475 22
278 171
225 797
542 633
815 850
402 197
414 396
109 343
2 169
379 566
3 599
443 530
760 80
387 806
256 8
746 658
12 82
362 852
736 388
609 138
216 637
646 858
153 279
409 218
347 777
320 326
400 190
183 605
699 812
810 505
442 130
425 797
482 854
150 117
730 774
684 93
588 278
305 534
713 600
182 671
210 421
737 724
293 451
828 133
508 37
496 811
206 703
245 608
109 394
84 546
730 374
427 298
34 47
244 69
475 682
114 755
704 10
669 377
634 455
483 359
376 864
695 614
801 820
803 568
211 193
311 223
849 359
478 227
379 85
467 731
86 654
712 41
750 26
862 133
404 850
60 135
650 598
668 281
318 824
192 508
839 500
72 717
732 254
821 736
408 414
311 843
594 686
205 346
242 420
351 90
761 231
744 361
373 233
801 279
304 544
177 505
712 263
622 270
343 460
269 246
474 653
491 729
882 203
116 527
97 564
849 463
23 292
223 332
244 311
579 57
301 397
268 832
105 418
13 281
824 763
805 498
406 297
645 281
423 784
220 275
556 123
359 232
586 188
70 357
788 592
290 583
474 828
497 838
531 761
443 782
155 792
172 679
799 613
393 342
647 110
582 661
349 14
533 447
111 744
419 755
207 659
150 865
554 850
337 814
821 300
206 726
863 236
513 107
92 670
349 105
115 154
481 750
872 52
263 132
450 397
412 372
441 325
554 352
542 546
203 345
630 671
603 456
172 527
545 99
875 363
674 754
414 131
234 848
532 351
218 694
648 867
70 416
96 785
888 526
44 319
870 535
536 724
156 59
321 679
693 678
483 149
241 25
753 740
438 542
19 680
166 68
848 875
730 198
19 133
355 758
156 509
284 298
394 14
559 761
251 618
440 88
760 439
265 83
727 440
360 282
158 422
877 822
642 477
674 30
735 424
721 775
812 90
27 505
481 43
483 235
373 6
452 567
322 682
162 99
660 787
607 185
349 338
646 282
206 183
419 410
686 125
815 44
652 581
526 433
432 80
395 36
469 53
87 618
146 112
382 771
383 46
261 171
181 374
744 787
304 26
730 785
395 437
219 738
859 125
551 360
94 664
461 609
813 716
206 522
687 792
449 279
782 4
400 225
234 358
622 711
54 720
182 389
202 792
559 91
529 628
654 567
677 616
73 506
269 612
555 810
256 544
383 808
520 226
353 151
533 584
819 861
265 310
163 151
415 780
473 187
141 889
21 678
818 787
408 224
321 436
727 4
711 643
698 193
182 86
94 643
665 56
367 873
297 118
595 750
11 727
858 523
106 276
549 768
452 396
400 377
364 74
415 254
442 313
262 41
63 285
321 214
746 196
303 354
425 189
63 200
239 458
496 289
788 777
467 621
451 314
87 632
805 515
220 485
349 459
77 514
575 263
23 586
887 17
409 850
66 328
349 784
228 66
488 821
603 552
240 224
183 256
240 343
577 746
25 725
210 789
333 180
348 297
18 374
355 645
137 608
147 541
574 340
22 670
616 21
870 768
86 676
491 331
778 342
622 15
824 66
788 627
650 91
811 690
618 66
461 885
333 512
346 292
142 865
744 590
324 36
303 216
89 36
713 623
401 738
401 160
240 136
438 47
612 814
757 200
777 778
404 511
672 229
411 75
449 188
586 480
326 346
322 357
700 120
439 452
481 259
631 592
322 345
265 79
142 686
858 541
660 267
825 135
257 658
241 120
41 107
739 412
775 767
244 211
868 393
304 659
764 396
177 46
434 449
489 337
400 134
21 503
666 737
383 491
81 93
870 577
398 110
263 56
265 297
411 262
711 729
487 19
277 832
538 270
715 372
220 544
442 496
477 27
649 257
11 48
84 602
64 782
710 754
288 698
248 46
516 766
311 555
95 144
856 515
595 846
425 631
101 185
817 643
378 459
513 199
508 173
240 842
536 352
112 493
94 88
204 67
296 740
889 298
706 157
411 827
819 29
730 23
713 392
96 44
474 547
202 57
711 583
222 363
847 230
336 576
868 185
539 33
666 705
28 493
781 233
144 557
381 806
402 766
95 455
885 827
720 397
671 526
425 495
833 431
86 325
363 765
117 57
91 778
488 128
765 31
792 215
705 522
9 19
817 644
178 352
434 173
490 30
293 784
771 640
629 636
614 778
525 517
269 434
663 194
513 572
326 118
846 258
353 180
336 396
7 867
619 817
781 226
87 540
607 272
613 692
738 193
791 73
773 590
334 652
672 10
213 230
669 866
345 680
16 867
183 356
574 684
812 814
389 523
874 272
855 278
358 714
876 326
841 764
509 299
128 113
202 216
537 352
76 36
846 512
560 527
828 765
671 352
766 365
141 43
508 18
273 808
95 420
559 117
379 295
25 219
210 160
111 809
735 852
114 8
520 795
867 420
322 789
615 201
525 22
648 155
545 696
841 193
50 480
663 541
184 784
756 417
63 719
81 354
11 737
747 27
340 659
318 294
832 117
238 840
440 255
773 195
167 372
741 388
626 553
504 412
395 31
179 282
148 96
109 37
111 124
719 459
584 520
851 62
119 858
707 157
858 275
876 150
695 57
860 421
178 782
630 504
5 267
316 445
227 439
380 789
714 88
368 698
402 361
849 695
423 299
277 134
794 838
858 53
400 330
184 28
497 491
134 53
616 564
469 535
798 220
835 850
362 500
489 260
361 606
672 99
183 173
40 523
756 827
838 837
550 83
47 749
853 282
339 467
197 454
217 69
492 57
466 333
124 278
667 359
260 166
501 714
728 676
546 793
145 333
654 468
669 273
328 282
58 24
240 184
577 729
498 761
301 57
653 164
245 110
698 104
348 116
183 480
279 43
405 491
603 344
869 668
799 640
7 230
489 469
610 268
551 333
879 24
583 778
737 140
22 758
114 824
172 125
227 386
484 48
232 41
565 873
585 464
392 280
805 128
878 846
717 30
205 319
478 103
318 614
874 808
449 312
486 594
458 113
579 708
92 151
772 708
499 226
132 315
20 814
170 719
482 534
599 832
639 505
241 765
667 410
741 447
355 470
817 810
693 316
179 369
532 864
404 647
607 305
760 226
815 777
138 352
441 440
403 107
56 30
876 131
711 633
487 640
646 643
364 431
882 214
592 133
496 42
594 153
760 518
591 195
227 609
410 131
584 159
648 737
492 804
617 396
451 535
866 792
61 644
632 576
260 641
277 28
872 690
504 73
570 625
112 105
269 666
58 157
131 33
317 790
706 864
109 784
489 164
141 531
470 331
436 786
182 193
882 382
718 311
773 509
187 758
399 535
114 747
411 596
530 738
677 785
145 203
182 112
572 131
830 138
67 272
179 396
86 394
329 844
436 48
835 56
436 438
612 636
842 1
64 281
155 15
176 835
291 797
450 299
183 414
784 471
162 682
179 632
608 838
475 465
204 592
760 822
329 727
137 198
455 534
69 771
568 723
343 133
401 201
739 568
205 782
846 804
551 737
650 115
228 91
265 829
639 694
12 836
228 232
473 207
146 159
475 255
132 820
386 27
850 618
409 797
67 281
13 642
227 591
416 889
436 63
348 767
647 755
63 627
410 753
234 413
769 446
311 287
458 644
183 25
772 157
222 236
367 343
478 378
578 403
463 663
524 384
411 303
305 171
143 289
660 17
112 160
521 414
291 599
559 36
210 232
818 94
676 68
426 511
880 235
171 107
476 689
866 25
497 540
577 25
152 326
318 514
563 283
49 372
486 468
876 708
623 168
130 889
888 859
386 133
398 457
463 401
174 811
870 186
570 90
733 480
58 381
313 282
44 31
443 774
744 457
779 311
836 812
139 212
395 46
137 94
489 287
76 873
419 763
756 251
97 159
260 10
615 128
393 20
158 276
323 541
626 868
402 858
11 282
611 479
665 608
147 110
360 283
432 184
488 293
713 684
823 281
453 542
735 427
2 61
87 781
830 782
448 745
887 299
65 400
432 450
125 331
876 850
202 27
419 531
538 10
611 624
632 278
634 691
791 502
135 52
429 374
859 602
417 635
832 236
646 540
4 420
262 120
632 826
248 292
526 236
212 199
547 169
201 485
595 134
139 797
350 551
497 81
555 209
830 763
691 280
745 224
619 132
408 696
50 706
289 333
227 813
555 235
848 60
739 104
443 106
335 168
28 283
470 641
161 267
711 806
183 100
496 299
654 102
647 623
427 5
317 766
249 664
192 4
488 117
109 230
491 567
58 327
838 754
296 551
577 359
760 705
120 171
619 665
526 247
158 845
607 117
568 606
127 390
74 171
59 460
424 375
886 748
81 267
84 331
380 614
529 149
340 807
186 254
752 149
570 388
699 293
574 793
881 254
129 144
501 563
709 585
766 335
716 557
105 342
700 284
467 818
75 661
225 722
669 353
815 390
725 191
691 67
727 319
288 574
461 27
453 802
536 42
86 24
518 804
119 784
580 262
32 413
407 35
584 278
395 418
58 718
823 503
192 262
400 636
170 187
795 235
9 255
562 127
804 587
379 843
678 723
475 410
650 777
882 515
24 39
23 433
172 346
744 107
263 376
232 330
214 494
786 679
508 578
219 68
238 789
350 766
223 628
722 670
192 701
74 541
172 643
203 43
598 867
161 825
146 665
400 740
233 589
167 550
369 875
371 123
836 78
320 684
850 116
696 236
660 421
128 254
571 66
645 154
555 140
55 536
633 535
775 52
101 740
766 163
220 214
862 285
111 417
849 738
704 235
121 271
501 418
195 71
70 538
270 567
567 838
878 566
441 75
78 272
705 140
854 780
871 166
379 748
109 209
751 742
663 15
242 41
464 568
174 40
66 753
879 242
366 510
21 118
741 844
284 640
760 581
597 189
304 828
874 303
21 5
820 231
656 768
856 189
167 253
348 557
519 605
243 171
542 512
318 699
262 612
711 832
322 604
569 804
17 679
842 749
271 558
241 446
59 403
297 266
760 878
562 262
672 133
391 127
67 6
525 793
819 576
812 250
491 557
825 361
762 336
579 99
629 129
216 483
874 80
430 153
683 360
87 328
762 582
610 397
774 770
632 98
23 794
464 377
874 861
504 32
530 1
406 728
159 860
769 117
167 829
683 94
25 434
846 298
337 75
409 582
11 278
234 252
291 811
342 658
680 829
809 644
359 336
332 279
297 371
300 163
100 189
195 450
863 229
640 117
691 703
219 686
570 567
240 190
573 159
699 90
722 794
64 433
634 584
700 68
503 826
72 81
860 26
204 376
474 134
256 509
240 722
496 103
663 767
759 772
795 247
724 569
817 233
465 309
654 627
391 584
58 139
768 125
626 4
38 158
535 682
393 875
869 213
706 410
229 118
817 781
654 738
556 286
74 31
355 660
22 738
369 134
225 332
812 512
441 56
799 400
528 803
591 127
786 231
201 605
454 450
316 378
704 414
432 732
38 342
197 15
301 768
504 372
507 90
877 183
881 806
665 484
238 222
351 784
888 218
262 702
507 312
124 879
721 516
473 463
881 506
238 276
112 531
756 336
793 790
297 236
812 616
762 591
304 688
546 147
89 159
252 381
752 62
741 84
164 132
348 22
832 230
429 853
124 589
824 875
452 84
77 85
441 285
277 468
478 122
398 814
457 180
562 386
265 872
584 288
196 81
785 353
70 245
881 354
669 387
528 250
187 459
479 153
248 203
654 8
214 94
859 279
625 168
532 748
510 79
314 826
2 409
7 824
411 424
472 675
472 333
309 168
21 39
611 103
438 107
336 557
710 657
245 88
137 359
67 856
747 644
308 309
38 106
186 99
437 806
208 60
775 324
562 445
836 249
12 491
489 466
631 129
680 48
258 506
574 155
584 50
706 307
321 236
357 43
251 568
214 81
510 169
654 177
622 6
38 766
311 99
706 674
7 764
836 415
565 711
371 661
46 742
23 590
517 63
701 434
423 1
135 635
528 733
764 341
450 682
749 657
860 79
92 692
128 357
575 586
857 399
116 306
647 374
152 800
375 185
340 314
839 85
454 253
264 430
220 349
721 800
663 605
207 864
285 131
209 415
121 333
213 319
516 163
143 420
18 776
318 396
583 523
722 727
299 682
402 158
139 740
767 157
287 590
162 306
438 101
718 60
227 531
873 159
798 531
656 494
692 623
513 363
859 864
346 460
536 105
772 394
645 132
170 235
388 806
202 100
562 431
673 144
696 748
802 843
34 547
735 240
607 54
369 121
373 625
49 742
426 440
134 794
726 388
196 843
693 403
842 286
222 21
100 305
524 403
458 495
675 498
413 624
381 867
126 822
683 652
741 637
831 138
870 526
18 763
546 637
216 701
693 181
179 861
65 334
715 834
222 456
849 468
461 635
371 623
245 420
317 39
276 806
214 582
674 655
362 128
841 824
182 447
662 576
75 230
391 303
114 664
320 538
304 708
265 578
585 232
656 840
881 415
628 861
227 253
346 171
121 456
301 523
804 843
70 46
677 30
840 889
76 257
554 449
847 56
574 494
595 48
631 715
101 844
673 356
736 498
858 255
664 428
349 110
313 629
23 294
831 629
662 555
763 253
191 636
610 309
838 745
177 787
70 26
70 200
73 655
51 31
554 176
519 525
866 811
172 376
845 78
546 342
802 515
579 814
358 9
793 127
663 274
261 702
813 385
192 603
464 720
853 341
239 98
158 131
128 420
533 770
96 582
585 532
685 199
261 154
501 773
839 417
780 861
232 6
123 418
465 447
139 273
645 255
3 588
333 312
629 690
653 676
31 720
674 212
360 703
839 57
622 346
128 139
511 471
2 200
78 131
316 154
518 356
195 690
317 388
346 251
455 163
737 506
216 421
337 449
296 481
725 163
538 359
360 51
414 784
161 796
769 829
607 195
448 99
813 576
119 772
355 143
871 334
216 658
264 158
238 600
443 560
152 334
888 163
673 243
584 188
340 786
833 11
325 235
237 149
256 119
424 722
866 829
577 67
295 138
762 824
174 819
555 751
450 309
855 797
416 743
453 686
111 509
828 353
441 780
300 637
356 500
300 215
726 422
110 138
334 251
221 413
367 354
683 805
460 807
629 539
400 219
229 792
711 644
841 843
92 801
223 842
696 446
511 372
205 468
171 716
373 824
213 372
303 45
819 828
381 243
475 428
2 638
630 336
815 523
322 140
712 71
234 503
839 523
454 90
868 351
563 748
204 168
78 316
776 643
436 676
642 500
656 638
876 524
676 625
474 764
368 540
348 213
443 757
653 293
7 458
634 299
156 568
857 662
824 810
325 104
881 338
402 845
888 48
721 742
594 108
560 804
868 485
91 460
211 17
675 702
508 725
142 364
623 637
882 521
630 742
739 400
833 861
111 1
192 418
525 416
584 57
855 787
508 580
576 761
538 29
44 729
207 319
297 299
466 541
69 751
378 843
676 278
252 864
876 689
882 490
519 840
521 456
561 345
189 198
427 711
483 614
297 330
547 749
141 238
145 160
219 185
630 569
476 195
611 501
23 782
654 810
643 670
835 765
177 218
749 415
536 276
609 420
699 663
556 175
423 815
781 729
450 286
802 235
108 806
373 438
220 79
575 628
561 397
728 480
449 734
232 218
250 281
452 790
288 129
476 766
367 820
617 886
210 196
525 240
122 351
16 448
795 230
54 125
75 623
868 400
61 5
268 728
600 755
554 534
406 174
135 403
308 53
627 218
776 684
40 341
580 599
40 104
598 327
230 88
713 389
767 734
129 385
699 854
423 110
669 370
764 509
387 477
859 108
613 541
627 559
146 374
152 258
7 491
686 707
5 19
32 157
91 588
549 680
142 214
456 889
473 752
883 57
402 259
114 108
881 853
351 804
387 887
155 530
321 270
653 133
494 834
863 575
507 618
130 194
386 783
38 97
648 214
318 205
140 354
141 55
470 280
419 224
517 211
296 32
42 243
616 3
408 335
601 185
100 781
504 654
448 235
528 64
486 887
786 553
736 638
875 125
791 647
631 68
81 485
669 252
642 78
545 684
234 304
495 569
570 668
111 321
21 126
665 589
833 499
835 590
743 170
172 869
246 295
175 590
311 89
338 56
509 272
272 684
197 116
131 834
792 328
457 36
8 471
669 585
69 397
309 36
333 535
228 632
756 371
319 690
65 576
318 306
212 785
880 495
875 784
839 483
659 385
183 241
521 770
205 164
368 644
584 787
232 820
441 247
12 511
842 777
436 531
660 549
487 624
537 40
265 71
479 170
868 384
9 26
391 334
502 130
123 731
450 617
822 534
695 203
183 637
457 854
846 209
477 267
775 740
703 155
562 797
204 692
744 541
301 552
86 139
87 123
750 681
62 790
146 619
45 780
478 864
349 134
313 477
206 234
850 54
836 306
654 345
413 31
752 829
473 231
3 169
42 315
685 445
278 678
563 298
28 620
232 69
322 388
233 684
841 81
289 130
237 641
219 154
145 787
572 81
148 150
441 132
756 536
265 105
467 366
150 240
488 169
279 684
362 53
881 505
240 601
386 792
313 808
564 784
465 881
65 788
546 144
303 278
841 116
161 876
202 749
114 772
419 681
346 768
338 808
358 557
713 255
161 682
201 581
129 30
649 542
424 292
654 732
425 13
183 29
489 486
211 83
8 399
13 814
72 702
143 671
220 328
131 191
17 157
826 302
726 828
638 505
127 292
72 794
475 503
349 466
685 344
687 67
524 487
656 98
604 149
668 605
696 765
805 655
849 599
443 258
815 670
284 755
211 853
297 282
470 569
472 136
327 864
363 295
277 801
593 736
667 377
371 131
461 293
41 690
279 745
466 487
449 293
360 136
344 66
628 655
20 292
439 56
96 642
516 454
672 384
582 541
488 364
324 293
664 186
296 700
441 7
315 103
333 636
669 439
210 115
739 840
489 755
273 356
452 68
402 183
95 523
97 823
848 720
481 25
340 826
411 600
817 509
550 451
289 824
642 330
862 522
574 767
792 578
575 130
479 308
333 774
213 333
136 578
325 41
715 657
327 128
184 498
294 134
140 421
621 337
517 353
258 357
463 698
355 5
743 84
709 521
486 690
857 830
785 636
806 188
887 28
441 454
480 428
542 49
316 708
21 719
673 285
453 92
473 195
19 331
294 302
595 351
44 559
776 136
688 357
227 611
601 255
486 587
179 17
91 435
2 640
369 120
441 859
868 729
381 16
613 608
320 516
617 274
17 854
304 275
871 742
732 883
146 384
516 604
841 580
23 462
297 207
764 438
449 544
179 738
60 804
455 31
866 386
115 224
114 515
8 112
744 357
102 485
206 496
73 225
419 522
155 484
167 742
528 667
411 711
508 601
536 632
8 623
677 736
643 151
555 511
237 169
607 62
803 549
538 140
614 403
502 823
70 589
441 254
379 501
585 662
507 530
183 457
810 495
117 612
227 252
368 675
339 256
547 295
141 127
821 818
820 635
491 589
855 596
721 51
721 220
651 325
709 817
857 697
713 156
361 793
533 702
845 268
521 484
99 829
685 553
597 711
502 64
774 635
12 392
646 728
91 385
880 837
699 283
366 446
296 193
114 632
316 599
616 394
250 581
370 785
878 526
805 434
609 864
152 426
335 273
161 734
525 268
582 199
306 57
586 778
715 351
476 796
744 363
554 60
189 758
317 492
318 458
447 856
46 640
489 37
126 281
474 659
241 207
41 506
369 805
700 379
672 761
747 418
469 701
865 581
513 547
387 757
133 661
78 629
597 459
545 668
444 826
709 604
747 236
210 140
234 863
383 744
370 569
769 408
673 388
765 459
693 286
159 27
197 687
532 457
495 740
756 690
44 201
598 94
710 201
521 761
234 235
513 825
146 889
184 294
128 388
21 514
560 738
406 238
389 110
545 392
221 457
412 154
586 535
641 77
330 566
646 837
373 628
526 5
303 345
850 171
750 761
508 252
442 741
687 399
721 344
793 187
134 589
462 846
429 489
819 426
827 587
739 687
769 319
476 786
455 590
72 719
424 365
117 144
444 189
524 284
29 564
547 171
586 108
288 657
56 376
865 742
238 608
666 426
585 46
145 430
408 786
289 323
733 861
392 14
501 466
42 560
496 611
448 811
724 203
545 114
468 679
838 354
380 513
307 830
83 117
884 396
38 524
214 168
688 209
799 605
244 627
350 167
416 622
626 462
220 489
258 714
367 732
647 307
142 211
688 160
853 165
716 345
411 436
161 32
696 224
273 113
555 307
244 477
259 418
134 242
631 16
83 93
836 613
359 749
360 661
643 338
18 378
714 39
862 874
842 506
519 63
445 686
706 805
672 456
673 62
143 702
430 379
881 599
439 154
424 716
495 500
45 687
523 604
778 541
301 144
377 39
801 338
86 196
640 107
202 599
703 351
101 872
726 601
766 666
327 801
378 90
594 100
703 602
828 861
193 157
84 777
140 414
450 514
344 1
491 434
520 68
238 168
148 128
329 505
34 94
773 811
665 288
316 292
647 400
868 182
227 6
701 569
429 702
859 22
273 609
368 523
595 609
369 294
872 566
193 27
176 125
803 639
18 477
735 55
887 49
810 727
407 384
264 805
889 617
870 792
213 740
196 135
804 636
234 811
753 173
830 535
349 500
77 719
78 231
207 415
634 354
581 185
284 47
213 511
287 761
307 643
15 169
400 846
538 435
424 315
852 694
443 224
373 761
320 507
263 53
584 439
554 696
108 199
181 706
683 445
509 792
306 198
246 551
669 813
194 729
504 353
675 711
323 314
16 345
381 592
164 64
656 712
8 322
685 632
518 15
836 594
265 520
887 737
657 254
303 639
196 426
650 438
165 47
458 59
95 290
647 113
465 781
240 546
303 378
692 784
368 397
453 654
750 209
825 843
809 84
313 31
370 591
601 684
871 217
483 715
172 552
416 272
329 612
364 336
240 846
574 729
350 178
888 682
851 648
747 484
803 470
327 99
551 684
607 421
863 112
599 670
59 806
261 266
779 33
619 532
874 276
766 286
877 777
876 791
478 598
128 125
191 30
203 806
565 525
868 647
887 287
223 487
653 835
600 881
645 698
489 873
735 268
865 485
204 319
406 520
381 137
172 797
370 15
508 472
881 850
550 292
240 176
519 378
791 497
426 144
50 110
726 271
878 186
474 331
841 271
439 44
152 203
405 722
580 574
256 698
467 360
840 88
831 653
401 796
270 396
192 165
594 194
222 599
61 128
816 30
63 315
746 853
726 658
712 733
196 438
568 247
35 573
805 604
437 103
511 32
362 749
94 688
373 15
593 627
410 500
174 389
553 108
876 154
750 281
697 147
152 563
561 784
688 515
425 11
23 608
762 209
598 134
400 69
411 397
694 255
70 240
610 848
659 1
406 824
673 511
669 681
672 115
433 385
362 338
203 160
662 254
789 581
684 523
831 884
246 839
409 598
499 858
273 806
382 384
828 253
370 632
404 351
667 771
724 875
825 857
356 397
711 702
802 118
507 484
118 605
474 881
360 454
880 665
366 41
369 507
739 196
80 780
755 24
269 511
788 259
803 461
362 871
570 448
201 104
694 834
315 679
461 444
779 84
598 264
748 720
568 397
401 207
715 44
327 471
223 715
248 823
743 33
502 268
395 578
252 201
239 843
438 105
683 257
757 325
595 589
815 435
856 640
727 88
554 765
877 715
538 230
839 861
220 542
665 68
114 706
856 299
150 817
137 547
819 165
468 636
336 295
201 420
510 883
846 52
389 889
188 460
423 695
317 144
725 19
301 54
213 308
158 26
87 778
208 135
402 494
709 780
189 864
561 322
464 758
339 825
430 480
358 589
577 518
462 670
610 539
537 489
591 90
369 777
444 117
301 216
262 20
142 729
396 352
751 522
862 438
438 19
167 62
108 175
684 281
64 415
357 566
821 13
52 231
610 606
573 274
597 97
759 833
524 79
799 225
548 397
146 573
769 867
306 374
347 523
161 533
388 514
80 723
482 644
84 251
447 33
585 570
161 849
507 282
616 816
176 738
787 550
572 272
572 861
332 300
26 188
561 468
427 189
177 451
438 159
786 201
425 187
874 210
329 69
251 330
369 494
848 786
685 416
354 71
816 230
838 808
50 546
100 625
809 566
800 433
116 426
616 413
653 776
672 580
392 397
137 449
290 17
715 614
106 818
592 81
294 9
23 749
881 590
560 106
9 500
656 34
815 20
182 805
447 46
70 510
880 566
368 384
441 462
730 705
576 287
630 332
651 335
779 156
391 509
140 131
432 372
568 9
205 822
788 887
733 199
454 295
296 332
115 144
456 789
208 35
25 755
669 170
450 637
528 348
845 382
341 324
363 276
626 572
368 788
205 628
648 48
700 357
153 169
387 846
689 815
134 787
800 219
197 439
50 867
858 20
803 374
60 834
622 351
347 117
572 553
642 255
41 636
228 268
416 489
170 347
721 623
665 861
320 885
137 385
391 506
780 160
213 604
82 562
269 794
495 566
369 408
685 402
316 347
320 740
744 689
876 170
855 152
324 576
662 601
161 844
404 35
454 186
478 57
602 449
743 237
600 698
30 843
363 154
860 372
239 775
699 830
313 853
379 201
672 723
748 578
16 336
569 286
736 591
271 281
44 633
538 611
635 557
429 188
672 816
431 103
453 54
111 869
849 881
25 138
329 842
449 281
268 640
177 778
888 601
6 230
2 493
439 20
761 864
762 523
779 731
820 104
156 705
693 492
162 100
2 286
810 811
227 237
391 749
455 777
214 304
469 40
37 175
368 437
512 826
111 338
8 102
192 136
272 403
87 147
289 216
218 774
739 459
698 372
38 390
260 335
425 67
405 674
779 579
320 167
817 223
270 687
124 883
182 861
475 392
240 531
42 566
668 774
667 822
372 48
264 830
548 424
507 568
145 477
720 872
865 113
830 75
629 582
63 534
874 532
156 763
565 230
362 448
329 153
311 850
517 3
683 336
684 175
813 695
705 342
120 754
227 566
600 625
654 850
91 358
571 397
502 284
130 77
441 782
152 226
857 168
407 236
525 84
726 778
50 180
25 604
68 778
841 867
441 196
114 736
870 705
465 190
855 489
412 757
470 644
659 578
18 860
348 763
844 720
167 310
599 275
432 75
340 588
288 117
786 140
760 246
20 255
771 397
442 483
766 433
109 232
206 742
448 331
709 186
488 818
286 133
660 149
327 374
402 276
60 344
423 163
336 203
672 90
798 821
301 609
228 854
823 360
674 29
312 36
870 140
351 397
192 522
689 279
161 257
380 371
453 323
677 451
438 185
520 344
42 715
868 136
63 516
779 226
799 581
140 198
486 149
649 121
659 440
18 29
788 28
495 754
4 88
687 657
350 25
504 159
228 93
531 169
146 867
825 17
593 93
737 377
153 230
47 822
82 553
62 886
360 200
489 401
143 105
111 563
882 117
650 290
464 209
64 374
545 3
765 680
470 662
450 342
802 539
551 45
414 188
670 81
222 381
41 247
645 846
155 292
502 552
29 259
832 166
565 241
416 637
54 309
21 655
241 274
665 157
820 310
355 82
614 136
464 511
710 767
277 55
382 139
148 583
241 227
404 553
96 551
398 83
705 426
800 157
192 35
214 629
839 20
269 641
808 376
148 566
169 418
189 500
172 742
672 455
51 792
660 424
470 681
323 686
155 605
348 704
545 612
21 332
280 789
227 14
427 109
746 575
122 501
881 363
380 670
270 30
308 341
148 735
38 74
848 509
574 104
547 592
490 617
46 864
600 357
870 213
382 399
162 346
291 260
239 186
21 115
703 6
597 186
600 135
794 820
711 507
213 764
12 96
270 199
145 33
455 247
58 703
629 4
538 702
423 400
371 867
465 780
5 394
783 15
434 1
821 691
236 578
438 130
497 710
97 268
44 704
524 762
137 328
691 740
104 330
172 774
508 789
788 839
110 175
113 889
883 310
35 748
519 203
614 625
650 54
82 491
693 108
143 279
853 814
855 542
380 798
769 652
473 767
722 843
646 641
481 878
334 312
874 856
388 588
855 655
442 832
866 9
321 447
586 198
730 93
20 515
444 110
7 259
669 28
634 814
263 352
205 266
824 550
549 460
309 171
863 346
645 494
82 83
228 182
47 324
876 617
660 462
455 883
627 456
670 224
313 144
520 792
687 514
558 485
851 349
304 483
653 495
85 36
549 856
217 231
474 328
326 729
16 583
811 14
649 818
486 367
82 458
504 629
429 21
217 272
430 466
627 742
348 464
223 147
297 232
228 696
762 579
402 109
547 29
549 623
328 199
219 421
412 728
629 218
166 49
659 37
296 613
832 226
616 361
438 426
565 794
532 85
290 328
256 344
347 716
171 640
760 750
389 20
728 365
672 714
549 520
308 674
343 345
453 578
111 337
23 69
81 358
561 604
392 199
177 385
493 422
699 775
96 304
757 40
651 303
213 465
781 191
322 251
83 298
640 215
732 792
16 657
234 527
863 328
594 716
591 386
189 734
62 233
430 702
691 772
156 547
747 317
857 858
803 690
553 107
442 871
791 91
8 37
796 6
411 765
35 716
841 769
195 449
383 371
829 543
261 83
172 229
84 135
484 422
654 15
798 541
630 713
513 746
382 57
437 199
402 43
869 598
8 462
871 573
504 423
765 19
675 448
380 586
586 678
164 753
555 886
222 156
497 235
423 592
541 173
429 659
838 625
196 52
161 126
469 557
431 873
693 407
493 193
537 400
97 547
95 104
776 66
831 594
55 507
502 689
241 215
379 627
823 887
592 661
265 174
207 333
368 122
277 497
392 624
672 386
875 397
855 868
876 884
456 418
747 471
648 854
793 344
407 471
135 178
836 389
776 328
453 283
718 790
223 576
183 783
637 500
618 133
461 527
465 268
380 688
805 140
634 874
58 515
794 796
481 786
334 748
667 746
82 531
429 541
855 321
430 628
710 523
27 606
880 397
424 635
252 171
831 797
501 873
380 633
468 52
523 27
877 304
74 530
771 745
61 163
464 153
101 385
181 51
857 329
863 608
278 168
805 639
304 742
593 327
595 602
816 861
874 18
415 118
730 360
72 232
218 75
497 176
237 763
479 864
78 544
779 550
155 413
671 732
672 726
819 361
712 365
269 173
399 500
554 205
772 4
244 224
669 65
475 499
563 185
747 251
870 124
824 609
344 566
163 90
718 392
222 230
884 365
150 180
461 236
91 668
100 138
485 230
415 814
508 544
472 293
660 747
809 727
402 167
114 208
447 605
334 591
833 201
337 173
285 15
32 541
63 94
453 414
570 728
806 522
789 655
442 436
443 558
869 465
321 347
631 219
603 173
145 88
366 337
517 698
311 218
150 220
669 90
815 175
672 407
304 268
340 698
735 10
182 282
710 822
137 864
637 168
248 89
341 575
12 753
576 679
567 353
533 433
826 173
517 23
495 720
810 636
556 579
850 138
866 695
155 506
174 586
375 784
158 853
565 315
215 843
642 341
553 707
572 484
3 127
575 187
669 749
375 129
707 188
507 9
245 347
134 511
583 749
802 203
216 26
841 695
327 612
201 157
366 577
713 859
2 515
222 208
645 864
631 225
869 225
62 633
835 484
818 276
358 37
843 43
326 178
257 601
275 422
95 617
280 272
9 374
670 566
239 48
51 719
360 531
713 139
824 333
456 850
346 17
515 413
402 296
367 462
228 697
23 231
759 242
465 623
537 426
13 235
195 867
307 173
220 316
80 180
831 817
596 477
210 624
318 657
156 129
611 32
145 193
586 160
571 681
384 354
516 587
221 219
812 495
297 763
562 601
228 307
799 617
479 186
309 99
827 39
350 170
355 45
202 688
524 253
538 56
303 751
509 636
627 393
129 566
258 617
685 387
615 196
406 236
483 714
139 138
207 511
69 110
677 212
847 414
737 553
883 566
142 194
42 384
54 526
545 768
835 664
210 103
586 286
714 811
206 69
627 679
627 794
594 846
706 832
709 724
347 785
693 682
214 328
380 635
445 393
842 384
479 97
58 499
183 662
42 361
264 729
101 319
431 116
859 719
237 687
273 126
165 755
3 232
388 309
26 606
409 756
301 499
212 389
361 837
566 302
769 735
348 511
313 766
206 272
61 104
120 390
874 195
374 640
796 283
196 360
291 50
111 669
666 804
296 71
721 343
830 115
464 115
238 704
151 761
288 118
697 286
669 24
458 657
476 336
702 500
265 446
867 852
746 47
638 17
626 713
383 419
554 605
276 420
412 624
146 821
853 20
265 539
676 200
16 553
572 830
627 209
789 541
166 341
223 177
764 123
603 328
441 279
881 622
499 282
348 755
238 790
849 517
23 37
647 608
458 385
86 218
474 63
488 817
427 824
746 22
800 477
488 826
141 235
489 602
860 639
570 654
865 185
773 336
350 110
55 32
235 231
379 233
122 604
802 714
656 321
788 251
220 219
383 313
476 77
848 627
499 276
317 293
816 588
306 396
803 854
438 588
537 312
257 193
648 426
464 452
190 331
392 414
727 160
840 327
325 635
508 461
877 393
400 19
808 144
524 42
76 342
403 254
222 838
218 257
177 266
108 396
222 129
627 357
206 506
407 274
264 807
725 107
196 301
77 484
437 153
202 357
537 203
205 77
595 390
462 147
248 614
744 555
546 734
174 263
547 363
839 164
72 286
123 26
256 158
367 644
831 675
408 331
237 571
800 163
563 30
16 426
103 125
643 676
382 800
468 444
55 433
20 149
369 477
24 283
721 459
577 334
334 120
616 385
502 457
654 815
489 497
474 778
643 103
607 885
702 807
739 59
631 434
669 732
700 412
504 29
855 287
33 247
89 466
404 254
69 194
220 740
177 90
565 81
752 632
89 822
407 518
401 260
366 630
432 370
594 813
663 773
336 581
92 610
167 305
410 861
685 355
820 1
705 253
273 639
863 637
554 85
497 300
824 125
778 448
119 294
249 323
144 298
286 230
804 541
391 761
221 104
294 811
244 372
651 28
571 698
380 884
398 384
776 742
368 281
3 346
574 116
482 186
870 371
798 673
858 814
432 805
838 829
235 485
846 315
771 394
755 17
296 469
114 324
521 28
528 690
439 624
671 776
727 512
306 376
142 707
162 344
880 275
456 720
2 817
60 856
538 600
206 17
316 420
580 275
773 694
671 388
527 131
569 531
470 153
533 168
242 797
722 19
868 387
798 324
709 476
305 635
641 31
145 18
539 752
650 562
330 30
540 752
615 603
84 670
323 702
857 807
713 445
812 708
383 23
238 821
97 679
649 88
706 27
529 704
691 830
320 522
850 5453
177 421
646 76
684 389
162 339
471 223
643 205
540 449
790 300
637 714
369 779
79 266
523 317
427 224
502 676
411 42
484 556
68 726
396 459
509 334
452 124
600 271
426 15
178 214
491 266
812 332
74 300
752 480
800 186
292 56
657 231
765 798
270 612
291 545
143 512
240 450
20 384
58 631
153 512
336 480
373 554
173 445
634 817
378 336
568 128
734 557
280 162
402 64
169 227
832 250
503 525
580 453
91 197
33 526
305 225
163 159
753 600
592 832
366 47
602 625
795 621
481 714
760 758
9 184
541 331
446 664
153 529
843 100
273 393
737 343
313 274
243 26
542 808
712 638
584 691
505 795
437 488
380 334
109 392
295 605
833 769
106 468
800 288
433 838
286 581
549 528
463 27
188 57
80 692
523 585
150 836
541 172
709 287
836 291
773 426
509 495
332 596
457 108
602 308
207 557
353 758
500 150
764 221
432 350
78 286
768 845
110 225
808 436
382 363
241 629
682 405
60 724
820 91
353 843
709 439
468 625
362 34
721 47
201 224
662 546
206 649
12 427
629 224
386 338
315 559
725 343
724 705
647 469
784 732
801 722
52 426
508 399
255 568
711 722
517 59
758 218
760 523
298 355
190 281
580 459
411 503
32 91
527 557
604 465
320 242
312 135
326 230
535 502
142 515
830 726
111 796
599 750
212 348
69 565
213 560
812 378
17 410
533 529
433 719
554 63
149 792
370 330
151 382
210 291
434 352
820 213
635 108
414 169
236 150
524 284
606 840
537 780
422 660
521 208
401 151
723 108
744 636
689 838
69 796
361 467
658 820
396 700
73 423
273 338
345 195
204 686
842 792
578 70
709 395
97 202
430 88
506 9
434 282
487 740
74 824
309 708
98 598
592 378
233 89
4 24
23 300
207 563
795 354
676 399
303 699
17 584
351 229
399 824
332 838
772 455
640 783
221 94
168 683
833 430
405 765
814 45
597 253
180 474
191 731
692 487
99 537
505 814
16 154
819 119
309 486
261 266
163 155
113 767
648 837
320 438
618 318
69 773
396 128
707 118
215 523
146 581
733 543
107 438
276 267
646 126
188 34
629 841
587 757
607 799
749 52
106 348
254 295
790 467
627 437
331 554
387 153
722 419
237 616
320 470
365 513
732 649
815 238
451 116
804 558
408 246
147 399
183 694
275 121
777 516
667 805
779 792
428 348
502 255
360 442
39 345
659 552
658 608
53 308
367 37
203 318
521 527
703 787
225 688
398 478
30 557
568 570
753 205
584 105
732 655
324 684
496 286
74 33
717 435
846 372
207 656
280 266
305 473
265 365
379 748
178 451
324 102
588 416
453 390
236 794
330 845
347 825
295 792
828 694
742 20
449 262
542 36
604 45
804 596
623 174
298 18
298 37
228 732
607 805
223 308
367 250
565 97
604 220
821 578
456 522
222 209
187 81
327 104
99 467
337 460
686 558
321 125
411 290
556 524
322 667
110 252
347 641
812 157
324 119
461 803
540 285
148 481
707 106
479 359
618 691
215 305
819 462
363 800
812 317
328 104
753 630
607 343
739 16
478 68
730 290
743 694
671 714
602 679
674 295
73 97
456 375
590 574
700 669
384 622
540 649
796 335
282 681
296 683
690 496
265 624
806 386
548 22
16 222
45 458
190 543
537 291
241 46
552 766
609 420
580 92
235 338
11 302
838 390
142 531
689 414
693 843
753 670
790 816
827 38
169 727
41 810
233 850
136 61
447 834
428 624
67 176
782 713
487 125
499 424
842 489
557 737
313 474
540 664
168 760
703 552
563 6
79 450
617 815
555 94
410 224
835 522
79 160
749 432
110 232
620 45
807 5
293 218
673 532
738 697
540 640
753 374
43 450
488 559
629 302
567 478
609 25
196 714
663 316
408 699
256 420
559 64
242 429
728 68
449 234
666 755
87 53
290 695
342 69
249 160
148 709
113 501
758 160
615 745
801 498
119 823
781 396
780 660
50 35
69 197
638 624
515 608
170 421
509 157
292 100
256 845
785 233
433 621
632 505
153 333
101 756
768 107
820 776
287 338
490 61
753 687
806 495
516 94
420 843
148 80
756 493
292 61
814 516
2 610
49 551
251 18
641 750
808 735
606 790
113 706
426 300
594 838
650 513
698 745
171 494
532 154
563 10
74 754
303 208
654 680
696 116
215 548
543 593
132 628
415 18
117 758
405 577
571 661
718 161
706 771
233 119
842 711
178 614
575 160
58 561
351 382
207 485
601 631
412 146
184 829
785 294
336 687
110 446
20 629
699 239
812 437
295 653
242 283
478 200
246 782
427 439
526 845
174 250
32 421
398 84
456 170
424 719
632 297
813 481
635 129
618 260
717 128
676 274
270 18
563 178
538 479
663 675
277 100
353 19
98 114
652 734
318 564
708 789
67 167
801 448
67 238
141 234
472 74
492 424
74 223
754 352
457 608
186 46
497 70
151 735
29 715
219 639
317 553
545 400
449 507
124 758
689 209
569 615
18 368
842 661
493 455
368 186
34 765
426 823
136 251
744 80
362 172
691 619
525 608
329 274
499 568
533 455
328 173
54 152
830 604
848 361
21 321
645 844
850 206
478 663
63 527
122 642
506 746
49 117
105 336
487 16
22 661
177 279
806 251
186 70
521 121
480 343
191 20
315 82
800 469
674 156
379 142
287 139
217 146
751 483
589 452
662 368
741 846
633 77
814 250
743 176
671 226
648 28
678 135
396 439
401 814
674 717
362 728
682 351
204 805
793 368
825 547
577 662
597 32
395 375
178 613
451 385
677 525
605 32
399 737
550 611
792 337
113 56
404 732
313 462
730 688
584 197
479 89
300 605
610 58
768 691
312 155
507 695
103 831
381 470
756 35
478 468
225 848
20 104
743 344
449 143
529 226
93 590
198 697
400 469
842 564
476 608
440 1
641 86
385 640
316 262
390 517
814 694
600 137
135 129
704 296
305 422
822 77
744 647
716 397
481 446
283 823
646 799
793 224
723 526
465 849
257 250
391 229
671 376
213 389
433 492
676 440
90 368
291 261
600 120
537 804
648 772
495 268
133 777
373 719
616 359
526 805
57 573
285 94
34 171
825 59
364 569
759 439
495 45
119 762
613 458
429 340
776 164
549 232
109 267
471 740
130 765
275 73
496 267
8 332
542 820
781 314
489 240
454 395
787 482
272 672
806 836
521 767
23 475
210 468
157 688
362 308
450 359
507 378
107 273
401 681
553 52
718 381
536 849
223 37
188 9
261 333
616 159
189 737
122 671
230 660
235 731
522 230
401 141
2 197
215 619
663 24
697 615
638 479
248 843
567 522
31 850
53 838
324 421
841 789
787 378
769 667
689 83
312 90
292 603
187 525
171 554
464 373
495 716
305 522
586 468
108 9
619 546
399 314
402 55
847 534
448 24
155 814
248 636
562 239
467 218
584 64
178 91
834 157
197 152
576 562
734 555
843 343
379 73
168 93
21 712
701 536
7 267
723 448
433 801
594 481
838 517
20 406
324 29
823 446
332 512
668 535
371 657
83 612
779 451
412 258
669 205
436 188
396 529
181 293
609 298
721 816
278 447
316 230
833 52
9 7
524 277
531 552
618 517
413 647
341 218
717 680
159 498
161 277
537 824
540 846
739 446
579 713
727 672
457 636
258 572
163 580
147 813
238 829
12 709
812 431
430 68
642 372
756 263
788 192
679 356
520 776
683 596
99 723
795 414
544 548
319 259
388 501
23 463
674 187
303 687
329 241
751 268
233 24
537 715
457 526
460 557
353 621
579 234
672 516
308 37
548 103
140 435
602 831
344 238
287 694
219 593
220 227
214 200
186 327
577 822
632 672
523 76
30 793
262 104
236 836
837 41
69 356
822 802
273 316
553 596
54 374
256 185
831 128
42 845
666 726
538 515
816 274
819 175
249 493
211 290
147 608
639 664
360 562
583 539
272 494
274 510
300 766
832 97
280 350
562 621
779 497
411 59
13 803
583 268
308 116
183 341
163 683
523 277
442 735
342 210
99 252
190 112
558 192
818 159
736 226
340 687
50 702
567 824
752 210
435 222
328 804
827 736
717 262
41 199
225 249
812 603
441 819
154 823
640 211
447 37
323 660
305 129
282 197
143 459
770 461
807 261
662 199
774 525
174 836
371 759
542 633
137 519
361 761
47 346
703 759
337 836
566 212
142 17
75 30
55 593
663 747
481 731
67 322
616 735
122 546
727 404
271 36
451 562
636 554
201 708
787 845
516 117
220 346
342 127
351 447
650 361
245 334
724 602
265 384
321 803
721 353
602 769
822 719
101 153
547 260
695 662
777 47
592 93
310 762
168 820
227 242
673 147
482 643
243 94
194 409
290 680
431 484
196 326
788 561
255 127
729 481
41 378
666 149
476 636
371 764
427 190
67 845
191 484
580 469
485 775
287 304
54 377
54 581
538 348
2 593
222 458
782 845
830 133
201 124
443 621
515 687
552 675
384 488
440 765
75 555
207 808
388 613
188 778
461 420
689 510
283 550
9 41
620 773
711 19
566 818
435 300
391 739
51 435
306 761
554 663
157 71
645 739
426 323
263 202
436 108
121 458
583 654
346 482
142 575
144 621
540 140
74 39
679 710
712 28
684 198
685 208
278 750
20 481
544 390
600 408
573 202
306 146
787 564
551 381
609 478
241 209
594 138
61 550
316 786
246 610
13 643
435 692
508 695
678 703
117 260
755 622
536 228
679 804
556 210
351 429
703 88
262 504
788 95
281 783
329 542
638 281
820 164
106 323
596 543
397 64
136 850
738 295
221 199
833 748
481 439
688 41
634 672
29 131
11 348
639 815
505 620
731 205
471 334
681 94
221 397
178 495
132 418
134 71
704 771
634 102
28 102
598 501
66 666
512 513
34 349
490 446
703 644
74 177
453 559
536 561
417 190
316 764
405 669
246 613
390 126
618 15
410 823
140 511
267 660
822 413
328 316
473 834
607 35
721 782
61 656
383 668
461 623
319 840
626 137
103 602
143 629
420 529
313 423
629 574
779 251
213 385
103 284
541 359
513 448
417 491
71 16
656 501
329 236
576 758
1 243
651 286
463 313
600 14
671 115
391 518
431 565
730 323
175 102
142 237
272 124
326 660
239 157
369 406
313 641
244 659
575 377
668 13
616 358
255 545
300 745
598 849
656 359
703 777
34 199
714 104
75 324
717 728
4 840
4 133
540 650
39 698
564 715
709 403
765 641
503 460
215 117
225 348
116 498
347 63
674 243
41 152
477 335
462 221
585 353
463 268
832 523
502 377
11 409
640 154
344 839
270 62
665 470
438 529
592 200
519 242
8 105
756 176
592 192
817 534
29 429
710 205
675 125
821 454
847 776
509 634
103 687
644 747
81 645
832 91
814 656
211 6
709 267
341 758
674 232
768 824
442 645
131 841
485 799
812 670
464 239
597 11
466 72
160 221
670 65
514 593
110 747
35 424
55 62
29 527
404 419
371 253
170 692
173 739
526 839
18 93
818 404
640 145
704 409
757 317
240 154
788 450
350 211
60 248
438 488
110 274
550 669
626 290
701 85
296 299
131 801
794 227
579 290
281 263
466 637
795 712
726 777
408 160
30 351
433 57
324 354
769 106
207 675
568 420
366 343
167 791
466 12
646 386
439 628
9 64
589 671
67 86
195 86
535 331
36 241
90 37
826 521
738 503
497 437
478 337
27 356
464 698
50 180
528 89
103 267
107 121
325 194
259 222
73 817
411 447
289 507
384 358
647 303
443 334
541 355
415 152
34 32
374 689
40 444
749 460
434 305
107 605
435 559
440 568
662 359
297 127
540 410
451 199
235 530
620 259
432 172
412 773
469 281
676 647
255 296
311 586
535 145
663 326
741 194
315 761
464 221
743 583
781 731
410 735
203 424
819 706
255 106
308 467
753 823
383 643
204 279
739 849
386 283
594 37
133 3
623 479
292 92
464 774
144 552
100 803
113 779
808 171
6 261
191 525
95 26
528 783
171 119
448 325
232 402
229 641
50 543
237 671
589 392
56 266
754 353
180 86
742 382
147 152
81 179
280 413
27 270
322 799
393 221
136 606
231 557
51 802
667 771
699 304
130 640
275 162
139 205
849 182
776 146
666 333
662 71
782 527
411 802
726 650
749 299
533 116
826 238
315 440
297 725
689 203
265 150
600 659
671 282
83 352
654 699
53 742
322 134
454 791
269 784
844 395
376 395
494 628
497 304
463 673
423 520
604 382
247 836
393 461
654 497
160 448
269 813
398 845
256 494
183 278
296 256
499 827
652 677
290 447
198 150
267 340
488 263
289 807
430 463
754 94
682 771
632 646
163 257
243 543
457 561
280 535
748 512
505 690
87 107
107 290
438 506
511 762
422 672
518 227
296 627
605 631
251 294
172 811
155 575
526 803
304 550
17 305
513 596
570 242
131 313
496 677
741 688
406 22
374 209
376 816
340 286
12 787
234 306
80 617
73 811
147 12
744 566
152 193
334 308
685 628
372 420
762 307
309 604
644 662
583 451
1 313
366 645
169 424
761 787
586 560
652 120
781 710
106 629
821 266
463 12
708 70
17 333
398 611
572 378
77 511
128 118
26 665
44 264
337 274
248 478
728 499
845 688
383 183
827 270
749 99
191 374
92 727
271 341
754 315
792 612
350 267
354 608
760 739
192 816
245 554
544 19
306 248
412 269
141 735
787 372
452 111
753 516
330 351
398 60
20 266
606 482
117 181
725 123
357 614
797 270
178 206
35 683
60 47
592 123
500 826
403 492
539 203
78 245
764 104
158 760
309 213
548 509
552 419
399 173
274 3
122 737
297 373
473 534
85 426
502 560
85 520
504 260
103 292
451 287
568 664
368 564
610 47
828 90
477 100
760 746
833 661
445 91
157 465
397 525
128 660
94 162
166 287
539 410
613 590
190 92
724 583
540 516
765 771
34 15
723 796
736 803
825 163
589 832
493 576
640 276
708 77
761 336
105 787
135 271
133 626
639 339
108 775
83 445
89 774
611 498
844 741
292 421
577 422
406 72
724 435
155 261
81 293
642 167
702 514
345 714
298 625
117 731
797 585
228 15
671 741
265 726
176 418
806 793
552 712
537 52
591 361
847 420
151 763
606 212
269 493
506 280
103 93
696 381
698 564
589 376
365 113
75 840
485 482
848 3
612 100
278 848
544 839
227 661
393 363
512 485
415 823
287 2
587 245
471 428
431 616
534 1
819 739
59 444
720 771
189 134
245 89
730 699
466 446
362 289
394 682
177 254
515 554
244 232
782 14
41 407
461 593
575 342
579 92
245 77
11 654
548 200
123 200
265 782
487 281
397 458
417 377
769 660
474 146
420 829
235 320
424 611
391 157
540 30
668 75
402 260
502 145
486 554
1 850
453 729
203 193
536 645
463 691
300 316
377 566
383 523
287 444
253 817
200 376
735 359
476 363
683 261
42 647
340 700
278 332
618 338
690 839
153 514
141 167
604 769
74 705
202 608
773 284
832 727
744 132
616 729
356 202
341 719
748 769
720 31
841 783
733 446
454 252
589 36
538 58
435 467
596 445
351 731
279 430
427 353
180 131
836 118
821 177
12 136
571 316
827 349
268 469
461 684
64 698
387 143
746 263
360 470
86 145
306 429
219 397
735 364
592 246
591 38
846 218
576 261
575 503
120 129
225 218
571 599
144 88
257 86
828 126
496 767
351 228
353 525
687 181
48 642
178 721
432 156
31 708
567 78
256 106
240 739
347 837
39 508
187 479
23 390
524 259
84 144
746 462
620 783
214 98
412 349
382 421
770 82
682 813
632 250
597 381
666 9
377 482
449 83
123 36
822 829
179 813
18 200
566 261
323 714
258 164
612 683
408 713
649 525
62 129
393 558
770 841
780 763
30 494
20 154
189 762
155 42
168 664
163 715
256 295
415 829
276 810
577 307
584 335
450 101
140 604
136 27
806 773
329 391
772 829
144 629
413 111
496 581
123 465
151 696
354 50
683 224
799 750
464 308
840 789
712 511
417 623
566 819
738 313
780 597
124 612
191 389
415 58
258 377
720 718
724 367
328 148
120 469
502 277
830 410
693 270
320 273
736 693
418 316
19 230
383 585
683 642
373 603
686 216
734 685
230 798
639 205
324 121
307 798
743 590
381 419
649 173
440 534
464 346
133 541
413 429
580 669
730 324
637 295
503 112
657 809
33 204
804 552
198 331
412 105
448 339
347 492
366 593
223 666
433 481
795 167
136 211
368 336
466 92
729 175
431 260
508 551
125 559
640 256
329 24
471 588
183 673
188 751
369 520
596 652
813 386
686 112
417 403
542 366
25 127
822 783
808 243
195 27
610 109
811 737
51 318
272 190
671 24
763 2
730 780
623 59
678 434
160 193
275 19
495 578
539 405
191 445
301 154
838 182
155 108
432 129
490 629
35 297
272 149
680 18
275 717
130 239
185 606
702 313
408 768
426 419
635 707
63 810
101 227
781 321
788 292
505 830
548 422
694 653
623 281
73 514
826 364
610 318
683 156
594 420
782 591
549 758
294 762
630 104
140 222
433 300
144 724
824 481
217 501
53 428
788 4
442 487
113 241
115 702
204 776
98 432
423 622
634 86
427 164
411 110
678 248
472 571
678 607
842 492
456 191
808 673
347 816
521 434
33 247
703 557
609 91
55 322
462 501
264 348
780 413
138 800
151 86
843 299
553 346
4 841
721 201
367 523
826 148
249 243
835 660
341 605
489 247
605 193
552 467
53 767
240 277
476 27
277 555
539 136
351 256
171 646
228 225
97 368
636 147
571 47
34 509
269 47
269 578
436 291
383 41
427 675
777 425
6 46
709 814
746 56
580 356
252 100
785 153
219 741
523 829
735 222
316 162
95 736
106 221
812 195
548 538
616 366
172 623
601 619
301 834
31 711
105 404
784 420
215 715
36 687
663 302
539 685
22 51
577 69
78 577
597 479
463 359
671 834
67 413
305 698
158 675
253 783
35 164
183 100
515 200
63 530
602 570
446 372
776 564
629 372
548 571
454 803
447 698
826 325
347 657
773 474
187 222
577 359
707 519
428 28
315 829
139 83
819 478
251 381
415 491
716 276
475 219
20 355
811 613
187 444
480 307
649 675
725 546
172 614
726 325
153 649
819 335
677 218
659 397
612 569
754 50
347 456
828 391
631 344
78 584
780 98
362 120
103 181
213 794
522 129
362 113
382 428
481 230
432 125
807 326
683 316
39 359
189 683
478 683
444 194
373 36
609 547
213 80
732 218
587 178
478 263
478 712
671 606
639 421
426 504
846 764
67 787
312 14
726 603
362 326
107 604
290 641
699 112
133 262
756 71
394 511
595 268
23 698
320 708
537 430
602 166
837 258
542 106
442 836
201 666
29 680
661 52
661 495
275 156
773 229
136 206
248 603
246 186
616 483
655 522
305 127
841 458
107 311
128 352
828 192
689 824
488 675
36 799
228 299
304 298
728 649
766 524
414 442
234 523
399 514
170 796
271 777
403 250
811 348
797 619
264 233
301 337
122 165
330 457
507 446
327 796
308 841
509 516
177 271
807 744
390 672
468 762
92 444
287 750
418 734
754 36
554 153
733 847
442 200
695 467
457 796
142 596
693 460
503 105
640 317
549 477
236 387
679 706
702 619
21 148
757 410
393 286
427 677
174 516
836 783
746 326
273 259
361 425
399 523
754 723
204 414
594 675
22 294
616 189
301 736
456 338
785 133
577 763
112 562
252 841
246 555
519 346
832 621
725 573
600 132
723 609
623 333
269 701
17 345
808 380
38 731
790 572
627 842
645 802
578 337
320 794
409 455
195 76
508 162
219 706
324 360
410 209
163 23
290 629
366 626
202 755
115 357
189 353
110 539
236 392
451 272
472 171
128 444
553 89
325 469
540 24
633 286
523 206
27 814
466 847
140 71
634 522
694 239
733 320
479 15
754 400
515 574
690 296
136 337
463 467
13 714
566 835
844 706
674 226
383 296
632 839
232 698
284 514
632 209
387 567
616 11
228 804
25 638
391 231
139 150
586 312
640 267
363 97
733 98
699 446
627 653
489 173
369 720
825 567
134 208
632 2
573 715
846 70
359 501
508 785
532 67
200 428
727 669
847 736
185 88
650 58
4 128
25 519
744 169
134 692
484 343
658 465
586 26
825 629
204 376
415 465
130 763
720 178
702 813
477 155
690 497
836 675
138 790
84 374
619 94
250 90
505 722
477 196
362 106
182 783
244 6
809 55
312 633
42 536
17 810
555 705
188 337
444 14
101 608
523 137
175 709
397 810
785 401
751 652
812 565
433 268
225 332
596 376
463 596
410 502
453 241
142 710
126 459
716 100
219 479
259 381
446 335
80 787
123 845
781 789
111 76
674 167
663 344
709 336
626 377
701 137
647 205
245 360
769 755
802 323
315 360
586 545
642 386
275 193
187 636
686 75
299 327
264 483
710 829
17 549
676 562
135 322
524 642
259 798
829 747
649 93
499 98
209 598
526 77
301 691
103 348
716 353
768 8
54 639
795 162
680 271
330 802
330 255
373 615
833 598
351 583
541 328
46 19
85 385
475 565
412 390
123 175
570 680
187 763
297 68
579 231
246 97
781 298
655 186
583 756
201 399
788 492
545 284
275 198
12 610
236 153
742 344
48 439
671 337
172 88
674 281
411 413
592 606
187 639
777 462
77 52
60 108
207 688
657 464
580 779
34 303
28 498
636 671
379 641
729 734
586 420
751 409
207 615
347 274
221 479
594 603
4 46
44 568
443 368
559 550
429 551
727 384
657 844
677 758
290 5
808 432
436 453
147 734
42 610
211 799
647 195
794 661
360 608
27 116
515 774
600 359
746 138
580 263
153 660
236 592
609 239
76 389
20 394
503 741
588 499
724 339
210 447
528 590
447 62
371 65
386 613
198 581
269 109
717 396
77 45
425 239
593 202
742 412
666 534
728 464
265 777
303 138
396 101
713 573
74 821
291 777
718 736
256 671
828 96
132 405
813 809
6 378
174 92
393 652
408 190
674 263
430 625
289 92
748 302
573 276
171 245
6 639
759 343
370 4
438 339
374 617
380 835
436 338
92 474
233 335
215 713
38 335
565 245
301 66
84 694
69 784
286 302
593 162
785 637
534 16
589 455
846 358
97 293
800 662
729 218
707 572
815 327
549 118
428 400
301 670
61 564
660 494
50 98
36 384
790 643
607 715
594 150
402 520
722 428
101 841
247 459
379 524
155 506
70 222
537 731
477 248
461 723
784 476
48 530
554 708
136 529
523 647
329 366
240 490
203 254
183 497
477 361
315 410
742 832
265 249
764 421
244 629
177 568
567 757
81 61
241 400
40 764
520 772
265 105
651 418
264 217
447 811
691 137
231 192
718 117
107 645
220 729
201 456
458 710
720 253
793 729
176 150
718 211
724 71
721 704
140 459
303 448
500 752
115 605
826 76
699 182
590 688
27 91
540 514
451 458
711 13
708 355
34 724
365 444
718 125
347 80
519 652
21 287
350 447
690 417
834 578
63 180
815 226
837 2
762 260
470 323
415 355
720 357
792 114
78 339
189 169
709 818
247 151
637 224
716 294
32 529
513 357
398 143
718 757
442 775
494 564
781 571
544 578
119 274
817 175
393 122
730 632
361 672
216 104
751 674
236 232
693 681
165 454
107 705
518 458
646 159
689 799
100 510
800 811
646 497
450 291
748 254
195 774
287 89
142 259
788 594
273 176
138 322
754 555
203 307
255 846
98 455
280 158
757 343
564 630
535 732
782 83
405 90
87 527
678 288
713 841
733 460
812 388
23 544
432 185
309 288
631 368
360 91
379 233
785 174
288 642
825 572
423 783
295 789
753 476
44 539
560 324
689 413
122 573
346 90
712 565
150 100
434 154
804 493
113 579
679 400
347 271
701 662
50 595
724 196
466 84
29 176
505 87
213 782
270 593
330 557
456 450
662 118
593 285
666 125
353 846
683 447
502 356
784 827
69 335
731 262
142 437
53 427
111 755
95 597
189 752
364 805
599 333
156 529
784 842
386 239
143 619
34 799
163 279
414 32
66 429
79 454
187 231
264 349
817 217
176 47
486 630
503 396
268 202
614 504
15 37
825 105
576 91
305 307
268 89
524 288
579 464
377 421
468 671
463 375
532 695
679 212
127 241
387 624
229 447
367 168
721 345
631 801
541 238
404 286
724 751
637 751
355 58
33 621
754 316
787 146
769 843
75 420
609 569
684 795
278 612
208 126
298 333
191 643
821 842
807 663
33 562
70 162
143 679
57 111
367 467
527 88
105 64
213 175
639 72
848 335
35 214
625 231
201 34
121 70
455 294
521 639
793 153
831 826
557 603
744 126
563 153
247 514
216 439
382 114
79 366
130 145
294 529
250 803
721 687
49 700
357 459
530 687
110 439
86 598
647 766
184 761
169 349
601 262
301 809
438 382
846 470
472 522
507 55
373 261
402 845
476 763
78 478
453 687
338 664
651 642
249 275
394 108
530 593
625 152
456 360
351 139
611 93
481 352
592 124
393 200
357 801
476 85
568 211
783 389
87 816
143 407
436 131
730 776
40 161
521 552
646 266
478 343
315 595
579 510
449 553
143 465
53 40
713 139
821 421
121 569
163 240
111 625
169 710
168 555
813 683
528 273
688 747
691 841
483 614
528 389
323 333
822 460
396 9
329 451
806 95
495 790
699 550
332 5
467 368
476 620
634 491
100 630
817 663
620 202
216 75
456 500
505 8
397 429
130 647
475 567
496 459
655 37
98 115
436 364
83 208
102 156
214 495
658 292
136 827
35 571
532 381
236 594
347 138
204 273
97 841
155 218
312 746
831 695
507 448
659 114
485 231
453 810
183 831
242 47
351 174
136 469
635 115
449 772
728 569
246 363
515 448
549 250
553 292
516 501
594 533
265 312
794 793
663 799
523 352
29 271
178 803
214 56
351 451
474 72
200 193
784 813
844 167
366 818
240 573
496 450
477 288
405 451
616 405
279 35
763 260
602 81
568 278
290 462
328 115
368 327
247 759
438 419
542 782
621 372
433 701
767 57
570 233
312 217
97 520
518 706
668 251
436 690
751 104
229 353
416 375
824 372
145 146
732 181
678 457
516 841
279 3
788 50
577 813
119 221
122 611
374 560
66 371
240 562
784 385
609 226
507 618
219 625
382 31
438 797
457 767
847 516
831 389
297 691
228 737
501 525
407 530
49 591
411 352
786 662
586 203
351 137
680 823
822 276
312 369
421 263
21 770
596 363
29 117
84 35
447 109
105 350
20 395
345 820
752 468
201 594
473 149
412 296
720 301
604 428
350 205
280 382
427 241
375 656
599 127
653 504
430 158
140 653
513 173
467 527
646 710
642 843
305 762
84 36
12 557
387 210
460 516
797 749
119 218
591 551
232 273
707 252
124 263
602 806
14 407
594 610
821 352
515 115
510 91
820 845
827 314
224 160
165 160
98 585
134 70
392 545
63 307
670 361
411 325
583 696
103 615
641 772
45 197
578 487
695 814
424 850
690 606
117 550
635 692
626 546
251 184
585 58
12 102
17 296
143 173
719 259
418 380
95 676
573 585
295 38
358 118
178 349
738 795
232 820
284 194
140 127
674 598
330 358
237 211
515 464
57 149
391 361
132 321
43 467
8 132
544 198
66 477
434 430
503 639
452 840
756 645
472 197
310 314
845 205
132 519
347 24
648 500
557 230
544 165
799 226
13 595
124 397
179 279
716 585
736 194
189 241
792 491
671 617
284 765
12 359
400 439
647 180
554 88
367 413
179 734
649 164
679 443
617 850
386 419
139 786
746 118
48 813
300 696
23 143
551 501
69 647
612 595
828 624
243 16
313 774
697 111
673 561
729 38
604 470
433 386
784 502
345 506
291 572
236 542
75 270
610 194
789 582
441 245
43 345
26 307
728 766
477 305
712 152
144 842
410 353
236 480
380 63
607 590
224 504
538 572
279 180
523 631
428 420
27 190
12 683
399 355
12 138
54 361
628 529
536 692
385 180
738 538
371 488
206 28
633 304
388 657
670 629
651 103
140 109
583 364
142 178
736 498
678 501
475 13
536 633
607 349
388 217
119 260
393 786
361 339
35 603
11 739
589 374
131 14
393 691
77 162
53 228
635 207
344 348
284 173
416 460
278 59
74 629
272 800
348 238
573 56
757 779
273 348
334 41
82 651
726 85
304 76
379 311
496 818
659 489
533 666
734 672
83 629
718 670
576 243
425 419
677 7
502 80
133 598
268 740
434 777
740 706
74 343
398 660
31 552
636 190
730 414
102 266
374 418
29 210
160 762
124 299
83 118
452 370
684 608
517 173
644 571
349 299
22 27
331 800
279 512
228 278
672 511
235 767
748 605
373 10
253 644
658 295
244 159
438 99
793 605
416 129
388 260
830 15
390 262
697 348
671 494
819 497
322 811
567 535
731 710
769 143
290 343
251 776
592 128
22 622
233 773
207 100
566 259
464 531
249 355
345 381
401 435
694 146
292 166
78 807
214 420
223 356
831 787
704 531
777 355
338 603
542 488
781 656
265 599
583 83
602 773
566 498
190 125
273 260
58 359
370 533
60 140
225 254
245 184
803 302
140 308
179 371
344 732
183 758
847 671
149 424
668 181
249 507
435 462
598 343
360 572
632 445
291 762
237 799
736 93
475 227
772 395
79 279
665 650
220 437
653 485
54 210
493 809
137 601
213 342
838 764
748 455
169 824
345 326
703 183
159 735
8 752
411 760
149 804
425 318
595 771
778 378
362 411
598 705
454 174
433 113
749 285
713 617
59 420
282 581
539 661
188 731
259 118
241 677
556 741
489 683
484 81
358 638
403 727
489 816
552 392
680 349
607 131
96 585
828 593
63 404
540 268
27 316
543 257
686 571
657 488
430 290
811 164
435 19
401 103
754 335
76 154
223 453
371 59
425 572
577 714
505 219
390 92
578 656
433 662
439 7
132 299
25 810
717 389
137 672
524 308
49 457
674 393
747 581
124 253
508 215
843 156
256 18
31 783
841 372
83 150
690 338
393 338
148 185
394 765
676 262
824 10
328 239
573 92
521 411
477 200
262 294
516 705
12 838
456 270
109 326
326 212
407 327
76 708
352 319
410 824
831 628
794 816
190 153
332 270
374 704
123 214
478 450
215 243
819 776
198 286
718 613
826 190
171 361
842 229
193 335
176 129
540 749
528 802
101 319
235 283
456 519
588 848
328 407
709 810
542 442
791 344
794 428
43 774
62 38
10 511
743 67
568 13
175 184
693 277
507 302
87 483
775 62
589 601
399 158
223 713
576 364
298 783
353 677
373 644
318 458
466 307
818 92
781 40
626 308
686 160
343 348
99 802
832 64
761 94
742 605
176 740
760 46
379 797
502 454
161 561
218 514
195 336
294 162
351 407
44 427
246 747
449 67
535 41
379 646
658 138
808 291
113 723
616 437
573 424
132 378
515 713
491 268
9 488
583 175
575 214
247 546
729 295
268 485
749 145
821 767
453 506
814 605
438 70
332 765
507 205
453 649
760 693
689 625
211 712
174 331
433 744
506 46
489 46
686 789
219 750
492 576
310 12
558 89
609 71
701 778
188 374
303 530
779 576
300 498
163 221
690 678
32 293
638 112
410 725
556 458
821 550
698 624
243 104
365 123
328 765
177 368
848 71
269 117
830 507
607 796
495 293
121 676
712 652
35 644
149 514
490 70
552 469
608 146
402 689
148 384
390 145
738 480
370 253
588 291
741 681
596 777
39 220
686 630
87 56
53 504
642 551
723 40
332 129
594 300
21 834
621 622
48 712
526 295
505 441
567 585
255 795
127 621
477 760
314 202
685 510
172 763
759 198
541 271
729 677
249 776
746 73
602 210
837 286
506 152
66 208
219 532
717 376
788 64
847 414
280 656
689 137
262 480
119 105
6 259
559 276
654 570
414 319
589 755
842 759
187 612
809 120
363 173
352 765
408 703
371 821
246 217
273 639
472 668
344 849
489 789
787 154
141 659
717 90
183 151
332 184
48 186
279 85
124 58
821 460
768 200
770 699
177 15
823 530
438 172
572 741
60 786
646 233
728 128
320 180
138 391
601 37
207 793
345 462
82 541
415 122
677 358
664 835
670 170
701 653
479 514
336 276
743 587
190 601
448 104
92 375
639 524
635 138
236 845
622 700
736 763
111 664
39 353
792 245
650 624
575 590
7 429
210 59
716 591
728 79
411 269
765 470
548 309
417 840
749 711
14 783
753 121
321 529
437 614
4 514
22 689
538 582
405 146
356 61
405 531
489 596
308 184
474 375
119 24
112 355
365 847
495 608
424 490
650 338
742 633
485 480
106 282
414 308
165 61
674 209
758 404
320 629
634 788
728 167
472 670
801 250
342 273
396 268
34 669
592 732
332 157
367 637
28 45
467 631
247 518
311 41
231 840
144 562
396 739
145 338
110 156
626 285
847 343
255 206
588 773
303 641
846 238
235 215
92 783
473 827
309 234
220 366
130 89
464 323
634 499
580 721
516 643
836 619
59 267
647 222
772 221
17 531
329 340
738 277
424 96
499 283
502 203
302 129
586 478
635 102
189 498
330 266
730 45
794 402
189 358
834 688
338 429
377 766
600 786
654 325
627 815
396 77
548 594
786 325
473 147
196 695
42 335
807 140
188 532
236 419
20 322
726 619
748 810
782 681
369 324
624 173
219 707
254 781
454 366
789 14
365 833
142 261
520 800
499 828
317 344
467 511
155 88
565 631
584 810
586 121
476 532
307 302
1 421
156 218
586 412
115 444
101 636
249 150
837 72
108 558
767 380
785 421
273 819
573 19
519 696
98 381
9 310
581 504
28 488
798 715
797 350
259 446
253 130
833 600
680 284
720 302
204 407
847 293
41 710
144 13
833 180
579 101
616 761
746 5
266 318
413 445
635 471
436 533
158 823
754 398
496 430
719 287
756 523
575 241
8 329
565 615
635 497
321 262
563 771
837 160
693 427
487 491
839 598
114 353
111 591
699 246
296 618
539 640
149 281
722 173
779 804
500 86
237 519
106 624
413 148
179 273
111 557
513 561
611 59
718 795
224 16
687 745
778 695
176 590
601 291
177 430
822 318
473 592
543 197
538 308
386 41
44 589
831 243
766 222
599 418
383 847
13 810
346 516
103 685
587 111
368 339
388 289
701 327
488 750
177 648
329 371
305 668
14 327
19 381
53 4
428 630
228 813
410 325
309 767
216 813
241 100
161 295
767 756
788 530
74 29
351 622
186 281
339 771
650 543
503 836
27 346
119 389
447 776
726 88
189 849
505 562
752 830
666 303
219 697
384 199
402 218
370 511
625 19
705 262
155 587
445 88
342 284
232 497
466 648
67 149
180 625
751 506
290 698
93 764
439 37
495 262
80 10
99 310
6 294
815 131
690 37
447 421
710 479
31 239
159 497
325 462
131 352
609 646
699 715
385 348
4 344
333 62
650 448
192 611
609 735
797 218
284 582
637 80
655 625
654 747
149 526
507 186
478 519
255 520
390 173
666 791
406 538
558 391
744 266
542 221
246 624
102 3
729 340
268 543
34 291
253 173
695 58
697 335
737 829
726 334
350 89
423 226
237 621
390 595
127 564
179 321
42 314
178 441
142 179
273 765
76 569
223 698
650 156
319 36
541 802
273 772
191 674
301 601
34 195
144 819
742 606
401 782
556 231
312 415
113 402
42 520
645 772
833 771
81 38
597 405
64 687
321 154
376 550
712 715
394 561
507 268
401 671
54 371
607 251
679 734
51 425
50 323
460 331
78 814
586 166
393 568
538 45
140 150
548 160
768 1
680 504
541 225
768 335
355 527
808 326
832 110
560 419
245 514
780 454
244 526
379 624
507 106
749 551
398 495
164 470
436 403
699 335
439 59
527 226
647 61
248 380
637 613
544 92
589 543
69 479
268 129
821 181
679 59
43 714
459 92
281 621
393 318
729 692
694 422
72 294
607 703
556 8
453 78
278 729
177 336
174 414
33 77
821 412
480 372
237 730
785 165
398 749
165 147
306 837
690 390
597 240
134 348
393 775
329 738
812 8
382 115
548 715
733 443
237 182
131 307
699 186
663 706
23 817
647 844
65 845
171 16
413 267
269 6
723 800
570 834
366 224
220 827
684 652
632 246
133 156
797 783
743 392
464 818
211 446
764 446
544 264
17 808
306 598
180 217
782 261
678 317
18 694
475 824
168 54
132 527
632 825
704 818
356 109
699 126
71 581
216 237
620 291
151 139
163 176
39 265
332 246
298 617
561 37
778 422
13 653
412 363
822 396
495 727
1 507
34 378
720 151
493 293
204 632
596 455
81 323
724 614
66 57
271 7
108 668
328 815
807 425
330 63
837 270
132 615
93 705
243 156
40 823
301 579
819 516
569 608
332 764
490 242
560 800
819 400
414 554
684 817
848 719
78 771
190 260
580 319
781 299
396 71
530 737
639 193
289 642
786 192
346 469
402 92
457 1
311 170
497 615
371 625
209 705
453 498
619 157
599 492
621 252
730 292
289 166
416 734
825 84
643 479
502 338
848 83
516 336
776 197
730 534
578 209
377 605
131 569
585 603
51 412
626 88
735 462
84 473
784 326
5 526
627 136
10 501
779 193
653 349
366 260
814 470
821 817
678 677
733 538
682 540
283 687
604 526
739 152
826 271
387 450
83 467
122 705
265 367
572 843
269 794
588 422
401 532
676 782
221 630
718 172
149 708
725 776
79 498
66 792
579 624
391 267
599 38
248 388
820 817
476 7
34 177
171 747
199 340
73 653
20 599
306 386
717 546
223 338
315 21
387 736
520 517
706 277
75 111
499 847
569 685
73 459
220 731
366 612
847 708
757 106
632 704
520 755
580 107
406 776
66 615
584 110
802 61
472 648
751 2
776 162
503 424
42 813
21 663
828 777
23 546
342 170
635 80
105 286
167 550
640 63
34 770
826 327
536 64
493 746
227 660
558 694
170 287
540 434
191 661
87 42
617 591
303 596
169 646
73 694
75 323
370 628
370 679
607 397
389 314
216 127
594 695
619 24
802 197
235 633
163 78
609 2
329 725
311 94
738 787
95 226
723 6
483 416
563 753
584 405
531 622
658 743
788 7
475 337
42 353
198 76
44 637
405 561
287 285
635 105
376 778
505 439
712 313
549 649
34 797
678 594
474 667
241 199
53 734
79 606
547 498
832 525
110 801
651 846
157 293
833 222
651 769
750 527
225 621
536 257
370 426
573 117
776 250
261 488
701 614
799 710
671 157
394 203
499 59
624 543
342 182
509 233
4 196
311 829
42 523
30 85
313 428
792 836
207 463
465 259
799 162
560 526
820 37
617 206
749 799
438 64
751 719
383 167
518 740
646 425
223 524
522 747
637 360
619 319
235 668
472 803
272 801
254 790
808 73
441 848
720 219
39 5
114 531
575 215
560 372
18 348
356 159
670 690
582 15
178 820
233 620
589 317
347 1
661 474
554 740
387 727
172 359
65 827
532 641
265 636
693 771
178 135
641 805
161 264
537 58
825 225
97 829
665 226
614 71
539 130
38 798
478 679
616 186
686 573
453 293
301 609
174 694
219 430
72 375
533 795
643 224
57 5
830 380
80 503
831 209
406 448
541 705
321 392
671 109
528 245
379 587
270 323
580 64
111 303
42 482
23 324
725 559
619 423
547 32
784 414
254 574
570 170
532 574
493 464
108 454
817 250
166 793
98 675
742 376
463 818
742 726
690 415
48 558
503 198
216 384
432 741
808 708
237 22
735 299
790 409
591 109
201 703
426 298
100 687
410 406
431 232
394 665
714 530
568 761
751 38
842 846
527 238
535 463
645 64
497 314
244 818
374 192
672 663
431 716
135 60
363 778
72 56
413 174
716 270
165 171
169 63
591 766
121 514
741 173
335 10
114 836
449 485
506 837
265 827
33 230
107 411
289 348
328 742
770 111
844 170
735 94
147 545
774 687
259 59
210 493
485 624
436 202
35 512
256 205
442 514
5 335
425 157
777 112
20 92
449 7
647 625
837 569
471 359
509 656
757 271
354 595
707 77
84 607
490 409
214 816
492 421
718 545
94 202
433 645
539 331
8 775
634 208
540 493
779 50
211 596
124 838
288 353
634 838
807 47
419 164
404 469
489 715
500 65
579 747
49 596
691 37
430 443
489 482
252 340
808 188
182 285
153 37
310 455
166 465
97 267
261 642
634 25
652 392
247 356
85 180
548 134
550 299
329 181
807 198
682 38
24 282
503 378
189 214
482 64
815 262
637 823
160 799
161 458
35 359
507 334
74 310
453 127
568 555
718 157
721 719
78 458
509 650
244 183
779 43
780 443
489 157
267 799
295 776
824 688
553 444
627 847
4 394
587 129
188 385
43 827
819 726
5 100
542 275
736 581
87 402
834 390
716 482
203 618
41 302
556 46
812 448
133 198
263 45
121 390
781 229
103 306
195 533
567 564
387 140
775 283
89 747
733 195
130 588
826 657
222 510
332 221
667 194
80 792
245 498
764 755
689 809
451 623
452 137
823 479
491 677
19 400
595 628
630 849
19 285
116 321
135 388
575 327
743 537
172 581
356 759
659 93
784 506
841 164
4 754
454 603
219 63
442 217
577 63
795 96
707 719
706 349
39 813
49 582
121 849
748 635
175 569
261 530
329 643
845 613
44 166
701 807
387 498
171 449
229 256
600 428
637 206
223 111
123 546
659 468
367 430
398 221
805 547
609 418
610 16
665 112
811 241
519 192
83 774
426 145
190 771
48 739
112 510
158 360
396 467
589 96
638 10
759 332
131 764
392 603
707 433
791 608
602 185
812 122
839 3
768 347
680 664
698 91
383 135
493 353
168 257
633 664
724 713
82 187
716 426
724 683
528 33
214 836
303 838
73 190
331 653
459 498
235 477
65 607
48 267
426 740
410 253
215 362
219 423
254 259
788 642
354 274
720 285
721 673
60 387
188 245
169 655
18 197
429 199
191 152
788 672
714 656
324 672
382 167
658 64
711 543
23 708
478 1
265 291
151 336
279 415
62 789
545 439
526 83
431 803
289 775
803 340
37 14
832 681
204 100
136 333
297 209
785 160
731 45
486 149
763 266
125 368
198 590
397 294
219 442
239 845
220 657
280 462
64 19
155 281
454 793
502 421
566 545
233 778
387 393
435 844
726 389
699 62
44 218
626 441
832 419
77 811
832 733
337 145
196 445
283 555
466 823
726 628
417 628
303 685
456 71
144 106
80 550
456 225
74 773
781 613
546 653
121 763
296 493
177 844
345 565
345 226
347 73
40 314
519 9
38 564
135 750
73 467
617 462
563 211
449 76
51 304
340 24
127 176
309 743
771 510
40 116
721 514
422 185
278 146
760 653
45 72
452 562
410 455
672 798
265 720
325 381
326 238
128 353
119 193
383 550
753 312
679 266
595 134
119 732
466 485
213 322
196 654
638 765
748 637
532 519
588 612
455 336
2 652
756 435
848 782
265 161
481 224
57 73
580 225
95 417
589 461
822 761
236 65
826 392
207 423
792 422
168 843
170 6
467 372
707 254
320 108
428 261
800 294
602 5
487 389
768 106
658 649
680 796
788 101
130 485
828 140
828 313
719 591
713 615
462 32
262 307
742 804
48 837
30 480
345 466
588 442
413 777
579 90
527 282
693 47
717 476
601 501
566 650
272 626
347 832
828 543
387 652
351 711
395 547
844 530
785 14
227 517
639 485
362 44
289 260
44 470
691 816
68 76
49 162
315 126
228 693
143 485
219 829
728 725
203 418
488 47
416 476
255 28
305 811
240 325
605 184
663 202
42 650
730 213
407 349
709 845
356 443
275 709
801 274
748 434
380 719
394 62
254 240
347 357
58 71
242 680
39 694
758 266
371 52
498 660
815 762
784 490
528 358
140 463
657 819
168 105
274 184
185 824
807 685
518 479
314 156
351 716
376 24
449 422
83 762
659 544
784 693
734 633
580 118
536 778
555 102
42 738
773 766
462 202
227 652
293 146
142 569
567 189
839 696
695 343
75 445
54 493
629 735
480 421
393 30
27 318
135 49
642 530
636 250
136 363
505 419
215 98
242 498
567 210
54 606
128 769
445 339
690 94
773 266
332 251
575 772
57 822
619 585
601 198
638 93
603 173
531 824
822 699
73 112
382 202
437 357
811 251
477 206
650 285
9 403
191 226
121 348
670 784
812 47
431 379
345 5
567 773
158 470
55 209
271 62
155 574
738 798
842 101
835 511
301 636
305 739
577 203
68 443
217 52
553 238
654 422
3 100
61 420
425 199
540 261
796 498
407 798
191 93
6 93
747 286
382 391
308 276
205 294
558 684
558 282
120 845
440 319
748 669
486 465
231 613
141 746
16 803
398 829
789 389
768 571
371 561
807 24
557 621
779 798
495 283
411 847
283 562
528 84
819 740
759 574
658 145
28 845
491 96
477 782
827 522
790 498
270 468
370 201
708 488
833 298
54 727
462 649
371 497
79 750
324 221
610 628
572 318
158 338
205 771
810 615
723 497
644 474
265 220
818 90
301 646
639 699
620 543
217 763
66 624
806 621
398 718
718 180
757 103
460 41
751 359
656 810
287 777
715 104
554 755
594 737
705 56
827 530
488 252
394 400
417 637
55 16
571 681
770 59
214 737
141 558
97 802
666 120
704 315
82 131
792 474
215 220
837 497
822 794
566 591
415 175
236 307
770 426
754 688
178 134
22 263
478 496
723 502
402 24
101 310
448 755
731 118
401 421
589 545
1 24
609 483
2 755
499 656
577 845
616 800
308 649
808 540
123 230
273 154
342 67
382 554
473 846
253 96
609 775
189 804
48 380
438 161
194 71
155 368
267 281
1 652
652 18
586 823
450 27
681 840
685 547
352 45
200 655
707 629
483 424
328 193
565 810
565 714
128 419
354 282
419 740
663 559
155 449
671 552
298 545
730 794
13 430
303 480
165 91
697 211
623 512
580 71
457 60
719 63
576 625
774 372
540 623
498 230
387 796
155 126
67 725
730 592
674 229
678 390
235 812
289 321
435 158
768 145
848 48
668 798
775 90
372 501
338 120
242 52
547 372
175 543
749 240
331 19
33 647
53 265
589 316
457 459
455 688
538 89
792 407
773 731
778 93
635 137
427 460
743 518
582 755
513 469
189 560
382 783
749 597
760 245
632 798
648 673
738 616
42 173
522 70
472 287
464 2
745 348
741 276
11 471
394 469
513 326
358 181
74 282
402 277
408 252
519 424
380 582
781 621
686 796
122 14
157 72
395 318
272 608
604 325
126 100
668 683
839 574
403 462
728 202
81 213
779 826
731 100
726 200
418 205
140 368
803 199
415 702
325 375
678 240
76 771
708 630
3 56
205 737
563 732
475 728
635 603
119 426
49 610
563 16
156 714
394 333
343 375
626 455
330 792
210 816
81 467
95 24
441 609
614 150
337 186
682 498
50 212
692 603
141 235
825 605
553 288
225 683
147 252
148 246
187 359
724 337
119 669
45 282
301 485
175 444
583 467
548 375
531 281
770 547
734 205
271 814
2 591
683 562
775 72
413 798
173 608
136 836
366 491
177 40
196 348
749 226
199 193
532 693
476 842
568 196
556 492
223 624
235 763
542 252
484 108
526 14
786 562
415 308
749 777
395 850
3 517
350 283
25 560
213 711
228 105
212 291
526 318
499 596
768 659
398 638
491 284
33 584
472 10
104 737
847 454
578 291
830 656
669 152
616 796
356 181
690 584
784 627
32 776
88 469
459 250
528 384
290 90
365 126
476 68
220 117
276 598
623 58
817 331
232 181
657 577
679 240
822 101
456 470
594 383
719 824
44 279
561 443
357 739
619 838
799 129
362 293
380 68
676 617
607 27
332 538
187 249
650 755
191 502
580 699
425 603
113 451
371 158
325 64
683 617
530 755
33 293
483 149
775 610
69 245
188 645
167 510
212 409
178 217
395 293
270 196
25 783
130 811
278 91
827 294
296 148
441 666
795 106
627 745
118 71
178 305
835 294
178 543
84 569
235 594
605 591
362 547
110 324
386 624
574 474
61 818
575 615
63 562
797 307
484 453
818 293
12 364
273 184
412 6
383 525
793 750
385 617
99 701
278 683
432 337
563 289
434 413
396 469
677 361
515 578
418 38
418 467
837 352
438 429
752 230
99 193
579 244
372 798
836 16
322 119
345 674
693 100
363 641
792 630
53 197
129 359
330 23
384 606
833 830
336 498
228 747
328 572
484 138
653 268
486 658
39 225
399 756
254 532
627 736
472 323
225 335
183 258
427 90
528 800
438 469
585 63
416 297
442 818
592 850
113 132
800 714
433 306
189 572
540 324
264 845
686 720
376 608
215 403
347 377
646 29
749 570
625 628
753 545
733 326
847 614
42 462
650 827
598 421
316 283
780 426
556 234
31 661
142 797
822 94
743 98
71 739
35 209
132 646
132 211
151 593
776 705
64 238
537 511
229 114
11 259
325 340
589 647
770 483
786 222
259 167
25 40
260 628
227 36
502 565
66 250
935 5212
764 261
361 384
90 590
398 165
271 345
241 746
478 855
149 668
741 786
351 143
334 77
427 224
112 729
411 42
70 658
657 409
327 331
318 384
437 227
135 199
294 805
227 131
833 450
210 310
174 767
856 466
357 313
74 392
141 804
823 349
111 607
147 910
383 785
222 604
557 220
885 767
797 802
542 176
389 640
157 206
860 888
455 52
644 906
224 507
612 700
650 81
279 177
265 150
85 87
450 235
89 12
328 561
420 121
663 47
657 666
28 724
408 214
118 129
589 763
670 167
467 395
196 640
820 397
87 339
785 680
143 45
143 855
22 152
129 631
238 612
8 352
819 568
525 732
73 769
564 736
375 84
763 623
857 896
107 372
34 716
589 808
272 660
368 889
847 712
310 673
514 122
42 67
777 633
474 185
450 716
616 569
500 538
446 417
674 924
877 899
568 881
402 506
127 718
384 312
862 631
421 312
929 849
173 830
889 384
38 242
48 245
564 518
104 423
483 423
394 855
494 95
159 542
16 828
733 250
574 12
649 219
226 307
134 669
194 255
156 761
194 421
51 209
624 357
509 907
75 247
899 466
21 586
494 765
480 767
613 635
562 767
83 23
376 11
545 907
766 871
624 908
931 280
680 654
847 52
148 473
889 185
226 703
445 724
465 299
788 727
11 310
402 324
140 837
641 869
760 534
843 820
678 312
718 885
198 172
294 475
578 128
475 813
857 839
421 378
288 798
871 244
545 725
583 814
413 487
456 823
822 292
147 199
334 759
385 155
60 425
189 917
199 407
387 821
192 785
124 221
764 212
909 274
605 334
400 725
753 912
612 530
771 132
61 646
68 828
258 567
289 757
622 89
842 275
328 810
93 907
518 699
404 391
836 187
64 868
563 32
727 251
854 206
34 475
416 567
112 198
204 340
39 288
845 920
112 3
722 866
390 508
856 859
817 743
621 549
910 109
805 719
130 108
114 760
405 294
188 711
851 257
30 907
355 19
861 562
823 538
664 796
204 58
258 565
831 773
903 504
459 650
532 625
358 738
80 336
264 191
470 477
272 308
536 779
174 678
24 693
424 58
762 623
82 736
524 399
284 676
931 274
395 619
186 200
16 809
218 285
181 663
754 251
424 691
367 330
276 765
101 847
206 923
728 23
655 435
164 128
751 538
440 532
789 334
186 693
506 438
134 646
806 634
526 132
268 217
710 393
879 348
592 256
224 229
667 510
443 69
172 381
909 642
652 183
121 355
893 112
196 192
198 531
144 486
351 137
455 128
772 147
772 922
846 627
135 513
872 277
194 801
397 892
179 748
127 87
842 801
682 538
900 761
294 913
477 495
868 801
524 200
619 775
555 41
89 113
713 724
474 858
823 92
590 306
868 635
151 873
557 934
240 848
194 195
786 529
882 480
510 7
771 378
766 911
96 673
540 690
869 46
580 521
671 850
121 671
875 759
694 90
144 477
290 404
175 347
402 698
429 19
891 241
280 813
591 890
83 365
376 150
306 324
452 724
89 201
387 748
258 76
697 266
770 464
839 380
94 346
884 633
403 838
903 705
834 712
118 817
124 611
771 747
270 364
326 377
536 66
574 670
510 219
189 47
298 642
252 200
908 168
704 209
641 611
930 755
471 682
420 648
908 585
800 235
616 552
529 579
914 744
511 416
697 336
596 656
261 382
286 219
390 329
63 381
877 849
104 354
622 435
930 552
641 240
123 37
365 133
828 168
739 136
401 782
245 10
444 750
467 347
321 554
624 760
415 480
329 556
467 334
738 407
351 264
406 237
409 191
617 354
763 143
157 404
794 485
736 226
553 349
892 486
826 414
883 108
348 691
539 286
208 340
854 480
158 685
89 285
35 162
53 762
75 334
826 513
442 568
424 22
188 924
604 102
134 576
120 495
545 530
30 444
379 266
671 35
861 480
146 681
623 841
272 533
356 336
2 392
761 585
460 803
597 307
63 60
375 254
633 739
175 312
378 692
749 611
532 21
473 805
150 581
516 849
430 801
317 261
812 850
541 887
449 784
394 442
32 681
752 533
59 219
697 67
73 678
555 915
717 128
455 873
367 76
864 97
498 886
154 244
33 352
514 313
158 660
806 693
170 652
756 167
919 224
54 581
455 747
872 198
478 601
287 394
25 209
839 660
736 593
57 11
37 746
39 374
448 102
833 634
355 161
447 880
856 378
748 312
379 240
861 759
436 422
754 361
348 320
314 208
741 860
833 491
917 24
124 164
141 781
218 538
664 657
340 289
257 304
406 198
188 502
181 180
616 489
101 25
247 46
738 908
86 679
641 828
933 33
822 235
932 418
229 120
142 256
385 404
612 32
753 706
896 244
338 3
429 781
211 934
10 504
14 100
415 133
805 242
445 364
402 250
622 627
705 294
887 602
928 425
692 239
267 601
511 613
127 540
221 28
701 359
205 450
697 29
672 536
505 876
35 693
606 316
933 84
113 611
849 183
752 616
812 650
838 158
603 925
821 313
696 915
414 698
482 448
272 714
516 211
464 418
186 256
632 304
208 797
617 745
924 227
559 344
237 737
89 46
774 933
932 312
455 491
651 773
408 575
461 267
144 708
121 48
247 837
377 158
761 701
861 713
753 523
812 906
183 279
99 626
78 123
614 25
335 29
872 29
244 530
26 114
451 71
267 576
658 542
825 726
328 899
368 177
721 869
532 100
797 870
9 116
41 733
139 159
784 643
124 380
749 218
307 891
514 97
83 203
588 869
119 933
452 364
708 319
891 700
268 181
723 546
514 890
396 661
126 108
53 404
788 44
348 881
645 176
655 286
557 700
872 544
150 828
926 840
502 5
327 647
267 599
270 737
752 592
823 514
626 329
675 711
662 267
645 193
368 201
630 225
728 894
32 347
723 434
237 547
236 276
419 23
731 22
222 23
521 137
79 682
714 757
216 354
876 4
85 202
804 757
415 227
643 762
509 539
40 581
649 344
710 149
672 39
665 915
65 182
164 707
283 302
800 372
158 212
375 587
135 433
691 305
367 502
91 582
202 434
215 185
176 665
277 303
603 681
317 24
65 39
263 523
806 478
893 282
159 660
474 786
533 345
206 453
572 98
663 792
148 488
686 382
174 353
674 769
512 172
74 39
606 874
535 271
536 663
94 788
666 7
207 819
119 331
289 381
63 319
105 186
485 617
306 438
507 724
151 186
844 749
385 558
41 232
25 38
685 837
445 544
378 572
57 651
924 49
554 93
142 326
876 183
116 589
396 313
420 84
410 539
34 297
236 257
396 538
116 888
715 828
681 297
386 874
559 212
365 391
562 28
853 619
140 445
582 556
99 286
896 616
836 74
705 677
330 578
232 594
147 575
296 131
774 210
902 216
364 706
653 889
763 850
586 442
150 818
348 274
200 329
116 714
610 158
30 765
41 676
5 507
408 584
771 812
155 258
211 276
376 650
876 149
143 182
119 77
382 495
460 26
912 132
465 542
299 611
598 133
871 740
358 372
732 538
89 37
630 789
771 144
410 171
346 33
260 683
310 808
134 819
446 44
856 467
71 623
485 522
211 822
362 49
821 249
551 556
113 512
437 695
590 487
350 904
683 534
244 61
173 759
854 615
600 834
782 309
195 637
894 825
643 721
56 469
670 128
918 163
909 902
99 578
545 364
543 297
672 793
142 586
140 807
574 590
788 192
662 883
69 550
903 5
79 274
797 579
464 537
74 635
820 740
904 235
252 600
689 669
402 918
19 860
833 928
868 101
932 49
14 145
468 32
766 203
258 619
63 481
20 33
917 272
165 539
426 66
189 303
523 531
516 716
671 769
339 360
419 808
602 629
783 472
734 500
718 883
57 901
369 352
8 522
150 837
191 676
339 930
217 699
196 54
876 139
839 785
805 374
715 850
844 476
862 519
495 218
499 885
302 619
82 453
695 39
122 212
341 438
135 428
839 934
570 470
932 721
717 240
895 495
160 384
36 632
815 146
850 323
268 375
924 810
876 425
271 145
772 362
686 269
226 700
45 611
121 312
892 662
179 805
198 3
262 619
40 552
76 273
221 780
442 561
204 688
88 677
445 580
281 375
389 573
375 370
206 320
729 810
851 648
757 599
509 18
540 187
184 263
147 893
508 732
756 706
686 218
794 803
893 289
443 531
842 535
909 220
508 673
783 711
917 774
916 370
365 788
740 800
135 788
357 900
547 566
70 363
893 666
807 429
437 893
574 278
752 335
298 216
679 517
670 773
32 484
730 199
124 769
270 34
454 400
475 374
241 335
423 756
832 192
25 638
256 19
357 305
436 33
321 721
643 926
268 591
18 551
94 700
130 109
41 862
705 487
221 190
178 417
328 270
592 632
130 723
657 796
318 774
425 290
260 818
190 98
262 671
283 499
303 321
565 30
432 694
180 60
553 574
842 724
252 906
592 409
258 376
904 147
759 472
614 500
119 498
147 921
444 572
70 615
326 506
633 17
471 433
736 249
832 359
165 258
795 581
149 2
426 210
689 578
834 160
263 126
726 114
657 492
99 615
181 401
861 271
516 289
701 304
850 471
829 502
922 437
444 172
924 81
484 358
396 114
431 660
877 836
364 665
218 572
55 162
121 9
71 480
909 345
890 926
170 699
320 543
828 810
174 803
176 551
511 481
771 861
824 159
326 46
184 62
221 284
817 187
385 438
421 901
5 432
833 343
338 37
360 458
215 425
34 919
169 530
456 659
74 46
762 901
220 590
424 807
41 869
208 142
389 471
448 354
734 640
446 779
14 49
198 306
695 16
570 180
660 611
440 81
633 310
405 669
580 763
553 537
466 455
411 7
85 530
621 679
892 897
490 628
751 297
401 410
609 320
368 152
359 358
904 900
299 176
64 278
924 479
358 72
123 654
357 361
87 508
913 30
63 345
910 721
863 218
630 243
44 319
207 210
154 779
872 210
376 588
35 716
749 148
82 929
914 769
348 664
365 726
229 430
405 565
890 282
672 217
763 591
468 289
414 488
587 470
902 880
890 100
346 584
59 779
544 606
816 620
686 817
303 495
451 101
814 908
416 886
398 465
717 322
544 704
55 810
421 491
633 741
903 254
146 914
267 33
874 665
105 234
342 265
126 554
498 746
201 881
834 799
609 7
809 453
633 490
757 391
493 490
610 773
579 837
483 520
767 295
141 568
362 618
671 487
18 760
748 176
275 433
242 4
96 903
932 279
910 718
264 243
708 908
468 296
161 42
861 282
917 621
898 881
41 487
541 102
334 721
318 527
460 719
281 302
250 925
677 647
159 880
880 418
736 423
173 747
147 88
739 105
393 487
26 452
7 700
625 792
29 132
583 529
251 28
299 478
452 907
640 924
143 573
609 24
40 656
621 312
520 567
558 926
152 625
94 487
64 856
763 492
154 197
196 571
785 2
342 187
226 523
453 495
237 434
871 439
289 341
204 829
496 846
478 818
155 451
284 312
450 669
246 506
445 414
3 234
386 254
812 185
831 623
300 920
524 250
823 442
895 898
569 15
317 690
597 221
591 303
480 673
921 186
194 391
598 813
489 309
417 176
73 483
545 265
536 442
314 578
77 102
150 361
722 678
154 427
57 860
414 629
873 223
176 313
394 320
86 193
749 714
34 612
74 66
607 316
844 546
408 16
151 799
188 523
542 590
817 125
157 500
691 241
820 865
382 392
589 28
259 391
461 489
409 707
671 255
195 667
655 849
911 251
215 734
914 246
772 838
365 408
131 95
313 338
846 548
722 197
78 594
246 783
706 801
232 756
283 528
238 554
15 744
276 98
859 292
276 335
517 579
243 331
8 399
137 346
40 89
393 928
233 238
231 847
548 552
821 726
621 364
774 469
832 49
321 10
869 559
432 537
52 153
643 683
550 655
754 332
516 832
480 704
812 515
210 780
600 753
25 470
857 531
343 552
289 912
842 217
401 383
662 627
32 816
695 912
155 837
312 584
820 593
865 48
434 10
130 206
715 487
329 288
438 578
641 124
593 380
884 344
805 43
923 242
541 575
790 472
263 391
659 859
745 306
107 698
473 517
368 527
477 114
762 578
155 470
618 194
174 476
158 378
144 581
549 229
805 304
662 321
753 522
165 81
130 85
629 407
441 806
902 885
79 417
482 55
118 644
597 553
34 369
415 84
754 94
88 804
375 51
438 880
556 744
777 237
676 29
191 581
248 29
213 507
730 23
434 5
72 256
436 801
428 529
347 134
437 707
806 591
935 725
99 508
154 388
155 575
410 487
489 102
34 625
441 369
625 818
737 789
493 812
518 114
497 230
367 759
243 454
560 388
673 688
311 418
447 240
571 458
909 592
287 241
16 897
36 460
664 813
930 391
902 876
668 103
706 923
191 255
379 925
931 377
608 218
147 454
130 658
75 744
924 628
116 929
145 72
437 573
467 207
250 638
658 220
161 860
14 724
789 410
511 62
149 551
99 250
317 850
780 234
482 784
190 114
140 827
307 240
469 709
26 425
791 642
920 601
98 352
667 522
617 875
246 487
934 933
28 539
875 687
137 606
127 416
566 561
119 926
720 620
721 709
776 56
577 825
204 706
466 399
909 730
324 295
490 25
626 484
715 576
493 433
221 300
429 623
393 828
740 3
459 719
337 506
890 45
891 169
673 72
749 203
331 242
694 628
555 772
420 230
205 643
333 409
393 15
546 916
301 699
620 5
158 220
915 835
554 90
151 480
151 824
645 780
462 630
873 845
509 142
35 707
574 748
603 346
779 835
318 17
325 735
675 326
428 906
640 361
434 744
698 557
294 417
348 569
402 52
865 52
549 453
313 810
905 551
437 725
389 645
619 926
343 701
622 615
621 924
909 400
511 44
574 458
741 602
328 495
467 423
854 811
856 694
503 301
696 746
894 717
309 819
377 90
554 926
884 697
520 770
375 926
595 253
476 191
711 594
802 490
287 236
894 604
626 541
753 191
367 9
705 541
577 704
705 395
559 336
561 593
208 394
505 733
17 755
53 640
241 458
772 178
315 108
777 9
134 53
299 701
467 687
835 850
107 187
816 192
277 682
704 828
646 912
24 191
758 126
830 453
527 98
450 850
677 870
761 399
94 285
124 37
389 310
867 466
229 255
652 318
283 677
68 2
930 302
149 280
588 616
660 629
533 666
205 588
802 897
402 235
86 634
752 220
94 490
348 417
261 859
170 599
227 666
63 515
328 75
86 725
802 26
90 792
640 859
689 433
408 254
259 704
809 886
904 704
616 586
798 413
637 683
853 862
233 752
144 512
514 387
534 572
828 103
793 3
741 770
685 117
833 148
482 122
22 476
351 251
308 674
278 334
23 820
207 11
826 819
46 576
474 683
362 176
32 745
821 177
676 735
856 729
420 320
347 637
121 16
743 399
597 433
922 536
448 537
468 738
431 478
731 249
629 860
896 539
867 471
663 206
166 482
848 725
243 886
595 662
728 470
278 273
525 831
207 245
69 850
606 475
328 78
342 25
112 741
665 81
833 15
23 273
188 157
614 92
135 902
500 852
161 168
396 498
152 696
695 608
281 924
519 540
97 93
741 924
156 24
758 735
620 679
281 828
709 611
410 751
505 752
583 405
803 332
325 421
435 669
457 290
554 848
476 55
258 382
121 206
633 697
739 339
449 83
379 363
820 860
508 77
161 758
764 680
3 123
717 134
724 908
817 38
669 72
140 128
485 774
252 505
731 722
1 923
94 246
849 770
846 844
460 452
443 388
462 480
652 299
856 257
893 601
529 176
492 296
68 726
203 720
148 634
219 827
219 702
777 212
832 596
539 438
525 591
624 321
54 756
863 280
555 91
829 67
355 662
61 185
796 327
192 8
636 563
470 724
910 44
178 638
36 873
915 435
845 568
681 559
386 575
843 229
65 727
705 334
851 155
136 607
447 748
842 487
216 643
428 932
756 578
452 182
660 499
788 229
13 786
440 75
612 916
483 162
558 680
351 234
27 791
266 190
927 360
87 186
677 747
643 702
1 781
419 65
735 719
612 635
739 117
135 702
707 841
389 370
414 594
48 792
129 340
592 76
202 895
829 92
668 273
82 729
283 273
325 917
125 298
749 816
109 582
206 883
179 682
59 465
1 95
131 627
381 201
814 788
278 241
598 522
820 910
766 13
288 220
509 497
935 738
454 330
238 31
702 517
254 110
600 453
239 407
545 497
446 701
203 921
529 162
178 336
344 920
91 843
737 540
363 67
536 673
466 419
163 309
510 98
814 392
580 192
754 201
671 171
656 43
547 921
469 501
307 454
145 587
664 693
350 424
871 215
299 663
427 474
619 865
563 734
325 667
111 175
115 702
8 164
867 367
431 438
222 401
744 813
853 149
124 637
268 122
696 667
677 327
18 507
91 211
163 766
468 260
772 109
39 19
150 114
830 191
630 124
871 476
502 92
195 218
675 196
726 779
215 598
457 731
386 156
705 716
25 831
409 498
524 922
565 104
875 12
876 850
715 506
697 603
20 6
665 335
278 220
65 619
580 385
846 729
28 435
620 898
141 108
513 27
161 790
137 132
401 188
681 79
662 251
332 762
810 934
845 706
328 138
428 626
857 654
876 222
327 380
111 293
115 564
461 608
315 800
721 292
818 44
857 68
68 552
622 708
843 773
256 77
274 356
810 306
39 548
61 108
706 182
779 724
248 2
493 689
903 688
605 932
236 584
166 193
769 628
478 688
672 33
131 2
57 290
441 114
463 610
228 232
155 152
867 84
446 905
614 544
753 66
806 543
105 443
22 679
241 321
189 206
82 597
320 716
138 835
305 303
417 341
150 284
92 209
297 724
40 471
457 413
518 619
322 384
208 3
614 106
122 235
101 141
540 582
625 808
750 79
457 490
740 768
722 203
406 288
297 153
393 224
661 887
485 586
548 6
641 87
491 72
897 435
419 202
856 418
142 927
494 813
99 456
282 552
104 152
743 133
811 740
894 726
772 431
420 926
94 333
403 863
278 89
577 931
527 738
284 304
830 46
731 325
914 561
510 828
22 553
460 542
815 681
9 690
891 287
671 254
16 396
530 587
83 474
70 302
584 304
513 925
204 78
4 371
922 666
902 779
889 357
196 216
447 592
237 812
196 923
195 661
270 556
648 785
722 341
685 863
248 789
906 28
119 18
891 125
405 478
417 502
364 923
715 901
863 548
771 324
214 60
647 295
243 814
293 381
726 484
780 895
564 60
747 500
772 171
180 915
659 301
381 46
74 256
643 122
96 120
531 378
554 685
333 865
834 696
104 162
486 934
362 208
750 89
347 19
610 596
135 863
269 481
48 404
673 458
485 636
233 503
895 768
71 649
681 26
477 572
849 627
705 857
150 685
561 391
82 687
616 357
139 546
535 49
868 220
514 865
533 397
913 514
565 726
643 210
514 310
312 781
277 432
777 818
851 204
800 637
339 414
346 932
270 796
17 456
550 242
145 780
824 192
864 228
614 31
547 415
326 606
13 295
549 895
912 607
396 545
610 357
540 742
558 253
9 423
562 192
818 781
704 168
69 389
179 262
89 383
786 303
806 732
755 4
681 585
812 790
741 558
355 900
302 911
447 727
157 152
875 213
451 38
253 930
492 232
1 193
772 619
368 460
756 45
402 871
24 211
902 210
280 381
409 241
318 405
160 472
31 646
91 781
2 685
441 814
867 115
488 382
41 397
564 324
664 889
750 566
252 933
897 757
205 562
490 113
734 859
24 60
79 692
409 472
799 687
784 764
911 395
532 265
589 221
365 25
155 901
574 473
902 58
704 733
688 242
372 635
723 162
818 288
695 289
452 102
914 928
473 594
717 900
496 8
919 510
791 311
687 860
232 392
545 678
530 540
126 225
544 478
659 320
883 628
448 419
875 907
705 369
173 567
34 425
484 883
360 364
776 396
398 391
933 77
547 127
904 720
183 404
17 143
243 185
904 861
365 92
154 209
56 130
266 448
41 499
270 125
492 744
170 575
204 193
224 602
715 167
267 89
301 858
343 769
727 72
605 779
453 782
644 415
565 609
41 895
387 176
24 746
651 185
544 477
532 852
416 507
856 148
875 80
322 880
414 33
931 153
571 48
720 612
359 791
179 32
725 712
891 304
28 642
875 410
847 191
531 310
484 473
771 826
511 405
758 501
228 669
246 724
854 23
929 281
210 315
808 224
112 610
648 518
366 568
668 738
617 715
746 153
514 888
173 912
910 404
876 151
467 336
308 241
616 26
899 643
528 628
24 371
843 601
722 780
686 734
428 237
238 29
710 735
198 672
843 733
364 5
384 75
277 650
900 566
812 139
225 551
498 767
121 758
142 517
126 382
762 164
306 471
162 48
749 502
346 846
537 369
186 442
333 57
405 924
561 331
745 502
817 372
13 582
121 898
761 619
894 831
508 512
845 531
458 279
587 4
702 569
393 855
80 301
161 783
907 327
351 446
236 635
896 399
271 569
436 482
757 578
408 217
874 507
322 693
882 632
549 129
834 410
808 5
899 795
644 683
647 654
852 793
482 540
447 530
49 423
432 297
196 239
307 817
198 255
609 239
40 233
826 904
332 799
801 707
460 702
616 572
173 126
144 645
747 153
177 526
567 743
862 634
332 673
259 707
313 932
633 338
154 861
29 607
70 643
262 747
91 266
181 127
697 782
330 852
441 303
485 331
743 680
67 599
784 561
76 394
99 912
252 667
364 123
64 628
310 219
457 565
409 929
483 200
283 487
468 636
820 201
231 639
695 300
74 416
664 715
899 356
777 428
460 232
317 337
924 356
283 404
468 739
268 448
197 294
875 65
348 591
845 80
823 353
59 551
759 526
917 735
873 324
636 224
111 392
322 805
70 762
896 413
843 461
203 912
437 913
149 692
350 154
99 780
902 765
174 199
266 141
86 538
124 713
379 179
107 470
17 415
270 387
506 10
94 586
440 45
78 611
613 609
390 721
600 373
356 670
285 859
51 72
159 492
146 566
53 666
202 689
337 323
264 74
445 320
275 491
31 86
834 150
197 890
109 8
736 228
836 456
204 343
53 490
576 285
448 640
727 478
616 381
552 193
787 666
310 58
419 852
893 211
258 641
802 788
226 919
317 39
799 407
394 410
415 579
877 148
827 822
600 242
208 517
483 547
248 231
586 312
502 251
639 851
604 201
622 664
625 340
113 117
61 781
741 416
588 741
389 790
154 752
818 286
86 767
32 930
34 583
405 150
436 343
704 760
725 4
497 220
115 349
832 217
686 217
135 45
907 220
12 837
548 218
74 763
559 810
717 8
496 334
558 866
647 808
424 251
616 719
581 323
194 503
892 479
876 380
527 451
14 528
480 573
457 399
96 685
244 574
616 52
317 609
529 502
270 590
197 534
201 837
236 631
402 702
111 48
862 792
169 487
130 679
562 813
118 898
796 334
30 78
175 756
492 569
437 72
935 505
594 679
829 257
351 77
849 286
232 433
312 209
910 66
362 355
833 206
632 594
644 743
485 567
7 201
133 517
598 649
525 369
889 18
600 528
334 684
99 746
134 495
89 602
146 912
73 688
789 74
899 307
518 461
848 916
740 117
315 735
501 551
137 102
66 4
564 315
605 15
913 72
342 610
805 901
679 218
94 462
777 86
230 329
284 693
447 91
747 378
252 225
217 1
342 733
589 595
223 666
525 901
750 123
776 303
450 668
836 743
139 36
228 150
87 145
550 220
111 645
238 600
385 228
774 382
764 180
690 28
105 402
179 245
91 101
717 139
735 572
735 495
754 366
480 661
135 687
914 256
598 748
195 106
267 841
851 503
591 191
221 929
259 668
630 200
315 581
834 687
65 221
798 18
230 15
892 788
180 186
697 272
753 659
846 79
437 533
686 45
714 312
258 831
371 103
867 810
299 73
192 141
393 28
139 211
216 665
776 353
508 276
326 653
204 458
157 615
448 8
850 556
327 19
657 712
360 685
877 376
825 703
437 162
455 294
165 583
613 312
82 893
191 301
875 347
749 243
14 291
215 699
271 782
509 815
258 656
293 285
862 781
151 915
260 935
652 852
196 549
109 778
519 865
641 206
509 85
399 234
440 874
185 58
494 44
421 756
646 418
527 584
406 8
651 915
485 407
189 756
252 531
381 582
608 502
14 757
592 336
519 431
81 839
473 454
376 464
440 479
583 914
267 701
8 312
772 827
332 413
23 443
243 522
617 505
321 212
468 685
17 691
253 434
448 441
806 381
241 839
277 247
762 335
774 217
893 559
851 517
752 46
641 306
137 428
414 773
754 734
259 8
849 100
823 495
355 183
796 927
266 702
377 145
468 899
627 831
179 464
876 666
71 38
887 416
758 725
864 50
367 481
557 113
207 486
443 433
110 507
321 316
598 646
675 679
124 167
843 189
737 542
697 73
631 863
833 854
262 377
671 59
779 136
206 407
749 413
14 248
903 599
160 172
394 494
629 528
701 261
617 741
832 58
636 268
156 710
513 290
527 763
914 406
699 27
111 194
520 300
314 119
421 626
151 790
83 507
728 569
896 784
461 80
571 414
825 463
385 502
278 2
228 934
703 31
15 72
137 58
249 285
457 563
196 713
877 792
531 285
400 830
882 421
718 594
294 192
922 95
745 528
373 511
195 70
73 693
363 559
126 25
436 804
695 728
864 482
772 299
155 694
694 515
903 341
299 295
122 392
124 554
303 798
14 114
56 879
56 420
592 865
740 381
316 878
481 92
815 260
448 771
447 245
488 805
603 99
841 300
748 718
532 45
515 47
571 90
111 909
199 769
657 663
591 706
243 61
577 762
260 690
462 473
154 534
82 125
781 261
515 801
293 860
451 72
396 434
931 370
617 267
174 499
735 66
269 297
928 677
496 908
206 916
137 45
783 236
838 329
732 708
126 591
568 850
626 98
681 725
540 506
479 90
717 837
542 235
728 494
763 817
674 35
913 77
897 554
109 201
275 468
331 211
404 304
278 99
441 698
854 638
281 323
213 219
195 928
624 798
788 353
244 188
776 925
155 94
726 358
653 190
909 329
22 183
490 579
624 306
411 413
364 168
57 253
605 847
149 879
494 528
237 19
777 20
361 45
688 285
817 320
728 537
233 310
179 50
161 850
844 319
823 686
679 229
148 425
866 492
918 157
349 803
406 769
247 530
820 13
161 664
333 311
553 654
610 18
386 767
521 469
442 61
916 344
479 464
723 232
543 113
213 228
910 58
265 391
165 668
901 567
401 241
478 24
776 900
465 690
366 75
139 874
393 187
485 517
341 256
70 267
715 63
76 409
314 354
558 603
523 90
636 760
511 775
66 569
32 452
378 775
865 715
144 280
453 290
806 144
699 438
866 487
756 378
828 863
665 515
778 100
598 908
373 27
824 869
786 228
91 294
381 822
882 431
591 552
25 353
632 439
708 210
246 523
409 821
737 593
904 442
836 321
729 393
903 575
397 470
328 494
736 507
875 169
481 60
424 631
20 858
133 582
121 565
80 931
465 683
778 915
672 114
926 413
503 931
56 124
73 625
592 48
632 224
579 709
455 220
174 284
140 271
283 809
343 880
17 649
464 886
272 809
17 673
741 75
574 456
740 411
406 78
482 503
134 71
925 311
856 237
875 187
509 777
180 261
658 4
715 274
301 324
95 682
558 828
583 216
183 29
85 853
104 119
230 191
624 200
1 401
365 475
115 34
116 348
649 753
925 494
174 180
784 24
909 714
53 211
73 634
130 816
419 921
752 192
870 692
317 777
232 704
670 791
837 45
784 183
342 334
35 127
664 141
255 141
57 462
384 874
829 739
275 652
890 838
283 582
191 458
283 893
486 787
17 538
142 721
872 32
861 690
205 756
59 303
518 673
153 755
207 197
634 425
105 98
784 571
657 835
213 554
727 416
417 284
751 265
491 824
695 628
627 330
20 292
248 542
323 515
214 429
108 122
588 359
143 533
183 55
645 782
723 98
82 166
789 792
29 792
410 778
567 684
197 706
753 708
789 421
38 19
586 742
899 870
541 168
444 560
600 390
375 374
158 866
565 290
145 107
698 799
270 202
138 276
52 392
766 484
490 804
834 792
372 719
917 451
768 707
114 888
268 40
126 699
267 352
201 430
130 809
828 541
575 19
668 92
155 716
230 597
106 719
125 215
843 859
588 811
172 840
183 507
403 266
485 780
762 601
419 699
335 684
211 552
903 240
600 190
714 708
82 138
289 503
271 259
716 330
215 484
409 683
408 708
761 218
613 349
333 830
146 721
535 219
913 314
270 404
118 526
701 4
592 135
116 314
208 43
339 335
13 654
909 217
88 283
363 713
145 97
53 616
130 874
809 906
40 414
420 496
776 530
578 312
320 201
764 71
892 569
718 89
343 722
423 813
322 414
600 627
577 892
760 380
208 841
314 291
815 478
282 638
690 108
693 840
231 825
343 788
70 52
752 39
154 378
237 466
628 435
21 646
349 793
485 6
795 457
818 609
102 46
192 596
322 368
433 136
842 36
163 182
134 916
222 770
702 579
740 859
228 912
836 538
138 821
376 759
14 469
571 175
849 694
809 568
220 300
737 382
921 316
78 182
387 847
464 331
67 620
441 162
454 228
13 366
44 916
34 725
557 531
918 211
260 661
760 131
650 494
797 770
326 502
20 93
712 187
215 429
363 492
752 82
626 426
694 438
260 621
831 886
149 442
79 791
23 554
634 90
65 122
48 291
640 684
179 494
492 594
914 925
511 781
58 75
851 71
207 516
207 115
929 848
105 108
377 225
14 476
417 312
644 486
459 232
243 174
741 908
459 725
924 681
64 274
335 522
691 517
600 697
305 661
893 12
492 276
367 394
626 905
532 513
772 159
890 756
793 435
796 344
258 791
545 515
668 132
819 531
732 651
324 680
535 127
166 64
44 404
555 755
634 101
10 334
449 361
405 481
622 276
417 320
620 392
99 394
437 504
536 564
477 742
518 644
170 197
903 597
902 743
173 749
172 635
726 310
490 80
486 897
157 182
414 119
930 756
254 886
420 653
440 654
13 642
94 669
288 93
355 541
689 858
376 43
486 719
727 92
802 369
893 662
558 66
185 190
719 66
41 623
207 756
82 718
299 860
14 87
671 314
443 246
710 427
678 344
275 429
332 765
39 715
443 905
912 218
173 288
448 801
429 257
50 45
732 561
625 28
456 748
143 788
864 46
790 209
663 520
68 775
97 269
653 158
29 684
722 22
303 488
345 162
571 831
382 418
420 833
130 228
242 234
649 845
597 15
428 334
528 479
30 739
808 725
474 444
641 33
429 590
350 401
260 108
668 353
346 345
887 769
197 506
231 150
857 867
513 478
82 785
625 463
554 392
130 477
521 65
280 284
834 735
338 344
763 18
814 46
11 476
929 740
624 866
549 206
346 424
777 36
836 626
830 761
483 753
443 686
121 648
782 470
771 831
931 345
164 486
40 702
664 305
106 131
96 691
282 700
781 369
106 533
485 591
333 320
514 153
254 62
166 648
720 878
248 419
59 60
761 732
339 177
319 712
722 169
268 411
623 504
641 205
533 796
109 559
809 822
126 921
170 376
346 930
320 848
227 572
672 234
694 102
283 805
303 755
634 331
308 859
241 242
550 540
388 700
206 95
580 680
390 541
127 534
116 773
586 76
364 760
56 185
827 679
140 529
851 96
500 114
634 781
731 157
286 792
322 625
604 376
928 907
197 521
608 891
736 288
699 404
358 374
42 714
465 42
541 255
905 598
689 353
702 128
484 688
838 547
839 510
696 120
14 783
182 584
592 185
701 932
258 782
522 67
43 755
870 684
864 826
154 599
854 276
892 817
288 250
520 572
277 603
258 628
813 880
368 690
86 422
749 414
144 430
436 731
571 265
737 404
39 393
574 347
740 106
497 541
500 566
853 571
875 328
513 432
789 291
645 566
846 225
443 361
616 167
27 933
842 395
174 361
475 557
911 303
876 515
65 441
509 102
533 473
476 292
847 792
439 799
591 898
86 228
775 364
82 504
764 342
412 291
675 21
838 131
164 89
807 746
652 768
316 666
423 807
121 439
820 319
727 345
450 487
664 265
878 581
803 916
593 480
5 840
8 298
814 429
924 598
834 439
305 136
356 855
30 10
674 867
252 174
569 724
697 450
474 400
754 638
485 604
557 267
754 519
137 320
111 273
305 828
929 791
273 487
454 479
375 742
370 423
115 271
481 680
740 908
825 796
230 374
585 837
450 741
816 780
750 787
474 178
231 477
574 296
711 397
406 141
392 684
342 303
784 61
450 818
380 296
642 439
53 681
129 211
845 370
333 848
794 551
834 536
500 79
482 10
926 615
17 359
216 863
641 770
622 28
328 216
402 89
847 889
332 845
222 756
225 304
740 548
252 35
121 76
764 840
563 728
450 128
752 768
844 773
436 614
309 656
71 785
238 99
790 284
884 100
440 750
498 577
742 78
355 216
505 350
468 342
56 193
271 596
145 733
348 859
75 292
384 685
441 377
273 594
857 793
63 790
853 591
85 810
306 312
377 578
748 381
53 199
535 774
826 441
441 113
22 931
846 572
807 29
137 814
778 881
727 779
709 102
138 547
711 390
343 529
490 723
406 84
273 820
505 489
862 75
458 504
138 131
919 597
921 110
833 681
317 419
562 319
672 323
486 796
379 764
214 352
417 852
623 12
272 390
788 55
664 656
756 515
665 676
22 310
455 280
725 407
653 496
529 546
306 336
879 109
448 360
493 691
3 647
794 883
137 665
270 187
467 360
358 132
322 573
142 799
477 680
40 24
554 295
681 693
383 878
884 852
80 759
317 331
851 440
118 516
734 682
105 190
13 29
913 460
144 852
553 613
329 216
94 818
238 823
636 78
795 928
99 495
62 570
478 92
396 647
181 439
435 859
662 869
240 892
224 337
702 412
153 859
225 870
483 691
462 629
265 869
214 545
784 344
197 139
144 865
815 119
810 495
699 602
892 523
631 415
116 760
173 558
527 320
214 400
624 289
385 250
39 426
612 120
723 544
443 159
274 746
447 639
745 581
909 146
472 787
342 250
589 642
64 902
604 382
459 578
206 108
429 667
49 706
468 252
227 926
327 852
145 311
74 151
347 287
42 291
44 136
246 515
763 218
630 841
584 290
821 59
659 404
36 484
641 225
194 799
171 218
124 864
492 841
130 101
365 619
314 824
525 11
540 458
446 419
323 682
51 305
180 801
182 425
909 382
37 399
720 822
184 707
22 360
375 827
745 818
101 481
393 568
447 757
693 344
490 898
456 782
551 782
639 661
720 709
130 412
284 100
648 140
685 430
868 914
116 607
872 512
82 539
839 471
909 625
549 884
325 47
417 404
73 804
896 748
682 407
766 319
277 332
171 587
833 478
649 761
501 632
373 307
204 880
838 841
912 400
30 879
896 634
126 213
273 442
511 563
535 278
935 141
277 189
632 676
491 120
83 130
232 712
28 769
654 128
841 682
345 418
343 251
715 434
732 578
275 395
912 171
761 669
903 174
304 504
321 473
526 773
551 819
33 77
913 907
879 800
553 745
917 751
479 685
227 422
856 109
667 413
641 500
753 335
241 481
401 5
40 835
718 202
349 434
302 417
703 658
322 850
111 64
264 267
321 814
86 624
752 631
268 184
321 382
833 759
436 220
600 176
244 306
277 198
57 442
445 751
273 816
873 12
12 706
396 143
99 479
832 55
756 568
460 774
462 109
509 369
708 218
449 200
195 425
144 634
14 661
532 421
292 95
790 202
792 538
209 261
137 480
374 759
730 282
539 807
105 383
240 413
826 809
738 663
776 531
320 768
94 381
503 236
33 381
343 749
587 12
697 830
18 769
536 306
57 810
57 733
612 28
425 769
686 101
395 311
543 371
469 422
488 576
875 860
288 363
253 192
677 19
509 182
691 45
494 15
900 835
394 688
633 354
373 689
615 150
194 26
331 575
794 578
340 912
253 518
326 265
379 434
118 4
20 323
357 202
687 768
617 137
891 358
689 801
178 349
632 835
460 738
238 582
461 714
431 78
886 341
442 669
776 144
648 606
382 84
754 101
535 317
98 458
705 210
409 397
83 354
9 587
173 608
840 316
783 68
749 745
273 334
241 817
844 515
367 337
536 105
544 218
25 587
449 812
636 240
671 452
857 696
499 656
675 616
539 858
381 416
843 509
368 577
536 417
729 839
99 134
190 158
120 257
146 324
889 839
893 453
227 716
274 888
237 598
770 176
147 402
38 850
867 918
275 623
99 320
562 856
669 84
746 787
636 559
844 168
396 470
129 425
239 434
411 719
702 132
207 750
408 352
65 670
562 129
320 295
710 777
893 607
111 756
919 247
852 29
27 136
265 811
529 601
640 63
659 269
199 11
127 638
293 567
352 898
147 830
850 458
48 269
318 90
543 72
278 429
485 48
605 745
110 882
454 223
917 797
129 228
638 120
705 51
691 525
836 85
935 48
69 444
362 438
254 13
184 638
476 31
385 387
248 304
894 304
613 357
834 456
111 502
583 888
196 398
624 60
215 344
188 781
897 360
241 193
169 721
99 656
62 185
706 526
730 786
431 108
877 673
508 287
736 168
697 382
463 464
555 734
918 411
613 428
353 123
23 680
62 177
869 920
618 636
485 57
155 497
805 827
493 478
221 761
573 335
795 473
679 45
646 274
875 528
527 440
510 933
512 888
197 203
834 427
165 914
314 290
194 712
423 915
688 219
506 920
245 778
212 678
17 814
547 221
396 170
125 687
879 79
534 638
544 299
126 584
672 687
776 94
466 879
602 413
103 813
363 796
270 376
182 933
488 78
401 66
311 707
536 515
668 212
829 386
844 451
6 781
744 209
800 136
340 366
178 823
27 779
551 611
112 48
168 311
13 225
260 453
544 787
465 747
745 118
726 176
396 287
490 78
190 541
59 392
225 128
368 668
614 271
482 452
524 99
854 675
754 807
583 878
549 887
896 917
815 194
695 433
112 286
749 510
799 860
385 526
774 32
758 622
679 556
121 32
157 503
675 723
441 832
222 340
659 288
410 808
238 55
196 751
459 262
349 571
465 38
639 647
602 218
322 479
270 246
228 504
842 620
646 216
37 435
789 542
331 279
166 793
741 378
762 548
448 105
639 87
840 827
468 100
396 278
130 126
414 768
516 551
624 770
739 812
574 288
794 385
190 916
510 685
270 475
487 883
639 749
720 757
844 606
519 273
22 299
81 813
6 433
227 548
249 425
138 841
273 242
622 305
453 42
398 880
805 656
735 201
896 115
444 742
701 256
561 575
357 25
531 775
505 625
768 778
805 411
608 201
221 793
112 499
718 2
368 517
608 501
890 682
375 174
695 889
782 336
676 392
752 585
244 216
40 170
424 895
132 560
491 827
631 782
154 446
502 925
67 29
747 687
641 928
895 288
273 480
644 224
221 486
426 159
796 43
436 890
391 923
786 594
855 520
725 683
622 877
216 858
812 605
57 128
792 582
829 352
152 865
264 379
502 714
233 441
639 554
894 331
697 523
426 816
447 299
82 868
655 540
765 673
142 577
159 429
270 111
521 844
21 145
259 762
417 337
838 792
397 809
603 180
930 585
327 716
271 323
793 89
21 872
499 709
922 383
710 925
216 132
47 295
772 390
713 338
753 526
238 200
474 490
405 345
498 726
577 709
30 227
603 146
751 778
772 816
882 560
386 781
477 311
460 209
704 682
634 177
523 501
564 239
507 556
739 542
861 493
375 906
41 302
41 225
355 695
193 123
504 837
379 742
346 924
14 123
342 836
56 707
588 36
401 150
310 72
662 157
505 725
849 506
403 887
830 249
853 291
409 809
449 84
374 670
446 827
50 192
675 2
767 93
473 337
588 576
457 533
379 903
149 183
544 49
449 901
104 147
13 711
178 211
15 594
359 923
625 186
147 458
476 100
332 167
792 831
558 598
198 691
616 920
301 98
708 313
358 29
138 744
235 584
224 282
77 507
739 840
116 103
663 933
778 123
173 688
124 824
276 495
454 773
881 47
365 342
862 556
730 6
852 707
444 336
409 818
710 31
32 594
752 663
730 319
326 788
878 801
191 895
711 506
884 806
115 86
795 645
26 391
485 858
100 223
906 866
618 67
675 782
752 171
697 542
641 412
283 119
332 442
891 391
558 18
281 38
27 19
79 607
339 344
268 479
349 167
309 438
589 648
339 662
424 229
867 347
741 488
76 581
466 352
375 357
892 305
286 320
604 459
343 273
935 220
555 520
97 529
353 50
614 180
501 708
245 575
766 127
230 173
603 645
802 495
266 796
143 37
642 859
626 372
536 628
868 413
770 660
421 276
26 123
64 314
281 804
905 504
689 643
658 516
825 748
368 833
402 48
830 432
297 676
796 813
338 72
836 404
820 561
524 55
87 114
606 172
787 487
367 311
162 224
832 686
317 436
386 466
375 712
85 541
727 66
379 653
913 341
876 607
181 447
879 712
130 601
467 148
902 768
573 601
461 596
44 572
650 35
232 804
525 726
249 573
395 810
306 323
786 108
843 734
722 544
219 344
661 417
857 911
199 494
668 387
206 582
427 928
816 837
835 713
251 107
529 684
469 459
112 120
129 830
617 599
635 666
906 491
176 810
836 403
922 744
730 247
281 726
549 487
272 802
240 343
664 36
422 803
31 164
211 167
461 775
796 494
282 209
157 526
12 279
664 372
161 126
436 635
109 171
825 394
536 30
404 153
348 827
79 930
246 539
119 267
599 29
855 247
359 114
731 624
454 249
456 232
516 473
365 797
632 129
740 738
106 19
245 327
502 800
672 567
82 748
214 419
84 637
911 54
626 44
772 360
536 753
868 449
114 933
523 67
259 79
635 269
873 605
450 333
252 193
523 742
509 163
241 781
555 306
267 404
917 887
351 106
43 685
485 81
191 38
466 150
798 559
875 171
396 96
342 891
181 385
381 404
55 488
440 442
733 765
386 10
633 602
705 933
281 654
287 280
138 769
671 108
586 61
879 33
565 812
415 48
834 905
835 52
714 47
618 815
604 246
697 570
420 762
55 654
927 141
756 297
198 101
722 137
406 486
152 885
926 690
566 62
161 706
604 722
53 340
204 44
555 299
167 538
230 109
386 479
776 310
626 594
444 713
817 33
197 171
819 504
651 792
842 500
473 692
532 473
360 813
43 572
61 559
903 616
16 623
779 550
781 822
138 776
303 470
147 545
565 346
588 754
390 125
807 685
574 887
646 160
888 324
922 479
38 279
85 735
178 604
602 721
406 183
270 180
930 634
699 380
366 232
809 492
295 585
91 256
854 282
872 301
118 632
619 819
486 683
293 146
127 762
536 452
365 742
645 911
728 304
617 676
800 585
446 292
476 792
770 37
109 737
720 683
183 685
666 923
704 15
23 209
230 489
857 493
176 744
174 103
86 528
216 559
214 14
126 380
329 395
510 464
664 471
431 479
96 681
462 409
29 187
789 261
622 671
716 526
561 267
208 838
366 243
789 609
573 404
259 97
851 50
62 61
816 513
874 568
564 466
896 511
78 60
551 860
42 380
538 537
728 424
545 182
105 276
909 515
210 363
851 652
53 898
826 284
591 724
6 354
390 567
657 730
801 413
88 491
750 514
914 148
20 909
644 650
858 887
11 75
834 914
542 451
598 300
664 315
513 792
794 501
783 394
669 725
143 444
197 107
362 428
317 377
447 95
876 85
879 653
456 45
511 242
646 550
848 702
78 345
238 158
337 801
191 90
147 528
61 887
146 892
53 907
365 286
497 528
131 212
595 372
98 292
632 927
562 522
110 378
563 287
618 709
583 597
190 837
193 744
861 201
348 631
437 375
718 39
96 370
811 86
649 439
651 90
927 669
581 218
664 278
17 890
252 273
435 257
879 464
754 148
610 241
930 860
351 38
232 556
203 785
761 790
160 51
57 774
489 726
56 388
482 244
25 225
354 249
601 133
600 619
618 886
231 232
455 806
750 925
172 725
717 55
882 643
677 160
8 673
406 236
409 184
544 24
351 919
198 756
325 435
20 915
535 129
684 257
475 892
336 280
739 262
283 477
764 101
748 546
50 781
485 23
144 773
513 729
772 143
222 194
497 446
632 282
155 336
82 784
908 388
624 623
14 718
328 6
567 413
368 429
299 500
666 388
617 219
925 765
156 619
51 733
166 890
851 360
252 535
473 665
20 811
668 596
795 324
918 709
467 320
160 702
179 116
179 555
453 200
91 861
592 934
827 282
131 249
884 217
776 567
85 311
485 178
213 797
91 239
14 923
425 898
2 374
106 926
650 176
801 72
119 870
563 547
748 117
234 72
126 417
533 471
399 568
267 46
111 770
535 433
175 681
807 391
930 880
874 431
407 773
786 595
325 85
92 352
328 593
929 254
286 835
595 267
351 641
726 345
445 847
506 676
344 60
515 759
863 773
864 173
460 863
842 728
646 382
657 490
465 792
924 27
379 164
449 553
414 500
730 7
343 859
490 182
1 321
664 575
718 502
204 277
294 36
170 478
577 566
440 343
165 723
891 120
263 859
244 446
351 688
144 130
624 503
932 304
139 301
650 62
518 727
848 666
668 224
814 131
49 315
838 5
896 796
469 750
589 897
245 627
165 170
771 515
223 297
6 683
903 6
728 544
764 3
30 246
766 188
289 808
198 610
736 119
662 637
275 749
614 794
207 400
373 589
797 688
419 888
175 246
158 90
325 746
126 576
343 202
481 290
73 546
475 271
535 342
901 807
901 77
774 344
445 757
523 128
26 470
484 471
563 25
266 443
857 129
603 510
452 696
299 582
460 481
128 392
437 434
75 915
187 886
874 559
117 52
445 357
138 292
504 167
907 837
468 917
325 524
70 138
291 692
657 824
241 607
700 117
776 605
740 790
409 719
583 566
605 709
800 60
902 856
212 285
38 659
59 667
367 115
902 774
890 608
763 281
484 721
140 358
80 290
696 921
54 809
571 369
57 865
645 32
116 627
741 545
704 707
475 180
231 835
340 100
508 452
163 227
456 119
222 841
902 223
830 520
482 65
879 692
488 808
858 171
343 591
895 98
553 863
169 25
575 860
870 489
563 828
195 758
213 763
400 808
202 364
521 759
740 26
697 342
617 587
815 552
663 866
764 451
142 898
815 613
580 63
449 816
516 541
645 41
773 575
906 10
23 465
913 353
35 414
695 404
716 114
259 366
288 256
662 103
482 901
540 568
530 234
417 706
237 215
151 499
115 80
112 888
830 642
615 920
372 798
925 587
68 493
116 37
736 208
152 534
220 858
461 920
683 537
705 702
522 860
523 38
746 100
482 743
891 151
114 785
426 690
788 848
262 921
818 582
138 155
230 216
614 859
450 834
159 212
418 517
784 343
368 455
419 924
116 588
815 728
373 181
319 274
267 388
13 825
513 187
54 528
608 103
934 596
519 574
180 172
633 97
443 478
821 453
727 169
509 741
92 901
506 543
293 351
720 380
246 721
156 201
546 148
342 307
867 381
473 123
138 329
22 742
49 103
99 17
360 651
926 813
960 5440
601 298
33 440
324 28
608 287
665 477
534 507
277 796
258 702
740 209
331 682
960 71
322 470
391 307
781 476
647 805
50 243
893 301
676 131
515 688
128 222
383 373
368 77
573 261
59 822
315 253
668 389
683 808
524 506
392 152
304 805
483 598
216 508
782 563
108 698
110 818
75 669
310 91
773 687
860 147
800 868
873 594
832 357
303 846
399 273
694 576
879 602
957 525
774 530
115 380
338 399
922 547
138 141
290 354
530 763
582 704
676 315
904 106
381 86
346 40
627 473
549 312
296 935
479 697
45 485
137 568
725 423
498 543
690 660
854 245
344 126
879 312
399 87
737 940
222 948
740 817
562 708
190 669
900 306
712 456
199 266
532 744
185 738
75 847
207 89
956 377
244 59
880 81
763 865
782 319
123 603
90 673
541 921
904 796
24 794
901 728
41 663
19 513
133 313
264 659
45 71
619 724
43 502
699 155
306 232
677 444
876 568
878 279
399 47
592 839
152 179
261 202
900 883
923 654
799 873
545 542
303 126
306 644
30 440
531 571
755 394
342 412
307 787
542 716
244 328
335 563
781 660
605 343
488 709
412 646
124 211
295 927
949 494
460 565
533 52
203 689
518 381
521 175
81 29
935 151
45 47
389 754
911 127
547 309
406 555
472 227
487 805
733 66
164 182
809 740
244 434
878 91
737 758
105 352
480 424
889 392
227 750
853 629
528 721
671 491
582 361
417 441
751 532
807 155
67 188
200 19
8 671
192 198
690 646
377 220
51 214
52 200
144 89
91 447
754 427
153 435
938 802
150 953
229 5
599 138
858 922
473 472
531 922
768 312
199 248
788 510
699 358
601 761
258 941
760 813
652 16
102 91
340 111
763 909
416 477
363 499
841 620
473 522
20 666
898 765
362 726
899 673
250 808
923 184
836 655
598 758
545 750
766 584
196 59
417 783
677 430
453 89
381 428
113 790
811 526
78 3
153 821
685 564
856 340
12 72
637 166
269 172
125 935
112 31
293 747
330 359
331 383
201 236
280 688
71 579
723 315
501 584
302 667
670 764
603 273
471 744
859 907
270 849
440 160
539 163
613 360
427 587
852 818
942 209
799 637
118 909
512 463
901 825
605 105
290 958
26 12
277 62
46 638
830 625
27 868
919 304
946 553
582 812
162 398
688 297
880 242
148 205
388 809
225 921
523 350
85 861
28 586
74 346
692 859
325 24
588 312
37 89
311 213
792 706
280 695
528 654
225 129
580 514
689 496
679 939
358 80
909 800
585 295
752 561
215 659
412 359
699 750
270 345
21 594
744 448
389 749
284 675
261 829
363 481
768 421
37 187
863 404
594 680
150 787
683 761
830 39
467 538
887 680
59 587
562 759
269 465
233 155
819 956
604 446
842 840
738 267
737 283
921 409
406 869
39 527
580 183
799 408
431 658
427 175
397 606
859 223
897 640
347 60
510 472
809 332
149 238
777 525
387 738
339 541
137 686
304 767
890 584
53 758
129 670
450 597
780 946
127 794
433 753
511 108
467 761
685 178
651 733
143 419
206 76
466 565
512 616
231 808
803 187
126 397
471 324
791 273
937 283
757 698
22 216
848 703
208 713
590 310
150 70
156 937
581 589
937 105
824 793
218 37
238 712
648 863
939 847
261 897
116 207
903 29
622 765
854 382
583 596
333 38
246 140
487 469
897 665
426 603
917 129
591 661
685 282
100 347
409 666
943 934
797 375
391 578
624 943
381 366
456 359
238 770
922 818
560 17
745 909
428 814
858 737
527 921
255 80
881 715
309 98
661 680
630 697
149 30
441 746
615 661
33 854
76 499
102 397
709 379
763 904
912 147
180 497
288 515
206 682
272 908
294 786
564 504
425 65
868 499
262 166
545 816
638 119
141 336
53 158
38 697
604 916
449 952
352 447
958 638
867 624
449 606
671 159
196 352
567 787
531 49
552 557
899 333
60 637
519 91
578 146
22 402
627 669
656 438
51 354
416 224
142 79
654 340
795 500
18 792
683 793
265 640
694 330
826 944
751 468
201 85
914 901
384 717
632 68
353 114
770 189
335 637
229 474
563 803
801 423
910 195
406 711
932 84
381 570
572 486
908 631
174 811
404 468
373 634
101 864
890 1
593 73
433 829
268 263
58 300
72 853
126 232
145 543
817 122
757 740
477 322
293 321
445 206
942 329
619 850
139 249
157 36
586 361
767 865
677 62
92 754
291 386
936 120
573 125
289 1
393 861
355 161
946 955
391 935
799 58
656 316
434 304
696 227
327 191
276 888
855 800
225 523
650 227
83 555
373 376
727 793
33 885
638 97
926 732
15 55
53 224
552 652
434 382
648 469
888 367
13 453
924 290
67 562
194 372
6 742
861 89
424 941
937 787
402 107
556 502
296 644
892 588
586 909
687 13
268 576
141 548
395 851
723 763
384 213
705 294
779 539
601 719
585 786
102 524
603 674
334 395
417 830
548 702
149 773
231 915
647 596
311 158
828 36
61 605
117 352
43 517
509 235
622 430
710 511
361 649
50 753
566 270
371 430
326 953
66 294
768 446
904 273
265 473
301 960
158 646
828 407
552 114
569 139
146 515
461 718
366 613
294 393
769 93
205 36
580 814
559 650
727 628
339 303
326 150
146 95
677 941
777 780
937 593
652 725
621 182
873 859
534 861
305 348
489 578
128 654
879 286
94 200
721 724
368 776
580 709
944 117
873 401
230 461
341 198
270 634
70 849
272 456
474 947
878 584
207 715
912 385
791 286
465 795
210 588
840 811
362 403
487 327
307 302
271 865
662 41
911 765
677 291
938 628
585 501
854 714
638 845
694 931
933 868
473 587
882 844
421 747
942 839
83 388
226 605
5 9
434 221
199 400
109 680
366 846
510 851
153 414
145 71
575 245
683 456
738 773
779 45
337 724
256 881
488 739
412 676
788 264
344 18
913 732
271 761
159 355
220 860
168 95
222 616
647 114
777 23
337 386
707 799
599 789
46 911
100 499
306 114
785 410
931 455
509 132
381 847
184 554
204 259
495 849
737 898
575 614
445 551
815 408
571 734
763 398
176 292
431 628
378 864
470 218
296 259
880 631
882 186
274 615
891 77
723 876
188 558
669 248
541 675
304 857
489 174
211 810
959 849
140 649
647 329
677 360
290 848
114 382
115 540
701 829
443 21
79 436
317 137
150 64
545 443
781 314
726 745
639 17
425 393
694 708
191 793
660 860
420 729
241 473
439 65
668 890
225 640
870 815
10 124
528 615
335 780
126 929
424 800
34 531
12 300
384 502
385 496
133 475
582 476
722 644
816 375
114 804
361 414
141 189
588 714
531 517
145 158
331 204
494 520
153 855
812 917
227 399
739 724
413 435
489 482
220 62
923 887
680 405
721 831
648 105
225 101
573 751
798 74
652 593
187 214
363 829
891 869
693 433
503 934
911 37
894 935
737 607
458 415
333 918
53 752
831 840
69 224
592 818
128 534
928 750
820 564
926 226
508 950
923 796
568 868
101 773
755 521
494 416
578 47
135 214
768 620
284 254
307 520
74 773
570 142
454 455
497 860
754 761
244 458
665 690
545 30
668 535
246 527
102 926
711 158
345 699
515 691
577 589
275 672
332 919
719 805
334 855
867 571
903 98
923 800
90 719
103 117
90 865
22 898
879 419
681 232
700 137
312 186
479 44
378 743
284 577
406 924
361 932
663 213
231 377
643 164
865 500
566 777
187 151
226 797
8 88
501 858
462 720
411 590
284 752
865 855
549 743
645 686
715 195
474 681
199 535
865 690
274 592
850 533
766 333
759 98
557 509
668 219
311 249
771 47
694 830
733 422
313 266
71 910
292 188
920 178
651 718
337 202
265 543
319 144
858 905
530 410
395 675
514 608
570 446
695 640
806 215
185 335
866 79
295 235
650 957
338 939
617 121
746 287
893 657
913 155
879 25
147 775
331 425
317 470
43 227
888 15
659 875
504 686
68 249
162 953
253 163
145 218
811 841
805 732
557 915
857 952
544 778
29 902
337 136
119 261
502 695
241 215
783 259
254 386
436 33
798 614
269 677
738 343
836 624
79 742
580 534
317 600
124 236
566 511
294 273
825 764
406 312
231 596
437 254
441 11
205 98
353 377
633 228
12 937
732 232
507 752
346 136
94 810
133 877
114 361
404 449
25 2
207 243
335 430
581 29
599 466
150 168
16 390
469 564
619 557
112 351
284 850
294 299
958 343
651 886
86 181
374 755
748 895
123 945
398 19
272 628
882 415
892 401
507 717
332 73
522 348
958 818
512 123
388 530
317 593
554 598
712 621
812 507
253 414
491 127
110 377
699 377
185 166
789 605
404 843
829 75
831 876
264 563
65 243
877 576
282 128
417 448
252 376
145 398
510 205
101 378
26 718
631 752
634 84
956 675
229 299
229 230
711 237
696 58
110 550
289 170
660 259
256 47
812 222
855 170
540 416
483 359
339 746
304 440
712 593
710 112
469 371
738 184
459 639
202 299
312 690
791 810
306 912
633 722
315 719
889 550
150 478
602 98
431 380
624 320
788 585
827 360
296 102
258 933
370 330
926 400
284 18
766 442
949 762
641 313
113 483
642 607
165 305
129 944
919 385
573 522
956 502
647 466
744 361
905 669
230 793
376 248
265 830
357 280
216 247
253 953
272 467
914 161
332 232
560 753
316 786
758 697
571 760
609 865
927 164
101 258
752 675
676 868
648 338
92 310
419 405
24 526
830 458
795 164
63 663
597 112
213 775
68 577
380 934
125 528
74 479
627 159
347 538
256 896
900 13
612 6
705 876
264 118
864 932
531 613
841 541
290 950
97 135
566 128
370 602
266 3
228 564
906 195
783 46
727 562
82 268
271 536
769 345
863 617
494 132
956 55
61 575
188 726
597 136
806 688
912 42
528 342
820 711
216 109
889 924
640 543
382 574
554 189
946 259
31 615
86 77
144 478
552 828
460 868
662 885
59 45
645 878
864 201
575 598
45 477
102 77
267 24
593 209
109 186
381 880
644 256
511 252
847 827
134 157
581 921
502 44
838 586
488 405
721 536
625 31
473 218
609 488
757 554
809 91
449 717
712 501
544 3
944 556
232 453
412 371
289 777
90 943
634 943
456 376
845 706
345 340
570 48
148 794
96 697
158 247
99 330
544 932
686 455
500 734
928 679
604 278
927 827
253 418
2 318
418 217
273 263
627 791
920 11
116 49
586 109
923 605
486 386
708 170
854 89
819 425
820 89
783 87
454 500
806 523
904 716
791 616
104 819
605 19
449 467
67 380
74 960
286 158
694 267
239 446
368 626
820 306
43 391
832 91
581 154
652 206
229 464
266 170
450 415
862 855
341 348
783 800
642 541
57 218
701 204
955 753
777 574
459 726
129 269
300 816
63 276
599 166
749 59
31 160
550 561
398 956
419 537
419 940
519 655
658 72
575 393
461 142
304 461
575 845
637 21
884 730
772 190
758 155
911 582
271 360
867 419
57 948
131 477
313 546
503 857
856 831
194 186
447 220
530 704
857 656
531 745
145 169
398 734
230 147
403 90
495 21
479 752
958 808
427 861
747 686
613 438
528 443
692 348
534 805
900 486
8 646
332 286
274 350
844 777
648 922
138 36
638 641
149 350
433 627
192 416
845 613
817 745
802 210
731 184
841 21
451 813
754 132
113 20
919 227
668 655
327 773
493 702
463 167
704 110
121 802
532 281
822 351
803 827
76 730
234 902
288 508
798 37
559 57
951 584
773 87
619 297
361 758
638 680
566 133
342 942
449 158
361 626
731 577
404 83
722 50
387 775
924 396
840 115
48 594
837 200
389 297
620 661
469 281
434 717
290 70
512 646
774 683
280 667
704 600
250 933
320 39
428 312
926 459
784 91
226 790
883 714
659 3
166 316
917 934
845 137
477 548
446 38
392 145
665 959
99 462
942 331
304 369
449 728
560 584
451 291
531 646
234 522
942 25
328 54
93 191
76 345
441 940
614 32
416 484
408 505
63 45
156 910
395 789
142 201
532 36
694 592
460 438
862 397
809 263
862 896
578 294
501 661
762 289
599 657
925 638
621 498
32 243
652 320
634 17
143 106
756 439
516 77
771 223
20 487
756 508
397 356
211 711
101 630
194 661
300 166
126 909
548 438
317 646
175 309
349 189
280 273
370 226
855 616
959 398
824 570
619 406
801 367
412 90
159 909
625 825
348 160
16 88
59 959
926 283
871 707
832 67
606 405
145 810
221 681
954 765
171 69
47 934
705 431
378 205
208 263
268 235
531 877
364 746
917 839
517 285
8 921
151 243
878 73
139 158
748 205
362 109
434 590
173 108
112 183
347 589
115 760
350 369
925 359
836 696
879 795
89 745
900 6
307 120
167 96
423 513
601 214
5 235
910 760
43 936
951 245
58 715
130 44
919 289
297 82
891 100
153 296
502 704
446 589
135 175
835 347
822 537
48 548
455 186
280 222
239 52
410 195
958 860
116 500
43 828
134 64
923 120
819 729
622 32
34 537
881 535
642 623
419 76
645 23
60 70
226 881
790 536
874 118
63 203
673 438
438 308
368 35
452 680
417 410
192 381
34 428
399 213
76 697
203 3
683 704
885 457
595 546
945 281
871 810
636 736
634 523
894 409
773 451
626 747
720 620
789 718
352 950
666 405
933 711
298 107
851 893
373 952
335 160
412 247
584 640
531 302
753 553
381 726
129 357
936 883
681 779
129 4
225 220
711 235
246 875
475 845
269 427
824 94
380 140
899 524
57 881
494 101
503 547
246 799
461 164
63 549
210 27
371 482
528 759
192 838
486 867
573 928
292 56
306 819
573 580
705 619
778 457
717 901
511 348
798 577
522 294
290 601
696 135
201 98
509 553
466 498
387 222
207 449
826 72
46 707
370 410
233 401
360 807
857 623
570 771
125 146
328 379
842 694
929 96
98 860
739 440
722 749
501 943
104 855
798 755
34 126
788 542
15 495
149 415
614 216
851 557
835 80
45 131
375 358
818 800
177 622
305 51
478 624
381 390
552 910
185 107
410 670
685 440
207 148
650 801
816 771
85 855
856 293
361 732
820 384
770 214
903 120
627 323
511 258
518 502
902 268
758 714
134 816
243 19
103 515
749 375
452 265
699 341
866 766
944 791
463 348
713 66
67 82
765 23
585 94
52 187
566 413
399 708
940 360
773 386
756 334
404 347
296 483
154 408
335 790
528 784
466 748
326 720
416 313
234 592
128 755
698 790
734 247
331 401
239 362
272 824
528 756
26 936
43 122
614 162
945 268
380 720
177 154
305 368
931 881
345 374
945 593
951 249
42 613
116 322
941 291
467 711
599 246
371 349
657 222
815 358
254 491
25 646
241 952
274 230
773 53
940 656
742 849
157 197
433 836
366 256
490 712
143 461
570 603
573 376
918 374
102 350
60 106
353 208
261 402
63 592
856 644
113 217
585 464
894 42
159 536
952 716
772 565
717 937
884 64
480 221
208 50
735 903
851 680
760 409
40 451
383 79
569 548
219 239
145 768
517 775
314 137
922 674
78 539
481 229
466 538
617 299
670 319
945 644
819 214
196 213
542 95
308 484
601 743
916 174
311 434
2 570
69 382
206 337
652 897
136 706
82 825
46 510
930 915
588 953
235 553
569 262
269 549
724 734
844 69
431 644
522 180
99 6
611 615
770 947
391 761
88 821
752 492
414 687
496 97
112 336
11 734
612 307
832 436
904 1
426 112
173 644
249 959
449 305
912 951
611 717
713 381
806 770
737 521
361 661
367 36
149 209
833 427
189 122
366 873
267 814
655 333
364 827
582 292
676 127
827 175
662 401
648 832
591 800
24 499
172 280
944 321
906 408
598 393
547 883
414 755
770 920
55 77
823 587
332 867
651 330
870 82
53 384
648 931
411 487
361 98
549 657
108 327
522 517
733 693
572 131
20 320
204 882
850 477
43 564
192 735
707 6
780 829
486 588
583 950
30 818
363 716
487 631
71 226
754 23
339 707
3 281
954 56
279 875
856 635
228 792
529 833
839 217
736 267
171 458
846 181
812 586
121 906
429 821
892 248
178 119
434 534
143 352
861 714
663 220
701 905
938 589
705 570
362 444
891 48
927 621
949 618
237 787
864 30
958 422
757 146
476 859
332 478
101 361
104 88
322 51
841 200
400 870
396 557
120 151
278 870
700 649
295 313
557 166
813 369
173 956
887 341
651 756
563 131
788 338
213 689
14 329
768 264
643 379
282 110
439 159
129 706
648 846
250 865
857 665
564 629
301 522
270 903
436 359
774 784
422 834
332 350
171 21
664 205
836 767
712 890
213 600
179 501
616 677
698 366
578 263
177 332
314 641
3 589
243 80
826 483
920 556
944 93
66 833
674 298
219 385
551 191
641 477
21 620
305 223
499 308
400 275
744 15
564 717
67 431
782 543
217 913
363 557
842 711
148 834
402 5
573 426
42 44
942 891
449 594
871 133
50 92
489 405
949 369
809 153
349 240
441 919
173 855
901 427
637 797
139 414
859 695
338 379
456 853
480 667
312 729
811 58
116 646
407 218
927 675
728 918
801 440
568 394
585 95
842 162
475 439
238 145
351 402
705 55
635 728
284 540
599 168
620 422
767 337
749 326
143 390
810 215
916 819
829 675
223 212
922 816
580 820
109 98
611 746
780 195
372 454
86 771
88 222
83 549
767 893
911 632
331 63
263 369
8 106
501 776
411 560
836 437
546 77
433 182
290 577
362 801
733 355
36 484
593 110
280 543
327 815
578 135
135 430
658 286
211 700
766 800
123 302
74 941
2 459
261 29
324 830
288 50
238 51
190 458
261 40
157 81
40 631
14 233
288 80
756 127
199 802
789 275
936 825
383 811
829 700
739 505
813 546
25 945
592 38
320 89
252 201
113 401
530 686
621 442
140 463
17 340
911 577
74 655
842 856
2 237
476 340
848 858
866 537
540 928
83 951
518 180
743 761
781 394
746 508
322 794
52 269
414 940
823 510
422 538
788 249
425 44
656 525
426 525
194 45
102 862
908 478
397 864
168 262
531 857
878 693
536 268
699 232
539 674
349 943
794 19
632 618
282 697
580 61
611 79
121 688
466 526
286 495
43 238
694 662
218 343
74 496
790 849
812 12
475 956
648 10
835 476
746 340
503 378
420 51
233 430
142 38
368 530
58 505
884 592
684 162
614 146
924 30
28 75
36 954
428 376
841 291
434 891
219 755
454 181
917 41
899 937
812 177
957 653
702 3
154 519
448 510
925 612
487 450
768 380
219 215
653 369
828 414
276 579
578 914
116 853
617 597
88 396
552 598
410 732
124 931
347 915
822 883
344 739
788 636
936 807
622 660
612 34
631 198
406 426
617 57
635 310
104 900
303 219
413 60
15 941
731 310
878 357
336 502
383 452
419 36
591 30
404 244
188 214
135 953
192 145
46 236
763 618
138 654
280 237
251 267
74 455
769 701
629 243
683 467
539 374
575 193
704 918
355 313
284 446
68 499
927 137
696 806
823 381
532 705
202 818
724 277
958 529
82 211
688 442
544 159
66 98
727 204
389 810
693 460
586 310
939 466
572 524
383 124
916 666
919 926
353 555
867 291
920 545
857 717
890 471
836 690
926 649
49 107
213 98
434 337
472 164
768 401
487 324
130 630
93 866
331 622
521 127
740 373
424 64
265 230
654 502
31 444
595 872
219 180
239 514
612 840
538 343
494 740
722 622
613 594
376 484
925 630
303 395
747 634
304 329
822 175
162 44
911 160
399 297
199 192
539 649
303 437
830 813
951 927
400 200
943 589
752 959
52 56
5 642
878 569
25 534
238 807
576 910
207 732
707 594
154 894
835 774
929 810
35 700
859 98
483 197
318 591
625 817
924 20
24 211
684 396
634 577
886 697
907 680
98 107
548 273
363 323
304 420
531 921
503 581
439 896
42 853
81 172
391 75
262 716
925 4
265 563
251 502
698 536
128 123
767 717
756 451
459 709
903 876
342 338
796 279
923 149
869 608
388 643
359 356
696 931
821 703
644 323
403 160
411 348
411 637
482 671
455 813
768 757
425 4
474 865
199 611
609 592
826 637
370 100
729 793
173 678
834 224
871 414
29 87
381 665
324 629
250 853
676 816
332 611
552 169
596 87
597 79
265 97
432 260
512 377
766 212
658 69
641 27
906 405
165 408
112 929
116 508
633 206
617 561
127 147
249 162
139 143
699 398
768 898
397 128
580 114
381 838
300 56
402 77
773 415
573 466
10 936
766 386
515 795
840 682
233 796
767 780
254 209
274 403
420 118
659 55
632 875
27 828
336 378
662 280
840 569
565 377
200 281
797 79
774 162
203 837
899 480
42 624
168 715
404 120
740 753
192 651
958 143
193 737
564 330
621 359
949 400
777 181
255 500
510 68
627 746
627 801
388 96
635 640
693 14
45 396
926 47
33 921
894 355
61 12
201 776
914 814
554 780
59 422
362 216
880 893
529 922
278 713
831 913
545 711
264 45
898 483
381 90
143 367
56 447
881 859
725 443
768 792
745 724
542 110
532 497
929 686
219 451
702 678
182 4
165 116
590 378
919 640
331 667
540 603
79 73
571 868
510 526
196 299
597 341
505 849
344 606
626 621
182 322
129 825
846 94
613 369
6 97
188 607
879 735
103 196
488 62
473 559
878 416
55 97
534 587
422 186
927 606
562 298
618 360
746 151
251 181
38 106
867 30
814 456
761 186
327 719
376 408
446 671
693 203
731 356
91 418
914 638
382 359
188 135
331 333
811 830
773 743
230 605
873 621
13 750
379 495
490 678
736 818
788 491
258 488
20 394
955 394
33 451
443 740
226 236
755 55
698 811
820 886
468 214
250 230
894 365
936 514
2 870
888 17
284 796
468 843
177 927
142 731
790 642
623 38
349 87
24 279
436 1
67 576
412 128
631 38
271 739
10 316
766 684
855 574
217 254
202 476
143 857
863 644
701 148
630 378
922 28
116 715
811 291
10 143
428 370
311 197
838 279
512 138
783 434
344 556
532 754
573 228
772 340
94 793
21 952
406 958
794 527
445 721
337 627
908 929
601 21
311 721
324 690
35 106
179 797
697 934
185 672
609 516
556 440
60 98
685 220
960 48
134 183
104 519
698 864
692 623
894 82
508 505
733 240
326 686
384 161
350 577
591 525
722 99
81 873
25 740
815 761
157 763
138 915
425 287
431 640
937 407
78 579
699 266
569 682
955 299
59 862
244 552
647 843
64 259
532 399
489 879
780 750
658 160
841 640
201 859
40 642
19 550
278 644
494 772
353 368
26 278
445 746
717 548
46 14
302 518
302 187
252 93
486 249
786 742
70 55
899 592
130 504
494 9
334 418
390 833
406 85
501 819
134 755
690 224
874 30
657 934
565 309
107 62
327 844
18 549
762 910
628 310
882 955
632 910
449 629
430 277
285 163
749 457
552 80
549 85
926 928
392 610
874 682
853 534
381 602
911 767
436 875
842 722
828 151
129 773
665 379
61 781
371 854
544 868
7 796
763 450
692 401
105 729
881 521
438 514
389 174
165 352
712 227
751 323
278 607
649 565
903 385
194 257
647 369
878 250
843 948
129 124
516 888
931 492
207 56
371 1
226 475
210 820
482 945
29 731
410 591
693 47
713 673
552 87
360 62
75 546
520 96
149 226
955 714
378 97
502 187
951 780
150 50
784 122
208 136
930 418
658 787
682 630
130 347
294 97
920 63
938 674
540 805
938 582
139 523
157 168
489 877
416 600
59 186
696 909
648 649
701 897
937 827
830 42
560 501
407 367
562 457
391 497
229 673
51 714
654 834
839 424
821 941
272 7
235 680
735 235
570 529
512 328
418 521
533 934
335 52
173 185
100 232
584 181
627 834
534 263
475 555
258 473
426 855
153 181
893 539
101 226
799 735
176 135
604 898
36 885
730 408
173 91
432 456
860 369
255 527
384 367
183 476
177 734
920 763
540 752
884 478
229 142
728 686
307 131
515 423
510 228
844 567
244 448
53 190
373 131
300 533
335 124
774 223
604 432
949 780
399 606
760 796
590 839
33 589
575 379
523 321
652 209
114 655
233 479
712 390
702 372
783 805
588 297
63 136
202 137
185 266
574 876
132 263
553 484
758 887
580 627
688 804
525 430
202 947
297 319
197 536
660 224
681 536
113 725
183 110
311 773
521 574
867 262
5 635
777 937
7 726
712 56
394 348
782 861
149 533
911 474
400 600
311 848
738 41
659 47
314 407
353 13
610 38
501 322
357 717
599 62
835 949
65 64
50 624
751 456
881 236
317 467
330 731
811 50
820 80
580 815
910 245
869 899
925 38
449 277
723 770
658 108
182 854
255 292
871 280
717 719
74 234
494 913
207 385
165 209
305 442
799 717
177 57
324 184
324 654
698 38
150 833
384 535
630 542
242 375
939 64
571 841
481 762
355 483
479 571
289 560
654 62
381 469
292 662
439 323
920 899
354 579
939 561
43 71
544 420
637 814
18 214
377 136
231 29
12 873
434 308
822 501
516 870
459 144
791 720
797 259
776 23
816 279
245 385
619 375
211 17
232 309
605 796
693 3
605 758
846 419
382 593
532 572
826 420
402 425
294 940
850 917
372 4
335 751
176 871
505 106
559 946
866 560
733 29
193 76
402 111
586 579
666 86
244 126
815 385
689 354
174 353
838 546
177 598
676 278
324 643
751 36
364 362
898 686
442 492
22 277
423 201
351 636
154 917
573 510
746 484
51 550
891 535
767 420
387 695
290 213
553 291
862 453
614 160
739 8
244 167
581 288
16 698
322 111
892 506
173 347
804 220
199 311
865 610
257 309
405 885
725 864
411 39
425 778
355 13
412 713
494 875
315 355
716 498
58 286
515 900
104 950
133 214
942 916
924 231
818 606
410 844
395 902
566 328
896 865
605 92
329 142
937 673
935 410
773 459
573 574
949 696
775 934
741 71
119 343
284 835
29 75
448 753
655 811
802 678
643 422
788 136
129 170
645 220
483 442
633 534
575 671
707 901
941 918
157 380
251 513
51 19
569 31
951 427
384 467
387 364
718 7
477 885
21 904
603 483
395 622
465 789
637 514
429 445
840 807
782 910
513 394
658 693
415 321
238 105
938 648
78 273
246 951
603 158
102 477
431 611
253 746
90 163
770 394
898 375
344 50
353 41
282 938
852 69
356 639
196 673
141 224
287 833
695 563
950 825
467 897
424 898
350 85
960 884
703 4
902 700
905 360
349 883
545 430
178 657
863 159
751 73
239 717
289 360
381 151
914 691
628 870
239 626
185 303
22 939
266 706
892 697
631 877
173 906
464 274
727 665
893 753
431 310
198 615
902 484
788 200
388 138
843 909
472 875
328 419
633 172
100 166
781 776
781 604
435 379
381 728
623 4
255 739
272 851
497 689
292 542
59 259
458 708
832 1
743 654
669 807
619 203
156 587
417 805
159 48
445 90
930 693
74 870
697 678
171 410
507 754
735 753
149 766
168 734
99 882
133 47
81 374
851 451
500 659
304 377
820 690
864 700
948 273
832 115
808 815
808 356
40 782
278 845
101 728
906 496
374 954
140 281
748 198
894 189
109 946
108 165
290 909
183 64
94 861
39 266
222 766
614 300
27 322
249 470
863 218
216 724
13 118
931 719
929 542
60 233
318 266
371 596
205 164
615 775
725 553
230 86
655 111
474 785
782 228
536 77
554 224
613 7
666 550
901 386
443 611
716 405
600 147
194 6
692 313
802 329
253 947
839 588
570 416
471 827
536 805
241 97
849 724
353 593
777 322
101 623
192 753
602 615
911 403
142 905
472 320
298 550
607 577
556 469
646 932
645 932
867 345
1 876
944 319
194 690
626 760
599 459
106 909
621 399
767 496
721 600
716 787
400 124
769 232
337 457
556 945
575 151
170 321
486 379
464 473
842 418
367 527
892 422
506 89
768 892
57 158
511 263
168 716
667 847
406 145
100 440
633 813
323 447
343 718
714 430
145 22
850 913
366 661
220 186
737 458
246 293
482 260
638 608
339 351
837 639
391 754
768 922
810 70
203 630
66 109
326 663
942 364
598 41
72 591
178 41
949 523
1 608
25 439
221 453
811 550
797 275
226 583
483 697
371 502
302 453
926 936
700 169
72 907
307 113
928 366
334 163
593 632
334 858
542 805
924 480
856 470
431 814
857 899
178 267
45 212
204 58
532 9
36 189
517 745
899 162
863 253
612 553
574 352
816 438
925 698
831 937
341 541
585 92
258 228
899 233
752 54
274 115
383 599
114 169
315 815
207 691
153 488
403 275
101 716
763 779
472 94
235 714
573 801
736 79
632 734
664 81
522 454
705 273
652 755
872 468
8 300
601 237
105 459
216 141
52 198
877 168
548 704
272 633
201 430
845 884
644 660
793 886
208 563
809 899
90 907
878 322
675 803
549 667
822 44
532 191
381 767
387 946
896 602
204 152
663 948
958 572
334 385
778 731
306 606
169 703
519 718
333 386
118 365
485 937
176 318
592 500
52 907
599 49
362 902
539 747
388 739
722 434
795 360
227 423
500 847
835 548
88 618
74 776
580 805
126 332
932 7
474 155
772 710
851 352
24 497
862 407
672 588
935 290
735 516
323 402
159 493
228 427
236 523
274 671
883 55
955 786
389 803
581 137
156 671
840 269
452 51
380 432
570 55
713 593
38 577
924 163
127 553
721 404
351 91
816 859
780 356
945 118
856 194
569 234
951 137
951 184
862 440
667 541
99 783
580 24
814 191
746 341
638 387
79 268
395 482
897 247
641 462
737 527
899 776
882 752
314 869
153 622
777 209
597 107
32 562
213 455
659 542
362 84
401 754
441 712
807 430
831 151
610 275
573 413
53 847
207 793
795 88
318 820
924 380
368 496
234 111
127 724
938 286
74 59
384 266
611 784
773 513
957 484
939 793
317 474
874 477
351 716
158 876
71 372
289 76
643 598
241 650
111 259
913 583
575 794
246 467
249 365
212 359
585 715
931 870
164 821
808 422
679 413
883 148
61 667
795 279
906 318
940 734
727 287
64 758
710 587
87 491
58 828
311 73
128 217
793 460
944 143
817 407
780 541
85 186
605 442
433 683
184 734
332 289
668 734
725 923
246 443
763 15
410 477
161 87
196 593
889 960
288 199
342 910
290 352
777 376
332 172
593 107
314 644
225 764
372 367
846 758
387 160
823 247
605 348
199 341
130 18
722 558
816 695
229 51
251 711
668 146
607 918
881 407
419 400
862 708
536 715
802 202
846 631
838 629
610 220
210 87
157 167
106 587
234 81
614 628
416 601
629 27
476 329
756 254
441 908
41 759
116 93
81 405
631 458
552 488
670 127
32 100
711 220
327 432
859 162
91 220
952 746
293 67
629 430
901 350
101 709
782 452
839 56
252 630
509 352
456 170
366 321
276 124
189 813
795 190
314 272
155 680
63 483
804 543
305 484
952 946
713 826
305 706
353 135
679 213
202 683
512 486
171 552
575 595
870 673
192 24
317 746
873 233
467 142
113 68
468 533
877 92
74 667
878 896
183 730
664 12
95 596
794 885
663 600
653 907
317 485
908 667
46 214
504 457
924 443
182 941
553 719
415 400
810 166
296 885
334 792
461 507
118 243
134 884
871 478
307 713
582 23
770 854
566 875
435 151
933 188
365 95
935 215
847 401
171 912
601 794
178 382
392 173
326 189
925 897
644 224
911 30
1 369
572 323
844 728
826 959
920 14
370 253
741 527
408 365
707 198
528 665
66 632
784 819
108 841
531 43
806 526
454 499
844 98
701 605
208 127
133 267
401 793
411 562
139 678
691 228
802 417
731 77
35 328
346 424
53 548
757 943
398 525
59 350
494 718
832 489
206 521
652 201
530 906
862 213
826 410
540 278
756 482
739 106
26 790
371 900
662 73
390 254
46 443
945 885
893 748
712 72
694 117
843 885
476 890
293 284
813 107
811 780
78 758
299 48
743 660
743 110
871 576
43 366
200 686
15 195
897 379
366 689
314 415
334 684
104 24
652 369
925 760
90 70
946 593
590 854
826 879
349 572
809 851
298 907
760 562
154 664
952 399
486 609
892 937
809 497
73 23
537 845
538 235
958 190
248 929
373 945
48 408
303 922
803 197
415 700
586 616
9 579
274 748
648 876
750 562
922 750
769 855
338 4
366 504
676 279
785 97
307 332
532 486
861 504
558 791
145 112
204 795
581 71
410 79
121 605
763 622
200 76
552 822
292 111
114 322
740 155
225 329
246 580
282 389
301 608
194 286
750 547
733 514
454 625
318 708
239 944
99 490
611 536
557 887
957 136
907 526
728 796
503 523
253 724
824 69
271 202
37 243
386 111
296 51
387 857
153 1
463 626
601 789
653 372
450 888
783 538
605 91
471 915
592 875
296 228
442 955
428 379
739 127
246 556
870 97
189 513
18 934
143 559
762 608
196 837
328 499
364 36
802 956
829 430
795 703
408 427
683 637
317 549
9 374
725 874
658 86
326 488
506 600
452 730
259 618
739 385
886 623
614 416
265 517
762 415
139 727
13 551
655 200
142 576
676 67
531 397
808 262
720 408
314 908
595 936
137 909
278 458
66 147
485 715
234 624
126 105
146 654
272 861
533 144
573 139
787 447
938 536
767 745
167 559
880 675
154 57
440 70
582 428
843 372
273 175
785 718
237 661
751 922
74 194
863 144
535 51
495 630
334 895
199 426
688 873
728 262
411 242
838 874
30 695
324 912
722 267
776 19
113 502
949 296
591 882
617 467
247 56
626 64
768 890
930 39
410 1
880 80
418 243
811 677
60 541
482 491
502 73
411 614
957 197
428 773
448 472
328 402
181 577
858 237
854 584
385 160
295 40
297 409
370 28
545 309
727 37
451 620
373 377
110 484
290 853
827 793
383 912
441 377
276 382
557 550
209 440
318 106
691 387
295 283
192 423
783 339
179 522
642 398
605 711
384 418
257 287
668 895
664 864
870 743
634 372
806 622
366 439
674 885
605 755
329 144
769 484
843 349
256 209
746 259
439 270
208 186
832 863
806 860
779 376
284 826
765 506
748 86
72 527
548 576
237 396
537 430
165 778
415 687
371 80
208 670
944 579
318 386
619 278
239 31
397 529
296 900
173 215
769 841
555 245
649 376
705 446
282 640
856 434
581 862
33 789
533 39
290 773
327 922
490 344
429 746
725 428
556 960
592 559
710 859
869 211
83 239
600 259
472 321
532 274
255 94
679 157
59 419
594 801
564 270
794 600
890 821
944 304
176 479
603 533
488 65
172 953
215 918
588 396
951 744
270 369
165 248
410 92
774 867
828 642
419 592
116 156
461 306
942 544
120 215
731 191
817 602
177 304
892 876
315 322
272 71
787 821
290 871
682 872
406 846
920 797
206 464
81 644
244 376
818 677
48 616
87 504
325 883
330 590
221 237
369 44
480 41
190 409
84 667
400 730
468 141
508 946
404 885
271 888
808 39
20 643
103 419
183 929
153 486
892 895
136 703
9 201
958 628
250 325
568 674
924 629
295 29
148 754
490 179
139 861
225 1
389 421
559 492
532 595
225 107
916 44
712 375
839 97
288 729
751 259
320 84
628 641
238 536
518 501
575 236
850 541
137 94
484 214
48 623
429 473
317 839
189 724
544 60
328 357
347 118
130 378
516 957
194 583
612 103
903 853
850 867
616 567
172 704
283 408
946 248
657 544
582 682
253 650
877 901
108 147
549 109
174 480
111 715
486 586
24 130
705 828
390 955
893 498
857 860
930 186
822 259
471 211
365 322
767 209
668 957
834 754
45 218
11 643
411 38
468 957
583 275
821 4
605 375
243 574
606 517
572 96
238 547
889 245
332 87
831 416
239 882
597 88
432 698
519 675
947 9
305 454
416 31
746 663
604 775
455 155
934 714
705 242
519 7
442 220
389 366
686 259
168 160
845 55
767 410
69 352
18 776
696 65
894 804
788 100
700 454
24 724
826 761
462 106
501 410
713 84
691 664
933 8
450 717
566 209
770 715
751 95
474 233
419 277
146 495
23 277
650 667
560 346
429 542
943 584
809 306
284 233
146 568
552 697
133 158
380 36
628 76
332 78
317 337
426 7
690 667
154 260
193 379
191 720
251 429
240 807
914 317
172 692
165 512
385 56
60 141
850 264
69 147
330 322
262 602
802 16
146 62
749 834
930 800
347 245
935 460
773 497
99 875
774 74
631 759
815 778
257 193
46 187
46 364
506 606
289 598
290 88
549 32
623 41
751 100
435 951
421 385
371 53
315 768
120 830
532 167
229 842
863 98
399 699
179 16
524 377
145 683
646 887
682 409
449 483
647 51
888 323
870 440
836 931
470 764
654 905
566 831
272 306
492 259
664 724
440 158
367 589
303 20
651 901
83 144
194 808
529 395
346 684
860 277
111 742
586 526
331 603
629 720
831 761
959 451
727 909
448 221
189 405
217 746
848 273
769 152
133 330
433 666
590 880
929 704
150 108
188 151
851 699
45 49
297 281
123 263
252 260
269 882
290 44
205 521
735 116
792 704
278 351
850 948
763 343
69 766
306 158
161 690
583 399
859 910
177 729
695 316
935 806
75 873
681 854
938 697
613 814
85 470
890 94
266 859
697 348
374 868
485 699
694 395
270 500
272 440
735 351
302 715
439 541
436 883
836 755
926 460
288 653
346 476
508 170
328 564
865 778
792 600
578 771
903 607
143 281
9 223
464 590
469 90
193 512
595 674
105 422
50 724
604 83
150 408
901 517
560 137
294 719
262 198
780 639
34 917
603 365
396 959
163 73
255 408
368 224
587 640
874 784
462 591
224 670
225 256
282 722
231 527
743 66
193 511
10 596
30 76
215 421
216 249
490 228
589 600
368 446
938 429
404 212
761 236
29 545
283 746
20 268
599 195
432 634
489 36
674 499
806 49
735 213
879 475
242 724
738 561
815 551
831 11
687 790
300 500
128 166
694 172
306 677
586 778
428 499
493 485
710 80
125 670
63 855
872 71
210 158
601 66
840 774
468 79
894 146
567 792
751 154
271 241
184 201
376 496
829 472
920 660
445 755
45 14
390 156
685 783
102 650
750 813
774 928
859 496
382 796
36 343
717 423
592 213
647 316
426 192
657 319
619 684
449 212
466 124
895 70
826 858
757 291
334 722
101 717
373 360
91 298
78 639
490 52
515 93
292 671
421 546
398 377
850 929
464 236
707 824
491 169
16 319
198 220
318 215
40 181
203 291
518 558
32 553
474 622
856 399
304 143
531 727
15 851
396 759
416 616
879 656
713 728
366 688
186 175
439 819
404 279
456 398
511 114
706 521
122 730
653 14
623 496
50 37
580 895
677 333
471 130
146 148
18 519
238 609
612 908
404 73
901 97
773 753
580 725
763 130
671 245
318 187
819 830
930 346
146 896
219 218
661 47
681 36
756 483
520 940
467 375
6 156
2 328
959 197
834 427
624 555
543 538
86 686
267 280
644 142
713 443
516 227
199 69
313 437
781 539
705 190
580 830
941 640
392 642
391 20
466 583
231 142
5 407
507 686
768 189
610 117
314 566
519 414
207 618
614 158
651 823
853 164
234 110
156 609
227 686
547 742
395 703
877 222
924 577
204 576
570 548
733 697
958 98
647 895
229 190
423 750
665 883
725 90
13 675
769 341
930 798
733 319
953 505
580 355
331 279
739 402
149 890
335 327
687 457
806 510
586 259
114 213
426 12
683 132
180 131
281 242
389 881
743 513
872 224
675 587
305 212
850 85
912 90
454 793
124 941
241 726
97 764
683 789
736 263
896 952
686 214
874 425
856 180
692 237
173 310
835 436
35 377
950 813
292 104
832 248
30 663
9 415
226 500
355 309
136 273
799 93
711 80
481 644
238 372
225 847
167 776
497 465
207 401
544 801
933 558
47 909
526 31
37 536
18 784
397 718
170 546
570 950
2 397
473 424
792 618
725 886
595 930
12 931
138 225
156 704
250 720
658 138
852 922
879 158
551 386
311 697
384 801
14 907
774 18
264 855
118 790
265 226
668 616
764 343
149 735
928 526
841 297
535 654
130 86
773 346
4 214
150 907
483 743
470 686
580 447
196 715
896 561
104 120
114 450
257 735
151 587
314 282
272 379
545 591
893 758
177 757
490 789
35 521
930 899
62 132
682 602
332 934
495 659
790 886
251 221
334 90
143 222
299 38
511 55
685 515
926 63
90 628
72 215
72 364
456 673
271 448
131 907
938 537
48 322
26 255
597 201
688 667
736 672
925 706
467 35
144 953
1 182
626 190
436 181
149 755
572 623
6 233
190 175
246 24
176 703
852 267
893 542
30 692
214 49
507 57
895 496
770 564
537 873
458 56
370 134
225 198
903 319
9 127
544 169
952 205
266 4
160 584
949 653
252 339
182 675
735 262
17 107
812 738
276 150
77 600
831 681
832 857
524 762
120 91
898 706
410 483
219 211
877 742
753 472
878 378
626 499
75 910
8 763
81 475
924 953
467 501
621 771
772 237
395 458
569 446
184 743
314 776
676 673
773 775
759 776
582 825
244 363
118 320
429 110
102 889
195 169
912 437
804 611
587 117
290 536
737 11
476 89
829 308
540 760
461 214
134 393
852 300
197 309
750 883
10 90
326 575
612 551
239 490
189 213
536 97
210 723
631 359
241 301
723 540
136 291
931 753
306 523
53 851
809 794
735 875
354 706
721 115
261 517
282 954
816 777
304 483
845 855
317 516
417 708
808 905
381 609
18 605
619 114
846 32
633 559
225 554
647 875
852 944
831 663
358 787
749 385
327 917
878 607
917 256
395 818
137 667
462 231
139 765
251 647
178 93
658 211
683 403
456 583
146 50
682 567
332 666
149 556
295 573
60 89
636 516
580 768
465 338
139 903
278 71
938 96
842 746
125 488
363 421
328 385
662 890
863 464
450 669
838 400
64 57
363 737
104 114
891 291
730 263
821 49
925 915
678 47
533 365
746 625
113 271
169 954
79 77
315 852
335 247
246 109
636 957
820 255
641 686
824 250
201 700
823 777
229 679
722 895
611 105
168 861
712 223
705 252
467 348
525 500
638 327
880 883
841 492
935 442
144 273
590 746
368 357
22 760
669 927
410 508
389 446
512 556
490 920
894 753
492 625
599 218
475 837
846 387
114 712
387 186
578 750
741 98
134 677
664 793
287 807
364 699
371 959
515 448
383 910
498 794
79 543
331 763
63 780
763 330
933 799
729 78
493 592
220 775
278 92
254 484
823 774
240 504
938 263
720 50
115 469
151 19
872 867
879 329
484 166
485 203
22 598
678 895
435 827
241 788
935 823
920 78
79 829
156 947
653 563
874 32
912 755
818 394
250 32
353 48
273 943
54 483
241 296
756 12
342 611
226 905
153 415
210 859
65 1
476 224
255 42
802 820
402 607
515 235
108 485
503 172
74 341
306 758
2 198
807 703
795 223
633 424
27 73
65 446
581 840
340 240
503 947
123 41
498 254
944 159
257 716
239 409
662 411
459 95
339 829
705 206
917 897
944 343
308 430
582 217
395 1
894 223
487 671
750 245
435 768
607 227
138 482
403 811
99 590
902 622
852 589
926 769
208 424
657 937
851 214
92 695
516 654
439 841
290 491
518 14
832 555
32 640
444 673
104 103
710 438
512 681
364 280
53 178
702 729
493 75
21 409
404 23
696 93
2 340
6 264
339 875
889 543
283 559
837 786
929 527
490 770
486 844
274 870
683 180
208 551
647 529
635 223
192 483
691 20
922 458
569 189
627 556
257 630
851 47
629 726
99 631
81 416
542 55
446 232
379 656
214 132
344 419
660 38
456 135
882 671
331 239
77 948
481 129
570 557
370 76
788 765
638 385
395 849
103 864
126 533
552 108
590 921
647 897
242 827
938 812
668 803
955 771
960 209
337 21
410 882
601 955
780 913
363 587
103 554
837 795
768 318
271 814
588 860
607 64
205 715
866 647
613 361
762 27
204 562
528 703
1 629
892 253
831 136
767 270
73 732
142 423
108 947
374 706
3 127
610 902
152 461
723 483
196 786
411 927
252 104
363 819
439 755
141 646
448 408
738 521
721 92
812 219
260 741
156 828
873 451
286 936
358 277
748 312
503 296
479 868
656 697
626 198
311 928
537 673
113 300
226 854
781 180
388 610
777 216
635 892
410 313
468 653
150 323
143 597
119 892
368 868
439 182
576 504
777 918
122 220
689 322
226 527
601 480
569 375
947 140
710 437
289 92
108 784
145 378
399 147
537 904
882 830
684 195
609 281
832 641
651 778
66 211
943 759
50 57
177 903
16 489
508 266
685 545
384 178
292 539
167 33
507 792
23 661
135 447
122 561
465 791
230 287
840 27
125 15
915 555
845 790
495 950
168 664
153 638
334 368
923 110
59 535
139 703
193 688
433 779
801 526
824 623
21 948
511 109
314 273
832 164
928 222
83 362
798 760
177 559
641 834
768 118
722 574
643 140
176 639
754 697
528 444
539 504
960 221
850 133
64 77
797 501
230 789
193 623
51 719
68 663
622 186
509 56
55 460
404 527
349 559
83 189
43 83
631 626
725 933
688 849
393 96
431 877
379 91
217 868
956 562
196 796
552 582
619 693
665 473
756 587
61 86
120 526
69 31
321 198
837 699
324 181
914 747
361 536
898 922
510 299
406 386
192 463
798 46
231 155
10 362
325 210
109 571
804 904
332 767
612 332
938 571
314 355
6 461
192 708
869 566
283 191
182 542
506 44
768 695
696 212
449 35
733 668
704 354
334 798
80 393
278 620
45 868
533 939
195 517
926 328
748 659
341 803
325 953
604 623
721 755
572 346
168 516
5 28
63 640
707 398
524 69
395 665
2 841
54 182
95 901
59 748
925 364
364 642
288 384
802 76
161 188
769 941
311 685
241 864
665 764
938 546
406 368
136 89
548 623
192 582
599 299
177 410
18 516
916 427
830 273
772 732
812 849
192 319
944 558
884 213
300 105
459 453
416 221
880 913
846 48
863 747
679 189
757 26
940 718
278 941
615 513
652 525
809 166
38 868
784 98
159 780
694 384
806 377
203 148
745 56
186 369
832 137
265 350
762 70
194 497
503 377
72 163
307 329
2 850
244 820
334 103
924 598
391 627
303 70
785 150
658 924
825 596
479 227
74 215
899 410
903 358
278 384
633 503
523 775
928 859
880 216
103 213
231 111
379 110
253 833
876 813
808 822
326 833
257 69
916 862
294 213
104 794
560 609
412 957
869 180
210 934
665 606
341 166
89 181
930 453
384 287
905 89
827 455
133 799
366 943
906 708
264 428
67 704
727 171
747 354
490 268
567 322
915 805
368 534
591 584
611 755
629 593
434 23
906 224
679 857
231 23
710 645
181 885
328 956
84 598
913 859
75 36
809 257
165 939
81 496
741 838
189 393
252 397
219 336
869 946
384 537
387 594
206 11
755 598
458 634
458 55
296 166
611 538
503 822
190 13
9 519
835 312
854 500
566 378
752 901
894 320
228 372
861 915
510 180
494 82
477 341
412 52
199 854
617 746
102 695
638 176
6 687
811 687
895 291
92 711
652 56
420 897
432 147
59 502
331 621
756 845
815 376
330 495
908 251
735 763
875 703
894 105
382 759
92 374
72 122
518 601
225 518
960 234
314 323
156 333
691 439
529 718
878 587
755 457
846 127
149 277
540 747
615 49
852 693
317 233
651 514
248 520
319 656
840 810
179 261
108 741
16 694
933 916
311 768
560 471
22 733
357 609
582 308
208 206
315 610
47 719
856 735
13 950
179 732
660 118
148 728
493 814
39 742
412 793
960 653
685 741
134 373
706 618
735 402
435 400
177 259
69 186
604 110
118 716
24 690
326 748
275 477
937 243
206 509
613 606
420 817
818 291
357 10
487 42
762 306
748 256
25 854
701 343
472 127
457 764
518 414
645 615
523 56
795 106
173 903
191 322
121 847
88 673
307 650
345 579
18 565
384 267
203 621
826 559
832 753
758 23
575 615
579 470
617 47
781 601
333 3
311 448
933 742
492 952
721 473
441 867
735 877
96 197
485 584
353 39
904 689
863 520
559 526
406 862
48 818
603 694
33 64
52 858
865 537
627 934
131 333
258 607
867 119
336 355
685 302
331 302
655 358
201 187
913 726
736 810
897 188
38 155
839 936
61 730
335 346
945 197
599 350
381 623
124 369
785 412
198 38
45 752
437 28
573 469
42 249
781 533
522 815
335 459
282 197
906 782
230 663
458 169
108 362
109 372
878 258
642 539
368 562
510 717
167 419
580 681
779 459
925 181
781 419
335 800
69 172
822 634
628 504
229 226
238 524
573 268
314 254
426 468
561 602
643 716
710 474
192 814
380 883
694 734
509 294
878 604
937 14
295 250
632 220
544 184
619 924
636 534
141 38
59 472
105 626
401 675
733 546
871 258
365 520
684 848
830 720
522 620
819 794
938 713
933 4715
374 803
566 194
714 203
796 635
308 291
109 515
717 110
594 174
26 931
280 922
540 323
796 8
838 663
105 785
224 446
329 850
642 856
271 462
539 739
79 443
591 901
694 268
283 214
893 414
876 425
720 930
679 594
900 746
457 173
359 5
65 233
717 151
799 275
673 490
359 406
373 512
451 874
624 154
598 99
313 48
649 65
923 536
466 344
818 901
690 846
857 230
821 392
200 9
805 153
257 915
848 474
557 51
425 114
745 727
764 198
781 96
354 828
657 402
288 278
236 52
832 783
884 821
791 203
298 525
441 8
764 401
101 525
262 550
429 6
568 898
471 58
887 811
96 485
794 569
617 551
778 735
427 391
780 628
328 97
892 670
262 577
823 203
899 609
899 52
385 17
151 387
681 731
907 180
14 173
512 548
12 861
474 691
364 471
922 27
23 624
524 878
355 246
781 771
640 562
436 32
680 393
535 675
77 786
280 460
617 293
549 667
359 194
179 616
654 832
554 875
771 739
630 557
558 36
762 605
62 578
390 191
734 737
66 513
784 161
14 387
329 155
733 66
512 583
899 614
899 61
24 726
424 219
795 905
7 834
288 145
33 536
105 891
242 633
491 350
883 357
831 353
279 14
727 551
778 495
482 928
581 340
711 575
309 364
419 81
99 233
261 68
600 370
489 931
715 476
473 921
903 155
735 495
809 490
19 905
480 48
481 422
524 574
7 810
862 688
232 561
177 112
489 844
570 724
114 355
296 578
161 92
301 207
894 747
201 637
881 696
932 107
186 113
820 130
236 241
117 236
686 322
875 48
821 247
227 745
563 531
257 619
220 925
115 434
136 383
500 704
758 97
12 223
659 547
415 34
860 352
882 488
205 766
611 603
795 534
715 124
62 59
62 588
873 590
433 873
612 858
417 474
426 515
143 478
753 747
462 160
179 651
404 381
614 692
6 473
709 821
673 359
51 183
489 56
180 484
642 347
110 552
387 595
385 422
496 747
923 427
461 898
260 214
337 839
178 347
676 174
329 394
804 695
662 905
114 674
477 770
224 810
280 695
558 206
869 289
210 277
61 513
451 462
820 855
570 85
459 249
111 632
38 628
760 134
633 248
742 895
45 485
817 863
359 435
269 508
288 528
487 848
721 621
442 461
866 526
326 915
557 789
635 534
779 397
564 538
211 849
87 159
751 731
182 120
326 668
627 442
685 649
761 551
372 362
337 696
357 95
908 177
710 566
713 274
217 213
805 508
746 637
278 921
890 910
449 588
502 246
537 214
261 530
469 503
126 247
453 696
790 846
38 163
862 796
733 542
272 318
889 674
304 590
238 136
305 174
35 5
553 698
845 556
599 931
690 743
560 932
833 218
118 332
856 816
203 832
102 608
621 528
882 580
803 8
397 401
533 708
721 637
413 864
442 327
925 434
710 766
655 160
66 858
83 263
161 566
257 695
384 622
186 509
722 219
99 331
541 96
836 254
210 263
526 1
13 519
711 432
357 360
83 140
536 864
190 428
464 784
212 86
468 184
567 732
889 582
419 766
2 340
41 914
73 91
299 84
64 522
176 84
324 84
308 174
643 590
808 80
404 797
556 884
647 335
223 59
209 810
502 748
283 658
288 780
582 72
534 839
441 193
282 755
426 858
5 726
745 568
265 422
581 797
447 856
714 808
687 903
806 327
104 436
791 108
25 120
652 51
564 576
745 572
66 484
44 269
469 618
2 856
630 394
296 795
61 304
128 570
410 120
709 356
170 86
12 289
289 684
142 254
813 362
18 517
918 400
21 520
5 334
226 480
526 559
907 539
765 248
729 898
22 400
129 257
189 619
314 783
45 546
869 784
49 490
585 629
711 422
418 162
890 160
201 183
296 911
590 108
826 231
900 921
710 929
338 447
778 800
584 602
55 528
264 17
224 532
188 221
299 66
403 440
151 254
855 628
616 737
570 843
769 873
609 508
479 766
170 758
10 700
635 316
229 926
250 56
529 723
34 685
807 59
386 363
590 849
153 140
430 600
101 614
211 386
412 1
876 43
407 891
345 34
404 537
643 346
398 66
95 575
584 438
648 420
617 522
210 54
778 811
601 785
257 389
432 68
655 116
752 798
749 708
859 473
606 87
516 379
627 549
114 688
758 615
275 743
617 196
736 686
873 850
232 102
892 391
450 750
640 578
255 156
50 460
555 138
699 473
295 320
170 753
209 797
437 665
178 667
837 856
10 184
455 197
257 265
711 293
611 541
650 919
310 215
100 180
890 19
117 317
659 233
659 594
767 733
26 168
712 155
793 933
701 756
723 36
906 25
230 52
639 758
432 896
469 517
570 234
811 140
480 371
232 408
356 905
855 223
840 215
72 620
472 81
796 585
897 48
829 427
510 360
189 52
582 118
175 580
378 560
396 439
219 636
455 265
882 567
919 723
170 651
796 163
800 270
730 733
613 52
604 739
2 320
222 191
377 636
244 915
869 54
745 421
690 213
230 47
323 174
417 863
821 878
659 127
826 347
604 566
114 194
511 121
135 120
301 731
303 92
469 324
567 21
287 173
403 119
721 144
6 666
79 112
617 780
706 922
410 207
284 434
450 509
158 58
584 813
44 641
110 798
866 171
919 270
705 676
314 11
916 661
261 911
104 317
432 815
389 85
341 63
606 185
680 368
831 405
904 552
758 20
623 353
372 140
339 812
448 314
532 125
160 110
45 307
606 503
584 99
418 353
862 470
919 771
77 924
556 516
580 675
779 469
672 9
250 422
168 422
440 751
23 589
291 248
559 828
664 819
129 611
919 880
423 314
922 58
299 898
64 468
502 143
732 917
162 32
326 930
368 853
646 790
919 320
557 692
744 69
634 812
414 432
512 929
268 886
182 237
699 437
311 476
530 443
3 490
261 91
188 9
558 120
920 528
49 152
359 549
602 523
641 905
566 573
881 855
255 660
395 932
76 695
595 552
797 444
418 144
800 506
486 262
258 898
328 491
73 739
238 815
391 574
151 434
709 655
101 205
923 811
564 787
547 432
657 304
141 810
807 611
133 165
544 847
101 619
394 134
645 810
604 342
217 391
650 471
365 188
709 799
222 351
245 209
39 433
709 855
914 469
261 674
368 202
307 792
202 446
164 52
890 273
61 353
151 651
44 583
885 791
635 19
873 508
230 163
875 666
861 119
417 262
606 368
760 806
129 138
384 595
39 470
833 926
870 846
870 403
86 610
215 74
198 134
606 852
384 435
555 124
540 447
919 162
809 841
63 731
355 18
337 515
375 896
549 534
690 54
40 570
2 913
403 360
181 295
279 176
357 688
429 302
250 765
570 697
199 633
19 312
701 94
925 618
876 900
151 847
133 320
311 353
91 68
598 577
729 406
655 463
265 865
769 661
74 229
536 503
23 369
916 571
118 49
762 342
763 332
232 266
641 677
862 247
682 225
455 817
829 654
866 760
560 563
681 60
82 171
814 904
374 478
448 513
133 218
252 369
767 743
263 552
333 389
617 294
373 675
626 174
673 808
307 569
585 926
604 475
237 734
718 918
330 227
314 93
260 352
78 860
10 741
266 587
339 499
912 201
255 334
874 663
557 519
540 449
209 212
373 775
874 352
323 519
128 802
34 27
911 751
49 886
721 123
23 511
333 632
134 619
64 878
780 620
31 111
416 455
658 647
825 877
570 613
664 632
76 273
422 749
385 903
795 904
189 153
190 281
193 385
908 323
315 107
710 266
218 443
110 80
256 303
704 51
243 184
725 637
462 589
670 150
817 578
710 436
709 863
195 183
507 100
133 793
933 576
2 495
802 787
664 459
79 481
773 866
480 828
787 56
256 279
883 856
106 715
396 320
507 536
784 749
861 20
280 156
546 813
520 223
276 512
192 587
228 204
65 294
920 97
786 382
245 828
844 520
424 654
65 569
762 129
825 861
157 542
799 83
323 810
606 22
199 612
917 585
330 277
792 152
114 755
718 795
206 454
585 428
424 604
272 166
266 726
37 490
807 687
692 406
244 226
215 463
392 608
744 725
467 731
752 571
631 747
300 434
633 835
867 676
905 121
57 929
199 1
123 58
507 859
640 815
625 874
71 589
537 504
242 590
481 248
479 401
375 686
907 353
791 910
197 1
606 25
18 542
718 759
244 399
460 911
852 121
891 379
215 355
255 669
713 360
626 571
330 604
40 393
294 180
743 927
349 841
138 119
463 808
563 533
831 526
430 834
256 603
820 506
870 683
736 717
299 866
564 161
892 675
549 563
197 697
609 102
898 716
367 777
655 656
777 440
63 629
64 573
873 140
870 808
12 834
732 100
680 589
933 805
576 622
774 385
23 317
25 134
407 194
429 518
601 205
158 529
303 29
840 29
236 16
680 17
647 528
304 80
494 375
313 745
423 777
676 620
796 607
549 615
796 827
584 392
713 482
767 176
309 235
662 719
475 915
441 39
348 399
562 529
214 651
13 41
859 9
35 4
373 509
118 421
496 198
828 620
741 618
722 844
851 166
263 595
247 316
747 265
799 929
549 216
825 583
407 636
554 622
22 72
207 68
911 201
63 414
599 56
693 909
894 771
931 792
89 605
399 790
129 310
862 288
96 697
166 735
579 353
905 470
467 293
105 573
363 148
91 11
718 84
424 16
278 223
696 248
486 488
634 879
67 751
827 265
902 834
15 855
762 328
751 20
914 888
130 917
555 265
741 659
168 903
64 70
465 408
673 198
12 299
31 473
162 408
1 708
36 20
553 134
720 658
661 792
341 229
132 381
243 95
210 172
317 82
602 817
301 835
602 215
86 401
668 95
839 632
882 442
385 723
703 696
298 20
779 152
282 853
251 745
486 15
694 85
415 1
131 841
556 667
23 17
43 872
670 551
7 677
397 121
41 786
172 386
106 521
778 755
616 666
910 81
931 697
640 629
296 327
435 550
109 707
374 47
224 856
885 413
392 692
837 207
819 332
823 536
606 307
664 651
590 439
548 927
578 406
269 572
279 901
378 289
819 765
469 828
364 780
626 123
476 886
681 764
556 504
407 256
869 725
624 913
892 711
714 534
824 42
827 896
13 854
900 732
99 86
135 577
689 42
263 550
308 488
775 360
491 288
838 571
146 253
705 131
661 810
35 231
633 501
742 49
476 360
599 664
570 267
750 81
454 626
860 529
510 32
754 2
662 470
631 925
814 88
297 191
304 289
430 865
752 896
931 924
658 700
309 459
40 593
722 673
532 134
617 447
869 873
502 921
268 577
639 263
197 509
432 262
182 588
74 77
458 646
918 686
98 343
722 816
599 544
299 278
85 16
910 750
596 761
236 681
220 403
866 848
78 113
6 327
300 539
907 520
175 3
186 765
453 184
35 443
845 742
560 538
902 781
500 392
687 932
544 158
28 359
525 927
305 113
15 425
408 514
626 928
680 131
338 134
494 389
225 541
465 363
283 236
229 173
764 483
711 729
548 154
752 96
733 589
916 520
840 924
297 403
668 249
246 405
904 450
7 196
286 545
603 97
469 186
329 463
109 686
524 230
611 751
759 823
830 861
497 401
906 815
724 554
357 399
303 626
198 726
288 809
586 930
331 262
702 336
533 750
135 654
826 534
727 202
30 707
179 263
822 250
627 78
883 389
44 93
187 138
794 587
779 334
301 307
28 493
563 727
777 334
689 400
421 37
682 566
530 856
862 203
99 77
343 785
826 172
70 131
328 510
473 768
883 620
460 125
280 54
596 79
135 829
299 908
156 326
581 661
729 925
509 274
375 150
899 758
452 202
93 542
349 457
524 751
744 532
818 336
621 263
523 53
234 512
346 743
535 358
131 401
441 86
226 186
407 292
352 241
672 320
375 400
601 292
158 213
436 739
161 666
192 381
237 399
275 548
714 437
900 688
745 747
448 919
11 501
855 828
840 198
752 659
319 471
610 391
349 646
79 439
340 858
764 637
191 691
502 390
837 818
795 520
199 647
572 386
75 858
883 741
573 813
760 780
337 780
544 766
65 320
359 354
89 829
424 633
862 640
496 191
745 835
581 56
491 147
912 342
469 228
877 39
200 871
679 700
356 812
168 571
499 865
423 567
635 29
407 607
378 46
930 713
199 385
400 905
226 235
402 366
477 92
265 107
250 529
679 375
626 629
521 743
904 270
705 248
689 723
770 675
590 268
13 590
585 85
745 271
162 171
492 179
310 787
516 363
596 134
762 106
601 642
799 547
135 137
327 692
205 411
19 306
168 546
772 746
832 729
885 16
283 787
33 47
804 525
861 322
221 653
230 504
149 198
280 598
260 863
192 652
407 24
31 235
804 41
229 262
330 586
718 435
918 49
30 843
23 488
574 583
65 239
190 619
697 274
340 92
714 724
125 739
680 785
682 573
644 884
22 800
455 209
831 705
264 750
101 484
347 665
264 841
89 52
695 595
859 664
843 476
19 750
403 37
331 512
133 569
40 9
722 728
281 776
41 97
795 809
132 743
66 14
560 234
831 114
392 588
827 92
848 651
211 166
582 543
758 828
591 239
534 169
845 647
536 749
791 911
277 176
795 72
210 552
483 81
559 49
636 550
212 801
634 662
348 235
349 777
260 47
613 647
890 496
763 691
429 294
214 708
819 930
198 770
289 38
364 542
682 268
280 182
699 72
662 755
226 900
375 591
409 215
564 439
875 651
180 440
326 427
128 174
36 495
19 868
22 5
225 143
23 739
136 904
274 929
98 456
50 703
729 247
368 204
21 270
314 376
146 42
210 91
323 637
714 147
472 346
642 1
769 911
789 350
918 139
852 216
295 112
681 316
310 786
634 74
464 633
301 265
28 455
909 533
507 502
568 692
365 379
837 684
309 180
458 734
560 927
98 287
706 59
246 474
376 858
290 708
87 686
218 254
882 412
899 774
845 435
6 607
304 273
123 183
857 912
161 342
384 914
862 131
562 743
324 470
77 780
396 486
137 887
906 184
502 139
216 322
547 391
396 797
364 842
368 828
268 343
114 810
779 395
423 579
544 687
908 379
705 798
87 566
311 738
663 739
867 457
650 219
104 81
584 134
820 869
523 177
510 91
330 357
96 352
741 336
149 131
386 583
318 52
787 205
909 805
340 875
90 834
329 733
753 792
747 273
511 439
486 744
244 18
705 524
483 68
526 872
871 546
288 539
822 162
219 411
827 622
455 147
885 279
462 120
598 932
361 107
396 606
64 782
922 632
39 29
225 468
244 304
541 294
87 300
564 855
764 228
341 789
488 661
414 14
666 428
267 476
718 216
97 932
276 928
145 154
870 729
762 363
582 294
687 83
676 756
881 401
511 444
222 545
278 194
44 321
889 305
63 178
317 723
800 921
715 506
830 78
857 169
814 641
767 666
82 400
103 344
758 315
883 322
296 424
441 577
852 514
559 36
869 513
599 518
448 808
33 545
269 790
740 733
736 571
537 113
423 187
390 554
689 414
341 798
677 660
859 223
473 519
224 803
258 554
638 661
283 562
192 348
303 342
431 184
307 787
272 292
627 103
630 74
701 725
614 286
139 393
121 749
301 626
794 448
587 376
666 484
664 10
721 612
666 239
753 414
567 254
436 459
419 309
592 353
793 685
42 501
460 36
635 584
390 118
302 835
565 434
363 691
454 526
185 669
8 16
131 835
134 107
634 320
319 841
162 695
849 810
861 908
308 572
700 270
564 394
318 184
528 108
530 695
507 660
479 776
793 517
222 873
612 132
524 691
31 828
746 56
29 428
560 350
413 450
107 27
680 572
549 202
572 167
75 477
538 371
556 886
75 864
818 662
654 80
466 656
162 607
876 826
74 607
883 571
721 194
575 59
246 743
193 647
213 743
603 383
549 604
869 770
657 157
413 127
44 737
426 292
338 15
48 382
337 919
876 531
425 73
308 381
347 657
521 433
222 677
909 610
258 251
410 70
780 841
124 56
676 381
804 394
309 884
71 629
884 241
311 138
629 443
897 675
244 738
564 811
529 1
231 421
805 405
311 897
131 92
12 649
611 529
902 463
890 594
825 602
930 174
457 456
458 454
773 13
296 515
406 622
26 383
762 648
210 61
49 694
230 56
210 8
589 856
374 172
153 167
553 102
2 849
314 562
598 847
8 169
602 801
156 459
266 202
158 265
90 534
436 107
129 82
681 925
703 600
117 357
462 68
100 629
818 213
431 239
87 274
569 362
168 583
739 406
206 286
741 358
578 221
301 122
236 367
14 865
789 293
224 452
494 387
704 259
82 107
778 668
338 1
670 390
549 654
345 811
507 884
198 72
74 576
252 150
171 675
649 604
502 580
374 649
779 737
588 509
680 102
185 771
404 558
574 205
313 525
272 715
599 223
548 370
273 254
292 688
644 687
630 164
562 700
480 254
305 112
142 578
396 854
491 909
472 300
76 450
227 578
479 82
410 32
910 583
200 446
383 536
494 192
187 318
186 810
544 515
302 502
799 896
840 516
144 582
226 94
533 368
899 822
276 154
848 393
678 712
668 444
649 726
46 539
33 328
710 514
877 786
34 684
218 746
728 809
111 737
4 353
50 274
244 219
210 586
299 336
355 118
416 431
215 17
526 368
534 214
863 336
574 470
650 623
764 641
598 908
106 87
694 929
74 790
435 843
148 731
78 768
866 327
419 344
538 597
43 17
426 171
45 248
871 353
631 739
613 306
759 462
141 282
252 566
808 927
823 905
110 27
789 9
754 861
774 770
833 905
230 684
742 219
817 240
729 118
378 569
508 542
580 205
697 528
438 344
899 317
556 736
407 438
851 433
836 443
659 25
457 708
310 477
829 729
181 695
249 471
928 577
527 22
92 875
598 765
807 251
917 476
265 770
612 273
459 547
373 894
713 293
748 798
693 240
380 768
468 561
109 852
825 483
739 622
558 747
570 287
883 417
724 569
374 88
179 551
401 353
863 305
629 9
62 16
745 516
779 181
664 397
840 859
325 706
489 281
487 770
881 527
866 19
693 304
759 554
800 531
837 461
603 454
162 343
697 320
310 71
438 8
186 81
116 293
885 465
136 517
376 394
748 616
862 931
901 561
914 268
849 263
652 595
528 406
708 872
195 828
198 568
930 552
777 194
535 768
820 784
738 315
422 48
316 531
760 788
617 909
135 270
817 371
671 360
33 460
215 497
414 195
567 267
218 886
827 588
417 216
918 174
453 191
246 327
563 118
693 353
199 896
252 748
272 498
630 646
77 321
757 180
557 55
261 522
356 636
409 196
300 32
672 25
97 216
836 335
505 371
31 400
345 697
814 435
806 798
378 66
464 148
628 571
613 480
44 29
580 546
192 355
874 694
51 446
639 1
198 563
466 762
773 203
867 247
120 5
702 33
64 809
820 573
359 403
72 872
897 420
825 276
848 14
419 720
222 324
478 704
906 34
563 127
156 575
759 909
766 495
70 93
572 247
449 791
41 406
738 532
741 110
542 81
269 391
871 848
392 559
588 279
483 37
553 198
689 420
738 346
421 542
740 828
893 480
135 495
856 615
782 403
583 91
782 569
588 358
680 223
587 483
455 740
690 127
24 675
892 644
874 604
333 637
580 440
907 495
194 389
884 570
359 790
179 661
599 375
919 42
885 886
724 88
598 495
753 3
188 915
755 150
554 432
792 577
613 92
703 405
82 459
778 572
429 544
502 126
802 647
210 55
883 786
604 891
218 920
627 336
888 204
833 465
260 667
625 474
834 165
841 68
364 829
271 147
338 476
877 379
22 832
385 788
631 836
779 839
220 588
247 16
709 71
775 1
818 637
166 94
295 548
774 84
82 51
802 305
530 744
748 439
713 147
141 618
778 909
660 27
754 343
258 475
384 248
540 561
23 223
136 492
540 640
840 597
824 292
534 201
699 177
496 591
308 242
226 440
593 863
559 270
378 505
178 234
50 695
677 132
877 305
166 860
386 370
227 651
890 73
709 78
585 112
289 531
325 250
844 125
917 401
168 59
494 578
26 716
887 612
709 841
410 910
252 752
932 165
547 93
77 357
717 5
5 366
192 875
869 447
263 607
175 82
583 508
860 204
758 897
664 468
630 643
777 366
906 305
139 645
157 318
804 689
641 113
438 196
76 127
649 651
554 9
151 58
264 572
512 925
710 784
877 107
86 739
806 169
862 26
494 16
351 68
99 55
337 811
563 484
206 497
31 913
90 552
396 607
642 716
699 517
900 53
560 755
388 353
317 69
403 159
599 36
50 320
523 503
566 343
35 291
309 896
309 379
20 597
635 44
168 661
792 739
635 880
627 624
763 362
507 305
654 917
586 186
822 11
71 363
628 273
511 447
705 393
740 477
302 587
635 698
496 808
445 338
157 637
467 134
430 510
415 165
774 713
238 429
481 17
115 239
352 139
119 783
355 134
811 274
484 148
56 68
126 839
555 604
308 268
873 157
82 431
102 353
374 730
12 121
584 799
736 590
509 353
565 895
596 187
538 145
740 642
409 488
137 723
887 920
781 693
857 311
527 876
33 181
786 470
218 692
348 80
441 37
127 263
744 412
120 47
465 223
130 306
728 686
801 755
325 213
553 114
55 91
516 735
390 484
339 530
429 183
192 499
626 504
77 362
398 153
825 435
258 33
349 555
231 216
23 686
826 632
852 198
638 115
87 845
660 369
53 589
627 872
186 504
170 683
25 594
647 295
709 582
284 458
819 58
760 140
821 157
694 645
412 340
19 143
115 844
60 174
23 26
632 716
172 509
6 620
211 916
808 475
88 223
695 446
733 615
644 265
693 608
352 815
131 608
889 435
871 786
449 175
782 155
13 433
144 603
200 93
419 841
901 444
153 675
832 93
504 254
136 13
200 694
90 481
453 203
40 726
485 675
212 366
701 202
920 858
625 576
210 615
64 358
3 571
130 1
640 228
162 719
553 233
146 478
475 316
845 288
774 147
226 848
171 490
682 15
728 700
483 484
696 571
659 433
697 281
377 873
630 443
866 534
802 443
35 334
67 274
592 779
773 362
423 282
815 675
246 49
319 325
193 750
175 127
699 671
220 270
554 737
611 93
553 303
188 506
133 92
317 303
672 439
873 903
31 604
126 897
740 372
104 127
177 501
699 856
560 397
518 321
774 138
30 913
409 538
598 873
603 561
395 84
416 266
696 119
587 181
771 58
114 235
4 94
919 82
887 19
428 20
284 254
250 385
713 757
115 134
75 35
421 51
404 93
116 362
244 167
115 425
435 270
13 647
206 179
803 780
876 348
468 719
557 843
220 216
609 354
39 398
690 130
831 808
61 125
572 898
82 879
779 408
690 549
50 494
879 615
142 632
783 490
831 639
736 753
806 372
458 462
24 813
774 568
383 748
225 746
189 905
890 461
502 554
504 490
558 412
380 645
227 920
53 399
860 817
415 418
340 545
614 577
333 911
317 489
580 270
375 201
212 221
710 52
892 847
752 864
70 151
842 513
182 38
130 88
345 103
721 431
890 767
319 774
129 587
285 146
142 805
586 113
473 498
592 904
185 294
103 175
135 293
528 127
837 667
866 344
842 342
141 809
20 607
705 856
298 158
709 6
638 180
451 298
659 785
56 583
676 622
364 39
457 925
332 543
170 340
172 112
226 723
609 566
835 913
86 927
250 844
126 294
881 818
185 779
257 406
149 757
349 520
98 776
282 406
526 519
567 398
63 493
899 755
447 568
61 708
210 481
437 581
714 843
901 928
419 224
256 526
97 656
773 103
242 411
78 717
699 787
541 566
79 612
709 692
601 475
639 760
638 880
659 790
715 216
255 62
555 364
648 602
312 52
681 476
351 619
465 552
445 71
347 233
121 932
909 131
893 286
416 819
642 843
758 905
807 82
238 518
168 734
740 716
870 493
601 591
193 714
819 247
361 376
477 529
662 515
609 373
521 142
23 479
208 895
889 383
118 91
844 306
375 509
195 52
253 342
860 879
916 124
347 580
859 812
885 294
778 694
377 649
674 58
586 392
324 743
226 78
905 399
311 369
518 107
39 667
793 408
80 456
705 270
779 470
874 399
789 726
51 514
14 474
489 510
724 336
75 207
203 912
740 715
706 912
339 690
351 875
638 463
158 32
340 835
345 735
364 167
756 896
44 805
66 239
430 682
320 551
175 708
143 496
585 770
627 94
21 174
96 406
722 643
414 421
690 624
901 765
115 337
602 477
142 711
6 839
418 375
106 89
224 901
43 443
613 32
449 653
192 254
137 679
448 733
272 808
79 870
2 700
224 207
229 9
319 792
189 84
136 917
47 575
857 455
12 581
470 434
697 545
349 473
867 241
100 171
359 239
564 512
195 633
876 1
269 56
203 543
129 848
69 666
152 495
444 546
871 318
410 510
602 420
857 852
469 235
768 9
109 361
753 16
662 895
648 591
313 599
720 117
874 203
694 509
598 589
823 83
658 37
588 281
76 568
198 59
103 147
557 530
685 605
426 786
554 619
909 372
505 790
415 74
236 533
809 32
185 331
829 626
758 461
933 697
464 835
70 518
837 45
618 387
403 139
680 360
129 486
582 389
422 766
829 174
124 120
246 351
670 24
46 790
187 458
626 844
364 443
313 398
226 907
878 81
890 681
220 662
335 157
123 202
837 335
144 111
805 475
843 24
92 154
368 691
292 628
23 710
667 278
338 184
710 547
686 849
310 525
123 750
14 428
824 593
329 230
606 834
129 817
317 318
385 431
611 552
718 278
120 600
815 456
528 20
378 359
416 451
244 376
487 808
92 518
672 839
278 151
631 767
764 701
4 357
432 8
103 792
144 514
625 127
336 506
311 202
424 274
238 768
7 480
673 15
818 11
33 756
341 435
601 744
733 444
471 645
257 748
455 922
721 807
593 618
632 571
609 375
687 287
708 59
874 370
592 871
855 686
3 343
771 743
115 874
259 113
316 569
650 508
392 911
743 84
302 177
639 829
179 371
34 905
521 781
923 155
367 145
646 469
277 432
613 654
797 929
854 36
795 737
553 732
67 167
841 274
141 617
200 59
291 817
496 275
717 928
210 835
483 694
798 700
251 600
341 444
145 551
521 331
667 484
120 353
391 171
178 235
284 335
606 571
682 645
317 788
409 563
161 898
375 471
303 298
33 495
569 858
677 473
75 443
538 490
650 573
596 164
836 651
374 771
711 675
487 85
842 36
897 439
679 65
77 356
404 180
758 271
336 632
649 668
210 826
372 733
375 579
600 515
412 180
35 750
714 929
392 246
236 29
878 660
170 514
188 472
408 94
10 613
448 53
426 897
88 743
31 201
804 690
535 798
664 143
238 678
414 723
278 201
257 811
317 354
196 155
137 196
272 430
781 222
674 504
782 841
26 706
930 539
329 684
458 895
22 665
424 205
602 513
99 54
372 248
689 10
740 705
296 775
752 284
326 167
830 771
1 8
186 434
441 321
398 356
216 52
563 276
266 188
837 291
486 467
373 850
434 813
793 850
153 632
668 508
218 226
455 551
286 828
837 692
87 815
823 865
348 749
207 751
372 525
893 438
104 931
137 755
820 86
489 751
658 751
861 809
662 698
510 695
648 650
386 97
261 718
752 379
46 207
618 692
304 111
693 715
14 52
487 534
649 288
6 786
407 650
305 854
47 180
272 573
710 554
70 895
719 113
779 163
644 493
772 698
298 724
781 692
88 42
839 201
398 3
71 686
511 733
310 664
26 695
210 517
465 267
892 693
396 772
733 162
186 167
314 80
437 277
650 726
482 420
301 363
283 855
820 460
107 36
931 195
491 318
413 529
4 562
901 434
902 320
527 199
892 563
841 159
90 251
128 131
402 542
94 551
57 649
242 801
762 886
831 459
137 768
245 303
9 750
391 858
124 912
88 49
821 114
90 861
806 320
37 216
455 697
499 633
448 910
139 207
64 732
89 214
648 489
844 559
305 11
593 678
756 886
644 487
542 20
487 201
447 208
735 550
196 27
87 169
804 397
127 411
787 770
370 726
404 531
377 597
633 514
118 202
780 406
578 924
527 699
89 496
417 195
623 184
143 727
682 359
261 323
192 562
524 915
409 615
587 46
194 263
238 468
384 931
115 852
311 662
596 667
775 233
245 729
873 219
284 113
51 691
328 704
609 398
803 713
829 864
791 468
280 355
634 126
79 310
892 397
894 121
877 223
933 221
224 859
680 814
426 523
762 865
616 812
599 203
837 263
698 37
89 530
601 571
367 519
479 514
320 905
302 463
465 176
156 236
341 621
285 816
3 51
34 71
698 46
883 435
169 692
605 49
847 20
25 69
811 469
45 122
247 194
139 253
395 896
61 814
87 206
390 382
341 479
276 306
574 121
77 575
740 321
63 618
799 924
364 45
715 812
531 159
590 274
63 534
333 59
188 757
890 744
47 72
31 770
17 573
931 816
459 205
57 481
442 271
904 931
814 95
775 731
530 472
168 60
879 490
572 470
55 756
521 925
442 517
117 143
499 387
690 314
565 401
391 11
302 233
712 816
782 823
877 757
309 117
454 484
5 513
258 732
295 58
331 695
283 153
122 163
102 512
855 194
801 783
659 888
641 389
769 200
625 579
128 293
176 615
773 913
773 790
794 870
392 677
450 629
871 905
488 761
547 47
268 239
697 81
392 213
422 580
297 886
744 84
502 868
781 156
930 198
394 571
16 692
297 590
130 270
591 112
331 691
630 213
200 34
245 121
339 585
232 194
106 913
862 828
234 387
55 439
560 891
267 545
836 707
720 254
564 5
138 812
513 171
419 472
79 119
918 235
392 684
601 56
706 674
527 800
859 838
839 167
127 268
351 150
398 80
422 632
224 735
98 2
425 818
523 47
7 214
745 695
817 334
410 671
395 237
197 350
913 37
162 157
881 531
933 42
457 481
884 568
131 96
404 322
759 413
592 895
634 732
658 422
569 334
18 444
643 518
628 517
521 792
142 470
885 461
337 882
523 368
466 662
361 750
231 719
626 184
457 534
738 180
794 194
795 240
744 51
579 585
601 1
892 512
87 315
881 462
402 628
330 418
787 293
847 123
384 40
579 131
544 175
709 102
854 127
413 148
894 162
89 326
255 81
82 355
185 237
701 428
497 771
573 898
564 169
742 827
410 493
377 195
485 765
162 913
308 237
109 524
437 399
111 216
64 750
310 143
82 485
104 693
104 479
676 154
218 587
798 896
457 196
902 588
404 114
558 745
797 80
106 744
291 77
883 90
386 798
779 736
687 491
46 922
12 734
126 51
308 434
164 159
827 585
754 619
683 275
495 858
793 503
888 510
634 53
67 692
817 748
580 177
710 843
209 766
877 36
808 565
328 746
609 420
311 329
459 320
793 2
741 122
82 476
330 763
256 908
658 43
453 926
312 94
161 456
187 436
703 615
888 295
740 776
778 912
468 30
34 695
435 207
702 823
537 827
627 803
78 195
762 619
280 539
636 531
565 755
819 552
324 138
407 602
365 184
862 654
259 768
649 67
45 645
136 703
451 265
396 113
570 585
611 457
199 49
880 665
590 788
243 789
706 391
862 651
364 43
35 256
822 383
199 525
135 203
721 255
12 48
857 898
502 590
97 240
770 68
238 427
4 327
79 653
278 855
488 894
581 134
430 914
182 654
302 931
718 289
39 229
459 52
243 910
280 887
261 187
687 51
638 877
540 862
235 16
642 189
592 138
336 873
832 110
170 909
579 916
211 91
673 132
506 770
106 783
178 432
380 815
767 909
577 692
327 138
555 533
594 53
44 457
743 514
581 254
230 484
414 160
658 633
899 727
645 434
593 897
774 224
463 700
585 561
379 350
15 292
606 153
182 202
511 574
13 767
480 406
614 201
10 798
873 321
636 656
220 695
86 268
126 809
326 287
553 188
899 72
611 447
791 306
763 232
12 87
288 290
676 843
71 233
364 117
329 45
682 614
794 666
687 286
648 785
268 371
50 698
489 362
197 569
457 318
458 436
493 552
39 924
26 269
209 91
279 536
319 234
285 390
168 151
18 665
476 816
644 869
374 31
313 671
134 249
589 495
29 5
526 731
672 358
12 260
641 348
515 343
178 620
771 122
499 577
630 448
244 699
453 263
105 436
289 581
345 325
236 748
534 207
862 925
888 386
26 94
890 555
283 549
802 184
497 671
217 8
827 765
702 154
297 641
501 896
463 249
266 848
378 803
363 666
714 153
491 563
738 383
442 907
296 583
687 206
357 727
860 750
199 21
271 440
679 271
756 24
186 695
644 713
499 698
13 646
431 651
565 420
904 88
742 565
109 808
40 390
754 314
795 163
579 387
744 729
466 96
333 31
88 93
268 174
415 722
417 151
686 743
19 122
914 844
258 685
558 59
311 444
634 677
593 835
29 254
639 802
839 694
377 363
38 624
683 647
245 58
814 784
727 561
599 508
214 145
605 895
720 759
74 761
861 267
598 139
885 778
831 2
7 113
523 346
210 122
430 215
33 193
586 41
769 2
365 108
845 791
773 848
64 90
6 171
242 842
393 201
305 660
160 204
488 329
639 713
108 95
431 925
365 253
906 796
832 694
684 733
398 512
64 642
83 158
284 101
255 380
765 334
213 343
414 815
736 591
347 216
4 559
442 470
758 80
23 546
890 287
317 110
598 472
304 96
213 42
361 81
445 409
492 23
682 483
115 158
831 929
671 712
193 537
855 362
555 669
487 475
808 405
664 698
437 360
278 922
712 750
9 81
131 186
104 209
124 922
758 126
252 313
83 122
397 531
899 568
627 735
311 94
156 348
238 863
316 11
319 816
374 305
856 48
137 352
877 528
161 786
845 551
496 663
386 121
612 152
794 912
678 506
266 643
303 177
722 263
659 274
70 640
510 263
297 8
231 865
685 538
890 137
728 292
830 483
275 800
292 194
779 316
478 216
426 425
692 653
357 932
326 181
33 681
640 921
453 337
735 293
419 532
269 716
694 595
299 58
651 929
563 3
566 577
625 785
564 918
242 71
206 42
851 207
100 422
621 510
673 663
545 653
287 406
910 749
10 124
256 843
95 749
79 551
890 743
190 708
808 569
763 861
96 93
857 73
368 816
129 246
316 637
94 406
600 346
14 321
234 501
731 321
347 190
243 806
158 92
278 234
172 835
748 116
549 554
137 20
182 187
699 15
476 343
386 542
884 1
208 119
566 9
728 387
99 841
19 431
290 216
157 94
398 662
865 766
420 446
426 184
778 446
142 807
781 352
805 813
807 498
349 481
774 249
906 628
246 765
339 768
375 27
877 618
625 367
457 461
294 922
403 316
757 405
188 107
493 49
634 23
285 730
375 861
376 643
50 913
416 226
768 81
110 154
384 229
598 268
710 855
336 51
743 669
510 476
266 700
599 82
47 273
788 342
509 520
630 305
110 515
655 861
587 571
625 151
441 214
758 405
478 518
427 528
839 708
5 865
146 493
363 552
34 520
349 110
183 119
41 316
313 455
829 118
298 856
481 401
500 316
502 925
838 539
303 787
380 647
328 719
442 580
643 125
313 560
128 629
796 43
709 172
527 608
489 9
363 342
404 638
878 731
79 196
76 543
773 789
885 619
706 901
67 913
67 484
730 921
216 84
751 342
227 849
310 343
296 737
5 113
280 91
617 918
355 395
882 692
251 752
178 176
144 667
201 785
915 118
609 746
593 368
758 31
62 205
687 17
301 310
211 383
33 611
431 850
508 112
327 27
556 737
884 30
847 138
207 577
225 850
413 366
10 277
193 19
601 321
177 268
161 637
823 454
795 654
313 682
188 274
497 293
428 155
31 334
860 739
511 529
883 536
243 855
832 810
877 274
564 903
689 790
410 813
396 840
860 293
257 195
599 698
540 221
255 912
45 100
764 668
601 870
843 725
588 539
87 515
897 552
271 925
916 531
574 420
468 933
870 16
871 354
672 700
262 216
30 300
711 174
586 30
771 160
662 268
439 470
702 354
633 550
723 270
337 63
923 848
563 335
231 607
604 27
560 572
195 548
130 366
40 325
333 528
758 510
723 72
136 291
64 768
818 771
319 647
847 81
873 717
714 566
605 585
695 381
255 80
755 731
310 773
900 208
494 411
386 480
782 714
541 194
338 412
763 94
566 202
111 792
258 787
558 816
191 571
65 58
752 909
377 376
532 440
40 275
14 493
252 584
73 816
475 49
402 371
632 895
494 757
423 305
499 183
852 783
340 656
732 914
752 171
433 843
522 865
257 565
866 191
24 421
761 792
170 614
357 196
376 100
66 514
583 691
450 813
200 327
702 71
758 96
781 817
229 671
231 160
859 654
329 221
823 444
299 604
277 456
904 468
777 509
778 501
407 853
102 343
581 512
820 840
843 729
529 839
593 434
331 743
44 911
333 770
172 571
201 813
410 663
840 395
384 236
915 929
241 898
94 508
136 414
310 386
212 482
388 534
706 24
483 400
744 518
136 403
230 122
530 875
178 84
294 456
803 888
805 9
800 552
177 440
756 150
3 470
596 725
831 147
375 712
528 183
104 442
631 156
570 139
863 514
507 623
591 196
663 731
902 369
557 511
833 158
410 178
124 703
364 393
163 470
333 641
933 294
87 60
916 927
149 791
521 342
805 797
796 610
563 162
601 27
12 638
175 914
34 719
365 31
311 440
149 888
593 911
758 451
887 190
814 130
487 83
585 66
635 893
845 91
4 589
488 225
423 5
762 708
245 656
627 566
164 612
857 232
35 868
89 713
339 567
842 450
680 505
699 55
259 921
888 533
711 788
670 169
33 753
7 336
892 344
401 3
493 669
920 876
557 190
685 905
524 265
481 800
673 116
603 247
567 485
679 58
864 665
596 289
372 126
227 670
834 490
410 776
341 95
676 473
255 569
1 138
235 180
773 66
258 629
45 65
447 765
430 80
124 11
819 191
344 785
435 506
95 666
421 691
23 276
351 694
222 7
209 726
46 32
449 316
303 457
759 911
268 42
90 6
382 216
915 382
933 165
682 559
39 526
650 363
579 214
507 87
33 379
730 387
732 886
453 718
410 55
863 237
593 310
158 671
464 153
317 793
512 898
226 812
507 759
570 53
738 9
4 904
442 119
61 873
99 10
247 343
198 800
621 113
233 411
236 350
863 633
682 503
41 814
5 529
388 724
228 32
463 368
441 669
311 144
455 444
877 152
271 697
255 260
718 932
55 278
566 854
5 755
650 175
465 661
357 911
429 114
639 482
621 147
132 406
261 451
884 734
404 848
848 561
409 458
444 36
445 349
246 47
216 785
657 93
567 758
824 620
845 571
57 922
347 353
904 189
614 248
168 932
156 90
558 614
31 480
680 580
599 717
884 665
404 182
353 81
851 698
854 367
30 381
178 346
434 816
143 6
742 738
592 629
931 471
885 241
870 730
634 307
210 276
512 342
786 790
473 49
609 698
903 263
890 95
760 659
859 62
676 600
733 174
109 585
644 287
899 17
349 677
821 389
26 722
759 68
541 177
815 342
763 1
781 610
374 792
814 320
741 569
910 926
443 370
41 503
425 413
705 904
617 747
545 508
511 160
885 730
712 411
418 676
644 480
185 842
593 392
824 16
25 510
318 750
887 924
447 563
339 154
909 858
197 216
322 406
425 191
445 761
335 846
373 391
417 832
413 91
307 712
567 179
218 859
673 748
662 237
369 263
573 542
540 284
104 393
413 897
413 460
588 478
648 539
224 840
409 505
906 351
457 922
639 520
527 695
821 96
876 704
109 308
101 431
862 290
576 155
613 307
709 658
337 120
580 204
672 421
281 428
821 145
282 290
827 515
39 372
820 452
99 797
101 112
537 397
12 346
105 712
487 237
697 268
758 162
576 32
889 570
63 52
382 52
176 408
803 14
833 553
473 221
483 669
348 369
652 532
757 96
116 213
869 460
373 375
211 699
582 931
416 198
251 641
74 379
256 447
661 145
12 545
225 160
762 610
134 432
357 931
64 279
734 597
328 844
76 474
650 588
225 708
764 468
298 873
659 96
236 298
857 886
221 559
497 196
166 696
247 797
304 901
763 910
677 153
859 719
832 932
532 577
384 135
19 805
441 346
593 565
80 59
78 474
794 779
101 757
139 853
729 21
638 562
417 670
337 656
169 929
592 593
917 148
599 685
226 764
10 519
599 886
447 485
233 342
758 176
255 438
256 112
819 350
591 777
260 85
815 846
463 165
687 432
836 798
69 739
245 250
913 531
456 653
168 327
311 682
555 261
721 839
871 24
351 624
392 810
141 288
448 332
138 597
871 723
621 764
655 413
736 452
753 538
319 99
441 790
334 872
330 118
427 848
357 93
436 932
89 511
392 165
238 370
627 260
258 417
102 240
301 261
881 823
635 561
390 247
526 928
907 622
760 326
876 503
360 420
404 721
680 154
113 708
584 729
580 72
378 790
827 325
280 915
401 607
576 811
330 792
844 607
469 815
182 29
65 93
391 925
227 579
787 351
555 139
702 821
95 169
188 842
178 853
687 821
429 48
602 287
35 690
914 700
807 636
902 442
687 922
389 675
376 73
451 834
161 475
126 911
769 604
806 678
75 770
225 292
210 48
434 406
140 254
160 95
301 663
238 87
225 405
522 645
374 216
676 367
279 785
236 678
557 623
256 287
527 925
580 152
526 116
837 834
380 870
454 51
335 80
366 362
24 637
354 777
778 231
214 816
29 789
445 211
147 300
852 209
304 615
857 138
763 110
234 165
585 691
398 208
805 382
129 55
664 113
521 424
4 388
426 595
298 300
778 473
778 359
284 207
693 234
269 808
92 768
914 543
236 874
57 579
313 681
8 783
906 473
64 457
304 816
378 468
378 897
909 675
416 249
586 560
348 208
127 59
497 847
459 189
758 292
465 771
335 16
869 321
802 591
610 371
821 268
345 519
863 897
919 915
646 498
398 108
563 432
871 219
710 138
784 221
694 368
753 490
615 896
915 495
609 424
721 694
468 334
407 155
601 547
374 840
732 82
680 515
91 665
825 478
664 818
812 154
814 177
418 844
261 694
178 285
843 177
164 259
804 418
365 850
259 17
722 756
615 546
899 227
210 471
667 336
12 148
603 340
77 472
415 233
825 850
190 519
365 527
646 607
353 552
421 856
906 760
871 671
412 576
508 813
142 52
109 191
55 391
681 620
702 44
261 516
779 905
137 449
429 568
522 392
586 6
217 48
221 694
289 387
226 547
882 49
77 262
229 253
908 554
266 125
12 60
430 791
838 240
767 42
643 131
328 782
257 760
220 849
556 731
140 786
638 790
752 929
289 933
416 555
831 429
460 615
683 216
225 320
547 618
245 325
937 5461
905 836
256 345
534 556
866 341
353 398
425 732
602 900
622 782
164 789
201 101
370 226
575 516
258 593
579 355
795 311
205 191
525 98
264 919
584 247
505 735
280 35
307 807
319 736
182 335
510 72
86 294
385 338
313 813
869 218
389 821
368 510
790 907
325 695
631 879
57 893
901 772
59 808
683 676
724 497
190 931
357 689
285 231
747 316
196 462
489 92
253 885
91 231
527 173
75 277
309 528
479 884
295 224
905 922
690 75
778 834
464 770
796 557
400 304
575 356
73 801
858 932
582 591
886 335
262 96
652 147
410 671
10 455
31 214
216 56
844 253
771 807
843 742
693 36
820 311
280 714
5 552
925 412
390 475
105 174
45 193
514 95
924 429
915 410
70 246
332 678
647 484
227 82
143 768
153 684
631 449
782 739
529 358
473 259
201 902
551 343
440 639
828 101
99 168
225 24
460 468
100 102
60 277
27 135
212 341
322 40
729 408
512 24
694 816
291 606
182 19
590 908
129 584
828 468
353 303
630 238
741 288
500 754
633 567
675 804
100 783
378 601
126 518
729 4
5 163
220 753
392 52
791 305
278 315
211 260
687 542
176 549
581 141
763 870
13 269
298 791
14 737
541 807
805 58
823 175
572 283
572 832
424 817
39 299
205 244
656 604
188 601
395 606
389 840
618 351
376 670
892 351
217 670
435 6
570 154
623 916
55 152
468 24
477 74
400 120
284 710
887 468
534 924
357 207
582 55
17 410
112 24
112 429
792 319
495 81
887 908
541 159
594 536
178 674
69 723
585 309
587 109
491 755
630 548
439 622
423 421
706 866
887 304
29 427
362 483
470 801
752 39
509 187
166 355
496 208
276 758
371 134
374 145
763 693
466 731
360 106
603 38
159 177
626 262
93 685
39 106
99 816
217 216
78 937
62 274
235 736
12 72
50 151
69 137
490 678
362 862
128 351
112 31
931 468
528 596
775 120
209 863
249 218
42 15
637 334
792 246
607 67
365 927
594 875
773 765
478 710
83 808
869 836
267 491
86 173
749 163
785 618
767 659
492 711
143 917
648 787
295 914
385 559
689 663
112 336
722 861
796 500
852 178
528 148
765 430
792 153
183 657
270 354
437 80
641 457
294 292
810 517
574 507
498 195
681 717
121 549
620 708
177 331
441 671
307 552
680 41
435 895
910 650
738 355
632 151
460 592
889 552
506 781
302 343
266 445
471 577
911 12
34 720
553 544
329 283
882 483
883 467
420 371
66 448
577 493
873 927
924 528
689 190
764 47
46 269
491 382
837 14
584 574
395 705
659 76
589 605
916 613
213 842
701 900
612 148
26 723
150 864
792 118
140 180
198 872
391 135
550 166
573 330
865 674
259 331
478 93
903 419
62 179
419 689
679 252
709 282
582 24
379 69
696 769
34 888
200 187
879 357
935 840
2 36
774 718
524 629
292 788
701 616
517 258
286 73
171 807
589 709
769 612
366 582
572 546
304 736
79 872
725 816
364 826
889 674
347 610
229 604
394 342
486 239
316 145
751 699
213 909
592 208
588 3
683 766
343 122
886 411
906 688
894 479
376 336
701 130
614 671
696 206
329 912
155 193
608 485
756 299
682 481
260 159
614 122
635 451
230 302
213 366
287 189
18 268
381 552
754 2
383 64
204 39
919 381
868 753
244 254
281 423
522 791
835 658
548 419
180 8
623 292
308 562
771 881
450 637
22 405
466 252
813 502
318 812
905 544
262 530
211 915
370 195
105 719
728 646
713 33
378 362
327 56
809 713
792 330
477 54
21 841
558 769
869 565
376 780
138 663
213 49
582 889
823 487
436 923
255 225
207 535
406 237
858 104
792 844
588 291
565 535
210 385
198 757
488 473
790 530
628 169
18 145
371 896
816 462
317 196
212 400
528 466
638 269
579 787
376 672
494 11
346 206
324 65
457 449
592 388
297 296
232 636
245 776
670 406
526 355
607 781
514 918
659 428
622 544
182 637
454 502
679 348
93 793
205 820
886 800
82 599
410 120
754 155
304 16
584 930
363 798
289 215
291 362
844 492
311 136
585 240
794 226
832 81
226 480
317 108
853 581
86 573
566 542
304 878
743 233
384 450
440 671
844 776
497 914
223 331
595 498
225 611
562 835
873 898
498 475
451 426
804 721
90 412
145 468
16 834
936 830
398 406
390 140
321 64
819 619
42 296
30 79
932 781
164 199
57 11
94 335
310 36
865 593
690 187
19 770
232 127
234 216
734 810
454 376
644 131
665 2
665 654
647 701
479 256
234 708
597 728
502 766
193 738
765 241
584 824
822 567
491 679
843 487
369 254
509 226
187 601
8 891
655 511
816 1
925 428
55 901
911 434
397 422
752 25
680 838
751 878
935 264
645 61
22 885
123 907
758 3
473 346
262 361
628 342
856 722
437 95
105 674
896 878
324 328
358 851
554 818
573 118
569 178
205 188
8 712
580 694
290 467
763 616
174 468
627 351
452 705
72 58
290 209
591 359
879 204
628 23
720 808
115 124
608 836
297 564
541 286
219 590
28 700
395 732
358 885
515 738
633 98
290 525
458 926
239 39
313 340
904 934
925 421
85 312
121 817
585 857
125 337
243 523
745 179
105 340
90 189
274 738
422 732
103 902
852 203
391 4
835 799
817 237
469 202
876 638
142 405
308 328
881 58
347 725
903 546
704 892
905 282
134 708
45 911
655 482
380 752
513 794
364 39
36 452
183 936
554 588
169 23
776 9
461 81
888 195
379 3
743 347
286 435
837 833
702 238
935 180
863 778
581 421
45 925
712 41
631 293
888 145
626 430
823 120
322 149
844 800
415 848
478 383
490 185
698 898
715 544
662 740
699 874
522 225
297 735
320 510
301 308
3 877
260 155
777 584
105 684
245 549
283 135
491 202
44 364
259 547
457 292
521 788
573 563
541 383
830 787
446 168
673 228
194 330
927 236
158 380
179 921
514 101
309 261
570 657
241 753
718 227
665 21
112 749
439 614
335 593
525 513
68 487
413 231
124 177
90 449
532 725
256 46
517 263
838 785
114 900
390 661
353 783
136 233
65 773
745 80
818 339
912 890
912 463
459 479
750 675
125 729
544 662
2 347
183 71
495 666
723 355
421 862
44 271
265 281
561 838
376 274
249 703
378 183
526 294
713 200
786 238
515 907
665 109
639 688
478 479
651 278
686 277
597 779
32 772
708 770
339 426
103 445
929 670
804 542
566 725
290 250
861 134
454 356
160 872
526 810
443 622
735 27
574 455
139 316
196 878
412 675
858 34
531 888
651 25
222 106
275 844
311 26
75 447
244 47
192 668
320 605
264 506
636 536
86 116
197 159
326 104
759 663
184 252
331 127
186 854
333 410
43 835
756 788
728 505
220 432
233 814
485 303
875 788
90 930
252 731
473 226
589 169
184 672
757 173
24 223
665 529
656 881
625 130
118 889
802 466
416 846
91 793
787 740
203 835
607 890
594 71
172 365
762 540
923 484
115 318
266 545
687 899
378 589
489 359
156 730
125 913
914 673
819 451
112 529
133 382
757 463
902 423
353 793
870 363
90 680
196 345
427 727
513 68
660 157
479 52
221 343
412 739
652 874
279 614
211 225
85 77
485 739
234 159
713 525
825 528
327 693
754 300
772 403
417 277
857 671
796 9
282 124
727 834
681 581
214 233
915 89
824 269
679 247
460 698
384 73
20 274
385 288
858 402
631 408
745 186
117 846
322 70
378 923
782 560
416 692
73 629
440 336
517 370
843 146
589 793
467 699
335 299
652 100
690 435
563 643
858 362
180 658
932 897
313 55
495 876
360 937
478 610
164 788
561 422
546 937
886 740
22 725
131 429
151 142
346 41
698 322
262 863
828 111
758 295
191 394
557 840
816 244
45 222
369 93
232 507
38 462
80 323
380 787
444 878
233 24
750 434
592 293
349 445
279 861
589 805
626 196
694 100
161 904
842 238
236 529
700 814
887 272
792 417
429 847
583 791
301 251
390 815
145 361
656 102
603 442
416 448
659 51
164 136
274 111
767 576
205 868
366 574
773 530
829 492
66 358
374 132
773 536
857 238
692 614
458 66
552 891
845 927
38 111
702 888
625 265
25 375
210 150
63 802
730 609
666 492
371 100
887 751
626 526
274 273
684 204
666 545
761 832
8 189
337 340
62 773
322 517
912 88
568 341
180 46
606 269
700 805
437 697
592 427
486 26
443 570
482 513
171 850
815 468
69 2
263 326
752 412
471 860
103 357
240 789
97 892
290 716
903 732
32 549
192 739
181 179
247 135
541 326
186 438
774 656
791 68
525 225
648 609
103 632
8 640
134 392
673 146
86 518
898 902
432 874
786 92
880 399
255 281
440 833
883 599
314 870
920 66
9 717
692 854
162 658
125 542
401 765
164 303
129 782
467 180
519 690
441 711
433 431
778 181
779 212
49 665
608 110
502 703
234 573
84 911
385 98
719 27
277 52
153 510
429 643
266 807
485 332
286 162
16 840
474 841
326 222
492 37
913 794
457 592
459 353
828 673
208 474
260 163
651 216
400 835
504 555
49 379
674 283
527 239
583 513
274 182
792 644
540 498
386 841
206 601
338 590
134 799
279 398
103 548
694 187
412 705
550 407
935 810
365 595
536 705
477 356
99 529
124 793
666 517
528 6
450 349
541 543
821 736
200 801
147 359
113 192
404 660
756 673
760 676
500 381
224 470
594 602
656 474
876 240
734 836
509 36
127 629
311 760
43 400
575 774
448 847
323 621
729 498
549 876
638 494
879 928
371 898
203 797
536 601
539 711
21 612
577 678
91 229
616 860
374 636
527 869
927 640
342 160
317 621
643 677
695 740
920 166
203 234
681 859
645 247
830 907
904 876
284 448
709 50
858 329
750 806
143 787
639 884
312 18
435 793
916 41
167 11
847 164
246 791
150 865
176 124
45 427
564 80
858 655
429 358
225 506
110 101
933 368
556 114
845 462
810 176
404 191
333 239
338 668
495 454
419 221
279 777
800 689
773 726
759 917
267 660
435 141
55 358
205 618
149 237
408 831
878 160
333 312
653 823
802 540
177 732
430 766
450 606
253 36
220 105
603 482
882 625
734 173
367 604
785 9
499 418
11 295
852 169
706 844
249 547
564 168
638 147
910 468
107 685
531 468
297 561
458 866
646 889
792 126
829 284
527 901
171 11
338 354
260 289
853 892
584 480
417 449
933 814
392 33
419 841
459 276
807 646
31 810
305 399
162 583
725 110
366 784
790 77
402 736
389 295
142 536
666 878
734 592
607 185
516 898
222 530
405 18
446 354
409 522
869 270
49 72
635 922
768 538
144 159
935 934
93 799
447 504
242 465
596 512
6 451
724 490
10 373
393 587
5 40
450 217
595 360
524 813
329 920
569 343
440 95
166 206
295 340
513 67
761 107
816 133
397 141
891 270
743 547
912 606
69 108
734 285
94 555
789 521
21 639
444 731
53 209
28 282
595 389
213 786
180 878
806 691
589 257
465 56
221 847
433 476
520 567
722 687
482 456
156 470
683 709
176 258
602 546
841 426
470 361
734 63
837 392
203 110
3 93
118 351
355 187
284 883
700 78
467 8
893 817
639 230
129 714
364 59
808 76
129 430
867 491
675 368
926 433
364 52
129 708
143 100
184 107
330 387
513 544
419 291
86 339
779 145
302 703
274 921
864 636
858 442
342 283
162 712
681 323
875 293
236 601
284 470
277 899
422 675
333 519
100 790
887 794
315 765
51 362
611 261
398 253
915 469
844 405
115 808
773 452
595 211
284 842
473 190
103 807
642 431
291 223
805 660
221 599
664 397
592 695
663 538
27 372
634 493
9 691
371 292
691 427
638 102
835 166
607 910
659 146
460 572
631 917
863 775
220 880
666 631
648 470
558 569
614 596
580 622
274 184
247 41
857 269
397 775
469 394
619 931
471 506
390 415
220 77
582 344
424 688
741 456
744 370
384 403
890 120
306 206
395 900
87 202
653 407
750 179
381 788
402 530
371 354
712 900
793 76
767 350
578 96
63 45
525 242
88 926
232 103
693 555
797 196
568 54
35 378
716 214
767 615
520 441
32 520
280 413
814 240
374 118
376 913
929 48
779 389
568 421
434 708
698 66
185 877
62 173
369 598
915 670
180 753
317 665
882 549
288 476
750 203
155 224
94 858
232 570
645 843
116 21
632 742
688 195
444 540
193 110
232 223
931 133
747 672
324 58
397 231
754 104
701 270
592 537
329 512
372 667
925 155
156 901
806 611
267 593
768 661
15 407
879 866
54 452
934 545
518 10
278 400
39 919
100 45
71 332
191 653
105 62
110 788
625 720
475 92
384 578
22 478
633 650
230 520
301 568
486 742
178 175
643 756
862 662
757 766
539 106
668 660
580 926
333 494
482 240
449 29
568 85
253 133
235 390
404 566
522 783
35 656
77 557
694 646
902 550
10 272
161 151
467 36
35 83
846 298
107 576
633 82
626 189
644 694
810 730
405 358
540 487
815 581
744 645
598 224
356 715
305 18
507 58
348 33
588 321
237 109
365 56
437 347
57 690
185 175
443 140
542 648
745 540
28 373
873 637
213 388
858 414
739 407
107 283
531 406
309 619
679 781
257 541
554 797
630 639
206 854
852 557
194 326
817 8
266 798
486 872
748 91
752 772
489 674
879 702
437 386
404 128
479 470
561 3
299 628
446 621
466 841
505 354
322 888
289 139
36 609
568 667
291 270
555 240
369 421
496 555
65 763
640 372
923 853
502 731
301 921
512 173
362 204
306 881
698 546
201 202
882 894
724 325
559 307
724 687
898 650
842 676
277 798
38 551
644 902
259 749
538 567
923 524
286 651
890 484
551 799
257 74
558 642
904 101
295 766
262 229
328 178
585 398
767 71
306 665
879 227
420 800
311 253
4 881
497 97
751 479
122 638
121 750
631 403
803 336
685 76
515 730
290 558
147 468
220 851
385 351
855 175
171 426
635 641
778 299
246 152
502 310
656 8
903 680
397 804
374 114
659 36
200 330
515 318
20 640
592 1
594 720
560 917
282 202
138 375
799 547
466 757
290 698
303 816
215 359
364 552
642 528
516 381
657 811
316 860
265 671
377 185
603 646
343 387
74 917
284 598
644 86
864 543
442 714
214 755
816 658
601 604
283 605
267 368
597 926
305 456
786 822
401 348
156 418
38 139
918 191
810 269
297 214
575 527
634 201
465 319
617 458
763 295
546 919
450 374
913 12
17 215
825 866
421 506
483 895
920 405
594 788
665 892
466 538
666 886
65 546
746 542
652 579
656 511
731 24
876 602
679 372
838 106
491 764
937 896
404 222
18 36
479 699
764 868
48 350
545 476
339 13
140 477
765 377
603 66
454 560
174 186
918 89
212 23
595 316
706 64
196 836
831 804
823 340
879 427
700 340
316 109
634 208
210 117
172 700
788 671
875 294
838 430
90 792
271 845
719 579
44 236
743 487
690 241
19 763
112 1
879 461
839 784
20 515
237 808
776 710
449 790
847 261
905 88
117 24
440 370
792 571
432 336
490 503
105 769
235 862
911 889
490 669
326 892
847 473
661 439
488 667
385 305
60 259
139 755
359 891
886 324
778 373
63 461
157 738
635 219
858 913
909 819
823 24
417 128
203 198
257 383
336 907
82 163
318 320
100 659
15 885
307 164
824 122
201 828
555 864
679 723
646 569
228 536
121 117
708 223
818 510
170 96
414 838
530 839
491 746
365 311
202 81
460 664
99 704
264 591
924 919
816 808
232 490
412 163
571 451
342 36
8 195
116 926
516 118
257 796
167 139
830 473
498 862
353 638
246 640
262 728
771 410
432 688
287 104
23 109
473 36
859 930
863 836
696 70
439 189
186 899
133 717
65 896
281 7
561 770
264 414
126 794
251 676
603 395
803 134
107 757
509 740
554 273
516 737
424 826
493 704
900 832
336 529
709 563
924 224
375 799
409 618
274 816
454 863
474 252
238 13
130 106
441 314
132 410
116 681
580 758
616 711
603 831
233 56
450 558
194 614
626 513
219 253
455 323
819 657
739 216
390 877
661 505
65 397
28 311
546 350
86 655
675 363
285 640
35 629
307 504
400 182
680 179
547 185
167 273
315 392
313 798
391 55
356 875
486 686
488 25
876 98
379 873
625 873
516 744
617 357
432 781
21 828
608 628
263 542
561 916
29 555
28 898
353 854
343 463
290 185
897 394
519 688
132 820
480 106
777 844
473 299
617 858
263 142
229 895
766 783
378 84
625 57
280 326
69 818
935 845
516 433
131 853
524 573
25 826
366 138
324 287
143 432
4 451
827 352
242 896
23 5
499 476
210 442
580 403
484 658
768 525
641 305
295 823
734 75
167 461
666 299
580 240
116 83
751 259
854 359
669 889
211 138
47 197
500 542
712 890
303 730
750 682
897 387
630 470
152 145
279 242
620 688
446 104
247 770
457 521
285 737
87 693
806 823
404 4
419 70
55 353
58 199
349 409
707 763
541 464
682 100
766 897
642 156
648 699
592 392
294 63
810 812
478 381
780 150
441 231
514 76
251 254
277 187
883 788
719 442
774 494
332 341
649 109
578 29
720 335
446 725
690 866
68 197
251 367
767 398
264 582
549 4
458 143
629 425
42 501
722 70
284 707
45 872
279 769
50 373
51 577
430 663
931 795
87 690
454 526
716 373
221 167
756 409
574 160
26 506
462 179
281 421
564 563
620 422
124 323
770 68
461 627
588 191
878 538
575 559
592 58
810 560
112 868
278 220
580 820
651 627
928 535
581 693
132 932
422 484
933 837
712 878
603 217
294 897
207 608
852 619
282 2
147 640
868 700
855 608
658 476
327 380
570 752
37 537
112 824
366 604
933 645
210 800
515 824
531 545
229 874
471 714
912 36
234 359
659 135
500 536
38 367
681 6
259 629
790 406
153 128
389 303
337 118
501 101
467 301
875 344
588 197
539 163
641 747
90 403
606 216
471 530
16 888
168 451
918 546
280 829
911 725
173 387
892 599
322 318
857 870
108 838
43 67
523 718
275 441
573 98
385 521
96 927
776 476
32 845
228 127
318 507
284 313
832 373
103 354
49 733
659 872
553 315
128 341
647 602
682 465
828 16
261 7
444 854
211 581
488 649
855 163
894 458
346 292
898 66
365 414
607 638
404 452
338 193
777 249
228 715
389 227
889 714
536 418
709 388
31 555
347 586
644 493
236 602
366 601
774 576
61 214
742 468
209 453
464 768
285 120
694 513
434 922
476 742
883 350
847 785
371 114
561 486
143 791
211 166
636 784
789 530
252 124
91 371
309 296
906 483
402 272
535 533
478 63
922 36
260 707
365 690
585 659
390 481
127 101
53 238
716 354
592 587
57 235
701 221
903 769
762 853
580 623
389 679
908 921
339 187
767 332
473 27
809 657
458 449
277 907
317 50
371 202
151 109
192 98
101 104
302 566
391 724
345 811
525 793
471 913
477 115
623 70
708 798
128 742
121 45
411 74
67 169
692 550
624 751
513 109
536 160
847 911
386 800
232 722
560 209
688 299
697 435
263 224
85 341
712 599
677 689
219 633
454 63
348 598
771 222
348 456
663 899
831 493
817 794
930 46
837 934
417 544
206 418
128 28
257 514
630 531
14 147
14 834
347 430
633 164
544 345
11 930
194 478
32 45
34 173
308 827
572 797
153 59
183 224
151 927
538 163
702 62
427 818
304 428
583 412
301 789
506 658
541 604
363 330
606 410
327 175
516 499
384 724
168 726
650 781
754 434
523 355
853 606
748 754
654 609
608 76
915 430
491 430
278 824
183 620
202 352
124 455
137 807
923 384
763 720
334 930
71 561
800 937
288 47
182 684
550 609
424 874
385 484
349 811
704 273
99 156
264 8
746 571
825 924
212 463
212 130
512 393
255 853
625 494
2 241
365 683
403 703
459 809
260 553
807 7
797 424
871 353
526 388
856 134
13 463
764 813
200 127
695 521
85 902
589 337
204 484
576 5
577 137
221 729
635 840
443 913
174 162
858 492
534 402
797 499
473 602
200 643
920 799
517 842
332 277
761 160
287 166
669 468
906 934
889 742
230 441
150 128
656 705
653 849
771 431
697 462
365 4
681 4
612 885
773 97
479 64
210 33
651 112
88 851
807 525
531 668
859 926
751 386
329 623
880 617
809 789
369 459
57 391
589 203
214 176
933 287
618 654
908 305
268 766
64 638
659 320
454 716
364 23
440 68
275 660
265 24
757 536
207 598
25 893
575 838
148 388
152 79
617 125
322 575
838 252
139 355
129 658
631 233
296 723
208 885
583 112
119 538
806 732
622 596
84 681
379 329
344 341
92 407
895 330
349 77
201 346
916 695
221 354
647 506
740 552
502 79
249 472
174 391
608 123
785 546
219 679
272 507
626 374
143 452
655 874
439 865
151 486
173 362
686 361
143 684
875 679
141 268
435 92
272 522
752 124
564 817
497 96
885 23
151 168
246 110
672 113
90 663
342 270
503 629
547 540
144 826
513 668
92 896
395 662
682 310
701 677
188 403
438 808
631 399
852 890
63 773
174 287
493 648
638 789
217 543
586 688
588 199
589 207
809 758
235 514
735 335
151 398
906 423
856 695
595 471
585 914
766 484
574 253
254 216
383 231
863 476
614 732
591 566
647 181
696 850
651 190
524 128
200 421
860 463
416 146
836 606
473 794
424 545
143 265
332 913
865 660
332 410
43 600
744 763
183 421
484 865
527 826
619 422
306 471
879 609
677 423
183 490
719 153
812 26
170 621
746 58
687 64
450 605
798 662
85 6
89 224
307 857
417 102
718 878
312 833
404 815
477 399
385 768
509 221
357 702
16 394
491 357
915 263
439 392
811 227
563 520
436 558
116 605
482 96
302 463
117 23
250 433
821 6
470 92
792 781
724 688
438 832
257 500
683 45
313 714
334 860
188 676
45 776
603 271
268 135
137 511
694 687
534 907
556 747
165 435
214 586
257 357
60 591
385 787
647 463
905 124
709 906
687 388
162 819
876 118
768 919
89 337
625 306
607 230
221 423
349 146
247 747
258 841
903 737
561 477
504 688
529 52
378 642
571 152
571 593
110 79
132 856
646 27
61 537
904 27
244 292
887 472
194 561
417 937
635 128
431 54
369 363
550 733
293 742
294 127
556 812
722 580
461 432
135 793
209 866
651 24
124 884
655 327
694 125
914 648
706 813
934 719
478 624
918 629
722 727
228 650
892 611
172 692
161 76
69 784
108 877
605 425
492 716
769 910
739 667
403 197
920 89
10 795
612 305
118 723
111 392
712 283
217 855
212 867
680 602
113 786
81 678
247 623
200 206
32 205
550 521
362 850
312 451
47 653
724 864
539 318
761 847
62 336
883 183
561 176
337 731
857 804
216 468
801 930
658 160
271 421
879 440
316 567
6 74
7 344
870 277
763 675
196 407
651 801
893 720
806 749
315 160
807 843
367 334
663 653
257 881
116 571
713 155
321 469
218 406
840 130
931 662
91 280
879 739
917 599
43 714
259 350
57 89
417 249
364 788
683 186
395 654
213 139
841 229
52 783
127 373
934 272
493 64
419 805
494 668
741 351
81 326
482 299
542 469
853 475
817 714
378 256
927 846
807 545
343 23
825 199
326 46
782 827
257 328
773 47
188 78
927 145
100 312
120 33
726 1
728 724
490 36
38 885
510 250
274 547
369 265
497 359
308 97
338 805
797 511
563 526
816 241
328 562
771 573
95 67
461 628
378 525
483 739
564 397
529 755
489 462
162 508
308 67
123 455
184 81
17 398
2 661
263 225
95 208
553 897
93 552
482 544
798 145
11 193
359 351
86 509
166 92
180 5
151 160
1 352
129 427
93 922
292 766
421 899
202 351
62 33
852 172
454 813
323 192
235 543
90 253
713 899
20 582
592 663
646 547
666 229
460 356
244 393
520 544
890 273
764 704
543 756
446 868
158 857
200 660
175 46
928 447
737 853
111 742
327 890
867 502
209 362
603 166
188 198
490 463
843 58
209 196
809 433
129 13
647 28
761 405
320 616
249 233
360 420
379 55
35 610
768 256
393 124
882 281
748 249
558 914
903 376
869 883
121 781
603 401
911 456
344 834
120 406
558 876
536 470
824 475
491 845
744 345
36 781
820 243
535 13
928 53
213 53
17 935
325 102
842 80
326 193
458 140
630 302
387 351
32 425
83 5
621 851
162 581
628 827
782 64
368 145
810 645
365 271
61 82
538 753
246 749
635 437
288 358
682 467
300 442
396 217
490 652
112 150
75 794
511 429
666 651
282 348
761 724
796 794
651 626
694 430
263 872
158 141
217 599
51 352
641 722
786 272
630 123
336 766
134 138
246 399
85 925
212 192
806 153
15 532
396 63
692 407
474 209
348 768
573 217
421 604
612 426
575 352
836 54
873 442
746 72
32 315
657 787
912 37
821 544
922 56
28 41
516 431
221 206
921 678
667 781
462 801
301 7
563 844
438 389
898 517
783 41
768 937
401 283
148 849
19 587
293 168
920 20
267 341
79 891
722 685
589 321
662 237
410 890
277 727
450 254
696 571
583 545
125 682
327 743
255 411
434 901
129 914
512 377
701 599
25 238
207 167
281 148
378 576
834 899
165 579
405 277
126 269
290 920
805 862
471 883
685 92
130 70
535 608
800 799
875 775
633 498
365 213
561 45
285 715
54 18
220 193
754 508
478 824
151 571
153 136
579 164
483 27
603 885
250 175
261 874
396 929
474 596
556 506
811 770
221 531
317 582
22 489
869 24
247 270
500 605
210 643
304 187
379 721
338 321
603 911
879 676
509 665
662 833
764 2
167 119
630 117
697 193
775 372
534 147
284 836
780 833
219 862
103 410
88 348
397 441
570 746
524 117
50 258
168 148
902 308
777 144
794 798
762 875
870 504
29 696
820 786
180 516
90 499
537 650
681 813
624 649
687 610
402 112
672 627
820 596
584 757
567 866
143 412
792 855
315 421
489 117
136 388
857 188
398 874
566 227
56 413
440 594
97 759
900 786
650 717
257 216
780 307
691 261
212 221
450 749
747 81
914 92
706 856
124 721
385 192
75 312
478 632
652 680
669 710
138 392
213 271
30 768
750 549
125 595
492 314
402 517
722 642
221 138
313 345
316 520
408 473
872 798
887 270
113 871
374 487
356 854
638 293
532 546
639 790
162 728
803 858
141 555
647 228
76 822
22 734
848 177
317 402
279 607
750 520
724 154
710 156
549 711
792 536
25 193
8 7
523 277
482 911
162 832
326 18
842 127
87 532
681 315
338 434
21 117
630 269
153 703
152 689
853 34
891 851
412 227
858 482
488 265
566 507
733 930
168 273
632 203
486 334
30 857
347 715
340 58
287 477
508 593
487 783
456 599
534 123
347 76
267 577
131 564
797 310
162 783
328 120
216 258
40 545
396 656
453 118
570 240
518 382
722 789
193 604
557 406
246 569
373 175
581 723
504 359
819 317
801 794
677 721
450 274
203 854
826 204
424 925
167 243
336 352
206 921
280 71
104 732
800 169
103 75
909 788
414 536
915 21
811 784
324 468
150 717
931 808
485 704
559 867
85 668
467 237
31 560
804 827
434 58
162 151
556 285
383 874
422 824
132 547
486 204
206 227
338 899
64 3
262 466
265 134
302 584
454 136
274 25
272 48
532 505
317 744
111 802
402 226
258 127
884 98
294 609
758 154
500 190
100 78
652 275
553 601
686 840
51 514
105 811
678 621
687 705
592 684
186 627
815 871
467 328
284 388
838 253
234 531
557 160
937 9
666 585
126 72
45 636
144 714
883 263
211 419
29 281
803 396
604 135
363 89
255 95
366 637
257 223
591 412
301 291
871 204
164 248
769 229
583 141
881 34
592 854
202 629
848 480
77 914
875 415
98 377
928 299
266 605
429 330
380 763
378 729
588 482
697 688
255 189
38 775
57 593
515 469
132 328
243 16
152 646
83 721
503 931
770 76
517 187
539 194
617 599
482 260
155 662
22 312
873 621
268 468
269 418
325 773
587 254
507 917
327 108
112 222
205 879
593 350
186 860
527 413
748 406
597 937
637 876
447 493
30 496
730 145
640 68
913 922
684 740
633 215
572 249
365 661
759 868
776 494
577 920
743 611
428 714
565 321
360 401
549 135
698 579
382 168
236 851
253 334
852 628
575 696
463 425
691 407
196 863
360 784
819 884
587 723
415 74
840 834
202 200
275 274
502 650
897 699
140 859
743 623
132 811
429 410
341 72
576 674
198 579
759 668
327 542
843 321
511 664
494 117
719 9
114 831
150 833
464 56
359 173
709 861
139 582
292 598
251 183
873 561
219 891
551 346
548 714
495 222
460 12
278 15
121 569
304 833
466 816
124 783
559 653
162 556
73 95
933 150
42 835
539 525
573 282
650 157
722 1
475 27
390 740
708 60
600 733
324 506
415 740
697 120
320 315
220 137
437 701
592 439
619 531
880 2
390 375
210 444
321 711
565 710
218 523
859 610
676 545
492 726
128 503
899 613
645 9
665 272
904 544
260 614
264 44
284 714
353 244
105 291
398 326
625 386
267 88
517 79
229 24
55 7
251 191
528 907
779 559
192 195
800 680
447 320
207 846
751 791
619 230
89 637
588 236
898 476
556 224
505 895
99 225
852 478
746 825
528 508
30 668
106 341
371 121
415 56
471 463
143 530
916 168
627 704
455 811
114 720
112 300
575 96
761 361
182 744
936 921
302 177
451 793
123 596
453 704
343 330
180 216
128 462
203 514
404 830
3 926
260 621
348 77
479 701
111 462
165 513
809 89
572 49
486 531
551 377
881 206
215 703
3 600
189 913
614 82
10 747
409 785
619 606
28 802
585 706
758 479
820 415
262 806
143 63
492 499
203 864
700 34
539 714
333 669
256 558
905 882
813 786
321 800
589 459
180 646
474 623
879 443
57 811
440 157
666 692
573 840
796 823
401 695
49 670
391 647
315 403
219 424
678 866
364 273
419 179
440 471
421 155
612 341
81 411
349 255
854 766
619 336
293 593
395 394
175 101
659 508
163 355
745 417
273 487
93 254
459 12
114 37
324 776
632 474
227 480
502 73
584 136
909 210
879 339
672 602
807 29
575 1
578 359
45 343
835 675
529 508
729 543
31 260
434 120
400 168
146 507
94 904
40 223
917 227
166 387
555 663
922 805
128 759
460 342
779 206
880 142
608 214
657 525
99 349
399 730
840 674
755 255
477 636
349 786
812 398
619 76
620 89
548 295
85 16
626 679
894 707
271 390
871 293
886 527
919 506
243 77
903 604
631 635
276 656
207 164
711 553
837 894
143 13
290 44
707 542
256 788
595 878
96 686
497 377
188 796
10 185
288 453
196 375
533 47
198 216
338 339
734 446
365 254
821 147
592 403
350 850
776 751
9 487
82 727
317 721
86 759
380 619
642 514
327 70
203 553
568 334
439 375
829 256
8 553
452 849
709 373
693 715
463 40
894 537
881 795
557 676
627 362
131 376
225 56
460 500
113 108
578 816
595 551
125 156
364 88
438 755
717 145
720 123
205 615
594 19
207 1
908 674
245 235
390 699
923 799
709 604
284 460
631 230
896 604
807 341
111 56
253 273
589 708
473 891
631 252
725 828
173 399
374 304
45 853
144 155
6 770
391 588
436 294
908 654
276 850
294 593
558 770
208 717
62 717
466 298
376 777
599 499
753 39
789 668
761 556
267 274
501 233
848 398
144 720
340 169
395 891
784 431
340 178
492 778
519 726
648 36
22 362
467 755
524 277
103 129
696 789
533 188
588 185
219 115
882 273
162 4
238 699
702 636
477 332
280 824
724 390
100 696
156 13
895 600
379 265
35 507
400 44
680 313
57 509
71 775
439 325
520 845
95 487
425 52
151 433
299 72
459 540
229 775
85 479
565 264
823 483
515 50
165 186
607 791
97 604
854 540
152 342
26 13
617 787
121 648
359 362
177 370
161 408
566 866
290 51
308 590
257 652
591 291
308 248
903 472
144 574
773 48
527 96
88 707
508 897
803 275
587 46
164 18
129 511
845 148
260 544
22 895
497 283
803 791
595 917
635 576
62 620
458 373
122 814
673 406
467 684
379 270
307 733
272 770
701 298
807 871
349 192
612 270
390 827
278 649
706 86
762 171
752 919
563 621
213 198
69 193
568 608
588 457
697 649
588 547
254 648
2 711
25 299
51 122
597 160
390 102
446 3
11 159
105 72
103 493
86 431
696 794
35 222
751 321
898 64
19 482
719 743
371 342
809 71
906 896
563 225
469 398
879 493
40 621
592 42
764 832
167 141
546 523
685 868
281 243
870 159
155 147
284 643
357 429
179 148
275 525
928 382
114 894
336 50
743 866
634 562
339 552
374 692
66 765
140 84
711 192
107 11
573 896
454 171
438 474
759 802
936 480
792 357
172 18
119 206
174 730
581 890
920 643
68 67
34 200
121 206
271 165
516 65
771 461
455 866
829 603
448 202
188 498
348 604
119 560
400 200
446 558
51 784
529 797
288 472
731 812
254 40
745 299
829 270
349 364
422 98
445 195
928 905
873 197
746 349
184 855
659 117
71 468
53 889
535 542
898 678
719 408
793 388
8 1
500 799
32 135
583 313
422 726
496 233
275 830
464 445
403 544
504 56
8 144
889 54
483 187
698 244
815 519
837 190
581 606
443 921
586 523
625 137
535 764
502 715
520 576
499 932
723 187
279 34
120 344
266 55
583 709
875 916
251 735
933 918
146 456
257 512
332 854
3 846
374 668
688 523
460 28
149 430
412 395
513 314
841 917
14 793
734 238
787 612
75 67
20 139
596 238
69 913
665 781
519 5
906 859
889 897
49 311
267 594
489 499
549 226
296 331
635 784
879 209
217 74
441 811
723 668
741 261
737 755
496 661
581 876
502 485
14 660
469 413
436 701
246 874
789 452
440 696
936 733
439 79
486 917
759 492
45 521
299 793
898 667
356 862
585 620
802 250
566 67
625 674
414 673
843 785
515 204
345 699
661 608
666 826
903 96
480 499
870 678
501 834
928 491
287 447
502 339
584 446
933 725
45 473
317 679
505 270
780 605
408 522
816 785
176 550
836 135
581 543
128 222
349 426
328 587
383 325
511 646
459 886
69 333
795 240
652 487
597 68
871 917
709 922
855 833
859 863
507 610
790 896
754 481
112 854
617 590
155 667
102 715
910 932
848 786
15 191
643 766
185 237
194 598
558 394
336 399
282 608
300 141
304 373
314 849
51 660
93 755
587 269
329 621
592 584
709 395
149 661
810 906
880 554
522 688
11 668
570 245
31 428
514 736
453 917
769 168
308 240
890 175
647 214
540 12
583 481
64 919
11 749
433 392
898 428
217 862
773 304
698 545
485 95
790 113
149 59
154 261
795 102
232 442
281 410
529 650
85 223
748 625
895 145
235 917
198 27
875 141
34 326
49 601
724 778
638 699
726 407
485 742
825 198
125 251
721 663
53 861
771 30
627 517
94 470
715 727
43 442
278 114
121 620
65 60
150 92
564 421
500 89
909 180
527 581
481 704
43 721
218 594
102 736
167 853
612 489
632 114
762 320
247 406
854 442
267 771
69 56
382 636
490 398
420 153
437 56
773 192
96 868
614 332
318 793
868 662
852 305
525 501
304 199
12 136
570 27
309 240
609 76
2 503
234 915
594 397
906 57
122 674
249 26
536 609
231 222
285 919
382 413
687 145
527 467
788 197
916 498
459 377
886 672
861 403
595 565
281 330
374 855
857 708
566 699
642 488
164 431
256 461
555 227
186 457
761 9
513 785
759 323
830 689
580 249
145 388
85 161
103 572
285 697
592 716
56 106
186 440
574 353
80 144
105 347
897 668
615 417
632 471
121 869
748 615
170 716
754 208
644 362
73 441
188 576
65 554
615 107
928 931
817 507
29 506
161 127
472 137
842 148
400 107
847 549
924 120
635 302
777 642
602 531
851 676
165 788
671 58
488 692
220 580
569 544
551 592
391 85
882 50
590 323
885 231
80 914
924 819
687 273
800 769
392 537
610 382
116 179
697 127
471 636
519 600
755 433
666 675
115 475
903 850
424 106
562 336
321 147
504 429
710 344
929 860
181 785
752 409
895 355
839 599
196 269
771 484
241 337
233 929
434 398
687 636
307 898
228 169
548 79
640 83
487 749
787 292
282 261
143 810
609 463
701 289
758 306
77 637
923 350
236 410
466 808
231 406
486 922
751 862
420 807
440 40
495 920
441 849
287 270
423 684
121 339
247 936
216 922
302 120
694 115
736 368
75 891
767 707
757 422
577 576
518 926
462 872
29 784
85 243
294 622
253 668
126 410
625 892
41 373
441 799
472 498
687 650
572 934
48 225
69 596
620 100
14 32
472 688
751 531
547 5
499 833
168 538
541 337
509 191
475 766
105 436
69 139
624 809
460 343
214 646
628 670
534 933
539 304
761 845
777 208
501 586
282 452
38 505
569 885
909 809
69 28
213 259
713 774
153 501
53 664
447 775
437 889
666 110
260 393
511 914
745 916
228 261
84 2
746 269
485 231
638 823
183 596
70 510
509 737
202 117
572 852
519 319
115 342
758 70
376 196
821 638
564 336
563 84
286 749
492 494
289 53
128 731
278 922
318 715
849 775
539 408
20 936
679 487
688 674
29 11
280 746
553 913
348 608
867 812
131 849
616 892
347 638
564 762
12 609
161 919
281 187
274 197
242 337
553 793
45 593
852 167
378 638
94 900
284 110
416 926
634 786
504 711
828 152
522 381
274 503
150 313
830 634
686 656
525 216
122 311
548 241
189 277
908 605
393 507
170 219
762 585
405 656
212 306
500 677
504 566
211 682
530 926
893 922
239 237
614 520
19 18
348 932
258 476
42 401
317 265
635 882
320 660
29 842
38 441
360 884
22 551
564 518
638 330
641 404
38 173
467 21
385 394
741 540
859 417
118 896
709 739
35 272
233 269
68 775
15 845
236 315
199 705
594 238
692 312
776 298
704 775
748 454
10 335
448 358
810 591
307 630
15 425
454 844
661 359
477 80
280 532
707 930
870 466
489 148
323 598
436 899
87 267
363 258
588 300
216 358
718 621
220 872
612 621
774 276
207 445
464 314
728 204
702 72
565 689
2 382
779 356
108 649
680 331
625 324
381 667
352 736
332 449
314 145
340 451
686 126
203 332
300 282
584 405
820 94
17 788
414 790
306 903
861 801
729 72
420 620
274 531
684 363
610 110
703 291
815 357
810 416
467 126
328 398
547 760
935 519
641 440
747 318
3 341
737 279
645 230
80 67
80 392
771 281
444 175
695 636
746 79
673 730
674 237
606 874
803 412
692 769
453 192
71 529
47 481
627 311
539 681
886 512
336 295
779 781
616 505
563 146
191 765
910 304
624 932
414 579
218 320
290 597
692 8
102 224
558 76
745 880
173 82
859 767
858 295
696 566
126 441
506 930
503 579
384 279
883 341
114 247
774 419
595 201
79 344
264 247
214 753
288 237
861 261
391 455
57 109
662 361
934 63
422 407
59 60
482 47
264 326
105 70
513 336
217 887
551 174
111 557
534 279
426 839
831 499
69 152
672 434
644 274
929 367
198 185
565 550
911 733
589 754
459 111
810 797
384 108
652 854
424 373
246 222
926 667
32 27
631 205
87 48
894 885
59 359
570 535
256 366
516 200
684 345
121 218
5 312
371 677
541 705
764 751
926 298
444 627
396 81
542 326
737 289
42 937
459 845
759 804
481 757
407 229
890 155
357 581
565 385
833 399
167 382
843 613
51 720
266 567
115 799
796 799
890 932
669 611
619 15
734 278
694 32
59 738
697 618
419 207
380 650
496 144
224 117
573 893
333 504
84 74
172 493
816 926
707 877
319 752
659 23
748 115
161 79
181 4
681 446
17 100
684 54
791 33
116 178
817 113
230 325
81 537
266 281
61 696
329 910
656 788
679 289
457 610
114 120
117 823
426 499
371 603
172 19
154 514
484 269
781 273
748 836
68 537
622 160
235 366
905 869
860 749
187 604
721 305
351 833
651 432
562 640
564 260
873 910
607 392
909 888
389 921
14 307
886 214
554 812
21 136
496 348
442 191
902 921
11 1
138 225
33 618
677 860
107 697
307 340
924 903
59 503
920 915
862 418
477 878
614 136
282 929
688 740
84 188
313 788
506 662
184 824
234 665
751 481
140 40
826 453
745 726
646 663
594 92
6 685
561 109
64 899
466 414
249 854
537 145
321 113
900 739
751 781
572 497
844 827
205 78
831 851
560 163
389 263
279 919
907 470
322 151
751 250
197 175
588 222
642 921
750 388
576 179
494 726
460 297
57 865
49 786
263 387
585 879
632 359
69 298
507 475
453 730
235 389
509 126
825 486
112 712
757 610
432 915
143 890
833 178
9 157
616 755
266 251
138 692
140 298
713 338
882 272
401 475
240 18
517 392
792 665
208 178
733 399
9 673
301 931
493 295
90 197
254 925
20 590
147 120
402 400
683 90
573 791
8 925
78 672
635 766
262 22
635 836
675 292
436 813
358 499
572 383
292 483
844 102
517 793
119 438
247 168
31 17
469 222
271 550
902 818
678 375
644 803
828 730
186 243
577 320
616 293
376 321
727 505
584 236
727 342
803 337
734 341
132 698
78 224
386 661
720 740
405 354
557 549
613 600
744 649
366 19
263 670
86 594
359 272
401 356
896 671
858 864
709 803
383 864
276 46
721 292
6 115
934 787
389 671
264 703
490 775
568 859
271 885
631 695
19 160
353 200
923 196
887 655
636 192
66 687
875 207
820 15
744 884
469 530
582 700
734 717
682 796
493 214
384 822
131 290
573 623
612 169
832 26
540 331
264 129
698 648
446 802
675 11
696 847
73 170
496 256
59 139
573 696
560 692
812 733
137 83
357 61
467 13
88 425
779 143
753 48
842 254
712 192
392 354
457 461
297 232
387 545
291 331
474 227
929 451
116 203
75 408
94 388
719 462
131 81
477 442
116 110
813 448
924 536
102 452
815 426
157 175
196 521
20 532
234 618
91 239
571 242
917 567
517 82
424 319
632 4
776 489
723 431
762 805
338 294
502 679
208 423
176 431
692 517
568 523
570 454
291 228
309 205
419 773
4 202
493 79
443 468
465 124
800 185
599 296
32 728
416 13
509 288
915 37
203 640
118 101
882 605
238 426
581 223
499 899
579 455
38 7
376 107
313 330
846 368
844 84
129 854
830 3
173 865
580 783
621 195
86 304
376 655
817 913
391 67
282 510
454 887
771 411
207 195
709 634
376 841
871 475
711 590
639 189
416 149
343 415
260 445
898 456
129 624
719 245
388 654
43 918
353 623
697 555
282 488
581 244
926 394
875 404
837 800
297 421
14 931
236 74
115 901
37 578
49 568
645 328
153 522
870 688
118 930
29 136
712 716
324 156
308 117
916 11
423 175
186 296
14 702
316 449
882 897
381 26
856 641
301 681
50 606
472 138
588 387
625 399
2 797
810 222
691 715
364 353
761 191
172 922
323 628
688 536
360 607
859 781
107 544
185 814
457 561
791 794
881 254
128 693
137 691
873 121
817 676
889 849
268 373
752 523
200 674
238 293
275 285
385 429
95 270
112 356
562 708
379 170
423 199
447 59
360 467
430 922
234 123
90 337
532 296
533 336
94 377
612 788
683 204
666 140
392 850
561 466
429 855
251 795
158 639
218 738
586 871
128 718
456 715
825 403
112 349
239 383
791 674
614 96
763 488
61 396
264 189
498 891
907 718
466 552
413 814
378 752
17 592
643 507
897 468
57 183
807 260
649 411
758 791
759 159
211 591
84 834
571 469
712 501
166 89
287 698
107 723
364 133
416 409
360 200
421 346
369 537
903 273
464 153
620 657
412 68
709 759
928 189
325 675
218 815
776 337
96 52
386 479
845 108
428 403
250 351
251 327
626 864
520 223
682 503
462 851
495 238
163 341
81 305
211 104
227 296
361 699
909 610
532 533
21 466
807 102
774 288
689 618
854 530
837 117
665 342
576 739
143 613
809 582
347 515
809 492
186 911
558 636
150 761
619 233
457 484
585 117
821 380
467 936
605 106
626 433
133 342
404 380
6 919
43 667
134 173
908 669
49 176
65 269
824 778
896 407
553 173
402 689
224 373
503 522
568 752
557 483
614 75
10 656
873 451
11 124
378 73
396 485
753 899
682 820
221 88
647 43
887 344
707 411
212 539
129 521
803 472
359 238
514 179
435 307
898 18
661 566
4 292
133 818
760 826
444 35
389 787
784 704
106 27
159 23
14 276
74 663
790 362
577 832
773 520
737 921
810 783
407 798
871 341
221 104
31 914
21 123
589 122
718 760
244 650
885 388
460 900
704 658
197 273
860 629
533 202
584 795
288 328
252 633
171 290
682 738
85 718
920 196
821 759
99 323
335 354
45 334
635 844
393 200
583 749
30 759
323 395
287 657
218 383
933 25
292 407
239 445
440 173
112 247
131 742
835 649
687 110
429 423
816 24
503 729
205 451
551 853
275 422
168 609
217 470
171 578
405 567
710 633
446 157
725 749
708 653
503 259
768 688
473 353
928 633
608 484
771 80
313 643
632 53
813 160
209 367
585 203
657 723
322 499
264 199
810 8
589 441
185 851
527 710
496 418
666 457
760 292
649 842
136 222
300 831
689 483
284 513
446 560
158 677
820 168
345 930
810 285
576 769
832 187
79 173
136 173
9 929
524 443
150 191
469 610
294 313
589 155
709 774
167 574
99 219
42 187
116 166
320 836
338 351
502 33
799 688
286 152
125 400
108 766
825 586
770 784
418 445
219 705
203 33
424 503
116 213
213 514
447 367
31 730
297 201
656 801
732 930
694 745
332 596
695 576
807 736
421 406
386 152
371 330
317 363
437 748
502 277
632 50
225 392
852 157
602 693
234 465
551 1
356 544
682 269
477 927
630 207
310 233
579 501
390 323
916 833
47 413
801 326
472 663
108 272
531 480
806 524
852 122
679 349
573 528
920 770
181 606
579 34
764 158
779 149
177 487
196 5
396 58
17 480
751 469
1 430
915 315
592 791
132 558
243 866
496 534
43 65
576 295
687 338
526 99
319 712
13 884
171 637
337 425
706 901
272 135
556 238
937 922
913 770
376 480
666 475
8 311
706 178
264 752
496 764
48 552
820 577
61 148
786 689
182 265
682 187
683 315
666 657
574 318
460 317
807 16
634 13
495 305
652 41
194 772
908 387
912 369
288 118
344 851
454 807
735 178
792 81
242 56
918 657
150 474
35 241
625 136
867 510
265 247
298 727
379 586
875 705
90 523
920 765
509 408
396 650
176 399
883 663
772 95
918 426
868 542
924 97
32 309
578 672
697 69
55 157
363 654
244 487
846 109
874 668
722 199
248 931
700 403
232 353
714 640
325 828
879 175
454 911
311 818
666 815
404 890
369 552
563 456
44 289
792 309
339 295
105 675
694 89
282 316
326 611
728 510
841 699
848 853
347 358
296 418
779 536
486 70
466 277
854 298
639 607
875 710
698 664
731 521
718 735
370 258
264 445
705 109
743 184
873 425
379 909
62 788
780 685
473 929
55 154
184 428
238 739
405 650
497 464
446 422
577 670
427 531
580 619
597 133
182 88
174 252
162 787
643 326
695 273
401 266
4 270
243 334
850 794
914 662
192 102
780 228
836 473
801 361
31 34
380 640
90 167
381 484
806 126
198 823
641 153
224 545
8 718
815 717
279 362
138 650
927 228
215 310
91 419
697 230
803 87
509 512
311 553
204 498
86 178
460 529
99 211
797 536
928 873
379 457
103 936
375 377
694 757
515 741
817 18
205 898
20 492
25 799
835 289
691 36
50 484
195 670
417 657
608 176
383 120
904 877
846 238
206 148
869 55
221 388
710 147
531 658
467 104
734 21
717 67
936 929
846 793
354 148
762 777
55 81
503 501
395 468
622 192
47 452
779 127
813 148
898 485
676 109
722 33
61 27
462 476
420 68
817 646
857 497
30 693
620 640
29 705
542 223
809 412
665 391
867 658
307 311
634 804
599 794
430 451
17 667
185 567
437 718
141 838
936 48
171 516
759 415
923 206
779 535
357 646
304 542
526 409
277 811
566 240
74 786
460 653
404 134
259 198
557 862
544 451
174 642
140 67
489 506
456 312
625 667
310 248
644 691
386 658
264 233
722 613
827 874
100 209
690 634
622 195
114 223
400 545
928 253
275 845
720 505
225 240
829 612
649 921
337 79
136 889
671 358
395 593
3 335
767 178
877 483
494 510
828 233
166 448
115 366
614 670
635 913
709 72
105 324
235 728
713 517
550 145
860 428
402 788
898 689
683 429
607 812
379 352
44 591
353 101
562 579
869 581
194 351
580 497
857 760
894 386
236 198
248 122
771 562
511 283
369 88
280 488
888 215
597 646
138 416
598 673
340 228
267 723
824 703
163 611
329 333
202 197
541 317
648 930
294 701
540 189
541 218
9 547
817 769
286 893
527 929
17 834
263 373
452 407
862 48
865 508
645 929
387 506
725 581
337 270
663 822
249 23
893 5736
440 422
697 2
722 742
119 90
428 861
378 336
341 76
774 865
739 889
207 695
65 154
630 509
565 334
783 315
571 769
754 441
412 655
736 831
667 387
230 553
714 874
625 317
259 149
563 67
516 331
535 505
719 253
767 193
823 339
1 280
642 3
93 803
555 767
756 443
817 265
226 752
103 556
530 853
642 123
356 111
683 398
872 453
94 590
160 176
207 794
289 397
697 504
237 463
386 545
16 343
308 270
882 663
377 293
322 510
94 138
706 280
445 484
526 55
695 788
188 74
744 618
382 784
681 95
226 356
793 678
61 406
547 499
69 123
25 509
816 464
27 667
747 232
344 692
296 567
651 383
396 594
357 227
324 508
271 663
58 192
404 52
171 355
724 637
873 93
584 8
177 726
249 377
94 554
189 494
530 490
624 529
786 768
290 595
493 488
413 785
497 445
100 878
156 8
750 160
645 92
302 401
434 313
874 891
819 150
65 415
735 106
810 319
249 234
79 726
151 229
597 21
100 723
818 866
634 10
835 785
433 337
549 99
883 745
637 810
819 293
268 101
16 470
456 285
610 482
280 619
463 506
654 401
95 58
232 755
504 120
323 732
306 402
110 756
845 639
629 216
788 737
456 74
112 732
278 647
400 222
447 308
452 158
200 79
148 247
436 682
405 881
570 123
812 460
816 490
528 730
214 205
110 18
497 127
502 712
540 740
125 704
627 642
800 441
247 173
673 446
857 137
687 135
240 133
39 737
42 135
759 54
445 74
434 172
95 303
528 608
681 6
538 441
303 803
421 660
10 705
887 545
362 188
89 540
644 700
882 48
419 28
383 727
353 768
328 194
827 248
776 682
380 686
197 800
555 658
718 322
497 590
813 86
447 296
528 202
124 683
751 510
241 466
168 856
461 205
596 840
676 560
445 569
376 650
360 15
797 437
530 528
275 87
657 659
177 841
223 154
192 614
806 143
463 600
602 416
450 708
888 496
458 203
578 200
142 289
757 870
61 175
451 815
89 350
809 181
425 700
874 597
414 426
93 239
650 834
580 647
687 173
585 879
178 431
89 632
642 510
258 503
685 316
360 568
687 274
410 298
399 858
663 261
466 5
419 137
576 260
483 858
118 190
233 167
571 27
443 396
780 773
565 553
694 199
354 836
855 304
710 605
827 339
294 784
314 501
506 605
566 175
551 825
475 682
494 250
591 520
631 463
208 47
146 365
365 119
419 803
424 599
778 358
378 258
221 856
789 614
96 771
872 228
450 774
424 373
743 836
47 829
359 639
293 245
307 32
381 175
563 275
674 648
674 370
71 216
364 102
662 512
191 707
866 83
26 282
303 874
549 78
62 711
235 241
643 22
597 707
30 166
124 815
110 878
743 238
883 31
288 878
387 626
390 343
509 69
349 700
262 285
698 831
861 257
555 730
414 123
828 573
872 757
559 812
142 528
533 457
309 97
203 546
267 565
640 9
53 108
845 448
405 687
322 31
864 710
213 487
289 319
590 479
179 344
414 721
467 469
113 381
579 616
692 137
35 646
715 24
697 757
644 20
452 549
616 626
636 621
349 220
581 401
1 421
724 111
68 395
420 264
581 179
400 852
135 244
504 488
555 681
617 880
380 762
534 437
774 356
353 566
33 688
452 302
695 226
116 851
579 349
797 654
530 779
107 880
294 392
24 92
411 620
113 844
336 45
233 699
418 479
123 132
750 99
555 19
329 662
146 452
184 239
332 287
243 652
645 191
403 700
170 337
208 676
818 549
74 309
625 134
294 641
278 282
9 567
161 860
179 880
653 185
144 407
865 51
542 755
444 442
528 45
180 848
496 777
45 90
243 98
124 565
825 526
92 27
115 170
280 4
584 242
345 546
871 513
695 375
684 228
547 804
555 337
425 436
320 654
636 412
764 201
142 891
163 700
833 448
192 615
542 803
179 355
830 6
652 866
264 35
43 302
359 602
677 433
203 54
616 162
388 396
585 722
359 683
169 123
571 880
294 685
390 860
586 351
114 824
724 449
586 430
714 251
251 742
314 749
279 313
549 139
73 66
508 15
689 824
680 840
581 250
505 751
275 875
862 749
544 210
63 648
23 538
382 257
243 125
585 426
572 672
681 872
737 743
298 799
195 429
161 13
659 506
109 335
170 213
315 772
872 455
138 823
213 337
394 413
380 230
716 328
275 114
424 600
769 635
632 583
178 603
655 159
863 280
797 186
873 588
105 730
507 858
75 446
873 733
161 585
296 304
522 578
696 177
382 564
353 274
765 825
87 813
294 713
838 394
459 539
543 664
657 484
329 123
883 700
790 216
374 709
610 404
451 552
382 240
735 564
194 60
514 137
461 848
597 548
766 421
267 104
96 134
262 173
160 675
463 407
609 344
794 762
444 823
16 598
471 494
879 477
292 739
834 686
671 289
739 759
622 288
419 881
497 81
226 625
632 500
318 65
85 442
692 342
252 477
631 323
235 626
346 825
229 588
602 502
160 77
271 363
643 441
592 351
294 779
726 782
537 847
505 107
3 52
887 686
891 683
24 852
169 365
348 789
116 361
124 844
116 408
667 792
490 181
811 693
103 259
149 55
219 191
295 322
703 577
292 688
766 790
24 93
281 562
376 624
674 43
589 188
756 659
354 623
20 376
627 279
759 274
52 56
75 489
846 678
485 758
277 700
221 560
161 625
679 467
80 623
743 540
579 583
655 282
434 170
877 342
517 261
574 334
459 594
562 257
164 229
719 373
891 705
361 721
843 441
558 156
26 117
269 687
63 727
839 738
552 420
171 638
384 197
357 168
358 371
585 397
271 600
805 688
402 616
756 465
565 757
33 460
792 15
208 182
869 47
376 652
855 12
893 185
590 203
848 486
161 465
332 94
321 235
547 517
759 502
597 407
469 4
544 380
339 616
531 102
181 545
113 171
520 501
577 228
578 87
834 205
47 136
126 691
164 468
679 580
577 6
156 647
715 432
224 501
421 293
478 302
391 397
810 535
600 255
374 766
233 506
747 1
325 443
73 466
224 213
371 277
617 557
490 141
115 792
206 595
451 250
323 523
533 201
717 162
851 490
432 700
196 221
665 370
788 104
475 452
461 320
320 892
288 1
471 299
627 433
117 835
523 346
226 733
133 127
25 670
172 539
48 521
345 249
39 325
209 538
30 536
398 143
32 219
64 172
325 859
273 176
865 446
396 186
195 537
598 523
545 765
196 607
54 597
329 623
24 465
235 128
515 82
168 327
679 379
791 342
724 811
118 590
266 847
103 286
470 743
73 351
353 751
24 309
667 605
707 536
10 328
339 508
126 885
811 630
695 124
813 156
872 616
195 221
627 254
523 11
63 850
29 862
566 111
229 183
780 521
702 591
39 186
733 664
590 259
773 771
9 204
535 811
462 801
87 396
473 8
588 6
497 259
716 162
645 234
359 754
810 314
482 156
326 8
364 219
865 474
342 607
832 141
429 785
198 86
571 552
681 199
495 752
477 5
266 702
396 45
255 144
679 882
743 191
504 12
577 22
32 675
872 791
746 880
718 506
214 661
642 198
379 583
471 175
495 37
152 245
543 43
226 178
161 234
94 856
354 765
59 612
423 255
25 564
725 587
47 691
454 723
845 482
25 677
172 588
13 720
373 594
32 438
80 322
820 6
587 277
511 885
646 398
668 242
725 399
235 329
436 446
114 560
269 234
221 721
355 439
122 406
130 259
84 78
16 422
632 512
473 593
644 808
213 543
149 769
590 626
519 594
280 761
598 797
638 350
167 628
875 777
241 757
774 439
210 168
393 664
504 373
12 502
713 327
115 93
392 576
238 277
256 611
765 28
835 82
475 835
96 540
226 583
403 399
29 217
702 224
151 618
40 4
289 485
570 606
787 90
341 57
656 79
469 357
644 95
558 765
865 401
596 295
286 851
681 103
296 457
506 496
561 454
504 213
892 888
633 120
658 627
136 793
818 365
756 225
116 64
723 713
139 59
220 168
24 329
225 472
634 628
708 403
125 127
816 744
879 330
863 817
542 169
450 321
750 332
882 380
114 210
891 502
450 240
87 133
604 785
312 145
17 588
185 502
155 730
298 206
32 510
549 567
623 378
739 153
740 422
189 168
796 496
818 536
670 457
450 692
471 878
424 263
188 352
113 505
888 776
877 285
724 845
359 431
18 645
165 882
444 175
491 140
558 874
762 257
676 209
469 701
637 612
415 28
384 352
497 698
110 574
773 385
59 893
651 81
640 238
197 519
94 893
590 145
345 314
588 466
226 527
129 698
223 334
657 600
90 401
806 379
865 797
303 215
425 61
446 709
611 463
577 163
260 137
14 595
312 600
9 536
95 469
598 532
126 309
473 741
115 516
410 254
124 846
400 824
455 866
666 47
10 523
547 352
497 725
426 731
577 521
214 517
384 106
729 517
119 664
279 807
693 601
392 167
592 580
107 885
617 577
704 705
52 373
155 612
122 753
420 727
80 180
43 824
878 373
648 144
706 442
674 604
70 829
517 498
62 465
307 394
115 413
572 390
311 594
666 591
387 98
748 199
671 611
321 619
809 238
520 791
446 829
558 436
573 270
871 489
12 2
13 343
287 136
279 500
396 304
332 694
832 854
483 802
638 174
470 556
388 759
58 21
318 707
664 173
403 176
301 689
163 720
591 560
345 370
128 280
371 514
358 780
397 660
564 194
32 467
30 546
218 258
240 342
596 723
298 378
853 236
47 805
579 552
574 14
667 376
729 39
772 21
812 790
139 656
574 328
139 737
16 372
294 563
525 173
675 512
196 756
676 190
568 543
54 766
295 704
10 624
358 160
508 533
733 44
366 687
845 515
135 57
159 183
73 306
292 532
404 174
450 444
287 787
647 51
483 572
110 381
315 571
102 737
372 687
377 771
485 328
161 2
4 712
763 421
569 494
272 855
147 64
294 177
156 178
693 85
786 793
310 655
630 560
706 192
735 351
296 420
350 251
811 263
861 661
878 301
829 375
703 386
174 692
360 698
142 150
882 626
691 104
596 171
240 720
73 146
629 94
865 120
666 123
504 464
737 166
564 74
729 778
30 156
536 257
542 891
267 843
589 260
399 239
440 500
313 106
307 580
269 743
318 68
673 75
327 270
284 451
360 873
549 601
640 299
40 615
592 52
269 482
130 616
147 826
66 822
639 599
91 745
476 665
494 726
577 162
875 453
801 442
240 124
627 888
839 183
550 430
442 635
283 345
325 206
435 386
362 325
643 118
314 672
188 841
283 833
452 854
783 818
92 493
790 106
168 293
851 104
92 412
331 800
673 713
376 183
582 440
629 852
131 601
319 484
374 34
591 136
889 616
772 841
315 754
392 565
101 13
214 484
629 743
214 343
882 133
693 619
629 648
447 155
470 60
128 317
830 268
449 503
513 287
223 50
47 768
145 248
65 33
326 328
415 514
52 712
678 140
771 378
444 114
47 471
503 529
126 628
500 265
467 64
141 191
749 682
571 566
316 427
335 121
463 52
193 592
269 859
188 877
211 52
676 234
344 595
475 507
386 328
194 688
546 605
223 815
318 625
263 176
46 704
806 794
495 59
522 421
157 350
159 496
102 762
887 646
161 244
95 615
418 285
402 777
189 591
564 429
811 124
651 727
755 427
735 378
352 881
722 883
636 237
28 183
223 451
558 515
19 487
717 104
93 377
639 210
624 105
127 14
724 60
136 573
93 27
50 878
110 710
666 100
64 702
358 48
31 106
755 700
337 363
590 878
157 433
394 69
58 54
833 868
564 764
837 704
823 779
150 761
229 144
780 608
68 786
25 577
579 422
63 25
66 367
157 68
80 95
432 732
223 340
591 817
609 877
869 691
467 591
308 357
892 363
450 690
233 271
667 327
670 606
760 211
532 650
784 711
168 44
64 77
636 693
430 108
20 848
830 717
724 80
709 260
432 368
417 652
554 755
776 521
718 413
538 15
372 89
340 575
126 72
92 40
438 68
798 484
626 727
736 123
884 163
554 216
627 195
225 619
523 12
73 527
114 244
497 196
648 114
835 44
458 761
428 765
87 280
697 60
369 19
80 202
212 575
216 442
658 305
826 523
235 519
511 850
531 163
207 538
502 162
584 823
572 508
19 484
307 482
630 174
710 278
554 802
463 162
283 344
311 12
847 328
739 371
585 857
163 271
115 518
81 746
639 123
554 727
277 140
466 55
197 165
220 74
292 847
774 575
115 759
28 437
281 363
817 105
638 3
112 801
441 222
557 248
405 891
544 825
462 324
484 132
360 394
125 150
396 850
128 16
462 759
191 31
798 13
68 874
713 539
266 309
25 682
730 97
294 254
647 574
706 150
164 734
326 318
369 793
303 90
51 245
272 239
142 220
145 136
830 841
653 752
781 315
36 758
94 68
188 409
491 857
681 8
710 6
122 260
707 508
269 836
852 86
653 35
884 807
22 493
633 210
561 349
428 736
306 432
39 790
707 580
647 184
780 799
659 662
400 595
419 21
599 688
394 49
704 688
63 151
158 185
38 595
129 853
189 733
798 105
893 181
113 77
80 146
463 689
808 697
846 646
596 733
498 528
869 751
645 158
157 591
467 400
784 574
75 247
79 743
170 705
498 754
796 141
584 847
827 737
259 154
454 299
404 628
864 328
58 755
685 310
269 719
862 726
505 611
180 817
490 137
701 573
614 198
542 611
198 290
157 432
655 689
589 397
724 608
606 456
807 427
20 111
703 746
582 669
418 318
66 364
753 494
252 438
492 485
493 60
596 787
246 668
214 126
772 326
288 107
570 625
402 159
221 628
838 749
625 240
292 257
736 722
476 469
773 751
170 564
571 655
451 753
576 186
630 109
101 881
69 211
554 609
729 509
384 500
865 13
629 92
421 551
27 656
598 745
641 668
220 103
371 245
63 747
444 639
139 203
767 883
441 487
103 363
201 487
310 3
516 874
258 614
888 167
335 628
736 701
219 199
147 418
775 92
134 108
873 70
341 600
684 821
417 184
760 848
135 338
324 665
557 437
707 88
746 510
879 190
726 327
550 293
801 124
341 811
272 844
695 713
330 655
701 396
497 438
694 515
481 108
193 14
781 278
75 191
131 225
445 257
321 787
767 322
715 495
718 770
629 365
61 209
92 713
278 82
136 615
166 647
79 98
192 270
410 253
358 159
535 773
295 650
823 144
64 743
684 329
138 293
487 556
148 254
780 70
450 482
794 731
185 224
392 390
708 795
531 770
255 824
440 1
621 375
511 713
886 613
13 605
869 821
539 573
568 91
218 476
147 856
810 248
4 55
242 486
69 599
201 551
40 867
863 125
630 280
706 347
528 615
286 891
783 461
828 234
776 277
376 281
774 879
852 605
92 348
25 269
212 764
482 524
625 708
366 662
851 6
474 686
797 588
428 243
157 427
694 242
673 582
614 5
788 482
702 680
802 2
34 120
114 170
367 236
746 423
161 123
364 550
759 687
764 199
806 420
464 355
68 621
821 169
579 891
411 797
527 507
329 692
592 254
545 168
218 432
619 612
236 44
754 433
736 807
602 717
532 752
862 155
887 764
320 110
827 593
311 288
24 866
481 29
652 348
748 437
31 822
801 819
822 583
269 893
438 860
240 755
528 496
641 695
590 594
22 398
390 354
587 870
784 153
549 407
571 163
497 658
498 316
710 709
580 209
410 745
825 782
185 175
186 336
613 151
750 336
115 347
39 98
96 572
215 829
308 65
471 663
207 893
118 424
592 847
7 742
734 753
596 754
692 13
142 234
199 15
621 753
402 303
442 768
446 700
693 852
792 230
666 531
216 28
862 119
648 393
248 429
320 74
636 576
588 675
259 249
443 884
581 422
733 363
277 261
278 38
291 185
685 281
338 132
788 614
296 656
609 112
112 680
374 872
571 60
721 751
531 523
111 77
498 2
266 396
214 334
414 796
27 625
57 1
632 395
584 494
346 822
200 535
502 740
195 284
40 731
290 635
75 451
256 551
424 713
318 165
658 446
472 213
790 707
118 342
869 550
564 52
805 270
151 140
32 252
839 35
774 385
579 766
409 375
69 293
839 833
400 30
644 817
417 829
537 540
81 744
139 264
415 111
116 630
92 488
652 74
505 681
794 407
139 246
547 245
462 424
245 600
722 36
310 159
793 375
155 858
483 633
399 351
129 847
518 227
321 487
449 682
674 37
656 600
531 660
806 558
171 101
575 244
189 409
890 518
531 882
623 216
20 501
557 698
317 309
854 4
476 858
169 870
42 252
709 868
94 296
810 249
258 543
541 375
431 19
22 564
424 451
174 755
119 552
496 501
459 763
667 446
783 460
340 29
41 239
478 308
344 824
511 180
738 216
121 202
156 607
453 11
809 355
830 651
583 433
128 515
349 475
480 22
27 603
414 265
269 570
3 466
277 31
101 507
465 210
231 761
802 144
362 651
717 259
668 841
171 419
360 488
124 385
417 103
384 872
265 187
394 273
821 406
226 576
794 833
194 21
892 124
604 552
658 847
809 592
384 549
703 180
781 746
703 261
448 263
734 677
223 465
170 316
355 248
729 43
416 852
602 714
364 137
238 662
761 363
305 765
731 787
273 351
39 880
538 276
766 726
516 451
519 540
724 174
193 674
788 579
414 357
325 310
24 735
249 612
175 852
665 90
675 209
189 797
81 252
889 549
432 866
710 597
108 678
453 692
517 719
76 433
817 401
674 506
252 210
590 190
280 261
669 309
746 408
622 271
775 425
483 367
674 220
382 76
388 186
463 742
9 43
319 834
124 250
146 500
113 111
522 875
62 32
65 204
218 482
551 484
865 869
756 870
374 16
875 477
126 721
58 849
445 507
283 448
784 683
506 251
752 255
515 813
643 241
239 880
442 466
580 860
326 192
233 472
784 119
20 713
353 832
847 181
409 752
272 584
355 521
128 55
312 340
572 562
673 877
450 190
820 759
453 825
772 63
639 568
593 496
360 877
291 528
412 443
454 794
223 107
616 205
193 12
855 630
235 649
677 370
217 274
590 822
142 374
255 299
679 437
38 263
478 206
889 357
606 202
455 682
62 536
304 620
478 488
524 856
417 828
610 507
724 119
236 569
384 466
323 711
281 255
813 105
157 453
622 519
632 91
696 704
381 265
47 712
836 451
787 257
608 290
20 263
151 751
9 18
265 120
493 2
369 60
759 491
62 248
264 15
448 316
820 12
734 718
865 685
256 691
26 202
578 74
728 355
229 762
435 87
648 100
668 127
657 234
257 740
807 612
512 55
818 831
112 166
614 669
26 346
770 813
535 495
10 758
453 10
314 832
888 293
62 790
16 186
535 205
504 413
802 604
141 494
568 870
393 561
728 620
723 138
361 22
551 601
572 660
560 244
888 225
586 552
495 436
693 297
403 183
223 606
372 592
873 173
447 134
755 145
721 97
575 154
626 222
811 112
725 730
643 843
648 177
801 501
134 803
308 594
356 870
478 273
504 876
889 127
62 675
780 506
619 162
335 206
112 575
357 787
713 11
738 590
210 247
391 78
249 619
449 188
470 589
385 145
722 90
124 704
806 826
533 210
275 702
24 510
150 514
832 597
353 333
24 109
333 477
67 49
403 211
208 137
798 72
323 360
332 234
81 302
119 274
802 262
554 359
463 737
307 781
845 309
811 493
321 121
352 785
269 330
435 30
454 846
181 526
892 470
30 844
531 361
847 707
61 202
445 363
672 273
162 867
884 580
425 647
657 476
771 84
352 460
596 39
690 28
893 611
362 253
384 503
723 156
390 701
470 655
586 172
277 229
723 13
46 290
490 232
642 253
408 155
228 548
836 187
512 529
54 104
861 280
662 363
96 158
812 188
50 707
287 754
200 172
669 502
542 892
674 428
362 704
860 327
367 177
849 210
462 671
10 36
733 608
57 7
372 648
697 215
76 180
522 42
464 414
467 766
412 5
677 543
809 687
535 518
877 217
22 558
353 453
61 12
196 885
30 793
821 562
666 629
332 28
830 800
589 14
365 551
392 217
278 81
301 336
529 245
273 439
386 206
465 591
112 488
796 692
715 556
737 84
617 750
81 793
376 811
345 860
346 399
633 26
491 682
632 92
483 746
495 403
299 140
542 856
489 302
128 20
411 615
581 655
276 891
538 594
673 249
693 246
807 82
556 850
631 398
37 616
542 389
493 1
590 401
133 176
778 295
118 257
288 150
731 762
201 603
109 194
369 797
264 159
715 174
153 14
863 126
888 874
786 399
402 388
562 678
321 764
31 569
785 77
473 553
724 438
796 843
737 165
481 103
729 393
434 791
309 857
450 683
634 278
554 695
684 522
353 798
585 91
70 413
23 521
183 199
573 603
578 807
145 840
384 164
523 72
707 247
589 199
519 156
389 503
48 263
220 541
834 769
788 178
670 325
142 98
506 3
565 606
442 730
127 215
296 123
744 633
801 726
162 860
568 711
752 36
734 84
130 510
819 502
531 371
81 677
207 109
453 683
654 599
236 514
662 98
476 49
821 688
802 609
885 268
104 527
438 492
341 735
147 394
189 795
827 365
389 346
465 236
788 112
233 788
502 620
290 352
440 77
65 717
797 111
677 745
644 486
368 302
320 385
691 230
644 260
113 254
518 757
756 864
359 625
539 407
260 156
39 560
558 544
65 413
156 844
468 78
598 400
294 593
339 72
657 467
714 4
644 751
225 49
188 163
465 610
118 676
291 186
372 55
267 389
470 652
645 852
577 550
623 186
559 754
266 887
766 466
219 829
519 288
559 611
693 733
23 678
319 351
819 831
719 798
158 106
555 498
773 439
775 233
579 504
392 494
229 191
584 386
16 734
793 442
234 662
242 141
566 304
661 484
366 346
597 486
477 552
356 507
308 326
626 457
198 285
308 757
723 654
843 217
236 390
294 738
631 783
746 567
500 132
786 330
656 385
887 598
102 426
843 404
349 67
596 68
92 491
585 15
474 726
182 143
428 11
231 726
736 28
845 854
37 873
594 86
584 192
766 168
698 72
29 826
410 812
474 411
739 653
426 262
565 777
747 666
882 191
756 740
777 825
228 29
147 17
422 437
578 311
557 695
100 166
617 468
393 196
602 467
288 151
327 14
146 220
395 711
7 229
451 828
164 159
757 824
525 130
698 726
643 203
476 264
490 508
849 716
456 2
438 150
168 406
41 680
873 343
448 678
818 419
50 569
287 804
384 77
349 619
333 166
172 228
267 824
419 581
656 552
256 166
314 484
722 297
423 47
81 448
246 538
229 856
512 6
769 745
328 615
354 507
42 76
80 151
544 262
673 486
809 742
161 699
71 88
18 100
668 46
875 498
680 740
122 67
37 58
667 415
781 171
617 371
79 768
710 226
292 182
68 422
233 370
286 388
810 830
724 792
391 59
304 227
277 301
220 15
629 869
723 480
393 595
404 181
25 184
888 144
120 250
233 61
627 237
842 720
854 647
546 711
243 274
426 222
798 78
34 779
66 408
441 868
104 234
588 132
39 380
561 708
132 49
87 705
22 512
283 84
505 228
606 322
74 371
807 619
16 312
397 117
772 135
50 91
253 672
161 786
643 242
648 223
672 794
115 560
26 3
139 480
453 192
884 868
253 883
714 487
233 159
75 675
171 544
724 828
177 407
296 547
319 457
840 160
345 838
637 463
179 474
775 91
561 203
397 785
694 41
128 10
168 795
724 752
237 867
445 630
542 28
582 781
66 508
34 670
720 97
5 15
195 657
237 22
147 408
772 295
617 392
26 560
744 773
515 620
190 758
801 435
364 189
889 362
340 54
804 709
837 34
292 433
724 412
710 155
197 508
714 214
495 763
244 825
154 33
672 686
404 553
590 543
383 295
193 879
794 403
90 628
434 546
789 156
257 123
386 385
672 274
343 507
716 887
37 872
135 399
192 125
622 488
495 258
444 137
581 653
185 84
495 371
542 120
636 371
405 562
191 251
159 857
65 792
319 647
388 12
810 872
359 555
787 190
193 237
433 574
730 316
739 439
339 805
247 628
472 322
456 583
880 222
348 860
495 543
560 732
101 692
272 184
689 777
339 240
391 341
387 550
118 540
158 743
116 117
758 556
864 706
34 288
291 339
440 631
777 664
81 891
641 505
298 524
525 551
75 758
231 586
552 603
457 665
115 469
34 117
509 725
38 597
220 134
474 158
523 441
473 478
536 828
792 422
811 386
509 133
730 254
587 347
570 615
476 826
593 334
725 313
554 51
447 692
247 826
585 735
354 60
311 398
630 232
633 692
329 251
611 237
447 815
382 880
614 527
830 728
279 306
88 285
537 728
616 851
474 621
435 737
827 163
505 613
278 683
577 890
69 616
774 283
232 243
146 703
642 600
702 472
696 163
241 212
464 437
636 443
360 885
587 758
218 383
541 25
892 243
74 761
416 773
790 683
298 489
585 763
734 276
445 503
528 533
359 337
654 356
306 46
148 829
3 82
154 458
192 137
391 491
305 878
738 156
794 154
889 24
562 78
409 41
27 519
780 255
823 59
742 868
290 222
555 726
702 779
138 410
450 408
141 789
845 769
609 710
427 121
266 393
613 254
698 404
494 51
815 831
66 330
195 370
307 588
886 736
547 630
661 482
243 527
62 113
811 458
18 398
541 253
881 2
807 798
593 662
596 531
861 753
622 456
424 492
278 411
412 341
218 740
147 544
667 425
670 716
14 304
74 487
167 206
359 458
580 700
235 201
279 378
547 410
435 680
723 189
699 420
760 182
128 556
384 244
81 798
428 5
67 351
632 95
171 301
672 600
432 863
738 855
9 427
816 53
565 742
613 170
66 319
410 861
584 416
523 271
732 805
364 591
497 106
610 782
636 483
352 877
777 106
269 318
186 824
481 696
886 136
612 194
748 169
723 541
64 238
728 133
654 173
71 293
59 421
279 184
410 57
321 610
766 556
842 4
849 800
611 833
649 636
154 2
157 865
624 212
40 421
774 752
723 232
784 36
275 859
405 484
120 2
605 5
129 482
163 159
789 191
702 880
334 84
483 698
106 479
694 244
609 300
447 342
449 623
584 254
620 740
533 43
755 119
21 263
110 217
570 147
20 176
460 15
372 707
345 377
38 820
425 305
138 427
174 566
734 498
89 30
643 621
338 711
134 660
677 310
153 618
65 438
467 262
531 337
312 537
634 228
89 681
509 773
787 665
814 194
36 70
771 141
884 770
645 748
20 562
681 664
865 107
24 693
559 731
196 403
714 336
850 144
292 541
20 58
522 321
228 866
449 587
578 552
171 386
154 764
655 604
806 536
702 473
197 643
262 878
817 485
360 88
786 620
454 646
393 126
893 451
246 663
233 520
640 344
165 339
117 618
172 669
483 298
640 759
420 615
94 346
204 782
288 209
17 501
805 276
18 70
509 777
631 6
763 246
861 689
41 8
353 302
710 290
664 407
468 184
677 12
386 119
614 601
853 715
151 298
745 501
148 540
63 643
163 121
102 126
875 826
760 10
768 655
381 30
750 532
642 795
495 123
138 106
16 578
110 294
755 47
759 591
587 806
474 53
113 851
402 841
482 282
467 789
268 866
365 78
310 753
26 796
394 564
532 370
433 647
807 793
166 99
706 428
374 198
411 72
469 178
74 258
717 620
506 169
344 4
882 572
173 607
528 626
463 170
387 302
453 455
676 360
549 230
680 107
787 721
40 345
810 869
281 81
64 335
332 644
728 407
6 860
617 867
465 510
515 486
719 846
405 786
797 605
872 734
492 759
36 448
208 198
741 484
54 261
189 546
372 744
506 813
845 407
423 833
505 46
569 45
808 787
256 618
702 243
100 161
742 752
781 704
387 51
433 850
875 425
109 45
184 363
296 357
339 713
892 427
878 754
493 688
635 395
339 694
93 507
592 454
761 337
362 396
827 586
404 745
499 557
62 569
14 700
74 107
6 764
840 574
698 580
92 347
810 694
139 298
529 870
235 325
699 338
851 15
509 175
684 661
693 318
261 740
429 302
638 212
703 536
443 382
210 159
638 39
486 304
430 11
1 88
171 457
737 342
831 309
355 580
868 782
281 538
708 215
313 169
267 616
347 390
864 556
238 99
464 346
542 485
221 838
241 8
96 885
82 824
342 782
26 711
303 145
855 580
566 537
437 603
478 105
50 336
674 745
236 442
832 337
886 4
107 175
715 428
37 136
519 884
500 250
636 682
666 331
103 47
511 295
147 52
232 682
415 45
837 4
127 740
20 674
167 525
163 186
244 311
444 689
375 607
276 106
451 4
497 838
315 565
9 482
48 328
157 170
217 583
114 201
86 867
802 400
490 67
66 6
164 655
551 13
754 155
658 341
223 125
221 588
739 19
654 72
575 718
710 291
300 157
882 616
465 836
801 758
639 736
832 692
477 53
631 724
40 482
781 93
286 709
253 558
698 653
465 614
211 6
412 823
16 104
54 720
310 334
704 133
851 86
323 721
729 630
291 15
228 594
27 537
438 460
483 757
667 328
860 173
110 436
38 689
538 857
464 230
816 11
449 598
659 583
431 595
142 738
197 669
281 722
786 593
471 707
493 135
116 658
393 153
708 604
830 203
796 47
104 487
403 543
563 381
288 365
737 562
889 367
643 322
335 510
525 620
70 121
41 773
39 822
254 373
226 394
653 135
784 58
490 23
112 493
633 174
851 227
444 539
456 121
10 227
104 730
309 437
699 866
759 594
656 607
308 226
458 691
539 870
523 257
481 867
372 792
397 613
170 33
179 277
313 479
565 201
648 106
796 162
729 65
827 732
299 779
691 61
17 222
383 17
314 616
804 331
371 486
430 173
607 407
629 107
297 536
619 77
323 561
126 175
827 152
560 573
863 758
542 765
34 460
325 347
367 304
520 719
297 826
462 28
653 397
196 456
747 463
73 637
389 353
746 284
33 479
418 275
459 485
774 92
46 795
450 224
803 700
843 635
381 408
630 769
411 759
801 67
30 271
440 37
717 832
755 437
631 286
30 553
669 878
377 680
782 183
71 84
31 762
142 129
400 288
819 223
126 527
329 367
383 164
511 115
726 690
106 603
810 393
226 336
511 337
117 234
562 425
417 766
221 92
97 86
174 210
305 33
657 276
784 293
465 283
528 7
323 645
451 344
723 484
563 527
162 396
557 843
651 208
73 648
58 60
672 885
453 701
57 380
710 733
228 243
358 618
570 194
849 121
668 731
124 19
30 363
720 121
57 824
702 136
579 863
707 274
467 601
393 350
640 713
455 8
541 135
468 885
469 156
153 731
687 786
433 635
549 797
142 268
784 817
326 168
316 502
697 821
64 502
504 253
712 546
88 508
763 677
289 576
549 290
879 559
535 243
724 824
706 863
318 382
573 28
128 881
447 256
528 242
231 681
346 437
723 369
451 82
824 664
115 323
335 748
391 846
530 790
778 88
234 512
122 737
85 475
105 501
214 177
254 726
60 815
133 53
685 520
233 601
363 678
878 11
389 236
393 233
296 508
539 552
228 299
584 579
39 749
62 289
619 548
40 487
433 615
584 801
37 109
834 441
205 844
282 247
193 464
670 834
883 761
330 219
645 512
581 386
876 194
776 576
734 160
23 797
406 143
267 343
589 776
554 733
153 156
465 722
379 884
141 451
715 546
534 122
538 105
68 152
231 892
684 322
315 289
642 441
515 488
275 655
479 727
872 689
637 495
668 893
778 237
104 874
67 126
485 211
517 512
266 424
640 117
697 132
778 463
66 429
649 508
555 243
531 890
731 373
579 134
462 782
122 185
661 854
187 527
522 524
691 399
875 410
27 23
359 410
36 847
164 132
34 158
630 51
182 544
553 76
297 398
418 650
240 704
390 748
231 626
645 774
560 574
508 628
804 185
73 433
112 665
289 761
273 776
797 408
380 813
628 123
10 132
348 370
698 105
256 12
202 856
480 618
139 515
724 533
755 150
378 399
380 209
755 263
96 664
649 487
833 322
511 655
612 250
353 406
430 274
490 537
553 398
476 459
353 368
672 268
235 116
821 741
738 5
527 567
345 541
128 729
576 199
650 882
836 537
853 677
837 224
40 388
444 510
864 305
832 799
156 664
448 647
158 854
552 285
236 798
261 599
12 399
616 190
72 98
91 398
702 738
742 227
495 465
333 470
281 587
530 834
832 205
200 405
632 376
81 406
262 877
531 668
252 456
683 14
66 4
569 107
616 74
872 212
268 607
27 256
355 143
284 145
291 663
670 177
95 177
38 275
47 35
451 874
667 126
743 427
856 53
718 863
644 838
593 874
382 144
164 35
118 702
875 17
549 336
394 442
625 699
352 33
617 763
687 439
197 839
883 344
883 574
707 518
148 236
499 208
750 539
384 10
137 782
778 246
300 374
846 153
760 858
671 278
659 438
622 307
789 680
648 564
844 168
440 222
792 371
540 768
49 795
91 628
776 647
114 687
260 239
805 309
826 880
443 604
865 635
94 87
772 492
221 368
272 422
553 87
522 759
424 157
541 686
465 576
741 646
714 437
220 449
215 346
447 295
784 361
129 164
516 816
480 720
334 239
506 848
694 159
814 548
566 69
146 624
864 805
209 144
697 139
242 88
492 400
627 375
855 863
252 496
384 594
630 709
722 752
212 614
350 812
80 304
445 232
69 716
751 764
354 162
467 385
252 581
424 460
503 628
839 254
74 436
539 194
559 143
819 114
439 285
649 535
487 49
741 798
641 560
794 222
438 586
685 344
335 867
306 423
718 288
686 194
534 502
112 745
500 832
673 594
125 109
846 55
849 369
315 701
30 192
466 594
450 335
404 656
567 280
219 351
158 311
812 399
366 58
685 574
92 678
892 117
621 337
53 293
541 48
20 173
801 163
403 31
38 10
497 372
423 580
27 295
668 36
680 746
830 784
9 754
529 507
583 72
454 4
402 483
666 692
715 417
40 103
243 264
634 83
391 386
654 316
362 382
128 730
303 583
827 841
525 386
166 852
796 763
470 746
185 618
756 247
233 39
872 650
10 185
203 600
367 165
445 763
559 795
618 293
698 509
590 135
593 225
385 548
464 27
66 355
473 355
474 204
744 226
392 215
324 590
845 348
80 218
640 348
414 603
865 771
679 250
636 150
532 457
172 675
661 683
350 228
554 16
256 883
654 79
531 256
520 111
154 309
585 591
13 206
681 77
643 541
112 373
439 506
505 298
275 806
867 628
267 442
487 351
525 311
319 486
650 728
50 616
537 74
189 246
225 502
410 672
214 634
231 568
225 615
284 620
345 618
452 330
492 655
95 562
172 825
803 745
637 317
802 435
474 160
426 79
368 754
830 492
263 705
639 868
70 688
562 600
355 170
360 628
454 162
501 205
450 541
89 459
827 693
610 831
517 273
207 415
767 375
643 327
633 887
671 637
378 858
400 8
787 612
204 754
62 656
266 673
642 260
165 745
318 868
581 162
12 227
828 285
153 19
851 228
871 217
345 827
770 386
37 641
560 882
614 133
816 204
186 60
794 703
409 322
816 91
391 799
200 240
696 409
480 576
797 669
449 567
267 866
641 177
200 351
95 599
697 138
333 366
229 813
313 258
320 546
801 21
75 264
341 69
489 850
402 75
42 226
655 84
18 123
312 804
888 771
47 132
179 52
633 561
597 86
139 866
691 401
587 96
738 159
863 247
886 657
710 366
550 455
350 361
266 754
715 277
783 44
481 127
657 412
165 653
64 304
583 427
157 670
415 218
659 821
110 529
360 308
842 596
129 365
298 758
775 8
7 162
470 792
495 447
656 559
688 144
450 255
473 262
415 4
756 711
351 301
778 481
143 49
73 813
845 439
318 780
560 297
893 427
96 777
703 190
461 838
734 512
754 194
807 844
811 265
652 787
446 316
308 261
386 268
192 790
622 663
292 352
79 664
69 338
680 777
218 840
39 874
344 507
767 412
143 824
774 838
430 204
527 678
220 224
349 388
144 484
755 538
177 108
325 316
277 57
372 249
634 532
660 510
453 408
475 240
99 828
305 401
589 385
24 455
134 15
559 794
655 603
698 506
428 526
119 154
411 837
618 599
32 414
536 798
259 665
119 11
581 337
493 850
499 151
632 822
869 567
670 568
203 331
768 785
130 521
662 619
430 121
128 679
723 822
581 316
496 612
478 532
179 601
497 730
684 714
182 187
693 549
608 67
571 73
609 510
426 520
120 285
200 213
383 844
42 568
125 133
525 134
864 795
560 4
671 417
696 691
328 599
312 188
385 688
195 265
368 755
5 8
32 538
811 448
468 805
113 146
731 518
56 270
644 119
493 711
539 331
672 104
140 406
776 150
27 12
306 125
391 272
545 568
1 538
454 476
39 818
31 866
625 635
575 861
310 302
175 436
426 460
775 769
447 720
755 835
537 436
201 399
112 862
524 357
417 231
42 540
760 777
561 232
135 277
393 846
157 253
802 242
713 437
461 167
698 434
459 330
775 346
218 31
835 132
48 626
557 687
341 68
714 686
697 468
166 49
768 460
26 748
134 531
640 692
716 103
256 653
374 39
471 807
790 597
571 870
778 864
419 825
131 86
593 807
832 104
316 441
887 562
572 106
610 405
288 841
849 708
172 303
766 387
879 608
515 299
633 334
308 265
264 455
480 271
525 719
506 771
456 232
93 717
152 33
608 250
884 287
810 491
402 891
55 599
167 57
303 457
394 407
33 61
95 811
42 421
545 90
640 370
218 354
200 681
420 762
651 594
878 433
400 405
99 155
796 19
729 48
696 167
862 244
445 492
160 356
810 482
540 159
465 851
416 589
120 727
852 8
391 508
830 707
227 618
490 472
614 401
7 317
639 38
197 223
733 61
20 568
662 123
387 523
823 44
681 531
231 641
419 267
99 831
315 362
23 661
552 15
210 380
176 52
572 690
775 111
500 725
394 198
695 308
78 302
195 14
603 413
622 427
128 469
574 526
636 323
353 243
694 871
756 548
461 448
872 57
717 143
706 160
467 748
851 762
527 35
820 95
549 551
808 639
71 52
716 175
99 183
389 551
210 619
108 78
884 713
314 556
780 257
265 852
50 34
714 13
766 761
418 689
292 202
791 240
558 229
63 649
444 413
687 451
46 441
653 239
286 488
71 670
185 539
555 702
666 458
266 207
747 506
522 412
656 330
592 584
609 366
167 786
557 134
542 874
671 130
512 265
640 254
671 275
402 816
114 230
539 782
85 328
159 877
170 54
352 19
592 35
887 151
38 251
448 299
147 843
160 126
355 172
288 243
476 616
544 36
890 466
658 84
772 220
869 780
676 432
810 442
743 456
345 817
640 789
525 230
760 74
666 396
562 109
661 727
110 793
865 36
353 776
462 154
73 409
699 573
580 488
598 881
358 490
91 301
23 620
632 20
769 216
586 650
526 762
68 856
591 556
81 467
837 489
114 413
865 548
679 14
294 232
714 687
847 841
702 68
425 248
208 760
118 287
28 51
212 720
29 486
643 630
643 391
40 848
170 735
164 305
4 346
814 463
330 104
97 867
478 288
830 597
425 709
525 10
771 150
869 849
595 427
182 675
637 572
395 11
549 486
326 545
37 722
59 102
220 467
883 277
116 236
7 15
360 310
788 256
861 342
137 690
450 475
379 336
717 392
185 15
42 640
659 499
73 834
834 791
670 145
854 338
38 815
112 314
445 807
303 441
711 460
424 766
344 309
397 277
648 813
287 60
515 543
807 735
98 239
117 689
820 410
792 763
723 593
728 249
875 378
472 439
630 224
46 192
583 363
788 881
182 512
184 841
794 49
862 324
872 817
338 149
13 363
444 617
714 347
451 508
875 740
254 227
370 484
794 322
492 791
883 158
229 48
659 561
609 690
298 891
542 158
500 581
263 427
124 441
52 398
159 618
789 503
25 594
445 892
94 547
313 312
167 173
63 492
194 77
367 602
649 7
155 346
472 198
14 2
520 387
763 143
691 346
333 551
268 264
364 225
409 358
729 301
677 53
491 238
511 227
729 350
141 248
862 386
600 173
516 427
742 327
414 290
366 603
681 765
276 327
153 52
819 619
474 760
440 584
704 441
563 622
694 260
825 603
333 148
171 313
180 569
241 573
392 521
452 437
860 346
589 133
259 840
377 815
195 378
768 194
695 569
778 423
130 854
792 375
320 584
659 233
416 91
19 166
645 38
122 831
398 206
809 805
170 361
278 403
710 502
657 250
476 536
79 850
631 769
870 635
660 201
476 173
845 665
67 553
196 323
141 510
44 271
561 435
461 133
576 336
430 599
243 6
580 143
798 322
380 885
73 587
261 328
497 768
71 476
394 366
700 396
750 388
271 186
677 568
295 839
329 650
476 815
666 779
652 874
734 698
75 595
472 45
382 528
623 562
773 887
579 568
799 664
697 775
572 245
224 363
524 880
845 395
62 880
295 719
315 245
552 8
291 124
505 309
723 97
1 183
590 755
77 373
43 429
832 726
102 795
823 793
203 688
402 742
354 687
125 828
532 108
845 436
358 829
18 184
392 11
818 610
18 90
41 395
667 331
217 202
643 482
153 626
118 26
58 817
598 387
198 125
736 692
476 375
278 165
830 630
709 655
19 779
719 346
196 741
642 459
129 292
295 755
352 427
797 877
745 580
852 488
304 270
876 406
440 830
652 7
699 484
297 792
127 626
24 347
645 241
440 651
572 588
684 406
464 241
470 827
879 469
94 887
534 752
578 544
38 428
858 336
641 254
95 619
403 76
460 186
246 751
731 273
15 72
838 562
493 847
477 586
59 867
522 751
191 536
435 106
207 534
275 753
312 613
58 866
259 457
279 26
359 328
292 391
387 429
122 476
514 448
424 166
288 661
92 363
402 699
547 489
287 162
131 846
707 751
348 35
405 36
376 172
272 423
665 144
849 403
374 890
604 387
96 170
519 426
722 50
581 893
675 248
380 850
592 586
385 378
253 282
414 255
364 259
219 498
555 380
169 713
242 49
632 409
778 469
195 381
659 298
440 116
369 434
298 126
81 262
63 434
221 481
793 398
808 605
308 760
256 851
152 868
387 120
18 471
377 68
639 420
491 60
136 647
586 387
429 143
851 881
462 152
779 758
693 868
286 458
20 754
42 854
465 357
548 136
769 173
484 342
80 222
457 538
727 363
718 26
833 828
81 55
532 185
696 628
347 148
756 376
542 215
47 735
40 289
806 600
830 338
890 665
68 745
570 887
630 687
319 824
656 884
221 890
256 610
539 669
226 656
118 482
82 844
622 50
803 884
75 413
167 453
179 395
252 654
658 39
731 615
715 90
888 886
692 890
808 343
253 653
752 52
738 123
67 857
513 316
657 7
148 766
481 115
211 86
504 204
714 67
25 286
84 686
31 97
269 556
495 884
25 56
324 12
626 700
400 564
629 775
81 881
50 556
452 232
889 644
223 466
308 124
555 213
262 677
332 473
192 588
228 282
70 621
368 397
645 125
744 824
624 734
95 232
779 782
269 59
696 281
494 782
430 502
359 436
681 84
59 472
365 604
416 386
654 257
235 251
221 36
496 749
20 12
586 189
399 688
92 422
547 298
104 635
232 432
196 43
495 249
82 430
285 331
233 42
109 211
436 713
256 127
771 688
404 47
300 392
737 507
530 700
203 556
294 453
439 740
320 832
357 299
51 720
450 78
787 437
735 427
756 598
83 848
85 290
855 770
612 53
617 409
284 120
790 822
756 884
189 181
131 356
169 57
562 512
50 364
160 276
843 41
93 394
365 421
528 527
710 283
253 708
792 840
379 727
71 593
573 98
114 841
573 211
813 708
303 614
129 263
297 601
305 70
92 394
775 793
559 646
266 891
659 768
16 782
765 733
297 891
524 381
882 429
756 502
560 169
669 457
216 847
16 699
578 517
138 226
582 745
452 454
522 856
275 455
403 250
850 689
447 205
341 842
419 868
134 265
449 505
467 653
661 601
703 242
291 697
592 324
577 176
833 46
411 240
838 313
535 763
596 507
601 427
633 890
425 861
80 277
624 83
610 26
639 133
18 615
315 235
103 72
59 238
222 761
315 457
817 15
103 302
310 76
478 790
818 435
253 14
278 537
529 701
42 536
686 501
335 713
172 794
871 664
381 396
755 131
42 314
226 591
741 124
858 184
608 431
627 381
773 779
561 607
24 649
752 538
473 463
471 620
661 524
61 720
542 802
89 159
694 588
532 287
402 68
584 614
624 691
716 99
832 416
260 201
415 623
809 33
807 538
465 875
468 138
307 268
265 768
231 213
883 730
629 450
153 807
235 175
808 5
112 434
775 579
488 705
31 211
126 215
530 877
37 590
576 400
760 365
244 6
171 613
803 104
453 431
461 101
334 205
281 455
671 182
379 484
12 704
526 705
578 589
821 487
125 826
371 614
617 130
560 302
782 413
440 156
521 213
407 488
185 105
530 285
109 8
62 273
411 11
568 502
127 373
94 134
578 211
111 305
107 166
408 721
45 740
376 325
853 317
236 337
535 1
766 705
776 543
707 757
249 850
741 879
3 430
582 198
340 565
215 427
451 209
515 408
46 754
414 118
627 249
864 133
154 595
381 338
366 254
371 804
100 302
319 12
159 599
220 583
80 159
323 342
859 184
280 387
63 408
213 363
332 111
63 489
764 106
344 357
7 331
579 839
66 142
753 72
630 438
393 471
401 227
648 91
8 250
212 378
855 720
166 351
814 411
743 595
307 471
74 502
287 398
679 740
277 420
410 71
295 768
715 574
315 428
478 680
63 538
779 422
205 373
277 88
376 797
567 11
557 511
590 835
724 550
393 708
30 243
793 363
358 703
379 285
362 581
370 120
722 485
190 215
449 335
195 383
734 784
806 397
241 237
683 466
364 749
381 713
579 146
470 257
860 665
193 108
449 26
29 399
610 838
866 316
246 804
130 264
634 34
796 885
729 270
861 793
495 527
645 520
841 213
576 6
317 568
747 47
676 225
418 721
110 652
201 336
348 1
261 758
593 162
535 139
750 540
620 612
453 603
326 731
93 379
267 779
233 882
660 145
252 41
792 184
702 415
540 558
778 503
323 302
189 425
615 753
670 347
423 601
442 857
781 472
450 712
142 178
715 92
274 282
772 45
648 19
838 282
565 498
71 137
383 139
631 881
819 123
644 886
286 763
329 84
476 285
22 145
727 852
585 875
469 656
722 616
794 217
279 403
655 83
220 5
514 168
110 825
81 597
499 115
154 858
860 72
510 337
332 561
870 49
736 53
116 799
724 606
195 136
214 420
521 536
719 677
492 717
39 152
243 261
621 552
66 393
393 285
369 120
241 32
325 686
470 329
609 61
238 580
757 604
377 288
675 841
17 407
680 721
735 117
134 786
549 544
75 886
480 428
66 670
639 207
723 800
306 352
625 518
79 53
466 90
305 88
624 378
476 7
883 324
177 503
694 316
571 35
2 762
289 782
238 347
167 869
438 280
561 811
489 720
767 653
113 684
578 686
25 598
124 36
531 732
497 94
570 813
366 328
259 526
354 400
778 286
220 789
207 765
807 878
534 276
873 694
832 489
62 413
778 850
248 446
677 49
741 411
211 163
283 766
11 712
602 835
842 210
876 501
371 199
300 185
876 516
82 1
797 513
621 829
68 67
517 642
892 709
323 23
362 578
812 352
872 395
68 752
381 599
219 356
310 605
237 829
468 589
656 779
38 875
768 484
717 831
65 184
114 679
717 14
445 77
504 759
545 871
284 205
640 605
244 761
429 601
726 785
784 616
565 413
571 848
715 401
424 246
102 469
784 790
676 268
790 284
446 826
417 716
608 569
79 124
388 469
605 132
611 527
372 25
193 890
582 252
182 238
889 802
525 340
875 787
414 429
16 876
552 334
591 247
682 787
303 521
134 457
642 835
241 588
462 296
409 732
105 45
306 876
185 133
676 565
518 398
828 856
775 195
389 388
691 828
673 793
53 55
755 133
764 205
200 548
830 288
579 224
731 301
164 890
630 733
544 264
561 686
489 859
386 607
859 396
668 169
783 136
36 515
439 401
423 553
680 758
477 849
739 418
246 150
586 339
182 654
532 861
884 540
875 179
18 566
629 448
577 301
10 742
672 711
453 250
36 86
291 96
165 519
560 567
408 260
742 91
129 510
367 314
849 591
724 770
104 514
141 623
361 6
606 524
461 99
832 601
509 887
10 28
358 580
825 881
642 585
684 204
577 186
195 425
125 824
103 457
29 163
640 328
547 40
207 792
517 47
722 863
126 859
471 848
101 248
273 44
648 48
832 317
579 536
875 270
602 586
469 593
752 250
791 4
739 303
321 602
858 398
814 206
106 867
625 517
754 867
295 751
141 433
182 295
419 211
463 314
379 823
876 545
745 45
757 290
633 364
266 213
272 462
864 40
885 398
671 7
485 48
845 784
104 211
699 261
453 675
738 787
657 44
427 8
700 489
233 841
369 313
152 289
564 494
307 639
533 487
406 881
890 732
636 456
142 815
610 751
854 482
584 706
863 368
278 6
320 400
820 37
200 858
41 346
593 677
117 751
174 606
802 456
601 35
249 33
391 298
540 74
465 800
445 266
292 387
663 140
889 99
874 543
192 303
539 51
874 430
781 82
340 262
576 60
597 730
196 709
619 15
224 117
270 870
474 709
571 209
175 186
362 798
171 720
74 406
223 736
511 566
360 17
416 259
219 502
741 69
502 603
506 662
878 166
254 732
320 734
696 809
878 17
670 327
203 184
868 190
155 317
530 355
569 255
459 21
277 770
481 280
736 786
863 155
544 169
220 151
93 284
738 83
83 282
292 54
386 222
443 19
139 314
196 313
110 803
680 230
889 176
804 143
220 86
486 177
702 833
131 588
174 498
481 705
606 529
662 263
392 603
428 137
586 549
771 653
483 619
200 327
661 198
741 488
286 192
161 108
234 618
219 466
57 51
281 699
411 740
525 872
158 339
585 766
129 639
216 507
319 381
503 184
679 149
212 734
122 62
79 652
495 412
718 877
478 298
357 699
231 214
625 399
193 571
361 713
830 437
291 146
473 731
826 201
799 330
838 228
735 612
272 340
497 667
315 470
466 150
656 490
440 517
3 597
722 103
560 790
542 789
214 277
570 53
394 358
516 138
632 358
744 352
542 55
470 242
459 252
596 779
161 362
812 591
450 776
592 225
596 229
481 614
709 822
341 466
302 487
459 824
118 31
694 852
648 384
248 420
636 591
362 468
571 520
40 80
754 785
889 14
638 435
306 286
491 806
510 6
235 285
606 828
666 113
775 817
561 365
197 873
714 325
300 854
381 13
864 41
759 856
842 244
428 194
232 451
845 783
812 88
725 841
46 608
807 343
741 479
209 70
542 128
792 67
189 525
33 97
113 819
32 295
20 456
707 398
375 4
473 4
845 292
313 435
705 881
152 623
326 742
428 804
783 82
492 247
369 836
598 87
530 143
75 54
605 762
610 784
539 276
754 595
226 152
559 78
657 50
89 656
130 466
500 350
46 230
456 284
112 509
97 399
103 177
434 606
269 624
440 590
685 40
318 595
637 367
250 825
550 850
233 10
238 373
366 814
557 255
9 441
637 433
408 365
333 496
426 274
345 482
695 390
879 101
661 274
712 342
622 313
661 387
542 414
129 643
459 132
345 45
350 830
648 13
672 130
122 825
650 273
292 314
627 560
518 705
756 852
833 177
706 417
778 530
344 98
416 831
491 277
558 733
139 881
675 190
321 743
286 883
732 711
507 732
501 108
164 363
3 47
499 604
249 5
670 841
823 425
348 847
226 303
504 181
75 542
131 768
780 435
269 690
254 496
889 183
803 227
839 737
278 819
851 239
552 304
729 888
314 618
243 12
357 60
586 546
220 624
452 407
149 401
560 472
869 34
377 860
818 5053
449 226
67 248
413 28
568 104
469 538
697 145
716 731
204 391
510 286
43 726
268 148
87 229
716 108
615 146
804 515
620 330
71 252
550 684
164 127
191 81
645 317
539 342
633 106
742 733
361 367
465 804
539 650
409 116
473 775
45 626
381 176
230 444
139 184
485 668
750 695
114 5
612 700
78 368
278 717
229 305
525 324
327 657
177 609
380 675
736 518
751 518
609 435
58 427
535 603
565 282
137 568
155 393
545 478
545 576
449 148
453 686
435 169
185 479
645 294
168 517
298 525
348 238
523 387
563 165
781 294
231 581
163 422
687 469
220 141
40 315
296 112
424 69
79 655
151 18
744 484
444 581
228 362
447 614
653 311
182 157
463 27
517 615
440 453
721 513
593 340
612 240
201 495
134 514
462 393
526 768
582 374
416 318
804 383
462 386
146 180
521 577
573 593
343 577
152 360
558 511
276 707
465 476
506 385
582 60
570 155
565 343
306 379
192 267
473 428
256 454
348 271
576 101
243 227
634 286
668 64
154 753
9 709
763 322
599 141
341 690
110 409
730 441
579 229
214 637
78 644
544 280
118 623
681 788
105 746
179 802
70 386
92 513
771 486
511 217
424 817
96 446
242 437
43 217
499 116
389 509
629 615
767 481
500 804
265 266
660 483
697 786
510 340
608 44
526 391
613 397
26 617
443 397
556 557
760 746
302 29
414 180
218 240
53 620
439 121
256 770
276 91
133 702
99 226
7 461
817 732
361 322
362 45
676 708
236 441
73 617
71 661
61 162
111 10
120 460
399 632
747 146
362 483
179 811
273 783
642 583
275 402
96 437
156 235
260 19
23 529
597 210
636 681
123 403
693 168
677 430
515 543
570 100
474 254
93 226
32 403
778 155
482 14
448 386
585 682
175 396
547 687
314 5
759 470
698 148
55 170
39 507
331 642
284 576
761 57
119 578
283 496
670 764
413 620
15 114
308 488
589 286
632 701
648 410
5 72
133 131
617 538
121 538
154 757
782 272
640 180
300 410
381 655
473 88
327 77
347 204
196 759
36 809
611 789
405 548
230 685
184 774
140 189
197 444
163 356
143 335
362 573
185 394
276 506
297 27
650 651
688 207
619 584
47 163
103 461
568 506
217 204
509 363
364 101
75 343
475 106
809 331
645 725
624 215
24 363
652 183
625 522
211 532
759 575
624 326
753 787
560 479
574 259
740 623
778 780
339 261
384 378
103 691
362 469
342 786
787 131
399 146
40 540
790 363
449 777
625 638
425 198
316 486
287 246
737 411
433 134
643 711
421 402
221 63
331 156
216 282
464 481
398 387
243 787
470 780
766 158
343 443
71 541
348 633
492 615
703 651
120 520
580 198
528 543
619 37
801 218
656 766
179 145
552 575
93 299
220 770
520 243
776 349
814 501
23 488
302 201
674 14
565 146
380 614
713 588
787 136
271 283
791 31
223 114
647 449
6 459
651 383
325 763
671 112
32 103
213 611
622 283
590 299
92 660
123 326
149 715
649 293
372 369
742 592
47 634
801 98
262 587
382 544
533 224
21 444
98 107
126 345
136 165
781 469
263 734
105 235
285 802
536 735
5 600
45 619
399 371
755 746
347 617
12 98
758 689
497 388
652 588
278 771
389 735
817 390
212 86
144 713
508 426
676 591
625 459
255 363
685 304
497 194
103 700
695 165
62 752
266 641
375 21
486 369
626 298
455 404
755 383
21 84
793 235
742 6
2 410
119 664
761 640
252 451
642 471
273 21
720 544
475 548
295 671
188 480
636 57
525 629
214 789
177 719
658 311
344 222
270 145
18 150
664 695
310 813
379 541
385 410
773 721
740 463
540 252
328 203
779 291
376 164
708 621
547 786
786 147
92 791
491 238
464 254
421 770
261 573
353 692
464 12
807 419
307 582
96 38
86 462
130 75
71 39
776 425
151 291
743 766
42 174
730 593
430 238
335 749
253 452
687 305
348 582
757 406
494 267
3 719
560 176
642 409
427 446
266 39
354 779
306 78
487 344
655 566
625 703
75 312
294 409
556 68
439 576
261 352
209 183
556 457
367 297
784 813
307 734
768 385
100 717
787 594
729 419
276 310
590 635
497 263
116 181
353 717
616 203
541 735
601 710
708 814
636 707
80 146
106 399
111 781
74 283
776 719
221 600
572 736
205 457
227 197
741 162
62 312
119 242
414 272
673 66
602 216
639 550
220 796
70 296
815 123
755 592
610 808
241 64
367 512
133 88
687 609
266 46
402 631
143 125
1 349
219 66
722 485
627 692
497 599
98 528
48 696
376 178
11 382
214 662
807 118
586 400
659 113
130 270
254 584
130 609
402 250
793 538
428 698
700 759
740 332
245 485
122 746
727 27
196 703
508 696
604 409
386 391
199 418
291 197
201 410
128 582
314 686
206 496
151 138
281 253
580 709
279 811
339 666
361 54
250 508
529 724
804 13
129 275
59 222
726 55
561 304
373 498
618 508
356 683
132 131
35 514
586 670
643 652
719 194
282 430
261 647
45 764
301 593
784 795
547 777
792 127
344 663
399 521
805 566
535 539
510 729
719 527
481 95
635 119
304 5
782 112
660 418
1 123
700 118
21 104
81 181
154 94
319 770
324 479
223 817
808 378
93 91
612 522
510 518
394 237
585 163
489 297
289 452
54 480
474 415
312 366
700 303
276 137
23 58
54 505
448 232
123 483
140 771
362 290
489 698
365 354
610 28
31 171
497 298
314 166
478 809
9 131
134 703
339 571
727 482
800 492
362 181
519 509
692 684
365 499
8 45
153 297
38 334
339 680
539 513
252 396
364 736
93 489
627 125
494 295
168 616
133 336
407 558
703 557
54 117
361 260
344 332
52 5
678 818
630 638
612 221
189 689
44 271
135 533
545 345
191 466
85 187
602 471
145 321
588 755
95 699
187 330
214 290
617 764
373 171
410 167
67 154
175 485
530 235
163 655
302 578
94 186
591 152
60 382
460 123
390 764
317 564
582 96
529 703
253 481
751 358
348 545
19 515
296 156
793 322
812 240
689 559
301 96
502 318
730 687
43 744
749 204
233 419
15 184
199 175
517 523
573 41
612 655
702 66
130 701
436 569
580 464
545 338
670 508
2 614
761 268
713 516
181 427
182 555
382 484
256 323
555 345
519 706
458 669
426 159
652 706
65 56
590 226
467 508
803 118
541 737
380 797
364 583
249 384
311 226
648 105
775 595
723 226
43 609
407 719
59 341
583 540
177 653
677 599
73 57
533 24
250 356
505 188
311 19
275 561
775 736
796 363
482 178
601 698
377 88
144 628
179 283
421 77
161 809
88 160
223 34
333 403
133 310
372 146
333 219
473 797
682 292
472 190
239 695
314 730
663 732
226 318
779 572
372 766
708 443
238 584
630 614
56 147
450 717
817 800
678 502
458 567
607 184
495 69
315 252
607 631
803 248
467 370
134 618
506 283
520 346
768 340
814 699
61 357
94 648
388 109
390 194
546 739
486 653
406 604
490 704
714 317
608 808
808 229
682 572
166 46
810 415
757 377
616 141
707 131
339 614
709 683
512 558
107 668
717 102
220 514
810 213
593 739
151 640
226 313
660 169
359 680
315 434
343 594
551 227
807 117
592 293
497 28
423 289
280 17
215 466
796 180
618 524
341 680
251 109
214 83
522 695
677 148
606 266
111 817
607 546
431 691
85 515
762 595
524 690
411 320
748 610
14 287
110 677
508 600
256 750
124 495
262 304
375 707
484 55
126 778
412 481
784 314
624 687
567 193
551 764
110 532
716 151
510 338
592 141
574 760
143 167
316 773
99 111
372 279
321 374
27 94
638 46
208 125
745 159
128 173
491 643
368 124
224 774
627 592
303 717
99 252
816 311
247 97
691 480
243 220
730 77
140 572
128 535
553 391
475 448
257 181
6 427
10 58
582 672
752 562
416 561
330 155
701 461
39 298
26 176
134 177
299 569
691 715
818 449
103 329
485 798
641 344
589 514
437 603
227 221
408 37
173 645
600 569
285 353
530 637
2 511
624 250
163 454
1 487
639 584
720 147
244 288
206 296
711 204
705 415
500 762
247 589
729 94
243 358
233 532
164 303
292 356
586 523
175 364
663 258
93 351
82 157
541 631
335 680
284 686
85 83
13 627
124 429
287 419
126 409
714 342
199 136
285 299
124 718
811 752
573 497
423 576
190 256
817 490
815 66
506 22
306 548
36 571
535 579
85 374
757 138
353 425
722 425
408 44
616 710
104 667
709 279
547 686
125 123
254 396
73 323
610 718
368 677
603 155
645 272
301 138
745 579
743 248
781 336
304 178
643 137
242 371
312 439
517 155
534 811
2 259
278 430
210 532
636 562
123 58
485 703
288 538
787 125
720 798
385 558
574 488
372 253
615 147
449 808
773 579
304 117
503 271
124 27
287 131
804 405
347 803
810 201
757 147
531 699
375 607
428 539
399 523
414 9
381 234
695 631
809 330
477 769
224 811
152 749
500 422
652 619
335 521
763 671
468 655
177 731
622 89
491 109
139 655
729 330
664 147
791 351
44 763
151 49
302 429
109 122
602 28
379 358
355 171
660 764
38 631
275 419
331 14
423 630
262 282
690 148
726 117
474 660
747 272
784 294
795 436
407 554
96 538
438 507
149 705
14 788
65 41
32 587
817 162
311 188
547 9
512 229
747 191
275 791
222 777
206 317
154 303
307 657
214 461
509 212
432 235
240 631
152 611
597 549
766 374
161 160
344 693
290 260
226 46
256 156
353 246
227 118
598 91
770 210
506 35
606 11
275 25
738 716
79 594
481 170
766 159
689 400
48 685
303 495
693 51
17 562
53 591
94 117
734 356
3 704
482 350
62 808
243 27
172 101
413 161
288 432
660 230
348 736
60 615
417 47
426 698
355 622
390 334
747 290
157 188
307 723
417 492
565 786
793 121
359 503
133 270
245 9
137 432
49 419
745 373
215 300
420 537
143 238
474 358
54 479
679 311
511 330
433 441
350 123
62 91
80 395
60 470
816 714
191 210
529 157
512 243
587 92
399 799
409 280
386 150
353 294
69 248
445 664
583 733
432 781
15 815
660 794
772 316
497 156
209 248
133 811
707 104
139 195
530 689
639 273
270 460
625 790
79 259
810 631
814 808
302 68
265 647
78 203
583 334
783 696
143 247
733 808
588 544
40 470
810 538
678 585
759 194
317 107
63 396
137 326
432 522
410 88
508 323
654 454
521 729
95 202
613 291
171 336
730 319
245 308
264 472
448 21
108 705
818 539
658 248
395 615
187 497
508 335
224 752
593 191
742 484
388 139
357 360
73 171
100 790
727 172
734 351
361 326
287 373
471 338
364 360
510 283
682 72
574 545
685 527
44 622
654 487
587 509
36 589
59 273
224 603
555 148
662 645
149 144
758 358
505 794
482 37
248 160
103 489
359 180
166 35
234 805
128 544
679 111
508 89
522 539
45 538
482 148
154 681
85 643
450 256
164 171
589 744
285 73
439 294
708 448
97 510
62 198
797 294
361 629
689 694
43 297
801 342
412 638
144 575
622 563
182 588
395 739
662 614
24 271
614 579
481 69
82 582
636 814
467 22
232 38
766 83
288 254
358 750
291 283
4 669
57 26
116 812
278 631
561 105
619 549
265 514
166 396
488 91
140 620
641 590
421 84
151 231
221 705
702 490
244 614
297 580
45 531
136 305
143 348
484 724
362 425
414 230
732 357
143 812
804 524
679 512
425 718
424 695
477 339
408 657
741 497
284 479
708 603
268 632
13 70
324 58
549 20
15 221
281 151
153 108
485 69
294 283
302 44
153 438
791 184
444 755
23 717
229 713
231 725
148 578
384 723
289 311
245 638
316 662
297 572
441 713
617 778
10 248
66 461
268 785
784 58
381 681
82 72
299 511
111 431
573 336
792 674
298 703
45 524
172 148
690 396
528 63
777 352
173 114
456 490
292 443
77 101
222 363
766 631
523 557
23 299
688 270
447 724
185 446
530 661
408 644
115 798
373 364
354 436
735 171
239 342
792 168
421 746
97 377
273 466
11 108
191 110
387 313
333 538
450 52
506 812
14 603
328 510
1 115
130 739
59 382
169 31
740 181
33 299
479 382
24 180
501 210
708 478
691 446
571 91
734 66
128 565
554 305
241 551
302 373
460 204
560 93
190 61
483 53
230 84
782 289
515 89
704 444
297 517
553 50
48 197
40 155
756 369
114 788
405 56
8 420
751 109
501 583
302 5
159 283
753 477
265 635
491 521
113 559
25 205
706 438
726 264
212 232
285 206
140 650
161 448
750 386
71 8
145 721
92 179
384 124
737 322
114 96
166 681
135 685
62 469
101 171
84 802
782 551
35 683
399 223
73 586
300 31
700 611
393 637
48 572
13 597
565 88
107 205
294 259
474 565
254 538
755 518
22 749
259 749
617 582
816 702
502 430
250 319
233 797
362 277
566 562
533 650
753 684
75 117
700 429
633 302
519 374
244 785
423 567
173 672
816 780
636 389
493 758
104 451
216 584
324 422
308 152
733 798
418 488
810 371
379 791
805 269
320 235
357 58
379 478
75 640
740 265
733 452
789 466
37 605
554 713
277 755
332 437
628 605
585 435
407 112
389 645
191 370
685 170
603 146
236 576
550 448
399 170
536 484
86 146
170 443
140 90
356 386
273 79
582 719
22 721
343 274
308 240
687 570
237 385
130 605
664 72
168 546
741 784
423 225
613 742
541 329
797 436
230 287
709 141
656 279
624 802
59 129
304 68
666 554
595 311
633 104
408 64
763 182
527 332
31 235
506 213
52 108
325 458
40 225
699 719
646 769
722 155
679 414
372 107
444 584
300 325
304 694
85 191
660 229
490 705
549 507
92 122
793 598
501 409
740 384
358 286
320 790
604 507
512 559
488 76
323 532
660 479
457 352
250 138
187 275
623 4
226 160
73 168
708 419
817 599
359 796
214 572
674 613
291 238
275 680
241 133
187 449
26 404
244 323
320 564
742 523
68 452
692 702
473 474
608 230
130 781
58 139
721 268
776 188
741 438
565 467
399 638
362 511
586 232
736 88
787 540
113 649
347 686
385 23
684 653
449 471
154 483
745 393
730 808
506 5
363 404
803 90
533 267
790 651
55 603
22 609
630 462
43 245
741 733
786 162
191 139
502 121
309 295
195 332
527 599
677 752
487 577
453 561
257 462
520 74
720 158
628 590
280 690
316 290
135 798
57 540
31 642
505 751
323 400
325 444
93 453
735 279
42 72
353 376
135 736
65 249
316 754
394 176
750 248
491 22
337 609
679 723
689 599
339 631
545 527
450 676
215 370
640 668
309 782
589 513
290 797
476 273
4 710
166 637
12 754
315 783
686 313
210 142
711 569
434 240
207 480
382 522
54 39
85 509
756 322
205 638
132 290
315 2
214 17
440 817
590 4
590 505
667 620
278 304
8 198
56 634
762 31
525 284
351 445
140 555
624 473
121 683
720 365
792 106
702 557
80 273
766 210
467 102
705 798
731 722
45 355
509 42
225 801
497 610
789 150
560 763
480 272
99 156
617 817
616 711
535 459
375 140
423 496
214 577
412 812
586 35
531 235
272 167
164 448
478 277
293 798
259 492
617 612
26 481
464 329
512 141
618 429
291 797
485 146
752 572
21 788
628 265
718 64
370 521
224 644
578 559
558 52
407 486
337 622
525 277
323 645
548 74
179 818
677 31
92 94
203 69
332 717
758 90
311 345
673 232
523 662
557 53
447 748
319 571
256 294
213 607
698 352
718 756
93 676
243 789
97 254
704 2
479 289
662 317
450 553
418 208
801 754
626 197
457 150
3 725
261 814
775 115
281 116
814 503
745 158
744 2
472 35
212 750
270 585
530 704
428 515
129 706
664 20
354 710
153 94
281 17
753 432
409 575
581 102
647 417
731 781
491 634
679 179
679 74
612 780
258 739
167 415
189 760
207 201
464 25
687 211
11 594
643 6
85 114
730 780
761 414
786 55
715 231
239 728
44 66
354 552
371 634
341 798
792 469
200 626
517 672
460 746
458 23
464 242
135 457
200 108
565 692
87 511
549 304
509 211
456 449
57 389
468 738
771 705
773 749
722 698
367 443
392 510
283 369
395 348
141 115
40 517
607 671
611 334
57 715
388 455
154 462
375 703
207 668
355 148
316 410
253 95
474 803
588 563
355 406
222 444
595 377
596 617
61 429
761 183
504 577
586 92
751 598
364 648
643 472
257 693
293 644
125 527
460 187
133 107
465 810
119 555
219 217
704 599
52 650
678 194
511 728
754 604
76 107
331 501
276 549
201 638
617 755
264 442
30 443
86 180
803 353
734 53
384 276
456 699
367 355
611 778
702 2
278 79
338 785
468 172
48 795
530 147
362 114
697 207
677 330
186 19
810 541
43 390
558 299
580 167
714 694
747 75
263 457
381 244
54 26
510 55
57 652
153 128
768 541
384 718
506 336
557 158
199 215
737 388
311 83
394 533
646 234
8 589
670 404
654 370
180 798
306 625
358 457
787 591
187 705
683 340
616 198
318 566
339 266
539 718
329 202
645 318
454 178
456 173
554 4
166 198
223 256
758 209
499 209
472 650
86 563
782 12
674 685
161 403
737 767
590 526
627 431
494 431
97 395
554 205
190 461
500 112
119 100
283 538
250 174
362 599
120 318
654 327
662 26
518 255
573 437
591 778
354 746
651 279
580 503
189 768
571 553
532 785
368 423
179 728
406 2
135 15
104 599
66 818
5 29
656 318
676 232
783 640
73 137
147 248
741 38
388 246
560 367
570 416
502 764
67 506
175 5
360 197
196 158
400 369
381 561
493 460
402 419
223 178
26 794
118 396
494 283
45 431
708 113
467 315
656 732
647 174
434 605
169 559
12 307
256 575
540 378
574 292
481 544
379 237
307 779
743 98
263 393
266 447
817 181
729 752
128 40
70 7
58 599
130 424
757 215
62 747
265 253
727 494
49 195
322 419
69 181
270 789
678 12
305 180
406 49
404 91
2 564
685 513
477 545
68 72
35 202
401 811
365 69
40 799
661 157
442 671
654 739
27 385
27 452
463 775
580 700
231 299
658 286
452 446
82 812
535 457
41 251
460 302
460 763
82 98
7 104
310 598
412 393
33 401
103 135
687 335
803 808
18 16
365 359
95 695
173 516
57 14
633 277
467 30
509 494
497 754
234 55
73 769
2 105
610 498
149 161
153 696
242 397
619 541
727 340
23 112
730 101
692 732
676 694
143 114
537 661
425 377
61 112
617 583
483 632
67 121
234 17
459 407
342 667
608 782
626 101
266 512
259 181
596 701
78 716
65 584
523 577
102 471
553 684
528 79
433 695
359 508
766 68
452 127
327 712
36 382
476 755
477 678
319 156
97 376
278 663
317 29
392 279
763 53
374 667
449 141
602 381
231 717
624 797
783 671
715 765
716 197
38 788
4 217
479 162
636 250
48 632
654 55
748 182
23 159
328 334
71 750
93 487
675 332
439 74
42 106
26 288
246 785
390 650
45 410
598 336
377 76
98 4
343 686
432 448
182 232
185 564
274 722
349 377
649 83
245 77
134 549
642 346
247 531
646 662
250 750
253 157
163 342
602 355
739 513
757 285
740 379
762 799
223 503
99 24
718 170
504 284
159 377
782 340
509 441
703 235
247 409
298 104
120 317
618 68
463 235
654 627
391 584
768 787
415 69
453 146
517 179
662 499
417 90
94 650
741 410
1 749
450 814
622 503
697 632
731 373
401 242
75 487
370 579
63 548
372 578
692 94
640 689
128 811
716 100
37 378
681 593
22 605
573 579
687 197
449 340
529 210
434 205
145 796
661 411
720 169
438 575
756 543
388 644
170 723
762 677
219 508
217 83
757 365
714 743
530 422
529 694
487 287
453 155
211 204
241 27
516 438
335 155
649 131
302 746
303 279
654 741
125 371
159 388
70 412
751 222
678 266
458 492
629 131
740 680
207 683
335 429
245 650
581 469
636 219
800 388
732 583
12 56
697 329
74 105
510 294
493 370
646 740
565 498
523 25
740 361
388 390
686 293
491 514
375 171
303 117
359 120
640 363
217 69
237 635
110 44
560 481
702 735
613 630
500 50
505 732
378 594
21 14
716 792
384 437
504 727
314 375
243 135
337 491
65 238
410 329
818 378
106 56
263 485
54 776
613 265
741 74
294 113
538 518
228 160
818 631
619 807
265 768
303 141
696 754
487 762
32 422
500 418
348 156
97 558
3 619
23 258
478 438
262 212
173 348
395 667
677 758
469 657
556 300
128 168
458 572
311 242
573 710
80 6
649 800
462 319
67 630
391 769
341 225
397 655
22 537
592 540
458 399
807 531
756 295
175 717
80 149
578 396
190 531
386 749
674 494
270 86
296 2
647 481
353 666
634 64
688 547
597 155
191 496
103 768
416 388
677 765
56 739
588 68
491 351
224 356
811 20
423 150
485 30
379 663
782 657
678 648
781 455
261 9
520 181
370 645
424 416
667 492
558 184
6 277
692 766
442 273
497 579
601 96
412 212
161 388
73 466
539 756
369 209
612 107
724 445
687 86
672 552
579 799
732 701
120 813
255 112
681 572
97 719
401 107
493 39
561 470
523 667
374 157
26 756
486 780
782 745
453 424
678 398
25 382
315 347
758 390
809 287
88 282
197 88
750 422
219 231
682 411
521 689
24 503
229 644
351 707
119 319
632 311
527 346
250 562
522 79
275 294
179 623
684 749
629 545
703 750
313 799
390 799
262 565
214 588
684 58
730 197
358 69
478 507
739 701
348 513
792 628
685 213
206 701
709 223
283 518
770 735
337 542
59 5
494 248
791 98
81 671
353 517
805 127
581 346
586 480
766 147
489 536
570 486
625 526
493 64
537 23
775 117
299 267
564 760
691 496
303 323
219 562
343 744
586 245
418 769
716 214
244 316
404 393
667 107
206 789
27 389
501 454
300 298
357 796
801 737
707 499
14 811
435 786
647 621
573 93
439 810
594 322
8 118
707 554
673 654
124 21
568 253
381 119
290 355
790 669
292 536
439 492
208 581
243 385
605 601
672 737
710 105
36 587
263 55
182 205
699 280
458 237
276 116
630 335
629 800
262 510
190 776
765 66
603 363
323 390
487 305
90 391
553 549
504 665
622 764
168 804
520 679
57 303
512 216
45 482
727 607
329 178
31 521
583 204
525 502
453 498
401 193
573 86
187 263
128 340
315 497
126 515
541 141
28 557
447 163
602 397
50 638
730 525
237 779
395 810
2 765
367 461
403 764
558 286
231 53
743 155
408 169
375 157
801 110
140 6
530 49
8 730
756 170
71 211
233 171
476 110
317 242
292 50
153 578
577 701
264 603
687 689
302 349
565 691
92 625
130 816
337 634
260 100
741 466
192 594
817 386
502 356
340 391
305 369
449 310
52 563
92 736
787 576
20 690
13 5
465 421
677 5
374 791
529 9
748 411
531 733
329 552
514 393
292 113
537 121
648 543
385 577
668 578
153 320
597 159
601 255
317 777
587 406
508 711
124 397
368 716
752 17
77 812
243 572
249 242
263 731
285 500
432 776
70 341
74 562
550 579
129 387
281 186
479 121
264 721
724 818
450 122
753 659
741 797
510 672
648 695
168 620
757 310
216 156
619 317
626 723
143 679
509 632
426 272
597 303
323 197
388 769
127 334
561 527
746 72
250 53
175 429
306 268
660 376
679 123
402 430
630 751
54 510
218 668
703 113
465 802
318 668
373 484
182 121
579 64
622 462
587 47
536 437
455 695
2 320
682 802
223 220
776 334
336 427
380 396
498 148
180 799
463 704
126 119
71 818
607 652
701 481
574 394
243 204
447 259
340 260
4 378
604 390
624 135
617 273
623 524
254 684
501 387
187 411
775 634
337 350
598 218
133 47
198 180
128 555
384 453
239 615
285 361
166 342
295 220
80 206
394 650
207 448
262 624
268 258
744 739
586 222
753 233
458 778
34 170
189 682
444 195
282 226
635 304
508 443
343 161
761 334
219 18
203 25
362 227
314 409
278 94
744 334
249 427
263 544
567 604
206 103
805 268
13 796
789 253
397 101
791 148
243 610
647 773
447 409
432 174
341 364
501 259
92 275
93 561
124 396
631 336
814 485
337 412
82 290
521 461
121 696
22 713
159 442
732 360
535 341
574 607
295 543
459 686
667 69
495 488
781 554
502 320
175 657
716 21
507 698
539 49
110 159
406 413
384 815
673 629
648 310
426 621
425 739
127 330
377 304
619 288
485 409
359 94
731 516
316 195
553 292
199 561
325 772
550 156
132 799
39 637
26 428
408 31
693 53
744 665
815 700
75 383
430 330
86 440
791 723
609 176
384 686
166 320
409 338
535 405
196 82
177 44
641 778
432 277
35 90
92 409
795 256
135 544
265 303
709 6
508 683
567 232
78 435
716 691
42 588
368 513
97 520
24 280
5 277
549 165
689 90
727 486
599 429
258 156
189 251
676 146
491 682
732 364
57 574
386 668
758 374
375 502
423 667
173 708
779 41
747 54
196 304
23 156
450 349
805 399
681 241
168 273
395 446
244 36
465 782
482 164
257 73
557 246
196 327
325 357
491 62
364 192
697 79
366 164
186 221
602 520
43 131
145 808
462 6
300 165
319 411
304 539
308 268
656 405
86 232
640 127
608 585
328 763
42 754
386 81
772 550
627 291
670 79
84 611
434 216
308 705
402 378
223 452
705 115
560 277
523 411
670 222
341 657
361 376
231 605
344 21
417 225
254 461
589 331
111 588
42 735
23 479
597 507
670 361
727 221
25 112
126 630
15 188
105 146
18 701
597 770
701 429
530 296
8 422
446 694
121 393
339 318
323 152
142 764
515 569
606 159
409 516
516 680
483 711
574 449
299 419
756 437
653 38
268 767
136 600
456 316
626 526
317 147
21 572
522 514
375 100
48 43
399 498
413 721
533 609
626 5
211 205
185 134
624 322
268 446
745 523
63 794
47 466
379 328
549 503
112 167
476 408
92 117
774 105
499 553
52 369
45 67
630 818
121 100
98 377
597 230
751 316
28 167
465 655
48 813
747 467
160 471
296 715
327 334
608 416
460 570
423 646
143 73
602 130
379 464
812 72
252 271
714 430
326 471
641 324
93 504
629 17
151 621
62 24
687 497
301 86
580 417
802 6
804 809
582 699
381 275
55 107
809 72
557 46
276 161
207 225
689 546
542 220
11 225
65 221
485 341
547 806
487 49
294 311
182 545
298 226
534 511
39 66
739 197
271 205
759 723
307 333
137 462
57 815
85 384
156 592
711 588
86 364
659 666
550 672
608 423
495 799
424 638
521 336
229 127
596 102
136 327
764 147
782 393
86 479
87 455
769 514
568 633
58 142
602 609
479 594
762 599
64 686
816 611
798 194
486 640
424 282
215 52
500 134
128 304
530 513
767 755
520 753
554 251
136 16
137 358
249 489
467 542
502 446
747 499
395 103
107 657
18 419
347 277
152 293
153 806
62 694
411 752
405 358
753 611
557 717
594 576
128 286
510 441
241 187
483 253
347 411
351 732
688 779
92 748
620 736
342 155
45 243
1 283
367 129
5 89
762 606
724 777
216 769
136 701
141 543
738 706
558 400
579 781
609 391
523 444
68 689
306 228
659 494
751 735
219 322
768 320
296 349
493 699
84 554
599 749
33 756
286 198
235 167
418 669
271 109
537 721
565 701
353 269
116 799
229 235
390 735
302 653
172 182
782 411
323 541
316 478
749 286
366 686
96 451
247 89
703 736
485 780
179 116
523 525
71 496
709 68
288 216
784 165
531 595
641 300
474 535
284 442
618 26
361 288
97 292
79 769
206 699
27 295
673 755
464 279
208 69
199 29
401 110
186 114
747 83
406 665
192 783
38 404
359 780
177 349
199 359
519 542
349 631
117 293
154 138
9 754
138 64
191 734
399 433
33 382
748 342
107 358
271 155
2 413
123 377
429 162
294 733
405 507
524 570
264 75
320 543
782 269
12 760
731 240
182 235
144 379
127 760
420 630
365 744
370 415
349 793
761 3
522 758
156 403
138 162
103 323
140 719
380 11
491 158
733 705
475 248
275 7
741 818
208 631
562 538
301 401
711 127
215 250
52 776
628 514
460 744
702 269
649 391
327 486
636 17
395 542
288 430
414 798
61 816
627 773
494 780
190 447
245 816
526 419
380 454
734 525
402 727
93 817
556 431
350 256
708 644
639 688
603 813
362 377
380 136
128 721
805 185
12 579
242 105
236 186
426 96
216 52
688 483
341 728
391 543
315 256
54 706
808 429
628 88
519 475
577 112
664 756
597 450
682 793
584 30
196 375
418 166
389 485
236 427
159 515
93 302
742 369
408 287
65 194
174 330
33 505
253 211
335 752
771 449
113 254
647 452
485 806
65 115
61 745
53 466
128 322
554 41
295 788
349 721
541 178
43 81
703 392
619 581
809 397
103 454
703 752
398 774
582 411
590 417
187 561
392 391
391 210
225 604
712 326
227 336
134 780
545 623
233 358
801 513
270 363
643 323
720 453
96 788
761 722
797 794
281 595
32 12
33 498
456 669
273 313
413 578
140 26
222 697
387 305
426 195
428 629
265 813
379 225
786 611
454 765
570 186
36 421
662 812
610 469
242 718
115 100
606 360
781 286
484 279
179 109
390 796
608 766
515 90
643 809
140 125
57 649
107 811
43 272
742 146
155 20
502 205
247 515
507 648
687 650
215 701
267 58
610 577
458 111
207 765
315 580
475 783
678 110
470 767
235 83
750 157
473 618
130 477
665 817
685 56
744 790
327 721
726 591
502 441
103 818
142 251
742 571
456 275
43 487
203 507
85 721
130 554
795 799
133 412
236 88
317 538
628 495
230 293
119 372
547 337
453 517
590 517
366 798
590 435
441 197
43 806
127 457
298 76
616 511
702 56
467 760
299 360
432 507
394 526
215 15
143 393
486 268
76 471
558 470
537 770
98 538
762 56
174 242
412 619
380 61
586 752
697 280
22 677
477 11
520 649
116 170
596 199
209 195
637 813
302 405
708 760
103 412
324 95
316 776
199 598
716 163
529 233
810 168
613 549
317 104
337 679
166 211
536 411
289 785
245 95
219 208
771 287
351 386
678 636
627 684
816 595
161 255
529 377
604 165
713 813
272 267
327 405
260 746
367 628
27 377
346 181
525 304
49 127
654 379
250 712
492 180
161 806
473 129
440 588
131 455
99 644
173 617
401 712
690 183
600 638
675 108
43 201
608 532
550 651
571 79
67 707
327 809
166 255
647 772
744 659
119 661
393 158
438 437
530 585
225 304
401 816
270 574
809 518
368 754
40 367
111 743
814 426
669 637
48 415
767 334
417 539
162 139
722 589
399 330
55 756
495 651
354 739
44 286
500 307
542 254
484 469
190 79
673 416
359 573
640 98
70 5
52 528
110 619
809 800
681 436
132 19
189 531
336 41
482 72
616 651
263 77
504 165
621 719
549 686
753 440
732 180
489 671
207 494
578 238
59 148
172 598
504 607
485 94
216 83
767 197
481 811
453 165
143 546
724 615
535 764
420 306
449 583
315 76
225 625
401 769
264 457
607 724
599 334
786 668
346 167
92 410
129 335
166 15
149 76
593 226
172 482
466 195
312 526
35 407
237 410
202 396
22 590
60 501
242 496
741 79
464 570
484 419
121 623
232 81
540 705
51 234
87 333
201 76
510 411
316 657
813 248
597 758
25 326
608 68
196 305
106 268
382 28
771 370
276 236
111 424
792 322
630 189
206 366
804 637
159 404
413 592
460 530
753 806
511 50
773 427
403 336
171 514
26 342
300 601
10 396
726 389
636 200
375 404
468 810
656 603
298 802
126 479
207 538
304 575
519 752
652 186
297 177
747 484
341 405
474 791
273 416
55 317
522 434
596 413
816 91
543 637
526 527
190 178
603 293
89 469
53 690
8 728
259 600
27 175
78 241
61 135
262 455
190 629
751 544
513 411
677 562
782 200
19 184
246 147
793 188
716 808
228 181
375 806
85 71
674 59
675 443
54 611
509 113
439 769
347 257
628 505
494 208
477 104
80 457
633 293
281 376
370 82
111 286
502 16
709 152
177 319
639 140
587 728
217 224
56 696
236 657
128 254
168 369
572 209
315 681
498 715
551 566
743 162
265 103
546 295
468 602
654 625
675 153
75 738
730 164
44 371
375 231
483 616
466 29
199 37
395 596
144 655
658 210
355 454
269 576
36 287
168 260
590 87
423 518
496 780
99 600
693 142
502 567
581 37
449 236
704 246
362 272
488 540
163 555
274 401
494 219
316 417
483 691
155 446
599 705
642 147
331 818
135 89
143 657
182 3
554 549
556 244
6 648
779 648
375 534
527 320
506 284
486 405
435 642
628 297
807 543
773 667
380 120
225 669
435 515
412 549
803 239
34 125
362 70
592 469
476 400
206 519
556 615
776 256
234 411
651 195
602 421
252 750
625 407
751 516
274 392
239 366
601 615
130 240
632 10
73 65
745 301
213 248
67 140
694 246
806 796
788 383
797 502
166 277
426 21
465 675
300 433
85 709
85 368
729 79
200 220
16 632
454 16
384 439
366 214
476 37
40 537
704 192
678 303
175 725
470 719
343 226
550 510
753 706
274 112
421 314
42 212
725 305
249 35
250 761
173 813
135 484
18 566
646 733
2 224
43 424
334 89
73 15
321 369
600 559
278 352
527 156
620 594
487 446
786 102
71 240
401 441
57 610
223 382
133 695
523 390
564 749
764 50
583 416
631 122
587 30
550 102
675 503
55 694
57 723
804 27
6 94
738 388
523 535
815 6
625 397
708 537
549 539
640 466
163 609
475 380
359 335
271 226
27 289
461 600
269 216
236 338
15 341
418 555
63 310
527 777
555 765
314 289
208 634
392 743
176 746
412 364
465 480
473 439
325 94
241 179
114 387
186 532
482 655
425 578
409 69
439 746
356 657
456 259
459 729
469 777
164 300
457 318
257 137
420 323
495 777
519 89
317 794
799 193
341 89
337 699
604 721
326 541
37 139
784 498
702 98
320 811
663 212
504 234
357 308
621 551
711 240
307 793
200 497
36 386
720 691
68 96
774 400
171 806
745 717
138 779
506 788
527 601
551 582
165 466
664 794
737 356
39 505
77 715
498 400
388 183
118 712
376 23
250 135
331 29
507 540
61 492
713 461
780 334
442 629
296 99
613 631
647 64
647 527
651 346
651 584
484 796
232 139
583 653
639 368
499 514
324 699
450 159
353 659
222 319
416 105
442 113
633 815
172 426
407 774
484 404
672 802
328 194
192 170
785 178
604 786
398 138
2 188
352 313
171 799
194 202
731 289
486 224
73 113
734 293
527 115
681 370
792 267
739 113
703 95
814 54
28 767
417 620
308 501
291 23
771 724
519 679
9 749
225 690
402 47
264 115
205 167
551 770
791 178
789 577
224 403
142 116
182 618
128 477
644 286
402 161
617 686
445 29
708 371
376 252
708 645
87 168
621 100
334 638
400 386
13 213
668 698
203 471
59 330
593 707
354 556
602 475
653 116
32 296
267 204
502 449
642 455
815 124
737 536
78 190
295 72
523 31
227 298
817 318
440 99
232 342
52 74
70 345
529 419
754 156
592 79
630 523
6 58
500 465
324 64
672 284
815 459
503 147
762 555
3 717
465 370
228 168
221 393
258 181
540 259
314 316
10 335
589 217
671 461
505 430
585 497
277 575
120 278
201 530
474 656
733 644
133 211
791 114
31 238
741 137
137 576
264 344
249 382
306 767
456 350
731 495
401 638
803 717
805 449
687 584
544 127
374 390
554 539
802 197
306 94
569 105
681 58
298 383
143 355
277 559
738 665
315 590
237 577
706 671
726 17
156 764
140 217
281 132
731 198
34 599
218 488
274 70
130 451
349 205
477 56
556 560
423 220
580 276
328 59
639 252
8 553
643 209
128 789
474 212
495 3
613 428
140 800
560 381
559 415
328 495
376 452
673 178
285 321
757 664
74 378
129 266
40 806
593 507
22 63
498 436
697 690
682 567
132 29
204 280
711 431
396 352
608 147
75 457
298 293
285 610
138 108
724 391
754 335
615 496
728 66
177 407
395 88
531 631
325 220
810 210
613 796
807 290
537 471
97 738
37 293
333 343
777 430
348 186
226 576
258 579
85 1
103 813
144 605
362 812
625 20
810 712
484 610
772 538
241 248
95 749
59 772
468 322
228 450
162 105
191 661
716 802
507 576
459 272
534 226
258 425
399 174
8 310
778 205
500 545
16 267
543 538
177 63
31 756
605 620
614 562
401 281
183 698
60 634
166 428
810 797
158 345
525 438
9 615
156 5
563 767
212 788
804 294
734 750
391 369
187 300
103 702
687 235
32 138
470 614
714 55
73 728
571 101
130 539
675 650
59 342
663 537
103 254
465 38
374 557
504 478
711 91
804 591
73 681
183 514
203 320
611 95
702 209
43 257
575 760
407 317
449 554
763 703
784 88
362 124
802 53
273 387
555 807
274 749
626 406
520 546
61 808
742 673
814 30
249 678
579 158
405 109
274 435
365 701
42 346
801 252
99 90
736 796
504 746
46 669
647 31
485 414
225 765
640 576
473 382
403 538
273 631
8 341
206 536
173 720
213 260
176 496
776 749
52 755
182 156
626 31
610 760
321 132
662 490
719 176
353 308
408 468
102 146
134 355
103 175
213 800
144 676
126 579
532 383
474 406
627 68
187 774
86 64
370 231
759 579
812 543
763 510
473 197
123 488
214 348
567 550
617 711
742 649
295 53
574 357
247 284
719 188
140 665
625 63
329 29
298 122
670 679
710 69
620 648
731 448
218 181
228 276
419 108
682 772
737 428
5 777
207 803
497 391
581 184
377 105
656 1
305 117
694 50
163 19
381 696
316 10
627 640
810 96
612 671
276 708
812 457
298 156
816 327
679 575
138 351
780 559
731 750
676 616
309 662
381 809
12 272
630 815
737 371
172 114
176 544
174 47
130 33
603 101
587 600
734 793
149 621
660 529
126 377
438 469
358 611
199 349
561 102
185 4
653 760
143 752
316 542
520 364
473 153
795 202
809 631
3 448
810 277
722 179
688 111
377 533
229 540
804 715
56 386
359 564
167 576
666 756
422 157
208 196
487 132
300 167
504 656
728 378
805 813
489 699
256 330
530 424
60 397
439 731
208 83
634 403
350 313
727 756
467 501
567 813
381 61
56 231
805 651
183 363
519 397
460 518
245 355
815 252
265 125
565 639
536 721
159 258
602 96
53 198
625 717
681 231
166 664
467 456
580 17
586 653
716 25
679 231
524 254
244 510
131 104
511 788
117 548
152 600
765 332
652 446
212 787
174 387
507 404
784 211
307 244
771 74
771 24
77 332
132 404
386 403
685 728
448 774
376 390
670 521
818 430
359 696
252 584
626 176
602 514
298 538
367 584
560 786
228 404
84 369
440 91
649 17
201 699
628 291
490 310
775 742
800 91
636 104
191 780
413 108
250 14
803 316
608 799
347 232
395 804
624 444
60 89
281 215
526 817
12 353
345 644
90 577
491 801
697 325
453 780
293 615
674 180
665 121
539 422
794 162
741 121
154 5
375 175
48 815
782 78
179 55
72 91
487 649
643 604
127 575
54 273
700 24
168 377
287 572
560 683
447 677
708 88
47 569
598 699
247 520
505 728
759 545
367 31
679 4
499 96
75 433
573 802
439 356
744 508
647 448
504 416
33 449
179 286
114 204
185 587
331 107
539 117
461 345
339 612
654 294
412 597
223 788
593 749
499 20
525 452
621 58
360 131
621 776
641 791
537 236
265 51
16 184
312 667
168 352
78 88
189 416
730 470
374 425
7 245
57 684
784 495
659 525
744 717
40 229
493 565
475 261
23 484
172 303
463 237
525 632
589 653
97 535
590 345
384 295
555 317
169 650
520 755
99 28
12 702
523 622
732 746
653 393
711 253
144 525
347 645
143 369
751 524
367 429
795 763
208 644
190 227
467 681
193 240
523 393
766 791
678 457
782 653
16 28
219 551
164 108
129 357
42 10
558 180
568 614
375 169
544 769
374 416
121 764
779 267
213 665
309 405
475 462
537 383
420 325
441 696
392 479
653 305
582 217
531 793
324 771
130 186
775 240
681 568
283 363
666 140
297 364
744 377
500 607
708 263
232 600
681 676
512 570
417 442
36 562
642 181
164 4
365 314
383 559
613 551
731 787
499 226
192 197
526 576
800 95
198 657
491 492
92 147
476 600
663 403
645 759
9 52
264 268
227 438
547 426
762 516
361 150
36 100
55 188
662 105
39 336
587 134
282 176
636 140
29 346
535 118
397 637
586 680
808 95
77 35
537 484
759 118
640 642
83 452
568 3
12 52
552 221
146 72
639 456
495 238
351 277
136 548
29 49
655 694
814 623
493 68
384 317
684 422
297 188
512 98
12 410
561 181
392 179
410 318
321 806
485 544
228 114
38 280
740 672
365 597
523 799
702 400
479 6
375 253
13 360
635 415
728 732
33 493
658 357
306 498
381 309
199 722
419 181
679 517
350 700
576 171
397 538
467 567
508 499
169 513
685 443
166 167
408 49
652 666
424 516
161 282
436 711
399 29
607 503
735 706
349 387
774 283
524 604
272 259
709 616
134 650
608 143
783 667
203 232
257 638
639 345
667 108
51 316
264 116
26 668
617 91
306 60
659 631
381 462
474 80
661 679
354 101
685 662
407 798
546 280
319 104
250 353
138 459
587 479
589 559
143 768
368 578
568 527
200 136
582 197
407 655
214 405
465 90
787 427
608 23
132 541
647 32
153 177
648 334
467 743
433 779
710 576
586 185
373 349
491 96
95 788
365 583
735 600
683 155
224 105
191 384
800 322
11 40
770 156
141 513
803 770
91 532
554 388
627 582
350 227
177 326
57 223
119 776
766 336
265 220
394 312
81 584
679 570
564 705
537 514
700 90
472 817
356 471
423 360
354 548
141 578
266 616
339 50
784 528
22 131
506 148
35 662
487 609
698 631
166 553
557 155
614 387
173 199
488 252
70 571
398 66
389 577
296 89
314 280
595 82
784 280
318 181
229 139
727 156
504 592
485 684
487 535
493 262
365 14
249 87
645 629
133 256
687 681
118 50
88 330
62 2
346 24
315 181
189 638
5 785
800 717
782 635
289 773
753 355
551 176
312 23
667 777
392 538
814 765
191 289
106 552
124 351
17 710
677 165
792 386
664 561
103 424
718 89
126 14
48 347
650 409
134 254
119 3
448 139
229 591
582 311
748 126
587 373
270 3
440 576
4 542
366 444
150 451
297 781
97 16
505 447
395 424
565 514
145 171
329 105
310 5
431 671
442 799
270 35
244 283
278 615
172 619
47 521
29 238
657 717
302 749
507 28
680 4
633 186
537 240
314 129
779 773
482 159
652 90
429 79
603 371
343 649
201 336
37 538
59 395
370 553
43 607
62 217
528 658
450 186
177 594
35 696
179 786
270 10
440 583
297 330
350 643
59 208
261 551
262 256
299 534
377 346
70 667
582 441
743 409
142 655
426 416
456 209
166 655
560 807
521 74
504 595
49 403
68 393
771 662
782 581
52 184
470 411
236 122
492 455
496 471
497 479
61 694
740 698
372 7
616 488
761 90
49 601
321 796
286 798
281 370
714 278
625 689
662 30
773 9
482 382
737 28
282 346
361 419
34 267
418 343
130 608
516 695
665 718
387 294
317 18
526 649
543 725
688 548
616 518
52 272
731 655
788 794
734 353
754 812
323 31
423 268
706 251
153 344
528 260
447 410
359 193
582 451
267 695
219 327
92 494
462 790
687 623
606 176
232 334
767 69
804 710
269 536
793 701
151 72
365 211
404 769
556 646
151 105
708 311
726 743
602 452
55 760
641 221
143 270
571 233
131 122
314 569
97 191
276 685
522 72
479 486
815 717
502 600
693 225
34 373
56 677
424 627
420 429
775 48
306 97
652 683
154 522
423 304
175 581
784 397
662 197
417 212
626 586
464 23
795 149
784 413
816 579
339 324
797 481
677 443
569 141
18 253
681 30
476 398
166 13
42 698
497 6
373 711
745 422
249 457
423 463
782 203
325 554
675 817
640 789
770 393
681 157
130 447
39 91
667 563
134 373
687 129
40 692
58 24
377 160
585 414
295 329
89 532
210 280
718 226
412 433
97 33
685 480
530 188
813 246
580 714
814 689
11 201
685 136
87 250
103 538
398 441
776 572
75 163
682 345
593 479
520 585
722 176
306 581
299 340
483 416
232 743
232 188
216 406
15 176
347 576
646 612
94 690
499 604
692 579
199 581
730 131
614 796
473 295
735 150
370 787
60 398
739 358
426 151
275 300
319 511
321 513
485 392
432 524
269 801
613 400
310 248
368 637
334 313
137 662
389 525
563 334
213 286
59 538
3 254
632 694
502 695
222 25
290 735
760 778
300 707
716 213
281 788
245 754
483 484
676 422
90 769
269 515
473 114
707 292
432 452
738 404
59 518
478 651
617 733
373 4
211 217
526 352
468 232
472 577
36 281
488 155
365 341
37 648
264 611
276 781
299 41
390 615
372 758
764 176
451 170
287 229
734 349
483 107
311 564
385 296
522 443
278 541
463 6
507 451
692 260
583 104
395 339
473 688
597 631
727 680
467 219
583 690
288 49
586 248
676 567
298 203
664 610
663 161
276 165
569 238
116 548
561 430
482 804
447 778
