16

937 972
561 588
420 114
733 436
330 241
624 375
145 479
445 225
185 66
694 937
617 754
358 158
147 724
152 894
506 661
551 405
635 686
634 275
684 473
375 695
392 872
282 392
302 282
608 511
865 743
801 863
23 356
881 198
257 668
276 504
376 219
400 804
531 686
538 28
594 743
469 383
826 587
99 720
505 488
82 542
749 106
539 35
7 137
295 37
886 121
825 62
915 38
740 371
333 899
676 144
574 572
663 686
793 411
34 716
767 308
46 104
541 614
359 163
202 934
263 122
841 813
845 366
164 754
898 190
843 611
284 438
789 649
310 136
343 218
530 191
704 158
451 547
465 914
22 148
343 862
341 32
80 228
700 285
120 518
858 150
326 894
21 894
151 803
508 96
568 651
822 609
478 690
395 748
245 717
274 42
853 54
279 541
83 722
228 560
694 698
365 636
887 384
709 928
660 389
745 782
730 25
397 811
286 186
134 29
597 27
116 98
552 661
296 499
94 118
876 612
444 65
55 290
149 76
572 554
886 345
858 590
331 772
54 91
284 124
86 176
226 545
76 305
51 438
163 669
129 330
583 221
698 583
736 225
460 194
369 275
290 371
823 380
426 518
89 617
541 222
407 110
287 567
448 101
487 927
291 614
530 472
297 485
639 661
915 840
438 259
600 339
76 372
258 115
915 211
121 511
86 209
908 588
517 333
284 482
594 637
347 395
423 53
583 188
164 28
725 722
363 333
118 451
389 809
100 647
368 656
892 683
153 703
766 617
677 333
559 705
549 825
179 355
507 741
44 286
536 553
695 186
250 29
811 316
331 253
114 711
339 591
453 346
552 530
457 799
372 847
704 765
413 388
692 859
168 900
67 47
565 239
891 436
862 789
674 382
404 286
699 134
60 354
871 382
72 349
838 261
811 398
294 919
427 50
93 218
364 168
863 892
517 613
339 198
258 287
234 365
725 317
134 609
802 95
717 710
10 213
34 310
386 482
202 471
148 306
432 499
310 782
116 238
560 423
579 920
834 567
243 562
473 299
485 869
601 900
180 209
324 260
402 698
540 21
446 479
724 2
127 564
581 97
860 184
580 257
607 151
912 561
121 176
479 29
797 818
923 87
866 296
44 70
513 805
509 396
394 430
648 381
475 203
116 563
250 339
88 843
922 665
41 209
314 166
731 596
769 716
672 148
226 456
692 393
749 90
422 789
299 33
601 673
180 169
463 667
364 468
35 131
569 270
304 375
13 763
419 64
203 481
424 925
269 779
619 686
34 591
383 53
882 640
764 689
420 307
916 433
115 714
389 685
832 185
741 820
349 599
827 260
734 560
672 263
126 499
924 698
98 602
859 796
661 14
472 862
48 74
113 423
5 202
30 55
296 543
886 499
570 262
142 538
177 268
789 134
131 474
291 241
823 632
526 872
476 511
773 202
866 764
736 921
381 585
679 888
524 646
824 900
268 575
651 641
558 591
845 93
71 74
447 30
638 338
457 8
303 140
509 817
619 526
178 133
153 634
225 581
834 557
327 16
411 582
53 171
702 36
396 375
560 440
462 439
523 723
624 615
916 752
659 104
408 199
114 697
223 105
91 466
479 720
911 618
686 390
6 532
742 258
689 150
268 458
540 632
504 309
906 109
750 918
888 393
478 635
588 221
709 236
369 11
776 575
330 855
592 827
702 250
111 530
608 894
530 341
126 342
364 328
10 837
242 86
693 886
248 337
130 341
370 596
460 849
212 123
188 288
25 834
137 83
740 638
265 401
844 318
703 425
8 901
633 211
248 634
481 921
643 742
218 874
458 855
520 379
334 477
294 302
395 856
928 603
449 227
838 519
829 552
889 133
124 119
564 138
322 269
322 758
906 16
460 266
524 732
359 767
433 658
896 33
627 828
158 928
744 875
350 233
874 762
712 291
745 796
654 710
479 582
218 643
343 550
35 241
505 22
599 626
835 389
815 667
847 249
783 372
29 361
223 782
408 515
637 197
160 113
396 265
616 40
499 598
701 302
570 108
139 781
61 70
475 599
620 143
166 424
139 644
670 736
433 423
295 155
856 630
306 349
839 722
462 308
185 29
6 304
877 662
931 207
96 328
543 391
910 499
119 247
339 654
784 105
119 78
324 492
368 21
26 928
275 151
698 909
568 682
708 10
201 291
483 460
47 727
372 454
799 203
675 93
521 918
816 299
633 929
365 347
312 793
380 717
515 457
432 234
424 615
96 644
7 352
401 603
318 7
171 563
580 841
902 212
899 352
302 23
105 432
697 652
921 39
541 862
10 297
723 74
91 92
271 399
256 91
254 308
524 903
62 3
843 61
321 37
583 501
885 197
852 837
344 75
104 194
547 207
890 326
691 211
188 93
841 668
132 333
850 495
270 449
394 475
540 731
350 313
543 373
759 527
324 701
450 646
885 186
222 613
870 63
516 184
839 146
920 249
322 800
282 713
299 347
659 717
890 816
109 788
708 225
904 602
14 908
566 195
708 874
477 572
737 825
117 384
522 696
680 33
550 463
915 560
312 688
626 816
326 601
172 845
336 46
521 664
424 432
81 356
413 891
583 109
501 506
443 910
249 518
79 416
834 852
233 732
916 32
44 357
199 181
462 558
521 255
102 625
653 725
148 443
222 326
766 140
467 658
180 108
175 248
132 690
495 126
640 653
71 103
571 582
563 777
752 374
268 260
243 419
514 104
660 805
176 19
392 613
260 107
693 409
392 35
366 50
615 783
921 838
268 711
364 176
835 715
332 755
839 243
933 559
414 336
809 511
483 411
747 491
8 121
734 167
726 119
224 230
484 261
749 633
843 937
748 281
301 101
592 375
743 484
400 288
57 892
885 208
596 488
593 154
251 777
299 674
364 99
355 531
410 381
448 437
39 835
399 821
603 364
694 69
152 922
174 58
2 515
63 823
233 676
239 839
507 904
715 100
533 359
660 880
635 890
813 289
387 67
46 549
772 866
771 74
931 353
486 703
482 185
499 119
686 761
268 85
852 857
561 832
483 503
126 905
894 791
645 269
537 314
547 18
169 459
549 181
588 267
833 605
922 333
194 298
923 329
771 443
51 906
855 228
175 56
555 549
384 844
675 599
449 795
107 803
926 362
901 250
513 404
548 803
623 676
316 666
476 536
779 620
598 670
841 208
916 428
610 395
132 228
260 433
41 395
536 247
444 269
310 449
42 700
308 923
692 409
657 319
645 169
255 262
754 419
179 198
166 317
779 453
592 62
313 870
79 170
556 376
330 839
16 155
762 727
376 375
44 464
808 614
667 599
433 872
152 253
386 786
793 338
844 499
836 19
773 672
568 298
281 502
751 549
181 280
546 935
81 869
932 116
325 803
689 285
402 206
527 384
155 307
925 224
391 121
930 678
825 813
380 65
42 884
314 298
292 53
306 648
251 9
118 607
125 528
395 909
299 624
802 570
755 393
829 93
517 11
253 394
75 663
81 724
848 408
937 588
825 285
461 652
720 368
429 280
608 654
83 314
298 56
238 507
167 753
139 911
761 520
928 8
424 581
175 687
257 794
155 241
542 937
657 43
20 705
497 71
407 535
152 430
195 829
515 28
535 59
854 535
926 274
388 289
341 845
388 93
317 337
172 879
7 474
669 883
47 660
260 719
113 103
409 710
513 369
428 755
199 441
431 235
291 83
777 676
895 858
164 159
390 526
769 372
757 371
683 120
850 768
569 933
838 918
46 312
277 236
727 297
130 726
460 881
484 344
578 367
79 920
345 361
828 179
284 690
895 390
629 111
511 551
713 628
3 887
499 922
805 587
779 259
814 364
610 662
109 40
94 48
14 469
398 866
533 306
418 44
150 67
429 279
631 298
698 759
720 253
372 587
898 308
581 46
625 404
666 478
408 781
312 930
770 367
874 640
307 613
705 609
162 122
806 552
815 162
888 540
575 580
843 98
784 456
749 346
932 592
312 441
224 80
907 486
778 759
5 506
567 185
844 853
317 572
342 919
468 691
413 232
355 429
164 785
254 457
930 500
208 599
879 609
261 736
658 562
148 81
843 166
370 896
378 198
727 319
600 569
306 79
366 772
3 724
559 193
717 124
94 298
735 724
468 41
54 161
297 314
146 278
601 817
820 410
745 322
531 615
312 868
464 758
475 358
748 43
898 623
580 809
493 298
219 706
175 122
172 725
156 414
902 157
424 118
671 718
504 240
352 470
201 905
91 678
581 125
662 309
353 403
761 526
223 345
833 842
615 272
648 731
524 367
48 498
341 595
855 905
146 547
221 275
564 667
914 408
305 320
11 565
860 639
36 172
898 3
18 50
125 369
318 537
753 579
110 348
92 542
694 839
435 474
878 606
106 565
29 598
513 69
305 835
742 599
812 62
466 777
533 273
333 404
864 584
734 405

882 822
645 708
593 459
845 392
313 595
577 238
675 418
512 709
270 302
341 582
582 524
773 604
365 810
734 461
628 848
90 207
422 649
169 507
751 482
821 603
636 342
577 815
395 369
403 126
355 154
15 869
686 790
830 374
561 296
846 703
241 649
602 90
137 767
110 312
732 579
422 771
83 194
315 257
350 165
481 775
824 182
153 169
249 572
591 465
41 782
79 313
228 494
260 836
91 179
767 81
590 155
325 662
157 505
791 312
793 567
161 440
878 592
682 689
339 496
64 462
193 679
750 455
871 68
798 415
307 835
795 607
58 301
124 812
450 581
741 552
707 803
705 278
245 469
227 151
574 290
845 5
233 522
841 337
547 388
765 366
791 813
723 853
116 621
666 673
448 473
227 852
138 44
749 177
270 481
41 635
330 256
160 713
129 75
391 680
588 342
801 564
825 267
314 471
79 158
169 515
449 307
2 194
861 569
871 631
177 388
5 62
843 227
480 748
825 66
818 243
196 854
599 379
552 866
617 571
291 355
470 420
18 171
46 185
789 119
658 477
503 866
525 742
562 880
42 661
94 703
294 301
421 699
52 453
854 732
472 363
746 668
576 700
272 596
335 251
278 560
698 287
789 872
197 544
91 37
720 24
688 461
441 776
122 50
518 147
206 42
336 190
96 307
806 70
330 755
31 589
293 251
133 764
696 192
664 648
49 710
524 795
88 156
704 153
870 705
652 524
248 5
156 835
467 475
153 528
557 839
775 113
187 98
600 693
97 513
843 102
233 865
497 19
205 707
127 644
853 123
565 509
449 47
789 484
275 281
714 55
186 594
324 775
787 540
145 266
211 388
799 517
723 805
835 144
711 22
165 376
412 800
816 701
601 476
430 54
459 100
450 732
732 345
778 853
872 284
858 742
368 204
155 736
698 504
261 836
233 564
238 62
29 575
398 696
786 615
705 229
379 97
275 611
405 625
782 867
87 272
781 692
533 857
587 529
232 400
711 847
124 363
372 287
536 273
10 846
438 744
96 430
227 432
320 382
749 566
693 79
829 74
97 751
746 151
596 868
240 421
11 446
56 465
592 3
472 444
360 213
270 230
192 657
50 816
420 281
811 78
323 615
246 737
869 515
763 380
133 588
503 242
817 421
748 331
848 180
608 114
351 145
49 66
677 353
730 525
187 525
723 120
477 41
764 290
735 860
724 232
124 173
365 297
193 454
179 402
465 745
512 239
433 448
266 710
450 842
366 64
820 165
593 845
802 874
73 454
843 147
151 185
187 663
507 558
245 425
637 595
460 518
779 669
763 167
478 721
444 20
621 370
285 685
511 802
828 45
11 428
292 448
56 766
483 57
52 185
628 54
690 239
464 349
95 869
601 204
64 140
544 721
859 874
245 74
640 72
839 808
384 323
556 67
54 248
543 476
822 436
574 26
515 460
183 330
678 774
659 442
857 6
65 433
821 40
252 584
748 269
691 697
649 383
860 344
619 524
112 690
779 838
847 172
558 107
769 67
656 549
664 754
191 530
438 342
851 304
651 476
125 43
430 803
605 13
91 126
530 178
260 437
267 249
733 698
794 511
395 107
126 821
713 527
366 567
353 878
127 335
637 485
421 500
549 21
568 329
715 373
625 219
582 527
470 478
196 678
190 744
551 699
378 297
530 849
11 576
230 340
794 78
609 105
446 581
220 625
362 662
706 787
776 2
880 70
65 592
260 712
374 143
408 634
662 453
255 428
616 40
875 198
665 693
334 87
182 704
716 451
641 213
550 297
196 92
399 693
297 73
835 370
841 95
47 556
430 539
693 431
118 535
408 722
223 873
122 704
742 63
430 536
416 780
303 508
145 277
739 306
679 261
806 856
714 698
180 645
285 36
220 646
732 334
843 464
310 84
857 807
549 676
874 539
579 775
58 486
504 196
604 102
282 351
358 616
173 132
541 410
256 838
145 24
492 292
836 182
179 662
512 516
460 721
846 215
693 878
621 257
763 122
602 436
111 697
172 748
590 871
865 369
364 659
166 638
181 6
361 5
554 93
555 345
793 412
10 261
243 198
152 493
558 222
106 339
856 762
854 288
810 806
479 676
16 795
659 89
544 645
208 271
306 754
846 456
477 616
811 837
594 335
30 126
764 867
538 462
89 724
798 568
684 579
776 526
361 14
791 657
626 207
59 851
225 132
368 348
832 593
748 786
879 102
150 338
569 462
31 281
882 712
617 7
601 726
256 578
333 669
382 762
797 370
291 294
223 275
362 815
654 609
577 419
618 475
665 52
639 345
668 7
333 672
7 847
377 868
299 511
679 237
726 179
840 456
315 331
873 19
792 268
485 758
717 50
781 468
314 582
262 79
279 871
830 77
680 761
608 671
157 478
858 182
408 677
111 191
142 465
477 727
280 559
584 273
390 76
333 639
56 661
792 691
817 379
144 266
54 836
241 641
306 198
642 35
314 544
361 850
544 131
697 41
266 799
50 226
97 506
690 504
861 405
688 321
475 165
87 652
309 849
514 164
652 803
581 711
184 15
136 186
140 624
312 726
206 531
204 8
587 691
629 335
421 266
705 252
126 725
735 586
697 620
826 226
188 676
723 35
453 343
24 501
102 336
146 663
36 336
466 391
561 726
818 361
242 453
303 59
529 712
293 575
747 171
592 580
163 532
518 417
727 776
158 541
308 30
495 589
649 305
89 8
860 422
577 514
73 77
241 169
767 787
313 870
240 130
791 649
69 462
799 598
320 677
711 738
202 698
380 493
280 800
347 668
181 461
464 743
249 74
755 351
289 534
405 704
154 90
214 187
202 237
378 92
77 262
305 404
273 364
859 168
166 44
578 635
779 365
698 63
52 631
515 634
216 837
731 166
558 838
481 314
862 106
581 214
7 41
738 647
850 534
721 361
660 730
656 670
762 477
628 692
420 465
860 150
701 12
233 715
557 210
121 533
863 273
719 880
760 564
10 200
107 505
513 698
178 536
448 205
831 15
674 65
125 502
459 596
606 3
60 429
622 468
856 283
311 542
872 67
742 362
822 439
330 44
154 130
323 296
678 55
594 284
319 729
782 852
187 707
865 427
615 416
753 777
543 604
167 740
704 648
558 432
858 769
120 110
437 246
498 792
161 880
294 234
464 188
550 355
768 368
719 616
825 264
9 441
583 489
461 790
334 476
275 796
754 184
852 660
759 393
213 478
755 553
126 255
143 626
854 796
711 598
577 583
184 341
678 613
796 189
14 471
713 739
150 329
719 16
49 34
37 739
265 849
299 462
38 635
581 865
626 725
507 186
257 259
369 189
336 125
165 499
650 655
673 325
77 807
519 753
394 515
270 881
394 817
59 423
699 368
168 829
288 703
529 858
206 239
437 300
592 312
700 787
20 397
843 362
142 650
723 92
702 469
486 202
12 837
378 752
82 648
211 234
22 375
700 293
213 345
554 477
776 674
235 616
241 541
504 507
696 668
712 532
103 144
216 23
208 446
203 307
327 738
103 841
151 836
30 666
7 797
66 188
658 633
691 580
482 628
174 749
855 688
827 136
249 839
571 637
452 20
807 577
279 348
488 874
409 620
723 56
585 637
258 653
268 619
701 642
488 453
781 320
231 351
291 7
422 456
816 159
645 105
769 269
313 856
206 600
580 767
247 487
71 29
392 504
486 400
292 544
579 69
509 744
557 227
594 334
741 626
30 566
205 82
289 60
811 211
138 130

955 971
203 336
849 328
6 167
18 428
50 546
450 861
606 214
291 8
437 740
158 189
736 155
63 382
287 85
911 752
721 132
850 394
758 471
876 442
509 691
462 519
844 198
44 799
931 201
843 91
340 73
824 565
580 747
589 203
610 519
647 707
872 728
416 218
442 890
360 833
372 456
505 390
710 617
370 592
604 84
919 474
629 67
228 864
490 552
764 95
849 819
638 821
618 273
464 574
239 437
775 472
608 11
107 509
341 228
726 7
99 880
420 638
16 935
285 315
214 387
383 412
411 345
209 230
81 764
315 373
879 611
444 419
916 122
347 168
7 837
758 701
823 684
250 27
52 911
82 789
351 253
3 394
181 727
188 105
482 449
52 238
277 550
482 536
943 78
944 813
196 286
523 91
84 373
719 446
149 23
79 477
396 33
725 236
127 938
709 835
257 834
525 612
944 317
679 71
610 330
342 425
371 953
319 185
591 243
741 228
892 420
416 863
800 207
855 305
492 90
446 329
524 610
900 497
712 170
48 769
460 605
557 199
183 128
177 249
906 65
733 739
819 380
324 225
342 768
23 541
938 735
896 379
232 208
816 159
163 68
121 120
614 554
818 701
690 532
356 557
878 858
235 379
812 221
883 940
420 287
753 814
405 429
556 488
298 415
803 482
26 334
909 845
513 428
787 39
53 764
515 354
900 912
159 203
851 633
748 719
453 826
919 332
537 131
611 603
284 408
242 631
71 611
866 541
508 879
583 218
278 406
324 546
102 832
190 413
814 902
554 129
514 66
579 227
400 686
776 155
229 919
788 881
4 491
6 942
575 924
436 730
362 289
68 243
908 186
485 455
315 435
10 460
219 240
42 896
584 626
257 572
171 373
160 830
149 653
106 137
692 656
415 732
769 611
551 833
308 949
19 344
909 486
32 934
889 444
442 505
793 340
691 384
210 552
564 16
461 810
203 329
899 611
654 846
921 806
584 891
854 946
304 437
666 170
388 949
298 128
782 898
680 836
630 323
882 256
14 453
937 367
495 532
462 857
291 30
113 735
540 450
929 104
773 751
798 880
338 766
380 614
526 310
736 577
871 494
361 180
779 807
910 900
783 252
414 666
263 104
36 728
935 875
704 904
756 823
220 524
717 930
202 138
247 33
799 115
104 8
201 163
858 901
859 775
168 573
71 898
679 817
260 511
253 143
148 320
155 707
914 865
219 321
287 953
873 109
316 701
764 170
874 281
276 510
851 600
910 911
826 17
892 863
769 621
750 471
377 633
343 83
688 139
312 615
551 460
116 863
143 320
88 803
137 381
656 576
511 472
901 448
512 430
924 513
948 752
928 701
133 574
159 459
659 242
118 887
376 402
935 282
911 601
132 146
695 535
44 660
38 183
72 370
478 371
844 897
27 572
841 748
127 289
338 343
560 203
747 766
315 110
689 714
372 546
872 139
23 552
369 385
738 705
945 479
817 949
595 396
851 429
948 443
384 636
39 404
48 497
763 545
742 327
493 195
506 928
454 225
656 43
51 325
714 635
56 888
933 442
185 929
799 290
403 13
357 503
248 661
15 178
8 185
748 495
516 444
520 887
732 426
434 443
247 887
211 782
260 414
822 560
364 733
622 631
178 449
31 122
59 439
335 150
64 768
930 9
293 69
347 24
650 205
282 419
551 761
530 48
739 572
369 825
600 428
515 325
44 725
503 254
642 659
42 618
6 266
797 714
196 110
525 400
694 114
219 470
550 508
351 739
736 579
851 887
421 707
197 9
403 105
35 899
496 707
158 606
149 578
503 407
333 443
861 44
79 605
113 48
437 102
874 764
406 437
228 189
661 25
948 439
156 548
531 606
502 781
884 565
715 930
767 101
14 519
453 568
619 407
65 51
2 355
632 578
789 844
688 216
325 419
489 128
726 599
851 467
291 202
442 22
458 531
271 714
291 117
767 268
198 121
745 651
738 641
817 652
588 925
475 89
447 638
111 293
500 814
333 141
680 355
78 234
670 591
2 302
326 678
829 383
315 172
58 668
446 861
89 566
717 828
497 707
779 155
876 720
630 508
265 152
722 779
54 295
720 6
320 192
937 686
160 180
678 491
745 950
800 339
636 917
275 891
261 589
698 418
696 248
300 657
288 11
745 773
289 555
636 793
854 192
556 431
669 594
467 783
193 400
860 265
829 396
221 427
324 52
734 209
804 588
827 388
195 51
909 872
575 372
493 617
735 609
807 360
35 443
914 33
83 661
426 718
168 557
785 90
740 936
714 525
492 518
278 450
91 874
513 6
195 573
911 292
886 156
41 147
142 872
407 932
733 753
840 534
567 605
526 624
130 630
799 952
554 674
377 917
885 748
712 110
894 378
511 456
311 785
927 174
186 854
142 940
655 925
896 842
4 949
620 586
261 668
841 819
392 47
23 468
710 890
167 257
809 802
607 755
294 938
337 606
845 837
713 796
136 617
168 818
207 786
184 885
679 806
705 677
898 764
11 895
369 395
611 916
306 100
807 327
584 189
18 92
523 910
212 584
894 59
289 21
688 75
119 444
765 713
896 212
514 865
366 4
379 615
826 350
125 898
666 273
209 304
562 414
507 316
742 257
691 254
346 114
211 232
57 132
785 839
121 24
403 507
606 733
903 292
675 799
347 372
35 912
160 865
50 704
915 513
722 418
621 569
172 200
410 579
897 561
549 878
87 64
790 920
714 272
258 838
939 626
118 426
616 858
633 860
557 747
778 744
386 892
870 29
895 307
879 886
923 589
718 437
170 826
563 636
706 251
502 862
567 753
916 886
591 258
222 622
220 61
292 914
743 934
544 760
718 760
900 653
567 643
141 508
225 915
782 736
659 493
462 751
585 45
678 688
75 144
270 945
951 542
464 528
704 634
56 592
365 464
60 725
630 65
94 250
76 113
592 185
358 826
302 535
865 768
277 888
487 244
567 756
134 498
574 526
385 570
879 195
67 65
866 852
835 678
878 428
202 78
158 624
69 512
535 829
648 25
634 347
606 608
90 26
368 126
612 305
517 684
203 348
33 625
179 12
336 19
759 328
230 357
312 564
665 330
288 283
335 552
354 159
137 533
450 808
157 53
128 98
129 901
482 301
825 751
27 840
159 949
44 803
354 346
457 519
249 734
101 115
423 763
900 431
439 165
150 143
153 253
266 920
753 950
165 501
540 81
48 696
97 670
247 806
432 551
871 41
766 908
262 506
84 57
221 225
346 86
170 492
518 912
560 891
519 560
44 464
501 778
249 860
887 135
425 653
583 213
380 151
637 270
746 453
383 442
277 265
171 705
315 160
666 717
336 114
678 776
567 644
863 166
736 309
43 894
934 893
430 211
464 231
447 2
620 320
129 840
481 286
470 833
579 914
292 857
586 752
487 165
454 250
115 276
345 252
59 832
121 767
181 162
526 882
741 429
478 619
917 201
389 180
797 87
821 723
17 8
844 714
430 707
545 61
474 780
819 564
264 825
147 338
544 821
80 873
875 319
717 367
714 268
739 841
268 626
547 381
16 243
132 705
82 532
577 948
803 505
886 119
145 748
688 543
145 775
449 13
359 461
605 540
805 243
399 252
357 921
540 239
541 578
63 375
210 27
15 105
881 493
15 846
15 240
584 206
33 131
11 31
945 544
695 529
112 663
30 362
164 857
227 531
864 164
231 109
148 772
172 342
593 356
338 106
668 741
326 393
248 488
653 697
856 315
185 559
648 585
787 847
581 500
25 495
791 121
680 272
504 843
75 522
541 359
528 228
92 765
861 922
186 732
815 10
122 770
543 36
103 702
49 217
41 543
900 573
526 116
553 134
865 737
891 726
333 214
429 279
128 949
469 571
250 480
322 418
453 205
460 56
311 628
567 291
719 166
812 468
309 747
659 837
150 216
163 644
465 859
466 643
282 449
207 761
871 775
815 835
433 416
529 647
776 501
392 735
852 457
600 774
352 361
601 508
104 792
290 496
674 573
465 871
118 826
161 305
597 163
527 572
557 241
834 396
693 870
104 539
954 38
898 218
675 642
186 846
754 291
762 673
797 307
661 892
796 28
6 608
648 446
705 840
79 189
125 558
606 228
790 842
479 128
728 522
922 815
904 878
629 276
207 162
64 461
441 6
796 373
126 746
806 253
882 808
731 680
16 654
553 600
265 535
461 213
352 282
680 696
528 831
741 194
504 240
585 758
245 608
522 142
790 519
935 98
505 559
891 927
847 878
202 444
822 169
624 939
244 460
769 732
505 157
797 713
334 487
279 119
356 942
861 144
406 220
238 436
307 380
538 454
625 913
173 289
873 288
376 776
357 298
347 206
157 819
766 860
29 778
343 87
248 260
89 333
226 493
585 907
584 737
727 783
515 541
143 324
903 80
530 468
786 673

887 1644
639 294
399 242
510 756
295 727
510 72
463 231
601 386
282 538
100 127
120 224
238 229
721 810
711 392
732 784
38 586
757 733
538 73
303 137
348 851
21 768
464 543
304 836
468 514
352 578
576 101
297 177
367 130
762 22
110 224
690 311
766 26
180 278
628 610
602 235
419 484
700 38
421 515
261 393
578 221
643 267
357 790
420 586
614 198
821 862
715 247
754 339
494 558
461 468
457 546
614 32
671 187
539 636
354 817
689 754
483 399
251 583
372 681
400 397
843 454
304 59
697 587
439 636
10 12
817 404
569 864
39 133
769 297
187 863
480 445
635 93
90 97
509 62
440 427
209 824
599 32
680 731
312 469
807 674
86 667
711 443
695 311
607 198
592 208
617 232
709 807
857 204
86 302
125 406
513 805
239 743
561 78
748 303
401 283
839 202
458 797
293 279
225 287
558 75
355 623
505 452
606 695
129 465
184 751
223 428
99 658
636 347
560 741
578 732
649 692
580 744
17 127
646 141
498 434
159 124
315 402
159 13
583 843
439 781
574 391
372 653
729 350
174 128
431 228
34 216
164 852
279 479
744 316
157 143
451 740
737 182
761 594
579 394
35 370
552 168
716 273
290 844
242 767
373 579
484 151
159 378
161 220
4 638
260 93
833 309
193 473
110 152
521 445
151 789
247 844
550 851
183 286
302 857
339 209
430 685
599 775
343 851
142 490
454 72
618 178
193 466
475 191
732 279
523 679
308 130
256 493
226 64
375 122
607 10
476 69
387 716
394 237
345 44
789 297
372 297
175 666
287 869
294 285
259 269
230 373
849 557
865 202
373 339
616 559
54 801
796 388
463 184
806 245
258 96
314 5
847 157
816 343
164 74
701 227
443 130
559 304
28 371
714 677
77 591
567 250
627 458
204 393
708 710
184 783
24 409
261 111
410 209
319 26
276 472
454 592
202 194
352 96
356 306
602 611
110 204
291 743
551 789
128 405
259 694
534 557
186 90
207 149
617 169
490 558
786 115
164 790
596 430
304 410
339 703
670 641
626 56
517 167
282 212
348 305
774 317
479 132
559 350
676 26
859 362
700 814
78 201
817 818
752 613
73 436
631 183
45 763
564 519
263 468
602 346
469 353
255 175
157 302
758 472
392 449
394 179
532 298
630 6
67 238
819 501
843 459
55 229
710 436
12 415
292 764
400 303
537 866
497 14
249 208
325 875
824 380
348 438
285 387
476 376
775 853
703 264
834 879
603 828
165 106
521 15
824 611
75 696
663 283
210 97
159 56
639 806
586 721
881 551
616 702
75 726
86 285
307 32
272 14
792 596
840 22
383 218
28 709
603 361
218 370
454 115
590 17
537 139
223 552
578 402
455 16
610 108
576 767
520 860
448 215
345 299
375 131
766 159
749 520
75 335
689 805
310 645
332 824
339 269
158 132
640 131
435 798
313 528
276 652
212 191
43 85
818 670
2 60
458 840
287 77
299 198
822 182
657 471
696 214
191 210
621 846
455 217
440 665
768 284
704 761
109 231
509 642
679 351
652 711
697 209
74 273
723 95
58 567
223 878
295 433
99 747
583 581
213 741
368 819
493 618
738 260
575 33
406 291
245 308
64 800
396 282
517 248
757 862
338 883
745 433
114 835
478 480
834 722
883 643
345 263
809 843
259 422
537 487
1 867
780 224
463 704
856 548
312 639
707 73
527 169
548 226
772 523
819 346
690 219
431 609
257 103
353 43
443 348
103 398
146 290
99 843
670 682
725 417
486 216
854 13
855 828
416 430
129 847
377 642
554 104
406 22
616 758
690 827
493 114
463 869
673 84
837 163
823 368
220 861
634 361
840 851
786 659
854 706
659 797
234 615
80 470
302 768
342 1
191 228
855 861
416 679
805 435
420 300
380 693
447 629
362 552
349 136
46 670
205 276
425 435
835 248
35 278
36 498
294 800
596 416
688 795
432 847
32 708
397 41
789 568
539 669
445 882
177 541
274 711
756 828
102 12
250 326
41 865
833 154
299 610
692 512
343 593
241 140
152 214
57 351
343 145
886 48
782 314
840 285
18 223
849 593
373 20
551 710
221 448
691 410
802 340
572 431
718 442
349 301
776 188
804 167
686 273
726 421
236 158
56 791
550 790
775 322
269 184
643 800
712 615
114 279
504 433
658 827
595 35
755 809
565 552
17 597
722 574
548 393
93 628
887 137
763 458
659 64
20 209
393 413
387 828
872 455
575 873
174 210
358 95
554 270
132 611
259 125
279 102
559 784
627 522
263 770
843 804
570 628
184 167
150 314
61 298
871 345
822 488
499 702
450 435
358 861
844 345
365 773
166 309
553 505
425 782
819 529
839 690
501 872
296 424
337 813
515 834
728 201
654 554
52 643
642 114
719 703
528 672
766 528
865 289
350 230
481 56
745 366
854 856
749 54
512 78
306 718
440 89
812 196
794 772
262 173
283 40
638 441
163 485
844 130
717 140
204 33
120 529
170 371
247 686
766 618
494 151
209 808
468 408
554 761
573 331
612 429
84 179
414 313
846 145
228 232
88 165
199 100
74 247
883 345
335 403
731 567
254 687
42 487
596 639
499 209
490 59
672 635
103 181
36 242
462 44
248 451
507 454
286 677
643 228
862 589
101 293
85 475
657 448
73 137
39 62
498 681
448 510
654 407
190 841
19 489
166 328
732 107
302 376
555 3
640 241
75 507
173 692
638 833
70 690
199 673
520 299
686 699
84 490
363 782
14 292
292 148
332 3
333 139
171 321
476 419
620 394
145 527
183 644
847 24
602 451
694 357
352 164
297 869
615 790
672 253
433 527
672 108
391 345
660 831
737 110
428 113
95 11
360 608
702 378
7 188
802 305
842 645
168 272
700 689
778 294
364 881
671 156
180 307
570 321
865 336
795 397
248 334
374 41
799 621
807 72
521 295
372 428
379 15
396 423
183 41
4 343
779 750
360 507
287 618
772 263
131 547
44 699
118 185
108 357
790 743
704 41
117 12
762 211
708 779
177 306
143 834
315 851
463 417
411 656
234 436
441 246
706 231
835 281
234 10
190 663
24 783
242 391
745 414
878 264
491 518
497 136
727 54
374 822
712 373
599 845
215 755
552 3
329 379
332 429
340 522
803 297
165 283
88 808
879 793
326 235
739 203
123 382
514 719
607 874
133 479
284 555
360 747
879 426
590 59
796 379
156 218
553 602
793 606
667 718
206 691
141 166
381 407
789 197
722 437
567 719
216 606
641 502
703 656
837 789
517 151
523 631
439 361
612 685
835 70
718 747
40 14
884 76
133 554
336 682
824 751
661 447
516 793
526 799
693 403
520 193
460 231
207 341
27 396
357 430
752 90
386 110
530 172
287 306
439 161
366 455
887 430
9 875
135 783
206 789
870 268
186 148
80 862
615 710
303 161
80 83
540 441
428 200
377 298
711 558
380 817
203 712
111 382
223 645
822 786
840 466
675 166
573 73
804 117
163 71
129 798
319 7
730 666
421 759
371 6
339 49
345 743
469 702
845 349
656 838
696 296
476 464
117 418
520 627
173 400
231 158
256 158
210 224
321 598
711 655
74 166
384 754
797 98
445 499
120 641
263 872
175 335
160 55
72 740
325 222
755 211
521 66
43 63
443 306
463 64
470 18
733 354
23 248
656 805
58 214
204 89
282 872
360 20
175 643
474 41
864 76
186 168
23 128
635 574
504 737
302 73
639 224
273 559
494 720
61 446
121 147
468 574
561 201
23 173
37 203
702 617
480 530
64 39
686 582
762 511
732 622
110 611
93 164
207 625
752 318
454 170
826 873
81 184
64 453
10 383
362 675
635 789
52 608
862 682
745 869
528 653
250 281
86 222
589 130
314 119
719 515
220 671
47 225
11 448
620 639
713 171
754 415
831 415
38 673
704 593
537 316
225 312
225 739
728 92
449 26
747 351
505 536
318 403
827 52
711 616
52 283
436 525
217 122
681 315
195 840
150 129
67 120
125 390
12 559
821 271
736 308
383 100
499 398
533 492
683 435
794 271
597 212
529 231
291 673
347 877
104 732
837 823
37 30
3 812
6 12
778 694
601 476
675 840
552 126
134 693
798 310
229 814
85 41
715 824
610 389
463 876
378 577
200 246
38 714
481 172
586 694
500 882
636 391
235 877
699 603
829 435
317 586
453 725
230 780
669 603
452 521
55 107
439 200
77 581
778 696
854 135
99 792
559 536
398 487
883 184
170 788
465 684
838 282
278 854
289 485
42 833
189 132
559 688
340 461
803 98
635 473
369 509
723 772
416 170
721 814
870 836
324 293
694 684
399 862
366 269
370 167
208 859
866 496
265 373
621 122
306 228
877 16
869 74
120 235
670 615
765 197
205 369
556 813
483 564
664 716
122 111
676 552
59 550
703 881
447 760
182 517
749 649
32 627
159 325
417 302
381 512
256 108
497 3
243 236
749 210
379 508
636 759
289 287
399 108
629 245
725 801
438 125
748 431
255 871
852 362
317 75
708 855
655 701
268 657
547 595
148 516
884 251
461 715
785 599
665 176
885 277
226 361
852 600
526 136
450 122
699 283
79 766
463 863
618 402
400 884
719 688
30 512
749 814
309 28
310 410
511 240
557 785
320 843
514 824
527 693
165 596
277 362
353 297
546 677
786 778
315 369
163 220
113 684
81 398
476 247
140 497
571 454
344 609
492 471
20 612
155 20
321 780
34 766
65 220
678 339
186 731
576 378
46 217
4 248
867 80
81 845
435 197
658 566
697 62
574 788
193 338
419 199
152 447
160 79
803 736
236 295
182 186
76 665
203 99
367 801
375 289
415 469
570 844
495 603
286 23
237 134
475 561
313 769
398 260
141 865
699 859
152 390
264 704
825 340
206 55
226 260
290 210
885 611
411 228
347 886
768 382
93 410
438 179
875 812
197 509
660 109
572 223
712 340
434 880
849 282
760 470
577 811
841 718
627 74
443 521
253 137
362 589
83 588
449 138
721 147
825 730
154 272
676 74
107 874
42 240
638 188
532 499
35 365
328 587
547 528
649 823
594 780
762 571
264 503
737 690
204 196
254 412
745 863
633 498
1 533
255 38
173 676
750 588
736 42
77 222
172 246
675 783
214 66
70 839
720 510
701 682
27 16
871 517
323 700
310 725
238 823
600 434
608 600
237 389
439 436
316 719
561 57
444 433
838 657
71 585
571 871
683 78
254 79
310 429
584 302
484 602
198 472
146 754
364 445
324 617
366 41
336 882
82 544
624 772
540 463
248 536
344 235
819 442
42 69
596 281
45 621
145 415
521 638
649 68
105 313
663 721
443 370
175 508
566 329
679 828
432 442
803 871
282 219
265 161
321 12
726 534
302 87
198 769
198 458
206 723
407 865
48 121
14 573
588 610
631 464
42 762
294 476
42 198
26 188
6 741
55 168
317 423
796 129
870 440
486 433
273 196
575 104
9 578
625 290
443 296
800 584
107 48
84 435
611 429
244 642
558 857
305 514
640 213
161 499
218 777
471 666
757 7
820 278
877 291
808 310
279 99
94 40
607 223
851 156
736 551
501 683
231 72
433 17
473 394
180 7
491 97
516 246
240 628
632 267
568 168
822 184
849 427
406 101
616 681
457 51
147 660
885 398
483 153
376 445
322 9
840 588
403 623
84 60
801 221
554 511
296 88
195 500
583 199
767 652
329 605
310 402
883 332
97 745
6 460
528 135
137 28
621 849
859 868
554 160
227 133
300 386
476 425
375 847
799 162
660 81
868 223
95 604
539 503
852 881
697 647
133 629
613 96
482 47
90 495
644 614
792 732
598 304
384 383
355 667
466 215
124 543
147 135
495 757
774 32
83 495
376 355
480 129
797 114
356 134
277 713
793 352
370 236
299 40
838 544
531 645
35 488
733 631
113 854
224 553
764 147
878 720
283 48
649 428
209 18
87 138
252 349
633 223
828 195
229 635
511 833
679 660
224 438
226 284
500 163
249 291
175 442
52 141
16 225
495 404
579 321
869 781
845 190
704 285
300 168
336 817
252 30
200 417
632 420
765 344
199 406
774 339
179 516
599 583
274 78
722 764
725 880
579 720
164 537
657 142
556 635
212 231
284 280
231 3
60 207
135 825
765 151
664 756
38 303
234 7
656 398
271 559
163 549
576 571
300 45
411 394
839 114
515 466
57 155
372 431
669 687
821 532
664 284
103 664
243 186
343 885
876 465
733 761
702 562
463 140
840 354
416 303
660 703
443 359
597 799
599 15
396 458
536 628
668 113
378 480
358 705
785 833
796 813
602 51
586 226
352 212
578 40
528 738
16 406
608 592
723 436
746 674
393 493
326 445
311 246
353 623
868 202
815 461
264 493
394 138
507 761
755 229
378 646
134 668
122 214
492 818
153 264
2 393
115 474
227 203
210 113
729 192
566 370
344 301
436 776
425 679
535 356
68 230
752 489
74 134
137 542
456 346
773 169
830 672
835 695
692 287
414 637
354 825
376 128
820 123
879 630
112 197
850 152
253 524
640 656
834 785
579 530
55 216
356 15
310 693
441 23
867 239
86 763
363 60
328 234
365 155
144 473
480 421
298 340
482 409
35 795
844 463
81 871
718 407
221 749
575 3
65 747
63 511
378 271
31 203
89 267
365 590
321 101
656 64
306 60
697 258
242 20
346 464
84 566
875 741
676 786
53 28
643 577
309 130
45 882
210 380
165 451
4 156
25 510
562 857
281 479
728 827
432 674
379 821
289 760
694 387
822 185
113 252
28 552
841 267
551 369
511 323
349 100
761 553
214 566
512 693
361 225
646 516
698 631
257 302
649 439
387 744
137 797
138 123
378 273
19 139
850 822
768 434
608 268
437 94
600 54
860 402
699 532
373 375
672 754
760 299
449 386
333 312
143 386
129 442
337 597
417 487
738 36
376 349
583 769
424 853
98 310
705 454
132 265
215 67
103 583
543 237
612 739
460 714
714 744
107 785
797 448
680 124
802 691
196 710
675 246
397 657
887 864
801 336
790 265
156 633
430 136
643 121
809 257
813 132
274 642
544 45
780 390
30 796
363 666
841 715
5 826
408 864
317 293
746 287
195 665
604 747
220 695
884 350
373 541
232 520
506 548
639 258
613 9
405 596
136 472
799 41
175 468
112 801
114 112
649 721
486 90
620 390
144 865
20 745
393 537
28 856
583 852
454 195
236 138
187 306
500 864
284 207
252 571
550 246
492 106
39 631
226 529
251 501
396 429
142 324
805 396
350 491
487 381
221 326
722 652
731 742
290 138
328 41
57 32
632 428
742 76
641 405
171 71
587 116
751 786
238 270
276 47
262 453
38 234
884 513
377 859
62 458
483 652
374 45
113 277
425 478
599 230
486 570
113 486
411 780
720 385
659 623
513 520
791 411
25 611
707 155

995 880
934 839
646 301
432 451
609 142
180 11
409 199
464 922
930 706
386 751
962 69
904 112
39 758
699 381
647 660
59 26
442 474
330 912
632 827
512 920
131 788
142 109
808 649
509 386
431 462
978 651
374 724
638 632
729 594
856 869
250 323
902 798
418 397
233 943
704 839
394 513
865 798
394 482
449 434
611 409
631 74
878 76
819 615
343 785
751 31
561 596
712 1
341 287
138 219
683 462
216 332
604 269
665 355
946 820
96 28
922 853
534 994
269 472
75 165
976 633
416 421
54 549
21 154
27 457
719 48
635 323
736 538
314 751
740 851
859 693
203 136
564 416
660 331
373 35
375 398
465 547
79 393
668 679
766 871
780 976
310 254
546 199
743 302
221 839
159 935
332 416
376 559
788 82
837 182
964 450
669 580
920 464
83 499
46 363
942 593
725 79
339 764
496 324
408 347
395 553
389 850
709 303
688 85
792 482
748 826
499 865
831 255
323 448
217 464
169 795
152 615
119 913
10 487
476 631
801 854
283 134
605 258
837 149
784 47
484 85
647 907
169 600
450 618
223 156
510 641
65 790
947 403
589 345
53 196
4 379
737 719
514 407
533 681
519 872
663 737
694 60
894 793
218 724
584 132
125 124
943 941
606 367
986 535
290 424
875 86
61 821
558 76
519 986
713 772
90 205
472 580
166 115
828 799
312 72
573 282
942 421
705 567
356 904
714 627
947 622
37 884
610 354
859 427
53 18
345 321
963 760
489 219
817 454
67 227
639 658
298 711
685 548
302 696
505 103
171 823
995 82
299 886
922 689
10 841
270 169
614 488
315 878
711 172
617 515
787 804
121 775
576 593
786 31
984 747
327 678
233 300
754 988
685 65
979 42
884 436
335 632
173 899
403 807
221 628
445 245
66 257
718 993
344 472
193 298
772 386
237 22
270 892
193 568
520 344
582 171
814 633
663 487
242 496
539 8
536 619
615 797
284 838
78 573
218 495
252 548
374 470
847 899
166 641
282 741
205 679
385 902
598 360
581 736
582 246
402 789
385 501
992 724
206 115
879 501
410 131
44 422
715 214
465 66
260 90
19 159
343 847
308 453
858 594
711 599
938 681
92 786
303 557
917 886
301 740
335 544
647 71
837 147
548 812
561 502
898 57
629 17
792 779
366 546
301 938
523 486
206 700
163 985
768 809
306 549
248 26
902 53
94 246
771 233
273 825
303 581
656 986
633 169
710 293
321 987
448 879
205 750
862 489
659 337
980 861
965 502
754 563
836 310
13 776
202 544
428 663
274 897
521 298
347 570
722 950
577 12
600 837
498 688
983 469
658 499
439 282
787 237
545 29
428 483
407 231
747 100
615 746
888 572
235 136
950 582
800 973
939 835
743 377
892 109
539 593
391 402
552 485
426 450
370 66
805 428
703 474
118 320
414 913
389 826
810 57
164 766
787 319
792 976
492 448
165 486
425 552
13 975
129 88
588 440
377 514
368 603
874 334
386 12
55 603
746 439
65 989
860 647
978 416
785 457
338 738
748 793
774 160
896 300
811 151
780 196
941 520
378 13
233 691
886 378
473 823
30 603
549 356
179 911
695 688
905 141
608 366
96 118
825 623
742 287
287 934
75 337
226 929
623 338
58 304
175 110
565 967
354 644
933 37
406 959
837 109
147 56
74 903
115 962
317 983
343 960
71 465
256 382
119 472
128 258
147 30
418 729
924 18
641 856
915 787
681 461
954 887
797 777
817 343
414 513
311 419
691 963
917 329
472 612
49 751
398 60
437 111
303 331
974 837
96 934
738 574
759 840
20 462
86 243
114 125
898 525
425 747
795 738
658 970
31 42
418 679
912 523
246 66
17 614
611 813
114 879
344 293
800 339
218 675
176 546
763 614
869 270
686 844
783 669
810 929
925 484
515 711
818 404
205 107
208 870
430 2
468 149
450 692
244 718
290 813
604 52
42 729
468 710
214 705
233 551
919 601
309 174
902 518
12 89
326 128
513 882
422 916
408 194
837 343
961 287
600 808
852 633
222 960
884 930
367 574
682 405
626 145
203 915
379 810
591 381
426 800
698 646
367 460
122 878
619 136
337 96
455 785
507 947
100 507
739 245
308 476
643 624
668 647
357 924
389 712
142 95
57 18
560 767
27 402
255 357
702 55
937 553
132 752
106 15
387 223
236 305
258 940
198 845
926 414
620 349
881 144
987 553
165 738
250 236
137 213
357 158
989 870
394 293
940 673
722 748
638 547
832 71
515 872
832 448
839 49
829 356
471 294
465 966
437 286
876 850
321 493
126 226
663 424
138 473
148 384
355 515
181 117
225 275
197 954
602 89
226 280
774 314
46 217
87 914
932 256
603 308
324 307
54 667
268 506
505 980
63 825
486 800
471 994
989 203
229 910
787 335
668 148
27 593
797 952
61 590
916 306
789 556
170 649
273 710
880 874
754 57
221 927
314 905
245 867
903 644
7 414
42 206
470 840
15 947
187 700
37 328
406 738
206 767
10 708
225 119
586 807
569 229
953 536
836 56
537 749
428 328
68 66
104 731
118 511
606 589
575 481
482 400
945 467
127 494
580 17
51 869
325 70
773 406
814 989
342 286
741 734
943 571
33 632
32 992
768 757
374 914
237 760
565 923
965 262
507 209
228 387
455 497
583 523
182 449
577 757
558 624
701 926
494 951
649 733
833 932
434 986
136 446
58 459
837 256
168 988
653 894
479 863
636 895
963 321
417 652
734 963
117 695
959 47
513 271
526 187
752 378
8 849
218 983
210 506
600 234
198 681
266 30
815 503
526 894
499 45
7 178
578 384
855 302
763 894
248 289
26 429
930 974
115 916
306 714
41 948
208 747
802 874
894 156
972 287
978 860
381 43
947 350
930 314
9 269
615 78
261 959
597 795
605 84
179 59
35 187
855 884
778 824
987 522
87 789
456 541
845 991
32 732
436 663
81 203
946 460
986 824
820 225
650 945
551 516
875 887
754 93
685 71
657 492
7 267
335 142
951 141
583 706
364 442
699 50
813 463
509 362
172 806
84 64
798 796
639 310
181 447
117 298
10 553
424 28
894 435
619 47
962 91
292 190
427 813
922 600
218 507
861 920
484 211
579 623
338 37
448 621
390 896
965 375
156 949
916 778
50 221
785 150
270 320
329 326
908 662
192 310
405 91
874 167
803 225
605 586
178 913
699 432
305 406
926 624
365 648
92 960
403 149
517 311
50 107
252 759
200 25
993 844
760 742
317 15
728 357
777 786
86 626
4 89
265 476
256 511
543 953
298 541
790 490
866 68
127 395
26 731
501 768
743 257
230 348
397 164
475 917
498 913
279 655
336 217
959 67
179 481
528 333
184 30
671 616
844 334
44 123
860 336
255 420
981 233
593 382
86 368
249 123
524 894
972 490
291 433
188 135
70 932
803 898
896 922
691 111
71 827
867 673
88 431
662 371
654 705
177 4
33 880
593 562
8 878
387 322
937 27
583 923
13 260
576 530
880 887
55 803
273 131
389 251
133 46
522 829
604 211
633 720
61 71
133 458
401 981
74 912
501 23
162 683
369 84
62 920
89 747
422 886
763 777
704 993
137 833
74 170
57 114
567 744
58 344
948 971
669 471
453 981
992 927
327 956
311 902
609 363
888 149
723 54
452 93
315 391
139 904
483 673
234 172
3 863
362 878
74 225
518 727
168 100
146 106
754 279
37 414
68 617
539 344
239 995
493 691
91 563
809 286
126 292
122 595
131 69
737 280
897 556
667 142
156 279
606 78
838 688
867 744
461 775
546 579
283 982
906 865
651 748
824 746
871 962
328 260
210 384
235 970
877 760
538 504
912 407
28 866
294 153
766 426
957 685
598 89
6 81
303 421
929 990
290 121
624 871
376 339
720 496
549 490
105 148
254 910
954 163
727 215
567 660
289 488
943 833
326 567
567 623
236 810
269 212
666 68
710 776
226 593
726 94

948 890
68 422
655 473
75 636
823 5
948 924
629 273
245 102
685 746
654 360
871 480
709 688
195 150
493 708
258 914
693 258
628 299
647 295
62 299
460 255
44 356
910 489
245 341
919 722
286 304
514 807
907 743
41 256
93 200
127 584
723 758
243 71
867 897
345 112
284 899
838 803
436 938
568 504
213 607
504 652
904 678
544 547
312 575
707 837
913 229
482 454
932 681
173 277
146 504
691 893
693 573
312 196
117 478
637 183
298 308
570 640
446 179
592 435
282 754
879 588
577 408
140 932
75 744
228 946
591 50
318 612
351 12
441 108
276 736
342 83
873 498
594 134
457 382
577 892
920 236
371 343
160 140
702 88
671 842
588 309
555 196
30 384
182 269
560 137
629 220
18 718
791 302
747 246
625 543
661 758
198 917
787 599
365 372
170 566
172 265
134 132
467 476
68 372
68 51
458 304
518 161
207 159
137 394
706 463
659 386
264 829
638 688
440 919
502 316
300 701
128 798
99 625
522 707
12 150
495 250
510 38
150 714
859 660
508 510
529 8
809 885
812 307
921 730
30 913
193 200
787 185
616 498
907 437
711 681
344 213
612 630
558 523
235 394
464 336
578 572
465 839
385 654
735 792
560 857
83 568
97 707
26 705
61 289
790 570
610 363
692 62
658 399
31 790
729 699
247 32
867 48
511 899
348 487
419 526
554 69
886 66
287 107
437 802
261 77
785 693
561 408
182 466
59 162
818 552
328 730
301 907
390 356
893 104
511 521
861 694
248 629
757 924
497 792
634 201
702 375
69 614
824 227
734 511
415 217
800 781
938 736
357 23
453 643
151 677
252 798
392 663
686 766
240 297
169 726
916 510
645 622
96 903
669 494
628 185
435 306
431 20
248 291
180 747
839 569
773 334
792 654
776 51
247 885
781 82
627 576
127 14
360 495
773 803
419 24
88 776
666 59
469 855
418 116
813 784
424 115
312 941
784 538
124 731
495 265
801 224
580 468
801 182
361 410
672 145
314 590
139 702
859 245
294 389
738 274
35 180
35 502
940 69
948 678
687 562
276 677
170 34
625 750
183 505
873 259
801 22
838 296
693 96
907 936
140 314
257 763
469 578
52 606
715 282
409 27
445 290
207 69
251 796
158 793
283 669
207 685
613 874
354 72
166 289
19 911
937 790
566 91
86 658
536 290
159 450
191 889
815 740
822 167
253 580
280 469
626 449
102 206
263 291
271 519
206 781
476 854
239 518
71 245
569 50
183 492
791 48
832 396
550 357
595 691
935 67
254 449
281 747
709 208
909 67
149 882
762 566
310 37
661 771
128 134
66 675
932 351
686 898
746 904
388 915
194 233
858 867
647 281
866 192
744 883
314 814
470 167
164 674
499 608
661 689
694 725
120 756
96 737
183 627
710 282
407 703
377 102
639 346
191 81
48 289
901 47
270 605
400 537
495 581
136 677
764 280
932 477
584 622
438 601
87 549
21 154
530 57
29 158
338 856
686 145
774 384
36 940
269 189
26 402
413 797
324 521
756 214
932 691
187 213
606 753
37 920
766 43
566 132
808 936
222 895
41 891
113 806
783 912
293 885
824 210
161 250
414 212
18 699
354 884
366 173
4 112
9 318
371 45
69 705
379 630
912 204
275 552
762 661
264 24
705 268
341 467
497 894
128 434
576 866
381 54
407 931
234 430
337 185
850 402
432 533
239 303
441 476
332 341
207 667
520 440
470 310
521 181
84 788
626 868
937 727
841 906
440 888
940 478
468 851
141 341
662 312
572 149
502 418
381 370
816 810
670 149
152 942
787 634
907 425
642 500
561 852
179 907
333 945
273 3
363 884
132 939
746 449
41 594
137 312
886 510
552 825
175 770
383 41
415 452
119 907
200 348
692 395
651 829
903 126
494 314
914 35
104 722
709 480
386 546
688 601
401 814
302 630
660 525
588 194
217 515
823 938
725 311
934 319
460 915
665 108
663 783
844 427
279 603
321 43
267 818
203 686
143 674
453 902
906 838
813 572
603 418
462 885
154 464
438 650
356 926
762 306
688 11
908 942
64 223
892 790
28 372
1 873
682 730
353 106
108 170
258 421
376 874
584 143
286 614
291 344
286 794
775 268
697 134
153 58
919 771
59 625
744 319
793 175
348 749
437 657
254 178
2 453
869 227
84 716
435 220
653 632
100 210
566 288
904 766
280 824
604 289
122 305
17 322
883 853
488 837
303 623
676 640
834 914
480 152
569 158
772 261
317 212
287 783
460 5
387 383
600 331
367 400
356 480
423 564
124 479
827 558
361 724
656 195
450 493
264 852
205 486
431 701
181 741
722 137
13 340
326 464
489 762
153 349
753 168
177 947
437 122
542 259
801 102
495 274
513 395
618 828
797 592
884 502
533 847
64 303
305 647
918 795
310 538
149 802
532 670
780 792
341 31
724 390
792 46
432 812
391 456
927 302
701 27
438 707
96 597
35 38
264 673
666 384
830 663
311 204
429 525
910 507
555 746
444 241
499 838
576 157
272 503
733 683
902 67
339 899
640 126
424 880
748 903
390 88
267 746
544 504
637 819
859 24
753 651
419 340
910 781
542 150
757 318
260 250
702 506
329 382
28 78
671 98
244 918
345 259
372 923
38 435
810 168
489 270
269 793
12 428
555 919
366 602
285 34
913 187
529 683
6 845
453 459
73 930
343 619
133 236
565 98
395 355
538 686
859 452
919 218
948 677
424 774
386 69
385 106
319 907
653 460
349 295
874 273
278 575
622 185
709 371
172 607
261 879
903 144
11 556
302 29
9 199
445 679
578 441
561 138
874 614
605 42
716 446
440 281
309 809
796 239
619 273
603 357
481 96
883 728
108 559
878 191
213 65
194 734
575 688
103 402
296 188
655 710
601 757
280 480
796 89
788 110
771 933
523 487
178 508
391 213
3 227
463 98
601 261
171 533
942 813
614 660
460 62
583 828
314 176
663 327
885 365
691 456
367 854
803 364
380 382
158 238
396 807
431 32
403 5
271 28
339 377
197 256
731 840
36 11
783 647
186 53
267 945
438 248
160 593
170 181
248 552
113 663
652 867
480 474
703 572
254 90
841 353
698 730
588 538
339 890
213 482
583 39
577 161
393 362
311 412
38 514
237 768
306 383
937 7
935 759
297 77
217 459
703 802
87 330
376 5
589 368
717 657
115 866
946 380
629 304
43 658
10 498
157 933
662 510
296 750
452 743
231 111
789 439
212 737
24 389
244 202
477 418
234 372
194 869
624 76
542 821
842 869
784 520
706 110
294 614
99 119
173 649
257 145
874 696
682 53
594 646
515 28
512 138
741 640
901 566
666 400
377 150
161 537
575 201
493 130
149 105
286 706
49 632
698 523
833 116
384 479
501 689
670 583
242 68
681 922
723 615
826 69
599 288
109 93
158 229
64 259
430 610
654 29
492 392
261 553
868 263
837 511
800 634
555 414
105 482
886 26
143 192
214 69
239 513
229 558
465 408
357 341
586 503
556 585
406 698
702 655
100 643
861 519
730 896
129 271
540 418
640 69
42 865
328 358
429 905
529 475
631 82
218 320
656 266
8 385
748 135
890 703
710 181
851 212
942 79
420 799
441 695
237 522
462 520
439 27
809 731
887 191
109 888
177 807
33 475
351 368
293 248
285 11
720 822
7 261
709 123
746 395
477 217
253 875
362 547
854 632
435 63
939 260
732 30
669 947
509 440
251 889
512 397
157 885
124 98
862 465
581 815
387 285
522 695
483 526
250 558
109 387
403 560
84 482
723 218
596 695
822 901
932 855
850 134
203 500
573 664
353 455
639 702
908 521
420 30
134 69
82 855
237 567
752 639
51 752
41 143
54 485
727 649
77 369
593 728
750 192
358 493
256 334
836 533
301 873
369 336
398 162
290 76
358 804
242 771
644 517
796 138
768 173
355 62
888 290
487 779
372 869
548 361
701 495
398 887
771 354
20 505
239 857
743 586
50 280
736 332
517 654
943 742
191 215
333 680
294 303

924 979
891 576
844 52
483 899
347 280
806 191
635 594
827 122
353 740
687 156
723 130
922 478
254 191
509 685
515 688
908 892
583 86
394 431
715 330
679 751
63 137
207 36
253 500
317 511
740 142
898 609
685 635
231 691
465 140
599 801
730 688
130 814
755 916
505 412
885 174
672 758
809 625
708 676
691 325
50 144
270 141
281 862
814 169
346 774
791 767
475 890
145 115
887 720
906 420
388 851
475 757
403 400
56 399
600 356
155 587
243 803
833 628
128 477
260 414
785 264
530 867
101 640
520 886
260 906
799 68
851 653
791 567
255 698
234 487
207 700
860 237
427 762
461 626
130 652
829 579
94 833
590 214
472 755
78 386
547 822
405 411
476 445
181 417
378 758
739 542
223 703
472 17
19 566
258 335
368 472
266 834
251 250
133 607
128 879
879 277
46 504
586 686
418 867
27 715
288 223
798 830
37 834
722 74
647 573
534 119
125 829
555 421
6 784
373 137
727 405
352 259
189 911
12 382
898 231
803 751
545 696
453 810
882 841
134 587
214 655
256 7
797 737
24 99
466 390
588 915
449 746
47 656
347 80
442 239
286 210
298 785
914 696
586 230
279 343
539 113
599 768
243 867
112 57
508 167
16 655
595 253
108 77
633 723
471 757
314 427
324 98
57 808
283 777
407 24
312 884
565 590
449 306
499 92
559 55
442 820
617 776
338 506
573 641
722 60
848 25
726 778
870 816
677 309
452 765
659 604
13 847
507 115
215 14
117 31
828 481
85 395
191 395
112 717
35 186
831 572
159 844
733 60
742 914
564 533
836 134
247 650
279 401
449 621
712 684
857 633
396 339
727 137
848 385
405 356
824 13
711 202
746 835
201 199
197 743
570 603
704 687
816 41
36 434
575 369
421 409
453 884
378 81
799 401
301 245
414 589
132 704
279 740
850 487
553 827
599 426
273 384
143 447
70 702
664 153
570 126
755 163
915 173
871 598
295 733
645 642
330 9
353 770
648 194
734 181
351 267
408 145
426 613
775 56
25 144
837 408
177 833
726 772
488 840
98 428
111 371
465 335
919 87
274 1
509 486
846 475
192 443
312 136
228 179
437 374
141 921
668 502
715 659
823 143
482 470
660 905
430 672
669 688
853 79
425 644
326 61
333 761
740 783
213 215
528 407
542 726
352 134
814 266
629 394
401 362
375 225
266 279
33 769
86 446
354 679
448 566
15 792
88 494
338 239
727 141
3 468
124 354
75 378
568 280
98 835
809 82
880 270
37 354
627 523
859 919
733 7
508 798
779 127
891 210
434 18
389 781
133 915
689 917
136 440
528 859
190 69
142 867
638 655
233 408
364 28
288 823
381 742
567 755
514 509
24 881
320 509
370 37
472 453
151 647
886 851
613 102
884 839
39 33
711 92
274 488
591 165
408 906
168 818
734 571
266 613
422 10
573 904
817 295
668 349
543 911
459 829
773 15
570 555
140 667
654 628
55 597
657 262
423 246
832 712
631 402
428 584
851 786
800 181
638 590
112 125
137 16
698 834
553 10
771 479
129 254
209 566
378 580
76 747
751 239
383 604
519 453
629 719
717 2
308 664
159 403
752 802
304 439
648 756
787 216
18 560
499 385
144 377
91 388
484 24
798 563
141 194
861 68
605 783
819 286
808 132
249 797
104 80
13 354
763 507
464 484
204 582
874 370
286 666
63 187
826 779
500 739
289 813
617 307
534 608
583 436
474 507
700 331
780 736
422 619
802 424
23 470
574 509
637 86
881 472
106 702
292 866
88 587
439 205
26 748
855 575
280 574
293 644
215 653
754 614
262 776
263 609
404 725
415 400
750 44
842 309
452 76
361 150
807 224
830 921
758 181
685 747
734 635
404 492
454 808
320 239
155 535
882 815
818 786
731 915
571 870
906 242
417 914
81 121
466 412
115 224
404 576
814 343
369 178
671 476
408 423
1 55
821 545
210 709
32 888
585 919
18 839
174 97
199 485
100 107
487 625
543 254
526 407
82 468
106 105
243 675
897 323
670 303
898 700
520 471
887 721
794 418
900 561
909 134
687 267
895 109
526 419
778 637
816 188
664 181
43 754
289 243
250 818
180 506
860 364
871 570
654 190
562 463
260 306
904 43
917 923
73 317
462 769
261 751
555 180
845 192
216 683
496 920
104 645
628 671
652 126
167 321
633 176
109 471
733 882
314 868
194 466
351 430
57 851
681 618
254 412
134 898
115 622
295 714
259 509
349 271
468 45
489 352
97 630
114 304
799 207
819 477
908 617
589 464
743 89
476 91
494 302
493 818
712 729
694 473
293 775
81 352
192 31
831 907
457 802
313 915
629 180
282 521
50 740
280 569
579 73
665 239
96 373
278 225
653 255
62 199
250 588
275 353
213 903
767 872
520 524
26 695
413 266
530 698
123 324
246 104
365 136
617 530
657 237
247 237
186 601
249 161
630 729
113 150
694 311
298 228
430 254
551 364
891 175
539 153
120 857
193 531
87 514
450 569
289 775
713 115
343 664
368 146
790 158
828 568
19 168
469 537
686 17
506 718
510 757
666 72
561 842
46 471
449 720
57 627
781 784
438 275
74 696
451 146
614 279
320 415
98 920
923 541
226 401
496 268
214 195
43 327
404 278
697 114
652 378
87 22
374 113
124 159
393 138
377 523
600 652
892 219
14 276
418 878
588 117
326 676
726 642
743 800
713 116
830 707
765 393
442 317
244 193
107 535
764 308
44 574
136 561
674 270
518 335
745 648
597 334
111 722
325 407
517 715
402 15
782 121
457 86
3 533
340 861
622 199
711 773
384 30
706 303
868 258
368 486
689 718
754 823
637 775
650 228
501 251
206 804
793 915
853 413
431 897
399 476
477 695
115 483
13 702
91 674
307 872
557 833
502 563
547 701
787 836
151 802
339 379
335 124
428 580
113 438
847 711
182 189
247 97
49 474
893 100
654 898
866 305
547 869
203 688
816 72
92 740
187 52
316 107
820 696
668 156
520 437
32 914
18 669
174 730
497 812
832 876
1 720
277 723
736 193
777 224
341 751
447 157
769 26
89 184
534 282
241 94
34 298
226 23
625 85
281 416
489 529
570 465
738 514
899 775
499 10
198 719
493 854
415 129
690 461
669 402
463 215
775 744
653 742
28 178
535 58
436 648
886 161
48 792
892 377
555 98
517 616
627 629
548 380
396 386
301 206
677 113
295 205
803 683
747 413
751 540
79 811
552 669
579 903
777 243
816 461
733 229
85 755
93 838
200 142
398 817
507 321
156 17
819 390
545 781
41 131
650 588
136 84
453 294
255 600
1 893
822 797
748 442
339 754
358 176
557 438
207 34
177 487
495 436
223 432
375 286
459 256
614 27
443 586
322 412
350 485
175 526
215 152
414 537
488 527
255 289
335 45
468 386
528 515
283 537
861 245
809 633
811 90
895 659
835 572
680 418
579 541
903 668
333 521
534 352
824 681
472 211
267 587
55 529
553 834
175 611
870 54
684 902
758 740
453 847
410 203
371 151
761 232
111 591
866 720
531 137
322 19
164 614
223 18
618 490
508 720
507 172
159 192
717 817
910 833
875 806
675 304
245 238
79 184
757 629
196 371
712 492
794 279
856 6
233 232
728 556
35 62
831 532
364 580
5 603
737 924
801 330
792 662
486 832
252 857
495 783
905 812
6 83
519 867
419 300
840 791
303 857
165 390
779 293
181 642
287 470
571 624
847 203
43 285
791 143
653 552
804 760
358 396
286 920
183 868
785 645
237 588
169 219
6 743
134 447
288 748
6 407
742 885
98 655
210 410
685 170
614 104
584 889
630 563
127 221
820 89
598 557
744 766
128 430
287 837
517 819
667 592
524 255
832 496
758 744
635 903
92 364
720 658
169 615
418 135
568 254
777 864
865 844
597 582
466 346
5 366
405 582
521 699
764 545
672 746
542 894
51 32
142 137
558 447
772 894
162 689
641 95
643 456
866 905
131 311
654 601
308 814
754 103
455 332
579 233
728 855
638 510
65 317
517 503
451 772
553 552
38 408
895 284
583 771
92 95
585 641
909 897
487 216
307 859
182 654
627 192
210 568
459 52
248 34
763 286
238 590
579 432
874 355
437 818
623 762
842 453
551 341
19 316
271 789
648 53
107 99
499 302
571 231
598 114
677 635
676 757
369 196
146 106
307 819
875 261
899 727
546 94
678 809
364 445
343 489
494 588
706 877
182 776
359 394
838 26
682 547
362 636
780 2
832 410
537 255
612 517
86 268
790 105
243 801
22 612
572 1
797 387
571 448
499 456
826 214
140 193
312 327
64 132
773 920
355 501
895 696
473 693
687 809
794 525
14 902
73 408
24 446
477 264
7 379
662 336
52 437
560 379
14 32
483 660
382 702
381 430
576 325
720 691
650 642

894 923
685 566
254 44
680 131
513 259
575 712
213 121
600 364
470 655
71 345
64 625
122 197
651 305
352 42
508 320
217 374
426 377
874 104
791 325
833 790
477 385
581 113
728 731
164 868
481 567
755 421
236 453
332 593
35 548
784 523
96 416
285 754
206 677
692 472
363 61
783 510
646 831
517 356
164 558
881 661
35 745
739 720
62 857
372 214
196 493
384 827
13 162
596 216
190 195
875 831
221 852
461 442
604 815
794 516
502 512
709 462
355 639
782 570
76 529
834 729
864 418
725 787
537 528
828 606
577 172
610 383
102 266
220 617
706 148
706 321
7 665
577 434
848 15
580 887
121 110
244 838
605 56
549 97
823 374
114 788
639 395
11 356
779 158
887 522
423 780
459 681
658 27
571 774
154 735
249 321
619 206
420 768
204 482
431 807
283 24
812 602
258 181
192 493
865 753
631 706
71 153
622 396
684 52
722 169
8 476
509 398
159 864
75 711
598 632
292 858
840 1
452 513
189 372
875 791
152 3
710 439
267 219
856 588
20 165
389 417
218 557
848 103
47 436
627 735
423 686
736 608
280 818
197 501
563 301
745 329
772 795
787 578
620 350
128 292
19 384
262 9
792 640
885 50
760 43
764 307
77 171
231 692
663 197
88 230
560 808
244 257
133 779
458 807
83 120
104 666
604 819
341 441
435 793
22 599
129 300
98 370
230 43
810 685
316 137
839 647
385 388
519 89
184 333
616 179
114 678
699 383
437 530
335 240
642 548
325 67
570 856
185 779
631 720
713 628
590 484
638 674
469 162
690 580
524 88
586 225
33 554
534 1
385 30
105 409
621 268
479 669
287 40
152 818
472 593
249 422
765 643
650 441
361 244
328 189
140 830
885 240
526 383
60 167
8 624
463 623
731 256
141 833
53 308
624 287
574 119
317 725
823 381
96 110
680 550
53 248
626 10
507 224
82 406
339 659
122 1
579 128
408 1
789 424
238 506
688 122
206 227
64 213
876 835
498 384
873 800
574 602
821 53
274 368
208 635
298 754
46 699
414 10
283 484
788 819
779 543
372 657
889 286
553 289
755 797
824 485
736 339
67 372
504 883
579 30
135 409
225 645
377 84
678 847
611 312
636 68
438 58
893 40
867 448
317 52
811 73
234 147
410 434
609 421
548 759
418 815
362 317
46 310
875 391
230 711
479 147
573 842
98 609
574 566
65 242
158 508
813 7
813 622
595 845
682 311
3 327
267 230
609 58
263 803
117 858
810 871
502 81
479 489
118 79
113 632
403 633
792 491
698 241
141 22
270 604
5 63
393 84
818 73
381 809
486 236
356 644
847 351
160 359
874 239
710 210
675 29
275 439
494 610
508 500
53 654
539 660
430 697
508 169
799 824
714 20
871 534
579 433
112 50
80 423
313 465
148 695
575 425
854 507
812 101
737 69
9 400
815 168
94 360
820 165
128 277
661 428
80 792
153 94
143 215
118 796
269 506
768 642
401 194
128 509
291 275
541 233
442 336
560 659
415 373
65 713
425 826
678 548
329 544
333 815
695 234
218 451
627 91
167 633
674 215
724 870
613 384
749 95
167 599
873 90
840 472
77 546
195 493
387 833
64 269
512 50
179 46
766 112
62 741
342 732
100 223
338 190
391 328
548 702
635 221
406 121
729 243
70 61
773 198
312 283
264 572
30 247
150 302
6 791
105 412
412 507
776 145
205 738
392 560
559 113
892 613
315 464
322 878
862 686
224 691
729 224
239 303
155 586
768 677
116 723
370 427
659 611
119 740
226 573
94 474
606 613
187 879
593 672
164 304
508 79
115 460
518 844
642 490
17 836
669 764
319 349
560 165
112 329
565 668
842 614
347 135
681 720
287 685
609 390
894 121
814 168
219 118
179 60
642 489
636 599
175 640
358 201
830 81
434 671
505 616
428 28
207 47
782 157
513 206
638 334
474 503
40 69
510 489
379 130
285 629
597 510
275 336
498 757
220 436
6 503
255 290
677 566
519 720
11 771
255 842
776 366
134 210
80 106
880 750
203 137
606 72
79 188
243 460
425 316
825 788
588 848
199 416
780 695
160 477
280 159
646 83
869 878
865 195
169 590
327 463
348 523
183 508
728 272
461 250
829 853
51 430
509 133
25 26
546 856
336 499
60 569
65 321
179 565
248 841
231 459
93 412
681 676
480 767
78 158
737 122
363 508
348 150
463 129
647 371
414 689
491 65
152 759
653 315
875 364
264 26
638 621
637 763
22 617
538 184
841 347
196 400
886 344
758 324
356 631
203 801
167 406
363 621
514 487
494 305
295 245
122 603
286 165
497 807
419 311
886 614
349 554
795 774
17 223
739 415
363 385
884 435
184 784
786 224
166 9
846 883
129 603
478 253
376 761
256 677
462 661
252 554
151 475
313 264
209 591
56 667
56 393
559 768
336 360
311 104
194 317
632 665
512 208
411 772
670 797
97 118
364 266
677 797
616 4
431 680
56 178
844 44
138 819
520 330
626 849
45 688
480 497
566 443
385 136
823 533
824 183
313 303
864 478
408 491
887 237
843 307
803 517
175 204
34 391
474 406
681 207
827 367
31 878
244 30
211 335
478 602
835 614
210 328
78 201
844 572
648 218
520 398
112 80
165 262
696 198
9 99
354 660
780 815
810 178
712 105
83 524
432 602
56 737
331 399
354 486
506 63
454 229
556 25
858 270
704 181
163 449
218 383
157 876
728 236
98 527
124 295
500 580
670 888
502 88
157 60
322 787
187 280
743 91
879 38
157 663
54 454
325 481
677 501
14 107
278 511
232 331
731 822
494 498
293 38
374 729
503 220
599 456
186 553
430 634
828 91
684 202
481 701
342 384
311 402
404 877
753 645
43 170
365 695
237 642
819 838
449 58
250 256
283 153
737 46
524 767
237 443
634 670
636 142
56 97
237 469
617 570
766 748
284 91
582 701
661 194
707 360
485 634
199 779
590 649
193 523
417 384
74 105
32 859
91 297
687 153
420 210
109 207
218 771
188 86
440 636
96 802
163 872
496 886
677 628
587 97
295 287
801 768
737 779
343 504
18 618
589 854
251 698
504 146
374 76
829 863
571 396
524 486
85 227
518 35
72 337
111 582
215 53
881 76
758 486
218 397
416 204
232 186
776 322
775 430
782 170
33 438
594 738
588 77
502 549
70 323
372 841
739 509
875 589
881 704
255 412
605 71
22 855
449 117
730 535
656 670
7 742
555 553
229 594
228 558
819 526
273 577
649 473
724 572
230 487
122 208
842 507
251 681
859 413
718 881
56 359
58 538
351 548
805 401
3 586
687 321
766 817
358 517
870 187
784 684
710 143
323 155
754 129
777 199
870 723
702 892
210 540
49 268
153 389
869 583
653 220
506 894
578 98
51 279
10 604
361 76
549 254
638 460
223 422
30 890
104 845
755 339
595 470
769 567
104 395
749 37
677 344
651 477
154 648
274 477
556 305
828 590
420 309
77 137
254 537
315 73
626 692
127 577
833 277
132 839
835 353
161 214
50 98
757 22
692 372
738 52
710 291
802 710
745 476
80 244
438 10
366 8
514 189
438 664
461 120
772 168
584 257
728 528
469 188
279 104
876 319
507 205
340 106
695 654
320 735
468 296
324 546
841 444
486 495
613 253
529 431
296 889
809 525
876 463
643 748
132 230
513 364
181 406
626 888
449 229
715 545
869 790
104 570
287 74
701 285
668 831
577 139
246 77
654 228
520 875
346 233
334 859
151 366
685 189
766 894
277 422
757 305
90 422
466 874
116 749
313 816
446 58
746 171
422 840
219 174
550 806
403 90
502 389
442 223
264 616
553 734
477 89
700 684
85 82
464 434
550 613
354 890
786 215
397 70
655 301
423 155
301 580
251 889
891 851
740 503
213 319
615 95
371 77
574 836
536 622
58 172
53 883
158 577
821 608
638 748
822 780
822 462
570 287
754 358
283 165
799 67
425 358
230 73
314 102
212 822
146 56
846 263
381 405
31 378
113 799
645 153
75 783
829 772
483 773
406 761
737 777
158 815
13 77
568 392
211 765
364 780
415 432
834 61
196 283
673 305
223 596
23 815
514 792
576 354
515 175
443 602
650 235
442 692
379 419
207 640
419 843
177 84
390 510
863 485
532 421
844 471
84 644
743 503

905 868
623 758
383 125
183 190
459 322
209 712
860 693
590 684
197 479
27 651
263 298
600 684
686 131
69 667
11 605
895 267
588 15
30 15
172 685
801 478
296 256
885 61
664 427
13 433
768 651
740 292
559 19
424 507
471 633
162 396
478 187
411 23
471 293
767 594
272 132
417 868
531 703
604 84
601 414
199 214
97 107
487 727
549 424
652 852
645 522
89 260
826 200
814 836
405 186
115 430
212 649
833 169
1 860
810 730
291 484
600 138
713 716
892 878
715 871
644 135
606 675
748 46
798 78
147 328
267 530
720 381
295 878
496 375
355 437
139 704
425 701
538 357
498 307
696 797
427 312
554 448
654 614
289 884
609 345
583 724
571 471
247 165
723 444
49 903
580 827
734 310
78 396
295 341
420 163
626 456
343 582
277 308
641 835
740 713
27 725
44 646
97 623
775 627
888 184
463 455
758 509
826 294
891 32
320 160
457 494
294 445
821 97
221 468
339 93
530 475
455 231
269 80
303 252
641 371
162 99
745 748
613 865
422 870
490 239
545 435
683 347
422 4
402 385
216 201
287 870
477 615
248 50
830 53
781 131
444 714
777 680
129 219
759 200
498 163
605 470
651 122
486 210
782 341
533 235
486 293
326 122
338 128
183 798
254 194
125 209
676 741
753 768
319 261
267 27
576 775
713 330
526 44
313 128
811 129
266 57
661 556
118 63
641 415
88 521
627 161
376 573
159 41
465 576
270 376
594 758
598 809
607 450
866 175
327 107
287 737
218 83
86 405
371 181
228 618
641 219
269 49
107 693
897 430
877 144
842 178
37 89
613 84
835 777
856 300
829 782
359 118
580 830
453 584
875 817
804 19
212 136
192 377
157 745
77 517
882 730
787 504
151 252
334 890
618 891
623 818
562 341
211 771
56 550
809 779
681 737
492 889
350 497
205 893
634 337
468 146
831 355
75 778
612 860
842 427
534 378
487 479
888 313
850 528
167 261
604 106
210 894
185 156
363 337
650 549
646 668
31 110
298 460
531 425
592 794
498 521
891 703
722 291
703 337
678 847
374 21
804 604
219 539
116 312
671 47
227 158
507 103
575 653
896 607
736 745
13 73
88 158
651 487
584 675
375 880
677 133
218 730
660 84
357 788
403 108
628 883
743 747
313 770
478 146
358 293
683 653
219 33
376 317
14 876
415 270
400 266
839 50
312 708
574 747
612 314
841 606
213 337
629 172
883 724
372 187
589 495
16 35
193 423
101 786
254 808
368 700
666 485
717 882
761 33
436 68
593 878
717 213
704 571
70 666
77 162
847 87
610 756
327 498
353 385
670 459
532 295
80 825
560 90
753 634
705 352
533 583
322 603
619 806
32 718
407 883
843 478
741 457
183 343
584 447
680 345
751 744
89 628
870 598
420 697
824 712
872 236
661 406
839 280
882 593
811 829
895 505
482 803
673 640
676 545
224 162
86 277
316 69
303 54
866 614
740 393
118 532
498 248
536 699
198 422
280 666
207 394
892 40
1 457
511 163
555 422
212 448
483 558
651 749
865 341
290 710
386 403
105 367
707 32
536 720
489 221
130 426
745 753
548 120
502 11
95 376
842 413
675 325
489 397
613 676
802 614
242 131
513 505
568 711
241 350
6 662
860 406
848 727
721 513
886 710
873 331
279 482
281 308
874 448
491 275
217 873
31 156
535 734
34 518
495 119
193 869
466 78
526 7
499 869
791 213
2 355
768 415
771 414
91 584
760 150
791 794
423 841
779 300
19 553
50 537
722 719
216 507
477 139
157 481
241 24
180 248
697 821
238 466
598 510
580 167
768 672
713 558
442 90
362 403
786 305
371 619
432 320
358 856
239 361
305 698
191 30
227 613
28 857
873 826
852 823
230 458
249 222
206 880
349 862
479 494
257 132
713 425
304 528
855 288
554 729
883 621
898 815
355 186
809 38
103 78
372 292
16 543
219 615
155 524
273 353
312 836
97 869
828 879
285 429
673 810
3 378
571 93
260 449
71 425
416 182
280 211
86 87
93 445
677 528
169 777
480 492
114 733
753 340
222 101
446 83
271 901
573 858
870 826
384 399
873 879
714 327
852 447
374 285
516 721
663 642
763 304
668 130
168 744
518 517
849 727
456 49
219 745
465 718
207 698
702 848
136 25
272 582
785 403
865 444
479 847
198 459
621 676
648 320
711 850
383 854
120 824
801 394
600 331
74 899
511 834
757 21
173 399
398 647
471 127
429 358
744 180
720 688
153 192
798 618
801 777
208 852
281 2
295 823
540 632
476 82
454 277
361 820
565 759
263 654
598 485
562 80
66 493
435 451
142 814
49 262
525 191
425 102
633 457
515 782
385 735
117 313
172 367
237 351
889 574
130 604
80 671
839 525
455 114
497 885
218 228
859 383
659 427
226 253
188 279
57 787
520 42
297 329
121 730
294 763
655 166
114 806
440 557
434 40
256 140
401 238
583 868
530 780
680 547
654 223
38 646
72 245
879 714
185 833
549 28
39 905
621 714
672 697
847 766
874 691
759 471
889 300
103 569
707 296
266 692
862 260
544 861
67 517
538 821
660 643
450 201
146 34
455 44
869 818
341 190
357 697
819 57
74 823
150 199
450 549
247 480
194 839
551 874
814 62
345 645
787 24
659 441
476 1
819 259
382 453
270 291
32 382
700 345
316 390
433 303
659 415
411 667
290 840
708 516
179 738
740 155
697 239
97 424
257 38
295 113
712 836
352 385
116 855
826 246
621 237
800 531
899 865
791 823
308 523
402 548
166 473
646 258
522 251
380 238
346 369
678 86
110 561
488 101
281 346
780 79
484 796
672 564
151 343
855 194
887 142
667 817
161 329
603 475
238 276
302 630
49 723
32 546
408 895
198 902
138 167
570 29
591 385
608 465
255 312
188 704
475 258
717 831
199 642
531 232
866 336
133 575
387 268
633 305
107 703
480 852
532 455
890 447
547 443
332 328
414 187
658 512
277 303
544 715
869 340
247 585
242 711
174 577
116 488
692 708
532 251
723 338
289 683
488 77
844 763
359 392
582 608
120 514
686 437
407 262
453 898
559 524
859 599
434 866
436 447
575 345
840 531
86 306
878 753
597 326
544 260
676 226
834 187
584 841
229 452
150 165
269 431
747 310
682 591
690 688
165 149
32 420
358 560
540 330
540 681
253 245
544 684
698 415
188 66
71 789
320 389
64 425
174 799
375 312
775 713
71 196
631 735
681 733
315 655
152 795
842 358
263 690
519 889
395 311
139 762
216 597
749 275
433 144
460 220
837 221
282 889
248 20
261 329
186 117
739 249
720 554
17 288
331 73
619 96
319 774
839 146
825 666
93 706
745 721
822 156
483 421
628 701
400 176
839 858
519 123
840 828
208 416
144 378
638 702
859 310
599 111
8 248
434 110
262 744
415 208
223 46
703 411
18 838
103 10
427 440
763 383
709 412
356 767
267 48
31 140
616 855
690 450
784 702
133 365
430 794
542 118
437 836
463 424
11 444
787 800
120 470
883 213
779 435
78 566
194 359
320 726
28 764
125 617
619 700
284 726
525 816
806 131
873 445
242 22
724 233
90 490
891 41
345 54
281 297
214 373
66 839
458 356
626 194
522 455
377 645
507 467
341 894
455 549
518 119
571 126
333 371
869 698
18 746
449 610
447 427
621 780
60 484
483 76
793 285
238 658
835 158
78 646
228 653
101 409
565 709
306 139
510 664
770 794
843 496
185 287
97 397
251 620
449 402
561 634
374 178
469 353
643 196
557 855
59 859
616 875
488 714
762 41
464 796
731 304
30 522
804 889
32 167
381 451
70 716
443 162
192 482
893 381
474 504
654 272
337 668
599 384
415 111
196 432
613 430
846 122
222 54
225 20
123 229
286 595
576 318
659 714
660 369
882 385

975 1706
311 331
975 351
266 23
605 355
73 82
73 824
790 159
905 384
266 555
29 221
784 489
210 457
947 759
415 640
240 337
919 613
630 55
227 736
467 81
451 267
532 93
293 623
866 921
356 193
802 826
553 193
573 286
135 498
898 918
329 804
511 67
117 504
326 545
671 545
208 161
910 99
806 954
423 149
386 886
943 78
512 797
37 901
677 921
968 787
391 320
496 819
835 408
88 819
432 592
76 937
304 384
164 770
867 559
133 452
281 147
337 742
746 241
70 362
128 82
898 1
793 288
441 459
846 223
260 616
529 33
368 26
804 551
397 503
145 681
443 499
780 914
584 893
550 406
272 761
674 205
646 451
581 603
332 546
51 625
806 830
882 400
916 956
421 506
399 694
588 852
123 48
56 503
57 930
259 241
133 285
196 604
930 220
471 915
735 677
498 250
51 630
97 959
605 202
442 158
581 97
653 340
583 200
434 436
347 524
158 278
110 897
368 634
262 175
140 501
161 387
717 729
633 25
429 913
449 392
231 261
732 859
876 848
606 211
382 68
481 144
149 344
305 796
600 218
649 144
104 60
801 317
142 642
381 5
550 814
274 928
120 860
688 841
374 108
485 498
89 492
685 275
581 194
267 390
486 531
115 848
649 8
265 970
824 952
34 931
436 296
943 854
454 188
166 661
317 108
263 240
123 872
473 854
934 304
478 193
731 185
317 761
14 157
162 314
346 639
187 737
899 953
917 442
774 904
425 757
712 916
233 714
179 463
22 555
426 67
503 83
824 210
452 440
723 635
672 624
713 68
531 384
490 198
751 735
256 684
683 730
387 297
448 324
35 379
381 603
60 804
722 962
50 164
72 393
40 845
797 250
737 684
65 625
874 946
288 133
677 32
552 348
382 499
737 797
225 404
888 857
297 573
687 360
446 387
214 506
956 897
943 334
737 217
177 258
116 817
227 494
10 226
585 164
346 562
439 249
192 640
780 544
674 63
378 892
45 808
250 851
396 611
499 381
594 363
843 805
359 852
127 135
550 925
47 326
260 27
533 651
573 154
631 644
16 177
346 413
738 330
132 43
67 477
378 912
821 167
479 616
939 373
778 317
876 610
715 273
355 820
737 938
512 186
622 69
553 405
95 847
137 861
162 760
694 577
899 635
277 622
192 90
893 777
801 688
753 607
555 343
942 32
201 730
118 49
192 376
449 465
516 952
834 635
38 587
42 845
223 581
107 78
287 814
103 334
188 463
754 206
447 468
109 384
835 833
185 320
513 530
829 845
663 801
969 288
509 487
182 567
975 254
633 454
525 710
451 562
859 203
401 876
19 874
591 325
512 143
641 695
40 213
535 215
908 862
304 239
805 9
418 545
236 805
475 682
505 214
527 239
892 883
610 883
353 282
616 853
233 541
864 868
582 201
269 450
307 159
813 592
351 529
826 844
147 69
353 966
692 657
590 17
338 911
324 208
882 371
78 855
705 497
599 756
35 294
720 563
848 77
635 704
197 198
571 658
94 29
263 881
123 456
933 488
149 601
421 631
426 651
247 316
128 785
22 786
782 61
342 67
305 85
684 28
44 745
324 659
274 69
101 889
726 584
328 549
735 223
368 7
168 761
625 564
486 768
828 564
26 779
504 950
912 626
549 291
901 645
667 952
355 42
464 776
452 696
386 514
47 268
453 37
458 176
759 194
372 829
963 882
179 557
590 439
512 308
827 531
849 959
331 480
450 869
824 832
344 853
882 151
648 248
957 285
608 70
491 698
761 911
796 71
657 783
417 661
609 185
408 117
246 165
36 299
220 77
448 155
415 304
772 612
247 504
600 578
732 71
384 732
848 401
275 536
630 170
52 129
365 401
628 231
143 598
902 924
303 225
782 827
402 242
920 289
59 610
961 146
73 770
661 828
958 648
689 437
202 355
391 698
894 180
641 752
15 713
639 309
749 106
799 16
200 968
938 257
44 925
26 432
870 858
448 450
379 925
476 93
556 154
317 224
555 783
573 474
206 157
860 796
48 90
449 348
825 630
551 258
76 520
555 240
560 197
797 744
709 902
486 74
463 787
906 509
2 778
144 294
901 784
134 202
48 860
146 819
420 952
972 697
299 622
362 881
273 413
112 840
425 476
814 12
174 762
532 175
203 358
778 868
14 217
446 484
292 877
356 386
239 694
852 930
908 294
31 858
456 253
936 551
919 332
758 714
393 748
86 611
126 175
334 967
585 523
650 521
352 893
612 702
918 725
947 195
447 135
361 882
307 897
675 515
612 412
260 265
956 331
103 109
508 200
789 479
223 567
208 857
724 783
861 434
224 57
921 69
6 929
199 42
420 804
106 343
272 653
633 235
161 718
474 66
248 844
644 777
573 189
337 843
676 186
755 269
666 519
444 787
175 630
492 699
555 968
607 531
326 529
937 294
298 799
318 897
820 501
552 874
632 35
26 43
889 1
407 890
929 587
862 251
459 772
668 80
36 794
535 571
264 571
725 359
402 213
428 835
837 606
768 566
767 838
108 244
594 325
262 885
391 505
156 514
576 616
397 547
366 440
942 111
693 81
604 199
537 796
846 625
470 144
311 270
510 170
833 959
892 358
402 300
867 32
353 528
728 346
636 867
113 919
934 667
208 344
728 830
35 611
219 120
739 820
316 8
870 313
746 379
602 593
370 87
763 27
776 445
197 61
519 512
634 320
484 228
181 132
755 35
419 934
920 705
669 367
765 625
345 395
329 577
421 716
845 948
334 797
395 261
859 303
848 60
228 793
806 325
347 608
852 373
261 24
617 645
193 11
563 619
569 413
201 91
555 158
874 306
182 413
520 592
192 417
544 641
80 673
64 38
716 73
559 56
229 779
67 184
434 302
401 929
748 764
918 589
635 751
653 858
964 155
39 434
901 758
317 837
513 601
261 557
27 848
253 568
922 626
851 306
62 890
249 286
484 838
820 675
77 134
906 635
920 420
916 109
619 834
433 321
931 21
608 299
737 127
587 935
932 67
573 794
251 130
371 926
800 859
50 812
622 485
623 766
83 281
537 636
355 214
230 363
949 930
181 456
405 861
665 590
889 629
102 890
820 689
430 701
652 121
526 493
802 247
821 196
150 266
713 484
222 482
260 219
743 339
570 912
787 737
45 951
641 780
746 145
842 652
534 133
958 95
358 17
534 116
862 641
102 449
799 549
208 505
427 793
245 562
428 904
34 838
148 600
956 247
31 662
965 899
791 888
885 755
491 34
890 830
858 272
441 285
260 201
323 961
140 697
94 593
382 639
803 344
715 42
368 266
38 349
313 818
596 866
213 969
288 496
806 760
517 635
955 937
462 726
327 865
970 528
113 171
826 928
396 522
367 17
795 257
707 419
103 108
196 239
372 712
98 35
631 166
956 975
260 409
871 566
323 228
617 426
660 28
950 871
270 501
956 937
415 738
300 458
935 822
166 400
812 597
840 887
414 649
404 829
813 39
48 853
716 707
30 646
400 773
972 622
21 278
667 402
228 689
909 956
90 702
640 741
56 951
898 760
169 262
667 630
941 566
61 474
181 87
812 216
372 359
566 641
326 410
14 585
476 595
459 775
541 477
610 224
310 649
861 182
670 441
726 714
556 576
667 24
526 679
793 674
81 656
909 204
72 941
611 31
937 930
282 674
64 273
579 543
947 99
307 140
199 822
347 540
325 657
767 645
701 897
405 554
212 261
329 551
536 126
496 741
703 393
235 829
141 742
842 184
223 642
904 369
195 101
532 662
501 925
587 142
271 937
829 197
653 23
638 224
109 313
863 47
204 467
21 515
874 884
395 271
19 30
220 312
775 661
669 659
103 134
30 738
640 903
699 753
666 651
355 737
941 476
641 968
151 107
523 781
266 543
765 295
894 448
90 248
805 806
917 801
461 752
256 466
355 520
692 709
193 339
324 373
609 30
765 534
133 228
104 151
323 183
489 707
342 751
540 841
972 792
867 412
345 841
34 785
953 394
32 231
234 606
440 877
594 511
500 558
491 75
367 730
274 663
668 20
462 896
690 9
533 958
753 821
341 19
948 602
326 615
77 569
728 964
687 435
937 562
909 194
125 651
633 508
175 13
797 65
436 226
289 183
499 280
844 54
502 918
450 136
469 215
714 211
934 3
683 724
338 754
322 443
234 642
755 348
413 342
644 438
257 860
974 963
390 229
174 267
880 95
296 491
115 356
963 50
393 363
103 304
285 909
416 287
328 763
213 638
134 690
215 291
620 621
326 799
500 38
598 230
582 561
400 359
773 682
580 18
871 525
659 942
515 306
862 74
563 107
11 358
159 896
271 343
845 3
596 225
968 117
320 359
105 464
200 103
517 508
61 475
45 950
187 614
544 752
46 480
286 632
880 530
786 428
62 565
893 191
491 189
484 351
232 69
512 55
74 872
544 664
272 213
419 605
461 703
597 397
4 913
958 470
687 764
357 282
788 196
256 349
845 53
460 418
428 896
551 366
682 850
343 204
974 97
206 576
961 252
339 247
655 133
749 373
643 837
53 654
153 516
279 92
712 714
489 266
108 146
609 70
169 863
673 838
175 268
397 566
307 201
237 738
723 721
922 348
778 562
97 926
420 753
917 285
711 796
386 454
301 270
712 832
839 786
40 947
595 342
60 100
217 778
570 469
330 932
292 627
137 694
721 472
133 943
866 336
646 469
281 173
344 417
859 793
70 223
951 354
700 757
117 144
372 837
270 637
382 44
516 604
188 432
740 613
372 575
470 329
591 222
847 277
345 335
553 357
635 890
240 482
224 615
48 340
550 942
463 569
636 247
910 519
801 849
252 67
254 689
962 741
234 447
754 12
402 322
77 238
183 684
134 932
638 367
13 45
737 763
278 740
448 357
466 713
549 220
885 84
812 865
304 495
963 333
13 836
306 490
968 633
718 773
838 436
675 488
511 674
648 198
702 25
545 287
254 675
403 516
922 969
654 79
438 831
463 813
210 259
377 420
958 970
67 39
200 857
756 886
499 742
400 955
509 631
403 634
308 248
479 160
910 961
587 46
736 297
216 754
344 284
612 827
723 349
175 883
37 291
812 180
28 253
448 942
804 27
644 620
317 302
799 693
359 951
107 237
288 918
528 92
801 338
269 284
898 354
518 794
188 518
300 515
252 555
935 109
773 895
687 811
706 909
822 124
38 687
954 44
31 580
756 359
172 491
687 9
843 263
973 179
774 347
267 336
267 682
77 132
373 899
582 599
343 666
808 815
866 4
647 393
190 784
925 152
529 237
622 194
235 204
399 442
200 964
320 724
418 727
135 854
104 283
840 815
287 614
952 8
640 559
816 420
781 912
254 638
422 913
98 715
429 705
251 283
125 72
933 241
857 249
826 441
466 34
926 35
344 170
267 866
55 20
429 583
174 969
112 304
225 442
104 10
922 499
394 8
751 354
203 223
717 740
463 796
638 784
342 230
568 865
645 488
949 513
715 284
384 199
75 957
872 530
155 446
342 31
270 614
733 449
112 64
457 657
407 454
63 149
783 27
261 671
821 837
917 561
935 438
560 871
430 613
54 748
681 278
336 342
431 147
419 581
922 718
215 392
759 97
282 208
765 389
126 507
254 268
458 356
483 372
92 302
96 350
722 587
905 396
7 617
565 596
255 937
828 329
574 360
81 596
852 138
47 957
734 82
205 864
316 914
744 973
780 187
875 168
715 259
220 424
37 686
867 476
962 322
525 62
86 125
596 771
122 67
93 909
832 771
315 492
545 370
344 418
490 321
554 630
117 691
618 747
641 538
720 578
558 524
183 4
261 87
744 940
514 42
199 132
182 196
862 618
650 570
7 950
85 903
432 588
344 798
471 254
97 250
862 900
277 684
242 254
261 802
630 560
479 12
764 769
913 410
533 775
629 307
853 315
879 161
512 701
825 682
184 829
773 848
903 492
873 937
398 122
607 514
298 893
851 926
412 82
790 827
500 829
504 718
503 256
234 225
35 349
721 753
278 35
561 531
783 734
209 54
467 749
527 435
105 568
87 807
407 497
818 270
612 152
617 664
410 115
915 810
592 356
874 463
519 456
964 614
566 470
953 677
118 914
122 804
183 722
95 604
538 952
722 502
781 398
397 732
938 302
557 125
466 68
17 696
617 76
823 255
126 416
477 705
617 650
598 530
194 355
392 495
328 454
657 800
374 557
692 344
712 438
701 193
496 923
131 889
463 711
357 97
141 10
414 248
324 833
402 672
65 634
835 788
267 3
487 110
171 316
581 302
412 239
15 583
680 843
129 398
257 241
519 818
873 543
233 210
859 476
205 733
143 700
191 157
903 433
481 202
730 556
452 298
336 958
323 31
681 31
537 258
133 770
833 257
946 173
69 298
787 176
6 862
452 130
240 18
425 928
453 760
421 975
465 727
361 262
153 952
388 968
80 649
727 353
897 326
540 903
242 469
411 384
370 869
675 348
711 63
502 638
918 597
45 972
837 48
731 818
475 275
555 470
761 640
541 194
449 892
454 462
541 371
513 97
846 917
461 563
830 883
820 425
864 282
247 628
620 498
803 316
130 280
3 932
543 235
145 896
38 938
616 744
711 594
213 235
547 508
206 906
62 789
255 954
698 98
517 372
539 196
647 95
758 957
687 521
564 655
266 502
146 608
156 547
530 762
936 71
425 115
903 200
592 256
435 166
149 791
33 806
240 504
768 915
427 763
877 714
130 413
427 223
141 315
704 948
649 760
627 134
459 95
850 859
569 846
333 384
620 110
432 607
17 382
830 156
650 213
874 481
819 173
548 756
405 399
814 734
954 424
924 717
779 271
568 894
938 433
286 747
933 762
740 257
703 415
599 740
459 771
203 684
926 14
937 855
669 867
325 136
213 136
59 165
335 357
583 756
433 950
273 873
805 912
183 28
845 634
338 474
173 102
268 497
896 511
567 353
550 362
831 955
116 199
374 710
506 720
804 596
163 507
609 322
587 137
868 6
9 47
516 247
807 560
742 881
911 955
457 417
365 728
131 631
902 586
254 702
662 811
523 784
747 420
549 171
237 153
549 316
823 141
111 497
223 540
377 131
285 26
395 435
290 829
882 643
78 30
175 106
552 72
304 305
200 521
15 813
487 288
540 432
299 855
708 620
322 291
783 82
185 54
943 855
490 429
954 738
386 695
922 613
558 303
564 357
860 211
546 693
784 98
914 733
494 64
385 839
578 504
136 656
66 132
596 532
856 377
129 512
974 578
577 276
647 777
565 384
53 604
890 11
709 565
46 629
295 841
169 448
278 226
903 352
230 813
513 913
768 391
382 822
403 684
597 198
599 550
67 164
769 696
498 677
193 740
882 425
172 744
158 641
345 958
399 665
21 322
189 672
177 441
514 866
471 358
37 669
811 336
410 513
395 479
370 880
704 549
689 439
836 597
496 453
709 114
530 465
876 24
587 215
180 107
849 940
518 310
884 421
617 723
653 533
502 917
32 360
161 822
175 477
892 833
776 580
319 776
490 583
114 903
228 748
700 241
596 544
109 896
193 299
957 637
273 962
273 277
41 881
99 112
174 642
618 643
665 594
940 428
295 694
101 439
569 740
862 73
960 465
373 713
889 800
746 558
251 894
238 925
114 10
560 875
49 924
587 585
292 602
60 372
316 238
545 445
675 817
79 814
549 355
475 929
455 832
568 67
624 545
576 841
665 885
832 227
493 43
778 700

946 869
424 695
810 237
325 754
95 785
461 158
789 843
385 170
568 917
135 199
725 512
47 236
542 801
41 821
780 218
180 830
529 2
42 583
892 243
407 570
790 235
812 265
308 443
560 136
408 167
304 468
805 113
676 315
773 430
250 456
165 239
762 81
841 133
537 297
688 492
539 91
117 704
34 242
783 533
364 934
563 165
802 63
707 93
66 824
601 360
458 892
63 299
261 841
42 844
364 84
333 242
136 696
122 560
893 623
22 320
25 919
656 17
410 146
344 541
705 759
292 837
735 736
645 267
572 790
693 94
241 184
64 112
868 99
351 403
666 112
930 261
704 106
482 350
315 660
728 562
927 242
624 190
45 506
102 160
77 315
731 455
374 786
619 558
905 773
382 723
468 123
911 280
387 767
808 97
461 164
896 551
465 514
181 841
426 853
492 516
836 211
827 933
815 851
332 215
468 319
618 63
818 686
301 164
489 156
714 335
227 287
320 235
394 52
935 776
282 399
605 316
335 803
583 826
463 99
658 261
507 748
608 327
601 783
155 553
806 775
792 919
566 109
125 243
797 585
427 853
750 263
628 222
770 833
335 648
500 168
537 328
466 670
443 758
765 166
71 942
174 906
541 157
280 636
885 265
502 265
852 604
571 726
111 323
415 600
867 218
530 596
509 813
115 146
507 731
625 284
160 116
366 679
538 445
854 326
489 192
736 466
260 378
708 588
523 308
137 497
167 51
589 180
651 29
239 219
328 131
234 75
150 632
914 879
24 261
613 379
709 514
115 574
74 212
388 701
522 613
629 15
59 660
206 764
58 86
589 794
729 601
605 54
869 181
742 141
854 799
855 121
226 720
498 845
861 477
888 551
696 156
223 804
531 436
448 152
886 463
846 56
185 519
307 335
352 747
912 224
314 106
858 742
917 877
624 460
544 54
865 888
558 42
170 394
784 734
117 221
52 134
583 689
469 428
687 257
804 352
115 712
303 375
579 790
221 766
395 930
43 284
531 296
370 231
228 588
109 818
294 844
68 30
629 568
8 580
375 36
630 685
176 387
236 300
129 465
885 712
932 240
436 198
457 261
708 757
479 32
251 515
380 869
57 318
637 701
475 526
134 294
802 702
114 39
314 40
803 381
119 687
598 166
903 476
788 850
404 783
367 645
865 702
723 43
547 334
287 508
894 300
127 776
633 4
465 93
636 23
931 925
386 385
252 296
15 589
283 708
26 68
829 67
46 387
89 533
19 395
708 675
42 523
747 639
793 607
743 839
842 373
492 164
545 390
421 224
409 15
655 808
401 261
645 944
722 209
278 870
101 371
917 865
330 88
390 706
318 63
757 917
827 897
172 859
877 313
537 774
653 464
492 568
501 376
820 610
405 775
564 81
643 731
290 913
293 478
279 510
937 750
705 909
356 242
271 822
182 563
540 879
517 766
144 687
943 137
928 9
632 597
198 785
666 665
920 473
417 633
482 82
555 831
103 839
838 835
689 181
95 470
256 805
396 176
745 632
616 111
526 229
540 690
938 720
750 921
486 9
213 744
701 780
777 683
388 793
403 470
287 308
214 618
18 555
575 286
504 127
12 814
8 846
195 515
700 570
83 58
522 819
226 586
87 192
62 532
254 627
348 167
230 709
566 905
896 600
580 35
430 581
861 131
724 120
583 539
530 421
558 775
43 643
825 743
765 619
916 157
508 79
394 26
719 595
301 84
937 908
920 498
74 680
655 663
724 227
409 639
932 47
669 171
196 461
860 339
26 657
191 440
781 779
207 27
589 620
7 941
240 842
146 937
235 39
761 902
798 745
337 171
40 223
124 543
544 869
635 286
380 896
821 602
857 199
400 652
850 729
632 70
937 304
498 465
54 900
34 392
142 899
70 428
527 753
426 835
174 104
804 559
39 852
845 44
654 786
815 756
358 572
302 142
317 608
592 860
204 863
934 183
885 773
538 177
513 925
853 643
943 366
696 255
54 67
505 826
554 229
743 864
808 322
468 898
56 507
556 128
332 710
788 331
188 610
573 236
820 27
938 154
280 758
347 674
114 222
320 605
465 145
9 684
112 780
179 274
334 828
12 391
696 506
397 774
934 212
294 716
664 907
465 942
372 303
394 676
747 359
486 106
118 39
85 816
754 690
242 906
328 378
591 762
230 782
479 39
742 166
841 822
876 655
539 126
243 301
26 44
459 230
921 279
776 526
616 35
354 764
756 56
596 898
47 129
243 920
927 534
901 219
727 832
716 535
231 861
925 816
591 497
636 498
411 218
419 577
793 258
437 458
898 47
812 266
423 758
119 777
146 501
119 863
636 95
551 175
260 339
265 770
289 269
767 816
57 58
621 736
148 850
213 531
134 784
549 131
21 697
172 655
174 351
478 165
147 509
555 392
737 493
802 789
805 519
89 820
735 758
181 351
200 701
139 623
412 922
157 68
351 65
270 203
224 278
363 75
476 829
41 264
79 665
456 181
87 279
654 370
349 107
92 277
477 530
180 647
622 602
22 456
184 247
481 359
473 878
30 825
109 800
326 800
5 382
24 531
780 449
621 707
852 501
354 609
945 673
97 69
446 81
540 20
453 469
192 383
440 385
904 365
697 680
196 212
857 780
126 216
488 591
649 704
917 800
853 608
164 389
364 506
66 85
857 127
896 81
373 324
632 216
226 195
678 275
557 758
64 747
255 893
418 796
797 253
755 806
278 822
496 766
931 468
524 870
758 398
412 162
260 89
595 931
110 853
396 905
257 448
727 498
467 53
279 112
22 301
350 73
25 838
779 662
524 280
677 132
216 780
929 874
862 164
818 414
803 778
775 169
270 650
888 29
515 739
558 702
650 300
433 648
837 600
695 364
241 880
178 715
296 58
180 397
550 713
677 618
601 229
352 45
789 840
890 104
690 381
522 228
748 810
631 856
858 505
430 928
71 142
572 401
759 170
373 795
213 630
240 382
402 165
495 725
362 217
5 123
358 236
667 611
660 944
429 662
778 626
534 120
122 475
696 243
575 430
755 145
722 442
154 145
41 738
35 263
555 531
82 805
764 796
268 499
318 721
886 739
437 200
159 259
438 739
846 450
348 550
629 633
740 7
532 121
165 710
372 226
848 771
351 687
272 192
139 366
77 281
745 402
570 874
530 651
597 813
794 57
914 384
433 232
758 2
615 655
106 241
40 833
703 371
39 366
198 32
33 18
852 358
839 561
166 283
544 55
527 749
148 697
780 622
219 590
454 38
780 743
808 640
869 946
378 127
711 83
311 181
451 371
603 34
760 894
603 922
96 544
679 64
454 612
894 52
946 39
570 131
683 579
371 773
598 434
806 696
872 806
42 317
899 327
527 142
725 39
93 869
770 657
576 156
297 912
535 94
539 340
466 268
513 336
53 573
36 762
451 338
713 178
509 388
200 665
925 230
913 316
29 19
714 680
310 623
320 786
868 624
516 429
382 467
274 406
942 930
939 51
709 712
828 94
154 15
646 164
755 513
604 657
496 701
427 703
749 933
593 436
77 795
125 684
558 282
242 63
152 299
785 352
241 537
42 69
334 917
373 247
551 227
166 382
637 460
724 316
173 29
171 53
759 838
531 933
346 621
660 827
592 716
73 205
815 409
658 581
118 154
316 598
892 8
538 299
718 526
686 713
234 34
33 688
751 26
669 699
101 528
234 270
433 435
822 760
815 372
499 775
298 270
762 453
8 125
586 473
559 594
481 189
689 879
491 720
902 36
481 748
662 470
629 189
712 353
276 807
792 799
550 444
786 543
318 4
465 816
53 487
222 827
401 742
242 204
508 432
544 83
125 283
375 780
154 137
524 285
547 172
922 620
724 493
573 657
545 280
67 204
134 264
946 680
845 852
266 71
702 916
442 573
695 925
312 165
585 185
673 805
288 939
335 61
424 879
573 188
708 684
719 911

800 957
133 446
122 271
364 207
750 562
514 682
684 699
26 664
631 779
409 376
83 273
376 261
110 283
679 245
37 728
270 757
622 782
574 723
259 218
295 354
419 67
727 19
63 774
173 247
296 55
347 431
600 796
550 575
215 407
26 425
98 778
378 255
229 500
417 339
285 290
77 265
176 795
562 490
650 675
148 110
561 527
664 617
253 177
693 591
680 583
662 620
336 675
735 282
730 485
608 746
746 320
57 39
215 344
77 107
433 242
287 235
446 513
562 355
561 405
270 407
366 697
683 163
326 629
770 205
116 169
457 529
782 277
563 448
270 381
791 4
177 521
472 796
734 532
65 496
693 363
263 696
18 81
182 678
680 369
776 407
285 186
60 70
611 80
22 792
355 43
513 530
614 530
577 119
333 112
743 237
141 709
418 641
501 419
745 318
643 270
448 708
683 623
91 348
288 595
771 165
489 155
210 55
800 474
332 315
608 531
320 440
321 708
224 300
304 96
183 762
391 341
439 487
552 105
442 661
149 271
475 276
113 41
442 538
68 549
718 740
508 375
631 503
759 233
413 1
14 698
623 8
698 433
704 260
266 55
305 653
365 299
353 62
240 754
27 246
625 655
666 654
273 519
663 552
537 760
287 677
168 684
298 537
637 150
675 735
38 610
330 25
382 133
464 19
339 389
723 203
40 335
729 343
451 216
797 15
787 691
684 506
320 754
463 490
559 294
559 605
414 127
633 321
747 206
119 385
248 373
360 249
265 416
435 497
219 564
749 248
517 779
548 593
398 205
596 669
280 230
571 641
45 254
469 49
757 429
394 36
240 677
517 166
172 7
353 785
617 119
348 335
237 114
262 155
105 155
629 141
156 248
279 179
397 706
115 630
736 655
5 616
165 358
401 555
652 292
419 702
296 497
387 370
741 767
780 659
150 221
596 456
294 411
596 460
378 749
390 120
795 60
175 207
177 676
108 661
29 305
111 632
704 538
693 571
41 610
476 343
527 341
86 464
89 300
558 676
232 273
246 234
534 447
543 568
723 648
7 148
336 203
721 519
63 307
198 526
748 447
764 564
98 97
254 197
369 108
7 320
115 586
553 339
117 685
295 175
245 219
18 303
663 578
152 36
739 448
541 24
41 799
125 516
501 338
232 431
615 291
581 260
563 656
268 455
79 479
250 361
102 259
193 741
735 674
103 668
190 135
623 783
452 651
89 90
91 698
583 157
282 193
466 354
339 455
358 66
38 664
138 225
661 481
583 171
263 637
625 497
449 639
330 223
307 499
309 544
80 148
513 337
382 758
574 412
234 437
657 89
377 788
215 524
532 745
46 535
380 711
514 90
21 350
767 403
597 503
320 50
319 77
83 515
166 732
135 317
90 12
2 423
399 376
357 363
483 544
365 687
149 642
541 597
335 107
413 44
81 707
734 61
308 371
379 133
448 458
341 684
116 539
14 188
274 30
432 618
221 607
472 453
146 433
18 476
294 249
748 420
632 205
660 499
797 206
408 171
24 341
316 787
779 487
659 489
350 800
419 365
283 536
357 647
366 440
567 215
771 424
234 638
308 754
433 474
735 30
625 776
722 374
624 165
119 138
535 668
162 530
48 791
403 261
179 463
626 147
177 388
576 62
235 562
203 217
558 311
497 210
236 335
119 69
518 691
344 626
10 785
703 548
193 397
66 693
524 780
177 488
642 183
290 768
345 736
567 85
435 579
405 423
762 524
476 382
69 447
583 384
25 209
280 678
617 522
797 321
290 278
599 256
456 530
329 356
696 764
574 525
137 263
437 473
313 235
765 594
479 743
35 321
719 586
57 103
493 742
462 545
359 17
81 205
669 634
301 117
137 97
738 551
726 514
103 697
315 441
728 654
444 215
577 102
682 180
180 147
697 303
330 221
271 677
74 291
685 747
358 467
58 143
262 74
91 187
670 206
528 701
728 730
332 56
709 118
590 481
686 234
716 664
497 20
401 77
740 703
720 524
772 221
105 301
684 111
16 496
13 152
295 570
75 695
473 246
525 325
403 453
64 176
378 510
410 273
262 347
472 747
501 312
364 145
49 229
182 601
143 210
51 80
25 197
725 386
101 4
100 643
160 798
410 276
708 477
462 241
503 613
204 201
413 563
783 185
64 461
445 12
438 549
152 548
561 290
262 312
55 171
39 777
209 495
8 622
774 423
165 453
278 13
194 466
160 110
419 202
576 786
296 671
152 388
632 325
73 18
712 164
784 448
635 5
455 790
231 61
515 581
31 71
399 726
10 237
150 441
745 508
769 481
523 641
597 171
178 511
661 209
689 731
798 237
564 524
580 742
34 306
755 16
715 255
770 382
469 258
727 311
633 448
403 620
780 704
293 256
218 106
762 368
466 602
83 267
56 319
266 36
167 142
652 112
262 678
365 697
510 67
659 539
693 397
676 506
283 714
495 147
43 57
599 537
465 584
154 526
789 656
30 245
682 570
286 188
566 2
200 61
720 439
554 631
753 207
517 410
11 569
730 767
645 264
348 446
788 512
595 18
298 262
382 29
183 224
531 702
573 568
156 762
531 628
261 413
408 127
577 633
290 230
766 192
230 733
83 671
12 173
755 420
124 159
744 671
642 288
14 399
689 436
542 613
398 116
15 723
516 190
319 510
719 465
155 640
788 218
789 212
312 712
659 605
636 669
785 203
356 365
348 609
70 444
239 787
281 99
219 796
510 738
461 441
742 193
431 21
581 242
575 559
95 17
524 241
311 617
232 708
461 294
551 78
548 92
786 268
336 510
561 479
483 488
618 167
369 448
650 206
620 574
631 346
294 76
253 212
739 206
717 545
80 229
783 402
770 745
146 79
527 437
208 171
261 536
133 339
405 38
716 237
485 691
370 298
234 552
779 374
678 11
139 738
255 463
249 653
465 657
775 388
45 284
481 390
537 60
701 120
666 138
270 244
485 220
550 538
636 313
238 733
642 58
200 729
548 164
381 402
574 604
124 719
30 518
415 600
616 167
361 197
405 177
193 596
370 567
437 414
395 740
308 483
80 484
134 705
439 162
779 93
595 440
6 442
237 668
619 313
364 629
423 756
482 765
491 233
117 122
788 51
69 684
366 184
18 401
104 714
152 494
752 155
541 215
411 485
60 653
350 4
180 397
67 716
267 727
9 38
301 708
461 451
734 331
36 506
712 783
752 121
231 11
778 514
143 207
483 398
279 687
206 43
358 41
725 495
177 204
307 335
670 212
779 163
269 69
677 795
533 689
311 745
20 621
197 169
684 748
259 633
412 593
322 128
402 171
728 219
44 268
341 304
84 64
682 399
530 349
794 62
235 52
106 474
537 578
135 253
452 363
426 116
158 251
658 781
367 597
346 123
409 689
170 497
794 538
76 217
394 172
488 424
669 440
201 402
181 327
53 690
502 414
689 389
11 145
525 343
680 471
257 667
613 114
5 14
279 46
724 649
420 75
636 458
104 550
129 224
769 577
306 193
265 711
788 762
295 174
596 684
61 210
706 745
63 361
238 167
331 322
509 124
719 65
576 497
107 503
720 250
200 104
783 434
786 725
544 424
555 708
750 787
329 675
403 162
640 615
164 621
222 732
644 24
751 654
600 276
189 506
390 33
433 580
333 194
397 474
226 21
178 718
361 694
247 66
30 43
332 210
423 242
97 491
326 419
524 104
465 210
89 314
82 502
603 404
205 93
677 153
89 88
470 782
617 669
162 201
233 132
241 333
788 324
85 216
436 688
347 474
371 585
268 78
476 400
332 685
724 226
625 564
38 702
305 227
784 559
556 637
80 334
48 563
279 173
530 491
414 312
99 101
770 48
426 446
13 675
718 702
410 401
49 65
616 756
235 87
573 407
731 542
367 361
700 711
15 101
489 743
537 170
364 725
545 419
354 339
155 366
736 787
469 20
208 599
553 599
264 329
212 595
342 518
9 338
771 282
669 165
279 754
373 318
421 260
446 544
615 698
701 129
696 593
563 730
401 312
183 98
138 302
485 584
379 62
305 605
571 671
565 236
15 272
298 412
91 182
289 245
253 392
790 771
451 674
466 202
520 213
516 720
503 270
321 710
455 764
475 308
101 183
185 598
220 614
145 631
775 527
548 506
88 358
617 508
351 113
267 439
586 219
479 394
335 82
755 55
693 615
153 60
236 757
666 571
339 773
131 796
80 580
154 637
98 523
672 433
562 164
75 192
761 141
665 574
85 41
632 109
686 429
741 192
719 105
242 351
75 781
496 653
739 347
274 449
602 15
528 545
8 771
794 795
488 407
657 590
238 39
529 436
701 779
152 334
180 199
786 446
140 361
587 653

828 1723
695 63
256 345
812 326
336 23
657 668
86 475
108 698
714 429
80 155
134 632
743 42
543 409
380 588
197 130
509 731
740 390
632 775
37 585
91 682
644 204
755 140
228 52
77 287
735 745
407 706
612 724
374 473
324 243
52 24
702 573
756 768
333 390
300 132
581 608
633 71
825 393
559 427
180 446
74 239
699 167
682 405
259 508
522 340
544 681
284 492
505 182
603 259
18 781
132 627
781 741
266 505
514 493
732 340
823 655
666 141
487 32
579 370
266 142
469 363
472 1
240 408
38 815
560 299
318 762
118 759
122 65
674 744
694 113
27 395
246 230
28 429
376 566
774 72
523 200
284 791
138 755
806 633
626 262
222 453
777 690
104 111
572 459
809 322
442 285
82 736
796 767
110 242
403 206
646 258
224 562
769 158
199 610
208 37
660 339
432 733
46 418
626 403
460 679
562 132
253 215
219 811
479 734
199 675
146 719
476 252
186 700
244 317
444 258
802 684
767 20
694 796
592 621
232 364
286 73
174 329
97 332
298 778
192 179
731 112
130 524
757 102
761 552
244 260
279 775
196 746
592 612
539 722
424 384
503 245
505 654
696 578
130 155
337 453
651 625
819 541
629 681
238 604
706 197
230 6
585 822
554 763
810 308
797 239
125 326
659 433
536 434
423 70
633 147
523 156
109 232
809 818
284 319
142 254
75 636
120 280
529 730
197 33
218 166
738 263
685 268
5 735
707 748
30 745
552 479
92 392
258 237
640 769
458 670
211 164
288 230
555 244
79 101
725 88
710 530
180 569
221 798
477 298
820 134
790 415
773 445
408 649
794 632
691 70
766 526
583 172
345 83
790 270
791 35
183 352
700 562
248 166
726 794
621 826
513 207
401 376
405 454
27 450
584 820
397 769
258 255
665 293
124 559
736 612
453 790
699 31
351 609
768 217
651 225
801 586
178 360
344 11
292 299
371 297
816 490
155 245
775 658
511 763
793 635
190 371
458 651
410 81
319 495
160 454
721 717
81 174
340 825
89 465
204 121
560 535
63 684
104 317
488 626
414 732
560 442
780 477
374 668
285 570
660 538
540 48
284 627
803 226
16 208
414 687
141 552
111 116
502 563
751 755
679 374
628 452
778 517
525 563
233 568
218 140
809 397
276 55
149 303
558 16
262 445
306 146
787 88
6 507
464 659
599 455
782 790
786 224
264 496
398 543
778 499
452 812
520 91
721 79
81 718
151 167
502 153
782 394
224 178
323 678
752 622
164 129
666 184
226 326
780 379
268 538
483 123
673 128
52 816
244 149
689 768
379 16
716 433
211 206
725 248
209 425
710 356
108 705
145 412
666 131
820 486
309 774
79 625
616 259
731 626
18 302
407 730
395 751
819 650
37 62
754 71
583 664
195 619
179 664
59 126
357 264
56 338
537 415
663 60
540 425
622 239
435 182
535 699
111 629
405 510
1 734
131 504
649 123
733 113
212 757
303 725
455 435
576 197
206 384
196 75
15 529
514 263
643 482
725 759
432 694
382 80
682 641
563 671
489 737
25 583
462 123
34 322
605 302
554 636
115 149
412 176
396 556
54 719
237 165
113 290
683 23
542 478
622 669
348 530
592 75
147 617
516 323
812 507
86 165
182 617
264 688
249 60
774 828
667 345
564 394
221 825
534 257
718 34
158 228
16 606
761 256
670 421
379 383
803 186
566 586
663 211
678 606
326 195
812 272
783 364
182 386
81 224
48 572
175 523
805 117
39 374
284 743
158 826
314 547
575 273
282 5
304 799
341 758
344 613
770 596
44 414
121 680
31 160
52 656
370 556
134 252
501 23
249 102
667 216
751 29
312 194
61 361
711 206
185 421
226 523
670 689
589 425
718 55
464 299
605 184
12 128
131 8
319 756
419 344
149 47
353 25
726 492
526 249
144 599
145 824
366 495
705 106
633 552
802 689
13 310
417 216
62 119
190 8
412 2
761 284
444 216
509 660
648 682
563 630
418 622
770 251
400 626
240 684
716 408
271 795
150 379
149 290
654 326
671 92
647 231
687 363
749 403
472 449
418 133
355 546
65 374
561 773
162 808
763 392
277 783
426 593
724 394
466 667
674 577
666 394
248 512
233 423
493 440
739 615
273 19
640 197
242 574
602 468
89 63
95 113
11 46
711 604
608 573
825 41
196 292
325 472
239 61
634 739
800 530
79 613
816 199
570 100
492 90
240 3
593 513
305 12
752 581
331 301
633 669
614 329
104 300
528 179
268 425
788 653
455 533
139 777
586 15
123 449
31 668
656 678
342 567
327 474
535 203
79 640
430 474
606 740
2 293
293 471
205 693
25 618
447 135
246 340
207 157
764 539
825 503
790 611
702 282
86 464
397 656
614 379
617 120
712 719
179 658
520 161
443 374
232 814
784 560
457 566
705 82
577 773
130 772
463 543
384 572
468 738
269 463
72 149
787 549
759 122
33 65
532 109
807 149
521 801
494 660
264 271
162 92
623 258
590 4
212 647
582 215
531 13
3 462
489 648
57 519
6 729
431 197
474 306
828 484
11 770
193 699
14 326
557 649
409 392
410 428
720 799
540 265
285 631
236 797
701 335
562 631
160 271
112 477
544 779
140 336
810 805
8 521
198 416
514 33
95 503
613 224
676 320
199 14
612 296
190 161
566 297
20 595
764 82
88 755
144 479
133 468
515 369
334 604
703 294
489 40
547 445
347 333
93 694
304 430
71 201
25 452
725 173
247 242
736 602
353 436
596 624
133 414
100 10
127 366
165 13
385 722
745 574
513 734
625 644
557 290
387 611
689 167
142 551
289 561
159 747
151 715
260 143
654 91
804 588
112 52
293 193
421 412
332 412
578 324
255 612
97 817
617 765
775 63
817 205
268 681
824 526
201 190
627 694
101 477
361 621
365 366
23 578
357 328
768 671
334 156
743 750
820 341
696 806
520 9
505 117
497 422
588 50
349 45
660 654
301 736
732 95
553 225
576 14
128 65
520 581
631 295
704 599
463 780
448 123
564 236
164 722
648 340
295 101
464 490
146 231
495 637
748 182
657 324
130 806
493 589
288 194
185 564
721 538
576 291
708 288
798 123
780 546
529 72
241 256
702 40
229 404
211 761
239 365
188 293
444 452
694 730
693 248
779 750
308 418
512 488
16 210
127 732
276 153
794 602
798 98
162 271
506 687
254 800
58 23
650 371
512 779
175 605
120 435
612 688
722 304
681 391
388 764
526 627
374 748
747 457
254 811
458 565
443 638
261 86
274 227
790 472
703 755
413 566
431 459
696 515
230 644
313 166
215 236
349 614
298 69
710 459
343 733
19 536
780 130
83 128
397 736
787 104
329 205
94 378
684 219
304 573
67 235
344 473
54 487
790 648
419 678
486 595
272 170
776 213
542 491
106 718
325 443
807 438
554 675
97 769
483 386
637 562
451 365
342 347
36 305
792 473
580 310
360 571
94 268
630 648
264 304
72 782
472 435
588 148
169 802
74 58
330 128
371 139
744 825
599 627
449 664
611 427
794 808
378 401
395 280
752 686
198 337
91 393
716 329
236 220
86 652
13 367
351 55
205 781
477 40
194 257
303 732
514 365
537 111
753 169
679 806
188 470
262 393
33 506
121 15
547 186
702 431
617 802
653 676
48 680
585 348
749 518
265 441
195 783
501 519
776 320
27 525
773 637
652 821
339 73
671 456
656 458
368 637
648 186
10 219
804 607
790 542
645 265
80 549
463 802
723 13
192 451
712 175
658 791
456 643
314 407
9 355
291 211
3 231
372 379
340 793
606 334
58 669
557 144
687 604
677 161
398 73
584 436
281 235
65 214
301 611
343 381
54 293
274 442
185 58
10 801
567 50
788 250
738 732
616 342
780 396
178 817
430 678
625 547
556 765
669 534
799 150
140 196
15 274
203 25
744 771
265 654
215 316
289 237
36 4
701 363
81 757
195 176
769 591
279 465
289 593
598 447
105 679
659 776
15 283
535 543
664 103
773 593
484 443
714 622
713 766
339 671
468 438
787 464
643 311
366 761
501 516
264 456
558 106
708 307
532 800
477 450
743 657
279 716
29 537
545 683
399 302
550 644
372 42
374 79
1 294
701 238
136 229
265 455
343 656
507 731
541 566
144 559
780 63
573 560
772 550
65 35
22 563
432 664
641 606
527 140
233 310
141 48
569 154
792 503
146 643
772 424
422 348
538 605
672 276
725 605
779 470
663 397
465 690
750 574
551 70
510 66
153 570
191 468
450 354
417 662
695 376
346 748
4 605
528 804
673 333
173 451
489 86
334 313
529 548
454 338
134 490
193 145
489 368
452 268
536 812
702 249
7 649
821 640
150 261
550 140
702 390
751 618
97 72
540 596
318 709
421 414
144 818
471 612
83 784
773 384
629 139
225 349
718 670
481 113
602 229
693 202
53 171
59 109
655 130
711 33
823 797
43 794
25 485
806 133
354 659
615 97
600 81
232 43
30 482
226 463
321 331
529 369
643 505
316 586
150 625
759 157
319 154
416 709
662 412
210 545
29 348
524 658
598 50
718 349
98 208
674 740
198 549
326 51
449 750
422 283
117 524
210 71
559 811
20 322
631 610
7 121
804 547
180 392
382 563
597 466
421 520
253 404
751 149
519 676
232 241
694 544
435 350
369 264
813 24
564 543
532 711
513 815
339 633
186 4
98 226
745 243
612 434
621 135
59 732
119 525
604 267
156 481
366 61
20 795
811 624
793 29
613 420
150 418
279 778
233 469
17 574
383 204
632 162
136 273
801 513
68 587
308 567
385 493
591 4
795 324
646 433
778 585
302 60
435 102
719 309
480 242
522 57
100 602
430 303
95 193
262 489
826 201
363 467
400 753
665 817
61 307
523 232
410 566
58 100
196 768
345 752
163 492
112 63
165 11
722 206
652 531
584 712
659 542
253 440
296 666
616 185
137 301
375 432
359 527
471 342
60 263
791 610
36 577
369 389
101 752
430 679
804 590
129 200
508 581
822 20
828 203
169 783
168 769
82 110
196 506
589 637
274 639
427 710
324 70
551 283
596 384
407 227
505 129
342 76
125 46
605 185
697 72
337 102
524 462
564 280
215 584
736 754
593 181
276 572
559 649
628 160
146 96
300 71
213 200
14 27
528 428
51 23
209 479
418 248
675 630
768 46
208 672
11 622
107 588
204 355
771 527
152 690
180 523
816 51
686 326
304 653
466 628
767 380
127 157
606 783
19 614
445 554
764 643
254 272
628 517
115 276
119 761
430 592
557 550
764 609
638 453
475 483
505 696
179 196
417 81
312 377
350 383
563 106
289 724
770 504
740 357
292 241
27 242
448 786
140 120
16 54
215 782
678 55
332 42
316 679
727 356
567 415
18 345
609 218
369 43
131 660
388 123
265 496
187 637
203 172
190 353
121 401
198 796
733 319
333 588
510 317
544 554
65 60
291 686
607 427
260 262
152 647
334 254
787 52
466 389
47 473
46 257
368 218
633 674
682 162
470 290
370 5
335 479
234 596
497 557
36 405
6 752
797 582
151 152
183 375
499 130
657 663
293 323
132 650
346 337
676 465
513 81
78 373
431 442
750 299
435 498
718 336
525 5
105 797
805 789
593 624
759 135
712 461
365 612
330 454
121 315
396 733
414 644
538 82
408 766
815 781
84 536
132 638
386 704
61 535
7 10
162 465
573 274
418 29
505 748
827 740
441 743
724 785
71 271
407 322
555 754
242 116
528 357
735 432
801 637
712 507
335 692
709 76
270 38
418 288
683 827
778 596
475 251
607 818
711 483
544 498
399 498
627 237
325 458
282 786
134 787
505 817
307 509
589 718
225 271
279 99
427 481
67 51
235 111
108 247
75 435
313 87
243 274
230 235
199 18
459 282
629 799
31 725
306 396
827 500
630 333
86 351
827 632
687 673
708 378
66 614
364 298
497 175
94 231
795 733
405 665
380 619
413 382
641 621
572 584
663 436
724 627
726 166
361 630
31 79
475 337
319 554
789 224
599 52
30 156
195 274
39 162
551 618
642 770
524 584
214 791
311 488
180 55
439 585
300 273
377 20
400 754
352 801
246 134
102 390
552 191
553 311
773 367
645 698
799 682
360 218
345 759
805 804
38 690
129 246
372 500
760 435
355 506
676 748
719 484
285 124
146 674
114 699
673 211
805 663
760 457
261 585
794 789
637 456
413 329
221 182
523 59
248 12
249 678
159 588
125 673
715 378
205 808
338 331
146 249
113 807
10 697
154 514
411 231
322 470
162 25
384 776
362 426
138 340
709 704
693 369
772 445
403 690
405 154
620 172
221 684
575 665
798 338
711 73
234 351
363 231
292 230
634 355
656 1
125 706
145 524
204 215
557 725
345 95
522 655
180 594
270 340
129 161
791 761
298 101
687 375
222 714
680 37
32 691
808 810
96 85
719 531
81 784
741 119
27 252
730 309
386 661
774 330
667 268
226 84
726 809
210 225
262 594
301 557
505 703
325 785
659 26
823 253
41 234
367 651
266 343
548 180
716 104
112 305
521 475
224 565
150 813
507 70
643 82
20 265
79 521
231 450
761 705
56 395
127 317
592 452
778 300
88 227
696 482
808 252
592 14
388 11
428 431
602 475
180 312
276 779
209 280
546 771
49 345
1 65
679 777
406 151
281 497
359 205
826 31
455 755
261 288
54 820
182 249
661 634
702 469
810 401
131 557
171 63
500 287
321 462
537 596
439 396
115 183
558 649
693 339
483 334
504 382
654 465
332 747
553 194
705 68
51 118
547 269
537 487
166 500
498 531
318 293
484 53
642 369
684 289
560 420
120 230
232 480
765 202
217 775
52 119
152 517
246 238
730 645
537 488
501 409
156 68
70 646
312 826
422 382
425 125
617 158
526 181
56 597
679 489
333 813
319 795
727 732
660 192
554 686
780 617
417 117
191 393
668 183
505 410
188 153
479 319
126 373
609 141
596 779
362 736
337 467
688 581
817 412
89 248
610 554
221 615
470 576
369 809
407 203
27 786
820 766
469 382
273 35
240 90
574 258
299 214
10 498
121 461
230 25
370 404
294 549
481 34
286 174
312 154
76 147
575 781
254 440
84 390
601 788
514 138
312 323
383 824
224 106
96 670
388 53
135 715
544 291
598 415
656 71
581 590
199 10
697 815
593 112
270 541
63 412
599 62
290 63
457 131
274 827
442 297
261 787
651 407
9 747
729 623
113 721
521 205
117 431
46 286
295 453
759 751
632 823
764 332
214 160
473 362
313 209
24 423
628 774
615 520
171 547
501 478
580 90
233 254
436 303
664 21
166 112
668 549
302 69
644 720
261 26
708 504
305 557
44 461
382 113
819 264
66 625
417 504
70 466
219 820
663 252
504 718
372 222
496 525
746 741
711 527
310 346
75 188
7 688
325 375
272 269
347 637
636 189
566 239
52 523
582 432
158 269
401 488
292 105
665 639
172 601
599 825
245 205
175 557
471 570
298 146
780 351
800 357
787 741
516 353
756 219
207 635
778 619
446 782
801 474
450 744
292 298
129 643
367 88
613 336
463 724
500 66
304 648
820 139
24 823
462 759
338 753
30 298
589 510
247 389
416 686
45 413
260 73
406 440
290 311
398 524
793 33
150 811
199 398
390 359
61 617
577 752
723 532
542 729
299 784
764 415
217 202
216 413
641 381
458 700
611 389
561 395
10 260
270 295
254 360
678 510
132 759
335 233
689 474
363 205
273 229
700 241
651 98
484 718
659 34
326 567
22 742

906 1654
527 27
440 625
158 483
5 84
546 738
286 313
472 330
608 791
648 824
216 677
315 133
759 27
783 315
26 406
616 426
121 762
787 502
21 263
575 127
52 419
277 616
244 426
286 766
685 428
597 102
770 528
240 901
279 541
888 380
167 185
697 72
44 563
558 262
861 569
385 308
615 320
622 89
49 833
557 658
41 641
298 785
818 106
264 165
232 495
380 228
832 312
637 598
612 705
460 680
894 824
784 302
289 640
259 322
741 133
283 88
312 462
415 551
841 122
15 123
94 21
556 685
136 778
232 244
821 324
754 242
850 724
391 526
144 618
751 116
879 163
560 828
247 768
125 14
415 387
718 616
205 438
210 630
190 111
102 253
862 796
316 14
149 21
398 719
3 688
106 671
231 67
862 238
242 238
155 685
670 284
70 568
877 275
92 442
668 696
693 283
499 738
903 133
504 727
840 187
363 364
861 848
754 768
186 21
814 222
49 352
529 158
511 630
900 438
707 826
821 596
94 864
774 587
849 221
868 847
651 284
139 573
478 504
690 717
472 519
126 270
440 560
438 704
170 69
521 131
581 203
251 18
96 805
742 470
217 23
751 27
404 280
888 181
119 242
383 307
859 424
553 517
370 545
190 559
567 150
470 378
881 1
438 46
672 862
140 87
553 295
856 496
603 876
531 280
670 376
806 679
824 55
58 397
633 77
668 868
886 215
172 736
432 808
324 145
180 235
199 185
41 254
232 624
673 446
434 330
493 226
315 303
227 596
466 260
526 205
430 588
146 851
173 139
639 902
432 741
236 557
849 161
6 126
234 26
109 639
494 93
110 173
416 130
52 859
346 402
844 271
574 224
260 677
320 558
561 544
571 273
251 640
106 200
127 135
294 522
64 7
65 143
801 371
473 226
738 516
540 325
339 713
308 159
517 756
293 24
631 565
359 892
421 420
829 39
831 263
409 594
658 666
878 411
219 423
330 725
517 207
24 183
875 781
732 386
612 261
874 825
475 606
462 794
30 101
894 388
661 632
408 454
625 65
642 161
706 836
341 429
515 696
387 855
839 243
839 574
371 833
725 786
87 432
164 136
425 700
559 700
637 865
691 185
881 286
886 146
244 329
27 437
852 322
517 58
387 464
874 730
745 824
550 595
141 620
453 426
207 565
677 309
723 254
587 709
848 429
904 894
673 508
107 825
3 898
460 769
418 664
620 246
768 129
149 800
830 788
513 8
659 217
496 391
288 85
779 407
601 270
692 6
231 650
398 137
74 182
8 889
634 462
657 381
793 128
373 267
782 361
323 388
825 202
737 629
318 803
673 398
505 620
424 807
683 821
442 7
686 226
264 197
283 861
340 493
675 79
470 601
416 768
164 614
111 276
899 416
432 379
748 868
308 511
311 808
775 254
266 833
813 578
357 145
551 804
737 275
774 376
426 538
580 191
289 770
364 84
826 91
388 3
173 197
549 557
193 416
468 780
450 787
652 146
491 575
350 317
449 819
468 883
644 747
598 205
598 630
893 638
303 606
864 710
496 608
558 224
872 177
691 458
3 387
802 74
513 466
845 104
685 52
301 758
55 476
80 61
543 630
679 118
840 564
867 165
682 620
131 8
805 303
871 636
692 114
674 22
526 306
13 794
680 126
351 377
244 165
822 564
593 490
731 356
644 341
362 305
176 331
266 762
167 114
198 64
101 660
803 428
272 88
44 65
568 421
757 612
2 589
167 101
871 795
62 435
172 746
213 813
659 8
166 870
526 743
817 111
696 701
509 424
46 481
262 131
206 790
754 491
556 163
353 322
876 11
395 549
574 599
848 194
828 258
97 264
679 469
249 2
854 124
841 556
459 299
863 555
459 555
310 552
521 319
133 33
685 628
49 388
130 12
468 13
568 435
273 678
321 270
615 441
546 727
485 212
644 290
15 178
255 84
741 552
599 606
428 769
303 247
72 193
418 520
757 286
391 593
639 131
253 15
840 441
853 609
567 386
239 390
107 205
550 457
88 142
718 654
718 323
117 13
62 333
655 781
214 820
425 790
154 613
672 112
893 670
144 285
540 230
7 849
322 731
60 414
5 176
170 330
208 649
283 787
12 499
515 690
886 898
898 460
132 760
605 551
308 579
256 52
324 872
904 842
399 708
879 19
458 278
601 600
761 663
580 778
765 392
767 484
732 138
768 36
808 117
425 112
560 416
159 672
164 96
396 339
815 462
144 267
123 732
431 70
414 863
809 197
576 204
794 179
586 49
606 355
419 820
845 448
438 640
765 41
415 207
220 420
277 480
851 378
88 623
675 40
183 559
77 254
890 556
891 768
539 534
345 329
441 862
152 743
314 419
329 543
341 253
626 93
386 290
206 163
98 632
180 172
665 178
64 551
270 734
508 381
473 888
864 344
511 303
866 225
296 788
374 392
548 884
59 730
278 887
127 748
263 904
640 609
769 651
596 610
450 394
512 230
70 194
676 866
166 753
27 86
118 734
199 812
771 778
702 631
407 500
642 229
399 229
473 358
588 102
725 528
672 73
547 49
620 422
33 260
142 268
476 27
872 218
373 195
249 410
835 639
488 413
774 815
353 546
893 467
713 258
343 75
487 150
822 31
628 365
348 402
869 683
485 263
276 343
658 785
894 360
303 186
757 118
84 768
175 124
656 795
401 825
292 312
517 854
96 259
903 776
615 404
433 702
438 625
385 46
276 254
757 392
834 672
428 465
197 668
435 385
880 322
435 558
740 867
236 551
180 571
551 163
238 170
242 844
775 641
691 72
676 284
24 197
61 320
759 892
105 817
459 838
153 695
553 438
185 537
385 56
684 1
460 763
100 773
747 348
342 755
719 276
665 97
645 512
546 420
643 428
552 802
276 437
99 212
647 685
760 581
852 427
877 786
286 676
459 786
598 770
484 22
109 383
40 36
376 817
450 53
497 547
234 322
606 865
517 261
276 35
814 441
426 694
637 859
141 130
16 874
628 511
151 489
211 66
47 253
327 342
181 583
480 726
174 165
572 387
222 593
580 579
85 678
69 375
592 11
583 234
745 405
608 582
237 391
385 188
429 331
549 836
519 390
680 209
221 889
520 37
901 723
799 121
13 105
538 312
10 266
153 864
391 162
758 349
260 856
437 864
441 255
668 311
83 785
707 331
690 433
121 871
90 798
18 220
524 739
355 101
428 85
604 478
752 269
665 70
2 430
659 672
510 845
703 619
51 391
698 105
449 541
841 409
274 109
444 138
317 884
158 893
867 7
171 745
710 4
14 458
293 49
596 107
781 348
164 661
155 823
616 547
355 473
772 855
518 259
729 808
325 130
878 232
642 177
204 94
629 468
275 529
483 352
729 857
750 621
673 643
4 91
388 632
228 895
395 173
494 467
293 610
392 458
452 502
182 669
24 875
205 234
206 200
707 549
525 364
89 100
513 728
502 647
11 123
766 147
699 259
2 81
330 644
385 258
794 53
32 760
344 570
354 377
817 400
14 811
643 130
251 449
720 131
791 829
540 99
90 842
627 97
905 96
748 13
128 877
258 736
766 633
552 207
458 712
536 643
718 32
296 199
25 450
68 288
457 879
313 856
548 121
605 397
348 666
477 485
142 243
109 313
478 412
262 162
51 576
824 651
805 482
143 719
319 229
724 632
470 655
215 674
58 261
699 753
885 368
869 103
356 14
876 676
386 696
278 394
351 192
688 844
252 478
750 69
239 606
368 136
495 127
860 652
651 619
565 225
342 369
824 37
91 614
190 293
564 901
103 413
267 556
270 381
642 720
725 92
536 194
765 102
165 902
402 770
889 698
85 164
765 471
403 683
60 19
893 371
235 648
71 621
492 121
449 522
153 224
585 182
166 23
22 776
668 333
783 172
164 572
1 246
240 138
852 62
449 335
564 61
217 731
863 3
54 787
4 865
151 244
7 677
158 645
490 371
14 792
223 822
684 324
611 764
902 216
209 762
250 844
785 132
221 679
496 106
153 703
302 871
395 157
223 163
872 730
708 573
285 465
756 51
800 518
640 127
821 875
55 397
353 725
299 426
904 235
81 163
724 134
15 771
323 551
513 222
841 761
219 630
147 456
354 329
764 412
120 683
596 225
671 411
31 429
333 704
484 295
853 623
825 741
436 255
899 267
539 646
306 437
78 362
339 605
374 379
805 344
609 421
95 120
861 721
437 441
560 254
248 197
251 557
730 127
715 635
683 79
680 353
521 742
403 795
633 327
368 557
256 19
331 198
830 545
321 377
516 813
27 126
18 136
817 685
285 847
349 466
757 469
232 704
37 197
280 390
63 224
657 5
435 60
147 189
789 886
166 577
741 109
339 728
145 781
702 711
760 617
585 673
801 620
378 602
181 348
53 663
166 414
465 867
742 855
108 316
442 565
142 402
321 624
319 537
62 776
393 691
16 17
625 531
239 226
870 895
209 865
529 258
801 613
850 852
639 328
717 388
16 304
572 85
783 277
622 807
44 342
829 471
280 525
891 770
681 840
274 662
866 92
247 232
545 625
825 891
829 835
905 665
111 259
829 383
814 198
142 853
568 556
806 460
24 511
573 717
740 810
28 305
138 900
716 524
255 400
38 736
130 138
223 556
483 70
474 537
241 818
673 653
211 314
377 243
384 741
392 618
54 166
275 311
538 6
25 105
501 57
67 738
900 392
673 897
542 593
348 819
826 850
556 309
10 902
775 416
427 318
655 309
532 377
263 793
13 522
892 582
843 839
57 753
414 348
882 818
774 49
264 698
602 405
308 853
17 414
384 755
117 195
780 804
213 165
85 757
143 639
818 248
176 270
217 508
787 584
882 813
313 107
830 213
613 683
458 763
723 640
428 695
31 363
734 256
789 534
663 459
343 655
328 534
246 217
304 624
386 74
443 330
507 418
569 419
92 199
355 831
837 204
753 287
788 317
863 795
227 176
376 64
313 447
745 9
349 644
903 552
389 899
657 883
892 817
91 373
330 877
626 597
437 824
687 471
31 147
242 358
194 792
569 247
500 799
196 699
547 661
772 758
316 199
503 36
33 693
452 860
15 56
660 835
293 678
699 37
753 884
21 146
426 706
334 459
817 422
9 866
903 542
235 204
570 857
475 663
358 682
696 815
551 516
58 773
175 493
223 727
231 290
80 323
84 64
218 465
401 151
424 304
613 61
198 653
350 93
704 561
891 875
31 249
130 218
646 787
645 809
243 745
653 270
549 615
42 686
886 93
209 151
154 839
672 323
86 224
590 778
866 905
341 867
861 727
610 857
749 386
149 887
760 783
449 520
34 441
478 468
473 117
788 79
781 898
66 252
708 691
765 499
268 429
897 337
457 124
184 58
739 223
309 206
718 572
743 264
539 737
298 516
577 716
835 138
446 610
143 591
296 135
540 186
500 495
142 458
131 87
214 370
400 116
310 897
869 585
339 722
268 381
872 4
112 71
257 191
442 696
575 750
301 78
197 306
158 609
24 717
99 29
126 507
642 189
459 382
3 621
885 118
799 879
638 406
51 536
131 890
351 768
868 446
211 456
748 148
271 729
79 650
121 490
711 362
271 846
756 336
756 781
853 859
88 817
50 600
507 498
563 177
85 61
658 624
621 720
591 804
857 829
614 703
245 100
497 708
76 727
371 616
768 857
92 316
903 819
173 221
138 65
94 44
207 792
321 720
158 151
606 139
464 627
858 697
507 823
188 151
544 498
598 165
374 633
530 822
361 334
108 667
897 237
699 370
843 902
185 28
757 691
906 651
652 334
854 845
255 241
739 594
478 95
809 5
707 496
675 644
578 648
463 862
853 541
703 799
465 458
200 264
38 374
171 562
332 140
601 160
433 758
145 848
370 852
339 51
68 403
108 634
525 638
529 816
3 876
668 363
534 615
43 655
196 576
571 628
323 607
333 697
20 613
865 605
93 548
719 784
742 147
10 168
905 144
634 702
138 244
241 367
81 390
559 610
216 208
434 315
543 175
290 650
315 382
164 487
884 216
723 167
634 771
544 274
661 144
310 806
546 551
817 837
738 62
670 554
879 270
491 653
536 522
791 722
244 858
422 596
538 677
741 416
635 325
285 783
685 213
169 159
665 147
329 449
570 641
771 512
497 64
321 24
566 264
628 719
6 581
667 797
715 482
492 332
38 192
229 635
456 79
590 235
259 847
39 750
900 796
786 580
408 97
385 375
226 53
779 809
727 642
677 90
92 558
594 821
74 112
856 792
362 768
309 263
21 115
710 513
803 417
693 466
259 739
80 649
358 501
235 55
571 906
224 905
248 661
211 190
545 895
103 387
589 3
488 189
751 787
458 35
5 574
587 872
179 698
695 381
75 822
634 43
853 838
819 407
879 113
616 737
498 267
11 489
126 669
363 317
667 840
644 422
65 785
285 417
494 105
72 308
335 465
531 678
606 649
478 459
552 97
673 137
604 122
720 615
323 106
704 202
82 767
792 455
553 811
544 471
84 838
708 893
715 808
644 687
315 678
209 885
732 791
642 11
97 690
282 612
525 179
128 828
871 390
362 146
94 144
498 757
446 472
488 153
825 177
57 356
628 312
380 409
363 404
726 676
437 113
475 802
93 71
753 509
418 414
55 599
793 7
61 534
839 86
295 707
294 841
262 93
31 272
770 423
2 892
726 432
27 214
240 860
747 433
14 517
623 153
773 146
403 603
44 883
814 44
249 219
809 582
330 457
300 225
276 266
906 218
302 628
284 135
839 770
453 67
165 132
300 7
361 873
662 904
393 780
752 294
455 716
700 170
381 462
652 335
800 576
332 229
776 435
790 437
77 236
409 658
301 595
506 323
325 856
483 113
526 887
765 48
595 58
838 25
197 431
896 357
149 833
189 16
101 707
654 447
624 863
682 806
788 612
788 401
813 556
744 461
678 350
437 521
283 809
773 357
316 829
795 335
484 273
673 177
114 616
686 23
624 528
111 510
560 23
145 365
716 750
773 825
652 702
323 465
862 300
542 308
730 60
676 411
87 820
308 458
223 403
316 860
228 558
392 383
734 179
537 533
687 812
284 420
856 546
585 178
715 563
760 168
227 877
266 871
35 852
823 9
49 596
816 878
531 757
511 808
111 311
906 371
102 256
636 899
473 494
864 745
262 622
895 712
826 541
611 257
204 614
217 98
236 279
113 846
208 102
244 503
194 370
895 558
10 202
526 515
56 73
55 147
741 363
192 435
731 141
562 534
201 663
466 522
820 58
477 681
186 765
44 166
671 91
637 172
798 554
276 433
331 755
703 476
79 230
801 573
141 906
545 11
188 113
616 151
787 261
854 882
102 560
696 254
409 595
226 414
343 96
607 121
539 642
640 209
781 140
31 573
397 813
23 227
97 849
522 146
688 246
789 856
404 141
174 645
450 8
250 861
2 119
882 720
8 135
905 850
430 791
345 151
420 711
370 748
743 45
750 891
469 425
369 375
421 310
349 825
408 747
248 821
836 864

803 965
633 458
136 494
87 725
548 188
683 254
168 780
285 500
571 473
83 748
187 107
274 425
230 15
400 178
289 405
585 722
373 123
453 276
65 446
79 646
149 176
729 110
733 664
428 272
680 678
747 754
690 158
572 614
522 447
327 661
400 399
706 18
108 794
744 10
367 284
29 462
197 79
395 206
428 298
709 1
514 714
691 222
459 109
539 27
614 134
270 7
450 500
343 585
41 349
106 149
529 675
15 103
421 32
574 404
182 583
487 478
720 643
668 735
320 152
555 581
86 273
673 539
238 27
84 650
52 6
631 634
776 571
475 578
721 636
683 88
662 601
77 127
304 165
279 319
522 330
7 315
73 495
245 104
712 84
526 385
348 673
424 306
212 527
800 200
716 195
2 428
395 42
546 403
596 90
768 665
474 675
765 735
740 430
431 476
622 396
681 779
91 223
234 803
300 131
498 640
272 363
480 694
73 669
757 374
333 234
765 127
155 268
420 586
87 386
611 40
396 127
435 618
415 545
15 656
154 541
738 337
263 180
315 695
251 710
588 52
158 367
270 752
387 630
209 71
101 795
550 192
259 703
657 665
565 48
219 357
122 775
140 311
13 63
671 127
653 416
4 768
91 512
217 765
360 376
312 48
302 39
735 342
28 232
526 155
724 231
635 337
206 239
489 210
450 238
464 525
681 748
89 690
315 309
251 146
57 403
388 177
11 483
177 308
539 664
246 274
578 449
691 118
326 54
272 761
404 121
790 481
8 176
745 614
265 709
778 191
299 679
473 606
257 677
549 70
41 515
772 494
719 364
67 736
249 736
595 259
230 28
665 386
181 402
650 514
102 723
399 795
557 168
657 133
716 153
342 48
668 323
786 688
93 108
622 698
65 303
521 92
705 764
418 527
765 377
352 35
537 579
637 36
111 482
554 112
281 19
309 714
764 253
245 478
28 192
47 200
465 304
105 743
265 218
66 208
32 96
780 398
768 239
22 758
401 522
637 532
592 360
515 756
295 221
33 72
410 587
296 548
396 413
782 329
206 439
383 287
689 114
289 725
771 437
605 663
513 166
87 475
403 385
298 105
45 257
178 643
616 546
174 307
151 733
54 573
197 430
483 654
640 394
340 517
150 124
252 359
475 278
465 741
646 489
797 399
397 482
52 291
122 666
786 539
610 239
574 299
676 186
131 297
476 128
798 313
354 398
582 132
200 442
244 109
481 662
36 778
280 507
10 147
789 381
682 89
622 376
518 739
71 313
401 345
777 159
569 194
630 732
390 81
449 352
74 162
283 87
775 763
528 323
489 432
314 767
715 695
670 17
334 175
363 408
276 143
268 264
789 57
774 722
437 444
629 482
617 412
383 107
738 320
485 724
58 164
726 139
455 505
470 600
478 609
777 347
339 221
506 189
197 331
175 714
375 788
505 306
361 528
60 20
143 266
220 339
177 172
260 34
558 680
514 200
273 133
375 606
585 451
574 756
731 185
462 582
522 335
572 795
626 530
103 604
222 103
795 662
13 769
340 246
119 458
373 443
493 110
438 479
576 24
4 438
749 392
526 462
515 720
556 150
355 270
604 440
504 9
447 378
586 75
454 781
465 62
455 398
633 44
124 725
427 62
674 419
353 412
409 789
718 770
730 717
396 501
363 587
232 215
512 441
289 717
352 749
490 569
279 455
12 626
229 143
205 488
543 153
336 345
595 663
500 47
736 136
398 633
625 4
583 436
2 733
377 23
470 728
85 123
742 43
40 555
287 409
229 316
593 321
199 594
179 69
602 711
663 526
653 551
535 175
74 26
656 141
750 520
436 13
685 567
322 732
634 151
330 725
630 485
142 200
214 338
560 154
332 509
228 225
273 401
342 149
384 700
580 266
246 666
743 527
62 783
300 666
524 691
35 18
246 594
283 638
636 103
505 71
676 454
765 672
342 450
338 505
389 208
589 99
214 718
277 382
274 16
472 131
760 678
761 718
764 505
222 88
171 368
406 17
803 765
201 150
795 659
624 663
444 341
797 449
481 435
146 233
522 90
65 541
518 593
709 354
2 263
641 437
439 382
625 595
60 784
250 663
717 164
204 121
380 136
235 577
781 146
769 125
216 407
25 335
235 495
51 117
615 514
379 64
40 3
491 521
1 502
752 607
502 276
755 762
245 349
184 356
486 724
773 608
546 547
406 40
178 168
301 724
83 737
579 548
232 698
59 509
238 522
171 293
72 321
503 491
674 565
77 163
772 465
732 399
792 559
603 237
562 145
215 384
467 451
448 462
169 281
407 271
30 123
519 323
714 355
217 627
713 546
213 803
339 600
412 404
277 362
221 376
143 356
352 62
25 215
664 457
53 326
597 788
439 138
137 335
426 620
674 603
462 539
328 385
99 201
155 785
246 245
21 230
519 299
703 288
627 744
802 713
169 54
423 414
403 355
753 365
460 60
249 22
472 585
650 264
39 130
367 632
618 388
405 257
444 195
155 588
419 370
510 157
470 206
431 38
160 80
678 664
659 295
12 456
526 540
481 440
117 645
579 11
784 279
691 603
628 445
539 81
31 546
243 407
725 82
423 802
646 590
52 748
294 295
280 622
747 101
201 585
214 14
5 398
764 98
466 710
263 48
290 418
185 533
651 717
285 639
742 467
550 676
778 452
273 188
257 727
729 440
339 251
432 311
594 295
448 166
20 263
159 610
449 167
660 69
84 367
76 316
453 34
199 33
277 276
552 407
520 404
50 19
226 761
592 20
80 565
345 170
51 779
737 373
609 22
258 345
246 662
373 531
417 749
265 584
350 610
50 795
612 589
124 450
470 521
604 612
305 621
149 44
693 71
414 167
413 528
498 375
43 618
181 666
415 466
430 350
784 461
26 733
787 221
596 643
798 523
482 32
188 596
616 455
188 602
558 695
260 158
622 380
366 85
126 725
267 424
64 718
453 664
510 182
620 255
152 578
528 83
471 493
686 727
653 661
781 107
163 527
11 209
584 237
524 110
411 135
494 324
708 324
514 459
548 698
516 502
220 225
479 190
730 110
530 13
279 223
788 451
525 163
541 308
597 727
665 204
741 601
616 136
801 740
253 792
743 363
493 340
369 319
337 430
625 401
542 461
495 695
489 538
25 363
566 471
275 742
582 285
100 228
593 63
146 208
774 312
650 801
452 24
374 71
640 488
30 528
771 527
657 520
572 401
799 487
639 681
72 630
474 355
589 101
29 331
62 732
217 608
759 661
76 49
83 86
419 157
501 186
86 426
175 343
14 203
116 250
721 551
201 469
147 186
59 300
720 317
69 371
363 436
417 564
110 629
277 235
269 190
230 396
214 127
433 338
465 368
206 165
722 706
495 756
401 477
422 193
736 359
718 443
787 130
664 589
289 233
642 313
483 413
201 402
493 137
43 658
398 386
559 206
789 120
405 626
414 215
708 96
93 237
503 524
297 172
504 212
50 343
770 413
737 803
121 596
435 614
735 4
586 243
465 544
373 183
93 298
624 503
690 464
599 142
727 165
364 478
714 769
1 682
418 184
467 481
339 404
675 731
133 158
73 795
108 577
539 373
727 459
267 105
587 470
436 458
670 337
636 402
140 273
596 37
768 485
278 266
356 566
89 605
402 547
673 793
500 152
648 33
471 520
162 341
192 568
550 351
519 71
412 738
115 681
10 756
664 556
555 504
47 307
53 396
767 689
367 378
609 277
262 507
21 399
12 737
18 217
214 204
319 366
62 224
519 242
641 18
96 747
23 766
150 583
377 129
532 307
268 112
399 567
639 418
520 283
158 391
585 205
617 250
728 478
782 191
140 718
362 369
555 519
758 122
180 15
767 140
270 108
296 179
346 798
354 428
527 233
793 707
365 117
76 547
624 80
546 115
576 794
14 510
123 79
651 617
365 698
39 466
295 281
708 727
792 513
213 657
381 186
585 121
146 576
12 603
291 365
536 81
229 561
54 689
314 351
732 546
447 285
322 451
574 496
797 281
66 261
619 793
668 57
365 510
55 708
519 750
240 216
534 568
178 224
119 433
564 159
277 695
489 105
221 352
536 3
646 514
158 703
189 464
8 49
213 216
629 563
227 226
34 713
128 406
246 798
714 50
243 352
566 274
560 501
73 49
264 199
448 356
114 538
664 713
337 388
794 756
13 226
718 581
698 30
525 36
796 246
125 56
1 456
58 651
187 485
448 393
5 737
242 533
682 41
450 592
735 6
319 765
209 745
795 622
549 107
138 679
461 26
457 67
754 731
277 99
501 740
700 275
457 318
705 73
208 133
524 572
461 311
673 511
372 698
388 252
388 258
277 55
643 309
351 268
649 670
176 507
222 42
367 228
666 176
162 581
18 267
516 188
48 268

960 1913
605 498
695 63
200 471
914 834
905 714
598 585
527 136
508 320
36 661
558 223
346 835
590 632
38 149
496 481
228 355
430 468
731 233
562 303
359 600
200 478
897 424
351 334
229 852
284 405
732 430
112 526
635 192
689 293
856 531
547 835
220 60
210 6
230 887
29 909
799 98
216 684
164 30
129 20
820 404
591 381
843 767
264 262
341 690
751 379
772 361
123 318
902 395
230 117
771 486
87 859
663 806
79 773
798 556
520 311
613 88
76 246
350 813
371 530
528 554
174 197
73 617
489 166
383 11
495 888
481 23
407 779
948 541
386 2
6 369
330 511
786 86
679 481
141 445
589 723
936 262
720 860
387 517
445 742
545 630
490 295
287 563
779 404
249 52
783 238
567 45
272 935
419 261
95 651
60 447
498 310
637 297
492 286
521 702
686 436
246 65
709 599
748 131
766 562
772 777
330 497
562 814
104 372
55 65
650 124
65 127
691 146
485 778
45 881
339 761
160 260
132 905
571 802
225 149
135 463
343 765
335 86
353 730
940 881
959 354
796 717
174 329
39 719
31 922
950 169
554 20
719 297
510 451
41 8
901 331
372 861
727 739
943 934
503 544
689 371
157 189
108 845
320 266
434 318
5 784
779 8
771 274
918 8
902 938
134 917
857 864
768 373
59 482
612 372
538 627
278 757
281 714
411 208
358 423
773 365
663 514
236 713
605 237
276 954
939 138
710 284
252 329
879 481
19 591
242 934
798 722
329 589
115 659
4 424
888 70
636 361
286 139
731 522
772 88
740 724
227 507
7 546
875 455
809 514
844 378
96 280
320 908
377 512
909 434
350 390
248 787
27 929
490 944
509 661
893 271
933 286
537 80
738 166
11 137
770 544
806 281
382 96
66 151
361 592
134 514
418 367
853 234
370 116
933 66
782 555
697 664
404 555
424 113
874 852
288 808
817 330
871 539
288 903
916 679
901 181
151 954
303 239
1 195
97 378
746 25
896 747
952 301
427 838
946 320
105 635
869 174
228 375
375 480
602 657
89 143
879 590
593 164
779 945
361 405
438 51
706 610
749 501
34 924
952 873
455 949
624 865
767 635
845 658
476 91
116 498
373 461
603 343
184 252
224 19
582 896
9 709
339 713
658 47
54 399
681 297
829 438
278 420
708 451
727 353
654 628
152 308
256 60
457 858
383 875
190 611
809 75
386 908
521 4
282 656
859 119
733 594
922 544
723 890
948 681
309 933
94 164
410 216
565 591
621 173
54 667
736 366
703 140
339 355
453 866
649 539
49 138
454 318
95 109
444 352
837 322
593 636
394 744
29 874
817 673
252 258
681 676
241 23
651 460
44 668
509 723
61 853
561 479
681 514
430 512
328 539
256 296
723 725
743 686
463 13
504 541
89 389
866 710
139 344
503 27
948 497
24 680
661 521
300 237
696 505
777 389
779 409
786 512
510 750
370 504
903 934
941 592
430 634
495 933
795 214
156 191
214 440
52 120
507 536
846 173
782 270
162 206
890 852
800 564
771 844
946 885
927 191
162 487
755 275
866 233
519 481
852 820
46 589
625 665
536 705
404 399
722 715
311 271
379 826
53 599
144 170
920 933
702 19
925 279
127 648
211 467
408 51
561 83
249 369
837 881
126 354
204 50
522 923
389 128
372 840
729 611
571 669
798 831
129 454
937 273
59 478
738 911
406 572
534 620
71 64
92 670
550 829
223 462
596 948
334 184
375 131
668 504
317 262
870 425
446 527
140 923
927 649
125 254
40 287
846 134
284 699
822 631
477 60
114 854
265 661
160 429
659 270
921 353
888 161
637 314
584 335
273 712
787 873
717 141
534 845
571 683
274 69
228 570
779 442
47 200
908 286
196 579
143 238
863 607
922 536
812 852
217 294
400 258
147 527
684 388
868 54
47 46
184 211
776 332
47 415
862 496
350 670
496 846
778 35
194 753
907 848
949 591
340 51
535 636
336 642
300 485
15 41
787 448
754 53
224 130
188 805
337 421
656 798
320 32
495 641
3 392
102 699
322 741
167 558
115 316
946 585
212 287
95 162
22 124
671 672
360 665
677 649
631 925
82 372
533 944
312 353
405 45
615 649
362 906
895 292
770 437
97 152
945 953
84 595
842 118
550 655
611 911
615 879
585 808
103 941
551 530
466 638
177 46
14 310
650 615
392 384
569 251
683 440
449 139
492 416
644 719
595 846
529 310
842 192
326 945
838 902
821 252
221 331
791 532
648 339
334 538
207 264
504 833
927 94
783 176
841 921
641 212
401 146
242 35
501 289
452 37
21 344
811 590
776 49
366 830
498 415
822 648
752 430
204 662
23 50
836 457
305 809
254 276
885 457
265 895
825 476
916 909
25 267
941 312
514 660
17 84
445 889
616 923
52 303
217 535
843 778
590 671
764 662
672 327
214 691
747 663
624 699
704 400
382 671
293 438
135 105
357 542
432 517
215 872
4 881
581 271
69 480
711 49
179 160
113 81
447 620
7 373
51 880
175 707
897 292
555 893
138 128
197 808
733 593
827 954
885 96
577 343
194 340
806 119
240 905
354 811
88 696
719 634
329 794
197 454
16 862
631 483
298 270
545 775
652 674
219 349
295 277
464 356
500 757
783 865
454 20
211 635
501 945
448 93
214 286
165 261
590 212
803 525
481 229
889 224
674 377
305 506
807 439
718 445
781 829
118 952
526 926
302 179
158 724
30 553
414 823
34 564
809 746
774 514
43 686
542 51
16 391
168 194
638 413
659 354
891 221
267 753
303 296
103 703
384 264
562 470
321 25
582 811
604 25
755 814
331 567
226 918
874 471
749 458
306 692
917 782
441 862
560 159
943 758
587 707
217 378
680 179
493 541
295 145
460 285
890 422
512 924
666 887
857 192
931 668
43 403
632 479
78 950
485 453
931 160
550 60
291 138
864 344
205 624
357 949
307 449
771 728
97 789
288 109
525 39
354 226
268 67
166 614
550 760
282 684
676 38
400 873
438 209
2 542
685 176
486 237
416 606
336 99
115 702
590 75
122 129
410 922
126 841
328 106
608 487
349 97
643 472
650 266
959 480
352 740
227 188
560 19
119 472
747 711
948 588
879 66
475 792
261 141
320 268
212 861
605 312
536 512
906 776
411 673
909 301
769 731
267 440
80 682
161 177
659 430
544 233
241 728
466 286
876 270
192 305
406 780
905 374
534 860
426 412
709 388
344 370
763 186
242 369
596 349
483 799
322 115
823 760
25 240
944 933
598 109
29 115
804 433
131 338
372 328
870 507
588 341
76 1
267 438
144 673
894 348
821 676
632 854
497 429
511 147
593 743
898 580
444 757
564 906
11 449
680 102
327 182
371 607
707 459
81 8
848 630
647 126
248 941
83 214
948 433
919 581
807 90
943 565
306 935
666 273
208 89
388 418
339 564
230 133
715 667
217 144
930 542
554 241
600 761
378 574
380 865
269 701
623 210
846 66
837 572
192 540
625 285
643 330
410 58
630 46
557 721
854 125
95 11
352 187
427 811
615 218
305 896
497 680
129 616
400 124
395 716
896 193
942 123
863 712
597 508
69 398
408 341
851 542
470 535
479 770
626 802
887 500
659 653
626 181
181 583
703 636
281 862
792 771
651 746
508 614
803 846
882 288
201 605
199 645
794 167
211 75
138 873
329 52
640 518
675 818
199 933
306 476
150 734
942 843
465 136
744 32
773 408
23 67
100 825
394 279
326 240
862 539
798 291
801 507
288 711
805 878
147 34
147 729
54 647
618 610
729 73
858 505
941 541
534 728
352 121
249 743
839 133
589 701
827 8
24 128
373 885
584 621
544 491
525 7
1 94
394 461
372 441
840 438
640 941
130 375
764 218
100 880
130 486
429 858
498 52
516 643
209 270
379 186
143 738
128 276
772 709
22 26
461 101
62 502
339 847
50 700
309 401
819 946
637 562
625 894
573 502
703 886
9 785
321 476
711 246
548 212
117 890
831 18
234 281
960 361
535 752
561 635
304 717
453 383
590 592
876 100
224 387
574 82
816 268
800 479
720 680
332 243
6 372
797 407
360 295
103 924
691 496
31 206
251 441
42 59
481 521
211 897
824 927
90 303
809 731
807 832
594 249
638 246
18 390
201 497
83 446
781 811
602 878
498 388
6 181
709 596
119 434
914 296
680 187
220 729
833 738
526 421
648 275
690 735
231 246
838 26
944 163
423 186
11 442
489 522
590 570
298 329
704 137
405 849
155 681
230 624
803 354
471 543
241 860
893 437
128 396
640 714
578 26
328 345
646 693
192 293
484 278
711 107
713 851
827 861
331 359
499 316
539 190
118 109
413 191
15 74
419 937
773 26
465 208
71 598
808 184
574 565
632 390
22 620
161 595
661 363
256 841
367 910
704 477
662 620
222 904
549 514
640 926
57 764
529 733
851 636
766 515
52 415
687 690
917 47
921 369
260 709
19 44
594 511
929 354
553 513
304 630
176 315
813 160
489 708
749 787
540 952
833 162
428 942
293 867
38 260
810 293
556 756
154 250
218 351
313 14
131 115
523 594
795 840
400 741
404 696
158 369
933 192
681 306
595 843
220 841
630 752
482 726
782 341
456 374
1 747
277 249
26 334
660 672
136 529
47 293
539 795
266 803
103 932
641 581
907 635
396 257
843 165
832 839
85 516
122 510
379 740
238 98
954 148
564 921
466 500
631 398
207 509
960 229
924 814
68 959
752 749
876 790
310 729
408 295
724 674
708 548
122 659
212 123
91 289
424 310
116 148
157 470
835 927
617 364
152 202
653 748
711 928
323 99
749 387
954 406
719 589
524 497
29 376
507 162
953 137
885 666
137 929
11 517
396 73
552 308
183 771
774 439
107 774
761 628
819 267
5 896
810 714
776 33
942 658
13 134
680 669
770 76
920 214
833 382
300 771
118 275
912 762
305 236
490 343
953 917
54 751
2 695
618 439
35 238
110 363
934 722
24 18
827 11
65 158
525 779
55 401
39 123
512 452
834 701
599 153
260 277
160 485
307 118
367 16
423 290
959 582
598 258
349 299
155 171
35 100
92 518
327 98
439 275
114 822
888 605
31 933
620 569
53 3
450 239
560 345
357 567
503 793
713 378
293 741
22 27
430 379
899 88
681 648
520 277
518 256
745 368
726 434
854 168
828 677
558 849
136 493
72 928
317 163
566 501
591 802
613 363
951 609
321 110
234 111
210 383
808 221
543 67
838 41
664 579
200 34
934 185
154 98
809 326
902 644
817 651
125 312
507 239
823 189
129 312
147 942
593 321
743 447
504 780
377 2
798 178
369 742
189 765
762 730
211 881
912 615
722 82
25 130
634 902
48 109
912 49
381 530
661 448
870 437
788 853
947 98
487 304
571 670
937 88
8 602
361 910
732 651
254 148
406 563
367 564
263 575
288 238
97 226
98 851
864 895
655 643
415 560
886 889
74 953
924 672
122 102
417 639
127 774
850 824
355 33
249 89
838 387
822 178
642 556
936 391
835 632
52 886
679 315
57 536
166 202
635 455
330 566
41 12
709 581
526 5
932 433
664 228
183 468
207 296
311 267
446 371
551 169
253 229
936 345
956 548
673 270
214 165
470 622
788 327
350 126
117 657
561 123
565 531
551 608
366 798
59 611
861 899
792 32
50 636
543 936
803 736
948 898
272 872
517 946
495 348
851 748
377 801
890 624
747 504
668 639
828 18
777 731
106 838
565 749
345 618
464 701
429 784
72 531
190 345
122 751
485 810
731 679
6 693
428 753
929 60
345 181
842 662
572 505
639 868
126 905
841 3
736 295
120 432
188 97
888 482
212 690
202 786
714 540
181 14
3 76
574 437
741 70
62 745
309 836
18 934
129 169
811 159
444 870
157 816
284 440
752 133
438 332
756 948
903 455
597 488
750 864
951 475
792 490
574 301
507 783
490 205
806 554
39 740
228 22
54 512
915 341
37 873
664 828
395 291
824 228
773 746
462 329
409 579
432 487
30 710
234 933
625 275
221 332
599 578
72 221
596 219
690 160
876 640
944 96
842 643
935 674
171 433
154 212
570 9
899 223
98 396
374 810
416 279
24 946
242 482
155 441
362 184
762 366
406 124
39 619
857 679
338 628
665 359
597 871
630 730
703 154
547 851
622 611
186 236
719 58
908 347
383 561
445 711
282 480
34 141
730 425
308 10
384 432
120 950
659 41
600 492
501 861
84 93
111 238
545 399
121 208
125 926
544 53
56 251
136 925
46 565
674 354
348 421
422 612
155 827
193 282
180 203
903 391
311 351
739 205
498 271
483 845
155 396
388 606
509 909
613 637
332 382
891 887
883 506
921 614
744 958
200 816
905 42
675 512
957 151
447 323
188 440
858 147
513 129
289 148
292 636
124 379
152 668
316 317
610 139
216 463
543 783
740 309
92 623
22 838
719 676
871 98
437 123
945 568
308 200
632 31
872 451
306 367
501 133
490 832
858 871
175 942
419 37
898 583
921 171
335 258
517 596
233 789
155 482
212 753
194 260
361 103
605 465
698 347
428 75
611 864
741 817
670 157
947 418
459 242
284 511
911 2
351 49
230 156
605 100
94 365
593 239
296 590
581 432
856 668
140 186
474 194
261 32
561 538
781 809
896 284
54 707
827 666
956 894
298 39
814 388
444 828
88 751
140 549
768 267
697 590
274 649
699 741
205 766
475 783
171 22
912 725
340 934
704 28
479 860
500 247
310 368
93 555
210 627
897 820
237 43
536 798
539 180
79 887
191 398
802 907
144 249
81 397
173 852
617 211
492 577
629 438
633 486
652 211
249 263
72 545
578 900
797 678
463 286
194 70
54 844
40 181
939 759
228 599
706 662
911 467
259 226
558 778
600 60
849 181
156 618
432 35
339 650
322 27
533 244
868 741
321 772
823 847
934 854
24 662
48 369
768 399
496 232
477 501
377 347
532 900
864 610
410 673
877 826
127 272
771 213
21 457
740 589
503 525
203 583
480 532
870 587
500 607
376 613
688 344
174 470
666 854
862 398
849 861
706 162
106 283
344 177
475 268
260 919
637 845
358 524
71 471
915 478
437 622
445 904
512 760
774 791
44 61
420 681
846 126
72 840
79 848
62 205
671 636
428 450
921 473
712 903
470 499
153 240
321 876
107 393
17 94
751 778
845 667
679 420
632 205
190 485
500 72
870 379
193 864
862 65
409 325
688 515
690 283
486 885
117 7
762 204
853 184
446 827
612 484
174 211
447 438
469 875
468 63
759 484
15 707
470 273
22 750
210 723
84 72
28 941
287 928
473 156
165 777
723 422
818 728
838 671
109 262
165 79
630 680
663 570
741 310
870 410
784 497
125 49
199 277
297 232
783 29
369 718
364 557
460 421
941 615
480 151
819 269
470 924
1 65
21 398
154 609
872 590
584 832
511 91
294 695
289 482
239 933
275 380
459 491
172 780
857 231
931 767
390 592
342 23
492 827
938 230
540 3
541 801
819 204
627 811
497 932
360 929
768 915
491 28
553 41
580 886
64 735
443 527
764 282
20 400
388 742
799 878
242 777
918 902
723 576
214 84
587 714
627 765
519 699
818 807
410 776
129 509
82 863
381 205
852 250
86 269
417 887
181 124
233 635
835 211
206 298
207 472
433 126
469 477
421 346
589 727
768 470
110 234
807 847
520 737
888 27
820 652
418 547
130 546
578 164
688 684
489 449
607 51
328 848
184 618
349 315
226 253
931 65
553 585
93 822
921 941
785 177
846 400
150 723
690 94
632 39
189 30
139 809
392 739
876 722
399 509
482 334
528 26
63 762
706 650
360 319
696 87
714 346
113 251
746 369
784 292
396 602
623 501
167 665
558 282
216 107
341 755
219 515
879 346
663 446
33 177
944 98
899 562
630 520
96 799
879 952
429 501
497 285
116 532
232 33
553 881
54 454
334 712
795 374
308 642
348 631
263 735
582 630
215 123
351 38
714 579
236 307
612 153
957 952
887 1
688 761
288 668
958 750
759 203
246 625
808 732
946 420
322 1
911 678
795 578
583 46
151 874
590 100
368 227
847 87
765 450
731 222
258 3
625 784
96 599
815 365
822 908
390 109
945 343
546 271
950 670
203 752
44 411
194 917
567 674
641 82
533 100
76 900
693 67
335 494
47 410
701 510
591 579
889 441
28 72
332 960
100 140
543 439
929 359
565 70
769 577
773 708
106 102
824 837
865 645
773 463
441 609
615 171
375 312
2 361
277 864
61 606
481 269
287 749
665 437
122 120
433 499
490 740
662 17
612 657
481 495
559 651
545 243
637 34
908 209
659 781
452 117
476 761
811 336
379 143
434 878
623 96
643 427
366 507
224 294
24 387
280 482
561 108
251 514
233 582
182 355
555 944
891 716
769 595
3 38
349 814
427 665
53 405
192 236
835 607
874 85
306 348
697 853
132 350
705 564
816 166
28 196
763 724
710 488
487 492
827 294
692 862
550 785
554 799
877 48
533 643
564 868
931 856
915 169
5 684
444 886
57 693
172 725
449 565
636 543
268 916
305 102
931 611
496 189
26 351
928 912
128 413
900 701
900 778
7 32
4 204
136 348
671 222
650 906
245 855
430 902
470 297
204 253
888 587
