17
922 936
392 94 -510
384 359 779
533 353 -775
836 284 820
391 475 -273
453 141 319
59 584 -259
707 678 -323
871 616 598
650 53 -782
573 347 756
39 507 -272
727 470 -896
186 886 -34
612 442 261
439 801 541
666 119 509
411 139 933
162 547 -386
561 26 988
676 126 -440
512 596 -67
418 603 -119
388 698 422
577 889 691
159 708 -960
710 209 -115
648 865 559
438 538 -501
580 741 642
419 535 -85
150 922 355
532 433 -777
414 167 32
670 482 438
122 813 506
918 832 46
902 151 153
516 537 -984
760 117 944
137 218 338
718 23 -614
309 109 481
175 692 463
614 626 -86
757 439 -631
710 542 -614
536 326 -252
124 623 653
336 541 898
63 604 -32
217 21 -876
713 895 -960
626 124 -154
504 883 -660
171 742 587
110 798 -73
258 198 644
540 824 713
489 251 561
368 436 115
250 662 -230
729 425 859
593 363 106
32 363 -111
552 10 -456
273 353 639
807 809 184
358 318 225
746 414 -354
896 227 -18
98 843 -333
609 344 369
342 154 -103
481 400 -366
904 627 -7
794 830 -411
223 795 -376
625 720 701
574 720 -369
472 370 724
116 849 616
333 600 652
271 142 683
720 151 -971
562 325 263
347 580 -328
316 807 583
804 257 -220
702 491 877
598 344 338
105 718 134
39 745 -670
632 426 -682
555 155 791
296 856 -161
371 879 -810
267 321 990
74 89 -487
645 72 -592
905 18 -507
603 132 649
300 9 775
67 560 225
819 905 -959
403 582 379
277 37 437
512 529 -685
393 121 -661
657 599 210
468 167 626
521 263 -314
321 914 852
494 804 20
279 146 342
183 910 -291
124 595 -507
190 51 -260
537 864 -290
600 355 -696
225 197 -965
534 477 569
227 891 84
321 409 -340
331 46 232
741 789 -652
896 692 -511
435 502 539
183 361 -886
175 786 899
539 194 -515
265 793 -384
262 877 -851
615 651 -582
267 245 844
131 674 283
742 315 890
345 584 740
676 705 946
383 438 -455
758 260 -883
476 76 776
679 547 -584
644 539 623
860 502 -234
340 210 -287
332 588 -446
163 146 379
735 435 257
549 812 633
168 774 -431
665 576 695
201 745 87
506 240 720
78 848 -197
24 369 113
200 417 -152
539 624 -994
493 764 630
448 741 -612
414 548 -768
533 256 -283
515 789 -11
172 487 439
287 190 600
270 151 -810
82 226 -619
241 886 -467
436 506 -123
885 495 691
779 872 192
552 505 -337
536 657 435
86 332 -289
472 862 -971
811 390 161
200 562 580
737 875 332
238 75 745
155 172 668
19 278 -752
398 612 133
630 152 -454
58 855 -628
625 30 -279
431 182 297
99 522 -568
753 388 673
574 866 993
614 877 -457
463 51 13
809 304 793
333 403 -266
192 131 -962
637 837 354
792 854 -577
82 307 -132
706 617 659
550 418 -613
102 770 205
874 802 155
58 426 -428
581 476 999
456 308 199
89 367 -432
484 824 -359
143 278 -219
901 698 952
837 590 147
589 101 -311
503 408 691
583 622 812
856 753 676
899 409 694
722 426 994
663 836 -704
354 715 507
88 870 200
107 122 89
470 713 834
286 811 337
271 160 444
61 878 847
881 25 -441
17 466 -456
49 717 932
201 223 -983
718 509 -402
736 666 502
540 145 -670
129 886 31
438 174 -629
76 461 989
58 45 -545
608 916 713
819 910 -377
189 341 -466
416 16 -864
30 639 112
95 590 -48
556 773 -423
815 307 531
260 600 171
705 95 295
337 778 347
741 742 489
907 537 271
826 752 477
205 27 104
95 838 -646
66 765 841
790 133 782
558 103 -421
168 910 371
351 77 882
358 255 -673
166 45 933
492 319 -268
674 611 56
692 411 491
730 154 -937
248 917 791
811 581 -982
83 537 -417
260 548 939
761 905 -622
316 479 -996
387 147 235
169 625 -311
907 550 -986
382 594 732
336 460 312
211 145 566
813 595 -908
292 116 -63
619 91 -267
857 385 760
52 423 673
854 628 -57
645 877 497
698 48 56
752 338 -691
245 691 -454
86 834 -793
678 559 -445
426 672 -460
414 723 -945
155 437 -355
239 627 72
137 318 824
319 898 -90
36 395 -501
772 122 -530
54 126 839
224 195 -30
24 498 494
220 482 -133
183 277 147
510 57 856
181 436 -617
311 243 -319
689 336 800
273 765 -765
613 542 208
248 153 650
364 605 -701
421 514 581
255 210 -391
335 211 -541
660 475 826
216 173 -233
823 100 -806
19 738 -608
108 774 -786
191 349 254
552 818 43
400 660 557
611 32 -192
516 119 165
468 529 257
718 309 154
181 193 884
183 312 164
266 635 -280
800 422 -296
754 246 -345
503 120 90
14 15 31
793 867 373
768 288 191
378 381 -168
316 593 795
904 598 -879
14 230 -170
913 272 -439
267 268 -145
370 598 490
385 912 -756
245 110 -84
365 595 636
566 654 9
189 785 5
881 159 -52
172 334 951
893 40 690
56 489 938
251 119 -787
910 557 386
696 585 137
512 503 32
23 900 -745
516 612 697
175 816 385
63 851 -763
144 385 -236
650 837 494
212 656 896
107 272 749
783 516 239
746 685 359
266 338 -696
735 206 -67
258 285 460
329 426 -120
612 545 -885
435 901 -146
809 182 -831
61 65 164
690 4 -647
466 556 199
278 430 428
859 445 -338
623 189 -442
474 745 382
808 45 -69
408 501 -447
440 21 -843
559 269 -391
609 403 424
256 214 -816
806 206 823
812 846 344
717 649 59
464 849 112
450 773 229
611 56 -235
393 899 731
509 356 776
569 692 -765
485 478 82
266 541 -805
347 625 -321
117 764 -898
529 116 44
588 388 -704
911 139 -162
912 643 -766
520 241 637
130 891 -481
908 885 426
787 651 -423
259 671 330
393 320 -70
211 271 114
692 360 208
49 559 -646
370 612 825
385 698 -897
724 71 -884
408 542 124
893 162 6
763 36 973
87 370 -904
442 380 365
502 822 -154
188 249 832
184 684 -430
45 530 25
107 337 -732
896 151 548
491 409 -466
205 323 -828
757 658 -516
779 785 827
49 489 834
49 349 413
258 832 -48
383 64 -147
427 359 817
531 333 721
456 834 -832
904 642 -210
530 568 360
304 903 -614
724 342 778
578 332 -45
484 312 412
469 1 -103
84 891 77
387 254 65
503 492 -771
251 372 -162
16 264 -354
747 443 -535
148 114 132
554 597 -305
43 165 -160
604 313 646
855 790 787
377 266 38
620 343 207
453 784 -587
17 497 -332
808 6 385
714 182 -195
777 391 842
557 302 224
85 492 941
64 129 -650
782 431 -266
574 170 -614
48 366 -324
798 31 -286
673 781 544
413 495 876
919 829 430
30 533 892
355 902 747
425 24 -397
222 633 -678
306 640 -435
379 307 103
229 41 -463
385 312 -975
437 422 474
559 378 385
643 797 445
671 281 678
507 393 -508
232 554 -995
106 227 -739
542 679 932
784 215 509
742 802 -968
308 598 887
530 646 28
579 510 852
479 409 -5
189 670 692
653 501 645
690 888 -531
123 252 737
480 233 -960
391 52 710
764 771 -988
318 845 -570
858 782 257
287 575 532
701 409 -162
138 558 -587
338 749 -181
636 740 -553
627 783 -822
543 372 437
874 311 -20
723 358 942
737 438 3
405 868 -300
426 686 346
775 251 193
586 125 836
737 499 -775
429 211 -466
562 377 -838
484 877 299
304 615 168
138 763 184
64 199 -84
437 862 584
4 715 921
321 11 673
612 748 -382
680 616 -517
744 605 -618
879 153 -315
731 571 -871
737 568 -960
55 241 530
70 906 -616
156 475 248
378 38 -454
704 376 -562
537 201 346
28 675 115
559 363 879
794 452 982
876 783 -953
559 381 909
892 232 914
769 777 201
776 678 -733
807 220 -696
331 181 -785
577 775 270
789 339 -973
774 777 261
586 160 368
526 677 -21
113 704 -606
131 332 552
557 856 31
681 741 427
808 552 -222
34 339 678
278 738 668
147 706 -937
282 53 864
369 53 -778
255 490 -1000
359 193 136
94 130 -722
848 421 -237
161 141 849
469 516 895
756 590 183
759 547 88
489 331 827
250 130 938
612 367 -718
769 318 -769
156 858 227
905 238 532
902 112 397
638 494 256
483 551 -185
287 199 -47
395 545 200
244 682 776
798 667 -30
516 495 923
863 440 873
241 626 700
440 126 -234
495 853 -632
584 879 811
624 291 837
918 407 -97
304 120 46
693 468 3
286 479 535
721 679 -394
124 482 9
750 374 -152
596 228 -234
917 835 -945
431 824 -107
473 221 -393
813 293 -330
13 750 -522
806 287 -71
662 460 -626
7 729 730
128 340 587
892 874 -815
817 272 411
730 468 -821
155 247 -205
409 835 -302
701 261 295
159 621 -962
670 197 374
911 428 887
747 792 910
795 317 -682
308 250 139
508 463 -518
322 474 803
822 572 -110
180 584 -518
832 193 -320
645 630 -421
558 862 -65
497 495 -314
170 25 391
59 434 -979
614 499 166
444 843 -445
495 895 -987
612 306 -778
335 754 572
743 365 151
488 171 622
194 560 -128
303 733 704
46 832 909
267 434 -80
897 571 -706
833 26 -357
411 702 -386
379 207 62
74 445 413
70 7 786
903 221 931
179 561 942
20 397 -656
701 93 -354
241 29 195
895 558 558
54 446 -584
777 34 634
352 635 149
240 129 660
443 835 -744
529 87 251
85 188 -340
444 427 -990
238 756 572
101 701 775
284 22 92
2 716 299
538 599 872
282 502 -96
834 819 673
852 243 660
693 789 -786
799 577 404
423 460 -196
581 319 68
762 118 -408
702 347 -704
65 609 22
268 336 527
912 766 -622
502 668 -364
761 512 223
175 493 851
557 343 -598
880 825 446
582 819 -557
150 576 575
169 72 183
159 782 -806
643 747 -18
255 343 896
73 862 963
43 206 -394
741 154 -793
648 624 -922
786 771 -468
534 351 -476
786 811 -776
95 213 924
19 868 757
360 39 -546
691 853 -219
167 272 158
115 89 -361
678 537 -547
134 829 671
80 140 142
597 901 -623
130 682 -977
242 426 133
884 144 606
250 789 103
181 408 588
604 786 -67
304 120 -216
802 149 368
554 699 -145
250 453 -677
667 612 412
849 507 -287
876 595 579
621 604 838
743 362 947
321 421 -257
489 666 737
785 144 -493
857 132 -20
778 750 214
151 756 -601
99 207 -96
10 494 67
616 914 586
695 62 610
36 211 -162
823 518 -140
862 499 -604
805 546 -163
476 364 -614
651 640 -28
285 70 -293
870 123 376
588 706 -401
362 754 -674
226 205 -584
282 550 296
878 817 -185
784 142 -625
433 639 -629
439 393 -846
841 299 27
306 309 -35
619 157 159
687 537 744
729 587 397
281 494 -204
568 872 424
821 795 893
174 772 174
652 207 -624
70 830 617
508 625 -229
699 99 250
537 311 -400
192 325 1000
905 609 420
207 386 561
486 337 -93
162 227 115
158 127 -236
747 309 865
672 6 363
724 670 -293
257 497 931
842 601 -999
65 588 -1000
893 830 -28
565 819 528
696 163 755
740 256 -187
82 519 405
511 164 754
578 29 842
444 421 135
104 842 32
150 536 -319
101 184 354
116 126 -936
829 841 -353
585 401 -70
266 916 247
816 187 486
545 421 -860
588 64 -596
918 861 211
173 517 357
749 857 623
338 386 515
198 2 -232
18 149 556
798 405 -986
754 342 403
692 451 246
826 623 31
171 830 882
727 440 430
203 904 33
3 783 -784
787 318 410
14 751 23
245 838 -702
285 97 451
97 845 64
168 120 -404
576 620 154
340 42 206
245 818 -475
833 96 -542
807 153 -196
608 615 -904
655 141 -843
621 503 647
249 357 -885
880 607 826
332 206 -240
431 820 -365
729 448 -476
114 239 580
456 228 206
218 846 -98
433 93 50
811 550 838
585 413 -969
208 474 -667
420 849 679
115 846 359
546 705 526
611 911 450
679 239 97
693 878 603
768 138 494
365 486 -770
212 9 849
669 363 119
354 45 667
580 777 155
268 209 -558
271 667 286
890 539 -84
96 343 325
711 566 967
825 274 -620
171 199 -515
214 612 422
916 331 292
662 194 801
71 1 131
323 215 725
893 612 -595
771 669 -217
271 103 -645
761 544 -717
851 395 -415
528 521 -355
255 708 564
199 797 932
93 601 220
727 672 -276
376 660 836
435 465 -621
580 49 -169
708 736 523
787 790 -763
686 81 -954
503 169 -344
873 368 -901
12 71 -982
835 30 234
3 39 953
781 136 533
547 195 -576
15 712 260
752 206 234
691 3 -41
306 86 -633
739 193 -749
204 497 -367
247 887 -307
441 407 189
88 491 403
723 226 -283
21 867 -593
169 765 526
36 545 -539
14 322 -887
917 819 638
173 393 -271
860 727 -653
500 304 -653
461 45 502
333 56 584
13 397 764
913 491 119
385 286 -793
704 464 -163
83 795 -255
683 701 -569
340 365 373
889 246 -98
437 306 164
527 72 -142
561 159 -522
341 35 975
706 473 -313
45 275 -733
66 582 344
163 624 -398
411 455 497
409 459 244
781 477 -960
258 67 -652
311 41 -553
71 341 613
801 183 -638
68 267 -885
631 80 -752
811 480 -773
387 701 369
563 554 27
473 734 -61
19 362 263
741 3 616
7 434 327
17 552 594
892 106 43
365 65 56
172 763 730
279 159 -453
717 296 38
54 611 476
186 649 311
805 723 -39
435 284 -883
263 96 487
808 850
708 728 -734
400 104 -899
382 738 216
757 561 -208
377 233 250
327 133 -10
399 471 137
510 382 -819
692 163 187
486 797 941
715 106 -606
779 577 775
147 305 20
375 388 481
791 316 -912
690 751 875
532 593 -889
803 755 439
179 539 -586
387 516 959
302 270 489
634 296 -835
513 637 -238
408 15 -670
176 669 -779
614 203 779
657 375 400
87 31 -488
215 625 507
607 146 49
769 1 -239
155 79 -694
244 735 380
499 20 905
142 671 -226
486 557 497
289 522 757
162 424 -224
760 124 -467
522 147 -543
571 303 69
801 365 -661
139 400 642
298 302 -680
489 277 88
513 450 -155
756 489 398
801 789 452
334 497 396
70 40 573
527 606 192
94 528 873
572 789 -498
227 581 -66
642 342 -731
202 66 701
615 659 836
505 227 469
446 119 -324
703 197 -224
708 667 -280
285 234 -199
113 126 -561
389 252 -179
22 440 -220
607 522 -750
700 725 -119
512 616 453
156 473 506
664 389 -340
201 500 848
584 171 424
660 135 203
248 428 -309
745 128 645
540 605 460
742 733 -811
608 388 480
106 463 8
404 331 -343
278 609 -306
83 654 -243
462 603 834
194 257 113
776 156 303
212 621 538
744 191 -786
251 636 -399
372 488 610
379 306 400
662 659 -674
539 517 -60
644 471 768
188 745 381
593 509 -203
215 737 639
55 566 939
85 536 -490
708 599 -314
522 556 -245
407 755 819
718 126 -345
507 234 -399
533 420 808
169 465 256
503 549 308
346 77 823
406 131 -701
173 41 -846
400 765 395
149 401 -669
531 731 -323
519 320 -377
185 690 514
671 373 -330
740 181 -320
371 163 146
571 146 -281
437 207 -269
106 755 -474
343 79 -392
513 570 -553
47 161 -451
433 252 -251
428 418 -89
359 195 -688
371 150 500
779 428 -111
326 668 975
63 597 -930
743 409 -485
340 482 -488
290 37 225
17 598 238
804 281 885
192 696 -668
348 610 353
167 683 -804
717 371 -746
728 248 -88
157 649 979
155 788 711
748 156 -717
666 259 664
437 456 -419
669 38 -222
250 516 -420
545 402 620
78 413 -509
1 537 -959
758 790 -219
729 795 -733
406 85 -334
762 603 70
453 670 -352
341 55 -912
392 110 427
474 316 354
225 231 203
285 43 148
2 462 785
689 295 -248
277 460 640
457 434 792
726 710 694
297 80 687
608 624 -363
615 459 126
743 107 658
261 613 -785
250 223 -499
515 196 -779
426 752 -172
738 145 950
237 223 553
444 462 172
401 201 -427
424 432 228
86 651 526
66 631 -739
698 89 98
729 459 -838
456 702 -122
283 208 -486
133 160 783
123 271 -350
650 176 -645
311 33 542
342 270 -177
564 790 -462
76 658 -905
321 309 949
680 807 169
2 723 -502
767 457 -810
90 808 393
343 135 939
128 654 665
541 779 528
447 356 122
67 239 -836
650 34 -196
298 443 -964
143 768 -469
210 779 921
28 39 -659
624 762 -172
658 672 -322
24 512 -306
777 76 577
163 164 -734
368 73 -483
647 575 -678
115 579 -77
701 619 -108
499 644 984
272 25 595
206 200 463
593 514 224
457 696 791
294 489 -231
196 657 658
715 133 188
563 121 258
40 30 -351
142 241 -15
309 97 -716
626 375 288
563 22 -128
425 753 -955
679 285 -371
208 670 -52
178 324 654
586 597 862
801 126 -792
583 746 645
527 171 -276
768 383 -402
500 562 602
250 654 449
150 276 -577
640 794 795
468 482 -549
677 18 -495
518 290 443
768 421 911
135 604 -504
253 579 -12
250 377 424
97 361 -146
784 673 -291
636 390 -509
799 259 52
145 343 703
623 757 -426
80 625 -999
513 230 -70
657 149 -179
389 239 -704
287 120 -816
460 462 226
239 431 8
762 491 -381
91 272 -475
519 597 76
400 195 259
308 546 130
650 574 366
215 230 -209
519 417 565
17 285 569
538 23 371
797 749 167
487 120 868
281 238 871
785 263 -569
75 242 -333
386 227 554
664 368 -984
521 302 -510
489 181 976
245 103 942
293 742 618
800 439 623
206 75 -41
664 715 -889
345 55 882
129 721 793
449 412 -900
715 413 -158
73 151 923
670 579 948
134 307 241
303 349 -633
132 235 -108
284 776 263
254 252 831
52 782 -416
686 754 480
754 400 990
525 524 906
92 118 822
354 79 -954
187 184 260
691 511 465
750 227 -637
359 115 -507
551 787 -942
535 170 194
77 515 608
350 675 -702
671 459 336
503 57 196
133 509 -623
2 753 -143
460 801 -223
327 645 -838
464 449 -716
46 580 -901
61 487 367
380 427 975
154 435 474
410 100 100
469 69 733
201 419 942
78 783 -524
153 420 640
545 239 318
628 230 -463
117 735 -826
714 214 -589
643 692 995
498 41 190
418 727 750
568 199 738
364 67 -596
620 429 295
725 246 853
135 378 -432
171 138 -675
696 367 126
405 488 -596
186 628 -799
755 629 980
397 254 -66
450 661 54
197 643 80
349 720 134
659 130 304
564 655 -630
645 130 727
152 174 -478
329 527 -378
458 651 171
697 320 937
732 137 765
466 362 -604
496 67 -988
106 443 -931
748 724 15
476 312 -681
293 176 -337
407 384 524
275 656 103
603 656 541
284 663 -599
205 45 539
747 555 -528
260 270 -95
678 464 52
632 608 445
801 268 127
169 8 989
165 320 -921
309 674 841
538 479 -815
249 532 -586
87 297 650
389 107 -486
666 454 167
56 747 -461
240 690 217
676 436 456
146 321 640
796 519 -481
516 629 675
74 31 -935
614 54 756
176 709 -399
405 653 50
187 426 555
40 569 -888
442 416 939
759 21 -501
209 483 -113
731 237 -786
55 628 666
553 775 532
79 560 -182
602 755 599
303 146 -541
737 547 -459
307 566 -365
310 33 -533
561 581 -709
416 152 -997
589 154 -685
724 103 -804
608 753 155
89 186 -985
146 713 640
81 242 357
498 791 -385
85 52 -978
560 156 26
730 739 -251
518 407 -381
311 612 174
473 327 840
525 558 -215
464 566 -492
566 133 34
351 187 -850
279 112 838
635 416 -970
453 189 438
635 777 -92
327 804 -406
667 653 -278
808 751 329
227 573 55
683 121 662
549 719 824
151 570 -437
617 369 -125
680 748 524
625 79 653
431 395 -40
266 44 -47
280 780 948
651 724 983
356 324 47
82 566 59
564 85 617
50 198 209
49 59 88
87 559 -289
551 253 -827
664 705 -120
3 244 969
233 342 -278
671 173 -14
184 400 499
698 273 -743
591 760 -678
200 327 811
712 60 -884
342 635 -387
253 227 743
46 805 -443
382 626 686
549 238 -333
713 572 778
267 430 694
771 485 541
499 76 -129
147 256 714
149 543 -113
556 557 -714
265 581 -744
255 300 658
192 326 -808
18 611 189
478 248 -301
787 661 -741
656 514 198
512 334 275
763 150 -685
765 106 352
784 661 901
749 568 529
68 112 678
732 148 -131
549 6 -143
755 356 668
740 622 484
398 318 -369
778 682 496
744 334 -473
327 274 574
334 728 -56
663 173 531
262 711 -893
48 275 657
57 732 -692
542 418 230
635 588 -607
616 513 419
655 719 -989
251 390 -635
643 243 675
601 356 140
210 174 -504
215 739 600
709 455 -957
83 776 -245
613 562 -590
273 754 -948
506 183 -225
649 495 -246
34 165 203
206 325 589
62 513 -43
738 582 374
40 786 336
545 576 -594
794 777 -213
559 711 470
790 673 -480
370 22 72
315 729 -55
182 412 136
400 269 -807
119 706 -804
673 384 415
555 139 -80
20 264 977
239 182 899
383 773 -597
566 372 911
171 409 -208
793 326 353
515 88 137
146 421 21
131 292 521
208 445 -803
383 265 -351
327 710 -149
212 280 243
205 242 -824
293 104 -12
767 756 617
246 786 -233
501 714 -37
144 267 92
89 59 363
663 418 -457
570 376 -233
624 758 606
621 331 775
356 141 -742
401 181 -227
441 431 -226
15 195 73
384 84 -744
291 179 -773
178 90 -4
613 55 -727
556 479 -209
365 122 339
59 571 852
605 552 -262
548 296 -216
676 629 522
504 595 -269
461 584 400
480 42 490
463 362 -724
279 64 -298
696 761 360
481 679 -11
736 92 95
790 248 640
566 218 -711
381 65 805
626 218 870
464 776 -863
212 490 145
756 249 -490
656 601 673
11 389 -940
703 455 919
430 493 677
576 444 -573
450 8 482
33 61 -757
539 455 -522
396 776 -511
120 150 444
17 753 -957
85 134 -671
540 556 -121
249 447 -44
647 419 671
670 633 -493
473 731 162
144 531 -56
312 758 763
477 743 657
415 550 895
568 405 847
150 181 375
711 579 170
664 367 427
313 464 398
641 281 834
48 316 826
319 311 -737
143 114 -921
457 428 661
790 548 -576
490 805 -618
652 36 997
369 807 116
680 204 213
733 628 -801
630 697 -315
329 754 -767
424 221 527
549 714 872
352 526 -769
256 658 384
325 23 -721
70 276 819
627 594 -687
591 86 506
144 587 633
286 309 561
107 751 918
767 400 453
710 114 -706
146 143 -801
757 3 -824
314 426 626
312 616 196
796 259 582
769 50 -427
73 78 -409
481 306 -438
678 359 -960
69 29 207
307 204 81
790 792 -991
333 188 -63
86 202 -588
785 180 952
574 5 -389
296 799 -452
264 487 319
618 441 -227
64 18 275
63 255 520
749 581 973
554 28 -702
582 792 450
503 489 -296
369 722 -473
18 451 534
412 246 218
97 311 -967
514 470 -626
334 632 455
357 448 135
322 167 -64
205 320 -525
659 648 -486
111 308 624
415 685 -704
49 391 30
43 682 321
460 138 589
800 643 -84
146 58 97
378 448 -849
752 645 507
327 600 -800
362 714 599
371 275 226
409 66 778
513 76 416
688 71 145
570 30 348
12 238 -333
682 176 927
433 644 111
232 105 322
479 577 -446
294 405 -954
369 35 -479
544 319 -293
201 621 185
505 569 -18
348 176 -253
549 325 -653
130 691 891
652 699 -904
538 492 -429
242 398 158
497 93 781
102 40 -818
154 357 -684
772 330 -880
612 355 452
457 6 -76
481 165 730
775 362 24
695 630 -801
590 213 -159
216 485 988
345 263 -130
74 414 -692
254 387 969
774 165 -277
624 59 -626
587 507 870
27 782 558
466 701 189
10 121 -566
153 76 373
79 344 181
692 524 -645
484 323 815
277 786 -525
321 497 44
137 47 -745
440 555 -217
635 756 661
12 116 720
151 254 -370
104 313 912
704 801 -836
575 552 -34
206 367 459
4 719 -753
596 775 737
702 5 798
689 418 -889
752 751 -832
615 222 -743
71 51 916
546 11 325
224 8 -921
702 738 -444
764 331 -700
228 714 375
700 677 509
802 482 -824
713 22 437
769 328 -515
805 256 466
615 614 392
222 552 -274
604 476 -319
344 772 368
394 636 -24
134 237 869
439 175 302
671 215 215
514 389 811
4 632 853
69 465 752
457 723 974
22 37 -204
715 510 -62
527 70 57
316 691 -660
345 318 -612
661 224 -56
537 303 151
182 509 -246
142 174 -558
433 680 -310
692 21 164
350 566 -237
341 41 42
501 630 78
676 517 -844
325 565 866
477 620 -8
714 807 -82
349 151 -376
680 245 -439
342 402 -800
721 85 -43
249 114 283
516 569 288
593 329 -432
79 726 22
84 177 -687
38 114 782
339 305 170
81 664 369
560 621 126
17 493 -349
571 192 795
673 64 109
601 117 249
221 633 310
750 317 68
713 147 -850
225 44 782
74 787 411
279 12 -918
154 611 374
287 716 175
569 244 -934
791 195 281
286 184 -402
176 647 714
402 307 544
595 775 -908
8 52 984
391 589 -848
422 502 115
674 142 688
259 120 -875
325 306 966
376 116 -790
171 635 -673
138 682 316
800 602 -209
173 51 911
57 617 330
237 450 6
516 158 -136
488 189 -156
510 463 -950
30 786 -206
51 252 88
318 251 -639
292 530 773
411 50 -225
652 192 -974
607 611 468
9 554 -422
154 610 -910
66 120 977
553 73 -62
170 796 27
480 347 247
470 278 -25
190 86 -919
460 91 967
382 184 -410
294 578 -470
571 792 -444
216 94 292
48 666 -368
40 317 538
755 392 -621
904 950
96 707 -200
501 601 74
891 234 -980
395 181 -393
449 776 -239
724 390 64
692 424 359
814 872 198
68 397 559
835 568 228
793 766 13
375 184 -277
780 14 647
693 493 -499
442 666 551
452 29 -314
87 268 -241
106 379 -378
18 490 -43
263 544 -191
689 17 334
151 871 -499
48 793 12
781 615 -403
594 644 -664
624 870 181
326 188 -322
805 525 -913
775 158 239
336 745 -763
70 887 748
90 293 405
773 143 793
231 286 497
420 73 182
374 606 -171
785 369 -79
597 697 -421
110 902 99
681 130 -572
196 393 407
780 836 725
773 342 569
306 72 -590
178 348 213
699 514 745
230 402 701
1 589 -307
38 53 -445
256 891 841
238 136 242
423 870 -609
281 898 -452
755 679 -525
669 78 198
627 429 950
303 286 571
221 640 933
362 47 161
642 124 -59
258 805 -801
705 589 -887
337 501 558
17 648 476
404 14 120
511 310 833
303 177 480
72 546 -16
113 831 -93
567 325 806
555 449 -580
878 87 -778
164 889 374
382 857 -179
881 307 851
795 509 922
655 766 576
512 205 -37
674 267 -782
371 150 658
517 696 -756
589 228 827
428 42 141
34 724 -782
343 118 543
759 135 2
56 181 589
639 127 697
888 152 -576
338 155 576
435 591 769
498 543 259
895 188 210
630 820 268
494 824 -335
775 250 89
154 106 829
763 28 559
743 284 672
22 749 -919
44 581 -330
196 885 -315
669 730 -427
516 897 -846
357 263 121
41 101 -782
345 371 -290
227 348 512
571 294 -61
496 638 -802
375 73 -159
596 383 404
30 814 -601
92 204 556
113 211 -346
342 349 558
763 140 -305
816 154 401
586 220 462
666 600 67
271 299 -23
685 143 835
545 849 -774
642 111 442
858 514 156
602 165 724
695 566 87
24 399 874
49 452 -597
18 358 581
653 802 853
447 56 354
378 606 777
904 93 -336
77 123 -80
710 316 708
817 717 -390
93 155 149
299 397 110
370 324 210
808 357 717
860 130 -931
152 601 -378
349 166 263
367 869 -896
566 382 -251
27 255 295
632 158 573
597 590 -265
583 252 174
595 56 868
261 244 328
407 567 -150
540 233 771
263 630 -809
167 887 669
599 473 568
511 275 284
414 32 -554
253 517 343
628 663 584
42 393 889
394 562 604
202 766 785
857 34 -51
349 151 723
829 130 -450
591 680 -994
288 55 -463
669 214 381
141 70 -732
51 822 316
616 303 536
52 396 294
818 820 -506
898 462 121
847 389 66
614 588 -895
167 34 302
474 107 957
591 758 -637
33 717 -467
817 347 105
61 468 385
624 108 282
229 3 307
75 121 -184
750 668 -808
565 15 20
175 72 -844
338 686 -119
277 44 439
618 894 243
9 718 -354
570 219 805
887 257 -84
578 422 -106
586 304 -339
659 184 572
296 847 -763
36 808 -855
239 224 -598
576 695 -485
344 808 340
473 288 -280
621 599 -127
633 78 -591
472 107 702
282 706 -984
144 899 -296
138 881 -257
377 240 34
694 127 696
298 478 -732
543 325 -383
266 380 -831
561 621 222
157 557 5
197 883 -308
106 379 499
753 268 -790
429 787 385
224 438 640
195 286 -987
260 55 872
799 835 -334
303 530 789
384 319 -805
14 113 754
798 119 266
164 94 997
399 116 -312
8 698 537
495 677 970
591 741 206
420 438 851
832 170 389
340 379 -724
147 318 137
675 235 503
453 553 18
72 755 -316
345 800 -823
491 799 271
262 621 -911
381 124 -596
660 168 -568
716 281 -390
604 819 182
874 824 745
396 339 -523
394 277 -158
38 760 591
136 735 431
572 522 618
109 822 -342
555 815 -916
110 277 -250
780 551 701
67 822 -795
307 344 -970
92 835 629
674 406 -66
177 720 -630
322 770 997
110 49 609
307 639 -713
447 685 -8
96 767 -432
196 481 -156
501 142 -324
723 109 690
752 722 183
39 534 -314
425 91 260
132 605 -366
653 663 911
840 452 424
198 173 448
768 749 896
875 471 246
792 51 -852
726 520 -127
534 729 -740
467 282 86
779 207 -186
796 889 855
587 95 931
438 754 540
761 289 -193
823 809 854
81 878 -562
282 332 978
790 86 844
450 373 134
45 821 872
435 304 -586
635 426 -513
362 764 -92
520 156 126
518 380 809
494 390 -231
832 481 -650
789 323 -964
528 279 803
155 893 712
478 645 -380
479 399 48
877 476 -724
545 467 -746
336 683 -995
260 99 491
221 756 -499
202 655 -474
394 116 -682
719 173 -785
550 842 548
309 670 14
592 355 446
95 829 -926
669 754 14
753 148 583
308 77 983
669 313 -112
411 323 -555
781 192 525
375 395 -753
51 177 -518
745 572 118
133 811 852
375 399 28
95 223 -418
521 720 -45
876 846 783
109 632 -722
295 499 726
326 176 959
31 91 -119
556 478 307
287 161 90
274 171 -473
745 447 -668
133 622 -802
496 404 898
897 210 -699
254 583 -434
720 451 -349
658 22 821
302 278 -140
823 55 218
883 126 880
34 461 751
742 838 479
27 840 517
683 749 -543
187 13 -22
13 417 82
45 567 -375
690 636 477
294 468 -427
507 366 329
672 654 259
722 768 470
125 53 -642
539 683 255
530 61 23
144 424 -157
660 705 885
647 21 -772
719 385 635
702 412 425
259 5 801
410 737 465
200 438 -629
769 205 -17
623 144 626
809 26 48
591 714 -991
478 1 -286
724 13 -945
45 425 523
523 613 110
431 559 -10
228 25 -745
401 870 526
742 409 428
752 274 134
41 633 437
157 411 224
445 558 628
836 119 -55
743 177 -206
370 625 -546
860 47 38
458 249 -478
41 83 -352
638 473 -414
128 22 898
168 865 6
711 713 966
736 826 515
801 883 -704
136 830 456
142 405 522
172 526 315
536 99 -349
895 456 424
175 547 -850
686 636 383
67 219 -834
157 110 134
243 232 252
804 551 657
738 523 -581
11 667 23
787 23 558
791 526 413
824 326 303
717 588 -109
33 598 -92
190 303 390
653 766 -888
227 117 938
180 834 192
618 593 655
542 647 478
457 281 943
797 401 -741
213 194 742
129 5 494
155 613 -79
325 234 -617
783 679 -937
32 144 19
159 690 -305
887 564 600
152 564 406
421 549 -560
640 155 -163
518 368 628
231 273 928
581 479 -194
848 52 -948
266 77 -177
175 116 -452
580 870 -526
487 273 16
875 386 -147
203 798 200
362 134 -694
295 388 -661
267 130 -702
535 740 814
505 707 116
110 112 961
118 149 441
776 77 -798
807 495 -603
714 186 -536
755 676 -69
571 395 -489
527 617 911
770 371 391
691 645 -367
428 250 -238
799 860 902
811 836 544
766 56 602
429 825 -337
30 115 -410
163 497 -213
703 302 -463
357 441 948
727 647 409
886 565 473
602 538 544
309 281 529
284 661 902
81 667 -197
527 514 -428
802 178 -812
297 648 815
186 430 870
900 727 -6
483 298 252
623 774 255
415 804 -220
322 866 802
486 738 437
593 67 -690
187 101 860
447 518 -642
392 413 -106
703 680 -14
49 763 759
554 416 -300
485 720 -114
372 880 215
503 894 393
367 823 -877
459 815 -464
22 490 -861
393 427 -682
325 630 -479
458 283 -523
543 116 944
543 168 898
115 412 -931
496 481 -887
213 639 575
855 424 891
43 86 572
655 493 -78
550 821 -996
380 800 674
870 158 3
258 254 632
183 468 374
129 694 976
730 561 -150
243 872 354
565 672 231
871 342 837
661 734 -801
422 849 500
394 588 140
483 37 -705
794 603 237
335 87 -260
194 22 606
79 731 -525
513 137 -355
808 183 95
258 137 -276
35 51 -153
899 52 -881
433 767 577
451 145 518
311 777 -973
160 656 617
561 467 612
643 276 478
514 588 378
726 229 -712
828 398 -532
333 526 421
58 760 -460
480 881 559
199 654 641
467 731 -749
484 100 302
354 256 25
557 698 -593
68 734 -752
674 332 -15
706 482 -916
799 147 -517
271 413 -94
607 586 925
674 352 587
543 471 -332
824 238 -49
3 620 544
545 862 -414
837 337 -751
521 433 -694
117 22 690
377 791 -822
404 86 -515
332 43 437
506 867 350
674 812 -976
180 398 -819
832 444 -813
356 440 -612
898 343 -771
107 490 814
542 209 -829
169 720 -796
601 179 -37
814 231 -305
855 691 127
122 532 -501
605 656 -146
683 626 -833
95 824 687
560 507 -72
267 898 -859
163 115 851
344 623 -686
740 122 -436
297 461 229
769 295 -417
679 764 -229
682 605 401
725 71 -659
808 135 351
103 810 -554
847 854 485
600 358 665
308 325 403
519 225 90
295 83 -882
201 790 -913
398 649 -504
399 187 679
665 788 -847
361 549 -437
203 64 578
893 727 959
483 38 381
206 260 -856
750 231 384
714 709 -315
575 279 -152
782 257 113
205 200 471
852 685 -240
578 353 765
245 266 -171
738 200 -830
106 486 58
657 774 909
462 669 -42
358 2 -920
705 359 -515
510 227 616
242 798 758
810 397 134
725 639 -707
380 438 -840
849 117 546
163 396 140
526 352 166
2 641 -252
688 732 -391
728 567 670
762 15 -928
30 730 -734
343 897 -606
698 425 -82
40 652 -852
704 739 -796
548 621 548
388 133 -285
491 450 -345
844 370 966
28 163 140
881 206 -703
759 126 -111
517 310 -70
447 245 -895
654 233 561
588 626 -229
317 236 986
688 801 -637
697 707 301
700 523 264
744 486 -567
719 259 44
414 841 885
465 186 -698
663 311 -732
40 569 17
600 52 884
350 526 549
384 449 267
657 271 898
546 896 274
677 269 -400
901 107 -800
9 622 46
229 865 -862
194 65 320
787 693 -184
873 565 259
588 474 487
164 902 513
409 458 271
509 512 667
200 818 -947
554 848 -641
142 289 924
358 692 -346
339 396 659
413 621 695
524 17 -895
408 750 -373
804 808 660
304 688 11
622 311 350
734 719 -803
737 710 -335
760 795 -463
229 207 457
231 803 519
338 634 434
881 52 -763
196 658 -717
203 688 140
829 794 669
735 281 -772
686 9 -298
748 338 -70
503 829 704
190 486 846
107 400 -388
411 235 -413
625 861 -97
287 79 -94
774 242 803
100 246 755
665 467 -835
452 689 683
233 297 503
545 280 137
231 708 -15
844 326 467
745 274 -8
769 29 -870
136 727 -457
882 183 -630
441 860 747
781 749 125
787 149 -496
435 604 372
555 399 -285
333 851 180
810 190 -729
511 838 -901
384 705 -428
881 563 475
240 145 -996
865 542 95
398 723 832
404 621 867
853 441 -162
630 361 545
512 502 -81
594 577 709
85 802 -618
692 696 850
281 850 743
407 123 921
617 430 -736
156 287 15
291 433 157
667 458 -219
164 113 -943
814 506 13
646 399 60
129 873 890
206 443 842
874 52 6
672 426 -330
109 237 301
282 60 -731
428 86 -550
856 895 -940
850 739 -675
308 368 436
699 182 758
282 729 -928
577 337 917
115 658 817
150 28 -181
441 232 -190
83 535 -626
809 26 -66
137 309 119
111 373 -639
477 382 890
506 468 784
270 115 -737
120 873 -875
529 862 646
351 400 -140
356 359 -349
472 15 920
213 143 -502
311 900 268
892 365 -773
512 206 -637
712 618 814
542 857 196
628 879 495
455 170 -822
86 882 221
841 62 259
452 738 -543
625 320 -733
19 784 -438
642 593 224
418 862 -645
637 248 844
853 894 -311
186 557 252
588 583 -70
765 658 857
769 142 280
505 194 -278
690 357 -68
828 719 730
318 815 -525
636 593 -628
532 608 708
391 492 -155
538 568 -866
266 616 76
745 815 68
423 273 -954
487 893 -659
881 383 -140
526 894 606
149 514 536
679 476 -583
781 81 871
635 97 -897
477 762 -709
901 530 -519
1 159 519
810 876 -78
726 135 198
536 521 536
657 158 803
88 668 -123
638 222 126
109 814 -548
473 550 199
382 733 -716
845 826 908
801 385 850
7 233 193
500 338 -646
118 20 -40
96 33 788
456 290 -439
624 524 -260
685 790 888
558 653 -851
37 58 -195
904 238 -647
666 433 -115
489 247 270
610 201 419
258 108 -3
189 3 545
489 291 -722
188 563 -122
718 188 347
696 839 -741
229 763 -192
373 865 427
451 266 -458
400 750 -748
396 691 -161
370 159 16
165 459 -416
450 740 -607
814 122 -126
180 479 -920
32 2 -218
851 794 -582
841 514 -669
538 467 606
57 377 -520
617 77 4
814 207 459
539 739 855
519 592 -231
447 403 -321
571 765 -741
216 575 -397
620 91 -204
189 393 -852
787 50 -270
415 332 -163
169 880 -189
77 296 637
755 732 -194
852 98 -108
110 148 160
177 827 316
10 96 484
871 571 -486
553 625 -457
381 624 518
557 571 -40
598 603 -720
779 205 -292
819 530 -349
272 283 542
35 617 164
568 780 233
211 288 -648
97 157 186
758 474 -183
357 193 -162
323 258 204
85 294 597
89 11 875
265 327 978
202 398 -388
891 704 -859
449 205 353
190 19 -485
636 3 92
869 506 -539
239 278 165
747 881 -34
294 1 116
642 458 677
20 111 -322
420 424 886
671 641 991
379 415 -172
87 533 646
124 586 -243
34 17 -365
543 38 -279
884 253 490
236 34 -611
252 188 768
229 853 395
228 709 49
228 833 731
443 746 -225
379 544 -868
869 625 -338
836 741 841
644 850 -683
373 439 728
835 860 -903
656 501 -401
800 121 -159
33 558 -507
487 528 -909
675 779 719
543 843 -584
28 182 -603
449 135 -255
273 841 -727
505 611 -240
379 872 -442
805 824 830
35 607 889
388 309 514
531 160 -972
736 756 605
783 646 -173
860 973
683 233 -378
335 18 -19
424 714 -205
383 216 -940
711 526 -387
668 168 -674
507 497 923
747 32 -943
779 618 -392
814 218 137
506 798 995
167 251 148
395 856 520
211 142 -719
705 34 -962
232 179 -103
165 388 -933
512 57 -729
739 579 557
41 306 504
733 261 678
626 50 -363
117 527 253
694 178 -250
143 747 -123
792 474 -250
665 150 -831
347 548 -575
663 761 518
231 278 -406
833 363 515
271 250 919
450 60 126
791 172 -428
859 737 -486
751 629 -61
365 605 -47
204 234 978
453 505 705
70 560 937
87 497 821
366 109 792
753 745 252
238 22 -233
313 201 -546
858 580 -995
854 493 181
265 232 59
818 38 67
777 439 -184
213 187 217
439 409 756
709 769 -565
72 332 -329
328 379 450
398 722 -560
449 309 -341
129 145 546
390 77 -828
162 353 455
849 161 857
58 486 95
337 615 181
392 243 270
151 190 357
418 495 595
557 189 -373
273 489 958
67 147 -4
581 293 901
820 605 666
499 680 -545
362 183 -84
826 401 588
437 53 -498
438 742 -93
169 438 900
512 577 41
237 758 -38
70 395 -911
757 671 879
547 739 -52
842 677 856
437 719 -329
319 321 -257
7 328 55
376 634 -762
569 285 427
728 343 507
469 401 -911
459 529 922
775 172 -647
52 713 76
234 300 -905
87 544 -944
172 140 101
641 695 -934
575 170 -986
601 81 826
148 286 864
709 684 -270
723 383 40
2 791 724
545 713 187
126 298 -251
133 675 378
184 253 320
488 536 -801
704 443 503
207 301 315
189 305 -617
850 245 -757
584 132 796
52 357 340
450 568 -521
565 824 -7
482 774 -924
724 14 28
819 190 -945
629 536 -400
540 307 -268
163 289 -914
580 125 -498
767 808 -895
62 155 700
50 245 129
602 241 -692
429 191 -991
114 668 -428
599 163 353
402 311 -661
851 490 111
391 385 -823
763 346 -977
734 239 -859
322 20 -977
76 352 -204
386 240 -923
359 748 -389
75 506 -224
485 309 811
357 63 759
772 837 -795
659 612 232
753 766 -281
782 365 180
581 840 736
254 479 730
259 508 -1
666 357 619
110 548 229
590 690 -520
721 471 -185
576 88 902
187 775 -598
693 75 904
99 682 -114
641 313 892
89 102 916
373 351 -800
513 296 316
571 101 -962
110 315 290
488 684 426
749 144 230
201 413 256
667 646 615
831 725 896
776 204 21
317 790 516
402 433 -60
662 85 -568
214 238 955
36 854 199
527 746 315
527 195 -504
154 76 -885
602 558 215
848 542 -254
557 281 -432
17 440 -419
615 448 941
104 89 733
441 28 -100
58 191 772
333 629 815
843 150 758
379 198 663
321 803 352
127 573 595
711 465 602
380 463 472
173 250 213
160 293 548
715 761 -140
80 398 -221
296 273 379
61 490 742
450 378 -432
143 446 613
269 461 -876
59 99 -656
303 463 424
550 646 990
689 543 -706
564 527 254
372 383 -744
520 599 286
559 407 598
441 115 875
30 8 -783
428 815 479
856 13 926
120 651 516
350 229 979
184 612 226
441 113 329
298 263 -165
523 463 -937
346 286 270
355 25 -841
351 765 -864
16 417 -908
358 12 -273
137 236 559
787 817 839
668 479 -371
490 461 -308
304 859 693
603 449 597
680 762 544
437 328 430
657 700 -463
402 111 396
752 687 613
150 554 -487
423 227 -874
135 758 -518
386 539 -493
626 7 -250
653 607 -575
657 821 -325
855 1 -459
214 458 795
806 423 398
357 478 -921
144 276 759
531 198 -468
742 619 296
778 416 474
777 809 607
150 621 710
538 592 -351
389 768 669
776 728 -123
830 368 411
416 295 912
45 745 345
481 123 -556
341 601 -849
481 500 764
382 16 -824
185 609 54
43 222 -696
476 175 898
519 391 339
178 99 4
540 710 -26
847 371 -429
226 695 -427
80 139 -528
810 618 258
480 710 755
571 759 618
804 662 784
539 267 837
12 627 -327
511 159 474
300 21 834
335 130 997
758 634 -714
763 669 -157
281 72 -44
362 503 -779
186 95 59
474 337 684
636 583 603
641 55 -141
552 269 906
625 512 -905
721 109 337
66 442 -223
38 179 865
655 233 -100
26 762 356
4 774 514
180 89 -835
651 384 544
22 497 -982
436 67 336
849 399 -226
341 788 848
611 631 -75
842 719 468
509 381 720
412 123 -468
548 703 731
608 483 -766
468 484 -380
330 242 -399
344 589 -571
59 719 544
744 716 -89
518 716 -516
545 47 -727
796 596 -396
456 1 187
185 219 240
661 4 -201
775 427 -999
308 628 524
380 743 304
681 468 -517
520 241 790
763 578 847
107 261 -887
205 859 995
656 496 -176
691 249 287
532 703 176
257 28 -946
670 380 267
271 472 993
380 851 778
310 181 -973
775 592 953
538 583 -20
225 422 -785
622 768 521
703 122 305
653 808 -764
208 807 -244
502 62 -708
135 748 -226
60 764 819
514 196 448
588 778 660
380 776 -724
509 48 -125
577 529 -147
703 558 465
22 51 1000
804 604 601
248 19 463
216 813 890
409 859 826
543 224 753
34 123 -67
618 543 -728
346 450 372
103 57 528
703 403 -143
703 219 -154
162 141 -128
660 175 83
407 359 750
510 845 -256
606 25 -533
827 486 -669
853 291 -271
468 567 -174
98 267 971
444 628 -751
13 746 -631
342 190 201
717 285 -655
112 53 153
519 542 321
385 398 -962
403 410 18
369 762 -362
56 362 804
714 113 756
290 133 -312
626 289 -959
842 638 553
230 702 -154
676 134 162
611 740 904
205 3 139
729 198 -474
282 227 -396
305 647 421
685 258 489
278 154 867
461 93 34
83 35 112
591 73 -93
321 669 -210
604 366 513
755 315 -713
142 68 -519
392 422 -804
492 829 -278
779 184 47
532 28 -335
71 638 -650
352 685 -103
102 326 473
340 105 -75
199 345 -67
509 378 449
759 273 -9
819 808 402
395 630 -410
502 651 -170
44 54 242
453 484 -128
252 211 -132
813 162 97
528 164 990
310 329 -655
381 159 -731
324 9 -60
631 540 -467
412 105 400
396 72 -706
192 644 -887
838 291 -664
649 186 683
740 21 232
319 440 -454
206 647 745
751 757 -716
704 492 -573
572 389 415
313 828 -41
490 806 197
467 410 405
511 55 746
280 318 -665
797 466 364
720 564 236
318 64 -881
744 402 -467
823 513 -495
364 516 -231
300 562 -91
708 520 859
243 180 797
831 666 -783
568 115 -991
625 491 -562
663 122 -809
523 79 -493
750 747 152
241 577 -14
664 661 481
532 562 793
103 221 -603
411 291 216
533 321 -856
666 207 520
436 525 575
683 264 62
715 755 -628
245 303 -705
290 403 887
691 745 -379
18 703 519
226 305 459
215 115 -911
360 62 252
842 829 -427
248 20 453
854 809 463
763 614 -399
197 562 -801
344 316 873
229 504 332
737 82 408
327 352 -142
552 237 185
636 714 -330
394 210 -293
516 158 -218
25 330 -283
52 771 863
224 472 159
233 740 -184
348 202 592
172 717 113
367 325 741
86 711 829
847 22 -622
143 269 -626
600 246 698
819 201 -447
414 564 -360
614 697 -446
477 357 446
315 302 537
220 348 -966
262 493 -518
723 456 -448
65 111 -875
208 642 -240
588 727 757
828 338 -671
474 136 -211
393 345 310
519 114 706
372 841 175
501 602 -620
795 201 868
442 623 -130
785 468 -925
731 152 -537
767 760 658
776 261 62
509 82 90
310 775 170
201 640 879
687 495 317
729 477 874
369 200 231
125 215 493
162 419 -696
802 467 31
570 140 -727
272 8 -941
591 527 341
5 554 650
322 711 -953
42 842 198
38 378 893
729 139 766
355 178 956
716 41 624
213 123 -155
598 579 215
809 451 217
117 333 -5
494 203 872
22 99 998
455 203 464
550 667 993
631 580 853
825 186 -223
341 592 913
276 532 785
319 317 -195
560 285 79
820 798 -963
546 495 84
138 235 366
266 561 -209
740 331 606
556 770 455
806 502 -447
373 660 115
698 746 282
660 412 836
479 626 -933
618 722 791
784 367 -364
775 218 415
619 622 -335
264 619 -412
104 273 483
431 250 -795
596 603 136
628 144 924
598 529 -991
138 80 -790
599 119 -681
746 68 301
798 508 -604
349 29 -802
527 486 -513
54 703 758
848 483 579
254 585 493
850 340 -982
373 504 488
379 859 -36
770 689 744
136 36 -348
412 370 -877
12 424 -231
262 93 457
741 31 -6
628 564 443
72 381 -735
33 457 408
295 619 267
282 564 114
186 140 -872
116 345 -605
51 367 -325
784 186 83
507 628 -941
706 663 324
781 809 -781
703 642 -905
253 719 619
777 324 829
443 121 877
396 824 -294
128 847 -927
266 268 922
405 679 700
60 767 86
537 333 456
427 310 313
322 513 -309
628 779 114
296 81 -397
294 209 -987
339 297 150
583 76 -979
411 578 -706
163 99 892
27 107 308
280 269 288
89 449 706
203 72 -264
85 316 933
521 439 71
670 216 -436
205 844 430
728 192 819
567 134 30
755 256 157
828 302 -209
299 752 -192
577 15 -203
375 615 -883
564 500 884
340 708 -499
515 801 -26
518 409 140
356 141 324
85 418 -539
823 265 -283
543 186 -109
826 845 115
406 742 -20
331 504 894
329 107 -126
145 732 156
671 3 -348
536 22 835
240 487 186
256 68 -158
382 466 -256
208 279 -190
455 537 362
425 130 602
192 149 -739
222 64 969
265 243 2
110 246 888
582 400 153
246 504 822
772 242 667
60 365 180
328 601 228
524 474 -716
558 404 778
119 568 -228
614 359 -1000
615 230 -223
388 290 373
46 335 41
121 460 -494
626 780 926
703 125 602
286 313 419
678 366 -111
440 705 -464
342 591 26
260 787 -269
773 798 969
737 716 951
257 645 667
136 793 -554
588 97 597
559 148 -185
784 427 983
543 698 -234
697 377 278
547 174 -136
502 287 192
521 390 -129
647 3 -764
435 150 -723
276 693 823
162 82 152
572 498 972
245 437 -647
248 237 851
676 595 290
75 343 -824
256 22 527
96 198 932
10 145 -207
522 614 801
770 44 -316
796 626 865
413 240 -44
524 56 -709
84 114 198
675 199 229
410 399 444
632 696 -914
859 334 577
414 137 950
654 301 -751
730 461 -857
168 237 297
470 659 120
299 832 239
108 258 -493
11 550 -261
545 326 933
583 3 -9
120 662 -753
296 725 985
158 556 -567
814 193 -417
701 417 535
547 190 -816
684 594 117
279 615 810
43 301 -87
262 304 -202
546 598 776
140 104 -713
835 590 613
78 370 216
394 826 -91
228 98 -528
616 38 515
494 31 883
193 756 312
493 576 -685
625 839 714
183 803 -709
55 209 -14
832 621 -668
22 720 -594
211 565 349
589 33 -296
832 153 -61
90 654 -191
21 737 477
255 545 -345
605 165 20
252 493 770
143 435 -212
403 751 -867
362 621 -83
524 836 137
534 30 -569
41 274 762
425 429 876
250 825 310
693 475 688
733 343 -735
361 717 -890
122 641 -945
750 20 194
538 771 -548
167 514 -566
646 35 -231
106 20 169
90 642 -875
254 696 -96
693 217 -195
741 543 418
508 534 773
748 450 60
439 502 348
685 193 681
716 369 -463
29 737 500
525 560 -279
201 437 304
346 553 415
98 317 736
147 583 428
436 431 650
17 287 -979
788 761 -231
539 489 -171
735 560 773
692 534 254
717 348 31
98 86 -157
32 13 -972
368 402 956
139 545 173
750 768 -39
118 186 -889
447 453 -652
252 580 63
434 739 888
438 755 867
834 810 522
291 795 -788
319 712 -736
762 56 942
214 361 -888
679 669 -76
713 239 -163
817 362 -933
511 125 407
411 10 -539
292 776 -434
474 448 543
159 351 -168
322 620 -482
87 389 -304
94 803 884
254 4 -537
634 294 -266
127 618 126
657 843 -136
274 171 890
570 327 -731
581 848 186
746 279 746
571 711 -53
30 116 -264
11 207 417
676 52 472
397 709 -980
753 506 90
627 852 -118
739 197 -869
574 684 -62
264 763 -345
657 721 -971
236 569 174
139 760 18
53 141 -535
175 369 917
99 637 -308
858 81 -573
225 579 -522
370 755 356
851 406 -288
344 593 309
84 491 -132
125 398 -441
710 820 -34
317 609 680
312 842 -344
260 568 -394
335 810 867
351 384 -930
76 736 -341
782 130 371
810 240 -364
533 768 -547
287 750 588
546 247 757
369 276 860
695 324 703
553 765 801
810 298 904
407 151 -880
723 227 961
702 233 291
303 811 -483
384 68 -308
618 767 -92
820 749 -307
365 523 -830
336 8 85
353 465 -378
452 345 567
572 793 -122
42 820 488
71 642 545
812 378 -821
703 676 -916
188 716 368
235 721 353
283 389 -362
257 343 -433
286 797 -91
792 473 -6
507 623 753
304 723 443
310 544 749
852 201 143
523 838 641
481 596 -237
768 106 869
718 558 592
218 780 59
175 599 792
577 389 -102
494 792 956
443 267 157
109 433 -508
770 714 411
498 253 -318
384 524 -344
363 534 948
306 853 474
769 574 846
654 467 481
788 591 -638
440 144 420
441 446 778
678 142 151
585 549 199
184 267 -317
209 760 757
233 232 959
457 342 423
775 267 990
548 228 -775
670 307 -675
281 610 971
651 534 -692
284 107 -257
196 490 -819
781 585 -639
575 498 28
399 91 707
87 202 -48
540 602 536
376 34 645
661 753 -210
223 464 950
357 781 -236
769 405 -1000
642 601 -54
636 92 -868
677 792 996
314 52 -750
612 387 -917
339 505 -925
102 251 267
344 175 692
407 603 -398
453 13 295
25 388 -46
276 598 -878
3 377 957
514 474 258
832 605 2
853 238 261
256 791 -55
367 730 -381
208 375 413
343 8 5
347 613 531
587 528 -616
651 112 35
222 694 97
7 247 -432
73 859 -928
662 612 -877
189 757 -939
544 431 -553
550 252 237
89 807 -843
543 498 715
804 836
430 277 969
436 287 -321
618 678 412
424 317 301
538 478 -651
747 30 191
34 116 -523
738 599 -133
672 274 -216
495 471 974
411 417 -286
100 433 -531
769 782 -777
123 503 -100
585 423 107
307 516 23
78 506 218
213 123 -679
399 440 -261
445 482 -711
449 209 -870
392 172 653
272 171 -69
120 564 -909
294 793 -15
725 373 -464
196 413 -912
109 240 513
302 754 242
323 153 -589
618 433 -595
732 334 91
493 716 181
587 524 -854
801 417 -603
247 424 871
359 281 -200
68 297 995
614 71 -214
6 207 537
300 688 -848
258 292 699
170 158 -370
532 704 -172
443 203 -700
413 229 104
251 351 90
253 657 -32
222 418 621
554 603 -427
747 658 -467
1 525 -357
27 544 -948
416 729 92
222 660 -9
582 716 181
75 468 -925
257 201 975
135 421 66
393 373 -330
384 436 -239
92 484 -408
383 189 961
791 54 -111
431 195 -385
89 756 -250
194 350 72
343 593 -870
214 668 64
41 223 423
691 555 -13
762 444 648
33 769 161
280 451 -791
395 157 660
352 626 -713
544 527 -477
162 574 901
386 252 -464
373 147 -917
776 398 466
478 719 901
43 326 281
205 109 -675
71 681 -439
36 286 -449
688 21 897
541 617 545
712 719 -450
801 334 531
774 562 -919
228 258 198
142 669 -666
100 368 374
273 582 912
476 161 157
221 151 -801
797 779 673
400 456 184
9 272 -135
540 450 245
105 396 -157
106 350 -941
232 702 522
55 519 -361
285 44 -809
407 19 195
353 544 -123
151 737 -379
33 558 -671
583 685 275
561 801 -513
369 655 60
484 37 -138
367 194 -287
699 616 637
240 333 -735
589 551 -581
593 186 -370
451 77 19
561 256 485
427 629 -163
553 733 -983
273 310 462
388 425 427
449 283 618
91 522 218
642 733 -63
597 646 724
82 30 21
770 510 119
389 784 179
631 233 -928
143 607 143
361 632 -107
48 536 201
601 767 -705
225 366 -289
54 371 -470
324 183 43
660 236 986
86 262 169
708 672 -369
654 717 655
462 73 626
803 707 -271
95 161 -697
126 119 -817
323 601 185
225 532 747
163 519 -17
730 434 -273
398 444 217
53 633 -81
512 242 -80
450 455 872
430 283 -138
731 772 212
726 605 377
130 668 -891
414 382 544
77 161 287
426 169 -108
199 565 -526
734 798 437
534 518 893
442 19 381
378 380 -967
637 102 102
124 435 507
3 221 -648
644 774 891
189 466 445
379 325 -851
660 473 -969
761 560 144
214 556 -837
155 280 -571
681 122 -540
162 188 -896
345 112 -422
175 356 601
759 181 -941
308 114 -587
743 191 100
275 53 -588
277 427 88
534 234 -180
440 233 62
316 464 304
364 513 -130
655 601 427
207 133 -808
136 196 -449
620 67 -899
722 558 853
651 29 430
513 286 -113
786 15 958
518 134 -882
423 441 290
595 307 -311
104 773 521
700 134 -347
347 440 -530
215 769 967
516 760 -440
688 100 10
304 665 -833
713 776 684
92 35 -858
642 506 -95
288 489 58
581 438 473
167 323 311
798 804 525
770 6 -408
633 402 461
515 745 526
108 646 670
467 324 -358
432 605 -687
264 225 142
371 220 -684
683 118 -125
104 434 922
16 307 380
650 221 357
460 458 537
463 389 778
116 731 727
105 258 -358
103 152 -923
50 349 225
745 737 -341
516 232 304
471 49 -881
598 356 169
247 508 -811
445 796 850
454 72 -986
255 316 276
768 467 -855
294 6 -684
236 19 -696
663 605 -398
510 216 -626
149 150 -946
369 544 -273
675 774 -806
49 226 -944
550 769 -507
543 220 -859
72 691 473
371 499 483
693 500 946
243 27 760
567 133 556
95 36 892
688 505 331
774 487 -341
418 130 -562
549 355 601
580 139 -815
214 617 -897
538 5 367
431 76 -433
109 489 -85
34 690 481
147 180 -763
271 40 -521
617 162 633
318 587 661
40 312 -413
389 231 -762
559 331 -34
13 69 339
714 728 398
772 783 -963
126 687 556
257 793 -156
709 591 409
419 121 -392
291 236 -786
212 731 -41
628 554 -166
673 774 -414
530 651 12
619 606 -334
303 786 989
245 101 454
677 642 -246
463 59 793
211 606 -419
492 584 -151
742 685 425
334 145 -385
350 46 649
379 644 350
497 308 772
773 661 -940
5 319 528
129 517 481
182 46 256
209 241 -799
182 434 -137
257 127 480
802 569 572
8 206 508
431 413 527
504 779 -482
268 37 691
520 747 -776
719 634 -281
50 791 -739
361 579 323
84 598 -658
6 515 151
730 115 208
774 507 370
760 579 -427
521 727 -26
120 459 -714
756 658 188
63 709 800
225 101 -629
772 82 -210
769 437 863
221 501 233
542 31 -487
193 18 731
297 200 -352
777 85 332
219 754 -898
353 118 572
463 312 -270
95 622 -688
631 595 540
438 575 -284
672 325 -25
215 256 -516
354 148 423
403 67 256
342 106 -288
438 509 39
301 458 560
62 644 284
269 773 -359
263 217 -628
244 404 769
467 288 165
741 595 351
725 287 -671
124 643 598
295 580 -852
90 96 262
612 158 775
300 747 -930
749 392 393
794 66 679
299 596 -770
703 646 816
682 80 325
221 643 805
489 504 86
768 108 -671
153 512 -422
150 346 -478
428 554 -498
798 402 553
728 430 152
452 61 -607
43 148 425
642 757 -427
701 669 812
15 57 -863
587 139 -731
703 160 954
593 689 799
123 447 -719
395 726 583
455 422 621
381 161 945
23 592 150
725 95 984
758 548 715
473 675 -264
233 337 688
108 676 -600
401 725 192
455 140 180
154 516 -205
646 408 -426
497 704 -364
172 378 -817
779 326 -65
468 648 -545
768 417 -93
496 43 181
520 469 -403
226 386 945
707 203 -696
638 679 -615
724 450 -128
420 413 486
397 718 785
363 412 -583
63 635 701
504 420 996
276 768 61
754 664 -400
29 245 456
82 316 126
556 418 -753
294 280 520
118 59 240
298 444 26
309 402 556
628 370 854
660 652 268
798 229 -268
760 169 -207
497 116 -519
683 139 484
541 340 -679
331 369 413
449 798 293
243 159 482
745 386 -355
306 683 879
271 616 -820
10 692 438
356 23 -980
746 24 140
284 595 -627
654 90 -719
472 604 235
772 731 613
445 109 497
788 619 778
122 71 -756
490 302 -198
548 62 -755
65 433 496
768 604 -309
622 374 -921
459 651 467
553 734 -75
254 120 -388
429 424 -395
131 283 201
219 398 -623
408 125 -647
124 503 -581
500 561 891
15 448 -510
43 682 -689
316 320 539
48 454 616
731 326 -141
630 425 463
139 301 545
728 634 -112
789 299 -853
710 517 -289
540 264 -329
317 505 183
605 396 949
514 730 934
586 405 -658
784 614 -738
632 29 -686
178 205 548
436 18 305
324 452 -611
454 765 552
686 243 -811
364 76 -827
511 192 21
710 701 288
704 566 -87
667 213 400
352 758 -723
729 22 -287
390 261 933
588 666 435
140 146 800
366 71 799
277 342 697
376 477 331
610 594 306
67 488 -327
697 588 -618
594 311 508
27 313 -444
119 241 -807
647 178 710
722 770 -321
528 391 382
662 136 -572
397 606 -932
109 395 448
247 11 -380
607 760 24
457 503 -68
169 155 864
659 420 177
100 554 -815
442 155 941
341 464 -366
478 307 -745
601 493 424
739 302 -748
368 437 -886
346 142 -838
681 165 30
754 1 206
802 112 -742
664 64 74
444 724 -805
661 246 -429
645 418 -996
466 408 384
10 717 841
754 611 -14
249 362 -843
238 347 12
198 525 637
212 160 627
240 349 -605
148 340 -518
506 319 -844
121 691 -175
574 250 175
296 529 -915
229 429 -327
774 208 373
633 674 531
377 224 -312
800 134 43
645 181 21
780 755 -372
172 456 496
530 332 -565
601 604 -767
550 125 651
265 724 -753
9 59 465
79 84 547
105 611 370
618 313 -509
696 479 -100
30 359 -512
303 395 -355
137 716 -693
415 99 502
661 307 -350
685 46 56
710 626 583
668 264 276
90 413 884
457 728 -928
145 151 -301
496 787 -443
138 332 127
591 702 -601
715 378 -503
38 595 274
719 366 798
259 612 197
679 461 -473
224 293 -38
407 229 938
763 6 981
599 612 582
625 675 -398
607 764 -37
356 632 -156
93 147 -707
470 338 -505
237 753 -758
126 759 -335
707 364 -410
312 190 364
52 393 -653
12 452 -734
196 103 928
149 722 -998
576 106 -245
486 421 -154
673 477 53
479 617 399
41 541 486
224 440 442
693 464 797
615 61 -110
708 588 563
289 167 -254
355 424 -712
572 628 352
708 15 -300
788 143 -81
92 523 -262
526 345 -773
8 111 813
397 563 -99
231 158 662
655 315 -330
171 495 567
777 159 539
429 233 -335
37 185 -306
491 427 434
568 709 -852
744 375 -359
386 488 221
645 54 -444
701 596 -223
349 470 -657
339 638 432
558 656 -803
219 558 -75
641 27 -599
497 678 806
291 254 233
772 97 814
544 531 896
758 804 316
589 662 -883
189 119 -290
248 429 578
554 571 -784
482 278 235
655 449 656
54 669 -649
422 676 64
185 24 417
706 524 -302
250 602 -702
746 359 736
91 673 939
701 711 -954
621 721 -795
601 640 -259
188 618 -493
25 509 -16
162 378 -233
686 387 -685
456 206 -689
463 11 -510
517 120 613
757 725 449
515 716 62
193 337 -84
715 603 -691
160 115 971
187 643 -461
128 89 -421
307 173 -291
314 739 -960
455 354 -48
479 322 380
775 394 782
617 11 -246
176 670 -600
51 623 926
730 347 581
204 420 532
471 296 670
800 33 409
701 42 844
265 781 -350
339 630 -453
33 53 -401
205 668 981
793 303 -617
181 211 56
686 426 249
426 582 698
738 182 -965
60 432 632
449 540 703
205 435 -588
45 284 -24
389 644 68
792 165 912
753 582 286
331 677 -370
419 645 767
173 72 245
557 636 -876
638 595 -371
52 641 544
509 607 -904
642 18 341
337 5 -556
425 282 -695
263 439 234
688 654 -425
128 294 -749
171 449 290
647 100 -332
264 326 278
124 236 -219
97 550 740
481 111 -972
331 288 -99
109 756 451
305 620 -688
325 109 -604
183 152 288
512 77 -23
718 162 -657
669 45 -897
270 786 -166
561 432 -90
434 277 713
423 608 397
269 302 856
394 194 894
620 265 -208
358 154 630
296 371 -606
317 420 -785
76 91 501
79 440 513
457 285 655
13 140 569
550 251 231
357 13 -151
519 776 -424
523 271 342
508 307 -395
349 351 633
758 179 -75
493 771 639
447 665 432
506 747 -578
506 294 535
576 17 -227
759 652 929
285 262 336
581 639 826
407 597 -4
341 703 661
219 148 -891
522 434 463
319 77 -460
163 11 -972
317 307 -992
118 720 -208
106 737 310
70 126 692
293 728 -512
119 801 942
458 605 -650
428 416 -687
278 422 -60
294 506 267
83 777 332
570 751 -764
131 576 97
708 49 12
464 384 -324
110 158 -813
524 405 893
459 300 486
215 265 -854
24 5 -758
703 344 745
597 221 -347
390 307 923
372 212 -622
801 380 -140
13 676 -765
457 263 742
80 773 -848
793 423 537
514 560 -725
342 583 638
660 789 -34
650 752 -10
351 79 -13
535 445 -468
260 636 929
56 485 317
779 475 -911
548 609 893
519 399 -270
804 331 -828
463 750 987
104 257 -200
145 654 66
618 563 -817
600 769 68
278 476 764
715 590 342
105 674 367
146 110 -653
747 787 -53
789 748 -110
794 97 -622
801 470 30
576 288 -354
623 622 -166
93 254 -201
187 184 10
316 421 566
695 8 -270
473 22 710
656 434 -852
581 168 -286
153 608 369
346 114 -68
382 140 420
372 466 82
764 520 982
10 667 -729
241 676 200
279 500 675
372 696 -855
407 27 791
239 119 78
363 96 886
100 658 -704
705 158 -153
673 296 -75
387 370 420
781 407 -150
154 576 647
476 776 -781
663 238 -644
530 88 767
34 278 360
16 466 -828
324 244 996
920 969
668 536 160
269 324 -473
575 488 244
254 778 -894
41 773 516
407 46 -995
289 810 -938
894 696 1
851 104 140
238 444 -689
63 662 -318
838 481 948
346 675 -754
601 130 -810
478 223 -492
504 798 -293
186 681 435
185 382 -9
131 436 -506
714 347 530
760 9 -611
670 631 -559
583 915 -110
831 182 969
445 165 28
198 169 768
460 513 -117
415 676 -299
182 607 -532
404 513 -117
272 326 -279
93 431 756
671 10 -292
71 166 -822
605 678 319
704 523 -804
350 537 -161
755 760 756
439 202 837
621 281 660
803 154 -631
144 29 137
281 782 -201
93 151 773
474 219 -907
12 810 -286
479 420 977
821 129 -303
779 169 -778
725 553 -406
206 476 707
148 275 469
661 483 174
569 512 -967
835 403 -617
20 690 -623
764 874 -642
249 741 940
13 158 -800
677 158 -186
636 161 553
866 330 607
62 731 -734
206 281 -798
495 199 643
648 428 -932
320 547 358
184 377 283
33 19 -659
766 834 -860
345 517 97
906 172 -894
577 600 -992
28 66 698
520 414 716
557 18 -659
319 655 351
232 734 -880
389 822 565
637 610 167
196 51 196
247 242 295
98 590 -593
236 650 -295
880 579 -743
801 256 -30
359 171 -54
25 412 715
393 614 -547
26 483 -466
671 648 342
521 72 538
258 385 -891
771 707 100
52 512 800
169 486 -818
331 550 -849
176 695 -367
412 224 500
774 112 -499
482 260 864
24 883 -430
287 64 -815
112 423 369
237 179 580
815 384 -414
415 248 846
751 694 -318
887 276 -993
537 868 645
910 554 -298
607 196 -744
564 126 258
19 876 545
469 488 -406
125 826 908
155 736 744
893 889 283
506 98 831
848 171 842
86 675 -210
824 225 -419
719 376 -24
700 108 -995
134 281 -965
45 519 930
834 824 -17
569 578 465
849 190 -564
523 890 937
773 450 -273
606 310 -975
708 733 170
29 108 962
790 559 439
657 150 980
724 244 -942
260 803 733
6 180 327
458 918 833
771 591 -418
238 340 -21
19 538 193
347 884 477
447 122 123
796 451 -149
159 100 -221
284 34 491
768 516 147
544 75 77
47 163 -338
906 436 -40
346 546 328
491 384 959
175 270 575
422 330 323
749 603 -544
823 677 -298
73 773 -515
775 381 -135
440 446 15
845 699 266
211 691 244
426 263 442
163 725 930
592 597 743
484 580 -554
494 738 -691
669 297 -464
50 848 -351
892 60 782
682 319 -142
730 400 -988
778 189 612
587 910 -448
568 672 4
599 208 -146
441 665 823
786 550 818
365 831 -925
693 713 103
340 350 -449
273 225 845
266 97 -145
531 756 650
919 562 -278
126 531 -468
624 742 -578
165 917 -887
348 504 5
732 793 -231
723 771 5
248 530 -150
572 53 -783
55 639 462
553 691 725
751 856 -803
368 305 949
299 726 707
372 164 285
507 30 -655
527 855 964
534 407 656
142 757 487
287 866 265
591 141 -495
618 409 981
798 462 212
45 783 421
319 9 -844
421 159 -479
106 450 403
750 495 -751
312 723 971
391 224 -372
44 164 841
288 508 678
655 97 -817
731 483 -584
603 12 271
793 672 -145
335 786 -92
563 435 -211
284 810 -778
486 507 618
331 190 -418
896 239 736
425 656 710
102 371 -266
721 474 -523
308 698 -66
7 659 567
598 155 356
7 887 959
900 346 440
567 20 -360
460 650 365
724 905 433
250 627 448
729 342 -275
38 650 574
398 792 -440
905 434 -984
830 860 987
337 600 335
98 564 701
366 402 -81
779 811 -705
837 314 482
228 332 -693
912 149 383
391 647 -557
242 501 -622
490 892 838
45 913 -277
461 563 -426
264 503 -289
115 291 390
590 357 -35
27 908 817
808 144 -397
726 252 945
294 342 -701
179 183 942
776 535 -53
666 362 193
734 527 342
704 253 373
123 807 38
300 415 576
476 494 497
132 514 -158
431 778 -646
112 416 -396
662 771 722
208 198 76
849 229 629
340 300 -783
647 191 -251
465 572 409
896 831 120
619 512 225
137 406 -708
782 585 512
23 633 -826
167 403 855
797 170 -134
789 340 799
5 854 -485
526 468 322
721 95 -442
781 137 456
487 133 158
341 49 436
569 841 817
222 326 277
398 724 481
648 500 104
103 734 119
895 402 -13
538 717 -503
690 732 -953
8 436 -338
431 467 -175
605 147 356
526 284 919
555 734 685
203 144 -822
429 147 -78
467 605 -565
914 866 -466
12 259 157
561 609 -953
665 897 425
806 685 178
527 253 261
196 455 -101
382 736 198
743 292 -463
525 81 -594
343 28 -26
333 698 601
153 105 706
217 745 459
773 254 719
345 591 487
849 381 -186
537 745 947
899 889 984
561 621 -413
550 716 24
440 72 -658
110 700 308
292 190 958
645 547 317
887 517 596
11 773 -339
152 719 -810
784 823 -735
134 561 990
546 326 211
581 778 -947
872 304 -183
895 363 912
729 69 311
892 268 -330
902 453 346
840 573 169
199 499 7
418 181 354
896 732 307
564 920 -685
207 153 -775
501 784 815
225 407 623
512 635 -207
668 788 -314
834 166 -680
57 900 -917
330 615 -775
681 761 -354
344 444 21
865 596 706
141 249 444
653 337 -374
379 673 -550
327 366 70
701 353 416
846 656 443
586 99 -278
357 879 -492
90 155 738
48 837 628
161 750 -288
179 791 -57
809 773 -510
592 695 395
802 583 546
703 802 174
94 480 -462
560 900 -862
540 24 -684
805 245 -997
807 211 -603
542 416 -941
69 8 -194
632 112 568
575 294 220
727 61 990
783 639 -525
231 425 -238
39 529 324
588 339 -600
96 63 290
283 381 295
208 416 330
737 685 -527
666 547 -614
750 623 -81
235 263 437
713 859 -136
835 762 -697
287 845 -347
687 620 474
784 558 -811
469 403 -198
227 224 574
778 810 734
418 24 582
29 504 695
445 178 243
781 594 -328
596 190 963
591 73 -677
215 93 -728
684 18 -525
45 584 999
868 182 409
853 636 389
442 565 -252
409 714 877
220 136 -495
155 428 526
582 246 595
124 19 -911
294 270 149
839 131 -512
265 887 -594
457 663 -951
3 281 301
596 560 -541
720 898 -578
663 835 307
432 538 -780
554 37 140
183 800 979
526 339 872
469 72 295
789 680 -711
474 108 359
468 431 -337
422 564 -793
894 457 386
205 574 -401
259 478 403
677 623 -413
505 542 -991
438 68 -81
460 807 -188
755 463 -594
788 103 -884
885 3 594
798 390 -667
371 707 -120
322 361 986
194 684 440
592 555 -729
918 650 505
124 425 678
665 784 184
179 893 -964
623 334 735
567 188 -598
407 822 -437
422 642 876
114 802 992
223 377 339
696 708 -729
735 563 30
232 168 -674
687 159 -978
27 779 -108
305 145 -550
746 110 1
246 263 77
564 132 -208
50 399 164
621 803 -282
225 357 -849
250 511 546
9 186 -477
728 559 803
700 149 572
920 174 -193
638 509 -660
651 577 523
789 334 49
689 73 699
502 272 792
4 548 215
72 484 -267
814 241 -794
71 381 -782
885 722 587
342 658 417
532 920 -501
309 114 -118
583 479 222
837 531 475
468 784 119
65 349 110
876 413 850
15 570 638
211 188 -784
500 252 -834
673 281 631
728 799 3
859 499 -51
451 244 -967
99 292 421
154 88 -278
14 601 324
209 515 931
498 862 -286
792 603 107
417 868 -112
157 626 113
199 837 -52
754 149 -246
114 362 548
390 579 -85
917 413 -988
34 261 -354
372 656 472
407 1 -174
379 333 893
153 506 775
151 509 462
468 542 -824
11 265 -967
886 535 -143
60 722 591
279 87 208
135 772 -104
678 713 106
883 392 -914
416 597 392
550 529 -922
671 803 -234
768 102 -836
686 733 -77
158 707 -862
72 738 -986
716 125 -242
273 670 -191
197 879 -554
27 324 895
143 420 -822
353 754 697
216 576 -638
503 541 -23
320 43 -609
495 408 8
812 142 -870
286 94 882
110 583 -588
499 582 504
183 788 -612
81 812 999
257 604 -855
522 790 -147
868 230 -975
258 667 506
431 427 423
920 762 -330
722 791 -299
756 739 562
16 674 -24
487 671 -801
238 127 656
392 314 184
578 274 577
367 30 907
334 267 407
162 48 -597
388 318 -307
74 711 203
719 163 236
724 489 748
614 494 619
508 570 -504
436 683 -258
110 23 -950
545 76 -799
608 45 -354
897 643 -71
566 326 739
98 617 -272
759 698 539
876 910 -427
344 215 196
867 904 -278
105 212 -759
533 204 584
44 370 -52
5 152 141
97 562 318
729 580 -110
5 875 -679
499 137 663
782 526 -587
88 904 626
664 125 781
15 784 -82
763 598 -688
433 903 -845
768 717 457
138 425 129
37 324 280
162 842 290
497 471 -616
677 636 415
149 887 653
895 388 -471
67 330 -675
655 791 -931
736 24 -427
700 469 -698
348 806 -511
667 92 610
325 767 42
228 240 71
732 256 634
526 622 -731
269 128 347
614 12 287
730 372 -624
568 643 333
21 337 -475
483 915 714
785 493 684
465 792 -910
15 638 -355
194 144 263
91 4 573
16 614 885
415 420 -507
51 227 855
351 771 612
370 374 -356
208 799 -332
760 678 -718
852 477 -430
843 611 -680
234 497 -663
409 705 295
106 122 699
383 298 179
87 501 347
360 477 -508
489 683 -984
376 336 -350
734 120 658
615 556 -857
238 513 -884
883 390 -678
666 323 427
889 446 -383
222 522 -630
643 715 -512
647 778 801
45 559 -175
223 207 456
476 33 791
587 224 -202
433 749 541
557 179 -172
287 203 -592
860 616 298
776 520 -764
535 633 -913
67 406 -724
869 392 -545
228 568 -680
825 754 -810
551 912 -633
849 647 -295
667 562 99
539 216 791
571 506 615
285 441 -556
743 433 -591
645 877 -537
132 637 -813
285 857 -914
447 804 -414
834 11 -854
96 694 -530
189 194 109
328 806 -792
808 697 -306
15 108 949
821 16 660
259 26 -845
587 423 602
525 848 -656
911 753 607
114 508 354
97 607 968
801 88 858
338 87 734
621 481 409
710 236 -446
254 467 -312
375 570 709
412 562 695
574 103 -759
601 18 -938
22 626 330
852 67 -245
697 541 632
31 535 -123
289 3 -469
661 832 -452
231 608 -221
10 628 -41
776 885 -919
901 14 -324
330 795 311
102 30 835
547 631 -576
119 583 -587
751 261 -20
758 482 909
242 254 601
488 173 -444
555 746 -227
550 284 739
833 644 325
840 628 537
422 370 535
808 426 574
261 213 -257
459 142 -157
674 538 223
24 805 999
248 814 -937
920 143 959
331 572 667
408 302 -165
327 247 516
904 257 -373
256 277 -580
844 566 -2
444 54 316
117 282 559
482 537 441
848 613 464
40 647 -11
395 9 135
395 259 -26
884 187 474
310 793 -759
437 749 638
146 491 -358
45 734 933
154 490 471
525 642 -522
629 775 -391
254 394 751
877 674 747
232 878 278
731 883 204
125 852 505
64 577 -135
312 806 461
96 338 90
805 559 457
55 552 964
800 351 -17
751 861 776
444 909 -163
475 243 955
817 872 377
858 19 -86
705 542 353
631 511 573
697 514 -97
463 101 402
556 344 647
502 193 536
657 893 714
399 138 -736
64 234 -888
180 2 111
261 12 -446
842 158 -806
642 365 -360
197 251 251
738 890 -444
643 685 -459
537 50 -1000
771 78 833
522 212 -955
121 310 561
162 673 -836
315 897 -82
785 478 -72
857 217 -822
798 473 325
650 91 -370
255 268 -95
342 756 554
291 643 -913
776 600 655
885 877 -961
433 661 -392
751 27 -849
51 560 944
886 648 790
898 29 572
849 499 -616
214 684 804
95 328 -92
323 349 288
530 279 -438
360 564 -134
498 704 771
45 291 846
499 602 982
372 645 907
898 771 -870
671 103 -107
137 740 621
722 718 143
69 180 -788
642 345 -109
576 769 753
235 691 -88
544 498 22
914 152 885
684 681 243
566 502 -833
54 544 744
251 911 660
866 57 734
288 808 -288
685 132 823
414 774 407
199 897 -992
10 433 262
171 904 972
66 859 -57
304 389 354
329 638 227
50 526 -151
487 483 -928
329 388 98
681 609 -442
627 9 -652
908 518 288
754 632 -814
224 290 -649
803 723 -793
841 436 183
597 114 -27
782 313 -959
319 322 -508
870 351 -268
30 772 866
478 21 926
323 734 -255
714 723 848
580 452 -188
189 4 51
53 283 747
401 719 -332
252 241 -58
701 565 -57
125 363 683
508 204 663
608 412 456
217 564 740
896 418 0
911 873 290
41 508 612
352 579 567
905 754 733
138 708 971
341 499 643
42 794 561
853 861 -939
824 757 293
188 205 639
451 33 -359
221 815 -14
375 71 -421
436 85 267
243 207 -472
429 694 -638
564 63 -951
164 87 -220
193 720 810
640 843 502
368 740 -149
671 290 124
700 47 -914
528 129 9
394 340 777
372 215 694
677 813 569
855 157 248
93 615 297
612 825 -752
715 319 54
530 282 745
96 896 -895
695 52 -960
482 16 342
377 749 -739
759 24 -447
458 894 969
893 170 -916
843 44 -757
490 466 -210
689 868 -173
615 222 -39
768 143 -652
799 676 -992
291 27 291
155 397 -510
576 178 -319
213 319 -328
471 380 -106
259 214 699
855 511 -68
254 906 910
683 428 -804
836 79 36
703 819 -112
229 196 791
429 512 68
4 147 -648
457 439 600
19 379 -628
316 289 286
227 337 566
740 461 312
279 443 770
536 497 -98
319 593 806
142 47 304
67 111 215
347 198 289
470 139 -506
575 757 -446
830 598 -937
147 734 263
205 615 -432
683 373 -441
469 277 889
292 463 363
839 517 855
186 347 171
763 61 893
454 403 827
626 595 -733
226 350 -198
54 874 514
668 816 569
31 917 -11
391 726 538
671 304 -157
656 292 997
455 909 -75
319 732 343
641 56 -380
57 410 864
77 167 428
892 892
635 177 997
207 476 -47
49 95 -561
520 16 483
316 882 878
147 892 -362
834 322 234
171 559 -994
297 9 -375
773 388 30
616 767 -915
225 366 -1
561 778 30
570 507 -502
179 597 -777
373 94 490
424 656 611
537 68 -331
431 325 -994
49 713 9
414 5 930
72 528 669
751 506 -172
745 803 968
646 759 -344
419 721 93
808 517 732
66 738 -208
54 517 688
152 5 -371
75 233 307
543 15 179
63 881 539
104 99 -876
647 830 987
850 677 -694
354 728 -766
760 448 -863
228 168 -470
376 191 292
223 91 -334
795 317 918
795 762 334
866 285 705
299 690 448
388 584 973
29 885 -895
125 142 -163
863 354 -172
536 452 960
329 23 651
764 725 992
330 448 334
800 815 -870
105 569 451
7 649 -464
488 474 399
183 565 74
555 812 -577
565 95 -779
73 114 -582
108 444 655
853 493 -226
738 165 287
470 119 -339
497 136 840
685 108 3
629 636 -878
16 257 627
677 91 -625
157 861 -492
526 348 -497
105 765 612
80 26 -273
587 39 897
574 800 848
808 54 -483
531 472 -265
398 714 -211
676 466 113
192 561 -486
188 80 -894
482 447 -297
307 329 -238
822 684 243
280 230 -856
22 842 -741
457 165 -226
706 215 815
562 722 23
149 380 -951
363 824 -404
726 544 -566
654 702 443
699 700 -704
892 835 -852
390 846 586
825 287 334
767 807 103
241 871 298
740 157 281
579 453 887
469 579 -207
493 591 -534
151 227 -994
631 693 911
22 868 -931
449 169 -404
133 318 433
218 167 917
753 251 254
535 170 344
406 690 -577
775 547 -122
118 508 263
669 767 326
530 178 174
485 846 100
872 770 -926
638 829 4
64 494 419
359 854 490
102 167 -312
250 801 -630
414 135 -978
120 476 -912
382 322 -908
790 849 147
181 869 609
635 126 280
41 784 817
331 116 518
61 366 -168
586 26 566
855 846 448
706 189 683
40 255 -599
486 570 700
92 829 481
831 327 -907
131 533 -111
732 708 962
609 570 396
760 396 -182
124 516 296
741 799 -217
598 35 725
285 532 -424
397 652 487
773 264 -942
188 546 -146
241 586 -776
315 218 -558
111 845 760
841 594 550
655 300 -253
624 335 156
874 642 863
396 182 883
653 192 367
191 723 -205
16 35 215
761 749 -567
359 134 -172
72 389 849
815 677 -692
310 633 879
759 212 191
872 540 245
459 720 747
39 335 672
57 216 677
485 95 636
848 489 -46
752 208 -729
821 81 -94
56 346 -571
603 466 38
717 515 -582
617 639 -499
463 169 502
764 300 -917
625 469 -922
600 184 -547
556 456 -179
24 322 -599
103 435 470
7 429 -135
196 858 847
690 668 -411
16 271 -563
101 419 58
438 767 -217
185 279 -942
334 858 472
594 261 -562
605 438 499
850 774 949
185 52 -433
32 806 378
401 466 -455
882 223 -651
27 106 -67
717 607 -837
636 658 550
632 628 -975
235 848 -417
804 728 -754
695 500 338
294 365 101
270 363 174
405 429 2
854 799 -554
426 474 826
70 111 -53
156 614 -449
877 484 -297
380 745 854
487 606 -85
211 638 -162
334 450 250
720 229 704
814 212 -749
724 891 -346
44 492 -215
487 259 -439
647 113 -394
166 763 670
330 640 -871
198 219 451
167 673 521
675 186 104
474 134 -448
809 255 759
690 5 483
658 172 -226
713 727 -252
724 474 419
395 817 166
768 771 -857
30 334 671
53 68 -304
672 220 -493
346 460 524
700 283 311
809 417 126
315 108 290
885 595 46
650 648 -467
783 222 -177
856 673 333
557 412 719
696 254 207
670 544 -122
642 509 700
501 578 65
429 461 2
637 364 538
78 726 -815
672 522 536
400 407 944
542 215 -992
640 676 39
674 288 677
156 109 534
124 464 0
723 381 -983
513 735 -134
58 863 -561
327 876 356
869 169 -256
623 362 -280
630 694 418
787 643 -96
219 686 618
735 696 285
831 717 -257
689 173 -726
6 355 -246
680 839 -744
593 38 -113
283 345 206
25 569 769
680 641 -353
226 508 -379
468 273 -519
587 87 -99
202 121 176
611 484 -562
891 732 -219
544 585 808
838 581 545
18 842 645
389 579 -162
818 259 -110
732 452 -702
634 434 -928
672 214 -899
823 398 256
409 320 -398
111 218 -672
863 819 969
477 603 -80
556 123 151
577 637 401
493 263 837
192 385 586
120 87 982
100 125 -204
752 408 -436
437 329 865
78 743 390
575 620 -90
618 628 52
196 144 -263
475 687 980
547 599 -856
846 263 -736
107 586 -503
551 127 808
233 650 -913
275 198 -445
652 427 -379
493 873 -504
238 454 584
678 207 78
222 494 -964
680 227 -660
335 93 -133
19 427 467
890 184 -862
689 237 760
194 55 650
817 396 819
80 840 -621
190 796 236
443 466 -851
503 95 417
819 432 4
581 682 -778
681 522 -676
450 351 209
806 266 277
615 800 333
175 81 877
1 47 46
778 838 -917
407 562 709
353 60 863
559 523 717
15 496 -102
600 297 -658
656 431 -615
232 768 562
47 219 227
813 52 -280
834 130 -52
27 381 799
510 121 -528
444 261 45
101 709 -7
144 786 -522
109 485 783
805 878 661
500 566 -875
315 866 -455
111 228 134
252 430 -868
402 393 354
732 300 -366
101 66 790
226 330 -109
710 409 942
826 825 -449
693 15 -40
727 847 375
503 525 803
72 814 -679
641 697 522
720 164 201
39 694 216
381 706 236
100 533 334
27 191 -100
218 719 649
369 860 329
434 44 -788
830 706 667
440 564 -200
233 231 426
184 27 477
779 699 -193
854 882 354
620 683 181
550 376 -576
426 193 -323
304 674 957
825 258 768
81 615 -619
67 568 45
25 246 135
804 669 -631
366 549 926
249 584 -617
874 540 450
260 733 -662
345 613 39
525 42 -598
82 783 764
54 248 -206
744 630 468
718 197 193
626 890 -50
39 658 -452
100 387 511
126 258 -904
213 256 -637
533 701 -328
329 830 -413
628 224 -475
373 57 -128
564 326 -587
457 718 -543
239 272 161
277 339 -801
143 686 175
344 703 -746
889 366 72
491 250 130
876 444 -128
743 202 -904
374 709 -654
762 668 746
378 743 -598
802 262 -652
411 331 -228
217 620 643
446 236 -454
253 627 500
811 100 -547
713 515 -363
491 498 654
678 351 365
1 855 -588
668 819 -432
316 188 74
178 74 -128
135 208 -239
31 747 741
887 355 -242
470 687 34
674 408 65
47 233 530
752 337 -548
613 336 -982
506 542 -236
628 194 -428
735 601 -730
164 693 -695
228 378 -719
288 565 -381
824 230 -725
232 741 866
788 840 -890
720 593 -111
245 25 -403
317 56 977
386 720 -957
812 285 -349
655 245 213
55 263 353
734 565 -423
166 388 -186
763 782 180
316 88 998
123 52 284
306 44 -162
824 303 733
802 742 385
322 723 833
169 315 586
98 622 431
579 808 550
336 783 26
348 288 -230
40 6 591
378 845 987
356 431 133
25 441 427
889 15 -8
759 755 978
764 354 336
35 711 -699
428 626 -776
298 721 -623
530 671 438
801 10 -435
134 522 -858
302 297 -515
841 215 -915
40 570 -724
121 35 -290
106 150 -729
71 532 732
833 541 951
435 701 -734
426 701 413
751 833 541
368 532 -902
750 374 795
242 561 -623
365 676 492
483 184 325
293 861 608
88 471 -959
691 614 -413
437 28 387
597 498 386
453 807 -128
395 228 986
429 13 -920
282 374 520
462 873 -786
651 660 -960
535 667 916
530 597 -14
52 592 -30
825 567 -628
855 677 -481
850 67 -343
274 647 518
331 89 -833
857 749 1000
375 180 -860
785 770 921
264 4 -75
71 1 624
158 716 359
797 166 335
305 454 -976
374 339 27
636 548 355
832 220 -248
451 618 621
297 159 677
873 526 -743
637 621 797
764 810 -861
357 53 -502
243 824 13
585 429 414
505 362 665
652 774 977
300 361 -629
592 269 825
793 356 -716
467 863 -878
631 486 758
663 321 -126
259 345 870
411 395 -999
811 420 -109
126 758 -315
121 776 746
876 407 -638
125 635 511
412 751 97
374 386 342
522 124 -586
814 881 534
421 337 -276
645 479 -249
775 126 -779
244 802 -871
216 714 -939
507 369 829
63 484 -261
498 729 -727
151 37 673
514 229 -390
243 118 971
307 582 -595
361 217 569
644 414 -659
137 346 -206
266 103 65
732 251 448
341 489 -924
374 299 919
441 892 -935
414 502 149
677 848 882
838 190 -760
638 61 976
149 653 540
634 548 109
215 51 361
571 529 83
744 821 -993
235 119 -230
568 437 -166
799 75 824
842 863 468
271 288 -291
523 364 757
524 205 168
169 610 575
635 836 426
431 569 348
50 315 625
670 166 672
572 820 -30
522 61 906
828 95 -676
81 351 37
805 360 -282
258 481 8
740 167 207
556 543 -234
370 346 -77
533 64 824
551 457 -635
43 658 646
524 804 500
694 579 761
23 502 -244
18 574 288
355 18 820
549 139 96
11 502 -132
260 557 -3
289 569 -844
169 257 168
477 723 -332
705 679 -51
197 133 -486
68 392 -39
153 384 -101
630 448 23
367 818 -587
5 317 -941
347 381 -933
836 148 410
392 178 -884
734 116 33
18 783 194
404 864 -342
262 66 -777
610 779 -539
195 788 487
264 261 850
321 455 -330
366 525 -582
241 652 -643
314 6 -387
465 182 373
848 863 118
450 562 124
53 282 2
26 831 -340
660 824 -521
516 298 871
13 267 418
410 159 592
344 234 269
144 567 -555
730 62 -384
603 678 -497
277 746 707
435 707 -537
212 607 -694
601 103 -722
304 631 -759
728 120 246
2 592 39
576 222 216
521 298 77
491 122 -107
555 281 -756
563 200 -601
533 402 -302
870 644 -148
388 452 264
354 61 606
691 47 646
282 882 -901
797 594 -630
632 233 844
129 543 -870
28 132 -901
126 772 -151
299 548 527
703 373 -981
696 441 -909
77 359 -175
64 814 -369
130 126 -161
892 713 26
104 850 -755
139 30 921
299 99 -376
715 157 -822
702 238 -418
28 697 -130
64 625 505
502 299 -378
581 314 -264
370 825 63
565 283 -483
167 90 -959
712 429 -311
738 782 -205
261 876 -199
364 805 2
345 683 -273
406 799 -689
418 885 936
690 124 961
279 331 139
725 72 15
249 16 -460
382 59 421
821 862 237
414 880 -222
438 156 -604
884 366 -802
199 482 705
340 797 -164
134 496 -494
208 533 400
695 753 -367
832 890 -240
391 492 -888
104 218 189
529 888 -791
831 317 -519
596 17 496
211 50 -51
709 533 -739
487 439 -592
22 17 848
735 515 968
827 275 827
565 656 847
145 652 -29
175 47 248
242 861 -295
807 509 -791
35 407 808
122 601 684
398 343 -99
889 751 363
858 600 -246
263 591 809
774 176 131
682 869 594
195 431 -183
147 499 954
688 287 -938
383 60 991
447 342 -991
715 732 542
370 697 -338
483 635 -897
711 331 120
21 539 -929
831 590 696
515 518 502
876 501 621
504 573 96
700 168 -759
728 818 286
301 881 715
371 861 399
320 697 -229
608 548 -311
815 756 698
886 199 -548
767 185 -363
589 15 122
575 136 550
614 649 -599
725 866 516
273 786 324
410 537 756
696 453 101
230 800 -895
610 188 -418
485 351 -358
633 406 288
666 848 -760
224 444 586
70 408 -182
405 176 -320
107 695 -375
232 616 364
94 717 247
79 508 -488
42 544 -567
339 727 52
651 721 -380
374 513 -799
88 415 462
665 412 363
241 204 300
129 430 -932
846 580 247
667 370 -205
346 539 214
634 385 -665
446 370 258
823 771 185
116 401 342
136 186 -487
728 722 790
22 869 -485
233 441 -566
39 777 -564
579 175 75
9 876 915
123 378 -746
716 415 -368
164 755 -346
389 625 -46
52 813 38
809 261 777
807 805 -170
806 633 -499
365 723 493
234 585 -925
867 289 -60
325 518 -14
33 418 546
437 454 -249
475 280 -219
665 630 -41
627 67 -965
30 225 -444
849 839 -334
225 6 -660
226 60 6
807 289 551
577 821 983
451 82 693
597 469 317
479 453 -206
322 216 951
108 764 -232
841 801 932
656 569 99
226 480 800
335 219 -753
284 107 355
109 539 223
653 358 170
267 534 4
56 598 -563
862 717 273
457 34 -19
145 588 -606
243 246 559
644 884 687
577 630 827
1 6 -419
321 522 -568
464 773 -285
369 375 633
682 336 -694
672 708 429
2 275 158
157 68 -496
578 522 957
632 329 -732
637 586 542
103 695 -808
739 508 839
417 776 -972
827 456 -499
386 794 8
85 778 34
527 869 -134
223 86 360
798 358 -25
466 429 299
768 566 781
341 171 418
495 850 -61
357 104 445
411 461 -7
470 801 -677
825 449 713
355 408 -528
993 959
976 495 -988
850 383 882
636 685 -143
647 28 268
224 611 387
684 78 -297
35 984 -772
114 360 -433
861 579 -75
53 837 436
896 53 -528
121 178 851
783 14 240
501 57 876
24 565 220
342 234 512
784 14 -907
106 210 892
893 332 -473
319 907 -799
647 536 686
204 163 -826
175 271 898
365 253 949
553 820 -961
386 283 851
37 134 -114
905 167 161
495 260 259
726 441 -148
533 781 502
326 290 -710
15 246 7
716 677 -470
189 49 829
277 545 -630
445 442 136
401 834 274
136 875 -370
112 74 758
673 129 -966
840 418 -487
491 501 518
573 629 509
106 706 904
442 675 941
249 598 717
346 424 359
9 180 -866
707 556 -257
334 658 514
484 155 510
33 819 -80
298 570 -337
589 186 542
213 463 618
578 655 -421
948 425 446
440 820 -572
186 172 -424
882 516 252
614 556 105
170 951 947
881 715 722
179 402 710
947 588 -522
68 63 602
219 43 230
66 905 -630
392 904 109
820 315 265
526 271 837
72 322 634
947 675 855
595 220 -697
45 875 -244
552 708 655
351 804 131
769 882 -878
906 320 845
185 86 -133
631 30 -465
308 821 -572
725 175 -514
678 397 241
914 331 -607
722 952 -253
524 147 -652
433 710 -19
294 271 -260
752 526 301
269 476 -47
545 921 831
64 524 -829
454 983 -360
844 308 -489
82 628 814
100 650 456
876 899 -483
307 530 -472
150 226 975
95 466 -830
385 795 287
743 794 335
610 954 723
138 768 -229
316 815 433
219 680 184
115 430 -285
46 919 -353
305 11 753
129 487 195
160 594 520
526 15 388
806 142 -660
911 416 393
48 245 -472
342 759 775
737 846 310
134 327 -341
788 588 148
983 730 951
497 17 998
667 123 -955
801 788 -772
209 793 -216
863 438 380
358 757 529
867 390 -133
283 520 -188
706 456 -372
157 139 201
641 497 632
419 611 66
499 754 800
524 193 961
826 134 -474
224 464 -441
742 991 -413
393 416 72
976 832 -247
758 612 -138
178 689 376
622 533 493
186 680 -769
258 827 -835
949 557 -887
972 864 981
955 55 -219
4 68 805
676 196 681
223 359 -102
239 441 450
629 12 605
112 762 -449
845 386 -499
830 374 -708
146 24 -461
641 68 89
993 830 721
20 225 -8
554 386 409
540 461 24
393 477 486
211 478 -484
304 895 385
625 112 -204
109 185 378
327 263 -300
572 622 -59
9 252 -228
489 712 -365
505 740 241
325 373 -696
792 272 686
192 441 712
383 447 -881
548 251 585
33 350 -456
827 916 -314
262 402 19
885 732 -799
955 283 84
303 896 280
447 792 -954
534 341 -417
519 241 -636
733 778 285
121 100 -746
174 899 817
979 73 440
386 6 -54
823 565 -884
789 27 -276
710 510 -801
38 340 -915
709 668 -184
807 806 125
522 308 -833
479 715 -770
90 325 268
800 822 886
847 727 -4
122 946 -714
234 363 -171
611 696 134
877 484 511
858 1 -808
580 827 -753
9 532 987
846 914 283
446 549 828
48 213 683
821 911 -935
270 863 -722
677 233 28
536 13 470
297 699 888
379 852 -566
127 452 -853
339 132 -714
905 296 -934
429 256 -623
743 744 648
807 557 421
287 357 9
868 401 284
88 344 233
246 23 848
710 721 905
968 872 774
35 406 880
924 617 332
733 773 -19
595 555 -933
53 252 -557
465 100 286
75 134 73
350 471 257
956 146 451
142 19 -774
845 862 933
763 881 650
696 26 -462
952 800 -552
917 780 -364
905 840 527
113 425 -822
36 805 -757
672 222 924
28 123 -662
812 934 -552
611 892 -716
127 395 0
513 76 978
973 118 330
278 464 928
545 566 108
890 10 200
625 769 -959
369 745 -644
99 345 828
462 917 996
618 233 -272
35 377 866
388 608 879
384 548 -493
92 313 -695
770 264 -751
487 915 -785
927 237 162
960 420 487
54 634 430
777 522 1000
30 444 -791
322 984 252
299 901 571
234 239 -753
336 380 813
916 846 643
272 56 -130
781 941 457
853 374 426
780 115 -711
952 808 114
731 119 502
883 835 428
10 190 632
27 622 655
20 241 -422
199 411 -992
912 247 166
749 624 830
127 703 477
490 61 -236
979 246 -733
72 61 248
240 870 350
904 499 147
705 813 -499
379 286 973
485 712 -301
233 812 282
363 496 883
724 537 444
716 983 313
557 567 -344
64 260 -202
893 37 -515
102 413 365
9 26 170
568 450 56
251 679 -914
479 247 873
512 888 473
21 549 492
313 89 6
11 586 -905
444 493 946
730 986 -788
761 172 896
646 138 -342
138 361 -478
865 29 -780
138 375 198
673 821 -426
446 288 147
835 828 -762
582 641 -438
925 617 -862
198 868 113
782 604 -217
936 765 -476
563 122 -991
518 801 179
12 758 -34
33 9 -401
866 345 567
265 44 888
726 30 797
782 621 -759
2 801 -336
675 420 321
10 367 596
16 321 -407
113 76 268
846 13 998
671 330 769
357 590 -452
932 535 -231
158 339 800
621 452 453
266 643 255
247 38 623
591 450 -971
657 261 791
51 451 -64
44 224 -888
755 561 841
520 896 59
27 672 943
468 440 133
939 813 486
332 226 -532
723 583 54
90 117 -630
321 453 223
603 889 416
142 273 14
120 356 489
308 112 619
985 868 -823
285 567 -649
62 744 -837
872 399 878
810 770 532
565 709 98
37 39 -491
197 100 -68
61 983 -294
600 737 155
172 417 -277
66 352 529
539 83 700
534 118 -697
956 434 -297
188 705 794
858 127 672
861 566 782
13 38 -546
781 651 -925
282 572 109
87 231 -382
730 609 -842
628 874 -13
719 618 -229
197 302 405
924 380 -363
401 835 -23
773 122 812
169 85 233
690 4 650
129 895 793
181 373 425
630 876 163
906 102 239
126 12 969
156 625 631
443 600 -725
502 436 -723
9 230 291
925 459 -515
892 921 960
270 429 365
69 169 -830
191 558 814
944 943 682
197 851 -837
7 63 914
500 459 -461
376 468 -726
162 740 -821
305 376 -613
685 250 867
113 572 -269
170 753 -502
826 774 549
731 800 -967
885 990 -368
103 291 322
444 5 350
792 294 -195
589 117 13
240 235 832
558 469 -365
477 792 -566
257 722 -245
760 353 315
74 56 194
723 253 166
112 71 -925
22 132 -49
241 563 -482
705 976 189
603 744 -294
707 165 187
283 140 713
701 294 698
311 633 627
91 185 88
936 978 -529
192 597 352
213 461 -75
782 99 854
916 942 281
385 734 -242
530 225 403
978 783 -551
895 963 -57
980 656 -166
281 940 -768
29 258 244
714 201 317
180 478 -391
768 457 -620
594 901 35
49 883 320
80 284 253
101 541 220
581 717 835
773 896 -601
132 123 -762
685 798 479
755 880 742
867 705 715
230 44 -631
776 870 226
884 2 43
39 70 -666
649 265 938
144 232 -594
426 518 375
428 626 270
600 170 -380
387 60 38
124 884 -912
484 843 18
445 629 -584
409 823 770
141 253 730
670 273 -329
31 988 129
215 945 -884
302 450 -239
987 270 234
422 243 -812
935 385 -854
790 166 452
34 489 -288
734 233 -729
430 695 927
646 45 929
394 321 728
135 660 608
629 420 -131
649 782 241
633 140 -932
788 163 -131
927 742 -639
315 270 647
320 430 541
201 725 -566
991 408 -456
422 159 -113
944 836 369
248 96 -561
544 94 850
435 456 -202
328 710 -608
628 215 -591
870 902 385
826 443 205
772 384 524
527 646 918
158 221 417
26 985 322
13 86 528
913 902 947
689 362 416
651 543 -613
41 584 342
269 206 -461
137 63 -422
748 376 341
737 167 -894
512 609 776
715 84 -645
805 361 476
65 882 708
901 293 -823
567 204 -237
522 779 826
99 153 435
170 359 -165
565 406 -795
761 411 -517
55 785 -680
814 380 -473
413 235 523
798 875 263
933 737 -712
610 159 -44
685 872 -182
617 112 -697
112 78 -411
350 288 578
388 435 364
405 914 309
321 581 139
150 269 -915
875 129 821
717 609 388
764 187 358
966 873 -386
278 732 943
533 952 -683
653 280 -981
377 914 372
634 582 324
873 116 -378
925 669 486
140 421 854
327 383 132
913 525 -122
814 11 -823
429 254 -392
671 718 668
220 866 -899
279 811 -218
605 138 879
412 304 194
145 149 -451
97 112 431
273 531 580
718 444 647
268 920 210
797 288 -80
372 982 -548
279 137 39
339 318 -821
305 59 598
914 359 15
343 445 -54
810 855 495
541 738 20
666 322 -194
883 778 980
808 749 -48
1 322 -652
553 818 -495
753 391 588
28 359 -913
520 354 589
71 870 420
6 156 -444
634 513 -66
381 666 -89
595 444 396
792 199 -895
618 620 -280
224 385 -35
559 310 -783
281 182 46
296 533 -875
595 638 48
51 953 748
448 639 -198
413 679 988
452 41 -885
934 906 419
939 529 -837
547 104 -1
142 445 -214
140 829 642
937 225 -615
298 987 875
613 852 892
200 377 -316
825 906 402
992 734 -668
796 162 -942
852 736 -360
809 610 386
853 983 175
606 724 -751
954 655 678
973 520 774
878 680 -742
363 933 -23
807 56 715
668 89 -800
60 488 -626
713 711 -44
123 217 -911
396 61 -797
399 970 80
599 74 -295
292 49 161
151 597 86
883 738 -279
782 530 877
11 453 -670
922 311 -809
615 760 -870
146 967 563
12 442 488
356 395 633
656 723 234
745 842 271
137 783 597
946 189 286
546 684 -750
570 211 -581
992 356 -339
778 127 -971
296 776 -164
698 389 -283
190 928 783
759 549 861
20 231 787
106 650 617
261 821 -586
267 851 -916
903 686 -940
33 122 -371
393 254 849
374 799 -298
404 73 -363
591 418 544
892 566 -98
675 742 131
941 636 -914
175 656 -777
667 701 844
639 894 71
647 857 920
352 113 -982
207 50 287
184 386 -607
216 865 366
542 875 -508
717 81 -770
138 556 280
378 194 -692
75 699 789
399 43 -566
882 278 -320
794 66 -953
190 951 40
436 212 318
139 76 -295
698 810 249
744 357 -76
114 464 -966
621 783 -950
330 402 -33
204 272 394
467 464 -737
400 150 -80
39 201 775
305 805 -828
55 103 -519
645 930 595
558 775 698
200 465 -477
559 938 -385
582 264 217
314 63 -249
572 484 -969
957 615 -50
799 131 -517
29 692 995
954 264 -702
823 106 -343
137 398 776
935 779 -827
96 139 -539
734 620 -472
822 461 -150
62 679 -969
938 777 260
47 788 -442
652 209 193
524 736 -151
450 500 -551
693 264 -416
260 616 -285
452 828 40
654 710 197
984 987 337
412 292 254
146 333 -59
436 512 893
879 172 -309
577 241 -553
69 291 -564
298 193 -290
304 23 938
652 280 881
147 366 -884
797 581 -328
931 762 -267
386 938 333
527 12 333
180 390 -622
924 438 563
121 403 -402
198 576 -330
130 462 345
435 969 666
425 368 -247
267 461 311
384 351 501
299 114 -773
845 572 -310
461 319 -761
801 69 388
767 922 750
331 577 -1000
438 837 -533
243 107 -497
774 253 926
804 312 -344
870 652 51
712 611 975
820 512 -876
199 969 -562
684 979 716
55 46 951
827 628 486
627 87 -797
684 989 717
303 515 -127
820 308 938
982 16 171
272 171 722
715 307 181
686 241 -758
834 104 184
332 790 445
808 422 830
761 415 185
415 7 296
364 974 -625
346 193 421
747 525 -222
41 101 29
161 696 -412
565 408 -602
839 451 921
190 429 -507
146 9 772
454 793 -457
443 131 265
836 563 465
303 491 451
700 824 -874
732 786 -226
79 456 518
375 570 55
406 824 969
8 836 -976
377 428 147
454 636 280
885 688 -753
570 763 -126
544 258 728
154 304 61
879 322 29
831 410 -903
385 455 -873
444 767 696
600 14 235
744 520 -548
461 501 -181
424 963 248
147 860 251
681 354 974
938 83 -411
851 564 453
219 853 -717
945 948 -392
537 364 -61
829 160 -441
601 127 201
442 341 732
578 273 -5
613 375 -436
490 637 288
391 188 97
872 447 -959
552 723 -62
908 312 787
429 937 866
1 418 253
311 639 -981
17 646 -574
95 151 288
432 744 987
128 878 -497
697 202 -8
717 23 -960
791 509 -175
129 105 -896
115 832 -870
669 630 240
175 154 389
87 382 292
195 575 604
934 770 265
838 46 595
291 71 -606
678 777 983
591 34 949
327 622 56
269 368 -433
206 200 337
159 440 652
154 425 293
147 106 -880
960 702 961
177 737 506
923 739 51
603 94 254
333 365 636
620 435 -427
333 331 -6
116 21 304
189 837 -290
545 143 646
709 643 665
397 383 -258
403 744 711
465 95 -357
633 432 -775
775 180 330
475 171 408
837 760 958
406 315 315
235 266 638
893 200 519
423 462 243
541 590 255
595 496 510
538 21 182
573 550 -848
788 386 344
274 459 -97
557 611 89
94 604 713
561 961 -569
528 111 373
422 654 -692
605 596 -809
817 366 -436
893 940 -793
296 804 417
284 136 -630
493 814 766
873 630 -918
732 511 -41
367 820 -157
585 898 -230
416 200 -162
560 258 129
607 89 804
906 606 -566
2 160 -17
827 238 -598
963 935 56
44 406 333
941 740 936
360 712 894
110 348 -397
773 613 166
360 483 -223
825 411 367
479 662 237
449 334 356
407 255 741
140 353 -357
647 326 -64
734 993 213
886 644 -328
130 255 947
659 810 -575
621 754 -70
380 1 -260
942 174 208
522 4 -221
131 412 -212
835 612 433
237 903 -117
208 459 -287
476 115 852
632 428 522
8 121 -688
848 221 370
310 788 -704
795 11 -491
441 268 323
566 489 -384
435 567 396
523 586 153
112 963 -992
336 956 466
440 329 947
289 284 -786
509 453 -494
933 953
755 615 268
206 848 433
215 529 -788
650 525 -929
137 183 -513
626 325 -77
552 302 -681
193 110 959
216 198 -527
106 553 992
401 468 -894
172 109 321
24 517 -537
293 223 -593
621 889 -102
492 537 -522
439 116 344
905 770 -537
881 623 -832
578 98 554
576 272 -847
660 283 451
887 522 757
401 644 -971
556 471 -947
873 914 53
83 242 -770
547 512 -927
294 406 -752
351 413 103
322 546 -473
595 27 901
911 647 690
416 568 -820
431 710 324
603 541 -538
543 787 553
444 263 899
435 2 588
678 904 813
909 271 -964
632 410 -960
657 464 188
330 10 -829
435 199 -306
765 301 -520
703 819 -94
420 449 513
704 537 892
543 403 6
18 708 -537
28 626 85
657 913 -170
31 97 805
654 917 818
530 65 -197
695 412 -509
13 48 -892
217 756 247
401 580 358
604 249 -882
205 700 -311
679 886 -823
170 160 -81
871 59 -600
447 923 252
269 51 334
785 135 164
579 532 -319
126 18 981
661 214 40
670 167 935
124 106 -219
547 406 -404
388 99 -26
404 816 528
774 721 592
363 786 -126
39 657 -780
813 444 596
682 285 17
568 163 -528
544 52 763
828 588 -560
109 542 -91
558 629 -886
296 777 -143
670 926 211
99 224 -435
135 355 -618
694 389 588
85 493 691
620 199 -883
782 915 604
108 134 200
563 511 790
61 53 817
405 109 109
171 655 -555
237 205 525
296 17 -781
687 120 -195
699 393 -784
888 426 303
242 801 -331
272 469 -853
357 584 164
575 314 -289
573 729 -278
136 366 -923
504 419 -304
435 442 870
354 245 713
647 105 -430
657 498 437
553 479 -42
133 711 -682
501 255 -921
653 699 182
376 366 -799
177 310 399
571 775 -324
571 127 -995
459 441 628
460 88 -427
563 333 -730
254 513 -375
305 887 -103
300 374 608
307 888 687
296 271 -101
613 114 439
45 778 -962
482 40 -506
110 834 -62
442 571 140
782 92 -994
422 248 -709
282 787 -627
562 143 -988
535 819 837
702 176 453
554 365 307
147 821 324
90 798 530
423 554 266
608 524 -112
744 44 99
567 507 -838
737 50 -130
156 289 49
646 72 -712
525 551 -633
99 874 381
563 261 823
568 671 943
72 437 -20
397 755 928
330 605 -11
540 444 -579
437 460 8
351 248 12
875 287 -440
815 320 -149
266 396 -33
844 137 -119
130 511 736
514 535 -580
465 375 913
677 388 -838
927 4 431
378 657 197
623 210 -266
312 144 -392
59 720 285
932 212 44
41 36 142
386 205 196
47 348 748
291 862 925
81 848 -66
891 246 -238
204 124 430
339 167 378
575 325 217
64 147 -525
145 91 -320
766 415 -570
557 781 745
670 569 741
75 771 915
622 601 391
630 202 -451
259 656 976
771 538 -51
272 255 147
298 378 551
78 73 -300
630 289 -420
347 773 944
40 591 426
612 767 835
704 387 356
443 72 188
576 864 276
18 370 691
379 357 -124
18 293 -292
331 72 877
772 22 -779
294 787 -206
245 674 660
428 667 -367
406 834 -999
8 633 772
167 673 -506
839 581 -378
742 132 -53
662 107 13
812 719 -804
562 493 381
217 839 -939
544 236 -69
504 696 -655
502 900 989
859 600 -924
731 34 961
431 657 -374
697 390 372
42 355 266
563 459 -939
614 785 888
355 100 -826
129 855 308
881 615 -665
855 488 -489
166 182 -877
214 592 -10
862 873 -665
374 516 166
110 450 -369
869 602 825
723 912 -319
97 656 -494
140 773 -907
452 840 -359
294 673 186
464 795 -436
758 321 54
177 84 143
703 505 -264
29 334 61
270 721 550
183 106 260
53 347 124
93 334 53
681 484 -235
384 272 877
335 109 -939
225 837 900
500 394 685
288 862 699
477 653 -3
37 832 -368
555 176 327
864 510 -227
564 487 630
125 137 192
566 513 -952
873 66 -96
853 554 -213
496 506 703
185 745 -278
352 72 204
908 327 951
475 621 -200
22 559 758
365 717 -786
735 780 -441
566 804 72
631 285 -292
931 88 130
26 715 -838
246 53 -627
59 319 -654
475 491 -385
352 325 -39
832 387 934
129 113 -701
641 589 180
291 614 926
13 376 -848
264 527 166
169 617 75
452 123 0
650 288 -279
408 433 -838
497 723 902
312 726 -915
865 438 -525
181 790 845
16 38 585
700 262 -464
854 313 -523
463 64 -367
210 555 14
886 379 705
769 523 -348
931 301 292
604 707 558
472 520 333
916 624 338
617 138 -192
227 441 -301
436 851 381
898 647 298
752 818 -144
138 573 -535
129 891 -143
791 513 -985
25 309 143
380 750 -656
639 233 563
186 549 500
651 891 225
678 531 -97
444 538 145
64 36 622
729 356 250
650 843 303
780 383 968
883 799 124
315 618 -6
599 437 340
112 99 273
12 533 575
802 149 -251
262 819 -558
587 754 162
591 358 61
903 239 -683
110 419 -343
25 843 -528
520 824 -549
839 912 -641
708 498 -988
375 218 -498
926 125 680
266 320 -671
904 155 64
922 283 952
610 929 751
386 228 -109
148 226 62
378 797 -192
235 689 95
155 746 -135
401 652 644
269 10 963
66 149 262
603 83 -598
872 473 514
410 145 848
419 172 612
365 651 -939
380 72 -738
563 655 -809
293 30 -369
208 839 -896
576 659 924
102 698 896
447 817 -396
408 850 152
923 97 -624
896 671 938
68 239 -357
411 82 706
78 902 48
932 647 -113
548 512 625
716 655 -244
741 173 739
165 140 -469
247 841 -853
271 4 -449
856 437 450
930 484 -805
893 624 -822
793 403 -140
33 151 -212
609 282 -802
483 209 -103
215 617 524
251 586 305
353 259 -301
79 490 -987
401 564 496
374 613 827
374 130 228
708 595 892
85 341 697
844 425 -373
395 623 -200
513 600 -663
237 148 355
813 308 214
402 266 384
727 472 -939
828 904 716
732 263 631
316 273 30
66 860 -991
430 211 -223
133 805 882
222 529 -296
470 619 81
451 865 -441
775 698 -496
779 638 -350
196 584 -279
596 602 724
218 214 -977
437 822 967
503 456 545
180 109 206
253 692 455
395 618 -295
238 611 -246
301 478 -226
851 20 -329
910 386 -978
800 412 376
732 645 -34
114 731 416
626 838 293
204 101 369
864 915 -870
657 854 923
315 284 -952
198 50 -696
390 757 190
740 906 -458
497 700 589
607 609 -940
612 394 483
527 484 680
59 623 -230
828 584 -11
341 869 634
854 88 -552
18 287 -119
504 734 -973
792 420 -666
905 660 -153
399 923 -207
87 488 -284
470 131 -779
927 303 -421
109 580 163
260 92 550
624 836 -438
218 419 350
871 5 -429
149 272 260
232 271 193
658 872 -406
557 329 752
214 119 -992
431 62 578
829 694 -497
754 343 770
772 81 660
831 114 -904
62 315 274
545 150 45
525 605 744
730 183 -533
806 134 -979
127 400 841
548 34 165
426 819 237
800 593 -256
229 635 717
932 623 -57
817 269 -20
366 482 138
817 238 -772
216 618 -874
543 627 -429
431 812 901
754 816 -737
252 681 -211
341 67 227
898 803 -325
443 377 -77
444 763 -177
30 26 319
767 910 693
932 180 -999
630 162 698
843 28 809
426 146 -134
376 799 750
105 759 -579
690 73 67
566 440 -247
817 449 -765
477 16 911
721 931 -984
535 930 -86
568 445 -343
611 280 7
89 264 815
782 698 -874
522 590 -399
865 644 -6
629 226 -995
716 858 -75
863 646 135
180 188 274
902 91 544
330 84 -426
441 624 -809
270 921 742
560 574 790
784 329 570
103 884 617
871 2 -847
847 716 -20
136 827 833
762 337 -228
526 638 814
469 568 15
575 537 -451
351 276 -805
872 348 -804
341 744 -661
185 18 444
250 779 -513
317 509 -271
121 110 536
33 666 -846
623 478 987
291 774 -838
70 497 155
233 143 522
262 687 -84
794 261 788
392 51 -967
155 410 187
244 511 -486
583 212 -175
73 22 270
761 901 -438
732 204 409
908 782 601
582 675 -543
714 641 136
561 844 515
186 177 -651
505 280 -315
346 690 968
409 626 -619
816 126 -604
844 931 -643
615 372 -82
277 813 -652
325 218 -11
831 10 -977
187 256 658
622 731 -483
731 843 958
699 578 -836
742 229 -813
751 191 -949
793 92 951
548 807 370
795 2 900
399 53 993
540 80 258
46 857 -880
307 96 -520
629 843 548
441 300 -504
328 379 -671
299 76 -444
567 114 -806
910 16 672
646 817 405
8 683 428
388 462 916
577 571 -492
4 36 -35
249 800 -465
858 554 37
711 198 915
188 170 879
563 904 -464
295 443 643
115 500 -65
593 33 508
663 483 -425
781 436 826
116 762 -120
577 135 282
514 524 -560
48 188 828
64 162 -819
135 304 -297
498 705 -791
63 791 271
86 280 -659
836 175 475
64 131 -814
493 355 -856
153 366 875
379 866 -652
191 683 465
611 420 375
504 412 458
169 646 -341
571 156 -716
543 29 3
115 577 23
817 715 -72
468 882 -101
283 396 -211
729 737 -921
839 17 -544
658 105 108
330 251 -686
472 629 801
601 631 -471
137 570 6
832 246 -651
358 325 -523
462 553 -658
413 269 769
496 857 -704
144 631 -380
685 872 581
542 128 -457
894 522 419
6 180 928
432 536 -683
237 465 -131
874 606 288
111 756 46
11 899 -518
402 371 114
401 886 -237
442 79 478
677 48 148
380 920 -294
723 284 -708
70 523 167
396 917 756
844 43 581
248 432 -489
267 845 19
315 8 756
500 915 -923
455 439 -340
159 909 80
566 495 -875
732 370 -13
421 29 214
53 325 823
60 815 -854
504 838 530
580 537 9
891 661 999
84 885 -349
491 730 218
92 82 434
789 362 348
39 637 -460
406 211 127
59 742 138
33 279 -328
820 117 -991
3 666 -190
809 925 -119
422 129 673
14 476 -337
186 25 652
457 173 -877
305 577 -763
571 903 -354
605 449 -427
876 747 -350
307 181 28
321 308 316
542 923 881
775 36 -666
242 279 701
358 718 802
636 153 -129
391 745 862
17 316 930
31 10 -667
369 524 820
248 319 161
433 804 -670
168 54 -135
738 242 904
237 320 -378
231 125 -432
264 658 -317
332 234 395
794 898 279
771 452 836
226 310 -624
253 705 504
465 249 -816
825 504 -373
172 587 553
499 759 -498
196 733 730
40 920 -210
537 286 -932
207 747 -733
739 377 -339
609 474 776
665 366 -253
641 614 440
120 59 -234
53 118 691
393 859 -3
4 21 942
917 787 -325
309 353 641
594 198 -864
377 246 730
861 145 87
64 328 574
196 142 -22
144 218 44
742 578 -441
89 102 -500
130 328 -866
919 112 -669
529 114 -482
436 340 770
404 165 -421
931 344 168
877 270 -345
748 542 -842
804 847 -164
405 81 -787
393 825 446
421 719 -15
714 357 -625
555 847 62
147 350 263
275 499 -383
931 868 -658
576 808 -143
209 680 301
525 264 864
758 827 -520
444 617 383
843 514 -652
49 277 -120
438 37 765
735 906 134
611 488 -425
118 728 -9
871 681 -178
71 660 -861
328 594 472
361 316 243
874 97 725
226 268 -240
188 310 -502
620 283 43
112 874 -662
723 843 -677
170 207 593
317 732 190
797 892 -402
237 795 234
328 114 -153
87 59 19
912 214 -467
833 562 581
742 489 -715
167 669 225
904 878 744
817 168 419
563 828 -115
687 434 -899
52 172 -530
272 230 -899
103 484 -689
679 642 -5
661 594 8
535 511 -446
369 697 -327
713 30 309
537 750 -920
426 435 583
217 285 -340
914 884 -714
79 546 -240
244 393 901
556 93 -522
679 231 -228
349 540 718
636 600 512
551 283 -625
366 895 -774
524 865 -845
37 317 66
398 157 -548
200 315 -589
243 736 -688
753 591 269
35 122 543
733 122 206
227 123 792
575 569 934
79 162 802
677 600 469
895 837 220
854 822 264
211 388 60
636 448 -513
565 284 439
235 135 543
855 429 518
640 245 -303
133 338 726
164 696 -376
744 842 355
269 244 -62
865 644 -744
306 95 760
257 469 -67
334 761 845
893 350 -596
151 22 -215
340 660 844
434 416 923
796 339 -61
550 368 20
69 810 958
821 743 152
909 814 177
359 178 806
880 794 356
522 772 -399
126 358 -796
773 11 -495
445 532 -677
651 104 -225
763 182 -872
924 812 -465
771 47 -316
74 928 -500
668 858 104
398 609 554
712 140 255
750 872 699
169 611 -314
675 362 -614
755 407 425
663 155 -506
727 887 513
324 628 -478
544 885 -937
435 165 -615
202 186 -198
871 197 -317
267 288 916
295 810 -130
658 379 -529
475 280 -483
716 653 -117
425 582 -149
842 623 -42
242 1 886
168 397 416
817 787 -531
463 718 18
121 386 -209
281 503 -43
449 195 659
6 602 116
933 663 614
657 520 -660
786 264 192
811 655 231
502 496 684
685 914 -430
820 285 622
920 282 -863
222 298 -269
782 662 -26
820 342 -514
660 484 -500
122 804 -341
722 156 -505
835 151 -463
3 139 946
325 663 358
840 700 757
663 794 711
5 563 -455
380 866 -420
239 109 -689
403 367 326
465 892 -469
902 177 527
144 682 -314
581 691 -499
151 400 -135
888 468 -7
440 478 18
761 887 -843
508 825 -115
428 81 111
145 365 23
497 440 -941
117 872 -986
119 812 799
73 853 -973
71 185 -274
696 670 404
819 662 129
530 121 -765
352 807 221
313 546 -922
741 827 -685
103 170 -720
337 654 521
320 285 -704
463 619 -470
302 564 -659
95 72 393
821 306 -667
229 212 -374
850 196 559
237 616 626
149 422 215
431 718 -512
319 839 542
608 439 -296
815 538 -946
563 836 -81
33 739 -405
241 846 -148
668 523 275
934 914
862 307 434
641 457 -95
63 696 -983
827 596 -416
841 128 225
596 434 -449
103 111 817
816 440 -931
304 888 495
869 769 866
865 836 251
672 385 619
189 894 -648
82 758 -623
367 218 -738
804 852 -179
52 303 451
444 437 975
585 41 247
895 322 650
146 675 -241
467 199 623
634 668 -968
311 500 517
532 66 839
43 22 -994
150 749 -191
890 458 487
774 627 11
560 841 -945
861 341 916
922 322 -22
67 916 33
881 743 679
528 12 -327
213 627 85
513 246 766
537 23 -562
808 802 196
467 350 509
515 140 998
613 158 878
734 753 -182
758 201 596
74 270 -258
385 613 -637
159 401 -90
438 795 -417
88 684 -202
544 323 -930
447 33 -908
830 463 991
742 910 322
660 159 -78
531 179 -356
524 89 758
520 238 754
537 49 -257
674 556 -729
471 130 257
590 80 -436
25 893 868
665 143 27
536 278 978
289 560 143
885 396 198
372 467 -176
898 212 721
890 15 -329
451 553 -987
246 221 129
695 740 -83
511 859 -724
441 765 -398
298 698 717
366 314 -108
652 583 222
854 352 -718
481 65 896
611 96 -820
215 548 -171
230 388 -673
107 716 -787
593 43 488
110 797 -422
352 726 -866
411 296 -934
729 131 721
63 694 861
857 722 -488
404 907 -789
573 710 -614
278 187 953
251 205 892
647 146 370
145 43 -859
141 31 -116
374 116 685
649 44 -150
743 453 60
254 461 -601
154 217 217
561 57 287
655 422 663
362 257 -139
908 345 -578
52 336 -52
755 437 193
600 315 -152
362 30 -752
96 45 664
904 431 -297
722 491 -910
897 712 109
366 850 -87
103 806 271
28 905 902
112 330 424
463 178 -122
341 640 -303
368 713 421
358 456 -558
584 354 -260
892 570 369
714 421 931
120 296 -754
527 870 -126
484 623 -435
186 439 -811
874 734 -513
500 529 -377
379 288 316
348 851 245
141 127 -680
367 20 -251
912 632 -55
756 477 138
351 883 614
471 621 298
423 529 350
272 529 898
65 532 177
227 573 -245
659 723 325
736 809 -34
908 372 700
345 479 742
93 881 -894
507 616 68
706 266 643
326 288 933
41 799 -104
526 314 -707
167 307 501
464 395 -684
659 160 912
632 269 -366
147 284 -985
473 113 259
538 798 -201
60 904 870
52 548 -84
697 422 718
257 468 -99
59 255 19
195 670 -269
693 508 320
927 556 -225
777 378 697
202 594 178
869 396 -622
545 741 245
107 432 190
810 728 544
124 57 -835
630 449 -790
370 77 828
906 876 380
275 894 802
843 492 -267
717 257 672
358 315 -371
527 923 776
805 142 -314
193 478 28
825 279 940
759 129 -241
381 909 666
341 293 -938
354 774 427
90 429 -288
3 7 308
36 539 342
308 808 -152
527 245 21
249 112 591
226 659 358
616 465 240
176 591 680
827 233 -301
177 65 -15
219 616 -412
654 88 912
681 645 341
916 683 887
847 597 581
641 130 -983
159 613 -193
63 451 519
292 3 -963
177 921 536
448 602 463
699 12 -576
511 874 -102
86 577 -773
36 653 291
237 31 -947
55 147 19
12 197 548
135 864 47
159 236 852
580 781 -137
564 805 -3
147 882 47
858 672 903
385 408 -344
925 214 191
495 562 648
23 742 -865
456 269 432
173 864 -387
81 543 779
908 860 -556
7 533 -723
910 403 84
246 147 -662
814 69 902
272 71 -52
228 724 -538
216 923 -786
191 434 365
392 702 765
432 62 -11
881 570 -111
665 18 -565
149 348 -472
338 581 -339
144 893 -630
405 439 330
125 859 -753
257 609 864
230 705 -875
797 871 993
330 99 -650
257 252 -314
616 455 -760
818 305 -677
887 317 510
303 174 -319
920 561 -904
107 42 -229
779 797 -115
906 540 570
637 900 741
625 585 684
926 238 -145
85 625 8
887 9 -710
67 17 920
322 706 634
189 234 -628
724 248 516
346 842 -400
190 160 739
893 767 -580
296 359 -76
438 274 -61
435 268 -832
504 299 585
352 730 -608
636 770 896
39 450 570
121 821 -626
432 396 -518
595 155 523
234 515 -623
427 528 -392
642 231 539
602 391 618
190 801 115
201 163 -992
699 365 101
73 666 -591
177 596 450
254 177 131
98 260 950
131 191 -75
296 904 108
415 916 -110
142 574 -343
348 322 625
111 66 -916
484 526 472
476 912 340
748 159 351
288 225 -573
853 651 393
35 907 -855
251 560 -577
626 442 630
72 433 -208
871 1 -148
476 280 630
556 353 -14
889 906 877
445 354 127
831 795 935
863 741 761
311 896 383
191 591 484
628 565 -99
892 120 465
130 171 -204
497 517 -285
440 8 -241
632 40 728
188 94 700
578 289 138
1 514 211
506 126 -923
197 53 723
349 649 832
518 575 -392
748 770 361
591 308 763
160 692 -821
820 408 -113
508 911 -872
120 614 -44
221 668 -326
78 192 165
861 456 -282
128 736 -624
205 527 22
293 819 635
284 567 -907
463 558 87
678 923 -364
616 354 -525
683 640 -895
659 308 915
874 707 801
560 45 -123
571 627 -335
698 451 383
580 20 205
566 175 534
671 404 -849
808 720 -802
20 469 991
118 246 61
766 23 -316
130 444 716
171 46 -792
37 1 -91
744 293 -841
888 281 246
263 432 935
156 487 359
25 660 -686
861 486 -102
883 479 810
350 63 -698
866 95 593
20 702 694
481 742 -335
814 641 -746
124 527 -55
692 453 -75
3 553 -816
703 204 525
758 521 174
925 792 821
645 62 633
737 82 35
162 31 582
677 704 -914
238 784 181
806 223 40
189 581 -834
379 550 466
107 129 -156
581 505 391
588 612 -138
77 10 -951
692 450 -548
722 25 -521
579 381 -221
262 235 -867
539 392 872
651 161 -845
156 849 500
39 461 80
794 419 533
699 635 -235
918 812 445
530 731 395
350 850 -862
713 461 -215
324 96 760
780 916 -347
478 55 317
797 281 101
549 756 -951
903 496 384
420 619 509
792 463 -506
858 204 571
232 866 -488
711 427 -993
655 788 593
487 231 -998
669 784 -776
495 383 217
35 318 972
277 684 -518
572 57 -845
733 163 322
483 692 284
545 204 78
328 121 179
739 226 325
342 765 805
349 369 119
285 93 -560
346 567 -677
872 460 89
242 302 -408
452 59 -630
219 788 514
445 31 340
301 669 -41
350 47 -303
556 361 80
340 338 -889
617 468 -556
593 50 -792
868 312 292
754 871 333
775 610 -805
564 388 972
821 357 -693
605 366 289
449 796 903
48 380 104
160 774 -817
250 549 -718
781 236 675
269 680 364
153 611 526
375 51 139
78 40 -892
527 707 -354
539 104 402
27 679 95
176 282 260
772 648 967
314 406 444
898 260 302
845 120 935
387 404 514
457 376 -901
408 282 894
539 709 21
349 829 -843
477 925 -203
567 150 521
528 810 -599
920 129 797
366 327 -71
183 874 -732
579 479 -9
90 688 -603
783 94 -899
406 96 -580
154 315 831
109 231 -952
764 432 -630
642 864 795
549 591 159
926 231 -656
438 511 198
98 337 158
150 624 686
685 117 -378
902 916 80
723 310 308
174 415 -69
113 788 -37
387 533 -21
710 827 -810
119 900 -219
654 42 -302
123 517 -167
2 484 73
112 593 -353
584 190 -637
94 664 140
232 175 81
773 210 738
682 594 -130
882 71 243
133 198 -864
402 324 359
734 5 -793
45 112 582
418 285 -39
2 735 93
560 456 -885
753 314 -542
309 872 -275
764 212 665
513 727 995
874 619 -966
164 605 21
369 540 759
12 619 -175
924 236 -475
747 870 -458
784 890 -265
436 568 -650
279 526 313
78 521 568
619 128 -616
172 185 -502
394 381 815
402 786 -534
745 592 -671
174 8 212
840 494 105
182 174 -34
372 287 68
920 290 -875
432 722 778
645 911 424
854 547 204
846 931 -485
614 415 -106
168 772 -102
778 533 -318
194 838 -151
442 465 591
800 561 357
525 250 -465
14 99 382
884 912 464
415 274 -97
623 314 253
495 160 288
386 330 817
879 562 -353
358 112 990
283 70 -518
14 418 -194
645 185 784
735 665 575
382 196 812
828 370 986
79 850 -957
9 816 -114
269 171 176
85 122 -730
265 259 423
847 765 700
165 562 448
836 502 -70
98 537 85
408 726 -467
795 566 -207
185 46 -719
458 883 432
388 587 -57
391 20 -262
6 336 837
29 96 -769
907 276 648
525 410 182
390 808 -605
464 126 -789
424 931 -613
504 588 650
295 209 -801
211 140 -985
407 4 -552
383 67 388
185 314 604
689 291 902
838 696 -436
356 217 680
873 489 802
925 425 978
109 440 931
688 909 699
775 466 584
869 226 553
23 177 608
859 900 -14
326 655 -648
85 667 -749
175 492 -137
877 616 -677
338 928 -369
699 522 368
54 140 -91
673 360 -691
821 748 -302
454 200 -831
313 382 -725
362 471 -555
749 832 -266
231 274 -236
109 301 -449
438 194 143
832 754 -698
809 805 426
384 430 375
602 859 -231
447 312 -660
621 556 357
708 613 -919
141 789 -157
764 246 -209
916 710 270
439 524 6
459 761 34
303 676 -243
122 523 -754
346 143 465
231 714 -474
185 483 -86
930 583 -764
924 481 165
320 182 839
718 259 437
858 126 -955
405 171 -94
544 741 -197
558 509 998
220 159 433
215 719 988
881 545 690
738 195 46
181 396 813
524 769 233
761 437 -967
789 276 -696
907 260 461
794 746 -300
714 820 -841
536 560 -894
843 864 -36
491 209 -235
573 545 260
209 455 -730
930 172 -867
719 483 669
204 852 442
503 214 -687
31 597 188
93 255 742
228 116 -809
164 500 160
399 4 -1000
769 148 506
523 442 -873
598 393 -789
588 535 170
145 370 39
642 466 -738
64 231 -348
869 716 142
200 376 -469
204 187 -443
621 405 385
136 761 506
818 324 988
580 38 493
687 527 528
631 859 -33
345 757 781
276 790 279
173 391 -630
533 636 -146
687 266 119
135 693 343
898 311 -321
185 84 -56
391 640 -663
573 552 -361
671 175 -112
661 345 -163
870 829 -15
788 682 515
18 134 -613
210 759 -396
829 769 396
261 349 -47
484 823 -723
543 159 340
569 502 -595
526 363 -808
726 629 146
295 366 936
448 851 -108
855 284 -168
8 929 -583
414 862 -296
531 121 303
527 832 -894
155 234 -545
379 630 -269
911 565 813
284 184 771
574 213 -287
230 629 -517
185 691 -829
709 47 188
890 352 -275
615 878 -714
381 61 -918
129 323 -594
911 379 413
466 694 468
336 802 -33
741 835 572
801 782 -382
114 297 736
754 723 -328
585 298 -987
697 903 698
890 615 -80
877 33 58
346 218 997
381 878 844
640 207 55
798 592 -503
631 663 -721
431 530 84
478 45 -354
921 448 -171
595 612 683
546 544 286
779 337 -366
200 909 833
102 348 561
167 297 -680
761 159 -687
70 815 371
2 512 -471
608 576 -442
712 756 984
512 558 993
729 564 281
764 152 829
722 477 302
49 693 -783
907 336 -121
433 830 153
510 550 824
253 166 906
721 172 -890
451 378 -307
230 305 -699
796 703 474
357 437 567
435 530 790
300 350 -447
294 287 -589
330 566 401
332 120 -169
762 380 594
908 566 139
643 211 -591
786 653 -875
61 706 8
437 644 558
83 917 -144
26 747 -266
343 644 471
364 479 -657
241 338 204
782 57 -991
537 238 293
102 448 -343
126 773 385
393 61 750
631 253 -996
667 569 -877
549 227 160
519 85 -959
530 49 613
514 239 -697
510 299 -442
65 38 728
663 918 -494
571 796 939
237 679 -961
292 244 731
262 167 -178
266 719 337
439 858 -383
919 42 835
268 742 393
387 792 -879
517 49 239
422 432 38
662 304 -691
109 255 596
116 773 903
866 523 37
901 346 840
803 126 824
903 778 891
84 399 206
231 521 392
212 324 -458
590 673 610
195 879 -269
790 443 -948
573 299 -272
228 931 540
729 625 -585
369 333 435
274 320 812
178 587 -869
243 99 -368
172 621 10
509 136 471
678 145 252
391 658 -20
668 830 405
25 477 184
145 72 571
187 611 -130
617 885 687
83 484 395
357 548 57
827 240 890
539 249 -481
386 640 -22
809 167 329
917 525 -326
754 538 -181
683 830 -112
323 746 -994
425 347 -68
284 934 382
280 253 850
11 244 -407
721 43 -685
557 178 458
686 911 -904
433 208 339
584 210 788
537 853 697
156 21 489
287 420 833
613 776 -159
210 331 770
485 814 -740
630 526 24
422 560 283
691 25 158
678 529 829
352 391 -96
345 475 -181
129 694 -412
890 126 -566
181 761 361
465 542 175
477 525 385
580 357 224
471 214 701
368 734 240
630 646 519
459 920 451
82 679 391
719 781 529
40 241 461
218 271 467
376 130 659
663 349 824
408 729 523
612 828 275
663 242 632
356 379 794
533 212 -667
541 114 41
228 842 -474
574 125 -644
737 181 -620
755 621 462
38 204 180
294 640 -865
353 766 169
664 814 -409
683 511 -107
118 461 -8
354 206 -438
395 298 702
177 114 768
49 729 -713
525 648 -549
154 291 960
819 975
689 341 -97
177 246 261
408 155 -378
702 657 -271
336 629 678
219 86 -488
596 638 513
563 139 -49
715 545 355
486 245 820
399 221 263
585 71 52
411 662 -337
373 529 413
528 495 989
326 258 -607
364 718 949
72 240 301
78 347 755
571 233 -832
366 640 -689
557 525 -467
370 118 973
305 624 -917
17 701 981
120 173 167
363 780 -947
504 266 -50
534 155 965
97 494 -89
715 619 79
573 785 17
498 714 492
647 248 265
556 542 826
516 721 68
756 621 725
324 61 582
26 550 962
545 792 691
27 767 890
571 683 -75
528 22 394
458 190 -327
450 209 843
470 483 -245
799 463 102
147 35 876
35 216 684
69 102 -432
561 41 -346
649 147 917
54 702 -733
553 359 568
30 748 831
773 525 -480
500 770 -708
663 796 197
298 679 -725
655 238 604
301 85 113
631 27 252
769 358 521
67 302 -19
692 89 -451
245 452 543
191 286 62
502 590 -415
630 93 358
30 437 444
192 53 -606
286 250 -686
740 281 -931
269 552 -814
384 237 -636
303 478 -467
516 308 -733
316 57 744
54 347 70
280 589 -381
208 805 -198
168 461 -152
257 681 -150
225 333 -356
609 494 404
397 511 600
391 669 -479
247 706 226
508 402 62
384 682 127
472 541 42
18 428 892
798 208 -525
304 800 345
299 510 762
376 385 307
315 392 6
780 219 478
615 693 -540
781 390 -894
471 348 664
460 27 -327
220 379 -819
603 763 547
474 650 276
187 782 995
522 205 -61
742 569 1000
84 407 -22
619 91 494
283 25 -238
127 192 268
183 537 216
581 746 364
733 246 127
205 53 983
99 646 -297
311 425 821
181 522 -287
801 554 594
189 547 610
787 545 -748
258 713 936
152 34 100
739 226 334
680 194 583
418 271 310
667 206 -185
800 695 -272
225 503 -773
638 24 258
18 208 943
29 116 643
175 722 70
572 566 -370
424 642 879
65 684 -854
816 33 -909
576 547 487
96 105 -380
70 53 -459
360 604 677
536 703 -382
337 334 167
539 438 724
58 449 -66
672 331 429
519 636 -90
798 111 -138
231 646 362
207 292 -473
306 602 711
630 144 -811
612 308 -571
371 214 -377
85 130 593
372 501 -669
266 158 788
283 18 -926
36 156 -412
414 38 -498
189 8 -211
276 14 -428
259 299 270
12 443 -886
313 355 -219
518 450 262
202 596 -407
745 235 -888
373 218 174
247 379 -809
371 30 -991
810 338 429
788 356 -797
334 318 -600
702 353 -492
59 21 564
698 311 -851
113 349 -709
80 466 584
231 806 128
585 698 0
723 376 -637
786 391 -943
521 1 -666
389 313 -349
323 333 798
687 99 138
50 553 -51
342 755 730
325 175 -16
705 460 -630
755 218 114
111 3 -319
518 101 -805
297 78 658
618 114 -801
799 625 169
68 56 618
569 362 -560
646 600 6
436 763 -72
172 646 41
644 814 340
776 805 822
125 302 272
465 752 365
719 214 364
688 360 986
574 298 -842
341 187 -214
278 548 933
332 343 284
622 76 608
675 662 239
292 755 369
426 542 841
324 206 -932
336 353 868
558 493 -892
50 227 -205
355 580 480
670 420 812
680 148 516
63 632 978
411 321 498
315 319 -497
207 27 -734
610 167 30
641 105 908
305 40 -453
45 537 -699
212 310 127
803 373 258
627 632 32
92 162 -894
163 221 315
359 696 530
515 770 -449
498 772 655
7 427 -867
229 255 -488
715 349 181
638 184 644
250 225 -606
213 53 -22
294 233 -256
707 526 727
428 786 -61
325 771 943
422 234 -248
678 145 830
494 154 265
268 145 569
651 60 -824
777 688 339
754 715 -498
478 501 -775
107 552 893
275 482 39
810 415 -344
155 224 -602
660 542 384
241 434 -488
188 297 -498
161 745 -335
735 106 523
521 228 583
240 602 -455
168 256 -629
554 244 180
612 263 544
245 248 382
59 771 940
105 446 -769
353 609 931
215 146 99
2 263 -740
38 203 365
739 309 -287
445 583 -679
102 707 -69
783 219 12
161 807 61
283 103 -503
555 615 358
660 431 900
487 170 -913
651 522 -168
138 614 142
222 412 629
140 582 86
663 578 680
224 132 255
727 296 -465
224 216 86
107 296 800
638 422 717
694 345 -450
225 571 -706
711 669 800
341 278 565
657 23 377
224 806 -796
638 410 -889
68 782 590
718 72 -697
598 177 859
324 352 -11
306 745 779
784 327 10
489 462 -41
570 819 877
339 475 -599
112 304 -550
289 441 964
399 776 527
283 783 -225
466 768 -948
212 281 303
785 280 -144
97 186 -455
366 611 608
187 313 170
109 9 -375
279 504 295
9 290 228
310 810 -620
674 740 459
755 725 298
285 421 11
249 284 -71
381 259 757
677 774 453
782 112 765
386 453 -143
666 446 499
766 99 89
142 540 -607
489 407 332
685 126 729
407 113 -821
658 60 342
260 86 -94
585 7 681
179 348 -203
629 53 455
666 540 -579
200 289 -990
309 304 -159
299 152 526
401 374 -983
151 556 -714
74 409 -778
498 527 -828
288 332 26
738 433 270
486 256 -162
637 818 -23
687 652 -567
279 601 -39
185 608 -438
445 256 -47
372 647 943
371 41 967
504 416 -856
6 797 -934
152 453 -754
259 713 -433
685 98 572
304 319 717
644 37 -310
70 796 699
480 363 563
48 682 64
454 237 -215
281 292 -656
131 264 675
81 271 -191
177 633 -959
797 55 -231
81 228 -115
188 439 -820
369 222 -469
740 701 -651
50 736 982
499 711 -644
626 94 -17
325 705 256
624 573 -171
759 3 896
331 166 747
93 223 128
562 509 -853
444 384 -191
700 228 513
581 651 724
698 740 -761
668 633 41
779 680 283
96 62 460
181 522 875
609 224 187
521 377 -458
673 385 479
694 60 24
313 780 362
572 655 25
59 246 44
570 97 870
653 282 947
125 461 -380
451 672 461
398 417 726
397 113 -128
629 418 692
37 787 189
591 641 -320
217 420 124
300 728 363
433 309 146
45 321 -373
526 273 767
229 634 -379
643 332 -903
489 677 607
99 610 468
782 470 533
590 369 -721
536 575 -907
696 729 122
683 301 -342
438 403 -890
472 656 -390
602 773 736
624 27 678
203 207 -146
722 401 494
774 289 -19
217 526 -976
238 86 -928
211 138 192
334 731 -434
466 257 518
813 650 -453
225 272 -777
600 650 -605
788 387 694
80 517 472
612 501 611
552 638 141
489 780 534
471 515 -517
188 368 534
86 424 -251
699 349 456
165 378 -386
669 606 -834
451 124 -833
77 185 303
784 545 91
570 248 411
621 745 949
49 480 718
271 147 -736
508 85 -473
254 671 -799
115 114 -805
453 451 -579
689 567 -914
363 239 -855
141 662 -421
763 229 -447
303 443 -612
91 630 -130
52 532 388
258 734 269
101 345 980
349 527 353
109 438 925
426 75 959
732 205 -641
671 726 -538
462 143 -187
74 728 -331
395 266 -401
137 430 520
453 129 823
661 393 445
707 485 -289
178 104 452
259 389 -532
185 128 -844
169 536 -50
807 333 -630
15 549 -874
368 688 397
380 588 873
297 350 980
512 356 347
293 594 975
197 180 936
816 196 971
99 754 -763
440 88 -813
79 552 975
716 805 2
208 326 195
144 429 843
230 15 -702
676 815 904
711 601 273
76 522 930
19 147 -844
237 284 -687
98 338 17
603 229 -412
276 734 196
607 295 -806
626 397 2
165 98 -141
465 283 -265
774 448 -638
569 662 -653
8 568 711
711 329 316
195 583 393
404 592 -263
601 36 638
641 346 -259
151 787 160
222 183 706
762 498 -802
161 814 -922
308 398 -711
63 710 -84
432 253 -619
324 521 227
77 89 -781
722 686 290
132 571 -580
378 467 692
804 759 -459
540 259 -126
497 322 -351
669 734 346
771 791 394
545 801 143
308 414 -924
815 471 197
237 459 -700
109 764 -4
676 640 -634
625 712 835
416 614 -58
87 569 -539
273 539 146
803 531 954
201 571 -619
486 797 -177
694 663 -949
606 515 -404
390 149 548
773 513 -198
393 547 -494
176 231 -86
550 297 -353
454 358 322
584 119 -191
248 393 -916
38 725 870
132 166 558
818 674 -810
415 314 -549
710 759 -258
380 581 -991
542 436 746
518 88 516
411 273 -348
538 551 362
56 634 -895
400 505 -497
643 51 -504
781 729 -289
297 384 808
44 505 -9
644 795 -253
737 290 -308
758 797 723
89 790 -3
86 457 294
469 653 -907
677 109 -749
316 358 -977
178 689 755
87 146 348
739 654 916
209 567 -721
700 704 808
418 754 673
538 193 919
334 399 570
88 16 587
681 632 305
231 115 703
85 64 879
468 258 754
149 390 -708
598 636 -332
375 488 -400
606 653 -427
752 767 516
252 493 -228
391 600 282
397 665 848
429 301 797
20 180 85
9 308 665
485 248 -61
270 269 -854
277 254 -796
518 446 358
734 45 215
275 769 -152
563 10 -124
394 654 -558
525 774 609
648 379 -981
183 51 -933
107 104 -776
458 260 -390
349 356 -248
434 258 -574
233 576 -894
611 800 -105
502 772 654
728 689 -799
708 66 701
144 113 151
687 694 -726
723 249 940
771 195 515
560 426 -271
471 748 430
294 424 365
307 591 -386
645 711 228
662 674 805
446 54 835
345 362 -232
315 447 800
372 415 -554
157 207 -946
747 182 -669
452 167 640
432 645 807
729 157 -931
302 709 -335
25 344 688
623 39 441
37 814 492
816 800 361
606 356 -833
453 3 -285
179 296 22
209 759 -593
676 201 -97
444 130 -315
483 171 -163
425 367 -178
657 717 -665
325 454 16
227 626 53
178 617 243
819 78 -188
426 17 517
653 284 644
541 582 -811
397 78 379
726 813 792
729 351 -530
664 16 -875
613 313 594
693 352 -50
85 448 -7
724 29 -331
124 795 141
139 91 -141
596 519 -473
579 568 752
18 785 -721
297 506 -720
590 158 104
195 795 815
445 570 96
418 792 664
652 620 -307
794 309 -85
740 795 -834
103 785 -564
398 530 -687
317 97 553
671 512 311
17 580 225
26 631 710
116 416 174
765 448 -822
333 491 -927
732 580 -688
701 599 459
183 654 785
636 339 -832
465 111 657
202 112 571
254 71 -416
203 581 919
371 751 -73
738 233 759
479 696 -892
532 709 -915
290 540 277
680 177 402
593 16 -605
712 720 415
547 239 -86
70 215 -958
557 249 -644
82 128 -757
713 130 -317
589 23 -383
310 628 -874
667 394 -344
701 445 438
508 247 190
609 779 860
597 652 -517
739 673 244
150 347 -570
602 627 281
6 402 -722
731 176 120
61 643 444
77 751 778
606 145 17
216 210 -69
671 631 -510
740 654 319
54 531 773
782 512 639
465 370 -558
206 237 816
221 486 658
130 550 -970
631 454 334
817 103 -448
242 356 473
318 281 -771
333 697 309
458 684 -516
683 798 -276
267 348 -315
389 734 -249
93 50 378
214 22 452
605 398 25
690 661 -915
761 550 378
162 138 -650
492 382 -851
263 1 186
348 111 340
674 679 37
615 746 -316
316 244 -869
331 234 385
280 241 570
209 733 -700
285 766 -659
644 712 301
798 325 -611
240 218 963
78 18 -203
689 497 -818
5 370 -966
21 504 -118
504 673 -116
356 254 -237
729 606 -489
681 117 -603
305 770 631
203 702 -853
9 341 935
754 600 859
158 392 546
374 677 153
538 819 -614
639 80 -575
678 210 -300
283 384 -272
489 72 -459
17 441 -217
704 800 716
557 710 -671
398 57 367
355 346 422
230 702 -935
93 539 -514
140 458 679
291 730 573
597 785 -503
398 439 648
594 354 459
760 532 -832
278 514 833
531 739 -683
88 240 -220
660 806 113
619 627 -818
271 208 -816
630 661 189
24 258 415
90 199 -504
568 405 194
49 491 322
215 14 -775
651 604 886
329 452 -921
525 298 562
327 152 -717
501 31 601
232 422 892
237 515 314
633 272 394
376 259 -627
637 376 -80
19 687 -154
110 510 -7
418 258 -910
143 125 176
751 603 12
437 168 799
270 124 -331
283 385 967
127 507 -545
750 808 320
625 125 665
49 632 675
659 630 -917
541 320 -930
486 794 60
590 517 -370
568 505 743
655 346 -838
440 358 357
269 17 -134
558 343 913
587 495 -452
402 435 38
277 341 -873
694 744 999
616 534 -609
256 391 -258
431 597 -815
720 78 -741
622 517 953
402 451 913
426 109 712
344 580 -815
195 225 4
514 392 186
491 344 -598
215 748 97
248 235 -827
310 200 -665
558 195 -467
463 142 730
155 406 235
683 530 -855
471 257 -47
171 477 -149
198 706 847
434 566 -253
490 532 378
51 511 -817
499 351 814
461 728 -41
191 455 -969
522 347 532
525 556 -515
464 724 395
195 402 -801
87 45 -840
26 776 -397
172 747 570
323 718 292
131 217 -791
593 152 938
216 408 956
680 537 -823
35 640 701
379 637 -906
615 225 -183
73 704 402
593 354 -31
734 408 -683
474 431 539
457 117 655
544 2 -623
567 39 -262
406 124 520
778 433 -161
321 283 -728
548 675 -669
629 88 -561
402 483 -652
549 242 361
556 774 285
704 194 41
255 652 -554
162 157 -233
293 781 -608
530 395 -724
576 565 -258
176 571 -142
308 699 -608
470 279 -184
303 111 746
344 400 -811
542 666 470
382 145 -529
778 344 -439
668 142 -493
77 279 679
362 365 547
540 135 608
157 250 -453
650 419 338
438 616 436
759 420 644
275 460 950
171 20 733
29 556 -305
183 150 190
673 186 -217
237 783 329
505 28 610
283 188 -793
186 615 833
342 680 -103
162 169 -730
471 574 -58
632 575 156
301 196 -817
569 34 12
215 642 -599
561 546 -926
539 262 -705
299 693 -876
211 29 -810
315 253 410
116 29 696
204 469 -769
305 391 -217
195 439 822
718 99 929
408 748 -534
676 795 -522
609 716 397
449 257 -757
24 195 -37
554 794 -596
324 32 -641
241 577 -134
518 578 -511
306 658 144
959 905
82 115 166
216 517 737
919 404 -974
689 388 6
324 79 -907
175 137 329
796 432 930
709 407 943
321 18 239
828 444 -774
746 224 868
320 422 658
38 403 -691
577 311 -564
389 609 116
352 768 364
243 644 -730
371 467 -863
342 710 501
420 562 656
67 281 509
265 801 288
112 685 -286
663 684 -595
10 505 42
736 283 160
226 919 -719
438 203 -923
249 191 359
172 748 -270
36 592 258
303 821 704
321 450 -914
797 87 -131
733 416 -269
657 927 -557
609 473 -188
852 556 -106
745 600 853
145 105 339
464 862 -21
163 798 -981
265 659 -52
291 288 264
35 503 874
448 37 298
333 739 459
913 690 646
413 436 -747
790 839 683
352 663 -768
30 345 -343
421 170 -477
320 451 -247
18 706 556
347 480 450
908 42 -843
902 193 895
907 940 -440
740 646 920
280 142 -299
182 18 792
141 101 -668
274 795 840
554 194 432
862 937 -731
712 848 -727
353 531 90
588 300 -931
587 435 -823
147 457 592
325 158 262
840 234 -677
513 747 38
121 853 137
271 62 918
228 461 -272
716 283 694
308 389 110
578 543 -957
645 507 -696
397 929 -580
281 930 984
198 686 -185
495 195 637
644 833 3
692 574 168
71 138 766
848 28 -431
321 775 -311
68 602 163
78 811 301
86 117 231
21 840 335
140 47 -566
939 235 108
219 103 -839
844 725 -61
649 574 -210
303 10 2
708 700 488
228 504 -625
866 304 232
765 489 759
595 53 -838
747 463 -446
528 175 421
231 601 414
238 427 732
233 711 248
441 896 800
318 778 -595
753 342 -744
925 636 -514
243 796 -137
346 137 -104
812 290 -651
571 818 -290
197 109 -341
807 629 69
871 381 200
286 671 777
599 517 507
800 506 962
779 362 -328
336 933 -662
881 392 674
212 910 939
52 859 -108
386 650 913
226 609 -69
135 423 856
384 938 -357
225 18 454
328 814 -506
421 16 -496
559 35 520
378 800 37
648 378 826
342 750 640
241 302 640
875 913 30
761 591 59
467 311 -294
435 575 -431
700 400 -223
106 940 -24
241 809 231
443 826 863
290 855 835
808 676 -799
304 782 -331
661 117 -449
268 62 484
597 79 365
240 762 128
277 553 226
400 44 110
478 55 52
37 677 -171
515 237 -520
8 214 671
381 549 -486
312 920 865
261 701 -476
1 301 865
115 541 -727
423 796 -873
570 419 -360
133 792 -252
845 126 -127
496 103 451
924 664 632
87 9 833
948 270 910
878 21 647
157 899 -998
137 625 638
78 594 889
599 438 215
452 461 -804
310 828 681
25 144 203
940 546 508
702 201 -11
699 680 244
687 748 -751
897 343 453
760 195 120
835 317 -486
106 794 -689
494 504 -670
863 556 241
291 260 59
861 104 414
894 239 -198
159 831 -301
849 261 -984
3 625 686
935 415 745
378 760 -917
843 676 849
646 842 682
446 35 482
899 840 888
359 14 741
473 135 585
764 32 902
53 307 -437
947 454 9
923 711 -384
3 514 368
886 757 -768
352 72 -950
364 187 517
937 186 -505
418 498 -22
534 758 580
555 803 52
375 302 198
221 576 -612
11 609 -649
167 838 742
687 559 -582
190 262 -999
131 836 -270
775 569 200
61 126 361
98 12 -90
236 885 -67
680 669 253
834 831 513
778 368 58
142 277 -128
616 746 468
364 171 588
161 934 558
250 394 235
575 282 -71
793 266 -819
933 886 -836
2 746 -272
518 431 -226
118 494 -478
923 870 332
489 608 -520
885 383 -752
170 941 -398
908 366 -761
228 690 648
403 221 63
637 929 519
87 245 -725
547 68 -933
1 105 615
94 905 637
569 571 -855
863 65 -665
935 337 584
8 228 35
143 465 -713
793 396 359
779 550 -642
779 66 -908
784 15 170
802 424 708
125 9 -35
211 377 440
161 492 -256
63 309 -341
651 4 342
722 726 -110
808 585 -438
371 906 -48
889 91 -518
819 334 469
468 223 -748
327 218 739
959 277 236
874 248 -697
929 866 206
590 689 -17
322 374 -356
248 903 608
360 390 463
195 442 -613
269 17 402
161 754 -882
368 519 883
943 574 616
852 190 -274
600 454 555
149 361 693
593 561 410
809 269 -517
742 85 446
165 533 557
293 435 797
876 545 116
915 776 983
456 682 212
78 665 -685
777 284 -259
816 514 353
378 490 328
902 306 5
573 248 550
822 946 176
129 769 938
903 774 -224
765 70 -167
607 551 -839
610 884 -894
464 775 556
78 681 -43
36 890 546
178 902 828
414 180 -25
680 812 -766
687 732 872
44 266 -565
601 224 -191
750 681 -816
665 770 977
630 212 -702
472 149 -30
105 297 628
45 243 -336
103 791 -677
720 326 -17
451 342 -558
910 893 241
499 328 -794
855 530 731
441 521 -491
265 606 -538
267 659 -945
649 350 -151
139 385 -361
556 487 174
604 801 429
697 43 471
774 475 951
123 450 94
798 717 -686
15 735 -70
839 200 558
71 702 372
165 936 339
126 281 17
33 301 -116
67 124 -329
62 673 -932
452 730 180
81 425 -318
873 785 39
255 457 -919
473 837 209
240 160 -70
607 633 -727
782 259 217
537 484 -991
776 894 280
233 592 88
266 333 -789
467 568 163
940 694 -860
266 546 407
744 304 -906
726 538 -689
550 96 462
854 308 -685
714 136 -143
5 190 937
10 815 631
884 239 147
862 188 -67
355 82 -891
595 952 -319
549 109 -267
522 272 -172
385 916 36
471 38 132
909 130 -541
121 264 889
391 451 734
832 317 -975
186 842 569
398 97 200
52 387 -674
281 381 334
571 122 432
357 137 77
753 699 801
176 830 -880
314 629 776
306 740 79
836 930 469
344 573 -732
178 905 375
391 456 -41
147 435 3
209 569 778
552 925 -128
201 10 272
667 260 385
864 196 -881
408 303 -704
326 473 93
930 181 95
487 830 305
490 912 -552
539 251 179
842 856 970
705 643 473
496 388 -8
71 167 -637
523 561 520
856 772 -464
940 494 272
105 507 -641
39 895 -511
589 129 0
13 367 41
592 752 992
537 637 -247
882 955 137
210 279 929
116 773 -352
402 367 -153
402 716 -780
305 714 -52
177 142 397
644 569 26
15 91 -718
39 160 419
20 572 707
224 295 -27
191 181 -579
519 386 953
276 483 952
928 484 903
570 517 833
79 579 -246
81 154 -933
783 421 -348
273 123 365
667 359 751
507 351 226
130 385 -597
551 754 132
320 735 -135
170 869 -78
919 51 -407
4 69 219
398 515 -318
20 225 -1
848 20 155
690 959 -793
459 230 513
298 952 879
590 735 -551
255 113 954
807 345 -869
163 475 474
300 160 779
927 663 -43
499 685 -511
460 181 -497
83 552 -796
554 282 776
474 824 204
906 143 -720
938 755 671
789 315 -234
901 119 676
941 880 60
266 575 831
377 114 154
301 475 256
638 867 402
528 881 -689
260 827 -108
361 113 -930
29 603 571
72 654 152
671 845 990
364 623 -302
337 407 -364
296 700 350
574 187 -972
866 856 742
844 690 903
102 581 -97
602 853 532
245 796 -841
381 769 157
866 381 533
78 232 -521
767 486 -376
259 273 608
852 405 -698
409 877 -992
582 600 -781
132 868 783
251 505 -104
43 190 559
491 834 610
557 506 331
258 805 -948
111 957 124
290 329 -831
436 300 733
766 190 -553
567 146 -906
696 340 817
380 278 791
681 279 513
417 66 -485
674 292 -701
840 351 638
237 583 -262
741 531 -799
483 832 -206
410 597 62
842 348 -918
615 810 -721
342 173 889
711 878 -567
490 710 791
821 774 -540
692 863 136
331 435 288
712 580 -988
489 788 -505
748 519 80
205 942 529
639 161 -164
134 323 -806
60 291 2
836 138 318
42 367 218
726 152 211
425 898 802
654 584 640
673 870 -698
391 29 -669
587 81 294
46 200 -917
139 900 -184
917 245 -877
479 884 734
839 807 -596
411 687 361
270 676 612
327 78 40
50 4 -282
535 525 404
470 274 -251
195 61 -13
423 95 174
680 298 -615
31 440 149
433 289 -162
356 480 237
783 924 477
541 606 915
603 64 -474
758 787 -754
914 398 994
390 354 -800
484 217 965
588 946 506
360 325 523
618 213 -889
587 313 -724
494 143 134
516 793 -83
786 111 -202
774 344 -207
209 313 -75
508 594 622
732 5 -522
21 51 205
924 703 721
854 314 -898
145 503 131
265 158 -284
497 818 -329
135 70 -184
797 823 -362
579 424 -91
318 525 -93
377 10 818
329 415 -847
657 64 -41
763 90 625
501 691 936
51 248 906
155 459 483
236 94 -366
824 152 445
433 470 858
332 856 901
652 433 97
900 651 -498
870 831 771
40 183 -9
892 845 315
645 354 -3
117 204 -950
746 926 -624
204 254 -508
418 173 -98
151 20 562
238 722 14
7 289 -314
333 444 -910
299 916 -85
162 658 -699
130 300 411
672 177 -919
680 691 -182
576 730 602
280 539 -782
626 607 -558
157 192 37
33 886 -501
299 731 495
463 588 653
577 702 901
491 84 20
195 736 493
54 430 965
791 717 -474
927 587 287
676 636 -950
292 821 -532
123 861 -11
921 702 -109
73 834 -476
634 758 -526
658 185 356
22 410 808
267 329 337
133 816 535
620 455 5
578 398 786
553 183 -335
651 613 -165
510 455 355
54 702 -291
896 760 -950
609 731 -77
612 740 -174
777 51 -676
283 607 -750
876 877 -36
18 673 -99
570 867 661
346 809 -218
798 408 -234
913 646 -278
626 545 -717
386 357 497
181 340 -524
364 625 -66
444 188 751
188 885 -788
893 538 -422
119 271 444
946 873 -67
2 798 -55
315 789 -570
89 676 -718
477 16 917
24 78 20
127 810 466
157 303 261
510 177 -333
537 908 678
701 516 -323
639 640 -698
625 910 157
612 440 -959
601 853 173
136 575 -67
410 206 -877
138 85 699
830 653 558
947 635 108
120 403 770
784 873 142
521 141 -798
408 448 809
679 690 -150
369 699 68
912 510 727
204 885 -6
578 185 -191
482 198 937
587 698 -25
784 23 -611
84 212 55
346 643 107
236 40 -845
906 483 192
595 708 340
704 225 438
811 389 47
269 4 -842
177 568 -584
882 384 851
17 432 417
93 575 -551
649 51 219
40 672 381
815 944 -465
850 72 -58
872 74 -45
505 148 87
276 931 -147
434 700 -893
274 395 362
214 58 203
303 18 812
439 435 747
176 446 -336
115 251 971
921 206 827
558 905 120
899 138 475
291 401 519
534 25 285
720 438 -213
727 459 124
292 354 -970
646 92 351
191 479 801
910 630 -564
367 61 295
729 473 795
548 879 -955
711 904 154
769 690 -259
473 896 305
781 114 358
897 507 -423
547 741 683
59 778 -732
217 879 -193
711 451 -225
109 666 -946
874 5 39
675 699 714
819 451 -994
611 680 238
136 833 -760
585 847 -763
20 656 -410
591 455 947
381 887 665
68 168 254
848 60 -660
253 8 -512
747 521 -266
950 945 241
933 774 114
282 408 900
211 43 124
496 565 -195
731 788 -438
818 44 -68
437 504 844
831 387 117
104 640 632
876 950 944
305 950 771
953 569 -814
607 133 964
34 139 -58
432 92 -749
277 881 971
209 937 773
344 108 362
691 692 942
367 536 482
368 387 -553
906 227 -222
678 272 237
237 168 246
134 326 615
175 717 -307
629 896 160
344 37 432
884 560 657
693 143 713
89 382 -470
923 263 -571
755 958 524
795 438 -297
863 399 -713
460 550 -886
310 687 654
461 272 417
196 174 754
831 462 -242
630 47 902
725 503 -513
454 447 377
506 887 337
734 282 -771
13 896 -207
855 445 -62
832 595 680
565 325 569
140 386 -130
324 160 -242
224 526 919
886 322 304
736 421 978
449 3 -17
775 256 358
945 156 -455
280 371 895
342 265 -153
208 659 810
823 749 762
889 955 395
704 915 304
650 780 534
800 579 -489
213 913 -456
439 222 944
218 273 335
918 807 -676
459 195 798
448 679 962
894 410 861
49 765 749
898 90 -635
600 220 864
381 939 -911
584 681 374
391 322 -40
418 415 -824
957 454 526
826 238 -518
82 248 -175
448 374 -737
170 89 489
514 318 913
885 339 -229
616 872 321
44 167 -301
866 428 577
688 816 824
631 672 -855
786 377 -107
823 566 -852
766 67 936
949 955 -346
130 680 898
323 185 420
306 166 -986
57 399 -125
528 172 958
138 258 695
309 937 287
720 15 543
536 747 29
589 866 -206
419 864 -516
369 161 16
556 33 -202
830 735 557
802 811 892
354 938 645
312 730 708
809 909 -471
649 483 -910
251 486 -176
28 801 440
611 412 736
787 333 904
138 143 848
3 57 -744
785 891 -983
342 937 847
793 662 -410
82 133 -947
430 462 183
576 739 19
227 22 844
289 338 718
693 828 -158
372 130 -349
82 546 -273
200 919 -179
277 836 960
668 77 -834
415 2 647
175 315 779
821 849 728
277 319 -877
845 911
223 3 834
564 285 -350
726 1 630
360 313 -560
587 102 -694
605 191 -72
84 350 780
596 320 505
838 259 526
188 716 -165
101 468 556
597 595 864
529 309 -345
86 625 -766
310 692 -608
767 433 -952
39 735 856
389 657 603
589 39 -915
765 272 -906
269 266 398
753 100 -538
170 806 -725
298 95 97
780 505 -560
745 383 512
478 115 674
275 454 -789
207 196 215
308 733 518
777 315 -853
537 820 652
750 46 99
90 531 943
452 448 -447
333 133 496
211 401 495
46 61 411
492 498 556
280 347 -318
3 25 -287
765 8 -485
229 842 -866
120 745 529
127 285 -77
645 177 -983
842 724 987
726 131 160
533 263 658
50 483 56
519 693 -36
106 238 837
185 686 -628
275 691 -865
82 14 110
46 212 -646
429 419 -805
540 121 -224
737 41 216
283 185 -637
402 101 -245
471 585 313
373 635 874
575 569 -908
479 7 -68
807 433 -657
694 662 411
395 506 -875
790 450 350
467 213 326
260 341 884
372 277 -787
426 775 307
320 384 -522
158 739 198
705 125 -8
59 170 806
614 560 -389
218 528 -11
304 229 -333
511 597 -358
503 450 -928
739 452 -430
781 580 -356
205 307 -522
14 652 -940
340 126 167
841 389 -191
609 273 -280
233 324 896
773 772 297
126 602 -907
288 479 543
695 7 969
306 389 557
795 840 325
328 132 -150
349 601 -492
588 210 2
210 763 153
404 786 -969
530 536 -497
492 689 932
363 323 -990
150 642 995
241 553 -733
688 787 35
160 91 -14
777 842 436
45 512 770
657 663 -607
650 344 844
168 334 197
321 577 -726
543 583 855
254 223 -655
11 717 -175
429 281 -453
172 439 -346
326 41 -230
138 70 -871
260 482 -47
766 799 -425
766 721 400
638 359 77
246 128 323
378 639 44
91 442 409
641 326 284
233 197 -785
364 129 -21
234 517 -388
505 681 -587
845 6 81
826 114 114
750 232 -751
495 615 245
358 145 496
841 170 -193
352 356 -89
458 496 -801
774 231 256
256 367 -341
731 487 712
261 373 -625
251 584 704
343 551 -642
329 642 446
118 254 790
219 758 461
133 449 991
604 699 377
272 631 186
753 638 -519
264 157 71
492 129 325
403 243 246
460 535 -96
293 322 -63
406 583 -945
340 421 0
205 572 693
627 117 847
290 672 -642
254 488 -426
402 22 -91
89 546 -295
664 200 -576
841 67 410
526 736 -700
765 381 985
627 500 -353
132 436 -526
113 314 416
437 17 -286
347 84 -600
733 87 732
474 412 -37
634 593 -401
288 487 -901
540 343 -693
690 203 -527
227 167 -751
89 436 685
85 171 -114
474 206 -140
442 717 -969
451 477 127
278 212 470
721 497 -565
248 62 4
448 723 -759
205 526 -667
64 771 476
290 73 -612
243 676 298
409 187 473
381 519 500
200 686 -548
205 151 641
34 671 141
364 648 -633
473 272 880
385 229 -509
386 466 -341
445 197 334
359 513 302
139 177 837
28 698 -804
30 422 328
49 380 -586
608 618 598
256 98 965
693 658 712
552 228 -366
328 454 813
278 78 37
97 213 64
544 301 912
754 200 -596
429 769 -477
412 616 951
777 370 -756
415 275 660
707 375 749
755 518 173
226 641 -989
691 581 -281
812 224 -846
73 215 -157
547 621 -194
557 363 672
57 671 305
321 113 -328
204 347 -130
602 105 90
529 247 -279
573 806 -369
420 141 852
599 46 979
205 481 -544
348 121 143
327 109 -585
485 369 151
94 61 -629
175 166 264
207 157 -624
8 634 -905
773 322 129
165 102 -735
200 118 424
291 785 -901
39 335 -364
505 372 -511
260 181 814
568 547 967
382 302 829
434 122 969
732 682 292
332 602 861
442 266 68
36 357 23
476 72 -931
61 769 673
86 7 -586
787 420 415
512 102 -390
285 288 512
140 675 338
493 634 -137
193 740 740
181 435 -715
97 204 699
732 198 -222
397 165 -704
256 633 -411
555 638 170
793 764 957
838 814 98
565 128 736
107 182 945
545 576 -82
760 480 -851
75 198 668
54 181 -738
555 597 -332
259 12 32
223 340 -77
415 512 -948
201 501 -984
224 633 -874
343 500 -845
651 454 156
449 546 632
774 721 372
363 747 178
589 186 -418
246 836 457
609 821 -579
80 380 -979
697 378 317
50 129 610
291 335 -142
135 527 -745
843 163 877
692 172 -696
54 775 790
526 221 663
580 274 251
652 142 925
511 107 -194
630 214 374
257 556 -364
845 258 -299
676 820 -294
119 551 -505
771 511 -440
749 620 -767
92 608 -854
840 789 188
701 809 419
449 59 -106
747 342 -208
534 574 215
514 395 -921
706 680 243
785 95 485
18 248 -607
265 74 749
557 13 -669
627 327 940
21 362 716
816 133 -885
718 352 -860
605 339 1000
326 761 483
817 73 823
786 289 446
535 401 25
683 29 -167
266 749 125
432 120 394
367 47 -91
24 214 746
184 763 76
91 771 -604
839 560 819
623 329 184
304 188 663
842 74 -711
570 92 64
717 284 818
775 782 -171
735 135 274
158 712 744
732 664 251
565 747 944
393 520 819
122 645 -563
490 738 893
172 46 -627
309 835 -791
118 492 -700
268 454 374
172 597 622
785 790 -488
526 436 -98
373 308 432
310 798 451
844 282 904
417 149 -651
355 784 767
617 838 -190
647 774 232
74 414 -146
471 348 -345
158 806 -611
521 236 -549
812 476 757
805 387 -782
514 742 -900
332 229 -565
530 467 448
587 207 -494
160 189 362
298 593 -532
565 477 227
701 656 392
497 269 -591
390 44 135
76 253 -521
14 404 -602
690 682 626
371 416 920
87 2 716
714 570 -449
368 489 -101
721 437 -12
586 839 -448
660 621 -682
294 478 -554
537 111 -646
477 27 427
134 769 -315
387 238 -244
410 617 210
235 602 -633
475 324 -666
219 80 846
408 320 -752
507 237 933
330 2 174
299 606 -675
483 782 494
438 9 134
164 347 -755
717 824 983
660 18 669
629 813 164
607 194 -415
547 654 411
502 776 -149
187 788 4
496 762 259
306 211 661
563 452 -268
337 261 227
173 394 -86
227 48 652
639 545 649
55 696 546
385 349 846
716 621 18
75 842 79
723 364 176
780 769 -576
723 503 -58
489 117 -81
98 755 403
460 130 -531
467 633 -107
805 481 267
613 643 951
358 333 749
467 778 -306
787 344 -157
196 7 -686
113 638 -147
471 3 -441
551 122 510
283 707 719
764 204 994
160 216 -252
632 51 -944
91 609 823
524 42 2
493 478 486
12 419 -757
64 457 140
763 566 -657
337 161 370
365 686 651
685 498 204
584 46 -918
636 801 208
651 142 -758
743 780 -887
419 71 377
598 175 186
96 486 -832
808 276 593
409 568 -44
365 219 966
223 382 -905
371 307 196
478 653 -622
390 59 625
256 123 3
198 169 685
79 428 -898
698 162 -474
666 263 727
90 506 -619
554 449 101
530 486 100
448 483 -980
701 562 993
376 638 31
6 558 195
604 395 -447
305 635 -780
630 759 45
816 462 867
663 15 26
220 474 -153
411 88 -310
509 530 -487
214 222 455
83 230 -818
23 202 448
179 357 776
586 123 373
385 699 127
165 467 989
138 506 424
333 15 -11
473 550 -692
647 502 309
97 396 688
152 142 581
678 790 -637
638 262 815
343 5 -888
452 353 704
643 242 -465
57 753 -301
452 170 -937
541 796 789
605 294 -554
723 264 -892
328 92 -431
41 471 78
724 510 396
18 511 -727
789 253 -617
825 665 316
590 811 443
768 382 -289
122 375 273
367 432 876
541 226 -502
504 585 721
692 215 -564
493 442 -856
394 475 815
212 631 872
694 693 79
309 419 -555
553 809 -684
122 119 -683
329 642 -39
102 396 -741
433 239 -871
751 268 -802
756 395 -579
215 156 -10
775 624 664
80 680 237
113 202 -215
589 541 -400
95 726 -296
99 52 661
643 278 468
523 276 -605
607 120 191
486 722 390
556 771 835
363 183 -422
824 315 419
635 661 773
162 593 -700
819 782 -193
381 122 130
370 408 55
388 268 -34
757 597 -367
608 662 24
365 260 -474
637 403 369
156 744 277
646 391 -956
105 834 735
449 199 -779
303 433 728
693 144 -716
562 294 494
111 491 -109
93 781 20
703 149 83
192 346 -543
265 627 -370
830 318 -684
37 263 557
621 705 281
159 688 -456
832 551 769
597 735 497
605 339 998
787 503 830
268 169 -490
227 434 571
244 774 593
95 627 913
496 269 837
800 758 469
91 40 -85
248 542 208
242 107 -112
416 842 452
476 61 473
40 55 966
297 574 -286
609 383 64
391 778 782
349 824 198
251 761 68
796 109 -290
29 233 297
790 691 130
453 415 758
234 670 879
746 591 205
616 786 -810
217 15 -187
244 6 -654
293 224 412
590 658 814
614 191 683
813 440 -501
496 498 573
546 172 728
774 279 -985
694 97 102
163 405 -846
249 404 -564
787 420 -37
758 634 601
411 343 -43
396 267 -545
532 121 -501
465 61 -320
270 104 -285
69 352 -937
504 773 -132
353 86 -710
826 198 -117
531 229 430
732 540 909
845 567 510
292 415 557
170 534 737
762 414 838
95 594 -711
448 539 -348
655 809 -496
649 822 982
311 172 -23
180 460 -632
209 94 -278
427 734 410
209 707 381
688 97 -160
151 816 762
574 556 -96
402 799 304
212 298 696
699 138 -211
525 261 -861
366 547 -690
211 598 -162
448 85 835
494 209 -924
58 386 519
300 228 492
415 103 -925
367 252 214
566 387 -243
239 137 -905
354 24 -129
765 7 72
88 346 -321
704 276 838
292 536 -449
762 500 33
75 108 -136
595 652 886
759 159 220
74 197 -857
719 431 -322
814 321 62
283 734 -97
62 219 -402
490 485 -867
335 634 -872
642 100 -464
145 276 378
467 725 443
210 157 -762
125 434 505
810 485 923
808 529 -96
489 259 -95
294 380 -170
499 818 915
550 597 502
9 735 644
85 182 726
144 262 -119
567 584 -317
622 536 693
464 468 276
13 99 736
136 841 568
1 731 651
402 564 304
352 378 734
237 796 777
680 825 -360
618 790 -822
757 553 -120
148 50 -266
273 82 -327
108 21 -160
393 372 153
531 164 978
412 200 -149
770 414 -86
64 516 41
755 306 380
224 255 344
668 333 -342
371 548 850
257 763 -704
528 821 728
843 498 103
254 5 604
101 133 450
18 9 583
573 506 -341
450 351 -171
140 269 -920
237 400 682
88 799 -489
775 46 -507
215 822 756
273 541 -145
388 845 -834
571 488 -556
746 16 999
709 227 -567
712 425 744
36 162 171
720 645 656
353 779 782
631 299 171
836 202 405
783 450 -510
414 64 -940
769 363 333
190 120 704
110 517 -399
30 56 391
416 232 -925
726 465 -997
800 505 -696
323 329 -776
122 710 916
515 522 -48
508 798 843
484 199 -326
424 338 346
683 600 877
52 559 824
636 283 246
415 163 -30
819 409 555
543 492 -782
185 415 -460
840 303 579
58 127 -436
119 669 -540
118 526 687
719 685 516
84 159 -171
68 269 880
633 51 953
105 432 -346
131 513 -314
118 454 686
417 381 -500
625 362 762
217 787 -895
666 107 -471
398 750 352
208 474 -655
27 349 -326
785 293 636
476 493 40
438 460 -557
307 651 -563
600 355 -7
403 228 -243
215 835 717
10 843 51
656 367 -232
173 530 -225
351 796 -976
313 778 949
57 517 -815
227 830 -507
558 176 -13
766 655 134
791 513 763
474 533 -538
462 336 178
761 247 -574
300 430 57
525 407 -808
743 762 843
6 463 272
831 70 599
522 825 508
806 98 478
351 56 -791
845 97 -553
550 191 -356
457 778 759
25 87 437
543 204 968
692 757 543
169 369 -669
209 441 -117
644 297 -20
313 744 525
179 563 -411
199 701 366
615 146 469
37 284 540
411 77 -441
76 286 986
212 652 981
442 89 -969
398 254 -805
586 284 999
657 496 -445
156 837 686
76 5 -808
732 177 -671
203 776 -854
112 196 87
249 523 -439
93 811 491
325 209 -774
51 843 511
446 149 -21
507 435 -762
87 11 320
449 497 37
273 631 952
620 376 553
618 11 -877
458 387 379
349 587 -888
106 115 -506
382 400 -341
476 564 -717
75 624 722
256 161 -345
14 216 677
534 66 -620
228 671 928
772 761 749
452 270 -490
575 661 930
381 90 -544
826 542 -402
302 695 -833
786 48 472
248 434 -79
720 729 174
754 292 -878
604 355 952
488 13 337
494 78 -497
517 530 -511
134 490 -132
158 167 809
315 798 -169
485 298 -689
166 567 650
395 638 -936
391 816 850
420 492 397
562 176 -552
673 235 -388
538 760 875
236 593 692
552 640 152
364 358 695
384 90 20
49 50 -766
73 336 319
774 102 -798
484 245 -208
362 369 881
607 491 73
577 657 -387
241 728 -39
832 303 -433
825 588 -562
477 163 759
81 315 460
534 173 39
222 607 728
705 840 717
444 601 521
693 575 -260
471 187 -105
605 100 560
237 450 -541
765 122 -519
931 949
31 252 546
504 67 858
878 18 -352
22 464 772
387 98 614
174 748 349
460 527 21
731 129 -846
923 793 -916
454 151 -74
507 280 -63
125 918 147
817 287 826
765 199 259
825 86 -113
53 157 -997
15 637 25
192 504 -810
446 736 784
625 177 -975
490 388 -52
706 350 -357
931 5 990
496 23 -668
600 691 54
668 720 -809
88 334 -196
137 41 241
351 796 -2
771 774 -206
576 929 582
667 602 695
384 272 -149
563 254 -701
699 717 279
931 521 -754
40 851 860
669 336 11
418 278 -485
235 139 -128
537 665 -986
16 918 114
591 163 851
271 859 -314
73 886 -837
307 681 493
587 219 -544
684 120 -991
902 471 -555
662 698 401
660 897 968
471 211 254
131 392 706
904 856 591
666 72 -302
266 318 977
426 521 528
515 615 -420
279 7 -404
214 420 178
358 553 728
436 566 -112
202 639 793
223 610 902
481 173 443
364 285 544
676 436 -192
46 123 334
341 795 150
131 811 98
530 643 494
926 583 -701
539 185 129
900 695 913
327 788 -414
278 591 261
402 155 -612
435 588 46
671 240 125
843 34 586
690 560 334
171 675 392
715 661 -666
142 584 -965
531 223 879
505 371 769
671 344 479
10 143 -7
525 837 865
719 880 -238
526 780 560
450 550 524
510 587 -191
711 219 469
534 800 -899
309 243 -752
146 869 -411
269 310 -290
60 605 56
741 51 -168
464 404 971
243 572 -189
479 806 572
304 742 974
425 584 -107
190 649 828
908 485 300
358 841 863
509 843 -806
297 516 401
289 897 60
175 807 -254
9 34 714
177 588 -648
320 243 -635
141 602 585
551 30 -314
582 906 175
478 814 467
84 875 992
734 216 35
178 433 432
732 119 314
489 549 -895
185 428 -653
612 677 82
679 449 -94
136 586 602
318 327 282
565 755 635
182 898 332
591 16 316
437 563 -88
811 796 429
557 256 574
11 18 957
317 433 763
372 591 -969
769 577 -693
137 395 270
635 415 709
266 272 2
837 863 537
156 31 -857
282 860 -536
419 817 -727
514 341 -265
266 203 24
447 244 329
879 691 -700
494 529 -867
568 261 824
417 329 552
180 866 -177
473 280 629
294 6 509
555 329 -817
799 579 161
88 398 -428
389 172 804
435 115 324
149 411 791
782 36 -897
855 163 -590
119 846 202
256 250 -107
737 292 -331
585 99 -867
163 902 -865
411 780 642
262 359 -255
757 145 -86
808 127 -393
337 479 726
773 553 533
135 434 721
704 283 447
511 43 -195
678 295 242
149 152 98
28 865 831
3 930 -630
835 358 -877
484 346 335
819 33 216
851 114 268
832 298 340
145 254 458
588 891 -210
65 206 347
334 908 32
706 820 700
219 531 -474
699 647 -340
470 211 -962
19 465 -965
361 813 -769
706 492 -488
197 819 275
706 561 -839
216 233 -937
288 469 -438
886 770 -836
739 256 -647
245 324 386
21 5 296
232 425 -554
601 812 -949
335 143 256
88 3 -847
611 448 443
185 436 148
398 634 238
175 816 51
913 494 -735
47 341 -820
893 145 -537
320 78 -364
325 717 998
191 234 328
629 386 73
295 149 -466
457 614 -870
671 574 -362
761 167 393
551 134 757
663 448 -559
824 445 894
690 624 564
770 434 -146
875 820 -576
352 810 478
861 244 279
332 847 214
819 186 -287
743 572 914
427 37 -523
784 837 336
339 678 719
422 451 569
51 89 977
49 167 -337
146 191 -85
883 868 542
403 578 914
304 301 -525
642 528 -271
210 98 170
762 517 408
707 754 -844
371 858 -361
621 563 463
493 225 -282
904 349 286
265 180 81
68 647 331
656 279 -6
382 322 -164
118 753 -854
534 702 766
554 161 -108
440 647 -769
349 403 -533
332 362 -629
280 184 -325
523 58 921
162 824 -387
855 210 641
123 918 642
519 794 -734
549 6 -30
772 357 633
176 852 -796
195 913 -911
176 516 887
107 582 -684
445 381 969
110 333 257
812 709 773
198 889 -357
218 239 313
648 876 -703
19 205 890
364 61 -120
402 317 -663
80 711 -429
586 715 190
293 905 701
560 47 -575
502 889 951
69 670 180
161 347 956
406 594 765
334 324 -252
490 185 140
372 704 -375
160 386 549
464 467 -165
911 318 453
824 86 17
705 325 -640
380 531 26
6 481 865
249 54 -314
752 882 583
707 155 -628
100 580 709
589 250 -574
348 129 -817
554 667 -591
457 446 757
566 706 -169
670 476 -38
388 719 -362
16 683 -719
512 619 906
457 15 461
573 217 145
451 24 -31
514 139 -882
43 312 46
610 481 151
108 680 -757
23 740 117
379 182 595
592 343 -596
773 178 -146
385 695 203
527 430 -364
231 238 615
576 30 406
56 289 -678
319 636 -818
187 101 582
264 416 -451
62 667 417
366 572 -368
871 272 -410
735 748 -34
4 144 -642
16 827 -160
213 681 -649
146 629 471
712 619 420
702 922 195
876 182 -172
265 124 -793
765 379 -749
762 149 -196
360 159 523
799 739 425
339 745 639
719 840 703
14 861 931
905 874 -952
849 645 -454
414 92 83
720 300 -26
682 627 583
745 612 432
583 14 909
70 211 109
203 626 -765
361 818 -790
923 330 835
82 538 409
343 325 -529
125 295 470
135 233 -98
91 31 -363
676 497 -520
709 741 802
917 530 -916
260 227 -373
69 273 -395
57 787 -504
233 298 -435
110 325 -905
357 91 -410
96 173 -161
863 124 417
146 256 -502
260 346 -783
47 931 -924
331 317 -869
289 700 -829
164 607 486
674 450 794
117 408 -337
207 293 32
372 79 391
291 234 33
324 733 -262
672 759 503
463 854 389
76 651 202
565 537 -434
770 728 813
64 94 965
765 32 -70
880 657 74
353 26 -102
796 572 -797
854 301 869
344 418 -112
395 926 110
825 449 183
926 745 -489
854 239 -865
712 160 445
437 235 587
485 525 -54
366 422 -158
637 282 102
382 58 328
388 146 -59
376 792 3
489 795 538
691 436 -522
495 389 -58
558 705 686
99 579 992
822 229 991
771 815 -779
623 102 233
568 162 -457
534 541 -322
80 439 924
870 184 515
660 777 -837
928 422 337
432 31 332
306 740 -257
398 270 905
888 829 -507
788 157 -577
476 728 582
89 504 982
718 563 262
210 601 -945
628 177 -381
837 873 696
693 769 -604
864 32 364
592 17 -374
333 633 341
260 480 -908
841 389 832
931 655 -674
58 919 -566
109 600 -393
736 121 -904
203 123 -73
768 60 516
402 293 904
6 614 -654
276 42 -115
805 245 950
882 96 947
334 535 337
113 606 -204
653 311 -257
390 508 -893
412 760 -409
392 797 398
551 130 807
893 797 495
75 763 -300
781 727 299
76 363 588
466 595 157
14 486 856
838 620 78
135 44 866
505 809 937
541 464 -686
528 58 -942
613 856 -220
299 165 -614
883 352 -477
913 634 684
741 145 237
730 838 704
845 24 -803
820 49 -314
792 661 -245
330 111 477
244 452 -569
528 524 -4
651 238 -85
321 420 197
388 42 900
245 594 452
397 725 -370
664 31 -417
188 728 905
426 913 -681
804 798 -63
777 245 722
433 350 650
78 226 577
795 389 -288
679 779 -20
418 506 67
729 109 106
501 852 76
315 876 -623
497 190 328
535 85 -211
8 735 -993
163 321 -281
926 449 -371
370 714 990
864 704 323
290 482 -350
396 400 -990
128 391 -850
348 415 215
915 81 435
330 901 897
76 576 -335
57 145 710
803 534 928
267 179 -748
41 316 -765
342 380 -20
210 619 -796
636 566 716
567 57 944
97 63 -826
705 651 489
780 650 732
701 459 813
908 47 411
884 601 221
665 75 -262
315 65 467
553 515 -875
791 809 -252
875 281 -237
736 52 833
668 260 -938
725 302 956
434 629 -869
10 694 94
822 750 614
417 744 736
430 339 -560
557 350 287
905 327 285
382 317 203
832 402 197
481 514 -503
841 206 520
292 31 -397
470 12 -857
871 904 -950
760 574 593
903 424 919
76 24 -558
182 573 621
582 68 111
865 349 -100
271 206 486
474 922 -783
639 660 -936
774 730 -309
783 502 -898
219 216 -726
703 46 747
234 862 -337
560 596 -213
46 417 573
383 634 593
905 385 -30
750 586 -403
229 200 -673
292 146 -483
828 667 -635
240 256 -815
734 30 520
65 407 -68
890 664 163
931 778 22
686 719 911
573 650 -523
74 380 -42
355 740 -158
474 700 244
506 532 195
581 150 586
871 25 -890
772 393 730
398 56 -95
830 749 -904
464 29 281
577 199 -490
479 735 -624
810 768 -571
566 435 -692
898 812 514
757 181 -85
911 201 963
59 196 263
175 707 -685
854 90 687
883 161 544
715 411 -675
257 699 179
804 667 207
743 124 -296
752 876 -452
339 66 927
428 414 213
693 49 -969
505 894 411
929 834 -839
72 41 -496
764 609 993
213 133 869
661 682 -489
411 619 -109
160 633 3
246 331 239
55 603 211
3 705 228
829 387 149
358 852 -841
185 756 792
562 186 651
886 227 160
901 267 -942
878 851 -345
264 281 -603
929 843 -802
143 917 156
68 616 -913
283 490 -567
808 541 -619
103 10 -858
858 765 674
170 803 385
916 333 843
8 827 -101
189 930 -600
504 498 -8
46 221 347
533 457 40
655 622 694
441 908 -924
408 875 172
590 523 -848
614 913 -123
865 49 -676
556 180 339
202 653 -327
908 680 770
874 447 -457
434 628 82
491 389 -558
440 51 535
36 423 779
52 242 255
605 121 147
495 841 -869
771 330 -265
306 87 964
1 88 -399
185 147 753
144 617 696
90 765 -507
246 569 -727
681 708 -287
704 468 981
884 97 759
290 827 30
898 631 313
440 230 29
377 632 245
255 29 -223
273 836 963
745 686 -351
633 546 -400
135 754 610
457 821 20
763 734 -983
416 119 924
317 47 -28
750 118 257
818 895 233
469 494 296
116 492 -398
50 41 810
237 138 -344
810 765 370
767 709 370
616 484 62
139 133 -327
561 485 -540
17 716 -749
794 796 460
578 358 -810
703 502 806
659 163 58
524 126 627
45 412 651
646 537 -20
83 262 -61
220 352 408
336 466 720
330 852 441
864 450 650
421 428 -614
911 923 -23
648 791 -33
499 842 -454
711 272 -494
707 487 -832
392 236 513
602 79 556
550 529 629
641 844 656
631 721 851
284 514 214
483 338 234
210 283 621
306 819 -805
386 327 -570
587 440 -280
209 691 -610
768 316 505
127 916 577
733 58 876
559 378 -239
155 54 -520
59 177 -886
66 202 23
453 759 -428
496 489 -462
271 220 -289
875 164 130
540 495 -986
778 448 694
903 606 -173
372 840 -738
137 169 633
245 437 319
390 748 -903
576 170 93
532 202 36
17 576 -222
349 18 -255
546 170 -159
454 85 784
174 782 -696
508 295 688
49 127 722
891 320 -27
730 342 -789
404 170 687
777 104 776
82 66 -953
852 355 949
591 857 -580
828 800 -156
822 17 -676
795 440 205
15 858 -982
225 785 -396
814 148 -65
898 853 -220
261 425 433
915 696 313
428 117 -462
765 75 971
376 786 316
896 405 -776
479 571 -764
106 455 848
57 860 -311
98 711 134
926 284 200
671 772 -679
583 165 -995
303 28 983
216 666 -97
6 745 -501
562 402 -557
854 577 -129
467 15 283
538 730 -202
309 417 321
705 228 843
313 895 -759
895 336 938
652 424 374
516 340 -75
241 176 -955
223 413 598
221 293 -707
394 902 214
426 477 -299
373 206 -113
203 686 -610
61 711 -8
34 21 -290
653 844 -407
274 672 -44
7 584 931
187 824 -194
294 623 433
454 102 -815
769 274 -800
300 163 664
481 438 -696
333 358 -507
470 505 -917
393 724 -783
586 737 -555
785 876 263
499 612 -116
888 435 -563
673 451 -426
398 430 176
593 176 -445
292 143 -247
823 45 -747
190 228 -518
400 898 585
197 478 229
83 377 -382
195 647 -798
921 632 681
397 119 579
746 71 -446
44 88 874
527 743 206
699 638 -123
511 588 121
453 343 423
911 692 287
34 617 -965
758 55 -2
832 464 653
156 344 -956
823 99 -959
713 708 -459
112 645 -314
262 168 -257
899 267 -716
380 481 -407
439 747 -181
145 129 728
496 247 919
246 216 -543
560 373 -117
297 588 -206
505 325 95
430 21 -793
268 743 -46
595 132 977
61 678 -934
861 86 849
511 111 -112
395 248 -273
427 807 391
769 626 620
835 11 -261
386 135 -463
809 129 -191
437 310 -729
157 472 107
779 301 703
168 732 232
700 782 911
728 925 -317
379 402 -910
304 575 -879
421 159 -594
333 173 63
61 802 890
686 21 -144
441 877 336
60 402 176
533 693 -685
629 579 -156
925 33 312
17 660 -865
910 697 -927
877 159 -791
597 743 836
191 533 54
17 6 0
849 571 876
814 835 -922
64 417 903
569 750 -918
483 87 -424
654 749 -74
385 754 -884
620 73 -402
391 26 281
294 95 524
861 53 825
201 92 697
96 835 740
624 342 785
201 267 107
342 207 -239
5 654 818
669 619 716
525 437 797
836 630 -726
512 597 -898
56 929 217
5 201 365
42 519 989
524 313 960
799 171 817
461 386 -915
919 379 957
732 576 -492
869 366 430
788 459 -637
839 138 754
220 21 119
406 844 -480
463 238 -970
143 645 -848
50 293 -982
380 624 -331
383 370 -54
787 811 120
5 312 -865
157 673 -906
667 745 717
927 734 449
147 627 870
550 526 -355
318 637 651
9 755 -304
270 579 838
481 475 891
3 655 -106
238 681 -96
916 801 -308
271 594 391
665 94 611
107 581 -288
984 987
449 862 276
102 834 946
289 327 -169
721 584 -296
570 909 -942
614 868 219
629 953 -483
231 358 -370
729 235 965
200 911 135
802 904 -954
543 525 -435
254 658 270
201 580 781
285 137 946
563 2 -628
70 970 83
925 234 151
509 473 205
830 578 -868
636 48 719
660 272 689
768 320 -103
381 553 -816
961 969 642
897 465 803
939 45 173
874 693 298
114 210 -67
127 698 438
282 196 -571
982 544 -312
123 299 399
549 60 -3
975 557 -791
203 867 -27
323 797 -413
909 651 -231
849 932 454
911 839 -523
379 963 -548
55 222 929
517 588 335
699 116 -76
451 244 233
215 666 141
45 818 -546
942 318 338
940 626 493
894 543 -414
396 961 -955
338 777 -900
906 854 -528
260 494 548
982 88 -347
187 597 48
886 498 -779
191 945 201
734 529 -699
927 179 379
827 670 -46
620 946 289
920 358 932
658 469 212
400 263 33
238 701 118
491 906 -256
488 715 -486
586 790 602
537 755 668
734 85 -953
733 748 730
586 774 338
64 786 -773
311 595 -310
731 878 312
737 573 -639
135 920 647
608 862 623
247 180 -55
137 212 112
363 375 806
472 974 -535
420 148 469
741 532 464
865 718 -444
586 444 -586
613 64 696
984 965 -383
118 710 833
83 213 -398
650 429 412
633 224 -970
611 420 -449
43 479 303
53 508 -214
54 872 767
719 700 -435
954 262 531
135 371 150
82 657 -662
921 773 -777
711 895 1
819 718 761
154 572 309
892 239 -738
568 581 -309
560 152 -734
234 525 -197
572 101 696
75 795 614
471 953 550
850 43 861
703 586 869
745 215 444
441 64 564
492 839 -856
574 662 -214
538 914 -451
506 706 -769
481 385 -43
784 241 213
249 151 -409
26 846 140
349 867 524
399 289 765
500 578 912
965 601 508
385 382 -132
595 545 -797
611 929 -999
136 900 8
887 496 366
388 148 333
653 605 -511
593 570 -937
647 803 -548
839 899 792
875 274 451
912 162 516
969 274 -678
488 171 -694
727 340 -33
654 437 -928
463 687 214
360 333 895
247 188 -702
521 621 727
400 747 997
236 44 961
265 597 -583
31 796 -926
439 750 941
284 82 955
272 217 -3
819 611 792
79 71 95
112 662 184
538 425 130
262 619 -184
100 338 -517
111 901 119
10 536 -279
957 444 -217
719 693 -427
961 920 828
770 857 -902
961 975 447
732 248 960
939 239 31
857 668 -717
972 553 -148
617 674 -225
788 866 612
542 833 842
562 289 -235
906 211 -90
300 718 534
169 445 -488
136 423 538
834 621 765
417 572 -613
331 737 -820
689 71 251
709 588 -172
23 533 -183
632 858 -470
76 69 907
701 751 -103
343 67 166
429 819 -599
282 939 508
191 459 40
636 30 -756
180 185 230
660 788 -290
755 314 -984
453 798 -85
271 544 -978
614 726 -156
214 540 -120
913 904 -541
118 167 -263
749 164 438
356 924 -23
490 39 472
818 733 -55
650 783 942
305 767 202
453 856 -338
604 483 -655
338 564 -747
932 243 -84
214 150 166
324 268 -701
532 645 251
618 587 214
479 903 463
540 813 659
569 203 164
148 650 919
116 453 383
648 158 745
106 255 -280
527 439 767
882 554 854
284 231 -522
793 126 880
476 312 427
610 893 -844
378 622 250
218 602 623
13 782 379
73 739 -968
185 371 -454
494 660 409
758 593 645
596 794 -944
564 632 -417
121 666 -488
150 289 4
172 618 812
872 766 103
34 927 337
909 730 811
242 131 -180
394 548 -379
666 248 -400
580 267 -50
96 885 -933
440 16 363
793 97 -864
25 567 -667
808 192 322
100 827 42
54 359 748
710 279 -701
463 264 489
726 561 -695
248 955 -240
510 678 92
74 193 -341
289 906 107
494 357 -44
206 131 -455
295 335 33
725 879 -7
465 683 538
73 899 -436
660 367 443
820 491 -763
912 371 380
643 222 -282
278 725 773
48 116 89
561 482 -305
522 583 -692
349 372 -375
541 128 -975
67 58 -525
304 505 468
41 267 -464
467 495 65
639 24 591
439 964 -521
336 417 163
378 851 486
289 32 509
856 741 -56
82 47 -340
945 379 396
353 219 300
984 672 226
316 395 -353
442 257 813
886 567 226
677 585 721
842 696 299
824 14 146
679 491 760
953 885 -804
217 835 -928
141 146 610
175 900 -420
243 777 -741
764 612 980
122 214 535
926 386 -151
928 342 96
303 401 -456
563 922 944
848 307 20
124 929 1000
149 970 -497
393 613 751
787 156 -403
60 726 273
519 748 -803
740 196 733
247 478 -174
818 776 134
445 739 -764
725 615 -446
278 43 395
486 755 -719
344 823 -88
519 448 -83
268 887 699
403 253 595
795 88 335
188 600 -930
279 137 -456
385 517 463
646 367 -725
60 542 968
775 866 -61
59 483 -861
390 791 412
89 170 -316
158 749 29
193 143 -739
563 269 -349
491 715 -889
501 382 853
751 108 -468
765 704 155
339 10 995
521 462 380
731 241 -864
378 624 -869
644 764 539
593 335 249
371 800 -670
829 888 -143
187 337 329
585 915 691
266 592 -961
75 160 150
860 38 -14
752 97 -904
2 78 328
417 138 -484
409 342 -741
576 761 758
158 148 -431
649 156 325
694 362 -346
861 175 749
570 620 -370
517 734 -750
591 766 -955
588 915 536
417 447 -553
967 338 423
21 815 -331
298 952 433
691 161 -13
179 338 -40
254 752 974
27 538 564
36 224 487
742 93 237
771 346 -973
381 746 -861
757 261 383
652 862 980
723 354 961
586 30 -173
477 165 679
222 220 -352
57 693 592
95 528 -650
316 608 -617
170 654 -354
137 900 28
579 161 87
194 904 -925
743 223 117
406 267 725
835 386 904
225 642 721
346 591 638
392 940 217
364 16 78
649 47 689
441 134 -100
747 18 -404
792 602 -794
300 34 735
678 341 478
112 403 361
287 47 939
526 47 69
18 585 449
783 761 158
521 91 500
545 588 -692
460 433 -723
497 295 803
426 756 -761
733 303 -894
306 396 -202
845 390 -58
71 844 -644
215 899 969
980 140 221
823 97 -816
740 892 -879
703 843 313
419 6 -72
659 557 284
845 782 177
871 936 969
366 32 348
207 239 75
64 334 -228
836 204 41
53 557 312
836 736 440
770 703 465
71 851 781
978 201 833
72 549 346
475 684 -927
648 676 768
178 264 116
694 593 277
670 336 177
878 34 -287
216 860 -562
472 778 970
414 253 447
376 434 777
797 511 401
227 903 846
253 167 -107
305 232 -27
411 185 979
865 180 13
717 375 -410
148 31 770
412 774 372
743 841 -552
507 972 -882
934 304 868
125 197 814
344 302 659
826 153 42
251 191 -292
518 338 -927
630 705 149
40 316 -355
560 232 -342
858 324 773
555 609 -521
609 484 753
569 736 662
302 692 837
581 826 280
782 879 710
972 968 -61
205 674 -869
780 351 476
984 556 -1
719 196 286
80 807 584
363 454 588
31 164 222
582 384 -676
435 647 886
812 52 -826
819 792 928
74 892 582
421 277 423
713 661 -296
469 33 -996
142 196 -428
166 896 382
44 496 85
148 881 864
125 537 47
11 669 -910
346 600 -43
368 406 530
385 504 191
319 320 -229
920 121 330
770 206 -257
262 567 169
720 877 200
185 506 754
739 379 72
291 222 823
863 47 649
554 769 611
650 128 -711
609 138 -415
541 644 -880
738 821 932
634 881 809
804 71 -161
542 115 114
804 773 263
871 288 818
746 204 -164
448 372 -303
331 765 -798
71 674 895
598 418 268
778 154 159
621 258 -475
692 136 -677
346 591 662
73 589 465
491 719 822
968 112 -475
336 404 899
610 398 672
75 546 738
841 350 23
422 578 958
529 750 776
376 749 109
495 750 -327
702 466 -967
819 781 859
653 309 -254
493 778 -883
211 330 186
579 755 319
708 655 -273
324 835 136
605 572 95
383 504 286
550 147 -929
311 965 -631
709 693 717
458 731 368
795 495 -426
388 397 -800
388 272 -372
452 105 -870
196 193 -620
113 401 -592
105 434 727
253 76 764
384 448 932
908 545 -26
811 8 -810
177 908 580
258 759 536
118 977 -346
75 685 485
908 901 928
116 182 471
75 881 -742
630 436 937
905 846 -873
452 681 30
565 8 -226
356 972 425
827 932 -547
182 981 -141
258 43 -833
149 94 -150
252 776 -445
929 679 28
612 100 819
917 210 -436
857 850 566
812 449 200
950 943 -547
447 615 129
216 650 -201
693 18 215
180 116 -11
224 6 18
920 609 1000
114 616 718
67 623 633
17 658 616
125 557 -778
644 564 -442
59 852 51
326 493 -826
121 140 -637
253 152 -395
132 105 95
515 288 -200
737 936 -963
710 508 51
222 483 157
349 325 -654
633 726 -195
788 318 -199
142 795 765
755 791 436
40 24 180
286 694 -832
767 147 -296
779 286 50
683 162 202
375 376 938
373 332 -289
744 618 -811
549 375 -228
569 820 -613
651 10 -842
486 150 -853
879 42 882
59 68 53
552 147 680
746 223 425
312 819 -374
419 125 790
786 506 488
615 105 500
651 88 414
115 518 682
892 666 272
165 74 -819
106 478 17
243 181 200
65 143 148
366 942 453
360 659 -912
410 451 -763
718 940 -203
772 770 922
56 593 -348
414 510 -631
524 879 43
162 526 536
160 367 650
352 759 36
652 751 -413
577 469 -586
443 167 -600
483 191 -380
207 7 -255
546 899 725
449 357 -857
769 958 -171
672 418 433
273 128 -292
792 300 246
393 294 -738
69 517 219
423 384 -830
714 984 952
473 461 -63
297 269 -290
847 963 -69
831 867 -515
14 778 -616
859 355 -740
419 9 -443
618 523 668
354 481 -519
717 369 -89
49 984 13
303 672 -636
499 982 -657
661 361 499
325 379 -482
11 736 24
975 830 990
560 968 336
886 812 321
204 59 841
272 802 718
436 757 771
137 661 623
390 441 131
968 401 -264
260 601 707
531 526 -984
198 979 -413
164 353 -34
266 624 -805
582 573 -685
355 975 -335
449 349 534
480 848 -894
66 849 480
837 58 -621
548 260 119
885 875 -167
748 304 -552
619 585 428
438 175 220
373 939 -152
790 456 732
253 314 -673
742 780 215
389 643 970
96 630 -307
508 553 147
927 100 -658
588 818 -671
183 236 986
471 696 997
423 244 864
39 508 159
188 309 14
465 748 62
42 625 -286
763 447 92
475 479 59
98 242 -697
798 757 -427
33 397 -732
751 536 932
675 755 -18
473 882 516
835 607 -250
702 166 465
689 418 -959
112 1 -236
130 13 -29
178 789 891
198 174 219
117 586 983
618 359 532
240 331 608
711 269 -461
111 509 868
680 376 589
607 121 -566
793 577 -569
487 197 -573
668 848 560
691 86 788
493 83 347
619 705 162
982 604 857
251 483 618
431 978 396
474 436 511
690 976 -155
519 936 683
968 145 -59
229 802 35
256 788 978
221 328 -253
760 308 -815
982 38 178
236 884 -334
804 637 -469
541 790 -702
560 171 -390
49 528 299
149 103 452
595 508 -306
635 383 252
847 650 -690
750 371 -964
246 712 -963
657 140 325
709 34 -962
397 662 144
179 827 909
775 521 878
69 743 -449
847 536 -574
348 805 492
540 139 -850
486 920 -262
674 892 -808
354 680 -354
893 29 109
649 111 135
669 366 89
943 563 -673
532 178 660
381 213 927
136 521 -187
89 603 -317
189 685 -502
439 503 -453
828 235 982
332 189 -697
85 705 84
80 809 277
806 661 189
678 796 452
328 660 -383
444 883 970
39 77 754
604 884 661
302 613 700
272 81 -221
738 318 -647
272 228 -87
22 253 -385
868 408 -164
955 562 479
786 55 468
394 576 -602
33 957 415
336 312 -674
129 260 726
363 448 -127
734 259 238
60 691 794
568 128 -73
300 861 -837
168 884 -281
350 126 -598
418 512 -705
555 116 -421
364 739 878
719 265 375
537 97 75
375 145 -229
330 267 -277
237 365 -294
234 770 515
366 554 880
475 656 -691
868 587 -152
809 585 497
735 448 528
40 321 930
442 645 834
527 467 134
721 547 599
425 882 -8
21 232 -781
52 611 589
260 645 -142
421 297 -540
507 622 -456
575 296 553
963 59 -152
767 535 656
636 727 76
975 796 -203
887 398 934
170 545 419
662 495 -307
900 163 869
983 191 816
732 26 397
541 459 510
904 61 600
653 428 -520
12 150 907
600 834 -485
706 928 403
74 758 -36
867 980 981
769 201 -502
522 835 262
958 465 -830
262 398 189
739 795 355
980 212 -55
397 393 -201
506 388 -186
943 896 -523
206 841 949
892 980 -863
210 41 365
325 779 114
447 55 -49
362 334 -405
938 374 -980
173 286 778
848 772 314
170 5 -451
650 895 -658
476 624 -890
346 474 -17
222 815 -187
327 508 -560
955 442 -948
638 623 -602
975 799 -431
58 73 210
480 441 -954
204 520 -863
252 546 655
309 295 172
720 477 -648
482 203 -931
232 354 -461
118 836 -323
726 114 -537
177 530 815
313 650 150
880 519 -739
546 481 454
507 505 493
305 440 815
786 673 794
160 700 1000
828 48 507
834 641 121
235 548 -359
261 258 903
351 705 924
136 182 259
631 661 554
426 884 -335
458 555 235
575 103 751
130 663 589
853 364 -506
859 90 -239
623 976 142
799 35 571
672 659 658
793 934 -992
628 348 76
336 287 -524
216 539 -589
290 601 278
350 666 568
384 791 506
809 427 -853
596 954 -626
534 622 -27
677 61 -56
357 709 734
480 499 359
747 573 -863
633 599 -118
138 568 -387
824 114 822
358 390 -722
285 678 -636
644 844 73
78 491 -851
567 499 -976
695 911 179
82 259 755
596 444 665
21 562 -376
290 309 -838
447 110 528
593 705 -136
389 236 158
256 858 -589
703 480 -979
767 955 413
317 122 -973
157 439 -382
371 757 -663
794 404 320
349 864 -250
539 337 424
67 889 -389
440 703 613
776 858 -645
271 310 347
600 258 175
538 762 -765
209 971 -996
899 155 -126
686 400 251
53 794 908
667 62 -662
754 564 -717
282 294 238
330 387 -175
568 657 107
944 890
313 135 657
13 432 889
389 874 850
663 689 954
429 934 -678
584 617 -564
99 338 607
755 911 303
49 537 287
380 141 227
392 566 -97
357 132 -348
488 465 296
785 161 546
127 107 504
173 143 -73
232 492 431
772 346 838
731 605 312
485 736 -838
848 906 143
594 720 -667
433 185 460
858 527 467
49 471 -135
116 92 439
186 227 42
292 848 550
119 491 217
803 588 118
111 706 -704
163 916 -419
778 797 524
912 473 -419
852 853 329
397 771 -820
925 226 -397
468 760 -723
569 192 -615
54 160 -581
799 513 381
790 612 -623
283 408 650
915 471 -563
906 438 -789
525 453 777
895 201 -420
818 26 -835
543 831 -580
592 617 -612
904 699 -469
249 921 264
578 329 -862
219 309 -302
94 608 -922
322 615 582
878 57 -65
759 529 -646
11 898 -126
109 270 -813
849 623 14
921 613 782
806 129 714
533 519 874
208 587 -994
669 506 773
249 687 256
363 333 -258
883 206 -11
56 104 526
712 861 59
673 810 -991
688 602 976
51 376 773
426 105 202
356 794 -136
779 819 837
768 889 79
793 650 446
227 792 -628
250 820 196
917 868 -176
845 694 392
310 442 312
762 755 -761
67 145 85
725 433 372
275 906 -686
596 36 560
600 891 -61
238 711 724
184 60 876
794 490 817
374 603 -31
136 471 -467
516 29 -226
573 542 15
607 784 906
887 556 -292
89 44 669
810 345 -604
443 746 909
748 129 481
587 778 159
593 464 27
8 676 571
548 716 -984
27 59 -473
531 289 -398
703 116 -28
553 166 -140
654 491 100
160 282 283
857 437 -940
552 238 -284
925 80 302
757 729 -934
866 176 -984
594 806 934
750 4 346
223 164 998
465 489 988
223 651 413
125 837 -431
426 119 -675
6 38 303
2 929 99
346 523 -466
555 348 782
603 378 -249
772 799 873
2 488 20
417 106 -321
783 372 198
884 320 731
481 68 923
60 91 -193
413 360 -943
333 462 606
17 916 875
734 100 806
395 733 -987
792 207 -550
394 177 68
298 107 937
853 376 850
66 331 -889
397 301 -885
528 943 478
925 463 -812
138 220 -700
227 304 644
220 733 -555
781 641 623
41 796 -985
248 556 124
18 169 -584
708 267 -229
699 739 67
123 447 -748
176 619 148
457 177 -438
5 304 -380
603 816 -991
323 853 -441
653 284 -306
67 436 -379
664 559 319
884 573 -336
916 779 -424
306 164 84
913 306 -627
246 783 -745
543 704 -546
315 265 839
370 177 801
382 475 -498
366 873 -34
351 917 -670
682 405 -398
243 527 558
601 694 718
590 612 -908
247 457 -715
666 891 -328
618 184 630
763 590 -241
503 824 -684
345 588 -104
64 656 -264
503 121 -747
761 759 839
805 437 -246
914 188 -181
614 762 -360
348 272 -571
107 23 216
568 438 843
795 273 -897
929 73 90
778 181 592
596 387 -977
271 535 -335
725 272 -553
28 195 -992
296 5 -387
160 281 -390
513 741 -917
147 476 -572
906 329 785
907 491 -582
681 848 -448
886 708 852
724 456 629
151 566 -170
937 797 -132
536 439 -945
807 396 913
493 437 902
321 552 -403
161 631 454
164 758 -438
23 545 827
766 942 -804
100 906 483
798 54 111
578 240 -706
943 937 -803
611 273 914
34 190 -390
755 240 -670
391 728 781
181 105 194
567 150 52
718 96 93
177 163 -643
503 66 975
738 173 -477
14 487 368
612 102 698
833 665 51
795 608 -305
112 568 -118
638 170 -901
369 910 -329
232 936 -824
765 486 197
544 75 954
940 247 -28
220 585 101
20 917 -88
359 540 -410
267 762 374
212 943 -941
747 9 -536
449 651 -415
8 526 -280
891 610 486
148 5 269
404 235 -470
47 228 137
607 360 -260
771 282 37
330 418 214
853 802 -286
642 879 -204
894 506 343
640 250 -288
422 447 -963
194 302 -764
493 612 -72
12 485 807
254 410 393
465 123 67
241 408 -888
42 463 697
83 10 869
457 944 614
399 123 -15
538 428 618
325 720 -100
623 288 604
617 72 -184
342 231 -738
522 720 -142
583 902 -833
727 431 747
528 160 -593
140 782 -123
575 623 827
572 380 753
358 245 500
467 470 -1000
324 63 258
362 135 379
320 343 339
366 815 -440
311 609 697
350 808 326
417 675 226
107 80 -606
522 922 426
646 768 -522
97 334 797
89 300 531
260 891 204
730 439 -800
511 936 226
922 641 -77
506 330 26
808 192 679
121 903 380
175 686 -961
430 724 -569
488 723 -501
575 494 -659
17 507 -365
217 881 525
383 267 -50
713 228 -36
52 893 -839
741 581 -578
307 199 -72
778 334 -189
757 651 -416
688 190 -958
500 85 -804
383 203 588
645 115 313
602 171 935
844 607 -204
385 447 -937
128 23 613
471 935 376
551 323 -76
318 756 306
437 537 627
444 435 -805
807 75 -922
9 176 611
120 50 898
327 458 939
232 881 -405
628 336 -214
729 365 115
254 359 -287
119 421 -213
385 337 -600
388 434 -307
642 57 -763
306 271 734
207 283 -964
169 849 462
72 736 -951
873 652 185
334 552 -144
689 543 -732
690 185 330
501 827 344
464 425 -930
814 208 569
885 416 -583
568 254 235
277 205 -645
76 598 -407
594 344 -858
436 424 -251
417 809 -3
322 448 401
442 545 -779
297 776 533
230 315 835
790 366 -610
718 147 -284
907 648 -878
277 199 -401
832 412 927
659 152 -293
894 39 994
749 906 -762
783 22 146
357 289 -37
731 507 -780
396 703 649
755 854 742
800 934 10
528 908 -410
456 617 163
366 657 978
144 766 395
707 529 282
365 777 -417
725 4 -573
118 589 -631
372 918 129
154 618 617
615 858 -223
5 827 554
480 935 543
72 852 411
5 683 -606
180 645 -393
517 360 290
662 382 -420
554 114 636
831 474 251
721 544 -10
381 501 136
229 390 -255
130 170 747
358 613 309
487 170 -832
648 526 -871
69 399 76
344 273 -226
353 867 -549
188 458 367
232 506 -408
35 648 -820
903 647 452
599 370 787
662 563 -558
646 121 980
673 359 560
832 368 -251
910 346 24
377 755 -829
823 121 -384
353 441 -759
449 836 723
322 251 -449
830 57 -909
489 398 -437
790 284 921
228 656 640
624 196 -534
349 618 -308
197 103 272
224 910 -760
902 297 312
274 675 775
523 689 21
186 146 662
470 630 -513
821 126 779
182 831 917
123 321 -929
873 710 -229
601 473 -572
326 417 -360
351 204 200
451 416 247
666 251 578
728 653 221
266 372 670
343 550 -793
414 725 298
265 498 -320
44 16 -153
816 563 -871
34 676 -24
450 480 -341
687 201 -960
790 302 580
634 561 341
934 669 249
398 896 -230
762 404 -570
167 666 21
553 608 -936
592 219 -733
226 757 -527
289 895 -431
576 356 -450
283 54 -355
373 417 -684
355 72 -562
72 423 -974
148 389 681
908 303 978
506 128 361
41 900 302
357 354 251
687 910 147
675 600 143
455 20 982
256 238 -943
942 218 731
172 576 36
735 912 338
66 135 115
863 547 615
293 816 -89
12 443 478
844 624 128
361 525 173
93 705 -374
397 75 -423
244 212 90
222 486 -592
195 695 -620
753 255 -186
611 285 -679
562 212 935
782 10 187
569 617 -826
13 118 494
12 881 -744
99 823 92
62 109 377
90 712 -133
783 48 -675
659 121 313
626 771 505
534 662 -216
353 131 -411
131 248 -847
560 329 -201
202 732 311
177 105 797
398 413 388
90 324 94
222 750 -787
254 179 576
408 743 72
89 629 828
591 63 146
705 646 398
854 789 526
906 541 809
860 276 569
439 789 -472
848 52 560
351 512 -829
222 607 -16
307 375 -20
79 306 668
620 11 503
129 676 -351
175 186 99
387 374 324
891 866 -237
51 116 -950
12 824 -170
527 73 200
83 662 -340
473 673 265
903 571 349
471 44 -46
896 563 -845
456 792 -990
290 230 557
836 278 -807
899 835 298
339 423 -402
591 577 161
679 290 -601
140 138 256
594 146 423
241 442 -399
878 746 413
172 87 -875
285 447 661
826 307 -474
255 219 -46
876 500 393
728 559 -917
776 176 611
853 702 -485
602 484 -626
640 460 -297
218 882 -573
288 605 -717
898 538 333
841 881 20
143 76 427
116 836 -571
821 513 72
674 269 454
683 308 887
196 341 -878
504 345 -463
204 175 317
571 690 -990
13 402 -911
420 654 -46
920 624 -216
289 508 615
7 809 268
509 561 582
140 37 -8
354 766 -173
349 34 351
134 647 -387
168 923 -905
656 804 -977
187 902 453
784 139 184
101 11 -36
712 294 779
680 217 573
62 42 -357
201 760 361
259 586 -576
424 585 905
373 584 6
517 474 -973
523 675 -433
795 857 834
845 512 331
207 159 43
84 501 -487
664 59 -599
225 714 746
206 606 -276
709 266 -155
394 863 -225
350 283 93
883 472 -136
697 603 -897
83 828 -82
489 3 717
809 825 662
404 109 -620
458 674 -494
127 65 697
687 541 79
190 577 -287
254 918 168
171 435 119
633 862 -904
817 899 -398
700 486 -141
847 275 910
721 467 179
874 86 -837
648 519 621
885 307 1
560 348 138
333 50 -737
847 14 -53
417 705 614
64 663 -72
924 741 291
637 460 -750
250 208 192
560 205 -904
167 685 789
638 211 529
699 315 -786
285 570 -286
323 607 37
865 285 558
874 66 676
502 497 -577
194 226 -392
378 931 79
257 289 956
547 818 -38
608 814 483
202 290 3
476 458 -47
352 797 699
882 570 -262
758 272 -322
903 496 -704
890 42 611
888 771 221
577 500 -504
554 583 -693
532 731 -783
194 789 -506
540 309 339
121 483 -948
714 329 529
750 366 274
738 652 -895
407 615 -876
240 931 -470
657 363 424
814 886 -339
827 228 -39
739 292 165
500 496 763
744 253 -70
876 257 -402
353 827 646
666 153 961
942 506 -71
474 604 650
722 267 -820
229 650 -134
360 654 905
512 324 993
688 887 926
174 433 108
390 486 248
230 432 563
589 395 -382
925 907 -932
456 434 -108
881 515 -507
326 40 -808
788 101 540
89 105 986
380 242 567
793 572 -595
118 130 980
807 673 -739
699 492 -579
86 254 -220
737 718 753
249 588 749
925 119 -406
264 501 693
202 6 272
68 500 105
935 822 135
899 279 -932
558 598 216
716 856 -101
325 7 146
59 922 985
104 698 235
396 178 -67
745 768 -1
744 6 86
271 819 -241
307 598 862
242 62 -60
806 401 625
677 208 -599
287 783 -456
277 472 966
537 734 -831
809 512 153
397 79 205
268 793 -44
821 870 343
646 234 209
686 873 521
680 890 -270
720 180 -597
553 926 595
442 642 -442
432 613 -74
678 531 -759
616 831 -586
1 161 -689
417 898 -875
941 911 -37
382 296 -416
282 579 20
718 259 -83
874 560 -692
534 897 -378
422 328 781
225 309 -338
99 176 -703
585 922 336
339 88 471
332 765 -90
776 291 909
632 174 358
834 252 104
521 843 176
12 772 987
692 293 -495
774 940 -163
181 375 202
866 720 820
841 438 -621
21 911 66
100 397 651
209 814 213
803 353 52
345 316 -829
57 718 60
781 869 254
170 743 170
821 489 23
21 205 191
294 114 -651
938 505 -836
392 512 207
643 670 -903
550 533 -704
459 741 158
607 77 958
189 550 9
329 485 982
921 202 942
486 647 -265
492 433 -100
455 378 -589
438 845 837
368 3 331
860 335 249
142 586 -63
305 488 315
151 200 315
696 120 907
480 150 772
64 830 -614
730 263 -58
598 616 -428
827 673 -245
380 732 556
58 694 629
357 134 120
572 131 -298
880 284 -921
589 131 -850
116 454 -341
282 227 271
825 270 451
943 304 -846
554 34 -633
74 157 809
199 431 979
444 682 789
460 708 -439
172 601 776
334 292 -634
455 358 549
212 731 296
544 908 526
145 827 397
288 573 559
30 728 -555
205 703 931
624 751 45
782 431 849
110 531 -366
678 892 -331
473 700 267
505 525 -468
357 312 903
234 375 544
215 802 697
714 310 113
103 791 405
13 765 -728
757 634 -842
273 900 -737
613 526 960
939 635 494
680 791 388
727 492 -590
116 128 731
136 699 34
265 125 -954
11 555 -708
521 609 -971
324 453 491
763 120 -414
221 808 -591
488 865 -499
796 782 586
154 717 -749
62 240 -673
568 401 -827
740 663 -50
623 943 -840
803 643 -978
642 697 -639
889 419 -655
226 903 589
545 528 -599
65 876 -596
638 401 867
357 88 -874
678 178 -980
889 128 -779
144 109 824
460 337 -298
573 527 -690
206 937 -223
126 415 -663
21 561 802
853 635 -120
930 56 963
11 709 -208
167 740 946
646 35 511
721 944 -626
729 348 737
537 497 743
777 456 350
416 274 898
865 895
324 439 290
371 861 500
688 523 -740
249 93 -108
605 550 -791
158 371 -744
282 218 -876
801 575 46
383 23 202
805 112 127
842 273 470
698 732 510
152 323 78
857 499 -180
299 537 -869
56 216 -393
214 778 86
489 177 -98
172 224 798
621 262 -668
94 111 86
509 366 -560
434 601 594
14 307 466
411 791 247
98 806 -329
421 364 -547
510 424 -244
575 661 -850
155 740 881
186 208 -722
834 129 426
226 675 965
443 743 -958
847 753 61
621 503 299
818 767 233
301 260 -455
394 602 109
541 547 875
162 303 468
510 658 -287
579 865 -793
857 565 899
232 263 -110
196 708 -652
147 427 841
455 716 943
562 73 -840
624 468 142
627 402 -725
566 689 418
713 361 973
607 281 -448
840 397 -490
321 577 889
684 489 947
240 88 394
317 106 999
699 773 -815
18 709 -629
81 360 -115
687 98 240
619 802 -94
316 198 365
328 567 -600
567 696 999
570 276 219
173 621 -425
345 733 -686
591 694 596
684 750 154
365 568 -46
473 313 -655
455 232 -993
261 777 -58
304 254 407
699 285 76
150 640 328
690 806 -363
236 363 111
32 292 -133
827 742 -311
768 178 -148
419 852 -2
509 6 -775
31 356 -648
839 808 -62
563 134 -13
159 379 -924
548 385 -1
55 823 -956
837 553 -768
82 198 -907
402 172 -970
793 18 974
394 127 -715
713 570 509
116 225 610
45 560 710
282 64 498
691 84 -553
687 802 -326
331 359 421
743 768 755
264 340 382
419 156 -488
257 572 277
248 178 271
468 268 434
550 839 102
306 172 -224
551 492 -309
439 836 -276
323 539 -416
544 382 -587
341 430 -275
798 251 885
91 623 529
32 59 -231
554 63 17
579 90 -147
610 425 773
339 688 -278
490 205 -662
748 102 -753
565 494 -411
710 812 -400
14 78 715
646 406 700
756 378 932
496 611 -261
372 710 -967
202 767 -377
434 205 -460
203 558 -314
748 492 -709
125 495 436
343 781 -779
399 423 -826
27 103 -571
338 579 -477
73 507 -431
157 690 935
674 679 1
410 527 -409
158 503 942
71 591 304
422 489 -150
824 95 874
48 533 -402
144 196 -309
261 655 736
635 729 -253
87 483 -722
636 818 555
390 370 -246
82 51 558
760 368 -177
764 703 -507
439 498 -876
458 598 743
435 624 -765
627 427 -49
813 855 339
583 207 -614
163 316 21
466 542 -8
578 726 172
733 38 122
1 58 -199
843 121 -880
388 635 -910
473 646 151
42 204 947
469 170 -477
122 499 832
484 652 -612
362 98 -406
216 245 -854
557 660 -545
744 379 806
340 583 -694
478 594 -357
599 375 -228
580 695 -958
97 313 102
238 385 59
301 426 -404
408 609 -199
542 387 576
593 577 318
788 459 272
132 329 105
452 496 -638
539 2 528
488 510 627
601 863 -704
355 861 464
129 517 -573
851 43 -955
105 570 -23
586 515 -387
559 618 481
601 247 974
115 97 573
836 348 -169
502 297 97
300 463 -746
440 158 -872
159 98 516
7 580 -682
34 628 -246
453 17 463
559 63 -983
318 80 80
780 686 590
427 429 165
181 13 -517
130 271 82
617 586 -872
456 481 -609
117 693 -867
443 670 -588
855 130 513
344 849 182
209 350 70
282 760 749
149 388 389
504 679 -671
814 827 162
737 122 980
456 786 232
412 361 888
211 752 -631
232 294 77
781 497 -798
523 738 -950
116 366 -626
386 419 18
61 214 -919
621 515 96
646 367 -125
680 724 -570
282 849 639
842 645 -840
784 797 -827
205 852 261
567 239 -537
683 585 -197
708 310 696
725 572 381
768 623 -712
584 308 601
729 37 -339
96 538 582
191 493 907
652 798 568
451 741 -718
523 204 492
133 32 -912
703 268 -251
557 827 -585
468 260 21
124 772 32
229 770 394
276 572 -42
493 450 582
650 234 -214
452 146 154
623 137 -593
614 76 -427
460 430 582
87 506 69
793 628 -388
258 846 679
248 600 824
573 494 -26
635 374 -284
102 571 231
62 272 -929
319 809 527
612 513 965
608 292 -189
587 258 876
670 288 490
593 567 -661
865 561 -488
417 68 737
660 771 -32
423 558 479
747 618 -776
43 124 35
776 162 285
405 239 216
158 197 -146
719 300 -692
253 840 275
405 640 -81
532 549 -146
519 794 163
825 264 54
279 828 282
863 691 216
152 462 -647
453 137 182
239 686 -589
690 761 -863
61 382 517
715 842 252
662 407 -44
593 677 -958
677 128 800
774 565 -292
462 311 -970
391 118 -310
676 484 -328
549 745 115
623 370 -457
229 756 141
398 358 -914
677 327 200
230 543 -294
80 444 303
216 252 577
312 24 -442
464 646 -267
308 247 461
526 310 291
276 788 983
540 58 -882
297 610 505
411 810 719
525 86 -926
847 16 597
621 678 229
445 632 433
861 806 491
285 696 -419
366 316 880
506 94 851
184 593 -821
298 499 -691
177 304 388
476 35 -302
775 55 665
631 256 -931
373 671 732
534 502 -935
684 646 233
371 438 -15
595 780 104
107 802 -901
851 858 107
453 791 -937
813 557 -601
624 356 -993
415 8 341
597 293 78
805 649 819
148 480 326
790 508 -588
337 73 414
348 417 -950
717 115 255
768 712 450
424 59 680
54 589 -10
21 131 -42
845 220 993
773 733 339
314 575 304
516 852 -640
487 309 -548
776 50 662
266 501 -948
525 450 761
530 23 -386
86 60 287
175 359 241
195 85 -419
642 323 313
706 43 -450
460 22 -767
815 172 183
602 56 -981
279 74 905
357 332 -24
254 676 -485
643 95 904
767 828 404
188 588 -716
64 391 -180
552 465 503
201 698 22
550 278 797
373 259 -239
79 112 404
835 394 -243
103 794 -920
417 737 364
849 683 -347
187 687 -669
200 138 356
574 26 -617
282 549 -940
860 727 996
844 807 795
101 202 948
574 371 447
844 216 955
767 721 -921
279 73 586
68 532 131
518 788 620
596 661 -746
493 853 9
847 622 104
678 792 -712
728 435 -120
343 390 859
16 286 269
277 65 904
837 132 -489
647 174 -272
129 834 567
8 349 989
378 728 558
703 220 578
197 478 190
31 677 960
494 443 30
531 188 -852
710 305 -569
49 103 -807
278 329 -539
749 744 -985
292 250 -667
768 813 914
127 830 -409
548 49 -175
93 793 -409
307 131 196
596 524 276
681 166 -834
55 836 -473
445 258 724
571 840 -75
375 728 -168
23 9 -128
326 398 393
685 719 -226
713 666 759
861 629 121
439 263 126
680 490 229
368 569 -49
431 761 -689
29 309 608
421 10 94
279 356 719
592 377 762
117 625 516
767 137 -429
666 207 -411
783 423 165
220 471 447
409 740 -340
52 239 -756
250 592 493
668 720 -81
618 839 695
29 695 -701
1 724 18
737 828 -750
494 632 -964
111 573 222
720 362 6
738 525 -916
643 590 -68
439 43 -967
657 426 643
254 189 676
2 96 -453
548 798 454
533 436 -16
541 604 779
504 396 332
261 603 277
540 368 311
218 248 533
717 654 6
461 414 -921
643 63 -289
211 46 -498
733 136 -980
437 326 -886
862 242 -642
234 317 -571
88 324 -514
48 681 -572
346 153 412
861 701 -991
112 420 -612
480 25 -333
238 544 52
263 859 269
302 65 102
305 181 982
749 194 -388
507 610 719
328 21 -680
537 565 -627
143 641 957
11 712 372
803 577 863
199 454 989
35 456 71
775 108 326
97 42 821
71 832 -107
206 253 336
281 817 233
829 88 -679
106 821 452
506 384 -434
18 138 330
405 43 -229
59 404 667
728 858 615
214 26 -678
585 303 -9
154 332 -813
119 16 195
344 462 -672
517 102 459
703 612 809
60 178 65
187 121 -804
101 308 -344
859 34 11
110 595 950
248 424 -105
153 188 405
259 356 -860
292 651 -401
83 517 -650
264 217 -588
845 486 -446
142 457 -421
529 112 469
197 581 -322
173 109 285
721 768 902
289 492 327
272 416 771
841 35 86
55 541 -801
673 865 590
416 561 -570
598 340 200
145 653 -842
406 805 948
229 754 239
726 662 -499
432 736 -315
242 303 953
70 77 -10
684 440 -812
676 737 794
292 477 -723
53 747 -159
316 390 488
237 833 -155
741 547 -260
423 342 -468
787 571 -700
571 525 410
832 563 490
214 202 586
321 284 186
452 350 150
494 501 -901
647 839 -647
343 195 -582
653 131 730
675 402 -563
644 255 183
620 838 562
430 264 267
144 605 -835
224 17 223
163 112 798
746 69 -98
518 114 -277
606 208 42
389 785 621
501 5 -923
729 671 576
441 387 -131
415 482 865
452 669 6
84 379 -718
485 588 987
848 512 -847
752 119 41
214 60 907
118 284 448
307 686 -625
194 443 828
665 386 -357
593 684 822
794 126 -800
262 733 -925
76 93 -900
311 623 -949
34 743 -949
310 660 206
711 240 284
34 188 342
167 351 -44
112 701 328
152 388 288
858 789 296
859 808 779
74 651 -918
20 689 49
828 508 221
453 193 571
1 420 -725
571 115 630
844 502 898
317 507 -349
425 450 599
174 50 17
416 506 850
287 346 432
557 372 479
610 754 818
474 152 970
271 484 -187
625 284 935
58 737 32
628 516 -897
849 588 -44
129 572 -303
561 23 -33
481 238 -84
658 531 986
31 243 -834
741 634 766
482 41 -120
61 536 -719
641 432 -816
816 402 -815
309 230 989
41 114 -126
625 478 -441
739 756 164
275 853 -66
443 23 646
850 209 930
336 624 7
527 574 653
660 826 536
570 241 394
333 826 142
368 267 906
49 295 -99
522 361 458
234 551 571
776 616 71
705 315 -664
448 392 686
762 811 -330
246 828 -118
538 845 14
185 751 80
564 773 -33
670 380 -175
654 422 -257
575 460 -736
375 683 -157
427 96 190
374 473 815
660 39 -983
333 131 569
406 126 -204
708 316 -930
82 668 -727
275 617 216
26 783 -386
2 300 -596
279 50 -20
371 357 -61
36 561 -287
420 469 572
451 332 -964
336 518 233
289 236 -636
275 290 59
597 310 -60
686 713 998
780 275 -801
451 672 303
235 298 -220
186 153 314
550 269 333
661 555 283
196 148 831
5 514 683
190 832 45
609 839 -201
21 451 -471
68 733 105
160 740 -333
698 483 -245
201 225 183
392 57 -93
209 726 550
861 458 -893
726 25 -820
579 768 692
399 464 -955
567 463 58
795 129 60
555 439 419
560 148 -146
490 4 -904
655 860 -763
477 611 -801
544 803 883
655 184 91
637 562 -439
681 161 285
618 486 -834
246 749 141
732 524 -311
175 687 -768
35 635 -586
15 821 449
69 80 -331
718 195 106
712 16 487
732 391 268
678 209 65
818 733 704
295 817 187
207 772 -16
727 751 642
441 281 102
512 439 -120
841 706 -492
496 444 -470
587 656 882
437 155 -547
538 144 616
791 127 812
336 765 -730
590 250 46
44 811 810
789 652 -446
587 362 -691
668 369 -520
754 778 872
801 455 -951
97 291 -400
535 254 -274
236 616 -854
411 162 357
291 118 -581
578 191 68
491 740 933
531 214 -975
850 639 -884
712 593 833
410 597 -509
129 624 -123
588 427 -325
773 660 -666
365 837 546
355 617 229
401 819 398
67 383 589
376 84 316
322 776 697
742 814 814
74 621 -217
827 288 778
6 639 670
235 71 -755
117 861 -184
356 663 -424
191 770 -57
374 563 878
331 673 671
516 323 822
198 657 -803
831 385 -291
318 290 654
405 581 -615
391 604 -241
846 388 -367
691 299 43
563 65 -40
241 540 252
158 302 -365
753 575 -616
103 345 -331
807 714 411
593 728 -487
307 805 81
238 214 252
375 325 -83
148 778 460
825 298 -16
430 36 341
780 81 -327
353 138 -895
464 103 129
70 772 -72
799 416 781
50 306 -589
455 221 684
470 183 -294
733 346 -983
310 643 -22
627 351 346
91 511 79
739 146 234
385 275 1
385 588 734
326 454 -801
242 48 310
133 121 68
864 672 -759
254 161 142
329 409 -265
121 635 369
649 321 183
241 76 -478
204 10 -41
446 577 -117
460 569 115
446 760 -4
485 380 582
109 138 805
453 307 -652
428 109 102
217 649 932
627 226 -39
441 486 -528
408 381 -341
325 674 761
368 788 -188
366 193 -737
468 179 -945
658 653 653
357 559 -272
564 254 -943
462 177 -243
85 129 115
513 251 994
116 41 -632
607 712 -313
155 817 734
20 229 101
44 824 -311
250 67 -446
615 853 -918
685 614 -120
129 347 881
354 833 418
679 475 646
680 815 -508
67 293 -670
131 389 -293
397 720 -923
430 403 -387
212 111 113
523 22 199
724 248 318
690 842 -608
12 400 618
335 381 -561
750 75 -793
346 239 -619
729 130 -403
321 397 -633
601 591 -846
505 536 701
214 824 -559
261 317 -731
602 209 -244
372 184 374
