20

951 1959
235 721
612 260
500 893
193 552
836 332
248 271
513 871
723 693
910 130
619 516
813 361
560 64
509 144
383 188
258 702
353 217
887 668
302 601
317 686
304 654
157 421
207 469
99 244
160 742
301 711
914 658
683 185
482 839
622 389
471 427
572 284
888 601
305 855
571 604
329 89
384 215
789 883
166 179
885 794
357 198
896 717
346 543
844 306
916 935
494 655
595 685
49 528
758 350
175 623
876 885
309 404
663 266
847 89
154 822
693 318
676 919
550 503
3 112
121 119
195 418
53 950
24 325
61 533
903 57
854 338
539 758
223 353
481 898
425 909
890 558
653 781
711 460
35 586
144 488
73 470
129 324
293 142
477 929
611 594
852 147
253 197
147 351
774 519
694 287
635 536
581 594
395 406
454 660
570 165
298 928
667 738
444 697
31 828
473 446
219 251
793 837
585 235
71 369
400 889
331 722
461 235
12 415
61 865
498 573
525 360
563 525
140 714
87 134
742 590
721 645
153 830
885 240
208 948
282 461
377 406
233 519
822 52
347 539
816 514
877 103
248 606
695 794
60 12
745 359
49 168
893 338
685 550
277 691
577 696
264 290
379 856
486 28
628 285
415 236
762 487
86 191
896 503
915 776
789 372
796 951
619 252
838 30
73 894
594 562
99 807
500 241
872 58
768 149
643 771
814 70
267 385
789 632
382 947
918 224
211 323
225 706
707 655
59 583
445 45
608 508
221 49
63 388
502 748
699 298
501 556
838 366
456 568
934 269
274 834
573 446
262 383
101 120
770 889
206 40
635 573
765 434
430 560
713 719
510 354
350 125
577 175
353 549
583 421
48 602
876 362
144 435
475 118
754 906
688 175
172 763
763 373
505 664
398 902
427 120
564 591
319 757
748 937
197 264
108 213
735 776
496 836
819 293
488 393
828 45
460 540
727 793
638 97
656 784
185 690
378 35
406 293
9 74
635 327
360 413
551 54
774 581
232 118
426 296
931 534
768 750
289 112
181 193
340 271
839 392
569 490
682 550
905 141
460 573
95 313
225 637
448 98
236 385
367 816
210 887
618 670
948 400
277 360
639 468
859 422
53 355
341 950
406 422
10 887
792 167
50 528
324 524
823 448
791 763
180 67
110 339
8 927
342 668
501 51
153 16
121 81
821 2
324 740
329 617
302 835
851 653
871 758
400 460
330 901
208 553
429 591
467 356
487 484
272 219
136 441
908 71
530 887
14 209
806 712
455 652
77 591
743 818
503 640
236 176
790 737
385 190
356 351
9 141
854 458
907 875
181 476
573 267
294 803
387 223
902 674
692 261
410 76
8 909
643 258
949 840
714 306
532 285
77 61
919 26
190 356
339 609
736 547
199 494
720 287
337 158
638 753
843 129
296 816
761 28
529 275
656 677
948 483
750 771
350 710
903 750
615 111
434 366
658 829
511 187
282 71
74 927
423 289
657 660
607 87
629 593
942 264
118 533
200 855
128 911
698 474
41 195
243 315
806 848
716 714
683 403
478 780
923 346
851 681
734 136
384 71
812 127
248 546
376 12
546 335
687 225
184 41
404 819
262 890
806 8
411 717
36 21
782 33
818 438
313 414
737 352
904 548
501 590
635 407
265 384
110 377
628 852
420 334
429 829
72 155
752 620
788 110
662 661
299 574
527 126
399 577
339 33
875 51
747 774
415 412
700 753
114 578
354 53
199 240
863 212
441 712
867 676
402 156
103 238
207 475
265 830
432 58
401 528
296 900
320 736
865 332
341 246
703 88
7 138
432 792
420 167
76 116
168 493
690 489
211 557
195 11
32 935
325 659
93 781
760 246
582 436
349 724
794 828
273 26
239 106
921 583
44 754
42 30
580 409
11 341
766 420
932 939
203 112
405 122
412 905
17 929
476 655
795 328
446 18
640 534
845 344
94 812
796 598
277 556
80 690
558 774
247 687
217 706
822 508
91 668
439 932
613 425
580 745
300 494
764 587
319 560
668 237
242 861
714 482
881 626
825 221
899 332
573 445
225 279
869 684
662 253
245 589
945 911
485 804
347 344
921 371
649 700
796 565
928 838
891 842
666 620
564 729
485 587
141 14
822 684
901 89
470 846
566 896
174 612
489 599
751 907
495 18
116 658
541 260
151 742
802 689
190 896
788 313
337 414
252 468
35 540
273 151
348 58
205 671
478 685
161 759
26 232
818 124
391 618
272 88
770 292
536 95
226 541
367 520
345 631
88 325
84 62
323 853
716 689
471 943
774 460
354 155
345 945
506 843
441 663
337 550
161 272
400 834
578 534
585 51
683 459
146 87
241 264
222 506
544 537
670 514
873 662
562 591
569 43
129 215
926 619
343 687
414 677
390 292
827 270
347 755
385 164
684 312
444 641
48 90
836 344
330 898
811 583
443 475
941 312
693 98
882 925
166 375
798 679
290 477
75 484
612 648
151 118
247 700
311 332
225 865
532 56
331 739
673 102
13 765
229 737
472 865
81 870
843 249
884 269
106 48
400 226
336 122
463 137
198 784
324 747
242 643
595 326
304 364
440 337
372 107
487 362
415 217
705 354
397 904
838 637
291 340
130 596
223 785
447 345
604 76
217 246
128 610
715 742
292 189
18 327
707 305
534 24
846 286
778 19
67 661
361 573
937 754
342 45
206 588
943 72
473 35
627 139
455 738
476 56
656 547
90 694
399 714
678 318
495 893
884 393
761 212
883 165
468 849
498 258
868 466
136 491
306 582
440 44
702 755
405 754
427 915
486 105
223 549
558 632
843 370
609 107
101 836
943 376
929 730
327 664
593 2
336 859
206 122
99 156
599 44
802 837
465 431
400 292
536 297
370 694
574 143
408 818
302 665
766 919
359 295
344 291
757 880
144 742
147 797
407 770
304 924
273 474
152 383
461 459
341 789
235 837
641 474
201 757
62 490
282 629
530 818
215 102
327 439
112 556
591 507
316 113
428 493
892 247
641 305
408 140
57 94
898 892
237 594
256 127
938 797
153 579
173 203
208 385
372 93
744 926
435 426
898 155
183 135
195 384
113 831
889 20
484 277
950 94
130 701
851 391
772 424
715 513
590 96
214 460
132 943
709 355
784 817
316 892
551 410
296 406
666 317
64 71
544 428
563 504
732 123
453 59
239 404
19 801
613 424
190 140
37 114
467 758
302 366
2 378
720 6
702 186
80 357
297 737
764 810
411 306
844 415
560 409
772 63
251 381
680 120
777 116
921 370
685 505
631 605
87 277
362 699
123 660
911 439
236 397
549 103
632 143
585 654
756 653
666 248
194 383
358 348
656 899
306 763
386 804
112 822
252 920
455 277
935 192
332 411
569 128
114 146
315 418
390 133
874 514
359 515
553 660
23 151
434 463
341 842
201 69
1 96
151 729
461 86
103 940
111 575
153 544
524 459
162 731
37 521
776 695
446 361
217 474
219 775
75 65
184 653
45 820
319 480
140 72
801 770
315 665
10 249
451 73
830 408
880 426
67 121
508 939
696 924
17 234
779 321
80 858
460 833
602 381
7 945
509 416
98 770
644 852
744 646
688 412
39 442
166 774
724 319
949 319
818 586
361 576
873 635
878 180
759 190
103 524
640 403
769 78
413 548
140 860
596 104
422 818
321 622
794 272
133 348
17 616
273 412
82 369
488 381
931 358
717 157
176 325
30 565
839 140
648 49
382 647
272 498
315 308
726 283
357 364
505 934
588 280
690 619
711 884
387 554
600 271
676 471
354 196
658 857
842 10
99 388
295 391
781 775
463 337
532 945
293 765
349 443
902 841
529 672
750 7
438 292
53 72
822 661
437 116
455 629
443 280
120 123
105 887
808 552
325 40
186 679
150 92
353 64
869 637
747 112
366 420
257 704
22 501
460 693
541 49
462 689
689 339
581 709
732 234
896 83
110 8
936 426
45 189
785 187
290 794
664 94
833 569
906 874
123 217
713 695
182 883
845 871
473 309
748 136
179 191
935 815
284 680
195 31
340 551
18 774
306 595
402 735
384 894
192 764
219 857
472 156
109 740
387 844
429 248
198 543
878 776
111 486
350 874
782 279
343 132
930 653
491 321
683 504
902 751
428 533
57 632
651 413
63 507
391 158
809 473
520 207
759 467
525 269
368 444
798 510
191 931
454 846
630 866
100 339
815 660
493 637
947 300
178 586
643 684
210 516
796 712
502 356
676 579
204 380
282 591
164 36
368 637
95 177
722 400
391 901
638 446
435 587
867 185
596 473
269 37
806 323
2 352
741 475
851 192
366 112
367 793
900 805
680 455
883 812
59 770
351 192
598 648
690 672
231 512
626 239
649 704
780 945
584 711
697 611
662 437
687 439
177 394
931 554
144 136
381 469
754 282
938 408
118 349
429 734
502 60
927 576
842 543
8 225
290 107
765 245
627 204
210 606
190 7
768 928
768 277
540 377
512 624
654 687
595 897
458 342
338 768
885 119
312 542
931 247
401 491
186 607
560 352
412 237
585 805
341 364
15 581
322 229
810 293
773 703
640 876
732 613
275 454
333 911
524 29
145 153
328 903
515 455
461 85
637 476
411 265
125 595
418 136
173 913
286 773
360 860
839 348
181 231
477 337
797 317
925 339
602 448
112 257
78 771
846 417
176 848
314 427
499 707
294 383
485 730
276 438
833 506
304 829
857 492
343 110
54 231
97 413
250 786
763 285
110 645
416 287
345 495
56 705
291 332
775 355
931 234
312 644
361 376
913 721
182 821
245 805
405 896
227 173
561 234
567 308
702 94
65 139
285 91
950 781
112 708
521 770
791 75
387 257
345 90
291 678
937 248
21 562
571 333
191 230
32 341
214 408
804 616
633 666
134 218
266 336
476 271
437 321
675 156
127 427
614 508
535 478
163 444
540 67
419 912
868 193
616 122
655 343
672 481
808 684
76 858
499 558
815 724
928 939
269 307
127 451
757 531
904 675
928 463
344 944
697 876
645 313
940 81
829 64
501 171
416 2
15 26
73 39
844 655
560 575
140 851
90 799
420 601
187 168
851 129
840 366
425 406
336 701
10 761
798 299
398 803
254 740
668 69
104 824
586 135
330 473
477 278
45 509
363 76
678 880
492 50
633 911
358 208
191 282
568 909
606 240
537 783
342 583
774 388
592 675
350 349
651 794
708 217
223 476
363 780
554 370
761 846
711 848
620 777
54 212
845 258
296 98
739 470
298 199
445 351
276 264
117 71
778 3
277 503
150 111
705 484
686 763
638 394
559 941
805 4
56 5
720 28
812 580
929 317
345 105
6 477
526 338
949 616
551 740
370 489
269 876
715 113
386 136
405 855
122 930
375 52
50 464
32 752
345 193
226 33
476 7
847 48
127 83
492 135
682 518
672 831
750 916
435 468
827 413
663 755
8 867
192 303
170 84
761 404
444 826
29 836
765 645
378 633
554 510
166 838
903 684
690 324
821 767
809 159
21 657
390 912
379 225
417 345
537 120
441 339
350 119
79 906
405 675
139 858
411 17
33 870
285 141
398 468
587 139
740 650
45 556
799 711
360 865
641 638
94 893
215 711
757 388
704 741
373 741
395 914
450 878
197 258
518 161
290 282
350 239
149 617
335 404
639 16
781 90
820 926
416 364
626 157
708 843
162 605
566 866
916 853
61 106
845 220
674 429
434 467
159 439
507 574
109 926
277 237
725 377
234 74
199 685
702 392
29 419
527 531
416 76
533 141
426 582
5 255
853 22
502 172
67 135
515 757
863 795
209 26
524 906
69 861
198 627
111 664
689 353
69 313
110 608
76 656
901 833
497 315
353 705
156 453
13 791
531 166
491 872
146 248
350 535
775 388
409 141
781 274
713 671
951 429
824 315
629 51
702 219
902 452
247 42
121 703
267 895
224 11
561 855
310 930
739 127
853 797
51 558
307 15
881 323
129 540
500 654
159 285
861 637
494 281
407 375
123 113
430 879
700 300
851 223
319 413
621 600
803 810
399 533
700 598
42 335
803 612
759 816
411 655
83 425
230 80
142 497
793 485
445 554
464 674
926 75
359 510
930 150
490 379
691 863
601 331
378 27
807 77
203 522
740 176
359 800
932 513
117 495
389 656
50 408
233 904
397 762
540 219
527 16
857 841
346 88
331 933
321 366
525 677
659 655
182 914
951 256
294 155
6 657
922 6
639 907
539 204
391 222
565 746
507 744
609 766
901 744
759 403
101 804
325 172
26 933
6 834
444 667
563 599
820 388
624 210
879 890
529 565
657 225
137 505
899 745
332 432
626 755
247 7
163 12
698 827
905 636
672 172
471 257
789 876
503 479
320 84
701 128
24 484
405 382
668 79
125 527
940 660
939 676
464 767
579 717
47 948
279 609
732 681
713 425
554 440
929 820
113 853
83 625
337 862
30 267
321 226
422 32
49 499
114 161
258 839
638 660
434 357
491 758
610 55
189 13
529 187
785 676
753 914
628 663
422 519
369 905
871 13
861 940
127 877
559 165
135 375
712 761
254 530
507 756
534 22
76 269
48 225
892 769
841 273
262 777
656 383
913 797
936 373
934 629
520 116
920 889
260 506
479 333
543 482
378 263
592 422
620 921
548 78
894 669
476 783
855 939
578 15
834 760
62 729
451 686
820 496
533 282
920 284
79 579
922 438
618 25
378 517
40 764
664 865
332 124
226 433
301 33
433 105
88 750
399 355
95 378
812 504
136 190
173 412
463 317
925 354
377 1
12 752
179 746
885 276
499 73
152 258
670 899
69 657
551 743
173 729
891 383
727 422
842 191
651 415
674 385
532 649
723 1
488 590
34 486
306 908
915 445
846 377
631 194
127 35
642 709
347 828
478 70
632 926
527 258
766 131
198 321
453 530
226 415
816 469
689 857
122 103
340 719
40 206
442 622
192 596
128 870
95 599
282 6
763 28
107 39
436 921
823 543
169 610
207 64
200 243
609 768
612 417
282 690
339 169
601 276
345 543
342 635
36 818
904 798
97 344
835 951
288 237
948 766
56 377
868 534
801 435
884 216
588 505
180 855
47 833
500 923
634 882
472 210
843 723
263 549
382 338
555 716
257 385
406 249
559 429
580 169
159 302
520 595
99 380
661 153
544 243
625 504
823 757
276 872
499 42
212 878
229 776
72 56
272 52
867 939
763 144
838 706
469 293
344 631
317 209
84 204
841 463
805 108
225 293
315 618
138 225
394 640
147 149
594 640
284 266
935 101
303 625
625 723
916 249
662 493
9 419
235 500
653 929
439 706
908 241
947 950
508 314
314 834
19 830
648 548
426 62
687 375
693 28
453 173
517 755
94 523
832 624
523 46
834 399
817 333
339 330
834 648
134 545
285 907
362 303
515 905
454 471
466 257
637 379
451 623
359 78
557 549
391 798
34 249
895 505
878 35
326 940
330 419
792 330
369 383
800 543
740 9
52 324
144 237
127 673
572 786
757 175
759 10
855 232
294 152
560 249
155 738
191 224
728 842
535 863
443 722
762 579
413 468
453 288
8 538
918 773
387 181
926 197
30 159
588 284
541 916
504 676
134 54
659 629
456 590
659 815
572 251
339 844
626 386
838 649
529 531
839 96
860 592
13 328
455 157
152 574
324 335
402 186
145 303
578 828
210 152
190 647
799 330
111 468
131 55
288 522
720 814
422 751
830 13
446 314
397 366
715 841
511 784
168 223
426 117
83 428
229 437
875 56
808 212
716 905
457 570
149 793
277 327
300 859
907 607
821 616
308 480
809 491
924 186
841 391
489 845
329 251
585 906
379 199
53 10
629 465
352 291
456 788
462 413
567 74
933 587
471 668
420 815
666 515
23 386
243 549
464 342
565 16
242 906
813 396
796 324
248 82
672 948
404 650
560 506
724 467
870 86
527 69
147 210
277 501
268 216
90 8
312 2
171 191
593 602
763 669
50 471
69 457
416 725
618 312
604 270
493 276
368 440
539 483
578 512
109 324
606 2
788 225
460 767
151 675
688 277
289 779
750 439
646 841
833 886
193 72
10 618
321 205
894 449
52 75
239 445
22 413
124 474
745 901
836 510
552 376
326 205
276 399
427 304
30 800
839 58
630 656
60 291
411 139
892 155
915 84
183 473
634 251
488 11
288 120
662 228
205 828
813 8
198 869
733 668
477 168
690 676
395 694
379 557
821 105
257 295
444 390
764 23
109 931
293 273
377 337
584 929
513 333
586 909
188 271
284 429
126 711
289 321
517 670
458 584
331 676
45 441
345 615
623 299
382 113
754 134
745 888
483 465
318 167
609 777
535 522
149 33
245 29
157 907
711 914
752 462
738 174
225 65
373 782
907 74
763 705
710 391
362 234
239 608
757 483
225 210
583 28
549 924
286 806
825 233
389 880
136 812
266 432
514 875
380 483
347 295
458 341
509 577
527 175
538 287
167 193
816 168
300 473
431 235
52 135
770 547
129 650
324 825
61 122
728 169
416 90
189 672
98 554
670 49
283 337
15 937
72 358
734 729
679 663
905 686
448 614
947 944
503 811
434 293
877 207
915 740
588 595
717 614
6 674
761 1
104 721
78 79
325 925
895 458
660 845
22 472
890 951
144 865
255 534
131 876
399 865
835 773
821 436
458 650
214 415
867 843
527 189
46 543
875 427
766 174
516 398
901 46
542 650
688 516
108 934
879 769
241 760
848 501
725 396
653 501
550 233
808 45
627 934
39 33
402 859
361 381
490 590
684 535
816 44
513 409
188 162
938 633
425 247
502 747
597 361
851 546
487 60
931 7
128 739
753 27
734 7
574 428
794 277
503 459
416 845
18 602
99 892
907 111
176 243
692 260
206 463
507 637
372 916
934 288
618 169
28 504

834 1105
712 814
190 801
469 239
449 310
648 706
432 159
676 73
397 390
223 657
30 619
107 119
489 688
266 302
393 772
642 495
820 210
673 315
513 11
351 798
571 310
80 12
571 193
245 763
179 167
268 505
71 135
590 45
330 757
151 21
787 807
256 260
351 532
667 420
227 538
324 798
796 115
213 595
462 831
170 193
704 815
671 107
433 490
676 516
702 663
24 474
64 451
97 658
83 194
332 574
646 45
183 545
586 608
84 374
389 447
201 417
722 473
830 696
746 6
511 510
681 439
231 499
700 283
381 184
681 210
177 577
459 89
812 22
332 712
268 341
415 518
667 577
499 806
506 608
780 396
829 821
333 390
412 45
527 486
137 363
329 696
759 655
697 463
42 119
17 272
114 331
657 78
807 226
354 314
367 428
732 767
506 701
262 650
208 802
806 478
823 596
427 200
149 184
781 115
573 241
81 723
737 22
610 825
195 815
303 447
577 401
765 20
556 280
214 747
694 594
693 714
335 215
19 653
533 710
482 184
651 562
447 629
331 147
762 121
382 32
704 449
74 2
520 705
44 263
106 518
124 361
387 171
203 790
69 718
466 477
291 732
114 757
261 342
285 505
511 319
171 356
667 480
574 347
700 191
457 65
828 695
441 613
750 729
513 763
792 293
339 50
499 782
93 630
389 628
151 677
122 137
663 666
294 620
525 286
461 361
712 763
126 748
609 222
746 60
606 140
80 790
262 723
367 333
180 120
695 252
428 71
116 212
676 375
727 777
127 507
509 44
108 420
383 408
157 393
388 478
408 197
736 513
631 773
633 580
356 488
362 711
91 15
476 640
79 310
485 301
274 423
469 317
480 362
441 143
8 47
113 112
261 87
43 326
150 56
788 813
291 547
716 443
800 596
469 598
683 741
369 152
761 66
826 471
441 347
227 540
234 449
634 487
611 60
319 789
73 230
358 304
773 670
43 237
211 144
344 328
568 246
7 122
510 119
533 668
424 364
44 275
570 799
641 805
148 519
808 733
824 15
529 742
400 723
676 16
132 159
149 56
163 3
774 745
482 585
811 488
405 1
81 511
541 705
572 288
508 301
492 72
554 3
361 680
612 448
647 244
581 9
586 677
227 505
198 317
754 665
309 726
277 706
760 219
52 756
508 616
731 816
544 582
764 564
89 718
90 585
716 715
408 342
331 569
342 629
186 710
389 581
94 725
817 711
519 379
10 45
448 589
615 775
663 578
534 78
25 653
425 190
669 143
554 224
726 705
399 272
407 822
771 814
25 695
103 639
546 294
786 731
91 750
46 510
432 446
452 49
457 745
222 29
541 44
527 221
32 677
188 247
129 285
129 192
816 668
92 551
540 88
69 553
271 663
786 674
542 66
236 438
273 628
231 89
100 557
469 361
400 288
655 232
485 705
76 334
590 98
400 743
458 532
136 174
136 824
513 668
330 615
292 818
456 640
758 464
43 790
97 751
738 599
594 304
49 664
81 387
730 651
297 471
672 307
700 429
738 433
409 304
266 747
271 158
40 566
681 712
46 88
368 599
215 713
270 570
706 505
317 77
453 640
125 814
258 293
249 246
407 275
630 510
179 296
817 603
65 54
234 625
816 164
464 228
273 17
403 699
160 359
756 805
186 517
647 197
336 341
810 481
683 658
225 701
39 182
236 668
622 412
393 691
666 603
373 341
29 243
612 773
376 112
809 278
42 505
519 823
673 357
527 114
504 2
10 790
688 557
484 510
61 411
124 581
484 359
562 78
295 630
10 306
335 358
761 737
711 11
433 639
508 440
576 507
188 68
345 286
744 450
573 552
830 28
368 649
445 411
250 11
607 80
480 775
68 350
741 436
392 477
734 718
130 66
803 154
736 674
482 593
5 99
270 363
570 181
38 362
368 581
528 42
673 76
181 443
598 613
620 280
725 670
701 513
63 255
434 209
163 84
561 45
419 241
537 310
663 135
512 727
828 817
788 405
342 762
157 736
281 589
502 359
633 316
362 474
129 778
565 359
324 172
615 9
525 481
618 689
746 470
94 809
598 366
220 228
722 403
370 713
366 515
238 255
462 137
725 210
335 465
369 578
87 83
130 701
661 603
468 670
738 513
25 525
240 277
220 686
13 510
220 551
635 252
307 830
621 630
499 41
590 511
109 237
627 29
476 349
183 328
367 798
132 36
391 700
776 184
612 121
274 92
555 153
430 471
258 645
347 477
572 613
761 779
325 138
735 42
716 763
752 713
656 365
484 497
76 582
261 56
272 705
57 429
696 491
172 356
134 439
667 794
374 582
373 710
519 363
779 563
63 580
672 705
637 177
299 266
480 70
426 292
806 422
511 270
58 828
546 106
788 733
289 243
588 497
451 467
528 692
356 789
427 275
768 520
686 822
822 500
301 63
698 379
70 285
495 601
179 359
198 53
461 656
669 1
436 678
804 824
388 789
226 472
157 628
24 244
759 726
305 516
529 175
74 159
480 571
424 301
125 349
472 412
527 288
126 694
519 197
299 430
791 193
628 207
823 13
615 617
766 315
669 534
709 63
320 111
165 432
809 473
793 344
489 399
745 55
440 569
157 673
522 411
534 577
823 493
69 514
550 552
384 764
736 769
405 666
178 233
675 86
348 720
3 490
415 560
162 500
605 21
590 571
145 451
203 635
664 247
154 298
360 241
758 821
183 774
601 67
828 646
497 292
257 450
163 79
731 33
187 85
445 756
374 758
545 264
165 664
61 44
29 439
479 362
592 212
830 210
497 561
824 794
667 436
630 598
732 771
654 315
63 59
820 713
500 563
662 636
511 340
414 815
602 653
708 702
403 329
424 13
804 550
158 686
63 196
240 414
129 144
762 314
693 381
559 363
520 563
281 483
638 272
364 11
109 659
5 278
78 598
448 770
180 187
311 495
512 33
29 582
332 756
481 55
287 143
428 741
834 45
224 624
348 334
810 161
281 751
466 319
284 135
621 543
616 805
40 570
434 453
542 300
130 573
90 494
686 191
354 593
109 57
520 48
40 576
582 569
101 19
723 771
499 560
638 190
418 239
376 406
445 826
749 555
120 649
39 814
628 652
170 138
19 560
627 775
299 16
414 55
327 782
233 412
589 6
322 111
193 808
607 87
531 22
663 268
163 615
360 244
13 308
102 675
231 782
60 684
672 373
832 134
614 348
788 692
345 172
699 451
206 396
46 353
206 570
325 487
408 791
262 412
485 602
791 390
749 447
803 197
142 284
621 588
485 767
257 249
145 327
802 372
391 18
749 711
84 617
542 174
648 304
687 103
357 477
186 626
818 567
475 370
127 93
722 140
348 98
698 215
178 280
708 516
262 287
685 518
427 282
586 636
793 316
322 473
459 629
527 494
218 370
552 275
590 217
539 224
94 385
24 765
691 477
398 772
804 783
275 132
738 372
775 665
501 548
273 259
354 300
175 210
213 710
387 59
822 341
108 200
145 338
161 515
367 731
380 580
661 210
417 338
122 758
647 567
256 710
692 263
602 766
130 748
760 695
573 227
541 718
495 154
578 238
407 248
201 377
429 608
707 696
93 373
69 68
768 373
833 693
271 777
144 194
506 809
609 113
223 44
288 745
804 23
734 287
244 296
494 259
749 671
39 200
224 695
669 477
585 589
484 476
151 816
744 87
206 307
428 570
426 629
434 692
383 388
15 646
637 119
103 272
441 156
723 169
709 113
408 65
726 138
481 446
497 196
378 594
607 444
750 336
492 704
688 125
622 31
155 825
451 500
325 467
151 718
73 433
69 224
786 626
158 516
376 297
278 20
620 288
389 689
545 18
633 575
562 317
240 92
628 93
828 212
124 782
573 440
784 340
107 472
370 789
719 528
455 343
736 732
258 551
73 442
230 361
214 701
683 328
123 751
753 512
122 106
722 173
738 737
601 768
173 135
466 403
274 540
201 95
607 323
517 412
586 674
444 293
140 706
391 366
256 752
158 405
480 404
786 431
424 543
570 592
511 613
324 337
157 385
609 77
676 386
75 445
363 121
32 61
311 728
590 701
647 745
359 110
52 825
743 783
433 476
466 618
625 651
330 505
335 193
793 314
455 499
503 21
62 639
661 328
440 727
75 623
330 637
252 684
197 674
71 150
708 448
357 483
544 192
218 91
609 218
358 426
257 625
387 574
213 259
118 83
811 279
295 351
826 113
645 353
190 166
211 692
329 71
447 491
398 778
165 458
541 670
509 479
62 808
427 579
57 256
180 812
60 662
211 77
163 250
354 731
96 387
68 459
537 765
198 233
465 563
201 238
43 459
545 663
213 684
370 388
734 189
17 767
689 629
107 161
117 307
367 688
722 834
656 93
15 795
290 467
582 540
373 733
379 659
354 64
245 420
809 316
642 377
565 520
604 90
178 638
171 77
163 120
417 387
699 756
681 480
480 537
58 38
216 475
305 491
698 805
625 340
565 227
198 63
656 800
225 265
348 219
429 446
27 733
223 287
122 729
69 649
282 794
210 174
523 542
139 263
533 598
793 696
226 316
234 115
368 738
586 697
828 424
816 705
750 449
489 796
559 275
264 171
125 356
809 422
71 665
788 704
792 62
171 9
344 583
355 77
374 187
345 492
803 286
676 183
441 507
335 499
214 456
443 591
508 237
617 577
741 253
539 630
681 525
413 668
769 643
520 726
108 123
140 288
460 577
588 678
188 379
389 825
296 274
470 60
40 241
371 599
481 770
676 321
273 528
740 394
424 719
686 202
257 684
545 727
606 78
817 88
230 516
163 734
570 488
173 476
25 379
600 429
173 648
74 560
593 176
267 217
746 582
7 491
748 110
185 516
354 498
354 63
602 320
131 746
824 720
37 658
819 219
559 746
572 45
201 411
379 264
749 733
783 288
100 533
15 670
148 689
318 152
127 316
130 110
163 35
587 456
725 769
669 91
114 814
195 507
547 338
258 644
627 216
722 400
466 353
63 45
404 805
288 323
222 166
660 369
612 318
434 449

876 1241
810 328
663 638
544 257
799 534
252 137
664 794
514 129
316 578
14 673
476 356
204 103
399 199
188 306
419 669
134 588
437 263
174 343
430 8
235 80
847 770
73 719
399 116
637 116
849 843
27 844
499 827
255 556
687 520
31 247
156 353
57 563
448 221
530 805
847 570
385 831
457 314
623 493
536 114
756 24
452 50
699 503
409 15
359 487
71 553
215 858
201 464
722 785
424 295
513 423
207 548
538 679
388 190
634 306
157 316
520 674
613 715
683 40
638 852
142 537
495 239
842 262
284 552
813 390
183 526
251 702
865 413
46 841
54 785
191 650
168 36
335 876
153 459
150 349
419 429
822 219
172 26
161 590
146 721
534 592
752 705
433 856
272 576
19 215
797 110
165 353
596 495
515 529
782 55
845 308
627 478
774 552
484 621
817 8
754 470
457 558
642 92
562 441
787 769
768 57
334 504
106 335
536 142
285 119
550 599
772 459
162 313
354 872
814 724
108 567
76 348
73 375
129 610
442 734
503 125
628 313
789 801
205 335
332 345
364 510
132 365
795 51
165 623
643 732
539 203
821 496
716 746
457 51
34 667
398 424
805 2
168 706
507 160
61 401
236 117
286 430
315 326
841 599
286 651
31 27
684 461
665 347
201 606
533 280
440 620
770 632
622 119
397 36
772 125
69 607
303 864
130 62
236 441
427 131
174 621
235 547
40 297
799 436
223 246
644 268
267 379
219 190
92 160
514 216
332 631
428 41
862 760
564 91
559 433
574 379
331 288
684 484
615 597
299 324
857 529
16 95
633 351
481 489
71 763
654 670
518 544
802 291
363 384
32 235
715 833
448 101
499 17
523 487
495 233
737 384
92 556
713 387
32 858
437 738
503 450
694 226
464 789
514 185
186 458
366 584
693 282
334 265
582 431
366 573
768 220
510 410
424 343
447 688
155 705
163 42
260 680
306 187
479 47
391 535
366 304
652 337
14 41
223 846
155 246
5 483
129 546
27 343
186 630
200 748
241 445
109 356
381 515
725 253
457 349
595 130
99 761
412 385
704 191
687 580
213 556
58 614
411 535
338 449
248 722
536 137
871 579
490 843
531 51
845 578
514 784
514 170
756 93
342 786
428 144
663 640
71 630
39 809
269 68
698 537
782 544
5 254
853 313
466 717
419 421
841 852
497 810
399 3
604 576
569 743
5 814
817 250
195 158
832 864
467 428
739 574
622 852
528 633
655 526
318 306
793 552
236 597
153 762
624 75
505 374
620 590
467 742
275 477
551 155
789 824
241 619
813 459
73 457
756 619
746 860
52 76
206 588
595 76
11 219
797 792
299 661
761 597
176 128
608 253
761 126
315 662
421 246
373 345
194 605
218 628
409 715
783 788
811 607
299 546
759 829
402 652
88 783
595 408
848 128
100 761
284 794
256 387
63 465
45 874
588 662
759 641
136 270
183 205
566 208
307 295
565 796
271 89
635 710
630 622
671 859
783 710
488 552
26 660
249 116
146 488
859 674
587 281
624 493
178 385
592 876
588 628
425 808
739 45
315 248
618 656
424 53
799 294
5 13
192 49
690 349
622 762
702 831
37 1
517 374
539 194
149 709
107 620
747 51
101 616
827 379
34 656
836 649
340 291
637 232
424 661
240 215
366 840
294 418
383 246
786 223
611 263
645 508
462 217
100 768
844 303
415 715
85 180
109 87
611 262
415 651
474 727
248 694
458 653
650 666
358 736
210 401
365 485
183 372
746 590
26 203
71 490
689 471
657 824
241 365
555 563
758 372
402 670
543 617
647 22
822 469
229 103
848 233
665 620
871 647
758 652
261 435
249 270
594 833
726 556
129 125
411 354
447 97
164 560
664 482
765 876
31 807
112 292
309 224
625 512
874 282
397 730
400 151
335 430
233 496
332 804
731 638
761 593
570 688
271 380
102 62
680 869
83 395
139 429
874 77
463 858
165 223
679 630
639 498
329 669
442 539
684 608
499 98
93 325
203 8
784 53
107 614
334 14
331 184
764 711
613 546
439 790
864 362
104 185
432 358
31 349
397 13
473 484
635 291
434 56
377 216
218 310
373 788
871 583
471 276
857 557
121 875
461 741
522 449
329 293
52 613
736 766
234 150
366 151
135 695
114 289
843 301
143 220
530 813
444 336
352 717
392 556
296 85
222 552
620 325
236 658
334 698
19 718
178 380
219 246
499 183
211 501
159 735
770 250
65 2
264 131
469 576
615 876
426 813
267 694
716 415
491 369
388 701
73 418
465 620
323 381
600 161
159 515
186 866
413 378
205 45
274 160
375 357
765 573
659 477
820 757
524 681
581 199
191 752
492 806
603 358
873 375
44 581
419 831
311 469
191 599
741 337
452 802
94 313
91 829
739 379
304 140
502 601
561 171
344 148
42 225
791 330
676 805
502 870
876 774
107 483
528 865
194 160
853 520
754 649
713 229
456 273
634 816
375 207
845 736
414 198
569 170
390 548
112 613
219 846
471 803
685 238
626 843
165 13
435 336
455 670
73 203
462 800
417 764
442 871
640 485
704 488
579 91
794 50
221 209
299 467
60 402
109 654
205 60
380 32
93 469
15 193
579 232
399 235
772 631
697 238
665 820
46 270
235 312
344 541
474 446
522 540
781 710
867 291
642 317
475 219
417 236
290 82
808 353
330 592
420 43
310 421
252 520
585 829
248 35
11 833
179 556
808 818
117 750
144 302
873 793
136 260
595 668
804 338
522 682
565 790
318 436
690 654
276 321
24 666
629 520
798 872
315 592
499 231
310 291
553 548
721 77
613 278
490 256
569 232
195 94
811 492
701 718
813 384
106 164
214 84
94 609
315 99
444 766
705 119
215 540
592 648
562 670
478 267
819 66
588 772
817 537
865 463
165 257
481 384
53 103
140 839
809 876
876 190
527 492
533 249
457 187
54 824
795 759
579 605
340 43
327 199
548 872
265 349
104 435
471 418
795 190
27 703
21 326
747 783
265 556
799 277
808 869
583 55
675 174
604 216
127 774
310 482
499 348
452 454
527 130
101 203
629 284
243 573
299 860
499 763
775 370
595 303
817 568
156 628
474 747
384 287
528 404
793 462
296 571
541 133
391 489
111 12
447 92
875 138
50 110
784 64
845 77
332 756
579 141
686 824
716 277
451 372
671 198
558 294
142 516
440 312
792 13
64 743
652 75
374 486
342 523
112 461
696 458
344 830
9 384
124 113
15 535
439 433
373 54
777 661
484 676
751 160
386 180
354 833
363 445
861 460
88 184
298 609
587 760
44 181
665 488
191 575
682 297
27 125
102 832
311 851
99 418
361 795
692 694
692 255
542 876
199 268
143 265
44 57
857 652
690 583
733 353
417 643
6 472
462 117
580 312
391 534
186 215
818 748
346 492
178 606
399 792
53 597
232 576
44 544
325 194
591 670
591 190
704 603
332 280
565 3
828 111
815 413
653 530
9 191
248 353
458 768
527 285
850 682
711 584
305 800
413 614
639 38
610 870
634 81
544 463
645 872
586 488
503 829
640 493
234 652
553 860
861 245
400 609
38 788
559 616
517 160
756 293
164 162
150 161
496 576
684 809
167 482
676 224
67 88
365 55
504 64
266 684
756 340
158 407
248 408
859 294
4 688
458 616
566 68
37 436
699 657
200 349
640 142
464 217
136 228
420 143
83 286
34 103
145 531
664 573
826 258
432 328
39 353
469 353
309 674
758 762
850 81
223 143
200 265
332 82
183 607
518 531
527 157
234 314
534 523
572 872
854 64
272 199
84 493
292 778
299 229
9 597
790 250
192 121
58 322
304 97
780 331
223 788
40 125
757 677
373 459
27 290
309 423
838 449
299 493
619 583
283 666
611 204
112 655
26 446
672 246
339 36
671 263
831 835
820 807
326 722
10 537
264 711
861 227
275 668
585 343
179 427
595 714
753 368
408 691
516 700
497 678
602 769
271 752
440 660
49 193
524 280
346 146
193 709
422 258
413 515
383 216
844 860
159 737
413 785
89 307
35 204
36 710
524 219
339 333
2 584
286 745
173 659
676 337
561 308
586 492
182 115
332 125
207 230
31 152
704 10
529 493
669 174
675 423
508 807
339 33
354 622
437 149
201 595
414 576
847 578
837 555
179 871
241 32
462 274
51 196
52 254
682 57
634 2
706 832
512 80
155 612
808 306
545 589
382 772
109 564
440 501
399 113
841 90
653 289
689 51
750 336
4 776
298 656
202 525
634 214
462 679
286 65
789 393
320 294
417 611
347 229
234 695
762 212
663 813
478 857
491 454
339 466
651 209
683 242
549 48
260 655
756 387
139 674
587 425
873 784
153 126
506 60
15 360
811 699
60 635
364 336
107 472
855 454
147 43
27 253
599 563
871 814
144 18
511 850
804 529
205 132
455 365
290 564
66 823
533 550
346 734
676 507
71 555
5 451
98 440
38 433
765 108
332 9
832 87
223 171
735 358
512 680
38 317
506 648
415 460
271 739
288 56
822 240
836 525
422 825
719 324
386 483
104 239
279 161
645 598
782 847
640 872
245 525
799 874
380 530
320 219
89 638
559 87
293 169
443 155
264 481
437 34
80 578
737 510
757 446
659 322
527 711
440 727
238 526
857 789
85 487
228 10
327 431
136 711
102 167
85 75
300 681
448 659
326 748
508 259
784 306
379 103
406 553
466 614
296 216
528 135
685 392
709 667
651 207
23 596
307 609
112 621
816 498
179 165
298 770
479 412
227 34
165 199
208 485
514 105
239 320
156 338
765 223
262 384
724 413
105 573
500 614
358 563
452 196
38 219
620 604
600 373
409 40
759 755
340 396
323 204
789 501
786 354
465 682
417 841
626 763
721 33
825 233
117 534
810 725
35 846
787 557
789 358
11 143
136 155
92 312
211 427
7 489
559 588
844 30
156 516
634 475
44 384
786 818
361 625
781 256
121 103
283 304
873 562
186 494
121 238
399 461
506 135
264 752
754 20
798 710
346 207
59 643
671 533
333 802
251 723
627 560
873 42
821 130
307 507
159 12
235 87
46 865
531 320
318 351
479 856
518 812
479 830
348 300
131 324
380 24
849 324
698 660
820 270
121 306
375 459
279 214
676 119
120 867
383 303
626 703
239 262
109 327
145 857
696 332
697 66
255 291
754 53
98 302
148 81
308 430
707 14
263 356
672 737
218 120
564 99
463 185
91 18
781 601
477 755
621 410
156 468
1 806
697 705
422 583
152 661
473 631
251 570
346 571
648 839
559 628
249 421
447 270
692 552
847 736
264 362
773 622
608 317
205 774
146 253
453 736
235 207
440 246
358 433
393 151
311 567
39 226
733 646
6 489
819 105
245 666
67 835
853 169
603 632
158 308
515 532
340 807
813 635
274 583
571 807
637 689
403 38
573 312
251 165
558 212
814 393
6 526
32 637
813 480
296 356
630 483
533 377
76 559
83 604
756 630
11 92
808 171
87 349
159 688
579 267
553 215
836 813
834 813
48 181
844 702
565 358
791 621
352 349
586 105
145 613
528 56
696 509
612 115
359 859
786 420
748 56
382 30
808 253
708 502
497 759
819 320
33 287
350 125
271 79
737 532
152 372

945 1026
718 778
324 745
395 514
12 336
807 472
790 624
399 641
339 128
235 73
389 597
471 76
9 933
97 352
234 867
242 53
168 719
365 779
519 686
937 19
923 14
806 75
321 109
22 570
73 630
119 167
101 750
670 830
197 547
363 661
799 212
295 342
771 369
882 261
47 187
936 800
648 333
180 566
454 203
472 710
712 521
554 838
877 146
552 82
97 220
55 161
741 726
567 475
701 879
330 489
83 757
151 915
364 692
925 328
607 187
285 126
515 247
180 799
367 345
696 421
336 91
824 4
795 80
515 607
10 14
7 763
876 93
578 229
172 252
683 524
501 494
295 99
690 290
788 929
640 56
845 465
172 208
356 121
274 348
342 865
698 742
127 574
351 10
883 262
454 228
806 570
656 394
20 728
653 149
22 442
20 865
736 235
937 541
85 164
900 44
702 287
107 123
505 664
516 829
539 346
801 603
278 741
799 802
179 941
650 566
419 440
257 309
703 680
512 783
407 373
247 918
787 868
904 458
685 284
198 482
555 425
554 919
389 417
539 418
72 656
840 655
41 155
119 287
691 563
554 945
411 383
457 479
762 188
94 925
312 537
829 641
337 760
163 377
278 871
846 320
564 18
767 212
939 783
553 403
138 860
751 461
683 196
363 670
589 714
526 327
676 336
796 258
616 467
702 74
299 14
57 290
419 251
408 659
543 541
285 498
38 669
936 880
418 808
411 761
160 896
96 933
312 98
549 256
412 416
500 869
613 307
101 221
501 505
100 647
619 881
149 892
22 506
886 48
193 261
572 751
857 731
691 141
77 190
461 660
482 869
862 422
895 476
269 439
553 320
321 859
722 419
803 96
61 618
318 329
375 255
616 420
1 763
319 86
3 284
314 164
778 843
611 634
764 940
870 581
913 169
152 265
399 365
934 359
269 632
621 739
133 817
854 433
910 786
759 738
838 404
785 24
698 670
749 818
289 763
925 590
255 350
599 441
157 666
551 514
514 44
57 330
919 548
844 43
113 812
116 931
926 296
773 529
471 695
324 336
151 276
77 732
111 701
67 284
409 52
362 247
590 372
599 600
149 238
38 516
38 201
80 632
646 264
845 785
728 532
815 387
515 851
482 84
461 731
388 282
403 785
239 648
558 64
552 135
572 72
534 348
249 888
11 6
722 938
421 606
90 533
263 661
281 62
373 641
150 70
895 483
569 397
403 809
827 774
205 21
412 557
429 852
540 396
851 276
807 938
454 868
609 619
492 782
870 189
206 780
557 494
754 187
356 526
789 484
786 912
841 816
623 541
599 289
748 106
312 331
324 756
609 894
321 802
481 98
42 158
846 941
312 314
721 607
272 545
639 27
498 157
764 436
568 687
133 608
389 275
203 76
932 363
155 221
700 82
794 155
886 269
840 716
748 429
488 298
718 749
183 297
451 840
686 275
96 266
551 27
490 343
866 590
913 785
828 83
652 392
572 114
697 427
882 268
156 592
846 724
119 574
521 124
719 235
930 448
137 635
804 91
145 364
719 681
689 927
42 479
319 459
725 570
697 824
58 566
813 26
450 801
790 563
774 226
839 432
443 726
648 861
257 416
531 373
296 901
545 353
555 614
655 91
434 365
222 160
865 473
485 177
74 333
384 658
464 471
508 450
800 763
163 233
791 76
451 7
632 427
623 272
469 627
904 585
722 374
310 607
312 421
742 601
424 73
234 216
234 142
786 422
78 341
181 817
794 678
438 351
110 221
550 874
771 547
168 183
618 135
207 576
317 95
380 694
357 248
591 65
56 334
656 21
712 230
302 3
412 583
236 632
299 179
441 506
295 846
582 839
8 738
88 177
411 82
99 225
494 929
312 207
180 416
626 743
230 86
567 821
613 730
485 872
609 231
813 233
847 37
184 181
732 503
725 430
589 322
764 734
16 644
819 464
190 756
138 870
108 848
127 47
606 605
460 376
718 187
866 256
728 472
193 390
565 880
920 630
226 655
359 822
845 917
589 438
691 754
489 891
849 329
502 653
351 873
682 315
623 159
165 893
171 87
697 763
592 58
96 484
405 298
922 50
783 881
389 62
444 478
591 802
260 392
697 664
426 627
700 942
815 905
656 782
932 16
514 917
160 225
394 4
355 847
550 905
464 202
200 503
814 210
464 444
88 153
842 902
22 722
736 238
621 297
345 611
719 207
175 666
943 465
353 629
728 407
784 703
787 829
765 830
632 422
81 148
841 41
250 840
469 767
222 287
362 537
564 626
771 624
352 53
569 201
518 389
219 413
560 449
97 728
530 521
789 245
6 477
168 737
613 465
611 617
409 761
926 355
920 354
25 335
554 151
844 369
131 430
50 727
417 757
820 588
737 537
362 301
29 63
671 646
303 682
247 428
560 885
697 591
252 698
721 923
59 509
657 73
57 356
600 462
356 901
308 800
568 441
178 495
424 915
789 458
461 93
314 139
558 9
682 937
674 871
739 705
400 156
579 343
706 830
481 497
683 406
717 326
786 880
599 453
239 807
679 522
64 164
774 571
842 864
161 555
656 45
507 253
397 118
483 655
312 328
365 578
679 943
100 243
381 787
263 300
359 301
34 461
572 643
456 532
871 371
870 855
560 116
268 829
706 696
64 316
467 244
696 802
267 592
694 218
636 465
697 916
710 509
616 897
637 84
631 471
472 324
940 703
8 880
678 805
55 4
747 433
255 40
682 17
406 36
168 105
96 365
15 938
585 893
646 760
514 591
685 745
342 931
34 593
213 211
621 54
764 626
934 937
621 791
378 923
107 382
815 539
317 510
610 661
764 156
933 941
239 284
162 44
858 817
383 894
172 28
302 283
128 597
257 887
323 823
480 830
70 650
737 520
589 91
354 759
794 584
780 158
552 529
658 424
509 463
611 635
386 743
75 241
911 370
370 345
355 906
334 408
323 533
468 668
841 656
168 136
789 807
518 175
760 555
78 779
926 890
925 861
901 592
843 325
662 667
268 871
800 756
837 850
930 32
647 37
884 873
315 62
119 571
865 715
252 633
96 226
689 196
795 40
279 741
551 874
400 447
701 529
487 443
5 620
252 362
335 800
661 132
154 132
441 724
256 681
96 245
788 367
22 565
519 693
716 33
144 31
810 42
581 514
176 360
762 739
236 550
500 647
375 565
668 289
337 841
461 830
269 649
654 169
787 21
260 158
736 810
202 607
261 775
665 881
480 399
109 793
158 638
580 536
260 464
117 318
815 518
715 929
884 104
319 404
624 901
715 524
172 155
771 782
534 830
216 585
501 185
737 780
491 670
176 265
304 509
909 603
882 359
38 52
559 325
613 21
791 243
339 670
749 619
706 866
546 742
827 691
779 414
477 884
183 87
518 663
607 482
531 397
910 404
937 467
898 416
316 837
675 46
49 809
178 576
621 300
252 140
611 246
192 783
39 513
274 47
940 58
717 676
182 602
631 802
166 158
723 866
57 372
290 280
158 110
898 487
728 734
784 715
557 425
20 86
268 109
107 31
209 107
730 232
112 91
538 196
733 568
207 809
562 872
913 174
245 88
305 777
533 122
170 561
667 171
816 186
67 274
877 624
289 724
317 279
926 383
719 82
77 691
269 190
210 62
651 620
68 160
243 358
373 444
863 677
724 135
356 758
584 296
268 336
373 602
282 346
703 710
236 129
201 929
886 926
602 442
8 693
314 322
661 190
137 2
328 360
29 813
416 805
161 843
35 846
625 82
788 128
754 46
149 661
579 822
71 899
922 316
790 496
352 17
321 229
562 754
277 101
790 605
809 383
582 830
765 325
549 675
461 246
56 211
315 655
361 335
635 492
281 683
862 232
527 220
378 552
362 686
784 757
768 607
581 598
562 85
27 54
402 887
706 29
259 345
785 425
307 294
678 235
572 777
701 757
770 660
31 187
627 226
845 663
758 583
705 255
689 76
599 603
772 130
796 135
230 190
510 263
804 478
45 576
367 748
876 418
461 268
774 754
326 171
289 688
225 699
50 315
395 342
525 629
159 844
378 360
131 786
493 526
920 319
938 129
906 541
168 548
691 62
329 775
733 934
398 363
452 755
575 745
906 615
926 151
279 918
535 46
568 846
439 110
792 492
141 756
259 913
624 650
468 197
275 329
201 308
810 240
299 642
217 479
785 478
893 389
150 51
55 846
119 117
507 75
675 135
461 287
191 74
152 692
61 454
156 817
423 490
250 513
278 187
711 729
792 115
604 707
128 497
448 265
102 857
451 83
508 128
531 554
841 51
891 604
602 537
685 267
621 684
888 576
94 213
1 503
391 123
712 266
373 142
624 87
773 14
145 917
798 145
733 418
698 153
142 738
59 733
188 69
530 99
649 132
34 32
724 574
332 390
936 809
101 383
101 885
318 453
402 626
672 830
88 320
637 453
909 235
628 634
441 931
38 680
549 944
665 434
809 648
191 10
815 844
925 290
349 703
207 707
278 363
877 651
711 136
38 65
9 151
654 555
61 166
786 470
196 459
651 843
20 120
304 41
1 525
289 859
397 474
407 503
304 577
443 327
413 483
114 550
384 389
786 156
511 386
196 696
572 135
323 664
202 918
787 327
762 438
502 847
940 358
709 846
522 276
644 899
653 25
399 51
599 774
302 130
393 524
789 37

883 2289
87 528
91 597
561 63
564 874
102 546
602 331
677 394
554 214
423 643
136 323
409 683
784 607
620 95
65 233
802 600
584 11
664 222
386 605
521 635
67 225
110 524
606 625
700 628
607 728
776 401
869 444
326 434
225 112
390 736
656 667
104 456
809 504
512 506
611 299
497 820
353 210
161 125
573 593
499 681
580 339
49 330
784 574
783 767
810 366
77 786
498 809
634 733
141 395
841 666
369 220
116 762
557 665
392 448
110 687
96 446
426 662
566 215
224 376
66 397
791 217
667 666
501 186
196 840
93 448
38 190
858 781
851 734
629 725
673 752
224 413
186 682
140 456
451 568
536 295
427 349
341 298
238 873
59 707
413 72
876 96
539 493
98 416
483 284
263 127
525 360
75 592
153 715
450 437
876 262
128 588
684 660
847 391
116 435
867 605
447 448
834 11
674 503
341 105
110 576
415 129
122 719
266 808
431 88
235 254
608 628
288 479
688 278
838 792
824 641
257 146
425 190
531 469
348 671
575 489
868 357
253 534
606 10
365 872
232 783
212 22
413 710
804 604
109 461
663 438
705 162
282 728
209 520
341 123
677 497
344 699
495 156
579 412
518 222
788 240
58 559
313 208
442 334
461 610
822 110
758 390
818 875
819 62
792 478
442 160
463 223
427 470
247 201
429 318
549 559
197 661
435 438
368 537
222 679
372 653
407 778
489 20
236 237
112 829
169 60
653 722
139 283
676 194
353 312
242 270
502 790
287 485
363 572
255 433
40 617
441 59
317 846
488 122
487 681
650 711
10 358
377 806
176 66
766 43
162 429
53 554
39 60
228 459
694 183
640 319
120 398
433 822
289 458
823 155
628 369
294 400
854 109
412 432
333 740
849 88
758 178
617 196
174 35
286 569
588 451
184 883
649 736
876 80
604 8
554 479
793 367
74 681
471 496
257 524
349 190
847 675
799 155
158 785
295 55
320 673
474 768
328 576
149 744
649 797
280 483
641 11
36 705
257 761
882 567
61 711
373 597
227 374
855 675
212 2
616 156
866 588
63 564
105 684
473 144
41 706
759 715
851 644
126 298
154 649
222 228
554 567
497 557
388 225
320 727
282 402
670 684
407 874
771 375
458 621
558 589
775 185
317 684
250 196
516 38
107 213
418 837
607 128
259 650
538 114
443 823
149 375
803 641
787 622
86 351
767 95
182 451
492 98
49 446
587 544
256 593
319 202
875 304
452 519
694 2
787 518
494 409
721 427
100 507
728 611
553 831
826 365
702 408
61 358
853 762
71 6
59 141
777 176
45 381
601 15
857 616
111 443
701 679
514 74
438 146
556 465
441 97
115 374
333 403
23 182
191 154
697 1
474 138
117 184
319 806
863 705
13 333
694 109
107 295
459 758
355 607
697 459
379 798
269 564
254 114
163 580
572 262
369 367
235 713
436 638
734 246
477 652
865 532
869 443
545 477
250 435
492 821
296 846
392 128
691 411
233 412
30 875
76 80
829 654
229 574
773 133
287 445
643 726
268 626
834 746
619 794
691 185
698 185
21 225
793 60
4 420
583 634
471 823
349 438
261 90
440 333
835 688
622 87
823 338
177 731
829 50
490 143
669 491
508 283
368 607
516 648
684 282
741 711
151 264
209 257
173 336
70 791
548 475
20 581
664 790
258 571
81 335
796 626
376 19
527 706
367 577
85 240
132 522
354 678
78 831
872 439
548 622
718 161
386 726
557 488
634 455
874 470
765 218
50 545
847 808
257 675
882 748
828 528
868 18
155 729
427 348
213 681
570 75
511 696
242 341
464 146
193 853
486 242
159 40
703 486
409 314
743 195
560 774
381 175
65 22
462 477
414 9
437 168
224 230
615 517
858 422
181 878
755 543
5 432
65 666
335 835
9 584
411 300
303 319
880 544
755 652
304 551
322 327
269 791
761 89
7 114
139 503
3 260
614 837
372 45
883 424
7 590
397 686
335 285
816 151
302 533
410 874
693 273
328 26
40 89
318 462
379 697
675 116
877 240
570 258
589 113
590 833
332 30
175 822
208 20
745 248
602 204
845 706
421 550
830 500
851 81
797 21
470 752
91 11
418 217
19 576
593 272
45 576
213 345
301 161
636 607
109 238
880 606
845 111
364 60
129 564
332 584
423 757
359 134
677 210
551 178
628 765
170 91
171 347
602 70
839 375
881 389
662 729
554 830
519 655
831 324
211 356
655 97
641 200
41 351
117 39
427 802
339 542
655 406
289 214
491 298
84 330
15 41
143 100
218 528
169 76
502 791
702 782
439 579
656 627
611 354
296 557
151 799
119 348
284 842
687 814
815 229
283 60
846 283
163 409
534 854
289 37
477 548
96 829
423 119
153 60
221 390
530 675
108 256
847 799
691 259
786 21
589 21
479 189
333 866
618 106
35 203
184 121
789 470
688 71
597 38
317 665
29 367
286 472
17 687
55 752
367 279
442 513
687 734
530 666
35 863
329 638
330 769
458 346
313 565
651 806
266 674
757 535
633 537
482 55
267 340
86 8
786 415
2 430
756 550
281 80
235 607
532 702
267 163
5 602
691 87
654 329
379 297
786 555
111 795
258 102
791 170
259 385
210 879
148 433
871 813
728 517
346 392
256 810
442 817
831 94
228 852
562 107
412 786
348 477
539 655
684 103
150 154
647 568
82 273
692 423
154 846
605 589
276 718
44 707
619 746
710 136
468 227
476 713
439 418
866 567
483 348
740 114
730 304
146 843
651 739
256 38
595 406
223 163
93 843
473 112
278 140
462 711
690 858
53 485
812 329
37 862
284 223
582 871
881 807
56 294
392 606
712 626
196 291
876 445
418 174
754 75
587 252
435 379
683 673
377 661
16 402
225 12
157 625
192 243
650 826
171 274
36 688
454 445
563 789
326 456
60 252
206 327
101 46
543 411
238 570
287 601
642 632
77 490
166 496
79 364
735 773
805 332
736 536
534 651
649 208
673 604
327 322
405 378
338 610
103 568
451 43
628 316
596 293
616 102
210 117
796 748
434 407
718 880
60 106
761 664
300 134
104 543
121 423
213 580
841 363
659 492
224 359
715 729
33 359
712 497
589 362
40 292
386 336
843 124
549 82
236 467
792 472
120 129
439 468
120 827
281 659
446 648
158 331
716 337
755 611
384 95
632 576
308 483
402 485
831 879
7 345
281 634
622 405
731 872
494 8
55 372
477 495
690 300
417 432
780 77
760 419
150 552
257 674
518 551
247 118
284 508
418 768
827 753
275 227
392 496
190 519
252 671
809 605
683 831
499 68
778 12
144 690
212 765
853 873
639 694
753 55
755 362
83 447
104 88
510 2
655 553
712 486
489 344
293 808
558 63
299 503
70 501
553 695
698 511
26 375
22 199
684 190
595 621
118 828
374 682
677 771
715 231
386 18
860 94
403 654
465 62
835 542
239 223
213 158
14 538
868 1
346 250
842 711
735 307
293 167
253 300
575 410
337 450
359 543
749 147
396 765
147 811
10 331
374 248
871 673
527 515
646 249
154 113
432 371
289 591
842 718
511 728
864 703
385 842
812 490
407 615
11 216
234 542
200 386
382 469
495 739
793 120
476 672
833 209
778 626
138 856
363 795
253 88
753 407
775 404
317 81
98 238
54 721
853 438
245 255
48 495
54 181
534 94
184 521
203 295
4 284
600 454
339 282
747 106
731 646
736 593
643 255
737 776
629 837
496 847
82 8
137 440
11 467
401 226
553 864
48 22
576 57
705 557
188 764
872 597
636 451
160 870
341 356
570 388
444 83
123 660
325 741
417 183
436 853
809 680
773 728
472 609
125 676
349 881
854 219
858 221
291 651
628 10
314 677
451 270
873 421
428 759
786 522
52 187
678 723
788 314
48 413
91 17
235 303
424 6
731 112
286 353
325 202
777 29
718 691
441 504
171 675
581 559
700 147
142 661
622 878
163 839
438 874
152 681
699 542
38 318
359 374
737 674
369 550
850 793
100 773
712 821
605 800
14 678
349 835
776 497
579 122
450 743
329 462
241 231
663 124
480 781
28 693
384 425
737 416
294 655
608 782
327 390
574 470
80 321
8 446
770 750
329 614
368 519
795 459
386 413
850 675
870 29
802 789
145 735
438 868
594 83
191 254
602 179
51 427
603 150
363 653
732 453
383 157
202 363
129 665
722 175
317 308
391 231
159 91
842 788
402 82
484 29
195 450
822 312
256 334
830 574
352 269
114 868
427 247
672 11
158 357
172 356
500 665
820 290
702 700
774 217
425 363
464 271
64 772
179 276
362 553
226 777
447 709
624 700
860 431
699 36
828 640
544 552
428 579
622 778
469 681
277 641
279 386
505 160
355 600
691 585
50 396
654 741
507 184
61 268
392 872
608 748
786 656
301 232
487 765
608 605
440 628
455 532
133 575
191 595
862 337
204 17
844 387
208 399
241 271
124 275
644 563
205 110
490 718
401 665
91 574
516 184
679 732
538 400
477 399
633 329
853 281
621 567
136 535
38 106
353 388
631 41
562 624
850 486
711 586
720 594
334 860
160 174
505 792
63 121
108 121
377 565
51 833
34 452
343 690
256 736
439 272
748 258
690 315
621 123
749 657
734 682
61 208
3 157
359 432
482 123
852 110
488 697
711 142
287 808
661 865
751 819
864 669
77 736
43 784
210 544
355 2
455 605
800 314
659 391
497 671
518 259
170 405
392 338
780 765
289 651
398 189
741 778
192 788
691 378
431 640
676 187
568 548
329 413
145 247
133 118
864 181
355 369
377 598
530 394
514 189
679 47
45 602
362 494
453 256
237 467
465 768
449 853
752 484
588 122
647 819
137 491
508 698
402 564
293 744
23 414
265 399
179 635
145 500
771 328
392 6
840 869
656 530
841 396
417 2
254 108
150 876
688 131
590 78
834 20
285 185
685 404
850 30
815 655
68 426
145 92
782 236
717 548
648 53
9 407
372 842
582 632
14 334
400 174
471 518
405 117
827 188
827 832
796 772
231 353
351 536
564 82
379 674
196 20
511 620
537 112
684 257
651 200
154 544
403 438
136 219
529 495
40 257
872 842
440 136
17 172
652 74
138 261
711 655
464 566
237 697
642 734
230 301
158 542
437 842
382 551
114 621
212 482
857 312
88 48
179 292
71 345
827 202
829 674
354 258
838 560
710 773
107 141
530 510
821 649
576 377
84 718
378 680
270 378
309 144
700 544
593 560
133 413
545 821
822 568
81 532
209 34
585 625
813 617
412 392
240 615
369 239
857 178
170 379
66 241
657 462
769 789
807 757
406 251
363 672
272 576
183 442
276 581
392 517
585 634
234 37
587 657
91 27
788 419
829 692
791 381
851 206
63 364
302 225
392 367
588 61
667 544
658 463
489 597
237 314
493 133
864 615
866 855
262 151
512 670
805 808
330 392
81 518
688 127
615 396
677 536
400 854
292 844
441 65
441 756
416 257
605 401
643 236
183 831
520 865
142 666
552 743
849 283
172 597
486 530
806 843
537 198
548 450
270 105
275 350
810 447
760 179
741 511
852 214
798 437
636 176
88 838
485 716
472 165
22 585
705 316
161 639
771 369
494 741
66 644
494 852
635 342
507 353
145 444
590 659
521 579
594 379
794 412
818 294
786 776
456 678
364 343
229 362
356 614
770 203
756 93
352 486
251 66
486 410
4 361
744 396
443 794
201 797
684 862
792 503
353 202
763 387
837 451
330 202
224 345
78 402
133 338
528 257
175 486
462 299
268 155
821 91
365 47
113 481
81 610
668 290
870 665
797 663
429 424
514 691
849 40
577 534
619 741
391 108
136 684
186 165
74 111
112 310
39 656
26 202
119 716
409 821
467 52
624 780
825 491
564 753
113 265
518 509
97 55
435 643
854 20
688 225
50 499
296 367
25 221
119 304
504 199
433 554
86 364
127 570
833 9
391 188
362 649
18 330
534 148
157 847
596 280
417 101
399 710
383 599
612 867
543 376
614 209
799 554
878 272
497 30
322 26
360 136
283 615
324 406
18 306
309 218
844 311
562 13
1 848
695 669
120 696
462 687
31 99
470 138
474 524
811 647
702 545
757 335
544 372
348 480
786 209
457 16
313 609
832 447
800 680
569 477
73 814
130 732
459 776
478 585
173 229
528 567
175 619
289 262
394 304
367 581
500 621
84 250
854 57
140 308
766 399
605 424
714 298
75 386
147 785
439 360
666 137
449 851
100 668
506 10
735 842
280 574
337 841
488 459
576 516
774 729
556 804
595 694
155 709
582 186
361 153
34 17
308 493
844 692
738 777
74 622
496 665
451 364
631 134
141 215
879 823
536 113
793 19
376 600
91 392
308 690
4 862
316 133
561 168
393 131
528 549
80 15
640 334
110 722
699 371
147 613
360 454
803 708
271 273
332 719
614 680
188 619
580 872
542 35
733 278
657 228
847 274
44 541
265 761
328 162
165 453
701 190
780 120
394 216
837 120
365 585
719 688
871 142
780 532
234 81
751 702
93 778
829 256
616 680
709 373
731 546
606 434
260 156
426 107
355 835
138 807
622 135
608 44
772 247
167 869
684 401
557 157
136 273
836 84
656 45
620 707
622 118
491 103
734 417
166 445
868 146
544 312
249 89
288 555
168 438
794 779
315 265
227 123
580 299
374 254
176 486
680 449
511 334
349 127
311 39
849 644
251 874
662 709
771 712
629 516
765 452
472 319
733 690
457 429
41 347
187 276
280 284
262 860
463 841
655 394
41 484
521 287
867 487
498 693
137 6
446 685
638 422
787 883
684 318
691 536
875 148
664 235
294 47
521 249
246 276
782 805
162 319
863 285
706 515
28 78
599 385
655 804
343 649
865 767
477 188
443 577
798 355
710 543
606 310
264 475
858 844
507 349
490 72
801 508
65 635
145 424
671 273
52 521
336 749
689 47
618 223
362 324
621 211
694 764
533 7
833 853
525 611
562 315
826 226
703 247
856 865
676 608
847 604
862 481
24 462
667 568
679 874
4 664
260 692
692 301
527 662
164 838
271 162
627 221
112 489
314 342
353 334
354 436
797 832
107 302
823 236
668 664
188 249
574 107
70 826
155 88
433 414
123 883
515 744
308 618
664 739
612 566
289 610
876 482
162 157
808 696
493 333
831 686
563 101
285 65
638 881
533 491
793 744
21 882
224 586
671 70
564 12
160 789
507 78
587 485
133 46
671 215
105 36
358 726
714 445
291 561
440 778
628 144
115 511
722 173
172 142
233 309
489 873
642 618
523 181
851 544
229 220
780 732
303 815
807 718
129 3
743 646
30 278
374 439
624 869
252 738
348 573
539 204
8 479
123 587
344 198
330 99
634 53
625 331
233 207
9 854
678 522
55 585
595 249
191 596
202 264
521 302
30 215
215 73
402 614
827 132
458 84
596 869
601 444
140 264
75 805
704 376
500 286
379 650
639 301
299 615
817 136
247 805
133 12
475 755
663 585
745 652
289 267
381 741
386 784
515 646
172 704
193 282
14 845
733 566
629 351
870 172
856 245
123 566
307 533
272 865
110 529
499 70
190 226
210 155
446 328
620 133
605 375
61 58
858 462
219 597
807 443
77 90
331 867
632 239
173 433
601 398
165 258
800 570
159 517
570 355
259 338
226 598
426 116
465 471
798 275
819 170
550 14
536 776
725 28
599 861
254 17
27 545
772 521
80 723
414 655
236 462
758 79
613 653
851 142
525 828
656 480
738 251
389 9
411 705
545 790
487 428
110 402
165 466
170 120
748 573
488 347
161 363
125 538
406 353
679 79
532 782
203 65
594 691
478 851
688 142
599 487
783 236
271 440
591 217
536 204
9 873
568 557
57 271
460 137
208 519
445 486
339 146
12 212
441 25
501 63
410 427
322 217
251 229
659 74
698 838
291 484
385 127
176 785
549 690
470 15
588 115
346 578
443 414
836 223
696 180
724 627
312 467
684 590
21 608
526 56
678 628
621 315
5 444
706 219
797 325
17 787
576 184
857 206
536 565
122 529
275 795
756 413
684 402
188 495
154 228
688 815
87 504
454 110
795 480
600 709
140 870
434 433
424 383
481 650
580 863
249 636
36 604
589 109
662 813
719 867
500 254
12 114
237 584
847 549
746 222
236 825
88 876
567 731
414 722
159 766
809 716
847 780
408 552
210 652
541 712
765 436
268 108
179 452
315 330
290 650
237 326
186 587
374 501
498 690
687 804
471 702
238 362
203 331
81 221
421 214
39 80
392 858
54 365
275 442
222 258
648 245
41 745
687 235
321 392
376 792
159 153
880 829
188 261
99 162
526 101
783 382
716 358
700 867
441 205
744 103
366 145
121 806
621 613
789 138
681 625
757 203
439 716
248 640
525 245
812 94
639 235
345 267
384 148
843 597
560 221
834 833
872 20
464 313
695 684
590 386
755 842
387 14
335 187
191 757
527 407
30 725
549 587
637 845
46 309
69 289
4 522
258 733
777 782
283 152
801 475
240 27
610 502
702 368
338 213
347 475
665 447
133 76
172 153
617 489
858 392
96 94
172 483
729 766
508 112
218 471
150 494
374 210
546 419
214 541
233 703
863 10
432 265
105 629
198 714
17 94
825 729
735 497
424 531
869 160
118 70
157 697
564 239
787 804
522 141
347 154
274 726
681 862
100 498
778 653
751 390
440 610
20 570
167 75
477 110
743 343
53 85
679 795
223 261
316 214
173 134
216 493
651 774
593 465
170 639
104 877
873 609
622 499
733 127
41 279
24 761
295 245
393 516
174 387
468 239
415 288
769 276
151 831
559 473
102 348
853 764
494 163
622 205
472 36
5 47
148 137
832 452
595 663
7 182
689 475
175 593
417 693
111 599
83 238
729 672
322 38
434 51
238 820
283 314
286 320
560 732
37 456
60 370
180 737
622 760
823 493
574 383
98 44
710 367
804 736
146 608
474 117
374 143
583 132
822 265
554 65
406 833
617 857
313 710
384 18
712 455
839 241
386 346
320 21
380 444
422 803
593 341
449 650
697 778
475 858
372 277
615 251
231 39
55 256
25 482
275 208
242 381
840 883
271 260
367 240
757 333
388 480
821 411
455 519
645 152
153 352
523 756
17 411
237 181
717 235
365 790
114 589
154 634
581 230
377 389
582 65
251 121
165 441
538 94
119 507
172 695
303 858
518 543
209 235
338 379
193 81
85 552
236 811
238 14
846 404
81 667
760 85
638 385
378 763
626 514
207 874
830 790
541 780
710 598
574 735
698 6
807 514
175 519
263 442
582 203
786 174
805 45
789 798
612 794
521 621
132 76
369 628
600 33
135 70
428 204
305 415
712 304
215 803
692 251
612 632
603 279
615 237
60 795
534 812
573 863
500 459
691 379
780 210
710 791
753 90
58 486
332 713
522 637
764 318
505 420
219 444
564 411
584 326
125 15
144 77
808 858
146 353
537 682
305 94
530 68
164 346
440 376
165 570
157 634
104 378
257 601
229 344
677 783
454 845
149 716
777 678
472 28
364 653
553 341
257 302
625 65
656 756
569 693
159 798
552 549
412 455
243 370
216 192
618 298
587 131
699 496
609 549
573 108
501 531
285 581
270 374
118 241
375 151
414 124
802 582
546 792
281 425
713 97
415 7
53 763
186 371
57 760
760 154
27 365
173 81
619 858
156 756
819 428
144 719
624 52
55 429
510 679
522 744
127 148
817 521
247 682
178 495
586 496
718 717
152 781
274 39
694 736
866 819
858 289
369 273
845 146
738 76
300 631
120 501
480 344
190 296
827 418
118 195
317 529
213 181
826 419
424 116
286 467
427 453
835 791
790 6
706 627
273 290
286 563
404 700
426 609
407 827
657 452
365 258
332 242
613 436
233 439
864 164
538 685
558 247
156 229
731 180
42 12
351 26
500 317
797 289
29 620
598 434
193 774
470 203
553 664
789 146
614 580
209 646
86 332
328 607
574 700
177 804
778 73
346 879
740 19
27 626
681 721
848 367
613 161
794 589
742 506
372 625
763 829
710 147
730 184
786 557
469 527
83 590
564 458
448 715
415 522
880 718
862 377
292 596
222 391
21 557
226 529
812 821
283 569
750 563
1 315
700 694
317 226
137 177
708 99
729 552
563 432
68 849
533 489
115 620
115 190
632 428
64 446
619 204
375 263
33 724
86 350
537 36
591 153
206 452
360 636
328 370
607 121
441 232
132 212
669 27
763 279
619 490
505 11
50 803
322 41
149 392
334 475
835 444
326 305
203 6
203 539
421 809
871 410
254 829
834 468
17 516
536 808
402 387
866 745
447 422
429 421
837 56
217 538
642 611
55 111
790 445

902 1026
553 448
683 451
364 320
502 559
772 718
545 776
662 434
259 83
735 162
191 437
115 94
75 301
856 190
125 434
286 430
514 213
646 650
276 421
489 16
676 780
808 9
394 128
22 65
624 600
658 660
462 509
431 83
545 290
278 244
854 13
296 332
163 340
525 763
579 360
782 44
335 742
168 210
776 401
617 856
519 477
417 192
275 254
831 332
817 712
757 277
596 216
394 327
396 167
526 651
240 156
814 492
250 241
627 128
302 73
505 323
55 71
410 836
620 821
562 110
857 382
193 44
152 785
473 281
788 224
329 427
567 314
670 601
176 92
139 678
288 764
594 160
244 695
662 311
245 864
370 377
19 367
303 693
242 487
110 271
96 759
162 226
86 32
42 169
694 360
223 262
759 191
325 297
718 260
603 882
178 283
826 316
393 538
545 755
674 99
217 679
792 221
399 14
703 241
239 144
403 766
476 646
822 292
778 227
276 856
313 314
594 79
45 562
349 365
521 228
269 685
343 760
141 150
675 12
84 150
809 244
182 475
650 499
129 635
697 390
453 717
297 535
461 390
635 839
156 340
859 132
293 97
301 99
609 288
744 185
214 631
717 56
628 56
520 385
486 847
206 409
601 851
587 252
626 829
776 712
493 765
445 568
43 562
664 522
540 115
871 650
563 293
516 327
161 547
559 88
95 238
596 215
39 487
502 228
482 70
870 311
241 496
757 429
474 376
889 656
410 102
157 210
475 501
55 700
262 714
180 510
308 171
676 250
149 138
45 306
184 365
494 119
791 758
162 602
6 722
571 798
493 897
176 183
267 832
239 74
891 350
82 255
276 559
306 651
703 822
341 248
543 768
76 194
453 145
339 326
395 631
729 758
893 405
518 112
223 844
676 503
525 647
301 754
890 516
830 588
313 85
269 234
127 14
818 535
108 706
269 556
791 272
800 143
823 401
456 737
813 47
250 38
266 761
462 492
144 512
587 308
550 184
3 486
343 443
433 507
877 618
790 512
455 719
459 816
265 13
267 793
22 440
212 547
570 136
117 316
285 660
783 405
654 376
362 220
531 56
135 367
178 390
93 877
901 283
236 861
556 785
634 390
95 128
717 309
817 516
120 674
439 531
863 413
652 557
514 658
23 572
373 641
223 302
79 96
473 519
139 600
22 649
345 705
462 110
558 692
339 481
815 207
771 398
89 727
394 127
553 749
601 705
529 457
553 340
871 257
254 41
19 164
325 189
117 854
884 700
336 135
867 422
429 370
348 44
654 383
715 347
278 771
145 133
10 485
872 216
439 51
609 250
414 788
670 287
539 633
525 101
768 520
877 709
504 440
585 574
29 568
579 7
458 259
795 226
788 699
27 539
20 346
349 124
851 713
80 69
259 621
587 290
559 245
395 892
748 470
470 398
120 697
602 648
692 38
810 641
746 240
604 781
94 711
244 78
582 165
170 255
790 185
84 761
231 832
865 793
467 390
746 458
267 213
561 756
364 818
415 541
189 418
205 19
870 689
664 810
466 577
777 347
751 248
541 861
45 622
86 133
855 327
200 481
613 346
478 461
639 569
605 164
265 185
434 365
76 500
451 118
311 371
561 832
376 272
741 109
620 19
152 730
121 218
438 164
511 887
613 60
370 634
468 785
678 208
543 705
726 611
759 44
605 679
306 431
838 840
509 531
20 258
594 517
314 447
180 382
425 636
609 602
104 147
395 697
474 164
489 388
241 247
773 342
632 621
653 587
856 213
321 866
698 821
43 228
740 646
523 613
854 827
252 885
696 762
243 827
598 754
617 734
167 829
120 822
775 669
197 802
33 833
439 601
894 443
393 205
45 684
670 117
880 528
93 607
771 62
519 759
509 438
352 358
261 739
348 289
745 324
264 527
488 164
436 141
92 311
808 365
696 4
59 248
298 367
436 682
573 771
449 162
520 176
200 164
522 633
20 867
513 887
285 382
688 173
683 522
882 463
880 723
644 496
647 260
457 450
250 293
554 670
687 538
9 754
528 558
794 621
561 411
899 814
213 78
33 501
98 787
602 372
94 323
228 690
385 560
29 803
490 691
289 369
337 340
262 224
680 349
873 401
695 97
607 789
104 91
449 852
581 606
826 639
364 303
452 764
219 846
285 755
901 814
829 383
670 488
645 371
881 363
848 762
337 615
395 207
290 634
420 481
630 373
93 315
595 776
186 565
71 789
703 776
826 660
625 220
625 615
543 730
358 323
902 121
688 634
886 522
168 134
480 423
396 188
867 516
658 756
116 461
84 669
231 462
726 248
893 641
261 7
3 8
227 383
115 322
8 520
732 781
859 447
821 402
823 434
368 550
139 362
486 7
502 342
603 536
544 494
478 233
359 17
395 668
14 454
261 366
573 129
89 523
478 479
513 292
201 836
214 826
6 635
315 717
825 342
155 320
210 416
26 565
572 95
860 145
725 501
141 515
191 229
348 201
79 340
786 755
546 57
468 738
395 440
554 416
709 508
255 672
191 769
626 224
184 647
899 857
452 648
257 174
317 212
773 619
303 362
305 127
410 488
751 872
176 762
725 843
798 724
814 678
86 64
357 803
638 140
580 359
404 867
709 614
578 488
674 373
7 781
750 728
848 124
46 117
245 812
240 685
807 393
811 401
554 427
710 685
435 102
303 315
108 39
23 681
436 829
208 315
546 706
244 421
49 827
352 675
231 162
195 803
809 666
243 472
570 341
189 360
393 355
103 711
297 188
37 531
239 124
703 216
818 737
321 845
35 410
585 19
344 277
362 850
509 646
325 550
496 842
750 709
343 178
261 423
795 649
510 360
643 434
164 44
168 167
446 292
393 440
192 840
505 247
471 292
207 694
638 262
845 760
874 618
440 209
389 113
135 673
499 260
52 221
530 541
386 717
625 515
778 575
62 800
109 761
273 154
452 127
432 237
823 711
775 802
630 803
201 858
278 98
676 713
866 220
88 167
116 142
453 210
226 244
620 741
722 28
122 145
817 493
562 131
607 497
601 332
105 633
807 814
23 325
425 78
875 715
502 763
345 761
478 673
181 355
285 790
368 822
710 247
370 21
479 673
20 729
563 22
552 247
731 399
792 176
735 721
147 691
338 246
740 321
591 154
652 360
87 36
620 892
486 359
579 225
686 531
631 536
722 634
595 760
322 320
279 814
598 210
467 332
545 605
96 712
578 739
578 242
683 273
286 293
830 21
375 659
25 451
664 699
353 626
445 188
53 712
594 752
674 457
128 400
147 172
86 669
494 526
108 829
357 508
680 165
348 853
549 836
600 832
295 495
137 533
697 568
577 718
776 169
82 157
491 692
677 597
2 483
478 633
466 702
658 741
722 654
582 426
813 34
231 418
77 129
763 440
753 128
540 745
11 99
768 658
89 493
85 196
594 147
343 879
122 266
445 121
278 353
902 794
561 209
815 186
426 706
593 744
243 105
425 705
678 198
627 112
512 728
95 336
770 388
401 21
554 213
86 54
190 890
554 299
759 383
680 321
37 716
418 606
182 495
674 692
129 68
114 324
645 341
317 536
55 41
496 371
475 675
595 83
345 637
290 208
525 600
11 126
100 328
259 736
441 517
344 305
379 876
98 266
888 121
146 705
275 471
54 737
259 369
126 568
202 232
215 669
242 332
604 107
818 320
354 606
86 752
63 556
870 482
142 655
632 674
603 293
770 303
870 198
23 550
501 531
534 128
66 666
629 633
87 397
521 320
489 430
670 2
702 669
901 488
491 351
147 407
817 143
742 323
812 99
480 668
381 70
781 470
664 125
674 841
195 781
481 109
124 535
440 800
51 201
837 789
654 355
214 663
333 767
62 843
465 869
28 798
687 217
104 609
161 759
410 681
42 655
812 850
353 232
395 596
630 296
867 369
810 288
734 121
477 388
303 26
831 732
650 422
39 768
355 230
124 560
168 641
428 218
61 84
432 170
600 513
776 24
141 155
63 872
480 477
487 26
15 165
581 389
396 763
257 485
852 789
197 66
221 51
583 536
525 412
106 377
197 105
471 28
328 819
162 614
653 477
201 804
420 761
364 342
831 767
782 310
405 270
726 121
822 666
751 216
303 500
683 674
94 124
211 411
241 85
652 671
660 828
708 854
665 244
262 54
482 795
735 447
307 798
736 371
19 97
548 264
749 558
748 570
711 454
348 310
142 76
425 592
620 164
770 419
824 706
250 106
478 856
213 434
46 662
763 896
295 238
104 174
221 9
757 119
393 598
761 569
708 667
814 230
574 331
14 44
93 812
65 723
369 692
476 699
276 818
370 724
455 399
688 70
777 97
810 209
240 94
347 850
242 251
31 753
328 766
183 782
697 251
744 317
721 238
339 705
231 2
503 825
802 765
583 416
630 854
431 500
575 654
853 791
553 694
52 832
33 325
368 608
82 617
330 707
185 9
259 782
262 14
100 412
232 801
585 898
318 648
642 448
532 551
269 199
749 306
459 238
157 70
606 767
430 194
155 28
71 678
811 557
677 191
303 216
536 423
129 791
880 190
686 857
884 520
2 119
891 647
468 713
298 539
676 579
502 129
300 668
607 382
266 482
823 227
226 334
486 808
43 808
560 450
550 542
321 5
200 797
490 321
64 132
398 655
548 351
37 855
532 558
478 422

876 2426
31 6
70 842
91 238
790 300
772 632
356 218
747 468
397 520
452 248
370 660
405 371
130 192
171 331
281 609
634 817
709 539
247 588
767 160
511 668
663 733
372 152
541 542
525 324
156 572
13 101
533 841
237 380
815 293
798 295
856 298
727 50
732 63
626 534
740 627
129 140
77 206
557 116
188 681
238 852
828 332
467 690
861 436
35 285
792 463
97 303
631 180
18 678
432 601
767 483
159 625
551 343
539 832
670 611
14 568
629 109
575 674
372 389
410 301
73 608
208 265
406 492
463 288
857 826
416 454
785 632
753 182
74 52
207 645
445 581
484 480
600 393
727 83
665 83
629 770
211 98
568 823
341 432
254 639
165 245
26 85
300 852
604 466
527 707
566 826
507 826
814 590
50 437
602 582
306 11
159 639
199 724
256 763
811 753
637 703
760 669
509 773
645 128
690 641
654 118
341 782
783 278
36 419
239 569
389 152
466 103
431 381
516 607
111 673
630 575
538 748
613 360
615 3
874 574
836 393
604 304
790 815
689 634
649 125
847 278
312 427
669 787
121 549
417 753
825 679
381 534
644 506
461 19
7 139
462 294
581 802
527 431
565 467
624 326
323 223
93 393
488 189
354 228
482 401
138 287
301 652
506 27
159 258
36 552
145 266
149 125
353 420
834 719
47 399
52 165
19 459
647 35
583 59
603 210
416 749
291 30
475 301
366 300
442 613
719 762
302 532
782 855
445 213
534 610
738 19
317 489
299 546
449 209
402 860
421 27
575 382
7 104
302 502
486 457
823 287
203 709
3 589
5 18
655 573
512 173
567 794
35 189
364 797
128 62
863 373
424 347
77 117
190 428
172 847
546 220
88 871
783 84
94 349
518 158
158 836
733 357
379 528
169 59
246 59
582 10
674 282
368 827
322 634
470 820
516 230
223 516
99 244
336 424
568 749
493 254
151 400
385 64
668 550
856 371
87 237
506 635
474 823
164 402
246 50
709 296
423 208
458 585
596 492
317 648
873 79
692 831
511 27
848 533
864 862
28 391
447 117
202 414
670 99
110 275
15 390
92 353
240 239
258 632
423 278
546 263
405 445
26 457
63 689
434 457
678 812
697 616
459 685
333 502
696 123
2 225
755 165
21 254
480 336
246 552
135 10
138 539
602 365
707 490
471 772
347 249
169 4
116 803
83 560
803 437
786 423
418 704
537 654
629 619
206 355
372 452
432 817
352 857
391 4
339 303
179 726
76 343
204 809
830 518
646 435
599 574
487 97
343 508
185 441
766 19
523 820
47 82
765 718
514 645
829 593
166 777
351 509
262 614
600 870
159 80
513 113
753 159
683 699
834 803
102 687
195 558
258 105
712 78
616 288
550 696
529 787
442 592
292 597
3 199
403 554
552 450
565 628
571 280
148 575
849 161
26 873
869 820
777 96
349 855
62 670
568 722
557 547
852 447
219 829
584 852
714 440
772 825
116 498
570 498
392 122
263 354
215 510
732 772
4 594
378 572
826 646
690 812
603 654
394 778
641 570
510 861
85 575
870 408
571 867
316 389
137 162
359 408
659 37
660 157
474 104
120 566
9 293
581 34
636 734
288 161
532 87
788 57
20 163
272 283
104 703
160 806
236 62
521 664
294 858
649 358
405 813
136 324
718 408
218 630
715 40
550 572
634 462
141 94
487 363
808 229
183 82
447 205
836 659
543 868
35 466
491 182
332 575
43 718
816 244
465 474
589 690
636 839
36 310
240 709
866 777
406 379
119 840
20 578
657 223
769 763
417 581
421 342
874 706
799 220
544 79
205 868
558 662
145 561
212 154
378 759
725 43
61 652
779 78
157 739
815 353
146 394
349 295
777 52
65 301
134 422
106 595
548 528
307 280
845 82
818 449
50 599
288 182
144 203
613 71
686 749
181 304
864 547
854 537
747 4
509 201
827 172
538 41
131 757
5 537
689 760
245 767
212 51
379 805
792 45
141 532
754 650
44 660
280 317
276 563
136 599
508 502
843 448
613 437
482 15
529 177
270 267
55 272
738 361
387 32
279 445
118 41
321 804
175 193
400 181
699 382
1 356
853 334
656 75
105 731
361 804
720 798
208 732
756 869
815 621
631 155
417 330
697 181
480 859
273 667
158 558
623 160
735 442
554 527
561 281
688 495
779 117
301 30
746 224
30 839
269 53
578 402
542 361
412 515
97 554
112 698
829 206
523 36
23 550
586 285
670 461
692 634
252 516
706 777
308 835
661 347
260 145
541 288
210 378
780 818
341 799
231 528
54 11
494 680
244 571
446 506
442 629
540 239
561 355
245 424
784 825
731 649
214 298
230 779
599 502
769 338
570 744
802 854
251 452
628 668
808 408
663 636
53 298
676 494
50 784
859 554
550 440
238 692
205 63
443 796
526 433
486 850
638 815
255 19
242 465
283 177
375 303
454 753
290 654
651 196
69 32
764 587
585 821
678 117
598 290
225 166
795 139
653 244
536 435
9 243
405 27
227 23
726 47
506 663
548 109
605 76
607 311
700 507
645 534
702 777
744 212
397 584
275 737
591 303
284 606
466 67
283 539
159 100
326 10
181 525
187 688
423 126
578 502
376 863
798 30
781 254
30 420
659 769
371 272
271 455
186 181
385 515
183 582
27 277
391 475
449 368
623 799
515 616
453 633
310 583
114 124
171 143
229 450
771 685
663 476
524 633
638 561
392 95
756 175
870 590
266 869
531 646
380 509
733 137
210 198
356 630
622 873
346 390
168 153
335 23
347 16
864 166
370 710
460 222
812 651
856 555
517 268
615 404
736 315
120 80
84 385
319 47
86 814
159 566
700 384
166 583
350 281
722 478
209 305
625 418
160 797
538 771
780 63
175 783
85 804
72 433
222 99
297 250
408 478
390 658
750 665
328 213
541 295
868 185
100 771
139 600
467 252
90 172
751 49
383 751
280 380
817 555
13 773
611 486
395 717
451 504
750 561
705 149
424 107
354 331
210 580
318 701
809 169
50 806
627 87
764 497
123 558
252 733
516 337
576 551
296 521
412 605
290 86
138 865
308 827
5 223
336 357
796 528
782 551
803 427
615 359
75 279
720 64
25 436
302 151
322 593
803 312
787 82
491 625
68 141
695 858
259 378
874 738
794 275
26 204
318 589
834 250
49 293
122 373
358 370
31 424
534 337
607 869
791 183
855 641
162 655
310 319
330 28
504 412
12 141
97 616
399 170
114 381
264 743
534 684
619 815
475 833
73 119
229 488
216 51
81 156
151 616
798 220
604 302
72 871
608 350
754 213
149 562
494 424
760 212
671 628
470 236
625 64
866 362
408 611
497 276
303 686
50 12
494 337
584 693
858 60
52 107
307 485
143 523
221 311
463 691
724 708
165 261
663 177
847 660
350 340
248 837
197 463
549 58
36 607
800 662
710 712
416 175
94 578
275 100
204 6
759 131
686 858
67 435
841 69
401 763
310 702
60 242
209 102
209 553
13 4
342 783
534 19
280 311
579 445
137 402
193 384
68 225
712 282
609 451
191 210
42 472
728 325
177 351
664 674
593 621
850 373
65 833
281 828
709 446
468 492
454 6
93 628
439 189
443 755
778 792
229 559
767 857
549 406
567 745
763 109
852 12
279 426
566 529
239 129
421 697
614 514
742 24
394 64
782 41
310 537
39 512
599 854
637 415
662 499
789 511
809 30
93 589
683 629
6 76
10 3
729 215
271 856
36 294
112 644
828 157
429 763
552 257
711 229
658 499
236 797
277 522
574 658
116 270
465 453
781 503
547 460
876 717
736 403
383 70
620 432
623 719
168 803
831 669
523 574
295 31
633 367
617 658
229 674
159 764
515 409
41 847
596 205
655 641
285 182
201 766
478 210
814 392
755 243
691 520
108 837
527 438
784 453
435 752
121 86
96 786
649 28
383 287
228 685
191 856
361 452
676 242
314 726
163 529
11 795
495 332
761 701
147 822
691 157
857 645
326 383
365 870
810 184
722 70
797 568
177 379
840 5
271 657
524 295
236 415
589 263
809 452
413 169
445 357
674 7
587 369
587 132
169 725
851 741
764 130
623 714
196 168
149 254
410 273
432 782
142 617
146 532
2 528
24 659
3 857
194 776
31 742
568 751
629 266
832 36
760 705
267 102
639 225
804 394
143 792
701 798
316 823
483 139
195 850
347 5
868 737
228 349
29 849
122 117
268 257
325 816
259 651
719 650
354 520
297 746
745 11
70 12
732 168
122 737
525 643
397 442
680 554
36 464
384 710
403 98
297 126
395 876
569 604
846 112
461 739
232 330
748 216
439 289
851 212
526 854
304 177
752 106
574 553
702 482
225 26
564 60
548 696
390 337
494 168
747 62
107 415
308 52
663 304
235 601
515 197
846 305
703 807
579 493
616 609
193 464
581 647
584 586
197 819
92 706
520 466
702 485
776 774
392 219
726 511
110 479
78 121
172 6
766 860
249 649
455 188
405 461
355 549
779 752
465 165
103 160
603 347
603 871
94 834
629 381
297 266
557 721
173 487
749 692
110 150
272 397
516 363
849 72
715 14
67 781
835 576
391 603
436 563
826 7
377 483
748 745
324 448
876 789
698 536
535 837
463 734
121 844
639 785
473 110
751 647
663 172
847 334
724 430
834 113
637 49
303 813
35 387
294 266
169 246
131 587
810 471
689 85
73 760
364 476
188 671
7 181
653 749
70 266
516 624
627 856
205 124
480 16
575 536
389 373
559 306
714 675
90 377
362 106
220 92
65 661
725 289
102 607
518 224
110 513
476 270
540 410
633 578
354 288
19 848
812 729
280 506
64 752
457 856
313 374
43 813
356 316
239 242
568 252
400 227
606 738
186 863
742 823
475 774
527 100
588 86
666 373
116 300
742 125
10 266
673 141
619 357
635 386
624 651
853 626
837 744
676 29
533 47
111 600
20 387
558 612
560 67
45 389
47 481
524 467
97 864
375 819
326 294
770 831
837 417
168 554
351 314
800 656
158 350
850 384
540 31
298 414
267 706
162 670
56 570
420 226
535 276
77 743
7 362
634 650
212 626
414 376
215 633
418 871
171 738
511 791
853 457
632 22
475 603
178 727
31 843
769 748
37 486
632 133
449 613
470 454
365 20
274 875
710 349
656 237
91 89
776 307
444 718
122 295
527 115
470 586
521 507
207 98
302 804
729 857
741 719
863 88
738 665
25 802
339 852
432 689
474 622
584 503
95 371
352 253
480 418
873 128
431 536
165 722
529 183
19 446
149 814
30 649
849 547
540 814
807 201
349 253
204 795
830 628
545 740
656 476
288 651
237 711
94 677
460 508
582 36
175 406
270 735
36 72
148 514
833 420
580 525
362 727
218 368
715 530
239 773
63 189
503 145
786 728
218 483
11 817
94 324
824 330
736 572
763 569
660 362
475 325
19 768
62 807
85 749
81 633
486 19
414 602
336 616
302 401
504 793
730 869
516 130
360 66
855 618
262 820
74 749
616 360
129 674
810 645
423 501
98 659
155 686
687 313
543 452
197 536
860 328
147 271
497 441
244 104
173 393
155 130
84 36
282 141
421 176
599 535
746 498
512 70
288 656
109 712
184 300
464 680
465 716
266 723
683 746
262 114
729 129
158 101
273 848
216 708
607 160
791 356
389 709
263 410
602 503
289 430
171 692
816 303
539 47
854 284
672 835
485 407
179 459
418 602
127 619
256 832
778 432
689 384
764 9
285 128
50 762
859 295
682 65
129 262
817 84
702 670
208 334
248 10
449 415
147 568
632 416
200 290
52 689
300 184
466 541
486 151
397 243
680 294
627 490
628 484
811 147
758 611
796 466
798 608
164 388
537 76
652 689
618 97
257 445
268 247
735 555
850 323
794 724
347 615
374 492
55 14
74 3
477 344
775 785
833 266
302 567
502 320
503 697
87 196
22 694
761 147
373 221
104 607
193 591
823 603
628 677
98 708
740 875
173 150
766 160
687 619
317 236
113 195
785 90
786 872
373 762
615 79
391 442
637 62
342 752
534 467
151 474
689 90
508 808
674 155
69 189
73 717
510 410
644 713
773 325
424 471
336 361
561 555
600 762
658 80
414 529
271 765
778 227
365 669
549 670
586 644
73 559
239 820
718 452
818 592
431 616
506 484
455 477
385 161
576 348
263 527
72 43
109 271
326 736
205 497
536 724
514 196
799 686
72 703
694 14
544 360
393 518
117 812
659 52
155 422
603 650
730 318
750 384
849 270
10 607
55 548
240 456
289 637
470 298
381 282
275 373
403 168
261 767
372 600
568 666
786 244
499 726
523 719
247 813
301 714
801 481
769 213
385 663
558 345
338 786
342 137
306 870
248 639
104 857
640 282
385 462
328 390
551 349
844 425
478 123
52 499
67 141
857 18
518 327
838 672
260 857
318 30
356 341
322 526
60 689
520 610
531 581
765 632
276 741
613 193
474 573
28 499
733 306
716 155
654 97
214 231
161 489
269 840
751 265
715 815
258 548
298 521
534 376
103 570
627 814
155 227
9 459
50 266
472 341
788 558
111 721
537 490
646 580
426 683
405 533
228 168
764 874
675 513
863 630
352 298
405 203
761 66
155 607
45 212
799 416
824 286
606 527
754 428
645 742
260 498
685 591
210 292
82 308
784 475
751 135
236 523
148 18
465 868
395 4
472 348
606 724
84 550
770 709
644 190
857 196
266 625
327 417
53 616
183 323
539 305
740 89
775 127
209 858
545 93
357 92
583 72
705 663
546 180
33 495
232 664
665 853
299 108
66 273
266 383
88 830
451 226
179 489
661 342
3 138
170 300
260 763
27 784
655 701
416 868
96 354
739 78
850 512
100 572
50 473
625 517
735 463
489 786
298 206
851 611
598 843
644 285
3 569
158 213
101 843
407 796
219 266
592 373
160 151
739 230
43 559
350 294
391 264
736 405
494 371
249 230
601 122
379 394
781 296
70 344
58 368
220 775
22 415
455 826
694 571
97 721
168 639
523 250
173 679
808 90
646 4
315 186
209 828
635 371
112 470
792 280
279 1
232 667
451 14
641 671
312 328
555 388
671 722
757 443
390 769
319 730
70 25
1 550
201 396
167 75
302 395
11 423
782 145
550 221
221 52
497 523
283 616
767 317
657 364
641 42
808 838
309 332
2 59
50 450
513 16
271 768
258 320
467 151
416 599
626 778
662 692
593 873
784 509
46 217
873 867
307 56
402 851
540 621
227 497
819 831
453 517
440 209
665 536
177 272
844 804
161 198
127 595
809 120
685 747
156 753
253 691
734 34
856 375
690 786
308 177
426 523
247 632
648 538
3 380
620 835
389 225
526 23
469 83
659 584
569 746
190 322
155 300
505 474
402 818
222 260
576 131
359 661
399 436
863 5
167 696
8 799
637 450
531 839
119 192
643 305
440 223
226 61
580 617
191 338
417 539
650 357
572 360
610 151
422 98
423 112
190 325
598 11
818 309
549 419
519 271
317 9
634 573
284 265
170 160
341 654
639 102
161 347
346 865
554 135
488 221
456 447
643 752
496 338
577 514
731 751
337 551
437 445
344 522
258 768
338 755
502 300
108 572
803 612
401 484
227 198
264 812
870 214
160 306
36 717
730 315
144 657
288 470
224 296
39 268
707 596
137 329
780 339
639 310
785 566
26 601
456 679
166 145
774 442
259 196
517 812
743 649
736 19
761 474
6 308
100 215
853 613
140 395
264 6
570 422
120 573
299 798
563 688
768 600
642 618
844 754
519 741
722 316
800 542
382 667
496 10
830 227
48 738
582 414
731 423
680 93
24 623
661 400
742 208
73 591
807 396
720 510
662 497
66 77
874 174
362 90
287 596
32 545
393 404
251 184
436 286
94 733
32 616
459 209
649 353
633 100
363 637
419 604
593 460
461 702
869 663
410 825
855 409
490 158
497 829
683 674
685 239
229 307
177 611
254 222
436 485
440 427
396 448
218 224
612 400
23 372
691 547
525 552
639 500
348 645
336 485
288 141
359 397
270 536
716 632
553 42
457 413
811 852
461 776
320 873
465 333
265 371
673 350
769 181
770 358
130 595
543 507
758 315
6 828
850 645
45 739
68 13
182 379
490 533
287 813
132 738
477 228
388 286
824 135
609 859
831 305
762 607
50 444
231 778
414 819
269 553
808 208
330 707
517 732
757 787
480 406
278 729
851 572
247 351
781 3
712 833
569 371
232 785
93 711
255 493
348 513
709 520
412 562
159 38
839 704
435 339
35 471
199 28
388 747
853 821
464 454
840 236
32 4
238 248
725 37
157 291
657 634
325 418
592 81
240 582
567 361
681 80
862 618
372 242
689 16
90 559
770 371
863 770
721 647
613 433
758 241
479 293
131 610
484 379
265 759
620 703
825 84
12 266
37 406
133 674
742 563
262 861
587 766
217 383
606 820
232 417
744 111
566 11
750 340
524 119
377 703
174 435
48 298
268 308
649 318
116 691
122 560
780 823
323 507
108 515
143 763
438 761
772 9
795 366
443 88
581 210
701 46
578 494
193 802
69 324
731 193
455 12
772 466
425 201
393 605
414 485
841 863
589 116
439 487
225 63
304 869
512 692
51 48
487 475
257 689
365 432
609 783
42 408
668 500
651 91
873 95
839 535
290 401
168 813
646 173
697 269
778 61
523 697
675 120
566 180
698 827
746 754
677 213
792 352
705 52
46 618
765 669
344 220
331 829
689 163
667 447
489 728
181 749
42 165
614 231
137 436
46 659
418 10
18 519
693 566
847 488
520 534
619 121
64 813
435 707
648 443
105 792
47 876
766 474
343 170
646 522
336 759
833 366
263 549
211 780
236 234
365 853
10 442
9 228
702 760
659 145
234 548
238 365
458 626
189 823
615 575
321 170
67 391
161 257
213 839
296 77
34 617
686 147
605 709
442 766
517 117
59 510
149 43
222 659
830 196
321 575
547 88
394 872
233 255
142 202
400 485
327 186
78 551
190 758
713 836
471 588
369 14
483 2
428 641
470 662
515 193
791 514
683 253
288 584
72 357
202 386
646 402
743 26
201 413
359 370
98 783
431 241
564 527
455 271
387 714
670 381
1 348
745 423
598 436
103 309
105 686
809 808
150 494
581 399
202 284
827 438
41 455
60 357
264 5
242 546
147 453
827 295
9 420
180 846
141 448
471 388
446 279
507 474
584 447
732 629
569 333
219 452
700 622
497 599
29 91
109 269
810 141
404 116
82 378
465 2
229 505
413 695
620 817
696 823
181 326
610 645
539 246
390 836
282 270
99 692
257 196
42 687
560 32
281 513
216 726
253 623
99 675
80 799
724 24
269 859
716 306
21 560
543 607
270 668
143 568
477 862
297 675
779 739
450 813
128 484
259 652
403 353
629 754
762 264
456 107
496 2
258 673
120 657
563 598
438 446
101 208
526 542
631 161
18 337
650 449
762 586
209 570
731 7
494 227
442 400
283 125
157 422
621 23
630 367
98 810
762 328
543 858
30 869
625 173
849 143
562 781
445 306
46 496
568 315
327 103
293 467
781 638
856 246
434 363
687 487
539 833
403 732
704 58
631 42
653 644
159 684
830 467
170 704
378 498
387 337
698 257
828 354
648 491
813 410
300 678
66 87
858 382
280 308
284 177
433 713
769 141
450 125
629 771
651 161
268 848
305 365
750 617
308 113
1 481
498 748
561 188
366 282
645 442
740 35
373 518
45 41
192 483
541 507
841 621
148 715
311 319
594 770
760 230
626 31
775 114
2 751
189 5
757 309
506 789
702 647
352 621
116 427
274 659
84 156
586 576
53 743
385 447
795 90
544 277
445 349
836 392
180 831
434 539
665 875
537 506
186 709
711 669
141 213
769 159
133 422
27 786
639 81
803 488
435 130
147 67
536 599
481 320
101 253
450 605
334 408
469 786
194 406
213 447
380 27
425 199
561 123
32 111
142 228
355 860
755 30
799 834
747 729
750 439
183 569
315 731
710 548
118 731
31 613
693 93
401 309
815 494
542 338
153 616
765 48
70 595
420 51
204 730
170 397
156 483
553 159
129 573
684 508
847 414
98 849
249 381
263 590
550 764
373 617
65 808
251 734
234 384
289 288
733 15
627 107
718 86
797 136
17 779
217 505
826 191
628 394
721 35
496 853
869 123
531 149
56 371
702 341
657 724
508 706
342 521
218 222
594 8
117 263
835 570
817 754
743 83
331 489
4 273
546 214
875 827
415 148
240 152
295 9
427 714
653 13
321 556
276 158
651 654
47 68
485 508
558 560
150 557
82 226
550 633
296 498
540 781
407 632
305 783
358 531
515 355
574 547
495 350
595 516
502 484
729 853
347 351
421 55
278 53
447 743
814 18
104 184
175 439
91 850
76 633
439 98
655 196
89 181
414 249
773 291
520 238
779 350
136 812
428 461
514 875
270 13
198 210
423 202
211 788
621 757
585 492
641 386
56 264
113 361
271 624
90 510
681 132
113 506
849 176
722 523
64 375
858 853
730 14
875 676
809 104
245 126
374 169
319 760
749 702
830 175
642 526
700 390
244 503
66 348
160 793
255 816
679 868
77 305
316 193
872 583
613 341
768 770
787 469
535 766
26 474
834 543
653 847
88 730
654 525
470 260
255 429
576 868
797 314
193 97
375 850
49 111
837 553
640 123
731 737
793 741
336 664
723 868
744 191
484 429
779 615
341 661
214 54
275 763
21 483
866 518
636 91
505 693
16 275
808 698
18 833
807 361
739 281
79 151
229 262
68 132
821 445
606 75
201 317
772 428
761 623
117 6
337 173
706 613
304 856
554 561
252 500
127 311
682 320
246 131
395 228
144 863
129 400
450 18
497 769
170 527
65 581
525 797
730 138
235 47
257 116
828 88
467 48
747 802
90 35
73 823
11 751
382 635
64 792
565 744
658 208
310 412
241 793
239 498
39 316
317 442

829 2446
448 673
251 186
107 81
769 185
715 286
371 91
802 803
430 608
473 789
402 363
31 292
210 258
627 187
354 813
614 322
229 123
319 508
424 237
23 95
577 337
555 641
385 636
536 118
315 328
385 790
174 509
623 141
399 408
130 301
672 396
106 728
642 409
697 559
609 669
573 399
424 69
347 122
620 481
180 803
182 652
132 80
283 267
567 539
181 114
404 154
193 247
554 547
158 322
492 504
759 346
137 690
358 752
638 464
236 66
165 447
524 519
670 328
639 332
809 740
376 308
783 619
181 566
314 35
460 467
361 162
28 628
4 160
61 646
99 303
316 319
329 803
447 466
730 538
431 372
434 69
81 579
213 689
269 544
767 565
739 291
216 698
308 202
793 15
244 645
61 388
299 505
301 726
159 326
399 503
772 5
661 363
614 32
264 308
653 209
468 647
661 556
300 303
529 393
594 689
120 141
104 626
799 514
466 568
379 680
626 683
585 552
812 212
261 618
813 173
720 128
687 580
656 647
539 746
306 768
443 178
389 749
283 358
194 490
475 325
386 430
444 147
284 159
387 454
592 803
356 569
155 511
218 518
240 82
26 501
647 289
679 612
73 737
3 402
275 569
5 442
545 512
731 125
227 554
275 425
131 492
33 284
556 175
448 658
503 258
127 613
652 511
767 593
122 72
820 826
750 447
130 703
829 511
479 239
246 805
228 784
671 150
373 127
162 744
203 594
259 667
261 675
722 695
747 382
270 452
343 150
558 81
610 97
629 259
758 169
814 367
671 436
706 498
725 86
618 112
746 77
710 544
288 780
348 481
573 333
166 749
784 679
173 477
197 382
3 384
170 493
513 585
443 512
281 714
29 124
412 465
624 132
472 181
56 379
20 353
611 459
494 717
578 727
498 688
12 107
99 668
125 580
684 551
810 319
281 433
799 713
751 809
694 656
510 604
149 362
299 53
502 330
90 665
773 619
758 620
559 629
266 204
379 589
557 116
589 792
535 828
6 119
222 34
152 26
559 388
342 5
804 149
271 206
20 740
150 355
125 264
512 441
350 743
587 354
368 535
442 488
812 356
321 573
639 149
612 598
578 146
564 372
199 307
688 115
332 312
230 528
396 271
828 221
745 444
247 212
157 129
659 780
531 502
273 282
553 558
300 66
67 770
325 523
418 478
205 507
744 200
568 427
1 289
132 682
224 731
78 607
432 483
472 709
457 816
653 532
512 578
179 437
234 639
287 523
114 704
793 402
208 350
567 491
86 324
397 423
36 633
578 228
73 15
552 609
651 416
776 104
13 232
109 52
721 548
642 513
718 646
184 665
332 223
371 643
194 559
503 461
3 747
490 292
628 566
178 644
52 714
589 327
737 582
493 584
404 485
115 711
77 591
82 81
598 19
247 163
231 165
787 599
181 102
668 136
811 326
685 11
818 726
304 485
344 113
247 81
170 152
39 336
116 505
540 190
383 560
447 14
765 586
452 526
489 284
716 581
717 807
431 433
472 585
180 314
75 107
243 103
207 149
686 728
263 633
399 807
825 52
257 778
221 121
439 38
671 198
512 186
129 368
438 303
218 262
91 572
748 614
82 652
429 302
142 7
510 299
493 785
404 615
596 243
635 40
160 829
820 398
640 503
552 771
321 316
650 810
544 659
651 713
460 412
643 284
539 616
80 147
561 490
724 699
752 613
254 526
403 369
226 321
372 605
504 686
433 153
53 497
22 149
299 593
821 1
4 807
772 731
334 24
412 647
508 537
273 207
518 698
612 105
524 410
543 398
709 71
203 84
235 294
624 678
110 398
681 178
696 452
244 155
212 460
740 467
621 152
270 179
693 417
277 195
632 249
601 251
136 797
62 628
305 186
677 23
347 246
806 708
728 17
799 83
208 628
814 195
545 811
378 403
693 621
323 270
678 73
438 408
764 825
417 616
494 468
83 811
687 90
636 133
469 597
677 16
777 352
278 750
167 412
566 166
508 269
114 33
495 241
423 372
43 103
544 576
341 790
285 745
822 593
466 95
413 175
178 299
786 805
767 522
496 497
171 574
613 811
445 169
162 279
169 370
78 340
778 579
447 161
730 376
490 446
498 251
44 102
407 194
433 579
268 209
533 230
704 183
410 270
274 24
273 171
809 476
759 430
448 612
359 540
793 648
475 349
79 343
246 601
67 202
381 11
808 521
567 274
647 796
805 484
203 350
153 581
413 630
714 661
511 20
701 751
467 146
380 43
753 74
22 208
139 91
582 333
808 496
775 405
618 113
54 720
366 742
826 415
719 797
107 243
310 663
612 742
190 340
637 21
750 827
803 818
109 562
402 137
424 796
721 26
207 165
448 737
251 823
308 182
92 363
443 552
504 3
655 669
641 39
741 156
717 45
794 719
249 254
157 200
50 505
396 205
1 350
218 342
200 757
349 278
331 823
157 579
253 591
16 781
74 66
148 136
140 742
181 701
73 138
381 577
328 595
332 638
647 779
152 72
729 471
160 289
416 214
517 645
292 243
370 152
759 285
779 150
537 309
132 564
463 283
46 782
90 218
181 764
131 597
208 97
408 238
501 351
637 365
413 430
487 107
345 264
221 592
420 416
131 344
354 454
465 585
448 500
748 762
216 539
658 548
40 339
59 209
295 208
192 567
461 40
393 275
433 497
257 515
684 699
376 623
767 475
107 698
278 74
422 241
581 542
269 354
824 370
272 95
328 577
681 309
43 709
295 376
66 77
303 392
530 444
254 452
181 81
224 732
6 563
244 218
335 342
580 41
726 216
250 631
141 57
146 635
592 727
94 634
762 81
49 791
804 560
720 299
223 71
692 254
800 820
273 88
618 805
793 207
595 288
5 585
665 389
388 113
709 558
708 570
802 589
34 419
254 94
11 516
19 618
279 595
124 491
127 467
698 438
112 317
104 7
543 793
123 360
801 797
12 40
787 811
129 191
773 772
25 267
673 570
784 611
731 467
344 591
237 102
330 600
685 819
814 116
528 600
411 380
586 290
34 103
752 6
222 174
133 204
566 201
150 800
477 730
572 87
771 609
545 435
377 494
570 429
185 316
721 274
76 741
542 762
317 701
449 524
414 663
769 497
110 205
682 143
601 783
84 527
289 737
199 489
510 762
810 548
137 565
678 665
402 361
758 769
298 406
766 193
406 464
115 331
504 419
710 354
489 177
611 461
91 72
199 747
330 150
205 693
370 1
351 97
552 57
708 678
359 602
340 632
22 622
4 45
515 560
595 130
426 142
541 322
529 205
362 150
230 481
485 103
267 828
539 222
246 289
412 115
6 420
22 827
441 549
743 487
581 622
30 508
324 12
548 800
55 492
174 81
344 71
399 94
773 173
498 807
426 24
634 293
470 449
418 187
721 261
315 545
464 746
818 367
488 43
346 137
797 181
203 87
719 29
189 749
727 778
631 619
372 724
581 338
357 205
106 463
306 701
807 106
408 480
725 24
428 789
55 220
129 781
166 394
187 76
151 34
637 119
654 704
289 71
643 711
402 538
441 567
631 132
249 510
766 590
677 785
128 728
2 746
793 730
739 255
262 781
584 134
729 488
108 521
20 589
628 87
114 438
278 566
317 617
395 163
486 437
342 595
590 448
773 763
481 522
7 797
505 618
552 397
92 94
730 773
113 387
422 663
761 540
155 407
770 181
463 316
616 51
755 412
821 583
329 710
364 246
682 649
683 618
775 821
558 63
247 555
820 543
530 270
415 784
111 747
424 178
298 769
67 284
138 285
360 559
658 490
772 553
118 250
209 328
527 252
272 149
220 288
543 476
472 665
692 665
677 386
53 758
610 584
771 705
42 723
224 658
796 341
452 600
566 587
434 520
532 463
679 759
631 147
667 602
377 785
619 254
639 676
361 85
25 347
727 780
374 732
196 161
806 814
280 124
761 725
617 409
690 321
753 57
233 250
712 174
107 721
396 769
256 148
406 719
631 727
265 669
433 739
289 681
748 522
823 539
21 82
100 10
802 700
108 745
273 11
596 487
338 705
605 623
309 525
517 547
517 254
366 316
192 687
805 537
613 726
95 328
691 235
686 468
53 116
492 436
516 262
367 473
813 143
505 250
722 203
789 60
615 514
747 209
732 400
341 29
580 76
359 522
469 198
500 790
321 396
499 574
454 736
536 89
153 225
174 137
326 499
185 688
94 538
76 1
331 267
724 290
583 25
307 290
241 396
295 540
564 141
340 599
689 91
277 98
9 810
389 68
11 139
416 374
233 578
342 529
127 261
150 137
247 33
378 304
803 260
821 685
54 158
330 72
538 110
441 766
44 718
600 102
817 416
766 456
381 812
519 266
777 453
542 114
472 542
72 35
221 680
347 789
153 243
443 460
235 347
515 742
566 663
42 99
278 256
687 625
83 223
139 145
821 251
396 74
213 755
130 442
248 327
525 227
341 407
640 594
457 221
170 826
64 297
407 699
104 144
765 154
821 83
159 191
695 352
526 758
534 794
329 623
680 257
39 807
541 673
304 208
88 311
319 199
540 581
173 433
765 777
696 827
387 572
482 268
232 575
138 576
505 8
133 803
473 554
207 300
773 415
416 300
388 454
127 22
437 394
760 54
795 386
63 64
691 213
515 588
678 40
790 155
665 485
44 38
796 616
410 223
685 462
237 167
33 134
141 413
695 652
440 314
41 682
189 140
211 278
727 65
613 42
43 600
488 175
508 517
438 301
422 614
796 662
801 709
15 733
768 453
733 77
125 530
439 653
297 358
727 94
97 549
456 705
312 251
598 583
324 405
806 785
99 290
545 76
801 58
454 576
534 174
154 810
400 678
771 482
275 393
185 781
815 771
199 161
164 588
368 602
664 87
63 127
430 267
90 59
695 191
73 660
823 593
535 107
387 52
670 385
333 816
282 770
62 779
191 283
360 328
359 304
144 815
742 620
694 750
481 418
524 79
39 136
641 144
141 547
610 65
242 432
170 405
689 598
45 189
202 616
314 46
599 747
171 603
17 415
310 361
791 815
298 762
743 566
229 2
654 598
198 548
677 132
736 704
98 638
448 172
233 285
748 31
125 279
72 157
76 209
627 140
561 583
667 3
371 766
194 656
266 382
361 558
152 132
530 255
318 426
603 168
89 405
824 299
451 821
310 213
665 573
134 456
502 251
158 692
438 659
518 354
26 676
135 363
176 280
470 725
513 610
454 393
443 303
716 190
409 796
33 664
412 804
622 816
383 196
475 111
420 495
632 591
175 200
140 555
20 708
592 77
593 292
35 51
121 465
359 428
343 811
788 126
240 375
455 601
121 15
729 328
303 741
723 147
475 247
494 575
687 578
316 811
731 397
454 774
654 71
159 305
107 512
787 624
22 455
571 660
453 677
536 423
438 283
65 271
121 781
658 339
570 519
340 505
153 471
615 131
339 530
84 644
546 51
379 699
325 555
553 131
150 115
558 289
265 740
585 818
349 269
521 685
349 604
633 747
724 632
213 476
329 759
273 162
185 192
295 624
442 329
729 668
401 616
317 264
636 342
235 666
252 532
626 723
348 768
392 196
655 662
178 822
638 527
490 612
279 20
712 71
415 692
539 128
5 612
687 717
10 36
385 570
758 167
375 251
638 18
36 426
592 779
620 664
549 782
236 127
188 506
531 530
606 192
423 43
753 422
354 276
635 582
696 706
514 2
577 614
522 66
814 817
619 657
2 148
264 170
315 199
500 201
320 138
11 718
289 350
271 90
122 543
792 371
796 240
687 468
283 431
338 482
801 558
144 316
678 803
510 177
367 264
422 728
789 1
616 635
66 155
357 509
18 695
787 604
280 243
348 722
632 411
188 540
619 662
29 75
781 70
486 281
396 36
17 470
625 57
627 352
331 178
373 787
65 748
416 660
437 156
287 777
611 75
316 181
84 201
821 684
550 474
626 107
38 197
114 138
190 335
585 8
396 806
189 216
355 154
508 312
553 301
628 684
133 38
540 490
246 593
356 177
824 134
572 225
494 89
95 432
225 305
266 789
18 447
419 369
811 333
116 634
254 50
156 465
619 203
396 615
379 440
484 312
649 491
541 83
85 215
580 334
417 82
681 734
242 402
491 260
687 750
265 345
620 8
588 404
645 166
477 105
370 101
634 412
250 421
604 97
561 776
678 54
436 389
165 65
647 215
524 354
253 510
459 765
171 439
317 674
75 559
604 135
507 637
709 241
351 311
541 334
52 240
405 374
614 508
438 57
359 260
463 68
307 802
680 669
438 299
84 666
486 210
306 99
217 382
532 280
314 630
331 444
775 313
45 81
326 698
704 33
80 779
691 221
490 183
828 527
351 333
382 614
18 791
203 273
390 811
30 104
417 101
474 126
386 601
118 362
320 477
821 404
677 447
539 325
321 370
341 708
398 803
555 530
265 289
193 355
621 781
766 309
786 504
610 212
402 497
224 753
609 733
703 182
762 606
120 450
302 174
69 790
147 341
152 509
316 478
564 104
785 193
698 738
628 615
573 621
751 632
409 502
119 584
591 494
132 180
689 708
317 710
498 519
103 330
490 320
570 365
770 379
59 2
506 70
364 795
506 125
454 544
192 329
525 596
158 690
360 730
253 411
437 655
207 793
724 354
475 287
324 34
746 521
466 727
512 123
768 672
73 308
57 517
632 37
243 443
354 65
427 192
530 627
673 826
627 234
349 389
826 617
829 662
498 767
391 49
720 785
495 312
550 84
185 54
54 595
57 526
386 25
776 124
414 12
808 429
639 642
366 773
294 171
405 412
744 10
265 439
347 543
114 318
778 162
815 27
84 716
729 657
198 422
786 367
271 432
404 670
559 605
211 140
263 575
429 264
35 775
455 418
631 624
800 692
603 783
108 633
57 282
354 409
653 255
288 444
325 414
697 413
384 538
117 630
722 696
482 309
138 537
712 788
161 744
296 401
574 68
294 593
735 33
706 68
301 641
234 235
73 148
796 117
599 654
47 189
13 690
32 318
641 42
552 667
37 119
518 453
586 708
261 489
407 414
599 170
286 814
286 483
568 198
38 222
122 631
684 31
575 600
672 297
35 507
508 123
464 9
294 607
176 72
782 152
776 298
825 443
58 100
611 454
318 562
83 84
303 497
806 488
517 294
32 738
114 158
421 354
98 538
765 520
452 5
806 513
819 671
525 236
828 163
31 590
724 508
818 73
74 736
638 19
472 523
199 578
37 291
683 487
155 526
673 538
600 742
575 105
659 731
308 669
790 82
558 238
670 639
654 573
513 447
475 308
616 68
248 784
66 586
379 720
275 525
442 38
230 819
373 402
757 125
106 756
32 676
788 452
595 818
357 107
171 816
613 11
423 524
580 690
706 533
448 781
531 674
31 433
142 667
291 201
59 357
776 6
392 250
178 663
564 77
735 531
573 340
461 666
10 79
253 811
164 354
607 81
793 630
702 173
812 533
157 594
30 622
289 730
396 807
382 503
221 565
21 702
295 51
348 362
711 182
566 735
71 23
647 152
611 185
704 681
724 676
819 105
641 184
499 602
172 473
172 806
304 540
530 656
69 276
73 209
109 531
213 138
97 203
425 25
686 278
346 407
147 17
555 252
4 654
630 261
356 185
12 11
514 197
238 189
666 591
645 809
741 415
119 543
599 785
13 228
415 656
823 226
4 43
24 173
501 801
619 751
385 73
143 283
347 257
34 624
546 97
747 477
731 423
474 331
308 774
576 628
330 346
62 113
797 193
176 827
326 226
92 570
811 301
633 189
445 231
284 817
89 760
151 821
8 61
231 54
180 625
1 415
411 658
468 459
548 813
676 812
167 810
760 353
117 497
124 389
15 141
183 746
186 247
242 389
685 698
744 266
273 801
728 622
330 253
778 520
526 625
377 267
550 28
290 693
612 400
722 7
817 281
48 623
112 71
607 545
540 708
192 634
520 754
687 51
178 33
221 530
2 796
593 28
723 442
284 355
825 654
317 144
526 92
566 504
224 109
662 81
215 641
59 12
210 551
264 94
636 545
531 589
734 537
19 212
204 232
296 601
199 452
7 501
48 319
288 179
436 577
555 320
204 434
22 169
408 621
194 527
458 155
287 810
515 677
471 644
706 264
503 58
173 428
175 618
434 71
418 182
113 566
538 743
63 351
615 483
352 691
190 285
528 769
139 58
803 678
161 717
41 390
166 624
703 412
135 78
672 725
197 73
480 70
116 732
202 537
802 357
785 814
147 501
170 11
77 625
769 466
591 40
738 588
559 590
502 618
817 494
43 290
638 205
342 451
201 608
328 525
537 561
757 603
4 423
616 394
341 777
486 473
587 609
89 590
93 729
777 518
280 106
603 276
716 525
148 33
189 310
724 362
355 50
503 705
768 419
148 347
350 251
244 396
504 126
287 293
610 448
794 139
812 286
596 19
234 484
312 701
439 31
667 501
247 72
511 441
611 176
498 21
53 83
396 705
414 736
534 59
350 226
131 628
387 459
135 601
361 81
197 416
474 807
471 315
823 518
279 773
49 361
231 524
528 640
65 809
391 145
46 611
763 208
422 690
632 274
207 290
200 329
602 740
332 437
1 549
698 389
755 665
184 749
757 645
649 146
43 655
30 454
295 780
2 251
315 812
513 230
385 734
464 236
77 566
216 434
761 269
707 626
344 438
215 443
437 88
39 180
24 243
696 590
761 512
254 349
734 203
168 765
27 136
340 795
737 547
366 336
143 488
731 167
606 784
17 129
206 130
298 163
726 35
378 149
417 747
311 683
313 115
188 520
688 161
63 59
513 327
255 149
113 369
650 229
652 193
729 31
638 99
819 775
344 624
723 172
9 68
763 264
598 764
822 21
147 287
594 758
408 647
578 498
639 719
362 306
786 336
606 682
169 338
230 816
12 469
553 289
238 627
646 668
12 807
608 644
308 613
148 559
76 60
367 535
320 59
466 54
411 148
117 98
53 284
127 805
310 463
299 33
618 180
621 425
649 142
532 346
139 447
766 642
19 386
368 32
663 96
791 175
498 329
405 710
554 644
813 368
555 30
704 238
80 515
259 807
784 288
134 229
136 644
619 752
84 759
421 192
144 255
823 28
109 537
24 207
525 231
315 447
16 57
775 46
100 41
178 655
801 589
415 80
823 375
384 582
421 436
464 207
106 272
355 432
675 292
53 366
697 771
65 176
246 336
204 381
559 527
174 637
564 13
217 811
815 252
212 469
215 373
438 234
440 245
4 363
669 465
176 330
752 638
435 369
595 2
579 476
155 267
637 206
711 715
658 414
306 523
771 24
814 158
726 634
785 372
78 381
127 428
175 477
458 219
810 372
172 572
195 741
8 448
339 344
177 536
197 725
733 120
666 179
46 156
321 683
310 606
733 233
535 352
46 704
450 2
680 752
678 496
129 180
829 433
595 306
660 299
208 282
284 583
507 461
69 802
749 267
152 665
325 190
472 590
187 566
148 755
151 427
4 34
575 158
208 56
649 614
252 606
792 304
594 59
725 158
249 192
176 224
359 319
111 463
276 59
542 186
670 789
747 165
287 581
707 227
244 39
334 47
579 435
566 108
491 358
607 267
522 682
246 539
619 610
343 617
788 188
381 605
620 738
804 647
795 537
484 173
713 593
336 437
160 19
794 505
467 553
709 234
803 672
769 141
751 94
294 309
298 501
29 56
343 429
590 331
78 170
9 52
37 729
709 433
490 684
215 642
643 693
308 605
536 760
222 255
135 374
159 33
396 725
71 270
147 348
467 558
533 682
327 671
347 808
828 122
207 560
83 638
390 398
526 787
219 248
572 119
111 373
349 629
647 50
523 439
463 390
121 347
765 760
197 545
399 686
827 722
43 778
58 131
631 143
796 703
327 82
75 445
440 473
824 778
608 636
184 275
22 631
539 411
776 396
262 188
413 363
698 798
313 738
249 220
451 463
70 359
400 170
40 652
692 125
546 512
156 751
142 117
492 573
700 492
573 90
574 88
680 392
251 304
118 202
356 425
377 241
475 622
643 20
258 663
393 127
358 251
527 273
752 365
257 796
779 798
541 798
796 169
358 800
269 48
143 619
19 569
446 61
706 216
356 798
32 503
110 432
786 160
259 288
423 38
27 268
230 789
601 167
449 210
825 431
810 758
61 570
190 731
711 544
306 674
220 247
222 72
133 659
5 750
502 200
486 717
768 259
769 395
1 382
256 813
355 620
48 324
266 391
711 326
256 145
256 710
542 19
676 331
24 101
669 180
392 192
214 622
430 458
699 222
315 34
596 484
7 296
230 622
447 508
486 708
821 303
507 244
472 402
787 38
610 136
663 317
123 662
804 312
676 629
570 208
240 813
791 18
276 656
673 662
19 805
320 714
806 748
395 687
568 405
788 304
689 285
636 55
808 734
576 799
98 495
177 612
559 645
687 432
726 32
585 26
1 249
554 113
464 599
823 506
188 760
407 228
327 701
270 243
773 691
427 538
360 412
124 365
252 154
252 780
369 338
167 302
176 79
783 543
291 392
130 429
649 607
372 313
475 685
722 149
535 63
60 336
687 821
390 95
784 406
363 666
292 291
93 67
590 387
131 231
224 707
598 756
341 175
604 190
91 21
662 748
677 152
668 328
618 181
48 352
360 18
160 95
683 303
328 427
130 635
350 283
740 330
705 312
374 216
229 715
589 453
810 152
405 709
121 709
385 374
424 98
481 375
45 526
814 537
692 779
643 240
236 580
646 621
439 684
557 265
443 226
320 509
161 89
552 674
81 481
227 597
219 792
103 389
306 289
292 159
76 220
648 549
648 122
613 456
527 802
128 118
44 400
76 614
722 180
444 116
209 493
269 436
97 259
522 804
299 741
220 564
684 318
61 366
745 312
543 704
218 590
591 805
227 276
410 201
621 369
162 35
262 14
708 106
547 281
94 386
278 819
817 470
303 809
418 517
199 61
825 374
594 256
634 411
725 405
436 75
256 806
520 83
297 529
664 452
506 204
234 329
549 355
643 303
257 760
665 401
557 686
500 482
339 804
638 349
488 52
255 525
826 561
729 549
114 383
367 659
722 309

858 1280
165 606
177 421
200 466
110 149
224 15
202 423
559 94
340 392
134 160
43 311
430 426
511 834
730 743
413 260
449 815
417 158
179 778
638 813
234 244
506 674
29 619
224 431
389 665
43 63
637 51
524 249
804 121
314 798
179 16
10 70
124 833
403 643
325 759
560 533
382 25
141 490
429 277
110 669
217 93
250 53
47 149
527 696
634 58
517 657
832 115
198 42
359 723
467 300
432 14
567 475
492 348
174 663
337 332
44 3
148 730
742 410
262 520
578 649
851 207
178 24
365 591
352 218
770 417
832 172
8 489
131 479
74 309
332 324
180 745
446 269
765 56
748 16
375 652
478 479
613 550
748 828
128 477
522 316
495 721
21 825
98 445
668 708
8 791
66 210
14 851
358 444
638 649
768 696
307 36
734 840
747 55
293 526
261 185
248 835
551 165
144 661
18 497
34 537
663 449
437 17
326 239
491 658
415 774
853 563
453 553
221 743
351 584
69 112
213 239
464 323
747 777
770 609
177 735
539 16
234 853
794 224
57 820
627 781
331 851
454 492
569 520
54 542
639 223
271 15
836 509
378 821
283 756
493 557
285 232
513 781
436 392
430 711
704 338
34 448
623 668
809 637
448 7
76 36
200 381
402 785
68 66
10 125
304 696
476 249
154 129
240 428
607 172
442 661
146 793
521 591
443 847
256 659
172 793
443 531
35 61
424 666
3 735
449 101
431 840
846 224
611 614
278 811
62 831
686 585
357 663
318 105
539 758
749 705
122 373
806 562
115 444
596 339
481 460
707 506
219 12
331 739
446 189
604 840
286 241
27 395
167 401
307 171
227 771
195 185
25 589
770 575
364 186
20 639
336 648
746 403
331 186
176 668
768 17
687 469
322 694
580 539
807 735
172 784
599 620
839 171
379 509
27 796
472 586
428 547
654 796
535 485
436 761
28 400
527 3
379 274
150 527
423 526
570 233
779 244
343 751
192 56
440 363
354 46
452 191
633 700
472 84
238 639
295 378
90 247
146 715
433 736
282 406
240 381
341 648
295 119
612 473
720 527
110 675
200 317
635 451
141 228
123 854
321 738
175 566
478 229
95 201
826 247
417 429
748 679
146 750
30 823
242 557
659 366
242 568
542 691
44 575
814 175
621 413
6 621
242 543
707 839
364 343
537 579
742 743
686 573
858 223
1 696
300 52
206 479
135 801
255 384
61 180
444 617
4 653
793 205
840 592
623 391
478 84
629 305
91 745
547 270
361 487
406 692
413 383
199 105
633 657
267 703
446 393
436 673
337 696
632 184
594 732
596 108
471 833
713 46
51 778
359 381
127 828
559 205
636 568
215 785
492 813
459 546
206 711
485 735
228 27
5 477
849 488
62 730
466 565
264 683
340 112
609 560
746 660
475 397
62 15
592 772
362 782
80 40
476 489
375 798
33 548
646 350
525 529
22 649
129 73
807 714
770 111
580 240
431 79
324 11
255 437
330 235
331 235
37 75
824 853
603 473
402 100
404 142
82 207
78 705
301 795
238 245
329 565
29 740
131 253
10 636
302 692
850 606
601 497
365 14
163 532
755 667
567 2
335 257
114 575
806 697
407 815
141 531
8 145
505 437
351 469
280 181
408 427
456 751
285 669
632 661
203 455
454 378
159 72
75 171
342 685
442 666
517 178
589 668
8 543
351 561
131 264
707 159
133 349
693 741
448 388
742 332
334 438
672 610
97 760
765 463
535 772
852 717
411 282
484 326
470 205
336 646
792 401
818 429
196 270
615 335
344 196
424 198
95 246
754 102
229 757
379 133
599 844
593 208
40 463
635 573
404 109
391 772
580 713
318 828
781 239
386 59
417 222
578 11
711 807
60 323
672 204
52 586
647 112
293 469
427 526
250 490
594 574
280 522
371 62
483 728
382 2
491 617
559 279
324 780
700 624
811 636
615 177
637 650
430 45
767 460
113 21
651 756
108 491
802 514
177 509
730 400
829 538
533 77
84 507
20 112
352 209
521 531
253 114
689 745
295 348
265 258
357 465
674 501
240 132
443 19
176 407
189 479
576 251
680 125
638 781
304 687
575 721
313 361
246 53
434 855
126 411
522 139
108 46
228 531
428 77
484 591
336 523
211 686
155 845
562 647
602 423
14 538
254 447
457 722
164 674
627 94
564 836
180 305
733 293
30 23
846 433
332 353
37 485
499 6
435 317
169 98
95 830
438 209
587 677
425 592
111 778
199 55
635 311
594 208
25 251
184 781
806 664
71 714
789 491
34 600
482 197
782 761
481 270
51 675
234 735
243 850
818 654
544 405
92 493
128 462
35 778
638 510
734 823
464 683
32 520
91 776
1 296
631 591
459 725
195 218
486 463
800 834
394 575
749 300
592 496
520 109
281 657
823 675
173 842
27 658
595 113
452 209
580 192
835 731
595 248
128 633
419 503
257 550
179 382
767 674
602 330
503 780
130 835
437 620
486 730
322 539
213 647
368 647
597 136
798 449
133 490
56 850
256 278
818 748
320 435
659 717
191 76
564 229
800 480
163 636
44 798
468 5
407 571
498 117
633 355
413 101
342 309
62 619
799 392
410 839
810 518
854 815
760 35
350 216
352 645
340 357
78 277
489 543
45 105
390 398
268 630
584 591
764 536
332 815
132 356
484 201
97 718
736 728
321 735
7 302
148 491
226 627
367 205
421 757
779 206
826 458
506 429
624 13
111 463
282 402
286 657
810 638
787 700
632 206
387 247
220 279
563 529
471 590
388 571
522 850
54 595
603 138
524 612
545 582
695 239
754 50
143 494
370 158
211 88
1 528
615 514
27 96
791 677
448 596
849 349
25 819
593 257
456 127
304 764
200 209
301 69
710 786
75 244
458 244
579 102
258 664
696 705
259 373
203 102
444 56
154 760
807 61
95 393
290 572
415 786
554 739
140 743
749 15
390 214
556 671
482 833
837 819
662 819
569 45
60 815
224 848
337 278
473 79
118 651
67 444
113 208
64 349
824 347
384 629
511 785
196 51
30 148
268 647
154 694
103 178
548 13
766 691
567 302
318 218
852 105
419 243
516 329
434 245
569 483
268 599
656 839
615 239
301 598
424 622
95 781
443 52
282 769
206 812
261 678
417 529
290 245
747 549
423 286
169 153
281 730
531 833
240 96
806 216
90 529
37 401
352 350
596 516
86 149
510 539
750 11
61 157
635 821
770 351
662 812
705 679
68 817
717 763
541 750
610 182
635 811
573 57
310 619
745 703
555 620
649 665
603 534
503 665
174 151
172 367
602 838
12 192
857 11
677 167
711 728
331 643
116 427
635 108
360 158
532 807
581 239
257 102
335 487
697 692
442 42
506 198
135 560
177 400
459 793
205 673
298 92
337 530
662 692
488 728
311 145
227 50
493 420
81 171
458 83
83 571
509 736
671 657
220 629
337 501
143 797
522 756
192 767
565 171
695 333
597 722
545 385
185 252
307 531
267 647
364 700
791 688
536 263
169 765
822 251
201 102
378 73
81 85
378 293
85 127
781 232
74 570
509 814
849 726
680 624
744 730
202 393
729 170
739 175
405 175
259 547
733 272
81 138
564 2
847 766
432 520
89 537
842 121
309 254
484 663
173 274
504 151
103 656
137 37
33 224
517 414
99 90
3 674
230 786
357 293
858 712
610 72
100 367
217 321
141 325
278 709
719 289
578 717
662 53
270 853
595 813
463 708
634 781
507 381
362 835
89 696
136 655
343 857
682 831
188 562
725 151
728 381
370 242
524 25
276 93
298 855
446 831
409 65
228 387
800 772
532 50
597 551
150 479
91 240
551 105
447 844
511 626
555 286
361 381
858 503
204 730
543 592
632 79
610 375
616 350
581 612
700 449
415 42
773 64
615 433
43 216
346 715
213 396
318 466
178 93
487 614
421 387
468 269
265 602
663 165
228 326
102 157
672 246
215 444
532 731
320 658
290 609
334 824
172 191
54 274
37 378
594 178
278 459
193 477
457 727
300 41
551 375
768 87
144 332
74 703
767 376
803 537
468 633
811 139
753 821
360 54
146 389
777 739
265 841
114 273
710 766
717 422
522 423
541 12
367 797
636 142
682 449
791 737
550 571
225 512
134 398
476 376
103 84
289 548
179 73
370 233
229 299
76 621
224 147
515 289
613 338
605 469
616 31
638 523
482 635
419 850
195 668
678 181
586 222
386 815
303 15
719 666
116 16
685 854
62 204
403 722
292 276
178 533
631 671
506 545
33 781
720 446
502 465
440 399
403 5
706 663
240 59
516 812
791 207
48 756
276 302
291 115
709 750
646 755
654 714
727 479
284 777
92 93
315 111
307 58
816 392
286 439
228 366
599 802
457 631
538 383
466 317
148 620
354 99
69 661
141 211
49 410
829 825
808 539
389 663
622 151
417 193
285 464
294 136
265 186
217 30
563 562
477 210
38 552
659 790
840 577
638 532
488 533
469 652
266 431
267 55
159 109
177 153
190 101
836 338
353 170
49 461
713 780
222 102
45 246
467 680
45 367
654 511
748 494
581 745
540 353
315 667
242 740
332 51
91 310
263 156
51 546
128 464
522 315
598 680
428 554
828 649
309 794
760 683
781 475
339 523
344 56
58 825
43 817
588 417
20 341
589 649
473 856
248 732
567 840
758 617
308 427
307 536
202 760
678 197
38 109
833 286
290 751
687 232
747 280
693 658
409 781
741 135
818 131
127 327
364 448
326 373
470 492
10 717
784 232
262 94
441 730
26 680
635 689
200 573
265 476
669 101
18 368
316 101
810 613
448 85
670 768
114 121
281 767
581 422
234 560
214 762
720 375
500 769
179 720
687 648
773 821
365 473
503 315
808 251
93 367
183 88
169 665
132 96
26 751
78 563
62 570
739 591
332 109
426 848
49 320
777 575
551 792
684 6
334 525
41 850
508 225
127 247
140 779
7 299
466 648
213 236
721 15
814 31
493 97
212 87
474 622
329 399
473 621
607 731
423 422
763 761
426 496
847 170
545 626
747 303
180 828
26 427
335 585
288 233
727 347
178 363
115 730
142 381
799 471
536 297
257 856
664 848
403 476
742 653
640 660
338 372
441 101
685 51
716 381
524 774
485 854
268 543
43 276
359 778
402 776
180 399
488 622
177 718
452 574
727 626
369 315
604 657
382 501
545 87
504 81
559 766
454 330
390 629
132 62
113 546
34 621
422 87
417 692
742 310
456 305
562 106
91 476
128 66
771 366
202 642
723 279
765 543
776 125
697 209
140 608
420 434
1 315
824 570
434 449
432 26
301 497
478 634
186 299
488 274
199 575
445 590
53 620
26 514
408 53
710 240
64 599
746 642
63 651
219 289
690 483
635 149
57 274
230 668
371 666
842 755
150 208
579 373
453 15
436 745
254 848
821 139
537 2
747 367
832 444
723 299
557 310
479 11
291 674
495 633
747 13
813 857
234 557
644 548
684 761
655 447
18 487
264 94
343 565
29 426
709 827
536 801
86 663
242 503
492 156
234 700
503 82
492 584
267 688
723 393
593 115
742 807
508 619
596 24
760 50
103 56
41 233
356 272
169 208
522 462
531 147
356 245
229 833
678 529
643 759
605 645
663 469
792 617
305 485
588 129
670 181
417 503
261 70
686 583
680 299
195 221
271 54
522 79
633 269
80 21
455 735
709 160
788 712
597 646
75 431
579 273
710 500
694 149
70 270
656 550
750 785
786 182
611 502
843 620
533 705
474 37
332 300
815 778
214 270
734 554
704 234
713 548
766 276
28 848
853 216

963 1104
612 618
18 886
165 383
293 266
444 94
738 393
801 823
832 711
299 413
225 584
916 828
413 861
859 830
46 735
496 883
791 585
433 125
244 331
18 428
535 211
163 194
479 341
538 97
422 262
488 293
811 585
738 747
702 689
736 653
526 494
948 155
50 392
328 795
244 849
293 253
950 773
540 741
488 856
592 591
620 313
235 489
547 55
901 135
849 930
74 728
730 485
496 462
846 518
577 925
841 326
356 542
609 405
592 171
109 447
535 682
15 121
872 545
422 476
568 187
16 733
884 958
205 16
74 828
870 258
288 842
913 86
516 959
303 69
105 264
939 678
615 20
787 832
722 269
289 287
385 697
511 937
769 461
538 776
6 554
768 237
935 72
217 436
120 844
814 643
705 630
696 43
829 133
535 562
2 794
259 367
325 740
507 233
661 890
547 227
259 607
178 728
736 627
174 216
551 153
756 861
513 5
304 187
322 246
846 640
897 906
616 69
756 654
587 16
471 638
744 416
202 836
378 1
216 220
82 671
453 946
268 952
870 67
716 625
20 659
468 581
68 66
78 322
664 437
646 688
463 154
646 200
963 623
521 704
80 442
953 750
682 132
97 151
794 361
125 715
124 482
455 677
412 161
382 485
3 634
356 84
184 810
899 231
14 732
709 323
948 374
685 257
588 941
675 183
706 733
48 487
859 496
621 753
752 864
218 4
282 362
443 319
315 822
114 780
692 589
5 462
459 747
520 560
236 321
95 391
368 639
289 611
81 640
939 358
460 953
355 869
938 472
681 945
334 169
393 39
734 391
38 197
923 416
479 93
229 672
535 689
499 16
950 360
610 606
926 200
783 316
397 143
609 795
832 481
745 306
108 279
727 45
950 928
537 924
129 927
544 278
58 718
490 11
38 139
463 926
748 396
501 936
906 495
581 153
311 142
918 562
346 875
908 670
697 917
176 659
178 747
10 572
740 490
450 844
493 758
389 510
36 103
726 418
781 673
448 698
512 559
803 96
495 670
557 627
313 902
749 254
694 41
283 913
496 634
803 70
526 174
255 62
812 476
20 145
36 859
89 209
623 673
270 464
282 458
608 109
282 8
330 674
302 410
529 249
692 714
175 590
838 250
460 361
592 338
550 69
22 264
37 30
73 880
320 56
208 149
258 220
502 173
378 119
553 149
423 6
373 674
542 200
256 71
207 513
79 508
706 941
122 574
722 531
876 381
245 647
908 713
716 552
478 236
725 847
666 667
538 724
475 103
42 57
797 148
336 712
353 750
180 138
535 758
559 509
877 189
522 627
397 649
410 877
505 451
380 19
403 264
322 784
15 20
592 93
412 567
484 622
471 418
788 96
19 461
53 906
867 371
694 183
834 519
230 530
879 962
259 342
682 746
191 452
296 768
688 87
334 360
135 549
219 228
812 254
668 539
433 637
582 133
333 671
693 525
137 76
340 262
107 560
674 368
552 792
460 385
435 294
556 832
705 432
222 226
765 906
722 721
832 274
734 467
655 7
882 457
508 384
79 420
74 608
3 794
162 201
756 238
959 234
391 212
521 83
253 450
415 210
593 821
745 226
638 869
471 116
586 309
167 799
36 227
334 323
938 866
439 434
227 755
908 866
334 81
793 190
752 100
227 288
75 149
544 909
646 405
283 333
723 408
412 418
111 637
701 704
385 444
71 817
33 158
907 275
365 832
414 801
526 101
926 430
515 608
46 935
117 201
909 124
404 476
951 794
270 68
118 362
830 528
205 534
779 487
130 262
890 923
615 30
169 533
469 87
12 559
522 335
162 320
441 59
571 228
664 119
31 180
738 952
225 416
548 884
360 37
162 314
644 621
212 66
601 364
70 642
919 79
253 952
561 413
312 960
716 630
489 39
769 149
899 321
23 80
674 457
884 88
741 806
579 212
314 790
139 746
98 673
933 755
140 5
795 936
607 673
31 600
956 46
826 394
775 444
123 511
551 54
754 190
817 590
445 816
250 590
334 69
639 713
949 690
732 784
875 92
246 201
398 362
282 136
910 129
425 43
914 316
843 238
933 945
771 784
681 869
474 749
283 477
269 362
36 587
702 454
101 94
894 929
669 263
561 902
618 689
475 370
950 175
345 335
479 148
455 197
797 99
321 86
7 221
359 136
130 337
724 630
264 57
466 173
284 164
360 13
396 123
303 715
18 431
889 133
169 111
929 337
841 322
814 454
701 855
824 607
836 480
729 669
18 14
746 491
756 310
523 862
269 355
825 24
16 189
392 831
296 852
453 55
353 836
410 689
350 111
876 343
496 530
125 742
174 714
538 404
136 844
839 44
862 295
121 543
118 592
158 886
371 898
818 262
292 43
886 925
531 295
686 758
23 632
125 689
326 137
424 24
799 295
58 280
531 245
817 445
276 84
206 472
536 783
803 299
496 257
910 44
732 864
908 413
875 271
22 97
839 285
873 697
892 318
349 252
561 27
304 682
477 755
341 457
321 429
344 155
34 781
302 262
124 821
635 362
880 525
302 413
511 279
903 43
9 583
266 611
610 164
666 132
404 845
455 239
469 827
538 151
881 271
29 63
277 898
826 491
863 87
33 271
367 592
469 760
128 668
352 353
114 832
537 752
330 350
614 29
772 730
7 187
631 285
726 815
819 869
17 514
261 134
471 597
732 673
377 321
841 612
942 622
934 430
781 704
451 824
739 239
526 383
74 17
766 640
224 19
340 788
334 748
375 366
859 417
68 111
869 155
722 156
7 587
898 654
720 145
615 771
188 452
191 552
886 525
793 534
840 416
951 476
17 737
291 251
725 854
856 664
914 504
276 293
205 242
18 801
3 339
17 197
323 770
20 698
219 280
322 683
17 833
303 156
222 636
658 838
579 147
394 961
531 845
819 761
573 11
58 659
928 90
23 816
1 952
1 611
423 111
344 903
604 514
580 851
412 258
705 883
522 795
259 910
475 8
449 710
188 434
291 149
688 48
459 296
197 690
489 168
126 87
725 573
614 830
686 76
7 830
464 832
311 704
750 96
413 568
920 861
504 299
282 435
480 960
846 415
182 408
874 618
817 906
832 280
506 796
595 144
519 926
50 742
813 765
129 604
203 948
759 294
303 453
346 83
675 59
577 575
858 21
91 510
329 68
536 926
545 890
235 415
385 68
895 859
428 831
669 279
603 388
894 240
443 453
623 388
655 403
516 159
206 770
186 147
22 796
45 384
98 442
833 194
373 244
232 589
34 572
803 830
598 652
582 1
219 608
124 495
454 195
105 82
439 864
769 83
604 366
256 790
833 886
402 108
12 91
301 673
751 397
719 649
177 865
903 530
610 454
817 238
404 292
720 394
356 166
612 192
146 248
536 252
282 780
17 234
914 797
28 673
872 882
870 529
314 198
891 35
440 916
277 142
902 452
797 690
665 881
567 81
778 103
53 577
87 86
596 1
536 388
900 796
676 405
215 585
137 454
197 509
353 948
343 185
796 133
925 508
847 343
646 413
346 630
538 160
551 102
158 142
764 169
31 598
543 681
254 735
816 318
512 900
779 440
701 386
371 86
475 829
879 763
422 169
886 962
922 337
791 138
717 355
813 153
834 318
19 635
146 785
719 1
312 707
959 429
356 763
397 712
93 313
849 762
590 66
650 285
891 253
529 485
544 347
813 823
126 559
854 196
659 784
351 883
261 76
71 461
601 108
461 844
242 39
833 698
595 226
726 722
160 74
52 532
896 452
870 401
380 780
197 962
218 708
560 288
650 104
759 816
71 92
466 697
399 729
678 299
354 450
632 524
691 5
898 406
899 760
53 325
3 806
908 528
141 670
413 64
759 836
232 622
850 621
484 149
778 263
125 959
802 109
576 452
392 608
814 631
225 417
889 906
479 134
304 411
121 324
8 492
435 80
41 789
909 708
540 192
859 364
91 467
573 672
801 753
363 480
549 409
924 815
115 654
813 361
510 493
58 242
422 627
367 539
263 238
149 416
561 149
191 772
963 912
715 674
8 864
911 64
294 213
378 642
317 300
308 316
170 436
884 648
692 773
729 619
768 931
359 552
757 645
748 693
47 24
711 442
285 659
534 379
837 707
140 780
682 627
595 891
256 903
651 61
404 562
556 660
879 133
123 811
955 264
621 457
289 107
756 923
656 683
939 324
45 728
505 607
389 530
795 714
516 763
281 39
801 434
617 477
31 568
782 605
876 11
933 763
384 316
305 845
937 883
336 269
441 728
220 430
140 367
144 677
716 491
348 491
910 606
858 279
244 514
646 618
169 253
499 866
596 572
807 577
556 68
666 70
659 660
779 301
352 289
78 881
488 952
183 842
471 899
352 637
141 687
551 753
255 154
457 215
356 284
476 948
158 837
924 384
89 206
814 457
474 358
599 185
13 255
760 671
643 312
139 935
455 853
363 583
248 945
350 788
234 358
466 635
870 608
841 503
628 170
817 182
837 315
217 789
963 821
389 407
16 306
38 805
503 324
45 70
220 127
531 609
260 649
268 750
451 195
746 810
569 305
373 92
609 766
745 37
701 699
14 811
593 700
876 794
687 534
766 819
47 70
588 627
699 94
52 744
160 585
612 290
234 29
443 941
171 172
766 493
165 355
15 332
360 696
287 775
956 16
47 446
765 554
261 372
634 130
282 218
223 292
78 257
242 659
245 161
716 522
922 948
208 530
959 138
516 714
872 128
918 221
722 825
868 84
640 142
630 586
830 642
2 842
242 583
857 941
600 845
186 9
917 262
349 452
200 660
494 528
813 44
404 524
212 822
511 457
686 772
301 388
75 809
617 598
59 83
116 597
901 340
828 528
469 394
458 169
59 869
691 565
257 253
186 324
606 239
10 260
581 368
650 167
146 101
181 395
738 938
423 454
58 811
191 442
13 472
518 374
947 52
413 293
786 394
222 411
877 553
546 562
312 637
246 600
752 265
599 760
4 452
238 39
156 694
175 138
643 309
720 961
320 752
904 274
18 402
450 568
840 562

818 1060
555 48
774 115
227 610
673 611
669 659
17 805
640 526
525 154
143 636
98 64
507 481
561 182
45 6
708 35
252 576
134 251
812 184
366 407
294 144
477 359
362 772
427 606
272 202
332 333
249 69
210 258
3 660
507 42
270 493
666 607
642 576
800 747
797 119
201 542
204 798
242 248
516 52
596 46
695 370
318 70
346 635
7 469
302 133
62 238
549 594
578 757
152 816
247 313
294 387
15 132
507 193
42 289
76 714
7 22
282 429
496 300
748 469
518 547
299 49
172 400
752 575
522 344
244 735
517 135
546 469
589 144
650 594
109 273
7 798
680 424
810 129
730 416
724 439
230 332
91 169
367 560
411 643
382 710
115 232
551 355
401 361
644 435
58 698
562 69
775 452
303 511
31 794
178 378
162 298
271 742
244 204
628 19
178 479
489 69
618 733
444 409
132 426
299 395
244 568
752 457
77 550
761 621
462 442
535 461
656 658
119 787
63 38
423 309
232 787
714 802
401 491
397 613
653 304
21 542
696 526
170 757
641 147
735 154
698 442
634 368
470 343
230 570
285 784
266 328
59 85
620 333
170 525
21 55
687 32
94 573
385 274
504 547
622 122
707 764
413 813
411 136
234 54
475 662
564 710
480 758
584 96
604 126
65 663
518 715
88 390
98 161
542 744
247 692
335 804
191 696
471 175
630 110
348 569
435 337
90 345
117 245
540 754
270 369
471 133
271 407
357 395
651 328
561 65
50 368
341 804
273 483
734 781
451 407
397 713
270 105
689 110
146 64
103 461
144 703
60 746
669 131
428 569
527 577
277 772
471 757
295 721
777 741
385 446
682 125
776 740
145 146
247 229
599 368
652 814
497 124
91 82
730 415
441 570
720 617
670 785
349 119
507 22
183 385
146 607
284 513
653 724
95 426
350 129
257 263
197 239
312 594
674 73
591 665
246 762
807 231
202 394
107 314
113 653
403 128
211 796
167 727
177 676
391 739
16 778
332 772
159 718
546 200
768 522
432 163
136 751
524 363
248 87
91 383
790 703
613 701
350 557
643 293
266 671
481 757
733 275
666 727
498 69
8 64
385 808
90 606
274 723
303 487
237 808
451 125
480 393
657 155
428 105
23 626
42 578
424 409
49 283
606 79
407 767
767 155
566 783
27 806
726 224
548 557
343 781
387 393
799 760
362 302
371 682
291 100
636 358
375 313
1 194
352 118
460 239
253 103
799 418
419 301
101 268
615 529
391 519
322 321
672 81
421 148
497 374
261 160
236 573
265 440
597 394
111 369
612 199
243 668
817 458
279 595
382 98
615 530
219 464
679 371
122 101
167 709
768 330
244 678
134 347
616 742
25 488
668 492
668 696
640 545
427 336
530 750
482 86
412 528
357 742
366 228
27 121
514 206
233 747
523 125
731 725
208 123
157 215
190 319
412 526
353 476
94 510
7 534
336 493
56 650
435 478
436 464
592 785
52 762
186 787
665 619
80 69
66 137
85 96
512 564
403 356
397 53
606 331
812 292
550 434
640 68
641 330
253 333
578 452
99 792
158 622
193 249
411 46
381 629
355 457
668 520
727 148
216 291
780 292
221 96
137 95
285 260
509 538
449 84
237 523
664 766
181 661
127 388
641 603
551 68
618 242
191 492
214 635
533 351
677 794
271 530
333 393
667 610
181 359
554 169
423 713
720 400
779 715
100 723
85 280
288 205
206 315
545 773
150 360
54 43
615 491
566 778
63 402
198 570
782 400
602 705
3 334
366 388
7 454
237 79
294 665
551 436
396 50
276 284
662 358
498 330
694 607
167 322
130 487
92 649
115 329
15 632
272 495
407 646
554 327
768 499
529 43
181 674
509 577
789 196
700 579
387 261
726 298
779 109
91 721
181 308
312 676
421 144
545 55
170 717
24 645
288 263
322 438
316 385
174 358
242 810
330 739
318 781
387 435
118 611
670 332
229 548
497 563
141 680
67 374
105 258
420 591
816 413
591 95
114 703
265 171
230 248
134 301
632 193
36 395
571 617
305 405
454 765
680 25
672 150
735 573
434 692
729 813
712 513
496 350
98 530
592 157
608 722
706 737
568 377
89 737
475 191
380 199
145 123
774 459
336 46
235 81
241 6
294 8
366 115
257 462
739 321
297 438
270 216
395 61
274 231
530 710
382 447
33 388
173 506
65 349
755 321
340 81
252 743
451 456
490 790
790 439
628 629
244 418
454 202
25 461
388 86
454 674
367 200
114 63
432 782
699 258
2 46
707 46
412 329
686 658
53 539
87 491
35 138
390 791
652 510
533 443
482 163
318 505
444 307
44 354
587 555
76 187
731 103
535 758
91 76
194 101
728 303
383 644
524 511
173 456
238 324
587 207
16 203
237 511
562 215
722 320
139 362
493 655
797 306
414 590
792 710
509 672
127 293
612 172
225 422
516 790
214 669
143 617
668 813
671 67
768 696
187 92
252 390
516 715
346 402
551 259
663 365
396 370
107 808
212 145
102 298
802 724
495 321
295 709
602 394
679 656
366 73
675 676
334 637
698 184
581 618
145 425
1 172
253 201
623 478
535 584
500 267
174 522
366 780
693 636
671 34
685 745
317 633
139 690
371 769
751 142
807 105
21 409
789 271
536 341
462 217
770 267
548 398
285 223
152 643
99 201
695 416
569 709
565 394
276 655
152 288
401 785
111 593
428 629
420 298
799 226
656 255
559 313
409 594
146 443
173 268
363 534
286 808
494 283
317 513
216 582
531 121
22 349
456 269
716 375
316 748
318 422
151 548
531 95
56 445
707 160
351 307
180 20
532 670
792 810
130 151
665 333
168 787
489 574
669 365
50 690
235 303
716 535
334 770
784 611
412 312
431 672
627 594
432 154
712 13
224 575
622 69
473 688
50 460
125 621
134 758
173 408
162 499
794 781
236 476
478 184
111 122
716 389
545 359
726 266
51 467
303 131
362 262
221 330
167 583
302 699
334 460
512 304
493 648
512 238
583 156
94 441
367 261
124 697
164 254
632 287
777 71
381 625
776 781
259 502
225 474
452 5
450 267
681 438
574 573
518 734
608 401
475 114
97 627
663 544
65 740
481 199
409 725
119 639
289 354
375 404
436 247
704 328
173 728
39 230
792 464
106 275
211 411
638 342
771 287
777 267
2 345
553 786
581 770
39 119
143 589
365 557
250 579
129 132
764 488
541 374
490 219
620 619
31 643
580 415
185 746
632 542
15 246
382 156
539 47
293 103
237 538
707 107
6 693
810 280
50 637
375 565
244 41
652 555
478 275
501 755
803 315
716 584
51 168
9 443
729 510
140 365
763 556
337 129
217 647
105 125
7 254
11 255
581 789
515 678
586 279
596 562
702 754
419 219
402 458
663 292
279 813
252 228
316 413
295 731
265 227
111 228
171 227
42 761
17 469
659 515
261 128
748 154
113 121
253 271
322 772
249 284
652 310
366 479
367 555
609 250
651 732
674 85
233 739
217 742
801 479
243 303
708 567
114 38
375 723
243 438
22 60
183 646
466 798
104 5
180 397
233 365
221 815
297 398
248 560
139 342
362 732
582 515
651 631
265 304
253 503
471 527
66 345
102 732
399 563
770 803
122 573
198 280
46 267
383 786
510 86
430 338
272 573
346 278
662 172
693 709
470 582
470 11
789 730
702 569
691 43
346 345
636 30
15 57
482 6
349 594
211 115
341 321
214 815
673 708
113 290
209 277
167 190
261 815
88 610
276 674
621 690
629 492
154 723
198 46
270 96
673 248
327 47
80 383
66 560
136 161
322 520
82 805
208 701
517 63
353 809
478 273
124 665
404 548
627 165
376 692
562 567
51 120
387 98
87 709
75 5
276 24
289 754
78 352
421 123
316 730
129 224
545 715
693 326
289 553
784 82
243 329
587 758
181 309
533 192
68 584
363 584
349 330
403 593
246 702
7 612
152 430
462 655
620 734
717 200
270 174
53 429
369 510
691 441
572 373
200 515
753 531
708 73
539 782
289 538
19 519
140 172
501 194
816 412
7 659
188 47
380 276
181 1
188 583
435 810
476 812
496 43
282 206
662 17
797 682
628 439
771 30
481 495
642 503
625 636
402 573
178 662
343 32
508 461
728 534
522 195
514 292
494 61
200 548
85 148
643 268
740 755
139 69
371 282
653 175
652 454
734 786
129 175
145 600
217 481
435 342
285 579
448 457
487 523
109 308
338 510
500 529
27 466
423 578
698 530
6 708
189 636
427 299
170 49
662 54
687 628
58 469
49 30
261 749
582 291
411 487
535 549
229 442
516 635
108 643
183 703
524 572
514 19
181 21
632 46
591 606
156 758
56 266
334 268
746 469
318 202
121 321
189 312
494 611
455 374
116 816
581 574
548 283
546 275
31 88
213 763
680 224
585 468
84 126
641 273
533 414
191 219
3 339
521 638
31 343
615 76
807 502
647 808
389 125
187 129
183 784
243 112
691 743
615 248
19 590
403 43
675 63
270 437
509 568
642 296
723 240
60 263
728 352
781 426
766 499
337 456
634 686
614 157
501 153
583 204
537 773
19 538
705 207
22 196
295 30
689 260
530 725
3 785
465 719
463 332
411 501
816 425
505 790
428 199
700 316
809 400
450 545
679 281
484 203
702 219
129 681
624 697
324 64
735 159
14 573
712 103
457 269
71 568
802 674
521 444
713 458
299 442
546 428
742 314
382 344
31 540
1 309
316 671
230 231
181 481
527 365
433 43
685 218
8 74
680 26
498 701
663 469
803 678
357 145
339 186
205 309
546 602

977 2243
163 323
39 653
480 370
68 25
182 476
759 793
177 647
947 496
804 658
966 897
737 593
630 723
313 813
762 433
525 958
857 808
15 869
259 172
225 780
407 305
122 672
161 100
5 269
109 177
550 793
628 540
937 350
977 589
392 304
673 308
178 874
802 487
566 372
14 561
144 31
775 582
98 766
743 210
764 53
12 639
842 225
82 824
470 717
858 771
759 564
870 162
213 582
73 262
738 528
578 829
445 957
436 32
917 100
521 820
8 359
338 168
575 225
588 354
849 572
230 518
49 52
340 96
125 844
551 944
675 638
534 29
612 674
522 707
66 199
16 389
904 926
865 717
265 48
817 579
435 183
753 912
629 51
402 340
81 562
857 682
927 836
527 707
198 234
368 887
845 645
865 82
408 269
796 736
513 510
844 66
956 516
815 788
357 107
639 218
921 852
388 383
178 791
72 931
695 176
401 425
809 322
330 72
224 787
796 584
907 384
977 911
764 772
768 430
608 819
518 766
519 132
425 221
975 966
836 758
86 875
140 714
650 102
715 307
662 323
152 381
444 219
17 798
974 911
496 634
158 13
271 237
769 23
833 865
470 327
576 360
650 547
834 753
377 701
69 234
93 703
151 873
498 647
747 91
422 871
163 817
426 872
928 392
941 973
174 805
446 526
784 681
772 193
765 820
508 572
626 81
440 174
744 455
653 905
84 719
676 576
447 272
729 332
568 25
952 259
358 341
206 404
392 218
670 582
379 90
269 866
893 51
208 930
394 539
514 601
897 778
111 654
517 247
645 413
776 324
851 626
601 497
234 71
514 456
289 152
739 757
47 658
946 31
33 96
531 737
161 606
435 478
306 926
175 971
542 419
361 662
967 946
414 566
439 111
651 399
45 447
960 280
807 335
965 601
689 372
563 5
869 99
502 628
304 459
543 829
264 328
856 482
569 8
936 175
509 312
781 675
928 377
164 699
970 882
672 233
459 692
614 269
780 247
602 499
816 291
750 481
311 129
957 196
98 891
178 813
441 114
436 805
268 318
287 482
507 133
594 547
949 736
50 331
14 729
416 835
383 529
295 499
705 294
138 314
785 721
239 182
258 6
114 515
425 948
229 460
143 550
721 876
64 328
618 569
450 967
415 875
327 576
98 555
542 552
667 504
505 480
452 118
487 180
880 633
386 91
558 470
403 840
432 543
487 556
842 112
830 860
833 40
190 170
474 492
869 779
730 733
124 380
622 589
495 669
115 812
313 805
561 845
587 272
605 81
806 242
612 165
371 71
769 892
370 872
553 513
516 877
38 298
576 973
962 576
817 323
526 495
431 306
568 289
132 544
167 468
280 211
210 35
855 124
15 373
83 397
121 936
585 390
434 865
501 220
708 452
712 468
487 947
308 636
555 443
555 14
282 851
224 973
222 169
722 315
504 851
608 318
258 123
738 516
161 525
36 623
570 886
54 399
385 303
884 157
961 553
910 771
764 289
216 43
107 972
453 744
86 872
240 550
211 423
24 706
246 321
376 288
636 646
196 523
439 433
321 530
788 168
347 392
737 349
721 816
423 296
270 971
965 106
90 865
453 721
130 382
41 73
890 389
449 518
705 893
458 860
562 300
339 464
252 60
114 61
97 211
965 497
513 895
146 951
608 118
244 149
154 630
935 330
789 587
752 42
203 520
883 359
163 472
717 938
527 153
713 470
142 185
734 136
99 43
443 650
814 32
855 315
303 549
387 534
399 275
615 475
878 286
105 150
768 465
227 768
97 713
372 676
711 244
862 526
579 75
931 179
401 439
813 949
869 318
537 326
849 564
719 673
373 426
342 714
401 209
747 670
218 386
884 668
23 303
373 806
301 404
565 562
431 655
197 926
787 415
455 245
61 670
462 274
11 214
838 212
264 388
657 520
948 57
949 352
755 580
386 107
867 382
226 362
190 267
483 287
49 856
618 795
505 417
892 795
435 23
109 735
573 635
647 814
941 503
118 855
526 133
175 963
644 653
115 208
479 557
874 346
31 90
879 646
312 866
701 899
786 621
39 27
424 267
406 890
940 486
231 69
931 166
199 924
129 683
369 800
498 385
409 93
300 399
467 745
691 508
732 861
623 286
76 326
86 779
177 557
548 127
862 75
495 333
633 369
561 903
961 855
31 464
159 175
848 160
884 745
832 68
599 653
835 516
89 605
572 587
315 722
416 48
515 787
182 317
844 874
259 666
41 809
847 170
613 686
297 172
895 564
453 631
534 416
93 688
242 151
650 254
192 885
907 741
432 190
153 129
617 498
356 703
605 528
272 516
857 663
561 945
84 589
89 75
609 725
512 202
966 950
128 553
736 446
24 618
579 367
707 377
393 814
788 417
793 269
631 206
577 563
248 450
469 1
876 188
436 304
662 835
258 710
170 356
121 600
653 463
270 781
587 509
109 881
938 276
904 412
480 894
389 92
908 521
860 164
366 350
424 118
298 717
909 433
87 85
382 933
149 808
940 163
689 210
156 31
104 344
95 619
645 536
181 8
274 449
256 860
367 923
946 770
965 908
217 838
473 935
720 961
510 67
411 802
585 614
434 449
508 600
215 580
274 22
442 186
740 485
407 278
580 242
837 467
308 329
368 468
294 283
840 515
215 895
975 801
283 10
586 567
186 11
533 12
383 288
249 708
804 719
397 143
804 181
392 882
232 956
429 457
896 418
51 238
289 242
872 688
129 364
918 593
410 808
469 976
381 259
389 873
730 852
412 587
531 669
43 666
456 934
668 207
172 100
283 773
570 876
191 87
846 913
332 322
457 767
348 468
773 661
830 389
316 64
787 82
827 251
44 698
465 350
946 964
488 905
656 598
943 694
559 308
248 343
35 278
515 589
149 770
690 671
564 329
552 27
41 71
25 445
589 645
954 258
40 137
468 274
564 386
176 910
585 915
475 154
95 680
629 738
249 569
860 845
518 571
685 457
280 11
116 708
883 362
904 418
837 804
287 712
56 103
956 953
831 880
118 59
767 761
327 107
739 676
331 966
298 802
863 68
815 891
963 473
764 849
599 479
244 871
963 358
364 650
33 765
589 853
461 358
691 551
51 388
330 590
170 26
240 917
863 247
655 293
75 395
973 430
885 887
973 244
39 701
396 197
175 504
787 762
591 383
820 261
643 961
322 200
215 968
735 364
976 341
833 649
744 380
447 803
790 311
794 375
160 844
819 393
419 486
334 937
260 820
653 214
731 308
826 925
421 327
760 378
246 846
544 273
815 11
430 495
37 183
154 942
12 256
254 290
700 72
574 747
534 475
603 169
659 692
633 33
679 483
59 161
31 624
182 740
476 14
888 513
389 738
619 454
876 559
791 11
650 115
464 34
393 445
257 416
640 468
507 952
309 380
755 625
384 658
666 521
831 475
778 955
457 300
459 71
653 910
286 841
269 506
897 296
645 111
261 155
122 134
104 389
364 7
861 657
626 310
928 818
603 752
929 581
821 100
566 658
382 240
590 565
464 327
335 773
163 896
611 180
412 797
228 311
458 316
294 453
645 547
721 498
672 820
110 568
809 855
221 54
874 887
535 133
171 926
302 690
353 328
785 723
114 15
272 283
777 266
886 956
595 906
335 485
639 732
328 2
595 196
336 66
316 859
264 244
716 848
806 44
352 450
650 674
524 770
728 925
714 967
197 625
880 872
607 16
539 197
300 382
48 495
672 612
362 445
719 653
964 510
564 442
88 880
738 921
23 588
10 800
194 718
855 50
530 138
308 183
882 236
95 745
480 888
230 478
605 759
741 381
85 761
488 310
255 612
553 469
905 157
445 375
736 157
976 652
187 215
541 146
407 831
888 258
153 340
571 879
601 629
231 477
362 233
248 926
975 660
673 910
175 234
954 636
822 883
847 873
689 912
464 775
312 818
567 351
183 828
900 708
923 365
465 386
356 908
837 949
911 777
461 481
337 200
524 372
486 541
216 81
454 63
558 577
318 688
377 527
324 830
535 339
738 93
490 150
836 690
505 537
420 89
562 597
617 179
284 857
739 696
971 452
809 271
594 88
695 412
316 265
728 260
325 469
733 504
746 722
280 746
690 397
429 439
84 445
716 602
869 52
29 941
272 56
377 370
454 158
455 958
497 118
99 221
135 395
891 290
86 607
358 720
729 924
567 388
697 93
976 927
597 55
102 725
860 289
593 154
315 457
174 25
106 901
402 494
588 749
849 574
810 908
621 733
55 38
559 333
207 116
212 636
103 214
937 781
963 33
605 502
398 538
934 55
277 784
424 316
189 910
261 513
727 498
211 821
178 887
15 493
608 565
642 860
151 343
30 209
269 29
700 794
56 464
607 240
316 898
561 419
194 652
604 455
305 382
930 276
403 540
171 277
298 407
902 485
527 826
358 782
733 476
475 955
521 162
565 766
655 43
164 758
680 359
833 702
133 317
797 283
410 15
882 871
11 394
822 269
801 229
809 195
848 477
100 122
965 629
718 520
314 850
946 729
502 150
674 725
89 701
129 741
279 513
819 170
269 96
932 509
811 644
460 781
65 144
660 152
907 380
284 182
782 173
475 235
717 936
648 636
596 591
8 208
422 513
692 841
380 320
436 210
854 56
311 294
475 806
258 170
703 886
709 214
175 846
346 460
382 262
296 323
689 935
802 843
784 322
6 187
729 535
395 368
514 189
860 356
537 324
599 969
214 868
582 665
931 521
42 374
6 912
763 119
546 38
806 939
571 623
498 621
405 291
247 448
506 135
785 333
40 388
973 374
46 709
121 351
873 930
766 297
730 406
90 835
78 661
706 888
871 605
622 523
720 784
974 165
243 272
562 901
135 45
397 977
470 9
360 227
383 275
430 399
69 437
490 666
700 972
936 837
111 495
774 279
499 479
444 913
533 970
235 543
519 254
6 898
464 623
376 769
907 815
38 675
855 151
860 194
112 469
349 408
335 366
262 270
874 668
966 717
274 57
936 641
225 718
908 207
639 726
17 172
478 838
542 603
653 23
964 787
395 556
555 732
903 30
266 532
567 889
219 195
3 706
869 133
797 19
781 377
157 839
224 431
24 316
523 233
272 570
256 260
221 14
760 117
780 405
49 357
251 929
585 334
843 741
845 761
168 650
561 664
730 708
108 816
108 765
75 678
945 60
488 929
3 95
386 438
336 58
212 869
546 408
654 855
55 478
790 226
648 525
776 571
606 192
382 117
186 192
630 529
619 965
725 190
672 633
309 646
774 911
258 708
82 589
568 614
643 417
475 211
718 141
221 590
925 611
952 394
441 208
248 17
16 290
750 198
74 504
826 229
809 107
388 21
651 271
483 474
154 559
314 570
4 69
302 422
840 211
749 7
741 211
117 818
91 943
437 156
719 746
867 213
150 53
622 585
386 935
791 371
854 781
321 666
857 133
434 548
291 894
62 659
254 921
553 858
516 508
922 480
337 192
407 701
679 426
789 555
60 218
781 715
712 647
401 263
238 499
774 554
421 850
450 131
218 464
169 327
81 485
213 219
678 618
818 76
26 446
252 343
182 821
936 313
68 29
259 44
316 542
228 805
816 157
74 21
754 166
384 901
942 354
250 751
382 480
590 773
449 249
333 367
263 185
123 362
527 637
489 296
25 265
559 103
118 35
17 519
626 632
879 414
147 571
338 518
320 5
547 848
490 768
768 456
237 938
20 763
166 51
590 731
297 718
943 148
928 14
213 124
361 784
56 719
442 862
741 123
122 525
285 197
124 83
307 104
143 219
128 256
885 577
942 71
5 87
171 428
654 912
727 211
305 147
364 864
132 529
923 519
671 598
121 974
180 955
642 376
352 284
26 213
871 858
927 531
326 447
398 653
33 4
890 202
446 612
640 253
125 624
368 838
718 106
77 162
940 224
653 314
859 621
844 81
149 422
836 288
735 368
774 417
869 627
602 350
32 613
99 98
770 175
132 318
703 618
120 896
859 952
202 652
65 691
972 131
31 532
803 721
343 248
895 238
423 591
793 816
416 306
753 641
608 913
293 532
651 882
174 674
451 133
310 301
478 898
502 805
643 731
233 878
767 263
932 946
849 577
540 309
814 769
52 914
607 714
360 389
393 285
103 870
931 865
568 549
645 276
710 596
660 205
828 907
200 360
831 346
77 834
759 518
444 153
47 364
244 163
813 794
64 492
687 188
393 701
781 508
467 153
877 840
639 60
251 718
468 56
417 621
70 353
185 761
24 730
703 173
523 974
356 789
175 750
434 532
403 210
80 266
434 322
715 224
58 542
171 175
872 651
432 327
947 424
78 427
4 837
891 237
748 255
397 125
137 871
527 732
931 384
2 286
592 221
59 467
815 806
691 291
103 369
398 151
272 914
882 193
377 306
875 34
123 857
896 685
149 934
496 629
916 427
67 602
943 933
547 324
605 198
455 783
378 831
737 764
185 47
280 277
656 963
228 75
418 876
682 912
419 842
792 240
667 339
478 413
51 579
692 755
491 463
630 350
557 609
86 91
513 429
731 274
688 218
502 907
925 953
692 111
50 926
609 117
3 89
336 68
109 711
850 8
885 972
10 195
140 578
415 550
903 472
204 233
601 922
239 61
824 973
607 163
519 87
718 338
636 593
839 257
749 718
525 830
369 308
166 574
816 885
755 328
135 417
140 487
710 543
369 601
411 156
88 63
585 721
149 944
611 278
132 584
314 311
462 743
284 72
68 173
16 443
477 4
977 625
215 319
822 461
915 733
626 344
274 910
646 224
165 125
303 391
270 643
126 132
976 940
759 286
134 82
889 158
321 791
234 947
163 107
259 831
649 62
631 783
262 365
835 112
447 675
72 356
182 579
38 82
294 487
167 111
837 376
660 423
38 429
125 613
264 805
427 275
112 489
479 496
960 338
246 718
319 219
414 702
181 230
613 163
954 520
475 179
479 493
798 595
969 497
828 63
710 970
777 129
407 241
49 384
488 736
731 909
717 284
576 447
170 631
64 158
693 467
363 976
1 739
831 686
67 8
765 481
714 219
936 934
958 888
445 923
356 615
145 800
688 475
929 967
592 460
762 417
290 256
356 837
656 707
306 110
824 90
588 211
473 551
772 973
112 630
167 901
106 899
227 746
948 560
369 457
263 519
825 635
844 976
277 305
443 41
505 720
511 516
229 527
824 97
315 448
580 476
359 492
738 226
272 509
18 708
260 537
887 570
356 533
115 186
454 142
647 207
351 786
444 477
635 399
487 281
572 404
534 711
737 457
496 495
756 904
481 413
467 683
657 559
860 955
663 790
941 5
235 27
942 374
153 407
673 600
451 150
911 185
952 454
860 599
919 642
632 121
558 353
317 578
305 58
488 358
696 256
845 640
384 545
421 885
48 243
382 652
113 870
845 45
828 107
294 966
478 99
8 662
500 148
742 959
749 551
219 350
574 836
522 572
66 912
947 594
12 628
498 137
202 653
569 79
667 211
704 199
574 774
891 740
74 416
815 95
156 908
448 207
128 717
936 905
59 295
2 182
832 297
915 935
857 424
267 217
305 366
418 71
336 324
706 264
391 173
862 720
684 752
591 804
464 152
688 589
475 667
845 78
866 392
461 325
817 34
305 278
52 915
521 806
150 414
957 774
11 689
448 885
893 904
348 470
831 358
367 515
476 355
85 267
565 678
451 26
142 962
807 425
772 349
22 857
205 23
910 914
547 884
548 78
525 973
371 141
945 110
857 695
839 436
2 188
496 646
479 659
261 39
923 300
47 618
195 319
116 172
130 687
64 961
746 229
857 593
790 945
538 60
915 683
887 131
544 299
737 148
760 680
747 287
605 895
732 105
748 527
453 408
58 72
866 269
740 249
138 829
143 763
822 237
186 545
747 812
246 657
190 238
250 137
105 906
659 226
791 725
791 940
884 370
831 341
341 569
485 676
452 41
306 908
20 693
682 80
425 543
794 476
726 452
585 958
291 656
734 217
536 565
649 653
857 562
735 431
652 171
165 548
920 8
613 848
72 767
533 777
191 61
131 467
691 179
590 837
777 867
465 609
485 57
68 87
343 512
622 704
84 902
389 585
505 657
308 450
534 90
248 771
227 681
561 758
379 709
289 96
878 904
403 232
738 592
151 773
61 306
924 606
102 390
891 811
283 815
730 342
588 920
878 891
114 70
388 771
460 944
879 552
876 360
459 805
83 657
139 675
302 365
197 527
326 23
963 117
523 147
969 180
364 928
573 554
519 231
795 870
153 423
889 442
211 729
639 599
312 181
791 153
23 324
797 519
101 138
360 268
933 173
898 65
114 464
594 509
362 419
695 708
84 52
529 97
253 587
604 853
91 138
411 879
369 698
795 895
527 539
217 139
648 566
760 464
579 30
372 768
157 353
288 799
19 490
594 500
575 737
762 405
213 501
698 54
202 716
45 679
764 480
89 40
500 794
559 633
599 107
530 558
826 28
419 873
576 581
646 216
260 291
226 66
532 151
220 209
407 535
871 537
397 711
683 303
667 899
300 611
30 410
860 418
110 627
312 219
517 103
866 331
101 340
266 686
634 923
861 143
334 892
696 816
769 113
555 23
345 905
36 861
99 1
684 251
777 98
789 811
799 560
213 104
738 194
132 437
692 687
506 85
454 712
776 869
248 874
797 86
501 376
434 169
148 452
475 540
665 728
354 794
190 492
320 603
835 300
875 901
198 907
313 474
763 389
304 89
397 330
920 267
75 903
282 248
931 354
955 217
18 803
20 67
3 791
7 376
63 314
268 914
205 202
925 316
360 13
3 738
436 629
491 191
326 577
20 161
97 196
578 810
688 379
342 961
492 828
883 181
168 377
280 406
374 282
80 933
483 515
158 41
126 535
124 534
628 972
406 477
906 538
10 96
943 613
178 523
457 411
738 124
61 265
357 690
925 309
543 890
436 636
127 24
63 590
616 751
413 860
106 478
261 489
826 480
422 479
406 816
88 525
54 668
730 247
107 191
342 241
180 212
754 209
534 590
804 786
533 693
693 167
519 917
405 277
712 533
436 39
80 720
784 40
867 144
912 972
967 878
147 592
721 256
266 943
893 684
329 242
420 31
594 702
665 278
656 490
565 288
492 80
935 764
423 734
582 54
204 975
303 773
154 634
236 440
961 266
580 127
394 188
839 297
783 923
201 800
966 941
354 680
563 411
51 175
701 487
331 239
190 806
283 695
693 948
175 397
843 709
334 941
741 339
9 61
377 603
781 338
286 389
239 90
747 571
43 327
2 266
761 686
696 63
536 115
828 702
888 807
423 716
504 229
215 244
676 890
787 857
339 149
56 7
116 33
80 706
959 378
108 862
18 648
594 683
578 133
889 976
459 872
561 537
174 110
765 281
967 8
572 690
928 686
564 319
819 859
421 896
578 933
514 496
198 105
131 928
958 482
526 347
720 665
99 763
941 950
837 223
655 311
130 702
26 770
84 169
764 110
140 331
184 202
462 837
415 336
819 732
193 589
892 806
514 817
454 755
590 319
791 735
209 811
940 646
34 192
70 313
964 585
389 290
190 24
108 820
713 494
58 189
741 472
442 172
191 845
106 116
661 690
702 6
831 540
80 838
577 188
229 720
508 874
754 369
828 578
20 621
631 351
338 559
501 97
263 262
182 867
288 460
334 275
131 6
255 5
60 490
975 928
890 892
341 511
144 26
45 289
692 345
755 900
312 602
814 90
947 64
714 640
20 16
705 182
191 883
360 43
52 353
318 200
314 574
439 768
791 495
81 812
246 412
212 292
430 136
787 786
93 669
139 278
657 341
347 453
260 436
816 588
157 678
493 726
712 675
235 510
237 14
52 933
829 209
645 515
285 751
382 759
680 106
94 630
213 754
198 720
387 118
135 652
708 561
654 216
127 150
471 565
836 578
885 337
575 638
209 155
319 737
621 417
396 660
717 67
38 75
149 60
193 581
966 440
677 678
89 901
265 667
17 667
252 793
594 627
519 383
391 317
637 378
827 462
721 138
599 674
225 266
508 161
127 834
207 816
615 436
602 667
487 175
548 904
661 188
133 404
818 915
233 196
325 583
897 350
517 925
510 613
146 273
184 473
631 384
335 548
393 741
929 513
401 786
184 19
557 227
544 846
253 588
894 171
325 793
714 69
898 537
317 442
869 309

927 2306
67 248
221 457
665 120
848 808
788 926
816 769
502 105
33 41
506 880
637 779
739 46
206 470
344 603
897 731
243 130
158 298
897 884
735 380
700 306
97 696
127 482
636 668
582 704
769 178
437 415
114 60
334 84
704 218
586 8
684 442
667 857
626 556
887 755
329 804
290 546
40 657
144 300
494 887
5 552
688 593
395 580
877 568
531 432
185 595
475 812
45 764
204 834
742 854
894 584
715 669
614 856
193 683
711 34
308 26
24 679
817 820
362 504
161 712
512 583
184 151
518 849
278 170
505 400
254 643
118 836
458 252
520 79
427 356
240 503
663 259
116 476
887 801
112 651
539 532
764 695
729 377
731 720
325 111
882 668
77 360
386 2
202 674
36 649
496 446
851 805
783 391
102 97
130 325
741 419
635 215
559 790
201 116
527 299
660 191
298 341
779 470
238 587
884 87
817 637
106 685
343 631
679 805
648 50
827 387
584 687
819 853
751 150
393 924
216 793
108 863
129 455
882 831
208 141
231 245
879 756
492 26
8 692
56 86
234 704
111 528
40 826
493 640
747 587
665 522
575 710
800 815
641 78
841 145
421 372
684 36
759 608
268 489
911 625
664 133
45 164
46 647
898 268
867 39
423 182
745 249
191 609
213 153
859 212
54 728
280 142
426 428
415 52
696 578
254 51
365 575
461 843
514 456
714 333
310 208
813 700
670 101
620 74
50 629
469 722
770 676
73 300
644 157
293 73
168 163
80 394
335 57
615 268
638 119
821 104
291 616
822 402
594 56
853 557
141 876
628 355
354 725
154 419
137 252
537 610
177 558
647 898
382 148
60 790
243 408
762 286
250 490
876 823
591 667
316 639
541 114
634 769
234 499
74 498
276 252
449 704
925 911
448 739
549 552
161 767
826 334
847 185
522 71
675 725
729 794
183 257
612 450
613 476
406 330
377 376
650 884
565 537
70 296
110 773
844 378
794 810
260 462
227 799
89 367
132 809
550 625
96 66
867 312
406 404
65 163
464 773
393 372
287 517
860 457
148 715
167 446
409 225
180 913
671 746
734 813
917 633
355 311
566 270
345 186
110 780
368 757
537 193
479 628
781 725
30 255
454 903
529 92
844 105
459 674
753 280
154 873
672 140
653 369
342 840
351 170
245 601
71 614
364 492
907 123
454 39
307 385
510 45
664 265
710 257
14 877
443 229
851 224
232 624
587 167
3 182
920 924
619 214
322 439
714 862
115 535
39 630
419 309
667 675
725 568
546 871
673 85
412 676
877 781
79 682
197 347
53 364
771 388
785 919
576 695
901 739
106 80
271 544
457 119
339 704
914 634
847 920
422 424
316 285
29 671
747 35
458 404
26 880
759 486
210 574
121 855
512 278
434 54
803 829
905 631
715 280
736 190
851 658
377 387
511 282
671 642
673 103
12 586
915 30
593 915
246 877
173 14
448 78
747 764
629 133
649 95
25 610
227 762
12 680
760 390
25 216
136 522
302 454
305 376
533 176
609 298
534 71
166 273
334 855
836 586
874 261
927 285
474 448
630 518
427 631
889 832
409 603
517 408
840 839
112 210
746 529
67 224
127 463
474 226
93 833
313 603
886 477
9 882
11 82
293 3
566 373
734 332
418 509
112 432
510 847
494 645
560 233
468 619
749 369
862 144
816 397
580 11
713 27
87 432
510 660
294 106
495 288
722 292
188 579
318 299
840 733
308 197
460 469
733 454
658 24
58 745
42 440
812 785
264 263
874 375
468 626
676 1
510 123
49 785
228 755
202 664
82 751
131 580
284 599
742 134
584 522
289 79
669 292
262 890
170 237
213 171
381 590
457 699
201 708
401 439
224 797
631 359
190 123
694 800
528 24
268 366
271 803
664 720
754 571
576 807
153 77
851 908
356 470
214 299
497 360
665 916
448 217
271 444
476 239
461 637
260 760
580 757
659 360
368 784
510 431
48 535
451 456
128 42
227 42
686 541
852 336
470 727
255 100
38 1
150 293
756 869
182 513
533 295
662 320
367 881
668 901
219 243
257 879
205 625
336 309
571 669
772 156
406 589
893 337
248 91
213 445
892 675
142 518
676 909
491 577
55 527
167 81
296 561
704 350
156 83
174 438
603 55
218 404
865 154
217 342
517 422
366 71
722 134
814 861
383 286
385 286
495 111
814 60
819 742
770 62
107 867
595 898
318 383
634 868
369 659
691 880
545 845
57 539
443 424
50 372
430 221
363 699
289 181
382 250
865 918
172 364
535 414
733 13
608 159
424 16
243 683
581 105
471 348
442 755
849 417
432 158
194 364
903 188
457 588
652 641
62 832
874 881
321 919
863 785
735 108
511 475
404 903
168 648
703 696
620 873
623 686
606 219
808 302
885 379
425 866
462 321
458 660
898 729
404 680
95 483
118 351
620 66
115 598
898 840
703 592
650 249
411 679
567 417
401 826
145 653
366 745
147 97
809 422
703 673
653 237
68 275
876 45
520 574
443 810
544 901
722 56
614 157
27 277
599 86
729 793
622 870
237 316
98 888
559 430
427 281
748 850
136 245
187 170
51 783
900 255
540 774
745 871
228 298
376 616
452 691
274 635
792 90
222 861
574 438
615 798
926 272
155 13
471 775
295 820
370 158
640 397
165 57
385 371
793 366
596 499
856 96
451 411
788 439
75 772
630 621
351 455
707 618
856 730
893 150
287 379
59 264
575 309
734 366
57 568
412 225
899 753
390 841
635 801
651 516
801 247
125 361
325 359
56 58
38 565
24 825
67 688
746 320
268 631
765 559
16 882
197 648
509 123
138 301
448 792
559 646
341 392
70 830
146 848
346 542
20 262
299 313
728 266
341 659
638 556
237 109
537 210
792 326
494 857
867 193
61 138
135 850
565 95
325 730
531 406
182 678
365 532
909 795
846 247
812 451
354 314
395 126
203 3
924 97
581 539
881 814
202 212
5 682
861 874
638 599
324 923
849 153
613 795
559 878
54 825
786 230
368 564
811 559
796 51
615 202
422 543
705 79
118 36
283 17
177 652
197 246
588 828
740 10
340 103
783 751
204 255
258 886
207 680
567 519
586 841
408 540
635 18
910 717
255 184
65 417
75 261
809 34
923 621
449 517
842 375
441 438
232 920
43 439
853 80
891 901
106 695
912 526
291 293
293 9
117 794
682 713
431 159
470 773
510 522
597 401
742 849
546 164
412 115
108 885
403 807
831 133
627 539
216 227
242 689
73 863
267 273
711 576
91 440
128 174
917 695
355 329
412 640
626 926
5 543
322 693
343 797
661 649
443 875
318 926
435 380
548 608
401 433
534 200
38 502
478 562
85 270
732 881
604 574
166 863
488 18
913 428
768 100
180 165
756 784
410 27
870 893
798 533
494 257
840 16
548 766
555 202
470 814
239 103
58 624
924 109
50 426
415 358
755 646
580 878
856 804
193 402
654 890
716 811
861 270
506 651
353 543
390 563
67 281
840 909
15 468
914 613
203 796
96 359
446 666
581 800
451 893
530 511
140 554
288 872
308 497
220 728
591 822
867 281
10 497
71 307
622 525
323 667
737 741
410 550
502 656
33 658
587 417
496 627
407 391
869 296
31 189
837 778
662 442
521 566
409 410
726 711
142 526
670 215
660 644
898 155
554 116
833 661
192 704
599 74
303 180
196 18
73 297
510 374
111 284
114 541
410 231
844 130
554 766
507 240
110 737
718 815
165 917
866 98
369 570
61 793
922 237
467 149
732 671
794 291
671 123
85 4
503 832
62 669
716 285
130 78
671 701
339 60
13 259
876 826
129 270
574 790
617 497
730 711
289 672
824 181
471 487
803 531
420 221
924 144
765 479
208 116
78 867
887 27
598 543
599 391
32 119
699 775
643 12
558 708
106 655
323 927
142 367
517 667
645 823
480 674
190 603
121 381
631 186
669 721
866 235
40 619
627 689
295 178
387 616
906 21
526 384
251 862
269 286
801 22
605 68
471 920
196 294
921 458
721 485
924 770
673 282
801 461
804 616
788 331
328 596
811 602
685 520
160 893
17 274
20 631
224 154
886 534
524 460
179 128
165 896
60 525
260 95
753 647
807 795
97 752
351 634
653 625
50 211
92 378
308 815
884 718
890 757
323 909
639 100
308 52
136 839
201 78
768 482
113 754
98 508
909 625
249 453
619 834
624 92
642 525
184 653
810 577
846 718
207 580
465 507
925 816
260 868
770 243
290 860
365 835
247 193
498 731
730 552
237 115
79 152
897 665
154 207
790 339
598 345
711 399
16 287
861 84
772 273
774 126
339 912
500 263
123 485
877 745
732 167
246 126
753 110
849 818
799 19
110 334
866 310
100 213
693 24
90 914
162 73
405 470
812 634
64 344
437 580
512 273
16 278
18 700
832 232
102 462
391 116
433 371
880 287
255 745
293 749
386 404
910 88
559 476
122 363
320 382
469 646
735 32
97 63
334 316
673 108
602 186
824 240
392 428
242 317
151 597
498 915
172 318
390 653
235 486
493 908
334 613
472 580
526 73
74 792
110 513
272 832
240 747
81 698
263 514
836 320
725 19
128 661
469 681
94 163
577 718
488 168
187 636
821 764
151 25
409 592
726 226
287 457
71 294
608 344
476 809
779 372
374 806
782 163
630 505
423 559
809 912
776 636
530 657
790 472
612 552
152 70
257 615
148 325
313 53
226 795
689 548
716 526
530 323
485 185
482 260
903 196
39 326
487 269
71 135
299 83
312 526
204 159
82 169
615 17
377 565
86 746
658 193
21 800
423 119
93 237
613 385
335 80
634 620
232 815
68 445
642 508
295 269
885 904
212 108
360 722
346 720
757 472
498 125
902 610
830 531
907 373
46 803
378 653
111 844
2 784
117 890
81 873
232 491
197 88
568 548
181 318
737 520
148 118
808 333
402 482
318 823
615 7
486 692
792 544
763 619
433 137
254 244
348 361
41 626
671 728
838 813
710 571
92 313
295 756
763 526
374 438
184 57
185 173
827 362
295 144
565 722
359 439
237 460
576 762
39 865
189 766
291 745
511 345
760 96
426 99
745 697
112 867
448 753
740 667
544 689
762 360
442 146
616 67
911 629
366 102
448 809
19 786
738 134
382 661
705 503
918 18
26 496
65 736
411 182
801 223
735 905
771 704
829 330
313 856
758 58
39 712
444 165
154 63
229 324
401 512
552 832
699 108
295 786
639 447
26 584
541 866
892 922
752 723
399 463
665 321
45 323
391 859
106 557
819 753
567 791
83 375
44 517
366 112
528 311
502 494
155 113
242 712
868 532
704 898
9 204
710 551
416 218
513 684
395 885
280 68
497 378
37 194
919 569
849 204
876 71
329 585
678 341
721 597
26 245
230 145
323 324
380 742
548 804
242 707
332 14
298 455
258 602
658 320
544 808
673 688
25 195
878 496
794 387
877 403
836 732
543 807
567 604
73 707
476 195
847 508
481 264
172 606
449 487
342 543
185 695
789 110
366 348
887 202
119 561
874 333
158 87
398 908
183 117
167 298
315 551
33 415
369 701
410 514
504 345
730 293
389 559
283 905
610 757
38 319
539 691
369 596
262 25
266 468
32 447
169 766
203 627
667 897
191 18
803 811
805 248
2 800
349 44
10 730
210 191
153 583
731 541
44 421
865 182
577 183
171 296
653 762
305 596
854 160
758 187
862 176
702 691
44 380
915 125
155 304
763 71
233 222
803 669
91 296
148 740
721 463
448 341
420 403
540 706
450 767
360 396
918 435
888 205
118 669
502 710
899 325
659 171
715 589
170 625
106 627
860 662
32 489
128 491
701 88
477 185
631 172
491 260
577 160
485 291
359 500
519 804
93 136
569 182
830 567
506 133
10 281
192 834
502 19
14 544
275 663
775 599
924 805
689 421
340 217
267 779
894 494
492 295
737 603
23 899
465 888
763 831
788 78
336 560
208 773
823 362
926 739
251 185
733 288
608 908
58 421
560 730
741 672
812 912
742 908
600 235
603 643
126 646
14 555
572 81
325 884
543 766
7 194
691 584
247 627
877 909
239 510
439 695
616 606
84 521
454 881
182 106
49 864
157 424
200 554
581 246
156 794
801 32
553 472
287 714
348 127
117 507
28 777
286 872
567 259
77 638
547 152
308 249
741 775
194 212
71 565
74 224
359 193
841 66
761 813
689 150
251 680
487 808
491 614
846 650
450 528
449 858
842 920
572 820
222 479
39 703
225 455
361 716
715 657
633 709
740 804
658 468
457 738
430 737
844 842
672 444
134 376
787 551
95 624
833 164
226 343
541 584
466 326
874 603
139 59
697 168
149 691
904 462
578 765
828 908
659 884
113 607
665 571
423 216
616 412
63 325
751 680
6 474
335 432
28 19
65 210
434 22
754 335
495 245
816 156
10 303
47 166
359 773
513 839
59 854
265 398
30 53
750 740
93 896
459 64
366 738
544 223
16 754
290 497
20 218
386 102
350 335
138 742
712 885
491 320
3 243
907 372
427 882
907 755
457 753
770 582
626 195
426 422
706 171
411 845
3 868
18 405
635 279
412 81
164 530
868 813
628 48
647 341
620 231
401 852
36 809
158 679
251 3
477 904
538 762
423 76
615 45
270 908
487 702
215 533
402 146
903 573
338 788
751 450
456 748
685 539
100 602
304 795
48 672
267 308
362 250
619 765
351 412
100 553
449 601
191 754
358 70
910 307
183 674
538 8
424 19
83 374
66 143
579 773
126 440
790 377
439 767
467 4
496 532
478 388
172 28
525 85
268 194
803 386
877 375
73 673
147 279
700 263
98 465
577 575
870 228
690 374
513 589
205 379
405 137
898 902
893 377
859 706
364 54
459 263
902 712
265 533
16 912
382 235
725 870
172 170
9 536
926 626
740 498
797 149
319 753
532 486
571 222
297 741
575 256
502 52
893 370
152 793
465 787
894 236
512 270
34 523
714 165
145 532
563 714
553 666
41 724
833 631
746 492
380 757
763 118
129 540
41 479
336 184
802 880
668 572
142 383
550 72
111 419
777 233
61 115
428 669
178 614
892 609
394 517
56 897
823 859
127 487
208 785
562 269
907 145
84 758
433 700
876 634
720 738
28 512
358 913
345 278
290 228
680 111
681 909
378 470
642 439
274 326
223 162
243 173
123 41
203 190
222 163
83 368
449 711
495 526
828 825
27 253
526 668
624 244
116 320
501 838
313 132
882 97
277 750
560 523
227 355
854 598
319 644
658 98
287 623
908 548
520 733
138 157
106 92
783 186
860 799
756 856
160 229
360 148
386 216
152 640
209 772
909 780
658 524
717 857
884 24
236 874
924 853
337 533
586 176
137 379
161 109
328 85
181 733
462 629
891 325
502 107
910 2
345 361
626 300
521 667
902 678
27 120
851 775
434 743
610 195
440 130
668 845
79 243
302 157
474 571
21 182
705 827
595 580
547 146
491 760
384 222
206 424
353 767
248 681
562 384
563 306
466 822
713 642
236 647
36 484
777 368
386 502
281 284
563 790
555 112
66 455
66 520
514 532
73 439
128 497
147 335
605 64
351 98
660 372
396 693
116 309
479 462
747 791
183 168
148 165
27 118
635 413
505 747
470 461
124 617
348 444
722 730
814 908
480 7
802 25
108 317
169 839
828 869
192 85
29 499
586 870
623 32
736 530
483 761
365 315
99 147
33 651
761 836
902 838
190 649
549 635
608 843
502 593
664 375
918 523
154 819
561 721
487 800
256 761
496 222
756 351
18 402
113 347
672 32
376 861
451 566
767 100
208 311
203 867
921 314
152 739
796 129
256 28
635 280
102 92
866 387
319 575
105 300
219 308
240 202
38 413
151 285
501 285
547 594
459 143
484 240
668 825
904 922
101 254
446 460
257 334
538 60
541 1
821 555
661 761
235 681
1 580
259 329
316 814
748 310
514 721
807 672
280 700
553 510
844 30
847 708
523 108
310 411
167 920
169 163
260 603
228 560
507 102
568 23
200 486
571 34
2 142
745 251
428 193
428 526
254 418
843 60
679 94
882 81
223 652
851 822
925 526
527 435
748 247
516 253
220 722
829 82
264 97
615 189
344 446
676 775
273 563
456 749
788 246
206 7
503 398
674 662
805 827
862 211
93 121
246 830
464 902
753 768
572 905
681 841
264 723
297 229
487 235
586 758
439 324
920 627
830 348
440 156
325 530
347 778
79 551
191 222
599 345
837 194
765 293
491 455
327 592
630 540
811 466
776 368
134 240
724 827
853 921
729 304
584 126
199 684
536 923
792 80
884 1
42 172
190 892
891 516
358 344
219 361
440 106
96 732
906 830
140 480
86 428
36 110
756 490
775 645
501 107
329 314
494 578
224 117
406 621
74 650
510 287
717 925
95 578
206 52
389 55
568 616
733 829
370 443
153 691
479 271
815 682
857 526
397 8
237 563
628 786
6 48
528 624
322 585
52 504
146 517
608 184
755 708
717 773
742 791
84 390
546 569
778 304
448 741
414 882
797 616
917 2
266 269
676 366
622 877
7 75
88 468
767 60
552 35
437 154
830 732
150 140
502 869
339 325
711 836
513 392
625 281
76 509
4 500
234 164
126 110
455 486
496 674
208 673
47 701
607 890
69 608
414 900
153 240
500 217
322 917
70 287
843 643
917 835
796 653
377 533
52 59
14 886
791 804
900 294
893 145
483 823
68 155
840 372
288 145
625 88
899 102
616 762
301 320
229 803
69 617
552 727
201 399
899 503
177 920
463 865
340 838
469 875
550 524
511 542
790 127
7 661
451 397
767 179
217 440
418 862
678 287
696 21
92 870
770 849
630 825
283 111
265 680
69 594
251 275
365 818
575 692
544 72
621 800
626 3
744 74
51 290
895 824
71 881
443 246
11 519
839 801
296 362
483 690
744 872
764 513
211 822
874 156
237 277
554 546
777 187
709 907
585 693
712 11
256 614
94 49
499 899
281 47
796 813
392 102
447 638
817 827
490 777
658 202
786 279
18 685
457 411
841 51
283 870
492 780
536 45
79 622
923 694
714 907
164 424
477 831
261 83
893 109
270 163
53 652
19 97
67 86
674 402
149 420
564 114
529 48
244 472
227 416
263 621
178 433
288 300
640 576
722 917
30 667
824 595
694 10
868 449
703 176
280 347
638 369
674 918
72 733
895 354
258 836
855 31
413 488
437 605
386 705
351 694
634 619
486 598
451 560
142 130
453 573
155 718
35 158
747 147
639 330
109 12
493 290
574 483
360 105
306 550
145 281
449 861
495 563
316 748
793 838
22 16
9 61
750 739
452 354
221 858
576 828
792 873
613 361
206 785
579 876
836 819
764 432
330 754
809 170
24 152
156 90
303 165
237 715
607 829
42 260
193 219
70 212
834 406
628 83
701 163
404 37
236 588
287 680
110 720
421 332
824 590
545 197
492 573
273 333
41 358
149 440
280 852
44 213
525 354
713 166
384 178
535 2
21 766
358 268
548 737
403 434
652 173
11 194
695 308
540 777
591 818
99 464
155 799
324 221
913 552
855 845
852 609
925 747
710 212
251 362
805 160
596 27
745 250
512 693
714 106
183 566
588 390
461 6
335 541
527 434
714 800
786 469
680 848
554 642
167 259
443 193
137 532
402 208
711 763
664 428
846 826
189 525
211 743
46 649
909 565
740 232
351 659
742 586
708 846
530 913
529 159
70 313
920 360
393 807
602 693
755 410
580 397
819 428
514 450
129 400
389 927
708 755
692 24
50 623
849 926
345 431
218 926
699 666
120 540
279 476
433 830
569 711
55 736
89 837
831 323
409 360
191 447
124 536
306 32
513 920
549 447
200 397
776 168
902 234
485 431
678 22
457 632
496 120
588 407
67 505
362 56
809 425
377 686
622 9
585 583
725 187
486 138
380 483
330 792
242 614
424 349
892 390
430 573
785 143
843 74
703 580
316 202
319 794
88 921
622 161
471 591
572 507
404 914
22 401
873 909
596 660
55 11
757 759
846 231
671 630
546 227
297 897
668 255
910 755
913 843
440 121
42 230
370 294
188 654
798 804
379 898
602 742
254 454
860 741
240 422
422 746
153 159
464 286
185 496
650 524
622 588
926 409
670 397
504 500
361 602
219 208
197 831
733 157
148 728
511 132
537 119
5 274
193 18
694 232
381 921
465 581
420 721
77 187
875 911
732 711
768 904
833 281
450 843
724 794
110 635
628 519
442 843
831 244
675 718
270 747
5 209
61 20
407 695
216 35
234 334
549 378
663 66
257 170
721 283
372 27
317 251
155 192
396 238
342 237
147 314
496 189
692 83
759 587
786 232
159 158
220 454
207 598
448 729
748 794
217 230
736 487
404 124
903 415
927 739
121 744
767 609
290 103
19 82
661 527
647 578
596 277
581 146
249 476
313 47
247 370

919 2307
311 36
864 121
330 240
259 353
503 448
51 195
551 235
754 446
4 894
331 742
758 350
150 916
637 509
340 664
36 177
754 68
844 659
537 778
633 324
135 513
799 101
177 609
109 358
522 23
62 690
873 652
531 210
400 304
897 22
492 78
300 870
857 635
513 38
149 903
179 221
894 803
788 546
533 412
438 570
80 289
78 812
601 308
158 894
894 761
398 744
679 681
811 528
847 315
596 696
697 12
788 256
510 881
703 663
317 601
710 613
821 179
326 452
111 471
645 779
760 369
764 841
317 799
453 853
669 912
375 772
46 796
605 786
255 649
481 143
191 589
784 565
855 143
749 467
420 660
112 314
25 490
188 882
316 319
450 584
515 139
183 578
433 109
377 117
160 40
360 106
395 406
567 617
87 564
623 486
667 191
200 578
510 21
609 311
741 903
421 452
376 25
450 579
435 736
76 124
131 36
355 632
376 136
121 894
656 182
895 196
115 344
25 576
119 352
16 499
762 274
201 614
441 317
615 225
448 846
801 80
50 731
723 270
777 516
490 104
54 889
643 377
590 453
520 513
833 749
317 383
466 570
602 31
402 722
28 101
728 595
768 698
311 758
343 443
787 865
807 456
492 119
759 318
805 185
9 737
692 501
837 689
287 656
555 829
868 857
463 658
762 42
190 563
708 162
842 808
348 540
21 218
646 445
667 21
902 587
65 792
692 11
433 191
841 266
277 843
461 511
45 309
485 62
826 407
238 708
95 782
385 731
832 269
135 452
801 518
87 79
697 418
330 86
683 614
280 233
65 216
415 772
439 739
578 685
357 342
236 323
552 770
241 197
207 66
866 576
465 42
363 694
736 881
143 715
22 61
728 884
102 816
196 352
825 222
57 401
350 404
243 689
690 903
794 300
761 252
745 346
140 750
252 107
56 198
239 757
300 484
781 850
817 665
729 463
750 532
465 188
798 876
765 660
586 262
624 354
371 195
633 148
815 51
780 247
839 258
841 97
21 672
616 640
800 455
285 235
18 636
168 742
80 632
890 748
101 136
178 736
622 720
36 723
556 89
439 552
708 119
358 696
127 227
377 753
911 291
111 778
366 6
385 82
577 371
284 250
125 442
71 34
895 60
243 51
46 530
135 884
76 916
614 428
389 215
873 57
691 478
308 534
276 341
406 634
816 322
229 174
278 542
591 229
319 486
445 831
599 474
50 537
897 589
779 609
616 797
835 532
362 662
275 168
850 310
909 420
692 788
549 909
487 786
532 701
278 658
314 452
373 49
449 864
232 197
711 727
490 422
756 664
27 249
545 687
363 321
349 516
441 333
191 252
269 237
514 201
254 462
885 739
671 376
821 689
310 768
114 330
686 170
836 456
694 369
328 405
869 790
919 462
207 135
561 12
45 243
525 30
446 825
898 509
121 493
706 296
181 324
738 290
794 112
70 521
42 230
720 555
7 402
265 349
470 221
808 382
721 130
481 211
369 711
802 751
414 519
148 912
742 410
320 596
120 433
785 65
418 256
403 790
266 771
430 61
656 588
498 622
686 295
618 57
266 146
802 800
327 421
860 603
758 908
590 372
223 373
704 93
20 154
463 881
335 556
203 302
75 258
662 90
80 45
430 910
790 437
665 266
97 277
560 907
399 400
159 528
255 847
623 458
734 246
276 487
810 558
423 554
651 181
387 394
640 572
866 199
224 218
665 548
667 856
499 135
814 25
467 708
319 815
360 351
413 203
185 737
818 375
786 758
15 728
696 498
147 336
184 710
497 736
847 192
480 402
745 394
512 106
576 247
685 427
281 336
564 438
12 91
506 119
571 793
368 695
752 162
96 832
336 149
468 626
190 366
771 344
113 392
337 637
156 215
582 672
586 786
35 104
716 63
75 385
203 84
22 358
502 437
175 844
509 18
308 886
295 443
501 264
909 273
712 360
605 642
343 431
384 94
648 5
214 216
691 562
211 521
529 262
288 404
328 150
497 526
844 236
299 884
379 805
602 235
290 507
66 274
152 396
14 39
108 326
811 579
54 499
241 661
96 549
746 86
488 463
732 5
436 762
19 9
8 171
335 213
158 476
149 913
190 518
835 847
895 274
649 124
379 683
54 897
187 381
309 434
841 803
347 848
719 774
144 786
144 487
584 575
669 853
106 535
699 358
909 51
421 790
905 481
431 91
237 706
621 860
641 617
430 452
130 677
387 741
446 506
909 397
231 609
555 387
590 461
703 795
705 168
622 784
97 152
357 145
675 882
786 49
914 122
807 190
8 241
227 455
264 804
610 329
614 892
62 66
651 92
397 796
71 351
836 674
519 662
98 475
700 647
635 694
282 335
857 171
821 768
320 230
879 660
510 674
759 84
568 33
587 463
632 62
832 512
687 792
916 285
355 400
180 878
471 531
662 729
826 526
245 97
403 237
574 388
170 381
209 206
896 768
254 789
438 460
794 227
484 855
527 285
785 300
515 71
419 122
865 30
731 802
222 909
262 41
835 332
799 263
345 216
702 619
741 564
904 776
154 721
376 172
892 711
846 778
365 488
857 665
269 368
736 11
422 397
903 444
651 242
743 189
678 722
74 363
884 290
479 197
64 141
497 795
296 645
280 255
407 281
135 323
854 697
252 688
109 548
574 552
831 524
758 612
728 567
801 455
14 20
381 602
808 58
755 341
719 268
631 446
207 493
671 681
875 585
90 899
622 728
532 139
146 442
516 410
528 318
318 691
407 539
871 541
582 143
824 73
718 778
648 706
637 32
694 304
713 221
159 909
793 738
630 65
853 750
513 793
716 256
147 7
387 235
654 175
200 667
755 762
408 873
541 391
338 99
174 261
657 583
34 424
804 719
750 210
201 790
612 215
249 75
504 445
56 884
827 585
187 251
217 154
145 803
628 649
429 32
583 116
913 136
148 899
864 761
370 760
556 743
646 182
761 326
281 396
248 488
717 489
296 634
135 532
60 117
375 766
582 264
565 192
472 636
146 824
128 408
115 622
557 401
606 557
186 629
706 344
126 12
272 816
573 40
60 528
793 498
909 38
358 564
823 111
560 434
428 245
855 229
762 209
386 720
550 683
722 602
689 789
637 482
124 192
255 501
590 631
76 406
832 374
320 597
335 727
781 760
655 35
9 494
493 902
888 589
504 673
709 673
213 348
550 339
20 887
555 337
60 849
749 840
376 400
268 755
94 165
403 397
885 17
868 127
525 555
178 269
35 236
346 833
179 765
5 82
687 522
158 746
87 15
179 653
116 112
108 346
856 300
603 671
810 357
23 746
213 866
609 659
42 756
117 907
850 863
762 13
666 128
741 7
610 911
582 606
632 21
851 680
598 148
621 887
195 899
15 505
346 375
533 193
38 810
700 41
531 775
251 424
110 375
480 59
340 543
841 387
735 364
178 799
794 782
518 855
763 418
386 663
644 307
743 678
656 183
177 351
197 916
381 215
455 913
389 616
106 133
803 899
74 426
755 71
349 319
539 762
393 912
356 876
218 845
117 121
601 670
857 690
159 179
787 305
308 257
588 518
679 857
406 873
233 779
832 549
545 487
733 432
897 127
422 455
336 319
668 80
582 512
879 523
735 461
274 860
41 164
86 766
587 775
458 266
846 804
276 767
852 606
670 459
394 846
401 535
628 626
93 676
630 874
649 204
531 758
201 757
457 323
679 408
75 547
80 225
106 247
451 7
271 494
93 464
847 763
61 178
660 64
146 7
646 600
809 361
584 329
641 467
515 83
640 542
310 747
560 632
133 98
355 539
302 272
230 627
618 616
802 198
785 457
342 621
610 584
521 566
867 725
174 645
108 234
222 870
332 341
472 112
127 400
129 79
185 410
95 763
853 6
407 767
364 85
865 600
865 3
540 651
225 599
191 752
655 234
306 90
643 361
476 27
459 117
874 553
835 805
105 378
288 123
169 168
629 695
778 57
366 451
12 292
521 838
318 524
612 528
11 814
798 660
485 182
568 256
10 614
383 668
594 845
243 380
7 769
726 44
671 302
585 22
694 526
188 525
428 617
67 187
811 631
913 869
553 864
202 484
2 713
773 806
903 13
85 776
532 134
438 779
538 678
723 628
726 180
239 798
369 225
276 555
206 134
318 273
467 620
730 881
107 719
586 765
95 577
744 319
117 756
353 707
64 538
27 712
891 287
230 465
432 280
490 617
591 231
399 876
327 259
511 456
738 284
9 515
503 521
400 853
115 749
824 840
273 295
76 653
168 576
187 236
669 854
217 724
489 607
401 493
808 59
683 467
704 918
122 20
175 441
776 818
554 241
133 208
584 437
470 371
276 454
701 611
29 69
836 363
86 323
235 647
881 137
57 132
262 725
33 243
587 564
787 909
2 431
720 83
722 513
563 242
145 512
609 59
538 444
82 93
706 305
583 849
732 634
555 365
659 644
272 540
769 882
40 689
724 562
672 552
160 733
213 845
231 546
704 442
271 348
279 509
737 232
156 675
675 917
306 445
608 773
240 303
294 443
331 399
406 447
845 196
247 377
467 191
433 371
750 272
186 828
499 718
696 129
623 115
115 542
405 366
831 395
560 267
753 833
661 515
656 448
904 861
744 540
342 30
698 914
492 181
76 495
683 273
574 911
352 218
316 907
836 209
144 540
903 523
886 449
299 620
744 219
587 401
186 670
388 209
733 396
523 861
726 371
13 135
89 916
346 266
842 695
916 772
316 531
477 390
726 663
74 6
257 209
595 15
179 439
159 222
553 76
807 820
222 801
393 399
749 485
695 169
860 898
616 422
293 325
149 310
81 32
253 652
542 198
176 625
359 480
731 27
115 187
857 417
34 856
623 142
146 203
20 283
615 335
818 857
713 342
30 873
738 886
484 767
865 856
633 799
126 356
486 350
905 770
734 682
555 763
497 631
559 496
88 617
451 591
430 625
235 849
570 698
536 145
168 672
657 214
469 464
444 890
570 71
36 162
404 846
794 527
347 649
763 308
873 577
105 148
513 506
517 56
665 167
851 140
229 694
875 754
851 882
627 424
648 184
193 560
592 635
807 101
661 874
206 302
405 838
579 218
908 22
88 543
360 772
378 623
750 732
469 788
118 554
492 257
628 259
424 737
724 798
286 860
269 914
551 497
609 541
793 470
172 424
230 868
604 427
630 56
484 377
716 329
423 789
636 16
270 184
94 476
76 127
775 831
137 895
100 885
429 820
449 95
790 343
612 339
868 370
67 820
177 898
732 546
736 106
103 459
332 234
480 296
380 817
549 165
501 845
533 76
701 16
844 341
138 196
520 659
393 18
360 91
816 860
554 40
572 735
51 385
497 166
340 779
237 593
560 633
541 100
659 562
735 306
866 104
83 827
90 651
472 194
513 636
219 488
493 852
846 823
97 321
778 584
565 853
571 626
844 505
775 414
213 721
694 746
368 145
774 708
507 332
731 616
143 211
263 872
433 657
416 508
770 893
53 879
496 255
69 217
477 761
797 560
617 359
177 371
602 891
289 793
44 482
845 761
373 484
717 458
899 251
905 155
196 549
614 599
449 778
800 451
910 738
214 613
664 311
575 35
126 623
420 197
297 29
687 714
852 381
402 207
625 781
901 232
703 897
64 539
429 162
467 19
503 849
72 54
325 397
560 352
210 787
744 658
750 546
344 629
386 829
738 838
373 576
725 214
585 611
359 376
609 40
225 295
870 588
270 476
55 447
75 810
431 6
342 165
309 837
473 820
898 495
275 55
117 818
170 841
101 739
657 691
909 226
910 208
202 819
650 303
732 370
301 114
194 428
820 136
415 254
475 259
169 679
16 706
171 110
601 725
532 602
203 484
496 703
794 695
122 28
763 285
133 766
136 608
569 734
811 674
481 484
763 71
44 586
643 519
329 184
174 440
225 418
375 656
84 611
289 845
435 516
75 214
330 338
332 613
137 657
508 166
81 617
29 820
160 589
876 472
550 468
347 145
441 417
222 165
385 701
150 267
745 910
836 894
47 442
906 100
736 186
614 618
660 549
755 298
846 919
244 718
830 646
393 736
31 680
798 677
730 682
127 128
610 625
294 68
711 269
329 417
734 694
491 512
113 184
645 175
5 181
345 695
642 646
336 350
402 50
184 897
207 773
704 701
193 885
617 432
452 403
129 493
292 879
686 802
465 898
465 341
798 401
837 437
88 151
805 321
779 296
811 237
830 347
176 714
66 722
840 545
291 596
794 651
687 265
88 64
213 658
549 360
256 635
194 829
438 104
521 50
372 228
749 8
844 621
134 670
853 649
909 626
422 464
334 861
229 31
822 763
180 34
200 672
775 723
564 659
232 156
695 327
604 773
756 780
389 496
852 248
716 824
293 431
404 617
275 526
725 218
727 408
461 756
487 579
700 766
5 652
727 265
655 139
53 293
54 221
132 639
155 822
834 487
301 65
180 355
568 892
651 794
853 869
34 335
625 443
441 311
246 535
420 813
901 532
863 371
139 655
216 469
516 7
390 796
355 449
121 889
485 248
783 555
56 580
815 784
566 162
792 592
242 657
163 775
457 344
471 100
27 90
291 485
292 906
353 249
8 119
279 209
691 145
395 387
713 156
570 168
835 196
257 471
448 12
285 481
124 335
638 618
258 97
660 776
241 493
156 63
689 891
289 410
346 96
38 618
19 676
683 355
63 630
891 638
602 394
18 883
694 865
716 745
498 901
350 571
774 740
448 857
306 676
678 693
38 281
890 699
449 576
589 301
221 178
44 314
282 150
728 122
123 461
56 845
829 281
387 900
284 146
103 821
823 490
55 459
404 532
192 294
855 730
14 430
572 492
165 2
332 104
264 301
581 784
324 271
372 531
262 534
798 740
144 717
500 8
910 77
677 819
218 613
479 756
312 19
68 384
273 710
56 178
375 675
403 634
647 728
539 415
484 826
864 771
831 650
217 18
492 236
899 11
39 761
761 589
118 338
318 511
788 251
917 627
774 804
151 709
761 113
101 752
197 45
752 151
609 360
707 720
58 276
494 510
150 657
380 655
731 657
113 154
685 42
618 680
432 208
839 399
897 58
808 5
661 380
94 194
169 41
314 471
838 888
832 278
728 796
517 531
43 148
261 341
176 601
803 805
275 530
365 695
833 186
615 795
544 435
543 720
475 43
37 864
315 841
907 525
815 831
28 354
56 54
794 402
779 903
445 220
504 498
842 883
888 675
655 413
355 796
779 475
853 747
824 813
140 663
34 142
378 317
642 881
290 858
733 202
349 735
327 8
474 488
793 372
239 823
629 379
425 136
834 651
191 465
616 513
857 832
624 85
273 279
339 425
286 224
131 331
675 349
69 54
170 722
881 462
592 562
135 847
427 414
193 311
504 501
408 738
29 194
546 581
397 896
420 73
465 491
446 87
375 258
177 319
535 666
902 687
748 175
197 10
549 357
143 66
239 62
314 822
439 520
81 609
100 762
233 318
379 331
809 755
111 112
21 344
541 519
357 837
342 428
426 590
282 113
885 21
354 18
893 554
343 116
714 46
476 883
773 667
297 677
862 678
90 728
348 683
729 413
400 746
818 634
911 141
117 19
451 150
826 796
223 698
180 102
812 609
814 464
817 829
529 416
167 203
808 660
619 793
198 467
532 90
476 721
845 45
133 550
857 717
713 651
866 216
518 561
542 813
209 498
657 648
476 503
722 730
248 67
440 424
598 807
216 375
508 58
843 377
644 581
277 46
210 694
246 343
191 498
84 536
267 72
491 163
497 849
99 732
465 471
394 93
214 255
234 284
470 85
106 716
342 147
336 467
299 883
377 119
565 718
805 37
24 444
686 205
865 481
691 719
288 639
616 270
873 475
87 380
21 419
281 462
106 349
684 824
732 441
479 158
919 197
392 460
691 679
47 510
235 547
95 632
463 110
863 729
361 160
767 109
354 388
9 762
211 530
233 513
590 601
351 908
911 452
681 556
295 905
630 20
355 131
446 867
270 359
730 725
143 330
1 15
562 95
765 282
697 42
629 896
298 746
150 539
482 574
800 813
690 516
695 736
444 614
142 544
15 312
536 465
206 216
869 621
120 740
798 508
157 87
164 610
146 149
238 34
116 272
869 452
781 493
587 543
622 825
436 1
78 634
796 238
27 670
731 284
914 746
312 329
257 603
372 533
257 14
782 856
77 389
739 349
817 78
550 210
874 882
486 628
242 743
694 744
368 718
351 874
616 505
732 413
666 649
248 771
63 376
266 385
69 763
802 79
646 531
757 308
722 835
429 174
770 795
364 56
646 247
775 639
858 160
49 411
250 51
124 742
421 795
401 837
351 388
388 146
562 654
655 513
821 297
41 306
794 627
337 591
714 369
499 436
393 624
395 430
215 289
560 213
274 916
370 266
280 617
300 916
33 237
346 714
861 213
809 426
331 279
498 422
1 772
664 574
628 375
663 304
859 462
377 755
124 451
752 417
911 587
715 378
183 800
95 578
830 196
16 459
895 125
514 441
700 882
384 729
832 504
872 607
247 436
252 494
328 785
681 787
846 119
406 318
86 696
694 59
419 244
518 245
479 86
896 424
74 700
439 709
636 727
423 433
324 78
440 120
650 769
208 569
262 140
211 33
782 424
17 101
842 197
400 816
57 318
556 749
498 472
885 540
462 824
183 263
327 394
171 511
5 386
25 298
506 558
196 489
169 348
406 19
178 841
432 532
568 449
40 890
19 830
131 792
379 114
507 620
130 810
644 602
208 309
614 344
597 496
175 133
620 841
703 809
799 560
397 337
56 707
113 889
667 521
32 150
438 891
23 706
305 473
569 47
75 748
96 627
409 477
82 269
212 22
186 631
809 92
535 588
674 550
879 698
347 759
318 590
905 706
270 294
145 130
577 135
139 876
856 458
237 98
122 536
186 439
885 188
851 45
335 288
104 428
625 855
246 323
139 903
784 773
453 102
772 401
518 693
479 780
551 85
514 293
509 335
381 634
332 917
99 866
234 435
859 275
771 754
594 467
335 868
695 830
757 725
166 509
490 216
664 885
798 573
584 468
2 217
633 899
745 729
89 625
19 423
439 61
189 107
86 491
656 666
88 439
58 339
559 717
194 73
751 816
791 564
304 918
63 685
299 718
85 550
911 272
549 61
777 852
506 771
162 471
717 242
424 262
564 416
123 189
814 909
428 261
345 20
204 348
117 115
355 38
36 388
790 304
224 359
835 550
766 723
219 572
200 602
14 528
265 74
776 621
317 424
610 64
691 560
270 919
451 449
343 727
328 148
116 467
49 733
281 503
893 895
256 181
220 638
407 349
492 317
880 309
290 364
883 224
343 426
327 300
59 220
116 427
661 114
631 275
319 681
568 773
273 769
825 300
206 640
466 136
181 876
307 222
146 727
563 289
619 156
251 902
163 498
271 125
67 421
627 68
349 308
742 309
173 102
304 155
720 344
367 336
22 373
831 737
251 814
694 315
734 642
794 136
740 311
781 808
670 606
711 555
234 374
129 226
413 277
803 382
215 681
73 541
634 870
620 904
798 523
195 415
913 291
416 773
663 70
153 777
88 584
18 271
426 403
129 686
5 750
744 115
178 146
753 607
679 215
703 774
443 193
100 297
172 846
204 447
97 211
886 413
562 511
305 878
675 123
146 141
313 403
499 199
619 572
419 834
397 28
519 320
668 775
444 390
724 635
728 777
788 611
720 446
20 447
42 19
688 220
664 408
715 914
147 129
758 163
545 278
468 309
453 39
454 191
861 277
313 218
885 36
836 53
426 401
778 202
906 903
402 678
662 7
367 263
98 536
834 110
782 811
861 511
753 649
828 746
276 671
613 722
100 430
471 581
508 865
678 589
789 442
19 810
331 185
685 501
775 393
465 594
382 487
327 262
458 700
486 758
431 292
604 378
735 298
76 456
398 135
820 52
198 831
752 555
345 76
256 358
610 13
439 341
350 272
249 711
255 326
57 561
477 179
6 252
214 36
198 162
916 296
441 648
353 331
9 76
158 641
110 307
572 919
215 321
841 549
110 162
684 328
377 356
603 111
163 843
18 625
274 314
805 172
478 42
298 123
596 70
9 228
180 777
363 230
862 204
534 313
555 17
24 637
684 110
667 430
864 810
774 123
137 326
818 298
256 697
168 587
705 305
513 25
164 437
551 267
796 82
617 320
17 93
916 875
669 471
742 183
432 409
470 874
624 397
456 495
148 880
494 92
885 661
889 484
890 474
28 490
104 331
530 654
488 85
659 795
588 37
365 679
629 656
405 171
689 80
429 575
651 98
303 90
175 785
808 472
491 676
350 67
646 197
761 19
28 648
187 41
885 749
889 746
284 626
849 459
287 71
898 484
99 488
728 313
784 716
254 615
256 322
673 588
102 555
758 327
405 805
289 820
437 687
350 896
316 93
524 538
227 362
565 744
344 142
480 752
11 518

805 1103
156 549
183 112
580 200
265 418
117 385
370 773
541 575
162 216
650 57
160 533
694 356
71 259
68 309
645 115
377 22
92 327
690 204
528 273
146 685
497 403
263 655
259 301
125 201
44 199
694 662
571 300
509 254
341 479
264 541
747 635
420 437
291 710
35 357
457 166
802 533
175 282
257 610
380 613
92 316
594 355
545 588
395 135
273 10
366 793
255 431
484 379
446 694
73 233
38 315
182 105
152 589
350 165
357 667
163 620
258 453
47 592
609 705
331 493
639 188
668 690
380 171
776 780
137 469
534 177
239 96
136 330
270 742
250 104
689 795
506 198
411 246
226 737
55 143
151 421
264 653
657 45
93 488
530 165
397 410
149 573
602 103
601 203
179 366
710 699
383 200
520 368
179 30
760 600
248 690
677 697
375 440
159 336
72 74
707 638
791 73
632 130
547 388
25 655
175 484
400 750
776 347
382 201
648 271
61 326
786 151
68 775
75 651
101 528
585 269
247 168
213 419
624 416
592 244
783 258
651 356
757 332
798 694
195 59
239 27
238 511
335 322
740 402
169 515
688 573
590 568
568 271
682 796
722 236
49 323
190 479
325 22
634 16
557 63
324 666
344 523
179 424
336 139
28 318
349 787
135 705
313 562
677 370
403 13
102 437
448 780
343 148
392 147
474 772
695 570
770 290
162 655
292 546
370 318
393 25
253 368
238 689
344 512
480 332
165 715
305 714
225 48
12 765
573 598
702 74
574 557
454 214
798 403
334 278
696 603
21 147
713 387
435 188
695 435
159 772
573 724
232 74
349 513
254 401
795 329
35 291
428 10
229 488
800 188
27 384
630 436
757 308
109 319
40 461
27 283
272 671
388 229
257 365
429 355
670 680
127 410
672 486
314 732
335 189
179 355
727 97
231 252
580 693
631 761
570 172
175 736
67 549
267 423
544 379
393 163
446 271
79 3
539 244
511 561
774 480
483 456
727 526
621 594
475 318
559 196
146 648
451 154
377 611
801 193
44 597
690 510
116 790
44 762
218 579
583 423
46 269
745 386
212 201
25 130
593 237
399 101
709 514
108 22
660 283
465 249
588 244
131 684
443 731
277 630
500 514
116 564
264 661
28 319
563 69
328 286
572 355
520 135
522 151
161 687
402 714
464 460
695 708
528 801
38 201
335 216
43 158
374 630
370 43
630 81
179 145
52 641
224 775
14 731
267 186
108 561
434 710
700 290
82 799
668 321
469 45
302 86
43 785
787 319
420 421
487 130
605 426
618 780
361 540
307 632
302 268
701 119
290 803
803 435
266 736
342 682
655 418
801 352
718 797
70 78
436 252
397 482
624 516
704 505
645 268
342 431
770 737
442 191
396 575
593 758
548 22
631 641
267 56
660 786
552 346
155 54
588 628
2 276
655 705
657 309
487 286
502 274
439 448
361 465
8 348
658 478
229 126
65 421
400 632
722 67
660 99
406 237
277 731
111 707
666 790
625 446
129 559
747 11
350 557
311 460
674 280
173 299
376 53
786 84
264 141
184 210
690 453
369 234
563 580
371 250
639 537
8 134
247 564
503 686
428 276
248 535
57 2
590 148
688 632
358 561
23 562
210 197
364 149
28 114
87 606
43 281
444 305
50 620
255 72
38 6
45 57
757 573
740 74
240 566
131 681
383 24
729 594
188 26
800 259
184 106
211 286
555 289
306 566
634 340
282 289
165 235
38 107
765 105
264 11
504 656
609 334
423 551
474 386
325 622
40 190
372 412
397 573
122 81
154 426
168 561
521 101
243 769
324 175
510 416
683 167
701 15
70 135
262 392
572 425
339 398
528 89
604 524
137 209
521 307
325 154
636 327
459 432
166 368
684 99
18 412
32 310
184 285
433 588
60 779
290 754
247 589
183 66
245 195
50 135
525 615
805 283
83 590
257 700
695 710
422 478
605 772
697 316
652 168
215 436
349 60
120 72
796 721
685 13
343 355
127 772
673 240
315 390
609 243
611 19
737 615
122 336
530 565
197 386
400 487
413 294
451 280
717 309
111 2
588 258
137 610
180 354
152 204
128 116
98 426
65 549
666 421
366 762
99 764
119 698
4 376
511 35
521 627
804 606
188 438
288 22
709 676
731 398
82 384
367 276
572 313
165 231
733 437
391 480
637 758
165 697
277 676
346 74
774 155
179 55
598 705
167 104
443 498
390 627
717 419
543 580
427 607
234 171
248 464
57 704
763 663
123 133
300 330
391 214
49 59
738 155
518 624
647 130
508 632
333 42
782 237
257 214
251 635
320 591
634 794
184 273
219 217
125 362
660 103
280 431
650 220
245 35
108 351
164 22
548 291
77 382
230 275
195 565
407 741
703 610
320 404
327 140
333 377
660 769
357 371
146 223
434 221
74 734
454 152
524 682
789 487
668 441
287 575
103 354
770 503
79 791
775 282
805 395
534 140
148 575
763 213
646 352
499 779
627 121
266 475
83 310
448 201
561 80
327 318
65 579
612 515
2 41
342 564
674 63
312 229
339 730
17 299
27 492
602 348
422 117
99 565
356 653
550 20
182 425
601 766
411 386
187 681
300 425
690 569
582 30
314 408
40 784
169 590
399 279
437 192
102 774
629 604
727 360
129 82
350 529
364 164
726 573
353 365
800 734
383 606
729 99
18 532
548 768
490 351
577 259
248 554
399 162
782 57
700 521
175 406
459 611
280 569
17 693
362 565
795 190
407 385
685 11
268 558
624 37
599 447
620 155
337 743
380 797
52 802
725 283
222 663
330 597
722 445
164 301
363 474
755 441
776 764
77 309
484 80
29 294
600 336
374 119
535 415
640 258
87 766
275 165
114 777
258 216
712 235
97 224
76 585
545 705
519 514
84 301
668 533
206 396
774 562
366 37
227 13
626 207
637 561
362 13
745 720
644 379
180 30
441 736
49 515
753 345
573 568
763 488
142 328
690 193
619 402
94 780
288 699
218 635
256 495
18 792
377 792
787 123
619 96
187 104
159 280
66 524
551 540
299 565
371 416
84 114
599 647
623 492
28 202
138 5
695 607
184 103
729 109
259 458
661 183
585 796
47 43
69 431
592 629
449 681
757 6
722 232
480 643
711 169
27 643
550 19
7 771
80 648
133 362
766 512
53 736
89 223
790 507
388 274
230 607
76 294
470 744
432 622
663 216
413 336
241 242
124 415
122 718
700 606
473 68
185 594
118 401
205 250
677 653
597 269
412 725
241 362
100 423
241 67
588 670
668 795
18 415
442 528
657 368
125 15
32 418
65 745
293 670
530 653
717 154
270 432
584 151
767 715
62 803
778 795
51 484
222 648
113 319
161 72
44 452
664 46
454 493
28 288
461 158
395 178
402 154
602 109
660 315
83 307
557 86
265 653
517 356
300 786
317 562
791 554
212 419
725 728
137 213
195 20
801 721
393 604
77 117
687 763
629 580
620 382
360 199
77 276
793 227
595 372
15 719
520 256
71 697
168 429
451 99
142 633
8 640
715 566
581 493
339 24
493 797
773 288
712 422
334 73
274 641
397 235
363 746
391 669
428 347
331 64
277 641
62 745
581 391
746 19
165 525
110 589
792 682
393 623
498 289
631 730
539 328
522 384
97 417
390 644
351 93
524 654
264 215
665 606
232 22
312 261
109 155
789 335
153 705
257 573
505 386
650 299
414 409
443 105
646 261
726 190
662 163
663 19
17 710
104 322
468 803
162 192
578 213
583 68
49 35
507 318
127 228
273 662
50 533
280 149
640 152
725 485
789 14
798 652
778 37
609 214
182 468
150 172
442 458
377 176
174 294
373 702
573 641
152 227
171 705
229 475
218 80
324 481
372 155
173 459
307 648
679 387
205 535
334 434
396 487
315 633
671 22
498 273
785 447
226 311
246 457
749 231
127 471
51 630
222 505
612 276
459 784
298 520
700 164
161 508
28 299
428 704
268 378
620 743
230 714
197 562
582 192
12 766
125 299
774 426
767 667
552 632
153 65
114 201
32 772
604 337
75 275
511 646
469 719
136 290
93 243
226 351
600 316
232 666
411 7
421 271
283 427
215 6
253 335
277 690
443 662
593 178
222 513
183 773
783 760
602 116
557 398
182 527
511 624
78 167
656 627
467 46
695 393
622 682
164 441
346 231
543 725
770 465
393 743
290 669
128 72
763 551
502 635
555 447
563 379
56 644
787 217
392 797
50 737
393 548
175 564
446 251
609 766
218 441
184 258
647 579
570 501
394 797
627 252
752 586
348 491
800 464
122 221
137 496
519 430
670 394
797 440
80 244
772 130
674 165
333 533
597 440
584 676
247 243
203 394
1 675
712 173
410 513
449 183
285 553
302 158
127 432
82 740
284 680
738 160
464 603
29 463
89 686
760 425
23 492
726 796
95 53
305 430
524 213
602 650
545 184
179 770
194 617
103 507
719 638
803 385
458 147
188 22
380 386
766 773
413 537
77 606
321 768
474 57
722 778
740 71
278 426
173 525
493 227
522 775
14 759
127 549
483 585
530 689
595 651
673 690
786 144
146 115
669 569
514 613
594 523
332 54
225 84
141 523
226 391
361 525
79 653
87 720
773 523
694 716
364 172
669 758
751 420
673 72
264 616
502 276
101 53
631 132
226 499
211 289
588 214
547 163
548 637
554 524
264 472
469 693
209 615
401 286
640 114
343 258
27 647
211 537
121 802
757 44
658 779
203 307
556 99
401 175
397 534
547 524
16 350
528 291
555 105
712 298
14 13
35 373
611 328
163 80
138 46
396 618
783 548
528 142
339 197
253 69
550 366
328 569
157 463
650 689
84 536
204 77
253 628
407 87
754 743
266 718
775 447
487 715
222 377
118 106
580 193
158 233
703 202
786 636
518 691
760 744
268 762
179 192
1 680
442 382
257 596
804 310
677 563
453 507
186 166
314 83
176 485
602 11
310 438
778 301
432 744
170 643
17 661
151 591
62 126
726 193
759 109
61 528

831 951
154 24
437 762
209 41
698 769
637 638
588 144
170 287
434 689
32 44
346 75
675 51
625 218
768 53
32 739
709 727
686 264
509 477
239 91
583 413
316 561
170 48
692 179
607 260
274 550
672 34
589 104
450 376
576 35
583 802
245 212
808 536
649 65
241 220
767 793
315 793
120 250
483 797
637 299
688 65
136 647
391 433
713 402
438 162
761 743
760 277
55 638
172 500
488 322
487 314
67 260
284 201
576 818
427 599
702 497
492 100
662 750
452 508
757 75
345 437
43 626
57 141
120 309
670 405
317 774
88 701
259 419
43 510
417 567
52 597
464 29
40 544
149 573
701 96
488 276
586 536
308 39
252 723
156 571
302 250
4 596
501 696
564 15
466 65
627 307
801 226
193 459
772 9
803 77
427 180
227 298
629 535
589 237
375 398
497 22
728 354
613 635
629 561
241 720
405 371
187 214
423 532
27 279
625 476
118 497
385 571
580 113
461 805
165 760
763 816
700 244
437 112
534 55
436 463
221 58
785 573
99 805
830 187
831 277
23 432
563 231
716 377
541 342
659 80
362 277
390 706
487 433
761 630
584 399
644 381
48 742
797 50
704 314
611 431
584 673
517 419
428 487
750 18
125 288
524 518
570 200
540 724
583 106
506 202
700 122
593 539
202 809
610 348
390 83
593 326
290 457
226 809
541 745
147 548
778 396
806 633
368 597
667 619
271 658
366 739
301 233
436 145
116 398
239 474
267 269
104 111
709 580
35 84
768 170
298 51
320 251
134 578
8 7
602 490
76 124
520 197
160 450
317 41
774 477
134 733
152 689
70 508
821 450
39 146
549 372
514 829
300 113
752 818
423 170
788 549
755 225
233 785
26 175
332 546
421 676
152 742
130 691
601 305
710 253
191 112
68 100
54 495
555 342
42 303
662 306
788 617
493 560
546 793
796 154
645 385
422 113
8 724
308 66
671 674
751 269
79 536
803 739
689 22
645 71
796 777
131 619
157 171
434 531
689 793
45 511
796 750
415 828
407 36
278 633
143 821
829 18
136 289
674 680
631 182
316 476
726 421
425 554
568 33
443 100
829 728
597 587
602 97
437 707
52 431
6 250
684 314
135 326
139 252
223 687
501 296
29 747
590 815
283 555
171 575
291 304
351 638
98 164
319 577
123 320
618 542
438 530
392 822
209 672
449 366
653 624
661 649
68 537
28 739
436 680
79 595
753 498
531 760
290 797
581 778
332 251
814 279
462 409
11 700
135 690
360 585
306 111
777 112
25 82
36 194
183 678
224 98
404 411
307 104
678 612
139 203
18 185
5 198
558 164
765 171
686 539
413 289
590 282
136 61
55 250
353 477
29 430
219 739
434 704
583 245
297 14
817 444
544 25
469 129
209 478
361 233
668 45
546 138
587 641
513 263
81 451
291 711
134 433
223 53
98 507
281 567
582 797
639 612
415 622
192 806
364 255
165 567
676 630
604 109
547 442
551 253
386 443
545 628
109 825
495 439
722 738
403 826
207 661
653 218
237 549
756 455
821 767
43 372
566 744
556 16
639 789
576 221
807 2
20 759
664 200
432 138
393 726
814 173
364 216
590 108
748 703
692 812
178 435
673 28
471 731
584 23
203 292
35 634
130 135
9 704
643 406
466 568
646 416
466 283
661 541
241 20
119 212
229 505
3 137
392 477
626 348
437 236
275 257
821 499
569 394
143 342
617 475
685 226
804 6
60 180
416 441
203 322
568 122
173 49
324 503
469 703
355 700
293 214
538 379
243 193
829 773
590 779
530 813
222 826
438 196
603 504
434 34
282 771
171 566
518 793
73 437
446 632
611 773
377 573
514 221
207 821
661 773
222 3
132 369
775 173
32 333
550 537
728 472
588 656
348 73
106 676
628 622
125 156
609 771
459 228
336 292
68 719
493 207
492 499
644 77
466 499
517 320
244 226
301 41
162 453
646 400
34 17
538 792
366 234
667 692
152 529
460 806
116 810
662 674
110 239
321 265
364 745
116 208
564 77
748 133
338 237
231 431
570 680
289 794
659 135
90 828
292 288
71 313
132 269
686 371
103 805
565 421
227 48
353 384
319 85
356 801
317 37
682 171
263 169
517 329
251 217
670 529
509 328
168 352
642 247
34 141
304 352
33 806
126 211
139 396
391 631
389 72
796 536
252 91
406 104
99 529
549 176
70 678
183 169
710 537
206 250
159 89
544 741
737 479
266 611
380 818
326 402
206 432
5 44
675 93
608 589
259 94
354 746
682 47
95 461
807 112
658 433
546 440
581 540
575 415
481 747
218 724
830 309
677 6
454 828
642 597
686 88
285 396
625 707
74 475
725 290
678 432
79 826
154 420
206 74
728 637
33 219
316 799
317 416
306 400
565 799
224 192
276 133
432 523
241 752
607 725
308 113
103 259
799 456
241 341
714 202
290 803
681 656
40 296
238 800
309 305
614 239
782 145
327 826
276 757
792 236
584 533
415 209
796 117
198 450
95 122
460 336
493 342
558 101
303 683
647 201
174 516
679 490
371 366
798 309
52 13
524 734
123 805
784 819
145 160
386 44
567 595
615 629
50 652
677 521
712 182
604 311
339 142
290 500
195 754
495 317
94 208
438 321
675 696
253 24
103 742
781 529
95 559
392 543
118 558
334 539
55 160
8 658
447 522
587 397
592 687
587 805
126 419
472 262
665 376
271 373
324 433
653 353
804 666
370 283
686 687
18 63
7 523
439 658
336 746
261 158
292 621
267 517
73 51
560 780
406 533
148 295
492 453
125 353
221 716
531 409
714 562
178 476
105 82
245 305
621 244
705 811
99 676
608 23
798 123
8 46
591 342
366 144
83 48
556 121
163 449
491 828
664 783
334 70
728 525
404 403
514 738
59 511
167 445
220 738
51 432
745 53
667 18
210 667
568 143
467 407
631 144
491 255
753 44
166 209
692 112
709 669
468 205
777 224
810 94
715 104
729 581
423 326
179 676
701 181
139 829
527 605
606 630
93 603
725 750
404 410
233 244
412 831
704 525
749 805
686 397
560 545
320 432
768 78
2 440
266 802
615 311
44 803
488 761
274 791
807 181
540 305
99 813
186 413
405 450
551 324
660 380
283 203
150 413
51 343
598 226
540 76
331 806
157 731
714 127
675 186
175 534
312 456
435 262
598 588
448 723
11 214
427 701
792 537
597 553
363 161
290 387
116 457
216 171
681 827
750 503
73 185
642 698
653 578
628 310
116 739
329 226
52 258
737 144
520 393
166 660
610 822
704 228
275 384
463 723
576 264
607 352
410 812
698 633
795 156
281 666
554 741
698 550
70 93
322 50
39 268
254 660
38 483
527 146
206 534
570 691
132 736
584 601
446 302
555 81
473 190
574 256
280 807
731 533
308 149
634 672
127 53
178 50
326 448
406 814
667 456
692 231
154 542
391 336
203 123
45 51
659 759
569 40
757 519
266 354
699 474
607 701
594 707
146 153
348 816
682 487
269 431
378 201
19 184
767 138
181 127
109 754
268 379
667 383
276 380
590 418
120 821
725 429
488 782
572 785
338 441
644 69
593 416
645 360
438 623
184 499
653 702
37 106
452 247
399 189
206 660
371 394
480 797
68 62
714 68
133 654
435 562
675 153
824 701
292 403
658 792
393 578
259 577
106 635
538 804
109 628
280 736
243 532
407 537
35 303
117 693
703 691
175 384
615 83
42 596
587 403
527 188
102 649
187 137
705 76
688 457
281 6
798 177
715 563
136 377
824 2
514 783
538 459
361 198
765 582
658 256
772 647
822 278
790 666
189 138
669 341
720 410
370 594
280 253
413 591
110 747
297 635
35 44
11 567
362 56
632 121
275 303
775 478
232 690
166 688
475 502
438 254
230 147
665 413
728 264
243 764
814 574
627 400
350 553
665 627
4 784
818 656
730 606
378 107
20 328
657 141
55 497
614 570
709 226
471 562
466 791
753 595
378 673
675 420
426 810
4 145
193 680
829 779
360 606
239 678
714 78
482 451
297 620
593 429
43 171
6 272
261 549
356 787
377 61
542 3
32 141
639 742
525 112
548 688
464 161
798 671
119 6
117 209
546 260
481 24
38 282
598 56
812 809
565 388
189 374
42 752
222 84
429 542
290 458
777 76
775 44
414 129
705 259
810 731
334 286
9 712
722 699
620 787
164 112
647 793
514 38
393 49
397 200
444 448
99 620
7 349
238 61
513 671
398 395
64 566
777 275
344 733
422 61
147 349
808 523
472 37
737 273
143 106
682 564
683 277
275 236
19 769
557 491

837 1899
530 640
591 347
682 16
99 788
650 748
686 731
411 743
70 246
792 671
741 318
484 297
216 49
18 334
147 475
207 774
68 831
587 475
38 595
437 697
468 254
297 393
806 596
274 595
77 381
388 821
669 783
301 426
765 379
213 558
112 447
742 192
563 165
800 177
674 352
674 813
370 542
550 508
328 651
305 129
135 638
102 503
69 699
180 352
571 604
371 355
559 356
451 46
612 790
387 664
575 503
66 84
784 732
819 568
371 129
588 64
793 6
613 88
762 232
599 750
250 11
18 296
630 693
757 494
318 15
446 533
140 570
363 610
93 448
739 799
151 32
687 551
463 242
344 309
570 623
609 85
607 678
591 408
24 146
710 693
755 812
350 148
449 308
196 765
512 22
92 219
828 490
432 475
641 649
576 482
632 255
298 566
12 174
822 379
331 22
371 143
64 549
66 154
301 659
582 812
382 669
559 386
285 191
73 119
311 622
782 10
23 833
409 648
34 720
623 278
811 805
173 410
159 22
270 47
436 339
367 782
758 95
265 800
489 628
825 575
754 782
302 657
776 436
57 512
361 255
804 597
144 78
75 147
816 449
689 806
751 75
454 117
438 622
535 227
70 750
421 117
205 770
721 41
186 769
46 647
785 757
92 660
699 107
617 806
715 702
613 825
598 292
74 448
383 94
58 262
662 447
120 638
561 808
600 818
309 695
719 385
835 542
727 12
453 392
606 582
555 720
349 551
413 735
762 528
722 427
389 695
806 525
118 350
251 379
642 319
91 815
486 729
11 155
674 687
641 637
227 323
232 652
546 383
607 172
717 785
317 288
780 572
586 802
352 826
372 660
283 755
655 801
660 412
228 459
48 593
228 781
651 535
837 661
823 155
660 815
57 419
377 36
493 827
756 221
704 432
530 565
268 606
112 811
6 326
93 66
815 80
158 91
567 691
572 363
810 781
733 590
105 615
75 782
171 678
320 673
698 672
425 624
304 335
32 702
184 436
20 746
113 56
371 781
407 300
417 784
34 282
440 402
586 261
231 723
465 580
623 405
177 659
350 572
200 641
476 535
9 426
337 85
598 338
787 513
224 471
261 324
321 505
531 81
109 528
293 398
830 255
687 137
84 261
282 226
757 716
676 811
606 390
826 469
333 184
741 267
437 677
684 528
443 130
65 798
672 471
567 670
53 800
442 86
646 48
346 515
203 406
521 298
561 601
428 139
505 162
202 827
386 797
157 649
785 65
457 811
443 837
373 721
687 46
104 442
710 133
292 38
3 608
618 57
352 301
695 538
777 742
229 489
30 687
15 25
327 475
523 538
834 406
618 475
108 151
573 59
579 771
372 529
166 185
409 207
267 281
160 482
719 247
812 128
658 637
805 48
291 461
727 817
355 104
504 280
696 44
4 43
628 64
407 730
46 398
835 688
565 12
766 242
20 90
519 381
63 132
486 192
70 62
175 363
464 51
135 61
780 707
125 497
716 705
753 585
771 118
630 463
351 229
408 37
680 60
669 689
600 371
402 27
480 614
433 314
90 294
806 751
220 51
40 100
813 34
212 162
303 158
729 819
552 276
661 772
619 594
323 579
548 525
98 821
317 191
324 279
272 309
827 165
557 319
115 694
161 780
44 450
772 495
756 244
734 836
724 76
779 484
12 64
71 551
25 814
282 458
362 28
682 648
462 211
70 35
59 478
815 336
587 465
221 627
303 486
431 200
383 195
387 741
690 515
747 235
216 423
88 412
343 764
237 47
348 387
738 791
208 827
619 437
288 552
640 829
2 282
737 162
42 190
462 69
709 204
32 120
32 557
296 317
613 416
498 242
84 324
819 821
180 557
533 564
238 709
204 32
135 685
29 139
159 792
292 408
424 731
91 176
749 141
752 68
61 310
653 583
675 550
608 509
524 334
265 751
359 812
51 583
90 483
637 633
320 259
92 581
679 533
438 279
811 779
687 707
317 820
116 578
791 44
66 369
468 311
474 353
253 81
113 381
273 698
71 523
421 413
120 392
374 407
670 704
714 647
238 472
763 808
825 46
586 764
21 244
741 80
352 460
320 281
493 135
477 184
650 343
100 628
411 700
385 813
830 489
28 360
581 782
488 211
238 483
764 632
242 363
831 330
281 247
483 472
221 390
60 40
28 526
229 704
806 399
442 344
118 216
137 52
13 303
252 489
729 160
54 677
440 686
151 591
565 477
50 491
81 93
65 187
156 425
179 431
567 341
753 118
826 337
331 216
207 581
160 448
804 422
165 81
349 522
171 310
260 688
798 337
156 692
31 322
108 29
716 407
360 833
215 491
473 102
520 158
795 4
611 812
459 555
260 552
669 809
34 138
680 542
364 484
534 327
594 521
116 109
680 226
772 648
331 834
106 206
490 724
287 610
516 543
370 20
136 654
156 721
237 836
534 495
564 467
617 335
288 807
130 284
422 829
496 726
99 599
834 670
688 573
709 696
360 9
440 145
821 388
206 23
628 327
175 792
700 28
24 549
278 421
633 410
745 637
800 510
344 225
588 375
333 1
253 831
824 101
310 787
441 539
728 449
525 788
235 723
510 289
203 49
26 538
208 649
562 632
614 149
711 594
145 707
282 492
266 553
817 687
324 316
108 1
37 582
809 501
561 340
528 27
328 241
735 382
629 141
836 668
393 385
165 824
655 787
696 149
787 395
388 649
480 762
177 415
367 135
370 169
133 731
203 94
351 110
399 626
409 215
462 587
515 672
292 164
829 533
820 163
315 13
647 644
118 754
412 640
435 289
438 640
722 141
464 165
184 535
724 707
66 82
177 512
342 346
398 13
202 536
832 202
361 121
415 257
236 149
550 777
771 121
809 206
611 419
174 679
677 308
536 588
90 299
560 152
446 454
346 225
791 328
100 304
299 672
247 238
821 368
786 178
382 441
721 399
27 314
501 367
835 387
361 559
712 257
346 3
443 554
262 781
709 433
176 57
613 261
279 444
161 367
346 805
238 672
400 650
720 799
517 43
470 583
514 364
828 697
233 689
706 487
337 837
554 614
675 643
490 455
596 797
227 297
657 631
105 562
280 808
653 426
68 222
39 255
89 554
571 634
20 342
523 796
429 208
434 806
94 574
187 482
443 92
341 827
2 36
246 201
299 289
601 494
196 566
14 820
57 502
169 167
97 322
408 734
562 451
49 284
703 651
452 751
382 727
380 95
792 238
327 276
630 252
651 95
161 370
476 430
101 791
615 40
356 459
567 368
555 264
433 739
570 266
71 636
361 833
638 526
414 564
113 468
222 54
479 214
827 431
430 473
668 382
378 835
308 381
291 415
332 331
761 130
134 140
635 98
17 485
454 263
81 832
400 378
827 677
343 313
559 273
63 284
376 624
755 762
721 574
704 753
707 178
562 166
639 706
551 171
639 455
231 602
323 330
700 565
690 597
674 676
537 254
822 676
732 367
18 134
290 611
682 161
48 364
128 716
711 302
515 241
198 391
591 597
188 214
560 407
579 117
743 292
267 148
413 429
72 60
74 256
428 161
231 474
711 513
290 94
236 569
700 675
685 380
281 78
692 466
530 469
369 328
693 201
673 443
654 696
439 431
701 611
188 538
156 627
188 649
687 831
446 587
326 493
609 202
264 462
396 251
436 802
514 4
747 341
363 434
623 5
793 746
324 433
708 373
737 328
331 161
25 257
301 468
823 371
399 310
116 611
352 84
650 464
29 821
90 712
622 33
12 372
19 182
81 78
480 202
835 783
769 279
164 229
461 315
66 707
767 89
367 506
668 127
450 616
551 71
718 27
439 526
703 717
225 646
394 157
342 319
829 722
298 817
283 242
380 85
685 446
283 726
346 411
457 207
493 686
483 623
230 562
424 233
705 360
342 417
806 592
685 2
651 837
726 283
103 429
834 324
645 314
230 602
94 480
778 134
284 8
604 196
531 691
472 135
308 309
796 2
450 428
620 592
87 667
680 763
591 369
308 587
811 385
353 358
298 212
586 348
596 297
425 674
214 255
375 776
88 815
491 756
20 774
368 495
539 837
262 516
277 668
173 539
321 808
659 534
820 120
343 796
37 728
423 62
285 612
348 282
679 675
99 150
122 544
192 574
814 41
137 155
193 382
782 413
825 333
635 329
555 101
208 259
300 307
177 117
640 176
109 8
554 407
629 722
138 360
375 798
451 684
535 605
6 734
710 571
70 209
375 60
148 39
387 435
353 315
692 401
530 276
694 437
545 177
216 249
159 758
327 146
518 652
337 241
401 649
600 521
473 388
627 295
21 610
712 669
430 832
722 745
566 779
715 348
536 463
627 581
760 685
100 438
176 494
412 455
789 660
828 689
280 530
388 360
562 527
710 565
71 211
806 505
222 69
7 310
561 219
710 302
588 129
551 753
724 811
506 252
261 131
192 705
449 355
684 504
246 39
581 309
378 426
679 393
829 561
705 707
671 836
469 509
622 685
453 686
457 784
618 747
248 427
753 659
420 38
442 23
103 356
286 156
143 786
305 175
27 182
392 196
747 401
136 201
48 480
123 670
681 38
424 708
577 501
117 436
134 186
805 536
208 698
373 656
104 38
229 732
768 642
71 41
836 612
603 710
197 46
311 58
706 379
159 102
641 86
247 81
721 280
779 349
14 96
773 616
601 715
121 606
471 733
787 459
350 506
432 488
568 271
735 278
813 531
209 173
156 710
285 112
347 315
332 736
494 627
295 376
578 126
473 820
239 516
294 71
703 31
831 42
451 67
609 176
424 554
244 221
372 455
508 7
480 764
437 13
600 476
104 582
376 811
18 821
628 25
264 811
219 625
382 31
635 803
15 781
143 601
126 478
412 296
679 648
599 560
804 530
623 117
696 409
775 606
427 270
738 294
64 148
525 452
179 197
611 307
714 197
95 676
788 360
480 549
305 9
692 675
751 355
593 468
761 333
193 265
517 449
220 83
152 488
570 329
830 336
409 194
541 475
568 521
579 225
782 390
631 269
207 368
544 834
708 554
129 493
271 421
365 661
164 430
643 94
315 676
330 163
260 112
35 603
642 410
22 504
714 722
771 508
479 446
597 263
227 740
67 51
3 618
776 405
500 832
194 224
91 421
632 564
410 667
748 718
547 525
673 487
402 746
23 80
704 826
504 283
603 44
400 412
421 122
403 739
225 28
614 91
236 126
671 32
395 493
694 820
71 238
494 350
226 117
156 163
638 491
822 754
696 269
308 486
823 794
39 342
477 367
79 207
559 780
53 769
250 778
297 398
770 709
550 783
629 782
116 247
765 222
12 410
786 490
71 372
272 646
662 569
340 308
97 460
464 808
187 837
169 178
833 203
535 358
339 638
637 699
567 613
551 751
589 568
313 627
833 100
412 180
822 605
271 521
377 606
450 607
271 821
437 835
188 79
353 819
279 96
730 205
197 279
487 648
199 130
255 97
664 62
593 232
264 193
84 450
556 318
117 646
610 803
597 711
128 576
493 56
372 33
36 216
702 135
49 265
191 390
453 497
36 303
526 224
212 179
679 258
496 742
389 359
351 680
549 786
685 108
751 298
143 705
554 367
611 41
444 64
652 541
784 685
490 642
595 80
800 327
837 499
288 555
17 163
704 424
711 654
454 267
607 339
387 789
459 230
260 477
448 26
673 44
346 195
625 641
40 265
99 521
232 230
307 382
491 237
826 184
790 377
380 744
73 157
91 810
792 247
591 745
443 418
317 111
48 730
583 483
180 567
119 85
278 378
725 195
586 212
424 26
264 419
164 527
476 342
482 438
708 342
530 575
491 300
268 684
533 579
228 351
449 555
550 626
594 399
80 350
317 757
836 795
250 712
144 571
566 594
76 349
712 567
292 548
354 13
707 466
828 472
811 432
747 200
656 734
215 29
480 485
743 465
15 209
533 814
165 799
447 304
747 502
106 498
36 631
364 497
335 16
264 378
749 407
770 572
607 9
459 130
24 48
244 609
134 85
175 552
73 549
156 208
578 455
598 439
398 519
148 734
591 604
523 276
322 440
324 513
16 274
674 350
340 641
231 551
587 125
368 181
829 24
771 71
530 227
191 320
145 435
371 218
279 599
139 224
305 821
130 591
169 243
709 159
286 559
567 17
511 543
593 466
702 204
444 113
692 799
256 209
299 728
565 205
661 730
354 639
479 467
750 588
786 125
219 132
592 308
258 600
798 425
156 344
36 755
521 182
406 453
228 813
137 189
357 399
569 751
604 717
826 134
737 126
630 62
761 650
334 476
356 73
139 587
732 183
18 708
610 42
259 383
795 388
502 678
443 571
638 57
655 453
15 495
455 355
152 210
54 644
257 361
205 552
149 299
478 147
272 810
517 203
705 827
382 303
44 136
229 388
12 801
234 298
641 318
39 466
62 259
709 629
805 611
378 349
622 56
626 391
210 8
302 9
413 16
509 583
311 351
757 187
667 376
464 541
413 385
658 633
555 105
245 190
65 229
747 155
727 554
568 688
638 685
64 415
620 585
269 181
289 148
553 378
518 552
831 425
81 330
301 47
254 17
2 569
99 442
688 589
29 347
251 215
492 718
564 522
753 503
570 720
496 754
43 109
137 557
48 645
184 69
457 572
613 281
371 537
523 436
658 789
255 490
732 327
439 613
373 123
594 252
99 48
7 491
667 335
794 822
231 83
592 270
260 830
9 39
714 458
644 399
55 669
8 596
686 108
47 391
660 753
699 483
403 831
723 489
790 308
35 769
577 198
759 655
431 207
133 683
492 676
327 432
240 628
386 312
152 608
496 195
11 26
832 135
454 763
260 157
322 9
124 720
605 745
472 27
239 586
351 406
135 458
174 814
196 383
701 39
276 537
245 726
545 539
490 239
594 233
578 687
561 496
502 639
100 255
158 780
438 502
42 394
153 326
373 829
796 547
584 190
605 173
632 170
292 790
335 539
284 543
284 452
176 495
695 267
365 570
764 475
824 491
478 761
419 174
314 559
7 200
94 668
780 3
151 289
561 122
251 636
821 558
769 21
221 189
259 461
202 648
658 304
180 679
439 155
330 303
621 439
610 117
61 331
504 369
478 59
248 157
399 722
161 398
197 615
178 629
524 423
345 807
567 148
181 4
295 741
314 561
206 52
795 418
467 478
360 185
513 771
164 83
41 469
235 795
397 8
203 751
256 387
186 403
132 254
205 77
811 448
265 292
453 808
746 493
458 174
209 784
748 517
507 145
773 567
120 671
699 231
400 734
76 647
224 333
99 72
265 235
763 612
319 631
322 441
680 80
376 487
692 735
821 87
826 447
239 43
719 765
637 537
304 211
801 574
260 47
587 646
76 500
794 410
138 326
810 250
502 597
832 461
580 141
28 194
374 503
245 74
545 135
750 130
823 18
91 605
644 221
629 815
614 189
23 731
318 18
460 286
184 583
775 742
815 106
592 697
609 765
41 280
131 548
780 143
253 616
292 36
65 51
548 258
144 115
84 376
268 826
71 729
296 136
350 479
479 34
778 727
395 588
209 592
272 811
113 38
632 774
525 325
509 589
593 26
747 458
747 785
777 375
816 65
615 339
84 135
751 814
627 811
155 826
827 13
276 381
650 91
784 312
765 373
774 749
651 57
380 324
725 128
312 529
44 780
814 582
726 243
102 756
149 429
776 836
795 752
652 740
762 235
782 494
686 421
49 477
307 827
330 53
29 346
87 25
291 505
149 226
249 44
324 119
92 654
517 438
208 45
130 645
390 398
502 643
693 218
126 373
805 459
633 7
670 298
515 826
182 298
442 594
77 662
469 599
717 443
437 574
444 704
818 543
604 787
756 22
186 692
317 695
518 539
338 148
68 317
750 746
387 523
135 722
786 169
521 409
685 203
564 86
305 263
421 43
128 333
666 537
214 604
97 99
285 753
377 408
450 596
14 333
279 550
123 637
252 658
278 177
64 562
748 415
474 804
112 782
205 479
704 29
260 747
485 63
231 64
702 317
408 505
129 810
105 228
767 340
348 83
383 801
315 577
372 534
123 463
270 455
532 768
352 811
392 369
344 447
549 195
163 280
809 302
497 92
672 754
189 804
525 427
275 327
595 733
387 638
335 481
623 340
32 5
417 487
94 754
112 685
784 342
564 502
212 389
433 624
128 599
479 713
324 368
625 696
201 257
256 724
811 159
4 431
50 221
76 746
626 278
633 521
116 656
432 767
453 177
766 590
111 415
521 151
13 254
773 446
719 91
724 601
748 108
754 272
440 16
250 825
161 63
718 735
83 100
122 9
359 179
717 766
428 309
676 531
813 528
446 362
752 110
761 605
509 168
49 316
420 429
186 40
785 610
264 807
563 823
604 6
508 147
536 835
510 44
383 294
24 50
225 631
389 684
492 767
124 548
420 569
574 467
61 228
281 538
306 534
278 111
811 588
393 142
13 717
177 807
204 409
826 3
480 587
528 623
141 443
497 776
254 171
700 623
350 261
392 710
75 699
459 293
244 706
118 47
164 259
755 96
42 498
608 793
112 616
828 835
596 381
352 57
122 260
163 145
504 519
67 128
568 517
613 506
795 203
424 87
100 175
72 681
253 364
53 383
317 442

909 2161
431 635
630 817
776 490
832 711
758 350
575 843
673 566
641 685
827 723
706 684
159 384
113 658
38 228
541 211
135 204
414 136
91 231
143 806
94 287
481 775
631 44
6 396
872 539
374 63
271 471
536 135
312 668
359 360
498 814
685 602
852 798
300 435
884 454
585 701
772 789
555 706
281 55
134 627
527 504
676 104
659 48
787 103
882 334
475 812
367 673
542 625
752 814
117 884
740 284
434 772
626 529
582 254
579 551
230 593
713 455
596 290
62 578
752 32
77 414
383 40
42 221
284 792
512 571
86 258
580 346
600 568
527 296
107 469
381 217
130 731
351 779
673 12
496 20
182 751
523 526
763 895
25 4
502 529
302 626
112 341
440 831
574 741
166 630
781 448
380 228
789 59
772 5
483 574
890 226
819 665
17 729
440 822
301 411
505 13
633 247
874 139
108 864
400 195
314 511
47 628
840 576
343 631
823 265
27 488
821 142
70 356
96 793
685 185
356 475
61 645
582 195
212 183
73 239
593 126
571 872
137 16
105 793
50 137
440 853
528 883
777 525
27 39
324 260
509 768
458 786
402 7
295 133
61 770
732 243
825 317
416 774
92 660
406 673
675 21
300 502
874 450
512 694
86 409
164 372
664 700
613 306
262 62
340 713
572 327
774 165
467 579
673 409
107 802
254 130
317 482
176 84
876 220
768 253
718 188
849 307
632 498
712 414
581 908
183 416
167 799
595 800
651 82
393 135
871 40
31 618
234 392
202 4
888 539
813 495
743 423
567 725
222 281
423 610
891 513
333 155
315 807
779 1
67 499
765 291
755 587
591 300
906 900
462 805
637 446
487 141
197 781
186 654
512 385
500 296
122 813
431 592
468 206
252 869
254 140
43 734
393 630
387 91
659 290
626 348
350 100
395 679
416 213
458 13
134 287
813 336
317 299
88 717
607 158
5 414
605 809
384 231
404 701
752 41
646 409
9 804
247 844
520 440
612 457
117 821
625 520
424 124
549 585
367 195
375 852
121 813
379 273
87 527
363 14
152 742
789 844
574 722
369 658
85 495
106 804
208 134
491 866
260 695
279 373
449 508
710 502
715 595
221 784
277 729
616 2
544 751
618 487
175 565
257 517
202 757
317 430
179 872
515 345
111 792
648 599
7 45
885 116
621 49
723 673
776 581
554 623
731 475
273 679
131 818
301 562
313 5
573 436
597 367
892 317
414 425
895 133
92 873
718 646
772 429
151 495
872 551
545 893
81 167
796 170
523 802
18 349
806 258
688 24
299 332
235 586
824 93
408 346
669 320
247 102
643 595
899 113
673 246
448 730
451 173
417 730
664 826
82 371
807 393
469 125
634 48
232 613
672 770
292 38
165 816
225 13
830 546
155 588
694 807
240 57
183 379
150 63
154 178
275 212
251 545
839 163
471 619
607 110
104 169
149 893
354 343
851 15
317 780
446 447
471 429
384 290
520 356
599 476
820 31
163 158
109 763
838 392
200 153
396 556
573 285
459 798
81 711
244 322
28 297
600 730
118 363
847 804
677 148
312 524
117 455
373 562
451 815
694 600
474 122
53 237
444 565
399 900
682 3
794 367
293 51
387 649
137 370
362 35
553 16
480 253
427 754
191 32
752 806
490 325
642 764
366 901
6 737
500 158
215 471
361 688
450 726
91 446
660 904
93 25
278 320
251 564
288 404
844 697
26 264
814 591
193 489
873 580
177 570
179 375
825 886
755 702
591 44
459 39
351 552
375 721
747 290
766 2
731 723
675 836
730 281
255 262
902 692
902 828
562 750
48 535
413 214
323 415
1 361
735 450
424 59
172 278
157 209
142 575
650 360
202 332
245 62
303 167
380 704
109 735
311 703
170 869
215 829
548 410
597 453
376 33
84 850
269 704
516 10
559 180
463 318
247 253
250 252
180 768
676 909
218 485
110 250
202 564
629 875
701 590
245 7
727 121
685 399
464 439
799 411
418 459
755 481
477 197
669 81
266 11
358 72
837 688
305 487
352 17
480 523
887 704
527 36
507 873
108 233
809 154
580 296
46 211
512 77
477 418
840 4
808 408
156 840
450 547
74 564
515 230
161 185
401 189
790 817
848 285
831 529
603 606
825 3
219 284
424 505
888 755
318 748
433 637
602 893
344 613
534 238
677 150
665 539
150 231
390 251
208 316
397 107
643 664
511 710
721 124
386 265
297 303
91 65
490 280
342 587
294 686
870 559
906 252
231 686
715 139
275 624
536 518
447 406
355 25
322 451
859 293
91 863
717 372
221 719
264 590
28 734
358 646
731 367
398 82
647 638
385 402
124 538
807 212
518 807
614 157
502 588
470 613
846 35
680 435
60 814
793 213
68 395
381 562
238 368
243 218
55 273
444 105
300 371
909 892
794 510
329 740
167 598
761 284
669 529
673 419
675 588
491 782
752 105
496 695
557 422
902 564
70 145
199 413
378 205
902 711
390 93
511 620
737 424
422 23
904 274
89 810
350 821
523 130
501 439
507 455
161 648
186 752
422 241
906 860
647 175
325 69
182 59
347 431
95 144
279 372
796 514
339 674
603 299
585 356
215 748
381 708
336 460
833 405
306 105
563 678
730 23
567 317
290 459
772 272
49 730
673 445
430 41
584 624
384 827
683 772
748 806
158 381
145 728
902 283
170 829
58 247
62 104
304 214
289 476
897 298
270 9
806 545
774 885
393 793
774 3
870 23
273 81
203 845
863 124
593 658
556 847
650 132
47 564
358 714
456 393
368 854
654 541
587 877
163 2
441 420
591 441
777 104
542 514
692 906
508 815
753 684
789 870
121 202
380 798
845 399
501 164
302 890
359 266
702 678
679 292
248 50
874 721
572 264
839 304
737 227
508 59
834 245
672 882
512 12
733 428
474 139
76 203
540 602
243 897
339 245
182 333
681 239
618 472
399 179
114 171
282 536
488 522
274 388
386 714
249 518
373 133
266 577
360 305
729 405
79 149
236 54
533 371
593 424
905 834
263 646
289 759
274 883
853 434
219 882
282 310
181 698
40 546
759 51
793 453
336 104
340 458
151 664
880 792
768 180
678 723
327 637
573 390
791 132
136 791
612 856
659 388
839 711
834 751
735 827
222 305
234 285
424 62
277 480
371 509
558 260
208 411
106 882
231 740
289 869
714 117
549 747
155 54
569 670
896 186
864 313
297 822
539 172
283 362
17 375
705 86
791 583
487 879
778 606
738 544
338 700
90 587
358 273
686 435
281 773
690 526
361 156
417 623
400 182
275 300
230 101
530 842
849 445
118 805
265 215
436 904
116 270
777 263
680 857
268 833
492 794
68 578
397 127
680 869
862 141
203 237
57 746
604 757
156 763
285 404
786 164
732 291
609 101
811 737
902 13
99 61
466 309
449 363
417 322
769 149
255 278
201 507
20 793
501 226
512 844
888 577
824 312
857 304
50 675
612 680
519 664
428 484
376 589
489 159
604 698
182 609
716 92
628 398
168 612
314 399
278 180
649 544
57 538
204 466
314 197
194 833
502 747
638 441
527 197
655 304
515 645
609 771
685 280
227 128
464 899
229 39
211 548
31 623
571 76
683 149
519 92
462 34
427 467
856 52
231 803
646 772
4 111
759 744
624 762
63 390
395 894
239 607
58 201
667 778
686 463
863 380
205 748
461 834
89 319
651 286
282 343
891 658
468 535
759 251
830 531
391 477
672 669
233 711
685 68
831 37
209 350
799 826
893 492
435 598
475 575
449 408
187 556
517 556
332 499
337 309
547 198
89 840
295 500
256 392
709 566
541 733
266 689
671 420
675 106
720 641
675 676
363 678
401 818
440 680
829 227
776 774
577 448
580 510
83 190
709 30
565 825
144 330
758 176
51 227
604 170
488 804
85 677
625 734
367 523
794 101
795 145
895 739
471 799
738 819
637 756
790 722
439 705
560 889
26 240
655 817
252 575
843 395
203 680
296 854
166 905
462 909
391 804
532 147
644 2
222 615
725 883
870 819
853 606
415 850
718 786
59 70
574 470
156 731
158 798
453 119
805 573
572 211
845 11
900 714
448 793
655 501
551 249
616 774
266 703
784 391
56 542
431 897
821 265
510 165
663 172
773 97
397 357
196 519
359 501
606 501
212 903
765 365
608 574
716 311
442 825
886 707
171 234
120 904
283 27
896 216
94 502
908 620
91 295
751 765
94 735
256 650
114 722
868 319
541 335
599 711
106 799
109 664
611 23
389 184
689 479
799 780
141 413
9 474
779 743
136 867
87 444
862 55
155 260
105 666
377 660
51 736
514 837
883 725
846 444
619 798
231 45
513 40
514 289
608 422
382 639
300 439
759 502
328 242
398 629
535 396
385 448
357 260
289 683
602 539
161 121
695 49
477 650
739 203
212 329
401 443
888 307
99 249
736 767
548 388
515 715
365 27
627 760
631 256
191 355
344 298
604 147
894 806
127 715
811 286
387 493
728 675
68 251
380 98
879 806
471 277
673 176
840 227
287 808
154 728
649 446
664 128
40 293
793 348
546 188
395 5
164 177
312 847
459 631
444 718
745 597
673 362
764 257
68 703
422 600
791 702
266 491
781 452
719 199
480 68
613 609
409 40
395 173
832 49
253 412
550 402
20 99
592 420
841 395
894 671
733 515
590 707
847 814
665 739
773 514
868 830
689 591
49 744
328 565
718 167
663 738
765 846
228 9
532 228
256 98
754 874
495 91
731 135
56 4
402 583
185 173
595 67
762 464
378 371
586 329
27 747
571 186
865 278
885 278
703 577
448 647
250 354
531 130
515 403
648 529
529 357
553 367
438 763
50 470
562 858
227 296
124 334
312 468
762 629
457 444
404 669
426 219
245 5
893 804
375 598
574 869
705 61
279 888
601 124
414 602
455 122
238 894
79 885
725 360
549 117
589 158
149 461
360 535
336 420
472 113
738 548
677 102
180 100
569 697
183 110
305 148
26 689
62 211
245 721
727 621
789 378
393 471
657 898
344 387
92 366
571 62
902 720
892 63
527 696
181 837
544 710
597 580
270 547
608 168
682 188
534 821
497 434
443 218
746 362
394 656
272 418
828 788
351 184
281 719
197 413
149 730
741 166
429 623
32 684
866 719
119 103
659 585
569 126
815 66
169 693
721 896
115 401
78 760
194 768
361 446
489 708
218 455
755 161
796 466
597 884
484 444
748 827
129 757
553 246
562 563
363 665
471 7
876 654
22 364
797 254
156 234
836 79
893 767
859 563
456 510
521 228
705 462
905 133
764 652
466 532
360 47
269 620
238 80
826 641
665 773
80 808
891 422
411 77
638 28
492 112
4 212
249 104
264 377
765 893
515 736
50 75
607 14
718 594
494 648
174 256
366 157
529 889
539 544
779 331
308 331
823 713
19 719
152 258
244 499
599 571
195 356
272 550
239 184
21 117
244 760
540 61
322 97
519 604
614 346
705 21
449 782
903 647
488 82
821 875
240 845
868 266
284 849
11 510
359 76
435 516
893 178
904 435
807 622
77 183
427 517
178 539
514 119
458 507
577 426
246 897
857 151
675 440
508 479
660 460
862 469
302 774
230 355
97 909
643 80
641 26
573 811
192 619
467 675
359 412
15 787
733 549
459 586
798 99
72 202
21 714
775 575
559 531
874 502
30 280
274 291
179 162
215 757
471 32
646 337
511 659
98 385
175 879
390 276
265 798
35 893
821 838
251 740
401 560
850 64
669 818
745 64
650 379
336 154
559 338
891 895
324 318
110 363
94 481
628 236
194 395
124 387
246 242
402 755
844 542
296 455
546 26
802 112
142 721
73 206
367 862
577 251
776 810
337 148
688 700
620 319
13 807
486 311
349 613
469 769
278 292
557 668
209 99
635 196
180 815
140 457
266 333
505 403
711 248
199 627
293 431
113 852
208 633
505 380
733 871
681 257
349 435
665 562
84 139
475 904
679 361
63 348
179 806
14 862
608 366
112 195
11 545
212 166
74 758
849 466
703 523
250 23
268 39
696 880
198 351
457 573
850 521
106 566
675 356
118 611
637 117
103 242
146 19
487 594
317 901
387 227
170 300
295 87
469 368
733 889
664 683
95 234
5 841
200 256
94 477
739 479
119 635
799 180
215 429
400 652
24 157
117 533
86 879
843 506
574 37
558 276
427 882
770 582
572 11
518 459
497 61
423 454
260 804
138 114
535 315
809 472
331 505
904 218
654 720
4 432
375 239
570 907
531 138
290 804
883 245
342 79
713 681
74 172
94 113
115 12
200 707
865 438
755 205
873 890
754 855
584 483
473 356
552 833
292 114
294 330
314 195
761 556
600 163
856 280
401 845
651 81
906 299
269 751
853 358
545 541
512 611
126 440
162 332
151 778
799 48
163 745
129 521
804 53
425 498
892 753
795 322
379 544
233 621
550 39
75 382
447 556
472 802
201 895
636 593
419 747
424 340
447 317
32 574
363 345
825 9
19 808
37 834
486 511
731 499
677 216
476 116
168 317
745 549
356 276
417 514
694 660
610 156
541 554
891 102
591 299
508 436
537 418
389 456
618 223
28 562
537 536
903 126
547 637
785 282
700 678
535 146
296 164
333 97
874 753
548 106
451 832
506 842
57 423
257 242
849 195
206 832
504 641
361 595
451 292
311 357
904 76
160 460
146 861
861 354
241 601
183 282
443 2
636 248
652 246
304 332
824 680
109 429
424 555
227 776
755 128
123 113
12 561
164 725
145 525
555 786
534 682
578 455
249 459
410 852
841 552
885 452
771 435
521 864
787 342
27 728
80 180
104 314
804 714
804 135
846 676
481 560
577 539
161 129
599 308
140 831
161 646
594 629
579 101
652 277
156 466
673 291
361 33
291 247
480 774
32 250
777 27
542 497
827 560
610 160
556 625
778 122
541 526
358 495
87 210
385 73
366 31
97 204
814 153
684 637
789 154
173 565
135 386
599 228
506 206
69 826
305 153
507 382
367 113
204 195
25 42
904 814
264 56
46 336
60 853
794 165
777 811
782 73
769 671
2 112
661 852
223 701
353 599
440 92
503 631
505 780
228 62
791 890
463 487
227 804
690 436
123 29
549 617
604 708
387 788
578 43
299 726
802 118
767 504
18 425
239 691
203 50
630 511
427 784
362 470
110 836
56 251
317 578
50 895
292 583
295 675
462 798
145 415
597 262
556 506
230 698
673 350
747 307
512 407
275 499
645 144
77 810
705 272
375 631
795 182
515 454
665 552
722 254
646 408
71 716
499 731
593 897
210 445
489 191
370 618
24 137
633 797
445 583
891 46
285 617
677 876
199 39
428 554
120 219
217 252
74 898
665 510
25 484
228 882
502 464
187 645
585 570
233 877
734 512
860 843
565 187
635 518
781 60
568 695
473 271
533 362
132 414
64 406
883 182
433 231
754 27
481 328
834 332
450 303
554 13
238 668
482 297
489 764
253 267
41 817
196 32
585 797
527 678
489 459
194 906
69 895
569 95
776 745
407 597
92 89
458 265
738 26
900 765
100 393
554 407
665 667
483 733
597 710
274 374
483 225
781 698
685 181
345 192
327 432
536 418
455 714
619 877
214 313
265 80
461 805
178 508
733 644
717 586
316 760
449 281
477 538
207 505
219 204
467 749
11 248
529 493
362 438
434 692
772 330
323 884
161 650
166 120
322 346
254 346
881 233
240 644
702 771
596 33
317 512
232 457
332 105
297 620
7 297
727 293
447 695
799 162
323 176
804 319
489 632
669 285
395 425
473 364
738 707
261 27
503 391
416 220
2 51
357 512
314 186
246 817
482 715
193 337
639 396
36 246
437 48
285 217
684 714
850 222
388 33
230 4
583 878
217 606
768 399
19 263
850 113
542 587
450 44
551 285
262 146
565 539
378 544
254 872
864 359
58 674
847 555
100 507
228 771
377 514
489 313
859 342
96 826
668 368
27 376
121 806
841 343
337 746
382 458
163 677
111 172
805 837
683 479
170 166
210 785
545 41
359 741
435 237
408 666
534 252
47 909
72 652
436 863
574 605
500 316
53 888
903 239
465 572
853 796
341 637
788 349
480 708
112 549
637 474
547 46
543 775
507 599
436 695
733 746
165 379
496 339
578 452
890 466
102 467
230 41
253 605
122 766
564 6
677 737
589 10
478 665
476 830
846 907
6 676
9 238
651 683
401 801
71 754
93 421
720 86
868 665
115 327
320 9
249 149
411 354
413 559
747 524
269 64
290 398
771 857
222 160
900 883
200 893
129 260
367 393
96 521
67 325
734 174
865 205
223 261
443 620
279 68
196 246
386 744
806 891
511 513
883 84
296 751
761 791
323 13
327 557
20 43
645 19
673 906
92 870
879 698
129 2
757 175
424 141
770 681
334 69
763 207
231 711
524 284
526 535
215 179
236 545
619 480
69 825
100 642
629 533
728 616
144 228
471 267
440 624
853 4
691 355
865 223
21 569
482 220
580 243
639 5
350 906
125 368
398 625
831 708
388 901
756 5
465 529
861 350
153 665
898 404
178 691
604 557
173 194
202 643
811 397
228 647
338 502
673 492
675 448
605 31
831 278
44 676
157 121
620 119
315 155
482 127
748 467
73 656
105 517
498 415
891 195
840 441
45 504
184 39
898 626
771 736
783 104
125 760
589 691
682 544
846 648
119 403
637 892
265 379
877 707
289 58
127 14
722 432
744 861
780 510
412 365
803 506
130 7
812 705
4 91
108 115
595 438
293 904
181 51
583 226
573 499
351 83
462 551
447 762
548 620
734 863
492 606
793 725
259 346
481 811
389 8
652 296
196 807
214 578
485 26
420 815
370 699
132 302
43 310
433 145
870 441
855 463
855 890
126 196
519 116
376 135
907 860
400 194
738 308
518 834
101 283
230 795
856 662
211 874
450 206
87 562
298 239
19 338
370 803
525 47
106 684
642 461
719 772
796 300
486 425
714 830
420 370
387 436
357 468
346 720
424 378
315 509
449 217
491 322
608 493
338 252
321 903
530 616
36 702
842 585
165 451
238 139
756 588
852 824
270 419
857 601
289 303
726 31
676 509
169 746
275 422
617 662
411 464
830 639
61 570
478 408
62 262
119 228
104 67
514 274
827 268
828 547
655 562
838 593
493 523
593 274
702 140
82 131
278 287
94 899
718 388
450 219
122 349
92 223
3 227
794 343
492 465
318 45
323 283
500 586
126 446
803 816
199 107
313 540
386 442
85 469
401 65
845 507
173 168
435 158
474 274
147 530
614 445
265 424
711 856
841 23
328 190
274 38
116 5
834 110
466 764
640 150
376 5
266 207
840 531
533 720
290 847
298 572
119 243
856 488
285 338
395 875
624 836
534 250
844 377
441 647
903 772
553 473
520 238
903 352
669 381
523 606
140 780
269 282
39 831
465 397
601 131
231 674
696 692
777 51
789 693
574 206
650 237
246 15
241 567
683 562
117 274
491 904
646 256
206 141
281 557
417 394
499 50
306 750
683 58
62 894
202 168
77 717
152 732
51 795
513 114
198 52
802 285
644 345
331 78
685 852
247 210
344 669
285 635
696 834
293 23
342 556
254 457
700 694
26 872
386 800
12 554
788 443
39 195
904 802
815 866
49 778
726 753
73 215
425 122
473 336
92 177
76 219
645 203
853 40
546 298
215 181
627 736
723 532
803 227
333 550
691 30
322 281
123 549
716 791
74 313
436 384
702 721
906 356
458 414
113 486
558 19
542 258
763 851
431 449
622 44
714 174
39 241
522 157

965 2441
291 707
491 517
159 697
788 965
312 661
738 324
761 951
232 258
238 748
108 7
19 526
801 704
899 207
494 426
391 557
618 638
626 647
241 310
24 375
249 572
288 731
864 239
592 292
205 590
938 816
46 571
465 130
394 629
753 887
274 885
518 378
699 16
262 430
264 89
246 148
322 700
876 123
365 175
148 321
934 577
870 162
376 301
764 878
563 566
676 290
626 276
516 640
187 343
580 339
874 810
379 626
527 597
552 692
627 898
191 725
512 797
915 50
681 219
173 122
84 683
782 891
843 379
259 880
8 560
376 308
284 709
830 328
354 74
82 455
358 941
785 343
72 113
270 217
670 288
86 59
109 965
761 827
616 82
634 657
46 259
123 617
856 656
489 25
17 258
516 886
629 779
649 197
234 734
612 626
64 263
84 842
911 792
635 282
302 191
258 161
421 723
626 884
833 265
133 240
498 310
614 72
725 443
223 335
879 348
790 964
130 685
911 618
354 386
279 12
523 882
84 164
781 244
235 295
897 227
759 756
94 448
222 238
96 793
432 417
624 492
551 770
653 598
928 630
619 330
43 93
102 354
358 248
658 127
39 564
856 583
486 28
585 296
685 178
575 599
136 764
11 911
479 609
622 424
698 504
42 811
334 19
118 332
357 711
746 51
570 261
608 944
921 620
385 231
78 457
578 142
924 422
343 436
97 123
524 920
339 162
858 427
469 69
894 372
591 826
562 800
119 478
583 890
517 589
440 495
629 894
611 735
723 505
301 766
431 563
382 877
629 436
945 349
129 955
893 639
896 679
950 83
793 882
245 871
525 629
894 880
437 529
521 435
797 957
211 632
123 436
753 394
91 815
328 410
29 674
927 322
964 472
76 8
369 18
900 522
502 219
640 914
329 311
862 700
685 157
526 386
696 575
785 591
235 400
849 412
759 764
178 858
748 389
953 398
440 108
149 742
298 573
61 15
318 568
307 643
62 603
302 114
721 875
150 549
407 84
746 885
175 551
479 924
960 502
743 96
126 98
769 270
60 482
746 942
744 178
799 468
267 601
90 531
930 676
315 608
592 331
757 527
83 560
781 271
33 782
254 476
436 231
594 498
482 731
484 158
782 907
341 429
895 774
161 835
938 209
801 659
737 797
295 861
945 947
358 328
326 348
880 771
168 881
278 521
281 283
340 200
547 615
880 461
271 175
55 255
865 34
810 296
280 744
961 345
467 656
600 870
451 385
344 325
876 947
149 495
524 10
138 349
569 919
589 620
574 419
558 473
337 171
128 645
221 675
204 490
26 435
961 20
231 462
855 837
931 803
949 384
550 70
609 368
848 610
561 915
421 259
155 308
375 810
176 292
433 381
167 245
832 714
944 404
570 770
785 369
254 358
474 335
954 85
701 111
15 226
298 529
478 931
227 279
377 486
12 920
896 657
347 555
725 690
787 518
404 738
101 824
411 624
66 685
475 841
192 822
144 126
761 941
64 293
871 945
397 671
71 738
899 271
42 517
519 21
499 956
461 205
390 646
34 97
879 11
428 20
259 723
709 674
413 27
73 942
737 236
225 13
638 60
268 63
276 79
426 899
557 533
278 533
673 565
764 63
14 357
344 604
553 405
826 29
25 391
706 224
635 202
564 198
456 624
465 902
348 11
195 439
71 103
418 394
238 123
419 703
923 325
657 401
142 182
510 847
122 60
948 807
700 814
668 268
228 363
931 940
521 936
95 965
938 595
152 943
724 448
450 684
128 713
532 402
240 216
172 79
929 119
489 944
127 325
674 294
897 465
769 339
495 75
157 739
151 42
523 520
653 303
897 837
368 667
316 474
10 797
373 231
156 563
300 53
642 179
830 329
799 849
50 550
108 529
734 318
633 439
337 18
29 167
583 79
822 758
864 658
168 511
59 717
618 897
654 707
309 594
273 337
459 618
760 669
724 470
372 675
581 6
350 586
812 222
5 352
906 160
690 117
892 25
730 281
307 917
217 202
476 158
884 771
561 638
284 483
506 319
116 913
798 59
505 619
487 655
566 941
398 595
827 623
789 796
611 788
919 55
174 431
894 94
402 549
88 709
62 282
45 194
925 93
182 432
611 63
36 524
637 583
728 193
749 928
418 396
897 226
295 692
648 845
223 231
225 268
796 759
684 811
81 400
221 627
386 21
116 276
278 592
748 671
297 203
718 948
737 671
892 424
116 443
172 875
602 794
271 245
37 952
919 553
629 574
135 709
540 817
754 695
538 622
189 754
317 488
546 392
747 860
515 629
42 955
575 377
834 888
303 495
534 215
221 765
424 588
289 631
912 502
514 598
804 121
79 482
338 458
531 38
821 763
914 888
402 709
884 491
122 734
820 915
485 827
457 57
75 582
573 219
354 102
730 599
699 301
782 951
839 375
203 292
759 625
449 49
802 74
416 497
271 957
742 431
764 325
605 838
693 148
80 61
316 822
189 32
707 917
475 123
310 321
68 16
131 251
278 931
422 67
173 55
618 580
251 750
271 208
932 420
93 261
888 472
870 152
568 64
252 870
852 53
835 618
231 679
738 468
805 660
803 569
849 269
798 359
654 93
778 644
158 411
182 802
40 364
543 433
194 87
602 72
964 599
125 130
715 494
474 394
954 912
757 807
132 129
685 864
446 954
875 423
553 661
398 569
378 917
774 469
151 788
867 863
526 655
946 9
231 17
296 878
449 951
909 228
875 585
526 228
706 335
279 923
249 136
809 667
41 591
768 400
92 14
20 851
920 389
352 163
744 186
852 59
672 854
750 496
262 131
429 39
363 661
162 47
879 398
883 532
275 922
204 520
633 650
463 376
806 352
274 17
184 548
722 326
193 797
584 443
894 728
53 846
845 961
203 537
774 8
582 885
514 746
937 574
57 226
313 244
648 124
647 683
850 565
964 96
654 619
540 869
587 113
661 64
732 705
677 565
200 785
129 413
612 884
630 639
558 361
722 321
476 574
765 886
328 736
403 14
119 757
743 336
690 745
33 29
97 56
578 838
302 883
915 613
791 303
959 702
54 825
400 688
202 43
692 810
100 484
891 467
780 147
660 46
576 574
59 962
283 96
449 152
677 709
733 339
551 315
420 783
295 728
25 698
724 138
190 410
318 224
606 782
684 671
324 30
438 2
684 302
188 573
122 195
548 730
73 80
860 596
916 358
168 380
385 746
25 643
11 173
160 737
402 560
385 795
390 382
27 592
528 27
927 429
838 439
141 93
53 817
809 760
536 928
41 217
779 362
605 457
718 333
812 242
410 177
929 458
470 938
508 345
754 439
865 213
521 347
649 366
406 173
616 428
907 546
399 894
767 529
753 290
256 933
756 915
25 399
730 697
569 765
573 510
901 145
723 922
260 612
852 254
130 404
266 335
213 9
231 670
550 184
293 417
645 595
614 528
506 782
838 647
805 785
73 808
520 204
668 405
8 190
561 579
836 118
748 349
224 758
579 300
432 446
876 108
674 632
466 734
736 534
186 673
550 727
186 487
5 759
247 121
124 882
947 457
115 881
829 74
260 398
10 946
449 83
179 374
896 484
364 842
112 248
633 349
870 82
293 536
760 88
153 366
527 238
929 587
605 325
678 78
735 11
829 466
962 543
853 476
31 207
514 183
74 536
699 369
277 203
499 608
415 358
127 743
476 368
573 521
244 385
192 167
448 646
336 236
135 67
837 234
785 650
382 564
129 238
239 255
738 682
61 662
540 98
173 210
67 422
235 281
257 322
183 941
962 114
853 342
85 129
99 525
752 87
642 234
313 91
369 665
28 556
781 42
182 537
471 869
55 959
930 333
719 234
833 285
618 548
393 205
776 351
870 675
836 812
654 352
918 463
561 499
762 155
174 592
64 557
290 372
75 61
661 798
578 790
409 751
339 55
750 520
608 33
166 295
761 868
723 157
282 477
626 70
777 901
299 57
228 822
527 923
592 201
829 276
28 546
656 448
589 915
644 724
372 378
925 39
28 593
482 841
675 205
702 662
812 82
354 268
511 28
460 257
617 386
800 942
727 150
382 476
311 277
385 70
614 598
651 367
158 262
159 156
6 700
654 936
575 640
620 210
752 704
696 333
446 212
20 933
481 958
872 815
416 956
472 754
329 738
510 137
793 614
873 384
139 564
288 588
163 516
189 540
315 961
887 607
232 97
382 342
905 245
283 610
608 641
202 165
402 419
258 444
80 196
134 417
801 228
917 570
463 175
158 225
235 68
662 890
284 834
874 110
451 179
144 591
734 185
311 557
735 640
387 229
687 822
84 345
375 127
50 281
876 807
384 588
168 894
957 759
338 540
136 717
125 367
897 223
383 651
848 176
11 543
191 809
358 511
288 135
287 945
572 769
204 414
155 425
946 939
445 205
881 819
790 589
314 920
298 102
776 917
378 901
236 560
129 221
830 408
302 138
951 619
845 186
828 259
587 179
703 957
64 442
545 890
247 651
784 931
34 820
805 654
458 213
791 757
497 118
795 651
635 511
797 683
964 97
819 798
825 144
457 283
366 831
956 336
794 544
339 795
429 432
412 104
821 265
549 463
1 169
552 196
706 4
905 588
367 405
278 101
907 913
235 885
436 530
158 35
235 770
438 238
701 684
942 174
48 441
945 694
583 253
804 766
345 60
735 267
510 609
576 314
11 514
636 220
122 259
279 574
182 553
294 269
178 640
102 336
86 931
894 385
806 125
460 569
191 699
103 517
661 81
80 167
81 47
299 297
340 86
948 88
911 84
588 199
131 414
377 865
283 318
532 398
43 4
388 390
101 688
312 604
916 924
349 621
722 594
281 501
523 850
842 229
60 688
918 635
565 766
511 665
535 396
829 175
176 625
446 268
947 655
164 18
256 664
758 595
962 333
393 651
503 474
174 484
641 522
949 113
787 394
805 791
524 270
378 605
179 177
182 325
895 111
701 12
885 709
583 676
526 890
712 133
220 63
481 599
83 314
865 200
766 605
8 838
480 840
753 551
496 387
373 318
696 608
530 92
17 55
475 905
317 792
751 245
526 705
866 394
813 604
871 700
709 730
20 186
904 461
940 507
390 582
135 366
591 31
164 474
867 809
611 51
705 42
461 425
335 517
731 311
130 796
75 894
369 541
267 503
456 424
881 119
121 46
739 730
370 414
512 565
931 45
293 519
58 67
349 704
8 649
62 682
781 818
432 729
624 243
620 504
219 252
276 922
133 458
752 950
374 635
855 701
932 592
419 40
233 539
539 625
675 932
469 24
255 555
292 508
632 806
694 873
753 633
223 884
580 766
134 645
674 221
659 700
473 895
239 254
814 748
376 35
837 768
567 769
469 806
360 148
470 360
227 226
169 896
169 746
404 202
557 786
636 781
543 835
680 591
611 817
42 267
282 416
212 372
51 46
490 626
803 552
296 199
960 382
706 697
928 343
16 139
415 29
950 503
953 337
519 667
425 163
907 917
228 322
23 569
618 229
800 437
221 743
235 677
436 546
550 810
351 219
209 822
446 677
395 693
440 863
518 452
650 267
248 583
856 593
105 232
948 779
737 645
384 528
721 918
521 950
138 246
235 525
477 510
508 879
183 833
706 497
305 556
932 741
497 926
459 803
82 231
742 148
381 455
285 461
482 883
858 288
234 518
301 277
505 722
343 181
46 227
673 351
285 602
16 67
751 571
101 753
817 203
801 420
415 556
883 515
58 209
441 642
757 268
640 251
821 602
221 382
332 492
244 897
621 615
553 658
475 162
793 73
224 535
481 66
461 591
709 362
556 280
546 258
965 752
895 448
254 877
702 641
923 78
854 588
512 269
943 240
428 933
693 911
734 132
352 488
675 195
335 588
735 69
885 542
744 83
767 298
879 581
532 689
536 394
591 428
367 635
522 229
282 571
872 354
93 182
367 829
622 317
641 415
690 680
745 648
764 617
857 492
214 51
99 640
724 636
216 703
205 73
924 307
319 193
342 215
608 180
493 334
824 299
518 298
903 338
588 42
754 715
422 912
574 109
322 434
494 748
443 17
85 811
742 855
178 286
610 647
927 220
369 51
62 419
814 548
29 383
876 472
937 779
557 713
157 144
785 552
491 523
592 863
241 263
930 716
405 792
102 297
506 859
548 360
440 784
19 955
833 357
213 751
746 289
306 437
199 168
224 22
759 400
890 481
401 575
232 827
223 690
684 448
748 441
63 773
589 381
392 559
331 939
657 552
767 360
314 931
153 940
763 106
304 512
263 944
583 831
418 965
572 806
868 605
780 795
86 364
234 742
456 298
115 891
220 949
277 649
520 915
230 492
325 893
712 706
534 729
246 891
210 453
301 79
284 9
606 145
436 380
460 330
210 702
321 449
384 682
457 111
39 123
459 898
888 784
337 148
212 925
514 716
839 938
695 161
409 542
754 894
671 893
476 502
771 766
867 690
906 91
850 340
378 359
179 660
790 798
292 925
406 535
871 646
412 937
316 731
79 484
689 112
572 395
294 134
59 856
210 619
425 904
812 780
942 88
727 265
916 168
761 822
318 155
940 60
287 423
548 531
932 485
274 558
77 410
613 654
10 792
46 367
912 180
73 307
437 493
276 813
706 403
962 649
747 770
180 385
789 387
419 488
496 443
79 39
813 200
324 153
654 599
12 950
773 37
617 533
706 693
393 918
913 568
164 748
812 407
815 833
706 548
104 964
488 419
915 691
516 882
357 569
37 783
855 128
162 569
553 914
184 75
164 722
292 609
276 923
701 845
311 317
502 823
801 204
922 10
310 837
811 800
633 251
818 287
931 68
844 514
354 700
557 792
9 335
749 48
740 248
408 577
2 425
90 21
538 151
496 638
429 923
637 406
239 110
352 744
553 723
125 296
415 361
487 844
626 792
163 618
205 773
666 297
232 762
891 388
803 55
585 498
491 723
681 426
13 697
105 424
698 162
366 731
938 206
887 300
923 799
784 685
656 839
765 22
308 567
277 219
356 462
196 397
624 630
489 811
843 283
112 239
97 157
370 85
885 487
857 208
678 605
76 762
518 42
833 79
772 501
359 816
12 446
180 552
915 234
97 948
827 816
887 293
267 389
433 458
397 793
769 112
366 589
115 847
333 530
652 491
357 822
964 319
910 418
362 451
301 278
900 156
170 769
209 202
24 229
801 305
107 29
589 476
398 730
205 467
480 867
711 532
694 185
768 352
7 289
531 524
914 274
293 284
367 261
884 334
227 687
378 833
414 771
624 510
537 473
646 533
439 756
599 101
230 824
415 926
840 514
277 857
560 805
445 403
411 239
30 322
687 166
420 698
699 234
202 782
774 389
118 460
727 312
894 134
222 206
538 727
499 442
851 516
851 274
307 546
862 510
665 149
665 771
434 694
9 807
175 461
931 246
128 249
182 44
2 734
663 104
649 682
463 925
666 626
631 339
872 896
686 479
617 481
727 650
837 70
587 649
273 833
95 571
556 644
443 235
48 947
85 67
268 393
161 831
24 274
795 477
212 884
447 207
201 75
336 184
634 499
477 884
180 838
570 7
613 163
712 42
263 847
787 612
850 93
468 316
282 939
357 736
690 831
454 784
336 474
410 175
421 36
352 480
266 560
854 401
802 734
213 765
311 597
791 879
869 380
720 842
2 905
474 794
193 100
693 649
12 68
89 750
18 444
826 656
449 714
99 78
544 449
319 491
612 848
214 216
490 561
534 346
574 253
405 798
62 465
851 889
929 522
215 742
370 759
155 206
197 327
786 859
130 256
170 736
444 567
804 907
551 724
554 939
97 375
346 85
183 439
950 477
921 341
832 904
243 948
564 333
584 206
68 935
106 382
730 737
402 56
403 497
395 596
912 314
694 477
592 696
203 172
350 728
874 539
354 647
892 805
905 635
28 49
66 252
146 763
20 160
451 400
170 334
172 94
492 392
833 107
808 709
305 1
231 594
222 5
4 344
8 454
227 218
412 549
459 63
646 481
461 346
599 268
33 520
840 360
625 407
21 39
243 789
853 84
854 322
709 138
896 313
179 820
699 172
494 333
434 308
83 574
284 411
655 958
463 226
245 859
654 754
548 955
346 767
498 73
600 75
785 530
111 824
759 74
537 621
49 897
6 592
245 376
441 609
322 93
239 414
183 509
132 625
779 218
836 409
343 898
640 164
132 93
600 82
46 798
658 846
769 804
429 233
398 502
734 140
719 823
833 471
616 406
656 663
930 407
329 363
449 532
229 547
415 806
452 60
755 240
233 171
305 278
431 858
146 786
308 261
40 955
846 246
97 574
421 701
445 945
482 957
46 42
158 334
381 212
827 486
165 473
923 779
296 436
656 321
41 160
698 488
440 861
379 662
485 771
306 151
161 693
381 423
316 791
420 309
145 89
272 623
477 889
577 126
943 918
913 92
383 137
96 466
926 703
871 607
566 929
795 449
213 33
175 862
897 964
902 343
150 87
734 300
31 853
387 822
78 190
579 513
718 800
790 509
172 265
88 670
538 611
917 660
357 729
19 788
350 141
962 765
63 413
931 77
950 655
577 72
930 868
772 330
455 782
354 265
895 241
342 723
369 844
498 159
611 725
357 296
13 438
363 807
622 849
698 372
130 521
867 481
694 167
367 378
188 486
964 169
827 204
740 538
464 123
762 782
658 789
71 50
310 4
721 739
940 574
460 491
922 394
801 126
268 694
660 806
913 754
454 516
944 835
139 675
843 187
419 541
37 878
180 131
529 405
847 320
884 510
886 754
106 385
786 594
452 149
739 590
760 126
407 229
88 604
707 672
273 1
807 580
848 635
884 236
851 99
635 798
397 725
508 243
187 123
122 822
782 248
602 553
125 459
783 540
272 411
879 93
38 88
261 252
942 514
428 936
219 366
792 198
578 894
408 421
289 809
898 389
41 569
371 350
504 125
110 761
477 544
722 336
465 374
894 722
743 6
60 36
349 920
197 61
262 228
302 420
289 679
751 481
736 6
555 570
572 756
439 911
354 450
930 784
199 302
695 677
462 327
230 533
895 781
674 465
566 684
20 37
816 908
549 16
789 855
756 33
4 78
100 90
106 801
624 174
735 63
575 646
669 146
889 625
859 583
751 351
552 639
554 143
774 523
557 242
4 499
819 398
512 396
804 346
570 555
112 719
193 399
320 354
853 755
912 235
624 165
471 191
962 554
727 366
786 402
241 475
60 678
91 267
379 57
395 606
103 609
343 683
21 350
171 449
617 734
835 102
737 253
746 439
88 139
53 45
335 521
523 261
118 86
359 71
533 356
99 893
813 233
82 373
927 700
534 152
932 693
513 403
949 842
180 651
509 152
439 205
25 924
524 744
326 299
128 814
510 290
573 576
478 118
801 810
849 690
316 703
603 249
755 111
534 2
89 350
723 912
804 613
751 413
494 381
93 152
719 947
868 607
784 204
336 13
290 85
670 635
308 789
455 934
573 287
280 15
337 757
30 223
379 491
106 353
513 39
552 6
878 617
368 888
903 291
27 596
766 449
158 750
607 250
870 536
211 237
586 419
89 713
777 641
962 671
943 478
84 648
214 911
488 778
69 152
640 460
54 402
406 380
703 510
269 436
232 271
233 391
32 801
657 293
108 116
146 963
239 84
349 916
796 374
637 566
451 786
641 870
684 922
662 193
834 743
637 679
545 726
783 153
751 419
148 318
259 341
232 529
542 95
467 867
410 625
927 515
254 749
310 222
224 795
830 474
485 108
879 345
626 39
203 695
168 509
189 888
7 758
467 577
716 623
644 297
147 787
247 403
82 635
265 380
857 250
378 648
714 597
81 667
325 965
842 138
185 499
646 368
702 863
878 514
292 353
662 405
596 890
9 910
346 56
830 63
764 717
620 92
786 193
751 433
950 884
666 321
98 233
379 77
715 641
408 491
418 821
223 558
940 198
778 185
886 257
189 763
373 244
450 201
641 429
75 3
317 66
769 742
127 383
147 405
311 612
166 297
353 278
337 7
375 54
711 877
328 682
238 449
415 125
795 40
564 320
263 887
803 184
461 31
662 237
946 474
90 574
576 40
466 448
529 339
964 934
309 321
440 859
455 888
542 881
192 336
525 434
122 100
766 350
553 183
644 382
55 658
760 147
924 939
192 463
798 739
177 413
714 332
183 131
518 153
923 712
20 812
347 820
314 259
288 326
273 707
348 480
224 830
228 705
335 538
283 512
583 739
583 46
911 429
161 374
76 474
333 453
923 237
566 907
623 403
456 91
294 496
96 924
776 878
817 521
59 428
888 268
5 794
523 782
474 528
875 463
953 503
863 747
778 202
102 810
106 531
452 571
203 148
386 258
963 60
707 634
546 548
965 867
568 808
551 399
293 592
355 747
817 673
671 443
149 61
675 105
273 442
390 531
872 46
671 253
527 280
711 527
217 895
678 732
789 439
161 904
49 492
585 178
487 797
273 846
267 2
388 839
534 452
754 733
938 398
956 430
102 527
175 463
695 574
426 935
816 168
304 770
51 600
843 660
700 891
289 135
204 74
276 591
957 79
692 780
513 121
398 915
312 358
519 813
295 536
461 880
603 510
17 314
144 334
346 77
369 292
354 157
322 942
545 663
758 439
430 580
126 873
307 17
1 433
642 673
936 585
773 788
351 365
902 887
102 844
880 844
453 163
441 115
745 104
945 670
488 522
254 81
405 49
106 927
72 515
469 512
510 60
517 102
909 778
132 4
522 115
762 194
523 424
368 128
401 919
680 81
165 663
591 719
351 362
260 701
641 602
306 888
589 772
942 791
611 811
369 578
246 711
636 512
251 63
90 717
842 348
111 689
847 237
726 76
162 321
272 385
401 149
792 173
912 236
642 734
733 754
591 153
353 603
762 899
908 120
195 767
345 899
588 779
93 483
57 770
132 212
740 1
207 367
285 211
810 83
136 691
946 531
459 511
268 432
930 175
905 798
18 437
534 533
758 153
541 370
836 563
448 788
193 922
913 830
442 709
892 108
216 501
86 448
658 522
753 306
643 303
493 428
5 107
962 597
925 394
170 445
377 663
229 195

955 2463
446 859
259 268
344 456
492 942
19 743
664 940
596 235
690 80
709 308
633 747
534 362
493 682
756 539
430 134
500 55
731 721
934 692
385 338
724 774
833 697
777 404
132 79
797 286
464 276
675 427
422 952
4 35
261 193
172 924
873 652
254 390
89 445
128 213
515 451
398 883
447 237
215 655
537 168
667 387
477 333
562 224
714 874
69 786
735 357
130 491
828 291
890 837
782 739
325 156
833 495
680 933
751 527
112 295
2 794
884 653
495 219
565 545
529 523
659 676
825 506
629 127
758 797
671 181
158 583
897 725
862 154
438 247
656 335
439 529
387 535
707 225
546 161
250 671
289 499
947 782
833 254
45 757
742 805
839 783
38 880
27 208
820 745
929 9
196 67
783 708
644 670
370 330
232 674
716 537
879 447
735 913
440 153
810 821
230 731
747 729
952 52
403 504
314 955
629 725
585 509
877 699
1 51
737 265
777 690
425 568
651 876
581 542
600 949
275 701
882 751
224 787
891 775
160 357
253 877
424 741
544 278
770 478
78 904
261 148
651 321
249 623
124 324
235 690
215 845
440 532
55 932
188 356
557 941
437 463
135 65
837 295
434 228
71 548
510 465
489 828
406 536
440 370
871 146
639 812
335 788
604 884
678 301
186 774
854 185
825 421
274 485
439 488
893 181
171 160
602 196
124 731
51 45
721 582
346 333
738 679
373 277
292 904
162 107
120 93
57 749
541 910
45 929
324 222
439 399
684 366
376 336
842 955
421 27
668 583
866 650
746 649
380 241
436 726
950 653
572 586
850 347
524 595
321 776
193 916
515 784
695 763
862 775
101 420
674 9
625 459
471 904
681 540
393 580
393 31
377 130
765 441
35 324
492 8
830 353
81 841
784 438
530 910
237 469
202 334
425 287
890 589
731 160
296 441
868 847
886 122
264 447
470 754
181 744
843 277
685 640
138 264
907 650
343 938
512 774
614 399
386 692
812 850
635 465
564 809
33 234
896 702
16 563
770 410
201 38
516 427
402 426
593 581
667 474
872 183
585 629
363 572
383 667
910 298
81 108
862 805
144 711
15 204
890 893
249 422
286 566
770 789
589 903
443 444
299 467
142 368
422 117
925 535
734 580
773 8
297 749
414 777
307 337
866 439
277 100
101 661
746 23
233 691
862 34
543 613
325 494
950 36
293 698
185 289
520 604
848 487
383 935
90 760
848 361
665 920
816 919
28 834
698 874
669 230
135 3
107 5
783 660
842 112
626 133
570 662
131 350
681 327
426 830
449 72
737 677
849 630
865 692
432 114
710 61
569 253
363 7
751 749
211 187
410 521
605 684
343 501
218 11
370 520
295 811
321 885
195 844
125 61
770 127
718 601
911 231
562 871
317 225
247 53
11 276
584 82
750 878
269 126
881 91
311 455
920 447
604 718
358 938
228 137
601 868
170 467
127 729
951 663
665 672
276 700
301 777
945 624
228 144
144 946
804 427
420 775
702 815
425 468
43 933
52 714
105 363
886 636
34 268
674 880
805 5
40 588
38 235
189 714
246 901
842 471
376 23
792 618
83 607
390 425
411 737
613 218
783 739
471 765
247 302
846 923
461 124
689 790
249 879
604 236
932 523
420 298
443 853
890 343
425 818
590 586
774 109
443 264
592 842
558 492
560 867
279 296
138 473
621 28
217 827
953 769
663 390
44 905
171 230
907 103
488 728
12 577
397 35
399 259
124 672
847 74
238 56
425 810
337 515
302 751
921 775
75 806
519 777
187 736
478 289
133 319
199 633
183 788
903 639
303 112
244 158
770 285
676 868
423 289
760 945
815 606
450 449
451 40
329 382
679 586
934 726
351 478
209 900
908 936
144 752
899 608
594 347
479 442
727 558
431 520
363 405
203 921
257 94
313 169
611 846
617 832
887 517
11 644
174 80
663 822
159 686
879 320
203 445
775 5
184 662
13 745
554 287
46 219
759 458
708 79
600 848
855 424
624 28
605 22
951 579
168 50
171 47
652 791
301 266
48 306
800 407
755 806
386 735
595 346
211 101
432 342
420 661
771 135
211 426
558 189
117 147
602 724
875 542
271 803
184 922
404 384
501 511
852 329
193 860
912 281
567 365
788 561
271 510
828 133
673 365
255 890
133 533
499 694
61 387
500 229
89 407
623 155
91 890
368 784
865 249
224 788
98 95
448 578
839 635
920 54
154 825
370 419
876 558
683 361
448 363
374 338
40 383
508 269
275 765
139 811
712 524
584 790
331 37
321 417
276 106
652 176
900 313
107 934
515 805
256 603
545 219
639 378
677 462
698 510
937 862
830 633
281 758
672 194
634 372
832 408
499 644
446 107
602 197
909 658
806 325
14 533
610 773
792 277
279 894
451 13
179 144
75 867
755 398
774 606
852 764
751 15
274 74
321 338
739 345
171 11
523 645
525 804
909 570
456 190
711 459
187 395
877 829
143 22
646 838
868 15
10 854
561 609
886 720
765 641
30 250
774 519
70 478
461 842
9 492
541 603
414 789
328 1
22 687
829 277
631 105
895 586
295 511
100 582
85 768
840 929
268 698
551 615
7 298
156 154
826 213
8 588
499 432
377 742
219 817
570 523
754 681
375 690
749 610
18 953
236 768
539 377
426 947
11 656
407 233
376 462
517 855
615 515
64 379
598 311
297 215
518 254
350 843
518 916
335 488
323 871
489 793
308 379
537 618
171 683
171 126
64 84
795 112
910 88
238 58
590 749
80 633
858 530
342 537
556 173
158 81
90 356
870 292
196 553
821 416
21 253
613 729
248 643
361 767
213 518
698 211
171 305
869 485
662 132
565 609
606 317
783 591
371 918
780 23
428 892
803 371
622 587
110 305
934 839
792 50
596 862
15 221
56 418
369 688
905 684
782 113
658 249
733 328
3 420
520 416
919 296
478 950
706 471
120 302
199 795
608 670
755 545
82 867
91 823
70 426
256 524
648 713
41 688
445 557
579 806
710 858
753 720
701 263
494 639
483 640
218 926
775 43
279 824
12 597
729 925
877 343
130 809
256 404
782 814
850 891
909 476
217 526
785 409
295 520
261 648
683 858
410 494
704 637
877 739
508 477
715 937
556 371
954 204
719 540
178 895
10 234
691 391
268 332
587 547
917 841
561 346
34 528
697 907
809 65
152 603
245 87
192 77
583 836
199 496
372 955
352 259
5 258
248 671
176 721
230 83
692 569
881 189
955 268
60 374
483 543
28 212
602 631
123 734
378 586
76 406
592 455
902 420
616 716
897 292
75 800
684 850
850 179
482 890
896 439
19 306
719 951
939 389
176 712
25 277
320 780
743 215
157 784
303 428
485 521
624 293
275 861
597 392
3 949
816 609
376 547
358 599
760 649
906 744
670 26
85 538
95 592
716 775
879 128
124 278
443 519
229 859
286 516
286 217
343 621
128 610
556 174
898 334
81 137
797 755
142 734
713 791
152 76
300 316
285 432
850 750
432 603
257 328
271 425
826 263
184 694
776 410
834 909
765 184
270 628
842 278
536 330
592 103
683 176
426 350
797 168
934 834
799 196
55 116
580 888
465 442
377 885
733 262
56 339
170 295
214 243
272 629
423 470
153 163
392 143
913 102
787 566
1 279
668 854
541 11
302 291
11 289
267 500
782 832
525 643
22 821
538 530
426 671
598 55
270 409
606 686
459 352
723 738
940 932
27 171
784 440
400 295
899 450
334 357
25 671
468 641
347 287
526 872
230 101
549 415
55 561
648 641
654 487
740 420
139 55
13 391
78 8
207 113
891 378
30 352
880 835
827 665
790 510
500 899
873 565
434 194
18 701
197 696
776 641
114 659
853 711
53 25
330 843
6 715
499 250
31 379
750 442
369 944
522 899
944 850
654 554
416 751
682 205
874 558
359 543
484 659
73 915
811 173
278 180
133 260
90 632
951 727
933 376
369 405
387 137
376 449
766 825
749 437
617 257
109 790
2 496
597 470
541 425
323 62
913 66
911 715
508 500
600 63
476 27
921 421
631 251
463 613
263 418
184 905
345 126
588 14
385 77
541 715
925 182
249 512
568 599
478 77
744 238
432 191
268 192
507 591
628 171
323 39
287 510
435 766
826 527
791 357
123 524
380 630
362 594
236 293
570 520
175 42
519 287
336 756
246 385
484 436
508 702
532 23
3 237
298 560
945 340
870 139
916 232
758 415
493 68
373 632
949 864
533 97
684 19
299 55
392 403
647 50
450 866
568 65
328 709
864 66
448 820
16 521
683 474
871 459
213 178
551 532
843 39
419 98
936 152
592 485
893 120
545 14
909 891
301 139
196 554
855 926
549 421
328 716
510 724
332 743
774 31
939 886
686 262
489 4
55 301
393 129
530 15
948 895
56 528
917 163
520 606
406 905
687 557
743 639
509 52
822 842
900 231
278 813
852 536
944 265
858 707
548 311
101 767
217 474
407 845
935 730
402 258
264 383
430 332
412 687
469 869
896 277
384 579
422 15
563 242
484 732
712 98
749 291
269 526
256 216
898 523
666 828
629 739
460 293
64 11
644 626
269 265
585 840
456 895
201 119
952 665
592 315
205 498
868 67
742 219
359 192
837 162
718 9
92 946
898 403
334 101
61 137
306 445
37 224
330 122
24 769
728 670
69 708
33 419
678 934
628 514
313 147
914 287
467 505
620 619
308 719
520 920
792 223
757 83
704 65
499 383
694 502
192 491
131 223
920 643
508 484
568 518
855 390
161 289
769 511
255 92
238 817
388 947
523 639
391 422
333 876
239 680
944 632
726 256
121 951
713 320
527 34
792 667
278 442
23 727
871 947
306 873
765 315
494 311
616 462
599 805
548 485
309 55
662 655
186 233
82 70
487 54
71 104
81 457
687 866
409 831
752 238
140 730
543 501
565 56
827 724
617 547
603 607
420 21
455 445
848 728
544 380
545 354
377 669
565 218
166 191
314 28
112 553
726 274
88 610
503 474
532 207
219 233
782 121
718 253
370 650
167 148
727 714
702 234
942 195
946 245
822 661
899 57
612 243
578 626
890 509
867 913
341 559
413 849
287 221
932 723
679 827
940 761
26 412
600 366
320 158
769 541
117 99
789 594
637 125
342 347
931 87
695 349
627 622
663 201
22 819
521 61
316 468
597 266
247 736
695 7
862 524
940 942
834 223
342 882
657 385
30 200
552 702
365 455
354 834
190 121
905 883
621 768
218 366
511 114
662 406
169 501
233 445
922 150
286 273
380 596
397 274
289 393
420 2
404 196
134 755
916 787
643 599
858 618
92 62
210 134
599 736
910 227
860 569
238 253
699 637
830 687
62 480
652 187
127 218
255 401
312 547
629 255
520 676
226 844
291 841
673 395
812 487
837 30
181 660
455 608
612 232
902 604
159 187
161 584
113 780
537 111
166 219
170 221
212 944
230 307
55 363
151 535
762 360
560 672
86 72
269 51
915 74
311 408
383 831
367 154
846 630
830 91
685 769
355 610
778 779
377 4
356 810
103 684
714 752
272 770
170 398
490 444
237 704
473 215
611 473
388 710
673 624
638 439
360 703
274 828
649 434
445 847
762 371
484 779
712 89
443 126
526 700
296 86
60 151
633 134
377 730
241 813
37 764
325 138
223 416
370 84
887 627
342 923
435 474
400 520
554 620
385 687
557 465
46 698
318 95
401 509
340 786
153 193
695 152
329 441
459 231
333 119
745 717
4 733
429 89
143 385
367 615
722 690
771 876
83 170
97 665
843 273
103 512
103 819
141 647
879 178
717 638
170 860
651 198
766 801
916 226
807 6
916 852
386 811
150 558
541 118
802 303
603 907
106 225
198 204
634 699
692 930
289 430
770 417
574 394
298 308
281 148
688 756
543 739
568 607
453 789
770 231
60 350
388 691
358 894
418 717
697 763
310 765
721 887
595 503
506 237
732 767
14 298
867 308
872 372
300 261
675 585
507 459
822 134
868 285
319 509
802 777
676 357
475 211
628 11
497 575
649 784
762 292
251 642
74 361
537 855
938 165
14 369
260 457
467 399
28 727
177 43
863 918
917 351
5 411
48 946
31 33
767 476
273 294
76 347
938 394
166 555
459 892
703 325
120 773
193 591
770 249
38 795
655 888
459 306
901 407
408 426
813 128
482 58
49 392
451 953
661 502
668 747
894 910
327 507
185 696
15 473
918 581
852 871
318 202
525 466
414 275
507 159
526 741
157 595
731 453
590 827
607 763
495 518
453 617
641 8
238 181
408 875
704 680
392 570
300 355
139 717
429 438
549 639
680 140
486 22
43 131
317 427
359 560
834 435
401 144
692 224
19 339
760 41
297 877
483 642
597 783
527 185
72 43
933 679
167 676
151 750
80 949
202 681
800 169
285 232
437 345
535 190
161 303
487 772
769 485
381 844
490 377
535 361
566 244
474 878
259 375
757 356
16 53
487 607
366 852
301 460
711 928
179 528
274 772
224 167
902 419
763 862
489 280
447 708
141 186
74 722
865 360
276 777
673 576
162 455
346 526
520 747
366 249
525 101
69 494
181 773
630 732
671 363
450 381
930 937
56 924
167 952
886 430
504 269
949 198
204 387
602 896
589 485
882 711
96 326
632 120
61 493
689 471
466 127
395 754
530 414
531 907
292 732
423 442
703 137
742 267
523 930
697 923
607 248
316 455
374 830
530 759
434 950
805 330
944 631
409 775
526 172
250 446
344 66
678 662
348 443
300 866
726 130
212 441
394 906
542 391
813 412
196 418
79 375
562 921
620 108
644 183
363 209
336 692
337 848
48 120
747 115
530 202
205 806
697 16
788 849
244 340
430 582
185 341
5 66
233 283
947 188
903 312
705 370
943 868
301 210
430 85
343 315
718 744
556 917
83 636
902 399
52 769
80 245
481 745
400 177
897 149
385 441
814 594
157 213
252 213
125 652
879 637
309 10
937 849
96 4
189 740
874 905
144 197
74 804
146 162
338 263
672 38
72 935
55 365
669 92
293 813
789 611
516 746
663 222
539 84
372 234
448 211
249 627
128 774
825 416
202 462
594 137
99 135
527 241
340 467
607 498
510 878
352 430
337 1
155 6
504 89
877 9
851 616
268 929
905 658
716 666
518 830
669 268
671 450
512 516
214 503
693 491
776 99
88 496
849 342
707 816
651 751
716 514
897 248
257 345
79 163
504 463
306 902
842 852
864 447
527 227
192 706
304 908
466 704
34 796
477 170
813 155
580 749
34 655
184 96
420 833
296 592
799 711
766 323
911 419
783 853
402 689
311 489
739 728
890 433
448 910
946 639
638 153
162 292
845 545
812 379
113 901
409 837
673 219
212 193
352 927
494 718
807 143
638 422
915 572
900 434
903 781
703 112
45 549
12 255
18 146
898 248
297 551
734 635
929 217
823 54
239 640
679 743
367 863
105 498
909 553
952 277
552 762
111 881
740 297
947 538
583 472
622 152
309 350
296 754
777 255
742 379
142 939
292 393
772 294
295 172
278 785
764 803
819 440
234 181
239 107
166 245
717 83
865 505
379 577
488 397
456 257
715 799
261 435
375 96
892 507
508 749
55 327
611 536
522 360
580 924
444 401
566 20
228 177
548 15
203 637
274 743
442 190
208 213
713 935
218 463
534 473
774 903
497 316
574 188
49 875
727 488
729 871
56 216
42 831
292 547
648 572
777 709
264 805
506 181
731 449
862 259
517 273
561 255
52 454
346 167
71 651
376 264
875 630
329 182
257 100
421 83
793 397
835 912
731 425
549 226
84 269
666 398
524 365
340 212
732 899
659 603
143 555
353 778
545 608
858 402
662 760
563 430
47 769
197 826
953 564
938 59
777 460
648 338
466 662
553 277
736 19
256 504
275 68
5 211
273 667
721 850
723 73
299 331
744 535
251 655
694 474
514 523
14 888
791 384
79 146
654 648
894 13
196 854
914 384
919 799
829 243
613 38
686 281
379 621
915 761
24 406
709 899
672 545
360 366
147 464
40 246
244 638
376 778
524 933
253 803
253 366
623 339
181 684
219 697
382 855
553 73
275 558
813 828
579 83
343 391
551 308
629 111
635 399
912 418
623 678
477 259
583 244
287 605
176 636
359 606
786 531
789 177
504 200
168 94
190 74
937 213
340 677
505 789
234 445
125 527
841 545
419 920
429 33
61 53
21 362
850 754
835 401
402 771
166 189
647 172
747 125
948 327
484 221
374 794
947 508
296 117
522 313
704 506
460 322
523 209
270 672
449 247
203 268
480 372
290 769
368 604
644 781
739 575
222 785
49 333
32 200
450 364
53 564
270 172
184 45
202 833
477 931
4 309
924 185
120 458
447 618
375 473
784 721
639 331
354 256
556 442
905 663
411 592
48 310
359 581
519 745
483 687
912 639
537 604
509 340
405 393
800 799
101 458
433 112
749 938
828 351
889 863
892 252
76 895
650 78
866 387
773 949
904 188
743 843
637 229
398 767
147 211
457 596
378 920
116 692
636 419
268 658
169 920
832 599
346 800
292 367
475 588
332 467
498 935
869 249
210 422
671 311
547 294
71 509
938 418
167 483
122 890
33 80
53 747
513 814
953 620
533 291
347 807
388 729
299 246
372 360
604 920
454 531
299 768
316 157
856 581
653 197
747 573
906 167
829 686
638 799
226 837
652 502
533 443
844 570
615 761
266 664
253 536
398 291
201 933
386 17
206 75
279 773
581 330
448 858
254 418
475 435
539 263
387 745
317 205
48 500
249 802
530 808
88 43
125 250
586 636
509 208
420 541
96 480
353 153
465 839
583 888
486 224
752 444
628 780
331 59
115 301
387 304
817 529
412 901
487 526
237 333
519 443
99 810
760 112
30 810
861 536
254 894
807 598
158 687
304 111
733 682
627 113
461 838
777 93
467 611
144 718
640 776
719 396
25 235
744 322
138 266
727 476
484 530
693 151
919 256
613 571
65 906
917 815
238 159
148 86
848 63
939 607
65 752
100 721
78 17
416 390
107 897
69 740
606 675
133 952
272 563
830 737
65 899
656 798
570 828
26 798
65 359
446 403
230 428
643 645
76 770
611 855
848 522
596 344
465 381
70 702
567 148
696 430
272 864
314 423
82 510
429 725
450 478
453 944
717 622
193 741
675 681
315 54
616 25
317 668
581 778
586 266
572 361
630 933
233 210
840 326
367 379
739 377
100 83
837 359
587 502
533 739
954 69
903 433
390 81
819 235
639 554
74 414
20 633
771 662
773 235
115 496
68 744
926 637
490 789
15 168
346 785
903 379
232 195
255 51
573 138
593 641
22 293
98 919
209 309
618 206
374 647
410 873
322 866
167 681
547 618
472 912
399 895
879 394
20 512
790 100
867 659
686 494
562 255
12 156
641 769
864 507
668 188
556 481
519 186
339 593
428 774
529 84
568 89
182 594
75 910
645 187
265 679
49 242
915 755
59 370
139 314
379 913
730 420
414 69
204 807
13 600
347 919
136 125
84 403
819 586
785 219
753 100
54 286
775 911
316 427
725 603
392 257
268 761
910 56
936 573
684 638
13 28
306 435
804 182
218 305
271 297
133 182
756 143
629 135
427 653
360 13
533 508
849 801
722 784
65 51
157 866
175 489
548 258
715 89
845 395
722 13
104 716
158 596
837 748
359 205
38 345
663 501
479 34
191 648
581 156
895 746
757 379
744 267
878 832
649 565
637 177
582 850
418 649
237 195
351 335
524 274
36 191
356 294
433 266
182 655
420 603
609 527
869 85
799 99
565 295
824 426
442 878
277 474
44 571
319 270
737 263
231 408
621 709
60 745
784 486
325 868
571 884
881 489
829 52
942 269
138 615
803 156
441 118
600 83
874 606
231 207
696 764
470 251
753 587
863 624
634 619
853 656
753 334
310 222
766 873
287 698
721 950
43 789
561 720
686 334
217 413
237 908
196 578
538 90
723 474
874 908
800 428
801 274
875 759
713 555
90 169
156 410
864 585
646 716
169 216
649 307
98 283
893 903
360 589
803 483
453 550
844 295
295 760
170 121
585 228
75 300
468 70
405 505
615 629
139 165
190 577
921 345
387 915
688 334
105 275
145 869
187 948
4 6
810 499
304 872
233 60
330 508
617 281
948 460
730 101
719 126
813 389
671 310
309 17
883 321
305 354
728 679
658 952
634 900
641 845
275 789
682 392
887 337
797 30
547 555
159 785
878 475
346 808
955 427
836 510
70 595
399 557
113 252
955 536
59 591
557 324
445 618
85 451
17 931
688 849
121 560
530 611
622 830
551 620
606 916
167 178
742 340
431 265
642 78
826 633
498 13
403 929
840 299
206 808
920 952
932 807
510 378
348 369
849 316
244 664
647 795
541 308
362 248
166 210
644 470
829 695
403 631
406 300
306 86
90 859
825 223
188 86
946 637
435 116
876 528
710 343
297 781
688 752
836 745
140 160
418 436
77 262
224 364
359 146
11 725
451 538
440 670
257 312
79 2
323 43
421 352
902 91
132 64
50 74
930 112
344 648
589 141
476 747
331 639
10 377
195 370
622 864
899 652
879 382
312 602
149 840
172 351
853 536
47 50
529 794
255 504
201 870
57 855
96 65
214 451
45 451
502 332
271 380
865 645
130 429
138 643
207 782
551 206
773 811
5 689
712 917
826 426
21 465
137 716
796 696
548 915
206 871
440 283
463 636
314 114
919 459
727 490
218 3
272 546
406 786
128 631
65 924
834 258
908 573
267 338
749 405
180 123
499 323
789 116
384 576
704 239
560 164
900 849
798 226
221 92
548 922
607 599
796 889
348 199
174 374
251 151
17 134
234 158
97 176
900 772
750 501
953 418
259 411
150 21
223 183
461 406
230 455
508 170
953 856
56 80
738 628
627 745
67 125
324 159
489 870
226 536
828 287
421 863
579 470
392 396
871 268
507 467
783 618
219 685
92 725
114 732
352 191
852 914
376 746
424 829
436 76
296 155
95 277
61 133
63 865
283 439
675 921
603 340
146 623
900 209
189 715
122 260
470 220
846 470
61 359
193 236
545 698
179 49
255 378
275 79
519 574
8 829
763 486
433 13
689 474
307 405
512 625
790 450
186 436
906 486
362 309
128 485
574 638
407 312
160 307
