18

817 1276
1 579
2 208
2 13
3 729
4 460
6 552
7 376
7 456
7 799
8 537
9 770
9 275
11 260
11 373
11 46
12 676
12 581
12 77
14 677
15 3
15 391
18 718
18 271
19 755
20 42
21 633
25 697
25 385
27 518
27 166
28 313
29 90
31 611
31 717
32 248
33 581
34 623
35 646
36 801
36 492
37 761
37 730
38 480
39 636
40 568
40 276
42 136
42 599
43 784
43 433
43 126
43 278
43 425
44 233
44 658
44 595
44 498
44 758
45 373
47 736
47 498
48 38
48 447
49 536
49 596
49 45
52 304
52 401
52 805
52 87
54 174
56 810
57 225
57 339
58 248
58 137
58 627
58 479
60 250
61 232
61 243
61 358
61 631
63 779
64 140
64 20
67 520
70 673
72 722
72 708
72 306
73 533
73 303
74 772
75 627
75 582
78 786
80 160
82 170
82 30
82 807
83 489
83 802
83 159
83 585
83 695
85 400
85 553
85 780
86 357
86 813
87 43
88 440
88 21
89 304
89 355
89 230
90 811
90 51
90 380
90 775
91 565
93 155
94 618
95 256
95 709
96 413
96 239
97 583
99 783
100 177
100 132
101 698
101 43
101 292
102 765
105 548
106 617
106 407
106 487
107 353
107 558
107 798
107 743
108 160
108 591
109 282
109 741
109 695
110 433
110 721
111 324
111 364
113 610
114 528
114 532
115 435
119 223
119 637
119 143
120 34
121 368
121 588
122 406
123 624
124 184
124 814
125 550
126 705
127 65
127 396
130 760
130 233
131 181
132 601
133 147
135 205
136 448
137 403
137 716
138 44
140 816
141 778
141 527
142 202
142 798
143 182
144 552
144 555
145 171
145 527
147 98
147 511
148 256
149 461
150 117
153 539
154 474
156 137
156 222
156 671
157 216
157 410
158 333
159 524
160 188
160 611
160 4
160 190
162 472
162 556
165 684
165 277
165 302
165 231
166 354
166 518
167 172
170 38
171 760
171 738
171 351
172 663
173 39
175 713
175 539
175 651
175 276
176 682
176 407
177 650
177 434
177 407
178 119
179 659
180 396
180 429
180 534
180 7
184 340
186 100
187 401
187 714
187 811
189 262
189 326
190 742
191 627
193 556
194 547
196 707
198 624
198 132
198 479
201 482
201 373
202 346
204 586
205 439
206 594
206 171
206 643
206 759
207 283
210 321
210 805
210 750
212 589
214 770
215 488
215 20
216 572
216 694
217 651
219 382
223 657
223 815
224 102
225 420
226 323
226 606
226 766
226 134
227 466
227 596
227 605
227 575
228 531
228 644
229 631
230 698
230 278
230 63
231 599
231 255
233 225
233 434
234 140
234 61
235 41
236 33
236 461
237 362
237 514
237 39
239 612
240 192
240 479
241 312
245 716
245 727
247 148
247 663
248 480
248 640
250 52
250 125
250 286
251 152
251 681
252 761
252 666
252 714
253 646
254 89
254 812
255 7
256 227
256 268
258 185
258 452
260 146
262 533
263 88
263 321
263 86
263 793
264 257
264 634
264 364
267 402
267 303
268 164
269 736
269 776
269 338
269 581
269 813
270 216
270 429
271 664
271 277
272 126
272 278
274 768
274 482
274 422
276 174
276 695
277 168
277 806
277 622
277 470
278 548
279 448
280 578
283 541
285 180
286 457
287 473
287 435
287 804
289 699
290 326
291 116
291 398
292 290
293 2
293 307
295 229
295 206
295 495
296 590
296 631
297 338
297 789
297 614
298 261
299 452
302 359
302 508
302 31
303 776
303 272
303 240
303 156
303 597
304 113
304 466
307 806
308 808
308 28
308 212
309 364
310 38
310 135
311 522
311 516
314 778
315 624
321 679
322 316
322 790
324 431
325 778
326 289
326 692
327 277
327 782
328 768
328 83
328 550
329 497
329 714
329 163
331 433
333 526
334 683
334 307
334 485
334 613
335 478
335 486
335 303
336 649
336 554
337 41
337 660
337 567
338 172
339 593
339 331
339 295
340 297
341 489
341 658
341 487
342 393
342 47
343 424
343 73
343 426
343 67
343 461
344 185
345 376
345 378
346 84
346 68
346 157
346 349
347 168
347 674
347 267
348 320
348 137
348 148
348 333
348 399
349 788
349 414
350 606
351 131
353 472
353 458
356 732
356 631
358 173
358 325
359 814
360 418
361 466
362 514
362 86
363 642
363 469
364 461
366 680
366 187
366 679
367 204
367 421
368 728
368 83
370 746
370 667
371 34
373 337
375 546
375 571
375 439
376 417
376 323
376 492
376 375
378 160
378 352
378 64
378 673
379 731
379 732
380 34
380 346
380 588
380 45
384 476
384 79
385 609
385 780
385 806
386 104
386 121
386 162
386 640
386 369
387 722
387 459
387 44
389 618
393 776
394 233
395 679
395 687
397 718
398 493
399 162
399 443
399 155
399 782
401 43
401 286
402 400
403 19
403 99
407 169
407 106
408 464
408 59
409 700
412 661
413 41
413 646
414 251
414 725
415 72
415 459
415 108
416 568
417 569
417 731
420 378
420 66
422 310
423 86
424 277
426 298
426 51
428 365
430 635
431 596
431 429
432 618
433 808
434 194
434 162
434 387
434 210
434 23
435 373
436 732
436 395
436 396
436 166
437 442
438 154
440 569
443 194
446 418
446 157
446 775
447 515
447 804
447 445
447 219
448 612
448 324
449 290
449 93
449 407
450 228
450 746
450 252
451 24
451 36
451 262
452 223
453 586
453 571
456 443
456 191
457 406
458 730
458 238
460 341
463 137
464 234
464 534
464 159
467 225
467 308
467 213
468 53
468 742
469 512
469 1
469 6
469 519
469 521
469 10
469 523
469 525
469 14
469 16
469 530
469 22
469 538
469 540
469 29
469 542
469 545
469 35
469 549
469 551
469 291
469 557
469 559
469 560
469 561
469 562
469 54
469 56
469 58
469 95
469 60
469 573
469 574
469 577
469 11
469 69
469 584
469 587
469 76
469 592
469 85
469 602
469 603
469 604
469 37
469 607
469 608
469 97
469 101
469 615
469 105
469 618
469 621
469 112
469 626
469 628
469 629
469 118
469 120
469 122
469 638
469 639
469 128
469 641
469 130
469 138
469 139
469 141
469 654
469 109
469 144
469 145
469 195
469 662
469 665
469 670
469 672
469 675
469 686
469 285
469 176
469 690
469 696
469 186
469 704
469 193
469 706
469 203
469 196
469 197
469 710
469 711
469 712
469 201
469 715
469 719
469 92
469 209
469 723
469 724
469 726
469 215
469 217
469 218
469 207
469 734
469 735
469 224
469 226
469 739
469 740
469 178
469 744
469 747
469 749
469 751
469 241
469 242
469 211
469 756
469 249
469 762
469 763
469 764
469 253
469 254
469 771
469 773
469 774
469 263
469 264
469 777
469 269
469 787
469 792
469 794
469 796
469 797
469 287
469 800
469 48
469 803
469 293
469 294
469 305
469 296
469 809
469 301
469 817
469 309
469 317
469 318
469 319
469 322
469 96
469 330
469 332
469 334
469 336
469 142
469 345
469 348
469 350
469 356
469 361
469 363
469 50
469 370
469 371
469 62
469 374
469 379
469 381
469 235
469 389
469 237
469 405
469 153
469 408
469 411
469 412
469 150
469 415
469 416
469 214
469 419
469 423
469 430
469 158
469 441
469 446
469 449
469 450
469 75
469 454
469 455
469 129
469 462
469 467
469 475
469 477
469 481
469 483
469 484
469 490
469 491
469 496
469 502
469 503
469 504
469 506
470 149
471 154
471 245
472 410
472 258
474 493
476 673
476 155
477 451
477 390
479 531
479 404
479 366
480 367
481 32
483 513
483 566
484 260
485 497
486 499
487 692
488 82
488 781
488 23
489 500
490 510
492 21
493 453
494 82
495 349
496 385
496 501
497 360
498 323
499 306
499 516
500 669
501 5
502 248
502 70
504 630
505 288
505 383
506 633
506 730
507 678
507 78
508 82
509 466
510 543
511 40
511 667
513 465
513 18
514 664
514 802
518 812
519 137
519 74
519 394
520 113
521 106
521 390
522 691
522 645
523 119
524 754
524 543
525 576
526 280
526 625
526 27
527 388
527 494
528 432
528 278
532 552
532 692
532 220
534 567
538 656
540 642
543 650
543 372
544 486
545 103
546 786
546 244
547 189
548 555
548 599
550 84
551 72
551 464
553 165
553 565
553 589
553 191
554 806
555 57
555 114
555 315
555 476
556 683
557 731
557 117
560 783
560 119
560 180
560 71
562 600
562 42
562 183
563 91
564 121
564 115
564 342
565 442
565 583
568 448
569 720
570 161
570 204
570 127
571 401
571 17
571 82
571 663
572 328
572 33
572 18
573 83
574 632
575 605
576 26
577 470
577 791
578 716
579 110
580 727
581 165
584 437
585 520
585 55
587 529
587 396
587 281
588 295
591 685
592 795
593 671
594 565
597 352
599 693
599 94
601 528
601 717
603 368
603 709
604 390
606 299
607 265
607 28
608 270
608 647
609 368
610 558
611 552
611 713
612 284
612 420
613 755
614 428
615 384
616 635
616 329
616 311
616 591
618 657
618 117
619 335
620 353
621 688
621 493
622 509
623 427
623 447
625 94
626 154
628 258
629 620
629 36
630 566
631 486
633 273
633 745
634 383
636 274
637 785
638 283
638 443
638 71
639 644
639 468
640 614
641 417
641 667
643 327
644 812
644 357
644 199
646 168
647 247
649 482
649 742
650 645
651 570
651 77
652 802
652 188
653 52
654 653
655 409
655 132
655 767
660 783
661 175
664 67
665 266
665 4
665 463
667 114
667 511
668 497
668 106
668 725
669 452
670 745
670 164
671 507
671 366
672 599
673 184
674 447
674 279
675 544
675 417
676 443
677 655
678 377
678 343
679 585
679 143
680 594
680 259
680 694
681 321
681 595
681 15
682 124
683 658
683 757
684 8
684 392
685 619
685 221
685 103
686 652
686 230
687 275
687 151
687 701
687 245
688 314
688 580
689 657
690 515
690 595
690 436
690 709
691 752
691 108
691 738
691 380
691 111
692 123
695 539
695 308
695 437
696 553
696 175
697 474
697 238
700 804
703 401
703 179
703 753
705 49
708 432
709 299
709 733
710 417
711 480
711 554
711 124
712 247
713 257
713 813
714 338
714 316
715 410
715 703
716 57
718 250
721 717
722 426
723 290
723 682
724 250
724 188
725 656
725 137
725 674
726 534
728 714
728 133
728 535
729 12
730 668
730 270
731 598
732 340
733 599
735 320
735 529
735 772
736 392
737 617
737 532
738 170
738 813
738 382
742 705
742 748
744 677
745 292
748 272
748 625
749 624
749 508
750 650
750 610
751 80
752 648
753 640
754 618
754 46
756 457
756 70
757 505
757 699
757 444
757 7
758 616
758 403
758 396
760 689
760 157
760 609
761 100
762 162
764 344
764 737
765 8
765 463
766 472
766 650
766 246
768 511
769 329
769 531
770 564
771 107
772 397
775 769
775 498
775 236
776 652
779 563
780 497
780 386
780 643
780 565
780 167
781 300
781 599
782 347
783 200
784 202
784 507
785 590
785 213
785 198
786 634
786 556
786 750
788 578
789 89
791 388
791 702
793 299
793 46
794 812
794 612
795 816
796 730
796 746
797 81
797 517
797 801
798 257
799 399
800 471
801 338
802 729
802 438
803 656
803 326
804 3
805 257
806 438
809 378
810 204
812 25
812 108
813 292
814 9
815 601
815 210
815 793
816 472
817 216

817 1085
1 633
2 280
3 389
4 301
5 346
6 316
6 604
6 534
7 484
9 288
9 497
9 653
9 382
10 184
10 145
11 289
11 281
12 595
12 155
14 464
14 548
15 369
15 41
18 771
18 803
18 717
18 646
19 675
21 25
21 222
21 423
23 478
24 812
25 31
26 401
26 589
26 567
27 623
27 3
27 724
27 495
29 312
29 522
29 151
30 545
30 223
31 609
31 662
32 659
32 239
34 576
34 12
34 533
34 422
35 423
35 599
37 296
37 527
38 503
38 719
39 229
40 665
42 252
43 676
45 674
45 306
46 44
46 795
46 660
47 642
47 582
47 14
47 471
48 348
48 527
49 720
49 604
49 100
50 746
50 524
50 765
51 40
51 538
51 556
52 363
54 348
55 417
56 269
56 750
57 194
57 751
59 112
59 472
59 403
59 661
59 767
60 474
60 231
61 79
62 123
62 166
63 207
65 534
65 551
66 699
70 720
73 338
74 275
74 477
74 510
74 759
75 370
75 447
75 557
75 15
76 506
76 82
77 715
77 813
78 193
78 46
79 217
79 99
80 267
80 532
81 743
82 238
82 510
83 43
83 381
83 646
85 565
86 270
86 54
89 126
89 479
90 655
91 652
92 475
92 318
93 507
94 771
94 340
96 25
96 35
96 204
97 388
98 608
98 19
98 317
99 555
99 693
100 737
100 662
101 676
101 530
101 50
101 597
101 190
101 575
102 421
102 686
104 114
104 639
105 510
107 402
108 584
108 345
109 43
109 270
110 783
110 335
111 311
112 625
112 357
112 537
113 36
113 724
114 546
115 82
115 788
118 504
118 202
119 141
120 59
120 326
121 154
121 308
121 103
122 114
123 191
124 209
124 612
125 260
128 784
128 1
128 614
129 223
132 624
132 777
132 367
133 4
134 625
140 409
140 390
142 619
142 63
143 550
144 614
146 535
147 674
149 569
149 245
150 228
152 24
152 262
154 562
155 186
156 224
156 539
156 486
158 711
159 593
159 266
159 476
159 28
160 170
160 165
161 554
161 571
162 478
163 577
163 427
164 664
165 195
165 726
166 301
168 135
169 75
169 156
169 109
172 629
174 397
175 525
176 227
177 797
178 785
178 726
179 688
179 105
180 388
180 543
183 353
183 341
184 484
185 459
187 427
187 452
187 38
187 510
188 661
189 311
189 503
190 455
191 168
191 296
191 390
194 685
194 183
194 485
194 199
194 431
195 546
196 592
196 332
197 65
197 18
198 163
199 689
200 130
200 220
201 272
201 362
202 281
204 807
205 274
205 715
205 84
206 440
206 712
206 7
206 630
206 127
207 322
208 228
208 743
209 788
209 380
209 662
210 658
210 531
211 553
211 610
211 692
211 777
212 715
212 380
212 454
214 309
214 365
215 144
215 16
216 748
216 613
216 749
217 644
217 806
219 674
221 382
222 576
222 157
224 235
227 536
227 566
228 361
230 631
231 252
231 399
232 493
233 616
234 792
235 90
237 774
237 639
238 210
241 205
242 723
242 516
244 676
246 151
248 211
248 606
248 679
249 468
250 251
250 660
250 85
251 760
251 263
251 287
252 155
253 539
253 613
254 139
254 459
255 648
256 449
257 363
258 756
259 696
259 376
260 356
260 549
262 385
262 140
262 287
264 245
264 390
265 83
266 801
266 742
266 710
268 461
269 616
269 384
269 535
269 557
269 359
270 700
271 72
271 763
271 348
272 254
272 311
273 627
274 130
274 685
275 156
277 785
278 528
278 656
278 658
278 43
279 623
280 131
280 155
280 701
281 143
281 406
281 415
283 801
283 33
283 257
283 14
283 432
283 187
284 104
286 461
287 387
288 509
289 300
289 295
290 145
290 314
290 357
291 684
291 143
292 93
294 785
295 746
295 734
295 647
296 609
296 124
297 218
298 513
298 482
298 553
299 365
300 433
300 266
301 404
301 412
304 594
305 253
309 720
309 105
309 677
310 667
311 204
311 212
312 46
313 801
313 194
313 355
314 501
315 73
315 774
315 575
317 404
318 703
319 471
320 367
321 521
321 71
321 583
323 151
324 440
324 559
325 80
325 619
325 87
329 171
329 44
330 714
330 607
331 301
332 785
332 582
333 714
334 424
334 363
335 683
335 132
336 773
338 178
338 251
338 12
338 102
341 185
341 389
342 506
342 348
343 451
345 121
347 609
347 542
349 17
349 254
349 815
350 513
350 141
351 702
352 450
353 521
353 155
353 46
355 347
355 580
355 126
356 617
356 618
356 209
361 133
361 813
362 520
363 80
364 571
364 294
366 812
366 580
366 341
367 432
367 127
368 512
368 417
369 246
370 272
370 723
370 310
370 391
373 428
375 522
376 457
376 142
377 160
378 689
378 77
379 157
380 744
380 227
382 577
382 650
382 628
383 506
383 186
383 338
385 543
386 404
387 235
388 490
388 730
389 180
390 209
391 465
391 205
391 729
392 212
393 249
393 470
393 103
394 376
394 561
394 318
394 70
395 300
397 207
398 459
400 752
401 545
401 154
402 801
402 668
403 118
404 306
406 508
407 308
407 180
407 149
408 690
408 61
409 315
409 644
410 21
411 592
412 727
413 303
413 311
414 130
414 287
415 90
416 749
416 302
416 39
417 480
417 767
417 463
418 115
418 203
419 815
420 235
421 528
423 605
424 72
426 657
426 44
426 806
427 15
429 328
429 107
429 28
431 768
431 433
431 322
433 566
434 420
437 92
441 535
442 698
443 122
443 743
444 443
445 286
445 743
446 84
446 462
447 664
447 258
447 255
449 544
450 798
451 555
452 377
455 378
455 395
455 135
457 313
457 494
458 216
458 694
459 17
459 519
460 641
460 190
461 344
461 298
461 627
463 354
464 433
464 68
465 424
465 498
465 679
466 163
467 806
469 699
470 334
471 635
472 488
472 106
472 111
473 512
474 629
474 254
476 172
477 795
477 636
479 33
479 66
479 260
479 257
480 593
480 243
481 288
481 592
483 799
484 128
484 501
484 709
486 292
487 752
488 101
489 572
492 97
492 18
492 11
492 683
494 607
495 315
495 453
495 429
496 689
499 803
501 723
502 717
503 379
504 173
505 279
508 83
508 589
509 539
510 618
510 314
510 92
510 197
512 612
512 103
513 204
514 442
514 503
516 476
516 709
517 533
519 130
520 448
521 16
521 50
522 155
522 535
523 49
523 749
524 421
524 407
525 799
527 712
527 750
529 384
529 458
529 795
529 732
529 181
531 37
533 788
533 23
534 152
534 758
535 43
536 338
537 434
539 81
539 358
540 553
540 315
540 572
540 477
542 777
542 331
543 772
544 445
545 759
546 18
548 335
549 292
549 389
551 544
551 737
551 426
551 69
552 211
554 120
554 323
555 632
555 313
555 814
556 401
556 451
556 759
557 330
557 203
558 320
558 714
558 810
558 789
559 729
560 497
561 452
563 582
568 43
569 365
569 101
571 203
571 325
572 409
573 201
576 440
576 245
577 500
579 609
579 490
579 75
580 210
581 310
582 605
582 301
583 642
583 253
584 729
585 172
586 451
586 68
589 300
589 423
590 91
590 751
594 421
595 161
595 645
596 299
597 152
597 772
598 56
598 644
599 60
600 537
600 641
601 141
602 400
602 677
603 559
604 448
604 559
605 723
606 359
606 780
606 561
606 696
606 28
606 733
608 612
608 476
609 453
610 693
611 16
611 466
611 426
612 331
612 55
613 227
614 609
614 620
617 649
618 98
620 220
621 269
622 383
623 442
627 300
627 735
628 560
629 177
629 340
630 553
630 583
631 59
632 186
633 125
634 351
635 792
635 291
635 404
635 806
637 330
637 306
637 150
638 657
639 614
641 508
643 466
644 619
644 27
645 16
647 115
648 615
649 590
652 682
652 90
653 504
653 292
653 45
654 152
655 536
655 228
656 670
659 791
660 799
661 464
661 89
661 87
662 248
662 416
662 556
662 23
663 343
663 367
663 623
664 594
666 386
666 530
666 479
667 573
667 789
668 458
668 579
669 435
670 115
671 258
671 359
672 221
673 541
673 350
674 495
676 794
677 529
680 467
680 414
681 506
681 323
681 399
683 19
683 684
684 362
685 130
685 230
686 385
686 195
687 672
687 371
688 241
688 52
690 99
691 308
691 244
692 319
693 798
694 35
695 513
696 368
697 184
697 283
697 710
697 591
698 176
700 758
701 63
703 44
704 489
704 350
704 198
705 688
705 308
705 455
706 96
706 126
708 336
708 470
709 131
709 38
711 808
712 236
713 696
714 456
714 187
714 269
714 118
715 657
715 317
716 1
716 293
718 713
718 425
718 111
719 11
719 212
720 161
720 517
720 719
721 799
722 329
724 697
724 786
724 326
724 511
725 76
727 382
728 556
730 69
730 581
732 580
733 651
734 512
734 226
734 222
734 310
735 657
735 219
736 222
738 338
738 814
740 589
742 522
743 160
743 742
744 288
745 419
745 764
746 795
747 256
747 376
747 488
747 782
748 72
748 699
748 716
749 368
749 398
751 38
752 808
752 517
753 648
753 373
755 450
757 736
758 313
758 556
759 137
760 753
761 483
761 749
761 350
763 533
764 25
764 306
764 662
764 431
765 691
766 172
766 669
768 184
768 411
770 307
770 107
771 508
773 128
773 796
773 359
775 69
776 139
777 499
777 349
777 471
778 197
779 721
782 530
785 744
785 123
785 334
786 750
787 695
789 656
789 101
790 259
791 808
792 278
792 158
793 197
795 394
795 68
797 521
797 414
799 770
800 218
801 232
801 785
801 432
801 316
801 673
802 410
802 259
803 228
803 157
803 599
804 326
805 701
807 304
807 730
807 509
808 697
808 74
809 331
810 162
811 217
811 682
811 532
814 155
817 562

837 1498
1 304
1 140
1 420
2 81
2 675
2 501
5 356
5 327
7 73
7 187
7 59
9 769
9 530
9 105
10 808
10 781
10 743
11 593
12 203
12 535
13 381
14 415
14 119
15 733
15 87
16 304
16 595
16 684
17 72
18 337
20 464
20 632
22 312
22 623
23 212
23 108
23 228
24 128
24 760
24 162
24 552
25 176
25 153
26 673
26 607
27 173
28 495
29 33
29 828
29 452
29 822
31 521
32 299
32 655
33 554
33 796
34 268
34 828
34 694
35 656
35 784
35 468
35 421
36 25
36 306
36 260
37 144
37 655
38 265
40 555
41 312
43 704
43 281
43 344
44 594
44 570
45 384
45 764
45 788
45 8
46 378
46 836
46 69
46 207
47 305
47 355
47 396
49 527
50 81
50 510
51 604
53 624
53 357
54 810
54 287
55 18
55 175
56 697
56 774
56 47
57 169
59 64
59 639
59 508
59 446
59 79
60 277
62 380
64 12
65 834
66 272
66 231
67 569
67 60
68 107
68 494
68 823
69 444
70 260
70 381
71 335
71 766
71 447
72 688
72 674
72 195
73 449
73 83
73 511
73 14
73 543
74 506
74 404
75 684
75 430
76 338
76 670
76 607
77 618
77 51
78 417
78 703
79 300
80 570
80 691
80 131
81 250
81 235
81 590
82 792
82 777
82 71
82 527
83 333
84 461
85 682
86 304
86 440
86 506
86 354
87 33
88 376
88 291
88 230
89 156
89 229
89 711
90 722
90 620
91 753
91 410
91 453
92 273
92 642
92 395
92 255
93 402
93 668
93 775
94 355
94 566
95 457
95 79
97 684
97 644
97 52
97 314
98 587
99 381
99 94
100 568
100 600
100 604
100 197
101 16
101 620
101 661
103 397
103 54
104 794
106 211
107 42
107 579
107 420
107 5
108 535
109 589
111 603
112 304
112 588
113 825
113 270
114 693
115 600
115 645
116 10
117 88
117 396
117 725
117 686
118 28
118 493
118 222
119 341
120 203
120 703
121 403
121 47
122 138
122 186
123 282
123 454
125 378
125 674
126 597
127 329
129 178
129 148
129 197
129 599
131 296
131 658
132 785
132 211
133 296
133 730
133 755
134 442
135 652
136 632
136 825
136 158
137 138
137 389
138 357
138 630
139 152
139 208
139 826
139 742
140 448
141 179
141 678
142 248
143 69
143 599
144 716
144 150
145 696
145 737
145 173
145 503
147 664
147 550
148 532
148 522
148 716
149 750
151 127
151 180
151 583
152 536
152 644
153 297
153 546
153 75
153 614
154 602
154 220
155 451
155 68
156 350
157 198
158 763
158 790
159 460
159 87
160 696
160 147
160 695
161 636
161 434
161 420
161 47
162 355
162 453
162 815
164 519
165 570
165 307
165 182
167 162
167 700
168 464
168 529
168 214
168 734
169 552
170 35
170 748
170 726
170 191
173 587
173 547
174 371
174 213
175 652
176 27
176 549
176 286
177 720
177 250
177 362
177 709
178 361
178 466
178 519
179 278
179 660
179 454
179 358
180 572
181 376
181 539
181 524
182 480
182 389
183 416
183 521
184 225
185 379
185 471
186 615
187 584
187 834
187 291
187 143
188 560
188 161
188 634
188 259
188 776
189 361
189 675
189 68
189 1
190 356
191 43
191 717
192 609
193 295
193 551
194 615
194 756
194 23
195 145
196 377
196 244
197 334
197 471
198 606
198 655
199 743
201 238
201 602
201 715
201 613
201 190
203 837
203 254
206 741
207 143
208 509
209 545
210 790
211 643
211 820
212 354
212 108
212 741
213 537
213 729
214 90
214 551
215 192
217 352
217 584
217 722
217 99
217 791
219 664
219 601
219 318
220 552
221 378
221 419
221 453
221 723
222 744
222 667
222 557
224 731
224 179
225 411
226 801
226 402
227 354
227 478
228 320
229 142
230 45
230 21
231 240
231 285
232 329
233 105
233 534
233 94
233 525
234 689
234 586
234 219
234 434
235 53
236 729
236 834
236 289
238 823
239 524
240 322
241 355
242 824
242 224
243 639
244 163
244 709
244 654
244 245
244 313
244 381
245 803
245 700
246 644
247 256
247 178
248 17
248 180
249 770
250 124
252 656
252 133
253 242
254 261
255 697
255 34
255 702
256 680
256 277
257 266
257 197
259 666
259 575
260 523
260 508
261 815
262 489
262 578
262 346
262 334
262 247
263 634
263 419
263 53
263 439
265 242
265 759
266 59
268 809
268 26
268 175
269 74
269 435
269 237
269 279
270 265
271 798
272 652
273 312
273 27
273 485
273 719
274 768
274 837
275 748
275 272
275 179
275 564
275 117
275 439
275 190
275 21
276 622
277 739
277 644
277 558
277 271
277 46
277 732
277 62
278 52
279 140
280 48
280 662
281 344
282 349
284 327
285 808
285 78
285 390
286 637
287 393
287 835
287 773
287 119
288 26
288 684
289 721
289 84
290 787
291 348
291 494
292 671
292 139
292 183
293 16
293 139
294 178
294 703
295 418
296 587
296 655
298 12
298 629
299 769
301 20
302 305
302 405
303 808
303 638
304 526
305 253
305 431
306 281
307 444
307 733
308 699
309 787
309 436
309 517
309 797
310 458
310 367
310 638
310 263
311 699
312 408
312 449
312 486
313 144
313 692
317 433
317 84
318 752
319 25
319 469
322 616
322 556
322 335
323 301
323 783
324 705
324 819
324 661
324 825
325 243
326 464
326 97
327 160
328 405
328 110
329 643
329 199
330 671
331 430
332 35
335 184
335 634
335 234
335 815
336 454
337 469
338 9
339 279
340 352
340 292
340 710
340 215
341 330
341 323
342 496
343 576
343 501
344 675
344 243
345 242
347 34
347 397
347 646
348 797
348 190
349 251
349 390
351 132
351 468
351 788
352 144
352 410
352 454
353 416
353 763
354 531
354 814
357 691
358 642
359 169
359 236
359 564
360 54
361 515
361 669
362 387
362 357
364 122
364 45
364 470
364 661
365 568
365 648
365 61
366 360
366 571
368 673
368 186
368 405
368 93
371 186
372 332
372 492
373 776
373 77
374 722
374 566
374 199
375 126
375 566
376 800
376 445
376 751
377 85
378 248
379 129
380 74
382 313
382 129
383 616
383 318
385 542
386 126
386 199
387 497
389 307
389 771
389 254
390 704
390 833
391 217
391 573
391 783
392 568
392 97
392 677
392 573
394 403
395 386
395 37
395 821
397 407
398 709
399 400
399 297
399 622
399 665
400 834
400 324
401 513
401 151
402 360
402 738
402 187
402 492
403 803
403 102
404 15
405 74
405 79
407 108
408 147
408 39
409 267
411 678
412 448
412 234
412 651
413 94
413 519
414 451
414 468
415 824
415 810
415 786
415 462
417 632
417 664
417 122
417 560
418 827
420 808
420 208
420 797
421 67
421 774
423 763
424 627
424 459
424 94
426 252
426 381
427 761
427 210
427 123
427 321
428 476
428 71
429 679
429 732
429 231
431 473
431 140
433 478
433 527
434 474
435 141
435 677
436 572
437 512
437 538
437 182
437 638
438 251
438 318
439 396
439 61
440 767
441 234
441 829
441 500
441 285
441 455
442 143
442 327
443 754
443 348
443 237
443 718
444 569
444 145
445 583
446 176
446 719
448 121
448 573
449 89
450 307
452 491
453 24
455 449
456 648
458 669
459 610
459 692
460 81
460 394
460 245
460 326
460 545
461 392
461 816
461 747
462 617
463 80
464 9
464 52
465 472
465 491
467 129
467 583
467 393
468 696
469 754
469 590
470 650
470 317
471 96
471 658
471 566
471 367
472 656
472 494
474 210
475 292
475 238
476 345
477 96
477 659
477 388
477 207
478 148
478 550
479 254
480 336
482 667
482 556
482 254
482 607
483 119
484 225
484 175
485 18
486 637
486 741
486 725
487 49
487 540
487 342
489 465
489 275
491 258
491 421
491 669
493 602
493 642
494 668
494 317
494 423
495 289
497 301
497 469
498 517
499 688
499 425
499 143
501 363
501 87
502 554
502 335
502 494
502 310
502 423
503 273
503 254
504 19
504 113
504 99
504 255
505 523
505 566
507 464
508 370
509 136
509 729
509 234
509 791
509 361
510 216
510 265
510 610
510 551
510 831
511 732
513 746
513 623
513 518
513 15
514 537
514 303
515 50
515 500
515 478
516 750
517 544
517 378
517 159
517 295
518 629
519 317
520 13
521 184
521 22
522 425
522 570
522 403
523 829
523 596
523 525
523 622
523 831
525 521
525 434
525 285
525 310
526 34
526 338
526 706
528 96
528 485
528 230
529 778
532 97
533 621
534 416
534 44
534 501
535 315
535 69
535 709
536 587
536 654
536 758
537 590
537 150
538 427
539 237
539 261
539 757
540 520
540 153
540 261
541 486
541 375
542 317
542 798
543 520
543 761
543 89
543 649
544 438
544 94
544 253
545 327
546 81
546 451
546 28
546 341
546 14
549 376
549 532
549 6
551 489
552 504
552 768
553 775
554 800
554 200
554 675
554 727
555 706
556 593
556 124
557 329
557 545
558 568
558 654
560 531
560 136
560 83
560 535
561 808
561 327
563 667
563 757
564 640
564 26
566 720
567 624
567 106
567 467
567 251
569 702
570 187
571 834
572 46
572 501
572 422
572 325
574 61
574 678
575 531
575 367
576 379
577 195
578 311
579 732
580 379
580 206
580 223
582 315
582 195
582 125
583 804
583 563
583 308
583 559
584 645
584 455
585 310
586 9
586 335
586 769
586 647
588 605
589 596
590 525
591 793
591 332
591 726
592 513
592 652
592 270
592 402
592 533
592 158
593 293
594 16
594 356
594 149
594 759
595 515
595 781
595 678
597 810
597 406
598 579
598 173
599 425
599 413
601 400
602 272
602 112
602 755
603 577
603 717
603 45
603 301
604 98
606 120
606 167
607 572
608 304
610 654
610 208
610 115
610 505
610 26
610 411
611 347
611 812
612 336
612 571
612 646
613 546
614 362
615 657
615 635
616 101
616 742
617 301
617 742
618 404
618 757
619 322
619 610
619 205
619 206
619 468
619 398
619 797
621 225
622 519
622 319
624 191
625 91
625 659
625 269
626 159
627 13
627 62
629 640
630 426
630 493
630 742
631 536
632 507
632 732
632 367
633 299
633 613
635 834
636 458
636 68
636 166
637 810
637 132
637 694
638 425
638 834
638 676
638 471
639 630
640 623
641 592
641 178
642 659
642 310
643 591
643 314
643 571
643 455
644 84
644 199
645 160
645 40
646 211
647 305
647 778
647 436
647 671
648 694
650 115
650 279
651 656
651 363
652 316
653 507
653 517
654 808
654 587
654 371
654 727
656 683
656 446
656 326
657 816
657 614
658 290
658 284
658 362
658 142
659 57
659 146
659 679
661 683
662 341
662 87
663 25
663 410
663 451
663 405
663 53
664 456
664 820
665 632
665 769
665 530
665 404
666 745
666 718
667 327
668 71
668 695
669 467
669 150
670 557
671 208
671 536
671 282
671 177
672 648
672 831
673 513
673 467
674 745
674 33
676 356
677 120
677 362
677 331
678 541
679 14
680 272
681 475
681 262
683 294
684 635
684 100
685 208
685 645
685 127
686 690
686 818
686 190
686 463
687 410
687 461
688 796
688 348
689 518
690 308
690 466
690 348
690 538
690 284
691 152
691 755
692 74
692 734
693 706
694 97
694 802
694 687
695 402
695 722
695 254
696 482
696 459
697 198
698 781
699 498
699 44
699 634
700 731
702 97
702 26
704 158
705 369
705 522
705 254
705 407
706 135
707 537
707 90
707 500
707 260
708 145
708 599
708 801
709 209
711 502
712 397
712 445
713 780
713 685
714 299
714 607
715 90
716 297
718 405
721 41
721 169
722 612
723 807
723 111
723 367
726 346
727 272
727 359
727 191
728 496
728 324
729 745
729 675
729 391
731 784
731 426
732 360
732 24
732 684
732 582
732 287
734 816
734 361
734 467
734 716
734 129
735 350
736 234
736 493
736 526
737 299
737 258
737 491
737 724
737 667
738 54
739 179
740 263
741 337
742 484
742 271
746 421
747 162
748 208
748 354
749 284
750 184
750 721
750 15
752 228
752 638
754 835
754 83
754 492
755 480
755 570
756 618
757 368
757 355
757 835
757 101
757 479
758 352
758 341
761 809
761 437
761 415
762 262
762 694
762 741
763 288
763 139
763 828
764 226
764 604
764 293
766 51
766 197
766 526
767 400
768 316
769 374
772 225
772 748
772 321
772 97
773 677
774 81
776 544
777 389
777 94
778 649
778 231
779 232
780 826
782 256
783 312
783 89
783 387
784 330
785 360
786 792
786 141
787 738
788 176
788 432
788 691
790 708
790 140
791 672
792 113
792 659
792 415
793 331
793 829
794 39
795 343
796 32
796 707
796 468
797 393
798 675
799 330
799 531
800 640
800 19
801 736
802 489
802 794
803 666
804 320
804 27
804 340
804 774
805 359
806 550
807 81
807 322
807 795
807 526
808 129
808 516
808 589
809 319
810 1
810 655
811 297
812 192
812 419
812 807
813 574
814 44
814 591
816 298
816 621
819 558
819 359
820 601
821 756
821 165
821 471
822 788
822 565
823 185
824 473
825 487
826 571
827 834
827 573
828 352
828 679
828 421
828 399
829 104
829 602
829 555
829 292
829 815
831 428
832 289
833 720
833 785
833 660
833 156
834 724
835 66
835 116
835 175
836 708
836 524
836 534

952 1702
1 825
1 630
2 288
2 625
2 330
3 313
4 508
5 709
6 264
6 506
7 489
7 228
7 663
8 890
9 133
10 429
10 190
11 929
11 754
11 519
13 113
15 937
15 543
16 101
16 174
17 337
17 687
17 182
17 903
18 520
18 697
18 627
18 833
18 895
20 109
20 605
20 182
20 695
22 824
23 407
24 679
25 233
27 385
30 289
31 5
31 893
32 489
32 578
33 24
33 747
33 333
34 689
35 378
35 618
36 499
36 604
37 342
38 597
39 456
40 746
40 171
40 518
41 288
42 773
43 620
43 906
43 596
43 510
45 520
46 276
47 23
48 217
49 824
49 570
50 312
51 504
51 149
51 790
51 325
52 353
52 234
52 900
53 632
53 262
54 71
54 516
54 631
57 671
58 201
58 539
58 553
58 359
59 187
59 620
60 243
60 789
60 207
60 183
61 697
61 235
61 782
61 263
62 808
62 950
62 887
63 897
64 283
64 567
65 706
65 539
65 461
65 375
65 315
65 511
66 856
66 783
67 818
67 367
69 481
69 267
71 819
71 883
71 92
72 856
72 475
73 444
73 925
74 537
74 803
75 41
75 610
75 457
75 78
75 335
76 704
76 133
77 297
77 827
77 228
78 635
78 278
79 273
79 89
80 787
80 661
80 711
80 509
82 859
82 101
83 268
84 776
84 18
84 852
86 451
86 558
87 449
87 575
89 644
90 86
90 719
91 716
92 371
92 356
93 659
94 160
95 75
95 885
95 822
96 384
97 553
98 256
98 645
98 748
98 717
98 784
98 889
99 904
101 362
101 154
104 286
104 334
104 79
105 743
106 83
106 826
106 611
106 215
107 192
108 290
108 622
109 666
109 637
110 136
110 81
110 843
111 777
111 36
112 565
112 277
113 195
114 633
114 474
114 220
114 743
115 723
117 192
117 648
117 386
117 794
118 401
118 105
119 548
120 401
120 490
120 426
120 94
121 537
121 407
122 417
122 348
124 337
125 702
126 680
126 124
130 184
132 695
133 177
134 540
136 34
137 352
137 938
138 345
138 146
138 950
140 411
140 556
142 52
142 255
143 114
143 156
143 790
144 817
144 615
144 391
147 104
147 633
147 294
148 113
150 233
151 728
152 242
153 139
153 707
154 104
154 209
154 440
154 310
155 505
155 333
155 831
156 237
157 905
157 650
157 36
157 847
158 941
159 882
160 728
160 171
160 607
162 121
162 679
163 785
163 309
164 788
164 493
165 931
166 84
166 203
166 876
166 923
167 123
167 350
168 902
168 270
168 223
169 90
169 539
169 444
169 462
170 720
170 938
170 79
170 95
171 520
172 449
172 404
173 33
173 252
174 879
176 456
176 58
176 11
177 171
178 662
178 511
179 65
179 541
180 657
180 129
181 880
182 750
182 375
185 699
185 574
186 198
186 894
186 215
187 146
188 497
188 585
189 587
190 882
190 483
191 283
192 406
192 575
193 720
193 449
193 659
194 300
195 864
195 601
196 478
196 134
197 441
197 379
198 378
198 787
199 665
199 555
199 932
199 239
200 792
200 131
201 746
201 938
201 30
201 186
202 352
202 388
203 300
204 729
204 549
204 533
205 401
205 445
206 568
206 30
206 759
207 725
209 409
210 734
211 90
211 802
211 733
211 95
212 194
213 124
213 438
214 536
215 296
215 764
215 916
215 646
216 920
216 370
216 519
217 485
218 457
218 499
218 309
220 603
220 830
221 464
221 94
221 542
222 538
222 829
224 872
224 97
224 439
225 490
225 591
225 607
227 134
228 53
229 113
229 84
230 852
230 197
231 478
234 391
235 33
236 746
237 826
237 596
237 741
238 880
238 352
238 367
239 464
239 255
239 551
241 112
241 25
243 115
243 903
244 453
245 819
245 131
245 253
246 919
248 539
249 171
249 590
250 601
250 566
251 651
252 825
252 741
252 318
253 314
253 591
254 484
255 177
256 89
257 306
258 728
259 483
260 353
260 466
260 373
261 545
261 106
261 891
261 533
262 249
263 448
263 715
264 857
265 277
265 406
266 590
268 90
268 99
268 783
269 229
270 704
270 575
271 96
271 609
271 43
271 838
271 6
272 434
273 920
273 442
273 163
273 830
274 105
274 726
275 648
275 281
276 185
276 811
277 417
277 443
277 325
277 101
279 878
279 749
279 782
281 441
281 243
281 151
283 652
284 25
284 314
284 490
285 569
285 461
286 237
286 245
286 199
286 543
288 576
288 235
289 747
289 686
289 903
291 220
291 838
293 683
293 877
294 428
294 908
294 85
295 138
295 875
295 573
296 753
298 721
298 873
299 560
299 625
299 873
300 269
301 680
301 687
301 912
301 726
301 121
301 350
302 550
303 186
303 471
304 619
307 529
307 99
307 508
307 526
307 87
308 729
308 251
308 140
308 389
309 233
310 459
310 628
310 414
311 537
311 895
312 420
312 708
312 671
313 317
314 529
314 102
314 534
316 254
317 947
318 764
319 424
319 169
319 68
320 286
321 836
322 360
322 787
322 115
322 923
323 136
324 37
324 94
325 283
325 204
326 204
327 283
328 792
329 895
330 26
330 235
331 639
331 509
331 149
331 333
331 645
332 629
332 326
333 72
333 780
333 237
334 920
335 52
335 731
335 147
336 543
337 206
340 70
341 182
342 479
343 701
344 326
346 502
346 494
349 185
349 12
349 15
350 692
350 893
351 550
352 491
352 53
352 118
353 925
354 177
354 538
354 313
355 896
355 868
355 806
357 666
358 287
359 95
360 104
360 393
360 305
360 947
360 443
360 637
360 638
361 351
364 536
364 928
366 554
366 842
366 686
367 377
367 36
368 840
368 34
368 166
369 145
369 707
370 568
370 447
370 581
370 95
371 209
372 46
372 557
372 286
373 393
374 266
375 454
376 344
376 129
376 411
378 545
378 699
380 130
380 839
381 537
382 825
382 470
382 671
384 496
384 481
384 276
385 888
387 891
388 320
388 259
388 279
388 410
388 798
388 287
390 746
390 187
390 429
390 317
391 824
391 298
392 313
393 424
393 209
393 574
394 329
394 122
394 420
395 123
396 183
397 877
398 160
399 106
399 772
400 284
400 414
401 698
401 566
401 398
402 154
404 905
405 608
405 818
405 622
405 767
407 795
407 262
407 463
408 505
408 863
409 403
409 503
410 720
411 472
411 842
411 660
411 302
412 778
414 650
414 206
416 691
418 889
419 425
419 902
420 788
420 502
421 26
421 166
421 582
423 680
423 811
423 772
424 579
424 412
425 123
425 899
425 294
426 766
427 232
427 761
427 355
428 288
428 690
428 306
428 383
429 433
429 637
430 439
431 484
433 592
433 659
433 540
433 821
433 447
434 585
434 179
434 281
434 406
434 25
435 447
436 816
436 785
436 701
437 137
437 746
437 695
438 533
438 829
439 472
439 438
441 88
441 716
441 562
441 132
441 917
442 627
442 372
442 461
442 565
443 848
443 284
443 213
444 317
445 816
445 619
445 789
445 581
446 570
446 838
447 740
448 529
449 441
449 364
449 237
449 865
451 505
451 395
451 909
452 250
452 507
453 339
454 479
455 517
455 734
457 680
457 563
458 9
458 788
458 630
459 856
459 416
459 586
462 362
462 27
462 508
462 126
463 176
464 490
464 867
464 348
464 610
465 40
465 204
465 917
466 866
466 575
466 117
466 838
466 509
467 681
467 631
468 406
468 6
468 679
469 694
472 99
472 39
472 174
472 886
472 408
472 189
473 323
473 167
475 169
475 722
476 331
476 388
477 140
477 837
478 96
479 133
480 449
480 83
481 425
481 100
483 914
483 831
483 188
483 823
484 379
485 192
485 498
486 192
486 633
486 266
486 477
488 656
488 140
488 405
488 175
489 155
491 611
491 899
491 332
491 435
492 521
492 332
493 452
494 277
495 313
495 946
496 700
496 303
497 203
497 446
498 242
499 586
501 235
501 181
502 691
503 602
504 85
505 28
506 832
506 616
508 441
508 5
509 545
510 538
511 176
511 289
511 458
511 371
512 481
513 248
513 227
515 910
516 928
518 626
518 427
518 679
519 372
519 474
519 708
520 400
521 274
522 650
522 939
522 316
522 46
522 919
523 826
523 286
524 243
524 340
524 461
525 665
525 876
526 306
526 659
527 718
528 240
530 752
531 608
531 274
531 243
531 290
531 311
532 35
533 110
534 259
534 731
534 782
535 769
536 256
537 148
537 127
538 586
538 902
539 332
539 862
540 98
541 773
542 24
542 427
542 324
544 712
544 889
544 890
544 850
545 417
545 322
545 100
546 3
546 943
547 816
547 834
547 324
547 613
547 430
548 18
549 816
549 833
549 783
550 761
550 850
551 689
551 18
552 680
552 666
552 899
553 824
553 101
554 259
554 731
554 607
555 864
555 580
555 485
555 264
555 907
555 689
555 248
556 540
556 205
557 224
557 617
557 786
557 166
558 298
558 254
558 502
559 152
559 880
559 197
559 254
560 465
560 172
561 43
561 566
562 272
563 102
563 55
564 684
565 674
565 140
566 161
566 422
567 420
568 533
569 464
569 401
569 805
569 334
570 672
570 729
570 860
571 347
571 452
571 429
572 174
573 675
575 18
575 574
576 123
576 411
577 512
577 878
578 272
578 901
578 278
579 341
579 541
580 81
581 801
582 947
583 226
583 187
584 36
584 276
587 465
587 811
587 827
588 144
588 314
588 303
589 48
589 482
589 948
592 171
594 660
594 731
594 708
595 648
595 247
596 745
596 882
596 447
597 493
598 734
598 938
598 210
598 950
599 584
599 433
599 290
599 380
600 815
601 557
603 833
604 420
604 199
606 156
608 59
608 115
609 840
609 819
610 170
612 466
612 812
612 918
613 19
614 277
614 454
615 824
615 244
615 149
616 872
616 480
617 16
617 75
617 621
618 833
618 4
618 264
618 690
618 502
618 922
619 833
619 371
620 40
620 749
621 484
622 265
622 684
622 453
623 241
624 872
624 658
624 110
624 175
625 328
625 891
625 583
627 680
627 667
628 402
628 234
630 778
630 935
630 932
630 863
631 132
631 148
631 372
631 735
632 882
632 310
633 701
634 800
634 818
634 262
635 576
635 705
636 364
637 82
637 235
638 244
638 518
638 807
639 656
639 938
639 595
639 748
640 73
640 870
641 33
641 562
641 916
642 630
643 109
644 656
644 893
644 62
645 672
645 706
646 200
646 233
646 195
646 644
646 31
647 824
647 225
648 612
649 931
649 724
649 701
649 718
650 57
650 420
651 841
653 73
654 657
654 634
654 4
654 815
655 482
655 469
656 925
656 630
657 849
657 606
657 798
658 681
658 130
659 823
660 810
660 659
661 71
662 212
663 777
665 426
665 7
666 396
668 104
669 384
669 269
670 443
671 644
671 406
672 403
673 537
674 393
674 453
675 664
675 315
675 813
675 46
676 769
677 770
677 239
678 937
678 249
679 921
679 458
680 943
681 769
682 449
682 461
683 603
683 567
683 510
683 614
683 863
684 694
685 675
685 46
686 232
688 100
688 318
689 365
689 694
690 8
690 336
691 659
691 805
693 377
693 226
693 837
694 916
694 517
695 386
696 770
696 893
697 837
698 890
698 838
700 364
700 748
700 861
702 184
702 769
702 138
702 97
703 423
704 596
705 800
705 882
705 443
705 286
706 579
706 613
706 295
710 340
711 585
711 373
711 351
712 5
713 288
713 633
713 406
715 305
715 443
715 181
715 671
718 528
718 476
719 54
719 231
720 601
720 572
721 673
721 372
721 662
721 823
722 293
723 282
723 557
724 740
724 711
725 522
725 467
725 566
726 452
727 865
727 462
728 487
728 542
728 374
728 375
730 83
730 231
731 594
733 158
733 222
734 273
734 322
734 295
735 393
737 368
737 909
738 163
738 172
738 803
738 340
738 533
738 598
741 258
741 219
741 922
742 193
742 365
742 573
742 238
742 319
743 250
743 859
744 821
746 464
746 874
747 168
748 200
748 153
748 944
748 769
751 169
751 542
752 88
752 342
753 846
754 228
754 261
755 484
755 333
756 690
757 650
757 749
758 884
758 63
759 898
760 829
760 839
761 871
762 164
762 509
762 102
763 209
763 332
763 822
764 164
764 917
764 854
764 543
765 761
765 610
766 922
766 564
767 280
767 33
767 373
769 867
769 469
770 360
770 268
771 76
771 628
771 606
771 327
773 74
773 471
775 63
775 868
775 70
775 415
776 193
776 138
777 865
777 548
777 382
777 367
778 57
778 927
780 850
781 564
782 648
782 284
783 416
783 34
784 141
785 763
785 951
787 628
788 52
788 165
788 766
788 855
789 493
790 274
790 915
790 693
791 401
791 346
791 54
792 631
793 730
794 102
795 259
795 219
795 141
796 464
796 936
796 190
797 570
798 341
798 615
799 948
799 86
801 115
801 268
802 424
803 103
804 420
804 887
805 364
806 469
806 479
807 675
807 725
808 247
809 538
809 847
810 513
810 483
811 450
811 589
812 796
812 301
813 724
813 934
814 425
814 60
814 513
815 880
815 531
815 317
816 272
816 690
816 68
817 658
818 736
818 564
819 165
819 70
820 429
821 401
821 282
821 467
821 468
821 453
822 299
822 4
823 226
824 613
824 358
825 498
825 918
826 946
826 493
827 577
827 124
828 345
828 546
828 428
830 352
831 465
832 266
832 847
833 307
833 247
834 170
834 651
834 132
834 742
835 624
837 717
837 646
838 64
838 408
839 170
840 441
840 218
840 340
841 191
842 865
842 830
842 342
842 183
843 212
843 951
844 603
845 834
845 467
845 740
846 641
846 561
846 381
846 509
847 883
847 477
847 606
847 639
848 627
848 828
849 938
849 837
849 686
849 39
851 353
851 198
852 870
852 463
853 524
853 613
853 118
855 624
855 490
855 549
856 291
856 949
856 318
857 952
857 41
857 639
858 106
859 928
859 692
860 188
860 846
860 255
861 162
861 814
861 910
862 272
863 82
864 885
865 217
865 540
865 614
866 851
867 35
867 844
867 29
867 942
868 793
869 800
869 246
869 279
870 436
871 253
872 761
872 402
872 431
873 937
874 461
874 886
875 34
875 211
878 522
878 763
878 277
879 735
879 365
879 77
880 272
880 568
880 92
880 398
880 72
881 352
881 659
882 737
882 764
882 513
883 596
884 259
885 587
886 873
886 434
886 297
887 369
887 341
889 696
889 379
889 195
890 691
890 470
891 383
892 456
892 497
893 872
893 72
893 588
894 664
895 742
895 588
895 461
895 685
895 631
895 511
896 92
898 941
898 551
900 618
900 822
902 436
903 736
903 621
904 479
906 891
907 184
908 397
908 22
908 53
909 688
909 429
909 454
909 261
910 326
911 244
912 232
912 592
912 602
912 532
912 165
913 512
913 701
915 723
917 657
917 865
918 393
919 436
919 174
921 152
921 669
921 950
922 544
922 141
922 286
924 927
925 848
925 620
925 686
928 758
929 60
930 392
931 171
932 879
933 762
933 690
934 926
934 135
935 211
935 182
936 502
937 932
937 383
938 224
938 259
938 629
938 13
939 818
941 123
942 139
942 678
942 495
943 656
943 509
944 738
945 521
947 27
947 423
948 770
948 580
949 386
949 354
950 513
951 298
952 896
952 455

968 1553
1 59
2 64
2 801
2 804
3 484
4 229
4 102
5 448
5 512
5 125
6 496
6 65
7 589
7 223
8 6
10 117
10 927
11 752
11 219
12 665
12 729
14 203
14 655
15 255
16 136
16 359
17 272
18 157
19 643
20 721
20 634
20 139
20 965
20 77
21 57
22 678
22 790
24 161
25 328
25 441
27 368
27 585
28 865
28 490
28 252
28 871
29 833
30 614
33 378
33 39
34 697
35 394
35 717
36 935
37 418
37 493
40 216
40 145
40 404
41 480
41 3
44 169
45 224
45 721
46 161
46 191
47 803
47 287
48 561
48 300
49 540
50 561
51 344
51 378
53 643
53 590
53 510
55 272
55 503
55 79
56 769
57 954
57 547
59 202
59 603
60 526
63 450
64 779
65 951
66 30
67 371
67 247
68 266
69 480
69 947
70 585
71 273
72 601
72 100
72 534
73 833
73 364
73 647
74 295
77 667
77 685
78 581
79 38
80 304
80 370
80 855
81 544
81 607
81 901
81 229
82 819
83 288
83 281
84 513
84 756
84 422
85 156
85 701
87 825
87 292
88 771
88 590
89 674
91 570
91 703
93 201
93 194
94 394
96 147
99 866
99 901
100 499
100 317
104 137
104 670
108 114
108 443
109 304
109 900
110 448
110 124
112 764
112 351
114 505
114 285
115 818
115 877
115 134
116 926
117 562
117 227
117 418
118 274
118 102
119 496
119 734
120 738
120 222
122 675
122 501
122 270
123 417
123 132
123 935
124 668
124 708
125 375
125 895
126 544
126 562
127 498
127 387
128 370
129 751
130 252
130 517
131 802
132 361
132 916
132 839
133 260
134 756
134 549
135 788
135 318
136 700
137 953
137 505
140 310
140 679
141 713
141 270
141 7
142 364
145 60
145 703
147 152
147 157
147 527
148 441
149 713
149 157
149 489
150 736
150 941
150 165
152 361
152 735
153 689
153 180
154 827
155 632
155 361
155 149
156 668
156 301
156 374
157 162
157 886
158 733
159 392
160 836
160 101
161 640
162 8
162 525
162 845
163 903
164 655
164 631
165 815
166 228
169 19
169 689
169 787
172 66
172 314
175 349
177 361
177 687
179 901
181 67
181 11
181 286
183 118
183 478
184 201
184 21
187 546
187 678
189 282
190 183
194 892
194 950
195 680
195 269
195 430
198 85
199 663
200 786
200 109
200 438
201 920
202 940
202 318
203 384
203 966
204 42
204 310
204 127
205 746
205 925
206 400
206 476
206 279
209 29
209 334
211 937
211 547
212 259
214 933
215 233
216 664
216 175
219 594
220 378
220 268
220 26
221 425
222 659
222 365
222 502
223 657
224 881
225 76
225 703
226 957
227 249
227 482
227 181
228 463
230 745
232 534
233 429
234 507
234 204
234 894
236 901
237 889
237 581
239 430
240 936
243 698
245 182
246 159
248 503
250 267
250 36
251 115
251 213
252 56
254 426
259 459
259 427
259 494
260 547
260 860
260 334
260 183
261 826
262 311
263 644
264 276
266 556
267 946
267 676
267 877
270 446
273 610
274 515
274 799
275 185
276 88
276 409
276 281
279 531
279 910
280 297
280 619
280 125
281 295
282 608
282 955
283 403
284 393
284 778
284 255
287 640
289 382
289 406
290 965
292 694
293 242
293 619
293 294
294 272
294 83
294 702
295 225
295 675
297 893
299 328
299 576
300 112
301 888
302 507
302 572
303 222
304 322
304 754
308 369
308 562
308 27
309 202
309 325
310 513
310 707
312 840
312 594
312 803
312 138
312 783
313 795
313 885
313 211
315 464
315 184
315 738
315 284
316 681
316 466
316 802
316 343
318 550
319 459
320 402
322 505
324 184
324 164
324 732
325 377
325 950
326 714
326 411
327 842
327 212
327 926
328 921
328 713
329 745
329 391
330 844
330 372
330 316
330 478
331 261
335 131
335 957
336 528
336 252
338 4
338 702
339 537
339 333
339 79
341 490
341 750
342 464
342 659
343 12
344 924
345 289
345 59
346 652
347 382
350 224
351 163
351 628
354 786
354 670
354 503
355 715
355 780
355 37
356 440
356 631
357 920
357 354
358 363
358 813
358 755
360 885
360 775
362 508
363 824
363 704
364 965
365 673
366 198
367 788
367 590
367 726
368 810
370 856
370 137
370 196
372 87
374 950
375 654
376 836
376 901
379 641
380 520
380 205
380 447
381 905
382 576
383 256
383 476
383 60
384 530
385 8
385 924
386 556
387 490
387 315
387 426
388 954
388 156
388 494
389 661
389 111
390 396
390 319
392 875
392 179
392 181
393 765
393 325
394 308
395 118
398 663
399 162
399 759
400 186
400 933
401 868
402 605
403 812
403 887
404 429
406 392
406 655
408 562
408 271
409 128
409 75
409 675
409 391
410 122
410 599
411 834
411 887
412 745
414 686
414 246
416 464
416 458
416 843
416 407
417 544
418 284
418 719
419 878
420 496
420 43
420 475
421 575
422 180
422 110
422 670
423 532
424 738
424 935
425 828
425 125
426 32
428 535
429 881
430 644
430 799
431 842
431 172
431 570
431 590
432 901
433 192
436 913
437 611
438 745
439 904
439 8
440 259
440 445
442 505
442 387
443 842
443 258
444 347
444 143
444 639
446 297
446 676
446 669
446 798
446 303
447 80
448 218
448 707
448 356
448 578
449 321
450 660
450 487
451 57
451 207
455 962
455 749
456 913
456 258
456 139
456 509
456 110
457 817
458 793
458 964
459 952
459 403
460 744
460 771
461 449
461 686
461 311
462 581
463 737
463 399
464 217
465 294
466 72
466 369
466 661
466 149
467 962
468 608
468 936
469 936
469 946
469 819
471 265
471 74
473 3
474 568
474 258
474 515
475 440
476 200
476 666
476 807
477 704
477 587
477 806
477 743
478 930
479 537
480 336
480 106
480 555
482 966
483 723
484 722
485 27
485 66
485 619
486 613
489 61
490 270
491 65
494 118
495 121
495 577
495 225
503 960
503 764
505 675
505 156
505 206
505 31
507 296
507 514
508 376
508 299
508 267
510 385
510 508
510 751
512 766
514 817
514 195
515 921
518 12
518 718
519 648
519 434
520 45
521 586
521 724
521 658
522 301
523 489
523 341
524 292
525 574
527 169
527 63
529 688
531 554
534 298
534 444
534 530
535 13
536 778
538 236
538 805
541 530
543 961
544 850
546 563
546 471
547 20
550 395
551 770
551 274
553 475
554 730
555 10
556 809
556 786
557 900
557 15
558 200
562 218
563 834
564 260
565 859
565 102
566 264
566 603
568 856
568 806
569 705
569 508
570 381
571 449
571 900
571 301
571 286
572 833
572 4
572 535
573 38
575 577
575 327
576 112
576 490
576 350
576 343
579 549
579 133
580 69
580 750
581 920
581 747
581 165
582 34
583 212
584 256
584 719
585 389
587 82
587 666
590 536
590 168
590 236
590 925
590 743
591 27
591 276
592 806
593 121
593 443
593 615
596 480
596 63
597 648
597 901
599 777
599 180
600 609
600 269
601 38
602 429
602 717
603 608
603 5
604 1
604 171
604 516
604 518
604 521
604 522
604 16
604 529
604 18
604 533
604 23
604 25
604 81
604 541
604 542
604 543
604 545
604 35
604 177
604 552
604 553
604 557
604 558
604 47
604 560
604 50
604 51
604 52
604 565
604 54
604 55
604 436
604 70
604 53
604 123
604 302
604 326
604 309
604 582
604 583
604 584
604 73
604 588
604 78
604 591
604 593
604 99
604 596
604 86
604 600
604 89
604 90
604 91
604 606
604 357
604 96
604 97
604 98
604 187
604 612
604 103
604 104
604 107
604 620
604 623
604 624
604 625
604 626
604 627
604 116
604 190
604 630
604 635
604 636
604 638
604 277
604 129
604 642
604 178
604 645
604 646
604 108
604 650
604 651
604 140
604 653
604 142
604 656
604 144
604 148
604 150
604 151
604 153
604 154
604 155
604 158
604 671
604 672
604 166
604 167
604 28
604 682
604 683
604 174
604 176
604 456
604 690
604 432
604 692
604 693
604 695
604 696
604 699
604 188
604 250
604 193
604 197
604 710
604 199
604 712
604 716
604 720
604 141
604 210
604 214
604 215
604 731
604 220
604 221
604 226
604 739
604 740
604 231
604 232
604 234
604 235
604 748
604 237
604 238
604 239
604 753
604 41
604 248
604 762
604 251
604 455
604 767
604 772
604 773
604 94
604 781
604 784
604 785
604 275
604 789
604 278
604 792
604 794
604 797
604 800
604 48
604 290
604 293
604 808
604 811
604 814
604 816
604 305
604 307
604 821
604 822
604 823
604 312
604 830
604 831
604 832
604 835
604 324
604 837
604 838
604 841
604 330
604 331
604 332
604 386
604 335
604 848
604 849
604 338
604 851
604 340
604 853
604 342
604 857
604 858
604 863
604 353
604 355
604 869
604 870
604 873
604 874
604 46
604 876
604 366
604 880
604 882
604 883
604 884
604 373
604 890
604 891
604 380
604 405
604 897
604 898
604 902
604 907
604 908
604 398
604 914
604 915
604 40
604 917
604 919
604 408
604 68
604 410
604 923
604 413
604 414
604 415
604 928
604 929
604 931
604 421
604 424
604 938
604 71
604 428
604 942
604 944
604 945
604 435
604 948
604 949
604 442
604 958
604 959
604 160
604 452
604 967
604 968
604 457
604 462
604 465
604 419
604 468
604 469
604 470
604 472
604 474
604 130
604 477
604 479
604 481
604 486
604 337
604 488
604 323
604 492
604 497
604 339
604 504
604 506
604 170
605 389
609 956
609 573
610 742
612 211
612 955
613 265
613 643
613 427
614 451
615 860
616 390
617 791
617 420
617 319
618 393
618 932
619 264
619 602
620 779
621 354
622 758
622 886
622 687
624 819
624 836
625 597
625 135
628 17
628 829
631 10
631 507
631 365
634 616
634 122
635 434
635 751
636 764
638 761
640 662
640 615
641 881
641 631
642 749
643 362
643 106
643 5
644 563
644 780
644 390
644 934
645 124
648 412
648 253
649 241
650 417
651 598
652 37
653 711
653 887
654 392
656 345
658 732
658 430
660 311
661 467
662 913
662 787
662 253
663 846
663 63
664 100
665 962
666 705
668 539
668 901
669 744
669 524
669 212
669 461
669 577
672 655
674 316
676 243
676 941
677 329
677 101
677 14
679 909
680 691
683 58
683 900
685 500
686 697
686 713
686 911
686 494
686 951
687 257
687 82
687 92
687 783
688 564
689 775
691 418
692 594
692 467
692 727
693 774
695 649
695 730
696 707
696 109
696 195
697 124
697 540
698 37
699 523
699 139
700 191
701 677
702 180
703 268
703 847
704 483
704 453
705 547
705 741
705 534
706 535
707 240
707 861
708 33
708 538
708 618
708 757
708 109
710 291
711 864
711 175
711 519
712 637
713 423
714 655
715 918
715 287
716 616
716 854
717 787
717 747
719 568
719 629
720 655
721 110
721 404
721 341
721 934
722 867
723 757
725 728
725 681
726 407
730 499
731 791
734 659
735 24
737 513
739 754
739 700
740 132
741 385
743 709
744 820
744 684
744 501
745 473
746 286
747 105
747 63
748 755
749 769
749 551
749 637
749 719
751 254
751 423
752 862
754 175
756 169
756 663
757 839
757 69
757 495
758 825
758 179
761 233
761 49
762 867
762 815
763 441
763 715
763 303
765 567
766 273
766 721
766 7
767 665
769 213
770 346
771 768
771 319
774 737
774 195
774 206
775 961
776 930
778 217
778 263
778 633
779 754
779 6
781 528
781 614
782 571
785 937
785 466
785 804
786 313
788 741
790 965
791 503
793 561
794 458
794 451
794 559
795 742
796 732
796 879
797 341
798 433
798 604
800 943
803 585
803 19
803 617
804 394
804 725
804 597
805 595
805 803
805 573
806 719
807 770
807 847
808 280
808 733
808 182
809 517
811 745
811 434
811 22
812 782
813 120
813 473
813 43
814 126
816 665
816 724
816 245
817 314
818 208
819 113
821 44
821 589
821 574
822 180
823 501
824 706
824 58
824 213
825 264
825 697
826 862
827 364
828 922
828 173
829 728
829 138
829 819
829 303
830 267
830 319
831 872
832 361
833 201
834 776
834 668
834 286
839 535
841 843
842 611
842 796
842 750
843 360
844 860
846 352
846 940
846 84
847 960
848 725
853 404
854 717
855 225
855 287
856 146
856 367
857 349
857 294
857 383
859 875
860 437
861 586
861 93
861 447
863 416
863 899
863 198
864 80
864 737
864 943
865 678
866 657
866 49
867 566
868 320
868 777
868 707
868 133
868 454
869 579
870 530
871 348
872 936
872 482
872 803
874 509
875 954
876 580
876 95
877 963
877 163
878 246
879 200
879 658
880 409
880 379
880 694
882 163
883 173
884 20
885 567
886 397
886 926
888 388
889 411
889 918
889 763
890 896
890 241
890 402
890 485
891 464
891 939
892 233
892 491
892 460
892 230
893 670
895 726
897 304
897 2
898 892
899 145
899 548
899 356
901 345
901 689
902 619
902 705
902 27
903 9
903 3
903 254
904 43
906 798
909 179
909 191
910 580
911 42
912 60
912 622
913 198
914 920
914 531
914 685
914 926
915 189
915 261
916 681
916 362
916 715
916 491
917 950
918 11
918 246
918 431
919 578
919 356
920 397
921 652
922 912
923 601
923 262
924 950
925 585
927 467
928 842
929 881
929 402
929 358
930 145
930 62
931 82
931 261
932 285
932 270
933 754
933 538
933 381
934 760
934 460
935 602
935 39
936 538
936 283
937 306
937 254
937 511
938 100
938 92
938 734
938 361
939 367
941 875
941 196
941 254
942 417
942 119
942 244
942 621
942 439
944 200
944 395
944 13
945 209
945 524
949 438
950 592
952 670
952 31
954 328
954 401
955 809
955 106
955 916
955 861
957 524
961 569
961 906
961 852
963 336
963 765
964 328
964 252
965 308
967 669
968 352
968 203

823 1103
1 97
2 1
2 822
4 327
5 714
6 282
6 166
7 603
7 692
12 650
15 788
16 454
17 698
18 73
18 489
19 84
22 806
22 428
22 493
22 751
22 689
22 212
22 763
24 500
27 33
27 789
27 294
27 615
31 190
32 489
32 436
32 641
34 497
34 459
37 248
38 98
38 763
38 295
39 280
39 791
40 525
41 632
42 83
42 525
43 781
44 505
44 402
45 667
46 527
47 65
47 242
47 563
48 523
48 276
49 753
49 134
49 535
51 24
51 584
51 378
51 621
51 663
53 743
54 680
54 782
55 752
55 517
55 815
56 443
57 250
65 677
65 575
66 802
66 468
66 50
67 410
67 179
68 560
68 300
69 161
70 531
71 179
72 30
72 222
74 500
74 189
75 352
75 769
75 649
76 154
76 179
78 156
78 190
78 302
79 612
80 672
82 473
83 12
83 84
85 787
85 318
86 75
88 736
88 435
88 340
91 803
92 783
93 307
93 123
93 519
94 313
95 352
95 715
96 272
96 178
96 387
98 632
98 361
99 634
99 629
99 567
100 705
100 403
101 107
103 109
104 297
105 709
105 437
106 769
107 452
108 464
109 65
109 282
109 284
109 268
112 326
113 406
114 713
115 164
116 802
117 516
118 773
119 158
120 384
120 346
120 459
122 345
124 659
125 26
125 39
126 428
127 158
128 197
128 725
129 674
129 635
130 371
131 385
131 387
134 242
136 587
137 299
138 762
138 362
139 59
141 710
142 82
143 200
143 41
143 118
145 242
145 223
146 234
146 499
146 358
147 164
148 648
149 428
149 446
150 160
150 596
150 85
151 734
152 648
152 563
152 558
153 482
153 445
153 541
154 49
154 804
154 390
155 646
155 295
156 619
156 326
156 271
158 160
158 171
158 592
158 756
158 188
158 735
159 418
159 635
160 448
161 77
161 141
162 372
163 473
163 636
164 250
165 273
165 402
166 468
167 721
169 712
169 71
169 788
169 133
169 517
170 192
170 181
171 647
172 56
172 212
172 575
173 88
173 714
174 326
175 110
176 10
176 683
179 240
179 37
180 758
181 445
182 503
183 169
185 448
185 121
185 53
186 635
187 74
188 211
189 111
190 345
190 265
191 516
192 35
193 146
193 51
193 702
194 692
194 511
195 88
195 8
196 708
198 186
198 555
199 179
200 673
200 436
201 416
201 308
201 166
203 536
203 499
203 675
204 244
205 120
205 282
206 293
207 112
207 612
207 357
208 158
209 167
211 780
211 575
212 505
212 498
213 760
213 268
213 77
213 53
214 328
214 519
215 58
215 717
216 21
217 334
218 484
219 502
220 572
221 314
222 84
222 717
223 265
223 41
223 587
223 525
223 21
223 599
224 354
226 594
226 163
227 682
227 261
228 313
229 704
229 260
229 573
229 325
230 239
230 213
230 439
231 416
231 364
231 677
231 823
232 706
233 551
235 177
235 54
236 570
236 539
236 599
237 41
237 754
238 476
238 45
239 433
240 787
240 430
241 687
242 547
242 123
242 341
244 179
244 756
245 798
246 337
246 119
247 635
249 674
249 719
249 791
251 789
253 553
253 527
254 320
254 167
254 750
254 370
254 440
254 765
255 501
255 309
256 514
257 32
257 371
257 447
258 97
258 206
259 608
260 400
260 247
261 640
263 405
265 153
265 274
265 705
265 18
265 303
266 555
267 42
267 445
268 490
269 659
270 49
272 45
272 574
274 712
274 113
275 377
276 568
276 59
276 76
276 419
277 240
277 201
277 51
277 453
278 638
278 301
278 246
278 45
279 91
279 582
280 813
281 56
281 30
281 166
281 21
282 220
283 400
283 297
284 481
284 569
285 257
286 674
286 382
287 183
288 410
290 247
291 600
292 294
293 802
293 356
294 364
295 193
295 59
295 819
296 92
296 77
298 106
298 541
299 505
300 478
302 465
303 224
303 263
304 697
306 453
307 680
307 572
308 729
308 806
309 491
310 259
311 467
313 621
313 573
314 391
314 239
316 811
317 762
317 358
318 162
318 326
319 152
319 793
319 581
319 31
320 293
321 601
321 689
322 643
323 392
323 20
323 469
324 436
325 400
325 704
325 211
325 796
326 737
327 3
328 755
328 549
329 671
331 233
331 157
331 222
331 577
332 450
333 421
333 21
335 228
335 492
335 670
336 121
336 324
336 822
337 606
342 452
343 327
344 654
345 784
346 97
346 251
346 309
347 691
347 229
347 715
348 160
348 235
350 722
351 539
352 632
353 400
353 569
353 668
355 84
356 395
357 560
357 289
358 28
358 676
359 329
360 41
360 779
361 45
361 446
362 442
363 78
364 688
364 528
364 486
365 351
368 157
369 760
369 617
369 6
370 690
370 509
371 315
371 579
373 285
373 279
374 54
375 204
376 574
377 379
378 563
381 297
382 765
383 656
383 631
384 662
385 40
385 427
385 110
388 234
388 422
389 147
391 480
391 421
392 757
393 581
393 46
393 733
394 568
395 236
396 371
396 246
397 258
397 757
398 321
398 326
401 667
401 76
402 704
402 475
402 390
403 181
403 391
404 236
405 113
405 781
406 688
406 469
406 238
406 670
407 216
409 230
410 19
410 681
410 115
410 702
411 576
411 74
411 499
412 532
412 199
413 561
413 90
413 645
413 313
414 476
414 484
415 328
415 714
415 93
417 381
419 429
419 453
420 161
421 184
422 332
423 1
423 278
423 159
425 47
425 363
425 271
426 324
426 735
427 181
428 536
428 141
429 194
429 261
429 662
430 472
430 685
433 165
434 236
436 190
437 545
437 719
438 504
438 655
439 90
440 729
440 534
441 218
444 139
445 30
447 505
447 363
448 684
450 375
451 673
451 265
452 128
452 37
453 610
454 269
456 2
456 774
458 375
459 33
460 554
461 116
462 642
463 386
463 814
463 624
463 501
463 568
463 442
464 194
466 698
466 286
467 337
467 470
467 430
467 297
468 270
468 215
469 325
470 147
471 299
471 35
472 707
472 4
472 806
473 134
475 321
475 555
475 54
476 192
476 432
477 640
477 448
478 688
479 202
479 213
479 318
480 576
481 613
481 103
483 38
483 671
484 600
484 520
484 215
484 814
484 415
485 407
488 85
490 205
491 265
491 421
491 78
492 362
493 584
493 523
494 592
494 650
494 180
494 767
498 570
499 74
500 66
501 700
502 505
503 52
503 573
504 759
505 272
505 436
506 432
506 522
507 366
508 223
509 259
511 305
511 79
513 457
514 392
515 254
516 601
516 598
516 127
517 416
517 306
517 285
519 390
520 72
520 539
521 785
521 811
521 660
521 28
523 62
525 536
527 349
527 102
528 137
529 802
529 407
530 324
531 715
531 68
532 764
533 150
534 754
534 782
536 57
537 661
538 179
539 792
539 799
540 586
540 403
541 485
542 322
543 476
543 110
544 200
544 691
545 754
546 233
546 351
547 393
547 706
549 56
549 135
550 408
552 99
552 130
552 43
552 492
553 348
553 821
554 531
554 659
554 181
554 646
556 413
557 199
559 110
560 92
562 255
563 264
565 374
566 360
568 361
568 223
569 396
569 182
570 307
571 170
571 703
574 228
574 222
575 256
575 330
576 145
577 77
579 558
580 327
583 474
583 579
583 188
585 776
586 393
586 478
587 416
587 162
587 371
591 658
592 260
595 80
595 152
595 78
596 58
596 13
596 814
598 592
598 90
598 563
600 808
602 301
605 670
607 290
607 10
607 658
607 783
608 411
608 444
612 504
612 129
612 696
613 411
613 436
613 93
614 75
617 728
617 721
618 251
619 158
621 477
623 619
624 40
624 581
625 560
625 534
626 769
626 195
626 28
626 118
626 439
627 536
627 2
628 536
628 18
630 721
631 120
631 626
632 45
633 632
633 629
636 2
636 580
636 454
638 200
639 781
640 88
640 114
640 125
641 685
643 16
644 473
644 140
645 377
645 218
647 164
648 123
648 501
649 176
650 94
651 496
652 766
653 671
655 593
655 220
655 238
656 60
658 816
658 682
659 495
660 201
660 485
661 643
661 694
662 537
663 81
663 133
663 189
664 3
666 156
667 612
667 333
670 458
670 254
671 393
671 774
672 822
672 286
673 187
674 593
674 131
677 269
678 37
679 264
679 659
681 549
682 37
684 70
686 248
686 328
686 19
687 29
688 444
688 542
689 563
691 301
692 227
694 88
694 282
694 134
695 578
696 819
696 477
697 626
697 132
701 536
702 336
703 246
703 415
704 440
707 735
708 312
710 646
711 8
711 469
713 787
713 699
714 304
714 560
714 682
714 357
715 794
716 55
717 506
720 592
720 811
720 596
720 598
722 265
722 191
724 436
724 396
724 446
725 819
725 419
725 524
725 220
726 289
728 223
729 624
729 260
729 95
731 801
731 29
732 345
733 816
733 202
734 422
735 175
736 612
736 436
736 495
737 239
738 284
739 612
739 524
744 290
745 173
745 510
746 328
747 711
748 514
752 264
752 633
752 258
754 506
755 320
757 456
757 345
757 187
757 105
759 57
759 222
760 779
762 430
763 493
765 219
765 85
766 395
766 662
767 307
767 67
767 268
767 238
768 436
768 31
769 315
769 125
771 746
771 354
771 188
771 469
772 413
775 512
775 417
775 172
775 631
776 112
776 452
776 37
776 598
776 471
777 770
777 268
777 623
778 641
778 508
779 54
783 19
784 684
785 195
786 419
787 381
788 193
788 742
789 307
789 716
790 181
791 182
792 385
793 381
794 204
795 108
796 388
797 584
797 738
797 550
798 133
799 8
799 57
799 198
800 40
800 114
802 81
802 819
802 755
804 222
804 782
804 295
805 276
806 194
806 543
806 706
806 783
807 748
808 320
808 737
808 743
809 522
809 708
810 346
812 66
812 175
813 241
813 252
814 569
814 434
814 347
814 309
815 43
817 162
820 82
820 235
820 764
820 342
821 583
823 674
823 687

823 1341
2 580
3 612
3 749
4 391
5 505
6 255
8 87
9 796
10 144
11 820
12 713
12 252
12 566
14 352
14 254
14 583
15 184
15 209
18 433
18 802
19 426
19 478
21 220
22 377
22 36
22 325
22 495
23 766
24 542
25 562
25 318
27 479
28 617
29 112
30 137
30 374
30 809
31 770
32 167
33 220
33 357
37 786
37 780
38 753
38 799
39 401
39 178
40 296
40 354
40 366
42 198
44 90
44 587
44 238
45 255
46 34
47 639
50 510
51 530
52 431
53 445
53 605
55 666
55 646
56 748
57 431
58 752
58 201
58 540
59 152
59 442
60 81
61 144
62 604
62 686
64 398
65 18
68 168
68 292
68 6
70 698
70 725
72 342
73 217
73 131
73 510
74 798
77 215
77 343
78 559
80 391
81 225
81 262
81 110
83 358
84 392
84 11
84 12
84 822
84 695
84 28
85 56
85 291
86 306
86 575
87 383
87 603
87 102
87 239
88 801
89 219
89 517
89 759
90 720
90 758
91 607
92 797
92 614
93 43
93 318
94 104
94 22
95 97
95 50
96 296
96 457
96 802
97 266
98 632
98 157
98 142
100 27
100 635
100 92
100 190
101 426
101 493
102 664
102 25
102 712
103 818
103 583
104 744
104 782
107 196
109 393
109 822
111 84
111 526
113 102
113 686
113 430
116 665
119 561
119 508
120 429
121 228
122 672
123 713
123 724
124 212
126 390
126 207
127 350
127 101
127 510
127 94
127 375
128 587
128 627
129 730
129 395
131 26
132 41
132 692
132 319
133 34
133 660
133 206
133 758
135 774
136 513
136 571
137 391
138 689
139 635
141 561
141 811
143 456
143 788
145 739
147 600
147 618
147 77
148 715
148 133
148 429
149 681
149 204
150 177
150 698
150 245
150 438
151 108
152 548
152 93
153 535
154 200
154 721
154 647
155 219
156 65
156 538
156 446
156 409
157 19
157 435
159 419
161 534
163 98
163 727
164 645
166 130
166 419
166 284
166 285
166 165
167 625
169 576
169 17
170 736
170 418
172 160
173 688
173 434
173 551
174 629
175 300
176 235
176 308
177 537
177 524
177 270
179 640
184 163
185 535
185 518
185 479
186 584
186 329
186 203
186 820
187 392
188 17
189 329
189 334
190 581
190 631
192 762
192 203
193 252
193 326
194 467
194 277
194 775
195 674
197 166
198 43
198 205
199 236
201 45
202 367
204 224
204 603
204 37
204 398
206 398
207 566
209 218
210 744
210 516
210 607
211 584
212 68
212 614
213 355
213 164
213 663
216 202
217 408
217 109
217 166
217 471
218 105
219 290
219 788
220 27
220 263
222 465
222 324
223 271
224 227
224 334
224 223
225 150
226 160
226 652
227 626
227 639
228 283
229 779
229 604
230 786
230 693
231 252
233 217
233 554
238 692
238 501
240 342
241 246
243 62
243 14
244 163
245 99
245 575
246 420
247 200
247 465
248 488
248 48
248 266
250 486
250 407
252 50
252 571
252 383
253 74
254 698
254 107
255 386
256 602
256 732
256 807
257 140
257 550
258 434
262 201
263 4
264 646
264 471
265 774
265 151
266 607
267 776
268 689
268 457
268 644
268 190
268 127
269 517
270 272
271 799
274 65
275 16
275 14
276 166
277 174
279 737
279 87
280 489
280 79
283 112
283 61
284 525
285 538
285 716
287 8
289 531
290 459
290 235
293 338
294 248
294 587
298 549
299 191
300 163
300 30
301 206
301 823
301 445
301 398
301 207
302 157
303 786
303 354
304 237
305 246
306 245
307 590
311 176
311 117
311 542
312 331
312 460
313 263
314 735
315 73
318 545
318 594
321 87
323 405
324 626
324 52
324 514
325 421
325 310
326 616
326 763
326 732
327 425
327 11
327 279
328 146
330 576
331 643
331 174
331 223
332 178
332 564
333 808
333 250
333 573
334 88
335 720
337 37
338 298
339 452
340 673
341 634
341 668
342 363
343 650
343 422
343 799
344 457
344 716
345 728
345 553
346 432
346 3
346 719
347 545
347 18
347 253
349 818
350 78
351 458
351 293
351 182
351 453
352 727
353 802
353 671
354 331
355 356
355 238
355 358
356 296
356 43
356 475
356 277
357 778
357 590
358 416
359 636
361 592
361 689
363 262
364 629
366 737
366 190
366 86
367 62
368 483
370 329
370 430
371 441
371 106
371 269
371 462
371 415
372 800
372 745
372 223
373 311
374 256
374 298
375 372
376 712
376 223
380 4
380 100
381 250
383 473
384 249
384 333
386 782
386 175
387 26
387 710
388 718
389 815
390 296
391 314
392 163
392 676
393 160
393 806
394 510
395 708
395 373
395 270
395 789
396 226
396 148
397 734
399 16
400 104
401 8
401 414
402 742
402 715
402 781
402 61
402 400
402 541
403 209
404 295
405 821
406 205
408 394
408 716
409 633
410 537
410 671
411 340
411 460
411 204
411 23
412 185
412 660
413 389
414 264
415 756
416 562
417 696
418 50
419 104
420 465
420 772
420 159
421 384
422 547
422 494
422 686
424 778
428 671
429 185
431 120
431 99
431 76
431 621
431 623
432 44
432 79
433 714
433 447
435 138
435 183
437 612
437 158
437 646
439 21
442 811
443 808
443 473
443 149
444 700
445 544
445 528
447 480
447 613
448 682
448 679
449 784
449 92
449 115
449 540
451 631
451 459
451 483
451 143
452 657
452 723
453 419
454 505
455 417
455 154
455 303
456 385
458 471
459 688
459 665
459 224
459 592
460 417
461 650
461 382
462 280
462 656
462 538
462 582
463 305
463 690
463 135
463 148
463 7
465 533
465 622
466 192
467 234
467 45
467 343
468 649
469 667
469 260
469 237
469 211
471 320
471 116
471 22
472 665
475 459
476 602
478 752
478 236
479 520
480 433
482 59
486 492
486 678
486 95
487 214
487 406
488 779
490 92
490 718
490 111
491 188
493 746
495 96
495 604
497 377
497 407
498 555
498 733
499 746
499 619
499 669
500 328
501 607
502 273
502 437
504 489
505 360
505 730
505 597
507 774
507 814
508 113
508 282
508 415
509 790
510 138
510 403
514 210
515 193
515 314
516 44
516 333
517 522
519 304
519 641
519 413
520 661
522 137
522 713
522 196
522 509
522 55
523 35
523 211
525 816
525 410
526 497
527 736
527 193
527 107
527 593
528 539
528 590
529 50
529 652
530 8
530 89
530 218
530 338
532 811
534 474
536 127
536 545
536 739
536 255
537 503
539 769
539 324
540 613
541 433
542 260
543 321
543 707
543 243
544 711
544 774
544 726
544 719
545 241
545 724
546 474
547 169
548 31
549 40
549 411
549 332
550 190
550 382
551 494
551 638
552 520
552 289
553 348
553 805
554 619
555 225
555 534
555 590
556 736
556 251
556 815
557 667
557 773
558 737
558 2
558 589
560 266
560 107
560 124
561 580
562 401
563 584
563 711
564 361
564 420
567 476
567 399
568 224
568 577
568 670
569 662
570 725
570 790
570 517
571 369
571 798
571 678
572 706
573 741
575 76
576 715
577 204
577 295
578 162
578 367
579 205
580 283
580 750
581 176
581 797
586 475
587 513
587 163
588 513
588 349
588 150
589 737
589 114
589 805
590 592
591 765
592 762
593 813
595 406
596 425
596 446
597 119
598 223
599 219
599 423
601 441
602 64
602 774
604 768
604 103
604 783
605 680
605 659
605 660
606 458
607 120
611 282
612 192
612 757
613 257
613 597
613 518
614 526
614 542
617 658
618 90
618 731
618 53
620 35
620 751
621 497
622 221
622 302
622 398
624 521
624 562
625 352
625 673
628 114
629 801
629 298
631 191
632 442
632 747
632 422
634 465
634 222
635 379
638 800
639 281
639 67
639 643
639 564
640 202
640 735
641 104
642 44
642 191
643 162
643 587
644 786
644 394
646 90
646 459
646 436
647 662
647 671
648 17
648 700
649 650
649 622
650 569
650 804
651 446
653 508
653 5
654 548
654 470
656 286
656 750
657 18
657 646
658 207
659 157
660 167
661 784
661 712
661 646
662 737
662 410
662 203
662 121
663 349
664 428
665 337
665 447
666 137
666 661
667 168
668 685
668 487
669 561
669 10
669 807
670 675
670 717
671 487
672 347
672 292
672 219
673 235
673 237
674 448
674 481
674 796
675 295
676 331
676 196
678 774
679 603
680 508
680 597
681 394
682 245
683 623
686 428
686 302
688 288
688 516
688 188
689 812
689 462
689 62
689 182
691 418
691 483
693 764
693 286
693 231
695 194
695 387
695 31
698 452
698 535
699 104
699 480
699 291
699 301
700 720
700 779
701 484
702 803
703 666
703 811
705 303
706 696
706 546
707 44
708 214
710 277
712 353
712 549
712 773
714 78
714 46
715 51
715 515
715 519
715 307
715 523
715 13
715 527
715 529
715 259
715 532
715 171
715 536
715 29
715 543
715 32
715 33
715 1
715 38
715 552
715 42
715 556
715 557
715 558
715 47
715 49
715 563
715 565
715 54
715 567
715 568
715 57
715 570
715 60
715 574
715 63
715 578
715 579
715 69
715 70
715 71
715 72
715 585
715 586
715 75
715 588
715 591
715 80
715 82
715 595
715 596
715 85
715 598
715 599
715 601
715 15
715 608
715 609
715 610
715 611
715 615
715 620
715 189
715 624
715 275
715 628
715 630
715 20
715 122
715 123
715 637
715 126
715 129
715 132
715 134
715 648
715 651
715 653
715 655
715 141
715 24
715 147
715 153
715 155
715 161
715 677
715 683
715 684
715 173
715 687
715 691
715 181
715 694
715 697
715 186
715 699
715 701
715 702
715 703
715 704
715 705
715 195
715 197
715 199
715 208
715 722
715 213
715 216
715 729
715 738
715 740
715 229
715 230
715 743
715 232
715 233
715 125
715 754
715 755
715 244
715 760
715 767
715 771
715 261
715 777
715 267
715 268
715 785
715 274
715 787
715 276
715 278
715 791
715 793
715 794
715 265
715 287
715 294
715 810
715 299
715 817
715 819
715 309
715 312
715 315
715 316
715 317
715 322
715 335
715 336
715 339
715 341
715 344
715 345
715 9
715 359
715 362
715 364
715 365
715 368
715 370
715 371
715 376
715 381
715 179
715 388
715 396
715 397
715 402
715 404
715 424
715 427
715 242
715 499
715 439
715 440
715 443
715 449
715 451
715 454
715 455
715 461
715 463
715 464
715 466
715 468
715 469
715 472
715 118
715 482
715 136
715 485
715 490
715 491
715 496
715 498
715 83
715 500
715 187
715 502
715 504
715 506
715 507
715 511
716 517
717 403
718 761
718 650
719 380
721 642
722 321
722 779
722 177
723 313
723 458
723 410
725 321
726 710
726 87
727 191
727 91
727 477
727 623
728 715
729 297
730 128
730 291
731 64
731 467
731 716
731 647
734 444
735 283
735 260
736 634
736 372
736 774
736 222
737 448
737 369
737 434
737 416
738 330
738 180
739 450
740 76
741 37
741 198
741 255
742 696
742 39
745 668
745 732
745 351
746 363
746 444
746 525
746 638
746 719
747 481
750 88
750 756
750 477
753 776
753 512
753 475
756 721
756 590
757 43
759 337
760 561
760 323
760 572
761 34
762 629
763 348
768 98
768 710
769 654
770 357
771 465
772 423
773 411
774 412
775 553
775 258
776 539
776 564
777 273
777 74
777 231
779 102
781 597
781 638
781 509
784 349
785 338
785 435
785 139
786 346
786 803
787 560
787 809
787 172
787 535
788 224
788 200
788 298
789 816
789 194
789 170
791 779
791 412
792 238
793 328
793 378
794 606
796 425
796 522
796 786
797 592
797 783
798 156
798 709
799 250
799 31
800 410
800 247
802 430
803 594
803 372
804 66
805 548
805 327
806 792
806 597
808 382
809 700
810 762
811 145
811 707
811 302
813 326
814 649
815 808
815 363
815 78
816 408
816 746
816 34
816 690
817 795
818 240
818 113
818 52
819 58
819 727
820 808
820 269
820 143
822 292
823 680
823 41

840 1698
1 401
1 770
1 469
4 469
5 66
5 335
5 519
7 409
7 650
8 760
8 522
9 41
9 565
9 639
10 228
10 835
10 747
10 491
11 339
12 380
14 248
14 303
16 328
16 244
16 765
16 838
17 658
18 472
18 64
18 162
19 825
19 78
19 534
19 729
21 824
21 659
21 278
22 9
22 498
22 748
23 228
23 59
23 692
23 261
24 440
25 322
26 332
26 772
26 396
27 451
27 213
27 702
27 303
28 753
28 247
29 576
29 704
29 169
30 521
30 834
30 387
30 254
30 735
31 61
31 823
32 539
32 333
33 827
33 439
34 360
34 25
34 44
34 510
34 527
35 708
35 60
36 666
36 683
38 400
38 596
38 829
39 819
40 552
41 423
42 549
43 808
43 732
44 266
44 35
44 319
45 834
45 723
45 14
47 776
47 11
47 302
48 673
48 516
48 740
49 154
49 179
50 529
50 669
50 47
51 304
51 739
51 110
52 641
52 468
53 760
53 282
53 565
53 231
55 315
56 504
56 294
57 268
57 399
58 810
59 747
59 47
60 550
61 36
62 677
63 82
64 657
65 144
65 272
66 25
66 309
67 145
67 9
67 383
68 404
69 693
70 712
70 385
70 786
70 221
70 590
71 652
71 677
72 596
72 374
73 154
73 782
73 191
76 572
76 822
79 352
79 809
79 276
79 413
80 248
80 626
80 764
82 796
83 664
83 139
83 423
84 175
84 317
84 605
85 57
85 634
86 506
86 300
86 421
87 132
87 434
87 532
87 543
88 153
88 643
88 804
88 261
88 87
89 13
89 270
90 536
90 621
90 734
91 809
92 481
93 529
93 802
93 599
93 349
93 303
94 386
95 512
95 460
95 150
98 329
98 356
99 627
102 560
102 387
103 832
103 41
103 717
103 561
103 531
103 379
104 232
104 727
105 35
106 644
106 558
106 799
108 739
109 65
109 714
110 762
110 218
111 122
111 509
111 206
112 514
113 80
113 21
113 471
114 356
115 385
117 449
117 121
118 713
118 740
119 40
120 128
120 627
121 97
122 268
123 434
123 798
124 64
124 593
124 188
124 589
125 521
125 146
126 779
126 259
126 357
127 65
129 573
130 30
131 785
131 44
131 247
132 128
132 99
132 777
132 301
132 562
132 602
132 189
132 31
134 341
135 164
136 348
136 13
137 681
138 608
138 496
138 810
138 319
139 24
140 569
140 74
142 577
143 282
144 434
144 245
144 462
145 543
146 643
148 297
148 769
148 813
148 366
148 329
149 316
149 477
149 621
150 116
151 816
151 786
151 453
151 477
153 401
153 87
154 833
154 107
155 653
156 588
156 829
157 200
158 516
158 183
159 90
159 93
159 807
160 46
160 222
161 774
162 202
163 708
164 506
164 53
164 789
164 751
165 520
165 622
166 730
166 693
166 759
167 768
167 633
167 570
168 129
168 404
169 249
170 240
171 412
171 126
172 195
172 439
173 265
173 538
174 18
174 178
174 383
175 826
175 358
177 528
177 596
177 718
178 32
178 649
179 484
180 780
181 682
181 469
181 694
182 490
183 252
183 740
184 281
184 706
184 238
185 149
186 635
187 138
187 556
188 577
188 114
188 690
188 73
189 297
189 477
191 611
191 817
191 687
191 247
192 220
193 748
193 270
194 821
195 578
195 749
198 836
198 597
198 181
200 488
202 555
202 197
203 57
203 338
203 259
203 695
204 533
205 178
205 411
206 152
206 699
207 568
207 776
207 482
207 492
207 130
208 367
209 236
209 749
210 796
210 109
210 423
211 49
211 605
212 780
212 70
213 834
213 59
213 333
213 533
215 760
215 350
216 578
216 374
216 431
217 754
217 59
217 647
218 560
218 553
218 140
218 685
219 372
220 280
220 648
220 839
221 218
221 235
221 508
221 394
222 448
224 504
224 582
225 210
225 831
225 599
226 418
226 269
227 400
228 506
228 587
228 285
228 607
229 709
230 435
230 300
231 151
232 626
233 536
233 799
233 275
233 196
233 483
234 185
234 658
234 626
234 773
235 769
235 782
236 611
237 714
238 770
238 239
239 776
239 366
239 621
239 806
240 589
241 766
242 834
243 702
244 514
245 729
245 710
246 392
246 74
247 371
247 666
247 379
248 237
248 565
249 88
249 530
249 667
249 93
250 741
251 208
251 698
252 466
252 271
253 405
255 753
256 304
256 217
256 660
257 608
257 300
257 5
258 816
258 312
258 62
258 815
260 811
260 837
261 773
261 655
262 600
262 428
263 559
264 64
264 297
264 615
264 776
264 449
265 204
265 677
266 736
266 421
266 431
268 474
268 573
268 270
269 819
269 286
269 527
270 275
270 205
270 5
272 716
273 724
274 12
275 212
276 255
278 261
278 390
278 293
279 303
279 485
279 175
280 459
281 696
281 178
281 828
281 221
282 37
282 447
283 835
283 150
284 573
285 84
285 182
286 693
287 180
288 561
288 124
289 544
289 568
289 132
289 206
289 215
291 249
292 586
292 403
292 701
294 172
294 821
294 310
294 461
295 745
295 431
296 254
297 569
297 500
298 408
298 656
298 640
299 704
299 761
299 219
299 443
299 558
300 713
300 414
301 88
301 385
301 715
302 393
302 98
303 801
304 699
304 78
304 765
304 102
304 527
306 392
309 624
309 99
309 679
309 31
311 201
311 460
312 185
312 68
312 766
313 76
314 292
314 276
314 446
315 109
315 606
316 819
317 69
319 713
319 578
319 231
319 381
319 25
320 760
320 574
320 607
321 628
321 757
321 374
323 561
323 500
324 286
325 611
326 616
328 149
328 446
330 591
331 2
331 518
331 8
331 17
331 20
331 26
331 546
331 547
331 6
331 38
331 39
331 92
331 43
331 557
331 50
331 52
331 54
331 567
331 56
331 571
331 67
331 583
331 585
331 77
331 603
331 604
331 94
331 609
331 610
331 613
331 614
331 105
331 620
331 113
331 115
331 118
331 631
331 131
331 134
331 137
331 141
331 661
331 662
331 665
331 156
331 670
331 671
331 672
331 161
331 675
331 165
331 167
331 680
331 173
331 686
331 688
331 91
331 691
331 190
331 703
331 192
331 707
331 199
331 119
331 207
331 720
331 721
331 728
331 224
331 233
331 234
331 241
331 755
331 756
331 246
331 250
331 251
331 255
331 256
331 260
331 262
331 264
331 45
331 787
331 788
331 790
331 792
331 794
331 795
331 797
331 287
331 295
331 812
331 814
331 307
331 313
331 318
331 326
331 840
331 330
331 334
331 336
331 343
331 345
331 346
331 347
331 351
331 353
331 363
331 368
331 369
331 373
331 377
331 388
331 395
331 402
331 410
331 415
331 416
331 417
331 422
331 425
331 71
331 430
331 432
331 243
331 436
331 444
331 445
331 160
331 463
331 464
331 467
331 479
331 480
331 486
331 497
331 499
331 503
331 507
331 767
332 601
332 455
335 601
337 176
337 521
338 272
339 208
339 97
339 66
339 574
340 724
340 31
341 332
342 245
343 95
344 540
344 29
345 418
345 775
346 120
346 305
346 802
346 826
346 422
347 516
348 710
349 360
349 627
350 177
351 622
351 702
352 148
353 575
353 31
353 407
354 122
355 148
355 629
355 766
355 541
356 427
356 519
357 297
359 504
359 793
359 69
360 122
360 279
360 700
360 125
360 621
361 191
361 647
362 328
362 556
365 651
366 681
367 374
368 116
368 21
368 103
369 153
369 354
369 465
372 816
373 824
373 99
374 627
374 815
375 128
375 768
375 427
375 372
376 562
376 692
376 690
377 765
378 385
378 42
378 647
380 81
380 293
383 164
383 630
384 687
386 489
386 294
386 398
389 51
389 660
389 749
390 561
391 101
392 433
392 663
394 41
396 706
396 541
397 684
398 32
398 249
398 298
398 483
399 427
399 100
399 742
400 274
402 163
402 100
403 660
403 58
403 740
403 809
404 324
404 734
405 296
405 833
405 629
405 223
407 650
407 678
408 268
409 331
410 778
410 116
411 33
411 658
412 420
414 214
415 412
415 189
416 530
416 4
417 286
418 594
418 143
419 683
419 349
420 796
420 658
420 340
421 502
423 576
424 619
424 774
424 591
425 104
425 149
427 523
428 180
428 266
428 3
428 748
429 632
429 553
429 428
429 409
430 617
431 457
431 355
431 332
431 492
431 15
433 306
433 450
433 174
434 244
435 702
436 337
436 779
437 278
437 511
438 312
438 308
438 596
439 400
439 638
440 19
441 529
441 387
442 737
442 164
442 210
442 183
442 228
442 827
443 304
443 214
443 310
444 419
444 438
445 651
445 399
445 126
445 151
446 196
446 101
446 757
447 611
450 289
450 47
451 11
451 811
452 704
452 267
452 365
452 383
453 440
453 386
454 13
456 498
456 647
457 268
458 568
458 826
458 202
458 107
458 253
459 379
459 28
460 399
461 581
462 9
464 723
466 825
466 379
466 692
466 831
467 796
467 21
468 75
468 423
469 41
470 113
470 836
471 500
472 59
472 324
472 455
473 84
473 509
474 129
474 132
474 833
474 521
474 359
474 623
475 766
476 365
478 47
480 267
481 114
482 761
483 99
483 359
484 299
486 171
486 822
486 127
487 193
487 738
487 752
487 663
487 89
487 478
488 752
488 99
489 483
489 476
489 749
490 217
491 332
492 90
493 237
494 265
494 34
494 654
495 537
495 211
496 323
498 449
498 612
500 773
502 15
503 750
504 252
505 729
505 506
505 719
506 709
507 711
508 130
508 535
509 777
509 731
509 349
510 504
510 247
511 42
515 554
515 172
515 766
517 622
517 303
518 561
518 562
518 754
519 80
519 515
519 349
520 687
521 350
522 36
524 601
524 259
525 576
525 634
525 285
526 314
526 342
527 312
527 577
527 829
528 87
529 659
530 742
531 321
531 579
533 483
534 681
535 584
535 636
535 85
535 615
536 323
538 434
538 818
540 290
540 820
540 743
541 677
542 452
542 239
542 236
542 783
543 833
543 258
543 642
544 371
544 359
545 245
546 201
546 563
546 820
547 65
547 624
547 561
547 734
547 57
547 638
548 624
548 209
548 522
549 370
549 741
550 659
550 70
551 178
551 324
552 51
552 683
553 628
553 765
553 278
553 823
554 426
554 758
555 200
555 172
556 146
556 590
556 271
557 598
559 528
559 371
560 257
560 515
560 110
561 72
561 225
561 242
561 110
562 289
564 779
564 132
564 647
566 475
566 637
566 182
567 229
567 111
568 748
569 460
569 637
569 391
570 771
570 836
570 549
571 200
571 592
571 323
571 187
571 762
572 152
572 231
573 361
573 481
573 701
573 601
574 216
574 325
575 577
575 530
575 142
576 122
576 315
576 327
577 734
577 542
578 393
578 731
578 527
579 825
579 435
579 470
581 1
581 598
582 738
582 509
583 681
583 548
583 805
585 393
585 186
585 194
585 335
586 282
586 22
587 25
587 100
587 561
587 169
588 24
589 745
589 398
589 593
589 558
589 247
589 505
590 423
591 329
591 275
591 679
592 104
592 138
592 14
592 750
592 344
592 95
596 62
596 23
597 681
597 355
597 437
597 638
599 572
599 227
599 724
600 800
600 61
600 407
601 587
601 731
601 181
601 735
602 633
603 689
603 333
604 108
604 178
604 668
604 223
605 11
605 117
607 284
608 506
608 294
609 531
609 739
609 183
610 577
610 682
611 452
612 104
613 136
613 770
613 453
614 259
614 125
614 133
615 809
615 597
615 830
615 239
616 741
617 558
618 483
618 495
619 690
619 291
619 133
620 378
620 382
621 541
622 824
622 168
622 302
623 202
624 152
624 732
624 182
625 367
625 524
625 309
625 517
626 475
626 599
627 164
627 466
627 725
627 504
627 580
627 474
628 338
628 781
630 257
630 371
631 622
631 414
632 257
632 681
633 99
633 492
634 340
634 543
637 87
637 668
637 526
637 135
638 616
638 249
638 230
639 48
639 316
639 239
640 193
640 746
641 639
642 579
642 485
643 782
644 171
644 55
645 3
645 12
645 197
647 593
647 75
647 356
647 493
648 764
648 466
648 692
648 277
649 242
651 779
651 679
651 191
652 296
652 492
652 494
653 108
653 75
653 19
653 580
653 754
654 551
655 401
656 455
657 825
657 659
657 837
658 531
658 674
658 27
658 475
659 308
660 568
660 361
660 411
660 612
660 769
661 44
661 774
662 649
662 252
662 183
663 819
663 159
663 367
664 184
664 576
664 182
665 272
665 112
667 832
667 422
668 765
669 202
669 355
669 85
669 86
669 191
670 186
670 611
670 252
670 14
671 181
672 731
675 484
676 536
676 99
677 283
679 360
679 475
679 636
679 799
680 155
682 10
682 147
683 424
684 164
685 406
685 401
685 616
685 272
685 113
685 342
685 443
686 595
687 818
687 678
688 128
688 456
688 400
688 123
688 247
689 340
691 586
691 238
692 51
692 106
692 11
692 700
693 7
695 392
695 570
695 645
696 226
696 27
696 310
696 487
697 765
698 711
699 82
701 88
701 441
701 663
701 335
702 838
703 801
703 333
703 142
704 593
704 434
704 508
705 288
705 25
705 529
705 157
705 97
706 185
706 179
707 344
707 362
708 587
708 517
708 429
709 736
709 764
710 545
711 638
713 578
714 46
716 258
716 124
717 40
717 273
717 564
717 216
717 622
718 168
718 739
718 726
719 148
719 727
720 88
720 263
720 79
721 124
721 501
721 541
722 525
722 621
724 120
724 197
725 406
727 574
728 709
728 269
728 375
729 311
730 570
731 506
732 722
734 570
734 651
734 397
735 384
736 376
736 433
738 808
738 169
738 763
738 302
739 800
739 63
740 288
740 153
740 57
741 783
741 543
742 394
743 158
744 442
744 27
745 196
746 232
746 708
747 760
747 789
749 27
749 438
749 79
750 579
750 673
750 522
750 539
750 95
752 16
752 738
752 566
753 290
753 803
753 694
754 106
754 236
755 483
756 198
756 582
758 560
758 687
759 428
760 24
760 236
761 97
762 1
762 130
762 637
763 713
765 201
765 439
766 548
767 303
769 245
769 446
770 625
772 634
773 521
773 580
774 166
775 126
777 12
777 271
778 320
778 482
778 271
778 791
779 530
779 293
780 739
780 573
781 712
782 784
782 414
783 706
784 660
784 719
785 300
785 325
786 833
786 202
787 312
787 549
788 705
788 381
788 695
789 513
789 197
789 537
790 421
791 154
791 324
792 457
792 12
793 230
795 128
796 40
796 337
796 203
797 593
797 458
797 515
798 646
799 232
799 745
800 576
800 579
801 453
802 409
803 193
803 674
803 428
803 408
803 83
803 824
804 657
805 545
805 290
806 689
806 163
807 3
809 202
810 75
811 506
811 618
812 473
812 70
812 565
812 110
813 452
813 7
814 648
814 492
814 454
816 738
816 749
816 710
816 389
818 408
822 283
822 676
822 733
823 147
824 744
824 697
825 495
826 699
827 712
827 16
827 372
828 96
828 443
829 744
829 513
829 35
829 364
829 529
830 458
830 484
830 270
830 31
831 815
832 746
832 179
833 125
834 601
834 831
835 170
836 275
836 712
836 827
836 553
837 786
838 800
838 403
839 637
840 177
840 639
840 420
840 831

893 1895
1 841
1 795
1 126
3 213
3 886
4 224
5 832
7 424
7 662
7 751
8 881
9 3
10 851
10 735
11 220
12 293
14 840
14 35
16 617
16 58
16 478
16 182
17 128
17 249
18 757
19 322
19 28
20 642
20 716
20 527
22 692
22 37
22 119
23 516
23 623
24 659
24 213
24 590
25 106
25 828
27 845
28 440
28 409
28 514
28 527
30 650
31 219
32 165
32 502
33 593
33 108
33 63
34 9
34 125
34 221
34 750
34 161
35 635
35 92
35 446
36 112
36 201
36 178
36 525
37 722
37 108
37 302
38 195
38 533
39 564
40 839
41 856
42 432
42 429
42 142
43 515
45 648
46 619
46 33
46 383
46 367
47 612
47 750
48 273
48 767
49 449
49 740
49 806
49 486
49 106
49 849
50 697
50 19
50 532
51 276
52 749
52 270
53 531
54 51
54 884
54 45
55 695
57 883
57 811
58 776
59 268
59 500
59 742
60 113
60 157
61 808
61 260
61 300
61 271
62 568
62 395
62 37
62 773
63 875
63 742
64 641
64 594
64 155
64 788
64 685
65 659
65 374
66 111
66 471
68 17
69 176
69 871
70 78
70 591
71 609
72 801
72 324
72 532
72 759
73 129
74 322
75 232
76 851
77 802
77 499
78 56
78 40
78 130
78 266
78 759
79 789
79 807
80 804
80 126
82 676
83 114
84 18
85 477
85 391
86 74
87 289
88 762
89 545
89 20
90 305
90 163
90 287
91 751
92 826
92 227
92 550
93 840
93 409
94 739
95 211
96 452
96 274
96 875
96 444
97 3
97 683
98 732
98 348
98 845
99 585
99 395
100 632
100 205
100 414
101 376
101 272
101 735
102 625
103 705
103 789
104 890
104 387
104 274
105 578
105 178
106 773
106 375
107 225
107 58
107 445
107 431
108 784
109 536
109 189
109 647
111 564
111 71
112 662
113 448
113 818
114 361
114 565
115 322
115 501
115 166
116 207
117 769
117 412
117 357
120 472
120 446
121 304
121 684
122 465
122 75
123 325
123 294
123 807
123 14
123 47
123 503
123 93
123 638
124 155
124 302
124 151
125 76
126 193
126 437
126 449
127 138
127 315
127 50
128 448
128 26
128 815
129 390
130 355
130 255
130 444
130 231
132 509
133 764
134 849
134 430
134 871
135 619
135 51
136 490
136 11
136 114
137 469
139 436
140 272
140 729
140 500
140 116
140 477
141 65
141 503
142 147
143 624
143 561
143 44
145 268
145 828
145 837
146 400
146 313
146 156
147 255
148 380
148 21
149 368
149 780
149 510
150 449
150 74
150 516
150 610
150 622
151 280
151 749
152 880
152 307
152 423
153 511
154 881
155 104
155 833
156 657
156 394
157 805
157 5
158 4
159 65
159 282
160 165
160 79
160 645
160 647
161 600
161 831
162 296
162 782
162 718
162 511
163 514
164 504
165 819
165 3
166 697
167 867
167 300
167 445
167 486
168 171
169 848
169 824
170 187
170 53
170 85
170 389
171 456
171 593
171 45
171 791
172 609
172 170
173 183
174 330
175 107
176 79
176 39
176 820
176 590
176 335
177 760
177 697
177 655
178 348
178 135
179 104
181 442
182 800
182 85
182 767
183 745
183 44
183 886
186 623
186 242
186 469
186 77
186 407
187 890
187 327
188 857
188 74
188 310
190 873
191 657
191 205
191 287
192 387
192 476
193 827
193 648
193 527
193 721
193 539
193 765
193 158
194 100
194 738
194 36
194 551
196 160
196 10
198 417
198 502
199 536
200 376
201 181
202 461
202 837
203 628
203 114
203 804
204 794
204 694
205 401
205 50
205 442
205 737
206 307
206 270
207 168
207 456
208 614
208 398
209 547
209 581
209 137
209 532
209 758
209 703
210 393
211 810
211 380
211 146
211 406
212 512
212 780
212 94
213 532
214 810
215 521
215 835
215 677
215 695
216 476
216 132
217 300
217 845
219 151
220 173
221 512
222 116
222 427
222 252
222 621
223 654
224 113
224 468
224 167
225 362
225 557
226 34
226 387
226 879
227 89
228 13
228 534
229 452
229 197
229 134
229 79
229 563
229 531
230 441
230 348
230 310
230 175
232 406
233 607
234 417
234 283
234 196
234 308
235 784
235 297
235 286
236 84
237 584
237 27
238 816
240 418
240 686
241 61
242 688
242 89
242 676
242 719
243 335
244 834
247 213
248 89
248 651
248 318
249 330
249 156
251 196
251 758
252 165
252 251
252 125
252 767
253 799
257 584
257 551
258 412
259 392
260 885
260 607
261 267
261 171
261 588
262 157
262 238
263 434
263 100
263 487
264 443
264 29
265 698
266 496
266 641
266 634
267 288
267 291
267 319
269 833
269 838
271 485
271 133
271 261
272 298
272 71
273 442
273 299
274 152
274 435
274 197
275 210
275 323
277 860
277 29
278 160
278 539
280 759
281 249
282 736
283 79
284 451
285 425
285 502
286 584
286 783
287 413
288 393
288 226
289 418
289 734
290 423
291 816
292 826
292 431
292 655
294 625
295 843
295 471
296 44
297 754
297 797
297 606
298 729
298 26
298 453
299 640
299 67
300 830
301 569
301 540
302 592
303 408
303 364
304 48
304 345
304 762
304 670
305 597
306 131
306 837
307 243
307 102
308 499
308 699
309 631
310 504
310 146
311 279
311 23
312 306
312 319
313 130
313 429
314 385
316 35
316 151
316 806
316 407
317 152
318 216
318 212
318 69
319 396
319 837
319 573
320 260
321 103
322 195
322 709
322 522
322 844
322 851
322 91
323 410
323 379
323 732
323 855
324 129
325 267
325 43
325 437
325 413
326 723
327 504
327 474
327 437
328 137
328 7
328 663
329 146
329 79
330 90
330 319
331 770
331 806
332 585
332 26
333 256
333 737
333 645
333 319
334 417
334 882
334 197
334 69
334 853
335 888
335 323
335 715
336 412
336 686
337 378
337 293
338 698
338 462
339 45
340 472
340 183
340 382
340 343
341 864
341 547
342 768
342 852
342 709
342 461
343 861
344 208
344 146
344 483
344 644
344 694
345 617
345 125
346 494
347 561
348 76
348 181
348 294
348 287
349 749
349 15
350 512
350 679
350 138
350 39
350 369
350 411
352 561
353 674
353 612
353 106
353 395
353 632
353 315
354 753
354 405
354 455
355 252
355 110
355 422
355 13
356 659
356 195
357 681
357 205
357 711
359 365
360 768
360 825
361 187
362 26
362 541
363 399
364 313
365 293
365 62
366 541
366 278
366 567
367 385
367 188
367 415
368 395
368 79
369 157
371 505
372 541
373 289
373 554
374 600
374 706
374 324
374 117
374 813
375 265
375 203
375 764
375 14
375 761
376 753
376 796
376 535
377 819
377 876
377 414
378 2
378 8
378 526
378 529
378 22
378 537
378 542
378 544
378 546
378 548
378 262
378 553
378 555
378 558
378 560
378 179
378 54
378 60
378 575
378 66
378 68
378 866
378 81
378 83
378 596
378 88
378 95
378 97
378 98
378 101
378 616
378 618
378 627
378 630
378 633
378 122
378 124
378 637
378 639
378 646
378 656
378 660
378 150
378 664
378 153
378 669
378 671
378 673
378 680
378 177
378 691
378 30
378 184
378 185
378 700
378 702
378 192
378 194
378 713
378 202
378 209
378 724
378 121
378 228
378 229
378 230
378 744
378 233
378 237
378 239
378 246
378 41
378 766
378 257
378 258
378 259
378 774
378 779
378 285
378 798
378 290
378 803
378 292
378 812
378 301
378 817
378 311
378 312
378 316
378 317
378 321
378 823
378 334
378 847
378 336
378 850
378 339
378 342
378 863
378 144
378 354
378 868
378 872
378 877
378 829
378 370
378 371
378 373
378 887
378 893
378 386
378 403
378 419
378 420
378 433
378 438
378 459
378 463
378 481
378 482
378 495
378 498
378 508
379 75
380 728
380 75
380 163
380 52
380 127
381 795
383 701
383 367
384 778
385 760
385 427
385 644
385 733
385 366
386 857
386 218
387 288
387 24
387 113
390 161
391 705
391 170
391 491
391 659
391 15
392 352
393 594
393 349
394 70
395 411
395 733
395 510
396 641
396 13
396 645
396 577
397 421
400 112
400 480
400 171
401 506
401 755
401 613
401 162
402 453
402 447
403 456
403 672
403 493
404 648
405 552
406 725
406 711
407 520
407 204
407 805
407 199
408 712
409 592
409 264
409 77
409 25
410 636
410 286
410 238
410 151
411 320
411 719
411 326
411 127
412 280
412 341
414 82
414 599
415 853
416 294
416 310
417 105
417 595
418 411
418 93
418 653
419 636
419 383
420 528
422 173
423 870
423 518
423 711
423 178
423 247
423 25
424 688
424 401
424 126
425 886
426 401
426 707
426 220
427 685
427 446
427 422
428 149
429 208
429 358
430 57
430 603
431 372
431 381
431 357
432 515
432 675
433 244
433 333
433 222
434 513
434 530
434 110
435 377
436 683
436 780
436 37
437 457
437 604
437 39
438 328
438 33
438 181
438 785
439 304
440 467
440 69
441 452
441 644
441 527
444 164
444 415
445 624
446 350
447 609
448 436
448 238
448 535
450 141
451 624
451 265
451 106
451 460
451 215
452 57
452 556
452 366
452 241
453 667
453 869
454 536
454 780
454 533
454 326
455 48
455 69
456 322
456 652
456 610
456 166
456 629
457 197
458 857
459 120
459 577
459 381
459 358
459 238
460 704
460 332
460 567
461 476
461 396
461 772
461 70
461 151
464 704
464 314
464 126
465 193
465 142
466 48
467 880
467 363
467 718
468 576
468 569
468 375
469 465
469 708
470 283
470 396
471 27
471 445
472 504
472 565
473 889
473 322
473 55
473 87
474 176
474 421
475 166
476 395
477 381
478 583
478 523
478 775
478 785
478 615
478 799
479 59
479 28
480 52
480 389
481 40
481 92
481 786
481 99
481 828
482 740
482 502
484 204
485 532
486 576
486 411
488 811
488 843
488 605
488 819
490 275
490 595
490 861
492 172
493 392
493 532
493 31
494 778
495 408
495 12
496 48
496 76
496 846
497 796
498 413
498 89
498 347
498 509
498 269
499 346
500 96
500 49
500 190
501 280
502 808
503 467
504 168
504 340
505 64
506 466
506 678
506 351
507 763
507 572
507 429
508 706
509 821
509 351
510 82
510 183
512 416
513 522
513 218
515 130
515 510
516 48
516 694
517 130
517 211
517 167
518 32
518 792
518 358
519 236
519 29
520 869
521 32
521 467
523 219
524 9
524 677
527 353
527 821
527 462
528 46
529 352
529 384
529 643
529 518
530 295
531 736
531 761
531 524
531 653
531 217
532 467
532 805
533 323
533 191
534 809
535 369
536 880
536 193
537 324
538 58
538 491
539 489
539 399
539 720
539 693
539 278
539 55
540 584
540 499
540 143
541 697
541 450
544 305
544 70
544 454
544 223
546 37
547 491
548 873
549 360
549 497
549 793
549 17
549 199
550 605
550 662
552 417
552 364
552 790
552 718
553 626
554 845
554 733
555 176
555 888
555 781
555 726
555 255
556 869
556 815
557 164
557 767
557 604
557 869
557 559
559 764
559 94
560 621
561 162
562 888
562 138
562 53
563 881
563 27
563 372
563 510
564 787
565 384
566 771
566 113
566 115
566 732
567 441
568 136
568 199
569 667
569 12
569 573
569 167
570 105
570 550
570 286
570 279
571 416
571 521
571 722
571 283
571 794
572 427
572 261
573 730
573 571
574 106
574 335
576 878
577 587
577 231
579 400
579 590
580 404
580 719
581 556
581 503
582 577
582 739
582 583
583 361
583 506
583 293
583 614
583 303
585 889
585 690
586 464
586 129
586 740
587 578
587 589
587 837
588 587
588 683
588 719
589 173
590 536
590 497
590 62
591 692
592 668
592 309
593 240
594 689
594 418
594 340
594 541
595 268
595 573
595 822
596 842
596 109
596 13
597 464
597 17
597 690
597 734
599 72
599 1
599 844
599 741
599 183
600 43
601 851
602 180
602 164
603 264
603 632
603 739
604 331
605 161
605 722
607 205
608 401
609 732
610 808
611 115
612 411
612 501
612 686
612 507
613 186
613 682
613 476
613 773
613 581
614 681
615 218
615 173
618 538
618 308
618 426
619 873
619 163
620 826
621 143
623 123
623 492
623 891
623 580
623 686
624 611
625 195
625 28
627 64
627 714
627 613
627 269
628 389
629 625
629 562
630 696
630 18
630 382
631 698
631 380
631 242
631 654
632 289
632 294
632 51
632 504
632 732
632 93
633 136
634 865
636 848
636 325
636 294
636 543
637 245
638 141
640 834
640 466
641 475
641 580
641 750
642 391
642 693
642 855
643 697
643 461
644 75
644 579
645 865
645 34
645 486
645 497
645 849
645 411
646 577
646 427
646 47
647 789
648 475
648 588
649 665
650 721
650 661
651 643
653 382
654 139
655 64
655 552
655 427
655 236
655 493
655 211
655 503
656 242
656 574
658 824
658 244
658 746
658 3
658 460
659 96
660 4
661 841
661 788
661 726
661 551
662 331
662 306
662 851
662 350
662 263
663 315
666 473
668 281
668 274
669 864
670 5
670 629
672 223
674 283
675 772
675 455
676 584
676 44
676 799
677 689
677 658
677 6
677 417
678 210
679 764
679 359
680 295
680 875
680 46
680 743
681 109
681 359
682 138
682 427
683 889
683 385
684 889
684 439
687 657
687 42
687 140
688 351
689 49
689 853
689 238
690 880
690 48
691 460
691 172
691 780
691 710
691 750
692 157
693 272
693 841
693 154
694 491
694 324
695 329
695 595
695 475
696 350
697 824
697 464
697 836
699 499
699 142
700 460
700 447
701 423
702 705
702 85
702 727
703 468
704 352
704 9
704 755
705 453
706 518
706 764
706 870
706 590
707 514
708 825
708 163
709 547
709 295
710 219
710 423
711 249
711 758
712 25
712 4
712 198
712 366
714 620
714 28
715 568
715 406
717 132
717 357
718 677
719 146
719 159
720 753
721 341
721 631
722 325
722 199
722 235
722 181
722 214
722 698
723 148
723 566
723 318
724 160
724 717
725 839
725 875
725 605
725 799
726 815
727 277
728 171
729 360
731 298
731 325
732 405
732 206
733 460
734 178
735 539
735 238
735 439
737 225
738 352
738 335
739 525
740 369
740 346
740 452
740 250
741 562
741 203
741 748
742 138
742 306
742 254
743 601
743 243
743 484
743 767
744 842
744 323
745 864
746 73
746 306
746 53
747 271
748 356
749 890
749 859
749 855
750 813
750 39
751 704
753 5
753 648
753 110
753 499
753 174
753 794
754 400
755 341
756 431
756 631
760 640
760 140
760 36
761 73
761 468
762 337
764 619
764 741
764 175
765 225
765 249
766 488
766 756
766 62
767 376
767 73
767 110
767 56
768 248
768 821
768 207
770 512
770 75
770 37
771 461
771 151
772 436
773 777
773 402
773 61
773 231
774 212
774 710
775 884
776 747
776 733
776 367
777 835
778 191
778 495
779 584
779 845
781 303
782 752
782 234
782 395
782 238
782 271
783 368
783 836
783 628
784 421
784 735
785 792
785 547
785 654
785 535
786 272
786 169
786 874
787 867
788 504
788 514
788 14
789 778
790 391
791 582
793 624
795 710
796 564
797 218
797 679
798 458
798 86
800 337
801 143
801 652
801 198
801 615
802 113
803 479
804 517
805 110
806 638
807 307
807 564
807 590
808 879
809 428
809 557
809 687
810 401
810 300
810 686
811 253
812 628
813 377
813 140
813 38
814 473
815 629
816 297
816 675
817 265
817 171
817 708
818 255
819 338
819 892
819 21
819 718
820 592
820 577
820 76
820 517
821 361
821 156
823 690
823 196
824 73
824 698
824 227
829 344
829 851
829 731
829 436
829 814
831 217
831 10
831 854
832 80
832 474
832 189
832 182
832 397
833 490
833 470
833 270
835 491
836 248
836 284
837 200
837 567
837 199
838 214
839 80
840 409
840 170
840 666
841 776
841 602
841 805
842 141
843 384
843 142
844 878
845 16
845 890
845 519
846 496
846 114
847 824
847 308
847 886
848 858
849 465
849 570
849 598
849 335
850 5
851 408
852 195
852 108
852 85
853 76
853 684
853 388
853 145
855 825
855 557
855 862
856 587
857 394
857 830
857 270
857 103
858 754
859 489
859 682
860 99
861 748
861 45
862 154
862 347
862 204
862 118
862 55
863 648
864 586
864 111
864 423
865 232
866 367
866 683
866 159
867 435
867 471
868 346
868 396
868 166
869 309
869 286
871 168
871 638
872 649
872 706
872 822
873 514
873 598
874 52
874 631
874 364
874 171
874 663
875 73
875 18
876 880
876 145
876 580
877 704
877 745
877 162
879 478
880 361
880 428
880 806
880 775
881 708
881 182
881 87
882 488
882 632
882 811
882 855
884 832
884 26
885 792
885 269
886 634
886 730
886 511
887 802
887 723
887 676
888 568
888 90
888 549
889 608
890 505
892 89

846 967
1 532
1 422
3 76
3 687
4 435
6 493
6 783
8 496
9 792
9 776
9 707
9 684
10 154
12 470
12 806
15 224
16 449
16 52
16 294
17 571
20 403
21 635
21 284
22 96
22 38
22 453
22 806
23 757
23 214
24 383
25 687
28 596
29 560
31 704
31 641
31 418
31 333
32 579
32 341
33 392
33 501
33 167
34 408
34 350
35 725
36 176
37 294
40 571
41 787
42 22
44 352
46 64
46 313
46 179
47 792
50 313
50 683
50 573
50 341
51 210
51 438
53 586
55 467
56 264
56 409
56 450
58 225
59 639
60 25
60 108
60 657
62 17
62 595
62 575
62 410
62 59
62 255
63 753
63 259
63 172
63 87
64 273
65 136
68 361
69 752
69 528
69 708
69 240
69 169
70 56
71 828
71 164
71 149
73 520
73 172
73 317
73 677
74 440
75 512
75 485
76 192
82 11
85 780
86 544
86 13
87 134
88 193
88 100
89 10
89 763
90 642
91 422
92 82
94 724
94 398
96 826
96 735
97 569
97 163
98 2
98 133
99 176
99 403
99 686
100 560
100 68
101 524
104 531
104 164
105 738
106 612
107 778
108 555
108 147
109 740
110 475
112 348
113 402
113 251
113 549
114 305
114 811
116 156
116 62
116 222
117 197
117 429
118 640
118 47
120 173
120 293
121 664
122 70
124 323
124 83
124 212
124 725
125 750
125 462
128 408
128 148
129 730
129 573
129 798
130 123
131 693
131 407
132 584
132 712
133 660
134 408
134 761
134 773
134 17
135 200
136 60
137 235
137 733
138 346
139 712
139 710
140 697
140 434
140 103
142 87
144 56
144 295
145 90
146 581
148 187
148 268
150 151
151 36
153 11
154 380
157 712
157 529
158 689
160 529
161 523
161 467
163 54
163 759
165 392
165 150
166 271
167 456
169 457
176 801
177 842
178 674
179 169
180 550
182 743
183 588
183 249
183 228
185 696
185 766
188 65
188 563
188 49
188 495
189 713
189 286
190 192
190 546
192 255
193 842
193 470
194 546
194 475
195 232
195 86
196 562
197 760
199 713
201 137
203 791
204 66
208 447
209 428
210 466
210 156
211 189
212 506
212 764
214 474
214 271
215 295
217 481
217 494
217 759
219 253
219 759
220 318
220 303
221 750
222 719
223 539
223 836
224 174
225 318
226 320
226 274
226 822
227 500
230 700
231 456
232 218
232 443
233 747
233 759
234 620
234 735
235 718
235 359
236 643
236 423
237 243
242 845
244 104
244 283
244 139
245 345
246 814
246 191
247 98
248 664
249 7
249 799
250 500
251 683
252 600
252 401
253 330
254 808
254 197
255 407
256 792
258 403
259 364
260 474
263 276
264 125
265 203
265 20
266 705
266 293
266 545
267 780
269 323
269 844
270 601
270 26
270 379
271 49
271 394
271 335
272 187
272 471
273 89
273 614
274 16
275 89
275 778
275 69
276 677
277 682
277 725
278 498
278 646
278 726
280 488
282 411
282 741
282 597
283 72
284 490
285 52
286 115
286 828
286 446
288 525
289 38
290 552
290 512
292 555
294 352
294 143
295 345
297 40
298 273
299 537
299 217
299 413
299 510
299 479
300 332
301 357
303 3
304 321
305 165
306 432
307 480
308 552
308 798
309 683
310 844
311 536
312 632
312 666
312 341
312 357
313 472
315 305
316 397
318 754
318 148
320 8
322 672
323 558
325 139
326 429
326 494
328 793
330 761
335 709
337 8
339 379
340 147
340 79
342 582
343 200
344 440
346 434
348 618
351 258
351 92
351 439
352 74
354 322
354 550
355 559
358 821
359 321
359 67
359 414
360 98
360 275
360 62
362 763
363 298
363 347
364 487
365 633
365 86
365 495
366 76
367 248
369 233
369 275
371 481
371 562
371 452
371 793
372 793
372 588
373 445
373 79
374 580
375 637
377 75
377 471
377 775
378 836
379 73
379 814
380 454
381 546
381 747
381 562
384 300
385 724
385 582
387 47
388 285
390 284
391 466
392 603
393 827
393 330
393 282
393 733
393 597
396 241
396 294
397 501
400 551
401 6
401 197
401 646
402 448
402 361
402 752
403 192
404 471
406 536
406 594
406 602
408 793
408 330
409 545
409 445
410 509
411 187
411 358
411 695
412 547
412 116
412 403
413 472
414 203
415 483
416 489
417 753
417 826
417 610
417 565
418 411
418 118
419 369
419 625
419 55
421 442
422 144
423 305
423 61
425 184
425 283
425 766
427 82
427 6
429 130
429 622
429 718
429 159
430 233
431 503
432 799
435 304
435 628
436 222
437 748
437 100
438 42
438 766
440 346
443 699
443 181
444 176
445 72
445 144
445 482
445 611
445 44
447 122
447 740
448 668
450 745
451 537
452 130
453 231
454 645
455 821
457 470
457 662
460 625
460 105
461 168
461 732
463 586
464 265
464 175
464 561
465 817
465 533
465 310
465 647
467 556
467 341
468 777
469 193
469 257
470 449
471 297
471 773
472 534
474 702
476 786
476 798
476 374
477 779
477 565
478 646
479 629
480 594
480 444
480 709
481 841
481 644
482 671
483 766
484 611
485 257
487 842
487 125
488 352
488 547
488 741
491 412
495 656
497 28
498 748
498 253
500 182
501 721
502 524
503 24
503 178
506 356
506 269
508 16
509 160
509 715
510 65
511 657
512 146
516 394
517 812
517 716
519 336
522 401
522 843
522 108
523 680
526 21
528 130
528 302
530 28
530 253
532 257
532 17
533 375
534 770
534 299
536 232
536 346
538 179
539 637
540 491
540 471
544 81
544 820
544 423
545 793
545 58
546 316
549 112
549 541
550 572
550 150
551 172
551 77
551 87
552 652
553 50
553 667
553 147
553 698
553 130
555 177
556 601
556 350
557 161
557 101
559 179
561 480
562 13
562 503
563 550
564 81
564 203
565 608
565 497
565 418
566 208
567 136
568 215
574 576
574 747
575 658
577 662
578 625
578 594
580 56
580 836
581 113
582 621
584 575
586 619
586 12
588 457
588 589
589 14
590 24
590 623
591 601
593 841
595 752
595 247
597 21
598 366
599 93
600 309
601 287
602 249
602 372
603 664
605 238
606 121
606 35
606 503
608 492
608 261
612 382
613 322
614 215
615 685
615 311
617 706
617 52
617 29
618 9
618 115
620 65
620 11
620 813
623 564
625 547
627 773
628 588
629 249
631 337
632 623
633 784
633 265
633 692
634 369
635 654
636 23
638 643
639 121
639 393
640 589
641 457
642 18
642 227
643 736
644 237
645 440
645 248
645 119
647 359
648 834
648 693
649 252
651 27
652 596
652 716
655 71
656 311
657 159
658 117
660 62
661 634
661 735
662 297
662 125
663 291
663 223
664 540
665 91
665 179
667 467
667 20
667 47
668 429
668 518
669 677
670 97
670 459
670 189
671 59
671 158
672 244
672 261
672 198
675 340
675 555
675 12
678 295
679 733
680 418
680 707
681 747
681 271
682 357
683 289
683 338
683 769
683 221
683 613
684 778
685 36
686 435
689 844
690 813
691 633
691 66
692 186
693 738
694 128
694 327
695 648
696 661
696 294
697 410
698 825
698 123
698 84
699 163
699 407
700 608
701 20
701 564
702 433
703 32
704 716
705 315
706 443
707 166
709 191
710 753
711 76
712 752
712 465
713 50
713 678
715 522
715 99
718 153
718 209
719 601
722 200
722 233
722 398
723 418
726 205
729 450
729 611
729 693
730 148
731 722
731 148
732 639
733 185
734 516
734 663
735 278
735 351
737 258
738 343
740 635
741 100
741 179
741 764
745 458
745 127
746 594
748 180
748 676
748 221
748 766
749 169
749 748
749 733
749 54
750 147
754 578
754 255
758 488
758 250
758 229
760 637
761 41
762 90
763 628
763 79
764 289
766 287
767 614
768 392
768 288
769 131
769 759
770 740
770 486
771 843
772 768
772 594
772 155
772 621
775 243
775 660
775 70
777 616
778 368
778 91
778 406
779 704
779 551
781 226
782 824
783 337
785 760
786 808
786 801
787 87
788 81
788 294
788 351
794 240
794 545
795 529
795 807
796 529
796 524
797 184
797 84
799 483
800 222
801 537
802 834
805 473
806 81
806 571
807 105
808 423
809 400
810 234
810 123
810 263
811 403
811 525
813 708
813 733
813 446
815 777
815 838
816 715
816 340
817 625
817 121
818 832
818 582
819 5
820 796
821 495
822 11
823 767
824 466
826 761
826 258
827 81
827 821
829 672
829 311
831 613
831 813
834 387
834 373
835 469
837 25
837 482
837 586
837 445
839 362
840 660
840 614
841 676
841 757
842 670
843 678
843 422
846 657
846 371

924 1592
2 593
2 171
2 772
2 278
2 262
3 10
3 403
4 453
4 103
5 526
7 176
7 576
7 77
8 281
8 546
8 622
10 58
10 373
12 920
13 188
14 867
14 21
16 500
18 74
19 575
20 376
20 592
20 426
20 820
20 853
21 154
21 380
22 47
24 219
25 540
26 83
26 428
27 558
27 215
28 136
28 608
28 214
30 368
30 866
31 768
31 378
31 684
31 823
32 808
32 313
34 898
35 697
35 347
35 699
36 30
37 208
37 861
37 614
39 296
39 297
39 384
39 587
39 772
41 849
41 883
41 189
42 573
42 605
44 136
44 734
45 512
45 334
46 89
46 223
46 756
46 421
46 313
47 27
47 773
48 214
48 407
49 401
49 846
50 243
51 275
51 522
51 235
51 599
52 713
52 269
52 14
53 626
53 245
54 56
54 26
55 648
55 157
56 739
57 537
58 347
58 732
60 528
60 577
60 331
60 875
61 912
61 69
61 157
62 86
63 45
64 384
65 198
65 521
65 491
65 848
65 499
65 830
66 116
68 619
68 669
69 111
70 132
70 220
71 277
72 44
72 142
72 22
73 316
74 155
74 476
75 625
75 147
76 131
76 387
76 143
77 712
77 227
78 885
79 496
79 395
80 665
80 366
80 257
81 162
82 809
82 801
83 105
83 826
83 707
83 881
83 559
84 388
84 86
87 864
87 556
87 471
89 573
92 289
92 346
92 915
93 540
94 119
96 44
97 406
98 489
98 397
99 633
99 654
100 297
100 332
101 633
102 471
103 419
103 739
103 559
105 80
105 218
106 555
106 823
107 26
107 540
108 64
108 278
108 590
109 67
109 100
110 466
110 419
111 673
111 754
111 564
112 417
112 418
112 621
112 430
113 282
113 915
115 112
115 365
116 461
116 421
117 148
117 374
118 433
119 352
119 232
120 173
120 533
121 872
121 399
121 845
121 447
122 543
124 410
125 680
125 130
125 203
125 874
126 202
128 209
129 12
130 211
131 395
131 427
132 729
133 840
133 596
133 326
134 314
134 123
135 745
135 471
136 288
137 800
137 95
138 48
138 255
139 19
139 653
140 321
140 749
141 458
142 577
142 364
142 575
144 97
144 788
144 597
145 264
145 572
145 6
146 380
146 786
146 76
147 130
150 752
151 355
151 485
151 518
153 104
153 804
153 893
154 86
155 353
155 810
156 315
157 384
157 479
158 59
158 477
159 528
159 152
160 513
160 238
161 298
161 230
162 675
162 164
162 726
163 158
164 151
165 633
165 814
165 441
167 204
167 509
169 57
169 460
171 164
171 482
171 427
171 556
172 684
174 400
175 184
175 865
175 104
176 887
177 618
177 620
178 283
178 452
180 161
180 387
180 10
180 344
180 714
180 318
181 529
181 815
181 422
181 471
182 133
182 805
183 289
183 921
185 811
187 201
187 41
187 213
187 118
187 169
187 861
187 479
188 641
188 407
189 424
189 142
190 809
190 202
190 750
191 697
191 119
192 499
192 406
193 774
196 769
197 36
197 87
198 152
198 455
199 858
199 716
200 209
200 339
200 867
200 494
201 168
201 798
202 754
202 158
203 764
203 698
203 660
203 549
203 621
204 347
205 33
206 329
206 610
206 59
207 890
207 130
207 743
208 656
208 234
208 53
209 168
209 227
209 141
210 241
211 855
212 124
213 722
213 347
214 360
214 862
215 610
215 599
217 293
218 374
219 159
220 135
222 842
222 533
223 147
224 600
224 693
224 902
225 713
225 786
226 365
226 693
227 304
227 288
227 301
228 220
228 831
229 97
230 738
230 923
230 869
230 406
231 541
232 729
232 531
233 467
233 71
234 104
234 193
234 500
236 879
236 737
236 392
236 187
236 567
237 193
237 68
239 876
241 883
241 892
241 707
241 399
242 185
242 658
243 624
243 675
244 249
244 415
244 588
244 62
244 847
245 192
245 281
245 91
245 324
245 909
246 474
246 829
246 198
246 93
247 856
248 138
249 859
249 116
250 381
251 248
251 697
251 390
251 471
254 601
254 852
255 60
255 405
256 780
256 326
256 302
256 662
257 313
257 434
257 323
257 660
257 402
259 881
259 518
260 894
260 719
262 95
263 608
263 196
264 563
264 189
265 302
266 312
266 673
267 609
267 890
267 154
268 233
268 543
269 476
269 251
269 924
270 113
270 178
272 848
272 821
273 557
276 244
276 764
276 486
277 117
278 556
279 460
281 328
281 410
281 110
282 665
284 914
285 675
285 525
286 484
287 535
288 32
288 17
288 367
289 730
289 831
289 807
290 745
290 258
290 599
291 266
292 209
292 724
292 581
293 800
293 882
293 492
294 867
296 865
296 740
296 141
297 464
297 665
298 256
298 224
298 588
298 690
298 537
298 319
299 176
299 890
299 468
299 349
300 433
304 817
304 363
304 252
304 697
305 761
305 242
305 460
305 509
305 511
306 224
306 332
306 99
306 596
307 717
307 589
308 473
309 414
310 528
311 869
312 574
313 857
313 878
313 207
314 745
314 275
314 13
314 445
315 105
315 706
315 166
316 531
316 805
316 374
316 895
317 921
319 352
319 880
321 305
321 367
321 823
322 18
322 386
322 205
324 809
324 755
324 268
325 663
325 735
326 552
326 533
326 735
327 640
327 899
327 684
328 441
328 347
328 836
328 5
328 59
329 730
329 510
329 574
330 698
331 491
331 572
331 621
332 682
332 507
333 592
333 708
335 776
337 483
338 164
338 223
340 515
343 560
343 277
344 257
345 97
345 201
346 362
346 443
347 320
347 608
347 263
348 624
348 488
348 324
348 199
350 617
350 698
350 611
350 466
350 231
351 747
351 243
352 625
353 849
353 628
353 15
354 330
354 771
354 316
355 730
355 538
357 163
357 631
358 25
358 796
359 696
359 805
360 495
361 675
361 822
363 850
363 259
363 62
363 902
363 686
364 864
364 173
365 685
366 16
367 275
367 462
368 60
369 340
369 14
370 609
370 379
370 735
370 49
371 603
371 583
372 609
372 394
373 64
373 778
373 219
373 84
373 598
374 717
375 200
375 585
375 674
375 917
375 784
376 210
376 146
378 191
378 103
379 393
379 243
381 540
382 232
382 686
383 419
383 838
384 558
385 516
385 165
385 533
387 922
387 19
387 715
387 71
388 780
388 159
389 624
389 54
389 870
390 126
391 243
392 912
392 273
392 189
392 209
393 56
395 448
396 186
396 335
397 844
397 150
398 719
400 534
401 265
402 821
404 44
404 796
404 455
405 400
405 770
405 412
406 475
406 653
407 158
408 762
409 720
409 611
409 212
409 599
410 625
410 211
410 109
411 505
412 473
412 10
413 707
414 650
415 515
415 332
416 219
416 103
419 168
419 101
420 733
421 480
422 675
423 552
423 169
424 651
425 12
425 282
425 532
426 71
427 563
427 381
428 252
429 284
429 167
430 301
431 814
431 534
432 294
433 729
433 431
434 523
434 244
437 151
438 451
440 619
441 42
443 750
444 826
444 149
445 656
445 889
445 4
446 520
446 743
446 469
446 543
447 633
448 849
448 703
450 265
450 275
450 508
450 598
451 419
451 813
452 221
452 246
452 807
453 877
454 237
455 16
455 464
456 383
458 89
459 189
460 343
461 684
461 404
461 21
461 549
462 827
462 139
462 149
463 431
464 186
464 379
464 189
466 114
466 902
468 112
468 813
468 326
469 66
471 498
471 699
472 778
472 900
474 896
474 713
474 894
475 563
476 466
476 852
476 846
476 655
479 376
479 244
479 566
480 258
480 124
481 807
481 87
482 244
482 325
482 750
484 200
484 567
486 313
487 526
488 114
488 443
488 108
489 576
489 267
489 319
490 503
490 895
491 558
492 649
492 251
492 860
493 484
493 123
493 396
494 560
497 451
498 296
498 209
499 680
501 451
501 900
502 47
504 851
505 165
506 666
506 882
507 249
507 486
507 305
508 588
509 88
509 171
511 710
512 731
512 382
513 10
513 558
513 414
514 16
515 265
515 621
515 727
517 889
517 670
518 591
519 746
519 364
521 22
522 369
522 863
523 136
523 305
524 604
525 248
525 324
526 864
526 719
527 328
527 113
527 586
527 43
527 188
530 780
530 276
530 781
530 423
531 498
531 458
531 295
532 378
532 130
533 367
534 177
535 457
535 155
536 557
536 871
538 738
538 483
539 57
539 522
540 675
541 339
541 596
541 317
541 558
542 219
542 853
543 44
543 661
544 897
544 622
545 20
546 30
547 728
547 388
548 402
548 867
549 379
549 651
550 173
551 353
551 29
552 808
552 865
552 323
552 439
554 257
554 530
555 98
556 624
556 60
556 223
557 842
559 690
560 811
560 351
562 621
562 654
562 311
563 424
563 406
564 449
564 225
564 61
564 421
564 73
565 404
565 863
566 907
567 553
568 175
568 335
569 856
569 482
570 764
571 137
572 712
572 380
573 563
574 237
574 102
575 194
576 92
577 89
577 860
577 502
578 659
578 213
579 106
581 201
581 626
582 649
583 353
583 398
584 425
584 83
584 596
585 531
585 363
586 513
586 451
586 61
588 580
589 161
590 65
590 443
590 790
592 826
592 277
592 631
593 899
595 643
596 240
596 737
596 477
597 906
597 708
597 834
597 270
597 783
598 870
599 706
599 794
599 789
600 489
600 85
600 463
602 505
602 436
602 767
603 190
604 145
604 116
604 44
605 324
606 468
607 752
607 656
608 545
608 602
608 165
609 297
609 698
609 460
609 175
610 297
610 411
610 527
611 272
611 874
611 45
611 599
613 17
613 651
613 391
614 204
614 5
615 145
615 706
615 659
615 906
616 51
616 791
618 800
618 133
619 281
620 97
620 53
621 770
621 268
621 653
624 876
625 311
626 872
627 59
628 190
629 106
630 436
631 741
631 607
633 722
633 908
634 619
634 421
635 771
636 805
637 702
638 672
638 657
639 96
640 490
640 678
641 170
641 739
641 446
642 796
645 784
645 226
646 662
647 522
647 495
648 766
649 138
649 20
650 407
652 161
653 33
654 354
654 367
654 732
654 893
654 61
655 458
655 275
656 393
656 668
656 686
656 17
659 425
659 812
660 678
661 544
661 220
662 224
662 666
663 584
664 153
664 132
664 124
665 860
665 604
666 320
666 304
667 696
667 115
667 823
667 847
668 633
668 68
668 246
669 120
669 896
669 70
670 424
670 276
670 356
670 813
670 446
671 721
671 363
672 377
672 852
673 796
673 693
674 137
675 442
675 27
675 732
675 535
676 860
676 69
676 534
677 445
677 663
678 312
678 305
678 443
679 417
680 188
680 574
681 127
682 345
682 406
683 402
683 442
683 286
687 254
688 648
688 346
688 442
688 734
689 825
689 457
690 317
693 349
695 523
696 389
696 556
696 824
696 722
696 56
696 126
699 410
699 411
700 427
700 12
700 87
701 305
701 490
702 636
703 681
703 654
703 201
704 849
705 180
706 157
707 808
708 824
709 198
709 678
710 759
712 498
712 190
714 595
714 180
714 373
714 461
715 552
715 573
715 262
717 57
717 449
718 905
718 893
718 751
719 293
719 749
720 299
720 718
720 367
721 605
722 484
722 540
723 119
724 884
724 293
724 694
726 698
726 499
726 447
727 864
727 771
728 560
729 769
729 202
729 189
730 358
731 59
731 748
731 117
731 351
732 510
732 431
734 546
734 717
736 690
736 907
736 428
738 536
738 14
739 498
739 477
739 159
740 874
740 123
741 680
742 320
742 98
742 54
743 721
743 187
743 821
746 242
746 405
747 190
748 208
748 100
748 853
750 767
751 424
751 217
751 39
753 690
753 708
754 708
754 125
754 103
755 225
755 179
756 679
757 797
757 63
758 621
759 513
759 612
759 70
759 874
759 630
759 506
760 182
761 840
762 66
763 658
763 28
763 286
764 592
764 697
764 589
764 911
765 33
765 542
766 128
766 8
766 523
766 405
766 662
766 698
766 638
767 769
767 618
767 742
768 443
769 292
769 575
771 576
771 22
771 78
772 828
773 193
773 218
773 837
774 38
774 279
775 682
775 123
776 220
776 141
776 350
778 400
778 300
779 884
779 535
780 336
780 902
781 347
781 325
782 89
782 62
782 553
783 632
783 761
783 596
786 64
786 219
786 715
786 887
787 224
788 482
788 829
788 71
789 672
790 505
792 699
793 522
793 675
793 254
793 31
794 477
798 354
799 736
799 810
799 578
799 189
800 506
800 151
800 334
800 39
802 215
803 421
804 875
804 493
805 19
805 445
806 424
806 649
806 484
807 271
810 629
811 34
811 141
811 319
812 330
812 357
815 424
815 318
817 283
817 852
817 583
818 824
818 322
818 823
818 719
819 480
819 825
819 51
819 240
820 700
821 889
821 364
821 124
823 59
823 549
824 649
824 779
824 387
824 805
825 818
825 788
826 616
828 543
829 6
830 484
831 676
831 781
832 7
833 783
834 785
835 388
835 316
835 383
836 199
838 112
838 296
838 670
838 175
840 769
840 150
840 790
841 772
841 855
844 337
844 763
844 373
845 905
845 675
848 249
848 602
848 83
848 733
849 475
850 610
852 569
852 783
853 395
853 591
854 880
854 412
854 268
855 831
855 157
855 887
856 818
857 416
857 330
857 354
857 741
858 865
860 412
860 427
860 739
860 909
860 407
861 769
863 303
864 230
865 147
865 885
865 254
866 921
866 915
867 34
867 795
868 602
868 347
868 332
869 49
869 644
870 269
871 852
872 342
873 714
875 112
875 783
876 861
877 8
877 417
877 11
877 53
877 247
878 636
880 32
880 860
880 687
881 192
881 742
882 749
882 158
882 855
883 393
883 654
883 790
884 4
885 266
885 446
886 898
886 790
887 683
887 462
888 449
889 752
889 852
890 84
890 341
890 773
892 441
893 80
893 524
894 737
894 268
894 374
895 368
895 656
895 245
896 761
896 282
897 917
898 698
898 682
898 775
899 693
899 245
899 781
899 119
900 147
901 592
901 66
902 65
902 163
903 674
903 444
905 567
906 282
908 878
909 821
910 690
910 922
911 781
913 376
913 599
915 272
915 240
916 288
916 282
916 669
917 58
917 340
917 389
918 240
918 3
918 733
919 834
919 637
920 315
920 85
921 156
921 110
921 271
922 689
923 235

925 1763
1 268
1 52
1 236
1 22
2 843
3 327
4 236
4 453
5 137
7 544
7 345
7 289
8 194
9 832
9 241
9 389
9 821
10 738
11 179
11 388
11 894
12 185
12 778
12 211
12 156
12 516
14 181
14 575
15 26
15 346
16 856
16 389
17 513
17 234
17 91
17 636
18 116
18 580
18 572
19 882
19 467
20 184
20 726
22 635
23 436
24 465
24 635
24 502
25 435
25 295
27 288
28 376
28 649
28 358
28 113
31 853
32 330
35 200
35 203
36 140
37 693
37 246
37 613
38 264
38 354
39 606
40 545
40 830
42 285
42 293
43 802
44 488
44 793
44 242
44 387
45 641
45 411
46 850
46 143
47 680
47 754
48 829
51 332
52 426
52 42
52 694
52 423
54 924
54 261
55 43
56 489
56 74
58 724
59 398
59 902
59 455
60 633
60 860
60 495
61 497
62 874
63 296
63 786
65 226
65 724
65 274
65 374
66 249
67 497
67 333
69 548
69 660
69 4
69 894
69 81
70 730
70 147
70 42
70 151
72 348
72 6
73 584
73 433
73 650
74 176
74 150
74 687
75 840
75 492
75 815
76 889
77 739
78 873
79 330
79 516
80 914
80 183
80 591
81 856
81 444
82 539
83 530
83 62
84 689
84 676
84 493
84 473
85 842
85 196
85 191
86 880
86 601
86 682
87 880
87 229
88 40
88 460
88 644
88 407
89 162
90 806
91 62
92 114
92 31
93 674
93 789
94 700
94 183
95 672
95 348
95 685
96 881
96 546
96 332
96 2
97 849
99 164
101 2
101 607
102 76
102 693
103 451
104 264
104 268
105 456
105 858
105 174
106 41
106 770
106 61
107 898
107 301
107 173
108 360
109 836
110 598
110 887
112 296
112 223
113 150
114 88
114 906
114 610
115 770
116 888
116 764
117 371
117 169
117 3
117 853
118 648
118 269
120 756
120 398
121 541
122 105
122 378
122 231
123 877
123 622
124 450
124 493
125 586
125 715
125 794
126 60
129 341
130 360
130 861
131 168
131 890
132 144
132 826
132 92
132 733
132 303
133 649
134 813
135 817
135 722
135 116
136 636
137 889
137 871
137 811
137 422
137 343
139 153
139 827
141 331
141 715
141 543
142 334
142 845
142 390
143 366
143 183
144 918
145 218
145 750
146 658
146 765
147 269
148 295
149 690
149 379
150 51
150 443
150 499
152 352
153 659
153 52
154 109
154 471
155 304
155 496
156 88
157 797
158 250
158 459
159 371
159 155
160 889
160 471
161 499
162 446
163 876
164 672
165 267
166 235
166 716
166 176
166 243
166 639
166 223
167 387
168 99
168 47
168 695
169 394
170 835
171 128
171 287
171 404
171 583
172 720
172 569
173 546
173 67
173 366
174 625
174 499
174 582
176 740
176 588
177 914
179 773
180 259
180 69
184 213
185 664
186 368
186 10
186 578
186 181
186 222
187 702
187 398
187 791
188 744
188 466
188 85
189 729
189 796
189 615
191 314
191 341
191 631
192 880
192 193
193 490
193 643
193 341
194 798
195 876
195 479
197 240
197 36
197 53
197 605
198 512
198 814
199 503
201 5
202 787
202 662
203 532
204 220
205 200
205 710
205 279
206 219
206 245
207 168
207 680
207 114
208 346
208 292
209 777
210 659
210 173
210 189
211 57
211 178
211 715
212 913
212 23
212 125
212 270
212 703
213 584
213 112
213 197
213 71
214 498
214 284
215 345
215 27
215 857
216 650
216 883
216 21
216 78
216 325
217 173
217 334
218 517
219 223
220 566
221 400
221 385
221 349
221 655
222 240
222 856
222 454
223 392
223 199
223 556
223 695
223 679
224 447
226 538
226 330
227 490
228 218
228 548
228 94
229 277
230 648
230 177
230 184
231 625
231 887
231 33
233 232
233 586
233 701
234 800
234 773
235 644
236 626
236 823
237 456
239 82
239 804
240 296
240 609
240 97
242 360
242 211
242 324
243 106
243 469
244 228
245 89
245 178
246 568
246 93
247 905
247 526
247 5
247 398
248 582
249 283
249 492
250 640
250 434
253 172
253 367
254 882
255 756
255 302
257 624
257 800
257 330
257 229
258 143
258 78
258 759
259 824
259 72
259 418
259 328
260 416
261 492
262 307
262 223
263 717
263 583
264 258
264 716
266 242
266 895
266 631
267 49
269 266
269 308
271 762
271 646
272 349
273 537
273 50
273 102
274 611
274 902
275 241
275 699
276 404
276 579
276 268
276 315
278 466
278 371
278 741
278 742
278 682
279 396
280 177
280 164
280 566
281 482
281 333
281 799
282 360
282 684
282 162
282 892
282 849
283 277
283 47
284 656
284 705
285 692
285 135
286 224
286 569
286 746
286 630
287 161
287 826
288 330
288 331
288 796
288 166
288 766
289 900
289 253
290 661
291 556
292 812
293 827
293 181
294 374
295 609
295 894
296 176
296 563
296 102
297 288
298 337
298 651
298 644
298 868
299 754
299 415
300 145
300 610
300 207
301 18
301 75
302 711
303 841
303 673
304 413
304 38
305 891
305 625
305 603
305 62
307 808
307 568
308 313
309 352
309 453
309 573
309 341
311 203
311 439
312 640
312 114
312 541
313 737
313 844
314 304
316 547
317 154
317 151
317 919
319 607
320 168
320 99
320 662
321 294
322 922
323 123
323 681
323 442
323 419
323 317
324 570
325 864
325 156
325 7
326 615
326 365
326 583
327 843
327 502
328 716
328 549
328 463
329 49
329 498
329 382
331 163
331 646
331 518
333 864
333 52
333 214
334 216
334 591
335 215
336 154
336 116
337 745
337 548
338 337
338 108
339 129
340 267
342 480
342 510
343 322
343 658
344 765
345 443
346 100
346 613
348 690
348 277
348 262
349 329
349 684
350 57
350 922
351 790
352 284
353 728
353 36
353 110
353 375
355 592
355 610
356 606
357 676
357 644
357 310
358 664
358 322
358 844
358 357
359 713
359 50
360 105
363 348
363 849
363 148
364 907
365 816
366 608
366 163
366 228
366 46
366 519
367 513
367 29
368 440
369 317
369 822
370 315
370 235
370 605
370 183
371 858
371 82
371 428
371 554
372 234
373 470
373 103
375 706
375 27
376 651
376 73
376 746
376 811
376 684
376 85
376 152
377 916
377 70
377 735
378 161
378 398
380 683
380 676
382 838
382 623
385 488
385 256
385 667
385 60
387 793
388 680
388 918
388 14
388 125
389 799
392 371
393 85
393 470
394 228
394 772
394 783
395 351
396 388
396 45
397 251
397 277
398 528
398 61
398 613
399 567
400 56
400 227
400 141
400 919
401 513
402 745
402 356
402 788
402 663
403 590
403 846
405 812
406 391
406 711
407 56
408 320
408 747
408 444
408 325
408 174
409 664
409 130
410 217
410 271
412 506
412 477
413 133
413 486
414 713
414 604
415 648
415 74
416 360
416 113
416 213
416 622
416 485
418 887
419 891
419 811
419 644
420 90
420 652
420 509
421 77
422 736
422 514
422 604
422 418
422 918
423 171
423 543
424 209
424 842
424 773
424 917
425 88
425 80
425 726
425 486
425 7
426 682
428 401
428 251
428 326
429 849
429 363
429 350
430 890
430 356
430 358
430 607
431 575
432 143
433 147
433 557
434 41
434 738
434 829
434 14
434 285
435 730
435 445
435 214
435 575
436 183
437 214
438 905
438 349
438 761
439 755
439 326
440 404
440 725
441 40
441 196
442 16
442 169
442 884
442 764
443 211
445 88
445 634
445 431
446 784
446 307
447 339
448 426
450 293
450 7
451 749
452 581
452 618
452 409
452 120
452 89
452 412
453 678
454 912
455 112
455 228
456 24
456 626
456 708
457 872
457 562
457 487
457 922
457 533
459 168
459 403
460 145
460 123
460 789
461 865
461 111
462 368
463 155
464 106
465 808
465 306
465 851
465 194
465 213
466 763
467 129
468 731
468 884
468 637
470 760
470 380
471 594
471 882
473 551
473 623
474 556
474 286
476 102
476 911
477 320
477 738
477 507
477 550
477 767
478 496
478 631
480 422
481 418
481 734
482 276
484 778
484 427
485 378
486 643
486 62
489 882
489 556
490 439
492 604
492 23
493 357
494 881
495 176
496 569
496 547
496 101
497 64
497 166
499 435
499 397
499 519
500 923
501 686
502 751
503 424
503 178
503 751
504 43
505 95
506 196
506 626
506 636
507 336
507 684
507 470
507 183
508 256
508 506
508 548
509 267
509 844
509 478
509 755
510 162
510 676
510 773
510 271
510 123
510 605
512 426
512 725
512 399
513 551
514 872
514 464
514 408
514 388
514 303
515 305
515 364
517 579
518 913
518 859
520 900
520 399
521 406
522 728
522 185
522 379
523 370
524 637
525 272
526 918
527 41
528 814
530 587
530 885
530 95
531 504
531 905
531 815
532 244
532 415
533 1
533 358
533 203
533 656
533 627
533 312
534 365
535 745
535 54
536 17
536 875
537 607
537 7
537 586
537 159
538 340
539 734
540 272
540 906
540 767
541 393
541 181
542 248
542 175
542 254
542 182
542 645
543 122
544 233
544 476
544 743
546 869
547 652
547 588
547 761
548 729
549 144
549 881
549 485
550 736
550 322
550 698
551 176
551 206
553 130
553 387
553 172
553 178
556 40
556 378
556 199
557 8
558 768
558 249
559 296
559 459
559 47
559 305
559 565
559 382
559 853
560 343
561 64
561 551
561 319
562 367
562 807
562 591
563 237
565 850
565 717
566 371
567 472
567 153
567 769
568 290
568 124
568 190
569 808
569 63
570 756
571 840
571 384
571 858
571 261
571 215
572 57
573 248
573 451
573 677
573 126
574 834
574 564
575 658
576 822
577 497
577 854
578 16
578 499
579 446
580 513
580 458
580 333
580 243
580 309
580 666
581 248
582 497
582 753
582 623
582 275
582 807
583 442
585 787
585 451
585 174
585 278
586 737
586 804
586 743
586 857
586 281
586 506
588 202
588 818
588 810
589 456
589 658
589 279
591 896
591 41
591 395
591 420
592 480
593 74
593 525
594 921
594 674
594 28
597 21
599 181
599 838
600 649
600 785
600 351
601 729
601 564
603 518
603 423
604 706
604 895
605 688
605 841
606 533
608 125
608 389
608 191
609 856
610 97
611 458
611 726
612 482
612 551
612 777
612 823
612 696
612 28
612 126
613 736
613 355
614 480
614 811
614 63
616 907
617 76
617 71
618 467
619 249
620 320
620 504
621 458
622 488
622 566
623 667
623 300
623 742
624 275
625 460
625 366
626 710
626 519
626 15
626 728
626 568
626 509
627 809
627 503
627 574
627 151
628 257
628 543
629 301
630 36
630 212
630 533
631 337
631 674
631 459
631 252
631 231
633 257
633 250
634 816
634 754
634 290
635 569
635 263
637 469
637 155
637 21
637 175
638 832
638 505
638 384
638 498
639 568
639 811
639 59
639 532
640 811
640 394
640 859
640 180
640 302
641 48
642 523
643 906
643 222
644 400
644 154
644 763
644 783
645 253
646 665
646 273
646 41
647 57
647 683
648 420
648 455
649 466
650 96
650 384
650 806
650 390
651 923
652 27
652 569
652 539
653 864
653 194
653 134
653 745
653 717
653 758
654 879
655 892
655 327
656 699
656 93
656 654
656 791
658 341
658 279
659 637
659 422
660 304
660 722
661 738
661 411
661 444
661 691
662 228
663 240
663 579
663 149
665 474
665 882
665 669
665 797
666 540
666 846
667 908
668 144
668 371
669 40
670 308
671 121
671 735
672 254
673 343
674 731
674 268
674 669
675 161
675 37
675 119
676 505
676 826
676 835
676 638
677 836
677 305
677 67
677 468
677 105
678 568
678 595
678 446
679 201
679 733
679 102
680 68
680 660
682 905
682 628
684 196
684 159
685 683
685 294
685 886
687 146
687 141
691 740
692 285
693 806
694 445
695 296
695 411
695 534
696 368
696 209
696 811
696 390
696 279
698 408
698 676
698 686
699 264
699 613
699 279
700 551
701 338
701 286
702 186
702 276
703 81
703 118
705 669
706 513
706 572
706 869
707 64
707 868
707 613
707 650
707 689
707 568
707 667
707 860
708 566
708 718
708 157
709 289
709 337
710 675
710 790
710 718
710 541
711 596
713 816
713 649
713 90
713 475
714 573
716 352
716 356
717 709
717 410
717 635
717 485
717 151
718 844
718 310
719 155
719 925
719 493
720 674
721 144
721 489
722 460
722 318
723 280
723 415
723 403
723 470
723 719
725 610
725 43
725 223
725 491
726 374
726 271
727 802
727 565
727 527
728 649
728 851
728 772
728 534
728 591
729 702
729 79
730 472
730 778
731 626
732 425
732 716
732 500
733 357
734 425
736 840
736 894
737 633
737 628
737 822
737 542
737 81
738 424
738 492
738 518
739 45
739 895
740 617
741 517
742 369
742 580
742 293
743 368
743 606
744 417
744 612
744 46
745 82
746 312
746 690
746 583
747 417
747 30
748 16
748 281
748 629
749 854
749 518
750 618
750 90
750 781
751 133
752 647
753 72
753 231
754 858
754 22
755 411
755 356
756 46
756 559
757 163
758 67
759 454
760 320
760 863
761 880
761 355
763 578
763 76
764 466
764 899
764 380
764 770
765 490
765 755
765 254
766 889
766 548
767 653
769 640
770 876
770 726
770 655
771 135
772 874
772 175
773 72
774 803
774 210
774 867
774 511
774 318
774 575
775 920
775 588
775 630
776 652
776 110
777 128
778 696
778 557
780 807
781 329
781 828
781 541
781 503
782 290
782 637
783 357
784 4
785 316
785 564
787 859
787 524
788 665
788 755
789 730
789 590
790 805
791 441
791 291
792 65
793 744
793 671
793 799
794 872
795 766
796 528
796 809
796 498
797 45
799 577
799 925
799 582
801 785
803 512
803 602
803 756
804 418
804 267
805 433
806 789
806 535
807 274
808 271
808 647
809 474
809 724
809 494
809 703
810 648
810 900
811 21
813 451
813 783
814 311
814 871
814 421
814 335
815 412
815 661
815 278
815 357
816 593
816 869
816 438
816 607
817 573
818 486
819 709
820 846
820 831
821 128
821 611
821 372
822 140
822 198
823 466
824 66
825 747
825 548
825 551
826 587
826 597
827 552
827 700
827 366
828 433
828 834
829 409
830 808
830 543
831 224
831 39
832 186
833 498
833 244
834 136
835 815
835 447
837 496
839 40
839 255
840 748
840 207
841 203
842 220
843 913
843 875
843 527
844 40
844 98
844 460
845 427
845 924
846 856
846 281
846 276
846 453
849 144
849 43
850 432
850 803
852 593
852 702
853 381
853 477
853 77
853 751
855 680
855 371
855 588
855 790
856 897
856 317
857 834
858 424
858 769
858 289
859 497
859 262
860 4
861 889
861 317
861 334
861 149
862 796
864 553
864 514
865 427
866 418
866 789
866 829
867 160
868 780
868 117
868 166
870 801
870 522
871 18
872 388
872 67
872 372
872 187
873 697
874 897
874 47
875 619
875 291
875 798
876 747
877 74
877 77
877 503
878 870
879 668
879 559
880 848
881 866
881 743
882 812
882 790
882 118
882 613
883 71
884 450
884 203
884 556
884 62
885 864
885 134
886 480
886 876
887 526
888 859
889 913
889 315
890 873
890 287
892 728
892 193
893 2
895 265
895 719
896 40
896 473
896 323
897 722
898 69
898 343
899 169
899 602
899 181
899 153
900 393
900 274
901 143
902 389
903 296
903 352
904 863
904 231
905 217
905 894
906 540
907 660
908 377
908 270
910 4
910 631
911 75
911 540
913 260
913 116
914 379
914 126
915 833
916 48
916 818
916 671
916 866
916 567
918 721
920 306
920 343
921 208
921 473
921 94
923 763
923 807
924 97
924 858
924 12
924 613
925 584
925 923
925 829
925 359

811 846
2 596
2 220
4 17
5 570
5 36
8 705
9 95
9 316
9 199
10 192
10 345
10 285
11 652
12 297
14 400
16 794
17 74
17 604
18 246
19 410
19 495
20 791
20 527
21 64
22 370
23 270
26 552
27 636
27 60
28 507
28 150
34 381
34 109
35 220
37 217
38 49
39 434
39 259
40 207
41 311
42 464
43 774
46 120
46 98
46 19
47 664
47 386
47 532
47 15
48 195
50 744
51 409
52 799
53 736
53 409
55 437
55 206
57 682
59 478
62 577
62 220
63 333
64 776
64 359
65 499
65 476
66 576
67 720
69 770
70 28
71 668
71 741
73 21
73 415
74 335
76 282
77 385
77 698
77 734
83 721
85 130
85 67
85 502
85 175
86 546
87 234
87 346
87 453
88 298
88 794
89 8
90 119
92 43
93 386
93 645
94 512
94 525
95 747
96 85
96 751
98 150
98 103
99 699
99 151
100 168
100 365
101 556
104 335
108 247
110 191
113 504
113 167
114 643
118 394
122 32
122 145
122 469
124 667
127 674
128 737
128 29
130 592
130 54
131 332
132 26
133 783
134 202
134 212
135 105
138 49
138 70
139 448
139 609
139 742
140 355
140 358
143 388
144 497
145 287
147 55
148 656
150 757
150 437
153 595
154 40
154 82
154 527
155 481
155 7
155 545
158 101
159 346
159 411
159 580
160 275
160 335
163 88
163 43
164 403
164 708
165 285
167 661
169 722
170 63
171 213
171 758
171 663
172 750
173 25
173 367
174 332
174 790
175 636
175 479
176 476
176 550
177 616
177 730
178 648
178 583
179 59
180 341
183 152
184 53
187 490
187 695
188 426
189 808
189 113
190 107
191 485
191 733
192 342
193 133
194 241
194 150
198 496
198 557
198 279
199 422
200 493
200 806
200 47
201 581
201 646
202 728
202 542
203 801
203 164
204 84
207 465
207 358
207 718
207 87
209 710
210 800
210 117
212 443
213 763
213 532
214 204
216 289
217 13
217 439
219 161
219 786
220 554
220 580
222 567
225 527
226 105
226 570
226 403
227 757
228 611
228 438
229 89
230 713
231 658
231 267
231 733
232 704
236 482
236 790
239 524
240 460
241 450
241 741
242 507
244 17
246 481
247 562
247 100
248 134
252 704
252 772
253 713
253 3
255 337
255 427
255 55
256 253
256 141
257 40
257 380
259 132
260 538
260 595
262 725
266 620
269 639
270 650
271 648
271 439
272 263
274 370
276 377
277 647
278 60
278 391
280 257
281 493
281 207
282 304
282 529
283 213
284 190
285 394
285 527
285 399
286 201
286 586
286 163
286 444
288 359
289 226
290 577
290 436
290 342
291 27
292 232
294 439
296 635
296 556
297 810
298 145
298 246
298 207
300 473
301 131
301 654
302 791
305 225
305 319
311 482
311 397
313 161
315 596
315 710
317 227
317 732
318 48
319 488
319 519
320 213
321 220
321 397
324 37
325 568
325 41
325 491
325 686
325 518
328 240
328 521
328 463
329 252
330 680
332 608
332 674
333 774
333 150
334 106
335 8
335 737
335 317
335 613
336 9
336 483
338 596
339 320
339 445
339 94
340 581
342 726
343 264
344 751
346 172
349 30
350 65
351 414
352 781
352 30
353 385
353 415
355 763
356 296
356 571
357 167
358 428
358 31
359 430
360 508
361 169
361 11
362 705
363 786
364 451
365 673
365 190
367 104
367 294
369 65
370 573
370 485
372 233
372 303
379 796
379 670
380 423
381 739
390 693
390 526
391 513
392 301
393 504
394 29
395 426
396 456
397 625
398 690
398 666
399 443
400 128
400 33
400 393
402 651
404 603
406 601
406 141
407 657
408 665
408 310
410 692
411 209
414 592
414 512
416 744
416 635
416 540
417 384
418 183
419 483
419 662
419 127
420 364
420 86
420 367
421 640
421 724
421 213
422 82
423 226
423 662
424 352
424 348
425 85
425 262
427 416
427 492
428 675
428 773
429 419
429 709
430 337
430 34
432 325
432 645
433 250
433 740
434 2
434 780
435 785
438 628
440 222
441 466
446 56
446 307
448 598
449 778
450 192
450 320
450 235
451 85
452 614
455 393
455 581
455 46
457 116
461 760
461 25
461 35
463 267
463 414
464 442
464 733
465 80
465 755
467 440
467 533
471 80
471 291
471 703
472 118
474 516
476 106
477 625
477 507
477 62
477 526
478 160
478 138
479 447
480 785
481 703
481 798
481 775
482 575
484 712
484 567
485 712
485 385
488 10
488 253
488 138
489 572
489 620
490 393
490 5
494 72
494 160
495 756
496 368
496 444
496 774
497 55
498 474
498 479
499 739
499 63
502 130
502 675
503 683
503 699
505 291
505 764
506 72
507 705
507 396
508 325
509 157
510 6
511 291
512 51
512 203
514 673
515 458
516 93
516 543
517 209
517 268
517 735
518 439
519 788
519 109
521 516
521 756
523 680
523 550
524 727
526 299
526 39
527 56
529 734
532 17
534 468
537 55
538 127
539 695
541 259
543 771
544 516
544 710
545 584
545 18
546 167
547 646
548 369
548 155
548 79
549 104
549 625
549 84
549 460
551 474
552 16
553 266
553 387
555 664
556 301
557 672
557 194
559 136
559 18
559 548
560 721
560 23
560 708
560 809
561 355
561 524
561 725
561 159
564 552
564 300
565 425
568 529
568 767
570 511
573 239
575 271
576 760
576 151
579 435
579 63
580 354
581 528
584 408
584 347
585 33
586 698
586 428
589 776
589 12
590 221
590 654
590 294
590 711
591 535
592 692
592 294
593 358
593 639
595 480
595 755
598 29
602 89
603 495
603 709
603 535
605 571
605 653
606 779
606 755
607 325
608 472
610 194
611 287
614 419
615 656
615 10
615 607
616 500
616 47
617 611
617 279
618 323
618 797
621 616
622 440
622 580
623 505
623 649
625 676
626 204
627 176
627 403
631 657
631 253
632 734
635 470
637 508
637 334
638 345
639 50
639 139
639 343
640 126
643 31
644 590
644 455
645 608
646 33
649 375
652 514
653 768
653 192
655 612
657 771
657 380
657 219
658 121
660 520
660 624
660 209
661 192
661 729
661 34
661 575
662 787
663 292
664 384
665 650
666 532
668 438
670 540
673 223
674 164
676 713
676 781
676 63
677 174
678 648
679 468
682 798
683 752
683 9
683 2
684 473
685 176
686 360
688 24
688 110
691 394
691 475
691 260
691 543
692 336
692 108
693 531
695 327
696 248
698 225
698 116
700 524
702 608
707 685
708 229
710 264
711 408
715 129
715 779
715 113
716 474
718 774
720 331
720 651
721 9
721 724
721 623
722 643
723 659
723 173
724 83
725 107
727 617
727 91
729 129
731 479
732 186
732 316
732 638
733 69
733 759
734 19
735 602
735 219
735 204
738 808
738 510
741 117
742 728
742 763
743 713
743 570
743 379
744 457
744 452
745 49
745 409
747 592
747 403
748 349
748 271
749 208
750 691
751 1
751 387
752 57
753 286
754 278
754 319
757 122
760 173
760 703
761 451
762 560
762 449
762 522
762 348
762 244
764 317
765 449
765 701
765 735
767 608
767 661
767 614
768 523
771 15
771 367
773 324
773 449
773 194
773 588
775 572
775 150
777 386
777 260
778 231
779 588
780 234
780 141
780 229
781 731
781 300
783 358
786 542
786 751
787 336
788 305
788 194
788 604
789 384
789 129
789 495
790 112
792 587
794 766
795 791
796 552
797 175
798 447
800 227
801 57
801 454
805 314
805 670
805 31
806 413
808 620
809 394
809 627
809 30
810 639
811 438

967 1438
3 132
3 188
3 702
4 243
5 107
6 949
7 443
7 679
8 70
9 208
9 173
9 151
10 789
10 223
12 538
13 328
13 100
14 636
14 390
15 264
15 777
15 224
15 933
16 240
18 922
18 46
19 240
19 586
21 296
21 78
22 209
22 261
24 192
24 600
25 715
26 712
26 114
26 110
26 143
27 547
27 612
28 32
28 766
28 438
28 951
29 210
32 105
32 143
33 584
33 628
34 918
34 238
35 865
35 793
36 794
36 774
37 627
39 475
40 488
40 112
41 424
42 518
43 497
44 237
44 623
45 725
46 785
47 838
48 887
50 746
50 565
51 674
53 465
53 959
56 288
56 956
57 93
57 342
57 927
58 145
58 621
58 551
59 611
59 101
59 519
63 454
64 240
64 601
64 325
65 889
65 579
66 273
66 59
66 484
66 325
68 390
69 889
69 703
70 929
70 438
71 262
72 653
72 295
73 964
74 113
75 768
78 760
78 103
80 13
81 116
82 445
83 107
83 893
85 859
88 719
89 633
89 375
89 807
90 269
90 798
90 495
91 932
92 809
94 136
94 42
95 347
95 325
96 944
96 647
97 156
99 553
100 785
101 141
102 738
104 245
106 171
108 841
109 197
110 95
111 800
111 685
112 619
113 360
114 323
115 674
116 251
117 504
117 674
118 682
119 491
119 943
119 639
121 763
122 607
125 876
125 580
126 505
127 635
129 246
130 75
130 503
133 76
133 135
133 596
133 765
133 191
134 664
134 17
136 681
136 524
137 481
137 748
137 268
138 643
138 206
139 62
140 664
140 399
142 568
142 667
143 338
144 171
145 683
145 269
145 495
146 724
146 949
146 935
147 11
147 876
147 94
148 916
150 81
150 386
151 664
151 315
152 235
155 147
157 408
160 695
161 147
162 751
164 527
167 180
168 683
169 791
169 855
169 111
170 548
170 717
171 840
172 852
172 263
173 880
173 242
173 467
174 552
176 451
177 731
177 588
179 779
180 888
180 197
181 163
181 862
183 515
183 892
185 568
185 241
186 451
186 254
187 113
187 443
187 857
190 700
191 808
191 400
191 826
191 277
192 19
192 405
193 37
194 434
194 510
194 342
196 260
196 823
197 417
197 414
197 838
197 190
201 554
201 739
202 807
203 189
204 572
205 433
205 124
205 780
206 394
207 320
207 319
212 394
212 662
213 627
214 37
215 363
215 524
216 304
216 34
216 740
216 306
218 265
218 446
219 908
219 901
220 821
221 914
223 522
223 757
224 725
225 72
225 755
225 643
227 169
230 514
230 557
231 961
231 953
231 581
231 294
231 447
232 612
232 350
233 941
236 526
237 230
238 308
240 356
240 903
241 191
242 800
242 787
242 837
243 114
243 791
244 75
245 945
245 674
248 327
249 521
249 533
249 269
250 571
250 887
254 496
257 291
257 863
258 466
258 820
258 869
259 618
260 704
261 402
261 639
262 139
263 61
263 197
264 707
264 836
265 91
265 124
265 39
267 963
268 567
269 745
269 299
269 639
270 677
270 619
270 432
270 818
270 724
270 342
271 287
272 315
272 827
274 578
274 748
275 1
275 202
275 274
276 619
276 158
278 927
280 845
280 479
281 441
281 826
281 94
283 223
284 649
284 644
284 4
284 446
284 193
285 364
285 799
286 161
286 749
287 346
287 548
289 796
289 485
290 61
290 285
290 495
291 410
293 593
294 176
296 920
296 569
298 340
299 456
300 369
300 652
300 425
302 720
302 361
302 796
302 887
303 584
303 74
305 162
305 414
306 557
307 848
307 317
308 68
308 13
309 525
313 208
313 255
315 232
315 362
315 117
315 741
317 385
318 384
318 121
319 812
322 64
322 482
322 300
322 270
323 659
323 198
324 955
324 374
326 793
326 762
327 647
328 422
329 579
330 281
330 418
333 722
335 805
335 751
336 392
336 201
336 68
337 650
337 119
337 719
340 123
341 373
342 48
342 446
345 801
347 146
350 765
353 341
354 744
358 342
358 302
359 862
360 787
360 398
362 705
363 210
363 910
364 356
364 629
364 214
366 858
366 718
369 739
369 382
369 94
370 760
371 656
371 259
371 571
372 228
372 765
372 471
373 931
373 147
374 481
374 267
374 446
375 811
375 596
376 51
377 728
377 407
378 249
378 154
380 33
380 503
380 327
381 280
381 602
381 21
381 943
382 201
382 746
382 269
382 574
383 39
384 272
385 366
386 488
386 867
386 942
387 177
387 196
387 910
389 929
391 128
391 203
392 630
393 930
393 662
394 817
394 686
395 3
397 841
398 520
400 840
400 19
401 368
404 336
407 128
407 546
407 954
409 114
411 904
411 595
411 574
413 605
413 221
414 642
419 634
420 62
421 744
421 805
422 653
422 6
423 833
423 876
424 283
426 173
427 158
428 119
429 38
430 513
430 243
431 722
432 105
432 19
432 326
435 272
435 383
436 963
436 22
437 88
437 57
437 495
439 40
440 177
440 279
442 528
442 506
443 186
443 181
443 655
444 489
444 508
446 458
449 240
449 953
449 639
452 403
453 835
454 124
454 438
455 329
456 882
456 653
457 192
457 713
457 19
457 734
458 160
458 305
458 2
458 959
459 585
460 690
460 558
460 334
460 679
461 26
461 199
462 129
464 33
466 791
467 436
467 911
468 428
469 358
470 426
470 882
472 440
472 565
473 325
474 385
476 869
477 161
477 245
477 305
478 965
479 444
480 546
480 854
481 512
484 280
485 233
485 98
485 509
485 566
486 556
487 261
488 946
489 816
489 89
489 856
491 784
492 387
493 453
494 852
495 614
496 86
498 34
499 737
499 43
499 679
501 603
503 123
504 373
504 389
507 440
509 284
509 311
511 167
513 640
513 241
514 667
514 181
514 823
515 564
515 878
516 533
517 843
518 552
518 243
519 609
521 701
524 304
524 925
524 477
527 614
527 519
528 938
529 690
529 515
531 805
531 293
532 865
532 529
533 446
534 934
535 951
536 658
536 659
537 518
537 868
537 165
537 550
538 585
538 349
539 263
540 719
542 370
543 922
543 91
544 924
544 606
546 849
547 470
548 833
548 467
548 236
548 165
551 329
551 707
553 779
553 204
553 13
554 10
554 108
555 879
556 239
558 816
558 684
558 85
558 870
558 967
559 154
559 387
560 445
560 303
565 432
566 140
567 499
567 21
568 46
573 419
574 302
575 476
575 637
575 53
576 911
576 830
576 111
577 889
577 845
579 860
579 767
580 894
582 305
584 195
585 711
586 359
587 481
587 173
587 345
588 353
589 181
590 491
590 804
594 204
594 558
594 343
595 383
596 811
596 295
597 401
597 479
598 320
598 596
598 165
599 483
599 188
601 425
601 151
603 764
603 398
604 514
605 263
607 15
608 640
610 795
611 843
612 913
612 354
613 156
613 916
613 111
614 517
615 811
615 661
616 208
617 210
617 253
617 847
620 149
620 838
621 744
622 713
622 699
622 820
623 200
623 929
624 368
624 790
626 196
628 833
629 744
629 110
631 626
632 292
632 767
634 74
634 39
636 203
636 20
637 888
638 616
639 354
639 514
641 946
644 532
645 139
645 229
646 260
649 677
649 311
650 656
650 235
650 773
651 835
653 134
656 297
656 964
656 350
657 370
657 820
658 817
663 808
664 734
665 378
666 569
667 561
667 122
668 394
670 170
670 599
671 75
672 86
673 778
673 876
674 622
675 419
675 534
676 904
676 726
677 769
680 585
680 844
681 570
681 427
682 820
683 880
684 967
686 898
686 263
688 429
688 735
690 833
690 727
692 361
693 309
694 174
694 510
696 921
697 203
698 853
701 851
701 668
701 229
701 103
702 474
702 707
704 715
705 258
706 915
707 25
709 410
711 24
712 503
712 348
712 342
712 679
714 432
714 562
714 316
715 205
716 1
716 155
717 466
718 717
718 366
719 596
720 537
721 813
723 587
724 599
726 560
726 664
726 410
726 502
726 6
727 561
727 644
727 411
727 148
730 481
730 381
732 473
732 719
733 77
735 814
736 840
736 286
736 127
738 330
738 885
739 919
740 117
740 325
740 149
741 473
741 794
742 360
742 93
743 870
746 796
747 899
748 822
749 854
750 656
752 505
753 444
753 453
753 421
754 30
756 456
757 928
757 446
758 198
760 796
761 760
761 239
762 779
762 444
763 95
764 404
765 952
766 77
767 895
768 950
771 817
771 699
771 423
771 249
772 311
775 506
775 269
776 742
777 766
778 649
778 413
779 897
779 150
779 670
779 423
780 503
781 5
781 749
781 679
782 200
782 171
783 51
784 120
784 343
786 207
787 632
787 370
787 611
789 345
790 341
791 809
791 868
792 485
792 543
794 552
795 344
795 902
795 190
795 934
797 617
797 391
798 121
798 283
798 228
799 53
799 102
800 50
802 323
804 144
804 817
806 770
807 312
807 744
810 801
810 390
811 486
813 904
814 610
814 783
815 296
815 225
816 326
816 599
817 274
817 44
818 396
818 46
818 479
819 897
819 355
819 927
820 415
821 516
821 7
821 8
821 307
821 523
821 12
821 14
821 16
821 531
821 535
821 175
821 540
821 541
821 542
821 31
821 544
821 545
821 35
821 549
821 92
821 41
821 555
821 45
821 559
821 157
821 563
821 52
821 54
821 55
821 56
821 58
821 60
821 573
821 575
821 576
821 577
821 66
821 67
821 182
821 582
821 583
821 73
821 589
821 590
821 591
821 592
821 184
821 594
821 83
821 84
821 597
821 598
821 185
821 71
821 604
821 608
821 97
821 63
821 613
821 615
821 104
821 106
821 620
821 109
821 624
821 625
821 115
821 118
821 631
821 125
821 638
821 641
821 131
821 645
821 646
821 648
821 138
821 651
821 450
821 654
821 657
821 660
821 663
821 152
821 153
821 666
821 669
821 671
821 672
821 673
821 675
821 676
821 678
821 227
821 28
821 172
821 687
821 688
821 689
821 178
821 691
821 692
821 693
821 694
821 183
821 696
821 697
821 187
821 706
821 709
821 710
821 194
821 714
821 716
821 290
821 9
821 721
821 723
821 212
821 213
821 215
821 216
821 729
821 730
821 732
821 733
821 222
821 226
821 379
821 448
821 743
821 747
821 750
821 752
821 754
821 756
821 126
821 758
821 759
821 248
821 761
821 250
821 298
821 252
821 322
821 247
821 256
821 257
821 771
821 179
821 775
821 776
821 266
821 435
821 782
821 271
821 786
821 275
821 276
821 278
821 217
821 388
821 282
821 47
821 218
821 231
821 802
821 806
821 49
821 220
821 810
821 301
821 815
821 27
821 819
821 393
821 824
821 825
821 314
821 828
821 829
821 318
821 831
821 832
821 321
821 834
821 324
821 839
821 96
821 842
821 331
821 332
821 846
821 335
821 352
821 850
821 339
821 142
821 313
821 861
821 351
821 864
821 866
821 357
821 871
821 873
821 874
821 875
821 29
821 877
821 367
821 371
821 884
821 376
821 377
821 890
821 891
821 380
821 896
821 900
821 905
821 906
821 395
821 909
821 337
821 917
821 406
821 23
821 923
821 412
821 926
821 69
821 133
821 82
821 936
821 372
821 939
821 940
821 430
821 431
821 947
821 437
821 439
821 244
821 442
821 159
821 957
821 958
821 960
821 449
821 962
821 452
821 455
821 457
821 459
821 460
821 461
821 462
821 464
821 468
821 469
821 472
821 478
821 480
821 80
821 487
821 490
821 492
821 493
821 494
821 498
821 500
821 501
821 511
822 530
822 779
825 612
829 48
831 547
831 699
832 788
833 158
835 168
835 803
835 859
835 39
837 208
837 888
837 43
838 344
838 736
838 811
838 197
839 137
840 934
841 950
842 300
843 358
844 394
845 365
846 520
847 156
847 887
849 945
850 507
850 943
851 369
852 665
853 921
855 685
857 602
858 328
858 907
859 308
859 893
860 719
861 251
861 365
862 961
863 895
865 792
865 397
866 945
867 698
868 753
868 772
869 686
870 466
870 341
872 708
873 289
873 225
875 234
875 402
876 214
878 36
879 320
880 87
884 333
887 100
888 883
888 334
890 827
890 308
890 229
890 134
891 668
892 617
894 554
895 192
895 482
897 705
898 562
898 285
898 39
899 409
900 642
901 310
902 99
902 948
902 85
903 702
903 742
907 934
907 79
908 416
908 90
908 946
910 74
910 667
911 643
911 211
912 292
915 260
915 166
916 881
918 937
919 581
919 399
920 740
920 243
920 132
920 261
922 781
922 470
923 463
924 797
924 38
925 305
926 680
926 65
927 536
927 486
928 539
928 830
931 164
932 414
935 353
935 130
938 912
938 872
938 170
938 796
939 785
939 683
939 238
942 700
942 823
945 727
946 145
946 122
946 966
949 346
949 724
949 518
951 303
953 568
953 652
953 925
956 916
960 312
960 18
960 859
960 550
961 420
961 423
962 281
963 219
963 524
963 405
966 886
967 294

912 1648
2 745
3 186
3 267
3 458
3 454
3 871
4 684
5 227
5 572
6 553
6 70
7 184
7 265
7 446
8 120
8 609
8 363
8 604
8 141
11 759
12 404
12 147
12 84
14 307
14 716
14 487
15 818
17 579
17 397
17 302
19 266
19 842
21 299
21 876
21 279
22 617
22 58
22 839
23 835
23 668
23 687
24 80
24 410
24 274
26 353
28 82
28 381
29 640
29 291
29 310
29 127
31 588
33 532
33 315
33 188
34 16
34 766
34 349
34 478
35 322
36 138
37 835
37 93
37 723
37 591
38 216
38 794
39 203
40 291
40 885
41 270
42 608
42 223
42 647
43 835
44 427
44 13
44 70
46 783
47 426
47 4
47 239
48 232
48 218
48 75
48 653
49 629
50 636
50 822
51 501
52 649
52 450
52 499
52 577
52 369
53 423
54 578
55 778
55 774
55 886
57 625
57 354
58 407
59 159
60 616
61 498
66 639
66 871
67 672
67 536
67 149
67 454
68 817
68 500
68 612
69 251
70 228
72 622
73 307
74 628
75 208
75 843
75 653
76 229
78 601
79 370
81 185
81 74
81 380
82 327
84 345
84 302
84 873
86 825
86 189
88 144
88 1
91 746
93 866
93 115
94 239
95 507
95 836
96 384
96 235
96 295
97 145
98 106
98 846
98 694
98 885
99 657
99 591
100 430
100 486
100 310
100 647
101 542
102 801
102 10
104 896
104 161
106 723
106 383
107 898
108 64
108 761
108 642
108 170
110 138
110 479
111 208
111 825
111 126
112 208
112 785
112 442
112 764
113 65
114 309
115 631
117 849
118 56
118 52
120 912
120 159
121 65
121 906
122 355
122 231
123 61
124 270
125 549
126 282
127 872
127 114
127 579
128 808
128 905
128 282
128 118
128 337
129 713
129 366
130 32
130 63
131 372
131 695
133 19
133 245
133 747
134 152
134 434
134 203
134 758
135 781
136 480
136 335
138 552
138 692
139 54
140 217
140 455
141 822
141 415
142 227
142 732
142 749
143 160
143 76
143 701
144 532
147 645
148 343
150 239
151 644
151 604
151 433
152 688
153 729
153 883
153 701
153 870
155 61
156 865
156 430
157 93
157 614
158 846
160 860
160 789
162 250
162 324
163 635
163 765
164 721
164 548
164 485
165 68
165 901
165 759
167 755
168 904
168 820
168 45
168 877
169 882
169 883
169 700
169 130
170 753
170 173
171 858
172 314
172 883
172 556
172 821
175 794
175 556
175 295
176 786
177 388
178 603
178 126
178 103
179 43
180 291
180 733
180 311
181 608
181 585
181 556
181 743
183 491
184 680
184 576
185 528
185 656
186 15
188 402
188 259
188 189
189 585
189 859
189 460
189 157
190 748
190 191
192 68
192 28
192 591
193 71
194 626
194 429
195 448
195 88
195 401
196 600
197 27
197 59
197 627
197 353
198 76
198 87
199 418
199 579
199 564
199 466
200 848
200 569
200 256
200 366
200 895
202 556
203 504
203 162
204 291
204 239
205 84
205 901
206 289
206 732
206 765
207 25
207 373
208 107
208 462
209 906
209 274
209 853
209 102
209 414
210 410
210 639
211 859
212 244
215 184
215 618
216 848
216 354
216 147
217 317
218 139
218 21
219 803
221 721
224 281
224 267
225 553
225 55
227 604
227 885
228 792
228 825
228 102
228 166
229 428
230 294
230 271
232 864
232 463
233 697
234 578
236 281
237 849
239 584
239 840
240 912
241 33
242 808
242 303
244 23
245 363
245 257
245 603
245 612
245 489
246 203
246 639
247 514
247 5
247 519
247 520
247 521
247 522
247 11
247 8
247 525
247 14
247 530
247 20
247 26
247 540
247 543
247 544
247 34
247 35
247 36
247 37
247 39
247 42
247 555
247 557
247 558
247 47
247 48
247 49
247 50
247 51
247 565
247 566
247 121
247 571
247 60
247 573
247 574
247 2
247 581
247 73
247 590
247 593
247 83
247 85
247 89
247 94
247 97
247 99
247 101
247 615
247 104
247 620
247 621
247 113
247 630
247 632
247 276
247 124
247 131
247 646
247 647
247 650
247 651
247 142
247 655
247 660
247 661
247 151
247 666
247 667
247 669
247 671
247 673
247 677
247 679
247 681
247 683
247 685
247 690
247 179
247 693
247 182
247 696
247 202
247 190
247 704
247 194
247 197
247 198
247 711
247 200
247 201
247 714
247 375
247 204
247 718
247 207
247 720
247 209
247 210
247 213
247 215
247 728
247 731
247 220
247 734
247 736
247 737
247 226
247 742
247 236
247 241
247 242
247 756
247 246
247 332
247 763
247 768
247 769
247 770
247 230
247 782
247 788
247 277
247 278
247 791
247 283
247 798
247 799
247 288
247 802
247 805
247 296
247 810
247 135
247 301
247 815
247 304
247 306
247 819
247 823
247 830
247 832
247 225
247 841
247 330
247 331
247 844
247 845
247 852
247 341
247 854
247 855
247 344
247 857
247 346
247 348
247 868
247 357
247 46
247 367
247 880
247 371
247 887
247 889
247 378
247 891
247 894
247 320
247 386
247 899
247 900
247 391
247 394
247 910
247 286
247 409
247 421
247 425
247 432
247 436
247 329
247 449
247 451
247 456
247 457
247 464
247 465
247 467
247 468
247 471
247 474
247 475
247 81
247 169
247 509
247 510
247 511
249 635
250 351
251 323
251 820
251 694
251 350
252 146
254 724
254 364
254 532
254 903
255 517
258 759
259 824
259 705
260 317
260 86
261 569
261 642
262 404
262 158
263 754
264 406
265 373
265 430
268 528
269 750
270 185
270 758
272 536
272 722
272 419
272 508
273 400
273 252
275 413
276 250
277 850
279 12
280 523
280 92
280 157
282 240
282 904
282 334
282 255
283 749
283 71
284 780
285 305
285 883
286 594
287 535
291 420
291 365
292 649
294 237
294 541
296 281
296 410
297 643
297 652
297 269
297 255
299 338
299 701
301 411
301 460
301 909
302 738
302 755
302 551
304 738
305 473
305 239
306 23
307 21
307 165
307 334
307 773
308 383
309 122
310 361
310 594
310 493
313 134
314 897
314 822
315 483
316 424
317 723
317 526
317 358
317 389
318 426
318 250
319 708
320 155
321 160
321 7
321 479
322 888
322 481
322 214
322 470
323 212
323 271
324 676
325 528
325 746
330 162
330 292
330 847
331 570
331 476
332 263
332 582
332 567
333 875
333 150
333 911
334 888
335 874
335 539
336 867
336 444
336 390
337 248
337 901
338 484
338 469
339 512
339 322
340 843
340 147
340 534
341 699
342 761
342 722
342 647
342 335
343 90
343 227
343 180
343 687
345 321
345 780
346 695
347 417
348 481
348 18
349 595
350 340
350 518
350 846
351 877
351 470
353 625
354 305
354 721
355 363
355 776
355 203
356 289
356 674
356 759
356 885
356 871
357 627
358 912
358 505
358 542
359 323
360 373
361 760
361 413
361 702
361 583
362 403
363 697
363 149
363 158
365 867
365 116
366 838
367 312
367 336
368 600
368 356
369 481
369 694
369 793
371 56
371 318
372 443
372 877
372 598
373 64
374 785
374 596
374 79
375 870
376 240
376 362
377 217
379 795
380 640
380 377
381 326
382 164
382 270
383 481
383 370
383 373
383 759
384 173
385 606
386 1
386 149
388 772
388 199
389 508
391 193
391 858
391 591
392 862
392 22
392 309
394 664
394 41
394 314
394 183
395 811
395 126
396 448
396 154
397 229
397 252
397 93
397 757
398 3
398 572
400 7
400 247
402 691
403 707
404 353
404 482
404 526
404 688
404 628
404 87
406 258
408 377
409 749
410 856
410 75
410 550
411 780
411 534
412 57
412 221
414 325
414 358
415 568
415 824
415 287
416 178
418 818
419 416
419 864
419 790
421 488
423 208
423 842
423 359
425 504
425 243
425 223
426 871
427 222
428 496
429 706
429 732
430 387
433 80
433 192
433 807
434 435
435 368
435 874
439 739
440 181
440 61
441 623
442 216
442 779
443 117
445 163
446 516
446 461
447 586
449 881
449 507
450 874
450 453
451 778
451 532
451 23
452 906
452 133
454 217
454 243
456 749
457 658
458 109
461 618
462 217
462 898
462 353
463 808
463 243
464 674
465 556
465 454
466 568
466 794
466 502
467 825
468 843
469 66
470 417
470 195
471 602
471 356
472 602
473 676
473 803
473 387
473 6
473 638
474 796
476 426
477 244
478 609
478 653
479 576
479 130
480 808
480 376
480 744
480 569
481 556
482 217
482 767
482 495
483 504
483 559
483 422
483 383
485 72
486 800
486 338
486 538
487 469
487 717
489 497
489 267
490 634
491 217
491 119
492 72
492 24
493 506
493 146
493 902
494 379
494 652
495 19
496 448
496 664
496 740
498 360
498 132
499 160
499 825
499 170
499 315
500 884
502 561
504 76
505 314
505 684
506 335
507 318
507 310
508 23
508 383
508 607
509 353
509 196
509 886
510 745
513 863
514 21
514 670
515 54
516 168
516 529
516 858
516 748
517 141
518 856
518 706
518 803
519 91
519 606
520 17
520 172
520 518
520 503
521 883
521 452
522 622
522 598
525 180
525 445
526 105
526 108
526 318
527 611
527 403
527 427
527 214
527 287
528 476
528 759
529 163
531 285
532 112
533 809
534 395
534 804
535 644
535 806
536 698
536 893
536 333
537 459
539 587
539 439
540 724
540 678
540 607
541 178
541 477
542 722
542 779
542 54
542 663
545 362
545 271
546 275
546 461
547 122
547 486
547 479
548 263
549 876
550 15
551 116
551 428
552 561
552 444
553 761
553 682
553 396
553 434
555 703
556 282
556 284
558 497
559 61
559 717
560 717
561 639
562 784
562 250
562 165
563 538
564 69
564 317
565 347
565 836
566 10
567 74
567 843
567 556
567 272
567 883
567 440
569 105
569 778
569 890
569 313
570 787
570 619
570 155
570 293
570 446
571 905
571 611
571 613
571 606
572 98
572 316
573 403
574 186
577 850
578 43
578 260
581 115
583 67
585 354
585 187
586 145
586 435
587 100
588 416
588 266
588 572
589 882
590 721
591 610
592 512
592 374
593 9
593 222
594 879
595 744
595 730
595 359
596 249
596 883
596 903
598 211
598 516
600 490
601 732
601 527
602 290
602 260
602 725
603 256
603 53
604 426
604 164
605 612
605 294
606 63
608 809
609 96
609 567
610 604
611 648
611 140
612 25
614 256
614 44
614 628
614 30
615 192
615 385
615 155
615 619
616 312
616 458
617 476
618 171
618 582
620 24
620 17
621 872
624 722
624 438
624 663
625 234
625 439
626 560
628 109
629 580
630 22
631 726
632 444
632 282
632 180
633 498
633 790
633 143
635 355
635 411
636 238
636 111
637 713
637 414
637 807
638 96
638 713
639 837
639 415
640 624
641 345
641 751
642 422
643 273
643 687
643 78
643 71
644 497
644 834
644 727
646 527
647 633
647 500
647 167
648 589
650 136
650 546
651 299
651 883
652 625
652 27
652 300
652 262
652 723
653 795
653 740
653 415
654 444
655 328
655 140
655 365
655 287
656 757
657 745
657 890
657 267
657 709
657 886
658 354
658 77
660 708
660 293
661 192
661 408
661 826
662 112
662 806
663 156
663 53
664 648
664 825
665 801
665 74
666 310
667 653
668 827
669 730
669 754
670 339
671 12
672 358
673 486
674 19
677 665
678 234
678 773
679 818
679 437
680 381
681 77
681 238
682 57
682 458
684 238
684 895
685 494
685 870
686 426
686 287
687 524
688 912
688 833
688 477
688 71
689 441
690 837
690 726
691 43
691 828
691 95
692 325
693 592
693 761
693 648
693 61
693 159
694 417
694 211
694 177
695 719
697 96
697 547
697 715
697 110
699 349
700 531
700 423
703 859
703 547
703 174
704 180
704 694
705 873
706 431
707 536
708 448
708 458
708 62
709 158
711 833
711 31
712 289
712 642
712 229
712 463
713 752
713 813
714 417
715 312
715 513
715 108
715 437
716 561
717 128
717 93
718 905
719 827
719 205
719 886
720 730
722 297
723 90
723 87
724 214
725 481
725 74
725 3
725 412
725 53
727 762
727 324
728 552
728 732
729 576
729 328
730 368
730 905
732 641
732 892
732 206
732 686
733 363
733 684
735 829
736 177
736 883
736 271
737 507
737 196
738 730
738 907
738 148
739 308
740 336
741 40
742 317
743 490
743 686
744 214
744 662
745 785
745 110
746 824
747 603
747 654
748 424
749 361
749 545
750 611
750 157
752 130
752 659
753 17
754 208
754 780
756 117
757 86
757 381
757 814
760 570
760 659
760 364
761 610
761 291
761 415
762 261
763 813
763 174
763 368
763 338
763 407
763 664
764 600
764 833
764 19
765 25
765 255
766 392
767 122
767 300
767 450
767 806
769 637
770 562
770 853
770 789
772 592
772 321
773 689
774 605
777 123
777 77
777 158
777 597
779 777
780 803
781 554
782 224
782 64
782 638
785 616
785 592
785 165
785 502
786 153
786 148
786 878
786 321
787 748
788 552
789 712
790 309
792 365
793 418
794 298
794 141
796 716
796 294
797 710
798 816
798 310
799 861
799 790
800 244
802 907
803 446
804 761
804 58
804 462
804 233
805 533
805 831
806 254
806 350
807 352
807 393
808 32
809 145
809 447
812 674
812 395
812 293
812 150
813 808
813 261
814 481
814 765
814 119
815 240
815 442
816 356
816 741
819 721
819 813
819 71
820 264
820 347
820 607
821 636
822 176
822 267
822 851
822 643
822 758
823 253
823 550
824 160
824 708
825 292
827 1
827 147
828 504
828 594
828 780
829 786
830 382
830 599
832 502
833 399
834 137
835 399
837 668
838 125
839 596
840 219
840 837
841 365
841 29
842 379
846 642
847 572
848 166
848 623
850 560
850 603
850 563
851 759
851 582
851 383
852 326
853 377
853 323
854 869
856 875
856 327
857 609
857 294
857 31
859 772
861 713
861 105
862 222
863 342
864 312
864 440
864 59
866 175
867 319
868 856
868 369
868 851
868 575
869 611
869 853
869 38
870 548
870 405
871 66
871 779
871 838
871 174
872 80
872 130
874 152
875 268
875 911
876 537
876 812
877 354
877 675
878 423
878 343
879 170
879 515
879 61
879 310
880 682
880 237
881 176
881 428
882 458
882 446
883 362
884 492
884 317
885 297
885 491
885 689
885 735
886 771
886 148
886 435
887 334
889 144
889 801
889 644
889 191
890 869
890 502
891 644
891 279
892 129
893 835
894 292
895 554
895 163
895 188
895 674
896 450
896 310
897 24
898 280
898 452
898 110
901 746
901 533
901 398
902 812
903 21
903 797
904 869
907 162
907 339
908 775
909 905
909 254
910 472
911 908
911 612
912 556

878 1643
1 390
1 822
2 688
3 668
4 520
5 283
6 387
6 341
7 833
7 260
7 564
8 674
9 588
10 298
10 21
10 775
11 545
11 810
11 417
11 806
11 697
12 833
13 15
14 323
15 135
16 137
16 334
17 832
17 554
17 117
17 438
18 682
18 219
18 130
19 469
19 22
20 78
22 27
24 631
25 472
26 168
26 58
26 839
26 28
26 415
27 142
28 520
28 817
28 276
28 789
29 24
30 745
30 28
30 708
30 308
31 577
31 483
33 874
33 797
33 262
34 637
35 19
36 554
36 366
36 374
38 469
38 55
39 144
40 876
40 365
41 846
43 252
44 641
44 350
47 504
47 44
47 133
47 407
48 593
48 662
49 305
49 699
49 671
50 3
50 139
52 755
52 175
53 107
53 643
54 123
54 397
55 361
56 9
56 487
57 807
58 397
59 258
59 839
60 466
61 543
62 361
62 308
62 565
63 816
63 346
63 514
63 670
64 186
65 56
65 506
65 439
65 767
66 466
66 79
67 799
68 763
69 187
69 308
69 734
70 24
70 1
70 236
71 225
71 695
71 670
71 863
72 477
73 600
75 762
75 606
76 329
76 546
76 789
76 558
78 800
79 145
79 613
80 153
80 457
81 272
82 840
83 16
83 635
85 371
85 211
85 287
86 387
86 188
88 280
89 801
89 778
89 421
89 154
90 738
92 606
93 196
94 408
94 181
95 478
96 569
97 273
97 118
99 568
99 232
99 527
100 64
100 826
100 427
100 533
101 531
101 116
101 558
101 159
102 327
103 475
105 728
105 513
105 814
106 238
106 823
107 9
107 105
110 656
112 793
112 300
113 845
114 801
114 773
116 95
117 478
118 39
119 368
119 185
119 780
120 329
121 90
122 470
123 179
124 670
124 151
125 419
127 440
128 110
129 558
130 208
130 563
131 869
132 446
133 388
134 16
134 181
134 77
135 354
136 9
136 186
136 726
137 752
137 547
138 98
138 606
139 241
139 442
139 702
141 339
142 302
144 698
144 46
145 296
146 113
146 741
148 294
149 314
149 820
150 89
150 130
150 523
150 82
150 574
151 343
152 80
152 13
153 544
153 477
154 552
156 504
156 430
157 190
158 862
159 379
160 629
161 497
161 171
161 729
162 800
162 145
162 354
163 288
163 409
163 462
164 119
165 579
166 704
166 859
166 204
167 113
168 647
169 40
170 841
170 825
172 690
172 755
172 322
173 386
173 27
175 616
175 749
176 840
176 319
177 460
178 499
178 478
179 479
180 673
180 66
181 876
181 797
181 119
182 196
182 606
183 172
183 23
183 340
183 847
184 88
184 456
184 140
185 421
185 374
185 31
186 844
186 870
187 835
187 127
188 274
188 115
189 124
189 639
190 406
190 407
191 371
193 187
193 470
194 696
194 721
194 11
194 621
197 309
198 492
199 577
200 641
200 700
200 494
202 808
202 601
202 666
202 335
203 152
205 675
206 729
206 91
206 365
207 81
207 271
208 622
209 739
209 468
210 492
211 835
211 612
211 259
211 374
211 701
211 254
212 153
213 489
214 362
214 517
216 349
219 336
219 27
220 472
222 434
222 92
222 103
223 505
223 804
225 756
225 727
226 36
227 216
227 467
227 661
227 559
228 465
229 417
229 596
230 16
231 492
232 804
234 210
235 110
235 663
236 321
236 826
237 168
237 35
238 433
238 462
239 58
240 777
240 566
242 321
242 267
244 240
245 68
245 404
245 836
245 782
246 641
247 553
247 5
247 121
248 387
249 241
249 677
249 615
250 150
251 801
251 835
251 739
252 610
252 797
254 618
254 316
254 221
256 257
256 818
256 571
256 117
257 462
259 656
259 626
259 191
259 7
260 597
261 533
262 673
262 735
263 336
263 530
263 186
263 383
264 768
264 28
264 709
265 422
267 394
267 506
268 576
268 785
268 2
268 343
269 401
271 305
272 774
273 485
273 399
275 840
275 151
275 284
275 791
276 153
276 60
277 376
277 743
278 457
279 201
279 499
279 157
279 823
280 68
281 285
282 151
283 208
283 234
283 524
283 214
284 841
284 347
284 413
284 542
285 136
285 850
285 550
285 687
286 873
287 682
287 549
287 109
288 174
288 710
288 510
288 213
289 106
290 803
290 693
292 202
292 101
293 385
294 514
294 22
294 118
295 561
295 650
295 641
296 856
297 225
297 754
297 423
298 65
298 60
298 525
298 465
300 50
300 515
300 499
301 544
301 498
302 136
303 48
303 267
305 396
305 479
306 704
306 767
307 706
307 268
308 248
309 466
311 382
311 207
312 270
312 151
313 434
313 199
314 5
315 515
315 458
315 779
315 82
315 830
317 532
318 732
318 116
319 17
319 52
320 121
320 234
320 582
321 875
323 26
323 509
324 82
325 4
326 310
329 482
330 662
331 473
331 147
331 286
331 455
332 258
332 143
333 11
333 578
333 251
333 242
333 199
334 100
335 107
335 366
339 249
339 757
339 742
340 311
341 705
342 742
343 736
343 506
343 819
344 842
345 817
345 858
346 464
346 512
346 668
346 166
347 626
347 395
347 796
347 262
347 150
348 233
348 404
348 612
348 825
349 539
349 274
349 579
349 587
349 133
351 779
351 311
352 190
354 93
356 265
356 426
356 829
358 26
358 325
358 823
359 593
359 797
359 246
360 680
360 369
361 92
362 290
362 148
364 51
365 782
366 42
366 835
367 314
368 872
368 139
368 684
369 556
369 682
369 476
369 413
369 447
371 615
372 233
372 106
372 17
373 352
373 359
373 31
375 695
376 824
376 281
376 211
376 366
377 250
377 422
378 59
378 143
379 635
380 331
381 428
381 263
382 336
383 58
383 179
383 874
384 736
384 663
386 650
386 628
386 549
387 353
387 300
388 556
390 402
391 623
393 235
394 258
394 796
395 236
397 476
397 588
398 240
398 817
398 386
398 854
398 575
399 307
399 428
401 247
402 178
404 710
404 739
404 245
404 390
405 694
405 359
406 468
407 272
407 501
408 148
410 85
411 304
411 435
411 483
411 237
411 502
413 401
413 743
414 682
414 11
414 317
415 866
416 88
416 128
416 674
416 868
417 665
417 260
417 181
418 563
419 37
420 799
421 624
422 180
422 266
422 636
423 411
424 377
424 131
424 404
424 591
425 403
425 700
426 345
426 179
428 97
428 532
428 566
428 583
429 503
430 8
430 458
430 548
431 745
434 107
434 133
436 552
436 675
438 312
438 290
438 579
439 791
440 774
440 647
441 189
442 738
443 572
443 492
443 414
444 516
444 519
444 521
444 10
444 526
444 529
444 20
444 536
444 537
444 538
444 541
444 30
444 34
444 38
444 49
444 54
444 567
444 61
444 63
444 69
444 71
444 584
444 73
444 586
444 75
444 76
444 589
444 592
444 594
444 595
444 14
444 598
444 599
444 604
444 94
444 607
444 609
444 611
444 102
444 617
444 108
444 112
444 114
444 120
444 632
444 633
444 634
444 125
444 638
444 640
444 129
444 132
444 645
444 651
444 652
444 657
444 146
444 659
444 669
444 672
444 161
444 162
444 165
444 169
444 176
444 177
444 692
444 182
444 184
444 194
444 712
444 714
444 715
444 205
444 206
444 209
444 724
444 725
444 215
444 217
444 218
444 733
444 315
444 737
444 212
444 230
444 231
444 744
444 747
444 748
444 750
444 751
444 244
444 126
444 758
444 760
444 761
444 253
444 766
444 769
444 772
444 776
444 781
444 301
444 784
444 787
444 788
444 277
444 792
444 794
444 795
444 802
444 291
444 805
444 295
444 812
444 813
444 303
444 313
444 827
444 834
444 838
444 330
444 843
444 332
444 333
444 848
444 338
444 851
444 852
444 853
444 855
444 344
444 348
444 867
444 357
444 871
444 360
444 367
444 370
444 372
444 375
444 378
444 381
444 391
444 392
444 239
444 425
444 355
444 429
444 431
444 72
444 436
444 74
444 448
444 449
444 450
444 452
444 453
444 471
444 474
444 481
444 488
444 490
444 495
445 666
445 307
446 511
446 109
446 551
447 664
447 811
449 544
449 308
449 773
450 241
450 180
450 334
451 267
451 716
453 144
453 779
453 52
455 306
455 782
456 713
457 328
457 601
457 163
457 701
458 8
458 266
458 757
460 793
460 684
461 866
461 127
461 685
461 95
462 524
463 531
463 798
464 443
464 413
464 798
464 557
466 89
469 844
470 824
470 316
470 492
473 289
473 371
474 264
474 96
474 77
475 515
476 738
477 136
477 653
477 325
478 730
478 555
480 426
480 163
480 610
482 5
483 593
483 522
483 683
484 223
485 857
486 515
487 213
487 397
488 163
488 644
489 480
489 374
490 128
490 326
492 860
492 317
493 192
493 608
493 476
493 373
493 406
494 170
494 84
495 343
496 771
496 415
496 447
497 701
497 47
498 46
498 7
499 144
499 52
499 582
500 48
500 680
500 300
500 316
501 153
502 163
502 446
503 227
504 264
504 727
505 232
506 187
506 78
506 734
506 451
508 432
508 580
509 752
509 505
509 527
509 15
509 535
510 235
511 160
511 699
512 311
512 103
514 528
514 41
516 131
517 249
518 770
518 188
518 293
518 86
518 167
519 575
520 196
520 850
520 548
521 546
521 764
522 298
522 780
522 806
522 158
523 185
523 210
524 57
524 613
524 687
525 523
526 720
527 179
527 676
527 173
528 530
528 572
529 281
529 562
529 164
529 245
529 241
530 571
530 70
530 830
530 765
531 461
532 249
532 799
533 48
534 625
535 849
535 738
535 459
535 380
537 849
537 434
537 223
538 155
540 476
541 373
542 713
542 810
542 502
543 140
544 757
545 675
545 820
545 686
546 193
546 804
546 814
548 864
548 282
548 428
549 605
550 498
550 499
550 583
551 759
552 130
552 771
552 703
553 581
553 279
555 181
555 878
556 26
556 674
557 601
557 811
557 820
558 35
558 619
558 135
558 356
558 103
559 576
559 670
560 427
561 732
561 261
562 828
563 33
563 454
564 641
564 767
565 261
565 582
565 170
565 364
565 110
565 465
565 346
565 445
566 267
568 706
568 540
568 550
568 478
568 426
569 605
569 318
569 141
570 441
570 661
572 275
572 500
573 255
574 80
574 171
575 681
575 124
576 821
576 127
577 356
577 437
578 649
579 64
579 364
579 214
579 118
579 511
580 451
580 660
581 232
581 831
582 616
582 319
583 352
583 648
583 475
584 587
584 6
585 620
585 428
586 305
586 575
587 154
587 626
588 297
588 363
588 583
589 545
589 171
589 525
589 334
589 543
590 157
592 873
592 242
592 875
592 767
594 498
594 279
596 171
596 197
596 678
597 380
597 786
597 292
598 185
599 22
600 16
601 320
601 713
601 509
602 306
602 156
602 550
603 155
604 727
605 835
605 774
607 663
608 27
608 739
608 790
610 122
612 234
612 811
614 104
614 540
616 665
616 259
617 314
617 36
618 387
618 662
619 650
620 373
620 270
620 647
622 123
623 18
623 676
625 618
625 571
625 7
626 416
626 603
626 596
628 667
628 228
628 878
629 426
629 269
629 798
630 427
631 799
633 506
633 423
634 731
634 614
635 224
635 329
635 234
635 190
636 614
637 99
637 628
642 484
642 707
642 764
643 266
644 532
645 416
645 430
646 480
646 722
646 300
648 416
648 384
648 293
648 339
648 400
648 819
649 299
649 396
650 408
651 222
651 671
652 728
652 66
653 208
653 193
654 534
657 809
657 41
658 1
658 491
658 655
659 810
660 155
661 552
662 279
664 296
664 382
664 87
665 734
666 507
666 175
667 395
667 326
668 690
668 666
669 625
670 311
670 204
670 790
670 374
670 646
671 393
671 420
671 422
673 365
674 835
674 420
674 485
674 590
675 36
675 327
676 57
676 341
677 723
678 324
678 276
678 119
679 424
679 464
679 68
679 774
679 742
680 336
681 515
681 677
681 461
683 555
684 861
685 137
687 81
687 522
687 623
688 224
688 43
689 428
690 462
691 649
691 341
691 862
694 523
694 299
694 734
695 540
697 753
697 550
698 16
699 835
700 463
700 350
700 311
701 869
701 543
703 524
703 198
703 119
705 759
707 178
707 518
708 654
708 511
709 501
709 775
710 67
710 45
710 326
710 463
711 468
711 183
712 287
713 673
713 100
714 337
714 398
715 826
715 53
715 327
718 43
719 308
720 647
721 767
722 276
722 642
722 596
722 573
723 22
724 37
724 656
724 401
724 722
724 627
724 602
725 361
725 663
727 309
728 689
728 42
728 393
729 876
729 27
729 300
729 405
730 307
730 172
730 238
731 576
731 612
732 152
733 210
733 118
734 64
737 229
737 142
738 195
738 134
738 279
739 85
739 478
740 615
740 686
740 711
741 65
741 314
741 554
742 335
743 238
745 746
745 543
745 111
746 428
746 533
747 680
747 104
747 226
747 515
748 89
748 757
748 742
749 510
752 570
752 37
752 558
754 582
755 736
755 527
756 258
756 29
756 862
757 70
759 870
760 410
760 358
761 826
762 322
763 152
763 770
763 869
763 837
764 508
766 662
766 679
767 237
769 585
769 122
769 93
770 83
772 115
772 740
772 173
773 136
773 3
773 877
773 7
774 512
774 738
774 755
774 757
775 658
776 865
777 553
777 829
777 718
778 329
778 115
778 271
779 831
780 569
780 486
781 543
782 673
782 66
783 426
783 85
783 630
784 58
785 682
786 698
787 859
788 234
788 379
789 757
790 256
790 561
790 560
790 615
791 144
791 558
792 203
793 791
795 130
795 3
795 200
795 842
795 716
795 271
796 153
796 343
797 37
797 646
798 508
798 775
800 264
800 377
800 25
801 138
801 55
802 578
802 438
802 198
804 240
804 32
805 19
806 434
807 618
808 427
808 12
808 389
810 856
811 473
812 844
813 62
814 520
814 691
814 380
814 286
816 98
816 389
816 815
817 408
817 286
818 456
818 149
819 418
819 783
821 16
821 866
821 181
824 804
824 615
826 424
826 386
826 111
827 498
827 39
829 264
829 220
830 689
830 602
832 458
832 571
832 740
835 836
836 386
838 643
838 412
839 68
840 311
841 278
842 768
843 656
843 300
843 213
844 321
845 491
845 637
845 86
846 824
846 29
846 151
847 545
847 43
847 708
848 130
849 742
849 606
849 23
850 266
851 719
853 70
854 266
854 147
855 361
856 385
856 546
856 451
856 842
856 717
856 178
856 342
858 466
858 263
859 808
859 369
860 299
861 457
861 730
862 407
864 243
864 550
865 522
865 477
865 93
865 527
866 127
867 496
868 39
869 786
870 351
871 98
871 181
872 211
872 156
873 665
873 575
873 211
873 423
874 148
875 440
875 493
877 136
877 757

833 1401
2 73
2 644
2 38
2 569
3 182
4 327
5 344
5 514
5 163
6 180
6 85
7 792
7 202
7 427
7 485
7 342
8 340
8 148
9 824
9 587
11 145
11 133
12 744
12 132
13 313
13 254
14 213
14 279
15 197
15 206
15 115
15 436
15 693
15 313
16 781
17 784
17 370
20 826
20 315
20 767
23 724
23 787
23 508
24 776
24 305
24 223
25 257
25 622
26 672
26 715
27 32
27 571
27 294
27 310
28 541
29 741
30 388
30 599
31 441
31 818
33 677
35 448
35 642
35 365
36 273
37 545
38 61
39 317
39 605
39 118
39 598
39 551
41 321
41 647
42 480
45 716
46 744
46 350
48 745
48 482
48 219
49 13
50 257
50 342
51 561
51 339
51 319
52 587
54 660
54 510
56 226
56 767
57 792
59 315
59 580
65 116
65 293
66 441
67 671
67 775
68 601
68 778
68 799
69 341
70 164
70 142
71 296
71 144
71 814
72 416
72 805
72 573
74 436
74 78
75 433
78 1
79 80
79 78
81 232
81 322
82 428
83 272
83 269
85 53
87 427
88 299
88 635
89 750
89 542
89 559
90 493
90 750
90 111
91 597
92 744
92 345
92 759
93 324
93 518
94 188
94 247
95 98
96 522
97 170
98 114
98 207
100 657
100 754
100 244
101 296
101 738
101 127
102 30
103 642
103 388
105 384
105 202
105 718
106 68
106 179
106 492
107 296
107 124
107 132
108 258
108 693
110 506
110 383
110 831
111 269
111 598
113 56
113 306
114 389
114 511
115 60
116 442
116 420
116 254
117 574
118 544
118 569
121 197
122 270
122 38
123 40
123 516
123 829
123 830
124 27
125 616
127 330
127 692
128 339
128 36
129 193
129 10
130 490
130 437
131 794
133 673
133 270
134 689
134 623
134 9
136 523
138 371
138 198
138 783
139 536
139 390
139 358
141 697
141 195
141 652
144 267
144 187
144 174
145 65
145 741
145 21
146 821
148 152
148 569
149 141
151 201
151 203
151 708
153 618
153 503
154 511
156 732
156 239
157 306
158 384
158 547
159 342
159 567
161 335
162 633
163 32
163 749
163 287
164 222
165 273
165 118
165 361
166 73
167 682
167 355
171 40
171 782
172 649
172 513
172 449
173 538
173 732
174 13
176 636
179 726
179 607
182 571
183 32
183 491
184 49
185 577
185 439
187 22
188 434
188 150
189 222
189 217
189 451
189 198
189 830
190 435
190 524
193 691
193 317
194 824
195 406
195 807
198 620
200 465
201 649
201 514
202 712
202 582
203 147
205 136
206 252
207 48
207 283
207 564
207 325
208 497
208 193
208 476
208 527
209 157
210 277
210 149
211 489
211 532
211 749
212 555
212 307
212 285
213 822
214 616
214 23
215 818
215 647
218 550
219 194
220 88
220 167
221 147
221 367
222 726
222 365
222 670
223 113
223 746
223 516
223 564
224 144
224 649
224 509
225 135
226 749
229 432
229 321
230 828
230 82
230 772
231 772
232 227
233 140
234 770
234 580
234 15
236 138
236 250
237 322
237 211
237 37
237 493
240 454
240 606
240 383
241 32
241 519
242 745
242 748
242 460
243 760
243 529
247 684
247 215
248 797
249 328
249 105
250 634
250 715
250 466
251 193
251 141
252 767
253 561
253 42
253 468
253 290
254 377
254 763
254 651
254 574
255 697
255 346
256 344
256 430
256 142
256 374
256 7
257 95
258 268
259 2
260 400
260 146
262 795
262 678
263 439
265 588
266 635
266 482
266 139
266 530
267 38
268 627
270 702
271 698
271 619
271 732
272 76
272 142
272 558
273 708
273 204
274 655
275 532
277 673
277 602
278 369
278 46
280 704
280 538
280 591
281 517
281 6
281 520
281 521
281 19
281 20
281 25
281 539
281 540
281 29
281 261
281 546
281 549
281 308
281 41
281 43
281 556
281 45
281 47
281 560
281 55
281 57
281 58
281 63
281 576
281 578
281 579
281 69
281 97
281 72
281 241
281 589
281 592
281 81
281 86
281 87
281 91
281 94
281 101
281 609
281 99
281 613
281 103
281 106
281 621
281 110
281 625
281 626
281 628
281 630
281 276
281 125
281 638
281 640
281 130
281 645
281 646
281 137
281 650
281 654
281 143
281 659
281 663
281 664
281 666
281 667
281 668
281 160
281 278
281 676
281 166
281 681
281 175
281 176
281 177
281 181
281 699
281 700
281 701
281 703
281 192
281 714
281 722
281 727
281 728
281 729
281 730
281 734
281 735
281 736
281 737
281 739
281 740
281 234
281 747
281 237
281 752
281 753
281 243
281 126
281 758
281 248
281 249
281 762
281 766
281 255
281 771
281 773
281 262
281 780
281 5
281 271
281 216
281 275
281 788
281 789
281 790
281 796
281 218
281 798
281 288
281 292
281 808
281 809
281 300
281 813
281 302
281 815
281 816
281 817
281 819
281 820
281 309
281 311
281 825
281 833
281 326
281 225
281 331
281 336
281 338
281 353
281 356
281 364
281 368
281 372
281 375
281 376
281 378
281 379
281 380
281 385
281 392
281 397
281 398
281 399
281 404
281 409
281 410
281 411
281 414
281 423
281 64
281 71
281 429
281 445
281 446
281 75
281 246
281 457
281 458
281 459
281 461
281 463
281 467
281 469
281 471
281 475
281 479
281 484
281 488
281 494
281 500
281 504
281 507
282 233
282 637
283 303
284 206
285 115
285 365
285 830
286 196
287 354
287 677
288 80
288 725
290 339
290 533
290 678
291 602
291 52
291 149
291 206
293 801
293 498
294 373
294 141
295 265
296 421
299 412
300 689
300 585
301 594
301 559
302 62
306 274
306 493
306 127
307 3
308 124
309 810
310 212
311 654
311 318
312 329
313 601
313 121
313 799
314 553
314 823
316 357
316 810
316 811
316 48
316 84
316 60
316 350
317 54
318 786
322 672
322 805
322 607
323 616
323 427
323 28
324 472
324 474
324 698
326 425
326 123
326 291
327 682
327 295
329 598
330 93
331 274
331 685
331 598
332 672
332 801
332 395
333 118
333 172
333 686
333 337
333 214
333 30
334 756
337 258
338 228
338 765
339 340
340 120
340 413
341 179
341 53
342 505
343 688
343 205
346 390
347 552
347 523
348 418
349 501
350 537
351 208
351 588
352 140
352 229
353 478
354 256
358 449
358 611
358 712
358 366
358 531
358 115
359 724
359 301
361 490
362 824
362 252
362 70
363 675
363 604
365 200
366 42
366 38
367 827
367 438
368 136
368 824
369 533
370 720
370 600
370 386
371 357
372 199
374 742
375 161
376 200
376 618
377 564
378 598
379 312
379 89
379 763
380 313
380 554
381 572
382 696
383 190
383 159
384 721
385 24
385 802
385 332
385 757
385 119
386 723
386 493
387 648
388 455
389 828
389 422
389 679
390 283
390 534
390 286
390 117
390 806
391 178
391 14
392 31
392 347
392 283
392 487
393 797
394 611
396 695
397 433
397 795
397 221
397 222
398 426
399 528
399 570
401 677
401 167
403 456
405 502
406 221
408 196
408 695
409 187
409 660
410 224
410 709
411 184
411 114
411 677
411 462
411 743
413 656
414 440
414 1
414 314
414 348
414 573
415 648
415 169
416 654
418 408
419 62
419 598
420 152
420 415
421 362
423 656
423 264
424 365
425 155
426 629
427 214
427 526
428 27
430 107
432 565
434 26
436 437
437 9
440 242
441 829
442 577
444 256
444 422
444 596
444 470
444 440
444 670
445 185
445 674
446 618
446 627
446 607
447 12
448 233
448 163
448 382
451 464
451 443
452 745
453 39
454 761
454 191
455 499
456 490
456 270
457 473
457 658
458 112
458 545
459 483
460 632
460 408
463 161
464 665
464 453
464 301
464 783
466 653
466 478
467 201
468 66
468 140
469 102
470 715
470 335
472 481
476 803
477 62
477 759
479 512
479 425
479 114
480 266
480 315
480 802
483 393
483 316
485 755
487 4
487 669
488 779
488 732
489 254
490 417
490 724
490 77
490 631
491 36
491 127
492 88
493 781
494 519
495 8
495 665
495 28
496 432
497 269
498 708
499 535
501 745
501 170
501 373
502 162
502 477
503 90
503 171
503 122
504 80
504 482
505 11
505 629
507 386
509 233
509 491
511 708
512 171
512 615
513 104
513 514
514 577
517 280
517 548
517 508
517 15
519 162
519 131
519 50
520 624
520 95
521 384
524 203
525 569
525 359
525 297
527 418
528 738
528 12
528 334
529 584
530 555
531 657
531 731
531 357
532 210
532 802
533 528
533 633
533 48
534 363
534 435
534 85
534 807
535 235
536 632
536 793
536 460
536 581
536 431
537 513
537 260
537 447
538 354
539 304
540 680
541 245
541 343
542 688
542 643
545 334
546 608
547 332
548 236
550 759
551 17
553 73
556 2
556 547
556 707
558 351
559 205
560 800
560 347
560 148
560 109
560 215
561 618
562 163
562 68
563 34
563 134
565 481
565 586
566 586
567 686
568 720
569 768
569 577
569 298
569 495
570 339
572 491
572 716
573 490
574 76
574 61
576 402
577 641
577 52
577 757
577 542
578 189
578 430
579 128
579 764
579 22
580 209
581 713
582 482
583 354
583 188
584 283
584 7
585 220
586 597
587 96
587 33
587 121
587 717
587 525
588 238
590 419
590 44
591 304
591 713
591 139
591 748
593 635
593 357
595 608
596 417
597 561
597 37
597 77
598 537
598 323
599 257
599 651
599 660
600 450
600 396
600 254
602 1
602 566
604 388
604 349
605 35
605 508
605 807
606 251
606 702
607 156
607 690
607 403
607 284
607 433
608 9
609 704
609 755
610 185
611 401
612 240
612 152
613 669
614 387
614 437
615 330
615 83
616 325
618 430
619 686
619 230
621 233
621 795
621 284
622 486
622 711
623 328
623 383
624 568
624 358
624 142
628 614
630 694
631 624
632 757
633 424
633 138
634 317
635 340
635 294
636 217
637 719
639 272
639 149
640 141
641 367
642 596
642 324
642 226
642 340
643 617
645 800
645 78
646 403
646 28
647 777
647 186
647 387
647 710
648 624
648 601
649 394
649 415
650 812
651 553
653 465
653 745
653 317
653 253
654 424
656 670
657 305
658 341
659 289
659 381
660 136
660 89
660 154
660 596
662 36
662 478
663 583
665 597
668 184
669 363
669 662
670 603
670 79
671 512
671 684
672 528
673 452
673 662
674 60
674 263
675 305
676 406
677 354
679 344
679 193
680 162
680 683
680 791
681 1
681 202
682 381
683 444
684 23
685 543
686 805
688 557
688 422
689 575
690 82
690 59
690 395
690 374
691 187
691 692
692 259
692 612
694 405
694 38
696 518
696 687
701 224
702 363
702 229
703 287
705 496
707 272
707 186
707 18
708 66
708 198
708 223
709 830
710 165
711 144
712 136
716 274
717 512
717 369
718 426
719 38
721 718
722 282
722 755
722 639
723 784
723 108
723 229
724 497
724 827
725 117
726 320
726 495
726 511
726 655
727 136
727 138
728 147
729 593
732 680
732 74
732 213
733 601
733 706
734 779
734 823
735 263
736 661
739 67
742 412
742 92
742 165
742 158
743 616
745 512
745 153
746 785
746 651
747 258
747 482
748 590
749 691
751 505
752 34
752 51
753 830
754 832
754 706
755 671
755 751
756 283
757 65
757 391
758 217
758 831
759 67
760 370
760 252
760 37
761 793
762 316
762 285
762 807
763 304
764 705
764 333
764 38
765 563
766 476
766 669
766 142
767 146
768 370
768 407
770 545
772 678
772 167
772 431
772 16
772 153
772 447
773 622
774 400
774 697
774 515
774 733
774 199
776 189
779 306
779 151
780 168
781 129
781 610
781 324
782 56
782 337
783 804
784 711
785 648
785 153
785 538
785 83
785 333
787 120
788 202
788 566
789 381
790 84
790 269
791 696
791 574
792 360
792 769
793 774
793 183
794 563
795 197
795 751
796 562
796 572
796 661
797 8
797 656
797 670
798 641
798 131
798 205
798 62
800 594
800 76
801 352
801 268
801 100
802 88
803 290
803 340
804 313
804 90
804 466
805 174
806 440
807 680
807 85
808 608
808 661
808 606
808 607
809 751
811 35
811 285
813 561
814 3
814 605
815 674
815 359
816 33
817 784
817 320
817 325
818 313
818 595
819 44
819 582
819 95
820 656
820 763
820 76
820 294
821 354
821 173
822 529
823 481
825 420
825 254
827 231
827 127
828 272
829 294
830 203
830 502
831 328
831 190
831 335
832 188
833 70
833 678

886 1099
1 399
2 747
4 237
5 467
5 437
7 797
8 381
10 361
10 596
11 459
12 416
14 746
15 556
15 284
15 255
18 52
18 374
19 42
21 251
21 366
22 491
23 859
24 420
24 767
24 399
24 741
24 47
26 172
27 154
27 662
28 667
28 487
28 727
29 693
30 400
30 751
31 249
31 502
32 209
33 84
34 779
36 198
36 679
37 443
38 157
39 875
39 158
39 862
39 422
40 220
43 246
44 592
44 251
44 731
45 58
46 829
46 447
48 217
51 753
51 19
51 364
51 793
52 67
54 362
55 784
55 489
56 787
56 748
56 179
56 596
57 816
57 606
57 839
58 374
59 178
61 740
62 541
64 837
64 54
64 383
65 66
65 586
65 301
66 311
67 139
67 387
68 290
69 619
69 453
70 484
73 578
73 138
75 332
77 423
78 544
78 524
78 261
78 382
79 163
79 326
79 847
80 618
81 402
83 770
84 437
85 32
85 441
87 812
88 805
89 90
89 831
90 193
90 675
92 824
93 529
93 402
95 445
97 870
98 203
98 621
99 844
99 587
99 443
99 724
99 577
100 502
100 190
101 344
101 708
101 775
102 317
103 141
103 270
104 514
105 395
105 79
106 536
107 228
108 555
108 427
111 223
112 530
113 481
114 569
115 256
116 590
118 454
120 248
120 249
121 36
123 530
123 179
123 498
123 205
124 884
124 391
125 321
128 17
128 85
128 725
129 137
132 685
133 773
133 534
136 771
138 195
139 414
139 423
140 599
141 682
143 166
145 571
145 508
145 726
145 630
147 114
147 516
147 221
149 758
150 209
150 170
150 446
151 849
151 474
151 6
153 824
153 394
156 149
158 24
158 267
158 171
158 715
159 151
160 353
160 622
160 535
161 151
164 237
165 446
166 562
167 357
168 273
168 233
169 790
173 328
173 62
176 506
176 516
177 569
177 689
177 191
178 842
178 172
179 222
180 145
180 609
181 75
181 613
182 327
184 616
185 296
185 771
187 96
187 773
187 495
188 776
188 406
189 330
190 339
191 682
192 360
192 450
193 708
195 522
195 412
196 497
197 729
197 428
197 806
198 596
199 425
199 66
199 221
200 209
200 157
200 526
201 230
204 149
204 654
205 106
205 676
206 830
207 652
207 61
208 346
209 517
210 33
210 363
210 461
212 425
213 833
214 28
214 564
215 256
216 813
216 661
216 63
217 161
218 504
219 208
220 25
221 579
221 397
224 593
225 251
225 501
226 287
227 624
227 294
227 183
228 656
228 105
228 570
229 153
229 477
231 317
231 110
232 329
233 348
233 802
233 179
233 540
233 54
234 181
235 274
236 57
237 578
239 439
240 640
240 464
241 226
242 3
242 590
243 14
244 402
245 420
245 45
245 494
245 431
246 639
247 527
250 450
250 852
253 480
253 741
253 406
253 581
254 34
254 284
255 698
255 613
256 155
256 119
257 291
258 656
258 433
260 369
260 69
260 143
261 249
261 85
261 103
262 880
264 440
264 52
264 573
264 189
266 468
266 719
267 880
267 851
269 169
270 272
270 847
270 287
271 654
272 617
272 314
272 503
273 695
274 177
274 567
276 356
277 413
278 237
279 781
280 120
282 484
282 871
284 728
284 824
285 699
285 36
286 876
287 733
288 721
288 77
289 477
291 521
291 794
292 601
293 737
293 878
293 550
293 358
294 217
295 521
295 684
295 686
295 702
296 518
297 514
298 799
300 161
300 171
302 221
304 247
305 128
305 17
305 240
305 792
306 806
307 778
308 329
308 26
308 660
308 341
308 281
309 760
309 745
310 635
310 267
311 656
313 726
315 605
315 575
316 392
316 600
316 803
320 477
320 446
322 232
322 82
323 642
325 706
326 352
326 45
327 654
328 882
329 834
330 770
330 269
331 566
332 681
332 90
333 91
335 408
335 653
335 525
337 384
337 125
338 723
339 563
340 64
340 534
341 152
342 284
342 126
343 552
346 46
346 654
349 512
349 403
350 855
351 174
352 266
352 348
352 638
353 569
353 148
353 441
354 611
354 423
355 20
356 178
357 747
357 605
357 333
359 158
360 112
360 833
360 148
362 216
362 815
363 215
365 483
365 430
368 4
369 531
369 405
369 325
371 648
371 538
371 428
371 677
372 96
373 496
375 274
375 60
376 823
378 510
379 287
382 242
383 672
383 1
384 874
385 240
386 306
386 291
388 760
388 411
388 421
388 773
389 56
389 675
390 675
391 573
392 784
393 657
393 662
393 625
394 873
394 502
394 855
396 49
396 83
398 556
398 716
398 750
399 770
399 844
400 484
400 133
402 409
403 713
403 21
403 209
405 784
405 638
406 681
406 166
407 863
410 459
411 195
412 89
414 347
414 163
414 503
414 854
414 663
415 396
416 83
416 271
417 688
417 482
417 739
417 799
419 8
419 857
419 514
421 101
422 860
423 489
423 183
424 360
424 507
425 833
428 74
428 542
428 447
429 714
430 793
430 490
430 646
431 334
431 375
433 353
433 660
434 502
435 658
435 444
436 125
437 479
439 765
441 18
441 44
443 338
443 788
446 821
446 223
447 325
447 854
447 437
448 800
448 849
451 180
452 106
453 299
453 213
456 64
457 184
458 368
460 279
461 125
461 183
462 733
462 783
463 682
463 540
464 729
464 454
465 344
465 865
465 79
466 640
471 770
472 632
473 85
474 716
474 543
475 120
475 635
475 292
476 337
476 711
476 161
477 11
478 301
479 107
479 77
480 363
480 383
480 691
480 95
481 644
482 845
484 590
485 432
485 529
485 586
486 251
487 8
487 321
487 76
487 776
488 613
489 448
489 163
489 747
491 816
492 776
493 859
493 542
494 506
495 408
496 483
500 496
500 89
500 810
500 83
502 251
502 669
503 424
503 505
505 773
506 102
508 494
508 183
509 457
510 566
510 678
511 692
512 372
512 375
513 716
514 349
514 22
520 287
521 554
522 192
522 503
524 49
525 337
525 823
527 824
528 534
529 778
532 65
532 446
534 411
534 804
534 139
535 32
536 321
536 451
536 885
536 47
537 83
538 91
541 827
541 211
542 13
542 821
542 647
543 37
544 328
544 235
545 709
546 857
546 114
546 709
549 218
550 432
551 736
553 671
554 632
554 397
555 417
555 766
556 751
557 97
557 651
557 614
558 331
558 275
559 578
559 51
559 446
560 697
560 481
561 501
562 617
562 546
563 209
564 24
564 751
564 767
565 318
565 854
566 255
567 817
569 609
569 118
569 641
570 554
570 5
571 720
571 501
572 787
573 108
573 532
574 156
575 464
575 96
575 278
575 247
576 822
578 473
578 438
579 120
579 364
580 374
582 435
582 309
583 539
584 792
584 103
585 276
585 365
586 456
587 860
588 520
588 305
589 703
589 263
593 720
594 510
594 191
595 170
595 108
595 662
596 594
598 319
599 212
599 93
600 729
601 611
601 579
601 79
602 592
603 350
605 692
607 394
608 644
608 382
609 274
609 614
612 507
613 746
614 800
614 271
616 861
616 231
617 542
618 840
618 876
619 55
620 59
620 783
621 71
622 480
622 153
623 155
623 254
623 863
626 820
627 860
627 750
628 123
628 323
629 353
631 872
633 577
633 868
634 214
635 465
635 334
636 210
636 726
637 727
639 780
639 118
641 356
642 354
642 52
643 769
644 90
644 204
645 275
646 174
649 667
650 284
651 829
655 314
655 602
655 678
655 399
656 720
656 500
657 310
658 155
659 224
661 881
664 326
665 696
665 787
665 485
666 328
666 153
667 446
668 667
669 675
670 6
670 527
671 91
672 90
674 17
676 40
676 562
676 132
678 372
679 738
680 554
681 565
682 341
682 494
684 339
684 694
685 636
685 279
686 144
686 597
687 102
688 69
689 710
690 733
690 695
691 687
692 661
693 668
695 220
696 501
697 216
697 706
697 434
697 718
697 351
698 577
699 40
699 344
699 612
701 419
702 312
703 809
705 138
708 538
709 448
711 112
711 881
711 781
711 678
712 562
712 567
713 553
714 881
714 18
714 379
715 808
716 180
717 800
717 227
719 348
720 731
721 567
721 39
722 519
723 399
724 651
724 295
725 35
726 702
726 119
727 815
728 25
728 876
729 290
730 82
730 445
731 867
734 666
734 811
734 871
735 422
737 494
740 116
741 834
741 661
741 95
742 270
744 516
745 620
746 650
749 288
751 825
751 117
752 339
753 481
753 863
753 801
754 176
754 489
754 512
755 861
756 389
756 406
757 249
758 456
761 393
761 770
761 397
761 605
762 827
762 859
762 589
762 343
763 465
763 422
765 736
767 658
768 713
768 828
769 320
769 101
771 111
772 740
773 409
774 536
774 760
775 739
775 693
777 668
777 349
777 759
778 318
778 7
779 809
779 885
779 271
783 871
784 387
785 180
785 671
787 568
788 581
789 869
790 876
791 756
792 713
793 83
793 301
794 45
794 167
795 591
796 184
799 352
799 740
799 101
801 884
802 467
803 34
804 882
804 789
805 315
805 655
807 7
808 337
809 445
810 856
810 877
812 532
813 560
815 812
815 90
815 684
817 636
817 62
817 238
817 781
819 432
819 431
821 427
821 806
821 159
822 704
822 417
822 604
823 696
823 778
823 90
825 125
826 774
826 823
828 867
828 717
831 298
832 543
833 720
834 400
834 25
835 64
835 572
835 292
836 42
840 686
841 481
842 511
843 800
844 289
844 373
845 377
845 98
845 165
846 848
847 345
847 326
851 688
851 413
851 782
851 686
854 516
854 797
856 749
859 658
861 2
862 803
864 509
864 86
865 844
867 811
867 247
868 549
869 719
870 882
872 151
872 550
872 543
873 709
875 529
875 388
876 723
877 568
877 841
877 867
877 703
878 580
879 271
879 307
879 654
879 599
880 709
882 848
883 857
883 586
883 125
884 838
884 239
885 545
886 568
886 432
