9518 27092
1160 5261 -686
5895 6780 -340
3241 3867 494
8579 1186 632
2388 1062 583
7974 1616 -996
7073 8582 -419
7480 3653 -727
4288 2528 551
4096 2074 -897
6344 2601 413
4817 7675 606
3861 8091 264
5026 3747 -374
2405 1539 -850
6100 5557 -412
4584 5564 -37
401 5913 -481
6535 6037 -316
7674 9385 -300
6705 5452 -384
3572 1471 130
7621 3337 -218
9515 7469 -778
738 4199 609
6161 1352 463
5180 5642 -102
8003 8947 993
9138 7922 764
5237 4788 -882
6983 3166 589
5098 1768 864
6758 2784 -684
5821 6361 389
9179 2030 -103
3191 684 -919
7186 9394 -466
9225 2160 826
751 451 -989
9411 5157 -918
4126 6405 -345
200 4691 -53
5295 1140 789
5726 4260 972
5977 202 645
1573 2302 529
9433 6927 -930
1683 846 884
3 6904 -947
8227 792 162
1564 5780 -708
328 4255 286
8610 6276 -502
4376 2691 -945
4064 296 922
4449 2800 -491
314 2803 -302
2250 3205 -395
2635 1883 -30
1830 2236 -302
7599 6581 970
4389 3236 -895
1406 9473 -803
7109 9492 420
3852 2108 -282
2371 7891 582
4854 7184 -914
4951 9291 832
1311 658 -868
1385 2428 272
5293 8220 -899
5089 4730 -89
6969 1585 -774
4833 1506 -374
1532 2806 777
3088 8727 -432
8186 4183 344
176 2707 33
3269 5809 236
7634 3812 1
1332 3172 587
7550 723 331
6419 1763 -108
5642 1677 -618
3641 2003 -172
5536 2598 -591
8636 5288 681
3045 1246 784
4953 4863 820
7360 7332 -851
1326 1028 -104
7276 8215 -312
136 2005 990
3200 2439 -343
2459 4343 456
7825 7793 458
1994 8535 -19
1721 251 -891
909 3857 -637
1273 7445 -294
2647 1827 -112
2944 3566 750
3889 1483 428
1198 3212 120
2345 3481 297
946 6891 739
668 1134 -576
6513 6877 -150
3995 1690 143
7933 1393 -249
9514 900 -265
6776 5934 335
1288 6776 -770
4975 8828 38
3083 6345 -390
7697 7295 601
1022 9352 893
4424 4907 145
7570 5975 184
2275 9322 793
8895 4673 763
4495 5286 253
5252 1382 -306
3796 6242 -42
7406 8965 -855
9232 9370 615
209 1505 -843
2614 3331 887
8886 152 -15
201 5643 690
6923 4991 -337
9254 4806 -451
5372 4762 933
2694 3304 4
1074 4548 154
7613 7969 187
2504 9355 951
8057 4125 -167
2118 3477 321
7903 688 326
6638 7203 99
8726 404 966
9403 2157 -271
8774 5468 -693
5983 6263 640
8178 5861 956
3521 2767 907
2561 6547 -920
1162 7079 582
6277 4962 761
4575 8138 -475
3752 9410 -125
247 7680 -321
3742 7574 420
6159 6939 -452
4027 7566 -338
9120 7656 608
568 2215 -1
5402 7028 323
7780 8952 674
4625 2288 -73
4306 4573 988
5507 7920 703
7470 4709 -687
7495 1361 -786
1239 8443 136
2536 5672 949
3640 7161 66
6562 5500 -790
6879 75 119
4386 2838 150
3040 7105 -505
2296 5984 -510
2863 3939 661
3632 8840 -253
1195 5327 649
6137 589 -126
7387 1782 643
5743 8819 -721
437 1754 -499
5612 2218 942
4096 2877 -702
1750 1906 730
6168 4451 538
4537 4983 -274
4218 8298 575
2235 343 -25
7153 5504 331
5237 6943 -479
6972 1646 378
2155 4323 727
4314 7326 907
63 604 -101
7590 9321 340
1712 832 -549
5740 6597 514
2276 1751 207
8115 3351 721
1785 7158 -774
6345 1778 422
7614 7008 -808
5878 4443 543
5221 2656 -186
3271 976 -974
1342 1319 929
1408 3722 -569
7778 5296 -805
4981 9253 323
808 4171 619
7976 8634 332
4693 7815 -647
8656 4006 173
6846 4826 -546
3395 6179 459
8806 5764 -784
2972 4253 295
6059 7742 749
7012 8076 240
3042 145 -170
7857 5369 805
2890 4183 283
7387 8308 -50
2030 851 -564
614 8535 543
1281 7841 -984
913 4030 -580
6708 5458 385
2687 18 -482
468 5309 -984
5134 4672 539
5272 2740 -611
6212 275 -695
788 282 169
3423 7300 251
4547 6161 -131
3126 8837 -695
18 8025 691
898 173 834
3074 9185 -359
9297 5871 338
2377 3584 743
8211 535 -259
7593 7962 286
9056 6903 400
3049 1353 -516
46 2748 -41
182 973 336
4309 7624 986
5741 1258 365
1492 9360 484
7249 1780 687
4105 6388 -514
7836 6114 -880
9299 6718 458
8881 7461 260
9357 2749 -191
7455 7972 888
1625 6907 -344
8302 1403 -395
8621 6991 459
4200 5598 -522
3119 6850 -401
8720 5030 735
7771 8625 121
8920 3594 575
2161 1105 811
4268 723 920
3172 7294 -245
3126 532 -824
3483 5673 365
193 2087 -795
3833 4720 897
525 4623 -123
6396 4035 406
6803 1927 419
2933 3774 577
8446 3256 682
7239 445 599
4844 1331 234
7547 140 -927
7393 7018 -160
7997 5072 -215
7529 2700 -424
7245 7327 -355
7247 5334 605
352 9122 839
7930 6142 740
1853 4945 -996
9195 3203 31
8233 7043 -782
7773 7138 312
6614 7151 381
5962 8468 -785
4442 6463 558
6270 3105 -480
6754 2314 -684
1820 7063 -830
8156 8578 462
9133 4860 234
7915 3649 705
4099 3638 -652
4435 6669 -926
1258 5292 -705
6217 3229 -624
6857 5242 -765
2283 4406 279
6411 5449 295
3967 8871 570
5427 2808 -715
6722 2402 377
8250 4717 925
897 7805 -997
4926 7656 -123
491 5852 -969
9282 431 -967
1002 1782 -264
5024 4397 -539
5494 1973 -156
5210 1447 232
3797 1904 671
6782 8514 -50
1367 923 200
2428 4287 418
1754 1281 -223
1474 3799 -87
356 1794 -253
7052 5664 -129
6354 6105 760
8951 6863 105
307 1114 -347
3676 1240 -955
7390 3342 -810
9056 5581 -438
644 1124 -918
4361 3282 -269
1379 4091 107
51 7798 488
4423 5286 569
7230 6760 431
8756 546 751
6404 4796 -512
267 9418 -32
9175 1064 68
347 5748 210
9003 78 860
2152 5917 683
1744 2585 634
1619 3724 -105
6063 8204 -922
5286 8442 345
8009 1812 91
979 2522 547
3278 5606 367
9488 881 289
4045 9103 620
3919 4563 -735
3197 4675 350
920 3286 99
7334 2806 998
6532 4592 561
1028 2463 611
7273 471 -253
2921 3266 38
7280 6582 -414
7595 5207 198
8242 3502 131
66 2537 956
9189 183 781
1899 553 -122
3052 1511 678
3193 5114 160
1370 4000 -677
7830 7780 -919
813 2108 -688
7332 1991 -624
4077 5225 -357
6455 7832 796
4999 5427 671
7716 6268 -146
3921 4288 180
7017 4775 -623
9421 4808 774
7389 6550 -691
618 404 -219
546 8439 -904
5790 913 -472
6423 7321 -484
7748 3597 479
496 9302 312
5315 5345 172
8228 3326 -840
2565 8249 -846
8644 1965 974
145 5710 788
3237 6059 -52
5959 7809 -847
9113 823 -185
739 7807 -849
8454 4965 -561
8507 4839 517
8934 6916 -62
5275 3657 -476
5397 16 -938
3700 291 -79
8609 7396 943
7933 7197 769
1697 1790 30
7885 3141 9
2345 8902 860
5034 2373 512
3993 4852 319
905 8799 -850
2205 3861 -520
954 1593 561
6936 6249 693
1853 3487 -394
4616 7818 647
9122 2833 -405
8956 3990 -172
5832 1720 533
382 4329 443
1514 8896 -532
7313 6 290
5879 3527 -804
6453 6133 39
9274 1404 -264
2599 3980 -147
4455 8700 816
3639 6691 490
8004 5683 412
3310 6496 631
5314 6793 -902
571 5247 980
7881 5535 831
1784 4496 237
2452 4877 -846
4939 8849 662
5443 5890 922
2721 382 -611
7630 4791 -628
6906 2894 -692
4426 2898 186
5844 2963 -454
8911 33 384
7985 1892 -639
5431 5389 -284
3208 4344 -306
4056 1589 640
5159 1855 515
8770 3769 72
5815 6114 973
5910 3195 948
5567 7442 -259
5421 8448 87
963 9390 -972
2047 6012 -722
2812 2021 -363
2777 9517 -49
7098 438 -56
6719 3865 -449
727 8917 475
544 6911 -235
7170 6799 -298
2940 8854 -853
7494 7964 -800
29 4043 -119
2319 2298 174
1125 7117 -492
243 3980 314
4620 7138 225
5323 3612 40
1938 9240 -353
1067 5384 417
6000 1148 52
3965 1729 236
2205 6022 -348
4989 2038 962
6467 3848 656
4543 9248 889
3321 3048 771
3917 2905 -288
9197 4983 929
4858 2206 -336
9482 3556 356
9124 1649 136
7056 8168 -921
4298 6155 -136
7497 5762 -245
681 502 372
7467 5777 -925
2633 5008 -292
2651 5188 580
9296 2451 -644
3791 873 307
5403 536 -76
5163 1021 -367
1079 5591 321
763 6219 -18
8683 171 -571
7793 8064 -271
7551 2894 -931
3612 4026 -963
3540 3057 230
4052 7741 -998
170 2263 -705
8456 2956 360
6284 1244 277
8001 4482 199
623 5303 -187
8723 4793 -164
3904 4338 699
29 2430 41
897 6144 -23
1714 7331 -8
661 6936 -841
6594 7869 -474
7116 9008 -928
6467 2071 514
6274 1147 462
1293 4274 164
2210 8137 580
5430 3021 -376
8660 8688 -640
2879 8667 149
827 807 290
2860 1797 734
7185 2274 966
55 4781 83
9135 2408 -518
2411 8951 -58
9441 4184 48
694 5035 702
2595 2650 -843
2240 5727 490
3322 7675 -478
6419 5333 830
8551 7290 546
5189 7874 -703
9321 7235 189
8344 522 -802
5313 4210 -419
7484 2183 261
587 6542 886
651 385 -235
4442 5616 -788
3632 3973 76
8492 5785 410
2249 3842 -758
976 3947 508
7935 5930 -431
8142 8268 948
7603 8079 -534
1056 4510 -751
8603 2763 -435
9121 7473 -24
5627 32 -574
4792 2833 456
4230 2199 687
1361 9429 -949
6430 1664 108
598 3766 -263
6447 6589 436
8335 8159 -760
8123 9070 -25
3928 2809 -565
4192 2015 878
1421 9348 -313
3115 5173 -193
581 6753 992
5442 4734 -20
5368 2896 273
8300 1345 874
9433 4540 -833
13 9209 74
2803 6234 -505
7997 2460 -208
1079 4444 782
2632 279 727
6510 671 -505
5021 5679 -180
2517 3178 678
2446 1254 972
448 7747 -329
8060 1235 -921
6530 7889 -341
5624 2989 626
4961 5910 650
6103 7734 994
3484 3644 747
7367 4095 310
734 3254 -173
2842 9468 403
1582 327 -420
7744 809 -177
3949 6175 -484
5809 333 -677
6245 1344 928
9313 5359 -146
3959 6589 -182
1046 2580 175
690 4999 654
9234 847 -632
6286 707 -38
4508 7132 39
5226 5763 747
3313 5074 222
6486 9014 -146
6661 7918 -726
7704 6010 795
9497 5172 -303
4045 2295 747
3349 6445 792
4135 8121 -821
3919 2274 433
1507 7786 596
5657 4349 681
1933 7774 395
2201 770 -350
2308 4962 204
1564 9144 67
6472 8512 -824
8731 1979 139
2908 4671 863
1773 6857 -368
8973 4330 379
5253 422 109
1866 1082 -513
8319 5806 -936
1112 3729 -762
102 7683 53
1087 5584 -673
2752 7676 150
7684 3235 10
7269 4812 -324
9179 6109 -57
4755 7003 136
7094 4434 -749
6780 7473 782
8365 3230 147
1335 5748 -865
2396 9300 269
3579 4467 494
6324 5227 864
3257 1286 -85
3835 7165 -943
8650 7641 -962
4596 8463 -796
6412 3992 -509
8284 2337 898
4300 5621 -978
2232 7686 199
8708 5503 -560
8145 4448 357
3169 6660 504
1432 4675 911
3263 5617 180
5779 6916 -424
5577 1823 417
6572 2231 -565
1744 2309 -685
2148 4812 -303
1011 1199 -327
7135 4945 388
794 7097 -559
5222 4436 -563
3527 522 -763
3446 6826 -75
5486 4571 888
5551 6780 838
182 8855 -823
5480 2648 -214
2807 74 -830
6456 7890 -207
4604 8365 -818
8038 4493 -182
3739 7849 -71
4750 6323 -371
3547 9317 942
4665 9346 746
3451 2552 13
2930 5728 817
3064 5576 -552
4811 4199 -163
5352 1169 -723
9515 5781 -837
62 3495 -711
7365 3594 519
562 7763 -510
4808 2926 737
2170 4138 737
6455 5004 -620
6643 6123 -676
2138 8429 -124
8020 3084 956
9060 8814 921
1701 2197 132
7786 7078 578
481 3774 758
5127 7761 542
5764 436 -164
2287 7943 602
869 5850 -382
9282 6637 782
5435 4859 -837
670 4123 405
8589 8930 -354
5797 6 679
6881 5749 816
4504 2422 750
5104 1143 231
3788 6675 -992
6101 400 48
787 7431 753
2521 1802 829
141 7212 -962
6902 2108 452
4409 4588 966
728 2802 700
1382 7180 462
4753 5117 268
659 2451 467
5948 4179 -653
4552 7107 737
7531 3247 -834
7163 2436 508
9039 936 640
80 1496 462
3149 2566 64
4119 3241 524
3428 8954 -144
6402 5670 -67
4740 7855 -693
40 3387 -254
6058 2617 -747
5381 2524 608
7944 6133 549
5640 2912 887
2584 3378 -670
9440 6953 646
7671 3447 562
1994 8154 616
2465 5850 -621
3228 6026 648
593 2610 -223
4901 1703 216
9465 8025 -508
2871 7690 -572
1276 5599 -66
9122 2754 32
9076 6608 641
7742 2928 328
2892 5660 -957
5419 5566 -663
4616 7370 -33
8557 935 848
3983 3110 -840
1958 4328 241
9340 6206 -929
6209 1889 340
2201 4392 168
8937 7763 -977
454 1741 264
2920 371 755
1963 9306 490
2488 304 -584
6492 8276 441
1896 4646 -150
9128 8530 -430
5288 2622 998
569 5616 -601
7888 7922 -640
6940 8964 -624
8893 5977 123
316 4071 -913
7307 1433 -221
23 9349 970
7329 7737 -258
2147 8672 123
3422 3238 74
9365 4302 4
7017 3266 -751
3605 9243 586
1466 8990 588
7587 8319 2
6824 5669 -998
7048 5388 -57
2542 2171 -308
6977 2753 -283
2414 1815 483
8651 6007 -29
8704 215 920
5862 6600 -923
6896 3898 972
8000 1019 979
2659 9430 -231
8896 860 -799
8615 2341 320
2723 3503 -836
464 6708 627
4190 9438 51
9183 6665 -528
1669 884 316
2564 1340 338
4221 3797 99
8780 1852 -658
1875 3482 894
4420 6486 -870
8571 2164 765
7466 8396 539
1633 6253 685
3288 1101 -251
2553 6082 800
1159 4928 -426
6211 8701 534
1460 6265 5
4815 5831 -687
4009 1052 -215
8940 783 606
7325 7066 942
4736 1617 368
4723 111 832
1876 3086 -224
8947 8144 86
5749 2714 183
8739 2978 -439
2675 6377 546
4764 196 -838
883 285 455
7504 9446 -187
9487 4294 411
4997 1948 -395
3331 1756 40
7279 5504 822
693 1640 281
2903 7972 557
9051 961 -902
1242 5617 -707
9047 1723 722
7239 5845 -412
3073 6449 945
8875 3886 -307
7722 542 161
630 1959 729
2886 1500 -568
3477 3168 19
7013 316 -106
6341 3142 90
138 5694 228
9382 3071 308
9487 4033 452
6552 7069 38
543 6586 -79
23 8586 143
9498 8430 -417
7210 5589 -407
5790 4901 -230
7242 1417 -163
1655 700 -456
6698 3864 -531
6894 9466 -156
830 518 -423
8593 8197 -792
8795 2019 260
1686 7873 337
4776 4847 -136
6881 6171 100
9439 4326 -432
4716 9434 915
4313 7662 -28
1538 6077 141
1327 7629 689
7450 7702 229
8654 2970 -202
842 7446 619
7521 5035 465
7820 4845 78
5995 6090 455
4937 4668 683
3589 2086 985
6750 8464 -995
3628 3910 920
3742 441 -974
4590 1749 -483
8352 8648 -456
8516 9481 -478
8334 9423 416
4046 4968 106
3075 5488 982
3013 8058 812
3626 1307 354
2613 6999 902
9345 6672 592
2892 2792 -167
2487 4418 -507
7608 196 306
5976 8248 191
8296 2993 -786
1334 1323 -8
6955 9191 -599
6835 4050 -949
5422 6022 836
4764 7105 495
4027 6378 344
7287 1820 501
6393 6054 792
8181 4183 64
7910 529 311
3374 9359 725
4351 618 302
7261 116 -430
6111 1432 -888
5382 895 406
9130 3452 204
5882 1903 -158
3369 8724 -857
1273 7329 -996
7025 8160 814
4986 8985 -473
3709 8907 -813
5989 5115 542
9326 4050 -520
2764 8625 -929
2019 9386 -48
4048 8175 -597
5858 7200 -218
4969 7461 576
7821 9155 -700
8101 6469 -210
2849 4436 -464
8217 5699 -543
1294 3577 -369
5939 8296 -188
1450 8492 8
1824 7515 -682
7090 4011 266
514 4282 502
3186 2034 490
2968 7999 -195
3637 3648 -295
8763 7600 -963
3667 2806 -575
4931 5357 597
7131 3207 393
1374 6361 -488
7269 1828 933
7641 8990 -775
5087 6905 152
9170 3857 403
3592 2356 289
8293 8435 -508
326 1624 -577
874 28 -862
2511 703 -923
8210 7245 801
8743 8544 -316
742 2233 -615
1558 1857 156
4007 7248 314
5055 7920 764
7573 2966 -140
4648 5630 -893
3491 4705 732
3783 6283 819
1209 8703 -314
1422 649 -258
8057 6933 96
2201 5568 801
388 2997 -613
8531 962 967
4209 4639 -341
4619 6390 515
8849 76 -28
5599 6731 -575
6680 5746 -345
1191 6834 -56
6745 359 -557
2440 4586 945
7931 197 664
8715 2765 -21
5536 3855 73
1135 7753 790
228 7159 618
3870 8668 735
7829 5857 178
6501 7867 -182
255 1048 -220
6808 7508 350
7313 7914 -620
5337 8472 -577
3314 4577 -647
1368 7093 -123
5955 9092 -964
8287 1410 -768
4797 3724 857
3228 3853 -352
3019 5981 -129
1024 6551 429
147 1641 -239
8586 7209 -296
2135 7480 298
134 5325 -98
8491 5782 449
5571 4316 -688
286 6197 935
3309 5080 -514
8314 6481 445
2704 173 57
8516 5722 -124
2017 4945 471
4608 236 -634
2552 9168 627
8051 2236 -106
7442 2376 -172
8203 7417 43
7601 215 332
5166 2539 683
2251 2607 963
5423 8242 312
9129 1882 45
4033 2961 677
7749 1759 102
9054 3814 -882
8902 3636 -637
8474 2536 -795
141 1364 743
7719 7567 -975
2547 2983 466
3193 5675 70
1255 6564 -525
3786 5636 -746
1640 9013 -632
1119 8873 -968
4545 6961 -629
4511 1885 -203
8643 6423 -913
7722 8655 84
2681 948 405
1540 5406 -255
6715 6554 -859
3505 7594 -802
4641 4919 -157
3321 7935 290
5326 2200 -258
1856 8501 -395
6161 2059 755
3767 257 644
4413 220 -657
7931 2819 -310
1180 5519 -141
7331 7365 984
8460 837 -907
5558 7383 -665
2872 1521 48
8405 8478 -895
4629 7980 -736
7070 7615 820
3988 759 -931
8242 875 362
7247 7933 -352
2625 9226 -82
1116 1337 -623
144 5208 204
540 3812 269
5175 4677 -959
6422 5764 467
1227 2086 -483
8916 2290 689
8929 8743 2
7216 2593 754
4864 176 24
1396 6240 -351
2768 5890 419
6194 5940 673
2195 4800 -499
6292 1209 -326
6842 473 582
5988 1690 674
4542 6623 440
1476 4417 318
8110 1524 626
1095 9065 -219
2169 9448 -274
3317 6576 723
3643 9348 -54
4782 3444 -408
1986 9243 479
8967 254 -452
9409 7854 -975
3731 6742 263
827 6199 -811
1604 3531 904
4059 2905 84
4699 2351 320
7897 9111 -460
4054 459 835
5808 3974 -948
1020 6145 -156
6919 3171 -80
7789 2402 -779
7980 7872 -674
6316 7352 115
1255 9322 341
3025 1890 807
2563 1791 -906
6475 9138 -419
7159 2074 -1000
3646 5901 -709
1429 668 892
4902 8186 591
8158 906 -631
1392 6418 -621
2741 1050 711
529 1817 -49
1499 1555 -520
9078 5184 913
5265 4410 -305
7480 7932 -81
5989 6421 -847
3176 2316 -436
6100 6438 866
7831 1119 -928
7616 3619 899
3272 691 268
2081 5291 -797
9449 7700 -610
5879 5813 717
927 5446 233
1487 8351 404
8083 1220 -426
2680 3448 107
6085 7372 452
4249 4125 -792
4406 5825 -207
8265 7387 -887
5201 7090 258
1340 4538 243
6293 708 571
5858 1207 -90
3386 6881 412
4255 1280 709
6187 8468 883
7939 1738 -393
5266 6799 -167
4864 5508 363
9134 1541 492
2369 1238 -376
4552 8884 33
7245 6294 655
1994 3412 205
3786 9053 -432
5022 6812 -353
698 4682 -612
7489 5214 -110
7870 8289 -693
2033 7001 820
5305 8499 510
4925 1329 -395
724 7128 -394
4984 4856 275
3147 5858 -447
4568 3488 -513
4683 774 537
6542 9014 605
3508 7978 -155
1786 3325 844
3929 9263 738
4716 5212 -2
9368 9452 146
4709 2527 -853
5054 3705 -880
5627 6544 -441
3741 7680 580
3944 707 42
675 891 -588
5535 6697 719
5372 3673 -21
4573 8019 338
7007 1377 -938
4602 4892 228
1519 4019 421
5568 7443 -962
4213 7582 -303
4605 7041 973
9111 2289 780
25 937 807
3171 3096 455
6452 5184 -777
4606 3205 445
3354 9364 409
8305 2380 884
9274 1132 202
4714 3081 -234
8588 576 -339
1983 901 -881
2562 6705 493
6502 8208 230
3984 8779 -716
6612 8939 709
1234 1384 292
6015 9039 482
580 6921 -843
881 4112 470
7019 2996 -879
6645 5938 -467
2079 4041 663
6320 7629 -786
9350 2423 957
160 1491 883
4380 644 -304
1737 3756 -673
6594 5527 126
2631 8910 646
8720 6150 739
162 5016 384
1098 5685 846
8655 7345 994
3721 3534 -626
4343 9343 568
6282 583 -700
9133 2079 573
8664 2490 -409
8836 8267 -917
3166 6180 -775
9256 3244 -788
5961 4247 557
8899 3669 -122
7451 5810 -218
4679 6481 97
4521 5554 -963
5321 4676 381
6978 9211 234
2419 720 389
909 8244 368
3503 4090 687
8431 1463 -793
9309 3153 660
5429 7500 914
3843 5500 -121
9145 7951 -496
9243 6591 -442
837 3995 -749
8564 138 13
7172 4000 735
3786 5504 -796
488 7357 900
268 2239 655
3825 1984 -742
5343 8991 -550
6424 676 -152
915 1085 380
6163 7528 382
6261 9294 428
7368 6664 -864
973 5248 91
6712 6214 -899
6505 4228 911
1598 3441 875
7347 2299 -698
684 7606 -884
858 2315 643
4636 8711 -998
9368 1313 -281
3779 2877 -196
8785 2400 537
6113 8136 438
8976 2423 265
147 138 -897
6251 7062 885
7902 6915 21
3802 2958 667
6688 1867 392
6818 2663 253
307 7073 -531
6038 8224 425
9206 2483 -490
214 4104 740
9157 5013 -616
9119 3333 -569
8103 8935 -730
6078 1033 -788
4525 7969 -240
8119 7260 -428
107 3987 -640
1051 7786 176
8289 6364 -712
8676 208 28
2121 8673 -820
2469 8069 -141
1866 1287 617
4508 28 -385
2241 7349 35
2929 8567 -675
6209 6537 -707
5504 8725 -497
3728 6886 841
3595 3918 556
4283 1673 -452
4567 429 677
6176 8374 -656
273 498 -596
2621 9194 -650
7789 3097 460
5899 6757 -396
2974 3861 -640
73 369 806
3545 2908 854
3507 69 995
4644 4841 249
590 7269 59
6279 7473 9
4994 6579 411
3120 3346 -482
4014 2362 -188
1033 5226 882
4368 2984 -807
7416 5211 242
3139 9050 430
8151 7679 162
3942 2811 103
1066 4401 179
8089 4464 505
2131 8217 44
4749 1025 545
8572 3141 777
7597 486 -287
2532 1811 885
3798 9135 718
2208 663 -122
2673 8224 -907
8617 1877 796
460 6131 809
6030 3377 359
7443 6323 643
6866 4728 -174
122 6661 -61
5322 1889 857
8942 6098 804
5291 6094 -780
7569 5268 -745
2437 7160 874
4477 6751 391
5539 1346 87
6413 6679 965
3282 4900 -169
8519 7737 -36
4832 1020 -64
8151 5787 -45
8116 2308 -817
1357 6535 115
8245 5748 -544
4125 7739 922
4841 320 270
3130 3266 -653
8188 4354 -680
1123 5745 -394
7937 1933 -469
8597 4108 -923
8561 4497 -445
462 7097 217
1369 3246 -28
4279 2726 -36
1108 503 9
4903 3899 758
5351 8048 159
7384 8434 16
6892 7822 620
1025 4142 111
4083 4071 -723
8165 7035 -68
3658 2437 -137
6739 9403 -886
8562 4531 -26
8720 4335 377
7433 2662 -32
3668 4758 -516
8222 2158 -356
877 4717 -320
9287 9304 -21
3835 7473 245
5595 6508 12
1211 1563 -790
423 4323 997
8097 993 550
8461 7907 336
7067 4617 -881
356 9380 980
7942 2670 229
1173 7891 54
1294 1070 -616
1159 9392 -154
5324 5780 487
6459 3383 -983
1138 6391 -374
8869 278 -340
3282 3276 -373
8324 2659 461
85 9189 -685
865 4062 442
722 4577 -645
2556 9337 173
5233 90 294
3994 4782 -461
7912 2802 364
9068 4635 -895
6797 7890 794
6895 7847 197
3797 8514 429
2799 8627 169
316 9263 186
8513 3162 -970
4216 817 333
2150 5321 237
6839 7539 -585
1610 8568 381
7044 6325 212
3304 8814 -202
4963 1512 -326
6533 8258 -391
5060 1946 -28
6547 7557 -495
9034 9326 -953
339 3503 435
1631 1376 -292
4681 5497 758
4174 291 620
424 7262 -87
2432 2418 -775
6115 8310 -375
6536 6680 618
4566 3434 134
5596 2486 455
2726 5663 -46
3968 4341 345
3199 2921 753
8966 6376 911
2676 6258 -935
3243 8001 222
7072 2401 -216
5430 5063 -702
289 1773 591
4335 6992 -462
5826 5945 -62
8307 668 -521
6241 2952 754
1509 4149 -935
8119 371 -94
6246 6216 53
6233 4198 703
3605 7362 941
6304 987 535
3147 4627 -893
2672 3009 179
7452 4979 993
2400 5157 -514
6750 8708 112
1992 2526 301
4654 6114 -379
1093 4927 655
510 4516 -992
6917 4509 -279
6366 3577 -483
4859 7066 924
41 2259 3
482 5318 673
85 1971 302
8665 8889 -349
1238 208 361
2638 602 592
3716 7280 441
5020 4582 -478
2993 2886 -619
5463 5360 288
609 5899 998
1626 2193 -116
2126 6213 669
1842 3113 906
6746 95 331
1327 2246 346
6344 2982 -664
1397 2982 -213
3098 5171 -365
8721 5636 384
1848 1208 891
9064 6201 642
2706 7320 -221
8506 4327 -869
2114 4819 -633
1776 4203 805
4565 5246 -963
8308 1322 885
4372 6855 -407
5429 2298 738
3170 5485 -520
2545 8677 838
3299 7658 -823
6465 4254 767
7931 8421 -235
3717 1374 247
4374 1903 152
2384 4946 17
9341 5990 -473
1194 6546 872
8003 6433 -424
7677 7053 -372
8093 4680 -666
2417 7704 -866
6468 7355 -962
1549 5594 657
7420 2163 -581
7279 1058 85
6425 8889 -813
7591 9503 -399
2753 6915 -37
8415 3481 484
8566 1856 -748
6031 2676 -598
2818 5345 -950
3100 9118 265
1887 6043 742
7434 2546 146
7449 3647 -42
6720 4452 377
8585 3483 -146
5615 134 -382
5858 2716 379
4314 6814 561
228 2106 -25
9366 6457 308
8600 2786 899
3658 1390 -690
2051 4636 -517
3946 7152 -293
5144 5752 934
9287 8478 221
9025 6719 672
5482 3312 -427
2208 2937 983
3633 3197 372
2314 9102 844
9502 583 -419
4206 1635 175
1721 7218 269
1208 7833 -390
936 576 214
3731 3153 600
8745 8251 722
2693 4345 -434
5143 915 -729
5948 781 914
6695 3340 702
9353 1775 -707
3678 4049 155
2809 2120 596
8402 4022 -540
4414 5529 -164
8580 6005 -627
3291 9461 -2
4402 6334 76
1644 479 -440
1567 414 -425
6572 2096 -673
9166 584 485
858 7845 -209
3799 330 -580
8899 5725 -646
1029 7557 -491
1186 2918 565
6059 9240 393
4190 7098 844
7174 9178 -466
6364 2687 -649
8524 3062 -171
571 8463 -72
692 2291 148
3688 7306 -806
8527 1930 838
398 2052 -731
1994 5153 609
7247 3855 -198
174 9093 50
1887 8 -581
4000 8387 -944
765 6399 -121
1334 4196 896
5754 1444 869
2166 2157 369
6338 89 -342
838 5765 647
8040 7802 -152
6352 8406 -515
2997 2727 -355
2288 5833 -343
7007 2004 -477
5256 5317 396
7288 5147 -364
7563 6494 -253
7363 6850 -598
8061 4863 292
5139 383 -2
7700 5552 137
1550 5639 -139
6614 8033 647
5442 7287 -458
5543 9469 -153
2082 4103 -975
6198 4821 -636
3453 6355 -374
4919 4437 776
3308 4819 -441
4914 2517 -572
7577 9341 869
4106 1328 -79
6771 5236 57
5721 6331 -237
3481 6593 -824
3097 8805 878
4544 8770 5
9502 8508 992
5800 292 -515
55 4963 -792
9160 4170 588
4560 3695 -87
4963 8743 -591
4673 8873 -167
3817 2955 -392
8650 6935 724
3878 662 -928
3938 4080 602
8879 4334 39
4805 1832 -93
3985 4514 -652
3636 296 -838
5015 2410 -39
7322 2997 164
4593 9498 493
8889 4231 660
6424 4090 284
7650 6378 -843
6882 703 -865
3990 2136 854
8953 548 924
4820 7962 -44
6101 8061 599
5226 3519 443
1737 9345 69
5321 4581 488
2501 2833 -581
7189 4741 845
3111 9036 10
5341 1243 108
5102 2643 678
1943 2858 203
9036 1841 229
4367 6245 -826
43 4091 910
7282 5460 -817
3453 9423 -748
8574 3668 322
2618 3146 116
7483 7757 -872
417 3049 373
7639 7533 -867
3355 2389 386
8356 9237 -569
5247 9285 -230
3752 5844 32
7238 7925 -264
5068 2163 -788
339 8250 -555
1920 1226 -793
5955 9306 711
1206 1255 270
7013 3943 549
3548 2250 475
6979 4400 -710
1994 6333 -193
7856 1906 -313
8502 3253 -542
6008 9065 -537
6329 8014 331
5992 5347 -975
2361 1772 245
8266 9106 567
8260 6906 -727
1885 6557 -655
1321 530 -192
5777 616 -491
656 4452 -251
3481 7804 906
4395 5033 679
176 540 14
2246 8194 837
8252 2393 20
6726 1117 -495
2572 7150 -180
7569 7012 768
2200 4748 94
5869 8840 455
7510 2323 -272
1946 588 -545
6628 6103 -85
7583 3131 -221
739 1224 -192
2117 9047 -464
7972 3330 -81
4611 226 -787
1364 4064 337
3402 880 972
4161 6900 48
2872 2603 614
4031 5414 819
8131 5592 82
2151 3022 -243
3027 8344 298
1602 1050 -401
3912 3512 -844
5781 8585 -278
1907 5494 -280
3504 2653 936
3262 6970 -456
9380 2505 362
1945 2 -552
4666 5689 -861
8628 1877 -105
3125 5251 925
2788 1351 -57
4907 4016 -269
7913 1240 139
3034 3165 290
4849 8478 -528
7899 3528 -327
1603 1385 -473
6564 6455 769
1447 3676 282
190 4424 -99
2126 3096 345
2878 4239 -135
5690 8068 581
8263 1081 -522
2928 9314 747
3701 9072 677
7239 3534 746
6603 5016 36
7642 7092 685
5728 2657 -953
4632 6276 165
2784 6328 338
8153 5445 -396
5651 3822 518
9292 743 620
283 6711 121
4810 6349 870
2181 1910 627
1719 2262 974
8326 8026 270
230 2829 583
2761 1301 -788
6793 6436 101
8665 4187 -593
3445 731 -314
959 65 615
2159 8550 239
1307 7431 103
8757 4441 -819
3596 4621 -260
7925 5884 825
3983 7609 181
8304 951 102
4088 5070 -769
4547 558 -681
3410 5745 -839
7308 8851 -174
9376 5469 670
7421 7115 204
3232 3286 -764
3892 5009 234
8815 8347 -926
7215 1517 -758
7900 4261 -633
2950 3010 -633
5323 197 636
259 9471 856
6190 6189 578
3628 1584 890
7210 7631 723
6417 6796 155
9003 3478 295
333 5435 -739
3809 4677 553
8083 865 240
4342 1027 -211
6059 605 759
2495 1860 321
8174 7772 428
5959 7501 -711
3513 8493 -298
5850 2947 -191
625 4938 360
8838 9118 684
8530 2769 -340
1630 7369 428
3712 2740 -834
7793 2822 32
3556 423 -488
5997 779 -78
5949 8642 -246
8924 8175 169
6955 4040 266
5875 8303 595
5713 6182 -819
8867 5238 -594
4671 5837 -393
5004 8402 510
5765 570 820
6347 966 504
5090 4083 497
9109 4417 -601
1856 549 432
8643 4121 -26
2122 7795 354
6992 5236 694
177 3283 325
3680 2596 154
441 3148 -698
4951 2158 468
3247 9420 -827
3107 3259 973
1395 9492 419
2720 1760 52
6217 3199 -429
6265 148 527
6571 2381 -660
2924 2939 802
1369 7547 -596
124 4187 -996
7063 850 988
3235 7617 926
856 7104 -371
2535 2847 -888
5280 2629 -212
6923 5709 61
7155 2447 -399
6855 7406 -776
7648 1095 -319
3182 4051 557
4619 6437 -144
5395 6298 131
2047 6128 628
2807 2599 855
2928 659 447
7327 7262 134
8098 8414 -706
2336 7476 787
8308 556 572
4591 6812 -559
3602 5814 500
2061 5495 390
1803 3909 707
8891 6531 -378
4470 2822 -235
8691 4301 931
7715 7726 -863
6034 4976 973
3019 5085 -657
8577 5097 -868
8087 2384 -2
3888 6692 715
3307 1737 -592
1200 2608 727
6162 338 -619
6999 1547 -464
4283 1806 601
4554 6970 185
4689 3872 -528
1501 6368 104
7576 44 635
5594 303 -113
7758 5447 248
6292 2429 306
7559 4891 995
5512 1591 59
4634 5111 82
4886 4199 306
4982 962 -282
729 7083 -86
4823 3496 672
5023 4079 267
8199 1499 -245
5706 2644 413
4566 819 -39
8156 1203 -739
272 8604 -827
6836 9477 660
8047 8702 554
3231 8465 -529
4281 7366 -491
8799 6493 -785
1689 1536 -350
6220 5226 827
340 1536 -862
3421 7080 -549
8827 3493 458
4249 6108 644
4106 4284 -938
4339 4224 -28
6868 33 -51
7376 6727 -80
8697 6912 219
777 3956 330
6579 970 341
1970 7554 -61
8018 4900 -384
2624 8311 -888
6452 7549 156
301 4394 -643
8340 5548 -823
3588 5460 -80
5371 8570 904
2761 5739 -581
3123 1859 -464
7542 6937 -416
5404 8591 -88
8173 2462 -195
8281 8285 931
5000 2252 -45
7829 6805 743
3661 6355 175
8708 4092 -491
6031 1450 -373
1975 8055 -95
5681 7671 182
7141 4209 -530
5165 7097 994
5630 3695 -538
7485 2596 -453
4094 8648 -954
9005 8693 -371
3136 7777 347
3318 6625 -320
3322 7623 -426
622 8268 -682
8780 2367 -20
613 5315 896
7195 5513 85
8701 3547 373
980 4213 -87
4277 2623 476
8788 6631 432
6093 6918 239
7271 1372 101
932 9155 -315
5959 7625 107
337 680 -268
162 8790 -267
4819 6233 -717
8892 1545 -641
5457 8370 -634
9187 6897 -436
4011 8527 90
155 3588 856
8339 3587 -573
2197 6711 -710
932 5999 -609
2135 3877 404
3921 4655 -910
2759 1152 -712
5897 7714 336
8958 790 301
4209 5892 155
7476 2755 318
4459 6569 -828
600 8292 889
3585 84 758
2147 854 363
6058 3062 2
2771 5098 -672
3404 9021 -146
2374 1450 540
4596 6489 918
4376 8972 708
8747 8801 -189
4225 4239 154
2969 5529 -25
5831 5674 -825
3327 3308 -605
8080 9212 289
9123 3309 830
2064 7932 418
2077 6176 673
4403 222 764
1230 1897 -653
7933 3337 -144
6558 1328 -422
3099 1458 -727
2876 8928 362
4726 4172 451
9007 5556 27
6501 1635 293
7075 931 643
3974 1837 799
6755 2209 -863
8607 3184 -297
9048 605 787
3793 9381 647
4734 7281 714
6622 3867 -769
1071 5762 64
5402 167 -864
8350 5300 782
1047 7706 -113
6157 238 887
4018 3633 667
4679 1161 -618
6536 2112 751
1920 4903 889
9236 8739 103
1753 6383 132
6230 8957 273
1220 968 -927
8523 2369 -353
2629 5685 44
4480 5880 673
2237 5459 418
3181 151 -113
3731 1934 711
2883 1636 468
6866 2061 -41
984 1212 340
2427 3135 492
5638 6421 -567
1872 9484 -698
8413 669 594
7354 9052 -569
6151 8672 244
4959 506 551
9265 7710 -540
8016 8845 -413
9222 7173 -369
1463 6468 642
4592 8739 334
6853 7073 428
4089 2672 -300
2261 1309 -89
9376 4549 719
4799 5039 15
920 2016 -805
4303 8317 -244
4019 4286 -457
6186 4064 442
1112 3569 419
1187 802 -396
2303 9027 -617
5760 6592 -576
9460 627 -792
1406 7773 -492
6493 1695 -345
3033 4156 -847
9472 4691 -263
2462 7148 326
6817 2605 -201
1969 6035 -9
3192 4028 -923
6136 8522 -298
632 4499 932
3554 7388 469
6933 7829 -425
6091 3375 -882
8840 5088 52
8232 2404 -498
8904 9353 -909
4629 2133 104
8797 7059 760
5041 5820 473
1494 7669 -137
7335 2411 -6
5518 6554 -868
1257 2643 445
2634 6541 215
9478 524 -274
3192 7151 -510
2279 5922 20
6973 564 309
6105 2589 -864
1099 3993 5
50 1077 597
4862 5651 868
6291 6354 -423
1147 541 -730
6858 277 -199
4612 6280 302
5687 2509 805
6544 5552 -61
4045 8482 -473
3073 2394 -414
2823 2764 -980
4830 6449 904
5495 8721 188
326 2835 -778
7776 9421 -84
846 2951 991
6365 6816 139
3473 2162 547
5155 6296 -981
8314 9057 473
1956 5929 -834
5009 2226 -577
6932 9131 11
7271 4497 -264
8962 1069 -545
9302 3480 -401
1759 8347 961
7904 6589 661
7218 3997 307
4944 2920 162
6203 8793 -853
8581 5399 516
3939 4293 641
7542 6791 -261
5041 220 -348
9518 7531 -60
6482 4774 -570
930 7314 938
199 5357 -185
8370 4444 40
5366 2352 -520
3493 1299 261
630 7249 -81
5297 245 118
8939 7622 233
85 4745 -688
2916 7622 544
4498 7644 -457
5370 7588 730
2301 5787 714
5859 3956 -18
8122 3054 375
3897 3892 -861
2372 5296 -814
4674 1466 -704
2422 8796 -947
1313 5339 338
2096 3429 713
2135 5971 -986
7590 7533 833
3943 4719 -766
8093 6164 -528
338 6486 -73
2386 7969 -877
2618 7288 692
6936 2289 -449
7219 2316 -872
2702 6986 542
1186 4647 -554
6531 6187 -16
2905 5888 -756
7994 3448 -703
2062 5135 -300
7374 2870 -804
1219 234 188
5670 5767 -63
209 6933 -138
2903 3299 -632
4216 4480 720
1039 7495 572
8559 3132 97
4696 2698 548
2357 5113 687
5014 1426 -834
79 6624 -444
5764 999 -565
8679 3996 321
2081 7090 299
5968 4677 936
754 3641 28
2841 6292 406
8605 2317 -21
3080 7432 56
3638 8242 295
5926 4335 906
99 8333 142
8489 8517 950
8010 2344 -135
3864 1990 414
9401 3261 84
7569 3255 -649
6160 1929 -83
7453 1094 822
2459 740 -573
6710 4676 759
1935 67 628
2902 4345 554
7046 380 -802
4114 1693 565
5033 3901 -860
7238 951 614
3181 2159 887
6312 1960 820
4229 113 -1000
335 1187 -971
6819 9490 366
7139 7728 -975
3479 6243 598
5853 8365 534
6995 588 -40
2323 4276 310
7736 2767 -524
1366 4184 -807
1181 6965 -26
682 4955 231
4582 8973 -903
2145 4332 603
1040 6840 619
6301 1991 -603
1070 6510 540
4543 4254 500
922 7270 517
8829 2478 946
5895 4674 638
6232 3692 -633
2501 7638 595
1957 1395 276
9308 1209 215
1190 6131 704
5587 8216 719
2831 930 41
4517 523 838
7287 5911 -206
8770 9009 729
4519 1358 91
5142 4039 460
1915 7201 710
1014 3991 980
5284 2396 -939
5324 7604 713
207 2705 -160
2169 9059 -656
3597 5281 489
7854 5675 -463
6851 5285 -954
2006 5350 -345
7529 5721 490
4044 7387 240
3558 7003 813
4458 7238 -172
1075 7299 -877
8140 6052 946
8089 9376 -695
4957 7789 -414
829 7660 -688
1873 5757 -828
1185 8564 963
452 5033 -144
659 9199 50
8025 5673 287
6732 2327 -758
147 6781 -579
4231 8897 89
9404 7890 -280
6678 6893 -409
7723 6974 124
4386 4083 689
7997 3927 926
8839 1991 185
3738 572 -969
6569 4684 -172
6175 5553 -461
1784 537 194
9088 1886 -797
5991 597 39
64 895 609
3268 8857 127
6634 1004 129
6667 1754 45
5234 9246 941
241 9063 -592
3987 1918 869
3147 1406 -239
4584 5827 727
1287 9304 -53
6116 6188 -246
2943 9078 283
7252 2665 818
5682 8743 259
816 3265 234
4406 2636 300
4172 5802 681
2790 6347 569
3320 7845 517
7509 1564 834
5060 5216 -953
752 2910 -139
5867 3918 725
6194 5079 594
310 6969 259
1770 2549 350
7686 7063 358
1122 7395 916
6665 7768 158
104 219 -223
219 1364 861
8555 7723 -973
335 6452 -181
6782 4399 746
8749 7954 717
5013 8544 483
8405 920 -178
9122 3240 2
4390 3341 -270
105 5132 -695
5116 961 -114
3479 7046 -427
555 1930 -953
485 8937 -308
5720 3775 -152
7347 2298 -431
4762 4372 -761
8778 4349 273
7228 4778 -686
3304 2648 -695
715 9281 -996
6004 7645 397
1677 7209 251
1083 8748 -932
1449 2589 -141
8043 8823 645
1319 3376 -536
2179 2436 122
4523 4022 11
352 4214 161
7601 518 -273
4900 995 -617
4810 7207 -563
8426 6553 -294
8666 1086 -939
4006 806 613
1383 5931 -544
7184 6177 -61
9490 3311 -688
8127 2357 931
2114 290 859
8090 3224 -153
1427 3043 41
1593 5650 -788
9320 7122 -111
3862 8800 19
3690 1966 -986
8152 6350 821
2746 5500 987
2475 5835 633
5968 8980 -663
8563 6394 896
9476 1335 -366
6297 6043 976
4359 9442 800
708 4610 79
7340 9168 730
6243 3337 659
2650 6383 520
5805 5213 850
6335 1359 435
3600 5780 -796
4889 578 -201
5681 5286 -933
4275 4105 61
4627 1636 -619
7845 631 873
7062 9055 -677
3184 840 -543
105 8467 -966
6286 4595 -276
6987 9458 907
8229 1222 918
8980 8192 -639
672 1503 70
4930 7047 221
4874 8178 601
6625 5664 847
4170 1855 -856
9024 8523 728
8475 1584 -912
8050 7667 250
6930 7159 709
9169 8965 -602
2346 4847 632
4467 5537 -396
1758 3803 -721
1762 4201 536
9227 1653 -792
2260 8515 -400
6430 2786 -268
8792 3900 -87
4465 2111 941
1263 2263 -691
1135 2405 -541
5743 8583 818
5751 4804 654
2325 7001 77
3897 4584 -109
404 9270 -826
3650 4684 626
5693 7357 94
1929 6949 -171
4900 6226 -114
2727 5510 -849
1739 6311 290
3377 4807 -261
1230 7575 -152
8643 2389 272
1357 3852 -488
4643 1554 698
7505 4884 392
7534 4492 -182
9172 5749 -141
6674 3157 -175
781 6314 -6
3841 7371 -847
1879 23 446
1518 5825 -516
1953 305 -81
1088 2155 -721
407 5434 -503
62 739 405
1292 3541 539
2795 9281 -991
4797 8293 614
1410 737 19
7613 3836 103
4919 4449 231
6877 9115 -944
5868 6656 -23
4036 4059 -249
4524 6451 961
2594 2094 588
7284 9043 -656
4912 5408 -736
8168 2365 -874
1143 6540 425
7571 6066 645
4669 2741 719
6710 3324 914
7840 5266 771
6644 8514 877
7265 8596 321
5536 4291 -79
1201 9390 93
5314 8345 -525
4469 5656 707
5035 2387 -414
1144 5909 810
2008 1660 536
8899 4518 -727
2637 6055 -653
2959 804 347
6781 4173 946
4690 2849 -282
3341 8472 -871
2909 8925 -342
3210 4614 -739
3521 3087 -592
7876 707 -100
3075 5141 62
8807 1069 -782
3345 1119 -778
5793 9512 526
622 2569 -24
8304 9129 -43
575 5557 -523
1964 1505 257
8380 696 -360
8288 5923 -947
5966 4602 994
9262 1808 -466
1539 8597 391
2478 9517 -107
2040 8253 683
1089 2175 950
7508 8503 234
3871 1741 -40
8940 125 208
4706 1876 -38
8106 4592 895
4388 8183 -236
4779 2262 124
3426 6051 438
9485 5551 133
7111 7598 -807
1052 8429 323
7912 5533 -291
7882 7712 381
2182 2261 -799
6361 2972 906
8074 1534 485
6847 1071 442
4384 9281 439
8756 1521 -442
5776 9155 99
8398 6401 77
5409 8631 -634
262 5535 496
6189 2077 394
4650 3974 553
3033 1019 -914
506 8041 853
8196 2050 875
7078 6655 -119
5931 6772 -802
8624 8370 -523
8081 8556 323
3858 8374 42
2999 4141 795
4579 5024 34
3872 3539 -555
149 2561 -434
1075 8580 125
5437 1498 -124
5656 6536 -853
2911 6809 794
877 3312 -534
8740 8307 624
9190 7057 919
5718 4824 54
5351 6613 -199
4776 1061 -808
6854 5079 621
193 8867 669
829 7873 342
3144 2388 486
4724 3035 -744
6317 6011 343
3294 840 309
1459 7735 -3
6578 8377 -268
7050 3609 249
3626 8339 321
2979 1431 -548
6941 8002 562
4377 9193 298
4493 5188 -160
1161 978 571
2800 5032 -401
3301 5880 488
4473 2497 -730
157 1478 988
2521 303 -143
2917 1822 -896
7982 8567 912
9277 6805 120
3514 9457 14
3269 6070 478
6803 3871 -750
4513 5439 402
6318 8520 -132
1415 5384 -570
1051 4537 938
353 6036 -899
5453 3785 -835
1401 5005 319
1268 7073 -872
5145 2922 -822
6931 8947 274
5653 5764 605
5883 3260 738
7158 850 812
7168 7917 173
7893 5081 466
677 6736 378
363 7267 586
5258 3550 589
4543 7194 243
7396 1900 -115
6900 6971 -362
6561 2491 -208
3765 5124 271
3646 4606 -126
1100 354 955
8371 5872 -174
8866 1275 -534
1480 6182 985
5441 1850 -799
1868 8744 -31
8187 6551 660
4234 7022 -215
1576 8730 -576
8854 6760 850
6509 2318 -527
8882 4855 -562
8005 7532 -47
4291 4977 -712
6947 4488 838
4637 4345 881
3472 3728 -657
2220 3321 -302
7145 8761 -596
9002 4249 225
3442 6067 -982
2965 6944 -488
2331 3982 -950
5526 4574 -927
1191 4168 989
5086 6057 -27
7388 707 -977
1887 4457 -364
390 1237 -482
2787 5519 41
1280 5564 970
2559 5074 630
4306 3707 519
4001 2181 389
585 3631 640
6501 5309 480
3280 3086 831
3914 8776 59
3071 225 469
5282 1414 254
4470 7125 -750
9503 953 -248
2577 2500 8
4942 6221 587
4531 183 -894
2227 6008 68
9013 8247 -256
6869 6725 49
900 643 893
313 4954 84
3350 9413 655
704 868 -765
8533 2350 -347
5006 7032 -891
4704 6825 75
6335 6673 -797
4356 5917 -761
7005 4125 -521
803 8505 -635
525 4479 469
2093 5649 594
8671 3809 968
7242 7853 592
8477 252 285
3080 9020 -266
5270 2604 -911
7848 2321 -382
4747 9279 -261
3347 2772 -159
3237 1557 489
6676 1265 537
6451 1917 543
2051 7358 416
2488 9284 966
310 5659 -925
8208 893 261
1873 3727 619
5168 7711 -357
7946 3805 -953
7786 5395 355
5337 595 259
4237 6936 678
2419 7468 -997
7489 4253 -624
3177 7619 60
287 5597 -404
1779 9490 -624
4442 2889 770
8252 4162 786
5512 898 -200
4370 3380 588
2246 1478 436
7240 1007 -121
3604 6948 -214
2379 4203 477
8016 5838 -348
6711 5211 394
5101 6474 300
8939 2253 936
5863 642 969
4929 8963 926
9017 8305 726
6389 1471 -766
5668 5935 665
3369 8817 123
6177 5497 -999
2480 6674 -702
2971 1763 122
2742 3489 818
6863 4403 26
447 6330 392
8835 2336 -485
9485 2712 4
2678 8531 515
9474 4060 -311
482 5172 -198
7805 814 524
6138 8061 -231
1557 7141 -229
7310 6273 788
7998 2981 -238
3848 3084 -391
101 8058 -528
7555 1784 347
2039 3787 -414
1748 3271 788
7686 7602 860
7129 9270 -643
1162 4050 685
863 2531 265
1935 8888 154
4677 8798 131
2860 2473 -72
8279 7768 183
4002 5641 299
1768 5631 938
3595 7195 737
4994 7967 -674
1996 4884 -545
7840 5556 -304
4866 3485 -592
3531 9021 698
16 4447 618
8322 214 -696
3882 6829 -414
1876 1516 244
4817 5677 -909
113 996 999
7771 8266 897
3381 7928 51
4920 572 411
807 5527 890
2587 1139 114
3496 5128 -579
1730 8334 536
281 2536 277
5693 246 608
1427 2500 557
6115 8318 -519
9354 5397 135
8750 6201 -442
3284 5359 428
238 3366 -507
2483 8588 846
5192 7693 588
1904 5177 -116
6973 5500 452
6536 1288 -29
5044 8529 772
7974 2833 777
1368 6049 22
4322 1176 -512
445 3041 -668
2555 3656 -681
6270 3604 -241
1044 7929 -739
3032 8482 110
484 8762 -373
6439 5937 -385
9117 2436 176
8291 2519 247
6090 5437 355
9496 3943 552
9001 7728 423
688 554 41
6753 4567 904
5269 6673 -917
352 3195 254
108 7893 -137
1376 6863 -12
558 3680 -31
1558 5850 787
3570 3000 623
1032 4655 -26
6241 6067 337
5258 6241 -666
2889 924 -83
2525 1861 211
569 7521 474
8214 5169 917
3234 8674 859
2026 2418 292
6416 2365 -712
8752 3246 -257
5528 2789 -217
767 5171 653
2571 4499 -948
468 300 360
2848 5467 895
9066 3512 -996
8004 2553 -732
7958 1640 -461
5120 2580 -453
8088 1375 -848
4585 2190 -838
1973 9184 178
4194 9186 360
6156 9403 253
894 1358 551
3776 7801 1000
3350 79 -195
1292 2247 -169
5968 4592 -632
7840 345 51
8108 3260 -30
137 154 803
5139 2301 -292
2589 7432 -195
18 2389 248
6553 4204 -462
6340 248 -72
148 2439 634
4914 6948 260
5308 4438 -832
6326 378 547
4967 8728 274
1711 2625 487
7981 302 -774
2451 4494 805
2946 2159 -359
3946 2494 466
5070 1623 -722
2141 7526 -457
4549 6154 906
6993 4354 405
6117 4152 906
2097 5032 754
9475 1449 -704
1377 6028 346
5987 3623 -570
2058 3340 -448
8278 318 -193
3777 9066 -68
7588 8992 -374
5965 4560 -887
4981 743 415
518 5747 923
5969 1493 -692
311 2642 -75
5645 3367 688
5518 282 -567
2168 8337 645
6820 2106 667
8534 5609 47
3662 245 914
5282 5333 -88
5096 8666 -222
4242 1806 -275
5229 7744 313
8013 3118 -621
9245 5380 246
8715 5299 23
3552 3283 -984
4019 7215 -495
3215 5805 -678
5598 1146 531
4217 7797 -28
2505 9055 803
4668 8153 927
9299 1475 -279
4783 518 258
6594 7505 877
8505 6479 211
8408 4889 499
2900 8056 -341
1777 2434 134
289 2626 964
8020 8360 -477
7571 9412 -851
4266 2000 203
4516 3306 984
7632 6174 394
486 6620 219
6892 1913 717
4775 2379 -29
7306 4865 779
7701 6007 -382
579 573 -459
6731 7713 136
6619 4571 -976
4833 2822 -54
1413 6771 29
4750 7171 -628
4223 9493 206
6977 1620 316
7098 2178 340
6502 7783 409
4855 1034 373
1620 9021 506
7337 6018 -575
2255 4974 -692
4166 1113 -192
6522 5162 -430
1701 5605 -462
1738 1445 355
5164 1468 215
2859 99 -656
1160 1315 28
8405 2439 -61
1628 9235 -65
43 1007 -102
3631 6562 379
7286 6186 440
2154 1428 -983
5199 7301 -124
7298 7195 70
6334 4585 -806
5499 2748 497
6615 8394 -928
5886 565 -727
4882 1269 744
7495 1890 -434
5753 2380 607
1454 2248 801
8553 3360 -580
6761 978 601
5768 9077 770
4106 5214 -724
2559 8666 -752
4345 2365 -199
3637 2743 263
1281 4910 969
2357 9302 -842
202 7798 -245
2348 8039 -202
6923 2499 611
1546 7760 -806
7216 2700 -326
8321 630 965
9079 8659 860
3236 7216 -290
5891 4320 916
575 4637 -862
8980 5443 896
7916 1345 329
8600 8848 -930
2829 7216 -452
6749 2987 170
647 376 836
256 141 851
1015 53 -999
2604 1281 -38
8791 4948 757
197 158 -398
8374 2198 -187
2463 8191 -708
355 8539 293
4249 3409 -878
2327 2517 673
1366 2073 768
7896 6674 -794
4101 551 -694
8990 8544 125
3978 712 -747
3722 8026 815
8712 9267 -696
1742 8082 -709
5507 6702 519
997 2929 -592
3990 5362 326
7506 8456 762
7943 9139 943
5604 1863 286
7256 8198 710
1892 7361 587
4992 2342 -257
5581 1902 -486
3967 6288 613
7517 7376 -60
8649 8768 446
6250 925 -102
372 5395 502
802 1908 69
4526 2274 921
8449 151 555
3740 9448 -195
9029 6430 -39
2585 7534 -604
8946 7683 -985
2545 1182 -78
6336 5371 -778
8180 6065 -291
4884 705 -380
5444 2579 918
4886 1285 908
8585 109 456
6850 6855 339
2549 5539 -673
5447 5632 925
1386 2726 119
9036 5822 718
5865 1494 848
1027 5449 -24
9249 8294 -596
498 2097 887
838 7940 769
1019 533 385
311 2432 -31
1016 7406 345
1460 7508 371
4958 413 -346
3015 1558 290
3872 5595 -452
4742 9388 402
2105 9344 -611
2195 5525 357
8577 414 -625
5912 3023 -647
8110 7376 208
674 5676 78
517 88 -51
3539 5938 -279
1745 7120 -413
2464 8352 519
6069 534 -276
3037 386 685
3708 324 -768
3984 9034 -944
277 6000 -223
5109 6128 472
5725 484 -558
617 3157 728
9048 8079 140
2508 8062 -575
3025 5084 684
2848 3165 -959
8560 3212 539
5172 4423 -131
5337 5543 408
3735 8093 975
7195 879 -561
3783 1054 634
26 4933 526
4823 2206 -870
7286 3477 277
8913 2037 -394
5995 6522 -254
8471 5505 92
8491 4819 -986
2875 204 -131
313 4173 -214
3406 4208 -401
842 6226 -871
5986 6549 -6
7087 1288 283
3788 1705 -646
7433 841 -961
3636 1049 -824
4568 5989 -81
3422 5698 45
2059 1371 497
6898 2882 298
4312 2477 -124
918 4404 -598
8776 7100 -54
3238 7688 87
8496 1571 120
5813 6631 768
295 6773 -907
1204 9267 856
9068 5731 87
6742 978 605
9432 7469 -684
3873 9203 -1000
4555 1532 538
6519 4767 -910
5210 6710 -898
4739 1469 -817
1293 2288 -267
5496 7698 952
6687 6174 502
1927 6473 -57
1709 7221 915
2608 8910 -60
7608 7810 346
5011 9098 -840
3749 8404 -787
507 5236 -348
564 7423 56
77 5562 -460
2205 139 316
5512 6467 293
4597 1622 -162
1913 2111 -515
5162 4737 -798
2394 1585 259
7664 608 365
7776 1000 -133
2119 5957 681
3412 5114 1000
7527 4313 -967
6706 447 425
6754 2559 -97
48 2898 398
3295 1098 196
7496 181 -535
4380 2728 898
1552 873 -119
3646 2828 492
137 7799 -779
5034 7668 -753
8910 2157 850
2655 4191 -379
7893 1745 -931
7485 658 -409
3915 1586 882
4862 6677 -397
3298 33 333
2669 3681 -629
529 7755 -606
4887 6183 530
1468 2781 -78
5896 3178 985
1851 3563 758
9267 9207 105
5198 94 -807
2412 9363 734
6986 3059 58
371 2553 -133
9306 1252 -229
8457 1771 -26
6822 5244 19
8603 6824 4
200 1373 556
2965 3425 54
1026 6426 -651
4465 7983 156
3105 6153 -985
3259 706 80
6491 8244 760
3510 4055 82
58 4546 -763
7743 2872 732
1422 5377 -891
8223 977 -995
251 3791 635
9495 6049 262
3007 613 -191
4323 4114 867
7463 1471 711
2307 60 625
4420 8889 814
6514 2712 373
8127 3771 -502
2025 5122 -982
7684 3662 -824
2103 4854 680
6838 2477 -556
6662 3292 -661
8892 1 537
5347 5085 551
8388 3814 -384
234 4496 -578
566 3124 797
448 1113 318
3018 1782 -802
6599 1733 526
8160 519 749
4640 1645 -532
4982 8090 -543
6527 1746 410
2199 9302 -944
4793 4656 -566
7745 8006 238
213 7728 454
4362 7493 331
6793 5360 -78
1104 7028 661
7617 8948 -643
3971 9383 943
7269 2653 -618
8110 9402 -415
1137 1724 194
2672 5319 716
2536 3987 246
894 8093 -571
2912 3078 425
8064 4988 -386
1006 7170 117
4936 6008 705
4285 6355 473
6670 5018 718
312 3497 639
8018 3013 -124
7636 4680 -889
7114 3019 -236
5603 2350 -56
5952 4179 87
4421 8854 485
2333 6060 637
4549 6486 -707
6491 392 445
3725 2844 -611
7863 9107 208
8929 7649 -5
8855 5264 25
2522 937 498
8933 8638 -421
7649 3233 -600
6805 3242 812
7508 3063 606
8114 215 -369
4461 6995 766
3640 9034 71
4312 8800 150
8361 3045 -176
4691 2880 542
9391 1144 -318
8449 4086 -357
5666 2065 -416
4023 6542 618
1851 2134 -77
1946 2638 -285
6434 3348 866
7370 9241 846
8961 7709 -929
6532 3062 -605
6573 9415 20
8758 1936 -309
7412 7516 893
370 4272 556
7649 2469 -927
6003 3553 956
4687 8230 -76
6884 1775 983
859 3977 98
9195 9515 -462
2429 1944 -852
2031 2296 519
463 4435 152
8242 5496 577
3487 2576 -170
1881 8916 -863
1215 8568 845
5692 4341 -37
2930 4743 -91
2567 7982 -631
8537 3645 575
897 3213 626
3940 8540 -282
8885 5185 -221
5271 1732 732
3875 3662 533
6703 6927 -772
822 8971 712
2016 1514 -930
2750 6239 905
5463 6480 -486
8561 6212 -587
3967 3891 -281
133 6153 994
1680 523 -288
912 4440 465
6203 6456 -404
6644 6712 -216
6360 9199 797
6832 3322 935
4787 6356 -800
8954 4438 866
2457 1824 668
2476 568 -778
5533 6069 614
4611 1308 197
6426 5543 682
683 8331 -16
3802 3240 53
1887 6051 293
4703 3686 896
5454 8569 436
1137 5990 665
2723 6395 922
7128 8762 -170
4346 47 -587
4408 1824 -725
7759 5803 -145
682 938 -833
5060 3297 -451
6044 5057 -865
8747 9464 42
1668 3207 -560
1384 5829 -767
9215 8776 -691
6269 7091 356
2361 3942 -321
6868 7777 668
5937 2670 653
4154 8111 805
642 394 -783
3328 4101 333
7854 6806 17
1952 6642 998
8074 8130 606
3031 1274 -104
8751 1228 -997
600 4017 -897
5131 7372 691
5632 3264 -488
3315 9135 -736
5197 4426 745
7161 6601 -425
1824 9399 925
469 5807 -241
7204 198 967
8195 7159 653
4519 2423 -695
7415 1599 877
4977 2515 -617
5726 4869 -943
5469 2593 169
4627 4788 -648
5358 7072 -34
4063 5076 152
2734 7214 -528
4858 3780 950
2992 887 -149
4955 6447 625
1894 6043 804
7266 7812 967
4118 4719 -905
6262 1247 76
1173 7645 -604
1370 8210 -121
3778 2607 249
8680 782 122
721 8496 134
378 1883 -545
7652 1118 959
9471 2382 545
5956 5232 95
1590 5744 -104
951 4495 -613
1540 2930 -877
1631 4408 533
704 2933 522
7403 1493 320
9308 2947 428
4881 2741 212
8908 1071 -10
7691 1089 -371
8219 5395 -601
8889 5728 514
8046 847 -439
6118 5918 592
4925 1545 838
6500 7135 528
2540 6317 -255
383 7955 185
8745 6290 -397
5437 5290 -507
4293 8166 902
5719 8831 -975
2219 3634 4
1034 8279 -223
7979 1497 -839
458 1601 -280
7461 2721 -157
3569 2818 -459
2432 6036 -706
5743 4091 833
3028 1925 -72
8858 8700 -197
1180 8430 -350
2746 3315 -222
1975 1181 523
1192 1258 331
341 3919 -80
9123 2611 -971
3113 521 -718
2612 7282 86
5364 6766 179
3214 8316 473
2285 9031 325
5969 7662 -221
7572 4451 -276
7571 1089 -89
5305 6300 -402
6716 3715 397
2170 4790 -492
1916 751 102
1523 8396 -929
8384 1044 -858
5809 6883 419
6443 6968 676
3543 4583 128
4267 4916 681
3547 1653 -390
5517 2179 -831
7559 2942 29
3602 1717 953
606 1840 167
758 6479 889
985 1085 -126
7702 8764 -555
2162 2489 -532
2919 4407 -867
4196 3784 796
4276 410 364
755 3416 295
7320 4778 -430
7484 6239 709
7744 8328 -976
7093 5389 -964
7570 8078 -796
2023 1129 637
2633 4934 -760
4156 1341 -15
4818 50 105
4892 6132 -88
782 6599 50
1921 8661 -103
6175 6835 -873
8383 6380 -808
607 9347 194
4698 8725 846
3316 848 913
6635 6518 -618
7991 5169 -698
6625 3172 -944
5154 1874 663
4793 1283 -955
8584 4315 -964
1016 76 738
8968 7472 -962
8834 5904 164
8718 2971 -504
3092 5012 -711
3946 9128 -91
9017 8909 -545
5861 952 -569
1808 7225 -132
5438 8728 -694
5072 9104 -355
1608 5487 858
160 6666 186
6087 4187 143
3010 8422 -312
186 6480 -365
6998 2078 689
1139 220 603
946 6953 -920
6552 2973 -58
9508 7792 -85
3928 9495 -307
4907 6589 -637
1483 4915 711
388 8863 598
9341 2931 40
9075 3437 -211
7303 1882 -709
3037 9273 492
5316 5000 -438
3117 8511 -992
2875 2036 743
9029 27 -516
2323 2763 711
1728 7966 404
3057 9265 733
9270 5769 736
5058 5724 -984
7958 2891 -848
9215 2700 589
6707 4319 345
427 960 778
432 6304 -969
1937 1740 -776
5994 8724 -462
7294 7963 782
6752 404 271
7863 1426 110
1113 7367 -103
6678 2132 565
2095 2552 -637
4198 4786 817
5843 1937 -697
7283 9264 756
4535 5177 -902
6761 1218 -592
3568 7580 -80
1318 7074 -730
9462 592 468
6752 4453 -344
4887 150 690
4533 2580 705
2278 4198 58
9056 7039 -318
4403 762 689
2091 3548 -58
7259 4002 147
752 7072 802
8367 2532 643
6778 2176 180
4747 8474 -574
1910 2318 727
2662 1198 290
4681 5343 -131
5645 6665 7
8219 7663 460
7236 6765 -305
7727 7341 692
6671 4308 17
1534 8485 -80
1609 5611 372
7400 1336 822
5029 5145 -293
6927 8570 222
6285 1043 -451
488 826 -760
8760 6686 425
8346 7637 889
5845 6076 -337
8319 6474 940
1010 4252 264
3333 5401 -207
697 4150 -951
629 72 190
1152 4436 -82
2327 165 -382
5762 1849 -380
1556 3930 -288
9265 1767 482
5985 5411 466
1969 2049 -504
2334 1912 641
2273 808 210
2601 1588 137
1414 4477 -14
6376 1080 -258
4469 6554 -737
7808 7144 -818
3893 2542 -831
8819 8113 495
5834 8084 463
3904 9484 981
831 3771 -158
3122 7279 -974
3561 6875 -53
2778 4097 -817
7057 6504 -932
7244 2804 -934
3193 7015 -429
95 336 337
9004 5952 -566
2092 2509 -305
2508 7151 10
1462 1977 -579
3982 6009 375
9133 7570 21
476 6191 129
589 1908 138
1833 211 624
4507 7412 -231
4295 7920 20
6672 9474 -582
4089 8526 34
7663 5181 479
1807 7637 -457
387 964 -805
3280 7878 676
650 2919 -204
7185 8408 -886
1997 640 -166
6087 1775 -755
4194 2578 89
3992 9274 638
6955 2593 474
2380 5869 -699
7048 436 712
1658 3060 52
2703 4006 -573
2699 1480 552
2605 1048 -222
5290 8162 -584
1523 546 23
5651 5568 698
8135 1454 -902
2569 8705 259
7136 7914 207
784 563 -330
2168 4346 -136
500 6126 806
9343 6802 237
4694 5943 -496
184 4526 750
1699 4751 757
7060 8291 75
6228 1496 -96
1513 3627 -295
843 6014 356
8113 9442 642
9067 5839 -983
7411 4624 -742
6265 7767 53
1694 8247 -999
596 2167 -623
5487 2895 287
6402 7314 30
3040 6001 -136
1649 1282 886
422 3925 289
3591 8619 -941
1258 4934 -942
1771 1505 976
1815 5211 -341
6520 1558 -263
4790 8819 -286
8823 7046 -477
9346 9205 -607
7294 3594 -584
5866 7873 824
855 1115 73
5907 4016 963
4269 9075 -28
6242 7423 -627
7213 503 -649
8865 7689 194
1079 9466 -866
432 6496 993
1593 8775 170
8873 6864 -569
4416 7633 -917
3623 9449 472
869 6039 366
2360 8619 450
4866 3545 781
1606 8722 -675
8473 4833 -958
8035 7315 763
2597 1228 -255
4548 2453 -548
7012 3161 -609
8604 8425 -241
8863 1069 592
8847 8290 19
6121 3559 410
5888 1607 -432
7882 6515 519
6398 4963 993
5411 817 87
1546 5025 292
903 3229 300
210 5801 128
8472 8985 94
3969 8617 -964
3875 6942 -752
5090 8101 -714
4510 796 712
1754 275 -811
4964 865 -979
7464 5929 -311
5745 7799 614
6739 7745 -828
3542 4768 725
1193 6172 -540
2496 1947 29
4192 976 -708
583 5254 -624
7873 9412 -143
5247 6594 -851
8535 2560 254
8263 1078 -29
1331 7514 948
7323 6657 -511
5936 7830 -49
5729 3448 -943
2576 6034 -796
7918 1110 -553
8174 1882 677
1938 9101 -210
783 5885 -604
1126 5341 -544
5409 7591 507
7760 2573 225
2255 2464 -184
7452 9439 305
923 458 -886
7862 153 621
8209 432 -164
7791 9476 -672
8843 1535 297
1951 8243 900
3552 8222 819
968 4813 -577
1158 8208 1
909 6023 659
7415 6513 771
7064 2811 -971
7130 1759 -91
6683 7134 646
9019 5779 281
3106 4218 633
7510 2159 572
8225 6115 648
3890 6334 395
7487 4029 960
1482 8638 534
1472 4226 -595
166 2500 102
7689 964 -428
333 5680 625
4076 6170 -760
351 8493 260
6102 6127 -314
5396 1326 -795
3850 6981 -897
7975 6846 -839
910 5478 227
7816 3851 -388
3390 8372 -12
2823 1254 -827
4489 8373 766
6941 809 -937
5615 8693 -104
2846 2005 140
3995 4890 -884
2540 2719 -50
869 4150 506
4629 4360 -93
5473 1200 -351
8390 8752 251
5175 9029 -370
2410 6602 -907
3128 1486 -760
5549 6923 384
6357 1315 114
4047 4176 916
3803 3243 -904
3702 5707 -719
6426 4589 322
361 7880 952
7729 7620 194
4514 8036 -336
7562 9450 819
3053 71 -174
6949 7389 -701
4093 5529 -838
5209 456 -121
5667 5791 615
311 9300 -730
9316 3979 -693
8174 4078 995
8088 7777 -819
6367 3462 64
5490 6367 -332
3191 4685 568
6087 5032 -735
443 2605 -359
8171 268 -657
9251 3942 -970
7858 8510 -495
7489 4154 -500
6197 3050 262
8007 6111 -847
7328 3677 -717
2083 3397 -321
7211 2592 -912
5426 2826 124
5567 915 573
1665 5320 -595
3868 724 -624
2885 9345 846
9156 7622 -552
4694 7426 -376
8345 2304 -513
359 2549 -884
2612 9023 -918
9337 6382 402
5945 8309 145
3279 6830 -547
2195 1319 -317
6963 953 92
3910 4205 -524
2548 5686 -479
8293 4228 236
5516 1655 -161
1366 1091 -750
7808 7253 408
2485 2923 864
5582 8792 -677
6678 4990 -627
472 8343 -806
5274 1420 353
8837 6257 -579
5409 6837 564
6310 6416 -503
2020 2210 -471
1325 2533 895
4023 3763 31
4661 8915 -474
2220 3814 -939
4205 3094 544
6547 6618 -283
6453 7834 -651
3424 1998 -155
5276 629 -444
7989 4246 250
6298 5220 160
823 9404 -842
4076 5450 -512
5929 9034 821
7954 5152 349
6074 9217 593
1730 23 -359
5648 872 228
3600 2029 -156
6371 280 -849
9176 7246 -744
5750 8521 211
5640 8178 78
1878 357 -291
8658 3138 762
7694 4948 -955
6453 7314 755
7200 2993 -562
3203 3072 852
1446 4984 -256
194 7396 -9
9006 2298 648
7744 5496 -49
2910 2747 -825
555 3793 812
8959 8461 -985
2773 2854 -738
3777 6752 358
5650 6583 832
2626 8564 -661
6811 7589 -597
7847 8030 551
8586 6037 -418
178 8189 -207
6435 5612 253
6714 3519 954
3526 1820 636
4972 3937 59
8744 3762 631
6192 449 412
5112 8213 751
5575 1530 -268
8242 4393 609
7385 4013 483
7785 3068 893
8536 4094 -966
5280 2067 395
9071 7245 984
7495 9331 320
357 6037 -269
632 8127 408
2877 1933 -29
8266 6510 577
9245 4794 745
1004 115 -464
5967 7259 -848
2429 638 354
5559 3131 929
6425 3931 -646
3432 4420 518
7086 3144 -91
8690 1652 586
7386 8534 130
4703 1743 875
3627 6887 495
897 2790 -336
4712 4075 699
6268 4054 97
8525 7207 -278
4498 1936 496
6622 7437 999
66 9144 613
6284 1953 -232
4105 8657 289
2760 3097 998
9002 4543 -613
1979 646 836
7877 8021 448
6256 8077 905
5390 8200 -656
233 2260 -199
4148 1578 -416
3310 8972 -170
6773 8241 988
4815 4814 330
1958 1721 940
3504 5818 562
8385 4843 -825
3951 7825 -819
7830 6551 -272
647 7492 -286
736 2416 158
7425 2272 -999
1602 6168 -620
7260 855 92
1399 9476 709
4784 27 995
3441 1488 162
174 2166 878
8101 9151 58
7190 9125 -649
24 6568 -160
8481 5516 -189
525 4150 460
8125 6346 -141
7420 6271 -991
6316 6393 -114
5091 3538 -559
8047 7257 -208
8669 2998 902
357 5360 490
3237 5841 -937
2876 4786 62
673 2138 316
4769 4727 970
2018 4210 685
1881 94 -168
1800 7627 -696
639 1849 -19
452 2904 827
3681 2482 -740
4332 3511 -889
1166 2518 87
6022 1665 519
8069 5185 834
5140 1930 675
9096 9082 -651
8647 1323 454
273 8819 -557
4935 6502 -847
4446 4827 -686
8039 8381 275
4547 1862 711
8898 1534 -985
3914 9434 761
5420 508 -216
190 4811 502
4970 8083 -620
2003 1565 -228
5416 7590 -733
6134 7069 481
6018 8575 -993
7148 3353 419
9331 6566 -676
8424 115 -822
6537 3242 85
7948 3988 451
1052 9210 319
9087 1028 -188
1817 8049 598
7888 7058 604
903 9263 -331
5783 2783 -780
4087 3617 -77
8949 1222 431
2358 3630 37
4866 1617 -829
9333 2237 369
4642 3648 -56
9395 2255 747
5417 633 -341
7768 359 -585
9461 4031 552
137 7955 676
5603 345 200
7821 6020 569
6839 2895 283
4623 3958 -522
4188 7909 255
7414 9509 -927
7305 74 986
5086 6742 -909
6198 7482 698
7941 4022 -79
7070 251 416
6484 4221 573
5480 3670 953
2572 4504 -276
6873 3165 -864
6615 6780 -572
8861 1205 -678
997 1980 -483
7487 5779 256
5077 3213 518
7116 822 431
6642 7729 -461
4509 6929 598
1225 9142 -116
8869 2545 -36
2049 2335 895
5511 3738 -585
8068 3478 9
5835 7946 813
5169 8704 -695
3733 1445 640
70 480 1
2944 4743 -760
4794 999 -85
3997 4932 -757
6693 5370 -324
704 535 -192
8824 8624 -94
562 7879 900
3262 2779 603
9509 1582 -462
2420 2803 633
8600 5189 -253
8609 1483 860
2128 6394 -997
8148 847 564
8665 4878 599
3335 8883 762
1815 8450 -67
8226 426 411
1954 6175 415
8162 6154 -207
5786 1221 -820
3108 5289 793
6889 1155 339
1586 2560 -772
8135 7179 435
4894 2550 275
6335 2362 -157
660 2473 -425
4505 3439 165
634 7139 206
5229 5249 784
6287 8703 -563
8864 8837 864
854 3793 -477
3303 5524 659
2904 5576 460
1958 7101 214
3553 1512 330
6613 6920 -936
398 7132 -110
5218 2246 701
8252 4225 -415
985 1085 815
7933 3098 470
5976 4303 686
2143 745 716
8903 5897 747
4075 7984 -36
9061 5088 -12
8775 3289 14
4505 6006 400
3833 194 -772
1083 6255 861
5594 4796 895
728 8353 768
8320 7065 -380
3419 2085 955
7299 1513 -165
5623 5561 -581
8798 7623 550
49 7385 872
6370 7855 78
5284 4983 525
8266 1194 -3
7582 5476 82
6828 5476 333
9417 2775 -114
7608 7265 1
8775 2519 -131
3674 7100 -558
7590 1424 -489
8933 8509 874
6963 2900 634
113 4743 -106
6774 5725 429
348 7846 123
3418 8386 877
6548 7196 280
5069 3934 605
5147 9152 291
7680 928 468
5403 3164 -522
8687 1793 -190
6947 3390 803
4078 6770 472
4540 3216 -815
5922 3110 -538
4349 4837 -268
7551 912 825
1409 5911 249
8924 9020 990
3456 168 -389
1858 4044 483
2260 5461 515
506 1624 -494
993 7836 203
6912 908 8
7898 8106 12
5785 7675 -443
4211 5588 -350
2702 8197 -512
8825 5047 -484
6260 8283 -831
9077 5379 -765
7105 895 260
7264 8051 230
8216 7582 -530
7474 145 -920
47 6145 531
4365 4860 169
9191 5132 370
3678 4257 -269
3443 9498 -750
8670 8133 4
4830 5048 -547
7825 2304 352
1551 1881 758
2692 1487 762
4467 8079 -45
7153 4748 594
7054 6708 -932
1338 1821 -289
6608 4117 -691
1197 9471 -560
2684 4774 -969
2584 2447 -677
7668 4744 500
7645 8142 178
9015 1983 -904
1057 2645 586
6937 807 -713
4532 1105 217
7649 1069 437
723 4354 933
8956 4122 -992
1349 8465 -284
6213 858 825
3203 9324 232
7618 1690 864
696 6340 -667
6818 5372 769
1039 1054 -963
1301 4268 198
2290 1049 -274
6310 6678 -817
418 8909 -203
2887 3685 -21
1739 8376 -176
5683 5458 -788
5113 3478 -939
3771 5098 472
6255 6260 523
7671 5696 -866
4359 3419 425
3007 7162 993
7357 4711 826
5586 5158 -129
7246 7146 394
5940 7995 -244
2079 8021 950
8207 6298 -140
6855 6799 -343
3743 6787 -90
8934 2669 -405
24 4569 -980
6792 8739 -528
9282 6821 -634
5477 3102 443
8009 984 -843
7958 2312 69
2603 3810 513
6817 1022 -3
5985 4402 591
66 7239 400
8211 5325 -280
5820 8489 -682
4849 8800 -752
59 6908 725
3433 5293 -759
4162 7023 108
3567 2037 -532
335 308 30
2392 1067 -203
4925 8596 940
3189 928 148
5475 3959 86
2126 8404 813
6624 8105 -304
4782 7257 -42
3487 6702 -416
6041 4239 -710
1244 4536 37
4726 5189 519
7302 3087 -290
993 9117 456
3097 7637 801
4808 3086 -226
2017 50 -670
2428 2677 361
857 4641 41
3054 9326 543
844 1107 777
5937 6109 -551
4513 5736 -757
6358 2980 876
2067 8724 -471
1572 8240 -998
7171 5640 525
7814 6785 672
7433 3184 810
2957 8765 -905
897 8074 -105
7766 7344 54
9115 6277 -810
341 2865 -447
5203 4790 783
1813 1470 912
7096 6302 129
3273 5700 -984
6912 6750 -586
9121 8492 623
6794 3967 -847
3138 7343 -959
1389 2541 613
560 1696 615
4367 159 -505
4889 8926 937
8176 1692 -295
4 5314 -630
5417 562 -115
175 7962 201
1481 507 -951
5123 6339 -658
2128 6216 114
2893 7382 960
3357 4788 677
6162 1529 -177
1820 3337 943
6946 2312 -857
565 3432 -48
5472 891 -1
7335 3744 -58
4661 4344 -596
5414 9103 807
7415 3517 -599
398 6002 -805
888 3820 146
1291 5955 -344
5004 5163 210
149 2730 159
4610 4006 613
179 261 122
7405 9344 -707
9254 3791 -785
5610 1672 728
9137 4327 -217
2661 5803 40
9422 4115 -678
9094 8950 9
8654 8000 400
4363 3328 -931
2095 7397 -889
8190 4481 -688
5076 689 525
6855 3908 -696
7352 7144 -96
8832 4791 139
3660 5616 -57
2314 834 -272
3380 4589 -927
6622 1738 665
1661 3349 133
5092 1663 44
6979 6917 679
6200 7248 -152
844 501 947
98 6106 -95
393 9244 -778
5782 2075 -321
5340 8393 -464
7521 6760 -535
9213 481 -86
2819 1082 543
147 6713 276
1333 222 912
8472 3258 -145
1483 6943 94
848 1592 -468
7958 8801 -19
8461 2279 -335
371 7215 793
2208 7858 306
6532 142 443
4866 9452 49
6584 7454 81
3522 3577 -820
5562 5589 767
2287 934 546
3595 1523 702
8343 9024 -215
1296 6677 -548
3536 3454 -346
81 9369 734
4100 942 -460
7314 1177 233
4603 1924 -730
4556 7185 241
1343 2268 754
1336 160 -713
2063 2556 -587
5924 2402 -178
3988 9225 -994
7021 5132 -5
4404 6762 -276
4262 4180 -621
2255 2700 -969
6344 1077 -769
5685 9196 -308
8853 5659 325
1623 3124 -87
5953 544 86
3365 2100 424
2671 8771 612
7688 1684 -700
2871 9353 64
3799 529 484
3109 1782 -723
8276 635 -564
3761 5709 -197
1473 8423 769
1388 8141 914
6821 7060 -891
1458 40 -85
2029 7443 615
7201 7813 -893
7514 3866 -365
4747 6823 -798
5825 776 218
7511 6917 897
4725 5889 219
8494 2020 912
7558 5989 484
2758 6117 -96
4839 7432 -68
3320 2230 -616
1727 5264 -851
5701 3328 -136
4130 9196 -790
4328 5 356
7346 8359 -677
1112 2469 -939
2983 3202 -152
4973 9413 281
437 530 936
2422 1976 -220
7849 8874 980
1816 2962 -861
4606 3011 -144
7428 4023 654
2502 5537 -877
5816 4754 720
2687 822 612
4421 7115 -976
3688 915 -910
3530 5746 493
9178 1455 -915
8612 6400 362
8774 1766 -975
290 5801 798
6867 806 -974
524 4100 967
965 3092 453
537 9056 404
6575 8104 -161
1190 7999 701
852 4631 -804
637 7932 581
7751 6145 99
643 239 -897
6030 8336 9
402 83 168
23 9122 33
4178 6604 279
5826 2982 83
6747 8349 -968
2187 8131 -472
5101 7687 -884
4923 2056 668
4518 8016 -454
736 9217 -629
4303 5410 -999
7944 7509 320
1476 1924 445
7592 5996 -163
1506 1104 -439
1898 1151 -853
5692 748 -759
7082 1647 124
295 841 225
1653 7634 -524
2574 7542 -465
9467 4472 355
6635 4185 -479
1022 8652 744
4724 4079 -456
7217 8108 790
8868 3097 -794
5166 6194 432
1199 7471 -1
5250 1893 -42
8081 5276 364
9016 2175 25
4190 2574 535
3387 9417 796
2825 1220 465
3473 3560 -420
2129 4380 -444
919 5388 -112
2687 1906 764
7379 2570 238
9042 8013 -612
4738 1577 698
376 3957 -75
8808 1142 387
9120 8634 -778
1050 9030 609
6534 3193 184
1945 1181 -474
5819 1461 -262
356 811 -694
9354 9145 -578
6977 6327 234
6266 195 992
3353 5625 465
5830 2310 155
6991 4083 -410
5897 3740 -101
7138 3499 -325
9181 3919 871
6775 7248 136
6542 7713 681
2632 4489 65
7052 7165 -656
9138 8941 -11
5872 9176 865
8926 9074 -22
1707 8712 207
3179 2113 744
3262 2262 -798
9259 7556 492
8764 1418 999
7814 7248 -199
1121 9067 -936
3396 9389 980
4428 539 487
3414 2863 -299
3535 8105 175
73 1622 714
5162 934 284
551 6648 -816
3320 6405 212
279 3283 -390
5485 329 -519
4256 6378 -464
1465 2645 495
1848 5031 623
1781 7639 581
3696 8045 530
7147 7406 128
7940 3697 -119
7244 6188 -396
100 5067 63
5753 7554 -432
3850 2757 -386
7965 9245 167
3202 1539 -254
3620 1163 -691
1903 8245 206
1627 157 910
3806 1000 -70
1323 4719 -981
8476 3543 865
5366 1950 837
8689 8577 16
6993 643 503
3646 3314 744
8797 5237 -833
8181 9258 668
959 895 894
4009 3713 308
870 5500 -359
9387 2735 -115
4259 4561 368
983 3790 -929
6682 2364 -12
8007 8377 538
8415 2847 -903
6991 5469 770
6148 8800 130
8177 4456 538
5809 5443 -543
3928 7273 378
9369 759 -493
9179 5301 916
2931 8167 683
8829 9454 -493
2636 1928 683
2867 7598 660
6282 5591 -696
7989 7957 572
6603 5733 959
7806 5973 -506
5919 4129 819
1791 5673 -360
8481 1729 -63
9215 2583 -373
9333 3277 -323
4862 7856 -222
9230 1860 84
7106 7241 -432
6679 102 -541
5483 615 10
6761 837 -940
4799 1117 -256
515 9155 733
4905 4453 -842
4816 8719 800
3128 2979 642
1606 5513 -68
7368 9237 -420
6754 9033 -612
5531 6746 -390
4670 2689 329
2495 8393 716
61 355 677
2798 822 -896
7734 7150 -507
7723 7946 879
7144 3345 -103
2488 4898 927
6317 8024 282
5281 5569 264
5996 9184 -67
5917 1344 -827
7277 931 -315
8454 5922 840
1316 777 -889
8094 1486 -695
8530 9122 -462
170 9440 -11
9454 8654 375
6817 7385 -849
7171 425 204
4519 459 -30
5861 850 239
8335 6582 -760
934 1959 -716
1262 2851 -298
7006 4 945
151 8078 768
3371 8804 190
8649 4162 474
5201 3983 210
4523 3651 703
5517 8911 242
2147 3347 821
4494 6050 989
7404 2268 -854
7360 1411 209
6143 1428 728
4811 7533 -939
547 8057 556
7633 2748 568
8525 9354 -72
2883 3930 156
7360 7160 -899
8379 328 -210
1456 3886 -403
7343 2020 -281
3383 9212 -222
2833 787 720
4493 4337 -153
1362 5725 -27
1681 6551 707
5939 9319 218
6027 5756 338
850 7109 -543
8630 5107 594
5536 6206 -860
7886 7379 -460
224 7781 990
1648 5599 -261
8998 8206 327
7520 5798 -474
2491 775 52
8595 7751 705
4525 4239 376
9125 1188 632
2150 6766 401
7674 2845 864
5601 4963 -394
7722 4048 467
4665 8736 -84
1464 2677 925
5028 5277 -606
7843 7765 -396
7030 3791 -586
6309 697 811
3622 1982 193
3344 8062 -766
5212 6733 -833
3550 8337 -596
1481 6891 100
6884 4690 132
6322 2634 747
7490 1789 -474
4099 7704 -252
3673 4567 -190
7853 7597 -619
8542 6862 33
7489 1502 82
7698 378 -415
7382 3705 203
1369 9160 194
9214 5172 -194
5724 1817 994
9472 4645 300
8682 5148 232
8950 7300 85
3937 8815 524
3219 5257 -109
2835 6132 -407
1254 3051 -928
3681 2068 736
5966 6648 -847
8648 5205 -150
8149 2079 -586
1284 2948 -864
2110 3869 -139
6602 3947 -299
3372 5422 -321
5265 3613 195
6268 1319 -134
5138 3893 845
8056 6385 -840
5959 4373 667
6324 9211 724
8497 6988 852
3109 5069 158
9412 1580 518
1853 9215 -3
5859 4678 101
8252 7881 -220
7560 162 253
1335 4248 -978
1181 4535 409
817 8428 -369
7335 1609 649
3934 1256 884
8168 4875 -833
886 3793 73
2263 3563 -611
6846 224 805
1907 4791 37
4587 36 859
8930 4859 -190
7663 570 -301
7093 4704 -913
2239 72 910
1142 38 -671
3422 5130 -758
2761 2951 625
3736 7068 -414
5445 9379 358
9156 2852 622
5708 5275 -131
9135 2378 572
7414 8200 -825
2338 6584 -962
2561 9350 270
1832 296 -259
872 4263 -809
989 690 -760
6248 6903 -435
5321 9161 -759
1174 5352 614
2051 6634 574
8758 4223 399
7933 7200 931
4816 8414 -384
3101 8125 -432
437 2838 653
4577 4385 -455
2920 6836 -903
762 5207 116
1697 6558 -433
3314 3880 668
2195 3831 -838
8635 6094 -371
6858 1812 280
8989 4851 9
5639 9003 -43
4046 7533 -131
5912 1479 -826
8129 2250 -711
4714 6686 176
6052 6297 106
330 5178 -335
353 6682 -80
8205 2705 -29
5290 9415 800
5764 1046 201
9017 6350 -59
1634 7472 -446
4379 2015 -63
1725 6260 374
757 5939 962
2631 2760 -804
3151 8490 886
6612 3622 -85
328 1000 374
1776 2410 -105
8824 6498 877
8861 6818 260
299 2585 -960
4885 115 741
331 3562 -868
8469 3955 -256
5591 8148 -989
9087 171 237
4522 6659 -607
5 1497 -201
4182 39 605
7377 8086 -94
6622 1738 189
670 5762 -809
5898 9366 -350
5725 4527 -49
4768 9375 156
3973 3987 941
3170 375 21
2251 5257 -502
7077 8463 -649
7976 871 312
6166 7253 834
1340 2944 -991
3456 1305 -417
7692 2268 -327
6285 6714 -391
5557 6831 -868
9470 8400 -184
8427 7473 880
1283 3715 376
4825 4327 -62
9455 4089 -786
1493 8002 655
3066 3135 163
4793 3299 758
4186 4343 -321
8161 4342 809
9335 7481 254
8984 8557 -859
6375 180 -823
4756 6908 152
4022 9410 577
7611 7598 88
7096 4805 945
6513 6683 -77
3623 4672 902
4020 6446 -526
5328 7855 632
2475 5493 -882
3432 8766 -875
2411 6234 -686
33 269 -902
8357 4802 409
252 2164 211
368 7941 -516
7170 3521 633
2843 4357 516
2019 1806 68
6544 7352 911
1613 5280 364
7151 5088 -703
3397 8524 578
1113 516 -960
8961 662 -94
4465 5337 328
6655 6694 -22
3150 8442 -950
3457 8059 536
8667 4032 -828
3632 8166 -144
7192 4776 -701
7176 2453 772
4035 4323 788
9486 7576 -876
8372 791 -53
7536 4262 -857
3681 5131 -183
7560 6405 96
9235 5465 645
7580 6629 545
6941 9139 -434
7286 2704 -203
1075 5132 -703
6709 769 350
6358 4750 927
6523 445 -249
5290 6742 902
9264 9054 -346
7284 3999 960
5358 6005 -590
9195 2334 -556
5434 5172 -399
4485 9077 -558
4066 6770 506
4529 6405 -320
6461 8158 -822
5412 3507 503
8573 2211 771
1260 3548 -19
4780 5472 -701
5569 7252 800
7347 8341 818
109 3912 952
790 7728 101
6487 7553 898
5638 2854 820
8073 8578 -810
267 6675 551
4147 6827 -161
114 4065 -429
2367 4409 -68
531 6848 37
5195 8352 95
7854 8195 305
2014 9398 53
1105 925 -660
970 6118 -207
6081 7166 658
6305 6713 897
9504 6400 409
8516 1394 17
2486 8690 26
6279 4393 289
7073 9290 494
9227 4380 14
88 773 -372
6320 5193 -611
7579 6188 -458
4146 8091 -403
2580 540 96
3555 81 81
4043 7319 -866
477 5799 -367
2840 9132 -369
3033 8693 -286
681 5497 692
7016 1963 -751
7823 4322 511
5715 3130 285
3818 7597 -945
1589 6756 888
1706 2273 -302
1675 8396 559
2612 6811 -80
4435 6191 -335
5334 2814 -224
313 4852 246
864 5696 -358
3886 6188 -886
8469 4901 493
4533 6539 58
1654 829 41
4499 1641 -605
6621 3343 710
4870 3724 -988
5037 1416 -471
6279 3865 661
5417 525 750
3913 835 -881
7578 1752 -961
5772 5681 384
2985 110 -833
5782 2834 -319
8015 7917 -566
3166 2307 -428
9113 7240 886
1054 3928 474
6967 4310 156
7973 6762 -2
6258 1451 -956
1144 2566 -151
4828 7597 -98
6867 3712 214
878 6433 -521
2871 4328 -63
602 868 533
8716 2299 -124
5089 1974 891
6003 1344 -280
8407 3307 -774
4595 934 875
4592 6104 -768
7462 4102 615
2862 319 317
7839 5353 559
7915 343 207
6823 9508 493
5711 949 -762
1633 253 52
9278 1923 711
5862 2370 -767
3502 5508 876
1883 8689 183
9218 9367 -817
7463 6252 882
303 6350 -717
424 4680 487
7645 6621 886
3181 5242 218
790 7499 21
5292 7213 -557
2093 4279 -682
6821 8791 -328
1385 2280 872
7133 6170 -940
5665 3557 -376
8037 4585 30
4578 1049 -697
6389 6 -984
1610 7863 -736
9267 857 68
1294 2076 434
7555 6487 867
6062 6321 -465
3887 6377 -710
1307 4439 437
3975 9347 -168
1066 6589 891
4424 7273 19
8157 7677 403
7535 4474 -345
4569 6442 536
3559 2272 -908
5606 3053 -534
5225 6309 831
8653 9329 -628
5627 9158 -159
2618 7405 471
6925 6989 406
2629 5454 -602
6170 6384 224
8782 8190 -540
2080 3970 575
5894 3095 -799
7229 5861 -919
7028 1141 -825
8502 3907 -748
6232 8001 -811
4615 1093 -949
810 5311 -686
3443 1314 834
6872 6294 -837
3575 7429 831
7283 9226 204
8246 7295 -295
4075 6567 -755
8127 3280 -623
2499 1398 238
3340 96 397
5248 9006 818
7461 2 -473
7594 6 768
9195 381 -987
2479 1754 462
7995 6349 868
1162 56 814
6316 4356 -423
1349 1569 -808
5905 3538 -351
955 3441 -490
4350 1668 382
2789 2752 -1
7935 7743 223
8134 4842 -213
7656 5935 -570
8773 9262 663
1378 8840 455
9208 2534 -794
1195 8843 281
8035 5663 -507
1184 3173 66
5336 3714 -512
1063 8616 18
6826 3886 -470
2708 2329 -560
7241 733 -251
2621 8597 130
7828 4805 608
5664 2959 -696
3948 5116 554
8399 8198 -767
1136 8959 316
220 2556 -304
831 6097 488
5908 5168 -150
234 1920 -270
2884 5546 340
836 5500 676
285 7963 -264
8282 3858 748
276 3366 93
411 8461 264
8398 5888 -456
3581 2201 975
9407 1083 -896
1764 6396 -857
3108 248 860
2091 7467 -919
566 1377 -406
101 8792 -789
223 1984 135
5664 5789 640
8034 1650 -222
521 7422 -682
4940 5657 -587
607 3095 361
15 751 638
1347 7803 -340
3674 605 454
694 5652 -530
5170 61 -504
7187 4295 -669
6657 4327 -993
7832 2508 18
6278 7781 -917
6240 4654 -282
1731 5863 387
2064 8268 577
315 5064 814
7163 3015 889
5068 3031 -973
3884 3392 939
6568 2565 170
2518 9414 798
3134 5608 863
8500 8209 826
304 5385 637
1861 1710 714
1827 7118 -69
3149 6444 430
8103 342 601
6429 7802 -581
1847 7939 235
9071 4305 970
9054 1673 804
7030 1920 412
7070 3315 926
35 9272 -84
1915 3669 53
6705 7553 965
58 1402 378
2019 2931 654
906 9231 350
7081 6662 -169
439 6231 209
5415 6379 -22
7744 2889 937
3592 2189 -996
5874 446 -340
4021 6589 -235
54 1053 -432
2901 7914 -370
358 6262 219
1645 1222 -321
6126 5455 761
3665 9010 -46
8671 6368 -661
5759 5657 902
3012 8739 851
7251 4958 23
1000 4805 423
2933 67 -75
9423 4317 -412
7222 2134 61
3598 2568 -605
4808 9218 971
5953 8230 -732
1400 7621 667
2244 1272 -721
6843 6000 664
3547 3674 961
8292 2929 509
8191 5463 735
6151 5267 -932
2565 8495 223
9351 1130 87
8084 7145 643
7255 2619 -269
47 2836 132
246 3666 393
4157 3344 -302
7237 2679 493
6327 943 577
5480 4610 727
6456 5707 -371
729 8257 951
7297 67 -37
6400 2057 893
5123 5600 -813
6181 5943 86
8812 8811 -406
2364 3371 -116
3174 8085 520
2853 7635 -425
7905 7324 556
8853 2258 83
1754 4298 -577
5331 8826 -231
8914 5768 -804
5080 4450 25
5279 9144 465
8752 4787 -322
757 1053 851
3599 6406 686
3362 3886 10
8733 149 112
2857 723 -747
6246 386 -328
9482 8493 956
1156 2176 515
9416 473 -195
3616 8454 -472
2029 1182 69
6467 91 26
842 7289 -92
3546 605 -83
8445 7867 779
4517 1338 -925
2096 6431 234
6366 6437 -441
5787 260 -73
4585 5992 520
5899 7215 799
5551 4590 235
5075 3008 38
519 6495 -438
3160 8846 -406
2627 4267 871
7002 7404 -132
4850 4035 93
5361 1653 755
2801 2480 343
5943 6562 -795
4508 6152 595
9010 8942 58
2574 5259 -124
7973 5849 956
4756 2743 -583
1726 9200 456
1427 9061 329
5906 1252 760
4217 6592 982
4964 5128 496
4321 8768 -481
1492 8135 120
3318 4829 670
966 969 -613
3189 2782 216
6786 8400 316
1229 5954 -481
129 6404 -500
2943 3090 799
6279 8181 -138
7782 6871 -252
7496 5206 82
5295 5604 454
2930 6021 714
8099 389 301
3561 2423 -822
1234 4966 -693
2526 3210 -232
5444 9013 -736
1286 486 -59
1933 2607 684
2833 2261 581
1204 8127 520
3324 1692 -346
6642 4920 -341
6971 779 -238
2128 3615 385
4184 8821 -511
7393 6610 290
2136 5799 -786
9166 2980 240
6174 2249 -493
2441 3062 -662
6877 3073 951
7436 7386 575
8459 9171 260
3610 5736 -637
2059 2489 -925
20 6420 878
4112 6257 -544
7338 2901 230
882 4198 101
5565 5552 151
85 8547 105
3872 7774 250
7206 6281 889
5824 8365 989
1364 2297 -822
188 7276 -430
1631 1852 -660
4134 2556 -699
4369 4211 656
8446 8911 498
5819 8862 837
7436 7300 -444
2483 7199 813
7313 258 -573
6582 5747 -854
264 5791 -318
3188 6390 489
6507 5447 -46
4346 2492 228
4780 4063 472
1514 8980 749
5264 3685 746
7433 4437 -248
5149 4316 -804
2089 6592 724
4773 5437 -812
423 6702 678
2068 355 -298
8962 782 -388
3386 7087 384
9429 7447 48
8627 490 -508
5003 5816 -840
1097 3089 -402
5079 210 682
3004 1628 -970
3468 2864 863
8183 5725 -87
4186 391 -661
311 4401 -647
4997 7463 -290
7260 6228 959
8931 6152 -498
8435 6514 553
5862 2986 102
169 613 -581
5112 8067 -157
786 974 192
4500 3651 498
8785 9038 67
9352 9431 -839
6289 300 -572
9196 7835 840
9232 5659 99
5879 5816 804
4345 9315 -13
4391 1730 357
5968 1347 275
3617 8841 569
4612 2421 -753
2039 6918 -738
6182 8852 106
5236 6930 -85
4941 1092 715
1163 6490 -963
2244 3447 -267
8915 2445 887
4822 5830 298
297 6000 223
765 2245 -104
6905 896 304
2379 4039 -740
7213 3152 90
2581 8435 -915
7146 662 -566
6625 2385 -689
6886 2456 -262
826 3996 368
238 6010 -693
3776 11 -947
6061 2335 -58
6843 4679 755
1480 1542 -470
2024 3604 -719
791 7056 75
1844 5194 -847
1985 5142 -618
7154 4501 -500
8293 4820 60
223 2230 -629
5080 5861 535
3340 2794 712
2562 9160 401
236 6416 -748
1857 7858 -463
610 7322 -732
173 609 691
5180 9169 189
4848 5933 242
8688 6091 934
3057 8605 922
7995 4375 661
5399 692 207
7730 1393 -461
7278 5052 -815
8754 8372 200
2743 2606 -180
7731 5962 409
7472 877 -980
9219 6308 -961
5486 7427 921
84 7212 -553
7773 6041 641
275 1282 807
7038 6025 -37
6991 8616 529
4042 5794 81
3331 2035 -486
7677 8516 675
4498 4778 -406
1166 9459 -832
7607 7053 523
9128 721 -573
7055 2728 516
7435 8736 682
6849 1904 666
6307 9494 1000
4331 9329 193
5164 3297 94
1440 8640 -739
2635 7512 680
5689 3863 531
31 2971 579
2052 5431 63
3339 1003 421
7626 2482 509
398 7206 759
6463 9178 109
431 8412 551
9311 3813 769
4881 4793 716
2959 6257 109
6637 7937 456
2340 5124 -605
3405 6428 -895
366 9320 -909
6804 3082 -548
7421 5823 -944
9090 4586 -488
1605 5403 555
7370 4120 58
8534 5137 -493
192 3015 -252
1682 1505 -162
2280 4846 -321
7612 9262 358
562 6989 94
6956 7028 861
1853 9090 257
9037 2966 371
9280 8027 -680
4687 4031 466
1663 2318 -445
5999 7636 64
4982 816 -748
514 5875 -298
5963 1501 482
9242 8985 -679
4164 3323 848
995 2395 264
9089 3951 -366
3897 8674 -860
2789 2454 663
4088 2008 178
3616 4266 -487
2052 816 -224
7603 964 959
3784 2993 306
1730 1954 866
6629 5382 835
5035 8188 -690
9160 1437 717
9420 1800 341
5372 937 -464
252 1941 -408
9409 1631 116
4178 3347 -290
2370 3855 512
9426 1169 -928
7198 5692 316
2821 2867 -597
7545 4369 -690
8698 678 -998
2843 8257 106
329 4998 484
1103 1794 641
3598 3323 980
5237 1793 -65
6813 4183 833
2557 1168 485
7126 1608 -594
2891 3649 -327
7816 8473 580
1063 6385 -585
9449 5799 -256
6032 8649 145
5946 1761 -508
8436 3947 -110
2392 3094 972
4479 6456 166
2708 8453 -620
255 5804 -646
4604 7336 -759
577 3499 630
993 6047 207
3679 1775 -499
1670 5335 -173
4525 8333 444
1638 6209 -877
5784 2573 -875
3185 831 -389
3931 8325 550
5827 9238 -412
428 900 366
32 4727 590
7620 7376 989
1446 4419 717
1543 8308 279
4807 5114 395
2706 8366 -35
6856 1023 -690
5383 9153 -765
7563 3316 -85
4580 3156 -470
6372 3630 122
2851 7286 -393
2381 5298 -316
1997 1830 655
9391 430 5
8721 894 -48
4829 8981 -889
133 4452 -610
4063 7315 538
8082 2247 -771
139 2094 -246
326 8472 985
8088 6173 -831
4209 3408 -962
8940 5672 554
8710 2680 742
6332 4406 358
5036 4461 -12
9071 4141 -484
5741 4238 -606
7336 4127 -345
5367 6131 445
7042 2765 981
3764 8162 111
4337 2184 -863
6271 6706 443
2372 712 737
4649 1743 68
8763 6432 -90
5082 3022 -652
4452 4264 753
3403 6437 2
5764 5215 -862
2430 4670 111
8128 797 751
8813 8088 50
3335 5421 159
1479 8312 291
9389 5770 632
3572 5365 -479
3046 966 374
177 2360 -339
9355 3122 -162
3402 50 -24
7613 5407 766
1439 6087 430
2394 4914 30
3943 6662 385
2281 8637 766
5105 3075 -202
3890 2397 36
5105 5925 -546
4886 9406 162
5326 6600 289
6811 1591 407
8901 7177 639
6218 3238 49
3507 6848 -801
5014 436 -661
3636 787 594
2182 1546 -378
7749 2653 -875
4809 422 749
9432 3323 53
3622 7413 966
1973 7458 374
7280 3154 -998
9242 2890 -685
1425 4794 -259
8158 6844 933
5291 9436 -869
6065 1658 598
8640 8192 -812
9307 174 140
9308 3105 314
5726 9192 -490
6517 4591 599
4306 727 -149
7049 6134 -289
2929 945 547
7076 8271 410
9292 7829 -623
3376 6617 -304
2040 3646 -328
6399 7895 153
1383 7014 -548
5681 3990 472
869 321 126
8143 6484 713
4288 250 -39
6371 790 450
4176 6080 -987
668 2836 768
756 9518 72
3115 7851 105
9095 2167 -82
5486 3797 967
7781 6148 292
136 4019 -601
7784 2547 -312
6464 2938 883
4034 1563 403
5923 2597 -763
686 6102 -312
5953 6594 -294
6546 5294 -946
8910 476 -315
673 1673 707
6413 5739 -474
1163 1159 -176
8465 966 335
2230 1692 -50
4260 4318 224
7417 1297 930
1789 1653 -552
6837 2626 -9
328 900 227
7709 2233 -436
3771 2874 -65
7120 6883 -865
6331 8428 510
5418 1898 309
4077 9198 -666
1880 2086 -985
8264 7919 -306
4143 2004 759
6395 1343 -960
3991 3011 -164
386 2636 846
8330 779 801
5488 6130 -76
8628 1512 699
500 6465 -121
4023 5089 618
8927 1067 105
7711 3384 -651
4798 7056 -478
2301 2580 -661
6210 4611 68
3406 4900 555
8167 7133 -596
2421 4713 -523
7436 2680 645
2031 5329 669
3593 8469 192
7811 4024 -446
5788 7381 825
6721 1640 471
7120 5223 -750
5708 3262 -874
191 4194 568
3766 32 623
1664 1260 324
6713 3008 380
8287 2464 -479
8952 3273 -348
6339 8642 145
7445 2417 516
5622 4153 63
9216 4324 631
8527 6684 -462
1384 2185 320
6204 3483 84
4593 7356 -234
9083 5745 -749
2595 2612 806
837 8705 -473
2873 1811 242
807 383 -879
8979 2509 511
1706 657 261
7021 7528 286
3784 5742 134
887 486 573
5970 8171 519
6417 3859 737
4893 8945 -65
2976 7371 -333
7191 1379 498
1062 2589 61
892 9261 -27
6614 2792 -114
6450 15 316
1658 7967 -210
9352 8368 -348
1505 923 -707
7178 3067 74
9163 2538 -967
1147 5317 -450
9358 2806 -423
1689 2730 -425
4082 2831 -455
870 6287 140
5327 3721 717
1324 3175 -253
3972 8124 324
7113 1441 11
4761 5896 213
6926 4900 666
6286 1096 935
2526 3977 543
2728 6390 -842
8012 8489 475
3040 6761 -506
3042 4942 -44
8729 8123 103
8859 6862 618
7699 547 123
8033 2003 33
8577 2592 -761
5372 791 904
6025 5052 -223
8466 313 707
7607 341 -388
1972 7929 411
345 6932 -165
8607 3265 328
82 7113 531
730 6117 -802
5180 5569 262
3824 3359 -727
5499 2188 -131
8143 5359 473
897 3674 -196
6700 2373 502
1120 2773 -443
462 6116 373
449 2174 -507
7202 4227 435
1889 8682 580
5580 8029 924
5478 5036 724
2974 7924 899
1488 1572 -958
4694 2598 -980
6326 7109 212
437 3792 41
2874 4010 -570
931 5659 109
1138 4053 -216
1610 3463 -729
6233 5032 -960
7317 3814 -305
8071 664 38
3130 6010 -443
3337 7132 166
3948 8197 188
7974 7637 857
1339 2772 -486
2887 543 108
7129 1071 -827
4747 8288 -794
5960 997 235
3206 7537 974
9488 2946 -144
3660 4537 -31
4172 821 368
4080 2261 -985
674 9427 -897
6653 7089 710
3536 6430 626
5037 2585 408
3507 4710 269
3299 8422 -290
7592 8458 15
5073 7173 550
7423 9337 299
6982 4168 958
2156 2553 37
3221 4356 210
2259 6246 706
9292 5012 -12
6422 4852 -773
2259 8234 531
9308 1501 956
7949 6980 -288
1055 4877 -767
8630 1269 108
8464 2395 -139
4957 5525 627
5324 3972 -298
5687 3953 -195
2272 3279 -837
1718 2638 -856
4048 300 -751
4601 3075 -607
7556 7944 -594
9090 2811 -370
8006 3526 19
2127 6198 -458
8536 3110 -347
7894 2725 -704
5645 7909 -685
9298 8764 892
6768 7790 -767
6140 7597 -423
5902 45 -258
8550 4466 53
3332 3755 -311
227 5161 729
9030 4419 765
204 2941 83
7334 12 904
3996 5347 -390
5381 8317 -973
7183 6299 911
8888 1568 -833
2444 8685 -619
806 7057 -679
1091 7392 -408
9383 1723 -930
2278 4772 985
8920 1458 721
6223 3209 -521
5887 6402 555
5326 4486 97
2012 117 173
1572 1674 -20
8907 2327 -878
5618 8117 -497
1271 8317 -720
6556 5943 -286
5663 2495 24
1806 7675 106
2132 9320 -457
9407 7463 -767
266 2530 -190
4975 5129 -274
9017 7643 -743
6954 390 837
4586 6035 -100
9357 3189 532
4801 2748 -271
2179 3190 -585
2309 5995 -375
7383 5341 618
2689 4025 -126
9406 6215 -769
8774 5508 77
8089 7814 774
1735 6063 493
5050 6629 -307
6988 7782 667
9458 4783 87
3421 2266 426
3051 2976 27
7647 6674 610
5054 9360 -365
5196 4160 -239
6084 795 886
3330 4128 -981
6310 1942 300
5129 6876 -350
6580 2866 445
1926 110 -251
7051 6138 463
2837 4855 722
737 9180 -529
7251 6521 321
746 732 657
2833 4023 651
4721 4074 -409
1723 8006 192
753 9025 -755
1830 8664 860
7167 2138 158
446 7118 -936
1975 8392 959
8199 666 72
752 1038 -856
4421 6984 181
5117 2310 911
3135 3936 -342
5818 2598 -22
2445 9034 401
7822 9106 -794
2692 8101 -348
7948 6998 514
8240 962 91
3098 3578 -380
1670 3055 -925
4500 896 780
1481 4967 -370
3003 9508 -264
6491 5626 -880
478 4489 889
2252 2786 601
9093 5438 -472
6741 379 149
3268 3033 -855
2462 3202 238
5394 1527 -989
5774 8917 175
1694 7808 111
5090 2748 -14
8197 47 -915
7351 4973 -114
1307 8802 -830
3524 4885 159
1718 2948 452
2818 6451 -753
5851 7497 -785
5921 983 -4
9357 4594 889
1466 2425 -974
2224 4743 -225
9510 8866 -934
8014 9379 626
4969 5787 905
3800 5401 -504
4843 7643 70
3710 8789 -528
6428 8614 242
8107 8609 190
2525 7964 709
1403 5187 847
4075 2236 537
1598 9380 -852
4501 5227 -100
1367 8627 -457
1329 6271 290
5032 3478 266
1423 6922 -742
2668 7748 170
1795 559 -729
6620 222 764
3368 1042 -522
629 713 -505
1538 5846 111
4051 3562 652
8501 9312 325
7370 3296 932
6569 107 799
8174 8328 868
88 1805 23
6028 4730 -794
561 4378 -311
8928 4483 -758
5456 7661 72
8331 4934 -118
8059 2516 229
8653 4449 -189
242 9023 -514
68 6495 75
2810 928 586
3647 3293 167
3716 4140 771
4418 2269 921
302 7359 -596
1329 5890 -83
6795 8748 -402
2415 2028 -775
8909 7858 420
3705 6503 -978
658 1986 389
2423 9302 -74
1667 7151 -756
8385 3984 428
9211 3895 -987
9336 4558 809
1481 286 -411
8449 5272 193
1845 321 458
5987 3174 172
4688 4479 -553
2272 3708 382
1419 4165 187
9047 8522 -719
5658 2783 479
2855 698 -909
8835 9495 713
6331 2495 116
4166 8623 -510
34 7028 972
3160 1002 359
7208 9219 362
8057 7899 -143
3940 1423 714
2432 3769 883
600 8936 -887
1516 1503 945
3274 3403 435
4495 7809 478
8860 4947 -370
3196 3168 328
3493 7583 -683
6832 8042 428
500 7982 -821
3410 1529 769
7475 4584 -579
4281 1927 809
170 300 818
116 3344 -460
6345 6299 -455
7662 2263 820
6704 6274 458
5282 7772 -23
26 3647 -440
8309 1543 65
4735 4603 -466
1757 2585 452
6511 3576 -687
1332 1078 35
3664 7986 17
1545 145 24
7363 1176 637
2803 3772 -815
2914 5516 331
7947 5253 419
1334 812 448
2127 7546 -615
1081 426 523
3389 7715 -593
4779 7805 632
7973 1526 882
2070 6162 -917
719 3793 704
6934 817 -720
7089 6388 833
860 9136 523
2387 4360 175
3232 8271 359
4625 3206 -811
8188 3962 614
2992 2443 760
6450 4709 -221
5442 2130 -411
7741 9168 79
2081 8127 410
8194 1240 278
262 5065 861
4902 7902 922
7577 4564 680
7487 9290 989
1421 8602 649
6624 6415 -120
4272 3651 -154
6712 3068 943
2495 4117 52
4257 271 193
3630 9434 980
4829 4205 681
4902 7047 305
5361 2519 176
604 2470 123
1111 8463 463
5634 331 257
1703 1527 -318
382 5231 13
8912 6050 751
8480 7266 388
3887 5969 -760
5904 2086 468
5514 1689 521
3470 8108 -493
1510 3109 -53
5122 2894 -882
7875 3466 -671
6136 5207 -225
3668 5874 -16
3677 6399 -5
2795 5672 873
8404 3608 476
3699 9293 981
8470 3840 -961
3387 4975 -916
7001 808 -483
4619 1417 -228
394 7064 700
7375 4338 -354
1580 8147 -168
2913 4526 -438
1364 6531 -43
2043 8293 251
4618 5173 558
4459 6339 -998
5348 4570 -553
9238 8625 682
5894 2838 -528
8934 878 225
524 756 430
9215 3345 -588
3866 1873 -584
7639 4630 -272
5988 7774 852
3001 3719 223
1834 2192 -932
6537 5654 670
3071 822 -186
23 9321 -844
506 9295 621
4934 4261 468
5895 1513 498
5963 5342 388
5971 6514 -322
4187 5337 510
4516 8915 445
3512 2343 817
4456 1493 -754
8210 8737 -67
4945 9161 153
6878 5751 791
538 6634 170
8053 8418 601
1706 1211 -552
9439 1344 -842
9117 4992 -802
8378 443 866
1697 7034 977
1032 2038 474
8612 1355 429
947 6881 -100
5847 5104 -84
6859 5245 -707
4899 3603 -428
8922 3482 -749
1922 187 939
4070 919 343
6807 1347 207
5963 9006 -319
1738 1677 -897
6500 7146 407
8098 2915 -829
8665 8092 974
2169 7835 325
8616 8002 952
5171 4616 557
74 3195 589
4923 3572 997
3727 8459 -611
3399 4982 -471
9466 6562 920
8892 4105 -499
7025 2818 -579
4321 6909 -300
5969 2729 329
4792 3755 382
519 1994 -323
4593 2295 -8
4610 2464 -180
2237 4333 -498
2473 6470 -206
6648 4308 -946
4018 6910 476
356 3701 141
5155 6253 -960
6412 7417 -988
7655 6349 -388
6835 4545 -889
6536 8526 -814
6599 7489 70
4815 5686 44
6878 7878 -773
1711 809 -108
1849 1498 -43
2576 8666 -77
5627 7812 357
6333 5383 519
8384 4201 -788
7246 3516 -172
8684 8632 -254
8436 4376 458
924 6480 595
9097 7697 -774
9440 2533 620
6842 4882 562
6590 2791 -287
4940 9337 990
5202 8473 -498
5121 9301 550
85 346 -708
5811 3540 689
8542 7611 -990
6544 2392 267
875 3636 -786
3031 6291 -211
2393 8399 53
6122 6897 270
7003 5535 582
8500 6865 -51
8601 6795 -700
1148 1096 -35
4947 1743 419
5584 1859 610
9377 3819 596
2359 3159 442
6513 959 786
5251 8610 -385
5250 4589 -192
6473 8503 -412
8231 878 -806
131 6471 835
7172 1639 -965
2826 8140 -777
9069 6595 -702
3603 7543 697
8531 4895 459
4187 6275 830
1016 1487 -288
217 1177 956
3089 3228 -843
5535 1432 10
4741 4177 -946
8269 6396 686
143 9066 -459
7177 2441 -385
5205 3745 -402
2628 9350 -849
2923 6668 -319
8944 3085 90
7197 3140 -562
2610 16 154
5871 6758 204
2149 1802 -519
3218 338 833
7958 8282 -901
2550 1185 -767
7767 4128 668
4067 7093 157
948 6183 -932
8899 1270 -905
6954 2529 -228
6417 6255 -191
5045 2753 812
4674 5995 759
2505 4285 -126
9043 8561 -262
5607 686 -947
6808 5301 -355
2693 7645 -427
7466 2634 -204
634 1068 -876
5528 9277 712
8733 6566 67
9345 3604 -260
2890 1618 -117
5146 3516 111
5627 2172 200
640 735 -809
3017 9062 898
2626 1492 814
6444 4333 -919
5275 3553 -922
4645 4615 71
6967 4214 -809
2521 3864 -908
3113 7868 264
5753 3306 -344
5621 1873 -571
4247 8402 608
4144 1347 -890
1992 3704 -369
8047 1049 -816
6426 2436 -330
493 5505 -395
2948 2786 699
121 9290 391
3723 4184 -634
3138 8961 -294
8112 72 -60
4817 540 -956
6709 2777 99
5309 4376 -221
2854 6237 663
3730 1838 -999
337 4039 -715
335 1718 206
2920 7216 926
838 485 -118
7852 8279 -102
1992 215 -543
936 6820 621
7744 1454 827
9481 5527 188
4609 5611 914
5669 5163 159
3961 61 531
6318 829 187
1176 6315 672
6041 5689 -970
7079 8783 694
8031 7919 986
1751 4850 623
8692 8459 664
6024 9068 -642
2336 6370 -474
2467 1788 56
5722 4710 276
5439 9179 970
6676 6404 -63
2474 1646 763
6021 8244 -986
7294 7146 -418
3599 6182 194
8179 651 387
4524 7703 -494
2412 4429 -317
9107 4645 371
945 4912 486
9497 3435 440
4431 1275 -697
1423 7505 -223
4375 1868 -928
6648 3289 -561
3453 3445 28
8398 7209 -123
760 3666 -611
4534 126 976
8907 2929 221
3964 4628 25
5438 6084 272
7420 4162 113
2735 1940 -294
2153 3123 -721
6506 7027 611
4017 1234 -887
1564 8938 -390
2578 5949 249
2324 638 -533
6667 8491 -456
929 8807 -571
6862 4225 -25
2284 2731 -994
5980 6298 -842
3418 3354 182
5468 7147 -995
5116 4707 494
8705 6834 879
5399 6924 -81
4478 650 -470
3924 3480 913
4491 9008 -713
1595 5225 -654
3272 6859 -909
1877 536 318
8100 4197 565
6612 5075 985
7557 4616 11
1942 7298 -808
1722 4123 583
5691 540 29
7923 6559 -995
5332 2827 -60
1208 8518 -310
3586 1220 20
6546 317 504
1110 4064 315
5077 3599 -888
6091 8206 741
5046 820 28
3523 321 704
8881 1985 928
2163 530 -715
210 940 368
7481 1383 -389
7348 2600 923
7942 4487 -328
7507 7751 -34
2779 3944 -936
3603 1633 705
1960 6928 805
7616 2472 590
2349 8154 300
9338 8895 -105
3321 9237 104
464 1154 296
4066 1060 854
2118 927 544
314 6302 -199
2566 5954 893
3223 4645 250
6743 140 605
993 280 523
3533 6528 -992
1201 2991 322
8713 1410 -465
5062 5419 514
1835 5518 -996
4948 2217 -741
9306 4480 107
9218 5707 -868
159 54 -874
1048 2616 629
3307 4771 384
5223 6453 503
8548 5884 594
9251 4836 -100
8217 8094 -982
6017 7949 638
8174 9404 -388
8280 1472 -209
8146 3716 323
3855 2264 -758
77 1743 957
8558 8354 310
3286 9169 -634
1571 4403 18
3781 2733 790
127 6529 -577
5991 5149 298
794 1090 865
3544 2658 525
6705 5754 -155
2943 2407 62
5152 5856 -386
2305 8690 604
6782 3615 -702
4948 3673 -74
316 1673 -795
9020 556 -711
6358 4439 638
2087 4790 954
1017 5094 455
5607 4224 -654
5477 1513 -683
8657 3252 177
3541 7630 557
8004 5974 -510
4353 5664 -811
1379 5581 72
5110 3845 915
8502 3324 908
5818 7752 -110
5642 2958 -447
8037 8728 78
7996 4480 -691
8460 7866 -990
6207 1564 753
8644 2929 -93
8060 5993 -897
6955 3850 969
7768 5555 91
2219 219 992
4397 9486 -521
7707 6788 851
857 6711 -571
2988 5728 278
7829 1581 -421
3253 3087 -121
1560 5804 988
6335 5233 -939
1209 2085 874
6030 3756 -666
3281 6116 274
4240 250 510
1166 6046 -235
8445 2658 287
3929 2399 -135
3975 6847 84
5024 1248 -214
6605 2937 278
4296 5128 756
3919 1806 -752
9495 6075 -552
6974 1684 -610
4581 7167 181
8500 710 1000
714 6460 71
3921 2760 408
6779 895 -628
1185 5968 349
7203 8116 -384
1232 4740 384
2420 7652 451
8951 449 -476
9058 8628 580
745 8172 853
5034 9121 852
6710 5539 -456
4606 1924 -711
6073 885 -988
7666 8385 -184
2776 4585 634
4631 6196 61
4144 6318 52
1486 7895 -325
1867 7849 -78
4308 6879 349
4667 6904 852
1743 2853 -892
3965 1292 456
5162 9239 -808
6345 9166 286
4847 4121 -329
3773 4271 636
865 7102 -242
3536 5553 -749
6061 8770 -320
6539 3024 462
5156 3457 361
3703 5631 -934
1670 9018 -899
2895 6701 446
770 8511 -539
2163 2959 599
7452 6121 278
3455 9151 -870
5737 6512 256
4580 4537 289
8164 5868 -788
5876 4294 288
2214 4290 -299
8143 92 -115
2268 1217 723
5986 2600 599
2873 185 197
9328 273 -527
3140 2041 -366
958 7500 787
3177 3727 -326
434 5441 326
3957 2910 349
844 2421 -886
2653 6629 -566
9191 2091 -369
6675 7798 -729
1786 794 -564
149 7173 -316
113 4708 493
9046 5692 882
3947 7029 -470
7615 3839 755
8565 5747 386
7229 9504 504
9031 1154 826
3671 4188 299
8236 8884 795
5386 3958 30
6363 651 503
8041 6922 -584
9192 5012 575
250 4833 -724
4278 4613 -892
1439 8656 -537
1255 4440 702
6490 4930 -853
8543 2360 -411
2540 3147 865
3323 7063 -845
9513 7865 -248
8656 6838 629
8674 1948 288
8825 1413 -258
7993 1723 -928
444 4632 -362
2582 3101 -228
5372 6975 741
1753 1019 42
3329 832 -322
3595 1359 619
8565 884 -134
9078 8985 -412
3676 9474 -230
7156 6727 442
2047 5666 49
4998 7727 -95
8807 2854 791
9082 2045 744
5606 2949 817
9128 1996 -21
3489 1691 59
687 6846 27
5996 4427 -226
1719 9418 -967
2060 4234 312
2753 3043 -585
4922 5414 -685
8164 3521 709
6865 1853 72
3744 5623 503
5155 140 107
3269 2888 27
634 1213 38
3822 2551 594
6107 4365 -796
1637 6045 -109
7863 8637 326
1385 3313 -28
3140 6573 -290
1490 1477 -899
7539 64 21
628 5094 112
5740 2880 83
1464 8539 858
4669 56 -488
405 5964 -394
1137 1333 -800
5749 5342 634
3699 8759 -827
979 8381 -644
5141 647 505
410 6229 100
3421 6071 -59
3497 4253 -656
2965 8981 719
9233 2755 223
2077 8946 753
7342 8892 847
3736 6051 -184
9224 542 28
2650 5361 -256
4599 1072 117
1779 8101 -780
9262 613 460
4214 9456 280
8872 7935 301
1949 2603 674
7545 2437 -793
2218 7317 -521
5112 912 -162
2910 8779 -459
5339 1212 -495
1893 2751 819
1194 6070 -772
6202 3525 -808
6332 2820 330
3038 7335 -911
9501 953 794
445 4742 -360
1928 5010 823
6867 3408 -94
4485 8986 -853
2666 6870 586
586 6326 28
6840 1625 976
9330 477 -396
8868 2913 233
8233 9147 741
7987 7646 519
6365 1965 436
2836 4715 -926
6398 8015 -879
8254 5559 -801
8262 7299 -330
6749 6932 447
8404 2632 727
7628 49 189
9484 3287 -574
9510 7906 -351
9383 1427 -668
7717 5962 299
4599 5006 111
5156 728 769
2571 1418 -514
4614 7416 -848
5976 9476 60
5072 5873 -916
6615 8411 238
6699 4168 -226
3689 775 333
7731 5499 -276
3852 7639 304
475 8122 906
1135 740 -860
2932 1200 904
342 666 992
73 6609 -273
4840 4595 254
3025 2799 -167
7131 5176 193
6300 133 -546
8463 5286 151
8274 3981 131
5008 380 743
992 164 -263
3147 7206 972
8295 3995 -443
434 889 113
658 9302 -274
501 7120 -169
4190 1567 145
5282 6214 -884
4246 3619 -252
3328 3389 -149
2943 3437 -902
8511 5491 -372
7172 900 -464
5389 2000 619
454 6639 -938
4648 3143 309
8524 5641 -146
1256 2918 -480
8713 7612 836
8675 8286 -876
3738 8831 167
6283 7848 838
1994 9432 -955
2440 460 -526
5083 7085 -75
8060 8097 -793
3779 4430 124
2454 4488 -58
9054 7952 -307
1927 3489 868
584 7560 673
5405 3478 -751
3972 4432 -734
1702 7861 -152
824 1146 -418
6502 59 -244
560 8839 253
5454 2255 999
6050 4095 84
3276 8596 501
7993 3927 68
2593 4481 -408
9182 1407 -277
2883 1684 -308
7065 2782 675
5672 9484 -97
3215 9288 -500
6356 8827 -261
8548 8967 289
8516 8939 646
7149 7996 -252
8901 62 -206
8208 6658 684
6348 429 796
6584 9360 499
9150 4793 610
409 5161 -948
5149 8723 -451
4527 2754 973
783 207 -829
1117 7651 268
3433 9312 77
2367 6068 658
6207 3214 -973
1186 3471 -241
3235 4229 152
5966 8975 683
2165 3234 268
7534 3525 -478
3856 3846 -186
8399 771 -809
2593 2551 -112
3552 5600 -450
1781 6548 -702
7400 2971 717
2536 5821 399
4303 7121 -926
1082 1976 -254
6115 5838 483
8796 6898 -503
7155 4135 455
7442 7895 -648
8895 8598 631
574 2900 -567
6682 7845 -927
3619 8374 622
7181 2553 174
7704 946 277
1807 9247 75
7794 2035 -548
560 7839 281
8399 8063 -388
6916 7761 590
4540 8632 -968
3910 1573 -249
109 9009 426
7805 2962 149
8908 6294 -290
5016 6717 -832
3370 6872 199
6517 9423 -792
7251 3529 640
9126 8560 863
2987 5360 -479
4541 3180 -610
4519 4683 -108
6022 5118 44
8150 749 -561
3869 8037 -663
1807 6460 886
5488 5617 418
8560 7920 268
6329 6445 -945
6952 4913 202
4566 2901 697
2797 3695 497
6981 258 -456
9424 1695 -164
954 799 553
3726 4155 -114
1764 6851 856
1865 759 332
137 3458 996
2501 8755 -135
5424 1216 -281
5447 4148 -522
2872 5731 -208
2129 1850 240
9166 1155 -249
3624 4251 -587
7152 249 -714
3632 4543 -169
3241 4395 -672
3530 3355 -26
5102 2548 948
9136 9484 657
3432 5032 768
5529 2413 -114
6152 9143 166
4827 4633 -904
9266 4086 859
92 3429 2
3115 6839 920
5326 7288 671
8199 6317 425
7636 6313 427
3263 6591 -4
8856 9121 142
2773 1586 124
4133 6729 -752
7134 6363 -792
5164 4135 905
6081 3939 998
6696 4684 -890
5993 6398 654
483 4577 246
7125 3052 -869
5219 6880 912
5696 492 749
1932 6950 120
6365 5702 432
831 5236 -913
9497 3284 -254
7971 6508 6
1818 435 -406
5066 2411 394
8905 316 743
2594 8019 -78
1235 2981 671
4003 2021 -11
4080 124 932
4244 4891 75
5719 730 -38
8461 3539 218
5141 9256 376
7659 8448 131
3907 6791 -772
5216 6623 438
6941 1091 -522
6465 4502 251
3728 2769 -803
6062 301 -268
774 3006 818
3709 7787 -757
7786 7376 435
4949 4610 -407
4063 4512 882
6226 2290 146
5438 7623 110
4626 1498 -918
1722 9384 -531
4762 9144 -784
1640 5861 -706
5199 1252 308
7555 8678 -587
7499 6338 -14
956 2429 839
1862 2507 -596
1140 2840 520
3293 2140 -776
1292 2836 -553
6911 4747 797
6773 1345 64
9083 6671 -918
3067 1633 -333
8008 4471 -594
7180 6449 -667
9059 8770 658
8653 8632 827
9174 8820 329
5305 4901 180
2576 1203 -719
6982 654 -454
1925 5167 -41
7944 1930 -366
5369 7879 665
8758 5885 -250
8594 408 294
9046 4033 -39
1680 402 815
315 2561 691
9395 4722 555
7030 8943 -29
4802 7000 509
4290 5512 -575
2533 3333 718
6490 2983 291
2152 153 -6
2661 715 -398
3122 7546 441
3387 5666 795
6603 4983 978
393 1892 -316
2945 559 -503
236 8830 448
4105 3998 -118
8521 145 284
4669 4472 -99
7837 4800 148
4347 2305 601
1485 1512 -84
9056 6442 -880
2683 2714 482
4738 3498 -522
7827 3946 614
4553 2888 -995
6908 3676 642
1519 4248 -626
3581 5819 -550
9252 806 -12
5727 5359 -97
6108 7327 112
8032 2154 376
7952 8891 -26
2735 7435 785
3345 1186 -447
3183 7291 397
759 9425 949
8844 6432 -512
1349 5668 677
4547 4994 -100
3625 6764 571
981 8395 -598
9325 2912 85
268 5462 -498
4772 2481 -134
6335 9422 -792
7919 425 -612
4871 6978 -731
5701 1368 -650
2016 9269 -794
4916 4802 -876
2116 8076 -572
2632 5755 453
504 4067 260
1231 1596 -734
8527 3261 -762
2990 1882 791
491 1318 301
5548 7859 883
415 734 173
1810 3044 90
1218 3562 220
3565 8692 977
6656 9465 153
6881 5056 829
8077 7733 -409
1348 1503 569
8570 1623 -892
7486 1587 683
7179 444 -463
2489 1774 -145
8824 8880 592
7929 142 154
3698 5801 836
4653 5130 -390
3384 5198 -396
5671 7475 93
5914 8757 694
6614 2957 282
7934 1897 176
9367 2067 675
8182 3265 144
7629 3256 -553
9432 1507 710
440 1345 -261
7354 3708 -71
4394 5928 -50
3405 6687 -569
7907 3356 835
8476 1908 302
2946 3456 947
2328 8730 -852
5832 6120 673
446 347 403
3450 691 -189
5495 2750 636
7695 3373 -389
8023 8255 -266
5071 5523 -644
2943 8779 -795
7731 6763 -868
9389 251 -917
5672 5886 228
7632 6588 468
8321 7672 -109
608 2776 -732
2864 8957 -739
4673 6713 -746
3007 3504 698
8198 1878 478
1358 8107 136
6764 4487 997
4375 817 251
8526 178 801
27 1791 -236
2852 8885 -8
537 7056 -57
4283 9359 902
4910 7460 653
1893 2775 -883
5038 1900 909
6337 306 725
5473 8563 958
2965 2133 16
7104 8777 85
337 7405 -721
7360 8585 113
5849 4491 -278
7020 8639 -197
8448 6605 -44
898 3668 -2
4768 2812 -378
6693 9483 583
2869 3941 -664
1222 7560 -490
4757 9050 767
8196 2642 -863
8499 4021 673
4924 3895 476
8596 5877 -55
3285 1753 -861
3873 6444 -790
2317 4624 742
5201 4650 -216
3712 4439 763
841 3207 -487
4490 8709 -525
6813 1047 567
3268 806 -59
4599 2000 -993
8828 8729 57
8031 9044 251
4440 7670 -474
8452 4572 191
6618 709 13
7126 6003 136
1888 5242 772
9054 3458 80
5329 3498 -762
1528 3911 459
1178 8802 -346
8994 1810 -131
4717 6184 891
1625 1105 334
3738 1347 869
5490 4550 728
4232 6132 791
2526 8909 -864
6029 370 -736
4417 705 888
5489 4233 -295
4848 8270 -164
4001 342 54
8398 8018 128
3876 841 -31
1021 8952 952
5624 8740 855
2884 630 -47
3917 8861 703
3450 5907 769
6277 3062 -97
2393 7414 -524
6452 3466 387
4856 1072 -772
6543 1964 -690
8772 197 767
6844 5098 494
7062 8226 -128
3082 9457 444
3904 4725 911
5121 4427 -642
1115 4659 493
3662 3227 -70
5010 3104 -734
1447 5681 -848
9264 8335 -705
8242 7125 -10
5003 4351 3
9440 7338 390
3652 7975 -89
6590 3400 661
6825 8640 99
8756 6886 158
7825 4952 582
3967 5660 474
1938 7384 -372
6207 5728 290
2134 2616 -275
9421 6764 -771
6677 1845 676
3042 7163 436
8970 6844 108
7698 1618 -694
9328 6685 -314
3463 959 -449
2909 2436 -986
1871 7134 -693
6415 3655 -919
5351 2160 -863
2630 8608 -131
5304 8182 -101
4708 7482 -376
6140 8867 132
5308 7537 371
2305 761 -564
7321 4945 997
6567 4517 757
3675 6040 207
9494 4184 84
6977 4240 -986
7487 8428 313
6873 4959 -76
3877 1225 752
3189 380 -39
3778 3207 -295
736 4054 -400
5102 9087 -121
5592 2388 -525
8980 9188 -592
652 1984 -561
430 3938 -840
8949 2783 845
4680 8749 -238
5884 5133 -504
7183 7560 -952
5991 240 923
2519 3727 50
2246 8201 989
2428 4282 306
8191 7917 -236
1521 2950 -159
2287 7771 521
9218 8575 -142
5968 1731 -800
3347 4827 -211
2421 7768 -796
5443 3385 361
2216 8294 309
8609 880 -123
3804 8097 991
7645 515 -668
8504 8026 -303
1012 6746 -218
4680 9498 -759
103 1852 924
9067 6314 538
7885 2441 778
9472 4050 386
3591 1821 941
5812 8164 -88
3764 1990 -192
5706 7444 334
1272 7570 -361
6957 4297 -745
3150 6011 -101
1204 727 832
7205 8313 515
8773 3047 924
3146 9263 665
6729 6672 319
8035 8284 918
1543 199 303
600 200 -697
3217 8291 398
1841 7851 -892
2599 6655 -765
5455 9304 -862
7176 7474 854
2146 5641 585
1693 5605 855
1003 6752 372
1780 4416 622
743 3843 -791
2424 5159 612
7382 7361 122
6591 3534 975
7007 8028 877
7951 9504 11
5375 9060 -237
2970 1003 -764
8136 6471 -855
1831 8345 327
2103 8013 -211
3572 9172 929
8326 7212 -496
6207 5809 669
6217 110 77
2143 8950 505
4779 7639 -860
2296 4340 489
5121 2402 -377
259 6626 -17
1009 4717 780
4148 8207 841
3088 2521 186
8278 2694 -838
7706 8768 -409
1292 3537 -30
6390 9053 234
3770 8633 454
4818 1640 -294
2106 1839 -626
8151 7361 716
9292 6754 -61
8100 5061 261
4449 4057 -54
6059 702 -354
5729 9124 505
8173 6307 984
7007 2497 201
5777 7799 -946
5175 6843 437
2460 105 -93
577 5354 -180
9402 5877 346
3397 7061 268
6227 431 -55
2776 282 462
6991 5710 537
4042 4073 -666
3764 9406 -330
4694 7404 707
8766 1639 -199
6434 5750 -349
5709 4313 474
8258 9001 -670
3293 6066 775
4244 3065 -918
5319 3583 867
4033 7700 -242
7060 1156 -356
9184 1685 188
592 6488 -984
7578 1563 243
9172 7700 425
9131 1583 520
6696 1137 866
1233 6650 -425
7543 1999 -939
7397 809 945
3208 2173 893
4240 5520 -810
801 640 -127
4321 7144 788
5087 5173 909
6241 6477 386
1289 5046 -921
1181 2641 -103
4021 7393 158
5568 3693 941
3372 6038 -151
3973 4729 7
807 6019 -292
2545 6451 -262
163 3519 623
8815 4776 996
3196 1579 372
9386 7355 -663
1656 1471 308
1995 3509 219
5661 2568 150
7438 6667 183
4921 21 -541
5175 9061 199
2215 6042 64
4799 353 103
1523 3756 220
4470 6268 -565
6318 5652 394
8907 5550 -750
9431 1544 -232
3370 2683 -861
9213 1823 881
2471 5200 740
6651 2012 -24
3340 1563 -42
2609 5164 275
617 7333 949
3790 1829 -641
1137 8776 757
9406 4800 25
8533 8279 794
7962 7454 -277
2065 4964 -449
2302 4333 422
9500 2753 -847
6228 8234 -223
2344 4213 -107
6699 3196 -919
3061 1720 -756
2014 8814 360
3724 9121 -956
8478 5563 -868
5524 3752 58
2851 5910 637
7642 3492 776
1773 1891 894
2427 5025 927
3829 1398 -19
6101 5122 240
34 4738 768
4857 7791 665
2499 240 -841
5758 4005 -777
4416 834 -294
9005 1127 -196
8669 8391 119
994 4101 660
7827 5504 470
9060 4211 -227
6990 3108 268
4801 8921 113
2801 4657 652
2679 4007 981
3438 8669 -211
5821 2254 -351
3832 3327 423
3102 4158 -645
2631 852 -206
5520 314 -663
1238 8639 971
5477 7230 -954
373 6310 156
1931 5517 267
6271 9497 169
1331 7599 586
24 3004 -91
3109 487 -692
6147 4219 600
1880 1309 -356
6325 257 694
4920 5609 423
8031 3050 -178
6375 3433 154
7359 4354 -234
7631 1108 -518
3479 8623 -556
6481 5331 196
5614 9139 -579
8540 1201 -139
1958 3428 792
7730 2804 53
1180 7010 -716
4222 1267 -98
2419 4682 -249
3052 2794 -154
4613 7415 -986
4109 304 158
7498 3016 154
345 7575 -627
3391 5229 148
6918 6015 638
8017 8705 -44
579 142 -233
253 8928 978
4957 5021 -990
7188 3012 464
3040 9157 -630
8307 111 -231
8407 1016 671
1199 1604 -816
4970 4936 90
7965 8335 -178
997 3527 -889
6841 8467 257
7094 6883 -108
4724 3902 -590
3729 8868 -914
5791 758 633
3715 5974 -492
7597 9390 542
610 5213 151
3869 5428 -720
9391 6333 -104
4040 5096 501
4690 628 -392
2613 5978 230
6966 9230 629
5195 5019 716
8937 4488 -499
8599 1135 420
8771 5734 742
6375 7007 795
6356 527 -492
9122 2747 -724
3030 988 -498
8356 5877 805
1794 9453 552
6896 2843 870
2612 1891 21
77 7388 378
1258 4756 284
1960 5250 673
6141 4245 -34
3581 34 360
5845 7845 801
688 7179 865
9108 106 -510
922 8615 866
2055 6183 558
1010 2857 392
6125 751 791
868 5054 -991
2022 1612 -973
5824 9082 268
1844 4190 242
5769 3207 419
7876 381 648
6309 2589 350
7348 6278 93
3373 5794 -931
2793 6647 -421
5606 4041 -762
8882 6282 -519
2500 5506 -722
468 1246 467
4816 1127 -86
6586 6239 -957
3842 4638 966
4097 8513 245
8498 1237 -634
9288 2837 255
1164 8240 -711
6144 3529 9
5008 4931 902
460 2457 360
2222 2903 -9
595 800 -984
5892 4022 -42
4273 3602 -254
1388 4906 268
292 4805 -690
4706 349 -377
3664 3557 181
2316 2406 889
8156 6980 768
5653 6645 -771
7293 4524 -889
4680 75 -971
4589 2042 -634
5220 7320 117
4478 8748 -501
8342 433 439
7244 4401 -873
6023 8051 900
3057 6348 -1000
4435 1619 973
5848 4004 -660
8062 5058 196
4779 187 -254
6011 2200 -130
4100 501 539
2574 6160 -509
6754 5297 375
8188 6441 676
294 2030 548
672 2569 -575
3637 9358 -248
9167 3854 -721
9068 6902 -939
8382 9312 312
3066 9484 -125
6811 4113 -708
7343 8406 176
7233 8185 783
2907 1553 -883
5289 983 -509
8232 7885 822
158 7398 597
9313 2374 897
6830 7395 -292
1345 4772 701
3813 1598 752
5644 8782 -486
3729 6166 967
8293 5295 -268
3030 1355 -751
5524 7635 -69
20 1420 -809
6138 7153 -715
3424 7118 -554
1966 2002 -765
9249 299 428
7587 1533 248
8132 5514 704
5166 8633 139
8799 6671 -911
1585 191 -740
6445 3964 461
2355 9377 -395
60 7163 -765
3567 7724 243
965 2869 179
437 9311 925
980 7345 -407
6576 3971 -367
1351 2501 987
713 2371 -610
6858 8848 296
5349 8996 118
5496 8785 520
6580 2199 -622
3364 8560 -88
42 3258 -998
7614 3374 -248
4337 147 506
6762 8941 152
3100 6846 -170
8865 8860 -404
8120 5377 -15
114 7830 -57
5538 9262 18
4820 3130 -839
8785 2853 -90
9510 6573 118
3179 8284 -447
4246 7182 866
7959 2413 591
5229 8509 422
7890 7924 567
7414 9414 -349
6880 2092 -484
8500 4497 71
7286 6363 -60
8081 7851 824
7390 194 442
4970 5793 -902
3566 4999 -866
3047 9038 -650
4668 7811 -917
4793 4294 -974
1678 3366 71
2537 5398 277
7895 4678 -392
4861 2009 -795
7850 8091 -213
9009 413 -393
4080 7514 966
3734 4813 -510
5957 4175 513
119 6089 276
7119 709 881
3856 1888 139
501 8746 20
110 1614 -924
7279 8367 253
5966 4472 672
5229 1314 -286
9193 995 -701
8216 4795 357
6205 8215 613
52 3488 -22
7101 1362 -676
7597 7097 -302
1056 6954 175
341 3657 -312
8445 8347 812
4558 7593 -334
9381 2774 587
3242 8867 470
2614 936 792
4212 589 -649
3814 1900 380
127 958 -860
1967 146 -22
5549 7003 -464
6664 1699 -846
4994 195 -945
9375 6054 282
8406 4421 789
6789 1523 -854
2834 4759 -524
6461 2106 -179
8917 7638 823
8628 387 -473
8217 8764 -273
3012 1651 -103
5991 7307 -939
305 681 -609
4734 1488 -675
9516 2688 305
5115 9222 367
5998 3841 -37
3542 6300 -360
7098 207 922
1288 1492 543
3565 2585 -188
6124 5760 -122
4713 8663 -966
236 2423 -86
7148 3693 -796
7855 7151 -795
6818 5450 483
5422 8292 79
2149 7437 -20
3661 1041 -270
7033 2655 556
412 1984 161
8011 933 824
9424 9046 -208
7117 7036 471
7001 8446 883
1107 3535 -465
950 6653 -26
6521 1131 -686
6116 5217 -218
645 6759 -881
8761 2582 -920
4943 8199 626
7912 766 -121
8121 5802 110
5568 4554 828
2267 3499 -162
6541 9083 -47
2432 269 -900
823 8567 751
5584 3508 147
7738 2157 -351
5053 227 -695
2490 296 -851
6056 7851 -90
465 2723 -931
1260 7862 623
767 1172 893
1544 3737 785
1745 5944 -201
7361 6703 -519
9273 6210 -659
4211 1449 -829
130 2102 861
7318 7281 -13
3015 9018 973
4105 462 -19
8466 3907 412
2348 4507 -599
7708 7551 761
8903 3531 652
7090 6875 250
5060 3856 -167
3190 8727 529
6639 2146 -687
7073 8556 259
6845 7965 -119
6650 2108 446
3495 5932 46
4164 2560 891
9365 2870 -771
1966 5445 -573
2118 123 -890
7917 52 339
3432 152 818
7238 3584 -986
3069 8173 90
1633 2594 -190
8967 3163 -557
7834 4749 743
3882 1980 175
1284 7202 -440
9172 7685 392
9455 1873 -931
8432 3658 174
1734 2287 -505
8439 7738 -484
2349 4453 -211
2489 8704 -155
6297 2983 -579
7290 3112 549
7661 1305 239
5012 3792 -238
5637 4016 926
617 4691 -839
5900 8201 -828
7177 3221 -432
2406 5125 -589
8980 5471 346
8609 8043 -687
6803 7034 176
1752 8437 -363
206 434 192
3071 8497 612
1179 364 986
6033 4857 -147
1484 2036 -145
3000 1492 -468
7885 6380 -823
1077 7916 1
167 3636 174
2636 2666 296
6708 7444 100
7012 4948 -433
5314 4031 622
5354 6578 505
2916 1378 -370
4630 2663 -27
2802 3541 202
6336 7668 469
1695 3059 384
5456 128 11
391 937 -3
1158 1371 -491
5334 2220 991
6279 6106 -210
1384 4585 999
6837 2145 -578
9338 4644 275
4123 4181 -37
9292 8326 -105
421 8651 295
8773 4577 -508
7182 7184 -253
9516 4415 -363
736 6014 -293
5229 2801 -866
5457 6474 552
3994 4063 -429
1443 6525 923
5483 8766 106
7499 7500 197
1222 2487 878
9254 7014 -316
2764 8058 170
7638 9363 -251
8819 8322 439
3272 7683 -367
4995 241 301
1512 2173 357
3803 580 -5
7689 388 -749
6418 2055 325
3847 9021 637
1836 1714 -387
2023 5597 499
4976 3333 -940
2424 9181 -285
4374 9064 -511
8515 241 469
2150 2988 -646
8896 7274 -964
305 5848 278
8385 7572 565
1353 8168 323
8321 1924 -656
1835 350 -470
3739 1708 -503
2419 5573 852
3323 3712 105
2215 1615 -984
1810 5371 681
5459 4168 773
3827 6057 -398
247 3227 679
6210 425 178
4578 4067 -57
6422 7866 -42
5163 9499 838
6253 4720 -178
5454 1576 483
5919 4223 427
2110 4162 903
5022 683 327
1890 6735 379
908 8061 192
539 4655 114
4460 1222 -362
6967 4513 135
5707 5222 310
8137 6592 -138
6 8076 135
4593 3980 248
8436 2961 39
456 3451 466
2241 4108 -161
2211 7650 -450
2195 2209 325
9085 4369 -628
2272 1969 -240
9233 3407 972
7611 9461 32
4189 3682 446
966 5974 127
6321 7392 -963
1315 6830 438
762 8579 681
2207 5748 -823
151 2754 -519
3735 5203 769
3417 1367 -177
25 6680 -976
6849 1761 646
19 1390 -262
1894 4932 -399
4867 4201 -890
4224 6174 444
1277 571 790
6545 207 825
1914 2527 856
5768 2260 -284
438 7934 31
8528 2190 -124
5204 8003 -647
842 5929 -100
8324 2793 -325
5409 889 555
146 246 -285
1906 3759 -112
6563 5641 -373
6854 3123 530
3030 9038 15
6030 6525 -781
8069 8216 714
6075 4888 117
6983 6277 -548
2255 6886 -731
509 3330 985
6929 8959 224
2492 1493 98
9085 2954 -302
2624 2202 -567
1906 8565 714
7104 5500 164
1175 6923 -535
2567 2122 294
5464 165 241
3574 6619 298
5413 76 410
1007 101 -160
4391 2679 684
1226 9167 382
2719 1881 -219
3233 1310 -639
7812 5405 -128
2671 429 946
3904 6944 617
1697 3446 911
2677 2535 546
4766 1227 333
1918 3517 -111
4709 5388 787
2324 5975 -987
3514 5535 118
9206 2577 735
6757 8967 -105
1952 1561 630
7335 4299 -73
3266 7834 867
2246 4245 73
5822 5170 -543
8471 151 -340
2483 1977 -491
656 6811 33
2654 7904 238
2980 641 -273
3912 4095 508
2812 6390 92
3090 5342 -455
344 9363 -497
6192 1482 -216
4750 8072 537
1597 2923 509
5741 9099 -404
3409 2897 82
4353 5674 -146
8505 5789 -479
5344 1651 -171
2214 77 -467
7054 7491 -177
1359 5884 919
6938 3858 423
5459 4294 -219
7888 8615 -735
2590 8843 469
8742 5415 295
2229 1774 730
8106 8506 -265
3181 7862 -363
555 182 -457
681 1844 339
3608 2644 617
7098 2880 -108
1886 2375 555
3561 5729 -765
4303 5639 -88
633 4754 -412
5927 9210 959
1109 1575 -456
5579 5764 816
3921 1162 595
2986 8167 -844
4792 80 687
1275 5124 745
2496 3669 950
1535 931 -525
1299 1495 -479
1805 5614 -375
6640 7279 -974
5622 4373 -233
8231 5785 -959
440 3137 -596
7438 7037 -525
980 6706 -377
4975 530 -95
8710 5953 -929
3441 3661 -346
4415 8769 -89
9272 2346 302
6678 3058 -766
1879 3182 -368
3326 4202 -640
7166 6085 564
3085 6680 -545
9054 1811 215
612 1937 -582
9501 6436 -577
4046 4500 -113
8519 2218 -313
2130 8440 769
7729 1043 -843
2308 22 -696
8443 2588 -792
7395 3112 662
7817 8195 357
4635 4810 -652
8709 4758 -936
9247 6240 -64
7989 950 -46
8581 9104 -754
597 7854 403
5949 4252 -663
5890 3838 952
2258 6582 -966
1905 6 -137
1648 651 666
5686 8685 -755
6896 1077 -376
5324 202 -506
288 1577 391
5474 7811 -330
5287 9433 629
748 3920 -698
328 3873 322
5562 2533 -546
1917 1961 -655
6419 4433 -385
7020 343 109
5305 8445 1000
4146 7417 -196
8163 208 -265
119 6600 -268
7642 4717 193
6408 6259 -32
8871 9419 965
5863 6886 943
3718 7527 -240
5620 3480 -263
7428 3043 -842
7427 609 -503
2859 8276 244
7438 4175 -754
7084 6741 -956
5830 7350 980
8559 1615 -560
7831 3652 -8
8612 7834 -287
9134 4959 -929
1400 3424 754
2276 3974 -265
8990 5547 -738
5179 1316 -110
3364 2559 479
3212 43 -770
6242 6039 253
1728 3439 21
504 913 -686
6800 7803 -910
4070 4817 341
2465 1439 -411
3791 5244 -989
7800 5088 -33
7722 4551 -820
5790 2474 734
2429 5017 607
3178 2948 303
1717 8303 452
8978 4421 506
8411 5434 -4
8980 3477 -715
653 3428 -791
2131 5995 -827
9125 2018 837
9225 8221 159
8042 5759 -735
711 3354 355
5273 2935 501
2450 8881 855
8396 6047 -850
6265 286 -861
6802 32 -986
1641 1869 184
2431 7219 -423
4606 2035 134
1153 5915 -741
70 1548 559
1479 2340 -356
3818 5251 -255
6911 5165 -859
3956 545 953
292 6136 745
8855 9099 -644
1736 8220 688
5759 9306 -292
6355 9103 -363
968 4181 -94
950 6435 732
7295 2738 825
3072 2304 714
2385 6312 -170
8484 8158 -110
9428 7667 740
523 9216 726
8498 1986 637
9452 8357 -965
8620 5100 -423
5768 4608 -899
3990 6489 -165
4286 1658 -933
9248 3523 50
1245 2225 816
7951 7162 -967
3187 1655 -469
3988 8730 830
9469 3992 -724
7066 8921 128
5049 8241 483
5458 5610 659
8574 3247 595
1881 3049 103
8055 5291 -633
9225 5653 649
7753 2215 -549
6770 909 398
9320 8150 34
337 4567 -427
5081 5206 -392
8162 3382 602
8400 298 -898
385 3489 213
768 2606 -810
5808 1391 988
3428 5773 933
8815 2750 -487
1349 84 752
456 4689 842
5729 1451 985
5258 1414 -261
5345 4719 -447
8543 9263 640
1570 2277 922
9334 6868 890
250 2018 285
7656 4557 -691
3027 8965 316
1790 6520 316
2172 644 589
5184 8416 -941
737 7880 -238
302 6847 443
1755 3566 952
3852 3655 -568
6448 4016 859
1827 31 620
7078 3860 -427
3415 3549 434
2143 7644 -797
3335 8013 525
8463 2240 788
3400 493 987
4410 7608 968
7659 1148 -633
3914 556 227
3483 4916 295
3391 7674 -803
894 8633 946
6398 444 396
4389 4875 -59
6704 5389 865
6949 6930 103
8573 8117 -133
1553 1493 -303
4091 6840 -966
2857 9517 466
7024 4001 450
6991 9228 601
1930 6324 645
4010 4876 -839
8195 2929 -943
2247 8002 643
2814 4737 -757
5073 1681 25
9248 1223 585
475 8444 -713
4107 8697 -411
6019 6915 998
7657 8625 447
4538 9177 965
471 453 667
6237 5249 57
8671 2871 -456
534 6381 659
7501 868 214
1320 1749 894
6707 5066 866
9448 9228 611
1922 9254 -396
8160 4768 -608
4398 939 811
4367 4401 -256
9191 1998 -413
365 5795 219
2182 4299 543
5636 2224 905
7676 5107 -271
9246 3732 -200
3960 3630 84
6942 1662 533
9060 4860 403
722 1849 -411
5755 7644 -542
6301 4764 351
6942 4074 -888
5278 9496 295
3632 9424 -710
6307 8904 -701
6211 3289 81
261 667 -295
5210 1361 -490
4954 666 12
2927 9152 485
4261 37 215
8222 3535 492
5008 3379 -630
464 7392 -64
369 3642 334
6786 2224 60
7427 7884 -841
4712 4785 -574
8801 3642 -823
3019 4216 547
6544 7882 672
1949 1597 -513
2266 3404 931
7951 6851 803
2986 8443 202
8337 9296 94
9386 1322 -496
2005 1941 -469
9439 3174 -439
2271 4246 469
8034 7540 709
6780 8566 -919
6285 9298 43
8311 2819 -73
2120 5314 102
690 5994 -967
8027 5056 -462
6058 6843 -995
310 4385 -82
6770 17 455
4521 4122 -417
4775 4729 -851
177 8644 -346
6308 7486 -53
3038 7017 509
8135 3903 877
1075 9174 260
8156 4500 107
2879 1223 261
619 1274 -46
7385 1053 -38
4314 2314 181
6614 8882 159
108 8007 453
724 1756 -230
6297 5933 -631
879 2183 655
2928 1652 -402
7093 1057 -348
8055 3600 -572
4217 8856 -609
9266 4426 210
2023 5827 -40
7647 4139 849
453 6026 333
5429 6046 -798
813 3344 -530
166 5850 -152
3470 1042 -543
3503 1536 353
4381 2604 214
8697 2148 -467
3754 5067 -827
8558 6601 -186
2429 9025 -764
7347 8854 -543
668 2091 -822
6193 7450 956
1745 6538 -167
618 7816 823
205 8785 262
7211 4306 -518
6761 5611 -108
243 8622 106
4745 9280 804
7221 7344 724
951 5365 214
4582 2647 449
7444 199 326
7744 8948 948
1399 5127 -408
9342 6914 -550
9417 8124 387
9106 5861 -827
5593 8747 -830
3050 2462 845
2462 1685 -281
9462 3135 -339
3276 7103 210
2649 1622 655
5910 350 -806
8825 3627 -870
3768 4716 -955
1482 2421 862
8028 3719 -885
3954 4972 676
3556 3565 -976
6218 1200 896
5703 2503 987
4367 7759 -951
2427 1138 809
6336 4223 420
389 4631 665
8666 5310 746
255 7385 928
2742 4615 -337
983 659 -661
1204 6693 269
8603 2122 48
1467 5752 460
7173 4403 -482
4169 5273 989
5603 5164 613
1052 1170 6
6814 2537 184
1569 7542 89
4080 101 544
5274 7102 694
6836 9399 893
1183 2821 767
4970 4168 -646
728 2471 -827
3703 788 969
3434 2089 -138
8017 3711 -324
4589 751 353
1026 7788 -921
117 2819 830
3553 8835 389
5078 699 403
9164 3786 431
926 1087 708
3082 1537 -141
6416 4523 193
8694 8515 956
6265 5637 -665
6766 1261 670
9099 3837 484
3614 981 156
4944 2313 897
9292 9149 612
8155 6772 295
8272 4142 -427
2429 2434 266
9427 7638 -818
5603 8294 -400
9269 2349 194
8472 150 363
2475 1299 -214
3857 4831 700
3251 9487 -965
8615 8503 192
7922 2866 152
1475 5433 -467
8366 6926 -983
2850 7370 211
4613 6449 -414
9017 8540 349
5914 6778 -514
2325 5739 505
5041 7583 -618
558 1816 -876
977 2790 857
8682 1497 636
7010 2044 -424
647 6084 -328
957 1354 179
2026 3370 85
7294 7982 802
5666 660 9
2699 3864 -235
5196 7783 -330
296 4912 -91
2544 8327 -501
6269 8179 149
2259 3434 576
3095 4336 -966
2662 7578 967
255 5509 -445
3680 2024 -212
6177 6050 34
753 3616 827
5256 7402 -550
5085 7589 -255
1055 536 -973
1267 512 -906
2497 657 412
4907 263 288
4698 7098 -368
1559 1825 830
8156 4026 -807
2383 5390 419
2312 807 170
6504 808 -965
8091 8592 -395
1751 6948 -888
855 6017 24
2545 2573 -525
9359 2757 523
4970 7580 -726
5779 649 265
867 6454 656
2373 8766 401
2506 1619 939
7313 312 -526
7351 4041 -995
8475 5278 -948
9167 2577 -809
4246 4875 -849
5622 3790 -449
7380 7581 -903
5276 5102 569
2571 5752 559
8042 3584 318
4815 7278 602
664 5203 7
810 9153 -857
8313 985 -177
5668 4426 -658
3949 5140 -622
5202 8483 371
7735 4134 862
8642 5565 -615
2620 5309 599
492 2846 -874
5394 723 -286
9078 6417 -478
8751 6727 698
9029 3609 980
4507 8393 787
5900 8396 -766
7116 6378 -235
1965 384 -247
7043 2532 -582
5517 4180 -518
4072 3060 886
351 4874 690
1800 5539 786
6837 3947 622
2816 880 -648
4053 4769 177
8318 6769 585
5495 6627 874
5810 5958 -37
2236 8629 -797
6069 4383 926
2984 4164 960
6777 3063 397
9453 4082 339
1795 1409 -460
530 1285 -339
897 4248 589
4694 569 772
5110 8027 368
3596 3129 -895
9053 9151 430
3215 2282 -880
9411 1384 816
1267 9190 -90
144 7162 495
5481 3247 -440
9172 5503 80
2557 7839 928
8805 7929 -154
3297 1831 -727
392 2365 501
6610 4170 20
6412 8398 -519
223 1321 -188
8505 6167 791
4455 8805 -745
9355 6980 627
510 2040 -107
2520 8806 732
9 5833 -217
8508 5513 209
1268 9283 -795
6254 1238 -702
4740 8744 -778
92 8999 526
6570 8300 834
781 1046 936
6998 6419 172
7004 4207 69
8336 5691 458
7318 7258 -295
3790 3814 319
577 6908 514
2718 1797 -12
9103 7749 6
5150 557 -391
4004 931 187
5885 8028 617
7461 858 -642
4225 6311 577
6256 4664 798
882 861 -964
6055 3312 448
8043 7173 -275
2404 8053 -563
8312 574 454
1500 3530 -583
1598 996 -525
7846 3318 -554
6222 5365 605
640 9026 622
933 2906 -881
4779 254 643
388 2892 -28
4456 2707 968
5767 4930 259
1989 9475 -857
4107 3700 839
3513 7410 -32
6782 2398 -852
4127 8439 752
1084 8181 -400
3120 7601 -937
2306 5311 971
6626 6245 -130
1009 8073 188
4566 1098 -995
3041 6547 -351
8769 4497 724
2532 4952 -196
4167 3361 638
4915 2839 427
9073 1758 -88
632 1335 492
603 9171 992
4338 2098 -566
1224 8419 -319
7501 7961 -855
1840 2163 -487
7833 3568 883
1363 9294 -426
582 121 516
2989 5770 -275
7747 5230 875
4216 935 -210
1278 695 -692
2913 8051 413
6424 2643 932
1070 5509 -234
3674 7746 328
2938 6322 -435
4529 1349 259
6815 8371 -361
2804 981 922
4158 3225 491
2239 9122 84
9117 4815 449
6087 1011 -767
5726 6638 -736
5339 8244 341
1031 4483 944
391 7194 -290
2968 1900 198
1031 3828 -566
3559 7297 -530
5282 6215 -636
6873 3408 369
5175 4601 765
7533 4358 -444
8148 5036 -268
6042 2497 583
9365 2467 -821
6178 8200 -365
5215 5901 904
5508 8435 99
2015 5854 185
5210 5871 -747
49 7017 367
7936 760 -926
5854 3778 303
374 45 201
910 8708 156
123 3606 32
4640 8435 982
5545 428 644
974 1552 -295
5796 8529 196
3817 7006 -189
9119 2361 937
5218 6411 -870
8179 5687 -114
2396 7619 338
7898 6343 907
1022 4382 -567
8104 3160 -156
6735 4669 -26
1591 4035 635
1913 6714 669
3579 1370 902
7208 7127 -404
8752 3392 589
5109 1299 59
2527 3324 -883
2439 889 -5
8968 8727 192
831 8951 -915
6822 6629 -74
4725 5773 396
606 224 305
3493 2111 -599
2960 605 805
2186 1874 204
6420 6078 -592
5011 3538 -846
5684 5882 -503
6146 386 117
202 497 -530
9068 4624 -771
9287 6740 442
334 1035 244
5694 6141 637
2263 8655 6
31 8853 -507
6635 1204 -323
4782 1452 -439
6635 2807 -508
3181 3494 783
2717 9507 750
3567 5842 -641
7517 8231 -762
2219 1707 673
7658 2497 -719
1390 6247 -322
3838 7147 169
4049 7109 -784
8630 1107 -356
755 3119 548
6829 4980 -447
8502 703 429
4619 9437 -530
3931 3129 -8
1450 8375 -692
2610 3656 -489
3489 3846 196
5233 5791 810
2208 6768 587
3775 3989 -675
7498 8459 37
4606 5924 907
862 8057 393
4750 2927 420
8037 483 680
1782 4451 -710
2880 2903 -354
3474 7080 365
136 835 505
7157 3279 760
5633 5888 227
6631 4101 -768
6673 1006 -966
6765 9098 210
1749 7844 -649
7526 6471 628
194 1463 270
8235 7148 431
6377 2477 916
3418 2411 -958
6378 2157 -938
1763 9435 -56
2943 4803 438
6637 5904 104
6234 211 -119
5265 4548 -448
9169 7353 -144
4412 998 228
8367 2021 474
261 155 620
8474 2023 917
6149 5028 222
2611 8418 961
3338 389 187
302 6469 736
4487 2022 295
7070 730 -233
3399 3521 101
6654 1449 -728
1295 6872 117
5806 7963 395
2196 8178 -545
7021 3658 -622
7005 1565 335
2875 1907 -408
1697 2217 908
7146 5157 -125
8361 7955 -833
3131 1974 -247
5766 4555 817
9087 6898 -738
8577 1270 414
6973 7579 -172
2382 2183 -24
818 1023 -988
7771 7729 133
8995 1924 -933
4440 5311 344
7630 2468 -360
5345 5288 -590
329 3728 -808
3887 2216 474
3765 134 571
3581 8285 -645
3516 8018 -244
8787 5942 352
4727 9013 -123
1590 1102 170
2497 4983 437
5969 2820 888
5410 8220 439
6058 6067 -327
125 5498 214
7110 296 -928
2445 4052 444
1588 6519 -138
175 6518 919
9512 179 -994
2226 645 731
1710 6640 -894
504 4158 -930
7330 9042 -12
7637 8521 -96
493 879 553
4844 4912 342
5254 8011 -818
4139 2689 -58
5689 4097 -866
3624 5862 -914
280 3655 -545
8805 7557 799
6924 9128 274
1383 2800 468
4664 9046 -941
6498 114 -817
6728 4954 -478
8025 6082 785
6368 1998 -563
6511 4677 347
3946 2230 -42
3096 7169 -831
767 4193 -594
1116 1811 202
6326 3000 202
3404 1722 -766
8677 1672 342
5818 9286 827
1835 4094 -860
2203 7065 -50
4391 1046 791
8258 9400 -778
7990 6289 26
1435 5682 48
4015 540 -13
6798 8192 731
649 1795 -500
3055 8333 657
5239 71 -373
1566 6854 -349
8681 3465 -194
3392 8997 64
1185 4223 827
764 7030 377
3915 8134 16
3665 9209 779
8369 1708 -382
8203 1127 -115
7380 8360 204
6382 7258 -888
6111 3207 536
3685 8822 335
2723 5942 -693
1152 8113 -315
2662 3127 -217
5383 1659 -804
5385 9226 -94
750 9209 -129
7833 3598 -268
3 9105 -227
4673 5509 -507
5092 7842 -700
5561 1740 725
537 1462 285
4027 1477 117
8226 2424 -579
8425 3739 -368
1701 1300 -831
6313 6075 -813
754 1002 678
9430 5838 -690
9102 8568 257
4888 8268 -896
4062 228 758
2405 6962 233
3740 5424 575
3545 5193 -727
7856 6054 -429
1206 8878 634
7050 3051 322
585 4060 -285
1702 4914 432
9449 576 -202
4395 3004 639
8665 528 256
6165 6659 301
8293 7349 -506
6199 2985 29
4046 5662 -959
5235 8920 -49
7250 8707 -814
7788 5206 -427
6546 2694 -381
7240 106 -569
4619 6518 411
1481 539 -641
5938 5457 -617
1318 7417 696
3438 573 933
252 1044 -521
6157 1112 936
3487 7114 -524
8294 6043 -72
6656 7047 -77
5247 8679 5
3782 9441 -559
3421 4285 -255
7722 2070 325
5545 4997 -515
6765 374 599
399 1334 -737
588 7167 336
2443 6510 -854
4505 6926 -816
2999 1720 -96
3416 2245 -949
3140 2195 587
5116 602 -716
9217 1068 -959
3073 168 -336
2633 2148 481
8486 8379 750
5318 967 -305
4511 2175 -637
9471 6410 -769
924 6022 478
4372 401 -735
9387 3100 -75
5233 9198 890
3191 3489 880
1947 8479 -939
1560 8896 -669
5988 7161 -257
6843 6714 285
8972 5445 -59
719 3037 540
6600 1935 -711
8823 8886 -639
7236 7636 269
255 7388 -353
4843 4468 405
3595 4550 153
3558 5432 -396
9162 914 796
4969 4707 -935
993 9362 -266
7386 4270 -865
7158 643 682
1329 5810 -175
4657 1153 158
2213 7518 -775
4268 5716 239
109 6447 974
3920 468 374
8909 5998 96
6229 337 -910
264 5393 448
9362 3465 618
6499 8816 -698
2010 2812 173
1916 1702 -327
7346 9025 -583
8273 9055 -163
8551 4569 -480
2539 8091 158
1125 2176 173
4046 9124 -935
736 2478 -977
6891 6583 -606
9336 8631 431
6433 1463 -412
6076 4191 603
323 5150 217
1780 3942 15
215 2832 832
9387 6174 940
7672 5625 -519
4304 9098 489
8110 3855 600
23 6116 37
316 4009 413
818 129 -347
1209 825 -647
7509 5070 -33
663 8377 32
2295 9084 -399
6896 5259 -374
6210 7914 -6
8523 7301 -799
8363 8630 -192
6619 5865 404
3367 7136 298
9419 4767 -238
918 3560 128
380 1141 -437
9043 2079 923
888 3125 352
3388 3720 -316
3699 6036 -136
4444 8411 616
1122 9322 -171
4265 7968 -246
6325 2037 -303
7928 3226 -338
7324 6969 68
8390 1861 121
6031 5648 848
7386 679 -567
3520 1190 -614
7709 2774 23
8266 7187 326
6616 3243 816
8695 8533 -110
8138 6278 707
4135 6069 -200
8248 4899 -967
8800 3332 353
9134 2157 534
113 4967 884
3632 6383 -761
7926 6174 827
3169 5228 -327
9518 7877 -693
6657 5557 -442
1125 8317 849
6833 9300 -144
4527 1944 -442
2079 3841 -514
1235 177 591
4144 3227 158
8833 8800 -512
894 2293 -289
8495 1471 937
9409 4271 -508
6706 7580 641
2117 1785 434
601 6589 121
8555 757 94
5003 5678 -31
9285 3260 438
93 9377 290
2895 1084 357
2141 1002 669
757 7171 -188
4306 4927 -349
437 4539 -389
4842 3388 -907
3850 2066 -294
6394 1725 282
993 7711 -943
3044 8302 0
4752 1495 -962
9421 7326 558
2538 6216 -703
8144 8617 -308
3638 9295 861
8273 1332 -266
2017 4657 -902
8298 6084 -105
3818 1777 941
3828 438 886
5796 8811 -739
62 2164 58
289 912 410
3894 4050 -337
7401 366 -120
1732 579 698
3209 5937 588
3931 9079 -974
8835 7411 359
1898 2151 -142
5390 6935 100
7224 2941 -637
5846 3575 53
4268 7835 -715
6339 8234 980
1909 3401 76
1339 4319 794
6611 2650 836
4668 8062 -655
1753 1130 454
2605 8606 293
7099 6626 320
4457 2769 216
4721 1071 386
743 7426 -584
3218 8994 525
5635 4095 520
2764 9417 853
1596 1856 -621
7696 5522 -16
7884 6293 -584
6307 1997 -457
2065 7345 618
5071 7305 368
5897 575 -818
1064 774 723
7225 8437 -88
5562 3080 -167
4368 8858 593
4479 7903 453
7216 3838 653
9383 4769 885
3841 7972 -277
327 1636 729
4437 5581 -222
2180 6898 853
176 3359 522
699 350 27
7205 5658 -997
8136 6125 128
3173 8639 237
3620 2105 -204
5225 1959 408
9173 8145 -478
5343 6230 92
4507 6946 383
3462 7373 167
6981 8139 374
8194 6997 -837
2646 5902 588
1971 6771 -504
179 3777 -470
1185 8530 -912
7627 975 -337
1409 3197 -658
3172 4358 -207
3494 6863 826
6693 3700 -307
708 6798 -235
5121 7981 -538
3970 429 441
4133 3020 -41
4389 3275 -832
8483 6895 562
7806 2312 -287
1816 1302 737
6360 642 -147
1944 8546 350
6313 2664 -916
6552 2614 920
7435 8896 -438
4011 1820 813
8904 8254 -371
2332 2950 -811
1272 825 -405
1184 7548 -249
1493 138 -459
4744 5509 356
9414 8163 -833
4411 8891 -352
797 3619 -220
2972 7475 580
3940 418 682
7613 3116 -620
6819 3327 -983
165 8333 243
5662 5559 325
7264 6816 703
844 6906 78
6442 331 374
3354 2125 461
268 7088 -418
7182 10 977
4780 1476 858
3877 4985 -385
9227 487 -813
2568 450 -45
6217 8480 -346
6203 7800 560
1876 2790 676
4932 7918 120
4014 2693 928
1535 9221 955
560 8008 804
5887 8476 662
4354 4358 644
9472 2922 -148
6297 4672 -894
5797 5838 100
9150 4103 103
2883 7188 34
2397 2223 -433
2150 616 -92
8173 8465 -146
2692 3546 -142
836 3693 181
2282 2737 -926
7171 2712 353
713 8329 -36
3595 5598 -279
6274 6010 -847
2193 3204 317
5693 7106 -998
1564 5059 57
8539 4924 -47
3223 9159 -504
9177 804 -896
3833 550 592
799 5722 -70
6637 2926 843
2261 6228 978
4719 6304 686
3106 2547 -934
2583 5459 687
4618 4999 927
509 1266 784
2035 1117 538
1797 6876 -978
6223 9199 -494
5571 3008 -126
306 7710 -102
4953 5563 209
3423 5032 183
1297 7431 421
5532 8041 360
8229 8547 -997
1173 7912 -616
7482 7626 -351
7207 3043 -560
9305 6236 -261
3915 7733 56
2758 2606 -93
8250 2828 878
9194 1532 -310
3874 2298 -74
8808 1592 -262
784 5590 -675
1156 4531 568
5587 7712 -445
3033 937 263
9333 9470 396
3413 2969 -586
9485 6927 325
5730 4839 384
1063 825 -662
7281 8365 681
4622 475 -423
580 5180 -671
1227 2375 393
1786 6107 -116
8306 4891 763
2168 7087 309
4226 1974 -393
1219 8958 722
3216 4302 20
5312 700 878
3735 3871 499
5524 5840 761
1870 8853 99
3086 6250 -106
4771 594 -464
6627 8373 -662
7131 5205 500
5270 9177 -932
3609 783 78
2511 7657 -126
1959 8938 -146
5245 8947 925
4620 1833 927
8558 4441 -125
2443 2362 471
5111 5733 971
5590 8863 -419
4800 4227 -363
6132 5780 -690
5041 245 -981
9452 8832 -689
3021 3266 689
8451 4437 896
5962 7339 135
53 3192 887
3417 203 -333
4508 988 -796
6850 7424 -337
5933 6253 271
2736 2640 580
1054 5258 -634
7081 1721 -462
8981 2241 55
8001 3135 -710
3334 4182 267
7357 1445 -962
5065 1422 -809
3620 6772 893
1516 6410 -465
7574 2079 -388
2458 3630 -619
8328 8606 -446
5723 2992 -894
7866 7689 251
1265 141 -977
6477 47 710
76 2399 684
9149 1141 -822
4125 4629 472
8714 5878 -919
1840 895 619
1725 8308 -895
2570 5652 392
5373 6014 -408
6536 122 756
1136 8526 -113
4014 1193 813
89 3751 249
5174 287 700
5784 416 -526
7543 8553 -93
9 6149 130
6906 8856 -863
8080 7873 -21
3507 1567 407
5845 1485 -94
4618 9034 -583
3886 6764 317
495 6285 -93
8943 1694 13
5797 8304 -372
1205 6427 185
4329 1169 162
623 7632 -21
1196 3171 -653
7804 8986 622
1688 6713 -351
3699 2774 892
6880 4689 -386
5163 6715 636
5921 4299 541
8157 3885 475
9042 7875 689
7313 1021 567
6556 372 957
5019 6086 -62
7755 654 -682
3334 9219 541
4565 7539 519
1724 7464 -113
4677 4255 758
7770 3882 -368
8207 1035 -258
8986 621 -352
7859 4264 647
8634 7992 118
4599 184 -365
6594 5608 685
5751 7851 -678
7311 8959 654
2340 4896 -771
3894 3952 -13
723 7301 -60
2369 7379 -190
553 9274 754
112 8458 -239
5739 6016 831
7368 6725 -326
5423 988 -765
5948 2778 -921
8707 6433 -939
9256 5712 -425
4028 5311 174
3039 5195 -501
697 4091 154
7255 6460 -907
8716 9369 -401
1552 7332 545
3005 6338 -496
3220 2328 989
2000 7355 404
8369 8709 -241
5820 1150 632
6728 1742 51
5714 4875 50
4134 5200 426
5941 2104 985
7943 3495 816
3909 2302 -254
1430 4442 896
3205 4359 -663
9273 3868 -45
3589 434 82
1625 5267 -872
7738 3401 -27
4691 4940 890
9040 9238 826
5827 7500 32
7838 2200 26
8358 8689 921
2977 8944 -932
1701 4799 362
3529 7651 424
5863 3509 665
5568 8243 -717
1290 1373 -177
290 5882 -7
800 8837 788
443 1561 -764
4416 2529 -150
1575 6049 941
2483 6597 -318
6651 2280 527
4496 4019 -482
2237 5348 726
789 3750 844
8211 262 778
4731 5947 -18
9503 2048 -487
1546 9299 -105
6107 8667 892
3945 6268 -52
3960 2474 296
3138 6653 -477
2797 1374 -740
5628 3242 233
1329 192 -583
768 8333 18
2835 2133 864
22 9233 219
655 8642 734
1239 466 814
3546 4221 737
1609 6505 -277
827 1356 -18
6635 3086 304
3483 6997 358
2919 2964 163
9004 112 753
4393 6863 779
9381 502 -930
2124 622 -359
1727 9287 -854
7379 2108 828
5367 3362 -430
3602 5556 483
7079 4661 -180
5129 8888 -813
1368 3464 772
5628 1451 -932
4388 4728 442
2977 8214 -729
3209 79 -451
656 6938 321
6506 828 -739
1837 180 -408
7330 7782 -80
8794 9163 -679
4010 317 984
3750 6947 -998
6896 5975 206
6491 5238 -528
3925 2370 929
3030 5820 710
2459 2551 -719
4370 9031 -880
2671 709 -284
6659 2783 194
1316 7384 -713
8431 2423 819
6532 4487 424
5939 5208 149
1760 8679 356
6389 7951 -3
4656 5142 -36
664 7816 -873
8358 6199 -438
4514 541 -122
8519 6952 -490
4061 2232 -568
2559 3893 378
73 8202 30
3476 341 -836
9208 2532 466
8228 6508 -563
7584 6142 -316
2019 4565 -314
4942 7220 -563
1184 3373 -528
5534 4511 306
9094 5245 -964
7507 6866 -185
3916 5924 118
725 4377 712
2683 8090 945
6199 1978 883
4338 8767 -589
5661 4868 -416
3385 1586 818
9217 5258 -880
8699 3214 -944
9421 6621 -486
6030 6349 -817
3633 2640 673
1229 4204 208
4926 7393 337
193 4273 -350
8924 8103 239
706 8025 247
6604 4362 333
6074 7630 826
3930 4760 -439
7176 2434 570
8142 2430 -45
4187 4210 30
1545 8839 392
4399 6800 -818
6454 6575 -491
2093 5754 -692
1091 5317 897
4272 6964 563
935 2611 34
907 8412 98
5938 1233 268
5806 2477 -659
4676 6740 -178
6165 266 1
4550 7622 -224
3251 9386 399
8138 6155 759
40 3893 -565
135 4742 986
5740 8042 257
738 4507 781
8174 5929 -464
9146 1736 72
7420 6840 409
6539 983 -866
2463 6677 883
6848 5129 -450
5474 3368 779
1026 1375 465
2107 2340 -605
5217 3568 -854
7605 1648 35
3440 1862 -652
7079 8549 -181
4943 8625 -160
4109 7188 -91
1287 8359 -75
2826 7463 976
2278 8169 -114
2038 7196 77
1881 3393 -406
1982 2670 203
8355 3435 -114
4759 9517 540
1637 1528 820
2550 1333 -177
4988 5770 -870
6161 536 844
5671 7557 676
1220 2212 -787
7776 7820 -428
8372 904 -794
4596 7535 -239
1961 2660 -828
9273 5970 771
3982 1881 -348
9185 837 169
958 2744 670
3704 9342 -466
4391 1525 -865
6349 2304 -879
6550 4045 -476
5605 99 -893
5302 8265 705
9419 8137 181
3473 7589 -273
5977 8177 312
2573 3149 479
6927 7186 211
7492 2743 -476
8906 1848 -826
4252 845 16
4009 849 -44
4665 4483 924
8235 9460 90
4220 1712 534
1564 4425 -691
6732 4785 -112
2149 84 -847
8409 3032 309
3316 5440 -941
2525 9199 -223
7916 5355 455
4432 1134 714
8774 5456 -129
5614 7003 -736
6239 8755 430
2330 8714 85
6498 2194 492
1681 7873 421
9462 146 -59
2008 4620 644
3977 7922 -373
8973 1688 -662
4326 246 -344
2062 9303 -239
2933 3663 -705
4953 8604 -285
8259 2161 11
9497 8640 -293
1687 8380 -708
7665 2109 648
3001 1486 -298
5657 1634 -21
5777 6055 854
7173 3199 572
3013 6300 867
7362 5201 -66
395 3061 -82
4139 361 -129
2687 8965 635
2379 3105 -281
2252 8467 650
656 7928 740
6928 3634 21
5056 3359 -41
973 423 -433
3851 4891 341
123 5980 -341
4783 6047 -533
9248 6161 -943
8183 4324 639
15 4795 987
5214 991 -785
4483 3383 33
8497 1289 330
3282 873 741
7825 5892 -932
2506 1134 -114
7986 9303 -451
1416 7418 228
5087 265 -302
7185 4801 -459
3181 8710 -604
5571 9187 827
8756 4926 -851
5942 1656 -710
8479 2322 435
5940 7318 402
2595 2885 254
7336 5649 612
1702 6909 335
406 2947 878
8269 3167 217
2502 6218 -737
1219 6850 -779
7229 9118 -680
7705 7694 -28
5881 4124 286
8155 5333 424
9289 7491 -334
1523 7734 -254
8266 97 628
4745 6540 -366
682 8413 -215
4351 4376 -184
893 1889 703
5405 7586 805
4564 2329 338
3121 9351 -568
7605 2007 -289
4353 5604 685
1029 2131 124
3112 5461 -247
7306 1019 -677
4682 3858 -679
4038 1452 -874
8392 3093 313
3683 6049 146
5907 1405 695
3953 7807 793
250 369 -665
1867 3485 619
1571 6382 -340
4807 4414 -796
4152 1633 189
2845 2792 82
2669 9458 -697
8404 3290 -691
6754 6013 -696
5708 2344 652
6343 6743 -627
7449 3737 -222
2056 4206 -465
1103 2673 -28
5585 9231 -170
597 3040 -23
87 2304 -985
1272 8576 -305
7443 9252 995
9429 6712 207
7721 689 -689
8521 9480 574
6133 8515 600
630 5920 -96
7542 8205 -952
1594 5599 715
8254 3554 758
8919 5530 -538
656 4130 108
3644 7896 -823
6214 2548 -856
9362 4317 -418
2108 9385 343
6603 7739 -360
7771 2496 185
8872 259 -819
7149 3443 655
4592 5029 -331
2208 5693 602
1786 1917 -517
9171 2020 -666
153 5139 -10
4377 2302 208
7772 120 137
2912 5594 303
1990 2083 -313
8609 2980 -520
4018 7217 -733
1933 7841 628
6114 2944 335
7652 8666 270
857 2468 226
8949 7982 -90
1645 1196 577
7849 6831 -189
8236 535 901
6933 9236 770
3277 7619 943
5871 7237 -300
6706 4770 205
4304 1275 505
5164 9194 -39
748 3700 -997
6625 1614 -263
9427 2931 -539
3779 1642 -527
6393 6786 418
8001 2530 -486
808 6948 -484
7742 4950 318
713 8925 -977
7712 4487 -73
8941 2078 -240
7275 8361 753
676 6376 -833
4405 7352 986
5895 5672 253
5109 7163 407
8419 7099 952
4028 5191 336
4824 3712 -169
655 718 846
1494 3244 286
3747 8444 -410
5613 1790 -940
6191 7547 -531
2975 4840 -482
1681 1065 892
1080 4800 -495
1764 4459 -773
5185 5404 -452
7237 1111 651
3514 5764 458
4465 5588 173
7878 5619 -667
3572 3526 65
8600 3324 -979
2765 3161 350
7201 4122 -993
3147 5575 39
3405 6181 111
5346 6956 613
5962 5745 -771
3610 130 273
2583 5974 -339
7774 1728 834
3618 7438 642
4638 2370 900
7643 4487 79
118 7479 -197
6861 8186 819
513 3810 884
4221 276 -747
2284 6049 -443
7928 5113 845
5007 9382 -259
4117 2049 -898
7922 4228 -676
161 8858 -500
7567 325 579
5787 7818 849
8533 9264 185
321 8619 -606
6630 6569 793
5922 7970 594
4817 1170 918
5497 9505 375
577 6889 808
7474 4967 349
4763 4734 970
4731 6993 462
6233 2455 -861
9119 4313 30
2655 7485 93
3990 2044 885
2614 4560 -394
6546 6061 -717
1831 3609 -974
1128 5846 724
271 4057 539
1985 9426 470
8437 9457 -304
1857 1893 587
1990 5257 -976
689 9321 143
9190 5876 -703
6539 6588 -299
3514 7555 -338
4255 5337 722
7801 8065 781
6307 4540 -400
5429 2538 -173
9045 8246 651
4157 2838 562
6004 3149 860
2758 1852 -542
5962 1955 -511
7489 4639 -706
9395 8213 -685
3658 8284 949
8899 6308 941
3888 7925 -502
4268 4562 -615
5603 750 -661
608 3280 -215
1776 1424 -497
8249 3255 -954
8777 5453 29
5560 5510 -316
6005 5390 231
2726 3470 -946
1636 3566 -551
3121 391 332
7127 558 -313
1276 3920 -612
1903 2041 773
4792 6324 208
439 3447 -953
9229 2639 944
5648 1532 -338
1672 4987 657
5507 527 -460
8842 4901 -52
4931 2893 986
2155 6104 518
3140 5936 503
6483 7294 -313
3482 6385 -770
7890 7253 629
4651 6789 844
683 9241 177
2105 6118 345
1510 7395 -761
3503 8010 -733
7113 2937 -595
3642 8982 -474
5909 5432 649
3993 4969 -75
6718 8810 -840
717 2818 -500
8514 1157 -460
7017 2013 -311
8702 6980 -592
86 2958 549
2965 797 -107
7220 4698 -514
6549 2050 -654
4598 992 708
4833 7009 301
1590 9085 964
6710 2173 691
5033 1711 717
3359 4431 822
9373 8333 -584
2572 3231 178
4170 8361 271
4983 8115 92
360 8388 11
6695 450 344
457 4781 -352
6604 4982 -205
8593 5421 754
2391 8045 -493
175 7343 -302
6670 7400 -57
6680 6779 956
4532 6613 548
848 1703 -256
6820 8728 231
872 8275 729
8670 2932 -182
417 3562 -475
1882 9151 427
7192 9445 366
2762 4559 798
1226 8407 519
7702 5556 227
3437 1100 -98
1499 3988 -730
4101 3908 -179
7430 4160 834
8630 4303 173
5818 1078 -626
6590 9278 883
6612 4648 -133
4508 7760 314
5690 5646 716
8043 7007 796
4248 6496 -241
7732 1061 -340
8201 1127 905
9434 643 134
8551 2432 -341
3951 979 -23
6108 5345 351
5842 4001 532
251 913 676
2494 2586 -141
4677 1776 644
1333 4878 593
8289 4901 856
4008 6919 -521
158 5046 805
421 1058 -92
7462 2141 -840
7470 3361 200
1265 933 -469
3868 7827 -261
7316 8369 381
2310 3680 485
4165 9504 -530
5977 8297 -309
6362 4033 -773
5357 7019 414
2522 5244 393
6997 6113 -496
2530 362 28
8526 8624 124
4928 6415 903
8901 1755 -429
5800 2799 -808
8854 3160 335
6738 8262 994
2036 6158 384
4146 6182 434
1411 3643 -971
8348 8633 967
443 6715 396
9120 8351 -382
4178 8930 -968
1185 4615 -972
2621 5257 214
3610 1230 -596
1700 8458 740
4306 1602 -712
2691 1059 -519
7229 1089 -336
2905 1330 631
4995 8604 -124
1077 6808 -525
6051 1102 620
9 3618 226
5373 8371 2
7266 5861 -262
6888 6663 -284
7351 8553 -541
4164 5719 510
3747 3857 -431
7156 3468 -764
1314 2063 424
2075 3058 627
2257 9096 978
2260 7861 205
9264 7901 -454
4650 1271 -512
675 2348 384
8241 6542 877
4812 2538 -120
2003 1851 -107
4160 1087 172
3431 918 -804
4105 193 245
3358 6586 -286
1781 2186 308
5425 5452 820
883 6663 -62
7815 1847 540
3320 5500 -342
6535 8759 51
3345 5937 -307
1588 2921 315
3023 6033 508
7588 3699 -192
1388 3311 -929
5472 7909 559
7222 592 -233
6690 6585 -885
8629 8366 -92
1681 5773 -970
7566 8608 -945
4634 9131 653
8229 2152 17
4542 8704 58
583 7888 405
913 7095 209
4294 8886 -617
5433 4031 861
6771 3662 130
5498 7554 -248
878 6809 -156
3620 5944 -642
5028 6948 341
9177 2357 899
3178 9360 957
3867 214 81
4711 4895 -889
3552 8952 -815
9136 5024 66
5346 6377 -297
1650 5783 -763
8132 2393 -802
6896 6927 -897
8292 4917 399
5151 3384 -25
4247 2206 -130
1908 1023 -557
2023 8770 -23
4657 2942 -191
4141 9294 176
1780 2111 -936
176 2914 -784
1136 730 -402
368 67 -612
436 4090 -810
346 6602 -407
8213 6683 -725
4249 4256 -516
8602 8054 309
7474 3261 633
9374 5563 -38
2942 758 67
3547 8684 811
8393 8151 126
2105 5490 -540
4188 7318 539
5990 1913 -265
3718 7011 -876
762 9305 101
2607 3411 -114
3508 3358 -411
849 4052 -881
1338 8478 184
3813 1876 -353
4027 7753 701
771 9449 -18
8853 7331 928
7250 1024 -619
6171 4605 -52
6182 761 -177
7373 6503 288
1171 3355 170
8987 3335 79
2967 624 297
5876 957 -461
4975 4014 834
185 9323 -601
2703 6205 -455
4194 7061 425
4061 9074 -882
3619 1600 807
7881 8283 578
3407 7757 -806
9314 4662 9
8774 9013 -140
6006 4837 -641
7989 3719 524
1904 4349 -644
461 9130 109
2460 9312 59
1101 5728 275
1214 1006 91
2179 2665 -50
4814 3317 -402
6943 385 372
8338 5225 328
3641 6749 972
9004 7021 363
4690 2756 240
9396 4988 57
2248 3694 96
8267 2974 852
8885 692 -110
1097 6079 -361
1920 3138 175
7107 559 -834
5797 3079 477
9242 793 -617
380 2062 -757
1555 4819 784
864 2137 569
3020 5199 44
2592 1892 104
7603 7608 194
2238 9271 -503
4721 1911 -411
6871 7810 247
8641 2123 435
103 2633 -585
7296 3467 -670
361 7600 105
1016 998 -281
7445 7534 524
4240 1943 -132
3946 97 -95
3370 2607 -771
4053 93 938
7267 8662 210
8793 2708 500
3928 1343 -693
505 9328 -527
9016 3933 18
7043 1685 -814
9078 298 -681
1085 6677 945
1578 6951 -332
770 3411 636
6896 2218 -691
7793 3710 -355
5855 4717 -970
6607 7539 -180
6782 6722 456
7150 2781 75
4923 5998 471
5121 258 -475
2860 4081 -393
6049 4767 -896
8612 7715 889
7221 4488 311
229 2952 562
1029 8376 -812
7985 5597 -531
628 8217 47
8384 5850 375
5778 3411 -719
5689 7812 786
7039 3447 568
236 2548 -681
6987 9237 -729
6031 7304 594
8170 6208 895
4284 9041 275
4315 5885 -371
7283 6637 157
4525 3004 395
2466 8786 533
5582 1682 531
7726 3484 -527
9226 1649 176
2681 5207 26
5203 3744 293
1659 6092 -693
9191 2736 -660
936 4054 -658
7900 7020 -415
9457 8942 -615
6967 4769 368
5879 1549 977
7121 8013 6
291 969 118
6637 1121 -336
9282 9005 -149
4185 6458 -689
28 444 -316
2642 5461 -747
3618 2315 243
8383 2864 -950
1470 8709 -507
7861 7522 142
9071 4756 -778
3213 602 -944
9428 7392 -264
8915 5760 -671
8242 4051 -497
1133 5522 -982
3343 8745 -491
7040 4232 310
9515 6339 211
8756 5381 -31
9253 6056 913
1466 3505 692
2735 5522 190
4700 3009 442
2605 3118 866
18 3048 604
3715 3907 -389
4347 6418 917
3066 8942 -468
1836 7354 -506
5591 4961 573
6213 5093 -484
496 360 -44
5402 1671 553
735 3748 -66
1006 2535 -584
4465 5066 630
2526 1551 -962
8875 7565 -332
577 3941 -525
994 7004 -309
8233 3373 240
5780 5904 55
2760 4055 692
1818 9007 -993
5657 3251 -416
2764 8375 471
9429 7627 223
7857 3952 -70
1053 2049 947
3 2679 820
3064 3238 289
5561 5935 409
2963 9222 -88
5383 8846 353
2145 3657 672
663 4480 -936
420 9038 -229
396 8952 818
3331 2179 -286
8248 2014 279
3866 28 -904
6947 3155 359
8069 6524 616
463 2900 681
7530 1760 -334
264 8524 581
9265 9127 312
344 2087 -818
8926 5444 -143
817 2257 873
1950 9147 -830
4432 6909 -469
6818 9105 108
9258 873 -567
4870 9182 -159
998 5233 378
892 1107 683
4501 1714 607
5679 7024 -792
2807 3363 -409
3021 1107 923
6922 5637 -993
4266 3119 -72
944 1669 -821
3123 4941 308
6828 4703 199
7042 3428 -926
2640 9467 -470
2999 5825 -241
9153 8470 683
651 4153 588
7519 2475 775
7465 2453 -773
5449 11 258
4888 197 -377
766 7889 -971
5120 8480 -55
4964 2370 -237
5601 5793 345
1352 2276 298
3272 3665 -208
1620 5182 972
745 2411 -948
1610 8795 958
3976 1058 479
1070 5068 -226
8349 966 393
3686 851 -377
6686 7273 -146
3241 3703 470
4969 7170 835
4566 675 -751
3561 2653 234
6112 4191 -450
6252 3219 241
3404 9422 650
4887 5847 912
8396 9099 -744
6768 7565 -535
6578 9430 83
4068 3859 -659
657 5580 817
2229 6496 163
5147 6791 -256
8120 1956 193
1186 2406 -137
7986 3649 -294
3846 5972 769
3463 2814 -656
9499 7687 -998
3677 78 -600
5994 8918 762
7427 7524 -770
2119 1882 -514
1995 5306 -36
888 8724 -161
1948 98 539
7287 7776 454
5380 7334 -81
7792 8677 703
5373 4440 190
6994 2715 289
2032 3084 -754
5322 9507 -192
4253 2676 504
9286 6703 781
4304 156 388
8239 1670 695
7244 9513 983
2454 6559 846
2555 7272 232
6691 1969 -192
3736 8702 309
8218 5984 766
5965 7122 716
6193 6156 824
882 3961 314
6821 8230 996
5379 4345 -482
2247 6014 570
1893 3122 -973
4773 6707 269
7806 464 988
4971 7700 -907
3602 188 230
8043 4285 399
7063 6804 450
5964 413 -494
9317 1562 -517
7535 8513 -129
7242 40 87
7815 3398 -202
1320 6311 932
3153 2350 -765
4254 8880 733
7091 6872 -152
5153 4925 -29
8167 1873 556
4838 6938 -298
5496 9461 372
1043 6025 393
1204 5815 -831
2199 4696 -311
2658 5019 586
3861 1655 -1
9227 1253 690
6273 1689 -783
6187 2165 892
6543 6629 -870
7343 4590 242
3283 9375 -416
8326 7899 -345
664 8128 768
7363 4817 -102
1514 5979 -400
5676 239 710
4134 2527 -881
775 2514 688
4814 3291 9
2010 297 -43
416 5368 -574
3904 2554 -758
5054 5552 -810
200 864 705
7364 7856 870
5148 3805 -769
6537 3881 415
3971 7289 588
723 7421 66
4310 1854 -988
5744 6097 -202
6361 3053 385
7412 3567 -836
3421 1659 168
1671 37 549
6781 8297 581
8776 1467 -991
7718 4699 -766
1083 8165 -718
237 7657 453
3982 7250 104
4720 5857 -274
489 8377 521
8431 1713 -292
1182 1802 -279
365 42 -969
2569 6370 713
1734 6103 724
1363 6281 -63
8936 3658 914
4098 7788 -513
8710 3407 -649
1094 2115 -82
1994 8817 -527
904 6747 978
193 2899 -560
7018 7673 -946
1200 3715 685
2710 3881 628
4836 7988 25
166 1494 566
8498 7577 971
4360 8351 898
4618 9270 -892
2157 4971 -49
8399 1602 126
8274 2408 599
3543 9296 -549
7458 3963 -63
1742 3721 -286
8412 1778 317
3036 7767 -563
5090 911 313
8949 8181 515
3032 4931 571
4599 8991 -465
606 9139 -468
7504 1522 -828
7799 6441 -783
2674 4745 735
1084 962 -147
2045 4312 586
6308 4128 128
2187 8328 5
538 1601 749
605 2069 -677
5054 4856 816
4014 789 295
5848 2582 344
6017 8415 452
6592 2942 432
5958 2923 -760
3864 1900 -746
2065 1372 -897
6161 214 508
7837 4245 -596
8965 6349 826
512 6376 671
5457 5058 79
6677 1000 -106
4663 35 -54
5540 2898 -471
1462 8111 411
4352 2130 911
5259 8844 -204
6801 5466 631
8398 1051 311
5668 6224 350
6619 2035 -216
4547 3870 498
5118 3507 234
17 7218 -146
1651 4879 966
5430 796 933
1995 702 51
4016 7058 869
4872 7263 152
6028 4687 790
7855 5127 346
1868 4349 -777
4549 438 673
5550 428 -845
5383 5244 410
8498 7722 -195
3157 102 133
5985 1685 609
941 6027 823
7146 8604 -243
5375 2581 -19
7412 685 481
8969 6933 746
5822 4239 -878
8861 3920 678
7400 5650 -477
5694 9415 778
6080 5168 265
7579 7721 -480
319 98 320
7874 7630 822
4268 8910 654
7785 6893 -685
4026 9297 10
1913 6843 910
6696 8337 591
92 594 -161
8057 5702 573
3764 4669 -728
9141 8467 -535
6935 9112 -136
5713 9069 276
6740 5538 -722
8871 9433 -988
7256 2138 437
4177 3743 -864
3301 4549 590
2759 4213 529
9210 7245 -217
2546 8340 -526
421 9427 -496
5772 8679 -676
5688 1116 -894
5282 4039 -136
3789 2596 -220
330 200 -491
496 8724 -588
5889 4926 -997
9011 6881 -185
4240 6853 449
2922 7648 -831
7082 3700 -236
7347 191 -301
179 4120 349
7508 533 -431
2000 2967 943
7706 6657 -384
2424 583 -444
2613 6823 731
7618 7973 952
1840 2804 -243
5154 616 386
7767 5394 819
5830 5769 -8
2287 8341 -233
3681 6892 201
921 2125 -186
280 9485 -658
8577 3914 -2
2134 2250 -951
713 1683 274
5818 6811 -247
5792 3866 -514
1562 9251 -904
6770 9316 -717
7034 2566 391
1206 8117 -29
6455 3490 -681
6319 7670 808
4089 845 165
1373 687 699
9072 3402 -904
7089 8400 812
4430 5420 -914
4781 6994 -636
9319 2319 -922
5196 8545 768
3304 8794 739
2275 759 -987
2281 9518 716
7732 8078 -9
933 1094 188
7276 5548 510
6157 2998 965
6877 3449 231
4089 7151 -708
2181 868 -762
8077 4188 -872
6077 3674 558
6962 2583 -517
102 9339 -833
5621 1495 751
5114 8331 430
5018 9406 -897
9117 1258 -810
6232 1774 149
8090 5725 743
976 1877 558
8421 3936 -6
5036 4457 623
46 7366 302
1221 396 15
4663 4755 366
6532 8404 725
5307 9237 931
582 6348 385
6178 8744 203
2651 2168 -48
9317 6989 -406
7387 8809 368
1978 3141 -732
1777 1454 874
1469 9494 -896
6468 6363 252
5200 2729 711
7542 2701 218
6136 4263 -889
8409 3 -419
1467 1850 427
8827 7664 134
5538 843 -34
6014 7209 289
9392 700 -730
630 5665 342
8021 4809 -592
1034 6216 945
2339 2894 -483
8816 6607 -194
3077 1410 -378
1066 6575 113
3679 5253 -832
8988 433 744
7650 6757 -712
3072 6288 352
1656 6930 724
107 6201 716
7750 8927 238
9158 8212 12
7485 4145 741
8734 839 979
7889 5041 -777
1480 1071 479
9381 4429 -317
7546 8804 496
2186 3810 -856
9056 4777 786
34 7616 163
4284 6646 882
5701 10 -531
4810 1641 147
5596 5477 72
2635 1134 -639
8672 9427 354
232 4289 484
1009 6589 -805
7934 1317 711
1161 5532 536
2223 6671 -851
5695 5131 -489
3369 7038 -492
6947 3072 -845
474 8846 -945
8934 8772 -437
4879 1019 180
141 4786 -788
4993 8311 -52
1306 3249 -205
1045 8028 -613
2631 8754 872
1063 6402 -775
2793 1433 -461
642 4276 -184
8427 4881 594
2783 3330 645
1947 6769 852
2633 2156 -714
4646 7478 -145
7678 4890 66
1068 5938 103
3075 6202 414
1989 8100 976
6214 3719 -330
3948 6019 207
3305 2415 429
5952 5330 880
150 3896 817
7389 2316 414
5620 1001 -584
3281 933 -290
2764 1152 708
3648 8631 -239
245 3885 -517
3121 1522 -87
6780 8058 264
1951 4906 -82
6107 1949 599
3218 2954 243
1032 5363 3
310 5815 -60
8126 5983 588
1442 3134 -476
7804 9286 348
7512 5401 -44
3499 2048 -87
2900 1269 -890
71 8101 -806
3835 8090 649
7852 7769 -970
1020 4570 309
7440 8322 46
1129 7148 -463
7375 2932 -942
6083 8244 -621
4445 2184 -358
4648 1974 -946
1622 5598 -350
884 4481 -395
5352 5187 -545
6311 9505 704
195 9361 -305
6206 6960 -812
1392 3006 511
3553 6584 -934
5995 8836 -342
4559 7411 988
3128 3169 -265
9215 8023 530
4361 8273 704
3270 6307 -744
4227 6327 -623
8283 1529 -188
2584 5062 476
7136 3316 -804
9331 6044 -375
7351 8507 985
3143 7050 725
5428 2902 -117
6788 7420 182
690 2965 -324
834 2684 668
6294 3695 -659
3800 1774 -614
7423 5870 294
7438 8435 454
4669 2133 -83
8342 536 932
524 6384 181
2640 3854 842
4890 6914 -283
6416 1241 101
3666 9504 -484
7072 3466 -904
767 4792 -324
6543 4304 115
8774 4749 -897
9335 1551 -962
5919 8380 149
4617 3026 140
4598 6862 277
2324 1665 -887
6875 6632 754
4027 3706 -686
3132 5893 -161
5287 8243 -464
9351 3461 -670
4803 8601 674
1702 4028 -871
1825 7955 -518
6906 1912 543
1853 1242 -603
3734 5394 442
3800 5175 -703
2805 8894 -737
4546 4898 561
9332 1083 79
2639 479 -47
2618 8052 430
3330 1170 192
7973 3986 964
6606 3896 651
7832 4801 -695
3689 9240 -822
3583 4812 0
2900 2608 412
8646 5228 -141
485 1457 -171
5584 3058 -809
1611 5694 -886
3676 5057 456
2547 2585 651
1396 5895 -413
9493 4296 -856
9516 9499 863
4598 7263 -843
8951 7055 -930
6096 4073 84
5261 4769 -146
5087 3052 -768
8636 90 -397
1376 2196 -745
9259 2921 204
5786 5429 677
8908 4529 346
6147 2946 -438
1944 2436 542
1689 3329 -456
1626 7411 -438
2753 790 -577
1742 4895 -762
6743 2153 683
4766 2701 -618
6038 3098 -564
8178 8334 -948
8236 2859 -697
3899 1252 -386
7021 5005 372
164 2592 -708
650 4653 -932
7555 6063 333
5370 3755 982
3121 3558 931
6199 1106 -59
5154 8584 -310
1378 5472 689
5456 1607 -392
9275 192 -11
5030 1731 968
6020 5901 431
693 6085 -969
5466 1500 -501
1986 625 -336
3535 9490 19
8788 8162 196
2880 6044 124
1138 1676 87
4247 8495 -619
4008 542 679
5986 533 -146
280 3958 -85
7728 5617 -366
2185 5808 -657
8029 4095 -172
8751 1340 -47
5433 4019 -462
5164 8840 323
4673 1788 -30
5116 9293 -596
6003 6481 -482
2637 6472 224
8535 7653 -122
528 9052 -738
5221 3471 -432
4662 5087 874
2647 3899 -807
5758 6473 800
1741 1182 -736
1014 1538 38
6147 1808 130
4949 204 -755
4398 5658 585
7449 9481 -877
2315 2319 -131
3364 3324 -712
7664 1471 751
5741 3668 -547
8277 4499 -611
7095 9298 418
3500 1807 -840
1951 8754 -129
4005 8568 582
9479 8958 491
1409 4448 324
4221 4304 -147
3126 8311 502
3540 2622 -595
7817 6108 -271
7511 2784 -952
7279 5478 -7
9411 3576 789
8012 4539 301
6429 1086 -393
3036 6390 131
8848 7881 -356
1567 2915 -481
3396 8692 208
2702 2652 -549
2287 4338 -547
2743 3575 -230
4967 2630 -414
6481 1639 175
5391 8121 944
1776 4655 820
8991 549 325
1739 7914 -660
7795 5133 -569
3549 7580 -335
58 1529 755
4557 9239 -221
5734 7603 253
1557 2051 -886
3220 9484 -889
6006 1059 -953
1599 3628 894
2231 4301 -245
1798 4702 -806
1371 5086 241
5322 4619 787
3602 9501 841
4437 9152 482
2571 9481 -209
3651 3319 -593
5936 5740 747
3904 8024 -238
4319 6144 -690
548 2802 621
1832 7056 416
3434 8287 433
3519 5506 582
2093 6790 930
4562 6111 225
2090 3436 -133
2131 5775 379
5780 2099 -839
8890 6428 -505
4896 2166 -536
6248 1386 952
8969 1432 392
9405 3732 738
3787 8058 158
6018 1333 -958
8839 5920 616
4851 4649 -884
5862 9328 -405
3389 7951 -168
2081 4958 348
5219 6192 4
2346 1692 -677
6324 7748 127
6991 9481 -488
5250 2533 -68
3741 9289 216
4088 8020 -125
8895 5222 -852
5625 7927 865
7131 6405 988
9357 6295 -869
100 8504 -243
3804 5311 530
5118 2134 -233
6609 7354 -377
130 4933 -940
5512 340 470
5847 7642 314
1341 6721 91
9120 5440 59
6403 1388 655
3781 4830 -816
1769 8220 -710
9488 7225 -528
8722 35 308
2186 239 -1000
1538 3167 -386
6863 1240 912
6378 1472 -115
7446 3818 934
4823 4342 -899
3697 6503 100
3841 6665 44
8621 2381 336
2632 9327 234
3019 8196 -162
2216 2036 666
5039 8078 -542
21 3612 -674
7601 8986 -332
6244 100 -567
9401 3371 -269
7568 7542 -256
218 731 -594
5105 2122 -884
4228 1111 611
1724 2324 -925
7220 6246 938
1668 2810 751
59 7018 -280
7848 4711 -143
3164 2798 173
7851 6314 1000
6441 5427 -201
4396 9336 -281
6542 6499 598
6178 1558 279
1178 2197 -196
1460 3360 265
7517 2645 -481
9166 7919 -746
5959 7382 -619
4312 6474 127
5495 8376 -241
6688 5782 -129
7936 6826 993
230 5584 646
4541 4422 533
4581 7267 351
5352 8321 104
792 3576 633
4024 2030 -747
829 5748 -390
3556 5805 197
8230 8023 -939
259 4651 958
7758 5434 -428
7998 5373 -687
5574 5106 -763
2236 5412 -791
3019 1601 -417
4522 7988 -715
4918 2180 -954
3634 6527 418
3879 1721 143
500 434 -828
2271 5047 -631
8076 9243 559
8794 5377 134
7946 9365 446
9177 3989 410
1695 1281 558
1120 9016 -298
6073 3364 581
4366 9058 -974
295 7938 780
8170 5272 -605
833 1277 848
391 3009 -669
3691 2193 730
4571 2634 -591
5792 7470 436
8672 6902 -395
435 9229 -519
6421 5744 -172
1832 6416 -968
9267 688 -530
7975 338 891
1591 7145 -256
2043 8671 687
2575 8392 660
1141 819 -911
4434 5155 707
8692 7686 -287
8619 1148 823
7503 5717 194
9221 6042 822
3031 2347 -812
360 3730 915
5031 6582 874
1974 4385 765
837 9021 488
3206 6824 -852
1362 3734 -763
7802 4204 302
9366 2816 -970
1843 8866 -706
65 3975 682
2347 6015 -513
6951 3979 -744
5073 9047 -679
5802 4364 -713
3709 4839 -934
7359 1292 -237
4485 3537 -112
9369 5315 626
7078 6328 442
852 8788 -634
8164 6818 38
4140 6830 -421
5540 7865 -755
237 7882 50
5201 5644 -399
2037 5325 -457
9214 1901 -117
2737 1855 367
7338 6301 -464
2402 5112 -249
3411 3707 764
2892 732 679
3949 3490 -987
5247 2138 -879
4129 2627 85
5623 3260 71
560 7587 518
1352 2293 -350
4835 8062 -978
2318 2234 -592
2649 127 -616
4816 4414 -385
5502 429 -130
6529 4758 -109
8237 4666 -560
3542 7143 -602
2926 2480 -622
8491 1020 -201
4614 5778 685
6250 8722 -350
7736 9323 457
676 7713 -717
1121 8232 -754
4358 840 -526
362 3554 652
6275 7937 -876
2851 178 226
6200 376 50
5718 3895 32
1738 7048 96
7236 3224 -846
1739 1031 -164
6720 4750 639
3335 4794 537
6107 2146 -925
6859 361 -424
7853 1103 754
3656 7907 -186
8298 4983 400
6938 6667 829
6497 5167 728
5643 5790 335
4367 6703 489
1990 1134 477
3249 7886 -377
9317 8188 -26
6959 1315 -879
7869 6335 265
4716 2805 502
5369 5357 -846
5141 6967 -598
5224 9010 76
2729 5929 -980
8394 1311 964
972 7384 530
7173 1754 -88
7921 304 714
3590 3152 -157
4100 6342 151
5906 2902 748
7848 7274 -116
6820 2409 -346
581 2706 -822
3698 5363 395
7592 8877 -794
2791 6459 -558
7213 6100 943
1190 5015 819
5241 2313 -481
6285 1615 884
807 1910 -968
1389 1532 -318
8916 4798 -118
5564 7224 -139
9102 344 -898
8736 1592 16
9054 4445 668
5888 7623 -686
8624 8201 -951
974 7673 791
6537 3984 -324
7692 1214 556
6150 1813 -822
727 3072 542
5752 1101 -545
29 2102 -513
1684 6454 -110
6238 491 489
6078 3005 -241
8810 8274 837
3581 6829 -360
3865 4307 -797
3200 4910 -723
3288 4677 685
8199 1450 -904
2881 8234 37
6024 9010 835
3881 4877 484
4864 7043 383
2632 7448 939
6984 1152 748
1686 9300 -683
16 7358 691
3416 7299 47
7825 6780 -830
2028 34 -881
416 2138 766
6006 2969 116
8216 8739 -833
3404 4256 -785
8386 1195 157
6285 8613 -70
3928 8680 977
6417 3582 342
5732 8278 40
8519 1555 -323
647 8436 111
6773 2856 333
4917 3077 926
7160 1919 681
9044 4110 -419
4866 8199 -310
6881 7302 -647
5325 8499 -544
3710 5918 -940
270 5488 -207
8176 8508 -631
4574 1895 149
4176 94 -651
6762 3680 953
7227 1000 -349
6012 3605 -414
4710 3627 -296
4520 2672 521
1987 6472 -822
2898 8118 -762
7553 2269 -799
3768 5966 810
3989 6502 -198
7436 1726 19
9185 2361 13
6778 9514 65
6135 3789 -185
824 365 56
1745 9327 -527
6606 1144 323
3384 9394 95
6512 7189 -567
7278 6793 -605
5775 3389 259
7469 4418 -417
1134 5891 411
8190 601 -395
3213 4375 230
728 3691 816
2007 8172 -632
2277 9219 741
4530 969 -211
3003 1739 904
6044 6819 -437
6269 8251 -885
1030 2675 -111
5561 3704 -177
2826 8189 560
8609 3585 -840
6552 2213 690
8727 8575 -708
6127 6159 -883
2150 8195 -464
9387 5164 -262
5318 8065 -218
1510 849 -654
1417 7524 464
5411 8126 -1
6483 6543 -310
8528 2856 135
2054 837 -692
7888 8554 -321
8742 7029 -444
7790 746 471
1221 4004 -793
608 5513 -47
7798 2088 396
1792 6561 129
1636 8886 -842
6810 75 -840
5565 1665 -465
8718 8912 604
3959 2319 -909
9194 966 687
5786 6629 -180
2963 9045 -945
1430 1222 896
7599 9080 523
991 8873 472
5204 3199 224
4753 1960 654
3237 8175 -124
6507 1366 34
8059 2808 -693
2075 6267 -61
9177 4031 -652
5629 783 555
8138 4689 101
3108 4087 -672
1972 2573 134
8228 2933 801
5269 5325 454
7009 6764 -308
7765 3898 -232
3455 2354 101
5640 1055 -360
2611 7257 -806
5507 6099 -981
6202 5814 302
4085 1538 975
3146 1165 -648
2586 1036 -680
3668 9198 -831
2829 2144 -137
7587 2783 -248
4109 6378 -472
7381 3771 -440
6202 2741 584
5343 2375 672
9431 3013 -817
3035 5747 687
6208 6744 -914
4503 2891 -496
2837 439 -377
171 9277 -548
6200 641 923
8850 635 -810
1303 5025 -638
888 3258 281
9397 6443 -459
3905 8720 971
4737 5583 -875
8410 1460 -196
4997 2738 0
5732 4462 -286
2609 5942 -496
1560 8240 359
6622 9450 88
6006 4201 -602
4421 124 25
5608 805 -994
1667 2811 -560
2613 3867 498
2614 8749 -929
2759 2126 -243
7508 9263 440
2022 2741 620
3663 7652 -82
242 1903 49
8086 9099 -99
1375 7667 412
8994 565 -448
6510 4705 -643
7309 8780 -106
8731 4458 469
3893 3383 -790
9370 2363 -963
8846 6036 332
4701 6203 -993
3945 4077 139
8872 466 -888
4703 2537 996
2195 7575 -666
8720 4809 -504
2546 5806 -96
1320 5671 322
2897 1271 -805
5164 2264 327
6881 7834 851
258 499 -18
3289 3101 -479
8296 2144 -864
8653 2594 870
5669 3342 584
6170 4950 468
5185 2130 470
3901 8921 447
703 1604 141
1357 9415 227
505 8181 242
5233 7393 -926
8300 2232 -304
7956 8500 407
4353 9253 499
6095 7548 485
4391 3264 -727
5996 6503 -411
190 2329 -409
2827 2388 -98
6691 4560 64
3487 2707 -689
6630 736 -449
5943 1405 50
4788 3078 76
8455 2344 179
6287 466 -792
5438 7706 -840
2816 1398 -895
310 5472 712
6514 785 442
6602 471 492
92 9295 838
2414 7354 862
8503 5557 345
6903 1270 -165
8573 4355 -424
8230 3399 257
2026 3365 -226
5798 1979 301
2154 582 -580
6431 1438 331
8681 5985 -727
1055 8606 791
1251 9237 -597
8152 8580 637
8191 9337 243
1731 3148 169
2609 3396 32
5290 1380 -758
935 4478 80
5362 4935 911
1967 5673 78
6658 1210 82
9470 7108 -846
706 8986 365
8935 7586 -565
3211 5657 -663
9489 3648 -435
2089 4236 -805
7595 1193 537
5141 8675 44
2455 6303 513
5968 8007 811
8136 3707 -23
6637 6961 -133
5072 130 176
6408 78 170
4049 4066 273
1755 4771 -816
3378 9088 -846
4144 7561 943
6964 6407 -149
7428 9321 43
663 6181 127
7118 9244 398
6466 3870 105
8826 8356 -143
2423 1375 655
4431 5625 887
6406 183 -778
6662 5842 950
5367 6895 -578
5008 2572 -635
3059 7349 116
1730 2786 -470
8431 7701 137
5515 87 -675
4597 3548 -942
2532 7811 -347
4059 2364 -242
1825 9203 -543
8600 2301 -207
8804 4198 -886
2489 6883 -760
3611 6489 -498
3348 4897 569
8318 1627 -911
3616 2777 504
1443 1591 -365
5642 2766 4
7791 1805 902
2115 1314 812
5969 5620 -221
1897 8187 -69
7838 902 555
955 5320 -653
4714 8554 -545
2716 6043 975
6554 7926 241
1313 1048 617
9432 6101 340
7448 4471 856
1436 5532 764
706 2216 719
4189 1656 16
1748 8667 757
8805 4711 278
1404 9443 -421
8012 6200 687
5464 5386 979
7026 3887 -351
6957 5988 869
1946 6095 453
6068 1225 712
7217 5638 811
490 4024 -701
815 6507 -52
2884 5932 -814
528 6551 478
1932 2861 705
1476 4676 514
1668 7638 115
6342 4607 -915
1429 7438 616
3977 8019 593
1645 5634 -97
1568 4210 798
755 9496 -620
7735 7167 -342
3667 1363 838
5898 2953 -446
2434 8852 -109
2925 5823 -72
5558 6227 -460
2742 2372 -498
2911 7366 356
4426 3751 -231
2067 4081 47
5659 2368 -220
9313 2282 -475
5752 2765 -601
8145 3627 -564
8759 5133 997
8778 4397 -684
1590 5134 54
1214 7869 600
5416 3534 185
3142 8606 545
7651 7180 882
4533 4625 -464
6700 4961 79
7978 7991 -181
1382 6908 -708
2555 2013 724
2852 6675 -438
8154 2031 -948
8930 2802 -215
2671 8454 -52
3213 6210 303
5310 1972 -657
8219 5831 853
1460 4839 951
6375 554 -870
1557 4498 306
6823 7174 439
6939 105 360
357 2556 15
3092 8056 647
85 8340 335
3417 1607 691
391 7644 675
8477 7388 -677
1524 2177 -13
7027 1523 -74
2598 3473 -146
298 2745 476
8572 315 -365
6048 7910 -651
8230 6666 -567
4437 2350 803
3325 3851 211
5381 8449 579
8407 2277 -402
3177 3031 765
523 1299 901
6943 7580 -674
8639 2155 -13
3668 4514 79
7740 2055 264
6985 450 -992
4894 2541 62
814 4232 -358
2831 501 -724
6209 3289 933
4209 4457 907
5151 7705 -934
5994 261 937
1627 7897 470
948 3716 309
4554 5780 -214
5743 9341 541
5113 1646 441
2381 2708 48
9207 5284 -966
1458 1419 -408
8376 4796 -218
5986 2426 -374
4392 7219 -210
4758 9451 58
7633 3695 453
6761 668 -274
6774 5373 -599
1927 4038 873
4374 6324 421
5506 5208 108
1910 8967 -529
7563 6880 227
1269 819 165
8639 1412 -389
5631 2716 -526
452 242 720
4087 3319 -605
7843 5586 701
1337 516 -49
8116 6055 -857
6112 2611 486
1860 1691 -233
2625 8416 973
6642 3512 -631
2128 2639 -953
1202 2849 -500
3721 5158 -134
5654 5474 563
1806 4344 -110
2165 4439 -874
3298 4604 -767
9143 243 793
7027 3544 -354
2516 4117 -508
4911 3310 500
2388 2894 -202
7196 6970 -591
2265 7179 336
6861 2320 960
1375 8545 309
5312 5905 -564
9100 2774 -80
4385 7411 863
2566 6036 927
5922 669 869
9144 3034 504
2148 1273 131
8271 4030 -708
8344 9226 20
2294 7431 -712
4320 5441 47
4730 1044 188
1051 5086 799
9055 927 890
4266 5677 48
8586 8223 -983
7661 7452 827
1989 4258 324
4049 6538 -763
8812 1027 -977
4371 3888 390
3237 4726 208
3851 2846 -758
3183 9347 51
8952 358 -962
3015 4527 233
5312 644 -857
2158 668 16
5093 8102 84
4477 2451 652
7429 5769 348
6598 6498 103
8057 5215 303
3532 6261 419
1793 2787 953
2097 2995 -387
8956 5328 -512
8198 4353 538
4116 5981 236
4542 4376 284
3941 9090 334
2351 7680 -737
6909 6305 -892
1099 1109 511
4089 2421 -148
363 670 -767
9435 8640 -468
239 6992 -579
4885 2739 669
676 5655 141
5781 8591 -259
3943 1114 432
1075 3161 95
4521 4802 945
7919 6588 960
6085 7520 -839
3752 8078 540
8527 4627 239
1851 7764 430
7815 4916 -179
952 5771 -661
3485 6644 -612
7666 8833 754
8724 3789 365
9263 2290 -731
5856 5226 -676
4166 7338 -988
2097 481 -405
2329 7223 -305
5064 5002 906
3661 2718 554
5300 558 440
8262 8264 89
5526 2498 892
3172 5220 157
2502 5480 -698
8149 4505 -109
8937 9344 -995
5671 6422 -748
4112 2593 -563
2533 1915 816
896 4013 403
1801 8070 465
9517 5737 812
2067 8531 719
3470 7587 -404
28 5259 -615
6648 7549 -622
5798 2517 -223
3099 290 749
8821 793 657
2476 8049 -906
5399 1530 809
5163 121 -165
4828 8680 -906
2215 5745 -606
8878 3843 928
3844 4712 -843
8650 7841 -263
6462 5056 97
2209 3784 700
6475 5769 766
7341 6799 -826
3426 284 -207
208 3820 -867
2524 6192 -775
6335 7635 -602
2637 5875 -838
1968 449 816
4871 9159 -58
6325 3805 983
2562 7730 436
9154 4636 -809
7054 2764 -80
4089 4744 922
5973 7019 -116
8336 3323 -649
8694 3998 -769
3304 9461 679
1720 4091 -308
2701 4320 137
2037 148 -882
1721 1713 574
2371 5166 -576
5434 732 579
3083 1420 -859
6472 3866 85
5564 4783 214
6177 2255 -447
5098 3898 -761
9110 1040 719
8450 8972 815
3451 1931 291
3343 5050 633
3009 2503 925
1318 8528 -540
8585 6951 762
8758 820 498
415 3344 -241
4909 5739 465
1549 8896 -618
1733 1961 422
8495 9425 -508
2811 19 420
5764 1874 -879
3161 1841 751
8617 6982 732
6097 1437 147
2881 1253 -87
5311 4639 487
8828 5136 382
8672 1094 -98
4189 8030 401
4247 1932 793
2064 2116 -228
6105 5327 574
5677 2894 787
5219 7131 -687
805 6838 22
5693 4468 -918
181 5820 -303
3905 5849 29
3017 9227 -415
1442 3965 647
4589 253 -301
3581 4581 32
1383 4839 -639
3982 1473 -668
718 7253 175
2707 276 -926
9498 5281 271
1187 2658 -892
7885 3805 -387
5151 9403 -642
5979 1406 663
3065 2087 229
1009 6084 878
9234 5566 484
5585 4807 542
8228 4593 316
5758 5357 -256
3989 9082 287
8303 9370 289
8537 1050 -21
930 714 702
8473 3204 -490
4396 3500 506
2531 5416 315
3968 20 204
476 5378 -724
5591 6033 424
660 8447 443
2349 1280 -111
9178 7492 998
3091 5534 896
6470 4401 -500
3361 1922 -505
6154 7248 88
5119 6705 -280
8183 4921 825
1732 6145 138
4449 3593 -947
4127 3301 687
5661 5916 -274
5440 8879 982
527 4126 -765
8823 2799 301
9286 1381 -419
8391 413 517
7979 8857 -41
349 8599 -255
3225 796 883
3235 4763 -302
7213 3514 907
8992 1978 -297
7124 5720 43
3296 3439 -488
807 2845 626
7792 3130 357
6012 2069 -445
2789 3275 -453
4760 137 525
7474 988 434
861 5062 611
7882 5110 829
6894 22 276
3461 3605 507
7315 5848 873
4484 7761 882
8371 6952 343
7304 4684 -641
4984 6049 832
1447 703 527
2859 7872 -579
6038 3370 -372
7800 2049 58
6301 5254 907
3218 1777 991
4622 5672 -32
1064 3092 579
9472 7806 987
3275 4378 -968
5144 1055 -333
7796 6055 31
1872 3002 568
5877 1783 -216
9211 2867 684
986 8000 -727
2934 8502 536
1977 8751 -780
6919 4647 79
8904 5448 747
4539 3150 4
8024 4520 746
3688 3492 -230
4251 5861 -105
283 5408 -23
2070 6852 25
3821 534 -136
6525 5575 -432
2339 8034 739
6902 7215 -500
3736 8181 847
4146 8739 -39
4082 3918 -786
6318 1234 919
3772 5083 752
991 7220 -272
3365 8658 255
3206 6829 99
3765 7948 728
7257 3560 207
3001 6823 -73
1610 3950 -780
3747 5245 -423
3860 5477 736
6859 1102 947
2851 6830 949
6241 7546 -183
1231 8654 -727
1235 3839 25
1207 3776 215
9317 7379 877
5807 2192 -267
2339 1812 185
110 2355 644
5425 521 694
75 5823 -16
2642 7315 -320
3287 4594 -74
9000 8007 -138
7997 501 -471
4488 6042 155
8870 463 692
2231 7430 985
6024 2754 923
8319 3654 761
7763 5957 385
365 4308 -848
6777 8295 935
6943 2639 848
5276 4419 -546
9404 1767 -51
4147 440 711
7396 7978 587
2913 1736 -948
7484 2656 -429
3203 9342 313
24 9400 -714
5013 1290 739
4603 7627 -342
540 7339 -8
6888 7261 -77
7639 3629 489
348 8753 -559
1515 1996 378
4136 8417 -925
4060 8625 809
5222 8822 389
5034 3380 291
395 4649 207
3470 9209 628
5433 3574 -943
3903 1641 392
6732 1723 423
3206 9225 322
5582 3495 -128
8174 7166 800
3469 8509 252
25 116 -506
9424 8141 -681
841 2656 808
3580 2261 -445
6284 667 -372
9382 6470 38
9201 8778 667
7343 4552 299
4810 3194 -290
8048 8667 -575
1147 7014 -110
1268 2846 -837
5352 6416 -354
7915 2528 -704
2257 1862 890
6573 240 563
4238 7436 313
5296 9285 -628
5579 7477 588
64 5710 617
7155 3364 -217
6923 1895 -308
615 1842 600
1385 2307 875
1809 633 -735
929 7862 965
5937 3494 -643
2958 7307 464
1958 4527 987
7476 4826 -938
2073 5865 -362
7176 6687 -910
5343 6297 20
7937 1713 651
8807 8093 739
251 4956 935
112 3261 -259
3453 7279 887
5351 2291 -5
7232 7569 -797
1037 6378 870
440 3025 254
1802 2169 -860
3596 3342 -848
1536 7349 -27
8468 8583 15
307 5306 353
7379 3233 -152
5483 1603 -77
2231 3626 507
2264 7955 -295
3396 1610 -563
5108 7634 -903
2033 3991 733
3805 3395 -629
891 9044 -7
3401 4242 97
104 9124 480
3756 6874 846
5183 7685 -635
9071 1664 692
6701 7865 -947
7459 2025 -575
5240 1526 444
3609 4525 -117
7738 235 -935
5681 5855 43
4215 680 -965
1915 6314 15
5316 3760 839
9155 154 -797
4493 6813 865
133 1964 209
7724 7428 -811
4690 8513 718
8820 3135 381
9160 462 939
5171 679 -216
8668 5585 -57
3707 7751 863
4975 5155 357
7083 1708 889
3797 9376 -819
3713 7671 -981
1409 7846 -846
7773 8253 338
2463 2936 -611
2641 6826 -706
293 7713 -353
6513 904 -268
5622 1850 -531
9006 1037 400
9240 1120 -804
9387 5042 -690
8462 9111 9
6096 5285 274
9181 608 957
3229 2530 -246
1864 5191 -844
1834 6176 -788
4124 7299 126
4761 6110 -410
7707 6034 882
5093 4277 -770
4137 8767 134
4212 7856 762
2194 757 918
5487 8667 -777
9116 8176 899
2571 8715 314
9216 2511 -426
7778 740 845
1939 4025 -475
308 4773 492
627 2011 -787
1045 8910 611
4677 6083 -701
5430 4183 -325
5467 5039 9
6077 3383 -205
5887 3836 -774
9064 4958 827
3320 1279 404
1278 3257 831
4062 8155 -457
4522 5597 189
3245 5290 536
3012 8607 320
8196 581 191
6696 5398 -295
6540 1520 650
378 4624 -213
7056 7472 -36
6970 3046 13
2896 9097 -450
9344 481 873
2286 2469 -23
9090 3408 305
3494 7080 -753
1076 9365 -149
1366 1144 -957
7352 2239 -101
8440 7795 -850
696 8086 -154
5119 1866 863
1040 5442 -862
538 5976 -460
7599 4227 -800
7108 3355 413
7306 3296 161
2617 2509 316
4053 648 21
1646 7117 -96
848 8091 711
3799 7095 69
195 1149 428
3854 5311 -723
8675 4222 611
2289 6837 767
786 4152 726
6536 3473 33
5986 6889 -357
5208 4497 -46
5164 2623 18
5146 4700 -932
2383 4168 -770
7156 7652 552
9184 2894 934
1947 6396 165
467 8998 -922
7433 4373 -40
3981 5388 163
5818 2405 -141
6101 3822 96
9101 9295 -318
5647 2231 902
8595 9222 986
3274 2907 536
7064 3219 -400
1128 2915 -971
2367 4644 -972
4244 2485 501
5919 6863 549
1884 2556 965
754 8704 -420
7434 3974 759
8063 5234 -613
3854 6578 246
2724 3242 -566
9200 8434 -214
1538 6668 393
4643 5052 257
5951 2768 196
209 1388 -671
3717 209 920
882 6879 468
6940 4050 679
1259 5063 -267
6331 6844 -70
5601 9381 737
6561 9243 550
9417 6473 28
580 9178 -523
4041 5271 645
2797 8277 -492
8441 271 -126
1037 4181 -834
6932 5828 -221
6073 5984 17
617 7473 -384
3837 7682 916
6013 1242 155
6360 725 690
8696 5650 157
6123 4805 -421
8237 4088 -399
672 5062 323
4620 8013 899
1812 9033 -559
2434 9104 -368
6615 7274 433
7287 9267 -77
5781 8190 829
7731 4426 534
672 4969 239
7260 5490 827
1856 1806 -626
95 2945 -92
5864 1643 -539
1079 6147 -965
7047 1834 973
7630 8875 -294
6826 2320 90
716 2648 -890
6634 157 908
2102 2815 -744
263 8900 -894
6722 2443 250
8875 3846 -289
4537 6665 38
7992 7695 841
6573 9171 -642
1492 1415 -643
8585 7631 955
5398 6966 -899
8043 6628 65
8342 8978 -705
6357 7025 626
6315 7325 -426
6248 8088 -232
993 630 -840
2593 5479 476
3793 1355 -191
348 2634 -719
3477 1399 607
772 8955 341
5365 6446 493
2890 2907 -688
428 2435 828
6508 5266 216
1836 2113 113
944 3437 335
242 7214 -631
4599 9498 190
7952 6122 860
8732 4348 -195
8321 2429 -343
3270 4832 -534
4531 1748 126
3166 5267 820
2162 3094 -724
5400 1411 -750
3613 7431 -544
5318 3566 -823
2488 1850 -536
3123 4896 -801
3283 6956 680
8486 5969 -444
6691 207 321
8050 9287 -135
3635 5290 -258
8546 2012 813
4221 1940 -253
6520 7070 -70
5592 9339 164
6513 3240 13
7239 6019 -647
9477 3986 -301
7541 2294 894
7246 7783 -670
3668 9013 128
2366 3158 -60
8341 890 -464
1502 3119 -794
2330 8145 -23
2374 8981 789
3501 4147 921
2728 9465 204
4444 5538 670
8449 7177 811
6807 7670 802
7422 6555 124
8436 8409 -494
2153 353 -606
2204 9336 -846
2775 276 588
7578 2269 23
8354 7301 -748
6758 5645 -609
15 5618 -476
2727 1104 -101
547 4187 -998
1772 2139 -1
3800 7569 90
8949 471 -270
9140 2445 394
3938 4600 -22
166 4805 -436
5063 3156 936
8294 9182 652
2366 8729 350
6020 2780 -308
6130 8719 -841
87 2571 688
3136 3296 -739
5330 6733 -247
5562 4194 -742
573 8632 934
1632 8956 -732
1171 2979 989
3547 7801 918
2946 3516 66
835 6987 -244
8541 3070 -156
3473 5012 901
8401 2655 132
8343 1778 -28
2371 8564 361
348 244 875
3587 2303 103
1427 5305 -530
5750 504 636
256 3634 -963
1514 3801 -288
7302 9074 -734
8635 6368 475
7713 5806 398
3456 172 -830
859 2306 805
8716 5880 410
3538 7118 172
123 4344 -72
1026 3715 -806
7452 1093 884
8808 1952 -658
5830 2118 564
7363 2678 288
4003 1968 -862
1376 4821 707
7244 8063 -977
2671 2563 -39
8645 7633 413
9083 9037 -99
1040 773 479
9280 2830 -333
8416 704 -829
1999 7194 482
3566 5527 350
4447 7052 -402
3204 1196 145
7451 2139 795
1524 4449 -844
7064 7337 -337
4781 3894 524
2945 7032 -70
8140 1527 316
4507 8786 766
6483 8600 -753
5462 9360 330
4966 7501 183
4706 7441 -989
3966 3160 925
768 1617 -152
2816 1275 566
6800 434 -14
1273 8908 352
8765 1752 586
6536 945 -698
6896 2267 -22
9481 2290 674
5422 6878 814
8626 5908 -731
3754 2722 748
2644 8642 -720
1638 806 315
6134 7143 -336
7950 7367 -158
3610 5032 -588
9391 9477 -881
9092 3511 -18
6156 9255 -295
1868 9285 -530
5204 3728 -7
9273 7901 -677
4865 9401 -980
773 6287 -99
5576 9180 475
8657 2688 -74
3521 1983 137
6299 4818 -693
8080 6487 -626
5577 5095 -380
5499 7033 -832
5051 6144 786
44 2058 -699
81 6668 -61
5191 8957 928
5957 5537 -111
7354 1676 -480
856 2006 -670
5914 2805 -908
322 6833 366
1775 8337 368
5342 1249 -216
505 1884 879
1516 8036 -436
5424 7751 620
5257 8526 309
7410 4185 38
3303 3597 -178
793 9263 -589
20 5881 -333
3148 2022 -546
4799 6139 -77
6741 8656 -651
5667 9119 -549
3008 8260 559
5903 2340 -174
7843 3178 -732
7053 8565 -911
3533 4284 -499
107 947 -562
7863 781 -297
6147 9489 -471
1060 9096 245
5814 5150 558
7975 2390 -671
4541 3719 957
804 601 -36
7098 6767 -227
3207 9494 -505
8763 2956 -177
7515 1834 -856
390 5495 941
1056 7756 420
8148 8227 -950
17 6765 74
6753 5806 576
2107 100 677
3291 1574 -920
7601 8259 810
2793 2040 159
5326 4421 377
6536 7573 -622
319 6646 -529
3155 4494 -772
3374 2835 -272
2160 1583 97
1615 180 -20
5214 5437 1
2291 6081 11
5354 3014 163
3496 7931 -485
8952 2012 938
3861 4542 924
1368 7486 -786
1095 6684 801
2189 9407 -249
6660 3300 251
7933 2734 -130
870 153 -35
1770 6374 299
872 7641 -373
5665 5420 564
3046 7137 51
7607 9033 -474
4290 7151 -292
1816 9272 977
6938 6108 -153
821 2503 461
5437 1680 -467
5301 6113 79
7492 6365 -875
8489 2055 -90
671 7778 839
9491 4475 189
2007 7069 -835
2815 2091 312
7300 9144 871
1882 8918 -973
6520 8253 605
65 1237 864
1547 129 -958
5004 4179 621
8650 8244 -613
704 4624 249
6398 3632 -1
5127 8467 224
2074 6226 83
7614 3654 377
6440 4774 -152
2 6625 709
6480 8456 473
5293 2130 417
2056 7473 -686
1303 2370 971
5338 2400 -444
1226 8699 145
4363 7925 -224
6168 7304 -41
182 547 -497
6339 1250 -719
2943 595 338
2207 5049 -598
7888 2017 297
6221 7934 136
8793 3132 780
3831 2249 -684
3141 6290 -233
658 9393 513
4960 7679 861
4932 7147 -14
5504 8745 -321
2326 8633 -645
636 7318 -681
8173 8571 -641
2332 1428 130
2647 6589 -800
2498 1115 -906
9033 9080 -365
4891 1955 462
8147 4159 -922
8410 7935 -463
5094 489 82
5298 6315 -271
1754 6486 -795
3532 3551 218
3201 3891 -776
8138 7289 436
1227 7736 -883
6291 5900 435
6918 7748 854
8660 1586 23
5905 5021 -862
7158 4140 -563
3029 5425 -816
3910 6390 -360
3010 2927 -927
1226 4468 -68
6069 3442 57
764 3886 -957
3111 5860 9
8997 7945 -698
6900 2240 84
1100 8717 989
9240 5788 -794
4909 2628 270
8541 9146 589
924 3288 -979
1212 4291 699
8193 152 378
2766 3794 619
4376 1512 472
4324 8221 176
5254 7764 -405
8759 5860 610
341 3778 -130
6873 7353 559
9042 2806 -541
3822 4933 -268
3639 8728 -70
9141 1978 -522
6878 8815 -45
7924 4440 815
5379 5587 -808
7831 4856 -310
8621 4299 -769
128 101 943
9199 7716 270
4217 8819 -22
3412 6376 -796
7459 1127 172
9275 6151 477
3655 5497 786
1730 161 -613
9502 7718 767
4109 6597 -70
4075 4568 -166
8968 1181 -702
2506 2672 -647
7181 6264 -950
4115 5614 -897
4874 5051 -56
9373 9272 -33
1790 5617 -747
8075 8123 -238
7545 5469 828
3405 6137 637
8395 235 -194
5974 8703 -735
5377 1202 27
4363 916 374
9126 1167 -693
5982 6471 -670
4350 7944 -944
3793 9184 -865
8556 340 891
738 988 -597
3876 9037 309
801 1459 670
3 8287 -21
6016 6104 872
5422 5413 866
6873 3076 850
9290 1675 567
4144 3765 658
9145 3452 764
346 164 737
9121 2966 384
6694 1319 -301
9317 2293 616
4043 9130 -451
7469 3588 559
5642 451 -40
5794 3093 473
4922 8505 673
459 5686 -608
6469 5709 924
6728 2388 -496
8571 1643 -862
4215 8773 -783
7243 8898 -73
6645 7234 320
1016 136 -134
6615 1850 -305
3901 331 245
8763 1993 978
5800 6953 342
6774 5846 -134
4600 3024 -753
8956 2338 879
5193 1496 628
3733 6371 -850
4143 3247 277
8272 6504 164
9291 2739 -420
9157 6588 -811
1063 8045 692
5460 631 -430
1919 7319 466
3437 4466 685
1264 2343 -43
9159 6271 -527
8438 1638 -294
6644 6022 -997
4985 6926 68
4348 1962 -277
3065 4374 876
348 6489 338
3681 1972 -103
3106 186 -402
4304 8786 -734
5817 7826 -398
8654 3330 38
2908 4382 -295
6068 4557 289
6610 8075 -972
4679 9249 -802
3372 2151 -523
6756 7651 -533
599 7485 -152
5588 8575 -622
9276 3722 97
3461 310 50
6711 8481 -767
6552 2312 314
8592 3228 474
634 7649 -204
7740 125 35
740 9386 -795
1865 3664 941
1581 3903 -309
4446 551 -860
8388 4282 -758
3862 7241 151
3614 5751 775
6009 5493 -559
4270 4924 581
192 8233 -542
4815 5708 342
4735 4949 106
3308 8492 -607
2186 7531 -246
925 1134 -696
5485 7534 -638
3502 3859 -496
7534 4064 303
5351 3998 -994
6211 5021 627
5981 1895 -518
4988 1646 322
1676 6311 567
9038 3719 671
1299 5314 903
8319 422 -191
1915 3674 -438
7610 800 614
1975 3343 -229
5274 2101 -73
2127 132 -781
5839 1270 -424
1297 5297 262
5323 4672 -180
5737 9312 -564
226 3847 -571
9417 3039 303
6540 8470 -229
2492 467 62
4600 7253 39
6380 598 -239
4478 2374 -395
8141 6132 279
7815 2717 -346
6203 4439 883
630 2452 925
5418 2454 218
4870 8922 -660
3687 5616 -282
1865 2395 614
9458 7408 656
712 448 187
1132 2996 -596
8787 1020 -279
9470 7308 -556
4834 2410 63
3693 2964 345
2191 2492 0
7413 8761 894
403 1103 -112
7090 393 -259
6724 8132 -673
5862 575 931
1639 5597 380
9132 8053 92
1792 1304 461
6890 3448 696
4183 3005 -765
5501 7564 -844
7231 7143 435
4584 4642 -743
4164 5475 -325
5998 3797 982
467 7621 -762
3848 5086 615
6391 1387 -419
6397 8298 -144
362 7713 228
2816 2142 617
4010 1944 -130
6704 4515 272
3417 3623 -340
2816 847 672
9054 4204 -320
7969 3766 776
1401 818 864
882 4016 -653
3089 5491 723
4937 4679 -315
1028 2210 -129
9061 1998 766
2003 5733 -105
8962 7330 836
6916 8096 -26
7162 9291 -704
4083 4912 -406
2043 5594 -33
3691 721 656
174 3370 -147
7457 2702 933
3033 8623 100
8694 4245 888
5627 5718 -830
8560 4339 158
4034 7201 -247
6681 2192 -377
3793 1686 -515
1187 5996 -317
6139 69 814
635 7206 -832
2390 7355 -596
585 408 549
7896 5383 -128
9082 3789 231
7075 7129 -341
4680 8058 563
5606 7510 643
7778 1184 -41
2897 8939 132
7325 2499 166
2351 8002 -305
432 4718 688
7980 7813 -348
6280 7183 -876
5826 3735 663
1058 7640 161
1185 2316 -429
590 8985 -775
375 468 706
5790 5336 184
8708 9093 -446
3670 3299 129
2304 3510 65
5319 863 427
6234 3753 805
7110 9037 -719
3765 8271 242
5789 2846 -356
5140 2676 -802
7870 3802 61
1677 7946 148
4958 5728 927
4909 4624 -296
8291 626 323
4364 120 -71
6651 6860 -788
947 927 -615
2635 6742 -62
5003 4516 -75
5195 2276 -803
6252 892 801
3093 6348 932
575 6747 -494
62 1980 672
6060 4523 692
7020 3647 -766
9216 674 -308
8117 7472 -656
5241 4187 163
5451 8322 -479
9283 6338 -754
7747 8192 -919
5951 497 147
8989 7434 71
4846 7656 469
7985 3136 -241
1898 6759 582
2905 8766 -726
3973 7541 -241
3115 2170 158
7051 243 -683
437 5609 -834
8436 8987 -687
7280 1892 342
8114 8749 886
5830 257 -128
2330 6236 -862
5790 3984 -681
1274 5279 -403
1694 3966 -4
5014 9208 724
7057 6674 -311
3731 5043 -795
7852 8448 -752
6518 6426 -561
8081 5696 -748
9068 9202 -630
9410 6453 66
7948 1320 294
2366 1964 290
9092 1859 475
165 709 860
6147 8801 -196
8163 4460 410
5194 1843 872
3865 9380 325
4484 6893 718
8145 3062 -741
5002 4312 -191
472 3271 -998
3701 4445 -845
8978 4920 792
2354 8276 605
7968 6297 -694
765 1703 -689
2332 2724 -310
2931 7305 846
474 9369 976
1535 5651 -896
5928 7074 827
5912 1974 211
278 423 -109
1462 121 994
53 2700 843
6206 9014 377
6718 6595 -351
3114 2898 -953
1764 3755 617
9259 4560 302
4943 4183 -717
7311 6531 -940
6355 4052 118
7412 2939 553
2092 4865 -46
6369 1240 821
5587 8802 -872
5370 2720 -102
8922 5896 -357
7463 6660 213
9008 4231 -422
897 853 -140
5384 1124 -785
6483 3620 -169
5731 8911 -164
5101 3178 845
971 5508 -564
362 902 -143
1304 7008 773
7401 4055 152
1086 284 -276
8262 7133 -354
3753 9415 519
8238 2055 858
722 7494 998
7338 6369 210
8700 2320 -677
2139 273 445
6901 6258 -236
1744 1483 903
8565 7428 -319
6343 6976 -239
3461 7248 -632
3826 3867 669
920 2547 -460
2386 1217 -505
8732 1219 798
3885 8112 578
196 359 -634
2376 2327 110
3780 9274 178
7059 5792 -238
9491 8268 777
6458 863 -206
8657 3801 932
1444 3280 488
4196 1457 -218
7852 5372 230
30 8593 311
8252 1620 -984
6920 5679 -692
1282 2973 631
4586 5629 489
2239 6408 170
7570 533 399
7893 7586 -100
8996 8906 731
7984 3039 -402
3821 8206 331
4153 1505 947
1682 957 254
3687 9230 179
80 7131 762
1553 779 -718
6224 2464 -274
3881 7520 -299
4387 5462 376
3767 1168 336
461 4545 627
6964 889 -989
629 5916 30
3795 2414 117
737 9407 -726
3366 9460 -982
5381 2118 -239
8202 3668 144
3031 3530 963
6068 9003 278
849 9475 -87
3695 5474 958
6363 408 -212
4592 475 584
1138 4710 615
3572 6250 215
9157 8953 -974
8140 3580 359
7780 332 643
1613 492 546
2124 603 476
6179 6585 298
8830 6753 278
8399 2220 329
4953 6868 982
420 34 120
2282 5840 -222
4099 6696 14
8784 7754 -122
8523 1438 328
5262 3675 -899
2552 2108 -90
4481 2346 162
1066 5289 43
1978 2314 468
3941 5211 377
6400 2057 -215
8057 8796 -482
8286 6453 49
167 3539 -573
373 3361 773
4775 4028 -118
4197 3375 566
4050 1581 -382
3166 7228 449
8789 9133 385
8771 4340 939
8633 6183 499
2617 9386 591
1200 6486 -31
9432 5510 47
1479 7047 960
126 3576 -191
6673 5539 812
5424 5882 -941
737 2152 -789
8186 7408 277
1540 5430 -554
5073 7010 509
933 169 470
3474 1869 587
8228 3364 -920
4527 2598 311
7041 2747 597
4786 2321 -607
6821 3833 -1
1003 6574 260
827 8054 -534
1898 9418 636
4606 7619 -882
4868 6747 -467
1796 4315 753
1212 9389 -147
9212 4332 955
815 7937 -182
7619 6437 768
8258 3867 -192
7767 1057 -544
1891 948 -45
3583 282 -325
4873 8098 710
7882 2642 134
3599 2161 943
2352 2215 -239
1312 6053 74
4169 2094 716
3080 2556 -20
1308 8410 406
4953 793 6
4540 4688 -360
5499 5836 -721
7808 7044 -407
6187 4060 794
225 1504 -901
8544 2508 171
5358 4528 232
4210 2948 502
6642 4891 -469
4407 6287 49
2323 5088 -377
1689 3163 578
8710 7022 109
4109 8792 948
5302 2969 27
5844 8456 -644
6568 4301 -206
1046 2583 -551
908 6783 -659
9267 510 -434
2338 346 -289
9194 4945 110
6439 2384 -407
5071 8335 -704
8659 7535 -710
2150 9033 78
7804 6190 -320
7612 8395 681
8512 9321 -803
4931 6439 -392
6613 8297 728
3701 8483 -143
1951 297 841
4274 199 -648
784 4731 -555
5212 7303 -103
7893 1414 35
5970 938 -554
7080 3258 762
569 745 328
5628 750 -61
9375 4974 -689
4675 8844 -115
3327 5223 249
5571 2428 247
829 288 410
5513 3820 860
4463 5699 866
5512 6573 -503
2334 5987 -438
2254 4035 40
5786 6251 -589
2284 87 772
7761 7748 -542
1180 6080 257
8892 1011 511
3670 7479 97
7419 1486 523
2591 3249 445
509 8862 348
309 2191 623
4637 8691 959
2526 2977 736
5211 271 -174
4544 2147 -636
1569 90 812
4949 3905 470
4906 2270 38
3358 1860 -315
2424 2543 383
9197 6828 191
7940 8877 -836
3107 6191 -214
3643 6996 840
4364 6525 811
4122 7295 916
6279 108 -543
7403 7156 666
9450 5842 -989
1662 614 -373
7006 2788 -262
6177 2205 648
8016 4186 419
1293 2223 470
3781 530 -824
5876 2290 470
5102 7609 -417
845 4826 -425
2151 3651 -494
21 7909 248
2186 3869 -979
1416 7963 -208
6487 2782 938
9464 2666 114
2147 1765 481
3963 3960 602
106 7372 799
3729 3255 -266
2513 3614 401
6549 2920 -702
5514 5060 -135
7935 4182 -730
4074 9236 -647
1465 5539 -999
4955 2608 268
4033 2045 133
2448 2940 324
7044 6477 -90
2920 4827 807
7747 5434 -783
1616 3655 -812
9108 885 104
3174 8094 -988
6799 3194 -251
8540 1132 22
8533 9238 -368
9360 6440 -810
5241 8142 18
7367 527 132
4073 7653 -583
8834 1970 -438
1398 5041 581
3351 7424 257
7122 4033 -617
6504 5846 121
9111 8699 -11
7331 4283 503
5249 1148 314
3862 9074 -716
3083 2487 983
6717 4911 182
3834 3567 -819
4842 7120 -554
1397 8598 420
9222 6903 245
6003 7424 711
1824 6505 -203
2844 2322 -665
54 1389 -318
8627 8188 -857
8729 8095 59
3178 9296 268
2651 5448 586
2662 4454 -903
2688 7719 -725
8970 126 -492
220 3607 315
67 7950 629
5160 4347 776
8542 4825 781
5026 6731 -258
7241 1891 830
3610 868 456
7976 331 -76
7551 3569 390
9221 5346 -386
2645 1073 653
5899 777 553
235 1094 149
9279 4622 970
4346 7895 -530
3240 374 -201
390 8826 -811
8584 7302 552
4810 2282 -394
7358 1032 -986
3785 570 -684
5506 2320 951
2905 7494 -990
6283 2788 -475
6590 5514 358
7889 8566 -77
8299 4515 610
4033 417 699
8108 5508 -994
7859 8995 -73
8551 6657 -829
2943 1395 -221
4426 9115 -168
1020 6519 753
7701 7583 802
6451 800 -63
7453 217 484
7597 8400 625
1606 7623 -392
6204 6468 -363
5528 9118 -332
260 4155 -281
3181 4608 -957
6075 1123 -44
6633 4791 -405
7916 8470 -531
3616 5829 99
7524 3454 -927
4886 4514 402
4522 5534 203
8303 6485 628
5103 4280 177
6834 1237 989
6962 7882 -67
5979 4714 182
4515 1796 -726
7565 1518 670
5030 2302 -274
8530 7784 -983
6880 938 -776
5864 9468 894
499 1805 -395
9120 8484 -840
5684 121 -237
9016 3137 -707
2981 6839 129
480 4237 855
388 2640 699
2701 2591 -885
9425 5361 619
3828 3962 675
1097 1533 -1000
4589 143 501
8549 8122 260
4562 4803 519
2763 7731 -971
4889 1424 -150
1916 1184 204
7419 900 104
6547 5185 854
1266 5254 -458
4618 1391 517
3021 4563 -855
5154 5340 328
2000 1894 -307
6935 1799 210
9107 9028 329
2266 2853 575
5660 7738 577
4658 5199 187
8191 2473 -118
5937 5901 920
6864 4092 801
7755 9405 771
3073 7902 -102
2267 5806 -358
3834 846 -888
7437 6480 -827
2789 7236 -240
5799 4475 124
6185 9137 692
8591 8960 992
3728 2998 415
8083 8354 -276
2995 4457 -479
7938 8957 -144
3166 1360 777
4308 8856 -142
6688 6109 916
8324 7804 635
8971 2820 990
2480 2902 733
6915 7297 1000
7766 4169 -442
6608 8414 978
8119 5084 -280
8325 7312 -215
1528 4740 -162
9021 4791 -663
5326 6823 149
1079 4905 -655
4801 8437 330
6533 6558 948
2119 5733 -881
1183 2144 -859
7828 2431 -814
8408 4527 21
1552 3754 949
2727 1611 -249
5019 2311 -860
7642 2705 440
8363 7072 -596
3240 9517 166
1158 4560 -131
2886 2109 -178
1241 5377 -532
4809 1675 -340
4929 3920 -115
4637 5378 -385
4724 7094 442
41 1539 -883
621 8280 428
8922 3823 -35
1554 1987 -510
642 5669 -747
1216 1003 -925
5562 1900 52
2297 6025 139
1175 5229 692
5635 1878 -922
8748 5983 -714
172 3924 -416
8010 5408 331
968 3548 81
8063 2680 -77
2926 4625 650
5379 815 838
8359 1113 -687
1684 4483 584
8516 5457 279
5962 9237 867
3465 9154 -211
5299 2076 663
4923 5659 -714
8847 5042 772
2815 5308 144
798 285 -760
4696 6668 200
2450 1717 312
6052 7807 -323
5139 8979 578
1377 2758 -666
8406 8489 -426
3800 7014 248
8077 5566 -582
6431 7453 348
5871 5251 -457
2377 687 620
2002 8090 -666
3879 497 -461
8882 4816 331
1820 5807 832
6081 1575 231
795 4591 532
7274 5801 -56
2288 4743 -532
8723 3988 70
2109 5974 -392
3758 106 642
5715 5279 78
7292 8632 -455
7052 501 23
435 7518 -155
323 8015 298
3434 6467 -961
6521 6603 -105
4363 2904 -6
2373 7917 -53
4984 2549 -739
526 8590 261
6702 5478 710
8901 5923 -304
7227 6334 -273
8023 3104 118
9268 6044 954
1613 3769 -224
867 3852 -64
5448 1391 -175
7371 5462 586
7054 17 -528
903 3593 436
1874 4499 -440
9006 5698 -804
705 9424 -578
1195 7900 -636
6617 8957 746
7306 5212 -117
6606 2003 951
1851 3339 607
4071 9336 -293
41 558 -460
4562 3615 -398
3209 5213 -851
6110 1049 -675
2668 8693 622
1155 4637 671
5154 8810 442
4351 5021 672
8892 3696 325
2895 7626 -33
4020 3255 -977
603 3105 76
9472 7824 553
6022 5046 -803
563 7561 966
1136 4425 -174
7512 3089 -640
6421 3784 -908
1725 3366 201
8603 8558 -290
425 8676 -716
5111 2570 -287
6438 5715 -329
6519 7749 -593
1332 2301 771
6902 8883 970
7340 9161 338
8830 693 -668
5015 4054 -35
62 28 412
3567 574 603
1953 2037 617
8644 674 138
9152 115 -258
1214 3282 158
6123 7630 977
3732 5728 -87
1756 1988 -70
8919 429 -346
1507 2820 428
7934 1722 90
645 2160 -743
8663 5062 696
1844 4171 32
2884 4424 -903
2207 3301 680
2091 785 -647
4327 324 16
8758 1339 879
2686 5931 -483
5354 4473 15
8200 4839 -688
3672 2013 -611
7757 1218 244
3865 4332 -590
1566 8288 498
3681 5494 -447
8337 9158 -489
6543 8158 88
5634 556 248
4606 6255 267
7030 3834 -445
1462 2811 -844
8769 2564 982
5887 4327 -500
259 9261 700
9507 4358 -724
3747 4319 178
9100 2878 919
7873 3680 -313
3156 4313 501
328 5687 438
2316 2707 -645
2027 5802 643
3691 4181 133
5567 5894 192
6682 9048 605
1140 2359 -841
5947 5137 246
210 1187 -860
5768 7427 -162
1523 2042 901
5796 5441 795
5411 5028 684
1354 6589 -447
51 1979 -478
568 213 -611
622 981 -361
5064 7712 928
5833 5182 945
3799 5290 -78
6812 2711 632
2952 5277 -11
1161 4307 -448
4955 8188 -510
1960 1334 -176
2218 2838 -618
9290 2732 310
7631 5590 990
8899 4711 -247
3115 56 225
8433 1670 27
3120 2455 817
7139 7002 423
8791 3277 -170
2299 3005 -561
3748 2845 -318
101 2468 -986
9183 6912 -543
2070 5860 910
8560 8466 959
4756 4429 -59
8932 4749 35
8130 4711 -76
3097 4685 -450
8030 312 -236
455 9293 -860
4766 5337 128
2472 6851 992
5520 7473 475
3362 1846 970
3905 1013 772
2465 9272 770
6152 8090 -265
2668 2785 -887
1152 1650 762
3651 8917 647
1143 9468 869
9246 2620 223
1582 8058 448
8823 8381 -863
7609 7941 98
2159 2751 108
2238 6779 50
9273 5321 934
873 1944 -460
6704 83 -673
3706 4068 -627
3690 6185 90
916 2926 -69
4362 5217 991
5154 2731 -232
1912 8022 980
3016 1394 -626
3012 3797 -839
8225 8893 697
6122 1780 560
7574 7082 521
5978 6337 -938
8880 7572 766
8270 1586 355
5758 8921 585
3364 9468 -1000
1 6096 -834
1145 3796 -860
5312 5209 665
1298 196 -455
9515 6222 -294
8114 9085 961
3870 5034 -749
8462 735 423
928 6205 743
3759 3563 -642
2850 6385 206
9373 6134 525
6354 7424 -532
2420 8108 143
3726 4157 -698
5949 9144 261
9071 1958 -70
8254 2681 122
1372 985 0
5736 3751 -599
3445 3807 791
7538 785 -430
5956 4836 -192
7864 6435 617
1716 5197 -303
3248 2754 506
1680 3771 93
5969 5405 -578
8105 439 656
2928 1857 -681
6244 2709 -387
5107 3591 924
6210 4215 628
2884 7103 987
256 8640 -427
5642 7659 963
2693 6016 508
1009 2360 717
7877 4258 799
5052 7629 295
4166 5856 -893
4093 6269 988
2753 6904 -576
5640 6884 859
9436 7539 -994
5022 7070 -4
2618 3895 917
6167 6120 28
2774 5159 -765
7439 5662 -484
6318 6977 671
2405 6895 575
4805 5836 -877
7661 1072 482
5818 1794 -48
2150 4902 890
7106 4702 -861
2562 9205 -852
7358 6966 472
1864 6800 -994
9088 1704 -389
7948 6755 -929
156 1025 279
609 7982 -444
6266 2330 -751
2364 7945 -185
6305 2705 -892
6873 5036 -276
550 9253 704
2391 6346 554
4191 5646 -736
6498 8195 -862
7103 4510 109
7435 999 556
7248 9251 434
6240 2457 774
2623 2010 259
6222 4658 596
7126 4054 530
1526 255 -716
5773 4989 309
2965 552 656
2623 8800 -318
5570 3443 568
3072 417 -493
7392 2551 201
6463 6317 -611
7382 9194 -962
1198 8139 789
6068 5983 -105
2681 9403 147
8554 2059 244
4457 5673 49
4996 83 401
6977 5190 -823
1185 7636 -446
2959 4411 -251
3440 9113 111
4960 5311 -945
2392 6763 186
1436 5090 -709
6020 6461 268
1183 5239 794
6324 1574 -583
7138 6704 553
1613 6381 716
5643 183 340
7551 5119 921
6180 7557 215
2230 743 -647
384 7683 -100
7329 2199 -782
7823 1657 47
8767 2952 -809
5153 9060 556
7268 5615 -630
6846 7108 950
4584 5965 141
9322 2281 -266
1068 8451 -280
7669 8921 -905
8111 7586 169
6832 5721 253
7648 3970 514
7414 8175 -547
1613 1479 551
1392 182 992
9212 1979 -796
3565 6759 -576
1534 2171 -826
4340 3775 -357
5808 1072 -705
4666 5156 92
2848 1425 716
48 8324 816
5426 5067 -333
2443 3401 -847
3433 3528 822
3000 8382 668
6748 7643 443
6073 3466 -351
7495 4912 -400
4015 6439 -306
4817 673 767
3691 2127 -799
3548 7749 452
4868 7457 -222
7284 4375 366
7716 8439 864
1397 6084 -552
5883 9420 -276
6967 1622 -588
2404 7309 292
578 4204 907
75 7092 52
4469 6167 -971
6444 6508 858
5384 4061 736
7388 4086 925
8814 9463 -529
439 8570 -554
2713 3848 -814
6524 9308 991
542 56 -150
2513 6368 -948
7442 4201 594
4523 7113 -92
1333 2839 -211
865 7856 554
411 2367 -334
7650 9210 -485
3402 6610 -499
8384 8060 -462
7315 4332 -181
7164 5099 554
1381 9188 -467
6052 7745 -209
4398 3498 -284
5045 4894 -215
5542 1213 16
8436 363 -413
7948 6875 21
4017 5373 591
4276 8122 18
2259 3821 470
2644 3669 987
361 3118 -524
7097 2695 -680
303 8582 602
580 6829 -304
1033 1062 -98
6814 7394 798
4834 9140 733
3586 2558 532
6438 726 356
5451 4265 -121
3746 6430 756
2082 8379 963
6951 7206 241
2350 6133 -380
1767 6352 411
29 8464 397
947 9257 703
3281 4678 -822
2952 266 468
6251 1090 988
4288 8562 -482
3502 4598 912
2047 2963 894
2167 1120 172
3591 6774 140
8299 6471 -633
8483 8545 327
615 7232 817
549 2461 -526
7779 1198 802
6753 7361 424
682 2604 -576
2462 8339 638
275 3841 -237
7202 2937 309
3954 3857 -1000
743 5888 693
283 1934 305
7097 3535 -987
1885 8143 -34
115 830 728
9260 562 536
5183 8989 758
9185 6672 -539
7130 8986 -131
8557 6715 823
7625 4858 -369
5130 7801 -242
4215 8957 219
3761 8255 -963
7168 6241 702
7427 9076 -13
3203 1979 838
5480 9385 -505
908 7447 55
8645 691 -713
1939 2981 537
5577 627 -120
2603 1407 743
5774 5776 43
1433 1846 -836
520 1485 277
3010 332 683
5667 1502 506
2913 978 449
3683 3134 -231
4997 8168 -252
2351 9303 -328
5099 6773 645
9367 3529 -528
4149 6947 -24
3312 8804 5
8388 2426 -722
396 9141 146
2547 4020 -167
9414 9018 -147
1378 2336 -540
3954 3529 -173
4281 4767 -622
8493 7379 -830
7461 1666 305
6687 7676 156
3042 9069 -224
7185 4460 538
2960 9080 329
4029 4096 679
6816 2290 -105
5410 9068 43
2789 6493 -184
4519 7238 -62
9064 2341 -365
1804 4626 -680
1590 7473 -778
9204 2552 408
5629 2190 427
4446 8348 -481
8991 6293 -385
1608 2912 56
6601 7520 -830
666 7911 -107
8417 2251 -868
6048 2622 67
6553 7339 725
1158 3290 159
3186 8353 175
7388 8559 -716
7855 1341 826
8110 6639 -66
3118 6079 651
3227 3907 85
7731 4770 291
6191 4103 -706
3737 3248 860
8990 3869 -188
6887 4316 655
6676 6522 447
8983 6299 999
6623 4195 180
3960 8935 290
6949 7702 870
8054 595 183
820 2374 88
7122 9076 -804
6362 8739 -123
4374 6904 316
795 8216 -917
1596 907 -748
1054 2182 538
4216 5469 -164
6598 740 -863
5936 737 619
794 478 696
943 4962 -206
9240 1215 -530
2081 922 270
8622 4396 -872
3779 686 886
1911 620 278
6281 3589 -350
1863 1826 -286
3853 1069 649
3106 54 280
8375 4928 -429
788 7997 85
1598 7397 682
3182 7440 -990
4839 7193 439
2004 6788 788
7090 29 -64
8754 4282 841
771 1192 860
770 2746 -667
2957 9150 295
3059 1426 681
5119 7967 583
398 6515 517
5354 5092 -651
8378 7171 -193
7544 3518 -302
7177 2524 264
4291 8110 867
7740 7192 -669
5815 9323 338
9222 7475 -858
3402 78 446
6225 6469 727
5763 2001 263
4049 4660 -614
9472 3416 592
6811 6179 -174
4460 6992 295
3965 2214 203
3248 3525 761
2153 5928 582
2322 3188 34
2687 4564 231
7068 5395 -416
1514 655 -787
7942 4549 187
5952 4976 970
2443 8105 159
3798 4387 -291
9214 7284 351
6573 6872 -658
8817 9005 -620
5240 6997 -929
7072 7396 21
291 8967 -647
8851 5453 -806
8417 515 -847
163 7538 300
6160 1856 207
8518 2884 667
1092 3439 366
6259 7697 -53
3268 7879 -270
5700 3332 -287
677 4590 179
7012 3042 879
1244 1829 790
960 869 1
7965 4027 183
355 6319 -118
3117 3139 -300
7156 6809 -895
5596 7289 13
9348 644 958
377 593 222
1308 9283 -539
5228 9026 287
6422 1171 340
9078 353 -695
4266 5755 311
4869 6232 697
7226 2353 261
7585 4098 -569
3659 4860 546
7391 2299 153
3559 582 -207
3820 4343 667
7541 1297 -114
6493 8027 -542
9128 9235 -363
6705 8878 424
8489 1892 773
6434 4581 146
3391 8140 787
5476 8259 614
6386 6974 -902
3647 351 -619
7198 1007 858
7960 3961 -916
2845 1203 -365
4944 2560 452
2233 7014 898
1689 9234 -646
6690 4066 379
3408 9481 956
8074 1893 -486
1841 2049 912
9475 1168 -329
3995 5199 67
3023 2556 95
7164 1922 513
1400 5541 530
4508 6055 302
4379 5019 -445
4166 1773 737
2762 2779 -588
8697 4607 6
186 3581 -831
8407 5037 86
4854 4655 292
8548 3683 -262
9226 4880 -643
9137 6291 666
9303 4285 369
7742 5870 -457
4045 8814 710
1593 9356 -683
5679 235 -241
6654 3830 599
2651 4590 141
3482 5552 530
4810 1888 548
3393 4941 833
465 4783 -988
8068 5715 -797
7790 1435 -648
6684 8706 -346
1477 702 -495
7854 2169 -195
7649 3713 -983
5145 6436 -15
3458 8777 799
1405 6411 -514
8338 2188 132
7961 2979 73
9073 8936 -129
1913 8719 727
2943 1595 560
2565 3919 -989
1708 530 -739
315 4895 -111
6641 7419 228
8473 5537 232
2256 8624 -409
8233 9373 -88
1223 9260 273
3290 7599 935
5479 3257 -873
1453 6015 -776
1021 94 270
6061 2083 -374
936 6095 -162
2055 7901 689
5507 5414 895
4998 7551 651
2953 534 -574
204 6255 217
2102 6411 194
7258 8867 -930
6426 502 -623
9439 7374 -187
4712 1891 -540
8272 7275 134
7441 3327 809
6669 4566 842
9280 7741 714
3777 9423 -498
7260 7214 -63
1039 3857 -804
5719 6691 817
5092 7056 969
1110 8633 -749
7923 5051 4
8238 5436 -705
1426 4235 -860
9495 7502 508
3986 8531 -742
5959 145 -128
3723 6552 341
6293 5293 -819
5681 5736 -640
8783 1025 -805
6194 4398 -134
757 5914 -566
8165 2979 -1
2132 356 -165
442 3081 668
8176 1856 -130
7256 5641 -12
3296 4999 246
6303 6349 -555
5823 7966 819
8290 8048 963
825 6876 976
461 8750 -564
5204 1086 -432
4509 4006 -943
2166 3787 332
2414 8209 -504
8092 7145 -343
5190 3852 -463
6539 3595 -29
1438 4365 668
620 3442 -962
8832 5649 471
3267 9335 -171
3341 3554 -976
8364 2776 450
7793 8411 -713
7441 8487 731
1452 3103 309
6249 6193 548
1324 8820 276
3257 387 505
5212 9230 665
41 8293 -589
3350 4154 -901
5070 6636 -598
985 2685 -532
8803 6056 874
7680 2881 653
4661 1109 -115
3696 8023 669
6335 7074 -222
3782 9360 238
7532 5245 680
5324 2243 -575
8297 6545 -615
8587 7268 59
6630 5012 147
8402 8008 327
8964 4114 -14
5235 1471 -621
7256 8796 538
6769 6722 -991
2760 3171 -89
6899 7891 157
1790 2367 -226
7121 2340 375
2764 402 -262
4196 3366 -620
4328 5341 -496
8279 367 782
1191 857 407
4317 4652 -131
4095 2317 833
5894 2848 -519
6545 939 458
8462 5204 -567
6000 7665 955
1289 2949 104
1807 1895 170
396 8034 -97
2738 8583 417
8066 7653 -950
6408 1545 -378
6294 5785 1000
1861 5391 637
3716 1520 194
1606 2284 749
1893 2679 157
3030 5860 541
126 7627 431
7529 3287 363
5325 2445 -43
1402 6055 270
1274 216 993
9481 8000 450
2571 6828 544
7718 1263 630
2798 3160 -256
103 6722 256
850 2947 786
6320 6893 79
947 6113 -778
1487 3582 -68
4048 524 -911
740 8559 150
6428 145 38
1300 5341 -119
5354 6434 955
5268 8152 -42
8835 3713 -725
5019 4070 348
7615 5743 572
8060 933 -588
3532 3217 -918
8444 3403 -124
110 5088 689
2270 637 -382
6359 8381 25
4526 3844 -692
3143 465 -841
5018 1748 443
73 4560 -29
2851 5454 838
9214 2228 689
6666 726 -744
6991 9016 168
1909 6493 -666
5657 1432 -745
1988 2283 698
1338 5884 400
4601 119 -156
7447 9235 -616
2982 7812 -897
5574 6464 736
4545 5460 -205
4011 6605 -582
3418 9485 906
49 5764 813
5112 1788 634
828 5244 407
2801 3673 796
736 4379 230
97 7482 -841
4498 995 589
3632 6944 -929
2581 3757 -915
2194 9037 389
3283 8567 6
1537 6971 -247
2141 8681 113
3261 5557 -942
5862 7518 189
7462 7680 482
7642 8064 -703
281 1584 256
457 4300 -733
9486 1897 -386
4947 3351 620
8086 3889 -636
5917 6739 567
5375 6227 244
119 2791 673
3585 1046 -294
833 3288 -967
8506 4903 -139
8626 924 -990
1329 3690 -666
7987 5560 -419
8925 1081 -585
2985 5110 372
9484 643 -269
3640 5277 -197
6738 4473 920
3491 9220 -447
5845 457 -31
3581 5001 -482
825 1066 993
3135 5047 -992
7346 2582 744
2460 8219 -665
5322 6384 990
3025 8268 -475
1049 2774 -430
6345 1891 -395
654 2223 979
6543 3839 -758
3932 3275 140
97 4904 506
5753 6323 178
2014 6219 908
4026 1509 741
3459 3849 -95
5068 5603 -1
7438 7035 -970
118 7817 945
2363 2289 -913
8251 5869 -80
5100 1096 -150
9314 3881 342
3550 4363 -417
6950 4180 220
8578 2050 980
3541 2491 726
4895 9316 -447
1274 4111 44
5265 1792 168
9078 3450 422
5088 9026 526
5154 3219 -254
9287 5673 870
5945 7381 -391
18 7526 -781
4169 2275 354
2683 2465 611
524 5599 208
6498 7746 782
5586 1535 604
7961 7709 604
3117 8918 501
5033 1132 -939
4458 2081 -44
7461 781 -439
7807 3524 -365
6616 923 -329
950 8726 670
3475 9050 937
1950 2283 -462
2228 8009 -249
5423 9415 260
3292 3220 523
623 5675 975
7461 5720 -410
4308 5510 -539
1163 336 884
3308 6570 -865
2106 7962 528
4854 5449 -910
9168 1203 -204
7889 3987 -99
719 7804 494
5531 8944 224
4793 915 676
752 6244 939
1238 6561 484
7770 3411 -404
6265 4393 -259
4407 7274 727
2231 1764 320
3493 6754 208
5104 4140 -493
2906 906 -207
8556 2446 -800
2252 5792 -141
3179 7607 708
2356 9375 703
3686 3927 767
4521 140 358
3460 3239 880
3864 859 234
4273 4237 24
1581 1976 -314
4566 5612 726
7850 3471 613
4753 6699 -426
6779 4833 -323
96 7515 653
4410 7961 26
8752 6278 47
6246 2714 474
7264 7674 -133
375 6279 593
1261 9049 -310
8443 2709 966
6356 7130 223
5355 9061 -936
2046 6009 -272
2079 6694 -970
6610 7524 91
1480 4870 514
8568 9253 -347
696 763 -151
9082 8552 235
3551 8240 916
35 1591 529
4319 8012 329
5698 4936 109
4908 8185 -759
5450 8087 187
4073 7148 427
7800 456 -190
1940 900 -784
9229 8520 -92
9483 8685 477
7735 3285 -608
1266 2221 600
2273 7883 -2
4189 4216 654
5602 9165 -499
4277 4312 714
6209 1199 -639
8614 1991 -94
4393 8699 -124
5531 832 5
1939 3192 -93
9159 7606 -439
7483 4494 -786
1747 2464 -540
6202 1334 -76
5672 8935 -647
3116 8213 2
6010 5942 -745
8705 6876 -821
8257 2322 -308
444 5465 -114
3736 7896 -87
726 4419 189
8630 8940 -201
1331 8144 50
3405 5570 357
3173 5576 -338
5144 3322 670
6775 6263 -212
8675 6195 534
7435 515 -9
9324 2459 845
1965 389 315
7563 262 361
8329 4177 -353
9271 1671 -40
1408 8496 897
2534 9286 -654
1107 3634 -136
2284 8511 685
927 804 -394
5764 5369 657
5554 6925 711
2332 375 -479
4858 178 762
4502 7224 -506
8066 9179 903
6652 1263 223
2067 3936 560
8226 5416 -238
222 6882 977
7896 8529 -249
9301 4574 -302
357 1545 40
2419 2792 -60
2842 8693 -289
8066 2249 349
2239 5846 -720
5011 8475 -850
7080 1737 89
8566 6617 -369
3710 7544 25
7135 4645 -563
26 8069 -564
5955 5346 -777
8646 5780 -290
2225 5017 902
9245 6300 -312
5464 7437 250
2708 6896 -873
566 8272 -734
1283 665 821
2690 558 227
8985 8075 -908
8102 4064 191
6876 6703 -627
6135 4150 -207
5862 3658 -641
5564 4023 573
7073 2041 -324
3171 7295 -691
3599 8341 -749
3657 2222 815
2799 5001 365
2175 9319 -368
8239 17 28
5851 577 403
3954 1992 -578
4806 7134 -646
5592 4899 746
2678 5613 89
2089 7263 994
1453 7177 -126
8641 371 -199
8724 9423 54
4230 5478 -934
2601 608 93
2629 8632 9
5368 6258 -579
1905 1017 -944
451 3869 943
7084 2967 824
5688 8174 -341
5289 1769 186
2103 2043 207
4838 1911 453
364 103 506
1296 2593 -405
5033 4030 -765
7793 3580 -890
3639 5436 -398
1348 4224 -275
9122 5619 -721
2857 2957 -27
2222 6840 -188
8596 3198 -998
7048 6048 -835
1414 3218 642
5127 8311 276
6964 8369 -321
5343 6882 -536
6225 1728 299
1519 7754 335
7403 5270 997
6655 6490 -706
1622 7408 753
2715 5745 -95
6343 9502 -624
331 899 -833
327 6920 342
6628 9325 -863
7450 6777 -24
9384 381 87
3403 5727 -501
1423 1517 -14
1361 5575 537
8635 4709 -654
2467 4597 -170
4398 8962 741
9320 8527 279
5414 7354 76
4887 7862 464
3781 8315 -404
7432 2682 447
9190 6433 883
2958 2953 -763
3065 7876 987
1742 4492 -643
1607 7465 -12
3605 8271 185
8823 2170 663
5880 8888 -513
5860 4402 -130
6491 6761 -577
9286 7860 -880
6444 7454 -331
2697 426 -557
5701 6627 -522
3140 8895 -438
9373 6603 194
7632 8993 915
4301 2315 433
6861 6990 628
2766 3211 -973
8558 2773 246
2484 5865 -538
1733 6949 12
5622 8405 277
4589 9139 -463
6049 4182 99
1835 8869 -33
8523 2444 335
2378 8965 -750
4056 7441 -290
4861 2122 -223
1055 4849 -134
1843 3020 -518
1177 7901 345
1389 7092 -648
6297 3764 -616
5999 2290 -510
6949 8987 374
8861 831 971
9209 6516 -132
4072 2721 -623
6826 4210 -173
7083 4986 819
4303 6100 189
1546 960 149
6090 5437 -28
1429 4086 -331
4151 9148 -989
284 4104 -415
4677 863 -290
9381 7110 -105
3450 2510 132
7101 1039 -655
5838 6964 -855
2203 6679 -484
4110 5804 -322
4233 3090 -829
7308 6998 -385
8719 346 -220
5350 5478 787
656 3719 630
9399 4054 671
699 4666 157
3404 2608 390
5972 2720 -321
3156 4008 -942
9169 7270 140
4048 6790 -258
696 8654 -997
7374 3121 502
3424 1785 -276
6695 6551 -265
4281 838 603
1712 5486 -317
1317 5057 -840
5646 1084 143
7988 742 118
5687 7961 160
9118 4847 189
456 6715 549
6928 8350 430
2803 6275 -744
1171 47 714
3234 2391 -922
6521 4377 -590
1119 9196 330
3759 50 316
1393 2458 523
3781 7340 -881
1558 266 -420
1152 9474 -717
45 2501 -889
3521 879 650
7568 6630 605
6709 8918 204
719 5443 981
2796 8548 386
8056 1420 -911
708 8070 -729
8454 9356 184
8522 1133 826
9040 5787 -60
2646 304 973
9123 4123 718
5437 5794 -442
8410 52 -508
8384 3064 353
831 8551 -1000
3946 2035 -700
1106 4973 65
1945 8815 673
3365 2339 -21
5070 6834 932
2813 2719 -285
34 5947 325
9150 3979 106
3875 1809 -714
2185 6405 -94
6555 1490 628
1270 4595 -64
3056 979 269
1925 2046 466
7829 6856 -762
7490 5980 970
8692 9330 -204
2705 1959 3
4290 1351 657
6324 6355 967
8672 8216 -633
1971 5053 576
4475 1043 665
6493 4103 -894
2631 3042 884
8397 7928 -672
482 9507 -11
671 6000 149
1033 9490 -906
1712 444 -12
2481 1487 -601
5284 752 -419
1123 8 525
3550 3884 -249
3560 2389 947
4788 7547 158
7291 5448 34
6252 1972 651
4647 7764 -213
52 117 949
1360 5321 -734
4004 3429 -413
4740 4851 -209
623 3956 -972
8274 1020 -322
2679 4593 648
2178 5288 -961
8797 2177 413
1514 2446 838
647 470 -842
311 3090 26
2966 4877 -770
7103 135 72
3544 6058 -551
8345 3337 348
7959 1435 -74
7301 3893 -258
2057 4642 230
6302 1543 -912
7822 6983 -993
8973 9198 552
5140 5981 314
5339 6695 654
5959 3204 930
5216 405 -755
1112 3473 -456
1520 6102 776
1238 7878 633
8185 720 -137
2888 3980 -748
4138 4248 -780
487 6248 -188
3984 7916 614
8479 7247 419
7719 3415 -37
988 6370 -667
3691 4519 -986
6902 1744 46
6489 1468 -158
4076 1712 -96
7786 3938 -765
2403 7071 -141
7971 3056 -267
5146 8818 90
1255 398 -228
3146 7922 -578
8994 7349 -733
1741 1566 -112
492 9476 592
9060 3573 -826
9346 6799 -962
8859 5335 -615
4372 6336 935
7673 4454 -495
1307 6528 257
3503 8972 878
573 1327 240
4837 5304 -792
5228 2821 965
73 5860 427
3877 3141 -941
5401 7869 -476
2498 5259 -422
8907 8726 543
1364 8867 -90
408 6002 393
4288 7433 -835
8298 7254 481
6146 5730 -664
9378 1720 -899
4843 738 250
4211 8634 -737
2078 3509 -161
5041 3639 264
8111 2899 -540
8001 2438 -404
1235 2175 407
7729 2510 -363
5297 4100 -939
7270 2607 355
3603 5050 511
6643 427 -888
9102 447 866
5050 8413 -596
5970 3747 647
3856 5255 -322
8017 459 112
2465 6589 -848
1775 3889 832
1741 4041 564
7735 6712 827
139 5037 693
970 591 845
8298 3972 -263
3771 3902 928
3425 2751 157
8286 1172 -337
4425 8374 -452
9135 3885 933
2358 233 219
5087 2381 -496
809 5492 -534
4422 2888 472
7423 7282 358
9379 3518 189
1503 925 973
7589 1350 397
7712 3100 749
3764 9494 -803
6213 5075 917
1018 1013 182
4454 6592 -423
6614 2628 168
8488 4134 518
3134 154 211
3654 3026 -724
3726 1720 -861
4000 7881 593
8942 2018 823
7892 8538 513
6892 1549 556
2659 5119 482
3613 1801 -248
3265 397 -962
225 9387 -155
8269 8178 868
4880 5172 -305
6500 8553 -25
3299 4378 -476
412 5140 -291
658 6876 -384
4538 8344 -750
165 474 -598
8391 5016 186
6958 3809 -168
38 3382 866
905 4370 -159
9246 715 403
6646 6054 838
6021 5223 -666
1554 9457 121
2573 9399 -172
5495 2003 -718
4071 1229 -951
5815 8379 -864
6579 6450 -925
6936 6764 450
3214 165 -822
2503 5212 668
7764 5047 88
1556 7871 -582
546 6073 318
1446 3924 530
1188 5278 -353
652 3043 -900
4428 2212 -729
2637 6987 724
2794 82 924
5822 2555 556
2869 339 826
6116 5136 -140
8379 6299 -361
1723 91 -727
6170 6063 -360
4653 7178 486
2873 5218 617
7882 1333 29
3883 8182 -814
3804 3595 -289
6793 2787 -882
4581 8004 -436
225 7354 -319
4373 6004 813
423 5607 -597
4136 2688 705
7356 6359 816
4698 7386 -1000
6877 1814 -770
3256 4016 99
2532 4238 112
5072 837 -39
7984 6296 432
7050 308 988
586 6202 799
2055 8684 -677
813 8722 -344
9362 5660 909
387 8886 -274
6020 4006 55
8517 2795 14
8673 8395 243
252 7515 885
7248 4450 99
3637 2501 -48
6163 5114 -718
1799 4472 179
5271 7370 -856
9204 5094 959
5564 2548 -723
3578 6088 -52
7584 8695 -975
2908 4281 -891
3709 244 -443
5047 6173 596
8099 6308 737
1576 6708 -81
3203 3007 -530
4708 2668 510
4193 4753 -237
1764 1292 56
8651 5529 701
977 9313 838
9479 3688 15
4795 6322 440
8628 5502 -281
7286 5674 723
5950 3459 481
8806 5919 777
9446 1663 -115
3905 8172 -979
6170 1295 330
7540 934 -816
1354 9158 934
361 6963 287
707 638 -917
728 5376 -221
2994 744 966
2757 4521 709
2029 5988 -4
7970 1551 194
2342 5424 -592
629 1450 -964
415 5594 404
4860 4004 -296
4103 4826 -280
5548 4183 918
8204 6548 771
4952 657 964
7990 8018 272
8323 5358 -699
7286 3774 -756
3485 8216 710
9404 7431 287
8155 6289 321
6504 3226 -700
7641 6605 -296
8573 34 -994
1585 4264 219
9357 285 239
3843 3562 899
3785 6497 -348
3269 5885 394
5340 8086 -460
5629 8709 77
5395 8936 -371
7831 8923 450
9211 453 -31
2135 6984 326
5556 2686 -785
3430 8438 15
3590 6204 160
3921 3903 498
7043 3221 584
2835 6928 -780
5365 1944 -987
5530 4266 875
4075 4454 425
699 1118 -397
6809 3876 -622
694 928 531
7169 4965 568
5267 9221 -118
7729 815 -227
5402 6152 395
3611 6528 672
8653 4752 554
907 6831 -718
2044 5650 -360
7048 8972 -89
7126 4225 -297
8938 6827 422
6698 4948 -912
167 7290 142
7863 6513 768
2050 2452 624
2310 3064 540
4701 5646 -839
2054 2110 -908
6685 3117 916
3438 5071 -828
5440 9323 601
2386 1297 -231
174 560 -947
8989 2872 -36
3375 8917 -382
3875 4179 163
4428 1900 666
1503 7734 397
2145 1304 -940
6301 1445 -144
7114 1500 -105
4897 1900 514
995 1574 810
7043 4691 75
7105 7923 379
6389 5698 222
1779 7527 171
4674 2927 -844
39 1871 -266
3584 2156 150
1109 1411 107
3190 7272 -617
2230 352 -636
6149 7399 742
8215 3640 -281
9100 6541 721
4849 5428 634
482 1435 214
2405 4406 -377
1421 7310 -545
8218 4656 -389
8584 3799 707
4373 6327 -128
4591 1467 -229
2695 7942 -313
8035 6727 650
678 1263 303
5402 8850 -511
8133 5482 -106
1400 7558 228
6088 9123 -977
87 5763 157
9086 1166 476
5549 2680 920
3976 2674 12
6933 3761 593
8567 6176 -574
692 2542 -404
1218 7107 774
207 2157 -95
1097 6942 231
65 1420 -65
2105 1065 380
1621 6269 -715
7489 2171 -372
4902 5149 -940
3667 5702 -369
5583 6563 -155
6005 5193 798
4134 7832 398
9193 6845 384
545 3127 -260
7377 9022 -422
4292 2329 -903
2477 6596 -53
6053 3650 -565
5730 7171 -201
6529 1515 -19
4328 4087 378
7339 6806 68
8399 6084 29
5541 8876 -879
5081 1557 268
2052 1750 432
6609 8304 501
3670 5454 -875
6101 8356 317
7826 7647 316
2668 9437 -141
8971 7259 -608
7547 765 17
1832 4876 5
3379 1084 3
8036 9449 568
7834 582 -618
3003 4232 -955
2356 1509 474
2890 1715 702
4598 1374 -283
3078 6114 -980
860 8352 299
6884 8989 831
8658 1073 210
3515 2362 -611
7352 1469 -911
9373 5784 627
1929 4162 867
2703 3230 418
1449 6516 -78
6972 3659 -874
2462 5619 428
914 4312 609
894 2201 -501
7293 220 -780
7127 7095 480
2444 5227 168
8031 4990 -5
3914 8919 -664
6472 4533 -946
1262 1080 -200
1325 656 -735
6076 3494 372
7508 7099 -109
6511 8828 -643
7783 4430 -768
5721 3376 -219
8882 8301 980
5877 8815 983
2821 2143 182
3622 8067 -141
7614 7277 -612
3122 8032 994
4871 6124 317
1720 7804 -576
3156 5760 -733
7704 4946 63
2099 3587 338
6546 2868 803
5774 5616 -784
5593 4941 -606
8134 1842 577
2229 1871 -45
6114 7409 7
2903 602 369
8797 5680 246
3601 8143 -735
9018 6744 732
1818 2932 -201
1494 2932 -771
4505 862 -789
754 2223 -945
9228 9058 179
8108 5192 -900
7526 7503 -801
4862 2208 875
395 185 -361
7764 2519 -179
5691 5407 -733
7953 2095 183
2728 7532 565
418 5146 -919
2722 5207 -601
6657 2435 846
4006 763 -562
7405 5502 -483
3194 1506 -604
291 4876 -759
6528 1353 -806
1000 8823 957
8802 6325 723
6969 5242 728
7652 7146 -493
3025 1509 193
1230 2774 843
8654 5569 -776
4388 4851 -211
6924 550 116
5423 7601 100
1106 3362 350
369 3053 646
5151 6661 928
5031 2041 343
6722 1678 975
4346 2538 -185
6404 7392 -451
7081 5924 -433
8772 6813 -34
143 5676 300
8292 4508 444
3709 4908 -884
3807 3331 852
8451 8215 106
6128 325 -283
5464 6488 -254
6993 1116 -985
7330 2450 211
8576 7766 453
5624 5388 630
5841 5933 164
3827 6028 147
9133 3740 -428
4306 3173 -836
5195 6195 560
4639 8610 -642
5083 1970 232
5970 2914 6
3232 3184 547
3103 1346 532
5138 2881 18
4756 9484 -808
2823 5189 30
1337 6131 97
9068 4477 787
2654 6941 -84
8892 739 -848
5426 3929 -644
1202 352 -587
2427 1271 -309
1130 1865 -326
4562 8053 -328
8602 6656 44
4047 4046 -988
7754 5001 -286
6184 2615 534
5366 8615 -444
3745 4492 739
3901 3490 366
9464 4252 -100
7655 8770 -576
3484 6366 -444
8391 6689 -328
3874 1983 -246
7634 4280 524
3818 6112 -888
8429 9318 -312
8444 8838 -313
9388 5314 -562
1770 3728 -104
2212 1057 -385
4675 3054 668
3815 8220 -729
4958 7847 -949
5129 4534 -23
6791 8647 -71
326 4118 581
8989 1259 784
1176 3368 589
1468 2226 -302
1037 658 586
4451 3355 75
5181 6600 -575
2669 6910 384
2911 3764 558
3780 6585 159
7645 5570 -595
3653 379 531
492 7317 344
1292 3884 -24
7765 8239 764
6842 3217 -74
3261 6978 -933
3738 9153 -728
6556 6656 130
670 2490 -201
9105 7469 -142
9108 4869 -267
1357 8357 183
4442 7842 319
8923 3980 220
8227 1283 542
6652 7392 -929
6951 5031 992
3182 2460 515
2303 3666 -131
7234 6319 425
970 2572 55
8139 7130 -505
2570 3204 717
1370 8951 -197
8810 4455 -119
6078 8356 -405
8032 4227 155
5077 1346 204
6849 8444 562
7752 9247 -932
1542 1570 -1
3483 124 242
7964 8944 -978
5744 9033 625
5015 8452 -649
6451 2509 -794
5600 8704 -509
5364 4181 94
8178 4429 15
4199 4860 -287
5808 892 -847
5061 3369 -576
8725 7416 -758
7225 5348 984
4500 1472 918
7599 9428 61
9122 4727 -725
3761 4846 -692
3997 6225 -206
6790 234 777
4998 7472 930
4556 8052 416
7308 8521 586
2120 1484 -575
3274 9482 -822
349 7049 -275
2293 332 686
3320 3200 -431
6344 2139 -71
7876 5085 -210
7006 6119 544
3614 7084 -994
8253 5291 871
1547 1292 -902
1480 7696 186
4357 1056 -274
876 3603 701
5903 4797 291
6024 4786 515
9417 8013 -380
6740 7831 -52
5287 1014 636
221 8990 588
6918 1381 -342
7013 3829 10
2426 6597 559
9183 6051 744
3123 8259 -968
8931 7615 792
68 5169 72
6500 1515 -170
8388 3524 -688
5196 6900 252
492 5108 48
1868 552 313
2417 3764 335
5138 6029 554
5520 3129 -561
8288 5333 773
7332 4027 -770
4964 5575 -322
6127 1050 726
4056 3902 -638
2837 8081 600
3453 3536 635
460 5934 792
8136 889 -844
7063 8734 -237
286 590 -368
4388 7249 -634
2262 2842 981
435 8608 96
6859 1579 -378
3168 9400 -260
8262 3591 492
8294 4177 -254
722 910 583
1504 7679 -586
2111 5888 443
4745 5436 30
4942 3875 743
4219 1862 -947
7683 5445 456
3502 870 -938
4127 68 -961
4234 4289 -378
4994 849 -832
2225 2192 664
1060 913 -188
9444 9378 243
4215 2680 -887
1558 162 -301
4151 181 233
8236 6534 -853
4588 3978 316
5186 5410 -885
866 1700 355
7129 8110 -299
9214 8287 -928
7077 3431 135
2731 6393 809
1847 7270 10
2742 830 452
652 6413 -230
3306 7278 694
2767 6953 -651
9227 7845 -205
6696 1562 -166
5791 8981 625
3410 3723 -67
7481 1649 58
1702 6661 199
5332 8608 452
1256 1421 16
6775 2852 -231
8533 4031 373
8095 5383 -623
3540 7072 -538
786 8259 -380
1712 2658 388
2245 6940 -217
7800 1632 -771
287 5527 -26
7739 1399 -724
6439 5955 -890
543 8445 -882
8266 4010 954
8128 7413 482
4362 4972 -6
1182 8643 -406
3039 5449 -813
2572 3617 145
519 4359 -757
7729 7157 -124
7208 6558 442
4408 5028 329
6785 8115 758
5637 6066 299
9350 3376 -969
1230 8623 502
2519 8755 -199
432 7230 -281
446 4461 723
5638 4673 872
5765 3942 103
5306 8471 -564
1198 8704 370
2597 820 675
1644 8114 -974
8876 1043 -46
1139 1963 776
3430 9205 1000
296 7280 -534
771 8952 -66
6853 5071 -500
8035 9477 442
5591 6056 -246
5935 9124 950
9080 2962 -54
7915 373 -295
6236 848 450
5975 1801 -419
1467 575 32
9356 1626 557
7822 1917 289
6891 5186 250
7784 1972 340
6479 9261 -695
4984 7204 -952
209 1324 239
580 3248 -862
7551 7720 -819
197 2245 71
9242 7508 -676
5360 6055 -238
4011 8854 861
9109 4227 963
2368 8433 230
4773 181 393
8272 4273 741
3923 3689 -741
8039 5863 431
838 7796 -758
4838 1850 -452
8605 8790 912
2691 7003 -587
3330 638 860
2837 2184 -627
9234 2419 -601
604 3771 -113
4785 3906 -218
902 4697 -873
5819 1793 580
8435 9037 -885
1483 4332 894
5705 661 -931
4920 5692 828
5917 9516 -447
9173 8685 947
8586 8243 -782
8751 1774 -768
8525 5996 -67
5710 4256 49
1124 2866 -901
2506 7692 90
4145 5803 478
5266 1833 251
7302 6102 -105
3086 5476 861
1355 9403 -89
8069 551 459
321 7065 313
7686 7258 515
2408 7157 -155
3288 6314 984
9439 2560 -785
9368 7358 111
2137 5309 180
7870 3024 -618
6353 2347 -850
7623 4918 -291
7534 5854 -944
3110 5447 -705
107 8495 -540
917 9194 -412
5399 7388 -830
8482 7819 590
8066 8795 -37
7373 5981 -442
5338 4426 943
6882 1542 -618
158 4839 976
1079 7829 192
416 9091 900
3104 5481 677
8768 6296 -640
1146 216 73
5387 3787 -881
5444 1089 715
3301 9321 -519
9126 8832 -42
3003 3310 -929
2759 945 -130
7099 8876 1000
1867 2089 332
5520 7391 220
1238 7214 -78
6100 7120 -27
1023 2567 529
5885 7985 828
7167 3148 704
8605 8866 407
2652 5024 -36
5929 2682 231
4404 2382 651
8471 1008 -855
8381 651 67
6860 2863 856
7837 2482 -38
6079 1582 803
2098 4901 893
1775 2824 -526
6577 1620 -965
5376 1465 -707
478 7943 3
3656 5429 -73
9086 8027 750
6683 7049 692
5034 235 350
3142 6277 -618
4042 750 -468
4186 7850 293
6640 5604 -857
9053 2282 -894
4310 8622 695
2393 3944 723
3058 208 -86
4365 8377 -144
8646 3079 592
8436 3025 -602
5396 2373 0
94 3148 86
5558 5548 -612
3257 8099 -507
6857 6643 105
4648 1805 -213
8746 1242 -557
3669 5653 62
4197 7032 744
5060 9274 336
4284 3284 284
6163 6534 -158
1288 7922 776
4880 804 -502
9383 3293 128
9170 5500 -852
1951 5353 -576
5858 4234 -717
6636 8813 769
4260 9281 -519
7886 1151 -107
8490 247 768
8211 3517 117
2603 9131 -5
6688 2649 337
8505 4328 -187
2988 2035 -166
8048 1917 -145
7961 1080 -797
5641 3346 606
5017 7955 896
1666 8373 -225
7562 8998 -412
5659 1809 -134
3590 1152 -546
950 4869 -580
3766 5941 -34
7888 4685 451
1010 8919 451
3553 1885 460
1228 2027 634
7971 8207 780
2628 6943 -473
7336 7746 -427
2878 7342 478
2588 1882 -204
5452 929 -837
4564 2155 909
7055 3074 -431
8485 4809 -424
2491 2739 723
4417 3068 -82
6015 749 813
1056 2326 825
7426 1936 934
8151 4661 -167
4018 5658 -406
5218 8515 184
3920 5259 122
728 8221 195
7753 8874 -406
8191 7519 399
956 3828 37
5299 1685 -223
2142 4849 149
4316 5630 108
6700 9472 10
7369 2444 161
7677 5559 627
9455 631 -499
4186 292 -928
6407 1911 89
6495 4340 -573
9305 4880 -440
1363 7681 641
8616 3232 624
2107 9408 390
7783 1337 -193
4222 1407 920
7478 707 568
6792 3091 5
2113 5467 469
5630 4419 568
7115 2700 733
1093 8129 326
1972 6289 -372
456 3984 403
4033 1568 713
8464 3051 452
6803 6849 -668
3828 1232 831
8153 1132 -915
3395 8761 650
8164 6870 -699
7435 6382 -844
949 5167 841
1426 8683 -462
7989 929 423
4264 5404 -226
289 6440 342
5263 1128 -995
6953 2580 829
1351 7577 -559
3574 1986 -606
4557 7045 755
2719 98 878
2816 4892 -185
990 2033 376
5004 4143 252
243 4754 -50
4439 8911 67
7936 5672 136
2026 5345 115
2183 2253 -996
9265 2347 261
8434 4113 -689
9207 7465 848
147 4381 -90
2854 5943 -496
7776 1285 127
5205 8123 130
4737 2240 -620
1326 3420 -696
1135 8587 -174
3689 3308 468
9164 3718 342
4564 1658 123
628 540 -915
6209 4401 317
7382 6699 210
4951 4822 826
3726 5645 825
5949 2245 212
1879 1726 -981
4165 1705 621
1112 6690 821
4393 5046 -674
6779 5513 -563
2491 6978 -573
3434 2759 803
655 6832 -418
6112 9137 -839
4958 9235 491
2533 5104 -865
5836 4644 -537
8143 2674 -578
6605 8220 -364
4017 2705 -156
5262 9161 686
8727 4129 718
7435 7360 633
4066 9175 230
2919 8903 -669
2243 3931 257
6015 3149 796
1680 7085 803
6256 3735 836
8711 9033 -814
8081 7411 -888
9226 4001 848
7319 5682 -644
8087 4987 370
8904 1723 820
596 7444 341
7732 7121 847
3279 4882 -480
7090 7668 881
885 8964 -418
5073 4082 583
5077 4131 175
1455 8127 -766
3448 1491 -323
4698 3950 314
9013 7967 -556
6423 3294 872
3783 803 505
5149 2425 -417
1569 448 -664
4620 7370 -296
9141 8893 -862
3816 3070 45
2266 8683 -197
4383 2590 -508
674 7110 -809
1305 3684 586
7536 2002 -522
4399 520 503
9259 7059 181
3539 8991 526
1828 7986 -849
3135 9397 926
7857 963 -913
2766 5381 -485
5959 297 653
3375 8753 358
4941 9326 891
4082 71 -451
8860 5972 149
2752 8991 -989
7612 1342 415
5857 542 1000
4752 2651 -262
6094 4549 -844
2186 2939 329
4908 8354 956
2494 2010 108
7793 5377 -888
1077 6096 -947
9120 7801 -883
330 3064 -922
3430 1980 -133
3701 4486 415
8339 3726 426
2123 2718 -471
1668 8174 358
5287 322 37
8718 613 116
7495 9019 -22
8649 7001 -246
4164 1027 191
265 8431 391
6910 8776 242
3478 3382 -168
7978 8374 229
3315 8322 -785
1843 3788 744
2076 7847 -839
248 3969 -570
5082 2350 851
2817 8064 -568
6417 1818 -866
2866 9079 -536
5305 5946 -554
5815 4432 -777
5378 1050 -605
695 5685 -755
881 6377 -753
1418 5272 -752
4692 8718 -612
1469 9001 617
1413 3034 -603
2876 7752 -989
3762 1769 769
251 72 723
9250 4374 182
3317 2999 161
8211 5370 906
8715 8002 -380
6623 4979 -364
6071 5783 134
7464 5787 -885
8522 4680 242
4496 5987 -402
5013 3807 -504
2452 3562 361
8943 2964 -254
3988 8782 -672
2258 3373 420
3203 6411 -939
7570 2317 -165
8052 7168 -627
2568 5340 -786
3698 8904 961
283 2384 218
2108 8801 -294
9085 917 -144
6661 2879 -6
6214 1935 -307
5492 986 -98
3637 7604 717
2908 4002 169
9221 530 991
6781 3698 818
9374 9499 158
5299 5564 398
8404 7598 -832
8049 1674 510
8763 5985 17
3787 3208 799
4046 142 -330
7647 7111 -70
6962 5152 511
465 8911 -915
2266 3537 -872
9466 2425 200
1747 5726 -61
5969 1583 -130
815 1519 11
3095 6986 -652
2893 8628 573
746 7051 -71
4473 5989 185
1285 7996 578
2551 2804 67
938 6201 978
5803 245 568
8044 9316 1
3277 3808 445
4885 7424 665
8794 1708 237
5522 4573 629
591 1718 -118
6077 9280 -632
6052 25 -453
2079 237 -556
504 4886 829
2289 4417 546
3318 2485 105
8039 4272 329
9364 147 962
2051 8975 -732
8881 2900 638
6549 6385 -270
8645 5699 717
8046 1861 -379
7143 3720 -998
4773 6154 496
3385 205 81
6775 1046 923
4191 8734 -398
6030 7240 -534
1747 2899 -10
6758 3448 -933
9496 7387 -693
8547 9050 -859
8085 5035 278
6209 3 567
6868 415 928
6038 6241 -62
2696 4675 -14
6812 8848 87
1467 5749 -793
2766 3245 893
4089 4188 -844
6170 3253 669
9147 7413 285
6509 4827 -856
494 8945 -252
3003 6374 -822
2984 876 864
2423 1954 -164
7532 5334 -375
2376 9404 892
6483 5931 876
488 2772 287
3733 2478 -48
3100 5645 -899
2605 1916 270
710 7233 594
948 7115 -591
4750 8815 -56
6773 5089 -899
5543 7596 -493
8164 302 443
4621 3350 -104
5100 9504 307
7791 3460 -905
6516 9385 -47
8070 4655 650
5027 5387 -345
70 5578 -835
7807 7014 -293
5697 1626 -135
5049 6523 -970
2359 351 -111
5797 138 510
1620 7708 -912
8525 7277 -273
8585 6296 -407
7020 3414 -229
7506 3411 380
885 3377 972
3449 9110 -397
3611 1646 7
3269 6146 -92
5081 6171 144
7590 2775 698
5100 8368 747
6624 862 -574
5120 8824 604
1058 6879 284
7901 7472 -639
2864 3675 -241
5379 78 -597
2140 8163 -551
2631 4631 391
5862 70 -806
6153 157 226
3021 2357 591
7266 4085 675
5940 8581 167
8710 119 -968
1007 4400 -1000
3519 612 -238
7801 868 128
1466 3815 125
1145 2721 -719
6353 4016 738
9155 4983 778
4862 6627 -706
7058 4245 114
5235 7652 687
2495 7145 -713
3060 4339 844
4596 7326 -559
2002 5162 780
5219 2103 535
6896 2501 313
4722 919 -271
3847 9148 862
266 9105 147
3637 1637 631
1302 9487 832
7790 9362 655
7264 10 47
7130 9172 9
3795 4004 -806
3068 5458 328
7857 7157 -773
811 6001 358
9273 2788 223
1828 4736 109
3706 58 -159
5015 4105 -381
8120 422 233
3441 6375 -146
6976 1294 390
3386 2977 739
7106 9134 -761
1427 7077 -394
1547 4793 814
2792 4763 803
277 2677 614
9017 9279 776
3536 2100 964
6511 6280 129
8221 1134 295
7272 7571 737
535 2721 -157
3236 8203 830
6736 7145 753
803 3271 449
6324 8878 -262
2422 1683 -986
4383 5583 981
6404 4160 738
4251 4934 -29
8410 4803 214
5135 5355 772
2668 5735 698
308 8690 -478
1948 6529 489
3904 4524 231
2507 155 -461
6373 4388 348
9501 6947 -841
4808 4149 55
5296 5955 478
8816 436 58
4219 7927 -75
4813 7496 -146
3994 5031 473
1634 689 466
9278 3199 -941
7975 5193 588
4262 3893 -924
4143 7248 -583
6732 1107 -905
4626 8719 663
2784 5587 -992
8601 7967 -371
750 8186 -431
7742 5492 669
8622 3930 -140
41 3842 -558
601 8159 842
7559 1487 458
293 972 -504
419 6567 604
972 2814 23
7099 4414 293
3262 4298 -943
7049 1215 620
2465 5257 -73
4548 8801 934
3899 7282 -449
7921 2086 -256
1543 7371 -627
7674 6223 117
2532 999 198
7825 6176 -335
2256 827 887
1479 2199 -767
8088 8921 170
8089 6627 -227
9284 811 878
8518 6188 594
2506 7681 -701
4604 5761 -241
5797 4778 525
7563 7065 388
1667 206 588
7519 4747 -12
7782 7756 -261
4258 1863 -972
55 1066 -139
2522 1000 -244
7070 4432 -709
9431 6842 -43
6074 7156 537
4657 6908 294
8367 3357 658
5221 6682 16
3190 2106 -580
5729 128 -64
3780 2946 907
1347 8726 -790
2933 5290 13
8343 1826 -122
8348 8716 -655
3788 2236 340
6423 6691 87
632 7605 58
685 615 -385
2522 8115 619
9260 2953 465
9054 5137 -892
5663 7910 -497
5791 3826 -627
3935 4914 452
3990 6118 251
5459 9342 114
5153 7483 780
2772 2589 752
6791 2063 106
1751 6933 -480
3245 4214 418
4663 1705 450
970 7752 178
8920 8109 305
9113 9478 -378
3134 1912 222
4504 595 232
9372 8973 651
5198 6646 535
8060 3325 -286
4346 5902 833
4688 4122 -804
8675 3220 -605
726 7159 -377
49 8929 613
5406 5439 39
5518 4401 837
7228 2524 -358
7004 5702 -275
4566 6605 -129
4463 2421 466
1686 8595 76
1606 3191 -132
6143 3170 -6
6141 9452 -239
6225 8524 -912
4496 2971 610
5815 7764 -95
2644 9115 -789
3331 8878 -389
3224 4230 -316
5206 2824 153
5743 1232 -311
5215 2012 399
4902 6891 -708
2301 495 809
7946 6776 767
5263 2748 -293
7036 2566 -473
903 8281 431
5916 2740 942
4174 774 -300
6709 7617 745
6838 1428 -633
7521 7895 -325
7861 2227 -419
5648 2740 248
5143 5426 -751
5141 5858 121
6705 1831 -33
7711 4721 28
3830 2562 -271
8464 4600 -920
9129 6442 587
1844 5839 -550
876 3013 -901
7316 4691 457
1255 9156 497
3429 9009 906
797 3226 -502
1622 2184 -958
1829 5038 554
7618 4826 19
467 3482 -535
4476 2477 -579
1148 780 -667
3696 2860 -354
2231 936 899
5473 8512 -140
3869 5938 419
2379 7356 -823
647 8967 -766
2825 1180 -519
8969 741 112
5374 173 621
9374 1496 -658
8297 6486 49
7319 8945 110
6892 7545 -403
6729 2829 -214
8077 5772 395
669 3649 471
3674 7892 -793
1226 2776 -503
7001 9303 328
9324 5899 -140
4466 6137 -239
6893 4354 559
659 8396 682
6477 8507 691
454 1430 528
3690 3945 467
9351 5738 -659
7350 8483 -920
1041 5067 968
2171 1746 494
7143 644 -387
6398 4511 -251
7223 5217 782
8462 348 -71
4870 1592 345
7326 7251 -853
6335 241 186
7848 99 -25
757 1274 622
2956 2705 496
455 3115 -83
7404 7086 -943
5099 4778 -949
3023 67 -363
7002 2114 921
602 6264 -340
7887 1683 156
432 3901 -457
5472 7209 -423
6417 748 -154
6895 1655 48
8615 5252 930
7512 4270 860
2852 5753 168
6221 2873 -839
7333 2923 -975
4135 4443 -324
2765 7902 -130
5224 5830 57
3571 4865 439
4289 5982 537
2463 5338 537
9128 2605 249
2454 3805 220
5665 3913 245
9159 7562 518
4470 8103 -725
500 4318 12
1695 2335 627
2337 6201 -224
8612 1013 8
4547 5251 -505
8048 1933 -304
3495 3765 814
9117 3920 -847
3832 1145 152
4263 465 -266
5049 7527 346
382 6106 -585
9518 8884 497
5566 7714 980
3654 6504 881
6569 4762 838
333 5291 -622
2091 2370 770
4600 8123 917
294 2445 -593
6323 3916 -356
4106 1570 690
1817 5854 -463
5091 5273 355
8403 4057 -98
2647 3192 711
72 5097 32
6818 3645 -597
7483 8480 -72
2670 6554 -720
2185 2698 -765
6181 6784 -481
5108 423 -11
5560 3185 489
3511 2755 -566
4098 8990 785
2860 8384 -872
5766 4056 -298
143 1671 -828
3469 4766 -450
8341 4474 643
5354 6611 -832
6427 6479 -228
7707 2285 -485
1181 7409 91
6596 408 -364
7957 1193 941
903 4581 451
9440 6917 160
3592 2478 -697
7493 2425 764
6064 5872 -945
5406 3088 904
6835 7237 237
665 1090 -827
5744 9365 171
609 4231 -780
9436 4957 584
7552 7074 -997
9220 1038 14
6284 3819 -141
24 7903 909
620 3068 -391
1035 5939 -559
1379 5461 982
1691 1065 755
2848 4884 -481
548 6572 -700
6718 566 812
7106 8279 -120
8934 5820 -959
2443 4609 140
7856 8070 746
41 8793 -948
5174 3215 -153
4021 5222 317
7868 5278 26
606 6907 42
6362 9149 771
5384 8492 843
7998 1488 -307
6052 3863 -282
6369 9056 -143
5388 246 743
3880 4318 -213
6351 971 -37
6810 3859 633
7350 6369 -498
3643 6799 268
6214 7134 354
7356 5320 328
4342 3376 844
3831 1642 -859
5837 6155 763
9187 5350 -961
709 6410 -68
7848 9357 -963
3641 2841 -447
1920 1702 -602
7948 8819 112
7750 4143 -401
9174 7590 -94
2519 1066 -15
4745 4050 526
3632 1015 594
127 2887 91
9087 629 377
2859 6973 803
1621 2707 728
4684 5482 -9
5018 7707 776
7061 8305 118
2801 6474 -898
5027 2110 -282
2360 3342 -677
1168 2896 -869
3345 1663 -550
3158 288 -36
2655 801 -641
2495 1503 42
4589 5905 -137
8094 6671 14
6630 4340 432
5964 482 333
80 5092 68
4403 2511 -672
5874 2225 857
4936 8457 -991
3844 2885 136
6955 7703 -478
9387 2023 -614
5440 8858 -363
3255 5342 667
932 7086 343
3303 8567 -308
8373 9513 637
7828 4606 44
6335 4593 -815
4386 2638 103
5592 5321 -249
8934 7304 -589
7525 5460 449
8382 3293 24
1532 7207 627
433 3591 60
1228 7107 -241
3477 2893 178
614 7346 -528
6152 4946 964
3653 5536 -950
2132 6334 -586
2042 8687 -86
333 5792 -377
2272 6131 -419
1590 3224 527
3568 5327 21
2283 214 938
4954 5051 -352
9328 1142 166
4552 5044 602
578 4816 -920
819 7119 873
1702 4749 77
5804 5590 -893
1069 2373 411
6316 1547 -762
8017 11 -309
5743 4170 252
2389 3163 667
4648 5230 145
4337 3179 -722
1434 522 -522
2822 7263 218
9325 7725 917
8074 9212 -759
9126 6382 -412
920 6045 -736
891 8568 -29
60 7029 -391
6700 7780 88
5903 2331 543
3908 7592 -164
4863 1942 78
9459 3542 873
7008 1215 906
7274 3202 -154
1851 7525 -25
581 3320 -570
8251 5021 -42
2092 6658 192
8363 5713 -669
3912 3267 908
2528 4296 403
9418 4491 621
8487 8951 929
8117 4063 -487
3197 1965 132
540 6063 -792
1838 4303 -723
6996 8514 329
854 7959 -556
3632 6285 -862
2510 1389 107
2136 7860 551
1420 6522 380
794 635 -124
2215 4930 -823
8561 532 918
5069 2624 401
1462 8855 336
3482 1049 164
6178 3114 -580
7333 6414 664
7187 1191 982
851 8837 937
2892 611 -680
1365 7743 263
4435 897 -228
5015 3879 -392
2461 9361 -707
7823 8731 -602
7882 1624 653
5131 7775 846
3435 8040 1
2867 4573 749
8258 940 -170
2473 556 -819
2055 3979 -192
1930 6716 23
6521 5846 984
1007 3246 297
5455 399 -77
522 8468 82
2743 5057 -471
7020 6448 -183
7839 3964 689
6109 9346 936
1460 1120 714
441 4946 -162
1085 4078 -447
5362 2968 -569
7419 2502 -784
3417 269 -392
3809 1133 -279
4167 9094 -827
2248 7008 505
5582 2340 -166
2416 8919 544
1000 2429 528
1089 4 -418
2903 6185 1
1025 1999 -390
3397 2109 109
321 1875 594
1184 2238 127
221 3120 401
5582 7311 -621
5725 5901 -230
3416 1723 12
179 3551 -754
3391 8771 -920
6322 1757 -384
2288 6831 -495
2811 9114 909
1175 2166 812
7986 8486 -923
6579 6999 -921
1455 4028 -39
6010 4341 -204
5453 8608 -811
8631 819 223
2440 7087 36
103 223 993
6373 941 511
9353 4847 -487
5401 5393 -60
532 2678 -787
8806 4609 999
5604 8433 -3
7886 7994 390
1550 9209 -320
9428 8241 421
4234 9186 997
2944 3725 -266
8720 7557 700
1991 968 -203
6921 8346 -722
59 7516 256
3048 2719 350
2680 3008 321
738 6501 912
984 804 -46
9177 9447 700
4314 1125 6
1759 3885 -949
8530 5012 867
6307 9307 113
6489 6098 -109
4438 7977 980
8446 3639 -951
2490 5296 -356
5944 1164 -379
6262 5539 212
7324 3783 107
1604 3853 -481
5936 7310 -213
485 1922 -873
8811 1609 166
3470 8977 -942
4962 6401 -707
4382 7054 -646
926 6941 993
156 3139 -664
8762 6089 -454
7106 1854 985
2531 6287 -798
2260 6370 -797
5511 7232 673
3431 6505 426
8158 5680 -20
3615 537 388
5859 8076 -641
2747 8648 -998
1421 3228 80
947 7278 -441
6872 4208 920
6499 2247 475
872 8339 212
3038 6770 961
4935 8144 406
8845 1628 -108
3244 2218 188
3614 4358 386
278 5233 197
6186 4325 -522
2844 3437 969
5101 5159 36
8097 7395 -551
1997 5052 -868
3020 1178 58
8538 7737 19
176 6882 121
7210 6245 253
70 4956 29
7057 6119 -297
7783 2021 -524
5720 124 671
8610 2175 -519
1321 5489 992
9107 7861 -587
1219 5042 -411
9163 6488 -418
2749 5430 -914
2191 8719 908
525 6427 -432
113 3548 300
2018 9034 -41
609 8894 -781
7916 461 -434
8675 8251 -667
6824 3285 182
3591 7763 836
2317 1169 -898
2618 7337 -394
1729 8007 64
1783 1782 -899
5826 8532 853
2923 4934 991
3630 1490 501
1555 6476 -885
359 5085 -452
5137 821 -410
7264 1036 -719
4007 7500 -752
2035 4573 44
2790 2594 388
8710 8168 -645
2243 5658 18
2756 2836 921
6404 5326 -115
6796 540 -492
2896 8099 -316
7086 912 -181
5891 4311 -780
6146 2510 919
3023 6978 889
9445 3453 873
2603 2329 -895
8754 231 91
5209 3327 545
5781 1276 427
1555 5124 507
6946 7923 -786
6896 2691 -378
3298 5918 -772
8158 1774 -400
8989 4955 -623
3200 3038 704
4144 9335 -520
3023 8344 21
8066 4943 860
8420 938 -514
9324 4746 467
1589 6919 -373
8264 1649 322
951 7557 -92
4565 8719 209
3283 5612 833
1237 8512 -44
4655 5948 369
4374 2314 -217
538 7799 141
8224 3701 808
3773 2425 613
5606 9293 -760
1531 1814 722
1393 1806 -452
3606 3360 -174
6599 715 181
5006 1660 184
1765 6050 -354
8384 6674 385
2037 1223 788
3795 7446 401
7060 6960 294
2107 727 -53
8908 8392 -252
7024 595 -568
797 1131 438
6859 8782 876
7919 7199 -402
7929 7278 720
2341 8782 320
1673 1693 144
2397 3069 -543
1567 732 633
4356 6629 -593
4724 729 529
24 5927 710
8132 4152 -686
4265 735 59
4277 9212 -113
4901 287 605
6526 8570 -971
812 1530 -763
5181 5210 849
7819 5757 -385
8256 2446 -867
9218 2085 759
2479 7905 -9
1533 4840 -179
5855 4217 -591
5105 6337 978
5993 7788 -664
8524 7695 831
3040 7059 531
3296 4223 531
772 2346 609
8012 2611 -130
2136 6453 -972
499 7840 -689
4214 7158 517
9106 4927 -577
8728 4891 -564
121 9451 284
351 7407 668
1764 802 -442
6871 6771 -448
7543 1726 656
839 8738 -921
5587 497 -210
1392 2975 -836
1457 6461 -731
225 8989 351
953 4080 -826
491 7637 437
3898 3176 568
992 9089 210
6806 7683 -201
7316 1310 -620
1528 5574 438
6862 9196 44
8930 1750 664
3185 1494 -751
3615 835 -938
3555 7007 -232
2052 3726 529
7946 5633 -380
5392 844 -342
894 7393 56
7350 7354 813
6976 943 703
4167 7327 -428
3295 2303 -659
6290 511 -370
3346 8320 39
6824 7001 312
46 4452 -272
2404 8209 -363
5067 6784 819
2680 4200 -868
4643 2127 -76
3015 2180 149
8613 4455 -484
1924 8403 -596
300 2444 -769
5563 2800 -125
2984 4020 -701
1718 2192 -882
639 8153 24
4905 1348 427
2275 7506 -850
886 2743 326
2548 6126 726
1740 1375 473
1929 5404 -355
6529 3306 851
4417 1299 -271
1061 4297 63
1612 2830 682
8793 6147 434
2504 2448 278
7778 3988 54
9335 7257 103
4319 2731 671
5334 8238 -323
8265 7479 -401
9029 3952 -892
2905 8757 374
9417 8615 12
6837 4719 241
6238 414 518
8809 8458 387
5758 1445 -316
12 8352 178
8065 5088 -945
2411 342 388
3677 2025 -323
6124 4119 37
8987 6377 710
911 6526 -903
2955 206 -87
3001 8090 -75
6770 1508 514
5685 7763 147
2254 8268 785
3473 2445 30
8772 2764 -857
1294 1582 999
7116 3776 502
2810 5484 -435
3201 1550 -993
3145 208 98
9014 8091 510
1753 5655 -928
9281 2090 -186
5819 9205 -711
1070 9208 -375
2683 7507 49
2211 6973 -382
4026 6864 -894
4716 3556 857
2439 3898 330
2229 1967 -177
6702 2064 629
5819 5541 953
5772 6272 -2
5381 3724 -285
2450 1393 -534
3215 1555 -292
8326 6492 790
9292 1320 281
3342 4728 863
3883 3981 -498
3435 2084 -312
6247 3159 -112
1828 8035 401
2379 1695 855
113 2656 411
8966 9147 -113
514 3132 -102
2808 4806 208
3309 1624 -950
1118 798 -125
3635 8928 758
795 1488 -420
3320 5312 67
1992 9266 -299
7686 4723 -977
5328 2559 770
6948 9437 225
6608 4328 -571
40 3236 -370
6973 1029 586
2192 7938 -376
6518 3375 480
7263 4012 -943
2769 925 754
8386 7586 -242
787 1491 827
2577 7157 -555
6516 6900 173
4554 5188 -373
1605 4091 259
9331 8049 -135
2872 7829 -358
3040 7456 -460
6275 2813 -83
8575 6737 -845
5586 2207 -498
6723 3952 -330
7588 4524 -396
7051 1895 312
4463 7422 -540
6769 4965 564
6589 2113 -500
543 3556 712
3157 640 882
8583 5956 -51
5611 6169 -823
4765 702 12
5475 9431 157
7256 2761 -644
3389 9290 454
6937 2295 -666
8771 1993 -172
8894 1888 263
9338 5448 -480
6222 214 -590
6112 1364 509
3074 1687 837
7462 2920 442
3344 3655 103
8697 6392 -871
2376 8974 -459
3905 8181 918
7459 8374 -972
4235 3426 243
7504 8620 -532
8838 7536 -203
6019 9372 -538
2614 3444 -942
4571 4948 497
1060 4638 -917
3372 3939 -668
1431 2812 -1000
3808 3122 -625
7690 2149 831
219 1978 -145
351 1412 260
6773 2150 -675
961 9139 -134
1820 1919 -658
2136 8425 910
1014 4415 -23
1104 4539 -942
2619 5374 922
2305 1508 685
2537 3582 -269
3633 2520 -346
4784 2053 910
2202 601 -140
4459 7707 -308
2114 7279 -352
8651 6631 238
3409 631 -618
5684 6438 -637
5775 5324 440
4614 9513 812
6556 1727 493
3753 7339 -84
1298 5561 143
7285 7977 -486
7457 6000 863
6633 830 589
3671 4780 327
6397 8148 616
6214 3780 698
5858 3550 901
1989 374 673
8113 7639 790
78 8970 -796
1096 5267 459
4672 2604 -129
5878 3374 -80
4507 1065 213
3479 1882 -721
8680 7577 920
5741 8590 -923
569 6321 184
5567 359 877
2005 2341 290
8818 4957 444
639 5530 -556
2353 450 871
7703 5453 -471
7071 9466 313
5182 1951 144
7484 9301 594
3975 7333 -797
6880 667 -664
9502 3473 637
8939 6354 615
1226 334 946
8902 4368 -367
9264 3716 -944
173 5746 -228
7362 4817 -619
2891 7483 172
180 841 240
1812 2516 -82
3362 425 -682
8299 2966 -951
2761 1624 270
6725 5553 -22
1924 2676 -769
9129 8015 -830
1677 7193 -101
737 7336 -141
3849 9414 -419
6763 1359 440
1669 8994 -789
3643 3708 721
4790 1643 -254
7660 4277 836
6696 8194 -544
4614 8189 -82
6942 8828 -65
2414 6556 -845
5815 4156 -390
2597 8265 626
3776 1001 -768
2331 9378 823
6772 3790 720
3593 1098 520
3523 6393 -899
7366 919 829
2500 9082 869
1774 2954 400
4078 5542 621
3454 479 593
2847 1568 -384
7728 1923 -40
6717 4502 162
1170 2814 -230
6492 2858 -295
6231 2435 -569
3116 1307 -249
6392 4785 900
3174 6990 145
860 1803 -778
6618 5684 847
4748 8917 850
4995 4460 -889
6740 1093 -7
3352 4580 239
8897 620 188
1923 2838 663
9391 2955 790
2244 2263 428
2490 478 -501
8796 8388 557
3147 6153 -728
1006 6863 -71
4604 3708 -199
3282 3720 369
6767 7820 -493
8336 496 -466
797 4539 -141
3456 9434 -48
965 5751 780
8081 83 -308
5269 7515 -510
4509 2188 -644
3144 3721 -236
9266 7430 397
6251 8593 -580
3980 1624 -879
2094 4718 439
2407 6972 299
6266 6436 -724
4273 8924 97
4900 3103 -530
4536 8748 -825
8494 3323 -153
3380 325 -906
5502 469 203
907 9221 53
9193 4196 -452
4280 1917 612
4453 912 64
6023 6497 -241
6152 2036 -60
2828 2677 -636
3001 3927 610
5141 2092 -612
3216 2746 972
5887 8646 -115
3801 4854 712
5903 1910 833
1907 111 806
783 3150 -958
8652 7493 -427
1408 1390 97
5212 3332 336
2297 8863 346
3637 454 -647
2815 5501 -135
9407 1873 -7
6046 6715 705
5355 6617 309
8013 585 851
7277 8772 103
2845 2666 -433
1036 1978 501
634 4804 756
9237 5436 850
3215 2332 -473
9179 5767 155
2043 9264 444
3868 5441 268
5774 1746 -274
5520 7526 -55
9084 8274 899
5358 8738 211
6034 9376 -877
8406 4793 -896
998 7393 -479
9015 106 326
3765 5661 828
1669 99 -270
690 732 281
7648 7202 340
4178 2910 -40
2433 1784 -356
1262 7239 193
7179 707 -555
1294 4604 701
53 2735 870
2581 1437 991
9193 1498 618
9514 8835 -863
2371 1390 -163
8535 77 -850
7047 8439 603
7023 8909 -592
5121 9092 -543
493 8751 -770
3331 7357 861
3940 1981 -460
7342 3953 971
8422 9213 897
6796 909 -122
2672 3192 -846
5407 6369 932
4003 5241 -346
9461 1479 834
7081 9344 976
3579 167 -490
3714 4621 666
5916 2530 304
1935 4781 727
5861 6597 576
6071 201 661
5600 5449 77
9385 2588 527
8658 7999 445
6926 1259 -285
7073 2032 -232
8650 3903 879
2153 7141 -745
6938 5505 387
3175 5007 738
6244 1878 -690
5045 8917 346
1766 5601 -988
7415 2459 -128
2876 7963 -171
7415 8219 -3
8248 4725 -149
6422 2080 -572
3694 9251 -412
3436 9312 142
2170 5242 -974
8438 6683 -97
6673 6195 468
3651 7028 -850
2042 4390 -89
2665 7872 -267
9304 5698 994
948 758 341
1803 718 -563
1476 4043 -734
5307 2029 841
3506 602 808
7498 6714 585
8750 7474 -513
7877 6937 -458
7529 8679 612
2465 4773 469
8707 4289 187
1631 4278 219
487 3103 -965
4970 9179 -899
2988 3476 888
4583 6730 415
7976 848 575
3379 6483 -908
1366 9206 875
5250 6834 183
8996 2841 -988
2552 2782 482
9308 1926 158
3763 8975 -939
2147 4019 603
9023 4173 -120
6854 122 -965
410 1892 -781
1470 1956 162
7149 944 107
7678 7600 -391
295 754 -767
4659 2791 -425
2767 2470 126
8818 1790 118
7463 1814 396
647 6497 208
6856 2902 124
4823 5574 -663
2916 6082 -721
3385 2831 112
9357 7061 507
203 1960 -468
5322 1257 142
5075 6577 -550
2602 334 787
4964 1859 -255
4212 7917 -466
6886 1653 90
9311 8377 355
637 304 -347
6455 4166 746
2961 5513 820
8314 3785 -942
7745 1975 -344
5706 3392 -321
6757 6517 -455
2760 2376 218
1149 4143 189
1594 7229 -54
6545 4223 967
6405 98 -246
8873 2599 318
6507 6430 -483
3534 2853 521
1837 1979 -477
2284 1944 -110
45 8936 671
9388 7730 44
9400 6645 155
6313 2384 708
857 2003 -750
1204 8568 825
6265 7538 129
8702 2113 68
4752 4183 -555
1669 175 -418
2480 358 147
2786 2765 666
7179 6294 685
869 2378 -393
8300 2648 -444
3053 3325 -785
411 7465 862
2104 7874 402
2493 723 -71
1532 4785 261
8964 4219 -471
3670 1079 461
464 4532 687
146 8084 885
7405 8672 621
2623 8207 -778
8230 7110 -753
329 2438 132
7314 7819 366
4388 58 732
5800 3973 808
8089 374 -243
1615 6847 278
8214 2033 -857
5330 4232 495
3311 145 840
5500 228 -887
3624 7331 -453
5255 85 230
7527 7211 -230
1062 5751 718
6144 1968 -247
2050 6714 -24
6974 5688 182
7843 4005 512
1989 3889 359
7333 2206 -849
5218 2916 -993
6916 1691 675
1326 8500 -495
2673 1261 -4
4953 2798 -758
6263 1440 597
5577 6358 -96
8140 8988 -51
1079 4568 259
6957 7803 959
4256 2840 -184
9069 6497 -408
5699 6402 -129
8957 554 215
4668 1537 -211
7262 8432 469
7066 7868 -878
3717 7828 -8
2926 6683 -508
4982 3847 806
6035 1732 491
5898 1495 -53
6384 7039 440
4906 4390 75
912 7071 -150
7017 8745 259
717 474 -75
3643 8443 -214
6814 8885 870
5558 3192 588
3186 2886 103
6618 7930 718
4929 5358 935
2527 6908 -430
568 8234 -831
6195 2679 -687
5374 8946 365
2681 3423 -410
8479 8553 -164
3917 7248 464
6404 1762 96
2736 1587 -793
8251 6355 -574
456 178 -188
7704 5215 56
6768 6273 -888
5387 6127 -444
3500 7896 -587
504 4884 605
2454 104 -391
4406 7346 -121
8220 7633 831
478 242 558
2579 4389 939
2418 3429 -895
8126 3465 -728
7173 3152 794
1524 1305 757
7533 7583 -89
3659 6804 -776
7241 3983 793
1976 5260 -718
1345 5176 310
5315 1604 -870
1070 6580 70
3851 118 -337
465 5139 225
7615 6094 -671
322 677 -15
6736 6750 -174
8447 816 -114
3297 7114 391
5961 4296 246
6276 8801 645
4383 6702 710
3679 8390 -502
6596 1049 -658
5002 7211 -414
2658 8683 384
9083 2968 -415
1081 9164 -431
6892 6300 607
9454 3906 739
1402 4528 767
3917 651 555
1899 8632 -469
9333 5444 -325
8193 1569 -425
5473 2944 105
4713 9075 882
4660 7890 162
5770 4617 187
7933 8556 -29
5373 6879 -581
1324 6953 -807
3917 1203 818
1334 4179 579
4300 6881 787
1473 6550 -799
2600 8086 -23
1618 8151 -519
8223 132 838
3038 8370 662
2862 7732 -326
1696 764 -406
8618 5501 -951
5087 8939 -619
8646 4673 55
6082 6535 532
4043 7528 -202
1200 7865 569
7935 2382 -245
6904 6334 -363
4295 3674 272
4288 3035 213
7885 7292 -100
1026 2646 -529
7123 1789 370
810 888 -861
2331 6537 762
2926 5541 -380
8169 5078 -494
3703 615 736
281 6875 -593
8059 3832 100
3077 271 213
3224 4177 384
4812 1769 -941
3847 6466 288
9000 2002 386
1298 2631 -190
5822 2196 -653
7745 6205 -498
7188 7237 544
498 1216 947
7998 1557 841
6777 2124 37
2545 1603 -997
3423 6670 -462
9495 3368 -513
6571 1189 114
4593 3306 177
4310 5272 100
4092 5261 -755
4105 9068 983
73 1363 -897
747 5817 410
6129 6077 -903
6459 2282 493
7401 7894 400
647 5718 693
3398 8317 938
6989 8741 -309
9165 6313 -44
7888 1207 -906
7116 4401 -245
2494 8372 27
5332 8202 824
8071 5749 -277
8046 2461 -227
2504 5459 532
4794 7128 368
3389 5055 843
705 9442 994
7079 2219 574
2495 7304 774
9087 5440 176
511 3459 949
1210 1041 -374
2462 7892 278
2471 8678 684
1409 3456 826
6385 1626 -501
6684 8777 826
4640 9403 -781
3932 2271 -632
3777 1648 498
5230 1087 120
7458 659 160
1986 5548 316
2980 553 109
6142 5263 -995
9514 7050 -113
8590 9467 993
638 7809 -586
8808 411 103
8055 6152 900
6678 7830 -468
2956 8857 942
7823 5656 356
6631 8688 711
3594 4241 910
6953 2169 -801
6311 5313 -965
1624 3103 738
381 4366 458
1481 6572 -807
402 4825 -745
9095 1512 -53
224 6392 756
5908 1858 242
7677 8458 897
1749 624 878
5553 1647 -766
4586 2638 -397
1363 5541 301
3304 6478 -801
8306 488 178
8282 172 951
3116 2084 -862
4444 7355 -421
7534 4015 -955
9393 4738 -682
7642 1002 -255
4188 1013 569
870 1278 97
258 7333 -449
3781 1403 647
8862 6374 610
1336 3823 -431
1554 9459 908
1549 1686 788
8257 2511 -261
8922 7000 -183
9422 3672 224
5573 7198 728
3088 51 994
5979 8995 -110
7480 6500 532
6230 6085 -896
3072 3648 898
6815 8017 -941
2868 7227 -334
8222 3604 243
6645 5557 -328
6923 1698 -507
3273 8372 -439
6571 1158 -196
8776 4302 -408
471 4327 -699
7138 4175 -536
4811 2425 36
3813 8212 468
1263 9308 604
9328 115 202
8133 5751 -212
1640 8032 782
5815 1874 377
4964 4970 819
1682 1681 778
9121 1355 -390
6997 8866 714
7586 7867 -946
4505 6659 589
7187 4737 529
5511 2318 -754
2109 5765 -806
3097 6966 -238
1617 250 52
7636 3746 -62
9214 3309 -74
8241 5872 -847
1715 3099 -883
392 8676 -76
3770 5412 468
5853 3211 -94
8710 2774 817
8799 5011 -611
3033 3707 -310
7920 7390 -303
2327 3082 429
5003 2944 -582
6270 5616 -751
2132 8276 -216
9049 5329 359
9040 4777 730
2992 412 -798
8605 6580 -222
5792 6182 -542
8078 5678 914
2126 2734 848
6500 2274 -574
6199 8422 -96
8571 9481 -122
2069 2608 -271
6782 6057 516
5801 5328 -361
3804 932 694
145 8121 791
7747 2736 -859
3696 3695 -283
8602 8463 -535
3678 6961 251
8778 9305 -449
4309 1161 -608
2478 8939 -504
2283 387 165
6825 7794 499
4967 599 366
4692 4301 -277
5515 6487 -411
7502 3532 550
5496 8321 164
5024 5453 810
1400 5526 912
7340 3364 -708
8102 8522 -262
31 5189 830
2554 1173 -508
2878 6479 913
9151 392 344
3155 694 772
7264 4371 717
6089 4320 188
6745 6013 654
4472 2960 -315
6302 52 -470
691 3731 -169
7682 7008 -306
1296 79 859
3300 1207 646
2695 5957 210
3486 6881 987
5245 5703 -696
7727 1425 -914
8630 4707 -315
6331 4799 -239
2501 7225 903
2797 4536 39
4697 774 -304
7876 5723 -768
5509 1479 482
762 6226 942
9058 5459 -219
4698 1906 -765
5822 5765 -852
5915 6639 -344
1685 729 838
5256 9492 649
5770 2882 723
1354 2262 792
766 2807 -769
4790 9340 233
813 7552 578
3706 2396 897
5649 834 -937
2509 4183 -383
4106 7111 362
3823 2680 995
6346 6418 -303
2120 6797 153
8626 3930 471
7464 49 -852
7559 8931 -372
7863 65 -410
9060 7779 -265
8770 582 11
6457 66 95
278 9242 343
8424 1595 -882
5834 7427 -687
3514 1265 778
8857 8834 888
4493 6719 -885
7499 2181 811
6595 5827 74
5646 9063 22
4148 964 511
3104 5699 -732
6586 7937 -160
6207 2771 824
5429 5047 932
9503 7210 -685
7300 4146 158
912 836 296
2730 3128 629
8669 3405 -242
424 4414 390
5340 8258 -547
6506 6412 670
1993 8668 543
9185 5956 -584
5900 1584 -721
6693 6350 -693
4291 4759 145
2651 3877 608
5795 3950 -889
2830 6505 -915
5674 513 -289
2696 6462 -911
6868 5122 588
6543 2324 -74
7540 6341 -427
7844 5376 -289
9133 8401 517
4799 7069 -651
6194 5052 -657
9390 6810 573
9020 3941 617
5591 3070 669
4728 8235 -393
5590 6559 -397
1887 1799 349
5180 1320 -364
46 7666 627
2084 652 312
316 5802 696
5544 1189 758
2496 8863 -207
1366 7105 -780
5997 9173 -470
1541 8817 -76
6627 1425 663
1175 8433 228
5714 3151 596
864 2699 53
630 4167 137
8894 309 565
3447 5232 278
9332 8220 -932
2432 4204 218
5496 6615 195
719 3748 -485
8419 5120 -241
418 5791 -43
6883 8864 -509
5706 8375 607
5190 7164 373
7121 5157 968
8818 2920 888
889 9298 715
7876 395 -431
4859 1177 -54
2813 9428 -695
7433 2953 -106
974 6330 16
8327 7549 604
3142 552 -914
7014 7528 -761
5475 8376 -275
1599 6351 -493
584 8424 527
1282 7349 669
2986 3596 949
4668 9438 590
6709 1231 -790
3139 7993 643
3236 1252 459
5077 7828 425
1185 5753 -854
4065 4432 578
8812 4076 -110
5905 9153 -626
1950 2265 -119
4498 4827 511
7808 485 -560
4473 4701 247
9026 4913 -289
1675 7016 -865
5299 1866 -991
5963 6726 18
8231 7042 303
4886 1645 745
2196 587 -695
6352 8627 884
756 1389 210
5626 4125 907
9371 6302 -2
8934 3162 -984
1202 2262 -986
8109 7465 -955
9098 1946 44
7904 8028 -894
1561 644 -903
6340 2738 -543
2766 8972 90
6594 465 -115
3865 1910 -65
7254 7523 -911
5192 5031 -445
2096 7979 350
230 2941 174
3031 3106 -320
5949 5551 -898
5530 6713 -730
5311 7967 718
807 1463 379
3550 2166 431
5350 3597 823
1425 9270 440
8475 9424 226
4118 2054 838
5550 6172 -359
5331 9163 -480
7103 5091 -784
2313 8425 152
6474 131 -133
2791 9038 -460
2105 2318 512
4137 6930 73
1225 5634 -418
5123 501 -26
1095 5986 -961
8506 2834 628
7942 3178 -701
882 1305 674
7628 9341 471
5809 3878 338
9214 4919 -265
4160 3485 297
1144 8105 -766
8014 8735 -564
6541 8785 -223
4270 3853 -936
6813 8668 846
6518 1938 189
1915 1705 834
1159 3935 117
6651 3509 -128
6480 3944 102
123 1382 921
2820 9464 -328
838 3742 -924
5200 204 -890
2722 5519 -627
3941 1688 -338
6499 3629 -977
6425 5622 939
6151 130 -467
5144 3342 -918
3610 7602 -467
70 2194 -81
7478 3557 -331
3656 7336 759
3750 8865 -303
5138 8631 386
6785 161 -444
8290 1055 587
2456 3505 -446
1518 3236 975
3580 8543 226
6737 6952 -902
1117 534 103
5952 7910 12
4590 59 992
8828 7550 108
8466 2677 -514
3550 801 -784
9228 1698 661
786 5045 373
7963 8429 42
4233 3398 250
4307 7880 923
2905 2547 -283
5466 2540 939
1972 5605 -150
792 5958 959
5704 2093 589
7275 5154 268
1027 5572 -848
8101 5290 -85
341 5449 -88
5793 5261 -316
3787 8741 -812
7790 9235 626
7903 8058 -263
2519 2739 -206
1598 912 639
4075 4433 -218
6770 3357 -641
3301 8915 215
1240 8569 -218
7809 1814 -688
11 2315 875
6025 8503 978
8350 6037 253
7625 8357 -441
7843 7203 -641
7551 8905 724
5224 1125 537
2330 7314 -425
3972 7821 -118
6944 70 -124
2135 7253 -188
70 6905 -897
5948 3008 647
5811 8767 80
9486 9441 885
7817 4821 -653
4179 1649 325
8714 1556 546
8375 1211 -57
2438 8320 342
7286 1806 -123
5651 195 696
892 4001 409
5228 5879 792
591 1608 -886
2764 8674 768
7536 8447 -72
6846 987 -654
7372 8636 842
36 8743 739
6020 2626 -790
5404 1069 296
7343 6132 -172
5356 5678 -598
1183 2976 916
5817 1862 -567
618 2187 318
5544 4952 -949
2575 7145 -257
6084 59 81
2376 7018 -41
5716 4522 766
9027 4138 -747
8702 9025 84
7200 5582 -623
2678 6140 802
4980 5635 394
7404 5278 969
8794 358 -462
4538 6763 311
7426 8602 -156
3111 1096 625
3001 5216 -728
5730 4237 178
5002 4507 349
6371 9472 503
7187 3800 -150
7865 8760 137
1414 9312 417
4601 7773 -47
7277 8176 84
2475 5022 942
7073 5336 889
5099 295 -423
4893 1996 -839
2293 9161 388
2675 1574 -314
1329 2880 301
7823 6827 -130
1354 5805 28
1156 804 643
4995 2177 139
119 1728 990
1774 2741 -136
6310 1357 851
2932 3176 257
6272 9266 -961
9483 1350 53
1142 7696 -802
8661 3137 710
2138 4755 -914
1008 4157 -293
7838 3372 -949
9040 2478 742
4384 3588 490
386 4941 909
8871 8457 -274
4625 1790 457
8386 2078 -54
6342 7248 -989
4395 163 32
4594 769 526
6333 3426 939
4706 6524 -974
2120 4929 -67
4803 7595 -618
7998 2201 -745
5992 27 254
9405 8661 393
6988 5535 -690
4747 1166 -473
6106 1151 -889
3371 5253 268
9453 4925 -785
4105 8130 291
455 5703 705
5170 6985 596
1573 4033 308
6053 2555 -802
2241 8124 -19
9341 1727 902
5819 93 -551
1085 2676 -249
3445 9275 891
2904 5303 -246
327 7151 496
163 884 -134
5227 1445 -237
8198 162 243
1055 8349 592
1051 9322 -258
6628 8732 212
2563 624 -177
5238 6734 -800
2267 561 -895
4250 8089 -158
4505 7986 195
8412 1020 -112
3509 5472 -544
5275 6286 -723
4271 1222 626
1156 8046 -966
5848 3288 446
442 5997 -885
5190 4933 376
5620 7678 -363
2523 4851 -888
2766 7646 -907
1400 2089 -307
8082 6718 844
7227 187 -244
4688 8519 764
4541 1499 -447
1806 6441 -820
3186 3422 -930
6012 181 599
3740 2456 -175
5121 9308 145
4876 6006 -682
308 121 -758
3629 4400 842
8310 2953 53
5144 896 972
2881 3286 278
8384 8906 -511
1431 5006 -544
7332 483 876
8963 43 -228
3211 495 391
5909 3088 406
8080 3386 -963
5334 9239 -838
2775 2255 703
1279 206 598
6544 5033 -927
3500 5270 954
4096 1379 -800
1755 2994 -837
3070 4040 630
4288 5686 356
6487 4579 26
4523 2696 78
1135 2472 292
4220 5892 -708
4592 1968 162
3908 3093 -159
7457 6765 400
5366 9013 111
6337 347 586
8431 3753 -330
4844 1396 901
642 4908 -410
7316 2324 -204
1630 6894 533
5913 6563 10
3335 7391 973
1336 347 665
1009 1454 -85
8282 1293 779
4659 8159 864
5873 6080 -694
4730 1581 749
420 1779 -182
2405 9285 -110
7038 3858 -59
7246 7592 -456
8554 4690 643
6302 3029 -359
1369 8400 -617
4673 7293 422
7467 7365 721
6072 1086 -661
6780 1530 -339
6999 831 538
7860 8357 490
3393 6749 -125
2918 2770 -536
2275 6935 207
3851 6326 464
3163 2027 141
7620 8025 143
5111 1702 514
7337 4944 -867
225 2615 -866
8845 3104 -813
9291 4053 -690
8651 680 -710
8609 9108 -310
1618 1298 -824
7051 383 -129
4464 7078 459
9268 8253 924
6947 8015 307
2713 9085 897
8650 9008 -668
2863 5183 -993
5370 6449 -940
1631 1669 698
753 6671 930
7022 5501 -621
5219 4537 -939
6854 5300 90
3116 4624 -347
1033 8688 -911
7782 3773 -994
8154 657 -935
1402 5532 351
5206 117 -75
4028 3983 -434
3506 2 568
9398 9426 -358
9213 1283 -28
8924 7666 835
3101 1065 -688
5447 1479 757
4394 6123 461
8820 6436 -902
3950 5130 -695
5214 2297 715
5015 9086 935
6575 5735 993
6333 386 -208
56 5502 -516
493 7462 -909
6598 4538 70
6465 4373 -285
7760 8542 -272
3845 6333 626
7384 5197 766
2988 2503 333
7680 2688 5
5478 7201 797
9143 6639 -10
4190 6006 -575
6119 1104 -974
7020 4462 324
3994 5056 -397
5209 1907 11
2318 2285 270
796 8744 653
490 8799 -844
3611 3348 -970
4257 7561 -423
8344 5641 -964
84 2364 -932
3465 3346 327
1150 1104 109
4687 9393 -826
2688 8568 865
6896 3305 909
3759 5256 149
6853 5448 640
8870 2424 894
7127 3633 -302
6942 5043 631
8442 8878 -577
6639 8964 789
8360 1136 668
3550 7558 818
4497 7787 925
7212 4855 720
4274 1918 46
4019 7119 562
5470 4956 -746
2988 126 -121
2152 672 -453
1053 1878 -191
7928 5179 842
8079 9301 -971
5117 437 -58
8599 1373 418
615 912 805
6209 7643 -703
1911 9406 -594
472 2730 -870
1458 6134 -609
6371 4469 808
2207 5063 715
8817 1411 4
4355 2910 -843
1167 4427 351
7566 3161 -653
7658 7634 813
421 4897 -375
1891 7662 947
3639 7414 -796
4872 6344 -428
6528 325 531
953 8441 847
9239 1539 -958
8612 5415 395
6121 4185 889
5511 4593 -721
3951 8039 -901
6934 9289 -506
7158 6303 712
6024 4756 65
2363 1757 -570
9454 1123 76
874 2280 -404
5898 5485 -891
9456 7331 -290
1145 2953 233
5269 5207 970
7882 2894 -476
1595 9493 -391
2153 7571 444
8528 5419 -152
1864 5150 -205
5800 6709 393
1618 7334 389
9407 3472 -766
356 8151 -210
137 5173 -646
7785 1588 -428
6288 1148 -80
7881 8885 -505
8191 4912 954
1457 8544 830
1545 4202 -389
8847 7017 145
3235 413 2
8859 5461 187
7548 9051 65
9120 3700 -930
7928 4207 -942
4897 5961 -648
1526 1789 972
3524 9065 988
6413 5118 234
4082 424 243
6538 5443 640
8061 2203 -904
3867 3538 -840
420 6873 975
3569 7570 389
4494 4425 931
8686 8699 729
8334 1502 835
4498 6886 -8
4043 8954 -709
6330 4043 516
6955 2086 837
1874 3092 678
3483 8783 629
5381 9106 488
5684 9088 64
3886 2130 -619
2832 1236 122
6061 7885 -545
2158 2082 -491
8209 9290 603
6669 7310 814
8304 8759 -928
3794 6560 976
1987 4585 997
278 9485 -49
2297 8610 -96
8594 6651 -645
4579 998 14
3174 1672 -582
3314 4867 300
1087 6601 -28
537 4232 366
4835 2012 847
8241 6402 -526
3574 8308 988
1031 509 -953
5321 3970 228
4891 2785 581
4484 7403 -337
3297 9493 422
4979 8048 638
7769 5571 -93
5847 4882 -236
4607 5780 2
9010 2151 -447
6323 285 811
5075 1962 372
7541 791 588
189 3030 227
7813 2639 281
6450 3039 -571
984 4451 126
1962 5935 318
2860 2429 994
7349 3704 673
4704 9179 667
2702 6277 -454
6811 7302 705
9492 8354 447
6230 3747 -512
7135 3736 503
5888 8261 -735
2717 1020 470
929 5114 336
4922 5189 524
9392 9056 502
5081 4726 -948
8530 192 666
3245 334 -50
3783 6991 125
2286 7079 658
5442 2753 899
844 1569 117
9413 4181 -447
6230 3758 784
5135 1691 846
7915 47 716
3218 4802 -580
4471 2193 645
7561 7638 -123
2685 1967 -390
8767 2398 -586
4297 5084 61
5383 1498 77
7332 5954 -617
8528 4708 -196
556 9441 852
9149 9490 -918
851 8357 430
1062 4606 735
5531 9002 401
7309 3851 -711
3129 7695 347
2298 6663 405
1422 2742 -433
3044 7195 -721
6690 1519 -456
2512 6238 -428
5564 3925 -153
908 1106 -741
2529 279 735
3062 3302 -80
25 4441 75
2907 8831 -75
9110 6017 857
3542 5834 341
7690 4590 -655
6681 3555 -382
2269 901 -290
5840 4483 583
6958 2740 -597
8826 8121 -924
5797 1792 -505
7691 2611 448
8352 8596 39
9375 3712 936
8166 625 936
2565 6196 -91
5918 2572 720
1561 8900 -94
6598 5867 670
5723 1752 -984
2661 9328 -599
4305 8430 -833
7850 3802 -151
2884 8835 830
1522 4974 -16
5355 6253 158
1077 8120 983
2081 4357 218
3024 8851 352
1565 4102 253
3999 3485 68
1257 6512 -803
6447 5264 181
4203 2470 -57
2759 1280 457
7645 2755 167
5075 5055 -948
5111 3631 104
5984 6169 578
996 5203 -966
2669 8008 6
7676 3410 148
4190 3086 212
233 8502 861
2292 1101 290
6013 9040 -865
4755 2967 -600
7028 7772 304
5422 9394 -835
7767 3313 -453
4561 9106 870
6383 7348 511
4305 7690 333
7345 828 -257
8382 2744 857
8462 3433 -805
2172 3123 -638
8175 6237 363
3319 7152 -426
6950 7998 245
2325 3525 739
7833 7922 544
4554 1132 -761
9335 574 -586
6080 1169 251
1192 4914 812
6912 4927 -808
5881 8913 -204
3592 3655 -795
3069 721 -987
6511 3599 965
1632 3955 -103
3580 5634 -870
6557 6099 198
5255 11 973
2173 9327 318
2680 6094 796
5480 6587 213
8686 5106 -758
6876 240 -376
5147 6336 -466
7044 5322 -407
2087 8939 332
2859 3317 827
3450 3682 -60
7762 4237 606
2952 11 850
6267 7349 -202
8724 6961 -769
5076 5146 -963
1608 616 -310
9327 9489 -272
7023 3706 691
1844 7763 -206
2685 5185 -865
3515 5330 150
6952 4202 283
2925 5283 142
5518 6353 955
4189 5511 7
9181 7487 -16
2841 7895 640
4860 8194 -532
6279 3205 -17
4548 5487 60
7771 4769 -674
8124 9462 -463
8482 8661 -564
9415 8633 -82
5905 5945 367
2610 8256 337
2352 6997 3
9249 4710 -815
8445 3708 582
1035 8726 -286
2123 1925 88
8010 9102 -550
2351 6419 -11
6282 1010 -574
5923 1878 -615
7854 8399 72
7750 7719 -409
5915 5390 611
4870 2377 -296
403 2219 628
1229 5163 138
1989 5562 761
8428 3957 235
6438 8338 -131
9020 3980 -352
8673 1892 344
8828 6105 -824
6147 238 294
1448 3477 715
8932 8541 558
4903 1789 244
7671 3797 -56
4458 2579 -617
2237 8016 -989
7825 349 302
3816 4923 -68
8696 4455 843
2978 8238 -613
8054 8281 -292
3840 5191 -511
4058 3979 330
6916 3353 696
5394 8056 -43
3142 3601 -830
3800 178 -246
5102 8069 -367
5305 3715 117
283 2433 -778
2695 3302 -850
5558 5614 -461
1335 2092 766
7030 6178 83
5386 2258 668
466 4087 318
9112 6163 352
362 2402 -397
3950 7389 617
9169 2341 -301
5134 26 302
5115 1679 -518
7316 4162 25
6467 7847 122
7059 6995 695
2560 6759 990
9508 8446 -296
903 8751 -484
6381 9153 413
4180 5763 -955
3865 644 939
7809 4624 521
3104 4095 -786
9445 4796 -939
6556 1300 -366
2120 5353 -348
9442 5570 312
2770 4188 10
1169 8205 623
3984 8320 805
7143 6376 669
9096 4891 -224
3381 6621 -674
2595 8578 -583
5134 6185 -152
5476 7514 813
7733 674 371
6057 3183 -363
8810 8597 -881
2513 6879 435
3933 3523 -966
760 531 287
2322 6055 -996
2752 6109 -163
607 6492 539
2622 5841 118
1850 8195 687
999 6595 -801
1297 4323 878
7389 9381 249
7746 6926 -676
5680 6271 956
1140 7804 -952
3897 5629 379
234 6120 480
6722 7955 936
2243 6333 309
5205 2094 658
2810 6593 578
1231 5144 661
5524 3985 529
4699 3650 229
6497 773 -277
8214 8984 332
334 8389 -95
2407 6898 -488
4317 2762 -685
7768 5238 -135
8794 5400 -601
848 8549 -117
7367 9451 518
4637 7353 109
8662 2196 437
2048 3952 -486
1138 7824 -887
6987 4515 750
1181 1806 645
1966 1540 312
3077 7064 250
7670 1768 -406
4994 8299 -989
9485 2941 223
142 680 -836
663 5298 -351
3520 3462 -591
9515 1949 -151
8530 4686 -361
4821 2364 117
4239 5233 -406
4163 1264 -751
5525 6366 871
9449 1919 -918
867 8357 692
6953 4455 -823
2251 5885 603
4154 8510 875
8880 772 198
1738 1552 986
5698 7927 -61
2669 3773 637
8974 7127 -820
6518 7467 706
7914 5607 794
8058 4720 -17
8055 5639 -14
6482 2883 42
7015 8091 -600
727 7209 -954
2605 2051 871
2155 5756 503
2176 3957 54
504 3418 801
6569 4406 -721
591 6304 -719
8765 651 697
8353 7364 625
8953 4453 -856
6585 8361 597
4244 8388 213
4395 3126 -472
4336 3458 -756
7756 4452 -183
7999 9230 -423
3439 1708 -219
4039 6185 951
5173 2772 833
6690 5530 -942
3979 4324 966
1626 2403 -381
108 2165 823
7705 140 643
2500 8586 -967
3445 3520 196
6299 8995 -887
2673 2386 -861
7699 2050 -969
5356 1911 508
4777 385 621
761 4550 -516
4664 2198 -88
3119 517 -35
8052 1448 -805
2897 3421 674
8332 3762 -987
1309 5840 -781
3099 7682 643
3336 1055 -999
4098 8675 -583
2518 3494 232
3136 5388 871
554 8369 488
9213 1133 804
3829 5027 539
5912 8373 135
8042 2164 -93
8189 7871 515
656 2077 460
446 8397 -959
6994 5147 -855
8576 4304 932
3379 1675 -93
8790 8040 590
4194 1102 -204
4757 5697 -193
5043 7194 811
8313 2462 -489
297 2057 622
6128 6979 -414
6911 1197 -584
8413 2636 900
7448 7907 201
4085 2469 849
2066 6574 -902
2856 1644 823
7260 8885 475
7787 7797 -880
690 4261 424
6252 2549 351
8728 1126 726
5951 8209 -901
944 1505 -180
6640 856 -332
7413 2292 840
5633 5213 -548
4893 5936 606
3592 2507 -765
6880 4021 766
4972 1251 -622
8236 7566 -545
5254 3329 831
7112 1439 882
5461 5675 461
8782 4728 -700
3326 6451 -728
7441 4179 233
9085 2775 -778
8119 2664 -113
2490 1107 879
7265 8494 -543
2490 8969 -697
1214 8880 -597
2990 1407 499
8723 2876 -418
4388 2431 826
6984 2239 681
8338 289 362
2514 7124 -798
1338 526 -11
8714 6903 674
2126 5724 506
8107 845 326
783 6079 643
1479 391 936
4684 4079 -476
2780 1244 250
4098 6145 939
5456 899 137
7251 5006 -184
1920 2069 860
3900 196 75
5689 694 -324
8208 1405 -316
2714 1678 980
1447 495 522
1466 58 52
3189 5161 -720
1788 1096 623
1593 1216 -392
4247 9046 -853
7435 3420 813
6462 7474 625
698 9272 -808
5422 2819 234
3586 9369 -446
4079 323 526
8572 5623 729
5958 701 718
6674 9302 632
9465 8910 -250
5527 3619 76
6486 4955 -65
4290 4554 669
4660 5727 -17
6246 5360 -179
8203 8601 182
6110 1629 244
3359 1812 1000
5683 4680 883
7544 1009 418
8187 3680 -792
2272 9360 665
3690 7048 983
7243 6090 98
683 6375 -49
256 452 590
1929 8250 551
2413 2707 -650
1203 7453 304
8449 8573 114
6412 2890 -234
8671 7545 -315
909 8833 -104
8901 5420 -378
6241 5443 628
6866 4588 -319
6021 1937 592
8528 6340 -681
2545 5661 -361
711 6448 539
3767 7556 -300
8 6042 333
6712 7586 775
8716 6363 -147
3145 6060 -345
2820 7719 -596
7952 663 77
1584 5277 -564
887 6503 -453
8900 1775 26
7154 3974 -394
5509 2059 803
7102 7843 -701
3541 7691 447
7814 5739 -677
3574 1050 639
1395 4872 140
9114 8512 794
7853 6032 -327
5521 119 -219
3935 824 486
3678 3478 -73
326 7779 -63
4559 2170 416
3042 8308 757
1898 7851 813
221 3433 109
1189 7456 -63
4791 3631 719
5875 6612 301
5446 6975 -734
9259 6625 298
1044 2987 496
5815 9443 737
4033 1248 752
1188 9243 998
188 2645 988
2877 372 -831
3012 6946 -422
3083 4006 -289
2648 7518 -110
5029 4307 114
8968 1624 -936
2448 6296 -531
4069 7126 -887
8751 8864 -886
4321 6654 -997
6325 9151 -313
8823 7724 982
691 6442 -776
1263 5917 -809
3927 6329 -608
1085 1872 116
2134 6206 -299
1867 5631 899
2147 3102 689
486 1169 871
4445 5833 993
6340 8570 118
8673 7959 588
4402 3648 280
7390 6527 -168
4133 7989 842
1012 5996 825
7518 5231 -567
7326 2758 -176
6786 4142 -741
5387 6387 -453
397 5896 -511
2816 4069 842
4788 6439 -37
3073 8744 133
2959 8684 -795
2339 3552 625
4917 1474 194
6503 4348 -39
8008 8358 -987
9376 1766 -127
8109 719 -702
1124 7191 509
3613 3320 845
4877 1536 -809
4683 622 984
1236 8362 588
572 3878 -71
1886 6224 880
5588 3635 -627
4101 7734 -782
2433 7147 81
6362 1016 718
5634 785 158
4819 1074 -332
2908 7258 -578
6268 1100 700
7290 6165 -713
6500 3680 309
2174 9506 402
5668 8198 634
42 3201 -454
6388 4269 441
8971 5900 -372
8943 8365 -446
286 2896 -470
7611 468 837
3949 3111 -793
30 3475 -683
5376 8690 -186
2078 6366 345
957 9171 259
6727 232 905
8456 1306 -670
7540 5820 -434
141 8782 -251
2265 5233 459
1138 6843 690
6730 3848 304
3075 5402 905
9432 4058 178
4181 7522 -268
3971 368 -514
8413 2213 479
323 6036 -119
5111 9017 -914
7531 4618 275
3595 6012 277
4536 3563 -574
7947 8031 427
4298 5055 240
6324 6356 841
8287 2292 484
6238 6161 341
3508 726 666
8611 287 -556
7568 2917 -340
7398 427 188
7927 1134 -895
6041 4265 -961
7440 6975 -181
7681 480 974
507 5466 434
8669 7165 -897
1408 982 -223
1988 3467 916
7069 4416 275
8084 2179 535
5183 1817 936
2112 1455 433
2767 957 -815
4575 7417 575
7776 5266 -206
8192 7486 396
5034 2852 -234
8236 5789 -404
8710 4407 -988
4801 8750 -46
6523 5991 648
2343 7110 176
5916 2392 946
5986 6537 342
460 1989 -588
2006 8918 545
462 8237 -149
254 2322 -985
2265 5268 -344
8448 2282 -780
4301 4176 -883
9054 3039 -611
1825 8963 -868
1279 5203 10
1063 5208 -328
3603 1188 -635
5457 3376 -31
5125 3293 -725
6817 9313 350
2545 9081 -211
7903 2982 561
2603 8439 567
7164 3203 56
2963 2314 430
2620 4823 -140
5002 7857 643
1557 2277 -683
1609 4131 885
2093 1178 981
8269 3801 928
5046 1886 57
3219 3561 -938
8845 2603 -283
3652 4181 -965
7222 5204 847
5881 2843 886
8526 8281 450
6085 3105 747
2101 413 -79
2844 4422 543
4707 7104 -7
8581 1117 937
8046 2741 504
7704 4288 277
367 8950 403
6953 7850 704
4359 8617 -33
8255 8624 903
6253 4827 -885
3044 1049 808
407 641 33
2035 5852 509
2268 1923 -234
8250 5651 507
6424 9323 -582
2861 7369 689
8338 7147 -553
1464 4944 -352
3032 1882 -738
9113 3141 -346
5818 9001 259
2826 3070 331
4239 7081 -283
7607 6609 -649
2696 1001 326
3891 9371 904
4818 6541 -892
8045 7662 -38
8799 2387 -93
6465 7236 -354
4965 635 905
6628 8480 -140
9505 2396 -248
1394 5064 886
6223 5451 613
6565 7131 820
8227 2312 896
7573 7243 -872
6430 8087 965
4124 1126 93
2251 4305 594
8883 6851 475
6148 3375 1
6053 6956 -837
6985 160 -54
2347 7833 -928
3781 7603 -879
3245 24 -143
8802 7144 963
486 2304 68
1230 9471 -564
2685 8536 -390
3267 3279 652
4581 8536 504
2338 1283 197
8213 4138 238
8233 718 -165
3347 2508 424
6314 4836 -274
6216 6585 -365
4943 4509 -512
5790 486 -458
6651 6677 628
2143 8851 763
5381 787 -509
9488 2615 87
5781 4338 -983
780 8153 -48
9426 4142 621
6485 2465 -971
504 7125 -822
543 7331 -586
5034 8047 -689
6963 4443 668
7511 7154 -51
1880 706 96
9256 378 -527
8041 7787 -747
4058 5417 304
4835 4709 -400
6765 2889 860
2777 128 653
340 6700 -998
6271 378 542
5862 3974 986
912 5774 -565
5520 8990 -994
5560 9093 -595
1412 752 -731
1186 8306 -199
2504 595 -260
6623 489 287
8540 8903 -847
9299 3403 288
4443 6328 53
6590 4065 522
3321 5699 -430
261 2018 -362
3724 7353 -939
5389 8260 -717
5374 2333 523
6220 5779 356
3911 2135 721
1163 3725 718
2673 7518 752
2743 3447 -441
2272 7879 45
3614 694 -946
4683 4376 951
2048 2746 315
6751 2973 -102
4532 4667 597
5069 2021 -258
550 6 -294
6394 3401 -815
7094 2701 496
8960 7230 -926
4722 8870 920
445 4500 -473
6061 5990 -859
3379 7948 -139
3464 3961 -481
1460 9339 307
4329 1752 14
2540 8040 -856
7013 2479 -123
9389 5332 4
4715 6321 -837
5237 6584 934
3446 1411 280
160 4461 899
1692 6514 369
2483 386 83
231 8717 426
9138 3849 462
7835 2035 -477
5100 5542 744
7701 3469 -653
3076 4561 275
9368 4186 -265
3320 8655 -394
8756 2071 175
9318 2915 506
4568 5401 486
4193 6033 -198
3607 7032 -762
5573 510 391
8685 9238 878
4919 3610 715
1890 2701 -919
7867 633 867
7714 921 716
6978 9321 35
4081 8828 121
1756 1577 353
7672 7400 -372
7944 5016 926
4215 1194 445
4988 112 562
9418 7674 996
7494 727 -699
1727 2767 -371
8775 9359 736
3006 7621 306
4195 7814 -572
8920 3976 -761
5914 163 791
1054 5701 503
6072 2906 -63
9222 8779 448
8200 4065 -319
6168 2160 -58
8482 7083 727
9353 7733 771
2468 5962 -886
4933 2816 -632
7326 9343 837
2759 8041 341
226 372 433
4017 3493 459
5829 6937 -961
4347 5935 492
2044 2555 -126
8940 6157 170
6193 9038 -464
9501 1451 419
8722 9302 226
7164 2598 285
2288 7806 -569
4055 1877 -582
3200 3778 -896
2553 5541 -337
4158 8069 15
5870 1894 -109
8009 3076 -776
9005 4555 126
8281 5130 -198
6750 6997 998
6254 1309 583
5482 2034 553
4410 3302 455
1253 8447 -301
9165 7758 -416
3097 1257 654
5954 8443 -54
1957 8227 -41
9267 2504 -805
4477 3443 570
8653 5550 211
958 904 745
4940 964 -446
8729 2290 1
760 1648 71
6475 628 -742
6697 6660 -19
1360 4307 424
7971 8274 -910
6432 3233 676
6975 7249 -224
8774 2798 -695
7347 5630 357
2424 7334 177
3436 917 109
7868 6486 958
5378 6233 328
2860 7965 -509
4260 7748 -161
6566 3782 823
8121 2953 -127
4180 6041 913
3394 5823 300
5507 6098 -893
4107 7914 -977
6980 8757 345
1412 6314 -757
6158 3882 -786
9355 8156 964
7407 7468 -133
6539 4825 -34
1388 8842 -290
8377 3018 842
6015 8873 171
7535 5535 -651
2454 4218 204
8098 5096 -319
2770 2199 -447
5695 3508 -849
908 5821 -419
7806 3094 890
4063 8758 -9
4850 5770 873
3705 3924 736
8976 6270 694
6151 8618 548
1033 5702 713
4568 1709 654
5213 4224 248
4829 5005 -571
8636 1503 -96
2813 7119 -970
8102 8570 177
6168 915 792
3231 1434 15
7487 907 999
9421 7181 950
7506 1470 -836
5979 1296 -862
858 2493 466
5072 5478 715
5870 5853 -308
2072 1004 811
6706 9296 -312
7321 436 -566
4961 6716 795
165 3825 636
5014 7772 -891
1485 5528 -543
4580 44 212
1013 7892 -951
1998 8846 517
1832 662 441
6635 5461 772
6991 6158 407
3070 1041 942
1310 6169 -636
8683 8361 208
7095 1789 -643
1519 6858 349
267 4929 170
7980 902 -855
9411 513 601
823 3376 -96
2229 8407 37
3329 9011 -556
8631 8049 847
653 3399 -683
779 791 -841
4829 2472 -662
4005 2537 85
4682 8922 -16
3959 8123 -836
717 7284 -86
5057 3939 -439
547 7373 -355
1919 6354 -964
6638 4642 -19
8723 4874 -278
216 1133 -702
4498 2732 -880
9040 2553 -765
8530 2311 -614
6455 1491 177
1819 4546 305
6052 94 -290
1593 4988 -805
6438 9099 329
433 8234 -262
7677 1196 255
9144 7857 -581
9157 1299 157
3902 3882 -703
6564 59 277
6651 769 139
6076 1072 561
9378 4757 -82
1662 7393 98
5909 8866 675
2472 5792 771
6753 3567 -11
2991 926 705
126 6935 662
555 3369 -360
3862 6758 -462
4606 5576 -518
8247 8374 371
1000 1990 -815
6934 5954 967
9267 183 -378
8109 3484 968
2884 1232 -485
3142 7672 -719
6678 5550 -3
4076 1560 -295
8261 3672 508
7983 7999 -45
370 8913 975
3375 211 909
2246 8137 -671
1645 5115 -955
6107 4040 317
2052 6899 -947
159 6833 -301
8984 671 -864
8238 1096 -27
802 2427 641
1538 3287 -303
4170 8855 197
8773 7818 790
1637 1115 754
6731 1348 -919
3026 4569 837
1126 6682 462
203 7854 -579
6910 5574 634
9175 9480 -278
7229 4463 555
5692 6525 -965
6909 5 -917
8999 8606 -462
3331 596 -975
8649 65 -693
2745 5559 965
1242 9504 -41
9241 1148 585
2552 799 927
8467 3692 -303
6254 2587 -503
4176 7046 162
1571 5624 720
1977 2034 -887
361 7891 856
2443 917 -267
309 4016 -509
75 5460 768
2870 8833 681
4999 1300 62
4899 9439 21
632 7575 402
2177 6326 760
5354 8258 740
7261 1470 643
6934 2204 -115
3602 7508 -507
93 4253 35
5488 9479 582
1358 422 691
8693 5855 -819
2866 648 522
2244 3116 975
8328 1341 -530
4394 8327 997
137 9365 -481
7970 8320 918
8174 1280 950
4196 2811 -239
5098 3628 438
2541 3499 -268
3065 4001 877
6949 7118 578
4248 115 -637
1901 8323 -92
4102 9396 -970
3430 2678 345
2912 8724 754
6923 8615 703
2145 3976 -475
231 3457 549
2981 3808 163
6599 4642 264
2474 4891 -500
7843 6182 837
1727 3510 -219
6576 6305 -570
2882 5371 -50
55 5124 -967
1700 1609 711
9218 7460 757
3252 2777 915
6193 240 762
7032 6934 190
2695 3094 -663
6146 6838 -216
5336 7181 -6
3934 1763 -839
7956 2852 -664
4302 861 543
3146 2900 -857
8381 4103 701
2103 273 813
9351 6529 19
9398 1270 -60
5767 8538 3
3239 7596 -93
3807 2294 685
9483 8268 690
820 8975 616
8885 3375 855
6926 1415 433
1480 43 -967
4511 2562 -825
5750 2612 597
4521 5378 189
6354 2247 -54
1670 5172 145
1566 2666 4
6783 8979 404
7319 3384 -516
3839 4192 11
8431 7871 -68
3363 8443 -81
8226 523 153
184 1018 -719
4193 8529 701
1179 7646 -316
309 9506 56
6900 761 595
9265 2466 62
1321 800 -974
37 3093 917
1605 1267 207
743 4798 65
6556 8493 75
8653 8359 -546
4721 1496 53
3338 4838 -763
5589 4307 -885
418 3994 532
2341 115 569
5924 6186 -975
8340 7628 -526
5758 5662 258
5567 6432 -454
9310 3930 -120
2823 1258 546
7381 9470 -749
3768 464 502
1545 712 -980
1329 8446 -778
7600 4696 -308
3419 8186 -429
9443 4168 -245
420 4297 -959
7822 4376 -727
1502 1900 -1
2286 8914 -327
5655 7191 308
9163 312 137
3340 4617 -2
734 5004 700
21 1007 144
5392 6985 -904
4583 3737 732
8552 5294 -835
8208 8648 796
8718 8369 -808
491 3988 -509
4069 5199 821
3639 7414 -554
3984 9215 311
8980 3558 -279
4995 8832 -963
3822 2469 -143
5269 5775 -429
7031 8359 130
8455 8434 521
6189 1896 946
7837 6969 -869
3411 5273 -945
8057 9238 16
4191 420 415
5603 6486 -526
1868 8947 183
7 6200 168
218 4374 944
441 3381 -36
718 990 209
7219 1290 716
244 6397 -203
9482 5525 -205
2491 804 -991
594 8216 997
3633 6242 636
7120 4633 988
445 9069 -672
8618 9040 213
4291 1440 814
9179 7770 -481
3980 4834 186
7864 4095 334
2073 2901 409
7412 8421 762
3713 2958 150
2357 6368 687
975 3082 270
5811 8536 -714
3281 9300 822
7415 534 629
7079 8096 890
740 3960 992
1286 8125 356
9417 3310 287
8073 5527 313
593 6551 500
4568 5847 -130
7720 6070 -905
6234 8413 -179
8619 9303 -305
5730 2867 965
8954 2850 861
8249 8901 -671
6350 4381 908
5452 1722 -565
5165 6357 -308
316 1873 175
5322 8791 -451
3827 7392 107
3334 3533 -591
2973 5831 733
1095 1914 185
8255 56 -795
7551 7655 550
1820 8047 414
2938 7317 -652
8034 2142 996
1154 6233 -500
240 5570 -338
7989 8809 483
6531 8481 938
5792 7042 -56
1502 6749 -749
396 7017 0
2075 4612 885
9060 3997 957
7409 930 -549
6572 5200 130
8226 2730 683
62 9323 714
2401 2825 641
6658 4618 -513
6480 2073 952
3827 3562 -379
5413 6672 891
2716 3925 -941
9497 7920 -696
4831 5907 -707
5068 4836 287
2087 6548 -916
2548 7920 -909
689 3563 -244
2160 14 -833
8504 6277 994
6659 969 -427
3663 2299 675
2043 5796 -519
7976 8166 324
6736 3361 967
7992 3442 867
7647 6959 878
2598 8611 573
6185 8938 -197
9417 2073 -849
5117 6332 -679
8590 2921 386
6146 9104 627
4387 151 441
2368 2580 346
8974 3805 736
832 4498 -121
879 8072 812
2998 2615 -401
717 4359 248
4737 391 -1
1265 1181 383
3543 3204 -987
7575 6743 -36
1129 3208 605
1553 5960 394
8958 3604 -401
6821 4976 -667
685 5595 -142
748 4952 625
5076 1060 -712
7935 4298 -799
6229 6804 -284
4328 2142 864
6035 6430 155
1920 8754 -754
7448 5443 424
9190 6838 876
4334 7757 -438
106 9027 -419
1993 4840 326
8952 3797 -921
229 1587 320
4601 6558 -294
3514 4212 179
3245 1301 -493
514 7625 971
8755 1424 -609
485 195 -722
3140 7375 -338
9258 2378 592
1182 889 -461
5100 5738 -519
5961 1314 755
2668 8749 157
2827 7977 572
7114 3735 88
1401 1589 836
7067 3775 728
5642 6104 -678
9466 5405 501
4851 6276 48
4893 1313 861
4580 8046 424
1115 8543 -189
8988 7504 -683
5254 3466 -269
8209 9471 -598
5213 306 -636
6779 8201 -862
3892 6 -541
567 7753 438
5182 8216 791
2930 7667 449
2377 8512 73
4875 354 -472
478 6994 -395
725 8321 -402
7736 4991 -121
82 3253 -178
3929 7558 -180
8500 5788 -452
3628 2320 873
5753 2325 331
3359 4705 716
912 3654 825
984 9259 -246
3638 3781 75
1361 2625 147
3922 6050 -620
9163 4512 -802
4817 5460 549
5871 50 -221
261 8425 -620
2522 3435 -980
5652 4476 -743
6988 453 605
467 2530 273
54 5306 -73
2593 2951 941
3295 5278 -191
320 8041 -935
1386 7988 680
5937 7173 182
5198 1674 352
1352 4766 -608
6868 2045 -4
5231 7490 47
2311 9131 -119
4913 3368 189
2703 457 283
7335 4909 634
3125 6616 -959
4208 856 -989
7125 7534 802
4178 5724 -594
9473 5718 -649
175 2266 -931
5690 2553 929
2517 5538 846
8987 1923 -664
3941 117 345
1171 3623 -950
1361 5085 46
4782 1787 161
6207 2736 21
8257 3700 -589
436 1974 -812
9160 6242 603
1311 5005 113
4008 825 629
4191 2258 -778
8983 654 -363
7745 3261 -253
2228 4832 -143
7603 1948 -302
3186 8120 -889
6097 2018 987
2389 2768 -25
582 6927 143
1128 3489 533
6466 6438 84
5206 5133 576
8339 4179 673
3111 7494 -641
8364 1080 -833
3420 4628 846
6339 2885 -110
580 6490 -789
219 5253 725
6929 5300 -421
7223 3685 -272
2194 1917 168
3780 7274 284
6222 4717 -219
4695 9344 815
9028 1922 -165
8692 3244 -751
7926 5691 -268
7428 6403 216
3123 990 493
2828 5048 514
7521 2703 5
6389 1836 -781
9179 9441 918
3064 7550 -112
1336 3126 851
9138 929 -875
1435 7967 -341
496 3668 -734
67 3604 -310
831 1334 -581
2332 6653 17
1868 2235 585
8735 8357 178
803 9409 -725
3409 7303 -928
2906 2140 -464
3237 5413 945
4127 7223 420
142 6793 203
9071 3736 347
2498 291 -334
3058 1508 -70
6168 7657 -167
7595 805 -845
2101 8813 324
4186 6690 71
7240 3164 261
8358 3614 -123
8799 7414 607
2956 6804 -917
280 3950 -746
3444 4461 991
7253 9270 126
6108 4304 -418
2597 7082 -959
3444 2650 -633
503 7899 -314
5170 2741 -705
1448 5906 511
6859 4425 -16
6120 9184 -749
223 8690 871
8623 2247 -647
5468 1891 -582
6358 9298 -484
7604 8150 -977
5719 8512 288
5029 7425 -28
2562 6034 566
3923 4383 -231
361 3090 -516
5971 4768 -313
6189 4912 -54
7344 9385 566
5480 2134 706
8982 4054 645
9501 4937 -986
4947 4690 387
4190 1270 490
7622 3467 -951
7060 3678 167
5330 6682 598
5330 3306 -894
8326 5161 -310
8692 1940 -702
5523 497 -218
3025 7181 -318
4716 6809 -278
5786 4496 102
7035 1777 381
1289 3417 -719
7614 6206 516
7519 118 -188
168 8894 720
4349 4234 38
3336 6812 990
5198 1970 -885
4058 6545 -908
5706 7819 -97
7133 8112 -971
868 9469 -856
9056 8499 -281
1631 8986 -219
9029 9289 -966
2081 6729 -353
4667 7376 -854
2093 8728 981
668 5692 -823
5702 8803 87
8923 4269 -475
3334 4745 272
3893 2765 -155
393 168 461
4898 7533 903
6044 7078 -779
326 7045 793
5761 8252 -888
4845 2146 976
1468 4579 -467
1039 2134 -957
8831 8523 -171
7698 3726 -657
9155 5097 -616
7122 6874 581
4352 2420 390
6397 1860 -735
7934 6250 251
5879 3022 847
9516 9358 -819
3329 8699 -403
9119 8713 -801
6143 4134 -516
4326 4967 -832
9354 8856 839
7398 2615 62
1165 9403 952
2112 978 630
6294 5938 890
3749 5153 -849
2230 4267 680
4604 6699 -94
9177 143 -734
7999 2989 -777
188 7513 273
4862 5424 -277
7071 856 -477
2745 8966 505
9262 3313 285
8612 5301 -701
6979 8096 318
3630 5864 -130
7741 4715 671
7204 653 345
1602 7653 -105
5247 5332 -427
4532 6759 385
2483 2345 -207
66 9136 -561
2613 6860 -451
3802 166 -195
2809 1341 497
5440 6247 237
3926 7646 -663
3665 7898 727
3808 4438 375
911 4569 739
8096 4816 565
1492 540 738
6256 4987 522
7277 2709 1000
2360 5849 684
4293 9337 253
1528 6991 699
9223 2982 505
7605 9144 -554
6611 1802 -267
6508 9420 -493
5893 2156 -946
7503 7737 956
1890 1770 -931
2093 3600 -531
1779 4571 463
4504 1419 159
103 7445 405
5446 3176 -88
8866 1926 -9
2696 785 913
46 6425 -878
2405 4073 -982
9163 4171 84
6282 1734 156
4533 1765 739
5480 6863 -359
8073 2872 359
4677 3415 -929
2103 4450 61
6502 7322 -603
2530 3249 633
3057 3582 -569
6136 6602 862
5471 4381 857
8827 4661 472
7406 5984 -610
7709 662 96
5528 4391 -482
4705 2677 191
6146 900 229
2935 3127 -742
4463 8860 119
8788 1416 377
5496 1260 706
1293 499 -260
2670 974 -621
1482 3699 -446
7424 2885 -235
9248 8048 -805
5670 3165 605
7366 5706 -707
7232 5695 595
1217 319 -725
60 1169 602
384 8742 -378
6350 5541 22
7351 1064 817
2661 4746 -470
7733 4506 -978
3175 4296 -547
2740 3063 -365
86 4328 -566
1040 3129 -811
2409 2251 475
2915 4235 634
8015 7604 929
1716 1878 -925
85 8621 600
6446 2159 -796
4688 4073 528
8892 332 -994
5310 2370 448
7068 9108 -208
2887 2879 958
4822 1498 -711
2945 657 157
4429 8636 -958
3165 3497 729
3746 2191 -77
3035 5709 254
2136 5649 -690
3021 3403 592
4433 9180 -396
7982 4096 992
9510 3791 -14
4944 1684 -128
660 536 -868
4456 190 -991
4344 4652 -120
3255 8859 792
1278 3312 -661
5507 9368 156
8551 7031 -40
1356 7579 -405
2053 7165 -663
1386 7013 234
5400 1482 870
9222 936 348
5418 7194 498
6892 7511 -307
6072 8135 -699
3039 1123 -143
6234 434 -56
5688 4587 266
6547 1579 -497
4520 7005 -690
2625 5736 530
2814 9186 392
316 7762 -621
4964 8073 -44
7431 8068 -562
4911 3562 -445
2949 3224 -260
4375 3497 336
3637 86 356
3479 7675 478
2525 4107 633
8452 3987 377
266 3903 620
1955 8916 959
3813 568 -608
278 9012 572
9295 4183 -838
2194 1538 -839
7113 324 123
3719 306 604
8180 6987 -231
7765 3600 -141
4000 3084 297
7330 3001 -688
1750 3157 -844
6696 5024 -299
6574 5420 828
5184 6320 -483
1397 8314 168
6877 4216 -853
325 4772 267
6693 6237 -519
7941 1025 967
6904 59 -225
1774 9023 -480
6318 8666 317
6608 8919 -401
6234 6668 497
1419 1578 -593
3940 9355 -402
7968 1895 827
4628 8798 565
2076 8461 -367
3255 7395 -993
8093 3130 -167
8696 8316 -517
8199 8635 921
383 695 -50
3218 5216 -686
6073 2813 -965
2395 7810 865
937 4635 -322
2846 7587 79
687 4938 -424
5815 414 850
2368 6627 116
3482 9030 540
7242 3488 271
5821 7404 332
4529 6660 342
166 8891 909
3868 4538 -978
7728 5684 75
3403 3660 725
4403 918 -925
731 4633 117
6998 1676 826
9128 5834 974
8171 4748 23
821 7456 -127
7337 5554 -669
818 4150 911
5014 2976 18
6650 9309 -248
674 1704 -564
5950 3318 194
5112 3920 -896
91 2804 37
9389 5164 342
3700 2425 935
7070 84 -27
3281 6898 -991
6069 1771 997
2496 6481 -302
567 5286 -251
1422 5516 633
7689 7345 236
6815 7610 274
5027 6236 948
8895 8037 529
1901 8146 953
2903 9039 702
5853 4418 729
3284 695 795
1682 639 362
6120 1380 -836
8066 71 -555
4511 2217 -926
584 3853 290
5313 4999 -445
8618 1443 852
59 9302 -115
453 890 768
3419 1490 971
4937 8651 -838
7949 2662 -964
9236 7038 371
3409 7171 -157
1710 2399 377
2307 3223 -316
3585 651 580
8787 1437 54
4109 7553 446
140 2729 371
4688 4265 422
6481 9139 -509
401 1003 637
4876 3137 107
5241 2859 -414
8484 5026 -951
393 9197 -859
2380 2710 738
1876 1944 951
591 8934 938
8186 5798 -156
623 3183 973
4119 5433 883
7151 602 -503
7247 1960 -464
6211 2754 -69
3298 277 955
7822 7272 -991
5073 5080 -99
3653 1486 -85
8330 1923 -418
5830 5820 996
6027 89 -62
4894 8828 687
3714 9422 -424
3021 2301 -428
4225 2379 -618
1296 8145 967
8638 5705 -428
3140 5568 687
4683 3014 189
6355 4537 -159
6182 6287 93
3291 4018 -678
2089 7953 -266
7496 2829 -156
7530 5126 -928
8677 5014 -410
5391 111 -716
7242 1694 87
6728 2788 -51
873 3936 808
4627 7339 -755
4040 9108 -517
5432 8784 -268
5169 6575 596
2101 3936 106
5443 668 136
1674 3884 -231
675 3350 -664
7722 8730 -488
3550 6346 110
5119 5998 -903
5421 3305 93
3439 5842 -631
4124 2615 54
5859 4665 891
5984 1752 -544
2059 2675 798
3203 3823 493
2237 6754 601
948 7924 766
64 2362 506
4818 2057 -449
3319 8029 810
2258 3515 -232
2070 6130 28
9096 8087 -565
1913 730 -413
1273 9135 -287
8926 990 -51
2184 5637 480
2019 4969 -260
7588 4203 174
7052 7936 599
7718 1072 63
5379 631 648
2136 2804 29
7926 3899 524
5520 5566 179
1511 661 8
2577 6128 -97
7684 8033 194
1474 7414 -781
3890 2098 740
2875 8093 822
5439 6686 837
7124 5136 -680
6648 2451 -245
5175 3106 368
4325 6222 130
8729 4126 -267
7684 5933 630
8253 5655 -241
6844 8355 264
6374 2946 -75
201 6565 -724
7883 7779 -66
46 7044 38
6792 4528 -444
6203 8879 -586
1597 7356 350
4401 1380 -906
2244 1328 -356
6061 3474 584
9432 6348 -231
4057 2756 -90
4822 5003 -731
8636 5200 -582
4835 7589 921
6819 4267 -697
2244 3276 301
6494 1672 541
5108 6223 977
4582 1649 -771
3463 7990 -906
3453 4238 -177
6636 2844 37
7200 717 635
9288 6708 -587
4389 4768 -822
6018 3008 372
4984 74 291
1129 241 845
8820 5367 -945
2769 5136 425
7238 969 -705
4128 5330 637
6704 2084 782
8598 1639 94
6701 6889 -966
3843 6174 -727
8993 4835 171
2465 9228 -457
1259 4345 407
8606 7976 -100
8675 3204 -262
6724 4618 92
6521 4839 -27
4904 683 263
5404 3858 918
8949 7380 154
6093 811 709
624 8482 633
2465 5710 906
2075 8427 356
3662 3205 169
1222 3429 762
7956 1148 970
6814 1505 456
2604 6800 -997
972 6385 -807
8925 9280 -972
7471 8463 324
504 2646 743
3620 8046 -566
238 3790 -227
5766 2095 -575
504 8361 0
2008 9098 900
916 1795 2
8721 2616 802
1241 1990 -351
3015 2634 -182
6241 2866 602
4679 4557 629
7077 3636 690
2847 402 -927
4042 1194 -813
4968 2174 201
4942 5194 -755
395 4068 -280
4455 4639 -598
6331 1612 262
4732 3076 -34
1517 2523 93
9418 5243 -785
4844 8663 -741
782 6144 161
8742 2626 68
2358 6882 831
3313 5529 878
8316 4537 -334
9115 5947 531
6085 187 -526
1599 9458 -138
6832 1936 -288
1005 5719 121
7957 1957 685
7238 6682 796
3532 8307 -957
3792 4764 743
7791 3996 -259
2733 5944 -756
5185 2188 487
1872 5283 583
3506 4547 -84
3048 39 305
2044 7454 -604
8129 6742 -462
1394 9203 -371
9407 1306 270
6530 1125 -976
5282 1387 -550
7516 4848 984
4262 6938 901
6266 3449 -84
1872 8145 95
7780 6178 -311
9072 5780 -799
4383 3146 -772
988 4041 -236
3275 226 413
5333 470 225
8909 9088 692
9127 5040 801
6917 5473 -434
6003 51 -547
6849 3439 -513
9088 1886 -230
7949 3777 -965
4161 8975 630
8202 212 688
721 6264 7
1165 1115 106
1092 1887 396
3815 3534 79
3175 1513 -918
1070 7816 -193
2983 3824 261
2650 6540 391
9356 731 -212
3546 2809 -826
2527 2575 754
4013 1419 -15
4241 5167 -378
7901 9406 -872
5558 4868 763
7226 1151 -726
5471 3270 -645
386 6869 763
7757 4700 -390
4796 2086 934
6420 3999 -406
698 1404 477
741 4023 471
5380 4064 567
3779 2538 936
3668 1778 892
38 8477 507
294 9015 -138
9142 1052 18
1385 3027 467
3886 6104 -463
5317 7632 153
2321 5580 795
7340 2909 -526
9040 6910 -475
3231 1104 -109
4159 7537 557
8456 3607 -405
226 3705 -715
7488 4019 672
2433 955 647
5139 5450 562
8100 2528 -512
1949 4437 -283
760 73 804
4082 2254 -401
7728 156 410
3711 647 -554
934 5098 474
563 1205 -201
5219 6840 648
4513 8781 754
5359 5869 -795
2361 5518 156
7391 4578 -453
3393 7751 784
570 1357 387
3283 8570 -492
7480 3260 -431
8065 9023 -164
3282 4840 -24
768 6720 24
2807 8506 -329
5087 879 20
700 3120 -577
272 3704 488
6494 4784 -444
8435 3745 615
6678 8046 -696
3403 3347 -68
5990 6200 -379
4750 5173 557
8874 8936 861
8522 1619 586
2706 3001 -75
7583 6589 424
2479 593 -850
8264 7812 810
6651 2881 800
8561 1535 -757
8842 4650 -704
2255 2969 722
4366 1591 84
3671 5180 676
3030 4410 333
3523 3013 809
4910 4138 -702
4753 1655 257
6735 3344 0
1089 9379 -124
8529 7669 475
3670 1687 256
2940 6134 256
9147 918 -445
386 8326 524
7621 2736 -830
792 63 902
3038 6471 223
8554 8925 -97
978 8126 60
8712 2169 -334
3663 1419 901
8914 7880 -709
4430 6550 -587
3428 8076 -989
9017 2097 -394
8507 6548 415
9313 4167 707
8372 9228 435
7269 3236 -341
7372 3293 912
6822 5873 735
4392 2782 547
2617 606 -477
1447 3155 -769
8023 7231 -115
5812 3029 -207
1328 6668 651
1902 7991 758
847 3880 245
4643 5806 -423
4612 1464 -152
5718 3191 -234
826 2048 -451
8348 1613 615
4350 680 -532
7864 3190 260
691 451 905
9499 1873 709
5193 9221 60
2199 1917 -534
7967 1873 336
3004 6185 623
7510 4109 324
9271 5260 795
4692 1547 -473
247 2242 -928
9295 5313 -30
7092 5342 -682
7090 7178 -562
1587 4783 -204
7554 995 98
7983 3763 187
7620 5149 354
7725 4864 383
842 9186 976
5628 5192 -651
3007 6746 -950
4156 2618 807
5886 5016 -130
1951 529 -65
6937 3378 122
8480 240 -908
1823 198 -241
506 9289 727
8902 994 521
7265 2642 -880
7956 6550 -16
1716 1708 776
148 8357 -716
3283 3721 492
385 409 502
3964 8995 543
282 2741 671
7299 8766 764
4677 9426 909
2760 5401 927
979 3901 168
5708 7549 -53
7523 8019 -957
3078 6859 -663
1511 7271 734
7750 612 615
2427 2048 -871
2724 5516 822
3263 853 997
958 6660 13
949 2946 516
5994 8503 -196
10 4739 -641
2555 4345 -595
8845 150 54
4355 5611 376
3274 3542 -912
831 7599 867
122 1684 764
7061 729 -130
631 1704 -209
2278 4085 -560
9311 9163 -1
1059 8004 -612
7141 6159 -503
1915 8301 -125
1561 6677 201
7440 4465 110
5847 4581 638
9273 871 271
2449 7970 41
2442 5082 451
2419 3863 -509
6264 4427 206
4169 3134 -773
3305 6225 452
6874 5071 137
1205 8236 269
7127 559 -421
8781 7007 -299
9005 5386 -395
5871 8395 239
3223 3464 -514
3116 5713 261
8163 5313 -328
4109 836 -465
8896 2048 -156
5561 1078 287
3874 5158 -30
6355 5552 355
5090 6127 -3
3222 4314 -737
177 6306 -268
2534 721 624
6201 1283 146
537 5280 454
3427 4893 -539
8988 5047 -54
7469 3976 -143
3175 3954 383
7193 5542 -628
5145 886 -633
6388 2467 -279
3906 9302 259
7923 7392 -510
8067 7702 165
3801 2234 397
8242 7110 197
6039 3433 -378
599 4550 -317
7399 5772 863
4325 5584 896
6390 2171 -979
8784 4731 886
1778 7425 -75
8624 5850 -691
5816 4058 -920
3863 3455 -779
5200 4695 435
5633 7546 333
9478 6761 -533
1864 8810 -655
8976 4949 89
8534 7469 -497
4701 1553 380
2994 7631 -14
8775 4230 803
1406 8823 -659
1103 1038 413
8141 2807 411
5318 1955 -558
5684 7678 -49
237 1706 -503
4238 3642 -102
903 5378 -185
2886 5616 -935
4252 606 580
5536 6720 -945
6438 3120 159
7006 1831 537
1694 6819 606
1051 4576 -754
1972 5612 823
5482 2032 848
6459 2224 -37
8417 59 -993
8278 3497 537
3071 2400 -208
8335 2357 797
6632 6221 -292
2217 169 261
3474 1525 377
7234 1161 780
8851 4939 -373
2572 6176 -475
9447 4799 912
7966 6150 748
2725 2262 100
4565 3914 -324
1919 4882 -516
7766 3974 -1
3662 7190 -397
225 9143 588
2011 4928 560
8295 465 -554
976 6150 -714
1295 33 142
2850 2932 851
4536 8985 -585
6022 4636 611
5510 4437 944
5620 2532 10
9259 4133 577
5249 3628 439
4250 2183 -92
3055 4664 706
6209 2346 -971
8573 3536 552
6862 1288 594
7803 5541 833
8149 2683 -378
3897 4855 -495
8716 6409 -246
2610 3259 454
6644 960 -810
8478 6072 649
9128 8036 -558
5765 7580 -462
7640 7315 399
7086 5506 -195
1956 2344 -574
989 5259 758
7970 1279 298
6460 358 -833
1883 3560 100
3070 5888 -69
2040 380 931
2868 1431 -181
393 8320 -733
1647 5554 -797
7084 2494 859
2908 5759 -563
7330 2824 296
7643 4209 670
4429 8381 78
8847 4371 43
7942 6502 -744
2927 958 -245
1690 2587 -886
3891 9513 457
6335 7614 -906
8334 5057 -221
739 1635 418
5412 2921 375
7059 9419 183
2303 7633 736
470 2904 -103
5317 9232 -241
7302 8128 -98
4961 6403 906
3244 91 244
8026 4545 -721
3278 6142 -43
424 4657 330
7847 246 -366
7366 5389 -935
3038 294 -584
1118 7040 -291
7916 1117 -686
1822 8266 207
8863 4318 243
5784 7080 -963
5697 4939 448
2114 848 112
1156 1967 -2
269 8092 464
1127 6755 -639
1920 537 -353
2708 5034 811
2345 6685 -359
9161 8501 -173
4740 8820 -632
6983 2088 81
6790 8480 403
2337 1866 -21
5943 3161 -729
3832 5148 481
3872 7984 -673
562 1655 517
665 1926 -10
5017 9187 -363
1265 2924 683
1957 1209 -58
7833 8619 470
257 1361 497
1371 8888 -954
7858 2819 233
639 1939 535
4671 2051 412
4795 4989 -42
1129 4599 144
7935 8570 602
3454 2042 99
6093 3003 869
2333 4904 461
9484 2395 -886
5847 7171 -307
1628 2667 392
3492 9069 153
4920 2923 -504
5941 2738 -790
1423 687 -77
265 8382 915
6959 9338 8
3512 770 -792
1057 5797 122
5906 205 -868
6676 7956 421
3322 2466 -382
1513 592 -833
5318 2343 108
7703 2088 561
6131 3385 756
8988 8623 909
5455 1090 697
9070 1829 -917
3152 3580 -89
4570 2203 -50
611 6015 -666
8402 7222 -885
7370 1811 992
8330 600 -394
1250 6882 -540
4298 9252 -10
5594 2904 -536
8339 6927 141
5928 5135 -437
8240 3344 -40
2711 2724 5
7375 317 700
5515 6411 627
6099 790 49
569 5063 47
6043 4749 -131
3731 7617 740
5668 2692 285
2549 4748 943
853 8949 813
3201 7695 -23
8279 9244 -591
1858 6688 -478
2375 5916 486
6257 2778 317
2333 426 -858
5708 3309 -151
6089 7254 404
6744 1134 378
7359 4656 913
4135 5963 -348
1464 1521 56
8440 531 -988
6634 3788 -12
1713 8825 648
1332 5213 107
3555 7580 81
6487 2460 580
4217 2598 989
4482 7305 -116
45 4983 929
1408 9424 -964
7939 5402 563
1002 9223 645
7843 8668 609
1605 9395 -505
6362 1400 -515
2992 5110 401
7647 2484 -319
3760 7774 797
5378 7201 -600
5285 8539 169
8213 8667 -648
4073 7566 -264
4243 5757 -480
4996 3516 -58
7559 3127 881
5946 2021 251
886 8603 207
1939 4384 -782
2463 8162 854
7910 9031 -903
8775 9029 -868
6584 8988 -164
3545 3752 660
1294 1471 912
2501 758 534
2660 2774 -788
6280 5222 -644
3670 3190 -866
1588 1909 -362
8677 825 -400
318 1564 -964
8136 94 -407
3405 3566 -405
4478 8488 272
4690 224 418
1192 1427 475
9506 2018 -464
1180 7120 333
6225 5297 -384
6598 847 187
8487 2331 78
3419 2138 -981
9436 3156 912
1764 9516 -359
2642 1210 -320
7153 3064 -776
6181 2334 -194
1135 8006 -465
1338 3618 -367
6020 7719 902
8025 5424 -359
5090 4799 -54
7603 4591 92
9421 4279 88
7499 4640 687
1411 875 -388
8563 8526 911
6515 1909 875
6598 8670 751
6129 5443 410
212 5469 637
8402 6171 -456
7570 7720 500
1925 5104 -485
4946 4585 -785
5188 4551 305
4145 1345 -957
9362 2749 -845
4747 605 742
8412 8722 -324
8072 1553 35
2979 4623 -481
7114 7273 622
5455 6715 314
5603 6106 -869
4094 6102 -114
5778 7264 -858
980 5071 835
8044 499 -828
56 4140 187
315 6748 -232
2033 3018 787
2559 7549 579
7446 51 829
4824 6589 -398
7742 2510 351
5128 9189 -367
2390 3801 832
5487 5641 717
1745 9451 -463
7476 7473 769
9438 7080 954
456 6955 -639
1804 549 -366
4468 5654 -610
1132 5932 553
8520 794 691
7603 1063 -304
8858 6062 203
8368 7517 -25
3800 8672 288
3955 7946 -934
4953 4706 -573
2723 68 252
9160 9266 407
3095 4648 -215
672 6631 348
183 7034 -970
7554 7609 513
1557 5950 900
2818 4556 382
9022 7454 -661
5933 2315 -534
8082 307 658
7463 7674 755
2971 5669 -588
8971 7039 -431
4678 5356 220
7019 6804 902
136 6682 523
6007 8597 -304
9257 8262 664
7871 6295 798
4525 4311 -382
3490 5602 -468
6751 144 442
5430 1717 -632
8605 2069 816
2735 8738 -185
686 7572 45
3186 9340 856
6088 5341 -996
4115 6337 -864
2890 4734 -478
2296 7958 -410
3581 790 -59
4778 5391 531
557 1776 695
5524 189 806
9173 6103 -597
1989 2737 222
3957 6833 418
2300 176 695
5883 3043 -990
3317 850 -979
4362 5708 -889
7227 5162 -831
1945 6640 -230
1931 5080 978
9214 7403 -892
6164 666 929
2425 3413 205
3940 1019 59
6500 5553 756
4716 3406 796
290 1005 -560
5338 6143 -896
3382 132 -766
7340 2960 -115
9114 6086 541
3272 1099 -355
5368 1010 612
3749 5719 371
6757 5148 -715
3274 163 43
1165 2450 866
8026 4104 848
361 4269 -550
2339 3938 172
6362 5917 313
5711 7772 -176
1452 2129 -489
8405 4002 470
6623 6648 649
7932 643 -326
1858 2675 958
5717 2238 -889
1238 1014 850
3067 280 167
6474 7297 740
9482 3408 -263
6457 5248 -326
6687 2703 -533
9461 4732 250
733 7544 -365
8251 3302 388
4115 3608 243
8686 6818 -72
4454 1819 -157
8044 6031 -356
6774 2934 68
771 7378 34
1864 4757 -750
2590 4986 173
8510 6395 -215
1247 781 824
1038 5813 -848
7677 6657 -182
6662 9263 513
4708 8966 893
4950 9310 -528
2945 3336 -615
4462 5540 -859
8717 1812 992
761 3426 513
5704 122 -495
8690 742 188
8643 5652 748
1739 5795 -607
1400 6046 355
9347 8998 835
238 3036 830
4532 287 456
4605 5315 -146
2899 5911 627
1491 8993 -300
636 2757 125
658 4055 -444
221 2478 -477
9225 2358 181
1902 346 895
5282 6351 118
7222 834 42
5555 6749 172
7003 7152 267
2356 8276 -699
192 1904 758
2704 1097 -929
5757 595 -675
5669 1980 238
6436 3564 -997
2089 2891 -979
8971 3263 618
3297 1000 932
9199 2456 161
5423 2660 279
7164 3977 353
3100 4936 -923
5015 1922 638
4685 9286 738
6362 8162 -594
8311 312 -701
552 4562 -636
5296 4588 412
3515 5403 773
2913 9004 403
6505 5557 70
3633 8002 322
2726 9122 920
6483 813 -12
7818 3420 233
3652 254 -670
7373 1498 582
9295 5787 996
5989 4907 -799
2812 3191 449
3036 2629 666
696 2012 338
7139 3662 784
8199 4467 -627
4800 4140 753
8641 923 668
1745 3877 -288
5751 5767 93
5893 4742 596
2608 7230 628
5937 4723 -145
3972 9044 -508
4182 780 -233
92 1717 504
2034 2630 -904
4889 3442 -988
5373 5152 -891
4529 5415 -501
9224 388 699
1296 9383 671
5902 3364 -62
8671 3398 -253
1799 716 -757
1257 2894 -882
464 2094 -36
9428 1807 -800
5771 8942 761
2336 7351 430
8301 5470 551
2651 1509 861
2898 4827 -449
3682 9367 -81
8865 7973 -948
4256 648 -245
1486 8455 340
8557 7584 -337
1217 142 -206
1815 1701 629
6743 6066 330
189 7017 315
598 3949 279
5574 9255 355
9133 1099 886
4042 2215 620
8216 6170 -394
4083 7365 769
6648 8375 -728
4090 277 -536
370 632 474
5653 7159 -992
181 2765 736
87 5506 769
5997 169 -568
2376 6710 -399
900 3827 -814
3464 2733 389
3537 1360 654
9113 7258 384
1358 1933 -767
7653 5731 418
393 1921 857
4832 9145 866
7101 317 607
8657 4106 117
1941 4086 552
3834 6785 -142
7916 5823 553
7309 2480 -884
2276 7117 840
2704 7756 493
2417 2213 -152
7462 1450 -918
7786 5979 689
4774 342 914
6406 634 -401
7030 2382 -227
2611 1119 615
5187 3225 -977
8444 9220 402
4420 2643 -834
8477 3043 251
9003 3377 -394
6371 5287 479
9251 122 466
7750 3235 340
7221 1454 -967
7131 1589 -732
506 5168 731
6707 9092 252
6241 9156 499
5868 8071 24
6071 6635 -4
2342 6386 471
8173 590 197
1342 8812 610
1042 6473 362
3673 6831 481
1044 1591 843
4120 2072 167
4112 7894 -301
4662 9475 164
7429 9309 -630
909 1659 370
3219 9348 -685
2009 8791 -298
8126 7811 177
1742 6729 690
3572 435 -405
2014 2548 -370
8389 8305 -442
7113 6932 904
7940 184 169
8898 294 727
8222 6298 815
6176 904 -247
3566 1197 -291
8412 3760 -698
930 2553 -574
571 9142 576
4335 610 394
2390 6159 -459
4820 6995 928
7006 3970 426
4187 3674 -864
4831 4908 -237
1401 3050 -232
5687 1842 -130
8935 5158 638
6282 2768 670
1534 3906 234
2855 6247 805
1241 132 341
6117 5654 993
5122 3028 306
1242 830 -147
3541 8428 988
5204 2128 -664
7610 3363 567
244 1931 175
1875 6448 -253
3415 1583 -712
4276 357 -479
2565 831 -355
6732 1455 472
6939 2461 178
8519 585 -228
3331 1407 -533
4579 3960 288
4538 4830 -358
6945 8066 520
2093 4551 327
3938 1013 785
2574 1539 -48
6633 3197 632
2939 1765 -973
547 7953 246
786 2264 715
9202 3079 889
1761 1150 882
1296 8574 201
795 4017 648
1155 9423 240
3523 2557 399
6595 2473 -576
4726 1639 845
7805 8947 931
2287 6253 951
4459 656 -561
6103 4078 -296
3035 7092 394
8363 5623 -508
4313 7207 -189
8081 4972 938
334 7595 -368
9445 5625 -53
5386 1189 -497
6811 6190 -590
3782 2584 163
1000 643 809
8069 2505 -520
2242 231 496
8447 9065 454
5392 7836 -384
2404 4515 -974
6034 3629 261
2458 692 411
8949 4500 -131
5534 5157 -113
7581 9436 -94
8939 2733 -755
1014 7926 -690
5706 8279 666
3951 140 -125
4330 5215 76
4107 4397 -883
233 61 506
941 5082 919
9411 6890 177
496 7951 884
5439 4209 -330
4807 9441 243
4767 100 422
3167 7602 171
3812 67 -398
6423 6449 -916
5896 6381 530
1853 116 870
8189 748 -984
1202 957 452
1128 1464 862
2253 3942 870
7646 221 223
9313 5427 -769
3362 4261 -587
6071 7690 -227
8773 4853 -685
5013 5937 -263
6040 842 198
109 7889 -602
5732 8794 79
5210 858 -82
5157 4669 -697
399 1241 182
7718 5761 830
9176 4025 -465
4819 1330 -374
1898 8409 321
7932 7624 -217
5277 4979 -127
3070 9289 -397
2906 3627 -404
3069 9189 902
9369 5054 275
1681 8501 -880
4506 5123 -320
1424 105 -921
1465 8488 -572
3098 6185 399
8649 1605 -54
6595 7617 -296
8089 3162 -13
3097 6961 -767
2176 2652 400
4892 696 329
4271 5205 -30
3501 8881 863
2827 8417 -487
5785 8256 670
7470 7751 951
9294 7037 564
9236 5447 -202
7736 3792 -769
3246 6106 763
6029 643 32
8887 4923 -346
4761 8483 935
560 961 211
1936 3489 -186
6027 7445 -395
8879 4841 -378
7891 4084 852
2874 3548 906
7409 3883 941
3189 1074 368
6116 1353 206
814 2743 -431
6476 8661 -684
1245 3892 -997
7002 8703 602
6819 7626 355
334 5860 -691
5824 6649 -817
5257 3392 -59
2839 8067 1000
3447 1456 431
1854 8872 -584
1756 5294 476
2195 2531 -506
8343 7721 182
2628 4743 800
5731 7542 998
4611 5489 936
6054 1926 -939
6366 2320 -265
1507 1004 -60
7854 9096 60
1516 4393 856
173 6724 -384
425 5596 -506
1764 6336 -319
2461 880 -770
8397 6665 521
8558 245 130
1211 657 112
6006 5980 -928
8989 5983 911
1199 180 -674
976 8967 -677
3155 4080 803
4157 8794 827
1713 2328 178
9137 1456 -883
4036 1765 773
4103 1833 -165
908 8417 -816
3667 7132 800
615 7150 -296
1238 4216 -720
4038 6493 873
7030 3572 -631
1346 4802 672
1386 9069 888
7620 9420 -908
7054 2302 470
1064 5978 -430
6121 3650 917
7703 5036 -927
5650 6104 -944
2715 1124 546
219 2113 765
5947 2216 191
2682 319 -18
2447 6045 -429
8824 6799 508
9029 7116 -600
8912 8044 740
571 7314 238
7542 6304 -446
6265 3370 326
5379 4500 421
7611 6764 -410
5760 3513 846
2619 6279 -735
5773 3790 929
1856 1046 2
1429 1865 661
5894 8634 795
7024 5836 399
5830 1785 580
8716 4553 993
6235 8792 -150
2150 3983 -699
5502 1841 290
1852 6773 249
5633 3252 952
7307 2535 606
577 1601 -599
2872 8090 886
8660 1811 -616
1451 4945 -225
431 5708 -708
5952 3795 662
7236 2491 -403
9387 5608 770
5043 7695 973
2876 7168 567
5766 1594 615
8096 3526 -437
2760 8551 -661
5259 8349 -585
5809 7135 996
8328 3393 916
4262 1446 982
4045 6926 -533
745 5532 850
3742 3776 933
3307 7151 492
8405 8850 -369
7647 4396 -678
4753 8393 5
1577 3346 -322
1211 3262 -290
9482 5509 -697
3649 51 -91
7949 4798 558
2849 7031 423
4195 2716 -372
7562 1946 8
5246 4792 -640
7132 878 -270
333 4395 281
1097 1012 73
4672 8163 407
1418 5825 934
2954 1405 -217
8310 6684 -559
4949 2461 -338
3116 3728 -818
6278 8050 987
922 5160 34
1871 9305 -310
268 5082 -787
4868 2702 -666
8129 7655 157
7383 3756 379
3968 5046 -735
9481 5578 914
5399 1814 -788
2912 4852 419
1369 6700 296
1356 3511 -742
6157 4086 -650
6173 468 -421
189 5927 573
645 5167 -443
2490 3206 -202
7854 4023 853
198 4120 25
5731 6847 624
2966 4856 691
154 395 274
5720 4624 -157
3035 7208 -814
9097 7506 -594
3503 317 -757
3079 2235 -668
937 9219 13
1198 7003 -570
4904 4275 -882
1508 1089 47
7179 449 992
4299 1538 863
2073 8345 938
5819 1677 963
2989 3134 -295
6111 4510 954
7497 7748 803
7237 5788 176
730 7163 -627
4858 6030 216
6167 5389 794
1277 6730 4
3349 8162 27
2622 9304 -761
7095 6558 750
1842 19 308
6251 998 -911
1762 2341 -130
2763 846 -99
2616 6057 -342
810 7266 -118
6260 7859 958
2947 9235 -280
9293 2849 -571
848 4633 -602
3660 4315 618
5030 505 65
3014 2362 -87
7689 7846 -870
1814 449 409
4613 5630 393
1651 5046 -357
1618 8325 -246
955 8212 -325
1803 6082 -251
2687 522 201
4873 2937 -856
7279 1986 -759
550 1099 164
2594 5501 360
7650 8572 444
1187 9152 -524
8114 6382 916
8319 6171 154
5383 8142 -712
7762 1782 -952
5399 570 -377
8983 4865 367
2544 4587 188
445 8774 892
1762 7067 -840
4927 832 357
9188 1048 -902
2367 7881 891
1338 7839 310
6118 508 288
8498 5126 271
2334 7455 -43
4416 6578 -345
163 2927 -916
7007 2582 829
675 4866 415
8653 1722 -809
1495 5452 416
5736 7240 956
2537 1912 349
4096 8766 -384
1540 9465 708
2749 30 -25
6580 2498 555
432 4025 -298
8778 7321 19
7432 3855 -967
4352 4438 -738
9197 8881 -508
6099 4523 -515
5431 5077 45
5603 293 -282
2212 5290 574
1484 5383 214
2688 5196 -410
1053 2494 -421
6657 5805 258
6805 1417 563
9357 1075 -968
5493 7907 -689
870 6706 -362
6308 5152 894
1853 8380 -356
2859 1647 -628
2883 46 541
5820 4876 786
187 4952 226
7525 1799 874
9198 8977 -786
7493 2776 -753
8582 3817 -583
5927 4346 147
8249 1604 -80
7816 870 -851
947 8167 -350
1373 6808 -170
2874 2191 -601
9088 2819 -682
3245 8799 460
5453 4293 -424
4208 7953 -176
955 1397 -273
4338 1701 89
1978 6361 -31
4519 6966 -992
1483 4952 47
4611 2155 592
5819 3325 756
7177 2078 -686
5874 6188 4
3293 2437 670
4156 4086 -283
8390 6666 -937
1916 5157 149
6234 8679 -844
4295 1163 -180
5575 1150 -238
7025 3435 364
6244 586 -601
9173 7332 947
8690 6401 307
8788 7830 241
8146 7870 -920
1560 218 -260
7436 57 -722
576 2324 -797
8101 2845 -140
8912 4791 -635
3076 8368 -579
9454 2652 121
8022 148 -632
4139 1857 -558
5171 1170 -232
8771 3253 -41
4139 2244 535
7973 5303 687
9125 850 597
3991 932 -169
2278 1054 910
5269 9400 -389
7316 3032 178
7363 8528 220
7545 6519 -359
9325 1516 851
4203 7768 555
2419 7902 398
9503 2667 -157
36 3172 -194
8484 7157 -346
1400 6024 -231
7551 743 -391
1925 2486 751
6794 5261 -50
9220 4686 160
8140 4354 154
8991 8058 24
4012 4813 -440
7712 477 387
8341 2828 -88
4112 7623 935
7839 5580 -556
7011 7276 -409
3590 1058 437
6188 6109 812
2431 1235 -845
362 8727 724
7537 294 -738
4704 2622 -507
6509 3097 -400
7843 547 -579
2447 2979 -524
6783 403 -63
5133 7022 482
6882 9346 -612
8179 3438 488
3630 483 -120
9102 4940 0
1460 7271 -592
6754 3987 -195
7372 6163 705
562 488 190
3551 1374 -300
8452 6548 -402
2258 5341 -392
6413 5883 373
1968 7009 -299
6585 8053 434
2928 2523 428
5174 7163 475
1709 3842 -23
749 8513 172
3356 8218 745
1881 9116 -811
7553 6867 909
6588 8913 333
7948 9064 -649
4842 2544 -964
6739 4606 -587
9222 4861 -508
1750 3621 393
4759 2778 999
7198 4326 -229
958 4270 -535
5109 5545 223
916 7129 416
4199 4165 925
2735 5601 935
4020 28 -401
7383 7772 32
7882 7249 993
6826 8813 -39
7419 7027 668
6735 4596 406
3245 2577 609
3783 3347 -356
7982 2464 136
3966 3868 -531
1673 327 662
7970 5849 655
445 9482 -955
3176 2588 598
725 7081 -814
1311 6466 -32
1250 3850 280
9349 5268 -944
8379 1389 682
7248 5447 490
4799 6474 913
4117 799 32
2436 6501 188
2120 8362 67
949 4609 -51
961 4254 510
6773 3477 809
5081 8471 414
7870 6869 -197
2747 5566 -55
7713 7787 611
4516 9371 246
3523 1754 55
771 8676 -653
6870 151 185
679 9464 619
5503 4500 6
7631 1088 547
1879 592 -23
373 6380 401
8695 2216 6
2504 2205 -389
8419 5741 -441
5943 1677 -75
9462 3152 -252
6136 385 716
3919 1080 234
7810 8883 924
4333 6879 -111
9186 4723 374
4667 7166 -643
3588 7921 583
5759 2119 -564
6093 6721 -236
7143 904 -124
3759 2193 745
6604 13 1
159 384 -501
3722 6524 492
3892 8028 -776
1416 3136 -860
3281 2578 984
7353 6162 -178
8019 2355 -188
9458 2910 -36
1033 9207 -542
3119 6501 890
4357 5234 759
9439 9074 -261
2542 925 810
6599 8814 588
4899 3329 623
628 2656 703
3773 3899 985
3181 6784 575
7776 5261 335
4819 6255 73
8249 3736 -993
6821 1950 699
7269 6499 821
2802 6826 -758
987 4502 129
2633 7205 14
5794 2776 -308
6628 3801 803
5087 3471 -216
264 5939 -396
6215 1819 -760
4565 4685 173
3174 7960 8
6970 7593 -508
752 9105 782
4387 8593 -991
1235 3647 853
812 5626 403
7198 6519 -982
9078 6712 482
6885 8497 -956
6725 4224 -972
9371 8301 -572
2460 8807 30
4395 3752 596
855 8581 -683
3575 2838 -557
2884 8762 675
270 1207 821
5828 4963 -158
8547 4497 -717
6059 7004 -613
308 4311 -791
1114 5907 -460
3692 8545 825
2333 3358 896
1400 5288 -700
4554 6013 -331
6202 3293 -930
2559 1332 202
3677 8728 -209
8096 114 -729
4086 9361 143
6987 7741 153
429 6526 191
9320 1997 651
6047 3936 -120
5491 4645 795
5954 6320 566
4977 7290 -1
967 5773 125
5263 8972 -761
7467 5371 -348
4476 1809 495
8394 2377 574
5537 8345 -287
3757 3904 -632
8767 7151 345
1243 7108 -382
8 1688 -958
6340 4914 -939
6720 3873 -957
8656 3364 57
1367 1877 -286
2667 2710 930
3348 7175 234
4708 1720 811
8862 951 -309
6435 1770 24
8435 2329 -467
368 8065 884
7708 6750 -654
3180 5805 76
2754 3394 151
2421 4891 -952
8644 1890 -435
657 6587 432
4814 4974 -770
8435 1634 432
7979 7459 566
5546 8184 -661
3646 2794 181
3168 7100 -851
563 8537 479
3437 7484 -439
7464 3391 -483
8370 2552 253
7505 3601 212
3679 8602 286
1793 6834 -30
8050 8180 -392
3345 6424 -451
7803 2717 -457
4307 1391 707
1364 6786 61
4413 7684 -479
7032 6888 412
5629 1693 -737
5516 1928 -849
8581 7371 840
8356 7455 -960
8155 7456 -421
5882 4576 -787
1768 4825 -404
7563 1223 343
95 4732 554
2520 8777 127
31 1504 -712
3512 5891 -566
2434 7590 -47
2890 8634 -26
6999 1901 -531
3582 512 457
5026 5375 563
4295 4349 -613
2348 2944 480
3753 1733 66
4547 3151 339
9300 5598 636
6775 694 -272
6653 1816 509
5442 5900 -93
8688 2796 -503
9419 5967 -765
3455 7068 -376
2578 1270 400
5521 7372 613
7053 5441 759
4281 9222 837
1596 5618 -782
8741 7546 412
3550 5996 -93
884 6545 78
8404 7782 588
8839 1643 304
1296 5502 644
6823 4548 616
2184 6129 -490
5199 8054 -448
6196 7377 -637
5617 3313 423
4997 833 852
8247 2293 135
1686 4650 299
6343 7714 -501
6426 7148 771
5059 1012 -100
2835 2166 567
3036 7308 -401
670 3576 809
2561 3119 -753
4394 9327 -439
6123 2806 -826
2917 3201 -54
6224 8037 682
8906 8760 918
8159 2925 -597
2284 8294 -284
4504 7824 -828
731 7223 889
3406 2189 277
2013 4563 588
3854 8432 -627
4368 7950 191
2827 2520 -863
3938 8106 814
29 6373 41
4093 3422 -536
5101 9183 -990
704 5616 181
519 257 -690
1502 2796 112
5413 9190 -537
3885 6405 927
1645 7829 -277
6647 2066 -565
9422 5135 -49
6121 5230 20
1908 300 878
9442 8607 -25
528 6886 -338
6871 1630 -780
6891 8645 -999
2993 3436 -733
6292 9104 521
9480 6137 -577
1555 2722 740
7888 394 -347
5280 4234 486
8702 7005 -392
7541 1434 -267
8863 8642 694
9191 711 343
5439 956 564
322 760 -410
7061 3586 462
9503 5056 501
9089 1373 449
242 5878 716
6212 2269 -49
2590 4173 -224
1601 3129 849
7622 2313 -859
8897 7960 -615
2482 4061 -315
7111 7085 384
6220 7710 -638
2795 8504 510
2397 6506 -366
8604 5333 380
5138 3800 -145
2991 8420 -17
2662 2836 814
9133 7955 -450
6739 8078 -275
6058 7155 -180
462 9208 -812
3659 1099 746
4026 8294 392
354 5398 331
414 858 916
218 3637 -67
2208 2345 -819
6659 4222 -450
8736 8241 -993
8203 5436 -343
3016 5241 577
4073 9507 -187
2760 5344 754
4104 6392 810
9516 1601 793
5730 4544 922
2724 9425 846
3219 3776 22
1272 3502 -877
7294 2169 -11
8100 6402 724
8649 1631 455
6997 1382 -719
6158 5883 -89
2618 1316 -916
8102 6564 -698
1593 6004 63
3024 4060 -779
6513 4986 280
6744 2934 -998
2068 3393 233
1525 8154 617
5658 9032 -165
8173 9145 396
3549 7 848
5498 1634 -435
4878 1876 -460
6986 3801 392
3464 555 529
1295 1498 -246
5964 4471 774
8614 4171 -579
7563 480 -554
4576 6139 -978
8151 4149 964
7914 2396 -573
9432 5598 114
7200 9132 -27
4032 7257 192
6352 4971 -395
1816 4668 886
170 4409 -388
4442 7654 -422
201 2075 596
9334 4335 387
4173 1346 -300
1548 8665 626
1364 6083 -413
3469 6696 488
4475 5301 152
90 297 -832
9332 2964 -634
9406 4163 177
3408 4895 -371
3016 1738 552
3092 5225 -410
805 6215 558
196 2729 -56
7045 3970 633
4038 4269 -145
9150 8650 233
9046 6130 66
942 7847 -601
1473 8369 523
6798 588 259
1750 2488 -784
7351 5342 -387
7270 2764 -788
9156 5518 606
170 8578 813
5692 8611 -47
3667 5764 745
4741 296 -873
1523 4826 -922
1600 1904 -150
2603 2870 675
6286 6360 -358
5876 4260 321
2667 8853 454
9507 3118 634
311 3968 -162
3273 8020 -849
7176 7149 -846
903 7111 933
7583 3216 -624
4842 5074 26
636 8592 -213
702 2732 874
5002 6530 717
4670 6104 -886
616 8376 -985
7006 4255 -464
2352 4756 760
1658 9420 939
1811 3090 7
972 778 -669
60 5020 162
2070 3740 21
1271 2544 659
227 1376 155
1143 6905 484
8649 6535 674
2133 6384 448
1968 1284 -32
6583 3404 471
3011 3081 625
7696 7040 -886
7888 5435 846
5463 5482 -804
9284 1350 654
7958 3927 721
6352 5717 350
4255 7794 337
4924 527 -920
1256 6576 7
1916 965 106
5858 2773 -148
6959 2503 844
400 5859 574
1868 7940 -661
3870 6665 -261
4479 4179 881
8319 6915 -642
2334 2875 -124
5023 1484 -62
2213 6054 -579
2358 9230 312
8603 339 -80
1117 8170 -732
6122 2449 -613
6097 529 637
431 5460 882
7567 7437 -809
8817 6931 153
8877 4900 559
3779 7297 364
4852 4407 777
7261 8395 -824
7570 6296 -165
6890 5789 -282
3320 3619 659
5164 7560 22
2894 2790 -496
326 2333 489
9066 4065 253
7932 2901 65
468 6799 164
962 3707 -932
879 6771 -258
1427 3737 321
5771 5541 383
2954 8452 106
8768 5 642
8852 2611 933
3441 3733 -852
9148 905 -260
3040 8202 -733
9413 4576 -256
7993 9369 -182
330 8426 -547
2693 4321 217
8532 6093 146
2691 1082 -677
4277 3246 -248
3547 6144 820
1085 5873 -562
7260 1125 -246
7033 6648 861
8199 5483 -967
9032 5766 419
3241 3188 -945
4643 4774 523
8537 2823 -81
1079 1727 942
1599 538 -867
8372 1543 436
7256 8320 152
8632 6528 -301
8651 6402 -661
3573 5316 -856
1428 7122 -887
2709 8727 695
4150 4468 818
6564 7498 543
7948 3606 -336
2724 9000 -393
804 3587 105
3547 4074 -409
4687 3252 -897
9422 9048 774
7668 1532 367
6816 9511 213
4436 5806 480
8356 3312 -477
9011 6435 111
3961 9052 -989
425 8112 600
9000 7923 928
7468 3834 -494
7209 3342 -10
1083 8086 85
3348 7312 753
1476 7392 -108
8948 172 278
8680 1316 548
5774 2510 142
4108 1503 -614
8399 1874 496
553 2366 878
6476 6714 -235
2113 385 119
3298 5427 -165
2700 4163 406
925 5904 -603
2420 2182 487
7324 4110 860
3708 4328 228
6266 7761 129
510 739 -637
4750 7323 -578
6743 9177 967
9395 217 380
4649 6879 987
8556 1661 -569
6553 8938 -394
6458 6602 -889
6681 5684 -133
6965 72 956
1819 3171 -992
8249 6706 981
8285 1491 701
3777 2978 -445
1642 3999 -597
4887 7572 -407
4590 4816 430
782 3742 -285
4190 1260 -647
3098 6619 -306
7444 7717 28
3806 4003 493
2001 588 -638
8542 2831 357
2274 6934 27
1586 489 639
2931 2896 754
48 5159 772
6282 2879 192
8696 9502 427
8722 2471 -868
3562 6378 -576
8278 3621 185
2992 9403 195
6261 1423 529
5284 5568 -296
2393 3012 567
4017 1635 -608
6517 2399 -618
6289 5191 -248
3802 2003 -791
3649 5441 -419
9186 720 -636
5379 1142 920
1834 6883 -104
8839 9056 -481
7343 1945 -659
900 8432 -402
2116 5616 -872
2893 3580 -596
9388 4877 744
2528 694 680
667 9198 -22
2525 7073 -923
4146 1322 -56
7528 4978 168
2186 9504 -556
7468 5792 230
9260 7037 -126
9010 30 -512
3874 2163 696
353 7497 -319
1292 6080 -587
7174 8052 464
8944 6698 509
339 2519 -618
7271 4445 -169
2308 4352 -788
8530 7934 -457
6017 3993 -856
2351 5531 525
2342 2084 698
5837 2841 635
5235 6743 -153
2817 3010 -395
4536 7496 190
5774 3947 792
213 2229 -618
1369 6945 -151
7088 6694 42
4635 3529 -687
517 5414 -948
6813 3149 817
8812 7904 -656
3678 8185 688
1785 1288 -798
7278 152 -949
5934 3699 461
1230 8119 19
3804 362 -421
5733 2257 -375
3761 1505 111
8812 261 349
1592 856 747
5196 6016 -984
880 2005 -580
9453 6469 -222
5954 2174 -675
6039 994 680
8416 2741 -546
2695 5137 318
4498 5279 -783
3219 1315 -340
6816 2547 542
5988 6366 224
5778 2990 495
7513 7654 -534
5086 5595 272
4394 8629 557
7879 825 951
5628 4096 -255
8333 3634 907
564 6679 -399
4740 7403 933
1063 8229 638
675 5364 -828
4551 6372 868
6991 7929 968
3475 4543 759
2590 5447 123
4485 3682 959
2496 6999 93
4597 2734 793
2492 1128 -821
9432 8795 158
4611 6918 -219
7192 4579 -348
3684 3198 92
6827 2558 581
9232 6763 -115
4803 5704 885
3398 1716 -746
6500 3508 249
46 1626 8
1590 1425 -126
1180 4072 488
299 7439 -270
7282 6011 -217
1735 7316 -266
8831 6766 -302
7973 6738 714
954 9032 849
8389 703 -365
8548 4163 -908
4511 1087 -144
2139 7484 248
9010 7634 975
7271 2731 543
31 1264 -494
4457 3233 -823
7509 4671 -484
4977 2924 314
325 5570 802
5209 7653 875
7959 5501 -275
3284 7974 529
5801 5783 800
6158 2632 408
2610 5182 503
7510 3564 307
3848 1478 -530
7545 5338 81
1866 2608 -854
1714 4484 -75
1654 3135 -949
3824 1152 737
8935 6850 -614
9511 3450 -163
4341 3985 -344
7521 578 152
7188 941 815
1868 7592 -254
53 5861 158
4491 6334 843
9483 1481 650
3211 6264 956
9016 6615 110
8788 6205 151
3446 4713 15
4328 2439 99
4629 2757 -478
1579 8190 -850
4144 1864 -798
4236 7306 513
8918 1676 -754
1679 8460 982
3304 1160 -698
1325 7378 -55
8645 3250 -451
8753 9203 461
2390 2915 118
3032 83 474
4213 6535 864
4362 3620 -72
3011 9139 -647
5425 2646 -335
4660 9158 -278
7479 156 746
6494 2569 133
4676 7562 184
6711 7876 -222
7306 2609 777
3698 5363 -415
5517 6978 265
1147 1370 635
2544 8467 -922
8450 7242 -464
5166 1025 767
5784 7213 238
2033 4179 -834
4441 8301 767
4753 4778 -304
3958 7056 -969
8147 6650 827
5366 3805 756
1934 1772 -300
682 234 -914
8792 8759 405
7468 1926 -280
1178 8080 125
7797 963 -744
5399 5535 -715
5296 3557 334
3791 2955 -509
5515 3777 -718
7033 7614 86
5207 8709 518
8209 8088 612
1085 1629 780
2371 2972 -232
4746 6180 115
332 2442 428
8012 9249 991
719 433 -471
8447 6806 -3
7482 2254 963
454 7869 227
3063 7593 866
7116 178 -414
4426 1265 -490
3214 1321 -250
1980 4148 829
2918 8182 813
5619 945 160
8577 3212 -814
5835 8525 -867
5248 1429 529
1666 1798 21
6782 7281 -286
1689 3811 -190
2066 7892 459
1384 3287 -383
7767 3479 913
7631 2974 -678
509 1747 -331
2404 19 768
7170 2670 -800
9349 8354 121
1478 96 923
5579 8734 -58
1771 7525 -619
1807 1297 -49
5721 8895 -222
1614 5576 623
5428 5389 -644
1729 6747 -60
7114 5299 291
5418 4999 444
9317 5532 -996
7137 371 666
1156 4953 -553
6495 9480 14
7943 4911 486
1905 3715 -911
2962 8611 511
9488 8766 -641
1993 4021 122
4379 7837 -194
3089 2797 -587
2950 8432 719
3025 7807 -550
8782 4486 243
7507 3039 199
2100 660 409
4734 1839 79
1671 9062 187
5700 6337 172
6164 3798 -177
5439 5646 -814
857 8846 987
8066 5609 -363
6103 7049 795
2753 697 -77
2591 1448 962
3632 6375 875
6427 8277 -799
5930 3758 965
497 3390 170
8323 6475 612
876 9319 238
4093 7785 430
919 1657 -887
4798 8547 98
3558 3196 299
2766 4574 538
826 5415 -21
8626 8899 -446
8401 1870 974
6986 8008 933
1302 9411 -159
6923 5042 996
2827 445 19
5716 5101 559
4260 3451 -524
794 5660 230
5465 9041 -495
8136 6665 701
2243 5490 -106
6960 5604 709
2524 7847 -161
1160 4349 426
1635 6110 634
8925 4428 -512
2698 2340 -319
1946 4129 435
136 2934 -947
5703 1702 8
5892 2710 449
7637 7799 -287
2766 3640 243
86 325 911
4652 7128 883
1445 4471 -891
4155 64 505
212 1615 374
6397 1411 576
6498 1213 583
5656 2114 -339
7106 8503 873
8035 5333 240
2620 4769 38
4078 8048 -700
8657 1790 632
3344 4938 -134
3467 6966 333
9101 3443 963
4051 4832 132
9362 8186 305
5244 9163 79
7350 6871 -180
7691 5986 492
5496 6302 869
3710 2845 -679
4741 3167 507
6542 5482 -728
2228 7035 -387
3025 7375 154
207 1328 862
9471 4663 -903
5151 8522 -75
7334 2706 -433
8828 4719 729
1869 5353 667
3424 4717 756
143 8354 513
70 3912 366
5827 6647 448
4762 7975 -309
4461 2357 363
1979 2804 -542
8152 5334 -950
5759 3080 324
4029 3806 -379
6124 3771 -881
5746 3296 837
2368 8722 612
6328 7092 -147
7956 3620 394
73 3875 99
4306 6623 543
7678 1805 616
2589 542 -981
7562 3558 797
8511 2318 -614
6839 4203 594
6140 7458 99
6965 6224 -347
5290 3059 674
3258 963 373
5849 5836 -399
3022 7841 -948
6968 3145 647
13 3265 -192
7316 8322 -752
3978 1341 137
7672 1523 -691
4824 4844 -29
8870 7341 -781
867 3579 830
4611 634 -988
6928 4609 -986
2349 7818 -100
1779 7290 -891
3128 4047 472
7604 121 -153
5323 1542 862
4187 1851 225
3258 751 -401
8999 5959 455
4370 946 -838
3125 8803 -413
7631 1216 962
2359 1392 -575
6317 5476 -305
725 684 937
7261 4206 122
8083 8878 433
2362 3425 468
9028 9360 660
1249 4535 469
9481 545 468
221 4379 50
4902 8144 -975
4458 1993 -299
3229 2475 511
6712 7249 230
1985 3597 -872
539 7347 -749
7568 1956 -437
3179 4000 63
4581 6224 -438
5160 4342 38
7481 4338 -661
4920 3129 67
6784 1968 -489
4144 1513 -267
5997 4576 -531
3323 3281 -913
4703 7152 707
4692 4634 593
5701 7966 985
6306 2300 -666
9402 5711 -464
1067 3585 -765
4820 383 497
2838 3528 995
9028 8331 -761
370 6833 862
5664 8345 -100
720 2967 -353
4036 7214 -39
7384 3811 333
5479 3743 468
5189 4909 -102
4062 4078 361
1873 7392 -203
1295 7990 -442
6477 1534 98
192 1811 -752
8419 4672 -416
2168 3222 160
2474 343 411
2839 554 719
1929 6614 -813
6571 6028 -70
7396 9161 168
4657 7860 -699
5503 7133 453
111 1698 -39
1365 5103 -235
546 6187 -780
2198 5541 -325
2309 408 -545
3005 8115 -60
731 7458 -697
8243 2261 -483
3543 8329 -97
3072 6064 196
3210 7576 482
1158 5235 -349
273 3342 522
7069 1519 307
278 500 212
2840 3892 243
5740 636 40
2398 4415 867
4220 2949 213
2335 4729 -954
129 7716 205
8313 7559 402
2537 3724 -333
4047 1298 -883
2493 4422 -351
9126 5237 672
4160 3186 -950
2151 2245 -209
7703 5473 831
219 4137 170
8620 9107 258
5744 9295 -75
7140 8128 798
9191 9111 542
3465 9243 805
8009 3508 -289
7272 5050 -731
6756 6246 210
8060 184 -792
7437 9444 447
6211 3468 435
2259 3616 -556
680 7685 749
6007 8835 942
2704 2668 545
188 513 517
428 3501 423
1828 7320 545
3109 3864 888
9243 6767 -985
8714 2290 164
2061 3841 99
1266 4219 -975
1343 840 -929
7236 2476 58
7267 3321 124
3000 306 -339
6446 483 403
6988 3634 -793
3369 9338 158
7940 7412 80
4956 4121 -512
5999 2901 -883
1115 2285 -199
1657 4527 346
2905 7295 435
5526 687 441
8317 6288 -985
8509 2448 -466
5630 526 828
2691 185 818
9140 3153 -203
9187 2733 -910
9101 81 -441
8866 5490 -646
6083 1347 -181
4490 3742 -535
446 8510 934
6897 2301 939
5367 876 432
1098 1606 369
5993 5444 947
1983 9283 137
7551 7289 -607
7692 1355 503
5361 6527 424
6678 7353 -304
6663 2486 -656
1637 8283 556
4843 6562 630
632 1486 -580
4092 2781 -780
4958 104 491
3154 9426 -318
5308 1175 -990
7863 4637 -101
4326 1038 778
4171 6277 -91
9299 6757 -277
8751 240 48
8290 6571 -373
5030 8051 -857
8931 2635 155
7330 8190 -789
2775 8026 350
8184 7574 -466
825 7601 486
6256 3394 818
5081 711 250
1230 8354 632
4718 6166 639
7166 8947 20
210 1244 -972
2602 7798 570
7033 1805 303
3508 8452 947
4552 3782 989
4620 2298 100
1701 2500 38
5432 3505 -229
9069 3759 -266
6706 5771 68
596 2407 -968
6426 9334 912
2326 9067 682
2811 3721 -382
6852 5526 917
3720 7045 -575
6538 4470 690
4683 1927 633
6960 7158 191
6322 5840 199
7578 3066 -349
4568 4296 833
9222 8553 -811
7188 3317 -95
7662 8546 213
1374 9312 -456
1344 8341 828
1990 8977 143
8496 6429 -423
3509 3436 712
6316 2557 624
5761 9241 -753
2037 414 -844
2687 7056 -770
4164 6150 483
1434 1122 -83
722 8988 -515
2239 2392 102
6067 2474 -494
5667 6868 862
273 27 -896
5698 2832 343
9292 5105 -15
277 5035 729
477 163 402
738 5133 306
8945 6026 339
4762 2537 537
5997 6634 39
8809 7696 -83
6571 2391 -519
4959 9451 -696
8217 3433 197
6901 4821 651
4263 6532 835
7358 3168 923
6991 8503 -335
5372 620 282
9095 5667 673
4426 9397 497
8700 9082 -198
7054 4144 215
3941 5240 -980
3810 7813 -801
8779 3873 667
3600 7162 -148
2024 9192 -296
3606 2847 -129
6475 4776 -754
7900 1006 816
673 7949 -83
6254 8657 -64
3124 9130 -614
479 6396 301
3421 58 699
7821 3293 920
3195 6920 496
3525 6822 197
1463 4962 -12
2771 2761 724
1664 2757 134
5800 1782 -178
3077 3815 917
5156 3607 914
9010 7262 -509
2469 7877 -106
1987 6817 -6
3088 3399 993
772 6444 826
8811 1373 -869
1359 3376 310
5191 2426 398
2145 4901 -718
4814 5843 -94
5633 8092 920
1246 3953 414
1670 6042 144
1677 2774 -134
8834 3141 835
4726 4832 -642
4042 5557 -893
5107 3328 -840
6019 7249 285
7864 35 251
5558 395 973
7490 969 -844
7933 7678 -349
2789 5194 613
4017 4999 -885
5808 2765 -589
607 230 396
5665 1626 440
2646 8499 316
7576 7253 -684
5244 8104 127
1597 6885 -157
1204 6463 -517
2237 5859 -229
8417 3836 -637
6577 7036 -368
6645 6022 -40
8734 4039 734
7096 6873 -612
1834 3279 260
7961 3435 70
6359 5780 -959
6100 2817 506
174 5432 -67
4622 2992 163
8677 5314 7
766 8691 -268
8326 8983 -804
5562 8730 494
5911 223 75
8553 6522 773
1193 306 882
2932 6321 -317
8973 9263 -745
1589 8120 629
5411 2504 -858
4166 7791 -626
7505 845 -697
5636 6890 -127
2231 1634 268
7021 5714 -334
8588 5451 981
613 5982 -674
6878 6728 -63
1887 6797 -980
9259 2657 -834
7069 5198 -501
268 8696 858
4287 4605 -79
2574 5193 708
2 5413 -693
7781 2006 -776
7842 7451 741
528 9455 -10
9466 4940 -281
7943 4630 646
4113 5729 -386
9285 8304 -904
3533 7638 292
9048 5860 171
2777 1111 -84
8129 6247 376
9074 1286 61
7438 7244 70
3671 8159 -717
2971 9238 690
2736 3251 -715
903 954 706
5748 7819 597
1347 7829 389
9295 1681 561
7868 4250 -348
7618 4737 166
5843 7466 789
1935 3866 748
6711 5644 -41
7735 1786 837
1076 1918 307
1907 7038 -847
8375 6311 527
7175 8884 202
8550 8065 -790
1291 5996 -493
184 1335 460
6172 2999 581
4819 8744 513
632 6002 905
6146 2529 883
3738 3272 815
6616 7520 -497
6666 5795 -909
8098 3917 -693
7618 451 358
7771 1931 -969
5859 8814 408
5434 8078 122
5143 3327 566
2379 8660 210
2248 6697 237
308 7449 -669
9380 6150 -168
5052 4918 761
4592 5645 259
8435 3754 992
7900 1372 507
3516 7627 115
5609 6899 828
3908 7593 -819
3829 6285 -19
866 5200 678
8353 486 940
2693 449 866
2524 8988 -287
9041 4952 708
3598 8001 -357
7600 4555 629
5042 5866 973
3402 5144 -420
9332 4418 -806
9069 4508 -204
548 9032 -224
7289 5684 -763
4971 8821 650
3162 2122 -394
116 2391 98
8653 3701 764
7446 7911 961
7995 7719 -407
3522 8363 991
6668 8946 -815
4566 6724 623
4458 5660 -868
7603 6743 -487
5074 4320 -987
1167 120 905
5307 5529 -991
7182 4207 -759
8272 8711 -335
5017 8700 362
2015 8762 304
9457 5589 408
550 6233 878
7430 3735 -753
240 7118 -701
7213 6015 946
2334 7159 -416
3959 855 714
3445 8064 -949
295 5826 614
4574 7011 -229
2297 4468 -369
1541 3348 117
898 4561 95
170 2665 390
1960 5448 600
2125 2151 618
6210 5601 980
4068 4131 841
5573 2024 -88
187 2412 310
7312 6611 874
2230 1436 34
8244 1924 198
7523 6354 -472
4199 5693 -973
3926 6797 46
2809 478 -416
2935 2583 -988
2353 2923 501
6180 6090 301
9143 4996 -545
6467 9460 140
6678 6969 -700
6838 2528 -736
544 7394 367
6768 5255 -153
5059 8006 -698
1295 5942 401
5546 8352 -278
1895 7845 90
7285 3334 -622
7800 4826 60
3806 3551 180
2365 2282 70
8321 7585 133
281 5262 847
3298 762 -760
1751 7096 52
5973 7913 -313
529 3342 566
2140 4030 431
5538 6503 722
522 2644 951
3099 6606 -909
1157 2234 880
5917 6694 -989
543 6801 253
1081 7401 805
738 7613 1000
4410 8464 977
849 3857 910
2715 2739 245
697 4564 -357
6954 871 340
2469 6880 982
4692 2596 159
6091 4682 -730
1806 8700 557
8082 2785 928
2612 6748 524
8276 2213 498
2522 6637 -490
3185 9022 66
910 1804 -680
541 4667 -806
6219 3973 812
7333 9201 -693
5925 8051 70
4560 7516 -65
5001 7111 402
4568 2648 -562
1883 5557 -113
6873 8583 -565
3738 7240 230
5577 7411 685
8228 4764 -631
5161 1284 787
560 9148 -837
8841 6825 -906
6201 669 -229
3042 8816 858
7721 8061 -356
5706 4062 952
8576 2752 273
2780 6433 -265
3177 315 112
7377 1113 644
3926 4681 -706
5748 7858 293
1801 2024 -594
1268 1786 81
7435 6312 -327
317 8588 955
6563 1584 263
7214 8601 -874
5351 5174 -76
1619 5055 -643
7304 6142 -322
609 3363 -723
5413 60 93
6146 178 597
2539 2690 486
7506 6384 -592
6677 6528 -424
1093 5634 -671
5484 5396 -330
7207 7619 930
8314 1879 -931
6156 3962 833
3498 2121 133
878 7383 -921
2865 2326 934
5079 3460 272
3576 8766 -586
4239 4680 188
6782 1234 536
1004 3584 -968
4868 4700 -689
1054 83 50
4350 1260 -492
4099 7428 -166
2771 36 -329
7235 7038 132
4422 9367 907
4905 1667 729
1845 2478 552
5702 8968 930
9317 8989 -189
2595 8557 221
8444 3826 909
5081 12 849
9166 1190 -264
4346 2459 -35
2905 5434 -265
2087 3189 353
3167 7207 -337
5884 1780 -958
6807 5118 -386
2393 732 -835
7839 1729 -692
8660 5926 471
7838 4899 980
5043 6477 944
5196 3812 126
4284 6730 -86
7641 8067 194
5832 6169 -132
7973 9373 688
9203 715 -644
708 821 -283
7919 5611 98
6097 5582 -306
6787 8705 89
6050 2072 760
3273 8938 -253
6539 3725 321
8814 2552 -71
2164 1880 -582
3206 8873 751
5782 5670 -672
3447 9415 -752
6680 1998 -611
1857 8755 404
3056 749 -27
8949 2599 -206
9291 7892 -290
3804 5079 563
3684 9211 -620
1366 5063 193
2620 2108 -346
6572 1479 -37
4084 6152 -109
3041 8137 532
5232 5481 -150
3808 411 201
3004 9338 -249
9496 5429 -618
333 4042 621
1482 2355 259
2758 8826 -219
6172 706 -987
2751 2299 -512
1010 7715 -8
4725 4887 -745
6343 1651 226
7752 3440 395
7205 2733 -832
2017 1008 -380
64 5843 -181
3664 2886 -363
5862 569 -369
6494 5006 713
2664 6609 -964
4369 7265 -715
4951 376 -329
9218 789 64
6775 7436 -650
5833 9062 -570
8714 8626 808
3037 9295 -35
3608 7570 -949
5915 1083 244
7194 4438 -626
410 5834 371
9361 3582 -259
2253 6922 -319
2614 4946 -871
1679 8622 335
3229 3361 757
8537 5694 574
7931 2731 -239
5638 1590 -428
8810 7047 541
7059 7285 -713
135 4002 -325
4735 8358 -699
7443 2555 -443
8450 2563 817
2744 2457 639
8268 2174 95
8141 4882 190
9327 7000 -800
7344 8698 -292
8424 8733 -516
5326 6374 -12
7174 5770 250
9420 7395 -558
9282 7100 377
5644 5839 -759
9108 7547 -311
3320 9302 859
1830 3160 793
9489 61 -271
7723 3298 688
5534 5606 -253
8524 3716 -856
40 4730 -632
6983 3628 415
585 8787 116
5836 5088 -612
2299 2918 -937
1239 6710 901
2325 2558 -114
4215 5708 964
4132 1411 220
4810 1536 531
5550 5158 257
5324 3674 802
7039 2570 477
7912 6720 258
8763 2320 860
367 2901 -163
1306 2575 -946
7020 7644 386
2655 3230 585
6897 282 -693
3730 779 729
6167 6017 -263
7003 3571 598
3209 9348 -80
2643 9374 -630
2828 7414 238
4988 6840 695
8266 4933 -546
1790 2825 -789
6096 2765 441
4207 7328 -800
8634 2871 -180
2625 4005 -162
8295 1090 -285
6007 929 428
5424 6582 -333
5776 1963 -793
1071 8779 -370
4120 567 844
6104 4495 757
6901 3862 647
5533 6813 835
3121 1740 175
9018 8103 -778
2333 2525 227
997 8702 -915
5690 1044 205
2086 5846 856
3568 5751 776
8517 6379 -733
1599 1444 -769
3550 3686 -588
4914 921 -214
7443 7315 -992
8708 2979 -453
1777 2802 -940
4698 698 -665
8802 5359 902
3358 8846 -478
3137 5044 942
8765 867 -313
5070 8928 -193
5114 2444 173
7846 4560 187
4797 6335 751
9425 2277 -383
8692 5429 915
3080 9106 540
8173 2008 -622
1770 2772 -705
1172 9096 926
3874 7739 380
8286 5386 -208
3725 1522 444
9108 2962 206
2903 8241 890
25 5403 884
9029 7935 -95
6631 2518 -351
1870 4516 -158
5948 3643 346
1206 5207 621
5353 7376 -22
5561 2112 784
4493 6268 410
8649 5483 -520
4654 6565 -33
2126 4038 -845
6923 6197 300
7114 5931 788
249 1381 823
5716 2843 439
8585 4365 285
8449 2923 617
3487 9184 -570
5243 841 22
5450 3132 -409
2328 2947 -706
1866 7107 917
2797 7823 40
4635 1463 -834
6412 1049 475
6401 9300 296
8567 6555 -296
984 6476 98
6839 256 41
9246 3539 595
7816 8129 571
8712 3788 107
3769 5859 385
1173 1315 -529
7835 2518 861
7596 6051 -938
2275 4189 774
8221 1895 -68
3564 5758 498
4482 1653 272
3910 3695 725
7460 5468 223
5021 6807 625
4860 4632 -594
594 7762 863
1001 5527 -902
7096 1936 -312
3254 4405 448
197 579 -581
368 9276 -626
8665 4112 951
2052 7185 -434
1408 2568 57
12 6125 77
1401 6602 -808
9030 9146 152
6526 8687 180
1783 868 -895
5680 6454 744
638 5880 -218
7348 8594 257
4432 7117 -327
3673 9346 -990
7546 1923 -358
6476 8302 274
5324 6468 -866
8045 4041 194
3816 1655 -651
924 485 866
498 8509 704
5091 9164 -506
2839 5632 -664
7220 638 869
2885 1323 -189
6568 208 793
6424 7323 -978
6609 983 -602
1301 5057 -400
3302 3789 9
4329 5239 -744
1308 1954 565
8554 7730 -84
3579 1706 -481
8672 5774 199
1211 2193 622
6215 7234 394
4978 643 624
3774 5677 -294
2683 5012 28
6782 9356 -713
5644 6217 213
7616 2946 -538
1797 755 118
844 4476 -434
7729 814 -244
4858 4028 -419
2625 4073 -173
1725 8406 952
5048 251 255
8623 9188 294
2615 8337 -16
7500 2484 -354
2798 6874 230
670 5709 -603
792 8212 922
7783 8299 554
2763 7911 -356
3259 8441 -394
4404 7988 113
3936 1624 -134
3476 933 -876
4561 841 243
577 8346 324
8098 4718 83
2941 1577 148
5673 7675 -721
5390 8851 -890
8133 6606 356
5475 5539 41
5523 6904 -859
6856 6516 442
3809 7530 -559
7737 3047 575
3219 2560 -214
8285 2773 298
1945 7968 -40
507 4883 177
4926 3150 880
4847 5543 -265
811 9082 -209
4519 1128 -655
1722 8395 -410
2071 8476 223
5181 9198 660
6993 7855 -559
8461 8447 -713
8628 7329 224
5932 7016 -717
274 784 -236
1659 9296 146
7540 3503 -629
2394 3875 124
3182 557 997
5738 6941 346
7826 7716 -643
1900 4431 771
6201 6527 690
4889 4024 -446
9102 1198 758
6907 7713 -925
746 2589 -413
6769 7944 997
6807 978 688
8028 1729 976
4117 7091 -359
5093 7789 -607
8665 8599 910
3396 4839 -308
3595 5510 843
9248 2087 440
3966 2366 -293
8268 1487 -991
4649 2600 -208
891 1300 -868
4725 2225 754
5812 2263 -802
3559 8149 900
150 4318 -407
8526 9125 185
2182 1493 579
2079 3826 847
4151 3874 288
5410 153 92
6798 9509 -66
234 2360 -958
6852 639 -383
942 8685 -468
6333 7491 -238
8156 6455 -891
2965 1618 435
9269 8090 56
3520 6339 -687
5743 2911 208
23 3070 180
6688 5347 -994
2134 212 470
8324 3849 45
1276 5870 464
5953 8457 154
3117 5366 584
1840 6524 -226
2624 3017 -753
4040 7308 -355
2186 7174 114
3807 5429 687
6566 5409 -778
7572 4034 806
6678 3968 -493
6296 1761 86
5526 6803 -904
9266 8798 -358
2188 8580 132
5351 8985 649
8850 8342 698
8334 7250 -261
7302 7414 241
8328 2506 340
6220 5282 -269
4529 286 235
2668 8161 264
3290 4766 -978
2163 7904 -473
7970 2291 -890
814 3418 -97
4371 7227 989
936 1019 -625
77 2468 9
5356 665 -293
8155 1348 -934
6375 7373 -181
646 4129 127
4161 3474 427
5836 6054 -869
5520 1980 281
1599 5199 813
8857 2455 790
7616 2608 -630
9250 3774 -733
5153 1009 700
5243 4259 495
5026 252 -934
6226 2836 752
2863 2964 206
2314 7031 821
8946 8546 -475
6313 1592 -356
7679 3786 -759
3463 6742 -487
4378 5867 276
2056 7214 338
4676 6732 426
8558 8568 693
8145 2066 874
9055 6113 251
7766 466 828
8093 287 -519
7467 4595 -262
1890 5664 -948
4957 7673 313
6482 4736 963
6792 4698 -66
3680 8916 -898
455 1876 289
195 1059 -462
21 5023 266
421 8669 395
4121 7439 -450
5918 74 692
5819 19 -58
1948 6200 453
26 3934 -646
8416 1721 610
7489 1931 977
3388 5567 363
3966 8817 625
7636 1331 780
9087 7380 497
7667 8759 -406
5210 4763 305
3151 9504 -329
1642 5974 -153
9288 1558 -285
3867 3027 -217
1990 7429 -238
8634 4348 67
3249 8200 -732
5120 3426 -124
5351 2683 384
1278 8923 602
8172 649 346
2479 1290 703
9231 2077 -340
5397 101 472
2968 749 -483
573 325 -929
3339 3048 93
3260 6621 -885
2931 6276 -28
6164 5722 508
2669 6464 -384
7082 8679 15
2273 2088 175
7447 4503 258
3076 8568 -441
638 6135 343
4067 151 -316
2327 4082 113
7290 1323 465
7942 3972 -192
2883 682 -648
5495 1988 -188
7199 2116 737
3249 8829 -280
7777 7140 -886
2678 8453 46
5654 3571 -170
6318 895 317
6638 6527 -535
8763 426 -730
2696 1567 444
5084 2638 -479
3829 2488 -432
9242 8819 -739
7090 2921 587
9482 3325 -211
3336 3701 795
604 7637 974
8376 6014 312
967 1045 -95
8895 9158 582
2016 6052 -640
612 8803 -623
3682 3914 -401
5753 8294 -180
789 8760 -587
8155 1699 -491
4433 6313 -101
6950 4879 451
3336 4871 -947
4412 994 799
5394 6959 395
3170 7499 -671
6929 7804 -486
2143 2695 -766
1149 7091 564
7054 5095 473
9329 7112 555
2438 8758 -241
501 919 -628
8014 8679 -229
9502 2262 262
3228 3855 863
1469 199 -749
3232 4573 -947
163 7524 -781
6472 7548 529
8432 2956 -611
2994 5898 241
7657 8319 -229
6181 9326 -851
9096 1157 216
3607 4802 461
3212 2088 983
7353 2157 -415
626 5593 698
8334 8631 -971
4271 2348 -309
8021 5345 937
5095 1763 368
5410 5460 -995
6951 4344 612
8940 5814 -267
1119 6348 171
998 6055 -650
4474 125 87
6753 9333 95
8035 4724 634
7117 987 -81
9254 1234 548
7894 3956 715
288 5921 549
2856 229 239
1320 4197 422
9332 1183 922
7602 6799 72
7691 502 858
5697 1469 537
8315 3790 -27
7217 7773 -970
5660 2731 -366
6708 6228 -650
1038 7996 858
1627 2995 -646
3198 3943 -954
7542 4770 873
3397 9359 82
106 6697 -431
5810 9435 194
8666 9052 -403
9351 7297 -254
8264 3630 917
4237 4733 -504
8896 7263 -935
3660 3997 -96
5797 1393 402
9481 9233 -402
2123 6362 864
1786 5080 -723
2409 5389 1000
6833 2357 476
2998 1305 -810
8441 8145 -598
7483 7929 93
8449 1977 429
6227 6006 -795
6189 1896 -742
853 6694 739
9398 8847 798
1186 6154 110
6145 4227 -125
6037 648 534
6957 4829 547
414 9205 781
3447 8206 532
3918 4593 118
1129 1289 959
3561 8935 409
4842 8004 82
9138 1406 389
6693 7468 876
8473 442 149
5307 4051 -661
1527 6130 -311
4399 6719 735
7111 1343 707
7313 7238 -979
6160 8617 -985
2666 1154 145
2237 6145 -665
2576 9 549
3072 232 -786
7718 3647 -645
1755 8256 620
2178 567 810
3952 7759 869
3746 3661 781
1855 1743 140
8156 3458 23
6064 8185 -471
106 3774 584
8239 617 404
4734 8608 732
1847 4979 -547
3433 7550 -318
1506 4553 9
7359 6254 -562
8655 4487 -221
362 2769 9
5623 7845 185
6916 3861 -504
8202 8434 846
3347 6748 -836
2418 9269 -269
632 8489 -648
1191 3506 152
4301 1157 -94
345 3518 -242
1775 4680 -215
3740 8595 813
4736 2218 -377
3350 1330 -677
9512 8737 -469
4141 1934 921
6437 7819 -841
1951 6922 -673
6902 7372 -289
3455 7143 576
4371 4920 355
7516 6054 -162
281 5566 -519
1387 6796 630
5239 7765 295
7196 8790 -313
7222 3393 -112
6972 1351 -316
4687 5981 -750
7860 3760 -576
478 1808 803
6728 9309 907
5713 7808 -561
8118 6267 -191
6913 3974 -586
6289 9491 -342
4938 6767 824
4676 9473 -253
2563 2943 136
670 5812 -61
6639 1551 354
3360 1450 248
6390 1652 154
2188 5347 -707
7290 5598 406
3044 4865 155
4493 7815 970
4908 7659 -797
1602 4454 743
1905 5932 106
6002 1936 -190
3674 669 -374
1733 6453 52
3558 6111 -395
7308 461 -584
8474 686 163
7142 7602 188
3123 8418 692
390 3940 1
1045 3470 594
5363 8932 660
3138 7627 -1
4330 1487 169
7693 8635 -260
1583 3322 -568
5504 5378 45
1997 6903 873
5731 1017 -414
660 5307 546
5177 4789 95
6157 799 -885
6593 1549 -580
7532 6340 -336
24 7102 -29
1198 7538 707
2363 5672 650
4175 2206 -30
3026 3324 517
2595 4178 -565
3239 4214 -918
2246 6080 -644
214 4670 -817
4484 4136 -637
5901 5654 -409
7941 1440 843
7385 2811 14
7899 5221 253
9000 7960 -338
4025 7772 603
3621 1897 673
4774 1489 -129
5201 6502 611
7717 2513 -376
6958 5470 -142
9358 1232 161
6613 1658 360
9199 6787 -491
3682 4575 -507
678 5337 769
5400 5900 305
5025 2930 -4
3054 797 -84
6362 2569 519
36 6627 598
1022 4642 855
2871 7289 -471
3097 8310 965
4474 5436 -538
8347 2116 200
4651 7145 165
4424 2332 -3
2356 3235 -814
3734 609 858
502 1 130
3877 4132 -531
6364 5509 769
2621 4902 -556
85 1924 737
6977 4483 -797
1785 8210 -317
8975 2831 550
7867 7120 40
5985 5634 -416
2493 4052 581
7431 1300 673
1497 5583 -954
2914 8011 376
6365 4002 -876
2666 5178 -860
4518 8462 -744
7841 2050 -918
4520 7172 -620
2603 4761 257
8071 3072 329
4511 1941 -685
5959 6140 -201
2053 3429 329
9081 3427 -337
9057 8948 -114
7015 1123 -702
3200 3440 -489
8366 1729 -287
1662 4011 -953
2658 732 -555
5756 8546 534
4816 6906 -589
5167 3187 365
5913 6452 -181
6203 4986 -154
5178 8396 -487
9399 4132 285
6728 2568 372
3623 135 387
4191 9090 -249
3466 7443 812
2023 6113 580
2327 171 -585
2994 5266 450
8199 642 413
223 1801 321
3125 5867 -44
998 4475 178
4976 7769 363
7456 4477 359
5591 6586 439
4499 1762 -513
191 5424 422
3816 6792 496
2021 4500 -405
6515 5120 -831
9123 4913 871
9205 982 603
4149 3205 483
3149 7017 736
3181 7303 -965
2995 3162 875
7144 2661 -21
815 8434 -229
8485 5464 -472
1758 1023 629
5667 7294 112
8005 3717 -71
5325 6805 -165
5151 8489 -997
6889 1783 742
6505 5155 108
3702 4258 -102
2817 7408 -125
4322 4361 87
8120 4406 -413
1363 4349 -881
4859 5951 663
7111 6526 229
3807 283 344
8541 8652 531
3131 5320 -234
6675 5596 152
8572 8007 -842
7658 1864 667
9475 4294 -803
3042 6791 -412
1938 1416 -291
6211 8653 979
6972 7596 573
4681 7475 -853
472 7464 862
1471 4309 -365
2354 7313 63
480 1106 701
333 332 -59
112 7526 -18
7544 6191 -572
2561 5423 -468
4645 7741 719
4456 216 -768
3830 1896 596
4649 1004 737
1070 41 412
3452 777 956
6444 1917 -17
1621 2920 -868
8455 9325 -462
2624 2438 -122
8419 1935 387
213 3955 -88
3029 1869 -513
5680 516 -842
2654 8198 214
2421 5749 -371
569 1586 825
3879 1373 -226
5697 5118 492
264 7169 -713
7710 2787 654
9450 6533 -473
8564 3902 -395
78 1692 -724
2808 6767 -335
5170 4490 -945
6005 1671 -985
5572 2124 -239
2120 5887 958
7602 921 -406
871 2056 -385
7938 4116 367
721 1474 213
3224 4978 -477
8500 4046 62
6908 7158 -32
8461 8057 866
4707 7671 -880
2305 5474 582
9299 3102 -293
91 1559 -274
7074 6634 -158
7141 6560 706
355 6742 941
194 2639 871
8352 8028 379
9137 7161 -514
8749 1976 590
720 1319 -827
5200 6448 777
8653 6170 -104
3501 3295 -212
3828 2613 873
4699 5229 708
7328 392 -959
5447 8206 -793
1966 9068 -178
8558 6652 -537
8780 5912 -68
9382 635 248
5980 6784 398
3209 8941 878
3573 8546 -657
4511 3203 332
8555 1882 151
5643 6671 857
8659 6354 840
2781 8218 -731
6305 5302 593
9063 843 461
8465 8052 -521
1070 7022 -133
6022 1188 249
7286 1446 154
4639 933 391
2944 4898 191
9029 2149 -190
4463 8508 -58
5139 3997 526
629 2540 -367
5740 3890 45
1177 417 96
3815 452 574
6362 9009 -312
1268 9319 618
8927 1783 684
4530 1174 -50
8882 3813 -836
4577 882 -393
57 724 253
8449 6234 -969
2951 379 -191
137 3876 719
7637 9363 -288
6454 4251 881
7846 9324 -660
9035 8746 -148
1863 9476 -915
4522 5138 -725
4974 5882 -935
3321 6982 382
5087 1116 622
611 852 761
5818 1401 -310
6346 1148 -542
2023 1416 609
6929 1898 -37
3809 6864 920
4446 6725 961
3669 2368 85
5773 6432 984
718 4048 225
12 5988 725
7544 6264 880
5852 8175 193
407 4653 -736
1776 6189 -724
4277 8120 -642
7792 9505 260
4368 4574 374
3734 6653 -931
9197 4873 484
8370 5982 552
6702 4324 -295
6409 4364 834
8273 4992 551
7450 4736 -998
7916 4142 10
8130 1981 -773
9319 9393 225
867 5941 923
135 9352 434
2171 4205 310
80 542 550
4501 4862 149
1097 5851 -338
7697 7001 -263
5377 2808 134
8477 5628 281
8912 6695 -739
1078 6117 -715
9469 7016 -49
3672 4741 107
2857 2582 -304
3716 8635 -158
8545 99 -93
8315 9282 -529
6350 1113 486
2197 6970 -109
2580 8501 100
645 4593 -473
2371 6951 694
7992 5874 -43
941 7947 563
2827 2995 -815
3779 6355 162
4624 8726 -145
3185 6116 858
7153 4828 -628
6912 9250 582
5097 6733 -261
4127 362 878
266 294 -870
9409 1282 -393
5585 7198 -398
7873 2227 -973
7584 7714 864
1367 6931 -648
2306 7699 320
6760 7696 331
7828 4820 -764
592 6946 475
2515 7750 95
1330 5034 -701
1315 883 646
424 4482 701
1953 565 -500
4357 3365 -358
840 1921 -816
1748 150 -620
6962 7027 -961
7925 614 522
6806 8652 771
3760 7904 348
4467 7828 -499
4784 2200 -887
3791 1111 42
6652 5693 2
7369 62 195
7344 1337 -191
6243 2983 -819
1434 3394 -927
4425 4903 -321
1422 5012 966
1985 4530 -762
9355 8678 388
5623 6904 565
3848 452 -360
5928 8916 602
8554 9283 769
3084 5733 -492
3722 4523 664
5861 8003 864
4847 3171 -177
7648 6940 -82
6054 5057 78
2619 3732 -289
1552 3045 -523
3895 6589 -813
2038 8389 168
3609 8311 692
7481 3470 433
6403 832 414
3688 8625 -557
8578 4183 -987
7635 1317 335
2657 4609 -959
2998 355 241
963 5682 461
8495 6556 293
8421 2350 91
2828 4491 780
2996 962 545
8908 5928 -895
8309 1155 52
4268 7045 36
1244 7113 445
5318 6646 -195
639 1302 -759
5789 1341 893
1144 6226 -293
4037 9203 53
2194 4267 -445
6883 3129 -695
8360 4255 -616
6890 5405 -163
8750 176 -365
4340 12 -160
7747 4270 722
8569 6492 -660
4626 1442 -660
7020 8194 169
4188 2834 -257
4131 2488 658
3740 1712 -886
1595 472 472
4450 3212 -664
3061 6496 -160
3417 1166 -409
4268 8191 718
4077 5507 918
7408 6011 693
2101 6284 239
8766 5632 425
3175 4338 -372
8927 8157 -233
3479 4614 884
4981 1092 727
2111 4734 838
6967 6726 -648
4249 6136 275
455 8049 668
6734 494 333
1454 7107 -99
7992 8645 873
3314 2673 919
6116 4981 -322
485 1399 -242
2764 2434 -227
7502 4589 -707
4025 8877 -665
2262 3238 132
3890 2432 -261
4976 2209 -379
4984 3731 -638
4207 8539 913
5925 3749 -821
4968 5811 988
2792 885 657
4760 8502 -200
7447 3406 825
8419 3566 -244
3508 429 59
7335 1026 -387
9350 7678 -674
9075 2990 -226
7859 2616 991
7130 1580 -226
2345 6094 480
1429 2117 -782
2221 6029 830
1370 4111 133
7444 4293 -665
4660 2839 702
4562 7684 -766
1484 1072 633
598 7526 759
8783 3552 688
1556 4593 -989
5206 3794 814
7572 5126 -463
4796 2855 -709
4031 2180 153
8855 3770 71
2206 6319 458
7945 1141 -696
3269 8802 -766
7076 1282 -703
1221 2185 282
8387 542 -883
6036 8790 -277
18 8039 -82
44 1335 152
6234 1431 -261
7650 3872 -854
8895 8197 -505
8645 2972 -879
7253 7356 -76
6730 8358 252
3606 9268 -260
705 5500 811
1914 5546 210
2336 4378 -544
8905 4349 -581
49 4849 978
7628 7745 -356
1853 4089 266
2542 7945 175
991 6756 -294
6689 3250 -661
4165 4355 408
3618 7338 1
5146 7076 410
6710 945 205
1870 8953 310
3225 2794 -103
5284 5164 -226
2339 7236 584
6995 8889 -163
8563 1580 -588
8608 3227 -176
3585 5598 -520
4130 7692 126
8010 3835 680
8446 4163 211
8180 3161 -909
8238 1592 -993
3625 5544 679
4296 240 -940
350 1613 -18
1391 1309 -831
398 8249 830
6489 9037 -815
4633 8256 666
2823 5007 2
8458 1078 202
7859 3180 -155
3356 6729 -616
548 8506 620
1279 6673 -901
9511 5038 -295
6121 4277 -94
3443 8840 185
4607 785 235
81 5418 559
4558 4264 -660
6895 6500 -918
6478 7646 80
4133 832 823
2088 3629 948
6457 4526 616
7772 3894 -382
8540 4702 -264
5511 7057 -201
7116 4391 -688
6364 4602 -568
4159 67 -553
2638 5836 -483
932 4983 961
9181 5793 764
7488 9012 -162
4923 2001 402
5552 2987 74
2516 6349 963
8584 7255 385
7284 5932 -462
2320 180 424
5953 5289 -457
6183 5088 -185
3536 4776 902
2998 1627 -331
5884 7390 -74
5320 6296 4
4179 8728 -25
1162 7662 -658
54 4694 791
7616 4963 187
9155 2757 -781
2243 347 966
8730 1382 253
5566 1381 -38
5664 8495 686
5714 5409 -674
744 2039 49
8451 2006 563
25 9140 85
8418 6119 -814
3780 3295 558
7524 5932 358
2521 6061 -754
673 9131 -26
4172 5596 938
1437 3107 -198
5756 7404 841
6854 7277 -142
2488 8592 -895
4563 4629 -565
6653 5446 -143
1792 9014 -167
344 9394 -25
6407 1583 -971
9190 5840 27
4822 3534 3
2297 3600 138
3534 7654 -13
2681 4174 -692
2752 866 -249
5620 5137 -898
3115 5349 -979
8781 8756 -705
3565 9023 192
5080 5100 102
5801 2050 843
9408 1253 -834
3821 3622 -42
8194 4749 -367
7837 7382 -430
149 5274 730
2573 3524 761
5655 9510 187
6347 1607 -894
5877 1821 -140
553 279 -353
6597 385 45
7264 9167 322
4866 2746 -476
5483 8899 924
691 6042 243
6065 8146 -22
6270 1899 909
2672 5106 470
6234 1210 111
3799 4008 241
4105 5070 538
4781 1317 -51
2356 1362 864
5450 7836 -415
4987 4204 384
3969 5633 -61
1360 9236 115
604 1781 865
9363 7878 -273
6664 5558 -977
6409 8521 -385
8865 6897 -526
7678 8659 994
4321 6508 -303
2906 1002 -184
7977 5155 117
912 4261 241
2816 6407 -707
5204 4201 917
8348 2322 -637
9435 7578 -244
8343 2785 404
4567 8553 -136
5473 5729 -215
8060 5050 282
7454 8197 -556
7359 4001 -620
3896 5251 -799
8246 5779 988
5998 7864 656
753 4044 578
472 5584 -714
3240 5972 -426
1722 6934 -482
2382 5906 -181
7772 7566 199
4839 245 37
18 5291 915
1257 2971 -846
4507 2285 178
7642 6229 857
195 7134 -274
5372 8682 89
3446 3274 -276
4124 8621 -682
9255 541 -99
8033 6512 687
3517 9469 -676
6282 1687 -678
6259 6622 75
1935 9058 276
8864 2311 311
1554 7682 -917
6169 9152 -644
785 444 645
349 9358 -230
5269 3624 -911
7135 2833 270
767 2982 320
8795 1353 552
3012 455 -703
5251 5371 625
8476 757 -657
2671 5910 -767
2756 246 -224
2390 7463 -399
6833 5754 592
5131 2297 187
8290 2513 29
548 4726 -123
5968 4840 326
4410 5541 -126
4583 7051 -158
910 4165 355
177 4750 629
1201 1738 95
2438 879 -76
7250 3127 -708
9381 1919 -475
8663 3034 -280
7462 2642 -444
7574 1928 -400
7875 7283 -681
8081 5482 -53
9104 7693 244
1994 7365 -383
4501 7732 879
9323 7231 -484
3274 1307 374
6571 3399 -916
5760 5286 -769
3354 2930 509
5764 7371 -243
167 4788 743
6584 6267 60
9069 8676 -348
8410 3512 -367
2260 8427 -705
5106 4360 -82
3917 3827 -118
3348 335 -414
6483 6919 588
2080 4874 -320
9007 4386 -962
5965 7596 -506
2371 9041 -172
5029 6767 -498
2039 4584 20
6984 2162 -350
971 6967 151
1642 2280 -788
7491 2870 718
1213 3192 630
6736 5157 640
3508 1888 759
101 8883 -42
4514 8188 953
2783 8605 732
9261 4181 -205
897 3083 -894
7187 8626 -853
6263 4836 344
6997 3906 306
6426 125 -383
2275 1512 420
6162 98 -158
2890 1292 -993
6754 9057 677
5545 9498 -305
6079 6306 41
5875 330 124
2766 1256 -320
1350 3576 -401
6785 7175 270
4195 8524 864
4328 2249 -678
648 2320 -544
1748 1926 122
6218 5482 53
6143 2653 827
8878 6378 -806
6151 7198 -677
7183 2621 454
1441 7076 -918
1235 1217 630
5793 2493 -11
3326 8707 -746
1690 9144 960
9403 3412 744
890 1488 -916
1668 1679 335
8735 2949 990
2968 3212 -317
6711 700 907
5179 3426 611
887 4367 559
5634 1209 -448
4759 3373 -699
6636 2459 -172
6245 5395 735
5642 9419 -657
2563 7709 225
3125 9155 -322
7911 4821 -928
1160 7375 -472
6722 2679 -319
8210 8997 -824
4273 3771 -970
5322 5686 -890
8325 9480 -186
3874 216 -472
4060 3429 -143
4769 5220 -656
7344 8701 -884
7801 4609 267
3252 8640 -286
1599 2208 877
399 5355 -9
55 3667 -461
4933 405 888
6849 1024 -666
9517 9302 -770
8074 245 245
3491 6291 -256
8165 9056 177
2738 1647 659
4953 1193 359
4300 2511 201
5291 4961 254
21 8763 975
3645 871 894
4346 2523 -645
2739 7082 201
2990 5023 -524
146 570 814
8710 3808 -67
7448 7664 -968
5258 6085 243
9000 4615 651
9217 5658 -96
190 379 -547
3317 6386 376
4159 9490 334
2334 5877 814
1548 5698 290
6352 5690 857
2719 2617 -608
8475 5520 294
2454 3303 797
4581 8212 335
4991 950 934
5595 6332 445
945 9326 -916
307 4243 -184
7675 8725 918
2950 8197 539
7136 8375 -94
9108 4579 -392
9003 9397 -589
1047 4836 -119
482 2912 -976
7822 4352 739
5832 4553 833
3848 3625 -883
8206 6893 -94
4423 5522 -33
7464 6128 -51
1436 1310 152
732 8815 -590
7552 9181 -991
3809 381 -108
2031 6470 -13
4350 2088 633
2143 3939 816
4620 6782 -782
7727 5242 -850
3449 5738 -99
6511 5776 -925
1366 8569 615
3564 3392 -744
634 756 -400
9052 7886 -762
7347 467 -694
1549 2679 -114
3880 4708 563
23 1980 200
1361 1222 -742
3445 8111 570
4373 861 813
6098 9468 209
201 7462 -571
3064 4103 217
7292 1927 28
7266 1995 192
1746 5172 -357
4826 7967 145
1997 6995 -795
5514 2745 -597
2480 8701 -379
3412 6145 267
9107 4167 728
5386 4472 -822
9348 2529 -840
7218 3419 -197
5115 22 -699
2129 7967 706
5140 2653 -400
370 7229 -332
9476 7118 -949
1634 917 954
4735 224 542
2715 3687 464
5070 5881 -328
3802 5288 -534
5513 1522 990
3881 2634 305
7378 407 582
4427 2806 932
1022 3810 992
4987 9289 -497
4304 6355 -716
5485 7452 951
6524 5157 722
7561 2127 -115
6379 6469 -739
3170 3537 -797
4813 2996 -482
6781 6413 166
5395 8243 999
2777 3746 -439
3258 5958 294
2068 5281 267
62 2659 977
1143 9513 -935
9408 1743 -937
1129 1675 639
65 6883 -344
8455 6672 -151
966 27 65
5505 6943 -437
9134 4319 -164
750 7075 258
3223 2047 740
2394 2898 959
8407 7332 51
6397 1621 -720
2006 8357 -999
2545 1350 -674
1212 180 577
5454 3732 -559
3074 8819 54
1093 5445 368
3002 1014 813
8629 3910 -189
5040 6815 -527
3152 9478 663
7598 7550 326
7389 3654 921
4276 2757 -359
8253 1537 548
8560 8203 243
9032 4021 -167
1846 71 -533
8959 325 -253
5747 3180 -781
8291 408 -578
8963 9091 -587
7527 7293 -870
7407 768 -59
7455 1651 725
884 9362 -118
5438 6038 -983
1853 2434 968
2252 1268 -843
2848 7987 -833
4562 4244 867
3159 4875 657
2979 5074 82
6710 5540 961
5622 8572 5
3922 4736 -144
6221 2257 -650
3516 6054 -256
1200 2664 -769
1673 5702 195
6172 2365 -491
7955 2441 410
8824 6777 -833
4173 3226 -344
8921 3732 -281
3099 2835 66
5878 8968 851
4178 5370 163
2123 1611 871
2994 438 -209
6864 8800 260
9059 5796 478
8243 9200 -247
5509 7161 -470
5384 7896 530
3083 3312 587
6656 8464 -417
7880 6429 122
6594 2286 388
1528 561 -967
6192 419 745
5006 4282 79
7260 7288 487
1307 400 904
731 7072 -298
8172 2439 -174
539 6818 -763
8768 7852 -816
1630 3768 968
4643 4269 357
6551 5555 7
3808 5223 -971
3148 2217 26
8611 3517 -745
2617 5096 -288
166 5595 -895
6606 2660 -675
9285 48 -864
3703 2753 -697
6281 6347 -909
3328 8758 -456
8072 7261 639
6407 3702 172
2562 1988 -734
2349 5265 367
8578 1726 629
6416 5825 424
7155 1502 761
3185 3226 788
2690 8674 199
4824 6905 551
766 6557 -29
4310 7151 889
3883 7617 643
5335 2437 -788
8599 1573 709
58 1732 -623
8571 3856 404
7324 1367 377
9371 93 687
2558 8986 -769
6243 7921 -355
1359 5537 -874
9205 7409 -950
9013 7795 -418
1269 8856 830
2550 2058 -596
3109 6864 775
8116 5046 542
4415 2507 -293
7445 8935 674
3581 3501 -820
2481 7357 191
450 6427 -251
6562 7175 407
1101 5755 590
7868 4678 -275
5084 4205 -436
7543 9462 85
4058 9018 -259
6931 2118 -142
6962 1632 781
2402 3462 608
4874 4223 214
9317 8032 702
7568 6563 997
2957 2270 -400
8054 4609 737
4109 7401 690
6207 5013 -597
1898 4174 -459
2356 3295 35
5768 8886 -875
4959 6497 -122
2338 4779 199
8833 6011 -130
4933 522 139
2305 6509 -901
1533 6795 871
2325 2714 -345
4890 609 172
537 4952 -761
4245 7818 -89
1564 5420 881
7103 6926 44
4782 5074 -438
2950 2754 540
1429 2440 681
7343 5473 86
4547 304 -856
4714 4354 -760
6199 4237 516
300 5971 -544
473 5103 484
3881 4277 165
7262 6921 206
7484 8000 789
6197 8933 -243
1195 2138 -392
8781 4961 -461
3815 774 -660
4230 7202 -808
6076 5219 -376
8944 7880 -403
4306 8648 869
3414 7368 -972
6814 5626 -284
3817 9074 799
8840 6447 -744
173 525 743
7314 5106 -512
3096 923 -157
9283 368 -66
2824 4831 -325
1145 637 638
3831 9071 -749
4850 4758 757
2495 6511 161
8209 8738 104
9168 4441 -755
18 5031 154
2281 8994 -369
1590 3747 261
3659 8765 660
5568 914 -100
8300 6957 -477
9441 8481 917
9376 5904 849
1257 3486 316
324 3604 828
1499 3798 -187
1727 5114 270
1596 3520 -502
1498 2032 -531
1595 3530 -394
6759 4993 7
8750 4960 152
8736 9099 773
4549 6363 218
6386 5601 620
7640 9280 -743
7939 7304 -902
8174 1878 906
8011 9465 -488
1248 9415 603
4648 5328 -418
587 5579 643
608 6633 -960
8198 4695 -368
6757 4023 204
3127 2425 -29
6593 5609 -819
7729 2749 -940
132 8058 933
6004 8722 -776
8095 5315 14
1287 8364 -587
6497 3302 806
1322 2915 -503
2743 449 -439
3250 3824 765
4260 775 -267
3365 4881 816
7 1812 -796
7578 1393 576
3243 2846 -600
1872 5938 -212
2637 593 -252
9011 7625 -468
9480 143 124
1644 4416 -702
6641 4555 -587
5314 4121 27
5875 2858 977
6043 1048 -697
6849 2749 -752
226 1896 253
9050 4954 -652
2669 6916 751
2936 1206 -257
3945 5500 -298
3421 2580 -370
7676 2750 -63
5693 7190 998
3242 8709 -482
8748 5632 1
3592 765 189
7687 474 692
426 6218 -514
4155 6805 -144
3904 3405 -812
4305 7635 -736
3801 840 -597
1616 1687 469
1439 1561 5
1447 3450 -870
2453 8979 -679
49 4433 285
6119 9140 266
7021 3519 -287
5132 7158 -831
36 6543 -596
5578 5263 -843
3226 603 217
1996 4450 590
6331 8758 -577
7228 3987 412
8460 8790 572
2100 957 -121
6573 3933 -728
7430 502 238
6357 498 648
3969 2117 597
7552 4239 96
1891 2686 724
3396 2775 149
7913 1401 -264
4111 9353 -304
4026 3463 998
6878 5674 653
3933 6066 -844
1797 4986 -137
6409 4093 685
926 5549 -432
7785 7176 -441
5141 8765 -275
6339 3167 970
1318 4773 768
9156 1414 -395
2265 5378 -49
4671 4327 -443
6207 2626 917
2865 6708 198
4582 57 61
516 3977 -854
7662 6930 939
2277 8578 806
3467 2510 511
3706 5754 -837
7536 9034 870
5938 2686 -290
1939 4733 742
5283 4850 -106
1268 5109 -397
8153 1970 792
6367 4457 -316
8854 2367 -666
8398 8548 421
5924 534 811
8198 3063 -761
8371 5521 13
6086 2254 396
8051 1348 78
4947 4395 -314
8387 8263 -137
2806 6377 -265
9468 3987 -966
3139 3658 168
8639 8235 -483
776 7761 121
4321 8689 -747
1857 8054 977
7048 3516 581
2590 4798 -310
2815 5995 389
2685 6067 -455
3518 2227 -693
3121 3741 572
2187 1437 -205
4516 9159 935
3878 4469 998
3948 2670 -311
6121 2882 415
4588 9219 -377
2394 5647 -497
6899 4065 -822
1634 5050 671
414 636 739
3859 2750 151
2519 5089 374
9405 4036 -151
9291 2293 346
7415 8177 -572
1535 2536 977
1187 3465 -301
5099 2812 534
5784 8969 289
4536 6900 -714
5294 3583 -849
2202 6189 0
4094 5107 473
226 3679 887
5621 3569 747
1920 8022 -816
5946 6353 -851
9272 2255 110
7678 6810 866
4217 964 556
4334 810 -575
5028 5463 -318
9019 9152 509
3879 5824 134
6885 1779 -516
1397 254 -452
1990 7963 -498
2610 6854 566
549 8862 295
4049 6806 -694
941 4563 -826
1736 9035 -477
5260 7617 -638
2964 7152 489
8899 5773 -792
8367 3840 127
7685 4907 -759
1836 1714 -956
39 8846 325
3921 6602 27
1762 2705 583
4080 2612 168
1088 267 492
5256 2291 -113
9108 1339 -204
191 1312 629
164 3228 727
6858 895 -561
1386 5257 186
9024 5351 316
1845 2831 577
5810 8905 866
9339 9384 935
5474 3063 -691
2070 9411 749
6679 2192 -675
1632 6707 834
5249 5674 647
5735 6540 401
3958 1719 621
341 8447 -678
9409 4719 -239
7029 4489 994
905 2616 879
4240 5849 796
413 2452 -734
2439 7878 14
1859 7930 397
8582 6231 -497
8384 5549 -782
7859 6488 -804
4212 8658 398
3809 2026 -608
659 4475 261
2126 8577 -129
5884 7146 941
3223 1470 -531
4256 8302 330
3697 3177 479
2636 2382 -136
3609 5195 -282
3056 8230 -636
2938 5435 -310
4512 4336 -78
4477 9496 -60
6692 6211 673
8177 5634 462
693 5786 -443
138 3695 137
4722 3418 783
6209 5269 900
8083 2404 -972
6605 1578 266
8362 3154 -714
1583 966 -1000
2963 3199 441
982 1018 271
6420 5871 96
8884 3538 -108
7318 5942 637
3268 4861 586
7605 4863 78
6387 4692 952
138 4392 -762
7228 7838 -61
947 506 904
4197 6685 -829
499 8884 -712
2642 6024 335
8332 7506 -887
6018 2718 -236
6242 2391 330
5199 9397 51
4985 6991 426
5348 2779 851
2229 3984 -772
979 8652 -643
3427 5635 -502
9290 2063 -462
5115 8597 -817
7624 5525 473
4230 4996 644
4183 2192 716
2540 2329 -596
7835 4527 887
1472 6734 747
4958 5859 -166
6449 845 -583
1138 3138 -723
9356 5342 -987
9244 9386 975
3811 7402 -797
5993 6259 -738
4429 1531 -807
2435 5994 -84
7059 4103 446
5475 2595 195
186 1907 337
5135 3312 903
4174 1608 -785
7679 8950 -65
2653 2136 -94
3570 1355 330
1172 3833 240
1839 9202 140
7493 1579 -74
4914 4464 -449
6649 6207 -5
4878 7910 991
1407 9162 -963
6669 1465 826
4830 9224 715
5364 3995 91
7843 6987 -72
2338 2672 366
1005 6810 -218
564 1966 398
3391 919 -972
8663 3352 -744
68 4146 -380
4011 1999 -942
4988 7798 183
7369 83 807
641 1661 979
2178 8797 -593
5668 4781 -120
3388 729 -77
4951 2873 -353
5560 2074 -451
5122 3465 847
1960 8809 -490
8646 9292 908
3683 1475 78
9480 5884 -67
1665 8612 861
6856 7077 -906
4961 2335 -118
1898 7233 483
315 7304 388
3940 945 662
3086 6235 -458
9375 9194 -37
14 5337 179
7616 7902 503
4931 2167 -606
9005 6027 101
4782 2465 -784
1745 3280 170
1598 5188 -766
4015 9115 -493
940 6723 -787
2464 4841 -872
2480 9362 -414
3596 4099 92
7415 7499 63
1835 2399 -237
1206 9316 223
9218 102 590
3184 9044 -439
4775 2057 291
9501 8493 166
8421 4680 381
5525 5605 -547
163 7378 -574
2017 9100 -96
4331 8602 -1000
4693 4618 603
6831 4443 755
8156 1517 -132
1675 8961 -230
7729 5327 993
5868 2960 706
9383 6467 536
8531 8382 -979
4976 2839 374
2628 883 580
7497 3558 389
4690 4394 887
5469 9402 927
7502 3144 -160
3232 6299 -18
3444 6450 -64
4340 7311 866
4204 2190 -649
9395 6825 498
5627 3564 571
2527 9274 -988
2380 4995 -572
4243 6590 577
6391 6661 -349
3750 951 -549
1487 1151 924
1459 1785 -835
7613 4685 70
2085 3570 -919
5184 2542 918
7927 7454 -679
3232 5143 -306
8403 1923 -492
7703 4646 112
2141 6135 255
2975 5766 662
8620 8917 563
2543 7784 101
653 3200 -837
938 1445 78
791 3264 607
6613 646 935
8637 1291 687
3941 1003 225
794 8734 794
506 5659 46
7839 5298 -474
5790 7215 921
5567 7998 -426
7471 6739 890
4661 526 -911
3024 7292 -924
3610 6228 61
1289 1075 840
7418 412 128
3365 8038 -297
9518 6800 -668
190 7709 511
7427 7349 331
7755 2013 -914
1109 1038 499
7507 8638 -16
2134 2246 -334
6389 899 453
7403 2964 -168
2401 8635 -668
5252 4758 183
7076 6349 -54
7163 1775 378
3025 8899 132
3753 6144 -263
3558 1722 828
2280 1629 -682
1008 2140 529
7451 5366 87
4270 6033 440
5175 9124 -640
3025 4011 -60
5131 5097 -31
7477 6389 635
2670 7039 -88
6180 8694 479
8780 4397 549
8194 1133 846
5154 2217 15
586 7071 180
4702 607 671
5833 9244 -463
6744 5605 395
3950 7063 841
3520 1989 -267
6952 3302 -48
7484 9047 -122
2980 4897 359
1365 1029 -103
533 4019 821
8557 6731 24
3962 1084 -1
914 7756 -942
8015 7797 162
5426 1676 650
6510 8026 824
892 7824 893
3268 3913 727
3081 8562 -272
1755 610 614
5138 43 -457
7363 1526 -420
7836 3082 -372
1530 7865 -887
3598 5951 527
1476 747 -54
8305 4755 -682
7433 6162 -856
4754 2097 -523
7987 6930 -191
8861 4326 550
9145 2584 -969
9216 155 -16
1034 8862 -718
1828 3104 -727
3212 3983 -279
6241 5110 -867
5648 713 -165
1864 205 48
7660 4725 793
4142 417 335
8242 2281 88
8085 8378 -423
7455 2365 -69
3190 1126 -95
5147 9296 442
6417 4506 -852
1790 2034 124
3546 2050 17
4849 4745 -985
2416 2713 -443
1252 6716 755
4026 2019 249
6546 6647 -963
1563 2267 317
8504 6508 -550
8430 8317 -980
9387 9467 -835
8992 3611 -319
7439 6263 880
9057 8453 843
9342 6596 865
1106 6287 768
3197 2736 -231
8229 7915 447
786 7613 -191
7526 2674 971
1155 8310 -20
8486 8887 135
2799 638 -643
7884 4462 700
6017 1114 -926
8306 7226 22
2989 2478 284
6728 6409 358
4851 1082 716
130 6760 -866
3545 6216 451
2916 3779 -383
5341 1708 675
4069 243 860
8010 8054 971
4839 6054 -398
3841 6861 -134
8615 4335 -253
6960 1959 -249
8473 1066 884
416 8593 -572
2578 1100 706
525 3317 870
9247 6587 221
286 1353 420
311 6088 -920
8650 8032 665
421 6704 681
7952 3903 170
4733 6484 -519
3410 6993 -641
7181 6722 -992
1162 7509 -209
4244 4548 717
8338 1210 -243
6227 1570 -152
9516 6308 -936
4338 7087 -518
5695 3985 -224
4386 270 -914
6414 3562 888
5090 7829 -233
3468 7837 -764
1821 3154 498
5319 514 422
4448 8600 914
4730 5842 -599
4603 7740 678
792 1404 -581
5401 731 160
8155 8617 -537
1001 9346 713
8898 272 -431
7812 6725 706
6142 2206 110
5127 5243 554
4555 5585 -770
3938 4650 -530
7620 5800 -910
3155 2654 -5
2625 9374 -855
7252 3068 341
6640 5513 940
2912 8306 -618
3273 2317 576
1867 8765 225
535 8108 114
3892 684 622
4222 6618 322
1678 3654 -269
1966 4593 -596
8656 1735 -297
6471 4867 381
395 7623 -567
356 565 697
8233 1760 -235
7312 8090 -101
824 2435 651
3787 228 19
1554 8635 34
4274 2596 -883
8711 2675 -922
3998 6283 500
6800 5 -961
2897 1891 168
6853 7555 171
8975 9170 -892
350 9065 570
3024 6196 -399
1056 2717 21
6168 1407 -466
4577 7695 823
897 4325 104
6277 658 -540
6741 8937 952
4528 8923 737
4960 8433 880
3920 980 -515
4536 4633 -701
6961 599 417
7079 4525 55
6811 8842 -146
1853 5641 -805
2914 2481 -141
6959 1266 580
7347 2637 -891
3919 5236 -682
6462 2731 461
1369 2843 -517
3729 1615 -720
1131 5 705
4509 4546 36
1643 1811 -906
1213 4285 -153
2242 6220 -91
2614 2962 -327
3874 682 678
4870 3491 503
769 1875 -491
7298 3269 -652
8754 3239 592
4894 1357 606
3641 9052 -489
9057 8467 925
3599 817 -139
6267 7488 956
18 4311 522
3929 7441 -529
6443 9149 -846
7385 7096 392
3730 5747 -688
7317 7754 -452
7693 9090 571
1079 6088 -537
8364 9416 -478
8871 2653 -714
8928 1068 -30
73 7942 530
1239 2566 -258
2209 6505 145
8976 392 698
6388 3133 -601
2213 3433 783
302 7948 -153
8751 8862 27
731 7814 -226
4197 828 -560
5702 2953 771
7713 3699 -504
6656 9517 466
1090 7100 76
5488 6055 167
7184 7371 -313
3848 6695 -614
2953 6726 974
5766 5055 277
6374 3660 -279
3276 745 -656
3635 6316 -714
9502 9267 -397
4751 6146 -960
7385 3741 -366
7742 3882 -431
4946 6798 -994
4694 2558 940
8184 8519 -272
4419 8331 -254
6352 8540 895
2224 4108 879
8392 8937 -981
3792 6913 -418
2404 9136 563
1577 1489 287
4417 8127 -457
2105 997 -105
1331 9241 -649
3273 878 640
5920 6323 -485
7702 408 617
8234 2294 482
1638 955 -254
8291 3015 620
120 2592 -950
4560 7678 134
1310 2665 -238
186 3443 -359
3664 7730 937
4237 8093 738
4070 1604 -619
9365 7355 -471
4881 5857 878
8894 4223 -360
1840 5469 175
7211 7032 464
5524 2239 -301
8869 8315 -806
4726 4325 70
8211 8939 -979
4369 1809 830
8358 7664 -56
2569 931 644
1528 3741 -944
8833 6927 120
5676 252 814
8249 3786 -352
2505 9035 -59
18 4590 742
2135 4704 134
2784 5280 122
5675 19 -807
5626 5226 -628
6961 4086 -230
4064 9252 73
5207 6431 641
7647 9049 917
5517 6319 707
4710 2441 -572
3898 3279 -645
4051 9248 -410
5139 3246 -507
7415 2489 -160
3389 230 -967
7251 210 -358
1779 6777 428
9187 4201 352
584 3918 -685
5906 4457 -909
4133 6948 184
328 8393 288
3269 3284 -572
7978 4668 -990
2397 7676 -624
2584 8144 1000
8357 4837 -945
1399 2174 -984
6295 2083 155
2785 3034 611
3713 262 372
9 6939 -231
4424 5429 539
741 9488 -88
8651 3861 -352
5547 5889 -183
8006 8153 -90
4784 6415 -796
3573 9452 29
4507 3978 933
6092 12 -742
8958 4693 254
1235 4143 528
2752 1092 -481
3988 1581 81
2341 3842 740
2550 3274 -936
3488 6841 -82
8022 5094 -143
4199 4485 -954
8444 6619 713
178 1456 438
6348 4510 861
5151 8129 754
7432 7476 -180
6423 1855 -475
2851 4738 108
9058 8743 -867
7915 8946 -986
3113 7053 -619
6497 5880 -225
2576 2413 -419
4674 5572 -898
383 121 10
8140 1127 -235
1776 7903 397
4892 9072 156
7586 9021 -376
4729 1114 -208
9445 1461 670
8119 3934 -476
5202 4954 255
3038 5435 738
8528 211 -500
464 8546 -307
5946 8498 -44
504 7756 478
4133 1384 428
1563 7295 -772
2465 3531 872
3740 7560 237
211 2779 476
7373 8142 616
2808 9393 -289
4202 669 -557
2685 9263 42
6007 7363 795
1102 1251 -755
2450 8971 -454
9068 5966 473
9465 7651 959
1922 483 -855
4493 8507 -880
4172 9391 752
6877 1399 -242
3328 3586 -141
9167 3060 919
8551 4907 809
2071 1651 -891
8970 5062 -769
7007 1719 289
6654 326 32
3539 6114 -24
845 5749 -273
6040 185 -75
885 4558 -180
8104 3312 431
8974 3910 420
4769 7611 268
8268 6378 100
3574 7357 777
6761 773 -957
4935 6778 962
7951 2659 -213
8386 1919 625
9265 2385 -346
6091 907 851
3360 5378 48
1179 2929 953
7507 6119 873
2638 942 -696
2737 6809 332
3874 3669 -66
8428 874 -900
1241 1915 375
6058 8761 -213
4047 7765 965
5628 950 -577
103 1122 995
778 6669 590
1073 3720 473
3151 5080 752
7082 1148 773
1803 3186 304
1271 3762 527
4820 3536 599
7271 3794 981
3289 1071 -350
827 1254 -334
200 9359 74
884 8454 -392
6701 1961 -917
4339 3979 248
7618 170 649
547 1557 -965
2326 3355 -412
6410 5178 681
4886 3181 -964
7462 5490 -790
4034 6083 382
7893 6652 485
3632 9435 529
7154 7825 -906
1455 6430 -249
3747 691 917
5005 2919 577
5768 1918 -768
2325 3098 659
784 3318 765
1418 1132 450
3812 612 -416
5483 5915 924
6207 8532 -299
7283 5101 -131
5262 3430 963
7442 4110 -476
3471 2046 -266
9293 5828 -173
5460 3896 904
1733 9512 -253
7929 5494 438
8383 4274 470
8299 9013 -2
4563 3642 -832
9088 1252 282
1443 1835 880
6603 3278 -841
4920 2500 -895
7187 956 237
1609 4194 331
2281 8065 24
1807 4812 6
4990 3073 -941
152 4826 929
8773 8674 -837
4733 4034 24
1704 7088 306
8417 1857 -112
3077 2256 1
8273 2435 724
4331 8792 977
5913 8466 -657
5549 6042 297
8772 8322 949
3369 1539 -168
4040 3590 301
7435 4756 -445
8431 7632 608
8524 7087 -679
1712 6691 -874
1126 7950 41
9198 7118 660
8977 3777 815
8678 2674 -235
3687 2543 959
9335 4483 -559
1826 707 -166
2905 1521 328
7216 2337 -986
8254 6337 -349
1698 8623 -421
7888 7624 -195
4106 1156 294
6654 7275 203
2744 8027 514
7759 4327 822
3659 8089 481
2399 4408 797
707 3511 300
3657 5799 -195
5393 4220 -267
2436 7045 -938
4570 899 579
2690 3671 -240
1798 8033 -152
6010 1708 -670
7767 2378 -831
8002 9129 -105
1958 9273 -982
6581 1431 581
3155 1763 576
280 3371 754
2400 287 -977
1753 6895 253
5130 2592 347
7811 6479 -430
2743 3249 343
6303 911 -721
4743 4081 440
2694 211 -242
6788 4531 146
8193 7021 260
5672 2389 698
5105 7737 215
2564 90 -704
9019 4735 -559
3336 1571 14
3797 2163 814
8062 1765 364
6089 5193 -975
7825 5790 274
1156 8426 409
1077 2074 501
5577 4824 -960
8822 7531 -53
9508 7831 768
7034 636 425
7208 1076 -394
4021 4079 -341
5444 5012 352
6412 1429 -286
8130 8889 567
5539 9278 -176
5987 5627 914
2926 8976 312
7240 8589 -576
8149 36 -29
8117 4864 -732
7222 9092 -89
4283 9468 -735
7591 631 -955
8401 8095 839
7077 8661 477
7242 9015 669
5079 198 -607
316 3909 -168
4290 351 -749
1027 2993 863
8574 5008 -910
3928 6482 -898
1228 4161 -425
3393 4400 -108
7290 2627 -793
7473 4037 -709
3037 4216 -122
4975 1223 532
363 6843 407
3078 883 -19
8646 6366 656
9078 8453 -163
9394 5841 332
5345 1788 -676
3014 3737 -260
5647 8182 -380
856 796 799
1164 3085 427
1608 7289 -191
8385 6924 296
3319 1030 111
2713 6676 -246
5083 4295 766
8549 8822 -857
3173 1980 964
5818 6266 211
5358 767 -253
5839 6901 459
7861 9086 -246
3684 3412 790
6735 1419 903
7778 242 -58
509 1708 361
3423 5281 -769
3603 5086 -401
3480 2996 859
7616 1479 42
9002 5909 -551
559 6235 207
6923 9459 268
6099 1325 888
7502 8391 -187
5835 6222 -498
5104 7595 957
7575 5882 -980
9308 8332 129
1431 8614 -69
4681 1165 -971
3169 3002 20
7775 454 297
2551 4962 -622
255 158 -999
1826 6476 664
5059 4900 51
8307 6538 -677
5786 8180 615
7334 4698 -165
939 6234 -871
8130 3457 57
6955 1830 -58
508 5660 288
645 4455 978
5973 2411 -814
3516 9008 -211
7042 372 -867
6544 8673 -758
7334 3515 -297
4485 6008 -124
7931 8821 154
1713 2819 106
2526 1262 -849
7877 3465 890
5793 3617 965
9355 7975 -868
153 1625 -890
5634 7634 750
8089 8845 318
209 3374 -471
4660 9120 855
8321 1855 -726
3635 5492 -253
8542 9136 -289
5821 1053 -21
3456 4510 109
347 383 144
1730 8823 132
2266 1179 62
3618 7353 -664
7596 90 356
4123 3486 -737
4318 7530 -136
1370 1697 968
3458 1108 129
2903 1802 768
4536 7468 629
7077 379 -998
1787 6639 -809
8703 2924 -305
1891 3301 -497
7349 9034 -80
1460 5061 933
9315 3651 506
1398 8659 -225
1443 7586 -695
336 8546 823
9149 5173 -987
400 1127 728
6284 9350 781
4130 1763 -818
5495 1999 329
7347 2987 626
6712 3247 -516
5866 2981 165
4039 9219 974
5041 5821 -111
1556 1453 -541
3175 5992 723
9501 2459 -289
9234 2341 928
3527 623 -381
3219 6418 -781
2944 67 50
7067 6368 -413
5878 8666 -929
6485 8351 48
7975 3301 -286
549 2951 -89
6477 983 -146
3986 7907 325
6695 7288 -391
7684 6665 647
6397 4858 134
5577 1288 819
6093 6532 437
5416 1150 -633
1883 1625 215
7770 9126 134
8934 6324 -72
970 1666 -799
3791 2343 -744
9307 1376 -949
4747 5071 783
1112 3245 255
3586 8947 -380
244 3940 -588
3659 8077 -726
2753 8965 -384
7097 6478 875
5408 689 244
6356 4708 508
5683 3721 444
5049 9490 427
4352 7598 345
3750 5580 -289
1271 6184 -821
1814 2425 -533
9322 2020 -922
4959 2452 -380
2163 4406 -947
2501 1726 -64
7533 2707 676
5362 5097 326
7769 4095 997
2894 453 -940
6155 4434 669
2744 8800 122
708 8748 -17
7488 1359 553
8398 642 -766
581 5744 938
5533 8434 440
3045 3344 -931
2852 6000 -972
6817 192 -913
4113 4617 -578
3445 2654 833
7914 8194 435
2398 5364 -270
8955 3539 901
4887 1159 328
299 3779 86
5962 409 -248
9485 8686 873
5689 2607 999
264 9184 172
6713 3846 -875
6487 3998 612
4287 9362 527
6206 573 665
1076 3923 -475
8951 6322 -246
9052 5327 -829
8706 4552 -716
2430 3432 -391
4801 9109 -808
7108 9359 -196
7197 7328 435
7549 2098 -432
3294 3948 -98
5426 6148 552
3343 2966 -747
4684 9250 -125
6769 278 -952
9091 3580 143
4660 1077 518
8738 9408 -956
5293 4696 518
5834 6844 547
2216 1024 750
8151 4541 854
2748 1315 -1
8541 7517 -746
8987 8048 -602
8203 4360 444
1047 4940 593
1458 6836 -339
3291 5689 -502
5733 627 -880
8244 8990 673
3862 7230 334
4002 8836 994
8289 6313 -565
1206 2204 896
8468 5930 -848
3230 1759 91
787 8391 582
432 5756 -750
9118 9500 -325
2584 5074 757
2430 165 -255
8670 9126 -529
5329 4671 378
1950 3055 -298
4914 4757 869
1843 4024 -891
7459 3830 -996
9434 2362 -182
5504 6636 750
3094 8707 -581
1977 3652 601
7896 57 -965
2898 2315 -152
2292 8422 -213
3020 6493 -906
7298 7233 954
967 321 897
7195 3196 827
131 7610 -211
1257 5232 -809
6308 7421 -540
7989 6866 846
8810 6732 719
898 829 -992
272 1365 -87
8418 3087 572
6640 4056 -954
2015 744 12
3557 4479 128
7304 5643 -924
7796 8808 -98
102 2245 977
5876 8954 -365
5690 6633 -718
6335 3748 -847
4842 4114 -35
5354 1957 273
7889 4036 -31
5098 2973 -516
8064 954 693
7039 7113 -64
8294 6491 -270
1151 9416 -565
4272 6197 -606
9302 836 -703
7983 4872 703
4621 2739 -444
746 6747 -168
1965 1197 794
5235 4848 -580
2619 9312 -410
6551 9204 647
7260 6856 565
5207 4745 -313
4559 8684 595
4331 3358 943
1037 8038 407
5979 8019 -535
9268 7311 180
2053 7442 -654
1210 13 -882
1598 2886 -924
8924 7214 963
2019 2807 -489
3675 2220 -188
3202 2107 -889
1326 1483 -315
5897 7850 -582
4193 7268 995
4486 4179 -892
558 245 -849
4426 43 -318
4388 1699 707
5496 6458 762
4030 8426 653
8328 4889 503
2978 3220 860
7210 6548 -601
6845 9451 1
7008 3510 420
3718 2512 -711
4339 5926 -877
6333 55 -74
5597 5272 -761
8507 7108 382
3087 6264 524
580 5258 922
3955 3931 -326
3521 7189 944
1945 1333 283
320 5752 521
9312 7538 -344
1328 9434 -872
2071 6325 712
5068 5907 -778
4201 1167 807
3385 8372 735
1318 7016 -233
6194 1121 -128
8236 7562 -970
1007 6492 770
1964 1619 515
6774 3325 370
2460 156 20
4362 7506 682
6506 1707 -977
6981 4325 -78
7188 3708 811
4777 5171 -927
2909 9078 -275
5678 1218 46
1179 3941 579
2416 9447 -155
2646 995 -262
6866 2990 137
3057 3480 -554
6633 9162 390
6475 1360 990
3857 5636 314
1099 6975 29
3546 7753 745
3954 7000 44
8508 6780 -689
6205 7553 225
1072 1905 -789
4770 5739 332
7338 9000 -149
7848 8805 473
1574 726 -103
7808 2814 -363
8423 5661 849
5124 7906 -952
230 500 225
2945 3724 587
2660 8748 179
4688 3643 592
5224 7803 -337
6796 271 83
425 1367 -404
4393 5392 425
448 7161 -736
2891 5299 -956
7382 5206 949
6224 1967 -45
49 3694 158
7767 3260 -700
7838 5118 277
4893 5995 512
7190 1488 739
2394 9204 -569
8258 8168 -334
1942 6622 -363
2512 6144 -310
5158 8316 830
9115 9486 -556
472 5897 -575
9451 1248 15
2041 5428 499
3833 1640 30
7408 2140 43
3014 5121 -538
7839 3782 -409
7985 5391 439
8453 6087 253
1109 3030 -84
940 9427 246
5742 6456 -97
2684 6894 24
1546 1696 144
2187 7941 853
6028 2184 730
5252 4331 -929
3577 2473 -410
5640 8053 780
3442 7201 965
6873 8101 -590
1496 4695 -6
5399 115 709
2712 2045 816
6116 8161 -487
3268 5950 361
4883 6506 441
5274 6841 -8
6839 7962 -15
8178 1873 -332
9333 8492 974
1594 7167 152
2860 7308 -644
2550 1378 -88
7389 7301 311
6066 8420 -20
984 1917 468
5614 710 -491
9463 1550 219
7758 1344 -858
8502 1963 469
6606 6786 691
7571 1629 -191
9241 1845 580
3962 6328 139
4716 8211 -598
6013 7233 452
6408 8304 863
6488 8327 -57
374 1866 -318
7229 4728 164
2107 8092 212
3121 4472 -771
9180 387 -78
7099 106 13
6100 8312 -661
7085 9149 -634
4908 4264 -577
5137 3823 -314
7290 5137 639
16 4265 -755
746 8641 179
7694 5837 346
8061 884 -541
887 5561 -94
3386 7039 432
4266 6898 -491
1224 6666 733
2937 6886 -338
1322 4973 -293
5829 7353 149
5814 4212 658
9000 7017 -230
3836 7529 205
5786 6782 440
5276 2866 -525
6417 4768 571
9012 1387 -80
5663 6074 483
2775 86 181
4218 9344 994
154 3695 -353
8653 3480 -888
5887 1564 -834
8170 7813 543
2678 5937 730
2023 1025 -847
9491 578 -362
8421 9501 866
2064 5073 408
5444 8339 -447
629 3927 -345
9363 8679 -699
1461 1221 168
7873 2695 299
8239 3591 -540
5348 8168 -857
2454 8011 179
909 8805 406
4399 7281 -427
1595 6450 -569
7947 6744 17
3817 8235 -725
2827 2040 463
4627 3620 -336
5585 9466 514
7200 4836 -590
5530 1223 245
4623 2658 317
789 7509 -257
7952 3695 956
749 8335 -658
318 5222 732
1818 5972 -6
650 201 -964
2406 3634 -931
1869 5972 -805
1064 7467 -770
913 6961 105
5216 5843 703
2494 7954 972
4647 3571 290
7165 7992 -30
6029 7902 -938
2113 3884 -401
3959 2595 634
5354 2050 953
1573 6156 924
5708 335 505
536 9014 -468
5192 6140 -367
53 7618 -267
8122 948 359
2725 7569 -373
500 5541 933
6509 8383 -427
9167 9104 758
2914 1902 481
3073 8785 396
1029 8413 115
1083 3059 -469
5418 6835 118
7948 233 634
256 8795 -813
3751 1041 109
4916 2487 190
9069 3779 -621
6397 5567 852
9271 4655 947
7298 361 -825
5444 4486 631
7339 602 -869
4724 4205 -401
3453 6593 -160
3409 5737 500
4804 3058 -404
1590 3246 -613
7889 5701 -718
2984 1645 621
8571 1510 -122
2470 1303 129
2724 7988 -245
4604 7318 76
481 5675 284
2663 5335 -627
4247 3335 -782
2144 7887 84
2656 4488 150
5028 2960 -157
2137 5323 -471
6201 9379 922
748 6810 -234
349 4495 -261
7277 8502 161
782 649 586
1064 4733 137
3941 3101 -632
6768 6463 -322
8130 6960 -375
9172 1426 485
5397 5315 861
4622 7829 -230
7758 6775 -265
931 3248 -600
7142 204 586
2536 5224 740
4194 4818 -876
4504 9416 794
219 7567 -395
3080 1122 566
3632 3540 190
8348 1063 79
2387 1295 -683
5765 2355 -808
520 1214 26
1727 8122 -277
3888 2670 681
9353 3376 -943
1981 903 -961
9479 3331 146
1686 6950 22
6350 6088 -418
9061 3821 712
1252 8821 -627
2633 6600 -923
1987 1785 -751
3421 6988 -16
7540 3674 -639
3373 422 -129
1378 7941 -737
4881 8588 501
3603 1649 -247
1204 8949 -334
6814 369 -714
7965 7469 -502
4071 4194 -493
3001 8191 35
7402 2881 -688
7654 2785 622
3713 5522 193
2574 6163 231
2398 4407 -603
4311 2902 952
895 4175 -662
1968 1855 119
8343 2279 45
7684 957 659
4127 5813 -490
3890 1080 324
5696 6772 -977
2260 1713 -235
7012 3957 830
4598 6583 265
8587 1813 -912
6331 217 -30
6115 8723 -127
6045 6429 -30
2077 7142 -727
4694 6505 941
1483 4198 963
6397 3548 -440
343 2645 794
6946 1862 -780
8983 1955 253
9263 7720 11
9334 6910 -375
9175 9331 -899
7303 2202 -374
3679 6090 -686
7543 5591 -431
8747 4244 677
5978 8269 860
2515 6880 701
6632 2790 -706
3243 1239 -177
2006 5346 695
1856 7795 598
1176 3626 -726
2597 9234 -704
6485 8104 135
7323 6231 -630
8547 5032 -109
8248 6408 845
7644 8091 265
8512 7988 570
398 2330 175
7689 162 -334
1159 7756 137
9024 6710 -634
2605 2216 128
135 6011 -560
45 7151 -352
3927 7117 564
7668 6525 -895
9458 9419 -365
5736 1083 -268
5868 6727 -717
3416 5490 582
4236 4611 123
9428 7592 -566
4667 6377 -240
8366 3935 -709
2236 1380 -615
4689 6534 816
8181 5597 611
901 6996 -707
6194 3054 -552
5720 4183 819
7897 4552 -512
7606 7622 822
1621 7307 960
7564 1404 659
8753 2060 -983
2824 1648 -577
9021 6996 -37
6369 7349 165
5396 3873 119
3389 7186 -350
3130 9446 772
7305 1959 -105
9353 9367 593
5098 3258 -737
6416 6142 135
7355 6445 595
5817 5357 -984
6532 7444 629
4739 4322 275
1783 9219 -112
1263 3915 678
3507 1793 -250
3470 619 267
164 8506 -957
9062 3061 -409
3369 3767 137
3381 1556 -3
1023 4120 -335
4342 5956 -54
9022 1125 -677
5696 702 230
8294 52 583
6799 635 91
5306 7443 -256
8969 4784 -274
618 3439 -230
9421 6732 94
5544 3932 625
3133 3307 -413
1773 5760 962
5643 3286 -913
5379 8462 -522
7481 2019 -549
5562 331 -372
1660 6489 378
8733 3511 676
1884 8169 -718
1037 1059 628
7722 6550 217
6305 3103 295
8378 1027 -451
1706 320 75
5187 1440 782
2621 1489 -208
5417 4486 -141
6201 5831 590
8221 3645 -989
598 7503 -355
1487 7250 501
5818 5044 -222
1707 3347 -191
5022 4760 182
5716 2922 990
9139 4967 -796
7112 4869 351
5519 6414 -600
722 7929 502
308 3098 -326
1051 8005 -464
8912 8013 -812
7166 4696 111
6711 4406 -189
6190 6828 -799
4751 6271 753
7262 2705 -277
483 1726 -530
3528 9446 713
9160 829 -100
1318 6617 -781
5583 6258 894
1964 304 893
4513 2246 200
2596 3253 -293
3394 5742 -340
5266 1980 -501
6108 6802 758
8211 2845 -955
114 2541 699
771 8461 -604
4505 1708 -68
891 1116 -453
541 9360 516
1652 2378 585
7522 6980 -706
4840 8033 918
8325 1388 409
914 5926 28
5486 5798 289
5659 2365 810
1020 2714 150
9040 3148 898
3911 2688 -232
6973 8238 690
6539 6018 153
9011 5515 -108
8774 5456 -574
170 852 142
3038 1293 -957
464 1991 714
4089 2649 237
7581 7224 -69
8327 3153 933
3710 8703 231
894 2572 -102
9349 4625 237
737 4810 59
3404 8678 688
511 1806 -272
1984 2641 965
1337 6270 471
1993 3709 -502
5478 3265 395
1447 249 -949
6448 3191 10
2755 6913 902
8133 9353 285
6070 3242 488
4496 8826 -643
5446 4900 -18
9122 3198 -37
6587 1941 962
3218 937 968
4765 6681 -896
4514 2010 368
379 8432 -560
8895 7169 198
9008 3415 243
267 8299 751
2493 8954 -937
1437 106 588
755 2193 235
4119 234 -797
7219 6411 -486
3128 5764 -329
9374 5155 -736
515 5835 -678
1229 9482 942
9493 22 79
4277 1536 -606
3814 3326 881
4108 376 867
4736 5836 837
2907 4412 -96
3399 3657 603
5616 1705 596
9432 240 713
4400 9294 424
3264 406 457
7289 2499 -876
5144 5715 -208
8212 4763 0
2131 9090 273
1065 2034 -900
7277 3339 458
3262 9492 347
2562 5829 443
233 12 -458
4787 3926 -27
5979 623 -465
3819 7824 553
6790 4240 -721
1001 1897 315
3794 4086 -654
6336 3706 -836
6693 1585 -906
4969 1906 801
4492 8007 277
8383 5826 911
4147 927 -88
4639 1581 91
3184 8194 -408
3905 2197 725
7285 7327 -193
3463 6135 588
6192 1985 -48
5176 2377 -421
62 1289 16
7908 5300 793
6118 5920 480
1786 4402 756
6243 6194 247
855 5961 89
6622 817 499
2577 2864 694
1376 3921 -277
8253 3714 259
421 7511 -167
312 4296 446
4879 4820 -137
5141 7730 919
4384 4151 -696
2559 3258 -857
7094 3237 -608
1741 2080 -147
8843 5221 -29
6488 3751 353
2225 2136 490
539 4680 -456
6045 2352 -393
8167 5202 754
3314 6975 394
9440 9195 -147
5901 3021 -775
4434 2386 436
493 9214 -604
1545 4561 -902
7738 7253 987
7597 4498 -852
9136 3174 -584
5282 662 -476
8493 2183 744
1504 6937 -764
2222 9001 564
3144 1762 879
2126 5761 10
6350 4758 -984
9253 5563 93
1840 7824 -541
6483 1105 -31
2858 2183 -96
2759 6320 992
2185 1084 -947
980 3538 -243
4254 1980 93
2392 4973 -1000
3761 433 -594
4244 8548 161
447 5226 -683
2472 7506 -948
5646 242 -122
6486 1240 721
6087 3660 1000
6249 5277 48
4617 2508 7
83 8299 -708
5007 3362 682
9085 2773 -230
3289 6985 577
6857 8302 3
1131 3789 -450
4909 3943 18
6116 3992 566
1449 7585 -447
645 2570 368
7239 7200 -993
2475 2471 -180
4567 911 -439
1373 7801 772
2732 3695 -3
9250 8141 497
1821 7972 -405
737 2430 -453
3712 8979 854
4670 5981 685
4591 2084 -591
5366 6870 310
4686 167 22
4439 9274 -522
899 2768 124
6539 8057 428
1242 1489 -562
8363 4330 847
5144 640 152
3673 4491 978
3323 3482 -608
25 9332 851
4463 6319 867
2060 4504 -490
368 5414 -912
2569 8445 -298
798 4218 912
2606 4310 -176
865 9367 -337
1510 697 -421
69 7756 -771
3845 3150 -332
7757 4826 -192
4047 3505 -120
403 4351 -913
8521 9209 429
2377 8938 197
4674 2122 -265
8183 2819 93
4452 4274 909
2190 8803 201
9179 4333 -208
8050 5971 58
114 6122 -789
2633 166 -663
6993 264 176
3348 1417 892
5832 4307 733
7399 2569 -539
1802 630 845
641 3148 -954
3897 393 -322
5047 8890 920
3472 272 372
8898 7563 -743
4047 5652 736
9348 957 804
8309 4085 -143
4707 2778 -745
6345 9081 398
15 3470 127
8628 5347 773
7000 7566 -9
701 4257 -980
4917 490 -119
5180 8117 951
3863 5805 613
7149 540 -361
2782 8598 96
4509 2944 180
1529 202 -148
4159 9070 -407
4583 547 -960
9102 4460 627
165 7564 -682
5234 1415 738
6212 7340 -525
9059 6555 940
166 994 -881
7908 5732 384
2680 3250 -175
7570 6794 -705
484 1444 -543
8172 4637 203
8959 7026 442
3581 4341 -576
1380 2310 -5
6560 321 -631
4791 8493 386
7543 9094 553
4190 5655 -927
5453 4227 858
9028 8228 -215
4977 8985 -260
8073 1654 454
976 2862 -212
9190 4963 477
7445 7122 504
8232 2079 436
1667 5903 560
1718 4634 -520
9143 1969 -440
3099 3255 416
7011 8757 -582
622 486 626
2449 377 -567
6568 6701 -310
147 425 394
4079 6429 -372
8375 4198 952
4505 1507 -394
5256 1731 -566
7219 2660 523
5370 6005 -497
2475 4903 -966
3211 7712 -563
7775 6697 443
6667 7171 37
6095 7123 454
6877 8472 -67
5324 7756 -362
3768 4728 -912
2448 1675 487
8625 4770 -581
3563 1788 -10
3816 927 861
1147 2753 -479
7199 311 56
1629 2328 -171
964 5745 330
3881 4633 -64
2669 2265 -763
8131 5489 -24
7440 4184 272
2252 7712 -67
3387 7923 -96
7712 3374 53
8214 939 -57
8275 2671 -45
5965 8494 513
7943 1030 485
5815 274 168
3755 2204 -188
4339 2111 741
5280 6189 939
1376 1615 -801
7408 1588 460
1858 3152 894
5068 5701 450
1195 5910 -843
3764 1671 639
1027 4836 535
5546 2616 -938
6451 33 -851
8972 1826 61
1787 6524 584
1208 3374 523
6795 3883 -209
2805 8074 120
125 204 449
6533 2388 -143
8688 9135 -431
6372 3338 404
3333 6370 884
2494 3660 184
7727 946 -868
3182 9215 968
5964 8507 -508
1189 4516 798
5136 1943 -843
740 1168 -541
8497 6623 205
6914 534 -380
5813 567 968
6582 2485 -803
6193 2663 -691
5785 3631 -986
7607 2383 -717
592 5691 -670
7341 1369 -586
1366 8741 787
3951 7939 -697
6657 2172 -252
4787 1355 256
4444 3488 -777
7946 2001 745
6543 6411 -944
8812 3494 606
353 8284 295
1278 3592 -12
6179 2185 -308
6924 1189 -975
5631 3049 -35
2187 6643 -478
8650 8422 -747
7909 6131 -174
1719 7553 381
1239 978 140
6217 4765 213
3032 381 -439
4133 659 -231
3076 748 24
484 5151 -764
1569 4174 40
3038 9392 -765
139 5037 276
3064 1783 -184
1304 9026 -787
2905 5337 -56
1700 722 -979
4304 3484 -779
675 200 849
3215 7534 -118
5909 2648 -336
5934 5700 246
2228 5932 691
6108 7967 190
7878 5497 -205
3890 8250 -804
8923 5082 -217
6846 7757 -129
5436 521 -318
7277 3047 -189
1489 4825 198
5242 812 631
1737 6195 978
8236 8076 440
3621 2868 -93
7399 4643 -874
5416 1896 -816
8668 753 -439
70 1543 739
1304 5832 593
2016 3162 -140
2234 952 -251
4731 2429 579
7043 7354 -471
5350 4436 828
7676 4713 -430
4346 6690 209
5303 8023 572
6618 6745 429
4840 3207 930
5710 952 -830
8551 7594 -765
4200 1787 401
4287 4197 -432
411 4276 -950
2481 4539 -39
3043 1233 523
3412 6989 -521
7216 4705 -922
448 5957 237
1383 3210 876
3503 8545 -434
1276 41 -289
5590 8502 12
356 989 -250
8401 5444 -581
8860 1105 282
7641 4951 -683
2911 4329 144
4623 7107 -302
4838 3993 586
3165 6415 621
3099 7103 347
1257 2548 -208
8063 1584 -774
2721 7008 695
3385 3313 -271
7505 4167 213
4686 1444 -808
6161 2541 189
2555 8033 475
662 710 554
4550 7788 338
7878 6303 -408
5961 4510 868
5149 5315 212
8353 8619 891
6391 3268 723
1628 7353 436
8363 2834 804
7644 9132 647
93 6695 88
2928 6277 156
7060 3702 -449
2007 4714 832
8119 9240 608
910 3113 109
6107 1449 138
5241 5940 571
3462 2313 -992
6048 2055 -786
766 743 -50
6380 9385 652
2110 4899 567
5584 6169 -692
4107 6549 -568
119 8112 -975
2038 7783 709
1258 6766 -470
8542 4477 830
9240 7800 -581
9250 5415 -471
6905 4413 -190
5493 4234 -873
7485 700 -232
1907 3169 545
7012 650 -815
2692 8112 -264
5993 6964 986
7481 6264 48
3091 1905 160
428 2945 965
8364 9182 205
7664 8919 102
6790 1601 -742
5713 9410 -138
7346 7206 -277
3404 2292 550
475 8330 186
4809 2602 12
870 7992 -677
136 3254 606
1891 7777 863
8786 7296 -815
5850 2697 -172
4976 2323 866
4450 2292 -364
3696 3703 -299
1395 4350 812
4414 4044 -547
8646 653 -246
6260 2832 178
7141 8933 663
445 3944 831
4896 4454 -200
1952 3702 62
7817 3898 -716
3560 4482 160
192 6628 -410
672 6256 421
2520 2584 -128
7539 4409 899
4977 7566 703
633 2785 -631
7178 7896 -46
6120 6763 -678
956 4246 -50
9412 4669 713
5121 8648 146
9501 4880 -967
7689 2826 717
8404 6334 -619
6126 6869 -217
3067 4239 -789
7957 4414 -557
3431 1245 573
5274 3374 -706
5004 5393 -327
8102 3410 -687
6559 8104 -911
348 3611 257
4317 3463 -734
9107 2592 98
4985 5516 155
3525 6011 -217
7582 306 703
6804 1355 367
3713 4143 288
1705 3589 -135
8471 4621 78
3816 9097 336
4565 6368 -922
2037 7323 263
7744 2217 266
4412 6958 -640
5025 5124 -730
3237 7614 126
2110 281 -434
2861 530 208
2975 3816 452
9332 2821 -785
6880 4936 -350
6990 5132 276
9245 9180 -267
7434 8565 -681
6101 7568 885
6369 624 -41
5660 5522 285
5344 4342 -717
4303 5494 555
1562 6598 600
6108 4008 381
3222 4706 867
4522 8067 -73
7872 5505 -73
3684 2400 442
9437 982 631
3111 2807 -140
3937 8193 -228
1470 1892 -119
8419 1616 -309
766 6630 -97
4894 6657 484
8414 5508 -730
7906 1933 -672
8048 4898 -715
2357 2234 -769
8838 6869 372
6431 4168 365
7177 6760 178
1722 4074 771
6733 6869 77
400 4922 854
6711 6371 -591
5344 7971 619
3678 4009 439
5074 7365 -317
8235 4054 478
1408 161 559
5422 5928 -799
5806 3422 923
8796 3837 350
8899 5725 417
4586 9342 -422
8879 4865 -44
6889 6208 -723
6117 397 726
1428 4737 -158
6509 316 415
7704 1860 -454
3783 8340 933
1099 1234 -626
2399 6144 975
614 9162 353
8500 562 -492
4853 421 38
2694 6824 -508
6782 8701 525
1987 3836 452
7932 3041 -184
9065 7018 54
2846 7291 457
1952 2976 -920
1749 7124 811
8403 2734 -250
8920 8721 -423
3598 7736 238
9513 8329 370
8161 2011 -943
1531 2623 349
2637 7737 954
6034 5574 -263
8522 847 183
3555 5167 -929
1255 2126 397
4168 9347 763
8911 1544 619
288 4312 659
8174 7081 163
1504 1408 706
8733 8827 860
4789 1501 447
4381 4503 -566
7279 7824 735
1971 1509 892
8692 3224 333
2878 5463 310
8065 8442 46
2119 9073 262
8229 1320 -539
6001 5095 -376
2376 2900 -471
7650 6070 981
2383 8555 -223
7100 9448 -768
3040 4184 -57
3887 2745 845
3090 6903 -827
5384 4944 -367
722 665 -605
1591 2068 196
4572 4292 -986
1185 2296 529
4857 1789 -352
1592 495 -422
6397 1078 -913
2788 8091 674
3156 2516 588
8351 4685 161
8818 7908 -707
8975 8604 -93
384 6337 506
6342 8760 214
5919 5577 519
2420 3401 -484
4716 106 -583
1190 3774 412
7490 978 597
6212 4019 323
9134 1600 -245
5482 4672 -524
4237 7317 -81
3114 1509 -538
6240 6060 851
8498 7778 -219
2694 154 -530
5250 3634 653
6186 9403 -607
6769 2464 -548
7394 3804 -760
8899 1493 -442
1534 3853 374
5889 5954 -678
6819 8588 -230
7174 2033 -194
9392 464 -180
3822 4111 -544
1757 3823 650
7340 8899 759
4595 8507 -647
7138 8739 -723
2371 6605 -252
7832 7994 722
3496 7477 76
4559 6795 -993
816 1060 -596
1386 1340 -3
1417 4261 -354
6549 2080 -225
3579 1215 165
1953 5954 431
4492 9074 -55
1548 229 943
6388 146 998
3424 8225 -912
1589 3884 -955
64 3130 -998
1556 3726 -373
584 7706 842
5578 1304 -165
6849 2801 554
1216 8637 -988
6215 2732 -557
3023 3897 -248
6949 9088 491
8526 4499 837
7218 229 214
5321 8444 -129
806 1177 -309
5712 6641 558
5223 2382 -871
5605 5600 207
7037 5130 -568
4967 8587 374
8173 7557 -411
6200 3188 -991
789 4774 73
4111 2699 -217
5924 9199 -869
7904 2049 -684
2010 7598 311
7779 1745 133
4350 2556 22
7551 3602 -32
6496 8322 -586
7227 7433 -887
9004 2440 122
2708 2686 654
3925 7123 502
746 8245 -37
6723 8202 -982
2847 5516 13
3052 4440 -104
169 1102 622
4607 467 -640
6676 9433 -163
3641 2278 112
1851 4057 318
6022 3672 -287
3246 2762 -684
3016 786 743
6274 4622 -748
5183 9345 435
7326 5938 569
7555 8614 -263
9217 4170 162
5716 5355 688
2055 4114 -868
6201 7416 275
969 4311 451
1940 4206 -157
2601 4446 -115
8326 759 -420
5126 4659 -769
8311 1648 -541
3284 3159 636
9078 5770 -212
8737 3922 729
5664 4912 967
3290 9095 -85
2761 7704 89
5658 2877 452
4282 3919 990
7032 4670 473
3314 1213 -11
4046 3312 -769
6260 1073 -537
9134 684 683
6026 336 -635
3231 6485 413
207 5690 592
5388 3909 -189
3923 169 -769
7513 5533 -993
3080 3668 772
2771 2479 -767
9101 7256 821
4467 7210 396
8388 5686 789
1928 196 280
650 8025 -481
91 6601 -525
7875 7072 -922
206 6549 100
5041 7458 719
2228 5004 -607
3944 1102 -489
6224 1020 996
7738 3819 114
4223 9289 -123
5241 3508 507
