12

979 4944
448 673
801 373
198 487
698 401
181 159
432 102
772 581
147 871
4 751
478 797
62 374
136 521
761 875
529 214
715 598
841 196
125 899
770 623
162 339
401 16
94 594
221 122
519 567
539 342
171 272
685 609
82 365
246 98
878 261
124 272
659 186
536 740
757 457
575 118
189 279
500 489
559 711
598 748
359 328
162 963
748 55
750 770
676 574
464 914
891 416
663 190
656 744
650 516
833 236
45 78
838 528
279 481
912 765
52 331
56 782
230 368
832 105
560 430
7 22
599 7
28 979
765 379
775 776
583 701
739 679
145 777
130 713
180 811
248 538
217 521
400 937
69 468
226 913
631 437
365 30
675 764
365 948
363 109
918 639
387 91
762 594
636 296
397 64
69 810
267 907
87 10
9 971
453 273
94 802
899 52
129 408
442 98
575 460
300 575
17 292
764 878
932 674
692 613
714 544
490 349
253 30
454 304
704 913
468 946
483 675
887 522
801 496
444 964
961 584
878 827
809 925
208 378
336 335
580 533
137 69
530 971
320 57
224 394
241 454
660 625
813 225
903 844
886 12
457 126
562 192
834 491
797 764
556 969
573 976
894 220
72 147
279 837
924 716
60 103
394 690
794 947
262 304
635 182
191 33
305 275
586 868
400 415
236 352
455 518
404 161
199 446
390 404
763 234
299 257
198 867
950 536
750 419
808 443
628 804
903 134
204 3
756 624
868 733
152 851
101 575
372 889
229 5
965 70
801 941
278 748
19 549
349 153
521 541
369 536
54 42
64 868
818 360
527 462
341 103
252 217
586 796
517 589
158 843
846 223
574 480
977 92
22 484
669 873
618 326
171 714
153 512
378 649
859 749
720 825
788 874
626 893
458 731
93 685
518 77
228 334
867 48
473 366
481 128
923 297
120 245
447 959
357 200
766 774
322 487
572 549
785 427
695 176
474 209
419 86
572 112
327 612
405 834
298 396
136 383
9 169
176 833
673 5
506 901
514 185
788 584
972 618
607 542
845 319
24 693
919 199
189 880
407 484
248 414
724 727
467 252
503 714
767 265
70 43
785 957
199 545
940 185
730 933
403 206
52 590
742 386
890 147
961 83
266 378
485 374
595 108
289 640
915 875
196 316
6 722
225 921
196 440
836 210
432 323
389 469
622 813
271 641
914 615
365 113
294 183
520 946
832 319
611 698
763 361
584 868
380 933
932 391
377 720
849 3
773 43
533 571
85 356
247 226
366 977
656 65
51 271
640 139
74 660
960 130
543 211
535 428
276 274
521 83
80 850
317 464
211 136
891 55
344 319
343 927
417 332
724 602
695 476
657 958
644 175
754 782
327 49
97 241
260 144
975 892
502 658
29 2
177 185
506 721
216 108
452 885
417 317
554 188
2 657
367 49
389 319
501 602
72 10
564 312
158 675
704 944
786 782
716 518
40 628
130 343
442 158
697 693
647 639
100 693
857 790
472 255
588 674
954 296
583 42
298 778
246 433
88 94
905 480
802 426
434 263
161 581
914 125
883 643
476 251
494 707
740 226
495 449
742 15
787 42
47 634
543 641
422 818
98 55
289 771
606 320
473 836
699 216
458 16
224 243
424 384
244 513
825 608
221 357
248 249
812 205
24 602
378 286
968 274
327 427
111 69
96 791
376 130
151 68
556 661
934 19
228 316
191 839
195 502
228 768
307 135
897 955
183 727
317 461
517 525
352 740
10 827
806 394
376 705
96 97
251 377
625 17
202 904
811 618
131 825
957 178
777 865
529 757
27 760
964 465
233 617
732 931
821 547
182 851
720 544
259 454
577 71
464 238
250 330
374 576
923 523
655 748
586 613
695 261
412 844
109 15
771 717
494 499
758 49
5 615
348 906
634 853
925 331
467 152
355 412
896 10
271 361
934 27
131 913
259 228
703 927
118 376
699 973
47 214
208 502
17 487
382 707
568 661
112 829
424 938
901 440
333 155
613 569
29 237
583 476
848 183
273 699
680 5
789 88
274 810
64 181
311 371
283 536
530 792
285 820
141 15
415 688
877 304
257 562
204 164
166 887
504 739
616 966
817 432
628 239
548 107
108 264
659 104
181 574
54 313
358 346
511 232
974 720
901 235
909 554
706 85
635 121
780 313
156 611
124 648
159 726
880 730
882 233
367 484
921 373
152 235
760 896
705 478
690 741
700 734
680 121
875 761
730 462
970 337
367 757
4 804
649 892
629 573
435 352
835 306
782 335
782 896
324 163
548 472
289 458
824 260
935 264
952 313
337 582
462 701
394 647
1 72
185 908
838 752
167 115
904 72
7 906
212 210
430 137
198 654
694 287
841 889
753 975
740 471
273 362
938 286
395 46
449 605
58 451
374 113
798 802
250 508
729 908
930 362
507 592
226 168
313 340
261 886
816 499
745 531
85 533
82 404
51 789
547 952
624 518
825 830
145 521
129 396
336 584
226 171
281 249
699 931
637 758
191 891
765 535
397 914
695 385
2 805
441 259
403 692
648 314
371 126
203 827
523 272
651 807
945 488
618 670
341 853
252 734
914 88
454 362
588 236
721 159
9 379
299 916
247 930
513 285
361 370
783 334
786 414
182 831
623 655
536 212
358 739
684 111
498 470
297 590
137 801
526 947
892 183
288 45
841 112
492 760
878 571
437 708
25 571
810 443
719 615
957 440
133 219
82 499
66 293
194 878
766 568
358 517
587 973
195 88
678 937
274 620
314 705
629 662
389 370
634 406
46 248
734 648
289 243
660 425
272 538
93 750
350 516
294 817
264 815
561 559
377 938
763 727
647 445
162 636
696 359
455 262
38 298
168 277
286 305
758 942
963 310
11 276
782 288
342 235
697 899
438 128
331 397
738 967
26 664
495 501
818 588
194 873
601 479
219 564
512 398
615 347
915 644
272 386
18 721
455 548
224 417
724 696
854 784
206 704
248 332
131 15
284 199
288 258
625 626
97 630
295 367
133 43
245 353
814 697
436 792
601 6
251 763
675 350
334 616
89 474
736 811
865 966
391 347
153 565
631 870
724 324
100 161
889 745
957 13
784 753
724 774
352 792
342 663
454 445
55 179
977 961
246 901
501 387
504 665
871 670
12 356
233 798
236 381
130 398
4 62
631 89
372 314
67 332
600 914
69 171
414 35
710 463
658 8
826 777
168 602
424 457
24 255
526 533
231 508
396 280
620 759
740 320
90 467
456 399
437 243
184 368
978 931
596 278
962 848
601 70
28 823
486 223
725 148
59 306
159 756
36 456
791 544
188 259
667 37
207 228
858 412
447 821
175 530
941 340
583 834
731 759
110 977
562 254
660 697
666 375
650 38
872 490
79 660
193 914
621 721
270 762
642 492
290 697
534 71
296 557
186 690
577 705
212 326
264 281
693 975
602 763
947 499
678 920
52 728
688 925
169 799
727 750
556 723
353 367
833 370
395 504
337 952
483 41
410 331
776 326
324 322
108 151
734 530
555 883
241 420
841 451
314 943
41 685
436 740
634 756
11 965
433 715
14 82
785 542
272 34
914 497
290 778
590 795
401 770
802 782
704 863
77 601
688 697
356 194
231 40
103 887
566 702
825 61
220 324
518 573
480 180
392 587
213 341
377 505
765 160
285 843
196 237
111 354
329 382
166 247
314 368
922 717
7 360
120 10
816 615
670 326
728 713
28 853
959 274
344 722
328 247
473 575
700 925
921 531
702 119
574 177
209 255
100 813
311 284
376 227
263 933
840 146
439 882
671 163
228 60
122 539
528 362
892 11
934 644
529 522
142 836
753 505
954 466
578 941
927 637
725 936
466 114
231 491
542 22
272 199
804 358
554 872
844 847
168 504
703 743
904 887
842 458
414 381
288 524
515 863
734 81
892 372
162 90
296 434
95 962
669 888
211 244
780 707
234 581
716 820
327 239
865 716
165 811
976 158
117 695
483 683
452 558
693 612
947 345
345 654
247 368
302 876
454 268
866 469
647 642
353 639
523 839
926 506
69 906
978 682
734 457
203 681
75 643
574 278
722 135
405 937
427 602
816 960
494 551
31 84
252 218
142 105
970 227
593 242
225 790
745 801
338 377
11 549
555 252
712 256
252 758
197 25
436 509
151 108
472 460
518 66
847 264
460 62
151 257
687 772
62 676
361 470
428 540
263 286
350 704
107 528
184 72
240 37
384 666
593 412
738 658
460 602
758 721
562 750
267 306
410 745
395 160
363 602
242 904
386 186
775 136
473 408
544 279
148 358
948 237
840 867
145 313
569 273
35 22
309 603
702 898
773 525
446 264
135 443
908 710
729 321
70 758
824 321
933 828
642 718
263 246
612 288
248 73
823 333
598 184
212 355
968 43
236 25
880 834
458 921
238 134
3 512
77 828
744 7
547 567
551 784
749 341
325 424
914 759
165 351
593 294
545 124
557 643
547 376
446 919
133 559
750 347
753 88
861 407
104 607
684 368
433 200
155 905
208 229
99 794
191 929
216 649
475 624
91 219
678 445
293 523
383 964
921 408
665 928
375 596
502 68
323 937
451 124
262 805
914 146
419 71
559 426
826 210
847 592
443 93
101 926
917 334
524 303
104 792
75 679
110 729
237 47
330 659
483 180
398 641
350 854
39 949
797 322
748 957
705 886
90 307
715 339
511 673
442 920
848 875
186 782
867 364
688 191
886 767
298 124
254 235
233 43
316 763
775 412
574 479
483 757
410 595
910 701
513 233
805 484
39 768
311 639
662 461
476 818
187 504
974 904
155 889
528 535
929 901
325 756
930 867
914 284
950 573
496 307
198 94
170 483
100 299
501 467
817 389
874 54
967 338
161 185
419 949
491 232
805 529
438 90
449 616
403 846
644 674
799 941
773 676
107 305
623 517
182 95
628 59
343 768
424 505
190 475
479 838
260 732
355 259
376 455
582 929
351 185
508 137
133 273
777 280
535 724
170 968
802 385
797 238
301 9
357 124
433 462
70 560
442 852
200 313
283 137
455 768
633 146
707 257
138 243
474 645
124 515
285 939
489 733
470 361
741 837
666 240
831 542
151 461
27 835
670 623
945 911
836 381
752 880
431 467
588 462
418 9
202 487
58 963
132 815
845 516
540 387
615 889
469 102
728 867
702 553
285 130
693 5
511 275
371 55
40 784
40 357
479 318
884 219
534 440
794 719
580 615
580 60
174 240
960 579
8 380
429 305
453 658
220 675
551 657
976 833
42 24
669 354
525 704
639 707
267 978
793 631
15 272
425 72
865 642
205 130
259 213
976 390
600 944
714 954
711 199
767 442
913 863
225 437
109 881
949 901
168 743
902 310
353 906
904 614
119 205
856 949
233 460
941 749
821 121
142 369
734 954
861 210
720 970
935 698
396 89
574 771
294 668
374 578
887 866
393 855
235 463
765 684
161 211
901 947
934 443
202 704
702 530
478 344
834 698
120 73
669 529
345 82
308 322
925 195
386 125
645 536
648 308
898 586
43 759
192 811
349 871
801 455
337 735
533 146
719 174
595 934
132 797
426 510
209 329
83 102
321 311
966 15
195 266
36 279
399 874
185 698
147 546
611 540
136 252
559 292
606 38
413 602
437 796
518 333
607 157
665 292
773 658
84 385
311 350
301 592
478 168
392 273
713 528
955 267
592 526
973 617
833 587
868 257
135 2
302 427
907 839
68 39
366 290
380 753
181 630
958 648
977 767
542 971
100 634
972 260
830 429
752 756
839 604
753 269
536 352
636 407
430 199
204 520
703 732
456 515
7 672
49 585
907 926
642 687
16 227
843 796
201 169
692 222
96 81
41 253
207 264
65 188
874 954
193 426
898 851
98 490
416 962
694 533
309 78
132 457
795 437
264 150
16 356
820 389
9 976
641 402
971 951
398 833
430 221
403 118
423 316
26 432
127 782
8 537
822 66
610 931
75 286
55 72
204 519
685 582
944 252
303 262
167 15
746 740
288 927
452 174
588 669
240 302
628 335
576 290
356 390
651 304
122 661
698 870
233 193
416 230
752 457
449 800
480 773
310 79
516 686
866 567
189 545
407 462
244 773
124 685
785 368
641 491
110 951
13 447
946 494
246 826
460 513
377 692
941 899
601 594
147 557
270 664
20 71
115 908
709 600
685 360
939 693
389 374
282 848
944 243
485 616
808 322
218 309
550 914
646 605
840 583
207 286
274 674
374 176
257 378
803 114
181 101
168 502
379 152
686 726
856 147
267 580
878 533
697 255
290 703
641 398
883 634
476 188
331 348
741 307
393 190
884 541
932 37
843 249
204 183
132 640
792 777
6 548
959 349
915 966
709 107
845 435
180 863
402 705
626 964
484 357
91 827
498 83
82 129
548 89
251 188
204 263
217 124
171 570
863 477
810 235
296 930
117 864
904 108
522 679
282 125
610 413
859 231
311 527
754 841
504 598
919 332
501 626
517 60
775 591
364 101
125 626
199 183
789 475
756 337
701 244
42 70
264 543
590 712
272 425
926 17
619 385
248 198
553 594
588 650
594 353
6 942
705 354
483 815
745 384
28 4
429 301
32 79
487 44
380 106
621 814
879 128
240 887
639 463
39 644
812 242
80 768
745 734
646 437
726 285
49 343
585 722
585 869
617 816
659 517
126 327
273 68
437 391
758 343
585 468
118 763
819 209
840 437
38 563
142 294
473 474
697 557
129 819
754 979
829 653
850 274
351 916
890 976
367 753
484 161
947 766
162 839
144 838
417 120
399 184
866 498
814 98
209 577
514 288
891 45
304 65
530 189
50 497
456 711
305 127
152 181
617 568
499 30
568 217
175 504
640 463
751 963
214 534
402 347
632 132
722 583
775 467
281 448
952 120
817 772
124 237
881 438
345 232
326 58
356 354
411 715
479 29
889 286
85 699
431 931
782 889
804 836
967 248
343 702
825 295
881 35
467 590
890 263
678 839
247 717
765 410
782 744
342 894
201 634
181 564
737 246
187 955
308 260
812 890
409 787
781 453
654 422
452 794
551 144
420 504
721 794
222 932
280 469
285 756
663 874
304 716
157 294
468 634
947 18
417 598
790 492
534 785
156 278
59 858
373 515
890 415
759 708
158 735
655 7
566 939
525 187
664 53
175 590
426 832
839 655
662 433
228 519
764 689
49 745
727 106
909 67
801 858
45 57
218 387
834 145
536 111
145 192
519 900
496 758
168 66
887 538
668 235
693 620
714 457
35 740
723 239
908 217
92 312
844 290
98 649
673 821
63 804
352 297
255 445
801 206
339 466
344 569
62 979
382 81
936 264
425 764
223 546
352 4
722 383
540 154
320 963
463 304
838 572
585 122
920 449
328 237
515 259
129 951
574 7
351 69
635 531
941 560
785 113
122 296
604 417
769 778
147 215
810 488
973 554
812 291
44 104
364 789
625 487
809 254
947 572
729 741
273 733
292 260
610 436
98 510
413 149
390 795
135 773
816 693
576 723
158 452
750 678
825 790
789 622
539 631
509 129
319 4
366 503
819 90
677 461
951 681
823 660
457 445
112 699
349 247
974 175
261 155
500 818
564 943
194 174
907 812
886 116
305 569
416 769
37 840
380 330
238 592
253 369
99 800
133 977
657 375
492 552
819 133
397 619
267 663
381 226
110 416
129 231
138 57
483 558
338 138
139 327
602 117
188 590
107 331
641 76
146 546
716 461
718 82
441 38
594 420
354 266
545 211
838 568
638 805
416 816
274 75
592 210
646 549
276 653
464 16
924 49
194 764
396 66
676 335
161 603
128 685
181 93
398 717
517 979
976 566
668 916
133 405
616 828
838 785
568 362
930 753
625 239
19 31
932 594
722 217
955 775
923 120
246 748
817 766
860 710
514 892
362 728
17 259
292 409
112 602
936 647
3 413
900 917
406 604
761 264
516 608
279 568
40 548
203 272
362 926
579 742
271 354
610 562
97 340
3 87
793 120
136 63
71 359
44 788
971 917
697 642
492 10
384 364
837 668
153 732
522 639
871 804
409 752
545 387
787 774
912 36
252 477
198 188
54 721
201 35
467 518
789 520
846 102
96 689
202 30
29 329
285 462
859 546
175 714
219 899
633 129
516 573
437 857
683 138
168 792
649 14
5 613
743 417
967 517
432 72
400 883
72 191
396 824
271 956
552 958
661 260
936 968
383 14
72 319
629 688
975 361
119 795
616 667
932 496
283 764
975 471
237 684
646 890
435 924
685 856
402 281
3 237
726 620
98 309
98 894
852 340
735 822
491 808
146 525
513 243
852 321
733 493
129 263
936 145
846 105
50 764
247 926
759 57
434 460
878 499
590 697
274 750
529 977
903 665
316 21
544 331
707 265
838 502
362 896
821 716
588 60
609 817
699 3
679 738
629 697
392 813
525 833
481 462
86 908
316 944
288 685
716 838
241 674
319 141
461 530
308 2
579 592
57 974
102 849
735 379
181 366
705 2
807 397
683 574
260 456
677 798
209 29
542 873
391 248
802 545
40 330
786 679
966 372
482 710
552 541
554 468
807 906
222 382
937 654
667 116
597 909
446 544
711 739
402 324
87 959
553 111
220 554
477 596
403 689
242 507
474 805
888 79
510 568
704 930
670 92
212 220
712 338
808 12
172 316
573 411
240 685
848 402
666 441
406 323
581 298
691 435
932 625
53 674
353 465
165 627
41 106
648 478
79 29
743 10
886 668
603 927
964 607
472 362
371 62
365 214
666 821
350 826
230 733
704 719
580 737
357 812
621 602
288 299
750 973
236 950
16 705
570 232
860 783
243 642
511 152
829 227
614 635
388 418
905 723
925 154
504 170
209 345
801 479
930 942
803 47
168 604
53 79
398 895
207 32
219 549
174 742
529 309
342 185
569 33
588 331
937 581
205 575
24 53
122 933
300 712
523 903
546 134
858 859
52 451
860 663
355 588
403 334
848 764
631 212
957 609
797 972
851 537
902 880
230 664
247 538
802 930
514 888
255 736
471 935
75 70
793 746
627 488
631 69
704 885
516 606
817 554
836 338
941 563
92 771
295 805
593 534
244 710
776 583
310 156
212 255
515 304
957 798
268 227
162 634
491 423
238 266
287 235
776 791
774 669
391 495
810 867
192 531
100 424
559 242
142 588
473 110
114 723
456 804
672 321
550 371
655 918
379 289
732 190
660 451
725 217
565 930
956 732
495 192
961 114
699 285
946 486
467 44
237 41
839 956
160 85
793 647
49 912
349 80
116 333
848 126
210 323
749 216
211 614
585 655
22 620
971 323
148 907
497 949
439 526
154 356
484 181
708 546
910 937
694 254
586 291
15 719
269 512
532 272
168 88
593 358
205 950
406 525
616 598
223 184
406 913
729 716
472 580
436 618
915 505
917 554
37 693
497 588
72 294
366 625
903 214
965 499
727 776
377 969
818 268
927 220
6 963
685 521
162 454
680 525
782 229
933 304
484 574
717 526
295 731
5 658
120 675
872 116
467 824
599 227
322 77
796 884
575 691
178 748
348 103
420 340
42 515
264 537
41 666
53 346
452 874
253 361
73 963
610 523
919 930
702 566
353 648
843 59
859 551
220 665
399 944
382 493
572 248
40 25
483 694
63 73
690 79
599 11
292 310
928 682
8 614
508 662
269 848
309 931
769 658
74 248
954 670
315 677
316 301
533 618
85 856
908 8
585 697
824 585
277 782
915 41
477 17
96 889
727 901
148 337
318 343
84 235
157 203
565 766
104 497
397 178
878 416
537 482
774 972
258 498
519 157
614 655
239 604
617 865
563 392
708 679
766 495
952 348
643 608
679 685
900 663
80 119
387 373
939 832
945 938
689 120
601 571
394 84
840 551
609 877
142 835
877 169
897 672
199 957
932 865
664 778
673 971
223 673
761 957
682 798
228 390
690 473
123 786
588 880
159 816
739 467
43 661
510 675
645 783
686 109
281 623
540 529
619 466
308 25
379 962
676 107
161 895
962 541
667 106
862 634
677 454
760 657
338 824
317 884
922 352
77 44
585 924
487 439
622 379
750 300
645 439
346 619
682 948
149 683
665 642
41 926
207 558
750 610
355 251
29 752
855 243
132 964
641 316
747 309
110 62
241 618
519 76
60 727
538 886
353 612
719 639
564 746
359 869
310 444
90 881
872 6
440 811
318 154
936 703
249 753
395 5
269 462
236 460
864 402
476 355
892 21
390 951
925 216
321 7
61 675
713 147
695 7
934 83
259 898
293 583
249 541
729 724
856 315
837 231
674 203
692 542
866 945
509 897
754 86
214 421
852 658
6 187
977 717
816 696
195 142
234 869
53 303
770 83
301 903
437 640
949 489
68 228
828 906
561 24
941 880
265 279
303 299
857 768
843 225
956 515
628 965
429 519
792 917
427 514
299 109
154 943
963 2
727 101
700 311
52 291
649 173
833 710
511 773
79 278
292 78
795 816
540 418
468 977
779 481
321 326
395 853
622 244
552 148
382 562
57 631
187 471
219 713
171 196
479 762
323 759
975 262
182 32
916 746
664 323
846 186
133 821
872 273
562 136
447 85
264 883
70 613
108 296
398 28
499 433
511 200
477 637
756 675
521 47
1 107
575 947
500 820
191 80
584 918
911 363
18 794
364 977
679 266
859 404
939 18
600 452
968 314
101 360
391 265
673 162
393 330
50 141
488 958
511 580
610 437
679 129
594 27
191 310
709 431
584 29
68 579
602 160
164 642
805 924
2 506
536 714
892 604
792 884
353 821
561 819
27 564
394 170
839 283
35 1
951 137
805 621
831 143
593 693
518 530
81 406
744 338
743 266
144 367
177 496
892 812
659 467
970 575
722 76
344 39
558 286
616 822
623 441
858 963
305 961
252 262
967 4
765 533
705 847
332 112
244 517
370 147
407 77
118 735
429 917
345 865
307 786
90 398
761 577
898 863
679 609
516 901
645 626
685 175
902 959
700 26
174 923
765 460
913 406
911 903
786 361
181 742
771 455
609 544
568 932
737 603
613 232
173 289
601 171
855 618
264 158
859 184
471 552
736 563
825 695
935 71
497 532
820 142
244 669
794 773
889 590
818 41
815 451
123 296
752 152
642 475
220 869
4 135
633 747
557 610
923 123
227 342
563 839
289 863
288 260
82 274
684 721
829 109
337 314
481 931
211 916
343 825
879 662
227 881
241 806
791 618
380 418
591 948
740 338
297 776
887 29
959 944
356 603
176 412
286 715
271 616
450 337
794 288
415 403
807 764
350 548
117 807
833 542
443 419
707 942
815 209
152 419
910 650
70 317
162 272
256 78
621 276
808 880
779 421
593 577
957 32
518 859
367 169
449 390
529 812
877 265
492 663
492 348
437 749
77 694
387 431
334 497
725 903
745 1
357 816
619 421
770 155
201 969
648 264
426 635
534 277
651 366
65 71
357 348
621 767
692 593
161 672
821 952
880 634
401 498
299 348
913 715
419 684
117 667
336 201
752 957
283 620
674 682
325 942
942 104
917 840
22 902
591 868
80 206
465 795
905 454
85 760
818 170
710 275
838 356
785 435
641 720
532 963
218 641
347 181
517 230
336 45
683 585
858 197
959 410
669 939
530 371
264 239
538 256
163 519
437 428
542 37
955 124
39 759
920 639
889 257
941 65
732 764
945 902
309 720
283 823
507 440
860 636
554 12
612 213
247 346
408 603
31 126
688 309
446 5
448 932
820 335
745 475
550 741
537 650
238 732
648 472
481 950
264 631
887 892
929 942
450 429
342 197
324 816
408 623
283 460
761 92
612 35
885 646
119 891
945 411
138 572
927 106
89 385
568 73
967 195
258 146
629 854
13 58
153 591
355 788
62 744
375 642
704 114
677 815
608 554
356 1
562 168
347 424
711 544
593 539
499 820
596 398
355 872
339 210
431 247
587 574
873 494
204 693
936 128
349 928
88 170
435 144
482 173
854 583
565 656
444 554
513 394
895 350
564 356
628 41
719 497
738 391
738 816
541 242
190 896
654 12
712 203
604 508
969 278
326 149
722 112
681 637
445 78
375 198
325 595
656 301
445 957
203 484
611 950
118 209
905 803
671 656
123 134
378 898
287 155
881 899
458 58
574 819
645 801
797 858
845 61
47 460
819 31
234 932
36 851
306 544
37 230
314 605
849 503
649 329
942 934
393 541
106 51
283 913
638 191
365 944
179 438
436 613
697 309
129 11
370 106
833 578
887 510
564 3
596 874
51 240
588 841
770 670
788 158
612 941
603 344
120 600
279 242
245 357
978 856
251 746
892 90
527 814
345 726
622 25
120 756
4 675
582 726
55 798
850 622
618 449
27 469
897 878
393 840
910 280
108 787
587 701
415 236
205 958
734 113
848 175
231 779
698 699
246 897
457 823
263 40
334 873
512 604
252 18
656 384
151 141
787 627
222 820
133 903
481 110
905 386
670 182
230 355
538 602
285 567
543 411
256 816
5 609
826 146
221 422
263 206
429 23
235 773
644 288
880 510
936 288
789 898
882 548
811 413
478 171
687 518
686 506
339 765
971 336
513 413
507 745
127 128
678 272
22 739
823 149
760 893
686 176
876 330
692 95
620 351
590 710
531 75
515 328
495 200
425 4
43 725
190 243
725 401
926 953
466 651
863 208
150 456
948 685
273 274
330 706
143 845
311 255
314 833
341 450
206 633
418 738
875 383
413 651
215 78
288 816
473 462
660 870
458 410
956 113
956 359
134 48
579 709
232 174
958 960
604 203
248 14
128 505
187 636
383 686
884 532
170 850
403 795
668 739
293 431
69 256
864 693
953 917
808 112
925 765
440 426
646 741
860 187
26 536
188 575
907 681
779 743
379 175
881 889
418 481
494 249
499 332
412 709
193 362
46 564
88 523
135 639
343 711
276 406
396 613
937 416
115 924
97 441
228 645
745 501
748 51
548 954
928 630
929 116
223 898
95 404
6 940
61 260
431 49
444 569
728 63
644 694
768 833
144 208
291 716
952 711
789 187
662 655
795 812
795 403
388 232
194 567
358 217
710 727
676 182
551 593
608 740
314 930
202 292
320 566
392 131
196 838
639 498
931 960
307 487
626 46
889 827
94 61
494 454
204 549
975 11
316 111
355 585
64 677
28 347
260 498
140 842
640 744
217 406
642 4
553 44
75 397
899 56
284 592
774 521
352 224
392 791
318 302
466 119
816 125
873 744
729 371
657 510
824 431
959 591
146 743
59 200
537 544
437 607
853 456
26 39
373 849
726 298
619 172
547 475
160 823
216 148
180 589
805 682
809 897
457 564
332 178
204 973
868 722
315 889
134 479
707 233
11 790
195 136
892 546
505 800
841 670
18 188
715 622
662 550
312 244
832 349
388 94
906 521
816 972
465 242
142 848
157 220
105 155
414 352
443 786
914 335
818 366
347 242
75 309
115 795
524 223
546 950
914 21
544 172
92 249
75 934
141 797
354 976
155 411
176 4
674 200
820 415
326 416
729 597
256 108
441 738
95 237
904 874
615 578
742 568
338 594
889 546
708 34
654 99
73 520
610 309
969 716
270 182
125 885
734 460
402 22
67 527
833 346
348 137
395 779
890 86
84 702
712 767
675 501
599 897
622 972
620 468
405 968
477 46
759 518
561 462
744 826
122 697
781 619
250 789
588 251
90 155
823 74
778 627
458 144
169 520
741 818
925 332
463 929
167 471
379 977
714 937
880 883
570 784
474 879
205 629
956 147
830 454
812 693
579 194
757 398
49 518
232 354
791 160
360 780
714 816
911 766
179 781
273 190
766 717
876 784
295 147
315 394
244 28
464 730
799 856
106 576
233 856
324 138
197 701
435 350
756 247
611 793
80 266
778 10
691 730
198 806
729 326
503 887
650 263
327 292
384 176
917 10
611 870
706 168
777 882
862 287
669 751
726 319
946 520
565 430
133 958
604 927
808 856
608 21
554 356
502 667
402 322
393 822
480 664
27 83
906 313
618 402
692 490
748 255
711 5
531 355
346 241
1 359
573 431
42 35
553 792
687 561
101 446
546 541
599 261
343 810
99 692
394 62
606 615
665 415
737 174
206 219
210 230
249 628
838 598
50 639
311 185
459 935
769 449
771 774
406 852
449 282
709 45
564 501
571 806
610 727
682 373
591 648
388 598
45 329
817 304
506 249
622 118
378 884
516 252
37 618
76 110
576 783
332 448
225 717
134 1
136 736
27 524
412 424
397 316
309 101
554 385
365 723
846 323
867 804
689 625
754 812
525 203
176 81
730 789
13 439
438 355
163 736
385 251
633 940
740 880
501 702
523 791
636 884
798 517
624 852
966 66
557 546
971 434
348 588
58 659
477 964
973 352
756 30
26 504
779 721
602 695
859 914
979 765
199 807
191 118
738 964
593 277
495 93
243 684
615 671
281 596
69 311
945 393
783 527
73 327
364 373
788 88
97 739
331 580
103 934
588 593
121 902
871 654
413 448
566 272
808 618
559 679
400 955
77 151
681 478
555 155
665 52
743 677
389 546
19 714
827 686
934 198
666 275
226 766
540 73
662 73
956 422
946 743
602 69
301 647
701 829
416 767
971 312
348 762
183 102
469 787
738 507
528 656
670 879
911 916
71 486
418 350
347 300
195 683
146 895
812 959
871 821
627 484
341 838
677 531
51 71
805 764
436 882
829 412
957 199
886 280
809 852
127 251
927 720
287 175
16 567
956 646
808 393
661 927
439 559
613 288
582 266
461 619
156 857
216 447
514 551
950 473
255 133
420 198
701 392
791 656
578 520
468 360
227 724
907 310
670 854
814 650
750 175
919 713
723 23
478 213
386 536
25 702
350 86
336 749
9 364
321 386
371 932
319 582
106 830
450 659
169 660
588 909
937 131
497 65
371 430
80 961
635 490
780 977
142 771
290 526
536 202
625 395
187 857
472 763
641 763
214 805
480 763
19 764
973 81
354 739
759 399
638 178
396 86
664 947
452 276
352 175
406 726
596 213
118 383
750 955
82 834
435 66
22 388
309 234
58 708
807 746
774 790
831 963
704 547
6 257
190 760
926 422
603 864
104 376
541 677
624 880
782 38
735 68
457 757
42 862
370 792
407 418
300 792
796 693
313 545
801 550
911 553
697 450
215 944
607 81
38 622
166 464
6 974
687 22
49 105
624 649
738 873
259 949
695 305
705 968
171 97
173 690
173 269
839 400
285 548
192 252
915 747
659 291
682 895
167 686
701 807
38 164
761 811
760 421
257 219
128 561
552 817
845 668
807 624
336 948
574 269
597 497
742 177
501 71
619 499
195 78
578 572
141 908
242 766
195 877
773 102
294 540
540 791
210 514
887 72
169 883
821 365
618 975
73 738
858 261
14 285
508 117
327 17
773 565
835 15
139 113
910 767
140 654
179 925
623 116
326 796
953 88
455 952
684 902
294 821
480 172
26 447
274 566
356 185
263 671
159 259
387 661
181 818
731 832
80 171
560 80
844 971
227 355
121 287
272 366
654 537
144 648
694 15
149 813
684 863
3 956
571 847
23 443
66 312
84 516
621 586
634 765
108 931
713 519
381 70
844 436
166 966
403 662
818 977
442 58
377 918
746 691
561 168
780 691
844 774
654 827
414 60
567 110
168 5
82 844
182 8
424 42
928 661
794 883
635 835
827 91
357 62
79 732
621 364
380 881
307 403
110 805
365 633
293 236
766 302
825 617
423 391
83 773
544 753
172 722
231 617
734 548
309 975
386 794
76 489
574 632
646 933
223 33
499 552
631 787
851 553
393 526
28 510
912 329
538 266
236 377
492 198
809 215
41 893
74 420
218 46
389 21
444 667
839 940
225 859
31 862
341 423
969 582
507 899
950 149
742 744
899 149
75 522
791 176
737 876
595 870
153 319
890 535
686 836
174 761
13 762
801 593
433 84
734 408
141 806
697 109
236 543
402 614
203 283
519 586
887 972
237 658
579 314
943 47
393 268
491 859
748 53
494 75
822 665
780 178
73 398
458 849
177 293
793 594
774 540
424 235
133 871
190 360
764 680
493 51
194 288
958 869
695 58
484 806
898 344
846 887
577 340
134 339
469 347
785 682
92 343
92 144
681 278
69 532
513 609
336 769
758 772
405 740
484 867
86 43
910 180
166 730
74 444
679 2
438 254
402 503
959 521
929 795
669 595
659 772
88 240
694 431
876 454
559 655
625 319
200 777
183 739
809 176
314 78
978 145
244 424
249 35
358 400
859 64
599 347
679 352
441 292
772 634
5 166
187 508
133 332
137 502
212 926
543 698
927 204
857 717
108 543
531 94
425 305
936 220
114 597
722 254
577 734
189 101
136 335
471 180
447 540
528 390
40 320
548 390
694 685
204 893
414 31
671 60
478 157
958 118
778 143
554 926
727 224
875 878
744 774
487 668
646 743
200 379
29 469
97 895
39 884
281 636
799 967
212 739
432 606
894 738
274 583
520 510
367 870
882 198
867 476
263 156
619 175
394 93
714 610
731 387
450 364
646 37
347 410
792 754
557 184
92 818
409 69
729 524
303 545
697 87
569 77
338 54
772 793
298 640
634 230
923 636
229 547
610 670
801 725
10 214
197 714
272 330
607 233
533 320
133 449
242 430
116 65
387 939
772 286
361 504
618 344
284 143
281 603
748 433
966 120
345 468
897 519
308 261
810 788
80 103
526 832
888 137
688 683
946 886
881 538
175 87
859 207
477 344
678 74
128 316
403 600
542 799
365 752
376 972
585 312
181 173
109 960
257 735
535 211
88 443
705 217
979 528
142 376
943 638
692 404
450 779
289 529
471 436
592 667
16 544
496 213
166 536
810 961
394 688
462 116
429 767
379 529
875 166
640 33
197 777
953 619
678 391
516 294
666 922
225 45
554 154
942 504
564 843
454 768
529 354
964 506
401 857
676 743
312 460
133 266
496 435
96 680
812 105
26 492
152 863
465 82
864 913
545 920
300 695
361 334
160 378
345 516
90 442
551 972
400 894
935 365
862 791
313 844
831 657
378 312
64 198
279 558
719 541
581 122
339 259
674 505
196 408
513 957
592 942
458 265
25 513
26 725
450 670
300 545
392 322
891 398
48 550
52 308
749 613
341 111
516 890
852 968
49 941
709 284
18 954
88 949
947 427
289 884
416 90
201 762
787 863
937 635
612 614
956 171
960 948
665 597
62 84
91 21
637 618
661 33
667 680
344 515
105 171
592 79
274 24
215 195
386 312
170 509
5 631
65 670
245 824
291 248
412 543
915 774
826 736
848 872
833 355
460 819
210 231
7 105
512 74
345 884
492 170
623 68
971 114
555 172
920 362
756 731
831 929
741 766
393 147
841 436
116 884
325 945
552 64
755 485
518 451
539 263
812 676
300 395
745 795
672 617
582 172
235 275
718 412
265 99
910 437
245 155
528 675
322 299
390 265
507 877
694 563
979 711
76 868
259 865
955 542
630 102
888 641
594 132
602 802
301 362
231 692
162 413
427 345
934 125
700 80
116 641
725 72
972 214
910 844
620 223
615 133
369 590
819 222
842 634
75 376
720 558
223 320
425 281
99 334
337 431
874 396
600 648
107 157
820 182
714 810
806 31
400 867
172 511
164 668
962 67
727 290
638 851
87 59
108 279
53 877
30 269
827 763
962 316
518 740
367 726
152 296
44 193
862 725
870 125
354 960
411 120
872 709
819 913
70 735
107 611
146 314
130 512
238 609
166 194
900 633
850 444
832 95
38 359
157 804
672 520
927 320
216 522
698 632
327 270
713 739
220 894
830 483
357 495
190 2
598 304
502 197
38 326
801 530
27 612
640 299
78 530
753 246
56 34
679 529
683 312
786 291
356 464
99 452
65 609
652 40
429 275
925 945
486 841
824 736
622 447
767 871
343 170
550 216
354 283
807 870
709 971
738 619
11 634
528 288
136 804
537 73
21 88
131 805
81 837
813 140
317 103
641 471
599 671
646 215
105 386
912 30
859 313
805 402
237 133
371 795
113 450
963 832
9 225
158 638
744 402
29 814
931 556
286 466
605 208
529 357
346 783
594 921
773 10
666 147
355 490
138 230
882 710
624 33
562 15
533 804
200 10
851 900
113 153
663 196
573 547
27 317
726 480
708 811
202 274
875 112
488 398
765 421
970 777
823 959
769 876
863 779
590 275
505 742
900 623
595 273
570 946
898 413
580 731
230 899
536 648
177 822
269 16
881 919
383 318
636 39
150 245
579 344
707 815
83 210
781 727
412 30
286 469
897 133
949 886
344 742
200 736
458 819
661 605
95 570
521 234
79 134
19 192
709 885
176 308
360 17
877 756
104 403
125 698
971 627
123 957
694 901
941 515
429 718
575 780
303 85
548 238
237 667
734 363
632 673
882 678
294 375
956 238
631 442
960 292
723 256
870 940
703 776
892 70
912 583
144 977
736 8
809 356
844 366
937 20
222 46
811 424
135 856
778 844
943 10
784 641
675 319
15 774
753 803
593 100
147 301
934 439
126 113
611 901
794 403
129 841
545 322
504 830
47 438
820 972
927 936
324 38
749 696
977 197
73 949
848 834
78 390
43 736
335 107
639 336
835 604
590 365
747 821
128 501
54 513
536 543
169 583
205 502
756 541
578 317
139 894
447 393
431 788
617 38
123 882
968 565
825 140
854 648
239 43
901 596
463 722
585 373
707 336
186 167
285 431
693 466
472 714
126 589
821 691
471 388
330 677
894 898
96 410
702 268
890 800
427 98
176 925
708 590
686 632
422 891
842 21
932 300
73 619
883 310
855 859
131 965
478 786
118 864
891 544
413 881
565 372
107 497
803 620
247 824
808 44
768 349
182 178
974 18
522 435
231 670
338 634
636 482
122 37
971 459
50 668
324 451
296 374
625 717
473 111
523 59
466 887
62 417
687 493
871 64
104 290
565 91
133 914
414 681
550 927
365 197
259 789
247 44
759 558
295 245
299 20
719 533
265 351
691 160
512 606
801 672
714 195
328 410
199 649
183 772
321 402
791 670
683 857
213 861
311 387
120 209
637 372
9 111
639 624
877 880
98 260
18 455
435 527
895 433
203 833
824 191
244 712
150 619
334 244
100 223
384 154
656 684
894 492
900 36
954 634
786 191
901 17
225 208
26 310
779 860
356 845
529 437
31 118
931 499
381 382
646 765
648 877
974 834
919 24
425 249
81 68
708 298
781 23
909 34
512 410
397 952
34 978
1 954
296 261
348 860
147 868
884 142
155 586
101 335
928 773
108 867
66 729
88 257
677 705
90 45
695 173
203 838
574 859
920 200
632 552
886 375
796 190
62 789
714 379
893 553
160 344
932 560
366 667
221 289
882 374
701 674
758 286
172 304
929 945
605 811
395 19
951 627
123 345
221 783
331 107
702 565
595 16
26 160
634 61
86 438
501 580
429 304
302 8
415 278
474 894
733 226
842 916
458 673
476 256
269 564
759 870
468 258
338 724
500 891
915 284
892 868
252 401
89 625
329 852
54 86
84 449
203 386
791 33
944 706
399 299
444 388
801 38
105 593
52 677
146 67
517 381
216 249
523 74
10 478
47 951
457 695
658 898
416 462
452 975
524 408
221 531
735 817
350 715
97 218
284 33
686 192
393 575
709 225
764 344
19 332
453 419
898 669
497 193
386 51
297 33
208 63
299 392
482 936
799 878
319 965
303 127
394 825
541 590
181 777
537 718
203 443
774 310
722 255
219 756
722 917
134 474
278 481
747 13
710 915
710 612
454 14
734 181
312 131
495 811
299 979
313 389
590 171
940 217
154 380
214 807
241 649
827 440
72 904
234 123
767 855
234 897
364 285
188 897
827 2
836 512
404 817
792 699
255 474
923 160
960 888
413 488
108 896
841 930
492 922
199 38
220 425
520 511
920 964
920 552
724 870
374 8
175 73
949 908
197 919
541 665
973 321
505 869
777 539
868 422
858 925
965 71
253 384
974 480
672 521
208 852
852 741
544 286
629 897
164 512
527 463
804 832
568 894
642 29
218 846
630 598
830 585
409 307
890 259
196 621
415 950
325 143
660 489
381 429
831 949
741 706
817 577
300 963
209 719
29 710
954 450
909 212
553 943
787 848
864 334
38 801
679 813
259 491
243 139
844 217
979 674
581 239
432 879
158 19
38 176
422 654
647 526
637 351
447 658
637 335
507 274
388 856
350 342
742 713
843 374
864 428
204 338
666 293
846 666
371 140
643 63
842 256
525 361
765 431
289 641
896 407
642 346
127 60
199 611
590 881
402 702
77 354
336 863
902 166
703 388
186 410
712 522
196 176
218 197
100 748
78 427
741 145
37 314
558 201
838 110
390 16
484 768
32 385
674 816
768 960
61 667
623 706
55 843
47 361
884 372
975 607
390 789
652 504
642 577
676 359
135 149
840 317
824 930
922 317
889 283
146 8
130 901
268 664
313 521
955 950
607 423
923 762
84 460
907 356
851 801
451 237
752 841
911 803
364 519
608 952
91 652
275 603
441 327
519 324
297 29
760 99
922 446
796 97
335 615
798 261
488 870
929 576
664 692
898 784
518 457
605 672
226 28
887 234
464 905
528 483
40 412
451 436
344 516
182 755
9 579
438 617
735 600
648 6
760 833
525 167
718 262
677 667
621 896
967 227
197 676
212 876
235 396
668 156
409 262
304 476
339 504
158 860
359 62
960 592
552 178
154 371
535 620
149 716
558 285
501 691
856 425
581 900
30 154
379 532
412 830
470 973
31 651
109 462
572 471
681 355
20 449
42 588
577 79
833 434
869 340
635 433
156 846
858 881
821 294
623 720
58 972
864 700
920 9
58 639
280 232
299 196
246 280
62 949
32 14
427 133
69 567
823 34
552 948
471 862
42 187
685 61
499 86
504 320
589 923
550 211
880 230
934 114
363 142
408 924
867 951
382 2
955 372
377 313
584 191
498 484
710 547
622 705
237 583
682 724
918 11
188 487
808 916
245 242
500 110
799 284
327 356
784 107
159 456
269 749
201 884
492 114
431 533
203 159
37 940
306 962
829 106
850 817
579 501
853 356
937 139
476 825
603 491
363 469
589 756
552 955
976 658
739 51
649 154
596 186
26 785
871 783
86 886
51 900
417 336
881 350
950 848
229 375
656 354
25 674
84 287
846 685
317 536
156 813
525 946
819 769
180 110
130 839
810 646
76 15
845 575
884 217
776 226
778 202
320 46
674 852
142 621
569 711
343 52
380 61
884 915
613 833
9 280
362 901
701 937
60 288
102 808
372 651
194 714
798 939
507 420
752 314
533 720
443 95
823 620
897 524
430 806
43 164
255 862
147 115
857 634
856 947
855 368
450 92
971 291
602 442
475 563
528 530
316 629
245 874
763 702
582 603
71 720
18 139
951 455
772 288
459 464
144 246
630 217
561 860
157 11
137 758
323 161
508 777
345 528
134 804
713 848
155 228
644 823
603 663
689 45
763 617
449 190
743 335
677 382
456 846
745 861
238 63
916 67
739 630
882 322
794 672
8 235
942 626
597 738
302 856
33 783
230 100
750 90
678 727
320 23
899 646
457 191
938 503
348 398
29 145
693 463
513 438
16 234
144 319
370 145
316 9
256 196
169 886
206 141
30 569
359 575
965 160
217 687
768 414
418 366
754 724
496 684
22 291
122 730
562 569
432 542
877 644
570 602
710 185
473 748
330 914
42 920
939 97
98 707
533 536
615 874
29 249
505 707
489 409
942 149
950 62
952 969
746 575
275 754
517 287
807 647
405 448
673 885
428 300
605 757
642 559
711 725
347 45
809 81
205 222
354 760
137 947
615 72
265 153
139 237
721 603
492 219
311 689
187 911
469 955
650 755
653 614
82 335
357 372
829 20
524 692
391 157
738 740
796 543
693 375
15 353
745 365
159 260
768 334
471 605
219 436
737 420
425 381
428 628
120 418
578 751
583 11
345 54
327 567
879 506
223 614
132 124
481 505
462 5
523 581
229 209
321 656
857 147
583 152
768 754
636 247
769 175
823 707
493 220
385 617
588 292
599 717
672 866
283 779
403 362
164 73
536 178
816 93
210 324
29 640
446 630
527 811
931 809
822 71
492 862
535 833
682 320
118 405
829 366
331 10
8 909
527 159
822 644
683 911
615 456
484 42
496 322
684 243
425 247
155 967
707 146
411 932
148 251
431 626
486 182
683 921
788 847
774 782
607 287
863 490
60 856
103 473
186 824
460 431
859 70
172 942
158 916
901 795
364 582
567 466
221 205
431 676
39 478
179 745
541 814
92 529
378 324
838 303
463 924
90 466
625 178
787 927
538 641
403 591
812 621
978 713
393 265
330 556
415 667
664 610
518 944
792 12
666 176
577 416
647 957
905 633
531 813

930 4450
908 341
566 194
626 652
145 903
167 710
367 853
387 180
4 135
768 878
453 173
504 195
47 317
657 409
531 790
309 204
826 486
268 375
846 925
26 120
262 253
781 301
857 452
208 109
89 920
734 898
182 335
661 93
478 824
24 601
581 198
280 184
199 84
505 21
140 855
307 267
387 563
19 639
24 189
405 85
199 889
198 789
54 489
238 122
517 90
659 238
840 173
478 492
301 426
310 609
268 53
508 658
514 317
382 175
73 801
274 281
20 280
352 601
918 908
171 834
8 352
316 297
447 342
174 187
250 549
859 363
493 414
644 575
121 297
478 749
929 681
745 77
728 147
122 438
32 469
819 563
859 622
894 366
460 282
892 526
261 185
926 165
485 790
606 39
716 150
499 216
455 349
580 339
873 495
49 401
432 350
729 851
453 910
186 478
441 846
559 99
392 134
176 851
251 572
503 583
30 240
680 654
219 26
431 690
80 734
744 629
49 609
35 927
783 550
326 626
516 760
39 299
284 33
171 601
464 50
526 707
856 649
431 77
198 456
577 383
264 645
460 467
672 354
629 855
889 641
801 828
159 660
272 174
319 15
664 672
455 919
59 150
867 559
334 209
45 919
68 901
151 273
536 914
255 495
844 243
384 134
441 13
761 827
501 901
173 424
13 361
448 542
527 901
877 117
89 796
700 914
645 127
520 738
78 830
816 862
48 227
534 566
545 750
617 185
158 24
622 858
220 417
607 823
5 229
847 265
26 624
549 588
691 382
894 634
53 186
474 308
325 370
65 836
633 649
794 430
565 458
414 613
53 742
224 93
79 666
707 290
139 529
867 442
767 659
365 154
613 249
632 803
712 88
343 461
399 912
128 770
880 647
752 378
464 383
277 500
333 845
763 567
252 438
288 530
679 805
575 858
244 563
517 769
389 129
318 57
176 888
304 269
12 214
378 626
508 549
407 692
384 405
737 741
171 575
6 847
727 578
68 794
35 28
715 347
773 481
167 86
921 35
44 214
104 633
504 894
402 41
609 795
713 292
199 449
695 907
244 651
26 63
544 582
673 3
395 846
253 57
504 540
122 706
440 63
646 846
373 638
150 537
211 705
427 331
873 84
619 37
12 205
301 592
325 839
696 293
608 850
308 555
93 918
186 357
926 522
831 343
82 137
337 919
262 539
636 154
703 705
434 436
162 273
415 161
551 483
683 145
284 860
496 197
793 113
665 804
478 270
466 708
68 219
912 156
419 504
474 670
254 703
475 203
794 507
659 247
888 747
116 644
872 613
635 451
709 259
430 299
825 729
180 409
128 602
528 677
866 245
593 587
153 185
815 513
647 140
142 608
343 762
472 396
823 140
236 618
516 255
576 770
354 730
195 920
780 193
493 712
657 71
343 828
143 309
735 335
720 343
41 343
10 372
207 310
767 259
481 907
361 88
734 824
127 42
365 278
17 187
717 248
350 380
446 681
240 708
162 577
198 190
532 253
733 833
94 127
240 856
495 114
81 535
879 581
475 829
637 634
189 99
88 767
805 821
821 153
470 505
618 98
502 573
845 291
461 836
891 5
524 435
376 601
6 456
342 98
768 69
235 411
60 492
829 218
789 332
150 885
281 151
448 913
348 76
181 502
199 704
350 552
314 201
775 633
206 91
560 374
7 94
45 295
432 761
289 797
280 90
551 168
458 585
130 250
870 212
575 765
506 177
467 287
840 822
831 802
915 101
420 525
592 54
576 683
421 367
294 759
903 671
634 10
173 73
801 490
605 70
716 642
54 313
452 70
478 594
760 320
773 912
685 46
560 414
923 729
836 721
601 185
672 839
621 763
761 690
548 250
95 5
662 829
90 146
692 777
316 647
21 645
382 506
637 923
608 65
86 418
35 652
290 73
449 56
130 863
682 784
645 818
598 377
6 149
407 425
155 688
63 283
145 528
239 464
366 617
920 818
727 136
525 767
428 462
143 651
457 92
184 644
287 755
611 754
889 69
79 296
797 354
409 852
11 629
457 542
451 634
752 877
415 479
273 548
383 427
702 826
777 705
923 280
852 418
904 780
354 930
340 193
291 130
620 659
183 779
347 452
774 685
846 558
6 140
562 885
320 584
48 402
764 115
864 570
677 516
677 95
19 127
181 853
919 924
888 560
460 761
509 268
745 444
601 679
780 562
93 594
262 596
493 820
539 873
149 50
776 463
885 819
544 513
907 234
797 735
927 231
708 488
235 645
532 607
882 27
920 335
5 238
741 212
427 178
191 247
280 662
161 416
413 619
736 797
723 170
883 533
810 869
597 32
779 133
191 324
232 182
267 156
642 919
582 331
496 794
264 753
164 665
504 651
618 374
145 569
823 30
768 248
516 361
827 91
459 350
518 779
557 409
405 604
458 442
427 252
727 41
52 860
3 423
791 166
423 840
834 849
440 89
32 347
108 590
876 795
141 682
917 764
555 9
810 641
150 718
652 127
601 430
489 223
574 902
886 89
561 838
659 511
466 514
379 760
51 327
252 732
788 833
760 678
98 532
220 565
741 117
689 908
562 402
702 297
696 842
469 760
806 403
507 654
767 443
387 864
335 25
75 60
213 643
569 634
509 766
329 816
475 542
179 756
849 154
321 180
601 439
160 577
361 803
436 822
420 650
458 487
849 608
222 738
501 387
47 779
583 144
578 577
192 382
239 357
901 381
886 351
758 579
22 528
62 641
194 550
194 147
377 177
322 393
858 186
609 200
184 783
424 628
232 584
228 709
685 615
774 37
374 518
223 333
206 54
799 117
308 14
53 696
184 20
863 139
403 498
577 54
814 156
378 342
307 667
362 89
457 811
132 99
26 746
498 543
690 707
176 632
727 536
48 850
140 227
732 178
327 878
201 499
865 697
767 571
702 387
171 831
489 209
118 880
138 473
799 433
503 782
270 762
325 58
878 757
489 597
293 1
646 881
767 617
453 721
330 467
425 544
356 302
10 920
372 924
103 202
468 136
27 782
181 690
274 705
665 215
900 285
242 384
759 574
558 394
175 140
319 434
694 420
909 89
358 545
439 305
108 345
896 491
473 693
667 356
408 215
115 359
475 765
582 399
379 163
77 482
606 379
145 776
347 884
424 610
81 711
260 837
617 726
287 123
677 148
221 845
113 76
540 497
685 340
598 462
600 276
841 411
807 859
848 323
79 831
136 681
429 657
451 700
714 545
876 592
623 36
5 762
54 481
882 222
898 667
333 278
317 60
617 155
563 316
323 630
177 295
211 496
434 248
329 835
630 761
899 798
19 869
496 385
442 264
116 423
650 366
337 748
29 867
232 369
602 144
692 847
652 376
72 773
496 19
753 292
824 434
809 602
681 864
550 189
798 642
765 42
346 709
529 3
761 156
403 813
759 524
886 444
924 615
264 208
693 687
709 232
333 318
198 57
90 600
161 696
751 429
419 278
790 310
493 28
813 186
157 438
30 188
260 187
272 175
714 143
257 797
682 827
847 432
37 316
103 847
155 704
118 756
925 551
765 178
603 283
363 613
126 401
273 192
609 849
317 791
907 283
657 535
530 287
549 513
269 607
660 543
113 644
789 787
791 446
761 683
499 124
873 335
798 67
928 46
820 500
117 390
845 476
331 225
331 564
316 795
905 338
430 163
288 54
159 321
806 772
399 502
609 131
661 885
849 668
830 681
209 395
635 428
447 474
488 564
303 555
734 639
808 306
679 42
72 406
310 651
437 74
151 56
532 255
263 671
503 58
180 163
777 173
608 377
158 656
422 160
902 21
724 477
763 10
465 659
466 723
427 289
786 626
641 426
308 271
436 452
390 400
298 485
615 853
377 292
124 784
179 26
824 304
679 82
793 845
388 185
332 628
559 370
10 186
563 128
139 335
675 164
382 272
476 914
347 538
348 388
811 491
79 217
321 775
84 705
710 320
527 906
270 902
324 685
414 764
145 376
382 426
844 113
256 7
87 830
520 860
352 137
905 243
339 523
90 71
640 59
714 30
172 212
459 287
756 735
484 136
334 184
125 379
789 662
657 803
711 112
346 825
222 436
240 165
723 606
761 407
137 685
568 369
840 418
510 151
917 317
480 850
314 287
794 424
8 403
851 57
618 289
818 274
415 798
821 775
624 461
861 805
54 341
294 905
261 133
561 508
377 301
746 615
11 418
291 237
499 907
747 484
182 68
111 285
114 83
347 594
171 725
760 764
656 40
636 889
216 575
445 422
660 375
625 563
239 599
231 856
524 921
906 300
909 390
729 621
892 68
516 248
111 68
717 681
321 32
561 815
282 335
85 148
530 694
858 347
253 701
380 464
643 544
91 623
720 771
97 750
872 735
479 396
533 923
743 318
619 673
339 76
141 128
766 62
269 777
328 912
899 430
242 151
406 884
740 295
794 782
134 872
563 358
127 107
251 632
857 69
361 232
735 401
2 55
205 423
225 166
196 617
744 124
296 361
454 915
678 196
191 746
80 681
227 682
618 275
746 364
69 760
307 728
70 20
228 332
327 48
718 277
539 901
238 15
32 12
280 294
853 723
885 829
914 569
751 569
256 237
739 253
832 493
79 927
500 192
725 94
374 100
191 662
892 52
581 264
237 574
54 471
293 194
520 26
801 800
351 385
173 929
155 698
686 906
691 540
106 529
371 239
15 739
325 396
521 554
539 135
604 87
355 486
417 843
733 176
88 222
679 739
47 257
129 188
207 162
611 623
725 502
229 711
432 221
303 767
383 429
732 531
496 527
406 577
423 747
324 223
273 41
693 14
911 694
260 852
300 47
675 703
295 652
612 82
426 390
462 135
531 537
71 834
533 107
493 350
437 878
846 599
179 7
65 277
229 533
626 824
239 661
516 689
494 593
496 892
6 436
374 199
466 860
608 93
511 353
204 898
867 209
265 79
88 550
924 436
178 366
930 788
625 148
549 61
210 530
718 631
871 86
51 788
855 807
787 63
394 294
139 591
759 58
163 460
744 188
199 558
29 256
638 182
233 810
415 141
736 170
359 498
849 486
497 304
723 404
683 554
211 744
599 403
857 48
674 582
508 318
570 289
182 502
654 154
94 628
510 809
903 193
757 66
413 894
65 914
85 804
37 847
340 646
323 454
215 161
8 606
272 238
664 736
221 133
666 633
386 378
886 611
812 642
652 564
480 255
588 870
809 87
179 640
741 559
725 272
619 824
895 159
419 398
503 561
38 557
403 883
888 679
887 508
407 843
46 871
198 702
93 495
254 746
402 380
804 210
280 54
541 858
634 509
691 446
112 890
432 293
788 470
607 900
195 685
697 745
668 297
634 361
306 223
50 413
783 8
234 468
513 572
327 124
662 764
755 10
868 555
359 164
598 450
409 23
692 899
577 389
768 57
143 163
685 626
39 804
650 760
122 57
211 758
853 811
268 765
855 539
175 49
73 166
808 474
327 162
644 96
666 405
681 4
94 517
744 55
743 161
746 144
360 800
259 678
795 890
808 361
312 632
277 165
776 135
527 563
542 836
273 201
217 445
400 235
804 404
438 599
868 786
669 351
48 860
877 732
720 281
5 183
830 231
885 781
817 786
177 307
689 76
767 914
163 864
697 869
644 111
511 729
369 94
782 913
499 325
63 470
670 202
322 76
909 723
550 570
275 852
458 412
590 413
756 464
95 284
843 643
462 234
63 872
602 55
763 258
456 584
401 244
384 345
847 646
812 433
338 841
670 919
708 277
102 12
231 221
363 507
182 547
398 540
573 146
749 840
831 914
423 225
851 666
736 676
545 536
594 714
713 330
787 386
286 698
384 703
66 504
42 439
480 190
188 871
170 790
904 332
391 322
637 507
503 4
514 614
896 213
200 695
914 310
827 335
414 750
760 794
172 307
136 724
889 762
48 438
410 862
195 636
841 401
716 10
330 733
8 89
445 561
856 840
601 894
466 748
930 191
920 453
91 249
74 147
292 46
826 681
792 132
421 654
596 583
886 466
908 144
214 907
418 445
638 761
125 111
876 745
329 857
805 872
808 4
572 101
278 755
666 565
39 533
73 61
799 755
670 649
413 671
430 807
894 285
805 430
899 169
826 907
811 398
116 456
170 599
465 251
708 542
196 416
716 628
200 781
555 318
186 250
849 586
848 734
617 882
103 817
227 84
281 368
598 37
306 230
399 626
132 863
738 558
908 61
667 534
796 24
378 398
840 557
804 563
489 559
697 18
71 902
96 468
483 833
513 552
647 57
188 885
580 236
798 685
639 505
29 21
36 788
440 351
439 164
650 33
357 90
778 139
135 175
463 290
29 787
138 615
612 902
162 862
479 838
733 64
364 280
735 364
404 647
242 435
536 175
44 583
525 831
251 796
749 64
444 862
915 680
36 391
35 305
664 849
921 849
160 38
794 375
47 608
618 748
896 643
381 517
804 733
860 47
751 285
706 849
366 430
849 666
792 758
894 363
650 163
155 707
627 904
256 384
704 376
524 363
398 40
695 657
37 38
813 58
476 55
870 195
708 183
306 594
327 523
328 506
520 175
99 632
192 763
746 523
374 344
637 232
429 305
158 291
288 206
107 642
733 287
715 316
291 331
832 642
612 314
51 345
248 375
429 121
5 26
857 104
583 509
15 528
505 184
73 76
516 775
611 57
739 76
150 216
870 875
339 858
106 140
451 30
889 478
73 850
274 198
38 738
537 129
611 134
480 457
371 855
444 39
283 355
229 552
133 741
88 201
15 891
41 403
716 609
316 26
809 724
211 175
296 587
631 157
373 701
137 412
746 626
299 328
236 794
735 227
755 362
496 88
174 814
253 601
837 293
213 704
553 493
325 6
291 631
828 552
462 518
344 648
599 879
873 130
602 784
749 340
154 749
94 909
341 885
332 463
5 447
635 699
634 858
896 498
786 369
695 425
751 700
868 133
356 147
295 31
599 77
764 313
486 816
86 277
901 789
417 322
308 279
57 94
874 637
811 638
667 344
646 502
812 403
871 423
512 230
554 529
329 433
93 558
187 575
886 522
206 491
282 466
694 403
50 446
657 179
503 912
18 298
324 666
352 749
315 390
318 380
692 102
361 452
324 661
879 72
186 498
313 92
591 625
405 121
579 417
183 154
730 791
503 843
126 258
311 713
148 221
650 878
204 568
873 773
362 252
752 359
454 526
553 346
331 256
618 287
104 791
832 271
140 722
444 93
543 453
709 329
808 346
72 809
896 134
733 12
491 929
241 854
457 785
576 238
169 466
540 826
669 367
154 787
407 615
670 429
446 902
505 637
252 676
626 780
572 893
88 848
135 594
562 506
47 165
545 837
596 876
13 434
566 136
549 192
326 374
553 306
554 29
19 801
520 389
702 344
25 348
922 399
440 377
726 322
68 552
867 452
784 670
623 629
113 468
531 395
746 839
649 517
249 815
80 830
472 747
565 320
736 279
496 520
500 920
47 867
856 59
692 444
195 564
175 86
854 638
398 556
921 449
98 322
778 434
268 104
822 899
52 890
143 685
364 385
516 262
629 443
258 639
480 142
741 748
423 749
378 104
821 919
186 299
452 480
260 449
317 272
386 546
891 826
468 684
287 487
487 346
87 817
868 344
593 190
349 277
792 847
152 388
300 573
742 812
876 189
659 439
902 233
650 30
385 346
411 117
33 717
105 840
714 614
744 723
471 706
203 928
76 178
206 495
38 163
171 142
533 609
389 534
526 47
211 586
13 309
806 484
365 407
455 864
352 538
152 28
241 478
500 127
100 708
658 240
107 890
787 57
474 395
97 509
244 911
349 907
378 520
513 802
480 17
195 546
553 499
21 32
218 449
698 410
679 332
114 229
645 519
354 596
597 195
563 463
12 465
345 459
841 21
833 861
881 144
896 147
665 636
438 904
7 533
106 753
858 87
342 108
90 509
538 362
752 299
494 283
848 630
558 577
795 145
378 322
335 754
179 279
383 150
250 176
33 288
15 773
234 483
480 291
341 468
184 233
205 742
701 412
97 835
278 813
906 7
868 186
342 393
400 52
577 330
672 253
581 552
602 370
303 492
783 662
228 291
488 878
149 758
307 356
867 513
659 497
283 13
530 445
88 472
362 219
736 799
204 10
898 47
644 607
59 233
225 193
778 226
120 414
70 698
352 774
90 554
520 825
770 21
148 544
223 49
523 338
597 927
504 503
930 152
163 228
456 122
500 350
628 496
683 432
668 516
64 623
191 548
788 811
535 78
851 887
772 223
324 925
861 60
510 90
682 779
531 326
477 307
649 450
320 915
890 630
33 911
838 323
877 593
548 503
17 227
436 809
533 389
239 818
612 223
226 782
209 612
804 790
121 394
233 795
70 104
37 369
261 211
597 222
620 864
304 53
77 354
823 589
384 125
572 646
739 37
336 171
134 628
51 103
52 159
531 305
733 458
772 827
114 308
917 190
846 76
556 735
772 524
833 358
137 849
714 465
730 685
13 31
72 677
911 570
913 818
590 81
665 203
477 386
779 289
85 535
710 128
178 49
586 847
112 10
459 334
478 115
632 438
857 261
887 568
871 745
621 726
197 100
788 825
327 335
699 149
102 278
386 213
683 587
797 736
409 679
504 633
67 479
802 323
292 322
38 346
557 683
852 717
389 644
212 620
799 130
651 732
865 497
791 546
573 918
462 26
905 638
176 634
926 741
194 290
233 178
659 810
328 90
881 36
511 188
442 856
168 547
855 253
674 619
126 648
440 739
221 119
422 535
294 856
707 286
321 831
582 80
451 37
550 105
36 188
278 154
351 467
481 400
355 577
907 502
836 400
694 728
696 515
697 481
515 294
402 754
629 337
666 717
689 248
633 329
524 739
657 6
342 877
164 904
153 118
865 688
226 577
736 898
816 246
248 355
411 753
486 765
869 283
752 167
795 218
497 395
85 379
31 648
602 829
217 358
533 637
408 718
756 295
482 281
661 593
563 650
209 739
513 481
696 500
346 143
131 396
634 64
246 337
247 349
466 740
786 519
658 848
158 476
916 563
663 748
12 753
453 227
7 8
135 87
708 427
602 239
341 889
285 540
896 704
549 138
230 289
492 507
246 212
257 794
572 388
403 593
813 208
273 751
190 651
855 309
724 562
593 422
20 100
771 740
259 699
331 870
429 616
678 675
464 747
851 905
260 930
657 540
1 372
436 321
385 111
591 412
813 206
426 661
867 348
855 27
750 898
198 463
533 685
181 120
430 842
76 725
556 335
590 818
830 128
113 158
836 239
766 770
892 457
308 631
415 602
416 876
326 884
534 201
882 470
609 881
541 121
741 342
535 752
889 232
477 459
290 167
835 656
175 58
662 504
341 302
470 473
382 922
365 13
590 5
39 923
408 272
183 199
400 768
829 912
842 353
696 198
311 844
918 257
739 292
333 437
225 788
11 551
484 636
528 372
603 59
839 442
605 467
623 926
162 125
498 314
151 852
482 13
908 625
545 809
529 183
417 765
712 724
239 911
147 757
885 244
353 630
541 477
725 32
502 251
340 884
786 484
378 555
500 622
257 722
331 449
334 544
887 129
550 471
391 765
178 555
5 428
895 650
327 127
470 323
436 343
898 755
610 633
352 244
776 289
226 360
301 378
89 544
635 294
384 191
296 305
222 772
443 546
572 104
320 738
101 360
673 639
561 71
361 877
927 166
587 612
606 725
660 355
399 505
278 675
166 298
167 184
596 459
544 689
229 52
746 238
857 302
427 102
841 127
911 708
14 719
823 870
554 354
184 629
75 691
276 528
387 440
923 26
818 281
544 68
471 328
827 614
42 181
595 57
62 176
528 884
124 44
159 160
328 431
551 372
76 706
772 103
22 183
156 66
890 727
598 634
587 541
508 373
236 735
511 920
772 246
811 910
900 536
924 679
100 295
518 593
765 95
92 625
142 21
244 97
809 279
318 381
47 395
268 484
142 527
414 784
309 683
551 412
55 91
19 330
929 748
161 23
144 41
620 393
109 719
20 801
366 472
719 865
740 237
642 319
302 832
372 546
620 682
733 410
626 244
184 95
721 773
701 892
372 54
726 187
174 228
729 184
576 625
182 718
697 602
148 60
602 617
25 116
453 383
546 467
283 329
375 440
485 5
614 547
897 355
195 310
593 679
827 796
351 526
266 274
661 413
824 344
436 553
715 878
510 819
187 445
372 379
49 357
323 578
531 262
555 839
384 632
642 924
152 15
780 230
120 537
744 126
726 178
840 818
472 406
188 448
220 121
865 449
609 884
22 894
480 470
794 629
118 919
742 305
727 145
784 809
857 511
679 345
422 884
350 209
207 616
537 700
245 16
84 591
140 92
750 477
753 399
770 231
473 629
810 171
442 340
170 266
360 266
434 720
73 16
498 886
610 641
461 745
702 536
257 175
139 678
146 524
187 121
369 632
155 301
410 837
108 208
35 348
517 707
521 441
42 169
741 643
865 146
7 451
410 571
771 643
306 760
660 616
109 698
240 695
462 629
105 180
523 827
446 5
342 543
492 451
535 825
607 172
815 805
207 856
81 201
406 418
687 468
765 682
649 556
341 895
809 609
704 713
24 77
484 97
40 459
325 529
590 89
205 366
481 656
806 790
906 851
281 729
599 404
379 583
495 685
399 105
19 384
865 189
459 889
81 177
758 661
118 222
335 588
525 65
836 39
233 443
140 622
471 28
865 872
496 919
408 473
488 154
100 716
902 261
857 276
623 679
726 401
628 379
349 187
804 253
384 56
851 220
136 642
854 781
356 488
122 503
747 351
712 203
348 162
650 756
280 375
541 355
250 844
549 680
680 596
291 258
627 361
30 661
498 322
906 813
646 584
500 103
639 108
151 615
99 829
607 450
822 44
763 356
408 875
833 363
9 422
651 115
376 84
671 380
485 612
343 656
514 124
382 110
516 197
21 343
135 228
926 828
878 894
801 236
873 426
752 783
181 422
218 464
388 848
902 211
68 653
834 829
564 470
853 800
640 6
236 617
92 329
57 140
613 602
135 831
63 418
546 866
378 464
50 853
819 865
843 646
200 644
899 760
58 245
919 144
844 491
227 352
190 628
68 237
926 30
50 411
90 383
91 103
880 539
494 96
901 187
812 445
813 457
282 525
542 210
547 824
806 914
787 188
365 675
222 820
362 625
761 627
318 413
690 743
211 815
729 384
548 726
200 103
493 105
165 668
919 653
77 874
833 897
890 527
546 893
447 445
427 110
752 740
823 331
551 70
437 674
749 805
5 110
725 744
638 350
506 391
416 446
643 740
879 15
419 238
111 113
791 548
900 871
260 60
619 6
890 820
62 565
411 629
106 70
342 848
18 711
419 690
60 468
225 9
117 720
37 433
390 603
500 882
726 257
14 555
211 567
892 348
899 812
493 685
347 311
761 485
596 95
870 415
546 289
358 190
536 798
286 483
863 866
438 230
340 588
828 442
748 237
723 84
83 779
282 857
320 625
138 662
732 204
640 282
122 772
700 311
849 907
804 359
727 64
529 908
898 347
827 99
442 857
289 465
416 49
83 412
908 590
675 55
72 907
531 209
553 265
898 458
315 241
388 217
924 480
375 91
196 863
620 796
802 347
750 712
180 91
678 750
38 137
263 157
723 550
723 93
137 277
83 250
428 268
103 658
586 239
115 320
762 710
155 284
47 751
284 755
910 555
868 893
548 167
217 75
491 766
129 23
439 395
277 476
225 27
722 772
462 582
731 200
825 75
329 863
678 91
551 288
628 68
594 52
480 183
133 478
742 196
782 400
250 545
624 905
320 157
127 869
699 364
898 590
634 461
570 510
635 196
674 614
756 585
393 319
793 817
808 413
203 525
584 312
354 659
528 751
924 208
462 263
799 121
830 33
56 740
145 885
826 261
762 816
616 731
671 725
801 65
566 692
897 99
290 883
592 287
663 401
265 367
245 322
172 550
70 297
655 139
474 612
863 857
75 888
790 28
829 79
9 460
100 832
754 759
764 447
365 751
259 884
114 817
831 140
706 96
377 225
30 485
89 98
288 638
829 358
6 740
152 371
206 49
465 457
874 785
692 373
269 362
571 860
490 518
252 617
879 330
257 453
60 276
443 75
18 526
246 75
680 816
820 612
197 232
90 434
537 784
39 365
111 472
898 272
244 21
512 152
7 806
135 365
302 519
447 47
855 418
378 802
417 914
470 132
21 111
823 640
78 585
60 896
756 786
815 784
493 916
599 626
704 122
379 663
395 394
414 506
453 69
99 324
150 111
778 402
709 276
530 627
920 256
288 740
20 591
442 748
150 222
26 88
445 828
203 73
835 675
433 106
809 28
383 817
427 596
223 26
446 350
357 470
175 750
731 201
487 648
736 695
311 307
739 706
763 329
349 786
614 253
799 16
671 910
581 583
124 22
161 666
691 525
263 370
574 37
478 94
244 837
631 635
580 767
173 191
121 553
710 110
674 647
491 465
77 136
129 236
720 132
167 187
667 498
26 502
356 105
31 269
287 88
348 749
869 485
26 684
479 10
190 524
447 646
102 658
431 503
363 485
417 26
437 514
204 326
719 545
488 236
186 786
283 747
429 264
105 287
696 542
696 203
736 904
865 724
510 774
774 388
155 825
723 636
283 85
121 562
88 496
761 528
840 561
665 475
810 667
681 476
558 213
281 789
156 135
673 43
765 90
485 605
544 506
314 671
113 723
132 378
924 729
796 343
161 633
908 838
247 546
485 275
91 619
311 858
809 159
702 452
335 399
290 492
428 629
466 704
739 538
313 774
145 263
812 537
662 337
386 702
647 338
315 813
374 722
413 781
181 273
92 263
609 350
106 861
630 661
714 324
885 569
479 205
46 432
458 248
565 118
144 702
513 16
16 584
219 115
275 910
185 378
919 238
701 855
580 779
873 210
781 201
505 456
930 548
895 266
626 471
147 383
20 247
363 342
885 480
427 159
656 919
514 375
237 252
571 49
754 828
496 532
745 230
619 563
413 753
585 333
230 788
60 650
186 573
634 533
723 164
247 878
85 754
889 711
798 139
231 318
657 163
179 300
803 334
308 456
553 466
326 264
573 15
114 299
421 725
633 151
602 347
120 499
673 768
413 40
822 347
566 908
753 651
917 884
725 490
619 238
429 371
503 492
233 709
732 519
364 617
589 116
682 655
326 706
258 48
4 231
212 346
137 15
636 477
532 679
149 717
406 507
536 195
354 919
901 634
369 601
868 739
338 277
209 493
887 870
728 160
818 171
154 829
103 578
386 620
768 929
821 601
54 857
698 46
184 530
497 871
168 769
596 674
228 145
445 373
560 823
217 672
417 38
308 326
719 460
511 551
832 61
649 601
689 47
489 170
47 278
64 744
819 924
725 574
715 133
137 230
187 403
595 270
540 40
868 493
616 787
734 522
835 814
621 648
610 428
272 243
252 301
826 115
241 68
591 305
778 102
85 315
233 322
843 414
149 587
16 701
610 618
276 330
719 669
208 468
139 920
473 190
67 26
693 647
549 828
252 691
753 649
401 594
291 399
665 772
796 505
834 149
37 747
410 515
321 561
567 596
417 357
680 445
737 905
293 96
739 637
481 861
98 709
742 47
359 198
47 81
285 294
640 384
510 46
627 272
537 197
223 165
577 657
635 742
7 217
853 550
632 86
359 368
786 668
876 491
197 763
571 712
644 351
535 365
900 318
242 353
575 417
44 277
781 919
563 28
122 500
161 90
859 111
487 870
202 396
136 477
690 169
518 497
217 87
324 513
219 707
18 929
437 302
603 676
131 322
59 801
812 750
10 682
444 893
729 115
584 810
35 702
401 802
536 355
103 437
735 536
846 565
190 484
630 316
198 915
508 594
144 299
588 212
384 911
648 716
397 301
297 264
499 255
355 692
102 469
727 521
505 493
162 918
125 770
218 465
326 732
641 241
373 812
685 21
426 169
852 912
926 844
156 927
618 862
927 232
26 252
434 217
509 446
290 853
790 143
703 625
738 256
299 897
891 292
67 467
431 786
88 417
125 57
566 833
273 667
680 825
754 21
554 137
276 45
583 474
570 200
90 726
651 730
881 95
460 807
800 752
150 701
520 259
781 905
817 464
176 241
529 446
70 677
880 273
751 59
381 925
240 176
72 868
61 361
800 402
676 154
90 37
219 449
219 132
848 55
522 668
591 723
649 376
97 399
284 510
48 625
412 703
234 772
785 533
681 226
717 740
442 694
521 182
461 208
724 320
248 633
796 642
527 488
912 314
235 590
622 611
117 60
223 618
4 480
281 208
194 691
322 274
711 268
326 298
534 558
132 877
838 347
95 232
668 532
392 754
686 725
504 524
233 88
428 920
606 397
53 531
275 671
457 512
23 721
778 327
162 650
451 800
255 502
365 39
253 454
757 912
204 560
245 743
46 488
299 67
802 602
59 907
394 95
343 702
654 112
58 314
422 764
577 443
150 847
550 841
635 166
636 589
351 334
251 177
252 33
505 556
643 637
552 881
239 691
721 354
594 606
900 673
187 418
315 310
275 37
603 808
307 705
12 494
512 15
894 579
15 304
643 394
772 46
753 245
390 738
646 780
80 309
434 670
698 108
844 853
4 778
354 806
678 685
688 607
301 78
394 561
839 312
259 866
733 75
664 622
386 899
535 731
27 296
317 889
414 93
671 917
85 82
135 137
343 575
660 474
128 827
858 678
882 163
644 774
683 414
283 172
510 721
538 901
395 503
529 892
491 654
916 130
494 340
792 747
246 830
232 697
620 335
499 758
548 851
816 678
914 655
518 383
922 713
209 565
137 208
283 401
176 373
720 331
805 631
293 898
242 545
464 48
514 594
861 885
326 693
420 109
738 557
260 185
135 81
139 824
564 233
196 831
289 865
695 185
463 235
165 703
630 695
224 794
8 364
334 211
339 849
743 398
413 192
627 795
141 849
805 84
561 723
679 48
536 759
242 914
649 485
248 715
216 382
307 284
143 898
404 831
150 848
444 712
763 112
138 184
727 110
454 130
205 465
894 741
436 901
608 478
809 888
167 744
683 851
922 569
831 28
467 873
800 85
875 491
675 662
454 102
396 493
517 472
881 641
776 222
207 29
228 438
31 286
659 212
661 115
908 409
404 829
332 468
152 93
290 283
586 793
71 851
239 870
572 852
869 860
21 816
663 619
118 801
153 632
825 129
646 531
236 143
553 731
915 284
151 918
617 103
139 822
744 665
912 59
896 720
130 866
645 284
225 158
709 772
135 777
159 501
6 570
431 183
363 606
379 839
843 840
235 12
865 443
683 647
528 693
583 145
767 308
659 479
163 612
882 769
371 643
370 407
287 76
23 126
229 336
47 825
284 157
803 52
840 139
197 423
4 711
808 84
241 642
649 318
871 811
475 552
754 592
529 347
18 279
368 720
385 281
649 399
578 383
63 659
802 375
328 865
605 204
591 189
509 770
94 880
293 187
539 191
481 512
868 148
372 81
467 136
468 762
748 15
731 891
787 134
754 239
233 54
169 744
443 294
369 545
924 53
764 706
618 693
47 381
621 530
4 364
640 63
345 303
290 376
914 917
186 12
148 93
649 653
779 586
871 925
599 752
266 164
620 283
501 425
806 810
222 75
775 492
79 61
501 549
743 234
11 821
928 361
879 538
605 192
240 273
257 149
900 348
480 474
62 611
455 600
526 434
802 907
397 880
142 70
215 532
643 575
754 230
20 233
441 53
8 721
447 712
852 623
745 339
465 168
184 276
616 848
550 359
759 669
195 223
492 779
368 718
718 41
846 98
23 423
354 401
48 730
378 623
118 122
413 626
29 796
81 805
766 638
440 261
57 761
96 812
65 616
559 765
445 354
229 181
378 62
658 328
452 468
769 318
735 455
224 417
431 284
788 772
120 754
134 733
505 893
435 690
34 363
416 786
54 110
238 44
114 70
705 553
745 658
11 722
321 875
268 694
344 617
589 865
700 868
427 603
384 634
556 898
170 71
579 362
347 613
854 560
806 384
33 274
489 253
548 876
736 7
644 355
883 429
519 828
576 798
745 465
741 567
119 871
281 919
49 690
194 496
406 618
731 212
472 210
515 352
58 509
758 743
70 454
290 760
447 886
517 911
271 26
196 3
35 368
36 468
882 692
294 325
668 110
226 519
670 411
498 685
710 554
543 626
268 864
680 693
311 585
844 773
55 76
315 49
82 882
446 403
159 8
617 23
72 495
145 463
929 836
366 604
591 791
238 140
645 898
923 914
302 562
43 662
721 771
25 636
313 559
162 687
557 425
500 164
55 534
263 546
552 404
751 578
629 385
133 50
315 819
281 839
375 564
156 802
729 910
437 44
507 606
717 361
917 167
646 368
243 533
669 454
796 242
561 648
708 124
466 899
639 434
844 688
14 307
433 782
715 482
35 429
37 242
216 426
497 418
282 574
119 416
265 145
139 558
247 513
432 121
162 901
786 254
752 109
914 404
865 322
775 340
124 59
264 855
163 79
618 199
212 290
731 83
416 807
606 572
331 763
298 439
68 510
507 32
776 393
500 612
420 681
476 542
834 542
651 218
102 149
601 859
345 896
397 146
736 650
777 121
709 713
85 180
857 139
896 890
761 573
749 169
176 388
756 33
131 606
830 246
26 255
744 883
51 566
53 519
145 814
310 224
755 350
260 298
405 788
637 456
138 433
925 627
712 577
268 231
842 204
272 695
906 370
278 530
247 210
728 182
801 574
17 849
210 241
606 187
348 4
331 68
863 135
25 95
133 198
463 579
248 475
907 137
830 449
158 797
250 738
201 592
418 355
185 929
187 901
518 699
116 143
867 881
785 715
218 468
76 5
433 200
234 438
119 138
629 41
807 76
19 839
560 701
903 423
153 300
814 699
287 333
251 68
783 338
880 505
541 455
794 114
522 863
192 534
101 612
123 825
690 387
643 614
801 140
431 313
515 865
234 876
284 621
722 646
194 697
454 492
232 383
803 113
396 649
164 926
823 729
147 863
900 103
227 397
585 886
405 205
869 804
881 373
205 711
402 371
278 422
832 638
363 78
233 428
425 177
657 306
128 1
472 467
238 272
311 426
719 148
124 715
776 704
745 521
907 509
29 374
286 305
89 155
289 489
697 468
844 93
437 721
352 680
114 779
560 39
246 926
780 322
194 294
547 803
327 876
551 795
468 753
166 128
539 422
373 191
103 659
926 197
602 903
515 458
865 223
425 745
575 701
388 297
562 25
874 842
220 123
272 779
386 884
901 591
460 651
590 191
668 836
563 641
272 534
791 607
739 80
636 300
395 688
22 760
194 891
616 139
295 97
908 339
185 265
657 2
740 421
914 499
733 685
21 148
590 206
538 263
774 428
387 369
188 569
524 886
212 333
11 487
929 675
108 545
401 892
626 162
790 620
442 726
459 796
152 655
392 585
687 267
875 404
441 599
476 306
698 109
534 735
476 38
479 604
778 918
555 693
155 353
465 579
8 926
569 837
876 908
40 206
78 673
496 161
430 851
707 713
275 286
62 549
28 461
235 716
161 673
881 836
542 663
576 512
42 299
902 360
261 624
78 862
165 786
466 485
173 357
877 166
509 321
553 368
216 692
19 428
476 142
238 166
500 505
405 748
391 770
323 517
747 592
325 868
732 780
254 725
129 332
176 308
10 473
445 331
504 433
303 294
741 527
851 702
513 540
277 865
680 337
455 301
21 813
300 565
653 118
191 38
502 439
625 620
837 233
128 819
350 605
538 816
318 618
54 773
249 916
310 572
692 165
50 552
749 543
697 713
790 163
45 132
888 904
65 439
212 533
411 175
267 354
364 96
145 511
643 264
275 879
152 87
225 679
60 97
778 797
683 553
668 718
198 435
254 603
328 227
127 765
229 876
331 421
927 743
667 626
373 695
6 386
447 815
140 133
486 340
489 48
199 464
733 205
627 429
116 260
904 5
907 207
105 96
930 316
608 724
5 551
538 131
247 78
575 876
445 492
104 253
490 663
734 633
309 487
321 59
427 470
433 473
633 701
7 751
174 901
100 138
577 327
161 782
1 721
326 533
722 799
188 33
62 133
85 108
858 646
806 337
507 822
496 37
168 514
830 142
537 342
289 599
428 537
529 180
868 901
357 592
825 91
274 179
627 291
402 329
177 82
68 736
300 841
925 307
618 425
637 411
801 194
605 678
399 695
516 8
40 278
224 83
332 16
596 318
814 493
283 691
251 689
361 478
87 47
783 562
676 600
532 453
321 167
406 276
688 715
46 202
193 406
565 832
487 539
91 274
164 612
236 793
366 461
439 489
850 464
743 29
58 313
727 417
785 315
713 678
478 617
419 83
700 645
827 503
314 174
447 674
599 572
211 487
583 749
346 255
526 541
919 218
23 1
740 533
228 308
726 704
505 631
806 530
271 280
233 163
323 127
696 208
404 258
240 68
800 12
926 139
567 629
397 402
553 708
471 865
149 716
60 332
614 560
830 717
651 379
138 488
784 426
54 12
292 196
539 723
262 57
211 492
603 357
604 218
215 678
695 269
843 140
827 182
920 9
156 149
831 646
724 558
745 910
107 606
64 847
389 907
605 394
217 505
876 738
275 431
612 332
720 478
299 536
319 451
504 320
303 176
696 671
695 100
185 500
382 289
537 523
331 139
801 210
904 492
191 623
638 445
485 499
367 873
880 416
551 176
844 190
2 610
131 839
761 872
902 794
541 421
927 491
463 889
326 756
442 627
590 473
25 767
301 188
78 749
744 606
89 212
571 194
534 458
350 240
879 109
21 851
777 794
346 367
542 577
690 658
67 355
259 788
490 429
678 31
418 436
682 921
165 755
370 839
774 372
206 90
355 883
814 661
540 182
763 712
700 17
711 534
768 812
841 848
274 151
234 719
683 113
498 889
872 812
843 458
525 623
869 756
752 919
554 105
401 280
771 425
42 649
702 190
150 363
241 534
9 280
282 230
245 786
249 668
512 636
216 297
15 205
491 228
593 396
183 810
566 884
503 772
225 411
542 584
228 123
47 267
239 21
158 266
142 655
883 663
497 78
85 565
45 854
45 289
411 698
88 455
885 782
493 463
424 575
739 405
461 257
669 460
764 123
607 234
529 794
141 612
882 508
702 411
575 445
554 865
870 294
53 337
220 13
860 456
553 106
535 462
848 666
94 129
639 227
814 131
212 879
800 40
356 897
512 738
814 120
235 653
47 543
386 68
70 857
36 729
553 433
681 351
590 387
204 74
224 707
151 589
794 723
35 343
337 100
599 772
50 493
529 787
487 128
180 694
362 561
218 346
237 14
38 572
628 383
222 354
223 368
849 193
924 565
579 831
887 706
105 101
896 425
533 812
533 487
912 627
829 880
406 724
724 12
905 686
601 493
584 257
214 204
234 646
153 887
532 907
773 345
41 912
468 188
552 586
454 549
632 839
356 181
265 517
711 509
676 254
179 574
699 311
18 255
423 650
577 44
368 320
523 511
856 560
447 102
583 18
380 386
774 722
701 67
336 590
407 255
564 335
727 626
502 350
268 629
579 776
894 879
715 363
737 218
738 361
738 629
142 414
98 916
444 323
211 184
671 91
730 299
531 771
773 250
402 382
66 53
44 53
925 626
655 759
527 802
550 516
260 647
456 384
610 651
39 104
148 107
538 194
477 310
23 451
540 175
686 58
627 525
748 637
470 673
462 634
895 320
736 642
770 17
646 776
402 87
495 269
613 869
101 816
874 323
691 90
345 895
706 45
657 593
381 801
366 26
223 824
819 766
701 632
279 75
668 205
924 103
818 107
488 815
762 225
343 580
531 191
454 146
383 327
441 383
675 240
758 332
61 20
798 88
170 799
412 674
323 434
604 20
606 869
510 94
113 90
919 742
154 333
779 749
710 370
694 13
217 447
308 437
751 643
239 830
310 794
186 227
22 784
884 427
792 780
136 691
189 77
645 371
493 704
752 702
930 600
2 817
294 270
96 513
230 358
836 325
921 321
814 632
475 48
863 123
223 269
133 602
596 83
905 415
120 321
818 245
142 797
469 883
808 793
702 715
255 709
771 652
247 394
439 397
787 436
356 305
89 32
140 856
731 144
430 339
758 786
91 548
607 42
459 501
23 525
154 844
212 720

897 4397
229 670
125 487
415 296
843 587
440 625
537 389
186 662
39 558
150 805
686 294
392 265
215 506
157 23
363 309
87 528
759 217
203 889
554 547
99 207
114 894
122 635
158 597
838 294
341 278
325 881
823 349
550 575
239 394
147 581
322 482
442 222
299 244
355 422
714 486
619 472
519 147
123 578
672 297
641 129
272 359
596 262
366 523
700 306
645 4
671 706
97 278
61 264
65 599
520 52
871 653
505 390
531 686
659 485
697 154
404 614
186 657
206 430
338 576
262 209
135 875
456 531
687 156
605 380
881 358
754 441
458 202
42 432
299 291
762 329
428 376
429 6
358 180
88 440
569 732
880 495
657 874
827 322
556 124
59 700
5 93
243 766
209 111
173 438
445 305
139 169
358 7
821 219
197 710
1 717
589 196
221 426
576 268
371 751
62 554
411 580
287 442
526 373
770 827
697 777
424 302
776 67
478 442
116 601
542 896
853 215
598 150
598 603
506 701
675 33
786 100
697 12
219 237
805 686
312 110
6 205
426 26
392 625
248 214
467 714
393 211
820 206
822 766
586 607
435 658
37 63
19 540
223 17
152 81
445 159
379 813
288 523
780 302
589 253
376 234
259 880
599 688
106 82
708 256
812 101
765 412
394 862
605 786
896 410
879 802
882 869
630 794
408 36
154 31
410 133
429 231
699 631
479 819
1 829
880 851
720 146
439 50
756 624
26 85
265 596
424 443
749 356
40 671
384 134
616 82
524 75
407 577
209 486
620 471
722 554
289 500
439 84
511 198
822 178
848 133
849 9
501 822
464 638
377 888
690 302
673 366
255 891
473 192
97 231
776 113
170 893
631 502
526 189
305 527
105 442
33 53
487 629
665 786
682 753
259 687
574 137
151 541
664 184
616 415
427 349
430 826
827 484
93 846
206 349
244 16
528 688
17 362
623 821
37 178
256 754
884 32
442 127
156 61
197 541
392 349
281 316
157 536
446 894
360 550
640 616
271 528
419 261
185 586
381 251
394 742
522 11
8 194
686 325
156 285
513 462
56 140
343 631
696 175
642 402
518 536
223 744
315 709
544 777
10 608
63 510
339 148
31 639
512 343
568 402
56 505
681 206
43 702
520 204
369 522
523 165
52 700
88 665
512 454
549 564
95 621
514 35
740 747
823 666
384 260
609 554
350 676
186 774
138 141
670 460
171 590
787 679
493 751
235 425
520 810
315 784
561 536
488 658
268 208
682 14
569 501
339 66
827 706
355 520
592 120
674 840
344 517
327 615
127 521
615 55
47 546
71 298
891 95
870 97
234 553
686 436
365 140
383 637
114 652
236 131
498 98
744 342
10 333
138 291
799 496
862 808
252 514
880 224
459 277
332 29
124 608
504 575
675 888
606 320
419 77
266 587
476 106
885 194
405 861
483 597
10 175
317 703
674 835
737 640
421 355
148 49
866 657
65 661
356 227
375 880
48 855
89 645
895 270
825 326
664 538
295 452
316 500
541 130
27 354
541 594
514 379
697 380
769 799
717 577
367 470
349 551
479 839
522 625
635 472
690 24
892 60
177 769
101 233
878 123
554 341
758 390
281 117
890 6
121 374
391 855
602 121
753 774
112 138
419 534
106 840
624 509
408 368
691 645
305 789
547 786
875 207
4 84
42 163
792 715
741 40
242 879
818 406
710 199
710 690
879 259
145 832
394 660
238 615
442 796
244 736
596 637
356 153
601 33
105 68
693 6
625 155
168 299
35 147
441 202
556 426
61 103
265 431
141 15
769 591
829 466
496 720
811 468
309 776
885 688
541 227
52 37
350 417
618 285
448 584
664 363
362 457
417 511
108 213
551 835
186 326
148 377
416 751
222 853
836 674
171 127
262 257
691 836
669 830
252 559
201 523
152 575
455 394
576 585
373 781
355 270
660 364
178 736
12 431
804 585
514 569
192 406
76 634
442 662
408 794
463 705
890 607
373 489
28 788
230 418
322 131
434 18
270 99
430 479
697 616
331 83
298 168
389 420
563 19
875 808
146 667
202 409
331 32
792 526
203 833
461 274
728 396
690 776
747 498
775 777
289 225
12 350
57 125
883 210
403 105
650 337
869 9
246 12
727 790
142 379
823 355
240 117
185 289
556 171
133 481
423 811
9 115
618 585
858 850
409 675
823 863
38 198
647 397
336 413
428 726
374 275
357 505
749 701
56 876
863 547
729 68
524 226
194 134
504 349
764 283
769 205
74 269
347 428
538 770
866 719
651 369
689 438
54 83
50 274
195 839
677 247
479 222
535 761
700 229
683 554
689 699
776 457
615 559
742 710
466 632
760 35
329 663
846 83
658 614
576 298
443 229
300 605
483 455
523 525
419 16
819 395
840 335
252 709
855 484
689 9
678 370
679 320
457 897
387 854
841 869
833 589
622 193
162 438
418 611
542 285
159 70
720 185
557 554
172 3
525 118
489 385
767 626
346 314
679 27
256 403
103 670
461 656
686 492
409 576
2 109
615 2
360 839
714 698
269 521
254 575
510 632
666 825
422 718
67 867
429 888
220 456
790 275
204 740
522 123
558 480
634 401
637 377
301 724
582 879
4 480
166 42
629 410
723 678
257 773
668 125
500 34
742 609
504 624
413 693
33 324
360 756
514 192
515 722
879 413
536 365
785 644
369 55
73 103
85 182
28 371
819 735
821 276
144 293
188 9
298 140
245 643
637 641
785 217
159 546
881 855
195 460
704 22
102 209
702 45
315 317
632 873
725 404
526 223
66 732
533 9
384 114
223 689
731 59
25 269
703 54
850 550
890 523
673 103
196 853
340 658
614 553
658 30
628 880
610 199
747 878
529 13
500 88
799 238
486 223
1 280
895 826
322 9
1 754
643 191
310 425
455 645
796 282
780 380
798 608
87 228
514 432
625 72
53 32
221 541
241 316
868 594
613 44
408 208
304 855
283 685
871 740
896 293
222 461
515 6
514 562
114 606
498 705
688 460
745 186
411 663
412 689
123 795
640 367
34 690
199 859
93 500
757 456
226 682
425 810
746 859
434 415
839 139
204 504
538 568
561 422
615 111
446 835
355 36
860 118
364 440
809 778
609 613
539 433
244 681
333 285
887 449
725 422
672 30
393 88
765 207
288 307
162 529
234 738
329 858
787 754
678 410
238 543
259 547
24 487
557 67
488 82
83 730
467 708
549 548
675 373
518 472
385 106
298 658
420 344
756 293
558 617
361 216
742 741
600 841
253 530
146 34
437 545
663 182
646 479
741 24
835 95
567 664
621 562
434 361
271 516
740 665
626 277
867 879
47 600
522 706
808 864
145 702
776 874
186 520
79 742
367 525
888 237
889 225
852 467
66 34
157 302
126 815
160 163
585 307
487 264
343 7
273 275
591 856
889 850
300 314
396 166
763 889
413 522
433 257
415 826
549 83
804 173
861 396
699 465
802 721
59 549
478 868
635 73
247 344
673 801
526 381
116 454
717 388
586 869
769 825
221 616
112 740
243 122
867 449
119 258
138 498
626 159
196 759
159 344
641 457
515 678
418 66
882 40
576 125
595 459
171 262
433 201
688 497
635 407
565 602
268 366
71 379
680 203
480 628
868 628
844 838
538 738
613 366
189 289
407 494
871 159
767 259
803 785
607 234
94 358
688 138
314 598
747 290
417 433
843 630
533 286
563 361
820 411
694 222
881 264
804 187
658 528
613 262
351 718
435 323
726 144
502 229
412 40
303 555
752 192
680 893
186 473
444 106
511 121
332 778
648 411
703 789
436 735
707 238
543 380
619 455
820 535
358 626
490 875
569 196
183 715
737 144
624 491
117 520
863 751
126 742
698 878
546 1
712 263
714 602
731 552
552 198
22 176
674 74
522 765
167 738
462 607
670 128
503 113
674 223
31 371
658 5
128 580
311 212
459 247
417 175
120 115
408 493
335 210
690 511
488 571
547 548
680 185
772 156
352 725
645 869
850 834
19 749
703 679
70 606
468 677
570 197
242 585
261 705
668 135
266 668
466 129
340 493
214 148
786 54
418 563
255 679
552 855
228 738
43 547
9 220
446 700
669 263
360 701
783 722
715 117
221 825
789 76
699 649
649 839
778 360
599 869
783 835
163 74
329 31
844 883
325 365
95 364
206 172
407 623
808 342
365 139
463 514
723 660
47 382
86 890
306 132
736 102
184 856
824 127
280 535
540 397
136 390
851 842
601 214
323 603
748 867
158 422
783 364
678 114
145 65
518 523
208 350
227 129
869 338
232 671
142 536
430 411
108 831
567 789
398 64
790 838
649 6
37 412
136 825
85 601
284 172
622 432
830 175
831 328
96 594
510 876
814 364
377 507
392 342
323 843
697 643
326 655
183 306
4 672
244 666
354 573
812 852
172 33
617 353
563 358
673 183
283 844
395 258
876 364
71 199
146 337
883 111
897 67
62 164
602 70
820 177
362 444
288 439
70 334
438 633
644 404
296 663
813 547
206 883
49 270
797 159
328 115
461 263
355 393
147 131
704 846
768 565
638 499
406 10
620 66
379 250
749 610
582 141
79 544
409 135
868 629
891 842
161 209
177 374
365 84
185 867
241 78
510 86
188 805
172 756
856 605
802 210
659 250
860 348
860 649
441 391
565 182
613 847
617 766
598 422
857 872
325 631
567 152
761 568
398 253
53 883
94 763
836 779
760 711
874 429
447 197
468 897
126 893
551 644
291 223
385 282
351 92
437 757
139 275
620 776
160 892
285 710
877 721
91 126
771 259
479 197
424 211
669 608
580 574
763 688
837 89
148 402
891 317
43 870
390 307
696 97
136 91
450 179
86 216
198 75
753 125
720 744
294 638
423 196
10 725
580 268
138 884
682 352
551 701
532 593
400 626
184 884
425 480
740 873
742 40
764 29
675 791
674 702
752 130
626 26
238 379
789 548
95 13
314 331
833 809
617 607
653 287
584 37
33 289
100 578
803 856
186 438
21 149
91 278
574 302
499 391
762 669
321 494
563 718
577 49
303 796
715 372
276 882
757 268
279 263
815 378
564 461
391 611
838 681
640 21
454 733
76 538
521 867
841 88
95 383
338 208
581 276
817 643
821 75
180 69
206 790
620 100
480 1
453 30
27 474
119 517
46 464
323 717
10 443
18 621
310 453
555 477
313 26
287 596
104 855
850 198
689 204
263 49
231 182
586 745
492 520
609 600
442 146
349 861
776 780
762 791
799 16
436 39
488 666
255 827
733 759
683 462
481 205
351 340
497 335
636 486
670 685
693 430
808 192
182 823
471 607
627 285
403 487
647 109
316 73
851 123
263 679
410 383
191 795
106 206
643 765
515 304
224 488
577 543
118 259
689 197
391 430
66 230
251 174
736 184
547 179
187 333
149 510
354 608
781 797
353 301
161 523
71 8
339 171
313 253
426 491
170 26
262 125
431 155
780 429
38 310
422 155
878 658
717 273
402 61
95 279
56 835
562 799
779 751
854 494
28 825
858 812
782 379
366 176
701 83
630 59
427 649
335 768
152 163
617 89
78 410
878 256
665 508
862 478
420 117
576 574
274 490
408 202
526 619
545 696
124 676
876 302
864 211
312 332
204 25
44 869
245 361
49 438
214 70
234 768
679 8
113 81
627 862
614 72
884 269
885 185
831 262
693 199
317 701
232 727
673 471
604 156
236 486
661 195
220 661
352 870
207 680
297 817
851 557
836 661
540 609
772 422
344 458
842 2
287 863
316 638
216 591
875 241
59 133
61 36
406 170
63 768
137 89
377 503
431 347
777 180
664 764
763 586
261 107
48 283
524 88
229 121
286 541
269 104
523 863
734 100
537 483
187 739
828 851
685 235
662 888
734 160
800 544
67 227
801 695
786 216
590 205
519 295
672 140
383 317
323 446
671 738
653 83
140 106
701 549
380 812
52 817
214 387
277 660
774 306
366 309
773 119
812 795
829 397
407 732
191 275
735 78
801 622
270 403
455 158
419 585
21 261
651 447
316 109
762 454
766 390
894 219
434 32
749 844
797 255
110 223
493 888
612 638
79 707
442 234
834 747
245 669
192 530
142 72
855 590
270 858
126 511
716 830
246 548
402 200
632 21
316 774
585 442
744 132
280 569
194 329
346 375
237 260
457 566
47 747
667 493
278 548
688 507
541 823
28 750
656 207
566 508
700 339
203 269
542 751
85 699
11 296
582 220
433 256
179 369
470 304
255 570
509 747
847 806
276 188
731 121
814 771
673 765
320 232
212 164
105 294
750 617
235 13
638 108
473 688
239 212
349 29
479 868
651 162
67 269
49 321
506 777
756 818
890 121
790 637
240 756
334 354
540 473
27 67
409 700
724 134
504 73
638 492
602 725
74 529
734 462
827 760
610 232
576 824
422 95
133 717
542 726
100 845
854 649
325 639
177 118
272 599
396 139
659 397
303 138
428 635
336 529
834 166
359 577
108 585
161 688
860 92
861 309
828 674
116 263
425 107
248 375
530 629
413 367
416 866
271 698
806 462
735 444
113 530
573 295
739 76
499 294
874 584
653 772
83 653
712 42
138 9
694 78
621 862
56 249
278 456
313 847
668 685
243 727
300 663
338 43
284 678
677 199
655 12
325 319
737 151
261 146
183 14
138 274
722 449
843 622
376 344
128 329
165 732
560 775
386 300
429 524
809 291
638 64
35 288
628 820
517 882
28 191
646 853
242 100
280 697
597 127
252 163
377 404
711 881
876 472
131 47
4 295
79 216
743 800
815 482
691 688
817 861
857 344
431 501
252 233
181 676
788 125
611 329
832 223
300 541
547 187
417 773
897 533
56 360
581 333
17 568
895 45
368 783
666 461
657 179
824 626
380 363
393 518
384 536
510 282
43 182
741 467
797 790
59 543
321 660
380 45
27 676
330 739
259 293
332 341
325 96
723 498
777 708
780 270
764 139
468 271
282 35
549 652
57 538
575 376
188 750
356 149
788 761
813 449
488 377
396 343
732 19
570 498
827 257
830 501
860 767
52 650
400 155
113 516
735 578
33 269
61 793
834 27
505 546
113 331
711 756
324 199
805 704
30 460
95 46
84 200
632 826
192 711
253 88
641 650
492 445
707 541
315 800
580 167
122 590
377 318
299 702
48 822
96 860
843 738
537 838
303 102
539 685
120 837
405 425
61 108
264 584
263 721
892 173
158 100
555 813
610 135
867 268
80 682
120 647
836 234
320 89
600 454
879 297
568 186
113 227
331 52
847 327
396 894
778 32
797 523
122 147
303 753
607 117
591 357
273 454
629 443
812 186
831 622
47 522
48 604
54 221
363 33
585 830
630 170
170 67
682 845
688 71
869 323
617 506
761 660
397 728
554 868
755 658
169 476
669 353
616 627
338 6
249 673
142 739
784 613
381 732
57 622
726 417
149 46
445 61
690 185
698 872
799 96
180 449
27 650
186 37
168 744
206 495
745 210
11 719
323 561
31 351
472 500
132 177
552 654
93 412
883 521
421 389
441 644
559 227
245 887
67 395
809 393
415 699
417 72
625 355
610 620
58 273
639 451
888 480
635 131
120 511
176 305
13 76
786 566
58 498
56 871
717 78
690 13
372 288
781 71
602 363
751 484
389 666
574 205
726 232
37 867
761 125
872 579
444 380
266 523
67 102
35 695
434 709
188 16
808 373
554 332
403 472
410 51
740 23
762 401
895 739
105 197
373 312
345 402
716 206
519 757
85 396
596 355
577 600
12 377
452 699
697 301
773 785
137 536
193 30
356 638
376 735
268 21
568 627
533 154
54 440
240 676
421 38
539 335
775 45
8 149
63 442
46 102
305 406
662 623
624 314
532 712
292 341
8 429
257 256
260 446
465 165
797 353
87 106
252 336
622 595
566 607
610 638
367 287
480 314
243 655
652 895
137 652
619 398
454 780
512 393
650 571
417 384
626 670
30 393
291 68
423 639
518 708
866 573
117 719
752 829
733 791
678 629
669 79
609 202
807 670
663 117
332 49
813 861
844 362
172 253
672 99
251 540
876 328
364 738
327 494
754 535
482 190
137 182
340 277
726 645
892 200
678 70
768 582
161 296
804 140
143 488
883 854
803 14
693 490
386 485
650 534
445 549
891 477
764 498
68 135
525 847
470 535
560 879
474 865
320 54
293 396
689 85
543 792
657 857
697 219
345 687
19 404
256 802
151 740
689 706
777 320
726 813
654 62
671 384
659 762
624 296
878 39
291 75
737 580
511 81
711 162
707 774
10 656
28 826
657 560
659 661
507 380
514 516
514 113
128 125
738 102
494 415
776 684
688 233
137 586
194 894
303 255
270 443
881 853
510 752
442 394
122 795
443 354
580 660
134 687
213 238
15 493
237 642
399 407
48 818
664 497
276 66
315 684
63 566
540 605
875 410
362 52
159 834
254 510
858 530
773 194
567 374
799 567
634 207
114 823
671 797
175 151
832 699
205 880
403 357
371 175
45 647
445 226
526 704
545 156
394 777
471 216
133 124
275 565
365 662
497 194
71 125
832 730
430 716
836 549
69 583
13 506
287 826
861 150
300 214
849 377
208 537
335 243
762 333
428 380
413 315
513 34
15 27
697 555
138 59
534 728
738 624
703 755
44 359
706 254
689 158
828 831
891 749
70 633
513 83
615 402
378 240
593 141
482 826
194 317
549 741
568 679
866 352
196 519
611 843
744 506
153 410
834 768
191 141
123 203
423 144
17 11
242 215
133 585
797 754
65 441
106 711
783 437
788 491
366 219
893 199
372 115
852 136
211 439
585 563
503 102
325 776
208 10
806 755
330 709
679 725
421 234
81 284
774 93
690 336
499 336
104 512
203 410
69 696
33 79
785 533
218 69
701 9
436 489
755 150
467 775
496 761
454 558
466 481
540 590
127 832
376 543
12 815
343 613
897 108
203 872
790 172
149 796
490 250
632 133
741 248
282 278
628 76
182 220
308 485
24 682
521 172
44 341
145 66
685 557
353 504
384 459
147 782
343 188
375 787
206 538
71 475
712 283
880 94
878 285
807 148
883 287
220 508
481 790
420 837
763 239
671 46
894 62
843 202
180 587
643 808
202 149
720 149
828 494
894 816
80 244
742 241
834 334
736 515
711 457
416 22
586 581
92 612
20 566
363 183
629 246
557 196
872 563
762 457
321 111
183 621
325 687
235 116
683 422
861 387
693 669
47 117
594 693
204 825
578 879
290 181
407 772
543 203
232 579
250 347
285 637
426 584
290 360
437 503
811 515
783 100
406 878
631 611
119 277
176 343
857 436
855 129
731 415
418 686
16 156
38 494
96 561
133 676
426 11
600 380
237 20
712 480
162 683
822 48
145 575
475 586
287 621
446 429
485 881
652 10
174 322
582 656
508 153
567 356
324 222
426 294
122 561
719 601
478 259
133 612
67 222
30 147
254 255
258 664
575 190
520 731
110 869
695 625
256 430
365 772
226 724
762 684
372 842
711 461
417 170
737 651
810 489
131 741
333 470
778 165
463 205
617 430
874 241
184 830
820 85
52 564
86 825
94 342
168 638
354 694
760 685
283 744
820 158
529 603
363 812
587 360
846 490
666 347
199 506
408 583
117 251
172 45
683 748
781 804
474 730
358 255
33 657
64 493
453 532
656 480
274 828
792 716
633 21
444 71
284 499
33 258
379 55
876 399
823 176
535 252
485 276
344 834
17 172
491 245
432 37
520 304
314 396
310 634
172 405
545 758
35 781
107 616
74 749
255 229
188 373
740 314
241 813
465 54
200 534
345 744
125 591
1 798
163 827
628 173
666 469
792 154
281 113
190 686
46 612
855 470
847 712
791 367
281 21
703 593
32 2
380 632
578 727
552 355
733 615
756 195
849 423
601 703
745 342
836 750
598 517
2 676
505 442
107 609
18 521
631 779
285 714
290 21
651 198
340 476
253 678
308 692
710 551
268 875
470 397
153 253
266 723
148 84
705 15
561 258
137 733
389 692
472 801
296 212
203 588
330 92
385 415
478 673
328 336
870 231
809 148
674 31
322 114
677 50
697 281
754 679
538 456
167 389
802 129
285 549
762 170
707 860
673 256
613 236
323 592
884 877
332 577
259 419
685 504
200 245
835 161
416 315
801 420
640 433
696 40
597 35
369 23
168 881
391 167
498 885
377 327
774 17
746 777
249 823
140 373
235 618
144 453
492 347
458 455
461 133
465 383
322 310
297 16
456 70
241 720
636 220
332 182
427 711
134 713
104 600
83 694
140 91
163 660
572 739
350 534
722 48
309 463
870 504
817 204
572 730
359 182
586 515
495 590
492 451
280 146
820 373
863 171
441 651
479 520
23 895
262 477
101 587
10 71
803 228
434 452
252 323
804 766
464 809
419 521
495 498
78 707
495 488
523 594
726 394
704 266
343 190
539 793
273 294
476 766
384 815
848 260
204 813
405 156
219 549
430 140
141 231
454 728
678 13
246 220
129 541
499 820
140 404
782 31
33 249
541 833
789 331
328 790
257 859
537 198
352 71
668 153
444 431
778 846
343 818
231 298
604 435
788 516
860 665
202 60
77 459
896 1
23 62
723 41
372 630
763 888
670 835
214 684
394 653
508 796
751 42
364 344
517 121
663 14
873 123
630 71
708 799
266 310
140 73
407 774
63 345
715 176
162 343
346 565
440 712
683 459
538 769
8 150
726 784
86 14
640 390
696 355
418 131
771 669
441 226
425 64
79 229
264 613
174 267
126 591
323 742
537 261
204 665
879 822
563 98
610 257
254 275
346 80
349 299
388 415
346 198
82 200
691 275
666 573
717 740
488 481
131 677
549 236
297 656
95 344
188 852
244 361
869 277
872 7
525 115
378 464
235 780
200 207
643 115
202 223
521 570
113 488
556 737
37 390
120 422
854 593
214 496
217 524
486 490
197 750
492 191
184 248
421 245
792 503
33 477
609 860
887 144
854 799
139 595
391 706
506 495
201 603
867 750
94 725
12 402
149 662
687 138
600 228
543 795
307 863
875 673
749 498
470 72
861 728
201 127
642 655
574 850
519 392
389 238
354 26
245 366
483 175
144 429
450 499
1 508
328 374
510 535
538 85
629 8
778 149
889 187
482 739
599 815
191 770
647 480
496 177
205 204
315 449
443 244
176 580
140 231
712 224
714 563
24 835
825 378
205 274
316 718
577 348
246 523
375 280
68 747
713 327
678 612
556 172
208 325
594 66
685 462
334 260
707 865
207 53
536 758
467 366
62 89
379 7
270 609
642 387
473 897
536 375
459 175
831 885
480 605
796 358
814 91
140 852
498 270
471 401
638 231
294 426
22 336
103 823
523 631
563 386
46 634
896 823
808 310
553 760
110 66
183 792
537 393
645 168
309 878
196 533
430 612
107 482
287 805
401 72
574 145
759 789
667 836
26 68
390 749
597 17
49 538
447 419
586 18
655 368
550 625
582 526
638 320
328 825
668 277
202 645
719 152
167 367
795 526
6 102
7 364
464 766
395 22
786 762
676 109
608 811
274 881
790 775
203 91
847 649
482 398
101 482
640 91
839 789
88 663
187 793
566 445
223 787
647 173
894 243
654 474
145 216
382 542
178 826
72 740
728 82
23 740
796 178
561 584
618 446
174 191
358 765
244 329
162 72
271 734
255 485
203 278
367 129
235 569
353 808
9 299
743 400
780 624
506 400
571 739
771 404
31 252
792 467
314 494
761 670
19 470
513 273
460 603
641 796
830 23
609 456
40 8
332 561
755 878
645 809
527 303
379 630
27 891
739 254
754 428
366 421
593 423
540 682
558 185
202 362
870 384
376 15
194 64
358 163
404 338
181 165
219 30
498 595
722 139
711 230
83 798
290 396
282 367
377 573
165 703
140 833
568 146
843 187
113 640
437 567
811 764
498 122
776 94
407 782
191 504
49 185
86 861
620 560
662 181
795 353
209 262
264 162
232 791
268 845
729 485
855 566
396 492
70 223
660 350
661 3
781 12
150 520
25 660
193 381
730 742
470 789
498 252
327 628
773 752
817 357
577 602
688 62
465 288
678 854
458 165
178 561
414 828
200 829
408 367
422 283
759 77
746 709
746 521
879 316
209 13
332 700
164 8
441 663
335 33
67 655
621 690
140 606
803 486
128 585
534 266
458 227
94 809
497 4
505 513
298 63
83 41
123 78
432 868
804 679
610 692
720 471
458 114
792 441
794 542
707 668
544 298
483 70
874 570
819 522
867 373
225 867
553 7
895 460
295 469
332 289
765 552
759 74
689 583
101 262
600 38
866 694
361 105
324 123
550 163
606 28
772 867
442 772
573 632
633 469
82 437
173 191
530 618
692 749
549 164
606 346
379 513
185 836
738 383
498 846
25 523
29 181
319 844
583 755
88 35
625 755
564 624
204 514
609 10
283 180
455 790
884 96
157 638
179 402
134 14
815 492
196 205
84 23
51 860
388 858
694 571
401 637
76 876
644 849
417 168
478 267
559 38
192 176
67 371
14 4
289 192
242 727
223 459
524 782
762 257
154 803
892 471
655 309
238 347
599 649
463 226
117 239
410 269
671 149
216 426
450 593
436 890
164 327
807 341
737 54
678 235
4 296
152 433
209 64
335 853
761 896
356 795
373 77
548 122
877 92
179 761
590 142
645 86
205 329
611 730
263 425
362 503
744 346
617 236
321 447
620 532
567 624
346 599
865 144
21 87
105 704
426 82
119 692
263 254
766 831
529 153
233 612
383 245
347 508
76 22
369 100
7 302
409 43
690 492
601 68
344 528
660 798
293 275
385 389
650 590
207 296
814 256
851 630
669 515
121 482
583 886
585 19
349 244
822 181
181 750
718 120
769 17
558 446
651 831
255 761
465 10
840 746
857 652
642 726
298 567
672 462
732 84
875 461
107 426
287 765
110 895
606 896
147 93
476 125
96 534
573 756
831 805
755 98
500 544
45 437
691 463
881 545
658 252
455 107
8 591
322 780
392 857
523 551
373 404
626 764
855 95
144 708
306 623
254 137
328 704
572 201
610 116
626 562
633 256
82 6
301 349
193 636
283 805
196 2
548 255
649 215
53 114
55 473
596 253
333 290
652 192
429 622
193 749
123 313
359 184
860 168
75 375
94 529
384 368
649 420
62 52
409 450
742 140
887 870
854 511
136 715
108 757
604 546
879 493
462 24
292 838
585 787
388 47
541 255
151 575
555 417
198 386
733 141
678 333
112 729
187 233
154 429
275 371
873 672
565 282
824 818
614 468
153 315
4 238
45 849
85 799
377 462
720 292
548 770
455 200
48 510
812 66
119 560
281 62
749 303
630 210
172 491
320 484
448 158
662 462
469 632
750 182
145 87
93 871
186 756
518 797
426 167
745 757
814 825
711 185
105 2
880 688
212 400
158 635
711 515
505 880
821 79
822 119
772 210
539 690
522 275
759 279
21 363
318 694
737 234
801 243
568 279
662 737
247 43
24 746
739 494
118 408
148 477
818 514
484 105
874 196
322 265
362 295
427 879
219 793
319 27
171 83
808 846
114 880
460 447
832 752
263 311
688 666
396 356
14 599
878 733
833 113
717 609
868 70
390 75
581 770
176 195
692 734
859 618
694 718
152 68
808 382
175 343
882 102
789 896
791 879
383 305
462 148
504 399
88 735
228 447
713 122
804 135
219 84
171 510
217 766
481 560
889 486
889 793
798 445
846 62
344 504
659 460
3 625
520 677
209 303
652 277
157 323
709 324
66 638
175 472
821 16
269 803
880 830
278 806
536 613
727 798
451 331
760 590
690 715
692 307
50 671
171 455
290 539
772 651
276 45
370 128
495 290
617 468
835 301
305 733
499 573
587 195
199 178
848 82
19 623
204 319
332 67
891 479
578 733
799 117
603 451
842 31
623 193
132 870
406 763
297 853
47 576
374 656
528 215
532 60
82 844
291 307
19 406
197 577
865 662
81 720
334 258
26 115
137 665
373 344
458 324
324 457
379 846
2 447
699 690
132 644
792 773
226 660
850 881
847 148
229 527
620 497
785 76
343 673
659 32
330 755
427 247
384 296
221 346
367 218
629 755
413 872
829 38
61 721
216 273
142 708
343 278
460 655
150 73
116 156
607 538
562 393
564 421
776 893
655 453
14 503
159 446
74 290
845 396
875 525
701 818
143 73
794 641
868 392
815 596
686 836
58 90
875 412
158 509
750 710
288 817
36 183
700 788
189 71
348 461
760 353
851 10
495 487
85 685
194 433
177 530
490 709
252 804
109 34
457 404
666 791
408 165
858 149
559 682
283 205
87 559
532 83
492 624
1 42
440 630
403 33
557 53
632 447
776 804
891 346
211 649
782 645
217 831
152 693
474 150
94 599
457 521
721 820
296 820
704 81
832 587
445 708
407 704
46 565
285 259
360 785
360 742
568 331
552 5
842 700
184 31
438 254
699 704
468 212
353 790
562 345
525 494
145 744
281 527
390 54
824 111
347 231
826 709
147 748
531 289
280 887
873 344
793 316
526 375
517 69
507 703
190 226
66 865
692 522
569 544
536 467
218 548
521 645
773 892
850 382
720 515
245 376
564 749
622 80
732 427
842 234
271 148
415 57
495 768
650 498
262 419
248 398
162 271
473 515
627 619
829 816
847 204
25 624
301 172
137 366
300 786
560 107
398 441
725 228
271 426
19 325
810 216
44 561
301 414
871 238
33 651
141 704
547 275
117 462
420 807
661 879
331 324
205 296
81 572
27 439
799 741
512 786
676 730
436 871
552 584
184 610
129 764
117 241
862 522
86 160
126 872
138 610
178 228
895 221
514 83
496 355
594 334
579 498
100 411
503 309
839 447
861 188
436 808
520 826
740 256
667 736
101 890
9 864
843 571
512 687
729 863
549 870
127 752
181 316
272 616
476 598
756 384
668 495
753 371
635 868
555 310
284 571
123 679
482 537
141 447
380 345
418 177
844 232
348 69
700 146
560 106
779 261
135 364
292 797
751 683
366 545
595 45
409 872
202 546
451 686
588 798
843 618
776 512
491 740
826 276
2 745
774 395
188 732
762 835
554 79
876 501
32 198
886 802
842 577
440 844
349 388
60 300
524 11
802 389
427 336
249 221
855 703
842 720
700 380
459 662
498 26
794 543
535 284
773 591
748 587
821 326
480 357
683 211
241 324
261 159
687 215
756 832
581 582
527 574
121 23
880 290
312 153
258 45
166 610
133 538
668 590
835 538
282 162
341 786
858 108
177 237
238 337
863 765
722 226
19 696
725 55
393 201
198 896
74 487
721 113
553 221
237 50
629 225
737 487
538 7
729 686
779 307
872 239
375 889
156 741
486 676
485 676
569 875
586 779
660 760
403 218
612 324
77 538
647 455
266 213
893 802
801 873
500 690
715 882
239 144
257 36
781 493
529 348
106 295
395 260
72 107
234 554
737 399
352 422
760 291
521 12
249 802
662 295
333 395
569 694
126 248
660 784
883 872
420 170
628 215
774 594
833 300
444 242
825 858
835 801
730 867
678 105
876 83
180 293
40 520
441 481
646 109
108 202
43 655
464 600
283 854
747 269
753 403
91 667
437 448
112 772
22 539
509 300
873 439
13 689
747 410
288 325
790 65
149 839
118 724
778 262
400 158
771 417
864 781
723 15
372 167
796 788
852 361
232 530
375 442
715 9
235 527
640 707
17 155
112 231
844 552
341 845
83 769
174 606
357 134
619 319
126 887
127 410
2 128
578 876
300 490
301 500
443 754
695 719
660 378
625 552
712 811
864 479
424 396
45 548
746 122
563 155
528 471
282 188
14 236
743 82
458 769
574 595
507 724
683 594
872 271
323 866
654 682
343 816
386 885
143 313
5 516
555 258
846 775
758 622
589 525
512 746
70 55
772 513
681 171
167 642
168 740
807 409
443 442
118 194
357 16
251 629
527 212
585 373
456 60
54 16
741 493
367 75
227 797
546 376
51 778
895 426
473 23
440 275
874 39
298 401
64 57
388 204
657 52
80 274
288 561
714 376
629 95
622 733
388 866
299 441
342 424
408 763
359 35
731 90
861 754
881 329
539 783
496 515
761 121
778 441
852 743
156 373
303 616
415 535
344 631
290 66
551 92
773 234
130 206
297 140
730 724
89 191
135 851
14 868
455 88
295 537
369 546
479 86
809 43
64 741
24 223
446 357
229 635
219 176
730 176
354 634
16 717
56 874
661 718
561 707
336 741
153 433
597 891
513 717
836 146
322 446
583 312
767 431
126 317
770 650
201 74
220 367
226 266
244 755
468 590
86 446
434 183
586 520
491 426
334 498
735 530
409 467
137 758
763 725
726 197
165 765
486 739
503 515
549 628
804 716
18 252
877 882
679 241
594 744
573 452
155 786
250 302
178 3
712 519
713 532
336 826
476 316
594 196
791 482
744 190
120 195
655 489
159 707
74 893
554 252
776 579
388 316
10 228
853 32
304 324
675 234
435 686
610 650
256 401
207 61
704 229
117 485
820 322
731 324
47 462
190 852
499 570
514 561
113 51
59 91
218 241
356 420
406 443
319 825
603 533
30 598
306 528
436 615
234 638
293 629
665 111
702 36
830 562
192 736
49 868
800 60
637 166
360 174
888 779
569 523
520 30
771 631
166 682
575 240
371 558
161 468
11 186
825 180
195 819
569 628
342 550
237 542
716 394
739 502
347 553
539 643
192 534
621 143
397 156
13 600
655 217
70 523
878 402
239 831
202 761
884 426
632 323
211 214
670 510
194 303
214 700
643 373
36 542
878 381
609 597
31 682
884 473
540 331
890 343
400 22
67 129
460 470
552 734
274 294
152 339
117 779
186 872
688 467
544 72
637 485
160 727
514 748
506 207
142 796
349 127
348 574
75 862
424 513
206 420
316 92
796 361
610 157
744 543
174 870
693 873
359 414
676 428
783 531
14 832
608 799
642 610
241 794
479 756
665 259
42 227
260 62
722 641
187 123
742 819
880 65
764 863
601 299
317 385
332 703
74 720
537 390
446 17
756 747
557 59
241 419
600 546
467 54
782 78
468 357
527 264
770 219
128 258
314 119
718 246
702 364
540 607
522 523
579 222
104 129
96 119
225 327
762 309
590 44
848 597
639 383
762 7
636 556
656 109
88 234
180 656
458 862
238 831
386 604
866 594
115 403
391 408
708 699
638 214
322 727
705 794
384 772
721 666
392 261
120 810
835 229
29 38
565 335
876 289
659 339
471 828
735 19
421 455
208 386
207 458
281 506
637 588
84 828
431 808
601 268
641 679
866 669
201 677
330 630
294 686
776 185
388 106
526 453
485 203
30 547
307 743
732 348
788 545
665 218
576 838
520 755
637 867
255 696
268 535
755 437
198 783
604 774
644 202
478 770
353 409
320 314
185 852
82 536
66 546
28 205
855 546
676 845
145 117
680 51
515 457
129 134
610 428
884 819
115 45
868 98
372 388
815 144
443 546
375 82
565 14
636 757
58 151
258 360
851 27
652 467
874 719
263 787
710 802
404 546
222 188
826 717
648 656
702 120
260 43
500 294
279 196
236 651
451 246
786 514
396 685
512 788
148 641
203 35
703 524
690 383
333 860
175 509
562 736
841 248
235 153
715 76
776 674
75 560
721 232
540 676
542 789
377 594
857 472
893 127
142 301
271 801
112 571
577 820
279 539
887 806
507 285
860 101
144 262
457 398
166 93
114 354
297 341
81 416
10 339
211 869
51 175
843 628
74 756
770 377
204 887
481 811
814 189
671 732
376 862
737 427
155 7
865 560
258 459
223 367
244 224
742 569
211 524
801 201
150 629
603 197
253 878
753 795
333 33
334 401
797 775
736 670
21 880
85 576
281 768
86 172
894 855
91 83
602 412
609 530
425 222
6 472
463 105
637 782
618 320
213 39
32 442
698 808
149 117
173 761
615 230
857 441
837 640
690 820
861 279
293 858
882 92
222 94
740 66
443 66
574 262
815 624
409 649
798 870
782 363
124 255
611 566
776 23
184 229
421 332
205 222
299 864
142 547
784 704
604 270
767 665
218 848
277 56
767 138
601 747
47 824
49 169
144 617
788 895
240 194
41 842
225 488
82 435
248 130
229 416
656 153
692 178
785 654
19 113
625 516
457 154
203 423
888 208
221 664
818 888
598 721
529 830
751 703
571 327
607 182
365 583
762 699
312 868
427 75
604 261
489 749
625 467
251 647
93 349
592 223
486 84
614 673
668 156
869 525
302 390
303 171
74 852
644 738
866 261
485 758
353 532
802 678
766 128
892 114
736 889
405 419
688 411
651 737
284 513
430 405
394 538
110 70
855 38
590 470
846 139
630 244
578 486
154 347
389 773
294 802
447 649
263 876
233 245
507 313
641 270
659 91
133 189
789 382
331 58
204 772
795 875
744 348
315 132
230 337
321 555
782 151
395 435
514 817
786 892
533 718
182 89
250 406
796 183
756 309
350 117
614 124
82 421
666 837
33 210
51 873
895 122
130 697
644 632
351 853
134 111
248 586
154 601
688 347
164 397
322 637
198 605
454 102
773 7
77 698
720 635
631 802
816 348
742 11
671 301
140 798
344 641
701 485
556 552
409 272
673 662
853 725
538 387
736 461
114 71
481 840
517 799
579 614
477 466
391 828
32 318
378 109
659 724
56 180
572 18
368 139
408 786
172 173
263 262
540 592
712 693
392 435
587 854
32 322
452 333
91 7
54 137
94 874
331 91
478 339
575 579
889 456
449 705
583 180
841 429
350 206
578 118
761 595
662 240
174 460
892 820
107 20
698 657
405 849
201 402
312 509
132 353
371 427
408 20
96 275
463 507
672 91
504 8
213 378
547 630
507 21
895 452
75 361
383 304
321 796
837 91
731 354
270 98
509 805
75 781
195 696
562 878
560 5
95 459
504 817
67 23
712 192
89 665
157 767
878 358
182 179
497 675
828 737
388 867
503 859
65 93
102 527
98 37
399 438
330 875
296 279
132 360
333 729
598 566
687 352
804 823
571 267
700 891
534 875
576 419
781 726
564 282
587 836
218 346
509 830
259 801
666 739
205 892
834 96
449 723
781 242
873 887
162 335
107 783
71 797
187 886
349 667
477 454
575 267
844 821
673 697
300 37
891 533
820 885
164 91
865 527
502 763
810 718
778 417
411 648
574 373
880 844
286 7
490 41
307 131
346 879
593 486
714 321
501 776
140 633
391 696
412 22
803 245
885 741
860 660
312 365
496 143
294 86
701 526
226 888
762 678
335 816
780 227
727 185
15 561
586 862
891 822
328 34
537 639
708 879
167 731
591 606
42 134
732 608
228 16
484 429
545 869
322 438
354 190
250 709
285 34
313 246
739 59
117 824
81 175
373 340
249 862
345 788
236 103
420 878
437 776
60 680
459 704
797 11
325 437
856 567
263 817
840 749
567 777
608 183
349 477
37 574
77 12
795 27
135 538
797 307
249 466
156 106
140 236
549 24
315 694
226 223
662 146
96 522
702 37
190 404
557 862
671 757
230 176
855 210
396 610
588 495
201 123
120 702
772 51
22 123
334 836
424 656
285 547
784 54
108 580
551 575
456 391
80 718
75 751
867 667
724 315
826 532
780 591
68 380
543 600
831 635
588 205
435 807
386 587
494 408
820 644
557 379
425 842
134 537
230 834
449 678
155 735
431 626
305 247
89 757
787 266
271 336
577 560
782 843
794 277
181 311
318 591
562 396
525 24
727 497
564 21
97 679
780 48
58 735
309 846
439 46
15 237
62 478
710 111
395 454
250 531
710 624
547 175
178 280
678 136
699 346
438 226
556 142
773 656
381 192
117 502
65 685
743 45
636 534
468 715
641 275
266 713
342 61
96 425
24 182
542 216
391 418

1000 4917
670 955
375 356
72 568
997 320
340 442
126 424
256 654
257 935
740 366
560 439
660 286
209 738
907 730
235 181
825 53
418 485
467 901
114 404
867 101
364 590
668 114
597 84
245 943
528 965
796 235
37 898
802 146
397 36
842 230
398 967
966 148
220 739
165 531
442 232
188 431
480 592
63 151
913 507
727 236
485 193
196 447
34 123
969 249
878 982
849 904
166 498
426 241
230 324
157 969
581 615
764 351
198 478
950 292
790 754
772 409
44 147
205 264
215 565
209 731
357 221
363 298
71 576
315 558
935 979
761 952
61 63
559 351
850 32
863 208
177 696
737 499
398 405
385 390
665 355
4 321
904 314
775 162
561 335
318 347
542 268
600 275
602 628
52 419
948 408
485 242
91 562
110 806
811 35
170 431
590 830
724 455
45 71
746 539
52 427
302 21
860 602
512 885
36 414
824 497
228 714
991 28
153 752
632 456
761 190
288 875
856 305
280 883
160 189
431 53
108 486
842 153
678 483
203 442
453 583
294 855
8 978
615 331
543 510
180 784
552 683
508 536
804 93
74 421
194 702
827 347
975 20
686 530
673 945
367 407
838 990
910 507
701 462
594 341
795 905
8 69
126 782
561 868
963 241
448 694
503 869
735 477
236 352
574 124
701 319
153 761
923 336
121 224
85 415
531 634
325 987
306 703
554 374
865 225
166 261
560 772
540 677
705 85
795 282
429 120
278 372
748 346
931 970
308 867
957 764
554 281
573 385
405 511
299 219
779 270
301 521
819 513
507 284
72 154
219 989
23 771
616 26
225 875
557 573
412 898
729 950
599 630
653 227
323 382
859 749
273 920
972 849
421 483
408 43
911 446
376 863
173 906
839 917
145 102
915 211
819 651
585 845
78 178
830 791
523 438
686 870
411 880
138 920
747 250
113 107
760 870
841 113
345 244
582 236
257 733
408 863
329 599
855 51
838 968
286 277
234 106
270 36
733 543
366 551
899 43
974 166
42 207
483 841
524 209
856 663
854 166
340 485
747 879
549 668
17 507
843 620
753 49
381 976
510 795
756 26
540 516
758 247
460 910
120 252
502 76
177 331
965 498
658 4
513 836
939 547
148 519
827 497
828 481
957 24
207 425
459 646
64 286
551 857
20 829
90 847
273 322
860 383
592 517
772 147
169 815
956 285
652 505
375 78
585 554
696 917
491 590
683 367
97 128
425 583
170 387
318 909
84 461
473 138
46 817
394 493
6 909
479 734
317 681
553 706
774 197
658 530
866 267
336 668
150 979
934 978
869 500
931 784
668 456
442 754
133 681
904 899
941 973
835 342
391 865
196 933
212 177
305 480
704 436
882 935
322 847
959 756
124 524
103 680
966 563
918 279
686 228
666 438
289 112
928 397
997 996
216 655
531 140
917 613
185 404
39 17
663 524
903 907
638 443
580 340
322 233
571 494
832 774
510 451
681 821
538 157
280 645
524 575
27 45
482 567
194 896
907 634
231 976
902 176
509 708
442 184
695 268
220 793
848 210
900 939
336 620
186 943
407 613
263 416
264 98
506 442
566 302
553 675
847 769
539 39
297 779
134 536
45 157
962 401
763 581
125 211
74 860
147 671
749 831
171 772
64 500
778 967
670 244
820 724
667 940
698 557
17 564
642 768
293 884
537 699
311 32
470 544
646 141
443 677
262 492
577 103
457 907
504 106
103 130
137 369
416 54
604 543
918 556
650 390
65 622
520 739
321 79
975 854
693 681
656 635
591 887
986 644
56 396
475 799
79 690
257 943
991 864
904 751
562 938
372 653
1000 238
102 969
513 267
340 505
503 863
16 932
968 881
382 297
946 994
493 730
683 483
132 379
608 578
787 522
851 290
119 245
728 656
227 239
358 310
802 303
490 608
355 357
679 969
919 708
331 679
813 343
970 559
182 797
944 223
784 670
30 522
662 32
126 232
203 576
391 909
213 783
3 860
777 68
409 367
651 623
933 819
68 161
522 100
550 260
240 144
385 89
560 841
481 77
129 203
819 920
785 149
215 878
784 640
132 789
850 437
685 522
262 144
906 329
685 413
250 56
582 457
549 778
731 955
864 377
934 641
921 691
394 616
610 957
170 665
857 761
82 295
908 927
584 61
288 263
469 80
913 55
392 870
751 179
850 307
366 610
756 174
258 922
563 19
105 367
529 938
713 616
763 344
207 258
169 157
6 866
334 111
778 609
139 440
857 40
361 51
822 448
454 741
146 298
312 190
798 354
957 221
499 358
190 163
652 494
998 714
620 276
305 993
729 908
126 758
397 6
509 844
807 48
241 121
758 491
408 470
523 50
137 755
83 212
376 74
817 740
931 591
448 994
834 366
509 829
537 319
991 617
832 845
393 535
674 45
472 621
714 212
660 104
456 113
19 714
582 558
684 329
497 305
496 904
389 62
999 181
965 304
812 215
163 842
185 774
785 840
116 810
525 840
155 529
335 584
506 842
985 149
270 158
699 672
794 731
248 946
871 539
857 280
438 342
107 220
87 407
797 519
120 394
71 644
129 389
242 150
943 133
575 78
50 897
307 565
368 517
103 579
962 702
209 766
847 70
504 356
87 389
308 137
159 817
509 536
567 396
19 832
442 365
776 48
833 510
524 803
925 6
493 742
196 316
513 217
550 70
677 924
365 388
627 849
8 927
795 109
377 539
66 547
579 878
486 45
180 840
734 166
402 84
645 40
96 412
133 777
760 883
686 607
453 288
375 810
946 224
417 848
199 753
399 202
937 663
81 159
794 964
111 115
926 260
142 872
876 643
111 562
62 939
130 765
493 695
422 999
230 922
902 285
667 696
965 482
833 969
466 398
826 11
785 644
573 355
208 302
154 358
743 616
691 442
963 174
391 681
413 550
912 454
559 544
256 212
846 249
594 366
80 317
668 342
779 381
873 189
179 387
17 804
110 974
454 891
329 703
424 997
223 511
166 997
855 959
614 179
299 423
66 422
907 676
839 474
396 538
958 142
823 584
40 447
167 857
228 709
886 137
405 735
746 829
131 622
907 110
891 869
983 684
431 142
218 140
18 801
32 106
882 919
874 646
171 996
63 873
746 211
875 297
984 613
969 700
269 571
738 374
111 125
773 410
744 390
443 264
338 840
615 118
139 953
925 314
484 606
485 296
383 304
128 763
568 958
558 438
956 29
437 498
298 973
794 982
561 961
915 468
690 807
117 918
801 99
968 8
676 857
604 892
918 906
25 278
347 619
762 335
449 917
999 46
674 358
303 535
126 533
513 663
18 335
946 354
111 21
805 187
708 78
131 368
801 810
62 593
484 185
449 73
178 521
588 34
252 807
368 359
866 506
921 522
347 266
371 178
317 399
210 707
873 175
874 39
950 367
352 852
988 35
882 167
451 544
665 64
879 733
761 513
8 39
745 274
485 23
430 183
531 798
987 381
861 550
192 828
755 316
614 491
830 692
100 207
104 188
212 513
17 844
10 966
181 351
48 215
221 227
756 914
481 992
390 526
854 638
283 960
840 846
728 132
297 57
288 954
313 301
240 798
847 862
518 266
498 68
806 390
554 967
923 534
587 984
877 639
73 242
488 915
664 85
149 685
793 60
302 24
731 984
334 92
559 502
564 889
871 643
529 522
508 343
589 847
680 53
185 812
34 692
598 171
961 388
634 977
93 889
430 809
86 490
571 317
827 151
587 870
101 81
505 38
964 686
751 1
537 494
443 287
62 722
263 471
124 5
625 658
749 72
385 33
922 177
757 129
389 963
463 991
120 239
892 2
140 857
287 216
787 845
737 957
811 108
633 713
996 32
155 55
10 449
799 317
88 391
680 158
732 445
245 693
495 778
840 282
499 463
463 646
517 239
162 817
710 795
307 170
676 596
53 338
879 47
755 702
355 43
258 861
111 917
541 189
725 448
998 102
85 97
712 256
771 964
970 441
877 339
697 794
20 778
205 999
95 88
334 768
557 488
777 287
961 925
730 627
783 273
241 979
974 837
526 106
298 48
833 16
154 579
49 468
820 266
914 307
774 741
228 827
938 701
893 155
995 804
392 954
300 227
364 555
963 719
412 516
342 343
810 33
293 239
400 196
842 807
365 153
535 406
756 673
977 84
256 560
121 443
747 283
875 750
178 922
419 260
721 79
558 683
711 493
460 911
608 356
121 241
468 981
712 620
949 196
931 435
76 600
994 608
901 468
364 548
484 43
391 156
104 230
503 230
217 952
749 928
753 786
55 211
593 294
117 608
361 109
962 991
232 245
640 753
345 109
880 155
757 688
169 370
831 190
812 481
210 189
817 484
655 972
638 652
14 49
946 549
335 706
825 420
302 385
994 904
408 912
5 813
852 971
606 216
428 530
967 959
982 76
568 621
864 131
818 714
497 579
811 83
133 680
409 385
777 250
232 365
820 630
103 602
157 17
366 166
510 368
55 663
38 373
206 568
757 446
172 260
800 927
265 991
378 135
548 265
417 286
696 96
146 904
868 134
609 974
883 856
373 995
560 194
206 223
291 598
411 568
135 519
518 217
608 524
272 449
879 171
863 598
983 727
132 825
55 267
297 914
301 511
883 204
893 912
451 101
253 902
435 146
196 548
450 678
184 402
277 699
334 900
962 770
771 839
449 580
983 596
285 801
345 928
645 127
344 525
435 758
230 593
113 429
312 215
635 96
632 277
120 489
275 129
966 200
88 495
515 928
471 907
311 285
167 568
4 443
68 862
260 589
834 704
62 753
391 485
460 28
931 199
951 870
572 869
347 323
576 636
168 761
192 311
202 358
884 499
526 549
374 726
547 480
164 301
804 580
785 894
716 111
275 728
202 446
90 566
557 605
355 400
670 751
908 55
87 137
503 568
197 381
648 578
273 165
809 672
898 550
807 544
783 466
22 429
460 256
228 239
166 3
695 462
216 751
378 834
252 245
16 731
951 693
71 816
512 535
849 410
332 330
615 744
389 925
684 634
984 979
180 908
60 891
200 940
590 851
989 777
361 287
741 850
940 902
226 481
546 436
448 907
932 85
590 962
293 194
968 667
648 47
211 435
886 195
482 336
265 430
599 191
512 975
620 864
567 700
416 78
112 599
668 453
222 203
993 613
133 788
170 558
887 794
764 800
191 884
605 815
405 252
272 423
146 106
558 458
132 476
974 383
903 559
834 722
828 850
86 911
578 541
472 527
252 72
843 410
76 740
862 991
774 792
847 498
705 551
23 780
372 772
415 798
657 783
69 94
513 245
915 585
104 567
477 961
812 809
98 117
246 783
82 279
872 191
925 534
529 469
877 807
640 293
803 851
820 234
240 313
641 38
422 730
576 477
118 318
390 307
330 191
139 350
909 973
307 550
15 999
472 273
308 322
756 222
560 833
135 5
726 605
463 385
382 135
199 567
43 800
120 882
908 77
512 659
195 833
824 677
468 647
400 375
100 632
609 178
590 385
593 483
78 224
570 663
193 791
82 872
689 847
556 223
39 381
199 195
721 553
297 258
116 962
934 789
83 273
873 201
565 771
585 10
913 952
965 735
678 951
275 534
579 773
645 618
337 772
856 788
467 31
17 902
430 889
327 794
71 609
872 733
584 677
476 215
576 600
978 804
232 168
106 763
159 281
877 350
900 57
516 239
352 535
39 969
426 831
775 67
542 641
10 574
468 194
489 213
928 966
417 91
915 123
202 57
771 853
721 546
832 837
763 69
912 659
16 429
986 812
814 177
935 579
665 107
794 257
704 884
992 107
673 251
623 582
892 835
272 539
110 26
620 227
576 607
768 430
153 642
815 581
82 971
138 444
30 230
214 387
432 742
749 396
328 672
808 354
574 820
97 400
170 627
778 236
264 959
25 23
968 401
395 602
88 24
17 665
400 931
933 470
535 955
330 125
919 941
647 585
445 550
466 515
105 660
70 345
821 886
988 697
169 185
438 48
645 627
887 501
438 290
229 800
5 17
488 785
613 718
574 550
271 592
53 525
471 786
627 936
574 225
381 95
720 426
527 763
174 755
584 640
289 817
734 918
995 729
791 303
94 687
7 624
118 343
798 679
487 86
198 910
507 160
197 745
163 2
408 27
184 253
42 849
276 152
646 491
401 974
903 326
71 407
675 616
214 356
586 846
109 370
436 934
897 115
521 533
256 649
630 828
995 947
703 533
216 219
851 350
671 75
432 517
931 835
105 205
146 271
109 665
312 656
44 472
191 237
727 352
857 449
986 449
645 106
289 918
127 318
755 564
784 44
11 17
21 942
940 674
244 55
356 307
49 7
929 845
839 141
715 982
36 755
350 785
334 623
635 165
174 980
433 731
486 175
61 138
87 530
201 583
642 528
961 360
613 400
61 947
812 909
727 861
68 720
587 407
753 344
183 378
665 495
975 147
631 966
63 479
675 824
527 827
395 330
454 658
366 186
364 718
843 254
123 316
324 546
301 252
815 449
788 495
533 790
526 449
550 530
251 196
452 630
342 253
968 700
73 434
715 975
807 861
262 324
355 98
598 471
948 243
952 830
966 11
288 622
492 620
914 955
510 296
665 71
793 58
595 335
209 278
834 204
303 115
413 388
605 378
807 827
565 916
933 12
189 445
768 724
485 973
548 411
396 920
381 737
58 350
534 775
96 458
151 609
741 438
392 475
1 624
838 997
344 158
806 754
346 763
148 790
511 210
363 167
591 404
653 858
975 446
578 62
887 510
655 422
90 606
219 651
715 270
659 279
444 640
811 530
248 297
703 991
613 744
559 497
262 787
619 615
637 284
747 113
402 473
197 80
353 69
626 527
199 955
971 34
404 856
264 182
683 35
129 65
982 650
657 215
529 666
751 133
237 74
238 861
991 980
630 148
370 746
26 912
941 685
390 189
212 632
265 930
432 963
162 765
805 653
311 884
129 933
277 964
577 393
980 304
50 789
449 640
448 648
223 131
967 578
524 996
808 558
880 651
925 40
205 862
122 220
768 139
555 955
899 774
238 558
757 49
578 933
691 488
747 7
529 840
676 9
562 34
180 878
399 281
918 527
23 930
127 367
743 388
160 613
506 420
948 51
967 241
895 276
844 529
682 99
314 77
295 105
264 643
601 849
90 729
745 251
585 450
831 736
716 812
201 950
639 662
865 708
148 192
191 260
80 91
88 245
633 462
83 515
597 816
489 218
358 273
570 473
58 847
661 78
368 107
352 376
918 919
116 438
208 664
6 262
742 572
211 474
73 287
747 252
786 794
34 727
272 310
382 81
239 103
438 990
205 19
540 154
227 250
707 292
339 971
842 280
513 501
731 865
736 250
121 45
701 986
259 138
387 528
302 966
85 574
897 986
712 264
966 568
327 842
74 762
163 752
105 862
629 423
26 633
777 263
444 261
391 270
49 371
486 583
451 547
73 525
569 498
606 937
555 937
440 645
722 231
616 51
337 3
101 250
102 248
174 213
983 577
10 292
448 725
824 619
911 65
473 54
389 579
165 424
204 130
701 732
462 208
535 553
193 813
103 230
105 707
179 827
750 141
769 303
608 369
25 846
166 984
351 66
741 59
689 634
619 690
467 449
374 799
987 742
305 21
468 23
590 895
538 986
540 970
632 923
273 772
265 41
402 356
927 172
337 5
208 337
680 733
314 841
186 491
811 911
810 669
276 726
616 399
209 847
998 371
876 800
237 159
323 396
952 92
418 889
132 593
234 981
472 170
135 147
450 177
147 412
966 667
624 462
734 761
115 981
935 936
262 857
479 971
8 99
961 387
821 441
233 130
310 14
292 525
218 110
775 976
133 405
139 856
636 890
504 292
251 476
252 454
824 319
608 314
254 17
536 318
350 975
56 987
406 278
823 1
281 421
54 280
428 665
306 487
427 384
509 236
509 791
111 71
294 763
365 679
427 467
321 116
602 495
419 267
548 103
969 739
839 672
932 771
400 767
719 155
607 644
205 324
9 380
379 689
431 104
272 116
498 899
827 994
520 986
996 235
959 75
880 750
948 309
569 5
678 673
308 660
609 772
387 827
745 694
408 982
281 123
67 909
834 785
195 80
195 679
246 478
290 420
236 611
331 490
422 394
480 469
460 718
544 911
209 519
671 979
836 495
329 511
496 735
287 399
491 971
154 711
536 35
196 357
829 216
25 239
797 921
68 203
253 957
529 680
439 497
223 292
498 344
957 372
835 267
780 403
952 785
494 122
508 129
244 526
630 359
828 391
331 857
632 181
137 780
500 112
209 946
581 201
564 279
673 443
841 20
544 54
325 329
511 718
441 390
918 912
189 342
101 793
217 674
417 509
804 255
17 319
109 554
537 617
347 662
847 785
918 867
24 239
387 290
902 562
887 16
513 893
817 519
438 383
413 468
270 327
386 804
809 842
58 104
920 188
928 656
741 858
328 78
511 492
981 204
158 626
105 390
622 157
166 152
813 342
661 495
630 173
333 99
770 970
236 15
302 711
718 116
31 602
179 312
343 643
180 231
736 293
99 71
96 393
775 790
762 781
611 459
400 888
325 202
808 172
383 452
645 76
331 617
847 128
850 100
922 361
67 347
87 92
525 839
50 540
824 518
623 100
937 134
738 164
637 557
227 953
358 157
307 967
917 829
168 894
613 340
409 1
376 76
379 895
857 968
548 52
750 663
567 295
593 258
847 685
52 147
79 855
885 526
160 486
319 741
126 975
472 164
968 745
988 66
420 908
76 337
169 561
539 478
612 184
111 998
207 179
743 662
154 998
563 907
642 812
13 694
75 207
882 25
900 5
649 328
794 694
407 247
355 318
709 915
468 367
70 915
951 417
664 737
184 438
866 174
223 160
647 119
669 6
725 217
708 103
58 927
988 907
915 967
145 445
239 821
920 442
197 669
5 601
154 894
85 970
746 321
547 253
858 263
163 156
290 315
881 49
628 571
352 961
124 508
343 842
354 318
563 477
599 124
121 933
741 857
512 56
604 105
162 436
625 52
388 174
54 435
312 78
862 945
889 799
23 367
686 630
136 998
563 330
505 713
320 668
862 271
129 861
574 821
829 19
425 354
867 663
63 686
381 179
524 505
800 263
415 959
786 656
608 968
127 152
608 330
875 483
58 298
594 735
576 894
56 756
740 545
605 114
616 623
818 919
357 489
965 159
206 230
418 521
608 313
496 285
612 771
205 165
258 334
902 542
172 101
797 417
907 884
412 270
712 327
877 883
405 931
112 397
775 878
983 93
650 328
635 500
925 29
46 549
213 854
123 783
122 94
135 357
550 512
547 127
899 264
295 254
874 718
505 669
424 359
890 625
63 313
943 595
761 101
233 883
255 398
640 887
550 462
54 355
771 722
292 420
529 265
645 933
387 502
445 753
615 684
944 318
945 384
211 836
855 930
287 337
92 866
145 312
493 210
19 739
991 761
388 757
856 765
978 21
409 195
636 819
106 324
251 992
162 541
624 208
397 497
900 865
385 301
927 209
775 24
371 571
742 213
431 556
79 532
657 664
146 358
877 328
200 252
457 261
973 298
974 392
461 640
172 309
544 187
563 201
998 839
322 252
353 213
588 199
163 577
773 83
276 733
443 266
707 156
502 520
59 871
357 283
815 440
362 982
109 181
232 898
82 546
359 120
803 542
482 548
529 42
274 998
738 323
700 141
559 339
981 839
855 665
652 168
659 191
110 817
312 978
51 415
60 253
900 997
423 966
100 849
929 568
375 457
31 556
609 842
212 638
676 60
685 738
901 732
312 132
502 500
335 474
248 500
726 537
378 206
752 810
73 207
327 684
642 744
733 387
979 920
132 407
26 610
944 630
797 396
863 969
196 643
144 921
824 278
491 266
441 842
578 848
904 995
296 672
852 793
874 689
229 521
361 770
214 81
181 843
253 394
910 294
934 382
19 536
165 374
825 532
422 34
226 675
741 437
890 977
924 160
427 504
545 61
798 665
276 539
250 659
821 365
435 328
908 626
610 541
847 677
520 365
980 481
29 501
639 813
620 492
992 906
764 586
133 545
352 786
591 144
450 423
409 938
140 687
569 478
697 17
606 949
199 513
130 735
980 784
738 341
352 408
261 818
405 829
392 628
22 29
484 218
176 155
69 911
855 864
947 451
466 123
289 263
842 279
626 40
348 519
679 637
789 594
918 629
475 623
264 526
372 567
883 321
799 199
503 138
218 520
731 248
783 547
143 469
929 961
824 279
596 117
226 813
5 943
248 845
959 919
836 277
509 166
674 547
586 470
288 637
200 58
309 760
450 262
590 220
313 619
939 958
357 82
569 943
765 266
766 104
986 73
434 826
401 437
992 715
757 48
316 576
316 314
82 341
984 772
571 578
267 358
587 711
82 894
792 327
184 615
574 276
995 362
208 840
553 560
64 871
584 924
764 437
830 387
802 45
931 92
658 764
678 877
842 826
825 302
496 664
722 865
66 272
37 322
323 355
675 482
141 548
914 105
201 384
242 113
902 350
845 997
318 529
429 221
932 371
50 735
434 232
342 993
912 892
682 764
273 949
790 924
61 498
173 216
803 255
416 813
787 14
182 32
510 107
185 352
539 164
582 860
640 84
305 750
712 186
89 252
752 396
731 864
789 367
76 800
326 447
889 408
524 204
158 854
342 452
235 250
471 245
437 939
235 847
243 74
940 924
388 353
180 289
298 155
657 741
913 198
36 691
205 593
293 657
916 959
424 576
296 789
369 920
98 641
282 674
561 162
122 23
780 900
12 209
53 632
730 401
641 647
903 400
329 280
368 920
631 776
294 718
995 152
689 179
171 860
466 569
605 969
291 413
429 339
436 640
696 537
505 395
614 674
406 103
335 391
914 737
458 516
656 467
262 894
992 918
514 292
667 347
779 677
954 613
267 662
15 609
548 749
828 404
517 309
339 871
25 821
707 817
48 498
653 192
124 920
582 627
33 181
344 211
684 730
73 255
408 357
212 279
533 621
484 666
32 944
894 317
353 321
255 195
442 699
384 255
367 357
761 700
595 629
959 12
232 995
46 650
598 951
912 239
875 734
976 956
219 850
90 122
169 217
371 15
501 703
546 844
377 308
728 525
451 69
999 423
695 152
382 248
5 847
496 422
151 208
686 16
634 321
523 869
622 477
213 476
393 434
359 225
87 503
695 265
534 68
943 493
224 101
572 304
740 451
63 532
105 352
828 766
268 269
15 849
252 677
590 144
611 704
351 179
286 206
357 717
800 7
692 586
143 957
127 983
329 100
755 781
149 721
549 726
303 881
464 423
873 442
506 750
911 247
381 574
905 402
402 430
884 222
812 664
264 585
908 996
86 814
936 485
310 661
577 642
369 562
655 124
76 753
652 852
263 865
906 35
548 111
34 619
38 926
250 535
22 233
388 268
155 926
684 186
362 114
56 201
860 978
129 88
297 771
792 690
939 126
539 705
408 17
454 912
165 947
229 455
319 784
250 60
651 771
869 711
587 87
859 65
990 607
55 826
474 830
646 379
577 93
834 526
190 7
597 589
512 154
712 78
783 493
586 284
465 188
438 630
330 71
494 68
993 635
924 755
649 969
154 735
671 278
639 883
606 83
16 949
35 539
376 274
31 174
811 358
725 773
390 900
902 521
602 353
636 722
312 260
589 26
168 483
992 487
747 969
996 922
276 524
617 860
895 600
708 546
584 209
16 453
842 220
741 421
238 732
331 266
267 921
479 520
246 781
284 354
869 774
710 266
786 314
255 443
475 266
68 12
891 233
260 88
977 986
756 969
889 23
763 278
674 17
12 648
70 691
966 644
72 71
94 309
670 140
498 133
577 955
449 178
909 145
196 119
896 784
306 755
788 178
607 436
556 279
23 690
959 97
840 48
926 417
778 94
430 255
605 712
142 382
806 284
807 45
793 364
372 455
301 114
177 44
413 131
125 153
89 808
551 40
310 448
271 802
991 380
61 486
207 726
392 386
980 3
361 153
612 11
783 608
604 662
743 742
937 682
767 628
774 889
57 11
24 205
333 381
298 289
574 949
550 817
678 168
564 4
323 315
162 442
932 253
110 17
129 163
221 18
499 829
923 274
577 195
704 620
710 501
48 882
703 900
497 951
37 416
989 899
284 513
559 240
279 914
48 396
175 251
569 734
641 185
642 41
26 472
87 510
974 882
968 249
5 600
942 347
336 889
818 925
173 599
487 10
756 456
609 427
438 63
295 41
98 394
439 532
669 252
835 579
891 558
395 773
855 540
23 665
399 632
261 276
993 498
760 483
667 881
902 695
467 813
709 470
747 47
583 118
530 126
34 251
623 218
827 704
183 979
314 814
702 207
540 171
580 581
465 157
545 603
124 969
86 112
933 45
217 442
553 48
622 778
919 943
204 203
794 487
245 647
502 992
962 412
162 912
344 819
588 404
951 95
701 286
453 709
20 346
705 987
902 543
101 653
249 327
925 958
948 361
234 756
418 633
571 421
435 960
383 323
458 834
595 299
780 14
796 165
134 836
247 414
431 792
655 183
365 424
73 584
396 797
238 839
875 295
424 543
850 880
959 342
299 321
232 722
981 336
602 42
877 585
718 797
844 744
919 932
975 429
155 270
377 415
328 62
820 20
750 999
287 943
73 220
823 105
455 204
312 803
222 490
646 55
443 523
121 331
962 655
874 502
208 326
910 61
640 508
164 423
772 745
936 546
738 329
522 423
614 508
753 311
209 894
748 728
358 707
84 320
113 525
366 259
810 256
413 561
856 363
804 413
389 643
746 863
946 192
413 572
732 721
914 354
459 60
955 915
812 435
423 601
906 56
689 993
799 356
590 697
470 235
680 955
865 702
805 577
170 901
852 940
265 1
432 233
359 123
179 58
571 780
71 914
917 675
39 467
849 376
887 167
133 26
134 332
691 544
248 291
802 741
344 234
210 307
987 355
728 320
756 473
100 314
45 622
615 27
509 566
431 927
105 764
783 97
324 353
988 756
238 399
954 836
616 970
243 967
793 450
961 798
545 353
874 34
158 891
71 877
970 395
158 709
933 336
772 584
493 782
114 56
3 618
650 659
409 204
613 502
909 284
486 994
383 600
694 829
200 593
970 608
150 638
777 378
169 298
831 203
376 8
766 864
677 582
373 338
387 274
626 46
992 685
661 541
614 398
521 170
910 435
408 259
63 152
178 499
728 151
672 932
318 319
16 371
308 424
822 337
623 794
238 406
197 358
276 183
703 840
57 212
682 531
891 594
68 228
585 470
72 554
32 341
532 413
422 376
758 230
814 150
647 43
283 700
104 187
720 159
927 859
216 3
104 831
815 527
451 479
341 292
396 913
317 708
293 374
493 553
573 388
791 333
279 82
373 430
122 437
12 180
109 948
786 258
933 497
516 740
21 194
332 870
313 940
685 678
301 263
670 912
748 432
337 86
324 265
769 128
787 225
435 948
97 768
607 714
973 566
520 528
407 176
942 496
945 967
638 387
303 3
175 830
96 139
753 916
809 567
807 691
97 936
143 268
434 980
797 816
320 516
464 921
85 268
675 977
251 124
239 126
677 565
172 693
366 234
898 505
813 963
842 832
248 80
176 989
156 662
214 819
487 196
570 583
713 912
553 587
695 768
696 143
239 274
811 757
59 904
132 66
759 77
743 840
534 673
193 84
44 942
527 123
549 671
915 691
660 35
75 8
30 359
362 522
211 354
870 926
306 649
100 37
339 34
565 575
364 843
288 319
651 703
553 506
505 462
770 15
441 860
632 585
244 346
779 682
389 607
636 17
289 572
395 542
712 481
14 324
325 428
229 865
341 829
79 191
371 857
686 981
283 357
964 671
891 856
380 25
932 491
480 977
350 673
588 147
367 696
243 275
154 506
373 246
592 602
601 275
214 751
323 363
23 313
507 973
823 67
679 261
258 665
776 124
423 715
638 582
81 762
670 600
305 516
502 392
824 766
731 602
55 191
754 866
539 728
428 218
13 403
300 838
998 643
782 364
82 598
57 386
521 563
331 780
61 773
724 813
376 584
128 381
936 384
185 38
144 662
974 173
499 536
478 548
172 415
869 527
598 71
112 743
341 939
514 824
513 800
273 910
20 795
330 603
205 310
741 767
466 916
566 116
928 505
432 382
213 156
341 343
181 963
610 333
235 497
646 151
618 908
557 616
762 522
299 376
134 780
673 992
958 530
529 817
666 179
308 506
588 847
186 440
4 979
305 149
633 850
625 44
797 788
890 438
999 775
391 754
531 945
889 411
215 419
228 852
472 312
690 942
591 942
758 543
361 8
362 363
859 187
549 218
807 710
773 818
784 139
793 342
651 53
450 387
418 598
966 955
471 123
644 638
167 169
922 655
293 244
120 531
909 703
545 121
937 221
977 755
507 335
35 161
861 906
361 592
555 822
589 824
261 378
483 422
744 604
116 485
486 849
512 424
14 672
71 820
178 206
757 250
336 767
100 196
559 52
246 646
895 561
95 917
318 24
571 394
308 860
402 851
849 311
867 80
831 62
932 365
372 817
410 601
838 782
14 433
415 125
126 640
159 558
402 994
516 997
105 582
571 917
337 417
959 218
7 697
548 718
747 545
199 209
697 610
807 331
194 249
534 588
577 575
689 165
391 736
964 294
749 131
242 173
951 694
241 353
994 362
740 346
117 36
669 279
941 530
543 738
284 224
966 382
550 656
935 553
682 479
973 129
24 435
207 536
708 482
291 930
915 943
926 436
378 445
855 189
462 577
855 391
181 990
641 611
612 558
538 363
262 625
265 467
670 711
195 91
969 698
236 399
308 524
539 606
567 307
874 563
6 33
739 509
706 852
807 743
197 847
159 920
109 552
241 727
384 809
409 284
318 486
266 703
197 302
763 922
724 836
955 46
531 166
551 641
293 556
4 936
518 608
6 323
300 914
308 412
321 870
32 330
196 707
268 240
697 942
318 708
293 701
148 91
973 267
371 351
225 632
917 400
746 202
154 531
432 830
612 597
731 419
426 453
36 251
832 133
637 717
562 274
821 100
709 243
471 356
551 387
165 799
95 7
388 872
261 230
853 635
963 555
547 94
929 655
695 345
18 477
787 793
314 96
603 729
868 404
63 447
941 381
527 364
603 154
605 178
18 713
328 791
844 160
720 724
887 265
651 512
618 504
31 589
840 509
876 491
824 76
364 893
36 226
38 561
883 385
323 58
258 913
968 741
685 854
43 441
156 17
256 577
239 75
16 425
454 479
493 816
538 584
150 489
10 713
650 719
546 111
585 837
950 128
271 58
54 446
132 348
633 542
777 129
105 26
636 635
411 655
619 98
74 282
587 643
112 480
425 383
202 54
320 926
818 779
52 246
649 797
520 831
906 734
996 275
277 923
593 362
39 859
631 797
797 309
249 460
15 879
953 434
52 380
697 129
878 373
826 467
537 578
807 779
242 94
646 399
333 373
135 937
355 888
429 343
571 151
471 747
698 285
627 369
58 3
981 869
972 148
106 737
697 725
530 127
222 335
868 112
755 469
223 171
8 899
409 580
709 102
432 414
675 298
17 843
472 773
896 114
787 517
238 507
275 367
828 239
295 517
795 939
358 559
541 195
619 818
957 544
213 941
902 819
753 680
917 559
4 99
593 764
443 952
184 421
651 130
884 488
800 50
565 899
566 356
768 171
635 417
255 376
20 979
195 46
166 283
738 760
58 107
957 687
667 700
100 222
726 382
891 864
196 295
894 495
841 737
933 560
364 160
183 632
646 70
974 391
80 759
392 553
369 378
462 378
472 727
415 723
34 559
960 916
801 319
149 984
274 508
280 873
65 600
670 47
525 792
649 461
380 682
35 394
199 493
183 770
4 58
109 311
206 719
192 255
988 82
926 196
198 368
255 353
534 340
539 737
557 77
153 196
192 953
929 977
947 494
783 796
360 593
347 113
438 296
71 836
906 86
563 702
838 435
767 166
617 1000
724 723
438 557
773 9
723 356
284 672
944 994
944 311
138 728
284 598
638 874
456 31
346 497
471 257
614 897
587 388
528 960
496 717
957 133
835 226
334 834
48 805
33 44
287 804
290 8
453 907
210 361
592 290
132 763
577 146
8 179
765 855
500 745
817 281
157 344
527 329
49 153
325 439
309 978
721 800
685 636
639 195
169 973
323 867
280 189
945 773
377 562
214 849
430 914
17 830
769 463
95 525
921 526
132 86
778 836
799 34
29 580
303 143
126 736
881 648
22 906
936 77
884 643
81 893
905 291
688 701
537 232
784 572
303 124
45 174
146 947
142 61
790 171
505 750
828 519
615 521
632 565
78 968
905 396
483 197
798 187
250 117
877 312
897 727
809 368
25 559
900 369
922 130
31 142
541 366
743 94
945 883
916 488
614 350
275 740
317 882
138 356
999 257
322 383
964 818
72 555
986 790
182 975
308 318
509 576
820 878
644 781
166 180
901 340
758 306
955 822
532 354
467 864
672 901
485 28
431 645
359 104
92 439
34 849
668 811
831 425
975 788
869 305
640 196
672 589
929 433
175 929
786 496
715 474
916 742
719 105
346 666
632 683
247 18
440 114
527 460
124 290
569 848
876 564
604 721
860 843
350 692
60 124
176 759
741 13
113 49
66 279
525 828
656 480
68 697
162 972
932 184
328 518
972 284
576 541
39 695
722 97
850 42
207 29
541 337
102 370
679 778
467 743
446 104
676 882
953 792
3 317
699 268
584 205
110 289
522 147
667 810
354 54
391 881
322 536
400 775
420 736
717 886
331 458
313 843
940 206
228 691
68 813
805 194
493 643
752 962
180 160
606 139
127 763
575 909
350 240
714 703
388 469
335 435
380 688
66 219
873 729
583 802
615 159
855 292
145 275
147 211
864 591
665 95
246 623
154 988
708 411
747 439
398 448
436 51
994 430
558 200
759 146
219 603
872 89
640 40
216 477
654 912
203 674
139 965
898 802
459 662
280 804
960 401
836 165
279 981
84 710
160 639
12 752
16 814
269 596
473 163
275 414
757 691
580 571
281 936
5 927
615 704
8 618
592 134
726 571
105 277
658 494
416 781
591 187
105 35
75 472
556 319
331 545
172 470
280 439
854 316
891 383
618 733
82 804
485 450
86 384
87 697
552 89
109 801
55 190
252 274
405 411
704 633
923 793
618 620
820 160
565 605
895 438
554 666
663 987
426 765
614 282
567 751
657 72
50 334
949 373
897 940
46 519
251 908
774 63
297 329
444 725
525 209
191 534
447 93
838 599
356 520
73 965
968 806
806 49
609 926
921 809
920 991
560 748
903 35
220 620
800 693
22 618
396 410
307 90
515 641
56 165
682 370
574 875
810 664
477 554
154 299
852 838
580 562
49 506
140 919
508 908
950 574
979 943
345 170
632 274
81 124
563 753
451 331
824 943
396 760
307 376
213 967
720 341
4 534
884 51
919 65
902 251
745 792
11 422
910 534
423 41
604 434
587 458
571 961
834 553
802 310
646 683
441 773
225 41
840 364
922 387
763 141
740 515
250 926
918 309
238 148
274 821
612 532
730 351
399 203
67 578
393 251
969 852
507 245
824 177
18 152
182 305
203 585
519 523
846 582
154 715
210 767
219 572
344 640
623 400
823 743
458 996
422 883
900 746
645 996
832 32
910 96
372 643
928 980
907 648
66 744
367 40
684 916
861 736
878 891
720 662
691 629
102 133
630 236
944 569
942 20
945 795
692 337
237 65
253 923
987 160
219 535
244 20
334 805
349 488
710 964
23 444
544 787
754 282
211 558
486 766
198 948
16 251
821 607
492 657
890 73
768 821
970 462
591 100
573 441
540 780
796 422
816 999
419 296
853 366
432 75
969 814
676 627
590 804
464 182
132 900
593 670
439 759
480 327
180 803
101 878
27 839
194 717
888 838
428 945
50 220
784 271
712 566
342 939
895 216
302 435
496 71
828 600
966 890
381 579
300 916
228 931
378 442
415 456
660 45
900 540
507 601
346 291
736 434
274 145
991 874
276 10
760 312
116 841
122 967
308 19
163 821
768 637
750 648
453 323
534 665
884 556
968 759
80 351
959 388
814 964
941 836
126 790
696 430
110 154
79 378
976 655
292 18
115 256
777 472
689 923
972 853
448 764
431 716
567 606
602 150
642 892
91 750
296 278
280 624
78 920
565 509
817 661
103 485
431 232
677 192
680 700
272 697
140 129
478 272
421 989
413 509
154 693
671 829
450 969
764 311
913 42
294 271
474 605
349 160
25 77
942 306
188 989
215 121
89 854
281 642
827 925
486 793
956 127
684 148
225 857
200 270
626 954
391 524
304 918
620 633
236 623
785 724
932 653
623 971
674 565
222 976
116 808
135 971
837 483
321 894
398 68
430 694
363 231
678 146
708 477
222 611
940 698
387 714
721 359
209 929
104 308
254 282
908 173
200 338
548 327
58 295
976 750
21 332
904 826
25 429
891 939
581 73
927 160
656 400
213 922
453 454
843 319
863 485
168 586
132 27
263 423
173 429
814 140
797 428
525 231
322 866
658 904
843 562
276 64
475 379
421 638
740 138
99 258
116 748
815 696
410 193
636 912
381 149
700 776
243 172
562 164
771 745
134 987
460 327
414 678
515 207
832 696
259 812
538 545
776 364
551 536
121 751
232 629
944 290
896 881
752 470
474 869
624 80
625 822
368 570
849 506
900 770
978 30
869 605
800 631
727 36
530 201
50 525
895 104
597 672
843 126
738 256
717 206
461 362
459 873
498 379
278 976
647 882
887 361
762 319
374 521
909 733
507 62
508 160
681 774
169 136
424 111
570 356
81 50
781 685
870 809
389 671
428 289
946 204
50 409
857 991
704 482
152 261
877 484
1 39
113 52
353 883
299 731
230 845
530 148
804 948
715 211
28 85
332 212
259 989
30 807
339 711
935 190
179 46
567 105
866 180
991 439
188 125
806 77
334 244
725 7
858 498
124 197
548 807
858 822
311 426
257 279
974 979
505 582
225 208
960 440
691 370
600 260
174 283
131 441
434 51
289 489
625 268
589 211
75 815
573 495
187 156
761 649
579 453
430 63
620 574
490 913
390 116
276 433
219 466
662 890
606 225
919 791
261 526
81 469
579 82
501 319
752 967
765 942
231 244
510 139
550 880
844 968
5 894
206 465
351 914
683 380
84 376
675 823
105 616
872 676
365 625
776 178
975 626
91 415
663 387
619 100
601 968
980 804
450 804
252 179
915 991
504 672
700 305
22 813
680 112
449 702
687 766
819 485
87 227
100 564
381 791
751 72
843 475
812 986
334 809
41 967
884 126
817 143
188 905
557 150
693 532
344 125
987 379
625 220
972 954
383 910
422 522
166 735
71 110
831 442
8 180
264 969
149 486
174 769
894 979
626 53
11 605
642 442
79 652
318 594
502 856
782 318
106 39
588 809
987 594
55 553
352 881
539 519
230 699
282 843
468 260
895 608
587 307
180 367
811 228
457 747
940 256
120 922
954 714
858 472
285 213
323 286
380 808
531 216
91 423
988 943
20 715
758 340
5 54
849 318
975 206
618 521
793 695
672 881
252 287
569 75
970 363
471 778
476 907
461 219
607 996
757 865
738 885
479 581
405 930
427 611
320 423
337 639
433 259
127 185
98 515
517 60
757 786
152 511
265 379
799 104
820 950
620 571
531 701
978 456
733 244
825 403
130 404
975 299
614 89
534 184
961 902
619 603
121 532
621 883
752 677
677 311
308 113
418 68
769 852
238 246
956 850
672 179
995 281
658 257
193 741
965 727
600 678
124 316
809 703
474 479
990 540
699 810
419 905
495 455
794 81
941 884
281 503
451 366
78 320
70 51
676 554
201 800
494 370
439 362
222 707
279 221
817 680
229 691
416 331
810 30
401 108
183 539
183 300
459 946
10 978
481 734
632 906
463 986
231 591
502 643
285 380
30 378
207 610
255 969
770 191
664 464
792 261
169 105
522 345
813 379
425 586
230 578
288 183
33 167
948 453
267 404
71 701
686 246
457 889
720 39
313 842
481 440
997 639
335 695
84 696
573 56
160 46
469 491
783 992
348 648
992 81
599 773
614 248
872 444
817 90
157 537
722 154
430 535
659 843
842 34
399 588
575 524
535 5
243 445
314 131
82 517
358 192
195 318
639 81
841 829
164 460
771 243
331 373
702 307
316 602
446 299
626 933
943 90
603 928
578 551
620 719
567 773
589 717
129 343
773 44
59 773
152 538
462 205
246 243
925 353
485 239
605 973
750 341
713 927
237 894
475 322
936 976
223 447
528 702
129 185
724 919
945 467
817 388
840 759
880 701
750 417
222 438
385 594
801 106
729 501
814 116
246 572
200 186
473 786
19 456
186 558
155 878
318 750
246 91
708 18
156 887
170 421
839 210
942 56
951 564
679 613
630 253
843 855
465 902
483 113
502 352
468 763
766 422
52 397
696 94
474 91
735 786
811 741
442 471
520 662
595 625
246 975
688 706
47 193
304 97
397 967
677 346
643 259
973 735
940 585
207 122
744 338
393 685
232 451
144 527
985 861
716 941
897 77
203 661
259 478
61 683
887 227
819 548
979 697
528 533
743 594
638 261
72 657
129 735
95 924
904 195
745 910
135 143
191 393
48 905
697 575
714 179
6 790
843 982
199 697
365 134
935 499
479 386
597 299
870 123
321 445
1000 699
177 945
288 668
435 104
971 551
535 613
218 394
829 74
979 154
146 530
201 468
617 146
329 875
467 785
469 744
845 776
221 163
521 357
742 335
724 206
45 320
377 631
912 806
431 837
345 542
297 462
88 397
574 999
610 309
773 722
958 29
494 340
115 315
389 729
123 663
854 82
639 728
910 416
892 337
641 263
34 623
163 538
741 451
336 753
61 305
689 616
811 353
380 603
964 328
640 14
642 318
642 875
87 665
702 779
513 618
498 230
597 28
101 757
281 884
636 448
457 433
755 625
748 855
380 840
34 644
897 660
912 682
976 486
993 67
762 983
29 250
28 732
583 728
489 311
533 937
532 679
349 280
994 34
290 518
777 69
338 885
520 740
854 672
845 349
318 524
470 185
290 275
851 405
993 813
495 105
500 350
592 194
502 51
191 987
712 296
34 355
180 454
273 556
163 861
127 532
682 477
748 707
471 198
818 940
814 235
373 377
543 38
567 12
782 16
15 633
362 679
806 232
420 881
577 82
831 507
905 459
125 485
40 941
470 833
462 346
951 455
771 430
224 118
364 524
198 109
707 182
601 786
842 499
722 419
466 690
345 409
181 3
236 997
735 187
143 761
663 672
170 954
209 314
284 249
782 104
731 93
308 186
17 631
165 170
937 129
434 208
331 567
259 808
479 270
467 509
10 243
598 645
124 757
141 775
628 787
292 248
442 524
721 877
831 853
82 212
320 631
466 896
667 121
70 445
330 967
537 965
664 251
443 806
153 7
528 827
907 289
344 492
508 461
650 683
516 353
811 882
149 632
297 429
558 465
164 634
254 375
219 358
347 784
701 812
877 737
890 753
299 917
800 745
873 997
123 713
839 610
182 830
399 300
584 352
223 744
594 492
962 584
615 913
909 880
490 751
839 755
235 489
233 712
609 38
972 126
817 237
538 551
537 413
436 641
9 966
221 388
182 651
622 906
931 428
534 470
692 881
849 384
976 264
576 555
94 529
873 266
283 778
139 274
91 776
12 61
864 195
420 468
521 870
902 293
540 56
353 578
401 786
94 290
393 142
394 4
505 708
903 811
784 701
400 355
787 913
826 444
402 401
276 32
206 364
8 467
707 713
445 866
264 498
545 28
175 132
503 539
948 79
198 542
287 608
355 410
623 966
900 390
737 98
901 809
296 35
499 403
501 443
263 44
926 756
195 449
88 133
487 7
145 917
510 305
238 922
993 841
404 307
135 939
122 179
455 424
913 242
968 942
642 285
199 544
94 608
307 479
903 422
995 577
706 916
928 871
502 142
512 358
527 742
752 736
534 830
952 983
517 763
650 68
118 449
745 519
319 646
342 312
72 887
408 558
568 381
96 967
116 96
478 651
107 666
854 136
786 543
697 910
532 79
159 686
691 801
941 418
31 897
308 989
596 986
582 412
68 751
287 229
680 404
102 454
918 73
481 195
960 266
137 671
309 889
581 860
543 913
982 671
625 178
972 20
699 692
920 210
866 745
888 988
499 496
542 841
135 269
236 726
749 198
58 272
626 966
401 246
459 591
958 921
703 277
976 323
746 994

965 4059
586 446
70 103
669 696
734 14
493 793
296 928
795 748
8 746
581 377
670 625
675 51
90 42
770 623
273 77
537 707
919 422
371 405
707 866
847 133
837 747
957 965
608 348
350 162
846 703
600 70
284 759
156 572
547 811
255 244
185 955
590 207
646 45
61 515
902 187
46 905
178 439
804 522
805 479
844 315
936 556
276 898
336 328
559 261
654 577
175 925
343 15
277 178
244 59
941 235
62 603
762 440
616 378
204 681
857 382
31 103
587 798
87 433
257 46
422 757
575 460
18 319
11 564
302 21
285 35
178 479
241 740
463 825
666 911
149 89
334 817
667 161
850 643
616 350
621 708
567 904
270 312
683 33
520 925
261 821
668 64
339 842
750 822
857 470
959 846
912 103
363 176
861 593
365 23
486 389
576 815
227 338
868 242
852 148
101 82
393 361
584 521
381 290
570 612
514 207
421 289
866 613
812 412
317 880
854 830
709 670
691 191
282 38
363 836
110 83
438 940
166 170
828 681
886 869
742 948
907 705
196 67
659 685
9 766
111 517
882 43
384 642
647 643
480 827
279 421
555 366
391 890
641 321
233 962
401 321
111 618
935 377
539 615
591 806
868 249
192 484
854 824
175 741
805 35
899 34
901 714
104 887
668 176
744 353
84 116
319 560
547 139
268 83
899 435
22 166
704 9
740 258
652 668
249 361
780 771
394 66
468 378
813 751
402 898
495 931
916 424
705 401
580 539
497 10
284 482
179 41
47 319
953 322
368 878
791 920
846 616
336 903
280 148
320 961
528 564
29 338
160 47
415 809
456 32
496 668
830 60
523 193
765 430
272 812
788 686
112 785
811 519
444 527
403 937
264 791
46 51
467 423
68 561
533 547
880 833
882 400
93 108
459 244
82 917
411 841
394 220
195 758
624 287
129 716
424 748
612 5
667 111
407 599
229 152
619 445
585 554
913 408
550 280
200 807
220 589
237 918
261 157
321 635
714 580
253 389
310 634
940 595
431 447
542 433
618 14
361 676
541 80
127 382
608 40
517 456
811 80
337 435
263 282
52 641
37 211
627 728
257 325
900 343
683 609
48 915
378 134
638 807
1 272
658 801
514 58
91 160
843 359
918 797
477 488
84 897
726 392
750 460
36 599
745 91
184 290
115 96
799 680
298 925
494 774
444 281
853 919
68 106
450 453
507 948
481 421
55 380
175 569
31 395
102 825
264 351
566 206
508 910
396 363
533 81
644 383
256 925
757 845
260 96
632 713
673 508
668 20
17 613
622 435
507 879
454 511
150 665
591 1
59 912
701 696
669 845
873 895
253 90
275 616
494 714
703 552
647 672
511 265
730 899
842 175
842 632
294 216
573 760
59 847
557 606
370 142
73 689
513 21
308 569
238 464
195 271
719 643
885 380
44 300
459 618
581 83
158 241
586 366
911 904
112 686
295 950
838 465
526 700
47 269
638 239
89 575
219 760
111 569
168 928
331 131
81 162
761 903
11 724
814 542
710 539
14 436
254 614
810 301
632 179
620 479
118 557
599 881
263 716
503 203
747 546
198 938
417 526
72 490
937 509
294 409
96 805
333 520
481 923
724 224
621 437
280 914
716 642
558 485
539 53
99 640
795 431
119 349
525 250
713 189
591 221
532 585
752 263
917 624
635 237
349 569
6 250
557 906
616 346
156 376
437 855
289 345
589 792
27 599
492 842
43 259
243 526
889 717
484 812
250 171
174 551
785 439
162 143
274 30
402 107
538 428
9 349
65 632
961 803
47 887
854 109
938 483
113 511
476 739
187 636
369 696
813 114
232 401
724 492
428 78
152 580
692 102
913 786
438 473
923 830
261 11
445 425
529 724
401 821
457 753
538 241
740 674
100 705
11 851
467 318
903 740
307 882
365 216
611 256
133 775
778 76
906 25
391 4
859 676
938 425
695 385
936 102
959 939
393 462
85 80
196 115
786 578
109 687
516 497
865 177
3 222
684 472
740 141
333 796
483 745
47 82
924 49
916 251
535 761
337 393
465 167
359 934
548 923
400 252
467 61
517 212
901 762
646 504
285 585
528 819
886 638
15 219
533 820
382 506
95 690
919 433
836 155
123 903
951 250
221 675
807 668
205 500
602 64
355 293
371 4
160 128
713 884
703 160
19 945
747 762
870 377
85 202
910 928
395 802
273 816
959 705
679 232
438 128
734 26
813 513
300 596
319 82
293 105
570 586
787 622
112 316
476 309
593 53
757 164
792 261
284 941
691 279
879 881
56 233
238 522
403 124
22 120
633 95
902 683
847 240
762 317
660 184
640 401
34 672
486 834
256 618
438 349
901 603
80 755
440 206
686 936
853 408
105 186
577 683
948 87
204 332
397 130
402 642
630 58
427 951
959 442
97 305
375 756
377 653
545 712
2 614
50 947
859 651
604 827
56 716
602 475
936 91
22 607
97 193
423 564
389 41
84 268
856 146
399 299
622 211
486 559
642 651
437 228
420 475
828 814
903 101
710 613
598 678
17 763
417 254
401 785
91 950
493 577
59 250
224 736
481 409
281 36
690 440
323 673
604 342
508 611
519 935
770 480
906 764
878 244
44 253
762 688
637 879
504 853
176 466
747 326
303 817
483 931
163 153
111 226
43 461
776 86
206 25
283 102
84 960
729 832
180 425
275 87
169 952
613 482
703 63
315 854
818 672
875 555
658 514
30 745
736 366
627 87
917 194
268 87
464 182
688 603
190 618
726 680
381 858
311 871
591 396
423 14
614 210
154 852
212 803
868 538
50 933
476 241
553 809
177 330
690 25
24 376
562 447
730 614
603 67
566 373
566 666
355 906
137 67
856 613
852 222
286 107
325 889
308 28
909 233
777 712
187 63
540 711
650 502
389 354
251 482
265 853
433 837
655 54
786 835
269 557
143 953
592 254
242 549
964 727
266 760
672 363
764 276
53 793
796 851
146 184
667 160
188 562
248 360
10 609
433 855
17 605
70 225
494 273
437 264
700 621
795 260
317 600
772 418
462 575
323 519
159 480
714 476
510 961
938 126
3 780
329 218
688 4
887 811
502 849
193 859
600 931
604 291
35 104
778 839
291 472
186 132
134 177
10 342
170 20
569 368
770 710
142 245
898 16
118 438
577 240
777 835
320 658
768 626
321 946
395 481
741 250
559 614
57 616
665 451
93 196
558 374
185 555
193 675
361 782
725 277
586 138
470 475
146 568
18 773
111 629
202 53
920 47
630 238
89 347
209 74
523 122
744 936
263 447
616 822
929 295
912 281
87 582
790 538
328 698
293 451
648 665
295 110
595 41
765 952
823 243
753 692
605 874
233 318
300 618
500 850
459 616
613 499
4 582
487 628
336 353
660 919
862 250
538 129
347 412
850 517
535 241
775 937
406 24
137 43
698 4
264 948
72 406
174 437
868 225
687 559
779 205
796 860
89 254
271 857
860 861
330 752
274 549
370 402
452 455
649 124
338 807
129 933
159 185
414 947
952 374
56 352
934 528
518 654
906 694
172 897
411 731
33 666
514 725
804 484
28 336
205 625
938 789
595 780
779 686
911 762
255 577
735 459
283 478
886 941
815 948
65 304
112 756
693 264
485 182
400 640
274 540
95 610
131 957
243 279
260 607
852 612
778 579
598 501
798 518
291 374
551 378
862 430
662 347
294 348
79 597
6 799
336 226
155 550
502 659
104 94
713 171
508 379
879 356
776 765
368 723
383 853
242 244
522 329
334 374
653 823
211 540
674 412
490 647
605 201
85 627
366 583
609 689
76 115
166 446
904 222
443 202
355 702
10 52
526 430
902 947
885 378
509 715
590 139
901 292
388 454
688 191
706 562
188 281
583 781
32 557
307 635
860 40
849 886
940 912
761 98
67 260
857 393
275 796
310 184
498 440
886 524
959 261
7 248
559 959
156 131
267 384
217 544
640 336
17 22
827 200
664 342
622 550
813 554
463 666
392 57
528 107
946 6
837 586
681 930
718 226
220 23
414 558
686 755
205 325
941 110
27 842
193 723
256 518
15 435
550 209
77 267
495 12
861 678
80 395
120 861
247 426
196 773
568 400
146 337
682 722
240 534
32 398
39 549
565 296
769 93
358 122
747 556
197 381
87 825
813 547
227 23
824 752
356 497
691 235
860 801
748 963
847 179
950 702
890 883
210 212
297 277
157 237
531 745
531 156
860 619
354 336
256 281
847 958
829 415
44 518
633 492
923 269
595 352
1 419
379 107
666 473
333 694
228 775
687 461
657 604
362 423
692 440
93 261
800 932
230 59
840 646
161 801
769 308
59 929
831 519
68 714
852 53
446 180
265 835
912 573
178 484
382 156
347 337
220 961
817 212
810 737
575 660
129 668
119 646
802 689
51 597
965 478
287 171
380 287
806 850
717 365
840 51
686 392
379 871
964 599
604 750
736 767
291 61
844 714
115 746
46 118
540 774
522 777
754 695
85 319
104 344
485 266
784 614
839 652
218 448
115 667
404 288
944 603
559 637
82 337
35 807
750 489
236 220
254 728
862 397
76 168
114 512
460 532
491 493
799 356
584 363
45 163
276 455
736 332
348 463
388 640
522 276
29 105
4 409
269 384
327 244
57 427
663 159
211 511
225 314
892 809
734 435
397 231
387 574
709 769
810 247
903 541
282 940
447 316
302 92
198 839
847 752
735 654
96 184
611 948
434 767
401 813
199 886
210 747
476 70
884 891
599 799
808 494
583 12
452 530
833 519
200 746
440 292
901 814
595 736
99 553
887 79
905 580
301 254
174 372
527 14
623 433
259 406
733 876
201 112
915 345
316 791
865 201
224 319
98 728
499 170
796 537
375 519
898 780
912 433
88 478
414 804
299 905
550 71
56 82
797 853
524 504
32 459
779 369
490 724
821 688
71 892
737 701
332 700
169 313
188 115
541 561
447 774
321 35
484 681
432 959
642 360
826 668
186 73
532 433
239 805
734 305
462 442
98 104
909 585
92 869
358 174
734 173
684 898
885 15
443 20
10 234
121 178
197 13
440 248
848 176
406 925
409 21
391 680
775 144
342 227
881 83
22 749
230 360
759 406
232 938
946 529
689 881
196 525
238 659
269 316
878 207
475 133
884 690
425 6
725 403
467 840
675 734
621 727
162 540
490 497
805 689
203 834
220 956
214 505
558 347
796 162
778 917
343 548
715 50
368 845
789 909
293 232
721 847
430 691
961 922
470 689
697 639
951 631
109 624
187 401
321 61
429 308
586 841
53 494
600 186
609 440
20 172
866 339
849 489
117 731
209 736
601 230
835 802
892 419
233 663
362 888
842 558
607 407
204 16
351 323
188 684
925 16
244 726
959 844
640 352
769 89
40 225
591 853
130 685
337 500
872 137
653 881
403 194
26 858
797 41
291 455
510 217
239 261
899 586
489 397
213 933
192 662
7 846
249 491
322 361
432 932
786 216
1 944
626 846
681 47
960 80
702 162
652 597
942 522
911 133
694 831
515 14
615 332
139 671
675 372
160 338
680 649
310 882
496 943
137 821
425 786
100 660
912 300
658 375
235 903
240 221
423 589
445 586
301 219
691 184
196 55
87 245
90 139
92 699
477 644
22 170
261 637
917 695
263 163
569 479
657 953
398 804
882 46
129 590
791 348
67 110
50 297
656 660
803 327
147 224
383 714
828 325
349 913
722 726
707 227
317 712
618 458
273 94
360 939
118 76
345 592
402 743
455 627
97 712
276 745
308 365
745 831
427 184
688 109
466 149
143 549
430 87
236 149
146 173
403 51
8 641
649 661
549 180
301 869
693 611
253 44
491 481
592 634
554 538
685 626
278 321
356 480
941 277
48 460
729 93
88 83
15 696
163 614
82 743
620 465
164 507
804 280
423 864
400 659
117 526
830 588
882 292
474 705
323 813
933 743
272 477
310 37
628 32
900 77
258 640
957 172
558 858
794 811
773 105
764 237
880 844
936 377
791 805
222 943
830 448
153 164
956 425
356 644
269 710
419 651
534 743
699 747
254 772
65 640
600 490
746 265
913 297
603 905
398 31
609 108
57 927
422 843
757 348
961 343
106 529
197 442
472 98
364 413
555 751
77 795
424 261
141 59
135 67
321 899
730 635
415 388
145 93
349 587
351 891
561 630
28 270
855 449
750 745
794 322
327 616
681 647
847 54
440 704
65 665
337 924
801 763
343 808
456 19
826 168
403 217
918 648
409 258
709 828
357 151
965 360
273 904
933 383
936 45
478 723
744 224
544 13
433 578
51 531
115 10
850 350
409 92
380 596
829 126
909 396
585 302
622 112
914 290
312 326
129 731
207 289
616 73
427 557
618 302
177 409
469 614
125 665
961 45
493 853
369 260
705 789
915 593
707 108
873 884
892 381
360 534
54 559
842 492
272 919
935 68
956 642
9 196
500 680
601 610
883 69
252 454
108 451
201 58
607 486
130 407
386 851
407 412
134 444
338 133
48 573
926 356
326 25
938 90
311 635
467 149
30 443
750 817
662 694
330 167
757 252
455 433
666 21
317 480
264 842
581 430
156 930
709 180
50 627
52 883
593 13
292 127
112 824
591 176
388 349
487 923
769 16
865 942
93 117
591 668
99 959
703 118
597 479
445 269
429 904
321 775
547 368
159 768
398 72
679 109
440 265
458 831
421 959
406 599
397 458
637 745
557 153
323 180
739 642
578 724
511 237
478 819
335 403
580 287
66 740
413 912
86 275
289 213
808 504
536 82
199 129
3 672
965 194
597 162
311 302
928 839
43 467
778 647
50 765
586 539
777 327
867 635
63 833
335 748
525 417
14 293
490 74
849 670
241 832
760 652
761 743
463 619
872 371
444 948
564 585
377 33
582 301
778 672
87 934
364 924
861 506
666 271
301 344
48 845
748 391
605 863
707 402
807 164
108 13
350 529
810 750
723 652
403 638
924 960
49 400
581 549
914 247
515 79
183 542
794 727
390 860
248 204
484 814
415 876
876 498
589 306
738 66
519 764
466 363
762 76
501 24
598 446
389 167
620 411
606 85
454 559
810 915
278 80
262 835
339 409
780 210
399 964
697 661
898 494
776 811
386 241
133 611
350 883
957 817
490 289
835 172
601 49
925 246
605 180
18 366
844 166
292 251
220 840
243 162
261 463
325 705
765 676
785 430
34 516
572 357
574 769
611 217
833 729
577 524
192 692
962 511
690 942
251 147
136 278
851 210
918 962
790 263
630 808
199 368
564 462
675 709
342 500
749 751
945 665
867 754
735 649
849 842
481 848
151 157
399 809
856 505
213 265
359 286
551 522
93 494
586 86
737 416
591 261
647 706
45 523
192 438
460 156
679 568
648 799
424 244
831 684
292 197
775 470
143 314
123 552
416 286
897 321
241 271
115 616
953 321
938 517
170 350
462 613
670 515
549 754
910 531
805 883
733 758
57 141
348 303
885 624
230 506
71 471
454 41
610 646
845 365
938 145
352 84
740 594
390 833
687 949
482 747
302 141
527 481
905 674
107 529
475 286
41 274
629 177
741 599
317 409
63 575
601 477
910 593
899 353
767 456
325 165
843 606
715 357
521 105
596 555
905 733
219 735
221 932
955 246
956 62
722 23
406 340
9 27
436 447
32 793
937 70
562 157
184 15
366 954
195 942
300 954
904 196
767 714
753 143
110 203
257 533
866 604
580 773
736 23
624 65
270 483
788 647
400 704
592 154
3 166
133 566
2 115
902 529
445 943
136 517
546 433
492 439
379 151
953 433
860 907
76 512
310 571
370 664
280 592
742 505
599 692
33 808
267 724
876 779
139 923
203 210
77 170
352 98
688 17
482 765
377 555
425 699
327 56
73 392
474 118
277 611
294 515
481 581
411 550
766 484
287 917
258 564
420 928
960 661
280 338
174 659
504 379
605 693
513 868
177 458
423 700
856 608
746 131
285 699
254 481
420 713
206 236
496 484
226 680
706 683
248 58
230 126
126 22
306 422
953 737
53 816
96 318
829 740
848 728
207 688
135 201
437 606
929 131
749 77
860 445
953 5
75 98
330 230
919 808
593 737
391 303
191 347
504 205
378 388
756 695
885 426
623 581
42 610
78 92
960 192
583 524
16 168
602 53
628 317
224 832
247 827
355 464
303 293
231 776
126 608
509 166
897 309
934 457
41 193
141 933
64 723
528 733
176 450
838 62
569 954
474 702
147 195
207 558
481 139
389 2
651 883
266 130
742 882
268 47
108 532
877 104
149 215
171 259
452 107
105 606
730 388
287 98
52 680
861 942
257 704
882 958
644 545
132 638
631 281
425 794
487 171
208 68
85 359
709 522
436 321
220 54
592 247
59 461
22 97
136 594
543 281
512 574
693 172
435 11
252 616
21 453
592 134
793 720
6 381
210 143
48 643
123 217
909 218
253 43
882 470
845 434
331 379
576 127
874 675
440 242
641 693
513 760
642 102
148 950
862 725
682 298
296 694
732 4
611 77
924 182
705 24
165 335
783 125
253 194
697 500
109 595
516 149
919 56
388 491
725 462
836 650
145 267
105 302
512 122
270 805
732 850
491 738
148 660
874 292
785 195
278 19
738 783
507 127
396 567
555 518
572 696
99 898
623 101
163 628
108 786
447 452
959 768
233 515
514 525
2 407
902 738
831 290
726 109
778 759
225 449
157 175
472 703
391 676
891 275
94 583
93 327
578 245
846 368
811 190
24 446
334 595
528 102
620 88
50 583
308 220
164 633
168 518
833 960
193 463
779 595
781 811
671 28
88 947
68 572
161 569
878 101
643 493
384 46
165 684
132 708
298 748
483 917
941 262
564 711
212 476
33 265
231 618
823 187
697 584
865 779
863 256
77 651
221 742
300 212
248 93
637 8
819 93
913 413
197 679
736 589
400 642
169 746
407 680
416 349
269 789
473 284
88 64
204 865
460 46
741 139
462 499
445 393
376 443
174 114
432 381
457 752
625 245
899 307
386 857
577 74
81 237
686 450
210 267
525 437
393 204
855 772
837 777
338 885
625 326
838 228
95 915
439 630
899 598
101 115
670 427
252 225
685 16
549 384
597 302
486 381
588 850
273 896
647 545
111 864
867 40
540 962
565 728
885 120
186 950
542 485
180 559
270 226
73 102
435 587
38 645
628 752
111 396
798 194
281 799
28 714
380 521
694 80
70 341
571 336
664 344
226 857
45 585
299 56
134 588
338 21
51 286
253 699
676 957
624 454
737 758
558 441
174 328
668 669
142 250
290 652
287 787
610 515
596 625
939 915
944 519
278 906
488 643
288 783
478 620
364 77
130 875
147 529
538 227
630 336
960 903
816 449
743 725
905 912
346 110
11 244
107 312
272 275
78 316
903 366
615 661
742 871
466 217
838 555
127 79
37 339
183 148
441 493
828 751
761 590
814 373
263 92
357 348
250 819
948 142
898 602
185 427
478 398
597 161
183 225
450 65
427 163
159 891
555 802
202 372
687 45
919 705
298 29
135 872
4 23
654 203
451 431
913 488
941 824
88 73
756 162
519 77
261 658
152 634
713 139
586 404
52 520
916 463
607 757
657 160
350 301
832 60
614 147
962 848
852 55
733 216
451 205
161 58
422 158
120 428
754 356
954 745
522 408
353 563
792 953
27 715
449 956
488 838
657 336
641 587
508 153
56 522
461 87
438 372
956 799
522 363
210 537
745 559
154 695
380 534
162 705
287 625
365 220
189 16
369 556
233 710
954 231
339 577
139 556
817 881
124 531
269 189
877 65
306 941
271 376
862 480
682 49
813 111
890 643
797 469
600 15
543 721
820 874
506 69
415 909
365 510
404 100
8 773
136 420
561 562
268 788
363 670
70 294
2 587
277 733
954 387
173 39
672 453
800 266
485 160
750 660
108 264
509 826
202 60
441 407
578 454
187 190
47 889
789 514
655 126
816 651
861 459
365 689
295 862
774 450
41 734
668 251
835 7
212 228
344 903
805 841
74 197
331 766
578 882
742 618
194 52
361 828
376 682
396 434
624 315
182 146
420 867
4 354
481 395
669 474
905 505
400 152
51 466
53 352
589 291
519 184
481 561
722 657
579 856
925 300
947 780
838 472
387 263
914 392
493 223
606 210
835 12
356 614
911 163
18 549
163 884
451 384
261 431
99 220
852 435
726 638
470 416
474 953
457 173
77 183
957 520
579 333
83 231
853 412
802 244
104 648
490 722
34 535
849 858
182 233
700 289
685 841
945 398
356 414
340 432
259 375
276 703
670 920
45 402
925 769
506 677
587 609
787 823
750 384
533 171
426 924
152 884
407 761
870 484
526 529
193 707
170 192
452 261
180 321
737 519
313 364
675 9
82 851
818 828
781 136
582 246
387 492
894 377
787 84
75 486
130 282
259 751
884 439
964 407
7 858
266 775
273 7
367 118
343 279
800 489
164 237
49 810
494 218
775 575
675 156
393 664
449 299
466 651
674 593
487 393
826 475
772 38
138 72
353 941
405 732
796 188
836 590
775 690
639 460
241 908
437 870
721 845
870 805
721 457
600 265
503 190
782 874
217 542
514 540
666 595
809 72
667 38
260 624
119 852
817 56
545 947
857 225
437 58
96 540
498 160
353 412
102 550
214 236
948 424
73 86
74 300
790 147
59 135
314 133
174 874
152 653
689 780
190 670
763 328
673 125
547 442
196 276
512 189
732 870
622 765
808 772
808 800
754 525
437 879
371 893
120 443
528 584
584 543
657 753
736 961
89 781
806 66
185 590
474 527
794 941
924 217
926 895
159 348
329 195
110 528
130 415
777 489
411 39
788 268
288 298
660 328
965 915
41 38
368 8
6 206
685 598
621 8
463 438
393 372
855 657
687 368
539 757
20 94
458 89
201 47
437 287
746 566
195 16
825 284
40 548
675 344
939 356
795 58
962 466
817 42
126 509
36 560
811 90
701 290
226 601
522 599
942 489
857 425
308 630
487 436
164 775
254 858
535 703
849 679
242 207
903 827
208 520
410 297
431 363
821 191
699 357
368 206
131 58
169 499
308 16
687 538
389 803
376 126
66 541
214 279
487 207
348 695
167 536
259 158
833 655
633 346
247 844
891 497
263 927
18 555
316 760
185 124
591 209
120 829
501 277
545 492
211 669
89 403
234 723
382 520
510 892
657 131
831 792
602 169
280 471
11 783
246 318
33 382
568 916
753 869
276 244
8 199
29 785
441 742
144 210
708 177
545 625
586 792
132 952
847 211
827 199
544 386
428 392
357 318
822 930
398 133
274 495
186 125
349 735
81 670
81 865
777 725
5 392
660 357
437 172
828 531
267 744
365 787
223 251
351 909
462 640
588 10
341 108
470 746
3 98
190 270
409 882
963 836
620 89
877 688
678 547
715 311
462 776
387 157
79 900
43 559
635 457
822 596
785 648
257 471
902 481
165 660
279 8
959 634
772 430
395 353
949 778
515 253
493 382
355 56
889 669
303 312
658 345
605 126
515 420
845 559
243 847
64 75
707 105
374 231
241 292
546 57
621 531
371 694
586 925
515 625
698 819
698 754
866 944
850 22
23 656
35 829
235 938
700 853
493 636
900 460
867 582
285 569
196 203
791 393
70 339
753 776
113 425
957 414
255 553
500 916
359 537
602 607
567 373
881 726
571 86
245 792
799 54
950 392
581 585
508 700
110 901
451 783
760 548
172 626
102 281
578 838
360 285
322 460
486 461
531 845
52 741
697 53
893 191
742 329
209 499
633 476
926 469
784 676
32 857
324 178
531 369
53 258
551 7
289 321
865 114
166 889
391 747
586 355
884 639
667 811
897 354
493 257
22 280
374 372
299 543
531 741
416 785
770 672
219 170
184 866
665 52
722 392
297 920
84 334
197 453
603 48
485 905
52 748
364 641
882 441
77 153
60 311
425 259
341 612
126 927
362 705
570 106
934 849
242 542
441 54
455 454
802 428
689 165
728 72
357 458
875 235
254 137
586 754
216 282
131 917
478 508
888 67
958 911
230 135
879 848
316 644
80 389
582 893
742 61
408 860
288 338
537 640
934 642
907 473
11 236
50 500
894 134
272 725
587 39
865 790
738 831
226 872
139 566
451 914
515 915
949 113
293 406
496 691
612 180
575 392
704 866
301 845
229 708
819 924
622 869
219 757
474 375
955 659
482 32
119 661
157 354
527 210
323 477
470 412
124 536
165 61
186 402
442 207
298 5
840 6
482 147
891 142
581 779
506 951
32 878
835 453
255 623
716 499
862 86
771 45
574 298
80 666
816 335
825 21
466 383
644 624
530 267
144 135
497 678
872 395
176 552
470 553
912 567
445 5
624 182
292 547
114 575
499 161
583 899
586 126
743 597
662 630
348 925
594 933
402 786
814 102
120 409
817 762
930 473
289 455
219 95
368 947
884 561
760 180
460 757
579 495
279 606
417 517
947 253
731 751
463 377
897 334
348 886
221 480
921 871
424 329
238 788
8 755
465 566
551 962
456 64
155 445
600 233
424 256
151 720
705 121
797 531
27 728
673 557
70 853
454 52
122 395
379 609
677 88
248 619
187 120
531 402
309 623
20 35
367 643
82 91
851 539
764 643
965 857
13 124
130 591
202 576
831 33
666 164
763 55
610 414
837 362
710 744
876 315
17 455
736 19
827 460
312 275
722 26
614 451
760 590
147 770
854 386
484 313
319 823
68 483
892 512
585 274
551 72
275 843
3 815
959 155
727 220
86 716
711 390
785 414
872 115
915 389
57 442
198 171
469 40
171 462
470 533
187 875
753 466
108 516
899 921
845 2
339 708
356 622
492 639
378 34
329 187
953 97
455 362
574 228
723 682
614 15
155 739
797 80
564 784
690 631
947 639
639 454
712 472
234 331
490 4
181 320
91 949
657 413
220 185
900 388
631 866
959 236
780 63
875 308
934 677
34 98
326 108
130 942
763 267
723 904
669 903
321 620
917 234
14 68
566 561
532 830
384 780
702 843
900 698
315 305
577 902
392 754
446 659
570 187
766 697
417 734
882 717
760 512
518 583
631 212
316 272
465 125
467 826
142 347
697 544
919 675
817 591
673 468
430 907
527 300
234 453
50 402
474 177
916 696
833 78
117 98
731 606
283 205
948 332
190 733
904 474
479 449
284 356
122 379
506 692
803 512
93 10
455 935
630 366
832 465
480 742
530 38
191 674
565 587
655 371
895 862
137 39
588 361
734 472
536 745
222 577
284 195
583 237
487 216
949 264
571 749
555 887
699 906
205 871
386 460
85 349
635 191
28 7
67 901
892 755
513 962
881 837
552 888
664 82
718 684
243 112
278 689
905 291
281 646
926 936
105 797
930 726
570 459
825 65
312 673
313 712
777 531
62 461
246 126
817 274
802 765
177 691
568 338
770 95
129 333
717 655
573 821
62 913
728 717
890 812
547 838
750 323
204 420
205 246
426 459
598 554
391 399
545 172
69 678
231 667
345 467
164 945
678 405
3 443
826 703
616 274
633 910
526 495
316 568
322 859
861 571
932 733
753 549
921 766
259 483
405 827
281 170
934 630
264 267
138 70
321 814
85 61
434 464
850 31
56 963
213 394
239 82
632 918
166 859
650 928
779 889
889 854
709 67
959 764
309 597
360 828
445 524
928 614
672 811
177 451
506 11
488 936
608 478
22 639
888 799
373 148
75 836
634 713
948 346
567 924
35 311
54 58
165 466
792 260
209 326
462 960
466 105
798 894
432 878
345 515
700 357
918 217
499 924
778 177
541 958
12 761
90 290
556 433
574 485
761 226
455 942
704 858
619 339
302 764
318 464
289 642
843 452
617 875
774 838
684 269
79 958
26 54
427 195
86 531
562 93
415 589
513 838
589 893
1 508
76 871
386 142
480 642
218 148
942 107
339 863
432 4
133 759
198 230
272 297
627 721
130 139
539 627
95 378
674 758
376 578
871 731
324 213
161 733
774 942
796 497
601 740
158 297
142 231
663 62
879 746
755 824
573 826
168 33
660 395
408 55
691 919
746 93
914 782
359 712
566 393
287 769
290 39
112 11
461 264
960 175
333 654
342 586
74 554
782 365
639 297
838 195
228 37
381 159
755 739
94 453
240 628
41 146
81 123
387 243
432 422
624 458
756 255
152 780
133 845
425 668
115 623
66 352
484 620
656 922
749 627
881 794
533 881
436 463
937 723
516 865
613 419
351 220
192 891
389 575
891 955
378 417
620 224
234 368
678 682
697 742
610 330
40 840
65 412
799 276
529 493
855 774
913 507
325 413
751 749
57 394
516 903
956 273
908 218
781 516
874 230
638 808
127 861
376 411
112 224
791 623
759 560
442 10
316 845
48 234
145 336
815 591
71 384
497 522
667 153
460 953
815 202
429 198
837 217
929 595
181 272
414 852
537 693
438 353
386 814
498 833
597 467
264 302
673 35
451 876
844 811
659 902
735 874
699 409
555 67
762 645
846 495
524 433
856 399
835 806
505 791
303 772
17 336
642 548
494 604
826 609
282 1
287 507
127 576
174 452
252 534
36 603
932 656
510 817
921 827
540 622
388 344
462 451
140 763
673 512
391 829
882 524
370 480
740 690
959 270
502 197
696 590
342 626
952 930
147 278
276 325
832 565
738 805
188 108
775 232
580 395
376 169
193 821
170 330
729 747
484 270
948 899
875 279
624 205
628 415
259 833
314 99
387 318
890 895
209 661
356 55
945 899
819 918
640 4
471 710
609 510
494 157
186 594
759 804
745 667
273 781
323 589
713 264
70 298
842 211
658 964
387 9
733 395
154 393
209 951
212 581
943 947
288 29
911 691
708 301
187 883
253 296
596 675
498 962
482 479
847 208
84 52
85 162
504 259
485 728
158 401
114 422
493 242
863 503
683 334
495 169
657 22
25 552
634 390
501 338
504 159
929 66
531 754
845 931
498 334
336 750
779 61
929 51
965 474
533 587
441 649
705 724
715 577
244 611
639 434
404 593
828 195
519 761
478 348
315 618
156 295
526 736
323 178
671 281
713 216
237 853
770 433
449 885
955 119
80 810
409 228
414 478
587 931
694 837
781 443
933 281
429 567
238 269
435 610
156 942
832 330
889 53
120 299
839 345
880 787
868 591
840 36
604 5
145 627
592 906
115 957
480 14
764 963
605 908
272 378
769 604
187 413
464 103
284 805
939 112
410 853
341 26
70 125
825 946
568 15
887 725
310 932
385 529
228 23
525 231
419 798
820 424
659 311
237 660
340 384
273 56
148 251
233 451
779 612
85 320
799 786
504 28
602 861
272 695
76 179
628 138
859 497
239 570
652 560
212 594
47 462
246 761
415 682
789 541
808 270
404 729
258 316
386 489
245 65
10 397
121 83
428 774
505 492
379 301
52 938
181 31
259 619
19 726
665 789
959 829
814 840
174 637
211 757
470 898
53 377
624 301
367 949
106 789
231 453
340 838
324 920
473 450
56 86
576 962
168 528
542 656
890 952
857 595
84 217
216 412
937 777
922 396
622 664
386 802
540 212
188 17
448 681
195 538
328 740
477 103
611 415
588 475
351 594
708 434
698 648
874 70
5 381
823 899
950 777
555 545
464 460
764 212
800 162
927 865
605 721
458 964
844 800
439 523
816 413
943 33
637 86
801 712
382 414
330 727
510 612
791 408
779 941
48 198
898 814
620 1
557 280
90 577
608 910
727 782
226 288
462 385
707 41
49 345
75 57
924 234
838 791
146 958
642 859
831 445
649 718
9 724
12 583
550 117
313 379
793 334
188 430
279 65
7 828
717 962
590 475
394 131
712 154
416 545
951 627
401 232
439 287
223 594
919 17
867 320
320 787
268 224
446 247
673 324
374 800
801 690
861 394
588 81
477 363
234 784
420 689
334 87
697 37
516 694
709 318
625 715
553 948
798 503
493 676
350 55
98 180
43 605
83 728
653 796
799 333
267 372
506 292
287 99
235 312
473 469
36 191
898 932
421 424
423 549
189 273
279 94
63 157
962 19
379 789
308 385
146 36
891 685
101 943
767 339
174 404
322 814
586 892
36 523
584 637
37 361
206 432
167 355
728 379
598 602
396 517
364 690
56 131
383 951
160 254
795 258
669 79
906 259
64 464
512 796
106 159
506 216
197 575
554 679
307 308
422 33
607 329
444 22
462 870
691 600
140 319
344 301
216 774
789 337
862 633
332 732
621 484
297 807
9 346
428 79
947 883
950 305
737 846
341 788
556 339
624 418
575 347
651 161
93 761
921 931
489 531
642 507
860 915
223 358
43 900
652 635
743 193
304 713
488 341
452 942
805 471
290 394
865 83
757 874
848 570
776 764
891 864
49 96
586 322
90 239
586 680
436 791
239 279
187 846
518 262
352 249
814 338
744 821
267 64
306 550
308 201
165 155
4 706
372 720
193 194
142 848
325 16
718 537
269 675
166 319
314 156
225 132
791 263
260 755
172 210
669 652
964 515
693 75
162 687
71 374
787 961
717 298
455 802
693 854
948 628
515 418
808 223
578 12
101 283
547 177
587 915
100 823
146 160
864 576
683 843
649 207
632 913
248 710
752 368
232 768
165 899
453 559
682 836
759 235
705 32
906 598
355 932
66 344
285 486
507 64
325 863
905 604
699 824
882 632
719 126
813 570
278 880
355 53
121 461
27 961
35 454
403 444
458 893
807 893
645 573
536 578
546 627
691 147
879 757
184 282
147 654
367 449
388 730
382 522
872 637
692 325
70 890
549 162
66 304
642 899
659 81
595 787
665 672
728 827
220 91
103 600
344 207
306 826
328 137
698 8
937 395
896 253
904 220
805 490
133 700
216 799
625 467
662 696
510 693
938 426
208 131
10 332
946 913
764 136
545 754
620 543
270 826
732 5
643 582
806 54
882 255
648 539
260 321
460 899
23 927
597 718
502 89
250 475
736 774
695 587
319 473
57 646
527 790
42 409
540 648
924 674
7 254
392 168
174 815
912 500
401 731
680 165
649 723
419 933
918 247
226 134
942 895
678 952
121 786
782 857
783 512
717 422
771 927
792 632
41 766
426 628
81 396
610 234
41 141
379 700
783 689
240 645
331 139
559 414
48 674
657 724
12 440
896 235
720 559
756 485
394 555
406 298
542 888
527 443
860 930
789 278
521 547
497 446
353 145
565 333
686 571
543 342
640 503
263 61
159 916
327 747
610 891
58 582
305 185
545 278
529 586
90 512
489 616
128 696
681 476
378 691
760 451
563 9
467 781
104 177
395 687
710 81
750 72
327 962
240 523
369 19
736 870
397 786
139 674
302 370
468 94
185 539
903 363
245 108
376 170
564 187
583 873
359 468
703 892
235 74
9 707
881 9
426 232
496 835
703 901
867 852
227 574
265 650
170 87
468 903
625 723
586 507
721 596
365 265
700 103
578 259
799 381
13 312
397 14
413 947
864 173
239 31
441 204
276 576
428 554
695 213
871 95
296 154
215 6
113 15
702 620
705 835
177 869
428 461
603 562
529 939
913 532
455 499
659 233
883 596
794 305
61 323
29 79
400 329
565 941
927 586
769 910
831 964
117 353
83 100
449 945
28 675
248 394
865 42
956 794
78 226
26 467
615 567
961 767
432 816
697 447
532 693
590 644
809 104
792 485
922 777
589 933
463 636
924 226
229 175
671 280
177 441
233 804
470 203
369 520
329 632
807 200
441 951
114 887
264 856
798 448
946 2
801 474
227 681
362 774
182 37
595 643
444 315
502 715
358 730
689 579
700 882
347 474
205 514
831 850
557 579
887 267
528 616
874 179
170 428
287 635
381 268
259 537
865 806
799 771
784 229
851 225
484 107
452 679
786 246
416 629
189 456
292 8
627 560
497 299
6 863
907 378
962 362
764 162
585 414
414 48
287 834
688 830
878 739
950 828
536 608
684 824
353 468
927 631
560 273
186 958
410 206
762 306
932 522
876 794
236 103
933 71
440 773
294 643
387 562
814 442
425 853
322 239
947 87
325 732
306 446
777 685
291 46
59 686
528 809
191 736
598 881
307 637
287 367
271 924
480 356
332 65
307 936
577 290
25 261
248 856
814 7
653 752
18 348
555 440
555 15
524 567
173 896
338 522
801 131
286 463
930 60
152 334
529 350
404 798
313 908
157 613
958 43
688 246
137 368
211 217
484 25
250 305
604 74
253 622
508 474
172 124
511 895
537 444
60 856
884 866
598 566
910 708
933 685
952 879
587 24
46 301
390 758
209 890
11 751
158 594
412 697
911 238
182 771
806 260
165 388
773 197
702 245
6 550
150 731
45 399
509 933
234 15
294 459
824 99
932 921
278 375
113 44
666 176
429 672
764 856

982 4769
106 69
125 487
879 121
963 346
495 213
978 891
65 362
952 410
923 688
637 961
566 813
497 685
625 218
455 936
684 343
97 52
401 97
357 757
959 210
858 897
361 367
431 148
344 230
190 977
751 373
12 319
440 335
297 208
813 423
651 923
282 273
466 18
654 745
247 404
288 509
549 509
641 425
909 456
385 24
521 14
206 677
707 128
528 798
532 424
600 947
417 868
141 635
327 868
145 888
692 236
37 698
816 529
514 63
522 672
559 494
709 136
949 597
379 160
145 115
255 360
698 308
972 955
20 280
612 581
261 972
635 851
191 47
557 127
440 903
696 973
932 850
274 885
252 792
280 714
562 778
483 408
172 706
448 512
748 609
69 357
274 33
103 911
696 300
348 700
775 868
299 122
744 968
189 257
18 678
69 699
187 519
253 633
453 87
695 504
7 726
666 376
351 253
761 190
634 436
463 2
376 412
525 718
713 374
568 538
739 923
221 641
648 29
975 103
903 394
373 705
778 880
532 172
912 973
893 101
509 892
720 912
241 454
257 377
540 733
703 179
542 745
332 319
268 453
99 624
144 256
680 797
846 13
368 975
40 393
442 109
922 838
462 733
123 410
340 908
913 326
140 443
555 908
404 628
236 380
735 95
574 387
815 262
144 830
238 322
169 103
867 152
704 534
856 423
692 853
559 608
324 303
747 245
790 933
826 610
438 307
367 139
719 678
813 967
961 679
599 379
712 763
428 720
859 35
380 435
805 35
1 130
477 615
497 361
758 77
687 195
546 370
653 442
340 478
250 777
309 493
551 755
272 475
876 676
75 20
883 227
343 316
24 326
650 640
578 165
487 939
266 636
963 942
267 615
877 943
663 460
697 721
789 384
130 722
637 133
353 974
979 677
426 766
342 168
271 809
255 404
532 72
538 748
150 766
45 33
484 92
675 931
354 928
514 511
513 621
769 923
348 649
420 14
4 571
260 734
95 396
815 328
265 209
908 368
485 374
340 914
16 499
62 838
533 690
843 947
627 437
594 576
557 23
464 111
597 827
619 159
360 299
485 455
900 199
473 360
20 903
537 27
97 105
351 418
153 175
299 184
961 221
679 822
677 137
917 890
239 98
522 208
864 607
317 383
388 638
360 926
752 85
823 47
218 849
899 605
936 977
702 900
367 709
975 400
652 771
318 454
319 107
728 595
535 157
217 753
115 490
753 42
972 839
365 879
371 462
404 62
333 838
328 369
913 340
50 137
530 50
123 180
509 356
843 57
559 774
665 471
350 27
970 399
260 807
409 491
482 243
482 572
526 62
50 792
252 272
469 802
580 55
220 104
58 168
591 829
886 935
327 254
338 905
154 778
147 876
929 203
782 855
677 957
859 509
94 769
595 61
872 427
528 872
579 130
605 886
788 775
237 775
148 211
956 640
81 653
830 185
413 427
687 878
425 675
433 946
69 553
361 224
979 673
292 264
633 742
135 690
83 645
925 449
190 690
82 742
711 432
415 887
162 697
911 713
218 688
166 430
611 187
848 551
170 482
775 244
651 938
382 962
393 321
514 53
235 967
21 227
884 490
550 18
392 829
112 631
446 133
693 754
530 149
515 635
551 802
607 348
438 500
352 923
569 195
777 686
170 260
595 742
351 809
67 266
31 709
731 486
255 127
733 406
552 670
243 665
459 814
269 243
544 798
155 233
263 264
657 175
785 114
605 529
641 477
549 120
933 10
293 965
682 177
683 607
795 57
956 511
561 129
654 364
747 698
34 230
200 391
915 461
771 903
791 230
687 689
980 535
657 902
345 836
18 495
770 232
695 918
347 345
293 114
295 338
814 392
831 620
979 162
724 540
291 878
527 201
268 253
913 173
880 472
717 373
554 169
257 319
496 465
586 521
443 698
544 789
523 238
924 299
194 112
957 74
816 884
197 178
141 869
73 567
263 92
331 820
928 142
335 489
944 281
835 474
541 395
937 120
452 477
351 707
46 231
207 783
468 317
494 626
697 654
399 103
883 662
316 647
544 507
502 474
490 619
895 455
327 954
971 421
684 285
239 30
113 808
557 592
451 171
634 351
708 119
55 353
697 515
159 98
597 744
453 321
860 647
455 93
239 464
576 674
885 334
426 296
780 571
859 687
839 129
516 379
718 358
556 978
645 980
336 736
432 958
597 197
448 324
191 564
801 448
505 899
415 896
407 589
550 197
551 201
777 705
481 268
245 406
9 693
780 391
302 274
441 23
788 906
94 970
275 748
457 753
42 545
941 96
388 565
627 527
869 188
135 296
981 781
195 664
143 408
684 877
334 603
938 653
196 205
243 644
355 722
332 635
139 544
353 282
233 208
433 323
486 311
159 898
110 622
493 820
927 865
423 194
429 861
686 700
502 601
302 426
675 707
287 265
785 714
678 636
237 228
443 564
314 226
388 311
99 189
545 425
670 677
729 111
753 819
324 479
643 868
53 685
789 558
573 337
496 907
906 630
243 822
865 396
154 193
501 123
543 420
980 770
913 478
785 417
957 3
273 831
534 100
238 801
518 226
296 626
834 120
766 568
30 621
126 475
236 980
352 372
210 878
45 250
524 934
431 732
469 324
359 976
432 850
101 56
517 827
865 840
809 855
812 745
117 173
615 297
836 42
711 501
433 38
768 794
625 135
420 722
165 615
439 72
556 742
236 214
56 411
853 662
889 844
156 673
527 850
342 235
35 572
928 552
458 508
520 335
61 429
683 688
475 32
177 553
120 680
979 150
174 382
389 978
371 196
70 106
637 176
533 829
897 324
721 120
368 127
759 704
649 625
883 407
415 808
417 705
714 41
171 299
128 193
384 123
628 108
441 817
79 514
457 253
795 312
781 879
266 115
910 824
126 728
913 130
91 458
37 26
458 404
844 811
350 926
866 751
666 491
541 219
65 798
707 347
375 946
605 924
786 854
897 889
774 489
42 230
8 533
760 890
582 291
43 340
968 839
329 133
143 356
363 221
846 872
519 194
353 63
571 848
122 526
163 395
448 730
213 224
503 817
735 551
860 604
808 21
369 95
648 105
45 558
690 411
670 197
232 284
749 383
88 770
555 649
886 56
797 848
961 730
691 583
410 829
481 967
842 677
968 255
567 265
99 400
256 171
477 440
762 688
27 898
284 166
358 558
287 939
572 254
388 754
596 575
924 905
321 530
198 843
969 414
553 945
895 115
949 937
592 302
403 394
955 713
617 552
797 763
906 287
123 161
323 108
268 142
16 516
435 208
1 269
493 420
807 973
976 471
227 267
705 242
544 267
301 82
47 487
51 886
13 19
732 685
407 880
17 208
898 164
966 742
811 653
538 79
41 938
635 168
706 19
119 415
528 799
67 224
838 480
741 98
415 272
364 550
950 293
972 242
22 617
495 221
134 697
852 936
954 242
980 848
784 338
89 259
790 610
521 641
370 288
832 590
390 42
106 729
488 148
412 885
434 669
883 899
470 897
574 356
116 463
742 271
745 505
284 600
602 56
655 54
749 452
324 774
130 914
866 619
976 27
703 282
874 920
672 784
929 134
808 977
808 550
787 650
934 90
558 662
421 884
980 153
191 583
185 930
530 207
287 814
384 71
226 372
829 534
576 102
77 727
117 138
962 249
344 477
782 969
12 956
397 650
655 558
110 374
764 732
384 571
633 689
815 468
250 668
966 245
185 617
1 136
61 878
41 542
266 828
674 90
855 580
322 37
623 45
971 75
420 104
793 5
297 40
812 300
443 529
84 951
744 863
522 460
689 436
731 587
971 846
330 381
822 238
371 887
280 468
579 559
346 366
927 264
127 508
328 894
664 940
346 411
959 604
821 505
439 162
831 876
26 264
941 220
501 511
981 965
811 692
234 573
343 141
933 930
588 694
238 413
278 45
393 775
792 478
920 531
425 219
800 750
258 921
779 414
240 951
726 556
73 311
864 587
385 582
43 411
122 557
750 806
360 293
766 728
32 631
714 127
574 949
332 955
573 723
388 613
577 784
669 650
410 745
361 330
877 295
554 257
39 331
774 302
170 579
598 387
928 398
472 701
839 698
753 167
55 75
572 855
231 913
217 633
940 787
261 147
852 605
377 768
837 405
33 92
226 824
553 773
404 635
810 514
703 971
759 254
562 958
134 647
545 505
46 741
529 765
549 876
310 357
627 920
295 318
762 542
705 38
686 878
874 663
467 279
124 903
526 342
307 779
843 845
330 37
57 747
296 674
408 679
227 224
62 905
230 714
486 672
87 41
17 181
526 579
821 723
408 726
127 31
815 805
46 200
410 473
799 65
731 122
549 919
398 351
346 20
145 860
699 85
94 227
631 664
738 565
902 159
918 521
634 457
192 300
873 458
767 429
182 309
235 142
533 230
827 671
537 680
183 429
631 370
634 312
407 766
780 897
380 957
752 637
71 685
128 704
490 10
740 846
168 809
844 384
633 128
438 247
545 220
48 916
730 208
324 865
927 414
606 717
221 390
538 504
629 884
2 847
774 33
562 953
80 428
321 442
958 647
636 695
359 621
175 864
713 732
5 119
682 49
209 816
113 256
503 434
395 269
289 181
628 758
331 680
905 470
595 289
302 358
964 173
961 778
948 103
415 717
179 588
846 795
898 791
789 625
280 452
652 488
411 210
907 608
512 469
165 300
2 862
149 610
86 224
484 396
958 589
597 833
914 117
473 662
935 870
864 599
424 932
932 157
151 293
906 779
313 980
289 299
796 146
160 697
777 829
430 665
553 905
257 655
396 925
591 669
649 881
120 385
194 115
108 822
578 62
452 320
399 652
793 204
256 544
2 531
574 309
228 762
759 444
779 233
356 497
619 419
502 89
193 929
694 403
930 447
750 161
720 335
812 922
386 79
721 493
595 202
742 539
599 388
234 223
656 741
201 131
287 872
143 247
761 349
883 656
442 797
940 569
227 501
689 386
732 271
439 217
745 507
513 252
677 219
361 443
189 719
844 183
527 636
706 381
635 321
85 762
600 839
395 574
160 212
562 790
434 24
622 697
123 21
971 459
26 357
386 618
846 947
423 126
261 367
694 422
105 357
415 320
821 717
381 464
535 516
352 641
884 505
419 454
412 978
979 880
301 345
673 283
951 884
492 127
760 872
935 112
706 51
320 707
742 634
339 203
712 441
624 267
226 110
787 892
789 539
973 270
757 481
797 842
741 189
577 796
174 251
285 449
676 396
915 820
625 364
453 667
937 786
443 260
367 270
960 503
45 683
528 401
891 673
858 308
858 952
911 385
571 559
515 362
365 367
256 685
646 105
560 833
797 471
375 640
909 606
180 914
397 436
199 413
916 443
125 888
99 834
207 493
869 485
599 657
943 980
196 882
161 977
182 805
533 3
240 118
611 540
668 878
931 164
962 56
618 509
367 38
723 867
70 435
432 40
663 159
807 227
189 702
975 515
487 320
526 743
727 459
967 627
604 660
626 819
199 671
368 527
883 301
367 388
693 506
198 190
820 887
157 15
217 734
255 818
190 636
584 836
415 9
404 97
958 648
614 469
479 369
279 372
7 531
21 43
522 708
451 499
677 699
567 396
751 339
881 818
64 320
852 281
525 461
780 603
693 470
549 455
236 879
936 479
479 909
156 416
925 302
513 95
306 929
952 244
323 313
419 502
277 783
635 583
847 151
550 20
279 284
467 954
341 861
175 778
167 631
503 281
625 53
91 778
951 245
184 770
955 254
638 654
772 729
978 181
295 73
282 403
138 444
874 297
322 122
565 46
430 700
969 544
180 76
330 423
22 940
646 182
262 448
603 802
637 534
929 947
883 21
369 276
930 921
52 978
660 709
650 495
313 905
511 903
300 597
77 614
637 860
283 289
780 545
33 633
506 481
269 259
45 590
872 473
200 864
575 746
647 275
729 783
670 517
854 230
71 116
477 603
453 2
435 523
952 671
827 797
621 342
665 592
522 446
449 461
838 865
894 957
813 323
165 980
555 1
738 876
134 59
690 971
285 421
233 908
416 97
876 930
662 759
448 540
367 660
392 864
821 292
566 562
568 60
692 226
956 730
755 821
499 724
926 268
875 676
551 673
717 189
60 713
560 252
885 958
561 600
741 831
232 285
305 633
802 153
476 26
622 67
198 140
626 62
789 466
4 768
576 385
218 188
832 827
512 8
926 597
598 790
530 879
286 308
234 915
787 91
823 674
738 96
322 694
896 296
58 804
772 274
619 815
746 445
580 384
712 229
770 762
109 182
224 137
208 649
190 244
49 907
104 117
824 729
234 760
455 938
756 613
150 60
813 276
595 673
119 632
669 677
697 207
606 256
716 443
76 397
919 758
169 387
830 439
942 845
686 518
416 458
474 519
73 965
649 71
580 778
230 647
461 712
489 66
566 743
874 901
240 887
422 958
258 695
460 479
772 668
506 775
486 305
343 713
354 749
328 943
63 513
170 785
120 924
49 541
446 617
361 342
820 318
415 260
457 843
534 775
616 102
941 895
800 893
835 859
215 388
75 923
944 200
695 816
57 900
126 204
29 469
168 982
840 188
887 40
302 941
410 304
159 205
371 84
461 201
404 623
149 103
154 365
499 30
859 476
500 845
123 955
515 388
915 378
956 131
832 300
775 4
322 895
172 223
880 32
261 567
177 890
804 642
695 301
623 958
936 466
441 701
703 742
577 579
136 141
286 859
874 714
176 361
268 954
267 898
567 765
841 982
345 25
860 259
326 542
723 470
356 98
365 827
730 819
398 331
365 642
736 860
723 733
406 204
281 659
55 331
802 842
192 411
568 494
513 840
741 271
643 508
19 3
864 548
117 170
848 597
709 707
425 582
120 938
670 294
584 675
109 603
566 824
106 936
720 478
590 505
829 74
6 85
440 481
560 592
514 953
848 302
159 948
794 667
94 786
833 245
855 653
339 636
871 239
528 159
12 256
51 176
722 267
605 468
772 580
881 193
516 315
222 492
403 56
331 567
8 883
242 230
244 297
797 557
835 221
321 906
214 924
68 564
822 607
345 329
950 702
496 432
596 451
260 648
390 28
266 973
195 116
14 955
570 72
534 178
681 670
39 330
202 690
227 250
335 688
639 801
134 944
343 133
598 327
477 638
295 475
163 365
977 542
635 531
743 274
670 118
764 290
819 450
621 103
768 677
659 259
695 449
163 752
661 780
240 711
500 858
492 587
52 216
270 230
237 601
682 742
655 176
670 161
847 586
187 493
388 621
262 505
905 894
78 13
748 560
481 665
16 600
860 377
626 84
967 202
146 548
351 684
116 44
351 904
780 205
377 5
86 753
270 903
750 141
456 660
352 784
702 16
45 734
27 895
176 531
672 829
178 517
551 814
39 26
3 589
334 787
151 875
361 448
815 694
376 879
375 439
857 557
417 648
861 205
647 587
459 818
433 351
869 157
972 142
247 68
605 982
138 50
567 799
179 582
897 823
670 39
681 648
771 705
611 587
591 393
762 639
561 821
945 726
624 628
536 181
612 121
642 425
419 763
504 898
758 84
29 573
504 316
267 575
397 964
749 623
194 265
457 55
556 895
595 377
298 468
9 196
943 388
254 175
841 414
893 943
103 904
624 850
513 747
481 343
392 961
335 163
194 75
565 104
52 650
864 778
314 295
317 290
418 617
97 670
653 896
543 758
380 639
117 727
75 421
415 16
563 915
316 841
884 279
320 839
444 342
798 491
167 233
531 745
268 959
808 956
223 816
365 276
402 698
795 797
923 890
614 982
412 158
525 881
19 156
328 556
471 484
228 563
723 623
99 370
442 158
796 686
816 260
968 283
767 149
430 473
932 587
937 506
900 924
335 482
157 585
844 308
403 979
404 775
270 431
371 493
646 429
464 595
963 571
250 377
499 595
270 779
881 66
469 672
169 34
666 403
334 729
211 875
106 833
163 617
570 388
896 285
455 210
183 102
282 697
227 325
726 180
800 251
720 136
360 877
768 276
145 458
721 340
728 572
904 777
962 800
389 884
339 233
375 832
777 540
196 547
802 66
694 363
677 481
903 82
349 219
849 402
719 571
596 204
743 303
374 205
75 982
819 295
913 267
326 821
643 117
112 822
921 768
836 940
795 235
372 328
104 187
137 392
181 366
733 849
717 364
628 716
458 678
187 603
369 604
111 890
10 525
905 899
636 73
202 204
947 654
130 212
197 366
74 558
840 425
634 19
953 548
261 271
817 431
955 784
394 328
569 907
733 136
878 926
737 205
149 55
900 382
977 628
944 604
908 255
300 772
142 661
949 11
951 315
571 66
848 236
457 614
386 644
426 511
185 749
562 557
229 458
818 204
529 714
92 393
531 282
953 851
73 598
809 407
955 775
362 946
684 923
9 446
637 515
28 813
462 703
177 159
362 572
688 906
274 736
422 722
538 731
170 452
818 600
214 336
677 856
202 398
194 790
674 936
971 852
82 501
601 726
928 418
584 260
359 84
35 815
641 408
733 327
454 167
970 580
867 754
899 397
97 45
188 860
744 671
808 650
69 500
624 885
362 660
92 955
239 964
338 883
938 150
223 160
278 949
62 102
134 403
482 720
357 964
293 286
195 643
215 490
804 133
933 44
419 77
46 252
849 628
408 665
542 529
210 38
502 551
543 311
68 152
690 480
876 170
509 463
127 96
769 961
537 636
920 297
518 708
264 632
696 250
642 257
492 101
772 55
938 270
704 575
157 772
304 376
195 763
106 265
35 677
877 342
328 771
594 926
162 73
131 214
973 835
135 646
118 342
706 779
781 709
781 144
712 724
608 249
490 725
673 400
56 909
346 740
168 573
792 939
808 964
46 150
389 222
177 424
378 878
159 232
531 950
364 333
641 782
684 313
867 885
192 817
40 163
249 320
800 485
840 562
143 693
396 464
162 463
402 939
839 660
332 611
593 527
481 866
599 975
244 375
557 589
742 615
967 730
874 273
33 141
969 552
170 298
260 498
202 217
648 890
165 622
732 381
961 861
671 228
517 410
929 843
967 791
658 673
553 615
843 336
727 893
611 204
408 348
874 941
212 724
103 295
929 804
520 63
92 866
919 449
208 78
227 433
135 104
120 875
800 508
452 781
658 45
72 88
236 193
18 908
407 254
207 448
903 103
265 150
981 702
599 227
909 380
951 285
169 652
200 252
328 817
94 932
220 743
898 942
650 141
98 17
7 195
137 160
780 52
926 47
158 181
396 890
381 276
451 733
610 523
2 916
518 213
738 426
441 538
618 537
138 129
833 893
86 843
96 90
172 537
772 576
957 890
422 329
170 900
686 293
370 80
319 260
961 222
503 477
910 7
285 935
217 236
656 541
91 711
978 70
577 711
409 117
257 91
709 419
526 87
209 665
892 839
70 74
129 825
472 190
280 187
867 957
63 847
585 522
489 176
307 777
108 145
145 409
506 473
452 304
80 301
724 443
311 340
598 921
50 22
234 132
41 413
383 43
520 632
100 286
850 647
159 109
250 4
324 180
476 709
487 587
61 729
532 516
661 429
720 167
831 23
848 945
537 522
823 154
47 962
536 574
287 561
25 607
694 687
933 557
642 961
898 10
972 701
538 37
518 962
703 760
243 707
597 971
415 840
766 608
360 933
969 793
603 963
200 377
36 266
644 295
37 735
828 241
904 631
167 506
613 203
573 918
791 245
110 670
764 873
620 568
161 114
70 84
933 783
950 871
440 514
313 175
811 216
25 373
685 116
481 139
222 137
530 951
747 778
565 535
199 954
534 379
312 678
810 365
380 448
973 482
578 193
889 538
675 809
158 31
527 711
180 755
969 31
2 974
93 634
24 682
668 261
101 969
300 239
945 230
411 327
813 769
81 297
641 144
770 677
493 880
574 534
811 832
519 147
521 358
62 720
525 168
56 870
5 265
965 801
892 775
703 783
74 358
236 150
878 854
10 603
168 195
582 954
723 732
350 5
335 89
961 922
5 457
765 266
969 291
915 207
771 306
863 653
368 117
757 965
349 632
760 268
595 768
6 268
63 501
764 921
926 504
267 358
924 648
624 897
308 868
914 643
844 238
828 349
976 446
213 603
134 31
465 244
677 774
231 830
949 170
774 945
712 68
960 578
962 890
870 83
304 555
127 37
801 857
289 55
328 417
682 934
113 350
900 78
5 366
233 690
905 747
891 939
177 140
895 547
316 629
896 334
569 424
883 606
438 414
459 240
955 727
830 794
80 901
335 215
597 672
481 805
51 807
395 162
914 305
145 575
790 947
20 423
408 56
239 762
409 565
121 771
529 398
587 333
913 562
473 93
398 593
898 755
422 285
974 286
867 352
188 618
835 52
84 126
214 712
487 83
234 693
56 760
551 383
673 662
437 333
332 234
613 444
944 423
545 511
593 930
979 243
982 345
820 364
237 600
520 94
217 214
221 84
738 683
420 638
542 476
102 249
449 435
885 912
260 204
513 7
557 530
863 949
57 822
57 745
336 625
151 51
299 657
183 339
215 427
335 280
3 104
530 282
424 408
5 922
671 569
943 755
698 761
632 594
772 103
3 588
460 507
670 976
318 84
49 928
393 99
947 516
780 767
718 189
822 735
399 779
255 310
935 837
682 827
202 788
738 377
191 691
261 427
190 473
137 102
243 724
210 935
280 738
39 799
639 43
930 445
215 677
950 568
112 548
3 407
133 242
941 197
839 498
545 517
51 281
159 24
252 859
71 828
433 742
161 959
223 981
26 146
742 435
465 546
709 804
102 978
466 40
52 259
234 679
128 686
145 256
474 214
676 660
932 197
217 153
484 278
139 494
912 916
486 955
323 487
875 589
199 275
784 138
457 332
630 345
563 209
465 809
852 835
253 786
639 389
89 166
967 839
214 848
570 927
380 205
648 95
686 564
688 947
297 119
68 779
900 230
16 742
716 655
510 672
70 404
350 291
794 288
962 862
210 219
818 516
225 314
344 387
968 904
623 72
551 362
629 979
443 419
524 328
306 55
657 787
507 27
181 283
700 874
450 66
702 296
78 141
208 924
688 65
616 510
483 18
435 425
119 280
535 98
267 846
144 692
590 695
189 132
294 46
811 464
762 59
64 858
29 307
713 40
34 958
159 912
883 344
666 311
166 962
316 398
816 303
154 906
543 148
825 942
356 927
472 522
285 38
292 103
884 761
845 968
962 712
210 357
377 915
284 425
328 591
954 393
829 579
816 453
757 367
230 613
835 645
863 140
162 797
188 236
274 514
290 617
124 610
41 579
595 100
814 966
333 955
344 855
788 18
148 260
581 485
557 489
918 661
833 639
861 856
565 928
503 849
713 162
90 64
36 4
571 76
699 115
497 891
60 808
167 196
760 462
408 24
698 865
856 951
527 356
737 575
609 354
350 929
828 964
831 808
625 60
737 69
193 301
68 977
196 604
72 890
808 713
642 896
75 506
275 345
591 104
640 887
404 435
428 506
351 980
840 253
134 561
563 417
243 971
179 3
509 710
162 253
515 942
535 458
702 52
631 118
26 246
62 343
282 28
943 865
708 749
27 936
485 852
593 147
397 434
509 429
680 103
491 693
899 391
169 600
4 212
960 893
651 237
851 872
685 402
402 350
341 373
895 457
127 260
772 847
759 937
559 235
981 778
965 704
658 232
770 942
184 543
421 286
539 151
481 568
614 306
779 900
466 377
227 271
312 892
622 174
179 868
698 873
144 409
21 4
647 287
741 64
616 316
714 447
339 567
249 547
198 837
587 493
950 131
73 717
733 764
516 841
837 38
266 803
691 964
854 400
639 922
906 171
505 890
859 839
704 295
771 198
920 193
836 921
595 394
196 918
157 699
780 597
412 18
622 31
860 299
606 782
664 198
24 752
259 180
957 437
278 805
92 179
759 222
824 961
926 753
123 484
615 384
972 201
96 194
705 309
541 380
270 427
266 228
323 288
707 36
306 741
453 594
491 675
551 6
943 463
379 440
940 100
334 239
192 938
395 719
927 693
513 222
721 131
190 494
281 402
814 199
391 685
452 539
234 943
753 149
109 636
627 78
500 473
29 634
575 222
177 431
45 206
783 187
680 490
164 553
348 843
681 623
487 808
775 909
796 54
924 99
893 234
781 113
722 326
861 432
573 698
43 934
554 148
876 76
341 666
840 386
30 885
130 697
950 12
163 970
442 457
610 372
370 753
739 437
38 176
135 837
968 62
301 552
875 309
305 154
328 666
37 232
718 470
24 777
956 914
743 815
908 114
454 81
551 161
881 34
845 60
645 175
370 467
531 510
627 263
10 759
85 391
858 185
903 575
196 75
315 687
243 954
942 658
230 928
836 27
86 19
910 172
126 170
864 649
155 823
261 855
120 536
638 608
529 786
1 532
954 518
513 406
769 805
76 487
683 675
334 621
957 907
797 982
924 957
840 722
546 164
36 404
243 940
755 538
847 305
794 280
206 721
173 354
637 264
797 657
712 929
430 612
34 862
36 657
571 435
75 253
627 952
43 568
132 311
25 846
259 126
462 309
466 968
947 500
949 813
969 108
933 547
207 348
292 775
592 432
753 30
431 450
336 484
445 734
48 653
420 750
637 575
50 388
796 292
107 256
416 550
219 433
202 532
956 635
776 143
632 779
635 188
185 469
729 362
838 452
877 716
287 925
91 251
716 155
609 439
277 801
167 6
186 896
97 880
475 979
86 521
88 269
17 601
453 566
591 385
205 586
921 915
349 822
500 324
230 487
584 226
621 163
514 639
553 6
475 460
38 128
907 115
697 601
669 439
480 78
592 107
432 974
658 373
749 767
624 429
170 552
695 818
457 391
555 304
958 448
62 149
431 251
283 271
268 524
748 441
90 604
569 364
272 458
753 597
537 544
883 281
115 588
334 821
593 589
903 60
580 642
798 274
807 615
33 818
75 687
419 483
754 889
802 160
149 214
578 936
618 330
155 529
484 784
929 434
639 507
490 686
880 26
899 733
536 769
772 162
186 333
882 170
333 42
902 976
390 179
321 149
161 153
161 716
665 125
571 760
831 545
666 209
719 950
779 803
280 313
869 89
320 299
619 705
891 36
926 144
529 631
642 325
770 379
450 37
140 616
545 100
886 290
372 281
246 472
155 437
330 530
936 542
938 213
793 187
117 144
448 878
742 42
571 822
841 258
217 956
821 627
71 707
93 476
845 247
171 392
228 690
284 22
512 460
786 384
841 796
827 30
59 453
593 698
795 898
655 860
743 840
963 922
302 957
362 484
68 234
213 596
415 957
703 18
515 982
552 798
573 639
577 305
902 757
881 904
346 151
341 778
966 598
199 348
971 399
677 291
39 503
314 153
425 295
759 292
501 596
687 301
653 770
106 561
896 179
881 587
547 964
75 291
94 477
97 786
726 66
338 476
482 665
871 145
946 159
197 701
751 250
827 608
177 285
701 476
655 819
78 336
562 898
887 636
817 939
434 273
34 778
898 310
885 75
188 173
813 169
264 336
781 501
840 911
599 495
875 624
822 596
185 657
883 550
644 648
668 508
636 40
206 355
92 771
576 362
786 476
970 129
121 796
274 648
866 110
459 652
499 478
62 38
318 379
462 892
637 7
450 796
388 858
472 305
184 176
677 180
96 583
259 245
133 846
207 203
923 138
711 657
602 967
469 145
949 44
291 657
400 77
490 429
455 418
576 214
533 151
277 899
635 923
28 605
471 98
718 620
420 279
506 562
26 772
388 163
262 59
634 443
503 551
583 386
587 749
362 735
291 222
625 648
440 968
789 954
405 22
779 866
961 859
887 776
528 674
603 557
714 760
345 384
753 516
554 385
203 117
683 815
975 357
975 976
66 656
140 175
269 175
345 305
533 704
527 241
667 908
60 796
8 874
282 424
436 922
967 945
708 470
469 602
192 305
129 172
835 456
683 489
854 568
194 73
916 938
982 731
43 236
89 280
952 101
956 879
257 548
341 31
315 580
127 362
712 449
142 535
841 524
698 850
554 351
519 288
757 309
371 102
978 66
887 28
190 884
14 320
577 401
752 257
608 75
436 476
809 273
169 63
732 641
173 735
281 886
627 554
568 114
95 959
956 614
324 487
16 560
455 876
298 234
556 775
398 382
618 693
754 302
265 426
620 415
414 240
660 232
951 460
736 14
40 187
289 287
884 913
543 462
794 441
958 6
245 729
47 877
158 800
144 350
965 200
682 76
332 755
966 714
903 254
390 471
374 200
853 779
52 271
585 833
664 393
702 780
854 539
498 227
151 319
241 533
69 519
280 145
928 259
95 311
329 495
869 182
872 707
881 588
301 127
194 91
806 681
623 749
954 347
479 809
974 650
443 815
850 805
669 383
190 793
928 551
726 750
529 98
469 196
746 861
364 363
129 39
93 878
296 390
665 712
875 861
856 179
231 21
965 592
484 147
71 955
609 496
772 68
886 174
870 505
891 273
30 240
433 620
608 643
383 350
111 560
772 670
493 608
276 16
404 461
59 227
282 891
662 221
232 759
641 853
486 747
487 333
810 120
367 225
962 825
488 101
513 916
489 775
492 533
327 35
7 731
518 712
973 689
961 109
209 640
111 185
213 887
981 100
693 227
625 918
807 95
684 912
118 216
442 29
356 704
569 619
287 744
400 362
953 260
475 133
8 917
648 451
652 568
887 884
835 288
213 810
126 30
145 442
897 221
332 649
739 859
573 880
577 479
761 298
815 859
302 906
446 367
880 255
196 531
472 166
103 414
186 767
15 123
722 477
631 698
407 128
304 943
11 287
791 692
379 607
86 321
896 744
933 701
861 379
183 932
34 75
668 446
375 523
228 216
729 550
731 909
695 244
454 52
113 536
536 216
112 949
913 17
741 406
154 272
832 972
229 541
787 73
680 141
455 666
749 299
701 521
148 423
194 673
108 886
708 589
15 360
552 242
473 148
309 75
165 246
333 373
778 450
45 246
393 621
339 114
122 366
982 279
858 180
548 275
879 27
880 361
829 787
507 933
495 42
43 477
153 301
911 593
87 34
762 80
801 906
289 829
751 784
475 86
747 395
685 823
491 348
11 837
141 3
417 558
654 328
826 552
556 36
423 31
210 31
963 58
751 862
433 369
587 966
124 878
861 678
418 944
4 51
904 97
278 684
687 862
816 776
600 229
637 373
448 711
177 319
747 800
472 865
761 481
936 967
455 362
699 581
955 264
773 769
26 973
666 34
444 883
249 311
284 389
324 13
858 708
162 627
506 897
182 374
77 598
935 776
38 289
920 924
635 653
264 510
428 287
797 695
583 688
434 489
822 203
883 801
419 548
235 290
630 629
614 782
208 177
850 768
890 821
728 509
449 236
488 908
582 715
806 351
806 906
163 148
632 648
37 691
296 361
630 459
226 596
118 136
29 409
322 846
307 948
515 590
399 401
477 146
429 580
858 899
175 607
584 863
234 434
326 468
832 784
682 617
494 878
723 544
712 681
390 817
27 604
139 755
32 476
360 953
732 722
750 234
825 862
698 468
493 312
681 719
518 203
900 255
791 406
265 287
303 134
165 225
403 33
763 875
940 540
302 127
82 94
293 13
277 648
333 789
635 849
102 216
618 513
766 894
691 877
254 427
783 430
70 378
401 782
186 477
112 71
974 401
294 842
74 929
635 206
727 66
414 439
582 225
842 783
183 174
169 651
811 283
600 438
559 691
868 618
954 589
693 344
434 951
683 121
9 383
167 1
375 238
777 853
970 330
318 439
29 32
195 245
654 26
823 288
120 785
31 793
695 57
151 184
190 646
856 617
598 692
68 924
488 365
15 695
142 293
544 118
474 471
43 757
521 169
522 313
480 620
905 74
136 734
392 19
11 865
247 576
684 493
487 209
911 932
432 453
880 473
592 685
588 624
41 268
611 229
542 207
190 60
267 72
927 627
549 39
143 128
628 608
365 646
684 978
774 409
351 301
867 476
868 470
923 350
728 321
120 697
267 274
35 763
218 242
755 753
886 557
795 213
463 446
194 107
394 633
268 184
161 338
632 481
936 495
293 373
789 250
246 736
262 410
650 827
248 74
619 461
50 439
694 243
779 25
452 393
327 527
589 248
807 257
520 171
903 167
576 222
262 894
193 389
853 868
563 840
603 822
596 525
933 321
260 304
103 457
903 617
711 116
444 703
262 138
8 622
295 937
556 300
789 386
239 575
718 205
906 308
654 596
322 965
205 795
351 798
146 385
592 524
275 296
275 223
3 418
235 409
153 542
864 143
962 969
139 543
661 891
603 396
287 431
968 799
797 37
816 619
701 450
225 359
320 894
47 816
155 813
893 784
454 649
255 701
104 238
646 784
200 21
43 98
577 891
707 948
272 386
468 541
833 903
171 689
344 909
537 812
84 506
609 330
132 276
479 544
451 250
939 966
814 54
586 755
446 513
196 956
623 674
310 273
611 850
258 929
647 516
584 572
917 668
2 158
697 950
900 399
682 105
791 601
157 678
86 950
226 358
20 863
652 334
599 179
580 809
413 905
584 907
549 647
642 340
638 286
785 737
756 103
497 163
297 30
81 857
743 721
176 750
176 51
260 295
110 875
327 291
735 422
972 980
113 294
497 60
628 586
921 182
727 279
965 398
434 112
87 814
329 286
957 560
203 238
717 691
409 564
244 943
613 194
306 28
174 331
724 591
305 168
783 77
489 750
200 407
236 896
660 887
862 596
518 746
112 395
966 954
46 641
690 918
674 556
70 749
923 895
808 91
862 402
366 471
60 774
668 920
282 430
855 362
794 621
855 732
766 807
567 177
753 958
239 927
275 718
114 423
966 875
798 10
870 421
968 272
896 605
128 60
572 325
180 327
778 170
617 66
579 663
749 115
472 655
198 414
207 420
608 267
420 620
973 592
685 585
776 465
922 272
363 351
503 747
361 519
874 484
507 407
842 94
626 867
772 104
891 220
297 8
6 778
705 462
925 549
781 486
344 465
711 542
909 647
381 248
661 38
2 56
863 190
42 322
884 209
922 652
649 844
900 797
671 838
506 874
766 911
845 360
804 787
271 254
938 154
518 341
703 219
814 257
616 312
852 361
150 156
182 192
955 173
309 690
969 186
349 198
222 876
131 610
950 170
501 789
246 397
503 861
301 546
289 209
678 597
826 296
113 376
22 71
888 834
354 569
260 728
320 713
944 78
854 419
50 363
126 873
661 616
416 824
862 864
743 768
870 703
951 311
485 590
399 648
527 892
564 282
541 273
778 802
211 360
692 940
714 747
604 862
822 141
933 843
643 224
773 455
814 379
298 558
503 858
642 312
905 710
665 60
186 594
775 628
6 329
637 456
748 640
638 99
707 898
859 313
914 251
145 641
807 498
437 830
668 788
797 696
706 802
304 816
595 874
784 627
108 270
941 359
662 25
442 635
99 566
256 422
26 613
427 450
952 220
692 126
380 648
570 229
308 956
827 75
828 187
480 350
723 394
720 337
209 654
764 55
958 74
677 383
473 382
200 514
112 356
78 425
528 715
118 197
13 325
157 353
655 861
433 54
373 702
649 389
767 671
725 878
107 899
800 832
107 229
327 582
571 377
720 861
537 713
774 432
421 942
23 35
98 557
482 470
445 194
484 696
303 228
16 435
888 692
896 29
861 773
130 482
916 525
242 608
677 793
813 674
818 120
763 914
468 916
306 164
549 248
1 975
110 12
554 245
972 660
152 247
273 715
980 569
262 721
599 685
361 825
691 211
416 662
588 335
808 376
771 268
931 974
821 681
795 559
116 863
140 640
944 701
945 689
86 691
508 596
553 625
327 394
333 565
883 387
871 276
960 865
102 681
529 83
12 641
622 336
824 60
382 803
673 254
590 825
919 776
701 949
774 21
478 470
464 571
943 872
746 944
361 740
252 570
515 602
933 247
827 771
679 866
955 688
387 889
616 770
690 578
175 579
730 602
400 354
572 610
3 809
305 611
279 481
9 562
818 776
302 137
585 531
140 937
397 821
915 517
475 282
604 636
811 318
443 821
136 118
482 789
182 321
66 596
51 654
446 693
824 398
788 839
707 354
234 145
261 920
499 714
433 3
29 91
731 417
269 802
609 282
540 281
908 960
289 590
615 921
375 78
602 190
903 637
436 645
534 641
702 87
259 603
975 49
887 286
390 685
450 361
674 882
479 784
895 334
660 148
650 271
438 592
275 366
378 489
315 458
189 375
118 263
444 558
545 348
248 373
121 962
305 813
753 799
271 922
694 888
93 731
442 853
314 14
581 369
799 5
323 980
675 11
507 70
112 384
647 962
459 878
334 846
14 473
25 693
264 272
303 977
195 824
896 662
105 891
106 614
37 5
954 961
148 858
777 957
775 173
227 212
83 699
852 299
85 675
692 426
88 227
696 941
620 548
953 724
787 525
974 799
349 132
3 465
739 260
384 99
851 245
816 945
619 743
543 294
512 410
876 155
641 375
56 721
454 892
712 690
510 759
404 606
231 233
958 444
427 794
634 606
359 124
514 760
841 792
883 181
918 67
666 408
945 43
667 692
842 360
896 210
91 454
809 61
917 196
422 610
829 34
270 226
155 360
118 540
598 353
613 275
949 664
490 706
933 452
292 873
96 431
43 703
645 907
543 303
121 972
875 189
378 895
110 64
586 560
630 779
61 516
153 803
280 341
482 100
745 48
330 212
835 911
141 258
567 127
557 609
571 120
293 753
771 618
558 760
170 786
603 200
819 204
657 217
482 929
667 255
34 719
109 980
167 825
918 53
636 62
558 619
388 106
579 290
320 416
193 281
728 711
43 375
450 831
870 111
87 438
514 94
290 491
573 54
494 428
442 101
74 814
499 108
889 385
444 571
619 792
358 401
951 761
806 19
954 248
148 311
187 340
499 678
624 801
363 733
109 497
533 196
256 453
400 780
920 876
814 479
902 657
52 736
282 499
466 116
233 391
486 115
430 732
252 287
417 131
550 103
704 36
293 134
573 393
538 669
43 329
669 437
869 664
906 402
84 682
530 861
430 922
968 349
234 758
606 158
843 376
681 568
944 600
905 218
466 333
88 359
362 967
291 778
91 709
165 146
710 105
381 918
144 258
832 433
420 422
320 656
716 968
218 265
267 277
732 967
509 747
291 580
420 509
425 315
170 715
328 311
726 772
157 766
157 297
674 373
251 121
396 915
2 384
420 332
41 190
938 692
632 247
6 86
445 153
728 96
618 899
2 661
767 257
162 176
824 21
145 979
185 17
441 127
461 324
65 110
266 748
102 638
892 341
512 768
732 716
733 205
608 479
700 512
279 760
975 304
210 138
341 724
964 841
749 461
752 383
219 565
678 75
40 758
972 364
939 182
191 269
31 631
527 786
587 760
285 299
698 973
971 796
841 779
882 577
629 243
959 316
101 394
318 128
393 303
711 780
69 337
877 548
807 951
390 233
473 524
864 977
428 308
722 275
460 202
165 810
193 960
529 27
548 222
332 558
127 587
238 17
754 790
828 702
522 10
299 511
781 815
892 22
893 896
265 889
641 530
749 529
237 327
402 563
421 566
80 238
560 147
870 879
238 608
487 309
418 796
970 849
699 428
918 209
170 499
201 544
501 451
796 757
266 856
980 839
834 6
822 776
288 543
803 797
364 957
290 952
240 371
954 666
96 29
758 515
541 764
232 2
506 26
489 34
870 463
231 353
493 165
718 872
702 427
921 338
388 791
652 836
961 38
516 523
691 333
520 483
734 319
459 493
658 971
288 16
771 591
205 439
297 609
872 4
852 501
728 827
649 837
19 130
661 575
815 494
467 692
397 853
72 761
586 709
309 687
933 490
510 693
421 710
21 833
928 49
981 470
822 530
586 923
459 468
861 259
826 295
384 766
738 133
520 976
23 312
116 206
189 16
273 665
257 98
321 920
340 345
450 572
514 681
399 788
472 133
934 202
557 155
133 110
843 263
318 42
727 736
341 592
727 123
767 340
691 963
109 95
679 215
967 431
464 622
120 637
543 389
9 628
319 9
452 580
197 685
95 859
42 366
107 616
500 328
779 440
581 567
357 332
197 424
805 169
112 368
446 52
799 683
280 977
112 574
372 264
811 657
529 738
473 962
92 980
673 868
27 91
76 587
384 612
167 796
916 86
405 428
532 32
941 170
501 353
320 215
564 720
301 982
505 656
396 942
328 183
382 348
565 129
883 423
470 98
916 411
77 698
44 742
439 583
687 124
331 942
455 70
817 109
226 967
864 824
817 679
943 855
513 333
768 243
950 542
679 306
238 614
757 105
867 82
691 649
170 874
979 726
928 265
35 219
951 914
257 642
238 156
848 48
463 761
653 804
488 740
216 442
362 719
751 870
361 642
147 972
825 63
295 177
212 409
688 536
230 5
717 733
750 828
484 356
23 531
663 854
62 168
355 190
871 377
789 800
712 915
825 139
452 150
474 817
471 705
771 538
68 912
482 325
618 324
943 106
980 652
603 788
160 890
711 90
15 633
300 393
607 5
165 667
935 199
807 738
80 193
243 527
355 562
355 969
46 448
437 56
535 879
389 421
552 217
65 782
622 327
470 357
110 614
863 571
549 319
454 865
629 593
190 211
581 755
799 32
506 652
531 757
36 586
471 773
366 959
753 159
974 581
439 885
776 1
590 30
726 336
398 584
506 767
291 540
220 219
93 526
42 544
791 262
957 79
81 206
524 630
797 688
264 412
429 65
583 21
821 314
182 285
703 285
863 366
131 116
4 270
288 487
703 241
738 494
891 458
709 719
105 337
567 545
548 597
570 237
372 960
677 101
757 270
614 580
231 541
391 463
466 674
251 271
489 8
953 934
200 117
128 242
592 321
973 177
812 164
79 423
429 606
429 41
819 234
915 213
177 814
689 88
269 640
1 895
879 396
771 271
535 165
152 732
505 117
638 296
195 670
141 59
749 294
617 306
509 140
702 762
130 268
875 790
355 689
937 9
648 551
619 838
605 829
503 691
859 468
73 353
238 94
394 579
659 125
116 129
445 75
709 148
34 171
214 199
253 973
471 161
308 709
650 285
839 548
40 432
350 88
922 633
461 406
612 247
210 333
321 259
835 748
503 63
771 963
628 865
510 488
646 64
920 697
405 457
635 363
40 892
716 714
642 354
306 446
911 560
914 949
820 554
758 735
421 201
600 288
223 577
722 652
764 669
265 341
78 254
90 636
785 564
950 303
880 452
497 300
606 436
650 55
780 881
134 689
528 952
619 204
67 155
614 788
892 856
253 966
71 14
471 893
787 405
631 79
98 944
4 197
280 582
830 642
544 653
154 540
85 808
375 73
53 719
532 166
589 328
238 835
376 413
404 943
701 687
837 418
465 719
154 655
563 255
836 423
30 122
124 369
870 856
389 738
402 645
38 234
77 592
20 974
806 706
85 69
268 432
846 881
473 296
436 932
401 142
974 566
466 834
14 498
642 276
885 716
878 806
882 7
560 272
613 506
888 290
112 865
62 787
728 278
28 647
195 740
83 115
532 173
128 118
877 383
352 390
481 410
209 125
152 63
619 924
204 333
346 190
936 775
666 711
361 925
137 934
763 413

927 4130
165 184
623 23
649 169
609 586
139 474
228 815
417 732
56 246
553 216
628 644
357 128
461 555
577 821
779 650
724 588
302 895
301 909
413 243
125 201
36 740
474 451
682 306
612 557
115 463
81 600
630 178
173 445
250 208
587 793
566 415
309 632
53 819
890 503
212 735
377 211
50 27
285 917
125 811
210 479
915 258
777 117
116 296
80 441
578 847
120 811
355 241
122 531
121 521
448 727
186 6
401 454
595 314
589 899
451 927
363 187
716 432
512 710
455 747
310 673
629 231
314 371
868 203
64 252
895 658
512 909
272 803
256 184
645 13
830 604
262 313
281 539
67 860
564 115
196 53
298 114
701 648
561 53
702 17
624 245
630 500
8 45
666 161
764 528
47 148
473 773
162 555
308 107
529 113
56 313
144 73
78 902
166 727
133 693
649 767
814 35
119 187
666 364
334 854
431 816
605 571
605 230
130 760
275 284
186 321
719 729
315 559
358 886
245 802
874 716
675 456
803 722
45 375
219 395
516 163
222 132
645 924
231 889
153 502
448 694
431 534
881 475
1 908
510 745
524 869
169 354
618 21
905 427
196 825
909 221
469 363
670 827
628 78
349 432
167 137
461 97
247 127
624 678
341 289
288 403
803 897
199 248
510 125
292 55
135 735
64 868
216 320
245 796
254 102
38 9
353 663
245 609
746 525
798 66
640 657
412 29
860 399
662 775
313 623
261 918
333 265
335 37
82 523
84 302
444 590
841 224
181 314
682 753
3 560
717 558
479 37
99 897
243 923
732 881
528 502
251 714
360 776
580 821
257 331
757 882
458 693
794 89
206 790
826 733
766 437
242 528
126 387
89 869
1 155
518 835
76 525
170 83
431 83
562 74
651 624
842 905
682 511
653 726
520 803
206 394
709 475
266 615
619 159
41 541
378 515
604 899
804 270
664 686
421 565
82 255
797 4
726 170
104 229
547 347
675 165
70 915
217 79
491 106
588 852
900 360
522 877
7 792
819 64
690 337
194 490
412 514
684 804
731 868
91 171
37 758
719 435
50 668
411 505
79 435
480 386
862 425
882 654
892 758
8 201
9 221
634 901
798 890
675 883
62 708
491 466
704 588
76 905
148 628
833 440
925 751
210 268
393 820
728 828
712 641
99 424
33 176
761 607
199 638
222 209
294 919
463 658
7 785
581 97
804 894
681 694
733 75
891 441
810 612
515 527
61 318
9 373
322 321
272 448
215 699
339 796
153 776
443 425
392 645
214 596
768 800
897 76
661 897
666 470
647 24
827 205
335 362
856 298
669 662
261 902
817 760
305 643
344 524
405 684
93 292
609 715
829 677
171 557
831 348
724 823
778 830
599 287
433 668
329 579
589 154
478 842
796 910
546 386
44 925
216 203
803 580
474 812
643 590
717 54
685 639
388 713
447 690
93 217
85 444
195 658
798 619
483 187
55 373
55 800
494 256
630 349
150 230
78 579
642 770
635 329
170 141
82 653
877 630
181 890
313 434
22 428
599 894
672 300
68 186
51 354
804 313
92 763
298 363
560 850
48 715
637 135
655 715
116 881
60 323
336 828
744 211
689 387
177 172
509 37
620 669
70 876
58 665
883 117
577 88
541 114
563 848
892 599
551 113
272 279
920 419
465 378
629 666
49 688
451 740
356 927
586 361
568 756
15 204
221 551
862 591
66 96
199 792
300 76
675 104
38 438
186 592
742 270
432 619
726 831
397 578
513 697
436 24
607 4
555 607
171 899
61 96
725 867
279 468
857 270
485 629
380 539
14 867
697 437
328 891
248 108
305 519
386 252
99 541
468 792
531 647
767 878
457 92
666 197
423 197
703 344
390 406
281 724
393 50
67 167
785 721
474 825
473 823
136 622
383 427
717 620
538 334
205 450
117 219
925 52
487 505
549 334
99 304
66 294
20 486
223 185
209 16
529 463
848 248
469 89
713 384
824 72
881 614
495 215
844 704
370 229
703 805
823 366
389 888
529 88
674 337
166 245
240 142
220 551
180 217
8 719
337 178
173 257
800 635
31 871
786 15
817 206
297 520
738 161
592 866
243 623
26 101
300 900
544 37
113 148
688 412
269 244
858 866
146 436
2 26
259 34
879 805
120 562
395 176
106 525
314 183
643 757
74 495
519 191
487 851
614 310
745 850
543 309
602 569
912 785
540 188
256 698
811 574
594 194
900 478
838 275
728 410
926 211
507 74
272 538
814 914
430 148
250 845
851 885
391 340
601 442
285 871
415 519
554 710
352 557
385 817
699 511
322 143
472 716
239 816
373 20
778 651
217 774
70 673
237 837
441 271
720 289
4 55
816 207
449 128
802 814
69 162
398 843
698 319
720 619
517 511
3 204
767 364
37 505
259 80
524 359
600 144
102 895
505 153
868 798
487 484
514 192
753 312
93 482
776 134
282 742
597 50
67 490
139 710
411 381
232 394
213 825
394 6
872 681
914 364
369 128
336 573
831 367
798 124
220 31
696 815
89 756
172 554
474 16
147 865
922 827
421 669
921 28
499 8
616 302
392 259
361 724
322 882
414 35
529 270
146 219
133 601
800 188
688 469
927 472
356 760
33 128
4 775
766 5
189 686
798 681
841 489
470 869
467 75
827 241
576 645
224 607
98 386
615 118
28 12
102 592
250 754
252 722
712 919
187 917
189 905
189 255
686 295
501 317
256 866
528 193
782 76
363 308
112 441
94 895
422 474
188 340
405 728
119 633
335 556
726 372
799 326
544 280
801 598
415 754
290 127
697 549
287 614
11 867
333 582
172 306
887 250
780 638
423 75
159 52
733 79
248 176
367 305
573 913
64 21
156 395
67 685
762 907
268 538
160 660
236 166
402 775
296 33
588 802
774 124
637 260
412 172
722 325
924 398
571 439
552 691
713 675
493 674
259 547
759 785
63 782
320 248
478 1
4 62
622 641
326 450
62 619
38 141
81 592
854 422
739 314
559 890
339 415
150 863
663 182
24 133
631 738
741 911
788 315
677 443
1 906
883 276
60 403
80 108
122 212
303 450
285 211
108 538
199 365
454 320
517 792
479 399
44 895
480 752
79 392
734 925
157 302
450 472
412 844
107 364
253 389
860 728
402 493
296 717
281 68
851 29
652 26
582 223
196 430
70 62
604 563
518 269
224 612
635 514
301 266
255 652
801 834
696 766
586 869
158 642
789 192
898 658
407 272
481 142
121 231
46 731
512 870
287 216
732 14
272 628
438 860
493 660
773 151
631 359
75 561
279 308
925 551
69 16
869 455
473 920
520 223
613 825
62 49
725 351
104 263
747 149
499 497
899 622
210 272
441 458
648 355
830 591
542 608
390 509
763 440
606 22
897 434
798 378
151 687
189 600
45 894
136 550
230 314
703 857
811 651
362 863
787 850
639 562
4 168
850 367
188 695
672 402
712 660
649 66
659 217
629 120
203 312
581 853
263 771
549 522
396 718
553 591
628 447
522 185
601 605
442 7
375 919
250 785
674 576
626 680
784 892
440 74
29 893
371 456
460 911
264 792
597 826
29 733
265 756
782 510
487 422
306 686
842 179
806 448
613 271
464 916
697 334
784 691
330 418
35 635
179 638
127 796
222 27
348 95
257 323
719 120
105 877
618 294
340 126
269 507
507 647
74 661
898 716
421 790
79 334
672 684
301 373
527 76
250 792
916 376
787 243
844 448
690 609
81 862
756 21
138 824
837 890
713 676
382 574
182 395
718 617
682 374
665 664
500 454
563 892
436 180
511 720
57 825
295 633
24 121
170 504
660 139
672 287
371 252
125 879
1 545
749 557
507 843
370 397
426 196
657 676
355 141
798 521
602 406
69 210
658 484
860 40
881 674
327 211
824 533
703 426
116 200
298 471
687 334
765 229
363 688
437 800
439 17
757 22
540 650
315 722
429 912
913 504
52 92
220 685
111 499
868 833
850 820
268 238
427 464
688 449
16 330
415 338
643 247
862 9
664 16
591 639
295 18
724 490
448 746
451 646
137 405
179 448
462 195
590 317
187 299
95 188
383 293
9 206
301 504
788 697
713 479
895 464
806 233
699 301
850 924
65 764
745 575
926 516
836 95
693 775
603 380
108 643
142 278
589 758
647 708
58 270
884 323
354 287
882 907
245 791
156 758
149 888
444 551
648 700
41 786
80 499
657 463
688 173
49 836
891 715
785 146
747 842
218 52
882 239
477 756
60 348
685 528
320 716
923 880
229 473
394 443
426 544
836 834
495 801
666 620
744 99
799 712
711 801
897 206
55 738
222 203
408 376
715 144
796 878
746 343
322 312
33 384
270 866
14 727
161 801
335 647
590 811
184 766
95 29
720 623
796 464
9 802
92 521
546 405
481 568
767 442
415 465
312 184
720 213
59 363
243 608
297 901
851 865
357 578
585 748
344 62
752 440
862 192
292 243
114 463
831 485
465 737
374 494
537 76
565 68
659 588
641 169
59 386
920 725
729 760
740 523
409 375
742 787
281 925
545 547
177 585
875 423
219 783
681 419
148 257
900 142
775 455
248 643
338 326
301 797
848 780
19 382
516 365
150 25
353 899
703 424
102 262
622 167
848 507
795 131
917 830
405 719
416 93
136 252
648 317
448 99
670 818
69 413
676 541
680 846
256 192
29 840
673 718
610 61
176 311
564 6
255 261
913 515
772 440
205 180
225 427
758 639
889 111
636 805
249 541
512 763
219 718
91 821
881 138
839 513
633 537
27 144
840 39
200 99
132 224
753 434
135 853
212 3
308 417
697 633
188 608
684 690
902 283
251 866
31 21
498 199
704 248
261 622
496 16
124 427
688 329
190 788
653 612
121 627
502 463
196 686
840 223
553 235
61 622
337 59
729 554
181 663
535 753
351 485
371 868
262 606
873 42
832 297
656 123
707 603
217 436
605 409
589 222
348 730
913 528
903 329
100 509
247 165
84 761
801 377
784 223
324 741
814 750
605 752
510 712
448 34
496 617
835 243
46 878
657 429
513 875
183 356
385 213
114 42
371 393
558 159
760 594
852 440
343 734
34 673
736 337
738 466
242 883
242 316
244 40
778 151
690 446
730 25
159 65
270 124
499 481
793 580
556 32
682 234
135 216
138 722
233 202
249 530
649 171
201 606
806 237
837 369
440 337
618 482
297 390
884 287
494 658
671 75
527 141
486 263
159 359
624 223
770 223
524 309
762 604
120 910
749 215
784 47
52 101
586 544
9 599
916 145
847 529
922 760
562 236
747 168
359 411
197 332
785 395
490 147
770 481
402 762
459 58
723 908
331 107
235 38
886 168
182 547
834 455
494 402
259 355
387 182
650 39
355 823
203 394
784 919
287 236
454 569
661 848
42 634
757 90
922 454
890 204
396 174
710 467
869 718
395 330
38 710
536 817
132 655
921 211
631 264
43 803
544 839
300 248
545 616
247 533
268 465
587 518
606 692
328 646
38 593
30 592
633 330
851 562
709 863
531 662
875 773
16 862
550 129
516 667
519 921
811 224
743 924
197 308
710 629
57 342
391 544
712 379
203 530
152 658
814 723
28 298
907 546
553 413
129 328
274 883
792 791
188 113
687 78
192 488
472 798
144 267
471 861
276 376
169 834
585 511
136 21
743 487
122 681
121 214
341 452
343 288
200 50
697 783
368 601
789 881
497 624
556 924
460 470
923 349
249 349
915 199
573 403
167 439
496 386
556 819
893 879
1 659
654 21
341 235
341 294
625 750
566 721
476 499
703 742
795 65
526 467
395 639
250 669
472 346
680 799
679 132
810 53
187 753
243 886
580 888
709 215
146 791
335 141
809 891
388 744
817 190
601 249
839 926
401 438
112 26
628 659
789 747
810 672
388 180
390 720
192 375
509 77
50 877
344 48
470 791
605 253
643 269
389 323
422 95
760 378
390 798
889 858
924 354
122 446
811 389
299 726
641 892
369 269
237 468
536 448
22 821
351 555
319 424
139 619
375 330
468 856
342 460
770 434
610 897
22 627
28 317
739 341
647 198
45 200
527 238
327 33
697 28
614 440
611 801
668 830
132 593
887 348
27 655
447 453
178 228
362 751
809 587
58 363
223 249
336 462
652 9
653 244
212 59
904 328
765 614
381 758
34 925
78 534
36 294
720 356
459 392
757 225
277 60
172 320
778 12
321 431
376 249
784 859
86 274
287 312
241 208
495 581
61 549
830 141
651 208
584 141
877 142
660 354
56 155
916 257
245 134
724 188
411 190
251 709
86 75
123 831
895 437
805 66
130 346
238 683
563 33
888 445
429 505
424 331
768 114
664 3
378 6
721 54
678 668
172 413
82 616
302 386
777 722
782 136
317 537
452 189
328 430
91 218
879 173
383 392
131 374
336 198
298 583
387 343
355 61
748 869
454 402
201 766
776 240
44 425
834 346
58 437
31 189
757 495
203 297
702 631
296 682
481 463
482 311
745 477
727 178
409 904
694 390
576 924
383 32
594 673
688 136
925 744
659 273
218 412
37 846
222 444
742 338
613 565
361 230
368 715
895 405
573 306
670 277
189 71
648 478
282 695
319 165
581 786
822 878
162 96
733 12
695 757
621 720
341 618
612 53
474 843
521 104
675 495
804 871
489 323
107 804
860 510
665 819
332 801
525 198
610 463
891 522
5 95
180 499
571 392
1 29
682 925
423 169
43 528
745 685
482 605
193 163
701 596
359 762
604 618
808 384
809 444
791 841
921 282
886 516
709 411
603 904
659 652
911 430
295 181
522 203
406 408
689 540
429 793
232 235
892 284
820 33
35 510
115 652
205 381
149 33
776 476
532 755
896 531
155 450
398 6
505 444
231 681
162 411
110 913
769 675
76 187
205 462
336 200
852 414
887 700
876 817
831 394
681 338
241 77
810 886
457 232
63 650
100 128
301 1
801 534
16 580
269 659
619 558
203 111
850 807
707 639
619 411
602 497
305 215
35 487
604 647
164 564
47 750
96 609
832 59
25 555
392 813
852 54
247 266
889 237
300 604
858 608
911 341
456 212
378 889
339 663
878 601
895 906
144 428
366 351
32 831
611 534
579 343
228 783
500 564
925 426
718 24
489 234
731 359
697 443
298 144
845 136
313 15
313 450
169 453
351 30
906 425
730 181
277 340
704 678
58 599
909 256
518 129
519 269
774 31
557 421
284 271
394 788
346 391
807 744
921 380
867 536
133 393
504 18
875 688
469 289
823 381
882 113
441 218
4 378
761 768
616 511
870 759
745 529
535 450
340 751
87 408
678 238
754 183
866 477
833 75
520 557
239 91
297 724
635 152
579 36
600 475
67 1
565 770
839 498
694 531
226 74
827 68
910 452
885 817
134 369
563 468
211 747
120 460
336 83
832 499
903 429
156 821
913 150
912 686
276 368
383 894
65 373
872 343
363 549
552 438
384 344
438 143
687 742
891 11
726 765
19 903
468 229
877 52
454 698
202 578
918 451
593 645
497 43
890 849
907 680
780 698
531 772
454 355
147 15
886 712
761 15
372 480
784 50
406 728
716 399
241 915
113 489
538 193
866 722
582 815
564 702
426 878
184 556
459 15
458 397
249 471
191 875
395 113
586 395
400 447
881 197
899 106
149 663
480 359
748 390
669 246
302 111
361 721
860 908
661 402
475 739
98 720
633 612
394 10
50 847
395 351
704 500
291 75
554 882
702 241
720 640
706 770
105 184
288 284
813 623
496 122
610 624
615 684
355 119
265 136
732 672
375 360
554 372
720 746
306 519
127 685
461 606
830 228
596 239
906 131
29 317
912 529
649 215
622 778
780 434
58 23
313 261
446 43
527 326
287 119
473 463
71 732
609 843
441 681
557 683
778 505
707 322
10 582
564 249
530 876
123 590
694 470
732 797
173 250
435 817
517 205
663 788
379 296
82 70
374 136
380 679
750 290
53 50
489 696
143 496
496 715
613 415
722 451
437 320
139 479
623 129
787 824
110 44
607 877
59 132
23 378
278 555
762 912
302 311
565 499
635 517
426 784
884 864
227 811
619 477
582 227
415 822
220 32
292 917
684 220
633 790
497 496
894 48
798 411
231 864
342 877
163 727
159 376
207 545
557 838
887 451
779 506
47 605
86 520
67 151
767 152
810 354
887 368
190 640
457 315
35 577
333 613
719 102
519 437
235 237
137 287
387 140
231 381
514 529
125 763
606 155
18 672
612 873
756 342
523 223
562 293
840 735
908 398
785 533
498 698
383 407
756 8
595 705
445 101
229 392
215 724
270 714
471 650
865 237
793 888
701 863
425 905
354 33
797 715
763 650
484 700
4 837
659 205
328 806
699 354
441 700
872 291
862 594
563 220
730 641
641 890
15 291
822 209
109 15
255 112
421 302
867 370
574 493
321 476
134 476
211 864
782 180
430 521
435 11
862 443
313 176
518 658
80 426
338 271
411 719
545 784
32 205
876 728
825 77
539 715
423 465
569 550
170 768
642 165
590 400
213 686
470 473
666 577
383 754
4 306
408 272
597 418
374 302
565 713
783 125
640 810
883 768
557 800
58 356
346 22
64 644
588 122
575 896
850 474
499 696
890 709
355 233
69 118
253 36
290 731
221 805
682 841
699 637
904 809
679 530
123 754
781 99
129 44
400 183
626 90
521 546
94 17
804 503
612 25
188 78
151 58
576 462
412 89
416 924
823 670
611 323
921 95
727 904
668 420
418 428
754 329
810 512
133 540
596 612
364 756
390 389
30 172
514 283
618 106
595 89
65 389
46 417
759 31
784 693
747 910
15 68
112 12
458 419
671 438
866 666
43 775
924 735
338 470
814 607
751 18
604 700
695 424
699 486
586 524
846 379
102 219
22 265
540 257
248 866
320 319
347 671
413 900
289 439
1 916
347 826
403 764
152 327
336 228
799 846
14 422
769 5
511 920
822 164
333 649
64 163
483 228
727 743
894 80
639 412
413 273
810 230
184 199
592 68
903 782
189 330
798 764
32 11
433 291
253 674
188 410
100 706
755 663
313 534
354 689
285 369
119 772
355 143
637 796
468 886
32 559
270 830
476 649
789 669
495 1
5 345
265 740
515 55
602 263
236 429
252 455
839 637
843 51
76 584
774 265
443 84
544 794
870 422
323 33
472 741
757 842
373 742
923 607
447 64
857 169
322 657
514 535
456 68
609 118
440 498
514 64
187 216
406 716
206 665
357 152
485 366
436 553
509 632
311 705
248 304
667 297
260 129
914 165
42 176
445 49
34 487
86 569
680 32
721 894
331 675
446 360
390 867
797 236
694 43
822 28
94 13
350 838
96 801
703 779
78 753
392 493
64 858
357 816
840 342
344 848
125 682
254 136
734 61
330 786
847 372
188 526
432 670
265 856
430 130
839 407
589 907
92 210
2 157
926 549
227 493
244 277
815 675
876 143
286 605
417 658
198 180
128 555
259 48
579 364
136 261
820 589
417 276
141 12
841 27
582 340
422 673
169 451
811 410
688 215
281 922
357 825
196 505
91 918
877 72
664 96
522 66
330 63
298 243
196 691
766 46
34 383
508 298
27 631
330 313
575 219
297 560
797 77
283 62
266 90
402 371
434 715
347 506
456 367
130 858
441 651
406 312
565 446
173 611
444 592
892 617
344 378
159 442
6 784
365 734
224 10
432 565
302 232
412 632
434 343
107 711
698 133
350 514
796 867
115 669
42 144
423 198
301 795
925 822
13 476
749 47
236 222
660 520
537 738
343 137
499 222
814 246
445 422
218 287
305 425
181 801
827 889
98 695
687 619
119 526
136 840
599 768
363 902
87 108
270 564
363 114
270 470
7 765
666 88
25 80
338 867
501 437
377 836
301 131
356 805
449 238
303 798
89 51
749 773
213 125
700 597
168 243
519 208
547 419
751 492
471 723
305 863
795 693
851 881
618 83
304 322
606 895
845 669
554 730
441 661
760 768
254 398
190 589
84 208
393 282
399 433
34 422
180 246
183 250
13 211
98 500
284 572
706 10
872 361
601 685
400 80
810 52
107 110
291 720
553 645
883 308
632 425
557 865
834 829
357 746
728 519
676 815
734 770
805 882
548 425
548 390
845 597
591 715
101 533
852 435
503 614
140 540
414 71
329 780
493 588
502 459
63 681
606 183
321 176
563 689
469 104
715 407
593 557
705 810
230 656
726 757
579 835
582 723
840 905
344 819
179 801
570 251
364 886
424 310
314 445
892 431
851 550
195 764
289 166
165 668
316 526
386 219
44 918
705 116
173 566
156 351
395 139
547 534
126 163
715 63
695 694
917 855
256 621
165 621
574 829
151 596
557 689
76 149
483 617
173 18
304 207
565 747
322 687
180 569
87 422
234 918
769 510
15 903
440 308
439 260
231 753
224 603
559 674
393 221
564 565
659 144
215 360
255 858
536 273
316 307
337 154
891 322
551 873
584 314
215 79
606 396
857 243
519 385
902 860
171 226
355 897
373 290
856 922
876 772
772 376
222 601
895 350
320 599
709 105
33 920
713 417
676 563
399 180
756 830
631 162
762 104
891 490
69 693
450 857
714 570
660 466
91 226
298 226
147 875
27 416
690 665
526 286
124 701
543 784
180 639
642 491
743 46
592 289
72 497
761 494
261 85
501 624
926 563
2 755
359 520
342 565
486 648
225 690
665 414
647 545
210 559
726 160
179 285
856 69
237 231
604 296
508 629
34 544
805 655
538 401
152 774
37 208
758 545
246 351
390 545
470 569
531 105
516 921
900 687
189 927
832 722
318 637
283 679
196 823
233 670
381 526
573 709
336 775
775 9
294 515
467 713
858 916
251 110
214 86
492 839
755 123
577 719
829 54
338 838
119 480
265 484
170 112
195 16
306 21
660 872
343 374
916 16
19 648
519 149
764 874
875 169
359 24
733 267
698 799
700 527
416 672
404 617
635 34
249 879
746 99
31 767
841 250
326 882
127 552
543 178
758 428
99 298
443 505
500 1
372 494
575 269
306 787
843 238
96 776
652 899
29 348
820 524
638 783
346 849
108 315
508 48
271 852
685 826
882 782
774 85
47 765
550 373
585 900
104 486
382 4
907 398
559 865
825 406
899 78
223 769
666 335
419 264
460 463
579 899
512 19
269 890
384 492
256 465
829 556
792 600
725 747
211 471
49 464
54 126
14 381
218 728
682 222
828 907
306 848
247 599
488 607
567 163
574 698
606 735
702 926
114 671
518 844
728 479
587 779
625 465
889 890
323 354
572 141
625 105
55 508
38 412
480 237
304 635
158 440
318 427
249 365
657 739
506 715
31 375
509 745
588 317
182 444
438 737
442 748
86 380
226 432
190 698
356 646
570 86
240 482
114 263
551 107
706 312
748 586
622 520
628 442
704 346
632 638
727 907
47 373
674 107
382 683
336 566
383 397
183 288
146 824
193 222
341 728
675 645
837 894
566 340
698 230
203 715
293 656
578 638
96 686
867 138
372 843
830 688
134 450
576 776
568 592
118 478
210 87
691 690
612 563
892 241
211 774
913 364
131 629
109 520
187 56
279 661
735 842
760 358
269 329
166 174
200 485
812 865
16 294
512 846
340 788
668 639
258 470
556 785
116 390
741 320
390 886
37 543
819 862
214 774
824 256
132 595
117 774
134 586
65 270
414 369
690 913
747 381
171 665
911 459
126 74
756 197
726 803
567 748
739 490
107 36
218 33
435 477
789 331
43 541
304 795
177 182
707 190
432 719
414 126
842 160
74 381
202 323
174 405
741 712
799 274
545 664
846 755
425 230
337 647
398 71
793 832
184 207
202 722
223 214
888 536
834 684
200 858
887 769
102 123
51 353
344 277
115 698
453 483
662 692
495 152
152 924
155 463
831 52
813 864
61 467
750 475
456 168
261 162
287 730
4 675
23 332
81 845
741 188
427 857
853 13
854 373
288 347
839 629
436 729
715 683
113 636
883 573
183 444
761 883
779 771
544 711
282 290
717 618
250 165
107 910
164 696
588 893
274 40
790 385
424 709
243 382
100 477
445 380
504 808
484 649
814 828
198 395
106 531
770 446
754 676
404 224
279 76
659 142
853 165
502 61
359 668
52 271
252 328
751 911
171 64
611 898
460 84
226 508
120 871
317 531
818 655
530 901
583 909
778 565
125 576
404 526
254 875
764 532
497 473
388 579
112 597
463 366
229 87
620 867
107 237
750 60
440 274
495 825
704 270
5 620
386 258
249 679
647 412
767 889
527 458
182 189
165 219
275 448
593 205
424 347
45 704
212 877
798 609
684 859
53 123
39 583
578 865
705 111
372 348
379 101
586 119
74 59
698 286
880 920
509 468
613 297
886 217
120 552
160 569
323 23
125 340
841 598
485 654
438 179
385 37
226 924
386 278
499 588
601 456
431 613
672 449
676 286
134 808
4 728
268 399
904 76
905 680
925 159
800 45
694 275
364 607
642 886
454 375
525 160
644 707
96 622
62 772
831 414
408 96
101 738
276 671
194 625
140 623
53 848
917 758
683 553
428 306
69 410
72 690
658 233
53 721
609 747
370 596
900 907
280 788
354 295
856 377
726 386
924 215
501 142
892 720
234 167
904 101
913 887
330 780
807 786
80 786
901 217
922 382
409 238
227 595
564 456
47 292
33 733
747 818
804 417
381 430
915 341
720 625
437 921
73 158
496 560
207 503
356 618
337 650
423 376
302 281
134 828
33 334
565 413
767 58
162 42
698 72
43 373
225 80
231 704
318 697
745 83
800 861
467 169
380 798
343 868
342 212
586 645
698 59
903 411
849 618
846 676
461 868
905 585
653 528
195 233
713 428
748 881
21 12
791 77
78 392
404 326
744 889
236 469
67 322
152 407
913 839
225 18
733 777
733 756
882 14
718 231
774 768
581 401
776 926
63 790
546 867
673 105
175 490
749 393
695 205
787 916
55 231
900 878
663 484
704 672
118 407
320 602
252 188
325 786
492 255
182 677
734 118
270 243
353 892
853 839
468 817
441 156
198 494
255 38
4 392
924 124
637 373
604 98
290 246
378 201
679 458
754 850
540 708
260 852
355 302
176 684
380 225
124 850
395 337
399 834
148 917
55 248
57 696
276 888
131 660
150 709
465 895
853 420
180 197
664 608
644 897
819 840
891 139
117 409
634 53
279 613
619 811
765 574
918 486
773 302
519 371
243 98
5 271
99 124
908 157
552 269
803 539
897 596
9 545
1 66
537 48
791 773
77 866
152 647
190 328
687 259
369 864
175 906
120 234
414 523
51 880
691 379
592 442
775 732
333 585
482 261
890 51
876 7
73 398
56 466
591 84
702 564
59 530
614 650
114 403
616 607
249 589
285 919
107 667
550 342
256 643
304 796
118 131
83 415
356 199
50 236
359 122
163 471
143 670
551 301
472 298
705 530
371 514
493 723
47 114
459 520
196 226
821 615
326 463
550 560
699 797
313 381
61 743
85 345
449 77
327 273
162 843
894 360
252 803
736 684
607 694
608 475
683 667
922 298
779 367
375 710
597 99
105 313
710 837
26 724
329 512
116 226
778 486
302 461
883 102
829 397
127 344
737 362
114 691
704 168
118 53
757 261
269 8
492 832
532 757
700 810
440 347
497 862
265 416
794 73
410 350
748 43
215 385
677 470
642 5
182 202
224 60
370 55
660 390
194 458
180 728
734 680
47 903
459 375
405 287
142 368
190 229
64 398
514 708
87 658
398 502
399 91
717 236
627 905
349 637
924 778
874 678
686 529
180 765
183 576
711 594
98 613
45 42
742 656
378 367
641 150
588 238
257 542
187 754
650 563
780 178
798 529
192 16
548 214
197 768
878 291
92 250
274 501
169 217
154 24
858 545
547 685
509 338
289 173
227 401
892 256
737 526
93 21
224 785
410 348
480 816
410 305
216 470
654 869
17 336
143 538
628 848
420 189
593 322
774 617
42 62
101 394
63 754
358 884
842 387
745 95
549 525
198 126
550 483
222 67
477 610
742 396
917 212
786 631
491 145
881 198
274 492
883 230
758 268
99 714
420 888
744 245
432 651
550 288
584 137
485 473
513 147
15 456
861 448
77 831
425 294
888 330
405 760
687 300
74 499
13 162
325 848
604 560
588 141
606 820
112 99
130 350
129 718
889 361
777 42
192 582
579 681
764 769
125 857
732 295
110 247
530 200
520 260
535 580
46 197
244 577
289 667
654 527
73 316
364 408
609 466
348 354
793 27
777 702
278 605
651 664
248 388
391 598
731 406
417 319
38 487
422 552
332 123
387 45
118 428
225 217
194 397
12 211
340 893
166 194
715 532
455 127
754 553
206 169
460 732
546 199
503 147
364 484
102 286
586 708
71 506
718 260
168 43
150 304
388 475
635 80
51 716
819 899
783 242
589 201
748 577
535 24
115 555
349 720
225 482
416 495
676 879
880 893
504 643
777 203
724 198
765 89
880 7
514 231
648 397
120 49
445 361
175 767
893 533
197 686
842 408
881 24
563 393
131 637
740 341
334 20
586 369
447 832
174 400
748 405
841 141
183 222
733 210
471 895
385 685
207 64
466 442
843 65
380 833
804 22
538 631
807 11
421 739
787 282
706 430
579 184
341 302
374 409
817 755
412 766
395 759
859 344
456 431
469 788
850 816
615 670
501 479
734 354
705 701
531 42
403 37
823 56
897 353
664 607
663 147
578 678
300 91
484 392
232 417
875 713
473 364
878 710
329 106
115 99
132 812
719 872
525 448
248 737
135 427
287 401
356 724
912 594
431 218
126 297
693 281
748 629
312 488
419 396
862 864
388 581
371 903
192 563
389 690
11 803
640 299
549 303
509 813
789 272
898 546
683 312
46 262
305 368
123 474
850 222
571 533
436 309
464 182
22 272
575 282
388 432
482 439
39 177
708 761
69 629
380 736
569 418
625 592
20 817
37 893
61 582
832 539
395 265
83 92
446 597
51 925
677 301
882 519
849 757
791 270
261 783
212 581
357 97
109 918
37 201
58 277
784 56
59 52
24 82
406 621
27 530
546 235
124 451
417 498
872 97
388 866
409 227
799 927
605 351
770 173
273 550
145 745
221 595
493 718
463 745
830 855
850 580
337 671
185 299
344 631
571 264
919 135
78 157
158 678
872 163
926 463
905 142
635 103
677 81
788 639
420 759
496 348
207 262
915 871
69 726
368 213
548 596
553 108
782 96
662 131
424 782
544 497
728 401
266 240
447 206
620 633
797 444
309 233
310 594
70 303
731 141
839 164
625 136
509 839
368 805
231 705
834 877
484 720
12 562
17 856
179 249
398 32
679 572
829 143
152 586
580 811
581 510
135 141
89 740
624 484
71 795
148 276
591 224
529 594
136 478
779 474
608 800
138 891
374 840
13 467
89 418
736 488
386 666
133 36
371 553
227 492
683 165
376 924
483 705
451 757
365 390
592 470
21 927
667 420
608 813
215 902
802 590
217 439
551 916
349 178
259 739
439 682
78 723
517 793
49 779
304 541
908 562
124 488
821 446
683 344
92 879
824 392
2 204
165 768
421 91
403 887
559 464
195 726
925 731
304 49
160 790
180 620
549 234
623 119
399 386
844 269
630 282
116 321
298 108
815 577
572 761
600 707
585 651
621 370
394 916
823 332
219 63
810 284
684 99
479 609
906 616
742 169
305 491
466 35
334 647
624 387
888 362
185 569
226 276
847 235
704 363
44 260
923 358
179 508
323 154
490 918
141 586
594 597
26 776
22 601
594 182
295 32
499 6
374 44
926 265
413 437
578 740
553 285
328 627
681 299
2 675
423 892
777 325
764 38
323 558
408 674
839 3
698 747
54 247
386 799
759 509
482 267
107 195
247 628
674 448
714 686
749 274
877 477
36 835
827 255
277 615
460 342
424 234
444 549
104 558
449 696
67 249
583 832
398 164
570 573
534 559
459 918
704 44
867 424
440 223
836 323
145 701
641 573
270 502
880 813
155 146
775 500
760 499
557 535
333 770
778 324
708 456
571 352
177 253
620 807
380 832
271 278
164 891
808 340
61 749
44 363
192 414
447 53
635 162
70 403
182 249
493 311
534 695
497 745
261 742
523 162
724 884
30 502
51 344
899 316
89 704
463 580
182 551
793 860
864 127
610 34
761 182
389 29
564 26
589 294
198 679
568 530
608 116
59 153
332 89
155 752
335 555
837 800
568 332
434 671
110 361
38 143
55 871
665 412
207 780
99 399
687 534
248 640
157 200
602 58
103 652
269 100
271 832
822 106
201 619
373 16
871 305
709 225
529 635
469 242
444 405
533 851
662 185
277 474
189 925
43 709
101 678
33 753
805 788
807 703
258 546
632 129
723 298
815 613
390 47
871 23
922 597
341 238
72 771
896 160
515 716
113 572
20 88
504 442
204 551
534 438
135 743
752 617
118 622
838 418
695 722
417 124
329 242
82 640
138 190
907 772
124 11
768 724
533 673
143 821
661 322
60 543
666 905
460 5
38 654
643 734
349 897
639 532
857 725
217 195
273 388
187 474
887 330
501 187
284 573
618 624
752 215
550 547
84 695
261 832
334 398
706 207
335 241
677 478
617 314
56 488
38 583
520 279
350 782
135 621
173 314
46 184
624 657
177 450
753 858
680 605
417 388
310 38
256 873
518 657
547 40
564 319
260 766
64 407
547 450
766 111
362 132
108 475
400 292
563 574
554 205
244 408
630 368
462 268
630 864
618 430
690 531
668 787
583 74
199 859
4 841
488 573
669 391
57 247
912 841
216 326
396 793
190 577
476 373
115 687
224 624
559 18
500 808
636 250
705 655
893 346
696 63
491 333
208 865
238 586
497 614
521 481
443 558
188 144
353 538
617 821
119 278
671 709
268 216
329 880
147 396
419 806
63 661
719 65
119 135
157 752
216 478
701 344
647 437
440 828
864 889
833 750
650 492
118 453
679 881
814 603
260 309
318 736
253 216
481 765
74 663
571 191
489 191
648 218
439 658
578 602
762 149
653 599
377 241
160 404
72 577
217 165
92 668
826 284
645 590
408 910
498 253
246 615
134 888
525 40
747 88
474 75
314 626
622 823
879 346
699 285
114 27
39 565
61 658
220 347
872 823
860 489
581 812
503 552
770 32
737 648
437 842
96 799
61 771
577 554
120 480
676 509
567 382
169 119
493 269
884 632
683 808
349 873
890 284
598 526
859 627
239 20
290 204
595 118
730 851
540 537
685 85
833 116
465 623
154 559
20 141
428 527
461 751
195 867
877 824
757 8
400 418
723 152
779 97
627 438
122 100
268 272
380 525
126 548
752 243
437 45
130 337
390 775
119 479
191 5
11 247
674 8
237 704
498 553
859 665
284 890
105 857
694 894
562 146
266 114
624 367
132 371
722 399
188 746
10 653
506 619
484 273
177 770
513 229
822 105
56 173
60 653
477 217
426 861
870 702
246 736
322 176
732 740
487 288
218 321
228 282
365 569
890 447
48 379
504 472
620 49
396 752
532 466
255 30
295 450
242 458
923 224
228 551
185 243
157 40
868 346
308 862
256 263
441 89
837 402
339 192
375 432
610 784
257 312
352 512
259 460
575 754
1 773
797 233
672 632
196 913
786 689
344 164
414 587
473 13
662 722
241 406
370 242
479 916
122 843
211 363
570 105
14 778
73 334
766 549
368 543
443 279
829 297
277 92
375 244
907 855
841 881
236 235
150 540
806 91
330 864
517 412
647 416
301 664
741 889
896 249
491 844
789 439
368 130
448 2
613 302
647 723
635 746
617 651
817 345
893 739
195 656
487 797
553 518
459 464
529 199
315 596
835 614
193 474
191 883
140 860
859 684
658 721
901 282
169 337
388 440
409 853
582 432
605 262
788 794
825 459
274 365
275 51
59 366
761 453
427 841
763 147
505 314
909 689
342 105
606 319
132 211
311 577
224 158
852 686
905 460
500 560
20 349
783 348
276 574
575 442
356 87
158 784
452 117
35 39
607 767
314 114
671 238
701 527
212 74
530 559
31 435
905 783
272 93
275 56
41 912
830 266
709 918
529 304
231 925
749 405
54 702
75 753
331 260
576 442
558 254
445 702
647 150
433 801
215 489
125 150
146 637
646 850
476 398
194 600
849 58
377 594
501 839
559 656
91 848
513 312
451 913
85 753
790 283
24 283
677 43
631 72
426 172
686 269
514 692
428 5
29 801
488 808
803 467
769 199
916 335
511 277
206 509
801 841
540 485
886 541
757 442
765 883
344 17
663 8
861 63
48 239
119 512
176 783
9 156
250 624
148 743
236 579
441 413
411 580
704 277
719 706
135 538
66 232
508 790
415 314
553 823
330 821
94 298
369 470
574 16
62 324
101 620
286 557
359 73
804 426
143 214
401 467
607 423
256 815
920 348
705 525
704 563
131 765
387 267
240 642
658 63
145 25
843 327
798 236
121 848
844 573
328 193
438 593
772 260
848 292
828 278
171 448
372 138
263 496
765 504
387 407
235 728
162 344
146 821
898 324
916 539
530 279
764 651
102 555
819 263
701 419
56 292
477 786
39 613
758 765
9 31
154 91
543 606
909 383
208 179
571 864
457 256
257 163
648 503
761 338
870 668
118 81
335 725
304 701
732 725
712 577
237 498
809 68
757 715
405 746
67 146
7 392
296 587
870 771
690 266

864 4183
431 438
426 211
295 838
497 139
631 488
25 217
409 826
672 6
711 159
489 484
308 101
239 549
419 772
385 660
425 455
322 460
118 57
797 39
603 248
269 25
409 101
734 471
113 84
4 781
666 62
749 191
841 38
571 157
310 259
496 773
614 648
207 226
209 135
49 704
672 792
433 734
507 243
825 384
809 779
59 299
262 209
67 122
357 360
848 224
754 144
561 327
406 175
477 747
503 590
68 620
676 25
714 468
702 723
292 770
6 528
316 514
766 112
670 794
248 382
507 760
583 664
590 754
168 74
848 151
398 483
601 833
317 105
472 139
109 351
36 414
394 388
756 13
480 219
405 207
580 646
860 258
449 314
341 705
107 476
271 682
517 793
263 229
114 595
844 150
225 572
594 765
320 254
374 417
471 662
606 268
775 517
370 537
777 610
63 718
562 334
542 375
158 726
179 367
567 174
821 671
596 723
147 342
481 30
412 626
728 468
159 519
143 130
309 763
645 135
150 80
206 109
837 806
675 433
598 594
499 44
857 97
750 708
380 237
290 24
110 393
112 24
629 120
671 855
741 228
138 68
668 786
72 448
238 301
55 649
24 686
259 114
98 611
662 69
286 857
821 370
201 807
403 504
350 698
166 487
830 590
190 259
743 283
670 9
530 740
638 669
145 561
77 366
80 736
293 538
493 765
303 395
558 665
11 70
719 547
625 657
110 863
53 629
419 800
480 88
387 756
176 150
413 215
159 471
128 41
864 318
517 343
792 437
404 398
540 152
192 54
335 139
12 174
52 440
16 205
181 220
219 409
534 592
284 701
27 182
727 97
621 105
732 551
254 653
741 501
466 484
829 380
575 189
467 423
730 637
395 841
50 731
622 458
57 269
519 528
208 367
135 470
47 16
746 349
250 569
73 448
449 666
402 12
577 319
631 854
210 706
389 786
769 604
121 775
527 668
329 593
455 17
609 554
400 347
521 83
116 81
30 571
448 353
765 423
676 326
56 764
456 737
858 675
844 455
239 149
740 251
762 840
400 668
667 454
358 269
387 254
204 353
623 174
492 476
737 542
476 550
204 814
576 65
426 421
835 625
68 595
46 606
547 320
430 836
108 13
117 816
684 36
831 664
153 33
389 795
467 599
140 220
769 290
644 263
167 410
26 730
524 698
161 199
800 434
109 316
109 135
452 322
385 682
832 414
26 589
196 112
190 135
852 398
630 767
138 802
485 457
198 754
362 843
201 737
109 792
718 36
3 705
25 848
414 304
841 100
182 715
664 555
184 512
477 368
333 459
422 115
492 748
130 237
781 205
474 99
274 68
115 248
422 212
25 224
651 827
447 834
858 205
434 681
804 385
592 572
366 476
222 417
792 680
760 445
321 301
285 757
605 736
658 570
860 514
645 566
98 566
4 131
831 825
709 294
429 85
197 382
713 493
697 427
94 864
203 67
295 187
243 689
652 486
355 510
842 788
747 698
548 108
294 171
476 749
556 407
439 781
724 496
46 220
207 837
674 115
857 657
783 194
563 89
55 477
516 849
739 178
830 278
479 283
669 140
815 221
393 734
802 697
473 483
418 123
45 366
192 431
709 390
766 587
227 573
677 173
127 817
183 99
422 166
106 254
24 77
260 86
391 464
615 657
728 75
585 25
434 417
822 350
163 765
844 545
558 452
119 349
269 722
401 298
56 258
536 524
114 127
477 185
631 422
722 638
628 287
157 358
765 316
330 486
397 578
73 687
198 422
425 265
767 102
299 823
11 225
486 759
196 342
163 103
400 851
150 654
293 258
403 139
591 474
632 297
228 156
302 229
303 788
322 59
803 801
537 423
786 271
578 99
797 621
64 543
541 265
88 288
90 531
306 756
435 565
145 818
368 614
224 288
581 338
522 618
391 358
484 836
486 543
231 103
782 589
283 309
274 259
190 505
82 286
502 213
837 67
714 837
643 652
604 610
611 256
349 361
703 805
407 279
798 11
379 746
548 153
348 167
593 59
539 476
189 219
671 93
267 606
126 291
552 150
623 542
759 820
226 64
100 444
140 618
235 786
254 455
716 406
366 822
827 288
645 361
443 116
790 461
861 175
304 649
818 482
234 19
364 438
774 567
297 260
664 102
778 558
445 217
581 4
29 282
729 764
470 542
492 527
844 385
493 813
487 805
405 161
371 698
229 365
174 486
213 222
798 475
716 203
457 223
22 572
372 491
595 651
137 39
481 523
286 15
608 175
233 317
770 127
292 338
630 719
3 811
99 405
46 723
197 335
726 647
857 421
627 108
863 351
121 388
85 187
14 121
436 360
657 520
644 813
460 834
721 451
577 326
852 523
651 142
728 353
461 462
70 133
499 371
608 406
240 11
238 522
295 800
613 476
44 480
278 539
501 609
176 253
231 455
565 40
731 464
551 574
165 410
479 74
58 241
24 1
152 118
172 137
637 61
854 30
341 185
387 646
534 118
629 321
115 826
132 100
188 9
723 59
619 736
669 73
105 331
547 828
508 814
516 351
336 92
594 180
629 664
480 380
63 70
232 66
394 497
52 245
678 511
771 171
682 441
337 736
45 558
723 226
44 36
82 371
618 65
361 786
86 28
35 228
18 801
826 591
459 753
540 190
210 569
504 87
853 417
452 526
472 783
736 657
348 687
365 519
665 206
115 771
225 327
673 747
374 383
487 403
288 161
17 293
680 611
56 445
864 122
40 23
811 232
760 59
688 381
227 587
230 163
231 766
843 437
310 572
42 637
350 50
831 447
600 158
782 394
285 701
344 231
488 394
221 234
223 719
575 113
136 158
373 479
285 440
126 644
87 443
380 423
420 235
424 238
668 767
151 389
762 116
67 685
584 470
433 352
655 697
508 489
36 526
842 473
110 70
864 113
503 444
793 59
243 419
265 147
580 341
122 528
267 281
747 787
72 68
787 392
769 856
161 571
662 279
331 670
78 531
727 375
638 509
53 637
144 822
550 98
643 284
859 807
310 678
4 322
78 642
483 46
381 477
428 853
567 741
197 138
473 68
130 488
41 264
721 414
225 101
743 484
618 814
412 481
788 658
660 591
723 776
685 705
449 313
213 566
144 99
418 670
60 725
115 47
505 181
54 206
713 454
824 138
419 56
710 302
500 504
300 237
455 461
51 836
197 718
110 684
841 444
88 792
332 734
811 277
80 281
353 669
298 571
413 486
320 353
76 352
757 598
574 52
595 346
281 47
483 382
215 471
545 786
657 757
303 6
856 136
180 585
694 776
127 611
735 3
95 789
838 748
479 321
282 783
466 109
525 599
527 706
608 166
549 262
473 37
682 646
420 177
38 320
276 512
353 805
763 459
642 548
512 457
783 115
489 760
436 334
663 335
318 469
447 809
49 746
371 205
318 65
408 802
113 789
58 69
47 525
684 273
48 677
673 608
43 477
782 503
469 558
90 15
442 257
2 486
184 509
381 741
408 110
831 467
759 150
10 179
823 46
712 660
199 240
474 420
700 827
260 626
812 508
704 471
154 332
728 105
304 230
730 661
782 842
381 307
28 9
611 321
6 478
172 421
732 483
152 600
861 271
151 422
48 458
777 698
650 197
227 620
673 633
601 196
514 832
394 391
620 698
306 357
749 527
711 268
327 295
310 357
476 149
494 673
225 147
233 376
712 80
693 82
288 418
567 498
806 654
366 700
184 627
556 97
391 138
596 643
78 670
100 293
631 441
85 130
175 191
486 245
786 167
858 839
398 225
475 122
361 293
854 439
613 700
652 329
356 427
51 712
805 165
808 87
460 505
484 1
505 846
238 137
274 830
425 300
226 26
263 277
655 226
281 414
567 796
588 757
551 411
511 720
239 447
20 427
24 121
522 216
392 509
301 168
264 856
51 672
512 478
859 578
587 377
474 748
2 282
293 510
169 749
461 365
612 557
191 68
727 459
138 749
51 721
363 5
178 765
359 713
520 136
258 620
761 98
687 334
504 245
485 61
547 14
396 546
589 439
610 796
295 737
96 697
460 186
153 184
242 732
160 529
63 525
568 376
680 850
120 486
278 768
337 594
600 510
585 110
785 9
394 164
716 90
596 152
27 312
628 665
106 410
714 631
362 800
625 603
19 363
168 164
206 412
408 8
407 208
579 611
176 671
73 805
606 328
146 557
844 325
349 492
778 193
190 30
212 562
546 357
414 502
394 515
362 444
141 416
35 165
71 340
383 808
666 353
594 409
237 721
373 737
194 500
639 730
234 391
197 660
860 801
862 496
682 65
631 651
339 542
302 75
397 386
760 559
201 42
798 144
638 127
845 304
288 351
571 840
74 352
402 533
295 663
538 857
350 62
634 152
376 61
672 634
667 103
15 739
254 34
437 61
385 47
61 812
154 721
675 583
857 100
503 121
415 320
456 655
237 427
129 34
313 555
170 356
481 76
82 2
500 789
562 571
122 157
105 502
32 294
141 240
34 810
71 36
593 442
186 593
595 269
560 366
561 112
673 542
12 99
87 275
608 640
37 101
442 663
317 640
346 108
156 853
216 846
587 660
256 201
488 107
775 226
317 838
827 32
800 352
233 238
549 720
549 107
162 255
808 598
533 100
595 216
337 771
48 181
709 160
86 331
363 338
571 237
270 88
254 728
549 418
59 352
94 747
825 806
798 366
47 84
30 770
441 290
40 713
719 744
523 6
558 245
172 746
746 310
820 528
339 506
159 106
327 579
679 245
593 169
421 272
204 608
619 835
355 532
158 790
553 498
162 246
240 143
593 58
519 214
578 654
706 529
48 753
330 502
472 82
120 430
509 542
19 391
75 610
499 29
426 141
778 431
678 811
727 814
304 320
158 639
778 560
750 99
697 85
715 594
548 672
310 159
790 96
793 225
616 3
447 325
654 222
439 296
15 766
471 567
33 753
270 104
60 79
444 238
321 487
249 2
466 520
431 622
729 707
841 326
661 517
162 241
1 543
18 727
293 585
183 254
816 342
337 170
581 396
341 392
623 107
509 567
111 327
702 805
480 169
775 43
425 632
825 536
771 595
600 386
734 66
435 252
181 821
537 804
775 195
717 750
180 316
208 296
245 221
320 12
394 149
436 12
198 600
453 315
698 455
475 287
481 224
540 216
462 11
140 613
103 762
786 546
255 851
573 307
700 406
466 116
759 707
64 432
852 73
426 848
198 689
453 2
835 825
402 388
191 228
67 471
361 355
713 297
641 4
509 299
146 423
491 668
717 860
518 407
825 412
830 389
779 856
634 813
414 262
604 754
128 480
384 847
459 510
424 225
663 801
793 542
525 795
213 126
394 696
423 229
172 739
146 73
439 443
772 544
705 257
456 569
371 273
583 288
822 429
453 582
217 134
311 566
476 188
209 437
374 82
728 845
226 182
327 821
293 349
790 117
518 398
404 493
268 60
796 209
447 626
752 616
270 71
218 316
492 179
296 478
657 99
152 493
775 319
526 132
47 740
117 810
636 647
68 244
159 223
605 496
454 686
698 783
579 428
24 752
646 743
811 235
599 416
541 419
581 359
454 130
492 81
754 841
574 862
406 828
740 767
65 417
211 62
547 440
530 416
305 456
454 70
364 718
455 243
478 344
186 445
612 100
664 622
504 835
210 122
524 485
379 324
731 235
157 511
586 698
842 375
57 456
591 399
99 581
834 656
320 475
835 428
233 783
469 246
823 438
453 423
509 586
166 190
6 756
530 255
692 210
341 428
515 14
711 687
590 380
383 501
540 30
278 557
62 188
561 586
14 94
585 265
782 360
470 251
457 304
311 96
205 733
223 130
400 414
542 740
581 130
229 573
583 674
158 166
567 740
659 639
682 113
42 842
423 6
649 515
501 756
319 524
704 155
520 816
81 686
351 255
27 768
722 573
729 43
198 669
406 644
146 376
716 231
644 68
494 653
759 131
118 9
409 699
321 230
127 240
838 278
133 275
33 723
843 857
201 230
490 397
394 248
150 185
597 439
686 528
669 552
452 612
289 497
290 481
145 801
275 399
423 63
392 653
798 530
547 731
204 456
73 250
643 623
398 753
59 315
206 548
262 193
762 246
671 720
782 667
514 704
641 456
588 260
807 479
772 707
576 126
778 380
46 406
341 244
819 435
541 856
400 191
40 641
19 551
366 281
100 845
82 816
529 406
654 704
791 603
623 814
412 380
702 557
799 581
207 652
279 222
651 785
709 842
450 242
261 706
235 2
91 204
330 857
774 404
632 35
353 518
780 496
657 749
692 175
68 564
659 363
660 347
570 786
510 428
665 574
639 834
171 197
421 818
174 793
91 229
322 171
583 71
567 777
144 481
625 341
308 551
479 506
666 689
813 574
460 682
743 445
118 639
425 353
124 421
606 843
161 728
641 227
861 413
185 612
244 450
576 275
293 668
499 68
228 91
374 339
824 781
198 312
309 784
745 85
615 4
275 10
95 757
571 727
850 33
476 560
255 636
814 857
212 364
231 79
107 453
788 287
298 178
116 755
831 475
120 515
549 632
836 99
93 594
287 94
270 130
471 472
734 440
423 85
648 439
192 15
463 313
211 336
467 244
694 246
624 471
41 473
187 849
24 301
633 820
650 122
707 103
340 18
377 246
735 819
217 759
650 222
39 26
259 333
628 641
405 668
27 754
609 440
235 826
142 154
863 180
612 400
482 241
335 529
601 125
320 456
412 849
219 120
682 739
682 205
348 11
556 89
824 35
722 698
134 596
305 172
568 790
492 567
724 492
797 498
781 296
487 393
157 83
782 147
675 119
237 698
583 92
170 206
584 331
462 501
742 598
88 587
220 840
513 852
843 749
664 702
555 618
592 496
663 432
573 765
762 535
262 641
592 437
548 16
822 723
491 90
417 435
292 409
310 309
792 396
366 267
788 150
824 624
805 197
666 600
256 729
478 840
27 824
49 26
855 53
624 762
398 302
306 604
346 592
311 710
348 332
60 793
663 519
78 470
297 815
409 752
139 849
29 18
143 192
527 697
713 258
179 551
663 457
649 445
685 544
265 420
526 452
710 283
433 461
88 258
574 314
243 380
505 467
739 535
293 596
582 498
149 618
151 290
709 737
139 396
267 557
186 112
256 166
425 501
264 821
763 717
14 141
530 592
603 138
756 156
273 697
811 852
556 764
133 642
742 325
445 859
779 656
672 635
729 638
214 578
287 649
825 818
146 472
828 201
849 513
631 820
355 671
670 415
478 253
766 517
325 284
475 163
705 402
690 185
247 700
214 177
567 8
593 497
844 485
34 703
336 821
791 242
100 434
762 295
12 425
514 689
288 609
275 818
351 541
93 309
118 436
79 20
100 143
422 208
670 375
353 313
158 86
490 760
642 86
793 623
684 701
352 62
206 834
355 644
427 454
709 707
306 611
569 241
18 25
860 816
661 705
186 758
369 702
498 593
779 416
746 600
637 364
394 788
549 251
515 39
364 503
113 131
550 704
649 327
854 226
544 635
746 747
48 586
105 52
777 621
452 303
388 71
293 243
704 235
118 72
194 431
345 630
508 6
164 352
848 176
115 412
481 569
614 317
580 808
248 465
109 42
484 744
322 267
646 712
91 547
624 481
111 797
347 150
41 735
145 118
540 86
377 274
858 626
253 124
200 120
492 110
132 773
388 700
250 72
41 655
584 808
533 592
840 646
592 569
2 24
717 756
249 756
741 360
546 733
68 265
213 821
582 116
315 700
806 353
257 539
459 451
832 578
170 463
855 757
48 213
161 640
798 187
703 328
599 561
304 489
140 71
605 682
256 41
555 250
692 844
560 207
49 749
597 70
103 72
50 852
92 511
833 826
707 714
76 383
546 129
674 483
677 79
823 224
200 786
648 753
26 742
241 448
713 81
602 469
468 236
659 467
92 720
212 393
350 610
595 238
117 3
118 179
190 796
607 71
304 53
381 57
715 754
37 220
370 298
207 50
98 720
25 32
409 734
122 628
28 651
320 385
214 411
640 403
234 774
643 852
751 799
516 59
365 635
208 617
22 489
260 428
796 640
170 482
732 774
549 456
273 815
513 258
131 409
849 300
23 74
64 25
686 612
650 794
819 411
470 139
697 320
516 345
222 485
385 615
171 824
480 382
193 225
71 561
29 411
704 273
343 389
243 504
292 136
610 539
406 826
685 613
395 761
790 320
46 556
251 554
35 230
202 192
173 312
72 815
601 456
744 431
579 143
263 341
503 746
89 159
91 569
845 395
115 376
723 450
339 431
484 502
116 434
472 587
109 362
516 320
863 476
158 43
498 163
117 21
781 782
322 414
635 419
517 495
105 718
565 289
522 754
9 5
624 651
303 431
432 839
144 179
605 550
200 227
165 403
183 63
155 211
46 493
193 758
512 486
217 398
617 363
454 429
594 712
702 114
46 785
595 417
160 117
659 819
35 438
601 127
272 489
306 715
248 824
481 719
600 593
359 682
858 138
698 589
663 409
421 542
133 4
27 116
281 817
636 11
525 547
765 745
217 358
131 354
203 701
58 351
738 461
757 479
522 315
463 690
601 57
395 12
841 409
824 116
128 502
687 62
581 455
284 182
407 291
359 25
415 283
336 423
629 459
565 138
580 350
746 98
431 844
68 10
471 95
491 830
626 352
491 755
713 345
574 456
597 670
377 589
505 187
361 350
196 214
824 599
402 30
404 846
5 542
447 616
637 125
378 353
53 585
286 309
179 807
806 191
510 200
240 791
810 50
683 192
830 49
171 33
494 581
464 634
229 288
733 137
502 395
766 25
859 745
279 854
233 177
366 60
738 253
830 335
631 63
61 392
300 13
231 397
268 38
804 496
770 840
716 511
224 799
460 605
688 499
229 2
68 605
417 594
469 788
54 215
826 52
347 526
530 162
706 203
321 769
49 34
797 471
306 595
40 529
511 195
258 859
831 138
524 648
462 555
446 236
856 659
128 792
398 339
54 497
293 82
556 326
761 538
647 819
227 466
779 481
502 72
160 836
733 399
182 447
235 210
29 263
536 596
253 467
719 340
540 465
134 456
265 399
648 53
805 752
53 296
736 268
2 407
148 39
494 474
459 660
345 318
248 86
620 457
587 333
641 226
348 644
84 307
277 384
132 72
407 342
174 583
799 90
471 245
7 722
765 281
573 633
316 345
488 539
268 834
161 502
491 805
673 841
256 787
421 562
3 754
650 281
246 659
317 609
122 94
214 775
824 620
771 433
699 739
629 248
261 702
81 5
724 812
835 483
89 197
401 638
183 706
132 506
702 17
8 552
471 2
619 79
824 743
215 280
74 738
697 810
312 723
439 848
315 366
119 235
411 25
488 661
621 677
602 446
630 669
722 223
280 118
286 806
433 466
712 494
291 139
623 280
207 402
754 546
590 467
42 45
679 660
446 331
559 93
216 739
800 263
354 609
259 251
98 433
139 4
566 141
698 640
127 46
157 735
58 547
555 163
758 275
778 135
560 379
597 714
339 54
449 673
431 211
180 559
759 697
364 649
383 257
349 604
854 166
354 403
600 337
468 671
470 655
397 677
17 20
473 7
239 779
664 227
185 555
243 374
647 655
651 626
144 716
108 277
490 232
10 112
420 38
169 354
278 753
784 833
531 738
605 311
255 38
273 121
368 57
584 548
171 716
579 46
43 471
626 546
58 669
96 269
98 97
100 154
464 477
395 571
235 629
566 796
165 322
717 789
537 326
186 370
539 128
834 678
317 765
736 594
404 231
705 297
204 730
655 237
376 715
306 180
254 326
475 218
475 641
259 419
541 402
778 51
409 760
31 719
782 13
711 89
161 402
434 720
661 42
361 325
315 63
172 348
797 229
410 722
431 283
27 572
676 745
435 710
679 193
368 329
796 419
788 590
618 280
394 667
750 373
162 226
91 136
844 407
682 54
4 513
565 124
521 76
741 643
668 229
27 279
446 719
255 256
250 826
437 842
309 311
171 422
694 656
702 331
557 572
361 59
190 253
156 800
855 268
517 481
52 132
127 287
183 435
390 861
232 758
410 733
289 593
569 716
90 354
509 246
615 460
807 382
342 45
17 228
554 240
596 160
839 329
462 745
798 434
60 828
789 149
220 555
223 388
204 762
371 555
353 731
262 255
266 271
412 290
585 763
474 369
56 268
628 18
116 814
213 834
549 167
797 70
428 751
527 663
272 790
2 469
365 399
854 287
538 252
539 230
431 399
379 243
834 512
155 650
232 374
835 316
586 361
692 776
217 514
198 49
469 627
110 311
80 331
651 31
857 133
251 146
491 690
787 613
55 436
164 780
719 358
611 809
442 43
646 149
481 92
88 855
119 300
156 474
656 331
84 612
162 442
695 68
588 591
569 610
238 639
21 544
98 735
759 171
282 406
563 324
471 270
430 333
33 242
804 634
108 31
435 684
2 428
457 164
416 718
111 808
596 260
155 246
726 222
799 252
250 184
135 13
569 145
201 788
138 460
536 401
702 514
613 173
390 291
543 310
858 715
859 702
473 290
382 505
147 161
76 329
180 15
663 690
243 456
595 543
357 755
27 801
618 644
618 849
568 46
68 741
859 146
759 786
261 276
701 374
223 283
776 51
558 154
705 422
392 594
83 118
549 57
643 52
143 122
553 241
480 26
617 469
737 295
342 293
363 96
697 461
718 463
424 850
683 693
407 550
743 509
792 526
564 155
667 238
125 796
550 146
258 248
660 694
239 674
94 302
828 650
547 381
153 390
792 568
541 672
328 250
122 191
726 612
655 774
787 736
735 35
738 763
91 157
44 483
82 375
284 388
832 729
666 792
514 223
54 241
707 341
183 407
684 531
760 345
279 78
352 224
10 123
144 280
327 552
309 45
809 652
367 300
168 430
421 836
223 341
596 377
462 16
445 656
863 470
404 604
26 202
236 264
159 353
382 748
608 416
517 810
628 118
151 764
154 458
88 121
731 298
328 818
275 269
297 211
189 282
140 558
547 258
196 444
15 792
182 694
401 234
591 384
593 801
378 196
785 215
20 522
555 339
846 445
188 242
44 143
718 402
688 645
545 473
289 848
686 511
495 70
286 663
759 320
28 301
47 115
348 562
221 316
11 697
774 200
120 593
318 340
393 310
340 94
200 776
863 439
721 524
276 741
852 241
466 340
818 458
711 692
769 377
386 712
723 443
815 746
748 544
673 594
838 642
430 623
694 200
713 644
143 41
54 43
54 407
829 538
760 511
504 61
87 476
641 109
682 659
383 719
739 789
294 675
832 326
578 397
814 474
523 532
461 379
179 660
1 705
628 774
349 145
186 309
719 589
741 586
280 306
671 580
782 146
337 737
545 214
515 447
572 820
645 154
331 571
6 749
688 366
526 578
47 144
651 575
643 551
643 76
630 694
3 736
647 59
23 822
445 469
176 855
31 652
180 764
416 709
402 31
508 193
521 190
226 228
737 709
279 271
767 263
681 30
18 207
474 64
55 573
115 795
829 160
540 840
797 138
357 687
467 556
31 505
491 153
256 290
168 196
132 413
741 777
333 855
27 212
192 218
285 382
288 312
566 655
589 837
92 291
746 679
774 290
79 744
101 571
190 691
671 190
54 126
485 546
417 596
344 564
747 457
316 125
542 354
853 725
503 713
835 29
473 526
365 201
828 717
207 654
207 197
652 342
211 309
838 492
604 420
69 30
175 493
584 325
294 289
595 718
267 659
121 237
789 735
821 24
749 456
508 352
592 627
225 767
533 191
779 682
798 802
66 51
211 531
729 164
210 32
341 642
455 722
578 207
482 291
465 281
854 646
488 582
322 645
197 279
718 843
700 466
39 864
196 467
4 160
515 520
112 789
496 90
763 420
83 522
501 231
512 700
731 602
644 239
701 190
207 437
83 836
688 482
433 99
604 193
256 9
643 615
488 152
315 387
744 452
635 224
743 67
817 392
127 53
31 520
713 52
15 313
694 571
788 706
648 303
417 168
645 568
704 337
634 542
727 5
122 305
231 241
766 51
730 121
291 657
60 773
4 10
775 526
713 789
266 167
838 737
433 673
228 366
361 207
277 703
528 599
99 326
742 342
338 575
654 552
361 140
392 290
108 85
645 238
128 59
540 236
668 380
420 358
494 485
698 377
650 400
544 237
375 418
656 444
713 61
551 848
480 56
590 725
790 358
828 173
847 371
425 646
744 346
62 717
306 716
395 615
291 352
39 13
499 654
759 201
798 369
113 276
432 373
733 864
857 564
719 467
313 19
166 750
540 645
99 335
687 598
118 727
85 757
673 44
486 710
17 558
143 384
590 685
760 763
701 33
426 315
852 179
618 279
61 412
452 491
150 376
740 686
297 436
624 303
546 414
786 39
7 604
164 407
497 24
294 790
501 771
797 122
429 116
16 394
512 246
364 78
76 576
205 537
573 756
393 284
155 678
155 696
235 270
236 400
755 42
369 347
443 790
62 620
210 397
393 227
412 446
400 35
111 191
498 144
79 294
281 718
653 637
636 795
532 597
566 129
415 469
401 497
290 817
3 674
795 673
794 347
799 371
175 437
625 696
380 259
360 252
221 769
518 645
560 623
390 859
726 43
175 239
858 311
553 441
71 695
743 77
202 11
719 482
497 426
377 462
228 580
445 657
133 445
713 780
863 500
528 303
580 256
428 21
741 846
105 507
244 267
518 221
333 721
860 637
590 857
240 680
22 80
61 576
776 596
784 425
319 333
672 517
344 1
861 612
492 429
93 410
220 262
239 26
41 103
539 224
775 643
351 838
473 403
817 743
308 176
821 316
87 413
788 638
678 245
187 775
26 651
387 595
284 666
247 518
50 103
205 736
510 730
313 126
494 624
553 423
861 37
696 238
715 186
326 802
38 792
239 178
386 642
738 751
834 859
690 371
746 162
837 190
717 758
106 261
469 858
228 419
238 382
718 595
596 510
689 692
100 176
707 360
344 748
492 765
755 714
347 585
88 43
494 829
856 733
835 771
226 439
306 207
716 121
111 202
171 180
528 217
267 594
798 325
686 565
523 78
206 613
141 191
213 519
564 383
602 182
430 775
454 52
103 437
682 347
5 566
335 339
779 754
753 159
443 795
362 415
566 436
272 368
695 720
239 823
516 531
95 435
299 28
567 743
484 685
175 93
642 364
770 386
220 461
777 295
521 102
560 391
83 597
501 302
66 797
194 326
584 576
140 654
119 243
146 847
860 658
533 348
58 3
68 322
481 274
63 564
62 465
72 767
338 424
808 784
862 249
537 215
389 197
801 141
548 328
123 478
220 642
149 548
600 152
422 151
690 110
428 721
515 568
92 722
382 481
537 446
186 736
443 367
601 550
727 503
798 605
13 827
179 47
803 530
733 717
295 732
4 194
9 376
465 4
563 776
44 837
358 713
782 554
468 643
56 551
825 159
756 529
113 480
666 598
400 622
703 154
118 494
245 841
46 481
123 4
451 371
304 751
829 391
329 645
435 810
266 441
480 566
652 436
341 54
291 705
27 689
443 522
776 488
595 556
483 326
763 197
483 620
176 444
629 373
553 218
29 223
505 729
529 692
569 647
179 536
489 220
495 3
703 756
225 669
617 568
523 571
430 780
16 262
107 849
255 130
663 790
102 86
31 791
636 642
769 359
717 105
87 42
149 82
197 344
614 174
427 784
486 317
87 337
364 698
54 410
347 396
761 9
353 616
116 780
230 600
157 344
124 301
764 689
409 727
328 826
75 262
180 102
93 614
826 175
684 79
557 215
211 432
545 621
602 630
507 742
570 607
679 124
42 846
262 159
99 582
703 281
227 80
726 417
232 592
466 747
13 96
604 773
272 491
402 204
684 288
613 748
63 112
504 538
673 132
399 308
612 812
806 791
329 401
606 597
758 799
426 28
482 538
2 671
211 639
748 719
602 718
53 662
536 827
169 822
223 143
282 357
788 350
483 536
14 739
270 84
272 792
38 591
147 779
4 477
406 532
297 800
720 472
464 645
671 583
727 554
67 237
833 696
179 410
213 67
271 426
735 241
348 149
186 104
405 202
173 648
543 84
673 157
485 471
734 425
391 726
4 694
698 312
683 36
794 855
209 413
541 820
800 205
840 447
108 677
71 382
733 743
419 627
367 580
206 340
849 223
618 457
600 852
360 471
590 179
792 102
792 475
423 179
614 703
173 213
523 669
428 402
582 354
748 433
515 541
148 196
856 311
349 320
280 575
499 693
153 362
262 196
798 282
655 695
214 589
69 139
665 570
480 651
744 29
856 428
103 156
819 663
435 299
644 384
615 634
779 200
377 709
177 574
575 502
343 322
16 764
163 40
716 50
97 137
424 199
740 440
464 46
814 777
37 739
66 219
818 500
565 307
416 321
486 563
746 641
347 379
330 273
667 335
26 54
762 835
32 731
29 704
212 352
661 19
305 423
142 143
770 588
221 803
720 142
258 526
152 53
379 194
635 840
418 764
83 40
46 412
395 529
529 838
216 18
624 324
474 416
534 177
827 185
92 838
171 384
616 531
30 842
727 576
172 163
450 770
587 146
552 368
301 317
441 248
393 493
424 64
689 582
302 638
362 339
838 33
670 673
695 23
238 588
314 645
153 769
778 410
65 239
711 552
68 574
624 807
731 605
201 13
246 90
672 594
801 527
859 330
510 144
292 760
668 364
65 193
445 336
561 818
629 375
827 632
347 655
574 521
757 247
760 250
86 368
834 183
284 148
12 375
488 402
829 368
425 391
244 314
318 513
543 647
106 295
776 588
554 754
331 352
482 569
48 500
856 385
712 646
380 445
269 415
750 759
554 645
225 281
805 489
595 149
138 205
822 773
531 37
737 166
645 85
81 826
337 336
779 441
636 345
724 175
174 445
38 264
391 58
775 836
417 344
218 774
788 246
241 199
441 338
773 817
387 138
351 656
318 520
507 504
78 662
342 520
863 788
290 149
689 655
30 859
709 415
13 205
415 713
471 491
509 788
88 780
294 766
579 498
729 639
525 317
358 470
750 820
89 835
805 194
733 613
754 682
574 571
778 36
373 192
421 826
838 577
89 70
716 851
143 673
521 658
221 577
277 266
177 704
265 531
547 484
567 598
213 728
568 404
643 783
623 630
534 93
175 571
244 194
798 136
840 820
45 544
434 29
191 444
366 597
534 646
663 140
741 567
408 373
562 353
601 778
675 578
159 8
15 456
254 78
466 189
818 573
466 691
656 314
603 30
650 347
145 752
293 125
721 740
739 5
171 711
758 665
77 591
636 478
252 820
206 231
569 19
328 341
184 420
681 810
185 813
794 30
633 46
744 402
186 339
601 85
86 673
452 545
52 46
741 293
148 407
58 481
812 475
225 727
262 363
338 5
391 13
304 189
450 180
180 138
60 756
519 842
508 699
433 374
228 97
798 472
708 811
526 310
624 747
103 109
733 829
37 299
81 190
247 158
528 57
561 575
27 40
583 464
234 801
454 59
20 626
40 336
24 629
4 382
648 450
49 595
536 50
305 681
235 511
292 433
323 59
574 299
481 549
61 236
134 226
95 458
817 428
301 754
507 450
61 613
347 216
358 344
511 156
792 531
846 533
612 298
584 256
711 184
785 724
146 295
806 84
244 755
188 59
227 487
338 213
200 539
701 533
159 284
256 85
535 170
760 494
352 89
647 123
227 372
620 358
304 242
512 262
107 218
465 451
105 731
18 841
441 405
379 349
208 205
686 157
763 555
528 75
32 786
785 572
162 242
533 822
109 666
76 647
103 465
332 537
616 318
525 231
301 624
433 524
50 90
587 144
593 79
802 829
315 833
465 582
814 688
780 443
284 432
412 253
251 79
766 169
767 37
808 383
607 113
294 642
315 68
779 757
688 469
391 694
730 678
387 490
474 262
533 121
129 408
310 413
457 32
169 109
5 582
45 665
107 106
733 300
116 115
718 640
432 846
495 371
543 435
172 200
645 71
284 280
211 856
50 525
774 769
354 468
707 539
65 466
46 108
686 669
659 758
325 475
668 449
95 298
100 362
756 852
836 422
140 283
692 792
513 410
43 28
822 241
233 621
623 768
863 122
437 712
677 141
684 677
152 483
812 516
635 171
636 192
467 64
272 764
14 695
523 5
477 700
349 743
209 124
462 627
28 535
642 146
804 464
647 458
606 529
802 790
517 506
377 549
308 464
356 766
655 762
159 267
90 469
290 102
148 451
58 250
442 695
151 29
154 649
86 708
360 312
474 106
739 698
538 563
760 202
481 500
444 248
229 265
670 481
103 751
324 744
474 672
364 327
522 778
365 666
386 33
188 328
578 663
628 348
229 853
529 145
531 791
590 374
442 376
80 11
735 5
356 741
215 224
694 166
328 820
475 496
311 110
683 532
667 395
118 486
746 171
194 398
430 471
808 686
612 339
72 382
498 79
116 546
172 455
300 140
301 282
619 374
768 710
273 611
307 391
495 548
157 798
599 729
371 328
214 569
696 861
640 570
436 739
831 459
418 511
241 128
168 604
207 458
210 304
265 400
232 264
430 800
451 38
827 745
249 241
544 859
444 580
842 330
184 679
748 608
390 463
567 285
330 729
754 666
331 520
648 371
298 379
324 178
383 287
599 409
269 298
839 468
189 243
135 91
420 408
88 613
408 851
124 99
71 574
492 68
57 396
272 433
600 658
387 858
275 187
853 461
84 827
433 434
682 234
399 201
649 483
741 434
741 108
7 818
12 708
125 258
658 828
176 158
661 652
719 591
207 241
346 140
230 199
267 75
487 33
814 502
570 352
787 218
18 594
57 70
96 231
486 792
798 19
84 294
428 555
584 156
34 165
785 667
751 272
114 405
382 365
493 75
476 133
777 174
781 345
412 215
505 755
346 213
531 334
608 711
128 81
114 275
184 390
49 46
840 624
434 394
693 663
612 680
760 230
838 368
394 271
145 634
732 148
35 414
75 367
41 389
382 662
760 85
760 522
136 548
323 256
505 208
301 671
253 840
90 1
643 480
457 341
114 580
5 56
8 169
383 525
379 843
842 47
576 828
773 766
474 847
297 640
818 78
320 122
193 492
66 530
147 620
841 392
287 560
422 799
789 355
683 826
182 32
709 822
763 447
730 774
593 9
550 371
638 778
239 726
722 89
831 4
356 228
547 459
820 352
363 279
550 57
419 92
241 537
738 687
703 643
134 784
639 860
491 350
272 767
809 591
448 397
250 683
401 51
847 289
861 814
435 791
827 610
369 159
331 12
666 153
310 248
376 253
178 450
235 680
108 442
329 547
375 248
607 367
386 682
692 393
795 711
558 282
726 317
253 681
488 657
603 767
488 315
480 832
768 157
329 396
40 740
5 741
828 850
230 636
428 679
478 289
141 432
355 299
255 411
202 686
241 54
648 6
226 143
815 494
740 457
68 331
340 560
785 18
363 487
217 99
590 720
845 120
424 812
169 373
57 223
815 800
49 162
527 75
753 44
12 282
700 557
76 138
511 833
79 592
223 334
387 814
176 742
188 508
841 815
857 716
348 544
730 85
738 673
578 375
227 350
177 12
215 123
35 186
843 477
623 720
119 80
348 83
815 503
337 604
728 689
382 470
683 801
81 825
100 440
283 191
138 662
360 69
622 285
398 715
554 30
416 767
481 762
228 452
727 776
106 850
231 516
658 573
142 205
440 663
682 378
4 821
149 122
465 753
805 846
325 767
736 276
183 700
703 218
172 504
101 430
781 572
638 159
433 345
507 318
549 123
235 408
570 208
678 337
754 286
592 205
738 36
524 687
243 643
353 476
305 298
470 54
561 744
772 80
97 594
495 11
685 530
300 267
801 125
450 69
434 139
140 206
240 433
144 532
383 517
595 499
338 848
706 383
638 327
357 103
417 178
703 36
364 223
854 786
738 433
615 343
81 147
128 366
791 43
669 277
728 388
28 565
340 263
286 138
238 52
572 743
757 519
370 267
759 807
387 334
650 226
45 854
155 119
138 389
48 592
606 171
674 252
783 427
111 565
828 387
423 484
724 295
145 221
485 187
815 360
90 813
4 736
205 288
256 572
756 173
751 599
488 360
741 458
62 192
861 842
748 108
497 675
739 188
668 571
463 83
780 311
799 32
695 257
713 762
811 89
698 270
538 321
8 769
819 421
249 281
487 510
508 148
135 258
338 202
420 309
668 33
369 592
581 131
565 380
227 334
510 12
229 94
102 804
659 574
325 746
698 49
220 74
386 638
243 645
636 180
602 561
620 298
786 255
575 360
382 825
53 839
658 421
114 682
762 782
318 495
854 214
70 705
128 653
418 20
555 573
384 721
683 471
521 299
499 364
541 280
191 659
470 405
552 36
591 82
370 707
354 25
150 141
634 183
773 530
160 562
269 529
37 250
844 766
832 835
709 3
231 180
769 722
252 31
587 273
473 145
493 814
41 437
630 90
831 560
9 156
594 308
321 520
857 59
233 702
813 576
273 535
36 450
386 196
208 423
7 468
84 852
211 604
50 857
303 633
605 137
860 183
771 372
310 144
20 491
276 32
704 230
117 484
580 601
751 83
285 793
342 289
240 228
179 692
236 502
311 793
221 326
259 185
443 820
124 572
451 276
452 686
15 362
214 800
738 138
58 613
220 564
207 585
227 602
308 287
70 132
842 574
844 270
351 587
294 811
36 807
263 210
122 34
305 578
461 862
231 606
89 475
52 713
238 270
203 216
699 404
722 171
794 556
49 8
714 266
770 488
369 382
195 145
305 362
399 765
340 435
649 460
235 728
346 38
221 496
494 214
231 820
522 101
126 527
372 313
564 403
764 176
800 505
837 337
178 389
273 84
661 449
61 689
130 398
605 103
631 570
802 750
696 831
53 697
259 579
810 849
704 697
781 762
730 681
820 96
280 112
753 131
718 864
287 643
848 153
595 10
613 712
392 442
121 407

972 4812
449 226
638 865
741 615
566 567
915 659
167 13
39 719
613 760
119 932
249 333
283 682
232 72
420 147
378 740
911 178
276 306
454 140
808 27
205 480
354 954
960 257
940 418
725 15
512 89
488 353
434 88
553 406
898 52
755 421
39 420
71 962
277 17
875 244
502 204
143 529
330 735
19 639
340 724
612 201
942 958
871 653
144 535
90 248
817 634
553 580
290 781
782 106
189 361
166 589
151 641
957 334
460 874
409 771
476 231
782 651
713 640
143 855
115 39
334 857
944 772
230 281
686 845
764 904
432 310
195 809
528 397
660 307
418 162
882 511
645 410
365 948
646 335
6 528
26 313
227 197
120 9
320 22
263 334
670 770
483 720
876 299
396 155
501 315
968 673
290 488
933 460
646 576
167 946
60 342
426 687
776 862
483 850
691 182
123 389
729 802
217 39
3 483
804 173
197 508
297 846
35 53
82 400
233 501
485 428
600 201
768 845
1 435
99 480
19 866
611 9
367 968
758 424
575 674
456 950
836 959
49 475
32 381
860 567
748 355
641 98
720 912
646 872
37 901
295 225
275 593
116 898
706 702
525 485
189 38
472 686
284 926
163 60
199 735
57 468
477 622
738 440
294 561
479 416
742 401
545 383
613 188
323 377
144 517
552 215
384 77
219 312
886 164
572 823
132 401
481 785
904 31
688 353
284 819
479 819
197 918
264 317
274 190
610 891
310 662
85 658
156 142
268 800
620 730
216 876
788 577
716 422
211 155
681 874
521 208
316 564
97 233
721 461
556 865
767 256
677 477
217 412
146 23
700 914
737 152
738 435
481 620
851 144
928 947
546 638
325 532
547 245
1 584
127 589
229 360
403 749
940 605
151 859
666 639
615 861
108 807
656 163
305 527
858 152
767 102
948 652
291 588
571 475
919 342
461 719
395 458
815 618
944 60
638 273
196 268
270 181
154 124
534 188
534 810
918 512
668 280
557 716
817 403
212 57
639 807
949 763
271 883
162 507
21 643
873 226
464 202
118 31
506 615
770 731
145 868
513 841
572 709
849 773
629 788
649 315
723 796
687 722
372 355
392 300
671 708
892 23
692 180
323 500
896 722
714 121
753 383
310 356
242 819
60 245
298 58
136 209
361 238
462 454
840 794
125 70
693 83
492 133
453 278
582 282
970 298
725 157
547 296
948 937
665 731
628 389
247 113
704 770
464 620
375 787
376 691
433 755
848 936
16 79
15 418
971 127
630 464
674 510
529 80
140 11
582 950
35 656
768 158
409 77
348 275
650 968
461 12
743 544
263 737
972 125
657 256
253 851
401 737
92 419
541 28
718 411
458 120
259 658
336 629
621 450
923 30
779 543
957 758
737 230
584 400
658 340
624 7
861 806
236 898
422 839
757 245
884 483
940 768
562 952
316 704
691 292
802 426
591 935
201 510
664 439
896 158
466 35
518 958
345 296
622 765
928 508
577 452
13 833
550 40
733 840
882 386
256 441
202 784
648 32
81 542
346 389
942 781
232 506
82 903
292 383
468 668
512 293
859 555
508 224
865 768
922 818
810 799
852 364
428 814
379 373
955 967
351 525
424 378
834 140
799 930
282 155
219 77
312 169
641 9
742 758
457 248
406 237
338 674
852 405
146 587
103 45
766 759
431 223
566 293
569 7
512 613
83 665
827 260
20 667
143 416
214 332
722 543
300 746
758 667
193 350
49 497
706 716
605 934
569 701
16 587
254 58
292 390
296 14
59 751
631 246
557 751
463 266
856 57
819 431
902 18
34 931
732 270
602 110
843 277
720 761
198 167
719 965
149 466
651 964
300 520
120 169
410 565
909 557
552 161
715 866
493 730
921 448
406 174
929 531
157 802
177 527
584 167
965 923
322 911
876 823
329 167
858 701
937 39
258 423
21 633
712 256
890 1
454 684
835 640
565 641
490 806
897 772
480 690
438 627
165 921
773 436
205 743
573 866
772 354
890 455
318 164
481 26
538 810
125 891
490 223
208 29
271 374
250 390
239 312
955 123
901 235
830 195
422 47
431 303
284 841
138 844
748 312
586 504
14 577
327 805
662 829
4 661
96 549
769 255
20 781
615 887
514 964
729 464
471 689
755 592
882 120
847 565
574 343
595 814
390 675
407 515
946 246
86 679
801 553
434 607
805 956
934 442
387 636
276 560
914 71
225 76
328 962
15 931
344 656
12 685
364 358
679 665
363 863
665 717
350 273
26 574
479 504
390 406
338 329
339 557
305 912
59 139
166 647
814 833
553 941
581 300
732 640
675 683
96 114
935 853
790 551
314 330
298 695
922 91
554 884
964 128
761 788
470 660
417 536
567 293
860 337
702 963
162 310
756 632
558 103
887 46
282 233
67 885
835 456
655 902
912 352
633 920
308 901
725 887
222 498
12 735
449 14
481 660
392 729
851 767
835 2
339 105
375 304
305 348
731 471
489 834
152 915
938 281
145 962
498 733
436 652
299 916
746 161
105 63
675 336
272 690
148 560
439 788
684 111
704 224
705 22
20 67
815 546
959 649
48 393
68 271
105 515
519 460
387 274
514 97
456 596
934 436
199 923
41 689
730 320
10 384
728 491
798 114
704 661
565 781
124 467
786 554
17 133
415 485
202 395
864 319
884 122
406 17
136 533
691 197
674 151
838 116
198 697
164 438
237 296
130 738
421 33
314 237
922 492
465 15
230 947
113 322
512 213
507 622
932 72
861 62
93 489
661 37
75 453
259 43
575 529
22 958
704 16
29 354
859 968
364 488
361 712
223 938
24 756
789 14
808 660
906 766
869 714
810 299
598 886
481 480
931 1
423 917
951 66
958 8
574 17
297 414
210 873
937 453
410 167
871 811
836 351
859 803
508 179
163 888
399 123
490 203
792 221
39 623
888 945
81 362
811 300
671 208
534 937
231 914
399 317
476 929
148 454
147 566
312 374
78 681
118 490
320 605
299 787
831 502
467 57
587 874
593 235
157 677
213 834
632 762
119 834
155 269
802 99
966 24
472 489
184 672
477 464
387 261
580 877
690 86
301 770
122 372
413 435
803 448
495 752
876 730
400 605
347 435
314 834
701 822
133 601
152 643
837 828
343 717
159 832
733 944
420 704
534 707
611 98
187 33
8 450
261 503
358 10
89 153
658 666
110 204
475 449
801 370
64 47
943 856
944 307
374 138
691 756
506 569
232 98
767 508
255 40
20 886
310 909
419 260
460 423
530 130
836 333
731 88
427 225
401 460
61 169
376 403
8 805
575 703
476 430
300 437
67 450
195 153
748 161
490 907
777 845
110 819
348 567
19 529
240 605
732 383
629 518
887 750
462 794
490 887
783 467
197 732
571 745
842 771
772 267
590 656
724 441
542 192
447 713
680 69
949 535
125 810
953 921
53 931
743 880
700 418
132 855
349 759
867 28
517 808
277 1
155 493
304 403
31 832
654 776
881 121
266 615
142 146
673 540
425 898
79 387
581 845
360 788
909 710
713 477
197 564
953 891
292 349
220 142
129 743
623 56
47 945
525 950
584 78
125 178
199 154
379 743
611 298
918 186
169 80
835 69
814 328
84 540
341 906
545 481
696 759
897 177
272 947
883 673
798 586
569 260
523 298
204 716
671 744
163 230
13 803
570 771
625 115
457 567
646 867
187 455
887 905
557 519
906 257
691 557
637 842
218 722
223 573
574 367
886 13
45 611
82 751
838 643
638 776
839 306
126 406
235 448
734 227
473 512
2 310
917 394
780 844
26 711
226 344
501 812
279 281
266 828
374 821
892 344
378 655
233 200
553 750
830 470
239 377
663 60
940 615
609 696
637 278
547 18
583 261
472 624
804 502
612 713
918 927
23 391
498 801
575 555
442 217
99 648
855 895
489 367
470 475
818 493
489 588
865 430
593 140
51 299
668 853
920 724
579 274
129 883
762 459
691 675
248 422
530 287
142 564
749 831
660 177
54 320
293 904
538 88
560 944
392 343
121 127
857 248
832 132
840 874
544 26
522 500
888 727
951 955
355 848
47 622
601 195
264 27
695 179
515 98
528 824
935 736
295 257
145 376
488 137
123 807
967 862
142 314
25 932
491 955
129 348
954 551
209 153
721 368
115 53
904 853
446 347
833 903
912 843
398 786
272 610
881 106
607 686
477 639
24 154
336 535
795 461
959 460
9 797
376 685
926 450
795 927
823 70
32 76
607 352
141 513
591 529
152 382
886 313
135 605
375 607
619 158
527 313
855 156
675 215
894 610
769 14
405 868
311 930
422 505
154 292
546 687
674 389
711 445
212 837
344 202
664 734
184 627
611 140
481 524
647 513
552 501
891 89
545 526
178 548
505 620
327 766
623 829
654 788
314 74
608 629
906 694
545 257
515 630
657 914
231 643
514 829
87 709
509 498
73 289
438 950
756 98
385 592
333 343
762 868
205 28
192 871
657 728
875 33
711 112
703 622
8 894
75 729
403 762
135 692
544 694
779 106
758 282
618 619
788 339
802 201
348 402
362 720
642 958
221 432
148 43
131 21
774 163
76 326
501 927
10 52
449 764
922 827
167 694
626 417
607 193
239 300
185 570
39 718
358 234
557 322
150 888
923 757
613 450
212 191
486 633
278 960
880 225
237 337
294 343
224 842
585 350
709 258
378 428
395 838
378 530
380 242
589 7
516 105
40 802
257 629
585 739
739 504
922 590
607 678
525 432
12 197
196 378
566 466
570 100
553 484
865 925
755 32
717 681
591 462
415 145
560 18
959 362
446 332
341 122
824 679
13 276
36 901
897 365
440 955
786 418
204 377
193 360
26 159
373 694
822 449
283 740
252 109
361 798
401 588
51 387
170 200
812 271
905 769
358 316
88 507
288 781
463 547
456 383
71 557
773 545
580 931
651 367
767 392
871 960
49 496
595 389
766 327
127 252
606 812
852 185
627 681
1 491
834 749
208 228
852 514
887 726
615 493
946 635
584 596
513 466
297 585
253 300
326 631
186 170
646 91
463 438
377 796
38 408
591 205
782 156
677 330
641 437
916 437
518 33
723 644
615 889
523 768
321 293
377 448
231 575
416 223
783 809
662 609
363 243
422 592
678 605
860 783
407 517
891 827
267 446
677 966
487 347
413 563
843 188
493 944
518 254
631 206
63 749
814 271
411 54
634 881
321 71
345 803
551 393
257 930
441 496
490 134
566 345
640 588
843 512
621 121
72 120
310 583
563 366
795 677
98 888
762 877
674 305
245 693
156 638
859 923
402 524
258 256
755 58
522 934
869 792
247 41
47 60
609 733
702 558
918 913
637 421
816 550
545 547
947 243
424 814
897 368
700 393
477 60
683 733
759 756
43 759
215 388
149 62
653 456
750 489
119 137
199 567
130 529
809 263
21 110
351 829
703 424
373 789
699 967
691 432
6 591
924 48
659 740
480 674
165 494
113 949
437 772
115 217
405 453
906 634
327 434
798 393
413 602
360 858
246 163
878 561
809 667
521 239
522 231
171 479
373 764
687 21
265 150
502 912
910 582
657 34
198 820
87 526
848 464
224 329
191 574
743 290
819 306
876 113
749 2
586 932
551 371
511 366
775 321
153 697
405 776
316 264
686 812
48 59
249 731
602 171
17 900
158 389
219 79
933 513
470 62
331 845
444 420
389 682
734 364
485 614
732 714
877 915
258 763
327 391
789 296
310 782
520 158
279 175
248 471
907 149
187 711
766 569
158 210
879 689
74 127
717 65
331 612
495 375
133 912
134 700
581 396
471 510
398 801
621 48
713 343
35 360
329 957
678 450
510 848
866 313
574 254
760 587
209 443
544 61
393 22
529 709
128 565
664 860
572 637
849 733
921 248
957 95
777 22
65 772
465 159
195 649
627 727
837 184
161 860
398 611
402 648
843 830
114 331
578 474
255 33
84 76
908 347
565 192
566 260
287 932
753 477
237 399
221 501
573 128
20 846
276 701
423 243
426 149
724 969
157 877
319 633
69 598
640 483
783 741
47 789
272 530
815 703
790 131
236 172
260 678
149 744
419 257
670 660
12 7
130 194
585 278
732 918
347 103
755 473
538 644
830 389
298 250
816 46
282 269
682 166
729 233
103 610
142 598
271 260
786 288
555 459
793 580
97 282
9 291
369 47
636 733
640 75
822 306
680 637
509 592
200 871
348 141
785 367
43 441
354 164
950 456
356 935
928 604
362 881
399 404
233 947
935 13
98 229
792 595
188 661
818 31
283 17
30 208
345 149
272 664
720 941
772 203
149 883
849 146
411 784
279 69
782 666
545 599
892 221
452 527
629 388
642 609
709 966
921 512
574 458
596 969
302 9
433 366
270 840
571 576
698 440
183 798
665 689
336 895
649 175
44 141
512 237
290 482
726 624
801 484
621 27
17 437
111 935
112 847
921 751
349 622
847 472
351 725
882 247
430 363
892 530
738 14
659 188
308 579
754 66
627 752
55 875
22 945
228 667
121 301
267 449
876 459
972 540
880 121
806 140
2 878
594 715
793 905
367 666
582 728
859 597
925 199
709 229
929 140
838 454
880 259
169 430
370 826
648 137
408 942
673 604
191 601
196 642
909 628
827 646
329 39
813 6
95 806
178 789
944 9
835 676
729 83
533 562
802 516
199 260
402 605
662 82
204 158
385 796
281 53
762 454
232 154
712 132
821 366
299 809
767 523
298 813
64 722
879 44
947 290
500 240
199 479
734 254
19 320
112 750
821 318
708 871
676 179
753 330
291 151
230 631
937 515
111 352
178 950
298 754
742 514
660 102
782 191
33 170
658 168
415 62
900 32
823 792
727 539
811 816
31 124
939 657
961 889
65 300
946 239
559 364
801 720
35 897
197 882
426 517
492 723
48 697
746 523
3 114
336 538
667 638
30 964
74 587
943 174
954 642
353 160
162 945
568 692
772 572
972 225
831 905
482 627
265 75
504 218
707 270
772 24
683 24
351 760
260 511
827 441
527 702
782 280
263 297
160 187
749 941
553 564
892 274
864 313
628 258
37 908
594 878
729 585
292 2
134 611
807 892
84 700
515 94
288 969
734 516
571 162
438 875
297 813
890 853
13 351
265 174
727 575
693 182
638 521
256 295
151 423
901 910
350 156
870 920
691 320
431 654
784 440
52 209
678 645
549 53
20 525
863 70
424 600
131 876
210 617
939 638
575 873
890 224
893 714
799 70
749 934
419 651
666 590
898 579
780 106
206 163
628 790
544 296
45 490
604 446
658 352
472 243
677 31
327 512
92 94
366 94
972 71
33 286
910 33
775 845
890 265
484 45
125 386
453 411
18 543
165 732
902 873
439 856
297 935
389 30
46 49
11 113
638 399
927 167
268 219
53 129
489 619
470 38
882 91
679 807
245 906
229 155
816 587
250 138
178 159
215 102
839 541
626 84
867 684
757 391
652 658
836 805
122 448
415 617
14 135
61 615
491 576
214 849
609 51
556 574
226 354
300 106
619 249
467 116
51 715
527 570
949 627
751 443
961 667
594 809
811 638
789 34
958 329
172 44
53 776
549 788
401 409
754 927
369 109
463 751
62 493
330 132
265 589
86 665
689 251
527 728
90 852
968 631
375 49
223 395
510 148
534 753
2 542
224 109
739 459
78 301
962 683
840 85
927 119
35 957
14 820
346 109
915 449
310 960
649 544
462 74
69 209
859 754
752 264
18 68
925 213
57 538
621 350
370 285
903 795
825 958
16 114
515 848
972 404
259 451
207 834
751 456
314 520
457 911
845 468
254 952
52 93
948 778
614 418
57 398
543 170
664 343
921 591
955 872
411 125
196 207
546 529
711 96
449 820
913 550
181 53
606 693
864 436
556 441
848 286
666 246
365 499
302 396
612 480
910 538
190 797
825 591
382 292
37 887
705 596
560 536
689 392
835 185
122 251
195 877
180 565
966 956
400 259
509 959
240 66
241 84
202 487
117 260
177 58
440 515
642 68
92 435
310 510
607 636
882 608
955 442
920 712
777 910
669 360
728 699
848 363
161 740
270 6
129 40
956 722
919 431
224 543
745 773
623 353
545 862
585 940
930 316
930 231
416 790
233 725
535 639
37 880
726 324
21 534
760 454
685 527
155 115
393 732
965 590
184 885
842 212
491 782
798 436
396 729
719 174
847 101
354 891
560 178
889 714
755 720
252 331
1 666
182 268
511 718
2 958
331 92
151 868
249 419
792 762
804 38
737 690
284 78
355 103
804 917
822 348
285 38
679 343
574 550
426 613
688 746
62 508
156 637
69 625
324 68
878 152
644 141
554 600
349 76
367 925
116 361
22 53
762 874
361 819
178 372
288 343
793 737
736 769
684 331
328 398
595 816
690 731
341 299
690 411
216 847
844 806
841 458
14 865
606 202
52 956
573 462
850 213
815 58
393 935
655 955
68 871
569 318
400 740
702 937
675 75
132 17
831 527
79 298
923 365
63 44
598 100
356 631
688 161
603 676
175 775
567 602
967 827
933 694
963 552
311 152
205 949
738 721
760 468
120 296
875 446
79 667
364 217
827 374
592 578
205 518
761 768
390 786
735 480
49 599
175 65
142 951
219 918
535 932
801 498
810 101
206 884
615 76
211 199
211 378
746 671
493 248
153 960
895 145
676 621
787 175
960 429
898 675
441 257
204 811
363 82
125 377
598 735
926 839
339 414
359 649
326 807
167 899
813 303
688 290
449 911
178 656
819 674
949 970
969 113
401 375
521 243
935 246
223 725
39 968
885 536
248 617
176 779
467 201
394 548
105 61
234 935
53 353
718 786
257 206
485 532
350 374
537 690
279 174
885 781
247 352
65 884
674 34
638 883
678 943
861 453
235 347
403 8
934 19
424 131
295 301
465 553
156 925
715 597
180 609
566 194
631 951
504 705
790 137
388 662
432 784
928 867
925 591
394 604
68 523
514 636
640 961
606 300
201 192
40 696
366 831
242 889
78 243
259 163
228 369
854 592
367 254
927 493
22 747
947 108
940 137
172 470
155 310
746 546
428 770
620 15
819 5
414 864
456 791
398 764
219 472
75 127
682 45
477 106
221 636
278 101
231 679
942 460
506 81
696 844
271 14
43 797
22 126
465 6
690 44
602 186
529 701
767 613
199 280
879 415
257 689
366 198
340 721
313 800
188 961
118 236
339 800
672 926
621 948
910 482
625 271
220 671
916 116
39 847
78 357
805 297
925 601
246 332
856 891
620 819
586 434
568 665
940 521
880 608
816 925
134 346
218 713
320 707
693 526
494 161
606 399
91 718
560 684
647 664
188 662
962 545
525 102
212 426
505 160
895 855
680 209
661 81
37 919
106 656
919 167
959 348
542 844
65 344
466 611
820 566
620 955
604 714
381 276
346 758
275 964
334 49
719 1
433 9
649 93
218 19
598 677
602 528
417 427
221 539
702 600
332 514
316 708
445 83
835 567
393 488
323 276
824 579
683 104
864 235
639 211
889 213
685 672
448 925
793 551
533 37
841 749
553 960
374 253
457 660
352 374
81 844
43 802
264 490
1 340
49 63
307 857
304 873
823 698
712 870
455 636
933 721
256 300
117 562
444 793
335 119
546 592
195 441
827 105
125 509
125 808
663 796
95 86
934 427
850 647
688 374
689 120
690 70
671 56
953 636
430 181
324 841
613 90
716 348
572 102
420 459
916 558
610 935
944 10
780 91
817 679
896 749
35 577
87 776
492 275
632 64
457 669
955 394
920 664
752 511
797 768
827 773
37 513
500 896
585 70
86 513
397 736
454 670
74 392
811 286
775 300
742 412
62 553
581 455
528 733
925 885
838 629
434 359
711 773
444 52
511 162
276 488
223 468
830 324
832 552
17 713
524 182
247 498
671 33
305 933
426 305
731 385
950 790
132 292
772 711
518 864
187 732
312 680
123 811
325 864
35 157
473 34
772 799
631 745
384 573
738 452
268 739
541 49
463 301
708 73
243 121
285 392
823 963
37 500
664 634
666 866
663 372
291 130
260 23
560 448
411 456
871 656
436 39
913 315
588 438
915 862
609 450
185 125
849 467
153 766
900 515
135 897
27 792
664 101
764 215
303 703
257 680
865 563
917 106
938 801
939 181
423 796
80 910
279 877
636 25
391 887
970 302
947 21
875 528
283 786
18 182
626 35
911 747
921 165
132 111
527 174
130 373
466 916
963 712
667 440
654 705
514 483
73 420
771 464
393 638
632 362
25 636
923 189
492 588
910 575
570 375
366 914
849 769
3 606
461 465
744 840
139 820
191 631
748 683
237 510
2 484
899 453
276 829
957 882
85 384
14 204
410 759
657 267
237 622
751 354
489 341
331 788
778 186
941 670
544 222
75 621
469 348
791 829
880 555
57 491
334 595
174 583
411 915
102 629
413 907
656 929
87 131
117 367
907 944
239 722
518 652
957 164
353 107
385 417
512 227
842 356
284 117
896 282
698 609
17 646
366 723
790 524
918 122
614 832
542 779
143 64
33 966
909 744
880 298
2 366
222 137
257 866
220 380
927 709
906 395
767 449
781 216
176 294
257 580
187 263
701 588
451 281
118 328
407 794
229 347
196 443
31 469
949 626
734 845
752 458
627 216
256 891
115 553
758 280
44 539
524 346
670 137
330 128
178 763
920 481
485 920
289 783
713 682
797 30
491 794
696 383
810 693
208 942
120 523
543 102
585 583
838 227
217 331
809 609
166 833
226 139
407 503
28 437
716 765
32 11
157 702
52 393
483 7
773 963
388 400
920 949
353 703
962 304
176 80
286 149
287 297
553 885
127 46
148 222
442 777
59 781
151 692
761 557
685 540
462 943
213 721
162 581
786 446
787 436
628 827
133 671
134 104
618 391
599 171
969 607
960 705
738 148
181 648
937 829
661 580
866 99
920 706
647 625
525 706
264 443
249 99
52 400
397 193
143 310
456 88
441 594
832 46
938 650
338 347
637 789
255 115
943 527
640 11
597 735
53 106
53 912
775 219
611 455
902 314
950 113
748 852
602 891
913 169
508 139
914 130
700 874
824 870
493 623
683 963
152 708
120 537
905 912
359 959
188 26
931 912
269 745
806 689
164 372
627 116
664 234
218 642
22 894
295 180
589 321
407 944
524 790
323 183
894 233
684 351
207 167
83 493
119 576
176 460
177 942
531 747
201 519
860 613
456 174
406 781
354 127
172 26
48 8
305 545
748 851
527 641
895 908
881 291
221 770
793 354
405 433
898 618
676 745
473 964
20 728
37 363
23 40
441 672
524 723
908 45
945 760
227 558
56 406
666 851
848 679
355 162
48 176
266 203
781 77
359 666
233 719
694 283
553 291
239 767
810 146
42 495
461 529
137 960
525 72
927 308
68 66
767 53
767 576
414 896
438 372
722 195
239 459
68 260
234 44
75 640
665 347
701 386
574 912
419 577
540 768
778 669
301 319
543 320
229 556
701 696
448 451
72 174
53 399
691 927
910 455
260 239
626 530
64 429
772 263
691 846
428 933
503 483
585 400
605 855
363 340
551 703
143 690
256 90
862 371
511 603
594 533
280 629
333 725
651 237
721 429
211 31
374 569
972 380
91 667
913 156
397 3
733 510
218 736
844 364
809 406
955 774
849 369
298 15
119 963
480 183
530 466
930 901
491 57
456 485
679 247
680 712
499 393
689 518
651 971
856 871
159 229
14 679
107 771
308 331
223 655
76 338
122 910
702 63
388 419
709 348
343 946
554 326
570 856
883 617
754 803
665 17
923 274
246 26
925 10
674 321
547 616
578 703
642 438
73 606
735 66
225 845
97 413
23 454
540 172
689 881
871 73
529 776
786 662
415 231
807 364
943 36
367 286
812 531
963 511
411 938
317 231
621 413
159 569
326 140
238 98
682 35
441 956
671 674
259 8
201 61
304 490
104 471
269 29
237 293
934 149
607 881
719 843
706 246
323 228
136 338
266 570
927 291
837 823
415 95
271 762
245 805
455 180
917 761
865 56
721 851
793 382
171 446
438 100
7 204
7 667
96 746
344 132
822 243
238 506
496 335
570 315
827 237
466 180
548 583
678 935
453 912
129 12
607 745
627 437
181 257
779 470
303 669
92 795
36 56
934 639
371 565
923 480
777 11
891 314
824 944
175 24
468 22
571 879
883 91
666 938
224 748
316 533
2 47
134 57
132 92
638 350
98 403
417 544
915 395
826 562
421 254
313 477
280 221
856 892
837 460
839 472
658 868
578 247
164 237
681 130
20 167
573 151
519 368
316 718
832 708
941 414
872 486
673 139
907 876
216 586
858 185
786 938
550 228
920 167
882 128
207 451
135 813
467 366
821 164
801 195
143 72
272 666
830 434
287 689
706 228
561 228
175 951
369 295
485 196
506 398
269 786
734 252
447 238
514 178
573 917
397 77
297 823
887 84
67 850
945 534
711 703
715 543
733 313
606 57
770 366
934 353
505 673
741 681
261 196
240 324
561 966
874 497
640 499
475 752
22 964
95 246
425 459
225 550
672 393
211 631
674 357
244 928
786 385
734 902
53 654
696 249
535 197
77 162
559 105
653 314
468 139
566 964
608 811
544 208
858 601
132 963
885 305
387 954
781 780
616 581
763 99
377 215
33 514
895 614
652 204
801 188
590 798
609 634
510 215
646 214
245 456
928 785
468 956
473 431
394 209
419 506
862 914
331 332
6 305
759 786
562 13
483 529
429 695
855 874
508 706
841 66
895 403
131 173
132 624
459 736
558 620
544 848
120 42
227 851
487 27
620 477
51 311
551 450
202 180
612 874
896 24
575 456
627 809
597 955
301 217
599 470
395 969
344 783
971 131
187 584
537 544
96 229
363 277
140 810
116 677
551 512
916 512
505 380
913 210
739 254
186 474
776 619
883 541
821 761
949 831
821 618
205 569
735 916
184 918
849 251
669 432
597 526
390 935
268 948
175 728
804 838
472 231
931 493
329 245
592 675
115 676
521 617
685 219
150 851
48 890
108 330
185 836
255 192
231 22
251 184
297 45
960 763
652 737
172 910
899 447
468 962
947 346
362 134
141 762
219 563
845 870
420 506
352 619
648 8
353 262
815 922
667 670
943 771
871 11
194 341
328 814
937 960
106 366
884 950
224 655
336 900
27 399
483 733
449 750
929 292
547 885
144 737
966 692
747 145
272 789
184 246
422 283
349 793
299 61
266 586
734 666
714 235
455 354
606 622
937 738
221 41
663 54
622 638
151 855
686 326
523 736
377 288
32 197
529 761
309 1
770 591
285 98
755 929
866 628
849 657
573 720
761 855
301 34
601 113
748 571
748 128
417 621
234 877
785 599
216 494
4 314
120 34
341 263
601 815
284 109
487 253
930 964
625 292
624 609
754 640
735 181
439 656
480 442
318 910
301 258
411 559
891 50
289 727
250 796
784 594
843 951
290 813
183 885
589 618
456 790
940 490
815 197
47 175
322 49
54 706
458 593
113 295
519 49
210 635
346 277
520 613
130 436
261 886
253 429
679 220
601 766
130 133
918 234
597 435
800 923
871 597
322 211
486 232
640 143
785 615
676 581
639 681
648 650
494 589
817 489
207 668
729 786
462 65
299 545
526 341
621 94
887 544
298 634
218 38
808 517
864 23
900 61
314 56
578 710
816 138
375 191
357 555
663 121
625 248
837 300
604 832
705 952
826 965
416 512
403 620
23 431
711 139
386 312
245 294
407 763
636 552
942 496
143 443
770 61
661 143
77 120
79 163
942 889
337 606
507 76
778 764
267 928
179 335
508 84
93 267
291 403
912 638
955 543
408 544
210 225
418 631
601 170
168 827
450 221
434 238
289 662
73 148
950 278
950 859
153 6
807 273
561 385
154 127
300 498
581 911
103 511
725 643
805 828
339 581
807 8
572 582
434 524
7 245
379 408
531 954
626 418
855 110
203 598
366 134
935 940
432 896
23 960
486 916
429 25
796 22
473 855
586 355
507 867
11 18
435 872
645 95
25 607
210 216
284 887
763 601
925 810
507 51
489 618
734 828
314 782
720 579
152 225
832 515
634 915
211 11
467 446
469 276
702 850
532 249
740 20
203 766
19 79
383 836
499 425
918 945
562 834
413 261
657 600
512 304
895 728
72 487
74 503
516 226
847 869
519 128
371 821
49 691
351 712
929 217
118 788
622 548
880 131
181 759
594 218
519 228
408 227
959 493
635 100
543 738
65 797
914 56
487 573
678 591
787 702
25 538
684 495
135 417
49 14
712 555
507 437
582 927
381 566
916 295
424 114
371 909
11 857
912 487
422 792
198 627
786 448
878 497
842 766
899 556
657 950
829 126
740 498
761 280
463 160
635 307
874 210
710 163
197 500
513 915
128 842
19 269
862 563
259 839
39 758
5 290
427 141
682 4
178 854
412 913
841 289
87 746
182 950
933 273
383 430
537 83
945 646
956 214
558 717
540 405
15 820
239 71
304 341
857 84
287 179
969 528
39 457
165 61
276 16
115 488
316 626
501 570
598 758
913 480
586 530
604 745
588 166
827 557
369 341
568 808
354 739
510 477
82 105
671 963
873 536
192 178
696 127
661 961
626 448
755 169
769 808
921 465
294 637
795 885
631 700
869 401
280 930
504 165
581 557
819 302
14 27
735 508
897 584
498 838
932 857
772 67
698 220
815 968
813 899
366 822
544 637
299 915
709 936
358 147
423 836
91 507
753 860
646 804
645 862
280 90
669 448
545 584
613 432
841 607
960 341
348 711
594 747
74 804
740 573
798 939
948 100
138 664
291 871
276 448
296 969
901 217
388 855
774 194
483 668
83 387
662 332
546 111
931 700
909 596
623 111
552 751
680 420
438 867
94 204
441 368
666 398
649 769
207 34
121 952
411 877
13 154
301 716
823 803
755 546
39 373
558 444
496 506
648 455
202 480
149 154
265 454
621 960
375 750
363 551
396 847
845 621
756 373
849 61
6 961
245 66
856 676
598 883
787 816
230 177
490 942
180 297
613 324
200 423
93 889
757 167
702 39
575 970
209 303
895 296
857 62
695 92
697 677
128 307
883 625
183 360
645 205
308 478
723 216
310 858
961 354
377 481
177 858
306 296
401 366
202 802
224 726
408 883
543 309
962 915
794 470
446 963
452 430
661 190
922 311
121 187
349 624
237 569
392 433
66 229
414 422
366 940
784 210
631 460
342 862
698 719
364 898
221 519
538 602
708 731
512 716
56 696
54 71
571 107
148 595
811 15
758 778
759 971
889 636
619 525
356 765
423 484
103 526
861 15
566 856
54 653
200 652
699 783
276 695
903 871
816 33
526 506
658 210
216 851
501 106
94 818
520 378
498 87
777 109
427 81
708 297
301 696
387 111
530 335
14 68
804 335
879 789
683 416
6 834
448 212
531 535
756 951
698 359
750 732
680 639
528 398
218 594
298 532
560 682
171 286
146 125
853 631
251 556
966 318
806 884
438 296
848 596
445 708
949 668
726 661
8 588
657 22
549 932
676 572
6 28
542 357
865 844
520 353
645 465
938 621
517 827
941 485
230 212
395 97
767 504
808 255
18 114
958 728
851 360
762 216
526 625
162 530
253 159
516 465
900 279
612 603
118 50
961 550
506 295
160 350
235 313
676 226
273 209
883 958
292 733
3 335
495 438
196 484
887 191
797 211
817 362
730 701
552 668
198 21
91 77
43 238
8 92
762 711
442 123
891 482
784 882
964 715
291 719
970 542
221 477
886 699
734 942
423 373
945 257
531 683
303 124
324 620
553 958
862 180
426 386
59 834
868 97
483 526
669 699
238 467
692 279
379 20
776 455
375 562
53 219
643 256
238 857
144 500
21 258
663 951
723 101
689 706
138 46
801 169
710 813
42 833
208 892
348 697
771 346
294 110
259 152
668 191
959 477
45 66
104 514
710 700
416 307
280 924
92 207
624 280
917 579
829 364
66 118
595 140
185 331
474 576
285 356
965 258
895 347
328 260
236 757
417 354
789 52
429 559
684 609
25 863
724 607
302 658
11 220
220 80
380 917
876 477
66 702
829 54
422 662
497 410
575 99
285 523
523 524
754 812
694 92
140 834
966 233
688 856
752 37
504 920
883 829
677 795
422 737
477 415
78 327
703 271
597 835
684 92
496 135
56 748
143 324
972 855
313 182
834 784
725 436
708 873
503 785
822 396
550 1
236 748
937 950
628 891
757 513
331 381
812 114
958 145
905 187
10 635
454 124
286 388
578 154
792 100
143 538
111 44
224 91
759 912
98 636
727 587
212 63
699 629
124 425
490 242
146 583
809 720
75 961
828 718
405 550
871 232
160 659
190 876
660 503
677 391
537 100
518 740
645 582
390 895
560 771
653 688
322 480
582 953
72 936
125 930
409 652
535 769
458 599
898 792
791 806
442 205
915 710
324 700
104 227
685 383
33 374
553 404
967 858
396 896
879 532
453 689
936 267
536 784
717 698
849 504
461 859
26 287
310 891
465 227
963 124
484 662
527 466
358 630
179 823
326 186
880 557
898 132
610 81
611 325
581 150
280 264
796 497
444 734
131 20
446 867
638 244
219 117
357 399
825 569
221 33
4 695
106 222
479 664
263 523
945 301
601 200
29 388
733 390
216 534
827 666
534 258
332 951
839 762
900 531
66 64
632 593
562 46
429 101
160 204
584 873
785 792
430 474
848 572
37 608
111 489
77 649
903 694
743 439
906 393
690 919
922 809
396 782
454 829
769 919
184 177
37 753
316 352
389 239
856 814
247 725
892 814
337 758
450 339
863 73
263 390
575 380
903 35
195 214
379 88
52 162
808 832
551 184
384 498
935 658
903 108
61 684
480 656
852 649
637 611
12 535
622 450
255 385
402 695
324 957
185 368
168 472
648 397
939 766
444 938
925 372
886 550
358 608
417 495
237 881
273 312
671 605
294 917
404 264
723 503
372 207
505 820
563 500
818 481
303 177
892 805
32 855
968 899
716 124
825 433
558 428
224 281
81 296
363 361
318 520
151 340
374 110
907 736
830 483
819 322
506 158
877 818
927 339
164 504
579 439
347 100
372 354
743 902
667 822
389 291
501 558
154 600
874 645
891 801
287 498
64 190
110 740
308 575
836 910
540 821
704 742
743 421
838 566
34 504
640 776
482 793
416 771
706 830
156 478
404 685
792 574
91 361
795 468
139 446
339 541
601 383
731 76
435 110
201 87
291 360
864 38
714 494
97 6
498 348
297 452
8 252
279 364
329 766
929 510
322 452
802 273
325 510
645 254
220 305
936 738
561 40
522 359
462 185
300 812
851 964
874 652
617 289
748 536
169 938
489 907
346 203
310 806
683 312
259 647
798 54
685 874
652 483
335 657
653 294
693 367
804 243
492 237
794 627
222 258
296 554
499 750
3 318
154 479
35 678
57 814
854 199
450 44
441 832
380 736
329 901
860 615
970 610
759 795
388 778
207 86
670 224
639 548
677 652
661 40
417 292
129 690
367 518
505 523
116 841
227 179
597 587
545 10
724 864
587 38
395 259
861 70
497 425
540 779
210 56
10 45
856 720
467 164
475 554
88 776
387 448
54 969
449 478
563 167
353 29
353 704
852 900
449 191
88 350
142 657
608 533
950 599
494 164
149 156
632 80
202 415
575 815
890 745
886 805
90 497
608 201
936 326
778 252
677 147
243 533
262 467
101 878
192 443
526 938
925 530
250 180
485 624
194 233
316 846
951 477
448 331
407 73
204 210
460 306
650 437
592 96
121 815
392 198
451 295
234 189
16 140
362 579
860 605
510 731
442 46
902 231
117 53
941 515
564 917
514 770
413 426
452 718
862 369
295 816
675 166
885 619
180 832
703 776
236 695
69 520
601 337
434 183
487 899
878 17
664 669
459 126
58 225
324 826
938 743
44 826
371 922
942 818
548 136
551 926
674 439
737 433
783 509
110 640
807 369
664 193
629 369
677 660
422 154
261 642
336 402
438 136
538 936
800 950
598 889
328 928
219 792
258 724
423 516
83 386
73 443
818 115
566 732
971 104
271 496
274 308
517 392
467 787
648 121
722 621
613 505
488 737
388 964
774 665
931 393
668 865
908 867
887 844
321 189
344 59
129 408
720 400
829 786
866 28
684 251
516 134
354 319
562 261
230 842
925 298
306 199
659 463
309 804
698 894
917 464
332 528
556 957
938 512
207 590
595 545
543 138
319 929
123 343
820 439
35 593
911 792
881 380
473 767
767 185
198 173
519 966
817 263
334 839
756 935
544 49
526 524
411 202
394 14
641 604
361 489
54 252
311 429
440 245
204 118
295 194
208 881
561 293
564 697
757 630
432 804
416 531
695 381
730 789
348 3
538 386
504 574
633 768
98 566
209 150
687 39
139 910
871 209
103 299
698 716
832 826
330 831
683 426
648 301
832 399
122 168
698 648
457 688
514 737
600 356
626 176
292 140
481 710
440 550
506 75
172 247
111 756
799 596
433 82
531 895
68 356
862 160
826 577
726 399
557 687
337 510
136 895
416 434
909 465
33 456
416 432
146 50
609 765
324 784
242 395
403 795
817 456
432 938
615 275
418 543
149 72
481 101
155 832
62 650
121 513
624 782
531 202
237 202
56 298
165 72
901 574
30 942
940 527
461 119
613 586
906 964
852 451
355 879
28 669
428 793
468 683
610 819
757 458
880 430
372 914
297 183
250 652
635 801
491 39
951 62
420 604
37 554
752 827
923 210
835 84
139 22
910 550
34 118
197 473
270 385
199 485
771 411
58 625
659 167
26 124
505 83
381 237
247 804
16 37
530 969
716 923
36 485
241 637
167 152
833 452
812 792
214 107
47 966
781 295
325 240
909 829
747 942
777 773
720 920
850 279
816 216
556 571
85 224
677 793
613 920
841 405
269 100
767 741
642 628
862 61
130 852
477 961
761 206
923 542
283 197
907 783
303 142
671 417
968 421
88 51
623 465
232 544
189 255
650 657
741 107
137 546
467 205
677 755
415 428
382 540
399 486
770 278
420 502
632 129
942 674
355 324
856 618
570 344
625 166
111 610
738 480
76 77
633 230
776 905
262 574
946 679
301 529
397 519
470 711
198 440
573 233
164 181
139 314
386 558
439 647
777 972
945 343
447 136
417 887
586 871
876 569
246 128
171 503
955 621
704 49
297 509
68 440
893 313
861 570
148 173
97 593
632 136
271 642
962 242
967 648
343 861
50 878
424 340
89 525
494 463
719 679
206 341
816 441
190 537
234 619
895 641
83 8
454 402
256 181
220 638
77 35
518 843
657 30
133 300
136 762
194 29
965 377
556 404
698 804
642 761
111 841
132 415
26 902
79 944
572 954
597 819
229 446
638 751
611 795
804 499
678 372
219 248
590 548
241 608
949 411
115 59
333 80
68 702
685 582
400 329
856 632
270 861
840 124
605 249
776 548
296 811
149 892
96 769
354 816
156 956
562 323
869 837
491 450
323 215
272 322
453 856
205 785
661 335
82 626
637 782
908 810
291 741
54 899
695 947
845 908
821 372
938 900
315 174
298 938
405 662
462 484
872 459
50 324
621 251
571 810
734 298
493 498
439 1
260 482
890 902
279 440
265 396
488 142
216 19
567 773
472 445
54 173
737 631
203 319
611 138
791 349
575 400
328 483
209 84
691 379
928 518
747 129
267 948
416 927
969 159
851 924
241 379
217 392
834 162
426 642
371 712
248 938
492 732
820 899
124 16
198 316
199 454
73 344
183 887
537 108
780 406
900 653
150 100
722 413
632 920
462 495
292 875
853 683
729 2
50 725
252 460
714 99
1 500
807 479
524 449
645 260
371 561
334 959
797 872
427 328
756 509
854 102
913 671
533 73
371 775
739 454
722 862
501 7
672 285
891 643
255 295
507 288
895 203
880 144
843 356
200 842
940 704
358 724
204 781
793 421
80 259
225 827
652 825
814 792
290 284
195 415
803 604
164 203
401 87
276 964
225 62
538 861
775 418
264 772
27 736
769 828
449 280
886 538
106 875
765 861
779 806
201 53
348 631
46 206
883 100
846 24
24 463
722 218
279 3
427 321
193 326
304 314
488 551
839 380
269 41
55 857
694 751
578 486
892 695
948 20
665 64
643 245
945 773
240 822
259 850
59 913
282 665
610 232
193 608
547 763
587 461
541 931
146 141
618 752
159 770
149 128
616 363
262 746
928 845
946 900
488 671
912 604
160 273
396 402
445 664
430 458
40 722
590 766
938 183
809 127
44 412
10 963
62 408
10 169
910 305
567 479
742 660
590 691
718 484
498 4
957 576
173 827
120 57
870 308
303 922
801 326
197 256
409 741
310 705
439 448
736 131
38 922
365 714
853 124
791 18
370 316
460 802
45 716
194 755
692 24
124 61
590 685
742 341
786 383
388 345
944 570
673 519
121 240
359 811
430 233
750 518
52 750
163 805
162 503
810 318
886 831
580 936
263 262
677 939
107 317
846 823
273 282
926 810
720 437
350 752
666 657
276 552
871 208
1 734
1 560
925 944
693 691
416 225
641 280
215 549
805 517
368 543
385 90
630 113
741 647
830 535
562 909
10 377
376 793
48 790
51 153
694 263
968 946
595 791
879 196
438 924
807 758
782 966
867 494
685 523
528 535
947 504
176 208
725 860
517 272
196 147
548 773
454 636
553 328
310 346
936 149
310 682
313 363
60 200
649 426
313 786
689 835
7 688
682 41
8 918
483 316
865 71
421 67
785 616
440 802
314 591
722 624
939 273
478 687
291 576
67 704
30 610
912 566
244 819
719 183
157 58
527 538
487 564
835 324
356 268
183 287
562 925
242 112
830 259
408 422
941 463
776 28
925 53
620 832
585 381
362 686
861 45
475 414
590 387
645 353
132 255
351 501
95 366
301 118
726 884
639 870
765 679
894 320
234 945
701 337
288 717
516 559
612 46
850 209
175 89
410 583
671 630
856 13
805 888
520 804
307 860
753 699
57 22
845 21
629 280
956 421
907 235
836 147
673 279
895 558
544 20
904 804
970 908
606 573
420 429
682 716
328 271
199 424
194 591
233 440
669 955
576 659
53 686
511 509
646 807
423 650
923 88
83 679
742 705
526 946
835 770
531 549
320 216
967 371
381 268
13 951
151 305
419 563
168 103
114 579
426 285
805 187
84 59
146 24
309 636
897 82
967 181
15 216
152 743
401 156
935 577
185 82
349 41
39 742
116 129
500 171
466 263
623 436
468 329
549 224
181 459
753 525
256 483
95 159
78 125
556 766
745 653
5 587
305 585
838 317
182 372
622 740
336 276
862 264
148 107
838 256
245 223
100 758
44 888
90 774
894 775
329 88
454 69
238 811
150 787
449 555
30 917
7 865
891 690
178 59
507 467
272 60
682 554
899 105
251 22
408 524
699 804
906 157
747 813
161 450
334 747
626 749
769 643
20 259
885 1
867 961
483 171
578 602
226 847
653 197
223 890
661 75
609 650
157 882
686 631
591 737
351 480
210 577
524 936
358 18
639 424
750 677
7 862
636 276
670 511
527 18
413 3
507 488
239 303
456 795
532 388
98 533
203 6
900 96
349 518
631 645
157 872
379 623
35 276
568 337
678 53
972 338
450 133
336 175
412 826
279 844
404 234
694 149
694 419
309 441
203 209
365 962
817 463
759 508
135 520
634 381
391 216
244 551
323 702
489 715
571 132
94 816
574 638
331 440
792 950
795 930
47 785
865 419
870 176
229 264
653 971

976 4719
52 332
588 398
128 404
402 783
255 524
847 309
298 627
957 309
743 839
800 646
263 638
672 880
571 776
812 930
183 617
178 214
314 249
750 301
851 466
581 266
124 875
147 559
33 154
371 116
380 311
401 779
535 855
700 136
132 653
901 493
33 83
946 690
322 248
126 615
326 101
549 213
699 448
756 151
332 884
186 859
722 300
814 676
962 479
721 130
601 888
533 875
820 929
748 415
89 281
571 912
199 51
770 365
516 332
258 76
539 646
902 187
906 882
601 880
751 33
147 38
170 141
27 437
333 826
282 489
928 305
711 915
802 173
747 929
531 323
201 676
790 939
573 418
648 848
663 952
387 193
225 660
743 969
196 207
216 829
825 280
402 187
313 57
477 395
613 206
317 460
688 544
718 86
26 648
858 682
128 829
735 138
627 533
259 920
48 442
243 114
102 122
663 656
323 502
559 546
339 733
781 462
503 797
145 116
753 927
771 159
790 169
441 155
522 340
704 964
319 158
211 513
482 789
251 523
749 950
238 656
773 651
350 890
320 440
725 130
454 809
696 526
141 935
697 929
807 266
45 283
846 355
367 243
919 3
905 216
187 491
360 568
307 211
308 885
934 92
809 200
439 817
172 69
616 734
375 590
543 685
173 603
89 399
362 855
143 51
350 38
577 98
450 679
558 369
392 632
681 612
729 95
285 862
195 791
569 664
271 159
114 735
137 827
833 326
541 632
923 933
619 888
717 667
714 297
770 380
450 215
581 460
103 786
27 803
18 93
98 598
864 586
422 941
793 15
832 393
317 79
317 224
619 595
194 241
1 425
549 191
110 400
791 214
185 26
909 588
597 104
304 381
653 774
162 10
142 954
639 56
417 617
416 735
149 291
661 556
928 603
460 227
575 545
707 664
500 954
598 386
11 292
674 508
641 887
641 849
497 792
846 806
641 836
727 911
727 139
362 822
435 459
222 460
782 850
278 23
450 642
122 248
895 406
775 39
464 393
312 696
439 975
243 246
147 55
814 52
598 298
139 332
216 874
108 622
162 80
550 393
188 272
256 913
807 406
957 393
118 911
212 129
824 842
341 574
126 95
328 18
36 291
426 936
611 721
522 163
836 793
564 941
907 359
157 127
216 253
767 391
429 62
532 120
15 768
285 42
754 269
6 31
44 536
279 323
63 406
601 206
329 159
267 206
705 15
637 772
19 894
892 574
738 679
7 487
637 335
235 470
134 776
728 199
550 340
341 129
766 233
969 719
676 753
952 90
454 117
597 328
183 20
297 866
96 491
24 120
206 864
338 905
933 612
193 646
360 264
602 486
524 231
289 84
400 49
419 162
863 413
41 366
449 334
65 112
217 559
92 184
415 940
142 931
643 28
936 615
2 268
962 763
248 138
691 341
395 688
267 199
268 207
536 933
909 472
319 784
808 29
882 267
394 554
466 875
633 25
463 801
304 315
50 454
345 929
91 740
221 932
738 484
171 557
744 462
64 667
509 159
361 628
710 774
87 918
655 585
348 195
189 524
724 396
961 969
393 466
88 790
72 624
235 236
821 812
533 475
224 17
61 463
226 627
281 319
742 587
692 340
213 162
838 160
270 230
734 284
832 848
440 205
866 140
921 276
578 898
669 36
737 159
690 491
449 385
305 644
380 517
792 105
381 359
56 29
592 629
572 907
809 463
442 160
229 237
206 882
870 224
11 957
124 463
315 481
56 399
825 335
27 717
475 799
60 492
336 754
727 915
406 22
31 904
460 585
818 610
441 345
831 620
172 31
505 795
618 123
395 686
267 245
621 222
552 645
936 175
166 339
648 46
347 273
154 315
794 887
742 733
138 106
357 102
418 43
869 571
642 546
294 265
970 185
204 625
923 229
399 150
389 211
176 404
568 756
701 663
587 246
131 451
13 652
210 866
854 272
543 826
378 703
269 369
328 456
290 643
92 174
130 66
389 93
176 209
183 179
434 716
673 76
793 819
921 230
940 710
464 220
110 691
714 597
318 420
747 164
74 509
50 730
421 221
369 228
938 642
613 841
465 936
906 242
927 744
323 160
859 18
472 272
341 418
865 335
701 502
810 600
888 664
838 69
282 17
817 570
603 105
606 745
683 59
76 738
772 71
795 699
908 305
579 599
157 820
618 550
713 311
560 249
257 659
203 820
882 572
99 976
500 399
744 80
745 102
103 628
144 678
87 414
676 540
843 171
384 335
410 211
811 450
460 300
336 413
680 691
797 288
176 604
891 112
377 47
875 801
850 478
548 598
183 827
679 662
729 68
973 618
331 947
437 325
318 603
118 502
654 805
973 129
791 738
206 507
463 925
750 866
247 399
619 110
178 658
424 119
487 502
824 224
326 495
899 837
183 388
413 288
350 481
499 937
922 91
187 42
399 624
238 766
658 283
128 17
536 398
592 27
313 805
355 688
473 46
619 754
781 363
104 476
748 918
272 762
345 490
347 308
721 458
83 593
724 961
812 239
545 868
357 371
486 276
605 684
641 515
945 721
847 915
77 884
298 99
892 839
24 5
379 116
164 371
174 146
75 745
810 641
265 504
399 556
82 272
637 66
456 603
143 933
578 528
888 499
853 213
598 461
508 476
222 411
110 173
898 695
222 650
867 444
45 688
506 678
912 237
52 238
272 76
471 787
475 58
511 285
425 628
349 102
889 197
952 60
817 702
28 847
692 875
819 869
15 604
605 129
270 805
471 597
183 608
844 196
497 506
388 127
923 412
474 564
526 502
69 830
430 892
468 596
532 278
971 222
495 675
919 598
441 531
772 568
794 604
922 782
363 859
947 315
915 503
531 300
347 713
495 207
99 677
465 549
355 194
799 309
152 7
855 234
789 973
973 742
351 790
355 924
719 570
211 54
892 109
675 327
823 327
625 708
77 947
939 508
245 160
779 168
784 744
872 518
715 384
491 631
129 488
184 568
866 483
340 671
727 653
81 703
928 2
285 80
230 136
630 584
703 940
606 58
535 575
576 249
957 137
649 168
223 137
467 389
913 822
930 680
222 121
921 291
960 861
776 634
334 253
409 682
600 158
963 834
267 369
527 759
343 714
777 845
436 661
129 368
366 210
258 404
332 435
796 217
888 409
909 638
532 268
284 14
893 664
622 212
489 178
588 649
437 109
191 167
167 196
117 564
704 800
245 661
15 917
966 735
54 933
482 676
488 865
97 552
668 929
644 869
541 654
374 60
212 80
341 882
179 26
553 954
436 407
883 585
59 155
421 617
615 696
368 404
897 797
798 776
893 544
52 913
513 744
832 896
533 42
718 960
437 688
849 570
587 132
116 900
890 396
289 36
194 391
748 610
430 913
951 106
879 610
181 699
610 543
792 27
662 694
339 402
617 695
338 391
836 666
375 782
345 2
14 85
716 723
953 930
925 171
645 157
556 931
161 571
818 224
791 477
727 83
548 306
35 266
209 855
267 30
846 113
537 716
75 573
258 503
521 349
120 343
789 140
831 887
837 129
712 59
7 921
164 875
306 556
863 860
737 21
802 206
574 367
7 304
225 684
616 108
924 362
232 715
549 536
626 850
308 780
380 135
257 38
459 46
210 693
500 804
374 320
66 689
134 626
233 762
300 53
842 900
173 39
478 418
689 929
444 675
449 306
431 843
88 931
361 11
45 353
274 264
511 318
758 584
151 519
338 599
137 77
447 518
675 355
300 18
344 561
806 668
771 321
238 871
190 433
263 447
301 520
305 759
590 787
242 531
549 92
872 235
129 959
314 527
23 101
581 459
644 689
385 581
583 647
179 960
386 726
499 694
318 964
389 961
891 354
263 605
909 608
270 726
894 635
754 22
516 457
789 757
189 65
203 825
636 963
656 854
145 502
183 188
425 693
645 417
188 76
845 125
856 745
86 162
90 244
732 299
354 496
509 766
113 701
884 628
186 892
902 21
134 163
702 916
714 602
877 254
661 338
519 898
594 138
848 897
758 697
870 914
357 549
947 573
838 747
694 309
677 748
929 439
669 643
545 925
88 747
463 192
178 299
913 81
401 306
517 713
454 523
976 486
852 351
543 357
667 442
767 305
142 123
343 131
328 19
473 539
771 915
717 533
349 878
154 283
173 298
91 943
946 106
340 922
768 699
898 895
757 545
333 314
958 328
355 862
102 948
775 709
68 569
452 886
87 698
902 911
885 714
366 322
530 453
337 434
320 219
564 716
543 552
805 832
863 203
586 167
696 294
505 370
392 28
113 734
43 547
576 497
30 855
596 327
232 551
222 575
748 957
297 302
283 949
306 907
199 119
164 171
534 611
386 560
260 9
832 666
887 10
139 968
657 478
810 85
209 339
509 609
347 330
954 734
803 878
750 140
275 679
153 322
9 664
506 812
177 324
929 607
16 113
469 697
787 434
255 317
935 832
383 850
520 929
480 659
373 631
299 380
3 786
246 534
15 863
489 240
949 458
438 614
699 840
681 837
544 887
652 53
755 481
770 895
103 296
310 401
735 773
481 50
880 457
66 374
474 44
674 121
953 261
343 940
459 436
219 738
309 295
476 646
132 800
842 750
171 145
796 574
926 334
456 36
322 456
180 564
967 504
834 349
598 290
150 231
410 272
923 610
734 428
458 773
863 381
190 508
462 129
279 885
51 686
679 919
270 1
282 318
825 334
735 183
901 859
703 926
29 560
682 500
531 61
620 66
142 650
108 417
638 293
273 124
590 851
374 966
901 423
794 348
208 599
768 585
692 348
526 241
728 527
879 964
455 285
366 343
919 370
247 31
252 394
501 111
603 373
83 799
241 309
666 439
68 548
686 576
961 668
179 359
748 680
549 445
770 442
516 381
593 370
295 942
19 589
623 148
371 678
621 762
769 242
181 612
293 559
793 641
864 504
602 592
339 660
817 657
268 867
123 317
858 79
90 952
405 26
951 336
554 324
203 830
21 470
187 15
481 379
29 811
510 727
395 567
909 759
191 556
326 849
845 638
510 580
648 421
578 516
832 887
407 335
476 325
72 512
196 553
604 491
567 145
913 522
257 647
610 11
739 747
666 194
668 565
761 141
392 360
377 353
926 229
825 611
736 838
110 8
457 44
624 298
576 577
79 566
404 481
481 182
209 796
946 335
234 339
552 63
236 568
493 454
238 275
916 871
203 459
387 710
390 236
780 604
964 129
530 468
162 684
55 5
772 297
963 641
800 822
316 42
904 954
853 381
177 447
177 578
861 622
786 326
309 650
109 541
595 413
727 484
467 779
361 736
606 405
418 18
680 417
438 876
314 694
810 723
614 772
481 260
938 700
514 751
599 686
438 498
485 90
207 599
271 479
698 528
36 159
682 694
353 861
51 291
833 802
190 58
119 112
466 44
563 678
145 741
217 517
567 317
861 806
951 471
367 203
11 913
117 394
337 281
401 937
38 423
947 778
549 706
217 105
911 602
177 105
460 409
737 789
279 141
974 159
759 49
228 965
764 686
304 488
286 253
654 72
270 347
252 769
164 108
785 216
884 723
308 742
25 885
667 674
196 864
79 812
234 325
344 584
858 753
681 244
414 972
239 52
646 796
498 923
751 310
209 468
890 34
393 842
908 466
390 274
604 142
254 459
15 275
550 923
627 87
310 769
630 906
833 287
941 22
274 825
485 752
344 817
970 400
21 8
348 870
427 801
197 465
162 462
589 938
823 903
674 886
917 78
832 634
542 821
573 43
690 47
157 329
412 247
177 862
753 319
220 751
299 204
149 874
167 331
869 353
928 157
503 530
589 652
967 125
792 7
439 241
611 640
889 499
504 847
642 132
747 663
198 793
896 432
199 496
474 17
477 937
845 62
153 398
939 57
558 823
614 176
135 930
483 691
691 936
273 539
659 881
859 827
507 910
365 815
900 497
252 87
354 929
558 347
818 678
838 246
152 629
772 801
38 293
901 30
43 359
705 248
103 204
604 156
561 619
608 327
402 71
276 362
622 75
186 862
226 332
965 823
286 327
663 150
803 654
753 677
135 492
494 528
25 356
902 198
102 330
781 474
46 888
379 173
72 905
785 693
552 115
182 466
327 144
775 735
261 961
152 651
680 724
465 113
178 192
912 107
163 419
398 965
845 643
536 817
384 558
521 744
497 491
173 443
543 411
502 338
968 79
949 19
307 269
254 516
844 540
96 418
900 422
647 489
922 303
205 307
120 115
598 34
854 727
157 533
776 333
487 763
550 129
492 57
293 621
892 359
828 104
258 695
333 209
151 846
456 53
83 419
407 59
620 317
503 475
214 225
966 410
551 297
93 6
168 560
454 30
168 887
957 872
390 742
209 874
402 235
230 481
288 180
106 147
495 527
375 802
844 644
474 832
460 701
209 560
245 807
448 93
599 359
589 695
164 137
38 29
481 85
708 113
632 784
100 401
878 465
339 933
233 752
931 745
452 89
328 434
568 598
293 417
813 64
192 796
743 372
768 625
856 307
915 689
673 300
396 274
163 448
734 308
196 680
441 844
260 666
744 19
544 80
709 634
545 596
820 659
261 689
213 678
125 516
805 87
953 310
130 772
408 600
557 204
117 463
561 777
872 247
897 112
524 121
450 821
41 319
821 669
956 527
558 405
118 358
135 60
356 447
858 691
306 225
805 708
180 388
220 529
259 415
436 753
265 54
693 936
430 198
602 927
565 534
560 192
40 839
802 872
300 612
719 819
144 806
523 435
373 312
120 898
46 587
88 392
913 681
591 379
735 915
612 17
478 136
616 951
281 941
547 316
196 282
417 455
696 385
631 976
521 620
556 597
95 461
247 180
173 876
801 907
254 181
728 583
867 356
624 99
91 281
952 165
346 636
772 571
771 565
349 22
266 967
99 713
210 828
575 56
103 470
693 39
731 412
559 812
935 739
793 190
344 233
119 604
494 935
671 165
505 70
858 9
822 718
36 794
917 298
496 271
899 903
443 776
545 11
9 504
906 118
584 835
489 173
89 875
181 661
203 574
717 963
459 392
186 704
403 826
243 273
682 213
391 505
191 955
693 191
89 110
694 872
74 801
291 829
260 350
883 796
815 652
525 44
106 305
367 72
141 750
290 40
272 611
220 252
899 884
628 94
719 202
816 475
172 529
768 583
817 716
358 86
488 241
512 158
787 971
170 766
898 903
4 295
283 361
652 942
45 881
449 45
529 971
180 382
501 872
606 715
511 246
828 148
385 550
189 163
265 260
764 711
197 291
765 237
146 150
914 195
591 434
295 392
317 516
8 865
96 952
316 343
369 727
542 439
728 911
877 828
974 941
475 101
176 645
131 858
294 226
376 914
29 177
303 342
335 773
125 253
786 473
201 130
535 253
39 189
961 274
337 600
255 717
709 58
323 198
125 291
638 166
864 445
513 688
666 306
650 552
798 949
582 796
270 825
539 901
860 963
555 160
269 59
352 518
371 12
798 371
465 646
564 64
941 361
731 598
879 945
19 466
763 366
522 369
558 222
579 352
561 221
203 5
360 426
343 756
470 484
290 598
863 952
501 338
746 34
585 296
673 415
233 250
468 186
768 437
399 567
56 391
57 511
510 675
576 376
850 123
890 873
309 573
377 794
30 458
471 129
659 283
88 890
646 687
777 871
23 676
543 716
852 407
963 313
653 98
140 494
138 696
933 620
260 922
682 377
442 319
960 205
645 879
33 285
235 268
510 134
639 496
671 732
649 14
718 822
717 769
501 22
301 153
121 792
625 631
177 606
877 517
803 766
643 255
383 470
757 815
167 560
900 726
721 492
26 554
563 948
67 187
486 366
714 639
972 690
364 567
293 112
645 678
794 349
667 729
101 487
653 720
216 100
512 203
766 810
126 397
533 240
898 66
19 919
593 496
723 277
280 661
885 525
831 124
678 915
433 819
548 6
815 73
147 282
737 91
97 654
955 723
706 32
373 415
122 811
332 926
358 461
490 256
531 490
699 3
420 43
892 542
171 113
565 480
853 731
968 480
474 162
348 322
298 571
279 353
635 488
13 735
288 343
35 197
107 656
828 414
719 738
333 99
336 265
707 727
619 956
860 447
52 422
252 149
270 556
218 350
311 783
38 205
441 399
899 908
351 30
663 937
541 250
523 595
564 141
749 706
514 28
770 841
783 683
591 896
571 505
307 829
873 285
646 645
859 734
127 963
621 747
864 637
931 298
958 646
722 631
341 398
465 584
270 651
293 64
674 703
438 67
215 726
855 385
951 424
510 40
900 429
276 586
940 703
137 891
45 654
431 302
968 304
881 612
101 69
826 536
556 495
42 702
796 893
653 537
836 452
710 159
235 679
748 589
537 635
311 352
739 166
477 451
247 280
294 675
529 239
323 312
839 974
579 646
226 395
481 848
522 966
560 285
31 358
118 645
213 265
751 338
723 51
554 311
916 306
822 208
647 119
833 404
228 736
119 115
265 448
850 382
582 135
895 754
839 161
638 494
237 4
476 860
594 817
149 387
775 211
745 427
319 408
837 534
400 748
399 528
789 851
463 34
211 189
213 220
531 772
87 759
893 337
660 789
73 778
664 814
238 513
385 211
911 264
43 629
65 874
135 395
871 502
856 448
462 846
117 757
397 54
511 541
493 589
721 295
761 786
67 389
781 709
670 829
750 673
292 419
312 422
259 186
361 857
170 515
707 603
948 102
928 577
342 183
530 653
687 475
170 922
566 264
193 312
669 246
562 400
581 372
673 451
946 51
59 308
770 197
129 190
627 939
22 565
613 580
818 684
431 793
340 834
217 856
421 381
921 653
774 217
872 969
740 601
707 691
652 555
707 951
450 357
766 402
939 13
258 515
366 177
883 849
629 186
596 376
210 719
636 279
928 600
853 834
837 461
451 286
750 283
736 966
454 650
400 592
772 406
459 334
768 478
150 801
267 669
654 459
488 494
30 773
736 506
475 183
385 656
705 539
326 409
872 703
610 68
709 910
657 310
530 897
415 66
164 888
627 183
166 367
317 241
467 681
451 803
231 794
656 787
90 320
553 616
428 325
645 24
850 765
155 260
447 823
283 869
219 212
287 917
770 763
552 911
129 31
573 604
906 881
105 957
316 151
766 674
585 438
382 171
401 21
493 92
754 838
791 207
830 293
153 258
483 519
781 671
12 54
580 278
197 254
290 550
882 908
537 164
169 975
611 544
426 365
335 864
373 477
103 196
461 897
892 378
129 938
684 842
663 358
187 169
371 747
671 604
926 161
253 559
710 839
17 284
31 603
140 874
589 625
849 481
672 763
207 545
371 664
615 254
121 219
102 919
732 58
557 389
754 436
819 822
388 374
225 568
150 930
347 21
155 59
690 473
232 268
69 902
215 93
432 395
914 657
972 466
573 396
520 616
650 955
143 21
173 411
633 152
485 28
749 843
75 60
130 957
260 40
704 825
378 755
302 946
17 593
399 637
953 14
457 932
684 976
226 901
515 677
921 916
692 535
514 710
72 77
170 737
806 477
273 391
682 839
547 52
974 114
704 530
227 309
86 626
730 75
323 403
689 429
952 65
50 67
535 301
555 108
22 832
149 312
219 162
154 376
62 922
85 245
488 44
900 161
223 793
272 328
951 8
735 826
521 61
632 355
597 831
213 17
210 145
566 543
642 324
729 353
203 912
705 322
204 884
888 722
869 427
662 143
428 551
50 155
235 854
398 507
20 524
847 434
888 908
577 682
732 18
461 247
266 356
947 456
569 669
583 622
223 548
392 935
510 498
686 103
816 535
928 161
28 789
226 418
269 914
417 9
437 70
383 579
39 150
576 168
826 612
325 337
766 591
100 36
659 838
821 153
622 189
404 290
858 964
130 574
351 582
652 671
182 706
67 275
639 962
819 719
647 534
186 703
596 460
483 246
741 825
258 72
275 253
90 444
271 225
459 771
202 885
684 740
328 386
189 653
315 574
263 319
916 337
780 540
969 780
62 848
295 820
643 130
735 349
480 441
334 4
58 298
945 478
448 210
65 209
696 195
254 298
146 723
128 330
311 161
773 374
280 413
315 796
942 584
229 894
270 735
895 39
680 44
203 712
790 524
590 345
313 742
407 739
780 900
964 185
267 750
930 418
967 412
290 408
393 633
562 54
633 842
817 860
931 74
531 465
348 643
949 131
702 314
916 450
523 251
467 909
229 790
358 433
567 632
759 269
18 74
75 7
195 670
829 967
24 349
795 13
382 146
120 849
319 302
173 515
430 216
605 342
237 593
550 761
582 354
256 421
331 366
478 211
462 169
119 557
799 298
178 8
498 690
324 707
590 636
609 890
748 249
614 714
725 829
329 562
768 74
743 11
254 595
168 16
315 502
560 492
869 126
906 200
709 804
435 909
563 540
88 786
327 646
823 541
93 202
864 594
496 87
813 774
905 66
225 936
596 907
635 452
795 855
335 129
250 42
340 357
898 899
785 431
435 148
327 279
419 78
97 120
23 421
597 469
429 910
837 584
414 136
498 774
181 894
148 842
111 70
537 971
792 397
831 642
297 767
409 354
227 890
11 953
835 804
782 861
513 479
87 500
399 566
338 30
55 80
931 511
646 427
404 256
477 339
249 409
871 786
46 838
603 592
841 843
951 303
181 528
153 5
681 914
404 79
444 788
903 23
245 440
67 952
232 462
305 552
196 588
529 742
804 582
734 974
907 214
752 75
61 672
44 408
869 345
118 553
873 926
243 311
732 813
881 624
438 639
458 476
296 68
884 333
408 371
452 936
209 518
47 866
525 963
141 100
324 644
733 181
964 975
590 806
701 926
974 129
205 135
157 560
651 821
874 416
467 10
694 256
733 198
933 222
286 763
667 601
973 130
706 75
524 327
504 5
12 102
603 710
530 26
586 79
970 341
935 703
663 449
500 388
934 86
588 78
674 423
322 624
963 672
289 310
626 940
328 887
275 865
153 966
80 674
389 440
228 301
525 305
780 575
444 386
394 667
731 670
385 141
760 62
476 743
735 885
519 226
443 925
616 206
545 665
213 192
140 736
604 413
345 261
756 196
36 4
462 629
78 108
685 956
335 8
318 112
599 666
628 50
585 658
656 334
820 335
949 967
914 244
832 794
404 919
292 286
117 277
500 387
464 873
778 3
378 310
16 700
678 244
240 315
440 280
422 791
629 331
810 795
2 388
818 308
161 757
89 848
267 496
899 118
421 171
95 4
503 712
536 482
695 161
266 165
303 75
895 120
567 162
328 903
24 765
918 417
150 576
27 157
732 496
570 407
515 183
825 552
898 141
498 871
246 772
744 552
873 625
359 938
894 179
691 103
698 51
619 738
537 316
167 585
495 844
828 946
481 568
526 884
631 211
264 2
502 557
671 969
538 799
394 653
16 424
89 742
841 553
237 848
953 231
864 902
8 754
490 525
320 361
653 617
685 283
783 972
768 663
624 172
533 750
515 47
112 805
872 830
797 532
506 218
943 416
563 827
730 98
825 379
348 558
793 282
441 661
460 215
736 437
187 730
744 559
789 869
832 161
752 944
931 908
110 645
695 721
516 197
129 845
59 402
938 38
167 472
81 84
504 844
780 338
886 888
745 539
275 206
343 257
283 385
438 970
632 420
538 300
563 243
423 244
556 709
172 111
137 475
48 831
487 115
403 121
70 828
806 864
454 159
848 890
331 759
333 188
8 328
668 97
816 90
454 183
124 263
527 741
954 196
643 878
592 561
419 431
347 922
296 152
940 686
481 396
64 148
941 793
818 773
748 198
90 713
287 620
309 36
901 789
259 742
370 18
83 289
631 384
255 359
430 283
807 250
628 504
367 835
795 857
479 464
284 928
544 610
854 307
433 250
201 332
163 294
950 710
218 903
347 447
848 973
296 843
738 881
595 661
84 781
191 230
388 644
801 601
231 602
622 190
641 26
110 804
330 345
205 560
439 521
960 422
887 832
873 17
583 689
262 702
897 894
841 705
423 928
745 833
389 848
636 272
583 838
332 767
578 356
448 281
40 19
369 451
344 671
960 68
15 561
696 137
54 89
736 32
292 137
295 353
405 374
334 249
862 619
121 656
251 779
394 591
431 139
87 546
106 139
577 638
870 656
706 375
692 439
16 261
949 256
128 948
755 26
828 252
295 568
481 580
262 235
555 321
16 487
730 145
290 152
161 607
169 556
339 476
776 494
8 35
376 816
745 302
106 775
394 816
566 369
841 953
187 852
243 693
402 359
21 393
97 72
207 925
604 683
851 470
444 378
795 259
926 388
975 481
303 528
608 163
436 205
863 875
717 844
421 426
594 460
273 533
118 507
10 464
103 910
884 558
731 336
417 101
292 473
60 544
901 150
387 487
620 584
778 675
763 406
448 700
881 804
549 63
787 284
110 528
951 170
586 968
22 620
207 544
297 841
797 576
373 131
910 865
87 303
838 87
217 769
381 115
56 129
40 859
497 974
957 240
298 66
647 852
715 87
654 16
286 110
717 860
638 476
898 11
260 631
792 152
386 343
498 957
155 356
281 929
66 89
525 947
824 907
785 974
625 305
400 679
772 928
882 791
612 252
445 584
282 218
673 762
302 612
963 637
964 817
107 662
642 330
56 793
640 960
421 122
296 467
320 670
889 936
867 476
655 794
91 468
434 768
812 668
691 870
59 935
812 122
315 690
220 272
284 547
853 515
656 662
336 736
785 822
863 227
737 831
367 175
135 738
248 73
84 250
395 625
272 329
475 825
532 285
900 807
152 452
816 278
615 158
543 205
670 479
467 99
529 44
252 762
109 340
642 142
58 524
493 768
243 127
559 873
27 212
502 118
565 566
199 592
603 82
749 463
434 971
237 613
661 3
572 117
204 964
479 247
170 769
256 341
907 594
340 878
877 299
660 890
927 197
238 671
56 469
903 833
687 30
773 722
695 353
440 115
570 960
624 577
586 792
515 284
238 416
2 889
957 484
579 420
151 735
857 688
344 797
54 909
401 103
347 815
606 120
362 233
148 471
922 425
598 164
139 506
747 97
144 903
501 193
218 560
292 212
476 153
611 937
929 777
522 927
703 491
635 890
463 397
546 659
943 919
132 795
515 111
341 310
135 767
808 736
826 60
240 951
34 623
631 238
281 577
299 878
473 181
483 221
893 697
968 368
197 866
324 894
181 216
858 724
12 932
113 757
186 718
79 791
461 376
300 109
619 770
905 656
158 600
175 256
94 465
751 550
807 716
555 72
761 546
578 184
926 903
505 220
908 382
822 596
200 184
147 403
222 67
39 571
575 709
482 331
138 911
124 335
674 758
16 149
236 624
883 864
937 88
442 614
332 457
236 151
534 728
725 366
28 447
508 546
531 464
643 138
934 490
493 858
352 786
131 629
920 657
778 53
870 66
801 295
415 931
70 177
237 703
715 883
609 927
792 233
8 867
649 251
116 697
260 374
138 490
105 85
323 481
434 13
664 697
772 698
672 649
242 243
595 483
668 507
805 73
718 810
498 79
186 922
758 59
888 454
154 707
564 638
838 574
30 523
144 155
761 571
1 233
682 513
147 813
629 262
538 944
721 496
387 305
248 874
119 370
530 717
820 460
427 302
769 236
437 449
610 469
436 766
615 275
394 123
530 604
303 594
824 477
678 113
319 401
534 287
627 875
850 926
931 387
940 725
411 870
7 576
11 254
464 964
704 802
916 829
955 423
315 580
389 437
762 490
356 770
123 450
433 347
430 211
362 617
897 959
202 191
241 360
573 530
743 315
853 156
194 190
271 619
623 518
470 493
863 600
129 521
922 976
261 28
634 915
428 182
584 377
860 209
217 68
572 16
503 35
261 775
667 780
20 71
376 842
726 179
175 230
726 562
702 25
474 224
552 529
21 135
573 442
522 770
851 200
389 777
600 456
212 89
155 241
739 766
21 862
91 360
151 462
84 486
963 573
746 807
87 749
145 753
606 271
204 450
912 255
636 477
564 241
678 249
56 185
384 454
592 923
122 810
477 866
131 974
384 933
815 78
387 133
276 161
626 118
475 308
224 463
354 744
760 859
299 764
227 875
48 432
547 200
602 552
841 336
734 225
469 938
754 338
727 497
58 586
475 872
350 217
4 404
333 330
823 294
944 492
67 162
712 920
341 506
344 402
342 941
458 749
497 574
23 322
278 974
351 652
792 945
910 800
874 319
67 315
135 400
384 477
324 591
193 137
594 503
371 914
959 317
10 523
341 17
673 55
359 379
344 379
98 765
256 561
77 28
319 90
279 936
564 143
487 23
917 532
677 247
257 940
591 898
631 113
902 555
389 49
689 32
319 485
356 625
732 591
252 117
196 837
36 473
314 682
757 70
707 764
57 317
742 47
137 57
393 716
86 579
161 419
825 132
537 863
256 324
499 932
932 110
300 357
727 643
195 73
114 548
878 291
109 62
480 693
916 111
520 154
5 606
689 200
853 378
681 893
931 704
487 731
56 421
39 89
59 944
645 773
79 966
260 556
392 733
463 39
65 904
13 468
804 532
931 135
127 447
551 265
863 700
507 161
521 315
558 325
411 655
485 71
656 701
798 339
487 953
92 949
301 646
831 861
295 703
413 129
134 76
137 760
835 292
655 538
694 52
656 88
129 409
321 170
276 344
759 598
279 168
502 549
546 586
564 157
323 863
306 531
1 937
550 301
864 105
944 542
186 819
460 438
745 314
528 838
708 775
972 332
855 208
14 485
548 680
805 294
21 386
889 242
217 207
555 252
114 100
314 233
208 412
940 434
130 305
484 886
268 779
895 931
380 40
257 737
479 364
79 694
316 68
136 237
576 572
105 520
52 1
642 33
329 215
76 805
574 625
187 721
170 513
959 441
746 438
251 892
811 731
326 132
578 710
560 873
631 651
612 152
135 782
708 731
861 765
879 893
459 879
13 411
868 385
346 269
46 118
2 326
175 909
306 876
164 264
241 906
440 251
204 569
225 209
402 936
972 419
513 412
434 639
711 975
306 773
938 610
596 717
613 873
246 921
851 553
963 492
644 771
672 783
602 474
657 10
894 52
473 307
770 404
55 215
757 638
189 567
704 837
372 262
83 406
428 240
871 747
731 444
949 700
511 971
294 146
467 826
285 266
483 481
31 314
345 551
767 620
418 173
827 721
759 801
165 533
244 581
443 159
49 625
428 867
729 247
435 819
510 622
275 439
757 769
300 582
580 475
46 347
387 409
14 79
586 884
626 649
589 531
572 250
666 371
498 618
472 640
174 511
30 256
31 402
186 232
595 852
1 400
715 805
21 710
591 362
921 295
424 573
68 556
528 570
412 192
585 242
843 365
734 903
520 46
648 483
889 287
445 919
790 747
672 942
113 418
714 723
949 264
833 465
572 847
521 939
902 703
705 828
559 4
959 867
321 448
248 548
286 760
233 780
605 795
17 274
237 812
40 973
420 102
595 135
336 3
210 846
420 87
46 717
30 202
382 543
514 433
915 374
438 838
857 910
811 114
460 156
850 971
481 225
228 843
672 385
49 421
585 672
177 838
548 390
71 771
419 55
348 444
868 699
395 387
961 106
309 215
307 157
92 474
216 893
628 430
97 692
920 84
576 257
661 257
545 377
107 649
651 241
39 115
809 319
722 102
406 647
354 76
744 860
304 889
360 315
748 457
676 190
860 248
514 327
485 439
166 263
847 439
776 215
622 187
836 932
926 503
189 272
144 502
348 659
510 560
577 576
874 542
227 859
484 171
602 15
788 566
237 472
368 964
58 471
495 707
296 576
777 393
154 930
818 615
808 523
177 451
323 622
500 64
363 511
589 574
932 770
402 318
328 58
150 414
497 326
210 832
598 162
488 674
675 662
582 838
107 543
532 223
700 841
168 681
425 317
204 186
128 576
263 298
764 64
32 830
344 192
509 197
510 102
111 44
308 630
761 830
79 215
906 561
445 350
266 493
340 116
286 279
252 495
179 814
70 510
241 824
790 338
539 932
386 108
442 113
957 483
151 428
533 586
564 932
650 176
230 240
270 720
382 890
136 213
903 614
278 602
335 927
263 601
655 700
693 36
452 798
624 245
556 170
58 647
369 112
556 796
461 714
298 44
206 605
762 946
409 650
510 715
799 294
378 955
283 523
207 400
185 760
544 605
152 420
650 495
338 477
814 602
175 178
327 72
183 178
126 908
926 635
314 374
210 236
156 491
159 144
415 495
164 259
228 469
653 681
817 624
267 313
455 790
696 895
740 262
291 143
493 55
255 214
719 215
539 270
231 712
500 152
67 427
86 645
822 608
895 891
420 163
391 283
828 365
957 388
887 153
58 649
320 119
126 976
569 875
604 881
548 966
18 57
879 57
316 426
512 685
39 134
441 915
439 599
905 650
604 577
436 548
461 880
397 968
435 96
720 960
2 142
386 17
171 781
505 191
112 664
926 911
393 97
32 303
730 954
459 278
355 708
626 558
347 486
700 200
41 10
633 402
740 119
540 116
574 319
273 311
562 41
212 105
893 4
940 808
877 277
786 439
57 752
973 459
562 273
454 516
210 408
191 398
657 65
217 588
180 320
933 857
539 814
47 749
40 93
757 645
920 951
125 697
387 903
77 539
609 793
967 900
825 827
625 19
128 789
159 386
240 532
238 606
719 308
645 689
423 173
727 777
501 383
948 297
441 508
309 912
349 840
111 398
961 383
941 374
602 176
726 866
430 415
360 866
783 409
434 687
516 228
534 655
718 88
472 674
459 701
499 632
43 887
500 295
941 647
742 695
781 368
234 541
588 9
336 499
274 65
844 552
918 665
808 944
744 322
764 157
874 112
248 674
917 854
362 339
633 896
509 384
97 794
365 860
459 852
478 48
98 313
540 384
669 142
1 646
818 661
943 965
953 20
745 273
34 647
149 718
609 163
863 167
682 186
463 352
525 624
931 914
804 764
897 774
510 133
476 416
294 753
420 784
88 104
494 809
796 728
411 336
99 267
896 917
567 159
53 443
880 585
274 440
809 136
196 407
635 560
157 503
377 142
12 478
803 624
218 48
950 737
553 243
700 569
773 803
962 416
333 289
26 21
464 400
570 529
798 821
213 182
694 766
514 693
381 138
625 545
629 354
882 519
973 273
197 641
135 671
853 593
47 900
502 220
251 41
604 377
877 949
732 403
922 20
19 24
846 298
648 877
777 372
190 421
887 790
218 506
952 769
909 5
379 262
159 241
469 638
489 797
610 12
739 742
311 683
630 75
657 22
261 252
959 21
687 240
102 865
375 313
909 150
51 159
475 407
682 455
370 888
280 74
300 472
696 802
508 155
220 844
61 688
480 700
688 390
531 927
894 85
966 166
107 895
733 20
471 573
203 131
594 753
459 672
226 864
19 159
835 115
447 121
506 464
714 214
697 297
52 851
68 2
350 652
59 954
461 962
427 830
509 209
387 93
620 633
776 544
433 801
642 887
697 845
204 958
329 901
799 352
88 554
395 870
142 779
567 435
207 849
218 934
568 846
849 170
852 692
778 307
835 318
357 403
858 392
580 662
542 74
415 248
2 322
949 387
648 710
259 177
300 611
567 341
231 181
767 44
694 941
155 631
464 472
506 153
22 240
741 691
899 941
10 702
393 62
212 230
486 278
841 210
552 155
492 412
492 105
864 194
756 80
405 345
351 806
889 62
155 91
28 203
867 767
197 594
793 574
609 370
420 314
132 236
461 658
795 98
7 668
621 266
944 72
876 936
869 917
590 657
59 187
385 54
241 812
370 25
262 929
193 123
503 322
786 240
53 415
956 443
865 348
612 277
350 260
464 493
612 159
229 360
600 905
837 361
857 752
839 960
531 220
747 424
827 792
717 537
167 237
261 429
544 49
798 348
122 37
487 490
770 527
215 928
664 747
610 206
593 465
187 22
850 298
959 230
612 164
855 394
216 412
567 843
659 26
36 836
791 553
629 190
829 129
79 806
81 67
227 755
157 547
375 364
766 548
661 57
400 434
181 24
570 562
601 730
242 653
976 176
666 219
776 482
84 938
840 583
428 250
11 815
240 635
933 249
591 359
614 507
904 518
852 783
528 973
892 83
105 954
687 172
736 800
455 175
108 672
362 365
24 6
23 470
155 812
485 660
731 145
881 141
935 924
519 790
313 418
921 118
759 551
741 488
908 706
466 173
393 411
216 733
52 323
491 360
127 19
454 449
609 443
717 954
573 149
298 87
280 921
833 133
338 733
800 74
286 542
621 30
619 343
622 777
213 647
518 280
331 336
349 529
703 61
387 876
604 954
908 544
212 97
214 401
234 435
971 234
970 818
93 327
250 713
209 119
210 456
728 139
214 256
325 771
218 885
757 725
6 939
460 794
887 669
249 25
779 65
733 685
537 596
637 578
24 468
832 733
598 158
449 290
873 653
123 378
15 568
714 68
452 106
807 123
740 816
372 445
815 528
193 723
621 168
253 398
806 876
635 771
628 836
885 812
24 607
830 972
559 717
526 912
86 974
214 103
542 7
587 674
452 183
517 632
954 428
277 470
960 624
830 607
615 735
450 686
26 541
889 154
672 479
914 576
26 218
617 149
249 344
365 883
947 548
315 122
39 28
842 597
572 101
2 67
37 821
459 206
976 52
249 201
748 354
931 281
532 185
516 933
497 861
613 359
355 859
193 274
599 355
232 766
845 84
921 931
4 897
222 728
7 447
277 142
45 65
685 65
302 31
13 408
548 168
5 931
915 858
808 96
312 133
112 738
77 368
385 591
813 753
337 131
891 363
657 759
432 153
803 492
731 585
843 716
380 254
113 306
459 199
723 585
208 965
558 368
504 913
856 422
50 699
397 645
970 146
789 489
735 918
420 332
630 551
544 873
136 795
678 910
68 51
696 532
750 331
839 707
471 446
435 777
926 491
322 657
905 195
94 321
709 211
396 31
649 61
678 397
510 350
422 940
204 887
25 323
545 160
942 502
121 234
466 800
875 490
305 358
344 82
256 792
700 623
741 920
741 339
742 569
633 764
33 380
686 676
159 803
92 615
395 116
629 659
666 767
756 304
848 561
43 327
870 690
82 739
745 33
348 67
323 215
270 498
325 306
327 238
625 884
129 946
595 611
605 425
377 232
893 815
287 319
709 660
897 962
963 369
96 245
518 648
706 488
101 364
102 959
875 483
427 404
865 154
342 51
643 786
164 460
438 743
370 690
702 307
558 201
137 121
929 322
656 646
747 906
141 439
87 784
273 873
754 34
90 88
844 685
835 109
210 90
599 963
503 149
55 312
452 35
750 142
609 555
352 797
411 519
278 190
151 420
801 818
135 46
798 506
193 406
212 182
451 237
860 889
533 700
751 117
915 292
44 135
607 826
502 736
314 63
940 594
278 41
392 840
465 57
302 821
632 102
432 377
430 212
603 162
693 328
455 233
969 449
758 762
127 324
171 363
635 718
246 662
779 104
263 283
546 341
319 761
782 935
334 625
490 665
89 967
769 613
148 41
476 771
847 435
904 785
672 272
559 805
447 95
712 164
332 709
750 145
850 958
111 759
497 202
701 585
940 775
423 621
228 561
11 598
327 727
781 38
527 75
527 518
235 244
606 432
970 570
383 963
102 206
939 12
675 204
67 258
834 455
506 148
645 73
127 356
913 926
789 87
850 346
888 345
887 227
548 702
710 594
319 887
36 717
584 732
452 565
125 548
808 293
330 668
19 574
845 299
441 733
812 495
634 692
526 894
410 887
769 665
710 769
714 332
219 806
311 852
976 667
168 616
65 799
378 243
363 806
269 779
37 358
535 613
77 269
633 639
833 538
482 606
377 902
393 256
485 612
30 342
574 659
641 613
583 693
60 374
233 571
293 219
404 50
885 519
137 774
544 706
162 828
106 552
198 946
434 99
624 362
399 642
442 627
107 869
757 386
634 2
743 420
10 56
746 917
323 892
730 164
803 166
345 399
452 469
474 752
91 610
813 491
352 490
816 880
301 354
138 657
889 584
50 623
325 529
969 456
308 180
515 52
20 811
292 560
802 632
376 168
708 156
584 121
293 503
922 866
839 40
913 794
471 114
937 922
312 30
166 743
667 782
591 70
65 826
302 697
853 567
88 709
731 166
785 770
914 272
643 338
553 111
111 72
955 502
295 618
973 819
572 1
372 175
713 45
273 297
936 119
369 298
395 117
45 748
779 438
339 88
178 861
421 184
772 514
771 538
477 719
277 274
405 333
237 250
172 21
871 917
766 815
875 11
932 82
517 647
458 627
252 975
973 272
4 368
498 423
204 525
834 525
541 439
392 93
349 815
88 716
360 849
841 453
587 658
791 665
571 700
932 638
280 776
898 633
530 361
680 917
927 933
189 407
380 516
347 295
475 874
97 755
278 836
576 330
317 14
137 421
798 615
531 168
896 328
386 242
426 935
78 921
601 159
230 469
88 462
469 292
624 960
806 855
36 150
455 202
257 839
126 31
371 289
170 643
282 652
923 438
228 320
946 663
411 151
287 39
694 621
242 851
388 144
549 544
678 637
294 95
666 92
776 383
878 184
890 799
304 181
394 372
654 693
141 147
750 259
14 788
533 812
128 268
221 570
251 898
612 811
573 571
149 494
479 689
423 526
576 296
173 258
467 415
321 567
657 874
343 632
107 2
491 867
288 459
148 576
76 165
728 305
957 215
575 664
647 895
764 621
727 347
964 897
288 554
311 915
239 630
314 795
575 480
100 719
245 363
393 278
695 261
655 202
911 555
398 33
450 134
130 963
666 167
337 383
875 552
376 266
612 820
610 736
15 406
793 403
498 580
409 236
837 829
708 333
743 556
680 859
285 247
586 105
469 132
23 445
642 847
41 126
292 596
331 172
868 64
676 122
696 759
623 667
401 363
934 693
702 694
155 644
923 971
835 294
598 774
81 799
714 968
352 667
708 116
833 281
5 107
56 849
551 973
807 254
138 302
168 562
149 496
631 65
238 127
869 604
265 19
963 539
702 640
356 950
179 927
573 702
735 208
954 76
232 82
780 435
674 343
638 924
323 434
137 507
306 883
842 244
401 364
592 564
717 862
202 800
21 935
635 758
190 38
15 505
374 953
602 46
286 463
108 782
288 495
548 904
804 849
661 188
21 162
517 829
80 641
172 799
808 680
929 252
380 810
519 860
199 502
200 869
287 814
294 270
497 146
80 459
273 747
542 943
707 35
247 849
875 674
508 668
604 937
606 392
897 463
678 178
508 118
23 352
601 780
903 106
337 55
762 891
413 655
231 599
306 289
714 418
272 678
38 146
610 812
189 851
558 19
291 612
9 104
644 872
411 780
217 672
88 687
749 273
783 902
492 740
493 317
239 498
369 861
521 626
445 570
706 708

877 4923
584 430
323 187
141 367
772 479
725 16
74 106
384 217
167 710
4 36
461 602
189 565
388 411
715 578
726 260
214 551
638 752
15 489
143 36
825 53
448 364
773 189
22 117
744 274
211 627
819 198
451 493
804 641
34 693
570 438
256 615
609 847
721 834
488 424
669 418
409 596
304 692
856 65
585 517
343 231
275 383
385 451
389 256
807 127
337 263
338 399
47 798
483 637
361 566
323 139
87 226
151 823
128 753
843 474
238 122
517 90
149 677
466 40
740 277
777 485
457 148
302 791
105 455
638 763
508 658
25 471
273 70
327 143
736 562
384 692
847 419
722 5
823 497
631 520
279 407
873 119
563 792
583 421
469 458
785 825
199 849
592 110
383 798
520 208
226 676
268 62
377 560
712 717
80 367
694 429
707 15
180 213
234 249
770 501
275 388
591 95
222 157
665 839
118 361
542 202
646 528
94 833
126 505
481 271
753 14
182 96
221 528
811 528
564 580
676 414
249 351
752 549
843 29
58 744
166 727
149 184
704 543
364 666
282 496
273 873
233 556
180 752
199 846
863 296
42 753
4 328
44 781
669 436
765 770
393 361
585 74
821 804
433 399
570 43
592 244
403 375
739 314
25 3
298 355
711 470
202 548
511 651
304 70
710 690
734 853
805 139
237 366
28 542
461 425
518 74
830 157
26 34
120 825
173 337
600 195
837 250
198 94
303 690
219 575
180 84
457 569
23 388
779 689
65 438
690 460
818 153
529 842
824 144
552 501
740 220
627 824
804 327
170 14
833 326
517 184
45 499
502 229
602 582
824 458
729 819
352 561
627 626
813 95
408 188
674 84
507 397
346 456
237 796
290 790
699 68
772 779
866 377
847 265
876 128
372 356
338 267
85 408
359 777
197 167
534 205
420 808
191 795
374 456
356 312
246 78
321 805
397 535
158 479
409 780
306 777
109 115
532 645
848 237
849 241
65 665
799 428
840 866
585 116
569 863
161 730
38 247
182 218
807 312
494 385
441 460
21 830
3 691
289 327
500 380
299 564
690 156
376 247
531 812
326 677
60 447
667 321
408 637
761 81
537 285
621 656
667 268
213 151
162 564
704 562
254 843
111 516
610 781
149 229
329 740
101 252
563 129
203 434
324 285
310 653
545 421
523 105
745 41
831 799
450 343
359 435
557 698
696 88
435 419
511 697
469 259
810 635
258 741
545 144
307 742
337 815
49 741
174 433
46 786
178 451
676 787
538 227
716 713
222 439
369 801
595 366
765 565
260 749
814 641
673 627
152 15
585 772
228 66
583 103
680 16
864 349
572 6
42 578
349 582
387 47
152 755
537 355
277 96
600 327
281 429
875 360
93 538
506 253
453 365
496 498
349 268
282 327
448 190
175 325
641 833
470 149
439 399
456 46
763 618
54 596
35 486
500 831
670 98
327 393
601 281
726 592
417 786
482 742
646 759
610 473
233 30
63 415
147 659
103 451
305 392
325 10
39 26
783 651
438 827
76 26
538 157
114 622
778 217
682 188
560 738
321 197
102 825
621 306
72 658
14 341
665 369
754 149
664 224
754 212
405 668
615 251
123 176
389 735
304 581
784 132
414 323
678 287
70 481
872 865
661 253
138 492
189 524
634 548
431 563
855 614
214 135
615 99
129 804
834 352
117 167
575 359
15 785
193 528
565 535
128 134
277 709
649 447
390 876
228 799
175 259
298 525
343 836
586 806
666 64
116 63
170 550
335 863
689 457
146 676
467 152
858 293
363 468
586 756
37 342
350 210
583 150
850 705
814 811
357 713
867 177
550 203
788 322
167 210
337 433
153 333
7 549
727 768
746 180
655 658
512 644
839 240
18 714
399 464
570 636
402 426
333 589
205 417
175 483
795 129
264 589
338 777
799 713
818 175
833 814
361 296
201 255
842 313
188 822
274 39
311 483
829 466
294 34
848 533
550 773
26 437
724 837
447 702
156 716
251 860
51 363
586 164
806 516
440 584
865 310
569 100
149 475
647 300
498 600
278 288
241 268
71 37
456 285
568 607
340 76
741 279
444 851
670 699
105 384
34 211
307 435
793 464
777 703
148 95
828 412
422 31
704 146
759 258
816 1
692 267
72 860
291 58
508 328
186 204
424 719
424 4
691 659
764 465
838 550
175 660
397 239
707 274
111 778
157 653
294 633
80 821
721 324
673 234
536 621
324 384
146 865
291 280
461 182
554 581
224 288
645 682
654 725
813 863
190 163
384 877
769 760
95 527
769 101
754 22
322 449
81 634
316 186
544 803
541 399
581 623
86 99
416 406
511 45
755 61
296 481
22 433
322 754
192 747
29 619
874 527
88 184
144 565
162 328
1 202
93 386
644 831
657 239
242 43
683 723
354 580
21 846
236 268
379 603
675 22
649 109
757 869
56 219
201 503
39 633
480 710
563 323
546 281
123 712
52 712
198 721
733 506
406 289
422 390
607 449
682 351
204 66
424 99
688 106
317 232
553 742
488 523
642 740
695 724
57 864
494 90
24 749
388 24
811 698
498 281
117 686
671 256
712 697
642 221
459 552
614 129
157 451
283 710
806 608
27 158
16 59
133 417
200 562
823 634
772 53
258 24
868 564
723 212
702 705
748 751
105 635
875 311
54 251
509 391
699 242
185 307
758 485
441 798
385 539
845 734
268 192
512 287
715 781
578 528
668 351
624 94
797 306
67 13
512 601
177 637
570 323
717 815
456 127
93 139
135 636
295 851
406 40
458 480
564 869
787 837
527 624
142 872
400 460
364 21
751 603
442 827
458 568
324 292
729 520
387 507
434 167
87 867
578 465
191 788
335 293
669 26
395 231
762 602
336 335
40 129
663 342
403 785
226 779
43 835
144 483
229 217
233 814
76 20
289 745
289 28
733 238
553 69
813 27
403 20
811 243
276 699
21 629
454 856
541 700
283 724
761 868
232 435
92 791
37 461
235 589
186 450
495 60
78 513
668 116
635 836
104 156
51 439
589 164
327 234
158 848
844 661
37 284
50 585
82 847
774 325
371 301
623 694
843 768
660 714
420 599
348 20
477 514
866 44
26 746
609 662
523 626
467 75
394 361
783 140
115 348
379 590
595 713
811 549
722 453
634 604
714 615
675 50
462 634
732 483
494 329
529 783
460 566
751 616
484 871
395 331
295 218
437 695
111 448
740 48
596 285
834 406
156 654
784 180
472 790
197 732
825 867
309 50
183 743
609 57
60 82
577 440
154 411
546 31
196 626
730 157
275 159
860 118
606 61
665 699
316 705
830 144
629 737
428 808
536 187
252 113
87 665
200 153
808 462
273 392
149 29
237 602
742 193
873 118
410 183
358 181
505 743
639 12
860 705
760 59
659 92
82 396
352 227
82 833
158 748
394 709
141 482
218 257
114 432
516 754
276 383
222 130
124 575
431 10
598 36
49 760
525 775
378 203
553 786
803 668
720 696
97 144
497 132
558 225
260 189
560 422
248 691
338 278
725 401
727 83
452 786
417 272
65 698
751 639
384 71
565 593
333 818
797 717
445 472
393 799
690 543
710 460
693 396
320 268
489 358
54 661
700 805
40 291
573 391
695 10
592 118
816 542
191 805
242 565
468 158
167 379
107 765
474 247
272 795
431 573
256 405
222 734
578 591
596 146
392 795
815 325
694 340
14 657
515 537
783 859
146 172
536 103
290 674
21 54
539 119
302 433
816 823
564 832
139 448
527 299
49 222
487 639
769 60
551 145
55 172
459 68
720 147
829 559
647 55
611 579
445 806
192 785
670 762
603 283
693 64
179 189
309 545
493 399
20 97
37 244
741 249
543 375
601 404
819 77
110 695
509 741
350 321
557 343
758 513
373 693
580 307
229 299
268 519
693 183
694 303
568 698
787 302
1 591
788 221
167 48
670 147
596 595
245 422
526 585
212 356
322 59
430 637
586 34
787 415
128 187
844 156
862 335
412 331
223 361
391 8
157 257
651 764
272 443
48 535
158 694
214 435
824 285
347 94
330 58
240 633
42 736
575 544
401 832
390 357
10 2
600 489
339 383
267 490
298 507
288 538
36 293
20 609
385 123
22 207
163 398
423 341
137 413
709 820
391 686
412 462
106 417
566 166
36 546
446 445
293 93
22 190
498 311
405 217
668 63
700 538
299 580
723 623
430 211
841 232
313 705
680 725
794 709
510 29
385 261
651 46
174 803
67 423
489 345
20 650
787 21
808 313
863 843
368 299
737 483
338 615
224 666
79 866
312 29
728 112
121 774
158 712
51 270
294 395
329 592
14 248
699 484
600 15
295 395
756 869
243 279
44 215
834 718
47 826
673 383
782 764
126 833
867 705
91 654
773 57
537 114
867 33
145 456
647 807
742 21
510 771
507 371
858 107
819 165
455 235
601 567
665 470
519 471
596 795
851 35
687 588
241 402
482 573
755 98
377 414
857 305
497 519
303 569
16 137
144 478
745 63
511 111
151 279
276 541
130 751
189 332
222 538
869 698
407 623
303 196
786 158
436 347
2 839
828 735
205 151
633 369
232 478
304 478
175 309
235 246
92 808
806 611
382 316
112 768
166 215
405 696
6 790
211 1
670 583
20 287
838 174
345 746
532 247
554 363
347 507
184 530
519 513
666 471
632 166
704 627
100 145
90 668
468 67
149 644
568 195
16 128
208 384
326 24
205 329
623 433
222 217
369 571
501 463
777 89
190 571
571 528
729 299
473 463
687 267
823 60
494 375
754 229
868 328
519 856
374 425
756 875
224 802
633 378
706 64
637 141
603 5
785 154
416 798
697 200
643 433
475 195
116 652
393 111
784 521
125 586
530 740
844 786
97 115
333 114
456 216
396 334
851 397
157 729
529 475
71 726
276 17
199 212
560 161
717 460
718 95
385 409
4 275
761 735
631 828
210 760
817 446
49 655
727 7
89 653
125 684
612 555
848 686
248 298
525 651
92 819
286 716
140 751
786 598
234 683
663 58
608 79
515 397
554 7
713 582
95 750
153 678
649 233
539 294
798 380
302 257
819 153
286 607
857 513
622 718
436 677
515 71
682 790
58 211
774 261
374 472
740 701
620 613
64 379
106 574
543 456
177 60
394 522
622 467
50 386
348 758
862 701
187 103
152 387
264 552
580 502
758 499
541 542
689 182
418 346
333 809
370 224
579 587
121 37
67 362
467 17
692 606
508 867
163 19
202 464
806 404
552 819
569 491
495 515
663 111
593 556
409 382
445 431
66 507
315 346
106 834
875 448
710 394
789 539
39 396
24 38
649 424
409 620
46 635
620 402
512 267
531 537
548 473
309 528
774 732
809 658
624 277
307 685
266 551
248 834
172 821
579 655
299 338
522 326
360 45
585 1
514 873
469 635
823 11
606 681
789 834
422 265
135 5
301 797
746 481
582 438
364 41
426 31
347 342
490 4
44 500
623 226
49 394
582 124
676 241
52 766
235 19
773 239
81 633
185 133
664 422
658 413
275 100
163 111
815 339
55 752
434 649
553 495
250 268
328 156
154 229
305 194
440 566
826 650
593 848
98 366
407 818
377 823
543 811
50 205
434 71
159 434
322 759
854 269
103 392
717 612
494 178
823 356
8 148
816 161
673 83
485 90
469 299
783 772
532 146
877 382
368 856
455 264
199 620
719 753
852 106
629 266
16 271
589 449
657 766
345 632
474 547
846 236
324 174
227 51
53 712
233 216
710 858
622 343
146 53
161 820
578 630
256 699
258 102
21 698
314 436
760 39
723 413
762 791
818 549
304 488
233 105
711 178
792 10
53 73
848 634
346 574
257 489
154 18
208 409
153 245
188 647
251 477
762 143
123 157
33 322
160 310
52 151
398 594
400 810
682 689
238 190
166 380
454 658
572 775
483 53
174 859
84 650
445 231
641 774
52 6
289 476
473 111
592 613
239 494
350 722
832 151
151 121
814 299
427 103
46 330
356 809
323 835
99 615
253 595
164 559
1 219
235 177
330 204
370 785
690 468
386 407
668 207
382 586
66 793
858 583
186 480
790 606
849 837
6 8
5 869
549 225
488 747
311 1
31 304
752 738
54 654
633 63
37 25
130 365
676 732
4 793
3 787
703 706
136 294
229 119
692 430
488 207
36 166
677 574
451 872
532 844
386 585
223 36
134 79
706 715
122 668
28 483
671 497
195 543
108 481
456 797
145 313
535 195
402 786
475 840
646 748
688 327
306 332
120 751
200 108
827 786
644 676
611 20
167 231
393 82
194 598
393 190
455 219
178 274
288 830
110 809
390 190
438 224
438 341
43 555
213 68
260 792
687 525
489 260
654 179
33 461
450 506
767 752
203 541
4 602
323 233
313 663
778 97
29 590
641 870
583 829
784 205
531 683
235 38
808 142
358 384
55 581
867 22
685 718
800 498
340 299
821 62
490 504
805 468
512 608
145 790
578 449
154 294
608 132
133 577
779 652
90 844
191 234
727 377
123 137
625 169
71 730
827 647
175 432
116 760
575 527
708 90
375 462
602 62
359 400
731 235
824 567
734 531
825 277
55 102
611 251
174 230
173 769
64 731
304 360
229 645
340 451
177 127
594 667
454 673
116 872
536 275
516 667
645 557
71 124
116 604
372 265
351 121
429 243
547 103
676 544
843 723
532 635
293 716
278 755
792 307
313 772
616 428
482 543
191 275
546 309
412 220
693 813
77 93
495 434
575 121
154 813
393 870
533 860
88 244
253 817
163 57
144 355
42 870
459 485
539 536
590 871
741 588
334 50
372 225
516 654
788 870
733 248
252 538
19 759
295 445
176 106
649 266
805 855
17 693
418 671
542 263
309 220
274 270
366 423
850 637
57 730
498 410
408 409
188 674
724 167
465 99
2 624
411 171
460 730
430 470
511 575
476 499
384 572
557 204
558 42
310 829
745 52
302 766
873 578
68 338
490 307
757 619
510 203
350 819
285 376
631 143
134 182
9 786
410 16
157 516
583 375
36 573
381 401
182 121
108 476
76 353
333 857
120 827
815 309
121 661
730 287
287 790
397 263
707 154
537 15
793 181
208 371
650 163
281 457
687 282
255 727
654 630
105 576
213 687
487 256
624 330
276 513
64 689
253 583
729 206
416 479
323 551
201 376
755 244
511 595
131 78
650 164
405 537
869 543
18 582
859 751
291 737
473 198
293 536
572 712
738 247
832 549
83 515
196 802
267 210
444 728
803 484
732 529
863 828
238 252
555 202
350 194
739 76
649 852
577 791
338 152
484 207
818 142
12 614
286 93
753 792
664 728
311 384
24 695
94 708
685 190
632 694
465 238
764 774
391 642
821 527
604 306
531 18
322 142
110 703
131 685
782 393
149 1
295 102
189 767
650 115
689 577
225 1
46 501
140 708
785 182
860 91
292 66
205 298
763 274
64 598
66 574
722 742
694 214
757 546
717 114
437 183
347 851
90 331
81 546
245 134
375 165
191 311
446 517
795 250
126 844
305 493
750 745
498 250
37 289
699 374
511 444
832 160
522 875
41 596
242 328
324 686
272 444
612 345
862 671
780 279
90 562
15 428
398 348
858 833
627 444
607 807
276 387
370 482
74 44
575 371
98 853
626 139
716 623
301 848
426 695
159 310
457 324
82 602
438 363
682 555
142 517
688 82
299 262
728 201
504 94
858 27
87 511
658 601
203 297
8 607
517 789
742 291
562 368
427 474
393 350
196 566
765 632
375 197
324 661
403 437
96 604
663 836
233 794
353 696
815 344
708 819
122 314
552 181
751 127
800 562
611 833
439 483
262 498
760 109
119 225
713 281
549 168
192 346
165 457
130 230
21 442
220 459
80 223
614 390
853 503
395 515
325 409
695 270
768 677
240 623
663 289
3 848
632 278
463 208
376 596
836 381
275 644
472 317
346 625
128 431
40 524
494 601
550 830
43 643
338 785
254 8
746 56
727 14
447 198
378 683
736 351
570 839
202 18
539 828
756 558
334 797
78 470
616 366
779 10
527 279
50 185
486 454
783 803
291 618
735 400
277 707
612 429
558 556
80 539
84 872
468 677
460 66
469 76
288 456
149 479
844 53
701 60
477 327
686 574
669 542
116 802
103 269
177 606
818 326
489 732
498 228
218 511
221 556
811 724
630 392
222 677
498 607
630 215
304 18
360 79
325 542
843 484
402 844
844 82
59 792
353 461
560 803
282 570
88 601
505 301
820 327
877 370
492 459
275 813
718 579
68 89
519 630
425 205
205 253
392 89
334 442
15 556
158 666
732 766
434 25
52 664
55 54
636 503
168 117
193 152
117 446
279 204
27 529
122 811
399 47
711 305
786 575
769 267
538 466
157 499
839 397
635 426
74 281
572 738
169 43
557 573
631 450
376 470
598 641
732 600
584 357
765 869
623 204
147 434
644 28
755 508
259 611
204 539
443 693
595 816
101 7
138 19
449 401
262 461
732 802
733 679
699 427
148 403
756 357
691 540
632 299
281 246
337 418
808 530
307 632
238 568
714 542
72 173
654 197
443 131
728 405
424 320
776 458
116 619
9 810
410 517
733 215
529 569
343 481
646 656
704 124
91 399
18 541
317 551
112 783
207 393
560 523
696 157
825 723
384 466
849 768
60 194
23 462
541 66
634 356
816 711
746 311
604 332
622 23
252 774
823 146
825 247
94 859
679 515
527 404
421 287
193 377
686 158
335 820
428 122
876 287
640 103
727 492
106 224
328 62
533 484
377 287
807 784
202 41
186 753
791 481
706 421
284 857
871 823
11 454
648 231
489 576
1 121
293 107
830 663
558 729
423 845
596 65
122 610
287 57
262 503
877 786
380 302
744 863
584 390
482 710
500 400
94 62
137 339
391 238
711 832
214 504
570 398
179 688
753 157
599 163
260 77
61 225
562 65
304 175
105 351
858 263
179 439
664 116
551 187
428 356
460 833
764 752
103 845
694 848
200 127
608 401
440 718
420 748
864 559
352 485
188 859
875 428
304 115
783 337
604 581
282 479
435 690
682 702
2 19
847 514
4 360
500 344
172 729
763 682
287 319
107 215
162 150
85 785
95 446
297 371
98 571
543 750
549 597
857 144
840 376
456 97
172 212
592 163
593 833
575 314
308 453
214 552
839 113
128 36
436 79
805 695
496 103
584 738
209 435
263 207
18 241
79 712
529 874
865 126
732 476
55 226
419 597
526 53
277 745
295 254
776 733
697 453
786 392
855 390
250 646
511 716
803 315
269 512
765 45
367 663
208 191
297 719
338 847
217 623
391 568
825 48
261 673
783 636
769 165
1 211
476 705
64 129
120 800
504 191
230 174
488 494
622 778
515 588
364 475
336 406
242 792
331 738
80 8
705 78
868 398
389 184
779 93
835 136
729 64
284 368
486 407
180 83
643 861
402 53
628 228
810 259
369 625
633 668
562 672
218 502
156 689
111 469
196 435
52 578
860 311
679 551
295 68
353 648
372 156
75 377
708 278
374 381
785 237
379 648
482 819
513 256
658 862
753 462
73 281
809 218
539 442
406 834
151 511
383 497
302 121
451 577
750 705
337 721
626 167
111 349
95 824
3 755
230 398
431 118
12 579
513 34
453 132
698 110
827 155
367 564
647 91
119 488
745 73
636 99
673 495
674 471
589 528
159 54
490 155
561 660
51 727
699 848
259 730
22 362
801 864
101 483
148 317
566 216
606 35
551 347
112 744
13 252
206 429
872 467
502 690
122 203
124 782
875 78
161 490
397 457
502 744
860 734
226 560
213 535
834 380
28 299
356 744
108 684
751 810
270 344
510 523
384 550
168 760
388 86
834 633
633 657
108 769
526 457
784 173
212 730
101 78
848 325
786 281
850 162
353 666
14 25
671 581
413 491
640 646
112 665
103 229
848 468
829 366
495 40
351 254
544 573
706 580
86 515
50 557
605 647
415 424
146 377
588 608
417 38
227 38
403 593
79 736
79 95
300 421
33 344
559 358
730 75
289 263
506 539
789 492
668 168
534 799
224 66
95 266
813 406
742 260
248 403
119 37
104 802
631 362
123 597
104 496
569 739
643 705
238 408
385 466
667 664
704 331
150 850
190 848
872 662
69 252
253 527
3 15
272 18
146 737
679 276
293 425
670 290
775 848
334 165
123 170
248 369
283 79
425 287
710 127
201 192
469 360
267 355
490 343
38 802
458 251
576 127
362 785
817 486
407 749
13 374
783 444
566 825
184 615
275 221
197 551
863 512
864 517
620 544
873 247
729 640
515 137
381 312
36 312
94 787
756 239
242 30
405 109
831 138
300 552
544 385
297 582
798 613
566 534
200 502
347 377
479 454
225 466
119 686
48 117
378 401
512 233
804 546
54 800
237 607
516 117
147 395
257 479
22 20
575 733
371 540
281 465
279 874
357 70
182 511
158 9
225 488
589 743
112 97
846 186
205 18
8 594
318 830
869 694
849 136
396 789
240 368
534 599
538 500
185 483
632 369
44 218
8 190
544 408
157 533
130 19
583 793
748 421
659 847
594 277
697 187
238 590
421 22
336 237
742 16
427 198
109 13
28 581
266 399
640 469
531 243
660 355
695 625
699 280
185 504
557 624
391 874
460 357
817 707
527 355
201 837
61 319
348 89
319 399
481 514
786 820
245 148
119 453
389 746
240 551
585 98
179 327
788 705
860 854
220 3
841 713
684 191
595 57
704 773
407 794
871 337
875 146
345 297
143 337
644 170
845 460
95 765
847 280
460 507
833 119
448 403
514 682
824 313
533 553
312 472
292 217
293 213
663 442
828 544
116 389
81 237
155 28
636 38
232 367
160 540
837 702
56 105
414 602
309 501
517 560
259 106
461 847
262 384
140 550
102 67
174 332
702 271
413 87
362 25
419 167
790 353
793 118
393 856
133 840
522 738
97 661
392 334
836 188
603 733
233 724
201 533
734 649
455 408
777 682
741 761
5 788
815 200
817 217
429 200
621 670
434 149
676 660
92 262
240 391
150 535
228 710
299 382
411 856
346 789
307 462
34 847
511 429
576 458
8 181
647 625
173 393
63 382
549 531
429 490
251 835
831 411
770 592
113 233
404 216
367 724
650 720
479 398
372 641
28 118
731 561
565 640
787 694
94 670
283 36
21 563
831 608
172 487
725 536
290 856
195 194
357 374
639 72
713 257
434 729
507 855
845 761
220 311
242 859
648 42
208 343
9 394
651 87
227 786
710 280
637 84
252 128
310 180
532 676
314 2
517 253
314 303
78 316
427 689
859 25
163 203
678 341
572 200
402 135
846 819
21 863
80 501
686 245
834 130
174 611
265 645
620 188
394 867
345 316
414 717
401 69
702 569
438 450
828 17
263 298
351 201
647 780
706 456
856 485
512 850
124 739
257 848
516 89
46 205
809 420
367 73
168 758
224 738
775 86
118 394
100 129
337 561
817 751
86 675
589 409
566 791
54 141
520 235
576 472
741 562
301 540
843 47
726 597
724 765
708 599
638 138
31 56
469 197
752 431
646 732
805 513
495 752
123 658
776 452
221 219
627 300
190 222
339 403
103 410
452 709
532 31
643 417
521 512
75 630
846 454
211 22
491 422
507 436
553 332
548 678
809 429
259 610
654 738
188 497
397 623
227 182
107 204
641 817
324 379
490 178
383 118
495 648
648 786
136 781
66 155
874 220
378 850
676 30
866 360
494 627
701 617
484 443
310 4
451 178
236 683
845 862
310 604
773 348
684 476
760 575
409 714
851 312
123 129
267 228
310 39
455 198
495 394
189 843
540 85
852 682
545 6
62 478
712 124
472 363
805 23
224 694
461 183
815 856
672 143
229 171
589 480
53 392
175 383
514 207
556 383
630 402
556 529
850 681
227 71
592 464
102 428
671 94
197 467
195 356
51 235
14 598
751 492
272 550
533 340
365 503
349 520
25 319
208 574
530 98
856 506
105 60
535 167
340 829
806 834
511 535
813 424
261 241
574 324
386 378
689 686
281 393
467 291
68 266
821 271
434 3
824 82
8 786
845 185
658 199
773 103
208 66
98 545
745 855
355 72
504 654
856 675
669 645
69 730
152 197
514 418
436 613
860 474
710 62
257 126
326 690
370 106
777 461
579 98
134 346
619 203
378 26
693 246
728 212
472 91
278 411
163 651
347 422
826 770
80 720
494 748
153 640
280 56
868 409
523 411
544 63
86 604
784 504
762 729
181 376
662 717
606 175
867 195
630 244
559 308
91 108
121 280
140 107
469 104
469 419
729 287
199 766
419 233
833 700
648 348
850 191
531 674
618 163
302 584
840 377
159 550
473 593
76 699
332 850
558 633
759 8
589 847
175 77
375 212
50 518
168 265
640 554
276 815
843 117
120 169
735 766
518 506
519 390
869 53
816 742
102 297
449 451
656 682
434 162
695 694
819 338
189 854
872 703
269 425
640 840
516 203
55 729
22 788
829 156
766 498
282 532
101 496
377 863
576 204
622 359
236 27
58 421
170 777
871 148
481 103
669 825
817 144
781 479
730 313
736 507
364 468
275 83
833 809
522 525
227 257
27 684
619 515
563 782
83 480
269 28
470 434
679 10
574 804
848 595
209 113
528 38
267 458
394 734
180 857
342 173
622 613
588 530
386 606
99 606
4 350
282 543
599 622
165 815
603 619
602 529
164 338
307 192
570 336
127 30
844 425
419 699
495 209
193 360
133 324
246 514
615 192
724 730
618 842
287 805
254 407
200 554
286 552
607 876
649 363
840 223
407 26
618 512
748 727
621 170
162 644
291 549
308 589
365 620
404 502
64 249
689 288
448 88
282 133
13 16
197 307
141 486
483 73
702 115
405 81
187 125
116 338
447 87
752 496
515 556
806 29
720 708
347 728
350 596
42 301
171 764
758 592
462 397
275 379
836 557
801 72
28 504
585 446
6 236
164 469
875 6
38 817
2 654
684 617
170 799
301 55
29 210
692 278
175 610
488 364
514 168
606 834
826 35
534 720
404 21
597 415
83 332
497 272
49 55
87 6
710 494
514 91
254 120
110 221
700 591
711 500
663 382
204 692
156 413
763 431
840 704
692 609
234 140
570 712
76 735
859 257
848 794
649 223
794 807
815 755
834 197
727 408
643 291
17 421
53 180
604 780
408 645
94 149
131 864
647 59
150 625
136 11
537 488
326 240
819 216
749 510
32 747
676 12
508 193
146 572
400 783
863 857
732 417
224 648
667 412
43 787
579 869
49 40
837 618
731 251
180 355
198 6
769 474
749 634
19 109
739 724
242 77
705 783
7 499
266 750
543 855
639 642
310 700
17 269
454 858
738 250
39 692
741 708
152 808
318 623
118 856
618 17
653 67
88 625
840 598
476 681
859 793
589 837
511 572
442 741
21 607
260 505
189 461
516 812
209 858
817 720
797 379
603 284
488 346
291 111
50 238
628 249
222 224
277 192
80 132
318 820
725 348
246 250
210 391
607 774
338 172
565 131
382 447
753 416
389 302
773 513
831 766
706 108
524 214
690 225
723 659
430 529
696 71
194 304
284 256
865 730
717 601
166 161
439 861
577 206
262 190
247 451
12 68
415 578
616 790
314 676
811 505
120 49
723 597
667 663
210 278
505 11
710 317
849 458
17 32
418 798
509 778
130 321
93 587
166 387
721 373
872 861
308 370
502 343
394 765
342 799
146 577
788 112
24 296
369 742
461 376
463 569
304 547
297 175
784 861
233 745
363 822
96 34
814 618
754 326
311 414
403 758
460 48
826 328
206 564
564 398
196 720
106 866
628 739
558 444
721 778
561 161
556 368
525 443
158 458
107 340
659 503
610 248
849 539
22 415
650 338
482 656
787 225
875 260
877 536
396 781
92 746
700 489
868 311
204 728
830 43
687 221
191 88
618 692
12 304
140 765
179 503
626 875
35 330
771 110
92 828
498 643
548 10
595 150
105 424
641 465
173 5
612 757
850 630
538 843
832 266
170 673
154 298
372 281
410 269
432 584
33 257
837 776
768 257
181 185
672 355
723 1
152 614
27 402
777 469
248 101
28 438
303 193
305 162
452 602
622 538
109 242
120 820
584 342
41 9
422 268
757 300
191 385
668 153
635 86
526 694
545 834
874 8
450 221
571 56
402 630
165 716
734 353
704 18
351 218
725 542
796 546
13 690
124 750
52 185
769 323
660 370
806 497
375 745
384 61
789 525
36 387
472 306
225 162
723 159
390 873
262 647
265 628
286 483
289 589
676 47
200 309
436 190
113 724
595 345
421 377
172 656
374 267
676 481
107 806
109 235
680 313
37 169
793 115
302 676
298 330
9 354
215 316
543 174
854 282
446 791
582 320
768 652
345 314
219 170
458 180
719 873
649 338
354 101
317 538
563 363
377 316
287 166
15 45
169 847
109 781
147 422
202 330
216 469
135 673
744 426
778 281
621 149
726 179
304 310
550 133
507 139
514 153
589 89
439 115
38 209
867 709
281 234
561 805
300 271
466 547
541 721
98 526
143 318
625 779
38 32
842 87
244 487
524 676
609 738
546 409
857 34
713 407
10 792
175 471
458 191
4 682
846 388
118 782
276 515
799 804
837 204
675 244
841 732
678 99
366 346
349 482
538 676
850 329
282 704
407 428
229 858
102 154
356 673
36 15
604 376
841 26
125 166
71 334
378 727
40 162
495 500
741 561
298 173
7 429
834 107
799 602
800 306
676 181
604 495
615 277
587 180
346 777
126 324
645 65
81 814
384 105
49 261
818 397
30 314
512 85
187 814
253 104
5 697
167 199
577 751
724 551
657 697
569 610
201 382
697 451
772 833
755 643
367 524
188 831
462 816
214 827
320 461
107 297
237 16
845 635
473 482
591 227
630 617
42 14
683 31
81 89
299 46
120 76
780 349
781 553
394 234
69 727
500 132
604 851
567 345
662 857
662 130
313 561
702 53
751 336
816 867
581 843
596 807
267 605
786 16
315 721
418 451
202 276
494 174
313 674
318 863
761 3
761 46
448 503
164 598
441 489
610 359
657 328
285 363
648 798
789 443
418 189
227 719
558 583
831 495
616 31
852 285
249 141
176 347
287 34
490 186
509 852
842 736
311 461
571 702
132 139
685 139
207 268
309 239
872 355
289 587
240 402
565 768
765 531
284 120
161 653
821 732
219 793
679 327
203 256
24 281
21 873
5 276
43 737
10 731
814 157
466 265
165 721
709 150
576 531
588 584
746 483
811 201
741 842
131 293
148 506
372 725
123 153
286 439
710 512
346 319
491 213
221 130
591 263
794 106
63 675
10 573
615 445
232 741
78 304
843 785
308 537
740 531
766 391
831 686
778 652
523 552
252 705
454 781
861 451
663 320
166 145
495 197
480 354
209 303
263 526
151 342
686 796
456 310
626 325
312 80
440 5
424 479
206 620
246 681
518 610
690 51
726 808
625 525
275 169
288 382
823 204
590 406
848 614
351 486
192 533
815 567
635 366
157 691
726 767
629 459
505 116
808 703
60 811
837 70
718 460
773 570
550 61
208 783
245 33
139 594
177 430
788 762
807 245
573 157
574 430
32 708
138 876
129 689
583 292
397 529
287 822
716 868
148 595
2 674
51 165
304 812
428 725
69 484
14 415
841 737
660 291
347 559
76 39
829 639
367 544
133 184
635 653
597 62
138 53
49 3
106 52
325 704
658 210
54 353
76 489
150 785
316 50
300 148
764 862
51 669
582 715
269 313
324 751
860 124
346 668
442 863
721 117
812 255
570 270
278 679
446 765
224 863
194 239
286 537
321 527
489 486
269 853
109 256
375 83
535 659
75 522
611 25
833 55
262 700
502 721
193 731
784 605
379 467
462 584
661 152
693 289
298 663
230 386
373 466
853 429
802 602
253 359
552 429
152 786
416 752
206 108
543 209
563 120
138 873
732 142
15 504
414 245
202 82
485 700
438 287
64 385
333 191
526 287
237 184
100 502
126 323
198 431
483 271
184 485
772 46
350 54
760 611
815 136
485 123
583 92
620 746
399 145
457 268
220 518
129 738
4 327
729 755
210 713
28 778
731 236
801 357
607 251
475 810
611 691
761 660
156 122
210 703
724 57
690 318
581 610
240 531
450 849
786 522
514 391
491 753
80 680
739 205
801 702
762 712
83 420
196 816
358 355
583 275
841 240
198 70
145 118
601 303
755 551
312 673
441 149
775 471
393 173
691 800
768 606
417 601
696 263
54 662
145 586
510 521
366 274
385 430
278 293
26 258
145 347
154 808
321 147
412 78
362 506
531 439
787 106
734 82
592 242
358 313
576 257
122 334
356 628
192 85
466 332
600 391
176 452
231 667
493 256
470 250
382 840
551 338
20 768
240 865
631 501
350 461
10 314
102 379
49 333
378 397
776 572
701 861
188 459
329 352
689 829
461 627
488 714
499 279
34 23
786 496
492 260
366 224
223 569
740 639
845 493
603 479
822 354
273 630
592 676
459 415
378 794
706 97
559 577
447 812
117 822
106 443
126 848
548 611
876 570
815 40
2 165
188 152
795 352
798 282
712 514
747 446
10 243
535 776
644 78
738 663
813 380
795 273
562 755
427 347
543 482
157 291
378 621
141 842
159 606
311 115
168 483
839 101
65 652
320 121
247 598
873 527
819 516
658 356
733 513
774 616
684 382
9 715
867 816
392 774
377 451
197 367
358 389
14 668
808 536
826 113
664 423
424 257
204 719
47 618
448 844
340 277
666 205
640 517
53 133
532 531
477 772
519 477
244 561
297 633
633 444
689 815
318 59
818 832
802 518
780 342
401 348
180 707
656 250
308 546
419 13
664 325
332 774
584 1
698 712
482 877
488 328
265 286
842 457
747 725
622 111
331 874
475 822
258 186
846 811
437 494
685 204
724 473
664 94
105 277
802 405
843 149
307 36
549 205
442 735
294 345
25 756
64 484
157 388
123 233
529 174
784 434
329 397
720 133
219 747
725 833
465 640
500 724
702 206
504 90
647 370
610 481
65 840
288 875
274 60
183 26
3 400
539 191
667 98
406 394
118 479
155 182
481 841
486 676
433 296
694 386
235 100
180 182
164 531
651 583
844 109
32 205
459 386
847 373
354 692
264 395
1 714
138 853
448 608
348 496
197 416
17 503
56 641
86 759
626 309
746 469
130 123
406 212
137 27
84 313
513 460
654 446
16 126
766 505
428 127
42 591
452 485
703 694
133 111
245 234
320 223
265 656
693 817
452 564
825 215
366 252
442 155
722 364
478 693
687 763
389 774
528 104
674 11
716 367
822 334
396 424
741 168
169 721
477 56
650 160
238 159
337 336
268 152
483 250
139 382
776 297
264 304
858 673
21 513
264 351
65 687
67 264
833 222
360 211
486 90
324 505
411 192
769 711
572 583
424 560
866 827
691 457
877 632
198 518
606 212
365 570
38 352
61 193
707 201
63 376
315 365
125 313
107 722
398 247
382 472
185 636
581 389
421 190
421 772
300 700
614 231
419 630
211 775
94 617
803 52
234 684
536 78
682 115
685 711
104 3
741 853
25 148
196 114
725 550
553 542
48 600
12 105
423 422
270 235
454 516
473 848
55 133
679 384
517 650
674 351
317 650
212 574
546 353
152 328
255 632
131 107
37 539
518 332
353 171
512 3
249 669
435 615
34 499
161 812
231 634
808 161
419 343
2 853
166 106
685 763
335 412
464 598
763 42
193 627
160 778
643 827
308 178
57 801
91 745
76 745
183 263
648 68
704 97
388 778
648 320
775 113
608 831
505 255
761 646
328 700
110 775
54 16
312 36
399 269
129 458
5 15
677 787
172 752
619 15
549 578
16 583
441 395
701 765
481 471
651 264
838 143
44 10
422 227
782 248
603 486
480 418
553 656
124 564
2 812
186 177
177 158
668 231
183 298
598 689
527 172
433 165
505 21
696 232
143 248
436 419
699 117
311 156
4 239
64 164
112 491
626 863
33 691
217 833
235 366
707 391
85 264
717 180
662 490
683 108
512 396
196 38
790 642
652 79
821 673
808 256
203 636
646 629
441 71
320 829
336 411
764 148
10 411
172 154
379 744
547 145
434 341
456 613
264 459
808 175
864 92
111 204
566 771
385 536
295 53
540 382
778 465
326 36
48 766
90 130
286 247
21 106
132 342
336 815
405 710
172 599
17 863
529 132
56 531
73 603
864 373
610 361
810 298
494 851
147 244
406 305
615 557
483 722
763 262
47 449
395 544
622 13
404 280
767 141
645 200
842 340
200 743
759 427
69 553
582 686
53 205
570 317
248 799
249 668
526 685
112 725
31 40
305 524
783 610
126 620
275 465
757 264
575 305
408 249
41 690
871 357
764 366
512 767
260 66
434 223
56 477
60 357
331 736
868 71
278 514
372 345
192 282
104 727
877 251
124 861
820 226
32 691
105 79
507 620
552 42
437 227
299 859
38 308
647 869
243 172
67 718
814 437
836 526
781 522
283 447
799 129
639 416
4 525
290 455
213 110
40 579
701 93
556 635
334 542
635 524
579 810
731 158
249 697
565 195
532 71
151 197
36 377
771 239
453 584
739 541
594 264
121 423
651 851
232 388
853 814
674 144
214 217
289 835
307 28
718 228
332 615
705 526
498 772
760 591
462 294
10 239
673 549
449 456
501 367
783 338
677 251
751 787
79 407
717 746
459 179
223 170
387 101
337 72
204 748
122 404
123 14
46 684
374 226
144 291
63 281
623 768
511 58
645 494
724 425
120 98
735 835
784 782
801 672
589 171
735 875
350 186
519 601
775 346
579 109
82 559
179 308
124 86
752 663
142 166
143 220
484 154
185 462
829 440
762 326
771 126
86 597
675 325
126 161
267 457
476 80
774 651
668 762
100 273
744 543
283 397
31 571
877 583
742 372
698 458
476 410
496 179
169 851
683 684
220 359
614 293
205 45
174 540
16 415
146 815
254 212
127 686
661 311
332 518
522 466
830 235
464 105
173 668
101 335
602 567
874 500
105 479
711 156
494 111
841 792
262 854
56 245
346 524
554 233
424 658
665 490
811 7
613 484
271 853
730 512
633 783
658 71
860 131
610 192
437 868
493 617
26 836
478 741
201 741
466 606
433 846
379 323
494 5
35 549
393 687
680 814
491 618
682 726
826 571
117 203
519 161
38 307
850 760
372 159
248 547
174 397
102 592
570 350
127 599
789 176
830 628
648 134
776 400
183 690
580 363
581 355
139 464
280 649
552 119
480 404
550 875
476 183
186 515
171 278
371 517
597 94
797 33
763 330
690 614
61 837
450 633
752 532
125 526
698 109
699 361
240 594
848 7
441 666
283 411
364 437
378 346
253 649
803 298
773 299
752 283
592 695
517 51
429 58
660 508
37 584
144 170
439 827
267 537
144 525
613 44
716 771
716 712
788 205
384 214
477 647
631 511
336 4
589 762
819 164
503 471
750 411
791 716
734 138
239 552
590 320
4 867
26 77
337 27
337 750
283 483
103 105
486 115
731 850
614 688
237 77
459 119
594 453
668 265
135 743
7 761
143 262
158 170
455 294
822 221
364 285
818 97
459 44
422 385
523 208
365 534
718 586
443 601
324 8
842 48
618 248
515 417
609 462
348 150
39 697
153 762
835 464
85 120
63 120
563 259
716 846
158 574
80 123
34 179
713 376
587 441
491 646
130 730
737 354
665 509
719 822
723 585
833 470
631 543
431 37
173 227
640 638
363 492
162 65
218 735
786 434
111 477
204 606
577 28
126 302
134 523
84 4
144 748
549 94
843 810
787 553
384 309
738 9
754 224
369 746
748 89
723 474
191 47
666 317
319 561
155 488
803 18
606 479
309 709
733 696
475 415
789 646
370 180
810 541
480 232
578 164
748 366
375 580
654 113
216 552
269 173
242 546
591 850
168 293
537 728
759 81
739 75
583 865
779 122
467 729
637 386
395 373
340 182
509 783
215 767
310 832
594 188
41 634
45 534
157 511
390 359
778 772
639 371
161 144
750 338
520 286
350 241
665 859
705 774
523 206
571 671
88 774
601 264
90 514
766 7
696 650
61 716
400 396
770 775
644 764
386 28
58 371
529 767
344 89
56 611
19 12
753 524
313 738
413 443
355 379
48 524
32 198
621 321
875 522
687 181
399 695
516 581
275 231
576 819
350 126
192 583
155 713
801 179
497 724
141 520
533 433
183 710
792 484
650 253
704 348
392 782
524 207
643 721
182 542
319 551
12 832
756 88
418 427
534 400
332 600
663 756
226 608
243 386
405 369
640 363
500 678
46 53
341 332
159 640
794 701
112 12
682 831
42 581
414 120
323 9
100 549
781 697
174 217
862 869
481 600
603 168
604 520
109 102
364 242
241 856
809 11
444 76
501 7
564 625
375 423
430 509
567 708
270 508
370 393
589 599
365 88
366 101
591 57
335 515
701 585
333 420
505 760
28 99
475 757
468 874
872 111
214 716
188 609
556 311
495 5
578 795
332 560
503 432
32 666
843 63
864 152
322 541
816 450
243 568
83 642
799 279
268 55
553 516
567 684
469 812
570 102
843 140
529 16
144 490
665 330
448 17
867 258
392 482
429 803
156 765
282 26
825 327
419 767
115 642
591 573
647 319
281 143
427 152
551 809
250 812
779 35
640 203
402 854
628 57
846 496
810 753
746 872
260 133
136 395
101 135
139 138
784 535
488 852
361 234
659 136
360 504
737 553
238 718
330 11
658 777
178 576
89 23
514 595
589 760
843 133
76 103
759 241
22 431
335 481
284 655
588 10
492 247
836 108
76 297
574 568
521 396
497 271
635 576
262 265
779 433
121 30
429 173
139 94
50 34
875 712
821 449
568 603
291 641
492 441
778 805
510 822
610 267
670 254
835 812
177 827
465 16
532 251
844 181
588 133
534 857
5 60
386 147
703 114
409 511
465 697
361 326
15 857
379 403
253 704
161 271
173 78
201 176
574 592
593 268
171 223
99 455
192 104
528 103
195 568
287 395
662 246
120 175
563 453
860 244
689 19
824 354
291 646
761 405
490 676
20 818
311 134
168 144
23 327
333 875
58 825
617 365
48 592
638 431
729 465
395 318
843 671
377 764
681 131
628 705
481 72
611 94
649 426
738 863
420 722
797 226
690 513
781 360
602 74
196 341
346 843
13 523
718 829
266 692
481 385
341 142
718 367
594 507
227 877
781 249
858 765
831 430
749 122
206 17
771 63
535 462
520 296
757 261
23 154
276 626
62 339
227 551
304 220
672 861
326 356
1 440
307 1
853 535
19 819
168 151
366 256
388 677
364 789
687 352
728 314
285 150
769 553
240 431
93 67
534 875
316 321
24 43
80 525
796 262
390 677
463 369
139 720
741 519
163 109
806 363
38 572
510 585
646 618
710 6
350 534
5 595
687 732
375 750
447 685
362 314
108 705
236 279
239 335
793 540
573 571
294 627
481 661
206 753
305 411
634 571
429 717
840 513
341 385
215 310
716 262
359 153
310 595
222 412
461 82
673 744
320 735
764 26
527 366
13 159
620 649
452 299
55 350
508 458
386 380
558 254
869 369
65 368
563 241
784 642
408 762
465 667
270 108
734 561
308 540
821 552
130 519
849 631
811 312
811 100
354 293
391 439
156 19
546 250
303 236
454 195
726 398
750 191
399 535
865 346
477 681
847 149
544 831
835 607
377 160
393 395
877 768
680 540
163 647
75 210
593 78
97 33
408 436
6 307
156 324
840 407
355 143
72 438
400 808
517 754
610 353
24 580
846 571
225 197
100 364
267 853
869 821
174 853
29 794
767 181
362 547
73 409
375 509
380 235
368 369
226 279
242 406
103 505
480 570
190 373
449 685
213 119
68 849
480 78
90 169
648 634
163 232
770 384
771 329
313 142
372 185
460 432
246 481
237 772
195 83
603 125
670 305
107 583
308 151
72 195
181 634
648 556
96 761
23 363
596 415
741 199
816 93
190 744
498 235
417 714
125 610
845 428
161 637
607 564
406 448
190 493
447 327
299 784
232 750
411 378
251 641
324 346
74 583
473 549
863 325
538 387
549 500
617 16
339 451
322 281
51 333
89 2
711 192
109 522
735 159
276 464
850 77
335 501
355 780
324 234
101 466
373 870
788 830
848 123
697 422
26 113
227 285
506 870
160 322
141 352
752 172
272 209
123 1
824 192
336 27
719 151
666 1
12 728
251 203
72 307
492 740
291 476
35 776
439 811
829 153
333 404
210 290
299 37
764 856

864 4368
375 356
584 611
235 721
337 748
398 542
313 152
665 691
685 442
667 211
150 805
689 577
391 307
284 212
431 39
469 651
642 645
156 488
22 225
791 178
860 126
474 400
619 516
782 389
530 418
840 65
381 819
435 644
187 618
132 218
398 64
88 376
689 153
85 230
505 21
340 527
342 330
739 69
531 427
492 739
827 576
275 383
166 41
556 609
845 94
74 277
78 39
706 322
468 833
305 225
786 529
127 27
311 320
558 493
24 375
498 274
136 613
449 148
286 518
503 772
14 561
415 695
545 523
316 695
523 148
469 109
302 122
622 79
550 109
612 761
737 448
521 531
367 560
796 376
561 786
54 803
502 258
768 559
125 179
91 562
663 354
338 829
526 373
582 374
692 613
198 780
783 590
715 249
770 827
570 716
121 451
493 779
539 832
403 735
5 164
464 458
409 772
490 343
451 586
18 841
237 187
182 19
830 464
552 220
137 69
805 722
772 500
431 367
433 68
660 314
789 597
144 465
376 197
709 525
581 728
603 432
549 537
536 503
757 785
214 366
522 707
392 795
353 274
587 299
548 614
569 333
440 443
408 623
462 588
736 624
200 375
605 334
355 380
675 388
557 772
441 156
21 595
754 735
91 204
137 699
182 335
713 456
184 47
516 592
523 441
558 634
812 593
796 827
854 824
747 729
786 257
734 518
570 623
16 26
78 834
97 199
424 194
765 301
728 581
640 44
509 481
162 406
113 790
330 276
454 134
388 802
116 751
483 721
360 292
498 702
413 401
713 352
219 564
275 701
76 237
422 449
704 184
510 351
650 172
281 775
636 32
640 330
346 234
393 452
280 577
332 777
243 158
722 714
135 163
781 535
626 185
177 572
803 141
74 621
182 218
493 282
610 84
168 628
188 623
136 8
299 564
157 536
367 510
293 515
244 652
5 362
5 805
562 537
524 160
770 162
797 824
573 60
650 332
511 603
379 215
190 467
135 779
563 129
249 790
175 207
124 248
198 531
218 373
715 529
111 632
219 328
593 295
488 101
650 493
444 60
796 777
252 6
852 245
108 241
30 550
583 112
149 12
83 469
374 340
857 702
161 25
822 493
54 598
588 109
290 808
168 181
780 817
208 343
674 217
116 650
526 681
220 188
78 188
830 769
65 739
103 435
824 165
112 545
215 668
224 107
430 541
248 428
637 418
837 503
359 424
15 847
587 326
509 70
366 106
611 726
372 194
119 374
33 548
507 400
26 189
477 739
107 115
758 650
500 686
504 575
250 47
213 724
143 706
419 77
166 746
495 647
104 211
395 513
755 414
87 466
397 115
808 721
327 427
536 864
147 497
132 171
741 515
427 465
140 219
561 514
496 116
606 695
292 494
39 185
442 479
369 661
733 473
722 838
393 580
710 204
674 549
512 844
676 769
109 309
626 298
2 752
810 165
646 242
248 732
83 80
619 421
747 412
568 399
74 60
607 493
845 338
504 607
80 212
460 637
770 579
248 587
448 29
350 171
578 591
587 848
96 1
344 564
291 12
183 703
159 429
333 527
617 758
465 257
103 734
52 412
343 175
85 112
610 120
757 652
168 592
186 787
389 451
709 809
546 413
177 486
433 169
469 160
144 36
36 431
663 87
258 609
578 727
263 460
525 825
195 848
586 541
626 235
257 319
683 112
280 72
686 464
620 410
285 820
587 841
452 334
769 591
681 765
477 322
333 520
500 296
82 703
396 744
659 104
465 162
146 109
163 765
592 197
204 366
757 315
728 404
81 509
651 354
618 211
719 366
321 548
692 605
416 811
272 34
706 780
786 168
166 652
443 578
193 518
318 347
30 321
718 82
677 197
54 468
37 102
555 607
25 780
136 244
446 554
793 290
197 89
753 813
491 79
57 419
314 588
774 142
280 254
298 561
232 215
542 156
87 203
396 703
694 538
342 247
239 650
849 88
484 76
43 756
483 659
245 592
529 240
786 587
533 147
643 120
152 585
644 711
407 252
411 690
194 62
267 348
14 390
199 307
532 711
156 420
493 605
385 380
353 330
536 157
621 234
579 740
70 548
306 397
859 417
556 493
117 386
9 265
373 40
122 488
379 273
397 349
823 1
862 521
665 99
132 449
223 95
377 363
49 198
524 168
649 544
720 71
575 204
315 647
110 810
600 130
197 265
837 187
328 781
401 297
305 671
721 19
804 383
220 211
420 317
846 795
614 786
335 761
50 485
221 441
396 249
503 111
56 330
41 299
647 593
797 313
138 130
212 113
30 621
238 95
662 152
149 640
267 839
756 853
715 394
544 461
84 510
47 234
446 822
233 701
566 361
180 476
551 688
642 697
3 199
402 269
277 204
101 744
337 655
530 438
288 378
329 322
89 534
184 507
24 58
408 292
763 273
448 549
105 177
214 509
17 666
644 321
422 773
61 429
670 767
322 287
288 692
161 667
290 139
93 139
94 299
350 177
499 716
649 625
617 191
728 353
853 753
48 819
527 133
838 111
524 7
844 271
538 347
434 537
262 124
27 535
675 149
34 247
94 78
310 295
754 540
746 720
295 252
8 475
796 217
63 319
432 806
508 612
698 449
864 500
259 161
373 712
643 91
103 293
584 637
197 469
753 471
109 521
296 404
113 187
793 758
332 214
225 447
388 413
541 700
266 606
448 730
396 461
307 103
346 413
516 494
628 107
542 489
728 24
248 525
230 502
413 654
415 64
71 151
435 702
68 553
455 461
629 46
114 538
232 726
799 238
602 611
70 512
641 708
16 668
44 381
75 801
242 393
172 341
376 797
452 560
835 420
129 683
237 386
241 745
386 754
783 378
136 501
652 262
484 557
530 528
748 479
219 325
59 841
366 128
428 130
799 2
44 546
489 768
584 316
718 103
277 765
477 256
214 58
503 780
688 603
383 31
630 52
423 14
609 748
835 429
450 232
266 801
749 79
397 378
608 594
608 460
575 152
275 670
122 528
304 403
584 293
325 35
491 496
510 197
703 617
488 82
325 644
286 406
751 808
809 593
422 667
300 681
319 317
51 306
324 329
307 275
328 247
442 744
240 329
111 131
350 713
59 121
642 583
278 144
78 813
64 108
230 491
284 719
795 625
271 517
258 136
237 734
256 669
42 297
150 94
98 431
122 212
160 655
681 813
431 52
570 700
39 452
367 525
388 281
56 559
652 139
690 543
272 240
515 133
684 65
8 503
63 713
192 57
689 349
391 198
72 148
163 63
76 836
420 25
371 128
620 529
63 606
778 450
728 10
691 190
531 739
34 304
217 80
661 489
807 154
385 154
791 107
722 101
117 695
79 480
672 44
376 857
857 96
416 165
568 546
18 297
71 561
661 6
113 304
205 639
629 565
464 337
118 756
709 447
268 534
252 272
108 109
92 618
289 247
447 464
610 276
793 295
498 487
26 264
64 688
691 675
834 8
765 622
34 472
417 448
52 548
586 529
623 815
169 762
81 274
546 814
449 205
529 32
141 613
733 203
382 267
112 795
383 29
208 474
725 433
564 847
47 165
527 218
638 88
128 187
628 812
682 843
134 458
121 345
318 412
51 805
394 623
505 577
509 181
325 431
823 160
424 59
849 367
401 123
656 239
622 517
346 727
735 339
827 18
107 778
633 359
523 663
799 525
431 551
622 835
532 114
703 318
332 232
577 309
816 805
708 390
139 510
855 715
34 181
769 753
260 781
518 468
95 214
225 147
523 430
592 141
284 525
802 517
505 643
548 446
641 116
168 281
862 794
780 107
775 826
51 191
797 329
157 639
213 445
713 55
574 755
695 789
93 322
818 561
403 832
795 450
700 360
429 267
359 3
469 148
697 369
588 571
274 482
164 1
152 325
562 90
375 596
339 47
745 300
679 75
221 175
556 201
96 674
444 804
578 378
635 704
544 123
211 489
299 686
124 331
16 137
737 654
732 374
8 403
335 285
335 647
84 19
754 808
397 319
491 243
185 42
313 528
187 193
23 112
243 851
708 858
798 483
798 521
562 354
430 551
722 628
863 45
663 64
470 309
440 742
10 640
488 544
52 398
413 709
197 62
680 345
272 139
32 24
679 64
93 125
183 426
347 826
776 246
463 800
246 80
598 293
775 583
312 499
217 544
805 117
56 23
358 295
702 633
261 674
279 114
222 704
299 848
570 223
157 188
727 471
514 457
583 371
424 789
511 854
715 8
64 523
764 724
691 227
431 562
305 311
299 176
729 18
466 731
568 859
839 241
605 170
272 130
610 317
518 441
690 502
814 405
686 462
434 730
359 328
70 560
808 729
143 635
437 52
37 543
499 637
298 167
372 543
319 48
174 344
216 751
233 823
487 228
408 149
606 106
441 252
755 214
222 851
653 850
63 608
852 46
466 289
247 676
758 451
182 493
55 40
367 478
42 486
552 163
649 700
524 824
562 71
214 40
469 843
754 53
772 225
77 149
234 862
155 634
137 595
193 342
360 407
454 782
178 514
220 675
167 571
703 822
665 700
814 271
444 526
101 96
108 731
854 107
503 678
24 820
351 206
327 41
534 451
95 582
132 476
67 791
647 398
89 76
605 267
769 242
47 418
572 737
496 122
186 593
703 419
372 772
66 507
33 226
605 753
342 537
91 481
863 722
367 515
595 506
766 177
602 72
261 751
606 197
514 227
231 269
684 700
459 684
769 105
419 760
195 492
808 391
14 101
622 563
813 378
220 192
184 645
367 790
4 91
316 386
601 129
818 393
433 535
468 325
89 85
317 619
680 101
292 107
38 430
336 197
519 540
818 207
412 343
69 71
785 286
162 20
382 605
517 857
274 797
24 45
388 566
560 175
687 7
136 305
227 465
28 812
125 336
397 715
606 204
623 758
681 27
844 705
131 118
78 275
513 470
156 425
29 156
563 718
859 679
713 528
732 276
662 861
721 698
558 245
169 344
578 654
301 331
836 157
90 539
39 328
422 447
548 735
777 156
746 166
303 392
413 237
197 27
513 650
204 465
226 111
668 280
789 557
370 138
273 101
574 599
334 718
130 266
131 424
721 440
794 414
742 781
429 691
526 404
394 381
765 559
768 34
697 311
199 660
221 561
185 80
663 688
133 363
360 170
86 544
641 402
680 542
734 337
611 486
297 82
310 199
812 823
446 589
784 620
35 674
363 209
533 602
682 531
578 427
143 469
138 600
490 161
308 424
272 825
458 509
645 482
21 781
26 338
374 354
746 331
804 325
769 173
329 616
613 692
318 586
28 174
301 776
564 8
847 772
342 1
181 632
240 12
517 510
285 838
480 160
316 286
541 488
597 763
672 558
582 554
767 47
70 277
772 826
582 580
581 795
476 264
620 502
641 706
808 675
220 139
132 34
690 273
712 809
605 503
823 416
309 741
402 786
113 186
114 725
153 739
10 713
399 647
636 818
709 132
286 538
160 469
716 301
805 689
475 50
40 416
382 712
334 251
579 255
564 329
634 649
618 832
197 246
605 153
453 727
57 700
594 471
426 357
579 140
47 491
586 691
233 450
609 754
282 202
799 547
471 761
105 646
342 416
767 778
130 605
755 137
423 746
443 526
616 747
11 92
141 293
368 316
489 573
308 103
611 25
327 144
292 579
849 378
647 662
483 516
651 723
321 276
857 458
862 276
162 755
114 363
851 14
295 119
734 739
467 226
13 583
250 651
487 223
307 854
740 120
149 562
422 752
334 630
43 688
671 637
332 535
486 797
341 59
431 800
418 533
254 663
356 103
828 661
116 231
615 816
121 212
283 677
837 321
198 846
864 367
242 781
273 661
49 462
598 689
587 726
508 509
449 819
58 139
576 415
390 860
150 747
264 325
671 351
432 391
214 286
531 584
640 278
309 591
441 447
442 96
248 837
172 774
55 203
601 314
105 317
88 355
399 365
107 660
381 109
578 440
864 9
386 14
631 39
335 81
12 84
196 70
767 114
252 592
382 515
40 405
42 620
795 621
388 282
71 325
690 467
47 474
840 444
602 775
25 737
508 199
607 299
89 177
80 139
814 479
301 67
307 164
822 665
550 501
383 12
721 406
761 212
464 52
726 321
47 755
191 510
749 64
749 651
359 825
720 261
495 567
316 330
676 679
356 241
50 154
363 727
567 78
5 687
54 39
455 255
204 61
554 485
480 829
580 542
856 628
104 249
105 576
89 499
489 366
404 282
181 795
438 667
571 733
314 259
577 17
814 486
435 444
118 612
411 337
529 406
341 657
693 41
296 580
463 566
431 133
799 519
325 778
839 443
715 316
715 835
184 836
422 372
761 78
634 452
709 433
787 464
597 851
785 657
680 36
183 350
611 57
779 782
649 852
336 132
343 33
63 857
775 844
786 487
596 156
368 250
205 712
572 250
810 688
334 404
669 388
697 722
382 43
605 444
179 745
218 283
860 862
165 304
185 749
519 315
205 228
426 646
10 780
407 770
856 804
468 284
161 585
805 758
240 206
166 218
629 786
99 827
225 468
482 7
62 684
208 735
211 681
816 774
734 297
540 128
312 698
152 57
134 27
616 392
635 420
763 363
678 358
441 224
554 834
294 4
829 92
833 739
706 220
172 859
194 831
631 241
698 834
128 465
679 229
504 438
651 376
444 730
764 711
205 647
323 366
92 850
509 60
509 575
58 539
778 57
544 226
302 551
709 437
47 639
395 701
451 552
639 91
787 428
511 578
2 34
421 481
196 496
350 705
279 434
636 37
342 371
766 853
399 697
76 423
638 110
833 303
51 16
564 636
729 289
198 732
288 365
181 743
737 161
577 405
405 564
364 748
794 56
219 851
643 30
771 552
556 306
777 305
851 278
687 329
408 181
124 807
68 84
88 501
143 109
860 216
290 743
224 145
215 653
331 356
791 255
44 859
784 310
242 499
783 215
691 529
635 99
714 815
545 276
424 732
683 600
282 651
39 806
692 109
507 314
518 388
644 837
848 286
243 484
795 467
18 443
320 268
440 286
301 764
813 540
178 499
35 819
89 564
833 66
157 807
50 364
639 73
437 130
367 65
44 415
101 21
502 797
384 718
417 523
221 209
564 232
751 28
264 727
390 326
373 406
564 191
358 458
468 193
215 439
824 495
56 857
625 789
165 212
424 696
477 578
676 307
204 715
356 52
339 84
123 438
824 350
255 774
787 777
515 396
297 456
244 276
137 630
800 711
377 455
185 53
340 807
4 676
181 369
1 476
511 633
557 597
541 112
262 46
263 259
526 17
855 485
566 120
142 286
716 421
419 202
719 480
701 53
332 499
638 840
100 791
689 355
449 9
756 208
205 129
649 603
580 841
187 206
92 822
381 576
791 839
19 376
517 409
497 568
576 48
830 287
761 116
780 394
675 785
620 662
821 120
345 183
319 279
582 713
94 538
518 424
43 261
262 476
461 543
103 633
677 84
553 523
203 635
681 740
4 632
738 824
318 280
289 658
659 444
396 814
185 69
756 223
581 409
601 128
194 374
51 227
487 106
128 254
366 834
25 311
190 161
302 149
820 675
170 8
69 70
677 689
843 649
682 338
314 799
414 369
383 723
427 532
326 223
444 593
51 458
198 593
627 703
612 668
169 462
685 856
625 270
834 771
393 355
468 801
177 577
180 157
572 212
257 102
484 363
668 525
493 505
696 444
263 535
838 686
825 863
154 721
664 807
95 708
388 228
441 852
337 660
262 676
378 574
344 578
551 64
804 267
376 484
512 419
833 404
779 752
335 763
276 35
175 248
438 602
169 838
298 847
540 194
462 1
532 94
212 777
583 849
13 126
141 137
553 646
336 422
277 782
665 784
425 27
188 529
320 698
140 71
725 459
344 101
694 848
146 849
624 66
237 294
147 15
747 593
464 377
85 812
835 721
31 672
412 678
730 473
507 608
519 605
607 456
41 84
115 509
351 484
408 294
743 621
503 169
215 483
803 841
571 708
606 752
420 754
415 739
740 404
27 323
785 121
730 853
309 175
547 760
253 419
3 628
365 37
353 36
797 417
393 656
54 697
161 455
201 120
491 665
316 677
207 54
864 776
119 208
157 328
318 348
766 259
431 131
473 454
860 758
204 114
64 351
27 581
49 13
129 626
802 14
177 859
161 852
731 183
385 3
756 822
478 309
670 599
690 270
418 61
549 755
716 786
852 364
37 378
223 505
315 136
5 257
784 444
134 676
603 640
13 449
733 262
180 428
201 558
309 192
266 538
845 522
495 62
188 316
777 329
706 289
139 864
581 857
742 770
231 592
470 776
275 266
512 129
152 564
245 852
636 100
236 106
325 655
214 269
215 497
783 468
523 59
401 235
457 425
459 576
336 566
320 864
374 705
249 591
485 342
340 626
750 290
491 364
263 15
755 136
459 560
153 401
139 776
304 68
217 236
753 689
370 659
442 260
614 59
690 478
782 392
412 691
322 167
606 257
746 251
220 177
668 576
668 311
394 843
719 534
379 327
469 4
508 33
623 359
310 422
735 820
195 124
342 219
498 532
500 283
118 252
104 537
549 695
327 251
148 767
497 638
692 245
101 372
249 347
212 329
32 266
798 535
823 294
632 296
720 167
849 687
422 467
632 576
176 863
431 820
505 741
368 27
567 488
679 57
788 811
597 400
544 201
301 73
547 305
489 268
367 197
594 707
147 564
28 418
739 484
355 106
62 270
600 389
621 560
213 579
522 740
182 562
681 497
80 110
387 176
728 383
285 540
142 842
827 371
606 526
258 501
226 715
540 22
667 646
671 182
179 830
675 380
17 748
418 184
777 407
38 335
744 632
67 524
767 157
140 315
622 403
731 687
309 599
806 191
420 27
663 647
22 819
397 238
522 718
634 75
422 165
598 486
444 791
643 37
130 400
222 794
151 656
480 282
524 864
706 607
429 537
780 775
656 168
237 177
310 361
439 15
295 266
133 699
151 204
189 121
372 399
302 663
377 393
196 221
52 695
823 165
806 295
352 559
682 209
276 213
647 525
179 769
105 157
88 195
533 63
397 274
72 338
330 681
55 76
241 333
131 506
702 466
791 440
532 127
652 341
220 684
780 756
857 254
249 532
114 136
843 616
715 834
94 674
472 440
832 550
173 327
78 212
69 118
82 86
678 698
183 551
293 744
741 351
667 660
559 375
394 208
105 584
159 464
307 507
643 702
381 651
790 484
366 289
421 335
223 248
61 184
335 265
853 193
375 429
822 821
125 859
417 2
218 280
735 349
593 700
766 396
351 68
154 509
355 129
618 332
83 379
218 395
589 125
845 467
739 231
333 842
409 796
140 450
785 326
452 198
128 591
757 2
408 495
279 9
579 543
618 622
505 78
252 288
10 838
370 202
740 618
65 168
295 109
559 792
780 539
604 9
548 527
786 366
218 483
255 111
794 478
500 363
202 544
672 830
403 234
570 377
220 434
2 765
801 630
444 671
844 370
773 610
83 765
107 371
13 227
317 638
589 444
322 374
536 674
735 121
314 331
615 534
237 523
762 371
393 200
583 745
287 70
214 794
751 152
589 269
130 159
369 798
553 799
173 91
783 519
182 614
417 468
404 676
167 407
443 317
778 584
357 159
215 298
359 50
678 212
363 360
495 560
608 504
129 78
202 21
497 532
702 342
26 559
189 609
371 578
82 422
177 183
341 806
158 420
548 788
807 9
738 368
630 345
139 745
397 443
91 23
251 722
289 590
745 256
769 399
542 492
55 750
644 524
441 46
305 148
180 271
317 398
238 799
252 533
670 402
176 269
472 660
550 265
538 449
403 669
139 163
461 356
603 696
28 547
529 2
395 439
70 162
126 372
330 311
518 44
4 255
268 488
730 597
88 509
234 356
289 332
130 812
249 454
130 693
189 92
577 68
637 757
559 838
122 107
819 3
310 769
848 92
627 116
848 501
590 477
663 459
392 856
728 839
371 367
490 845
88 22
126 189
461 423
334 96
778 634
726 577
677 328
290 816
278 34
226 382
278 397
353 119
786 466
282 445
217 301
575 765
670 125
682 353
829 14
832 286
724 654
835 334
690 554
525 297
177 709
414 289
604 164
594 760
204 620
586 746
100 784
11 378
842 681
786 137
286 788
328 49
653 619
829 208
338 768
298 218
116 308
104 45
554 680
398 718
569 121
646 227
79 102
775 389
501 650
624 431
691 55
837 182
271 381
567 440
609 354
374 51
611 537
261 778
689 764
136 247
43 396
235 611
306 436
571 688
844 63
293 271
350 767
630 221
82 693
509 155
304 227
658 28
606 492
490 197
491 209
130 425
205 185
787 628
816 221
319 506
854 302
798 619
858 616
568 56
416 805
126 413
74 257
735 52
58 112
378 596
813 309
21 789
725 110
250 507
400 361
474 480
57 312
794 98
151 244
335 331
462 321
139 257
528 629
69 832
89 808
346 166
199 776
661 600
748 190
59 759
631 222
650 446
425 7
766 610
118 52
451 727
622 568
323 843
184 345
383 539
663 693
520 701
819 481
779 533
595 485
782 119
752 300
825 29
734 161
94 533
213 229
465 821
595 848
405 705
445 447
138 764
673 153
316 861
165 405
21 486
791 283
281 86
117 397
780 597
765 113
485 612
733 104
311 552
331 393
793 486
353 177
98 545
172 472
428 114
619 826
321 659
690 785
417 515
289 663
382 449
861 452
573 395
210 359
743 654
534 170
690 163
693 571
571 428
699 134
59 368
458 312
480 720
689 793
581 854
88 566
712 464
219 149
843 205
19 511
717 748
614 776
133 176
320 601
588 803
330 314
307 837
452 429
456 19
862 74
95 535
829 728
503 234
308 153
559 110
815 421
637 858
302 584
835 782
433 687
783 187
606 533
700 400
60 861
793 37
538 605
116 148
80 797
138 519
782 65
513 166
53 824
400 463
734 350
769 842
420 770
312 651
422 538
649 377
335 236
458 470
265 96
690 531
710 487
317 856
285 680
785 263
843 703
312 400
646 350
298 687
483 60
391 223
429 424
517 449
414 217
416 552
252 230
662 757
771 837
538 838
862 604
552 652
803 651
146 817
260 830
572 226
535 494
613 405
206 718
451 60
546 462
671 494
492 213
734 321
257 505
147 159
44 474
646 219
108 4
539 483
181 773
644 565
41 782
797 805
483 622
482 762
553 746
657 552
268 468
714 683
398 62
185 581
75 802
632 860
760 207
423 601
542 523
465 341
506 580
87 556
197 369
17 495
37 354
439 573
257 565
78 412
579 89
137 462
601 561
738 420
391 577
837 326
693 193
139 106
753 350
100 743
528 642
537 58
708 92
777 190
152 834
172 560
46 564
657 656
180 90
17 753
436 656
256 54
257 184
863 253
295 239
133 171
160 332
638 308
798 58
585 592
788 359
177 532
287 433
830 163
65 119
535 399
459 494
828 288
116 559
121 769
224 371
414 385
235 17
606 495
165 235
184 689
630 497
79 629
23 200
787 813
449 293
285 364
306 380
698 586
610 430
253 819
98 773
426 450
779 647
745 160
691 70
839 236
787 506
720 482
402 497
849 575
688 224
302 110
430 670
260 498
485 246
469 583
631 819
515 302
790 798
863 444
594 704
22 354
373 672
391 396
172 311
448 691
647 17
89 25
453 430
495 231
152 183
189 579
831 20
561 45
48 120
176 13
306 375
454 553
788 268
533 378
475 718
407 146
613 273
462 263
160 363
709 435
748 351
515 819
271 146
256 4
183 507
846 610
62 13
718 331
784 720
269 461
568 581
334 59
29 461
183 513
470 823
806 634
364 425
239 378
442 431
152 190
5 356
798 277
366 460
340 149
837 305
108 473
681 183
220 341
114 582
795 612
776 530
155 8
33 382
161 340
26 580
590 10
757 416
80 132
677 87
592 331
415 812
508 386
166 757
789 863
114 671
667 2
411 2
47 817
601 266
71 79
318 188
113 349
529 477
850 36
828 838
356 567
410 848
309 369
607 62
513 449
270 135
828 531
583 191
388 146
264 312
123 78
472 838
185 761
275 39
24 110
833 744
99 425
407 480
178 117
142 514
648 643
153 452
47 830
265 803
631 286
74 181
766 269
369 812
759 652
623 446
196 736
205 164
515 665
661 21
863 754
148 184
791 828
495 99
498 389
776 512
482 244
506 325
451 9
571 670
808 316
630 255
354 708
816 518
483 625
784 709
343 810
92 746
476 796
628 175
747 840
57 781
474 638
572 819
339 502
506 618
678 543
550 218
309 722
150 721
475 246
699 541
846 491
151 702
812 276
836 131
275 384
211 125
686 519
378 93
156 576
624 861
316 799
491 470
200 628
592 609
590 417
731 801
645 730
247 658
483 231
448 3
486 719
342 190
72 505
308 567
475 289
218 124
518 349
223 315
25 114
58 372
482 309
504 220
522 405
121 780
259 734
33 498
306 48
632 440
124 800
828 173
516 555
367 718
632 384
81 309
283 189
214 761
346 417
769 794
739 529
322 669
480 295
355 840
779 23
689 212
305 396
15 36
18 264
630 76
457 729
96 700
275 696
597 468
744 55
309 153
785 125
355 301
761 201
30 618
44 305
678 701
524 432
23 384
801 320
713 633
450 621
552 356
780 373
2 861
729 563
167 399
79 345
138 329
653 580
449 379
212 193
503 834
803 427
659 280
71 51
787 770
718 128
350 549
152 342
669 762
780 803
88 596
824 200
735 402
40 702
537 242
13 170
793 152
652 88
400 194
67 201
548 25
270 544
808 732
537 296
829 783
136 650
703 778
364 826
84 44
710 168
221 405
149 616
630 398
759 739
674 143
855 635
783 645
53 557
493 726
277 276
244 857
744 215
427 293
784 429
191 659
395 316
71 670
549 344
517 852
599 725
313 334
701 653
316 635
391 840
175 538
106 692
623 749
792 407
77 472
42 714
3 832
668 650
408 379
559 85
317 842
101 109
672 295
764 488
696 154
531 642
492 542
56 407
184 641
665 149
721 16
189 538
481 65
137 423
428 610
358 338
250 827
235 651
650 344
805 838
256 856
400 41
98 129
192 838
746 187
526 445
776 324
67 249
534 288
347 207
792 372
131 696
408 798
227 771
393 239
748 525
548 61
768 627
420 654
424 691
432 750
492 545
57 647
693 370
549 733
454 787
177 418
862 570
204 814
599 573
176 125
1 289
694 275
567 3
200 115
845 736
592 335
573 227
259 400
79 110
741 215
617 345
265 76
837 265
8 319
328 275
571 528
625 732
343 8
847 574
205 79
354 436
745 106
780 18
256 617
250 619
587 654
179 685
456 593
770 24
790 426
846 311
611 858
778 723
80 657
188 332
835 771
469 498
463 377
36 369
510 264
111 202
59 269
711 696
559 456
706 296
48 175
375 193
506 656
698 18
269 810
843 563
36 11
720 625
691 304
689 716
157 465
817 253
348 153
695 244
190 531
455 190
240 96
8 465
689 315
545 30
452 541
416 539
589 663
538 427
720 415
524 544
796 393
11 122
194 673
138 146
326 779
655 70
568 653
399 201
657 760
296 379
833 577
173 683
174 49
726 610
837 362
822 605
508 651
270 350
92 797
458 211
477 128
557 91
190 746
28 654
766 837
617 37
442 687
131 687
184 157
339 308
513 247
677 77
643 181
680 629
573 471
701 514
167 130
704 735
463 585
288 366
376 278
853 268
357 279
216 725
563 807
571 567
846 821
83 401
403 99
286 534
730 133
588 638
549 353
791 187
603 601
580 139
708 448
104 153
639 29
214 781
290 105
863 307
777 585
856 515
601 443
747 180
681 780
161 252
371 71
145 429
276 366
663 338
739 261
243 671
190 353
464 656
598 472
139 30
431 436
270 836
290 158
570 572
220 520
614 410
435 518
557 391
78 52
67 135
160 803
105 787
822 662
822 416
186 363
329 487
589 54
253 335
357 620
158 599
824 707
86 453
645 230
551 126
93 503
295 682
166 822
133 726
409 398
7 374
248 384
139 134
213 403
281 663
125 188
557 463
269 806
423 13
743 807
338 401
75 574
399 617
772 578
475 834
281 851
132 417
741 797
723 437
372 269
778 520
284 356
357 362
580 499
252 400
87 668
615 739
291 289
772 46
131 190
793 167
170 143
297 541
334 193
212 435
160 740
603 264
68 610
402 685
533 626
639 718
536 745
386 784
495 438
214 631
469 194
358 1
323 225
713 617
271 316
224 496
442 555
262 315
673 736
642 202
772 22
809 440
70 83
716 770
146 182
185 113
756 3
665 703
69 258
853 554
727 386
141 181
196 653
399 487
828 574
660 286
592 281
115 42
260 833
706 305
526 92
505 747
50 643
560 847
27 663
329 354
554 272
458 397
771 737
5 531
281 58
688 598
83 130
428 260
263 784
695 667
558 6
771 484
276 794
846 214
834 57
463 557
194 668
581 619
115 537
446 775
416 307
538 451
326 287
474 197
472 401
333 861
264 188
656 179
858 550
122 604
68 374
147 745
22 24
151 522
80 580
561 576
249 774
674 746
72 478
401 323
648 401
278 316
741 444
9 499
284 24
765 38
251 215
108 129
827 597
124 96
518 257
519 141
454 569
464 55
228 80
448 198
764 303
182 466
287 311
626 690
68 96
791 696
421 701
685 416
207 108
155 599
707 2
218 278
172 12
178 418
452 210
515 97
628 75
186 482
442 287
631 355
617 731
395 175
87 618
557 532
381 752
844 693
312 542
276 524
688 63
852 152
118 635
139 162
306 593
318 24
517 47
5 475
485 520
797 484
48 152
150 209
170 586
306 151
787 233
239 727
148 195
557 25
499 698
8 192
500 225
442 21
375 578
615 377
487 624
502 338
41 24
114 638
316 134
703 490
319 838
389 171
88 93
860 682
826 61
503 558
481 434
335 267
691 99
784 148
824 470
183 178
738 26
666 152
260 7
616 237
463 119
174 435
838 33
716 240
161 590
625 97
18 538
664 430
79 326
774 386
479 855
831 2
65 490
265 760
31 383
35 750
475 97
793 849
862 412
151 220
288 617
559 382
672 429
136 252
435 313
692 625
529 206
185 180
184 230
145 143
154 339
176 3
231 355
710 777
289 409
687 411
40 513
104 638
601 160
122 318
680 561
325 232
770 325
386 676
518 645
43 397
44 533
464 97
217 81
546 819
547 502
799 580
57 281
605 175
83 423
745 132
600 332
803 103
432 787
641 811
344 213
418 218
826 632
57 752
114 585
575 594
852 760
546 533
549 731
468 769
568 175
188 781
532 775
384 837
424 786
205 328
775 459
595 192
695 239
314 830
599 71
655 396
343 564
783 694
455 410
386 703
720 749
421 555
189 42
789 753
765 225
199 330
406 300
476 103
370 363
316 147
827 139
413 262
62 386
430 415
430 848
125 328
689 653
587 40
143 800
214 742
863 207
665 332
668 354
299 58
318 362
358 470
435 668
415 149
623 847
295 451
663 862
542 576
357 134
802 446
731 362
145 834
754 368
557 484
61 589
163 796
652 202
800 707
314 690
125 27
381 572
803 436
773 240
505 701
631 348
842 115
373 636
464 296
283 518
222 371
17 696
89 331
420 515
683 312
497 432
165 83
577 574
778 745
375 435
124 543
656 624
159 8
823 682
381 467
37 337
525 35
738 619
665 825
338 336
799 493
379 254
489 31
107 600
608 542
128 227
688 593
437 466
432 131
568 770
557 118
613 105
27 129
302 220
250 503
783 352
759 852
843 668
163 811
89 601
255 753
462 277
463 711
82 297
599 219
374 604
274 688
610 727
277 391
370 547
701 765
741 459
612 225
445 372
781 559
806 569
305 803
790 711
719 516
317 15
686 695
191 686
391 617
711 628
27 864
87 190
287 525
788 793
356 470
389 88
104 745
822 520
417 220
473 495
200 657
568 425
455 861
497 465
687 620
616 494
391 245
156 849
451 835
141 3
89 370
343 203
146 517
128 24
455 88
688 576
166 478
774 131
481 549
479 86
232 424
798 432
584 582
72 86
396 668
14 791
580 47
240 140
179 584
712 547
540 382
598 123
836 367
694 272
654 216
163 840
295 816
153 290
102 314
304 333
53 556
855 178
803 440
291 514
682 715
844 366
400 409
847 569
519 44
617 579
213 126
448 103
636 520
413 598
12 562
248 376
179 684
505 28
346 785
517 539
510 627
42 864
228 580
766 390
297 262
688 498
409 380
700 302
197 318
302 241
713 193
117 486
159 102
660 674
761 829
661 727
557 411
83 386
84 508
194 131
124 667
506 74
345 674
416 830
219 706
1 395
698 275
96 718
645 195
833 504
515 657
337 198
409 721
231 460
345 723
290 84
320 74
721 856
298 699
64 324
262 603
263 363
763 834
488 624
488 197
269 437
15 762
732 376
695 356
453 649
185 235
518 231
424 674
109 442
65 176
600 716
854 719
763 819
453 525
654 3
127 109
234 145
4 760
795 393
224 515
142 218
212 237
159 381
381 61
678 61
737 333
35 22
540 216
285 620
353 580
275 597
216 493
506 196
586 97
253 483
860 141
401 365
339 533
241 110
96 290
36 566
462 156
465 712
258 798
209 492
547 278
621 259
52 639
320 36
403 165
130 559
614 665
647 581
212 133
216 267
219 109
492 515
37 649
242 483
825 580
256 582
464 553
212 319
657 862
809 464
531 782
216 632
827 452
614 507
686 393
525 565
413 251
783 790
364 724
271 184
735 487
221 147
591 276
833 816
328 508
228 657
427 406
472 730
765 199
422 272
804 763
770 482
769 768
756 143
683 217
152 607
215 169
673 323
584 429
16 415
570 343
555 649
636 529
441 281
495 202
117 9
275 377
117 824
727 58
285 323
468 357
659 330
724 767
661 408
628 112
573 689
80 11
598 699
2 651
250 541
33 155
749 378
570 425
646 864
19 527
535 206
277 767
519 16
850 284
425 804
192 612
99 38
804 711
294 859
91 570
826 142
721 60
132 531
667 383
661 466
492 543
297 322
289 40
219 689
554 65
349 14
667 354
689 68
357 85
250 437
414 47
343 415
551 602
401 455
471 828
789 33
663 413
542 673
164 557
670 305
639 792
748 721
180 744
570 432
602 36
17 48
294 229
648 484
260 413
317 775
723 527
123 600
567 747
767 174
470 314
685 828
656 745
422 185
408 760
490 816
445 47
674 69
217 13
606 493
309 755
128 353
731 725
792 637
578 745
210 152
221 35
577 24
767 113
416 849
751 267
827 804
535 111
294 854
23 396
825 606
341 239
465 667
301 53
781 288
360 793
488 366
34 710
550 103
399 279
717 312
826 602
794 819
661 442
300 243
28 770
747 154
566 39
142 96
253 376
401 663
756 337
774 80
265 160
191 509
104 429
432 607
314 600
197 774
695 11
163 701
204 599
650 213
138 500
781 201
359 732
655 467
108 476
642 804
434 812
853 30
421 770
495 69
492 795
691 560
212 450
730 541
172 800
486 447
16 162
836 285
487 695
110 379
862 156
57 731
331 468
704 644
463 644
228 194
615 470
312 694
636 569
470 734
198 4
455 32
144 431
186 129
457 429
95 388
830 585
482 414
700 511
766 587
801 837
471 858
536 108
811 527
242 117
850 628
500 848
157 433
88 285
200 577
714 247
1 48
476 156
849 353
796 591
581 239
764 65
270 861
123 766
548 437
214 775
821 851
845 682
256 51
259 371
425 333
615 629
227 652
86 468
193 855
160 633
157 151
200 362
645 500
184 729
494 12
369 739
773 664
192 767
248 268
728 417
176 499
512 520
286 167
92 856
399 59
190 817
97 566
817 492
133 528
8 652
816 158
445 116
215 465
304 445
603 819
286 54
503 296
46 458
219 522
453 559
846 745
185 500
205 627
460 138
703 94
374 437
592 346
231 276
751 151
73 532
144 6
260 113
390 789
815 481
156 34
697 683
231 816
632 478
108 240
589 233
538 499
849 433
369 740
647 457
687 667
526 682
764 318
33 87
463 496
53 28
435 465
805 754
607 367
203 470
518 587
240 102
481 147
762 843
580 182
708 856
178 767
453 570
33 192
398 456
205 620
132 284
616 396
83 48
319 179
856 443
51 817
87 482
593 410
129 424
141 791
413 57
281 584
579 657
230 719
835 827
412 83
488 4
198 420
625 467
437 85
826 737
744 6
449 695
227 116
134 736
636 323
725 749
782 140
381 377
698 362
560 749
334 712
422 10
143 71
357 94
233 475
528 352
732 137
493 435
24 463
133 659
78 635
63 667
119 149
32 415
587 856
641 694
324 609
492 668
510 152
717 683
704 315
133 255
339 272
859 12
434 516
537 461
754 857
764 730
512 541
543 814
324 544
491 304
18 525
41 163
496 74
575 356
266 531
601 432
213 360
72 618
216 808
643 476
11 655
801 204
323 12
812 87
298 22
136 197
559 271
775 527
233 365
513 22
659 243
1 652
40 182
457 680
736 682
649 9
226 129
246 196
670 778
692 105
140 798
385 859
71 491
459 525
353 2
164 797
227 98
229 330
136 750
692 597
306 709
753 395
610 286
420 432
168 766
423 286
388 345
483 134
139 853
309 339
147 530
727 813
562 834
100 722
670 265
101 715
654 568
363 573
660 807
593 185
846 149
116 5
355 484
258 775
466 545
86 798
306 311
382 783
860 830
397 23
576 142
793 440
23 157
703 336
62 168
525 251
379 586
768 645
786 28
255 254
239 174
442 339
540 408
27 128
229 452
213 378
20 483
613 25
551 539
522 336
314 322
372 7
580 620
89 747
177 55
512 265
162 142
111 615
654 315
63 677
99 460
338 441
543 324
410 832
638 137
420 689
110 102
325 205
200 436
665 155
663 672
371 118
171 117
815 371
487 584
46 855
195 295
712 303
324 64
233 330
515 34
211 70
133 396
462 466
635 492
671 687
267 224
287 749
291 540
54 232
202 161
241 122
77 859
139 720
711 405
624 517
71 650
314 366
364 768
592 734
663 157
41 585
580 813
85 639
214 680
658 434
722 387
570 550
718 695
333 133
386 391
248 648
209 646
320 719
11 62
836 360
656 297
654 460
472 539
445 403
271 576
808 490
754 410
517 398
836 613
723 259
365 761
727 812
375 123
857 534
16 82
326 494
236 565
536 286
554 734
645 362
224 730
317 660
321 187
673 308
655 543
487 185
34 512
678 857
381 695
19 172
536 834
854 77
501 803
281 566
73 525
247 210
835 773
766 571
485 713
452 124
704 268
200 418
642 521
721 459
80 477
845 828
137 540
725 387
321 402
526 204
484 567
267 129
363 763
145 151
626 191
455 374
649 551
443 598
596 400
112 712
712 428
289 365
18 357
19 507
129 644
204 120
370 135
715 248
479 54
579 156
464 858
29 824
212 8
802 248
90 717
752 13
21 153
846 682
775 768
64 15
245 699
11 520
636 202
84 767
434 258
145 322
14 785
149 650
684 318
760 737
463 46
357 535
232 389
585 844
213 531
587 592
52 858
860 580
295 586
384 687
793 671
3 640
183 840
26 118
674 717
660 294
480 638
438 235
648 496
26 300
7 258
119 537
543 427
709 100
88 680
33 310
824 551
244 842
678 843
146 235
682 589
470 522
791 386
343 322
714 567
587 271
186 50
128 455
661 301
849 815
150 603
445 543
176 735
781 266
267 578
622 210
650 325
246 208
312 654
24 547
596 307
557 582
263 402
317 590
176 243
502 334
298 829
492 853
203 650
440 328
592 453
387 544
465 704
88 687
412 552
397 806
575 542
625 854
37 149
296 476
794 493
522 726
120 693
411 630
467 533
