Id,Sales
1,4579.789851
2,5193.873536
3,4180.583063
4,4238.897869
5,4645.554835
6,4909.416428
7,4178.548169
8,4796.733272
9,4337.203575
10,4114.143585
11,4239.729518
12,5182.538891
13,4387.923207
14,4272.262817
15,4191.70332
16,4565.123532
17,4441.654096
18,4117.487136
19,4609.353759
20,4508.544874
21,4793.02776
22,4414.272492
23,4299.395763
24,4900.887554
25,5034.113255
26,4767.647997
27,4951.649934
28,4911.659858
29,4708.197085
30,4825.859582
31,4841.030295
32,4456.327249
33,4261.854959
34,4771.351049
35,4309.471157
36,4997.353406
37,5040.759098
38,4130.699765
39,4218.953131
40,4151.757091
41,4986.522449
42,6400.804908
43,6344.189536
44,7192.702687
45,5315.981958
46,7491.944011
47,7097.645076
48,5868.142739
49,6308.396414
50,6288.425388
51,7545.293492
52,7824.728927
53,6301.807876
54,7698.302951
55,7255.978028
56,6232.740848
57,5367.889665
58,8121.607521
59,6113.395747
60,9435.876871
61,7804.902431
62,5321.533199
63,6394.084112
64,8112.283795
65,6114.324979
66,7312.163154
67,8256.5975
68,6432.052041
69,6293.741302
70,8056.244171
71,5614.505966
72,7421.180371
73,6134.783508
74,5642.989508
75,7822.494215
76,5417.612175
77,6313.356846
78,7447.010445
79,6141.606784
80,6394.021416
81,7341.651141
82,7231.764978
83,9091.824706
84,8830.038887
85,10844.01553
86,9494.861521
87,7757.242229
88,7384.087782
89,9136.850504
90,8404.658578
91,10306.48697
92,10193.00963
93,10073.07278
94,10930.87911
95,8976.284645
96,9376.644339
97,9347.422575
98,8928.850234
99,7491.687627
100,8660.315092
101,7725.116226
102,10393.80634
103,9163.983356
104,8676.311188
105,8602.920227
106,7582.966112
107,8853.616987
108,7484.963679
109,9028.43086
110,10726.80629
111,9420.356902
112,7420.647721
113,8416.974861
114,9661.105777
115,9438.40605
116,9647.876289
117,8527.732471
118,9222.224956
119,9639.783342
120,9621.518225
121,9236.38834
122,8259.221413
123,10466.93658
124,4462.441343
125,6490.214392
126,7064.420698
127,5410.164268
128,6462.3879
129,4701.439045
130,6289.11443
131,5431.22736
132,4536.984422
133,5346.091154
134,6663.689101
135,5331.668383
136,6660.462585
137,5824.793208
138,5835.254991
139,5354.810505
140,6992.964943
141,6530.944422
142,4455.524713
143,6688.341641
144,5494.516956
145,7139.570174
146,5883.038243
147,4478.598581
148,5481.237823
149,6801.675203
150,6646.363626
151,7291.324115
152,4544.258314
153,5347.169672
154,5425.296065
155,5457.116117
156,6517.50495
157,5452.11646
158,5386.515898
159,4405.142726
160,6372.882509
161,5460.297555
162,6388.810744
163,5606.548975
164,5531.214611
165,8343.410586
166,6246.041762
167,6952.818226
168,7279.038548
169,6177.268959
170,7001.700883
171,7424.284798
172,6163.612182
173,7372.754421
174,8349.686669
175,6205.039525
176,6279.69723
177,6191.865298
178,7106.423612
179,6990.59447
180,6192.416592
181,6959.800794
182,6506.624951
183,7459.923703
184,6246.428359
185,7243.949474
186,8326.281024
187,6995.031417
188,6539.698922
189,6975.092505
190,6191.86284
191,8561.272701
192,6203.779303
193,6937.279113
194,6401.819421
195,6403.855898
196,7181.747047
197,6615.195368
198,6186.156945
199,6196.319375
200,6197.561508
201,7280.570981
202,6184.63806
203,6227.234519
204,6324.773186
205,6107.783551
206,5967.701916
207,6215.733726
208,5612.069266
209,5493.451751
210,5731.168091
211,5439.445878
212,5546.902877
213,5331.869596
214,5375.403151
215,6317.695262
216,5305.940811
217,5405.191617
218,5477.735073
219,5540.257906
220,5406.251273
221,6389.107199
222,5627.504283
223,5355.862962
224,6344.528375
225,5489.810611
226,5494.129786
227,5478.876126
228,6031.277913
229,5479.753421
230,5325.219619
231,5513.033418
232,5451.127957
233,5616.988126
234,5647.084344
235,5806.248476
236,5371.95018
237,5861.524135
238,5709.533095
239,5616.968548
240,5563.204575
241,5664.264991
242,5401.784488
243,5424.312386
244,5530.051374
245,5403.964468
246,5764.23058
247,8704.132774
248,8098.309854
249,8675.076612
250,9333.538302
251,8461.895728
252,7533.732127
253,8370.100505
254,7384.833338
255,7510.667004
256,9121.973063
257,7937.335494
258,7253.043801
259,8040.469894
260,7693.770481
261,6594.47203
262,7209.994662
263,7533.639025
264,7678.70886
265,7678.967261
266,8195.400854
267,7258.257828
268,8308.755621
269,7749.298245
270,8151.931148
271,8274.619632
272,7385.487442
273,6576.985957
274,7244.950445
275,7194.493162
276,7429.673439
277,7239.284472
278,8604.228614
279,6530.56453
280,7743.44504
281,7406.800717
282,7374.133945
283,7282.767009
284,7950.185933
285,6897.99233
286,7278.190601
287,6541.242504
288,8142.838351
289,7803.481764
290,6912.13203
291,9126.112352
292,8912.015659
293,7960.72867
294,6624.378453
295,6698.916088
296,9850.395084
297,9168.170282
298,7874.554716
299,8064.72415
300,6663.878635
301,8315.677055
302,6664.470026
303,6822.97954
304,6710.18216
305,6682.036468
306,7826.525138
307,6685.146924
308,8153.896193
309,7656.409877
310,6815.841946
311,8175.450251
312,6642.277723
313,6712.23757
314,6867.126896
315,8042.327681
316,6721.661201
317,6984.818273
318,6629.11451
319,6638.468628
320,6708.504567
321,6660.293771
322,8228.14501
323,6620.476906
324,7807.562985
325,6732.798508
326,8072.893155
327,8055.852658
328,6616.245925
329,6107.416974
330,5762.201058
331,4264.413705
332,5759.972817
333,5641.172147
334,4229.870315
335,4555.820089
336,6225.526548
337,4357.53349
338,4370.798315
339,4342.567574
340,5887.732471
341,6182.814879
342,5631.962469
343,4385.366583
344,4324.499619
345,4533.565965
346,4439.816844
347,5717.930173
348,4396.64292
349,4917.195037
350,4329.300728
351,4213.147686
352,5799.065103
353,4288.018447
354,4297.524509
355,4556.390089
356,5670.303572
357,4754.766953
358,5640.28415
359,6006.224527
360,5675.764417
361,4270.924705
362,6232.582289
363,4698.527726
364,5780.445251
365,5782.674129
366,5660.246024
367,5766.966766
368,6016.47165
369,5757.065932
370,5174.502199
371,5061.0226
372,6468.34091
373,4480.477979
374,6511.5732
375,5241.386617
376,5871.029928
377,5197.120602
378,6413.387953
379,4546.327774
380,5180.487616
381,7396.984772
382,5150.362728
383,5868.553751
384,5744.382678
385,5051.909944
386,4440.024518
387,5135.842358
388,5073.838585
389,4645.080418
390,5299.712528
391,4491.573514
392,6012.78398
393,5138.256458
394,5647.444553
395,5687.077977
396,5929.512179
397,5152.174162
398,5841.066719
399,5145.627588
400,5712.143861
401,5684.041458
402,4519.812283
403,5769.046175
404,5980.72496
405,5165.478453
406,4438.574779
407,5748.715809
408,5110.796869
409,7668.572277
410,5982.852556
411,7685.915429
412,6190.854108
413,6575.10039
414,6076.223579
415,6037.240161
416,7020.163846
417,7119.301166
418,5981.019243
419,7108.347269
420,6123.596441
421,6829.381279
422,5976.874398
423,7132.745707
424,7737.925597
425,6969.966975
426,6013.900914
427,7014.521333
428,5944.639776
429,6519.312276
430,6927.937181
431,6923.546642
432,6069.497696
433,5925.446546
434,8697.67248
435,6112.65901
436,6775.180079
437,6181.500807
438,6260.328559
439,7210.151815
440,6086.096328
441,6255.743328
442,6086.803861
443,7137.191767
444,6177.743158
445,6030.243633
446,7130.811039
447,5908.600645
448,6968.721257
449,6989.721059
450,8508.995858
451,9217.543439
452,7249.213551
453,7358.532887
454,7386.643244
455,7223.238325
456,8978.209404
457,8178.943265
458,7172.133641
459,7281.967666
460,7285.930686
461,8238.098706
462,9097.414533
463,8187.928977
464,8012.154731
465,6356.227053
466,8625.808249
467,7156.822499
468,6389.945098
469,7203.918814
470,8492.644661
471,8065.467384
472,8403.556577
473,8274.330804
474,7125.89601
475,7103.981339
476,6481.012389
477,9047.537218
478,6391.018973
479,6376.850545
480,7230.042751
481,7181.754898
482,6688.764209
483,8046.384988
484,7973.34471
485,8123.370527
486,8104.291439
487,6326.951079
488,7937.213378
489,7197.924815
490,7071.817587
491,6202.574945
492,7070.798541
493,6562.532637
494,6145.163204
495,7908.58684
496,7161.573591
497,7361.654766
498,6058.407853
499,6119.669877
500,5338.635904
501,6007.651673
502,6936.754613
503,7255.289178
504,7928.585584
505,5283.63089
506,7144.607048
507,6942.708688
508,6078.176253
509,5560.474517
510,6183.671895
511,7003.434885
512,6950.288717
513,8219.756375
514,5467.785082
515,5269.743631
516,6222.170793
517,7200.343789
518,6039.17876
519,6002.962062
520,7224.290219
521,6157.00447
522,5987.94608
523,8023.817328
524,6927.406058
525,6055.6286
526,6015.708956
527,6959.986855
528,5389.808628
529,6926.741618
530,5223.728907
531,7330.039085
532,8603.145092
533,7639.984293
534,9042.101646
535,8171.111979
536,8235.098807
537,7025.40094
538,8138.192711
539,8291.702034
540,6860.324035
541,8127.063235
542,8510.005112
543,7566.954061
544,0
545,8057.490392
546,8192.892441
547,8727.126931
548,8543.65446
549,8631.256903
550,9225.976153
551,8445.129816
552,8652.811426
553,8416.531452
554,8671.991936
555,8286.817384
556,8601.638514
557,6831.52993
558,7579.366931
559,8640.848138
560,8149.755552
561,6839.149337
562,6874.114979
563,8096.988393
564,8948.548571
565,8166.82687
566,8518.151045
567,8125.050207
568,8187.397508
569,8082.661711
570,8105.011845
571,6888.454417
572,8956.504514
573,6026.605611
574,4685.399178
575,4851.857175
576,5218.053073
577,4797.851256
578,6943.18044
579,4721.834244
580,4820.857197
581,5909.840271
582,4698.336132
583,5619.388479
584,5919.445608
585,4862.703113
586,5745.399161
587,4741.668044
588,5924.922415
589,6295.94582
590,4645.901657
591,5398.812189
592,5878.796953
593,5635.315311
594,6166.411429
595,5192.093423
596,5272.703755
597,5729.856365
598,5223.16196
599,5810.037671
600,5807.747585
601,4669.37168
602,4688.590083
603,4805.440541
604,6031.624575
605,6741.007803
606,5204.445581
607,4608.067191
608,6966.464765
609,5220.803457
610,4603.571918
611,6048.835332
612,7799.999039
613,4616.997094
614,4228.082154
615,4913.442046
616,4173.934285
617,5505.259116
618,4181.512117
619,3920.95797
620,4226.349806
621,4271.116494
622,4968.177344
623,5070.093866
624,4771.637936
625,4181.390947
626,4246.767933
627,4961.319328
628,4875.772692
629,4754.665477
630,4934.901289
631,3887.4683
632,5398.682452
633,4797.493245
634,5047.605295
635,4833.277474
636,4322.486141
637,3999.92868
638,4158.094778
639,4973.586378
640,4137.832888
641,4340.131243
642,5032.540184
643,3876.950635
644,5523.101358
645,4242.720136
646,4980.525877
647,4158.237116
648,3888.567167
649,4939.863813
650,4175.508474
651,4189.424672
652,4311.754432
653,5634.780835
654,4787.714503
655,4664.957327
656,4688.665998
657,4839.725516
658,5712.969992
659,5642.547253
660,4966.172369
661,5575.91474
662,5739.419896
663,5590.207004
664,5565.47514
665,5711.262813
666,5830.210674
667,4834.901423
668,6759.534992
669,4800.406021
670,5622.16221
671,4605.51121
672,5354.744305
673,4956.193896
674,6089.551292
675,4579.214915
676,5704.416126
677,0
678,4698.730311
679,4699.422228
680,4651.221512
681,4931.673617
682,6715.701647
683,5566.884882
684,4779.827306
685,6675.540578
686,4985.234438
687,5876.385815
688,4993.123031
689,5585.870219
690,4722.139456
691,4778.581798
692,5618.043403
693,6954.159085
694,4778.795067
695,4652.688408
696,8757.438078
697,9883.29624
698,9980.792603
699,8674.886755
700,8689.672024
701,9094.203014
702,9671.142142
703,10001.66808
704,8768.834614
705,9508.352745
706,10022.29318
707,8648.564361
708,9781.526039
709,10080.92483
710,8475.772958
711,8181.116282
712,8556.542245
713,11497.08167
714,11558.29737
715,8234.718058
716,8596.766431
717,9953.194335
718,8470.104254
719,8526.268065
720,8583.644882
721,9940.584797
722,9901.269297
723,9839.930342
724,8560.307626
725,9642.09078
726,11504.92532
727,8543.923862
728,8672.796382
729,8590.178148
730,9540.921935
731,9717.648716
732,8754.081759
733,13026.70675
734,8132.098079
735,8074.040679
736,8481.80192
737,12536.87305
738,11923.96892
739,11407.41458
740,9684.211514
741,10566.03709
742,10718.92422
743,10036.32757
744,9901.742138
745,10545.5027
746,10008.2102
747,9952.845683
748,10149.5126
749,11161.4411
750,10974.34721
751,10944.68582
752,12185.57992
753,12967.76138
754,11587.82167
755,10388.72606
756,9940.212973
757,12415.36857
758,11468.52862
759,11935.13958
760,11272.84761
761,9729.300688
762,9763.05897
763,9496.008004
764,10722.98851
765,10897.48714
766,9909.649855
767,10046.83224
768,11294.2758
769,9861.734361
770,11028.89011
771,9628.017622
772,9749.99725
773,10806.47761
774,10962.30724
775,10718.72986
776,12292.81944
777,10011.36205
778,7937.822698
779,8437.602214
780,10466.43938
781,11437.87106
782,7967.469865
783,7910.169792
784,9672.293287
785,9863.426551
786,8508.585033
787,10063.26977
788,9413.056701
789,8294.285526
790,9538.684466
791,9659.404729
792,10529.07264
793,8200.702781
794,7934.732123
795,9490.408354
796,11335.135
797,7981.867131
798,10316.59481
799,9449.501875
800,7992.198402
801,8082.367578
802,8067.200989
803,8058.926619
804,8080.262494
805,7782.505595
806,8366.306875
807,10681.02258
808,9328.386345
809,9292.823175
810,7982.850133
811,9702.61423
812,11173.21149
813,13859.32592
814,8448.412322
815,7908.396954
816,8010.142673
817,7822.391898
818,8045.638049
819,7687.273829
820,7522.885676
821,6796.222341
822,8199.331391
823,7080.954667
824,8309.538305
825,7795.554242
826,9563.581371
827,7863.037742
828,7024.017088
829,8027.101009
830,6849.196868
831,7200.669917
832,9724.931163
833,6697.835337
834,7532.924008
835,7978.362383
836,7629.043828
837,9874.136479
838,8006.295218
839,6796.976555
840,7860.259368
841,0
842,6800.192529
843,7532.68256
844,6741.968185
845,6690.790555
846,6753.160392
847,7637.8428
848,6689.774083
849,6795.197605
850,7668.100288
851,7080.610419
852,7629.875526
853,7579.352243
854,6838.31796
855,7128.435402
856,6770.55619
857,6920.215101
858,6689.526854
859,9682.422492
860,6959.884359
861,4497.228331
862,4400.116772
863,4389.499135
864,4982.774464
865,5637.004661
866,5239.67728
867,5040.11235
868,5475.180398
869,5488.290532
870,5180.936284
871,5655.449247
872,4296.190081
873,4291.203274
874,4273.68137
875,4284.770705
876,5121.148376
877,4886.980611
878,4348.924175
879,4240.101876
880,4264.829146
881,5686.284387
882,4833.829279
883,5616.696658
884,4831.601706
885,4452.837894
886,4419.23644
887,4998.069031
888,4736.178433
889,5143.422205
890,4428.828634
891,4216.906109
892,4315.48408
893,4240.123827
894,4406.398222
895,4390.728851
896,4526.866768
897,4924.080116
898,4354.988476
899,5448.470562
900,5514.016657
901,4325.652434
902,6169.072055
903,6166.612407
904,5285.996726
905,6189.490185
906,5326.284801
907,6019.767941
908,5331.817213
909,6750.689485
910,6127.179529
911,5298.292029
912,5934.994333
913,5528.270489
914,5172.796765
915,6065.326134
916,6520.289802
917,6055.640351
918,6020.652533
919,5911.368283
920,5494.341724
921,5901.36655
922,5961.918891
923,5849.332586
924,5561.728903
925,5240.51598
926,5329.721949
927,5678.861059
928,5220.490573
929,6660.430373
930,5727.565319
931,5517.424201
932,5327.47838
933,6572.095765
934,5358.857755
935,5611.222115
936,5273.489774
937,6092.83754
938,5262.955543
939,5947.123757
940,5766.841417
941,6294.375798
942,6019.265334
943,4663.763193
944,3936.640202
945,4448.899471
946,4622.157127
947,4593.66641
948,3816.676411
949,3749.644102
950,4497.961454
951,4966.170166
952,3166.410227
953,3248.452165
954,3166.223584
955,4561.482428
956,3781.519134
957,3830.800879
958,3794.776515
959,4479.951366
960,3784.014722
961,4911.630335
962,3905.775704
963,3775.467795
964,4879.460277
965,4574.601216
966,4657.713684
967,3784.863575
968,3261.004023
969,4573.621251
970,4934.097163
971,4588.442268
972,3788.955527
973,4642.918223
974,4630.317465
975,3734.228431
976,3915.555027
977,3821.131032
978,3798.382443
979,4360.030495
980,3159.628124
981,4728.009929
982,7712.671141
983,8197.860317
984,8405.647774
985,8133.188189
986,7524.041161
987,8464.506328
988,8175.375037
989,8362.356379
990,8165.395916
991,7557.007959
992,9622.340669
993,8693.704385
994,7778.487815
995,8213.428001
996,8719.394736
997,7678.531965
998,8125.414741
999,8202.285675
1000,7436.386348
1001,9424.031554
1002,8976.282031
1003,8082.057336
1004,9352.134356
1005,9321.215442
1006,8036.228174
1007,8202.871784
1008,7583.38221
1009,8745.656153
1010,8704.294618
1011,8324.72102
1012,8187.08273
1013,8155.244015
1014,7513.468082
1015,7624.252314
1016,8306.404365
1017,7600.96229
1018,7537.486772
1019,8600.834724
1020,7690.509986
1021,7535.959024
1022,9007.01771
1023,8975.654835
1024,9220.47617
1025,8967.495681
1026,9232.35253
1027,9198.774923
1028,9202.590783
1029,10718.00069
1030,10794.35851
1031,9210.109837
1032,14079.00626
1033,11130.0838
1034,9204.552867
1035,10730.52996
1036,10572.86437
1037,9151.683415
1038,11001.87879
1039,10549.98628
1040,9295.9425
1041,12764.46942
1042,9171.202936
1043,10708.1422
1044,9383.104027
1045,9332.662627
1046,11091.62643
1047,9000.006058
1048,10700.5087
1049,8993.750033
1050,12706.22657
1051,8973.82486
1052,11426.45443
1053,9128.507053
1054,11558.61768
1055,12606.03103
1056,11262.81506
1057,9087.693688
1058,9210.793675
1059,9068.763342
1060,9159.214069
1061,11004.84408
1062,9196.196078
1063,10648.54844
1064,9524.852448
1065,9538.116655
1066,9050.631826
1067,8925.546716
1068,9985.805574
1069,9972.282942
1070,9533.193419
1071,9813.782654
1072,9041.201989
1073,9774.586681
1074,8998.377321
1075,10132.92044
1076,9433.153252
1077,9412.761611
1078,10200.55122
1079,8858.345293
1080,9932.00662
1081,10129.51433
1082,9536.098053
1083,9172.086423
1084,8999.933754
1085,8977.315675
1086,9945.015196
1087,10124.24627
1088,8952.62349
1089,9402.288335
1090,9035.517435
1091,10314.72641
1092,9726.391988
1093,10116.85227
1094,9436.072058
1095,9655.910111
1096,9909.46194
1097,8979.248248
1098,10314.42121
1099,10074.09225
1100,9750.317031
1101,8933.540616
1102,9416.798601
1103,9727.996952
1104,5196.653322
1105,6098.33998
1106,6268.322354
1107,6001.606143
1108,6233.397237
1109,5315.496432
1110,6005.3566
1111,5994.966425
1112,5380.642045
1113,5212.374864
1114,5166.143907
1115,5934.794313
1116,5252.937551
1117,6130.604632
1118,5129.79781
1119,6481.013611
1120,5218.331926
1121,5969.041378
1122,6507.346393
1123,7521.819076
1124,6058.634466
1125,6037.262832
1126,6176.061488
1127,5225.740057
1128,6445.03302
1129,6155.997517
1130,5365.607615
1131,6124.606693
1132,7586.187233
1133,5207.43195
1134,6782.480948
1135,7755.300862
1136,5259.228374
1137,7911.867154
1138,6021.156034
1139,5619.637813
1140,5238.994738
1141,5269.161804
1142,6258.288372
1143,5983.77007
1144,6515.303442
1145,5128.209336
1146,3762.458936
1147,5108.545865
1148,4268.889055
1149,5413.515785
1150,3587.019516
1151,6078.360455
1152,4144.416301
1153,6202.761914
1154,4354.798934
1155,4156.258858
1156,5353.074073
1157,3845.612802
1158,5132.977987
1159,6087.766274
1160,4247.260105
1161,5126.727071
1162,4149.565763
1163,4205.33457
1164,4140.759283
1165,3832.958409
1166,4208.273224
1167,5205.266448
1168,5225.626645
1169,3583.879481
1170,4283.640364
1171,5438.187928
1172,4160.329402
1173,4051.970595
1174,5213.786368
1175,4299.627609
1176,6649.085211
1177,5138.964424
1178,3604.368723
1179,5306.149741
1180,4472.489907
1181,4162.799486
1182,5108.443702
1183,5660.927965
1184,4213.699991
1185,5298.018883
1186,4345.631526
1187,4718.460204
1188,4772.262671
1189,4838.48745
1190,4392.399585
1191,4866.386343
1192,4918.756429
1193,4762.411322
1194,4442.573828
1195,4787.862235
1196,4871.734399
1197,4419.739449
1198,4604.326873
1199,4906.191076
1200,4386.768084
1201,4793.988001
1202,4406.468319
1203,4876.764696
1204,4597.434011
1205,4789.699014
1206,4337.274184
1207,4794.139911
1208,4752.849428
1209,4746.575592
1210,4795.027883
1211,4839.581967
1212,4418.911395
1213,4994.854031
1214,4821.836292
1215,4754.634035
1216,4821.178245
1217,4530.545234
1218,5098.293951
1219,4425.956058
1220,4354.470343
1221,4729.888368
1222,4821.582526
1223,4785.010376
1224,4429.101526
1225,4814.280974
1226,4485.831584
1227,5823.898699
1228,5740.177558
1229,5352.071315
1230,6661.755466
1231,5406.002835
1232,5942.600808
1233,5404.16352
1234,6001.239899
1235,5342.889513
1236,5361.000892
1237,5570.216854
1238,6579.790735
1239,5319.352932
1240,5772.511643
1241,5786.214592
1242,5507.480235
1243,5807.439802
1244,5485.682322
1245,5369.212511
1246,6022.787101
1247,5332.857398
1248,6078.255587
1249,6059.476174
1250,5518.005654
1251,5390.572337
1252,5563.903979
1253,5374.269609
1254,5664.278762
1255,5441.45038
1256,5522.269233
1257,5895.741393
1258,5993.453948
1259,5479.099621
1260,6628.874051
1261,5470.263537
1262,6015.673039
1263,5818.476358
1264,5362.447299
1265,6642.143911
1266,5358.658065
1267,10756.51507
1268,9240.955086
1269,11784.92831
1270,10235.61816
1271,10844.29047
1272,8602.02872
1273,10054.7851
1274,10230.65274
1275,8992.748141
1276,9183.42317
1277,10598.7578
1278,10653.37585
1279,9090.140338
1280,8672.745434
1281,11773.86151
1282,10776.73637
1283,8684.436549
1284,9075.168338
1285,9241.42444
1286,8795.531194
1287,9101.367716
1288,11589.63647
1289,9303.303553
1290,10379.84257
1291,9023.254682
1292,10307.0199
1293,13125.43057
1294,9075.853908
1295,10827.34839
1296,9015.590852
1297,9067.703278
1298,8941.835507
1299,10724.79846
1300,9094.087091
1301,9047.725776
1302,9105.011048
1303,9461.514065
1304,10677.83718
1305,10325.19827
1306,10586.86059
1307,9631.793963
1308,6967.425406
1309,5579.169607
1310,7194.164227
1311,6937.698122
1312,6095.485325
1313,6892.122396
1314,5436.293558
1315,6000.347187
1316,5613.51723
1317,6249.690815
1318,6937.501474
1319,6969.462833
1320,6934.544671
1321,6087.044301
1322,6014.928972
1323,7116.346943
1324,6248.248826
1325,6071.614114
1326,6023.216417
1327,6132.916788
1328,7942.916393
1329,6018.709559
1330,6909.969354
1331,7197.033564
1332,7145.739423
1333,5859.124431
1334,5439.122769
1335,7151.682904
1336,5434.61187
1337,6074.329201
1338,6196.719149
1339,5467.570676
1340,6282.125511
1341,7993.993416
1342,7175.00008
1343,8954.084799
1344,7864.677606
1345,5991.716388
1346,6963.998431
1347,6219.738286
1348,7140.446158
1349,5506.630181
1350,5682.362079
1351,4823.290437
1352,4827.724565
1353,5374.100554
1354,5620.131473
1355,4751.991742
1356,5335.723925
1357,4769.393319
1358,4446.501381
1359,5526.287878
1360,5549.77859
1361,5507.763922
1362,5352.906131
1363,5476.05788
1364,4545.912966
1365,4878.170976
1366,6387.595815
1367,5443.636908
1368,5600.31491
1369,4480.788135
1370,5495.455397
1371,5022.619084
1372,5465.803713
1373,5809.671806
1374,5528.506175
1375,5568.727133
1376,5391.087816
1377,4726.508197
1378,5701.295514
1379,4943.302436
1380,6237.658992
1381,5371.188113
1382,4804.761422
1383,5322.12454
1384,4663.405461
1385,6343.200585
1386,6236.876507
1387,4566.360552
1388,4986.398792
1389,5296.165945
1390,5809.902272
1391,4721.2686
1392,4631.740202
1393,4876.686316
1394,5765.742428
1395,4589.932034
1396,4944.676674
1397,5238.18598
1398,5750.112454
1399,5756.682842
1400,0
1401,4555.299959
1402,4606.641096
1403,4581.038775
1404,5752.693611
1405,5767.874566
1406,5789.093959
1407,4825.015935
1408,6496.943227
1409,5376.285488
1410,5810.630781
1411,5167.635061
1412,4942.156218
1413,4538.638823
1414,5768.646277
1415,4666.761145
1416,5815.263652
1417,7374.982455
1418,5262.824411
1419,4582.95507
1420,4682.119414
1421,4926.871177
1422,4622.203463
1423,6383.090291
1424,4604.111939
1425,4678.178947
1426,4596.654292
1427,6442.926332
1428,5762.657559
1429,5741.159179
1430,5295.367884
1431,7299.350245
1432,6591.555544
1433,6580.874609
1434,6358.410827
1435,6621.662773
1436,6800.527396
1437,7245.917912
1438,6588.859536
1439,6155.883108
1440,7252.236568
1441,6655.197053
1442,7608.225271
1443,7747.140519
1444,7786.881386
1445,6712.498933
1446,7649.906552
1447,8023.289772
1448,7295.110364
1449,6195.41044
1450,6526.036877
1451,6538.148748
1452,8969.747534
1453,6761.581509
1454,6669.550658
1455,7363.685757
1456,6565.665828
1457,6250.794719
1458,7757.418299
1459,7522.562988
1460,8231.265251
1461,6671.076187
1462,6615.810925
1463,6604.743259
1464,7873.038776
1465,8324.709667
1466,7792.149076
1467,8102.145237
1468,6629.759907
1469,6559.756218
1470,6237.734856
1471,8067.696142
1472,3216.803852
1473,3536.248958
1474,3218.6997
1475,3862.759839
1476,3535.692897
1477,3452.834267
1478,3216.188007
1479,3854.644497
1480,3658.237935
1481,3901.964205
1482,3905.127081
1483,4144.145553
1484,3865.6095
1485,3269.327251
1486,3917.670677
1487,3905.024046
1488,3562.5268
1489,3490.602726
1490,4341.70191
1491,3469.300869
1492,3514.598678
1493,3832.179356
1494,4119.089464
1495,3552.878011
1496,3894.998521
1497,3506.81621
1498,4384.766053
1499,3850.591232
1500,3882.969667
1501,3281.924605
1502,3954.803925
1503,3482.831699
1504,3426.791741
1505,3921.48816
1506,4082.218435
1507,3592.458631
1508,3484.543106
1509,4225.927928
1510,3351.387516
1511,3420.601359
1512,3225.979131
1513,6710.36482
1514,6692.721663
1515,7265.495122
1516,7255.368207
1517,7717.88092
1518,7936.007197
1519,7944.388424
1520,7838.510698
1521,7804.793964
1522,6666.332981
1523,7674.40151
1524,8522.877943
1525,6679.233676
1526,6605.7065
1527,6634.816666
1528,6675.190348
1529,7892.494685
1530,6696.509601
1531,7831.410477
1532,7233.595158
1533,0
1534,7253.166262
1535,7079.536584
1536,6538.707795
1537,8471.667381
1538,8555.642293
1539,8241.159971
1540,6657.325724
1541,7754.465026
1542,7875.693635
1543,7464.147213
1544,6606.544455
1545,7414.057933
1546,7649.698153
1547,6873.306969
1548,6731.246865
1549,7499.698068
1550,8028.525313
1551,7212.376617
1552,6957.116123
1553,8523.810693
1554,6971.019464
1555,3725.817556
1556,4097.446823
1557,3875.9073
1558,4169.999728
1559,4503.499901
1560,4661.758928
1561,5414.667994
1562,3785.117401
1563,3795.830689
1564,4591.730064
1565,5286.375729
1566,3738.142766
1567,3710.119652
1568,3723.596983
1569,3814.88495
1570,4732.739008
1571,3778.573197
1572,3798.443816
1573,4466.825903
1574,3763.445499
1575,4549.364867
1576,4714.115875
1577,5362.22107
1578,4129.518225
1579,4752.780503
1580,4951.721475
1581,3802.084362
1582,4460.484416
1583,4483.137715
1584,4388.913316
1585,4323.705519
1586,4519.432263
1587,4867.986007
1588,3811.326562
1589,4287.971615
1590,4460.65411
1591,3860.998938
1592,3878.690733
1593,5353.398861
1594,4113.32974
1595,4392.762745
1596,6586.474308
1597,7792.603121
1598,6352.348654
1599,7248.419443
1600,6346.700104
1601,7959.383383
1602,7804.802822
1603,6482.766333
1604,7596.033027
1605,6347.958445
1606,6563.480019
1607,6387.234512
1608,7014.859508
1609,7011.706402
1610,7826.976523
1611,7121.306151
1612,6551.038101
1613,6348.949947
1614,7406.068021
1615,7893.022543
1616,6999.775141
1617,7353.77317
1618,7188.346723
1619,6338.715446
1620,6347.617462
1621,7657.720919
1622,7069.125642
1623,6922.344936
1624,6352.346287
1625,7348.673563
1626,6900.934656
1627,6490.681565
1628,7026.058142
1629,7241.627466
1630,6980.711464
1631,7647.104714
1632,7269.553067
1633,8205.805621
1634,6587.099326
1635,6540.543276
1636,8734.847483
1637,6590.064883
1638,6495.007343
1639,6521.435611
1640,6626.347457
1641,7780.157637
1642,7417.341026
1643,6838.882979
1644,6491.129858
1645,6732.002817
1646,6739.674211
1647,7721.565601
1648,6746.363891
1649,7816.307203
1650,7932.662889
1651,6409.545077
1652,6514.43408
1653,7008.62254
1654,8844.606983
1655,7901.289707
1656,7859.561627
1657,7815.353906
1658,7655.518391
1659,7251.049215
1660,6534.918665
1661,6545.900021
1662,7658.90791
1663,7245.034285
1664,7665.48387
1665,6577.683418
1666,6485.161628
1667,7910.595427
1668,7016.083093
1669,6852.133158
1670,6632.589673
1671,8705.721159
1672,6669.527599
1673,8976.338031
1674,7832.345947
1675,6571.340491
1676,4850.189483
1677,4939.050066
1678,6213.496307
1679,5004.983779
1680,5650.356974
1681,5685.325545
1682,4392.983325
1683,4273.192632
1684,5599.782179
1685,5512.34792
1686,4951.809556
1687,5040.53997
1688,4335.197559
1689,4894.456063
1690,5623.016811
1691,6185.433471
1692,5913.329829
1693,4925.172098
1694,5444.835555
1695,5531.551084
1696,5583.765538
1697,0
1698,6029.161792
1699,4897.761542
1700,6355.926594
1701,5771.78854
1702,4304.912489
1703,5541.66589
1704,5012.726349
1705,4989.971582
1706,5673.486967
1707,5623.748227
1708,5014.660287
1709,4901.074374
1710,4937.07388
1711,5486.310527
1712,4398.551554
1713,5033.122263
1714,5159.859637
1715,4542.547994
1716,6184.767307
1717,4292.893266
1718,7108.262408
1719,8139.365967
1720,7182.650814
1721,7779.692345
1722,7196.700568
1723,7721.152547
1724,8153.326615
1725,7085.190862
1726,8428.783134
1727,7888.400516
1728,7729.390729
1729,7777.677028
1730,7934.382645
1731,7958.939789
1732,8183.771145
1733,7768.059627
1734,7921.011954
1735,7204.937049
1736,7190.924496
1737,7918.671185
1738,8355.164916
1739,7040.299218
1740,8027.772117
1741,7157.003461
1742,7039.021518
1743,8156.774374
1744,7996.307369
1745,7255.670414
1746,7022.572734
1747,7190.089519
1748,7903.073591
1749,7989.724823
1750,7130.047227
1751,7064.30715
1752,8140.627533
1753,8503.544458
1754,7749.447906
1755,8114.571743
1756,8014.314356
1757,8414.600926
1758,7386.49355
1759,5930.90979
1760,8188.091159
1761,5750.704648
1762,6686.465243
1763,9160.942961
1764,5858.668839
1765,6289.711191
1766,6884.287148
1767,7017.009859
1768,6630.751119
1769,5825.602069
1770,6595.423014
1771,6054.265955
1772,5933.888307
1773,6657.951755
1774,6909.487909
1775,6850.432068
1776,5797.499778
1777,6118.189284
1778,6163.920866
1779,5950.562702
1780,7008.61109
1781,5758.51572
1782,6097.501877
1783,6973.243259
1784,6843.406172
1785,6290.38399
1786,5827.802616
1787,6877.070646
1788,6209.490547
1789,6881.632913
1790,6016.983548
1791,6062.260426
1792,8161.825194
1793,6828.489832
1794,8216.258204
1795,5902.181197
1796,6690.132522
1797,6353.088057
1798,6123.331359
1799,6907.985167
1800,6080.727093
1801,4878.804003
1802,5276.320073
1803,5226.448592
1804,4353.261535
1805,4672.271784
1806,4481.344068
1807,5155.843138
1808,5128.075109
1809,4515.224328
1810,4511.999231
1811,5935.06168
1812,5241.347154
1813,4352.555842
1814,5097.427779
1815,5067.399395
1816,5770.046363
1817,4388.065446
1818,4827.488332
1819,4815.214344
1820,5063.764013
1821,4695.347326
1822,4438.513928
1823,5264.884356
1824,4616.507431
1825,5347.492456
1826,4551.972042
1827,4695.586328
1828,5108.7124
1829,5118.738927
1830,5377.15157
1831,4637.201947
1832,5307.977929
1833,4779.584269
1834,4312.6029
1835,4483.602171
1836,4684.271018
1837,4462.067181
1838,4604.580117
1839,5841.579902
1840,4519.609264
1841,6390.049435
1842,6628.964403
1843,6191.647561
1844,7622.905231
1845,6556.983864
1846,6537.129229
1847,6255.670585
1848,5187.555546
1849,5226.734458
1850,6666.427905
1851,6232.170376
1852,6348.234858
1853,6303.905084
1854,7686.748338
1855,6519.474633
1856,6715.846878
1857,7413.308818
1858,7337.718202
1859,6438.96647
1860,6398.214922
1861,6222.702535
1862,5327.179366
1863,5123.263696
1864,6622.92468
1865,6238.219596
1866,6240.885673
1867,6254.464635
1868,6802.861284
1869,6652.410033
1870,6917.840979
1871,5153.113875
1872,5168.362442
1873,7677.728943
1874,7431.16251
1875,5196.476967
1876,7264.840059
1877,7251.465289
1878,6393.692056
1879,6891.491939
1880,7519.684877
1881,6287.350435
1882,8701.368459
1883,6317.715703
1884,6193.77041
1885,6634.631621
1886,7459.035782
1887,8019.815781
1888,6207.987346
1889,7519.521285
1890,6071.728803
1891,6307.982751
1892,6121.183081
1893,6561.124163
1894,7638.787329
1895,7455.022086
1896,7647.265701
1897,7424.72526
1898,7465.266063
1899,7473.576377
1900,6269.989066
1901,7956.513101
1902,7203.803835
1903,7163.575086
1904,7579.52414
1905,7626.478912
1906,6265.783098
1907,7064.810626
1908,7438.9871
1909,7158.835827
1910,6136.83886
1911,7660.888809
1912,8223.870536
1913,6185.229457
1914,8323.375285
1915,7649.09214
1916,7803.103684
1917,6693.778028
1918,7620.453782
1919,6210.080356
1920,6298.802379
1921,8086.42339
1922,7616.617661
1923,11015.40487
1924,9618.933704
1925,10044.43825
1926,10103.14727
1927,10344.67126
1928,11287.29343
1929,10898.46642
1930,11015.62014
1931,10177.97067
1932,10878.67458
1933,9460.027731
1934,13563.93298
1935,10137.98439
1936,9654.821241
1937,9535.277232
1938,9751.628437
1939,9235.484197
1940,10222.90665
1941,9387.523456
1942,12286.24299
1943,10249.88692
1944,9539.890763
1945,11360.03983
1946,11203.45023
1947,11732.61701
1948,11346.66021
1949,10465.73239
1950,9140.32374
1951,11236.46858
1952,9284.841146
1953,12253.16709
1954,9425.211445
1955,11131.451
1956,11540.29907
1957,9441.269172
1958,10380.27682
1959,10196.91965
1960,11147.96262
1961,12585.55087
1962,11537.27486
1963,11357.22441
1964,5911.048332
1965,5416.726353
1966,6190.832578
1967,6275.733335
1968,5590.461142
1969,5963.173412
1970,6480.861693
1971,5805.540705
1972,6068.420873
1973,6414.675031
1974,6395.66237
1975,6016.246819
1976,5504.659648
1977,6389.784046
1978,5463.204103
1979,6149.661625
1980,6418.153177
1981,5946.996299
1982,5670.225383
1983,7225.52085
1984,6025.777222
1985,6261.429368
1986,6072.576103
1987,6267.7219
1988,5498.657523
1989,6977.63403
1990,6357.060727
1991,5598.451942
1992,5686.150873
1993,6876.144587
1994,5754.83971
1995,5869.145739
1996,5571.540286
1997,6388.815595
1998,6506.975154
1999,5972.631127
2000,6903.257933
2001,6235.462363
2002,5586.702416
2003,5488.257106
2004,6218.485769
2005,8128.000466
2006,6537.304754
2007,6483.780274
2008,6973.267427
2009,6985.776316
2010,6929.513257
2011,6943.98475
2012,7950.311535
2013,6481.492199
2014,9541.988908
2015,6500.198911
2016,6501.014901
2017,9384.82911
2018,6931.920343
2019,8179.944791
2020,8782.631935
2021,8165.057148
2022,6997.849693
2023,7886.239883
2024,8263.388727
2025,8488.616836
2026,7034.705517
2027,9663.746097
2028,6959.425516
2029,8112.422101
2030,7031.655457
2031,8746.625978
2032,7005.648225
2033,7091.046124
2034,7100.416717
2035,7006.517933
2036,8038.010135
2037,9261.93352
2038,8048.535728
2039,6571.984885
2040,6916.537398
2041,6578.407543
2042,8539.555995
2043,8374.170006
2044,8538.85886
2045,6966.713369
2046,7786.734609
2047,7866.397223
2048,7447.986739
2049,7776.41919
2050,7989.537769
2051,7649.617456
2052,7776.101833
2053,7676.340277
2054,7477.706372
2055,7526.686613
2056,7654.633574
2057,7484.138712
2058,6944.577932
2059,6948.742678
2060,7589.202959
2061,7834.89658
2062,7868.391191
2063,7611.2848
2064,7750.123042
2065,7855.440939
2066,7110.238568
2067,7535.096354
2068,8410.302172
2069,7506.010326
2070,8309.32208
2071,7396.777069
2072,8365.335433
2073,8334.605744
2074,7608.609666
2075,7723.778326
2076,7602.860677
2077,8777.747486
2078,7886.023917
2079,7372.215572
2080,7306.039514
2081,7510.089302
2082,7024.965145
2083,7896.248953
2084,7495.536918
2085,7690.0377
2086,7705.426331
2087,9413.05772
2088,9723.353681
2089,9658.045104
2090,8414.179896
2091,9000.644021
2092,9855.826248
2093,8414.409472
2094,10406.18055
2095,8506.372441
2096,9438.15278
2097,8448.389714
2098,8435.147594
2099,8429.402675
2100,8582.275618
2101,10118.02964
2102,10520.81317
2103,10024.14677
2104,8607.937937
2105,8776.452358
2106,8473.943728
2107,9369.02467
2108,9400.513327
2109,11004.57024
2110,9961.303785
2111,8536.595644
2112,9803.147101
2113,9608.417557
2114,9848.845102
2115,8830.145313
2116,8482.96463
2117,8651.012014
2118,8631.28457
2119,8659.818312
2120,8359.734623
2121,9872.587438
2122,8632.381079
2123,9413.636385
2124,8753.35047
2125,8439.200703
2126,10104.36531
2127,8453.597542
2128,5913.812287
2129,6032.340722
2130,6573.622475
2131,5869.940182
2132,6013.259125
2133,7348.45343
2134,6764.691831
2135,6701.05825
2136,6139.147492
2137,7183.761782
2138,6529.783038
2139,6129.52679
2140,8117.898508
2141,5959.511913
2142,8124.068422
2143,6058.896931
2144,6162.127729
2145,6078.36253
2146,6006.821182
2147,6821.183801
2148,6977.474715
2149,7878.7707
2150,5939.516302
2151,6757.754748
2152,6050.112084
2153,7127.146974
2154,6251.487974
2155,5948.386324
2156,7982.876864
2157,5913.814803
2158,6794.009691
2159,6785.339089
2160,5969.520993
2161,6057.225078
2162,6023.594803
2163,5909.357151
2164,6702.531816
2165,5919.93509
2166,6720.999415
2167,6780.002843
2168,5877.065343
2169,7969.549254
2170,8046.574059
2171,7606.275042
2172,8906.121297
2173,9099.830575
2174,8096.028767
2175,10089.60852
2176,9410.738669
2177,7873.127967
2178,11072.48536
2179,7876.941264
2180,9231.947189
2181,7967.548987
2182,9268.111531
2183,8407.092298
2184,9938.537357
2185,9746.081939
2186,7826.349594
2187,7568.351461
2188,10987.81478
2189,9161.278957
2190,11394.01596
2191,11009.49952
2192,8908.290481
2193,8108.415137
2194,7801.198914
2195,7807.119714
2196,10001.87241
2197,9113.270527
2198,8100.619519
2199,8133.394961
2200,7571.62857
2201,8023.948698
2202,9659.973754
2203,7247.934219
2204,7758.162387
2205,9818.52421
2206,8022.297851
2207,9626.502089
2208,7730.524889
2209,8223.626698
2210,5827.217034
2211,3885.196882
2212,5822.934041
2213,4857.998155
2214,3800.841316
2215,3873.549075
2216,3254.261276
2217,3801.193585
2218,4495.037352
2219,3822.381504
2220,4475.964665
2221,4572.159025
2222,4543.506482
2223,3207.395082
2224,4508.341241
2225,4797.242763
2226,3348.200064
2227,3224.798663
2228,4532.44004
2229,4630.65603
2230,3906.734212
2231,3857.398063
2232,5855.07499
2233,3811.791897
2234,3228.437592
2235,3864.077859
2236,3843.276744
2237,4467.392972
2238,4609.984038
2239,3183.561466
2240,6803.259209
2241,3820.837797
2242,4824.209976
2243,3779.359992
2244,4593.525687
2245,3801.091268
2246,4948.275442
2247,4491.886776
2248,3766.868173
2249,3908.176405
2250,3234.283535
2251,5258.684594
2252,4521.866912
2253,3609.931254
2254,5488.21943
2255,4363.516385
2256,0
2257,4601.358072
2258,5221.926705
2259,3563.744449
2260,4730.556423
2261,4774.135991
2262,4934.558473
2263,5699.318949
2264,3591.026098
2265,3560.109278
2266,4806.04364
2267,3673.856354
2268,4280.640949
2269,4815.227881
2270,4815.988437
2271,5406.446256
2272,5445.604007
2273,4761.641395
2274,4325.367024
2275,4280.293339
2276,4823.389109
2277,4292.762124
2278,4288.654871
2279,3633.611994
2280,5143.03011
2281,4256.721617
2282,4410.867821
2283,4314.08256
2284,4422.905573
2285,3697.568146
2286,4577.940316
2287,4800.715278
2288,4279.372676
2289,5497.98628
2290,4756.523581
2291,4786.197646
2292,5409.692172
2293,6639.297534
2294,5713.149386
2295,5520.348012
2296,7487.235141
2297,6359.562968
2298,6198.402225
2299,5225.71875
2300,6122.668538
2301,5233.645329
2302,6407.745732
2303,5217.443149
2304,5662.033691
2305,5484.152007
2306,6324.031265
2307,6667.486479
2308,5521.472958
2309,6580.42592
2310,5516.094856
2311,7375.356274
2312,6879.070364
2313,5547.696863
2314,5492.154087
2315,5241.251662
2316,5415.834786
2317,7477.657929
2318,5401.323879
2319,7642.510131
2320,5460.106216
2321,6217.718339
2322,6126.571275
2323,5479.228791
2324,5314.22178
2325,5376.673105
2326,6299.010489
2327,6575.353808
2328,5463.366331
2329,5233.692279
2330,6029.272117
2331,5114.42061
2332,5935.724578
2333,5530.600648
2334,6553.320293
2335,6232.802498
2336,5994.011965
2337,6156.198246
2338,5801.040447
2339,5917.980519
2340,5642.183106
2341,6211.55863
2342,5893.006619
2343,5773.015627
2344,5655.682971
2345,5652.573372
2346,6013.392832
2347,6221.499144
2348,5852.68804
2349,6977.807158
2350,6278.577629
2351,6009.415565
2352,6705.064064
2353,6501.771369
2354,5510.804615
2355,6029.347276
2356,5914.953977
2357,5755.872172
2358,5932.327577
2359,6133.365813
2360,6019.462143
2361,6861.522295
2362,6691.39391
2363,5956.704864
2364,6231.117988
2365,5693.807651
2366,6105.00346
2367,5669.806409
2368,6000.639954
2369,5467.53464
2370,6159.515042
2371,5631.188601
2372,5920.001639
2373,6207.449084
2374,5987.122142
2375,8451.080472
2376,8581.485886
2377,8339.189707
2378,8519.629788
2379,9679.526361
2380,8560.123467
2381,10846.81274
2382,9961.323244
2383,8460.14745
2384,10629.56415
2385,8666.289934
2386,9395.060903
2387,8548.161261
2388,8583.028167
2389,0
2390,9706.859053
2391,9806.067046
2392,9834.037413
2393,8693.937588
2394,10131.05359
2395,8671.491958
2396,8531.024362
2397,8589.115821
2398,9646.222313
2399,10802.35822
2400,8362.564681
2401,9803.489523
2402,8293.330011
2403,9991.841346
2404,10881.00638
2405,9111.923818
2406,8504.691686
2407,8854.160009
2408,8465.957597
2409,8639.975597
2410,9339.172051
2411,8481.20228
2412,9474.831445
2413,9727.405193
2414,9266.387698
2415,8472.637674
2416,9496.243876
2417,7836.498734
2418,6914.222972
2419,6726.102508
2420,7803.229028
2421,6735.428058
2422,6731.182627
2423,7448.060369
2424,7226.960056
2425,7999.953444
2426,7138.689525
2427,6888.524028
2428,7774.926091
2429,9162.283563
2430,8012.27819
2431,7448.779072
2432,6645.926356
2433,8018.79577
2434,7765.585647
2435,7924.653722
2436,6825.098703
2437,6864.500423
2438,9224.407328
2439,6829.687749
2440,7235.976517
2441,7351.685345
2442,7779.394382
2443,7779.219197
2444,9396.945382
2445,7094.25571
2446,7222.05771
2447,6820.304596
2448,7008.94022
2449,8060.345897
2450,9978.672886
2451,7829.647692
2452,8003.761946
2453,6558.643504
2454,7937.382066
2455,7959.194122
2456,6673.371789
2457,7274.806678
2458,4785.417544
2459,4964.168918
2460,4690.500883
2461,6847.872486
2462,4690.320751
2463,4827.530736
2464,4962.84025
2465,6035.373963
2466,4668.665318
2467,5825.161637
2468,5615.760108
2469,6847.436619
2470,4787.637101
2471,4972.136593
2472,5624.364067
2473,5565.174561
2474,5521.455815
2475,4788.954201
2476,4906.683677
2477,4938.099079
2478,5496.538508
2479,6995.775815
2480,4679.09683
2481,5701.038894
2482,4685.302664
2483,4826.93407
2484,4691.185041
2485,5555.258369
2486,4820.062258
2487,4834.163596
2488,5647.153061
2489,5972.081974
2490,4774.921413
2491,5443.444033
2492,4816.100786
2493,6695.244906
2494,5673.88155
2495,4770.519629
2496,4919.492338
2497,5840.697829
2498,5931.767693
2499,6950.361982
2500,7940.191927
2501,7788.021114
2502,7948.953261
2503,6822.85707
2504,6794.692048
2505,6795.657602
2506,6951.712237
2507,7657.402853
2508,8091.965308
2509,7396.945781
2510,8951.256111
2511,8039.215929
2512,8315.13716
2513,8124.606619
2514,8020.146821
2515,7728.752883
2516,7951.835798
2517,8128.439922
2518,8559.06298
2519,6916.900461
2520,8136.605767
2521,8351.606103
2522,7956.730094
2523,7000.873729
2524,8013.540535
2525,7954.795718
2526,7849.234896
2527,6820.469114
2528,7744.849921
2529,7687.944218
2530,9012.200347
2531,6945.806632
2532,9015.232111
2533,9045.939893
2534,6820.4031
2535,7360.676807
2536,6756.467254
2537,6928.417266
2538,7410.339419
2539,7724.556384
2540,7254.850484
2541,7607.456858
2542,6706.636925
2543,7267.163261
2544,7468.567012
2545,6621.161621
2546,7276.975251
2547,7270.640643
2548,7278.631598
2549,7060.170424
2550,7645.908005
2551,7321.366844
2552,7106.180358
2553,0
2554,6668.767613
2555,7625.56751
2556,6632.424248
2557,6627.041789
2558,7670.656503
2559,7654.465563
2560,6929.915664
2561,6537.930203
2562,7767.792123
2563,7634.443125
2564,6676.621606
2565,7238.404389
2566,7414.397252
2567,6719.66781
2568,7678.674843
2569,7748.626569
2570,6772.536296
2571,7023.118727
2572,6908.992263
2573,7149.15272
2574,7316.635357
2575,6650.060075
2576,7315.480728
2577,6819.836765
2578,7645.159884
2579,6738.918484
2580,6621.910197
2581,9819.969874
2582,7102.641706
2583,8166.837509
2584,9965.024068
2585,9515.954732
2586,10890.47881
2587,9441.548674
2588,9979.799503
2589,7004.050132
2590,7012.80956
2591,8162.85329
2592,8279.061595
2593,9565.221255
2594,8355.209257
2595,9399.921378
2596,7976.986254
2597,9546.025744
2598,8427.924559
2599,7223.420736
2600,8401.483125
2601,8167.108211
2602,8250.053003
2603,11180.37485
2604,7137.170865
2605,7285.692356
2606,8211.40448
2607,10702.36175
2608,10799.16536
2609,8215.515431
2610,9766.778883
2611,9395.213887
2612,7901.880577
2613,7078.523373
2614,9341.649871
2615,9653.669301
2616,9966.390191
2617,9722.12161
2618,8339.7846
2619,9417.56763
2620,7932.279029
2621,8319.367332
2622,3385.838906
2623,3648.165923
2624,4001.237187
2625,3905.105156
2626,4036.420556
2627,4265.820219
2628,3695.330095
2629,4098.698089
2630,3981.227873
2631,3853.018651
2632,3447.025804
2633,4067.682069
2634,4470.74184
2635,4424.690042
2636,3709.412878
2637,3542.376236
2638,3311.80502
2639,3379.893102
2640,3344.933508
2641,3756.193032
2642,3475.80517
2643,4131.726525
2644,3482.990031
2645,4505.929815
2646,3383.606082
2647,3656.99009
2648,3410.688924
2649,4000.598372
2650,3985.913058
2651,3508.581063
2652,3533.679071
2653,3577.044456
2654,4112.977822
2655,3474.950804
2656,3861.772096
2657,3561.924411
2658,3920.044763
2659,3963.657719
2660,3922.167973
2661,3656.5827
2662,3466.840135
2663,12095.45137
2664,12833.1364
2665,11684.69198
2666,11969.8781
2667,13361.87558
2668,15107.22723
2669,11736.32288
2670,13033.78082
2671,12061.37436
2672,11933.77661
2673,12154.39578
2674,14451.41
2675,14922.80535
2676,11658.76414
2677,14042.38241
2678,12743.71857
2679,12000.56118
2680,11318.95606
2681,14274.62839
2682,11605.52636
2683,13631.14364
2684,13817.80367
2685,11466.42796
2686,14405.53454
2687,13760.35021
2688,11978.09831
2689,11945.22122
2690,11865.78612
2691,11613.47617
2692,13521.83362
2693,13684.37275
2694,11685.61002
2695,12954.79564
2696,12811.5555
2697,11442.75863
2698,12370.09586
2699,11789.61655
2700,11540.84594
2701,15124.39007
2702,13646.66129
2703,11555.86034
2704,4907.008552
2705,4203.858139
2706,4159.891758
2707,4720.502288
2708,4100.227959
2709,3993.251551
2710,4023.176137
2711,4200.940907
2712,3906.305374
2713,4065.268637
2714,4995.424211
2715,3954.69411
2716,4675.493018
2717,5139.38972
2718,3956.261204
2719,5119.267526
2720,5419.341228
2721,5124.759378
2722,5056.748726
2723,4971.580151
2724,4709.725889
2725,3964.11208
2726,3865.361197
2727,5126.143583
2728,3964.373696
2729,3968.568922
2730,4786.791623
2731,4158.407629
2732,4988.461908
2733,3917.702937
2734,4038.96245
2735,4867.27711
2736,3847.666402
2737,3912.948833
2738,5379.940991
2739,3951.762702
2740,4033.529195
2741,5419.455302
2742,4319.845461
2743,6133.591764
2744,4852.311991
2745,6277.619053
2746,6218.265231
2747,6080.147974
2748,6213.266147
2749,6048.094024
2750,5182.123064
2751,6256.315107
2752,5219.349849
2753,5877.134444
2754,5300.84744
2755,6879.802539
2756,5889.735991
2757,5245.672268
2758,6334.452166
2759,6275.857832
2760,6282.301991
2761,6104.389542
2762,6086.246304
2763,6956.801411
2764,6236.260778
2765,5803.435938
2766,6285.871295
2767,5786.118646
2768,6118.874628
2769,5259.788357
2770,6389.180838
2771,5740.146372
2772,6256.914673
2773,5850.45388
2774,5800.066172
2775,5820.94084
2776,6046.846353
2777,7102.279682
2778,6034.367787
2779,5762.300585
2780,6875.676391
2781,5800.680687
2782,5213.075037
2783,5753.064818
2784,5771.094417
2785,7501.14812
2786,9294.260946
2787,7505.737664
2788,8137.046771
2789,7304.161873
2790,7639.428818
2791,7643.856963
2792,8215.052012
2793,8484.474628
2794,7620.238597
2795,8848.293557
2796,8245.425621
2797,7490.681652
2798,7999.710214
2799,7603.96169
2800,7971.496617
2801,9436.337961
2802,9639.873071
2803,7487.151478
2804,7507.461156
2805,8921.948605
2806,8659.914989
2807,7566.445728
2808,9824.353321
2809,8809.515447
2810,7390.243127
2811,8536.299165
2812,9631.795699
2813,7582.863402
2814,7493.370356
2815,7815.836131
2816,8296.6388
2817,9238.769968
2818,8789.690543
2819,8491.430392
2820,7525.32703
2821,10279.93515
2822,8138.460963
2823,7745.65928
2824,7309.470204
2825,8742.971735
2826,5631.076517
2827,4631.99547
2828,4746.300058
2829,5645.435439
2830,4909.894903
2831,4686.568367
2832,4771.141915
2833,4613.355125
2834,5622.21755
2835,4839.866606
2836,4799.613099
2837,5693.936807
2838,5635.627091
2839,5681.280358
2840,4661.035503
2841,5662.723762
2842,4781.430238
2843,4673.896045
2844,4670.652316
2845,4807.139925
2846,5820.627402
2847,5008.85591
2848,4634.737326
2849,6259.753393
2850,5612.135631
2851,4662.794065
2852,5454.871326
2853,4704.231005
2854,4671.382662
2855,5154.337399
2856,6076.174275
2857,5667.116056
2858,5846.207261
2859,4682.126185
2860,5835.105402
2861,4685.89407
2862,6598.030282
2863,4839.966966
2864,5258.038608
2865,6152.366981
2866,5684.326737
2867,5370.584622
2868,6555.604328
2869,5323.22799
2870,5632.535401
2871,5378.09064
2872,5303.483259
2873,5607.157508
2874,5329.304572
2875,6261.320571
2876,6381.352157
2877,6387.798831
2878,6260.812458
2879,5295.392844
2880,5568.759988
2881,5227.198373
2882,5620.721378
2883,5337.097181
2884,5663.604327
2885,5315.218123
2886,5252.958766
2887,5251.901587
2888,6353.989579
2889,5609.337392
2890,7774.95198
2891,5372.244007
2892,7598.747963
2893,6694.564023
2894,6279.021689
2895,6267.366425
2896,6621.913461
2897,6781.11551
2898,5290.07568
2899,5975.5036
2900,5378.538238
2901,6000.893582
2902,6461.593965
2903,6440.794334
2904,6429.651279
2905,6396.586382
2906,7760.62771
2907,7479.321906
2908,5491.713874
2909,6504.319184
2910,5406.353688
2911,5606.849063
2912,5538.119182
2913,6321.60437
2914,7043.293122
2915,5405.773559
2916,6257.764509
2917,4575.571596
2918,4544.265216
2919,6389.835993
2920,5562.804517
2921,6509.38325
2922,6583.357308
2923,5972.571838
2924,5902.597712
2925,6635.222583
2926,4526.172648
2927,5620.19309
2928,5589.468905
2929,5431.595588
2930,4454.706936
2931,5858.88889
2932,6327.771671
2933,6750.709978
2934,5543.182742
2935,6526.876941
2936,6633.811803
2937,4602.26925
2938,6543.490595
2939,6861.437086
2940,4634.672835
2941,6311.851202
2942,7604.023083
2943,4488.308703
2944,5586.473949
2945,5433.869217
2946,6547.512605
2947,7006.231067
2948,6319.680554
2949,6448.951233
2950,7660.492019
2951,8716.513071
2952,7371.637295
2953,6646.556843
2954,6264.816273
2955,6434.411808
2956,7600.453079
2957,6438.499016
2958,6232.412484
2959,6208.855745
2960,7865.653955
2961,6331.763698
2962,8119.467957
2963,7661.804674
2964,6430.386198
2965,8806.539278
2966,7542.573835
2967,6528.730556
2968,6495.142941
2969,7618.40636
2970,7455.926524
2971,7398.926133
2972,7369.593716
2973,6444.906201
2974,6474.063865
2975,8750.839829
2976,6130.459223
2977,8101.603651
2978,6456.744898
2979,6322.630159
2980,6302.255661
2981,6455.881878
2982,8938.135937
2983,6150.862618
2984,6274.825088
2985,7801.821368
2986,6508.720738
2987,7534.370331
2988,7336.921302
2989,6516.183892
2990,4708.534954
2991,4696.374023
2992,4637.022784
2993,5681.607708
2994,4710.433423
2995,5690.379499
2996,5161.687262
2997,6165.210778
2998,5391.727055
2999,4837.986604
3000,5544.893483
3001,6032.128691
3002,5427.588715
3003,6061.091443
3004,4937.518585
3005,4738.433472
3006,4711.313891
3007,5744.168281
3008,4995.477672
3009,4666.872793
3010,5359.985694
3011,5552.123057
3012,5067.451311
3013,4697.927888
3014,4811.712405
3015,5649.073923
3016,5457.374041
3017,5497.126272
3018,4596.499597
3019,5475.292857
3020,5503.716142
3021,5039.247953
3022,5002.823895
3023,4919.520724
3024,5490.704347
3025,5405.171393
3026,4622.229449
3027,5027.903626
3028,6583.767824
3029,5353.197001
3030,5513.905599
3031,4856.598449
3032,4845.897823
3033,4871.968445
3034,4911.547559
3035,4863.249042
3036,4858.125775
3037,5591.483902
3038,5669.042461
3039,4997.515553
3040,5687.535186
3041,5736.922811
3042,5752.59231
3043,4989.173479
3044,5793.892632
3045,6364.886188
3046,6257.371552
3047,4906.775002
3048,4871.249852
3049,5297.138478
3050,5687.350716
3051,4976.138565
3052,5543.536062
3053,5412.898924
3054,5857.581265
3055,6355.786403
3056,5647.193767
3057,4952.364087
3058,4805.480784
3059,6525.159235
3060,5257.255217
3061,5281.597644
3062,5649.054613
3063,4908.680609
3064,5528.905979
3065,5805.419915
3066,5829.91596
3067,5706.882626
3068,5328.821316
3069,4891.282807
3070,5828.86344
3071,7307.923412
3072,7337.09761
3073,7858.095021
3074,7423.575754
3075,7343.636552
3076,7614.894266
3077,9114.268484
3078,8376.276419
3079,9232.278496
3080,9155.70628
3081,7314.013311
3082,8368.870563
3083,8100.289955
3084,8205.9628
3085,7996.18688
3086,7905.450575
3087,8242.717933
3088,7801.009909
3089,7590.076065
3090,8352.883839
3091,7758.357303
3092,8342.020932
3093,8980.037962
3094,7478.814555
3095,8341.363642
3096,8593.478584
3097,7422.557516
3098,7417.441691
3099,7945.45129
3100,8048.151144
3101,7392.376237
3102,7865.84355
3103,8126.133753
3104,8372.715963
3105,8361.976505
3106,8257.979725
3107,7334.05606
3108,8268.662268
3109,8041.234695
3110,8357.610673
3111,7831.354321
3112,0
3113,6805.592656
3114,8630.812029
3115,6798.011057
3116,7034.886291
3117,6638.113424
3118,6879.517596
3119,7687.751566
3120,6674.244157
3121,8600.014394
3122,7983.439493
3123,7079.250687
3124,6703.708343
3125,9116.622104
3126,6842.859617
3127,6906.159268
3128,7130.035873
3129,7811.039518
3130,7075.353882
3131,7067.537346
3132,7724.725787
3133,7852.940112
3134,6825.18423
3135,7918.882872
3136,7737.47743
3137,8222.4402
3138,6507.986128
3139,7973.610782
3140,7910.51989
3141,7690.890922
3142,7029.574144
3143,7999.640646
3144,7748.755574
3145,6690.064567
3146,6952.821005
3147,7563.716752
3148,6630.428807
3149,8398.106146
3150,7013.134414
3151,7894.267226
3152,8536.926812
3153,6909.231262
3154,6202.05482
3155,5957.276365
3156,8578.435162
3157,6420.566391
3158,5911.337051
3159,7636.388805
3160,5987.79199
3161,5835.117735
3162,5808.176063
3163,5861.491793
3164,7490.22131
3165,5963.917156
3166,9548.558901
3167,7137.528895
3168,5959.380154
3169,6210.415021
3170,6042.009025
3171,8342.20814
3172,6995.062061
3173,5927.718816
3174,7214.830215
3175,6363.734599
3176,5922.459895
3177,6995.519187
3178,8058.882421
3179,5970.81495
3180,7259.327064
3181,7953.156757
3182,5932.961619
3183,7045.250968
3184,7459.319538
3185,6071.152375
3186,7152.065102
3187,6081.699849
3188,8159.143958
3189,7272.326215
3190,6508.802156
3191,7543.935737
3192,8908.027836
3193,5867.851086
3194,4305.786929
3195,5841.037596
3196,4793.741133
3197,5899.306853
3198,4347.333448
3199,4379.417757
3200,4946.441592
3201,4730.368021
3202,4383.84516
3203,4698.095869
3204,4373.381608
3205,4715.94223
3206,4338.887684
3207,3764.879961
3208,4326.770074
3209,4470.428792
3210,4879.306168
3211,4342.88036
3212,3774.7265
3213,4860.429769
3214,4333.728344
3215,4374.238751
3216,5621.431374
3217,5014.191709
3218,4446.323101
3219,4377.172224
3220,4670.142991
3221,4732.263861
3222,3786.91055
3223,4437.274367
3224,4816.142235
3225,4732.396368
3226,5654.707335
3227,4742.900868
3228,4785.513198
3229,3801.032676
3230,4433.934649
3231,3783.479112
3232,3773.722616
3233,3925.291608
3234,4937.421376
3235,6948.044606
3236,6901.383302
3237,7486.325425
3238,8203.871904
3239,7499.019631
3240,6935.616723
3241,7616.310485
3242,6936.609932
3243,8053.259148
3244,7235.056404
3245,0
3246,6852.952436
3247,7300.6531
3248,7129.909391
3249,7529.413654
3250,7227.787436
3251,7356.516642
3252,7340.446805
3253,7234.775253
3254,6908.107373
3255,8007.98323
3256,7644.586285
3257,6836.14573
3258,6907.792598
3259,6856.697656
3260,6977.855983
3261,7371.546375
3262,7282.703034
3263,6812.30886
3264,8344.446259
3265,7186.846424
3266,6892.265476
3267,7189.248867
3268,7227.794043
3269,7374.250371
3270,7009.192087
3271,7376.908374
3272,7762.221662
3273,7497.035423
3274,7956.272039
3275,7975.618996
3276,7429.761438
3277,11737.75494
3278,10919.3824
3279,13316.56687
3280,11072.3604
3281,11840.54299
3282,11026.39315
3283,10943.97225
3284,11959.08895
3285,11781.51642
3286,11632.29054
3287,11512.0796
3288,11740.14404
3289,11417.35354
3290,11987.9742
3291,11443.375
3292,13263.75327
3293,11103.61012
3294,10753.23722
3295,10840.03164
3296,11053.65431
3297,13243.65831
3298,11788.62095
3299,10778.2592
3300,11908.62469
3301,11074.89454
3302,10876.63499
3303,10753.75604
3304,12238.76726
3305,11861.15386
3306,11993.78247
3307,11139.8251
3308,11828.17001
3309,11783.17656
3310,12684.44792
3311,10861.03631
3312,10818.82541
3313,12119.40571
3314,11529.00665
3315,13322.66162
3316,11655.34408
3317,7207.885016
3318,5972.149719
3319,6093.562721
3320,6803.093298
3321,5669.740762
3322,6247.119732
3323,6782.487998
3324,6038.640863
3325,6410.931418
3326,6224.130215
3327,6710.63763
3328,5965.042531
3329,6765.025222
3330,7445.399661
3331,6533.540467
3332,6057.954395
3333,6496.59749
3334,6610.340085
3335,5758.171332
3336,5989.096972
3337,6836.17034
3338,6569.348051
3339,7195.460992
3340,5631.195114
3341,6645.995643
3342,5786.193091
3343,5938.426937
3344,5716.536916
3345,5932.002597
3346,6435.705579
3347,7145.391843
3348,5992.61282
3349,5933.213763
3350,6212.650878
3351,6284.702656
3352,7171.923956
3353,6649.066564
3354,5911.125033
3355,7404.064412
3356,6176.064199
3357,6058.575322
3358,5046.152697
3359,4559.079764
3360,4596.832302
3361,4632.401713
3362,3788.174382
3363,5178.501284
3364,3703.787273
3365,4581.761449
3366,5417.05277
3367,4850.429444
3368,4697.643415
3369,4816.657239
3370,4977.24259
3371,5003.987378
3372,4441.484822
3373,4825.390325
3374,4583.680111
3375,4628.820442
3376,4729.444578
3377,4227.632128
3378,4601.044201
3379,5377.461723
3380,4963.311935
3381,4799.192996
3382,4487.298072
3383,4907.83903
3384,4692.325123
3385,4285.253519
3386,4657.903289
3387,3798.024841
3388,4961.510776
3389,4882.39336
3390,4997.767697
3391,4515.578159
3392,4344.108331
3393,4020.695546
3394,3781.666554
3395,4957.4643
3396,4025.01942
3397,5460.96084
3398,3771.373785
3399,6062.641951
3400,5857.738273
3401,6323.469491
3402,7066.359884
3403,7154.021564
3404,7803.052039
3405,5964.651474
3406,7191.735959
3407,6915.67675
3408,5999.918206
3409,0
3410,5971.218426
3411,6941.009396
3412,7220.302338
3413,7073.415363
3414,6516.056359
3415,6052.105813
3416,5957.792753
3417,7099.317674
3418,6621.174245
3419,5882.554282
3420,6391.517331
3421,8825.111675
3422,6964.936639
3423,6869.230604
3424,6859.378228
3425,0
3426,0
3427,0
3428,0
3429,0
3430,0
3431,0
3432,0
3433,0
3434,0
3435,0
3436,0
3437,0
3438,0
3439,0
3440,0
3441,0
3442,0
3443,0
3444,0
3445,0
3446,0
3447,0
3448,0
3449,0
3450,0
3451,0
3452,0
3453,0
3454,0
3455,0
3456,0
3457,0
3458,0
3459,0
3460,0
3461,0
3462,0
3463,0
3464,0
3465,0
3466,0
3467,0
3468,0
3469,0
3470,0
3471,0
3472,0
3473,0
3474,0
3475,0
3476,0
3477,0
3478,0
3479,0
3480,0
3481,0
3482,0
3483,0
3484,0
3485,0
3486,0
3487,0
3488,0
3489,0
3490,0
3491,0
3492,0
3493,0
3494,0
3495,0
3496,0
3497,0
3498,0
3499,0
3500,0
3501,0
3502,0
3503,0
3504,0
3505,0
3506,0
3507,0
3508,0
3509,0
3510,0
3511,0
3512,0
3513,0
3514,0
3515,0
3516,6470.856088
3517,0
3518,0
3519,0
3520,0
3521,0
3522,0
3523,0
3524,0
3525,0
3526,0
3527,0
3528,0
3529,0
3530,0
3531,0
3532,0
3533,0
3534,0
3535,0
3536,0
3537,0
3538,0
3539,0
3540,0
3541,0
3542,0
3543,0
3544,0
3545,0
3546,0
3547,0
3548,0
3549,0
3550,0
3551,0
3552,0
3553,0
3554,0
3555,0
3556,0
3557,0
3558,0
3559,0
3560,0
3561,0
3562,0
3563,0
3564,0
3565,0
3566,0
3567,0
3568,0
3569,0
3570,0
3571,0
3572,0
3573,0
3574,0
3575,0
3576,0
3577,0
3578,0
3579,0
3580,0
3581,0
3582,0
3583,0
3584,6034.388645
3585,0
3586,0
3587,0
3588,0
3589,0
3590,0
3591,0
3592,0
3593,0
3594,0
3595,0
3596,0
3597,0
3598,0
3599,0
3600,0
3601,0
3602,0
3603,0
3604,0
3605,0
3606,0
3607,0
3608,0
3609,0
3610,0
3611,0
3612,0
3613,0
3614,0
3615,0
3616,0
3617,0
3618,0
3619,0
3620,0
3621,0
3622,0
3623,0
3624,0
3625,7903.819253
3626,7067.824197
3627,0
3628,0
3629,0
3630,0
3631,0
3632,0
3633,0
3634,6792.965145
3635,0
3636,0
3637,0
3638,0
3639,0
3640,0
3641,0
3642,0
3643,0
3644,0
3645,0
3646,0
3647,0
3648,0
3649,0
3650,0
3651,0
3652,0
3653,6870.617241
3654,0
3655,0
3656,0
3657,0
3658,0
3659,0
3660,0
3661,0
3662,0
3663,7046.884654
3664,0
3665,0
3666,0
3667,0
3668,0
3669,0
3670,0
3671,0
3672,0
3673,0
3674,0
3675,0
3676,0
3677,0
3678,0
3679,0
3680,0
3681,5948.703697
3682,0
3683,0
3684,0
3685,0
3686,0
3687,0
3688,0
3689,0
3690,0
3691,0
3692,0
3693,0
3694,0
3695,0
3696,0
3697,0
3698,6489.215055
3699,0
3700,0
3701,0
3702,0
3703,0
3704,0
3705,0
3706,0
3707,0
3708,0
3709,0
3710,0
3711,0
3712,0
3713,0
3714,0
3715,0
3716,0
3717,0
3718,0
3719,0
3720,0
3721,0
3722,0
3723,0
3724,0
3725,0
3726,0
3727,0
3728,0
3729,0
3730,0
3731,0
3732,0
3733,0
3734,0
3735,0
3736,0
3737,0
3738,0
3739,0
3740,0
3741,0
3742,0
3743,0
3744,0
3745,0
3746,0
3747,0
3748,0
3749,0
3750,0
3751,0
3752,0
3753,0
3754,0
3755,0
3756,0
3757,0
3758,0
3759,0
3760,6761.475582
3761,0
3762,0
3763,0
3764,0
3765,0
3766,0
3767,0
3768,0
3769,0
3770,0
3771,0
3772,0
3773,0
3774,7820.769272
3775,0
3776,0
3777,0
3778,0
3779,0
3780,0
3781,0
3782,0
3783,0
3784,0
3785,0
3786,0
3787,0
3788,0
3789,0
3790,0
3791,0
3792,0
3793,0
3794,0
3795,0
3796,0
3797,0
3798,0
3799,0
3800,0
3801,0
3802,0
3803,0
3804,0
3805,0
3806,0
3807,0
3808,0
3809,0
3810,0
3811,0
3812,0
3813,0
3814,0
3815,0
3816,0
3817,6286.775324
3818,0
3819,0
3820,0
3821,0
3822,0
3823,0
3824,0
3825,0
3826,0
3827,6660.310568
3828,0
3829,0
3830,0
3831,6103.860743
3832,0
3833,0
3834,0
3835,0
3836,0
3837,0
3838,0
3839,0
3840,0
3841,0
3842,0
3843,0
3844,0
3845,0
3846,0
3847,0
3848,0
3849,0
3850,0
3851,0
3852,0
3853,0
3854,0
3855,0
3856,0
3857,0
3858,6922.561714
3859,0
3860,0
3861,0
3862,0
3863,0
3864,0
3865,0
3866,0
3867,0
3868,0
3869,0
3870,0
3871,0
3872,6098.734348
3873,0
3874,0
3875,0
3876,0
3877,0
3878,0
3879,0
3880,0
3881,0
3882,0
3883,0
3884,0
3885,0
3886,0
3887,0
3888,0
3889,0
3890,0
3891,0
3892,0
3893,0
3894,0
3895,0
3896,0
3897,0
3898,0
3899,0
3900,0
3901,0
3902,0
3903,0
3904,0
3905,0
3906,0
3907,0
3908,0
3909,0
3910,0
3911,0
3912,0
3913,0
3914,0
3915,0
3916,0
3917,0
3918,0
3919,0
3920,0
3921,0
3922,0
3923,0
3924,0
3925,0
3926,0
3927,0
3928,0
3929,0
3930,0
3931,0
3932,0
3933,0
3934,0
3935,0
3936,0
3937,0
3938,0
3939,0
3940,0
3941,0
3942,0
3943,0
3944,0
3945,0
3946,0
3947,5954.490682
3948,0
3949,0
3950,0
3951,0
3952,0
3953,0
3954,0
3955,0
3956,0
3957,0
3958,0
3959,0
3960,0
3961,0
3962,0
3963,0
3964,0
3965,0
3966,0
3967,0
3968,0
3969,0
3970,0
3971,0
3972,0
3973,0
3974,0
3975,0
3976,0
3977,0
3978,0
3979,0
3980,0
3981,0
3982,0
3983,0
3984,0
3985,0
3986,0
3987,0
3988,0
3989,0
3990,0
3991,6102.436678
3992,5961.720394
3993,0
3994,0
3995,0
3996,0
3997,0
3998,0
3999,0
4000,0
4001,0
4002,0
4003,0
4004,0
4005,0
4006,0
4007,0
4008,0
4009,0
4010,0
4011,0
4012,0
4013,0
4014,0
4015,0
4016,0
4017,0
4018,0
4019,0
4020,6545.837021
4021,0
4022,0
4023,0
4024,0
4025,0
4026,0
4027,0
4028,0
4029,0
4030,0
4031,0
4032,0
4033,0
4034,0
4035,0
4036,0
4037,0
4038,0
4039,0
4040,0
4041,0
4042,0
4043,0
4044,0
4045,0
4046,0
4047,0
4048,0
4049,0
4050,0
4051,0
4052,0
4053,0
4054,0
4055,0
4056,0
4057,0
4058,0
4059,0
4060,0
4061,0
4062,0
4063,0
4064,0
4065,0
4066,0
4067,0
4068,0
4069,0
4070,0
4071,0
4072,0
4073,0
4074,0
4075,0
4076,0
4077,0
4078,0
4079,0
4080,0
4081,0
4082,0
4083,0
4084,0
4085,0
4086,0
4087,0
4088,0
4089,0
4090,5921.817083
4091,0
4092,0
4093,0
4094,6142.908382
4095,0
4096,0
4097,0
4098,0
4099,0
4100,0
4101,0
4102,0
4103,0
4104,0
4105,0
4106,0
4107,0
4108,0
4109,0
4110,0
4111,0
4112,0
4113,0
4114,0
4115,0
4116,0
4117,0
4118,0
4119,0
4120,0
4121,0
4122,0
4123,0
4124,0
4125,0
4126,0
4127,0
4128,0
4129,0
4130,0
4131,0
4132,0
4133,0
4134,0
4135,0
4136,0
4137,0
4138,0
4139,0
4140,0
4141,0
4142,0
4143,0
4144,0
4145,5979.420087
4146,0
4147,0
4148,0
4149,0
4150,0
4151,0
4152,0
4153,0
4154,0
4155,0
4156,0
4157,0
4158,0
4159,0
4160,5964.738735
4161,0
4162,0
4163,0
4164,0
4165,0
4166,0
4167,0
4168,0
4169,0
4170,0
4171,0
4172,0
4173,0
4174,0
4175,0
4176,0
4177,0
4178,0
4179,0
4180,0
4181,0
4182,0
4183,0
4184,0
4185,0
4186,0
4187,0
4188,0
4189,0
4190,0
4191,0
4192,0
4193,0
4194,0
4195,0
4196,0
4197,0
4198,0
4199,0
4200,0
4201,0
4202,0
4203,0
4204,0
4205,0
4206,0
4207,0
4208,0
4209,0
4210,0
4211,0
4212,0
4213,0
4214,0
4215,0
4216,0
4217,0
4218,0
4219,0
4220,0
4221,0
4222,0
4223,0
4224,6277.44626
4225,0
4226,0
4227,0
4228,0
4229,0
4230,0
4231,0
4232,0
4233,0
4234,0
4235,0
4236,0
4237,0
4238,0
4239,0
4240,0
4241,0
4242,0
4243,0
4244,0
4245,0
4246,0
4247,0
4248,0
4249,0
4250,0
4251,0
4252,0
4253,0
4254,0
4255,0
4256,0
4257,0
4258,0
4259,0
4260,0
4261,0
4262,0
4263,0
4264,0
4265,6169.183758
4266,6215.644814
4267,0
4268,0
4269,0
4270,0
4271,0
4272,0
4273,0
4274,0
4275,0
4276,0
4277,0
4278,0
4279,0
4280,0
4281,5959.000374
4282,5912.945895
4283,6245.837867
4284,5900.71266
4285,6316.877084
4286,6169.731974
4287,6306.492465
4288,5951.299545
4289,6145.632785
4290,6277.469267
4291,6290.714757
4292,6154.243221
4293,5906.413976
4294,6157.902612
4295,5938.097275
4296,6713.08513
4297,6193.383214
4298,5947.324651
4299,5827.498014
4300,5928.757078
4301,6199.731281
4302,7005.51087
4303,6961.599363
4304,5947.071098
4305,5772.960494
4306,6195.926995
4307,6145.390062
4308,6142.795063
4309,5778.862807
4310,6221.515964
4311,6456.273245
4312,6395.827629
4313,6716.823856
4314,6305.228982
4315,6421.154183
4316,7025.714914
4317,6266.67241
4318,6290.626811
4319,6339.134088
4320,6382.61368
4321,7247.83972
4322,6742.018968
4323,6899.365591
4324,6908.03128
4325,6834.056478
4326,6962.604297
4327,6769.861444
4328,6667.276866
4329,6899.211766
4330,6697.280068
4331,7183.253524
4332,6356.457629
4333,6323.08783
4334,6501.19119
4335,6842.298648
4336,6888.116886
4337,6648.081522
4338,6725.39742
4339,6258.071348
4340,6267.149752
4341,7141.425063
4342,6368.826803
4343,6308.266084
4344,7268.438242
4345,7170.782786
4346,7178.321068
4347,6728.705232
4348,6699.996864
4349,6681.196165
4350,6260.777454
4351,8591.20613
4352,8463.963258
4353,7072.431911
4354,7240.344811
4355,8326.972033
4356,8298.588237
4357,8303.494089
4358,7728.051074
4359,8446.697229
4360,6992.848186
4361,7231.97357
4362,8331.093962
4363,8355.443865
4364,7059.943726
4365,7014.430894
4366,7148.24929
4367,8750.684877
4368,8248.954464
4369,8266.988496
4370,6937.134347
4371,7275.264358
4372,8234.029915
4373,7239.630134
4374,7571.841279
4375,7524.201758
4376,8269.720397
4377,8726.795893
4378,7032.347363
4379,8177.784097
4380,6998.064121
4381,8456.339292
4382,6951.642396
4383,8456.922289
4384,8280.868155
4385,8276.635912
4386,8511.847589
4387,8363.33868
4388,8370.851286
4389,6998.845889
4390,7369.823456
4391,3631.575383
4392,3667.146863
4393,3528.55192
4394,3673.368957
4395,3609.462323
4396,3656.95769
4397,3030.816924
4398,4111.219327
4399,4195.458595
4400,4573.229071
4401,3595.777463
4402,3747.21928
4403,3126.140989
4404,3568.240157
4405,4271.449322
4406,4181.300371
4407,3895.143773
4408,4340.729932
4409,3033.828184
4410,4006.252163
4411,3929.618697
4412,4415.011475
4413,3064.017015
4414,3498.09897
4415,3603.010412
4416,4587.089322
4417,3516.776373
4418,4162.128114
4419,4001.988216
4420,3973.05049
4421,3588.946789
4422,4579.702636
4423,4043.710716
4424,4025.315953
4425,3214.933314
4426,3572.210668
4427,3674.67038
4428,4618.629641
4429,3026.260067
4430,3015.456369
4431,3998.333121
4432,7070.180379
4433,9990.73938
4434,7291.928508
4435,6704.549455
4436,7165.842362
4437,8534.257761
4438,8537.841343
4439,7492.329711
4440,6828.920832
4441,6858.737055
4442,7604.440328
4443,8273.308225
4444,7028.419079
4445,8057.387867
4446,7090.051895
4447,8219.153322
4448,6840.111315
4449,7931.113614
4450,6752.369801
4451,8108.02606
4452,8270.961122
4453,8179.215689
4454,8438.264969
4455,7991.04311
4456,7123.542359
4457,8016.513654
4458,6795.457024
4459,8161.971195
4460,7018.893151
4461,10589.81145
4462,8449.565836
4463,7546.422518
4464,10044.00805
4465,7316.27659
4466,8761.496518
4467,10014.3878
4468,6991.898739
4469,7724.975995
4470,7520.285054
4471,8059.840705
4472,7979.671935
4473,5677.700727
4474,5399.594397
4475,6379.189365
4476,5460.434086
4477,5564.81582
4478,5250.080687
4479,5803.19004
4480,5438.482021
4481,6030.859458
4482,5377.761499
4483,5377.936976
4484,7030.523917
4485,5192.534426
4486,5386.069513
4487,5301.594297
4488,6155.283404
4489,5980.972168
4490,0
4491,5567.745091
4492,6069.799252
4493,5412.384854
4494,5560.447027
4495,6766.439601
4496,5399.539198
4497,5914.486266
4498,6264.627523
4499,7322.991173
4500,5391.369879
4501,5904.334922
4502,6281.372865
4503,7050.575904
4504,6183.399786
4505,5456.19218
4506,7126.164353
4507,5183.985951
4508,6480.60984
4509,6094.291339
4510,5665.185081
4511,5401.5835
4512,5873.207532
4513,5281.692819
4514,6593.034477
4515,6139.779123
4516,6154.750604
4517,7083.277121
4518,8291.674003
4519,7102.291949
4520,6739.506205
4521,6365.162262
4522,6041.154104
4523,6198.698048
4524,6079.194313
4525,7473.062719
4526,5763.951178
4527,6022.98993
4528,7088.616453
4529,7162.415323
4530,7214.986968
4531,7249.559632
4532,7158.672783
4533,6088.294382
4534,7556.550299
4535,7381.78301
4536,6235.718202
4537,6320.987169
4538,6547.890583
4539,6003.923059
4540,6248.483007
4541,6457.22332
4542,7135.610375
4543,9440.466253
4544,6659.325352
4545,7320.23545
4546,6420.466883
4547,7222.473511
4548,8304.504241
4549,6088.524258
4550,8361.181758
4551,7090.182299
4552,5925.516666
4553,6265.732224
4554,6395.626447
4555,7583.327953
4556,6638.742689
4557,6741.624728
4558,7552.545769
4559,4924.126781
4560,7796.087801
4561,6924.329026
4562,7716.010316
4563,6292.893467
4564,7270.271492
4565,7173.965845
4566,4995.497635
4567,7047.624125
4568,7049.438527
4569,8112.478086
4570,7467.044889
4571,8028.219478
4572,5064.949122
4573,7777.03748
4574,7458.617908
4575,6890.880054
4576,7075.324481
4577,7453.945713
4578,6937.453183
4579,8488.554022
4580,6258.039857
4581,4700.341403
4582,7829.505727
4583,7904.146018
4584,8207.218038
4585,7487.826379
4586,7397.448813
4587,7363.029632
4588,4625.704086
4589,6361.742398
4590,7727.163365
4591,5034.33608
4592,7349.66038
4593,8993.578452
4594,6234.833514
4595,7925.903568
4596,7475.45201
4597,4974.426206
4598,7058.226424
4599,7350.732852
4600,7799.614355
4601,6984.654625
4602,6835.627052
4603,8472.988693
4604,4812.976402
4605,4519.297516
4606,4458.038458
4607,4778.952
4608,3581.82408
4609,4602.688757
4610,4658.75042
4611,4249.392692
4612,5535.495501
4613,5263.542409
4614,4459.689027
4615,4577.847565
4616,4849.85705
4617,4304.281765
4618,4804.473452
4619,4331.746
4620,3545.179088
4621,4142.193458
4622,4279.913554
4623,4825.570118
4624,5211.361404
4625,4735.867386
4626,4722.902035
4627,4495.544284
4628,5039.483039
4629,4598.225704
4630,4325.101214
4631,4413.904268
4632,4192.994816
4633,4481.133235
4634,4187.408842
4635,4181.492628
4636,4705.748323
4637,3614.17575
4638,3755.950231
4639,5107.792528
4640,3881.590542
4641,3547.783757
4642,4317.741942
4643,3492.494483
4644,4940.535049
4645,5973.867487
4646,5519.087342
4647,5254.878088
4648,7389.166244
4649,5151.515524
4650,6011.799214
4651,6076.859865
4652,6774.418502
4653,6782.619656
4654,6252.380274
4655,6271.659338
4656,6077.105444
4657,5126.482893
4658,5261.053077
4659,5182.452209
4660,5068.06507
4661,5272.94377
4662,5101.700044
4663,5263.006653
4664,5434.660977
4665,5267.488233
4666,7053.528835
4667,5385.486722
4668,5896.314253
4669,6398.057318
4670,6223.663983
4671,5160.315081
4672,6041.179789
4673,6814.806373
4674,6557.869523
4675,6071.921319
4676,5123.515308
4677,5129.820138
4678,5950.71353
4679,5242.148204
4680,5634.035676
4681,5143.236527
4682,6484.157937
4683,5220.005287
4684,6361.508052
4685,5176.962355
4686,6380.550521
4687,5652.390566
4688,5327.073351
4689,5735.861083
4690,4485.473072
4691,4512.309606
4692,5588.879452
4693,6477.331442
4694,5575.168321
4695,7427.639753
4696,6463.581143
4697,4807.089569
4698,5024.606178
4699,4559.076829
4700,5751.103484
4701,4734.823201
4702,4996.944576
4703,5526.777554
4704,4546.199897
4705,5817.471367
4706,4541.037442
4707,5021.440531
4708,5036.185201
4709,5406.58083
4710,5169.080642
4711,4500.53167
4712,4564.209887
4713,5018.78436
4714,4661.687088
4715,5656.186032
4716,4617.144895
4717,5224.268406
4718,5867.194346
4719,4567.603252
4720,5726.03864
4721,4503.259249
4722,4567.546167
4723,5780.75655
4724,4547.854897
4725,5498.924005
4726,5764.894136
4727,8312.828933
4728,9436.949969
4729,9304.712353
4730,6919.821978
4731,8739.92674
4732,6914.888001
4733,7343.842456
4734,7359.434019
4735,8455.330276
4736,8096.298987
4737,8441.872298
4738,6927.121967
4739,7099.635079
4740,7055.468916
4741,10241.69175
4742,8029.995449
4743,6907.419507
4744,7225.185001
4745,8335.216885
4746,7285.580862
4747,6979.97186
4748,7582.247022
4749,6903.143428
4750,9374.872919
4751,8265.461496
4752,7158.30057
4753,7979.379712
4754,8070.614927
4755,8672.916637
4756,8107.738521
4757,6911.850575
4758,7077.167424
4759,7026.648013
4760,7190.452978
4761,7178.445472
4762,7006.617095
4763,6881.366887
4764,8080.861431
4765,6962.695803
4766,7998.127567
4767,8301.689561
4768,8045.724365
4769,9544.566933
4770,8507.987804
4771,8471.292762
4772,10429.92516
4773,9756.650674
4774,8394.801738
4775,8468.774909
4776,8080.982443
4777,8397.709462
4778,9693.451125
4779,9603.154434
4780,8804.627345
4781,8464.421822
4782,9739.243658
4783,9552.482119
4784,8008.132852
4785,10588.36699
4786,8534.053553
4787,8198.6672
4788,8590.289231
4789,8435.706101
4790,10562.5137
4791,8833.032964
4792,9742.8633
4793,8516.071774
4794,11185.83849
4795,9597.20066
4796,9697.66252
4797,8432.947782
4798,8392.05997
4799,8364.042405
4800,9521.717356
4801,8586.487942
4802,9604.548988
4803,8585.35053
4804,9464.76263
4805,9010.931888
4806,9767.250537
4807,8419.840499
4808,5670.076915
4809,4878.150071
4810,4597.594085
4811,4610.302136
4812,4644.614461
4813,5272.103389
4814,4772.127982
4815,4632.299339
4816,5115.515373
4817,5409.551568
4818,4731.470124
4819,5384.796689
4820,5168.817748
4821,4659.241177
4822,5814.802273
4823,5166.314327
4824,4660.15088
4825,4531.420209
4826,5182.852763
4827,4656.767316
4828,4733.019847
4829,5100.19384
4830,4656.378054
4831,5053.323088
4832,5255.669377
4833,4660.936831
4834,4699.215674
4835,4940.508595
4836,4915.746235
4837,5173.856606
4838,4921.093262
4839,5161.002092
4840,4739.405737
4841,5261.011557
4842,4583.308906
4843,4705.498839
4844,4750.802024
4845,5785.08345
4846,4988.381914
4847,4653.271965
4848,6079.652743
4849,4879.553169
4850,4682.673879
4851,5161.277809
4852,4559.214483
4853,5277.537662
4854,5205.701085
4855,5317.797157
4856,5318.595448
4857,4883.236034
4858,4936.061786
4859,5817.213781
4860,5034.761129
4861,4912.704443
4862,5366.028321
4863,6005.072664
4864,5123.916851
4865,5046.589374
4866,4694.401491
4867,4701.43018
4868,4578.768115
4869,4707.914766
4870,5090.098382
4871,5158.022386
4872,5090.984143
4873,4548.524417
4874,4567.983023
4875,5966.182151
4876,5934.223848
4877,4887.850972
4878,4795.120207
4879,4795.861162
4880,4870.149555
4881,4738.28964
4882,5317.834099
4883,5033.134781
4884,5108.394318
4885,4537.868197
4886,4883.955813
4887,5089.49747
4888,4522.564767
4889,4684.607007
4890,6066.209749
4891,7622.702236
4892,7334.889648
4893,6333.789115
4894,7437.59778
4895,6095.543913
4896,6966.95984
4897,6727.245325
4898,7371.980555
4899,7193.840436
4900,7404.438775
4901,6766.845855
4902,6054.127897
4903,6108.418102
4904,7174.439087
4905,6214.400616
4906,6306.419501
4907,6072.818694
4908,6344.786251
4909,7347.747113
4910,7432.72425
4911,7308.614218
4912,6849.323737
4913,6105.358848
4914,7216.218103
4915,7600.000247
4916,6276.585584
4917,7083.679526
4918,6061.071511
4919,8148.882894
4920,6239.549206
4921,7359.293183
4922,6747.038199
4923,7410.614374
4924,6900.622865
4925,7213.489036
4926,6222.504119
4927,6803.768212
4928,6206.198417
4929,7120.678524
4930,5987.659709
4931,5467.015208
4932,5631.587676
4933,6222.928245
4934,6392.208628
4935,6961.468691
4936,6875.575024
4937,6238.705387
4938,6404.866719
4939,6305.252014
4940,5341.751202
4941,6197.85853
4942,6326.548091
4943,6939.808197
4944,5641.933475
4945,5593.206833
4946,5559.628512
4947,7664.010591
4948,5712.440014
4949,5497.753015
4950,6412.306758
4951,6083.461645
4952,5532.548437
4953,6332.37722
4954,6147.214346
4955,5561.652903
4956,5465.5338
4957,0
4958,5539.663535
4959,5552.558455
4960,5407.842378
4961,6011.280015
4962,6166.717231
4963,6521.756639
4964,6270.498164
4965,6422.554449
4966,5495.066398
4967,6435.976903
4968,6241.316153
4969,6041.437085
4970,6085.520878
4971,6202.025405
4972,6871.514976
4973,4827.719216
4974,5037.314267
4975,6073.021904
4976,6984.131583
4977,5911.430645
4978,5967.26107
4979,6834.989161
4980,5994.554286
4981,5063.353288
4982,5144.403255
4983,4896.963581
4984,4879.695639
4985,5073.209954
4986,4863.586436
4987,5891.213901
4988,5980.78175
4989,4828.629913
4990,4810.430841
4991,4875.549945
4992,5977.039973
4993,5015.316896
4994,5020.566808
4995,5396.554558
4996,5996.743534
4997,4779.830656
4998,5971.026248
4999,5993.501737
5000,4794.060603
5001,5837.057333
5002,4868.862574
5003,6011.335504
5004,6878.503855
5005,5888.416174
5006,5725.155528
5007,5963.9966
5008,4808.729934
5009,4839.851523
5010,4933.298474
5011,4800.167602
5012,7884.194314
5013,7179.365655
5014,7424.238115
5015,8045.200088
5016,8168.749001
5017,8593.801919
5018,9600.510335
5019,8570.429166
5020,7900.924887
5021,7310.777681
5022,8992.441939
5023,9378.611507
5024,9044.357061
5025,7405.956909
5026,7926.141255
5027,7931.510259
5028,9014.469715
5029,9532.267252
5030,8017.576272
5031,9321.787676
5032,7874.608428
5033,8949.766546
5034,7403.151623
5035,7919.089711
5036,7660.182326
5037,8191.709065
5038,7881.107888
5039,7903.080283
5040,8545.518939
5041,9051.510348
5042,8163.335646
5043,7935.577845
5044,9232.205769
5045,8964.162626
5046,8617.798677
5047,8129.043946
5048,9175.844012
5049,8947.853875
5050,7905.193568
5051,7940.790895
5052,6786.226059
5053,5369.148691
5054,5321.726999
5055,6945.124986
5056,5995.781922
5057,6632.160417
5058,5454.80677
5059,6058.575996
5060,6226.79193
5061,5533.459924
5062,5986.041575
5063,6272.487183
5064,7017.49611
5065,6027.868919
5066,6688.314405
5067,5343.052838
5068,6168.320487
5069,6099.187056
5070,6931.001692
5071,6100.637126
5072,6982.149085
5073,6802.862356
5074,7072.012273
5075,7043.63666
5076,6006.000314
5077,5539.087189
5078,6070.861599
5079,7612.819407
5080,7126.282437
5081,6119.878368
5082,6062.299601
5083,6760.357354
5084,6220.805316
5085,7005.339788
5086,7032.485842
5087,7630.462009
5088,6093.512998
5089,6970.508461
5090,8335.152601
5091,7533.173575
5092,7175.804682
5093,8069.089858
5094,8013.396144
5095,6961.799411
5096,6855.650437
5097,7411.230378
5098,7098.170507
5099,6731.895726
5100,6956.062713
5101,6892.972143
5102,7836.695308
5103,6843.603608
5104,7923.769938
5105,8280.790445
5106,7117.780249
5107,6786.169206
5108,7518.320467
5109,7362.497032
5110,7709.648366
5111,7868.485539
5112,6770.791314
5113,6716.059874
5114,7791.969888
5115,6903.463116
5116,7644.962898
5117,6873.963039
5118,7678.446674
5119,7496.581159
5120,6886.352294
5121,6726.847231
5122,7071.27517
5123,6799.726089
5124,6852.340979
5125,6769.239298
5126,8190.236108
5127,7366.897394
5128,6993.28774
5129,8735.758289
5130,7660.702056
5131,8527.940259
5132,6892.522513
5133,6022.829322
5134,4888.505682
5135,5059.408799
5136,4881.320942
5137,5602.714468
5138,5618.142239
5139,4933.030056
5140,5710.720297
5141,6379.066272
5142,5684.814225
5143,5146.917493
5144,5019.144173
5145,4788.691813
5146,4868.32559
5147,5025.071947
5148,4915.706634
5149,4928.681036
5150,5738.302267
5151,4900.852799
5152,4921.992207
5153,5940.934926
5154,5048.471855
5155,4897.316163
5156,4905.37603
5157,4908.116435
5158,5637.781417
5159,5913.138624
5160,4832.809571
5161,6527.440243
5162,5921.537696
5163,5549.492162
5164,4901.708217
5165,4895.547571
5166,5640.646275
5167,4847.810899
5168,5871.324663
5169,5638.296706
5170,6755.259783
5171,5154.559322
5172,5592.436532
5173,6533.323626
5174,4595.426872
5175,3832.334407
5176,3860.426301
5177,4758.085153
5178,4318.358734
5179,4622.44822
5180,4733.490462
5181,4799.121557
5182,4291.578656
5183,4612.722131
5184,4539.034322
5185,4248.309381
5186,3887.283597
5187,4309.004608
5188,4393.644237
5189,3952.972614
5190,4257.017903
5191,4388.514347
5192,4502.582469
5193,5192.923318
5194,4252.597991
5195,4574.022147
5196,5182.70018
5197,3871.970046
5198,4326.393186
5199,4544.7525
5200,4678.237651
5201,5143.211137
5202,4529.367524
5203,4439.693589
5204,5088.462682
5205,4697.563378
5206,4491.733432
5207,3806.87636
5208,4849.585001
5209,4919.7103
5210,4715.849383
5211,5293.918573
5212,3830.829816
5213,4321.411886
5214,4257.24267
5215,5505.913038
5216,5622.184049
5217,6741.790897
5218,6656.705114
5219,7964.153333
5220,6054.226997
5221,5510.355679
5222,6634.794304
5223,5678.426554
5224,5476.902648
5225,6460.519947
5226,5461.138944
5227,5386.481096
5228,6550.443519
5229,5509.125983
5230,5491.447677
5231,5473.020297
5232,6305.817698
5233,5678.417809
5234,6370.757558
5235,5559.464016
5236,6916.447102
5237,6804.688743
5238,5675.888566
5239,5509.784994
5240,8073.312637
5241,7000.536474
5242,5411.228673
5243,5631.290635
5244,6500.502835
5245,6586.911679
5246,5619.688079
5247,6004.83372
5248,6614.627448
5249,7166.146489
5250,5579.638552
5251,5600.208849
5252,6975.076089
5253,5406.541544
5254,8271.806669
5255,8086.744589
5256,8644.974917
5257,8605.161142
5258,8666.775327
5259,7511.612937
5260,7382.912587
5261,8569.181569
5262,8330.527423
5263,8626.673788
5264,7427.002732
5265,7298.869767
5266,7311.703422
5267,8488.225996
5268,7495.290631
5269,8772.185269
5270,7777.848925
5271,6792.130387
5272,7438.340769
5273,7807.787119
5274,6804.09815
5275,7149.40879
5276,8917.962289
5277,7889.996183
5278,6767.042382
5279,8318.575611
5280,8591.80874
5281,7268.673849
5282,7395.653248
5283,7501.147623
5284,8689.400268
5285,8562.25848
5286,8304.025918
5287,7555.388244
5288,7523.017993
5289,8725.080071
5290,7435.492811
5291,7458.207636
5292,8840.934344
5293,8006.244474
5294,7432.872539
5295,6811.639042
5296,8875.119977
5297,8258.787472
5298,7388.100484
5299,9415.902476
5300,7327.122067
5301,8563.218564
5302,8471.158429
5303,8465.709323
5304,7487.847311
5305,7251.128217
5306,7311.945368
5307,8357.802281
5308,7790.261171
5309,7530.468925
5310,9432.85327
5311,7108.971415
5312,8438.565252
5313,8185.732454
5314,7055.453478
5315,7294.369355
5316,7223.951809
5317,8305.977731
5318,8558.635366
5319,8914.025252
5320,9368.207825
5321,8796.85183
5322,8390.681669
5323,7234.303358
5324,9390.99329
5325,7435.891027
5326,8508.890727
5327,7125.676248
5328,7153.484403
5329,7240.245239
5330,7635.491346
5331,7698.365887
5332,7143.655321
5333,7471.605247
5334,8341.290252
5335,8061.810043
5336,8517.419621
5337,7762.081711
5338,7559.848307
5339,8005.023811
5340,8611.765989
5341,7146.56018
5342,7375.299422
5343,7320.050379
5344,7325.105384
5345,7077.183863
5346,0
5347,7399.615186
5348,9623.462354
5349,9967.771959
5350,9683.421783
5351,7027.039553
5352,8603.004844
5353,6950.788324
5354,7293.883912
5355,8243.400664
5356,6822.960355
5357,8076.871252
5358,8529.683559
5359,8196.342717
5360,8087.66216
5361,8158.217281
5362,7204.908911
5363,8350.991375
5364,6941.091651
5365,6997.83132
5366,8096.508917
5367,7005.163529
5368,7154.250536
5369,7240.838197
5370,7020.58125
5371,7105.16352
5372,8150.928847
5373,8182.884444
5374,9505.418136
5375,7251.400725
5376,7119.202953
5377,7161.704418
5378,7273.951491
5379,7849.799882
5380,7664.746596
5381,7825.991327
5382,8340.260064
5383,8216.300181
5384,8719.912044
5385,7306.488633
5386,7626.198973
5387,8408.42956
5388,7358.093408
5389,8228.681819
5390,9639.537975
5391,8454.811885
5392,7472.030374
5393,9041.347436
5394,9756.622517
5395,7965.156327
5396,8258.467156
5397,7811.349314
5398,9984.187829
5399,8255.92488
5400,8453.441542
5401,8611.331311
5402,9083.324464
5403,7283.204462
5404,8349.087331
5405,7301.144208
5406,8853.168473
5407,7094.437196
5408,7744.109994
5409,9798.852994
5410,7103.446585
5411,7334.800234
5412,8777.952023
5413,7887.130562
5414,7384.577217
5415,8323.386122
5416,7560.386634
5417,8236.984269
5418,4624.879531
5419,6026.75682
5420,6059.961697
5421,6035.60402
5422,6032.114169
5423,5644.998197
5424,6130.986671
5425,5147.46428
5426,5156.869162
5427,5081.907989
5428,6114.871727
5429,5227.824128
5430,5196.275391
5431,6545.462459
5432,5118.463996
5433,6031.103228
5434,6143.823149
5435,6716.435978
5436,4569.158996
5437,5600.125773
5438,7072.812829
5439,4612.681487
5440,4753.866511
5441,4626.048864
5442,5284.329229
5443,6109.497143
5444,4668.728357
5445,6200.5582
5446,5120.256286
5447,5165.814822
5448,6611.326578
5449,5115.039026
5450,6104.241463
5451,5048.860357
5452,5100.577922
5453,5363.442304
5454,6156.137593
5455,6186.86561
5456,5054.728311
5457,5363.71295
5458,7945.793143
5459,8841.50815
5460,7937.01343
5461,8798.179888
5462,8702.875032
5463,8775.6683
5464,7656.261597
5465,8887.348115
5466,7774.456253
5467,8894.783397
5468,8651.082902
5469,7661.470823
5470,8181.89108
5471,8882.259682
5472,8616.630121
5473,8811.364454
5474,7850.820365
5475,7694.914649
5476,10016.48294
5477,8908.559036
5478,7722.721401
5479,7849.163745
5480,9248.764118
5481,7564.55155
5482,8850.752311
5483,7924.642197
5484,7831.039745
5485,8442.975035
5486,9055.590885
5487,8026.512469
5488,10296.31058
5489,8377.958455
5490,7900.276619
5491,8167.490969
5492,10364.67754
5493,7575.305746
5494,10260.41183
5495,7459.316044
5496,7897.344284
5497,8848.206534
5498,7503.958685
5499,4428.060194
5500,4835.623627
5501,5690.772812
5502,4204.666317
5503,5734.349827
5504,4871.188308
5505,4923.975912
5506,5920.450083
5507,6250.50201
5508,6264.876326
5509,6501.927122
5510,5540.451796
5511,6089.381201
5512,4967.561146
5513,4836.481274
5514,6843.122524
5515,5067.544524
5516,6821.428437
5517,4923.153626
5518,4913.236215
5519,6032.945619
5520,4270.068336
5521,4910.569029
5522,6050.062464
5523,5591.871276
5524,6625.597003
5525,4931.52549
5526,4355.238361
5527,6046.055975
5528,5490.2112
5529,4962.53525
5530,4993.44477
5531,4169.207571
5532,5898.724645
5533,4322.893446
5534,4822.459623
5535,4199.597728
5536,6638.626772
5537,5546.784381
5538,4958.297281
5539,5002.490229
5540,5113.430528
5541,7090.354555
5542,7145.673812
5543,7765.686673
5544,6005.283407
5545,5967.889834
5546,5958.880747
5547,7170.693319
5548,7107.966043
5549,7625.089575
5550,6016.999841
5551,5175.657962
5552,5150.128148
5553,5947.843783
5554,5142.757375
5555,7404.712994
5556,8341.414489
5557,7496.74548
5558,6011.025296
5559,7402.015413
5560,7114.508502
5561,5831.675381
5562,5143.001976
5563,5115.419069
5564,7078.677004
5565,5973.489536
5566,7335.968058
5567,5237.00966
5568,7380.213269
5569,8029.027408
5570,5765.195423
5571,7156.663372
5572,5796.094894
5573,8681.189392
5574,8704.929138
5575,8312.867221
5576,6009.353172
5577,6017.634574
5578,5951.933665
5579,6028.566856
5580,5811.91741
5581,8997.731711
5582,8226.283235
5583,8150.678559
5584,7988.021509
5585,7974.919509
5586,8021.898655
5587,8209.825336
5588,9537.830261
5589,8153.54528
5590,8927.074044
5591,8976.879911
5592,8171.237397
5593,8898.280724
5594,9032.488351
5595,8220.715695
5596,8759.497822
5597,7882.738285
5598,9136.401683
5599,8818.445913
5600,8092.959874
5601,10974.75522
5602,7873.18989
5603,8104.950639
5604,7878.948513
5605,9164.899978
5606,8223.165534
5607,9112.041
5608,8057.083925
5609,10674.66202
5610,8105.710905
5611,9210.155915
5612,9597.120242
5613,8277.52363
5614,8053.281508
5615,8326.094238
5616,10669.61147
5617,9103.305414
5618,8335.037925
5619,9229.217003
5620,10802.2154
5621,8969.316277
5622,6867.728208
5623,6204.788059
5624,6418.644604
5625,6138.796498
5626,6210.292545
5627,7204.73522
5628,6284.852212
5629,6837.360676
5630,6904.983535
5631,7199.897811
5632,6319.763746
5633,6365.219985
5634,7897.527936
5635,6887.135708
5636,6240.653398
5637,7430.002434
5638,6170.242591
5639,7209.04311
5640,8718.479949
5641,7451.097651
5642,7144.303048
5643,6885.779004
5644,7493.862309
5645,7139.840485
5646,7281.439744
5647,6352.252197
5648,6705.159493
5649,6364.620539
5650,7111.68033
5651,6206.025344
5652,6173.100464
5653,7080.513461
5654,8060.241449
5655,7959.923301
5656,6608.844869
5657,7217.147584
5658,7230.018109
5659,6645.060853
5660,6296.237546
5661,6754.400198
5662,7117.878278
5663,8963.928524
5664,8193.8017
5665,9055.010432
5666,8891.910293
5667,8335.307646
5668,9178.996625
5669,8907.8533
5670,9919.201045
5671,8937.319841
5672,8754.414343
5673,10025.35477
5674,8884.885715
5675,8239.086028
5676,8207.798807
5677,8897.266135
5678,11432.67177
5679,10659.91797
5680,8234.403014
5681,11356.60157
5682,9048.104149
5683,11412.87014
5684,11316.79573
5685,10149.84556
5686,9961.527535
5687,8321.845728
5688,8798.900126
5689,8815.442128
5690,11175.14637
5691,10008.42014
5692,8870.535967
5693,9938.513362
5694,8836.827923
5695,8887.445018
5696,10054.3165
5697,10678.96138
5698,8550.130099
5699,10794.59418
5700,10190.16616
5701,10722.8343
5702,10201.65503
5703,10251.67391
5704,7620.500078
5705,7525.940376
5706,7424.191886
5707,7574.8703
5708,8691.64956
5709,8713.081677
5710,7505.235974
5711,8909.589692
5712,8955.951567
5713,8588.296557
5714,7662.283478
5715,8466.914054
5716,8352.767902
5717,8385.194311
5718,8798.212856
5719,7569.722877
5720,7433.427979
5721,8675.457865
5722,8715.560478
5723,7455.244671
5724,8680.842189
5725,7786.994006
5726,8063.866917
5727,8199.119718
5728,7498.278904
5729,7584.04843
5730,9152.45071
5731,8908.824914
5732,8570.424388
5733,8095.49988
5734,8618.863874
5735,8757.664744
5736,8753.230418
5737,7502.363277
5738,8753.790383
5739,8731.827132
5740,8431.784491
5741,8668.020993
5742,8774.803434
5743,8042.884201
5744,8125.391194
5745,7106.785875
5746,8294.373018
5747,6681.614605
5748,6915.275314
5749,7136.212786
5750,8268.09419
5751,9727.152677
5752,8275.674282
5753,6791.65204
5754,8264.909147
5755,6878.446146
5756,7830.059852
5757,9895.513743
5758,9787.369685
5759,8308.114335
5760,6717.424725
5761,8373.127587
5762,8146.397062
5763,6739.686721
5764,9659.358241
5765,6698.789623
5766,6863.337056
5767,8413.717564
5768,6704.340154
5769,7026.563636
5770,7579.13745
5771,6666.062932
5772,7126.483894
5773,6987.262424
5774,8105.1479
5775,8222.750601
5776,6959.507639
5777,6945.616049
5778,7080.81976
5779,6809.82037
5780,8063.262862
5781,8215.165376
5782,8369.024529
5783,6982.897742
5784,7016.552984
5785,7841.267182
5786,5125.890179
5787,5282.456545
5788,6073.327285
5789,5918.715632
5790,6140.560831
5791,5110.0491
5792,6840.336081
5793,6529.386169
5794,4985.709123
5795,6249.054432
5796,5200.939774
5797,5327.849627
5798,6603.301479
5799,6517.920064
5800,5184.044997
5801,5242.838564
5802,5875.800963
5803,5259.65668
5804,5140.494257
5805,4977.236196
5806,5204.832586
5807,5357.373429
5808,5961.225879
5809,5224.372691
5810,5670.806497
5811,5110.783042
5812,6704.214515
5813,5168.360163
5814,5210.431656
5815,5764.517732
5816,5988.223149
5817,6207.203301
5818,5093.060868
5819,6602.261516
5820,5956.130705
5821,5879.492111
5822,6021.4075
5823,5255.024675
5824,5904.289314
5825,5252.991112
5826,5269.778022
5827,6793.742749
5828,6633.783147
5829,6724.532999
5830,7294.131172
5831,6688.015235
5832,6681.855951
5833,8203.097255
5834,6620.220513
5835,7510.806525
5836,7590.005632
5837,7038.100597
5838,6976.928651
5839,7878.730985
5840,6767.905311
5841,6758.632106
5842,8148.247064
5843,8152.677179
5844,7294.634703
5845,7457.508425
5846,7540.411667
5847,6864.756575
5848,6666.581623
5849,7657.893046
5850,7293.983295
5851,7773.278023
5852,7403.309462
5853,7969.115238
5854,6803.359512
5855,6704.629262
5856,7310.516094
5857,7684.689508
5858,6771.447831
5859,7270.494404
5860,7277.639445
5861,6770.262497
5862,7486.29375
5863,6929.094225
5864,7253.447696
5865,6836.11963
5866,6729.754993
5867,6823.537789
5868,8253.064134
5869,6667.15925
5870,9720.874216
5871,6684.206045
5872,8135.948223
5873,9639.354843
5874,10242.17918
5875,8181.102825
5876,6710.930861
5877,6565.872723
5878,6742.16408
5879,6993.361055
5880,7505.836121
5881,7472.196083
5882,8059.424716
5883,7764.415374
5884,8012.971777
5885,6754.312893
5886,6775.57913
5887,7553.556549
5888,6731.784671
5889,6551.929731
5890,8294.77921
5891,6852.404958
5892,8500.804436
5893,9804.580279
5894,8114.394308
5895,6965.966491
5896,7935.089144
5897,8192.626924
5898,8245.448721
5899,7678.489321
5900,6650.964565
5901,8287.247359
5902,8081.38942
5903,8252.015082
5904,8103.428073
5905,7493.396641
5906,6593.044986
5907,7403.39866
5908,6987.250011
5909,5655.755636
5910,6853.587987
5911,6417.555753
5912,6341.725808
5913,5170.875995
5914,5659.303947
5915,5834.573413
5916,5328.9295
5917,5680.064429
5918,6217.67616
5919,5107.684829
5920,7620.422748
5921,5634.942276
5922,5937.414183
5923,6484.362591
5924,6836.903452
5925,7646.703632
5926,5784.335261
5927,6424.458817
5928,5847.598682
5929,5923.390827
5930,7640.803469
5931,5127.298069
5932,5808.774278
5933,5817.930846
5934,5180.105476
5935,5655.580593
5936,5804.464257
5937,5124.311881
5938,6667.737415
5939,6734.944025
5940,5202.166891
5941,6291.767895
5942,6446.778956
5943,8050.282491
5944,6415.976907
5945,5633.930069
5946,6430.784935
5947,6405.05459
5948,5899.351491
5949,6328.912517
5950,3688.822558
5951,3766.413468
5952,3626.844079
5953,4087.51926
5954,4849.737908
5955,4116.979899
5956,3658.38564
5957,3704.057495
5958,3341.909706
5959,3747.396874
5960,4470.721809
5961,3334.425004
5962,3663.550204
5963,4060.455434
5964,3814.517191
5965,3698.068807
5966,3643.144673
5967,4501.669223
5968,3364.384153
5969,4509.156733
5970,4155.88784
5971,3597.790803
5972,4151.628898
5973,3641.625292
5974,4192.170365
5975,4130.849523
5976,4167.752879
5977,4067.258811
5978,3363.333025
5979,4045.139511
5980,3483.160395
5981,4112.547643
5982,3682.47703
5983,3771.660479
5984,4194.454331
5985,4139.026857
5986,3951.140145
5987,3782.361785
5988,3437.703985
5989,4081.984116
5990,5828.690046
5991,5189.461597
5992,5239.234617
5993,6203.811268
5994,5483.111828
5995,5143.181221
5996,5313.997868
5997,5234.617511
5998,6415.11907
5999,6094.948669
6000,5840.837925
6001,5895.580681
6002,6817.394987
6003,6238.444619
6004,5852.753437
6005,5741.28605
6006,5856.523821
6007,6048.033205
6008,5067.007925
6009,5313.360529
6010,5288.421825
6011,5069.220155
6012,5257.495462
6013,5744.256732
6014,5789.752392
6015,5200.55556
6016,5409.359182
6017,5875.419269
6018,5304.547116
6019,5364.508871
6020,5293.696897
6021,5282.253234
6022,5348.666128
6023,5485.838609
6024,5512.580066
6025,5588.136622
6026,5630.770705
6027,5575.312174
6028,5702.823553
6029,5633.087891
6030,5087.524018
6031,9553.118675
6032,5884.35881
6033,7868.265429
6034,7935.030828
6035,9464.722521
6036,9368.380637
6037,9531.991604
6038,7974.145994
6039,7911.671765
6040,6959.766055
6041,8111.487725
6042,6864.988995
6043,6886.603691
6044,6038.510484
6045,6788.871809
6046,6910.128107
6047,6073.35199
6048,6814.887867
6049,8250.307328
6050,6884.670727
6051,7028.786252
6052,6977.77116
6053,8558.133298
6054,7958.430686
6055,7053.017648
6056,6971.481911
6057,6176.866992
6058,6854.409545
6059,6900.745929
6060,5959.03546
6061,7822.792149
6062,6861.667873
6063,8055.709508
6064,8193.389312
6065,7615.820485
6066,5954.982815
6067,7934.303219
6068,8252.763701
6069,6006.037776
6070,8383.60506
6071,6866.991256
6072,6607.448587
6073,7014.080689
6074,7706.210139
6075,6986.931638
6076,5991.559382
6077,5907.47333
6078,6102.779096
6079,6169.329193
6080,6056.260955
6081,6144.992007
6082,7884.367644
6083,6913.500032
6084,6007.515819
6085,6942.090529
6086,7298.886414
6087,5968.958954
6088,6142.717446
6089,7645.628549
6090,6925.171249
6091,6027.252846
6092,6816.355852
6093,6027.529351
6094,6750.003285
6095,6771.276929
6096,6851.713936
6097,6873.44457
6098,6102.192972
6099,6141.516758
6100,6433.622888
6101,7092.035067
6102,6805.421238
6103,6081.006543
6104,5961.084038
6105,6116.041376
6106,7923.993061
6107,6243.713505
6108,6783.380103
6109,6273.294451
6110,5901.4338
6111,6003.660977
6112,7044.694367
6113,4248.851238
6114,4311.215246
6115,4150.558512
6116,4937.508723
6117,4344.310524
6118,4248.363689
6119,4352.123493
6120,4997.796076
6121,4123.594917
6122,4869.812696
6123,5025.353032
6124,5576.609379
6125,4283.592897
6126,4830.33755
6127,4527.658728
6128,4279.698229
6129,4883.590352
6130,4866.493615
6131,4194.834563
6132,4306.094972
6133,5031.538808
6134,4060.613866
6135,4953.366156
6136,4328.956262
6137,4083.023057
6138,4903.893286
6139,4168.412668
6140,4870.571358
6141,6134.680745
6142,4895.823363
6143,4287.632285
6144,4228.836477
6145,4872.994389
6146,5534.822844
6147,4260.812436
6148,4152.776206
6149,4868.412475
6150,4932.768731
6151,4144.936472
6152,5570.703064
6153,4249.070412
6154,8787.128434
6155,9024.963395
6156,7388.739749
6157,10571.35062
6158,7560.840449
6159,7381.800902
6160,7485.296813
6161,7309.92642
6162,8428.821085
6163,8986.667527
6164,7402.244322
6165,8236.167013
6166,8947.973015
6167,9446.621676
6168,8424.684525
6169,6800.273579
6170,7272.331897
6171,7593.87567
6172,6850.254979
6173,7071.204788
6174,7398.533235
6175,8506.055787
6176,6898.279092
6177,8694.682935
6178,7300.842576
6179,7218.876587
6180,7296.739097
6181,8398.048206
6182,9099.819462
6183,7757.74465
6184,8311.117781
6185,10386.2433
6186,10390.98239
6187,6826.908465
6188,6880.369044
6189,7273.887159
6190,10368.81224
6191,7170.212711
6192,8303.924912
6193,6830.88063
6194,9130.979372
6195,6463.348855
6196,7226.294805
6197,6724.355204
6198,7144.985384
6199,6522.861334
6200,6889.002651
6201,7005.03147
6202,6681.266932
6203,6849.806116
6204,7568.558832
6205,7057.868289
6206,7207.293639
6207,6946.916721
6208,6528.956789
6209,6419.823727
6210,7021.835995
6211,7294.751851
6212,7604.921433
6213,7022.176595
6214,6442.751026
6215,6456.011667
6216,6940.48962
6217,7525.009813
6218,7043.423885
6219,7605.174235
6220,6478.776692
6221,6450.778229
6222,7141.060574
6223,7209.072958
6224,6442.920465
6225,6469.925307
6226,6840.167885
6227,7248.932886
6228,7106.934196
6229,6450.772858
6230,6708.379806
6231,6874.258437
6232,6871.079134
6233,6836.028113
6234,6408.477865
6235,5664.095525
6236,6427.909105
6237,5789.640726
6238,6163.578163
6239,6254.228852
6240,6113.556384
6241,5780.314129
6242,5813.891894
6243,6249.504446
6244,6146.872106
6245,6168.328916
6246,6260.458165
6247,5594.205674
6248,6135.408345
6249,6181.827987
6250,6011.959458
6251,6917.350364
6252,5835.152711
6253,6182.039633
6254,5577.468162
6255,6002.129688
6256,5541.720568
6257,6139.927676
6258,5917.573361
6259,6165.36864
6260,6301.719323
6261,6137.836311
6262,6602.475616
6263,6548.523318
6264,6153.054973
6265,5598.703973
6266,5634.720005
6267,5916.806816
6268,5580.062949
6269,6341.875471
6270,6591.830652
6271,5600.507946
6272,5913.016622
6273,5537.79417
6274,5784.589973
6275,6097.468701
6276,5367.548313
6277,6080.779296
6278,5418.559757
6279,5743.292685
6280,5277.748754
6281,6246.716857
6282,6608.466298
6283,6012.487544
6284,6425.747124
6285,6669.320594
6286,6153.462717
6287,6336.407536
6288,6134.879899
6289,6037.267764
6290,6433.567631
6291,6195.946444
6292,5538.719172
6293,5251.182659
6294,6241.452412
6295,6329.791712
6296,5184.593562
6297,5781.926802
6298,5271.331882
6299,5737.27709
6300,6108.878283
6301,6585.747443
6302,5420.466507
6303,5217.938402
6304,5541.869313
6305,6411.648482
6306,5257.810655
6307,6531.986872
6308,5252.937194
6309,6107.782995
6310,5704.090181
6311,5258.18606
6312,6185.593615
6313,5831.212993
6314,5235.477355
6315,5307.899531
6316,5453.566733
6317,3973.248219
6318,4832.211457
6319,4953.629543
6320,4002.118375
6321,5475.773699
6322,5332.409912
6323,4811.896376
6324,5328.642493
6325,4022.52148
6326,6533.067456
6327,5571.745611
6328,4211.765268
6329,6579.816854
6330,5371.223649
6331,5392.646624
6332,4684.53761
6333,5348.79074
6334,5944.817646
6335,4680.869828
6336,4676.361048
6337,6473.504996
6338,5164.585734
6339,3979.678368
6340,4588.687425
6341,4731.243198
6342,5610.311547
6343,5479.677697
6344,4715.974926
6345,5255.555503
6346,3942.825485
6347,5785.551573
6348,4908.846633
6349,6115.409059
6350,6667.417558
6351,4600.482048
6352,4749.395387
6353,4707.853271
6354,4686.293337
6355,4716.401701
6356,4077.631402
6357,7181.536224
6358,6582.783495
6359,7067.936362
6360,9063.244072
6361,7363.822406
6362,6390.0069
6363,6439.700518
6364,6581.677633
6365,6948.452755
6366,8682.547711
6367,6363.735243
6368,6222.842511
6369,7299.378394
6370,8075.572091
6371,6353.484924
6372,8228.139576
6373,8636.388559
6374,6406.438516
6375,6152.565833
6376,6541.854812
6377,7189.275479
6378,7543.405758
6379,9304.535428
6380,6980.555513
6381,6468.210183
6382,6186.181965
6383,6997.589005
6384,7877.185129
6385,7289.058505
6386,7433.257623
6387,8619.470926
6388,6364.881622
6389,6366.842639
6390,6448.563434
6391,7626.604709
6392,6382.34457
6393,7953.629875
6394,6653.809861
6395,6529.218856
6396,6627.772273
6397,6251.882918
6398,6811.85694
6399,7289.668318
6400,6665.955026
6401,8084.144367
6402,6924.497324
6403,7300.663268
6404,7244.341541
6405,6575.527377
6406,6436.468594
6407,7073.390455
6408,6921.58008
6409,8261.069628
6410,8291.785205
6411,8157.118921
6412,7365.299186
6413,6570.587076
6414,7300.978906
6415,6951.349037
6416,6376.155129
6417,7439.092214
6418,7678.279346
6419,6427.878063
6420,7254.610716
6421,7397.352191
6422,6563.098985
6423,6480.962339
6424,6465.763596
6425,7194.693092
6426,6344.490292
6427,6615.423723
6428,6775.687893
6429,7557.518659
6430,7364.337798
6431,7389.112447
6432,6461.930006
6433,7515.701868
6434,6882.787433
6435,6981.573176
6436,6534.615072
6437,8556.993986
6438,8771.78286
6439,4835.288176
6440,6780.991227
6441,5652.621034
6442,5626.632984
6443,6826.071192
6444,4734.799904
6445,5769.450326
6446,6854.480615
6447,7899.96496
6448,5622.723434
6449,5746.65719
6450,7907.380507
6451,6860.21698
6452,5638.100321
6453,7140.750652
6454,6988.590818
6455,7077.688704
6456,6820.075192
6457,4704.043115
6458,6907.676733
6459,6853.04769
6460,7788.299568
6461,5634.627748
6462,5607.38615
6463,4679.129132
6464,5013.66463
6465,5635.289904
6466,6899.934654
6467,6807.738721
6468,6675.044411
6469,5706.591696
6470,5629.450488
6471,6702.873483
6472,5617.8063
6473,5603.610394
6474,5675.31901
6475,7170.288193
6476,8222.197796
6477,4693.384768
6478,5642.291196
6479,4724.576366
6480,4927.002964
6481,5732.279689
6482,5394.012651
6483,6410.127738
6484,6048.036318
6485,5697.076358
6486,4903.484076
6487,4875.057577
6488,6034.128055
6489,4773.409806
6490,5289.448397
6491,5696.732494
6492,5880.81814
6493,5709.047586
6494,6000.043166
6495,5375.945284
6496,4742.529433
6497,4698.640463
6498,5657.812184
6499,4772.755008
6500,5509.906894
6501,5696.286247
6502,6251.256796
6503,5505.477897
6504,5748.39157
6505,5553.388103
6506,4709.837532
6507,5105.870447
6508,5460.719438
6509,5647.12619
6510,6284.391633
6511,5531.627791
6512,5444.424174
6513,4817.886189
6514,5369.706271
6515,6327.892921
6516,4763.285736
6517,4738.49045
6518,4725.424846
6519,5347.851183
6520,5035.915818
6521,4775.219682
6522,6296.346022
6523,5626.463197
6524,5070.746776
6525,6210.141136
6526,5161.569053
6527,5092.981459
6528,5099.89603
6529,6897.293235
6530,6782.256356
6531,4398.642324
6532,6251.846632
6533,5427.514517
6534,5733.01314
6535,5687.929241
6536,4762.949646
6537,5392.361414
6538,5413.671823
6539,4869.017199
6540,4809.724085
6541,5000.039343
6542,5530.362746
6543,4826.221483
6544,5382.955492
6545,5012.536075
6546,4650.951519
6547,4790.284765
6548,4297.257324
6549,4347.796478
6550,4273.595359
6551,7602.118418
6552,4807.449649
6553,4271.284265
6554,4904.291642
6555,4997.481614
6556,5401.007681
6557,6185.906989
6558,6219.866382
6559,4778.782945
6560,4818.052581
6561,6122.879726
6562,6711.460942
6563,6721.368105
6564,6023.85322
6565,6549.27255
6566,7124.897557
6567,6032.004847
6568,5942.678707
6569,7348.87843
6570,6347.974379
6571,5968.804355
6572,6035.382827
6573,6457.222855
6574,5898.451034
6575,6481.708314
6576,6811.44617
6577,6195.557185
6578,6678.819425
6579,6134.960221
6580,5854.171556
6581,7135.561793
6582,5896.580289
6583,6894.183004
6584,7550.34496
6585,5696.057609
6586,6522.193216
6587,7828.834185
6588,5850.842042
6589,5860.574391
6590,5732.79224
6591,8039.476664
6592,8045.619387
6593,6441.064756
6594,6125.877501
6595,5744.892942
6596,5859.643897
6597,6966.817888
6598,6469.636778
6599,5880.814355
6600,5987.285453
6601,5935.134399
6602,3758.979887
6603,4259.426704
6604,4097.339666
6605,4119.574391
6606,3704.997923
6607,4203.622361
6608,3552.85039
6609,3455.81968
6610,4130.618231
6611,3898.890052
6612,4520.896876
6613,3581.821891
6614,3926.254263
6615,4515.923325
6616,3435.161195
6617,3450.301242
6618,4142.522977
6619,3451.490022
6620,3699.776365
6621,3481.310923
6622,3758.725744
6623,3887.745251
6624,3997.941657
6625,3481.16422
6626,3713.924889
6627,3548.017504
6628,3893.408041
6629,3479.02762
6630,3447.070842
6631,4100.904562
6632,3425.478959
6633,3675.442906
6634,4148.023701
6635,3459.21525
6636,4013.869654
6637,4650.858327
6638,3459.613546
6639,4180.995119
6640,4476.491954
6641,3447.039628
6642,6118.37005
6643,5296.328631
6644,6013.965499
6645,7150.271618
6646,6711.112788
6647,5695.988244
6648,6435.875206
6649,6182.155128
6650,6315.242501
6651,6046.716759
6652,6468.505413
6653,6035.487554
6654,5870.874738
6655,5112.076823
6656,7471.787904
6657,6487.373724
6658,7039.223859
6659,6731.777436
6660,7008.676901
6661,6110.612478
6662,5152.352074
6663,5116.300434
6664,6261.262363
6665,6117.452794
6666,7253.072761
6667,6134.031498
6668,5690.358096
6669,6257.361298
6670,5678.369073
6671,6137.166544
6672,6604.195358
6673,5662.61718
6674,5290.891595
6675,6704.012764
6676,5431.540447
6677,7487.704633
6678,5786.787147
6679,5741.354167
6680,5137.76465
6681,7176.468947
6682,7589.064644
6683,4419.429896
6684,5376.705433
6685,5495.984363
6686,4549.522644
6687,5400.989671
6688,6462.399853
6689,4351.713923
6690,4443.707925
6691,6193.762668
6692,4722.835958
6693,5341.930842
6694,5417.185795
6695,4414.055313
6696,5410.288673
6697,6202.297864
6698,4744.450595
6699,5434.963812
6700,5325.006105
6701,5567.883997
6702,5470.722306
6703,4408.615053
6704,4343.411804
6705,5325.722617
6706,4295.498913
6707,4730.612534
6708,4458.157418
6709,4418.480337
6710,4422.634004
6711,5363.022939
6712,5591.508876
6713,4414.909964
6714,4999.390777
6715,6280.83687
6716,4446.706231
6717,4505.303436
6718,5485.452139
6719,4722.481312
6720,5609.055697
6721,4369.021464
6722,5142.093382
6723,4955.929258
6724,8069.951975
6725,8057.299841
6726,7853.702106
6727,7963.105537
6728,9016.835112
6729,7802.437954
6730,8718.78032
6731,9552.549981
6732,7747.136942
6733,7834.94547
6734,8155.219867
6735,9293.127916
6736,7906.164883
6737,8769.949591
6738,7801.246076
6739,9884.384466
6740,9775.03855
6741,8802.486849
6742,9055.538682
6743,9767.908625
6744,9266.053815
6745,9042.570057
6746,7678.581479
6747,7807.578172
6748,7906.205612
6749,9786.873841
6750,7781.333625
6751,7803.124851
6752,9268.218379
6753,8230.807068
6754,8885.396452
6755,8194.221735
6756,9460.724915
6757,9101.538789
6758,8340.48342
6759,7681.969645
6760,7868.16077
6761,8844.849976
6762,7795.231057
6763,8127.689734
6764,9674.906289
6765,7676.208409
6766,7025.238638
6767,7741.95451
6768,7762.843713
6769,8472.98222
6770,6887.595415
6771,6800.26551
6772,6931.40281
6773,7049.447094
6774,6854.079369
6775,7847.526596
6776,6814.380013
6777,7860.035645
6778,6838.63127
6779,8499.019338
6780,6977.530229
6781,7093.771551
6782,8260.408415
6783,6828.103783
6784,7027.180858
6785,6787.004264
6786,7423.486554
6787,7033.276146
6788,6796.104673
6789,7892.50406
6790,8082.910773
6791,6926.5211
6792,7871.052779
6793,7333.938614
6794,6813.458777
6795,8088.848667
6796,7276.744642
6797,8413.398758
6798,7021.76682
6799,7562.212503
6800,7870.115303
6801,7579.590793
6802,6957.237054
6803,8060.805705
6804,6744.742297
6805,6915.723164
6806,6170.6473
6807,7022.451518
6808,6980.50366
6809,6865.809561
6810,6101.121702
6811,6270.89809
6812,6970.788111
6813,6023.839079
6814,7001.348645
6815,6110.968482
6816,6933.327948
6817,6444.27492
6818,6475.657133
6819,7402.974833
6820,7085.129457
6821,6252.457869
6822,6951.916651
6823,7385.764049
6824,6079.267401
6825,7023.358429
6826,6821.09605
6827,6847.951406
6828,7097.337477
6829,7105.516949
6830,6213.339808
6831,6047.5573
6832,7393.27943
6833,6686.008459
6834,6355.169745
6835,7000.885236
6836,6888.040353
6837,6187.340061
6838,6214.526775
6839,6941.650659
6840,7491.929436
6841,7073.715713
6842,7235.564362
6843,6038.617691
6844,6948.724457
6845,9603.498278
6846,11093.20786
6847,11461.56812
6848,11192.88089
6849,11149.64781
6850,9094.565884
6851,9074.538187
6852,11313.15034
6853,12439.43334
6854,11442.54113
6855,9134.855515
6856,11262.09838
6857,9447.149778
6858,9850.573405
6859,11208.90263
6860,9094.172707
6861,11039.10826
6862,11199.31993
6863,11305.87008
6864,9253.158474
6865,11859.77875
6866,9097.120541
6867,9896.560127
6868,9081.836778
6869,11362.73957
6870,9863.962679
6871,11036.98079
6872,10875.13454
6873,11856.22963
6874,9087.272525
6875,10776.33426
6876,11710.59526
6877,11227.1747
6878,11128.14759
6879,10974.68506
6880,11219.26811
6881,11798.68615
6882,9531.042945
6883,10652.1433
6884,9210.113739
6885,4642.010698
6886,4651.272578
6887,5385.433445
6888,5146.189516
6889,4598.403032
6890,5049.481914
6891,5343.672148
6892,4580.575051
6893,4455.543505
6894,4602.775335
6895,4571.216028
6896,4381.056678
6897,5064.867683
6898,4436.696688
6899,4656.478734
6900,4490.168398
6901,4629.940266
6902,4584.76124
6903,5797.738419
6904,6644.326225
6905,6085.575881
6906,6233.601529
6907,4497.950015
6908,4517.103576
6909,5013.763589
6910,6696.059112
6911,6591.538611
6912,6088.032427
6913,4606.654456
6914,4447.755919
6915,4436.636593
6916,4381.230208
6917,5341.092929
6918,4505.60987
6919,6062.575171
6920,6188.497578
6921,4620.200853
6922,5776.336398
6923,5942.980717
6924,4482.481128
6925,6073.481344
6926,5090.690054
6927,5124.840623
6928,4443.019068
6929,5120.197061
6930,5213.972971
6931,4451.951023
6932,4643.018749
6933,5212.401342
6934,4587.903932
6935,4329.083759
6936,4355.676476
6937,4642.553237
6938,5035.357093
6939,5111.286931
6940,4343.093747
6941,4762.641308
6942,4360.079582
6943,4751.574597
6944,5153.141835
6945,4371.847678
6946,5023.786509
6947,4472.56832
6948,4758.325822
6949,4988.556324
6950,4963.997665
6951,5378.579421
6952,4789.985252
6953,5017.625731
6954,5385.305122
6955,5019.335898
6956,4659.824006
6957,5457.374101
6958,5160.326506
6959,4729.763478
6960,4434.792406
6961,5250.525876
6962,4997.727066
6963,5422.472162
6964,4410.915615
6965,5248.469866
6966,4386.488767
6967,10510.79094
6968,10801.417
6969,9733.49071
6970,9946.972557
6971,10751.8384
6972,9716.865389
6973,9580.610099
6974,9819.526049
6975,11334.50454
6976,11431.40253
6977,10868.36994
6978,10252.3093
6979,10078.50223
6980,10855.76691
6981,11281.19596
6982,9626.655764
6983,10312.02702
6984,9706.30762
6985,11428.06035
6986,9778.372409
6987,10793.12191
6988,12125.84154
6989,9599.705492
6990,10165.39834
6991,12380.51903
6992,10091.79993
6993,10650.50068
6994,10305.79436
6995,9639.938203
6996,9701.319325
6997,12520.29587
6998,10308.51639
6999,11309.27219
7000,10118.74725
7001,11308.22298
7002,12711.42556
7003,10957.32806
7004,10806.47279
7005,12059.63872
7006,10835.08875
7007,11610.65234
7008,5864.582966
7009,5964.315788
7010,7338.786673
7011,7089.135279
7012,7150.759469
7013,6557.312442
7014,5998.338356
7015,5956.774197
7016,5997.251062
7017,7056.108488
7018,7236.514726
7019,6194.103854
7020,7109.9904
7021,5914.656987
7022,6801.753092
7023,7101.966225
7024,6174.611885
7025,6074.820496
7026,5865.927768
7027,7271.744874
7028,6083.146737
7029,5963.361515
7030,7252.592327
7031,6412.482051
7032,5915.052181
7033,7041.9924
7034,6217.583885
7035,5968.867582
7036,7617.591948
7037,5854.007853
7038,6003.691788
7039,5999.083557
7040,7796.363809
7041,6028.336982
7042,7489.395864
7043,7662.274549
7044,6439.162476
7045,6891.83402
7046,7732.001224
7047,7544.855042
7048,7015.872802
7049,8198.321225
7050,8056.610386
7051,7234.416632
7052,7167.764028
7053,7269.110953
7054,8236.535711
7055,7560.992191
7056,8212.613504
7057,8279.257625
7058,0
7059,7083.208007
7060,8664.155784
7061,7118.888339
7062,7526.334983
7063,8124.563063
7064,7121.976198
7065,7623.258434
7066,8609.55621
7067,8404.923821
7068,7316.163336
7069,7301.465402
7070,8219.166521
7071,7516.009122
7072,8568.432305
7073,7161.473312
7074,7814.248633
7075,7135.157054
7076,10126.6413
7077,8826.98263
7078,9761.07942
7079,9848.968575
7080,7259.648908
7081,8470.327862
7082,8173.704135
7083,8885.628302
7084,7234.314508
7085,7786.998781
7086,8352.748034
7087,9652.317808
7088,8479.648159
7089,7893.98052
7090,8187.024559
7091,7624.850516
7092,7339.105764
7093,7114.374094
7094,7431.953485
7095,6869.947743
7096,6993.899621
7097,6892.294042
7098,7649.95504
7099,7724.504559
7100,7107.530151
7101,6816.253499
7102,7130.0724
7103,7545.164041
7104,7100.071955
7105,7027.286015
7106,6955.79508
7107,8261.300893
7108,7114.90501
7109,9039.68877
7110,6988.930538
7111,7204.218601
7112,8245.757429
7113,8455.162796
7114,8092.594277
7115,6962.736334
7116,7053.482394
7117,7660.578447
7118,8564.822695
7119,8454.993385
7120,7192.783092
7121,7439.167964
7122,8156.364911
7123,8267.994564
7124,7756.359468
7125,7820.476859
7126,7692.369596
7127,6977.448964
7128,8293.957193
7129,8054.403634
7130,8587.778141
7131,7521.639098
7132,5625.345221
7133,4835.985278
7134,5183.390991
7135,5077.736145
7136,4606.301427
7137,5995.280049
7138,5184.943116
7139,4588.926138
7140,4580.558167
7141,5599.389755
7142,4872.9501
7143,5165.196953
7144,4717.953725
7145,5582.076703
7146,5279.302857
7147,5475.41347
7148,5111.623039
7149,4627.07291
7150,4584.444161
7151,5967.577121
7152,4819.838937
7153,5827.569938
7154,5642.315151
7155,5420.417332
7156,5775.312085
7157,5201.087871
7158,5829.789059
7159,4628.903483
7160,4906.410412
7161,5197.78486
7162,5226.314563
7163,4701.73097
7164,5420.315577
7165,5739.309467
7166,5680.630584
7167,5625.32599
7168,5641.691872
7169,5636.159638
7170,5290.08755
7171,5880.5075
7172,5240.530574
7173,5697.415561
7174,6127.217214
7175,6207.171989
7176,6130.533363
7177,6310.87003
7178,5725.635324
7179,6312.488088
7180,5799.1024
7181,5809.843932
7182,5783.675719
7183,6323.474665
7184,6215.626695
7185,6264.639249
7186,7126.376767
7187,6141.960959
7188,5780.948777
7189,6164.45621
7190,5868.86295
7191,6970.776048
7192,5808.976147
7193,5740.792012
7194,6272.964425
7195,5820.48408
7196,6263.601274
7197,6485.361643
7198,5757.219143
7199,6300.33346
7200,7028.296988
7201,7014.358484
7202,6586.900765
7203,5727.167936
7204,6369.725599
7205,5718.532396
7206,6428.099076
7207,6370.215128
7208,5800.284662
7209,5683.29345
7210,6585.323294
7211,6788.956349
7212,6406.485071
7213,6273.799673
7214,5536.982985
7215,6275.056526
7216,5275.589198
7217,5236.98593
7218,5301.326243
7219,5837.657154
7220,5753.988562
7221,6258.530173
7222,5776.126049
7223,5398.403328
7224,5022.509653
7225,4943.36335
7226,5193.523714
7227,5635.171726
7228,6329.943157
7229,4930.194438
7230,5419.242936
7231,6266.517543
7232,5302.08459
7233,5683.58679
7234,5306.909601
7235,5330.244626
7236,5803.60626
7237,5253.414103
7238,5805.654711
7239,5223.667643
7240,5244.371442
7241,5082.65533
7242,5262.333118
7243,5198.912407
7244,5778.729212
7245,5847.025694
7246,5279.582957
7247,5735.812387
7248,4916.361627
7249,5852.323481
7250,5700.662265
7251,5720.130149
7252,5721.400722
7253,5435.657799
7254,6752.625841
7255,7645.230605
7256,6980.624159
7257,7052.352443
7258,7836.350053
7259,7784.751711
7260,8872.373982
7261,6863.237947
7262,8918.890921
7263,7984.826293
7264,7804.001557
7265,6779.062706
7266,6893.325777
7267,7052.051335
7268,7856.437901
7269,9895.074656
7270,6176.451574
7271,9146.180615
7272,6941.307932
7273,5781.662149
7274,6744.274903
7275,7846.773921
7276,5880.379835
7277,6746.336357
7278,5762.959378
7279,6817.580396
7280,8040.741399
7281,6992.859876
7282,8136.36847
7283,5935.524047
7284,6231.247385
7285,6895.132073
7286,6932.163374
7287,7613.45904
7288,7971.292819
7289,7022.700038
7290,7954.690561
7291,8260.629197
7292,5782.749018
7293,7774.275822
7294,7867.706079
7295,9731.044734
7296,9884.972021
7297,11052.62165
7298,10001.86966
7299,10269.02315
7300,9277.203092
7301,9970.668002
7302,9942.765652
7303,11769.40138
7304,13690.95964
7305,9848.389282
7306,11993.81944
7307,13946.56163
7308,11276.12526
7309,9934.007543
7310,14056.83753
7311,9151.811964
7312,9694.188389
7313,9851.383829
7314,11264.7545
7315,9714.468069
7316,9144.839433
7317,11889.75897
7318,14089.84046
7319,11064.29139
7320,9880.079908
7321,12617.79072
7322,9423.715636
7323,9824.671516
7324,11661.35727
7325,9203.283408
7326,12306.02307
7327,11523.69168
7328,10814.78766
7329,11121.29465
7330,9837.435501
7331,9762.337366
7332,12102.72579
7333,10078.63137
7334,11714.65588
7335,10369.76768
7336,5684.637369
7337,5655.371699
7338,7221.251807
7339,5432.931808
7340,6050.007752
7341,4002.58543
7342,6531.158396
7343,6021.656402
7344,5497.071141
7345,6030.65537
7346,3898.858401
7347,6371.261919
7348,5993.724146
7349,5494.280324
7350,6147.175816
7351,6176.911955
7352,5502.28816
7353,6458.659015
7354,3887.362861
7355,3964.028129
7356,5441.448768
7357,5485.457281
7358,7385.497027
7359,6700.618095
7360,5882.348289
7361,7356.586535
7362,5675.73015
7363,6686.221347
7364,5473.418881
7365,6536.382892
7366,6291.77051
7367,4012.984141
7368,3909.726737
7369,6437.588856
7370,4002.906928
7371,6128.827626
7372,5781.137993
7373,6426.459492
7374,6034.649633
7375,6483.209449
7376,6379.381543
7377,6392.407931
7378,5267.635356
7379,6290.329304
7380,6837.317231
7381,6112.088692
7382,6123.196925
7383,6004.401595
7384,2728.083896
7385,3685.335607
7386,2818.148736
7387,2815.798997
7388,2736.306112
7389,3387.638307
7390,3238.472151
7391,3775.034947
7392,2826.948074
7393,3464.929627
7394,3466.684013
7395,2965.950314
7396,2841.299371
7397,3442.577282
7398,3040.0791
7399,2816.763994
7400,2831.030007
7401,2847.145411
7402,2826.083669
7403,3600.900529
7404,2795.621211
7405,2955.020213
7406,3591.877717
7407,3551.671834
7408,3162.083708
7409,2880.98546
7410,3368.397667
7411,3287.116074
7412,2806.539693
7413,2882.807757
7414,3347.771624
7415,3342.360678
7416,3383.376706
7417,3514.693951
7418,3714.81371
7419,3620.457782
7420,2740.137022
7421,3559.388775
7422,2887.947601
7423,3624.694984
7424,2867.485354
7425,4442.673189
7426,4326.669202
7427,5234.691192
7428,4303.546556
7429,4379.545101
7430,4344.721458
7431,4834.12745
7432,4015.579276
7433,4312.597437
7434,5593.897736
7435,5183.667063
7436,4272.137355
7437,4396.537188
7438,4357.335079
7439,4324.46289
7440,4415.307094
7441,4783.355505
7442,5317.662486
7443,4515.299748
7444,4892.05447
7445,4337.534508
7446,4753.887692
7447,4267.653386
7448,4084.55151
7449,4129.350112
7450,5136.174073
7451,4391.254192
7452,5392.304767
7453,5168.38268
7454,5035.502533
7455,5091.626227
7456,4328.046056
7457,5436.066743
7458,4740.762369
7459,4754.301097
7460,3978.10966
7461,3965.061484
7462,3989.573241
7463,5255.595774
7464,4992.20864
7465,5136.256156
7466,7131.34535
7467,8760.091736
7468,9972.408757
7469,7137.834054
7470,8885.478979
7471,7174.589041
7472,7730.098189
7473,8625.503533
7474,8486.370941
7475,11285.46112
7476,7229.225678
7477,7222.928024
7478,7534.780763
7479,9802.176454
7480,8378.942602
7481,8396.677756
7482,7533.154115
7483,7275.74804
7484,7600.702007
7485,9204.897101
7486,8513.780151
7487,8682.549001
7488,7632.961428
7489,7271.338268
7490,7897.59395
7491,7140.816304
7492,7203.141931
7493,7253.087584
7494,7676.388748
7495,8302.369195
7496,7339.316622
7497,8371.479504
7498,7314.488986
7499,8773.488255
7500,7552.961025
7501,8489.725359
7502,8399.059866
7503,9817.872377
7504,7931.413604
7505,7745.892818
7506,8610.449447
7507,8270.331849
7508,9379.421046
7509,8322.942418
7510,9174.438862
7511,9394.74024
7512,8191.914842
7513,10692.85599
7514,9657.740586
7515,9296.857252
7516,8306.813649
7517,9783.376353
7518,10602.4349
7519,9604.458704
7520,8089.712883
7521,9319.315163
7522,8163.731462
7523,9239.603562
7524,8495.689382
7525,8118.833364
7526,9698.623887
7527,9366.767265
7528,9396.700724
7529,9208.735375
7530,11527.51392
7531,10883.72078
7532,9166.05449
7533,8141.848198
7534,9367.402391
7535,9684.690783
7536,9380.40982
7537,9782.265794
7538,8263.195511
7539,9352.599588
7540,9634.620321
7541,9366.832559
7542,9788.366559
7543,9371.915699
7544,9910.860869
7545,9853.542815
7546,8215.284965
7547,8381.636442
7548,6593.493372
7549,5643.670017
7550,5747.358825
7551,6541.310269
7552,5677.373153
7553,6862.701882
7554,7088.944579
7555,7675.387044
7556,5841.493506
7557,6348.565191
7558,6896.201267
7559,7805.774176
7560,5811.945723
7561,5816.647659
7562,5584.592072
7563,7617.673581
7564,6109.449401
7565,6065.044174
7566,5684.449927
7567,6194.750808
7568,5567.175814
7569,6920.104357
7570,7163.935711
7571,7107.937408
7572,6915.63778
7573,6556.198113
7574,6940.106187
7575,6880.597446
7576,7153.606975
7577,7752.647293
7578,5647.717903
7579,7020.127431
7580,5552.79716
7581,5582.874071
7582,6867.441104
7583,5539.236425
7584,5761.97026
7585,7096.229836
7586,5710.593237
7587,6605.899803
7588,7166.466826
7589,7769.739026
7590,6310.193012
7591,6411.161574
7592,6643.066518
7593,6415.038544
7594,7188.195349
7595,7108.430778
7596,6220.068728
7597,7180.1035
7598,8133.318531
7599,7324.374659
7600,8197.743914
7601,6660.314477
7602,7660.00395
7603,6321.29264
7604,8581.688928
7605,6430.637766
7606,7121.723521
7607,7364.792824
7608,8405.804689
7609,6287.479503
7610,6639.320618
7611,6240.213832
7612,7844.534733
7613,7127.631558
7614,7518.699409
7615,7228.479503
7616,6355.963539
7617,6279.017454
7618,6342.400331
7619,6755.785237
7620,6589.153228
7621,6589.294386
7622,7393.998334
7623,6229.572224
7624,7124.864297
7625,6972.230279
7626,6592.24335
7627,6566.809773
7628,4902.738365
7629,4591.8738
7630,4308.069663
7631,4528.844496
7632,4540.700203
7633,4821.637423
7634,4501.275138
7635,5222.202376
7636,4951.079022
7637,4440.95023
7638,5018.035006
7639,4934.589607
7640,4549.346919
7641,4467.727299
7642,4937.70435
7643,4267.933738
7644,4560.383662
7645,5091.20342
7646,5072.895241
7647,4421.68945
7648,4790.523153
7649,4969.019259
7650,4792.96588
7651,4635.771151
7652,5418.186298
7653,4972.553269
7654,4436.716785
7655,4594.549214
7656,5567.270403
7657,4452.181371
7658,5233.655964
7659,4433.651206
7660,4500.548307
7661,4479.464509
7662,4815.089628
7663,4501.378255
7664,4653.62908
7665,4802.718569
7666,5227.523925
7667,4800.448437
7668,5227.256632
7669,5615.869593
7670,5321.951323
7671,5600.691626
7672,5471.377959
7673,3855.337373
7674,3665.71046
7675,5875.230825
7676,4970.459795
7677,4998.919989
7678,3649.144048
7679,5403.452401
7680,5608.408562
7681,5368.431083
7682,4932.811808
7683,5042.152066
7684,4800.022009
7685,5839.465707
7686,4892.636581
7687,5324.945248
7688,5009.246278
7689,5409.59968
7690,5046.349514
7691,5045.195755
7692,3669.922469
7693,4901.891859
7694,5812.600114
7695,4850.06213
7696,4921.113302
7697,5973.962528
7698,5735.565333
7699,3688.636769
7700,5818.098579
7701,5714.712042
7702,3772.9452
7703,5666.319533
7704,4935.917805
7705,4791.044772
7706,5459.975557
7707,5058.061972
7708,5633.93736
7709,3302.678936
7710,3648.727022
7711,3333.03407
7712,3572.897766
7713,3321.159432
7714,3352.740582
7715,3022.511422
7716,3356.889039
7717,3734.44228
7718,3284.370247
7719,3005.274669
7720,3304.684056
7721,3022.903426
7722,3116.611241
7723,2519.076618
7724,3073.013714
7725,3466.728757
7726,2613.319547
7727,2998.052108
7728,2499.165871
7729,3221.147345
7730,2997.83021
7731,3676.468649
7732,3311.516561
7733,2983.485475
7734,2507.999889
7735,2990.727351
7736,2997.929927
7737,2493.999047
7738,3497.413263
7739,2580.100598
7740,3478.713644
7741,3336.283761
7742,2548.126805
7743,3153.372622
7744,3077.77689
7745,3070.689471
7746,3485.544468
7747,3264.367946
7748,3746.241899
7749,3135.945627
7750,5033.810233
7751,4362.712259
7752,4908.415635
7753,5544.220669
7754,4079.885817
7755,4378.300191
7756,4847.82715
7757,4374.192313
7758,4218.847358
7759,5423.254241
7760,4938.145626
7761,5081.548568
7762,5624.109633
7763,4144.591997
7764,5374.251818
7765,4371.71066
7766,5006.99584
7767,4967.865992
7768,4896.256084
7769,4287.913107
7770,4389.589969
7771,4341.742331
7772,5608.642265
7773,5587.330734
7774,4331.590255
7775,4473.312135
7776,4360.660528
7777,4535.090302
7778,4124.160937
7779,5248.846859
7780,5429.444422
7781,4109.319738
7782,4352.993835
7783,4137.470588
7784,4402.771269
7785,4405.291279
7786,4615.023287
7787,4905.856617
7788,5715.253514
7789,4359.224269
7790,4854.207684
7791,5330.517807
7792,5508.925496
7793,5333.68343
7794,5368.28493
7795,5476.875793
7796,6137.517454
7797,6378.354199
7798,5517.925316
7799,6234.242532
7800,6164.922676
7801,6049.95544
7802,6405.015926
7803,5319.206669
7804,5447.175801
7805,6106.12558
7806,5601.211867
7807,6608.787544
7808,6164.484364
7809,5355.631448
7810,6056.292968
7811,6841.719085
7812,6051.397611
7813,5508.600156
7814,5771.012901
7815,6308.719793
7816,5468.387604
7817,5442.963097
7818,5519.003822
7819,6140.74635
7820,6730.69895
7821,6148.763237
7822,6194.894672
7823,6152.714768
7824,5411.738354
7825,5502.490915
7826,6928.131431
7827,5400.437323
7828,5943.566381
7829,6164.938568
7830,5512.143507
7831,6366.937544
7832,6291.525539
7833,7253.08078
7834,7222.566462
7835,7250.055507
7836,6279.673868
7837,7248.176835
7838,6784.716671
7839,6325.01253
7840,6913.033503
7841,7288.558797
7842,6386.238721
7843,6302.277302
7844,6380.320412
7845,7237.352682
7846,7258.468333
7847,6389.793327
7848,7147.271915
7849,6671.930098
7850,7271.342162
7851,6348.127856
7852,8230.100385
7853,6222.772342
7854,8067.892139
7855,6251.754898
7856,6831.197469
7857,6325.722568
7858,8177.274434
7859,7205.051381
7860,7062.026251
7861,6221.410073
7862,7144.926009
7863,6364.210339
7864,6204.1174
7865,9107.92768
7866,7271.209145
7867,6700.399562
7868,6872.838073
7869,6496.383078
7870,7260.121993
7871,6704.741813
7872,7346.237498
7873,6008.361594
7874,6197.326712
7875,6398.009944
7876,7719.488599
7877,6733.994415
7878,7155.801532
7879,6550.446618
7880,7630.587005
7881,6599.510863
7882,6443.025275
7883,7270.161459
7884,7584.556152
7885,8259.997545
7886,8056.522061
7887,6025.834173
7888,6283.05225
7889,6273.188797
7890,7023.22833
7891,6987.155921
7892,6293.079374
7893,7410.667968
7894,7055.164574
7895,6255.146121
7896,6370.000875
7897,6240.218756
7898,7086.269216
7899,7010.355379
7900,6974.660776
7901,8155.867427
7902,7033.972719
7903,7931.561297
7904,6294.122954
7905,7147.257537
7906,7879.94146
7907,6457.485422
7908,6074.105987
7909,6779.227514
7910,6658.001352
7911,6104.288928
7912,6140.692651
7913,6008.213728
7914,0
7915,7015.662255
7916,5585.343376
7917,5555.728764
7918,5495.622959
7919,5509.787625
7920,6943.61668
7921,5417.928782
7922,5145.208835
7923,5660.119209
7924,5745.809488
7925,5167.621625
7926,6936.790364
7927,5616.459824
7928,7051.904244
7929,6265.220681
7930,7827.335083
7931,5635.401931
7932,6057.246941
7933,6715.968183
7934,6110.127878
7935,7398.885451
7936,7722.695433
7937,5759.489014
7938,7855.363672
7939,5429.149183
7940,5367.997215
7941,6737.46938
7942,8240.891509
7943,7015.354727
7944,5330.47911
7945,7417.257136
7946,7462.389313
7947,5498.33999
7948,5157.439795
7949,5459.533173
7950,5598.050981
7951,5936.946905
7952,6790.447794
7953,8113.92626
7954,5486.049684
7955,5496.880536
7956,7455.88436
7957,8330.656504
7958,9162.919847
7959,7591.166136
7960,7647.610687
7961,8220.266221
7962,8196.287306
7963,7796.56601
7964,8359.808844
7965,8228.662681
7966,7554.426182
7967,8298.380853
7968,7987.300721
7969,7618.334461
7970,7854.637574
7971,8484.073329
7972,9059.979895
7973,8248.853583
7974,7575.235916
7975,8200.094397
7976,7750.57166
7977,7343.138736
7978,7896.756329
7979,8048.340009
7980,8577.307373
7981,8008.533784
7982,8499.663782
7983,7603.731818
7984,7314.713397
7985,7661.497718
7986,8275.449742
7987,7832.998969
7988,7362.301533
7989,7735.95068
7990,8225.658857
7991,9121.136948
7992,9174.3172
7993,8257.927322
7994,7544.478136
7995,8607.808177
7996,7851.515015
7997,8432.871544
7998,8094.120871
7999,7976.084993
8000,7783.202671
8001,9482.482684
8002,7784.276719
8003,9377.71935
8004,9547.357846
8005,7869.031486
8006,7894.249797
8007,10023.00492
8008,10099.48207
8009,10292.67605
8010,8950.382604
8011,11002.30514
8012,7639.052241
8013,7807.556218
8014,7790.797759
8015,8952.532074
8016,7897.192132
8017,7880.538156
8018,7702.827924
8019,9253.113295
8020,8175.458172
8021,9319.17046
8022,8041.988285
8023,8917.40615
8024,9212.449314
8025,9063.769559
8026,8122.926225
8027,8949.214759
8028,8402.021208
8029,9001.40336
8030,8010.942748
8031,7926.930609
8032,7971.287313
8033,9190.790075
8034,7915.279796
8035,9647.5986
8036,8879.787761
8037,9622.297532
8038,8672.062867
8039,7666.511331
8040,7320.016306
8041,7047.145871
8042,7116.070212
8043,8075.077264
8044,7227.665537
8045,7603.155105
8046,6947.250017
8047,8286.842561
8048,6959.093835
8049,7526.576518
8050,7184.791254
8051,7244.282296
8052,7648.310499
8053,7780.589243
8054,7040.834986
8055,6977.869595
8056,7808.565677
8057,7527.155676
8058,7317.143879
8059,6888.614873
8060,7518.977683
8061,8556.535736
8062,7032.727173
8063,8065.597028
8064,7555.705889
8065,9063.786225
8066,7027.723021
8067,6710.992197
8068,7236.517325
8069,7826.170794
8070,7102.853592
8071,7916.127734
8072,7615.794157
8073,7009.767502
8074,8079.114069
8075,6891.650959
8076,8597.208301
8077,7576.472981
8078,8415.294185
8079,5265.597969
8080,5847.434663
8081,4860.683975
8082,5399.810674
8083,5810.096442
8084,4396.958859
8085,4349.35036
8086,4366.094131
8087,4373.258531
8088,4494.952821
8089,5300.49234
8090,4325.971908
8091,6143.238347
8092,5126.987404
8093,4364.61473
8094,5062.255488
8095,4366.556821
8096,4361.065784
8097,4913.302157
8098,5843.212434
8099,4987.670325
8100,5156.437753
8101,5158.16223
8102,5480.223369
8103,4377.609808
8104,5303.866198
8105,4346.829314
8106,5342.958253
8107,5373.796399
8108,4974.781977
8109,4910.108378
8110,5090.839382
8111,5270.806216
8112,5150.505779
8113,4355.818742
8114,4871.948737
8115,4413.390765
8116,4345.414692
8117,4342.460817
8118,5384.101112
8119,10300.3616
8120,8954.066235
8121,9971.409484
8122,8695.66081
8123,10660.34076
8124,8745.601548
8125,9313.427916
8126,9744.626607
8127,8704.419794
8128,8899.171808
8129,9368.832817
8130,8679.325504
8131,9133.238853
8132,9926.220735
8133,9736.24214
8134,10642.26785
8135,8727.928281
8136,9296.656185
8137,9428.509753
8138,8774.520797
8139,9417.100122
8140,10649.14158
8141,8980.660289
8142,10103.94615
8143,8730.816859
8144,10540.8575
8145,8748.257519
8146,8662.215845
8147,9915.674188
8148,8756.725006
8149,9504.261417
8150,8632.719122
8151,8737.868545
8152,10126.92734
8153,8903.153199
8154,8659.926567
8155,8726.080571
8156,8756.697695
8157,9530.912459
8158,8939.968681
8159,9379.650322
8160,11560.51044
8161,10504.56098
8162,12491.26707
8163,11425.06087
8164,8938.877019
8165,9130.216594
8166,10804.05024
8167,9610.674797
8168,9859.358008
8169,12593.72148
8170,13843.4473
8171,11140.91888
8172,10507.92333
8173,9527.529828
8174,11438.52795
8175,9628.370671
8176,14554.42424
8177,9896.920948
8178,11669.77883
8179,9664.10163
8180,9101.496556
8181,9441.320968
8182,11809.40202
8183,9061.994767
8184,11306.18948
8185,9057.686836
8186,10659.10591
8187,9180.884254
8188,10902.50747
8189,9155.97724
8190,9294.048738
8191,10773.97259
8192,9562.752938
8193,9241.265809
8194,8839.523935
8195,10873.11316
8196,9736.521052
8197,9442.668208
8198,11248.55739
8199,14138.24428
8200,13725.71201
8201,4804.598595
8202,6392.299185
8203,5993.780017
8204,6282.808315
8205,5024.533304
8206,4872.587394
8207,4949.594001
8208,5054.000138
8209,4975.659859
8210,4654.321383
8211,6133.747026
8212,7949.494272
8213,4748.951417
8214,6009.465646
8215,5000.608672
8216,6095.90551
8217,5306.560303
8218,5257.397522
8219,7316.977521
8220,4999.521771
8221,5030.728329
8222,5024.271714
8223,4796.027283
8224,5996.845068
8225,5247.416764
8226,6223.328602
8227,4969.53448
8228,6455.053903
8229,6159.691919
8230,7401.090743
8231,5030.202016
8232,6088.456902
8233,5944.01798
8234,4756.57845
8235,6340.645927
8236,5095.084991
8237,5984.13252
8238,6252.302004
8239,5076.643634
8240,4951.071704
8241,7243.580766
8242,6424.402708
8243,6979.74396
8244,8498.22458
8245,8423.745059
8246,7778.09295
8247,7992.550812
8248,7898.699094
8249,6653.294542
8250,7085.626582
8251,8132.012053
8252,9087.530668
8253,7937.308616
8254,7184.234958
8255,6571.206988
8256,6406.072522
8257,8217.64216
8258,7056.477578
8259,7429.281498
8260,6997.860263
8261,6949.073136
8262,7021.69984
8263,7359.460601
8264,7881.657344
8265,6914.796435
8266,8002.778486
8267,8711.019784
8268,7017.710642
8269,7785.588503
8270,6941.367036
8271,6972.132687
8272,8754.363925
8273,6438.349245
8274,7011.937828
8275,8165.393528
8276,6953.820134
8277,9336.682321
8278,8259.454677
8279,7775.391047
8280,7972.733473
8281,7330.533414
8282,7006.527032
8283,5372.447915
8284,4519.812493
8285,5344.030595
8286,4916.730711
8287,4961.203051
8288,5413.561553
8289,5335.722741
8290,5209.216704
8291,6060.59874
8292,5771.178467
8293,5360.281115
8294,5509.666604
8295,5091.366275
8296,4899.756493
8297,4701.643823
8298,5388.069634
8299,5554.348045
8300,4489.178948
8301,4438.405276
8302,4576.406871
8303,4625.022864
8304,4785.366363
8305,4591.245212
8306,4935.043909
8307,5154.543095
8308,4589.341049
8309,6012.88355
8310,5313.913284
8311,5250.88898
8312,6241.397952
8313,4555.055786
8314,5304.177461
8315,4527.077787
8316,4542.151835
8317,5274.388562
8318,4811.141913
8319,4726.575583
8320,5370.398567
8321,6073.912187
8322,5404.894293
8323,4599.682881
8324,7428.367518
8325,6624.777224
8326,6640.103401
8327,5978.935255
8328,6283.373279
8329,5926.091025
8330,5991.030569
8331,7183.365544
8332,6395.734527
8333,6893.085991
8334,7070.947319
8335,5943.403552
8336,6737.516183
8337,6494.631761
8338,6336.653338
8339,5957.50572
8340,6332.108233
8341,6759.214661
8342,6728.031258
8343,5926.820003
8344,6948.02108
8345,5948.880754
8346,6725.486143
8347,7993.690688
8348,6012.492517
8349,6871.50414
8350,6838.044765
8351,6842.185813
8352,6839.692092
8353,6765.73769
8354,6358.776451
8355,6087.637009
8356,7365.446007
8357,6254.395401
8358,6160.966423
8359,6563.473808
8360,6605.803215
8361,5968.854489
8362,6280.173936
8363,5947.423094
8364,7458.880428
8365,3342.97751
8366,3375.375716
8367,4173.106607
8368,5296.618371
8369,3383.866696
8370,4298.067892
8371,3987.290999
8372,3372.092399
8373,3491.688772
8374,4186.603526
8375,3518.270042
8376,4363.348667
8377,4191.701194
8378,3377.184019
8379,4255.421464
8380,3560.686967
8381,4218.103801
8382,3615.664212
8383,4263.875134
8384,4275.956058
8385,4066.665579
8386,4086.400769
8387,3996.518271
8388,3510.086593
8389,3495.401853
8390,3503.052044
8391,3227.445275
8392,3475.295392
8393,4091.009506
8394,3412.134916
8395,5433.974153
8396,5644.310953
8397,3321.946648
8398,4114.978543
8399,3494.101986
8400,5312.470179
8401,3226.127985
8402,3637.814878
8403,3354.500331
8404,3611.230885
8405,3413.901254
8406,6092.709334
8407,5820.876113
8408,7889.628513
8409,6139.750849
8410,7249.470425
8411,6072.924171
8412,7292.24422
8413,5813.730879
8414,5878.049203
8415,7415.031768
8416,7896.237062
8417,7444.818367
8418,6159.226475
8419,7604.207997
8420,8469.33585
8421,6160.384209
8422,5895.791048
8423,7712.890116
8424,8490.775994
8425,7437.28869
8426,7271.552739
8427,6119.322132
8428,6225.872479
8429,6104.167303
8430,8496.838184
8431,8569.503169
8432,6127.843779
8433,6060.154488
8434,6083.757453
8435,7926.991045
8436,6095.078695
8437,6089.541047
8438,5822.031062
8439,5910.229527
8440,7216.57464
8441,6103.980311
8442,6119.331906
8443,7237.820266
8444,6157.044745
8445,7874.372425
8446,6999.556141
8447,5414.889119
8448,4951.938703
8449,5813.997213
8450,5612.655359
8451,6980.593677
8452,5534.627296
8453,4926.240715
8454,5719.222994
8455,5525.969289
8456,4542.04941
8457,4788.829569
8458,4523.895255
8459,7708.544745
8460,5555.004873
8461,5802.100858
8462,5128.3413
8463,4798.781724
8464,4487.052825
8465,5248.266554
8466,5641.759959
8467,4444.413134
8468,5818.777409
8469,7041.143026
8470,4412.768888
8471,4449.884899
8472,4453.539658
8473,4716.132754
8474,7026.863749
8475,4963.135131
8476,5701.173317
8477,4578.987185
8478,4501.03441
8479,4761.235272
8480,5336.338102
8481,4465.777558
8482,4425.698635
8483,4715.073436
8484,4786.727789
8485,4500.607097
8486,5454.467739
8487,5445.423191
8488,8983.016049
8489,9297.105003
8490,8819.697774
8491,9574.593367
8492,9124.07843
8493,8600.160195
8494,9487.637973
8495,9306.71028
8496,8723.049449
8497,9344.125429
8498,8569.609362
8499,8212.913647
8500,8189.09751
8501,8439.895353
8502,8989.589638
8503,8504.045851
8504,9237.042446
8505,8349.608705
8506,9351.55897
8507,8643.704409
8508,10058.88588
8509,8335.808756
8510,8346.458216
8511,9012.981271
8512,8383.000406
8513,8504.730103
8514,9014.826815
8515,10008.15247
8516,10078.3305
8517,8238.344367
8518,8463.430169
8519,8577.947985
8520,9434.66596
8521,9084.601191
8522,8632.024821
8523,8358.370267
8524,9614.694679
8525,10240.50106
8526,8879.09095
8527,9204.950667
8528,8595.887779
8529,6239.204015
8530,6504.081138
8531,6388.733413
8532,6614.729896
8533,7308.435822
8534,7876.234003
8535,6484.494752
8536,7310.111528
8537,6590.854373
8538,7432.569156
8539,7371.542182
8540,7208.407267
8541,6603.543105
8542,6401.683218
8543,6970.801107
8544,6641.70928
8545,7540.317523
8546,6447.755753
8547,6510.634088
8548,7768.011175
8549,6843.161982
8550,6480.428216
8551,7656.914173
8552,6279.30847
8553,6701.349263
8554,6409.878779
8555,7739.026679
8556,6584.115048
8557,8305.240734
8558,6258.104167
8559,7701.131736
8560,7950.980349
8561,7361.560435
8562,6197.524721
8563,7448.728751
8564,7174.242497
8565,6450.452311
8566,6821.423543
8567,7431.373513
8568,7277.371485
8569,7167.107746
8570,9246.840748
8571,8881.782284
8572,7333.431282
8573,7726.422486
8574,8201.592148
8575,10103.01346
8576,7716.40934
8577,7301.449446
8578,8991.067464
8579,7780.752419
8580,7429.369071
8581,10377.48344
8582,8568.933978
8583,8929.307033
8584,7127.370719
8585,9200.376322
8586,7799.130999
8587,7648.564705
8588,7662.576339
8589,8789.298732
8590,7396.07075
8591,8579.707313
8592,8615.307882
8593,10413.82542
8594,7508.37582
8595,7695.959954
8596,7431.733069
8597,7662.541252
8598,9014.572719
8599,8911.611446
8600,10532.26367
8601,7170.724072
8602,7353.269557
8603,7579.390672
8604,7423.874116
8605,8669.96309
8606,8797.142027
8607,7756.071181
8608,7923.799832
8609,8558.693492
8610,9112.120815
8611,8531.8317
8612,7704.842047
8613,8077.88719
8614,8321.114333
8615,7569.329797
8616,8595.853441
8617,7700.294173
8618,7408.910195
8619,8394.398551
8620,8849.041244
8621,7511.14066
8622,7632.645435
8623,9305.127953
8624,8856.294086
8625,8216.451569
8626,8637.127735
8627,7367.146442
8628,8113.188716
8629,9683.260259
8630,7703.873269
8631,7967.992231
8632,7623.752341
8633,8083.279425
8634,7791.085383
8635,7291.15093
8636,8266.320282
8637,8668.881922
8638,7962.286873
8639,7644.56316
8640,8033.80467
8641,8158.765487
8642,7321.720615
8643,7892.721127
8644,8284.72497
8645,7510.997044
8646,7485.85811
8647,7681.320008
8648,7798.30637
8649,7360.183
8650,7418.493639
8651,7382.125009
8652,4798.906732
8653,5519.371484
8654,4783.570474
8655,5465.532874
8656,4986.572791
8657,5447.009858
8658,5630.835094
8659,4775.309421
8660,5388.003776
8661,5571.837741
8662,4789.929194
8663,5964.178598
8664,5507.810768
8665,5012.847668
8666,4944.886021
8667,5642.687323
8668,4844.64172
8669,4805.602741
8670,5571.560592
8671,4873.924605
8672,5860.203693
8673,4826.928568
8674,4957.141554
8675,5143.792859
8676,4795.158987
8677,4841.182891
8678,5639.359157
8679,5057.793192
8680,4906.096392
8681,5442.536828
8682,5018.15031
8683,6182.978407
8684,5319.436053
8685,6086.81125
8686,5338.034893
8687,4800.539463
8688,5916.891095
8689,5543.815571
8690,4827.710264
8691,5874.351084
8692,4881.758403
8693,7307.093014
8694,9594.853898
8695,7352.317051
8696,9006.124131
8697,7369.684009
8698,9456.99374
8699,7316.274575
8700,9353.109307
8701,10695.8738
8702,7289.299053
8703,8791.804055
8704,8757.700413
8705,8864.119301
8706,8851.79013
8707,7336.463415
8708,9257.612966
8709,7491.536402
8710,7675.537211
8711,8167.137753
8712,7801.782201
8713,9236.927911
8714,7301.313722
8715,8390.130586
8716,10565.97179
8717,7682.066525
8718,8224.232585
8719,7736.182142
8720,8735.589167
8721,10912.82771
8722,8888.43737
8723,8251.487751
8724,8738.619329
8725,7724.440996
8726,9060.394427
8727,7286.140487
8728,8103.12276
8729,7772.161724
8730,8091.478434
8731,10745.48479
8732,9405.972852
8733,9675.360712
8734,17667.40623
8735,19678.16976
8736,17550.22945
8737,17752.71078
8738,18826.468
8739,20158.22078
8740,17320.02161
8741,19461.65195
8742,17333.70067
8743,19663.13478
8744,17750.52082
8745,18560.56731
8746,17760.83849
8747,20899.2307
8748,19710.21318
8749,19065.14737
8750,17584.05294
8751,17754.61253
8752,21445.35543
8753,17602.12638
8754,18156.55503
8755,17728.45898
8756,20304.36448
8757,18304.01473
8758,17929.51783
8759,18943.25789
8760,17358.55027
8761,21035.51018
8762,17598.35286
8763,18024.77017
8764,18698.881
8765,17680.97105
8766,18812.10827
8767,17383.20409
8768,17586.03711
8769,17620.49369
8770,0
8771,21147.90116
8772,19477.78703
8773,19098.7
8774,18733.3536
8775,20732.74418
8776,11322.57938
8777,10728.80928
8778,10879.34912
8779,8772.319262
8780,9532.247998
8781,9189.725612
8782,10933.22469
8783,9541.156186
8784,8999.667465
8785,10529.4641
8786,9314.712425
8787,12538.35248
8788,11304.36496
8789,13156.91175
8790,9850.470262
8791,11049.14503
8792,9238.512274
8793,9347.052598
8794,12966.88231
8795,10630.36918
8796,8816.064743
8797,9256.612574
8798,9915.094224
8799,10899.82969
8800,10727.23817
8801,9265.30826
8802,10490.01203
8803,9162.360263
8804,9248.211918
8805,9527.837247
8806,10648.68227
8807,9312.906465
8808,12804.58817
8809,9540.078242
8810,10643.93411
8811,9491.975524
8812,10507.20806
8813,8976.62137
8814,10272.29114
8815,9493.857187
8816,11422.64123
8817,6564.960436
8818,4735.038852
8819,4916.494123
8820,5663.026818
8821,5526.728042
8822,5557.769525
8823,5817.034726
8824,6218.659
8825,4564.781143
8826,6029.088936
8827,7087.140575
8828,4973.406296
8829,4771.069373
8830,4594.202151
8831,4763.645901
8832,4587.15788
8833,4713.078962
8834,4681.699095
8835,6198.444176
8836,4858.415366
8837,5057.578292
8838,7576.166699
8839,4665.177491
8840,6244.276244
8841,5462.705295
8842,4754.947752
8843,4431.695442
8844,4532.553117
8845,5557.06016
8846,5656.612172
8847,4746.643496
8848,4749.349213
8849,7127.979921
8850,4655.206791
8851,5737.955636
8852,4747.163735
8853,7119.509799
8854,5456.370509
8855,4911.715579
8856,4539.471974
8857,6680.638959
8858,3192.821102
8859,2721.775586
8860,2785.760647
8861,3288.220888
8862,3184.563104
8863,3175.340544
8864,3245.776658
8865,3129.594299
8866,2830.467084
8867,2724.543436
8868,3710.651533
8869,3278.967421
8870,2774.007996
8871,2697.272578
8872,2667.823487
8873,3207.288049
8874,3252.781205
8875,3244.894812
8876,3650.43497
8877,2650.774933
8878,2693.016092
8879,2675.906013
8880,3162.725023
8881,2965.394067
8882,3264.550921
8883,3134.657371
8884,2642.923341
8885,3183.286408
8886,2660.623338
8887,3146.457091
8888,3124.760548
8889,2651.428676
8890,3223.530062
8891,3361.324531
8892,3368.082124
8893,3244.222673
8894,2690.367697
8895,3096.909601
8896,3806.466215
8897,3233.211611
8898,3558.993274
8899,6624.915585
8900,6508.133571
8901,6392.852237
8902,6455.347442
8903,6624.75206
8904,7075.183675
8905,5660.286547
8906,5596.000589
8907,6098.823627
8908,5655.8357
8909,5694.080221
8910,6186.120599
8911,6335.531176
8912,5926.933618
8913,6294.057647
8914,5546.332907
8915,5652.011147
8916,6297.474366
8917,5646.806392
8918,6319.471444
8919,5805.240058
8920,5670.555918
8921,6332.466167
8922,6109.087658
8923,6221.816941
8924,6415.038193
8925,6511.446917
8926,5575.373304
8927,5614.4199
8928,7251.903916
8929,5670.917179
8930,6359.76077
8931,6708.965956
8932,7268.798688
8933,5453.139947
8934,7189.693409
8935,6801.315121
8936,6134.255624
8937,5988.448316
8938,6319.246922
8939,6474.680569
8940,10158.18926
8941,9577.507049
8942,8281.631167
8943,8321.588395
8944,9299.014052
8945,10020.62802
8946,8330.3499
8947,11057.53669
8948,8598.196487
8949,8411.807358
8950,8419.564389
8951,8526.989404
8952,9041.687115
8953,8178.32153
8954,10459.09913
8955,8101.263854
8956,8203.447771
8957,8343.306123
8958,8107.154244
8959,8888.893265
8960,8209.567167
8961,9063.968069
8962,8318.46969
8963,8264.482997
8964,9322.195317
8965,8280.714711
8966,8028.975159
8967,9322.956187
8968,9226.961533
8969,8468.185162
8970,9474.91552
8971,9088.350564
8972,11244.25588
8973,8346.413786
8974,9326.822166
8975,10722.79606
8976,10260.31993
8977,8955.872984
8978,9820.633208
8979,9224.664896
8980,10219.76254
8981,5667.869915
8982,5449.555913
8983,5516.760394
8984,6035.241087
8985,5495.291666
8986,6676.827407
8987,5079.842042
8988,5951.416775
8989,5942.691715
8990,5643.718089
8991,4971.657593
8992,5533.235548
8993,5586.22987
8994,5482.829329
8995,5467.537409
8996,6192.355147
8997,5923.748844
8998,5414.160963
8999,5397.900746
9000,5006.041666
9001,5750.367756
9002,5031.437476
9003,6035.433081
9004,6059.154707
9005,5511.93587
9006,6217.771505
9007,5032.319906
9008,5587.941694
9009,5744.572372
9010,5967.447629
9011,6654.601479
9012,5654.663696
9013,6267.030356
9014,5213.62334
9015,5995.489417
9016,6633.032133
9017,6998.503782
9018,5539.062093
9019,5936.035557
9020,5993.57403
9021,13975.89372
9022,11971.12857
9023,10556.00395
9024,12265.22475
9025,12088.4297
9026,11681.33822
9027,11597.9517
9028,11744.86629
9029,12106.1558
9030,11946.4965
9031,12167.53036
9032,11673.41847
9033,11949.39343
9034,12208.73916
9035,11725.18722
9036,10373.18614
9037,10629.08156
9038,11870.17368
9039,13853.35849
9040,11760.48251
9041,11723.14587
9042,12024.92867
9043,11740.65575
9044,11854.77273
9045,10493.92556
9046,11548.88064
9047,12015.28549
9048,11842.57054
9049,12179.55756
9050,14068.85464
9051,10540.73344
9052,13650.9385
9053,12685.92851
9054,11468.66909
9055,12175.78758
9056,11958.89193
9057,10461.40087
9058,11470.99067
9059,12739.06014
9060,12770.12098
9061,11992.83261
9062,13567.21796
9063,12132.67413
9064,11669.43401
9065,13726.86702
9066,13787.84764
9067,12562.88903
9068,10690.58442
9069,24579.02816
9070,19795.51633
9071,18427.73915
9072,18757.17502
9073,19462.13983
9074,21022.36702
9075,18364.32689
9076,18699.46773
9077,18251.62948
9078,20414.47883
9079,19792.82937
9080,18789.90532
9081,18677.98285
9082,18130.96861
9083,19901.49539
9084,18640.6301
9085,18808.80736
9086,18142.3247
9087,20099.97428
9088,19254.2874
9089,19877.41449
9090,18465.17202
9091,24431.79695
9092,18520.18642
9093,18269.61123
9094,20091.14868
9095,18217.8829
9096,20342.50463
9097,18381.93134
9098,24622.03894
9099,18370.98952
9100,19361.50473
9101,24727.11217
9102,25164.08108
9103,18380.48675
9104,19727.96735
9105,18478.8258
9106,20838.86513
9107,20696.2586
9108,24559.51884
9109,19363.50485
9110,19170.01789
9111,19133.43827
9112,20274.92116
9113,20754.54659
9114,19922.27719
9115,24515.88474
9116,19818.49781
9117,4371.690067
9118,3743.548021
9119,4222.459893
9120,3744.821119
9121,3775.940215
9122,4264.514108
9123,3601.234454
9124,4187.209757
9125,4208.858011
9126,3650.463581
9127,4113.973305
9128,3646.159098
9129,4427.48674
9130,4451.95103
9131,3656.692974
9132,4416.814294
9133,4333.07702
9134,4259.155177
9135,3607.107671
9136,4099.220766
9137,4368.670806
9138,4050.241833
9139,3914.60812
9140,4374.702967
9141,3655.031951
9142,4372.205047
9143,4404.589102
9144,3586.879307
9145,4252.453011
9146,3769.252602
9147,3660.516497
9148,4419.493607
9149,4125.723897
9150,3934.478623
9151,3655.809083
9152,3637.704624
9153,3707.142042
9154,4052.43723
9155,4261.245464
9156,4276.232015
9157,4722.515899
9158,5313.206297
9159,4631.953853
9160,5130.826835
9161,3773.863514
9162,4695.087945
9163,4603.362919
9164,3739.677309
9165,5113.831891
9166,4707.154436
9167,5249.68722
9168,4644.729807
9169,5188.179831
9170,6256.231113
9171,4545.009786
9172,5551.081454
9173,4676.986297
9174,3746.019713
9175,5067.168087
9176,6551.176039
9177,3769.69892
9178,5249.954307
9179,3958.43593
9180,6262.857673
9181,5210.266299
9182,6381.129764
9183,4616.339611
9184,4557.476534
9185,5614.994079
9186,4565.36357
9187,4673.96254
9188,5445.13653
9189,5161.98372
9190,5553.00437
9191,3743.980881
9192,4686.483797
9193,5360.975451
9194,4631.37169
9195,5742.817761
9196,3782.045651
9197,4679.992554
9198,8821.287753
9199,8537.604241
9200,10343.59705
9201,8288.543518
9202,9207.433284
9203,9490.17154
9204,8517.298019
9205,9120.710109
9206,9656.314795
9207,8382.691307
9208,9643.223938
9209,8922.945713
9210,9527.066958
9211,10116.61833
9212,9712.01874
9213,8710.5528
9214,9699.695567
9215,9397.07163
9216,9345.817386
9217,9809.534074
9218,8520.270798
9219,9134.99665
9220,8194.545398
9221,10140.22826
9222,8135.306237
9223,9487.807455
9224,9516.093068
9225,9204.315215
9226,9852.301177
9227,8135.297521
9228,8507.37007
9229,8980.430811
9230,8373.334582
9231,9649.728053
9232,9614.911102
9233,8280.339441
9234,8763.286677
9235,9001.259443
9236,9395.699692
9237,9184.131241
9238,10112.45432
9239,5017.534748
9240,4187.373745
9241,4441.378582
9242,4362.920574
9243,4117.899955
9244,5346.912137
9245,4236.817199
9246,4956.078499
9247,5085.861494
9248,5836.552839
9249,4101.52025
9250,4457.207141
9251,4224.27556
9252,4392.419668
9253,5245.906937
9254,5719.765044
9255,4425.15878
9256,4310.038231
9257,5705.676781
9258,3969.500891
9259,4520.577904
9260,4376.965894
9261,4453.391366
9262,4978.340254
9263,3991.649831
9264,5082.109507
9265,4468.518841
9266,4309.931879
9267,5584.144956
9268,5116.427977
9269,5390.62879
9270,5121.57251
9271,5255.931833
9272,4955.782344
9273,4456.315661
9274,5583.074731
9275,5153.009133
9276,4308.369367
9277,5956.424608
9278,4165.070602
9279,3995.470575
9280,7658.615369
9281,7551.990716
9282,7764.035567
9283,8831.842132
9284,8083.231544
9285,7303.539219
9286,8901.619417
9287,7618.246633
9288,7270.832224
9289,10491.20655
9290,7625.247092
9291,9919.000378
9292,9291.431237
9293,11491.66213
9294,10097.23271
9295,7491.249904
9296,11015.02233
9297,9065.182797
9298,9218.115539
9299,7321.359306
9300,7659.017168
9301,9269.419724
9302,9609.048093
9303,7669.41862
9304,10983.4628
9305,7629.146322
9306,7316.893726
9307,10016.40882
9308,7766.725335
9309,7935.659541
9310,7690.859628
9311,10059.39935
9312,7456.264956
9313,7360.093777
9314,7606.021243
9315,9601.096684
9316,8114.971884
9317,9205.714419
9318,8057.588047
9319,9473.375959
9320,11380.32192
9321,5541.602916
9322,5329.0072
9323,5419.033131
9324,5455.336628
9325,4762.066485
9326,6899.596832
9327,5236.883461
9328,7823.121374
9329,8779.23967
9330,5186.475128
9331,6752.521886
9332,6563.190144
9333,6462.387172
9334,6605.812945
9335,5371.376336
9336,6447.507498
9337,4651.824929
9338,5538.177623
9339,4935.401544
9340,7786.358995
9341,6360.555751
9342,6509.838363
9343,5437.273887
9344,5427.06001
9345,4692.654565
9346,5348.92063
9347,4711.244306
9348,7986.758938
9349,6818.571282
9350,5417.836708
9351,6812.592626
9352,6720.105807
9353,5373.850743
9354,6750.28417
9355,5418.882915
9356,6755.145338
9357,6786.117345
9358,4905.316303
9359,6436.93637
9360,4736.457108
9361,5583.148554
9362,6442.331148
9363,6435.43953
9364,6378.680725
9365,7655.826906
9366,6404.959346
9367,7594.255444
9368,6543.75337
9369,6444.823742
9370,6657.670288
9371,6361.096889
9372,6352.795396
9373,7611.416788
9374,8903.138556
9375,6571.460614
9376,7814.308333
9377,6408.294803
9378,7479.668364
9379,9231.364641
9380,7586.894769
9381,6281.62779
9382,6354.5788
9383,7800.254854
9384,7788.74612
9385,7458.897263
9386,7978.583645
9387,6510.596639
9388,6337.665128
9389,6325.574618
9390,9077.84227
9391,6411.482501
9392,8194.173834
9393,6605.27904
9394,7787.68116
9395,6501.170766
9396,6297.591689
9397,6411.004357
9398,9094.134123
9399,7451.371905
9400,7736.941698
9401,7755.716665
9402,6744.058931
9403,4461.846566
9404,4544.651753
9405,4298.748431
9406,4478.077357
9407,4071.823365
9408,4247.731365
9409,5340.463058
9410,4276.840223
9411,4207.188799
9412,4487.939146
9413,4489.500965
9414,5474.121271
9415,4109.289458
9416,4109.316214
9417,0
9418,0
9419,0
9420,0
9421,0
9422,0
9423,0
9424,0
9425,0
9426,0
9427,0
9428,0
9429,0
9430,0
9431,0
9432,0
9433,0
9434,0
9435,0
9436,0
9437,0
9438,0
9439,0
9440,0
9441,0
9442,0
9443,0
9444,0
9445,0
9446,0
9447,0
9448,0
9449,0
9450,0
9451,0
9452,0
9453,0
9454,0
9455,0
9456,0
9457,0
9458,0
9459,0
9460,0
9461,0
9462,0
9463,0
9464,0
9465,0
9466,0
9467,0
9468,0
9469,0
9470,0
9471,0
9472,0
9473,0
9474,0
9475,0
9476,0
9477,0
9478,0
9479,0
9480,0
9481,0
9482,0
9483,0
9484,0
9485,0
9486,0
9487,0
9488,0
9489,0
9490,0
9491,0
9492,0
9493,0
9494,0
9495,0
9496,0
9497,0
9498,0
9499,0
9500,0
9501,0
9502,0
9503,0
9504,0
9505,0
9506,0
9507,0
9508,4247.139321
9509,0
9510,0
9511,0
9512,0
9513,0
9514,0
9515,0
9516,0
9517,0
9518,0
9519,0
9520,0
9521,0
9522,0
9523,0
9524,0
9525,0
9526,0
9527,0
9528,0
9529,0
9530,0
9531,0
9532,0
9533,0
9534,0
9535,0
9536,0
9537,0
9538,0
9539,0
9540,0
9541,0
9542,0
9543,0
9544,0
9545,0
9546,0
9547,0
9548,0
9549,0
9550,0
9551,0
9552,0
9553,0
9554,0
9555,0
9556,0
9557,0
9558,0
9559,0
9560,0
9561,0
9562,0
9563,0
9564,0
9565,0
9566,0
9567,0
9568,0
9569,0
9570,0
9571,0
9572,0
9573,0
9574,0
9575,0
9576,4516.14649
9577,0
9578,0
9579,0
9580,0
9581,0
9582,0
9583,0
9584,0
9585,0
9586,0
9587,0
9588,0
9589,0
9590,0
9591,0
9592,0
9593,0
9594,0
9595,0
9596,0
9597,0
9598,0
9599,0
9600,0
9601,0
9602,0
9603,0
9604,0
9605,0
9606,0
9607,0
9608,0
9609,0
9610,0
9611,0
9612,0
9613,0
9614,0
9615,0
9616,0
9617,4322.14579
9618,5264.312599
9619,0
9620,0
9621,0
9622,0
9623,0
9624,0
9625,0
9626,4498.523419
9627,0
9628,0
9629,0
9630,0
9631,0
9632,0
9633,0
9634,0
9635,0
9636,0
9637,0
9638,0
9639,0
9640,0
9641,0
9642,0
9643,0
9644,0
9645,4480.845091
9646,0
9647,0
9648,0
9649,0
9650,0
9651,0
9652,0
9653,0
9654,0
9655,4205.451112
9656,0
9657,0
9658,0
9659,0
9660,0
9661,0
9662,0
9663,0
9664,0
9665,0
9666,0
9667,0
9668,0
9669,0
9670,0
9671,0
9672,0
9673,5342.226219
9674,0
9675,0
9676,0
9677,0
9678,0
9679,0
9680,0
9681,0
9682,0
9683,0
9684,0
9685,0
9686,0
9687,0
9688,0
9689,0
9690,4249.477809
9691,0
9692,0
9693,0
9694,0
9695,0
9696,0
9697,0
9698,0
9699,0
9700,0
9701,0
9702,0
9703,0
9704,0
9705,0
9706,0
9707,0
9708,0
9709,0
9710,0
9711,0
9712,0
9713,0
9714,0
9715,0
9716,0
9717,0
9718,0
9719,0
9720,0
9721,0
9722,0
9723,0
9724,0
9725,0
9726,0
9727,0
9728,0
9729,0
9730,0
9731,0
9732,0
9733,0
9734,0
9735,0
9736,0
9737,0
9738,0
9739,0
9740,0
9741,0
9742,0
9743,0
9744,0
9745,0
9746,0
9747,0
9748,0
9749,0
9750,0
9751,0
9752,4498.572949
9753,0
9754,0
9755,0
9756,0
9757,0
9758,0
9759,0
9760,0
9761,0
9762,0
9763,0
9764,0
9765,0
9766,4566.797502
9767,0
9768,0
9769,0
9770,0
9771,0
9772,0
9773,0
9774,0
9775,0
9776,0
9777,0
9778,0
9779,0
9780,0
9781,0
9782,0
9783,0
9784,0
9785,0
9786,0
9787,0
9788,0
9789,0
9790,0
9791,0
9792,0
9793,0
9794,0
9795,0
9796,0
9797,0
9798,0
9799,0
9800,0
9801,0
9802,0
9803,0
9804,0
9805,0
9806,0
9807,0
9808,0
9809,5438.662926
9810,0
9811,0
9812,0
9813,0
9814,0
9815,0
9816,0
9817,0
9818,0
9819,4487.933405
9820,0
9821,0
9822,0
9823,4208.571039
9824,0
9825,0
9826,0
9827,0
9828,0
9829,0
9830,0
9831,0
9832,0
9833,0
9834,0
9835,0
9836,0
9837,0
9838,0
9839,0
9840,0
9841,0
9842,0
9843,0
9844,0
9845,0
9846,0
9847,0
9848,0
9849,0
9850,4163.773456
9851,0
9852,0
9853,0
9854,0
9855,0
9856,0
9857,0
9858,0
9859,0
9860,0
9861,0
9862,0
9863,0
9864,4438.663575
9865,0
9866,0
9867,0
9868,0
9869,0
9870,0
9871,0
9872,0
9873,0
9874,0
9875,0
9876,0
9877,0
9878,0
9879,0
9880,0
9881,0
9882,0
9883,0
9884,0
9885,0
9886,0
9887,0
9888,0
9889,0
9890,0
9891,0
9892,0
9893,0
9894,0
9895,0
9896,0
9897,0
9898,0
9899,0
9900,0
9901,0
9902,0
9903,0
9904,0
9905,0
9906,0
9907,0
9908,0
9909,0
9910,0
9911,0
9912,0
9913,0
9914,0
9915,0
9916,0
9917,0
9918,0
9919,0
9920,0
9921,0
9922,0
9923,0
9924,0
9925,0
9926,0
9927,0
9928,0
9929,0
9930,0
9931,0
9932,0
9933,0
9934,0
9935,0
9936,0
9937,0
9938,0
9939,5367.603405
9940,0
9941,0
9942,0
9943,0
9944,0
9945,0
9946,0
9947,0
9948,0
9949,0
9950,0
9951,0
9952,0
9953,0
9954,0
9955,0
9956,0
9957,0
9958,0
9959,0
9960,0
9961,0
9962,0
9963,0
9964,0
9965,0
9966,0
9967,0
9968,0
9969,0
9970,0
9971,0
9972,0
9973,0
9974,0
9975,0
9976,0
9977,0
9978,0
9979,0
9980,0
9981,0
9982,0
9983,4441.15111
9984,4429.258826
9985,0
9986,0
9987,0
9988,0
9989,0
9990,0
9991,0
9992,0
9993,0
9994,0
9995,0
9996,0
9997,0
9998,0
9999,0
10000,0
10001,0
10002,0
10003,0
10004,0
10005,0
10006,0
10007,0
10008,0
10009,0
10010,0
10011,0
10012,4258.638488
10013,0
10014,0
10015,0
10016,0
10017,0
10018,0
10019,0
10020,0
10021,0
10022,0
10023,0
10024,0
10025,0
10026,0
10027,0
10028,0
10029,0
10030,0
10031,0
10032,0
10033,0
10034,0
10035,0
10036,0
10037,0
10038,0
10039,0
10040,0
10041,0
10042,0
10043,0
10044,0
10045,0
10046,0
10047,0
10048,0
10049,0
10050,0
10051,0
10052,0
10053,0
10054,0
10055,0
10056,0
10057,0
10058,0
10059,0
10060,0
10061,0
10062,0
10063,0
10064,0
10065,0
10066,0
10067,0
10068,0
10069,0
10070,0
10071,0
10072,0
10073,0
10074,0
10075,0
10076,0
10077,0
10078,0
10079,0
10080,0
10081,0
10082,4332.712714
10083,0
10084,0
10085,0
10086,4545.167313
10087,0
10088,0
10089,0
10090,0
10091,0
10092,0
10093,0
10094,0
10095,0
10096,0
10097,0
10098,0
10099,0
10100,0
10101,0
10102,0
10103,0
10104,0
10105,0
10106,0
10107,0
10108,0
10109,0
10110,0
10111,0
10112,0
10113,0
10114,0
10115,0
10116,0
10117,0
10118,0
10119,0
10120,0
10121,0
10122,0
10123,0
10124,0
10125,0
10126,0
10127,0
10128,0
10129,0
10130,0
10131,0
10132,0
10133,0
10134,0
10135,0
10136,0
10137,4161.598925
10138,0
10139,0
10140,0
10141,0
10142,0
10143,0
10144,0
10145,0
10146,0
10147,0
10148,0
10149,0
10150,0
10151,0
10152,4571.412294
10153,0
10154,0
10155,0
10156,0
10157,0
10158,0
10159,0
10160,0
10161,0
10162,0
10163,0
10164,0
10165,0
10166,0
10167,0
10168,0
10169,0
10170,0
10171,0
10172,0
10173,0
10174,0
10175,0
10176,0
10177,0
10178,0
10179,0
10180,0
10181,0
10182,0
10183,0
10184,0
10185,0
10186,0
10187,0
10188,0
10189,0
10190,0
10191,0
10192,0
10193,0
10194,0
10195,0
10196,0
10197,0
10198,0
10199,0
10200,0
10201,0
10202,0
10203,0
10204,0
10205,0
10206,0
10207,0
10208,0
10209,0
10210,0
10211,0
10212,0
10213,0
10214,0
10215,0
10216,4549.068584
10217,0
10218,0
10219,0
10220,0
10221,0
10222,0
10223,0
10224,0
10225,0
10226,0
10227,0
10228,0
10229,0
10230,0
10231,0
10232,0
10233,0
10234,0
10235,0
10236,0
10237,0
10238,0
10239,0
10240,0
10241,0
10242,0
10243,0
10244,0
10245,0
10246,0
10247,0
10248,0
10249,0
10250,0
10251,0
10252,0
10253,0
10254,0
10255,0
10256,0
10257,4453.474589
10258,4642.825786
10259,0
10260,0
10261,0
10262,0
10263,0
10264,0
10265,0
10266,0
10267,0
10268,0
10269,0
10270,0
10271,0
10272,0
10273,4349.64796
10274,5411.793551
10275,8773.374922
10276,6570.797057
10277,6773.638685
10278,6495.348716
10279,7078.267327
10280,7482.25478
10281,7332.00172
10282,7616.603249
10283,7008.713975
10284,8494.090925
10285,6901.591526
10286,7667.239347
10287,7674.253405
10288,6382.966351
10289,6393.235087
10290,6760.794152
10291,7587.225159
10292,6410.797333
10293,6393.036117
10294,6564.526785
10295,7307.940998
10296,6384.140574
10297,7153.052476
10298,6458.055137
10299,7417.49993
10300,7605.807503
10301,6443.445266
10302,7761.900499
10303,8584.564301
10304,7055.355032
10305,7448.15003
10306,7058.534543
10307,7617.497252
10308,8419.701127
10309,7643.615233
10310,7047.075582
10311,7533.05921
10312,6649.809649
10313,7076.932923
10314,6422.201797
10315,6868.879543
10316,5702.351839
10317,5909.826358
10318,5583.33993
10319,6214.030929
10320,7467.783752
10321,5662.352169
10322,6368.113009
10323,5674.88612
10324,5622.0324
10325,5916.250018
10326,5649.447339
10327,7000.102554
10328,5537.176852
10329,6084.907559
10330,7086.56048
10331,6825.510661
10332,7508.566895
10333,5538.9108
10334,5613.932184
10335,5895.075381
10336,6706.592903
10337,5611.871049
10338,6986.977355
10339,6752.017847
10340,5609.018202
10341,5616.533854
10342,7382.702227
10343,5535.572077
10344,5641.976881
10345,6628.244531
10346,6999.607798
10347,6833.44029
10348,7525.908822
10349,5700.618844
10350,6949.964127
10351,7051.308204
10352,7124.776386
10353,5578.397547
10354,5785.538375
10355,7193.373851
10356,6991.610787
10357,6022.785773
10358,6323.816494
10359,7416.864864
10360,6045.5677
10361,6762.51159
10362,7280.396242
10363,6666.518576
10364,7041.953173
10365,8724.701947
10366,6832.88591
10367,8204.962408
10368,8014.31138
10369,6629.099188
10370,8307.509075
10371,6865.162306
10372,7639.345063
10373,6664.073743
10374,7335.134271
10375,7423.853394
10376,8277.772877
10377,7369.436026
10378,6972.120434
10379,6802.593363
10380,6642.685802
10381,6559.512474
10382,7700.488564
10383,6671.176397
10384,8720.759248
10385,6623.615706
10386,6936.238578
10387,7555.863592
10388,5993.986717
10389,7215.627636
10390,7230.345493
10391,7421.668749
10392,6069.017466
10393,6258.023073
10394,7209.299067
10395,5965.042805
10396,11933.60046
10397,9454.758803
10398,9011.810491
10399,12978.66567
10400,9497.82446
10401,9412.613676
10402,7903.047154
10403,7806.277199
10404,9721.029905
10405,8898.744795
10406,8916.703439
10407,9305.774006
10408,8096.263359
10409,8200.065782
10410,9395.583005
10411,7822.348097
10412,8971.493627
10413,9755.984498
10414,9321.826731
10415,7933.559054
10416,11970.0903
10417,7860.72728
10418,7885.845874
10419,8285.507997
10420,8147.325636
10421,8007.667245
10422,7862.838287
10423,9410.573441
10424,9568.006198
10425,9532.44024
10426,9982.413508
10427,9542.914478
10428,9213.310777
10429,8263.806971
10430,8086.789325
10431,9346.201257
10432,9031.474763
10433,8917.361664
10434,9786.059312
10435,11854.82228
10436,8511.800219
10437,7000.803365
10438,7025.657708
10439,5648.783038
10440,6308.414978
10441,5536.436685
10442,6267.920452
10443,5900.341868
10444,5998.802377
10445,5960.445772
10446,6551.785059
10447,6465.436833
10448,6242.665943
10449,6527.867597
10450,6432.381193
10451,6552.667347
10452,6939.763535
10453,6002.811299
10454,6597.074728
10455,5532.181353
10456,5605.048212
10457,5506.88419
10458,5937.95267
10459,6161.78044
10460,6018.717678
10461,6495.812845
10462,5975.268286
10463,5619.975824
10464,5971.052359
10465,6704.002269
10466,6301.949168
10467,5959.274085
10468,6361.001324
10469,5829.183089
10470,5601.581316
10471,7040.260789
10472,5810.974623
10473,6693.588214
10474,6496.034848
10475,5626.71074
10476,5723.419103
10477,6351.16572
10478,5423.732872
10479,6612.820542
10480,5969.53774
10481,6901.283713
10482,5906.18652
10483,5231.943274
10484,6009.120532
10485,5767.746496
10486,5880.577037
10487,5784.806769
10488,6003.849396
10489,5221.424605
10490,5238.516113
10491,5804.628923
10492,6110.036401
10493,5262.210577
10494,6287.219161
10495,6139.457757
10496,6639.351004
10497,5261.27199
10498,5753.372232
10499,5310.452062
10500,5703.607011
10501,6218.312475
10502,6058.133782
10503,5429.787843
10504,6198.473476
10505,5379.487268
10506,6511.284192
10507,6052.297816
10508,5352.730252
10509,5964.68353
10510,5973.926935
10511,5774.278216
10512,5349.986218
10513,5787.817545
10514,6080.459175
10515,5993.273863
10516,5342.2874
10517,5913.539354
10518,5787.322394
10519,7656.495142
10520,6639.195494
10521,8303.739906
10522,8150.86476
10523,6711.075432
10524,7398.971373
10525,7320.163849
10526,7812.366934
10527,8273.275609
10528,6865.635953
10529,6636.822134
10530,6625.365511
10531,6730.757703
10532,7730.855214
10533,6860.075825
10534,7782.829715
10535,7625.190075
10536,7629.073305
10537,8152.440337
10538,6771.218967
10539,6666.101787
10540,7295.893875
10541,7336.417581
10542,7667.599281
10543,7261.301547
10544,7576.061857
10545,7452.705575
10546,6908.016556
10547,7414.876208
10548,6898.530501
10549,7719.047616
10550,6759.72752
10551,6739.421922
10552,7229.885498
10553,6907.389106
10554,7727.591256
10555,7207.333589
10556,7838.359996
10557,6962.770293
10558,7608.351542
10559,6746.472933
10560,4655.670706
10561,5570.882853
10562,5612.531717
10563,5509.847302
10564,4853.240273
10565,5414.024069
10566,4705.198654
10567,6869.226521
10568,6710.801819
10569,5797.081894
10570,4904.518103
10571,4768.330142
10572,5840.039968
10573,5407.591668
10574,4960.725993
10575,6194.959271
10576,5831.177075
10577,5799.400237
10578,4870.040535
10579,6146.529998
10580,4884.631485
10581,4664.313663
10582,5792.005501
10583,4900.065533
10584,5550.816337
10585,5694.874111
10586,4766.780015
10587,6148.01564
10588,4683.810723
10589,5558.703273
10590,4875.594895
10591,5685.623163
10592,6747.365781
10593,6167.596156
10594,4800.342754
10595,5394.341301
10596,5786.379329
10597,4758.1318
10598,5705.02528
10599,5249.806706
10600,6017.653845
10601,4930.323946
10602,5683.446652
10603,5482.974552
10604,5297.494955
10605,5393.684805
10606,5389.31715
10607,4830.476301
10608,4663.12325
10609,5519.841542
10610,4694.736772
10611,4958.871317
10612,4819.744808
10613,5430.640844
10614,5899.237988
10615,5529.240001
10616,5464.700957
10617,4822.91502
10618,4717.825284
10619,5657.794197
10620,4877.744141
10621,4970.233901
10622,5413.3101
10623,5191.997044
10624,4841.66143
10625,4840.868503
10626,5344.91358
10627,5537.951887
10628,5426.474969
10629,5718.204991
10630,5811.871982
10631,4809.833921
10632,5319.259724
10633,5346.402615
10634,5486.310226
10635,4957.425698
10636,5381.545472
10637,5829.870251
10638,4886.26572
10639,5198.148963
10640,8390.122156
10641,8502.834193
10642,8798.022778
10643,9011.955428
10644,8068.120304
10645,9034.44292
10646,9055.824274
10647,8084.348323
10648,8300.653333
10649,7543.471084
10650,8307.018728
10651,7625.388175
10652,7471.885624
10653,9157.937881
10654,8434.102354
10655,7584.822773
10656,8351.370447
10657,7659.651697
10658,8458.158762
10659,7432.051832
10660,8692.078431
10661,8790.695199
10662,7574.800033
10663,8458.606697
10664,7558.504427
10665,8316.613477
10666,7502.743223
10667,8630.829434
10668,8730.901997
10669,7714.696088
10670,7595.140402
10671,8352.439572
10672,8419.928946
10673,8246.903508
10674,7402.130444
10675,8317.766661
10676,7538.108795
10677,8390.237334
10678,7703.465306
10679,7678.98871
10680,6266.154802
10681,4811.431019
10682,6296.711273
10683,5662.005663
10684,4862.710805
10685,5163.714387
10686,4888.770461
10687,6933.93257
10688,5744.67341
10689,6145.667329
10690,5447.31623
10691,5224.721543
10692,6947.329619
10693,6991.593354
10694,6226.97555
10695,4857.894427
10696,5039.177198
10697,5677.711835
10698,4870.217673
10699,6377.124513
10700,5049.859342
10701,5088.242803
10702,5112.814857
10703,5094.483465
10704,6246.786433
10705,5371.726498
10706,5067.507203
10707,5050.829203
10708,6212.952137
10709,6443.868939
10710,5071.44769
10711,6372.514554
10712,5068.753841
10713,6325.970878
10714,4858.599725
10715,6230.493087
10716,5137.182533
10717,6368.663543
10718,5079.139673
10719,6891.382452
10720,6162.502389
10721,5506.310171
10722,5391.875342
10723,6037.625376
10724,7592.649368
10725,7521.467602
10726,5953.070377
10727,7388.483828
10728,5763.16509
10729,5505.735434
10730,5580.99637
10731,6198.193727
10732,5544.679371
10733,6331.511154
10734,6418.928453
10735,6478.049553
10736,6137.028165
10737,5531.651949
10738,5725.631261
10739,6179.960931
10740,5885.248738
10741,6368.08749
10742,5440.750236
10743,6523.485242
10744,5732.061888
10745,5400.678475
10746,6348.223549
10747,6348.627179
10748,7659.167074
10749,6428.836588
10750,5516.138486
10751,5778.712313
10752,6338.698391
10753,6109.674157
10754,6236.987783
10755,5800.737469
10756,6265.481595
10757,5735.632837
10758,6289.512008
10759,6107.036462
10760,5901.710868
10761,8578.483202
10762,6369.855678
10763,6280.157453
10764,6457.622307
10765,7226.630056
10766,6343.053406
10767,6341.346128
10768,7107.854216
10769,5332.057344
10770,9278.618174
10771,5402.718395
10772,6278.892481
10773,5472.147208
10774,6399.618319
10775,5585.658411
10776,7256.712063
10777,6350.334634
10778,7812.165198
10779,6563.132805
10780,6295.076664
10781,6529.537022
10782,7195.528326
10783,8787.315112
10784,6454.899023
10785,7104.883227
10786,7490.61284
10787,5830.516918
10788,8245.587325
10789,7975.207043
10790,8633.237365
10791,7474.772636
10792,5506.01034
10793,5378.940077
10794,7799.645693
10795,7677.576034
10796,7288.434929
10797,7530.632343
10798,6658.383912
10799,6450.175357
10800,7071.815187
10801,6580.837037
10802,5299.33794
10803,5414.622714
10804,5330.523416
10805,5328.131564
10806,4630.924927
10807,4634.585296
10808,6993.688101
10809,5594.089817
10810,6734.143649
10811,5672.337744
10812,5963.874574
10813,6096.710313
10814,5305.327559
10815,6694.420578
10816,4727.219857
10817,6043.426829
10818,5314.596616
10819,5927.26335
10820,5691.640243
10821,6333.223632
10822,4686.218953
10823,6848.903471
10824,4581.968886
10825,5871.849285
10826,5326.745365
10827,6110.653158
10828,4806.260047
10829,4637.249304
10830,6948.79475
10831,7059.438323
10832,5655.574616
10833,5542.353581
10834,6129.135764
10835,6929.366586
10836,5819.825418
10837,6581.96054
10838,6181.484835
10839,6076.493128
10840,5939.118725
10841,5338.877381
10842,5479.516174
10843,5113.106346
10844,5156.514055
10845,5016.35041
10846,5019.167348
10847,5128.832777
10848,5246.05128
10849,5020.293596
10850,5976.149448
10851,5464.861687
10852,5106.453269
10853,5775.895602
10854,5974.676509
10855,5025.585286
10856,5183.202419
10857,5338.187268
10858,5066.167615
10859,6440.069877
10860,5225.910771
10861,5026.748648
10862,6031.352694
10863,5762.534569
10864,5085.978285
10865,5268.101822
10866,5348.075865
10867,6334.375131
10868,5167.413736
10869,5744.391843
10870,5426.452136
10871,5386.306933
10872,5062.914157
10873,6046.726791
10874,6082.637651
10875,6417.415638
10876,5685.786801
10877,6491.111565
10878,5761.399554
10879,6041.479933
10880,6126.952452
10881,5772.107731
10882,5773.105676
10883,5013.6545
10884,6386.703583
10885,5746.424412
10886,6501.408684
10887,7554.79008
10888,6431.046433
10889,8145.40232
10890,6326.36345
10891,6454.301769
10892,6489.804867
10893,6511.952299
10894,5749.208158
10895,6349.918193
10896,6483.265252
10897,7197.591026
10898,6464.495179
10899,8148.403972
10900,5757.077659
10901,5772.442304
10902,7948.263625
10903,6464.116101
10904,6359.476142
10905,6435.971396
10906,7049.058283
10907,8128.044098
10908,7727.68329
10909,7554.919387
10910,6590.389059
10911,7750.743638
10912,7091.711955
10913,7417.704341
10914,6895.107668
10915,5705.851592
10916,7268.673578
10917,7122.320554
10918,7774.16904
10919,5710.398063
10920,5791.928583
10921,7358.927992
10922,6982.534151
10923,7042.081126
10924,6374.935783
10925,7181.148258
10926,6160.868552
10927,5818.185337
10928,7119.411451
10929,7612.724095
10930,8549.023556
10931,6396.821577
10932,6194.410919
10933,6067.376484
10934,6100.486985
10935,6117.896711
10936,6138.988816
10937,7533.833597
10938,7104.79219
10939,6232.099276
10940,5729.630428
10941,6311.692866
10942,6078.465089
10943,6211.830351
10944,6073.067294
10945,5896.889938
10946,8577.064483
10947,6426.818066
10948,6178.612368
10949,6267.04387
10950,7766.027888
10951,5723.727016
10952,7267.599211
10953,5694.299463
10954,7102.419263
10955,7367.708399
10956,7178.551092
10957,7179.35841
10958,5722.602071
10959,8375.265812
10960,7270.5751
10961,7010.044564
10962,7074.497255
10963,6132.114168
10964,7451.367718
10965,8428.713588
10966,9017.850834
10967,9495.185025
10968,8489.406014
10969,8917.973694
10970,8286.509216
10971,8671.791529
10972,9338.017342
10973,8353.24734
10974,9191.596127
10975,7821.649449
10976,8238.776909
10977,9005.90638
10978,8220.390013
10979,8345.810039
10980,8151.146636
10981,9736.683167
10982,9045.97677
10983,8334.59283
10984,7922.223348
10985,8763.790414
10986,7809.192206
10987,7730.341894
10988,7811.462915
10989,7823.780479
10990,8974.860832
10991,7810.179162
10992,9629.885838
10993,8230.574111
10994,8148.56307
10995,7766.820476
10996,9217.286577
10997,8229.246531
10998,9298.717109
10999,9643.115162
11000,9664.647048
11001,8027.918756
11002,9849.370537
11003,8672.071612
11004,9754.853616
11005,7669.986193
11006,7821.371636
11007,7502.528993
11008,7391.769012
11009,7393.388144
11010,5333.708796
11011,7432.51299
11012,7290.992
11013,6235.582476
11014,7382.071474
11015,5390.013259
11016,7374.47408
11017,7316.57868
11018,6965.020315
11019,5080.711921
11020,8231.739504
11021,5028.576314
11022,7484.133141
11023,6266.667207
11024,7330.226627
11025,6350.974933
11026,9068.409984
11027,7291.32361
11028,6923.171221
11029,5459.371001
11030,6694.588906
11031,8058.823412
11032,6290.00887
11033,6648.183229
11034,8467.47658
11035,7785.108607
11036,7853.644572
11037,7343.597122
11038,6837.709703
11039,7222.151356
11040,7969.236656
11041,7327.065705
11042,6953.590577
11043,7330.239922
11044,6817.836876
11045,5361.915161
11046,6967.729331
11047,6597.135857
11048,7391.224649
11049,5356.271774
11050,6562.658351
11051,7404.158479
11052,8286.512813
11053,7326.652055
11054,7499.020427
11055,7450.048678
11056,7499.175335
11057,7822.292971
11058,7263.013926
11059,7804.421725
11060,6555.88048
11061,6608.498045
11062,6910.334149
11063,7447.343379
11064,7686.833323
11065,6888.342867
11066,7907.397113
11067,7251.290594
11068,6641.63285
11069,6721.593583
11070,7520.420062
11071,7494.128772
11072,7538.48161
11073,7513.461242
11074,7471.534348
11075,7916.708371
11076,6740.616018
11077,7761.192717
11078,8089.907779
11079,7376.624951
11080,6549.151629
11081,6727.641942
11082,7691.29439
11083,7166.646502
11084,7511.31881
11085,6769.058736
11086,7588.539718
11087,6755.027541
11088,6688.098776
11089,6687.026196
11090,7189.126073
11091,7235.133158
11092,6639.053345
11093,8918.795564
11094,6673.148
11095,5975.779823
11096,4815.757495
11097,5380.870962
11098,4986.659097
11099,5198.65359
11100,5463.196338
11101,5864.001346
11102,6124.28974
11103,5739.794364
11104,5179.323041
11105,5778.503594
11106,5112.18956
11107,5202.525904
11108,5808.532809
11109,5067.46541
11110,5219.934976
11111,5863.16917
11112,5219.182497
11113,5079.820222
11114,6279.59909
11115,6018.980612
11116,5796.268838
11117,5715.192618
11118,5813.215665
11119,6238.889366
11120,4802.579036
11121,4998.606543
11122,4808.093216
11123,5096.327746
11124,5709.607013
11125,5864.336094
11126,4782.193582
11127,5359.251786
11128,4906.722991
11129,5112.309843
11130,5758.993569
11131,6363.202948
11132,5380.899267
11133,5783.881132
11134,6136.145647
11135,5208.228725
11136,3937.40075
11137,3993.087747
11138,3365.745295
11139,4011.773083
11140,3869.309184
11141,3536.774547
11142,3964.964355
11143,3473.52885
11144,3929.578145
11145,3897.799309
11146,3954.667074
11147,3391.907272
11148,4013.79283
11149,4037.716762
11150,3543.433448
11151,4117.417475
11152,3614.430861
11153,4016.112584
11154,4566.153075
11155,4101.368391
11156,3960.367963
11157,3407.520749
11158,3309.817883
11159,3305.632925
11160,4234.038458
11161,4015.793399
11162,3389.601699
11163,3846.830093
11164,4470.531738
11165,3945.220274
11166,3440.159118
11167,3339.277558
11168,4456.324749
11169,4041.39441
11170,4001.330883
11171,3997.391601
11172,3854.458507
11173,3485.533464
11174,3504.660678
11175,3815.760484
11176,3359.287923
11177,5221.926207
11178,7328.920776
11179,5637.369021
11180,6694.508069
11181,6328.479177
11182,6256.391168
11183,5642.894414
11184,6822.157248
11185,6228.415336
11186,5836.407644
11187,5391.621291
11188,6559.954418
11189,7242.33262
11190,6365.095239
11191,6624.496331
11192,5594.969982
11193,6386.62595
11194,6844.69653
11195,5182.887631
11196,7269.077994
11197,5545.749977
11198,5248.726805
11199,6482.581346
11200,6163.532948
11201,5306.018561
11202,5600.284627
11203,6374.79544
11204,5084.638801
11205,6704.720111
11206,5351.100874
11207,6261.008635
11208,5541.649768
11209,5461.234795
11210,6063.373724
11211,5553.889239
11212,7140.594266
11213,5645.180616
11214,5433.603217
11215,5367.71051
11216,5576.724617
11217,5600.381973
11218,7334.117124
11219,6582.723836
11220,7690.100874
11221,6844.882829
11222,7077.424441
11223,7036.552291
11224,6355.290126
11225,7840.083262
11226,6068.885193
11227,6460.015867
11228,7466.987146
11229,7391.752575
11230,7186.487279
11231,6654.480578
11232,6274.586441
11233,7497.198975
11234,7765.760051
11235,6313.738255
11236,7001.826418
11237,6344.885818
11238,6089.177291
11239,7307.143348
11240,7768.749818
11241,6119.90146
11242,6328.417618
11243,8127.564182
11244,6337.291181
11245,6296.513643
11246,6445.279755
11247,6170.959912
11248,6690.049331
11249,5998.259883
11250,6416.362577
11251,6188.982627
11252,6544.879861
11253,8291.777091
11254,7952.853731
11255,8515.109346
11256,7356.377691
11257,7036.677451
11258,6825.796423
11259,6160.133703
11260,6075.679344
11261,4938.337086
11262,5810.200738
11263,5342.861264
11264,7091.946186
11265,4982.519756
11266,5021.830765
11267,6221.768763
11268,6042.098887
11269,5889.184428
11270,4990.095186
11271,5690.677186
11272,5775.651302
11273,6463.983873
11274,6158.65552
11275,5872.014996
11276,6451.298637
11277,5075.275707
11278,5062.958306
11279,5096.305469
11280,6206.755341
11281,5001.012512
11282,5743.06157
11283,4876.373818
11284,5899.622555
11285,4975.830308
11286,5786.369472
11287,5725.171829
11288,6828.981032
11289,5734.852994
11290,5805.570178
11291,5049.376817
11292,6840.302642
11293,5752.010154
11294,5016.688832
11295,5033.250007
11296,6094.158473
11297,5152.016477
11298,5777.170323
11299,6892.286506
11300,4301.808915
11301,4373.71873
11302,5244.943176
11303,4360.443107
11304,4463.767207
11305,3674.192836
11306,4714.873387
11307,4698.990061
11308,4677.119296
11309,4875.218445
11310,4915.23632
11311,4734.329004
11312,4264.31711
11313,4301.160406
11314,4524.908924
11315,4307.046891
11316,3641.855042
11317,5228.186305
11318,4328.274773
11319,4315.144628
11320,4787.320897
11321,3668.784393
11322,4764.220838
11323,4669.925239
11324,3766.411084
11325,4486.266442
11326,4295.131091
11327,4767.043609
11328,5290.308439
11329,4513.342084
11330,3695.052545
11331,4281.840839
11332,4365.341335
11333,4861.477406
11334,4725.572344
11335,3660.778803
11336,4320.011759
11337,4784.835492
11338,5223.516725
11339,4529.929899
11340,7962.631296
11341,8175.447885
11342,8261.892923
11343,9282.973969
11344,9451.534986
11345,8858.10166
11346,8225.759504
11347,9333.679972
11348,7948.315657
11349,7807.285388
11350,7917.737487
11351,10504.78501
11352,7965.638715
11353,9175.928155
11354,9256.658066
11355,7863.360566
11356,7947.133354
11357,8964.144031
11358,7792.661615
11359,7841.00281
11360,9846.258144
11361,8043.416109
11362,7992.559666
11363,10807.12391
11364,10004.42939
11365,10495.49279
11366,8960.408699
11367,7989.309016
11368,8050.346229
11369,7971.427057
11370,8389.187419
11371,11341.95657
11372,7836.759475
11373,7927.008095
11374,9876.953053
11375,7875.877937
11376,9111.016986
11377,9834.822231
11378,7987.994378
11379,9949.403605
11380,9506.078434
11381,8459.280468
11382,5830.508137
11383,6131.443012
11384,7612.529966
11385,7082.912589
11386,7202.242019
11387,7201.200631
11388,5923.912965
11389,7197.161793
11390,5956.456036
11391,7054.439808
11392,5807.615532
11393,6009.5006
11394,7106.301492
11395,5959.500432
11396,6022.714633
11397,7793.722832
11398,5940.154473
11399,6009.922832
11400,5893.199693
11401,7232.756456
11402,8814.398814
11403,5875.105011
11404,5999.452852
11405,5999.255302
11406,5975.325459
11407,8387.135776
11408,6019.553683
11409,6033.193321
11410,5899.034853
11411,7116.988577
11412,7568.249617
11413,7475.01831
11414,6005.396471
11415,6908.269161
11416,5810.886133
11417,6026.969889
11418,7425.897238
11419,8375.034513
11420,7742.304796
11421,5796.803306
11422,9437.536345
11423,9458.934062
11424,8172.388188
11425,5499.29184
11426,8038.868943
11427,5601.579617
11428,9564.61592
11429,9314.784397
11430,8316.475208
11431,5512.446421
11432,7841.050485
11433,9388.473472
11434,9612.769924
11435,8163.836425
11436,11028.84433
11437,8142.080729
11438,9502.671379
11439,8414.14553
11440,8255.504913
11441,7956.23388
11442,8135.068459
11443,10798.31433
11444,8601.784044
11445,9357.510563
11446,8229.152417
11447,10630.02149
11448,9633.304301
11449,8190.101133
11450,9693.126095
11451,8239.463098
11452,9384.538115
11453,11008.41071
11454,5614.787935
11455,5545.623925
11456,9430.908361
11457,9219.876953
11458,5561.088565
11459,5578.677124
11460,8475.172219
11461,9372.729101
11462,8051.140634
11463,8543.704577
11464,8869.564911
11465,8059.409286
11466,8229.91084
11467,9108.849361
11468,8140.643151
11469,8047.439806
11470,6079.887332
11471,6910.404348
11472,6688.957323
11473,5944.53443
11474,6263.180991
11475,6114.288455
11476,6163.12112
11477,7020.173349
11478,7566.534667
11479,6121.765221
11480,6732.446989
11481,6425.7967
11482,6818.045258
11483,5957.907896
11484,6785.487953
11485,7720.316984
11486,6325.124172
11487,7118.301313
11488,5881.732842
11489,6008.017547
11490,7515.120136
11491,7354.050714
11492,6298.264415
11493,6488.783791
11494,5904.151021
11495,6685.573945
11496,7009.712467
11497,6116.528587
11498,7483.398495
11499,5965.068129
11500,5911.067219
11501,7304.214838
11502,7270.47446
11503,5864.727828
11504,6519.273046
11505,6067.03512
11506,7735.27815
11507,6230.374588
11508,5994.663697
11509,6294.338396
11510,6188.800679
11511,5569.208485
11512,5118.657231
11513,4902.892977
11514,4821.889711
11515,5541.911426
11516,4790.106475
11517,6827.020382
11518,5938.824411
11519,4991.229556
11520,5551.319138
11521,5584.130102
11522,4819.567473
11523,4963.316921
11524,4886.398477
11525,4900.6671
11526,6870.789792
11527,5767.265311
11528,5903.021266
11529,4890.696099
11530,5639.461305
11531,4908.73521
11532,6912.008522
11533,5952.426437
11534,5546.292734
11535,5888.730032
11536,5979.771086
11537,4914.403935
11538,4744.24412
11539,6826.603155
11540,4831.738616
11541,4808.265481
11542,4810.619418
11543,5627.962884
11544,4676.370413
11545,4925.936873
11546,4993.622951
11547,5660.516908
11548,4642.719681
11549,6041.667184
11550,4760.881028
11551,4839.923747
11552,5158.128061
11553,4611.208998
11554,4267.387963
11555,4138.313656
11556,4091.273913
11557,4193.206557
11558,5434.699692
11559,4576.009369
11560,5409.029031
11561,5245.602944
11562,4606.88115
11563,6187.526731
11564,4623.076077
11565,5246.48853
11566,4595.304694
11567,5588.495643
11568,5510.069214
11569,4575.165976
11570,4396.439556
11571,4639.314247
11572,4269.88366
11573,5231.694779
11574,5460.188996
11575,6319.998408
11576,4561.964506
11577,4783.683252
11578,4780.182338
11579,4090.62244
11580,4605.777522
11581,5219.809744
11582,4591.640249
11583,5327.323515
11584,5299.329055
11585,5368.349984
11586,4728.654998
11587,6169.256741
11588,6305.506238
11589,4484.623937
11590,5539.535629
11591,5255.63272
11592,4536.851104
11593,4547.615639
11594,4581.130665
11595,3432.607394
11596,4178.42007
11597,4266.848458
11598,5238.234872
11599,4103.534096
11600,4249.10132
11601,4931.657701
11602,4962.64421
11603,4525.089793
11604,4494.726648
11605,4503.494468
11606,4604.532406
11607,3347.453681
11608,4374.502367
11609,4165.489336
11610,4231.551385
11611,4203.668263
11612,4615.162859
11613,3495.248473
11614,4256.723755
11615,4603.235646
11616,4619.36559
11617,3553.852407
11618,3390.420931
11619,4516.065303
11620,4159.598506
11621,4623.95515
11622,4865.562225
11623,4596.779723
11624,3380.307613
11625,3411.632943
11626,4556.09372
11627,4188.932727
11628,4208.001916
11629,4512.987522
11630,4497.850854
11631,4994.259955
11632,5209.884765
11633,4248.726051
11634,10441.28082
11635,12186.64026
11636,8638.104461
11637,10003.60886
11638,9037.721976
11639,11053.23365
11640,9156.230393
11641,10498.66672
11642,9884.185855
11643,9904.035826
11644,9958.467745
11645,8673.966613
11646,12091.60821
11647,8919.870401
11648,12122.49471
11649,9993.76669
11650,8670.533894
11651,8879.951181
11652,8686.558528
11653,10773.16602
11654,8885.457858
11655,8792.618753
11656,8542.373451
11657,10587.66049
11658,10121.6785
11659,8884.84917
11660,12450.8558
11661,9000.581188
11662,8661.670257
11663,9893.621
11664,9813.849211
11665,8922.272659
11666,8899.573569
11667,9752.63425
11668,8833.27837
11669,8734.492096
11670,10459.46666
11671,8711.67246
11672,9359.350414
11673,8532.848512
11674,8961.092259
11675,5558.228007
11676,4916.651417
11677,5767.532594
11678,4969.684391
11679,6077.954064
11680,6524.103388
11681,6117.368949
11682,5408.190395
11683,5046.706323
11684,5888.329505
11685,6083.979088
11686,4901.978179
11687,5695.969688
11688,5169.276807
11689,6039.978508
11690,4921.242955
11691,5478.310135
11692,5545.968727
11693,4976.155958
11694,5532.96364
11695,5798.062539
11696,4902.535193
11697,5956.971266
11698,5047.677461
11699,5077.237425
11700,4887.367926
11701,5724.460902
11702,4970.429983
11703,5790.114631
11704,5803.88138
11705,6090.106295
11706,6070.469813
11707,4925.533667
11708,5835.566514
11709,5694.369774
11710,4977.11566
11711,5609.068854
11712,5392.794742
11713,4908.718904
11714,5552.801212
11715,6655.955822
11716,8076.113073
11717,8738.99177
11718,7407.141327
11719,8929.199649
11720,7485.473941
11721,7496.308095
11722,6663.899773
11723,7750.49448
11724,6721.546513
11725,7154.775749
11726,7930.591219
11727,7181.461897
11728,7118.847826
11729,7859.574645
11730,7222.955988
11731,7513.039442
11732,8582.865168
11733,7974.81827
11734,8142.274466
11735,6708.482925
11736,8732.076922
11737,8069.180362
11738,6654.894644
11739,8157.232607
11740,7993.300135
11741,7127.354718
11742,7704.344463
11743,8788.788755
11744,7894.278209
11745,8180.343864
11746,8130.40198
11747,7972.375837
11748,7197.551366
11749,6958.560462
11750,7447.792357
11751,7160.912506
11752,7906.119739
11753,7612.920935
11754,7203.792292
11755,8454.798598
11756,13328.49481
11757,16415.49981
11758,15161.08015
11759,15662.72284
11760,13137.77506
11761,14685.75873
11762,14236.6008
11763,14847.56465
11764,13380.89768
11765,15448.64694
11766,12934.37931
11767,13869.10543
11768,16634.17465
11769,13296.36499
11770,15659.88537
11771,17061.69556
11772,13718.11163
11773,12981.84952
11774,13579.83762
11775,14321.51763
11776,14897.92655
11777,16332.36379
11778,13516.35997
11779,14446.42493
11780,13874.47478
11781,14335.03071
11782,14777.66892
11783,16761.17007
11784,13675.21549
11785,14581.61581
11786,13811.80686
11787,14160.81536
11788,13706.88001
11789,13512.42274
11790,13348.61056
11791,14863.27008
11792,14543.3124
11793,13416.4624
11794,14265.73079
11795,16300.86754
11796,12924.10556
11797,7546.928759
11798,6596.448401
11799,7027.831003
11800,7026.505953
11801,7783.522182
11802,6834.350468
11803,6672.084584
11804,7272.060274
11805,7837.276114
11806,8378.310893
11807,7477.636347
11808,7750.885603
11809,8390.877879
11810,7733.636739
11811,6969.896254
11812,7152.130988
11813,7302.478489
11814,7463.204727
11815,7568.261971
11816,7450.16665
11817,7457.149512
11818,6665.955799
11819,8001.804695
11820,6881.873338
11821,8471.230847
11822,6975.839114
11823,7633.29417
11824,8295.63644
11825,6856.891315
11826,6565.743686
11827,7112.921123
11828,6772.316327
11829,7514.304115
11830,6741.767746
11831,7113.018748
11832,7895.138155
11833,7963.500058
11834,6963.931022
11835,7569.734867
11836,7426.466745
11837,6854.256943
11838,5460.981717
11839,6881.826913
11840,6917.754915
11841,6286.600809
11842,6791.487029
11843,5798.073827
11844,7404.091517
11845,6748.692056
11846,5248.848299
11847,5780.307241
11848,7234.08812
11849,5683.054029
11850,6718.822531
11851,5926.841892
11852,5853.715292
11853,5272.692465
11854,7231.370564
11855,7204.045782
11856,7153.602678
11857,6692.524886
11858,5265.804711
11859,7128.185095
11860,5470.534583
11861,6596.705569
11862,5707.004535
11863,7444.721495
11864,5817.353394
11865,5801.186877
11866,5410.483658
11867,6283.974885
11868,5756.188801
11869,5862.34357
11870,6463.629548
11871,7234.063481
11872,6366.061482
11873,5252.233396
11874,6871.55774
11875,5674.151967
11876,7186.986375
11877,6312.067821
11878,5817.171002
11879,5557.111042
11880,5172.864583
11881,5551.083498
11882,5279.300759
11883,4583.381095
11884,5935.190492
11885,5230.751521
11886,5132.891022
11887,4395.523875
11888,5342.558337
11889,4654.483904
11890,5910.385186
11891,5658.951943
11892,5013.615895
11893,4399.40668
11894,5042.496017
11895,5572.629659
11896,4486.590799
11897,4577.268196
11898,5238.983127
11899,5499.325991
11900,5379.943784
11901,5360.354112
11902,5526.348199
11903,5340.978728
11904,5012.495627
11905,5462.304992
11906,5433.894941
11907,4549.281796
11908,5418.19491
11909,5709.435639
11910,4560.914498
11911,4680.345907
11912,5126.354717
11913,5198.898504
11914,4702.142455
11915,4621.106675
11916,5326.085007
11917,5662.492427
11918,4567.96886
11919,5123.560444
11920,3507.270067
11921,4850.424428
11922,4954.454989
11923,3520.684155
11924,4904.723154
11925,4211.9503
11926,4707.145764
11927,4259.668115
11928,4164.953326
11929,4341.165523
11930,5099.528584
11931,4191.448079
11932,4635.23717
11933,4186.371912
11934,3562.633982
11935,4168.918029
11936,4633.270952
11937,4284.570878
11938,4107.029254
11939,3470.650964
11940,5294.782572
11941,4967.370253
11942,4613.342619
11943,4623.254125
11944,4685.442491
11945,5192.932317
11946,4187.84925
11947,3450.201565
11948,4682.097827
11949,4346.669597
11950,4249.66532
11951,4702.226648
11952,3477.411275
11953,4199.940571
11954,3428.840631
11955,4197.106776
11956,4283.121382
11957,5196.891783
11958,4860.777141
11959,5265.513652
11960,4688.395833
11961,7606.313591
11962,7285.796765
11963,7206.779854
11964,7145.686266
11965,7259.065137
11966,5798.967097
11967,6260.232428
11968,6269.406093
11969,7298.988129
11970,5660.949725
11971,6652.61396
11972,6693.366266
11973,7384.252071
11974,7148.833044
11975,7403.494038
11976,6254.567225
11977,8277.676675
11978,6238.507521
11979,7483.576394
11980,6414.649492
11981,5474.920558
11982,7489.557107
11983,5625.149506
11984,5479.774208
11985,8441.504961
11986,8353.688977
11987,7194.239428
11988,7246.264455
11989,6205.424755
11990,6326.107655
11991,5435.927461
11992,6265.255513
11993,5462.142107
11994,7263.989745
11995,8257.303645
11996,6284.937607
11997,6277.561614
11998,6333.285065
11999,7601.997675
12000,7354.031001
12001,6341.779878
12002,4448.655809
12003,3695.948706
12004,3676.920335
12005,3569.167296
12006,4045.81476
12007,4481.732706
12008,4317.766514
12009,4230.617118
12010,4387.607967
12011,3945.972223
12012,4670.32627
12013,3716.05838
12014,4366.218774
12015,4330.568549
12016,4483.741946
12017,3667.624347
12018,3964.211177
12019,4212.128595
12020,4073.892888
12021,3728.969221
12022,4381.791217
12023,3692.391711
12024,4011.552802
12025,4398.35124
12026,4311.811493
12027,4387.289714
12028,3691.64441
12029,3753.796895
12030,3651.906366
12031,4317.112814
12032,3671.895118
12033,4808.377647
12034,4316.10321
12035,4670.223414
12036,3757.225408
12037,4321.108732
12038,4368.400556
12039,4731.061395
12040,4076.454392
12041,3639.833064
12042,3669.585379
12043,6381.665386
12044,5576.945314
12045,5494.062216
12046,4821.113405
12047,4931.813027
12048,5517.780362
12049,5822.903219
12050,6541.114095
12051,5954.390523
12052,5491.616814
12053,5987.876436
12054,6100.442456
12055,5420.228082
12056,6223.084497
12057,5678.874532
12058,6294.415939
12059,6097.915847
12060,5376.574537
12061,5438.062675
12062,6734.06647
12063,5312.153757
12064,4805.903921
12065,6104.27845
12066,6606.007164
12067,6491.05793
12068,5067.221924
12069,5640.383047
12070,5082.787309
12071,4765.162782
12072,5372.144065
12073,5923.859788
12074,6517.190123
12075,5887.170204
12076,6263.689674
12077,5527.714909
12078,6014.112034
12079,5541.049063
12080,5907.421063
12081,5516.505053
12082,4876.966724
12083,5436.167728
12084,10428.62314
12085,9278.290974
12086,11318.4373
12087,8953.791751
12088,8764.808397
12089,10620.01952
12090,9097.066539
12091,11253.23125
12092,9136.423177
12093,10722.02044
12094,10240.19293
12095,10066.3125
12096,10108.68491
12097,9001.131498
12098,10275.4208
12099,9380.560919
12100,11151.86071
12101,8978.254951
12102,8910.600332
12103,10839.57625
12104,8916.045301
12105,10404.34765
12106,10464.31123
12107,9108.209941
12108,9293.714128
12109,10603.90632
12110,11031.95863
12111,8951.50201
12112,9081.348199
12113,10372.86827
12114,8883.928179
12115,9148.155398
12116,10863.13936
12117,11458.71125
12118,9091.376447
12119,9441.894559
12120,10248.4429
12121,9042.804143
12122,8792.377561
12123,8911.031315
12124,9310.134142
12125,4795.198267
12126,5617.071492
12127,5373.842869
12128,5459.576858
12129,4877.588039
12130,4852.514364
12131,5397.191824
12132,4996.328965
12133,5456.702315
12134,5101.362929
12135,5474.833146
12136,4996.510896
12137,5524.297658
12138,4849.090922
12139,4844.436136
12140,4775.385739
12141,5066.40565
12142,5615.145738
12143,6009.043057
12144,4882.795479
12145,5513.816447
12146,5399.068901
12147,5348.879595
12148,5369.334109
12149,4772.034815
12150,6074.881104
12151,4957.113763
12152,4876.96338
12153,5437.458067
12154,6105.34168
12155,5206.873993
12156,4692.602195
12157,5025.397955
12158,4997.104304
12159,5444.957944
12160,4790.242672
12161,4814.05333
12162,6019.473104
12163,5377.676556
12164,4824.205989
12165,4927.510524
12166,14721.67972
12167,15575.63119
12168,12249.62142
12169,12320.84031
12170,10320.14204
12171,10871.33113
12172,14461.70052
12173,15956.55348
12174,10647.45303
12175,12542.29859
12176,10527.31519
12177,10250.04137
12178,12892.62716
12179,10508.39041
12180,10249.50303
12181,12486.7033
12182,15016.49833
12183,15805.39478
12184,15693.12051
12185,12446.87852
12186,17072.46403
12187,14893.49747
12188,11142.8275
12189,12115.01159
12190,10487.636
12191,14455.29026
12192,15354.52221
12193,14702.58323
12194,14563.75252
12195,10565.12571
12196,12362.88089
12197,17075.85897
12198,12298.78713
12199,10272.23195
12200,16910.26464
12201,15037.90207
12202,10316.20365
12203,12474.1868
12204,14989.01802
12205,12512.91364
12206,12548.39343
12207,12091.1416
12208,14251.08075
12209,12553.73814
12210,10612.27456
12211,12310.09169
12212,18559.47528
12213,10497.62331
12214,11845.9226
12215,13337.89341
12216,13764.72077
12217,12272.58632
12218,12374.00694
12219,12065.0657
12220,12569.54747
12221,13749.87051
12222,12337.00538
12223,15382.14608
12224,15949.20362
12225,15469.10688
12226,13560.73497
12227,15551.20386
12228,11803.40662
12229,14398.61304
12230,14946.83065
12231,14133.25825
12232,13882.33286
12233,11916.41921
12234,11981.70185
12235,12169.07194
12236,11997.0025
12237,12533.3574
12238,13529.62731
12239,14937.49013
12240,11934.77543
12241,11934.41055
12242,12247.50442
12243,13648.55261
12244,15522.32927
12245,11851.89347
12246,15133.41743
12247,12070.51363
12248,12240.28044
12249,12602.76772
12250,16067.26264
12251,13907.90253
12252,11834.02063
12253,11800.98158
12254,11995.80839
12255,5133.569761
12256,5440.815564
12257,4629.70886
12258,5157.800741
12259,4727.326794
12260,5404.534051
12261,5428.960531
12262,4621.551313
12263,5356.232138
12264,5266.084766
12265,5626.594098
12266,4742.018621
12267,5562.212992
12268,5728.576971
12269,5339.576454
12270,5651.545505
12271,5480.130078
12272,5646.597269
12273,4669.612602
12274,5570.068164
12275,5216.020568
12276,5613.219751
12277,4648.036481
12278,5156.874605
12279,5360.254433
12280,5198.695434
12281,5424.40452
12282,5163.651075
12283,4686.528322
12284,5247.168321
12285,4585.811854
12286,5164.833354
12287,5192.145419
12288,5201.35334
12289,5664.161423
12290,5530.294418
12291,4587.170927
12292,5053.459735
12293,4586.302414
12294,4881.365975
12295,4653.852945
12296,7224.911573
12297,7185.190833
12298,6287.716975
12299,6212.752457
12300,6061.137363
12301,7473.266479
12302,7198.10338
12303,6456.192238
12304,7143.219299
12305,6365.794502
12306,6247.806892
12307,6411.253713
12308,8053.884953
12309,8026.040809
12310,7111.972249
12311,6338.432507
12312,6051.769267
12313,6023.916186
12314,7201.544639
12315,8027.290839
12316,6386.992528
12317,7136.822422
12318,7289.133902
12319,6061.238626
12320,6435.842922
12321,9212.990978
12322,6234.573041
12323,7175.577853
12324,6077.733719
12325,7138.875669
12326,6310.884716
12327,7198.509125
12328,6307.040176
12329,6172.152576
12330,5997.823911
12331,6076.94358
12332,7295.265165
12333,7441.548353
12334,6100.763579
12335,7313.176497
12336,6562.298115
12337,5879.553989
12338,5851.366762
12339,4979.760161
12340,5863.893902
12341,6086.213502
12342,5029.830112
12343,4799.436625
12344,5801.43797
12345,5922.945931
12346,5191.235751
12347,4831.150071
12348,5116.371888
12349,5784.172584
12350,6114.714955
12351,5741.263883
12352,5408.123816
12353,5274.405939
12354,5246.444806
12355,5080.254292
12356,5983.132801
12357,5036.633085
12358,5853.266955
12359,5503.839608
12360,5350.232428
12361,5065.040435
12362,5138.716221
12363,6079.445724
12364,4911.519078
12365,4770.063248
12366,4916.452357
12367,5975.890361
12368,6095.609627
12369,5156.697342
12370,5721.273017
12371,5993.526684
12372,5410.454197
12373,5125.880037
12374,5315.975147
12375,5780.786822
12376,5124.845483
12377,5079.512326
12378,7098.252167
12379,6684.530498
12380,5894.637932
12381,5608.828578
12382,6832.334845
12383,6056.058645
12384,6929.088839
12385,5977.205921
12386,5792.213415
12387,6041.083421
12388,6015.213278
12389,7392.452914
12390,7003.918058
12391,7921.281599
12392,7282.09489
12393,7930.861968
12394,6773.801752
12395,5853.601393
12396,5738.732506
12397,5872.798433
12398,5619.687306
12399,7797.221578
12400,5680.321416
12401,5630.900948
12402,6692.76869
12403,6703.93794
12404,7063.846855
12405,7038.492769
12406,6788.404349
12407,6012.943875
12408,5804.943743
12409,5801.427088
12410,6003.78084
12411,5787.14402
12412,5745.802274
12413,7849.42584
12414,7120.049124
12415,6843.510674
12416,5718.170028
12417,5710.083584
12418,5680.133505
12419,5177.509422
12420,5751.331818
12421,6012.866989
12422,5106.35929
12423,4954.226488
12424,5680.780414
12425,5854.199069
12426,6566.365943
12427,6028.15319
12428,5260.244699
12429,5602.982163
12430,4969.649143
12431,5824.419045
12432,4949.880159
12433,6388.860802
12434,5009.312254
12435,5506.057121
12436,5535.170038
12437,5015.337921
12438,5517.972166
12439,5202.934384
12440,4945.549123
12441,5005.747265
12442,4995.779044
12443,4890.843211
12444,5612.130695
12445,5778.089375
12446,5557.674259
12447,5349.629024
12448,4951.398171
12449,4974.714686
12450,5838.162482
12451,6388.550904
12452,4932.521601
12453,6758.782823
12454,6136.823658
12455,4902.253853
12456,4869.340822
12457,4947.521633
12458,4974.559814
12459,5208.137663
12460,11705.0686
12461,11796.04221
12462,11892.87078
12463,12164.91275
12464,11895.59211
12465,12067.76656
12466,11128.20838
12467,12853.2176
12468,10315.60455
12469,11932.4396
12470,13149.3285
12471,11996.52747
12472,10646.22053
12473,10648.10768
12474,10296.6712
12475,10991.33105
12476,11708.71894
12477,10507.99381
12478,13160.70438
12479,11070.47015
12480,10207.40514
12481,10084.21226
12482,11382.67523
12483,13233.18699
12484,10675.61038
12485,11010.72138
12486,11497.72987
12487,10194.93823
12488,10530.06755
12489,10061.11304
12490,10040.97351
12491,10860.89065
12492,11826.39332
12493,11952.31183
12494,11947.40949
12495,10660.06872
12496,10192.9886
12497,11159.98403
12498,10226.70163
12499,11888.10508
12500,7780.592582
12501,6602.091544
12502,8811.640486
12503,7463.506087
12504,6746.351514
12505,7597.171806
12506,7568.971808
12507,6405.571548
12508,6527.279117
12509,6624.786904
12510,7466.993904
12511,6558.117189
12512,7485.902564
12513,6873.893725
12514,6803.746014
12515,6579.117342
12516,7504.844598
12517,6681.300513
12518,6617.853078
12519,9383.635531
12520,6608.984012
12521,7874.063302
12522,6360.909018
12523,6383.239684
12524,6566.589422
12525,6768.326195
12526,7545.882583
12527,7600.783209
12528,7827.051337
12529,7797.537149
12530,6547.035897
12531,6816.670284
12532,8875.907458
12533,7553.927897
12534,7514.639123
12535,7575.663084
12536,6497.48767
12537,8860.266916
12538,6544.288196
12539,6787.124728
12540,6612.03518
12541,9276.702843
12542,7597.670759
12543,7688.138204
12544,9254.50815
12545,7612.0254
12546,8034.252099
12547,9153.910438
12548,7556.216416
12549,7862.038817
12550,7978.148467
12551,7560.296238
12552,9375.484303
12553,7827.503868
12554,9502.933405
12555,7855.11695
12556,8855.49709
12557,8808.797794
12558,9274.34653
12559,7813.336073
12560,7892.988088
12561,7766.196977
12562,7756.549643
12563,9496.791717
12564,9380.412987
12565,7611.870359
12566,9825.786905
12567,11373.00128
12568,7633.549429
12569,8741.228761
12570,7780.610774
12571,9274.969507
12572,8909.520319
12573,9820.805572
12574,10441.48728
12575,7768.260615
12576,9177.216411
12577,7770.094267
12578,10504.78956
12579,7560.54569
12580,10435.8967
12581,7794.388223
12582,4303.967085
12583,4756.451433
12584,4052.87167
12585,4813.059425
12586,5044.710791
12587,4328.354474
12588,4065.487599
12589,3836.329315
12590,4140.791951
12591,4375.099981
12592,4197.241919
12593,3805.064932
12594,4947.811645
12595,5494.510758
12596,4767.314687
12597,4112.277824
12598,4386.304062
12599,5528.109425
12600,4807.88509
12601,4807.058739
12602,4693.971178
12603,3790.386507
12604,4754.368744
12605,4116.096132
12606,4196.525959
12607,4444.594628
12608,4770.426592
12609,3949.381822
12610,4104.335657
12611,4981.938838
12612,4080.205309
12613,5632.090017
12614,4692.240572
12615,5024.913337
12616,4183.849135
12617,4125.681636
12618,5516.281614
12619,4103.15898
12620,3967.708764
12621,3765.023348
12622,6781.013053
12623,6716.224302
12624,7405.193434
12625,6079.071234
12626,7204.491758
12627,7629.140755
12628,6673.014635
12629,6045.956756
12630,6688.443805
12631,7407.511147
12632,6722.666025
12633,7323.433634
12634,7241.487257
12635,7494.872795
12636,6038.312589
12637,6792.347599
12638,6686.592376
12639,6142.215418
12640,6164.991334
12641,8070.0769
12642,7594.878698
12643,6710.871708
12644,7187.205116
12645,7315.992938
12646,7946.619667
12647,6828.078498
12648,6677.014907
12649,7857.098988
12650,7836.350534
12651,7598.298382
12652,7140.112083
12653,6799.041771
12654,7278.749335
12655,7770.073778
12656,6631.786084
12657,6831.351781
12658,6741.574222
12659,7687.04854
12660,6064.979618
12661,6844.935558
12662,6182.80302
12663,5227.109898
12664,5269.668262
12665,5367.270096
12666,5262.436063
12667,4517.094671
12668,4419.559404
12669,4994.041722
12670,5032.149874
12671,5191.810736
12672,4665.908005
12673,4539.580962
12674,5031.549811
12675,5207.276226
12676,4573.265973
12677,4498.733658
12678,5320.042847
12679,4593.047415
12680,5031.134243
12681,4481.103426
12682,5179.388918
12683,4605.698284
12684,5322.182352
12685,4554.465252
12686,4792.253678
12687,5468.620641
12688,5044.245776
12689,5227.231769
12690,4378.895251
12691,5440.770986
12692,5205.414652
12693,5053.97905
12694,4670.440243
12695,5341.509811
12696,5140.265343
12697,5210.509008
12698,5441.626681
12699,5172.357832
12700,5091.081564
12701,4697.040735
12702,4512.800768
12703,5446.186474
12704,8097.194186
12705,9118.229431
12706,8546.168779
12707,8485.034797
12708,8142.685073
12709,9196.56112
12710,8494.450554
12711,8266.978906
12712,8097.916354
12713,9365.169257
12714,8160.634119
12715,9385.730332
12716,8466.937665
12717,8312.568686
12718,8445.191725
12719,11071.30951
12720,8686.979556
12721,9477.403514
12722,9133.897055
12723,9707.029693
12724,9241.488492
12725,8533.321072
12726,8106.381405
12727,9793.815319
12728,9465.258722
12729,9245.109118
12730,8628.297385
12731,9430.980648
12732,9743.001287
12733,9168.940983
12734,8379.109698
12735,8499.027163
12736,9574.220165
12737,9196.733031
12738,8313.619971
12739,8395.478265
12740,8989.632764
12741,8618.503989
12742,8793.386139
12743,9093.130592
12744,7351.182931
12745,6048.379302
12746,7072.783302
12747,6276.362636
12748,6113.224865
12749,6750.704158
12750,6073.679438
12751,7184.410618
12752,6148.957624
12753,6762.826569
12754,6411.924993
12755,7207.889528
12756,7453.295365
12757,5992.56753
12758,6846.153328
12759,7076.830467
12760,7296.083654
12761,5940.732211
12762,6073.752676
12763,7282.768132
12764,6253.646593
12765,6491.735437
12766,6163.149086
12767,7306.469743
12768,9534.861653
12769,7206.921604
12770,8322.115868
12771,8382.169537
12772,7032.950355
12773,6894.604987
12774,7412.190648
12775,7321.881913
12776,7222.43615
12777,6259.345278
12778,6568.494644
12779,6995.20105
12780,7018.922788
12781,6792.893957
12782,7075.843057
12783,8241.502086
12784,6171.821017
12785,5212.818623
12786,5478.630642
12787,5550.943391
12788,6493.136598
12789,5209.752863
12790,6250.327961
12791,5290.95318
12792,5601.827475
12793,6117.863206
12794,6246.078704
12795,5262.629351
12796,5274.91768
12797,5701.952553
12798,5151.812588
12799,6191.943564
12800,5667.631842
12801,6205.105586
12802,5579.206659
12803,5638.520367
12804,7193.845616
12805,6349.762731
12806,6303.044567
12807,5252.115961
12808,5648.319789
12809,5448.469504
12810,6379.628926
12811,6324.141368
12812,7209.015729
12813,7367.481801
12814,7327.365819
12815,6633.053985
12816,5209.189106
12817,6085.652403
12818,6081.490795
12819,5156.915805
12820,6128.746022
12821,5547.623253
12822,5654.873781
12823,6668.080886
12824,5967.959982
12825,5206.577119
12826,6213.276226
12827,6115.917121
12828,6864.171404
12829,6526.388558
12830,6435.889754
12831,5938.414671
12832,6839.605234
12833,6885.40228
12834,6411.07039
12835,5947.299543
12836,6089.412286
12837,6874.356824
12838,5966.933115
12839,6955.77406
12840,5949.468389
12841,6055.123434
12842,6836.562991
12843,6128.774136
12844,7375.516616
12845,6920.447856
12846,6997.54668
12847,6646.140121
12848,7170.277925
12849,6372.061629
12850,6883.342297
12851,5912.781371
12852,6715.81793
12853,6819.922664
12854,6432.459038
12855,6991.209527
12856,5819.46652
12857,6771.941182
12858,7646.884358
12859,6718.473104
12860,7435.57853
12861,6901.182277
12862,6783.3581
12863,6375.916129
12864,6869.628596
12865,6056.835295
12866,6677.570971
12867,7134.845828
12868,5695.62329
12869,5231.583127
12870,6131.292584
12871,5730.076114
12872,5888.807607
12873,5194.782789
12874,5249.465047
12875,5984.878218
12876,5672.048824
12877,6193.267908
12878,6129.476695
12879,6294.703911
12880,6139.550698
12881,5698.786267
12882,5689.142878
12883,7031.498187
12884,5737.676824
12885,6342.569605
12886,6195.501873
12887,6204.257705
12888,5894.70625
12889,6299.26527
12890,5336.011684
12891,6084.440211
12892,6088.456439
12893,5780.450918
12894,5688.192905
12895,5860.688416
12896,6084.420648
12897,5719.890057
12898,6080.055237
12899,5340.864371
12900,5744.269447
12901,6346.556035
12902,7158.179704
12903,6233.72254
12904,5225.41973
12905,6053.135061
12906,7073.374292
12907,6291.284587
12908,5225.074435
12909,7095.671884
12910,6089.425539
12911,7108.038611
12912,5806.183837
12913,7097.4971
12914,6078.816643
12915,8184.390663
12916,8237.514731
12917,7558.828855
12918,7574.802047
12919,8562.802632
12920,7849.732058
12921,9755.333575
12922,8515.702164
12923,7657.446916
12924,8849.166443
12925,7849.00357
12926,10046.95388
12927,7623.6827
12928,9216.665502
12929,8636.802494
12930,7542.60137
12931,7608.747143
12932,8477.186262
12933,10009.46953
12934,8412.908939
12935,8341.216868
12936,8884.325529
12937,8367.438702
12938,8739.197515
12939,8446.920002
12940,7429.945348
12941,9282.266654
12942,7457.308313
12943,10056.71017
12944,8172.50711
12945,8590.401272
12946,8184.247198
12947,7431.497103
12948,8985.380517
12949,7831.19853
12950,8857.903465
12951,8431.112596
12952,8994.230573
12953,7616.349501
12954,7927.456832
12955,7890.632097
12956,8625.734297
12957,8533.984964
12958,9617.402657
12959,10677.49115
12960,9629.084875
12961,8048.431976
12962,8681.026714
12963,8548.503068
12964,9172.867599
12965,8482.332721
12966,8665.168498
12967,9026.487378
12968,7860.712274
12969,9474.699671
12970,9610.459658
12971,8500.648477
12972,9356.219513
12973,8939.739967
12974,10317.22417
12975,8724.715993
12976,10383.19166
12977,10434.5756
12978,8040.510747
12979,10175.44773
12980,9045.924115
12981,8993.091766
12982,8186.249288
12983,8610.788018
12984,7711.294954
12985,8629.756453
12986,9786.045383
12987,7700.582339
12988,9510.779664
12989,9610.686787
12990,9449.449414
12991,10704.36373
12992,9506.327804
12993,9524.147269
12994,7649.949164
12995,8665.878747
12996,9759.062322
12997,6039.4233
12998,5532.421766
12999,6560.815832
13000,6360.931718
13001,5687.569294
13002,6537.539318
13003,6440.736375
13004,5571.837457
13005,6368.651564
13006,5676.727835
13007,5581.469323
13008,5581.83803
13009,6476.679464
13010,5608.689798
13011,6734.785803
13012,6394.88077
13013,5584.839518
13014,6730.459207
13015,5511.676429
13016,5730.695014
13017,5584.475998
13018,6700.904079
13019,6466.220017
13020,6014.963158
13021,6047.603958
13022,6519.676998
13023,6061.509283
13024,5489.104734
13025,6375.019125
13026,6022.619607
13027,6391.261117
13028,6508.751369
13029,6039.299039
13030,6332.208874
13031,5954.079504
13032,6078.765071
13033,5892.229906
13034,5761.143125
13035,5547.52085
13036,5756.075603
13037,6628.589459
13038,9042.050538
13039,9319.761192
13040,11342.23736
13041,9492.199547
13042,10735.83638
13043,8902.371854
13044,10325.39799
13045,9097.449975
13046,8858.195051
13047,9171.578044
13048,10706.62092
13049,9927.974272
13050,10095.16528
13051,10664.63849
13052,12517.6321
13053,10065.50726
13054,9011.592183
13055,10153.92479
13056,8972.372558
13057,9209.937799
13058,8989.45789
13059,9005.580622
13060,12869.94828
13061,10942.96565
13062,11620.10048
13063,9275.120613
13064,10496.19431
13065,10360.09887
13066,8980.076174
13067,9146.825362
13068,12399.25132
13069,9258.764109
13070,9477.539482
13071,10151.20303
13072,9376.035884
13073,9932.482017
13074,9261.38646
13075,9198.273342
13076,12297.26555
13077,10300.61314
13078,10150.89426
13079,6925.89019
13080,6860.09729
13081,6988.83878
13082,6819.949641
13083,6121.646135
13084,6830.716986
13085,6516.61459
13086,6229.633752
13087,6256.592415
13088,6229.400608
13089,6200.127002
13090,6898.023263
13091,7053.257552
13092,7143.020349
13093,6381.187299
13094,6005.655292
13095,6858.572676
13096,6093.018834
13097,7056.033597
13098,7073.936349
13099,7145.811201
13100,5939.920115
13101,7546.22016
13102,7115.793993
13103,6981.831822
13104,6795.086733
13105,6633.435909
13106,6598.321993
13107,6551.451839
13108,7696.196278
13109,6763.353792
13110,6598.362918
13111,6767.378142
13112,6688.980618
13113,7516.99938
13114,6745.894994
13115,6995.858079
13116,6134.297679
13117,7580.739175
13118,6864.198928
13119,6055.899153
13120,10063.09792
13121,8645.854893
13122,8692.295623
13123,9145.621671
13124,9653.192928
13125,8571.736183
13126,9054.145247
13127,9517.909091
13128,8951.143834
13129,9915.213622
13130,10372.93535
13131,8720.208189
13132,9427.255608
13133,8798.307477
13134,8535.031743
13135,8766.328898
13136,8705.506998
13137,9541.518468
13138,8668.375836
13139,10988.72108
13140,8655.24828
13141,10135.21793
13142,8617.7726
13143,9335.299531
13144,8748.528899
13145,9992.587208
13146,8750.437205
13147,8699.808338
13148,9913.368198
13149,11045.72228
13150,8593.611611
13151,10553.95985
13152,8551.518721
13153,10885.35121
13154,9301.816153
13155,8610.222983
13156,8945.446407
13157,9006.594413
13158,10271.44299
13159,10803.98363
13160,9841.332488
13161,4057.710305
13162,5098.56479
13163,5351.847147
13164,5242.70436
13165,3968.796767
13166,4615.669784
13167,5106.259546
13168,4723.374515
13169,4630.942467
13170,5071.510369
13171,5254.11806
13172,3981.941837
13173,5489.424339
13174,3953.695377
13175,4813.940956
13176,4045.71369
13177,4809.704654
13178,5250.352646
13179,5426.817884
13180,5492.239848
13181,4709.47428
13182,5295.133374
13183,5087.813566
13184,4701.784327
13185,3948.632596
13186,4617.41018
13187,4691.253099
13188,5222.995376
13189,4589.226997
13190,5641.076208
13191,5110.591591
13192,5439.785637
13193,4174.278839
13194,4730.413834
13195,4599.523235
13196,4625.56438
13197,4733.03093
13198,4589.461442
13199,5256.399712
13200,5531.4576
13201,5476.199276
13202,6010.507922
13203,5850.789778
13204,5882.311641
13205,6026.65761
13206,5430.788491
13207,4949.119385
13208,5761.333572
13209,6017.839567
13210,5047.581094
13211,5888.333773
13212,4918.899939
13213,5490.655965
13214,5918.896545
13215,4918.88107
13216,5985.241832
13217,6022.842002
13218,4945.53194
13219,6032.049671
13220,5662.705269
13221,6093.359442
13222,5330.717965
13223,5047.09708
13224,6311.366624
13225,4919.714649
13226,5871.93242
13227,4852.743586
13228,5123.009528
13229,6714.374133
13230,4929.825818
13231,4879.695052
13232,4840.60155
13233,5387.787229
13234,4885.999111
13235,6352.91375
13236,5766.656474
13237,6013.844134
13238,6474.674934
13239,4943.97548
13240,4857.850071
13241,5943.094611
13242,5499.462623
13243,5520.46786
13244,5343.691306
13245,5322.097567
13246,6001.905838
13247,4659.194367
13248,5729.945008
13249,5243.033981
13250,6920.957618
13251,6787.393854
13252,4876.767982
13253,5718.41783
13254,5398.362999
13255,5562.774918
13256,4765.810507
13257,6646.259645
13258,5006.695437
13259,4647.062184
13260,4839.524631
13261,4461.051583
13262,4583.507577
13263,4882.761636
13264,5584.177403
13265,5564.778119
13266,4856.058162
13267,4677.886299
13268,5522.312069
13269,4566.579756
13270,4967.046813
13271,5330.69973
13272,4717.478314
13273,5547.424985
13274,5095.60055
13275,5715.192296
13276,6747.336952
13277,4715.276541
13278,4568.495042
13279,4953.811306
13280,4517.040925
13281,4691.684395
13282,10772.25006
13283,8176.499204
13284,10075.54751
13285,10326.83489
13286,9375.113895
13287,8307.923261
13288,8211.385652
13289,10080.04259
13290,8625.389851
13291,8558.33773
13292,10504.37301
13293,8327.694086
13294,9856.878032
13295,8079.061976
13296,10646.33085
13297,10136.5663
13298,8306.987418
13299,10125.80461
13300,8741.441382
13301,12567.17303
13302,10134.71939
13303,10114.11261
13304,8298.443076
13305,12041.7833
13306,12273.00995
13307,8589.70742
13308,10576.90008
13309,10503.14444
13310,10325.47857
13311,9165.245141
13312,8016.677645
13313,12597.62124
13314,8232.579421
13315,8206.697144
13316,8604.644839
13317,8603.607005
13318,8207.834116
13319,8184.486983
13320,8059.759889
13321,10345.32891
13322,8259.424442
13323,6159.064053
13324,6067.600245
13325,6689.921782
13326,7038.160422
13327,6087.674517
13328,7162.967131
13329,7304.851784
13330,5906.284047
13331,6931.108107
13332,5974.323296
13333,7860.721576
13334,7123.712918
13335,6203.388858
13336,7441.228253
13337,6417.155179
13338,6567.590219
13339,7140.98278
13340,7554.193166
13341,7235.44261
13342,7032.41174
13343,6978.432879
13344,6947.38331
13345,6099.997698
13346,8035.972614
13347,6262.22516
13348,7015.920224
13349,7104.957925
13350,6040.484604
13351,7097.875955
13352,7035.280417
13353,6181.771466
13354,6883.583419
13355,6589.050979
13356,6790.382719
13357,6933.897091
13358,6687.029917
13359,5981.782192
13360,7217.13786
13361,7957.201233
13362,6096.424858
13363,7123.080972
13364,8046.814256
13365,6722.003591
13366,6538.822071
13367,6719.520158
13368,7119.36802
13369,7644.490857
13370,7176.973203
13371,6839.145334
13372,7176.985175
13373,7424.785475
13374,7133.248446
13375,8888.099662
13376,6573.815069
13377,6986.337076
13378,6837.991022
13379,7033.539237
13380,7930.433293
13381,6873.417572
13382,8220.938061
13383,8857.898673
13384,9028.536199
13385,7846.327719
13386,10154.31034
13387,7640.377868
13388,7530.836038
13389,7942.650417
13390,8192.325301
13391,7833.888708
13392,6928.476975
13393,7958.228289
13394,7723.121862
13395,7168.40289
13396,7969.863332
13397,7496.348251
13398,6688.651083
13399,8110.340052
13400,7171.107178
13401,6846.775557
13402,8056.17101
13403,7599.555833
13404,6590.564187
13405,7279.381447
13406,7068.836059
13407,5853.192626
13408,6014.665582
13409,5760.836894
13410,8225.883248
13411,5958.93987
13412,5990.807938
13413,5945.697867
13414,6420.220033
13415,7287.68888
13416,7638.802991
13417,7487.615005
13418,6382.767946
13419,5752.976
13420,7086.919566
13421,7646.063114
13422,6723.433012
13423,6179.125397
13424,8545.714362
13425,6896.270718
13426,6263.597653
13427,6977.059624
13428,6319.003985
13429,6109.281168
13430,6973.284435
13431,6082.079632
13432,6121.962025
13433,7017.66727
13434,6363.79241
13435,6012.16801
13436,7146.595309
13437,6454.671264
13438,7404.6829
13439,6872.649794
13440,8516.202918
13441,6115.123568
13442,6748.616377
13443,5752.186265
13444,5888.346319
13445,8537.403757
13446,8916.421208
13447,7933.30844
13448,8132.446038
13449,7841.120107
13450,8167.489731
13451,9258.683572
13452,8513.331498
13453,7863.114009
13454,7780.388335
13455,8110.178608
13456,7829.129135
13457,7909.428992
13458,9603.338318
13459,8057.046303
13460,8097.558244
13461,8900.482106
13462,9322.494231
13463,8478.391134
13464,10278.38583
13465,8016.147632
13466,8911.265176
13467,9367.594297
13468,9299.891139
13469,8084.327515
13470,8896.376855
13471,8871.359283
13472,9286.173626
13473,7883.09685
13474,8852.60084
13475,8910.876549
13476,7973.578638
13477,9483.050002
13478,8107.572516
13479,9000.05802
13480,8047.229357
13481,7984.958104
13482,10740.64188
13483,7809.239603
13484,10327.28587
13485,11428.76366
13486,7948.705943
13487,5116.479442
13488,4437.568182
13489,5087.14135
13490,4770.413329
13491,4211.73685
13492,4140.656853
13493,4597.265798
13494,4236.276127
13495,4770.370081
13496,4765.045836
13497,4771.951771
13498,4175.716542
13499,4782.343077
13500,4446.289646
13501,4665.451675
13502,4573.524461
13503,4146.876966
13504,4208.711521
13505,4268.808696
13506,4462.314008
13507,4803.266507
13508,4677.040781
13509,4138.553121
13510,4505.327974
13511,4585.908521
13512,5089.23777
13513,5539.903729
13514,4229.688462
13515,4137.403677
13516,4686.691731
13517,4745.73474
13518,4436.283209
13519,4808.4045
13520,4581.382817
13521,4459.796009
13522,4812.572077
13523,4808.125091
13524,4216.027742
13525,4658.530449
13526,4730.720379
13527,4172.600021
13528,7597.798094
13529,7133.899551
13530,8341.649196
13531,8491.80642
13532,7561.017487
13533,8028.267144
13534,7814.851192
13535,8938.413438
13536,8674.520621
13537,7299.792652
13538,8338.666489
13539,8424.328327
13540,8232.954619
13541,7506.477155
13542,6891.369758
13543,7454.734552
13544,8641.444158
13545,7079.036062
13546,7374.20419
13547,6952.314037
13548,7155.233106
13549,8624.151845
13550,7635.53102
13551,9076.062705
13552,7191.402347
13553,8519.227636
13554,7574.814143
13555,7987.036641
13556,8646.270584
13557,9807.790941
13558,6935.86039
13559,8435.778252
13560,9035.360312
13561,7570.725536
13562,6957.518957
13563,7419.181437
13564,8327.31537
13565,8445.18111
13566,7748.456891
13567,7610.390791
13568,7499.937386
13569,6609.379546
13570,6886.117394
13571,5686.442453
13572,7159.300762
13573,5918.659618
13574,5936.684431
13575,7390.162692
13576,6807.682187
13577,6600.086486
13578,5818.312678
13579,6680.226907
13580,6004.53248
13581,6049.129044
13582,5875.565377
13583,6579.754967
13584,6897.589904
13585,7150.415645
13586,5923.769293
13587,5832.391679
13588,6369.022937
13589,6727.243602
13590,5750.185059
13591,6091.196111
13592,7383.14234
13593,6034.060821
13594,7449.416454
13595,6138.117868
13596,5760.520466
13597,5988.526648
13598,6444.182639
13599,5849.490549
13600,7374.972159
13601,7086.870092
13602,7646.096215
13603,5860.855401
13604,6365.067975
13605,6796.741358
13606,5939.570579
13607,6063.04545
13608,6054.492201
13609,6574.301131
13610,3606.154857
13611,3604.719501
13612,4394.662868
13613,4220.653765
13614,3647.211821
13615,4862.93706
13616,4196.999677
13617,3422.367842
13618,4069.683953
13619,3637.933038
13620,3678.915508
13621,3670.252123
13622,4124.014721
13623,3697.145497
13624,3626.786287
13625,4650.93795
13626,4203.300135
13627,4160.309575
13628,4072.170608
13629,4158.753702
13630,4112.20254
13631,4103.099901
13632,3663.63973
13633,3756.72879
13634,4429.863071
13635,4026.885269
13636,3615.947283
13637,4717.508112
13638,4090.988372
13639,3622.171996
13640,3639.674418
13641,4729.348009
13642,3670.181658
13643,3444.353727
13644,3449.963514
13645,3462.329315
13646,3681.19386
13647,4020.577188
13648,3624.492142
13649,3649.655354
13650,3457.03225
13651,13378.56707
13652,12625.96662
13653,15403.04615
13654,14394.58623
13655,12791.72555
13656,12833.82677
13657,14193.89241
13658,16307.94493
13659,12861.95964
13660,14537.68956
13661,14872.48541
13662,12482.93934
13663,13337.48375
13664,12817.10802
13665,13427.82938
13666,14867.36683
13667,12647.84795
13668,15515.95708
13669,14315.63222
13670,13941.47537
13671,15073.65112
13672,14404.82636
13673,12915.86747
13674,12795.45136
13675,14752.71037
13676,13797.45819
13677,15339.87918
13678,16130.96012
13679,16368.0416
13680,12671.32769
13681,16756.4899
13682,12730.57263
13683,13334.27966
13684,15756.23371
13685,12610.14235
13686,13384.99256
13687,15652.20068
13688,12886.72671
13689,14811.71151
13690,13700.62661
13691,13009.62167
13692,18223.75355
13693,17776.21464
13694,16304.99581
13695,16024.01912
13696,16676.99883
13697,17414.91911
13698,15901.81999
13699,18921.84522
13700,16910.88316
13701,15708.47929
13702,17189.29086
13703,15874.43703
13704,15875.89867
13705,18999.48602
13706,17240.40835
13707,15696.2716
13708,18396.38083
13709,17967.08057
13710,16740.44638
13711,16437.22095
13712,15617.11147
13713,18712.43319
13714,17230.48845
13715,17964.20876
13716,17119.00199
13717,17643.14946
13718,15999.54949
13719,16878.30614
13720,18326.76653
13721,16049.80778
13722,16430.8203
13723,16031.06492
13724,17439.55127
13725,16941.2666
13726,16672.57131
13727,17725.61544
13728,16436.44161
13729,16101.94497
13730,18821.34181
13731,15918.21269
13732,17492.88964
13733,6607.582094
13734,8102.060494
13735,8024.55797
13736,6685.304839
13737,6367.117462
13738,8203.067029
13739,6527.687749
13740,7296.818177
13741,6445.601726
13742,7834.152523
13743,6305.846108
13744,7375.218155
13745,8014.889061
13746,7595.13986
13747,8231.213192
13748,6445.672925
13749,8154.532452
13750,9383.997878
13751,6376.036011
13752,7964.177799
13753,9391.469001
13754,7924.697753
13755,7289.614726
13756,9629.805597
13757,9234.951902
13758,7531.912124
13759,6478.394199
13760,8244.452645
13761,6719.454635
13762,7969.842818
13763,7381.616771
13764,8062.726842
13765,6543.82159
13766,7759.728806
13767,6536.583813
13768,6504.250101
13769,7979.253538
13770,7253.785876
13771,6745.734995
13772,6626.123827
13773,7199.600495
13774,6393.709979
13775,7172.09261
13776,7633.133871
13777,7512.131366
13778,6363.890472
13779,7550.133837
13780,6485.375799
13781,6426.309079
13782,6809.489871
13783,6687.347388
13784,7482.192175
13785,7479.146607
13786,7914.06161
13787,6819.651962
13788,8755.175755
13789,7616.447459
13790,6693.887338
13791,6458.846019
13792,6466.306676
13793,7766.377457
13794,7679.537931
13795,7451.923022
13796,7551.906013
13797,9696.683674
13798,9055.968488
13799,6501.422158
13800,7531.575362
13801,6759.007899
13802,7751.884919
13803,7617.210005
13804,7495.555187
13805,6652.47637
13806,6883.698458
13807,6698.36609
13808,6654.277535
13809,6425.375081
13810,7174.844257
13811,6483.9476
13812,8685.332358
13813,7576.464795
13814,8872.298895
13815,8497.41616
13816,8396.842324
13817,9992.986743
13818,9791.977735
13819,9981.244526
13820,8033.233068
13821,8092.958162
13822,10317.15103
13823,9355.157083
13824,9662.28712
13825,9399.541887
13826,8071.549149
13827,9256.4702
13828,9709.223954
13829,7958.322641
13830,10120.57946
13831,9214.652332
13832,11127.12132
13833,7879.684883
13834,8152.638086
13835,7965.233332
13836,8018.119601
13837,7905.030423
13838,11227.74889
13839,8058.971172
13840,8299.432189
13841,11531.9385
13842,9338.670932
13843,9276.21564
13844,9943.808856
13845,8002.414452
13846,9422.797512
13847,8039.021762
13848,7966.842844
13849,8462.858224
13850,8188.195848
13851,11220.34091
13852,8189.215767
13853,7995.491407
13854,8126.825006
13855,10374.79449
13856,10840.12972
13857,9318.204786
13858,8677.744005
13859,8943.141565
13860,10687.48095
13861,10805.34718
13862,12518.89429
13863,8846.022571
13864,10628.71563
13865,8741.213176
13866,9049.837281
13867,12124.864
13868,10432.12437
13869,10533.85942
13870,10265.06471
13871,9074.898376
13872,8827.254931
13873,12114.50523
13874,8741.145146
13875,9133.168439
13876,8827.571065
13877,8932.514704
13878,10464.14216
13879,8907.158625
13880,8608.677424
13881,11422.4276
13882,10786.51942
13883,10259.65299
13884,8806.626785
13885,10389.62493
13886,9027.015249
13887,10399.01485
13888,12231.80956
13889,8911.33458
13890,9221.707608
13891,9158.159423
13892,8953.225408
13893,10229.89734
13894,8793.312848
13895,8844.285918
13896,11033.00812
13897,9149.014564
13898,11067.80674
13899,10003.37386
13900,9977.942043
13901,11282.03215
13902,11334.98345
13903,10017.98831
13904,11701.22785
13905,8971.161218
13906,10983.29937
13907,9832.72579
13908,9416.942135
13909,11135.22635
13910,11189.10026
13911,10052.52402
13912,11316.39759
13913,12045.51006
13914,11758.5515
13915,10149.4113
13916,9912.368153
13917,8964.78047
13918,11616.91617
13919,12193.27486
13920,10711.23458
13921,10049.51201
13922,12144.14029
13923,9955.322698
13924,9990.166943
13925,10816.92796
13926,9002.175049
13927,11106.63675
13928,11113.10272
13929,9000.906008
13930,10209.29467
13931,12392.16114
13932,9061.439322
13933,10210.08916
13934,10236.99347
13935,10369.8038
13936,10943.1177
13937,5125.970844
13938,6717.849973
13939,6457.763035
13940,6140.667528
13941,4381.42286
13942,5849.671897
13943,5115.184862
13944,5855.889397
13945,6246.065892
13946,5987.27557
13947,5862.829464
13948,5465.369813
13949,5879.439258
13950,6267.3665
13951,5170.319486
13952,5036.263965
13953,5429.134366
13954,5451.707594
13955,7198.224097
13956,5232.779069
13957,4166.974912
13958,6279.622699
13959,5103.77329
13960,5839.960715
13961,4394.784477
13962,6090.724495
13963,4195.013419
13964,7176.218439
13965,5271.756306
13966,4153.712581
13967,7037.007175
13968,7759.566859
13969,5126.644436
13970,5948.70673
13971,5325.55804
13972,5359.489024
13973,4295.154263
13974,5113.631966
13975,5933.281358
13976,4165.657294
13977,5912.165585
13978,7916.65641
13979,6582.385114
13980,6719.917947
13981,6595.213984
13982,5834.852532
13983,6700.172496
13984,5912.198336
13985,7460.461813
13986,7560.676609
13987,7870.052554
13988,6523.646171
13989,8259.553119
13990,7555.523666
13991,6667.590979
13992,6613.422085
13993,6879.564502
13994,5658.885425
13995,9350.890844
13996,7855.849411
13997,7378.725312
13998,9421.224934
13999,8006.856669
14000,5597.49604
14001,6582.021224
14002,6635.063665
14003,7484.077224
14004,6715.953309
14005,7540.115049
14006,5634.59024
14007,9407.40916
14008,6627.087189
14009,5729.123307
14010,6677.326744
14011,7441.504481
14012,7452.789679
14013,9213.197322
14014,7214.602733
14015,5657.508046
14016,6583.321484
14017,6545.793245
14018,7293.248427
14019,6045.027755
14020,5297.124394
14021,5992.958755
14022,5377.947866
14023,6263.670694
14024,5259.531258
14025,5794.983237
14026,5901.927506
14027,5941.953612
14028,5243.343873
14029,6573.060703
14030,5455.599
14031,6236.987639
14032,5379.030038
14033,5099.849225
14034,6239.160739
14035,5942.710795
14036,5346.828741
14037,7312.320659
14038,5165.529633
14039,5994.641845
14040,5907.638986
14041,7065.069772
14042,6161.772493
14043,5336.348149
14044,5440.394836
14045,7014.331249
14046,5514.178945
14047,6044.920598
14048,5336.814993
14049,5915.549196
14050,5272.995968
14051,5435.835634
14052,5421.608385
14053,6318.637267
14054,5068.635885
14055,6072.125163
14056,5269.104088
14057,5128.069298
14058,6950.861483
14059,6217.81252
14060,8640.696485
14061,8162.446256
14062,8848.033567
14063,10011.54416
14064,7456.164541
14065,9209.802198
14066,7455.254709
14067,8422.910314
14068,8067.795652
14069,10253.17987
14070,7552.524667
14071,7944.55683
14072,9393.699662
14073,8930.426099
14074,8901.374615
14075,9434.837431
14076,8281.38635
14077,8907.776996
14078,7336.926813
14079,7720.110999
14080,8654.400694
14081,8544.578619
14082,7561.033456
14083,8696.300851
14084,7464.319915
14085,7585.575429
14086,9966.727481
14087,9281.173744
14088,9055.025417
14089,7968.024264
14090,8828.914496
14091,8444.640194
14092,7537.596224
14093,7602.362963
14094,8275.064691
14095,7480.803217
14096,8184.177571
14097,9005.410218
14098,7316.517295
14099,9979.538454
14100,8604.550834
14101,4549.749654
14102,3531.98949
14103,4021.585551
14104,4353.555791
14105,3837.7964
14106,4048.058621
14107,3878.088479
14108,4272.822043
14109,4324.454027
14110,3272.286913
14111,3814.992294
14112,4140.128763
14113,4512.648037
14114,3913.690411
14115,3731.327795
14116,3869.670415
14117,3793.16525
14118,3813.174322
14119,4681.02192
14120,3814.507399
14121,3958.850501
14122,3286.216956
14123,4463.96932
14124,4238.996414
14125,4164.788915
14126,3339.537481
14127,4153.422806
14128,3914.632118
14129,3277.936169
14130,4041.067339
14131,4129.379019
14132,3436.39974
14133,4236.762355
14134,4030.404793
14135,4039.69947
14136,4464.203416
14137,3933.109661
14138,3305.004503
14139,3759.573694
14140,3789.297434
14141,3690.445816
14142,5865.105503
14143,5738.624632
14144,6528.105776
14145,6454.018402
14146,5028.129867
14147,5789.651379
14148,5143.096803
14149,5177.56223
14150,5082.262859
14151,4669.237602
14152,6846.102806
14153,6134.193175
14154,6907.277625
14155,5077.935037
14156,5014.657154
14157,6365.015418
14158,6940.056858
14159,5768.018646
14160,5013.856807
14161,4792.656702
14162,5046.314883
14163,5126.736111
14164,4638.816191
14165,6274.601988
14166,5052.099241
14167,4696.996807
14168,5016.670045
14169,6015.828292
14170,4762.088893
14171,5084.159568
14172,4873.742669
14173,4887.258888
14174,5923.550065
14175,5993.906971
14176,4944.09563
14177,4876.029531
14178,5836.127159
14179,5761.604124
14180,5779.002228
14181,6888.548791
14182,4848.217018
14183,5739.513043
14184,5772.79205
14185,5697.183847
14186,5648.330345
14187,7459.782289
14188,5377.406357
14189,5412.243836
14190,5797.542188
14191,5269.126181
14192,5927.362695
14193,4822.527397
14194,5581.811224
14195,5669.432613
14196,5660.799143
14197,6453.73432
14198,4857.197658
14199,4985.737287
14200,5238.4663
14201,5131.743403
14202,4769.236758
14203,4888.021046
14204,5162.943851
14205,4798.399347
14206,4828.303961
14207,5110.96128
14208,5731.621696
14209,5810.462983
14210,4798.113057
14211,5023.457616
14212,5068.091574
14213,4874.602461
14214,5831.92747
14215,5560.142055
14216,5650.426353
14217,5752.368364
14218,6476.998222
14219,6434.163154
14220,4864.907873
14221,5588.990099
14222,4848.404413
14223,4983.068092
14224,6008.290291
14225,5298.768543
14226,5431.128108
14227,6062.899538
14228,5903.158314
14229,7156.644062
14230,6169.932002
14231,6002.248192
14232,5372.141117
14233,5272.60842
14234,6046.94824
14235,5508.450535
14236,6002.332969
14237,5889.507967
14238,5337.068276
14239,6088.743079
14240,6700.356254
14241,5380.103846
14242,5589.749405
14243,5481.149088
14244,5919.276836
14245,6148.430517
14246,6616.195615
14247,6069.545095
14248,5325.711978
14249,5368.741364
14250,5357.439104
14251,5279.415996
14252,5464.893938
14253,5270.863661
14254,5214.585659
14255,5309.043744
14256,5383.058543
14257,5678.98573
14258,5386.193679
14259,6527.915851
14260,5180.84351
14261,5998.161648
14262,5749.756235
14263,5272.087752
14264,7331.673563
14265,7765.215826
14266,8200.656337
14267,7156.566705
14268,7181.456276
14269,8289.487779
14270,6383.117716
14271,6285.763259
14272,8028.990713
14273,8293.248404
14274,8983.257112
14275,7848.037604
14276,7485.876858
14277,8045.399247
14278,7515.340457
14279,6171.25109
14280,7123.412021
14281,7254.543813
14282,7316.99208
14283,7221.197879
14284,8851.43029
14285,7622.801002
14286,6146.623591
14287,6137.650558
14288,7137.383826
14289,7575.678756
14290,6152.050446
14291,6241.949618
14292,8814.336417
14293,7167.586041
14294,7786.145416
14295,7944.784868
14296,7933.916299
14297,7301.154209
14298,7275.121013
14299,7068.887549
14300,8934.565336
14301,7216.28091
14302,7770.031722
14303,7640.57864
14304,7122.990789
14305,4513.263493
14306,5407.90624
14307,3867.344593
14308,4001.732515
14309,3855.229983
14310,5364.262728
14311,5341.732191
14312,5400.934874
14313,5331.346486
14314,5331.446651
14315,3895.191396
14316,5236.828217
14317,5437.818764
14318,4586.243013
14319,3834.417501
14320,4642.37688
14321,4529.050387
14322,4468.087508
14323,4600.553017
14324,5732.427429
14325,4579.999405
14326,5149.000939
14327,5741.29035
14328,5241.346338
14329,5767.722866
14330,5033.025944
14331,5113.426813
14332,4570.102102
14333,4454.03114
14334,4535.189697
14335,5103.064808
14336,4524.692666
14337,4409.267104
14338,5930.155749
14339,5290.235295
14340,3827.038073
14341,4661.575077
14342,5220.360725
14343,4547.603296
14344,3840.129213
14345,4581.595877
14346,3793.828242
14347,4949.342233
14348,4747.430146
14349,3753.118153
14350,5000.615811
14351,4502.112033
14352,4948.124238
14353,4519.032749
14354,4708.982705
14355,4499.996206
14356,4591.948417
14357,3629.92723
14358,5724.995526
14359,3709.355532
14360,4651.246571
14361,5026.706185
14362,3721.649299
14363,3603.464245
14364,3689.040067
14365,3694.53243
14366,3554.057983
14367,5840.216873
14368,3507.904228
14369,3607.737161
14370,5845.915664
14371,4537.876334
14372,3561.638517
14373,4545.685782
14374,3616.089516
14375,3655.196836
14376,3606.499076
14377,3725.339754
14378,3532.483865
14379,3534.995692
14380,4575.219535
14381,4472.705889
14382,3719.053098
14383,3580.687839
14384,3741.477401
14385,3808.110978
14386,6403.247907
14387,7000.869284
14388,7575.009914
14389,7381.794417
14390,5923.948237
14391,6630.715062
14392,5900.3825
14393,6926.988494
14394,6600.73104
14395,6934.631273
14396,7226.920893
14397,5805.688717
14398,6717.385324
14399,6106.684046
14400,5965.427906
14401,7106.592297
14402,5799.564318
14403,7395.873645
14404,6813.357905
14405,5793.541067
14406,6565.114352
14407,5843.461366
14408,7065.220189
14409,6524.016194
14410,7624.635881
14411,5960.424104
14412,5911.699873
14413,6794.511823
14414,5842.38723
14415,6213.180232
14416,6132.842579
14417,5877.807656
14418,6569.823621
14419,6830.947589
14420,5998.580627
14421,6869.802765
14422,6567.162566
14423,6823.105706
14424,6817.66331
14425,6559.315475
14426,7579.314088
14427,7780.016251
14428,3856.582242
14429,4300.188956
14430,3850.037337
14431,3836.54879
14432,3848.583641
14433,4461.652407
14434,4353.441878
14435,3950.42525
14436,3929.088535
14437,4731.974386
14438,3920.985508
14439,4412.406901
14440,4311.943524
14441,4180.533599
14442,4380.150231
14443,4411.898647
14444,4052.404449
14445,3971.797518
14446,4695.985745
14447,3769.602369
14448,4162.552066
14449,3770.853404
14450,4366.341338
14451,4140.668768
14452,3740.629801
14453,3865.384394
14454,4253.975359
14455,4009.123264
14456,3738.369869
14457,4638.545736
14458,4381.053312
14459,3791.030798
14460,3835.622534
14461,4012.287007
14462,3953.975838
14463,4204.90269
14464,4203.564469
14465,4463.750808
14466,4534.073372
14467,3781.699933
14468,4366.788472
14469,5165.981109
14470,5691.233018
14471,4891.825803
14472,4382.609242
14473,4948.115072
14474,5252.203619
14475,5315.434508
14476,5102.722197
14477,4625.462634
14478,4723.712715
14479,4367.427172
14480,4298.989286
14481,4312.793564
14482,5398.562903
14483,5642.473845
14484,4313.703041
14485,4316.107721
14486,4289.78474
14487,4270.911974
14488,5299.5035
14489,4322.179922
14490,4604.779337
14491,4947.54284
14492,5223.837944
14493,5735.826481
14494,4352.970236
14495,5186.96595
14496,5286.618576
14497,5559.603882
14498,5389.781991
14499,4299.107662
14500,5005.031907
14501,4602.788869
14502,4309.492879
14503,4306.000389
14504,5135.953251
14505,5148.766813
14506,4745.61584
14507,4277.008069
14508,4648.888532
14509,6005.408581
14510,5218.970316
14511,6388.310985
14512,6219.923194
14513,5910.426433
14514,5253.871793
14515,6604.443408
14516,6051.424924
14517,5263.502427
14518,5274.435465
14519,5361.676906
14520,5328.607316
14521,5968.356209
14522,5369.253454
14523,6087.069228
14524,7090.277119
14525,5310.230871
14526,5521.006621
14527,6348.590222
14528,5896.558811
14529,5513.501683
14530,5233.151064
14531,5279.701169
14532,6510.170593
14533,5967.666208
14534,5193.89018
14535,5273.297375
14536,5178.232114
14537,6505.083498
14538,5888.334207
14539,5242.067016
14540,6344.612034
14541,5193.682468
14542,6136.496967
14543,5203.179914
14544,5250.331682
14545,6498.194388
14546,5960.031878
14547,5335.592835
14548,5350.014761
14549,5362.755509
14550,5451.116205
14551,5419.833556
14552,5616.435035
14553,5556.576771
14554,6563.916688
14555,5653.601554
14556,5817.062762
14557,6401.306456
14558,6601.003472
14559,6600.310614
14560,6084.495013
14561,5458.365553
14562,5530.273981
14563,6714.172036
14564,5560.7589
14565,6424.054591
14566,7994.932439
14567,5431.83536
14568,5439.306474
14569,6822.631737
14570,5538.041339
14571,5578.086645
14572,5599.002264
14573,5569.581482
14574,7751.620406
14575,6830.674481
14576,5737.619039
14577,5550.658324
14578,5497.421633
14579,6928.753641
14580,7877.277063
14581,6853.542465
14582,6780.896453
14583,7953.257868
14584,6877.810294
14585,5523.284576
14586,6842.693657
14587,7031.089691
14588,5545.39083
14589,7016.133776
14590,5349.478423
14591,9190.510901
14592,10098.41042
14593,8924.146948
14594,8272.598025
14595,9143.413391
14596,8270.484199
14597,8812.704305
14598,8273.777513
14599,8168.556788
14600,9850.400247
14601,8230.504349
14602,9405.803117
14603,9617.724941
14604,8995.369424
14605,8282.873515
14606,9363.151692
14607,9396.144549
14608,9614.514596
14609,9757.63039
14610,8083.476208
14611,8118.328561
14612,8947.851409
14613,9489.192841
14614,8624.485552
14615,9374.81938
14616,11103.31237
14617,9942.593405
14618,11386.65581
14619,11282.71396
14620,10215.5018
14621,8191.56715
14622,9019.314764
14623,8608.712762
14624,10345.95113
14625,8416.508922
14626,9568.077806
14627,8153.071438
14628,11084.17741
14629,8183.061223
14630,9561.37358
14631,9620.120923
14632,9502.785621
14633,9721.128311
14634,8534.296032
14635,9501.847299
14636,9679.933097
14637,9937.149146
14638,8635.950211
14639,8397.666413
14640,8526.543753
14641,8196.39352
14642,10072.16665
14643,9552.252313
14644,9515.380593
14645,9751.726086
14646,8159.710108
14647,10190.42179
14648,8158.815399
14649,9162.59007
14650,8301.81713
14651,9473.010612
14652,9530.890161
14653,8407.768783
14654,10036.78887
14655,8335.630782
14656,9714.584783
14657,9472.648593
14658,8346.147093
14659,9418.312354
14660,8544.764243
14661,8216.020363
14662,9916.130628
14663,9434.337647
14664,10002.22244
14665,8906.294673
14666,10672.75664
14667,8488.258467
14668,8405.892749
14669,10313.53512
14670,10362.70263
14671,8894.856734
14672,7560.152539
14673,8388.609692
14674,6725.983511
14675,7272.204762
14676,6742.823012
14677,7449.611633
14678,6236.313063
14679,7005.256538
14680,7575.834643
14681,7280.54064
14682,7317.993117
14683,6806.071823
14684,6869.934898
14685,7594.690328
14686,6930.28028
14687,6739.744405
14688,6744.122806
14689,7685.179833
14690,6703.393215
14691,7008.499271
14692,5961.186865
14693,7591.781969
14694,6712.172368
14695,7575.201835
14696,6858.351605
14697,7452.420062
14698,7545.874168
14699,7421.132196
14700,5866.237615
14701,5966.790181
14702,8360.608941
14703,8255.177226
14704,6807.329663
14705,8409.267633
14706,5859.417227
14707,6599.011839
14708,7420.318034
14709,6683.449471
14710,5863.969486
14711,7247.505229
14712,6444.875235
14713,5712.027404
14714,5795.333595
14715,7225.802067
14716,6705.503516
14717,6497.361401
14718,7144.453657
14719,6803.50737
14720,6539.282525
14721,5867.524918
14722,6845.954426
14723,6241.021422
14724,7098.801884
14725,5774.664033
14726,6616.880701
14727,6755.918565
14728,6616.103649
14729,6049.538438
14730,6832.931518
14731,6250.482441
14732,5717.016725
14733,6870.502784
14734,6452.127006
14735,6376.64064
14736,5775.059225
14737,6033.661103
14738,5945.837699
14739,6773.111136
14740,6513.042613
14741,6091.65799
14742,7521.491068
14743,6766.804118
14744,5891.000844
14745,6632.020114
14746,6807.684732
14747,7173.846432
14748,5844.15962
14749,6740.067254
14750,6755.617993
14751,6092.577895
14752,6609.654373
14753,6487.101222
14754,5913.227473
14755,5839.489116
14756,6428.573854
14757,5775.806427
14758,6960.097613
14759,5705.569376
14760,5767.179569
14761,7197.318113
14762,6011.517336
14763,6342.141302
14764,5805.758528
14765,6476.172937
14766,5888.830367
14767,6056.410636
14768,6405.895207
14769,6475.556735
14770,6521.044079
14771,6374.848938
14772,6920.947052
14773,6259.161627
14774,6311.568536
14775,5875.742346
14776,7267.478561
14777,5601.859255
14778,6071.79229
14779,6416.008571
14780,7238.517669
14781,6257.05781
14782,5600.5908
14783,7332.685739
14784,6120.037443
14785,6098.242524
14786,6386.919634
14787,5646.701777
14788,6323.6322
14789,6039.348052
14790,6270.543163
14791,5742.70383
14792,5879.31011
14793,5966.20376
14794,10535.89459
14795,12557.04078
14796,11411.0208
14797,10034.22856
14798,11089.32775
14799,10049.53145
14800,11472.34708
14801,10140.32722
14802,10786.30924
14803,11719.01816
14804,9886.888988
14805,10258.47816
14806,11547.06109
14807,10228.1383
14808,12025.26074
14809,10234.06118
14810,12098.52491
14811,11107.65152
14812,11344.12597
14813,11415.58924
14814,11435.83594
14815,12949.88365
14816,11355.45965
14817,10303.29347
14818,10189.52671
14819,10264.60222
14820,13102.17344
14821,10318.03447
14822,10301.33208
14823,9921.942213
14824,10012.79533
14825,10246.11148
14826,10269.43399
14827,10275.64484
14828,10564.90078
14829,10109.22539
14830,12713.5318
14831,10528.69445
14832,11020.79465
14833,11621.95452
14834,11426.01672
14835,6232.541429
14836,7479.648296
14837,6641.435178
14838,8106.863652
14839,6274.614032
14840,7784.606636
14841,6646.689885
14842,6240.433123
14843,8225.526076
14844,6612.64265
14845,6632.110243
14846,6489.138836
14847,8407.963661
14848,6620.381749
14849,7757.074424
14850,6618.934859
14851,7424.621014
14852,6468.866734
14853,8245.729215
14854,8786.841578
14855,7541.610746
14856,6651.704175
14857,6618.120092
14858,7629.589817
14859,6839.520611
14860,8820.146894
14861,6842.4294
14862,8012.638099
14863,8797.143745
14864,6079.559262
14865,6611.070454
14866,7721.792198
14867,7513.409721
14868,6869.475013
14869,10143.84635
14870,7741.332682
14871,6661.690811
14872,6186.270001
14873,7440.813367
14874,6191.400779
14875,6551.865139
14876,5362.357484
14877,6543.454035
14878,5772.601432
14879,5450.562709
14880,4630.057754
14881,4667.020367
14882,4697.022534
14883,5779.527466
14884,4698.011995
14885,4684.050761
14886,4709.490547
14887,5993.176888
14888,4128.820939
14889,4688.748478
14890,5751.500445
14891,4045.657531
14892,6826.165087
14893,6189.708626
14894,4703.625518
14895,5162.033133
14896,5194.570145
14897,5472.556386
14898,5943.041549
14899,4038.662618
14900,4711.178517
14901,4030.358739
14902,5309.873722
14903,4188.806216
14904,6918.267794
14905,5805.450932
14906,5722.307442
14907,5703.837368
14908,4329.093458
14909,4724.599643
14910,5887.436342
14911,5634.423357
14912,4773.677684
14913,5394.777693
14914,6604.233827
14915,4050.172645
14916,4733.98282
14917,5244.0361
14918,4563.957154
14919,4793.938764
14920,4711.945474
14921,4395.895187
14922,4524.293995
14923,5205.248097
14924,5395.081797
14925,4597.068511
14926,4457.038723
14927,4506.222662
14928,4423.678937
14929,5152.906943
14930,4878.175051
14931,5057.43243
14932,5073.897874
14933,4842.392517
14934,5180.033382
14935,5201.90374
14936,4724.287467
14937,4879.075128
14938,4777.129203
14939,4535.425228
14940,4575.628459
14941,5441.511386
14942,4418.37699
14943,5025.304062
14944,4731.466929
14945,5147.936283
14946,4495.820811
14947,5239.348705
14948,4502.869233
14949,5070.12207
14950,5561.765731
14951,5056.594388
14952,5167.991527
14953,4531.011641
14954,4566.747678
14955,5477.391824
14956,4545.800389
14957,8801.504274
14958,9674.284992
14959,9839.401472
14960,9633.31318
14961,8618.974838
14962,10088.75327
14963,8436.696611
14964,8657.256255
14965,8703.827041
14966,9703.371163
14967,9032.565848
14968,8191.308673
14969,9247.546924
14970,8599.032023
14971,10648.94822
14972,9819.726231
14973,9678.891581
14974,9218.111589
14975,8744.774828
14976,10542.15226
14977,10433.93811
14978,10227.46832
14979,11687.06304
14980,8927.221298
14981,8891.198165
14982,10343.29685
14983,9144.108799
14984,8545.829201
14985,9188.313146
14986,9419.410302
14987,10429.72774
14988,9904.564393
14989,8750.148098
14990,7984.919723
14991,10339.19752
14992,11129.28011
14993,10647.56154
14994,9880.97374
14995,9648.250899
14996,8803.275922
14997,9584.649687
14998,4621.324594
14999,4656.727131
15000,5019.909458
15001,4945.171132
15002,4244.042027
15003,4636.16916
15004,4258.039529
15005,4223.216222
15006,4303.667391
15007,3983.559828
15008,4297.800425
15009,4295.932141
15010,4051.623537
15011,4575.805531
15012,4104.758371
15013,4730.626719
15014,4588.229749
15015,4197.980331
15016,4233.785005
15017,4622.631296
15018,4276.570755
15019,4670.543764
15020,5111.015708
15021,4643.042745
15022,4073.510456
15023,4651.04194
15024,4254.024757
15025,4233.609783
15026,4061.197483
15027,4707.803484
15028,4653.094343
15029,4840.55215
15030,4297.453502
15031,4664.571985
15032,4566.625041
15033,4538.279291
15034,4856.729171
15035,5061.638009
15036,4058.977384
15037,4285.022011
15038,4258.933865
15039,7139.338591
15040,6269.940762
15041,6393.67513
15042,6754.354908
15043,6472.528457
15044,6761.462957
15045,7122.413537
15046,7140.179057
15047,8097.009191
15048,6564.086145
15049,7033.413038
15050,6406.557923
15051,9716.405195
15052,7104.424063
15053,8127.990607
15054,7037.885453
15055,6753.938188
15056,6850.560154
15057,6640.862774
15058,7296.228503
15059,6511.407238
15060,6991.129929
15061,6338.602378
15062,7067.004109
15063,7261.766395
15064,6389.487701
15065,7339.977542
15066,6681.411846
15067,6520.144393
15068,7105.923825
15069,6282.506265
15070,7139.374933
15071,7150.004623
15072,7198.049557
15073,8192.557562
15074,6359.011415
15075,7334.64355
15076,6571.013847
15077,7182.684842
15078,6570.708691
15079,7447.239398
15080,3512.570843
15081,3419.8069
15082,3370.917129
15083,2618.272423
15084,3066.088273
15085,3914.211653
15086,3311.419827
15087,3424.204759
15088,3050.330172
15089,3184.401499
15090,3027.153529
15091,3277.066027
15092,2600.871743
15093,3117.527682
15094,3067.341596
15095,3902.416345
15096,2974.355351
15097,2599.045016
15098,3056.042367
15099,3192.639148
15100,3348.397074
15101,3298.637136
15102,3411.808081
15103,3427.722571
15104,3912.429959
15105,2720.588457
15106,2977.250935
15107,3565.127329
15108,2602.563558
15109,2612.786304
15110,2667.630336
15111,3329.789101
15112,3496.593569
15113,3138.716195
15114,3969.315679
15115,3023.824453
15116,3074.388498
15117,3029.65637
15118,3681.615975
15119,3043.004952
15120,3484.430399
15121,5574.175038
15122,4295.953568
15123,5345.53284
15124,5839.071212
15125,4369.21075
15126,4406.451184
15127,5388.058898
15128,4406.997731
15129,4948.647405
15130,5586.059244
15131,4274.500452
15132,4964.169483
15133,5717.162289
15134,4385.474473
15135,4412.102455
15136,4440.224243
15137,4395.697672
15138,4237.732983
15139,4513.803881
15140,5961.521585
15141,5223.308966
15142,4239.410336
15143,5060.764868
15144,4916.379602
15145,5527.243708
15146,5381.287522
15147,4527.305696
15148,5985.058513
15149,4169.331663
15150,4497.836552
15151,5587.321818
15152,4382.180362
15153,4378.190918
15154,4603.24127
15155,4337.1836
15156,4921.185272
15157,4316.126632
15158,4438.332847
15159,5799.359797
15160,5049.735834
15161,4453.852051
15162,9046.149167
15163,7502.418
15164,8267.054205
15165,7506.083353
15166,9203.0581
15167,6645.353556
15168,8004.435821
15169,6568.959464
15170,6417.338233
15171,6362.779805
15172,6388.995647
15173,8383.823719
15174,6589.321481
15175,6684.071952
15176,6549.455084
15177,7639.300881
15178,6421.881661
15179,9134.524384
15180,6381.904928
15181,6745.675191
15182,6384.275723
15183,7978.455401
15184,10345.44239
15185,6722.95452
15186,7984.596864
15187,8091.186197
15188,6442.721275
15189,7500.571519
15190,7874.477874
15191,7866.139365
15192,6358.442367
15193,6466.063268
15194,8062.070724
15195,6598.928323
15196,6545.928766
15197,7969.363238
15198,6717.570241
15199,6352.984851
15200,6406.854073
15201,7779.081933
15202,6378.435871
15203,5809.007607
15204,7455.95704
15205,6336.579685
15206,5892.189769
15207,6738.418557
15208,6107.857839
15209,6084.019267
15210,6703.526032
15211,6931.948295
15212,6011.071641
15213,6026.5511
15214,6365.644089
15215,6284.652537
15216,6800.06999
15217,6238.047099
15218,6819.216693
15219,6559.250724
15220,5912.369242
15221,6775.245385
15222,5925.796493
15223,6378.324164
15224,6157.713756
15225,7060.378231
15226,6158.183517
15227,6853.383525
15228,5888.42024
15229,6917.426249
15230,5880.250861
15231,6851.99543
15232,7613.862817
15233,6656.580951
15234,6875.578248
15235,6004.164348
15236,5896.063348
15237,5987.944446
15238,5795.144774
15239,5953.817291
15240,6835.669149
15241,7571.983226
15242,7466.681556
15243,5839.205831
15244,5002.052956
15245,5109.821069
15246,5826.070844
15247,5746.993814
15248,5749.732917
15249,6466.891251
15250,5165.913251
15251,5115.884981
15252,6152.645331
15253,5881.587369
15254,4842.967114
15255,5013.538553
15256,5789.393823
15257,5420.597618
15258,6417.79228
15259,5421.323985
15260,5158.270717
15261,5777.726578
15262,5318.345738
15263,5844.473518
15264,5029.938125
15265,6161.34722
15266,4844.119046
15267,4838.177056
15268,4849.059332
15269,5021.260068
15270,4864.032482
15271,6098.791739
15272,5101.69466
15273,4831.325147
15274,5098.17523
15275,5439.519781
15276,5666.881613
15277,6734.671579
15278,4887.13309
15279,5066.679283
15280,4810.576416
15281,6451.946788
15282,4874.47965
15283,8274.871056
15284,8014.211895
15285,8455.592566
15286,9285.724088
15287,10044.94128
15288,9491.555284
15289,9155.554832
15290,10135.46978
15291,8907.981535
15292,9127.823231
15293,9480.896461
15294,8756.908449
15295,8741.110091
15296,8460.234728
15297,9170.637587
15298,9235.562394
15299,8322.330732
15300,8170.017282
15301,8213.355338
15302,9488.617691
15303,9987.159919
15304,9357.932074
15305,8821.984222
15306,8961.928309
15307,7942.223685
15308,9410.264389
15309,9285.248448
15310,8272.637051
15311,9505.863633
15312,9976.010072
15313,8038.700992
15314,8623.483907
15315,9038.545328
15316,8654.338834
15317,8329.908878
15318,8314.159416
15319,8031.022768
15320,8577.033057
15321,8249.498295
15322,8152.553444
15323,8755.602839
15324,9672.085784
15325,10697.27276
15326,9835.717578
15327,8950.985475
15328,10283.75959
15329,8920.91715
15330,8726.304511
15331,8765.412036
15332,9839.97822
15333,10116.5713
15334,9777.112938
15335,9390.074254
15336,9815.560142
15337,8732.259646
15338,9934.856268
15339,8975.634143
15340,9092.84538
15341,9695.203923
15342,10965.00424
15343,9547.143149
15344,8886.168905
15345,9780.780857
15346,9652.489099
15347,8867.657795
15348,8891.469836
15349,9835.777825
15350,8967.009146
15351,10250.36362
15352,8914.942509
15353,9906.787296
15354,10683.13154
15355,8738.564922
15356,10793.11036
15357,8842.008293
15358,9644.33346
15359,8810.987795
15360,8912.964658
15361,9888.097092
15362,8595.152023
15363,9233.288271
15364,11945.61356
15365,9370.798315
15366,12452.09063
15367,10994.92549
15368,11029.15185
15369,12057.00909
15370,12243.50142
15371,10932.68419
15372,11117.81467
15373,12510.50262
15374,10950.94339
15375,12202.55223
15376,11604.11134
15377,12115.26922
15378,11758.39672
15379,12822.84617
15380,9469.990532
15381,9591.538304
15382,12108.27002
15383,11145.06794
15384,9454.352495
15385,12852.11806
15386,10968.39374
15387,9739.546269
15388,10952.1424
15389,11956.61408
15390,11001.96649
15391,11053.1956
15392,10921.86872
15393,11748.93616
15394,10811.35843
15395,12967.52865
15396,10913.47219
15397,10929.24022
15398,9394.302797
15399,12212.7502
15400,12229.74742
15401,9521.339621
15402,12327.82435
15403,13113.30601
15404,10907.13964
15405,5442.642103
15406,5382.317009
15407,4794.828513
15408,6136.821716
15409,0
15410,0
15411,0
15412,0
15413,0
15414,0
15415,0
15416,0
15417,0
15418,0
15419,0
15420,0
15421,0
15422,0
15423,0
15424,0
15425,0
15426,0
15427,0
15428,0
15429,0
15430,0
15431,0
15432,0
15433,0
15434,0
15435,0
15436,0
15437,0
15438,0
15439,0
15440,0
15441,0
15442,0
15443,0
15444,0
15445,0
15446,0
15447,0
15448,0
15449,0
15450,0
15451,0
15452,0
15453,0
15454,0
15455,0
15456,0
15457,0
15458,0
15459,0
15460,0
15461,0
15462,0
15463,0
15464,0
15465,0
15466,0
15467,0
15468,0
15469,0
15470,0
15471,0
15472,0
15473,0
15474,0
15475,0
15476,0
15477,0
15478,0
15479,0
15480,0
15481,0
15482,0
15483,0
15484,0
15485,0
15486,0
15487,0
15488,0
15489,0
15490,0
15491,0
15492,0
15493,0
15494,0
15495,0
15496,0
15497,0
15498,0
15499,0
15500,5607.772226
15501,0
15502,0
15503,0
15504,0
15505,0
15506,0
15507,0
15508,0
15509,0
15510,0
15511,0
15512,0
15513,0
15514,0
15515,0
15516,0
15517,0
15518,0
15519,0
15520,0
15521,0
15522,0
15523,0
15524,0
15525,0
15526,0
15527,0
15528,0
15529,0
15530,0
15531,0
15532,0
15533,0
15534,0
15535,0
15536,0
15537,0
15538,0
15539,0
15540,0
15541,0
15542,0
15543,0
15544,0
15545,0
15546,0
15547,0
15548,0
15549,0
15550,0
15551,0
15552,0
15553,0
15554,0
15555,0
15556,0
15557,0
15558,0
15559,0
15560,0
15561,0
15562,0
15563,0
15564,0
15565,0
15566,0
15567,0
15568,5211.592934
15569,0
15570,0
15571,0
15572,0
15573,0
15574,0
15575,0
15576,0
15577,0
15578,0
15579,0
15580,0
15581,0
15582,0
15583,0
15584,0
15585,0
15586,0
15587,0
15588,0
15589,0
15590,0
15591,0
15592,0
15593,0
15594,0
15595,0
15596,0
15597,0
15598,0
15599,0
15600,0
15601,0
15602,0
15603,0
15604,0
15605,0
15606,0
15607,0
15608,0
15609,5862.80432
15610,6323.341031
15611,0
15612,0
15613,0
15614,0
15615,0
15616,0
15617,0
15618,6532.58881
15619,0
15620,0
15621,0
15622,0
15623,0
15624,0
15625,0
15626,0
15627,0
15628,0
15629,0
15630,0
15631,0
15632,0
15633,0
15634,0
15635,0
15636,0
15637,6056.689345
15638,0
15639,0
15640,0
15641,0
15642,0
15643,0
15644,0
15645,0
15646,0
15647,3533.619707
15648,0
15649,0
15650,0
15651,0
15652,0
15653,0
15654,0
15655,0
15656,0
15657,0
15658,0
15659,0
15660,0
15661,0
15662,0
15663,0
15664,0
15665,4664.629698
15666,0
15667,0
15668,0
15669,0
15670,0
15671,0
15672,0
15673,0
15674,0
15675,0
15676,0
15677,0
15678,0
15679,0
15680,0
15681,0
15682,6219.599494
15683,0
15684,0
15685,0
15686,0
15687,0
15688,0
15689,0
15690,0
15691,0
15692,0
15693,0
15694,0
15695,0
15696,0
15697,0
15698,0
15699,0
15700,0
15701,0
15702,0
15703,0
15704,0
15705,0
15706,0
15707,0
15708,0
15709,0
15710,0
15711,0
15712,0
15713,0
15714,0
15715,0
15716,0
15717,0
15718,0
15719,0
15720,0
15721,0
15722,0
15723,0
15724,0
15725,0
15726,0
15727,0
15728,0
15729,0
15730,0
15731,0
15732,0
15733,0
15734,0
15735,0
15736,0
15737,0
15738,0
15739,0
15740,0
15741,0
15742,0
15743,0
15744,5520.364203
15745,0
15746,0
15747,0
15748,0
15749,0
15750,0
15751,0
15752,0
15753,0
15754,0
15755,0
15756,0
15757,0
15758,4699.726884
15759,0
15760,0
15761,0
15762,0
15763,0
15764,0
15765,0
15766,0
15767,0
15768,0
15769,0
15770,0
15771,0
15772,0
15773,0
15774,0
15775,0
15776,0
15777,0
15778,0
15779,0
15780,0
15781,0
15782,0
15783,0
15784,0
15785,0
15786,0
15787,0
15788,0
15789,0
15790,0
15791,0
15792,0
15793,0
15794,0
15795,0
15796,0
15797,0
15798,0
15799,0
15800,0
15801,4662.984186
15802,0
15803,0
15804,0
15805,0
15806,0
15807,0
15808,0
15809,0
15810,0
15811,5885.439284
15812,0
15813,0
15814,0
15815,6466.836186
15816,0
15817,0
15818,0
15819,0
15820,0
15821,0
15822,0
15823,0
15824,0
15825,0
15826,0
15827,0
15828,0
15829,0
15830,0
15831,0
15832,0
15833,0
15834,0
15835,0
15836,0
15837,0
15838,0
15839,0
15840,0
15841,0
15842,3567.953423
15843,0
15844,0
15845,0
15846,0
15847,0
15848,0
15849,0
15850,0
15851,0
15852,0
15853,0
15854,0
15855,0
15856,5338.950373
15857,0
15858,0
15859,0
15860,0
15861,0
15862,0
15863,0
15864,0
15865,0
15866,0
15867,0
15868,0
15869,0
15870,0
15871,0
15872,0
15873,0
15874,0
15875,0
15876,0
15877,0
15878,0
15879,0
15880,0
15881,0
15882,0
15883,0
15884,0
15885,0
15886,0
15887,0
15888,0
15889,0
15890,0
15891,0
15892,0
15893,0
15894,0
15895,0
15896,0
15897,0
15898,0
15899,0
15900,0
15901,0
15902,0
15903,0
15904,0
15905,0
15906,0
15907,0
15908,0
15909,0
15910,0
15911,0
15912,0
15913,0
15914,0
15915,0
15916,0
15917,0
15918,0
15919,0
15920,0
15921,0
15922,0
15923,0
15924,0
15925,0
15926,0
15927,0
15928,0
15929,0
15930,0
15931,6186.383705
15932,0
15933,0
15934,0
15935,0
15936,0
15937,0
15938,0
15939,0
15940,0
15941,0
15942,0
15943,0
15944,0
15945,0
15946,0
15947,0
15948,0
15949,0
15950,0
15951,0
15952,0
15953,0
15954,0
15955,0
15956,0
15957,0
15958,0
15959,0
15960,0
15961,0
15962,0
15963,0
15964,0
15965,0
15966,0
15967,0
15968,0
15969,0
15970,0
15971,0
15972,0
15973,0
15974,0
15975,5989.266616
15976,3518.46009
15977,0
15978,0
15979,0
15980,0
15981,0
15982,0
15983,0
15984,0
15985,0
15986,0
15987,0
15988,0
15989,0
15990,0
15991,0
15992,0
15993,0
15994,0
15995,0
15996,0
15997,0
15998,0
15999,0
16000,0
16001,0
16002,0
16003,0
16004,5378.874441
16005,0
16006,0
16007,0
16008,0
16009,0
16010,0
16011,0
16012,0
16013,0
16014,0
16015,0
16016,0
16017,0
16018,0
16019,0
16020,0
16021,0
16022,0
16023,0
16024,0
16025,0
16026,0
16027,0
16028,0
16029,0
16030,0
16031,0
16032,0
16033,0
16034,0
16035,0
16036,0
16037,0
16038,0
16039,0
16040,0
16041,0
16042,0
16043,0
16044,0
16045,0
16046,0
16047,0
16048,0
16049,0
16050,0
16051,0
16052,0
16053,0
16054,0
16055,0
16056,0
16057,0
16058,0
16059,0
16060,0
16061,0
16062,0
16063,0
16064,0
16065,0
16066,0
16067,0
16068,0
16069,0
16070,0
16071,0
16072,0
16073,0
16074,5968.367519
16075,0
16076,0
16077,0
16078,5234.766616
16079,0
16080,0
16081,0
16082,0
16083,0
16084,0
16085,0
16086,0
16087,0
16088,0
16089,0
16090,0
16091,0
16092,0
16093,0
16094,0
16095,0
16096,0
16097,0
16098,0
16099,0
16100,0
16101,0
16102,0
16103,0
16104,0
16105,0
16106,0
16107,0
16108,0
16109,0
16110,0
16111,0
16112,0
16113,0
16114,0
16115,0
16116,0
16117,0
16118,0
16119,0
16120,0
16121,0
16122,0
16123,0
16124,0
16125,0
16126,0
16127,0
16128,0
16129,5551.083421
16130,0
16131,0
16132,0
16133,0
16134,0
16135,0
16136,0
16137,0
16138,0
16139,0
16140,0
16141,0
16142,0
16143,0
16144,3506.063091
16145,0
16146,0
16147,0
16148,0
16149,0
16150,0
16151,0
16152,0
16153,0
16154,0
16155,0
16156,0
16157,0
16158,0
16159,0
16160,0
16161,0
16162,0
16163,0
16164,0
16165,0
16166,0
16167,0
16168,0
16169,0
16170,0
16171,0
16172,0
16173,0
16174,0
16175,0
16176,0
16177,0
16178,0
16179,0
16180,0
16181,0
16182,0
16183,0
16184,0
16185,0
16186,0
16187,0
16188,0
16189,0
16190,0
16191,0
16192,0
16193,0
16194,0
16195,0
16196,0
16197,0
16198,0
16199,0
16200,0
16201,0
16202,0
16203,0
16204,0
16205,0
16206,0
16207,0
16208,6002.993297
16209,0
16210,0
16211,0
16212,0
16213,0
16214,0
16215,0
16216,0
16217,0
16218,0
16219,0
16220,0
16221,0
16222,0
16223,0
16224,0
16225,0
16226,0
16227,0
16228,0
16229,0
16230,0
16231,0
16232,0
16233,0
16234,0
16235,0
16236,0
16237,0
16238,0
16239,0
16240,0
16241,0
16242,0
16243,0
16244,0
16245,0
16246,0
16247,0
16248,0
16249,5937.807437
16250,5036.417966
16251,0
16252,0
16253,0
16254,0
16255,0
16256,0
16257,0
16258,0
16259,0
16260,0
16261,0
16262,0
16263,0
16264,0
16265,5322.756605
16266,6711.482277
16267,3531.964949
16268,5878.781488
16269,6747.487607
16270,3547.115963
16271,6428.849052
16272,5594.802979
16273,4647.945259
16274,5451.573147
16275,4784.743231
16276,5940.865228
16277,6747.965361
16278,3585.151484
16279,5181.4312
16280,5536.484888
16281,5462.312287
16282,9419.896412
16283,9325.792509
16284,10574.90662
16285,10600.88138
16286,10517.84331
16287,9387.826453
16288,9453.376375
16289,10351.97956
16290,9891.95617
16291,11213.29243
16292,11320.22349
16293,9170.460834
16294,9190.795188
16295,10312.29947
16296,10523.59032
16297,9417.222179
16298,10189.37897
16299,10380.37455
16300,11248.84845
16301,9936.337263
16302,10432.39939
16303,9397.273463
16304,11388.36375
16305,10358.94831
16306,10257.41024
16307,10257.42828
16308,10408.72966
16309,10274.1538
16310,9493.230364
16311,10780.74101
16312,10021.85629
16313,11314.4924
16314,9267.801409
16315,9363.925376
16316,9455.660478
16317,9932.699888
16318,10027.837
16319,10785.85898
16320,11403.08134
16321,10051.80767
16322,2957.781741
16323,3746.327907
16324,2612.224176
16325,3106.501485
16326,3064.366406
16327,2971.850859
16328,2932.184364
16329,2925.08042
16330,3127.755711
16331,3140.407883
16332,3308.19213
16333,3080.861463
16334,3308.297516
16335,3559.590491
16336,2926.55047
16337,2599.312491
16338,2983.578384
16339,2955.813745
16340,3145.700932
16341,3462.87073
16342,3232.903708
16343,3327.512607
16344,2598.72344
16345,3474.825197
16346,2975.040117
16347,3742.448838
16348,3481.531162
16349,2596.118337
16350,3440.798133
16351,2694.223519
16352,3065.360946
16353,3208.916031
16354,3733.408374
16355,2633.682463
16356,2964.15656
16357,3112.327787
16358,2983.060117
16359,2666.682856
16360,2925.762875
16361,3587.98612
16362,3016.885966
16363,5055.311773
16364,5668.447404
16365,6015.347317
16366,4970.185217
16367,4904.841407
16368,5474.169572
16369,4365.067813
16370,4976.820622
16371,4906.549375
16372,5643.390619
16373,4960.989174
16374,5043.119105
16375,5656.718095
16376,5234.077145
16377,5087.772477
16378,5614.219245
16379,4351.409346
16380,5698.240041
16381,4939.00615
16382,5711.965309
16383,5790.661605
16384,6290.468108
16385,4907.593922
16386,5636.413457
16387,5059.322244
16388,5553.963831
16389,5001.353871
16390,4323.204694
16391,5516.510786
16392,4361.759362
16393,5346.834879
16394,4895.50824
16395,4370.850147
16396,5615.069138
16397,5462.329163
16398,4339.306401
16399,4979.642132
16400,6032.241514
16401,6082.59563
16402,5179.558224
16403,4658.11858
16404,6175.965907
16405,6945.23668
16406,7173.355222
16407,6782.564105
16408,6145.680708
16409,6821.951605
16410,6439.072608
16411,5842.612223
16412,5701.72817
16413,7027.256223
16414,6639.741251
16415,5733.118677
16416,5683.216326
16417,6645.10083
16418,6133.227825
16419,6300.10563
16420,6591.718247
16421,6017.433215
16422,7306.285992
16423,6399.615155
16424,6626.817983
16425,7536.032817
16426,6729.135627
16427,7206.835719
16428,5809.023151
16429,7258.833727
16430,5982.961151
16431,6627.099427
16432,7167.24621
16433,5749.992705
16434,6650.965607
16435,5761.767669
16436,6400.43725
16437,5808.756409
16438,5791.846327
16439,6646.159025
16440,6683.228922
16441,7011.778641
16442,6714.823502
16443,6494.557338
16444,6437.187682
16445,3854.160976
16446,4053.93747
16447,4938.602602
16448,3917.507273
16449,4529.27582
16450,4453.477294
16451,4828.619551
16452,4795.873403
16453,4497.284257
16454,3828.181812
16455,5373.792857
16456,4832.505514
16457,3801.569346
16458,5189.403128
16459,3882.247773
16460,3884.168834
16461,4609.853488
16462,3866.241344
16463,4842.58371
16464,4863.296463
16465,4866.021554
16466,3858.139827
16467,5543.134174
16468,4013.070846
16469,4645.476419
16470,5573.955228
16471,4961.48459
16472,4742.381774
16473,4900.452662
16474,4500.043422
16475,4765.433167
16476,3955.159197
16477,3882.620973
16478,4884.432138
16479,3998.629743
16480,3854.629078
16481,4826.526419
16482,3875.661144
16483,4780.092324
16484,4634.311698
16485,4507.289762
16486,7739.608578
16487,8703.644679
16488,9031.898433
16489,8654.341237
16490,9534.441564
16491,7641.76979
16492,7707.228534
16493,8727.311984
16494,8563.103841
16495,8647.793664
16496,8567.224416
16497,7866.995026
16498,7791.400912
16499,8632.448581
16500,8892.199945
16501,9237.967898
16502,7710.90464
16503,8376.143187
16504,8760.346772
16505,7708.463549
16506,8546.146852
16507,8973.690962
16508,9099.396394
16509,7643.653824
16510,9572.597052
16511,8761.010183
16512,7774.996077
16513,8380.855674
16514,9650.885853
16515,8632.699664
16516,9102.668378
16517,9837.942262
16518,7822.493089
16519,8436.228023
16520,8610.031912
16521,9440.345702
16522,7616.728938
16523,7974.12116
16524,8817.463357
16525,8590.814834
16526,9379.449177
16527,4474.711317
16528,4301.063761
16529,5120.061143
16530,5324.70812
16531,5286.751182
16532,4316.032565
16533,5565.519799
16534,5239.23887
16535,4543.865797
16536,5134.281626
16537,4375.620435
16538,3761.932154
16539,6103.472551
16540,5064.271104
16541,4388.287325
16542,3736.16361
16543,5155.349746
16544,3684.68527
16545,6123.398689
16546,4389.088045
16547,5259.381213
16548,3804.872382
16549,5587.201906
16550,3627.154707
16551,4510.003631
16552,4582.053231
16553,4405.762543
16554,5067.825942
16555,6147.916518
16556,5377.30659
16557,6216.731647
16558,5144.272082
16559,4577.905277
16560,5141.227484
16561,5523.454998
16562,3649.694288
16563,4410.261015
16564,4457.630861
16565,4412.476588
16566,4369.17461
16567,3647.371896
16568,4833.507695
16569,5301.092319
16570,5959.137434
16571,5328.172868
16572,5127.295828
16573,5132.99408
16574,4731.598553
16575,4822.623179
16576,5857.892012
16577,5698.993418
16578,5231.328131
16579,5676.715393
16580,5149.700802
16581,5116.133513
16582,4968.835381
16583,5218.337557
16584,5350.432366
16585,5186.431374
16586,5176.016111
16587,5469.699876
16588,5080.554504
16589,4813.249796
16590,5393.699074
16591,4967.349418
16592,4864.352305
16593,5093.499936
16594,5446.275829
16595,5021.483815
16596,4842.224127
16597,5499.695217
16598,5065.660224
16599,5835.34488
16600,4726.305784
16601,6076.393171
16602,4912.004277
16603,4898.168339
16604,5461.790891
16605,5074.532101
16606,5213.938905
16607,5106.673719
16608,5176.323675
16609,9329.661693
16610,10369.53675
16611,8302.041601
16612,8743.647408
16613,9255.34261
16614,8125.136184
16615,6770.034698
16616,8264.079315
16617,7899.927907
16618,7996.118015
16619,7009.509917
16620,8023.908951
16621,9431.709344
16622,8682.603251
16623,6781.741453
16624,8084.090528
16625,9085.4506
16626,8023.149123
16627,9249.445463
16628,7968.547512
16629,9142.482168
16630,8808.352585
16631,8053.544751
16632,8283.937895
16633,8795.325032
16634,7078.719504
16635,10738.74056
16636,6975.295032
16637,10156.70414
16638,8690.569645
16639,8636.3149
16640,6817.752796
16641,10153.15772
16642,8759.10365
16643,8996.544254
16644,8029.350132
16645,8021.89098
16646,7899.046485
16647,6843.520588
16648,8116.21673
16649,9039.153295
16650,10228.32106
16651,11882.20822
16652,10006.56834
16653,10354.1492
16654,11354.66059
16655,11263.41172
16656,9994.336729
16657,10756.60939
16658,9966.306593
16659,9507.747027
16660,11396.61272
16661,11106.35644
16662,11495.31325
16663,9405.98732
16664,9862.192205
16665,9478.457557
16666,11605.02123
16667,12094.22551
16668,10280.16835
16669,12932.15836
16670,10853.6853
16671,10089.37992
16672,9917.081125
16673,9955.588103
16674,10960.06452
16675,11393.56552
16676,12952.93347
16677,9934.578678
16678,9914.99234
16679,12825.59473
16680,9952.629961
16681,9423.171666
16682,11055.2575
16683,9825.304518
16684,9922.832998
16685,9820.835848
16686,11634.99892
16687,10260.56675
16688,11911.93501
16689,10049.34932
16690,14253.91939
16691,9125.648801
16692,9370.246535
16693,9556.227153
16694,8158.843509
16695,9886.199337
16696,9055.348666
16697,9544.573308
16698,8202.836702
16699,8368.459328
16700,9626.541481
16701,9665.189023
16702,8011.547074
16703,8206.146113
16704,9145.364864
16705,9122.161137
16706,9076.460744
16707,9410.646281
16708,8042.113142
16709,10003.48788
16710,10191.64023
16711,9179.353411
16712,9141.387922
16713,9819.101583
16714,10075.26362
16715,9732.734626
16716,8728.118019
16717,9747.523294
16718,8014.883774
16719,9473.352852
16720,8414.118838
16721,7811.606695
16722,9238.345205
16723,8742.83668
16724,8068.995439
16725,8136.650423
16726,8554.333997
16727,9095.785927
16728,10243.70423
16729,8178.495438
16730,8202.685759
16731,7815.859009
16732,5029.386512
16733,5604.275653
16734,5749.093244
16735,5644.409091
16736,5679.385431
16737,5666.767169
16738,5569.49794
16739,5065.909789
16740,4929.252976
16741,5515.325002
16742,5631.555656
16743,6263.47577
16744,4955.059577
16745,5063.554334
16746,5037.180096
16747,4877.058323
16748,4986.996211
16749,5120.469702
16750,5226.692438
16751,5559.79469
16752,5632.003709
16753,4821.22627
16754,5207.239348
16755,5150.048756
16756,6322.543107
16757,4806.692059
16758,5072.850183
16759,4896.622218
16760,6298.640347
16761,5756.661041
16762,5632.794878
16763,4860.409509
16764,5088.234168
16765,4978.501474
16766,5628.818007
16767,4860.458386
16768,4750.447364
16769,4788.847671
16770,7022.218253
16771,5752.008755
16772,5612.305194
16773,5516.661782
16774,5355.243887
16775,4449.263141
16776,4639.529604
16777,4018.910515
16778,6288.623657
16779,5764.652416
16780,5444.768923
16781,5632.262104
16782,4569.253591
16783,5539.249624
16784,5272.366441
16785,3966.551556
16786,5443.215378
16787,4017.326902
16788,5481.823041
16789,6232.700476
16790,4431.741572
16791,6015.771655
16792,6199.558924
16793,4563.012936
16794,4599.68639
16795,4182.890172
16796,4473.12563
16797,4054.989685
16798,5342.122123
16799,5482.79947
16800,5458.013249
16801,4603.960121
16802,4563.871431
16803,4164.130638
16804,4591.902115
16805,5634.484321
16806,4671.146034
16807,4654.842739
16808,5640.363357
16809,4654.209769
16810,4037.110223
16811,5222.923207
16812,4568.9444
16813,4842.040204
16814,9681.148958
16815,5294.036334
16816,8106.890182
16817,9602.772628
16818,9729.858152
16819,7407.4819
16820,8346.285109
16821,7915.502161
16822,8320.098556
16823,8519.262763
16824,9593.829022
16825,10433.4726
16826,9539.21328
16827,8054.596578
16828,8141.760952
16829,10887.83057
16830,10296.9
16831,6207.774962
16832,10140.82322
16833,9336.909444
16834,8679.681856
16835,9043.783514
16836,7086.891481
16837,10343.06344
16838,6718.311553
16839,7812.313837
16840,8370.610935
16841,6414.197967
16842,5732.588324
16843,6655.687815
16844,11287.11426
16845,10935.25754
16846,7560.786656
16847,10524.90798
16848,9514.169351
16849,8829.722345
16850,8428.824975
16851,9412.435313
16852,7326.190432
16853,9478.578713
16854,8215.101078
16855,10234.75185
16856,10263.8094
16857,9424.045137
16858,9018.848247
16859,11183.44728
16860,9679.384954
16861,9511.854082
16862,8384.927635
16863,8242.14479
16864,7878.234834
16865,7123.901075
16866,6949.152483
16867,6892.044875
16868,8398.617342
16869,7139.843737
16870,7953.421718
16871,8193.303304
16872,7391.098678
16873,8200.119287
16874,6857.335962
16875,7663.507083
16876,8428.939858
16877,8790.60359
16878,7829.76386
16879,8204.781823
16880,8405.36189
16881,8091.35575
16882,8218.729967
16883,6921.091697
16884,6923.647659
16885,7522.134333
16886,8212.893691
16887,7128.518835
16888,7150.614033
16889,8314.2982
16890,7087.627394
16891,8611.297116
16892,7818.799134
16893,8279.839994
16894,8972.461604
16895,8447.282144
16896,7539.640488
16897,7009.036592
16898,7739.434679
16899,7109.889961
16900,6958.274864
16901,6780.823713
16902,8347.269302
16903,6101.296632
16904,6399.644594
16905,5590.003682
16906,6662.224491
16907,6670.934427
16908,5408.987662
16909,5489.912897
16910,6364.323455
16911,7072.267445
16912,5303.2796
16913,5569.550241
16914,5283.364677
16915,5864.856754
16916,5451.107123
16917,5101.169538
16918,5319.031372
16919,5178.273706
16920,6161.370753
16921,6397.928516
16922,5403.487757
16923,5245.99682
16924,6616.026298
16925,6180.214838
16926,5632.461283
16927,6882.565254
16928,6060.779739
16929,5306.992372
16930,5352.132973
16931,7245.953173
16932,5288.873277
16933,7061.579314
16934,6180.031651
16935,7482.587521
16936,5285.858067
16937,5232.81359
16938,7038.783031
16939,5180.106078
16940,5336.496509
16941,5239.568558
16942,6133.779474
16943,5409.483808
16944,5325.066046
16945,4676.715235
16946,5661.693076
16947,5354.569548
16948,5123.550026
16949,5345.676697
16950,5517.007318
16951,4991.431121
16952,5257.49913
16953,4601.479229
16954,5135.814018
16955,4639.15582
16956,4757.310668
16957,4708.210004
16958,5606.835797
16959,4592.528062
16960,5345.749401
16961,6089.197669
16962,5020.047434
16963,4833.386651
16964,5337.968607
16965,5263.472893
16966,4605.314741
16967,4646.622543
16968,4571.901832
16969,4858.895422
16970,4661.084773
16971,5008.052421
16972,4593.88166
16973,5227.321594
16974,5388.830818
16975,5406.509826
16976,4590.383653
16977,4964.723677
16978,6077.15397
16979,4883.075511
16980,5056.034649
16981,5889.041907
16982,5281.755476
16983,6319.779846
16984,7844.948377
16985,6786.585375
16986,8272.02953
16987,7939.583937
16988,7528.720079
16989,6803.236087
16990,6610.334714
16991,7589.423028
16992,7964.345647
16993,7474.509474
16994,7889.164714
16995,7516.981709
16996,7532.854184
16997,7690.28928
16998,6794.675656
16999,6689.892552
17000,6664.535193
17001,0
17002,7524.691036
17003,6678.327207
17004,6660.484838
17005,7470.482525
17006,7440.144551
17007,7431.010679
17008,6660.653501
17009,7933.10517
17010,6632.045375
17011,8270.918352
17012,7414.692372
17013,8318.734719
17014,6637.573263
17015,7780.781537
17016,6740.005767
17017,6790.463475
17018,8562.024333
17019,8720.068309
17020,7571.37692
17021,7767.47688
17022,8581.797397
17023,6575.936731
17024,8490.89567
17025,6952.942143
17026,9063.096217
17027,9553.400464
17028,7134.656593
17029,9673.299715
17030,7605.886667
17031,10192.43878
17032,8116.823173
17033,10172.02242
17034,8381.989586
17035,8030.305356
17036,9439.414025
17037,10906.85606
17038,9520.749839
17039,8285.112002
17040,7205.628165
17041,9233.080465
17042,7148.112742
17043,9278.120528
17044,8192.481935
17045,7583.030145
17046,9795.682285
17047,8145.604754
17048,10518.81712
17049,7912.240264
17050,8128.713332
17051,8087.194652
17052,7159.437492
17053,8052.381037
17054,7800.600027
17055,7153.88283
17056,10376.06741
17057,9426.929724
17058,11119.8747
17059,10249.20336
17060,8061.390027
17061,7973.715881
17062,11418.53113
17063,8174.969161
17064,10374.84184
17065,8165.414805
17066,10865.55609
17067,4734.722102
17068,4688.767852
17069,5001.469313
17070,4793.594949
17071,4259.885398
17072,4773.114129
17073,4919.892252
17074,4860.443394
17075,4727.474498
17076,4355.633559
17077,4608.334192
17078,5393.638716
17079,5005.004207
17080,4767.091065
17081,4312.365572
17082,5483.473987
17083,4398.004121
17084,4743.085494
17085,5035.48601
17086,4712.335726
17087,4136.446855
17088,4983.978983
17089,4349.002277
17090,5102.817294
17091,4263.409233
17092,4653.10277
17093,4914.849688
17094,4244.565428
17095,4796.305064
17096,4290.065495
17097,5061.281682
17098,4377.317042
17099,4227.280687
17100,4248.992614
17101,4759.050016
17102,4292.1785
17103,4882.732795
17104,5750.004163
17105,5300.006416
17106,4932.945659
17107,4544.129511
17108,6031.629297
17109,6481.420441
17110,5821.548181
17111,6396.230768
17112,6190.545198
17113,6643.165553
17114,5947.969056
17115,6124.414285
17116,4954.278408
17117,4898.208539
17118,4814.937878
17119,7349.872446
17120,5762.090114
17121,6793.75869
17122,5611.00582
17123,5479.956504
17124,5525.208067
17125,4851.937443
17126,6318.965947
17127,7502.790086
17128,5537.705609
17129,6258.323885
17130,6026.537647
17131,5569.494917
17132,7427.341886
17133,6493.562696
17134,6220.953531
17135,6269.460022
17136,5554.843046
17137,5640.716691
17138,6865.002453
17139,6523.851259
17140,5501.019179
17141,5680.702349
17142,7369.439053
17143,5453.524149
17144,5480.102644
17145,5084.821194
17146,4902.707934
17147,4858.944326
17148,6477.88876
17149,6897.782681
17150,8158.510392
17151,8290.573283
17152,7741.839686
17153,8724.605781
17154,8807.489591
17155,7275.396827
17156,7096.375986
17157,6990.261753
17158,7599.592028
17159,7557.582541
17160,7626.484175
17161,8373.106966
17162,8442.203315
17163,8106.478422
17164,8521.591932
17165,8102.72103
17166,9551.722074
17167,7241.532552
17168,8160.961959
17169,7622.201566
17170,7988.577867
17171,7887.085289
17172,8024.810131
17173,6880.145575
17174,9492.246551
17175,8568.514794
17176,7017.870918
17177,6968.873324
17178,8306.23737
17179,6952.115129
17180,6959.617439
17181,7018.042642
17182,8380.478999
17183,6854.811235
17184,7014.654493
17185,7268.903564
17186,6975.932455
17187,8320.494086
17188,9311.701479
17189,9198.992988
17190,8196.253289
17191,6005.564547
17192,10147.64789
17193,6816.622595
17194,8365.341269
17195,8657.030706
17196,8368.796671
17197,7033.401395
17198,7145.935006
17199,8776.09449
17200,9369.852178
17201,8310.848983
17202,7325.357016
17203,5775.923171
17204,8876.485058
17205,8420.762695
17206,9396.190792
17207,8654.129479
17208,7370.524828
17209,6199.336429
17210,6961.592815
17211,6877.832408
17212,8570.526539
17213,8092.798552
17214,5833.139171
17215,7334.678497
17216,5859.097892
17217,7052.047023
17218,8151.394072
17219,8391.096606
17220,6984.526884
17221,7016.218289
17222,7083.372993
17223,5826.683136
17224,6847.479881
17225,5982.963441
17226,8570.675194
17227,6817.178801
17228,8278.616565
17229,6985.539003
17230,9523.946706
17231,14508.28934
17232,12337.85445
17233,13752.26679
17234,12218.09754
17235,13464.0948
17236,13331.48266
17237,12798.41595
17238,14132.22523
17239,12597.44276
17240,12674.52233
17241,12267.72414
17242,12453.95029
17243,12760.18168
17244,13831.40708
17245,14289.25175
17246,12145.50333
17247,12924.09627
17248,13335.4368
17249,12874.85908
17250,15106.60943
17251,12533.01654
17252,14557.75631
17253,14974.95703
17254,12387.49509
17255,15040.51759
17256,13047.39007
17257,12423.51297
17258,12537.89654
17259,12215.93511
17260,12538.54427
17261,12347.06982
17262,13428.82278
17263,13256.21907
17264,12161.34227
17265,13269.27833
17266,12304.90892
17267,14882.69457
17268,14058.22878
17269,12231.26486
17270,15368.37826
17271,12307.4883
17272,6260.476258
17273,6470.708261
17274,5676.577772
17275,6100.399744
17276,6344.11129
17277,5744.539919
17278,6168.429342
17279,6156.46514
17280,6285.439343
17281,5587.947219
17282,5645.419225
17283,5885.759952
17284,5558.858877
17285,6344.606381
17286,7095.260652
17287,6303.486141
17288,6360.708195
17289,6365.900824
17290,6890.285242
17291,6755.071001
17292,6956.445369
17293,6893.902901
17294,5805.099366
17295,5603.270357
17296,5636.939919
17297,5629.050476
17298,7024.454033
17299,6051.714457
17300,5449.932714
17301,6354.589716
17302,7315.708273
17303,7273.302317
17304,5991.309777
17305,7060.297241
17306,7529.840603
17307,6320.367869
17308,5598.730656
17309,6296.780039
17310,5423.982079
17311,7079.310484
17312,5432.402624
17313,12882.00876
17314,11853.93924
17315,12050.5132
17316,12484.62563
17317,13685.20009
17318,12926.58591
17319,12988.43379
17320,13839.51325
17321,12849.62041
17322,13886.17261
17323,14871.37649
17324,12535.96613
17325,13450.9084
17326,13288.15248
17327,13762.02904
17328,13586.57743
17329,12089.96152
17330,13921.74045
17331,13381.94958
17332,12819.43924
17333,13818.10762
17334,11974.76188
17335,14637.6187
17336,13419.53441
17337,12118.92968
17338,12491.83613
17339,14597.94206
17340,12623.80287
17341,14362.79761
17342,12530.10863
17343,12630.71235
17344,14708.90238
17345,12752.84932
17346,12616.02442
17347,12716.33489
17348,13164.28208
17349,12406.31823
17350,14361.99433
17351,12609.64315
17352,12566.38715
17353,12408.52238
17354,7656.414481
17355,7511.339778
17356,6348.703842
17357,7408.103024
17358,7645.572101
17359,6812.467987
17360,6758.81562
17361,7526.101647
17362,7869.545838
17363,7098.231537
17364,7652.984106
17365,7582.001717
17366,6647.090767
17367,6509.709774
17368,6526.631931
17369,6675.285596
17370,6966.325651
17371,6363.273225
17372,7534.53268
17373,6774.735894
17374,8368.759901
17375,7634.505378
17376,6311.114704
17377,8269.248989
17378,6612.403938
17379,7760.948417
17380,8312.257058
17381,7222.009219
17382,6365.768433
17383,7878.83183
17384,7129.401895
17385,6578.114628
17386,6722.066374
17387,6863.636865
17388,6347.195325
17389,7095.044117
17390,7491.705186
17391,6507.817187
17392,8284.573324
17393,6314.766893
17394,4904.271491
17395,4705.164909
17396,4747.71146
17397,5267.807089
17398,5380.631688
17399,4801.743333
17400,5332.3896
17401,4763.544908
17402,4784.986743
17403,5282.417539
17404,5459.175835
17405,5082.528236
17406,5911.013567
17407,4939.375773
17408,5345.240731
17409,5273.039249
17410,5356.399904
17411,5807.830903
17412,4841.43035
17413,5062.964393
17414,5435.599307
17415,5324.076399
17416,6092.531205
17417,5945.166706
17418,5323.450265
17419,4789.443658
17420,4873.764644
17421,4644.072335
17422,4793.794019
17423,5005.516525
17424,4783.372563
17425,4776.549036
17426,4714.788432
17427,4677.763754
17428,5324.413345
17429,4718.502042
17430,4654.227835
17431,5910.071999
17432,5270.575538
17433,5758.328743
17434,4832.865182
17435,3205.38178
17436,2937.940729
17437,3253.257362
17438,3096.436235
17439,3620.995503
17440,4090.600186
17441,3841.225474
17442,3137.10952
17443,3668.434597
17444,3574.785492
17445,4178.887658
17446,3939.059813
17447,3059.561257
17448,3693.932347
17449,3882.673539
17450,3198.794316
17451,3793.492264
17452,2770.612319
17453,2750.590504
17454,3041.196952
17455,3190.532073
17456,3213.967402
17457,3664.991434
17458,3731.74939
17459,3642.028078
17460,2771.382694
17461,3296.532692
17462,3159.484002
17463,2809.021315
17464,3925.895419
17465,3185.562623
17466,4164.558458
17467,2741.073134
17468,3791.639527
17469,4142.385127
17470,2841.399063
17471,4126.236642
17472,3644.409645
17473,3166.779495
17474,3109.259497
17475,3043.66888
17476,5765.11076
17477,6621.379156
17478,6459.639623
17479,7190.225848
17480,5965.620798
17481,7081.860732
17482,5744.032745
17483,5728.399119
17484,6908.130316
17485,6457.473452
17486,5824.690329
17487,5892.580927
17488,6550.179125
17489,5970.249817
17490,6435.62174
17491,6529.495195
17492,6903.096644
17493,7413.318714
17494,6582.49635
17495,6266.295454
17496,6013.93171
17497,6532.544382
17498,7552.637813
17499,6596.746945
17500,6347.696645
17501,6723.647441
17502,5755.144103
17503,5639.004984
17504,6218.227988
17505,5737.891942
17506,6216.934705
17507,5745.092969
17508,7352.957768
17509,5721.662009
17510,6357.369234
17511,7464.925047
17512,6210.433129
17513,6981.963596
17514,6340.401299
17515,5799.702265
17516,6018.790406
17517,6767.860054
17518,6666.487748
17519,5754.741095
17520,5731.489148
17521,6552.527726
17522,5569.486245
17523,6995.980805
17524,6117.516199
17525,6579.102772
17526,6664.434212
17527,6658.714866
17528,6354.120802
17529,6777.680919
17530,5929.000129
17531,5781.746182
17532,6025.089094
17533,6668.993344
17534,6655.487861
17535,5799.708625
17536,6701.325642
17537,6595.966778
17538,6384.429609
17539,6542.069801
17540,7734.59915
17541,7242.547423
17542,7277.160639
17543,5916.695855
17544,5597.550228
17545,5476.305412
17546,7411.516617
17547,5533.330875
17548,5904.94306
17549,5661.990345
17550,5630.460671
17551,5692.292345
17552,5499.402368
17553,5604.50887
17554,5602.009043
17555,6039.484952
17556,5571.225517
17557,5194.167851
17558,4872.640521
17559,4775.680962
17560,4664.921911
17561,5708.579129
17562,4973.743186
17563,6738.461763
17564,5774.985434
17565,5694.914556
17566,5884.249645
17567,5896.941396
17568,4834.535495
17569,6555.541698
17570,4891.889711
17571,4687.666465
17572,5832.61178
17573,4640.700313
17574,4756.438494
17575,6076.38318
17576,5522.011502
17577,5546.296098
17578,4570.211715
17579,5542.447488
17580,6614.076927
17581,5469.969257
17582,6135.394352
17583,4966.832394
17584,4726.753499
17585,4555.432906
17586,4933.392006
17587,5621.813319
17588,5017.612774
17589,5444.87997
17590,4982.657251
17591,5796.819953
17592,4935.283714
17593,4790.44233
17594,6565.885173
17595,4758.575669
17596,4948.616675
17597,4884.539487
17598,7016.153428
17599,7727.969908
17600,7684.160224
17601,6855.161648
17602,7777.527391
17603,8269.885964
17604,8299.107166
17605,6883.550055
17606,8394.099373
17607,8472.879166
17608,7772.357205
17609,6914.448613
17610,6852.961995
17611,8416.357286
17612,7495.981351
17613,8204.781617
17614,8573.396456
17615,7511.343195
17616,6759.04386
17617,7898.915983
17618,6814.878399
17619,8009.103561
17620,6881.581213
17621,7324.928544
17622,7620.881843
17623,7032.961727
17624,6846.313196
17625,8308.801895
17626,6942.764986
17627,8228.478417
17628,8149.103544
17629,7504.713322
17630,7743.775975
17631,8122.279948
17632,8213.102201
17633,6839.837498
17634,8012.589278
17635,7364.977036
17636,8204.056034
17637,7781.599941
17638,7836.669971
17639,4731.492724
17640,4719.431297
17641,5378.810217
17642,5759.164633
17643,5214.600433
17644,5327.691134
17645,5353.183882
17646,4703.563793
17647,5299.998987
17648,4707.86502
17649,5359.535704
17650,5299.66597
17651,5297.513273
17652,5262.914878
17653,5335.576419
17654,6062.119642
17655,4646.325149
17656,5278.662522
17657,5186.395585
17658,5347.457227
17659,5164.52142
17660,5775.485152
17661,5153.661921
17662,4666.965068
17663,4657.424088
17664,4671.369831
17665,4592.717754
17666,4762.791833
17667,4598.673946
17668,5337.925212
17669,5169.201499
17670,5139.332603
17671,4602.052093
17672,5260.550655
17673,4581.887246
17674,5431.273351
17675,5230.875702
17676,4694.470901
17677,5776.771157
17678,4672.660943
17679,3857.164969
17680,4441.989866
17681,4633.799192
17682,5430.923369
17683,4429.266396
17684,3897.546035
17685,3976.577659
17686,3886.219982
17687,3718.342666
17688,4606.883655
17689,4465.600852
17690,4396.112211
17691,3974.293119
17692,4481.883697
17693,4827.505399
17694,3393.350553
17695,6327.245723
17696,4355.506084
17697,4390.24716
17698,4756.017191
17699,3758.399197
17700,3919.965372
17701,3400.554811
17702,4474.679837
17703,3353.558426
17704,3904.872868
17705,3577.300518
17706,3509.122438
17707,4217.691309
17708,4428.811513
17709,3890.178231
17710,3920.612797
17711,4522.778568
17712,3905.275914
17713,3823.160307
17714,5245.450858
17715,4433.728178
17716,3383.903746
17717,5301.828369
17718,3737.162377
17719,3396.25041
17720,7380.47617
17721,6365.125361
17722,7491.466516
17723,8000.975381
17724,6375.697124
17725,6409.013302
17726,7433.033117
17727,6336.652838
17728,6848.956059
17729,6350.213503
17730,7363.955271
17731,7293.008782
17732,7272.038649
17733,8681.004831
17734,6356.529794
17735,7388.145731
17736,7171.184863
17737,7951.418669
17738,7463.665638
17739,6481.489929
17740,7412.893772
17741,7303.034168
17742,6874.576036
17743,7382.552027
17744,7567.187239
17745,6364.12302
17746,6698.705423
17747,7317.271838
17748,6847.037691
17749,6476.775307
17750,6407.308044
17751,7980.103868
17752,7027.423872
17753,6856.86804
17754,7004.145212
17755,6349.384226
17756,7309.704002
17757,7279.197867
17758,7408.589399
17759,6736.133118
17760,6357.970689
17761,3222.760034
17762,3367.660524
17763,3700.669979
17764,3744.008881
17765,3649.849011
17766,3282.482568
17767,3252.004617
17768,3591.998833
17769,3723.480627
17770,3612.832666
17771,3338.492686
17772,3906.83405
17773,4305.816634
17774,3394.519649
17775,3847.195368
17776,3157.211836
17777,4354.092113
17778,3515.682897
17779,3495.414658
17780,3160.353109
17781,3924.8695
17782,3370.87683
17783,3617.272518
17784,3746.369429
17785,3387.592894
17786,3864.021429
17787,3435.528877
17788,3532.607752
17789,4243.390359
17790,3162.084242
17791,3453.725401
17792,3679.174935
17793,3839.898641
17794,3504.232827
17795,4194.978875
17796,3355.241822
17797,3275.7416
17798,3409.753638
17799,3154.070543
17800,3741.870107
17801,3252.257046
17802,7938.923466
17803,9013.569951
17804,8546.591399
17805,8485.396687
17806,8756.655327
17807,7943.391576
17808,8297.67029
17809,8557.82365
17810,8330.807412
17811,8303.29927
17812,7832.848521
17813,7858.772013
17814,7982.618833
17815,7778.470889
17816,8587.610431
17817,8746.337726
17818,8512.461787
17819,8310.480867
17820,7830.93325
17821,7718.934326
17822,7781.523746
17823,8582.341656
17824,8904.428898
17825,7781.617528
17826,8467.320353
17827,7732.7077
17828,8058.41955
17829,8456.03529
17830,7836.039608
17831,8441.587017
17832,8993.695624
17833,7830.915719
17834,8595.672118
17835,8539.193688
17836,8489.448878
17837,8672.668307
17838,8888.254755
17839,7760.156086
17840,7845.516373
17841,8123.481236
17842,7053.29482
17843,6854.440458
17844,6032.42327
17845,7221.482958
17846,7213.975452
17847,7234.034588
17848,7133.199489
17849,7052.128061
17850,5997.695811
17851,6912.819643
17852,6434.802467
17853,8396.838443
17854,7302.690862
17855,8316.508049
17856,6679.398124
17857,7240.822422
17858,6202.226407
17859,8225.364391
17860,6210.605227
17861,7081.878633
17862,6914.353972
17863,6961.810318
17864,7293.915956
17865,7194.576114
17866,6107.741634
17867,6001.550569
17868,6071.461448
17869,6096.045006
17870,5960.110739
17871,5928.856263
17872,6155.39011
17873,7200.149429
17874,6680.884559
17875,7165.646979
17876,8638.102027
17877,6238.548995
17878,6712.569519
17879,6714.921794
17880,6083.36059
17881,6160.107455
17882,7242.673076
17883,7225.868028
17884,8482.057217
17885,7345.496051
17886,7239.550763
17887,7979.885355
17888,7600.689418
17889,7465.2854
17890,7291.475259
17891,7786.761534
17892,8173.588206
17893,7262.022942
17894,8641.88509
17895,7618.570576
17896,8297.823894
17897,7386.056966
17898,8020.739176
17899,9077.90373
17900,7600.976242
17901,8286.003125
17902,7195.167947
17903,7625.163134
17904,7229.82389
17905,8239.875686
17906,9564.713048
17907,7914.543521
17908,7282.744551
17909,9193.959675
17910,7947.047313
17911,7271.480291
17912,8386.357484
17913,7100.288471
17914,7300.028462
17915,9131.871063
17916,8098.542532
17917,7263.557215
17918,8495.61424
17919,11517.4862
17920,7295.869998
17921,7218.309567
17922,7189.072907
17923,7358.030573
17924,7496.049663
17925,7533.994491
17926,9015.160044
17927,8643.121163
17928,7528.539058
17929,8312.830605
17930,7722.87862
17931,8849.481244
17932,7505.392606
17933,10073.59102
17934,8519.7814
17935,7984.810672
17936,7468.082257
17937,8952.639677
17938,8612.468462
17939,8678.357486
17940,7713.733063
17941,7593.420853
17942,8555.543006
17943,8347.108985
17944,9920.804046
17945,8719.035554
17946,8939.799208
17947,7550.920708
17948,8639.359133
17949,8518.197668
17950,7830.692896
17951,7901.652008
17952,8674.998665
17953,10229.7638
17954,7432.351479
17955,9261.382148
17956,7422.198172
17957,7782.986875
17958,7506.152662
17959,9104.738787
17960,7888.617297
17961,8406.824206
17962,7939.574411
17963,8930.367304
17964,11087.7993
17965,5452.810341
17966,5629.828117
17967,4604.247302
17968,4612.782406
17969,4553.90398
17970,5583.279658
17971,4781.045282
17972,5599.666832
17973,5468.560556
17974,5008.848219
17975,4574.235317
17976,5553.95556
17977,6874.017016
17978,4548.162409
17979,5474.170706
17980,5339.586697
17981,4839.061673
17982,5659.979986
17983,4616.736403
17984,4742.046143
17985,5603.845074
17986,5681.66695
17987,4846.726974
17988,6337.931241
17989,4486.209176
17990,4619.978337
17991,5373.863915
17992,5646.189296
17993,4829.615512
17994,6271.72306
17995,6406.398761
17996,4510.553415
17997,5093.167474
17998,4513.518453
17999,4550.362856
18000,5679.769292
18001,4776.913052
18002,5539.63226
18003,4494.119402
18004,4779.434451
18005,4742.84414
18006,7915.526745
18007,8410.969486
18008,9562.052287
18009,9378.627149
18010,8580.73655
18011,8400.968974
18012,8516.799945
18013,9979.932475
18014,9294.565502
18015,9410.565562
18016,9892.098448
18017,9274.552071
18018,8440.925856
18019,9378.604127
18020,9518.251554
18021,8357.808937
18022,8486.751816
18023,7997.696965
18024,9873.407377
18025,8540.485826
18026,7856.179006
18027,9605.03092
18028,10224.76477
18029,8333.704703
18030,8968.201186
18031,10076.33632
18032,9233.660602
18033,8470.453824
18034,9091.283948
18035,8391.758265
18036,8447.162606
18037,8348.746138
18038,8496.504643
18039,8429.330668
18040,10279.78183
18041,8518.471727
18042,9524.504773
18043,9678.533203
18044,8702.099435
18045,8046.605168
18046,7807.021893
18047,7281.976152
18048,6535.225807
18049,7107.478682
18050,6925.274531
18051,6939.467942
18052,7150.761717
18053,6911.381617
18054,6941.640824
18055,7244.639142
18056,6916.122657
18057,6427.478419
18058,7104.001304
18059,6551.398999
18060,6507.049673
18061,6498.339573
18062,7085.710089
18063,7098.032857
18064,6903.599698
18065,6454.529214
18066,7205.759675
18067,6606.890114
18068,6579.921938
18069,7385.630356
18070,7257.578392
18071,7461.900703
18072,7104.74665
18073,6604.321614
18074,7037.135823
18075,7003.502338
18076,6927.350819
18077,7390.662894
18078,6919.702292
18079,7375.7738
18080,7272.076875
18081,6982.260063
18082,6860.040824
18083,6621.110135
18084,6498.664384
18085,7368.136375
18086,6442.218364
18087,5097.172896
18088,5737.294846
18089,5006.107822
18090,5008.314025
18091,5713.831222
18092,6340.454726
18093,5020.919784
18094,5016.487954
18095,5332.748926
18096,5897.975058
18097,5990.462061
18098,5342.765698
18099,5061.589709
18100,5188.025753
18101,5072.886385
18102,5034.015691
18103,5896.952483
18104,5003.253985
18105,5837.621816
18106,5611.671178
18107,5137.694509
18108,5021.866432
18109,5772.680061
18110,6069.945076
18111,5785.232554
18112,6059.725184
18113,6216.023254
18114,5015.649582
18115,5772.580561
18116,5007.975857
18117,5869.850182
18118,5027.537392
18119,6186.388488
18120,5167.271057
18121,4990.519196
18122,5057.986888
18123,5447.422319
18124,5645.712238
18125,5074.892126
18126,5851.749669
18127,5528.594661
18128,5713.342612
18129,5286.650925
18130,5733.252384
18131,5630.480006
18132,5374.502529
18133,5533.541264
18134,5672.052219
18135,5667.194157
18136,5587.63913
18137,5958.612965
18138,5314.611111
18139,6054.329095
18140,5970.870405
18141,5996.400791
18142,5579.594031
18143,5948.816236
18144,5317.336106
18145,5603.666276
18146,5966.026921
18147,5554.903156
18148,5284.867141
18149,5756.337766
18150,5719.917051
18151,5571.92047
18152,5675.138997
18153,5640.622424
18154,5369.743967
18155,5681.532338
18156,5815.153096
18157,5301.466797
18158,5321.464041
18159,5954.142091
18160,6029.238357
18161,5374.085
18162,6335.942303
18163,5367.967608
18164,5677.724919
18165,5412.765641
18166,5392.831028
18167,6277.579772
18168,4859.489033
18169,4417.262345
18170,5973.592863
18171,4278.461543
18172,5617.970768
18173,5921.385182
18174,4737.459898
18175,4775.00023
18176,4752.706336
18177,4734.055105
18178,5757.745496
18179,4835.51346
18180,5737.478398
18181,4774.758316
18182,4885.019343
18183,5971.841591
18184,6089.018955
18185,5575.981556
18186,5762.944528
18187,4389.923123
18188,4933.606603
18189,4874.258088
18190,5794.203414
18191,4325.773364
18192,5772.311053
18193,4866.918116
18194,4811.660895
18195,4368.25582
18196,5619.815203
18197,5684.202246
18198,4870.457823
18199,6162.200657
18200,4884.037929
18201,6038.169151
18202,6083.672722
18203,4809.861424
18204,5705.890205
18205,5368.897713
18206,6162.495709
18207,4309.794204
18208,9986.447965
18209,9646.308127
18210,9789.282565
18211,11257.618
18212,10432.085
18213,10668.75793
18214,9543.130261
18215,12400.35286
18216,11021.7862
18217,9511.716176
18218,10828.20642
18219,12166.46
18220,9976.245618
18221,9265.230561
18222,10239.80096
18223,9560.90295
18224,9724.729886
18225,9988.091892
18226,9561.230006
18227,9265.849313
18228,9500.366151
18229,10793.69049
18230,9562.786567
18231,9459.161111
18232,10672.84694
18233,10950.48874
18234,15702.6584
18235,11205.47475
18236,9546.437866
18237,10647.89368
18238,9692.11145
18239,9927.918771
18240,9407.800985
18241,10821.7027
18242,9550.865866
18243,10573.49861
18244,9587.02223
18245,12113.09546
18246,10996.58022
18247,11618.81946
18248,9469.083523
18249,6390.307809
18250,6065.851489
18251,7537.505691
18252,6234.26246
18253,6759.789804
18254,6401.063154
18255,6214.307102
18256,6141.563144
18257,6057.544275
18258,5787.893933
18259,6041.538704
18260,6844.485574
18261,6746.746653
18262,5972.153685
18263,5989.515095
18264,6005.49136
18265,6569.048456
18266,5804.216681
18267,6025.895047
18268,6413.312471
18269,6654.530621
18270,7854.123094
18271,6235.167726
18272,6750.424733
18273,6171.908598
18274,6747.605171
18275,6345.471554
18276,6562.274567
18277,6641.223703
18278,7130.022701
18279,6030.244447
18280,6581.146138
18281,6429.878157
18282,6609.405962
18283,6787.760818
18284,7657.12079
18285,6114.921015
18286,6024.108065
18287,5860.816261
18288,7447.496235
18289,7303.165946
18290,4295.93076
18291,4463.609149
18292,5893.517068
18293,5327.181834
18294,5568.358196
18295,4351.645895
18296,4012.547749
18297,4230.514957
18298,4897.405884
18299,5416.825099
18300,5189.627992
18301,4369.813259
18302,5167.2755
18303,4413.705028
18304,4024.838296
18305,4505.334387
18306,4978.246821
18307,4476.193436
18308,4423.388242
18309,5272.283389
18310,5203.790889
18311,5358.237069
18312,4926.635238
18313,4023.459698
18314,4547.221394
18315,5605.19611
18316,4256.482778
18317,5159.0307
18318,4373.088656
18319,4121.343422
18320,4058.959487
18321,5462.403508
18322,5717.577822
18323,4470.03431
18324,4236.005469
18325,4261.987823
18326,4828.827802
18327,5028.167381
18328,4299.568958
18329,4387.568832
18330,5395.573132
18331,7951.182912
18332,7435.431582
18333,7653.376588
18334,5939.645286
18335,6836.209677
18336,6385.90455
18337,6664.796887
18338,6216.988539
18339,9273.347386
18340,7864.629631
18341,6631.157172
18342,6645.272189
18343,9279.506661
18344,6761.450911
18345,6049.010741
18346,5971.704171
18347,6338.310146
18348,7838.678503
18349,6661.249743
18350,6938.874946
18351,6109.690416
18352,7664.107376
18353,7336.922475
18354,6617.890304
18355,6572.78561
18356,8192.07079
18357,6544.851572
18358,7365.338021
18359,6677.785375
18360,6344.996729
18361,9714.008449
18362,9218.051978
18363,7453.779725
18364,8333.124368
18365,6433.988388
18366,7860.570235
18367,5963.617401
18368,6565.18212
18369,7888.238854
18370,7852.877798
18371,7404.204596
18372,7688.371735
18373,10205.99119
18374,8763.02571
18375,7856.820014
18376,7916.401948
18377,7739.743625
18378,7967.492474
18379,7479.136706
18380,8980.39524
18381,7519.614469
18382,8673.777243
18383,8767.560112
18384,7453.034211
18385,8274.763021
18386,7425.003707
18387,7384.495166
18388,8581.329517
18389,8666.688127
18390,7322.685153
18391,7918.707908
18392,8688.512706
18393,7397.164142
18394,8852.056988
18395,8323.609976
18396,7445.400531
18397,8587.870773
18398,8367.863081
18399,8857.072376
18400,7519.778869
18401,10163.93412
18402,11520.94363
18403,8828.900333
18404,8714.621303
18405,7523.723897
18406,8572.559064
18407,8577.886143
18408,10163.45907
18409,7956.276072
18410,8806.897042
18411,8275.4433
18412,7996.156507
18413,6131.24112
18414,6936.041969
18415,7519.303013
18416,5939.037156
18417,6142.35
18418,5935.240559
18419,7182.461907
18420,6479.384004
18421,8548.532297
18422,6184.283694
18423,6282.447278
18424,6277.256375
18425,6086.700711
18426,5993.272369
18427,6367.225786
18428,8360.521117
18429,7430.915831
18430,5937.352307
18431,5990.419862
18432,6050.742008
18433,7315.911482
18434,6082.892697
18435,7344.987597
18436,6025.806092
18437,6162.742084
18438,7416.764097
18439,6058.276567
18440,6303.085706
18441,7121.051562
18442,7246.074939
18443,7235.727014
18444,10030.58135
18445,6139.248181
18446,7076.183001
18447,8481.77993
18448,6612.629777
18449,7393.562663
18450,7057.507212
18451,6486.138243
18452,7049.245744
18453,7316.838384
18454,5250.038684
18455,5421.812351
18456,5406.924483
18457,5464.844248
18458,6119.751012
18459,6254.707632
18460,6582.641669
18461,5406.068294
18462,5218.477941
18463,5385.382377
18464,4910.926509
18465,4897.497395
18466,5377.075431
18467,5682.531419
18468,5347.961044
18469,5230.504026
18470,5435.662197
18471,6259.465413
18472,6420.220478
18473,5406.137934
18474,5435.561074
18475,5539.624152
18476,6168.143342
18477,4966.209124
18478,6323.983757
18479,6471.852522
18480,6736.839333
18481,6350.292417
18482,6433.943658
18483,8437.004097
18484,5159.472243
18485,7414.332644
18486,6577.563888
18487,6200.741338
18488,7489.786847
18489,4886.932649
18490,7560.401218
18491,6396.15898
18492,6673.242858
18493,5019.958984
18494,4824.713085
18495,6522.787205
18496,7668.277238
18497,7563.952764
18498,8810.230183
18499,7546.600839
18500,7817.823128
18501,7630.831914
18502,8533.387187
18503,7869.944768
18504,7747.163366
18505,9846.130337
18506,7660.207867
18507,8570.772039
18508,7456.873407
18509,7626.413324
18510,9008.768972
18511,8470.399651
18512,6586.784082
18513,8698.481334
18514,7583.742446
18515,6526.472421
18516,9321.373187
18517,6780.381701
18518,9047.000563
18519,7806.140509
18520,7639.293123
18521,8583.153251
18522,9407.22895
18523,8566.629584
18524,8756.786241
18525,9670.422536
18526,9740.684542
18527,8411.550476
18528,9694.119286
18529,7909.52174
18530,6808.282366
18531,8150.146858
18532,8996.526526
18533,8805.210653
18534,6555.389352
18535,6555.195515
18536,5694.303269
18537,5360.631111
18538,5384.085806
18539,5480.221649
18540,5467.164744
18541,5476.852359
18542,5488.187435
18543,5411.085621
18544,5435.857345
18545,5675.501754
18546,5523.685664
18547,5337.24273
18548,5319.300646
18549,5396.265304
18550,5361.242905
18551,5786.917207
18552,5622.712409
18553,5657.499489
18554,5584.510927
18555,6057.929908
18556,5357.967283
18557,5323.851147
18558,5494.865316
18559,5820.114311
18560,5451.060543
18561,5763.231498
18562,6200.008952
18563,5508.947466
18564,5436.452171
18565,5533.978589
18566,5726.278937
18567,5886.087146
18568,5591.020186
18569,5349.68236
18570,5649.786648
18571,5614.011062
18572,5435.478169
18573,6093.852276
18574,5671.981249
18575,5444.6662
18576,6041.670171
18577,6611.844022
18578,6114.048337
18579,5306.088519
18580,5792.35563
18581,5470.673243
18582,5564.048722
18583,5567.488346
18584,5553.82638
18585,5635.531774
18586,6648.419665
18587,6475.266937
18588,5470.669408
18589,5540.418964
18590,5915.880547
18591,5237.717642
18592,5822.59651
18593,5541.498787
18594,5472.431695
18595,6220.177385
18596,5483.176722
18597,5823.127349
18598,5367.777843
18599,6712.353976
18600,5514.005541
18601,5538.254499
18602,6112.243394
18603,5829.173977
18604,6598.498352
18605,5921.912733
18606,5609.244269
18607,5805.136908
18608,6305.305417
18609,5971.89166
18610,6394.535454
18611,6057.103893
18612,5542.485753
18613,5934.949799
18614,6597.12978
18615,6152.204828
18616,5821.806726
18617,5800.160675
18618,5897.208742
18619,5811.523236
18620,6093.528971
18621,6260.866214
18622,5297.576498
18623,5837.145259
18624,6035.292811
18625,5008.71482
18626,6138.024577
18627,5250.28516
18628,5173.785759
18629,5023.644633
18630,5817.84757
18631,5383.883503
18632,5269.132138
18633,5143.344786
18634,5228.433773
18635,5192.590706
18636,5243.914803
18637,5162.418824
18638,5225.246583
18639,5979.586429
18640,6901.596147
18641,5796.0847
18642,6095.426387
18643,5236.521408
18644,5302.549238
18645,6937.756615
18646,5372.924763
18647,5563.330747
18648,6205.633792
18649,5133.171386
18650,6182.32873
18651,7539.430901
18652,5182.471878
18653,6059.703803
18654,5391.562053
18655,6946.969091
18656,6426.066914
18657,4952.058343
18658,5958.916526
18659,6062.775429
18660,6104.494307
18661,6369.195174
18662,6238.975973
18663,6058.767617
18664,5307.480322
18665,7978.941278
18666,8161.51003
18667,9200.192739
18668,8247.641626
18669,8894.738991
18670,9177.46693
18671,8947.188815
18672,9672.547233
18673,9701.145334
18674,9890.979976
18675,9468.239349
18676,8793.33704
18677,9592.043692
18678,7939.17421
18679,9852.742761
18680,9098.448613
18681,8071.99046
18682,9383.146994
18683,8420.498211
18684,9952.864418
18685,9216.681363
18686,8057.446922
18687,9190.160138
18688,8825.820322
18689,8129.799485
18690,8244.119205
18691,8216.03245
18692,9627.175311
18693,9348.856252
18694,8249.108142
18695,8922.700419
18696,9683.395565
18697,9212.954368
18698,9661.235633
18699,8045.335801
18700,9667.67234
18701,9709.101994
18702,9223.267183
18703,9069.038378
18704,10745.92131
18705,9101.014685
18706,5069.238857
18707,6140.144568
18708,4992.285333
18709,5104.440383
18710,5006.528553
18711,6529.494195
18712,5245.60886
18713,5137.915726
18714,6152.178829
18715,6860.99014
18716,6117.155886
18717,6061.376623
18718,5088.332854
18719,5157.625876
18720,6600.389216
18721,5117.098697
18722,4940.418761
18723,5168.028424
18724,5235.250114
18725,7270.14413
18726,5210.141153
18727,5010.554982
18728,5811.185228
18729,7232.445302
18730,6738.613141
18731,5326.914907
18732,6130.082227
18733,4875.82062
18734,5429.913919
18735,5068.626192
18736,6176.921176
18737,5015.253927
18738,4938.10999
18739,6486.606296
18740,5300.185914
18741,5886.012842
18742,6542.816576
18743,6186.312796
18744,5384.288256
18745,7215.688446
18746,7458.43457
18747,6278.658926
18748,5360.917357
18749,5460.068502
18750,6076.462116
18751,5442.982287
18752,5518.487205
18753,4738.968608
18754,6122.043395
18755,5483.140033
18756,4788.78968
18757,5474.041008
18758,5496.421561
18759,4613.558502
18760,5489.404119
18761,7479.973341
18762,4902.643958
18763,5419.260764
18764,6247.175656
18765,7434.972324
18766,6130.541694
18767,5493.139628
18768,5554.183913
18769,6535.991038
18770,4686.237986
18771,6315.239558
18772,5592.952704
18773,5522.233306
18774,6735.548651
18775,5299.497266
18776,6081.609883
18777,6607.126509
18778,4586.09137
18779,5495.894651
18780,6668.165876
18781,7395.279377
18782,6166.541404
18783,6137.377387
18784,6771.191182
18785,5539.381279
18786,7386.548381
18787,6390.066867
18788,5277.972623
18789,6239.592414
18790,5411.824387
18791,5435.14779
18792,7539.10291
18793,5298.308199
18794,5323.49186
18795,5335.912234
18796,5913.173189
18797,5332.146269
18798,6179.583227
18799,6155.083312
18800,7437.500613
18801,5473.934523
18802,5325.373719
18803,5866.678663
18804,6324.604581
18805,6061.082323
18806,5907.546109
18807,6013.828985
18808,5810.33908
18809,6364.102744
18810,6406.134347
18811,5351.702114
18812,5420.572319
18813,7574.302686
18814,5428.092321
18815,5912.846607
18816,8609.581599
18817,5286.877903
18818,5636.518164
18819,6074.207977
18820,6219.852591
18821,5276.790633
18822,6090.56866
18823,6191.906156
18824,6373.697243
18825,6089.416822
18826,6138.068378
18827,5952.399266
18828,6040.389702
18829,4794.734885
18830,4628.401485
18831,5452.413096
18832,5691.84085
18833,4611.148694
18834,5229.906638
18835,6319.823928
18836,5360.204216
18837,5477.346388
18838,4761.799215
18839,4738.872241
18840,4779.078294
18841,5282.978513
18842,5120.971029
18843,5560.79928
18844,5317.887225
18845,4937.197824
18846,5450.841073
18847,4983.250274
18848,4725.186569
18849,4811.600857
18850,6739.790334
18851,4883.072178
18852,5176.674574
18853,5498.813131
18854,5593.380366
18855,5506.54707
18856,5392.868244
18857,5196.115867
18858,5557.974096
18859,6152.507061
18860,5377.149914
18861,5547.415475
18862,4718.964531
18863,4589.141147
18864,4962.623286
18865,5375.631559
18866,5516.527989
18867,5113.29095
18868,6228.661472
18869,5275.880667
18870,4150.646405
18871,4216.002875
18872,4183.836812
18873,3691.170977
18874,4117.850439
18875,4123.019256
18876,3547.993956
18877,3600.509982
18878,3934.935295
18879,3643.684488
18880,3811.998309
18881,3407.287945
18882,3426.675843
18883,3694.944256
18884,3883.167946
18885,4108.606138
18886,4060.443581
18887,4245.029491
18888,4550.342284
18889,3435.461654
18890,4145.934677
18891,3340.715083
18892,4767.199996
18893,3892.907942
18894,3407.520589
18895,3821.21694
18896,4019.481153
18897,3789.860295
18898,3740.200426
18899,4115.38114
18900,3620.37413
18901,4168.919782
18902,4070.678155
18903,4018.951875
18904,4557.074598
18905,4634.856707
18906,4129.780302
18907,3939.282378
18908,3796.109986
18909,3842.181568
18910,3798.918976
18911,5762.204423
18912,5094.992505
18913,5578.12056
18914,4723.447725
18915,4645.418534
18916,4613.968865
18917,4937.659486
18918,4660.497742
18919,5241.146355
18920,6262.805906
18921,5700.135928
18922,5645.323094
18923,4662.068815
18924,5831.443912
18925,4629.530352
18926,4669.021731
18927,5774.930559
18928,5953.473036
18929,4876.460347
18930,5312.159475
18931,5468.762588
18932,4868.875222
18933,5139.177516
18934,4675.96877
18935,5305.769953
18936,4716.188229
18937,5558.596047
18938,5591.651397
18939,5661.131548
18940,4864.854114
18941,4802.48349
18942,4757.417358
18943,5823.589764
18944,5107.6751
18945,5310.306011
18946,5514.064167
18947,4607.467368
18948,4826.357591
18949,5719.269176
18950,4665.305214
18951,5833.898224
18952,7859.605133
18953,8934.345756
18954,7916.440132
18955,7591.655576
18956,8665.49243
18957,7591.488355
18958,8206.938087
18959,7538.669932
18960,8377.430213
18961,10280.0271
18962,7533.144844
18963,7727.738049
18964,8615.080079
18965,9371.163345
18966,9353.584019
18967,7621.133872
18968,7602.998699
18969,9455.110646
18970,8677.018904
18971,9322.427312
18972,8454.739001
18973,8641.605398
18974,8634.374842
18975,7600.327917
18976,8410.686733
18977,8043.737061
18978,8206.496012
18979,8916.597568
18980,7595.573887
18981,7913.104586
18982,8516.177244
18983,8876.607118
18984,8095.315548
18985,9484.553746
18986,8213.817974
18987,8583.443213
18988,8272.368068
18989,8508.727857
18990,8284.409821
18991,9424.091274
18992,8396.712693
18993,7754.526348
18994,7908.295211
18995,8552.065209
18996,9599.811779
18997,7649.879145
18998,7329.28694
18999,7527.491896
19000,4823.676295
19001,9589.367358
19002,7547.213641
19003,7703.982695
19004,8637.559735
19005,8838.66809
19006,7842.282979
19007,8508.982846
19008,7733.935329
19009,7888.480135
19010,7652.060519
19011,7450.041223
19012,9035.491805
19013,4873.990588
19014,8449.72224
19015,4959.497101
19016,8628.195793
19017,9316.057563
19018,7606.952964
19019,8342.175734
19020,8487.65449
19021,4974.063635
19022,7274.61675
19023,4885.965047
19024,8581.372036
19025,4890.244719
19026,8094.705099
19027,8846.571433
19028,7905.275208
19029,4927.684457
19030,7676.880444
19031,7245.530637
19032,8048.483552
19033,7783.997292
19034,8654.414713
19035,8439.761922
19036,8280.699387
19037,7315.231759
19038,7712.721739
19039,8476.122454
19040,9247.922187
19041,10210.88704
19042,9945.328872
19043,10032.37095
19044,10054.06223
19045,10113.68853
19046,9719.964533
19047,9751.525275
19048,10043.75882
19049,11086.47122
19050,9919.939246
19051,9696.9518
19052,10026.04726
19053,12322.29571
19054,12116.52625
19055,11066.85081
19056,11841.25076
19057,9964.492652
19058,10893.09029
19059,10570.16618
19060,10782.04878
19061,10932.83866
19062,10159.27875
19063,11039.6571
19064,10926.56571
19065,10116.21284
19066,10174.83686
19067,10115.60415
19068,10628.29026
19069,10156.47658
19070,11296.32647
19071,11766.11931
19072,10776.12737
19073,11852.56664
19074,10734.52282
19075,11874.84161
19076,10226.50435
19077,11256.2527
19078,11357.00377
19079,10732.78688
19080,10201.04673
19081,10992.79162
19082,9190.352478
19083,9196.983636
19084,9284.513986
19085,12686.67602
19086,9332.265277
19087,9542.804174
19088,10945.38655
19089,13051.05908
19090,10989.63357
19091,9302.218932
19092,9355.362668
19093,9655.603481
19094,11487.82804
19095,9170.460955
19096,9252.358659
19097,9386.291587
19098,9669.465468
19099,9286.553029
19100,9461.345814
19101,11477.69902
19102,11048.46708
19103,9415.961004
19104,11102.52671
19105,11525.15701
19106,11568.3721
19107,9840.809177
19108,10915.95232
19109,12737.19983
19110,11022.02455
19111,9148.212546
19112,9671.279158
19113,11391.3324
19114,9230.663171
19115,9384.313222
19116,11030.93824
19117,9758.90944
19118,14203.88103
19119,11374.30568
19120,9861.544966
19121,11022.95726
19122,11402.03575
19123,7315.334143
19124,8103.411983
19125,7078.546145
19126,7216.826815
19127,9174.852601
19128,7220.972868
19129,8742.198193
19130,6982.88212
19131,8216.380727
19132,6994.137066
19133,7377.697461
19134,8116.014546
19135,9301.740817
19136,7182.252563
19137,7958.172353
19138,7023.206965
19139,7186.452172
19140,7282.549488
19141,7415.521481
19142,7514.353328
19143,7819.514069
19144,7048.278614
19145,7959.436842
19146,8380.285351
19147,8121.553481
19148,7524.289923
19149,8265.825323
19150,8611.239834
19151,9252.38917
19152,8481.663624
19153,7226.388785
19154,7313.98049
19155,8297.073196
19156,8085.803219
19157,7222.187905
19158,8012.01466
19159,7234.643163
19160,9342.98896
19161,7935.139758
19162,7277.812116
19163,8077.35857
19164,5885.448977
19165,5049.223202
19166,5953.570177
19167,5620.022205
19168,5932.247803
19169,5967.85309
19170,4997.693822
19171,5820.919308
19172,5114.037462
19173,6234.562851
19174,5531.729067
19175,5479.162798
19176,5201.334402
19177,4969.809474
19178,5258.42682
19179,5477.625282
19180,5539.626633
19181,5720.251201
19182,6100.355301
19183,4844.047714
19184,5831.917058
19185,5894.626664
19186,6606.840078
19187,5590.348274
19188,4816.700367
19189,6762.004575
19190,5620.743514
19191,6745.596215
19192,5705.559464
19193,5292.537685
19194,6360.915451
19195,5653.580296
19196,5048.982134
19197,5512.63216
19198,6202.455997
19199,5861.201297
19200,6000.708604
19201,6422.683372
19202,5222.625214
19203,5934.935116
19204,6722.309764
19205,6300.784485
19206,5565.683124
19207,6982.113846
19208,5447.756728
19209,5351.64961
19210,5797.77916
19211,6337.572412
19212,5499.179057
19213,4644.754337
19214,5077.154369
19215,4860.428489
19216,5003.595784
19217,5467.045673
19218,5572.731864
19219,5126.988415
19220,5320.861345
19221,5043.223588
19222,4750.313794
19223,4753.593335
19224,4571.217415
19225,4747.650582
19226,5186.307686
19227,4853.968039
19228,4521.559762
19229,5046.519189
19230,5076.454963
19231,4807.707179
19232,4542.411985
19233,4633.49685
19234,4875.55619
19235,4779.716667
19236,4623.829545
19237,4574.437112
19238,5042.917227
19239,5029.549928
19240,4833.161903
19241,4573.463916
19242,5179.120266
19243,5090.008158
19244,4515.556336
19245,4643.241399
19246,5050.898464
19247,4495.159966
19248,5513.979391
19249,4652.510718
19250,5054.785897
19251,5331.6623
19252,5042.046616
19253,10294.79298
19254,10446.39664
19255,11060.50526
19256,11603.02314
19257,10761.73212
19258,10725.38727
19259,10234.23744
19260,10370.04028
19261,11371.78962
19262,11307.27736
19263,11202.00181
19264,10148.61561
19265,10285.6928
19266,10999.1107
19267,11645.5098
19268,10237.26851
19269,10252.95002
19270,10515.76495
19271,11632.90596
19272,10439.934
19273,11821.393
19274,10757.35853
19275,10441.8759
19276,10370.62257
19277,11065.98376
19278,11065.75008
19279,10847.848
19280,10715.86463
19281,11776.53711
19282,10656.9689
19283,11431.36114
19284,11202.68404
19285,10659.79586
19286,10761.60136
19287,12030.65057
19288,10623.76657
19289,10929.05898
19290,10407.19184
19291,10515.19843
19292,10830.64401
19293,10516.6822
19294,9082.891112
19295,9531.755799
19296,10662.63748
19297,10796.39185
19298,9290.863876
19299,9376.269949
19300,10926.37839
19301,8590.259598
19302,10704.25356
19303,9632.552014
19304,8747.064242
19305,9158.41343
19306,10764.07866
19307,9250.986315
19308,10763.96404
19309,9379.60164
19310,10728.16396
19311,9439.450112
19312,10497.52547
19313,8484.800122
19314,9415.719953
19315,10804.28018
19316,9277.753718
19317,10773.43354
19318,12363.69415
19319,8525.632093
19320,11012.31371
19321,12435.04953
19322,10365.4795
19323,9799.142189
19324,10855.90548
19325,9335.187836
19326,9388.099706
19327,12728.1855
19328,9386.362065
19329,10977.00723
19330,10783.04517
19331,8471.186776
19332,9171.060145
19333,9111.445111
19334,12587.32624
19335,6235.381802
19336,7961.283262
19337,6270.509339
19338,6392.759594
19339,7118.744262
19340,6976.531292
19341,8155.553345
19342,6524.182281
19343,8121.447851
19344,6909.337259
19345,8208.07856
19346,8251.256813
19347,6377.35541
19348,6884.62243
19349,7065.848107
19350,9648.621126
19351,6445.577225
19352,7588.988368
19353,7083.554595
19354,7981.267788
19355,6578.027714
19356,6358.062079
19357,6983.280006
19358,6303.976745
19359,6444.446726
19360,6955.561461
19361,6690.979385
19362,9574.891633
19363,7958.334706
19364,8073.959983
19365,8270.381609
19366,7254.486973
19367,6812.551133
19368,8095.875449
19369,11089.49996
19370,6551.015732
19371,8149.460739
19372,6844.444442
19373,8215.40889
19374,9524.539289
19375,8054.77755
19376,9859.600445
19377,8907.700806
19378,8117.259213
19379,7465.711259
19380,7723.551522
19381,8410.013696
19382,6578.854783
19383,7782.772051
19384,6517.956025
19385,7675.377355
19386,7379.734899
19387,6665.908809
19388,6516.344879
19389,7639.833838
19390,7529.552998
19391,7835.324866
19392,8573.319712
19393,9356.532152
19394,8521.08647
19395,6540.089086
19396,7452.37404
19397,7550.709321
19398,8786.80484
19399,8972.922535
19400,7619.503523
19401,7632.973276
19402,8480.421675
19403,6483.975362
19404,7741.09936
19405,9797.788713
19406,9766.691959
19407,7649.546411
19408,8449.130923
19409,7703.461019
19410,8398.162654
19411,6634.980137
19412,8363.741607
19413,8217.544506
19414,9231.048891
19415,9944.814803
19416,8718.895439
19417,7690.166318
19418,8762.096143
19419,8121.937278
19420,7420.644916
19421,7286.803498
19422,9468.862895
19423,8452.937573
19424,8169.293062
19425,6727.864383
19426,7498.247179
19427,7530.032716
19428,6616.637043
19429,7370.137411
19430,8362.368193
19431,7649.370827
19432,9862.59983
19433,9807.156518
19434,9048.178705
19435,7946.62693
19436,6635.291685
19437,7882.439471
19438,8094.322799
19439,8287.382507
19440,7664.847042
19441,7445.929836
19442,7544.366934
19443,6869.390521
19444,6938.769073
19445,7718.294524
19446,8906.853489
19447,7308.761105
19448,8953.530794
19449,9170.065957
19450,9381.287025
19451,8032.847166
19452,9508.578901
19453,6602.038621
19454,8593.00006
19455,8224.150904
19456,8171.180784
19457,10569.28203
19458,5743.354159
19459,6051.671065
19460,5103.427985
19461,5925.756548
19462,5292.10362
19463,5152.471036
19464,5795.463632
19465,5270.320514
19466,5280.726239
19467,5718.993418
19468,6230.939497
19469,5312.60354
19470,5184.286052
19471,5242.151172
19472,5282.059436
19473,5231.333906
19474,5820.918108
19475,6162.42196
19476,5118.998215
19477,5918.453157
19478,5334.060979
19479,6003.408163
19480,6297.701451
19481,6407.686435
19482,5844.589474
19483,5358.901513
19484,5100.760702
19485,5933.651999
19486,6223.913164
19487,5193.580919
19488,7040.321274
19489,5925.522401
19490,5302.762278
19491,5289.283738
19492,5218.47215
19493,5318.268082
19494,6061.752307
19495,5140.530387
19496,5204.630424
19497,5258.724468
19498,5829.748856
19499,3960.534891
19500,4756.160749
19501,3820.398246
19502,3095.815478
19503,3606.743863
19504,3483.224333
19505,3818.930953
19506,4181.144113
19507,3069.477484
19508,3495.449802
19509,3570.931382
19510,3808.954246
19511,3887.524071
19512,4612.79914
19513,3624.902295
19514,3714.621803
19515,3092.184398
19516,3636.7627
19517,3857.520914
19518,3931.982704
19519,4249.991399
19520,3067.315794
19521,3938.404567
19522,3615.554463
19523,4434.820382
19524,3101.582667
19525,3960.321485
19526,3064.580237
19527,4746.565575
19528,3881.927706
19529,3850.38403
19530,4179.220949
19531,3592.692468
19532,3558.436901
19533,3949.012222
19534,3035.651362
19535,4700.305954
19536,3474.535343
19537,3575.339551
19538,4420.123712
19539,4221.423927
19540,10692.81777
19541,12231.92498
19542,11800.44293
19543,10487.83404
19544,11718.49702
19545,11100.70796
19546,10493.69785
19547,11510.80875
19548,11909.9228
19549,11761.21161
19550,10604.12004
19551,10801.62484
19552,10501.36218
19553,11564.721
19554,11632.86656
19555,10605.11597
19556,11604.1362
19557,10988.30506
19558,11529.40633
19559,11657.69416
19560,10563.79259
19561,11703.57794
19562,11618.04389
19563,12380.56546
19564,11182.21392
19565,11599.05475
19566,12258.4487
19567,11814.60504
19568,11729.84541
19569,10867.58348
19570,10461.36482
19571,11847.33282
19572,10421.91652
19573,11955.15585
19574,10416.29714
19575,12236.44392
19576,11665.30238
19577,10503.15581
19578,10394.77681
19579,11894.1016
19580,6453.649306
19581,6456.407583
19582,6568.697363
19583,5541.445773
19584,5609.731187
19585,6212.541922
19586,5933.471237
19587,6681.670141
19588,5644.996672
19589,5393.093632
19590,6205.047064
19591,7641.083191
19592,5491.310952
19593,5846.334589
19594,5445.110897
19595,5402.486126
19596,5844.031856
19597,6297.585697
19598,6310.906108
19599,5330.668205
19600,7582.358415
19601,6372.124225
19602,5684.662645
19603,7682.608361
19604,8287.069893
19605,6683.952203
19606,5307.369377
19607,6602.538459
19608,5377.784842
19609,6211.137884
19610,6511.018925
19611,5399.321615
19612,5333.818245
19613,6599.000672
19614,5442.141893
19615,6661.899101
19616,5813.109669
19617,5519.030431
19618,5392.58986
19619,6423.624077
19620,5950.470195
19621,6498.193307
19622,6765.224309
19623,6046.612799
19624,8161.746584
19625,5875.987844
19626,6433.664888
19627,6871.092806
19628,7343.631903
19629,6707.416124
19630,5727.732833
19631,6877.114953
19632,6069.965695
19633,5878.988137
19634,6330.401696
19635,6032.971331
19636,6583.90895
19637,6386.40887
19638,5972.926448
19639,5878.351905
19640,8176.801712
19641,6490.396578
19642,7560.072705
19643,5911.188974
19644,5791.777524
19645,8906.668599
19646,8426.393101
19647,5727.954601
19648,5937.943239
19649,5839.361156
19650,6993.314419
19651,6900.517527
19652,5864.765158
19653,6632.929118
19654,7181.576735
19655,5894.62767
19656,5830.178332
19657,6469.208983
19658,5900.852451
19659,5774.174327
19660,5818.77147
19661,7074.111779
19662,6667.857534
19663,6845.949561
19664,5813.492362
19665,6521.470389
19666,5755.515633
19667,5450.015877
19668,7102.466684
19669,6522.749817
19670,5668.332151
19671,5659.347531
19672,6515.302618
19673,6433.348362
19674,5624.230329
19675,7048.257484
19676,6501.391387
19677,6607.101301
19678,5602.321541
19679,5640.033963
19680,5830.283758
19681,6457.776376
19682,5562.59614
19683,5632.38807
19684,6298.420452
19685,5782.813608
19686,6612.103772
19687,5470.631719
19688,5679.328216
19689,5585.695554
19690,6592.83106
19691,5767.941381
19692,5473.140124
19693,5657.588059
19694,6747.375606
19695,6825.286559
19696,5653.511004
19697,6361.770141
19698,7605.259658
19699,5605.457648
19700,5467.530456
19701,3285.035924
19702,2169.934396
19703,2931.028468
19704,2162.117568
19705,1952.044067
19706,2138.493184
19707,2194.681943
19708,4369.699785
19709,1968.39796
19710,2914.354466
19711,2133.877508
19712,1866.282154
19713,2128.779658
19714,2811.237171
19715,2881.551255
19716,2837.482126
19717,2844.246061
19718,2746.966456
19719,2084.847622
19720,2792.701835
19721,3080.288287
19722,1934.694952
19723,2946.457359
19724,2129.489937
19725,2206.297394
19726,1886.172243
19727,3090.530135
19728,2128.388844
19729,2154.732877
19730,2096.026185
19731,3523.244865
19732,3523.839403
19733,3001.538092
19734,2809.335224
19735,2100.238986
19736,2192.683435
19737,2101.492916
19738,3107.960785
19739,1899.69993
19740,1894.039718
19741,2874.431399
19742,9385.632083
19743,11682.28717
19744,9367.344756
19745,9380.870174
19746,12823.0995
19747,11855.87345
19748,11215.88959
19749,8708.371094
19750,12135.89389
19751,11136.56453
19752,11535.12858
19753,11465.31128
19754,10933.39123
19755,9016.204636
19756,11096.66303
19757,9489.014146
19758,10780.16457
19759,12826.07792
19760,9674.334152
19761,9165.681472
19762,9489.795885
19763,9565.358433
19764,12187.56519
19765,12946.902
19766,11061.37085
19767,9073.659204
19768,8956.251632
19769,11177.86812
19770,9537.854711
19771,9535.466599
19772,9399.185616
19773,11445.41718
19774,9306.916639
19775,11325.02542
19776,8849.267791
19777,8877.136969
19778,9482.232163
19779,9167.852928
19780,9483.244934
19781,9184.159521
19782,13351.28227
19783,5798.324583
19784,5674.107258
19785,5720.855956
19786,6271.093873
19787,6079.841615
19788,5970.42388
19789,5990.535191
19790,5855.977424
19791,5676.008643
19792,6023.194682
19793,5991.134285
19794,5701.657395
19795,5868.856693
19796,6288.837074
19797,5669.692503
19798,5672.232802
19799,5621.660025
19800,6809.371795
19801,6926.928628
19802,5987.2255
19803,6703.842175
19804,6063.068697
19805,5601.366378
19806,5732.844683
19807,6138.706439
19808,5656.271349
19809,5659.091145
19810,6140.844317
19811,6123.268209
19812,6074.69553
19813,5616.200683
19814,6033.043852
19815,5661.953629
19816,5722.520924
19817,5981.057439
19818,5727.807096
19819,5640.815262
19820,6870.503736
19821,6033.854452
19822,5867.598341
19823,4977.134558
19824,5202.214346
19825,5039.273987
19826,4902.05119
19827,5240.248183
19828,5229.912975
19829,6167.416971
19830,5687.568034
19831,4951.660762
19832,5676.970702
19833,5551.334922
19834,5792.586308
19835,7205.276477
19836,5516.991015
19837,6014.142659
19838,5078.965194
19839,5455.240468
19840,6436.333692
19841,6980.62558
19842,4814.61097
19843,5272.769271
19844,5854.975981
19845,5636.784704
19846,4889.692095
19847,5196.803096
19848,5202.124689
19849,7655.164961
19850,5047.981108
19851,5374.374579
19852,4926.283102
19853,5537.28282
19854,7255.986406
19855,4353.383302
19856,5865.40067
19857,5686.903894
19858,5606.171129
19859,5929.582041
19860,7421.808769
19861,4600.112726
19862,5554.98121
19863,5654.083213
19864,5225.388985
19865,5174.930794
19866,4082.968102
19867,4826.758581
19868,5204.021709
19869,4366.895602
19870,4892.790998
19871,4776.15333
19872,4407.4553
19873,4453.787943
19874,5020.432325
19875,4411.460261
19876,4559.339237
19877,4171.657734
19878,4751.4272
19879,4566.475378
19880,4348.953676
19881,5249.904395
19882,4703.173481
19883,5009.184677
19884,4086.404643
19885,4387.950334
19886,4749.476904
19887,4473.094105
19888,4897.064604
19889,4125.667526
19890,4485.464891
19891,4368.659112
19892,5059.143556
19893,4115.056504
19894,4399.035151
19895,5184.313697
19896,4790.843053
19897,4324.68571
19898,4745.793445
19899,4056.749203
19900,4962.400197
19901,5080.049931
19902,5212.50932
19903,4683.467338
19904,4704.327614
19905,6291.316975
19906,6258.422974
19907,5355.093326
19908,6107.18007
19909,5349.185485
19910,5560.373364
19911,5328.779879
19912,5326.189305
19913,5987.25904
19914,6131.508237
19915,5983.411061
19916,5466.914316
19917,6126.125162
19918,5992.54029
19919,5462.305823
19920,6029.003177
19921,5373.008864
19922,6133.79588
19923,5323.479737
19924,6851.831135
19925,5385.290725
19926,6050.925172
19927,6341.936048
19928,5992.675412
19929,6071.934062
19930,5259.895319
19931,5357.547101
19932,6784.419735
19933,6256.103813
19934,5956.402167
19935,5199.445741
19936,5934.526208
19937,6063.401801
19938,5877.117773
19939,5589.346082
19940,6922.130726
19941,5269.110408
19942,6036.839751
19943,6198.149207
19944,6839.496377
19945,6334.401493
19946,6891.087069
19947,5466.418644
19948,6027.618598
19949,5962.613325
19950,6334.978804
19951,6152.955602
19952,6255.218503
19953,7089.42965
19954,6265.421665
19955,7491.414609
19956,5988.273034
19957,6657.855537
19958,8014.40506
19959,6006.486481
19960,6604.018791
19961,6559.519258
19962,6441.278501
19963,6514.576783
19964,6145.747597
19965,6472.180427
19966,7016.650654
19967,6370.091095
19968,5599.974129
19969,6765.104962
19970,6310.607104
19971,6192.18202
19972,8402.448612
19973,5758.49202
19974,7106.397306
19975,6052.263929
19976,5812.338238
19977,6638.741933
19978,5643.28933
19979,6027.667738
19980,7393.917865
19981,6649.506235
19982,5616.61529
19983,6068.381938
19984,6270.852396
19985,6658.13952
19986,6072.659249
19987,6304.971512
19988,8153.835221
19989,6398.843389
19990,6147.840744
19991,6388.709951
19992,6348.965059
19993,5387.918686
19994,7557.692769
19995,6257.145648
19996,10153.50122
19997,7638.739705
19998,6378.629304
19999,6328.862671
20000,8172.864921
20001,7477.640035
20002,5546.162908
20003,10549.7767
20004,6154.866701
20005,8650.186224
20006,6442.137126
20007,6396.424846
20008,9772.189557
20009,5399.298194
20010,8082.485989
20011,7650.961893
20012,8567.414332
20013,7534.814975
20014,7564.736355
20015,10200.00827
20016,8373.684095
20017,6334.003013
20018,6152.271035
20019,5770.979268
20020,6140.254974
20021,6389.277355
20022,5536.438585
20023,7738.208031
20024,5466.898168
20025,8512.629377
20026,5440.400256
20027,8633.746621
20028,7141.713247
20029,7089.429594
20030,7266.175965
20031,6177.048665
20032,6224.839525
20033,8269.785268
20034,7121.044984
20035,7875.745803
20036,6162.45682
20037,7030.795609
20038,7062.886322
20039,8326.598551
20040,6978.716959
20041,8305.55296
20042,6173.542988
20043,6206.910467
20044,8709.961367
20045,6360.491483
20046,6711.620529
20047,6179.875037
20048,6052.504574
20049,6710.114794
20050,7163.302099
20051,7038.952276
20052,6481.937591
20053,6162.311244
20054,9330.675493
20055,6826.209647
20056,6456.654112
20057,6664.664472
20058,6771.942416
20059,6714.945066
20060,7176.93195
20061,7074.79364
20062,8380.948822
20063,7437.96675
20064,7079.63216
20065,7322.109627
20066,5995.391636
20067,8303.607358
20068,7155.073426
20069,4861.50925
20070,4678.560753
20071,5310.199314
20072,5751.887459
20073,4453.807598
20074,4638.030428
20075,5071.249988
20076,4477.478279
20077,4916.587818
20078,4543.608513
20079,4865.97818
20080,4864.872725
20081,4719.70569
20082,5543.962452
20083,4952.239431
20084,4659.440271
20085,4626.942102
20086,4918.489115
20087,4632.12961
20088,4834.400033
20089,4792.926744
20090,4589.009827
20091,4847.766133
20092,4922.436253
20093,4597.29199
20094,4840.02935
20095,5014.494884
20096,4884.46627
20097,4840.408258
20098,4517.720841
20099,4825.744015
20100,5399.636207
20101,4889.000129
20102,4675.23467
20103,4690.708706
20104,5399.410016
20105,4943.338121
20106,4636.897048
20107,5309.805052
20108,4519.237742
20109,4566.766379
20110,4567.880306
20111,4666.447689
20112,5904.821236
20113,5328.913132
20114,4577.310608
20115,4591.238153
20116,5479.710004
20117,5396.566629
20118,5469.373064
20119,5479.487094
20120,4755.918113
20121,5512.652008
20122,4612.9951
20123,4690.284813
20124,4678.192851
20125,4483.032115
20126,4625.316029
20127,4869.779358
20128,5388.410545
20129,4525.623583
20130,5481.425336
20131,5450.68321
20132,4746.536223
20133,4635.821577
20134,5441.368371
20135,5294.572508
20136,4552.86097
20137,4761.110396
20138,5465.677764
20139,5009.901726
20140,5281.440607
20141,5981.415419
20142,5888.040599
20143,4654.235737
20144,5878.171423
20145,5422.026829
20146,5468.694727
20147,4488.312205
20148,4884.437645
20149,4665.270485
20150,3842.65867
20151,3650.767736
20152,4868.059331
20153,4162.113626
20154,3688.476602
20155,5040.879863
20156,4110.830545
20157,4032.829519
20158,4527.913342
20159,4906.017924
20160,3733.585937
20161,3915.808167
20162,3601.882141
20163,4462.472133
20164,4099.273114
20165,4341.543631
20166,3679.194531
20167,3745.741386
20168,4160.738185
20169,3784.078129
20170,3725.818883
20171,3702.315469
20172,3806.45445
20173,3898.137796
20174,3805.726035
20175,3666.014358
20176,4165.731182
20177,3652.416897
20178,4724.259102
20179,3807.056673
20180,4503.168722
20181,4524.212719
20182,4362.12097
20183,3622.399254
20184,5046.147952
20185,3924.169701
20186,5445.11683
20187,5106.179697
20188,3614.737317
20189,4717.922081
20190,3811.202346
20191,3414.932483
20192,2932.825288
20193,3426.951916
20194,2989.59194
20195,3027.989956
20196,3615.646437
20197,3416.266791
20198,2945.330074
20199,3416.391275
20200,3364.152584
20201,2920.632979
20202,2874.874361
20203,2899.330392
20204,3053.606482
20205,3560.579171
20206,2912.024528
20207,2891.877133
20208,2825.389617
20209,2840.688391
20210,3310.818943
20211,3349.094598
20212,2927.975857
20213,3631.468677
20214,3350.327559
20215,3308.145949
20216,2849.999102
20217,2923.274424
20218,2866.045495
20219,3341.831276
20220,2946.129139
20221,3546.302377
20222,2891.644248
20223,2994.386718
20224,3017.08058
20225,3022.00407
20226,2870.629988
20227,3390.919676
20228,3498.105198
20229,3349.950275
20230,3686.167668
20231,3516.843931
20232,6386.018589
20233,6984.963842
20234,8198.138301
20235,5800.865655
20236,7748.250731
20237,7055.251796
20238,7149.908801
20239,7309.081138
20240,7124.512689
20241,6431.464471
20242,7051.121244
20243,6344.157872
20244,6157.531375
20245,6385.666633
20246,6328.906073
20247,7228.371788
20248,6130.781778
20249,7214.68433
20250,6396.896302
20251,7400.216509
20252,6328.308041
20253,8071.646991
20254,6175.126912
20255,6101.030386
20256,6323.138685
20257,6547.71523
20258,6057.135565
20259,7446.516902
20260,7018.507215
20261,5674.874128
20262,5732.482619
20263,7968.240124
20264,5910.547436
20265,7203.918745
20266,5758.269463
20267,6313.441531
20268,5739.63676
20269,6538.857292
20270,8340.810666
20271,7242.490832
20272,7578.513461
20273,18618.53708
20274,17730.25299
20275,18003.10712
20276,15680.52167
20277,16809.77635
20278,17571.84913
20279,19190.06501
20280,16832.11395
20281,19675.11025
20282,18016.62705
20283,18506.84465
20284,18686.49981
20285,16720.06607
20286,17231.41981
20287,16384.72114
20288,17146.12623
20289,18749.66835
20290,17064.07285
20291,18424.23023
20292,16949.0042
20293,16452.16453
20294,17382.37378
20295,17223.80038
20296,18285.36278
20297,18565.80238
20298,17602.77261
20299,15657.60141
20300,18479.10006
20301,15549.17931
20302,18175.94407
20303,15591.48534
20304,16547.37844
20305,16712.74712
20306,18201.77897
20307,17972.70987
20308,18679.2003
20309,18672.49618
20310,19152.98912
20311,15623.57139
20312,16161.40484
20313,19054.72501
20314,18576.00742
20315,19315.93926
20316,17186.44901
20317,16287.03084
20318,17888.99463
20319,18932.02326
20320,18109.30216
20321,4661.78359
20322,4738.236665
20323,4959.27595
20324,5422.281176
20325,4674.441246
20326,4739.243765
20327,5641.066751
20328,5190.738157
20329,4859.403729
20330,4929.884434
20331,4857.560289
20332,4858.048254
20333,4773.79078
20334,4691.180479
20335,4941.143475
20336,4725.660212
20337,4725.393346
20338,5588.28932
20339,4817.326254
20340,4583.780838
20341,5222.530663
20342,4850.674359
20343,5353.293212
20344,6264.262425
20345,4591.660423
20346,5115.595034
20347,5394.085404
20348,5373.778405
20349,5144.03873
20350,4716.052311
20351,5239.2909
20352,5766.579764
20353,5240.636385
20354,5398.576571
20355,4747.666928
20356,5177.192966
20357,5111.66264
20358,4604.733219
20359,5210.025032
20360,5336.933481
20361,5622.492053
20362,5131.501508
20363,6040.298755
20364,5244.400121
20365,5249.180577
20366,5757.727396
20367,6497.589832
20368,5902.748739
20369,5814.867065
20370,5212.764858
20371,5867.536455
20372,5522.284829
20373,5473.029961
20374,5842.646043
20375,6100.17391
20376,5851.260343
20377,5391.589336
20378,5150.592641
20379,5579.516839
20380,6082.110936
20381,5332.63693
20382,5281.733501
20383,5580.609244
20384,5596.79833
20385,6043.579636
20386,5038.193825
20387,5471.797792
20388,5783.84903
20389,6511.323468
20390,5813.101248
20391,5758.943669
20392,5412.45401
20393,5173.163697
20394,5856.055149
20395,6471.414889
20396,5297.989862
20397,5971.899511
20398,5793.254164
20399,5320.764549
20400,5745.828904
20401,6402.472378
20402,5527.643362
20403,5702.733061
20404,6584.279917
20405,5958.28697
20406,7057.125584
20407,5540.329542
20408,5851.381506
20409,5780.377603
20410,6842.320084
20411,5596.362673
20412,5786.219628
20413,5606.352835
20414,5812.747586
20415,5893.216878
20416,5700.52114
20417,6622.870432
20418,6823.544655
20419,7013.340596
20420,5580.868159
20421,7601.523819
20422,5782.886814
20423,5993.20502
20424,6943.905751
20425,7909.539021
20426,6564.147099
20427,5876.535598
20428,7375.085854
20429,6090.782623
20430,5836.10936
20431,6889.800259
20432,8141.133692
20433,5800.506258
20434,6960.112535
20435,5855.793179
20436,7804.757498
20437,7471.158481
20438,5953.447749
20439,5910.920011
20440,6528.764973
20441,6609.451376
20442,8367.571232
20443,5968.434433
20444,5431.353783
20445,4937.978792
20446,4679.290926
20447,5378.978994
20448,4348.655618
20449,4316.17987
20450,5593.432665
20451,4777.146049
20452,4659.034513
20453,4700.349918
20454,5996.939516
20455,5571.822679
20456,4392.498168
20457,4708.518786
20458,4761.061032
20459,5741.926128
20460,4689.452203
20461,5319.161825
20462,4437.336134
20463,5765.515277
20464,5585.594608
20465,5395.305466
20466,5754.647017
20467,4304.734815
20468,4685.630583
20469,5495.597362
20470,5259.221417
20471,5668.319942
20472,6366.454431
20473,5275.797172
20474,4667.760094
20475,4761.745902
20476,4857.664294
20477,4840.379373
20478,5640.966409
20479,4729.82862
20480,4691.505088
20481,4814.826718
20482,4328.061616
20483,5409.799343
20484,5513.940153
20485,5263.800338
20486,5418.26261
20487,4699.126085
20488,4308.464537
20489,5199.764051
20490,5579.885082
20491,4641.774626
20492,6163.969526
20493,4146.194603
20494,4650.17651
20495,5635.168548
20496,4505.812834
20497,4488.738252
20498,5768.070835
20499,4854.102922
20500,4674.057673
20501,6373.412365
20502,4684.891764
20503,4258.683472
20504,5105.447746
20505,5292.725867
20506,5955.921785
20507,5387.413732
20508,4112.107293
20509,5509.838622
20510,4936.342259
20511,5332.779539
20512,4676.396326
20513,4746.27804
20514,5553.653099
20515,4620.754768
20516,5421.884015
20517,4172.536668
20518,6131.750174
20519,4680.34396
20520,4555.806401
20521,4658.648606
20522,4144.614064
20523,5787.526491
20524,5472.216483
20525,6971.658582
20526,4453.877982
20527,5103.115811
20528,5592.628022
20529,4483.590514
20530,5121.240675
20531,5439.337956
20532,5522.848254
20533,4547.123723
20534,5368.114392
20535,5531.214188
20536,5315.937793
20537,5050.576989
20538,5348.555043
20539,4954.747604
20540,4470.413542
20541,5002.644257
20542,4835.196569
20543,5473.534163
20544,5221.970927
20545,5430.928448
20546,4516.469813
20547,4952.696593
20548,5535.610766
20549,4720.533226
20550,5849.336328
20551,5312.117013
20552,4582.278903
20553,4998.388686
20554,4492.649028
20555,5084.706069
20556,5398.795689
20557,5539.620272
20558,4438.614983
20559,5509.554203
20560,5341.425766
20561,4494.459835
20562,4939.379198
20563,4974.557706
20564,4546.334871
20565,4518.060353
20566,5690.626545
20567,3859.466798
20568,3642.1894
20569,5117.642259
20570,4787.708859
20571,3774.435404
20572,3703.953588
20573,4475.413371
20574,3794.389225
20575,3545.774724
20576,3775.307676
20577,4366.343695
20578,3700.778919
20579,3423.865219
20580,4631.17739
20581,4278.126616
20582,4418.790563
20583,4216.211719
20584,3897.857675
20585,4832.820419
20586,3942.579787
20587,3678.830166
20588,5131.593672
20589,5003.230177
20590,4370.970522
20591,4582.519831
20592,4164.590652
20593,3861.434358
20594,3743.700564
20595,3831.469967
20596,5108.5809
20597,3417.232418
20598,4356.774285
20599,4226.063909
20600,3790.132808
20601,3834.853789
20602,3487.517278
20603,3815.283337
20604,3641.072792
20605,3429.527189
20606,4579.808638
20607,5370.099716
20608,7091.208629
20609,9138.855548
20610,7089.528625
20611,8063.579638
20612,8047.511652
20613,7443.986294
20614,7956.462115
20615,8663.387132
20616,7216.284584
20617,7958.018796
20618,9098.493726
20619,8110.370212
20620,8146.375118
20621,7539.958486
20622,7129.528742
20623,7334.960825
20624,8036.62766
20625,7192.492749
20626,8108.654394
20627,7997.624062
20628,8594.669729
20629,8881.300626
20630,9437.59014
20631,7781.660613
20632,7158.976764
20633,8122.488598
20634,7376.200051
20635,7286.421997
20636,8615.304691
20637,9080.371407
20638,7894.597666
20639,7399.861415
20640,8742.015028
20641,7845.745258
20642,8169.760959
20643,9355.590733
20644,7141.117844
20645,7164.708255
20646,7965.256644
20647,7453.860845
20648,8093.018009
20649,6935.923636
20650,6934.811503
20651,6164.699003
20652,6065.419572
20653,7036.120559
20654,6941.26845
20655,8208.00521
20656,6129.539965
20657,6275.24601
20658,7139.721758
20659,6154.77894
20660,6042.622213
20661,6132.319685
20662,6855.917104
20663,7112.022567
20664,9210.889158
20665,6184.142039
20666,7140.470873
20667,6296.877659
20668,6077.440786
20669,6135.051691
20670,7062.185851
20671,6531.333914
20672,6115.001075
20673,6519.069312
20674,7113.168903
20675,6281.502999
20676,6153.532187
20677,5975.888918
20678,6350.777547
20679,6139.546753
20680,7048.077269
20681,6130.486474
20682,8114.060935
20683,6913.906982
20684,6063.545427
20685,6964.483206
20686,6280.908491
20687,6909.03657
20688,7056.256044
20689,3432.161762
20690,4300.268134
20691,4671.836123
20692,3554.14241
20693,4308.047254
20694,4193.001179
20695,3195.817095
20696,4453.607137
20697,4448.728003
20698,4225.880871
20699,3953.087807
20700,3463.047087
20701,3175.401111
20702,3552.892873
20703,3418.003158
20704,4250.658098
20705,3466.750943
20706,4270.037899
20707,4103.127088
20708,3187.696073
20709,3226.651745
20710,3519.221888
20711,3528.536233
20712,3442.677025
20713,4322.81134
20714,4644.685476
20715,4313.414565
20716,3452.714077
20717,3438.920263
20718,3579.480162
20719,3281.448322
20720,3485.42718
20721,4685.685055
20722,3488.732428
20723,3466.679774
20724,4200.965961
20725,4091.278063
20726,3235.974203
20727,4834.972062
20728,4456.368712
20729,9202.156197
20730,8165.33107
20731,9242.870092
20732,9557.917538
20733,10557.86078
20734,9392.485463
20735,8250.52714
20736,7984.632936
20737,9163.262504
20738,8087.386873
20739,7791.437525
20740,8201.915826
20741,8467.22021
20742,8272.057422
20743,8441.779491
20744,9513.411292
20745,9058.668435
20746,9521.445979
20747,9352.223848
20748,7849.986204
20749,7785.650583
20750,8321.523339
20751,7942.016216
20752,8581.185345
20753,8917.947043
20754,7877.632074
20755,11150.66023
20756,7851.990711
20757,7910.739426
20758,9432.547481
20759,9165.546186
20760,8218.454088
20761,7818.814383
20762,8426.142497
20763,8175.632947
20764,9373.868633
20765,8890.489599
20766,9551.851743
20767,9006.159019
20768,10487.98348
20769,10588.30426
20770,5720.502664
20771,5740.227266
20772,5672.806378
20773,6155.249476
20774,4395.343116
20775,3601.420098
20776,4448.550845
20777,3582.273651
20778,7642.947625
20779,3632.011586
20780,5441.623295
20781,4335.727159
20782,5560.5145
20783,6211.210306
20784,3604.45596
20785,4411.94867
20786,5657.972975
20787,4285.754239
20788,4363.872528
20789,7557.503552
20790,3585.356816
20791,5609.74497
20792,4273.845581
20793,4275.397239
20794,5722.140496
20795,4318.56579
20796,6093.259574
20797,4395.955275
20798,3568.648572
20799,8849.622299
20800,5335.772539
20801,4306.012028
20802,4358.658084
20803,5518.136371
20804,4520.47099
20805,7578.075613
20806,3694.633914
20807,4307.505014
20808,4395.631769
20809,5639.055528
20810,5757.09958
20811,4286.108576
20812,4732.64531
20813,4967.178402
20814,5042.40924
20815,4485.108861
20816,4865.606765
20817,5101.817224
20818,4478.082761
20819,4824.527814
20820,4436.080267
20821,4398.759886
20822,4812.350276
20823,4897.577184
20824,4461.601704
20825,4213.14581
20826,4390.041831
20827,4962.223972
20828,4692.934108
20829,4614.449147
20830,4709.466115
20831,4476.244769
20832,5709.798677
20833,4456.395256
20834,4745.782496
20835,4819.895694
20836,4353.26262
20837,4846.362497
20838,4790.832943
20839,5105.36727
20840,5559.017681
20841,5679.83055
20842,4440.852141
20843,4491.382428
20844,4466.899348
20845,4744.007448
20846,4298.871859
20847,4509.113472
20848,5027.064067
20849,5161.476138
20850,5983.347686
20851,4809.466058
20852,7970.242813
20853,9007.34217
20854,10737.0216
20855,6904.967881
20856,9569.410576
20857,9399.815083
20858,9314.214084
20859,8826.487863
20860,8786.954746
20861,8708.812582
20862,9236.624067
20863,9331.716486
20864,8901.560292
20865,8624.028718
20866,8772.554808
20867,7013.799947
20868,8798.067967
20869,6927.261662
20870,9450.494283
20871,10128.98333
20872,6935.934927
20873,6722.598479
20874,8773.164289
20875,8301.044994
20876,8046.378229
20877,8912.198105
20878,8419.749172
20879,8949.590427
20880,9402.502163
20881,8620.614162
20882,9390.752708
20883,8877.020358
20884,9091.442025
20885,6881.81135
20886,8821.924867
20887,8926.406853
20888,10663.25944
20889,6944.913662
20890,8718.49359
20891,9720.080357
20892,8852.842143
20893,9360.268828
20894,9403.253462
20895,8031.318693
20896,8814.401249
20897,9231.787393
20898,9375.368481
20899,9325.779521
20900,8304.507007
20901,8196.037747
20902,7528.253098
20903,8185.905935
20904,8119.422674
20905,8563.557415
20906,8779.989257
20907,8356.86102
20908,8406.957292
20909,7786.158872
20910,8165.471318
20911,10082.33862
20912,7895.393644
20913,7349.143109
20914,7557.508178
20915,6975.7922
20916,6940.049729
20917,7335.15961
20918,7267.405131
20919,7326.51548
20920,7876.081379
20921,8612.298611
20922,7295.964931
20923,7434.847317
20924,9893.981866
20925,7344.988543
20926,7083.032027
20927,7661.615915
20928,7853.89257
20929,10229.54307
20930,8124.949461
20931,7458.415041
20932,8335.170203
20933,8485.974314
20934,9757.764376
20935,6956.182294
20936,9174.463064
20937,8178.307863
20938,8441.85783
20939,8390.043753
20940,8908.049299
20941,9371.113201
20942,10416.42008
20943,9523.082527
20944,9892.442196
20945,9379.554361
20946,9279.974538
20947,9887.398152
20948,10147.59365
20949,9163.097546
20950,9433.859015
20951,10912.49081
20952,10134.06462
20953,9827.92452
20954,9821.739263
20955,9999.370818
20956,10187.50232
20957,9598.31425
20958,9987.386487
20959,9124.54866
20960,9203.951132
20961,11161.14212
20962,10165.70498
20963,9882.443699
20964,10690.68698
20965,10991.72555
20966,9285.360537
20967,9132.252037
20968,9468.364584
20969,10693.15636
20970,9145.510852
20971,9763.995959
20972,9667.006026
20973,9261.667802
20974,10605.38108
20975,9532.829026
20976,9374.393666
20977,10140.54038
20978,9538.252327
20979,9953.799263
20980,10114.00705
20981,9961.371121
20982,5418.042734
20983,4776.848087
20984,4529.143215
20985,4607.257973
20986,4490.722625
20987,4700.48558
20988,3731.26262
20989,4658.723477
20990,4884.108945
20991,5728.920089
20992,3734.504576
20993,4630.872858
20994,5435.482456
20995,6091.450636
20996,5521.616714
20997,4552.713616
20998,4632.325837
20999,4615.172558
21000,6639.800101
21001,5449.565581
21002,3707.764425
21003,6054.909486
21004,3790.007217
21005,3781.80074
21006,6816.49361
21007,4545.458989
21008,5304.563281
21009,6302.704477
21010,5790.17628
21011,5891.261691
21012,4553.409786
21013,4526.606108
21014,3706.53637
21015,5496.353913
21016,6173.191306
21017,4531.901946
21018,3930.016569
21019,5534.543821
21020,6680.899976
21021,5335.89885
21022,6710.018578
21023,8240.25913
21024,6094.316651
21025,5536.880946
21026,5999.799416
21027,6221.151339
21028,6186.786456
21029,6202.459354
21030,6965.262342
21031,6767.392755
21032,5688.651543
21033,6848.402947
21034,7435.423695
21035,7302.268491
21036,5948.885973
21037,6897.712394
21038,6159.805894
21039,6197.323779
21040,7067.872661
21041,5664.249103
21042,5706.723747
21043,7426.137643
21044,6148.370934
21045,6029.672487
21046,6174.766801
21047,8213.82149
21048,6164.146294
21049,7064.870888
21050,7835.968768
21051,7159.342351
21052,5801.567848
21053,8567.213616
21054,6176.88329
21055,7499.33773
21056,8121.76636
21057,7597.829359
21058,5706.399235
21059,6946.482703
21060,6150.754635
21061,6003.860105
21062,6238.981301
21063,6925.387877
21064,4718.66824
21065,4345.332168
21066,4552.790537
21067,4434.398392
21068,4583.829104
21069,4947.695012
21070,5044.081169
21071,4622.144396
21072,4860.16225
21073,5465.859365
21074,4894.737552
21075,5567.994641
21076,4415.057613
21077,4829.25134
21078,4425.762503
21079,4377.90979
21080,4987.808408
21081,4360.979156
21082,4487.758594
21083,4662.438699
21084,5175.782959
21085,4423.741983
21086,4956.339376
21087,4438.099484
21088,4365.091319
21089,5022.005847
21090,5457.097706
21091,4552.210655
21092,4959.34464
21093,5514.872875
21094,5071.436968
21095,4705.952271
21096,4933.485519
21097,4704.577397
21098,5343.457094
21099,4432.018717
21100,5243.402635
21101,4947.692928
21102,4927.580769
21103,5138.458263
21104,4382.311218
21105,5908.334367
21106,4843.953992
21107,5596.225541
21108,5542.561091
21109,4720.31616
21110,5200.429121
21111,4876.59406
21112,4867.778205
21113,6742.020874
21114,4843.536939
21115,5418.055606
21116,5630.964977
21117,5437.943234
21118,5088.880483
21119,4672.584846
21120,5060.72894
21121,5539.340866
21122,5507.44227
21123,4829.634129
21124,6057.378863
21125,5541.575018
21126,4878.864605
21127,5193.914438
21128,4826.65056
21129,4649.305917
21130,5546.950066
21131,4800.201828
21132,4783.035898
21133,4680.044744
21134,5597.342368
21135,4911.251201
21136,6261.84905
21137,4890.659409
21138,6059.819671
21139,5029.286614
21140,5983.153834
21141,5370.634501
21142,5717.843748
21143,4840.055258
21144,5079.475874
21145,5455.696956
21146,15355.1238
21147,13933.381
21148,16024.39756
21149,14990.20955
21150,13893.97132
21151,16813.50128
21152,15256.81173
21153,14125.99965
21154,15376.74845
21155,15651.22088
21156,15871.77456
21157,15097.68135
21158,14377.4495
21159,16957.89023
21160,16571.84684
21161,14058.37642
21162,15418.31718
21163,14085.94611
21164,14321.39129
21165,15306.04474
21166,14160.55213
21167,16947.61702
21168,14221.07215
21169,15375.6349
21170,15216.62614
21171,16498.06901
21172,16460.72391
21173,14118.34868
21174,15912.18129
21175,15472.12176
21176,14190.16046
21177,16881.43845
21178,13853.11244
21179,13905.98496
21180,15632.38303
21181,16078.90824
21182,15122.80307
21183,16479.71907
21184,15370.07458
21185,14128.81611
21186,13753.19078
21187,10323.5244
21188,10588.44542
21189,11856.36917
21190,9188.655731
21191,10375.38651
21192,10443.5858
21193,11539.12134
21194,10366.60681
21195,9331.525778
21196,10204.15386
21197,9072.941748
21198,9175.203365
21199,10506.7906
21200,10302.18044
21201,11734.95072
21202,9622.689119
21203,11835.95424
21204,9228.520002
21205,10356.49063
21206,10438.30638
21207,11561.07109
21208,10368.37463
21209,9055.052759
21210,10397.65031
21211,10324.0368
21212,9211.976487
21213,10302.98409
21214,10418.86704
21215,9235.375225
21216,9258.602529
21217,9507.496643
21218,10578.65665
21219,10313.17779
21220,10336.28653
21221,10384.1704
21222,9045.231657
21223,9556.854999
21224,10322.71228
21225,9253.552907
21226,9368.924431
21227,6295.2758
21228,7193.774438
21229,5558.512602
21230,5733.014086
21231,5626.11497
21232,6593.051509
21233,6402.161231
21234,5626.989419
21235,5473.296219
21236,6237.14105
21237,6403.147627
21238,6531.950886
21239,5947.394195
21240,6530.33544
21241,5860.277877
21242,7303.422649
21243,6845.669144
21244,5403.793494
21245,5978.147791
21246,6692.296387
21247,6199.204186
21248,6510.901951
21249,5840.173891
21250,5763.739553
21251,6691.676747
21252,5808.989949
21253,5718.887178
21254,6525.775237
21255,7157.876499
21256,6368.349329
21257,6400.150578
21258,5366.432172
21259,5832.196032
21260,5998.852879
21261,6369.656152
21262,5740.156403
21263,5856.977896
21264,5957.613792
21265,5401.707923
21266,5803.119321
21267,6557.75984
21268,3757.440003
21269,6151.119385
21270,5189.459929
21271,6643.393083
21272,5187.344264
21273,4328.905316
21274,5554.422382
21275,3736.36255
21276,3678.196481
21277,5626.97855
21278,5058.718152
21279,5707.588825
21280,4413.701901
21281,4365.427784
21282,5442.475228
21283,6494.442351
21284,4351.951083
21285,3695.266597
21286,4430.074409
21287,5126.554185
21288,5447.434857
21289,5118.504749
21290,4337.852077
21291,5449.308423
21292,4360.269639
21293,5326.25493
21294,4455.753854
21295,4308.46229
21296,5485.033243
21297,5368.901011
21298,4276.29957
21299,3659.109354
21300,3661.238914
21301,4645.967023
21302,4257.320841
21303,4289.336052
21304,6234.3986
21305,4313.301216
21306,5051.347577
21307,3665.682164
21308,4490.356933
21309,5675.270973
21310,5174.527953
21311,6074.750412
21312,5132.936314
21313,4382.668459
21314,5027.977487
21315,5017.017669
21316,5037.376211
21317,5460.665721
21318,4964.86108
21319,5302.251192
21320,5021.827284
21321,4581.718136
21322,5010.820905
21323,4388.097895
21324,4404.118121
21325,5159.282357
21326,4650.119476
21327,5096.199516
21328,4386.142545
21329,5106.296014
21330,4910.746023
21331,4344.240557
21332,4675.293077
21333,4418.11663
21334,4846.865896
21335,5152.308449
21336,5097.058778
21337,4554.072713
21338,5016.518718
21339,5180.751361
21340,4365.806164
21341,4579.496395
21342,5567.539429
21343,5151.930369
21344,5579.274711
21345,4619.597243
21346,4429.683567
21347,5035.316664
21348,4405.065593
21349,5085.770384
21350,5914.686779
21351,5956.822161
21352,5846.560034
21353,5521.089809
21354,5832.544576
21355,5864.730682
21356,6533.601209
21357,6427.257753
21358,5640.047544
21359,5710.494836
21360,5069.808766
21361,5183.87771
21362,5168.697506
21363,5279.742987
21364,5781.394991
21365,5948.270949
21366,6040.671304
21367,4839.175079
21368,6048.802326
21369,4953.987287
21370,5227.080868
21371,5488.29687
21372,5107.437682
21373,4881.358529
21374,5838.535802
21375,5528.216631
21376,5463.466751
21377,5249.861502
21378,5297.932162
21379,6359.007925
21380,5964.491323
21381,4802.979036
21382,6193.935621
21383,5177.189598
21384,5181.779873
21385,5500.249231
21386,5692.420024
21387,4820.47069
21388,5089.194505
21389,6515.573627
21390,6052.041973
21391,4874.25882
21392,4866.921448
21393,4149.197025
21394,4865.445744
21395,5044.812453
21396,4093.394462
21397,5002.743474
21398,4817.262346
21399,4362.910316
21400,5004.398507
21401,0
21402,0
21403,0
21404,0
21405,0
21406,0
21407,0
21408,0
21409,0
21410,0
21411,0
21412,0
21413,0
21414,0
21415,0
21416,0
21417,0
21418,0
21419,0
21420,0
21421,0
21422,0
21423,0
21424,0
21425,0
21426,0
21427,0
21428,0
21429,0
21430,0
21431,0
21432,0
21433,0
21434,0
21435,0
21436,0
21437,0
21438,0
21439,0
21440,0
21441,0
21442,0
21443,0
21444,0
21445,0
21446,0
21447,0
21448,0
21449,0
21450,0
21451,0
21452,0
21453,0
21454,0
21455,0
21456,0
21457,0
21458,0
21459,0
21460,0
21461,0
21462,0
21463,0
21464,0
21465,0
21466,0
21467,0
21468,0
21469,0
21470,0
21471,0
21472,0
21473,0
21474,0
21475,0
21476,0
21477,0
21478,0
21479,0
21480,0
21481,0
21482,0
21483,0
21484,0
21485,0
21486,0
21487,0
21488,0
21489,0
21490,0
21491,0
21492,4194.65689
21493,0
21494,0
21495,0
21496,0
21497,0
21498,0
21499,0
21500,0
21501,0
21502,0
21503,0
21504,0
21505,0
21506,0
21507,0
21508,0
21509,0
21510,0
21511,0
21512,0
21513,0
21514,0
21515,0
21516,0
21517,0
21518,0
21519,0
21520,0
21521,0
21522,0
21523,0
21524,0
21525,0
21526,0
21527,0
21528,0
21529,0
21530,0
21531,0
21532,0
21533,0
21534,0
21535,0
21536,0
21537,0
21538,0
21539,0
21540,0
21541,0
21542,0
21543,0
21544,0
21545,0
21546,0
21547,0
21548,0
21549,0
21550,0
21551,0
21552,0
21553,0
21554,0
21555,0
21556,0
21557,0
21558,0
21559,0
21560,3451.226053
21561,0
21562,0
21563,0
21564,0
21565,0
21566,0
21567,0
21568,0
21569,0
21570,0
21571,0
21572,0
21573,0
21574,0
21575,0
21576,0
21577,0
21578,0
21579,0
21580,0
21581,0
21582,0
21583,0
21584,0
21585,0
21586,0
21587,0
21588,0
21589,0
21590,0
21591,0
21592,0
21593,0
21594,0
21595,0
21596,0
21597,0
21598,0
21599,0
21600,0
21601,3588.084363
21602,5272.497648
21603,0
21604,0
21605,0
21606,0
21607,0
21608,0
21609,0
21610,4588.373544
21611,0
21612,0
21613,0
21614,0
21615,0
21616,0
21617,0
21618,0
21619,0
21620,0
21621,0
21622,0
21623,0
21624,0
21625,0
21626,0
21627,0
21628,0
21629,3685.72895
21630,0
21631,0
21632,0
21633,0
21634,0
21635,0
21636,0
21637,0
21638,0
21639,5143.233104
21640,0
21641,0
21642,0
21643,0
21644,0
21645,0
21646,0
21647,0
21648,0
21649,0
21650,0
21651,0
21652,0
21653,0
21654,0
21655,0
21656,0
21657,4575.685339
21658,0
21659,0
21660,0
21661,0
21662,0
21663,0
21664,0
21665,0
21666,0
21667,0
21668,0
21669,0
21670,0
21671,0
21672,0
21673,0
21674,5202.300587
21675,0
21676,0
21677,0
21678,0
21679,0
21680,0
21681,0
21682,0
21683,0
21684,0
21685,0
21686,0
21687,0
21688,0
21689,0
21690,0
21691,0
21692,0
21693,0
21694,0
21695,0
21696,0
21697,0
21698,0
21699,0
21700,0
21701,0
21702,0
21703,0
21704,0
21705,0
21706,0
21707,0
21708,0
21709,0
21710,0
21711,0
21712,0
21713,0
21714,0
21715,0
21716,0
21717,0
21718,0
21719,0
21720,0
21721,0
21722,0
21723,0
21724,0
21725,0
21726,0
21727,0
21728,0
21729,0
21730,0
21731,0
21732,0
21733,0
21734,0
21735,0
21736,4072.828151
21737,0
21738,0
21739,0
21740,0
21741,0
21742,0
21743,0
21744,0
21745,0
21746,0
21747,0
21748,0
21749,0
21750,3428.647863
21751,0
21752,0
21753,0
21754,0
21755,0
21756,0
21757,0
21758,0
21759,0
21760,0
21761,0
21762,0
21763,0
21764,0
21765,0
21766,0
21767,0
21768,0
21769,0
21770,0
21771,0
21772,0
21773,0
21774,0
21775,0
21776,0
21777,0
21778,0
21779,0
21780,0
21781,0
21782,0
21783,0
21784,0
21785,0
21786,0
21787,0
21788,0
21789,0
21790,0
21791,0
21792,0
21793,4150.906068
21794,0
21795,0
21796,0
21797,0
21798,0
21799,0
21800,0
21801,0
21802,0
21803,4430.19642
21804,0
21805,0
21806,0
21807,4880.73663
21808,0
21809,0
21810,0
21811,0
21812,0
21813,0
21814,0
21815,0
21816,0
21817,0
21818,0
21819,0
21820,0
21821,0
21822,0
21823,0
21824,0
21825,0
21826,0
21827,0
21828,0
21829,0
21830,0
21831,0
21832,0
21833,0
21834,3444.426529
21835,0
21836,0
21837,0
21838,0
21839,0
21840,0
21841,0
21842,0
21843,0
21844,0
21845,0
21846,0
21847,0
21848,4193.215642
21849,0
21850,0
21851,0
21852,0
21853,0
21854,0
21855,0
21856,0
21857,0
21858,0
21859,0
21860,0
21861,0
21862,0
21863,0
21864,0
21865,0
21866,0
21867,0
21868,0
21869,0
21870,0
21871,0
21872,0
21873,0
21874,0
21875,0
21876,0
21877,0
21878,0
21879,0
21880,0
21881,0
21882,0
21883,0
21884,0
21885,0
21886,0
21887,0
21888,0
21889,0
21890,0
21891,0
21892,0
21893,0
21894,0
21895,0
21896,0
21897,0
21898,0
21899,0
21900,0
21901,0
21902,0
21903,0
21904,0
21905,0
21906,0
21907,0
21908,0
21909,0
21910,0
21911,0
21912,0
21913,0
21914,0
21915,0
21916,0
21917,0
21918,0
21919,0
21920,0
21921,0
21922,0
21923,4069.100613
21924,0
21925,0
21926,0
21927,0
21928,0
21929,0
21930,0
21931,0
21932,0
21933,0
21934,0
21935,0
21936,0
21937,0
21938,0
21939,0
21940,0
21941,0
21942,0
21943,0
21944,0
21945,0
21946,0
21947,0
21948,0
21949,0
21950,0
21951,0
21952,0
21953,0
21954,0
21955,0
21956,0
21957,0
21958,0
21959,0
21960,0
21961,0
21962,0
21963,0
21964,0
21965,0
21966,0
21967,4440.085495
21968,4658.297216
21969,0
21970,0
21971,0
21972,0
21973,0
21974,0
21975,0
21976,0
21977,0
21978,0
21979,0
21980,0
21981,0
21982,0
21983,0
21984,0
21985,0
21986,0
21987,0
21988,0
21989,0
21990,0
21991,0
21992,0
21993,0
21994,0
21995,0
21996,3451.394263
21997,0
21998,0
21999,0
22000,0
22001,0
22002,0
22003,0
22004,0
22005,0
22006,0
22007,0
22008,0
22009,0
22010,0
22011,0
22012,0
22013,0
22014,0
22015,0
22016,0
22017,0
22018,0
22019,0
22020,0
22021,0
22022,0
22023,0
22024,0
22025,0
22026,0
22027,0
22028,0
22029,0
22030,0
22031,0
22032,0
22033,0
22034,0
22035,0
22036,0
22037,0
22038,0
22039,0
22040,0
22041,0
22042,0
22043,0
22044,0
22045,0
22046,0
22047,0
22048,0
22049,0
22050,0
22051,0
22052,0
22053,0
22054,0
22055,0
22056,0
22057,0
22058,0
22059,0
22060,0
22061,0
22062,0
22063,0
22064,0
22065,0
22066,4366.793978
22067,0
22068,0
22069,0
22070,4210.359637
22071,0
22072,0
22073,0
22074,0
22075,0
22076,0
22077,0
22078,0
22079,0
22080,0
22081,0
22082,0
22083,0
22084,0
22085,0
22086,0
22087,0
22088,0
22089,0
22090,0
22091,0
22092,0
22093,0
22094,0
22095,0
22096,0
22097,0
22098,0
22099,0
22100,0
22101,0
22102,0
22103,0
22104,0
22105,0
22106,0
22107,0
22108,0
22109,0
22110,0
22111,0
22112,0
22113,0
22114,0
22115,0
22116,0
22117,0
22118,0
22119,0
22120,0
22121,4558.570858
22122,0
22123,0
22124,0
22125,0
22126,0
22127,0
22128,0
22129,0
22130,0
22131,0
22132,0
22133,0
22134,0
22135,0
22136,4249.544479
22137,0
22138,0
22139,0
22140,0
22141,0
22142,0
22143,0
22144,0
22145,0
22146,0
22147,0
22148,0
22149,0
22150,0
22151,0
22152,0
22153,0
22154,0
22155,0
22156,0
22157,0
22158,0
22159,0
22160,0
22161,0
22162,0
22163,0
22164,0
22165,0
22166,0
22167,0
22168,0
22169,0
22170,0
22171,0
22172,0
22173,0
22174,0
22175,0
22176,0
22177,0
22178,0
22179,0
22180,0
22181,0
22182,0
22183,0
22184,0
22185,0
22186,0
22187,0
22188,0
22189,0
22190,0
22191,0
22192,0
22193,0
22194,0
22195,0
22196,0
22197,0
22198,0
22199,0
22200,5197.24267
22201,0
22202,0
22203,0
22204,0
22205,0
22206,0
22207,0
22208,0
22209,0
22210,0
22211,0
22212,0
22213,0
22214,0
22215,0
22216,0
22217,0
22218,0
22219,0
22220,0
22221,0
22222,0
22223,0
22224,0
22225,0
22226,0
22227,0
22228,0
22229,0
22230,0
22231,0
22232,0
22233,0
22234,0
22235,0
22236,0
22237,0
22238,0
22239,0
22240,0
22241,4050.279334
22242,4282.143847
22243,0
22244,0
22245,0
22246,0
22247,0
22248,0
22249,0
22250,0
22251,0
22252,0
22253,0
22254,0
22255,0
22256,0
22257,4508.354499
22258,4234.88171
22259,4744.552952
22260,3613.29432
22261,9752.712483
22262,10790.86869
22263,10127.80938
22264,9155.516912
22265,9068.011002
22266,10906.5271
22267,9828.454161
22268,10398.53269
22269,8231.330371
22270,9695.076382
22271,10369.07825
22272,8464.321989
22273,10549.04115
22274,9133.999323
22275,9242.171861
22276,10244.63891
22277,9599.954775
22278,8554.694368
22279,8963.039309
22280,9439.893794
22281,10224.069
22282,9160.65578
22283,8828.464825
22284,10300.93821
22285,10274.06467
22286,8720.229458
22287,8049.100336
22288,8299.633461
22289,8841.668216
22290,9320.400221
22291,8232.70043
22292,8549.530674
22293,9000.655662
22294,8907.274176
22295,9226.946893
22296,8765.323658
22297,9227.001677
22298,10271.54299
22299,9986.140022
22300,9305.815543
22301,8934.708911
22302,4740.529698
22303,5611.077055
22304,4947.306864
22305,4803.571224
22306,4829.697471
22307,5053.09973
22308,5277.198781
22309,5232.742644
22310,4870.823513
22311,5580.023629
22312,4751.883206
22313,4667.560721
22314,5300.121028
22315,5265.739509
22316,5158.922532
22317,4816.280054
22318,5527.755026
22319,6192.732705
22320,5217.851278
22321,5338.562036
22322,5559.616044
22323,4833.997395
22324,4831.861251
22325,5146.240646
22326,4805.062515
22327,4888.848193
22328,5784.396102
22329,4761.810894
22330,4759.307316
22331,5591.485438
22332,4851.342777
22333,5301.697144
22334,4698.442626
22335,5203.611048
22336,4810.725886
22337,4766.270543
22338,5433.955236
22339,4933.401325
22340,4879.263101
22341,4895.397683
22342,4760.824013
22343,6401.199708
22344,5749.556232
22345,5410.615377
22346,5575.553968
22347,5734.972931
22348,6574.379699
22349,6315.91895
22350,5883.859191
22351,5335.920548
22352,6327.892059
22353,5730.94274
22354,6211.173604
22355,5389.718322
22356,6101.34828
22357,6115.790516
22358,5670.703263
22359,6253.17807
22360,6164.864773
22361,6122.065605
22362,5757.827254
22363,5736.140672
22364,5280.125052
22365,5496.358457
22366,5268.207029
22367,5867.042346
22368,6374.203503
22369,6785.808533
22370,5897.916804
22371,6238.011567
22372,5397.917792
22373,5799.039779
22374,6189.778374
22375,5331.563061
22376,6595.883967
22377,5417.54271
22378,5781.320931
22379,6652.973989
22380,6216.437898
22381,5389.212782
22382,5279.189315
22383,6814.880521
22384,6349.161823
22385,7517.027611
22386,6178.902246
22387,7584.640728
22388,7415.706728
22389,7207.510799
22390,6323.887342
22391,8136.648953
22392,7500.971531
22393,7659.221303
22394,7163.265851
22395,6761.434618
22396,6609.820114
22397,8802.2099
22398,6123.997197
22399,6230.936996
22400,6176.951354
22401,7172.572516
22402,6371.013664
22403,7242.065351
22404,6625.821878
22405,8041.115225
22406,6199.337196
22407,7428.688996
22408,6274.19469
22409,6928.254932
22410,8345.353052
22411,6159.238469
22412,6806.128644
22413,7106.027458
22414,6536.723969
22415,6972.180738
22416,7410.105755
22417,6358.867452
22418,7826.631281
22419,7147.113367
22420,7311.50285
22421,6328.162461
22422,7043.588322
22423,7305.312154
22424,4426.212117
22425,5111.738525
22426,4349.813141
22427,4903.619348
22428,4246.796599
22429,5128.908902
22430,5526.82277
22431,4774.945724
22432,5041.490182
22433,4993.762722
22434,4814.216162
22435,6118.177247
22436,4252.099921
22437,5408.912407
22438,4242.205011
22439,4797.122486
22440,4281.906067
22441,4929.884214
22442,5595.163038
22443,4833.697202
22444,4280.036281
22445,4914.64282
22446,4611.972233
22447,4981.057228
22448,4788.179731
22449,5093.263742
22450,4849.60275
22451,4346.345191
22452,4929.908034
22453,4948.989181
22454,4726.54942
22455,5073.499027
22456,5146.759675
22457,5079.740426
22458,4299.15954
22459,5002.408183
22460,4250.61665
22461,4290.079373
22462,4359.649951
22463,4967.740562
22464,4564.240569
22465,5721.369733
22466,5824.209512
22467,6350.706583
22468,5391.280577
22469,6776.444722
22470,7408.583363
22471,7574.771159
22472,6713.034368
22473,6637.30055
22474,6002.754005
22475,6364.124708
22476,6620.042214
22477,5875.948627
22478,5842.416521
22479,6620.753205
22480,7308.785635
22481,5730.864815
22482,7327.08736
22483,6381.172993
22484,5405.882414
22485,5388.454514
22486,5425.0885
22487,5735.498785
22488,5801.520627
22489,5428.611643
22490,6865.413951
22491,5781.558364
22492,5923.106554
22493,6499.360529
22494,5746.067397
22495,5940.338804
22496,6346.349654
22497,6857.435586
22498,6352.918276
22499,6418.518783
22500,5485.440294
22501,5970.602526
22502,5750.349306
22503,5839.353478
22504,5702.453829
22505,6791.845649
22506,7227.660233
22507,8099.503524
22508,6139.923584
22509,7409.526132
22510,7974.588997
22511,9016.561414
22512,7126.133536
22513,6310.061774
22514,7324.765245
22515,7396.345964
22516,7935.634689
22517,6226.254452
22518,6302.38957
22519,6243.155785
22520,6204.759589
22521,7252.350825
22522,6142.19959
22523,6121.405779
22524,6247.73782
22525,6130.477761
22526,6200.750331
22527,7918.814879
22528,7361.295766
22529,6288.499893
22530,7263.73978
22531,6124.236439
22532,6214.400518
22533,8039.75723
22534,6237.083555
22535,6322.587661
22536,6265.091376
22537,6304.94747
22538,6300.865347
22539,6103.514114
22540,6306.863539
22541,7996.796908
22542,7173.283739
22543,6130.164727
22544,7246.242953
22545,7384.514492
22546,8245.103652
22547,7225.477015
22548,8227.412129
22549,9296.473154
22550,6921.035091
22551,6997.44346
22552,8553.046509
22553,7085.839159
22554,8450.691926
22555,8417.798954
22556,6731.272298
22557,8498.936903
22558,9304.016055
22559,8355.774141
22560,7181.658827
22561,7840.675649
22562,6702.778521
22563,8082.930537
22564,6958.018272
22565,6970.511762
22566,8470.91905
22567,8451.682717
22568,7117.713402
22569,7070.134517
22570,8357.801422
22571,7510.91629
22572,6973.005367
22573,7664.050031
22574,8171.896111
22575,7203.221355
22576,7203.738918
22577,9301.917492
22578,7117.142725
22579,7010.927998
22580,6879.27594
22581,8312.772195
22582,6952.615728
22583,7667.970874
22584,9256.869098
22585,6941.49276
22586,7128.239854
22587,7299.891413
22588,7208.639996
22589,6278.55979
22590,6354.987707
22591,7343.221367
22592,7510.963647
22593,7336.680758
22594,7324.502038
22595,7500.139105
22596,7562.310528
22597,6299.257293
22598,6364.115172
22599,6262.926945
22600,6829.887233
22601,6552.979579
22602,6305.564592
22603,6331.067207
22604,7531.574818
22605,6817.307606
22606,6819.030759
22607,7104.212879
22608,7556.296551
22609,7290.121704
22610,7382.479004
22611,6214.980611
22612,7107.187212
22613,6563.494038
22614,8539.296492
22615,7519.827263
22616,6194.266283
22617,6773.719661
22618,6274.716728
22619,6326.94544
22620,8694.676951
22621,6833.926267
22622,7119.099968
22623,6197.760225
22624,6794.009334
22625,9256.639594
22626,6615.96803
22627,8514.330351
22628,4278.666592
22629,3731.877661
22630,3764.519411
22631,3751.728527
22632,3664.36495
22633,3729.996833
22634,4179.313555
22635,4106.7164
22636,3338.950477
22637,4155.351894
22638,3691.662613
22639,3518.904196
22640,4080.585442
22641,3709.641848
22642,4209.602224
22643,3777.635209
22644,4602.109917
22645,5222.741864
22646,4668.158934
22647,4438.624227
22648,4169.736543
22649,3705.722805
22650,3649.874584
22651,3369.836473
22652,4148.352369
22653,3409.244869
22654,3755.686161
22655,3701.61544
22656,4131.34204
22657,3853.829475
22658,5240.018782
22659,3648.434537
22660,3780.988872
22661,3826.958717
22662,5199.058922
22663,4603.926044
22664,4213.488804
22665,3372.228437
22666,3411.867537
22667,5250.955649
22668,4695.279147
22669,5940.127048
22670,5631.259113
22671,5561.654597
22672,5900.344556
22673,5435.768088
22674,5993.089189
22675,5518.285302
22676,5663.252433
22677,5436.790407
22678,5747.303044
22679,5458.851735
22680,5796.450601
22681,5496.257383
22682,6025.283723
22683,5948.697005
22684,5734.003577
22685,5620.502801
22686,5501.198513
22687,6002.581531
22688,6028.679148
22689,6416.535203
22690,5873.754726
22691,5702.84728
22692,5781.856968
22693,5798.338191
22694,5440.193289
22695,5885.102978
22696,5468.383437
22697,5652.299
22698,6000.322674
22699,6437.888163
22700,5485.242515
22701,5458.584209
22702,5688.629234
22703,5482.541567
22704,5999.804001
22705,5704.514769
22706,5733.366622
22707,6453.642025
22708,6542.347232
22709,6114.804564
22710,7643.080407
22711,6046.655391
22712,6007.390311
22713,6512.141091
22714,6027.818847
22715,6902.555093
22716,6104.914893
22717,6597.110377
22718,6127.269649
22719,6297.155442
22720,6005.704554
22721,6704.674742
22722,7065.668075
22723,7121.225334
22724,7144.587471
22725,6650.49433
22726,6075.784276
22727,7124.319192
22728,7132.679976
22729,7920.019344
22730,6079.552878
22731,5970.643711
22732,6273.871643
22733,6633.927067
22734,6901.727018
22735,6867.010114
22736,6036.065847
22737,7699.903153
22738,7694.165011
22739,5983.937031
22740,8009.87937
22741,7048.440656
22742,6729.574631
22743,7042.739102
22744,6925.247279
22745,6819.522325
22746,6666.486194
22747,7991.971971
22748,9430.891707
22749,7101.973676
22750,8687.983194
22751,9462.078383
22752,8520.961314
22753,8782.245037
22754,8445.651819
22755,8780.30353
22756,8831.505511
22757,9478.209798
22758,10144.0062
22759,9881.764569
22760,8817.913874
22761,9566.413246
22762,8591.197281
22763,8623.924186
22764,9696.704438
22765,8544.338581
22766,8405.427605
22767,8538.759768
22768,8380.681335
22769,10045.88238
22770,8528.447673
22771,8659.445637
22772,8468.490994
22773,9095.022562
22774,8559.257371
22775,9588.447288
22776,9897.332594
22777,10180.33823
22778,9381.76288
22779,8576.817299
22780,11441.93062
22781,11212.78246
22782,10999.07979
22783,9427.311791
22784,8561.246937
22785,10406.91467
22786,11119.23985
22787,8428.426499
22788,8581.280733
22789,9716.360401
22790,10295.88858
22791,8479.972593
22792,8705.47899
22793,7059.576046
22794,9742.41778
22795,8469.34627
22796,8554.15953
22797,7501.173323
22798,7488.468882
22799,6963.494712
22800,7814.800416
22801,8850.093715
22802,8394.984325
22803,8484.814071
22804,8024.429173
22805,7807.040639
22806,9514.902435
22807,8811.236029
22808,6932.448292
22809,7811.995771
22810,8948.190005
22811,7537.1189
22812,7923.914158
22813,9059.585591
22814,6943.773274
22815,8551.95592
22816,7879.281665
22817,9781.966282
22818,9226.803631
22819,8532.153583
22820,7805.138087
22821,7212.490041
22822,9540.645776
22823,8084.819438
22824,8623.063961
22825,6824.411432
22826,7407.733463
22827,7760.074262
22828,7902.114744
22829,8085.135599
22830,9101.049154
22831,9099.326696
22832,7127.239889
22833,7881.231311
22834,7029.172513
22835,6273.774634
22836,6397.92413
22837,7418.094228
22838,6383.051494
22839,7440.649966
22840,7989.301924
22841,6376.229865
22842,6396.104671
22843,7230.833146
22844,6577.039797
22845,7124.781757
22846,7068.404295
22847,6476.772049
22848,6935.66914
22849,6353.105593
22850,6453.461639
22851,6941.68369
22852,7198.318521
22853,7812.2179
22854,7634.859326
22855,7166.325503
22856,6644.973094
22857,6957.663465
22858,7034.475881
22859,6281.488268
22860,6901.195584
22861,6540.197706
22862,6941.379186
22863,6607.4869
22864,7334.392051
22865,7885.047112
22866,6426.056495
22867,7019.884548
22868,7019.945842
22869,7350.411365
22870,8027.820017
22871,6447.846212
22872,7533.460631
22873,3948.305215
22874,4854.569478
22875,4670.448311
22876,4679.847313
22877,4849.813827
22878,4705.940258
22879,4709.358113
22880,3903.291639
22881,3260.385916
22882,5471.227949
22883,4017.044467
22884,4065.959497
22885,3890.104541
22886,4700.647692
22887,4052.551064
22888,4703.897851
22889,3268.790211
22890,4040.61363
22891,3305.315508
22892,4051.737327
22893,3900.538247
22894,4466.220323
22895,4044.840382
22896,3226.232479
22897,5024.396564
22898,4784.489732
22899,4842.993352
22900,5381.285174
22901,4050.041369
22902,3242.417121
22903,4026.538528
22904,3936.428732
22905,3406.060736
22906,4805.70529
22907,5409.23088
22908,4124.127838
22909,3909.600095
22910,4743.275185
22911,4707.441198
22912,5367.591074
22913,8271.15077
22914,8206.439437
22915,8474.075333
22916,7674.523569
22917,8683.651633
22918,7666.26399
22919,8634.472077
22920,8662.953292
22921,8724.179597
22922,8525.702992
22923,8901.99744
22924,8444.086039
22925,8446.744411
22926,8393.316288
22927,7602.896401
22928,7600.599702
22929,9124.589687
22930,7816.340669
22931,7784.399424
22932,7630.686416
22933,8594.893196
22934,7653.338067
22935,7894.667908
22936,7644.165815
22937,7550.444528
22938,7734.339047
22939,7620.380116
22940,8827.710376
22941,8141.605121
22942,8644.95613
22943,8684.415022
22944,8579.566258
22945,7820.922986
22946,7780.04076
22947,8746.411047
22948,8767.136846
22949,8410.780547
22950,8402.319346
22951,8675.416564
22952,8840.919576
22953,6396.867129
22954,6011.680406
22955,5207.783928
22956,5333.900027
22957,6134.830646
22958,5227.955333
22959,6653.657067
22960,5688.008867
22961,5501.868675
22962,6387.063085
22963,6935.251832
22964,5391.931986
22965,6139.199902
22966,6205.018535
22967,5272.655894
22968,5318.052292
22969,6835.295251
22970,6428.281275
22971,5598.794438
22972,6416.098874
22973,5196.154704
22974,5420.168885
22975,6051.596842
22976,5258.614646
22977,6086.376947
22978,6274.762937
22979,6666.076725
22980,5381.184142
22981,5376.842968
22982,5216.298647
22983,5320.387642
22984,6556.762302
22985,5678.803699
22986,5267.99785
22987,5410.083842
22988,5455.696794
22989,5998.031576
22990,5345.786825
22991,5325.495285
22992,6670.083384
22993,6049.733483
22994,3745.962262
22995,4545.027635
22996,4059.31309
22997,4578.661519
22998,4141.434215
22999,4641.31746
23000,4625.882819
23001,3519.280301
23002,3494.904051
23003,4269.543108
23004,4666.448175
23005,4035.658259
23006,4553.817288
23007,5201.62167
23008,4154.187436
23009,4626.631651
23010,4611.624584
23011,4747.291356
23012,4302.395245
23013,3802.969135
23014,4912.421256
23015,4102.795601
23016,5086.316918
23017,4651.369835
23018,4142.516305
23019,3507.277847
23020,4909.199845
23021,3547.169899
23022,4345.910995
23023,3715.464595
23024,4097.62514
23025,4642.799866
23026,4132.299729
23027,4322.267311
23028,5190.610596
23029,4049.678258
23030,4245.271698
23031,4583.559257
23032,4778.542944
23033,5049.719273
23034,4049.65255
23035,7821.663109
23036,6148.104123
23037,6511.81078
23038,7549.811023
23039,6175.405441
23040,7299.594678
23041,6447.95934
23042,7386.260612
23043,8197.249025
23044,6480.955815
23045,5662.329039
23046,5630.345843
23047,6914.51088
23048,7281.44155
23049,6476.94046
23050,7355.564658
23051,5688.379038
23052,7572.692333
23053,7294.716177
23054,5652.169993
23055,7160.935758
23056,7281.288372
23057,6492.526043
23058,7750.301717
23059,6571.983364
23060,7280.746281
23061,6427.059855
23062,8055.342542
23063,7271.402376
23064,7459.422934
23065,6599.834254
23066,6539.83637
23067,6465.930428
23068,6902.108853
23069,8217.417483
23070,5723.722491
23071,6429.39073
23072,6409.141696
23073,7435.350482
23074,7257.338435
23075,9218.156803
23076,7151.643467
23077,7557.755251
23078,6687.71983
23079,5524.350044
23080,7134.105466
23081,6620.625034
23082,7102.745013
23083,5532.622154
23084,5657.847154
23085,8431.0422
23086,5834.854603
23087,7196.523874
23088,5512.925697
23089,7231.143325
23090,6815.62473
23091,7460.990502
23092,6568.33158
23093,7286.281648
23094,6482.69633
23095,7218.811908
23096,6628.502278
23097,7362.914295
23098,7375.886161
23099,6437.102379
23100,6930.681346
23101,6317.903457
23102,5548.5504
23103,6551.698058
23104,7173.323328
23105,8505.340194
23106,6669.303863
23107,8217.31282
23108,6803.014438
23109,7561.575094
23110,6522.52099
23111,7336.687073
23112,6587.556679
23113,6982.661388
23114,5749.801105
23115,6427.519081
23116,8404.237712
23117,5828.799734
23118,5336.836621
23119,6923.510325
23120,5562.566273
23121,6760.899071
23122,6719.009091
23123,5444.280122
23124,5804.286419
23125,7710.20702
23126,6433.383598
23127,5345.740779
23128,6526.660564
23129,5832.869749
23130,5327.509034
23131,5707.207145
23132,5721.2379
23133,6028.855846
23134,6354.833396
23135,6812.109848
23136,5735.995935
23137,6374.320601
23138,6539.062064
23139,5980.835224
23140,6794.275877
23141,5784.103352
23142,5770.639188
23143,6261.981776
23144,5372.805366
23145,7639.905645
23146,7676.58119
23147,6876.139029
23148,6324.952063
23149,6143.669589
23150,5724.804896
23151,5571.180214
23152,7587.6187
23153,6810.042132
23154,5704.173152
23155,5767.17667
23156,5381.042876
23157,5734.910018
23158,6804.749259
23159,5732.278685
23160,6233.207467
23161,6353.54197
23162,5743.634273
23163,6401.965304
23164,5760.300606
23165,6639.607143
23166,6316.033483
23167,5778.534825
23168,5675.050122
23169,6288.716358
23170,5665.723797
23171,6275.504548
23172,7641.733774
23173,6321.040821
23174,6273.052076
23175,6765.175183
23176,7371.001182
23177,6370.972106
23178,6409.475588
23179,6469.407822
23180,6404.18968
23181,5652.645051
23182,5664.146145
23183,6589.493236
23184,7374.862061
23185,6623.4313
23186,6536.547047
23187,5665.948558
23188,5673.763875
23189,5603.872385
23190,6222.471758
23191,5750.394246
23192,6330.248373
23193,6423.336104
23194,5640.575643
23195,5651.365991
23196,5602.476751
23197,6220.143384
23198,7325.842234
23199,5781.857078
23200,4903.839187
23201,6174.643753
23202,6416.677926
23203,7725.36196
23204,6927.672274
23205,8040.875137
23206,7014.526139
23207,6270.179406
23208,7245.737584
23209,5916.937437
23210,6440.791827
23211,5763.600358
23212,5396.619147
23213,5807.945623
23214,5510.056335
23215,4886.356608
23216,6900.585799
23217,5777.887245
23218,5222.103296
23219,6409.562684
23220,7479.872407
23221,6623.904209
23222,5411.12319
23223,6202.049809
23224,5632.004785
23225,5303.781992
23226,6041.800415
23227,5465.660119
23228,6498.692537
23229,4849.734309
23230,5753.392279
23231,5747.875663
23232,5751.456385
23233,5745.788576
23234,7134.023691
23235,5984.000292
23236,6569.397355
23237,6622.804929
23238,4863.901396
23239,6131.174828
23240,6866.131493
23241,6813.382085
23242,6810.577908
23243,7231.553024
23244,6619.974875
23245,7666.204195
23246,7628.889715
23247,6598.079386
23248,6813.995896
23249,6647.777353
23250,8235.544627
23251,7577.89848
23252,6766.365291
23253,6793.483189
23254,7460.648389
23255,7968.003194
23256,6531.500445
23257,8252.870542
23258,6623.870044
23259,7698.344205
23260,7724.370069
23261,6513.583755
23262,7491.849357
23263,6618.279461
23264,6696.351089
23265,6560.780593
23266,6847.078367
23267,6559.18675
23268,6912.409407
23269,6857.899838
23270,6487.71448
23271,7325.262728
23272,7444.948915
23273,7533.652813
23274,7723.775998
23275,7629.043259
23276,7572.347827
23277,8353.674476
23278,6662.552827
23279,7176.375934
23280,5423.693847
23281,5558.255125
23282,5527.822953
23283,5108.855502
23284,6137.642534
23285,4831.325222
23286,4966.327341
23287,6302.486688
23288,4871.322717
23289,6535.258467
23290,4949.491625
23291,5156.754003
23292,5217.251371
23293,5146.737242
23294,5036.343655
23295,4979.715297
23296,4863.320371
23297,5855.883316
23298,4942.596464
23299,5016.628503
23300,5664.350314
23301,5162.394005
23302,5321.33237
23303,5035.286348
23304,5942.965924
23305,5778.233184
23306,4827.937573
23307,4913.451539
23308,5908.882902
23309,5421.25926
23310,6012.196545
23311,5147.712631
23312,5344.858053
23313,5409.819798
23314,5608.63676
23315,4981.308332
23316,6288.578753
23317,6061.444118
23318,5597.347155
23319,4739.584608
23320,5668.814247
23321,7814.825296
23322,7713.382575
23323,7492.507144
23324,7309.792501
23325,7278.030239
23326,6852.856924
23327,6606.984844
23328,8174.920934
23329,7584.230796
23330,7329.483757
23331,6491.161095
23332,6846.52303
23333,7362.33908
23334,7338.532414
23335,6599.49512
23336,7250.102405
23337,6668.672586
23338,6502.576884
23339,6559.739597
23340,6530.353401
23341,7631.794083
23342,6774.752544
23343,7231.085784
23344,7322.609577
23345,7338.401102
23346,6555.951865
23347,7211.740921
23348,7952.016205
23349,7396.95739
23350,6995.315721
23351,7335.550893
23352,7722.437325
23353,7363.608016
23354,7271.940741
23355,7857.578109
23356,6642.430065
23357,7327.030583
23358,7283.186591
23359,6705.839008
23360,8049.832698
23361,6557.84846
23362,6671.758451
23363,7687.893128
23364,7081.899022
23365,6665.202508
23366,6606.005655
23367,6608.24378
23368,7624.475066
23369,7592.643141
23370,7005.883356
23371,7078.269507
23372,7608.136962
23373,6745.460621
23374,6700.991434
23375,7445.722516
23376,6641.838403
23377,7797.778336
23378,7753.362399
23379,7651.929984
23380,7662.410111
23381,6724.297215
23382,6762.259504
23383,7667.786853
23384,6656.465522
23385,7097.777758
23386,7545.816567
23387,7524.595684
23388,7448.308711
23389,6567.791466
23390,7385.989387
23391,7468.890306
23392,7000.532257
23393,7622.654136
23394,7482.961415
23395,7405.624509
23396,7730.832901
23397,7575.97801
23398,7768.575172
23399,7167.149342
23400,6664.242823
23401,7665.164945
23402,6161.623575
23403,4899.058213
23404,8022.733466
23405,6503.309679
23406,4876.355034
23407,9103.683952
23408,5414.293735
23409,5095.848193
23410,6134.991985
23411,5014.511849
23412,4965.901377
23413,8088.569287
23414,6116.462885
23415,4901.176535
23416,4875.141785
23417,4986.023305
23418,4922.410209
23419,4809.206486
23420,8047.054495
23421,6183.12627
23422,5104.894775
23423,6110.42741
23424,4890.788077
23425,6045.883537
23426,6599.838201
23427,6458.323614
23428,5087.957743
23429,5171.092472
23430,5206.891076
23431,4925.66835
23432,5411.981132
23433,4919.420814
23434,5025.382656
23435,6272.071986
23436,6067.54456
23437,6142.457961
23438,5018.586583
23439,6284.223788
23440,6231.32085
23441,6215.368243
23442,4918.236123
23443,9992.481549
23444,9524.676331
23445,7843.384234
23446,7930.604849
23447,10119.27073
23448,9269.780868
23449,9609.953542
23450,8439.887918
23451,9597.281715
23452,8312.375885
23453,8489.951097
23454,9645.115825
23455,9651.970607
23456,8330.785172
23457,9236.866367
23458,7925.071975
23459,8450.521567
23460,9441.989719
23461,8339.337458
23462,10088.25365
23463,8480.22628
23464,8282.284445
23465,8319.856432
23466,9681.620356
23467,9485.116913
23468,8319.006707
23469,7851.088936
23470,8448.177143
23471,9592.544593
23472,8298.77792
23473,9520.67545
23474,9618.591101
23475,10250.47861
23476,8290.888222
23477,8139.671648
23478,8486.670454
23479,8396.764262
23480,9161.047486
23481,9598.610445
23482,7981.186879
23483,6735.033923
23484,5932.235248
23485,5708.776651
23486,6425.488886
23487,6604.710833
23488,6783.787131
23489,6235.860699
23490,5998.258507
23491,5672.949208
23492,5856.290686
23493,6532.598064
23494,6366.176045
23495,5723.80963
23496,6451.946073
23497,5664.491638
23498,5615.321968
23499,6543.09807
23500,5701.211672
23501,6786.155034
23502,6277.160845
23503,6721.230051
23504,5765.393532
23505,6537.505552
23506,6741.655881
23507,5958.842484
23508,6696.393758
23509,5626.708763
23510,6493.756244
23511,5974.228921
23512,5619.320538
23513,6738.778127
23514,5947.256782
23515,5833.269268
23516,6289.63199
23517,5668.610831
23518,5659.080806
23519,6416.22195
23520,5759.314515
23521,6562.429219
23522,5598.695772
23523,4214.732433
23524,5436.340583
23525,4367.303615
23526,5058.03704
23527,3702.597031
23528,3779.528459
23529,4185.820792
23530,5358.521403
23531,5025.725808
23532,3590.090295
23533,5635.251646
23534,4247.702111
23535,4997.69584
23536,4236.285426
23537,4838.52326
23538,3606.230797
23539,4098.738543
23540,4262.888347
23541,4060.090669
23542,4725.749201
23543,5411.727601
23544,3582.493859
23545,5106.875718
23546,4363.956236
23547,5470.319537
23548,4786.298281
23549,4903.938895
23550,4164.343943
23551,4749.273216
23552,3656.438865
23553,5118.955335
23554,5260.731121
23555,4766.462484
23556,4237.444422
23557,4286.318881
23558,4176.813565
23559,5189.831631
23560,4237.648541
23561,4540.540793
23562,3563.401102
23563,4718.694555
23564,11877.8895
23565,10308.8245
23566,10852.08967
23567,12855.88202
23568,10698.88972
23569,12002.18961
23570,13496.65583
23571,10277.36815
23572,11640.38687
23573,11825.68356
23574,12738.34321
23575,12099.41812
23576,10546.74701
23577,12519.06653
23578,13992.95871
23579,11926.34622
23580,13522.3959
23581,13746.38149
23582,10354.05596
23583,12389.80619
23584,11868.52809
23585,10901.85207
23586,10592.19032
23587,11911.5741
23588,10391.34937
23589,11066.0288
23590,11017.44205
23591,10571.57936
23592,10398.23808
23593,10990.92179
23594,11789.41875
23595,10948.64825
23596,10296.95951
23597,11908.33068
23598,10381.31212
23599,11774.75888
23600,10141.00154
23601,11186.9288
23602,12284.736
23603,10417.08865
23604,10494.29963
23605,6329.247832
23606,6460.074376
23607,6982.858403
23608,5056.948573
23609,5596.271163
23610,4490.761478
23611,6122.654671
23612,5793.09207
23613,4973.833264
23614,5003.08553
23615,6036.387377
23616,4957.64254
23617,6343.284561
23618,4796.03663
23619,5764.610308
23620,4482.914671
23621,4917.646155
23622,4492.181477
23623,5341.966954
23624,7108.072362
23625,6806.687212
23626,5991.638942
23627,6120.401748
23628,5087.475438
23629,4733.064199
23630,6832.275603
23631,6040.922805
23632,5198.514259
23633,4517.478851
23634,5848.341164
23635,4485.641148
23636,5100.538696
23637,5322.600678
23638,5107.108954
23639,5065.254915
23640,5111.707161
23641,6323.373108
23642,5017.863144
23643,5007.494488
23644,5956.293471
23645,5918.73491
23646,3845.695715
23647,3283.826535
23648,3939.14749
23649,3286.843495
23650,3540.146243
23651,3569.871776
23652,3843.276859
23653,3236.908767
23654,3673.72611
23655,3269.397371
23656,3306.448542
23657,3301.073198
23658,3925.779841
23659,3694.264247
23660,3470.410093
23661,3380.316693
23662,4085.750925
23663,3575.566896
23664,3285.669634
23665,3325.218499
23666,3861.546292
23667,3521.395933
23668,3270.373634
23669,3312.29944
23670,3196.205798
23671,3546.814637
23672,3970.830302
23673,3914.315374
23674,3784.563694
23675,3827.655576
23676,3508.007341
23677,3278.28148
23678,3324.935216
23679,3231.295491
23680,3241.636263
23681,3320.719401
23682,3352.583375
23683,3242.573789
23684,3877.763195
23685,3880.882927
23686,3504.514654
23687,8805.444117
23688,8244.022821
23689,8016.64838
23690,8199.533784
23691,7306.951669
23692,7041.971847
23693,8808.601027
23694,6676.172354
23695,8526.274345
23696,8073.168767
23697,8481.357286
23698,6817.44582
23699,7815.019512
23700,7212.446496
23701,7200.940817
23702,7662.828958
23703,8958.867264
23704,6730.624225
23705,6990.157452
23706,8049.214955
23707,7114.969025
23708,7055.312175
23709,6921.837529
23710,7302.039351
23711,8230.226596
23712,7062.758822
23713,8147.923206
23714,6822.442235
23715,7074.321929
23716,7382.173927
23717,7174.237974
23718,7357.374981
23719,8700.091132
23720,9841.174303
23721,6837.541099
23722,8665.263587
23723,7313.144897
23724,7821.797898
23725,8537.797798
23726,7834.585745
23727,7080.182101
23728,10407.58602
23729,10083.09102
23730,9381.067824
23731,9245.726324
23732,9835.294804
23733,8624.608835
23734,9764.542319
23735,9590.864705
23736,9386.900797
23737,8835.019776
23738,8828.976208
23739,8786.507658
23740,10155.82586
23741,9801.971838
23742,8832.98643
23743,9496.84502
23744,9307.141559
23745,9438.737467
23746,9151.797131
23747,8597.896297
23748,9292.192773
23749,9740.094993
23750,8960.188323
23751,8371.531856
23752,9013.750213
23753,10007.47035
23754,8893.323052
23755,9484.36971
23756,9959.782879
23757,9539.830075
23758,9467.752706
23759,9459.035606
23760,10109.29495
23761,8420.154502
23762,10073.57224
23763,9711.61357
23764,8395.617234
23765,9359.878212
23766,10382.21539
23767,9653.674123
23768,9554.708486
23769,11106.55075
23770,11464.37041
23771,10944.14278
23772,11315.91868
23773,9461.170057
23774,10938.50809
23775,9405.927623
23776,11486.60658
23777,11392.43691
23778,10997.20667
23779,9281.615104
23780,9272.47609
23781,9766.584181
23782,9701.994655
23783,10581.16577
23784,9269.780996
23785,9411.517327
23786,12647.02397
23787,9722.698757
23788,9451.039591
23789,9801.035322
23790,11321.7669
23791,10080.80498
23792,11943.05241
23793,12020.00499
23794,9259.097242
23795,9277.042547
23796,9325.603344
23797,9286.172049
23798,10820.84617
23799,10873.22928
23800,11996.64115
23801,12832.61198
23802,9310.851353
23803,11512.43649
23804,10722.53258
23805,11942.10888
23806,9478.688706
23807,9248.8561
23808,9763.536715
23809,5471.725039
23810,4496.374213
23811,5360.494393
23812,4807.414854
23813,5249.25173
23814,4805.74067
23815,4862.447341
23816,4854.24467
23817,4459.041019
23818,5449.500801
23819,5500.91724
23820,5275.538145
23821,5360.661545
23822,5072.659345
23823,5240.611594
23824,5368.583713
23825,5459.951553
23826,5715.723959
23827,4791.159172
23828,4785.112143
23829,5594.502931
23830,4792.329935
23831,4595.639899
23832,5347.18708
23833,5559.257971
23834,5667.510977
23835,5268.350808
23836,5103.982207
23837,4890.425771
23838,5412.415574
23839,4802.662744
23840,4881.238731
23841,4767.961156
23842,4514.057261
23843,4548.189391
23844,4515.424366
23845,4889.756067
23846,4878.7715
23847,4820.326774
23848,4803.321552
23849,5994.090808
23850,6266.634916
23851,5937.30481
23852,5339.726292
23853,7094.88287
23854,5171.187376
23855,6064.653387
23856,6153.59841
23857,5894.748895
23858,5280.358477
23859,5195.163354
23860,5352.65022
23861,5002.984017
23862,5903.378946
23863,6200.377728
23864,5099.678328
23865,5135.915026
23866,6004.520264
23867,5138.463491
23868,5985.938677
23869,6035.939843
23870,5155.822577
23871,5254.838158
23872,5196.159418
23873,5155.918338
23874,6539.289206
23875,6976.21841
23876,5446.650056
23877,5998.864973
23878,5011.466397
23879,5260.636995
23880,6916.892313
23881,5458.735342
23882,5371.419373
23883,5079.082911
23884,5975.020433
23885,6835.123033
23886,6572.295014
23887,5128.964309
23888,5100.92107
23889,4958.003152
23890,6664.310793
23891,6540.912888
23892,6827.405051
23893,6509.845884
23894,5983.018009
23895,6542.388735
23896,6833.368757
23897,6747.274044
23898,5864.261975
23899,6617.891721
23900,6858.372707
23901,7133.429443
23902,7177.290888
23903,5857.361313
23904,6342.330075
23905,6455.454575
23906,6060.436382
23907,7140.478783
23908,6081.936655
23909,5948.127989
23910,6720.502246
23911,7149.788662
23912,5878.181424
23913,5929.221176
23914,5928.066711
23915,6830.462183
23916,5913.973698
23917,5876.962771
23918,6502.32018
23919,6718.394514
23920,6759.992173
23921,5857.299655
23922,6712.672161
23923,6048.681402
23924,6827.767657
23925,6555.222213
23926,6496.408405
23927,6404.629814
23928,5927.16877
23929,5994.653331
23930,7637.875315
23931,7161.311862
23932,7501.071924
23933,7483.581557
23934,6925.917735
23935,6794.350211
23936,7239.69535
23937,8504.401184
23938,7912.535078
23939,7171.661307
23940,7056.129579
23941,7885.336901
23942,7968.599468
23943,7679.862408
23944,7145.407056
23945,6833.878625
23946,8465.858513
23947,7111.104475
23948,8111.880004
23949,7528.323997
23950,8598.260214
23951,7151.88602
23952,7251.078298
23953,7861.076461
23954,7776.145684
23955,6845.452211
23956,6807.880929
23957,7406.313342
23958,6995.652731
23959,6827.49194
23960,7099.546762
23961,8383.550232
23962,7713.696048
23963,7567.832326
23964,6952.176867
23965,6854.26889
23966,8286.599248
23967,7094.850701
23968,7098.68662
23969,6954.304654
23970,7438.615654
23971,6218.239504
23972,5249.886043
23973,5909.18473
23974,6318.434775
23975,5827.717371
23976,5540.723393
23977,6138.070405
23978,7029.410264
23979,5221.324494
23980,5305.132956
23981,6883.450517
23982,5053.662062
23983,5820.817379
23984,5081.189221
23985,5210.356701
23986,5556.567094
23987,5033.387256
23988,6111.489277
23989,5178.871271
23990,5265.780745
23991,5271.306888
23992,5223.490944
23993,5135.814474
23994,7102.989756
23995,5471.942194
23996,5295.700249
23997,5259.469775
23998,5855.007156
23999,5075.741399
24000,6783.877978
24001,6083.324374
24002,6318.241626
24003,6092.200118
24004,6061.100192
24005,5261.267873
24006,5315.956403
24007,6563.447139
24008,5454.50025
24009,5477.179977
24010,6204.227479
24011,6261.05021
24012,8648.364472
24013,8497.536507
24014,8407.13481
24015,7697.267847
24016,8850.463824
24017,10367.07855
24018,8420.006
24019,8628.186424
24020,7195.041868
24021,7002.946385
24022,7125.058936
24023,7105.174165
24024,10327.51213
24025,10480.99644
24026,7073.160529
24027,7429.081452
24028,7488.549353
24029,7832.759856
24030,7944.388341
24031,8483.628862
24032,8484.713145
24033,6926.842565
24034,8425.114715
24035,7771.276713
24036,10850.39985
24037,8355.115542
24038,7107.901616
24039,7785.057661
24040,7327.307676
24041,7152.13601
24042,7119.560567
24043,8608.028722
24044,7292.739874
24045,8542.8264
24046,7750.543874
24047,9114.97029
24048,8976.476163
24049,8394.027742
24050,7891.093794
24051,7436.197333
24052,8715.040825
24053,3356.007808
24054,2947.778579
24055,3000.820197
24056,3353.099312
24057,2958.679151
24058,3521.23115
24059,4194.632957
24060,3022.017388
24061,3394.55304
24062,2884.55344
24063,2922.63267
24064,3321.012074
24065,2931.582218
24066,3566.170295
24067,2965.282776
24068,3381.692211
24069,3508.688228
24070,2912.615069
24071,3059.009053
24072,3381.623489
24073,3584.222384
24074,3198.019819
24075,3576.833769
24076,3465.921328
24077,2940.937609
24078,3387.306776
24079,3441.844232
24080,3381.082376
24081,2902.182553
24082,2971.127046
24083,2897.457927
24084,2908.107533
24085,2984.652435
24086,3429.315473
24087,3361.718986
24088,3578.337856
24089,2956.554392
24090,2973.69586
24091,2893.312699
24092,2924.668665
24093,2984.254748
24094,6144.306285
24095,6162.085792
24096,7188.579987
24097,4875.791513
24098,6589.716438
24099,7428.186307
24100,8748.607952
24101,4996.286341
24102,5614.649495
24103,5031.638625
24104,6086.396145
24105,5425.132867
24106,5009.212153
24107,5334.930073
24108,6826.898552
24109,6450.465745
24110,6342.73563
24111,4975.995659
24112,6261.986577
24113,6973.576145
24114,6092.929671
24115,5133.257697
24116,4919.353156
24117,4969.690922
24118,6299.844793
24119,7128.353275
24120,4981.133333
24121,6308.487067
24122,6210.783056
24123,5268.356492
24124,4926.944131
24125,4900.383906
24126,5744.145784
24127,5989.238033
24128,6063.004763
24129,4914.007951
24130,5126.211429
24131,4874.486884
24132,4850.344052
24133,4844.574679
24134,5107.666614
24135,7288.616574
24136,6231.35021
24137,6327.751398
24138,7085.675852
24139,6379.584906
24140,5230.477505
24141,5077.311999
24142,5395.139971
24143,6247.621092
24144,4822.395619
24145,5616.579767
24146,4854.341453
24147,6290.57445
24148,6284.38653
24149,7575.732803
24150,5409.795559
24151,5406.390819
24152,6268.310474
24153,6294.329023
24154,5603.6841
24155,5283.441669
24156,5525.437983
24157,5536.915792
24158,6322.981595
24159,6279.938256
24160,7336.457703
24161,5369.598892
24162,4867.14959
24163,6380.055864
24164,5442.710022
24165,5228.193946
24166,5528.944995
24167,6277.267682
24168,6261.5339
24169,6281.002285
24170,4959.494636
24171,4899.757192
24172,6322.44628
24173,4840.726774
24174,5458.089561
24175,5319.356942
24176,4383.921114
24177,5776.163553
24178,5593.528934
24179,4973.254227
24180,6405.171497
24181,6601.987066
24182,5911.072831
24183,4927.988629
24184,4871.524933
24185,4439.182467
24186,4871.87118
24187,4962.999921
24188,5685.440744
24189,4876.854008
24190,4901.171337
24191,5098.42147
24192,6601.141053
24193,4840.281944
24194,5562.370665
24195,5034.194249
24196,6020.170678
24197,5525.706707
24198,5022.006779
24199,4937.268172
24200,4431.459443
24201,5622.164331
24202,4649.762317
24203,5370.690839
24204,6131.517398
24205,4892.723492
24206,4510.138056
24207,6006.572889
24208,5929.979187
24209,6124.910668
24210,4923.962104
24211,6529.580657
24212,5838.804915
24213,5925.062362
24214,4543.091317
24215,4468.429942
24216,4922.043676
24217,4312.916818
24218,4335.364571
24219,6190.375759
24220,4440.853583
24221,4323.616068
24222,6413.504904
24223,5085.10433
24224,4383.055289
24225,5307.363837
24226,4409.471142
24227,4399.871246
24228,3706.809599
24229,5448.818533
24230,5244.099598
24231,5259.412785
24232,3844.209485
24233,4435.386499
24234,5049.56387
24235,3773.932331
24236,4460.90113
24237,3672.605869
24238,4513.963435
24239,5110.603576
24240,5422.33204
24241,5299.484785
24242,6127.191312
24243,4453.94557
24244,4423.318338
24245,4389.306691
24246,5155.667175
24247,5528.542965
24248,4332.440617
24249,5190.98987
24250,4406.596549
24251,5220.782293
24252,5228.188676
24253,5083.009826
24254,6199.30294
24255,3699.077453
24256,3671.25611
24257,7722.96147
24258,8101.979325
24259,7403.972613
24260,6366.28245
24261,6551.69018
24262,6223.134255
24263,6227.259863
24264,7311.594946
24265,6774.264013
24266,7748.31537
24267,6432.851703
24268,7035.259455
24269,7348.134549
24270,6730.245519
24271,7065.407451
24272,8298.453764
24273,6419.069428
24274,6703.092484
24275,7769.14464
24276,8105.280719
24277,7152.62576
24278,7713.852335
24279,8112.318361
24280,7462.778396
24281,6929.635294
24282,6941.548718
24283,7162.51855
24284,6881.032887
24285,7650.999581
24286,6635.288743
24287,7190.41048
24288,6302.719874
24289,6987.318302
24290,7271.270835
24291,7042.557877
24292,7221.78561
24293,7246.948867
24294,7329.340355
24295,6357.505234
24296,6972.788505
24297,6262.995168
24298,7337.445348
24299,9323.100393
24300,9177.769554
24301,6921.633289
24302,7048.668708
24303,7148.220829
24304,10267.90607
24305,8507.241587
24306,7030.182504
24307,8078.72294
24308,8879.72992
24309,7517.523159
24310,6807.161307
24311,7109.600761
24312,7007.381971
24313,7134.674025
24314,7329.673744
24315,10373.80359
24316,7369.988777
24317,9477.830646
24318,8282.760402
24319,8420.40623
24320,6957.415354
24321,6784.627257
24322,6985.63894
24323,7031.277782
24324,6822.518256
24325,9494.026545
24326,8645.06277
24327,8569.728034
24328,10666.14652
24329,9174.503108
24330,7073.284037
24331,8635.151668
24332,8334.756457
24333,7445.830031
24334,8368.073805
24335,8198.293346
24336,6982.828738
24337,9869.136546
24338,7056.379218
24339,5137.014269
24340,5889.835957
24341,5463.210261
24342,5703.79468
24343,5330.318452
24344,5402.940658
24345,5266.325801
24346,5313.480043
24347,5276.914577
24348,5122.561781
24349,5937.707378
24350,5387.746712
24351,5623.768848
24352,5383.955035
24353,6010.870877
24354,5651.566578
24355,5366.984774
24356,5339.028832
24357,5849.493954
24358,5661.802246
24359,5693.772207
24360,5614.160362
24361,5909.698711
24362,5388.967341
24363,5388.75935
24364,5642.418989
24365,5215.109486
24366,5621.355659
24367,5464.424743
24368,5687.731993
24369,5162.556613
24370,5790.249415
24371,5393.961
24372,5381.647104
24373,5168.306363
24374,5649.545656
24375,5352.516661
24376,6006.430837
24377,5382.467063
24378,5369.070799
24379,6215.398732
24380,7212.716904
24381,6625.308584
24382,7341.215033
24383,9204.350217
24384,9502.687037
24385,8221.510919
24386,9643.952394
24387,8258.669359
24388,8487.36094
24389,7283.078376
24390,7277.836612
24391,6389.875673
24392,6713.388125
24393,9315.490818
24394,7332.556086
24395,7459.126579
24396,8581.054692
24397,8470.06575
24398,7388.993828
24399,7150.770309
24400,7337.443039
24401,8141.834523
24402,7177.294851
24403,8330.072644
24404,7279.158357
24405,10197.23409
24406,7259.911182
24407,9001.386549
24408,7378.776115
24409,8391.6534
24410,7442.571455
24411,7341.052078
24412,6541.852822
24413,6607.889888
24414,8872.758737
24415,9509.233345
24416,6391.46284
24417,8601.441086
24418,8384.047391
24419,6570.779447
24420,8319.20929
24421,8834.168189
24422,6209.166074
24423,6318.199667
24424,6190.831241
24425,6204.913578
24426,7377.870494
24427,7593.834437
24428,7709.013443
24429,7805.474976
24430,6261.884249
24431,7288.022548
24432,7421.68439
24433,7553.775087
24434,6400.158336
24435,7778.689684
24436,6057.529715
24437,6064.12535
24438,6062.586827
24439,6204.747601
24440,7242.227159
24441,7572.800512
24442,7791.148389
24443,7190.024988
24444,7452.848588
24445,6175.572901
24446,7373.438471
24447,6334.951575
24448,6298.609597
24449,7250.46476
24450,8760.177024
24451,7288.116513
24452,8532.151862
24453,6173.378962
24454,7180.557456
24455,7634.489301
24456,6292.406394
24457,7843.090221
24458,7409.055379
24459,7852.39279
24460,7898.068672
24461,8875.273026
24462,8864.435816
24463,7864.019508
24464,8829.347664
24465,8006.711952
24466,8737.277415
24467,9265.525651
24468,9065.057147
24469,10698.24044
24470,7383.966615
24471,7640.177141
24472,7701.846771
24473,8767.635257
24474,8843.183005
24475,8096.96795
24476,8745.954895
24477,8007.77866
24478,8841.045827
24479,8246.386973
24480,7466.788535
24481,7944.671216
24482,8220.348882
24483,8583.302361
24484,10643.90309
24485,8715.565782
24486,8729.873823
24487,7559.782882
24488,7992.080337
24489,8025.161923
24490,7965.65555
24491,7400.372741
24492,9417.328482
24493,7896.324249
24494,7446.616473
24495,9064.161843
24496,10689.43539
24497,8761.209689
24498,7724.344627
24499,7559.982136
24500,8134.026581
24501,9369.002706
24502,10898.97966
24503,5437.303676
24504,5308.290821
24505,4831.539265
24506,5251.523638
24507,4481.789431
24508,4381.290048
24509,4624.286591
24510,5380.207419
24511,4331.239575
24512,5539.44708
24513,4765.949561
24514,4581.109965
24515,4373.954236
24516,5376.301557
24517,4352.966458
24518,4539.509045
24519,4382.16888
24520,5253.316102
24521,4311.044788
24522,4358.759938
24523,4557.664693
24524,4627.868782
24525,5457.081391
24526,4383.557141
24527,4719.071382
24528,5291.405506
24529,4524.47266
24530,4616.176261
24531,4582.185605
24532,5445.996806
24533,5467.190117
24534,4348.676479
24535,5423.580504
24536,4446.181546
24537,4807.936499
24538,5270.790801
24539,5277.716764
24540,4789.472357
24541,5173.307605
24542,5483.905928
24543,6077.414054
24544,5875.054926
24545,6640.441467
24546,6283.985428
24547,6921.547539
24548,6086.667028
24549,6111.090335
24550,6037.533296
24551,7119.240407
24552,7237.900596
24553,7002.413309
24554,7690.091905
24555,6048.04668
24556,7701.718017
24557,6050.432652
24558,5804.794617
24559,6158.864063
24560,7789.450334
24561,7834.335831
24562,5923.866866
24563,6078.290228
24564,6057.561681
24565,7057.350753
24566,7033.223608
24567,6132.168417
24568,6101.87707
24569,6077.073847
24570,6873.153319
24571,6306.206079
24572,5798.853408
24573,7127.302321
24574,6260.692386
24575,7270.047239
24576,7129.288011
24577,6996.514407
24578,6061.268625
24579,6838.683103
24580,7059.010014
24581,6743.77802
24582,6703.388097
24583,6000.31765
24584,5785.712656
24585,7672.483236
24586,6577.180544
24587,6751.836576
24588,5861.558992
24589,6782.757335
24590,5703.33196
24591,5745.854372
24592,5748.402382
24593,7160.963215
24594,5611.397257
24595,5836.758069
24596,6779.529038
24597,5781.836276
24598,5623.38167
24599,5738.167041
24600,5785.405688
24601,7192.428833
24602,5746.212004
24603,5819.49981
24604,6754.957118
24605,6993.888975
24606,5836.870346
24607,5945.280962
24608,6649.500034
24609,7199.093451
24610,6009.522761
24611,6666.390783
24612,7033.326691
24613,5851.343502
24614,6989.614616
24615,6136.446026
24616,6628.860043
24617,6775.069952
24618,5923.794162
24619,5786.63425
24620,6781.998439
24621,7145.322271
24622,8864.272319
24623,6789.228473
24624,6704.963626
24625,6790.096221
24626,6868.986477
24627,7724.466563
24628,7972.278134
24629,6781.555811
24630,8139.815925
24631,8130.332798
24632,6575.320055
24633,6803.840006
24634,8692.635609
24635,8123.490022
24636,6790.673994
24637,7929.511609
24638,6762.224149
24639,6896.955549
24640,6945.706996
24641,6798.534774
24642,6644.126964
24643,8212.258126
24644,6840.48072
24645,8556.597771
24646,6587.546316
24647,7551.519396
24648,6700.668178
24649,6762.868545
24650,6705.214448
24651,7984.238386
24652,8165.474431
24653,6840.56423
24654,8133.903287
24655,8321.032632
24656,7139.798815
24657,8761.319345
24658,7941.284364
24659,8136.528629
24660,7555.235234
24661,6821.010087
24662,6876.615911
24663,9765.344444
24664,6547.904338
24665,7956.888679
24666,8660.059086
24667,7418.712368
24668,8484.466892
24669,6496.762274
24670,7867.494874
24671,9695.654166
24672,7645.491135
24673,7539.688954
24674,7534.884444
24675,8392.851898
24676,9313.042679
24677,7446.341708
24678,9848.796363
24679,7494.756179
24680,7292.071241
24681,9674.163446
24682,8509.976271
24683,8471.082515
24684,6436.923761
24685,7464.356419
24686,7179.067398
24687,7598.089796
24688,7237.737885
24689,6463.457556
24690,8687.00713
24691,6915.752566
24692,8300.193845
24693,9667.698235
24694,6640.939255
24695,8219.515842
24696,8458.554659
24697,8560.241129
24698,9379.227655
24699,9353.867675
24700,8167.626817
24701,9258.413694
24702,10104.30434
24703,7473.786383
24704,4258.869906
24705,4732.212059
24706,3139.278555
24707,3496.654654
24708,3551.027194
24709,4467.799305
24710,3242.518807
24711,5874.094798
24712,3612.055476
24713,3523.137758
24714,3505.99446
24715,3758.303359
24716,3581.186449
24717,3533.683173
24718,4132.689411
24719,3847.267709
24720,4238.184485
24721,3105.826461
24722,3555.530635
24723,4823.038642
24724,3735.317712
24725,3143.13063
24726,3453.996236
24727,3140.457685
24728,4175.824367
24729,4254.37783
24730,4472.633437
24731,4177.478558
24732,4211.651251
24733,4125.813914
24734,4795.09568
24735,4812.979417
24736,4341.883714
24737,4790.748934
24738,3186.004702
24739,3269.632432
24740,4295.36312
24741,4799.951811
24742,4729.472944
24743,4234.432853
24744,4201.525859
24745,6828.1694
24746,9985.019383
24747,7828.603897
24748,8323.812857
24749,8207.460061
24750,7877.676072
24751,7877.117778
24752,7894.041519
24753,7837.586691
24754,7751.679545
24755,6824.772515
24756,7785.208235
24757,7837.278821
24758,6882.737896
24759,8399.133868
24760,6817.361945
24761,7865.545413
24762,9998.780228
24763,8362.588436
24764,7809.641605
24765,8410.540567
24766,10210.64245
24767,8242.309867
24768,6924.375232
24769,6877.419798
24770,7831.726113
24771,8202.553226
24772,8416.569522
24773,8421.956832
24774,9918.471702
24775,10288.71051
24776,8124.952013
24777,7850.372492
24778,8477.459912
24779,8408.866314
24780,8515.910958
24781,9988.132815
24782,7965.30351
24783,9962.647573
24784,8472.506877
24785,8111.101294
24786,7841.712694
24787,8505.292796
24788,8161.372747
24789,8122.482863
24790,8477.496065
24791,6974.370933
24792,7884.385638
24793,8013.622984
24794,7281.157218
24795,7492.860224
24796,7998.166998
24797,7248.231476
24798,6906.238243
24799,6924.541262
24800,7701.221891
24801,6861.444948
24802,6967.203315
24803,6883.768024
24804,7236.244521
24805,7681.211289
24806,6897.635031
24807,7015.284254
24808,8083.860547
24809,8330.108805
24810,6883.014688
24811,9346.864547
24812,7141.137987
24813,7986.378143
24814,7039.45601
24815,6956.656225
24816,8034.175565
24817,8019.914015
24818,7659.269194
24819,7007.543761
24820,8290.000749
24821,8244.251982
24822,6908.969925
24823,9357.926042
24824,7964.223309
24825,7037.526971
24826,7705.773631
24827,6983.594743
24828,8047.507226
24829,7322.137692
24830,8105.710862
24831,9475.314641
24832,9228.720777
24833,7437.511552
24834,6408.610147
24835,6417.031491
24836,6542.056934
24837,6409.792262
24838,6483.058448
24839,7290.673084
24840,6631.850063
24841,6440.702003
24842,6645.275503
24843,6444.301813
24844,6553.463445
24845,7624.701899
24846,7393.039898
24847,7393.364038
24848,6412.364838
24849,6386.709984
24850,9014.030817
24851,6415.445741
24852,7328.042337
24853,7016.153338
24854,6266.196295
24855,6399.046068
24856,7589.956015
24857,7770.593563
24858,7477.476328
24859,6588.433073
24860,8754.709765
24861,6329.158336
24862,7183.862272
24863,6304.170836
24864,6568.925129
24865,7331.414996
24866,7894.527091
24867,6333.282069
24868,7188.367438
24869,7855.926313
24870,7271.877459
24871,7515.945092
24872,8614.643371
24873,10472.29368
24874,4989.514093
24875,5086.534848
24876,4743.856299
24877,5593.862833
24878,5211.490593
24879,4627.620891
24880,4800.287126
24881,5436.646663
24882,5021.559754
24883,5197.974212
24884,4657.066556
24885,4755.736007
24886,4863.712227
24887,5092.468539
24888,4904.222687
24889,4773.077638
24890,4953.387576
24891,5538.690618
24892,4582.672177
24893,5213.00823
24894,5233.246914
24895,4645.25857
24896,5036.287069
24897,5241.797086
24898,5465.20339
24899,5133.372332
24900,4758.714532
24901,4927.145873
24902,5877.599296
24903,5355.565705
24904,4714.879561
24905,5050.493663
24906,5220.418324
24907,4875.898642
24908,5423.46568
24909,4737.114052
24910,4957.739141
24911,4662.917487
24912,4696.445132
24913,5069.680663
24914,6013.330558
24915,4048.795337
24916,3918.265885
24917,3379.887455
24918,4301.319677
24919,3455.457706
24920,3430.231924
24921,3161.858039
24922,3979.205697
24923,3478.464057
24924,3839.472284
24925,4101.293211
24926,3440.921449
24927,3997.412053
24928,3481.367514
24929,3437.179987
24930,3829.155211
24931,3189.577877
24932,3390.611466
24933,3193.762383
24934,4202.272976
24935,3205.064408
24936,3850.585048
24937,3213.621452
24938,3726.983782
24939,3889.960332
24940,3443.978632
24941,4431.864982
24942,3427.797072
24943,3411.478616
24944,3480.116942
24945,3803.121965
24946,3522.556985
24947,4154.028315
24948,3868.255155
24949,4222.367443
24950,3449.243625
24951,3180.405309
24952,4151.005405
24953,3394.490948
24954,3182.715874
24955,3800.65658
24956,7427.993969
24957,7446.357807
24958,8452.094051
24959,10385.89016
24960,7324.377033
24961,7367.557219
24962,8503.451333
24963,10472.74985
24964,9017.232189
24965,7432.396563
24966,8827.718831
24967,8926.11919
24968,8986.095451
24969,8995.885705
24970,8825.504749
24971,9072.85839
24972,7391.30651
24973,8524.439429
24974,8474.257053
24975,10310.28721
24976,7266.742442
24977,7268.823445
24978,7385.357763
24979,9077.147589
24980,7292.819548
24981,8713.409544
24982,7221.987375
24983,7376.485847
24984,8613.212651
24985,10186.36563
24986,8785.968152
24987,8295.23965
24988,8512.802247
24989,8206.127163
24990,7243.231533
24991,9162.610415
24992,7479.282922
24993,7466.021004
24994,8869.365759
24995,8995.197534
24996,6678.876576
24997,5900.022922
24998,4711.874773
24999,7878.503856
25000,5701.514245
25001,6531.35938
25002,6464.541728
25003,5680.930322
25004,5678.863783
25005,5755.41517
25006,6815.330627
25007,6495.424675
25008,6796.251984
25009,4787.315086
25010,7866.172351
25011,5700.846918
25012,7034.189418
25013,4684.491045
25014,5685.651074
25015,6937.881018
25016,4830.623099
25017,5732.634104
25018,5712.499323
25019,5790.788152
25020,8353.584211
25021,6554.003879
25022,4903.546121
25023,6566.516972
25024,4725.807988
25025,5795.136999
25026,7781.182361
25027,5789.720798
25028,6728.743149
25029,5806.163985
25030,6604.540822
25031,4690.613047
25032,7126.746378
25033,6858.589257
25034,5785.14647
25035,7079.329406
25036,5785.941424
25037,9073.966525
25038,8847.330429
25039,8334.119477
25040,8391.131173
25041,8219.050021
25042,8006.250438
25043,8752.119984
25044,8763.333365
25045,7959.202654
25046,9009.578016
25047,9069.428765
25048,7891.71193
25049,8364.107595
25050,7768.599355
25051,9906.170814
25052,7727.189951
25053,10006.14233
25054,7798.146871
25055,7772.740823
25056,8387.06127
25057,8282.534616
25058,9417.384109
25059,7783.087458
25060,8831.11526
25061,8838.732698
25062,9022.632741
25063,8649.96595
25064,8690.478896
25065,9007.968844
25066,8364.77697
25067,9909.765962
25068,8942.929387
25069,8008.290576
25070,8160.913034
25071,7865.984704
25072,7873.100769
25073,8092.605963
25074,8735.158572
25075,9235.611459
25076,9892.363173
25077,8714.719105
25078,7639.822878
25079,6239.771119
25080,5949.928753
25081,7336.755983
25082,6265.143426
25083,7109.919241
25084,6026.061862
25085,7475.151136
25086,7106.309056
25087,6013.271303
25088,7440.372184
25089,6265.475119
25090,6110.32822
25091,7371.938839
25092,6015.268387
25093,7325.88037
25094,5997.066214
25095,7165.455471
25096,6113.799254
25097,7325.759776
25098,6181.138079
25099,6032.701298
25100,6072.827492
25101,7371.905241
25102,6228.051612
25103,7209.987979
25104,7681.479205
25105,7786.415341
25106,5943.797473
25107,7654.357215
25108,6227.255104
25109,8083.010682
25110,6087.013449
25111,7120.691497
25112,6293.671048
25113,6252.602071
25114,7108.164939
25115,6283.383872
25116,6077.318195
25117,6099.763852
25118,7642.110826
25119,5689.129748
25120,5224.980918
25121,5539.604768
25122,5128.502995
25123,4900.279757
25124,5046.689058
25125,4810.716896
25126,6255.193875
25127,4980.814793
25128,6360.261765
25129,4884.105516
25130,6074.61148
25131,4909.001918
25132,6203.122815
25133,4927.775858
25134,5659.239658
25135,5905.071522
25136,5841.863278
25137,5507.467869
25138,5077.342627
25139,4941.531522
25140,4814.431296
25141,6338.833306
25142,4904.245029
25143,4938.875025
25144,6101.093548
25145,5607.473586
25146,5907.590272
25147,5128.238402
25148,4868.081173
25149,5607.769869
25150,5063.918404
25151,6092.570923
25152,5017.698683
25153,6123.487308
25154,5692.436128
25155,4986.278977
25156,6579.136516
25157,4815.362525
25158,4897.473073
25159,4860.115039
25160,7338.71882
25161,7991.962301
25162,8441.214789
25163,8603.366699
25164,7212.036833
25165,8012.526799
25166,9773.542383
25167,7842.721582
25168,8385.365563
25169,7124.306267
25170,7509.455009
25171,8509.699054
25172,7233.949925
25173,7423.000447
25174,7375.520415
25175,8326.243492
25176,8497.706766
25177,7369.896171
25178,7359.830469
25179,8254.52224
25180,7346.652127
25181,7895.461388
25182,8656.436181
25183,8293.825655
25184,7470.756918
25185,8474.642524
25186,7929.011891
25187,8240.806676
25188,8221.031534
25189,8340.254403
25190,8462.10103
25191,7892.202777
25192,8461.980138
25193,8453.035438
25194,9703.610175
25195,8639.930242
25196,7362.638697
25197,8330.958545
25198,8466.890113
25199,9806.890773
25200,10931.34992
25201,4953.325765
25202,5658.099895
25203,4899.464113
25204,5011.683491
25205,6732.494813
25206,5647.15742
25207,5591.278355
25208,5711.073083
25209,5641.966997
25210,6846.362979
25211,6636.058436
25212,5786.046285
25213,6624.478551
25214,7967.036309
25215,7319.289142
25216,5636.403679
25217,5425.0877
25218,5674.719955
25219,6047.970219
25220,6624.532294
25221,8163.569427
25222,7446.87703
25223,5856.284427
25224,4951.033332
25225,6562.252526
25226,7361.888079
25227,5685.919797
25228,5611.36377
25229,5293.596952
25230,5554.135974
25231,5704.545461
25232,6633.62955
25233,6344.469149
25234,6687.625659
25235,6441.943302
25236,7415.125835
25237,5888.154354
25238,5100.586053
25239,8271.163515
25240,8126.145092
25241,8546.517815
25242,4926.797329
25243,4977.883336
25244,4998.752035
25245,6592.724442
25246,6463.022131
25247,4994.309629
25248,4933.938464
25249,6488.784994
25250,6465.110597
25251,8630.906161
25252,6556.460361
25253,4886.746714
25254,5030.248579
25255,4974.012146
25256,6383.305279
25257,5118.811559
25258,6626.467599
25259,4982.810158
25260,4985.991979
25261,7293.77388
25262,7141.006804
25263,4976.584291
25264,5322.797938
25265,5167.489725
25266,5037.092027
25267,4909.740754
25268,4971.753791
25269,6473.590788
25270,5023.417742
25271,4925.702014
25272,5032.120868
25273,5208.626679
25274,6463.302009
25275,6530.513019
25276,7319.095348
25277,10137.14851
25278,8671.910105
25279,8775.19475
25280,4927.49751
25281,7330.883533
25282,6532.169498
25283,8366.06145
25284,8425.354098
25285,7529.162274
25286,8794.827311
25287,8550.242654
25288,7699.51345
25289,8585.029783
25290,7675.268184
25291,8584.775744
25292,8575.144877
25293,9222.394393
25294,8536.056442
25295,8801.000005
25296,7481.022238
25297,7461.81356
25298,8853.484022
25299,8379.585162
25300,7472.754379
25301,7486.195746
25302,7681.302264
25303,8794.763119
25304,9190.141762
25305,9386.04334
25306,9186.590781
25307,9002.721225
25308,8414.940491
25309,8726.560957
25310,7408.708655
25311,8985.154256
25312,8526.343417
25313,8743.356427
25314,7438.712303
25315,8871.442142
25316,7475.478819
25317,7522.943237
25318,7567.137393
25319,7443.307451
25320,7509.749989
25321,8778.493131
25322,8597.47637
25323,4708.157555
25324,4904.742924
25325,5648.365689
25326,4772.939797
25327,3946.719811
25328,5766.258793
25329,5785.754068
25330,3835.707692
25331,4731.253302
25332,7120.426603
25333,6074.822364
25334,5784.253743
25335,5839.946895
25336,5622.638977
25337,4713.271882
25338,5919.935967
25339,4729.682265
25340,3839.513309
25341,5802.050654
25342,4773.986333
25343,3964.976668
25344,8044.560781
25345,4684.777851
25346,3878.789318
25347,6108.431429
25348,5906.565143
25349,4831.625732
25350,4713.517857
25351,5800.581067
25352,6006.681844
25353,4830.519796
25354,4752.053058
25355,5935.723964
25356,4710.208375
25357,4712.15342
25358,7178.35838
25359,7027.33818
25360,4023.030601
25361,5551.768942
25362,3925.133703
25363,4755.64534
25364,7892.106692
25365,8791.835183
25366,8104.642763
25367,8707.341665
25368,7439.334254
25369,8528.545798
25370,8462.146388
25371,7910.96354
25372,7738.317849
25373,7408.117989
25374,7597.71155
25375,7341.869392
25376,7709.222573
25377,7890.517562
25378,9295.460113
25379,8639.057398
25380,8633.155375
25381,8561.912335
25382,7754.964015
25383,8988.424697
25384,8849.849631
25385,7881.688409
25386,8543.119067
25387,8570.847206
25388,8683.187565
25389,8252.989267
25390,9427.534446
25391,8673.259142
25392,8607.491741
25393,9501.079494
25394,7774.420894
25395,7733.82832
25396,7728.566099
25397,8823.664937
25398,7361.059175
25399,9425.113717
25400,7865.633721
25401,7966.042348
25402,7823.835043
25403,7372.445841
25404,8523.627463
25405,11135.91116
25406,10927.5529
25407,9847.646063
25408,9807.577557
25409,9693.0918
25410,9621.742433
25411,9784.690578
25412,9785.750065
25413,11128.06332
25414,9824.026411
25415,9790.773575
25416,11386.64117
25417,9709.436087
25418,11067.96399
25419,12289.03588
25420,11123.21421
25421,12587.97566
25422,11307.74261
25423,9934.645524
25424,9734.288821
25425,10568.77795
25426,11198.95289
25427,11566.21155
25428,9526.651969
25429,14097.0646
25430,11018.47404
25431,9781.672283
25432,11042.27598
25433,10452.23003
25434,10951.42446
25435,9640.012794
25436,9466.137692
25437,12320.24317
25438,11480.84513
25439,9363.222317
25440,10595.72849
25441,9646.907379
25442,10995.36693
25443,11261.24267
25444,9657.400066
25445,9469.950768
25446,8551.156177
25447,7303.170694
25448,7384.522645
25449,7528.210848
25450,7214.344547
25451,7234.689722
25452,7509.206138
25453,7435.081707
25454,8574.153243
25455,7402.557382
25456,8032.745945
25457,9033.765785
25458,7434.66504
25459,7356.565707
25460,9712.074782
25461,7416.506838
25462,7878.434049
25463,8901.54052
25464,8855.016791
25465,9196.773745
25466,7987.496532
25467,8120.192991
25468,7288.521492
25469,7448.007944
25470,9062.591571
25471,7555.000254
25472,7446.373721
25473,8510.112767
25474,8958.359812
25475,8955.968724
25476,9047.042738
25477,8636.928884
25478,7687.034122
25479,7251.930378
25480,9133.330242
25481,8930.857506
25482,7276.031884
25483,9263.196005
25484,7297.284075
25485,8965.390319
25486,7239.31014
25487,4028.572379
25488,4933.700862
25489,4427.702276
25490,4937.005005
25491,3319.020208
25492,5278.647085
25493,3813.725451
25494,3976.533393
25495,4253.100117
25496,4041.396373
25497,3336.831547
25498,4006.518889
25499,4608.919912
25500,3984.677953
25501,4621.962864
25502,3997.92214
25503,4685.456281
25504,4700.158174
25505,4557.787529
25506,4899.006385
25507,4671.32701
25508,4054.19073
25509,3403.251763
25510,3387.42333
25511,4123.290892
25512,5381.774982
25513,3942.174235
25514,3889.074697
25515,4683.464242
25516,4691.27388
25517,4628.654658
25518,3495.832268
25519,4925.911395
25520,5567.246363
25521,4717.24394
25522,5354.821852
25523,3854.088547
25524,4074.305846
25525,3320.431215
25526,4106.394797
25527,3305.036933
25528,6283.05776
25529,5122.496927
25530,5084.286736
25531,4968.665308
25532,6182.61121
25533,7066.886542
25534,6154.169331
25535,4976.872275
25536,5041.923081
25537,5485.597207
25538,6277.206047
25539,6246.410002
25540,5057.48717
25541,5370.753674
25542,4951.212201
25543,5158.717775
25544,6224.513344
25545,6152.687092
25546,6211.575274
25547,5764.444399
25548,4881.600611
25549,5150.424716
25550,5035.165625
25551,6214.433005
25552,7088.729394
25553,4917.764936
25554,6310.107613
25555,4889.920019
25556,4992.948507
25557,4876.809235
25558,7974.695905
25559,5787.995146
25560,6315.352289
25561,5106.341132
25562,6136.479265
25563,4955.527488
25564,5112.846114
25565,5011.872584
25566,6137.449744
25567,7085.45229
25568,3966.503472
25569,3924.092218
25570,4673.680041
25571,4684.043283
25572,3991.081417
25573,4724.302575
25574,4712.391808
25575,4001.106867
25576,4806.372387
25577,5339.098578
25578,3960.863548
25579,3893.055493
25580,3979.467851
25581,4690.945488
25582,4620.284393
25583,4001.502279
25584,3931.5888
25585,4086.862608
25586,4047.186303
25587,3926.350307
25588,4708.253965
25589,5227.797184
25590,4512.365925
25591,4643.634257
25592,4043.329457
25593,3946.22669
25594,4754.282604
25595,3852.464721
25596,3966.60171
25597,5270.247014
25598,4718.008432
25599,3867.902707
25600,5263.126103
25601,3907.256488
25602,3971.607395
25603,4484.523306
25604,4773.635816
25605,4708.035273
25606,3927.84882
25607,3960.117073
25608,2901.849994
25609,3804.338136
25610,3859.812943
25611,3254.270644
25612,2720.006727
25613,3805.250395
25614,3623.801172
25615,3378.356425
25616,3274.981643
25617,3343.268727
25618,2918.174473
25619,2959.901084
25620,2922.011402
25621,2801.65495
25622,2940.797406
25623,3700.11766
25624,3844.669635
25625,2883.776513
25626,2910.394
25627,2886.830222
25628,3254.714614
25629,2879.84449
25630,2948.908424
25631,2914.488592
25632,2697.742054
25633,2639.602777
25634,2890.389328
25635,3289.919444
25636,3357.463548
25637,2680.412215
25638,2931.818725
25639,2700.826941
25640,3419.515168
25641,3247.68791
25642,2675.775089
25643,2910.367011
25644,2924.01498
25645,8143.101853
25646,8375.931842
25647,8005.8285
25648,6220.366697
25649,7500.3875
25650,8313.407951
25651,9750.464072
25652,8511.326291
25653,7228.678624
25654,8658.377088
25655,9040.971178
25656,7530.154213
25657,7143.94252
25658,7046.797629
25659,6326.778257
25660,8425.213016
25661,7246.794822
25662,8201.659674
25663,8573.092818
25664,7183.811976
25665,7142.455971
25666,7182.488495
25667,9833.25264
25668,7005.017997
25669,6421.214116
25670,8032.202491
25671,6139.904629
25672,6174.085858
25673,8173.677187
25674,6091.755442
25675,7113.497139
25676,7248.951721
25677,8049.962005
25678,8197.152173
25679,8882.784207
25680,6506.151079
25681,7113.393156
25682,10270.07446
25683,7168.172704
25684,7460.772761
25685,9999.433865
25686,5265.295126
25687,5905.413521
25688,6235.852192
25689,5274.59446
25690,6505.923081
25691,5869.654333
25692,6510.164142
25693,6003.009204
25694,6029.755901
25695,5321.024776
25696,5467.502969
25697,5961.96586
25698,6088.969915
25699,5832.490081
25700,5248.960789
25701,6125.818552
25702,6206.92407
25703,5935.324277
25704,5175.675002
25705,6111.098293
25706,6217.122748
25707,6214.711381
25708,6432.830035
25709,6005.612089
25710,5539.521761
25711,5160.61471
25712,6323.95329
25713,5729.882824
25714,5221.518997
25715,6747.900664
25716,5498.479666
25717,5229.716208
25718,5159.386593
25719,6652.027106
25720,5753.819105
25721,6129.618689
25722,5128.055076
25723,6682.795693
25724,5223.218484
25725,6817.427822
25726,7574.053111
25727,7816.819103
25728,9225.591794
25729,6549.321528
25730,9788.615929
25731,8925.432704
25732,8698.794351
25733,8889.149523
25734,6804.128695
25735,8695.105661
25736,6622.376091
25737,7792.823621
25738,7935.371385
25739,9995.054149
25740,7817.943876
25741,8880.559837
25742,8252.27543
25743,7573.306119
25744,8521.269255
25745,6630.282592
25746,9497.392552
25747,6664.757441
25748,8553.888589
25749,8038.703167
25750,7605.449762
25751,9946.509036
25752,8593.893418
25753,7058.499031
25754,8612.950638
25755,7905.211089
25756,6724.692172
25757,8046.294102
25758,8115.685407
25759,9176.930188
25760,8101.999503
25761,7618.511959
25762,7793.83982
25763,8494.540814
25764,9320.972535
25765,9932.30203
25766,10829.63349
25767,4042.351112
25768,4706.632974
25769,4883.191174
25770,4250.284863
25771,5565.538042
25772,4046.366065
25773,4323.104277
25774,4075.551906
25775,4833.686401
25776,4383.949652
25777,4072.32111
25778,4777.58792
25779,4010.586923
25780,4670.653611
25781,4191.797647
25782,4822.930876
25783,4082.109859
25784,5586.496496
25785,4679.347506
25786,4568.330232
25787,4462.150409
25788,4634.824082
25789,4008.728891
25790,4614.850765
25791,4869.806332
25792,4724.940654
25793,4658.592985
25794,4631.316957
25795,4523.419442
25796,4853.102667
25797,5539.415029
25798,4174.188803
25799,4716.402734
25800,4608.480475
25801,3997.868026
25802,4172.960817
25803,4231.82962
25804,4070.775336
25805,4892.183593
25806,6271.689963
25807,7638.669875
25808,5939.420616
25809,5889.809912
25810,6885.76882
25811,6938.314102
25812,6797.737395
25813,6076.041884
25814,5818.84401
25815,5906.326271
25816,6749.299004
25817,6746.136734
25818,6472.986152
25819,5790.685328
25820,5880.772094
25821,6497.97627
25822,5898.914338
25823,5853.984063
25824,5878.349051
25825,5955.359181
25826,5889.501747
25827,6102.423395
25828,7000.37762
25829,6967.326623
25830,8671.699067
25831,5932.790085
25832,5988.946156
25833,5882.759632
25834,6932.403457
25835,5957.094776
25836,6933.011576
25837,6809.311981
25838,6899.492222
25839,5934.184831
25840,6812.127341
25841,7798.27132
25842,5859.790226
25843,7657.373765
25844,6049.443993
25845,6512.570757
25846,6207.445099
25847,5846.439471
25848,6549.443425
25849,6375.884037
25850,6665.837504
25851,6577.44116
25852,6160.716591
25853,5769.383301
25854,6115.681071
25855,6064.056103
25856,6686.38727
25857,5946.695318
25858,5684.239659
25859,5820.80236
25860,5456.586052
25861,5924.954831
25862,5936.939257
25863,5907.411435
25864,6757.495883
25865,5826.028366
25866,6175.16335
25867,5626.442061
25868,6527.386435
25869,5756.906653
25870,6024.254815
25871,6070.245838
25872,6497.411938
25873,7448.103231
25874,6506.077826
25875,6041.584848
25876,5912.029691
25877,5406.283796
25878,7519.450732
25879,6628.313353
25880,7386.134803
25881,6093.016575
25882,5383.925719
25883,6336.779362
25884,5364.18162
25885,6432.118811
25886,6543.898074
25887,7385.336535
25888,9760.879432
25889,10779.44959
25890,8776.445114
25891,8761.24331
25892,9282.629838
25893,10287.59943
25894,10820.25636
25895,9234.631251
25896,11428.92434
25897,9332.116722
25898,8950.041498
25899,9303.994722
25900,9878.079213
25901,9316.978208
25902,8985.248231
25903,9850.105813
25904,10816.80547
25905,10101.8168
25906,10153.0927
25907,10223.39485
25908,9296.602811
25909,9230.609669
25910,10730.64086
25911,9527.745213
25912,9527.631094
25913,11442.39255
25914,9293.719436
25915,9363.655685
25916,10727.67202
25917,10828.14313
25918,9999.225375
25919,9224.756708
25920,9178.064479
25921,9204.294887
25922,9540.788023
25923,10064.81419
25924,11005.32105
25925,9652.397524
25926,11387.11903
25927,12387.32839
25928,10957.16879
25929,5487.082473
25930,4296.263788
25931,5929.801894
25932,4377.744851
25933,4769.865374
25934,5016.756793
25935,5234.252299
25936,4966.178028
25937,5246.688049
25938,4314.408168
25939,4968.270067
25940,5177.097417
25941,4360.720865
25942,4332.743218
25943,5575.388923
25944,4697.891333
25945,4669.20898
25946,4649.694003
25947,4334.459887
25948,4664.529104
25949,4775.540108
25950,5222.156445
25951,5227.47485
25952,4337.100669
25953,4385.858792
25954,4365.814212
25955,4328.563669
25956,5213.98851
25957,5227.517246
25958,5263.978412
25959,5183.756013
25960,5176.963336
25961,4356.239939
25962,5497.246407
25963,5175.776195
25964,5143.302929
25965,4857.382176
25966,4383.040852
25967,4541.023993
25968,4611.057897
25969,4999.858965
25970,5984.234738
25971,5991.283809
25972,5791.350389
25973,6405.588945
25974,5984.34776
25975,5910.288531
25976,5199.258582
25977,5031.712537
25978,5356.148829
25979,5753.466282
25980,5054.363771
25981,5126.084214
25982,5532.059532
25983,6070.568363
25984,6101.199871
25985,6112.731409
25986,6232.456795
25987,5244.679506
25988,6014.753998
25989,5771.33528
25990,5405.727086
25991,5763.274649
25992,5178.170321
25993,5256.138073
25994,6487.333141
25995,6368.318458
25996,5383.676768
25997,5764.676157
25998,5020.599584
25999,5618.462226
26000,5961.561418
26001,6050.812419
26002,6059.587081
26003,5163.187733
26004,6004.405017
26005,6084.297551
26006,6927.00819
26007,5196.283746
26008,5874.467387
26009,5397.224651
26010,6785.422001
26011,4462.220231
26012,4749.286509
26013,5634.12143
26014,7118.833377
26015,4764.978732
26016,4511.887995
26017,4526.877977
26018,5915.700478
26019,5952.102929
26020,5603.323054
26021,5862.742681
26022,4639.184204
26023,5895.615458
26024,4723.93911
26025,4630.617525
26026,4586.230337
26027,4547.049939
26028,4945.936373
26029,4532.213421
26030,4508.178617
26031,5661.50534
26032,5634.015794
26033,4566.178661
26034,4541.059973
26035,4474.926157
26036,4556.409141
26037,8589.964931
26038,5733.148443
26039,4638.177486
26040,5842.503651
26041,5818.665654
26042,5683.299266
26043,4567.001688
26044,5731.564924
26045,4500.269462
26046,6711.410324
26047,5827.058046
26048,4544.691658
26049,6048.230887
26050,4924.349161
26051,7869.565861
26052,8895.934637
26053,9042.710746
26054,8074.967762
26055,7377.372837
26056,8501.854222
26057,8638.389512
26058,7132.756726
26059,6734.145165
26060,9091.639789
26061,6723.319325
26062,8340.631058
26063,8252.206982
26064,7928.15577
26065,7286.508907
26066,7169.295461
26067,8054.732206
26068,7357.553999
26069,7283.903951
26070,6838.804768
26071,8168.94021
26072,7951.23796
26073,9046.674138
26074,7084.413691
26075,8791.2166
26076,6740.565154
26077,8888.676316
26078,7147.663818
26079,6665.298927
26080,7548.26651
26081,7571.22246
26082,7933.811658
26083,7140.307158
26084,7219.951219
26085,8165.132151
26086,6876.547035
26087,7183.032173
26088,7192.223912
26089,8123.826229
26090,7136.531371
26091,6762.27383
26092,5885.772263
26093,5946.006781
26094,5036.51454
26095,5487.966656
26096,5395.029252
26097,4891.612809
26098,5861.20939
26099,5371.197268
26100,5192.464514
26101,5692.922843
26102,5895.107839
26103,4898.481197
26104,5916.272581
26105,4860.317127
26106,4820.961146
26107,5127.4693
26108,5911.199762
26109,4932.393536
26110,4932.318492
26111,5874.741007
26112,6326.090721
26113,5952.367792
26114,6215.934549
26115,5497.336197
26116,5443.801793
26117,5384.276608
26118,5879.647677
26119,5586.084972
26120,5184.367047
26121,5364.495054
26122,6201.438501
26123,6234.450795
26124,5360.681933
26125,5337.414613
26126,5111.078982
26127,5958.564252
26128,5899.357257
26129,5903.599971
26130,5487.12752
26131,5145.21108
26132,7441.876603
26133,6415.03075
26134,7458.229098
26135,6455.609657
26136,7506.346993
26137,7423.984041
26138,8085.199744
26139,7360.393904
26140,6512.124625
26141,6356.249111
26142,7284.279519
26143,6436.795395
26144,6629.683413
26145,6458.829772
26146,6445.003442
26147,7479.388286
26148,6362.103088
26149,6608.748988
26150,6655.033409
26151,6724.538512
26152,8593.69316
26153,7507.168825
26154,8241.246795
26155,7379.833508
26156,7022.518845
26157,6594.649138
26158,7152.910952
26159,6394.151008
26160,8415.693401
26161,7294.874144
26162,7789.037497
26163,7565.204561
26164,6626.991818
26165,6722.723586
26166,6463.241102
26167,7362.603098
26168,6436.933097
26169,7756.429402
26170,6544.818197
26171,6452.093658
26172,6387.966902
26173,7161.129672
26174,7031.426469
26175,7510.334087
26176,7915.316519
26177,7035.181024
26178,7161.6906
26179,7719.531234
26180,8312.274172
26181,7149.115552
26182,6990.158798
26183,7613.762523
26184,7696.896807
26185,7664.709046
26186,7083.834514
26187,7872.635498
26188,8125.457955
26189,7963.982609
26190,7030.560306
26191,7481.082055
26192,7796.957204
26193,7709.812971
26194,8083.619552
26195,7273.756596
26196,7560.003434
26197,7762.645757
26198,6935.031247
26199,7902.668447
26200,7162.322909
26201,8187.697075
26202,7500.694944
26203,7649.006743
26204,6979.259208
26205,8232.030091
26206,7553.844163
26207,7572.612968
26208,7576.272971
26209,7321.539053
26210,7994.386742
26211,7604.26254
26212,7900.322657
26213,7667.047338
26214,9577.89022
26215,8515.646941
26216,9989.23558
26217,9030.12614
26218,9723.64278
26219,8410.860959
26220,8829.028232
26221,9834.988925
26222,8603.461201
26223,8627.148029
26224,9222.600169
26225,8726.099831
26226,8514.890564
26227,8552.147647
26228,8641.557871
26229,8523.600775
26230,9472.675011
26231,9392.70393
26232,8629.979099
26233,8680.906686
26234,9969.306923
26235,9089.826657
26236,8890.404256
26237,10236.91414
26238,9269.60048
26239,10501.20393
26240,9409.936095
26241,11100.68219
26242,8264.485957
26243,9010.425937
26244,8611.286398
26245,8473.706365
26246,10233.70514
26247,8464.717679
26248,9582.570681
26249,9076.905106
26250,8501.018148
26251,10186.33822
26252,9429.801138
26253,10222.30359
26254,8558.158822
26255,6618.730433
26256,6390.758812
26257,8621.511795
26258,8205.713495
26259,6530.62913
26260,7186.644843
26261,7739.853764
26262,6499.642262
26263,6501.586288
26264,7880.918497
26265,6423.765695
26266,6842.693736
26267,6583.749281
26268,6664.373188
26269,7438.892895
26270,7822.890769
26271,6565.505575
26272,7586.735375
26273,7206.116128
26274,8660.20521
26275,7705.659929
26276,6503.668571
26277,6763.841351
26278,7174.290147
26279,7677.146455
26280,7946.848385
26281,7690.272327
26282,8035.935276
26283,8023.962063
26284,7687.201578
26285,6521.330667
26286,7301.146088
26287,8771.692299
26288,8463.501438
26289,6868.255982
26290,6485.211401
26291,8237.757678
26292,7388.572893
26293,7263.378306
26294,7770.752739
26295,8269.898872
26296,6637.123483
26297,6997.914802
26298,7503.937096
26299,6378.374876
26300,6386.247689
26301,6324.189727
26302,7230.048613
26303,6047.042411
26304,6916.927741
26305,6527.344811
26306,6909.403916
26307,6448.130102
26308,6505.895951
26309,6351.975507
26310,6284.41704
26311,6421.182695
26312,7756.025266
26313,6610.828625
26314,6964.793246
26315,6251.593134
26316,6505.542701
26317,7235.890879
26318,7421.786823
26319,6582.825934
26320,7054.005195
26321,6937.568215
26322,7027.495455
26323,7180.254872
26324,6369.663535
26325,7070.079854
26326,6065.744461
26327,6449.449869
26328,7806.069105
26329,7262.26903
26330,6283.927091
26331,5896.842757
26332,6978.919653
26333,6950.595127
26334,7349.24252
26335,6759.804726
26336,5994.496363
26337,5855.224124
26338,5926.17463
26339,5365.794526
26340,6306.827929
26341,5370.278806
26342,5471.278456
26343,6345.72479
26344,6566.900925
26345,5485.553413
26346,5403.817865
26347,5210.147703
26348,5159.83182
26349,6047.215767
26350,5832.795628
26351,5939.136736
26352,5924.140013
26353,5952.318985
26354,5050.627149
26355,5421.722315
26356,5359.495354
26357,6090.023814
26358,6001.430925
26359,5308.856145
26360,5220.766687
26361,5435.858266
26362,5904.717165
26363,5376.165584
26364,5841.919537
26365,5705.036446
26366,5339.426422
26367,5308.692588
26368,5398.864751
26369,5347.650308
26370,5791.411344
26371,5223.465222
26372,6482.138183
26373,5603.958945
26374,5854.656827
26375,5878.237987
26376,6148.135119
26377,5813.076264
26378,4890.761367
26379,4239.881688
26380,4251.178201
26381,4210.171053
26382,4957.256665
26383,4310.755466
26384,4410.995883
26385,5307.034189
26386,4961.154894
26387,4313.183132
26388,5561.128223
26389,4272.651017
26390,4244.862139
26391,3740.799813
26392,4229.970026
26393,4262.79085
26394,3762.950805
26395,5417.930998
26396,5057.467619
26397,5194.150434
26398,4193.377916
26399,4929.047912
26400,3672.713045
26401,4747.048915
26402,4216.474868
26403,3693.675365
26404,4348.400791
26405,4787.994532
26406,4725.312253
26407,4819.835477
26408,3687.343242
26409,5458.276641
26410,4761.548496
26411,5000.561403
26412,4268.45765
26413,3670.968541
26414,4743.792608
26415,4211.054991
26416,3828.300717
26417,4952.532532
26418,5338.857897
26419,4951.039207
26420,4726.212043
26421,4766.555365
26422,5219.418851
26423,4815.836627
26424,5411.980125
26425,5623.358463
26426,5655.391198
26427,5281.927484
26428,5708.571902
26429,5279.475558
26430,5229.870305
26431,4904.53042
26432,5636.719965
26433,5595.371797
26434,4776.711169
26435,6088.944713
26436,5507.937896
26437,4830.095304
26438,5693.305102
26439,5542.615989
26440,4824.280074
26441,5754.835171
26442,4770.857101
26443,4738.350141
26444,5384.96363
26445,4857.387323
26446,5331.63458
26447,5405.344201
26448,5731.371042
26449,5970.512711
26450,4786.481472
26451,5666.478463
26452,5890.884715
26453,5690.080321
26454,5520.587128
26455,5258.57098
26456,5497.940932
26457,5753.668427
26458,5460.838309
26459,5386.957272
26460,9301.46979
26461,11577.08657
26462,9620.950807
26463,9912.222664
26464,9400.4856
26465,9392.610735
26466,9670.179853
26467,9674.188328
26468,10771.67379
26469,12723.66318
26470,9199.54122
26471,10518.98211
26472,10538.14594
26473,13134.65658
26474,10539.26122
26475,9275.016173
26476,9334.125299
26477,10705.70273
26478,10854.77316
26479,9383.05316
26480,9281.866842
26481,11253.52849
26482,9429.234994
26483,9343.985415
26484,9542.840177
26485,12681.91876
26486,11003.92289
26487,9734.570501
26488,9226.431043
26489,13278.24333
26490,9331.084961
26491,9382.728422
26492,10669.94408
26493,10722.933
26494,11313.92909
26495,9153.614553
26496,10640.40384
26497,11877.98085
26498,9813.775686
26499,10167.9587
26500,11346.34344
26501,9303.795579
26502,9196.411467
26503,7908.738962
26504,7910.827814
26505,9878.138934
26506,8107.025218
26507,8045.844334
26508,9434.471234
26509,7709.728295
26510,9555.505432
26511,7984.316514
26512,9389.806879
26513,9791.103917
26514,8079.228757
26515,8271.866615
26516,8072.004759
26517,10815.39458
26518,7692.147984
26519,9476.588397
26520,9185.640489
26521,10886.06193
26522,8212.35061
26523,10993.4918
26524,9571.007544
26525,9170.806828
26526,11846.87834
26527,8159.368687
26528,7527.375448
26529,9299.911329
26530,8009.161772
26531,7753.218792
26532,9768.820116
26533,8291.481163
26534,8188.452172
26535,8219.277248
26536,8213.032978
26537,9937.424895
26538,7925.25928
26539,8203.094528
26540,9826.850505
26541,7738.882115
26542,7597.522901
26543,7993.007058
26544,4987.171659
26545,7423.788615
26546,5063.719095
26547,6664.966701
26548,6638.738566
26549,6189.778928
26550,8215.820169
26551,5289.556227
26552,4130.725986
26553,7107.24966
26554,6733.869889
26555,6503.089848
26556,8151.166551
26557,8333.243377
26558,5080.916441
26559,5733.631562
26560,8070.018592
26561,6374.453933
26562,8756.1898
26563,5819.092527
26564,6798.795134
26565,5270.516812
26566,7488.677377
26567,6941.465097
26568,6887.130961
26569,7010.305259
26570,7480.682259
26571,6138.900929
26572,8073.657497
26573,5890.827261
26574,7150.586161
26575,4213.801945
26576,6854.687026
26577,7582.913395
26578,6798.427839
26579,6902.168667
26580,7328.488646
26581,7083.79897
26582,6323.456459
26583,7380.508693
26584,5813.676025
26585,7409.493662
26586,5965.095328
26587,8787.871237
26588,7806.547382
26589,7577.636845
26590,15421.50356
26591,14425.92314
26592,15329.787
26593,15323.40605
26594,14166.22416
26595,15333.27169
26596,15651.75975
26597,14875.67416
26598,15873.46402
26599,14885.63574
26600,15177.63359
26601,14925.82686
26602,15161.35712
26603,15183.51491
26604,16045.83846
26605,15079.82032
26606,14223.10819
26607,14696.1558
26608,15622.82108
26609,14506.22046
26610,15101.82207
26611,14662.31356
26612,14710.96209
26613,16163.89567
26614,15065.70698
26615,15493.81752
26616,14358.26351
26617,14392.04568
26618,14987.49679
26619,14937.67866
26620,14480.61758
26621,14465.53712
26622,14951.35521
26623,15383.32492
26624,14516.79118
26625,16066.35783
26626,15030.44933
26627,14502.84363
26628,15285.75793
26629,14785.39679
26630,14307.63237
26631,15357.66586
26632,14713.69806
26633,14414.07758
26634,15045.90188
26635,16107.28255
26636,14549.20431
26637,15042.7171
26638,6143.282406
26639,6082.394509
26640,5195.722575
26641,6508.612448
26642,4464.624815
26643,6069.348818
26644,6620.518252
26645,6252.489242
26646,6455.603202
26647,5291.71474
26648,5153.002916
26649,5146.107238
26650,5177.308455
26651,6910.539695
26652,4553.421596
26653,6703.968055
26654,6128.154302
26655,6759.092335
26656,5132.541911
26657,5147.400472
26658,5121.988211
26659,4529.496275
26660,5255.982544
26661,7001.747997
26662,6108.864064
26663,5231.564648
26664,5231.491767
26665,4701.983331
26666,6111.798845
26667,4551.76254
26668,5118.51342
26669,5129.252284
26670,6792.800196
26671,5114.524269
26672,6953.920892
26673,4593.688719
26674,7074.054257
26675,6441.201261
26676,4756.454937
26677,6107.917226
26678,5473.06537
26679,5577.192991
26680,5518.023284
26681,4710.606653
26682,4907.601686
26683,4599.496899
26684,5529.503672
26685,4805.712243
26686,5546.186698
26687,5983.777833
26688,5580.508087
26689,4822.924935
26690,5612.610937
26691,4691.631491
26692,5555.250627
26693,5425.435541
26694,4746.187689
26695,4582.399077
26696,5507.001846
26697,5554.952502
26698,5267.670246
26699,4745.518408
26700,4843.76327
26701,4830.250669
26702,4676.367828
26703,5017.203142
26704,4711.119123
26705,5524.129071
26706,4580.451731
26707,4893.083965
26708,4662.140722
26709,6103.808687
26710,4712.497676
26711,5514.445863
26712,5273.341617
26713,5520.91466
26714,5171.378021
26715,4702.831935
26716,6272.766134
26717,6068.857856
26718,5041.49671
26719,4838.17092
26720,5363.455679
26721,6166.227749
26722,6474.351579
26723,5304.242448
26724,6318.454419
26725,5646.639153
26726,6001.599111
26727,5570.976958
26728,6508.83113
26729,5424.000133
26730,5449.566182
26731,5625.295876
26732,6059.472467
26733,5295.46668
26734,6131.568439
26735,4909.65472
26736,7163.435026
26737,5444.525752
26738,5490.971166
26739,7265.948142
26740,6207.118147
26741,6231.275306
26742,4879.377899
26743,5312.461131
26744,6879.740443
26745,6120.895696
26746,5376.964778
26747,6618.585992
26748,5409.35824
26749,5512.439483
26750,6734.935401
26751,4904.252465
26752,6414.614697
26753,7515.201769
26754,5062.7928
26755,5849.581594
26756,5413.077445
26757,8238.820708
26758,6165.688917
26759,5425.344879
26760,8188.451855
26761,8745.285611
26762,8083.702491
26763,8665.91775
26764,8786.001248
26765,8862.882904
26766,8895.775581
26767,8250.169872
26768,8734.946367
26769,7763.86289
26770,8268.924714
26771,9046.058279
26772,9797.902583
26773,7747.06818
26774,9178.777848
26775,8206.738419
26776,7760.161809
26777,8709.41123
26778,9189.798478
26779,8244.891124
26780,8890.199356
26781,7800.423029
26782,9726.31679
26783,7837.071715
26784,9708.909533
26785,9805.917644
26786,7831.665884
26787,8217.898015
26788,8966.652682
26789,8756.968543
26790,7903.932707
26791,8260.26896
26792,7826.350581
26793,9272.375667
26794,7893.256738
26795,7740.578036
26796,7778.572318
26797,8678.681311
26798,8349.044613
26799,8405.479353
26800,8156.524891
26801,10787.80663
26802,9519.537377
26803,10663.16778
26804,9091.29817
26805,10558.45096
26806,10511.57706
26807,10331.85956
26808,9050.675092
26809,8823.114486
26810,8682.853766
26811,9406.337572
26812,10793.58879
26813,12485.89969
26814,10840.90937
26815,9047.982942
26816,8680.686934
26817,8921.3627
26818,13016.11272
26819,8796.489251
26820,9447.984011
26821,9038.349801
26822,12190.51291
26823,9418.483722
26824,9439.891393
26825,9408.872271
26826,10729.2497
26827,10227.25768
26828,10814.2438
26829,12357.38225
26830,9429.163407
26831,9013.902645
26832,10856.74751
26833,10559.62027
26834,9628.931087
26835,8814.038277
26836,10851.25261
26837,10812.1179
26838,10880.09579
26839,8742.114719
26840,10650.80172
26841,7710.333778
26842,7364.575751
26843,6454.395617
26844,7219.649771
26845,7667.597972
26846,7529.951705
26847,7470.210521
26848,6316.718092
26849,6456.534308
26850,7209.775887
26851,7220.383896
26852,7284.667365
26853,6747.089959
26854,6395.477026
26855,6346.904962
26856,7800.927449
26857,6362.709375
26858,6527.367994
26859,8723.675901
26860,8593.994455
26861,6347.315795
26862,7236.317076
26863,6738.609903
26864,6416.92744
26865,6385.45708
26866,7525.090976
26867,7263.73235
26868,8637.872041
26869,7901.797209
26870,6885.009491
26871,6302.346117
26872,7129.126135
26873,7782.768503
26874,7896.518905
26875,7335.609915
26876,7722.986429
26877,7342.275937
26878,6328.761961
26879,8535.275038
26880,7963.693751
26881,7323.024377
26882,7120.091832
26883,7859.029592
26884,7194.500838
26885,7946.092671
26886,7860.579987
26887,7744.715196
26888,6919.585841
26889,7398.8854
26890,6940.783736
26891,7194.353263
26892,7213.612866
26893,7230.75576
26894,7262.425992
26895,7319.285727
26896,9162.477308
26897,7109.415922
26898,7089.026178
26899,7128.127148
26900,9157.737181
26901,8322.220247
26902,8349.409096
26903,7184.402486
26904,8862.128442
26905,8729.568845
26906,6979.631384
26907,8192.236435
26908,7808.087038
26909,8187.51128
26910,8741.439302
26911,7040.742837
26912,7287.758442
26913,7276.462219
26914,7509.263698
26915,7571.554924
26916,7580.943135
26917,7862.150052
26918,7663.020245
26919,7570.874482
26920,7288.547076
26921,7128.369953
26922,9285.37947
26923,7040.06288
26924,7502.549365
26925,7076.806606
26926,7397.516833
26927,8035.776537
26928,7093.987559
26929,7227.313815
26930,7233.688339
26931,8171.791064
26932,8093.414043
26933,7353.955561
26934,7539.781607
26935,7728.521153
26936,9737.698692
26937,8436.254586
26938,9015.676529
26939,7482.758183
26940,7461.090042
26941,7165.123918
26942,8256.314792
26943,8185.21866
26944,7123.60304
26945,7953.565109
26946,9903.854017
26947,8259.78756
26948,7320.738259
26949,8205.704519
26950,7944.656057
26951,8082.627041
26952,7114.989736
26953,7429.764272
26954,7189.744348
26955,8487.75186
26956,8222.299036
26957,7229.725753
26958,10196.77128
26959,9730.36645
26960,8373.464493
26961,8959.409587
26962,8045.178828
26963,7423.370245
26964,6939.673552
26965,7948.544898
26966,8154.334818
26967,7763.414929
26968,6873.196164
26969,7639.778481
26970,6922.764548
26971,6961.507751
26972,7986.51338
26973,7920.12511
26974,7106.897351
26975,7856.533727
26976,7972.529554
26977,8133.207677
26978,8382.109075
26979,6974.241207
26980,8167.264071
26981,7688.060798
26982,7716.07875
26983,8307.977664
26984,6913.251488
26985,8057.65967
26986,7115.689704
26987,7685.145258
26988,7719.424353
26989,8165.428109
26990,8636.003465
26991,7904.484259
26992,7579.031898
26993,6828.833605
26994,7828.858449
26995,8079.315288
26996,8186.803238
26997,8113.360181
26998,6837.051448
26999,7632.872779
27000,8451.349801
27001,7828.844157
27002,8002.111351
27003,7851.197436
27004,5613.367455
27005,6558.29918
27006,5939.47439
27007,7776.441686
27008,6616.971156
27009,5726.053432
27010,5507.743753
27011,7508.891738
27012,5410.746472
27013,5949.52926
27014,5558.748199
27015,5488.219445
27016,6930.400882
27017,5529.928502
27018,5458.140538
27019,6514.650741
27020,6621.883521
27021,5985.789017
27022,6554.381649
27023,7508.890868
27024,5579.18048
27025,6865.100454
27026,5735.937884
27027,5896.765646
27028,6286.46339
27029,5471.141259
27030,6675.990044
27031,6554.011979
27032,5948.843846
27033,5530.496897
27034,5562.486953
27035,6497.650819
27036,6035.744783
27037,6314.391919
27038,5495.314472
27039,6760.582333
27040,7190.45889
27041,7172.47455
27042,6498.324251
27043,7556.51713
27044,6533.344767
27045,4985.860344
27046,5329.86354
27047,7105.972392
27048,5748.46369
27049,4969.855325
27050,5777.119035
27051,6819.59161
27052,5010.040821
27053,5855.626454
27054,4911.229974
27055,5860.658496
27056,4995.055273
27057,5271.727651
27058,4930.061503
27059,5299.449424
27060,5061.103316
27061,6119.221887
27062,5781.155112
27063,5072.052432
27064,4874.434325
27065,6792.180129
27066,5031.455197
27067,6866.087497
27068,6009.730543
27069,6038.762394
27070,5837.850511
27071,5220.807615
27072,5902.337069
27073,5631.724121
27074,4961.401444
27075,5739.894063
27076,5206.275575
27077,5442.049849
27078,5714.445808
27079,5889.409634
27080,5286.201599
27081,5773.4372
27082,6222.717591
27083,5973.01009
27084,5411.132413
27085,4990.234796
27086,4598.422874
27087,4495.117472
27088,4665.958021
27089,3633.673389
27090,6110.665901
27091,5173.937591
27092,5493.316116
27093,4556.520102
27094,5364.108301
27095,6029.663532
27096,5437.487458
27097,4834.54933
27098,5430.322877
27099,5030.156094
27100,4770.078886
27101,4598.790364
27102,5407.303211
27103,5512.087619
27104,4730.483786
27105,5205.188882
27106,4541.44886
27107,4752.499935
27108,6259.948521
27109,4575.443356
27110,5585.684551
27111,5301.092708
27112,4788.10052
27113,3613.369618
27114,4515.995819
27115,3747.575364
27116,5666.468853
27117,4589.275875
27118,4821.352769
27119,5756.089032
27120,5283.692264
27121,3604.893332
27122,5375.695108
27123,3659.858326
27124,3620.781727
27125,5988.60425
27126,3664.385404
27127,4764.375327
27128,4537.73295
27129,4625.268493
27130,4637.959437
27131,5987.008161
27132,5299.566017
27133,5104.424138
27134,5317.623569
27135,4758.686365
27136,5420.618455
27137,4551.582774
27138,4619.626902
27139,4564.411154
27140,4611.622275
27141,5511.87638
27142,4570.8197
27143,5274.786045
27144,5384.424333
27145,5072.046075
27146,4787.413911
27147,4710.123438
27148,5441.159503
27149,5042.10353
27150,5251.421062
27151,5372.172399
27152,5085.220533
27153,6340.938409
27154,4873.076448
27155,4825.977067
27156,4612.593899
27157,5303.906691
27158,5374.673868
27159,4783.002223
27160,5213.950325
27161,4835.85146
27162,4738.21114
27163,4568.010954
27164,6059.095616
27165,4822.082117
27166,6002.293932
27167,4143.999759
27168,3614.451282
27169,4745.281493
27170,4283.456776
27171,4199.083541
27172,4143.978008
27173,3590.646946
27174,3610.063968
27175,3533.523857
27176,4246.538185
27177,3990.283902
27178,3546.69515
27179,3629.204594
27180,4742.378526
27181,4237.562025
27182,3629.696772
27183,3608.321027
27184,3603.345853
27185,3842.188805
27186,4204.726543
27187,3661.262016
27188,3646.116042
27189,3656.873322
27190,3577.998551
27191,3676.511479
27192,4379.093356
27193,3545.242569
27194,3635.565088
27195,3544.304957
27196,4061.387974
27197,4222.272229
27198,4252.193449
27199,3722.434686
27200,3747.110839
27201,4290.846309
27202,3572.737133
27203,3655.754342
27204,4712.110099
27205,4726.18307
27206,4371.751687
27207,4159.330995
27208,4437.552705
27209,5271.560767
27210,4485.210103
27211,5669.712907
27212,5329.78576
27213,5366.981167
27214,5193.194963
27215,4401.524448
27216,5237.268977
27217,4397.300156
27218,5346.504669
27219,4263.983927
27220,3955.615817
27221,6936.708266
27222,4269.422503
27223,4359.074047
27224,6730.408533
27225,4383.707192
27226,3942.611637
27227,4041.203589
27228,4381.842589
27229,4060.548793
27230,5212.492216
27231,4362.286267
27232,4382.692099
27233,4331.087017
27234,4521.75822
27235,4421.288835
27236,5370.434417
27237,4164.710908
27238,3945.243378
27239,5734.97058
27240,5563.307643
27241,6730.084262
27242,5175.997456
27243,6743.278127
27244,5450.310587
27245,5544.053521
27246,5547.159539
27247,4014.738304
27248,4492.297513
27249,9176.105007
27250,8660.954933
27251,8572.668775
27252,7512.046307
27253,8338.547692
27254,7628.347845
27255,7402.341229
27256,8009.945
27257,8633.284516
27258,7609.641703
27259,8576.62091
27260,9178.991743
27261,10499.94951
27262,10175.78901
27263,9165.757434
27264,7352.550801
27265,7448.203112
27266,7734.674821
27267,7541.709061
27268,7590.502842
27269,7691.189427
27270,10349.54587
27271,7865.31054
27272,8625.596333
27273,8458.615997
27274,7480.182588
27275,7558.207603
27276,7586.343634
27277,7579.263287
27278,7583.462747
27279,8151.510038
27280,9302.769106
27281,7577.469447
27282,10213.75888
27283,8942.406815
27284,9301.759254
27285,8916.028951
27286,8962.999428
27287,7400.052042
27288,7835.61363
27289,8708.331386
27290,16996.19905
27291,15459.75533
27292,15854.66103
27293,15246.86554
27294,17339.74982
27295,16284.25243
27296,16730.18908
27297,17158.43751
27298,18646.87723
27299,20770.45761
27300,15771.21214
27301,16870.78803
27302,15231.74885
27303,15051.56744
27304,16856.75091
27305,16705.75726
27306,15119.19965
27307,16613.53802
27308,16803.23428
27309,16845.99277
27310,17124.52435
27311,15307.46243
27312,17587.66728
27313,15020.00309
27314,14921.50477
27315,15599.38685
27316,17016.79043
27317,16918.39301
27318,15268.98628
27319,17094.56834
27320,15732.58405
27321,16821.33014
27322,15862.7445
27323,17375.20014
27324,15382.69106
27325,17108.60572
27326,18507.20421
27327,17636.46068
27328,18362.08736
27329,16914.95143
27330,17419.58232
27331,6681.795371
27332,5675.692954
27333,6111.152258
27334,6677.997819
27335,5771.281677
27336,5874.124594
27337,6047.690944
27338,6080.414261
27339,5859.968053
27340,5923.906587
27341,5986.039325
27342,5953.222333
27343,6641.655475
27344,5886.057453
27345,5734.461082
27346,7601.515006
27347,5691.914611
27348,6936.221275
27349,6745.537288
27350,6804.118811
27351,6060.568649
27352,5927.379319
27353,5944.777905
27354,7652.676891
27355,7006.434395
27356,5900.356852
27357,5725.757556
27358,6841.386229
27359,7052.528211
27360,7675.03538
27361,6718.30536
27362,6777.466443
27363,7731.492675
27364,6929.42168
27365,5734.660794
27366,6727.666568
27367,5918.401166
27368,6741.737296
27369,6921.309182
27370,5731.924178
27371,5868.620073
27372,4529.279834
27373,3994.374062
27374,4625.013089
27375,3966.540965
27376,4511.13891
27377,4735.551194
27378,4534.472231
27379,4483.705829
27380,5006.333418
27381,4601.170114
27382,4611.379631
27383,5001.495951
27384,5139.212786
27385,5123.794248
27386,5032.755443
27387,4629.77539
27388,5253.420771
27389,4474.237806
27390,5174.179843
27391,4003.003522
27392,5814.479392
27393,0
27394,0
27395,0
27396,0
27397,0
27398,0
27399,0
27400,0
27401,0
27402,0
27403,0
27404,0
27405,0
27406,0
27407,0
27408,0
27409,0
27410,0
27411,0
27412,0
27413,0
27414,0
27415,0
27416,0
27417,0
27418,0
27419,0
27420,0
27421,0
27422,0
27423,0
27424,0
27425,0
27426,0
27427,0
27428,0
27429,0
27430,0
27431,0
27432,0
27433,0
27434,0
27435,0
27436,0
27437,0
27438,0
27439,0
27440,0
27441,0
27442,0
27443,0
27444,0
27445,0
27446,0
27447,0
27448,0
27449,0
27450,0
27451,0
27452,0
27453,0
27454,0
27455,0
27456,0
27457,0
27458,0
27459,0
27460,0
27461,0
27462,0
27463,0
27464,0
27465,0
27466,0
27467,0
27468,0
27469,0
27470,0
27471,0
27472,0
27473,0
27474,0
27475,0
27476,0
27477,0
27478,0
27479,0
27480,0
27481,0
27482,0
27483,0
27484,5071.28113
27485,0
27486,0
27487,0
27488,0
27489,0
27490,0
27491,0
27492,0
27493,0
27494,0
27495,0
27496,0
27497,0
27498,0
27499,0
27500,0
27501,0
27502,0
27503,0
27504,0
27505,0
27506,0
27507,0
27508,0
27509,0
27510,0
27511,0
27512,0
27513,0
27514,0
27515,0
27516,0
27517,0
27518,0
27519,0
27520,0
27521,0
27522,0
27523,0
27524,0
27525,0
27526,0
27527,0
27528,0
27529,0
27530,0
27531,0
27532,0
27533,0
27534,0
27535,0
27536,0
27537,0
27538,0
27539,0
27540,0
27541,0
27542,0
27543,0
27544,0
27545,0
27546,0
27547,0
27548,0
27549,0
27550,0
27551,0
27552,5691.602415
27553,0
27554,0
27555,0
27556,0
27557,0
27558,0
27559,0
27560,0
27561,0
27562,0
27563,0
27564,0
27565,0
27566,0
27567,0
27568,0
27569,0
27570,0
27571,0
27572,0
27573,0
27574,0
27575,0
27576,0
27577,0
27578,0
27579,0
27580,0
27581,0
27582,0
27583,0
27584,0
27585,0
27586,0
27587,0
27588,0
27589,0
27590,0
27591,0
27592,0
27593,5364.682232
27594,5007.664598
27595,0
27596,0
27597,0
27598,0
27599,0
27600,0
27601,0
27602,5680.342092
27603,0
27604,0
27605,0
27606,0
27607,0
27608,0
27609,0
27610,0
27611,0
27612,0
27613,0
27614,0
27615,0
27616,0
27617,0
27618,0
27619,0
27620,0
27621,5081.083524
27622,0
27623,0
27624,0
27625,0
27626,0
27627,0
27628,0
27629,0
27630,0
27631,4602.890111
27632,0
27633,0
27634,0
27635,0
27636,0
27637,0
27638,0
27639,0
27640,0
27641,0
27642,0
27643,0
27644,0
27645,0
27646,0
27647,0
27648,0
27649,4109.785033
27650,0
27651,0
27652,0
27653,0
27654,0
27655,0
27656,0
27657,0
27658,0
27659,0
27660,0
27661,0
27662,0
27663,0
27664,0
27665,0
27666,4749.817616
27667,0
27668,0
27669,0
27670,0
27671,0
27672,0
27673,0
27674,0
27675,0
27676,0
27677,0
27678,0
27679,0
27680,0
27681,0
27682,0
27683,0
27684,0
27685,0
27686,0
27687,0
27688,0
27689,0
27690,0
27691,0
27692,0
27693,0
27694,0
27695,0
27696,0
27697,0
27698,0
27699,0
27700,0
27701,0
27702,0
27703,0
27704,0
27705,0
27706,0
27707,0
27708,0
27709,0
27710,0
27711,0
27712,0
27713,0
27714,0
27715,0
27716,0
27717,0
27718,0
27719,0
27720,0
27721,0
27722,0
27723,0
27724,0
27725,0
27726,0
27727,0
27728,5274.451111
27729,0
27730,0
27731,0
27732,0
27733,0
27734,0
27735,0
27736,0
27737,0
27738,0
27739,0
27740,0
27741,0
27742,4011.141768
27743,0
27744,0
27745,0
27746,0
27747,0
27748,0
27749,0
27750,0
27751,0
27752,0
27753,0
27754,0
27755,0
27756,0
27757,0
27758,0
27759,0
27760,0
27761,0
27762,0
27763,0
27764,0
27765,0
27766,0
27767,0
27768,0
27769,0
27770,0
27771,0
27772,0
27773,0
27774,0
27775,0
27776,0
27777,0
27778,0
27779,0
27780,0
27781,0
27782,0
27783,0
27784,0
27785,4019.134468
27786,0
27787,0
27788,0
27789,0
27790,0
27791,0
27792,0
27793,0
27794,0
27795,4530.964877
27796,0
27797,0
27798,0
27799,4598.050355
27800,0
27801,0
27802,0
27803,0
27804,0
27805,0
27806,0
27807,0
27808,0
27809,0
27810,0
27811,0
27812,0
27813,0
27814,0
27815,0
27816,0
27817,0
27818,0
27819,0
27820,0
27821,0
27822,0
27823,0
27824,0
27825,0
27826,5090.326314
27827,0
27828,0
27829,0
27830,0
27831,0
27832,0
27833,0
27834,0
27835,0
27836,0
27837,0
27838,0
27839,0
27840,4977.342745
27841,0
27842,0
27843,0
27844,0
27845,0
27846,0
27847,0
27848,0
27849,0
27850,0
27851,0
27852,0
27853,0
27854,0
27855,0
27856,0
27857,0
27858,0
27859,0
27860,0
27861,0
27862,0
27863,0
27864,0
27865,0
27866,0
27867,0
27868,0
27869,0
27870,0
27871,0
27872,0
27873,0
27874,0
27875,0
27876,0
27877,0
27878,0
27879,0
27880,0
27881,0
27882,0
27883,0
27884,0
27885,0
27886,0
27887,0
27888,0
27889,0
27890,0
27891,0
27892,0
27893,0
27894,0
27895,0
27896,0
27897,0
27898,0
27899,0
27900,0
27901,0
27902,0
27903,0
27904,0
27905,0
27906,0
27907,0
27908,0
27909,0
27910,0
27911,0
27912,0
27913,0
27914,0
27915,5169.659771
27916,0
27917,0
27918,0
27919,0
27920,0
27921,0
27922,0
27923,0
27924,0
27925,0
27926,0
27927,0
27928,0
27929,0
27930,0
27931,0
27932,0
27933,0
27934,0
27935,0
27936,0
27937,0
27938,0
27939,0
27940,0
27941,0
27942,0
27943,0
27944,0
27945,0
27946,0
27947,0
27948,0
27949,0
27950,0
27951,0
27952,0
27953,0
27954,0
27955,0
27956,0
27957,0
27958,0
27959,5805.332427
27960,4221.767082
27961,0
27962,0
27963,0
27964,0
27965,0
27966,0
27967,0
27968,0
27969,0
27970,0
27971,0
27972,0
27973,0
27974,0
27975,0
27976,0
27977,0
27978,0
27979,0
27980,0
27981,0
27982,0
27983,0
27984,0
27985,0
27986,0
27987,0
27988,4547.532866
27989,0
27990,0
27991,0
27992,0
27993,0
27994,0
27995,0
27996,0
27997,0
27998,0
27999,0
28000,0
28001,0
28002,0
28003,0
28004,0
28005,0
28006,0
28007,0
28008,0
28009,0
28010,0
28011,0
28012,0
28013,0
28014,0
28015,0
28016,0
28017,0
28018,0
28019,0
28020,0
28021,0
28022,0
28023,0
28024,0
28025,0
28026,0
28027,0
28028,0
28029,0
28030,0
28031,0
28032,0
28033,0
28034,0
28035,0
28036,0
28037,0
28038,0
28039,0
28040,0
28041,0
28042,0
28043,0
28044,0
28045,0
28046,0
28047,0
28048,0
28049,0
28050,0
28051,0
28052,0
28053,0
28054,0
28055,0
28056,0
28057,0
28058,7147.359414
28059,0
28060,0
28061,0
28062,6035.30713
28063,0
28064,0
28065,0
28066,0
28067,0
28068,0
28069,0
28070,0
28071,0
28072,0
28073,0
28074,0
28075,0
28076,0
28077,0
28078,0
28079,0
28080,0
28081,0
28082,0
28083,0
28084,0
28085,0
28086,0
28087,0
28088,0
28089,0
28090,0
28091,0
28092,0
28093,0
28094,0
28095,0
28096,0
28097,0
28098,0
28099,0
28100,0
28101,0
28102,0
28103,0
28104,0
28105,0
28106,0
28107,0
28108,0
28109,0
28110,0
28111,0
28112,0
28113,6166.547009
28114,0
28115,0
28116,0
28117,0
28118,0
28119,0
28120,0
28121,0
28122,0
28123,0
28124,0
28125,0
28126,0
28127,0
28128,7799.966238
28129,0
28130,0
28131,0
28132,0
28133,0
28134,0
28135,0
28136,0
28137,0
28138,0
28139,0
28140,0
28141,0
28142,0
28143,0
28144,0
28145,0
28146,0
28147,0
28148,0
28149,0
28150,0
28151,0
28152,0
28153,0
28154,0
28155,0
28156,0
28157,0
28158,0
28159,0
28160,0
28161,0
28162,0
28163,0
28164,0
28165,0
28166,0
28167,0
28168,0
28169,0
28170,0
28171,0
28172,0
28173,0
28174,0
28175,0
28176,0
28177,0
28178,0
28179,0
28180,0
28181,0
28182,0
28183,0
28184,0
28185,0
28186,0
28187,0
28188,0
28189,0
28190,0
28191,0
28192,6433.039394
28193,0
28194,0
28195,0
28196,0
28197,0
28198,0
28199,0
28200,0
28201,0
28202,0
28203,0
28204,0
28205,0
28206,0
28207,0
28208,0
28209,0
28210,0
28211,0
28212,0
28213,0
28214,0
28215,0
28216,0
28217,0
28218,0
28219,0
28220,0
28221,0
28222,0
28223,0
28224,0
28225,0
28226,0
28227,0
28228,0
28229,0
28230,0
28231,0
28232,0
28233,5624.06966
28234,6191.883954
28235,0
28236,0
28237,0
28238,0
28239,0
28240,0
28241,0
28242,0
28243,0
28244,0
28245,0
28246,0
28247,0
28248,0
28249,6396.864946
28250,7480.9213
28251,5556.607676
28252,6294.873523
28253,7198.971626
28254,6270.071352
28255,6303.936668
28256,8066.43834
28257,0
28258,6121.433641
28259,5525.407975
28260,7175.676531
28261,7481.248189
28262,0
28263,5548.280577
28264,0
28265,6284.985174
28266,7492.211911
28267,7236.327658
28268,7418.806658
28269,6479.819242
28270,6230.945702
28271,6160.782047
28272,0
28273,8547.737419
28274,5774.727249
28275,0
28276,7597.350353
28277,7209.706586
28278,8638.588929
28279,0
28280,7611.766866
28281,6240.826786
28282,7567.993813
28283,0
28284,7797.276159
28285,6005.821098
28286,6585.242674
28287,8695.617278
28288,0
28289,0
28290,8419.556358
28291,5800.587385
28292,3557.909414
28293,3565.792731
28294,4215.135219
28295,4437.022014
28296,4340.859416
28297,3969.52325
28298,3559.835003
28299,3619.716541
28300,3599.134947
28301,3662.710587
28302,3959.772293
28303,3939.172095
28304,4209.028267
28305,4216.115235
28306,3559.308924
28307,4204.013606
28308,4682.230003
28309,4418.196031
28310,4709.168417
28311,0
28312,3608.811359
28313,4306.22861
28314,4382.294868
28315,4374.237399
28316,0
28317,4158.310685
28318,3702.051578
28319,4851.613315
28320,3965.295258
28321,3734.072412
28322,3615.544426
28323,0
28324,0
28325,3564.947293
28326,4257.307994
28327,3558.238681
28328,4225.791037
28329,0
28330,4765.682034
28331,3721.738333
28332,4142.022861
28333,4258.00765
28334,0
28335,0
28336,3674.536202
28337,4241.969378
28338,4189.965091
28339,4046.454591
28340,5753.66392
28341,6358.099054
28342,5727.349887
28343,6289.166921
28344,5529.523163
28345,0
28346,6348.906679
28347,5796.003547
28348,0
28349,6537.94681
28350,0
28351,0
28352,0
28353,6359.522381
28354,6200.574583
28355,5591.926689
28356,5658.519393
28357,0
28358,0
28359,6369.326368
28360,5511.406292
28361,0
28362,6363.658419
28363,5710.863859
28364,7209.644977
28365,5518.063505
28366,6435.602323
28367,5653.947656
28368,7280.073227
28369,5948.392083
28370,5817.708866
28371,6118.364912
28372,6293.715328
28373,5999.401758
28374,0
28375,6316.686221
28376,5800.002782
28377,5760.839184
28378,6502.525837
28379,7269.314725
28380,0
28381,0
28382,5574.633618
28383,6135.371241
28384,5503.632756
28385,6112.351209
28386,6290.589854
28387,5679.68088
28388,0
28389,5803.390288
28390,0
28391,5637.392794
28392,5546.004129
28393,7233.041869
28394,0
28395,0
28396,0
28397,2834.435964
28398,3652.947409
28399,4199.834207
28400,4162.510603
28401,4340.953962
28402,3723.497316
28403,4203.748725
28404,3639.179625
28405,0
28406,4153.409739
28407,3635.686167
28408,4440.043217
28409,3629.990448
28410,3663.498087
28411,2814.616362
28412,3793.033087
28413,0
28414,3693.487418
28415,3729.802224
28416,0
28417,4072.508812
28418,4092.299444
28419,4039.337758
28420,3650.551147
28421,3675.056271
28422,4171.33545
28423,4249.347502
28424,3617.056351
28425,4076.409166
28426,0
28427,2855.802763
28428,4139.118025
28429,3709.13224
28430,2866.492684
28431,4451.02503
28432,4297.643314
28433,4469.58254
28434,3795.400222
28435,2866.222368
28436,4166.165075
28437,3743.554958
28438,2977.379429
28439,4560.017606
28440,4259.329033
28441,2852.223905
28442,8013.069103
28443,8889.892084
28444,9141.623018
28445,8053.918288
28446,8101.167844
28447,9183.510554
28448,0
28449,7370.326226
28450,7314.163844
28451,0
28452,9027.792408
28453,8466.003011
28454,7301.075155
28455,9082.345182
28456,8004.671188
28457,9031.238733
28458,10202.62315
28459,0
28460,0
28461,9993.022099
28462,7751.404251
28463,8174.833609
28464,8591.527108
28465,0
28466,0
28467,9134.780996
28468,0
28469,0
28470,8311.559487
28471,10826.61533
28472,8987.637056
28473,8281.202472
28474,7472.557458
28475,8008.179179
28476,0
28477,9081.844821
28478,8018.191776
28479,7263.146861
28480,8081.273045
28481,8740.224413
28482,8937.212965
28483,8911.980852
28484,0
28485,9008.197739
28486,8721.678716
28487,8221.668222
28488,9016.53282
28489,8144.167481
28490,8581.00264
28491,7451.299406
28492,10031.95811
28493,0
28494,5940.087155
28495,6923.37743
28496,6866.957047
28497,6962.623239
28498,7044.216568
28499,7469.365446
28500,5943.593373
28501,5940.696251
28502,6813.911431
28503,7346.019535
28504,5927.306736
28505,6448.328411
28506,5880.388316
28507,6939.472545
28508,6531.783223
28509,6598.456563
28510,7270.570957
28511,7005.13887
28512,0
28513,6372.588044
28514,6080.163482
28515,0
28516,5995.366822
28517,7493.720997
28518,0
28519,5908.92195
28520,6518.220883
28521,6586.679165
28522,5888.174902
28523,7525.553695
28524,6819.610657
28525,6744.984639
28526,6516.03196
28527,6097.859252
28528,6039.291085
28529,6153.877285
28530,0
28531,6054.879574
28532,7452.446758
28533,6445.39313
28534,6416.370882
28535,6179.56336
28536,6854.228769
28537,5886.519718
28538,5515.530543
28539,4700.739392
28540,6564.23308
28541,5635.754653
28542,6366.811334
28543,0
28544,6430.463965
28545,5579.040157
28546,7409.383616
28547,5742.554188
28548,6199.520008
28549,6520.781015
28550,5639.716561
28551,7371.957919
28552,4851.118566
28553,6582.335301
28554,6762.52622
28555,0
28556,6396.36495
28557,5545.411929
28558,4694.094809
28559,6245.260645
28560,0
28561,7762.229012
28562,5563.169843
28563,6241.724973
28564,6303.657434
28565,0
28566,0
28567,4713.241828
28568,5841.678933
28569,5847.277706
28570,7630.467337
28571,5823.182858
28572,0
28573,6055.59648
28574,6630.166275
28575,5128.540497
28576,6678.343504
28577,5525.286372
28578,4658.869873
28579,0
28580,0
28581,0
28582,6326.13723
28583,5656.636975
28584,4747.000059
28585,0
28586,5892.062246
28587,6738.343299
28588,6011.950113
28589,11400.74404
28590,11499.65586
28591,13502.30656
28592,13230.97428
28593,11714.12493
28594,15752.99286
28595,11792.94482
28596,13741.69294
28597,13162.67477
28598,12177.42339
28599,11509.7541
28600,13237.04897
28601,0
28602,11537.64372
28603,11611.08868
28604,15798.68161
28605,11724.63881
28606,11485.55865
28607,13470.10714
28608,11480.95097
28609,13916.07628
28610,11915.05699
28611,0
28612,13414.5067
28613,11575.08636
28614,11566.10117
28615,0
28616,13208.81231
28617,13821.8342
28618,0
28619,13390.96789
28620,12025.92792
28621,11800.51401
28622,0
28623,11918.10469
28624,13494.59694
28625,13705.02095
28626,12413.66629
28627,16095.22787
28628,0
28629,11481.17137
28630,0
28631,0
28632,11499.15283
28633,14586.82583
28634,12395.57999
28635,15452.20076
28636,12096.05097
28637,14238.90679
28638,11038.26255
28639,11202.46473
28640,12100.64621
28641,11012.60871
28642,0
28643,11081.96133
28644,12037.52275
28645,12248.4721
28646,11403.12811
28647,11180.31441
28648,11010.98026
28649,11871.50367
28650,12154.58899
28651,11396.50048
28652,10979.06475
28653,11626.96857
28654,11989.30639
28655,11168.26492
28656,11674.31535
28657,11288.73704
28658,12339.01393
28659,12289.12462
28660,11345.16122
28661,11530.73125
28662,11085.37273
28663,11143.44715
28664,0
28665,0
28666,12190.03888
28667,0
28668,11253.79353
28669,11050.17003
28670,0
28671,11080.15496
28672,11192.68736
28673,11239.52443
28674,11533.41746
28675,11587.29409
28676,12119.18872
28677,11251.3934
28678,0
28679,11433.06219
28680,11176.89943
28681,11176.89177
28682,11403.24293
28683,11558.66542
28684,11084.29612
28685,12299.09883
28686,11109.11221
28687,12231.94596
28688,11103.56392
28689,11190.04645
28690,0
28691,11927.21704
28692,0
28693,12250.02651
28694,6359.39775
28695,7193.869222
28696,5535.933512
28697,6590.967948
28698,5321.189511
28699,5988.124375
28700,6248.982969
28701,5283.053404
28702,6122.599538
28703,5419.821121
28704,0
28705,4914.888754
28706,5542.470735
28707,5108.972421
28708,6310.704076
28709,6296.967898
28710,6453.187789
28711,6113.476385
28712,0
28713,6112.262663
28714,4920.774666
28715,6223.978897
28716,5083.024569
28717,0
28718,7549.329541
28719,5356.362812
28720,0
28721,4832.264488
28722,5269.864717
28723,5306.364715
28724,6479.322742
28725,0
28726,0
28727,5267.674574
28728,6175.041875
28729,5249.254942
28730,6286.578713
28731,5325.121183
28732,4866.997628
28733,5609.513976
28734,0
28735,7153.936673
28736,5286.170637
28737,0
28738,6231.307709
28739,0
28740,0
28741,7399.91312
28742,5364.552453
28743,5300.706172
28744,4866.078056
28745,7372.478506
28746,0
28747,6421.264989
28748,0
28749,7346.398052
28750,0
28751,6335.719784
28752,7079.178487
28753,5903.828089
28754,7335.384349
28755,6015.143583
28756,8110.0357
28757,6301.084955
28758,0
28759,7323.318027
28760,6309.169818
28761,6346.437988
28762,6409.145016
28763,6253.194879
28764,7347.548925
28765,0
28766,0
28767,0
28768,6180.363062
28769,6303.469782
28770,7993.680245
28771,7171.435673
28772,0
28773,6796.196118
28774,7224.601584
28775,6247.880774
28776,0
28777,7212.657792
28778,7119.034285
28779,6469.678433
28780,7306.215589
28781,7918.639701
28782,6078.762135
28783,7296.295616
28784,0
28785,6150.070832
28786,5935.092666
28787,6277.709766
28788,6261.188485
28789,8165.888505
28790,0
28791,0
28792,6332.729712
28793,7151.311776
28794,0
28795,6421.473217
28796,0
28797,6364.710645
28798,0
28799,6910.615989
28800,3444.262711
28801,0
28802,3857.359603
28803,3786.212994
28804,0
28805,3448.778437
28806,3893.224231
28807,4227.64352
28808,3486.557676
28809,3485.958491
28810,3541.439176
28811,4233.542166
28812,3957.323031
28813,3502.408334
28814,3446.475814
28815,3801.728726
28816,3465.799305
28817,3770.861841
28818,0
28819,3781.346787
28820,3517.456692
28821,0
28822,4020.896796
28823,3802.512692
28824,3439.885529
28825,0
28826,3393.702142
28827,4136.135016
28828,3532.944679
28829,0
28830,3898.625153
28831,3538.024347
28832,3883.382973
28833,4009.367956
28834,3549.614792
28835,3521.196851
28836,3494.358568
28837,3863.269381
28838,3546.409504
28839,3440.727565
28840,3780.754675
28841,0
28842,3604.387367
28843,4120.573962
28844,3861.587658
28845,3728.75841
28846,0
28847,3502.774884
28848,3893.443266
28849,5371.562626
28850,0
28851,5267.651047
28852,4801.644143
28853,0
28854,5596.702427
28855,5889.515438
28856,5747.532819
28857,4823.304109
28858,5245.695579
28859,4889.928406
28860,5268.726027
28861,5275.009858
28862,5594.238378
28863,5277.816527
28864,0
28865,5263.678448
28866,5649.757984
28867,5240.468824
28868,4814.180057
28869,5820.539203
28870,0
28871,0
28872,0
28873,6156.265024
28874,6075.912899
28875,5736.53455
28876,5262.338952
28877,6085.111691
28878,0
28879,5617.444323
28880,5710.682733
28881,5331.550675
28882,0
28883,5757.912148
28884,5607.364554
28885,5599.345738
28886,0
28887,5384.812172
28888,5283.450289
28889,5776.697667
28890,5367.495642
28891,5451.67107
28892,5768.78253
28893,4902.479156
28894,4801.178329
28895,0
28896,6125.877285
28897,5302.074871
28898,4963.130859
28899,5704.960516
28900,6202.550943
28901,5578.092061
28902,5677.807353
28903,0
28904,4977.969337
28905,5050.996133
28906,5392.696107
28907,4637.391594
28908,5320.95317
28909,0
28910,0
28911,5146.352546
28912,4694.401863
28913,4820.982909
28914,5221.712404
28915,5969.770322
28916,5491.018033
28917,5062.675622
28918,4663.793588
28919,4702.461475
28920,5873.243773
28921,5538.941612
28922,5349.418267
28923,5143.370521
28924,5043.042555
28925,0
28926,5045.837728
28927,5074.989293
28928,5576.439898
28929,5397.074881
28930,0
28931,4928.193217
28932,5159.347022
28933,6046.821887
28934,5554.188398
28935,0
28936,5780.779633
28937,0
28938,5086.744649
28939,6031.801388
28940,4730.46064
28941,5341.866957
28942,0
28943,5552.181066
28944,0
28945,0
28946,0
28947,5487.066694
28948,5607.221872
28949,5431.854519
28950,6437.084326
28951,0
28952,6453.886363
28953,8053.335894
28954,9579.052162
28955,7933.608769
28956,0
28957,8155.476642
28958,8770.163214
28959,0
28960,0
28961,8242.844944
28962,9548.861794
28963,8355.45556
28964,7875.169183
28965,8732.146168
28966,7966.621754
28967,7961.895276
28968,8205.731169
28969,8104.706167
28970,9184.576006
28971,9147.020025
28972,9551.955664
28973,9881.966612
28974,9395.556516
28975,8004.366579
28976,9463.947771
28977,0
28978,8546.049309
28979,8740.935931
28980,8218.396359
28981,9797.256725
28982,8398.544307
28983,9368.381866
28984,9171.861027
28985,8086.436095
28986,8403.607864
28987,0
28988,8073.908031
28989,9873.341356
28990,9355.078281
28991,8771.440371
28992,8927.795946
28993,9219.083723
28994,8067.976893
28995,8133.901333
28996,11082.2777
28997,9450.258989
28998,4813.560492
28999,5142.316915
29000,4264.448931
29001,0
29002,4944.482023
29003,4329.752637
29004,4307.090446
29005,4083.500073
29006,4266.578928
29007,5147.987656
29008,4812.950529
29009,4243.141752
29010,5861.633167
29011,0
29012,4206.399682
29013,5863.079559
29014,5066.774908
29015,4979.373118
29016,4185.696067
29017,0
29018,4209.180912
29019,0
29020,4920.067615
29021,4739.571074
29022,4295.330751
29023,0
29024,4356.848075
29025,4765.995774
29026,0
29027,4760.234241
29028,4331.873034
29029,4302.451688
29030,4208.426356
29031,4233.330801
29032,4799.156017
29033,4820.804816
29034,4240.252952
29035,4262.573772
29036,4248.486754
29037,6467.510128
29038,4785.566098
29039,5732.590956
29040,4335.347282
29041,4487.930327
29042,0
29043,5096.168151
29044,4350.999862
29045,0
29046,4436.811356
29047,3951.377402
29048,4122.953432
29049,4405.107417
29050,4216.999873
29051,0
29052,4581.06475
29053,4124.53076
29054,3773.840514
29055,3774.815441
29056,4117.673063
29057,4580.605102
29058,4635.623545
29059,3912.834114
29060,3788.706948
29061,4829.642109
29062,4581.188904
29063,4381.561067
29064,4087.473069
29065,3822.538778
29066,0
29067,3768.241559
29068,0
29069,4522.444932
29070,4745.909977
29071,4527.580964
29072,3757.690601
29073,4374.593941
29074,4764.610395
29075,3984.58534
29076,4517.645093
29077,3717.888034
29078,0
29079,3920.069254
29080,4476.769297
29081,4863.768285
29082,4383.807982
29083,3773.615481
29084,4573.735309
29085,4246.377266
29086,0
29087,0
29088,3831.598915
29089,4483.919207
29090,4028.527494
29091,4554.845078
29092,3792.280642
29093,0
29094,4603.803187
29095,0
29096,5041.596914
29097,5298.071938
29098,5178.191874
29099,0
29100,6354.081032
29101,6038.078856
29102,5101.189175
29103,5294.76132
29104,6017.929273
29105,5168.643505
29106,6118.114507
29107,6635.978151
29108,5249.419194
29109,6589.372849
29110,5190.920731
29111,5902.253184
29112,5983.012304
29113,5176.086308
29114,6080.672709
29115,6525.914288
29116,6519.945838
29117,6493.688124
29118,5949.598374
29119,6103.576999
29120,5255.283616
29121,5312.528966
29122,5269.770624
29123,5338.555904
29124,5021.638938
29125,5308.870726
29126,5216.12348
29127,6991.825827
29128,5451.912311
29129,6004.773603
29130,5985.031107
29131,5178.445483
29132,5093.410167
29133,6487.456004
29134,5152.773512
29135,6040.325532
29136,5310.364692
29137,5955.284141
29138,6354.461722
29139,5143.55126
29140,4956.81554
29141,5567.348273
29142,6299.667568
29143,5941.709835
29144,5241.797867
29145,5801.621494
29146,5277.840302
29147,5833.015712
29148,5463.478104
29149,5031.928695
29150,5124.379872
29151,5143.947365
29152,5891.644848
29153,5339.89108
29154,5263.770809
29155,6721.364358
29156,5565.509499
29157,5301.170684
29158,5893.116795
29159,5662.634417
29160,6196.622967
29161,5267.458591
29162,5163.299672
29163,4910.160783
29164,5124.918505
29165,5785.483347
29166,5726.246964
29167,5280.167858
29168,5111.633312
29169,5579.145245
29170,5136.539907
29171,5583.601411
29172,5989.444093
29173,5080.313929
29174,4913.726699
29175,5175.441686
29176,5744.058594
29177,5639.277634
29178,6579.807126
29179,6549.778465
29180,7447.275682
29181,6086.634582
29182,6508.150023
29183,6452.305396
29184,7518.426904
29185,6618.179026
29186,6450.367761
29187,7827.469581
29188,6629.706466
29189,8605.719675
29190,6333.987543
29191,7482.327097
29192,7357.171503
29193,7256.911705
29194,6170.607233
29195,7255.337913
29196,7353.619929
29197,7744.120831
29198,6657.236162
29199,7327.480412
29200,8019.605725
29201,8775.699617
29202,6166.892711
29203,7589.119714
29204,6479.006293
29205,6209.382187
29206,6378.198998
29207,6523.123295
29208,10427.92275
29209,6366.219101
29210,8885.385712
29211,7927.819271
29212,7881.40857
29213,8369.699726
29214,6526.132277
29215,7040.338366
29216,6586.709797
29217,6697.913381
29218,6687.35144
29219,6803.14958
29220,6473.158814
29221,5827.637487
29222,6606.388835
29223,6890.628885
29224,6813.798766
29225,5791.305634
29226,6879.742811
29227,8408.438628
29228,5885.037726
29229,6819.956799
29230,5777.754394
29231,6564.671008
29232,6856.13359
29233,6938.225834
29234,5951.54684
29235,8689.580181
29236,6123.166522
29237,6184.538307
29238,6981.551374
29239,6821.298709
29240,5762.391472
29241,7046.182687
29242,6793.972874
29243,8519.518482
29244,8583.223742
29245,7113.747589
29246,5806.724123
29247,7005.2435
29248,5918.400367
29249,6510.961403
29250,5693.415226
29251,7049.786107
29252,6714.686821
29253,5821.565687
29254,6548.221025
29255,7181.668297
29256,6112.227827
29257,7175.654929
29258,5807.303351
29259,5740.842135
29260,3238.16327
29261,3803.577161
29262,3560.965051
29263,3678.222004
29264,3720.643199
29265,3761.387404
29266,3638.422714
29267,3750.110231
29268,3697.668117
29269,3717.219198
29270,3745.029353
29271,3764.736184
29272,3706.013103
29273,3566.607422
29274,3796.218317
29275,3254.447351
29276,3644.606368
29277,3721.310961
29278,3758.89994
29279,3522.828525
29280,3384.729229
29281,3679.187494
29282,3739.2132
29283,3776.09394
29284,3672.48857
29285,3708.349979
29286,3738.615262
29287,3743.577907
29288,3726.973573
29289,3269.124827
29290,3632.331889
29291,3757.89017
29292,3799.216151
29293,3755.221495
29294,3657.434936
29295,3684.96186
29296,3765.296149
29297,3748.332099
29298,3299.910272
29299,3255.463866
29300,3741.966928
29301,7480.401597
29302,6641.823162
29303,8432.683423
29304,7377.33357
29305,7569.254511
29306,7797.069338
29307,8247.104032
29308,7566.009347
29309,7046.820506
29310,6980.937576
29311,7622.293475
29312,7739.13119
29313,6654.917639
29314,6708.919482
29315,8775.544733
29316,6686.070702
29317,7989.082619
29318,7715.538839
29319,8068.329097
29320,8191.579549
29321,6597.009193
29322,6848.675909
29323,6607.062423
29324,6655.640638
29325,8521.824772
29326,6631.950644
29327,7229.059844
29328,7358.581384
29329,8234.036107
29330,8073.414104
29331,8006.28693
29332,7753.96741
29333,7643.524056
29334,7714.231512
29335,7375.632598
29336,7713.223194
29337,7749.722611
29338,7086.88108
29339,7452.826967
29340,7832.523441
29341,6726.053832
29342,7904.118525
29343,7236.775117
29344,9441.953681
29345,8060.412335
29346,6995.783683
29347,6896.89997
29348,8016.687138
29349,8375.971964
29350,7067.506723
29351,7187.303181
29352,6898.648168
29353,6978.269797
29354,7053.558889
29355,7308.458816
29356,7054.606772
29357,8650.921337
29358,8480.240828
29359,7535.273275
29360,7428.421053
29361,7007.599762
29362,8452.039404
29363,9831.431731
29364,7935.501823
29365,7077.558868
29366,6993.989476
29367,6906.674725
29368,6943.977364
29369,8754.787255
29370,9135.392785
29371,6921.950587
29372,6934.7878
29373,8022.632565
29374,7218.358704
29375,7957.94143
29376,8196.501362
29377,9965.781086
29378,8193.017845
29379,6759.139573
29380,7884.094163
29381,9582.376826
29382,6838.936734
29383,6088.207037
29384,6056.57925
29385,6328.091763
29386,6329.305065
29387,7637.621142
29388,6409.438513
29389,6487.777297
29390,7893.32091
29391,6322.007282
29392,7554.64864
29393,5963.093298
29394,5847.459868
29395,6118.087889
29396,6403.151123
29397,7827.225434
29398,8318.242702
29399,6354.238765
29400,7628.929218
29401,8981.951292
29402,5987.920074
29403,7893.445893
29404,7861.069944
29405,7727.580544
29406,7460.695431
29407,8909.460673
29408,8183.681049
29409,5822.898608
29410,6290.545035
29411,6503.578827
29412,6114.652388
29413,7540.461276
29414,7851.289901
29415,6345.74802
29416,5799.074338
29417,7568.183581
29418,5773.646787
29419,9088.285197
29420,6169.233694
29421,7632.622477
29422,6546.292284
29423,9159.919445
29424,4887.495522
29425,5499.089496
29426,4138.470294
29427,5225.778923
29428,4932.300977
29429,4511.84431
29430,4936.869129
29431,3992.563719
29432,4926.558655
29433,4072.456177
29434,3922.57295
29435,4093.588648
29436,5032.276904
29437,4163.360375
29438,3940.71612
29439,5356.141432
29440,3902.323405
29441,4316.882936
29442,5174.320681
29443,3934.975482
29444,3974.006076
29445,4113.966835
29446,5085.146288
29447,5386.141684
29448,4088.526934
29449,6501.049267
29450,4995.382385
29451,4015.27958
29452,4442.657943
29453,4132.220208
29454,5061.466513
29455,4126.759472
29456,5309.761264
29457,3932.742269
29458,6289.659972
29459,4958.290983
29460,6418.264319
29461,4305.916818
29462,3984.547514
29463,3901.612735
29464,6504.299729
29465,4515.094098
29466,3869.397556
29467,4036.007215
29468,3825.34921
29469,3928.476369
29470,4396.954417
29471,4749.792978
29472,5061.496341
29473,3761.692562
29474,5117.642962
29475,4820.070098
29476,3744.692184
29477,4949.698106
29478,5193.685873
29479,3912.882877
29480,3766.615429
29481,3865.595856
29482,5012.838632
29483,4592.500962
29484,3794.648533
29485,4021.943468
29486,5548.819082
29487,3890.190392
29488,5760.503299
29489,4564.656716
29490,4497.589425
29491,4894.642907
29492,4772.602391
29493,4529.922732
29494,3965.581709
29495,3806.27637
29496,4597.502845
29497,4040.958447
29498,4820.05905
29499,4115.44687
29500,5611.502908
29501,4410.046015
29502,3806.650157
29503,4076.019943
29504,3837.849293
29505,5553.518335
29506,6931.82344
29507,9031.462625
29508,8077.79628
29509,8173.542142
29510,7549.619727
29511,7946.362967
29512,6821.057995
29513,8310.980915
29514,6930.247575
29515,6168.071579
29516,6879.346306
29517,8501.891343
29518,6857.86703
29519,9054.924124
29520,5802.471912
29521,6783.753902
29522,6824.054793
29523,7831.983402
29524,7557.544028
29525,6794.193626
29526,7869.057101
29527,5830.694322
29528,8218.278502
29529,5876.631047
29530,5859.634339
29531,7851.38363
29532,5835.376049
29533,6911.660923
29534,6912.885884
29535,6816.780919
29536,7844.603361
29537,6815.369365
29538,8231.897751
29539,8913.660667
29540,8009.674322
29541,6868.8687
29542,6832.482798
29543,6103.839276
29544,6781.970432
29545,9071.305878
29546,7807.979741
29547,4032.395276
29548,4934.208631
29549,4054.117335
29550,4177.320967
29551,4796.621024
29552,4327.330678
29553,4917.432645
29554,4042.608215
29555,4396.4371
29556,4181.486465
29557,4014.591341
29558,4019.547754
29559,4348.876445
29560,5268.73027
29561,4758.208918
29562,4031.999393
29563,4145.422737
29564,4838.68077
29565,4697.328963
29566,4764.201569
29567,4042.916985
29568,4878.060519
29569,4888.64172
29570,4342.956284
29571,4852.684802
29572,4595.816204
29573,5156.406818
29574,4437.67576
29575,4856.185945
29576,4683.070084
29577,4169.435802
29578,4042.823217
29579,4162.781689
29580,5115.666092
29581,4804.552895
29582,4392.594299
29583,4020.69041
29584,4650.714901
29585,4229.80698
29586,5112.72682
29587,9055.969902
29588,11586.90216
29589,10293.54323
29590,8670.076694
29591,9008.46354
29592,9662.897616
29593,9670.209753
29594,8844.85742
29595,9636.513735
29596,8885.981037
29597,9108.970076
29598,10036.86756
29599,8834.7518
29600,9975.189139
29601,8801.933195
29602,8901.410022
29603,8805.033284
29604,8998.300124
29605,9293.874392
29606,9743.539646
29607,9515.87151
29608,9775.706068
29609,9149.537479
29610,9203.548522
29611,9765.247454
29612,9579.142263
29613,9393.951732
29614,10476.40739
29615,10353.3961
29616,9728.379556
29617,10224.60722
29618,9196.940586
29619,10038.27943
29620,9220.367647
29621,11373.77099
29622,8955.58675
29623,10964.66573
29624,8748.428058
29625,10958.88683
29626,9642.288235
29627,9073.941277
29628,4745.748623
29629,5264.753337
29630,4750.467357
29631,4475.313291
29632,4470.934348
29633,5301.073498
29634,5232.644678
29635,5586.072066
29636,4679.108631
29637,4813.816467
29638,5139.610792
29639,5243.193997
29640,4454.147643
29641,4367.144112
29642,5236.357451
29643,5169.315483
29644,4511.819405
29645,4757.226616
29646,4670.647539
29647,4382.116536
29648,4542.678049
29649,4912.696823
29650,4477.895612
29651,5430.775234
29652,5048.565804
29653,5349.058163
29654,5399.035289
29655,5166.400439
29656,4708.592122
29657,5855.566222
29658,4828.780311
29659,4492.021185
29660,4471.351172
29661,5885.905705
29662,5994.10311
29663,4605.728411
29664,5333.500556
29665,6050.794522
29666,5153.445955
29667,5125.046092
29668,4683.904473
29669,4427.352008
29670,5157.084749
29671,4612.970735
29672,4660.559403
29673,4416.305456
29674,4262.858124
29675,5140.919398
29676,4437.150157
29677,4695.750211
29678,5405.600397
29679,4643.498134
29680,4990.228212
29681,4777.476548
29682,5404.780125
29683,5244.365014
29684,5048.351913
29685,5290.726462
29686,4242.824898
29687,4623.870967
29688,4879.693516
29689,5088.154834
29690,5394.720253
29691,4461.291482
29692,4327.817441
29693,5460.500857
29694,4969.023359
29695,4915.468596
29696,5212.582634
29697,4764.181591
29698,6028.825022
29699,6383.431112
29700,4774.583888
29701,4998.54393
29702,5975.41472
29703,4245.635838
29704,5363.650482
29705,6111.199745
29706,5417.008522
29707,5013.854228
29708,5345.911447
29709,4541.508316
29710,5907.721309
29711,6228.531657
29712,7233.592755
29713,6495.875529
29714,5943.58074
29715,5949.994036
29716,5939.443307
29717,6368.076615
29718,7119.351496
29719,7066.888817
29720,6441.924762
29721,5899.966638
29722,7005.772965
29723,6134.542782
29724,7128.356342
29725,7143.275088
29726,7182.360599
29727,7094.968747
29728,5997.852026
29729,8203.117835
29730,5920.867361
29731,6099.883864
29732,7075.930025
29733,6483.938019
29734,7160.406024
29735,7120.321935
29736,6975.881912
29737,7337.443005
29738,8202.839559
29739,8136.112424
29740,6956.576777
29741,6398.58143
29742,6665.271817
29743,7462.325275
29744,5921.778212
29745,8389.452249
29746,7078.929913
29747,5981.376178
29748,7115.232175
29749,6444.545421
29750,6470.132466
29751,6171.703623
29752,6115.957717
29753,5428.645406
29754,5211.406087
29755,5677.239108
29756,6292.345153
29757,6670.971848
29758,6910.25697
29759,6131.93374
29760,6938.544226
29761,6309.838108
29762,5468.147169
29763,6638.141485
29764,5782.58099
29765,5378.445146
29766,6471.84799
29767,5949.137084
29768,6359.078268
29769,5581.699305
29770,7889.500371
29771,5356.319157
29772,6365.236134
29773,6271.655584
29774,6304.771041
29775,5953.09272
29776,5311.105958
29777,5261.270075
29778,7302.142349
29779,6227.007844
29780,5326.388782
29781,5871.748438
29782,6443.1036
29783,5616.283114
29784,7298.771711
29785,7814.266166
29786,5888.983419
29787,5244.662545
29788,7462.281672
29789,6020.328981
29790,6408.820945
29791,6310.667904
29792,5007.625594
29793,5131.141425
29794,4605.828192
29795,5102.876345
29796,5325.110717
29797,4461.151465
29798,5450.482361
29799,5508.625771
29800,5072.742865
29801,5161.523211
29802,4525.334361
29803,4538.243622
29804,4538.323907
29805,5500.860077
29806,4545.368176
29807,5169.146069
29808,4552.196454
29809,5206.946191
29810,4553.972238
29811,5073.294853
29812,5187.84085
29813,5197.565825
29814,5219.752859
29815,5259.55588
29816,4536.04311
29817,5203.464056
29818,4564.236138
29819,4582.231704
29820,5348.723698
29821,5782.011839
29822,5270.093273
29823,5048.356986
29824,4458.595858
29825,4902.175001
29826,4508.86227
29827,5179.455113
29828,5120.867502
29829,4480.580062
29830,4523.478966
29831,5024.516291
29832,7215.544163
29833,5566.152571
29834,6710.528652
29835,5469.621044
29836,5605.51222
29837,5701.537083
29838,5406.958642
29839,7420.988289
29840,6526.741079
29841,6471.4038
29842,6635.349976
29843,5647.421312
29844,6682.352365
29845,5505.487724
29846,5393.207405
29847,6865.059942
29848,5318.415143
29849,5328.407319
29850,5632.136501
29851,5645.502281
29852,6169.550164
29853,6644.540985
29854,5359.363347
29855,6767.465727
29856,5214.064364
29857,6617.095285
29858,5352.462612
29859,6254.205778
29860,5202.017275
29861,5418.647058
29862,5393.708687
29863,6656.651978
29864,7353.792449
29865,5325.607026
29866,7534.548555
29867,6805.122211
29868,5414.337094
29869,6215.766349
29870,5435.515141
29871,6486.290887
29872,8573.041289
29873,5977.716775
29874,5915.332402
29875,5709.724327
29876,7240.109029
29877,6118.36076
29878,7112.77505
29879,5746.955199
29880,7127.924336
29881,7189.759935
29882,5810.58705
29883,7140.45785
29884,7124.039902
29885,5778.703806
29886,5987.562739
29887,7204.19243
29888,7135.394443
29889,7325.864699
29890,5921.037508
29891,6042.960784
29892,7167.566706
29893,7393.894315
29894,7357.698405
29895,5812.94401
29896,5794.562724
29897,5905.357176
29898,5734.876308
29899,7162.434336
29900,5877.589412
29901,6086.246346
29902,8536.43005
29903,8679.072426
29904,5724.730624
29905,5797.400031
29906,5784.204881
29907,6894.147467
29908,5753.967677
29909,7330.036158
29910,8538.936905
29911,5805.593383
29912,9375.020814
29913,10000.80625
29914,9199.311522
29915,10113.99033
29916,10022.32405
29917,9466.535657
29918,8884.333056
29919,9144.969157
29920,10125.50086
29921,9904.287317
29922,10193.42582
29923,8952.306587
29924,9024.292069
29925,9473.950175
29926,9789.625358
29927,9044.059802
29928,9740.32791
29929,9671.893264
29930,11098.15735
29931,9982.301046
29932,9814.419809
29933,11140.07482
29934,10956.91531
29935,10242.76218
29936,10498.69172
29937,9646.170705
29938,10461.54985
29939,9805.035817
29940,8892.89003
29941,9159.989871
29942,9850.750893
29943,8922.121148
29944,9286.341927
29945,9747.785677
29946,9976.295801
29947,11298.93411
29948,10173.34374
29949,9821.107771
29950,8883.189556
29951,9586.756803
29952,8956.364218
29953,9934.088573
29954,9800.17607
29955,9446.291929
29956,9478.235698
29957,9308.180981
29958,7421.526676
29959,7635.564262
29960,8031.134547
29961,7812.313399
29962,7866.344082
29963,11429.25715
29964,8143.508689
29965,7555.528101
29966,7983.125769
29967,10528.45774
29968,7971.031664
29969,9701.587267
29970,9454.66776
29971,9706.493925
29972,7925.679445
29973,9771.286543
29974,9991.291735
29975,7895.445732
29976,8023.573441
29977,8027.27921
29978,8141.575442
29979,10173.68357
29980,7879.690862
29981,7879.014051
29982,7878.466179
29983,7525.815771
29984,9961.855635
29985,10246.3623
29986,7979.331128
29987,11486.54399
29988,11592.61958
29989,8026.33825
29990,7739.595978
29991,11232.19487
29992,7958.538514
29993,9264.852095
29994,6068.622895
29995,5668.418559
29996,5407.217863
29997,5961.407889
29998,6314.384922
29999,6744.471176
30000,5286.286085
30001,6386.672564
30002,5565.309171
30003,5715.785703
30004,6279.446441
30005,6328.455058
30006,5938.753776
30007,5513.82164
30008,5436.506297
30009,5202.744143
30010,5847.949529
30011,6871.333336
30012,6085.418566
30013,6219.64293
30014,5819.235788
30015,6869.342065
30016,6193.278417
30017,5414.08051
30018,5330.838214
30019,5757.862112
30020,5314.845678
30021,5353.96724
30022,5774.429268
30023,5875.101355
30024,5685.917929
30025,5336.484707
30026,5908.537141
30027,5259.314702
30028,5444.777859
30029,6007.335701
30030,6169.579025
30031,5969.935015
30032,6562.270008
30033,6518.68871
30034,6483.276877
30035,3885.714946
30036,4305.332087
30037,4076.503677
30038,4450.332843
30039,4050.869832
30040,4002.478835
30041,4191.020079
30042,4065.687351
30043,3781.382548
30044,4153.954139
30045,3902.357147
30046,4639.539083
30047,3795.067123
30048,4031.303677
30049,3831.931861
30050,3828.061229
30051,3793.493275
30052,3986.274172
30053,4116.260349
30054,3950.733562
30055,3738.413972
30056,3692.60908
30057,4065.100652
30058,3725.456599
30059,3844.337031
30060,4607.016159
30061,4461.029283
30062,3938.399161
30063,4583.126908
30064,3727.812156
30065,3946.053336
30066,4257.643686
30067,3957.553234
30068,4070.117347
30069,4016.796524
30070,3806.774018
30071,4029.82507
30072,3884.31281
30073,3964.877603
30074,4478.341277
30075,4169.475472
30076,5952.615772
30077,5991.397786
30078,5262.120916
30079,5120.583488
30080,5699.731416
30081,5982.696557
30082,5998.384565
30083,5127.872739
30084,5952.97254
30085,5948.790824
30086,6140.85281
30087,5314.35687
30088,6812.870543
30089,5918.297737
30090,5211.416923
30091,5427.644943
30092,6593.393993
30093,5892.866738
30094,5623.707431
30095,5932.75239
30096,5282.55399
30097,5258.095233
30098,5931.039341
30099,6586.792965
30100,5487.749794
30101,5440.899282
30102,6005.279627
30103,5758.767333
30104,5953.343043
30105,5860.576588
30106,5299.23643
30107,5296.261063
30108,5076.308556
30109,5087.735626
30110,6033.573447
30111,6572.2919
30112,5279.102694
30113,5289.177107
30114,5139.845382
30115,5304.267744
30116,5346.910696
30117,7977.732446
30118,8165.337556
30119,7879.73713
30120,8019.112722
30121,8035.92834
30122,7865.788653
30123,8492.131422
30124,7093.011297
30125,7496.838068
30126,7936.430813
30127,7184.497441
30128,7306.637256
30129,7344.330508
30130,7108.552815
30131,7653.898637
30132,8088.877761
30133,8418.87238
30134,8628.631615
30135,7084.012755
30136,7978.984432
30137,7153.669938
30138,7924.381115
30139,7324.621751
30140,7157.415133
30141,7383.92421
30142,7133.262754
30143,7320.020103
30144,8040.80476
30145,7635.834509
30146,7384.585441
30147,7732.874011
30148,7094.636651
30149,7126.383743
30150,7361.954336
30151,7264.880521
30152,7086.906374
30153,7081.178592
30154,8484.728265
30155,8182.557661
30156,8024.961564
30157,5022.475803
30158,5206.926399
30159,5360.719297
30160,5050.237909
30161,4512.479359
30162,5560.279344
30163,4996.689754
30164,4534.175396
30165,5113.887484
30166,4596.964251
30167,5909.424267
30168,5164.711622
30169,5563.584941
30170,4744.329496
30171,5152.357886
30172,4559.393453
30173,4518.637717
30174,4991.021979
30175,5027.486252
30176,5478.02424
30177,5020.994902
30178,4559.915999
30179,4264.710337
30180,5233.904246
30181,4735.417459
30182,4701.786775
30183,4529.231429
30184,4633.035313
30185,4569.4077
30186,5692.759064
30187,4467.663346
30188,4612.26944
30189,4987.257318
30190,4476.282137
30191,4863.459969
30192,4154.110432
30193,4976.280098
30194,4288.576623
30195,4356.328936
30196,4412.294215
30197,4231.278205
30198,6655.609963
30199,6296.463588
30200,7944.221867
30201,6625.022723
30202,6295.489493
30203,5255.205936
30204,5529.769825
30205,5221.383798
30206,7908.375824
30207,5171.918182
30208,5457.308925
30209,7738.939418
30210,6716.321225
30211,5572.51397
30212,5255.421244
30213,6698.714287
30214,6497.45228
30215,5275.374388
30216,5337.675733
30217,5238.353616
30218,5419.922091
30219,5249.293861
30220,5332.846284
30221,6762.683086
30222,6340.558847
30223,6786.693896
30224,7960.615325
30225,6799.151379
30226,5158.768446
30227,5203.88514
30228,5427.092122
30229,6303.685259
30230,5708.330897
30231,6362.793241
30232,5296.75621
30233,6363.244414
30234,5410.673378
30235,6612.866589
30236,5186.660031
30237,5314.959177
30238,5376.122124
30239,6310.654967
30240,6518.23276
30241,6208.243023
30242,6326.641381
30243,5655.11904
30244,6929.235133
30245,6234.837593
30246,7052.583922
30247,5610.504025
30248,5547.866169
30249,6129.86024
30250,5605.313345
30251,6950.013652
30252,5594.202678
30253,5829.170782
30254,6641.647824
30255,5699.183857
30256,6130.225424
30257,6852.019221
30258,5697.126513
30259,6271.999551
30260,5647.744064
30261,5590.59212
30262,6742.318297
30263,5543.239985
30264,5408.54865
30265,6133.788888
30266,5371.556247
30267,5417.980783
30268,6124.877167
30269,5679.354375
30270,6486.525148
30271,5574.212696
30272,5487.915428
30273,5551.654492
30274,6153.170599
30275,5549.254273
30276,5605.920087
30277,5758.224038
30278,6432.767524
30279,5597.914024
30280,11731.43928
30281,11142.53301
30282,11009.9065
30283,13982.71215
30284,12156.02045
30285,12288.73458
30286,13660.08448
30287,12315.85298
30288,11342.69315
30289,12784.67532
30290,12036.94265
30291,11159.7615
30292,11004.95189
30293,11645.21738
30294,12270.22036
30295,12558.73832
30296,12359.97363
30297,11125.23421
30298,10972.3197
30299,13767.70569
30300,12464.36787
30301,12251.2325
30302,10999.72525
30303,12469.92729
30304,12270.32942
30305,11067.0448
30306,11297.74756
30307,11039.87221
30308,12340.49982
30309,11973.1508
30310,11020.62373
30311,12222.42731
30312,11098.82611
30313,11703.18803
30314,11379.34948
30315,12491.2483
30316,11029.15389
30317,12377.63449
30318,11774.88763
30319,13818.83623
30320,9465.934977
30321,7021.529993
30322,9507.905042
30323,8004.222517
30324,7056.780692
30325,7838.695117
30326,7341.482384
30327,8170.646855
30328,6696.012016
30329,7330.03626
30330,9917.182421
30331,7858.518995
30332,8114.737637
30333,8004.135764
30334,7826.333342
30335,6667.801686
30336,7364.529198
30337,8319.126815
30338,7851.364399
30339,7324.462512
30340,8371.191517
30341,7973.49639
30342,6720.080746
30343,8231.709751
30344,8073.499254
30345,6551.863357
30346,7218.294243
30347,7929.762036
30348,8063.828057
30349,7347.99684
30350,6838.408551
30351,6685.404851
30352,8325.16102
30353,6841.23015
30354,7890.821598
30355,7205.457859
30356,6871.980401
30357,7011.545395
30358,6883.250202
30359,6806.740476
30360,9712.227853
30361,5388.668434
30362,6186.442042
30363,6204.015332
30364,6808.582165
30365,6331.917802
30366,4981.858367
30367,5034.289529
30368,6200.530378
30369,6194.366678
30370,5626.913058
30371,4946.321219
30372,5450.865589
30373,6333.202244
30374,5332.865484
30375,5359.17035
30376,5571.646711
30377,7045.175512
30378,6279.34263
30379,6785.068896
30380,6198.219774
30381,6171.421984
30382,6332.816168
30383,5610.048826
30384,5453.429557
30385,5145.267302
30386,5235.53809
30387,6515.719786
30388,6651.914083
30389,5571.693648
30390,4883.807416
30391,5351.027071
30392,5438.105478
30393,5383.358556
30394,6331.061988
30395,5491.672605
30396,5364.759086
30397,6820.64816
30398,5479.638129
30399,6266.090819
30400,6159.218446
30401,4967.570509
30402,7371.401587
30403,6583.627121
30404,8134.922224
30405,6986.283268
30406,7122.552272
30407,5967.867018
30408,7144.255447
30409,7249.968678
30410,7462.491481
30411,6457.212614
30412,6529.598901
30413,7998.558606
30414,5863.539531
30415,6159.888168
30416,7894.522486
30417,6628.673165
30418,7608.873381
30419,7962.098506
30420,8301.952881
30421,7456.481098
30422,6579.4869
30423,6575.961737
30424,7516.530697
30425,6395.611098
30426,7236.174066
30427,6522.020281
30428,6321.021137
30429,6533.405601
30430,7702.679702
30431,6623.583569
30432,5953.800518
30433,6540.975428
30434,6334.051371
30435,6101.131901
30436,5984.125713
30437,6366.998897
30438,8229.905777
30439,6575.073778
30440,7320.448848
30441,7121.284913
30442,6397.64952
30443,4750.858107
30444,4462.972226
30445,4411.970675
30446,5034.806841
30447,4754.852042
30448,5153.009712
30449,4751.087465
30450,5060.334378
30451,5427.112823
30452,4756.456975
30453,5470.402314
30454,4838.442358
30455,4441.863203
30456,5124.354177
30457,5068.887146
30458,5007.346403
30459,4392.224808
30460,4320.203224
30461,5061.84037
30462,5592.205365
30463,4930.362265
30464,5203.599824
30465,4358.974916
30466,4852.401505
30467,4781.854333
30468,4345.855083
30469,4351.957099
30470,4407.961026
30471,4373.46529
30472,4395.751373
30473,5013.411275
30474,4970.003364
30475,5463.487691
30476,4349.447936
30477,4788.914533
30478,4330.85284
30479,4941.41746
30480,4372.539964
30481,5071.598864
30482,4366.720377
30483,8549.057758
30484,9608.786596
30485,7424.511859
30486,8243.858002
30487,9032.835031
30488,9390.708304
30489,7419.841844
30490,8143.93553
30491,8937.84374
30492,8066.207524
30493,7594.196238
30494,9562.920701
30495,10562.77129
30496,9205.210522
30497,8204.196247
30498,9586.303098
30499,8874.73781
30500,8614.882451
30501,8922.128427
30502,8392.132805
30503,8198.212315
30504,8949.590228
30505,8214.405174
30506,9585.72302
30507,7899.012634
30508,7568.372887
30509,10569.14755
30510,7422.983273
30511,10237.94594
30512,8346.14019
30513,10221.94351
30514,8361.299465
30515,8255.690813
30516,9284.312932
30517,8135.523999
30518,9050.301534
30519,8205.525286
30520,9021.125303
30521,7395.493197
30522,8699.456199
30523,9411.068747
30524,6096.241302
30525,5942.091423
30526,6566.508326
30527,6802.22078
30528,6019.733422
30529,5534.167519
30530,5705.753274
30531,5437.06345
30532,5159.634808
30533,5475.877084
30534,5132.740836
30535,6127.662308
30536,5821.984022
30537,5233.863263
30538,6094.459931
30539,6021.515013
30540,5207.716329
30541,6071.654723
30542,5205.971237
30543,6525.427506
30544,5218.72314
30545,5150.609918
30546,6102.423393
30547,5622.273164
30548,5283.612727
30549,5228.851644
30550,5162.346014
30551,5509.76649
30552,5401.335304
30553,5335.545204
30554,6845.510545
30555,6479.297981
30556,5274.158964
30557,6522.7892
30558,5219.503701
30559,6704.330353
30560,6072.846383
30561,6015.233765
30562,5226.035881
30563,6818.013048
30564,6097.135862
30565,10376.88177
30566,10082.69074
30567,14045.49581
30568,12687.14988
30569,12184.14114
30570,11378.36713
30571,13272.65358
30572,14434.03654
30573,13137.37228
30574,13694.58542
30575,13541.40224
30576,10899.39774
30577,14250.42218
30578,14064.80692
30579,10475.92635
30580,11150.07751
30581,12353.14615
30582,10502.62219
30583,11278.11042
30584,11193.17
30585,11115.58227
30586,12874.19892
30587,11110.61734
30588,14628.69318
30589,11247.50845
30590,11407.25695
30591,13179.54078
30592,11320.86524
30593,12666.00195
30594,15044.41756
30595,11241.53006
30596,11269.5874
30597,11335.68126
30598,11365.39781
30599,14347.16136
30600,14065.44937
30601,13664.08291
30602,10370.17908
30603,11846.56849
30604,11272.61306
30605,10350.47594
30606,5801.532994
30607,7594.182033
30608,6532.530168
30609,6407.864577
30610,6943.844325
30611,6667.641359
30612,5758.168454
30613,5757.885365
30614,5643.224147
30615,7021.090105
30616,6523.966636
30617,6711.443067
30618,5803.236565
30619,6175.392359
30620,6519.722801
30621,5802.489335
30622,6770.000007
30623,6551.216888
30624,6908.078902
30625,6139.380993
30626,6598.316786
30627,5895.878031
30628,6488.81793
30629,6581.246285
30630,6696.642893
30631,6825.737665
30632,6721.066939
30633,6366.807429
30634,7732.289647
30635,7647.744583
30636,6784.368958
30637,6715.294511
30638,5618.46315
30639,5721.366935
30640,6404.463808
30641,5734.857079
30642,5835.61137
30643,5830.553292
30644,6775.295139
30645,7592.36101
30646,6165.302285
30647,5260.269466
30648,4747.885237
30649,4800.932005
30650,5644.04465
30651,4910.001745
30652,5442.320834
30653,4785.534107
30654,4597.854806
30655,4844.855062
30656,5637.186982
30657,4568.207619
30658,4888.471599
30659,5003.388956
30660,5470.554854
30661,5796.906507
30662,5884.053695
30663,5821.330799
30664,4928.491571
30665,4976.103327
30666,5412.053505
30667,5686.59827
30668,5222.121018
30669,5751.373429
30670,5490.630316
30671,4726.899092
30672,4903.321926
30673,6352.074649
30674,5407.939404
30675,6439.44611
30676,5795.648338
30677,4857.560298
30678,4985.18609
30679,6597.599876
30680,4888.654646
30681,5509.426979
30682,5085.273961
30683,5773.557375
30684,5896.062354
30685,5025.856911
30686,6229.511955
30687,5189.346107
30688,4547.97838
30689,4533.854307
30690,4490.757141
30691,5817.697095
30692,4389.317909
30693,5412.608367
30694,4509.736705
30695,4403.21224
30696,5985.391932
30697,6618.843889
30698,4577.823605
30699,5859.476846
30700,4296.539427
30701,5696.494027
30702,5788.29286
30703,4500.295075
30704,4383.641121
30705,4596.118797
30706,5679.47176
30707,4685.377924
30708,4773.958717
30709,4541.271392
30710,5354.715653
30711,5644.839309
30712,4708.92923
30713,4385.604932
30714,5672.576394
30715,6463.459115
30716,5388.403837
30717,6544.290862
30718,4762.487443
30719,4426.24189
30720,5589.769585
30721,4635.769999
30722,5549.940764
30723,5286.398879
30724,4820.11302
30725,6548.922041
30726,5667.161852
30727,4930.453459
30728,4454.309732
30729,3415.6033
30730,3454.25693
30731,3501.4447
30732,3332.68639
30733,2785.894106
30734,4183.687436
30735,3981.31867
30736,2808.211959
30737,4239.632183
30738,3909.594133
30739,2934.131314
30740,4196.789506
30741,4581.456831
30742,3886.153914
30743,3474.924164
30744,3341.254669
30745,3690.429824
30746,4053.966485
30747,3741.457724
30748,3972.455558
30749,3366.106584
30750,3445.168825
30751,4077.494547
30752,3794.193209
30753,4342.583121
30754,2687.925256
30755,3842.74979
30756,3304.723523
30757,3153.98761
30758,4397.872794
30759,2725.666574
30760,2755.273698
30761,3659.198112
30762,3438.586293
30763,3451.752845
30764,2706.870454
30765,4099.361841
30766,3899.958339
30767,3744.751732
30768,4321.01007
30769,3820.395095
30770,6665.721644
30771,7866.061336
30772,6802.268627
30773,6689.70527
30774,5846.97114
30775,7510.50911
30776,5626.802387
30777,5664.093068
30778,8058.321719
30779,7507.550903
30780,7942.363388
30781,8625.399547
30782,6837.923369
30783,7411.432015
30784,7193.511162
30785,6821.978948
30786,6701.210135
30787,7991.336126
30788,7553.71805
30789,7706.943797
30790,6746.530027
30791,6651.05903
30792,5558.792927
30793,7882.119281
30794,5588.35556
30795,8196.57108
30796,7085.324049
30797,6850.726106
30798,6944.975692
30799,6744.03154
30800,8143.763513
30801,5639.971257
30802,7659.467735
30803,5882.283327
30804,8444.952124
30805,6899.934037
30806,8035.717302
30807,7622.158079
30808,7329.89544
30809,7264.059045
30810,7210.823409
30811,17918.61532
30812,18115.68918
30813,19850.03355
30814,17998.49889
30815,19405.78336
30816,21076.35539
30817,20546.53097
30818,19392.05944
30819,21224.99543
30820,19949.41876
30821,18166.66413
30822,18131.83653
30823,19895.45743
30824,21242.52747
30825,21166.09699
30826,18433.60947
30827,19347.8881
30828,19720.94893
30829,18380.23799
30830,17933.84621
30831,21185.90586
30832,20250.50573
30833,20188.87385
30834,19921.63165
30835,18528.76411
30836,21278.21985
30837,19800.23043
30838,18262.6312
30839,18618.34451
30840,19375.40177
30841,19275.89687
30842,18917.83884
30843,19989.38932
30844,20248.48007
30845,19727.03294
30846,21298.21781
30847,21123.26652
30848,18073.80777
30849,20009.67664
30850,19314.65982
30851,3809.023413
30852,4280.614357
30853,3677.90999
30854,4624.841789
30855,3642.046301
30856,4602.506364
30857,3579.388033
30858,3693.861221
30859,3669.534588
30860,4648.457407
30861,3086.178899
30862,3719.930795
30863,3227.884944
30864,4574.979795
30865,3770.853338
30866,4929.986387
30867,5235.277808
30868,4870.057106
30869,3024.969257
30870,3718.837975
30871,3703.690923
30872,4227.837812
30873,4401.918848
30874,4197.392545
30875,3112.432398
30876,3295.305539
30877,4245.08498
30878,5156.635676
30879,5610.872565
30880,3885.499466
30881,3081.458107
30882,4639.741691
30883,3713.724306
30884,3696.570284
30885,3804.156988
30886,5208.260912
30887,3853.167572
30888,4578.924919
30889,4326.032611
30890,3230.255476
30891,4412.7165
30892,4394.161947
30893,4960.04939
30894,4404.942965
30895,4421.216812
30896,5178.001937
30897,4468.973258
30898,4789.961599
30899,4905.741574
30900,4834.679002
30901,4719.974814
30902,4739.808634
30903,4401.17914
30904,4959.73368
30905,4506.577187
30906,5545.157713
30907,5383.278716
30908,4445.045801
30909,4880.311559
30910,4618.159169
30911,4418.939225
30912,4849.646649
30913,4467.438941
30914,4436.844053
30915,4915.751157
30916,4407.521538
30917,4833.199094
30918,4859.473549
30919,5059.153737
30920,4855.892074
30921,4966.216681
30922,4906.274552
30923,5167.503825
30924,4984.87665
30925,5217.325771
30926,5387.820662
30927,5025.427288
30928,4852.025532
30929,4748.832982
30930,5093.377185
30931,5887.945204
30932,5029.123694
30933,7441.527627
30934,8495.130688
30935,10309.35848
30936,8292.725444
30937,9832.381801
30938,8675.149197
30939,8360.913617
30940,7971.171466
30941,8308.695708
30942,8972.436886
30943,8423.290493
30944,9441.070378
30945,8154.857424
30946,9458.052254
30947,8521.729441
30948,7991.772947
30949,7450.986836
30950,8332.430501
30951,10326.14751
30952,7722.713578
30953,7481.765131
30954,9362.292144
30955,9562.667279
30956,8291.463216
30957,11495.99878
30958,8719.451657
30959,9523.736384
30960,7447.95641
30961,11172.20317
30962,9529.43741
30963,11801.97807
30964,9796.041638
30965,9427.768335
30966,7785.546963
30967,9739.460854
30968,9649.166209
30969,11046.57626
30970,7482.27104
30971,10339.15769
30972,8768.828738
30973,9761.406327
30974,6863.967756
30975,6167.073239
30976,6935.249979
30977,6155.006173
30978,6277.120509
30979,6156.433976
30980,6294.531273
30981,6444.04368
30982,7086.929941
30983,6870.896479
30984,6860.336647
30985,6783.748975
30986,6143.118731
30987,6119.522029
30988,7143.682906
30989,6339.622368
30990,6273.038101
30991,6204.565613
30992,7296.855192
30993,7154.345606
30994,7059.469155
30995,8110.738994
30996,6857.37235
30997,8124.948334
30998,6170.616655
30999,7319.721154
31000,6847.756137
31001,6899.808547
31002,7444.040301
31003,7733.088297
31004,6696.858205
31005,6953.215393
31006,7100.422348
31007,6110.550429
31008,7724.957694
31009,7411.568969
31010,7056.774273
31011,6797.973335
31012,6756.384776
31013,6148.084222
31014,6852.032676
31015,6900.962798
31016,10663.4096
31017,5919.96746
31018,7151.432063
31019,7300.173144
31020,6875.547579
31021,7696.241502
31022,11017.81031
31023,9182.298544
31024,7092.22419
31025,6246.574738
31026,5957.18552
31027,6693.032258
31028,6847.858693
31029,6877.24652
31030,7003.243786
31031,6287.467412
31032,7270.729687
31033,6734.487172
31034,7983.801899
31035,7664.498443
31036,6325.172513
31037,8979.924248
31038,8162.751238
31039,6420.457881
31040,6862.717353
31041,6112.14413
31042,6533.987712
31043,6772.172425
31044,6050.861866
31045,5907.425872
31046,11062.92822
31047,6949.174187
31048,6845.628546
31049,6414.04531
31050,6074.030503
31051,6324.432375
31052,5704.05978
31053,8918.666224
31054,6662.791833
31055,7194.739715
31056,8085.364294
31057,7285.827772
31058,7340.084418
31059,7437.520343
31060,7455.983886
31061,8338.222164
31062,8311.091437
31063,7433.166161
31064,7314.278431
31065,8176.434881
31066,8084.810812
31067,7313.89975
31068,7462.260763
31069,8477.777249
31070,8416.83743
31071,8374.148632
31072,8475.709786
31073,7385.723608
31074,9306.85541
31075,7311.119662
31076,9549.78601
31077,7338.75475
31078,7991.782115
31079,9592.223755
31080,9044.177499
31081,7499.349807
31082,9741.103779
31083,9095.389615
31084,8287.54294
31085,8142.141237
31086,7365.389929
31087,8362.108048
31088,8282.239892
31089,7989.730241
31090,7575.09086
31091,8461.498532
31092,8006.238384
31093,8216.760159
31094,8550.687428
31095,8513.055241
31096,8352.797553
31097,5460.539496
31098,5585.655713
31099,5616.812699
31100,5646.805612
31101,6101.190129
31102,5734.11519
31103,5423.689473
31104,5460.140786
31105,5362.584984
31106,6122.891872
31107,5417.370617
31108,5484.252184
31109,5429.670159
31110,7666.074909
31111,5386.266243
31112,5533.436628
31113,5458.403567
31114,6550.271461
31115,5606.7577
31116,6529.924286
31117,10685.66371
31118,6094.256327
31119,7602.317848
31120,6143.119926
31121,6113.300425
31122,6181.535084
31123,5436.398574
31124,7700.624795
31125,6508.929798
31126,5175.538449
31127,6165.286495
31128,5722.160553
31129,6633.188894
31130,5275.129195
31131,5387.559626
31132,7056.42139
31133,5571.26105
31134,6632.146637
31135,6228.827525
31136,5804.612693
31137,6737.150609
31138,5084.188468
31139,5342.855578
31140,6043.480151
31141,5188.725199
31142,5686.594514
31143,5514.507418
31144,5769.595248
31145,5032.169758
31146,5637.351172
31147,6069.268997
31148,5165.131502
31149,6017.843144
31150,5129.984286
31151,6018.26586
31152,5864.379473
31153,5905.517379
31154,5334.197894
31155,5029.041146
31156,5832.5123
31157,5849.911673
31158,6038.68844
31159,5383.521005
31160,5133.537037
31161,5357.713814
31162,5042.283871
31163,5720.67849
31164,6040.044687
31165,5904.088343
31166,5735.031802
31167,5780.026404
31168,5026.114447
31169,5147.059544
31170,5570.331856
31171,5512.649715
31172,5035.42227
31173,5050.478594
31174,5851.27657
31175,5052.36394
31176,5050.492343
31177,5602.501786
31178,4224.52751
31179,4155.495976
31180,5163.257128
31181,4105.649075
31182,3625.620836
31183,3641.128398
31184,3847.787149
31185,4788.971666
31186,4782.864277
31187,5129.612448
31188,4695.930486
31189,5420.262582
31190,4723.356112
31191,5425.379898
31192,4296.021676
31193,4170.316787
31194,4301.506947
31195,5322.701832
31196,4564.588632
31197,4291.880118
31198,3586.776633
31199,4161.063094
31200,5957.284938
31201,4153.772649
31202,4779.734464
31203,4221.24302
31204,4796.950764
31205,3734.924131
31206,4631.529689
31207,4786.570629
31208,4739.259596
31209,4206.761549
31210,4616.259974
31211,3812.561954
31212,3882.558154
31213,5164.660794
31214,4113.142096
31215,4058.708013
31216,5057.395243
31217,4100.671693
31218,4146.64276
31219,8651.547484
31220,8533.743343
31221,8666.689142
31222,9628.903789
31223,9720.934312
31224,8339.313987
31225,8356.820697
31226,10175.20087
31227,10525.88954
31228,8618.830821
31229,9295.779056
31230,8554.279103
31231,8927.016266
31232,8680.104488
31233,8317.024627
31234,9797.521387
31235,10791.29634
31236,8958.469335
31237,10889.40819
31238,8573.916091
31239,8989.497138
31240,9639.165563
31241,9482.384691
31242,8674.686386
31243,9534.936708
31244,10250.18683
31245,11043.37725
31246,8760.997581
31247,8593.144534
31248,8286.747054
31249,8768.783208
31250,9010.107042
31251,8772.276776
31252,10128.00401
31253,8622.243882
31254,9590.688453
31255,9436.243238
31256,8551.917578
31257,9596.40843
31258,9983.384214
31259,9694.646166
31260,6030.764946
31261,5278.488449
31262,5191.081952
31263,4717.285069
31264,6359.993254
31265,5353.34156
31266,6951.621749
31267,5294.256531
31268,6022.645426
31269,5378.292806
31270,4792.208964
31271,6878.641127
31272,6993.780026
31273,5954.903826
31274,5245.665212
31275,5406.648367
31276,5847.989305
31277,6224.821272
31278,6254.549608
31279,6055.888502
31280,6519.093906
31281,4718.75998
31282,5226.570203
31283,5271.790523
31284,5326.742389
31285,6883.091557
31286,5288.638934
31287,5334.187439
31288,6039.527837
31289,6263.413876
31290,5275.193854
31291,5977.520344
31292,5312.014809
31293,4797.256683
31294,6075.154654
31295,5403.628553
31296,4852.263059
31297,4681.932157
31298,5994.720138
31299,6007.060112
31300,4815.230994
31301,7847.445496
31302,8076.959764
31303,7492.672045
31304,7829.818326
31305,6459.760113
31306,7305.97953
31307,7112.23809
31308,6448.488361
31309,7560.468828
31310,6469.493893
31311,6794.83787
31312,8272.609934
31313,6638.277885
31314,7368.251745
31315,6428.703247
31316,6543.194576
31317,7480.216625
31318,6587.062231
31319,6449.409362
31320,7797.416005
31321,6549.685937
31322,7330.695082
31323,7168.946077
31324,6625.291035
31325,7223.606751
31326,7454.391711
31327,6761.997814
31328,6616.093174
31329,7858.080682
31330,6455.644149
31331,6368.795105
31332,7063.973
31333,6392.775636
31334,6399.912869
31335,6893.426586
31336,6535.276459
31337,6674.869632
31338,6559.19255
31339,7226.731947
31340,6388.48037
31341,7226.976057
31342,8152.246617
31343,8012.931933
31344,6907.671957
31345,7737.755555
31346,7068.331865
31347,7073.358858
31348,7070.274042
31349,6912.776425
31350,8991.98735
31351,8447.062649
31352,8726.887961
31353,8724.916097
31354,7065.834989
31355,6977.882428
31356,7935.584818
31357,7569.607935
31358,8623.09458
31359,8249.203841
31360,7278.357852
31361,7724.008397
31362,7874.144869
31363,7147.820843
31364,7024.715167
31365,8598.321817
31366,7032.998035
31367,7971.282932
31368,8437.626399
31369,7058.275691
31370,8550.124443
31371,8052.007333
31372,7181.096211
31373,8967.735611
31374,8300.616731
31375,6933.336999
31376,7944.621138
31377,8604.13801
31378,7147.324606
31379,7842.529249
31380,8302.259498
31381,7821.573079
31382,7733.347204
31383,4838.793954
31384,4450.213705
31385,5028.128544
31386,5037.029018
31387,4523.40363
31388,4492.171181
31389,4948.470413
31390,4478.761914
31391,4410.442896
31392,4412.32214
31393,4973.312709
31394,4769.816373
31395,4454.062674
31396,4678.208417
31397,4637.896865
31398,4782.28606
31399,4431.314971
31400,5044.390898
31401,4487.54903
31402,4585.807261
31403,5473.745671
31404,4992.155719
31405,4775.887226
31406,4573.367417
31407,4994.709521
31408,4587.938569
31409,5189.733376
31410,4949.247733
31411,4462.53067
31412,4684.027917
31413,5055.613341
31414,4972.070237
31415,4513.049912
31416,5608.079131
31417,4777.538799
31418,5573.025016
31419,4823.851005
31420,4459.141921
31421,4959.846275
31422,5543.161775
31423,7257.70087
31424,7766.13898
31425,8221.167459
31426,7858.156928
31427,7871.267889
31428,7444.312884
31429,8154.806778
31430,7598.606184
31431,7972.371221
31432,8120.584878
31433,7392.863896
31434,8124.238349
31435,7936.531362
31436,8115.133754
31437,7203.481081
31438,7705.259906
31439,7164.8647
31440,8031.825842
31441,8114.87958
31442,7970.988598
31443,8653.531432
31444,7649.886075
31445,7591.633528
31446,7301.8654
31447,7484.691056
31448,7290.676168
31449,8064.186394
31450,8699.078862
31451,7294.715014
31452,8645.377436
31453,8773.277114
31454,7615.030144
31455,7589.347635
31456,7371.301115
31457,7618.41511
31458,7350.511528
31459,7241.888446
31460,7893.174713
31461,7462.421786
31462,7258.663646
31463,5888.611713
31464,6589.373292
31465,6184.547729
31466,6078.408917
31467,5495.40595
31468,6322.884894
31469,6055.198194
31470,5255.044834
31471,6257.897202
31472,7071.719932
31473,5363.869015
31474,6109.916785
31475,5450.154401
31476,6118.914316
31477,6110.054153
31478,6390.627026
31479,6024.833976
31480,5239.776888
31481,6496.195332
31482,6124.404351
31483,5959.099762
31484,6397.199896
31485,6802.521158
31486,6109.336375
31487,6071.348412
31488,5498.391471
31489,6695.003788
31490,5824.431637
31491,5396.055444
31492,5305.09894
31493,6075.414044
31494,5786.747469
31495,5572.604037
31496,6533.202996
31497,5909.571583
31498,5294.164575
31499,5780.340073
31500,5395.590264
31501,6511.857798
31502,6744.964103
31503,5279.77082
31504,3484.215183
31505,3403.974001
31506,3400.781877
31507,3412.291114
31508,3447.659677
31509,3464.815643
31510,3795.60986
31511,3523.411371
31512,3463.250245
31513,3291.537552
31514,3543.771292
31515,3982.400109
31516,3715.832866
31517,3541.052652
31518,3884.187879
31519,3516.769574
31520,3896.568131
31521,4116.347574
31522,4064.206728
31523,3398.51904
31524,3721.637082
31525,3887.427912
31526,4129.914513
31527,4066.83862
31528,3400.98993
31529,3474.685729
31530,3556.283265
31531,3944.291063
31532,4105.511817
31533,3964.654651
31534,3488.030111
31535,3353.351259
31536,3399.803414
31537,3460.546124
31538,3466.979228
31539,4140.181733
31540,4078.460636
31541,4127.908022
31542,3984.975315
31543,4016.443116
31544,3571.882878
31545,8825.109194
31546,8378.411279
31547,9208.251802
31548,8974.336145
31549,8277.004959
31550,8182.582093
31551,7886.191195
31552,8623.106534
31553,8813.675388
31554,7574.509147
31555,8420.379439
31556,9146.300487
31557,9268.789444
31558,8667.693325
31559,8694.543979
31560,7190.389388
31561,7148.205008
31562,8563.764228
31563,7183.264912
31564,7399.36671
31565,7964.437286
31566,7886.807114
31567,8702.590628
31568,8004.155312
31569,7909.020589
31570,7948.510409
31571,9875.305456
31572,8141.885893
31573,9366.905615
31574,8695.530415
31575,7018.916183
31576,8819.389324
31577,8406.43831
31578,7970.257429
31579,8799.138095
31580,7137.359688
31581,8637.86872
31582,7872.665805
31583,7867.290441
31584,9591.470646
31585,10394.23783
31586,8616.69722
31587,5352.529076
31588,7504.270933
31589,9121.820205
31590,7845.602785
31591,7442.357341
31592,8268.983478
31593,9357.626371
31594,5260.015319
31595,7580.910326
31596,8951.723226
31597,8416.285011
31598,5009.865514
31599,8856.192136
31600,9908.122413
31601,8679.514544
31602,8466.710289
31603,7400.123256
31604,4993.192456
31605,8517.313257
31606,9015.941452
31607,8449.385743
31608,8909.47286
31609,7095.425234
31610,9506.584561
31611,5257.139543
31612,7717.02163
31613,10041.68486
31614,8234.141127
31615,8525.906039
31616,7434.876262
31617,8526.972453
31618,5451.694501
31619,7993.814259
31620,8586.411066
31621,8538.213177
31622,7825.049255
31623,8736.019662
31624,5423.622928
31625,8073.961731
31626,9530.529261
31627,7925.510153
31628,8562.695242
31629,9077.404443
31630,9142.098733
31631,7529.386344
31632,7763.142634
31633,8514.408275
31634,3597.334213
31635,4109.695563
31636,4693.364517
31637,4499.481966
31638,4191.929566
31639,4769.757549
31640,3495.009727
31641,4016.584282
31642,4035.977101
31643,4596.008125
31644,3494.504962
31645,3940.817735
31646,3636.310614
31647,4724.505036
31648,4449.647694
31649,4873.21392
31650,3911.354799
31651,4198.011372
31652,3484.774715
31653,4423.423178
31654,4549.26236
31655,3995.197323
31656,4650.453042
31657,4930.050897
31658,3945.765216
31659,4943.078198
31660,4162.067899
31661,4021.742306
31662,4658.955785
31663,4060.3336
31664,4561.068481
31665,4967.844166
31666,4513.202998
31667,3491.270571
31668,4051.386787
31669,3996.704761
31670,3922.272166
31671,4625.609961
31672,4507.162428
31673,3474.225585
31674,4502.889438
31675,8226.49343
31676,7829.800783
31677,7970.941773
31678,7910.741686
31679,8147.453321
31680,7534.737361
31681,7066.967779
31682,8170.06061
31683,8012.92412
31684,7955.383572
31685,7432.216375
31686,7920.534117
31687,8129.18636
31688,6915.498489
31689,7053.431023
31690,6965.725793
31691,8119.451956
31692,8260.135126
31693,6972.979956
31694,7737.169435
31695,7921.380704
31696,7885.143626
31697,8302.621873
31698,8690.430191
31699,8626.0153
31700,6883.593998
31701,7038.017346
31702,7134.444027
31703,6944.127571
31704,8858.350321
31705,7146.296877
31706,7029.458008
31707,8703.184608
31708,8217.166552
31709,7671.007272
31710,7815.88171
31711,7903.498761
31712,7792.341383
31713,7738.376656
31714,7304.59174
31715,6999.281827
31716,6902.362109
31717,7247.592261
31718,7430.721303
31719,6505.135256
31720,6310.533179
31721,6346.080587
31722,7155.076802
31723,6057.097764
31724,7448.451324
31725,7397.408821
31726,6849.522617
31727,6268.035406
31728,7904.683442
31729,7575.621928
31730,7683.521161
31731,6615.455308
31732,7163.971489
31733,6393.249372
31734,7403.167107
31735,6030.635856
31736,7451.475207
31737,6150.716032
31738,6150.743378
31739,7160.148153
31740,6502.952826
31741,7076.420567
31742,8245.119666
31743,8210.764441
31744,6059.867574
31745,6431.831245
31746,6491.263171
31747,6117.71146
31748,7412.470354
31749,6553.586085
31750,7024.16669
31751,6038.695585
31752,6167.440615
31753,6432.454559
31754,7083.692446
31755,6518.696206
31756,8409.678115
31757,4447.395843
31758,4937.1966
31759,4818.779231
31760,4845.2874
31761,4454.170947
31762,4918.980121
31763,4241.761132
31764,4373.367595
31765,4313.156423
31766,4588.363508
31767,4496.464323
31768,4818.21827
31769,4473.140352
31770,4938.070574
31771,4615.555038
31772,4921.277063
31773,3237.869788
31774,4451.073205
31775,5292.07136
31776,4850.314966
31777,4801.396648
31778,4816.191756
31779,4417.113858
31780,3229.85188
31781,5353.69683
31782,5477.34158
31783,4866.71743
31784,4488.474315
31785,4212.453282
31786,4722.520134
31787,3224.984119
31788,4752.246534
31789,3233.299676
31790,4908.048297
31791,4566.34701
31792,4240.898752
31793,4486.556046
31794,4386.030054
31795,4393.607803
31796,4448.466338
31797,4816.087718
31798,4398.90019
31799,3288.279906
31800,5508.338483
31801,4594.003905
31802,3406.765527
31803,4685.584926
31804,3273.644146
31805,9199.845985
31806,9958.960743
31807,9050.474032
31808,9729.842273
31809,10910.91171
31810,9216.096742
31811,9646.361489
31812,8443.836091
31813,8798.42785
31814,9571.159935
31815,8655.848463
31816,9711.571903
31817,11122.20024
31818,9565.475198
31819,9726.913032
31820,9915.129336
31821,8482.419605
31822,8295.942668
31823,9352.14964
31824,8650.493842
31825,9250.375015
31826,9742.158587
31827,9794.634897
31828,8404.964093
31829,8361.535909
31830,9805.211437
31831,9244.500046
31832,9102.787279
31833,9886.818439
31834,9597.457831
31835,9349.338786
31836,8303.754142
31837,8423.908606
31838,9744.169057
31839,8542.828841
31840,9605.287425
31841,10873.10098
31842,9432.600444
31843,9418.115392
31844,11676.17564
31845,9202.849766
31846,5872.524878
31847,7159.840092
31848,6449.216636
31849,7185.277804
31850,5778.793013
31851,6953.295206
31852,5896.682335
31853,5657.997221
31854,5716.743444
31855,6384.24875
31856,6771.02517
31857,6803.10499
31858,5851.544922
31859,5794.612658
31860,7207.720849
31861,7508.912723
31862,6112.031073
31863,6603.214023
31864,5869.164794
31865,6494.165742
31866,6734.555373
31867,6589.955497
31868,6436.486615
31869,6878.518047
31870,5800.084837
31871,6448.745145
31872,5834.473395
31873,5998.01847
31874,7247.379648
31875,7243.815142
31876,7351.304717
31877,6834.034637
31878,6588.404852
31879,7794.016744
31880,7251.815216
31881,5906.322278
31882,5735.474554
31883,7419.362879
31884,6018.997181
31885,6427.275363
31886,7218.675317
31887,7991.569323
31888,8305.867831
31889,7378.789762
31890,8803.619924
31891,8229.607423
31892,8924.980314
31893,9166.304762
31894,7523.39898
31895,8958.370894
31896,8465.888744
31897,8283.228407
31898,7678.199013
31899,7797.213698
31900,7711.03148
31901,8214.058329
31902,7451.340583
31903,8429.686179
31904,8264.516847
31905,7635.75286
31906,7641.905159
31907,7526.201032
31908,7445.763906
31909,7347.045871
31910,7656.961763
31911,8190.527823
31912,7598.142513
31913,7625.080714
31914,8877.83694
31915,7586.287823
31916,7689.939056
31917,7697.152414
31918,8417.479701
31919,8538.038288
31920,9263.131201
31921,8020.624557
31922,7403.055699
31923,8296.246952
31924,9408.534604
31925,7787.133249
31926,9041.166494
31927,7528.486989
31928,4634.064313
31929,4748.525673
31930,4835.116041
31931,4826.62777
31932,5281.173307
31933,4330.568981
31934,4335.396172
31935,4570.54491
31936,4520.625248
31937,4352.538955
31938,4745.132143
31939,4432.340483
31940,4505.077807
31941,4410.551648
31942,4714.336089
31943,4320.081275
31944,4602.311199
31945,4724.50114
31946,4871.757791
31947,4744.398916
31948,5139.411563
31949,4484.460375
31950,4301.815091
31951,4205.092771
31952,4835.788269
31953,4677.083673
31954,5431.086049
31955,5240.876381
31956,4527.934307
31957,4842.314717
31958,4428.860493
31959,4804.324683
31960,4764.210187
31961,4879.861962
31962,4312.304604
31963,4302.807031
31964,5272.498119
31965,4765.912908
31966,4254.570782
31967,4554.378932
31968,5454.762499
31969,4470.688252
31970,5398.145069
31971,5214.428854
31972,4445.824302
31973,5160.002324
31974,4441.902499
31975,5745.665506
31976,4275.009745
31977,5079.875365
31978,5062.52791
31979,4313.739361
31980,4621.095908
31981,4246.299204
31982,4491.961232
31983,5124.477881
31984,4212.105424
31985,6288.066709
31986,5931.854761
31987,4419.946715
31988,4221.427918
31989,5440.704172
31990,5124.314662
31991,4401.835318
31992,5152.055116
31993,4561.575546
31994,4188.825579
31995,5201.94795
31996,4378.99211
31997,5105.703048
31998,4673.808602
31999,4572.741822
32000,4313.685571
32001,4334.077458
32002,5778.740115
32003,5334.396717
32004,6256.303087
32005,4674.339686
32006,6083.464996
32007,5555.139004
32008,4335.672317
32009,4432.069086
32010,6878.393951
32011,7001.947537
32012,6571.820748
32013,6876.437356
32014,6235.618678
32015,5634.613155
32016,6300.42658
32017,5867.767668
32018,6219.070423
32019,5724.648844
32020,6336.921392
32021,6128.104737
32022,6091.310861
32023,6208.55773
32024,7192.428315
32025,6587.969585
32026,5991.173846
32027,5587.030852
32028,6220.752858
32029,6860.221208
32030,6692.292794
32031,5599.968127
32032,6105.768828
32033,6836.197702
32034,6005.262737
32035,5548.216612
32036,6443.655041
32037,6088.420673
32038,5886.033121
32039,6474.03844
32040,7039.989335
32041,5754.520527
32042,6198.280963
32043,7001.725233
32044,7294.758995
32045,5969.326723
32046,6173.416198
32047,5865.684512
32048,7039.937793
32049,7255.119515
32050,7043.055177
32051,3495.880503
32052,3486.625396
32053,4612.293395
32054,4221.18498
32055,4150.290005
32056,3593.568733
32057,3489.087547
32058,4144.126437
32059,3538.224169
32060,3563.936556
32061,3493.63672
32062,3547.480599
32063,3486.695931
32064,3454.6599
32065,4274.364809
32066,4180.087392
32067,4260.775788
32068,3519.309671
32069,4166.421991
32070,4130.751254
32071,4177.67725
32072,3523.878936
32073,4764.850264
32074,4193.632686
32075,3533.531818
32076,4069.75527
32077,4563.611139
32078,3556.719071
32079,3502.427258
32080,3549.854112
32081,4170.762891
32082,3546.502564
32083,3557.039181
32084,3536.172652
32085,3560.567281
32086,8823.155681
32087,7115.72688
32088,8104.408071
32089,8017.144048
32090,7282.022596
32091,6633.804567
32092,7241.112848
32093,8853.372807
32094,6674.432671
32095,7325.965226
32096,7862.333543
32097,7145.774543
32098,7228.086876
32099,7259.627572
32100,7593.208179
32101,6653.678845
32102,7354.777167
32103,7890.258323
32104,7828.124039
32105,7152.832355
32106,7802.909128
32107,7774.190335
32108,7126.63882
32109,7526.985982
32110,8000.02668
32111,7443.519131
32112,7576.911394
32113,6797.370865
32114,7290.139879
32115,7687.136209
32116,8716.023599
32117,6598.759171
32118,7772.215586
32119,8749.392111
32120,6553.321162
32121,6599.279605
32122,7142.567197
32123,8045.550472
32124,7571.789163
32125,7150.185027
32126,7102.200847
32127,3164.363323
32128,4726.10175
32129,5468.25598
32130,3661.255965
32131,3500.618087
32132,4075.175158
32133,3631.152308
32134,3569.702801
32135,3136.492778
32136,3772.537765
32137,5227.705251
32138,4039.974102
32139,4519.603983
32140,3772.676836
32141,3564.640436
32142,4326.937223
32143,3120.027614
32144,4157.632749
32145,3634.605357
32146,3438.461124
32147,4094.484277
32148,3596.097712
32149,4536.540821
32150,3687.63365
32151,3693.961407
32152,3636.907903
32153,4489.346984
32154,4492.684126
32155,3652.168838
32156,3214.875373
32157,5794.14376
32158,3941.659473
32159,3657.048068
32160,5176.432263
32161,3383.511037
32162,4499.669715
32163,4566.294363
32164,4528.907343
32165,3137.059513
32166,4254.332168
32167,4902.921385
32168,6261.830708
32169,6031.394749
32170,6293.395412
32171,7036.061781
32172,5660.56352
32173,5938.552458
32174,6221.956013
32175,6290.32947
32176,5790.083397
32177,6257.256212
32178,5970.244821
32179,6651.765015
32180,7133.627383
32181,5645.229273
32182,6332.872636
32183,6016.884906
32184,6562.276119
32185,5790.681605
32186,5656.46785
32187,5910.776527
32188,7081.24645
32189,5755.999382
32190,6785.599141
32191,6539.183366
32192,5754.001456
32193,5725.447538
32194,6646.224453
32195,6401.38668
32196,7256.356678
32197,5786.391558
32198,6385.214207
32199,6667.241608
32200,6374.309844
32201,6182.061897
32202,5787.109726
32203,5941.295991
32204,5932.232567
32205,5920.795367
32206,6545.131498
32207,5945.311041
32208,6280.507249
32209,5620.475243
32210,5055.922027
32211,4755.683751
32212,3870.881276
32213,5634.291722
32214,4954.603578
32215,4598.552765
32216,4623.145838
32217,4872.329824
32218,4472.892707
32219,4463.727965
32220,3949.884739
32221,4814.585506
32222,4470.41241
32223,3778.480922
32224,4565.922426
32225,4446.013979
32226,4583.813975
32227,4854.317803
32228,4453.128482
32229,4794.051031
32230,4936.444748
32231,4965.721974
32232,4526.032388
32233,4526.789028
32234,5182.557795
32235,4898.61911
32236,5452.373506
32237,4489.115268
32238,5084.755932
32239,5322.944366
32240,4817.903428
32241,4950.676603
32242,3786.508864
32243,3834.037264
32244,5486.494445
32245,4967.046138
32246,4493.659491
32247,3811.282786
32248,4133.594033
32249,4647.150109
32250,5276.511453
32251,5539.404071
32252,5210.428603
32253,5465.986895
32254,5876.029011
32255,7120.899774
32256,6337.987052
32257,7176.379957
32258,6068.761145
32259,7070.421101
32260,5270.275761
32261,5861.093516
32262,5197.894832
32263,6447.703946
32264,5315.162872
32265,5302.992646
32266,5319.222269
32267,5527.852185
32268,5340.179273
32269,5232.180017
32270,6240.471857
32271,5222.972279
32272,6340.617781
32273,6225.550805
32274,5244.333293
32275,6366.505632
32276,5246.502197
32277,6409.610522
32278,5242.695922
32279,6641.706016
32280,5654.99651
32281,5493.132265
32282,5216.346447
32283,5281.79747
32284,6198.30617
32285,5199.728931
32286,7107.90024
32287,6184.141078
32288,6602.999023
32289,6498.065752
32290,5443.569243
32291,6029.280123
32292,5835.926071
32293,5507.16135
32294,5467.903448
32295,6239.344325
32296,6264.223181
32297,5849.019772
32298,5378.047358
32299,6237.710218
32300,5803.762592
32301,6046.425264
32302,5403.40237
32303,5508.126757
32304,5461.70104
32305,5538.386986
32306,6220.491703
32307,5456.461921
32308,5662.672713
32309,6205.402574
32310,5335.670932
32311,5401.022699
32312,6355.7516
32313,6049.156406
32314,5412.527697
32315,6175.23453
32316,5439.928589
32317,5453.306164
32318,5445.171675
32319,5368.113251
32320,6312.860004
32321,5441.616222
32322,6181.672362
32323,5379.473208
32324,5552.081077
32325,5838.258886
32326,6011.966492
32327,5387.149144
32328,6373.835717
32329,6298.493715
32330,5472.456283
32331,6745.812031
32332,6159.044965
32333,7021.047602
32334,7432.640945
32335,7641.522015
32336,6082.535677
32337,7206.511778
32338,6736.368064
32339,6105.608705
32340,6872.115006
32341,6963.628234
32342,5320.185245
32343,6762.126396
32344,6189.05401
32345,5390.279806
32346,7424.782686
32347,6081.917788
32348,6681.856585
32349,6059.074685
32350,7040.269581
32351,6289.400239
32352,5473.185149
32353,5325.114952
32354,7430.806258
32355,6196.471276
32356,7054.089292
32357,6334.5357
32358,6067.011347
32359,7495.064067
32360,6124.268285
32361,6150.580065
32362,5341.953216
32363,6157.585058
32364,5335.073676
32365,6761.602018
32366,7241.120615
32367,6391.143883
32368,6893.217467
32369,7014.145091
32370,5611.246985
32371,6237.807705
32372,5816.193949
32373,5955.682823
32374,6924.951744
32375,6162.818912
32376,6898.448413
32377,5909.512535
32378,6216.321028
32379,5864.343506
32380,5941.321657
32381,8378.47364
32382,7195.280302
32383,5984.354316
32384,5830.896165
32385,7358.06451
32386,5994.095918
32387,7051.186678
32388,6114.689172
32389,6895.648165
32390,8375.657394
32391,6109.379023
32392,7021.556183
32393,5914.839058
32394,6323.522663
32395,6025.027767
32396,9116.200775
32397,6230.262456
32398,6882.540948
32399,7051.90271
32400,5967.223413
32401,7222.386762
32402,6081.006445
32403,5839.393036
32404,7272.758863
32405,7360.079981
32406,6894.336209
32407,5917.122172
32408,7031.535332
32409,6268.562708
32410,7020.506197
32411,8452.350153
32412,6190.178995
32413,8144.838147
32414,7535.557459
32415,8377.76279
32416,8607.75527
32417,8036.708864
32418,8466.923107
32419,7512.803078
32420,8500.345051
32421,7592.495315
32422,8455.456587
32423,7674.825493
32424,7996.344904
32425,9102.838916
32426,8866.112403
32427,9357.223636
32428,7787.934587
32429,7659.63143
32430,8817.584184
32431,9221.91334
32432,7532.796765
32433,8354.462639
32434,8082.153054
32435,8338.012297
32436,8645.133079
32437,8463.481682
32438,8472.667561
32439,8613.849036
32440,8485.077925
32441,8601.814868
32442,7645.187319
32443,7970.022393
32444,7531.203229
32445,9005.296844
32446,9605.528313
32447,7533.904422
32448,8211.006659
32449,7454.188263
32450,8245.413221
32451,8223.305062
32452,8044.181791
32453,8012.317768
32454,6097.073129
32455,6264.64267
32456,5347.473437
32457,6252.947786
32458,5411.32516
32459,7339.772905
32460,5933.354464
32461,5469.036889
32462,5327.77972
32463,6149.018038
32464,6276.959179
32465,5444.189127
32466,5605.784067
32467,5498.251659
32468,6350.012762
32469,5371.08842
32470,5421.657836
32471,6013.485406
32472,7650.230829
32473,5389.606096
32474,5325.831417
32475,5421.573352
32476,6183.909575
32477,6233.380902
32478,6160.222217
32479,5304.175225
32480,5707.97063
32481,7275.591128
32482,6346.4427
32483,7301.914249
32484,6201.120367
32485,5453.519003
32486,5886.655152
32487,5542.914423
32488,5350.287107
32489,6226.62552
32490,5347.010154
32491,5524.782906
32492,6288.42613
32493,5520.352519
32494,7104.973484
32495,7442.01126
32496,7339.571843
32497,7430.558996
32498,7981.167148
32499,8165.150869
32500,7206.624679
32501,7080.732771
32502,9009.661194
32503,7878.840128
32504,7069.21233
32505,7038.466214
32506,7935.241119
32507,7720.193196
32508,8596.021085
32509,7853.500939
32510,7247.856452
32511,7749.49914
32512,9910.288872
32513,8529.479061
32514,7561.595734
32515,7164.943433
32516,6885.305855
32517,7456.610638
32518,7353.513163
32519,6990.029308
32520,7451.090416
32521,7196.429055
32522,8661.19742
32523,7898.62458
32524,8540.564531
32525,7466.771552
32526,7406.893982
32527,7905.844339
32528,8023.414426
32529,7780.523166
32530,7223.554362
32531,7740.561589
32532,7041.806978
32533,6863.175503
32534,8249.735738
32535,6788.301903
32536,6033.913474
32537,6044.961019
32538,6573.0392
32539,6758.454999
32540,6123.254764
32541,6091.967992
32542,6467.272785
32543,6008.132202
32544,6555.533447
32545,6595.453283
32546,5949.053162
32547,6594.307473
32548,6310.402202
32549,6638.720287
32550,6037.094037
32551,6509.293192
32552,6798.315349
32553,6833.720411
32554,5857.59643
32555,6147.238296
32556,6920.751301
32557,5781.401908
32558,5928.687335
32559,7009.705565
32560,6575.504507
32561,5967.348699
32562,7148.123914
32563,5915.465545
32564,5942.837519
32565,7144.591711
32566,6083.967077
32567,5922.191713
32568,6597.766153
32569,6815.006882
32570,5879.375102
32571,5856.665485
32572,5998.987811
32573,6008.137071
32574,5817.652241
32575,7057.273921
32576,6839.361098
32577,7247.861537
32578,6848.187523
32579,7075.285449
32580,8840.011558
32581,9088.793075
32582,7256.562863
32583,10362.96271
32584,6770.30414
32585,7317.71473
32586,8875.220939
32587,7168.417606
32588,7304.579017
32589,9178.597001
32590,8821.362072
32591,6989.171585
32592,10737.98667
32593,10363.94466
32594,8648.912886
32595,8805.523831
32596,8971.524776
32597,7247.232594
32598,8615.91478
32599,7132.90983
32600,10076.51128
32601,7334.026566
32602,6968.662563
32603,9053.287206
32604,7824.390858
32605,8577.242233
32606,9284.6266
32607,7085.536254
32608,7748.462079
32609,6872.624997
32610,9373.275755
32611,9767.979512
32612,7364.648829
32613,7273.114421
32614,7710.496776
32615,9368.792658
32616,9096.34818
32617,9092.25354
32618,8872.934111
32619,9677.744229
32620,9104.476413
32621,9704.977484
32622,9611.941125
32623,9543.152193
32624,9069.074554
32625,9529.765585
32626,10886.0754
32627,10912.46181
32628,9163.02597
32629,8950.203819
32630,9362.332008
32631,9101.020783
32632,9853.13932
32633,8965.326519
32634,9528.792112
32635,8959.610511
32636,8910.497231
32637,11092.90383
32638,9654.495034
32639,9151.065692
32640,10916.88076
32641,9743.199136
32642,9658.353421
32643,9480.413256
32644,8881.654202
32645,9596.583381
32646,8894.313958
32647,9776.502622
32648,8832.661611
32649,9007.740155
32650,8994.559882
32651,9096.248724
32652,8920.522751
32653,8889.078626
32654,9830.77376
32655,9510.482395
32656,9705.032559
32657,6723.286624
32658,6665.562743
32659,7014.949507
32660,6777.996604
32661,6857.142013
32662,6650.078143
32663,7036.506041
32664,6876.369513
32665,6971.159995
32666,6521.900284
32667,7085.728926
32668,6661.814234
32669,6990.248192
32670,7579.078785
32671,6983.718693
32672,7620.495427
32673,6443.16407
32674,6509.024352
32675,6641.291008
32676,7223.154386
32677,6934.008788
32678,7543.151714
32679,6462.831734
32680,6487.433699
32681,6517.590608
32682,6547.017673
32683,7055.640552
32684,6515.507341
32685,6947.042053
32686,6683.839389
32687,7756.298657
32688,7254.076333
32689,6574.841677
32690,6706.27094
32691,6899.509776
32692,6827.368961
32693,6932.892706
32694,6668.873589
32695,7008.820979
32696,7113.089215
32697,6580.918409
32698,3807.349738
32699,3531.565797
32700,3437.921326
32701,3504.706881
32702,3070.044158
32703,3489.591583
32704,3568.038264
32705,3610.104186
32706,3091.368196
32707,2993.307433
32708,3577.639074
32709,3376.82108
32710,2955.370744
32711,2885.264251
32712,3548.633948
32713,2906.836168
32714,3667.85699
32715,3256.292587
32716,3676.287065
32717,3504.889368
32718,2974.470453
32719,3580.905587
32720,2880.408581
32721,3540.636502
32722,3459.039876
32723,3796.974596
32724,2958.413788
32725,2956.404012
32726,3574.854813
32727,3594.604772
32728,3733.821918
32729,3156.137222
32730,3230.261448
32731,3309.33628
32732,3311.360585
32733,3855.019575
32734,3565.938759
32735,3814.160094
32736,2921.538462
32737,3618.511919
32738,2888.732958
32739,5789.202778
32740,5484.741642
32741,6158.187689
32742,5838.731599
32743,5821.594184
32744,6869.065454
32745,7108.673054
32746,5891.671322
32747,5598.740482
32748,6077.48622
32749,5653.912405
32750,5572.593098
32751,6050.538866
32752,5734.212138
32753,6617.29357
32754,5540.710769
32755,5653.930285
32756,5717.826725
32757,5572.894146
32758,6019.127591
32759,6150.379991
32760,5711.413109
32761,6111.707445
32762,6895.60711
32763,5959.097563
32764,6062.217217
32765,5602.950422
32766,5805.909453
32767,5722.221066
32768,6360.467932
32769,5736.71654
32770,5592.131024
32771,5615.674516
32772,6085.849538
32773,5663.126532
32774,6415.117091
32775,6923.112265
32776,6088.53296
32777,6306.859711
32778,5582.721811
32779,7154.559079
32780,6923.234097
32781,6010.366622
32782,6893.462023
32783,8830.886183
32784,7679.573479
32785,7371.600336
32786,8715.835586
32787,6611.077439
32788,6073.040446
32789,6410.015139
32790,6126.202292
32791,6511.756801
32792,9131.512339
32793,6026.734808
32794,6471.661532
32795,6403.11755
32796,6535.756545
32797,7370.305113
32798,5996.29746
32799,6974.038205
32800,7207.732313
32801,6499.878357
32802,7630.268898
32803,7201.668721
32804,7226.258448
32805,6489.610496
32806,7231.543281
32807,7199.883436
32808,6539.071478
32809,7553.726858
32810,7798.711703
32811,6479.679347
32812,7180.734912
32813,6256.342505
32814,6653.840856
32815,6529.575589
32816,7614.211165
32817,6161.153207
32818,8025.840213
32819,8731.440987
32820,4743.114003
32821,4980.418825
32822,5522.228345
32823,4371.07335
32824,4618.567187
32825,4919.482214
32826,5238.851995
32827,4612.258415
32828,5000.80355
32829,4340.793703
32830,4943.431323
32831,5180.960199
32832,4393.110643
32833,4952.850499
32834,5192.774601
32835,5889.637179
32836,5804.740876
32837,4364.646837
32838,4430.790286
32839,5072.872616
32840,4500.962463
32841,4972.996932
32842,4432.642436
32843,4836.293811
32844,4557.934559
32845,4333.247553
32846,5240.534988
32847,5198.486397
32848,4540.746898
32849,4629.269197
32850,4482.565989
32851,4416.464858
32852,4852.793416
32853,4674.996079
32854,5125.571657
32855,4399.556783
32856,5858.140808
32857,5405.612179
32858,4958.73834
32859,4610.716406
32860,13162.20931
32861,11926.13671
32862,10853.63649
32863,12696.04826
32864,10788.29772
32865,11837.01278
32866,12112.32699
32867,10720.25963
32868,13100.1782
32869,11866.20416
32870,11299.40602
32871,11969.06096
32872,11707.92378
32873,11835.65761
32874,11885.37252
32875,11400.0077
32876,10754.36868
32877,12301.78126
32878,10727.7224
32879,12788.05824
32880,10776.43198
32881,12021.58996
32882,11421.0449
32883,10682.37317
32884,10752.20806
32885,13572.77335
32886,11290.31887
32887,12760.64458
32888,11491.68679
32889,12051.32265
32890,11802.64054
32891,12743.775
32892,12162.40023
32893,11596.12633
32894,10686.76022
32895,13241.8048
32896,12275.64528
32897,12417.46726
32898,11366.52562
32899,12128.82136
32900,6021.186551
32901,5689.25561
32902,5309.767039
32903,6105.113588
32904,5317.647555
32905,5542.393687
32906,5539.974959
32907,5286.291935
32908,5319.078111
32909,6068.714991
32910,6123.689621
32911,5362.307457
32912,5325.222435
32913,5696.158836
32914,5281.480169
32915,6140.773988
32916,7066.74295
32917,7465.541207
32918,5976.866
32919,6208.284944
32920,5590.144234
32921,6132.021546
32922,5608.089302
32923,6132.225835
32924,5283.494038
32925,5985.460837
32926,6080.144308
32927,6091.370588
32928,6043.792482
32929,6016.357413
32930,7039.398578
32931,5723.65702
32932,5701.621134
32933,6032.519763
32934,5454.869822
32935,6093.251919
32936,6950.715718
32937,5436.708774
32938,6159.847518
32939,5337.746309
32940,6959.693846
32941,6896.270241
32942,6829.856237
32943,6933.807966
32944,6843.211756
32945,7734.268565
32946,6878.600061
32947,6702.22147
32948,8053.831982
32949,8687.974524
32950,6687.871399
32951,8327.122376
32952,6869.647324
32953,6798.492785
32954,7647.260943
32955,6775.966319
32956,8706.569843
32957,7271.821106
32958,8053.822481
32959,8795.703543
32960,7768.357294
32961,6867.967042
32962,7249.056944
32963,8295.528922
32964,7240.182978
32965,7574.737053
32966,6836.746144
32967,6764.760339
32968,6880.953676
32969,8969.192534
32970,7925.208532
32971,7907.414338
32972,6725.810448
32973,7761.812161
32974,7662.308523
32975,7677.049016
32976,8028.111096
32977,6770.119266
32978,7730.810012
32979,6885.394177
32980,6908.962186
32981,11056.96833
32982,10584.61464
32983,10213.35976
32984,9789.805569
32985,9745.772476
32986,9349.361029
32987,11161.29039
32988,10307.42225
32989,12067.59361
32990,11260.58815
32991,11834.83495
32992,9651.82865
32993,9574.737214
32994,9432.788857
32995,9641.976356
32996,9750.109713
32997,9976.224638
32998,10260.53673
32999,12524.62037
33000,9774.998967
33001,10091.75115
33002,10847.77413
33003,11782.05987
33004,9685.941736
33005,12024.06683
33006,9746.616835
33007,10928.8233
33008,9565.284126
33009,9670.235626
33010,9585.04198
33011,10772.79068
33012,11130.20924
33013,10798.86739
33014,12116.49262
33015,9500.866221
33016,11533.74449
33017,12506.30439
33018,9965.092008
33019,9774.738183
33020,10643.25539
33021,11271.7652
33022,6080.740871
33023,6598.012637
33024,6406.85374
33025,5877.514566
33026,5874.944849
33027,6780.576142
33028,6875.214245
33029,5975.760368
33030,6066.254864
33031,6599.04838
33032,6940.813118
33033,6075.861962
33034,6826.694585
33035,6981.31727
33036,6490.281088
33037,5915.934217
33038,6630.12442
33039,5897.927988
33040,5984.120355
33041,6595.457213
33042,6097.917107
33043,6956.682755
33044,6578.412887
33045,6376.660871
33046,6594.947655
33047,6020.220442
33048,7141.578139
33049,6878.25406
33050,6750.616494
33051,6600.761613
33052,6091.71569
33053,6020.215443
33054,6028.915694
33055,6569.252986
33056,6594.830594
33057,6147.094458
33058,6316.310016
33059,6368.861879
33060,6411.20856
33061,6832.925686
33062,6569.962573
33063,3602.344017
33064,5950.630045
33065,5301.458153
33066,4292.29562
33067,3634.451458
33068,3628.898063
33069,4510.555963
33070,4529.139721
33071,3122.5606
33072,4374.664368
33073,4343.205502
33074,4333.207097
33075,4481.127615
33076,3499.788137
33077,3491.175958
33078,3712.131094
33079,3612.785495
33080,5347.726493
33081,3698.059912
33082,4355.345264
33083,4306.272148
33084,4353.063439
33085,3473.402795
33086,3535.799435
33087,3550.432447
33088,3717.745954
33089,5278.868083
33090,3226.672162
33091,3028.49741
33092,3062.762333
33093,3641.095572
33094,3646.36385
33095,4334.832092
33096,3526.870948
33097,4339.2461
33098,4361.129231
33099,3105.067501
33100,2998.410177
33101,3168.244211
33102,4479.373251
33103,4299.109977
33104,12501.82267
33105,11265.93276
33106,14879.8052
33107,11472.99054
33108,10988.72259
33109,10769.91295
33110,12447.7084
33111,10840.43083
33112,10910.46341
33113,11574.35298
33114,12519.58054
33115,11456.30561
33116,11184.75076
33117,11361.10284
33118,11811.91775
33119,11620.78231
33120,12628.62921
33121,13144.22546
33122,11220.12281
33123,10814.00421
33124,11035.57987
33125,13197.05756
33126,11108.28142
33127,10915.33276
33128,11195.55811
33129,11463.13928
33130,11246.25907
33131,11388.68927
33132,10763.16483
33133,11309.43847
33134,11149.17006
33135,10763.46476
33136,11280.21055
33137,12607.32477
33138,11290.96046
33139,11394.21225
33140,12741.90843
33141,11213.21705
33142,11472.66863
33143,8843.753283
33144,11243.39602
33145,8983.559621
33146,9393.188172
33147,9934.548858
33148,9980.166253
33149,9140.04349
33150,8670.729425
33151,8928.952502
33152,9932.50509
33153,9059.246637
33154,8837.999418
33155,10022.62865
33156,9425.428445
33157,9639.621022
33158,11593.09379
33159,10731.40963
33160,10061.41937
33161,9106.081601
33162,9136.652738
33163,9912.388827
33164,8965.957172
33165,11565.94801
33166,9307.156288
33167,10799.56765
33168,9121.891985
33169,9377.420475
33170,8785.449452
33171,12172.47692
33172,10317.05777
33173,10056.24333
33174,9997.31816
33175,10037.13322
33176,10314.95309
33177,9040.794422
33178,9886.696075
33179,9028.767192
33180,10189.22233
33181,8934.154059
33182,8764.692448
33183,8917.278159
33184,6350.089798
33185,5275.11542
33186,5859.233301
33187,5330.552167
33188,5671.20499
33189,6013.971717
33190,6169.236824
33191,5465.74871
33192,6191.099662
33193,5922.869067
33194,5667.221313
33195,6246.219133
33196,5263.960048
33197,5741.078684
33198,6127.773319
33199,5707.058272
33200,5282.006747
33201,5609.920997
33202,5288.853033
33203,5770.434131
33204,5568.413309
33205,5859.861714
33206,5720.993006
33207,5272.936201
33208,5404.326712
33209,5669.013124
33210,5410.383356
33211,5881.733744
33212,5711.027232
33213,5931.077067
33214,5169.359235
33215,6059.353042
33216,5865.725568
33217,5878.239625
33218,5287.428693
33219,5308.166516
33220,5310.599253
33221,5314.437839
33222,5890.508422
33223,5852.49948
33224,5301.379725
33225,10146.92209
33226,9183.406369
33227,8006.292947
33228,9507.429889
33229,7716.55475
33230,9046.109835
33231,10150.4909
33232,10387.10024
33233,7877.708717
33234,9049.181019
33235,9246.531478
33236,7521.881069
33237,7982.819817
33238,10174.0562
33239,7701.259261
33240,10012.83694
33241,7629.350526
33242,7895.718344
33243,9279.906742
33244,8834.912537
33245,8350.214876
33246,7714.662526
33247,7460.141249
33248,8977.481595
33249,7385.19926
33250,7446.798684
33251,8984.638714
33252,10303.7342
33253,7853.022019
33254,7519.220896
33255,9138.725609
33256,7530.220942
33257,7599.260287
33258,8001.153731
33259,7917.58117
33260,7477.047862
33261,7903.333073
33262,9317.788543
33263,7532.623982
33264,10421.67255
33265,10535.09016
33266,10533.47536
33267,7856.499822
33268,10473.29791
33269,10820.24932
33270,9130.375651
33271,9768.437693
33272,8217.517523
33273,9029.352861
33274,9356.119725
33275,9514.903468
33276,8147.352726
33277,10610.29328
33278,9127.549961
33279,9857.201258
33280,10812.16404
33281,9067.013383
33282,10771.6904
33283,8778.535952
33284,9829.015316
33285,9712.74183
33286,9601.516205
33287,10043.06334
33288,8847.234243
33289,9748.113747
33290,9744.568238
33291,10745.85424
33292,10900.25933
33293,8727.905463
33294,8668.941013
33295,8639.846609
33296,7906.192874
33297,7885.242513
33298,11470.38565
33299,8725.997112
33300,9101.563224
33301,7942.869546
33302,7883.907212
33303,8755.076676
33304,8867.264322
33305,9062.992564
33306,9942.174718
33307,7443.071761
33308,5749.305883
33309,6225.79089
33310,5761.962182
33311,6922.976443
33312,6168.850011
33313,6664.601416
33314,5908.758132
33315,6370.324605
33316,6138.651823
33317,6832.978588
33318,6909.214883
33319,6238.613123
33320,6382.252314
33321,6650.996202
33322,6986.811413
33323,7054.574384
33324,5730.900485
33325,7228.697266
33326,6337.851454
33327,7157.85368
33328,6709.618087
33329,6456.461465
33330,6988.22227
33331,5888.238731
33332,7225.992918
33333,6171.515384
33334,7241.939305
33335,5676.993832
33336,5729.622292
33337,5709.050543
33338,6106.869514
33339,7224.977136
33340,7198.136217
33341,6379.010068
33342,5854.927283
33343,6497.43304
33344,5701.576247
33345,5788.460841
33346,5739.284175
33347,5908.447367
33348,5543.831342
33349,5370.702768
33350,5186.941601
33351,5169.905279
33352,5149.056896
33353,6203.666685
33354,5038.649195
33355,5451.607853
33356,5738.306754
33357,5933.147039
33358,5596.846163
33359,5732.153117
33360,4788.791135
33361,5509.786611
33362,5562.611649
33363,4806.142103
33364,5663.727438
33365,6085.053739
33366,5998.682726
33367,5353.862329
33368,5737.438385
33369,5534.362265
33370,5054.530091
33371,5954.418194
33372,5398.045613
33373,5467.297153
33374,4911.933381
33375,5032.605272
33376,4832.060981
33377,5210.639765
33378,5790.654456
33379,5207.021586
33380,5163.424684
33381,5141.029137
33382,4830.686049
33383,4802.88728
33384,5114.12274
33385,0
33386,0
33387,0
33388,0
33389,0
33390,0
33391,0
33392,0
33393,0
33394,0
33395,0
33396,0
33397,0
33398,0
33399,0
33400,0
33401,0
33402,0
33403,0
33404,0
33405,0
33406,0
33407,0
33408,0
33409,0
33410,0
33411,0
33412,0
33413,0
33414,0
33415,0
33416,0
33417,0
33418,0
33419,0
33420,0
33421,0
33422,0
33423,0
33424,0
33425,0
33426,0
33427,0
33428,0
33429,0
33430,0
33431,0
33432,0
33433,0
33434,0
33435,0
33436,0
33437,0
33438,0
33439,0
33440,0
33441,0
33442,0
33443,0
33444,0
33445,0
33446,0
33447,0
33448,0
33449,0
33450,0
33451,0
33452,0
33453,0
33454,0
33455,0
33456,0
33457,0
33458,0
33459,0
33460,0
33461,0
33462,0
33463,0
33464,0
33465,0
33466,0
33467,0
33468,0
33469,0
33470,0
33471,0
33472,0
33473,0
33474,0
33475,0
33476,5436.099668
33477,0
33478,0
33479,0
33480,0
33481,0
33482,0
33483,0
33484,0
33485,0
33486,0
33487,0
33488,0
33489,0
33490,0
33491,0
33492,0
33493,0
33494,0
33495,0
33496,0
33497,0
33498,0
33499,0
33500,0
33501,0
33502,0
33503,0
33504,0
33505,0
33506,0
33507,0
33508,0
33509,0
33510,0
33511,0
33512,0
33513,0
33514,0
33515,0
33516,0
33517,0
33518,0
33519,0
33520,0
33521,0
33522,0
33523,0
33524,0
33525,0
33526,0
33527,0
33528,0
33529,0
33530,0
33531,0
33532,0
33533,0
33534,0
33535,0
33536,0
33537,0
33538,0
33539,0
33540,0
33541,0
33542,0
33543,0
33544,5505.333173
33545,0
33546,0
33547,0
33548,0
33549,0
33550,0
33551,0
33552,0
33553,0
33554,0
33555,0
33556,0
33557,0
33558,0
33559,0
33560,0
33561,0
33562,0
33563,0
33564,0
33565,0
33566,0
33567,0
33568,0
33569,0
33570,0
33571,0
33572,0
33573,0
33574,0
33575,0
33576,0
33577,0
33578,0
33579,0
33580,0
33581,0
33582,0
33583,0
33584,0
33585,5022.927797
33586,5284.535396
33587,0
33588,0
33589,0
33590,0
33591,0
33592,0
33593,0
33594,5948.115235
33595,0
33596,0
33597,0
33598,0
33599,0
33600,0
33601,0
33602,0
33603,0
33604,0
33605,0
33606,0
33607,0
33608,0
33609,0
33610,0
33611,0
33612,0
33613,6226.037939
33614,0
33615,0
33616,0
33617,0
33618,0
33619,0
33620,0
33621,0
33622,0
33623,7036.021698
33624,0
33625,0
33626,0
33627,0
33628,0
33629,0
33630,0
33631,0
33632,0
33633,0
33634,0
33635,0
33636,0
33637,0
33638,0
33639,0
33640,0
33641,7854.805604
33642,0
33643,0
33644,0
33645,0
33646,0
33647,0
33648,0
33649,0
33650,0
33651,0
33652,0
33653,0
33654,0
33655,0
33656,0
33657,0
33658,7518.663559
33659,0
33660,0
33661,0
33662,0
33663,0
33664,0
33665,0
33666,0
33667,0
33668,0
33669,0
33670,0
33671,0
33672,0
33673,0
33674,0
33675,0
33676,0
33677,0
33678,0
33679,0
33680,0
33681,0
33682,0
33683,0
33684,0
33685,0
33686,0
33687,0
33688,0
33689,0
33690,0
33691,0
33692,0
33693,0
33694,0
33695,0
33696,0
33697,0
33698,0
33699,0
33700,0
33701,0
33702,0
33703,0
33704,0
33705,0
33706,0
33707,0
33708,0
33709,0
33710,0
33711,0
33712,0
33713,0
33714,0
33715,0
33716,0
33717,0
33718,0
33719,0
33720,5990.23158
33721,0
33722,0
33723,0
33724,0
33725,0
33726,0
33727,0
33728,0
33729,0
33730,0
33731,0
33732,0
33733,0
33734,7302.292996
33735,0
33736,0
33737,0
33738,0
33739,0
33740,0
33741,0
33742,0
33743,0
33744,0
33745,0
33746,0
33747,0
33748,0
33749,0
33750,0
33751,0
33752,0
33753,0
33754,0
33755,0
33756,0
33757,0
33758,0
33759,0
33760,0
33761,0
33762,0
33763,0
33764,0
33765,0
33766,0
33767,0
33768,0
33769,0
33770,0
33771,0
33772,0
33773,0
33774,0
33775,0
33776,0
33777,5495.781107
33778,0
33779,0
33780,0
33781,0
33782,0
33783,0
33784,0
33785,0
33786,0
33787,7343.882527
33788,0
33789,0
33790,0
33791,6970.803592
33792,0
33793,0
33794,0
33795,0
33796,0
33797,0
33798,0
33799,0
33800,0
33801,0
33802,0
33803,0
33804,0
33805,0
33806,0
33807,0
33808,0
33809,0
33810,0
33811,0
33812,0
33813,0
33814,0
33815,0
33816,0
33817,0
33818,7304.007408
33819,0
33820,0
33821,0
33822,0
33823,0
33824,0
33825,0
33826,0
33827,0
33828,0
33829,0
33830,0
33831,0
33832,5585.61817
33833,0
33834,0
33835,0
33836,0
33837,0
33838,0
33839,0
33840,0
33841,0
33842,0
33843,0
33844,0
33845,0
33846,0
33847,0
33848,0
33849,0
33850,0
33851,0
33852,0
33853,0
33854,0
33855,0
33856,0
33857,0
33858,0
33859,0
33860,0
33861,0
33862,0
33863,0
33864,0
33865,0
33866,0
33867,0
33868,0
33869,0
33870,0
33871,0
33872,0
33873,0
33874,0
33875,0
33876,0
33877,0
33878,0
33879,0
33880,0
33881,0
33882,0
33883,0
33884,0
33885,0
33886,0
33887,0
33888,0
33889,0
33890,0
33891,0
33892,0
33893,0
33894,0
33895,0
33896,0
33897,0
33898,0
33899,0
33900,0
33901,0
33902,0
33903,0
33904,0
33905,0
33906,0
33907,6855.160322
33908,0
33909,0
33910,0
33911,0
33912,0
33913,0
33914,0
33915,0
33916,0
33917,0
33918,0
33919,0
33920,0
33921,0
33922,0
33923,0
33924,0
33925,0
33926,0
33927,0
33928,0
33929,0
33930,0
33931,0
33932,0
33933,0
33934,0
33935,0
33936,0
33937,0
33938,0
33939,0
33940,0
33941,0
33942,0
33943,0
33944,0
33945,0
33946,0
33947,0
33948,0
33949,0
33950,0
33951,5458.667665
33952,7189.448677
33953,0
33954,0
33955,0
33956,0
33957,0
33958,0
33959,0
33960,0
33961,0
33962,0
33963,0
33964,0
33965,0
33966,0
33967,0
33968,0
33969,0
33970,0
33971,0
33972,0
33973,0
33974,0
33975,0
33976,0
33977,0
33978,0
33979,0
33980,5978.423662
33981,0
33982,0
33983,0
33984,0
33985,0
33986,0
33987,0
33988,0
33989,0
33990,0
33991,0
33992,0
33993,0
33994,0
33995,0
33996,0
33997,0
33998,0
33999,0
34000,0
34001,0
34002,0
34003,0
34004,0
34005,0
34006,0
34007,0
34008,0
34009,0
34010,0
34011,0
34012,0
34013,0
34014,0
34015,0
34016,0
34017,0
34018,0
34019,0
34020,0
34021,0
34022,0
34023,0
34024,0
34025,0
34026,0
34027,0
34028,0
34029,0
34030,0
34031,0
34032,0
34033,0
34034,0
34035,0
34036,0
34037,0
34038,0
34039,0
34040,0
34041,0
34042,0
34043,0
34044,0
34045,0
34046,0
34047,0
34048,0
34049,0
34050,7147.643718
34051,0
34052,0
34053,0
34054,6771.607071
34055,0
34056,0
34057,0
34058,0
34059,0
34060,0
34061,0
34062,0
34063,0
34064,0
34065,0
34066,0
34067,0
34068,0
34069,0
34070,0
34071,0
34072,0
34073,0
34074,0
34075,0
34076,0
34077,0
34078,0
34079,0
34080,0
34081,0
34082,0
34083,0
34084,0
34085,0
34086,0
34087,0
34088,0
34089,0
34090,0
34091,0
34092,0
34093,0
34094,0
34095,0
34096,0
34097,0
34098,0
34099,0
34100,0
34101,0
34102,0
34103,0
34104,0
34105,5241.951939
34106,0
34107,0
34108,0
34109,0
34110,0
34111,0
34112,0
34113,0
34114,0
34115,0
34116,0
34117,0
34118,0
34119,0
34120,6535.358167
34121,0
34122,0
34123,0
34124,0
34125,0
34126,0
34127,0
34128,0
34129,0
34130,0
34131,0
34132,0
34133,0
34134,0
34135,0
34136,0
34137,0
34138,0
34139,0
34140,0
34141,0
34142,0
34143,0
34144,0
34145,0
34146,0
34147,0
34148,0
34149,0
34150,0
34151,0
34152,0
34153,0
34154,0
34155,0
34156,0
34157,0
34158,0
34159,0
34160,0
34161,0
34162,0
34163,0
34164,0
34165,0
34166,0
34167,0
34168,0
34169,0
34170,0
34171,0
34172,0
34173,0
34174,0
34175,0
34176,0
34177,0
34178,0
34179,0
34180,0
34181,0
34182,0
34183,0
34184,5837.686467
34185,0
34186,0
34187,0
34188,0
34189,0
34190,0
34191,0
34192,0
34193,0
34194,0
34195,0
34196,0
34197,0
34198,0
34199,0
34200,0
34201,0
34202,0
34203,0
34204,0
34205,0
34206,0
34207,0
34208,0
34209,0
34210,0
34211,0
34212,0
34213,0
34214,0
34215,0
34216,0
34217,0
34218,0
34219,0
34220,0
34221,0
34222,0
34223,0
34224,0
34225,7061.151801
34226,6008.841252
34227,0
34228,0
34229,0
34230,0
34231,0
34232,0
34233,0
34234,0
34235,0
34236,0
34237,0
34238,0
34239,0
34240,0
34241,5384.171114
34242,6790.878095
34243,6445.002032
34244,7033.886855
34245,6911.931057
34246,5953.525554
34247,7354.047139
34248,7543.595939
34249,0
34250,6075.948209
34251,6780.994457
34252,5861.898213
34253,6514.605608
34254,6027.714097
34255,5865.477959
34256,7701.495978
34257,5925.147814
34258,5310.40567
34259,5241.188269
34260,6055.883231
34261,5826.302943
34262,6251.24196
34263,5135.340162
34264,0
34265,6714.026578
34266,5146.269372
34267,6031.134798
34268,5299.566365
34269,6833.53999
34270,7189.133837
34271,4510.80397
34272,5155.586772
34273,5899.301412
34274,4373.821576
34275,6099.809997
34276,6080.563914
34277,5609.546944
34278,6734.06383
34279,5136.100375
34280,6348.321615
34281,5111.869598
34282,5101.31378
34283,6059.014727
34284,5239.007022
34285,6074.307231
34286,4308.982767
34287,4400.322089
34288,4292.035729
34289,5113.638053
34290,5992.72135
34291,5855.027801
34292,5104.892501
34293,5101.425652
34294,5075.388033
34295,5144.071226
34296,6199.917373
34297,5291.410636
34298,5870.740397
34299,6385.299058
34300,6313.4539
34301,5592.515901
34302,5535.873827
34303,5561.239758
34304,5457.778115
34305,5473.555146
34306,5659.520061
34307,6050.784422
34308,5439.87848
34309,6230.177859
34310,5536.807097
34311,6359.871869
34312,6062.101259
34313,6427.113031
34314,6533.948243
34315,6299.357387
34316,6184.491745
34317,5978.521393
34318,6352.335161
34319,5884.82715
34320,5429.941551
34321,6517.006912
34322,5532.378701
34323,5804.775816
34324,6613.530258
34325,6443.103957
34326,5969.940046
34327,5395.61845
34328,6333.985264
34329,6363.016068
34330,5402.386857
34331,5522.918644
34332,5785.145088
34333,6223.126984
34334,5432.906815
34335,6326.726756
34336,6205.384208
34337,5454.066378
34338,6571.658477
34339,7472.479794
34340,6623.312766
34341,7608.729501
34342,7522.054863
34343,6629.372385
34344,6539.781973
34345,6658.612701
34346,6712.771323
34347,6668.543622
34348,7479.650461
34349,7336.145155
34350,0
34351,7706.025752
34352,7213.300556
34353,7765.379254
34354,7308.649819
34355,6701.962799
34356,6685.406727
34357,6596.371252
34358,8208.338172
34359,7864.192312
34360,8465.366094
34361,7816.511456
34362,7513.626069
34363,7781.426531
34364,7333.353738
34365,7517.370402
34366,6637.751826
34367,7375.132651
34368,7454.375701
34369,8460.536453
34370,6658.389978
34371,7495.925732
34372,7382.86254
34373,7404.323491
34374,6821.986479
34375,7851.188556
34376,7747.855187
34377,7851.787903
34378,8189.052702
34379,7534.055481
34380,7259.895355
34381,4212.379693
34382,4243.003157
34383,3763.468792
34384,3658.506805
34385,4253.79775
34386,3627.996276
34387,4281.203834
34388,3615.378843
34389,4213.820484
34390,5155.189655
34391,4840.158959
34392,4198.525436
34393,4340.541222
34394,4845.076622
34395,4809.499742
34396,5078.464664
34397,4763.870815
34398,4262.482101
34399,4300.529207
34400,4370.489563
34401,5121.32361
34402,4902.867912
34403,3645.310307
34404,4791.523236
34405,0
34406,5626.830888
34407,4812.062024
34408,6399.471142
34409,4878.842018
34410,5099.972859
34411,5104.491362
34412,3801.457005
34413,4281.8113
34414,4271.825257
34415,4376.881156
34416,3830.779105
34417,5627.693478
34418,5597.132533
34419,4275.805863
34420,4317.565653
34421,5119.760055
34422,5091.532657
34423,6504.083482
34424,7317.99598
34425,6496.19635
34426,6505.660597
34427,6356.307572
34428,7132.691002
34429,7105.883848
34430,6085.639026
34431,7206.294471
34432,7143.268532
34433,6987.291931
34434,7043.685323
34435,6508.5037
34436,7223.377999
34437,7208.599279
34438,7102.959856
34439,6231.548011
34440,6882.583641
34441,6614.743901
34442,7070.307603
34443,7403.877425
34444,6894.290036
34445,6554.928169
34446,7311.23547
34447,6484.432343
34448,6315.169057
34449,6551.929649
34450,7560.332399
34451,7659.134094
34452,6178.370027
34453,6694.683375
34454,6400.920941
34455,7236.104406
34456,7018.433197
34457,6162.386377
34458,7266.233982
34459,6421.820378
34460,7511.555267
34461,6516.297466
34462,7183.678091
34463,7078.121959
34464,7503.316408
34465,6366.974952
34466,6767.81492
34467,6407.375399
34468,6333.249268
34469,6298.751715
34470,6304.997264
34471,6918.049896
34472,6453.912647
34473,7450.013586
34474,7339.897776
34475,6851.176359
34476,7505.075426
34477,6720.197711
34478,7485.767956
34479,6585.03673
34480,6789.487395
34481,7500.216257
34482,7328.331981
34483,7293.874133
34484,6297.393109
34485,6386.360989
34486,7146.802527
34487,7451.91307
34488,8899.838569
34489,6247.669468
34490,6777.851208
34491,6784.103716
34492,7427.235666
34493,6365.975055
34494,7463.243886
34495,8985.345921
34496,7220.469463
34497,6309.308711
34498,6768.119636
34499,7306.449111
34500,7301.635664
34501,7362.782397
34502,9465.802251
34503,7398.321603
34504,8937.695532
34505,6712.176612
34506,5696.147757
34507,5776.362004
34508,5604.91754
34509,5404.572963
34510,5527.728603
34511,5680.956546
34512,6906.294334
34513,5928.753931
34514,5810.407717
34515,6639.298916
34516,7392.527756
34517,5589.910904
34518,7088.058363
34519,6985.580929
34520,5745.28725
34521,5816.981668
34522,0
34523,6858.158088
34524,5833.329261
34525,5736.070065
34526,6145.403908
34527,5813.500316
34528,5755.179647
34529,6545.369542
34530,5742.890449
34531,6747.730305
34532,7908.727974
34533,6584.106781
34534,6442.417389
34535,5946.995813
34536,7894.372183
34537,8465.516157
34538,5514.157275
34539,6640.876824
34540,7842.933412
34541,5821.486394
34542,5638.754773
34543,6589.629533
34544,6653.355549
34545,6638.777237
34546,5739.99814
34547,6677.969075
34548,7351.088428
34549,6666.053223
34550,6719.892542
34551,8415.484954
34552,6615.645907
34553,8493.708744
34554,6685.590203
34555,7249.462798
34556,8181.216148
34557,6806.298039
34558,6923.722798
34559,9931.689923
34560,7077.345801
34561,6910.82648
34562,8735.582945
34563,7486.909233
34564,7873.250548
34565,8847.45412
34566,6863.104488
34567,7193.996686
34568,10295.67887
34569,8484.49718
34570,6522.682483
34571,9063.272174
34572,8169.854453
34573,6698.281603
34574,8275.073041
34575,8210.848547
34576,10008.77218
34577,7412.3755
34578,7719.815168
34579,8320.784098
34580,8184.434818
34581,8222.026199
34582,6618.893304
34583,8012.036172
34584,10356.60367
34585,6597.320863
34586,8194.656919
34587,6968.328062
34588,5338.161293
34589,5382.423808
34590,5340.988645
34591,6021.271462
34592,6543.164193
34593,5062.089207
34594,5707.676356
34595,6162.663409
34596,5409.810521
34597,5405.976633
34598,5928.555755
34599,5279.154929
34600,5085.210527
34601,5859.66646
34602,5504.869576
34603,5561.265279
34604,5543.164055
34605,5015.171502
34606,6454.138759
34607,5435.653683
34608,5989.166227
34609,6778.539507
34610,5877.291845
34611,6182.424284
34612,6919.226915
34613,6604.527403
34614,5227.445483
34615,5050.93313
34616,5417.292701
34617,6228.361765
34618,6029.898313
34619,5449.347084
34620,5569.920709
34621,6549.81586
34622,5420.356881
34623,5857.054068
34624,5424.031044
34625,5342.790528
34626,5898.950984
34627,5840.17442
34628,5983.692292
34629,6250.697842
34630,6198.211598
34631,6410.976583
34632,8080.566682
34633,6340.810434
34634,6220.078378
34635,7340.414997
34636,7040.927128
34637,7299.577768
34638,6982.789898
34639,6334.042188
34640,6980.480184
34641,7284.576625
34642,6392.942396
34643,7066.071133
34644,8490.861204
34645,6161.751129
34646,6927.799677
34647,6353.354494
34648,6956.662909
34649,6520.601415
34650,6261.538587
34651,7373.094277
34652,6849.444311
34653,6177.772548
34654,6526.490214
34655,6975.372297
34656,6977.125401
34657,8406.959415
34658,7184.667875
34659,7509.601484
34660,7661.362718
34661,7092.104311
34662,6466.071058
34663,7655.79768
34664,7517.873847
34665,7485.973703
34666,6640.685938
34667,7330.071215
34668,7579.641101
34669,8121.873692
34670,4326.053318
34671,3140.186054
34672,4269.083961
34673,4213.083634
34674,4183.502185
34675,4476.11015
34676,4324.465656
34677,3205.327727
34678,2734.7291
34679,4428.100768
34680,3645.904282
34681,4115.010257
34682,3077.174343
34683,4007.989502
34684,4695.139065
34685,3604.187779
34686,3208.510067
34687,2760.255532
34688,4166.105487
34689,3648.562564
34690,3631.771937
34691,4156.028751
34692,3551.176084
34693,4032.639093
34694,4161.162042
34695,4110.26657
34696,3128.783052
34697,3686.561128
34698,4539.544839
34699,4460.355332
34700,4458.396452
34701,4239.547511
34702,4549.643318
34703,3582.671406
34704,4360.473273
34705,4600.471731
34706,4139.731868
34707,3551.810803
34708,3562.909052
34709,3691.911799
34710,3227.200985
34711,4409.52294
34712,3950.342318
34713,3161.627781
34714,4402.021339
34715,4082.429887
34716,4331.184998
34717,4154.669467
34718,6820.853276
34719,7925.315943
34720,6987.482745
34721,6990.038763
34722,6783.612936
34723,8509.475671
34724,9617.748709
34725,6885.229581
34726,6978.11712
34727,5925.254623
34728,7738.358434
34729,7084.33407
34730,7852.629292
34731,6960.875152
34732,6941.589217
34733,6022.254649
34734,7735.450435
34735,7247.447592
34736,7863.580735
34737,6777.845547
34738,7911.732922
34739,6941.578369
34740,8500.240012
34741,7780.885347
34742,7934.439434
34743,6012.082605
34744,5945.31738
34745,7878.429879
34746,7717.88446
34747,6990.85611
34748,6150.113058
34749,8498.890469
34750,8009.259278
34751,7745.834038
34752,6808.561877
34753,6302.214004
34754,7813.003726
34755,7793.601985
34756,6008.547753
34757,7802.11549
34758,0
34759,6987.22205
34760,5590.749448
34761,7952.039254
34762,7127.817516
34763,6106.446708
34764,5565.52608
34765,7066.001003
34766,6186.428746
34767,6092.609113
34768,7044.772625
34769,6058.100044
34770,7021.237798
34771,8109.844072
34772,6881.577175
34773,7348.193023
34774,5590.159328
34775,7201.251059
34776,7154.907873
34777,6554.767506
34778,7192.479014
34779,6107.801013
34780,6137.391559
34781,5749.671578
34782,6044.514591
34783,6522.201694
34784,8990.486224
34785,5601.090395
34786,7072.055737
34787,6105.062589
34788,6158.234756
34789,5912.673905
34790,6160.981249
34791,6139.298002
34792,6855.429338
34793,6548.972043
34794,6858.817533
34795,7312.650193
34796,7009.815966
34797,6313.389668
34798,5922.022764
34799,7988.118911
34800,6992.823913
34801,6148.660471
34802,6921.785814
34803,6095.640962
34804,5522.815935
34805,5515.023103
34806,5441.883471
34807,4603.445614
34808,4584.168114
34809,5361.051037
34810,5259.479128
34811,6787.964982
34812,6568.714371
34813,5960.952079
34814,5499.978482
34815,6012.870313
34816,5402.350615
34817,6105.035264
34818,6432.46125
34819,5984.352174
34820,6191.542974
34821,5877.219938
34822,5358.750177
34823,6091.682471
34824,5393.5937
34825,5360.221991
34826,4747.20454
34827,4543.058586
34828,6084.116743
34829,5397.324229
34830,6059.417465
34831,4591.90771
34832,6011.080773
34833,7083.438553
34834,6021.985041
34835,6780.175996
34836,5528.184553
34837,5385.837243
34838,4853.238655
34839,5568.811552
34840,5952.499578
34841,4951.3357
34842,7189.786059
34843,6569.49437
34844,7734.862539
34845,6892.84844
34846,7744.676468
34847,6537.135907
34848,6824.080106
34849,6721.792063
34850,7883.528417
34851,6219.947008
34852,6625.56526
34853,6193.001777
34854,6251.23687
34855,7512.00117
34856,7326.676668
34857,6161.91724
34858,6822.659029
34859,6247.363665
34860,6282.896878
34861,6502.365095
34862,6980.658435
34863,6155.290558
34864,7463.410302
34865,7389.165667
34866,6814.49397
34867,6401.119829
34868,6203.58571
34869,6493.280644
34870,6059.076142
34871,7038.550092
34872,6779.544222
34873,6077.584799
34874,6169.106607
34875,6838.753851
34876,6692.528877
34877,6191.1647
34878,6413.357606
34879,6819.903283
34880,7849.69756
34881,6071.084837
34882,6933.670287
34883,6515.80008
34884,8851.957267
34885,7090.89218
34886,7866.98736
34887,6414.132336
34888,7816.625784
34889,7245.013977
34890,7694.391593
34891,9860.957148
34892,6460.170062
34893,6330.199622
34894,6628.465181
34895,7566.355916
34896,6651.505762
34897,7918.921021
34898,6356.950224
34899,7102.131178
34900,6374.497589
34901,7433.882558
34902,6737.49323
34903,8705.067317
34904,7796.478703
34905,7870.561817
34906,6639.822355
34907,7553.290532
34908,7772.069761
34909,7046.721634
34910,8634.287227
34911,6572.472216
34912,6356.912237
34913,6429.259465
34914,7325.4898
34915,7814.745509
34916,7635.222692
34917,6983.475114
34918,6616.406973
34919,7507.47048
34920,7524.327515
34921,7312.873733
34922,6502.916583
34923,7465.924243
34924,8558.525188
34925,8593.702
34926,9014.401978
34927,8847.698493
34928,8613.687423
34929,8541.452118
34930,10922.26477
34931,9407.485924
34932,8466.835882
34933,9391.021476
34934,11138.29346
34935,9916.96911
34936,9310.295961
34937,9377.802671
34938,9935.467156
34939,10117.14632
34940,8451.619309
34941,9047.003129
34942,8506.309506
34943,0
34944,8694.175528
34945,8591.414754
34946,8672.265316
34947,10962.72563
34948,8670.423758
34949,8651.872247
34950,9255.164152
34951,0
34952,9321.093802
34953,8696.799673
34954,9392.329972
34955,9885.93479
34956,9551.331585
34957,8928.770979
34958,8692.450992
34959,10957.30307
34960,8484.464227
34961,9949.190871
34962,8661.405645
34963,9238.84243
34964,8566.890871
34965,9404.319498
34966,8735.694012
34967,5235.035578
34968,6139.935283
34969,5651.370357
34970,5101.41784
34971,6378.736321
34972,5262.359173
34973,7079.261448
34974,6192.888444
34975,5241.483386
34976,7195.860361
34977,6306.895634
34978,5803.79588
34979,5118.10061
34980,6116.70503
34981,5804.241112
34982,5344.845262
34983,5746.230691
34984,6287.516509
34985,5878.009676
34986,5081.625673
34987,5250.199923
34988,7174.831454
34989,5992.261714
34990,5419.175528
34991,5927.761422
34992,6168.785817
34993,6038.677898
34994,6043.047887
34995,5221.550003
34996,7104.594354
34997,5634.950913
34998,5900.052817
34999,5917.620965
35000,5255.405247
35001,6102.394457
35002,5246.567832
35003,6392.299263
35004,6254.562644
35005,5986.119259
35006,6138.557843
35007,5777.733264
35008,4749.294496
35009,5135.668909
35010,5754.18657
35011,5228.533462
35012,6076.398429
35013,5833.504512
35014,4393.809825
35015,4709.955467
35016,5998.153715
35017,5226.316331
35018,4493.848769
35019,4548.99435
35020,5307.491619
35021,4485.117295
35022,4511.956343
35023,4559.933408
35024,4516.08435
35025,5103.947406
35026,4484.048291
35027,4588.996729
35028,5184.893029
35029,4693.796764
35030,4772.541094
35031,6384.082668
35032,5738.001432
35033,4540.221897
35034,4446.98485
35035,4815.745529
35036,6013.367248
35037,5244.882751
35038,4464.925774
35039,5173.400265
35040,4680.712336
35041,5127.710026
35042,4764.303574
35043,4457.728877
35044,5122.961216
35045,4568.113924
35046,5696.231394
35047,5140.88208
35048,5478.664898
35049,6574.052893
35050,6476.371563
35051,6370.018401
35052,6540.899494
35053,5315.449817
35054,7250.046258
35055,5485.225063
35056,5434.028363
35057,6349.619903
35058,6511.481893
35059,6532.683014
35060,6479.638436
35061,6528.432377
35062,6435.472712
35063,5429.263432
35064,5350.684137
35065,8064.597987
35066,7326.401238
35067,5275.195525
35068,5803.657566
35069,6405.685693
35070,5375.124145
35071,5728.955543
35072,7447.653839
35073,5900.536355
35074,5847.66917
35075,5876.963867
35076,6538.439208
35077,6567.330128
35078,6148.779297
35079,6012.241832
35080,6582.382773
35081,5446.286677
35082,6058.907919
35083,6579.469883
35084,5322.925296
35085,5283.910798
35086,5971.223629
35087,5966.416502
35088,5367.842658
35089,6736.360485
35090,7309.116935
35091,7472.023697
35092,7775.515079
35093,6526.133757
35094,7981.154964
35095,6548.084217
35096,6835.457577
35097,7192.870468
35098,6421.977347
35099,7192.288324
35100,6627.54772
35101,7194.770292
35102,7215.536814
35103,7105.171336
35104,6237.2011
35105,6530.57295
35106,7322.852138
35107,7829.636468
35108,7472.921353
35109,7172.22185
35110,8004.500443
35111,6875.658179
35112,6633.986999
35113,6525.775086
35114,7144.378664
35115,7540.505678
35116,6622.726577
35117,6378.08468
35118,6581.915725
35119,7189.761905
35120,6393.786375
35121,6547.730905
35122,7064.570097
35123,6384.570859
35124,6420.90919
35125,6541.436109
35126,7386.668659
35127,7154.607707
35128,6215.245675
35129,6556.564183
35130,6966.681719
35131,7260.259343
35132,7014.132862
35133,6988.720865
35134,8553.410761
35135,7977.358184
35136,8376.339629
35137,7839.592911
35138,9055.900376
35139,7757.826033
35140,7106.908816
35141,7903.780769
35142,7879.00435
35143,7359.020077
35144,7078.396677
35145,7391.849317
35146,6897.234478
35147,7484.631562
35148,7494.084184
35149,8284.68495
35150,6809.776062
35151,8323.503865
35152,6943.017666
35153,8194.898257
35154,8891.585781
35155,7245.36854
35156,7283.544687
35157,6691.320699
35158,6729.857789
35159,8019.296437
35160,6891.341434
35161,7430.543257
35162,7675.414647
35163,6996.066338
35164,7762.157843
35165,7737.398018
35166,8013.372718
35167,7491.458176
35168,7496.96494
35169,7253.587259
35170,8946.710286
35171,4528.919597
35172,4200.40299
35173,4111.336533
35174,3820.657049
35175,4077.107381
35176,4917.104529
35177,4892.208664
35178,4705.252341
35179,4468.766246
35180,4946.283232
35181,4618.903726
35182,4203.970681
35183,3606.22654
35184,4550.263338
35185,4430.975573
35186,4558.955851
35187,4067.536888
35188,4616.901754
35189,4418.277533
35190,4148.841323
35191,4135.716102
35192,4570.015132
35193,4236.476731
35194,4809.578216
35195,4202.27062
35196,4451.204758
35197,4526.001599
35198,4573.388728
35199,3697.47499
35200,4078.173348
35201,4997.519432
35202,3592.329173
35203,4138.756116
35204,3663.022081
35205,4230.042971
35206,3802.237077
35207,4157.860589
35208,5031.281586
35209,4053.033007
35210,4159.494292
35211,3595.063333
35212,4567.39305
35213,3790.466429
35214,4257.102516
35215,3525.429796
35216,4138.755136
35217,4504.804361
35218,3929.155215
35219,4261.658875
35220,3401.747772
35221,3913.430184
35222,3798.436458
35223,4880.619923
35224,3372.481477
35225,4955.607821
35226,4646.847317
35227,3478.727247
35228,4074.282705
35229,3765.234926
35230,3888.659748
35231,3761.537821
35232,3822.20151
35233,4300.450493
35234,4430.255788
35235,4854.550167
35236,3897.002519
35237,4346.901003
35238,3769.171165
35239,4190.733163
35240,4498.931161
35241,3396.66169
35242,3998.456195
35243,3413.872109
35244,4593.85046
35245,5001.884131
35246,3803.999619
35247,3431.564509
35248,3823.501842
35249,4202.662585
35250,4201.427658
35251,3861.612279
35252,3764.657657
35253,7997.721978
35254,8256.370911
35255,7697.564275
35256,8534.603278
35257,8836.981801
35258,7411.795878
35259,7515.773537
35260,7510.429802
35261,8814.324879
35262,8274.439084
35263,7522.118849
35264,8924.848991
35265,9500.709769
35266,7661.417057
35267,8734.455181
35268,8492.057236
35269,8513.561372
35270,7399.6344
35271,8483.720955
35272,8520.214121
35273,8504.585549
35274,8074.448634
35275,8194.553832
35276,8712.440558
35277,7462.951784
35278,7450.424718
35279,7522.250484
35280,8708.192934
35281,7976.338338
35282,7469.972913
35283,7559.410233
35284,9137.757437
35285,7635.40837
35286,8876.639014
35287,8349.462976
35288,7528.194504
35289,7388.673286
35290,8692.31173
35291,8816.275789
35292,8765.592538
35293,8291.793831
35294,7437.475324
35295,7368.747702
35296,7632.272552
35297,7521.591273
35298,7492.703168
35299,6543.92657
35300,7025.359235
35301,7066.679151
35302,7101.60647
35303,7110.828395
35304,8737.019885
35305,7416.521723
35306,6451.842935
35307,6456.770523
35308,8762.26227
35309,7050.26815
35310,7572.445143
35311,6773.518366
35312,8753.135148
35313,7048.570009
35314,7108.873341
35315,8799.522588
35316,7016.511403
35317,7044.728874
35318,7470.583529
35319,7041.301815
35320,7330.030125
35321,7385.922989
35322,8718.279646
35323,7071.294821
35324,7452.861184
35325,7485.946814
35326,7380.110134
35327,7055.292084
35328,7635.585837
35329,8846.737209
35330,7039.029132
35331,7052.759117
35332,7697.51814
35333,7530.092114
35334,7453.283599
35335,7046.310676
35336,8697.089326
35337,6569.846484
35338,7342.71049
35339,6527.53614
35340,6415.870001
35341,7332.67541
35342,5916.322309
35343,4666.042637
35344,5339.089196
35345,5961.809839
35346,5299.803519
35347,5888.446255
35348,6057.039713
35349,5086.891318
35350,5773.935809
35351,6329.915062
35352,4959.133655
35353,5055.530683
35354,5165.624593
35355,6896.130316
35356,5105.607282
35357,6108.413056
35358,5117.972633
35359,5547.021201
35360,6828.61789
35361,5787.025828
35362,5060.759164
35363,6097.63366
35364,4667.510988
35365,6289.48256
35366,5183.60243
35367,5825.029958
35368,4675.467323
35369,5189.317445
35370,5952.905382
35371,5221.927233
35372,6775.690315
35373,5316.871604
35374,5846.628913
35375,5112.008723
35376,5638.62319
35377,4765.414224
35378,6801.99694
35379,5327.679903
35380,4655.346731
35381,5240.925722
35382,8059.739208
35383,7421.219001
35384,7210.289853
35385,8108.768842
35386,6940.200993
35387,8226.554223
35388,8727.053753
35389,7126.356417
35390,9407.525963
35391,8162.235204
35392,8090.920054
35393,8011.916873
35394,8468.460127
35395,8157.561819
35396,8816.991319
35397,8013.018614
35398,7063.392975
35399,6995.500217
35400,8501.257464
35401,6997.744333
35402,7113.238013
35403,7468.528314
35404,7531.095295
35405,8760.811144
35406,7214.682312
35407,8040.160812
35408,7433.924918
35409,6966.775618
35410,8118.240209
35411,7027.050403
35412,7071.232339
35413,9392.819395
35414,7557.268362
35415,7015.083505
35416,7087.57813
35417,7269.886861
35418,7929.450038
35419,9156.593893
35420,11255.90855
35421,7378.705044
35422,7580.058059
35423,6899.579693
35424,6938.085619
35425,6418.665821
35426,6843.745853
35427,6915.431577
35428,6932.95257
35429,6062.470776
35430,7085.952254
35431,6332.059938
35432,6917.805919
35433,6917.059522
35434,6890.383899
35435,6163.075603
35436,7176.809502
35437,6196.583407
35438,6370.910163
35439,6931.338133
35440,6025.991027
35441,6180.286657
35442,6031.079705
35443,6204.635578
35444,6448.514985
35445,7126.274637
35446,7154.947234
35447,6583.228919
35448,6352.602671
35449,7165.063445
35450,6419.954708
35451,6364.461164
35452,6135.989934
35453,7114.850007
35454,6567.410744
35455,6430.783313
35456,7184.235436
35457,6534.186829
35458,6652.124818
35459,6164.106953
35460,6563.625348
35461,6449.302575
35462,6517.553061
35463,6879.348715
35464,8068.350727
35465,7316.692142
35466,6765.427205
35467,6091.193524
35468,6174.324425
35469,7640.629477
35470,6682.550137
35471,5923.623553
35472,5743.988462
35473,6344.25768
35474,6637.515292
35475,5827.547573
35476,6626.95687
35477,5920.104938
35478,6003.564288
35479,8276.206
35480,5899.306622
35481,7344.735801
35482,6990.299695
35483,5915.186364
35484,6266.687172
35485,7729.638763
35486,6035.310748
35487,7085.10279
35488,7756.844399
35489,6285.345657
35490,6983.874388
35491,6305.311392
35492,7334.301981
35493,7599.161475
35494,6649.318223
35495,6222.853508
35496,5870.318525
35497,5881.233655
35498,5985.954006
35499,5944.007578
35500,9363.236966
35501,8104.532942
35502,6415.194167
35503,7308.838068
35504,5136.807372
35505,4373.271211
35506,5126.220884
35507,5206.684732
35508,4630.891722
35509,5816.645344
35510,5146.730529
35511,4229.07462
35512,5113.353874
35513,5255.976843
35514,4940.266755
35515,4286.757269
35516,5252.4693
35517,4641.210023
35518,4930.154861
35519,6013.693663
35520,5194.744339
35521,5148.665063
35522,4199.997616
35523,4953.844316
35524,4235.21695
35525,4969.53631
35526,4642.244138
35527,4345.899638
35528,5219.761495
35529,5365.895033
35530,4317.098073
35531,4294.962758
35532,4618.235423
35533,4338.207876
35534,4566.724874
35535,4333.976968
35536,5607.911512
35537,4494.366864
35538,5857.41687
35539,4322.150491
35540,4839.61513
35541,4480.329301
35542,5014.935382
35543,5828.765199
35544,4574.671052
35545,3820.111495
35546,3851.32127
35547,3703.034498
35548,3678.907402
35549,3669.041691
35550,3814.042213
35551,4278.825374
35552,4314.799904
35553,3364.531544
35554,3354.169516
35555,3685.138171
35556,4048.532231
35557,3637.874543
35558,3203.898904
35559,3611.073156
35560,3343.796569
35561,2690.027101
35562,3480.260301
35563,3303.335534
35564,3715.60871
35565,3709.925482
35566,3937.898306
35567,2879.666268
35568,3536.895389
35569,2736.571871
35570,3304.020588
35571,3600.917966
35572,2651.446781
35573,3273.980006
35574,2827.192093
35575,3975.229489
35576,3348.917174
35577,4168.289457
35578,2704.779386
35579,4239.973203
35580,2767.650517
35581,3367.810942
35582,3204.840817
35583,3306.850339
35584,4150.141963
35585,3842.971067
35586,5967.325139
35587,7289.586341
35588,7065.588217
35589,7340.257262
35590,6095.87451
35591,7141.114338
35592,7131.013334
35593,5921.063647
35594,6969.275423
35595,6085.22042
35596,5890.055083
35597,5717.369974
35598,6347.040356
35599,6391.282447
35600,7298.894912
35601,5916.742391
35602,6929.053966
35603,6991.742363
35604,5945.94364
35605,7050.034027
35606,8220.575968
35607,8181.746521
35608,6702.101911
35609,7076.986791
35610,7097.466524
35611,6336.333375
35612,6465.148691
35613,5725.899658
35614,7415.057691
35615,8112.635802
35616,6070.067066
35617,5969.638693
35618,6298.994062
35619,6107.099998
35620,7192.356437
35621,5921.484524
35622,8183.972379
35623,5872.946767
35624,6315.358863
35625,6980.143522
35626,5725.952863
35627,6691.30732
35628,5921.846154
35629,6412.197234
35630,6736.768744
35631,7198.454404
35632,6849.196129
35633,5678.867558
35634,7758.496653
35635,6176.092874
35636,5869.333353
35637,6475.035392
35638,6791.614739
35639,5624.468738
35640,7397.48063
35641,5915.937755
35642,6100.895793
35643,6729.522101
35644,7008.607064
35645,6520.348508
35646,7080.162875
35647,6026.396245
35648,6393.419954
35649,6443.254628
35650,6444.616192
35651,5981.205683
35652,5889.642047
35653,5907.934926
35654,5951.317896
35655,5775.353269
35656,5988.046705
35657,6403.628197
35658,5899.921245
35659,5674.810094
35660,7662.137371
35661,7358.460288
35662,5895.963748
35663,5978.741694
35664,6721.040152
35665,5794.287757
35666,7252.359624
35667,5843.967462
35668,6052.522573
35669,5641.847649
35670,6578.512159
35671,7226.241103
35672,5785.483627
35673,7925.943522
35674,5761.114738
35675,6742.143179
35676,6470.871631
35677,5660.879853
35678,6768.248732
35679,6911.902978
35680,7686.399385
35681,6013.157858
35682,5602.135891
35683,6305.167687
35684,6480.099437
35685,5659.36788
35686,5689.4519
35687,6466.391848
35688,5522.46475
35689,8380.38098
35690,8052.274178
35691,7511.686689
35692,7293.267951
35693,5550.451644
35694,5657.812118
35695,5638.158132
35696,5456.209012
35697,6978.747576
35698,5663.190612
35699,6431.698919
35700,5658.673372
35701,5664.548076
35702,7963.960737
35703,5763.834657
35704,5824.660391
35705,5609.949763
35706,8248.318963
35707,5829.701687
35708,6619.68605
35709,8922.422722
35710,10162.74359
35711,9965.512206
35712,9144.62905
35713,10157.22121
35714,8603.255043
35715,9172.946828
35716,8957.403587
35717,10113.03627
35718,10182.1875
35719,8589.027898
35720,10383.98207
35721,8586.200795
35722,9257.419964
35723,10133.84867
35724,8653.310942
35725,8983.159091
35726,11340.00362
35727,10925.11914
35728,8528.245693
35729,10187.06704
35730,10280.11521
35731,9136.974007
35732,9770.983024
35733,8601.58957
35734,9359.925519
35735,8710.647771
35736,10266.51514
35737,10461.405
35738,9292.418433
35739,11350.55272
35740,9567.130377
35741,8540.024364
35742,10068.55639
35743,8614.656537
35744,8620.074989
35745,8677.851502
35746,8589.415231
35747,10051.00891
35748,11168.42898
35749,9930.880016
35750,7184.603519
35751,7564.647056
35752,7493.069453
35753,7021.658042
35754,7413.767598
35755,7764.137916
35756,8997.086623
35757,8917.647838
35758,8366.69707
35759,9749.525566
35760,9474.661706
35761,7464.902716
35762,7653.991119
35763,8331.601776
35764,7377.762699
35765,7587.356513
35766,7251.739502
35767,8418.1166
35768,8528.602332
35769,10331.3149
35770,7207.865156
35771,7503.218741
35772,7349.682488
35773,7462.131443
35774,8526.652649
35775,9288.103631
35776,7399.124848
35777,9163.613672
35778,7345.362051
35779,9049.618061
35780,7463.780641
35781,7469.365934
35782,9054.194883
35783,7486.336313
35784,9756.158593
35785,8159.344849
35786,9903.964684
35787,10033.02252
35788,10128.27285
35789,7294.432656
35790,8068.913845
35791,4812.568421
35792,5114.31474
35793,4885.283933
35794,4079.914047
35795,4483.554753
35796,4492.388341
35797,4811.911591
35798,4776.525976
35799,5258.642641
35800,5116.748725
35801,5410.854202
35802,5402.155076
35803,4549.740546
35804,4483.396454
35805,5435.792912
35806,4463.978403
35807,4594.261316
35808,4463.64328
35809,4191.084764
35810,4085.364608
35811,4200.396159
35812,4954.327263
35813,4879.010869
35814,5579.608573
35815,4356.174601
35816,4785.597866
35817,4505.745479
35818,4492.533673
35819,4754.995557
35820,4479.138089
35821,4122.952557
35822,4650.496522
35823,5148.134486
35824,5053.345984
35825,4634.385693
35826,4758.755237
35827,4091.115737
35828,4607.17718
35829,5166.644883
35830,5346.144193
35831,4769.206264
35832,8088.211265
35833,7884.23505
35834,8543.087047
35835,9480.065167
35836,8875.210609
35837,9833.404049
35838,7766.878852
35839,7398.532943
35840,8840.678796
35841,7972.627141
35842,7322.306758
35843,8528.284789
35844,7462.962929
35845,7418.496557
35846,8670.967534
35847,10678.14005
35848,7692.416786
35849,7987.999046
35850,7647.512488
35851,7210.789719
35852,9351.548786
35853,8670.607607
35854,8739.024054
35855,7818.372034
35856,8601.946603
35857,8508.915652
35858,7668.600977
35859,8422.573167
35860,6954.716098
35861,8667.198347
35862,8800.075968
35863,7976.021486
35864,8996.460181
35865,6976.00224
35866,7037.92217
35867,6939.409505
35868,7886.964978
35869,8820.056359
35870,8527.412325
35871,7006.221988
35872,8885.222737
35873,3539.508957
35874,4132.277107
35875,3450.569675
35876,3553.213648
35877,3823.851211
35878,4069.799361
35879,3542.224822
35880,3618.073376
35881,3922.214953
35882,3572.028701
35883,4092.758407
35884,3216.569251
35885,3267.47832
35886,4416.194851
35887,3832.394734
35888,4111.699128
35889,3922.480609
35890,3940.528037
35891,3460.743723
35892,3809.57067
35893,3567.731844
35894,3583.702673
35895,4069.898008
35896,4025.813879
35897,3971.703293
35898,3215.501127
35899,3773.308427
35900,3545.214791
35901,3612.724833
35902,4014.807573
35903,3861.167729
35904,3222.26992
35905,3498.012831
35906,4004.346996
35907,3570.588837
35908,3531.153081
35909,3360.130292
35910,3251.192378
35911,4135.489957
35912,3537.732579
35913,3515.610521
35914,2986.324881
35915,3733.608514
35916,3678.328524
35917,3950.715177
35918,3401.597726
35919,2263.761745
35920,3777.187107
35921,3262.371344
35922,3055.945141
35923,3114.284085
35924,3441.897455
35925,3417.031957
35926,3211.192994
35927,3431.42206
35928,3053.005922
35929,2992.854612
35930,3729.702129
35931,3171.127281
35932,2963.869025
35933,3436.244129
35934,2267.985553
35935,3301.625576
35936,2989.804703
35937,3687.028385
35938,3280.325365
35939,3167.750834
35940,3567.204726
35941,2958.4414
35942,2319.762919
35943,3111.157951
35944,2288.282131
35945,3033.511557
35946,2928.049863
35947,3420.943879
35948,3280.847884
35949,3843.238264
35950,2260.202363
35951,2294.258318
35952,2976.68678
35953,2358.897849
35954,3301.397098
35955,6077.64989
35956,6874.012189
35957,5993.117551
35958,7282.728166
35959,8237.943304
35960,7970.058708
35961,6061.356051
35962,7220.010436
35963,6075.198151
35964,6067.26371
35965,7321.366323
35966,6049.92358
35967,6751.497748
35968,5994.990152
35969,6095.218525
35970,5968.963594
35971,6795.034277
35972,7034.153553
35973,6936.101327
35974,6949.170504
35975,6127.570084
35976,6272.350402
35977,6087.165552
35978,7614.912959
35979,6174.630836
35980,6182.006562
35981,9441.00431
35982,6130.227054
35983,7032.127249
35984,6948.535881
35985,7584.792659
35986,6322.334904
35987,7142.834103
35988,5970.034094
35989,8052.424932
35990,5788.415984
35991,5879.760011
35992,5903.524829
35993,6562.672246
35994,6459.878365
35995,6925.672058
35996,11105.50838
35997,10595.81675
35998,10928.86533
35999,13347.98823
36000,13132.23451
36001,10970.25016
36002,11205.50704
36003,10893.394
36004,11870.03703
36005,11777.92777
36006,11542.65836
36007,12870.7459
36008,10478.07821
36009,10966.44536
36010,12355.01101
36011,12643.3868
36012,12078.3526
36013,12381.42747
36014,12421.4402
36015,11595.73576
36016,12137.86807
36017,11233.03075
36018,11610.72239
36019,12923.41688
36020,11836.59196
36021,11504.14757
36022,13531.25165
36023,11398.91682
36024,11546.39287
36025,12299.82699
36026,10494.71487
36027,13657.36704
36028,10539.78257
36029,11558.36928
36030,12291.44718
36031,10592.46511
36032,11131.01609
36033,12124.41815
36034,11170.09068
36035,12813.26695
36036,8621.517988
36037,7093.780353
36038,7137.309016
36039,6897.229281
36040,7774.934428
36041,8794.943234
36042,7137.335542
36043,8644.749645
36044,7750.07772
36045,6826.013651
36046,6847.419542
36047,7872.981998
36048,7805.413402
36049,7883.410132
36050,7351.58616
36051,6435.940427
36052,7142.675384
36053,7921.430897
36054,7213.372017
36055,8709.524069
36056,6472.925127
36057,6411.413393
36058,6726.67533
36059,6986.923464
36060,7828.084108
36061,7922.395386
36062,7821.322848
36063,7843.035979
36064,7708.584389
36065,6437.433008
36066,6745.427874
36067,6464.424476
36068,6611.860336
36069,6843.751689
36070,7860.651886
36071,6841.000157
36072,6697.330904
36073,6720.104303
36074,7786.620033
36075,7898.107669
36076,7893.960316
36077,6265.913613
36078,7012.600679
36079,7000.714935
36080,7776.817016
36081,5508.231436
36082,6926.735332
36083,6280.677119
36084,6513.526107
36085,5555.474863
36086,7420.793937
36087,6192.791158
36088,7403.186122
36089,6163.139188
36090,7400.687303
36091,8732.501991
36092,7497.029094
36093,6200.03389
36094,6133.579874
36095,6410.734138
36096,8612.299887
36097,9103.351632
36098,7099.673588
36099,8606.091596
36100,7444.03709
36101,6134.755452
36102,7006.072912
36103,8090.331563
36104,6315.210441
36105,6382.625115
36106,5514.083568
36107,7170.002782
36108,7765.092361
36109,7233.698812
36110,6334.329048
36111,5556.231766
36112,5868.115202
36113,6170.428399
36114,6146.839422
36115,6100.873282
36116,6243.075459
36117,5667.746695
36118,5178.519158
36119,3799.15947
36120,3997.133834
36121,6063.312445
36122,7064.591726
36123,4528.321376
36124,3805.52248
36125,4730.107919
36126,3807.140235
36127,3994.281393
36128,3523.201423
36129,6222.987607
36130,4710.835841
36131,6161.256163
36132,4499.890443
36133,4723.033737
36134,3771.658959
36135,5191.43476
36136,4714.651404
36137,5153.656815
36138,4686.924341
36139,3906.370744
36140,3989.82834
36141,3546.754446
36142,3851.678071
36143,3798.488828
36144,4699.716755
36145,4718.32897
36146,3529.647446
36147,3799.212231
36148,5197.764605
36149,3799.315584
36150,4742.322044
36151,3837.726886
36152,3833.919804
36153,4712.8214
36154,3855.934318
36155,3833.541221
36156,3552.196701
36157,3793.488385
36158,3613.245237
36159,8221.827221
36160,6885.864344
36161,6113.170696
36162,7102.164781
36163,8779.6881
36164,7001.202207
36165,5816.826593
36166,6026.585384
36167,6877.059753
36168,6046.042245
36169,6112.637393
36170,5918.644826
36171,8218.222123
36172,5988.312664
36173,7430.667317
36174,5840.484221
36175,5786.105357
36176,6312.229857
36177,6100.223171
36178,6836.418771
36179,7490.989633
36180,6889.309605
36181,7791.672272
36182,6152.456176
36183,7548.038271
36184,5912.052232
36185,6925.813075
36186,6718.335292
36187,5795.580687
36188,6013.866413
36189,5964.01944
36190,5801.33781
36191,6189.702351
36192,6745.554912
36193,7392.473206
36194,6829.387356
36195,5975.376143
36196,5976.686922
36197,6004.936076
36198,8410.173325
36199,6015.321384
36200,8362.599364
36201,9460.541051
36202,8385.549422
36203,8141.264548
36204,9853.997293
36205,8804.250848
36206,8470.124044
36207,8997.877423
36208,8422.938455
36209,8846.538874
36210,11202.14069
36211,10203.68755
36212,9605.575998
36213,11887.109
36214,8770.899265
36215,8462.456001
36216,8182.398151
36217,9605.775829
36218,9877.300562
36219,9802.672105
36220,8498.951087
36221,9677.122336
36222,9714.67043
36223,9586.862571
36224,9518.758086
36225,10121.73234
36226,10319.24168
36227,11247.15273
36228,8333.063175
36229,10044.62749
36230,8650.648584
36231,9843.518242
36232,8411.284633
36233,9639.827784
36234,8457.649371
36235,8900.86659
36236,8299.944914
36237,10193.34904
36238,11596.95779
36239,8176.004975
36240,8218.597014
36241,5295.519479
36242,6157.090558
36243,7237.26135
36244,6204.113707
36245,5249.757403
36246,5288.411912
36247,5338.186388
36248,5340.726983
36249,6138.02607
36250,6616.987802
36251,5737.179069
36252,5716.746153
36253,5585.660561
36254,6330.526664
36255,7788.356849
36256,5714.324226
36257,5405.352537
36258,6343.910676
36259,6285.314922
36260,6746.322437
36261,6358.520947
36262,7287.543741
36263,5276.713287
36264,5352.71225
36265,5374.704295
36266,5364.159146
36267,6761.59417
36268,7375.220249
36269,5746.796431
36270,6249.300009
36271,6196.572945
36272,6231.372633
36273,6937.098221
36274,5440.85207
36275,5317.71999
36276,6370.576955
36277,5335.710523
36278,6108.797141
36279,5376.997082
36280,6259.483924
36281,6191.855757
36282,7576.138119
36283,8391.756903
36284,7906.350553
36285,8693.837534
36286,8134.483334
36287,7648.249726
36288,7450.664933
36289,9440.545008
36290,7543.058731
36291,7504.043566
36292,7916.94079
36293,8176.150373
36294,8107.777642
36295,8796.444396
36296,7500.361606
36297,8489.012626
36298,8736.053989
36299,8573.360343
36300,9673.135817
36301,7662.375182
36302,7496.12678
36303,8667.128618
36304,7617.51737
36305,7426.643149
36306,8635.200019
36307,8706.486617
36308,8669.44215
36309,7934.741672
36310,8527.409636
36311,9112.067138
36312,9480.085787
36313,7497.456374
36314,8746.120689
36315,8171.54833
36316,7434.617475
36317,8329.35081
36318,10498.29348
36319,8632.03801
36320,8717.581688
36321,8638.587605
36322,8685.881111
36323,5030.534505
36324,6187.671118
36325,5141.140496
36326,6198.092179
36327,5051.319902
36328,4930.720078
36329,6177.980522
36330,5131.931813
36331,6410.055567
36332,4828.589541
36333,4973.170633
36334,5988.833985
36335,4934.963161
36336,5054.379834
36337,4986.222327
36338,5755.564813
36339,5910.415897
36340,5883.160269
36341,5762.805979
36342,5348.164024
36343,5065.618522
36344,5008.424257
36345,5824.17283
36346,5153.535359
36347,4964.439704
36348,5848.862805
36349,4906.477253
36350,5654.322633
36351,4986.084879
36352,5060.338215
36353,6381.552739
36354,5614.41514
36355,4882.584621
36356,6425.950495
36357,6045.847392
36358,4904.599213
36359,5621.993095
36360,6074.556641
36361,6003.172911
36362,5281.092901
36363,5006.760489
36364,4796.091817
36365,4668.846387
36366,4512.139113
36367,4651.444005
36368,4852.110912
36369,4697.086931
36370,4399.187874
36371,4582.682179
36372,4428.456615
36373,4580.517949
36374,4646.72672
36375,4583.958711
36376,4619.809747
36377,4698.893118
36378,4541.341288
36379,4942.591723
36380,5500.312197
36381,4821.926289
36382,4709.260463
36383,4564.010733
36384,5275.557244
36385,4440.898713
36386,5219.168332
36387,4866.920769
36388,4772.392332
36389,4679.676463
36390,4788.572916
36391,4428.999333
36392,4901.518804
36393,4670.980678
36394,4896.264702
36395,4487.053295
36396,5360.95656
36397,4581.347725
36398,4508.478365
36399,4755.456733
36400,5117.761617
36401,4419.297701
36402,4374.257027
36403,4504.877104
36404,4805.269846
36405,5579.815336
36406,4939.342681
36407,5815.362332
36408,5051.280399
36409,5005.553944
36410,5482.30117
36411,4312.788981
36412,5943.009728
36413,5494.446741
36414,4935.568843
36415,6035.436887
36416,6554.887892
36417,4978.001284
36418,5462.153993
36419,4993.279201
36420,5501.255962
36421,5514.747929
36422,4908.036411
36423,5591.141409
36424,4926.547244
36425,5021.631149
36426,5039.919546
36427,4989.683459
36428,4912.480522
36429,4294.616778
36430,5099.033461
36431,5522.750549
36432,5953.224754
36433,4347.131578
36434,5606.804277
36435,4375.322693
36436,4304.265673
36437,5544.316501
36438,6072.996155
36439,5548.530257
36440,4897.857779
36441,5784.841585
36442,4296.70496
36443,5441.077712
36444,4945.038056
36445,5840.542109
36446,6629.612574
36447,5078.029471
36448,6057.480227
36449,5792.465297
36450,6215.398067
36451,5720.73282
36452,5976.694397
36453,5892.368092
36454,5898.238373
36455,5148.405692
36456,5108.998338
36457,5780.972599
36458,5853.677039
36459,6289.896137
36460,5673.142411
36461,6062.024395
36462,5747.810826
36463,4962.536958
36464,6409.270017
36465,6168.794517
36466,5132.881182
36467,5032.058494
36468,5822.363752
36469,6187.429556
36470,5555.61089
36471,5142.19941
36472,5341.776449
36473,6245.239897
36474,6457.142389
36475,5096.506295
36476,5083.452096
36477,6289.913226
36478,5330.520896
36479,6335.386343
36480,5555.934579
36481,5068.356091
36482,5862.563014
36483,5846.382146
36484,5918.028328
36485,5789.239698
36486,5223.334685
36487,4502.965263
36488,5652.652592
36489,5958.081847
36490,5710.400782
36491,5225.843387
36492,6356.749308
36493,5495.765856
36494,5855.506386
36495,6657.938856
36496,6221.885783
36497,5806.913906
36498,5318.414341
36499,4560.235736
36500,4615.698344
36501,5133.103897
36502,5366.461418
36503,5699.610614
36504,6761.955249
36505,6411.471533
36506,6160.958223
36507,4993.265983
36508,5070.02633
36509,4978.036488
36510,5700.617071
36511,4659.837169
36512,6182.314109
36513,4857.476066
36514,5237.69573
36515,5849.613117
36516,4480.876032
36517,6033.264078
36518,5341.312906
36519,5232.216522
36520,5883.013806
36521,5253.084923
36522,5486.217592
36523,6162.129586
36524,5384.40886
36525,4499.265522
36526,6634.873995
36527,5001.435324
36528,5259.874627
36529,5081.483623
36530,4083.279453
36531,4901.379125
36532,3987.456528
36533,6229.6317
36534,5144.830468
36535,4081.653177
36536,6713.857341
36537,4036.389145
36538,3551.286728
36539,4989.066274
36540,4897.770264
36541,5097.469281
36542,6274.939168
36543,5264.38237
36544,3560.856476
36545,3424.729226
36546,5123.977482
36547,4094.948223
36548,4971.961424
36549,5369.157233
36550,3978.630912
36551,4098.091616
36552,3392.212902
36553,3381.339686
36554,4029.081869
36555,4029.714952
36556,4042.825446
36557,3527.608398
36558,5022.297322
36559,3969.69543
36560,4074.78365
36561,3364.961329
36562,6386.207013
36563,4128.734048
36564,4986.927543
36565,4078.084717
36566,3981.902277
36567,5354.248367
36568,5123.383589
36569,5480.368466
36570,4448.074262
36571,5154.50189
36572,4240.014562
36573,4429.512115
36574,6308.071349
36575,4473.97776
36576,7000.49752
36577,4202.365455
36578,4552.968584
36579,4514.77667
36580,5382.067783
36581,4643.216684
36582,5243.766384
36583,4219.582857
36584,5131.945509
36585,4191.612764
36586,5409.285174
36587,4260.079298
36588,4655.810959
36589,4793.487189
36590,5231.782429
36591,4127.260574
36592,4488.304097
36593,4078.317628
36594,4564.238459
36595,5376.680554
36596,4271.203348
36597,6159.410553
36598,6322.803933
36599,4531.626607
36600,5103.639225
36601,5330.664657
36602,5212.358571
36603,4550.338954
36604,4286.734604
36605,5288.379758
36606,4397.65086
36607,5132.745586
36608,5267.394273
36609,4094.470943
36610,4070.393825
36611,4285.991201
36612,4021.930225
36613,4761.607396
36614,4387.387909
36615,4801.494859
36616,4127.19716
36617,4442.116728
36618,4611.245929
36619,4321.040615
36620,4009.938837
36621,3944.394183
36622,4401.22854
36623,4039.265319
36624,4001.940098
36625,4829.6349
36626,4082.912434
36627,4559.707822
36628,4051.01181
36629,4034.501361
36630,4678.756426
36631,4258.692785
36632,3998.054355
36633,4470.501817
36634,3991.554904
36635,4345.04594
36636,3984.664758
36637,4196.3254
36638,4887.036458
36639,3984.845546
36640,4032.236874
36641,4016.533676
36642,3959.066771
36643,4082.469595
36644,4628.761917
36645,4038.791203
36646,4908.064349
36647,4357.412893
36648,4525.4262
36649,4657.771086
36650,6698.54059
36651,6903.595449
36652,6757.420828
36653,8091.621138
36654,6885.119318
36655,7221.949541
36656,7393.467433
36657,8141.650062
36658,6815.191646
36659,7531.581928
36660,6825.528124
36661,8370.796779
36662,6764.096685
36663,7849.02627
36664,7104.667472
36665,7569.049647
36666,7106.2388
36667,7078.179214
36668,6696.956632
36669,6900.604369
36670,7376.479676
36671,7579.003724
36672,7784.62061
36673,7615.40034
36674,7504.347807
36675,6716.712812
36676,6764.172523
36677,6777.193687
36678,7900.477778
36679,7511.635747
36680,6741.001753
36681,7503.306076
36682,7530.421923
36683,6696.851489
36684,7098.606488
36685,7749.103872
36686,7508.650591
36687,6857.80603
36688,8080.323978
36689,7499.910363
36690,6269.336647
36691,6072.589847
36692,5559.696817
36693,7057.491159
36694,6149.547785
36695,7937.728648
36696,6024.015664
36697,6161.406147
36698,8158.213727
36699,6081.947706
36700,5587.349902
36701,5742.365487
36702,6017.393398
36703,8909.434864
36704,5555.701198
36705,6161.1659
36706,5641.655924
36707,7129.924159
36708,5997.951251
36709,8946.090885
36710,6987.078347
36711,8868.259712
36712,5783.819381
36713,6146.717088
36714,7345.639817
36715,7079.434708
36716,6519.08383
36717,7347.873367
36718,6333.962549
36719,7282.808822
36720,7337.238235
36721,5580.817901
36722,6018.499843
36723,7169.78314
36724,7991.602199
36725,7391.278569
36726,7473.975807
36727,6132.252837
36728,8041.511669
36729,9922.004722
36730,6324.428506
36731,4716.106183
36732,4708.719607
36733,4586.571065
36734,6404.060643
36735,5080.070617
36736,4593.342824
36737,6007.251007
36738,5526.866252
36739,5866.740966
36740,6592.194952
36741,4599.935139
36742,5852.513703
36743,4977.905276
36744,5410.162377
36745,6473.174523
36746,4592.528288
36747,4820.118682
36748,6582.209474
36749,4987.000985
36750,4573.634564
36751,5960.702828
36752,6088.430983
36753,5778.561641
36754,4658.93625
36755,4602.637715
36756,5827.896357
36757,4643.300533
36758,4698.021594
36759,5868.382672
36760,5575.408696
36761,5898.532637
36762,6068.991351
36763,4644.097029
36764,4715.445794
36765,5875.927013
36766,4960.663711
36767,6607.981989
36768,5086.396935
36769,5782.67672
36770,4699.473939
36771,7008.243292
36772,5661.218939
36773,5847.746408
36774,5791.208519
36775,5617.085227
36776,5721.200302
36777,6084.048734
36778,6998.528319
36779,7012.99696
36780,6538.212771
36781,5598.007565
36782,5645.583321
36783,6189.644947
36784,6105.804531
36785,6521.342953
36786,5666.119819
36787,5994.788273
36788,7203.600665
36789,5609.80899
36790,5661.582168
36791,6067.56231
36792,6724.996913
36793,5744.04058
36794,6150.594396
36795,5804.288538
36796,5801.022734
36797,5871.960175
36798,6038.42111
36799,5660.384206
36800,5765.061101
36801,6197.259238
36802,7069.015739
36803,5596.769484
36804,5798.573428
36805,5857.34163
36806,6280.695722
36807,6682.591773
36808,6318.25539
36809,5542.816765
36810,6079.674688
36811,5768.06158
36812,6232.721551
36813,6184.716249
36814,6319.387514
36815,6427.043098
36816,6295.16341
36817,6193.522012
36818,7149.437783
36819,7416.347312
36820,7834.353056
36821,6264.497917
36822,6289.749465
36823,7156.726925
36824,6607.143934
36825,7460.478709
36826,7493.450228
36827,7318.864039
36828,8323.369024
36829,6797.887488
36830,6268.880488
36831,8231.314107
36832,6363.790964
36833,7109.024006
36834,7428.548646
36835,8224.181839
36836,7696.502675
36837,6523.557846
36838,8704.139941
36839,6347.176384
36840,7269.504352
36841,7581.716253
36842,7408.399714
36843,7374.785276
36844,7453.769831
36845,7607.379606
36846,7490.96803
36847,7491.42993
36848,7249.629994
36849,7147.354916
36850,6283.642344
36851,7588.247406
36852,7452.457641
36853,4752.470936
36854,4791.219637
36855,4673.269792
36856,4787.512515
36857,4764.862618
36858,4856.251401
36859,5869.613196
36860,4812.419854
36861,4832.43227
36862,4695.907417
36863,5796.249476
36864,5629.698996
36865,4913.018364
36866,4865.357311
36867,6447.928608
36868,4809.253537
36869,5815.601225
36870,4842.710343
36871,5654.864175
36872,6327.127575
36873,5844.357428
36874,4770.626957
36875,6030.290818
36876,5726.051256
36877,4829.178926
36878,5122.405364
36879,5293.269184
36880,4763.800953
36881,6309.654102
36882,6516.139049
36883,4792.053148
36884,4857.952852
36885,5628.92348
36886,5008.594115
36887,5648.2559
36888,4859.204776
36889,5886.470275
36890,6083.29928
36891,5731.311245
36892,5731.473618
36893,5557.891294
36894,4792.20031
36895,5072.90187
36896,4195.782444
36897,4790.939668
36898,4666.193238
36899,4844.776378
36900,4778.177412
36901,4245.894657
36902,5638.323028
36903,5349.84794
36904,4815.664732
36905,4240.638055
36906,5055.534429
36907,4901.594606
36908,4780.745737
36909,5447.230006
36910,5550.915503
36911,5030.614315
36912,5302.544849
36913,5332.544251
36914,5413.021077
36915,4810.23999
36916,4828.21477
36917,4717.01195
36918,5302.052347
36919,5213.355788
36920,5900.070208
36921,5505.652291
36922,4717.017351
36923,5305.773452
36924,5166.994118
36925,5029.008497
36926,4750.230218
36927,5062.595835
36928,5020.494286
36929,5093.486058
36930,4238.437632
36931,4286.72738
36932,4199.133298
36933,4655.965071
36934,8064.955701
36935,8966.346487
36936,8948.941318
36937,8149.96663
36938,9241.370533
36939,8152.272794
36940,8098.112888
36941,9141.691958
36942,8159.603582
36943,8481.627105
36944,8160.073892
36945,9031.061258
36946,7969.732524
36947,9232.540975
36948,7848.123599
36949,9905.382747
36950,9178.10888
36951,9119.456969
36952,8489.678475
36953,11259.38288
36954,9071.795848
36955,8900.661003
36956,9145.586513
36957,10388.2996
36958,9120.137203
36959,9658.231589
36960,8247.614442
36961,8030.782032
36962,9686.23107
36963,9103.789724
36964,7993.504518
36965,9212.125255
36966,10635.0618
36967,9348.596512
36968,8125.684525
36969,8820.579441
36970,10542.21831
36971,9287.673799
36972,9159.967353
36973,9129.88692
36974,9049.649353
36975,6858.924407
36976,6822.322775
36977,6761.582806
36978,6987.594594
36979,6881.262468
36980,7136.127667
36981,6877.143588
36982,7495.938899
36983,7441.794319
36984,6834.687279
36985,8563.324825
36986,7861.749497
36987,7613.563175
36988,7531.622042
36989,6735.11086
36990,7972.044427
36991,7691.597469
36992,7044.472676
36993,6880.691366
36994,8387.372956
36995,7136.960189
36996,6780.791178
36997,7642.130814
36998,7839.566771
36999,7039.293594
37000,7050.106374
37001,7484.853041
37002,8296.171917
37003,7489.840977
37004,8126.752035
37005,6838.972827
37006,7110.24531
37007,7597.961965
37008,8787.926374
37009,7399.93456
37010,7345.691106
37011,7633.94474
37012,7493.047679
37013,7460.875563
37014,9108.02053
37015,6920.122951
37016,5551.353908
37017,5472.225419
37018,6584.210525
37019,6226.863843
37020,6813.020539
37021,5575.427362
37022,6267.479036
37023,6126.372806
37024,5937.370072
37025,5486.672186
37026,5549.642645
37027,6694.097666
37028,6446.506596
37029,5485.795958
37030,5883.718115
37031,5743.920739
37032,6293.738433
37033,5625.091684
37034,5503.627972
37035,5653.01356
37036,5481.770051
37037,6269.986405
37038,5697.535603
37039,6655.477361
37040,6345.438838
37041,6454.516011
37042,5607.504944
37043,7013.287049
37044,7009.062747
37045,5866.894939
37046,6709.907009
37047,6626.318352
37048,6421.680097
37049,6603.89987
37050,6409.62673
37051,5905.471383
37052,5524.264571
37053,6968.557401
37054,7401.90077
37055,6127.646158
37056,3522.295032
37057,3597.473408
37058,3715.445199
37059,4032.515268
37060,4883.927488
37061,3558.932661
37062,3584.599374
37063,2944.940737
37064,4272.190398
37065,4254.648184
37066,4361.004509
37067,3549.721179
37068,4293.960538
37069,4031.422926
37070,4151.955537
37071,3627.441239
37072,3562.057558
37073,2912.038818
37074,2918.190467
37075,3929.280109
37076,4422.871698
37077,4060.13068
37078,5216.052557
37079,3950.287683
37080,3526.289945
37081,4949.886204
37082,3630.18417
37083,3464.848845
37084,3967.503373
37085,3589.519335
37086,3597.333651
37087,3184.117344
37088,3959.972324
37089,3083.095643
37090,3772.814572
37091,4239.597589
37092,4938.704858
37093,2906.160586
37094,4546.273168
37095,3694.955862
37096,2992.339158
37097,10659.6965
37098,10810.3518
37099,12099.0865
37100,14784.82893
37101,11003.61102
37102,14044.28587
37103,12152.84251
37104,11147.73499
37105,14810.70264
37106,13694.74473
37107,10906.71854
37108,12679.31185
37109,13777.02001
37110,10985.89521
37111,11160.3015
37112,8542.333878
37113,12550.72249
37114,11319.45587
37115,12163.40804
37116,8507.188879
37117,12578.75201
37118,10806.02916
37119,12077.62407
37120,10778.01512
37121,8879.564545
37122,11052.81101
37123,10827.10133
37124,10679.14079
37125,12338.76414
37126,15381.54577
37127,8498.110771
37128,12116.679
37129,12178.17148
37130,10891.45745
37131,14249.80869
37132,8468.524811
37133,15231.5107
37134,8738.790182
37135,11716.3624
37136,8991.741596
37137,12731.6535
37138,5686.100096
37139,6516.039844
37140,5290.009723
37141,6514.424096
37142,5472.607675
37143,6260.608865
37144,6222.186196
37145,5510.466445
37146,6419.283834
37147,6483.770429
37148,6689.430136
37149,7071.786751
37150,5689.588748
37151,6282.760296
37152,7082.710839
37153,5537.573051
37154,5526.278567
37155,5447.359469
37156,5330.460893
37157,5454.096938
37158,5499.93768
37159,5394.517511
37160,5690.571902
37161,6544.737454
37162,6858.574036
37163,5434.563256
37164,5483.498978
37165,6391.796518
37166,5674.431468
37167,5528.809557
37168,6315.973981
37169,5694.040735
37170,5465.38697
37171,6265.27609
37172,6849.865104
37173,5656.059883
37174,5735.333375
37175,7116.122345
37176,7304.375109
37177,5599.76166
37178,6632.181
37179,5528.278079
37180,5829.950185
37181,4509.181481
37182,4858.977135
37183,4583.67595
37184,5845.209308
37185,4584.056207
37186,6931.69098
37187,5758.065344
37188,5871.741009
37189,4523.681325
37190,5419.354086
37191,6811.796078
37192,4532.752401
37193,5424.169249
37194,7058.400953
37195,4529.731447
37196,7194.668622
37197,4516.7342
37198,5928.119968
37199,4720.322277
37200,4738.940328
37201,4533.039592
37202,4424.390443
37203,5702.133355
37204,5611.644387
37205,4685.096102
37206,5479.174517
37207,5492.813782
37208,5968.445242
37209,4807.184932
37210,4405.714142
37211,4558.943902
37212,5480.216055
37213,5464.791428
37214,4615.145504
37215,4612.13962
37216,4534.635346
37217,4406.310749
37218,4754.017153
37219,4915.320114
37220,7623.45604
37221,8355.15362
37222,7882.455823
37223,9189.596434
37224,8964.033211
37225,8308.91506
37226,8800.195724
37227,7842.42275
37228,8098.899544
37229,7765.390253
37230,13290.65456
37231,7550.844204
37232,9501.668131
37233,9419.003726
37234,7697.085691
37235,9494.501486
37236,9477.383911
37237,8938.767666
37238,8289.582129
37239,9465.152688
37240,11223.12945
37241,8261.369009
37242,7795.36308
37243,9472.472922
37244,8336.813404
37245,9445.44005
37246,9190.870028
37247,9489.194558
37248,7544.001069
37249,11118.57558
37250,7747.268138
37251,7687.592161
37252,9448.674612
37253,8296.348669
37254,8376.275102
37255,7762.690302
37256,11209.11245
37257,8192.185437
37258,9391.586603
37259,8235.733053
37260,9488.139811
37261,9163.976018
37262,7866.000053
37263,8486.585544
37264,8706.009437
37265,7852.873474
37266,8253.049062
37267,7826.440686
37268,8895.748842
37269,7947.291872
37270,8129.582338
37271,8992.766962
37272,9002.105101
37273,9124.215374
37274,8860.875497
37275,8737.078881
37276,9035.475017
37277,7849.770231
37278,9187.569488
37279,9949.229139
37280,8792.577399
37281,8861.109653
37282,7830.531666
37283,10076.27373
37284,8897.430436
37285,9393.062411
37286,7798.705313
37287,8937.583265
37288,9027.983664
37289,8088.949849
37290,7965.644726
37291,9861.334033
37292,7972.216493
37293,9374.332435
37294,7840.187257
37295,9249.239598
37296,9294.323588
37297,8324.140767
37298,9489.952044
37299,9127.245473
37300,9226.258875
37301,10187.64451
37302,6446.982434
37303,6309.989242
37304,7780.080999
37305,6430.128365
37306,6329.343232
37307,8943.423866
37308,6183.825014
37309,6345.127108
37310,6399.692432
37311,6483.449066
37312,7151.511029
37313,6899.06901
37314,7491.034904
37315,7389.721253
37316,6169.498778
37317,6623.515177
37318,6516.853182
37319,6299.46902
37320,9104.4923
37321,6881.268653
37322,6302.869034
37323,7421.12301
37324,6182.008442
37325,9412.183964
37326,7346.817099
37327,6370.51806
37328,7246.110773
37329,7576.914395
37330,7757.525831
37331,7563.493527
37332,8229.363706
37333,6898.874725
37334,7974.730637
37335,6491.845772
37336,6426.596111
37337,7281.053914
37338,6378.465073
37339,8216.35852
37340,9388.537142
37341,6363.262486
37342,7251.1362
37343,6273.568971
37344,6299.251437
37345,5984.262268
37346,5433.011566
37347,5542.347488
37348,6939.339882
37349,6054.143597
37350,6115.176482
37351,5729.713527
37352,6383.795345
37353,5553.159059
37354,6266.083729
37355,5609.466645
37356,6221.629138
37357,6906.603451
37358,6515.032274
37359,6095.252743
37360,6313.073355
37361,6249.779299
37362,6343.960958
37363,5342.876371
37364,6033.714386
37365,5405.118798
37366,5539.579394
37367,5658.67531
37368,6075.348541
37369,5415.724078
37370,5764.766487
37371,6346.310452
37372,6740.771696
37373,6263.371015
37374,6299.774742
37375,6275.338584
37376,5427.298774
37377,7050.803603
37378,6206.309304
37379,6023.863051
37380,5561.826239
37381,6871.88194
37382,5383.826413
37383,6818.63437
37384,6977.87586
37385,7993.124442
37386,6761.135097
37387,7402.002071
37388,7568.14811
37389,7205.620796
37390,7563.78888
37391,6751.951762
37392,7787.582519
37393,8019.300954
37394,7472.692433
37395,6815.293322
37396,7085.31368
37397,6603.954731
37398,6569.01835
37399,7786.875716
37400,7523.686511
37401,6702.843333
37402,6578.470409
37403,6654.348171
37404,7973.392647
37405,6570.580396
37406,6669.533173
37407,6874.530754
37408,6537.997511
37409,6724.700328
37410,6968.819628
37411,8352.775366
37412,6668.94451
37413,8290.5205
37414,7412.34789
37415,7931.953897
37416,6851.434549
37417,6863.274536
37418,7138.525058
37419,7376.359059
37420,7504.099018
37421,8268.421621
37422,7485.40405
37423,6740.523936
37424,8208.954879
37425,9006.783704
37426,11201.55917
37427,10414.19285
37428,9527.953844
37429,9564.355216
37430,10562.44189
37431,8263.360454
37432,9927.545331
37433,8093.042671
37434,8225.997827
37435,9585.819983
37436,8372.759355
37437,10308.11693
37438,8644.74012
37439,11031.14582
37440,10481.27516
37441,8712.994772
37442,8092.965159
37443,8151.257373
37444,8195.521373
37445,8137.940425
37446,10458.84001
37447,8623.920943
37448,8255.60972
37449,8165.555856
37450,9833.466385
37451,9950.795307
37452,9663.511583
37453,8035.556775
37454,9420.509427
37455,8602.495279
37456,8032.953234
37457,8066.758607
37458,8346.485184
37459,8112.616033
37460,8145.162766
37461,9574.324599
37462,11339.25296
37463,9414.811039
37464,11179.57407
37465,8099.052297
37466,13810.64148
37467,13589.46028
37468,11380.52506
37469,11050.15826
37470,16298.29521
37471,12857.10035
37472,13537.0635
37473,14145.35557
37474,11488.30135
37475,11344.80942
37476,11438.15979
37477,13619.25953
37478,13649.27102
37479,16396.75407
37480,14095.35515
37481,13917.09338
37482,12069.43096
37483,11529.99965
37484,16370.59463
37485,13500.54758
37486,13809.5737
37487,11216.50895
37488,13838.53767
37489,11589.19436
37490,11926.25296
37491,11365.38809
37492,11672.64831
37493,13830.8011
37494,11432.51162
37495,11569.6639
37496,11664.63237
37497,13504.9392
37498,11720.04743
37499,11407.70183
37500,13976.5937
37501,18039.67007
37502,11530.6941
37503,11283.17029
37504,11347.77982
37505,11290.79017
37506,11271.88215
37507,4018.094635
37508,4042.590142
37509,4833.196134
37510,4872.271676
37511,4286.138671
37512,3675.149348
37513,3775.34791
37514,6258.259836
37515,4024.238066
37516,4047.963142
37517,4763.287721
37518,4097.956127
37519,5436.21023
37520,4027.325195
37521,4080.33308
37522,4823.043087
37523,4871.273154
37524,6887.21668
37525,6236.051619
37526,4872.311656
37527,4297.761211
37528,5501.82326
37529,5088.641518
37530,4066.67691
37531,4117.243902
37532,3751.868573
37533,4028.138798
37534,4019.36243
37535,6114.167219
37536,4740.719703
37537,4186.139908
37538,3757.471072
37539,4020.86466
37540,4698.158627
37541,4767.342207
37542,4032.485238
37543,4880.015676
37544,5376.139738
37545,5376.59201
37546,4139.940649
37547,4579.390422
37548,4075.917717
37549,4813.200777
37550,4836.635735
37551,3990.531678
37552,4314.69197
37553,4175.650336
37554,4747.314698
37555,4462.174074
37556,4784.869926
37557,4031.864105
37558,4802.064641
37559,4526.6049
37560,4942.043183
37561,5159.637519
37562,4329.898575
37563,4693.787237
37564,6095.531741
37565,5307.186091
37566,4129.215058
37567,4801.942151
37568,4018.044933
37569,5541.439294
37570,4966.324044
37571,4006.73484
37572,5888.169611
37573,4826.729143
37574,4430.616125
37575,4058.19249
37576,4396.256874
37577,3972.09997
37578,4032.884049
37579,3997.371413
37580,4035.891251
37581,5919.253783
37582,4047.184021
37583,5965.167388
37584,4056.283768
37585,5450.630174
37586,4113.632666
37587,4045.804612
37588,5146.291043
37589,4382.601731
37590,4594.574799
37591,5565.663039
37592,4894.673925
37593,4509.980905
37594,5239.185489
37595,4810.005588
37596,4943.239866
37597,5199.642595
37598,4514.345875
37599,4534.278952
37600,4485.584596
37601,4466.774842
37602,5245.378387
37603,5414.803174
37604,4530.049842
37605,5765.859449
37606,5754.992939
37607,5129.003291
37608,4793.869324
37609,4740.487661
37610,5382.373279
37611,4674.693021
37612,4865.261978
37613,5209.937123
37614,4453.556969
37615,4874.043985
37616,5401.413013
37617,5386.805459
37618,4811.045074
37619,5347.393488
37620,5273.784991
37621,5077.798717
37622,4922.35664
37623,5213.642643
37624,5080.768592
37625,4481.331703
37626,5736.935558
37627,6326.167422
37628,4812.875028
37629,5258.934866
37630,7044.142116
37631,6037.968743
37632,6022.174009
37633,6900.293049
37634,6153.092569
37635,5876.930564
37636,6901.647954
37637,6919.967676
37638,7655.062765
37639,5936.233983
37640,5974.839109
37641,6030.970479
37642,6854.183088
37643,6434.484351
37644,6104.930214
37645,6257.007527
37646,5991.503599
37647,6541.470197
37648,5958.145351
37649,7703.667941
37650,5879.732409
37651,6023.514694
37652,6924.120013
37653,6275.005514
37654,6988.747554
37655,6038.775718
37656,7113.542426
37657,6879.035114
37658,5987.395194
37659,6714.666264
37660,7396.640359
37661,6032.704408
37662,5994.869218
37663,6330.874739
37664,6829.378837
37665,5899.535854
37666,7594.418216
37667,6801.287383
37668,6041.58612
37669,7213.933709
37670,7644.328206
37671,5387.017128
37672,5409.976364
37673,5435.594949
37674,5685.724738
37675,5400.732066
37676,5672.404575
37677,6332.533423
37678,6485.634968
37679,5856.976959
37680,6371.005688
37681,7101.686022
37682,5995.756499
37683,5729.434171
37684,5465.080759
37685,5734.946212
37686,6622.084839
37687,6455.072083
37688,5660.551077
37689,5481.070908
37690,6546.512517
37691,5911.514626
37692,7019.852633
37693,5714.299223
37694,6659.877465
37695,6247.721961
37696,6433.466525
37697,6996.995184
37698,6398.679312
37699,5670.488563
37700,5923.183829
37701,5939.099692
37702,6499.276316
37703,6334.092927
37704,6329.49128
37705,5731.223829
37706,5368.754195
37707,7074.516226
37708,5487.09843
37709,5435.615303
37710,5744.19297
37711,8833.51175
37712,8718.223851
37713,7373.662844
37714,7356.823928
37715,8518.791573
37716,7408.102083
37717,8533.203867
37718,7093.738887
37719,7221.174551
37720,7372.860568
37721,8517.332143
37722,8367.819592
37723,7134.055728
37724,8092.336539
37725,9628.952011
37726,8363.528028
37727,9803.289344
37728,7416.029012
37729,8522.859249
37730,8201.023714
37731,9000.586831
37732,8689.64515
37733,7148.302058
37734,8238.286617
37735,7204.64787
37736,9204.855012
37737,8733.113903
37738,8585.575622
37739,9676.660032
37740,7176.078965
37741,7481.894678
37742,7311.824068
37743,7936.118965
37744,8466.964546
37745,9854.020415
37746,9137.877606
37747,8339.366283
37748,8974.982007
37749,8765.398093
37750,8093.648772
37751,8538.343818
37752,7639.644094
37753,9230.912342
37754,8652.12881
37755,7808.381796
37756,7585.029659
37757,7659.275915
37758,9621.49022
37759,9049.368553
37760,9097.141199
37761,7786.593478
37762,7673.061582
37763,7450.870088
37764,7659.876679
37765,7623.838328
37766,7468.708251
37767,7708.833345
37768,8777.329951
37769,10520.80313
37770,7317.691154
37771,8740.026086
37772,9011.947347
37773,7784.391723
37774,7538.554567
37775,8693.797639
37776,7548.560121
37777,7587.888665
37778,9319.66465
37779,7409.214779
37780,8049.486587
37781,10437.36404
37782,8902.285565
37783,7605.750405
37784,7839.549828
37785,10159.31614
37786,8223.211138
37787,12208.39454
37788,8771.387062
37789,8742.224729
37790,8783.083475
37791,7597.677831
37792,9385.484658
37793,5655.898319
37794,5748.285202
37795,6682.133916
37796,6177.880665
37797,5657.060953
37798,6375.011769
37799,5724.30613
37800,6549.483285
37801,6294.815463
37802,6774.424839
37803,6591.602442
37804,6683.270481
37805,5682.285101
37806,6696.472811
37807,5767.857888
37808,6154.526636
37809,6117.217843
37810,6282.394209
37811,6462.718389
37812,5677.431028
37813,6728.95597
37814,6825.360667
37815,6762.153962
37816,5674.210499
37817,6711.7735
37818,6760.671814
37819,6715.062724
37820,5718.40697
37821,6455.321137
37822,6283.110103
37823,5636.935562
37824,5691.14106
37825,6501.174918
37826,5656.838439
37827,6170.540268
37828,5684.286621
37829,6664.980765
37830,6764.216151
37831,5628.556066
37832,5658.669634
37833,4117.972164
37834,4329.727696
37835,3704.022151
37836,3723.656454
37837,3569.580487
37838,4769.239441
37839,3954.919251
37840,3350.057323
37841,4690.294328
37842,3785.939294
37843,3806.094679
37844,4192.280073
37845,3563.418732
37846,4245.170428
37847,4388.773603
37848,4057.485075
37849,3556.609142
37850,4152.031307
37851,4131.013494
37852,4723.560962
37853,4513.203986
37854,5616.101417
37855,3370.584946
37856,3870.70916
37857,4388.654652
37858,3764.276099
37859,3869.528219
37860,3443.362261
37861,4589.347875
37862,3287.88595
37863,3744.157372
37864,4165.330871
37865,3425.46031
37866,3757.330487
37867,3682.30769
37868,4297.749329
37869,3827.569299
37870,3807.051443
37871,4305.626087
37872,3344.543631
37873,4987.654401
37874,5803.064058
37875,6691.32964
37876,6686.407839
37877,6766.797745
37878,6018.29356
37879,5909.349679
37880,5858.624424
37881,5883.485202
37882,6858.932385
37883,6280.585972
37884,6853.594675
37885,8378.037485
37886,6350.96284
37887,7532.953378
37888,7794.928153
37889,5879.922412
37890,7109.476727
37891,6075.690791
37892,6361.14735
37893,6059.0929
37894,5800.488101
37895,6674.275368
37896,6684.922182
37897,5806.895844
37898,5799.298422
37899,6228.524609
37900,5949.494562
37901,6499.964274
37902,6306.002582
37903,5784.570346
37904,5763.799732
37905,5824.555212
37906,6845.497867
37907,6742.214932
37908,6566.521338
37909,6671.543036
37910,7698.222767
37911,6677.936327
37912,7128.519876
37913,6313.782044
37914,7095.643848
37915,8453.810947
37916,8419.913681
37917,9192.33219
37918,9250.648475
37919,7815.836002
37920,8495.740838
37921,9010.108449
37922,8420.628848
37923,10109.86677
37924,5972.801929
37925,9218.055875
37926,8610.367058
37927,7428.446937
37928,9367.945296
37929,7295.664217
37930,8592.922186
37931,9182.110459
37932,5492.476101
37933,8333.905898
37934,9023.250017
37935,8083.944938
37936,8487.394193
37937,5739.843917
37938,7701.644711
37939,7488.97353
37940,5517.747622
37941,7160.233695
37942,7681.285704
37943,9194.964413
37944,8593.467177
37945,7594.718939
37946,9536.301473
37947,8568.245487
37948,7582.801746
37949,8418.312574
37950,5767.7476
37951,8631.664427
37952,8379.784176
37953,8847.489239
37954,8541.296136
37955,7426.305708
37956,9345.236471
37957,9113.039468
37958,8481.130348
37959,6061.342354
37960,10102.53384
37961,6902.053484
37962,5718.63085
37963,4261.064393
37964,5116.792627
37965,4283.142384
37966,5105.805379
37967,6133.619019
37968,4221.316969
37969,4314.373993
37970,5409.714021
37971,5320.633901
37972,4312.236243
37973,4930.758719
37974,4180.741487
37975,4661.899555
37976,5412.999557
37977,3958.121222
37978,5196.597781
37979,5776.406953
37980,5259.517107
37981,4951.774905
37982,3947.537662
37983,3904.15366
37984,5830.249361
37985,5304.730777
37986,4441.478151
37987,5045.965324
37988,5488.843492
37989,4661.471458
37990,4016.159757
37991,4350.706828
37992,4467.724342
37993,4716.788445
37994,4309.876422
37995,4287.441412
37996,4213.158496
37997,5939.801822
37998,4083.348369
37999,3956.275214
38000,4966.849501
38001,4977.348844
38002,5277.815447
38003,4198.406561
38004,6193.425293
38005,6453.784073
38006,6304.217806
38007,6409.024353
38008,7489.965294
38009,7301.863669
38010,7583.674675
38011,6200.680021
38012,6379.672868
38013,7283.821523
38014,7483.40427
38015,7846.378564
38016,7281.64765
38017,7351.525406
38018,6444.540586
38019,8359.885203
38020,6533.368431
38021,6277.807905
38022,6271.738177
38023,6229.190833
38024,9353.151031
38025,6176.539193
38026,6257.424699
38027,7480.593692
38028,6248.086273
38029,7586.611205
38030,8351.908637
38031,7277.479834
38032,8454.574897
38033,7530.260447
38034,7345.859578
38035,7336.915544
38036,6263.678992
38037,6361.962587
38038,6375.786173
38039,7640.434995
38040,6908.437525
38041,6243.697866
38042,6810.188417
38043,6235.331931
38044,6638.307259
38045,4409.91471
38046,3446.606866
38047,3710.257172
38048,4155.391503
38049,3637.043777
38050,4118.54689
38051,4184.779076
38052,3594.021617
38053,3608.365315
38054,3582.888883
38055,3662.199671
38056,3624.561378
38057,3985.335728
38058,4149.140418
38059,3751.796204
38060,4164.698266
38061,4149.108848
38062,4186.983744
38063,4158.787647
38064,3668.812781
38065,4412.415756
38066,3589.835648
38067,3907.412809
38068,4684.703519
38069,4163.447688
38070,4133.849613
38071,3430.793126
38072,4542.867694
38073,3477.715216
38074,3523.734867
38075,4137.588563
38076,3763.633568
38077,4178.376747
38078,3518.102321
38079,3620.502417
38080,3619.519451
38081,3690.617233
38082,3587.522048
38083,3644.249821
38084,4184.925593
38085,7679.714235
38086,6617.261047
38087,7353.174355
38088,7745.614131
38089,7789.87163
38090,7585.942703
38091,6757.764006
38092,7040.507285
38093,8425.663346
38094,6904.953407
38095,6512.668494
38096,6790.383946
38097,7114.024023
38098,7064.445623
38099,7309.717483
38100,8764.985518
38101,6363.519219
38102,6684.873864
38103,6848.826191
38104,6584.307487
38105,6382.687781
38106,6539.935945
38107,7710.561518
38108,7265.596908
38109,7648.522042
38110,7390.732939
38111,7672.636668
38112,6620.195879
38113,8977.151069
38114,6431.849328
38115,7310.462653
38116,7317.449399
38117,7321.415728
38118,8627.409555
38119,6816.239494
38120,6856.26213
38121,7580.134032
38122,7515.57638
38123,7992.231542
38124,6916.338043
38125,6565.893907
38126,7015.730304
38127,7642.004721
38128,6491.371995
38129,6397.116859
38130,6922.858951
38131,6944.814102
38132,6686.809616
38133,7753.367081
38134,7935.853977
38135,7039.62103
38136,6974.956331
38137,8345.184076
38138,8638.93993
38139,7762.829525
38140,8392.293222
38141,7019.227867
38142,6918.779981
38143,7763.174819
38144,6881.371047
38145,7892.456436
38146,8496.462061
38147,7742.492525
38148,9461.830036
38149,7754.911508
38150,6339.043868
38151,8008.179286
38152,6291.919185
38153,6835.747183
38154,7800.14167
38155,8289.028305
38156,6970.524804
38157,6878.93597
38158,6941.410305
38159,6849.021766
38160,6938.258786
38161,6884.403174
38162,8840.896665
38163,7624.59236
38164,6826.447319
38165,6370.993429
38166,8147.623408
38167,6455.688048
38168,7282.479405
38169,6828.267678
38170,6769.389357
38171,8700.623327
38172,5949.339754
38173,6548.743769
38174,5976.905648
38175,7245.899722
38176,6075.18185
38177,7526.73439
38178,6474.382222
38179,7513.841795
38180,8603.633822
38181,7431.550125
38182,7342.877368
38183,6511.663431
38184,5986.100164
38185,6073.265678
38186,6590.80745
38187,7682.803868
38188,6532.751982
38189,7588.453795
38190,6672.403843
38191,7339.80414
38192,8712.147933
38193,6381.956773
38194,6553.286158
38195,7355.212276
38196,6503.428278
38197,6397.332773
38198,7445.275579
38199,7300.086955
38200,7688.005835
38201,6072.404063
38202,8814.020694
38203,6819.362428
38204,6653.018524
38205,7828.915167
38206,6509.151261
38207,7991.946478
38208,7926.621731
38209,7652.441818
38210,10273.76951
38211,8967.933234
38212,7711.999467
38213,8569.489941
38214,9301.479551
38215,9484.437864
38216,7207.200891
38217,7565.52822
38218,10802.56733
38219,7677.283878
38220,7967.703731
38221,7697.859993
38222,7139.821801
38223,7646.61098
38224,10988.72813
38225,7582.848883
38226,7263.858372
38227,9941.922751
38228,7660.254394
38229,7626.03718
38230,7365.867195
38231,8812.621675
38232,10122.44697
38233,7249.739111
38234,8058.085866
38235,9558.921849
38236,8653.466377
38237,8861.42612
38238,10443.35563
38239,7596.257972
38240,9225.18568
38241,7565.908864
38242,9423.750412
38243,9989.367752
38244,7808.733219
38245,9490.391575
38246,7808.372259
38247,8683.564347
38248,7919.648021
38249,5748.207843
38250,5847.156724
38251,4865.837184
38252,6333.493088
38253,6279.501002
38254,5584.488358
38255,7388.291846
38256,5586.785909
38257,5532.358478
38258,6568.373704
38259,7444.692384
38260,6280.686698
38261,5709.759362
38262,5851.751021
38263,5688.066024
38264,6776.463517
38265,4880.907432
38266,6338.043747
38267,7649.866841
38268,5826.972903
38269,5038.727102
38270,7675.119288
38271,5625.421939
38272,5561.647144
38273,6257.388494
38274,6668.513695
38275,6297.379375
38276,6301.008125
38277,6568.747224
38278,6538.069123
38279,5572.556893
38280,6306.922609
38281,6307.283551
38282,5681.755385
38283,6245.562842
38284,5595.240474
38285,4962.397503
38286,4873.324903
38287,4869.402269
38288,5660.896841
38289,5178.428645
38290,3734.303058
38291,3675.673312
38292,3686.551136
38293,5468.844094
38294,4059.227158
38295,4790.404888
38296,3811.181535
38297,4257.777724
38298,3663.718242
38299,3931.803222
38300,4257.925378
38301,4430.504578
38302,4101.460545
38303,4370.887755
38304,4056.37628
38305,3929.300778
38306,4408.456494
38307,4365.070488
38308,3663.217594
38309,4738.066426
38310,3668.446678
38311,4772.110442
38312,3840.286908
38313,3693.609167
38314,4319.81323
38315,4517.614365
38316,3673.576444
38317,4266.442018
38318,4357.258987
38319,4408.470865
38320,4295.562794
38321,4421.13682
38322,3705.208077
38323,4412.569247
38324,4509.729421
38325,4272.122957
38326,4432.715608
38327,3679.659847
38328,3905.44394
38329,4297.540978
38330,4272.701413
38331,5648.782906
38332,6427.918035
38333,7166.623118
38334,5989.167514
38335,5920.71573
38336,7189.742587
38337,6535.643408
38338,5785.527858
38339,6121.665025
38340,6578.490631
38341,6525.253073
38342,6688.423099
38343,6688.576868
38344,6568.969892
38345,6545.474653
38346,6722.016839
38347,6552.896396
38348,6377.871296
38349,5781.172925
38350,6040.41642
38351,5893.234717
38352,5694.867851
38353,7330.721364
38354,5982.580808
38355,6442.098249
38356,6434.056259
38357,7114.82015
38358,5814.343157
38359,5927.259058
38360,6423.489402
38361,6389.561262
38362,6340.702277
38363,6174.322837
38364,6584.012104
38365,5847.05943
38366,6583.013534
38367,6492.660171
38368,6835.852507
38369,5770.762867
38370,6734.895706
38371,6821.113237
38372,6684.67853
38373,6666.787667
38374,7383.82264
38375,6631.310618
38376,6551.079826
38377,6510.384858
38378,7692.974142
38379,6634.569081
38380,6257.167015
38381,6979.593594
38382,5993.789367
38383,8257.244117
38384,7427.067837
38385,7562.597792
38386,8600.246699
38387,8387.977566
38388,7857.440456
38389,8577.251726
38390,7696.011309
38391,5913.368082
38392,6831.851744
38393,7485.048319
38394,8709.882061
38395,7405.613607
38396,7561.283667
38397,6679.562953
38398,5888.581318
38399,8286.942823
38400,6483.436346
38401,6812.987192
38402,6587.17681
38403,7585.71262
38404,5927.848634
38405,8214.202456
38406,6620.027483
38407,6540.8628
38408,8229.313008
38409,6764.174822
38410,6227.298035
38411,7858.302766
38412,5909.670922
38413,8707.625987
38414,7555.760269
38415,7683.299594
38416,9659.564404
38417,8870.765203
38418,7760.902174
38419,8815.639312
38420,7635.851058
38421,8101.302419
38422,7539.368635
38423,8716.872826
38424,9063.68268
38425,8934.079384
38426,8768.606721
38427,9482.116498
38428,7879.168698
38429,8550.991893
38430,9574.579293
38431,9157.756
38432,8436.877458
38433,8819.247904
38434,8817.965028
38435,8156.211969
38436,9646.28011
38437,8132.134929
38438,8051.204557
38439,9632.429516
38440,7573.761162
38441,7735.342482
38442,8967.133237
38443,7690.20373
38444,8161.764503
38445,8752.738449
38446,7696.652395
38447,9424.645581
38448,7622.516632
38449,7782.965935
38450,8869.738062
38451,7719.000279
38452,8185.343556
38453,8768.049818
38454,6614.954672
38455,6140.896565
38456,7381.37993
38457,7474.125253
38458,6480.286912
38459,6557.986884
38460,6691.680229
38461,6898.794953
38462,7399.318711
38463,6777.414816
38464,6537.971202
38465,8513.172
38466,7205.132856
38467,8505.697873
38468,6209.982091
38469,6705.766763
38470,6311.76359
38471,6743.517779
38472,8687.435037
38473,6621.116215
38474,7436.5001
38475,7434.433561
38476,7309.78947
38477,6192.912784
38478,6578.395654
38479,7814.96759
38480,8922.127449
38481,6561.340902
38482,7687.895265
38483,7637.658844
38484,7333.522108
38485,7396.674071
38486,6535.092479
38487,6567.512776
38488,8099.088678
38489,6244.06326
38490,6636.590243
38491,7424.903195
38492,7407.811682
38493,7970.604745
38494,6559.342551
38495,8170.894983
38496,6898.816814
38497,7134.221538
38498,6670.553052
38499,8188.076819
38500,6849.122672
38501,7794.634204
38502,8033.698491
38503,8119.732924
38504,8937.623633
38505,6934.271006
38506,6854.637834
38507,8432.473092
38508,6883.071807
38509,6779.33923
38510,8156.012944
38511,8076.45807
38512,8150.910947
38513,6938.80438
38514,7780.579996
38515,7150.634649
38516,6916.409096
38517,7814.161835
38518,7922.831714
38519,6815.359999
38520,8951.41506
38521,7941.849616
38522,7881.005895
38523,8112.206096
38524,6714.732146
38525,8555.221831
38526,8203.028608
38527,8445.028288
38528,7791.026665
38529,8268.706129
38530,8885.82015
38531,6987.523448
38532,7783.292055
38533,8128.967005
38534,7238.353486
38535,8325.476856
38536,5378.737489
38537,6450.143567
38538,5413.300139
38539,6588.234986
38540,6469.915272
38541,5433.648816
38542,5478.496483
38543,5407.920197
38544,5583.23129
38545,6453.709927
38546,5404.802913
38547,6468.908761
38548,5434.324766
38549,6569.146031
38550,5524.888698
38551,6841.138156
38552,5689.922653
38553,6707.557163
38554,5981.190132
38555,5306.87639
38556,5604.382856
38557,5278.582612
38558,7545.507551
38559,6503.182693
38560,5485.128573
38561,6415.315406
38562,5356.059776
38563,5592.860783
38564,5612.306448
38565,7398.011941
38566,7711.14297
38567,5575.280954
38568,5591.361702
38569,5920.558433
38570,7777.02335
38571,6617.997973
38572,6490.741403
38573,6717.49433
38574,6730.657262
38575,6816.068588
38576,5873.409723
38577,3951.258462
38578,5266.890323
38579,4456.222341
38580,3937.434882
38581,3815.111492
38582,3989.503654
38583,3767.263853
38584,3709.43307
38585,4453.814839
38586,3798.938972
38587,4821.13809
38588,3882.79903
38589,4474.524831
38590,4456.050061
38591,3840.807597
38592,4464.881534
38593,4146.144323
38594,3818.817829
38595,4507.002494
38596,3767.671786
38597,3887.860063
38598,3761.578271
38599,4674.751052
38600,4542.66509
38601,5144.542641
38602,3846.438337
38603,3930.065523
38604,5317.329897
38605,4494.570707
38606,5249.797015
38607,4445.258104
38608,3796.538371
38609,4592.957517
38610,4673.678892
38611,3872.353882
38612,3950.782235
38613,4464.052309
38614,4539.710977
38615,3882.797208
38616,3840.142339
38617,3984.61153
38618,9507.871996
38619,9421.938527
38620,8756.308187
38621,8520.006712
38622,8945.842709
38623,8581.765249
38624,9854.534052
38625,10642.58675
38626,11241.90002
38627,10668.47348
38628,8689.772106
38629,10168.62236
38630,8852.74002
38631,8605.779372
38632,8704.848233
38633,8589.39421
38634,10391.27964
38635,8582.844654
38636,8707.03081
38637,8756.654656
38638,8653.774648
38639,8543.987741
38640,9440.898935
38641,8665.041909
38642,8310.390527
38643,9927.483171
38644,9419.780949
38645,10512.3909
38646,8632.98479
38647,9512.590237
38648,9121.774608
38649,9187.87958
38650,9447.482
38651,8753.886376
38652,9753.778254
38653,10877.359
38654,8722.306309
38655,9321.093539
38656,10156.77246
38657,8712.408965
38658,10166.08269
38659,3471.975157
38660,4629.2464
38661,4832.370853
38662,4052.57449
38663,4090.812618
38664,4517.07595
38665,4706.119469
38666,4041.224214
38667,4779.877968
38668,4661.798734
38669,4079.905225
38670,4937.878269
38671,3429.876713
38672,4060.139533
38673,4098.337179
38674,4085.867251
38675,4849.712292
38676,4487.854444
38677,3442.142944
38678,4846.77418
38679,4425.635858
38680,4073.423864
38681,4065.444054
38682,4071.678181
38683,4093.482931
38684,4451.666993
38685,4093.558978
38686,4117.75716
38687,4595.629785
38688,3548.499925
38689,4703.137749
38690,4464.970319
38691,3570.858955
38692,4288.127947
38693,4589.890425
38694,4596.079587
38695,4632.806449
38696,3457.34626
38697,4468.658108
38698,4254.139448
38699,10035.38058
38700,9967.430491
38701,10166.50215
38702,10866.86144
38703,10229.28023
38704,10530.90062
38705,10759.69586
38706,10514.86203
38707,11655.23156
38708,9933.026872
38709,11315.96685
38710,9978.194482
38711,11342.38182
38712,11744.74344
38713,10720.74339
38714,10357.37787
38715,11926.13518
38716,9939.240147
38717,10611.18595
38718,9998.730765
38719,9977.363766
38720,11800.47658
38721,11454.02426
38722,10695.00255
38723,9834.89929
38724,11365.23932
38725,11067.35038
38726,10649.33178
38727,9933.623058
38728,10398.1269
38729,10802.50448
38730,9919.10788
38731,11128.79557
38732,10115.68039
38733,10276.10497
38734,10628.00388
38735,9935.263955
38736,10101.55128
38737,10055.14346
38738,11729.32547
38739,10855.27064
38740,6737.615238
38741,6471.213589
38742,5592.583503
38743,6839.524035
38744,6305.990052
38745,5436.806542
38746,5548.962115
38747,5492.140408
38748,5452.836576
38749,6057.894153
38750,6223.622185
38751,6315.832623
38752,6366.841973
38753,5465.292516
38754,6586.132253
38755,5520.687257
38756,5473.536473
38757,5552.082493
38758,5371.736938
38759,6155.355103
38760,5906.474042
38761,6759.023337
38762,6572.944614
38763,6810.486584
38764,5489.260998
38765,5397.247602
38766,5505.736003
38767,5675.163647
38768,5506.479466
38769,6436.927784
38770,6299.881504
38771,6023.002833
38772,5615.987052
38773,6204.497356
38774,5703.970711
38775,5932.275549
38776,5514.356379
38777,6246.319388
38778,5647.871269
38779,6304.43695
38780,4740.166274
38781,4001.010979
38782,4621.530418
38783,5406.892857
38784,4881.994021
38785,4435.217528
38786,5259.183562
38787,4003.484339
38788,4675.583758
38789,3953.616668
38790,4033.31541
38791,4527.948578
38792,5252.927367
38793,3962.608888
38794,4646.926764
38795,4030.529782
38796,3980.275036
38797,4154.008639
38798,4636.698334
38799,3941.527553
38800,5529.656982
38801,4205.081604
38802,4264.296058
38803,4511.644065
38804,4712.973131
38805,4821.171057
38806,4389.407651
38807,3934.271145
38808,4587.037185
38809,4434.102678
38810,4452.253249
38811,4549.811611
38812,4161.199517
38813,4768.234633
38814,4381.10991
38815,4759.125689
38816,4815.13592
38817,4666.751505
38818,4976.111713
38819,3985.747947
38820,3993.032028
38821,7489.908131
38822,6569.9227
38823,7205.725419
38824,6925.49674
38825,6292.818276
38826,8190.652599
38827,6888.637734
38828,6509.066296
38829,7280.13688
38830,6795.229272
38831,6424.009504
38832,6926.127447
38833,8765.716973
38834,6939.72443
38835,6380.262329
38836,7505.679306
38837,6406.854222
38838,6365.105715
38839,8594.382037
38840,6391.625764
38841,7197.610508
38842,7187.534029
38843,7667.565647
38844,7070.374498
38845,6383.296363
38846,6470.178323
38847,6216.75845
38848,6957.548336
38849,7129.11506
38850,7222.901817
38851,6257.079249
38852,7343.555711
38853,6499.75021
38854,7191.080578
38855,7785.178438
38856,8655.675842
38857,7696.885459
38858,7942.745176
38859,7410.524135
38860,6320.621528
38861,6306.189147
38862,5245.170879
38863,5863.195336
38864,5733.028918
38865,5865.381989
38866,5231.356921
38867,6293.460606
38868,6874.841871
38869,5735.915323
38870,6300.933969
38871,5909.898349
38872,5247.437447
38873,6169.324971
38874,5540.66672
38875,5554.311338
38876,6472.604561
38877,6234.409252
38878,5542.521183
38879,5705.757527
38880,6269.515643
38881,5218.303484
38882,6580.104455
38883,6861.68988
38884,6244.686624
38885,5288.192684
38886,6278.793782
38887,5769.045305
38888,5578.320119
38889,5561.076969
38890,6111.989768
38891,5536.477429
38892,6115.135288
38893,7018.226973
38894,5569.957811
38895,5585.932788
38896,6231.339249
38897,5398.609864
38898,6643.382147
38899,6510.511467
38900,5586.471608
38901,6491.349612
38902,6947.63868
38903,7247.279996
38904,6533.82844
38905,7617.506672
38906,8412.365652
38907,5549.118051
38908,5549.709103
38909,6623.04641
38910,7619.18648
38911,5631.158012
38912,7659.611475
38913,7233.526566
38914,6543.140569
38915,5585.768217
38916,7391.70209
38917,6571.530573
38918,6457.009429
38919,6562.743942
38920,6575.887874
38921,7235.579249
38922,7707.618866
38923,5533.150949
38924,6523.757891
38925,8175.636172
38926,6518.141505
38927,7274.759857
38928,8028.716825
38929,5687.274366
38930,7379.006313
38931,7816.000644
38932,7585.794392
38933,6657.551337
38934,6498.330526
38935,7894.184052
38936,5512.494732
38937,6496.795887
38938,7307.96769
38939,6656.924201
38940,8251.728423
38941,7383.047114
38942,6663.528417
38943,6486.787478
38944,7857.106392
38945,8490.634934
38946,8697.877789
38947,7556.582406
38948,8306.696878
38949,7780.774894
38950,8738.215391
38951,9457.621123
38952,8433.190425
38953,7722.645475
38954,7706.141566
38955,7635.858142
38956,7510.649596
38957,6829.875057
38958,7691.110064
38959,6858.656176
38960,7556.169635
38961,9351.347896
38962,9155.922163
38963,8911.191832
38964,7536.186319
38965,8192.154624
38966,8636.689347
38967,6885.672077
38968,7714.647675
38969,8904.996258
38970,8760.945685
38971,8446.5512
38972,6885.154172
38973,6884.76167
38974,8720.509242
38975,7124.797071
38976,8512.245038
38977,7685.604444
38978,6928.618464
38979,8666.094299
38980,9427.102623
38981,7832.393666
38982,9227.967556
38983,7517.500747
38984,7666.983039
38985,4063.827467
38986,3955.158609
38987,3966.606998
38988,3927.193038
38989,3439.221556
38990,3757.564685
38991,3452.060711
38992,4440.820681
38993,3676.180583
38994,3444.583645
38995,3884.950514
38996,4377.268214
38997,3607.67425
38998,3205.813509
38999,3481.945381
39000,3415.302575
39001,3573.328361
39002,3986.704743
39003,3811.25844
39004,3186.218322
39005,3347.804283
39006,3458.105605
39007,4887.223738
39008,3430.902448
39009,3936.394273
39010,3995.829801
39011,3417.812489
39012,4022.471652
39013,4272.032169
39014,3504.56729
39015,3514.827871
39016,3866.189092
39017,3177.518642
39018,3817.314651
39019,4509.257743
39020,3353.376508
39021,4097.712606
39022,3495.624104
39023,3469.096117
39024,3399.544876
39025,3219.814231
39026,4588.173808
39027,4052.516764
39028,4048.703373
39029,4041.603682
39030,4464.577441
39031,4034.521644
39032,4081.131081
39033,4163.033013
39034,4025.284191
39035,4551.627255
39036,4813.07154
39037,5588.551145
39038,3597.134666
39039,4584.195685
39040,4630.617832
39041,4725.169529
39042,4206.476091
39043,5534.258761
39044,4589.316008
39045,5538.960796
39046,4809.873046
39047,4653.596988
39048,3680.32548
39049,5513.204029
39050,3637.744709
39051,4556.802977
39052,4727.07048
39053,4924.129593
39054,4847.647011
39055,4126.710621
39056,4069.248323
39057,4207.302033
39058,3663.423023
39059,4997.666381
39060,3562.961053
39061,4051.670744
39062,4089.650947
39063,3590.204531
39064,4614.671956
39065,3725.198784
39066,4043.658426
39067,6188.670178
39068,8681.070541
39069,5992.00359
39070,6002.622979
39071,7429.215793
39072,5903.799616
39073,6229.90309
39074,7462.918147
39075,7744.004423
39076,6000.106472
39077,6064.798376
39078,7722.464079
39079,7680.559622
39080,5996.058611
39081,7453.905248
39082,8725.092291
39083,7266.231524
39084,9463.17851
39085,6071.306244
39086,5900.668824
39087,7170.288638
39088,7562.201325
39089,5855.220544
39090,7397.124238
39091,6021.470756
39092,5940.221966
39093,7325.285363
39094,8770.787481
39095,6175.560392
39096,6053.298752
39097,7549.646392
39098,6061.193872
39099,6134.659688
39100,5939.391691
39101,5928.489004
39102,7682.50443
39103,7489.165528
39104,7406.310946
39105,5932.8143
39106,5910.481379
39107,5823.107701
39108,10114.28546
39109,7375.765289
39110,8780.504529
39111,7318.687981
39112,7438.222823
39113,7130.130171
39114,7239.722406
39115,7174.784851
39116,8627.895819
39117,8754.540077
39118,11110.93431
39119,8720.409291
39120,9446.547345
39121,7042.413177
39122,7260.111473
39123,8828.190486
39124,7198.433063
39125,10325.33967
39126,7525.480129
39127,9613.51307
39128,8627.782574
39129,7244.892637
39130,10331.28244
39131,6969.703935
39132,7500.812844
39133,7500.47291
39134,7230.349317
39135,7290.218757
39136,7603.516275
39137,8685.131715
39138,8918.62895
39139,8906.044259
39140,7141.087026
39141,9555.621452
39142,7594.349008
39143,9630.744898
39144,7265.261013
39145,8787.411391
39146,7053.436332
39147,8783.045707
39148,7708.08978
39149,9513.699499
39150,9788.031113
39151,9440.178404
39152,11733.72757
39153,9475.42377
39154,9545.798525
39155,10362.03949
39156,10293.34614
39157,11658.62496
39158,10266.11318
39159,10515.09215
39160,11848.59163
39161,9898.917917
39162,9721.947196
39163,10624.96577
39164,9570.364489
39165,9792.704814
39166,9899.218944
39167,10268.07487
39168,9515.795158
39169,10714.6449
39170,10241.56005
39171,10187.63401
39172,10576.83948
39173,10385.02598
39174,10606.99528
39175,11503.22238
39176,10184.99826
39177,9459.740691
39178,10479.45646
39179,10324.23098
39180,10418.27787
39181,10535.85919
39182,9507.118491
39183,9774.784623
39184,10378.69245
39185,10338.63016
39186,10856.34526
39187,9636.110499
39188,10509.49165
39189,4815.987569
39190,5339.469148
39191,5965.526493
39192,5021.460709
39193,5050.537454
39194,5192.566502
39195,5646.050416
39196,5364.300859
39197,6075.558351
39198,5367.006352
39199,4826.874726
39200,5003.046841
39201,5056.13637
39202,5143.715709
39203,5455.4337
39204,4842.686567
39205,5137.063234
39206,6152.561805
39207,5560.761945
39208,5043.087012
39209,5686.704271
39210,5698.337485
39211,5558.918888
39212,6042.478154
39213,4896.710048
39214,4751.07968
39215,5300.555689
39216,6044.714831
39217,5469.945996
39218,4894.161001
39219,5358.649127
39220,5758.762768
39221,5010.229784
39222,5814.090236
39223,5625.664275
39224,5460.437475
39225,5497.824023
39226,5416.961236
39227,5438.455887
39228,5925.612697
39229,5849.499394
39230,5600.715444
39231,6137.995135
39232,5711.046053
39233,5778.887918
39234,5549.691957
39235,5795.37097
39236,5654.079523
39237,5603.179137
39238,6338.353975
39239,5993.840057
39240,6958.465199
39241,6144.032667
39242,5795.70477
39243,6124.506739
39244,5610.082218
39245,5667.529568
39246,5682.226535
39247,5794.16465
39248,6871.115998
39249,5789.240718
39250,6715.40284
39251,6449.689988
39252,6322.377221
39253,6353.852882
39254,6086.246694
39255,5499.504514
39256,5679.217013
39257,5677.828755
39258,5897.720389
39259,6080.405752
39260,6741.629191
39261,5546.48953
39262,6281.194265
39263,6235.085893
39264,7373.222641
39265,6228.291296
39266,6176.996955
39267,6588.036036
39268,5731.123928
39269,6749.792152
39270,6204.80172
39271,5940.445053
39272,5952.390627
39273,5955.139443
39274,5663.71143
39275,7254.850694
39276,5529.634777
39277,7491.140955
39278,5788.159104
39279,7390.892079
39280,5935.077242
39281,5910.433309
39282,5904.062261
39283,8847.808455
39284,7096.402431
39285,5981.44776
39286,6040.769618
39287,7734.336435
39288,5676.885923
39289,7787.366032
39290,5996.90593
39291,5990.619923
39292,8949.175224
39293,5928.753289
39294,5641.908885
39295,7104.783425
39296,5531.955362
39297,8953.437024
39298,7654.24513
39299,7201.38768
39300,6140.9695
39301,7177.299096
39302,5920.438527
39303,6995.322686
39304,5634.880344
39305,7117.181016
39306,8976.616287
39307,7016.158198
39308,5990.705574
39309,7358.287747
39310,7547.474653
39311,5994.636666
39312,6058.258091
39313,6554.012305
39314,5772.762822
39315,5762.340206
39316,6622.787875
39317,6058.239415
39318,6621.373721
39319,6218.249561
39320,5875.730348
39321,5866.740396
39322,5992.690459
39323,6581.271392
39324,6503.145799
39325,5830.055393
39326,5900.625466
39327,6594.399601
39328,6030.854997
39329,6302.341765
39330,6593.783811
39331,5948.497684
39332,5723.695338
39333,7440.553753
39334,6017.142049
39335,5906.605799
39336,5837.293756
39337,6628.17076
39338,7235.409114
39339,7206.285971
39340,6433.160242
39341,6380.486573
39342,6031.526178
39343,6606.022301
39344,5932.524578
39345,6798.617017
39346,6533.284386
39347,6595.089875
39348,6400.724361
39349,6099.710774
39350,6504.680851
39351,7407.810794
39352,6574.475077
39353,4642.177468
39354,5629.104018
39355,4680.496202
39356,4620.577862
39357,5196.824827
39358,4635.441898
39359,4015.208237
39360,4088.782741
39361,4054.327988
39362,5532.847639
39363,4751.985844
39364,4589.305017
39365,4150.747144
39366,6224.613969
39367,4685.127309
39368,4725.66946
39369,4740.342205
39370,5160.468287
39371,5550.51709
39372,4646.835089
39373,3975.337821
39374,4638.284065
39375,4673.024291
39376,4666.784817
39377,0
39378,0
39379,0
39380,0
39381,0
39382,0
39383,0
39384,0
39385,0
39386,0
39387,0
39388,0
39389,0
39390,0
39391,0
39392,0
39393,0
39394,0
39395,0
39396,0
39397,0
39398,0
39399,0
39400,0
39401,0
39402,0
39403,0
39404,0
39405,0
39406,0
39407,0
39408,0
39409,0
39410,0
39411,0
39412,0
39413,0
39414,0
39415,0
39416,0
39417,0
39418,0
39419,0
39420,0
39421,0
39422,0
39423,0
39424,0
39425,0
39426,0
39427,0
39428,0
39429,0
39430,0
39431,0
39432,0
39433,0
39434,0
39435,0
39436,0
39437,0
39438,0
39439,0
39440,0
39441,0
39442,0
39443,0
39444,0
39445,0
39446,0
39447,0
39448,0
39449,0
39450,0
39451,0
39452,0
39453,0
39454,0
39455,0
39456,0
39457,0
39458,0
39459,0
39460,0
39461,0
39462,0
39463,0
39464,0
39465,0
39466,0
39467,0
39468,5588.858371
39469,0
39470,0
39471,0
39472,0
39473,0
39474,0
39475,0
39476,0
39477,0
39478,0
39479,0
39480,0
39481,0
39482,0
39483,0
39484,0
39485,0
39486,0
39487,0
39488,0
39489,0
39490,0
39491,0
39492,0
39493,0
39494,0
39495,0
39496,0
39497,0
39498,0
39499,0
39500,0
39501,0
39502,0
39503,0
39504,0
39505,0
39506,0
39507,0
39508,0
39509,0
39510,0
39511,0
39512,0
39513,0
39514,0
39515,0
39516,0
39517,0
39518,0
39519,0
39520,0
39521,0
39522,0
39523,0
39524,0
39525,0
39526,0
39527,0
39528,0
39529,0
39530,0
39531,0
39532,0
39533,0
39534,0
39535,0
39536,5534.056323
39537,0
39538,0
39539,0
39540,0
39541,0
39542,0
39543,0
39544,0
39545,0
39546,0
39547,0
39548,0
39549,0
39550,0
39551,0
39552,0
39553,0
39554,0
39555,0
39556,0
39557,0
39558,0
39559,0
39560,0
39561,0
39562,0
39563,0
39564,0
39565,0
39566,0
39567,0
39568,0
39569,0
39570,0
39571,0
39572,0
39573,0
39574,0
39575,0
39576,0
39577,5246.370019
39578,5367.026422
39579,0
39580,0
39581,0
39582,0
39583,0
39584,0
39585,0
39586,3984.983739
39587,0
39588,0
39589,0
39590,0
39591,0
39592,0
39593,0
39594,0
39595,0
39596,0
39597,0
39598,0
39599,0
39600,0
39601,0
39602,0
39603,0
39604,0
39605,5374.717228
39606,0
39607,0
39608,0
39609,0
39610,0
39611,0
39612,0
39613,0
39614,0
39615,6268.502218
39616,0
39617,0
39618,0
39619,0
39620,0
39621,0
39622,0
39623,0
39624,0
39625,0
39626,0
39627,0
39628,0
39629,0
39630,0
39631,0
39632,0
39633,4679.260628
39634,0
39635,0
39636,0
39637,0
39638,0
39639,0
39640,0
39641,0
39642,0
39643,0
39644,0
39645,0
39646,0
39647,0
39648,0
39649,0
39650,4143.798171
39651,0
39652,0
39653,0
39654,0
39655,0
39656,0
39657,0
39658,0
39659,0
39660,0
39661,0
39662,0
39663,0
39664,0
39665,0
39666,0
39667,0
39668,0
39669,0
39670,0
39671,0
39672,0
39673,0
39674,0
39675,0
39676,0
39677,0
39678,0
39679,0
39680,0
39681,0
39682,0
39683,0
39684,0
39685,0
39686,0
39687,0
39688,0
39689,0
39690,0
39691,0
39692,0
39693,0
39694,0
39695,0
39696,0
39697,0
39698,0
39699,0
39700,0
39701,0
39702,0
39703,0
39704,0
39705,0
39706,0
39707,0
39708,0
39709,0
39710,0
39711,0
39712,5332.277361
39713,0
39714,0
39715,0
39716,0
39717,0
39718,0
39719,0
39720,0
39721,0
39722,0
39723,0
39724,0
39725,0
39726,5347.11316
39727,0
39728,0
39729,0
39730,0
39731,0
39732,0
39733,0
39734,0
39735,0
39736,0
39737,0
39738,0
39739,0
39740,0
39741,0
39742,0
39743,0
39744,0
39745,0
39746,0
39747,0
39748,0
39749,0
39750,0
39751,0
39752,0
39753,0
39754,0
39755,0
39756,0
39757,0
39758,0
39759,0
39760,0
39761,0
39762,0
39763,0
39764,0
39765,0
39766,0
39767,0
39768,0
39769,5357.750072
39770,0
39771,0
39772,0
39773,0
39774,0
39775,0
39776,0
39777,0
39778,0
39779,4771.173874
39780,0
39781,0
39782,0
39783,6826.179564
39784,0
39785,0
39786,0
39787,0
39788,0
39789,0
39790,0
39791,0
39792,0
39793,0
39794,0
39795,0
39796,0
39797,0
39798,0
39799,0
39800,0
39801,0
39802,0
39803,0
39804,0
39805,0
39806,0
39807,0
39808,0
39809,0
39810,5463.249346
39811,0
39812,0
39813,0
39814,0
39815,0
39816,0
39817,0
39818,0
39819,0
39820,0
39821,0
39822,0
39823,0
39824,5770.806804
39825,0
39826,0
39827,0
39828,0
39829,0
39830,0
39831,0
39832,0
39833,0
39834,0
39835,0
39836,0
39837,0
39838,0
39839,0
39840,0
39841,0
39842,0
39843,0
39844,0
39845,0
39846,0
39847,0
39848,0
39849,0
39850,0
39851,0
39852,0
39853,0
39854,0
39855,0
39856,0
39857,0
39858,0
39859,0
39860,0
39861,0
39862,0
39863,0
39864,0
39865,0
39866,0
39867,0
39868,0
39869,0
39870,0
39871,0
39872,0
39873,0
39874,0
39875,0
39876,0
39877,0
39878,0
39879,0
39880,0
39881,0
39882,0
39883,0
39884,0
39885,0
39886,0
39887,0
39888,0
39889,0
39890,0
39891,0
39892,0
39893,0
39894,0
39895,0
39896,0
39897,0
39898,0
39899,6056.037459
39900,0
39901,0
39902,0
39903,0
39904,0
39905,0
39906,0
39907,0
39908,0
39909,0
39910,0
39911,0
39912,0
39913,0
39914,0
39915,0
39916,0
39917,0
39918,0
39919,0
39920,0
39921,0
39922,0
39923,0
39924,0
39925,0
39926,0
39927,0
39928,0
39929,0
39930,0
39931,0
39932,0
39933,0
39934,0
39935,0
39936,0
39937,0
39938,0
39939,0
39940,0
39941,0
39942,0
39943,10417.03618
39944,9775.688398
39945,0
39946,0
39947,0
39948,0
39949,0
39950,0
39951,0
39952,0
39953,0
39954,0
39955,0
39956,0
39957,0
39958,0
39959,0
39960,0
39961,0
39962,0
39963,0
39964,0
39965,0
39966,0
39967,0
39968,0
39969,0
39970,0
39971,0
39972,9071.522034
39973,0
39974,0
39975,0
39976,0
39977,0
39978,0
39979,0
39980,0
39981,0
39982,0
39983,0
39984,0
39985,0
39986,0
39987,0
39988,0
39989,0
39990,0
39991,0
39992,0
39993,0
39994,0
39995,0
39996,0
39997,0
39998,0
39999,0
40000,0
40001,0
40002,0
40003,0
40004,0
40005,0
40006,0
40007,0
40008,0
40009,0
40010,0
40011,0
40012,0
40013,0
40014,0
40015,0
40016,0
40017,0
40018,0
40019,0
40020,0
40021,0
40022,0
40023,0
40024,0
40025,0
40026,0
40027,0
40028,0
40029,0
40030,0
40031,0
40032,0
40033,0
40034,0
40035,0
40036,0
40037,0
40038,0
40039,0
40040,0
40041,0
40042,10678.44757
40043,0
40044,0
40045,0
40046,9322.440996
40047,0
40048,0
40049,0
40050,0
40051,0
40052,0
40053,0
40054,0
40055,0
40056,0
40057,0
40058,0
40059,0
40060,0
40061,0
40062,0
40063,0
40064,0
40065,0
40066,0
40067,0
40068,0
40069,0
40070,0
40071,0
40072,0
40073,0
40074,0
40075,0
40076,0
40077,0
40078,0
40079,0
40080,0
40081,0
40082,0
40083,0
40084,0
40085,0
40086,0
40087,0
40088,0
40089,0
40090,0
40091,0
40092,0
40093,0
40094,0
40095,0
40096,0
40097,9248.049253
40098,0
40099,0
40100,0
40101,0
40102,0
40103,0
40104,0
40105,0
40106,0
40107,0
40108,0
40109,0
40110,0
40111,0
40112,10146.51492
40113,0
40114,0
40115,0
40116,0
40117,0
40118,0
40119,0
40120,0
40121,0
40122,0
40123,0
40124,0
40125,0
40126,0
40127,0
40128,0
40129,0
40130,0
40131,0
40132,0
40133,0
40134,0
40135,0
40136,0
40137,0
40138,0
40139,0
40140,0
40141,0
40142,0
40143,0
40144,0
40145,0
40146,0
40147,0
40148,0
40149,0
40150,0
40151,0
40152,0
40153,0
40154,0
40155,0
40156,0
40157,0
40158,0
40159,0
40160,0
40161,0
40162,0
40163,0
40164,0
40165,0
40166,0
40167,0
40168,0
40169,0
40170,0
40171,0
40172,0
40173,0
40174,0
40175,0
40176,10027.46102
40177,0
40178,0
40179,0
40180,0
40181,0
40182,0
40183,0
40184,0
40185,0
40186,0
40187,0
40188,0
40189,0
40190,0
40191,0
40192,0
40193,0
40194,0
40195,0
40196,0
40197,0
40198,0
40199,0
40200,0
40201,0
40202,0
40203,0
40204,0
40205,0
40206,0
40207,0
40208,0
40209,0
40210,0
40211,0
40212,0
40213,0
40214,0
40215,0
40216,0
40217,10327.39437
40218,11552.65555
40219,0
40220,0
40221,0
40222,0
40223,0
40224,0
40225,0
40226,0
40227,0
40228,0
40229,0
40230,0
40231,0
40232,0
40233,9167.318553
40234,9205.650829
40235,10776.64168
40236,10080.50986
40237,9206.003883
40238,10371.09338
40239,10143.75172
40240,10001.32878
40241,9856.746132
40242,9030.020518
40243,10063.60179
40244,8989.024874
40245,10568.66132
40246,10645.96433
40247,10936.65723
40248,9006.813331
40249,11672.84766
40250,10297.65445
40251,10798.86172
40252,9980.592694
40253,9184.236975
40254,9875.595248
40255,9108.447403
40256,10448.1333
40257,9145.593267
40258,11385.06502
40259,12335.28232
40260,10063.13775
40261,10035.31104
40262,10263.56058
40263,10972.03121
40264,7930.400945
40265,7412.450696
40266,7449.668041
40267,7895.432942
40268,8726.167285
40269,7480.413934
40270,7582.795672
40271,7350.486725
40272,7527.520571
40273,8422.793583
40274,7441.791724
40275,8754.53188
40276,7560.588951
40277,10431.28791
40278,7487.369602
40279,7406.54793
40280,8623.405596
40281,8407.816364
40282,8559.790707
40283,8870.800535
40284,10219.1696
40285,7753.307399
40286,9041.821402
40287,7536.6873
40288,8524.972887
40289,7484.246953
40290,7753.926579
40291,7954.143424
40292,7474.118599
40293,8506.668818
40294,10226.71362
40295,7381.168133
40296,8472.522657
40297,8014.92499
40298,7500.004631
40299,7549.200645
40300,8626.395694
40301,10426.88595
40302,8682.867751
40303,9204.94036
40304,8545.775236
40305,11225.9169
40306,11692.14076
40307,11727.35014
40308,13150.42581
40309,11104.04865
40310,11666.10515
40311,12287.11634
40312,11437.31679
40313,12350.70741
40314,12554.68528
40315,12604.10868
40316,13103.44421
40317,11131.92795
40318,12287.94499
40319,11152.13601
40320,12433.12381
40321,12197.45443
40322,12446.39481
40323,11071.24929
40324,11286.00619
40325,11095.25642
40326,12494.34562
40327,11169.5881
40328,12561.1064
40329,12452.71903
40330,11069.80295
40331,11365.98543
40332,12727.56745
40333,12551.40203
40334,13319.02469
40335,13097.91618
40336,12446.33201
40337,12479.94472
40338,12338.10202
40339,11778.7225
40340,11337.70393
40341,11977.35362
40342,12452.92429
40343,12562.65773
40344,12545.51055
40345,4397.623566
40346,5168.093106
40347,4899.294382
40348,5152.325466
40349,4436.850848
40350,5341.146098
40351,5081.056607
40352,4291.833473
40353,4453.650108
40354,4889.088251
40355,4337.857301
40356,4333.167979
40357,4694.53777
40358,4282.441261
40359,4291.7371
40360,4715.334057
40361,4367.286193
40362,4915.427499
40363,4674.812614
40364,4481.303582
40365,4280.459978
40366,4826.358642
40367,4294.642569
40368,4337.32648
40369,5145.295122
40370,4881.289534
40371,4691.924189
40372,5153.191097
40373,5100.639492
40374,4900.729356
40375,4529.399268
40376,4429.747941
40377,4908.087934
40378,5055.244728
40379,5302.458041
40380,4371.396384
40381,5070.686084
40382,4887.535616
40383,4874.981163
40384,4751.291317
40385,5065.066337
40386,4940.610575
40387,5103.993452
40388,5819.706285
40389,4874.722395
40390,4943.309388
40391,6675.232439
40392,4924.440339
40393,5599.931967
40394,5657.767428
40395,4877.23704
40396,5648.556165
40397,5637.196338
40398,4986.853501
40399,6850.330537
40400,5588.030359
40401,6790.469427
40402,5076.11265
40403,5898.049298
40404,5149.477077
40405,5070.158202
40406,5861.762653
40407,5467.151983
40408,4998.123
40409,5589.968251
40410,6674.101659
40411,5186.392519
40412,6331.861974
40413,4926.893892
40414,5018.584536
40415,5833.370538
40416,5001.340283
40417,5812.118496
40418,5783.334508
40419,4952.435789
40420,5723.665895
40421,6083.515316
40422,5473.817279
40423,5027.287201
40424,5290.413898
40425,6041.875631
40426,11328.5294
40427,9748.425876
40428,9299.216164
40429,9608.493555
40430,8657.481224
40431,8732.037951
40432,10216.17612
40433,9727.636879
40434,10403.70796
40435,10089.81478
40436,9435.303072
40437,11298.30064
40438,8601.133439
40439,10236.73117
40440,11584.1819
40441,10166.28267
40442,9649.7222
40443,9271.565937
40444,9396.41299
40445,9342.038702
40446,8876.82903
40447,9457.112888
40448,9355.087825
40449,11160.21006
40450,10446.84652
40451,9881.199316
40452,8621.838778
40453,10501.60185
40454,11297.86712
40455,9927.92651
40456,9341.194635
40457,9625.085331
40458,10157.95989
40459,10037.66421
40460,9900.817221
40461,9174.244143
40462,8680.758066
40463,9902.126054
40464,11301.56583
40465,10448.82632
40466,9307.089642
40467,9413.770826
40468,10053.69243
40469,11343.14349
40470,8164.301774
40471,6377.595215
40472,8169.379365
40473,9314.325333
40474,8141.976613
40475,8222.388241
40476,6481.177279
40477,6092.868406
40478,8336.783514
40479,6294.407095
40480,7273.107793
40481,9530.790719
40482,8275.889744
40483,8326.040835
40484,7248.88616
40485,6299.719736
40486,8221.817607
40487,7455.004222
40488,7339.864766
40489,7743.370945
40490,8212.566565
40491,8329.363162
40492,7913.915652
40493,8125.407521
40494,8722.351428
40495,8231.283105
40496,7681.057113
40497,9606.489436
40498,8372.374679
40499,6098.518068
40500,7335.175601
40501,7626.387653
40502,8073.042477
40503,8080.562328
40504,8539.600968
40505,8159.60749
40506,8492.355817
40507,6263.842403
40508,7695.576134
40509,7948.559024
40510,8683.985263
40511,8541.280817
40512,9787.110999
40513,7706.657971
40514,8299.901951
40515,7793.203047
40516,8469.189822
40517,8206.426591
40518,4607.525358
40519,5389.492409
40520,5291.780804
40521,4365.10673
40522,5990.620401
40523,3974.398603
40524,6529.103076
40525,6610.686037
40526,6132.083051
40527,4419.831726
40528,4366.431389
40529,4005.770186
40530,5399.415802
40531,4518.493128
40532,5531.75141
40533,5391.382911
40534,4356.144939
40535,5584.836351
40536,5584.271383
40537,4630.024396
40538,3968.800432
40539,4682.992738
40540,4342.579905
40541,4474.284028
40542,4423.501375
40543,4306.780948
40544,4541.442137
40545,5342.503129
40546,3938.966246
40547,6151.879043
40548,4180.553812
40549,5299.17673
40550,7142.358164
40551,6610.664179
40552,5416.514605
40553,4361.47341
40554,5410.456182
40555,5961.676783
40556,4064.540649
40557,4081.142388
40558,4493.976899
40559,9000.64885
40560,10267.07023
40561,10147.31876
40562,8946.122841
40563,9018.813007
40564,12316.04897
40565,10728.24153
40566,12241.84864
40567,9046.713096
40568,9020.275671
40569,8950.250185
40570,8743.431427
40571,9447.716492
40572,9497.101525
40573,10115.29893
40574,10319.16819
40575,10590.44974
40576,9011.668102
40577,8958.920548
40578,12418.45869
40579,8974.401449
40580,9254.502792
40581,10249.44603
40582,10078.95856
40583,10819.72057
40584,9502.962052
40585,9250.868113
40586,9376.92808
40587,10227.03333
40588,8954.288778
40589,8680.598999
40590,8832.701037
40591,8916.380727
40592,10291.86523
40593,8880.828346
40594,10626.18154
40595,9348.722852
40596,10451.86817
40597,12128.23335
40598,10529.39005
40599,10262.09915
40600,6274.69286
40601,6280.88079
40602,6353.968201
40603,7116.672012
40604,6824.176198
40605,6293.782924
40606,6260.900925
40607,7123.79585
40608,6277.481637
40609,7202.311441
40610,6313.612901
40611,7414.958218
40612,8018.881113
40613,7290.241293
40614,8104.488883
40615,6656.938519
40616,6788.083238
40617,7301.865349
40618,6238.744792
40619,7172.512473
40620,6304.723137
40621,6405.852204
40622,7869.567516
40623,8004.029177
40624,6822.714109
40625,6577.578779
40626,7154.033442
40627,7179.351136
40628,6811.505372
40629,7236.366703
40630,6856.601343
40631,7165.271415
40632,6360.486907
40633,7267.971409
40634,6780.973043
40635,6265.344449
40636,6717.506155
40637,7325.89757
40638,6973.118858
40639,6769.42983
40640,4693.942762
40641,6187.232333
40642,6258.979644
40643,4712.70345
40644,4639.380625
40645,6136.351376
40646,4707.897361
40647,4683.039043
40648,5699.072412
40649,4710.686512
40650,4601.267466
40651,5687.945815
40652,4624.38114
40653,4880.884497
40654,5214.040982
40655,4804.639644
40656,5606.058214
40657,4600.442796
40658,5746.768367
40659,5205.312637
40660,5361.211377
40661,5958.819613
40662,5656.596936
40663,5880.50974
40664,5926.147373
40665,6450.292376
40666,5371.348498
40667,5230.966207
40668,4703.94536
40669,5171.53176
40670,5735.773844
40671,4790.988444
40672,5586.48549
40673,5357.34817
40674,5168.143028
40675,5334.208286
40676,5575.61145
40677,4703.82108
40678,5887.834093
40679,4670.374702
40680,6014.123528
40681,4897.193665
40682,4864.261984
40683,5615.423978
40684,4967.089833
40685,4855.396133
40686,5186.99804
40687,6451.606635
40688,6406.132404
40689,4914.725113
40690,6014.548142
40691,5949.396164
40692,5568.490507
40693,4890.037712
40694,5753.04822
40695,5794.278516
40696,5992.908814
40697,5897.013097
40698,4844.174736
40699,5244.131618
40700,5870.108743
40701,5837.756328
40702,6299.976514
40703,6105.136387
40704,5923.961063
40705,5642.199662
40706,4973.420076
40707,5961.205923
40708,6909.805574
40709,4899.887672
40710,5025.842618
40711,4927.063586
40712,5025.709901
40713,5937.823257
40714,5984.058863
40715,5659.967969
40716,5864.677215
40717,5798.910361
40718,5610.908362
40719,5172.861125
40720,5926.217316
40721,5062.507944
40722,4109.272031
40723,6115.079933
40724,6089.047221
40725,5961.89471
40726,4001.933356
40727,3993.48878
40728,3994.685587
40729,4107.357772
40730,4745.776944
40731,4266.152982
40732,4225.799393
40733,4796.530233
40734,4937.645102
40735,4980.306063
40736,4119.553672
40737,4331.852618
40738,4147.600223
40739,4079.076575
40740,4121.268215
40741,4872.28803
40742,4189.86491
40743,4268.578081
40744,5956.72517
40745,4366.548686
40746,5001.21722
40747,4054.919999
40748,4312.077369
40749,5352.299839
40750,4850.541195
40751,4947.507222
40752,4899.179323
40753,4738.312486
40754,4661.44017
40755,4785.466347
40756,4243.706601
40757,4236.608967
40758,5223.580531
40759,4784.519946
40760,4546.105046
40761,4235.554093
40762,5785.139794
40763,4720.616892
40764,4694.532741
40765,4710.77452
40766,5279.30136
40767,5544.265986
40768,5817.544277
40769,5133.8314
40770,4718.140091
40771,5358.481033
40772,4733.487407
40773,5816.993379
40774,4765.247786
40775,3892.874064
40776,5083.269915
40777,4692.014038
40778,5265.033451
40779,5203.556888
40780,4701.290595
40781,4834.068797
40782,5229.098164
40783,3893.435672
40784,3891.084365
40785,4794.948742
40786,6289.21505
40787,5223.641455
40788,3914.28634
40789,5196.49382
40790,4083.101559
40791,4863.710591
40792,5237.195568
40793,5151.758276
40794,4823.4743
40795,4902.491719
40796,4751.55934
40797,5372.849227
40798,3969.163428
40799,4716.711313
40800,3980.951401
40801,5471.137347
40802,5172.576668
40803,5147.212046
40804,6824.372551
40805,5521.315106
40806,5139.920632
40807,6290.15867
40808,6735.912402
40809,7822.829548
40810,6425.203681
40811,6054.851894
40812,5957.322378
40813,5184.964337
40814,5244.218379
40815,5502.776092
40816,5160.459146
40817,7871.205191
40818,5275.174843
40819,5183.255559
40820,6744.060426
40821,5592.579958
40822,6323.94148
40823,7835.438439
40824,6313.84765
40825,5489.703236
40826,8001.739423
40827,5489.363745
40828,5189.505261
40829,6246.628719
40830,5175.497716
40831,6297.033231
40832,6357.959553
40833,6406.448409
40834,5471.404259
40835,5192.452954
40836,6285.008238
40837,5305.199498
40838,5323.045222
40839,5324.940289
40840,6169.634078
40841,6895.007427
40842,5696.774949
40843,5176.021671
40844,4224.247852
40845,4265.741838
40846,4265.152643
40847,6260.110497
40848,6008.802419
40849,6050.303567
40850,4335.581727
40851,4242.24688
40852,4907.943877
40853,4226.743665
40854,5215.777019
40855,4338.523109
40856,5430.350041
40857,5181.191018
40858,4051.105224
40859,5199.590583
40860,4484.139612
40861,6050.584993
40862,4568.663976
40863,4440.071828
40864,5166.061286
40865,5231.796441
40866,4328.892577
40867,4430.859066
40868,4320.961515
40869,4296.049296
40870,5129.213427
40871,4029.907795
40872,4071.356987
40873,5158.190244
40874,4066.957087
40875,5268.378591
40876,5153.243369
40877,4145.488534
40878,4064.577581
40879,4861.932882
40880,4419.054743
40881,5192.141304
40882,5152.770225
40883,5240.109417
40884,5549.963957
40885,7236.276459
40886,4558.774869
40887,4479.506004
40888,4572.091805
40889,6310.023453
40890,5032.028772
40891,4555.581492
40892,6383.412521
40893,3989.531327
40894,5158.577595
40895,5155.303016
40896,4596.307606
40897,5184.801289
40898,4561.020281
40899,5187.757345
40900,4680.969705
40901,5172.371043
40902,6439.462911
40903,4966.682673
40904,3967.558142
40905,3966.707751
40906,4693.466864
40907,4500.024882
40908,3961.868767
40909,5185.013904
40910,4479.718734
40911,4147.306249
40912,5182.058171
40913,4505.422235
40914,5447.092788
40915,4561.11716
40916,5523.865764
40917,4952.713231
40918,4144.008469
40919,5171.940481
40920,4482.659641
40921,4011.864581
40922,5495.661027
40923,4506.544066
40924,4497.634755
40925,9635.362705
40926,8226.391564
40927,8340.670611
40928,8124.308301
40929,8220.632233
40930,8143.226226
40931,9557.901311
40932,8264.762459
40933,8211.471734
40934,9646.224524
40935,8243.137904
40936,8699.318236
40937,12140.12705
40938,8417.10222
40939,9744.341094
40940,8291.115535
40941,12018.84239
40942,9570.205328
40943,12206.97642
40944,7951.304256
40945,9377.623317
40946,12271.16065
40947,8561.031213
40948,8202.216887
40949,10191.0982
40950,8195.214643
40951,9334.133724
40952,8005.544222
40953,9572.477812
40954,10289.04391
40955,10225.16386
40956,9463.822994
40957,10065.49203
40958,8618.825377
40959,8395.117718
40960,8113.615383
40961,9644.599136
40962,10562.25253
40963,8243.531505
40964,8019.883883
40965,8106.245157
40966,6044.537044
40967,7487.052682
40968,6293.441387
40969,5970.893248
40970,6150.406397
40971,6814.823959
40972,6197.506939
40973,7247.140399
40974,7061.079679
40975,7183.932305
40976,6909.594101
40977,6831.10517
40978,6699.787953
40979,6163.467541
40980,6659.811018
40981,6819.991482
40982,5963.479861
40983,6671.509387
40984,6217.679824
40985,5977.090918
40986,6409.699782
40987,6031.847461
40988,6775.458505
40989,6128.516903
40990,6107.931784
40991,6218.364894
40992,6519.776375
40993,6067.81735
40994,6745.682811
40995,7197.295712
40996,6775.099322
40997,7287.608872
40998,6237.120452
40999,6084.727525
41000,6090.414779
41001,6753.500294
41002,6159.232145
41003,6084.53424
41004,6298.515646
41005,6538.449405
41006,6137.621116
41007,20902.93033
41008,20317.85629
41009,20726.18891
41010,22630.39994
41011,21613.56849
41012,20043.05266
41013,20079.18805
41014,22156.38111
41015,21039.19743
41016,22311.33537
41017,22104.31373
41018,21838.87064
41019,22347.04423
41020,20998.7954
41021,23132.54731
41022,21111.08864
41023,20235.06129
41024,22097.32887
41025,21924.27759
41026,21706.52025
41027,21847.33027
41028,20426.36954
41029,21582.43325
41030,22200.31433
41031,20882.11443
41032,20095.58198
41033,22065.06779
41034,22242.97301
41035,20415.46838
41036,20422.01652
41037,20722.04258
41038,20261.9839
41039,20852.39262
41040,20373.33044
41041,22901.30717
41042,21969.92582
41043,22773.92527
41044,20436.6414
41045,21653.76607
41046,20644.41317
41047,20198.82578
41048,8001.665734
41049,5812.195955
41050,7678.211535
41051,6627.292867
41052,5843.312717
41053,6833.309832
41054,6713.757687
41055,6640.486343
41056,5697.108591
41057,6898.517476
41058,5820.364879
41059,6571.688162
41060,7388.818353
41061,6622.393308
41062,6642.397281
41063,7652.366385
41064,6635.48081
41065,5828.841047
41066,6769.444284
41067,6778.765241
41068,6917.125639
41069,6097.08216
41070,6735.020028
41071,5768.77824
41072,6996.602856
41073,6698.547086
41074,6629.511676
41075,5775.398746
41076,5888.97624
41077,6783.205274
41078,6795.1001
41079,5899.681475
41080,5709.094302
41081,5759.39487
41082,5813.56449
41083,6975.486323
41084,5787.751643
41085,6558.725889
41086,5733.890425
41087,7655.351525
41088,7376.722151
