Id,Sales
1,4920.765433
2,4755.303088
3,4309.970056
4,4371.450458
5,4896.507562
6,4848.759114
7,4299.142473
8,4872.551702
9,4352.603526
10,4254.329366
11,4346.647104
12,4844.710615
13,4372.568738
14,4375.512606
15,4322.555538
16,4875.832078
17,4396.915781
18,4420.993409
19,4850.578796
20,4367.737614
21,4916.697478
22,4468.707216
23,4276.226606
24,4940.89664
25,4888.922152
26,4506.319164
27,4461.886833
28,4893.961758
29,4826.506252
30,4803.159419
31,4964.83433
32,4431.128043
33,4338.910395
34,4938.864945
35,4228.566126
36,4780.043697
37,4915.609427
38,4281.574881
39,4444.451869
40,4398.141831
41,4870.072937
42,6334.940577
43,5799.920936
44,7520.741608
45,5613.943828
46,7722.722012
47,7355.05691
48,5689.851058
49,5837.106014
50,5963.8471
51,7611.001699
52,7886.463595
53,6002.606474
54,7775.053893
55,7558.6144
56,5759.314856
57,5672.463352
58,8015.744146
59,5921.610793
60,7976.532458
61,7851.445466
62,5636.420226
63,6500.747638
64,8049.951445
65,6084.803722
66,7445.65522
67,8117.131268
68,6509.389964
69,6128.318902
70,7937.69425
71,5703.804464
72,7686.359861
73,6413.834724
74,5597.68297
75,7953.551619
76,5661.381883
77,6344.092853
78,7788.393963
79,6248.939277
80,6168.706836
81,7621.981046
82,7454.925763
83,8682.574768
84,8905.010682
85,10849.85555
86,9737.646105
87,7910.321405
88,7907.37371
89,9851.300102
90,8130.646238
91,10295.07024
92,10627.53957
93,10073.35645
94,10956.25511
95,8591.650308
96,10181.15763
97,9958.062532
98,9252.695888
99,7802.140471
100,8811.411156
101,7713.523116
102,10735.88469
103,9351.349553
104,9027.091217
105,9031.687837
106,7856.142835
107,9127.997847
108,7966.49873
109,9628.931465
110,10099.7179
111,10404.50441
112,7753.18121
113,8579.452949
114,9958.950446
115,9514.619007
116,10289.21775
117,8803.78207
118,9474.420833
119,10513.44743
120,10063.93104
121,9574.694531
122,8354.83587
123,10178.49042
124,4844.942774
125,6871.408361
126,7090.173859
127,5065.299728
128,6417.141959
129,4821.369733
130,6638.190248
131,5247.006578
132,4811.915906
133,5464.081423
134,6895.93432
135,5026.796586
136,6468.721697
137,6196.519423
138,6208.417474
139,5682.679828
140,7079.514237
141,6675.813859
142,4806.916031
143,6688.008268
144,5246.246729
145,7115.621601
146,6248.447182
147,4813.980018
148,5029.012611
149,6906.169891
150,6455.402548
151,7081.573218
152,4854.953121
153,5507.501428
154,5902.008186
155,5286.259237
156,6430.143332
157,5688.238752
158,5467.550771
159,4803.77805
160,6651.309588
161,5728.600236
162,6859.126904
163,5949.115372
164,5908.81818
165,7653.165837
166,6557.331733
167,7588.93134
168,7604.795615
169,6603.334924
170,7522.763222
171,7729.915088
172,6671.695254
173,7601.671569
174,7669.304745
175,6668.249025
176,6872.35277
177,6680.062144
178,7538.9344
179,7394.624644
180,6618.633959
181,7524.256798
182,6616.013787
183,7666.398065
184,6577.427667
185,7587.778307
186,7719.540546
187,7458.327235
188,6806.914633
189,7471.994873
190,6742.048005
191,7611.316263
192,6539.315456
193,7404.495001
194,6495.733053
195,6804.902295
196,7654.057236
197,6939.147474
198,6734.064372
199,6606.236868
200,6805.156116
201,7535.822086
202,6738.106313
203,6740.050142
204,6649.030357
205,6511.451683
206,6177.357075
207,6186.994797
208,5274.372063
209,5227.833356
210,6092.363425
211,5248.606858
212,5360.867056
213,5416.857308
214,5332.284204
215,6224.094201
216,5165.545748
217,5401.230548
218,5925.899402
219,5621.93539
220,5209.068209
221,6311.070127
222,5877.606738
223,5502.395571
224,6161.534241
225,5838.898109
226,5664.093471
227,5588.706369
228,6225.246511
229,6013.248429
230,5314.491908
231,5447.793849
232,5188.43139
233,5750.969098
234,6052.702057
235,6139.586419
236,5488.685274
237,6093.499658
238,6100.415881
239,5965.917026
240,6053.438811
241,6005.827518
242,5338.375664
243,5172.547216
244,5534.9255
245,5576.482026
246,6139.087573
247,8754.861987
248,8558.849929
249,8856.661183
250,8757.300315
251,8765.236091
252,8431.691406
253,8668.940439
254,7752.615359
255,7441.490008
256,8772.124875
257,7339.934287
258,7448.042572
259,8647.668928
260,7543.84813
261,7339.516508
262,7767.25635
263,8324.674294
264,8348.484562
265,8537.992602
266,8539.670161
267,7660.455072
268,8644.896206
269,8453.041825
270,8751.198894
271,8563.746405
272,7554.381457
273,7236.011606
274,7553.220911
275,7647.511438
276,7873.106321
277,7238.408505
278,8662.894783
279,7247.353596
280,8456.711186
281,7766.831337
282,7341.895755
283,7660.721485
284,7255.495749
285,7353.449141
286,7446.098422
287,7226.506287
288,8489.138059
289,8299.083729
290,6815.499346
291,8648.591217
292,8543.271568
293,8253.751725
294,7141.862864
295,6753.64398
296,8690.248283
297,8478.557434
298,8090.278618
299,8188.73688
300,6837.314998
301,8553.665621
302,6742.164547
303,7126.513095
304,6727.126106
305,6909.541157
306,8363.011834
307,7044.03605
308,8447.430443
309,8202.323468
310,7195.607983
311,8286.616304
312,6756.212801
313,6933.114945
314,6659.752463
315,8394.70822
316,7239.284297
317,6795.874438
318,6946.422272
319,6688.246969
320,7029.585896
321,7004.184888
322,8383.312018
323,6849.539359
324,8156.636069
325,6721.557742
326,8350.836451
327,8458.522338
328,7099.561026
329,5818.013204
330,5837.06996
331,4517.307035
332,5728.506799
333,5770.380543
334,4498.116393
335,4673.650544
336,5715.331636
337,4592.644282
338,4552.383917
339,4480.659966
340,5691.558494
341,5811.423405
342,5767.502602
343,4556.59939
344,4536.638858
345,4432.340982
346,4652.830883
347,5752.914292
348,4632.233039
349,4335.800458
350,4480.495833
351,4515.703805
352,5787.513113
353,4612.126207
354,4533.690965
355,4493.036569
356,5874.415877
357,4554.874018
358,5734.64283
359,5711.290265
360,5730.965314
361,4498.688567
362,5936.524549
363,4384.816702
364,5893.15798
365,5785.853045
366,5748.408356
367,5855.815783
368,6291.059138
369,6084.777035
370,4911.029248
371,5418.691582
372,6493.422338
373,4709.442908
374,6487.447195
375,5526.793153
376,5779.524418
377,5589.821618
378,6426.234711
379,4743.065393
380,4870.624348
381,6526.035957
382,5040.019282
383,5951.380868
384,5974.082524
385,5248.472808
386,4720.079631
387,5050.318832
388,5079.333863
389,4670.733161
390,5567.400669
391,4682.110227
392,6317.491929
393,5222.467933
394,5738.34496
395,5985.163116
396,6324.29537
397,5395.100404
398,6121.935722
399,5210.145442
400,5911.773716
401,6154.965699
402,4697.990209
403,6146.306777
404,6256.399058
405,4879.252724
406,4701.681073
407,5801.462033
408,5355.359321
409,7452.992452
410,6188.695218
411,7456.336181
412,6337.018767
413,6323.384987
414,6246.093203
415,6305.971466
416,7252.902491
417,7311.362264
418,6220.046302
419,7427.164929
420,6126.983099
421,7395.712701
422,6312.789875
423,7340.876613
424,7370.946028
425,7367.250302
426,6275.590461
427,7424.366412
428,6249.103941
429,6276.24014
430,7312.900002
431,7283.552659
432,6344.437154
433,6406.324397
434,7538.500024
435,6218.327226
436,7366.841786
437,6435.167201
438,6350.672779
439,7341.957883
440,6169.544412
441,6087.614938
442,6217.421272
443,7246.994185
444,6153.52143
445,6378.204949
446,7279.478944
447,6280.777217
448,7337.224227
449,7397.382336
450,8898.999477
451,9102.021522
452,7740.216383
453,7945.020586
454,8002.257408
455,7128.065687
456,9051.824437
457,8695.677171
458,7535.61329
459,7797.047311
460,7941.772864
461,8650.85052
462,9048.452122
463,8501.037544
464,8438.403642
465,6926.142925
466,8907.507808
467,7180.783519
468,6927.987695
469,7331.479437
470,8855.681781
471,8296.028998
472,8704.923602
473,8848.105725
474,7737.295457
475,7330.356136
476,6986.4545
477,9059.003438
478,6976.618573
479,6924.709882
480,7591.353348
481,7127.916616
482,6936.363887
483,8238.379361
484,8233.213315
485,8643.534917
486,8444.863415
487,6924.241785
488,8491.995134
489,7385.759403
490,7533.421011
491,6580.310931
492,7415.506881
493,5958.151827
494,5918.543872
495,7816.784532
496,7627.687342
497,7603.789413
498,6385.286228
499,6414.996813
500,5704.043711
501,6056.326811
502,7489.361312
503,7277.860979
504,7792.199184
505,5729.490563
506,7653.22781
507,7249.652514
508,6605.03754
509,5797.024526
510,6550.188175
511,7462.644126
512,7297.549288
513,7858.007244
514,5682.04531
515,5754.552755
516,6119.161063
517,7113.079766
518,6442.327282
519,6249.183348
520,7580.127287
521,5892.668235
522,6220.534153
523,7743.191109
524,7083.236203
525,6280.431773
526,6083.516841
527,7325.223153
528,5734.779614
529,7132.98334
530,5756.417989
531,7441.471036
532,9128.272219
533,7624.506244
534,9407.811712
535,8555.199719
536,7856.608842
537,7286.5346
538,8323.725281
539,8607.608045
540,7289.24193
541,8374.850438
542,8901.110472
543,7673.735676
544,0
545,8483.610074
546,8556.966322
547,9069.85236
548,8604.76096
549,8667.600713
550,9357.624567
551,8895.52457
552,9133.622493
553,8837.406068
554,9179.585048
555,7856.986804
556,8948.42742
557,7340.409984
558,7623.369689
559,8716.408563
560,8322.566835
561,7292.674227
562,7334.511395
563,8141.35357
564,9364.99013
565,7907.500538
566,8662.370925
567,8090.158083
568,8089.746432
569,8433.490232
570,8429.107955
571,7285.96037
572,9360.441169
573,6335.430367
574,4961.941589
575,5041.729325
576,4973.799428
577,4965.774931
578,6329.785863
579,5023.313964
580,4979.413864
581,6332.840104
582,4969.041362
583,6346.102058
584,6329.259386
585,4967.761958
586,6281.601494
587,4948.540853
588,6269.580569
589,6259.78036
590,4952.31628
591,5048.550241
592,6285.868618
593,6340.940352
594,6325.246901
595,4940.687995
596,4911.512506
597,6276.26984
598,4984.284847
599,6263.999877
600,6267.113855
601,5034.993927
602,5028.74375
603,5018.800019
604,6270.011037
605,6320.558997
606,5008.975416
607,4975.385781
608,6254.350352
609,4958.256708
610,4972.069261
611,6336.426751
612,6393.611184
613,4956.744715
614,4311.276826
615,5129.978814
616,4426.384512
617,5287.733713
618,4458.990767
619,4097.026231
620,4100.006776
621,4478.09836
622,5121.768976
623,5065.807643
624,5075.040207
625,4422.206948
626,4515.151145
627,5177.075114
628,5087.78238
629,5019.850809
630,5142.325223
631,4105.026902
632,5254.80243
633,5143.845019
634,5028.72739
635,5199.567464
636,4481.994686
637,4134.797119
638,4371.176678
639,5198.298772
640,4366.56245
641,4262.129364
642,5031.647461
643,4100.86815
644,5253.409666
645,4290.510233
646,5231.659524
647,4402.625669
648,4132.129852
649,5085.679748
650,4316.442903
651,4346.376898
652,4256.339664
653,5258.884268
654,4939.122109
655,4940.7554
656,4873.633766
657,4832.797661
658,6009.68852
659,6008.121047
660,4853.107206
661,5927.558017
662,6012.61084
663,5973.696024
664,5950.546229
665,5985.702097
666,6032.000048
667,4963.902944
668,6018.155786
669,4850.689109
670,5961.767482
671,4916.623397
672,4872.849801
673,4831.674493
674,6048.727464
675,4890.902159
676,5996.362369
677,0
678,4912.952733
679,4850.422859
680,4894.761865
681,4872.038952
682,6033.201811
683,5991.70792
684,4818.212119
685,6052.697114
686,4813.117777
687,6029.138038
688,4875.777357
689,5970.318389
690,4917.36973
691,4850.676891
692,5986.057653
693,5998.180782
694,4894.322514
695,4870.055115
696,9227.873847
697,10546.66562
698,10655.93583
699,9117.720693
700,9085.951755
701,8400.807701
702,10435.81125
703,10180.18707
704,8720.248064
705,10340.67379
706,10503.90821
707,8975.502464
708,10450.45606
709,10397.62514
710,9145.102581
711,8494.218729
712,8819.50255
713,10763.34754
714,10707.57772
715,8447.738885
716,8602.014051
717,10289.71676
718,9037.303056
719,8643.304246
720,8710.401061
721,10599.13066
722,10560.25968
723,10490.51641
724,8825.240096
725,10231.51224
726,10669.61277
727,8930.756989
728,8493.393059
729,8864.46716
730,10381.71711
731,10324.05776
732,8615.208155
733,10790.69705
734,8534.084332
735,8547.313696
736,8753.538629
737,11973.10555
738,11802.0022
739,11629.08826
740,9674.391954
741,9740.372264
742,10421.23703
743,10247.81171
744,9716.889043
745,9636.137542
746,10016.59569
747,9845.151887
748,10372.03782
749,11404.24792
750,11678.08906
751,11504.869
752,12026.8044
753,11986.32758
754,11577.32268
755,10482.06412
756,9850.576387
757,11918.87631
758,11855.04834
759,11748.91023
760,11454.75806
761,9705.682271
762,10310.46605
763,9647.283722
764,10545.92498
765,11279.78169
766,9971.440753
767,10197.7258
768,11851.2786
769,10188.84497
770,11683.18895
771,9678.616497
772,10140.26427
773,9803.602483
774,11511.21266
775,11332.23114
776,12023.98944
777,10023.71027
778,8097.346833
779,8774.463815
780,10597.97403
781,10735.3133
782,8356.769775
783,8082.669199
784,10458.53341
785,10364.22612
786,8087.754697
787,10502.27241
788,10317.339
789,8634.484904
790,10306.59093
791,10446.98537
792,10626.99563
793,8684.850405
794,8138.444288
795,10224.54564
796,10764.30399
797,8359.042324
798,10586.60536
799,10351.25565
800,8263.272836
801,8771.854739
802,8633.074586
803,8219.447596
804,8543.745303
805,8081.046073
806,8825.399835
807,10638.65611
808,10166.22599
809,10175.33778
810,8402.979604
811,10489.39763
812,10725.03276
813,10726.46994
814,8223.34263
815,8088.031888
816,8495.473653
817,8124.914684
818,8494.998152
819,8611.955544
820,7300.356996
821,7355.745645
822,8802.782376
823,7186.353781
824,8887.444466
825,8564.128196
826,8737.310092
827,8775.248635
828,7142.771535
829,8651.463049
830,7460.630924
831,7107.660075
832,8861.085882
833,7351.651105
834,7328.667135
835,8629.630052
836,8526.02506
837,8703.342564
838,8716.824045
839,7270.608651
840,8698.038036
841,0
842,7527.310393
843,8386.60378
844,7372.523989
845,7440.510923
846,7441.991375
847,8604.525069
848,7525.330437
849,7273.556755
850,8689.760879
851,7265.624298
852,8440.542277
853,8475.62763
854,7616.12433
855,7241.690995
856,7356.664653
857,7704.711495
858,7438.966769
859,8784.057474
860,7190.726359
861,4133.696736
862,4390.781327
863,4456.152865
864,5248.730787
865,5348.725563
866,5274.084049
867,5184.898916
868,5382.032059
869,5318.098456
870,5338.078223
871,5400.52067
872,4181.687949
873,4188.430376
874,4151.92915
875,4306.878862
876,5283.302939
877,5208.784434
878,4382.359733
879,4252.014039
880,4370.772471
881,5412.615862
882,4264.934836
883,5330.320337
884,5150.169353
885,4254.579142
886,4235.184053
887,5190.907051
888,5121.837946
889,5216.866048
890,4448.521115
891,4243.884474
892,4377.070502
893,4439.683483
894,4514.604938
895,4221.107629
896,4194.138486
897,5254.358878
898,4316.716008
899,5313.012467
900,5377.400157
901,4315.433526
902,6469.705938
903,6474.39609
904,5659.583498
905,6396.97374
906,5736.036777
907,6371.338903
908,5621.70349
909,6429.929213
910,6436.345338
911,5728.562056
912,6516.796334
913,5658.093796
914,5590.861141
915,6333.064404
916,6294.431051
917,6508.022271
918,6555.120388
919,6479.362579
920,5648.507436
921,5684.191279
922,5658.093667
923,6409.378768
924,5666.277942
925,5553.471453
926,5697.666118
927,5774.715206
928,5645.475513
929,6251.441042
930,5721.260457
931,5704.71073
932,5605.867512
933,6404.943029
934,5515.811264
935,5672.196488
936,5686.458278
937,6581.59769
938,5628.370438
939,6442.25934
940,5771.236711
941,6356.223972
942,6545.14191
943,4776.422448
944,4144.947243
945,4682.049789
946,4537.181229
947,4876.670083
948,4014.970288
949,3756.342657
950,4813.987094
951,5036.184084
952,3426.249505
953,3414.704671
954,3447.857877
955,4747.735847
956,3907.757918
957,3663.288794
958,4038.493379
959,4549.992698
960,3791.046041
961,5092.598862
962,4168.989872
963,3647.407536
964,5108.197441
965,4645.119835
966,4906.882563
967,3627.541552
968,3375.660364
969,4513.622301
970,5074.527935
971,4667.551079
972,4048.805384
973,4797.308474
974,4944.957967
975,3777.276006
976,4179.170308
977,3919.425344
978,3885.420731
979,4618.006395
980,3430.520162
981,4926.318353
982,7974.132858
983,7974.038289
984,8774.252727
985,8761.891958
986,7968.142422
987,8785.005326
988,8767.915949
989,7994.724077
990,8756.540163
991,7974.125427
992,8773.16665
993,8763.360574
994,7970.64218
995,8755.510244
996,7998.538519
997,7970.816287
998,7968.018455
999,7980.665346
1000,7970.421961
1001,8763.626683
1002,8787.209277
1003,7977.385794
1004,8776.286906
1005,8764.842027
1006,7988.912367
1007,8758.597024
1008,7982.889417
1009,8776.007488
1010,8761.136484
1011,8771.35207
1012,7977.318371
1013,8760.515328
1014,7971.606385
1015,7974.75388
1016,7986.975654
1017,7985.972902
1018,7980.215773
1019,8786.769642
1020,7978.3213
1021,7976.024416
1022,8786.271363
1023,9402.178291
1024,9407.752813
1025,8877.09083
1026,8954.010771
1027,8885.755469
1028,9474.878176
1029,11285.72445
1030,11337.43769
1031,9340.935959
1032,11539.75167
1033,11468.75
1034,9012.159398
1035,11205.64745
1036,11140.86921
1037,9207.249511
1038,11084.85606
1039,11007.33057
1040,9608.437392
1041,11599.75358
1042,9143.489396
1043,11017.32746
1044,8893.473562
1045,9540.614229
1046,11418.29668
1047,9140.805016
1048,11151.86196
1049,9270.998007
1050,11539.74894
1051,9534.336022
1052,11349.21546
1053,9275.370299
1054,11479.43456
1055,11549.31532
1056,11217.67585
1057,8942.383116
1058,9074.325156
1059,8881.171526
1060,9011.325133
1061,11407.55342
1062,8882.132657
1063,11274.47323
1064,9355.221895
1065,9461.31501
1066,9355.433172
1067,9374.504046
1068,9944.311549
1069,9979.164824
1070,9238.88625
1071,9930.369454
1072,9259.058788
1073,9927.158513
1074,9356.780745
1075,10038.25786
1076,9339.09456
1077,9401.764844
1078,9907.852984
1079,9392.634454
1080,9961.846502
1081,9853.669198
1082,9946.692235
1083,9322.131553
1084,9300.922886
1085,9297.6532
1086,9926.12963
1087,10019.936
1088,9316.302244
1089,9279.53779
1090,9279.800638
1091,9822.572488
1092,9910.833796
1093,10000.8546
1094,9966.324911
1095,9343.104564
1096,9430.32944
1097,9411.409665
1098,9907.019941
1099,9980.90422
1100,9872.653675
1101,9335.58321
1102,9430.868704
1103,9891.65522
1104,5584.550827
1105,5616.262692
1106,6783.754468
1107,5588.387452
1108,6715.297644
1109,5608.945136
1110,6751.12106
1111,6712.316264
1112,5536.937423
1113,5603.685434
1114,5581.557995
1115,6709.047484
1116,5606.272904
1117,6768.353936
1118,5601.88399
1119,6751.516583
1120,5584.198467
1121,6751.087214
1122,6717.205571
1123,6751.439482
1124,5589.761773
1125,5586.585499
1126,5595.219111
1127,5535.408738
1128,6767.298585
1129,6782.037074
1130,5584.125899
1131,6751.329681
1132,6766.497657
1133,5582.308522
1134,6783.045024
1135,6717.561821
1136,5586.10321
1137,6757.644059
1138,5602.149978
1139,5591.941654
1140,5588.713007
1141,5601.338889
1142,5603.244491
1143,6769.451312
1144,6784.144465
1145,5486.069435
1146,3965.007091
1147,5303.801676
1148,4847.246195
1149,5847.029648
1150,3956.511739
1151,6006.998927
1152,4333.660479
1153,6024.378253
1154,4877.787097
1155,4310.294656
1156,5667.453921
1157,3992.237941
1158,5291.774582
1159,6022.754055
1160,4489.397026
1161,5329.816812
1162,4314.787583
1163,4669.045406
1164,4132.339335
1165,3962.873619
1166,4515.148095
1167,5509.704814
1168,5650.046443
1169,3974.284951
1170,4696.840743
1171,5687.821747
1172,4491.53464
1173,4153.214291
1174,5667.027679
1175,4850.200405
1176,6011.215077
1177,5489.147259
1178,3955.39472
1179,5844.866191
1180,3976.921447
1181,4138.658019
1182,5470.857278
1183,5864.037293
1184,4669.644563
1185,5828.850817
1186,4489.342912
1187,4726.904898
1188,5061.994001
1189,4740.133481
1190,4536.798104
1191,5016.64594
1192,4792.390562
1193,5156.675006
1194,4687.404289
1195,5227.972558
1196,4968.140884
1197,4596.223363
1198,4597.455083
1199,5042.391392
1200,4634.161603
1201,4729.378202
1202,4641.755743
1203,5089.737506
1204,4551.902321
1205,5080.938695
1206,4587.419795
1207,4731.516741
1208,5176.731186
1209,5110.575285
1210,5136.38319
1211,5063.420069
1212,4633.744126
1213,4746.060387
1214,5182.39172
1215,5223.558908
1216,5109.221107
1217,4550.504132
1218,4973.631679
1219,4681.542151
1220,4584.989524
1221,5129.155744
1222,4779.892358
1223,5158.009057
1224,4733.4123
1225,5014.967288
1226,4682.720334
1227,6527.342273
1228,5792.911773
1229,6041.865244
1230,6454.843057
1231,5970.982182
1232,6517.36639
1233,5674.336855
1234,6547.767449
1235,6011.728359
1236,5867.180519
1237,6201.632039
1238,6406.591678
1239,5767.173524
1240,5745.304379
1241,6466.364647
1242,5835.709268
1243,6496.582084
1244,5950.852287
1245,5723.128122
1246,6577.719965
1247,5940.793657
1248,6646.758873
1249,6615.968804
1250,5964.123934
1251,5910.586738
1252,6231.765739
1253,5931.668408
1254,6171.472072
1255,6071.944039
1256,6001.218457
1257,6486.395697
1258,6552.733398
1259,5880.299213
1260,6476.106059
1261,5661.515199
1262,6584.608001
1263,6436.459727
1264,5981.425404
1265,6372.389788
1266,5899.244885
1267,11336.39937
1268,10013.54084
1269,11587.70822
1270,10974.78215
1271,11291.73254
1272,9268.441122
1273,10912.46619
1274,11055.05672
1275,9589.457792
1276,9911.713601
1277,11153.20126
1278,11196.61301
1279,9771.020457
1280,9308.353647
1281,11474.19182
1282,11257.25969
1283,9257.475844
1284,9978.835186
1285,9305.54113
1286,9247.954376
1287,9872.7758
1288,11538.09
1289,9291.984334
1290,11012.97207
1291,9534.975813
1292,11170.22187
1293,11572.38743
1294,9563.714815
1295,11428.60013
1296,9448.368889
1297,9731.166116
1298,9839.137653
1299,11398.13511
1300,9674.789575
1301,9700.753435
1302,9395.913849
1303,9240.191868
1304,11309.7609
1305,11115.90578
1306,11448.89794
1307,9427.656309
1308,7144.370514
1309,5594.69881
1310,7466.356459
1311,7262.739282
1312,6347.016796
1313,7207.99675
1314,5670.874381
1315,5879.66221
1316,5713.119904
1317,6275.764775
1318,7077.296872
1319,7337.914935
1320,7390.771023
1321,6146.761558
1322,5889.70855
1323,7518.378775
1324,6268.684722
1325,6009.522964
1326,6218.749534
1327,6139.420875
1328,7660.021858
1329,6091.185647
1330,7273.670171
1331,7068.85839
1332,7197.561668
1333,5570.942901
1334,5622.142997
1335,7324.895025
1336,5634.998033
1337,6017.939938
1338,5750.425081
1339,5601.996581
1340,5838.525415
1341,7645.596677
1342,7450.801163
1343,7736.373064
1344,7593.043277
1345,5964.469188
1346,7403.056606
1347,5762.093293
1348,7531.960705
1349,5961.810544
1350,6013.949754
1351,5106.533538
1352,5140.863763
1353,5245.832351
1354,5943.924336
1355,4923.26168
1356,5209.369158
1357,4931.361183
1358,4993.80701
1359,5774.996076
1360,5221.149747
1361,5260.624219
1362,5217.044659
1363,5845.129027
1364,5000.617969
1365,4899.522958
1366,5695.340001
1367,5228.515738
1368,5982.843735
1369,5065.97239
1370,5857.096002
1371,5213.082381
1372,5892.354491
1373,5234.852348
1374,5872.716283
1375,5914.325277
1376,5717.595849
1377,4968.537952
1378,5800.516172
1379,5211.599637
1380,5647.65879
1381,5755.215332
1382,5139.328733
1383,5787.43853
1384,5037.444411
1385,5703.876353
1386,5686.541376
1387,5070.46549
1388,5175.988028
1389,5823.669819
1390,6016.001961
1391,4882.698983
1392,4852.620273
1393,4903.831011
1394,6055.005371
1395,4879.188373
1396,4936.743275
1397,6041.635427
1398,6037.454176
1399,6029.560109
1400,0
1401,4882.65147
1402,4921.950462
1403,4865.390084
1404,6042.442925
1405,6070.613444
1406,6051.165955
1407,4914.956607
1408,5995.656573
1409,6011.793416
1410,6041.145536
1411,4909.00334
1412,4906.325419
1413,4867.20601
1414,6084.43306
1415,4852.2032
1416,6009.961462
1417,5999.964832
1418,6026.765612
1419,4898.718099
1420,4908.877011
1421,4928.287897
1422,4895.710941
1423,6001.621176
1424,4893.713676
1425,4935.791584
1426,4908.678969
1427,6018.923049
1428,6056.177996
1429,6023.830214
1430,4912.956461
1431,7878.332135
1432,7010.769905
1433,6824.530257
1434,6599.716532
1435,7125.44647
1436,7182.395655
1437,7748.138665
1438,6544.919098
1439,6538.119985
1440,7758.090621
1441,7129.512567
1442,7928.978034
1443,8104.423353
1444,8116.454999
1445,7063.417235
1446,7998.002016
1447,8222.346468
1448,7866.846998
1449,6539.919155
1450,7007.762441
1451,6890.885785
1452,8224.21992
1453,6659.583391
1454,6943.938257
1455,7810.509938
1456,6705.704485
1457,6546.234773
1458,7985.793915
1459,7915.604107
1460,8162.283405
1461,6774.733197
1462,6656.882719
1463,6892.270575
1464,8033.433428
1465,8233.362523
1466,8150.941773
1467,8268.101092
1468,6774.27245
1469,6556.557838
1470,6587.783553
1471,8046.27803
1472,3302.867612
1473,3533.979969
1474,3315.32821
1475,3978.0577
1476,3605.971276
1477,3457.091921
1478,3307.763746
1479,3813.067784
1480,3689.440408
1481,4055.99372
1482,3899.286941
1483,4130.732946
1484,4041.635303
1485,3303.26874
1486,3820.538108
1487,3978.222129
1488,3378.488621
1489,3533.678562
1490,4190.962072
1491,3456.220962
1492,3379.626917
1493,3888.897752
1494,4117.947692
1495,3611.602682
1496,3900.370569
1497,3452.884478
1498,4187.97026
1499,3965.174948
1500,3963.370134
1501,3304.456042
1502,4115.175328
1503,3305.199468
1504,3455.120355
1505,4039.243373
1506,4055.155106
1507,3611.185723
1508,3530.354032
1509,4132.471337
1510,3321.703414
1511,3380.77767
1512,3304.074444
1513,7281.140875
1514,7239.725788
1515,7190.760634
1516,7264.493458
1517,8308.073171
1518,8236.903492
1519,8263.720912
1520,8228.199411
1521,8315.37184
1522,7267.948182
1523,8280.888173
1524,8201.425302
1525,7307.361983
1526,7333.794964
1527,7238.790744
1528,7268.36857
1529,8359.121455
1530,7210.337951
1531,8289.679402
1532,7193.567969
1533,0
1534,7194.521922
1535,7188.337242
1536,7360.866593
1537,8099.334435
1538,8208.899127
1539,8301.769076
1540,7296.795022
1541,8254.472538
1542,8386.000819
1543,8155.849604
1544,7298.620263
1545,8183.469089
1546,8127.794589
1547,7388.759861
1548,7212.26961
1549,7203.405617
1550,8331.040359
1551,7253.078453
1552,7325.950253
1553,8203.329599
1554,7328.913884
1555,4011.411209
1556,4062.468891
1557,3989.358846
1558,4066.797919
1559,4854.823214
1560,4819.371645
1561,4779.363025
1562,4025.122127
1563,4044.09596
1564,4837.328489
1565,4765.919653
1566,3990.856335
1567,3996.256542
1568,4018.448852
1569,4064.530653
1570,4870.587713
1571,3975.044535
1572,4007.143384
1573,4827.398371
1574,4041.375826
1575,4786.793608
1576,4800.166694
1577,4770.725837
1578,4061.627353
1579,4890.096879
1580,4827.380238
1581,4033.382299
1582,4847.79539
1583,4807.204332
1584,4814.539808
1585,4069.713373
1586,4792.536574
1587,4849.660928
1588,3971.706182
1589,4103.002668
1590,4080.063854
1591,4056.334873
1592,4064.557675
1593,4772.363496
1594,4086.388887
1595,4836.374572
1596,6531.071849
1597,7719.212819
1598,6769.338155
1599,7463.427887
1600,6915.469439
1601,7285.974451
1602,7207.509833
1603,6864.98242
1604,7591.275203
1605,6639.253715
1606,6510.075185
1607,6735.412414
1608,7073.560204
1609,7109.286052
1610,7772.970927
1611,7043.996815
1612,7044.573123
1613,6658.704154
1614,7516.469538
1615,7235.622091
1616,7363.680874
1617,7097.659109
1618,7335.5452
1619,6899.949483
1620,6786.814708
1621,7748.255073
1622,7491.697875
1623,7479.061048
1624,6606.273357
1625,7619.830273
1626,7350.162265
1627,6477.775571
1628,7095.926878
1629,7387.820783
1630,7607.819154
1631,7644.859257
1632,7032.441993
1633,7274.188039
1634,6994.666895
1635,7030.53015
1636,7935.28156
1637,6982.671717
1638,6629.535449
1639,6899.683608
1640,6551.739533
1641,8208.414589
1642,7746.761219
1643,6850.722753
1644,6708.075714
1645,6872.285302
1646,6749.618113
1647,8168.383167
1648,6734.421465
1649,8131.087462
1650,8211.715455
1651,6820.985687
1652,6904.828592
1653,6934.470486
1654,7974.462881
1655,8290.432102
1656,8368.523551
1657,8285.480918
1658,8090.410993
1659,7904.457052
1660,6787.429718
1661,7060.911765
1662,8012.451561
1663,7825.628388
1664,7934.323852
1665,6827.227955
1666,6742.829342
1667,8132.363438
1668,6911.428884
1669,6680.341012
1670,6867.415759
1671,7855.943416
1672,6665.138203
1673,7745.85097
1674,8053.16402
1675,6978.856882
1676,4918.034868
1677,4982.923474
1678,6070.780489
1679,5094.450915
1680,5956.215297
1681,5928.823752
1682,4698.952002
1683,4638.53884
1684,5812.647393
1685,5677.829069
1686,4801.733264
1687,5321.361875
1688,4653.405673
1689,5034.7399
1690,5695.492833
1691,6036.240202
1692,5858.063621
1693,5151.236909
1694,5726.356235
1695,5909.22781
1696,6025.101044
1697,0
1698,5970.40753
1699,5098.46617
1700,6156.404777
1701,6043.458872
1702,4686.259912
1703,5841.396466
1704,5207.359606
1705,4982.520884
1706,5744.331812
1707,5629.203263
1708,5266.912141
1709,5214.444652
1710,4868.010415
1711,5793.26735
1712,4660.325866
1713,5330.491975
1714,4871.167919
1715,4649.305243
1716,6140.438713
1717,4643.107115
1718,7429.465229
1719,8190.428817
1720,7653.729339
1721,8044.152943
1722,7771.118241
1723,8383.353865
1724,7886.925577
1725,7344.510839
1726,8146.619794
1727,8397.905365
1728,8501.891131
1729,8264.889287
1730,7683.424327
1731,8262.102388
1732,7652.074103
1733,8161.656363
1734,7660.218873
1735,7304.870849
1736,7537.126438
1737,7889.350834
1738,7966.122719
1739,7311.184464
1740,8028.529919
1741,7420.998909
1742,7106.035306
1743,8071.051415
1744,8145.766954
1745,7548.497265
1746,7224.68773
1747,7465.173052
1748,7668.000478
1749,8377.9662
1750,7077.199796
1751,7193.79463
1752,8426.236914
1753,7910.189589
1754,8279.481303
1755,8308.837142
1756,7706.780945
1757,7926.693377
1758,7586.118859
1759,6365.388172
1760,7494.475893
1761,6292.634216
1762,7411.09724
1763,7528.853582
1764,6261.252828
1765,6208.455339
1766,7293.56938
1767,7452.753525
1768,7356.728316
1769,6345.854991
1770,6125.970842
1771,6425.076972
1772,6249.729423
1773,7369.077547
1774,7235.006404
1775,7381.370822
1776,6303.109434
1777,6450.627647
1778,6148.977484
1779,6324.186433
1780,7368.677216
1781,6336.377925
1782,6184.470979
1783,7424.549124
1784,7279.994474
1785,5957.271771
1786,6380.688264
1787,7270.002159
1788,6207.525364
1789,7324.749515
1790,6389.477992
1791,6219.988961
1792,7466.963686
1793,7337.565962
1794,7411.474329
1795,6407.501441
1796,7313.808583
1797,6242.494464
1798,6283.432609
1799,7398.715978
1800,5423.999832
1801,4807.417162
1802,5423.736956
1803,5436.861615
1804,4865.854551
1805,4813.679805
1806,4849.01834
1807,5425.638562
1808,5438.569674
1809,4843.863658
1810,4846.145243
1811,5435.282479
1812,5393.448702
1813,4866.058624
1814,5426.42815
1815,5376.998908
1816,5391.067747
1817,4818.17044
1818,5440.322657
1819,4865.375921
1820,5375.917167
1821,4867.493742
1822,4815.061737
1823,5377.476089
1824,4867.183145
1825,5420.770184
1826,4867.117854
1827,4842.254671
1828,5395.746678
1829,5394.489904
1830,5376.818974
1831,4836.090861
1832,5392.366554
1833,4855.364107
1834,4816.181844
1835,4866.371009
1836,4815.161836
1837,4814.811574
1838,4820.704216
1839,5374.826446
1840,4852.218626
1841,6519.242767
1842,7288.564749
1843,6244.104746
1844,7763.455075
1845,7044.107039
1846,6766.552395
1847,6001.425821
1848,5529.345541
1849,5553.468666
1850,7274.068008
1851,6248.070123
1852,5756.441821
1853,5775.89719
1854,7778.735793
1855,6808.932307
1856,7057.458087
1857,7533.493689
1858,7551.16618
1859,6742.798901
1860,6730.427341
1861,6023.066656
1862,5547.417087
1863,5511.519896
1864,6785.773941
1865,6001.657219
1866,6271.120871
1867,6487.093449
1868,6831.770729
1869,7029.622684
1870,7078.030143
1871,5512.522154
1872,5530.157954
1873,7763.719623
1874,7518.854683
1875,5516.585435
1876,7322.682387
1877,7795.085141
1878,5758.957254
1879,7305.149701
1880,7565.535721
1881,6495.375095
1882,7610.248719
1883,6860.587463
1884,6897.840198
1885,7017.56183
1886,7144.702168
1887,7636.182812
1888,6490.798916
1889,7996.946453
1890,6612.846777
1891,6542.32371
1892,6718.792868
1893,6960.612861
1894,7706.23361
1895,7819.804913
1896,8061.731309
1897,7756.332767
1898,7876.604538
1899,7939.714914
1900,6480.173071
1901,7882.47881
1902,7083.885552
1903,7082.140188
1904,8060.611771
1905,7107.973071
1906,6839.391341
1907,7086.425045
1908,7700.525153
1909,7138.033145
1910,6599.049838
1911,8003.015488
1912,7581.457829
1913,6736.333301
1914,7585.800097
1915,7943.780807
1916,7085.095516
1917,6984.718127
1918,7825.458736
1919,6778.918771
1920,6660.568628
1921,7760.703903
1922,8122.315975
1923,11964.95537
1924,10318.07432
1925,10604.88975
1926,10500.00638
1927,10702.22064
1928,12130.63169
1929,12047.94416
1930,11861.52405
1931,10687.14586
1932,11942.92741
1933,10333.87965
1934,11783.38178
1935,10580.27181
1936,10523.55732
1937,10443.01935
1938,10416.63305
1939,10332.33458
1940,10583.63251
1941,10417.0442
1942,11881.90728
1943,10590.35671
1944,10282.4263
1945,12105.45696
1946,12064.69373
1947,12229.12635
1948,12023.85048
1949,10587.22781
1950,10248.61402
1951,12024.08692
1952,10166.10156
1953,11779.59305
1954,10399.26784
1955,11980.34111
1956,12265.25417
1957,10362.84048
1958,10600.1275
1959,10502.21548
1960,12105.43368
1961,11940.78803
1962,12147.66862
1963,12185.718
1964,5989.667185
1965,5874.472142
1966,6024.527627
1967,6516.89844
1968,5932.497826
1969,6010.461929
1970,6637.04912
1971,6002.183653
1972,6544.45177
1973,6480.523831
1974,6533.491614
1975,6490.649792
1976,5875.675292
1977,6552.88386
1978,5821.509587
1979,6436.837956
1980,6607.031663
1981,5991.787392
1982,5764.973311
1983,6420.547246
1984,6000.349869
1985,6623.556063
1986,6000.532548
1987,6464.186914
1988,5819.695599
1989,6426.47466
1990,6497.799657
1991,5928.202733
1992,5769.223999
1993,6411.414225
1994,5793.046826
1995,5982.584761
1996,5949.156358
1997,6585.530644
1998,6660.159425
1999,5989.510561
2000,6383.107186
2001,6569.89437
2002,5844.957865
2003,5896.847669
2004,6010.656439
2005,8523.488215
2006,6625.064911
2007,6599.809247
2008,7230.064073
2009,7022.918286
2010,7437.793891
2011,6826.898486
2012,8520.52323
2013,6605.502611
2014,9140.206218
2015,6611.228514
2016,6600.04949
2017,9141.152529
2018,7036.416417
2019,8724.349986
2020,8943.340146
2021,8728.204758
2022,7439.125858
2023,8304.647774
2024,8539.626898
2025,8747.510522
2026,7646.620143
2027,9150.585134
2028,7021.788742
2029,8330.233497
2030,6816.841113
2031,8953.824882
2032,6814.323814
2033,7648.674717
2034,7667.470816
2035,7457.412312
2036,8311.972828
2037,9142.411279
2038,8514.597562
2039,6615.864248
2040,7229.839907
2041,6603.799342
2042,8935.431639
2043,8734.204167
2044,8933.29462
2045,7246.807437
2046,8422.560504
2047,8166.615953
2048,7920.427421
2049,8186.792083
2050,7928.626117
2051,7843.194702
2052,8004.921564
2053,7964.879316
2054,7726.298645
2055,8458.05217
2056,8198.145523
2057,7852.955359
2058,7877.731233
2059,7751.110708
2060,8327.510326
2061,7942.536029
2062,7925.478451
2063,8069.8946
2064,7879.746219
2065,8295.313107
2066,7498.092443
2067,8093.259338
2068,7541.152755
2069,7980.206366
2070,8053.291789
2071,7787.562236
2072,8036.392756
2073,7827.795932
2074,7599.873647
2075,8315.25678
2076,8108.226845
2077,7966.654645
2078,7709.982041
2079,7655.172337
2080,7370.710394
2081,7523.841003
2082,7624.726672
2083,8056.807695
2084,8053.068279
2085,7837.171209
2086,8548.764603
2087,10054.93161
2088,9991.472141
2089,10054.95028
2090,8627.380932
2091,8693.371121
2092,10090.69103
2093,8559.870174
2094,10159.13298
2095,8774.450017
2096,10090.1517
2097,8732.860801
2098,8691.766379
2099,8804.796974
2100,8715.030978
2101,10124.65222
2102,10156.48233
2103,10172.22039
2104,8869.327719
2105,8859.590275
2106,8693.320999
2107,9924.929379
2108,9958.487702
2109,10178.75098
2110,10141.37318
2111,8593.062339
2112,10074.66114
2113,10018.34711
2114,10108.83984
2115,8744.751207
2116,8697.998783
2117,8791.09329
2118,8757.871896
2119,8825.076182
2120,8696.937967
2121,10125.10107
2122,8564.903787
2123,10020.31661
2124,8725.351245
2125,8836.363181
2126,10023.95753
2127,8662.569961
2128,6171.813231
2129,6020.511214
2130,7207.278276
2131,6162.357437
2132,5999.825951
2133,7323.329989
2134,7123.335436
2135,7158.785837
2136,6004.409656
2137,7269.839536
2138,7151.989011
2139,6282.731174
2140,7324.833082
2141,5999.882072
2142,7351.438938
2143,6056.681253
2144,6271.095715
2145,6284.882331
2146,6005.528454
2147,7241.288868
2148,7270.524451
2149,7317.831175
2150,6226.282907
2151,7184.463298
2152,6055.787068
2153,7297.018291
2154,6033.77802
2155,6112.397765
2156,7326.227263
2157,6109.220794
2158,7126.977922
2159,7179.065027
2160,6115.793659
2161,6018.112055
2162,6060.350072
2163,6169.363888
2164,7214.614909
2165,6228.260515
2166,7103.392681
2167,7262.578415
2168,6216.308741
2169,8225.512611
2170,8516.758948
2171,7922.360093
2172,9881.485524
2173,9975.16081
2174,8080.967889
2175,10363.72979
2176,10121.53081
2177,7762.782349
2178,10410.14253
2179,8044.735149
2180,9957.22488
2181,8293.657519
2182,10100.97454
2183,7903.694454
2184,10266.67097
2185,10171.69119
2186,7986.053939
2187,7865.125784
2188,10315.75292
2189,9828.339476
2190,10212.63349
2191,10386.96377
2192,9736.403743
2193,8662.391162
2194,8472.320094
2195,8186.341668
2196,10221.3874
2197,10026.7939
2198,8150.354546
2199,8557.894996
2200,7937.424527
2201,8413.251454
2202,9932.401125
2203,7808.196791
2204,8328.844611
2205,10244.17381
2206,8370.923073
2207,10077.55717
2208,8002.572899
2209,8007.604064
2210,5533.495736
2211,4153.881464
2212,5575.270673
2213,5350.313946
2214,3637.116319
2215,4140.106938
2216,3282.262992
2217,3956.067989
2218,4795.93054
2219,3819.812777
2220,5023.917272
2221,4981.234496
2222,5115.112908
2223,3326.867617
2224,5208.166471
2225,5392.006018
2226,3266.853906
2227,2691.54551
2228,4810.381666
2229,5166.167009
2230,4324.341505
2231,3969.205391
2232,5584.420383
2233,3600.461039
2234,3297.677886
2235,4369.494704
2236,4002.76937
2237,4931.764269
2238,5177.940651
2239,3313.471366
2240,5619.303951
2241,3784.617282
2242,5360.668645
2243,3772.415995
2244,4994.492034
2245,4186.016223
2246,5298.196972
2247,4839.551558
2248,3589.217988
2249,4338.271743
2250,3351.202139
2251,5384.646987
2252,4708.132594
2253,3922.370693
2254,5571.88671
2255,4085.16372
2256,0
2257,4838.081711
2258,5374.364828
2259,3916.429554
2260,4871.95333
2261,5185.122197
2262,5061.130657
2263,5589.343076
2264,3947.542277
2265,3915.924585
2266,5238.311475
2267,3928.862772
2268,4459.962605
2269,4995.434533
2270,5195.672955
2271,5562.806297
2272,5435.705228
2273,4814.108901
2274,4272.357597
2275,4269.112024
2276,5005.252029
2277,4458.344525
2278,4326.832004
2279,3921.891951
2280,5249.080706
2281,4136.673053
2282,4647.944285
2283,4517.555525
2284,4648.140699
2285,3957.701505
2286,4836.174461
2287,5049.634906
2288,4080.634014
2289,5614.780668
2290,4897.827442
2291,4805.855357
2292,5426.702383
2293,6906.402742
2294,6037.918509
2295,5996.097115
2296,7040.20625
2297,6770.432379
2298,6632.616378
2299,5440.790265
2300,6555.078783
2301,5446.514909
2302,6724.651767
2303,5387.272894
2304,6133.050733
2305,5794.097611
2306,6692.430758
2307,6859.240767
2308,5435.668378
2309,6829.78524
2310,5495.141461
2311,6966.450353
2312,6991.959717
2313,5901.00639
2314,5858.18873
2315,5834.574818
2316,5582.74865
2317,7023.526292
2318,5969.749731
2319,6881.49577
2320,5303.924151
2321,6588.242491
2322,6615.980318
2323,5720.144263
2324,5700.585771
2325,5567.730872
2326,6752.152113
2327,6888.06074
2328,5522.106094
2329,5506.413986
2330,6493.814045
2331,5338.876079
2332,6418.518509
2333,5657.733372
2334,6508.450022
2335,6648.584172
2336,6145.206487
2337,6621.740406
2338,6040.664721
2339,6004.478526
2340,6068.563684
2341,6621.111722
2342,6042.650124
2343,6114.191079
2344,5959.260017
2345,6096.741123
2346,5997.679329
2347,6675.747203
2348,5993.807874
2349,6356.335596
2350,6029.552157
2351,6537.301685
2352,6538.108227
2353,6478.765222
2354,6014.687133
2355,6453.909085
2356,6070.854732
2357,6125.202906
2358,6017.588137
2359,6593.728799
2360,6085.517166
2361,6564.200462
2362,6425.447969
2363,6510.488166
2364,6593.04076
2365,6052.785428
2366,6565.337451
2367,5931.439079
2368,6482.261606
2369,5986.936507
2370,6565.932437
2371,6083.233477
2372,6023.142369
2373,6650.230074
2374,6153.863765
2375,8886.786774
2376,8950.556138
2377,8670.893922
2378,8681.626812
2379,10190.7435
2380,8900.900636
2381,9836.204834
2382,10297.09268
2383,8697.40968
2384,10030.8427
2385,8915.331054
2386,10000.10532
2387,8391.260545
2388,8690.442071
2389,0
2390,9968.485696
2391,10221.22723
2392,10282.75423
2393,7979.810122
2394,10310.54528
2395,9009.641706
2396,8994.694254
2397,8858.88166
2398,9853.847262
2399,10122.49539
2400,8683.747496
2401,10174.86287
2402,8484.456278
2403,10267.61953
2404,10235.10272
2405,8791.849459
2406,8658.491075
2407,8783.452801
2408,8872.859245
2409,8712.007931
2410,9839.631275
2411,8979.719395
2412,9984.165345
2413,10206.35255
2414,9824.903559
2415,8964.976193
2416,10015.7872
2417,8546.542281
2418,7358.482728
2419,7279.841896
2420,8515.078773
2421,7295.559272
2422,7375.705601
2423,7447.923371
2424,7345.180231
2425,8615.43561
2426,7428.841895
2427,7243.450815
2428,8624.312497
2429,8477.746732
2430,8558.383428
2431,7460.299611
2432,7261.308122
2433,8578.387596
2434,8552.114365
2435,8604.809499
2436,7236.90074
2437,7410.532225
2438,8492.54306
2439,7392.915832
2440,7339.337581
2441,7338.040666
2442,8643.776152
2443,8533.532742
2444,8585.422474
2445,7316.649259
2446,7336.256921
2447,7299.130348
2448,7319.048619
2449,8511.528098
2450,8478.840909
2451,8529.447772
2452,8597.394927
2453,7255.551327
2454,8563.251799
2455,8496.526234
2456,7275.116113
2457,7354.4535
2458,5064.441149
2459,5318.867131
2460,4688.173909
2461,6340.69322
2462,4720.359602
2463,5192.302039
2464,5351.314786
2465,6246.305807
2466,4707.828063
2467,6121.03349
2468,5865.382952
2469,6351.062664
2470,5093.047892
2471,5320.692176
2472,5966.696679
2473,6085.789887
2474,5957.21438
2475,4938.365548
2476,4813.10619
2477,4699.100927
2478,6108.369312
2479,6341.878995
2480,4684.561537
2481,6096.548523
2482,4689.953215
2483,4937.332958
2484,4684.870649
2485,5828.589663
2486,4835.379976
2487,5222.433379
2488,5836.075783
2489,6224.795884
2490,5064.338951
2491,5981.639007
2492,5191.194037
2493,6360.719379
2494,5994.019631
2495,4963.838947
2496,4810.948904
2497,6213.722624
2498,6234.664971
2499,7088.312151
2500,8404.676006
2501,8513.46048
2502,7805.11528
2503,7307.301298
2504,7197.497231
2505,7367.326492
2506,7258.738269
2507,8480.814731
2508,8570.728924
2509,7459.881387
2510,8185.008322
2511,8621.92251
2512,7854.096456
2513,8460.283947
2514,7795.207505
2515,8425.094386
2516,7750.53885
2517,8295.25479
2518,7838.869829
2519,7585.208569
2520,8348.963021
2521,8680.279369
2522,7711.736421
2523,7417.694433
2524,7683.679923
2525,8535.731455
2526,8205.773201
2527,7233.89286
2528,8590.979058
2529,8315.181924
2530,8033.336197
2531,7346.747356
2532,8096.587497
2533,8260.862742
2534,7476.058282
2535,7528.527118
2536,7121.858046
2537,7010.999826
2538,7694.905249
2539,8370.773694
2540,7656.26206
2541,7556.32418
2542,6894.564534
2543,7726.024452
2544,7825.847865
2545,6994.509106
2546,7556.997097
2547,7625.737561
2548,7704.220499
2549,7660.794517
2550,7357.600514
2551,7457.50804
2552,7603.447538
2553,0
2554,7150.446532
2555,7516.225561
2556,7064.084002
2557,7095.311529
2558,7466.319595
2559,7545.830423
2560,7252.819863
2561,7263.756304
2562,7258.166425
2563,7302.558652
2564,6964.969559
2565,7402.709733
2566,7755.567867
2567,6946.143305
2568,7368.369405
2569,7445.183828
2570,7364.560085
2571,7761.977284
2572,7298.805376
2573,7502.968815
2574,7559.658085
2575,7163.605687
2576,7525.002264
2577,6845.186137
2578,7586.498016
2579,7048.031069
2580,7196.851821
2581,9784.00158
2582,7664.057878
2583,8482.948268
2584,9980.560672
2585,9929.105409
2586,10614.9397
2587,10026.48919
2588,10175.76887
2589,7657.878379
2590,7660.803178
2591,8526.487837
2592,8723.214365
2593,9962.178491
2594,8087.613405
2595,10158.31313
2596,8632.968731
2597,10224.04041
2598,7890.242892
2599,7707.741052
2600,7856.990182
2601,8248.596842
2602,8285.35556
2603,10519.27649
2604,7669.808193
2605,7679.50682
2606,8050.006252
2607,10549.77136
2608,10519.16747
2609,8679.865569
2610,10420.27085
2611,9828.180948
2612,8437.774518
2613,7693.630958
2614,9732.568445
2615,10322.89341
2616,10369.56663
2617,10354.21355
2618,8052.158019
2619,10126.05875
2620,8243.492375
2621,7856.199526
2622,3470.799487
2623,3723.203867
2624,4187.094142
2625,4149.526427
2626,4122.404438
2627,4293.495454
2628,3781.279502
2629,4250.453267
2630,4085.751597
2631,4100.183136
2632,3658.254875
2633,4230.694926
2634,4340.373016
2635,4335.959696
2636,3811.963833
2637,3746.558716
2638,3469.283584
2639,3487.334362
2640,3470.920547
2641,3532.020054
2642,3615.140813
2643,4312.286918
2644,3718.155963
2645,4354.68827
2646,3479.886871
2647,3550.580832
2648,3503.800853
2649,4291.860011
2650,4213.4871
2651,3659.164155
2652,3680.686676
2653,3655.556844
2654,4277.197318
2655,3595.493095
2656,4033.728382
2657,3593.544555
2658,4166.117287
2659,4166.11421
2660,4229.015957
2661,3532.791903
2662,3494.781126
2663,12681.45677
2664,13870.63977
2665,11847.87316
2666,12719.01421
2667,13938.97729
2668,14518.21161
2669,12100.74658
2670,13903.55843
2671,11647.6415
2672,12475.88897
2673,12925.03747
2674,14343.72161
2675,14484.42896
2676,11786.26044
2677,14315.21318
2678,13665.68248
2679,12396.08245
2680,11712.1672
2681,14347.81853
2682,12657.14519
2683,14144.20543
2684,14280.49025
2685,12453.15507
2686,14549.66297
2687,14110.18334
2688,12512.42012
2689,11983.70965
2690,11988.71882
2691,11865.31366
2692,14075.77671
2693,14389.83505
2694,12306.09807
2695,13983.14407
2696,13696.21415
2697,12048.59208
2698,11948.64632
2699,12191.92789
2700,12250.27084
2701,14592.95399
2702,14186.60762
2703,11896.71887
2704,5198.333415
2705,4404.340221
2706,4438.324832
2707,5096.249174
2708,4061.002103
2709,4103.575039
2710,4329.531048
2711,3990.895691
2712,3999.683653
2713,4363.577763
2714,5243.689283
2715,4347.500458
2716,5022.813928
2717,5233.662403
2718,4017.793734
2719,5161.181333
2720,5317.064867
2721,5304.641771
2722,5347.294949
2723,5273.535225
2724,5122.257551
2725,4178.565951
2726,3991.340933
2727,5271.410409
2728,4254.074559
2729,4219.325285
2730,5125.387379
2731,4053.763947
2732,5087.215873
2733,4202.643679
2734,4145.362345
2735,5198.382458
2736,4274.657175
2737,4029.503837
2738,5344.445176
2739,4131.483817
2740,4072.145227
2741,5419.376479
2742,4036.394391
2743,5307.711414
2744,5169.995003
2745,6680.319347
2746,6245.394184
2747,6208.40466
2748,6472.443473
2749,6151.510929
2750,5369.725556
2751,6306.684844
2752,5429.329322
2753,6043.799113
2754,5462.883373
2755,6902.66491
2756,6089.444184
2757,5475.639874
2758,6352.171172
2759,6802.178127
2760,6637.766707
2761,6409.74076
2762,6574.274801
2763,6965.408874
2764,6738.666891
2765,5879.258615
2766,6842.943214
2767,5759.431205
2768,6254.087809
2769,5347.066561
2770,6790.653184
2771,5824.380187
2772,6516.683031
2773,5499.191726
2774,5714.992946
2775,5661.549444
2776,6463.09082
2777,6944.160379
2778,6626.941873
2779,5987.730319
2780,6850.244695
2781,5924.431153
2782,5440.651715
2783,5551.123945
2784,5594.783894
2785,7987.116006
2786,9242.503584
2787,8025.79767
2788,8941.491148
2789,7721.164846
2790,7823.038634
2791,8090.294875
2792,9005.194872
2793,9161.889605
2794,7771.304245
2795,9117.217252
2796,9096.361807
2797,7894.746583
2798,7894.846681
2799,7832.818681
2800,8154.415606
2801,9302.76248
2802,9261.168369
2803,7961.591516
2804,7806.68461
2805,9180.635509
2806,7879.608087
2807,7835.765674
2808,9351.678851
2809,9226.74115
2810,7865.352082
2811,9136.549489
2812,9198.151093
2813,8070.476352
2814,7957.249733
2815,8134.054085
2816,9073.478689
2817,9290.128721
2818,9134.320494
2819,9069.761026
2820,7898.17973
2821,9115.16871
2822,7690.569341
2823,7748.697975
2824,7925.401238
2825,9199.119162
2826,5984.382912
2827,4844.316197
2828,5089.174563
2829,5883.183328
2830,4866.416628
2831,5096.206955
2832,5120.998107
2833,4846.078321
2834,5837.375291
2835,5134.336279
2836,4801.455739
2837,5873.140689
2838,5894.761738
2839,5919.458147
2840,4827.249908
2841,5965.431547
2842,4958.71069
2843,5031.322893
2844,5044.772745
2845,5141.803886
2846,5975.51768
2847,5187.145764
2848,4809.594945
2849,6054.403764
2850,5940.0278
2851,5050.756262
2852,5834.705405
2853,4986.816999
2854,5076.067682
2855,4863.465006
2856,5923.494198
2857,5929.423591
2858,6010.517663
2859,5001.311971
2860,6027.670158
2861,5005.759301
2862,5994.966132
2863,5165.99392
2864,5789.711862
2865,6020.991349
2866,5879.317154
2867,5667.901471
2868,6911.651091
2869,5704.181528
2870,5708.096061
2871,5667.42985
2872,5668.458405
2873,5667.374872
2874,5713.549764
2875,6908.36044
2876,6906.658938
2877,6954.309461
2878,6948.704271
2879,5700.507107
2880,5663.451554
2881,5669.175177
2882,5668.736025
2883,5667.609085
2884,5667.32917
2885,5661.013234
2886,5671.843085
2887,5657.922526
2888,6950.185861
2889,5696.997581
2890,6917.840043
2891,5698.13175
2892,6951.888578
2893,6915.520528
2894,6912.255961
2895,6901.327184
2896,6960.53395
2897,6961.557584
2898,5708.765653
2899,5669.710214
2900,5667.916008
2901,5677.560395
2902,6958.092967
2903,6951.116581
2904,6919.543002
2905,6916.186033
2906,6925.128703
2907,6922.003761
2908,5306.900431
2909,6719.2231
2910,5632.57401
2911,5846.736659
2912,5463.383136
2913,6774.7235
2914,7050.130492
2915,5475.192508
2916,6559.466443
2917,4983.601757
2918,5009.737269
2919,6616.651238
2920,5478.877757
2921,6562.597792
2922,6874.81181
2923,5163.969698
2924,5150.15754
2925,6894.172342
2926,5007.640562
2927,5793.695288
2928,5636.348522
2929,5790.950013
2930,4994.911537
2931,5164.473117
2932,6579.334256
2933,6405.043281
2934,5321.545187
2935,6931.942552
2936,6458.178605
2937,4976.131445
2938,6399.732408
2939,7088.05651
2940,5001.30376
2941,6737.264294
2942,7055.794956
2943,4993.061557
2944,5690.268662
2945,5319.017935
2946,6878.5235
2947,7036.488467
2948,6719.331827
2949,6443.055818
2950,7771.181722
2951,8148.028414
2952,7761.927346
2953,6788.474161
2954,6260.104376
2955,6607.125082
2956,7956.493199
2957,6267.415834
2958,6717.618542
2959,6490.550361
2960,7885.738293
2961,6256.044274
2962,8109.892731
2963,7991.614805
2964,6557.781453
2965,8182.533501
2966,7840.779665
2967,6838.414527
2968,6329.013049
2969,8034.541303
2970,7807.087348
2971,7647.14599
2972,7920.89762
2973,6723.202272
2974,6490.851352
2975,8105.737117
2976,6182.111746
2977,7998.643591
2978,6292.615459
2979,6304.768467
2980,6215.673911
2981,6156.806644
2982,8047.269952
2983,6603.604973
2984,6378.545078
2985,8070.480714
2986,6375.027552
2987,7723.967363
2988,7876.908106
2989,6673.211117
2990,5015.692673
2991,5113.113767
2992,5060.874076
2993,5948.02691
2994,5061.656401
2995,5925.634631
2996,5138.625055
2997,5806.234259
2998,5862.280315
2999,5086.093621
3000,5863.86679
3001,5794.52394
3002,5912.489106
3003,5839.207506
3004,5111.073594
3005,5135.187855
3006,5086.626282
3007,5902.04225
3008,5112.75469
3009,5012.522631
3010,5148.43988
3011,5829.913039
3012,5140.309049
3013,5091.638605
3014,5070.210087
3015,5877.261856
3016,5888.422858
3017,5817.772795
3018,5036.08232
3019,5884.426941
3020,5873.681801
3021,5136.095591
3022,5182.068644
3023,5158.178758
3024,5852.305059
3025,5840.253306
3026,5038.236304
3027,5131.824251
3028,5797.759006
3029,5194.20657
3030,5894.60436
3031,5231.767892
3032,5324.399563
3033,5270.519487
3034,5286.637131
3035,5137.43799
3036,5214.908329
3037,6028.067214
3038,5979.812183
3039,5309.377211
3040,6049.96571
3041,6106.00385
3042,6143.484836
3043,5294.644061
3044,5975.844551
3045,5970.348666
3046,5937.965443
3047,5362.662851
3048,5193.415375
3049,5328.032145
3050,6064.965735
3051,5212.168548
3052,6017.893962
3053,6055.572426
3054,6068.021801
3055,5917.537079
3056,5954.777509
3057,5249.312156
3058,5175.723729
3059,5903.177527
3060,5306.293392
3061,5372.424868
3062,5991.50025
3063,5155.601115
3064,5384.82419
3065,6013.098271
3066,6029.511952
3067,6086.834559
3068,5305.284724
3069,5254.726357
3070,5341.10837
3071,7944.241952
3072,7872.975349
3073,8559.085263
3074,7844.10138
3075,7999.788132
3076,7989.380821
3077,8417.113533
3078,8571.4713
3079,8341.009832
3080,8391.619185
3081,7858.974449
3082,8674.144764
3083,8069.610707
3084,8115.79636
3085,8488.118185
3086,8629.845474
3087,8463.090178
3088,8061.837576
3089,8015.635222
3090,8604.233862
3091,7788.627531
3092,8533.949062
3093,8361.229956
3094,8070.560892
3095,8588.144285
3096,8641.790589
3097,7772.105153
3098,7802.01467
3099,7700.936867
3100,8101.197984
3101,7916.663833
3102,7731.405675
3103,8157.887467
3104,8730.313681
3105,8659.536752
3106,8431.418918
3107,7929.293105
3108,8516.245418
3109,8141.578121
3110,8501.42973
3111,8176.448237
3112,0
3113,7098.985964
3114,8360.701923
3115,7263.275594
3116,7239.13639
3117,7069.607283
3118,7266.292705
3119,7268.062069
3120,7105.561917
3121,8173.428574
3122,8361.769379
3123,7218.018216
3124,7110.090795
3125,8367.170132
3126,7071.125777
3127,7262.712066
3128,7265.117974
3129,8178.268442
3130,7114.852426
3131,7222.251554
3132,8364.869924
3133,8363.165408
3134,7264.684645
3135,8174.320562
3136,8161.340721
3137,8353.938632
3138,7101.76225
3139,8356.064853
3140,8164.056868
3141,8163.279816
3142,7267.35566
3143,8355.753004
3144,8164.404879
3145,7069.626205
3146,7070.670456
3147,7212.979237
3148,7069.144597
3149,8350.620343
3150,7263.358277
3151,8175.237318
3152,8161.96029
3153,7689.132868
3154,6456.887849
3155,6269.777684
3156,8049.899701
3157,6550.48109
3158,6144.166536
3159,7958.8762
3160,6053.749371
3161,6298.754658
3162,6388.431036
3163,6177.418625
3164,7820.441441
3165,6234.965945
3166,8000.033703
3167,6034.68379
3168,6418.670781
3169,6113.755649
3170,6363.090442
3171,8019.349765
3172,7775.778978
3173,6210.318618
3174,7867.531717
3175,6099.146158
3176,6035.954967
3177,7647.659234
3178,7911.791798
3179,6326.389776
3180,7833.70749
3181,7970.578763
3182,6479.549953
3183,7740.387399
3184,7926.878951
3185,6074.521612
3186,7783.83671
3187,6511.445128
3188,8001.512389
3189,7727.582134
3190,6122.533951
3191,7877.921643
3192,8061.402434
3193,6086.135212
3194,4552.674116
3195,5795.337191
3196,5374.692045
3197,5681.707019
3198,4487.378626
3199,4363.174269
3200,5671.673715
3201,5184.128084
3202,4739.510483
3203,5179.731268
3204,4803.612712
3205,5424.026516
3206,4736.947416
3207,4297.310272
3208,4427.418867
3209,4928.433786
3210,5559.668586
3211,4678.214351
3212,4369.488691
3213,5547.88563
3214,4612.0288
3215,4493.523289
3216,5676.046734
3217,5620.236438
3218,4863.089344
3219,4616.293758
3220,5303.808924
3221,5310.111037
3222,4300.302831
3223,4861.865426
3224,5552.205851
3225,5428.057354
3226,5682.609054
3227,5250.271743
3228,5435.435433
3229,4307.796822
3230,4371.174019
3231,4302.268704
3232,4360.625052
3233,4307.069778
3234,5498.033882
3235,7300.47382
3236,7255.390574
3237,7976.899231
3238,7822.939836
3239,7953.599978
3240,7225.857747
3241,7994.713406
3242,7395.06803
3243,7983.798879
3244,7787.559447
3245,0
3246,7161.758798
3247,7923.438771
3248,7427.374144
3249,8008.365046
3250,7893.257311
3251,7930.58988
3252,7252.526877
3253,7145.209746
3254,7331.245498
3255,7911.047245
3256,7331.90126
3257,7218.106653
3258,7362.865734
3259,7285.484659
3260,7247.673298
3261,7897.880433
3262,7196.64669
3263,7189.540307
3264,8025.160885
3265,7817.833497
3266,7316.308257
3267,7848.75254
3268,7134.351489
3269,7963.061505
3270,7347.837684
3271,7879.939487
3272,7311.392511
3273,7106.858318
3274,8048.23431
3275,8018.915884
3276,7270.550301
3277,12379.23223
3278,11879.33001
3279,12579.10114
3280,11974.22225
3281,11871.11885
3282,12067.73974
3283,11882.06316
3284,12857.46149
3285,12755.89174
3286,12470.73785
3287,12561.82824
3288,12761.48264
3289,11868.01868
3290,12948.7183
3291,11774.81059
3292,12486.51034
3293,11701.75628
3294,11693.21648
3295,11884.19669
3296,11601.46528
3297,12484.9808
3298,12665.69573
3299,11792.84994
3300,12579.29125
3301,11605.72347
3302,11785.96301
3303,11697.53732
3304,12673.91834
3305,12670.47839
3306,12846.52061
3307,11972.72987
3308,12852.44188
3309,12575.51962
3310,11777.91458
3311,11975.85393
3312,11789.73351
3313,12765.84484
3314,11769.06747
3315,12487.83353
3316,11774.08168
3317,7139.955372
3318,6136.133578
3319,6409.763054
3320,7038.626201
3321,5997.336631
3322,6512.911195
3323,6939.837589
3324,6099.063592
3325,6772.847796
3326,6357.010108
3327,6770.002287
3328,6035.079563
3329,6837.355674
3330,7008.064535
3331,6671.47286
3332,6059.347104
3333,6835.815615
3334,6874.876819
3335,5985.82424
3336,6256.834205
3337,7081.131252
3338,6937.217913
3339,7139.357686
3340,5891.453532
3341,6978.891174
3342,6054.332469
3343,6238.165005
3344,5934.739152
3345,6305.860206
3346,6874.985566
3347,7079.350247
3348,6341.009548
3349,6157.668932
3350,6038.208716
3351,5961.467043
3352,7040.543366
3353,6977.317199
3354,6202.045887
3355,7181.176821
3356,6444.232541
3357,5863.438454
3358,5274.081866
3359,4564.564051
3360,4505.516042
3361,4770.015683
3362,3904.238683
3363,5085.350325
3364,3935.483168
3365,4500.807914
3366,5039.090622
3367,4970.622303
3368,4833.718067
3369,4857.995307
3370,4998.049876
3371,4971.960978
3372,4490.195682
3373,4702.229497
3374,4674.59538
3375,4368.330167
3376,4781.792404
3377,4073.171194
3378,4643.450226
3379,5382.794312
3380,5137.034745
3381,4948.704953
3382,4628.035372
3383,4920.011544
3384,4811.72438
3385,4211.941702
3386,4366.705152
3387,3953.49921
3388,4838.073792
3389,5108.125708
3390,4905.318347
3391,4635.188488
3392,4351.22253
3393,3891.269559
3394,3884.00536
3395,5245.674007
3396,3917.732071
3397,5408.832585
3398,3890.376363
3399,6283.560029
3400,6227.195222
3401,6406.401055
3402,7535.918783
3403,7505.76345
3404,7314.208051
3405,6223.353177
3406,7483.137235
3407,7475.372974
3408,6165.780463
3409,0
3410,6254.295494
3411,7386.347676
3412,7544.200778
3413,7325.29561
3414,6469.279058
3415,6163.3203
3416,6353.846927
3417,7357.291951
3418,6429.564254
3419,6289.914211
3420,6418.532969
3421,7328.547834
3422,7353.600661
3423,7377.705335
3424,7503.899525
3425,0
3426,0
3427,0
3428,0
3429,0
3430,0
3431,0
3432,0
3433,0
3434,0
3435,0
3436,0
3437,0
3438,0
3439,0
3440,0
3441,0
3442,0
3443,0
3444,0
3445,0
3446,0
3447,0
3448,0
3449,0
3450,0
3451,0
3452,0
3453,0
3454,0
3455,0
3456,0
3457,0
3458,0
3459,0
3460,0
3461,0
3462,0
3463,0
3464,0
3465,0
3466,0
3467,0
3468,0
3469,0
3470,0
3471,0
3472,0
3473,0
3474,0
3475,0
3476,0
3477,0
3478,0
3479,0
3480,0
3481,0
3482,0
3483,0
3484,0
3485,0
3486,0
3487,0
3488,0
3489,0
3490,0
3491,0
3492,0
3493,0
3494,0
3495,0
3496,0
3497,0
3498,0
3499,0
3500,0
3501,0
3502,0
3503,0
3504,0
3505,0
3506,0
3507,0
3508,0
3509,0
3510,0
3511,0
3512,0
3513,0
3514,0
3515,0
3516,6461.19418
3517,0
3518,0
3519,0
3520,0
3521,0
3522,0
3523,0
3524,0
3525,0
3526,0
3527,0
3528,0
3529,0
3530,0
3531,0
3532,0
3533,0
3534,0
3535,0
3536,0
3537,0
3538,0
3539,0
3540,0
3541,0
3542,0
3543,0
3544,0
3545,0
3546,0
3547,0
3548,0
3549,0
3550,0
3551,0
3552,0
3553,0
3554,0
3555,0
3556,0
3557,0
3558,0
3559,0
3560,0
3561,0
3562,0
3563,0
3564,0
3565,0
3566,0
3567,0
3568,0
3569,0
3570,0
3571,0
3572,0
3573,0
3574,0
3575,0
3576,0
3577,0
3578,0
3579,0
3580,0
3581,0
3582,0
3583,0
3584,6317.504994
3585,0
3586,0
3587,0
3588,0
3589,0
3590,0
3591,0
3592,0
3593,0
3594,0
3595,0
3596,0
3597,0
3598,0
3599,0
3600,0
3601,0
3602,0
3603,0
3604,0
3605,0
3606,0
3607,0
3608,0
3609,0
3610,0
3611,0
3612,0
3613,0
3614,0
3615,0
3616,0
3617,0
3618,0
3619,0
3620,0
3621,0
3622,0
3623,0
3624,0
3625,7262.897203
3626,7420.819797
3627,0
3628,0
3629,0
3630,0
3631,0
3632,0
3633,0
3634,6463.117649
3635,0
3636,0
3637,0
3638,0
3639,0
3640,0
3641,0
3642,0
3643,0
3644,0
3645,0
3646,0
3647,0
3648,0
3649,0
3650,0
3651,0
3652,0
3653,7414.78562
3654,0
3655,0
3656,0
3657,0
3658,0
3659,0
3660,0
3661,0
3662,0
3663,7446.309207
3664,0
3665,0
3666,0
3667,0
3668,0
3669,0
3670,0
3671,0
3672,0
3673,0
3674,0
3675,0
3676,0
3677,0
3678,0
3679,0
3680,0
3681,6191.993349
3682,0
3683,0
3684,0
3685,0
3686,0
3687,0
3688,0
3689,0
3690,0
3691,0
3692,0
3693,0
3694,0
3695,0
3696,0
3697,0
3698,6445.126669
3699,0
3700,0
3701,0
3702,0
3703,0
3704,0
3705,0
3706,0
3707,0
3708,0
3709,0
3710,0
3711,0
3712,0
3713,0
3714,0
3715,0
3716,0
3717,0
3718,0
3719,0
3720,0
3721,0
3722,0
3723,0
3724,0
3725,0
3726,0
3727,0
3728,0
3729,0
3730,0
3731,0
3732,0
3733,0
3734,0
3735,0
3736,0
3737,0
3738,0
3739,0
3740,0
3741,0
3742,0
3743,0
3744,0
3745,0
3746,0
3747,0
3748,0
3749,0
3750,0
3751,0
3752,0
3753,0
3754,0
3755,0
3756,0
3757,0
3758,0
3759,0
3760,7441.057801
3761,0
3762,0
3763,0
3764,0
3765,0
3766,0
3767,0
3768,0
3769,0
3770,0
3771,0
3772,0
3773,0
3774,7291.541885
3775,0
3776,0
3777,0
3778,0
3779,0
3780,0
3781,0
3782,0
3783,0
3784,0
3785,0
3786,0
3787,0
3788,0
3789,0
3790,0
3791,0
3792,0
3793,0
3794,0
3795,0
3796,0
3797,0
3798,0
3799,0
3800,0
3801,0
3802,0
3803,0
3804,0
3805,0
3806,0
3807,0
3808,0
3809,0
3810,0
3811,0
3812,0
3813,0
3814,0
3815,0
3816,0
3817,6381.270448
3818,0
3819,0
3820,0
3821,0
3822,0
3823,0
3824,0
3825,0
3826,0
3827,6483.356354
3828,0
3829,0
3830,0
3831,6130.663549
3832,0
3833,0
3834,0
3835,0
3836,0
3837,0
3838,0
3839,0
3840,0
3841,0
3842,0
3843,0
3844,0
3845,0
3846,0
3847,0
3848,0
3849,0
3850,0
3851,0
3852,0
3853,0
3854,0
3855,0
3856,0
3857,0
3858,6420.518728
3859,0
3860,0
3861,0
3862,0
3863,0
3864,0
3865,0
3866,0
3867,0
3868,0
3869,0
3870,0
3871,0
3872,6344.479276
3873,0
3874,0
3875,0
3876,0
3877,0
3878,0
3879,0
3880,0
3881,0
3882,0
3883,0
3884,0
3885,0
3886,0
3887,0
3888,0
3889,0
3890,0
3891,0
3892,0
3893,0
3894,0
3895,0
3896,0
3897,0
3898,0
3899,0
3900,0
3901,0
3902,0
3903,0
3904,0
3905,0
3906,0
3907,0
3908,0
3909,0
3910,0
3911,0
3912,0
3913,0
3914,0
3915,0
3916,0
3917,0
3918,0
3919,0
3920,0
3921,0
3922,0
3923,0
3924,0
3925,0
3926,0
3927,0
3928,0
3929,0
3930,0
3931,0
3932,0
3933,0
3934,0
3935,0
3936,0
3937,0
3938,0
3939,0
3940,0
3941,0
3942,0
3943,0
3944,0
3945,0
3946,0
3947,6232.328386
3948,0
3949,0
3950,0
3951,0
3952,0
3953,0
3954,0
3955,0
3956,0
3957,0
3958,0
3959,0
3960,0
3961,0
3962,0
3963,0
3964,0
3965,0
3966,0
3967,0
3968,0
3969,0
3970,0
3971,0
3972,0
3973,0
3974,0
3975,0
3976,0
3977,0
3978,0
3979,0
3980,0
3981,0
3982,0
3983,0
3984,0
3985,0
3986,0
3987,0
3988,0
3989,0
3990,0
3991,6166.27446
3992,6264.435323
3993,0
3994,0
3995,0
3996,0
3997,0
3998,0
3999,0
4000,0
4001,0
4002,0
4003,0
4004,0
4005,0
4006,0
4007,0
4008,0
4009,0
4010,0
4011,0
4012,0
4013,0
4014,0
4015,0
4016,0
4017,0
4018,0
4019,0
4020,6557.921209
4021,0
4022,0
4023,0
4024,0
4025,0
4026,0
4027,0
4028,0
4029,0
4030,0
4031,0
4032,0
4033,0
4034,0
4035,0
4036,0
4037,0
4038,0
4039,0
4040,0
4041,0
4042,0
4043,0
4044,0
4045,0
4046,0
4047,0
4048,0
4049,0
4050,0
4051,0
4052,0
4053,0
4054,0
4055,0
4056,0
4057,0
4058,0
4059,0
4060,0
4061,0
4062,0
4063,0
4064,0
4065,0
4066,0
4067,0
4068,0
4069,0
4070,0
4071,0
4072,0
4073,0
4074,0
4075,0
4076,0
4077,0
4078,0
4079,0
4080,0
4081,0
4082,0
4083,0
4084,0
4085,0
4086,0
4087,0
4088,0
4089,0
4090,6078.691953
4091,0
4092,0
4093,0
4094,6375.299277
4095,0
4096,0
4097,0
4098,0
4099,0
4100,0
4101,0
4102,0
4103,0
4104,0
4105,0
4106,0
4107,0
4108,0
4109,0
4110,0
4111,0
4112,0
4113,0
4114,0
4115,0
4116,0
4117,0
4118,0
4119,0
4120,0
4121,0
4122,0
4123,0
4124,0
4125,0
4126,0
4127,0
4128,0
4129,0
4130,0
4131,0
4132,0
4133,0
4134,0
4135,0
4136,0
4137,0
4138,0
4139,0
4140,0
4141,0
4142,0
4143,0
4144,0
4145,6108.245102
4146,0
4147,0
4148,0
4149,0
4150,0
4151,0
4152,0
4153,0
4154,0
4155,0
4156,0
4157,0
4158,0
4159,0
4160,6200.693312
4161,0
4162,0
4163,0
4164,0
4165,0
4166,0
4167,0
4168,0
4169,0
4170,0
4171,0
4172,0
4173,0
4174,0
4175,0
4176,0
4177,0
4178,0
4179,0
4180,0
4181,0
4182,0
4183,0
4184,0
4185,0
4186,0
4187,0
4188,0
4189,0
4190,0
4191,0
4192,0
4193,0
4194,0
4195,0
4196,0
4197,0
4198,0
4199,0
4200,0
4201,0
4202,0
4203,0
4204,0
4205,0
4206,0
4207,0
4208,0
4209,0
4210,0
4211,0
4212,0
4213,0
4214,0
4215,0
4216,0
4217,0
4218,0
4219,0
4220,0
4221,0
4222,0
4223,0
4224,6232.394913
4225,0
4226,0
4227,0
4228,0
4229,0
4230,0
4231,0
4232,0
4233,0
4234,0
4235,0
4236,0
4237,0
4238,0
4239,0
4240,0
4241,0
4242,0
4243,0
4244,0
4245,0
4246,0
4247,0
4248,0
4249,0
4250,0
4251,0
4252,0
4253,0
4254,0
4255,0
4256,0
4257,0
4258,0
4259,0
4260,0
4261,0
4262,0
4263,0
4264,0
4265,6466.822752
4266,6483.184392
4267,0
4268,0
4269,0
4270,0
4271,0
4272,0
4273,0
4274,0
4275,0
4276,0
4277,0
4278,0
4279,0
4280,0
4281,6169.409857
4282,6138.442578
4283,6520.27659
4284,6060.997275
4285,6194.696896
4286,6483.985641
4287,6549.293258
4288,6052.801922
4289,6405.069632
4290,6296.31187
4291,6514.29957
4292,6451.995066
4293,6102.333808
4294,6419.671364
4295,6200.522557
4296,6498.159577
4297,6515.067039
4298,6139.153114
4299,6164.986384
4300,6169.293402
4301,6527.122536
4302,6544.8922
4303,6473.553143
4304,6080.404677
4305,6108.070475
4306,6496.445432
4307,6435.670195
4308,6466.049354
4309,6136.15969
4310,6125.996507
4311,6371.734115
4312,6613.876635
4313,6453.91539
4314,6400.42887
4315,6329.949477
4316,6590.949844
4317,6542.338946
4318,6471.191546
4319,6442.512423
4320,6654.55542
4321,7039.41676
4322,6935.150153
4323,7149.140547
4324,7220.497607
4325,7291.166729
4326,7257.592504
4327,6550.425306
4328,7212.60438
4329,7401.17219
4330,6550.640725
4331,7076.988602
4332,6262.263833
4333,6513.096338
4334,7077.289871
4335,7361.417932
4336,7329.771627
4337,6475.647461
4338,7070.808398
4339,6481.293649
4340,6334.431227
4341,7184.704512
4342,6555.277796
4343,6407.528295
4344,6947.812335
4345,6586.59358
4346,7000.393194
4347,7141.453713
4348,7006.128096
4349,7284.489284
4350,6583.717431
4351,8337.877812
4352,8020.284444
4353,7501.006968
4354,8112.997179
4355,8244.694506
4356,8331.603382
4357,8142.202943
4358,8148.881534
4359,8841.987319
4360,7908.709045
4361,8202.475218
4362,8639.523893
4363,8748.745212
4364,7904.894843
4365,7593.245816
4366,7391.095779
4367,7929.451117
4368,8538.037111
4369,8436.734357
4370,7795.828164
4371,7298.081465
4372,8132.490207
4373,7291.577169
4374,8555.735242
4375,8352.335226
4376,8546.532694
4377,8251.843207
4378,7495.297562
4379,8335.141525
4380,7699.889153
4381,8239.49474
4382,7998.928477
4383,7929.927985
4384,8344.412799
4385,8233.619356
4386,7939.747904
4387,8741.284821
4388,8238.452255
4389,7704.610362
4390,8109.748364
4391,3373.444994
4392,3749.123532
4393,3485.334262
4394,3851.921795
4395,3487.771967
4396,3365.123584
4397,3250.076719
4398,4042.41897
4399,4166.915947
4400,4520.467479
4401,3853.707289
4402,3874.158651
4403,3244.27478
4404,3727.446381
4405,4396.603779
4406,4398.096929
4407,4146.606071
4408,4289.794717
4409,3248.226023
4410,4142.556467
4411,4020.025527
4412,4410.945657
4413,3263.686409
4414,3729.955558
4415,3623.477153
4416,4513.487207
4417,3607.106437
4418,4391.727642
4419,4152.125659
4420,4272.420593
4421,3611.174678
4422,4515.015146
4423,4267.444453
4424,4275.345425
4425,3259.272679
4426,3498.025716
4427,3364.506256
4428,4518.769876
4429,3243.060352
4430,3240.199168
4431,4017.722569
4432,7597.168811
4433,8944.066645
4434,7601.539164
4435,7573.151194
4436,7572.697029
4437,8941.301027
4438,8959.124612
4439,7580.211884
4440,7572.902674
4441,7575.227387
4442,7527.832098
4443,8957.100494
4444,7575.221939
4445,8945.261109
4446,7583.542239
4447,8949.962475
4448,7582.087347
4449,8923.918724
4450,7572.464721
4451,8939.742
4452,8953.587466
4453,8938.429823
4454,8953.285827
4455,7537.568678
4456,7586.232347
4457,8935.447565
4458,7578.357122
4459,8927.767332
4460,7592.362845
4461,8887.735
4462,8931.776078
4463,7517.540255
4464,8955.009981
4465,7573.903893
4466,8959.701426
4467,8935.531036
4468,7587.670582
4469,7595.744198
4470,7512.151827
4471,7521.708693
4472,8920.716696
4473,6018.32324
4474,5587.779842
4475,6752.756589
4476,5425.311875
4477,5976.623665
4478,5306.162307
4479,6182.601445
4480,5915.127938
4481,6439.000969
4482,5492.277879
4483,5523.5671
4484,6914.930338
4485,5360.402072
4486,5653.173033
4487,5360.884494
4488,6539.224966
4489,6427.921311
4490,0
4491,6079.334418
4492,6375.616927
4493,5814.611549
4494,5853.177196
4495,6861.837318
4496,5687.992613
4497,6273.242085
4498,6590.418048
4499,6767.354838
4500,5751.121923
4501,6329.047069
4502,6603.841229
4503,6819.037243
4504,6656.160323
4505,5417.960115
4506,6928.314361
4507,5256.342895
4508,6767.028699
4509,6492.704862
4510,5331.772781
4511,5213.892544
4512,6165.682161
4513,5421.954025
4514,6701.314698
4515,6496.551211
4516,6359.222576
4517,7612.958281
4518,7748.658664
4519,7562.460465
4520,6586.272297
4521,6328.836389
4522,6450.337469
4523,6517.487298
4524,6450.024883
4525,7703.620858
4526,6314.603384
4527,6494.746607
4528,7596.754441
4529,7658.45345
4530,7522.098766
4531,7569.310489
4532,7643.823917
4533,6297.468054
4534,7659.892332
4535,7690.430881
4536,6469.335588
4537,6286.988
4538,6565.439502
4539,6540.070231
4540,6421.584727
4541,6406.609056
4542,7513.607592
4543,7782.468221
4544,6543.713641
4545,7615.267498
4546,6374.691113
4547,7610.782864
4548,7736.317463
4549,6404.280355
4550,7703.62343
4551,7549.706073
4552,6335.831431
4553,6320.173301
4554,6363.169981
4555,7657.942031
4556,6628.850057
4557,6951.031264
4558,7478.306561
4559,5877.903735
4560,7372.199192
4561,7091.791004
4562,7188.654627
4563,6061.168948
4564,7054.148371
4565,6020.818872
4566,5820.656924
4567,6924.957777
4568,7232.237299
4569,7919.790076
4570,7339.733966
4571,8086.839528
4572,5738.387208
4573,7518.75344
4574,7380.547503
4575,6768.981172
4576,7065.012439
4577,6966.889449
4578,5961.089177
4579,8227.017023
4580,6345.390864
4581,5979.357626
4582,7805.583855
4583,7619.125956
4584,8060.850565
4585,7665.300674
4586,7242.587246
4587,7104.765443
4588,5919.851235
4589,6487.48568
4590,6072.914088
4591,5933.07511
4592,7195.499944
4593,8337.31492
4594,6203.124952
4595,7946.239596
4596,7336.985056
4597,5773.113294
4598,6121.762095
4599,7203.244107
4600,7777.377863
4601,5876.788916
4602,5911.639683
4603,8200.059219
4604,4914.761572
4605,4842.247757
4606,4769.58839
4607,4986.8462
4608,4096.570045
4609,4158.515762
4610,4159.28532
4611,4363.121952
4612,4987.647651
4613,4932.628137
4614,4381.274446
4615,4898.050187
4616,4791.213061
4617,4307.937004
4618,4692.351577
4619,4303.144316
4620,4086.938138
4621,4226.737667
4622,4433.043641
4623,4824.106407
4624,4718.548899
4625,4983.732046
4626,4910.430936
4627,4836.957497
4628,5114.151429
4629,4161.958264
4630,4487.028568
4631,4764.041308
4632,4294.482531
4633,4454.101104
4634,4230.634465
4635,4234.670992
4636,4971.443715
4637,4102.702661
4638,4091.553678
4639,4862.653702
4640,4105.725333
4641,4090.071721
4642,4559.591332
4643,4079.642397
4644,5043.603022
4645,6266.75088
4646,4983.685619
4647,4889.540497
4648,6511.806664
4649,5034.004313
4650,6211.772944
4651,6318.036689
4652,6420.354666
4653,6309.311899
4654,6368.368377
4655,6369.516449
4656,6441.725993
4657,4839.00034
4658,5351.557728
4659,4948.582668
4660,4885.115124
4661,5059.391478
4662,5135.926942
4663,4805.073318
4664,5115.086133
4665,4894.740846
4666,6605.54339
4667,4819.18108
4668,4933.431181
4669,6204.290582
4670,6497.671588
4671,5084.678642
4672,6316.203371
4673,6421.374992
4674,6257.614536
4675,6385.385523
4676,5187.810299
4677,4940.970505
4678,6263.941086
4679,5003.646211
4680,4780.442187
4681,4993.557293
4682,6552.438659
4683,4842.333879
4684,6149.556961
4685,5296.9038
4686,5968.541783
4687,6025.078426
4688,6023.18564
4689,5944.804124
4690,4994.942186
4691,5039.797581
4692,5932.9392
4693,5893.509046
4694,6012.941346
4695,6051.593928
4696,5973.864518
4697,5114.415136
4698,5030.172622
4699,4896.491095
4700,5938.146609
4701,4931.96446
4702,4953.560551
4703,6056.768917
4704,4987.014287
4705,5990.160749
4706,5067.6293
4707,4964.656957
4708,4992.665038
4709,5978.233325
4710,5075.064482
4711,4907.141801
4712,4941.430692
4713,4998.911259
4714,4852.276575
4715,6143.94965
4716,4863.71435
4717,4919.14621
4718,6078.749688
4719,5021.447394
4720,5981.907185
4721,4950.770908
4722,4976.211216
4723,6034.782774
4724,5032.956295
4725,6100.292078
4726,6068.127975
4727,8835.871792
4728,8948.809779
4729,8861.915122
4730,7683.111715
4731,8885.734319
4732,7658.435249
4733,7664.63981
4734,7619.668027
4735,8822.150287
4736,8809.414313
4737,8859.394526
4738,7747.996548
4739,7633.918634
4740,7645.892479
4741,8893.604714
4742,8756.21079
4743,7734.694355
4744,7624.209886
4745,8831.900098
4746,7722.257951
4747,7713.046152
4748,7719.826688
4749,7737.243805
4750,8848.479158
4751,8923.566934
4752,7787.647243
4753,8872.900433
4754,8898.352706
4755,8910.821055
4756,8765.807222
4757,7708.415767
4758,7688.99227
4759,7802.138885
4760,7761.980047
4761,7858.558944
4762,7774.603716
4763,7762.025948
4764,8736.88807
4765,7830.311666
4766,8782.747307
4767,8794.455301
4768,8411.929081
4769,10030.1437
4770,8662.197392
4771,8717.279208
4772,10079.85681
4773,10052.27531
4774,8650.771012
4775,8648.591625
4776,8369.10621
4777,8369.622154
4778,9995.608869
4779,9982.295293
4780,8375.323864
4781,8766.867299
4782,10097.3167
4783,10064.0497
4784,8365.018011
4785,10086.09475
4786,8618.19646
4787,8419.080893
4788,8750.860099
4789,8682.761829
4790,10124.79356
4791,9807.126881
4792,9875.09881
4793,8614.76885
4794,10082.89904
4795,10045.63541
4796,9941.39258
4797,8696.869282
4798,8716.951412
4799,8683.613165
4800,9976.170327
4801,8801.735137
4802,10017.62754
4803,8752.051603
4804,10011.01277
4805,9841.204111
4806,9946.598662
4807,8731.830626
4808,5604.575285
4809,5055.439844
4810,4768.794934
4811,4657.728782
4812,4950.894952
4813,5469.64545
4814,4798.107964
4815,4750.432764
4816,5362.038973
4817,5463.968862
4818,4984.675172
4819,5412.76599
4820,5306.989857
4821,4855.964228
4822,5521.617128
4823,5552.067782
4824,4733.348692
4825,4745.943138
4826,5567.970099
4827,5002.933542
4828,4909.522378
4829,5307.229622
4830,4821.823128
4831,5499.139501
4832,5620.393926
4833,4802.896424
4834,4875.711026
4835,5446.023195
4836,5393.064578
4837,5416.355629
4838,4963.305799
4839,5515.490345
4840,4848.581141
4841,5360.395352
4842,4698.557378
4843,4930.156036
4844,4619.021903
4845,5672.74524
4846,5038.722635
4847,4899.45547
4848,5700.269487
4849,4590.753869
4850,4642.238618
4851,5431.551003
4852,4523.954347
4853,5326.795759
4854,5436.091526
4855,5444.421597
4856,5461.666018
4857,4621.367047
4858,4587.769345
4859,5344.076033
4860,5380.134546
4861,4634.069087
4862,5477.65315
4863,5434.324497
4864,5308.173568
4865,5288.678446
4866,4663.078058
4867,4680.333862
4868,4650.434233
4869,4617.930899
4870,5403.215976
4871,4644.795352
4872,5414.104732
4873,4615.955625
4874,4633.680874
4875,5452.997505
4876,5448.979493
4877,4602.843113
4878,4542.762626
4879,4601.805934
4880,4699.869668
4881,4624.772811
4882,5426.082657
4883,5269.04761
4884,5419.539783
4885,4646.367877
4886,4608.540695
4887,5396.86673
4888,4630.692621
4889,4660.897966
4890,6691.459907
4891,7434.509078
4892,7519.615039
4893,6742.722983
4894,7504.953352
4895,6750.939765
4896,6807.393438
4897,6821.084681
4898,7511.479467
4899,7532.504115
4900,7546.784714
4901,6745.010273
4902,6803.43423
4903,6830.885198
4904,7559.443776
4905,6747.402267
4906,6664.720556
4907,6719.057887
4908,6725.44067
4909,7486.309061
4910,7573.240628
4911,7460.770568
4912,7593.428459
4913,6769.636458
4914,7612.139381
4915,7558.335651
4916,6853.110382
4917,6717.567515
4918,6776.826006
4919,7579.381416
4920,6776.158776
4921,7536.75971
4922,6837.61638
4923,7599.123994
4924,7621.336432
4925,7585.888387
4926,6824.972978
4927,6859.893461
4928,6797.072171
4929,7565.1851
4930,6096.563886
4931,5753.276241
4932,5667.617568
4933,6635.953451
4934,6546.27745
4935,6442.236363
4936,6479.526244
4937,6674.756155
4938,6520.817736
4939,6598.238071
4940,5808.466293
4941,6793.223267
4942,6041.385518
4943,6461.550721
4944,5974.999396
4945,5910.360177
4946,5897.051622
4947,6545.701005
4948,6052.797834
4949,5831.289294
4950,6626.024826
4951,6051.024621
4952,5743.782978
4953,6557.736141
4954,6619.707492
4955,5990.242489
4956,5970.9518
4957,0
4958,5820.083981
4959,5676.271913
4960,5889.287222
4961,6070.52092
4962,6134.1508
4963,6032.919718
4964,6750.86457
4965,6782.199013
4966,5728.894775
4967,6704.667868
4968,6540.430879
4969,6053.930201
4970,6699.131183
4971,6714.360185
4972,6585.934583
4973,5325.625864
4974,5235.233755
4975,6559.869372
4976,6515.874655
4977,6482.851727
4978,6418.513351
4979,6515.099482
4980,6486.293273
4981,5237.100928
4982,5314.385861
4983,5421.214893
4984,5295.907594
4985,5238.444327
4986,5367.251685
4987,6449.879832
4988,6527.78969
4989,5388.765123
4990,5357.218873
4991,5326.402717
4992,6382.746163
4993,5309.860097
4994,5420.78987
4995,5244.571299
4996,6384.58091
4997,5388.207853
4998,6528.669837
4999,6452.58348
5000,5464.478838
5001,6497.499333
5002,5498.030656
5003,6461.723907
5004,6519.261038
5005,6416.375164
5006,6465.799588
5007,6495.02277
5008,5431.341143
5009,5398.914367
5010,5295.196861
5011,5356.516965
5012,8422.774721
5013,7879.811295
5014,8052.892327
5015,9116.528493
5016,8443.743517
5017,9535.971851
5018,9671.780365
5019,9476.881026
5020,8336.550044
5021,8004.925158
5022,9573.141662
5023,9594.664833
5024,9630.798329
5025,7974.645827
5026,8539.953071
5027,8677.897385
5028,9359.164059
5029,9687.327807
5030,8598.376037
5031,9514.693655
5032,8502.57288
5033,9590.363616
5034,7844.983256
5035,8481.358527
5036,8018.712573
5037,8364.358468
5038,8449.83024
5039,8619.9323
5040,9233.477837
5041,9703.781755
5042,9175.085769
5043,8392.820163
5044,9532.37188
5045,9647.510477
5046,9417.787604
5047,8280.793556
5048,9455.193297
5049,9514.483796
5050,8507.613736
5051,8561.401006
5052,7285.817227
5053,5685.47832
5054,5709.561618
5055,7009.644708
5056,6033.031809
5057,7139.410051
5058,5732.676641
5059,6308.350291
5060,6422.907083
5061,5759.210433
5062,5895.800707
5063,6471.652387
5064,7376.769593
5065,6148.785905
5066,7276.402058
5067,5729.273928
5068,6445.984574
5069,6285.75233
5070,7413.008016
5071,6197.585967
5072,7397.263949
5073,7423.396475
5074,7123.848753
5075,6962.651313
5076,6170.610862
5077,5666.204469
5078,5875.399617
5079,7578.930886
5080,6986.256899
5081,6061.07563
5082,6012.021888
5083,7147.77043
5084,5924.86502
5085,7239.144788
5086,7260.887771
5087,7513.612039
5088,6334.465183
5089,7100.975137
5090,7607.260568
5091,7560.28152
5092,7844.852818
5093,8217.284406
5094,8186.473875
5095,7287.98505
5096,6816.400741
5097,7859.817793
5098,6817.392898
5099,6805.365838
5100,6869.844141
5101,7235.257047
5102,8005.452238
5103,7127.077262
5104,8112.082623
5105,8320.187577
5106,6828.920578
5107,6912.563272
5108,8059.072157
5109,7396.585783
5110,8166.747861
5111,8213.211667
5112,6806.389672
5113,7232.861197
5114,8078.595846
5115,7178.931666
5116,7897.579119
5117,7024.279029
5118,8106.101047
5119,7998.981613
5120,7338.408797
5121,7128.193225
5122,7343.713861
5123,6961.806903
5124,7019.466786
5125,6854.55042
5126,8274.200644
5127,7951.612226
5128,6920.805122
5129,8281.977348
5130,7969.483896
5131,8292.723139
5132,7070.035119
5133,6228.717356
5134,5153.396132
5135,4819.545482
5136,4835.093252
5137,5984.389854
5138,6028.466241
5139,5002.545619
5140,6152.683854
5141,6178.539508
5142,6023.016722
5143,5004.480138
5144,5306.487352
5145,4797.195512
5146,4808.178151
5147,5300.900866
5148,5077.27621
5149,5255.454219
5150,6099.102157
5151,5178.070699
5152,5077.623564
5153,6103.550199
5154,5332.353781
5155,5229.775294
5156,5100.773395
5157,5225.449201
5158,6137.032474
5159,6247.463872
5160,4819.9251
5161,6303.270389
5162,6213.19375
5163,5953.231579
5164,5150.878775
5165,5024.083401
5166,5997.423937
5167,4799.597167
5168,6173.927877
5169,6075.404799
5170,6291.576038
5171,4803.64235
5172,6060.614656
5173,6288.816868
5174,4723.205352
5175,4053.022626
5176,4061.97922
5177,4748.047521
5178,4487.136371
5179,4934.166473
5180,4955.036131
5181,5060.745503
5182,4479.118779
5183,4740.183212
5184,4161.64708
5185,4471.238515
5186,4075.709863
5187,4272.808529
5188,4575.930549
5189,4072.911637
5190,4367.260493
5191,4585.525006
5192,4166.548553
5193,5150.294904
5194,4264.099497
5195,4940.753643
5196,5144.901887
5197,4059.651535
5198,4379.885361
5199,4828.485269
5200,4847.914773
5201,5164.633995
5202,4835.97562
5203,4593.810383
5204,5061.641991
5205,5045.553591
5206,4157.530832
5207,4061.47367
5208,4854.041822
5209,4958.635139
5210,5039.762753
5211,5148.545482
5212,4053.69943
5213,4367.746352
5214,4262.213919
5215,6031.110941
5216,5786.233639
5217,7237.404004
5218,7179.149261
5219,7241.015263
5220,5844.827777
5221,5689.986008
5222,7227.796679
5223,5858.289173
5224,5912.838208
5225,7126.37051
5226,5961.184714
5227,5814.119971
5228,7168.176079
5229,5971.724864
5230,5926.829756
5231,5903.868728
5232,7009.717682
5233,6090.199519
5234,7067.997432
5235,5798.616023
5236,7245.181436
5237,7184.167561
5238,5705.515034
5239,5847.551994
5240,7152.897255
5241,7294.173422
5242,5759.456583
5243,5792.082786
5244,7108.036609
5245,7189.244889
5246,5855.060344
5247,5651.557615
5248,7132.890214
5249,7349.351125
5250,5736.929831
5251,6019.318304
5252,7286.041289
5253,5869.899185
5254,7342.48397
5255,7300.93824
5256,8884.799538
5257,8885.855453
5258,8804.68217
5259,7927.734923
5260,7843.911011
5261,8790.287393
5262,8792.275201
5263,8788.253035
5264,7921.200048
5265,7834.887749
5266,7923.341535
5267,8885.980569
5268,7845.741112
5269,8787.842404
5270,7366.464367
5271,7354.847929
5272,7925.633195
5273,8377.697655
5274,7342.798852
5275,7437.039344
5276,8871.570259
5277,8378.487692
5278,7340.882436
5279,8809.422932
5280,8882.852048
5281,7842.416748
5282,7834.137141
5283,7837.385158
5284,8801.47985
5285,8807.488914
5286,8793.907881
5287,7840.520399
5288,7919.452844
5289,8794.999524
5290,7833.686452
5291,7841.31024
5292,8810.254624
5293,8376.553942
5294,7835.987661
5295,7425.574084
5296,9003.250799
5297,8654.363763
5298,7447.88992
5299,9058.732351
5300,7520.090345
5301,8830.717728
5302,8883.758434
5303,8711.309292
5304,7119.462733
5305,7279.994298
5306,7327.061443
5307,8774.878158
5308,7166.082626
5309,7640.713084
5310,9019.751817
5311,7401.943853
5312,8664.075842
5313,8534.178621
5314,7104.960514
5315,7520.519366
5316,7160.710607
5317,8764.040837
5318,8895.305632
5319,8949.022356
5320,9015.310981
5321,8906.07291
5322,8590.868536
5323,7399.795261
5324,9025.183622
5325,7639.684531
5326,8785.610237
5327,7160.517414
5328,7283.876184
5329,7206.785526
5330,7689.68847
5331,7111.984983
5332,7150.903043
5333,7568.916556
5334,8542.068344
5335,8752.729837
5336,8826.084292
5337,7433.712589
5338,7485.795928
5339,8766.966826
5340,8799.709861
5341,7546.137194
5342,7443.741316
5343,7418.869016
5344,7499.726074
5345,7519.866473
5346,0
5347,7422.606788
5348,8833.747002
5349,8838.684587
5350,8887.615696
5351,7494.007908
5352,8851.371667
5353,7490.656275
5354,7445.070666
5355,8725.815822
5356,7514.836744
5357,8837.008976
5358,8875.542074
5359,8794.249167
5360,8780.068732
5361,8862.488599
5362,7606.674003
5363,8820.623595
5364,7540.262143
5365,7467.557659
5366,8811.074483
5367,7412.849535
5368,7579.657568
5369,7424.851078
5370,7468.714785
5371,7525.83908
5372,8807.223393
5373,8739.278292
5374,8845.825375
5375,7474.272444
5376,7552.570889
5377,7774.302834
5378,7943.171784
5379,7858.985685
5380,7866.127041
5381,7764.92887
5382,9021.996396
5383,9013.784935
5384,9130.078229
5385,7881.99305
5386,7933.883647
5387,8954.064789
5388,7963.66216
5389,8944.559061
5390,8972.930177
5391,8963.667377
5392,7854.479954
5393,9146.623112
5394,9038.127922
5395,7994.154479
5396,8935.692488
5397,7925.570908
5398,8876.764278
5399,7760.776011
5400,7983.501815
5401,9032.707674
5402,9152.558937
5403,7844.930387
5404,9030.091003
5405,7788.615404
5406,9139.140082
5407,7769.217159
5408,7802.02733
5409,9048.8961
5410,7780.707519
5411,7873.729734
5412,9041.638974
5413,7920.61246
5414,7953.250827
5415,9022.372545
5416,7973.795445
5417,9011.263535
5418,4880.09585
5419,6286.203645
5420,6335.317288
5421,6311.488955
5422,6376.095239
5423,6223.075573
5424,6196.177069
5425,5412.345448
5426,5188.138808
5427,5232.600355
5428,6315.324078
5429,5387.460129
5430,5120.373592
5431,6492.249465
5432,5142.961029
5433,6246.914983
5434,6157.73649
5435,6573.294639
5436,4853.21715
5437,6134.316692
5438,6619.699479
5439,4828.911154
5440,4926.82313
5441,4799.824433
5442,5501.761413
5443,6422.953462
5444,4891.215883
5445,6465.43802
5446,5209.04154
5447,5453.191824
5448,6554.036666
5449,5298.083235
5450,6225.313382
5451,5276.05373
5452,5322.509585
5453,5542.38114
5454,6404.333991
5455,6134.68998
5456,5364.381889
5457,5476.993687
5458,8184.770835
5459,9486.814024
5460,8078.623701
5461,9461.657305
5462,9475.092386
5463,9466.766602
5464,8221.453794
5465,9473.768462
5466,8209.456876
5467,9486.322602
5468,9454.845841
5469,8208.736472
5470,8200.830568
5471,9498.910236
5472,9463.270374
5473,9490.848809
5474,8162.488959
5475,8218.647588
5476,9498.416069
5477,9502.703617
5478,8196.478249
5479,8081.415671
5480,9486.898594
5481,8214.876904
5482,9477.744618
5483,8227.603266
5484,8081.512877
5485,8081.136401
5486,9477.43873
5487,8234.384575
5488,9511.203839
5489,8097.360843
5490,8168.461779
5491,8239.819638
5492,9436.705934
5493,8228.733567
5494,9513.135217
5495,8201.53713
5496,8174.956746
5497,9463.854344
5498,8188.076357
5499,4375.178769
5500,4738.865746
5501,6019.354245
5502,4357.924886
5503,5846.268544
5504,5110.864601
5505,5106.609184
5506,6206.332517
5507,6221.61439
5508,6396.962474
5509,6407.414835
5510,6011.212193
5511,6385.104461
5512,4918.104822
5513,4730.447067
5514,6577.262075
5515,5312.797242
5516,6579.289411
5517,4556.060951
5518,4543.742651
5519,6198.297131
5520,4364.55563
5521,5297.413933
5522,6392.722185
5523,5829.440956
5524,6571.520952
5525,4924.652238
5526,4368.270645
5527,6208.744815
5528,6020.044282
5529,4934.056057
5530,4553.454795
5531,4362.053532
5532,6034.517235
5533,4382.340765
5534,4744.651917
5535,4368.656127
5536,6583.667594
5537,5824.113849
5538,5123.664532
5539,5295.439236
5540,5375.499659
5541,7630.168488
5542,7854.00714
5543,8002.517758
5544,5599.428833
5545,6223.404585
5546,6275.638699
5547,7907.362455
5548,7503.347153
5549,8179.773227
5550,5543.10405
5551,5428.545459
5552,5244.088771
5553,5824.343528
5554,5320.805407
5555,7955.363628
5556,8352.743294
5557,7779.190254
5558,5766.076825
5559,7554.56646
5560,7684.592825
5561,5687.633061
5562,5367.31553
5563,5281.558372
5564,7406.169703
5565,5989.843328
5566,8077.419394
5567,5416.66672
5568,8130.037278
5569,8224.43504
5570,6133.67494
5571,7729.68792
5572,6357.41516
5573,8402.616656
5574,8223.045896
5575,8300.311105
5576,6500.878366
5577,5465.57726
5578,6049.924484
5579,6448.270132
5580,5910.349224
5581,9817.070525
5582,8714.283141
5583,8252.45577
5584,8547.526757
5585,8486.141063
5586,8652.716729
5587,8350.44812
5588,9911.244032
5589,8454.687118
5590,9713.30998
5591,9755.00503
5592,8363.945869
5593,8396.354502
5594,9749.298481
5595,8514.081712
5596,9587.224378
5597,8393.35832
5598,9811.485747
5599,9649.995186
5600,8404.501493
5601,9758.188883
5602,8335.079277
5603,8466.180074
5604,8452.982098
5605,9789.739476
5606,8303.015962
5607,9878.586394
5608,8424.959973
5609,9838.766225
5610,8528.281678
5611,9851.054691
5612,9970.304585
5613,8277.643594
5614,8590.582024
5615,8609.027259
5616,9939.52715
5617,9776.421921
5618,8220.393535
5619,9872.570083
5620,9932.368077
5621,9686.455373
5622,6763.111026
5623,6444.153276
5624,6405.450472
5625,6456.289497
5626,6530.388749
5627,7521.129795
5628,6372.184003
5629,6776.407154
5630,6806.054288
5631,7605.590189
5632,6666.982134
5633,6705.537637
5634,7387.095972
5635,6789.341189
5636,6491.950126
5637,7731.742269
5638,6540.866274
5639,7532.56019
5640,7436.023317
5641,7690.171201
5642,6832.044709
5643,6718.439677
5644,7703.328163
5645,7645.614055
5646,7618.144541
5647,6712.576103
5648,7643.117248
5649,6358.987303
5650,7559.560465
5651,6617.62537
5652,6626.250658
5653,6750.163452
5654,7351.278849
5655,7392.31367
5656,6754.818846
5657,7446.527643
5658,7436.442775
5659,7555.88961
5660,6579.216291
5661,7468.714142
5662,7473.409556
5663,9315.331488
5664,8431.050643
5665,9379.350702
5666,9101.309902
5667,8611.628936
5668,9585.738789
5669,9172.270908
5670,10194.40174
5671,9407.068995
5672,8793.370724
5673,10520.67626
5674,8895.641432
5675,8539.780673
5676,8552.900956
5677,9201.415804
5678,11021.83343
5679,10786.09188
5680,8485.720783
5681,10925.12085
5682,9521.583685
5683,11087.91897
5684,11137.31232
5685,10581.45684
5686,10401.67891
5687,8388.60805
5688,8996.827979
5689,8758.589595
5690,10989.28708
5691,10312.58582
5692,8965.15496
5693,10472.65473
5694,8590.783686
5695,8690.477185
5696,10375.38268
5697,10815.97706
5698,8595.575808
5699,10933.49662
5700,10678.29357
5701,10883.3521
5702,10609.11139
5703,10727.87918
5704,7743.188499
5705,8104.731336
5706,7960.267582
5707,8228.987719
5708,8657.318938
5709,8749.282634
5710,8014.012536
5711,9072.819632
5712,8786.678957
5713,9442.860758
5714,7799.788262
5715,8726.163379
5716,9157.80382
5717,9374.489891
5718,8477.210738
5719,8444.80332
5720,8178.535485
5721,8686.615932
5722,9289.558534
5723,8397.438542
5724,9228.470412
5725,8533.962953
5726,9029.05691
5727,8596.932365
5728,8319.138855
5729,7676.118443
5730,8855.563549
5731,8580.848376
5732,9505.481153
5733,8616.249736
5734,8511.160235
5735,8750.06976
5736,8722.772373
5737,7890.493336
5738,8797.42758
5739,9013.346154
5740,8941.698035
5741,8381.715569
5742,8642.885221
5743,8661.296312
5744,8812.769302
5745,7171.261538
5746,8644.942855
5747,7116.961879
5748,6911.122973
5749,6980.087828
5750,8671.859252
5751,8692.06052
5752,8548.717622
5753,7114.554344
5754,8552.824331
5755,7143.870593
5756,8500.194988
5757,8630.333339
5758,8690.330082
5759,8580.546392
5760,7087.351868
5761,8697.984759
5762,8632.513168
5763,7060.78226
5764,8659.318235
5765,7124.348261
5766,7097.214014
5767,8617.298655
5768,7090.539311
5769,7034.817924
5770,6963.419637
5771,7152.045113
5772,7208.158867
5773,6942.665106
5774,8576.967927
5775,8609.218314
5776,6959.046035
5777,7064.451116
5778,7142.261632
5779,7180.093828
5780,8605.013627
5781,8637.602756
5782,8665.292197
5783,6624.503133
5784,6897.611831
5785,8526.712323
5786,5318.833204
5787,5299.042466
5788,6305.721305
5789,6273.278311
5790,6343.478907
5791,5315.843257
5792,6317.703447
5793,6253.000254
5794,5296.428434
5795,6346.312901
5796,5322.045679
5797,5296.340223
5798,6275.844878
5799,6347.70255
5800,5296.436568
5801,5279.64617
5802,6280.463968
5803,5294.612698
5804,5313.253492
5805,5295.431317
5806,5283.12372
5807,5297.446695
5808,6251.172874
5809,5326.359391
5810,5342.759873
5811,5298.558798
5812,6287.205105
5813,5287.096427
5814,5291.105061
5815,6248.998142
5816,6284.141756
5817,6316.842693
5818,5295.512696
5819,6347.650205
5820,6314.364895
5821,6246.455891
5822,6310.476136
5823,5309.322549
5824,6276.638355
5825,5311.097485
5826,5276.926947
5827,7115.956971
5828,6972.344156
5829,7046.154959
5830,7697.734487
5831,7014.432854
5832,6953.925686
5833,7773.417856
5834,6986.98892
5835,7755.671034
5836,7816.763129
5837,7093.398219
5838,6945.588199
5839,7770.937403
5840,7096.739164
5841,7002.840944
5842,7667.279279
5843,7727.531021
5844,7737.961985
5845,7656.268408
5846,7709.217216
5847,7059.191143
5848,7028.10192
5849,7798.679875
5850,7089.086526
5851,7833.631569
5852,7690.966139
5853,7849.178981
5854,7042.046361
5855,7077.684589
5856,7673.1795
5857,7754.36135
5858,7033.206822
5859,7720.399912
5860,6932.472144
5861,6993.796114
5862,7736.400456
5863,7134.845272
5864,7717.348826
5865,7041.48031
5866,6958.695225
5867,7010.645467
5868,8591.182328
5869,7164.546093
5870,8588.627307
5871,7189.325922
5872,8685.850086
5873,8565.935158
5874,8578.177133
5875,8712.599081
5876,7180.691727
5877,7154.351944
5878,7140.15362
5879,7233.924231
5880,7263.233383
5881,7256.307687
5882,8670.603777
5883,7276.269353
5884,8624.40206
5885,7214.423149
5886,7156.999538
5887,7270.472407
5888,7204.596386
5889,7179.929359
5890,8601.260157
5891,7133.18251
5892,8614.356955
5893,8577.494788
5894,8640.387082
5895,7228.918558
5896,8647.329814
5897,8687.099149
5898,8737.06592
5899,7261.461885
5900,7129.966065
5901,8660.67074
5902,8662.739486
5903,8639.027584
5904,8616.04165
5905,7264.741223
5906,7206.581512
5907,7253.673621
5908,7239.63202
5909,5871.210143
5910,7266.558454
5911,7034.309248
5912,6931.049447
5913,5153.745329
5914,5699.779829
5915,6043.161826
5916,5114.275919
5917,5877.175222
5918,6925.331551
5919,5222.651329
5920,7615.17664
5921,5704.605531
5922,6222.037588
5923,7202.78767
5924,7374.357681
5925,7544.687425
5926,5953.774961
5927,6862.744857
5928,6049.812942
5929,6215.374768
5930,7615.739284
5931,5183.070004
5932,6124.30643
5933,5613.606634
5934,5265.70189
5935,5528.971621
5936,5783.563437
5937,4463.296973
5938,7374.674344
5939,7445.074072
5940,5146.73
5941,7102.501154
5942,7204.964748
5943,7696.198462
5944,6857.008288
5945,5532.539961
5946,7273.940289
5947,7030.17611
5948,6295.115955
5949,7095.988473
5950,3727.412493
5951,3809.727599
5952,3577.869157
5953,4186.452521
5954,4493.960672
5955,4165.844924
5956,3645.428525
5957,3726.342993
5958,3496.066187
5959,3807.514815
5960,4499.60905
5961,3482.276425
5962,3565.18672
5963,4268.587138
5964,3892.128132
5965,3825.895089
5966,3743.049311
5967,4493.940922
5968,3502.733213
5969,4506.038288
5970,4412.4574
5971,3660.240316
5972,4336.666198
5973,3645.575453
5974,4424.960831
5975,4330.456021
5976,4430.405591
5977,4253.708692
5978,3485.712466
5979,4248.142206
5980,3491.165496
5981,4170.322366
5982,3563.890022
5983,3908.326083
5984,4418.710825
5985,4349.939727
5986,4262.294055
5987,3889.007861
5988,3484.984343
5989,4343.720559
5990,6170.736768
5991,5400.15494
5992,5408.677066
5993,6078.137802
5994,6051.005572
5995,5324.279415
5996,5381.02349
5997,5418.636757
5998,6151.67143
5999,6193.817813
6000,5551.362749
6001,6215.658559
6002,5942.766437
6003,6018.013584
6004,6224.270027
6005,6086.854923
6006,6162.051674
6007,6205.494153
6008,5299.899386
6009,5452.29008
6010,5411.242559
6011,5311.470922
6012,5473.451052
6013,6025.795814
6014,6177.966081
6015,5466.477939
6016,5337.777584
6017,5539.289797
6018,5481.129563
6019,5489.837072
6020,5459.642497
6021,5418.032276
6022,5428.14426
6023,5484.182361
6024,6041.777491
6025,6104.539872
6026,6184.348964
6027,5351.313447
6028,6095.62276
6029,6033.547845
6030,5289.811198
6031,9194.524587
6032,6286.254401
6033,8153.556045
6034,8295.826953
6035,9042.611078
6036,8997.793109
6037,9114.454583
6038,8536.689595
6039,8472.909439
6040,7452.886225
6041,8759.061419
6042,6664.783657
6043,6972.794749
6044,6361.456701
6045,6902.664838
6046,7212.571093
6047,6427.672413
6048,7141.251039
6049,8875.078596
6050,6793.745733
6051,7693.524035
6052,7517.581428
6053,9014.596267
6054,8520.069992
6055,7758.793847
6056,7620.589177
6057,6406.933629
6058,7034.522632
6059,6733.60592
6060,6253.797277
6061,8394.254368
6062,7380.606211
6063,8634.91858
6064,8714.750458
6065,8280.741885
6066,6321.341836
6067,8230.518285
6068,8776.333622
6069,6380.403672
6070,8955.402406
6071,7275.964618
6072,6415.708311
6073,7111.771393
6074,7042.186104
6075,7120.948165
6076,6406.53219
6077,6057.228837
6078,6141.517996
6079,6163.963401
6080,6126.35256
6081,6045.797384
6082,7401.707892
6083,7040.987145
6084,6135.187369
6085,7033.784029
6086,7136.602199
6087,6149.833803
6088,6177.009035
6089,7050.142469
6090,7384.445727
6091,6071.837338
6092,7364.496835
6093,6154.27923
6094,7022.753408
6095,7016.851568
6096,7014.28364
6097,7374.611315
6098,6076.614571
6099,6125.934571
6100,6228.471812
6101,7129.259021
6102,7025.340388
6103,6118.104417
6104,6051.27971
6105,6133.598092
6106,6968.031173
6107,6040.325313
6108,7031.761005
6109,6172.286415
6110,6064.02415
6111,6144.568997
6112,7393.569253
6113,4296.250803
6114,4270.431601
6115,4223.082154
6116,5176.421663
6117,4505.563843
6118,4402.810672
6119,4255.26621
6120,5244.446101
6121,4226.894245
6122,5256.921759
6123,5134.407571
6124,5286.996492
6125,4445.739395
6126,5144.127515
6127,4228.24726
6128,4314.628411
6129,5101.37944
6130,5241.00961
6131,4418.510912
6132,4461.930074
6133,5325.895701
6134,4208.565741
6135,5230.776228
6136,4215.865374
6137,4211.118334
6138,5196.723738
6139,4294.9178
6140,5187.39959
6141,5277.979024
6142,5284.179421
6143,4253.279639
6144,4240.699714
6145,5217.192828
6146,5366.200118
6147,4339.843929
6148,4376.407122
6149,5159.212345
6150,5201.800822
6151,4335.213087
6152,5273.89065
6153,4358.951402
6154,8945.333982
6155,9628.857888
6156,8022.493287
6157,9873.462231
6158,8174.255148
6159,7480.837655
6160,7200.154082
6161,7529.241395
6162,9091.973105
6163,9583.696083
6164,7283.001459
6165,8776.648665
6166,9190.860103
6167,9678.052646
6168,9337.911972
6169,7037.484423
6170,7442.428647
6171,8098.735766
6172,7017.698229
6173,7043.726822
6174,7235.745221
6175,8846.333627
6176,6958.415687
6177,9270.434583
6178,7726.397027
6179,7929.474321
6180,7852.807369
6181,9023.902123
6182,9435.133925
6183,8268.52208
6184,9383.987615
6185,9794.807088
6186,9828.981522
6187,6991.163297
6188,7067.979906
6189,7775.893948
6190,9759.423289
6191,7685.499713
6192,9138.906029
6193,6970.163464
6194,9515.698856
6195,6364.17823
6196,7024.003224
6197,6402.667359
6198,6983.631607
6199,6489.786134
6200,6478.117966
6201,6978.299441
6202,6508.272893
6203,6627.892363
6204,6912.720699
6205,6896.26085
6206,6908.951997
6207,6883.69972
6208,6497.017029
6209,6466.86844
6210,6972.438779
6211,7004.762539
6212,7024.394428
6213,6990.190847
6214,6478.163747
6215,6475.484223
6216,6871.757169
6217,6921.307763
6218,7012.748552
6219,6824.092369
6220,6391.475636
6221,6465.047817
6222,6682.550469
6223,7013.474125
6224,6372.521274
6225,6486.098902
6226,6622.397001
6227,6994.412994
6228,7002.013711
6229,6381.479219
6230,6501.500829
6231,6567.834289
6232,6521.76068
6233,7001.223218
6234,6456.019777
6235,6099.195227
6236,6079.580621
6237,6178.375914
6238,6581.822097
6239,6611.813464
6240,6521.106788
6241,6054.164232
6242,6018.88337
6243,6096.909722
6244,6532.337265
6245,6502.757605
6246,6561.888188
6247,6110.511286
6248,6511.143431
6249,6540.307152
6250,6503.624116
6251,6518.383709
6252,6141.415643
6253,6569.01619
6254,6146.717789
6255,6132.071197
6256,6115.189612
6257,6163.742558
6258,6534.275669
6259,6551.585455
6260,6597.711325
6261,6154.171548
6262,6528.245685
6263,6481.256547
6264,6472.980372
6265,6128.924456
6266,6049.042297
6267,6564.403034
6268,6079.631381
6269,6147.098042
6270,6442.876932
6271,6158.851221
6272,6069.530588
6273,6084.263255
6274,6189.005081
6275,5723.977468
6276,5524.667441
6277,6280.78245
6278,5647.941797
6279,5713.181233
6280,5517.522759
6281,6421.727362
6282,6396.750348
6283,6323.143274
6284,6443.202686
6285,6353.881225
6286,6342.857465
6287,6464.318199
6288,5706.27724
6289,6301.97283
6290,6259.237467
6291,6362.388049
6292,5680.780069
6293,5590.064023
6294,6399.2412
6295,6376.56623
6296,5539.86216
6297,5732.781114
6298,5545.701815
6299,5703.739153
6300,6322.778934
6301,6278.885132
6302,5613.198704
6303,5563.511173
6304,5627.67219
6305,6332.060104
6306,5688.909684
6307,6420.69133
6308,5655.304628
6309,6344.765595
6310,5698.054813
6311,5668.182431
6312,6301.560926
6313,5748.401347
6314,5567.493718
6315,5710.433112
6316,5555.482256
6317,4209.053083
6318,5222.2875
6319,4393.174837
6320,4234.766115
6321,6137.312862
6322,5692.038368
6323,5089.694605
6324,5686.836307
6325,4186.540015
6326,6347.882881
6327,6109.735866
6328,4259.03571
6329,6324.186533
6330,5898.305902
6331,5926.72019
6332,5227.670591
6333,5716.2047
6334,5976.133005
6335,4418.557831
6336,4629.18238
6337,6320.707987
6338,5478.106458
6339,4238.553201
6340,5017.440773
6341,4876.40699
6342,5766.699547
6343,5904.798577
6344,4600.289798
6345,5475.883965
6346,4192.880929
6347,6115.599034
6348,5301.881138
6349,6183.770644
6350,6295.812511
6351,4808.297777
6352,5009.734204
6353,4662.900556
6354,4840.891203
6355,4450.07073
6356,4270.157407
6357,7959.428012
6358,7096.018476
6359,6725.646176
6360,8287.373177
6361,8004.513869
6362,6744.219459
6363,7079.431449
6364,6709.62525
6365,6626.309379
6366,8289.968224
6367,6830.881997
6368,7047.579555
6369,8048.367705
6370,8180.039714
6371,6633.295679
6372,8200.718388
6373,8225.941264
6374,6989.530689
6375,6961.245681
6376,6689.238613
6377,8027.843632
6378,8093.115243
6379,8191.93916
6380,7871.342602
6381,6724.09422
6382,6876.388951
6383,7931.087685
6384,8137.415372
6385,8115.479554
6386,8021.928684
6387,8265.205093
6388,6900.001713
6389,6811.432501
6390,7007.034233
6391,8112.094838
6392,6918.414257
6393,8202.864056
6394,7168.956476
6395,6658.258491
6396,6763.679326
6397,6792.732584
6398,6843.768897
6399,6857.320606
6400,6771.333383
6401,7828.815631
6402,6889.540544
6403,7768.918414
6404,7724.185612
6405,6855.035189
6406,6830.054975
6407,7741.003926
6408,6880.183567
6409,7817.638893
6410,7738.079308
6411,7706.719222
6412,7762.552356
6413,6751.092465
6414,7715.795294
6415,6866.959932
6416,6772.987481
6417,7747.756152
6418,7838.410269
6419,6779.789605
6420,6903.01959
6421,7803.450854
6422,6811.177167
6423,6862.169369
6424,6870.062638
6425,7732.364588
6426,6761.246949
6427,6799.849072
6428,6847.948747
6429,7783.118388
6430,7755.76653
6431,7846.510717
6432,6789.287602
6433,7793.475475
6434,6855.020951
6435,6914.029531
6436,6879.166234
6437,7772.588419
6438,7740.246053
6439,4993.125424
6440,7224.564177
6441,5882.885149
6442,5884.107287
6443,7255.643984
6444,4990.918609
6445,6090.627454
6446,7049.093276
6447,7662.373001
6448,5705.611841
6449,6090.217036
6450,7642.019213
6451,6811.824944
6452,5263.428656
6453,7435.922545
6454,7431.570547
6455,7461.287852
6456,6809.125052
6457,5015.615288
6458,6841.746039
6459,7020.392033
6460,7637.74557
6461,5498.011584
6462,5913.371059
6463,4988.880499
6464,4996.787321
6465,5267.159336
6466,7228.622051
6467,7016.920901
6468,6975.568348
6469,6120.861627
6470,5290.923181
6471,7181.918126
6472,5472.452601
6473,5678.045755
6474,5469.416915
6475,7387.878534
6476,7639.687636
6477,4989.031892
6478,5675.896871
6479,5021.68565
6480,5295.366174
6481,6064.396884
6482,5356.043973
6483,6038.979988
6484,6104.964708
6485,5354.744474
6486,5253.612513
6487,5242.514567
6488,6129.277366
6489,5317.013452
6490,5351.436898
6491,5376.722144
6492,6062.360135
6493,6112.146715
6494,6152.654157
6495,5360.691192
6496,5276.587563
6497,5338.611168
6498,6106.065323
6499,5309.970369
6500,6085.906872
6501,6084.673108
6502,6089.189503
6503,6107.462973
6504,6174.995167
6505,6129.507124
6506,5287.047516
6507,5333.141951
6508,6157.235366
6509,6126.925774
6510,6042.556432
6511,5408.196957
6512,6134.838364
6513,5325.909061
6514,5356.416966
6515,6064.151107
6516,5300.772388
6517,5360.444809
6518,5264.539391
6519,5405.216083
6520,5382.652005
6521,4909.633557
6522,6312.103976
6523,6112.205736
6524,5664.668555
6525,5990.022489
6526,5865.404806
6527,5709.734978
6528,5783.294969
6529,6510.47578
6530,6189.320897
6531,4525.123281
6532,6512.999902
6533,6033.390011
6534,6234.334503
6535,5789.591919
6536,4977.322935
6537,5910.840265
6538,5630.917158
6539,5462.995048
6540,5108.79813
6541,5509.031953
6542,5981.761554
6543,5308.625025
6544,5832.113756
6545,5581.939623
6546,4379.69102
6547,5178.528841
6548,4487.127299
6549,4569.90624
6550,4526.344889
6551,6387.506473
6552,5380.195651
6553,4411.487171
6554,5580.897686
6555,5781.420278
6556,5708.454544
6557,6434.672275
6558,6363.700998
6559,5058.973572
6560,5260.899962
6561,5840.351595
6562,7056.741793
6563,6958.194752
6564,5773.645539
6565,7112.937474
6566,7153.679742
6567,6243.433295
6568,5947.368679
6569,7248.890496
6570,5795.441865
6571,6171.660928
6572,5850.061751
6573,6896.272999
6574,6071.673102
6575,6993.641095
6576,7131.042094
6577,5746.787849
6578,7091.817343
6579,6271.141643
6580,6219.698185
6581,7229.288643
6582,5753.605237
6583,7210.458197
6584,7307.910776
6585,6123.408509
6586,7031.227998
6587,7288.510855
6588,6144.370105
6589,5775.253291
6590,5743.591827
6591,7279.529107
6592,7325.610052
6593,7015.480257
6594,5802.281441
6595,6028.233936
6596,5934.011541
6597,7190.274974
6598,6930.602273
6599,5971.907262
6600,5872.9816
6601,6045.509232
6602,3547.758126
6603,4238.348078
6604,4213.881781
6605,4217.484709
6606,3590.708065
6607,4220.314359
6608,3575.112609
6609,3512.418869
6610,4241.007685
6611,4181.120985
6612,4211.696847
6613,3546.589661
6614,4184.380691
6615,4222.228141
6616,3571.666967
6617,3562.921007
6618,4242.865287
6619,3513.591692
6620,3597.4756
6621,3543.728855
6622,3612.146621
6623,4244.964709
6624,4187.331657
6625,3517.200881
6626,3559.710887
6627,3519.883005
6628,4243.062826
6629,3539.940569
6630,3515.121246
6631,4246.569469
6632,3568.283009
6633,3620.10494
6634,4209.893616
6635,3538.810098
6636,4177.908883
6637,4162.81674
6638,3565.299341
6639,4244.001409
6640,4189.740106
6641,3541.516692
6642,6199.9784
6643,5459.14798
6644,6289.408348
6645,7178.314414
6646,6647.770111
6647,5892.105625
6648,6870.436526
6649,5727.922673
6650,6831.838216
6651,6354.325441
6652,7025.203804
6653,6328.943753
6654,6135.345981
6655,5454.415228
6656,7329.455191
6657,6801.221549
6658,7070.397062
6659,6953.083312
6660,7139.637625
6661,6177.402155
6662,5486.512112
6663,5518.143828
6664,6917.158945
6665,6763.882135
6666,7223.438845
6667,5739.124134
6668,5825.696242
6669,6985.564735
6670,6026.889302
6671,5671.445647
6672,6679.013049
6673,5980.537278
6674,5539.936835
6675,6714.775242
6676,5503.286733
6677,7103.295771
6678,5877.201649
6679,6045.782217
6680,5467.48245
6681,7293.52271
6682,7167.268987
6683,4745.454216
6684,5682.602559
6685,5694.672151
6686,4753.198552
6687,5678.310241
6688,5706.996343
6689,4705.627539
6690,4712.97522
6691,5732.900185
6692,4696.044006
6693,5708.96071
6694,5686.758024
6695,4721.159734
6696,5689.139252
6697,5701.962517
6698,4695.097829
6699,5715.60361
6700,5721.582798
6701,5721.122338
6702,5727.24416
6703,4729.862851
6704,4711.207401
6705,5715.887097
6706,4715.668374
6707,4716.825054
6708,4687.44284
6709,4707.648221
6710,4692.795938
6711,5676.517003
6712,5701.512276
6713,4737.508176
6714,4726.991382
6715,5718.656524
6716,4722.90655
6717,4704.618744
6718,5695.703583
6719,4690.710674
6720,5725.474241
6721,4698.849546
6722,4700.527948
6723,4709.851196
6724,8081.256372
6725,8067.362321
6726,7980.986294
6727,8019.9044
6728,9389.187144
6729,8054.199564
6730,9375.090278
6731,9451.089387
6732,7970.317338
6733,8068.45898
6734,8033.797117
6735,9439.709112
6736,8078.810599
6737,9385.833412
6738,8056.183371
6739,9429.714568
6740,9397.593334
6741,9364.848597
6742,9386.499418
6743,9419.081472
6744,9416.590325
6745,9403.10676
6746,8068.530177
6747,7970.686286
6748,8027.884851
6749,9440.325921
6750,8049.586568
6751,8040.882923
6752,9427.230779
6753,8040.722245
6754,9375.600819
6755,8015.573168
6756,9429.10498
6757,9407.983391
6758,7995.017736
6759,8058.80347
6760,8004.132378
6761,9396.860427
6762,8044.621239
6763,7979.203943
6764,9461.23257
6765,7870.562052
6766,6930.695265
6767,7975.857306
6768,7890.852156
6769,8226.437109
6770,7213.223872
6771,6868.137771
6772,7256.751674
6773,7278.657131
6774,7172.364793
6775,8060.280115
6776,6887.398161
6777,8016.896535
6778,6961.060924
6779,8198.231664
6780,6867.228385
6781,7340.689258
6782,8209.789195
6783,7129.034851
6784,6948.755379
6785,7087.805975
6786,8083.491236
6787,7297.353575
6788,7003.368766
6789,7933.121447
6790,8143.827911
6791,7195.023897
6792,8099.969
6793,7999.331833
6794,7044.947659
6795,8182.353841
6796,6895.980293
6797,8250.686687
6798,7112.264581
6799,7955.317103
6800,8125.394254
6801,8040.430924
6802,7030.281718
6803,8167.292453
6804,6919.231228
6805,6664.600327
6806,6348.143943
6807,6657.040348
6808,6925.987653
6809,7056.592141
6810,6410.974488
6811,6543.220382
6812,7048.787988
6813,6537.511122
6814,6987.063859
6815,6408.881501
6816,6987.405625
6817,6291.539712
6818,6285.567768
6819,6818.945491
6820,6669.903164
6821,6347.124542
6822,6656.823802
6823,6810.955017
6824,6533.665114
6825,7048.891738
6826,6996.404147
6827,6995.324302
6828,6862.091566
6829,6864.272997
6830,6353.316775
6831,6471.045097
6832,6807.87355
6833,7058.798489
6834,6285.813597
6835,6933.60639
6836,6934.165292
6837,6415.970615
6838,6479.381772
6839,6872.788533
6840,6802.086677
6841,6924.806564
6842,6654.851234
6843,6474.184733
6844,6659.361053
6845,10299.12867
6846,11638.06391
6847,11863.61917
6848,11428.40755
6849,11286.3347
6850,10379.49478
6851,10749.1745
6852,11865.94407
6853,10967.41777
6854,12008.96499
6855,10605.56075
6856,11412.92523
6857,10157.667
6858,11063.30862
6859,11188.16893
6860,10610.5593
6861,11783.8622
6862,11283.63473
6863,11289.04165
6864,10831.99808
6865,10962.51185
6866,10523.84704
6867,11058.51916
6868,10383.95533
6869,11334.15924
6870,11201.38202
6871,11331.33307
6872,11639.7962
6873,11105.78532
6874,10975.08392
6875,11557.26745
6876,11285.24279
6877,11558.95053
6878,11188.01684
6879,11413.78684
6880,11427.80641
6881,10963.64955
6882,10154.01389
6883,11783.36884
6884,10837.13344
6885,4792.58518
6886,4757.207222
6887,5819.850433
6888,5669.694125
6889,4386.439673
6890,5739.790421
6891,5854.119489
6892,4907.887823
6893,4530.552578
6894,4349.212361
6895,4959.750318
6896,4317.408654
6897,5703.698712
6898,4508.961432
6899,5022.709542
6900,4846.102354
6901,4985.956417
6902,4871.421079
6903,5838.37479
6904,6124.028981
6905,6049.368967
6906,6063.901916
6907,4329.635769
6908,4309.497005
6909,5725.454992
6910,6103.806245
6911,6161.828046
6912,5897.485621
6913,4732.982853
6914,4620.59185
6915,4677.354507
6916,4562.676432
6917,5783.608573
6918,4643.559902
6919,5935.275727
6920,6078.400639
6921,4371.342161
6922,5951.169091
6923,5967.01944
6924,4360.433134
6925,6011.011186
6926,4882.021636
6927,5510.546821
6928,4884.852631
6929,5478.45312
6930,5529.936026
6931,4793.523274
6932,4937.142814
6933,5563.315814
6934,4851.977127
6935,4864.589881
6936,4828.454994
6937,4983.365304
6938,5498.288548
6939,5412.217925
6940,4864.281442
6941,4818.438952
6942,4831.14321
6943,4828.562969
6944,5445.803139
6945,4917.49121
6946,5370.439582
6947,4798.028586
6948,4827.992424
6949,5336.707607
6950,5302.924526
6951,5365.141828
6952,4821.870232
6953,5464.452083
6954,5269.081268
6955,5398.194801
6956,4932.634065
6957,5374.993128
6958,4833.987032
6959,4871.865817
6960,4950.241592
6961,5459.910404
6962,5431.19303
6963,5377.541907
6964,4898.437874
6965,5495.456916
6966,4900.666159
6967,10244.35179
6968,11668.3358
6969,10098.73345
6970,10195.58271
6971,11658.8816
6972,10169.76316
6973,10093.02241
6974,10221.12208
6975,11805.80184
6976,11798.29156
6977,10079.40482
6978,10108.43775
6979,10229.94122
6980,11712.42032
6981,11677.21763
6982,10088.65499
6983,10200.7301
6984,10163.19584
6985,11684.86796
6986,10212.01089
6987,11660.37702
6988,11689.63001
6989,10085.34284
6990,10082.48559
6991,11725.10186
6992,10157.60054
6993,11706.18493
6994,10152.65422
6995,10203.31436
6996,10080.79008
6997,11690.97079
6998,10189.03876
6999,11682.409
7000,10089.16269
7001,11718.67982
7002,11619.10158
7003,11674.89484
7004,11667.40019
7005,11816.95789
7006,10251.03297
7007,11812.03297
7008,6268.046285
7009,6289.241394
7010,7439.235846
7011,7448.919636
7012,7475.695459
7013,6106.111927
7014,6262.342423
7015,6107.352145
7016,6215.21116
7017,7500.06053
7018,7546.155156
7019,6168.834397
7020,7450.655259
7021,6240.511288
7022,7470.661785
7023,7428.258726
7024,6262.07062
7025,6168.892579
7026,6143.917014
7027,7460.504553
7028,6238.867776
7029,6284.944098
7030,7523.757588
7031,6124.915959
7032,6247.705771
7033,7492.73368
7034,6219.512972
7035,6115.075441
7036,7481.752892
7037,6191.693996
7038,6131.066311
7039,6146.936784
7040,7441.657404
7041,6308.045068
7042,7536.46448
7043,7491.48074
7044,6149.523512
7045,7417.943629
7046,7566.977215
7047,7471.740245
7048,7514.761462
7049,8998.150745
7050,7872.002281
7051,7710.096483
7052,7632.587892
7053,7785.021751
7054,8977.788657
7055,7824.820308
7056,9030.736937
7057,9044.677569
7058,0
7059,7654.004943
7060,9088.101414
7061,7765.335411
7062,7751.845424
7063,7759.176865
7064,7676.738288
7065,7762.153948
7066,9108.829251
7067,9025.51226
7068,7730.808487
7069,7804.757852
7070,8958.057221
7071,7725.155678
7072,8984.944054
7073,7700.610648
7074,7845.345288
7075,7689.74002
7076,8898.165557
7077,9066.261931
7078,8918.636504
7079,8989.261076
7080,7669.658816
7081,9010.117236
7082,9051.14367
7083,9043.336366
7084,7745.341693
7085,7782.620309
7086,8938.476284
7087,8962.974675
7088,9005.73164
7089,7806.800461
7090,7827.563987
7091,8028.33914
7092,7242.357659
7093,7255.053985
7094,7106.011284
7095,7336.659484
7096,7345.990975
7097,7277.692507
7098,8146.895347
7099,8184.095118
7100,7223.572973
7101,7126.093607
7102,7444.207997
7103,7507.064578
7104,7380.719495
7105,7317.484508
7106,7219.939886
7107,8147.331789
7108,7396.990328
7109,8219.966322
7110,7284.460111
7111,7444.162177
7112,8209.56867
7113,8336.259454
7114,8245.263217
7115,7193.726526
7116,7205.138869
7117,8090.141842
7118,8396.062003
7119,8270.069688
7120,7162.917191
7121,7506.556029
7122,8274.450355
7123,8306.175103
7124,8152.704851
7125,8211.051526
7126,8122.720874
7127,7163.284054
7128,8277.356589
7129,8215.306107
7130,8328.705006
7131,7248.951516
7132,5378.876352
7133,5202.199554
7134,5379.619036
7135,5316.984498
7136,5025.774858
7137,5530.517529
7138,5432.442617
7139,4793.263008
7140,4908.792689
7141,5997.640414
7142,5158.744726
7143,5812.247256
7144,5026.205919
7145,5883.146358
7146,5261.64333
7147,5783.111324
7148,5275.029801
7149,4974.95607
7150,5088.234783
7151,5668.506624
7152,4912.42835
7153,6071.815795
7154,6122.409683
7155,5452.116934
7156,5540.65873
7157,5696.772605
7158,5957.906113
7159,5043.017128
7160,5143.673479
7161,5391.387052
7162,5404.49303
7163,4861.995962
7164,5896.787851
7165,5422.342371
7166,6009.743671
7167,5727.313914
7168,5927.589068
7169,5843.041921
7170,5654.897727
7171,5581.44164
7172,5768.993537
7173,6127.732804
7174,6845.706972
7175,6810.722144
7176,6913.200628
7177,6120.63726
7178,6096.012193
7179,6854.10392
7180,6231.002403
7181,6227.460702
7182,6224.229674
7183,6137.819255
7184,6807.344463
7185,6093.394607
7186,6859.492502
7187,6915.752069
7188,6123.737278
7189,6850.060638
7190,6221.496924
7191,6796.916839
7192,6122.190149
7193,6092.561176
7194,6219.256022
7195,6092.990019
7196,6101.167266
7197,6857.348877
7198,6130.468712
7199,6917.876367
7200,6821.334806
7201,6919.663719
7202,6241.677814
7203,6092.649855
7204,6918.230273
7205,6125.513017
7206,6923.725939
7207,6921.484731
7208,6234.507975
7209,6093.729246
7210,6924.874253
7211,6158.266421
7212,6818.179223
7213,6814.5058
7214,5971.67651
7215,6123.571672
7216,5487.909128
7217,5378.514909
7218,5449.520186
7219,5845.954782
7220,5918.259285
7221,6122.161391
7222,5990.17011
7223,5517.490942
7224,5196.274341
7225,5196.976962
7226,5344.762911
7227,6041.648427
7228,6156.463202
7229,5228.465812
7230,5559.262938
7231,6131.134418
7232,5377.851169
7233,5910.787885
7234,5447.467422
7235,5239.844765
7236,5840.284251
7237,5307.990051
7238,6061.211345
7239,5273.771186
7240,5205.202325
7241,5236.702372
7242,5238.017028
7243,5416.265003
7244,6095.366712
7245,6111.582515
7246,5308.669238
7247,6026.105045
7248,5193.254134
7249,5884.869877
7250,5981.405918
7251,5955.907875
7252,6051.913866
7253,5520.779399
7254,7605.55649
7255,7934.576541
7256,7461.730404
7257,7658.470845
7258,8275.664188
7259,8132.663849
7260,8800.866804
7261,7197.315685
7262,8719.729701
7263,8666.793657
7264,8329.876868
7265,7217.644728
7266,7316.986409
7267,6831.717066
7268,8213.434787
7269,8828.111318
7270,6639.049236
7271,8862.417053
7272,7000.670345
7273,6609.673357
7274,7411.305253
7275,8471.154605
7276,6609.726768
7277,6804.740774
7278,6619.756504
7279,6869.164552
7280,8274.412508
7281,7066.467364
7282,8469.105875
7283,6677.287879
7284,6608.940447
7285,7024.508805
7286,7264.194357
7287,8018.259204
7288,8605.059207
7289,7513.961184
7290,8525.644477
7291,8662.342207
7292,6672.757862
7293,8078.323333
7294,8409.143293
7295,9718.741388
7296,10282.32285
7297,11739.23334
7298,10804.13644
7299,11049.61938
7300,9365.512622
7301,10614.12839
7302,10717.01133
7303,12351.88314
7304,12917.46084
7305,10051.01084
7306,12682.40265
7307,13012.74271
7308,12073.04382
7309,9482.66941
7310,12779.43247
7311,9290.234139
7312,10142.27791
7313,9951.098232
7314,12021.10356
7315,10472.98358
7316,9219.186909
7317,12586.57265
7318,13068.5929
7319,11923.05521
7320,10383.93912
7321,12834.61357
7322,9153.476899
7323,9469.652792
7324,12406.25515
7325,9387.416524
7326,12505.25004
7327,12255.02809
7328,11591.05803
7329,11842.39175
7330,9620.488852
7331,9812.169356
7332,12738.21783
7333,9445.397136
7334,12174.46975
7335,10946.28369
7336,6043.348054
7337,5071.563779
7338,7224.084287
7339,5673.48787
7340,6107.762445
7341,4907.833369
7342,6716.841685
7343,6258.047492
7344,5300.052745
7345,5709.93128
7346,4845.674821
7347,6530.143993
7348,6074.664801
7349,5486.85296
7350,5921.721662
7351,6599.5246
7352,5859.192526
7353,6441.756333
7354,4955.234862
7355,4861.157655
7356,5141.386296
7357,5028.764404
7358,7266.421858
7359,6902.095374
7360,6230.009878
7361,6691.01317
7362,5022.618588
7363,6783.633247
7364,5045.122554
7365,7039.9567
7366,6458.720226
7367,4884.581555
7368,4841.906086
7369,6669.928462
7370,4928.629784
7371,5891.916196
7372,5091.580605
7373,6639.239016
7374,5736.056195
7375,6855.117394
7376,6484.90333
7377,6478.865836
7378,5113.80578
7379,6276.420064
7380,7085.331379
7381,6293.664092
7382,6092.330179
7383,6414.904338
7384,2995.742827
7385,3601.098906
7386,3013.509946
7387,3004.88405
7388,3007.135457
7389,3611.715271
7390,3020.660493
7391,3607.937774
7392,3022.728103
7393,3636.706715
7394,3644.326033
7395,3014.734904
7396,2987.773447
7397,3639.154914
7398,3042.28397
7399,2985.440201
7400,3012.015743
7401,3022.674404
7402,2996.467897
7403,3638.336138
7404,3001.848931
7405,3032.33929
7406,3650.3523
7407,3628.386692
7408,3023.26068
7409,2983.098806
7410,3630.204184
7411,3631.981537
7412,2992.246802
7413,3011.681195
7414,3621.57945
7415,3622.042832
7416,3612.753923
7417,3670.615803
7418,3616.18205
7419,3618.858781
7420,3019.471794
7421,3661.132913
7422,3032.703544
7423,3603.35657
7424,3011.274052
7425,4447.243456
7426,4358.696654
7427,5375.317135
7428,4385.481177
7429,4647.330753
7430,4458.556101
7431,5160.577403
7432,4155.714018
7433,4544.527353
7434,5306.162238
7435,5289.133087
7436,4166.935176
7437,4472.435626
7438,4270.679541
7439,4535.817527
7440,4631.594736
7441,5071.156942
7442,5221.021659
7443,4289.538518
7444,5046.731568
7445,4298.905983
7446,5115.102978
7447,4373.674943
7448,4197.446068
7449,4140.207204
7450,5202.418887
7451,4623.847201
7452,5422.627831
7453,5249.327518
7454,5317.40673
7455,5336.769705
7456,4559.772107
7457,5333.160886
7458,5050.808952
7459,5139.70487
7460,4183.478124
7461,4136.569083
7462,4147.188523
7463,5404.966383
7464,5134.518653
7465,5228.823249
7466,7776.702187
7467,9281.593277
7468,9259.056006
7469,7825.405584
7470,9269.263446
7471,7800.275631
7472,7798.37768
7473,9256.666987
7474,9231.271759
7475,9249.838194
7476,7838.184195
7477,7851.565006
7478,7811.748242
7479,9306.317984
7480,9168.641799
7481,9205.892133
7482,7730.6912
7483,7893.606152
7484,7752.313458
7485,9293.897201
7486,9215.989365
7487,9233.213516
7488,7728.099799
7489,7827.57561
7490,7729.278797
7491,7801.686272
7492,7776.133711
7493,7865.59402
7494,7724.800937
7495,9177.472002
7496,7921.619122
7497,9148.654691
7498,7854.297221
7499,9222.697923
7500,7786.320927
7501,9243.270567
7502,9141.300271
7503,9248.658611
7504,7740.838267
7505,7752.635582
7506,9195.939056
7507,8811.471601
7508,9233.498364
7509,8973.892768
7510,9081.543941
7511,9194.169649
7512,9020.557315
7513,9985.57038
7514,10214.71371
7515,10304.20459
7516,8650.172174
7517,10015.29939
7518,9940.964388
7519,10091.7542
7520,8974.836192
7521,10198.01233
7522,8865.327398
7523,10223.69805
7524,8707.795528
7525,8756.914846
7526,9193.649359
7527,10320.50554
7528,9084.558711
7529,10255.54088
7530,9949.099187
7531,9909.724173
7532,9126.599793
7533,8714.540575
7534,10119.84094
7535,10425.263
7536,10327.4224
7537,9245.552041
7538,8915.566848
7539,10150.42736
7540,10045.70324
7541,9189.304807
7542,10361.42576
7543,9184.558853
7544,10107.85164
7545,9203.299871
7546,8866.828708
7547,8609.590864
7548,7140.060999
7549,5801.335112
7550,6004.247383
7551,7220.484254
7552,6021.474547
7553,7200.400892
7554,7104.461009
7555,7071.759547
7556,5721.920301
7557,6061.389061
7558,7281.209843
7559,7086.485218
7560,6086.320609
7561,5760.191263
7562,5941.056175
7563,7137.763385
7564,6024.895931
7565,6012.416102
7566,5841.029451
7567,5993.211615
7568,5880.549108
7569,7264.079103
7570,7343.135005
7571,7151.781363
7572,7118.991054
7573,5950.568247
7574,7184.594873
7575,7311.822526
7576,7361.387993
7577,7023.605889
7578,6039.39733
7579,7059.71544
7580,5959.823117
7581,5781.514402
7582,7231.741155
7583,5861.088358
7584,5702.190748
7585,7392.241727
7586,5922.412855
7587,6479.919582
7588,7862.104476
7589,7830.84878
7590,6706.590426
7591,6524.967084
7592,6760.038045
7593,6733.490944
7594,7670.665055
7595,7810.783068
7596,6579.265162
7597,7724.846943
7598,7963.759614
7599,7820.398228
7600,7946.636247
7601,6495.285102
7602,7913.043798
7603,6652.914608
7604,7950.348531
7605,6546.965095
7606,7788.837333
7607,7767.990874
7608,7881.825696
7609,6627.500425
7610,6529.918528
7611,6680.979355
7612,7921.604451
7613,7842.057537
7614,7894.779812
7615,7778.434254
7616,6608.940677
7617,6599.567118
7618,6575.914412
7619,6481.037713
7620,6661.775688
7621,6475.605156
7622,7871.613097
7623,6629.537471
7624,7735.713264
7625,6486.857834
7626,6474.479271
7627,6507.297288
7628,5089.786497
7629,4706.288557
7630,4627.095801
7631,4533.08888
7632,4564.000192
7633,5088.001323
7634,4672.026299
7635,5175.714462
7636,5208.722872
7637,4493.894043
7638,5174.127746
7639,5241.772921
7640,4491.412301
7641,4665.658906
7642,5142.358442
7643,4594.993867
7644,4535.015019
7645,5189.937807
7646,5156.416729
7647,4454.556842
7648,4435.083646
7649,5138.530538
7650,5054.632019
7651,4464.439764
7652,5237.995371
7653,5123.103913
7654,4597.272597
7655,4567.028115
7656,5096.522832
7657,4636.992313
7658,5189.678527
7659,4631.216017
7660,4563.977695
7661,4601.79674
7662,5121.981513
7663,4700.246902
7664,4580.165539
7665,5156.088374
7666,5273.106797
7667,4574.771186
7668,5207.580062
7669,5677.756027
7670,5444.844875
7671,5463.528655
7672,5431.393696
7673,4188.550916
7674,4167.849877
7675,6084.66936
7676,4980.156738
7677,4343.322616
7678,4140.221812
7679,5262.012268
7680,5475.578203
7681,5658.407716
7682,4555.110766
7683,5022.961696
7684,4369.029124
7685,6103.822417
7686,4796.007748
7687,5217.237145
7688,5009.730383
7689,5248.972195
7690,5193.373807
7691,5236.596265
7692,4171.436775
7693,4808.980434
7694,5871.703783
7695,4767.373021
7696,4594.972491
7697,6048.435081
7698,5859.871206
7699,4185.212886
7700,6073.504646
7701,5900.819261
7702,4131.698962
7703,5891.256223
7704,4582.402461
7705,4381.230979
7706,5645.735434
7707,5223.398432
7708,5688.551008
7709,3390.770575
7710,3663.426996
7711,3499.174554
7712,3727.04111
7713,3505.561058
7714,3322.529945
7715,3155.640938
7716,3437.506609
7717,3733.750407
7718,3276.15166
7719,3078.536414
7720,3405.889895
7721,2929.728542
7722,2817.725323
7723,2733.981245
7724,2847.751511
7725,3620.002253
7726,2753.912757
7727,3060.371082
7728,2710.300764
7729,3310.100326
7730,3138.85592
7731,3716.61346
7732,3383.057466
7733,3042.365037
7734,2734.493975
7735,2946.196281
7736,2962.716036
7737,2720.172832
7738,3632.806656
7739,2755.037604
7740,3551.209358
7741,3519.468466
7742,2706.219289
7743,3269.392817
7744,2832.823282
7745,3194.5808
7746,3613.975716
7747,3266.40876
7748,3745.929637
7749,3253.998713
7750,5308.35398
7751,4549.174544
7752,5173.213562
7753,5431.10101
7754,4114.729357
7755,4337.426287
7756,5101.467382
7757,4241.838541
7758,4150.67425
7759,5395.876946
7760,5185.246901
7761,5212.926321
7762,5529.085611
7763,4131.537
7764,5419.696656
7765,4353.462996
7766,5284.902856
7767,5295.116811
7768,5061.446938
7769,4153.694884
7770,4330.447736
7771,4447.764528
7772,5495.840564
7773,5505.825428
7774,4439.382106
7775,4559.126791
7776,4228.058044
7777,4671.038296
7778,4119.433499
7779,5322.807136
7780,5404.63414
7781,4132.705853
7782,4659.746091
7783,4114.137902
7784,4222.156717
7785,4578.993959
7786,4691.440062
7787,5195.380129
7788,5513.968426
7789,4466.07121
7790,5081.630193
7791,5784.868571
7792,5717.496943
7793,5803.846323
7794,5739.932493
7795,5598.120848
7796,6541.779377
7797,6554.486686
7798,5807.814031
7799,5687.068886
7800,6586.779169
7801,5729.907847
7802,6533.71162
7803,5853.99028
7804,5766.60436
7805,6471.244603
7806,5656.597774
7807,6536.186417
7808,6604.777296
7809,5831.773722
7810,6564.166598
7811,6429.940843
7812,6493.086069
7813,5625.200311
7814,5748.467997
7815,6649.438549
7816,5785.485895
7817,5876.368101
7818,5823.899054
7819,6520.096359
7820,6609.17079
7821,6514.759874
7822,6511.687277
7823,6627.689534
7824,5809.899323
7825,5788.437397
7826,6669.807842
7827,5762.717183
7828,5587.769753
7829,6581.210101
7830,5695.625768
7831,6573.994769
7832,6902.481286
7833,7745.982687
7834,7748.116982
7835,7782.089799
7836,6841.198973
7837,7722.17717
7838,6757.951124
7839,6873.523762
7840,6817.298678
7841,7778.841867
7842,6900.23041
7843,6881.083142
7844,6903.543888
7845,7724.425213
7846,7726.18946
7847,6845.49429
7848,7719.907528
7849,6785.479912
7850,7750.846182
7851,6839.256006
7852,7715.705217
7853,6840.022688
7854,7742.496996
7855,6901.850219
7856,6743.821877
7857,6885.895487
7858,7718.853105
7859,7725.655152
7860,7722.368517
7861,6901.247911
7862,7717.682575
7863,6843.009623
7864,6876.853719
7865,7791.024931
7866,7744.192313
7867,6823.962772
7868,6814.178026
7869,6890.82113
7870,7784.335356
7871,6767.139674
7872,7774.726835
7873,5742.689687
7874,6225.667586
7875,6342.969246
7876,7494.874665
7877,6524.284237
7878,7191.179445
7879,6374.836952
7880,7678.432776
7881,6449.587141
7882,6193.482046
7883,7529.88346
7884,7414.396541
7885,7496.313967
7886,7642.751379
7887,5820.090564
7888,6044.813519
7889,6076.926629
7890,7194.919471
7891,7114.214297
7892,5928.630201
7893,7339.511458
7894,7264.41238
7895,6089.795067
7896,6300.617796
7897,6005.516943
7898,7345.485435
7899,7043.810828
7900,6964.392675
7901,7826.597288
7902,7041.669138
7903,7563.716775
7904,5859.258741
7905,7380.957516
7906,7486.536999
7907,6493.069781
7908,5713.518046
7909,6793.348261
7910,6643.371001
7911,5862.735624
7912,6152.580122
7913,5780.722706
7914,0
7915,6917.918877
7916,5701.252283
7917,6053.56665
7918,5767.48888
7919,5586.889699
7920,6803.589491
7921,5769.066905
7922,5538.589492
7923,5654.998814
7924,6168.98278
7925,5545.782879
7926,7052.937391
7927,5596.868338
7928,6640.931342
7929,6937.739929
7930,7102.464454
7931,6107.615157
7932,6821.395762
7933,6700.540841
7934,6704.595017
7935,7166.611643
7936,6871.487574
7937,6164.736974
7938,7146.029044
7939,5883.77636
7940,5816.620982
7941,6815.944476
7942,7101.262811
7943,7043.173816
7944,5544.12335
7945,7032.069436
7946,6756.079429
7947,5932.702448
7948,5541.52279
7949,5880.05203
7950,6048.955341
7951,5655.607519
7952,6930.220405
7953,6986.663705
7954,5555.225688
7955,5993.448947
7956,7959.269125
7957,8884.680314
7958,8697.341546
7959,7759.141746
7960,7700.715607
7961,8878.548005
7962,8818.609173
7963,8056.2316
7964,8645.623204
7965,8820.034079
7966,7859.10044
7967,8704.757761
7968,8088.081339
7969,7860.966037
7970,8041.939805
7971,8918.138051
7972,8649.524231
7973,8825.658725
7974,7916.824751
7975,8758.562543
7976,7981.209864
7977,7775.588769
7978,8032.076804
7979,8085.229706
7980,8737.21161
7981,8019.488815
7982,8859.101549
7983,7801.197134
7984,7835.511977
7985,7920.790422
7986,8762.739522
7987,8093.045001
7988,7896.820628
7989,8033.572035
7990,8767.060641
7991,8585.14372
7992,8698.585021
7993,8708.451693
7994,7974.866255
7995,8798.77241
7996,8022.294326
7997,8242.0981
7998,8340.483795
7999,8246.967557
8000,8311.191877
8001,9747.038055
8002,8361.234456
8003,9826.320058
8004,9817.688458
8005,8320.497109
8006,8302.34508
8007,9652.634594
8008,9757.540457
8009,9736.6266
8010,9790.281335
8011,9794.674676
8012,8337.98557
8013,8328.231839
8014,8207.166413
8015,9782.05397
8016,8204.438288
8017,8212.595946
8018,8349.048714
8019,9763.408745
8020,8374.049954
8021,9755.860958
8022,8330.306977
8023,9681.713271
8024,9770.339883
8025,9662.791506
8026,8196.330768
8027,9672.509233
8028,8232.437832
8029,9774.269495
8030,8237.416454
8031,8220.477487
8032,8185.285373
8033,9766.264774
8034,8228.624947
8035,9796.136411
8036,8177.370295
8037,9807.63858
8038,8357.670796
8039,8350.61712
8040,7444.965883
8041,7428.04746
8042,7464.798308
8043,8397.418897
8044,7484.738324
8045,8332.535822
8046,7454.92554
8047,8313.157383
8048,7415.724327
8049,8293.430901
8050,7493.791351
8051,7534.704398
8052,8342.738051
8053,8351.179326
8054,7401.798204
8055,7411.397839
8056,8388.603358
8057,8274.580313
8058,7407.573551
8059,7445.362767
8060,8283.571081
8061,8409.925952
8062,7503.777477
8063,7465.543143
8064,7512.816567
8065,8297.497829
8066,7514.357189
8067,7421.302352
8068,7420.887605
8069,8359.45415
8070,7524.905633
8071,8368.084598
8072,8321.242114
8073,7428.492016
8074,7404.16724
8075,7436.388365
8076,8376.491334
8077,8303.485051
8078,8404.489173
8079,5651.541728
8080,5432.870628
8081,4836.707273
8082,5755.889597
8083,5465.134046
8084,4514.302776
8085,4662.352882
8086,4552.230817
8087,4776.297115
8088,4852.255102
8089,5579.175693
8090,4764.910789
8091,5504.847442
8092,5684.61365
8093,4813.053458
8094,5562.269081
8095,4546.066093
8096,4587.888041
8097,4825.132816
8098,5490.090796
8099,4850.612243
8100,5611.891944
8101,5538.820565
8102,5534.817871
8103,4691.359203
8104,5682.832207
8105,4700.739257
8106,5757.435725
8107,5609.167154
8108,5636.608476
8109,4826.956362
8110,4782.007488
8111,5506.381416
8112,5487.511078
8113,4737.534296
8114,4792.983741
8115,4618.515399
8116,4839.250787
8117,4625.998247
8118,5723.905758
8119,10247.74241
8120,9166.46842
8121,10205.76528
8122,8765.203734
8123,10322.90059
8124,8861.516068
8125,10001.57595
8126,10121.56922
8127,8962.942297
8128,8764.580232
8129,8685.42071
8130,8664.097699
8131,9276.296294
8132,10049.01251
8133,9947.230501
8134,10306.71496
8135,9064.363776
8136,9899.551867
8137,10018.21743
8138,9158.599126
8139,10103.92209
8140,10405.65419
8141,8667.725594
8142,10223.26454
8143,8762.975513
8144,10306.59671
8145,8967.34486
8146,8959.219431
8147,10305.95756
8148,9070.242282
8149,10105.66377
8150,8659.835111
8151,8862.4971
8152,10149.21495
8153,9173.523809
8154,9058.21493
8155,8865.557571
8156,8671.532854
8157,10206.0162
8158,8782.078011
8159,9914.12879
8160,12258.8239
8161,9457.238576
8162,12233.05463
8163,12101.99638
8164,9840.941145
8165,9879.484153
8166,11932.82849
8167,9487.71419
8168,9584.784642
8169,12362.61112
8170,12390.84756
8171,12126.18823
8172,9545.510427
8173,9669.369801
8174,12066.52027
8175,9538.362321
8176,12358.24607
8177,9572.131144
8178,12308.92053
8179,10201.00262
8180,9898.283908
8181,9465.89727
8182,12198.94168
8183,9748.389192
8184,12177.83077
8185,9712.464133
8186,11993.43184
8187,9801.392105
8188,11861.2023
8189,10101.78535
8190,10067.71812
8191,12046.42977
8192,9617.861531
8193,9934.311733
8194,9970.687443
8195,11798.60669
8196,9513.604816
8197,10030.63246
8198,11969.51314
8199,12329.71309
8200,12439.73162
8201,4776.449603
8202,6621.255443
8203,6502.109246
8204,6628.3116
8205,5249.451148
8206,4804.266639
8207,4761.14847
8208,5387.152119
8209,5151.92054
8210,4800.15352
8211,6488.654588
8212,6767.619206
8213,4786.197487
8214,6263.357064
8215,5158.463695
8216,6368.463964
8217,4919.735043
8218,4893.971801
8219,6739.707873
8220,5038.383301
8221,5397.980715
8222,5130.473412
8223,4768.086654
8224,6382.633996
8225,4918.840445
8226,6511.978645
8227,5278.536356
8228,6607.439406
8229,6275.038951
8230,6724.510693
8231,5035.525835
8232,6247.542114
8233,6527.022159
8234,4796.799012
8235,6644.962952
8236,5368.636808
8237,6408.710602
8238,6394.183292
8239,5011.957172
8240,5269.121782
8241,6762.563219
8242,6745.493513
8243,7339.216721
8244,8569.52629
8245,8541.749785
8246,8091.789424
8247,8239.771269
8248,8392.013585
8249,6781.008551
8250,7374.493729
8251,8541.595675
8252,8690.049249
8253,8123.30272
8254,7498.387379
8255,6744.077573
8256,6751.084913
8257,8422.423542
8258,6750.144018
8259,6908.426951
8260,7072.075315
8261,6922.027156
8262,7223.110611
8263,7525.449337
8264,8420.553631
8265,6762.709328
8266,8087.386908
8267,8690.353395
8268,7349.328168
8269,8272.242301
8270,6892.601565
8271,7054.47223
8272,8716.408217
8273,6773.275538
8274,7189.284411
8275,8391.515951
8276,7040.452869
8277,8705.092227
8278,8568.557243
8279,8241.895391
8280,8273.63811
8281,7489.60332
8282,7201.340273
8283,5736.410614
8284,4808.513905
8285,5786.223126
8286,5066.668732
8287,5071.465944
8288,5723.858676
8289,5936.259341
8290,5088.751697
8291,5634.473013
8292,5781.442217
8293,5876.367934
8294,5685.909959
8295,5124.71193
8296,5111.839867
8297,5018.925777
8298,5774.381555
8299,5833.997793
8300,4914.746109
8301,4859.326278
8302,4967.288987
8303,4966.597881
8304,5022.115642
8305,4908.784222
8306,5078.991678
8307,5076.715809
8308,4807.051432
8309,5673.234976
8310,5867.116951
8311,5764.043116
8312,5682.05739
8313,4958.728853
8314,5835.757975
8315,5009.127234
8316,4912.842226
8317,5815.614209
8318,4858.944757
8319,4758.003958
8320,5825.101072
8321,5712.495132
8322,5885.593418
8323,5060.16813
8324,7118.962247
8325,7220.977852
8326,6395.25986
8327,6253.542071
8328,6413.522484
8329,6322.734154
8330,6364.636894
8331,7309.811458
8332,6437.545231
8333,7347.061946
8334,7323.513186
8335,6395.953978
8336,7233.794728
8337,6524.103448
8338,6483.998058
8339,6437.848984
8340,6379.93547
8341,6506.688269
8342,7152.421865
8343,6408.989631
8344,7131.357965
8345,6448.043476
8346,7208.420802
8347,7140.794938
8348,6349.803055
8349,7195.86823
8350,7142.374029
8351,7241.060177
8352,7335.883344
8353,7162.161882
8354,6469.413906
8355,6427.756378
8356,7183.162427
8357,6470.89862
8358,6242.534652
8359,7268.123116
8360,7254.539466
8361,6458.935197
8362,6422.966374
8363,6335.788946
8364,7227.866838
8365,3423.304113
8366,3570.832726
8367,4492.691868
8368,4608.49477
8369,3532.365573
8370,4571.275408
8371,4487.898566
8372,3615.47903
8373,3420.245101
8374,4474.085095
8375,3424.560835
8376,4586.571133
8377,4452.212789
8378,3570.641978
8379,4550.407453
8380,3610.153776
8381,4565.023142
8382,3430.007427
8383,4557.000189
8384,4512.882604
8385,4519.744168
8386,4532.572763
8387,4526.598123
8388,3423.749369
8389,3468.372039
8390,3414.418045
8391,3577.525787
8392,3494.476294
8393,4482.268033
8394,3433.145897
8395,4602.889614
8396,4615.539284
8397,3504.017882
8398,4449.361704
8399,3609.744621
8400,4594.130303
8401,3540.353937
8402,3452.447083
8403,3530.859683
8404,3457.140006
8405,3491.326926
8406,6235.648591
8407,5907.355172
8408,8099.157432
8409,5916.731419
8410,7800.938535
8411,6569.364133
8412,7867.708825
8413,5946.524569
8414,5906.793112
8415,7870.890519
8416,8095.231148
8417,7981.783017
8418,6728.532585
8419,7985.499821
8420,8211.653127
8421,6683.10381
8422,5910.942131
8423,8027.101934
8424,8245.138437
8425,7914.436692
8426,7807.883398
8427,6347.193088
8428,6684.867477
8429,6456.155474
8430,8207.808995
8431,8207.822619
8432,6343.616463
8433,6272.535909
8434,6231.660469
8435,8138.910552
8436,6500.066546
8437,6614.410666
8438,5908.859636
8439,5955.112361
8440,7753.494754
8441,6459.185797
8442,6385.977859
8443,7755.846496
8444,6571.762317
8445,7919.983993
8446,7695.34752
8447,5932.69193
8448,4731.729425
8449,5956.786038
8450,5944.998686
8451,5967.702745
8452,5913.529137
8453,4764.965749
8454,5928.740755
8455,5924.949202
8456,4807.270183
8457,4770.498918
8458,4843.806357
8459,6008.462472
8460,5917.250116
8461,5934.955161
8462,4797.659404
8463,4755.730956
8464,4774.376525
8465,5904.462873
8466,5960.775123
8467,4813.32252
8468,5970.613622
8469,5980.251297
8470,4795.503628
8471,4804.949304
8472,4822.270825
8473,4780.984321
8474,5938.67141
8475,4805.289464
8476,5943.60479
8477,4830.37666
8478,4817.78303
8479,4772.607705
8480,5891.013689
8481,4832.445809
8482,4792.523255
8483,4764.876797
8484,4741.696338
8485,4784.560304
8486,5920.478345
8487,5950.504919
8488,8821.459072
8489,9643.180585
8490,9467.772269
8491,9724.77806
8492,9595.145718
8493,8847.643029
8494,9714.011947
8495,9655.402749
8496,8904.657415
8497,9667.840038
8498,8570.218474
8499,8790.476775
8500,8734.454803
8501,8845.139616
8502,9075.772037
8503,8615.388621
8504,9609.240795
8505,8587.877972
8506,9747.244178
8507,9015.911778
8508,9861.394865
8509,8728.491265
8510,8786.318116
8511,9584.724756
8512,8624.853701
8513,8895.213015
8514,8688.109831
8515,9701.052815
8516,9770.659614
8517,8679.407645
8518,8835.885227
8519,8955.450965
8520,9804.337
8521,9534.00464
8522,8650.390681
8523,8671.611253
8524,9780.076421
8525,9652.470326
8526,9526.067056
8527,9689.953583
8528,8777.803625
8529,6481.756062
8530,6700.245357
8531,6652.61734
8532,6735.861414
8533,7569.090855
8534,7735.167783
8535,6644.278095
8536,7626.280111
8537,6564.862978
8538,7681.764066
8539,7511.031427
8540,7451.949149
8541,6706.451474
8542,6548.870734
8543,6792.698365
8544,6756.746079
8545,7601.003549
8546,6621.150265
8547,6589.228521
8548,7698.199972
8549,6497.073804
8550,6678.392565
8551,7644.028815
8552,6513.413963
8553,6446.242602
8554,6599.943172
8555,7655.122915
8556,6535.181354
8557,7635.244191
8558,6509.922384
8559,7672.19448
8560,7707.448761
8561,7617.448197
8562,6457.972833
8563,7545.198015
8564,7506.882115
8565,6548.017933
8566,6546.292224
8567,7589.9197
8568,7535.797182
8569,7562.225277
8570,9568.397649
8571,9506.309567
8572,7899.964118
8573,7901.371687
8574,7906.496039
8575,9546.224657
8576,7900.833548
8577,7899.666155
8578,9546.818191
8579,7911.316571
8580,7943.333896
8581,9507.403657
8582,9499.770672
8583,9568.384353
8584,7905.736789
8585,9507.541636
8586,7900.847183
8587,7942.697991
8588,7948.073322
8589,9504.029177
8590,7944.671208
8591,9501.468347
8592,9546.958836
8593,9506.056264
8594,7905.909308
8595,7900.580809
8596,7908.688564
8597,7942.814933
8598,9569.60357
8599,9569.577224
8600,9519.267147
8601,7906.696462
8602,7946.40954
8603,7901.074175
8604,7899.933928
8605,9503.475847
8606,9501.319083
8607,7949.146456
8608,7914.057098
8609,9546.52719
8610,9505.153944
8611,8869.046606
8612,7963.6749
8613,8673.833612
8614,8772.490339
8615,7915.568068
8616,8857.590047
8617,7876.562374
8618,8044.135517
8619,8793.189299
8620,8955.100586
8621,7619.209628
8622,8130.244691
8623,8940.874524
8624,8880.034297
8625,8685.705619
8626,8843.198022
8627,7957.072098
8628,8619.485684
8629,8818.367858
8630,8000.141563
8631,8696.260989
8632,7703.260004
8633,8597.747058
8634,8050.650661
8635,7558.874537
8636,8759.309703
8637,8925.570295
8638,8533.706616
8639,7789.670757
8640,8782.697338
8641,8706.16553
8642,7869.570914
8643,7553.476782
8644,7645.559576
8645,7749.774571
8646,7832.153585
8647,7668.043208
8648,7729.920154
8649,7695.304921
8650,7584.500446
8651,7782.172585
8652,5212.491397
8653,5841.373155
8654,5193.199126
8655,5818.913849
8656,5092.546961
8657,5822.829647
8658,5778.156312
8659,5207.242381
8660,5825.629518
8661,5781.929334
8662,5190.482943
8663,5837.062262
8664,5786.304142
8665,5231.875566
8666,5224.673647
8667,5797.074852
8668,5210.496602
8669,5190.750804
8670,5802.842537
8671,5085.879856
8672,5814.584939
8673,5143.527026
8674,5150.456983
8675,5159.221362
8676,5073.959156
8677,5174.222045
8678,5781.575305
8679,5229.849914
8680,5170.309073
8681,5800.388855
8682,5155.684313
8683,5789.454403
8684,5082.906654
8685,5858.330912
8686,5805.935257
8687,5131.260278
8688,5844.894923
8689,5767.26241
8690,5077.288008
8691,5830.745644
8692,5174.902002
8693,8043.684088
8694,9695.396679
8695,8037.492373
8696,9711.551497
8697,8042.340286
8698,9722.695245
8699,8033.290194
8700,9686.346105
8701,9690.364873
8702,8037.804563
8703,8039.787516
8704,9671.013853
8705,9674.766603
8706,9682.042776
8707,8029.739694
8708,9689.24109
8709,8050.232948
8710,8047.891591
8711,8025.694216
8712,8026.898681
8713,9717.684879
8714,8033.2969
8715,8039.11065
8716,9688.861617
8717,8043.247207
8718,8029.441942
8719,8032.490098
8720,9664.637258
8721,9700.247321
8722,9677.482722
8723,8024.394374
8724,9677.255424
8725,8056.854214
8726,9682.156196
8727,8037.685294
8728,8028.068397
8729,8029.46556
8730,8020.502013
8731,9689.247713
8732,9683.535742
8733,9726.469376
8734,18292.1142
8735,20252.27426
8736,18598.54148
8737,18471.18564
8738,20153.75099
8739,20153.98539
8740,18407.08411
8741,20462.47982
8742,18502.09484
8743,20349.87857
8744,18589.92892
8745,19857.37701
8746,18390.79025
8747,20559.29635
8748,20056.48094
8749,20251.65315
8750,18392.22123
8751,18689.26784
8752,20249.52848
8753,18220.87572
8754,18128.62444
8755,18490.68525
8756,20445.92613
8757,18340.48693
8758,18373.72703
8759,20365.68169
8760,18147.28218
8761,20447.30768
8762,18221.68746
8763,18787.92513
8764,20056.53032
8765,18277.20473
8766,18261.24449
8767,18313.48204
8768,18294.93381
8769,18181.5047
8770,0
8771,20394.71545
8772,20349.65512
8773,19957.35731
8774,20268.91488
8775,20540.35611
8776,11606.59957
8777,11325.73574
8778,11510.75082
8779,9449.356176
8780,9220.230524
8781,9404.529379
8782,11405.58058
8783,9631.879657
8784,9527.845657
8785,11329.56401
8786,9551.392008
8787,11589.28718
8788,11483.83761
8789,11684.38733
8790,9145.040969
8791,11527.03991
8792,9514.090466
8793,9271.392748
8794,11545.09942
8795,11409.17805
8796,9372.000991
8797,9151.260586
8798,9224.21201
8799,11488.7729
8800,11445.97338
8801,9351.757639
8802,11250.35419
8803,9432.845187
8804,9325.151508
8805,9194.63166
8806,11364.02406
8807,9192.078271
8808,11568.04991
8809,9594.843317
8810,11432.25334
8811,9246.60361
8812,11353.73505
8813,9295.73079
8814,9220.767003
8815,9168.7902
8816,11560.47199
8817,6484.966852
8818,5030.952706
8819,5423.349211
8820,6085.672257
8821,5906.202429
8822,6074.22017
8823,6105.370548
8824,6485.459694
8825,4444.666579
8826,6285.998824
8827,6682.280908
8828,5428.366768
8829,5249.845807
8830,5225.46164
8831,5229.55103
8832,5028.326675
8833,4833.097223
8834,4441.706628
8835,6303.112884
8836,4636.619888
8837,5449.414636
8838,6682.109313
8839,4466.914531
8840,6471.889628
8841,5875.30187
8842,4651.300445
8843,4437.473675
8844,4453.543469
8845,6090.790869
8846,6288.311196
8847,4850.166009
8848,5049.864875
8849,6669.685787
8850,4832.076321
8851,6273.272336
8852,4635.903543
8853,6668.757229
8854,5884.800741
8855,4456.872297
8856,4439.269423
8857,6499.204102
8858,3440.061581
8859,2848.065791
8860,2859.387537
8861,3375.788567
8862,3373.944268
8863,3503.823138
8864,3595.565416
8865,3166.343874
8866,3104.066178
8867,2841.433235
8868,3308.059032
8869,3530.981005
8870,3116.246271
8871,3052.116164
8872,2905.686285
8873,3165.008727
8874,3177.312409
8875,3193.372314
8876,3310.705958
8877,3037.032641
8878,2922.876437
8879,2983.59486
8880,3497.938226
8881,3120.540289
8882,3565.260825
8883,3440.41833
8884,2986.607125
8885,3431.052858
8886,3050.984793
8887,3507.365649
8888,3182.406603
8889,2970.860939
8890,3364.616843
8891,3465.630327
8892,3399.419855
8893,3173.018084
8894,2915.454114
8895,3160.523686
8896,3316.741784
8897,3567.493659
8898,3298.603224
8899,6700.533217
8900,6765.480955
8901,6815.769958
8902,6829.458677
8903,6913.472403
8904,6749.798376
8905,5753.619961
8906,5903.655888
8907,6165.998952
8908,5943.002492
8909,6009.295469
8910,6124.203526
8911,6201.615015
8912,6076.281461
8913,6948.091937
8914,5859.73185
8915,5839.71331
8916,6881.89652
8917,6062.847591
8918,6925.677919
8919,6097.43907
8920,6032.089352
8921,6893.014127
8922,6163.700224
8923,6150.637531
8924,6991.455092
8925,6978.440008
8926,5818.296555
8927,5993.914832
8928,6634.330746
8929,5967.605752
8930,6860.478521
8931,6779.909013
8932,6792.59555
8933,5926.111548
8934,6730.457811
8935,6847.297426
8936,6143.653588
8937,6132.308778
8938,6106.89
8939,6795.50727
8940,10287.00447
8941,10253.24362
8942,8488.226715
8943,8425.588566
8944,8400.642612
8945,10245.01013
8946,8668.098309
8947,10318.78572
8948,8586.797245
8949,8632.604985
8950,8519.953137
8951,8703.241334
8952,10181.53229
8953,8597.05289
8954,10278.39501
8955,8550.082843
8956,8531.188393
8957,8498.528744
8958,8564.930688
8959,10084.65816
8960,8632.441089
8961,10178.89451
8962,8529.290788
8963,8562.568026
8964,10217.81914
8965,8597.349976
8966,8518.472258
8967,10211.81941
8968,10249.53369
8969,8458.964304
8970,10283.25868
8971,10117.13962
8972,10152.58004
8973,8466.837543
8974,10150.65851
8975,10218.90091
8976,10345.81738
8977,8570.075518
8978,10315.33745
8979,8430.003507
8980,10184.73747
8981,5745.757731
8982,5730.613699
8983,5635.066042
8984,6320.638552
8985,5575.28266
8986,6442.554863
8987,5331.360693
8988,6372.00117
8989,6226.450871
8990,5736.361412
8991,5320.530264
8992,5585.069256
8993,5782.344681
8994,5592.02032
8995,5642.998888
8996,6215.946078
8997,6359.300931
8998,5626.771306
8999,5678.643578
9000,5358.443138
9001,6125.131597
9002,5368.9313
9003,6268.495429
9004,6304.103281
9005,5694.278613
9006,6204.057522
9007,5319.918621
9008,5541.335975
9009,6175.930125
9010,6307.712482
9011,6410.353926
9012,5535.332608
9013,6252.669566
9014,5341.199935
9015,6255.842773
9016,6422.433622
9017,6402.352761
9018,5685.484163
9019,6404.79304
9020,6354.816969
9021,12838.82214
9022,12516.29416
9023,12281.60719
9024,12694.93087
9025,12392.62579
9026,12216.25467
9027,11646.50528
9028,11656.82245
9029,12260.67119
9030,12639.47952
9031,12944.1685
9032,12339.98792
9033,12629.52817
9034,12819.743
9035,12464.09418
9036,12272.93813
9037,12718.48255
9038,12030.77898
9039,12411.43409
9040,12588.68274
9041,11781.12545
9042,12383.89246
9043,11905.79903
9044,12092.61682
9045,12713.66541
9046,12023.09533
9047,12752.93622
9048,12155.87027
9049,12863.35224
9050,12841.75038
9051,12280.85748
9052,12405.62176
9053,12739.68814
9054,11770.85262
9055,13068.14197
9056,12762.59362
9057,12277.32473
9058,11896.46039
9059,12490.19791
9060,12615.3411
9061,12506.6918
9062,12403.89607
9063,12259.10206
9064,12150.24424
9065,12398.41938
9066,12405.61771
9067,12268.19295
9068,12287.38668
9069,21523.74781
9070,20238.65081
9071,20899.19969
9072,17984.47313
9073,19940.26457
9074,19266.67915
9075,18835.5794
9076,17939.47913
9077,20845.65239
9078,21252.58834
9079,20775.35146
9080,18299.23105
9081,21022.37925
9082,19908.59429
9083,19701.01497
9084,20446.09037
9085,20135.41997
9086,19371.87409
9087,19094.88398
9088,20478.73194
9089,19402.61609
9090,18520.87434
9091,21558.76804
9092,19596.20924
9093,20984.5012
9094,21086.18656
9095,19755.67802
9096,21311.56812
9097,19058.03845
9098,21435.90637
9099,19022.98143
9100,20298.627
9101,21467.92948
9102,21381.85897
9103,18480.61672
9104,20711.55406
9105,20865.30044
9106,20007.04104
9107,21623.97418
9108,21406.00575
9109,21018.07503
9110,20840.82128
9111,20929.56499
9112,19162.18749
9113,20547.21419
9114,19632.7564
9115,21388.12211
9116,20171.60058
9117,4234.425196
9118,3828.443985
9119,4202.183706
9120,3821.898798
9121,3859.657598
9122,4123.166048
9123,4018.647459
9124,4281.429639
9125,4361.035933
9126,3938.848841
9127,4190.444315
9128,4064.310785
9129,4272.306424
9130,4065.824539
9131,4069.314861
9132,4092.515554
9133,4277.989797
9134,4399.526497
9135,4099.035007
9136,4369.646799
9137,4241.702843
9138,4291.435322
9139,4349.779297
9140,4056.50334
9141,3988.107209
9142,4044.180441
9143,4249.252941
9144,3983.108659
9145,4320.172109
9146,4145.189239
9147,3907.696504
9148,4230.842682
9149,4135.303138
9150,4270.428798
9151,4179.730441
9152,3902.156085
9153,4150.687552
9154,4213.485984
9155,4240.746323
9156,4161.240121
9157,5071.796133
9158,5815.754714
9159,5025.727864
9160,5530.690115
9161,4023.21763
9162,4844.712214
9163,4456.567872
9164,3973.304904
9165,5556.540321
9166,5049.29838
9167,5610.541059
9168,4639.26191
9169,5404.374461
9170,6171.199516
9171,4416.520102
9172,6019.511822
9173,4251.842463
9174,4022.50498
9175,5352.00167
9176,6138.069447
9177,4052.269751
9178,5431.998302
9179,4045.997992
9180,6144.024804
9181,5735.34149
9182,6221.616415
9183,4661.656407
9184,4618.734257
9185,5939.850158
9186,4821.83205
9187,4866.839732
9188,5966.564705
9189,5761.54658
9190,5839.144075
9191,3961.60838
9192,4227.698645
9193,5636.261102
9194,4433.423441
9195,6040.592232
9196,3995.009471
9197,4215.098432
9198,8647.733842
9199,8648.618422
9200,9017.819629
9201,8627.749871
9202,10233.72889
9203,9790.747082
9204,9554.900291
9205,9336.659163
9206,9534.406022
9207,8402.420051
9208,9468.118579
9209,9327.06806
9210,9463.087778
9211,9475.660442
9212,10016.34543
9213,9528.341183
9214,9564.923832
9215,9755.8967
9216,9777.421441
9217,9543.374422
9218,8873.3638
9219,10241.92309
9220,8877.250463
9221,9324.206917
9222,8853.555248
9223,9074.691486
9224,9769.49033
9225,9315.861899
9226,9472.819917
9227,9106.81938
9228,9079.977679
9229,9301.254074
9230,9099.824886
9231,10005.21822
9232,9461.444995
9233,9306.987109
9234,9995.586316
9235,9542.909549
9236,9550.441551
9237,9566.020779
9238,9338.733577
9239,5198.233405
9240,4163.688539
9241,4568.639821
9242,4365.764133
9243,4344.384167
9244,5449.960601
9245,4658.200025
9246,5288.554382
9247,5411.28519
9248,5604.749582
9249,4174.839533
9250,4675.806803
9251,4552.839587
9252,4686.422403
9253,5394.286989
9254,5623.715098
9255,4259.973357
9256,4448.236799
9257,5605.365798
9258,4138.526218
9259,4460.720096
9260,4579.253497
9261,4194.692341
9262,5342.211767
9263,4142.455956
9264,5233.592265
9265,4472.250834
9266,4245.13024
9267,5483.922838
9268,5221.15626
9269,5556.228515
9270,5327.789034
9271,5499.894831
9272,5304.629593
9273,4241.079052
9274,5587.678045
9275,5517.751432
9276,4352.675468
9277,5660.781708
9278,4138.016594
9279,4154.88581
9280,8050.362258
9281,8024.340229
9282,8701.201454
9283,9565.759522
9284,8795.573626
9285,7657.818419
9286,9795.262122
9287,8567.297048
9288,7620.824528
9289,10455.07231
9290,8338.778447
9291,10252.04364
9292,10024.30405
9293,10554.66818
9294,10355.16784
9295,8474.765772
9296,10581.19711
9297,9674.360468
9298,9901.36303
9299,7586.671705
9300,8357.89278
9301,9959.503732
9302,10185.13701
9303,7649.096049
9304,10635.74551
9305,8276.329109
9306,7686.706499
9307,10230.35771
9308,7825.280514
9309,8585.409633
9310,7883.658443
9311,10410.51565
9312,8249.091193
9313,7600.865812
9314,8110.719863
9315,10128.4598
9316,7800.414278
9317,9776.295661
9318,7577.005098
9319,10004.03204
9320,10478.0099
9321,5921.926937
9322,5913.917974
9323,5078.401423
9324,5719.118428
9325,4868.627137
9326,7197.623685
9327,5712.557315
9328,7417.930217
9329,7452.706593
9330,5511.945176
9331,6995.645605
9332,7044.22387
9333,7014.729987
9334,6792.40457
9335,5515.794633
9336,6588.463574
9337,4907.985108
9338,5886.19097
9339,4861.008615
9340,7446.109231
9341,6610.578598
9342,6843.071694
9343,5109.809316
9344,5683.599077
9345,4893.187626
9346,5481.283345
9347,4904.329346
9348,7398.07488
9349,7216.590485
9350,5279.516951
9351,7225.596079
9352,7025.994061
9353,5312.176383
9354,6622.930128
9355,5312.521177
9356,7245.225429
9357,6825.077357
9358,4914.597913
9359,6812.594548
9360,4877.888969
9361,5113.144451
9362,7053.077369
9363,6913.366697
9364,6472.161069
9365,7956.817683
9366,6915.579723
9367,7816.471658
9368,7192.200056
9369,7034.809301
9370,7054.622176
9371,6897.260409
9372,6760.7898
9373,8135.554607
9374,8342.7666
9375,6518.860048
9376,8234.629667
9377,6561.783767
9378,7997.31159
9379,8273.046569
9380,8065.066289
9381,6384.213912
9382,6625.386262
9383,8204.135226
9384,8273.646262
9385,7787.535428
9386,8228.73714
9387,6699.891022
9388,6634.233558
9389,6424.268786
9390,8411.470473
9391,6838.516394
9392,8364.385089
9393,6490.764508
9394,8096.389218
9395,6548.027934
9396,6495.633687
9397,6773.590858
9398,8371.278095
9399,7926.018103
9400,8091.651232
9401,7953.189602
9402,6356.484769
9403,4156.429947
9404,4249.592053
9405,3632.96768
9406,4320.137833
9407,4366.079316
9408,3965.323337
9409,4530.349077
9410,3568.182167
9411,3732.08621
9412,3828.622455
9413,3719.02793
9414,4761.248971
9415,4395.917545
9416,4430.201513
9417,0
9418,0
9419,0
9420,0
9421,0
9422,0
9423,0
9424,0
9425,0
9426,0
9427,0
9428,0
9429,0
9430,0
9431,0
9432,0
9433,0
9434,0
9435,0
9436,0
9437,0
9438,0
9439,0
9440,0
9441,0
9442,0
9443,0
9444,0
9445,0
9446,0
9447,0
9448,0
9449,0
9450,0
9451,0
9452,0
9453,0
9454,0
9455,0
9456,0
9457,0
9458,0
9459,0
9460,0
9461,0
9462,0
9463,0
9464,0
9465,0
9466,0
9467,0
9468,0
9469,0
9470,0
9471,0
9472,0
9473,0
9474,0
9475,0
9476,0
9477,0
9478,0
9479,0
9480,0
9481,0
9482,0
9483,0
9484,0
9485,0
9486,0
9487,0
9488,0
9489,0
9490,0
9491,0
9492,0
9493,0
9494,0
9495,0
9496,0
9497,0
9498,0
9499,0
9500,0
9501,0
9502,0
9503,0
9504,0
9505,0
9506,0
9507,0
9508,3798.724464
9509,0
9510,0
9511,0
9512,0
9513,0
9514,0
9515,0
9516,0
9517,0
9518,0
9519,0
9520,0
9521,0
9522,0
9523,0
9524,0
9525,0
9526,0
9527,0
9528,0
9529,0
9530,0
9531,0
9532,0
9533,0
9534,0
9535,0
9536,0
9537,0
9538,0
9539,0
9540,0
9541,0
9542,0
9543,0
9544,0
9545,0
9546,0
9547,0
9548,0
9549,0
9550,0
9551,0
9552,0
9553,0
9554,0
9555,0
9556,0
9557,0
9558,0
9559,0
9560,0
9561,0
9562,0
9563,0
9564,0
9565,0
9566,0
9567,0
9568,0
9569,0
9570,0
9571,0
9572,0
9573,0
9574,0
9575,0
9576,4415.860338
9577,0
9578,0
9579,0
9580,0
9581,0
9582,0
9583,0
9584,0
9585,0
9586,0
9587,0
9588,0
9589,0
9590,0
9591,0
9592,0
9593,0
9594,0
9595,0
9596,0
9597,0
9598,0
9599,0
9600,0
9601,0
9602,0
9603,0
9604,0
9605,0
9606,0
9607,0
9608,0
9609,0
9610,0
9611,0
9612,0
9613,0
9614,0
9615,0
9616,0
9617,4229.090199
9618,4504.22743
9619,0
9620,0
9621,0
9622,0
9623,0
9624,0
9625,0
9626,4030.738379
9627,0
9628,0
9629,0
9630,0
9631,0
9632,0
9633,0
9634,0
9635,0
9636,0
9637,0
9638,0
9639,0
9640,0
9641,0
9642,0
9643,0
9644,0
9645,4381.721727
9646,0
9647,0
9648,0
9649,0
9650,0
9651,0
9652,0
9653,0
9654,0
9655,4339.441024
9656,0
9657,0
9658,0
9659,0
9660,0
9661,0
9662,0
9663,0
9664,0
9665,0
9666,0
9667,0
9668,0
9669,0
9670,0
9671,0
9672,0
9673,4734.317241
9674,0
9675,0
9676,0
9677,0
9678,0
9679,0
9680,0
9681,0
9682,0
9683,0
9684,0
9685,0
9686,0
9687,0
9688,0
9689,0
9690,4062.628549
9691,0
9692,0
9693,0
9694,0
9695,0
9696,0
9697,0
9698,0
9699,0
9700,0
9701,0
9702,0
9703,0
9704,0
9705,0
9706,0
9707,0
9708,0
9709,0
9710,0
9711,0
9712,0
9713,0
9714,0
9715,0
9716,0
9717,0
9718,0
9719,0
9720,0
9721,0
9722,0
9723,0
9724,0
9725,0
9726,0
9727,0
9728,0
9729,0
9730,0
9731,0
9732,0
9733,0
9734,0
9735,0
9736,0
9737,0
9738,0
9739,0
9740,0
9741,0
9742,0
9743,0
9744,0
9745,0
9746,0
9747,0
9748,0
9749,0
9750,0
9751,0
9752,3865.457769
9753,0
9754,0
9755,0
9756,0
9757,0
9758,0
9759,0
9760,0
9761,0
9762,0
9763,0
9764,0
9765,0
9766,4083.72696
9767,0
9768,0
9769,0
9770,0
9771,0
9772,0
9773,0
9774,0
9775,0
9776,0
9777,0
9778,0
9779,0
9780,0
9781,0
9782,0
9783,0
9784,0
9785,0
9786,0
9787,0
9788,0
9789,0
9790,0
9791,0
9792,0
9793,0
9794,0
9795,0
9796,0
9797,0
9798,0
9799,0
9800,0
9801,0
9802,0
9803,0
9804,0
9805,0
9806,0
9807,0
9808,0
9809,4562.69821
9810,0
9811,0
9812,0
9813,0
9814,0
9815,0
9816,0
9817,0
9818,0
9819,3790.984676
9820,0
9821,0
9822,0
9823,3896.893924
9824,0
9825,0
9826,0
9827,0
9828,0
9829,0
9830,0
9831,0
9832,0
9833,0
9834,0
9835,0
9836,0
9837,0
9838,0
9839,0
9840,0
9841,0
9842,0
9843,0
9844,0
9845,0
9846,0
9847,0
9848,0
9849,0
9850,4570.629599
9851,0
9852,0
9853,0
9854,0
9855,0
9856,0
9857,0
9858,0
9859,0
9860,0
9861,0
9862,0
9863,0
9864,3884.144688
9865,0
9866,0
9867,0
9868,0
9869,0
9870,0
9871,0
9872,0
9873,0
9874,0
9875,0
9876,0
9877,0
9878,0
9879,0
9880,0
9881,0
9882,0
9883,0
9884,0
9885,0
9886,0
9887,0
9888,0
9889,0
9890,0
9891,0
9892,0
9893,0
9894,0
9895,0
9896,0
9897,0
9898,0
9899,0
9900,0
9901,0
9902,0
9903,0
9904,0
9905,0
9906,0
9907,0
9908,0
9909,0
9910,0
9911,0
9912,0
9913,0
9914,0
9915,0
9916,0
9917,0
9918,0
9919,0
9920,0
9921,0
9922,0
9923,0
9924,0
9925,0
9926,0
9927,0
9928,0
9929,0
9930,0
9931,0
9932,0
9933,0
9934,0
9935,0
9936,0
9937,0
9938,0
9939,4631.738763
9940,0
9941,0
9942,0
9943,0
9944,0
9945,0
9946,0
9947,0
9948,0
9949,0
9950,0
9951,0
9952,0
9953,0
9954,0
9955,0
9956,0
9957,0
9958,0
9959,0
9960,0
9961,0
9962,0
9963,0
9964,0
9965,0
9966,0
9967,0
9968,0
9969,0
9970,0
9971,0
9972,0
9973,0
9974,0
9975,0
9976,0
9977,0
9978,0
9979,0
9980,0
9981,0
9982,0
9983,4215.557493
9984,4049.669248
9985,0
9986,0
9987,0
9988,0
9989,0
9990,0
9991,0
9992,0
9993,0
9994,0
9995,0
9996,0
9997,0
9998,0
9999,0
10000,0
10001,0
10002,0
10003,0
10004,0
10005,0
10006,0
10007,0
10008,0
10009,0
10010,0
10011,0
10012,4132.396752
10013,0
10014,0
10015,0
10016,0
10017,0
10018,0
10019,0
10020,0
10021,0
10022,0
10023,0
10024,0
10025,0
10026,0
10027,0
10028,0
10029,0
10030,0
10031,0
10032,0
10033,0
10034,0
10035,0
10036,0
10037,0
10038,0
10039,0
10040,0
10041,0
10042,0
10043,0
10044,0
10045,0
10046,0
10047,0
10048,0
10049,0
10050,0
10051,0
10052,0
10053,0
10054,0
10055,0
10056,0
10057,0
10058,0
10059,0
10060,0
10061,0
10062,0
10063,0
10064,0
10065,0
10066,0
10067,0
10068,0
10069,0
10070,0
10071,0
10072,0
10073,0
10074,0
10075,0
10076,0
10077,0
10078,0
10079,0
10080,0
10081,0
10082,4264.444547
10083,0
10084,0
10085,0
10086,3664.162691
10087,0
10088,0
10089,0
10090,0
10091,0
10092,0
10093,0
10094,0
10095,0
10096,0
10097,0
10098,0
10099,0
10100,0
10101,0
10102,0
10103,0
10104,0
10105,0
10106,0
10107,0
10108,0
10109,0
10110,0
10111,0
10112,0
10113,0
10114,0
10115,0
10116,0
10117,0
10118,0
10119,0
10120,0
10121,0
10122,0
10123,0
10124,0
10125,0
10126,0
10127,0
10128,0
10129,0
10130,0
10131,0
10132,0
10133,0
10134,0
10135,0
10136,0
10137,4465.987387
10138,0
10139,0
10140,0
10141,0
10142,0
10143,0
10144,0
10145,0
10146,0
10147,0
10148,0
10149,0
10150,0
10151,0
10152,4195.557991
10153,0
10154,0
10155,0
10156,0
10157,0
10158,0
10159,0
10160,0
10161,0
10162,0
10163,0
10164,0
10165,0
10166,0
10167,0
10168,0
10169,0
10170,0
10171,0
10172,0
10173,0
10174,0
10175,0
10176,0
10177,0
10178,0
10179,0
10180,0
10181,0
10182,0
10183,0
10184,0
10185,0
10186,0
10187,0
10188,0
10189,0
10190,0
10191,0
10192,0
10193,0
10194,0
10195,0
10196,0
10197,0
10198,0
10199,0
10200,0
10201,0
10202,0
10203,0
10204,0
10205,0
10206,0
10207,0
10208,0
10209,0
10210,0
10211,0
10212,0
10213,0
10214,0
10215,0
10216,4359.880094
10217,0
10218,0
10219,0
10220,0
10221,0
10222,0
10223,0
10224,0
10225,0
10226,0
10227,0
10228,0
10229,0
10230,0
10231,0
10232,0
10233,0
10234,0
10235,0
10236,0
10237,0
10238,0
10239,0
10240,0
10241,0
10242,0
10243,0
10244,0
10245,0
10246,0
10247,0
10248,0
10249,0
10250,0
10251,0
10252,0
10253,0
10254,0
10255,0
10256,0
10257,3992.666094
10258,3918.464097
10259,0
10260,0
10261,0
10262,0
10263,0
10264,0
10265,0
10266,0
10267,0
10268,0
10269,0
10270,0
10271,0
10272,0
10273,4299.442121
10274,4596.464464
10275,7637.814656
10276,6631.077158
10277,6583.095527
10278,6657.639249
10279,7708.041806
10280,7733.07787
10281,7708.160505
10282,7731.266184
10283,6666.705597
10284,7679.048114
10285,6658.918575
10286,7758.324601
10287,7735.570796
10288,6630.496796
10289,6631.001387
10290,6632.015943
10291,7678.148692
10292,6656.36914
10293,6655.450071
10294,6655.093619
10295,7676.292596
10296,6630.554574
10297,6697.542478
10298,6583.302557
10299,7677.121742
10300,7734.660214
10301,6584.338223
10302,7757.513486
10303,7701.394767
10304,6613.337168
10305,7675.996165
10306,6693.749417
10307,7757.672704
10308,7735.574724
10309,7708.240684
10310,6662.220849
10311,7758.373601
10312,6587.937494
10313,6596.684422
10314,6586.006422
10315,7024.706626
10316,5962.503215
10317,5847.827557
10318,5973.049841
10319,6922.884022
10320,7113.0117
10321,6003.513018
10322,6952.894827
10323,5686.159531
10324,5906.352111
10325,5882.693646
10326,5877.009908
10327,6993.559689
10328,5903.133086
10329,5691.13089
10330,7120.178808
10331,7080.856294
10332,7145.208672
10333,5932.446248
10334,5942.611473
10335,5846.490018
10336,7049.844977
10337,5912.449272
10338,7055.754103
10339,6982.448282
10340,5719.705276
10341,5935.984671
10342,7111.212554
10343,5874.553842
10344,5723.817234
10345,7018.523668
10346,7086.266129
10347,6987.382412
10348,7115.959493
10349,5965.949366
10350,7061.149281
10351,7030.751148
10352,7091.000632
10353,5680.187387
10354,5684.953747
10355,7688.439233
10356,7237.970332
10357,6296.542148
10358,6352.972296
10359,7746.39527
10360,6325.095076
10361,6912.529872
10362,7872.292247
10363,6726.462904
10364,7283.891233
10365,8158.059626
10366,7098.57635
10367,8243.147706
10368,7929.108923
10369,6874.579475
10370,8239.97366
10371,6541.131021
10372,8116.824289
10373,6694.050223
10374,7559.597616
10375,7932.390161
10376,8110.486166
10377,8058.922746
10378,6513.944191
10379,6541.00366
10380,6909.728023
10381,7055.843104
10382,7745.97797
10383,6725.054083
10384,8299.296128
10385,7094.956844
10386,7280.363956
10387,8056.177805
10388,6356.549639
10389,7874.50991
10390,7690.325839
10391,7561.26579
10392,6389.227433
10393,6272.531231
10394,7506.836929
10395,6276.527731
10396,10857.707
10397,10736.48058
10398,8109.801732
10399,10907.3584
10400,10699.05685
10401,10926.28501
10402,9128.333441
10403,9164.034125
10404,10931.75507
10405,8996.398431
10406,8910.196484
10407,10920.83214
10408,9207.04612
10409,9106.410257
10410,10961.90088
10411,9199.90317
10412,9012.652678
10413,10661.61141
10414,10958.00597
10415,9169.192897
10416,10921.81614
10417,9131.757522
10418,9236.164048
10419,9219.756648
10420,9143.792858
10421,9058.671026
10422,9094.908832
10423,10994.72891
10424,10968.70627
10425,10890.60175
10426,10894.78119
10427,11005.75197
10428,8998.287597
10429,9181.639455
10430,9272.926609
10431,11031.02289
10432,8972.13297
10433,8926.85765
10434,10854.59157
10435,10818.08844
10436,9257.864554
10437,6553.882464
10438,6557.457779
10439,5898.200595
10440,6641.121432
10441,5931.965924
10442,6602.915601
10443,5907.312164
10444,5984.013848
10445,5976.390814
10446,6649.522193
10447,5999.614562
10448,6615.767982
10449,6642.735658
10450,6627.260042
10451,6666.354454
10452,6563.995585
10453,5986.361121
10454,6621.96324
10455,5923.91568
10456,5918.536337
10457,5956.526709
10458,6006.625781
10459,6025.891126
10460,5976.244797
10461,6593.332212
10462,5990.484305
10463,5950.03117
10464,6013.693268
10465,6675.883492
10466,6590.0608
10467,5872.926325
10468,6618.558211
10469,5865.013403
10470,5891.08221
10471,6566.84846
10472,5978.230044
10473,6700.994342
10474,6652.175095
10475,5981.343177
10476,5947.117436
10477,6578.610431
10478,5594.688539
10479,6208.572378
10480,6387.899955
10481,6197.227482
10482,6316.652558
10483,5715.292001
10484,6333.049103
10485,5834.623532
10486,5847.822089
10487,5819.224098
10488,6375.645499
10489,5649.610533
10490,5642.177299
10491,5837.293616
10492,6428.552938
10493,5696.802295
10494,6282.190852
10495,6338.463216
10496,6212.993532
10497,5705.490535
10498,5823.654524
10499,5769.229618
10500,5807.374368
10501,6425.068264
10502,6268.163213
10503,5608.247365
10504,6447.654601
10505,5661.728245
10506,6222.764985
10507,6277.958532
10508,5751.937638
10509,5839.81317
10510,6322.310276
10511,5884.904939
10512,5588.137107
10513,5835.556034
10514,6393.622943
10515,6370.6713
10516,5762.156676
10517,6262.701434
10518,5878.496867
10519,7846.967435
10520,7211.274156
10521,7698.976654
10522,7757.334467
10523,7142.602409
10524,7766.319155
10525,7828.517143
10526,7894.944551
10527,7829.871519
10528,7097.19257
10529,7147.322536
10530,7220.065294
10531,7158.049643
10532,7906.243932
10533,7077.047089
10534,7835.2638
10535,7761.944714
10536,7235.711731
10537,7817.97752
10538,7083.125013
10539,7215.433882
10540,7104.391113
10541,7264.202868
10542,7839.750107
10543,7129.72653
10544,7843.529287
10545,7770.677833
10546,7071.845939
10547,7833.684566
10548,7089.954135
10549,7900.989494
10550,7152.510016
10551,7207.387793
10552,7199.825799
10553,7138.315572
10554,7823.233833
10555,7225.196205
10556,7910.739448
10557,7203.454518
10558,7775.322879
10559,5979.44251
10560,4999.45277
10561,6006.022166
10562,5996.278081
10563,5061.444645
10564,5021.065352
10565,5016.576383
10566,4999.412031
10567,6009.116117
10568,5954.752823
10569,5985.699564
10570,5019.249093
10571,5018.249487
10572,5970.427666
10573,5043.668892
10574,5010.398923
10575,5962.836812
10576,5996.751897
10577,5972.685771
10578,5039.673706
10579,5986.142522
10580,5029.068259
10581,5008.381594
10582,5989.219898
10583,5050.618005
10584,5019.961645
10585,6004.755164
10586,5010.047275
10587,5988.391377
10588,4991.44617
10589,5009.682817
10590,4980.930903
10591,5981.105936
10592,5976.045724
10593,5963.801308
10594,4984.055696
10595,5028.736812
10596,6012.816001
10597,4989.634154
10598,5977.903936
10599,5806.224663
10600,5459.223731
10601,5431.878801
10602,5509.872628
10603,5517.394904
10604,5668.684911
10605,5888.788533
10606,5709.035541
10607,5278.677912
10608,5213.636149
10609,5509.700108
10610,5115.908386
10611,5411.152192
10612,5235.980081
10613,5933.108242
10614,5589.456661
10615,5543.449655
10616,5741.911571
10617,5333.621685
10618,5312.257756
10619,5476.927181
10620,5470.725737
10621,5043.838656
10622,5860.710842
10623,5764.553495
10624,5019.452451
10625,5183.949849
10626,5700.256973
10627,5530.252028
10628,5611.805024
10629,5514.78957
10630,5563.290717
10631,5374.235366
10632,5837.926709
10633,5572.870633
10634,5645.011359
10635,5089.687708
10636,5605.488826
10637,5567.975353
10638,5139.342555
10639,5794.53174
10640,8807.373363
10641,8413.682957
10642,8272.515946
10643,8541.410212
10644,8905.008464
10645,8477.925355
10646,8424.280702
10647,8836.452231
10648,8612.803209
10649,7963.750856
10650,8741.081815
10651,7894.301376
10652,8004.400055
10653,8529.618328
10654,8864.576473
10655,7881.743948
10656,8545.417454
10657,8033.30626
10658,8730.200562
10659,8019.02864
10660,8379.206781
10661,8391.976993
10662,7825.441458
10663,8797.635014
10664,7937.818098
10665,8767.828217
10666,7949.922792
10667,8356.440054
10668,8298.347858
10669,7871.769937
10670,8088.640758
10671,8747.97531
10672,8662.213024
10673,8680.257445
10674,8071.870227
10675,8674.943649
10676,8140.279279
10677,8608.498002
10678,7814.63676
10679,7757.477728
10680,6446.668852
10681,5408.969719
10682,6458.203593
10683,6280.570577
10684,5454.755565
10685,5230.1451
10686,5415.29444
10687,6471.878681
10688,6290.080337
10689,6513.947988
10690,5183.584757
10691,5402.663153
10692,6510.747202
10693,6469.209536
10694,6472.439628
10695,5410.298955
10696,5405.696544
10697,6285.482798
10698,5413.019213
10699,6466.838596
10700,5449.205006
10701,5444.123396
10702,5420.686361
10703,5401.360021
10704,6505.039347
10705,5191.174138
10706,5223.188888
10707,5405.606448
10708,6509.87406
10709,6454.100567
10710,5417.824876
10711,6463.925052
10712,5177.912673
10713,6499.506318
10714,5460.597902
10715,6452.321855
10716,5184.143749
10717,6460.592208
10718,5466.433871
10719,6477.168221
10720,6732.545159
10721,5892.027994
10722,5717.492332
10723,5906.431681
10724,6560.531972
10725,6619.350074
10726,5807.851463
10727,6715.067172
10728,5901.010381
10729,5784.749844
10730,5887.96316
10731,6726.640189
10732,5896.267289
10733,6714.969874
10734,6720.808208
10735,6705.31949
10736,6629.802922
10737,5795.17391
10738,5780.265481
10739,6640.711886
10740,5774.019545
10741,5889.0893
10742,5731.899803
10743,6733.744155
10744,5801.265345
10745,5724.321981
10746,6624.655074
10747,6718.854296
10748,6698.980307
10749,6740.911993
10750,5789.670215
10751,5739.930359
10752,6710.5864
10753,6635.051007
10754,5952.045592
10755,5883.66422
10756,6752.470447
10757,5711.518919
10758,6747.149758
10759,5849.790009
10760,5748.049542
10761,8279.861537
10762,6691.687408
10763,6177.80131
10764,6043.249537
10765,7667.199386
10766,6856.919755
10767,6271.850452
10768,7631.762085
10769,5750.819099
10770,8227.131857
10771,5815.627094
10772,6403.429168
10773,5816.570917
10774,6463.200703
10775,5856.489349
10776,7824.219121
10777,6235.309272
10778,8086.0679
10779,6730.677099
10780,6629.81831
10781,6008.089533
10782,7436.936853
10783,8313.099355
10784,6920.382185
10785,7368.330345
10786,7704.9192
10787,5855.554871
10788,8158.375947
10789,8125.385374
10790,8352.248747
10791,7476.15782
10792,5728.247082
10793,5781.504085
10794,7932.39004
10795,8052.216966
10796,7858.956724
10797,7896.908094
10798,6959.801363
10799,6501.158632
10800,7596.136895
10801,5952.817504
10802,5266.424984
10803,5358.483879
10804,5471.786573
10805,5561.066437
10806,5062.217083
10807,4959.489225
10808,7003.556426
10809,5968.35533
10810,7007.226875
10811,5768.974679
10812,6599.025151
10813,6504.007731
10814,5563.982112
10815,6911.142984
10816,5075.794524
10817,6405.079634
10818,5359.534318
10819,6198.334689
10820,5974.087294
10821,6629.628387
10822,4955.18871
10823,7114.309907
10824,4952.672843
10825,6189.066825
10826,5155.864007
10827,6221.636971
10828,4970.042269
10829,4952.995081
10830,6831.515228
10831,7018.073177
10832,5883.843068
10833,5764.414564
10834,6707.702498
10835,6815.465781
10836,6089.092871
10837,6803.539062
10838,6426.302433
10839,6611.03689
10840,6394.020592
10841,5677.829701
10842,5156.60256
10843,5398.996628
10844,5479.662433
10845,5358.802185
10846,5282.382207
10847,5442.286291
10848,5208.891944
10849,5244.690717
10850,6085.804483
10851,6008.848289
10852,5402.913515
10853,6132.76213
10854,6086.14082
10855,5286.028447
10856,5519.163631
10857,5181.731276
10858,5324.624178
10859,6123.726056
10860,5096.634451
10861,5360.010441
10862,6244.533924
10863,6091.796623
10864,5363.61615
10865,5137.389252
10866,5259.19401
10867,6164.350892
10868,5439.449769
10869,6045.947737
10870,5225.241508
10871,5060.591142
10872,5207.624638
10873,6172.796722
10874,6125.691941
10875,6084.937476
10876,6005.604821
10877,6248.677239
10878,6167.878633
10879,6280.975914
10880,6211.46518
10881,6206.871895
10882,6047.548082
10883,5320.856639
10884,6320.3897
10885,5978.443294
10886,6854.838715
10887,7802.317261
10888,6684.046544
10889,8204.166777
10890,6498.09093
10891,6438.261504
10892,6144.899818
10893,6864.684477
10894,5966.155025
10895,6503.664859
10896,6800.684928
10897,7577.937499
10898,6257.597523
10899,8116.54342
10900,6094.735333
10901,6077.864078
10902,8095.014628
10903,6143.119241
10904,6619.47652
10905,6323.892931
10906,7737.438489
10907,8092.798762
10908,8025.47478
10909,7916.371618
10910,6981.296397
10911,7938.436532
10912,7396.297562
10913,7623.714
10914,7379.343917
10915,5964.634106
10916,7443.920676
10917,7846.883262
10918,7979.665606
10919,5966.670922
10920,5990.671777
10921,7758.82551
10922,7558.348823
10923,7668.354213
10924,6676.264859
10925,7631.107224
10926,5924.719605
10927,5911.795965
10928,7781.956842
10929,7831.903021
10930,8133.592688
10931,6777.451715
10932,6307.77043
10933,6432.924175
10934,6107.870383
10935,6104.295129
10936,6441.375024
10937,7967.864377
10938,7773.589919
10939,6609.269983
10940,5901.118358
10941,6765.146979
10942,6268.284235
10943,6476.641579
10944,6598.535129
10945,5949.285775
10946,8110.222024
10947,6814.03997
10948,6139.722241
10949,6645.649923
10950,7996.854967
10951,5902.965589
10952,7665.421292
10953,5899.078399
10954,7446.230291
10955,7949.508377
10956,7497.542014
10957,7461.235746
10958,5933.543392
10959,8116.300145
10960,7800.252536
10961,7607.177301
10962,7614.005603
10963,6274.182859
10964,7939.824904
10965,8105.920297
10966,9659.469071
10967,9675.056415
10968,8486.452977
10969,9441.892479
10970,8311.559984
10971,9282.900348
10972,9716.135473
10973,8630.266152
10974,9739.168624
10975,8651.847835
10976,8250.077707
10977,9559.148702
10978,8731.053842
10979,8509.938385
10980,8426.920402
10981,9479.971646
10982,9597.661529
10983,8193.234561
10984,8550.278711
10985,9203.126098
10986,8390.705004
10987,8271.30504
10988,8429.762076
10989,8494.139676
10990,9520.058987
10991,8470.32913
10992,9897.132728
10993,8306.887823
10994,8470.296278
10995,8572.879981
10996,9637.82946
10997,8415.508117
10998,9818.398691
10999,9794.271537
11000,9248.096625
11001,8530.143757
11002,9463.237481
11003,9362.134505
11004,9363.020612
11005,8350.145467
11006,7494.463148
11007,7647.844312
11008,6004.095457
11009,7021.556322
11010,5899.05841
11011,6109.368592
11012,7071.002052
11013,6368.289582
11014,7543.984516
11015,5949.010273
11016,7334.05035
11017,6053.756283
11018,6790.66549
11019,6082.199813
11020,7487.829423
11021,6053.534627
11022,7383.796286
11023,6473.219009
11024,7439.542506
11025,6577.927599
11026,7806.796305
11027,6081.897931
11028,6893.336751
11029,6004.702469
11030,6838.756624
11031,7703.679482
11032,6263.318781
11033,6735.360934
11034,7437.519191
11035,7388.814193
11036,7599.524185
11037,7175.399066
11038,6188.142143
11039,7230.238932
11040,6786.038065
11041,7126.075022
11042,6582.166683
11043,7334.658638
11044,6682.18469
11045,5976.145006
11046,6686.9394
11047,6158.395763
11048,6941.768143
11049,5923.218107
11050,6631.441446
11051,7279.650449
11052,7751.109434
11053,6028.253107
11054,7964.793102
11055,8014.068258
11056,7960.65005
11057,7864.079618
11058,7300.125903
11059,7863.47072
11060,7155.20001
11061,7105.63974
11062,7104.256861
11063,8009.008634
11064,7252.063301
11065,7309.196347
11066,7960.084535
11067,7274.639504
11068,7149.970228
11069,7052.16435
11070,8009.785177
11071,7360.905008
11072,7912.537333
11073,8059.240521
11074,7960.402927
11075,7814.824439
11076,7249.89458
11077,7914.809927
11078,7910.29228
11079,8057.682703
11080,7205.836777
11081,7199.751253
11082,7912.230952
11083,7347.336717
11084,8008.03402
11085,7152.166753
11086,8062.663248
11087,7297.697419
11088,7100.762391
11089,7200.183419
11090,7326.493704
11091,7325.931519
11092,7257.325874
11093,7924.044996
11094,7248.635916
11095,6053.926509
11096,5258.282638
11097,5304.627479
11098,5269.705951
11099,5463.885765
11100,5313.993647
11101,6107.395851
11102,6210.640659
11103,6099.54089
11104,5512.832743
11105,6163.78081
11106,5460.580571
11107,5514.922725
11108,6094.21604
11109,5355.974945
11110,5363.780891
11111,6197.993285
11112,5513.846254
11113,5407.926287
11114,6215.882307
11115,6159.680428
11116,6110.245919
11117,6046.438831
11118,5993.696145
11119,6249.476495
11120,5299.931688
11121,5263.754868
11122,5253.597848
11123,5458.670034
11124,6152.49665
11125,6146.263236
11126,5253.642189
11127,5566.847605
11128,5312.024952
11129,5404.913899
11130,6055.669469
11131,6212.289714
11132,5351.955376
11133,6000.736959
11134,6204.918294
11135,5413.599729
11136,4201.770768
11137,4259.841585
11138,3509.195438
11139,4314.76973
11140,3733.422342
11141,3478.861245
11142,3714.236862
11143,3454.461594
11144,3723.704756
11145,4256.888935
11146,4312.582451
11147,3620.482083
11148,4183.32293
11149,3773.174186
11150,3676.841566
11151,4148.112778
11152,3714.847629
11153,4204.310788
11154,4135.22334
11155,4128.65869
11156,4222.173431
11157,3642.048641
11158,3540.231429
11159,3597.855656
11160,4110.895894
11161,4166.503098
11162,3483.690903
11163,3746.818293
11164,4092.180398
11165,4277.848415
11166,3697.383346
11167,3656.231992
11168,4073.348246
11169,4146.957157
11170,4291.675277
11171,4237.562509
11172,3747.367695
11173,3587.281851
11174,3532.969442
11175,3753.248598
11176,3564.547294
11177,5270.164163
11178,6896.515504
11179,5331.200428
11180,6842.318845
11181,6690.018983
11182,6591.830004
11183,5363.972212
11184,6881.663977
11185,6624.343376
11186,5979.675122
11187,5553.105532
11188,6820.682943
11189,6938.642869
11190,6722.687213
11191,6786.656848
11192,5479.185242
11193,6865.572574
11194,7163.62643
11195,5275.107025
11196,7259.869296
11197,5407.944928
11198,5287.143973
11199,6745.750018
11200,6526.257275
11201,5338.989791
11202,5382.802292
11203,6965.918343
11204,5310.721306
11205,7065.525004
11206,5649.141537
11207,6648.895818
11208,5506.369057
11209,5306.522409
11210,6078.130235
11211,5705.153659
11212,6917.916084
11213,5576.419397
11214,5458.139781
11215,5746.219167
11216,5605.644805
11217,5804.178444
11218,7544.332298
11219,6253.259664
11220,7679.779193
11221,6383.639723
11222,7754.446144
11223,7618.123246
11224,6579.325531
11225,8004.025301
11226,6273.208889
11227,6850.859758
11228,7869.34736
11229,7837.038499
11230,7734.33227
11231,6390.032932
11232,6333.124174
11233,7890.762187
11234,7972.127219
11235,6714.885658
11236,7482.477164
11237,6424.076099
11238,6645.912212
11239,7562.699776
11240,7895.036642
11241,6310.052489
11242,6697.178089
11243,8027.321551
11244,6514.337752
11245,6560.367259
11246,6444.366448
11247,6778.759381
11248,6986.891672
11249,6288.71534
11250,6912.944924
11251,6350.148333
11252,6833.880168
11253,8105.272072
11254,8026.519289
11255,7969.606864
11256,7700.321538
11257,7599.084697
11258,6969.796812
11259,6573.542528
11260,5734.878158
11261,5670.606235
11262,6436.38362
11263,5717.137989
11264,6494.993345
11265,5778.439784
11266,5680.98034
11267,6558.63857
11268,5819.144913
11269,6510.684536
11270,5701.237234
11271,6466.722106
11272,5729.480299
11273,6526.162688
11274,6453.491048
11275,6482.419637
11276,6542.849727
11277,5717.386935
11278,5699.006882
11279,5793.109155
11280,5747.005631
11281,5647.068448
11282,6482.294653
11283,5663.560107
11284,5740.895248
11285,5685.606247
11286,6526.471207
11287,6451.49982
11288,6437.652233
11289,6542.244017
11290,5733.818906
11291,5656.145646
11292,6421.181404
11293,5808.372187
11294,5750.300607
11295,5764.269555
11296,6468.345795
11297,5736.118117
11298,6496.100828
11299,6424.377019
11300,4131.535278
11301,4377.442262
11302,5142.730016
11303,3998.321508
11304,4484.91463
11305,3840.993006
11306,4668.881126
11307,4755.296987
11308,4791.785047
11309,5018.257938
11310,4983.993964
11311,4771.832089
11312,4240.503134
11313,4151.715045
11314,4861.510616
11315,4028.631036
11316,3843.355535
11317,5139.945291
11318,4008.816726
11319,4119.174408
11320,5002.071745
11321,3880.011284
11322,4895.460679
11323,4878.811109
11324,3868.495467
11325,4500.264295
11326,4254.468395
11327,4631.979423
11328,5111.435534
11329,4738.740146
11330,3858.255696
11331,4275.018173
11332,4398.233846
11333,5035.22754
11334,4913.952178
11335,3869.204483
11336,4362.438338
11337,4647.862267
11338,5124.729035
11339,4521.029811
11340,8067.113949
11341,7584.80399
11342,8266.887487
11343,9749.222539
11344,9532.263663
11345,9294.231211
11346,7466.292852
11347,9410.116005
11348,7806.71298
11349,7499.544885
11350,7683.535009
11351,9800.700915
11352,7541.462555
11353,9539.211094
11354,9557.738512
11355,7561.15198
11356,7906.844385
11357,9436.060791
11358,7824.045889
11359,7703.963468
11360,9653.061649
11361,7614.221456
11362,7662.641463
11363,10114.838
11364,9994.494517
11365,9783.759689
11366,9416.566896
11367,8053.940222
11368,8176.921415
11369,7930.351152
11370,8389.90699
11371,9708.300479
11372,7945.143546
11373,7784.435932
11374,9679.285611
11375,7590.750699
11376,9625.054286
11377,9661.713813
11378,7637.774418
11379,9772.480607
11380,9872.548177
11381,7796.1034
11382,5831.998965
11383,5830.133495
11384,7539.560755
11385,7404.070702
11386,7609.263093
11387,7445.000698
11388,6089.168545
11389,7593.266076
11390,5926.22924
11391,7614.332567
11392,5809.096732
11393,5813.314294
11394,7520.988624
11395,6184.023208
11396,5901.846391
11397,7724.088435
11398,5819.04553
11399,6021.467664
11400,5995.756082
11401,7498.638471
11402,7782.386824
11403,6275.063177
11404,5904.331063
11405,6279.225191
11406,5848.674306
11407,7781.165535
11408,6308.808254
11409,5995.103619
11410,5809.283219
11411,7513.444492
11412,7703.549253
11413,7707.494152
11414,6213.356255
11415,7416.701384
11416,6181.061643
11417,6117.366294
11418,7687.5236
11419,7800.563967
11420,7632.577928
11421,6087.936966
11422,9360.028531
11423,10134.18053
11424,7798.399816
11425,7257.274788
11426,8099.678745
11427,7020.495706
11428,9660.438691
11429,9415.014317
11430,9062.812308
11431,7170.613382
11432,7359.209047
11433,10016.95155
11434,10256.23329
11435,7559.053642
11436,10731.47417
11437,8570.580188
11438,10317.58018
11439,7970.037898
11440,8167.171117
11441,7497.816229
11442,7472.383082
11443,10263.19991
11444,7529.972738
11445,9715.891472
11446,8270.162509
11447,10443.28537
11448,10433.82093
11449,8702.388599
11450,9959.208268
11451,8871.086348
11452,10144.34024
11453,10617.35631
11454,7230.045938
11455,7198.150277
11456,9832.822878
11457,9844.804604
11458,7060.490442
11459,7115.108422
11460,9171.382697
11461,9530.445162
11462,8465.095055
11463,7869.872095
11464,7317.046501
11465,7414.29595
11466,9002.609656
11467,9544.741537
11468,8401.208941
11469,8763.684092
11470,6224.554635
11471,7064.504686
11472,7234.37163
11473,5964.407933
11474,5988.705788
11475,6130.715476
11476,6192.24345
11477,7255.162311
11478,7477.706626
11479,6519.154509
11480,7270.131843
11481,7010.254228
11482,7140.762261
11483,6409.095354
11484,7381.527845
11485,7465.938824
11486,6566.468995
11487,7346.848072
11488,6075.615011
11489,6112.926675
11490,7458.819974
11491,7287.901173
11492,5976.85878
11493,6680.059104
11494,6298.389142
11495,7025.416114
11496,7177.122967
11497,6337.760388
11498,7396.767625
11499,5965.856377
11500,6300.213785
11501,7492.884058
11502,7367.610215
11503,6186.40522
11504,7121.940487
11505,6411.413007
11506,7604.174886
11507,6524.955068
11508,5974.730574
11509,6084.645259
11510,6452.034818
11511,5928.466881
11512,4801.059388
11513,4818.932039
11514,4878.634011
11515,6061.969668
11516,4756.238108
11517,6226.933516
11518,6125.030585
11519,4832.337931
11520,6092.148519
11521,6026.47121
11522,4796.947288
11523,4815.007266
11524,4782.940898
11525,4930.309011
11526,6222.757203
11527,5992.512153
11528,6128.591223
11529,4767.333264
11530,6094.976913
11531,4897.820246
11532,6177.721644
11533,6157.545287
11534,5995.117735
11535,6059.440288
11536,6161.775009
11537,5097.833151
11538,5066.122366
11539,6194.680638
11540,5073.185906
11541,5030.658415
11542,4963.9237
11543,6026.814593
11544,5007.544695
11545,4863.17273
11546,5133.722946
11547,5957.919671
11548,4942.725396
11549,6189.239149
11550,4998.119353
11551,4751.529746
11552,5436.286819
11553,4634.668006
11554,4370.330667
11555,4363.220322
11556,4357.324291
11557,4344.722393
11558,5848.947242
11559,4876.514654
11560,5833.570633
11561,5568.67561
11562,4901.327518
11563,5965.775744
11564,4608.963361
11565,5584.811063
11566,4476.597392
11567,5850.05821
11568,5832.09685
11569,4742.296692
11570,4348.700053
11571,5029.429865
11572,4372.825822
11573,5716.769548
11574,5585.879127
11575,5964.519469
11576,4765.925803
11577,4503.660029
11578,5036.291236
11579,4345.130996
11580,4496.397627
11581,5701.168602
11582,4630.75324
11583,5698.117304
11584,5562.925907
11585,5451.836885
11586,5011.108269
11587,5981.378057
11588,5991.046311
11589,4897.548686
11590,5718.66667
11591,5427.165404
11592,4765.949336
11593,4572.416804
11594,4749.807871
11595,3821.263809
11596,4028.82534
11597,4187.008204
11598,4820.502231
11599,4142.830542
11600,4369.08519
11601,4861.452098
11602,4775.811017
11603,4503.805062
11604,4525.167971
11605,4684.546912
11606,4715.861882
11607,3757.607802
11608,4066.680419
11609,4393.677071
11610,4074.902097
11611,4175.547043
11612,4941.257322
11613,3796.061428
11614,4299.602208
11615,4443.311081
11616,4555.88975
11617,3762.007472
11618,3767.962607
11619,4525.386833
11620,4256.487196
11621,4601.1819
11622,4666.734027
11623,4829.469235
11624,3802.454876
11625,3782.870435
11626,4637.722188
11627,4284.379477
11628,3915.196135
11629,4910.459374
11630,4797.437623
11631,5023.0064
11632,5050.998893
11633,4412.446088
11634,10892.44718
11635,10780.49282
11636,9044.029728
11637,10659.90081
11638,9060.369799
11639,11007.61317
11640,9050.719677
11641,10724.81731
11642,10780.4429
11643,10718.3891
11644,10607.90672
11645,9114.290392
11646,10891.37203
11647,8933.311414
11648,10948.25772
11649,10547.60361
11650,9167.899649
11651,8988.371986
11652,8944.878898
11653,10953.19536
11654,9286.463306
11655,8935.333936
11656,9100.675285
11657,10897.13795
11658,10839.32505
11659,8993.827536
11660,10793.05219
11661,8890.581893
11662,9056.610652
11663,10667.21945
11664,10776.81167
11665,8882.074093
11666,8993.490535
11667,10836.61175
11668,9050.443835
11669,9227.425294
11670,10834.56446
11671,9108.682542
11672,8836.68967
11673,9000.117391
11674,8990.570207
11675,5498.263565
11676,5257.085907
11677,5885.178818
11678,5052.072114
11679,5618.2405
11680,5629.909179
11681,5641.392041
11682,5880.494442
11683,5413.355125
11684,5820.94542
11685,5997.90049
11686,5231.3275
11687,5707.295359
11688,5423.008761
11689,5968.593652
11690,5151.336771
11691,5700.53005
11692,5475.103218
11693,5332.436995
11694,5496.556548
11695,5704.216048
11696,5141.159569
11697,5909.520915
11698,5436.685161
11699,5061.676073
11700,5346.514427
11701,5482.372822
11702,5241.715873
11703,5792.077632
11704,5732.113679
11705,5616.281284
11706,5974.230919
11707,5168.5652
11708,5880.129364
11709,5796.245718
11710,5080.842334
11711,5472.633553
11712,5790.601414
11713,5322.236387
11714,5469.478649
11715,7192.206728
11716,7409.430381
11717,8635.754432
11718,7516.282636
11719,8583.859259
11720,7580.673735
11721,7462.857484
11722,7246.091541
11723,8412.757875
11724,7177.95287
11725,7473.817249
11726,8467.819812
11727,7466.731552
11728,7248.088326
11729,8468.460529
11730,7570.004495
11731,7624.243131
11732,8580.121386
11733,8495.131492
11734,8412.507907
11735,7236.149007
11736,8497.352899
11737,8552.271196
11738,7214.71543
11739,8329.041729
11740,8579.696442
11741,7358.82961
11742,7302.074802
11743,8608.262229
11744,8437.205151
11745,8379.032628
11746,8524.265866
11747,8523.635811
11748,7523.501657
11749,7167.188194
11750,7531.295702
11751,7416.186453
11752,8386.100109
11753,7354.958453
11754,7410.534334
11755,8442.270162
11756,13964.67093
11757,16216.69738
11758,16044.75339
11759,15900.98451
11760,13542.62819
11761,15814.65476
11762,14491.22704
11763,15670.57485
11764,14090.13382
11765,16073.56419
11766,13627.42887
11767,13513.91584
11768,16505.44259
11769,13858.26428
11770,16275.10697
11771,16330.3446
11772,14259.42463
11773,13498.79404
11774,14027.64386
11775,15296.64595
11776,15986.10872
11777,16356.42479
11778,14191.34407
11779,15755.59164
11780,14554.61023
11781,14785.71173
11782,15843.38489
11783,16301.55848
11784,13566.15875
11785,15525.61874
11786,13450.69908
11787,13583.31473
11788,13796.4317
11789,13738.99875
11790,13674.32411
11791,15611.40894
11792,15378.44252
11793,14322.49646
11794,14419.18791
11795,16129.64587
11796,13465.87919
11797,8070.32089
11798,7240.282499
11799,7337.016031
11800,7297.069439
11801,8128.733777
11802,7361.203431
11803,7268.360071
11804,7414.685583
11805,8254.447553
11806,8045.091193
11807,8095.293368
11808,8153.495826
11809,8102.768576
11810,8200.913073
11811,7435.360175
11812,7387.935499
11813,7347.074566
11814,8191.979877
11815,8165.774594
11816,8218.052602
11817,8120.245702
11818,7187.366482
11819,8201.576434
11820,7385.392179
11821,8009.749157
11822,7410.024552
11823,8177.377503
11824,8139.581127
11825,7312.83408
11826,7213.240108
11827,7361.24384
11828,7286.542506
11829,7443.850365
11830,7260.956352
11831,7461.41199
11832,8228.610052
11833,8279.174377
11834,7339.633035
11835,8145.523651
11836,7493.358549
11837,7236.061581
11838,5684.463433
11839,7165.996226
11840,7078.186853
11841,5822.719735
11842,7145.6333
11843,5987.79599
11844,6996.598321
11845,7083.947714
11846,5647.645152
11847,5905.059861
11848,7016.593387
11849,5921.124752
11850,7097.729999
11851,5763.219564
11852,5728.03253
11853,5635.651017
11854,7001.787826
11855,7226.800525
11856,7259.049901
11857,7063.128602
11858,5661.54251
11859,7158.530769
11860,5629.175378
11861,6914.036016
11862,5971.240785
11863,7282.281843
11864,5741.07559
11865,5889.756419
11866,5653.760315
11867,5842.006327
11868,6081.250982
11869,6070.464052
11870,6919.994992
11871,7247.53085
11872,6896.184244
11873,5660.220877
11874,7178.555133
11875,6000.835566
11876,6979.750329
11877,5808.719139
11878,6052.973119
11879,5402.835357
11880,5745.348513
11881,5819.038717
11882,5391.437747
11883,5185.893181
11884,5583.290048
11885,5660.419072
11886,5767.79704
11887,5159.936741
11888,5760.845513
11889,5271.620049
11890,5590.818861
11891,5732.501054
11892,5338.669277
11893,5071.914991
11894,5338.088025
11895,5989.733649
11896,4985.296843
11897,5248.894651
11898,5390.824727
11899,5929.605411
11900,5676.176181
11901,5854.065789
11902,5904.754304
11903,5395.272373
11904,5358.204077
11905,5916.374408
11906,5455.231304
11907,5076.878228
11908,5845.182268
11909,5575.449902
11910,5163.537808
11911,5016.906075
11912,5383.543836
11913,5445.315418
11914,5250.966713
11915,4991.285715
11916,5830.55594
11917,5594.867006
11918,5101.07694
11919,5681.32611
11920,3818.699802
11921,5057.082132
11922,4944.501749
11923,3806.426914
11924,4984.322217
11925,4508.169169
11926,4927.90531
11927,3950.440317
11928,4219.482633
11929,3934.495023
11930,5087.518196
11931,4096.712837
11932,4618.676765
11933,4076.613015
11934,3792.737558
11935,4426.031666
11936,4782.837248
11937,3932.787452
11938,4363.348111
11939,3805.254821
11940,5274.226475
11941,5130.244618
11942,4688.865323
11943,4764.636436
11944,4910.993888
11945,5202.416857
11946,4222.947062
11947,3788.632827
11948,4653.614463
11949,4537.739578
11950,4572.241893
11951,4799.80146
11952,3796.039219
11953,4243.77043
11954,3785.714806
11955,4077.544818
11956,4391.024341
11957,5203.941008
11958,5072.643168
11959,5217.038226
11960,4836.912188
11961,7812.484633
11962,7783.399332
11963,6149.250201
11964,7782.162127
11965,7439.723909
11966,6023.14449
11967,6168.105644
11968,6529.032402
11969,7556.754681
11970,5823.095997
11971,6040.315626
11972,6042.725225
11973,7831.143796
11974,7654.936816
11975,7685.349375
11976,6297.142
11977,8039.477019
11978,6427.059211
11979,7912.10196
11980,6275.378488
11981,5967.808129
11982,7523.775118
11983,5870.544943
11984,5913.700081
11985,7959.303917
11986,8142.482018
11987,7570.572496
11988,7653.718276
11989,6442.468532
11990,6656.964272
11991,5916.879577
11992,6295.31729
11993,5863.722173
11994,7701.367255
11995,8034.533743
11996,6570.971351
11997,6401.868127
11998,6168.717284
11999,7427.017582
12000,7908.581694
12001,6557.145654
12002,4530.053753
12003,3948.025652
12004,3979.050703
12005,3877.128961
12006,3989.527858
12007,4497.624894
12008,3978.373537
12009,4542.802434
12010,4487.331553
12011,3978.514424
12012,4432.767736
12013,3850.639267
12014,4576.184422
12015,4010.797417
12016,4464.345028
12017,3944.054921
12018,3994.603875
12019,4574.204103
12020,4012.642819
12021,3956.606745
12022,4495.007313
12023,3891.449367
12024,4010.964586
12025,4546.450397
12026,4510.86939
12027,4517.058396
12028,3917.834135
12029,3858.375374
12030,3845.655378
12031,4524.878019
12032,3888.117828
12033,4479.452305
12034,4554.338868
12035,4478.676459
12036,3820.058038
12037,4592.604449
12038,4561.743855
12039,4456.811148
12040,3981.345185
12041,3910.032417
12042,3923.747
12043,6595.675555
12044,5246.50336
12045,5083.920211
12046,4912.713876
12047,4951.643647
12048,5560.164576
12049,6059.257585
12050,6601.454186
12051,6229.858174
12052,5048.227641
12053,6381.776822
12054,6434.045686
12055,5397.576022
12056,6543.991798
12057,5722.635284
12058,6442.357514
12059,6391.581545
12060,5521.479418
12061,5073.623697
12062,6755.587567
12063,5362.947815
12064,4922.279193
12065,6281.750069
12066,6715.159655
12067,6706.162362
12068,4891.331834
12069,5734.937788
12070,4964.747395
12071,4893.603435
12072,5205.297317
12073,6119.85016
12074,6683.115263
12075,6220.033878
12076,6553.450094
12077,5572.623062
12078,6271.081367
12079,5680.993248
12080,6107.473335
12081,5409.602319
12082,4938.213844
12083,5235.287609
12084,10712.38342
12085,9486.976261
12086,11017.25065
12087,9173.040145
12088,9137.164182
12089,10789.9026
12090,9254.050799
12091,10904.3317
12092,9023.721696
12093,10828.00492
12094,10582.37542
12095,10674.02322
12096,10350.61837
12097,9366.143466
12098,10466.40512
12099,9157.080591
12100,11003.56588
12101,9026.089615
12102,9140.640767
12103,10888.99531
12104,9101.963728
12105,10659.66077
12106,10595.22376
12107,9370.3483
12108,9028.822656
12109,10698.0624
12110,10941.81894
12111,9217.517827
12112,9334.164948
12113,10774.38227
12114,8967.463778
12115,9138.46021
12116,10813.18997
12117,10819.57302
12118,9568.888491
12119,8917.497691
12120,10477.1805
12121,9451.501885
12122,9251.106416
12123,9091.259955
12124,9685.628922
12125,4979.432393
12126,5812.197556
12127,5779.138276
12128,5747.641462
12129,4994.372137
12130,4985.259659
12131,5800.606969
12132,5014.261685
12133,5757.04524
12134,5007.52051
12135,5738.802752
12136,4997.447932
12137,5793.733744
12138,5007.404226
12139,4988.706563
12140,4994.114974
12141,4968.651411
12142,5818.871784
12143,5792.681676
12144,4970.133113
12145,5803.786822
12146,5784.315486
12147,5790.593731
12148,5767.674338
12149,5018.324691
12150,5808.765312
12151,4973.711325
12152,4986.304901
12153,5766.563026
12154,5768.19761
12155,4963.701934
12156,4986.262858
12157,4977.320978
12158,5040.692829
12159,5767.032331
12160,5003.886405
12161,4961.933543
12162,5775.817908
12163,5775.988355
12164,5029.658754
12165,5013.768618
12166,15078.88731
12167,15931.98591
12168,11844.13961
12169,12330.27613
12170,10819.01794
12171,11311.40384
12172,14962.68431
12173,16414.60917
12174,10826.71507
12175,13724.4226
12176,11358.70334
12177,10879.74548
12178,11788.22918
12179,11301.89112
12180,10817.31948
12181,12271.60728
12182,15564.79936
12183,16413.01274
12184,16049.27426
12185,12758.19097
12186,16532.04193
12187,15872.12742
12188,11305.62185
12189,13417.32274
12190,11301.64626
12191,14592.21796
12192,16357.69849
12193,15443.20524
12194,15385.74193
12195,11304.65369
12196,12272.4302
12197,16896.61018
12198,11786.85122
12199,10817.86882
12200,16841.98406
12201,15447.93211
12202,10874.40104
12203,12816.49237
12204,15928.46758
12205,13240.01896
12206,13786.63073
12207,12932.68284
12208,14899.26259
12209,13302.12342
12210,10823.7622
12211,12755.62657
12212,16837.36632
12213,11365.33829
12214,11933.19104
12215,14416.43047
12216,14662.49756
12217,12872.21328
12218,11987.74947
12219,12429.07812
12220,12912.23943
12221,14525.9989
12222,11901.09538
12223,15057.25079
12224,15252.13482
12225,15111.88306
12226,14463.79884
12227,15301.43177
12228,11914.24994
12229,14860.56759
12230,14918.09262
12231,14722.74246
12232,14808.7736
12233,12322.78213
12234,12232.1599
12235,12287.44992
12236,12676.60721
12237,12093.99634
12238,14612.503
12239,15004.83478
12240,11958.54513
12241,12127.65209
12242,12824.55319
12243,14715.51475
12244,15200.41604
12245,12036.28279
12246,15106.23692
12247,12626.72763
12248,12715.25028
12249,13021.89344
12250,15166.45378
12251,14910.93188
12252,12068.20762
12253,12481.64012
12254,12518.67167
12255,5212.805751
12256,5382.465081
12257,4775.484604
12258,5257.820173
12259,4936.897138
12260,5592.743636
12261,5321.065351
12262,4776.108691
12263,5487.627813
12264,5581.897861
12265,5422.491223
12266,5149.727062
12267,5378.627297
12268,5276.796412
12269,5336.154714
12270,5741.372782
12271,5698.289929
12272,5635.633387
12273,5103.718594
12274,5258.013403
12275,5317.746981
12276,5529.408579
12277,5099.327857
12278,5522.957669
12279,5366.686217
12280,5631.604845
12281,5690.670935
12282,5473.5082
12283,5042.740923
12284,5322.631717
12285,4884.548037
12286,5414.524559
12287,5318.403118
12288,5365.554387
12289,5263.416531
12290,5306.544634
12291,4990.457663
12292,5208.812116
12293,4882.647082
12294,4831.900859
12295,4994.13119
12296,7519.13322
12297,7559.039551
12298,6250.888227
12299,6103.08584
12300,6306.086483
12301,7577.521275
12302,7445.757272
12303,6406.438222
12304,7520.955157
12305,6334.559925
12306,6159.499085
12307,6475.38987
12308,7670.676979
12309,7634.608615
12310,7459.847236
12311,6196.088883
12312,6361.874658
12313,6123.151802
12314,7387.591206
12315,7692.571308
12316,6068.946669
12317,7400.311127
12318,7502.964063
12319,6234.381593
12320,6080.551271
12321,7763.763514
12322,6092.579353
12323,7463.491683
12324,6418.334505
12325,7502.139722
12326,6217.009029
12327,7578.505962
12328,6275.496236
12329,6348.34679
12330,6157.894116
12331,6178.525174
12332,7558.403259
12333,7614.537628
12334,6290.954596
12335,7635.784756
12336,6393.617911
12337,5884.518125
12338,5877.507168
12339,4710.223702
12340,5806.260547
12341,6016.394847
12342,4989.114347
12343,4851.326246
12344,5656.603074
12345,5701.774401
12346,4944.659629
12347,4917.144105
12348,5013.181437
12349,5812.3561
12350,5955.378648
12351,5729.709797
12352,5376.122237
12353,5224.287965
12354,5206.198848
12355,5160.707978
12356,5772.620991
12357,5082.544628
12358,5947.559042
12359,5630.263134
12360,5277.510073
12361,5005.951288
12362,5232.644205
12363,5874.46477
12364,4929.284372
12365,4774.643083
12366,4997.431523
12367,5802.502462
12368,6024.773127
12369,5152.951392
12370,5739.376567
12371,5731.362121
12372,5558.228491
12373,5134.067151
12374,5304.538104
12375,5583.858188
12376,5088.960363
12377,5061.549401
12378,7134.304232
12379,7000.623192
12380,5925.075499
12381,5809.900764
12382,7131.879484
12383,6257.13333
12384,7021.519875
12385,5922.165926
12386,5779.255426
12387,5816.286405
12388,6253.457334
12389,7355.311795
12390,7244.540002
12391,7355.325256
12392,7245.607347
12393,7447.834399
12394,7017.711166
12395,5788.86324
12396,5917.94619
12397,6264.03291
12398,5768.733305
12399,7336.049004
12400,5777.810622
12401,5767.753567
12402,7112.339901
12403,6889.448244
12404,7224.460741
12405,7112.988512
12406,6902.799655
12407,6377.679826
12408,6034.000957
12409,6143.547005
12410,5806.489532
12411,6143.390778
12412,6149.757305
12413,7417.33881
12414,7336.107768
12415,7224.252282
12416,6035.58517
12417,6030.355876
12418,5825.763888
12419,5108.528511
12420,6041.005962
12421,6122.217904
12422,5293.693429
12423,5259.117918
12424,6039.089474
12425,6081.22694
12426,6161.700297
12427,6121.89855
12428,5072.209074
12429,6035.362609
12430,5145.034087
12431,6082.07093
12432,5182.899797
12433,6142.273841
12434,5296.758318
12435,5955.004133
12436,5994.977608
12437,5132.227559
12438,5996.44178
12439,5338.54601
12440,5082.187975
12441,5131.751448
12442,5104.596473
12443,5182.142141
12444,6062.962384
12445,6075.780528
12446,6023.326077
12447,5163.886523
12448,5254.649502
12449,5171.777075
12450,6102.600732
12451,6115.953413
12452,5212.82636
12453,6084.157909
12454,6160.340195
12455,5252.333207
12456,5220.146715
12457,5223.132144
12458,5143.425166
12459,5165.769422
12460,11961.26704
12461,11968.05863
12462,11935.7643
12463,12058.92348
12464,11902.8682
12465,12025.94964
12466,10713.84416
12467,11869.16348
12468,10710.21784
12469,11992.22949
12470,11913.50041
12471,11994.83872
12472,10757.57726
12473,10619.47977
12474,10652.56196
12475,10714.70185
12476,11927.81358
12477,10618.91832
12478,11860.56474
12479,10773.91796
12480,10742.8077
12481,10722.27251
12482,11937.52827
12483,11863.65278
12484,10677.77323
12485,10710.8019
12486,11903.1615
12487,10775.86471
12488,10809.56932
12489,10652.77214
12490,10687.25674
12491,10764.83304
12492,11894.28726
12493,12000.13128
12494,11957.73834
12495,10755.37854
12496,10686.25327
12497,10723.89729
12498,10720.57447
12499,11868.73176
12500,8163.300861
12501,6889.264846
12502,8223.5118
12503,8157.752693
12504,6707.305195
12505,8191.243421
12506,8022.55442
12507,6686.290248
12508,6737.047917
12509,6863.509989
12510,8123.200802
12511,6932.670247
12512,8087.957564
12513,6740.844978
12514,6677.230504
12515,6898.331753
12516,8055.800906
12517,6791.397657
12518,6808.713629
12519,8128.349775
12520,6707.645265
12521,8129.610516
12522,6799.997471
12523,6832.52198
12524,6854.791137
12525,6793.913872
12526,8107.183428
12527,8174.365298
12528,8227.382371
12529,8195.900181
12530,6737.570723
12531,6774.561198
12532,8157.680097
12533,8140.762696
12534,8089.624753
12535,8123.689707
12536,6768.378662
12537,8207.888564
12538,6759.771556
12539,6762.54642
12540,6828.583588
12541,9591.358376
12542,7331.829975
12543,8084.947897
12544,9415.358974
12545,7908.799744
12546,8175.241996
12547,9406.844637
12548,7335.245387
12549,7999.812136
12550,8175.07216
12551,7329.179452
12552,9658.677714
12553,8001.323814
12554,9766.136907
12555,8260.570787
12556,9232.67534
12557,9323.013032
12558,9497.902386
12559,7394.764897
12560,7336.969952
12561,7476.414094
12562,7827.995292
12563,9754.827934
12564,9671.589492
12565,7557.239965
12566,9843.959513
12567,9958.836695
12568,7732.718154
12569,7343.547273
12570,7824.681562
12571,9485.350401
12572,9238.705319
12573,9832.011618
12574,9939.399849
12575,7508.76147
12576,9580.981061
12577,7680.980081
12578,10005.41316
12579,7382.714235
12580,9928.261763
12581,7650.170784
12582,4542.789016
12583,4961.261809
12584,4432.7006
12585,5071.690673
12586,5181.163062
12587,4520.369872
12588,4322.134997
12589,3862.004759
12590,4409.944908
12591,4511.795292
12592,4077.4258
12593,3874.540074
12594,5163.718227
12595,5289.52333
12596,4850.311545
12597,4299.723769
12598,4854.244441
12599,5272.42218
12600,5089.379248
12601,4871.298173
12602,4836.066182
12603,3896.764031
12604,4980.713434
12605,4211.556019
12606,4101.423705
12607,4962.874834
12608,5054.679156
12609,3861.22838
12610,4402.791906
12611,5071.611505
12612,4294.011175
12613,5266.518238
12614,4945.390287
12615,5197.276597
12616,4081.090333
12617,4190.048124
12618,5288.738684
12619,4185.558412
12620,3885.002211
12621,3883.684008
12622,7193.092452
12623,7078.113615
12624,7579.941895
12625,6560.474606
12626,7500.575354
12627,7970.829919
12628,7003.199453
12629,6553.035094
12630,7121.022446
12631,7856.600568
12632,7117.30434
12633,7740.794801
12634,7794.355075
12635,7694.724246
12636,6547.655738
12637,6897.278082
12638,6729.811083
12639,6625.988432
12640,6554.591027
12641,7963.309285
12642,7847.744147
12643,6889.98419
12644,7616.207428
12645,7623.971972
12646,8023.030274
12647,7236.224011
12648,6962.192861
12649,8083.334249
12650,7962.630146
12651,7908.926945
12652,7679.367925
12653,6665.998538
12654,7732.129803
12655,7919.787195
12656,6845.89455
12657,6667.333684
12658,6777.667509
12659,7807.992014
12660,6614.389015
12661,6782.102673
12662,6567.758586
12663,5210.795783
12664,5182.909148
12665,5452.813619
12666,5314.832553
12667,4887.862431
12668,4920.21531
12669,5176.499869
12670,5148.979587
12671,5550.147746
12672,5130.363181
12673,4816.448174
12674,5163.373171
12675,5445.556232
12676,4920.780443
12677,4708.842089
12678,5418.951166
12679,4712.480822
12680,5439.082401
12681,4782.866407
12682,5237.308685
12683,5025.455683
12684,5523.173621
12685,4678.340393
12686,5132.744252
12687,5557.126559
12688,5334.481971
12689,5348.39189
12690,4814.180388
12691,5171.811404
12692,5125.162326
12693,5195.11998
12694,5098.467309
12695,5133.398269
12696,5198.066614
12697,5243.908024
12698,5136.203891
12699,5341.312653
12700,5229.816951
12701,4993.141245
12702,5026.563162
12703,5106.795004
12704,8366.465401
12705,9158.475563
12706,8374.429398
12707,8371.837739
12708,8405.038416
12709,9157.74888
12710,8411.177291
12711,8409.071691
12712,8365.878259
12713,9190.796321
12714,8407.658455
12715,9141.284638
12716,8410.193984
12717,8366.007708
12718,8362.789292
12719,9152.421539
12720,8372.993987
12721,9154.167526
12722,9142.680418
12723,9158.262077
12724,9156.204827
12725,8369.017526
12726,8406.237493
12727,9147.639315
12728,9190.812256
12729,9146.220944
12730,9179.776534
12731,9190.000619
12732,9182.266728
12733,9181.619773
12734,8370.835307
12735,8369.452877
12736,9190.074798
12737,8378.566994
12738,8404.06871
12739,8367.612481
12740,8370.279148
12741,9180.830238
12742,8370.054532
12743,9144.460537
12744,7763.742877
12745,6483.8453
12746,6612.008584
12747,6393.39952
12748,6505.951381
12749,6663.727672
12750,6459.74024
12751,7673.362469
12752,6450.044006
12753,6647.182619
12754,6575.047643
12755,7651.87145
12756,7794.344129
12757,6544.154683
12758,6633.917972
12759,7722.324637
12760,7791.772399
12761,6496.407747
12762,6438.708399
12763,7629.135173
12764,6414.049342
12765,6599.852679
12766,6529.201103
12767,7747.832018
12768,7656.705238
12769,7718.887569
12770,7582.221465
12771,7610.07488
12772,7675.874948
12773,6692.378979
12774,7626.841531
12775,7655.751462
12776,7700.296475
12777,6552.704782
12778,6642.716038
12779,7746.146112
12780,7700.977851
12781,6621.464994
12782,6616.642661
12783,7579.244593
12784,6593.096905
12785,5733.00673
12786,5769.829634
12787,5648.894484
12788,6748.305515
12789,5695.524038
12790,6724.351312
12791,5751.499822
12792,5657.0691
12793,6713.66823
12794,6686.869944
12795,5707.159756
12796,5741.897035
12797,5687.093011
12798,5727.220422
12799,6697.072049
12800,5665.166878
12801,6705.909548
12802,5698.133089
12803,5688.950864
12804,6793.814927
12805,6741.520354
12806,6747.542411
12807,5715.055107
12808,5650.687981
12809,5724.490754
12810,6731.116335
12811,6778.649238
12812,6763.857458
12813,6783.01504
12814,6757.140537
12815,6764.175528
12816,5679.987333
12817,6763.344546
12818,6747.712597
12819,5713.567433
12820,6730.67031
12821,5682.355968
12822,5651.260306
12823,6778.740457
12824,5673.031754
12825,5700.420965
12826,6306.137079
12827,6341.729883
12828,7105.371807
12829,6467.985348
12830,6426.215683
12831,6449.79008
12832,7079.812867
12833,7150.560532
12834,6450.219781
12835,6377.322182
12836,6376.900566
12837,6518.303611
12838,6412.991237
12839,7078.673891
12840,6343.784291
12841,6487.412713
12842,7066.790451
12843,6413.383234
12844,6875.332354
12845,7043.458015
12846,6966.031867
12847,6503.703793
12848,6953.552334
12849,6525.773585
12850,7115.337662
12851,6422.854294
12852,6912.970783
12853,7042.239162
12854,6442.635428
12855,6494.99275
12856,6382.943473
12857,6991.031364
12858,6813.453061
12859,6989.222529
12860,7005.933633
12861,7004.730275
12862,7028.729357
12863,6487.909287
12864,6421.794781
12865,6463.243579
12866,6950.958054
12867,6500.778351
12868,5927.027434
12869,6509.869285
12870,6093.072425
12871,6006.160328
12872,5871.161691
12873,6428.787472
12874,6446.77759
12875,5933.137792
12876,6001.182427
12877,6153.951433
12878,6300.007815
12879,6381.101189
12880,6227.053882
12881,6153.246486
12882,6079.446946
12883,6583.341128
12884,6227.67117
12885,6233.312728
12886,6389.568102
12887,6373.136414
12888,6173.674462
12889,6080.445216
12890,6460.058399
12891,6604.201062
12892,6166.999589
12893,6021.710231
12894,6075.865885
12895,5853.381627
12896,6380.411406
12897,5946.1095
12898,6315.054683
12899,6426.998861
12900,6150.97311
12901,6307.426761
12902,6534.975317
12903,6113.252762
12904,6513.483324
12905,6454.960628
12906,6502.978029
12907,6454.468168
12908,6437.133546
12909,6588.846764
12910,6240.925818
12911,6522.136106
12912,6097.699344
12913,6512.551381
12914,6529.570147
12915,8194.517853
12916,8304.383955
12917,8105.947882
12918,7955.203374
12919,8380.401551
12920,8093.579127
12921,9081.795004
12922,9272.500525
12923,8137.179106
12924,9359.11995
12925,8269.861972
12926,9181.460309
12927,8180.72164
12928,9449.547966
12929,9214.980191
12930,8224.815253
12931,7913.57446
12932,9316.073795
12933,9170.111193
12934,9376.094788
12935,9305.193766
12936,9351.254337
12937,8155.770203
12938,8363.599547
12939,9259.890767
12940,8056.847445
12941,9401.993471
12942,8007.803543
12943,9238.366474
12944,8315.94916
12945,9284.032725
12946,8246.309758
12947,7959.945783
12948,9540.441174
12949,7910.997846
12950,9227.740102
12951,9329.95642
12952,9495.69149
12953,8151.965155
12954,8106.421338
12955,8198.851917
12956,9048.432374
12957,8969.928545
12958,10159.98976
12959,10503.53915
12960,9915.25939
12961,8271.564556
12962,8772.758223
12963,8850.250406
12964,9692.615203
12965,9156.485103
12966,8453.790998
12967,9245.666418
12968,8205.739945
12969,10086.23221
12970,10283.76664
12971,8962.969615
12972,9716.243922
12973,9351.180184
12974,10356.28014
12975,8651.818188
12976,10178.8707
12977,10480.9733
12978,8199.256969
12979,9985.603405
12980,8578.343907
12981,9364.928167
12982,8213.212524
12983,8770.412727
12984,8256.613106
12985,9167.435346
12986,10309.41122
12987,8193.077664
12988,9766.590816
12989,10113.22219
12990,9888.96627
12991,10301.08558
12992,9963.371064
12993,9593.863648
12994,8186.081675
12995,8576.127572
12996,9790.58125
12997,6059.776979
12998,5825.068404
12999,6125.431381
13000,6238.202433
13001,5711.63914
13002,6290.380565
13003,6453.543673
13004,5742.527722
13005,6042.423328
13006,5793.264651
13007,5874.930591
13008,5780.545615
13009,6372.062245
13010,5660.572048
13011,6337.204045
13012,6484.098131
13013,5865.024224
13014,6205.672655
13015,5956.874603
13016,6039.198524
13017,5697.326524
13018,6253.623304
13019,6156.42913
13020,6091.476858
13021,6285.624918
13022,6208.228405
13023,6075.036128
13024,5908.134142
13025,6319.860122
13026,6108.985462
13027,6202.888081
13028,6502.42446
13029,6122.051347
13030,6401.708792
13031,6368.342944
13032,6120.870859
13033,6450.947229
13034,6035.8482
13035,5950.355499
13036,5991.508942
13037,6420.142604
13038,9560.404292
13039,9373.120742
13040,11303.62544
13041,9746.976364
13042,11292.48177
13043,9453.907526
13044,11085.1106
13045,9603.315209
13046,9602.682093
13047,9675.250242
13048,11330.21699
13049,9399.025755
13050,11149.66497
13051,11234.3484
13052,11224.94532
13053,10939.95034
13054,9672.316512
13055,11012.83714
13056,9490.988294
13057,9337.601114
13058,9534.470897
13059,9531.855192
13060,11342.91745
13061,11155.9439
13062,11371.17959
13063,9353.795628
13064,11163.37797
13065,11221.17818
13066,9467.578736
13067,9461.344693
13068,11399.34871
13069,9391.921555
13070,9420.330464
13071,11190.83818
13072,9401.482455
13073,9335.466588
13074,9524.681972
13075,9422.195161
13076,11363.0448
13077,11260.73426
13078,11078.65881
13079,7245.210521
13080,7271.464008
13081,7313.649303
13082,7201.813782
13083,6564.459401
13084,7132.733101
13085,6528.287331
13086,6733.447247
13087,6470.736851
13088,6664.6643
13089,6596.489888
13090,6900.732212
13091,7287.999477
13092,7429.327124
13093,6495.697834
13094,6615.477736
13095,6851.63873
13096,6634.365397
13097,7381.298079
13098,7215.062988
13099,6869.386307
13100,6542.024085
13101,7086.420459
13102,7359.488917
13103,7175.356492
13104,6831.02862
13105,6803.199476
13106,7156.770014
13107,6777.370034
13108,7103.870512
13109,6765.852838
13110,7227.410086
13111,6873.914307
13112,7298.215229
13113,7063.754688
13114,6816.509575
13115,6821.88676
13116,6705.440903
13117,7059.805976
13118,7342.150014
13119,6690.471441
13120,10132.55148
13121,8924.569103
13122,8773.169263
13123,9174.972946
13124,10144.27508
13125,8885.861131
13126,9130.892213
13127,10078.51971
13128,9368.204373
13129,9944.355429
13130,10192.09395
13131,9049.723393
13132,9953.058445
13133,8579.246775
13134,9117.338689
13135,8552.228147
13136,8675.691985
13137,10006.83053
13138,8799.82996
13139,10379.95062
13140,9007.802437
13141,10068.81366
13142,9243.06403
13143,9880.521731
13144,8644.554647
13145,10393.64848
13146,8530.191762
13147,8742.236281
13148,10204.2025
13149,10298.10856
13150,8866.487724
13151,10314.09679
13152,8991.63308
13153,10329.48162
13154,9828.49101
13155,8764.92217
13156,8607.135596
13157,8524.224831
13158,10257.03095
13159,10517.84358
13160,10269.05678
13161,4651.745445
13162,5645.868921
13163,5737.537433
13164,5741.838609
13165,4557.055312
13166,5069.265628
13167,5553.659261
13168,4805.589893
13169,4987.720553
13170,5492.021364
13171,5652.028858
13172,4558.512856
13173,5742.536704
13174,4648.940843
13175,5105.387924
13176,4554.047903
13177,5168.938432
13178,5560.816057
13179,5830.512658
13180,5673.797515
13181,5078.501616
13182,5561.119091
13183,5583.271276
13184,5159.901842
13185,4551.532497
13186,4923.853071
13187,4740.523238
13188,5468.660939
13189,4979.111623
13190,5763.597581
13191,5461.376596
13192,5828.352803
13193,4558.99947
13194,4800.339206
13195,4832.246957
13196,4896.721156
13197,5015.007593
13198,4889.502446
13199,5652.237309
13200,5831.570863
13201,5824.732973
13202,6128.112755
13203,6119.23774
13204,6100.664769
13205,6218.75178
13206,5290.115059
13207,5183.13919
13208,6089.217895
13209,6189.38319
13210,5153.066106
13211,6149.116195
13212,5213.420897
13213,5258.076251
13214,6179.114315
13215,5276.292508
13216,6158.402352
13217,6186.742572
13218,5214.63706
13219,5267.617984
13220,6122.978444
13221,6159.186005
13222,5251.739222
13223,5153.712083
13224,6058.931146
13225,5183.646705
13226,6060.751899
13227,5272.919705
13228,5186.033116
13229,6065.557802
13230,5279.955619
13231,5215.112897
13232,5303.224223
13233,5279.850995
13234,5243.462602
13235,6084.292988
13236,6091.898697
13237,6129.869279
13238,6070.514188
13239,5244.553305
13240,5247.333375
13241,5963.96268
13242,5919.230447
13243,5909.513372
13244,5889.47359
13245,4845.336199
13246,5986.517177
13247,4938.911008
13248,5961.967666
13249,4825.967138
13250,5969.311506
13251,5985.664319
13252,4818.57551
13253,5939.796493
13254,5916.040594
13255,5914.033448
13256,4982.932988
13257,5968.154437
13258,4825.277565
13259,4956.408389
13260,4876.882428
13261,4913.991612
13262,4898.603934
13263,4849.381482
13264,5944.277466
13265,5942.430128
13266,4847.031125
13267,4929.505985
13268,5881.718794
13269,4868.277822
13270,4834.413944
13271,5863.375354
13272,4873.738601
13273,5936.48729
13274,4867.764393
13275,5968.922462
13276,5993.220968
13277,4902.841311
13278,4924.041366
13279,4851.831524
13280,4890.464334
13281,4949.923517
13282,11095.42271
13283,8686.849018
13284,10946.74178
13285,10991.97931
13286,8499.43894
13287,8794.779755
13288,8785.189177
13289,10934.13227
13290,8481.944681
13291,8583.435139
13292,11043.02256
13293,8580.325332
13294,10929.42394
13295,8740.454604
13296,11058.20151
13297,10936.74522
13298,8841.235493
13299,10881.47662
13300,8533.480697
13301,11101.942
13302,10989.25236
13303,10889.76202
13304,8633.219374
13305,11088.70132
13306,11100.52023
13307,8481.467431
13308,11035.7974
13309,11046.65927
13310,11003.10487
13311,8486.440718
13312,8687.16994
13313,11111.7395
13314,8618.262845
13315,8728.958088
13316,8487.9577
13317,8518.556258
13318,8673.161558
13319,8741.354611
13320,8634.934423
13321,10982.78868
13322,8796.609571
13323,6137.256255
13324,6225.891181
13325,7208.840513
13326,7284.730965
13327,6372.708393
13328,7205.601551
13329,7422.548719
13330,6247.445774
13331,7142.838308
13332,6358.90532
13333,6925.922198
13334,6720.147727
13335,6482.53079
13336,6738.612842
13337,6550.143068
13338,6593.09744
13339,7070.013143
13340,6880.546307
13341,6682.516603
13342,7314.580376
13343,6695.099653
13344,7251.995468
13345,6441.133903
13346,6921.097523
13347,6119.072218
13348,7034.230901
13349,7361.893856
13350,6263.917421
13351,7177.688955
13352,6704.012661
13353,6156.19636
13354,6659.988909
13355,6583.413187
13356,6989.644191
13357,6693.782998
13358,7099.11452
13359,6333.101993
13360,7095.550414
13361,6961.345883
13362,6471.131022
13363,7391.651986
13364,8285.37937
13365,6966.061141
13366,6999.221461
13367,7047.863
13368,7110.187819
13369,8254.06318
13370,7117.359308
13371,7017.354839
13372,7119.045521
13373,7118.825884
13374,7083.971541
13375,8214.471879
13376,7033.594432
13377,6986.661699
13378,7050.979868
13379,7121.605332
13380,8222.625268
13381,7078.686046
13382,8315.915016
13383,8190.8658
13384,8189.313268
13385,8285.770808
13386,8217.285184
13387,8247.029764
13388,7140.715718
13389,8312.247469
13390,8347.726353
13391,8254.58266
13392,6952.694653
13393,8248.473262
13394,8222.535239
13395,7149.137842
13396,8315.494838
13397,7104.85611
13398,6983.924001
13399,8282.815919
13400,7142.503762
13401,7068.962353
13402,8318.043635
13403,8279.643439
13404,7018.569586
13405,7535.603258
13406,7526.145546
13407,6264.376571
13408,6339.189139
13409,6237.958296
13410,7553.043811
13411,6368.712904
13412,6309.978169
13413,6319.786791
13414,6163.707284
13415,7483.890489
13416,7547.280218
13417,7562.580547
13418,6242.271204
13419,6265.079708
13420,7489.426055
13421,7588.092273
13422,6274.258385
13423,6187.655394
13424,7573.889198
13425,7425.893804
13426,6182.31259
13427,7459.126413
13428,6211.111534
13429,6237.573197
13430,7455.043194
13431,6397.963326
13432,6348.389963
13433,7499.060764
13434,6253.954474
13435,6281.512359
13436,7507.191876
13437,6291.538951
13438,7519.024464
13439,7397.017617
13440,7512.059823
13441,6293.516024
13442,7471.649512
13443,6212.239022
13444,6291.74512
13445,7466.604352
13446,9609.697882
13447,8438.916603
13448,8490.197633
13449,8392.052971
13450,8193.750869
13451,9877.001152
13452,8205.744864
13453,8336.459767
13454,8283.863145
13455,8366.402142
13456,8315.876859
13457,8344.468801
13458,9881.77796
13459,8286.161327
13460,8188.109985
13461,9776.460769
13462,9733.663134
13463,8251.860576
13464,9926.082932
13465,8236.728923
13466,9827.686702
13467,9764.176925
13468,9784.355625
13469,8186.403586
13470,9725.914569
13471,9675.931012
13472,9827.037548
13473,8387.498464
13474,9778.121991
13475,9661.877037
13476,8440.853979
13477,9833.765837
13478,8234.936034
13479,9713.576419
13480,8245.084244
13481,8189.748909
13482,9813.327871
13483,8333.326116
13484,9877.208524
13485,9894.174813
13486,8297.903153
13487,5035.249976
13488,4812.130638
13489,4895.240154
13490,5087.685989
13491,4603.791978
13492,4681.369584
13493,5000.638966
13494,4759.372178
13495,5180.071426
13496,5232.618123
13497,5139.458961
13498,4612.326793
13499,5284.533257
13500,4791.700605
13501,5144.862444
13502,5053.147379
13503,4655.279958
13504,4718.290577
13505,4560.188368
13506,4679.209025
13507,5242.205524
13508,5093.358007
13509,4626.793187
13510,4639.074956
13511,4635.168034
13512,5041.840512
13513,5066.388071
13514,4707.079783
13515,4736.556443
13516,5196.714383
13517,4677.614996
13518,4771.723088
13519,4631.038456
13520,4947.989614
13521,4643.668184
13522,5126.810242
13523,5190.849423
13524,4573.319448
13525,4660.278518
13526,5249.228077
13527,4665.076277
13528,7824.257707
13529,7750.475616
13530,8887.024324
13531,8977.760643
13532,7984.187345
13533,8933.262583
13534,7894.442766
13535,9050.160268
13536,8958.206514
13537,7899.239828
13538,8949.44881
13539,8875.94533
13540,8814.247191
13541,7691.323
13542,7602.932627
13543,7763.870874
13544,9005.548836
13545,7825.012274
13546,7972.530093
13547,7502.836504
13548,7676.283915
13549,9077.520195
13550,7755.100439
13551,9120.623437
13552,7621.422785
13553,9022.921396
13554,7910.606998
13555,8860.757506
13556,9095.856564
13557,8974.270366
13558,7495.421754
13559,8903.635521
13560,9027.815157
13561,7529.28078
13562,7517.722645
13563,7837.043492
13564,8828.440789
13565,8803.025635
13566,7686.461125
13567,7965.842876
13568,7501.187347
13569,7341.865112
13570,7398.92104
13571,6633.982093
13572,7426.003528
13573,6791.593942
13574,6673.201719
13575,7397.727841
13576,7500.630982
13577,7434.052239
13578,6764.445259
13579,7461.370806
13580,6873.801747
13581,6620.157667
13582,6646.686441
13583,7313.438517
13584,7527.153865
13585,7488.217389
13586,6846.507072
13587,6609.412454
13588,7285.367562
13589,7473.364476
13590,6659.585241
13591,6742.098084
13592,7514.631252
13593,6585.387462
13594,7339.017871
13595,6715.007855
13596,6686.384205
13597,6737.604372
13598,6686.591841
13599,6699.836794
13600,7552.892065
13601,7370.099667
13602,7452.168925
13603,6819.010159
13604,6561.298548
13605,7371.094681
13606,6584.613962
13607,6772.118906
13608,6653.10419
13609,7342.897098
13610,3671.414977
13611,3583.384431
13612,4418.078844
13613,4468.620633
13614,3761.634756
13615,4481.022557
13616,4289.064835
13617,3444.555155
13618,4359.582628
13619,3513.31828
13620,3796.843398
13621,3832.020548
13622,4398.692977
13623,3555.24573
13624,3604.897011
13625,4496.808073
13626,4383.718807
13627,4428.401316
13628,4247.887098
13629,4218.844529
13630,4315.819005
13631,4327.172733
13632,3806.792042
13633,3538.929459
13634,4484.862735
13635,4290.573174
13636,3738.705396
13637,4536.545008
13638,4254.893751
13639,3654.448447
13640,3725.867389
13641,4451.718281
13642,3623.087554
13643,3477.212848
13644,3488.143405
13645,3506.506132
13646,3529.741458
13647,4221.74853
13648,3473.186551
13649,3691.887205
13650,3471.407997
13651,13056.68876
13652,13063.13931
13653,15361.25626
13654,15342.7759
13655,13058.23359
13656,13063.27462
13657,15352.27561
13658,15345.24451
13659,13055.36754
13660,15342.0787
13661,15341.99548
13662,13059.63504
13663,13056.58885
13664,13055.92358
13665,13064.53047
13666,15364.55954
13667,13062.37556
13668,15364.17581
13669,15342.04951
13670,13065.98423
13671,15343.69051
13672,15357.01346
13673,13061.45641
13674,13057.4166
13675,15361.86916
13676,13081.31976
13677,15344.56116
13678,15342.65723
13679,15365.31946
13680,13055.03214
13681,15353.96938
13682,13062.95933
13683,13059.3091
13684,15365.44518
13685,13067.35205
13686,13065.45897
13687,15365.79067
13688,13062.49206
13689,15342.14035
13690,13075.83067
13691,13071.47885
13692,18218.70762
13693,18091.66942
13694,16240.0101
13695,16456.30186
13696,16397.83499
13697,18215.62775
13698,16171.64167
13699,17755.62927
13700,16308.40883
13701,16202.53356
13702,18034.10419
13703,16139.04604
13704,16332.06867
13705,17962.36419
13706,17906.53189
13707,16037.27426
13708,18086.73419
13709,18282.39172
13710,16646.43318
13711,16345.71488
13712,16103.89775
13713,17842.84797
13714,18098.86575
13715,18027.89553
13716,16515.95057
13717,18218.02921
13718,16582.07892
13719,16711.94361
13720,18153.49893
13721,16518.76172
13722,16331.77587
13723,16394.20221
13724,18282.67206
13725,17970.14497
13726,16458.26524
13727,18153.47253
13728,16076.2493
13729,15971.9869
13730,18089.01794
13731,16266.89782
13732,18154.01553
13733,7162.168723
13734,8592.904701
13735,8723.469291
13736,7039.732854
13737,6848.895103
13738,8714.548796
13739,6975.348238
13740,7139.334277
13741,7037.049119
13742,8518.202461
13743,6912.191006
13744,6950.426491
13745,8531.265711
13746,8369.033223
13747,8597.904633
13748,7168.647306
13749,8785.207903
13750,8468.856758
13751,6975.893623
13752,8455.869283
13753,8397.232657
13754,7211.826645
13755,7009.908744
13756,8209.640679
13757,8331.448934
13758,8431.79368
13759,7107.553432
13760,8661.025845
13761,6914.128709
13762,8393.650284
13763,7213.030969
13764,8580.765148
13765,7230.231413
13766,8306.456862
13767,7046.702353
13768,7099.335248
13769,8653.902755
13770,7141.607485
13771,6985.78031
13772,6786.172833
13773,6411.168364
13774,6642.639297
13775,6468.233354
13776,8046.611681
13777,8088.154244
13778,6583.637184
13779,8077.924006
13780,6620.800699
13781,6585.012809
13782,6408.993703
13783,6465.894866
13784,8025.333141
13785,8028.375972
13786,8165.556215
13787,6407.131936
13788,8207.45376
13789,8146.899843
13790,6468.759963
13791,6525.588872
13792,6529.429512
13793,7985.385611
13794,8139.21067
13795,8015.721767
13796,7965.005644
13797,8212.477948
13798,8199.188114
13799,6652.868775
13800,6426.564606
13801,6404.171285
13802,8106.722609
13803,8147.887739
13804,8086.092441
13805,6702.61564
13806,6414.913638
13807,6714.793459
13808,6682.044458
13809,6525.12608
13810,6422.598245
13811,6590.910943
13812,8207.626589
13813,7953.219558
13814,7938.693928
13815,8069.922239
13816,7990.79164
13817,10176.01243
13818,10041.49977
13819,10271.62024
13820,8353.933395
13821,8334.481826
13822,10308.95061
13823,9999.758607
13824,10171.84824
13825,10034.47156
13826,8201.684485
13827,10141.64756
13828,9905.554739
13829,7953.670932
13830,10307.87177
13831,10007.3777
13832,10406.3803
13833,7958.884338
13834,8494.313845
13835,8093.100167
13836,7982.869801
13837,7942.511732
13838,10442.086
13839,8468.593341
13840,8630.351543
13841,10389.79028
13842,10135.95336
13843,9863.712717
13844,10275.62309
13845,8086.320386
13846,9896.615488
13847,8228.628701
13848,7968.111868
13849,8639.031558
13850,8603.914414
13851,10409.44272
13852,8502.268232
13853,8219.647311
13854,8365.215321
13855,11087.55551
13856,11382.78798
13857,9019.822909
13858,9076.847829
13859,9457.486223
13860,11413.29529
13861,11241.81559
13862,11515.91008
13863,9560.66556
13864,11221.74041
13865,9497.275164
13866,9820.113889
13867,11402.24504
13868,11144.58651
13869,11058.94071
13870,10915.19413
13871,9154.404203
13872,9237.440463
13873,11575.31837
13874,9132.062619
13875,9178.416627
13876,9658.184677
13877,9177.299791
13878,11306.18833
13879,9294.224529
13880,9045.018779
13881,11542.07781
13882,11467.47176
13883,10924.78792
13884,9337.430426
13885,11250.57585
13886,9785.633007
13887,11079.36541
13888,11628.4895
13889,9476.061225
13890,9949.140791
13891,9639.175876
13892,9621.500896
13893,10750.08702
13894,9114.630779
13895,9398.668795
13896,11229.93047
13897,9461.217766
13898,11495.25059
13899,9942.132967
13900,10176.42018
13901,11760.43899
13902,11910.11722
13903,10208.27996
13904,11937.25627
13905,9589.517522
13906,11408.90723
13907,10039.79685
13908,9739.574651
13909,11645.63755
13910,11673.7107
13911,9722.906259
13912,11788.99507
13913,12172.95505
13914,12025.14476
13915,10442.32967
13916,9645.891156
13917,9520.406634
13918,12053.54412
13919,12102.30607
13920,11006.19446
13921,9984.963433
13922,12199.46371
13923,9910.845739
13924,10303.14074
13925,10964.95703
13926,9666.019297
13927,11524.31365
13928,11379.73989
13929,9676.76324
13930,10567.10797
13931,12317.86773
13932,9755.235681
13933,10474.74342
13934,10708.14836
13935,10740.91368
13936,11112.9889
13937,5311.92732
13938,6700.166955
13939,6686.731442
13940,6011.25839
13941,4616.718064
13942,6213.586538
13943,5098.047017
13944,6429.727581
13945,6660.725146
13946,6455.923054
13947,6198.656162
13948,5793.50728
13949,4843.336606
13950,6472.053652
13951,5081.208328
13952,5298.024813
13953,4866.588149
13954,4851.081524
13955,6915.827731
13956,5541.872992
13957,4621.60805
13958,6673.892224
13959,5070.300481
13960,6443.802857
13961,4651.090493
13962,6242.36854
13963,4635.210491
13964,6903.762494
13965,5756.501251
13966,4614.08818
13967,6891.258017
13968,6884.406974
13969,5526.764914
13970,6223.755562
13971,5773.064739
13972,5562.062787
13973,4655.237728
13974,5330.048004
13975,5968.010284
13976,4636.018755
13977,5990.906824
13978,8497.633257
13979,6889.485228
13980,6280.032441
13981,6636.404096
13982,5988.932535
13983,6301.399079
13984,6042.552511
13985,7783.853512
13986,8299.004075
13987,8593.946807
13988,7054.595594
13989,8662.803543
13990,8337.773573
13991,6341.123754
13992,6864.006059
13993,7522.946684
13994,6024.94957
13995,8790.048983
13996,8631.477003
13997,7708.462658
13998,8866.975535
13999,8371.190919
14000,5994.056958
14001,6595.162158
14002,7227.941559
14003,8203.534583
14004,7349.525723
14005,8078.200007
14006,6008.136135
14007,8924.786799
14008,6571.640231
14009,6068.744456
14010,7451.224163
14011,8043.653441
14012,8003.642465
14013,8888.069465
14014,7611.621633
14015,6046.732939
14016,6932.208877
14017,7157.237045
14018,7907.989081
14019,6362.027029
14020,5431.229425
14021,5441.295977
14022,5462.90873
14023,6345.261985
14024,5398.985484
14025,5439.296344
14026,5450.373935
14027,6391.003474
14028,5464.674033
14029,6408.057746
14030,5440.503786
14031,6391.3562
14032,5430.30931
14033,5434.629226
14034,6408.812134
14035,6360.705948
14036,5430.394552
14037,6345.24574
14038,5432.645715
14039,6358.79026
14040,6390.625523
14041,6391.722006
14042,6343.891003
14043,5401.086855
14044,5430.603549
14045,6373.203144
14046,5476.938921
14047,6341.331779
14048,5471.989652
14049,6359.504988
14050,5469.663539
14051,5430.830127
14052,5461.979516
14053,6409.046184
14054,5433.107207
14055,6338.080166
14056,5467.061221
14057,5436.880811
14058,6363.150077
14059,6407.355559
14060,8320.360346
14061,8219.190134
14062,9447.336937
14063,9128.656043
14064,8050.136069
14065,9212.567407
14066,7965.436191
14067,8306.386767
14068,8299.957223
14069,9118.130937
14070,8197.874207
14071,8282.158414
14072,9359.885396
14073,9459.240091
14074,9377.362451
14075,9274.683101
14076,8310.011381
14077,9260.782291
14078,8045.147375
14079,7948.942199
14080,9281.519304
14081,9364.214682
14082,8135.468334
14083,9345.42975
14084,7875.170845
14085,8031.501787
14086,9115.386615
14087,9443.886612
14088,9295.333323
14089,8221.055749
14090,9198.717034
14091,8377.94931
14092,8114.357266
14093,7881.567147
14094,8367.052557
14095,8131.901183
14096,8306.525318
14097,9526.808182
14098,7959.482678
14099,9175.777499
14100,9429.559764
14101,4582.829492
14102,3540.834175
14103,4355.924519
14104,4487.899325
14105,3807.663923
14106,4293.833916
14107,3621.210379
14108,4473.664634
14109,4395.573903
14110,3519.348302
14111,3735.512906
14112,4164.130327
14113,4489.617028
14114,3639.042329
14115,3806.191233
14116,4019.428883
14117,3922.865631
14118,3994.123363
14119,4553.738734
14120,3929.931212
14121,4026.858641
14122,3521.55583
14123,4548.402622
14124,4452.311622
14125,4391.421627
14126,3529.054669
14127,4300.090444
14128,3711.699756
14129,3543.478509
14130,4259.697996
14131,4195.83638
14132,3556.06368
14133,4203.422863
14134,4378.067505
14135,4282.421922
14136,4569.071162
14137,3616.315301
14138,3529.136604
14139,3713.463448
14140,3832.628694
14141,3899.705796
14142,6481.661014
14143,6185.201988
14144,6618.876218
14145,6674.19049
14146,5353.308603
14147,6377.479929
14148,5616.730584
14149,5151.193426
14150,5567.134173
14151,5005.601854
14152,6569.298069
14153,6526.387493
14154,6505.872218
14155,5181.214983
14156,5327.089255
14157,6539.509144
14158,6767.847928
14159,6383.82216
14160,5423.892605
14161,5109.347989
14162,5230.758429
14163,5663.102538
14164,5031.217277
14165,6473.681625
14166,5520.638511
14167,5135.225168
14168,5258.001585
14169,6336.647517
14170,5068.960623
14171,5163.238257
14172,5281.494594
14173,5188.999191
14174,6432.305564
14175,6578.689253
14176,5097.190624
14177,5469.695516
14178,6444.600841
14179,6281.130394
14180,6349.422688
14181,6634.11297
14182,5375.031264
14183,6234.723487
14184,6201.072389
14185,6233.256138
14186,6261.557056
14187,6231.673154
14188,5316.873916
14189,5292.085932
14190,6255.698296
14191,5345.081682
14192,6250.259342
14193,5228.814978
14194,5338.387692
14195,6241.418707
14196,6250.181869
14197,6182.148175
14198,5260.716967
14199,5237.541215
14200,5296.298561
14201,5315.663173
14202,5309.455599
14203,5264.414423
14204,5303.075838
14205,5277.099727
14206,5246.179515
14207,5344.63085
14208,6274.237242
14209,6267.382158
14210,5293.142118
14211,5326.539783
14212,5283.467435
14213,5255.574435
14214,6297.978382
14215,6280.434212
14216,6218.524149
14217,6216.072452
14218,6237.087409
14219,6198.302655
14220,5274.898801
14221,6292.583484
14222,5295.479143
14223,5212.116976
14224,6314.492019
14225,5321.071829
14226,5501.158206
14227,6284.11097
14228,6324.662105
14229,6439.702021
14230,6329.821819
14231,6345.907525
14232,5537.883587
14233,5473.409216
14234,6317.221138
14235,5569.028122
14236,6252.915135
14237,6355.117257
14238,5416.654225
14239,6221.374852
14240,6343.84094
14241,5583.376133
14242,5600.014787
14243,5563.881259
14244,6294.092945
14245,6257.494115
14246,6415.63717
14247,6287.735944
14248,5338.202968
14249,5528.448252
14250,5375.186236
14251,5444.401731
14252,5611.841636
14253,5476.907228
14254,5390.818157
14255,5507.056537
14256,5555.686055
14257,6271.051064
14258,5533.195916
14259,6385.105996
14260,5382.474866
14261,6263.898747
14262,6300.558849
14263,5502.986676
14264,6699.263895
14265,8191.826109
14266,8421.860396
14267,6896.584505
14268,6907.618264
14269,8247.833446
14270,6541.426252
14271,6502.322628
14272,8416.837545
14273,8445.120958
14274,8581.98044
14275,8221.493354
14276,7544.038631
14277,8391.873344
14278,7816.281868
14279,6524.415378
14280,7094.510308
14281,7342.530642
14282,7511.062525
14283,7140.183014
14284,8616.060209
14285,7991.522289
14286,6536.455459
14287,6502.72823
14288,7492.408276
14289,8018.518763
14290,6509.783825
14291,6557.321921
14292,8591.400019
14293,6937.902434
14294,8217.671077
14295,8048.77775
14296,7848.044857
14297,6708.202128
14298,6736.502963
14299,7293.145649
14300,8620.07425
14301,7108.111599
14302,7791.405193
14303,8019.335112
14304,7309.451315
14305,4375.003968
14306,5487.362592
14307,4236.350357
14308,4196.689302
14309,4197.656459
14310,5697.298991
14311,5469.986075
14312,5640.749958
14313,5317.781028
14314,5656.048037
14315,4220.121373
14316,5485.371505
14317,5655.372571
14318,5049.212855
14319,4217.602114
14320,4875.756949
14321,4542.460347
14322,4515.309791
14323,4703.943604
14324,5866.262747
14325,5026.451893
14326,5314.18323
14327,5825.806703
14328,5146.806441
14329,5809.77347
14330,5358.238405
14331,5125.179656
14332,4879.539608
14333,4361.207197
14334,4710.588619
14335,5143.113999
14336,4685.253208
14337,4346.029301
14338,5851.297507
14339,5527.961582
14340,4219.658793
14341,5046.991695
14342,5297.874281
14343,4532.223089
14344,4205.716788
14345,4855.734276
14346,3423.524429
14347,5110.903078
14348,4966.011931
14349,3907.681731
14350,5065.182278
14351,4943.00492
14352,5086.091088
14353,4820.455106
14354,4844.514636
14355,4739.59311
14356,4988.305442
14357,3648.785606
14358,5231.86905
14359,3783.637244
14360,4721.649891
14361,5071.357566
14362,4047.965346
14363,3408.552473
14364,3427.858928
14365,3659.69898
14366,3768.92261
14367,5186.829008
14368,3405.21579
14369,3648.282096
14370,5192.571128
14371,4950.117611
14372,3414.017471
14373,4864.333456
14374,3924.728618
14375,4012.113109
14376,3771.0605
14377,3536.400385
14378,3414.051167
14379,3406.30339
14380,4828.739746
14381,4697.859252
14382,3527.236271
14383,3890.226196
14384,3528.224074
14385,4031.221355
14386,5189.032613
14387,7432.385933
14388,7325.655065
14389,7469.708699
14390,6517.060829
14391,7374.470166
14392,6635.705102
14393,7536.785836
14394,7428.97634
14395,7484.735166
14396,7578.103973
14397,6621.662943
14398,6715.836147
14399,6732.176946
14400,6677.5185
14401,7379.417603
14402,6512.65365
14403,7524.295076
14404,6705.892705
14405,6566.796552
14406,7483.462132
14407,6623.348731
14408,7631.128232
14409,6702.135795
14410,7320.174072
14411,6688.405299
14412,6583.416268
14413,7419.635575
14414,6569.862733
14415,6732.695867
14416,6741.706261
14417,6677.069511
14418,6704.817119
14419,7473.312084
14420,6531.198784
14421,6805.035292
14422,6795.593147
14423,7365.926273
14424,7527.070365
14425,6710.250688
14426,7312.142498
14427,7317.656095
14428,3935.618022
14429,4477.302497
14430,3880.305394
14431,3907.661054
14432,3871.815203
14433,4497.970031
14434,4451.331684
14435,3978.850428
14436,3999.934989
14437,4398.272673
14438,3992.255382
14439,4502.07177
14440,4425.216226
14441,4316.546573
14442,4443.562338
14443,4471.096526
14444,3902.32218
14445,3883.10113
14446,4416.833514
14447,3973.426356
14448,4370.940064
14449,3951.34234
14450,4504.0659
14451,4343.764313
14452,3947.401901
14453,3963.9294
14454,3879.771556
14455,3892.989467
14456,3924.266696
14457,4397.724315
14458,4476.830189
14459,3897.763866
14460,3896.041272
14461,3879.390441
14462,3899.501361
14463,4450.800368
14464,4424.334804
14465,4524.228783
14466,4413.093779
14467,3921.702776
14468,4382.876029
14469,5201.362084
14470,5126.008969
14471,5266.495704
14472,4414.179992
14473,5239.980401
14474,5177.181443
14475,5207.59323
14476,5223.931178
14477,4569.300804
14478,4595.200637
14479,4390.596653
14480,4468.30885
14481,4490.983738
14482,5154.090204
14483,5147.945762
14484,4439.504747
14485,4461.763762
14486,4464.782595
14487,4440.56625
14488,5152.18795
14489,4526.803421
14490,4555.812871
14491,4534.906801
14492,5225.313262
14493,5190.613295
14494,4489.391735
14495,5249.626847
14496,5232.704779
14497,5186.387948
14498,5181.426842
14499,4408.326991
14500,5213.225321
14501,4543.026761
14502,4414.932616
14503,4434.645033
14504,5198.710733
14505,5173.503415
14506,4550.83001
14507,4497.216656
14508,4556.726926
14509,6167.958716
14510,5406.87002
14511,6163.332138
14512,6177.256159
14513,6250.688081
14514,5328.624869
14515,6227.618072
14516,6172.463046
14517,5400.010872
14518,5334.589003
14519,5331.454445
14520,5333.540979
14521,6245.781919
14522,5348.894203
14523,6182.664153
14524,6314.288054
14525,5364.703066
14526,5448.323751
14527,6162.612082
14528,6242.054573
14529,5294.359018
14530,5439.18958
14531,5325.185436
14532,6229.616336
14533,6176.76129
14534,5356.684144
14535,5355.368535
14536,5421.231159
14537,6234.970838
14538,6240.988054
14539,5348.755074
14540,6235.7106
14541,5429.959474
14542,6170.842563
14543,5341.30113
14544,5413.485796
14545,6156.069593
14546,6248.66506
14547,5343.342625
14548,5338.401004
14549,5362.756154
14550,6009.250402
14551,5537.754212
14552,5864.759187
14553,5812.145698
14554,7050.928986
14555,5448.384594
14556,5663.326553
14557,7139.444267
14558,6949.969388
14559,6859.06138
14560,5578.054816
14561,5723.155029
14562,5501.968315
14563,7002.117776
14564,5487.159439
14565,7148.218706
14566,7476.515827
14567,5674.639611
14568,5685.018588
14569,7235.266584
14570,5748.841073
14571,5762.090892
14572,5774.675319
14573,5470.745421
14574,7403.291111
14575,7040.374413
14576,5954.613283
14577,5834.909335
14578,5596.296142
14579,7129.561966
14580,7217.153017
14581,7227.90183
14582,7091.356901
14583,7408.70504
14584,7315.914597
14585,5508.722765
14586,7322.032527
14587,7265.621559
14588,5588.01921
14589,7179.233552
14590,5921.718205
14591,8758.597103
14592,10149.98483
14593,8752.128468
14594,8652.282196
14595,8817.859949
14596,8603.922807
14597,8705.324363
14598,8498.045352
14599,8494.68402
14600,9997.773675
14601,8651.864227
14602,10030.04902
14603,10143.0465
14604,8754.195574
14605,8701.324322
14606,10131.14344
14607,10080.65027
14608,10095.29009
14609,10047.0803
14610,8546.199307
14611,8597.652341
14612,8802.676337
14613,10131.40428
14614,8751.442259
14615,10079.30134
14616,9928.437999
14617,10199.39569
14618,9947.024981
14619,9936.215984
14620,10099.26049
14621,8649.110444
14622,8760.68412
14623,8701.442433
14624,10047.18058
14625,8555.619051
14626,10027.43613
14627,8598.677256
14628,9975.846092
14629,8547.322725
14630,9979.351826
14631,8772.907301
14632,9226.425817
14633,10047.4816
14634,8313.309105
14635,9787.774363
14636,10166.89361
14637,8927.252332
14638,9542.434573
14639,8696.297587
14640,8415.461625
14641,8853.065802
14642,9644.561688
14643,9207.446252
14644,9487.49189
14645,10068.15287
14646,9153.401178
14647,9743.805639
14648,8872.836253
14649,9329.024101
14650,8977.970125
14651,9507.177748
14652,9767.466378
14653,8572.064168
14654,9701.31952
14655,9260.172459
14656,9045.481421
14657,9886.370666
14658,8592.848411
14659,9606.042261
14660,8291.831353
14661,9134.695759
14662,9062.771927
14663,9325.776603
14664,9623.773531
14665,9610.25417
14666,9565.731396
14667,9416.650182
14668,9434.511927
14669,9174.910689
14670,9809.696109
14671,9891.45003
14672,7868.191458
14673,8387.001393
14674,7030.266513
14675,8204.620062
14676,6946.929321
14677,7594.24581
14678,6381.600695
14679,7364.174754
14680,8020.849789
14681,7879.152879
14682,8148.441341
14683,6583.047214
14684,7179.152775
14685,7835.781269
14686,7215.310968
14687,7129.859217
14688,6809.545704
14689,8063.080797
14690,6845.076437
14691,7399.698796
14692,6389.446503
14693,8051.35969
14694,6994.133813
14695,7649.938693
14696,7313.575541
14697,7778.796955
14698,7684.084368
14699,7963.703021
14700,6353.88426
14701,6283.848748
14702,8364.291633
14703,8332.645138
14704,6764.758882
14705,8290.852523
14706,6300.139954
14707,6660.272835
14708,8233.580611
14709,6625.633892
14710,6358.606519
14711,7695.118098
14712,6831.794393
14713,6310.078854
14714,6281.756904
14715,6724.824496
14716,6738.451981
14717,6749.764665
14718,6632.362577
14719,6876.643398
14720,6963.307346
14721,6473.706211
14722,6983.218153
14723,6528.115726
14724,6594.683796
14725,6175.250982
14726,6949.421454
14727,6616.920783
14728,6844.09266
14729,6069.684865
14730,6636.653796
14731,6157.556856
14732,6201.609424
14733,6686.024861
14734,6856.399981
14735,6939.127066
14736,6262.451985
14737,6094.06165
14738,6389.124235
14739,6769.583966
14740,7046.594899
14741,6580.367383
14742,6679.380094
14743,7089.254472
14744,6419.089615
14745,7054.661411
14746,6598.769308
14747,6643.335766
14748,6367.756087
14749,6687.611744
14750,6605.252765
14751,6497.078435
14752,7070.568988
14753,6904.659167
14754,6190.661325
14755,6165.925006
14756,6855.665806
14757,6092.530402
14758,6948.810036
14759,6143.135737
14760,6141.552711
14761,6830.935149
14762,6195.859501
14763,6920.838882
14764,6117.562786
14765,6202.434672
14766,6171.76616
14767,6198.047265
14768,6928.591422
14769,6951.751198
14770,6874.835373
14771,6159.955043
14772,6974.565663
14773,7023.110043
14774,6880.109119
14775,6237.306583
14776,6840.594877
14777,6124.768647
14778,6188.412521
14779,6897.822412
14780,6851.458338
14781,6999.308589
14782,6101.334599
14783,6879.703374
14784,6174.787227
14785,6220.433653
14786,6974.566142
14787,6117.163606
14788,6944.399497
14789,6159.361533
14790,6904.21401
14791,6170.25726
14792,6148.134342
14793,6215.624122
14794,10379.81668
14795,12328.49748
14796,11960.93316
14797,10498.32329
14798,11996.48905
14799,10404.71005
14800,12002.46249
14801,10592.34824
14802,10443.71105
14803,12235.55977
14804,10467.57423
14805,10652.1564
14806,12142.34712
14807,10470.23589
14808,12183.32736
14809,10682.01048
14810,12275.00221
14811,11718.18573
14812,11908.64606
14813,11772.12164
14814,11813.69985
14815,12094.86906
14816,11866.59005
14817,10871.9158
14818,10587.6049
14819,10776.93379
14820,12214.45447
14821,10423.31065
14822,10686.59124
14823,10559.4195
14824,10311.54984
14825,10385.38924
14826,10403.08043
14827,10493.97253
14828,10966.41281
14829,10560.7553
14830,12054.7249
14831,10518.16155
14832,11678.07535
14833,12090.45647
14834,12048.8736
14835,6100.035751
14836,7826.345525
14837,6454.28214
14838,8220.906806
14839,6073.656564
14840,8013.636668
14841,6637.575506
14842,6110.18253
14843,8190.482288
14844,6969.818719
14845,6809.305798
14846,6608.537338
14847,8224.057465
14848,6446.013928
14849,8039.399861
14850,6264.454086
14851,7672.562531
14852,6788.734115
14853,8195.003011
14854,8376.16026
14855,7856.41241
14856,6115.679949
14857,6628.160323
14858,7682.924837
14859,6991.710487
14860,8400.628849
14861,6251.15981
14862,8045.27437
14863,8372.148192
14864,6073.713643
14865,6271.390644
14866,8008.430582
14867,7832.182363
14868,7003.066352
14869,8362.273389
14870,7864.854123
14871,6820.701356
14872,6083.594776
14873,7644.669846
14874,6089.316604
14875,6429.370372
14876,5852.022514
14877,6266.277171
14878,6033.070585
14879,5989.178825
14880,4974.976325
14881,4949.069932
14882,4902.621701
14883,5747.913441
14884,4810.87489
14885,5115.686081
14886,4760.634148
14887,6174.379431
14888,4330.18221
14889,5087.769597
14890,6127.764164
14891,4324.477997
14892,6314.042644
14893,6096.782217
14894,4619.346915
14895,4479.225984
14896,4481.552038
14897,5992.186135
14898,5677.051916
14899,4343.759692
14900,4619.769042
14901,4367.745253
14902,4535.226247
14903,4397.302739
14904,6322.665514
14905,5818.322143
14906,5712.067008
14907,6132.10857
14908,4313.867853
14909,4673.012671
14910,5958.303685
14911,5890.628955
14912,5044.58882
14913,5850.355535
14914,6271.469842
14915,4340.356936
14916,4758.733463
14917,5345.807164
14918,4751.385956
14919,5205.277466
14920,4721.018618
14921,4876.733927
14922,4819.042085
14923,5240.724232
14924,5238.816666
14925,4770.497148
14926,4810.259608
14927,4837.993446
14928,4830.18373
14929,5296.849295
14930,5185.835357
14931,5294.160558
14932,5312.978901
14933,4756.816496
14934,5278.354056
14935,5259.720114
14936,4737.730337
14937,4770.205535
14938,5224.417003
14939,4790.459001
14940,4800.213474
14941,5285.592098
14942,4857.212968
14943,5275.758573
14944,4777.102713
14945,5287.075621
14946,4790.369865
14947,5326.716654
14948,4770.707449
14949,5257.414729
14950,5266.463186
14951,4714.068214
14952,5307.135334
14953,4832.974839
14954,4811.378205
14955,5221.23839
14956,4854.764261
14957,9407.202603
14958,10585.01101
14959,9989.01457
14960,10592.82851
14961,8496.025808
14962,9104.005076
14963,8797.66409
14964,9705.698702
14965,9671.806314
14966,9677.064467
14967,10023.88799
14968,9099.680761
14969,9976.298755
14970,9710.552793
14971,9044.544083
14972,10290.94935
14973,10281.6661
14974,8762.261248
14975,9064.235953
14976,9375.134649
14977,9943.473482
14978,10009.56045
14979,9948.90095
14980,9064.585182
14981,9677.312667
14982,9937.724815
14983,8759.875154
14984,10013.93133
14985,9720.630384
14986,10326.43156
14987,10017.92246
14988,9686.740215
14989,9370.30751
14990,9402.343528
14991,9940.05856
14992,9949.609195
14993,9383.916149
14994,9984.116526
14995,9979.120919
14996,9367.798013
14997,9416.7022
14998,4796.883971
14999,4949.32013
15000,4966.966605
15001,4813.409593
15002,4308.411127
15003,4931.593824
15004,4447.887921
15005,4504.564794
15006,4543.946861
15007,4358.517857
15008,4417.83396
15009,4465.980899
15010,4325.839009
15011,4795.164985
15012,4325.57496
15013,4936.770052
15014,4758.036111
15015,4403.989023
15016,4484.944073
15017,4777.018952
15018,4376.069213
15019,4815.512444
15020,4929.243036
15021,4913.814512
15022,4362.748364
15023,4756.546983
15024,4406.322966
15025,4524.415419
15026,4341.700586
15027,4918.110752
15028,4739.914601
15029,4969.967632
15030,4382.011635
15031,4430.917787
15032,4776.594646
15033,4465.386664
15034,4954.057625
15035,4832.617273
15036,4343.960327
15037,4408.910815
15038,4309.888478
15039,7513.577076
15040,6951.011103
15041,7002.340881
15042,6988.640157
15043,6982.124278
15044,6940.269587
15045,7728.292884
15046,7731.70737
15047,7725.011417
15048,6954.98185
15049,7703.750091
15050,6991.849789
15051,7760.956195
15052,7514.713069
15053,7697.24621
15054,7515.137384
15055,6959.638106
15056,6975.070004
15057,6984.987677
15058,7697.626018
15059,7010.005914
15060,7706.931925
15061,6983.26159
15062,7735.219815
15063,7699.97629
15064,6795.148713
15065,7688.756129
15066,6980.27574
15067,6981.375829
15068,7018.129061
15069,6996.123985
15070,7701.444514
15071,7699.44713
15072,7511.046544
15073,7506.851705
15074,6947.9616
15075,7693.885178
15076,6793.687884
15077,6920.563726
15078,6985.358464
15079,7025.645354
15080,3579.040911
15081,3677.692711
15082,3471.61395
15083,2894.306534
15084,2976.258234
15085,3826.193531
15086,3542.160769
15087,3743.93013
15088,3061.969043
15089,3401.88106
15090,3202.890288
15091,3421.024437
15092,2896.255405
15093,3359.125111
15094,3099.954231
15095,3844.727846
15096,3160.243847
15097,2876.080222
15098,3077.188513
15099,3408.147234
15100,3643.043805
15101,3521.9397
15102,3575.033326
15103,3724.936709
15104,3878.634627
15105,2913.681075
15106,3259.277006
15107,3679.224054
15108,2865.73683
15109,2919.897836
15110,2866.664732
15111,3623.392897
15112,3778.986739
15113,2964.21494
15114,3815.002833
15115,3178.827167
15116,2997.612659
15117,3305.833564
15118,3777.965864
15119,3299.62936
15120,3477.506796
15121,5759.632995
15122,4427.103487
15123,5627.036433
15124,5862.311066
15125,4558.033241
15126,4367.401805
15127,5549.54693
15128,4265.747062
15129,5494.119931
15130,5729.241632
15131,4228.579015
15132,5461.006174
15133,5809.590584
15134,4822.864878
15135,4502.006695
15136,4254.511465
15137,4334.088361
15138,4202.111165
15139,4769.342183
15140,5891.920707
15141,5547.432805
15142,4233.839455
15143,5413.783412
15144,5326.908269
15145,5679.374509
15146,5595.333093
15147,4772.171441
15148,5826.185503
15149,4180.131982
15150,4637.174842
15151,5682.571918
15152,4466.753029
15153,4296.949407
15154,4906.238551
15155,4689.969148
15156,5278.912051
15157,4167.188125
15158,4635.26223
15159,5813.578316
15160,5414.740212
15161,4600.150795
15162,8513.503129
15163,8080.79337
15164,8270.761885
15165,8185.778935
15166,8526.828094
15167,6729.280938
15168,8149.124965
15169,6098.962457
15170,6274.363094
15171,6768.410136
15172,6657.666383
15173,8406.585567
15174,6071.986483
15175,6038.963043
15176,6437.649022
15177,8304.568298
15178,6385.517286
15179,8382.027083
15180,6105.673006
15181,6331.317959
15182,6285.728207
15183,8158.737916
15184,8676.856316
15185,6879.634439
15186,8037.850587
15187,8259.810726
15188,6395.872426
15189,8192.727179
15190,8046.193982
15191,7933.520662
15192,6506.470767
15193,6547.44964
15194,8415.989394
15195,6253.710075
15196,6167.002268
15197,7926.093962
15198,6721.627177
15199,6617.624639
15200,6609.41698
15201,8296.321883
15202,6497.273685
15203,6295.265406
15204,6947.483074
15205,6892.521996
15206,6219.574338
15207,7018.155088
15208,6234.231782
15209,6380.638221
15210,6243.840969
15211,7207.458194
15212,6443.436438
15213,6333.987277
15214,6281.569881
15215,6145.644136
15216,7035.389664
15217,6162.633108
15218,7071.345608
15219,6820.001361
15220,6307.068119
15221,7097.436463
15222,6343.824062
15223,6856.470493
15224,6252.979412
15225,7088.461345
15226,6215.332132
15227,7134.820367
15228,6371.177152
15229,7141.746666
15230,6407.154966
15231,7053.146391
15232,7010.239849
15233,6983.049309
15234,7171.495343
15235,6299.583244
15236,6335.389781
15237,6183.168634
15238,6256.994072
15239,6270.516689
15240,7106.695367
15241,6903.099968
15242,6998.66957
15243,6074.85866
15244,5314.104345
15245,5140.87887
15246,6085.896405
15247,6027.263468
15248,6135.571358
15249,6028.227211
15250,5069.657314
15251,5112.37214
15252,6132.02058
15253,6039.677079
15254,5236.763019
15255,5082.511514
15256,6089.426161
15257,5901.64225
15258,5995.812977
15259,5854.107662
15260,5032.500319
15261,5993.10042
15262,5011.734901
15263,6122.049299
15264,5334.396162
15265,6168.811326
15266,5285.581629
15267,5219.410222
15268,5232.796427
15269,5281.37991
15270,5136.654472
15271,6181.791978
15272,5126.511138
15273,5184.433338
15274,5089.601288
15275,5806.039891
15276,6042.927333
15277,6049.516026
15278,5188.420824
15279,5091.664514
15280,5266.476332
15281,5946.041934
15282,5172.834005
15283,8704.619988
15284,8707.556443
15285,8549.288352
15286,9920.63896
15287,9590.081083
15288,10000.23655
15289,9840.391188
15290,9683.541415
15291,8773.457386
15292,9747.486573
15293,9982.644713
15294,9536.809712
15295,8676.276974
15296,8625.825317
15297,9747.619913
15298,9825.626682
15299,9038.326104
15300,8880.982903
15301,8627.988386
15302,10079.11487
15303,9520.464888
15304,9904.784721
15305,9457.304345
15306,9377.52382
15307,8787.888481
15308,9903.716754
15309,9826.52446
15310,8802.566775
15311,8715.489737
15312,9667.98164
15313,8783.866037
15314,8563.605077
15315,9669.017071
15316,8597.69792
15317,8724.058838
15318,8943.495673
15319,8863.545504
15320,8731.639113
15321,8868.67472
15322,8959.521367
15323,9341.27209
15324,10531.86312
15325,10472.72527
15326,10494.69099
15327,9334.146792
15328,10561.99433
15329,9335.135759
15330,9323.183117
15331,9338.644199
15332,10465.38659
15333,10559.86852
15334,10490.59331
15335,9415.124777
15336,10467.71643
15337,9322.955408
15338,10501.02903
15339,9344.278333
15340,9411.805376
15341,10463.62335
15342,10502.44578
15343,9328.713897
15344,9398.961746
15345,10498.34165
15346,10530.17036
15347,9408.45804
15348,9336.599081
15349,10470.26179
15350,9348.032397
15351,10561.53197
15352,9324.487904
15353,10557.1239
15354,10469.62779
15355,9404.91162
15356,10535.29122
15357,9323.909929
15358,10533.5642
15359,9401.63037
15360,9397.058888
15361,9363.149815
15362,9322.452604
15363,9326.59421
15364,12016.55251
15365,9956.649434
15366,12632.08498
15367,11131.01804
15368,11409.67647
15369,12030.3484
15370,12609.84963
15371,10832.27511
15372,11420.7626
15373,12344.84126
15374,10868.94758
15375,12320.69012
15376,11766.85101
15377,12056.3808
15378,11726.31654
15379,12887.19802
15380,9950.434431
15381,9950.407482
15382,12307.11255
15383,11448.74755
15384,9944.908002
15385,12897.56571
15386,10840.99046
15387,9962.386316
15388,10523.30073
15389,12043.84225
15390,10550.9833
15391,11159.23216
15392,11120.6369
15393,11739.35027
15394,10287.93679
15395,12912.48602
15396,10261.23749
15397,10236.56372
15398,9998.052035
15399,12597.46637
15400,12333.76623
15401,10006.44087
15402,12623.37302
15403,12864.401
15404,10578.35849
15405,5743.460184
15406,5513.445331
15407,4556.445763
15408,5947.242449
15409,0
15410,0
15411,0
15412,0
15413,0
15414,0
15415,0
15416,0
15417,0
15418,0
15419,0
15420,0
15421,0
15422,0
15423,0
15424,0
15425,0
15426,0
15427,0
15428,0
15429,0
15430,0
15431,0
15432,0
15433,0
15434,0
15435,0
15436,0
15437,0
15438,0
15439,0
15440,0
15441,0
15442,0
15443,0
15444,0
15445,0
15446,0
15447,0
15448,0
15449,0
15450,0
15451,0
15452,0
15453,0
15454,0
15455,0
15456,0
15457,0
15458,0
15459,0
15460,0
15461,0
15462,0
15463,0
15464,0
15465,0
15466,0
15467,0
15468,0
15469,0
15470,0
15471,0
15472,0
15473,0
15474,0
15475,0
15476,0
15477,0
15478,0
15479,0
15480,0
15481,0
15482,0
15483,0
15484,0
15485,0
15486,0
15487,0
15488,0
15489,0
15490,0
15491,0
15492,0
15493,0
15494,0
15495,0
15496,0
15497,0
15498,0
15499,0
15500,5957.075396
15501,0
15502,0
15503,0
15504,0
15505,0
15506,0
15507,0
15508,0
15509,0
15510,0
15511,0
15512,0
15513,0
15514,0
15515,0
15516,0
15517,0
15518,0
15519,0
15520,0
15521,0
15522,0
15523,0
15524,0
15525,0
15526,0
15527,0
15528,0
15529,0
15530,0
15531,0
15532,0
15533,0
15534,0
15535,0
15536,0
15537,0
15538,0
15539,0
15540,0
15541,0
15542,0
15543,0
15544,0
15545,0
15546,0
15547,0
15548,0
15549,0
15550,0
15551,0
15552,0
15553,0
15554,0
15555,0
15556,0
15557,0
15558,0
15559,0
15560,0
15561,0
15562,0
15563,0
15564,0
15565,0
15566,0
15567,0
15568,5286.962067
15569,0
15570,0
15571,0
15572,0
15573,0
15574,0
15575,0
15576,0
15577,0
15578,0
15579,0
15580,0
15581,0
15582,0
15583,0
15584,0
15585,0
15586,0
15587,0
15588,0
15589,0
15590,0
15591,0
15592,0
15593,0
15594,0
15595,0
15596,0
15597,0
15598,0
15599,0
15600,0
15601,0
15602,0
15603,0
15604,0
15605,0
15606,0
15607,0
15608,0
15609,5922.959728
15610,6636.278376
15611,0
15612,0
15613,0
15614,0
15615,0
15616,0
15617,0
15618,6840.552566
15619,0
15620,0
15621,0
15622,0
15623,0
15624,0
15625,0
15626,0
15627,0
15628,0
15629,0
15630,0
15631,0
15632,0
15633,0
15634,0
15635,0
15636,0
15637,5718.108442
15638,0
15639,0
15640,0
15641,0
15642,0
15643,0
15644,0
15645,0
15646,0
15647,4336.89405
15648,0
15649,0
15650,0
15651,0
15652,0
15653,0
15654,0
15655,0
15656,0
15657,0
15658,0
15659,0
15660,0
15661,0
15662,0
15663,0
15664,0
15665,4547.86129
15666,0
15667,0
15668,0
15669,0
15670,0
15671,0
15672,0
15673,0
15674,0
15675,0
15676,0
15677,0
15678,0
15679,0
15680,0
15681,0
15682,6174.786667
15683,0
15684,0
15685,0
15686,0
15687,0
15688,0
15689,0
15690,0
15691,0
15692,0
15693,0
15694,0
15695,0
15696,0
15697,0
15698,0
15699,0
15700,0
15701,0
15702,0
15703,0
15704,0
15705,0
15706,0
15707,0
15708,0
15709,0
15710,0
15711,0
15712,0
15713,0
15714,0
15715,0
15716,0
15717,0
15718,0
15719,0
15720,0
15721,0
15722,0
15723,0
15724,0
15725,0
15726,0
15727,0
15728,0
15729,0
15730,0
15731,0
15732,0
15733,0
15734,0
15735,0
15736,0
15737,0
15738,0
15739,0
15740,0
15741,0
15742,0
15743,0
15744,5746.427316
15745,0
15746,0
15747,0
15748,0
15749,0
15750,0
15751,0
15752,0
15753,0
15754,0
15755,0
15756,0
15757,0
15758,4567.67462
15759,0
15760,0
15761,0
15762,0
15763,0
15764,0
15765,0
15766,0
15767,0
15768,0
15769,0
15770,0
15771,0
15772,0
15773,0
15774,0
15775,0
15776,0
15777,0
15778,0
15779,0
15780,0
15781,0
15782,0
15783,0
15784,0
15785,0
15786,0
15787,0
15788,0
15789,0
15790,0
15791,0
15792,0
15793,0
15794,0
15795,0
15796,0
15797,0
15798,0
15799,0
15800,0
15801,4554.223671
15802,0
15803,0
15804,0
15805,0
15806,0
15807,0
15808,0
15809,0
15810,0
15811,6381.718382
15812,0
15813,0
15814,0
15815,6400.619679
15816,0
15817,0
15818,0
15819,0
15820,0
15821,0
15822,0
15823,0
15824,0
15825,0
15826,0
15827,0
15828,0
15829,0
15830,0
15831,0
15832,0
15833,0
15834,0
15835,0
15836,0
15837,0
15838,0
15839,0
15840,0
15841,0
15842,4351.348482
15843,0
15844,0
15845,0
15846,0
15847,0
15848,0
15849,0
15850,0
15851,0
15852,0
15853,0
15854,0
15855,0
15856,5503.455097
15857,0
15858,0
15859,0
15860,0
15861,0
15862,0
15863,0
15864,0
15865,0
15866,0
15867,0
15868,0
15869,0
15870,0
15871,0
15872,0
15873,0
15874,0
15875,0
15876,0
15877,0
15878,0
15879,0
15880,0
15881,0
15882,0
15883,0
15884,0
15885,0
15886,0
15887,0
15888,0
15889,0
15890,0
15891,0
15892,0
15893,0
15894,0
15895,0
15896,0
15897,0
15898,0
15899,0
15900,0
15901,0
15902,0
15903,0
15904,0
15905,0
15906,0
15907,0
15908,0
15909,0
15910,0
15911,0
15912,0
15913,0
15914,0
15915,0
15916,0
15917,0
15918,0
15919,0
15920,0
15921,0
15922,0
15923,0
15924,0
15925,0
15926,0
15927,0
15928,0
15929,0
15930,0
15931,6611.400703
15932,0
15933,0
15934,0
15935,0
15936,0
15937,0
15938,0
15939,0
15940,0
15941,0
15942,0
15943,0
15944,0
15945,0
15946,0
15947,0
15948,0
15949,0
15950,0
15951,0
15952,0
15953,0
15954,0
15955,0
15956,0
15957,0
15958,0
15959,0
15960,0
15961,0
15962,0
15963,0
15964,0
15965,0
15966,0
15967,0
15968,0
15969,0
15970,0
15971,0
15972,0
15973,0
15974,0
15975,6151.862151
15976,4321.400867
15977,0
15978,0
15979,0
15980,0
15981,0
15982,0
15983,0
15984,0
15985,0
15986,0
15987,0
15988,0
15989,0
15990,0
15991,0
15992,0
15993,0
15994,0
15995,0
15996,0
15997,0
15998,0
15999,0
16000,0
16001,0
16002,0
16003,0
16004,5729.894548
16005,0
16006,0
16007,0
16008,0
16009,0
16010,0
16011,0
16012,0
16013,0
16014,0
16015,0
16016,0
16017,0
16018,0
16019,0
16020,0
16021,0
16022,0
16023,0
16024,0
16025,0
16026,0
16027,0
16028,0
16029,0
16030,0
16031,0
16032,0
16033,0
16034,0
16035,0
16036,0
16037,0
16038,0
16039,0
16040,0
16041,0
16042,0
16043,0
16044,0
16045,0
16046,0
16047,0
16048,0
16049,0
16050,0
16051,0
16052,0
16053,0
16054,0
16055,0
16056,0
16057,0
16058,0
16059,0
16060,0
16061,0
16062,0
16063,0
16064,0
16065,0
16066,0
16067,0
16068,0
16069,0
16070,0
16071,0
16072,0
16073,0
16074,6177.452354
16075,0
16076,0
16077,0
16078,4825.603277
16079,0
16080,0
16081,0
16082,0
16083,0
16084,0
16085,0
16086,0
16087,0
16088,0
16089,0
16090,0
16091,0
16092,0
16093,0
16094,0
16095,0
16096,0
16097,0
16098,0
16099,0
16100,0
16101,0
16102,0
16103,0
16104,0
16105,0
16106,0
16107,0
16108,0
16109,0
16110,0
16111,0
16112,0
16113,0
16114,0
16115,0
16116,0
16117,0
16118,0
16119,0
16120,0
16121,0
16122,0
16123,0
16124,0
16125,0
16126,0
16127,0
16128,0
16129,5054.06841
16130,0
16131,0
16132,0
16133,0
16134,0
16135,0
16136,0
16137,0
16138,0
16139,0
16140,0
16141,0
16142,0
16143,0
16144,4381.572356
16145,0
16146,0
16147,0
16148,0
16149,0
16150,0
16151,0
16152,0
16153,0
16154,0
16155,0
16156,0
16157,0
16158,0
16159,0
16160,0
16161,0
16162,0
16163,0
16164,0
16165,0
16166,0
16167,0
16168,0
16169,0
16170,0
16171,0
16172,0
16173,0
16174,0
16175,0
16176,0
16177,0
16178,0
16179,0
16180,0
16181,0
16182,0
16183,0
16184,0
16185,0
16186,0
16187,0
16188,0
16189,0
16190,0
16191,0
16192,0
16193,0
16194,0
16195,0
16196,0
16197,0
16198,0
16199,0
16200,0
16201,0
16202,0
16203,0
16204,0
16205,0
16206,0
16207,0
16208,5922.509143
16209,0
16210,0
16211,0
16212,0
16213,0
16214,0
16215,0
16216,0
16217,0
16218,0
16219,0
16220,0
16221,0
16222,0
16223,0
16224,0
16225,0
16226,0
16227,0
16228,0
16229,0
16230,0
16231,0
16232,0
16233,0
16234,0
16235,0
16236,0
16237,0
16238,0
16239,0
16240,0
16241,0
16242,0
16243,0
16244,0
16245,0
16246,0
16247,0
16248,0
16249,5946.119156
16250,4579.965968
16251,0
16252,0
16253,0
16254,0
16255,0
16256,0
16257,0
16258,0
16259,0
16260,0
16261,0
16262,0
16263,0
16264,0
16265,5517.254602
16266,6862.805049
16267,4367.092195
16268,6152.03565
16269,6609.519336
16270,4326.418566
16271,6380.952603
16272,5973.117972
16273,4595.790325
16274,5277.712618
16275,4612.093031
16276,6407.735444
16277,6569.331461
16278,4331.38333
16279,5056.183381
16280,5052.452137
16281,5283.521499
16282,9706.475284
16283,10126.66225
16284,10741.30349
16285,11519.16115
16286,11117.5652
16287,10213.43526
16288,10114.61486
16289,11281.62343
16290,10723.46128
16291,11624.81902
16292,10503.17701
16293,9858.016339
16294,9871.299285
16295,11010.32734
16296,11371.27367
16297,9602.472393
16298,10756.65837
16299,10863.61221
16300,10752.07358
16301,10940.51242
16302,10725.36108
16303,9616.88628
16304,10496.72511
16305,11264.44729
16306,10725.98762
16307,10775.192
16308,11028.30651
16309,10820.59496
16310,10371.58552
16311,11535.35572
16312,10638.50624
16313,10521.99951
16314,9959.559221
16315,10468.1501
16316,10382.57282
16317,11195.03701
16318,10685.8797
16319,10830.16524
16320,10589.75621
16321,10628.13985
16322,3008.41373
16323,3720.728453
16324,2677.250289
16325,3240.940608
16326,3177.263105
16327,3011.984839
16328,3112.872395
16329,3000.994209
16330,3337.192308
16331,3263.062263
16332,3286.422166
16333,3221.509438
16334,3452.442029
16335,3624.422342
16336,2889.877773
16337,2671.011519
16338,3063.722287
16339,2783.732397
16340,3376.920139
16341,3513.424463
16342,3491.717974
16343,3400.653081
16344,2669.08335
16345,3566.230848
16346,2897.477674
16347,3717.730413
16348,3608.553225
16349,2663.107713
16350,3606.594125
16351,2688.545318
16352,3225.447783
16353,3495.037724
16354,3721.296551
16355,2684.094733
16356,2781.661444
16357,3381.098037
16358,3126.711911
16359,2669.274551
16360,2894.854147
16361,3678.004298
16362,2779.384987
16363,4900.342471
16364,5986.854377
16365,6111.557254
16366,5080.197333
16367,5119.418088
16368,5862.22857
16369,4615.988112
16370,5147.38878
16371,5200.955376
16372,5751.006301
16373,5064.224807
16374,5165.090324
16375,5903.172358
16376,5693.754364
16377,5249.644451
16378,5778.553187
16379,4648.61117
16380,5732.328386
16381,5038.828303
16382,5917.153217
16383,5997.922264
16384,6167.552282
16385,4995.740545
16386,5834.794588
16387,4912.315334
16388,6029.248435
16389,5231.141442
16390,4664.470839
16391,5946.008006
16392,4637.804616
16393,5775.740888
16394,4981.885963
16395,4635.678793
16396,5818.047517
16397,5857.322892
16398,4697.74087
16399,5283.403109
16400,5938.645856
16401,6068.664097
16402,4958.932554
16403,4601.138388
16404,6124.338146
16405,7294.892753
16406,6968.181323
16407,7052.027222
16408,6428.641895
16409,7309.195785
16410,6526.729296
16411,6294.553642
16412,6232.556315
16413,7380.267512
16414,7268.346859
16415,6252.660421
16416,6144.660496
16417,7094.338544
16418,6467.797354
16419,6501.67365
16420,7223.969364
16421,6209.186236
16422,7121.792851
16423,6555.444158
16424,7053.913392
16425,6955.516767
16426,6501.039383
16427,7006.84264
16428,6380.748839
16429,6966.042204
16430,6051.15436
16431,7139.055887
16432,7208.773977
16433,6321.67876
16434,7306.730568
16435,6340.526256
16436,6516.529822
16437,6137.377174
16438,6058.254533
16439,7181.606746
16440,6571.850338
16441,6543.146054
16442,7137.225334
16443,7221.975229
16444,6411.415178
16445,4266.086568
16446,4382.521353
16447,4979.050794
16448,4128.11335
16449,4422.1673
16450,4418.818622
16451,5149.14631
16452,5110.879067
16453,4422.661887
16454,4241.600723
16455,4898.332514
16456,5186.139662
16457,4170.002578
16458,4884.442455
16459,4095.470701
16460,4237.09261
16461,5100.801893
16462,4196.804966
16463,5218.849486
16464,5048.316911
16465,5181.526338
16466,4099.20674
16467,4909.044886
16468,4407.603249
16469,5028.717894
16470,4903.782108
16471,5007.425493
16472,4956.485054
16473,4969.448584
16474,4443.295022
16475,5117.193941
16476,4309.524156
16477,4336.324
16478,5078.699849
16479,4386.477054
16480,4165.675789
16481,5040.262998
16482,4313.865311
16483,4433.073576
16484,4454.97213
16485,4419.086766
16486,8599.615194
16487,9381.604218
16488,8560.691709
16489,8814.594497
16490,9178.717616
16491,8226.172901
16492,8709.859923
16493,9464.175581
16494,9214.025644
16495,9031.393745
16496,9101.693042
16497,8029.476229
16498,8383.064686
16499,8882.7941
16500,8945.27486
16501,9122.792152
16502,8446.46435
16503,8929.659391
16504,9432.433838
16505,8490.683606
16506,9320.636381
16507,8664.300156
16508,8525.349751
16509,8007.096659
16510,9287.062162
16511,9598.854963
16512,8816.987585
16513,9035.213296
16514,9108.211441
16515,8778.298604
16516,8597.165179
16517,9207.553842
16518,8246.2951
16519,8888.234412
16520,8996.037327
16521,9254.027247
16522,8667.413404
16523,8167.01738
16524,9163.74749
16525,9247.812427
16526,9149.479896
16527,4839.40994
16528,4655.008462
16529,5342.527975
16530,5158.82208
16531,5706.813056
16532,4475.744924
16533,5713.037334
16534,5532.245688
16535,4103.338656
16536,5167.31682
16537,4835.350288
16538,3927.625262
16539,5885.354086
16540,5160.606203
16541,4282.064058
16542,3943.652854
16543,5524.390915
16544,3918.291482
16545,5885.275492
16546,4658.687949
16547,5705.440204
16548,3918.69484
16549,5697.874436
16550,3929.858345
16551,4105.225837
16552,4831.23728
16553,4297.642803
16554,5348.240033
16555,5902.201911
16556,5339.872296
16557,5892.117942
16558,5527.857519
16559,4120.43518
16560,5350.082402
16561,5519.593234
16562,3924.939847
16563,4285.943983
16564,4649.628367
16565,4467.61287
16566,4461.439772
16567,3925.707211
16568,5047.211492
16569,5553.648779
16570,5707.430078
16571,5575.902009
16572,5235.302596
16573,5161.510281
16574,5039.108077
16575,4985.411097
16576,5616.540172
16577,5727.133311
16578,5583.305832
16579,5667.625451
16580,5490.356668
16581,5364.702283
16582,5079.104286
16583,5063.198277
16584,5544.216457
16585,5521.076507
16586,4921.662925
16587,5638.053355
16588,4982.992243
16589,4921.035716
16590,5066.180654
16591,5172.320615
16592,5109.542298
16593,5017.106743
16594,5645.455295
16595,4944.327091
16596,5099.750123
16597,5606.621944
16598,5025.598598
16599,5615.777441
16600,4979.628047
16601,5698.523613
16602,5205.478203
16603,5141.974707
16604,5332.260031
16605,5269.117744
16606,5512.417625
16607,5427.170569
16608,5448.296698
16609,9059.611461
16610,9846.93196
16611,7600.91354
16612,9411.260889
16613,9463.233514
16614,7800.770285
16615,7393.74594
16616,7599.017822
16617,8397.216611
16618,7834.882419
16619,7416.825954
16620,8003.137104
16621,9662.670389
16622,9241.462904
16623,7397.957502
16624,8433.793744
16625,9645.195727
16626,8038.488833
16627,9659.781553
16628,8230.96788
16629,9262.171891
16630,9007.309731
16631,7798.927551
16632,7631.809586
16633,9254.031754
16634,7443.306648
16635,9822.088283
16636,7402.929972
16637,9816.205022
16638,9049.664552
16639,9208.932847
16640,7429.624314
16641,9860.103964
16642,9443.316789
16643,9457.643103
16644,7997.41553
16645,8242.072541
16646,8196.778675
16647,7407.472331
16648,8445.0061
16649,9613.833115
16650,10561.12852
16651,12199.24102
16652,9891.09419
16653,9458.764365
16654,11898.85213
16655,11691.31864
16656,10117.22288
16657,11448.39634
16658,10035.2361
16659,9450.49336
16660,11751.89509
16661,11673.26072
16662,11976.14764
16663,9438.068652
16664,9808.759285
16665,9440.494956
16666,11917.72238
16667,12142.95363
16668,10569.83406
16669,12350.60452
16670,11464.2284
16671,9670.057847
16672,9892.049069
16673,9595.379086
16674,11526.56602
16675,12040.56083
16676,12366.78413
16677,9665.458685
16678,10337.41341
16679,12491.65015
16680,10261.98524
16681,9582.928823
16682,11814.95267
16683,9448.169464
16684,10488.53265
16685,10114.42216
16686,12124.77108
16687,10714.4092
16688,12266.20508
16689,10343.5803
16690,12356.4177
16691,10039.88808
16692,9597.582375
16693,9661.350435
16694,8059.617755
16695,9803.488271
16696,8762.342156
16697,9470.567579
16698,8058.937336
16699,8826.551565
16700,9851.126065
16701,9787.559074
16702,8436.992496
16703,8673.284866
16704,9990.942688
16705,8762.291066
16706,9978.313164
16707,9408.216523
16708,8862.535833
16709,9219.209743
16710,9237.782504
16711,8771.589584
16712,8771.437459
16713,8820.917981
16714,8782.177439
16715,9615.762489
16716,9393.663953
16717,9427.285779
16718,8109.525199
16719,9014.450744
16720,8627.036347
16721,8484.874305
16722,9583.717812
16723,9203.898637
16724,8247.85641
16725,8250.009206
16726,8634.330453
16727,8806.025233
16728,9230.750238
16729,8441.963957
16730,8817.792817
16731,8297.092947
16732,5183.855013
16733,5863.887785
16734,5830.516302
16735,5842.593607
16736,5839.838278
16737,5844.131596
16738,5859.66398
16739,5137.590736
16740,5177.575573
16741,5855.733222
16742,5821.81675
16743,5871.623734
16744,5131.691928
16745,5117.924781
16746,5219.439259
16747,5205.358695
16748,5201.194751
16749,5115.404757
16750,5170.759679
16751,5943.431675
16752,5826.694389
16753,5123.960895
16754,5078.048661
16755,5170.940958
16756,5833.035574
16757,5171.411655
16758,5197.706125
16759,5210.034174
16760,5952.556054
16761,5949.734892
16762,5835.91864
16763,5120.735593
16764,5095.970897
16765,5214.876539
16766,5946.71146
16767,5127.646205
16768,5172.54039
16769,5174.580967
16770,5928.410742
16771,5867.977801
16772,5816.359158
16773,5530.454503
16774,5623.577845
16775,4214.074697
16776,4716.133885
16777,3995.13345
16778,5839.250858
16779,5562.794471
16780,5240.999493
16781,5748.417025
16782,4541.976885
16783,5515.425587
16784,5331.633852
16785,3997.50008
16786,5349.556947
16787,4003.292499
16788,5407.545159
16789,5657.41144
16790,4323.429846
16791,5653.565249
16792,5855.24154
16793,4502.384678
16794,4611.89821
16795,4014.168436
16796,4432.917986
16797,4011.107888
16798,5640.039648
16799,5420.289721
16800,5456.872663
16801,4105.334809
16802,4395.543313
16803,4000.30079
16804,4608.945988
16805,5546.35216
16806,4396.54084
16807,4288.226229
16808,5731.612859
16809,4720.59338
16810,3993.415949
16811,5439.035017
16812,4503.466956
16813,4291.323923
16814,9141.292033
16815,6868.690897
16816,7877.306167
16817,9184.603799
16818,9383.965833
16819,7271.978612
16820,8007.646251
16821,8112.930218
16822,6886.33819
16823,8207.385729
16824,8865.719446
16825,9262.069203
16826,8666.846299
16827,7121.982803
16828,6918.329157
16829,9676.744269
16830,9782.674832
16831,6687.056173
16832,8526.970311
16833,8712.470457
16834,8512.822461
16835,8602.185846
16836,6849.343425
16837,9476.098295
16838,6802.393659
16839,7676.257965
16840,8076.993761
16841,6719.535148
16842,6920.165425
16843,6754.248017
16844,10072.98556
16845,9875.731924
16846,7474.285176
16847,9341.938147
16848,9064.142467
16849,7004.968159
16850,8312.89994
16851,7048.884516
16852,7069.94867
16853,8738.34199
16854,6954.089688
16855,9274.189225
16856,9583.370205
16857,8536.990639
16858,8405.552987
16859,9981.744396
16860,8939.936935
16861,8467.645975
16862,8583.474634
16863,9061.227411
16864,8489.730655
16865,8372.85484
16866,7725.466853
16867,7316.625971
16868,7931.316411
16869,7560.111889
16870,8658.240732
16871,8893.880751
16872,7876.590627
16873,8068.756968
16874,7827.347574
16875,8156.0505
16876,7964.974414
16877,8468.768176
16878,8097.501665
16879,8725.095332
16880,8749.646573
16881,8555.189892
16882,8415.893354
16883,7656.053349
16884,8057.732848
16885,7710.68979
16886,8188.607774
16887,8224.966157
16888,8431.264146
16889,8246.975901
16890,8041.945854
16891,8320.596077
16892,7990.377983
16893,7771.975774
16894,8442.39619
16895,8914.68895
16896,8264.115305
16897,7891.25343
16898,8322.387002
16899,7998.587082
16900,8207.220888
16901,7485.588638
16902,8335.040538
16903,6525.132069
16904,6701.851015
16905,5880.493486
16906,6777.259509
16907,6730.897775
16908,5807.892611
16909,5820.199564
16910,6587.557966
16911,6888.435832
16912,5479.778316
16913,5405.146918
16914,5480.326801
16915,6391.120979
16916,5266.17841
16917,5283.950711
16918,5706.293798
16919,5321.562819
16920,6503.781558
16921,6638.028584
16922,5767.701323
16923,5415.139044
16924,6748.968642
16925,6665.584745
16926,5933.50479
16927,6814.312918
16928,6472.441584
16929,5543.376055
16930,5592.608683
16931,6924.461701
16932,5697.176391
16933,6857.812296
16934,6617.348027
16935,6787.70039
16936,5432.208377
16937,5361.56218
16938,6843.671901
16939,5368.083777
16940,5655.179013
16941,5588.075404
16942,6553.470929
16943,5373.277232
16944,5791.963621
16945,5010.53114
16946,5896.104109
16947,5720.140235
16948,5694.691942
16949,5745.564314
16950,5860.45631
16951,5109.410078
16952,5813.561467
16953,5157.71537
16954,5144.426624
16955,5058.834397
16956,5044.979888
16957,4986.051044
16958,5838.180894
16959,5138.106323
16960,5849.140424
16961,5726.347779
16962,5127.933267
16963,5232.853592
16964,5801.57661
16965,5646.503713
16966,5129.795317
16967,5033.324387
16968,5081.290486
16969,5178.469802
16970,5091.467331
16971,5086.210826
16972,5108.052088
16973,5077.124575
16974,5753.432071
16975,5698.642608
16976,5185.199799
16977,5152.735526
16978,5651.037246
16979,5207.1993
16980,5742.464625
16981,5672.844197
16982,5766.935715
16983,5701.804572
16984,7668.41195
16985,6779.416789
16986,7740.487108
16987,7674.576305
16988,8313.290602
16989,6781.071056
16990,7318.714245
16991,8280.637184
16992,7677.986494
16993,7987.530807
16994,7782.71
16995,8137.023718
16996,8271.361818
16997,7753.620637
16998,6857.683823
16999,7134.406384
17000,6958.359765
17001,0
17002,8105.00344
17003,6957.2546
17004,7032.966993
17005,7929.445473
17006,8092.962789
17007,8165.378278
17008,7312.42673
17009,7669.834965
17010,7208.72086
17011,7750.224886
17012,7915.29844
17013,7681.511244
17014,7138.331169
17015,7738.312561
17016,7562.538079
17017,7491.024829
17018,7577.246325
17019,7576.158977
17020,7809.99605
17021,7960.180448
17022,7561.833187
17023,7385.225567
17024,7632.871718
17025,7498.791796
17026,9829.027369
17027,10356.5418
17028,7628.214428
17029,10097.45462
17030,7620.80491
17031,10395.12594
17032,8762.9527
17033,10165.48813
17034,8863.209237
17035,8075.263666
17036,10126.76217
17037,10753.76733
17038,10060.81917
17039,8793.302393
17040,7733.244125
17041,9934.474407
17042,7707.475225
17043,9864.622865
17044,8562.48341
17045,7686.650561
17046,10329.70711
17047,8102.687493
17048,10623.30534
17049,8532.669052
17050,8631.641485
17051,8332.235238
17052,7662.341865
17053,7937.281785
17054,8303.421195
17055,7644.874619
17056,10560.66435
17057,10292.61233
17058,10789.97805
17059,10523.72465
17060,8399.726164
17061,7873.728904
17062,10727.93473
17063,8168.104921
17064,10585.6846
17065,7847.929082
17066,10814.38343
17067,5097.600402
17068,4604.843535
17069,5047.366679
17070,4984.374295
17071,4335.632263
17072,5087.283652
17073,4986.056158
17074,5111.53465
17075,4585.497785
17076,4390.129515
17077,4596.013886
17078,4885.03247
17079,4679.427409
17080,4645.775788
17081,4440.723395
17082,4945.073409
17083,4405.991965
17084,5036.4992
17085,5059.972651
17086,5147.583412
17087,4491.776775
17088,4996.578233
17089,4456.039555
17090,4694.568772
17091,4438.632737
17092,5035.784531
17093,5162.410453
17094,4386.552443
17095,4634.269836
17096,4491.939723
17097,5007.728759
17098,4545.625918
17099,4543.764314
17100,4556.872226
17101,4664.194704
17102,4506.236218
17103,4932.893077
17104,4841.45427
17105,4881.459896
17106,4935.640926
17107,4608.090975
17108,6363.307814
17109,6744.251157
17110,6292.817142
17111,6908.210885
17112,6491.298508
17113,6995.840042
17114,6167.653085
17115,6423.877807
17116,5209.489869
17117,5041.858777
17118,5079.006336
17119,7245.738685
17120,6171.961222
17121,6997.257764
17122,5915.878562
17123,5378.413142
17124,5788.832801
17125,5161.291567
17126,6870.885466
17127,7411.156373
17128,6040.336317
17129,6655.712351
17130,6237.649773
17131,5630.576976
17132,7288.832007
17133,6746.313317
17134,6616.929843
17135,6494.113773
17136,5666.171195
17137,5882.915064
17138,7246.742653
17139,7160.084884
17140,5538.647204
17141,5919.20851
17142,7376.800276
17143,5413.396516
17144,5289.764665
17145,5217.523851
17146,5171.516724
17147,5126.639048
17148,7124.375419
17149,7283.044676
17150,7442.527382
17151,8677.592007
17152,7308.178033
17153,8742.545248
17154,8738.216409
17155,7302.223223
17156,7416.179129
17157,7417.631411
17158,7335.567155
17159,7430.101733
17160,7402.036016
17161,8676.388411
17162,8747.685022
17163,8611.114657
17164,8745.642739
17165,8608.906605
17166,8540.604062
17167,7425.509954
17168,8606.772364
17169,7370.27907
17170,8674.238045
17171,7471.169717
17172,8670.127523
17173,7290.825807
17174,8671.217559
17175,8674.417074
17176,7419.356659
17177,7354.37293
17178,8665.580527
17179,7350.397478
17180,7296.265656
17181,7347.458395
17182,8604.208519
17183,7286.357099
17184,7421.895474
17185,7364.77109
17186,7359.296323
17187,8678.711024
17188,8600.920578
17189,8660.899826
17190,8512.045647
17191,6349.214924
17192,9179.208246
17193,7476.443686
17194,8542.5636
17195,8958.126127
17196,8276.320562
17197,7028.677324
17198,7515.469353
17199,8768.038348
17200,9209.264528
17201,8759.330235
17202,6573.027522
17203,6349.297927
17204,8992.292451
17205,8739.67434
17206,9191.098021
17207,8966.117521
17208,6577.505205
17209,6362.449129
17210,7255.050314
17211,6797.575133
17212,8315.946243
17213,8533.656259
17214,6352.501708
17215,6606.508044
17216,6356.367488
17217,6802.837786
17218,8504.093322
17219,8731.534064
17220,6833.464066
17221,7288.4511
17222,7481.745334
17223,6380.317417
17224,7023.052004
17225,6389.396034
17226,8984.470687
17227,7249.433692
17228,8283.825439
17229,7060.933543
17230,9183.663551
17231,14384.40688
17232,12940.08667
17233,14216.26781
17234,12833.62538
17235,14204.25207
17236,13869.67449
17237,13081.05026
17238,14037.32189
17239,12431.75134
17240,13241.29122
17241,12773.11365
17242,12690.79159
17243,12969.37519
17244,14301.09651
17245,14287.73149
17246,12589.63644
17247,13786.66395
17248,14078.82087
17249,13165.7855
17250,14449.92646
17251,12817.60579
17252,14369.6216
17253,14245.31828
17254,12856.21124
17255,14465.95363
17256,14130.50906
17257,12554.26602
17258,13156.69121
17259,12901.4306
17260,12837.99938
17261,13071.44187
17262,13953.37641
17263,13995.71762
17264,12669.70831
17265,12981.87351
17266,12986.16604
17267,14121.13257
17268,14162.04562
17269,12751.03227
17270,13862.93151
17271,12510.49025
17272,7056.897309
17273,6382.26005
17274,6344.243968
17275,6740.783401
17276,6361.473147
17277,5640.626081
17278,6972.210221
17279,6490.727275
17280,6823.942801
17281,6114.344944
17282,5882.925336
17283,6578.154497
17284,5549.894257
17285,6844.469287
17286,6646.817002
17287,6592.173198
17288,6613.465719
17289,6276.446929
17290,6707.544963
17291,6029.15166
17292,6643.358612
17293,6636.811318
17294,5651.944163
17295,6475.674626
17296,6346.12707
17297,5874.007703
17298,6652.686716
17299,6721.946836
17300,6012.254615
17301,7075.445834
17302,6716.426861
17303,5974.563378
17304,6579.527321
17305,6150.691264
17306,6659.639874
17307,6508.858771
17308,6108.779225
17309,6259.852994
17310,5780.942805
17311,6131.502965
17312,6243.861258
17313,13925.25441
17314,11979.55389
17315,12261.21975
17316,12025.18008
17317,13885.93389
17318,14108.64119
17319,14034.37196
17320,14261.4385
17321,12244.83498
17322,14010.41758
17323,14109.27655
17324,12444.18832
17325,14086.03593
17326,12405.18002
17327,14335.76647
17328,12613.78214
17329,11905.871
17330,12670.18747
17331,13960.26048
17332,13997.65488
17333,13778.0566
17334,12336.11858
17335,14185.93172
17336,13852.23427
17337,12411.69026
17338,12175.60203
17339,13934.68322
17340,12538.61461
17341,13702.49446
17342,12391.48943
17343,12318.302
17344,13727.13608
17345,12591.28412
17346,12251.77471
17347,12328.39537
17348,14161.40922
17349,12464.9038
17350,13811.13773
17351,12538.94278
17352,12487.75189
17353,12100.0675
17354,7803.663639
17355,7717.796775
17356,6774.315015
17357,6869.687634
17358,7832.999133
17359,6903.705367
17360,6704.422207
17361,7813.983468
17362,7876.437726
17363,7766.006254
17364,7761.136598
17365,7743.436982
17366,6718.903579
17367,6839.840808
17368,6818.642978
17369,6687.612107
17370,6901.263737
17371,6730.664209
17372,7770.59406
17373,6885.710546
17374,7708.727905
17375,7788.663112
17376,6804.275532
17377,7683.487709
17378,6863.520529
17379,7857.664308
17380,7707.585333
17381,7721.587355
17382,6793.779755
17383,7845.842058
17384,7810.376608
17385,6890.902109
17386,6886.325621
17387,6872.275953
17388,6748.582019
17389,6903.552596
17390,7727.172452
17391,6847.279943
17392,7673.420479
17393,6761.619403
17394,4962.6341
17395,4838.782546
17396,4901.406292
17397,5453.834655
17398,5566.694085
17399,4915.587133
17400,5541.581342
17401,4931.801163
17402,4871.910348
17403,5512.870446
17404,5564.464675
17405,4991.785713
17406,5620.782973
17407,4810.791128
17408,5535.605206
17409,5482.966256
17410,5537.121535
17411,5594.580372
17412,4843.472896
17413,4875.786904
17414,5601.93975
17415,5572.640578
17416,5542.144358
17417,5593.3762
17418,5542.924521
17419,4898.398618
17420,4961.144355
17421,4860.519073
17422,4845.423099
17423,4786.653983
17424,4867.932273
17425,4929.729826
17426,4815.803206
17427,4793.362759
17428,5509.569848
17429,4835.034765
17430,4887.240347
17431,5629.196992
17432,5506.845153
17433,5572.62713
17434,4874.476409
17435,3374.040339
17436,2966.668415
17437,3398.708222
17438,3201.544952
17439,3790.999103
17440,4079.166363
17441,3909.980986
17442,3287.611528
17443,3823.568682
17444,3799.078193
17445,4146.865524
17446,4060.64192
17447,3371.907463
17448,3875.540641
17449,4062.198996
17450,3137.763641
17451,4045.296829
17452,2954.521361
17453,2966.465105
17454,3288.100215
17455,3116.197998
17456,3051.60949
17457,3960.390387
17458,3886.865761
17459,3977.642176
17460,2947.861227
17461,3039.726475
17462,3311.836606
17463,2957.308977
17464,3995.256834
17465,3031.65184
17466,4136.846868
17467,2949.780591
17468,3974.274953
17469,4130.056918
17470,2979.646684
17471,4145.551034
17472,3893.221987
17473,3122.166138
17474,3224.663205
17475,3204.884788
17476,5971.573339
17477,7021.858337
17478,6870.765695
17479,7021.159086
17480,6123.616798
17481,6877.533706
17482,6089.63812
17483,6089.580276
17484,6982.363894
17485,6980.079408
17486,6088.146788
17487,5973.317103
17488,7020.560733
17489,6092.067737
17490,6979.202665
17491,6107.705733
17492,7022.049315
17493,7005.639668
17494,6981.245207
17495,6097.90442
17496,6115.785039
17497,7005.604601
17498,6985.546706
17499,6873.620199
17500,6094.434624
17501,6876.052681
17502,6121.231957
17503,6087.519296
17504,6091.387743
17505,6118.81314
17506,6115.604954
17507,6116.880257
17508,6877.809449
17509,6088.084124
17510,7005.699878
17511,6983.20708
17512,6089.632166
17513,7005.538867
17514,6129.146325
17515,6089.74646
17516,6090.269874
17517,6935.564282
17518,6898.254251
17519,5835.470215
17520,5799.0073
17521,6852.41489
17522,5845.562521
17523,6958.775168
17524,5885.26787
17525,6829.100627
17526,6877.911156
17527,6887.089019
17528,6843.893463
17529,6922.538656
17530,5867.928857
17531,5778.970394
17532,5836.510526
17533,6854.810207
17534,6911.669759
17535,5875.773435
17536,6900.370652
17537,6875.363173
17538,6819.645108
17539,6795.193964
17540,6786.019575
17541,6830.901364
17542,6805.272935
17543,5886.339669
17544,5822.014065
17545,5880.49755
17546,6835.225009
17547,5857.987617
17548,5844.412137
17549,5926.776278
17550,5850.697791
17551,5894.335497
17552,5903.346657
17553,5826.120882
17554,5802.220737
17555,5904.856602
17556,5869.709638
17557,5194.866171
17558,5218.285856
17559,5297.275417
17560,5208.391723
17561,6066.642319
17562,5178.911297
17563,6099.463857
17564,6075.879456
17565,6079.279171
17566,6092.700998
17567,6128.573009
17568,5271.858692
17569,6086.956647
17570,5176.785597
17571,5210.370592
17572,6120.637833
17573,5203.051436
17574,5188.134389
17575,6135.510516
17576,6070.998513
17577,6062.38026
17578,5193.787673
17579,6053.865066
17580,6086.944397
17581,6146.266004
17582,6141.379524
17583,5257.08854
17584,5288.782517
17585,5200.540778
17586,5264.155022
17587,6153.001962
17588,5266.601371
17589,6139.157433
17590,5188.631355
17591,6084.739063
17592,5183.316154
17593,5196.346696
17594,6159.550281
17595,5280.16105
17596,5183.879117
17597,5190.054465
17598,6900.816008
17599,8349.891401
17600,7992.72919
17601,7430.379737
17602,8378.818404
17603,8685.012226
17604,8633.798709
17605,7676.828525
17606,7544.64793
17607,7615.014609
17608,8429.806922
17609,7735.738379
17610,6971.496683
17611,8207.289844
17612,7835.831154
17613,8189.989077
17614,8163.837092
17615,8396.879657
17616,7173.91103
17617,7918.58508
17618,7225.167865
17619,7579.944954
17620,6918.961614
17621,8139.198862
17622,8124.168561
17623,7479.840697
17624,7158.747796
17625,8607.854467
17626,7688.092943
17627,8166.77543
17628,8250.366252
17629,8092.491768
17630,8174.322671
17631,7935.355974
17632,8269.545996
17633,7417.678754
17634,7625.539144
17635,7881.96853
17636,8176.185048
17637,7869.642265
17638,7946.480594
17639,4877.714831
17640,4898.6285
17641,5604.805721
17642,5384.813777
17643,5492.458476
17644,5587.266115
17645,5628.825017
17646,4919.219098
17647,5469.928206
17648,5191.557799
17649,5696.486113
17650,5117.829191
17651,5560.813123
17652,5452.485098
17653,5519.918118
17654,5426.78699
17655,5105.70914
17656,5155.934327
17657,5141.260928
17658,5537.426906
17659,5171.466866
17660,5402.135873
17661,5488.322748
17662,4946.074348
17663,4986.546205
17664,4966.916084
17665,5122.729847
17666,5175.497087
17667,5015.149386
17668,5654.707454
17669,5123.456228
17670,5556.765501
17671,5054.358761
17672,5165.12503
17673,5084.667048
17674,5672.323179
17675,5419.54892
17676,5154.231437
17677,5439.895666
17678,5036.03415
17679,4227.994726
17680,4635.264964
17681,4745.87623
17682,5080.895752
17683,4743.7275
17684,4112.137509
17685,4224.122394
17686,4222.970739
17687,4118.888334
17688,4972.114901
17689,4749.506737
17690,4636.593865
17691,3903.428473
17692,4965.01578
17693,4963.041933
17694,3665.234302
17695,5111.652143
17696,4633.273951
17697,4854.479367
17698,4855.13231
17699,4111.159964
17700,3775.456556
17701,3644.78866
17702,4861.574568
17703,3665.417469
17704,3868.76808
17705,3689.432568
17706,3638.876969
17707,3796.474728
17708,4758.352216
17709,3999.493043
17710,3887.016907
17711,4977.044675
17712,3759.522914
17713,3979.058317
17714,5075.005478
17715,4867.706375
17716,3651.116641
17717,5086.490484
17718,4010.759198
17719,3665.704281
17720,7805.569946
17721,6751.055869
17722,7823.352216
17723,7762.039816
17724,6649.1011
17725,6639.958995
17726,7925.680066
17727,6701.434779
17728,6937.432025
17729,6810.585795
17730,8002.174108
17731,6944.513707
17732,8042.807224
17733,7728.11641
17734,6691.296764
17735,7865.523112
17736,6931.341679
17737,7745.548941
17738,7921.435176
17739,6826.964279
17740,7986.334478
17741,7982.599668
17742,6928.476352
17743,7883.670979
17744,7859.297856
17745,6709.001194
17746,6930.031971
17747,7965.393512
17748,6990.264924
17749,6829.534804
17750,6769.125041
17751,7783.688215
17752,6890.469199
17753,6923.792834
17754,7001.222063
17755,6763.832624
17756,7844.354771
17757,7904.91705
17758,7943.166688
17759,6890.2145
17760,6870.173104
17761,3432.473666
17762,3478.512537
17763,3821.515348
17764,3915.305015
17765,3750.282668
17766,3488.415725
17767,3371.721557
17768,3841.374293
17769,3922.103677
17770,3391.520005
17771,3395.97609
17772,4011.900194
17773,4004.544429
17774,3287.54122
17775,3960.676673
17776,3285.022327
17777,3946.177523
17778,3795.598789
17779,3581.396202
17780,3386.838806
17781,4054.803892
17782,3535.093163
17783,3893.778613
17784,3887.170179
17785,3350.825613
17786,3983.407263
17787,3356.385193
17788,3266.304805
17789,4028.015528
17790,3341.776259
17791,3416.451282
17792,3868.723417
17793,3967.644325
17794,3392.007664
17795,3932.623501
17796,3242.769823
17797,3297.292395
17798,3319.018154
17799,3327.920611
17800,3938.655644
17801,3441.905173
17802,7993.804372
17803,8472.605044
17804,8725.86962
17805,8572.467322
17806,8513.535219
17807,8032.037591
17808,8507.040232
17809,8441.733078
17810,8624.200664
17811,8565.397909
17812,8052.14245
17813,8175.685544
17814,7934.242784
17815,8148.642465
17816,8606.914449
17817,8546.924618
17818,8355.136193
17819,8448.837273
17820,7993.307921
17821,8114.381116
17822,8170.414337
17823,8666.5942
17824,8454.157896
17825,8111.003085
17826,8377.33167
17827,8207.213616
17828,8720.241861
17829,8631.026362
17830,8090.322871
17831,8689.372298
17832,8340.266645
17833,8230.240103
17834,8443.80695
17835,8601.945838
17836,8478.903294
17837,8390.543126
17838,8424.727052
17839,8053.428927
17840,8266.169731
17841,8661.079828
17842,7645.206182
17843,6664.047454
17844,6551.864588
17845,7645.255692
17846,7590.77806
17847,7570.483514
17848,7625.622212
17849,6604.537092
17850,6635.740424
17851,6682.716094
17852,6658.547994
17853,7622.889625
17854,7631.50851
17855,7584.77404
17856,6655.899145
17857,7652.779618
17858,6530.902698
17859,7549.080681
17860,6569.174255
17861,7664.86598
17862,7688.72669
17863,7667.287898
17864,7609.189941
17865,7610.295741
17866,6589.815217
17867,6615.115646
17868,6595.015276
17869,6634.659779
17870,6573.522427
17871,6595.770211
17872,6618.284783
17873,7673.107369
17874,6679.069239
17875,7629.565863
17876,7629.629485
17877,6575.041203
17878,6620.140192
17879,6640.705659
17880,6611.643131
17881,6657.067673
17882,7605.583202
17883,7599.245638
17884,8848.6727
17885,7653.722376
17886,7653.730701
17887,8742.217082
17888,7636.599556
17889,7419.173672
17890,7572.367293
17891,8589.391983
17892,8793.768667
17893,7559.74909
17894,8643.745874
17895,7389.347076
17896,8821.604714
17897,7303.260998
17898,8770.181658
17899,8825.951684
17900,7736.684106
17901,8847.679956
17902,7626.374565
17903,7681.185765
17904,7584.534116
17905,8820.581543
17906,8899.58165
17907,8616.669172
17908,7363.145189
17909,8874.825607
17910,8714.738431
17911,7681.436842
17912,8874.02095
17913,7313.925489
17914,7610.125112
17915,8878.721141
17916,8765.484673
17917,7626.305989
17918,8798.213092
17919,8792.110094
17920,7535.494978
17921,7114.809856
17922,7391.12441
17923,7709.182665
17924,8157.543286
17925,8106.698174
17926,9451.530597
17927,9398.137468
17928,8137.262391
17929,8116.974678
17930,8132.761496
17931,9537.330551
17932,8178.451814
17933,9562.318644
17934,9437.528266
17935,8068.639988
17936,8107.097107
17937,9500.928419
17938,9511.856683
17939,9370.379307
17940,8238.161749
17941,8112.148813
17942,8064.005261
17943,8074.969122
17944,9519.628535
17945,9425.386719
17946,9474.550319
17947,8211.269029
17948,9465.258337
17949,9485.790258
17950,8087.243171
17951,8105.954214
17952,9410.394058
17953,9476.25925
17954,8129.283126
17955,9549.79591
17956,8152.977479
17957,8131.452002
17958,8184.236029
17959,9526.025318
17960,8053.997619
17961,8085.650556
17962,8062.302678
17963,9492.822577
17964,9522.523753
17965,5848.767818
17966,5859.514152
17967,4764.395946
17968,4768.176437
17969,4765.394311
17970,5864.34084
17971,4763.891958
17972,5862.464309
17973,5877.782979
17974,4807.225248
17975,4795.042671
17976,5851.922227
17977,5850.625025
17978,4762.37431
17979,5850.629546
17980,5878.090447
17981,4771.687867
17982,5892.694944
17983,4765.044878
17984,4793.473584
17985,5892.890054
17986,5856.037878
17987,4765.291719
17988,5877.375912
17989,4762.769
17990,4802.812162
17991,5878.045899
17992,5893.444721
17993,4765.698091
17994,5852.469791
17995,5864.852764
17996,4800.142431
17997,4783.087615
17998,4766.46078
17999,4797.385026
18000,5890.710959
18001,4765.27539
18002,5846.736725
18003,4762.050642
18004,4792.684438
18005,4763.596576
18006,8476.757862
18007,8860.109553
18008,9937.873783
18009,10034.3805
18010,9052.122682
18011,8990.975798
18012,8530.919882
18013,10169.99761
18014,9975.789886
18015,9811.672076
18016,10195.55375
18017,10004.0102
18018,8627.017326
18019,10073.50339
18020,9877.588582
18021,8896.007733
18022,8708.653424
18023,8609.706482
18024,10053.56503
18025,8918.530512
18026,8546.27554
18027,10129.58357
18028,10141.04702
18029,8723.975147
18030,9769.298257
18031,10223.36086
18032,9907.716164
18033,8615.896555
18034,9864.321999
18035,8523.304498
18036,8648.900617
18037,8801.929836
18038,8765.104512
18039,8821.354773
18040,10264.87628
18041,8955.815161
18042,10100.07365
18043,9959.046632
18044,8670.682855
18045,8576.630355
18046,8435.824081
18047,7037.943104
18048,6758.652291
18049,7079.479479
18050,6746.470137
18051,6723.335735
18052,7097.800698
18053,7030.215653
18054,7047.767438
18055,6953.216044
18056,6662.861423
18057,6798.282664
18058,7115.607771
18059,6763.478804
18060,6680.569133
18061,6776.945022
18062,7059.108121
18063,7076.295957
18064,6996.252181
18065,6780.677915
18066,6929.261682
18067,6718.694357
18068,6740.769359
18069,6999.850098
18070,7015.423422
18071,7041.405066
18072,7133.031658
18073,6699.244256
18074,7188.693775
18075,7093.277946
18076,7013.14337
18077,6926.561299
18078,7206.582023
18079,6979.243756
18080,7005.741336
18081,7110.380591
18082,7224.427413
18083,6738.491421
18084,6795.480874
18085,7046.064484
18086,6816.329993
18087,5349.717529
18088,5887.529862
18089,5253.437895
18090,5304.750911
18091,5888.23802
18092,5851.621597
18093,5279.184874
18094,5398.150076
18095,5240.428248
18096,5952.638341
18097,5998.294081
18098,5362.585176
18099,5348.72511
18100,5401.375082
18101,5298.303821
18102,5348.198752
18103,5999.293102
18104,5349.181787
18105,5887.793832
18106,5342.803962
18107,5312.499957
18108,5299.422597
18109,5887.496417
18110,5861.925761
18111,5951.628236
18112,5996.276035
18113,5951.485429
18114,5301.636319
18115,5950.15343
18116,5348.341201
18117,5952.6108
18118,5326.740856
18119,5888.094317
18120,5400.395742
18121,5397.733476
18122,5308.310456
18123,5863.171899
18124,5862.193202
18125,5399.161596
18126,5999.304283
18127,5862.599716
18128,6051.018199
18129,5795.247044
18130,6119.454354
18131,6081.24527
18132,5768.131295
18133,5527.497369
18134,6056.195889
18135,5920.288527
18136,6012.032543
18137,6027.51253
18138,5734.109853
18139,5934.498415
18140,6063.156657
18141,6046.422317
18142,5590.521628
18143,5999.761687
18144,5595.856494
18145,6280.878628
18146,5852.139103
18147,5557.453207
18148,5664.746614
18149,6124.292228
18150,6150.715927
18151,5943.053325
18152,5988.254093
18153,6142.198314
18154,5697.745724
18155,6211.492422
18156,6187.740839
18157,5726.568705
18158,5658.368619
18159,6072.530153
18160,5874.248087
18161,5864.400277
18162,5907.946728
18163,5627.40993
18164,5982.379039
18165,5838.185513
18166,5803.782497
18167,5991.266661
18168,5188.011757
18169,4677.053739
18170,5905.431879
18171,4635.905644
18172,5773.399514
18173,5857.872018
18174,4893.199218
18175,4937.251415
18176,4939.041247
18177,4976.885189
18178,5781.666211
18179,5020.749033
18180,5738.231163
18181,5103.016227
18182,5145.287536
18183,5866.464514
18184,6063.353039
18185,5689.245196
18186,5822.200722
18187,4634.669315
18188,5229.406606
18189,5020.559149
18190,5942.198917
18191,4628.603931
18192,5950.534822
18193,5185.903386
18194,5104.175914
18195,4669.537769
18196,5840.066793
18197,5696.608763
18198,4857.677715
18199,6030.007709
18200,5061.001086
18201,6026.018857
18202,5987.792502
18203,4854.255415
18204,5756.866868
18205,5673.332696
18206,6033.595801
18207,4642.647531
18208,10208.63592
18209,9713.13319
18210,9816.636742
18211,11503.66813
18212,11189.7959
18213,11171.25598
18214,9665.71064
18215,11610.79738
18216,11455.98384
18217,9869.41436
18218,11348.4303
18219,11608.94193
18220,10311.91414
18221,10024.87261
18222,11081.59136
18223,9879.856826
18224,10131.879
18225,9606.835297
18226,9988.535913
18227,9919.170231
18228,10090.15003
18229,11283.24987
18230,10098.25977
18231,9628.395441
18232,11239.0663
18233,11394.34879
18234,11456.43528
18235,11501.02848
18236,10201.32302
18237,11285.28581
18238,9710.706757
18239,9763.942119
18240,9814.611177
18241,11393.1563
18242,9772.303312
18243,11298.66007
18244,9760.970153
18245,11516.22845
18246,11407.61397
18247,11561.6463
18248,9979.269813
18249,6918.883919
18250,6173.643722
18251,6978.517168
18252,6537.072221
18253,6867.1636
18254,6858.72383
18255,6272.115161
18256,6240.69169
18257,6358.066833
18258,6417.651568
18259,6355.185392
18260,7111.326065
18261,7051.501975
18262,6476.101399
18263,6206.757289
18264,6417.340151
18265,6806.985726
18266,6361.338022
18267,6477.057873
18268,6415.767646
18269,6199.965211
18270,7168.956496
18271,6151.844463
18272,6859.054271
18273,6114.847678
18274,6990.012545
18275,6253.393821
18276,7042.811034
18277,6798.487379
18278,7066.365671
18279,6294.159446
18280,6927.872617
18281,6980.617337
18282,6306.467598
18283,6919.152735
18284,7065.158184
18285,6299.20118
18286,6233.467953
18287,6306.858319
18288,7104.389911
18289,7122.830239
18290,4395.790297
18291,4664.058379
18292,5504.366204
18293,5252.65015
18294,5473.853201
18295,4484.696285
18296,4210.596808
18297,4193.129911
18298,5126.492325
18299,5415.982747
18300,5385.718832
18301,4501.309891
18302,5143.218862
18303,4563.465512
18304,4198.143857
18305,4592.140652
18306,5216.536474
18307,4652.560511
18308,4574.190849
18309,5162.54296
18310,5234.871261
18311,5326.026779
18312,5297.3195
18313,4192.903905
18314,4682.640053
18315,5475.571604
18316,4307.508059
18317,5396.279071
18318,4475.109823
18319,4228.021861
18320,4207.827697
18321,5428.972977
18322,5485.126453
18323,4300.916797
18324,4320.949389
18325,4410.748985
18326,5208.609765
18327,5306.64122
18328,4224.075312
18329,4387.635107
18330,5341.516987
18331,8396.146945
18332,7828.425516
18333,7841.192279
18334,6148.428474
18335,7087.217516
18336,6708.869306
18337,6722.493133
18338,6156.448261
18339,8581.734242
18340,8378.957176
18341,6521.348424
18342,6709.311161
18343,8565.779879
18344,6340.264846
18345,6160.091174
18346,6155.914455
18347,6894.127387
18348,8208.414693
18349,6912.374938
18350,7101.442979
18351,6174.317339
18352,8029.243609
18353,7812.447183
18354,6898.199599
18355,6343.620919
18356,8215.56655
18357,7080.121942
18358,7999.375098
18359,6334.43443
18360,6172.091305
18361,8566.82836
18362,8560.997073
18363,8018.900607
18364,8400.056343
18365,6524.31429
18366,8373.996053
18367,6148.564444
18368,6532.6479
18369,8192.231968
18370,8186.689392
18371,8005.648707
18372,7855.962016
18373,9220.871612
18374,9223.619055
18375,7942.665288
18376,7964.691932
18377,7956.09399
18378,7899.937265
18379,7957.864123
18380,9325.906826
18381,7950.452382
18382,9226.568554
18383,9350.063837
18384,7957.812546
18385,7967.331009
18386,7906.449264
18387,7953.822514
18388,9225.248598
18389,9313.462856
18390,7857.573873
18391,7961.512186
18392,9310.553477
18393,7956.927598
18394,9304.919618
18395,7953.201913
18396,7959.237151
18397,9226.061189
18398,7972.171554
18399,9324.104608
18400,7909.67878
18401,9346.494294
18402,9355.77737
18403,9321.318199
18404,9307.779825
18405,7962.456246
18406,9353.804295
18407,9357.535744
18408,9301.844047
18409,7913.615627
18410,9317.474496
18411,7885.378747
18412,7917.974937
18413,6399.3786
18414,7654.695598
18415,7868.086277
18416,6651.434039
18417,6654.483126
18418,6588.010014
18419,7666.688762
18420,6462.310187
18421,7932.61516
18422,6772.396567
18423,6721.029913
18424,6504.633474
18425,6716.316242
18426,6638.20873
18427,6450.71811
18428,7964.878263
18429,7899.916164
18430,6390.199746
18431,6587.595125
18432,6571.103131
18433,7716.934024
18434,6439.018758
18435,7783.129925
18436,6522.332905
18437,6524.677958
18438,7854.099207
18439,6705.497406
18440,6457.233756
18441,7787.516066
18442,7802.003838
18443,7734.665759
18444,7926.661164
18445,6392.614959
18446,7720.862251
18447,7920.168121
18448,6407.055651
18449,7848.048271
18450,7769.084073
18451,6400.023552
18452,7834.659005
18453,7911.61945
18454,5717.497076
18455,5210.572816
18456,5177.032405
18457,5887.126712
18458,6451.133721
18459,6584.77605
18460,6973.061713
18461,5519.054277
18462,5548.135429
18463,5347.705804
18464,4976.669712
18465,5017.084423
18466,5501.710865
18467,5842.752242
18468,5332.002145
18469,5379.152461
18470,5672.024601
18471,6412.591175
18472,6756.482445
18473,5690.644703
18474,5162.904422
18475,5861.944656
18476,6621.454699
18477,4996.205435
18478,6791.654012
18479,6774.116367
18480,6927.149281
18481,6804.146754
18482,6604.420725
18483,7177.091845
18484,4963.464294
18485,7141.886825
18486,6942.61818
18487,6635.024994
18488,7130.639756
18489,4994.28541
18490,7096.465206
18491,6433.674227
18492,6961.430103
18493,5042.351301
18494,5007.258261
18495,7082.461217
18496,7992.969509
18497,7824.704916
18498,9206.053898
18499,7617.230899
18500,8148.241991
18501,8033.043761
18502,8811.483085
18503,7302.635874
18504,7937.12962
18505,9486.045925
18506,7725.317677
18507,9067.898854
18508,7410.582516
18509,7513.593521
18510,8724.679726
18511,8781.769183
18512,7135.993159
18513,9021.212773
18514,7462.741689
18515,7016.749012
18516,9143.979388
18517,7120.237457
18518,9416.172107
18519,8203.804702
18520,7672.63769
18521,8994.306624
18522,9350.88712
18523,8602.31153
18524,9277.008532
18525,9624.228314
18526,9393.386851
18527,8858.787761
18528,9440.534764
18529,7253.682048
18530,6998.765252
18531,7204.532792
18532,8935.182874
18533,9231.029536
18534,7045.435957
18535,7092.843157
18536,5942.162822
18537,5616.517939
18538,5528.633416
18539,5637.58836
18540,5831.970793
18541,5488.545722
18542,5560.311553
18543,5549.416806
18544,5493.372935
18545,5919.208101
18546,5536.323758
18547,5498.382729
18548,5573.685671
18549,5508.317572
18550,5516.826204
18551,5939.912122
18552,5934.868939
18553,5515.67035
18554,5876.13488
18555,5974.999302
18556,5552.773092
18557,5480.967353
18558,5872.426805
18559,5939.355409
18560,5469.299254
18561,5954.929729
18562,5958.190652
18563,5464.313431
18564,5452.020214
18565,5570.460937
18566,5962.410427
18567,5957.813857
18568,5914.881196
18569,5595.064151
18570,5897.978738
18571,5448.011845
18572,5532.559447
18573,5894.999246
18574,5893.159353
18575,5851.900156
18576,5913.762988
18577,6044.522767
18578,6147.620941
18579,5990.851219
18580,5782.56614
18581,5569.789469
18582,5671.037749
18583,5619.275292
18584,5673.49629
18585,5616.714397
18586,6096.242317
18587,5994.763165
18588,5626.230661
18589,5727.901919
18590,5979.357738
18591,5938.185644
18592,6213.33043
18593,5779.14476
18594,6042.540255
18595,6202.498408
18596,5683.383837
18597,6268.054652
18598,5923.182266
18599,6071.696153
18600,5514.275067
18601,6016.709982
18602,6143.205648
18603,6037.728531
18604,6017.695814
18605,6148.77991
18606,5565.099983
18607,5833.412907
18608,6253.569522
18609,6039.443689
18610,5980.031486
18611,5983.500304
18612,5725.092729
18613,6094.515696
18614,6067.959352
18615,6086.834576
18616,6158.787734
18617,5740.842208
18618,5929.337358
18619,5983.465562
18620,6198.804979
18621,5891.501212
18622,6013.032051
18623,6092.376616
18624,6868.043865
18625,5408.400188
18626,6578.095375
18627,5782.154663
18628,5731.524506
18629,5393.246102
18630,6595.833997
18631,5832.64422
18632,5757.287752
18633,5692.59659
18634,5707.652324
18635,5593.471086
18636,5742.362955
18637,5681.063299
18638,5422.734146
18639,6697.093224
18640,6835.282221
18641,6545.536676
18642,6719.501869
18643,5658.998968
18644,5435.097387
18645,6780.773262
18646,5807.797221
18647,5388.604175
18648,6645.468054
18649,5630.976831
18650,6619.301781
18651,6816.060047
18652,5643.002553
18653,6629.607169
18654,5792.317578
18655,6798.67659
18656,6768.420173
18657,5440.469393
18658,6645.221832
18659,6593.389921
18660,6680.828881
18661,6731.297469
18662,6748.37266
18663,6669.77172
18664,5611.115924
18665,8508.777012
18666,8480.079844
18667,9803.748759
18668,8810.884226
18669,9870.332183
18670,9435.002173
18671,9666.632904
18672,10067.52923
18673,9463.440563
18674,9864.357877
18675,9491.781099
18676,9287.400387
18677,10098.65073
18678,8635.382102
18679,9660.363349
18680,9897.33796
18681,8840.997542
18682,9419.907571
18683,9014.909569
18684,9291.093698
18685,9253.394681
18686,8680.99421
18687,9695.83834
18688,9219.613319
18689,9047.288982
18690,9084.423032
18691,8882.321788
18692,9458.564239
18693,9493.828239
18694,8307.025884
18695,10074.25294
18696,10210.54868
18697,9491.06957
18698,9414.614916
18699,8431.077544
18700,10269.82513
18701,9398.575103
18702,9424.470187
18703,10006.86922
18704,9438.258268
18705,9601.033836
18706,5644.916907
18707,6723.480014
18708,5262.207386
18709,5565.68786
18710,5537.568195
18711,6830.74158
18712,5535.243849
18713,5629.780421
18714,6518.50903
18715,6938.32842
18716,6611.601118
18717,6781.528588
18718,5753.028989
18719,5455.510896
18720,6890.793179
18721,5407.279558
18722,5297.253374
18723,5741.34888
18724,5518.243455
18725,6848.538336
18726,5430.905527
18727,5327.020388
18728,6406.5587
18729,7000.176025
18730,6739.930473
18731,5852.359743
18732,6672.432874
18733,5223.004148
18734,5324.679715
18735,5346.121158
18736,6629.820926
18737,5287.667806
18738,5237.535336
18739,6721.794257
18740,5218.558507
18741,6505.090588
18742,6833.043903
18743,6614.060786
18744,5646.24176
18745,6942.505452
18746,6921.680474
18747,6491.115002
18748,5498.446659
18749,5648.657406
18750,6200.764077
18751,5670.807683
18752,5303.110213
18753,4984.979471
18754,6317.513789
18755,5130.888903
18756,4818.904701
18757,5156.582404
18758,5612.770354
18759,4869.3691
18760,5441.017413
18761,7006.37246
18762,5021.764752
18763,5326.954796
18764,6353.311865
18765,6922.129233
18766,6373.903016
18767,5475.842937
18768,5821.044173
18769,6696.292653
18770,4927.889043
18771,6664.114604
18772,5784.721709
18773,5269.628863
18774,6865.998956
18775,5045.319855
18776,6408.904295
18777,6719.667234
18778,4959.415063
18779,4987.314545
18780,6835.958935
18781,6891.390737
18782,6547.05705
18783,6580.464065
18784,6751.516129
18785,5098.615704
18786,6782.59411
18787,6525.362631
18788,5689.366724
18789,6690.394981
18790,5425.871365
18791,5440.02976
18792,6620.286491
18793,5593.208671
18794,5509.290573
18795,5683.686613
18796,4726.801684
18797,5769.147446
18798,6773.434477
18799,5915.017336
18800,6610.543246
18801,5515.057583
18802,5522.972143
18803,5777.509486
18804,6606.879856
18805,6679.099455
18806,5831.860359
18807,6847.681754
18808,5791.834674
18809,6869.817022
18810,6856.207671
18811,5598.928247
18812,5773.199875
18813,6522.824047
18814,5762.345168
18815,5866.453048
18816,6703.34674
18817,5677.611991
18818,5854.923968
18819,5736.012545
18820,6694.19348
18821,5606.004273
18822,6702.016518
18823,6786.145243
18824,6944.09087
18825,6860.709584
18826,6777.510459
18827,6617.495371
18828,6763.498417
18829,5148.549764
18830,5015.006296
18831,5875.833962
18832,5173.149005
18833,5061.712387
18834,5151.950702
18835,5781.695201
18836,5849.620829
18837,5921.886671
18838,5085.476734
18839,5133.634953
18840,5098.334245
18841,5209.49402
18842,5206.382301
18843,5969.646699
18844,5897.83832
18845,5038.210513
18846,5827.235759
18847,5049.221688
18848,4968.688529
18849,5199.459321
18850,5674.532901
18851,5157.450101
18852,5153.776919
18853,5967.965716
18854,5155.346285
18855,5874.309359
18856,5803.270373
18857,5155.969818
18858,5829.244417
18859,5704.703337
18860,5753.092073
18861,5754.613296
18862,5182.561172
18863,5109.165848
18864,5231.937409
18865,5801.429736
18866,5921.651598
18867,5250.422982
18868,5780.066913
18869,5850.960104
18870,4462.618445
18871,4540.882762
18872,4389.121556
18873,3859.65601
18874,4325.504724
18875,4141.56106
18876,3560.539968
18877,3712.587274
18878,3862.746928
18879,3786.178299
18880,4001.504195
18881,3568.806662
18882,3530.134456
18883,3524.400845
18884,4071.313662
18885,4469.151543
18886,4122.281484
18887,4534.385814
18888,4405.609245
18889,3526.973035
18890,4314.709008
18891,3567.580283
18892,4604.122559
18893,4201.06189
18894,3541.076958
18895,3932.05823
18896,4122.712665
18897,3976.951897
18898,3932.254887
18899,4343.359057
18900,3639.581883
18901,4334.586341
18902,4265.598967
18903,4194.953042
18904,4414.192735
18905,4612.020257
18906,4397.186464
18907,4272.312667
18908,3904.948159
18909,4049.523979
18910,3833.656731
18911,5871.579772
18912,5075.789788
18913,5806.28957
18914,4828.225461
18915,4864.071739
18916,4798.63959
18917,5034.694921
18918,4895.920234
18919,5043.097618
18920,5668.083684
18921,5936.336665
18922,5739.982266
18923,4964.870326
18924,5774.171261
18925,4964.075245
18926,4929.776123
18927,5976.501555
18928,5672.414267
18929,5024.746056
18930,5791.213754
18931,5725.230814
18932,5027.18045
18933,5105.310873
18934,4733.073898
18935,5620.877947
18936,5034.842719
18937,5857.328031
18938,5924.015196
18939,5842.791137
18940,5062.984738
18941,4996.042522
18942,5031.144925
18943,5553.640315
18944,5036.253659
18945,5687.992369
18946,5754.96893
18947,4897.557791
18948,5098.69932
18949,5910.225152
18950,4831.519131
18951,5659.000442
18952,8175.424138
18953,9232.868239
18954,8064.440185
18955,8259.85055
18956,9135.010486
18957,8162.033147
18958,8367.523291
18959,8373.630539
18960,8409.593738
18961,9251.072609
18962,8274.018632
18963,8317.763992
18964,9188.853414
18965,9372.228752
18966,9330.602572
18967,8218.714972
18968,8473.89679
18969,8938.620643
18970,9036.938431
18971,9481.173714
18972,9156.083081
18973,8292.549457
18974,9286.226783
18975,8120.107362
18976,9076.467439
18977,8456.549161
18978,8482.73769
18979,9383.557216
18980,8358.016211
18981,8022.053253
18982,9175.25945
18983,9273.878137
18984,8417.019166
18985,9129.972712
18986,8574.246586
18987,9353.142906
18988,7772.676239
18989,8601.478961
18990,8518.260661
18991,9091.179297
18992,9254.740605
18993,8282.249026
18994,8563.504105
18995,8914.742289
18996,9391.77101
18997,8063.486207
18998,7001.39054
18999,7904.781185
19000,6807.163528
19001,9760.840034
19002,8188.585833
19003,8001.901486
19004,9405.332698
19005,9480.751797
19006,8471.293023
19007,8629.745863
19008,7779.587415
19009,7722.390037
19010,7336.103578
19011,7091.46738
19012,9311.759591
19013,6769.235588
19014,9121.056686
19015,6752.781895
19016,9244.193363
19017,9526.772223
19018,7620.430127
19019,8553.300715
19020,8468.321995
19021,6679.929829
19022,6927.579154
19023,6647.274054
19024,9198.634357
19025,6716.733029
19026,7035.218362
19027,9032.299391
19028,8630.607124
19029,6635.852397
19030,8347.27369
19031,7052.268613
19032,7443.44283
19033,7495.883702
19034,8751.123331
19035,8960.878386
19036,8677.082523
19037,6962.469872
19038,6914.612246
19039,8836.796235
19040,9688.978082
19041,10590.15218
19042,10402.90927
19043,10483.69222
19044,10433.86398
19045,10383.63315
19046,10372.47434
19047,10428.3171
19048,10454.34366
19049,11694.11898
19050,10263.58946
19051,10317.46057
19052,10533.68802
19053,11416.16328
19054,11489.61437
19055,11642.71567
19056,11506.85395
19057,10352.20462
19058,11644.61565
19059,10484.49522
19060,11610.61971
19061,11558.52973
19062,10584.3404
19063,11484.5148
19064,11536.50405
19065,10543.63591
19066,10670.44091
19067,10635.94238
19068,10540.49208
19069,10302.02801
19070,11773.41533
19071,11668.91636
19072,11589.16969
19073,11432.93801
19074,10616.89874
19075,11614.53392
19076,10506.69739
19077,11721.87701
19078,11542.75095
19079,11663.20852
19080,10559.93088
19081,11594.33746
19082,9218.944709
19083,9694.854215
19084,9578.773192
19085,11934.47159
19086,9618.93015
19087,9867.2421
19088,11616.58299
19089,11985.63652
19090,11491.10714
19091,9457.147647
19092,9494.961774
19093,9371.852775
19094,11813.79262
19095,9249.757452
19096,9572.444121
19097,9743.254077
19098,9228.865901
19099,9451.356714
19100,9775.550215
19101,11864.38625
19102,11741.2677
19103,9262.580701
19104,11406.20448
19105,11704.90836
19106,11825.10878
19107,9331.391634
19108,11570.5553
19109,11901.37117
19110,11530.99173
19111,9209.521487
19112,9335.989863
19113,11583.05557
19114,9214.959981
19115,9818.37396
19116,11692.59383
19117,9898.456252
19118,11898.06827
19119,11459.55806
19120,9212.065652
19121,11655.56503
19122,11779.14752
19123,7621.608892
19124,8742.990549
19125,7608.154163
19126,7589.769805
19127,8756.460458
19128,7589.002283
19129,8768.608532
19130,7592.594761
19131,8751.782275
19132,7595.123614
19133,7528.549316
19134,8757.969618
19135,8767.752005
19136,7590.666713
19137,8739.101018
19138,7595.401673
19139,7615.15062
19140,7599.458578
19141,7537.726841
19142,7594.687746
19143,7588.970073
19144,7601.106807
19145,8733.089213
19146,8755.125225
19147,8750.872691
19148,7585.074461
19149,8741.937696
19150,8765.567926
19151,8750.528461
19152,8761.071997
19153,7516.102136
19154,7601.169645
19155,8763.677479
19156,8746.958241
19157,7607.48996
19158,8727.528664
19159,7519.22182
19160,8693.498729
19161,7525.078081
19162,7603.342517
19163,8745.043681
19164,5696.60504
19165,4835.669332
19166,5696.419091
19167,5072.044052
19168,5725.282974
19169,5726.175973
19170,4835.41078
19171,4707.673262
19172,4824.222773
19173,5917.132664
19174,4708.755975
19175,4832.442227
19176,4834.574755
19177,4835.867798
19178,4723.410023
19179,5074.011627
19180,5073.269601
19181,5045.716137
19182,5936.639757
19183,4823.42801
19184,5070.317917
19185,5723.831084
19186,5719.501015
19187,4724.728056
19188,4833.641933
19189,5914.074335
19190,4746.49519
19191,5933.264045
19192,4733.126277
19193,4747.027394
19194,5916.380856
19195,5049.507254
19196,4834.577989
19197,5052.06852
19198,5721.877339
19199,5696.359236
19200,5937.563659
19201,5935.210918
19202,4763.962105
19203,5938.118816
19204,5694.065616
19205,5917.327812
19206,4763.950853
19207,5910.462832
19208,5053.260753
19209,4732.667052
19210,5000.042128
19211,5695.615542
19212,5444.409514
19213,4724.529313
19214,5140.64384
19215,4878.240902
19216,5032.428031
19217,5507.389927
19218,5373.65282
19219,5362.920917
19220,5313.353692
19221,5179.700566
19222,4921.418858
19223,4744.795516
19224,4797.955051
19225,4994.708112
19226,5435.280724
19227,4943.168107
19228,4730.732799
19229,5095.290631
19230,5252.301526
19231,4848.437454
19232,4776.050354
19233,4652.334248
19234,4808.560588
19235,5067.917038
19236,4797.206893
19237,4736.821589
19238,5167.93999
19239,5023.193376
19240,4939.080854
19241,4784.547582
19242,5301.979885
19243,5290.50065
19244,4868.227066
19245,4870.174983
19246,5240.754544
19247,4729.702761
19248,5468.179489
19249,4738.758654
19250,5229.511241
19251,5323.766679
19252,5106.242492
19253,10681.60771
19254,10581.27927
19255,11764.98745
19256,11730.7058
19257,10832.23703
19258,10619.42707
19259,10693.18201
19260,10790.95024
19261,11580.58255
19262,11530.7886
19263,11725.36038
19264,10783.04362
19265,10638.11599
19266,11089.22537
19267,11828.71923
19268,10838.39142
19269,10737.77115
19270,10987.5112
19271,11825.76462
19272,10596.23567
19273,11864.93264
19274,11665.19192
19275,10885.21961
19276,10889.80854
19277,11378.32381
19278,10604.92219
19279,11523.8611
19280,11565.49032
19281,11679.50222
19282,11275.83376
19283,11631.37681
19284,11480.10534
19285,10989.72201
19286,10499.65803
19287,11786.03545
19288,10572.9517
19289,11624.62304
19290,10730.37298
19291,10514.08471
19292,11423.53694
19293,10539.31276
19294,9668.114046
19295,9999.233613
19296,11113.11344
19297,10890.4886
19298,9348.522457
19299,9405.202904
19300,11381.77535
19301,9048.870224
19302,10950.2162
19303,9897.136694
19304,9040.873848
19305,9508.11693
19306,11268.50286
19307,9990.067652
19308,11055.20928
19309,9509.88441
19310,11038.10035
19311,9732.923001
19312,11107.05293
19313,9039.042977
19314,9568.733015
19315,10876.09395
19316,9058.545701
19317,11200.36478
19318,11430.05474
19319,9094.672957
19320,11434.8253
19321,11524.3664
19322,10945.6803
19323,10060.68955
19324,11219.19315
19325,9672.472264
19326,9348.130381
19327,11524.13902
19328,9835.716986
19329,11362.53792
19330,11274.68431
19331,9037.460428
19332,9109.653528
19333,9828.741303
19334,11542.66075
19335,6571.8689
19336,8182.850416
19337,6611.488553
19338,6670.609646
19339,6907.477459
19340,6063.804608
19341,8122.12277
19342,6735.464155
19343,8294.654013
19344,6747.23741
19345,8241.484461
19346,8254.52169
19347,6630.17911
19348,6711.145584
19349,6818.57356
19350,8166.890376
19351,6694.652398
19352,8142.311454
19353,6695.626083
19354,8304.577229
19355,6776.883635
19356,6589.992722
19357,6849.207988
19358,6651.301849
19359,6532.307098
19360,6779.003695
19361,6654.628212
19362,8187.449457
19363,8201.949004
19364,8162.202103
19365,8223.067062
19366,8101.537261
19367,6729.481694
19368,8334.505934
19369,8297.53276
19370,6550.115772
19371,8226.79654
19372,6691.372902
19373,8343.632918
19374,8081.690256
19375,8265.748785
19376,9501.42922
19377,8855.326948
19378,8569.940886
19379,7549.766208
19380,7672.18542
19381,8726.048611
19382,6940.194087
19383,7919.98111
19384,6852.059701
19385,7176.471966
19386,7795.016892
19387,6819.223004
19388,6893.516287
19389,7385.713356
19390,7305.473556
19391,8166.898339
19392,8608.87593
19393,9344.015019
19394,8973.267344
19395,6929.68247
19396,8041.069649
19397,7139.26292
19398,9255.582345
19399,9311.750291
19400,7880.086743
19401,7632.720355
19402,9009.43798
19403,6985.871629
19404,7424.134316
19405,9555.926785
19406,9466.76616
19407,7062.051117
19408,9065.844567
19409,8127.148609
19410,8818.381017
19411,6980.489051
19412,8763.121529
19413,8479.18512
19414,9100.380408
19415,9390.206309
19416,9220.308791
19417,7955.002961
19418,9007.989414
19419,9129.003883
19420,7904.109878
19421,7728.070385
19422,9447.002143
19423,8906.550747
19424,8949.882296
19425,7204.016255
19426,7774.83324
19427,7595.085146
19428,7238.91612
19429,7552.928838
19430,9268.126198
19431,8031.712143
19432,9623.79199
19433,9361.418109
19434,9347.477842
19435,7416.38425
19436,7198.922416
19437,8134.722858
19438,9170.329095
19439,7378.16879
19440,8210.762772
19441,8081.284513
19442,7729.348268
19443,7250.780992
19444,7203.271741
19445,7551.872161
19446,8828.795223
19447,7213.684438
19448,9185.586997
19449,9307.812834
19450,9524.378863
19451,7375.167747
19452,9485.801672
19453,7195.456583
19454,8771.184158
19455,9087.642881
19456,8992.795894
19457,9489.837846
19458,6388.34706
19459,6387.655044
19460,5398.856104
19461,6328.808489
19462,5682.750722
19463,5364.477255
19464,6287.314611
19465,5625.038123
19466,5568.193295
19467,6329.625349
19468,6465.089104
19469,5651.940685
19470,5413.384558
19471,5509.213079
19472,5591.839555
19473,5409.685767
19474,6346.517043
19475,6361.25341
19476,5357.160344
19477,6207.277023
19478,5690.37596
19479,6303.48943
19480,6505.980946
19481,6444.807688
19482,6268.484808
19483,5347.14171
19484,5395.502237
19485,6447.180007
19486,6417.570897
19487,5472.23861
19488,6507.831057
19489,6405.904191
19490,5630.498389
19491,5456.327701
19492,5531.809293
19493,5512.075788
19494,6244.297601
19495,5381.990148
19496,5448.982888
19497,5569.912468
19498,6228.714057
19499,4246.7709
19500,4557.444875
19501,3939.986426
19502,3132.794222
19503,3271.206792
19504,3412.713194
19505,3813.437476
19506,4114.098696
19507,3185.232627
19508,3238.822127
19509,3763.527083
19510,3978.376262
19511,3937.563781
19512,4522.217939
19513,3447.491901
19514,3882.970027
19515,3207.302441
19516,3705.3166
19517,3990.781897
19518,4070.303301
19519,4389.285069
19520,3173.890135
19521,4059.782102
19522,3801.418271
19523,4463.277439
19524,3199.474211
19525,4213.132268
19526,3162.707488
19527,4598.412141
19528,3857.178895
19529,4168.457697
19530,4345.774003
19531,3624.319779
19532,3350.229539
19533,4035.516448
19534,3142.942053
19535,4563.623807
19536,3587.652063
19537,3527.517882
19538,4422.853716
19539,4289.406182
19540,10811.58265
19541,11482.65188
19542,11783.23256
19543,10882.41377
19544,11692.36652
19545,11770.02576
19546,10739.79284
19547,11689.26336
19548,11852.50179
19549,11623.24257
19550,10953.6327
19551,10671.11056
19552,10953.90398
19553,11113.33393
19554,11171.29821
19555,11025.5901
19556,11761.10993
19557,10765.12324
19558,11620.8633
19559,11082.53688
19560,10833.90044
19561,11757.735
19562,11552.07639
19563,11416.73932
19564,11699.67196
19565,11185.73804
19566,11553.45471
19567,11642.91131
19568,11208.35028
19569,10741.65436
19570,10881.26101
19571,11829.86146
19572,10973.17826
19573,11223.02782
19574,10809.84501
19575,11501.5971
19576,11628.81083
19577,11043.89729
19578,10903.17036
19579,11713.38995
19580,7026.031505
19581,7087.385148
19582,7070.511419
19583,6222.445761
19584,6228.493862
19585,6970.771763
19586,5882.607891
19587,7114.269973
19588,6291.523098
19589,6095.458813
19590,6952.131804
19591,7150.325399
19592,6050.559789
19593,5877.887073
19594,6184.1207
19595,6139.736045
19596,5943.175343
19597,7043.537322
19598,6981.040779
19599,6092.713732
19600,7157.275745
19601,7015.383565
19602,5950.448643
19603,7210.919725
19604,7150.946362
19605,7105.533821
19606,6135.27659
19607,7130.589061
19608,6113.303311
19609,5890.855148
19610,7060.434674
19611,6051.360041
19612,6178.496902
19613,7040.98953
19614,6202.631513
19615,7173.219384
19616,5887.02788
19617,6247.2472
19618,6157.903964
19619,6996.644375
19620,6611.650467
19621,7375.629998
19622,7433.350908
19623,6599.532763
19624,7726.87187
19625,6479.164105
19626,7286.220619
19627,7470.514211
19628,7561.166735
19629,7378.709011
19630,6185.047718
19631,7524.003246
19632,6263.523437
19633,6508.134657
19634,6276.333051
19635,6748.274185
19636,6177.578139
19637,7456.837169
19638,6329.155761
19639,6349.484321
19640,7646.820611
19641,7465.786035
19642,7701.327813
19643,6388.634823
19644,6473.458656
19645,7617.134666
19646,7650.312861
19647,6382.314648
19648,6656.930011
19649,6209.699094
19650,7556.30086
19651,7636.797055
19652,6298.812703
19653,7286.352793
19654,7613.374961
19655,6243.512644
19656,6435.939989
19657,7546.754239
19658,6565.147127
19659,6291.98688
19660,6523.275054
19661,7033.279358
19662,6683.527225
19663,6910.715439
19664,6064.823923
19665,6745.586645
19666,6052.399718
19667,5604.475272
19668,6992.1025
19669,6765.580337
19670,5822.583399
19671,5949.963716
19672,6828.447131
19673,6857.478554
19674,5788.274836
19675,7019.245872
19676,6775.788374
19677,6662.593258
19678,5868.813736
19679,5621.509432
19680,5742.397184
19681,6847.024862
19682,5564.731283
19683,5969.995983
19684,6751.883709
19685,6031.687046
19686,6938.669212
19687,5594.003366
19688,5724.449279
19689,5805.725221
19690,6693.880873
19691,5708.20638
19692,5572.48148
19693,5983.737222
19694,6927.729542
19695,6912.515083
19696,5902.994901
19697,6832.365507
19698,7050.452988
19699,5887.650656
19700,5603.027495
19701,3211.938091
19702,2258.989632
19703,3132.326327
19704,2253.865251
19705,1879.286249
19706,2182.922918
19707,2348.004751
19708,3314.032967
19709,1979.610018
19710,3141.762985
19711,2178.176428
19712,1966.229877
19713,2273.348137
19714,2977.981604
19715,3054.431062
19716,2978.781984
19717,3055.569554
19718,2991.196668
19719,2125.514079
19720,3066.515836
19721,3201.503167
19722,1947.595886
19723,3128.689693
19724,2028.746543
19725,2329.816176
19726,1950.415674
19727,3216.604227
19728,2103.090363
19729,2029.404932
19730,2052.375281
19731,3290.877793
19732,3281.230924
19733,3137.926585
19734,2989.560501
19735,1953.174067
19736,2106.188256
19737,2199.156603
19738,3207.626911
19739,1877.898251
19740,1955.079796
19741,3063.821847
19742,9988.491932
19743,12219.35986
19744,9964.780892
19745,9037.159432
19746,12316.6686
19747,11847.63558
19748,11824.33565
19749,9083.247145
19750,12237.64884
19751,11861.56934
19752,11650.55364
19753,12022.45713
19754,11625.71301
19755,9265.002747
19756,11731.95429
19757,10186.0801
19758,11467.62311
19759,12253.51541
19760,9524.878632
19761,10009.66615
19762,10161.3979
19763,9329.86025
19764,12043.39655
19765,12414.62982
19766,11664.60169
19767,9813.54793
19768,9191.409534
19769,11927.23755
19770,9593.213769
19771,9720.458553
19772,9230.184134
19773,12057.98031
19774,9253.071354
19775,12122.09725
19776,9200.998823
19777,9135.25389
19778,9790.665283
19779,9618.190451
19780,9396.5937
19781,9423.765555
19782,12151.87588
19783,6018.051727
19784,6041.993263
19785,5997.247422
19786,6584.70379
19787,6612.77509
19788,6420.284615
19789,6614.256757
19790,5972.733807
19791,6128.767397
19792,6543.029838
19793,6590.732005
19794,5860.774962
19795,5894.511568
19796,6610.051272
19797,6047.684816
19798,6047.747055
19799,5813.213567
19800,6620.271233
19801,6605.545238
19802,6567.121912
19803,6564.174957
19804,5792.018911
19805,6090.289973
19806,5858.070016
19807,6660.976791
19808,6074.404432
19809,6115.116382
19810,6634.733951
19811,6636.731527
19812,6588.69122
19813,6065.971121
19814,6658.87126
19815,6022.239134
19816,5879.371116
19817,6395.25985
19818,6073.389833
19819,6101.590173
19820,6518.193398
19821,6369.940831
19822,6021.970253
19823,4914.784649
19824,5809.914482
19825,5690.50799
19826,4849.530841
19827,5906.544964
19828,4857.496316
19829,4905.551383
19830,4679.020062
19831,5750.502129
19832,4682.333441
19833,5802.057724
19834,4688.856558
19835,4744.414547
19836,5868.203298
19837,4846.658196
19838,5673.288957
19839,5787.861786
19840,5843.987374
19841,5916.803005
19842,4907.112826
19843,5680.792912
19844,4728.623884
19845,4694.391518
19846,5850.373522
19847,4793.095833
19848,5731.088687
19849,5919.646259
19850,4972.76358
19851,5741.500484
19852,4965.820421
19853,4612.878493
19854,4687.818339
19855,5734.891923
19856,4800.826382
19857,5861.592326
19858,4670.38437
19859,4787.50698
19860,5925.150763
19861,5793.164556
19862,4737.51348
19863,4621.432394
19864,5147.918743
19865,5222.306769
19866,4529.91609
19867,5160.679616
19868,5257.906152
19869,4552.234928
19870,5141.341091
19871,5123.129598
19872,4595.438957
19873,4622.089387
19874,5045.981353
19875,4553.250107
19876,4484.040306
19877,4484.065663
19878,5079.257221
19879,4698.160838
19880,4563.359391
19881,5251.725328
19882,4735.9226
19883,5005.161856
19884,4491.226425
19885,4557.968843
19886,5084.730081
19887,4633.073103
19888,5178.250753
19889,4571.828729
19890,4660.095483
19891,4520.81309
19892,5185.582934
19893,4547.310391
19894,4599.430672
19895,5190.381171
19896,5116.571822
19897,4527.865277
19898,5042.011028
19899,4508.050298
19900,5215.069079
19901,5153.670267
19902,5197.051231
19903,4584.43596
19904,4518.612608
19905,6887.991886
19906,7050.705038
19907,6265.145271
19908,6915.269221
19909,6154.829814
19910,6283.200079
19911,6037.354719
19912,6118.588838
19913,6894.739111
19914,6974.262662
19915,6897.318456
19916,5956.963147
19917,6322.727478
19918,6752.675596
19919,6346.180328
19920,6339.557217
19921,6025.135663
19922,6814.790635
19923,6071.001457
19924,6590.830344
19925,5906.060913
19926,6365.921053
19927,6805.29242
19928,6733.441939
19929,6396.076709
19930,6184.783847
19931,6200.6289
19932,6651.73987
19933,6969.824807
19934,6833.77323
19935,6104.904118
19936,6815.366289
19937,6671.75468
19938,6427.841573
19939,6238.922107
19940,6551.831369
19941,5987.969913
19942,6463.011555
19943,6734.061763
19944,6652.390226
19945,6425.525706
19946,7278.291691
19947,5797.596292
19948,6208.394888
19949,6086.007038
19950,6980.842202
19951,6492.422069
19952,6640.211502
19953,7264.761424
19954,6686.403475
19955,7124.966421
19956,6344.184182
19957,6833.638274
19958,7267.975732
19959,6060.02571
19960,7118.84684
19961,6971.055574
19962,6822.081323
19963,6845.123796
19964,6515.291214
19965,6652.378589
19966,7140.896179
19967,5762.267521
19968,5912.544089
19969,6980.180849
19970,6832.841609
19971,6505.289539
19972,7139.590893
19973,6227.72647
19974,7288.40358
19975,6196.017271
19976,5983.270422
19977,6992.978289
19978,5928.741175
19979,6048.389811
19980,7408.577701
19981,7129.612871
19982,5859.989373
19983,6357.062739
19984,5992.616295
19985,5944.951009
19986,6370.724729
19987,6640.078694
19988,8602.705322
19989,6931.089048
19990,6064.017357
19991,6085.935993
19992,6349.522612
19993,5484.498937
19994,8021.122081
19995,6933.416744
19996,9181.890297
19997,8315.330235
19998,6059.671191
19999,5794.918543
20000,8607.418048
20001,8052.692854
20002,5487.735211
20003,9184.147184
20004,5775.567692
20005,8913.963607
20006,6961.234673
20007,6669.668389
20008,9202.735057
20009,5504.943471
20010,8633.369657
20011,8312.050078
20012,8892.701279
20013,8022.65917
20014,8343.628503
20015,9187.621828
20016,8625.081566
20017,5770.54793
20018,6643.076729
20019,5492.805381
20020,6353.202155
20021,6377.696345
20022,5515.414456
20023,8335.924308
20024,5484.261086
20025,8921.794939
20026,5481.99389
20027,8898.289168
20028,8029.990621
20029,6765.720107
20030,8080.449794
20031,7334.776441
20032,6735.946964
20033,7770.112027
20034,7152.60778
20035,6878.480966
20036,7372.827738
20037,7735.846422
20038,7444.709481
20039,7780.201811
20040,7496.826013
20041,7814.577871
20042,7028.348884
20043,6790.704654
20044,7818.735785
20045,6451.890482
20046,7058.167234
20047,7321.770723
20048,7039.682798
20049,7665.10724
20050,7445.106033
20051,7788.946229
20052,6500.525501
20053,7081.37057
20054,7765.080917
20055,7629.620272
20056,6444.746677
20057,7351.048198
20058,7615.752047
20059,7644.109323
20060,8026.543174
20061,7737.163102
20062,7764.616073
20063,6862.47988
20064,7204.186893
20065,6860.785045
20066,6745.169924
20067,7766.285874
20068,7154.044186
20069,5067.250174
20070,4963.386811
20071,5227.760814
20072,5363.023039
20073,4652.133555
20074,4775.552592
20075,5133.423732
20076,4658.671303
20077,5064.622554
20078,4610.130212
20079,5164.349304
20080,4968.57721
20081,4840.268359
20082,5410.011344
20083,5317.406152
20084,4796.936639
20085,4745.724974
20086,5257.395281
20087,4869.101527
20088,5031.165958
20089,4935.556468
20090,4601.407507
20091,5058.177918
20092,5038.342531
20093,4878.826403
20094,4976.362899
20095,5255.797468
20096,5126.58218
20097,5070.647103
20098,4603.059154
20099,5132.252335
20100,5350.01461
20101,5224.885855
20102,4702.576052
20103,4973.206513
20104,5349.876178
20105,5160.546589
20106,4682.750049
20107,5321.161325
20108,4608.990604
20109,4608.541918
20110,4730.008854
20111,4820.248767
20112,5676.969729
20113,5658.516826
20114,4737.688367
20115,4750.743042
20116,5621.35464
20117,5635.981977
20118,5641.008475
20119,5693.699949
20120,4740.285085
20121,5686.793696
20122,4813.99625
20123,4796.613793
20124,4736.504648
20125,4744.057831
20126,4808.051584
20127,4805.671934
20128,5631.672362
20129,4752.038993
20130,5705.880923
20131,5626.627851
20132,4801.555466
20133,4802.320774
20134,5700.060648
20135,5671.088411
20136,4744.038459
20137,4760.136741
20138,5636.906221
20139,4745.451085
20140,5665.005585
20141,5617.96372
20142,5618.834783
20143,4731.732789
20144,5615.567619
20145,5625.138391
20146,5630.79855
20147,4736.632542
20148,4742.738102
20149,4757.637119
20150,3838.249856
20151,3940.198491
20152,4827.472573
20153,4642.510705
20154,3999.714361
20155,4905.719107
20156,4574.537449
20157,3865.09333
20158,4793.750922
20159,4890.289856
20160,3857.485832
20161,3889.422206
20162,4026.541074
20163,4840.74775
20164,4592.550182
20165,4697.442516
20166,4091.83711
20167,3809.901023
20168,4659.250108
20169,4124.169331
20170,3785.67548
20171,3962.605345
20172,4057.186846
20173,4190.481679
20174,4006.14111
20175,3990.093039
20176,4709.403634
20177,3923.409839
20178,4775.092071
20179,3837.917822
20180,4775.28386
20181,4726.57038
20182,4763.197924
20183,3874.775846
20184,4860.189338
20185,3776.775312
20186,4826.72792
20187,4838.850366
20188,3899.984673
20189,4709.571787
20190,4066.137601
20191,3468.673962
20192,2962.394762
20193,3463.029885
20194,2932.445161
20195,2977.18226
20196,3481.330137
20197,3467.395103
20198,2923.531805
20199,3451.741376
20200,3466.644465
20201,2942.675377
20202,2967.130756
20203,2953.514352
20204,2940.984182
20205,3475.128257
20206,2945.295534
20207,2919.465129
20208,2946.756337
20209,2956.776889
20210,3439.292359
20211,3459.221178
20212,2929.341794
20213,3490.704452
20214,3448.89713
20215,3457.14096
20216,2937.546065
20217,2957.403324
20218,2950.425058
20219,3450.579677
20220,2937.682194
20221,3477.653174
20222,2937.548839
20223,2971.776781
20224,2965.570731
20225,2927.574125
20226,2929.341321
20227,3473.731972
20228,3483.086185
20229,3458.919816
20230,3472.468523
20231,3474.751543
20232,6506.397027
20233,7344.158645
20234,7692.49147
20235,6071.822899
20236,7708.319597
20237,7483.821114
20238,7238.95026
20239,7500.833031
20240,7578.926243
20241,6537.113355
20242,7379.274695
20243,6286.669903
20244,6178.543126
20245,6077.131595
20246,6324.36216
20247,7588.217045
20248,6386.102527
20249,7471.61536
20250,6612.244556
20251,7395.103225
20252,6430.952382
20253,7894.879375
20254,6076.19085
20255,6281.833103
20256,6181.595282
20257,5974.492907
20258,6094.179098
20259,7791.011404
20260,7449.693242
20261,5917.49071
20262,5973.222164
20263,7660.146052
20264,5873.037987
20265,7685.59111
20266,6033.413326
20267,6217.888291
20268,6006.944326
20269,6111.993188
20270,7561.27995
20271,7555.124773
20272,7605.28206
20273,17232.72068
20274,18763.48657
20275,18893.70369
20276,17720.60611
20277,17307.66701
20278,17796.18524
20279,19303.13159
20280,17217.8335
20281,18979.68549
20282,19219.39072
20283,19351.17025
20284,17691.32173
20285,17278.90143
20286,17766.82706
20287,17165.40267
20288,17336.87352
20289,17067.79186
20290,17707.86023
20291,19322.31234
20292,17223.6415
20293,17191.07011
20294,17116.48613
20295,17679.46662
20296,19275.22748
20297,17112.69731
20298,18736.00211
20299,17261.22179
20300,18952.49102
20301,17137.49467
20302,19247.27093
20303,17652.17988
20304,17140.67854
20305,17250.86995
20306,18923.67262
20307,18863.4031
20308,19036.94362
20309,17171.22241
20310,17301.12322
20311,17197.13348
20312,17092.32521
20313,18849.32206
20314,19010.68924
20315,18744.78857
20316,17737.1548
20317,17329.24339
20318,18791.89145
20319,17625.89706
20320,18820.6752
20321,5065.481285
20322,5171.420142
20323,5592.006697
20324,5655.703511
20325,5116.61653
20326,5108.395312
20327,5723.400635
20328,5119.738935
20329,5192.65958
20330,5614.064774
20331,5088.996105
20332,5050.787245
20333,5086.457697
20334,5113.584394
20335,5082.149635
20336,5128.78398
20337,5149.940684
20338,5754.681318
20339,5039.409566
20340,5081.589845
20341,5635.278874
20342,5057.119918
20343,5717.788932
20344,5672.009582
20345,5065.885585
20346,5664.906832
20347,5703.695666
20348,5109.437065
20349,5613.84755
20350,5093.946449
20351,5697.540131
20352,5674.770821
20353,5035.677292
20354,5736.87253
20355,5075.160328
20356,5652.462476
20357,5632.843284
20358,5098.418742
20359,5684.171023
20360,5672.557899
20361,5692.764461
20362,5433.306974
20363,6246.753515
20364,5548.169417
20365,5550.057364
20366,5695.267984
20367,6069.245461
20368,6191.899218
20369,6121.503866
20370,5522.490998
20371,6246.037673
20372,5660.362442
20373,5525.839615
20374,6065.969264
20375,6189.807177
20376,6219.243923
20377,5544.355845
20378,5463.302169
20379,5634.002106
20380,6218.838154
20381,5516.043016
20382,5520.301805
20383,5601.49776
20384,5557.489356
20385,6159.648403
20386,5404.476303
20387,5632.443053
20388,6153.668274
20389,5973.50969
20390,6093.458089
20391,6097.505901
20392,5571.587623
20393,5494.280524
20394,6038.690859
20395,6134.42112
20396,5604.821591
20397,6163.68108
20398,5663.143176
20399,5577.418087
20400,6125.63793
20401,6011.30967
20402,5572.863549
20403,5935.766564
20404,7128.700429
20405,6495.770727
20406,7471.198938
20407,5798.214351
20408,6232.522784
20409,6168.223566
20410,7268.654793
20411,5870.206902
20412,6097.480368
20413,5830.146059
20414,6359.220963
20415,6431.691754
20416,6302.093697
20417,7333.247994
20418,7399.970955
20419,7588.845525
20420,5885.202706
20421,7672.975259
20422,6436.666223
20423,6569.058368
20424,7405.208746
20425,7722.950224
20426,7264.272027
20427,6293.864066
20428,7607.521328
20429,5902.265565
20430,6156.435055
20431,7454.691067
20432,7741.790187
20433,5769.64075
20434,7535.341378
20435,6035.024371
20436,7670.083202
20437,7540.015022
20438,6020.103701
20439,5917.883284
20440,7320.409854
20441,7194.593152
20442,7604.770669
20443,5963.413986
20444,5569.575192
20445,5043.695615
20446,4864.963071
20447,5684.18082
20448,4734.911605
20449,4730.438864
20450,5635.825183
20451,4987.113907
20452,4917.267468
20453,4921.103261
20454,5848.176965
20455,5692.086644
20456,4733.953538
20457,4930.217145
20458,4840.871592
20459,5795.24075
20460,4862.944709
20461,5560.707152
20462,4769.995435
20463,5793.002359
20464,5740.296122
20465,5627.118075
20466,5801.693205
20467,4727.616862
20468,4972.229142
20469,5729.690323
20470,5673.317169
20471,5785.682958
20472,5820.863008
20473,5616.864718
20474,4742.111406
20475,4977.426916
20476,4817.066862
20477,4787.39496
20478,5747.397435
20479,4873.420634
20480,4809.159178
20481,4753.729634
20482,4761.338922
20483,5681.88125
20484,5737.571618
20485,5499.1867
20486,5657.202927
20487,4894.779948
20488,4266.139256
20489,5472.090977
20490,5656.288076
20491,4724.152917
20492,6101.465379
20493,4261.932314
20494,4569.179689
20495,5814.400019
20496,4875.148815
20497,4721.507697
20498,5969.751085
20499,5053.62041
20500,4740.052212
20501,6122.792517
20502,4897.258948
20503,4286.058994
20504,4417.412125
20505,5627.877477
20506,5962.672415
20507,5500.314495
20508,4259.826153
20509,5939.38068
20510,5050.786365
20511,5639.2478
20512,4415.140228
20513,5029.847556
20514,5947.600062
20515,4278.893712
20516,5783.891128
20517,4269.303419
20518,6093.913777
20519,4426.728744
20520,4569.029558
20521,4582.929853
20522,4271.923625
20523,5810.475953
20524,5793.551715
20525,6095.348638
20526,5021.03077
20527,5457.836465
20528,5359.77045
20529,4843.233697
20530,5349.410748
20531,5339.969092
20532,5272.227588
20533,4797.909334
20534,5391.079837
20535,5288.652673
20536,5500.474882
20537,5247.375513
20538,5628.062532
20539,5382.6203
20540,4954.003478
20541,5518.123945
20542,5257.640687
20543,5131.911061
20544,5240.879672
20545,5609.32267
20546,5036.84008
20547,5493.019129
20548,5254.471982
20549,4819.235595
20550,5226.901273
20551,5566.521923
20552,4733.494123
20553,5408.823734
20554,5065.493432
20555,5299.860513
20556,5281.044862
20557,5317.607606
20558,4908.729957
20559,5190.920366
20560,5368.797863
20561,5134.20048
20562,5603.224736
20563,5177.205036
20564,4927.692079
20565,5146.863702
20566,5268.024302
20567,3830.429422
20568,3637.025532
20569,4827.764089
20570,4784.07726
20571,3680.129753
20572,3916.83877
20573,4473.296696
20574,3664.133686
20575,3275.459256
20576,3537.272596
20577,4330.287098
20578,3221.587495
20579,3254.592195
20580,4641.094444
20581,4352.091015
20582,4496.873577
20583,4424.434151
20584,3952.894682
20585,4615.072274
20586,3359.875192
20587,3327.137371
20588,4925.451171
20589,4755.439914
20590,4543.591044
20591,4685.546623
20592,4283.278186
20593,3974.370525
20594,3498.237168
20595,3808.751239
20596,4850.810842
20597,3231.955152
20598,4566.316255
20599,4402.002242
20600,3395.415154
20601,3376.242599
20602,3289.669362
20603,3519.752903
20604,3776.522586
20605,3234.00493
20606,4708.554692
20607,4815.538745
20608,7738.697375
20609,8097.174546
20610,7688.592916
20611,8247.956185
20612,8546.866515
20613,7341.708996
20614,8397.391961
20615,8122.62
20616,7644.476509
20617,8269.381181
20618,8098.309679
20619,8599.459811
20620,8749.488468
20621,7949.439082
20622,7588.930799
20623,8040.704135
20624,8449.206039
20625,7840.632197
20626,8696.654091
20627,8500.243484
20628,8143.030246
20629,8240.635524
20630,8216.257736
20631,8420.721472
20632,7537.407492
20633,8298.734988
20634,7387.297461
20635,7796.972029
20636,8213.808924
20637,8048.95495
20638,8349.700756
20639,7439.822062
20640,8188.089401
20641,8572.095841
20642,8650.987826
20643,8007.798107
20644,7889.317602
20645,7492.578873
20646,8199.294662
20647,7993.060412
20648,7452.014749
20649,7432.934636
20650,7415.81749
20651,6217.321206
20652,6305.782668
20653,7435.832741
20654,7394.337278
20655,7454.097228
20656,6266.083975
20657,6328.283491
20658,7391.691474
20659,6307.172213
20660,6270.258632
20661,6246.318585
20662,7372.056953
20663,7411.882459
20664,7449.816622
20665,6238.105263
20666,7361.998536
20667,6307.572064
20668,6253.746743
20669,6223.579629
20670,7380.981152
20671,6221.638512
20672,6286.635052
20673,6226.985905
20674,7430.579772
20675,6243.228541
20676,6209.491202
20677,6287.552223
20678,6237.673839
20679,6285.517285
20680,7400.487941
20681,6263.99914
20682,7439.703863
20683,7413.941362
20684,6211.403088
20685,7395.07901
20686,6227.475094
20687,7447.737302
20688,7420.167527
20689,3589.441893
20690,4432.82068
20691,4576.557167
20692,3719.12399
20693,4320.316442
20694,4364.779226
20695,3331.559846
20696,4499.826246
20697,4453.970299
20698,4286.6022
20699,4320.992092
20700,3652.642125
20701,3339.166017
20702,3750.68371
20703,3522.265718
20704,4296.120011
20705,3683.098719
20706,4387.333633
20707,4353.754125
20708,3355.807553
20709,3364.709091
20710,3586.675093
20711,3724.802691
20712,3546.918671
20713,4488.244495
20714,4555.098657
20715,4453.475521
20716,3615.031826
20717,3657.038563
20718,3456.168116
20719,3344.401658
20720,3479.175941
20721,4565.64316
20722,3521.22294
20723,3455.616045
20724,4421.063794
20725,4387.527056
20726,3335.12864
20727,4556.855377
20728,4518.738968
20729,9830.643682
20730,8475.141079
20731,9825.372955
20732,9838.90898
20733,9737.586355
20734,9835.354058
20735,8467.961139
20736,8524.208297
20737,9811.433934
20738,8511.939177
20739,8463.929937
20740,8528.668631
20741,8392.866358
20742,8327.92781
20743,8339.545002
20744,9877.736025
20745,9814.541029
20746,9883.666458
20747,9735.577433
20748,8468.085021
20749,8465.477116
20750,8377.968571
20751,8519.584112
20752,8333.370307
20753,9731.561674
20754,8471.266158
20755,9827.608803
20756,8465.744261
20757,8515.357549
20758,9881.331869
20759,9817.907053
20760,8464.364731
20761,8464.171123
20762,8331.412687
20763,8464.141387
20764,9821.138667
20765,8350.404892
20766,9884.676376
20767,9733.622353
20768,9841.003067
20769,9823.984878
20770,6344.71308
20771,5906.899988
20772,5950.94444
20773,6570.689091
20774,5110.164139
20775,3834.15922
20776,5171.927772
20777,3877.75327
20778,6869.276006
20779,3914.482131
20780,6058.24993
20781,4658.077733
20782,6132.8508
20783,6509.30681
20784,3817.008549
20785,4222.119575
20786,6117.92368
20787,4946.379968
20788,4432.36119
20789,6795.654
20790,3861.428715
20791,6177.741851
20792,5127.513333
20793,4901.376256
20794,5890.77847
20795,4884.063763
20796,6630.965989
20797,4497.240743
20798,3847.047256
20799,6922.024824
20800,6358.220063
20801,4674.868234
20802,4448.336453
20803,6283.94061
20804,4273.346168
20805,6856.54438
20806,3788.074953
20807,4721.497953
20808,4206.97723
20809,6404.596903
20810,6582.921497
20811,4283.510089
20812,4804.79709
20813,5122.490102
20814,5338.840558
20815,4424.39812
20816,5075.275136
20817,5410.298155
20818,4617.940507
20819,5224.991137
20820,4365.614316
20821,4670.118357
20822,4760.367049
20823,5318.394466
20824,4278.640785
20825,4331.759398
20826,4580.766669
20827,5214.731261
20828,4798.712984
20829,4705.72898
20830,4404.188456
20831,4432.768057
20832,5500.418906
20833,4517.935701
20834,5154.976165
20835,5246.790615
20836,4335.086723
20837,5130.712705
20838,5166.408771
20839,5305.502836
20840,5442.884953
20841,5430.945864
20842,4492.222557
20843,4611.921156
20844,4524.979953
20845,4362.119726
20846,4303.790058
20847,4711.357916
20848,5350.598327
20849,5394.710318
20850,5379.971386
20851,5258.313466
20852,8138.503562
20853,9009.519335
20854,10123.23747
20855,7801.805781
20856,9141.686205
20857,10014.73097
20858,9904.731648
20859,8918.534657
20860,8806.595343
20861,8970.555391
20862,9611.731282
20863,9793.29326
20864,9274.991882
20865,8750.544991
20866,7795.728341
20867,7714.908465
20868,7950.11594
20869,7750.276099
20870,9080.998515
20871,9249.985258
20872,7666.199177
20873,7837.605335
20874,7775.233907
20875,8362.429396
20876,8026.063831
20877,7863.532246
20878,7913.75578
20879,9030.309814
20880,7891.973075
20881,8860.368766
20882,9680.741205
20883,8694.68792
20884,9120.178985
20885,7781.411631
20886,9053.022757
20887,7826.346385
20888,10057.31926
20889,7685.132657
20890,8473.200594
20891,9385.399082
20892,9164.196744
20893,9946.469699
20894,9337.496738
20895,8250.750408
20896,8641.076936
20897,9723.41888
20898,9229.4851
20899,9835.103752
20900,8921.698537
20901,7433.207048
20902,7561.88475
20903,8869.087686
20904,8808.510871
20905,8942.434816
20906,8950.949236
20907,8932.42127
20908,8974.090457
20909,7471.003318
20910,8816.860922
20911,8957.625547
20912,7576.650569
20913,7533.639546
20914,7527.418397
20915,7440.806273
20916,7450.875514
20917,7605.465509
20918,7586.242414
20919,7595.584709
20920,7570.733014
20921,8982.554107
20922,7540.615845
20923,7577.929028
20924,8890.136482
20925,7553.017128
20926,7458.111902
20927,7437.075821
20928,7521.558069
20929,8753.395221
20930,7634.229638
20931,7615.143385
20932,8876.452199
20933,8883.412573
20934,8842.855711
20935,7445.187783
20936,8994.51376
20937,8825.788609
20938,7635.191174
20939,8834.626386
20940,8989.340227
20941,9296.971708
20942,10605.24991
20943,9464.911572
20944,9780.105145
20945,9684.284092
20946,9746.742919
20947,9190.686134
20948,10507.19038
20949,9349.85352
20950,9562.910953
20951,10609.9854
20952,10407.62328
20953,9860.120867
20954,10292.18776
20955,10315.36305
20956,10390.43148
20957,9845.480342
20958,10393.66876
20959,9212.238025
20960,9448.14365
20961,10701.41696
20962,10511.68265
20963,10307.30688
20964,10582.23374
20965,10428.46959
20966,9589.527594
20967,9647.154089
20968,9661.691732
20969,10589.76438
20970,9547.401029
20971,10218.37163
20972,9402.34882
20973,9249.391341
20974,10487.16379
20975,9760.918305
20976,9495.687632
20977,10491.78529
20978,9401.318455
20979,10413.30291
20980,9344.914413
20981,10295.69801
20982,5566.482223
20983,5117.158301
20984,4872.403279
20985,4404.77576
20986,4636.793318
20987,4894.51565
20988,3942.150178
20989,5108.919234
20990,5132.955312
20991,6035.593183
20992,3941.553836
20993,4878.962089
20994,5806.533083
20995,6283.0725
20996,5817.773462
20997,4402.129118
20998,4168.16671
20999,4169.210706
21000,6501.455813
21001,5799.681319
21002,3930.88857
21003,6265.369032
21004,3934.307264
21005,3957.231757
21006,6499.359708
21007,4641.366052
21008,5552.813693
21009,6288.121523
21010,6045.704267
21011,6053.820501
21012,4416.270125
21013,4655.310453
21014,3934.187745
21015,5580.092095
21016,6271.114929
21017,4178.210064
21018,3953.614081
21019,6028.296777
21020,6506.482239
21021,5790.559363
21022,6518.26632
21023,7960.134938
21024,6686.693195
21025,6004.521915
21026,6537.074649
21027,6610.59081
21028,6107.225602
21029,6762.137648
21030,7406.668984
21031,7574.479301
21032,5951.444823
21033,7379.180112
21034,7829.391107
21035,7609.574219
21036,6388.165536
21037,7723.463511
21038,6305.99012
21039,6557.305555
21040,7458.855324
21041,6029.453475
21042,5975.768562
21043,7862.308498
21044,6406.336949
21045,5995.956137
21046,6092.81741
21047,7978.53906
21048,6154.579198
21049,7559.705442
21050,7906.14283
21051,7711.851975
21052,5945.984143
21053,8010.756956
21054,6458.259592
21055,7758.696422
21056,8021.319117
21057,7872.387822
21058,5959.143761
21059,7679.596832
21060,6256.252221
21061,6240.114141
21062,6708.69111
21063,7529.382564
21064,4604.86565
21065,4532.636615
21066,4618.614795
21067,4516.830123
21068,4585.716431
21069,5294.826873
21070,5239.269474
21071,4675.614805
21072,5331.790012
21073,5224.110492
21074,5283.516387
21075,5229.008175
21076,4549.508949
21077,5347.574847
21078,4631.69392
21079,4534.858116
21080,5282.488697
21081,4549.760682
21082,4581.954062
21083,4596.567187
21084,5256.111309
21085,4659.965654
21086,5336.44123
21087,4567.327236
21088,4645.35234
21089,5269.812254
21090,5240.950539
21091,4605.533736
21092,4617.64236
21093,5299.745962
21094,5315.794843
21095,4598.801292
21096,5254.009443
21097,4690.094451
21098,5291.36224
21099,4520.728415
21100,5307.753583
21101,4604.187224
21102,5268.61694
21103,5322.717556
21104,4565.512391
21105,5787.542236
21106,4845.672005
21107,5566.888841
21108,5552.179178
21109,4635.562489
21110,4917.735714
21111,4905.123531
21112,4828.404607
21113,5718.10532
21114,4704.396001
21115,5712.478315
21116,5801.93155
21117,5491.285608
21118,4634.485276
21119,4559.765896
21120,4981.345051
21121,5649.725448
21122,5726.538042
21123,4910.598879
21124,5788.520926
21125,5626.341951
21126,4685.230246
21127,4682.530233
21128,4651.606277
21129,4602.000495
21130,5572.369126
21131,4834.613223
21132,4774.643492
21133,4591.332902
21134,5701.014774
21135,4676.337339
21136,5875.395122
21137,4751.931556
21138,5775.911924
21139,4986.887739
21140,5716.339119
21141,5637.805689
21142,5642.378667
21143,4759.393162
21144,4543.671257
21145,5563.963042
21146,15864.57035
21147,15121.0687
21148,16694.89945
21149,16929.82749
21150,15041.48433
21151,16347.13039
21152,16143.50503
21153,15174.60786
21154,15577.87292
21155,16011.26021
21156,17049.30407
21157,17128.56754
21158,15640.72396
21159,16681.24014
21160,17260.94332
21161,15201.94622
21162,16914.41874
21163,15681.64721
21164,15604.44376
21165,17497.33179
21166,15480.73172
21167,16616.6027
21168,15096.70086
21169,15721.19964
21170,16991.25986
21171,17340.62629
21172,16837.45584
21173,15759.05134
21174,16969.92364
21175,15447.84253
21176,15915.84984
21177,16890.58687
21178,15837.05847
21179,15560.43569
21180,17419.38919
21181,16772.99447
21182,16851.17755
21183,16759.84755
21184,15995.34565
21185,15365.97514
21186,15283.78635
21187,11017.91194
21188,10285.03885
21189,10826.77193
21190,9688.781926
21191,10181.05313
21192,11248.77101
21193,10869.18698
21194,11122.60857
21195,9714.531899
21196,11144.29257
21197,9815.825937
21198,9840.292642
21199,10153.31493
21200,11097.3254
21201,10840.86931
21202,10218.73181
21203,10945.28582
21204,9819.572539
21205,11345.49249
21206,11477.84643
21207,10192.69961
21208,10891.70536
21209,9943.543598
21210,10966.54716
21211,10269.83955
21212,9966.195448
21213,11092.47886
21214,11374.5737
21215,10092.33173
21216,9945.589518
21217,10199.71599
21218,10147.93954
21219,11218.77784
21220,11224.45268
21221,11351.33288
21222,10071.6365
21223,10323.27182
21224,10996.06133
21225,10197.33634
21226,10071.47788
21227,6875.081543
21228,6840.232243
21229,5876.106611
21230,6063.258265
21231,5836.672615
21232,6733.106881
21233,6868.258933
21234,5755.624603
21235,5809.423518
21236,6812.792767
21237,6745.203817
21238,6688.011482
21239,6161.900486
21240,6732.538624
21241,6124.336368
21242,6986.241414
21243,6936.975679
21244,5766.780756
21245,5912.967575
21246,6918.02001
21247,5882.69164
21248,6797.63785
21249,5974.328676
21250,6002.798659
21251,6857.495168
21252,6035.085503
21253,6036.288259
21254,6924.66533
21255,6929.640555
21256,6750.322635
21257,6861.688553
21258,5785.299767
21259,5971.505526
21260,5908.479844
21261,6806.807807
21262,6098.864102
21263,5942.72678
21264,6162.264554
21265,5846.215089
21266,6098.831347
21267,6795.636475
21268,4634.469083
21269,6111.648737
21270,5712.384927
21271,6310.780205
21272,5909.248678
21273,4582.414161
21274,6141.765336
21275,4674.530129
21276,4529.467747
21277,6163.700771
21278,5849.988725
21279,6288.175342
21280,5172.33306
21281,4825.894877
21282,5993.78398
21283,6207.208258
21284,5124.554069
21285,4580.566524
21286,5067.952399
21287,5759.346134
21288,6014.685871
21289,5998.59267
21290,4677.396949
21291,6058.651638
21292,4917.088016
21293,5863.996618
21294,5274.178346
21295,4728.91159
21296,6146.781081
21297,5844.293522
21298,5023.860762
21299,4436.274006
21300,4617.374392
21301,5368.20522
21302,4876.023119
21303,4766.732781
21304,6294.577916
21305,4974.999847
21306,5609.476233
21307,4479.870367
21308,5218.576851
21309,5176.377663
21310,5501.527716
21311,5108.297209
21312,5312.981498
21313,4748.418489
21314,5408.630908
21315,5222.251963
21316,5270.06325
21317,5232.372507
21318,5514.508232
21319,5256.568279
21320,5455.895069
21321,4618.303478
21322,5315.238997
21323,4904.84367
21324,4795.385421
21325,5407.571829
21326,5031.270447
21327,5186.868126
21328,4981.470896
21329,5548.446392
21330,5420.652697
21331,4888.180486
21332,5001.489181
21333,4712.788788
21334,5326.877853
21335,5209.924812
21336,5230.431963
21337,4655.342936
21338,5502.635395
21339,5158.590976
21340,4842.195539
21341,5075.284571
21342,5233.267883
21343,5594.827347
21344,5129.448129
21345,4702.89472
21346,4936.562999
21347,5363.182106
21348,4808.424875
21349,5165.773163
21350,6381.807906
21351,6336.891411
21352,6059.018587
21353,5373.618829
21354,6339.032327
21355,6274.586196
21356,6374.029893
21357,6443.661112
21358,6213.314242
21359,6276.213384
21360,5099.921357
21361,5170.001728
21362,5391.232507
21363,5436.67743
21364,6253.584322
21365,6120.888649
21366,6397.735527
21367,5124.42898
21368,6188.419277
21369,5167.031021
21370,5543.436125
21371,5629.097031
21372,5480.600129
21373,5143.747989
21374,6318.305646
21375,5573.533372
21376,5357.181312
21377,5500.640554
21378,5565.001862
21379,6401.395446
21380,6150.789932
21381,5108.947587
21382,6211.002681
21383,5451.306106
21384,5512.026514
21385,5606.824656
21386,5331.516777
21387,5139.757593
21388,5418.523044
21389,6244.141288
21390,6182.583503
21391,5061.118789
21392,4788.602009
21393,4278.974401
21394,4805.958248
21395,4821.296895
21396,4400.566448
21397,5187.347824
21398,5047.699029
21399,4020.810973
21400,4948.449509
21401,0
21402,0
21403,0
21404,0
21405,0
21406,0
21407,0
21408,0
21409,0
21410,0
21411,0
21412,0
21413,0
21414,0
21415,0
21416,0
21417,0
21418,0
21419,0
21420,0
21421,0
21422,0
21423,0
21424,0
21425,0
21426,0
21427,0
21428,0
21429,0
21430,0
21431,0
21432,0
21433,0
21434,0
21435,0
21436,0
21437,0
21438,0
21439,0
21440,0
21441,0
21442,0
21443,0
21444,0
21445,0
21446,0
21447,0
21448,0
21449,0
21450,0
21451,0
21452,0
21453,0
21454,0
21455,0
21456,0
21457,0
21458,0
21459,0
21460,0
21461,0
21462,0
21463,0
21464,0
21465,0
21466,0
21467,0
21468,0
21469,0
21470,0
21471,0
21472,0
21473,0
21474,0
21475,0
21476,0
21477,0
21478,0
21479,0
21480,0
21481,0
21482,0
21483,0
21484,0
21485,0
21486,0
21487,0
21488,0
21489,0
21490,0
21491,0
21492,3892.952018
21493,0
21494,0
21495,0
21496,0
21497,0
21498,0
21499,0
21500,0
21501,0
21502,0
21503,0
21504,0
21505,0
21506,0
21507,0
21508,0
21509,0
21510,0
21511,0
21512,0
21513,0
21514,0
21515,0
21516,0
21517,0
21518,0
21519,0
21520,0
21521,0
21522,0
21523,0
21524,0
21525,0
21526,0
21527,0
21528,0
21529,0
21530,0
21531,0
21532,0
21533,0
21534,0
21535,0
21536,0
21537,0
21538,0
21539,0
21540,0
21541,0
21542,0
21543,0
21544,0
21545,0
21546,0
21547,0
21548,0
21549,0
21550,0
21551,0
21552,0
21553,0
21554,0
21555,0
21556,0
21557,0
21558,0
21559,0
21560,3781.62575
21561,0
21562,0
21563,0
21564,0
21565,0
21566,0
21567,0
21568,0
21569,0
21570,0
21571,0
21572,0
21573,0
21574,0
21575,0
21576,0
21577,0
21578,0
21579,0
21580,0
21581,0
21582,0
21583,0
21584,0
21585,0
21586,0
21587,0
21588,0
21589,0
21590,0
21591,0
21592,0
21593,0
21594,0
21595,0
21596,0
21597,0
21598,0
21599,0
21600,0
21601,3770.357683
21602,5179.26712
21603,0
21604,0
21605,0
21606,0
21607,0
21608,0
21609,0
21610,4918.238288
21611,0
21612,0
21613,0
21614,0
21615,0
21616,0
21617,0
21618,0
21619,0
21620,0
21621,0
21622,0
21623,0
21624,0
21625,0
21626,0
21627,0
21628,0
21629,3780.988961
21630,0
21631,0
21632,0
21633,0
21634,0
21635,0
21636,0
21637,0
21638,0
21639,5074.003519
21640,0
21641,0
21642,0
21643,0
21644,0
21645,0
21646,0
21647,0
21648,0
21649,0
21650,0
21651,0
21652,0
21653,0
21654,0
21655,0
21656,0
21657,4933.061871
21658,0
21659,0
21660,0
21661,0
21662,0
21663,0
21664,0
21665,0
21666,0
21667,0
21668,0
21669,0
21670,0
21671,0
21672,0
21673,0
21674,5176.406629
21675,0
21676,0
21677,0
21678,0
21679,0
21680,0
21681,0
21682,0
21683,0
21684,0
21685,0
21686,0
21687,0
21688,0
21689,0
21690,0
21691,0
21692,0
21693,0
21694,0
21695,0
21696,0
21697,0
21698,0
21699,0
21700,0
21701,0
21702,0
21703,0
21704,0
21705,0
21706,0
21707,0
21708,0
21709,0
21710,0
21711,0
21712,0
21713,0
21714,0
21715,0
21716,0
21717,0
21718,0
21719,0
21720,0
21721,0
21722,0
21723,0
21724,0
21725,0
21726,0
21727,0
21728,0
21729,0
21730,0
21731,0
21732,0
21733,0
21734,0
21735,0
21736,4146.548288
21737,0
21738,0
21739,0
21740,0
21741,0
21742,0
21743,0
21744,0
21745,0
21746,0
21747,0
21748,0
21749,0
21750,3762.213229
21751,0
21752,0
21753,0
21754,0
21755,0
21756,0
21757,0
21758,0
21759,0
21760,0
21761,0
21762,0
21763,0
21764,0
21765,0
21766,0
21767,0
21768,0
21769,0
21770,0
21771,0
21772,0
21773,0
21774,0
21775,0
21776,0
21777,0
21778,0
21779,0
21780,0
21781,0
21782,0
21783,0
21784,0
21785,0
21786,0
21787,0
21788,0
21789,0
21790,0
21791,0
21792,0
21793,4169.614785
21794,0
21795,0
21796,0
21797,0
21798,0
21799,0
21800,0
21801,0
21802,0
21803,4039.739082
21804,0
21805,0
21806,0
21807,4803.414958
21808,0
21809,0
21810,0
21811,0
21812,0
21813,0
21814,0
21815,0
21816,0
21817,0
21818,0
21819,0
21820,0
21821,0
21822,0
21823,0
21824,0
21825,0
21826,0
21827,0
21828,0
21829,0
21830,0
21831,0
21832,0
21833,0
21834,3765.347858
21835,0
21836,0
21837,0
21838,0
21839,0
21840,0
21841,0
21842,0
21843,0
21844,0
21845,0
21846,0
21847,0
21848,4407.755623
21849,0
21850,0
21851,0
21852,0
21853,0
21854,0
21855,0
21856,0
21857,0
21858,0
21859,0
21860,0
21861,0
21862,0
21863,0
21864,0
21865,0
21866,0
21867,0
21868,0
21869,0
21870,0
21871,0
21872,0
21873,0
21874,0
21875,0
21876,0
21877,0
21878,0
21879,0
21880,0
21881,0
21882,0
21883,0
21884,0
21885,0
21886,0
21887,0
21888,0
21889,0
21890,0
21891,0
21892,0
21893,0
21894,0
21895,0
21896,0
21897,0
21898,0
21899,0
21900,0
21901,0
21902,0
21903,0
21904,0
21905,0
21906,0
21907,0
21908,0
21909,0
21910,0
21911,0
21912,0
21913,0
21914,0
21915,0
21916,0
21917,0
21918,0
21919,0
21920,0
21921,0
21922,0
21923,4273.094654
21924,0
21925,0
21926,0
21927,0
21928,0
21929,0
21930,0
21931,0
21932,0
21933,0
21934,0
21935,0
21936,0
21937,0
21938,0
21939,0
21940,0
21941,0
21942,0
21943,0
21944,0
21945,0
21946,0
21947,0
21948,0
21949,0
21950,0
21951,0
21952,0
21953,0
21954,0
21955,0
21956,0
21957,0
21958,0
21959,0
21960,0
21961,0
21962,0
21963,0
21964,0
21965,0
21966,0
21967,4672.90794
21968,4692.581713
21969,0
21970,0
21971,0
21972,0
21973,0
21974,0
21975,0
21976,0
21977,0
21978,0
21979,0
21980,0
21981,0
21982,0
21983,0
21984,0
21985,0
21986,0
21987,0
21988,0
21989,0
21990,0
21991,0
21992,0
21993,0
21994,0
21995,0
21996,3773.112326
21997,0
21998,0
21999,0
22000,0
22001,0
22002,0
22003,0
22004,0
22005,0
22006,0
22007,0
22008,0
22009,0
22010,0
22011,0
22012,0
22013,0
22014,0
22015,0
22016,0
22017,0
22018,0
22019,0
22020,0
22021,0
22022,0
22023,0
22024,0
22025,0
22026,0
22027,0
22028,0
22029,0
22030,0
22031,0
22032,0
22033,0
22034,0
22035,0
22036,0
22037,0
22038,0
22039,0
22040,0
22041,0
22042,0
22043,0
22044,0
22045,0
22046,0
22047,0
22048,0
22049,0
22050,0
22051,0
22052,0
22053,0
22054,0
22055,0
22056,0
22057,0
22058,0
22059,0
22060,0
22061,0
22062,0
22063,0
22064,0
22065,0
22066,4021.221042
22067,0
22068,0
22069,0
22070,3910.256221
22071,0
22072,0
22073,0
22074,0
22075,0
22076,0
22077,0
22078,0
22079,0
22080,0
22081,0
22082,0
22083,0
22084,0
22085,0
22086,0
22087,0
22088,0
22089,0
22090,0
22091,0
22092,0
22093,0
22094,0
22095,0
22096,0
22097,0
22098,0
22099,0
22100,0
22101,0
22102,0
22103,0
22104,0
22105,0
22106,0
22107,0
22108,0
22109,0
22110,0
22111,0
22112,0
22113,0
22114,0
22115,0
22116,0
22117,0
22118,0
22119,0
22120,0
22121,4934.53529
22122,0
22123,0
22124,0
22125,0
22126,0
22127,0
22128,0
22129,0
22130,0
22131,0
22132,0
22133,0
22134,0
22135,0
22136,4299.270127
22137,0
22138,0
22139,0
22140,0
22141,0
22142,0
22143,0
22144,0
22145,0
22146,0
22147,0
22148,0
22149,0
22150,0
22151,0
22152,0
22153,0
22154,0
22155,0
22156,0
22157,0
22158,0
22159,0
22160,0
22161,0
22162,0
22163,0
22164,0
22165,0
22166,0
22167,0
22168,0
22169,0
22170,0
22171,0
22172,0
22173,0
22174,0
22175,0
22176,0
22177,0
22178,0
22179,0
22180,0
22181,0
22182,0
22183,0
22184,0
22185,0
22186,0
22187,0
22188,0
22189,0
22190,0
22191,0
22192,0
22193,0
22194,0
22195,0
22196,0
22197,0
22198,0
22199,0
22200,5190.594258
22201,0
22202,0
22203,0
22204,0
22205,0
22206,0
22207,0
22208,0
22209,0
22210,0
22211,0
22212,0
22213,0
22214,0
22215,0
22216,0
22217,0
22218,0
22219,0
22220,0
22221,0
22222,0
22223,0
22224,0
22225,0
22226,0
22227,0
22228,0
22229,0
22230,0
22231,0
22232,0
22233,0
22234,0
22235,0
22236,0
22237,0
22238,0
22239,0
22240,0
22241,4149.951864
22242,4428.096403
22243,0
22244,0
22245,0
22246,0
22247,0
22248,0
22249,0
22250,0
22251,0
22252,0
22253,0
22254,0
22255,0
22256,0
22257,4659.501091
22258,3895.540299
22259,5062.81539
22260,3793.703602
22261,10430.39794
22262,10655.251
22263,10543.84361
22264,8879.192756
22265,9451.155746
22266,10192.91149
22267,10509.02686
22268,10315.29118
22269,8582.132231
22270,10049.49735
22271,10280.16017
22272,8570.307546
22273,9969.499442
22274,9538.974452
22275,8614.94167
22276,10192.34253
22277,10394.62569
22278,8764.928894
22279,9222.381296
22280,10199.37143
22281,10622.74773
22282,9205.972915
22283,9096.103154
22284,10081.75655
22285,9935.781898
22286,9108.5271
22287,8568.101724
22288,8598.068633
22289,9110.809851
22290,10166.35239
22291,8651.452728
22292,8993.913442
22293,9427.141673
22294,9337.433207
22295,9223.949019
22296,9316.189494
22297,9564.889953
22298,10275.27258
22299,10162.70981
22300,9855.684635
22301,8671.299644
22302,5107.077108
22303,5731.664782
22304,4926.88536
22305,5070.307587
22306,5126.684271
22307,5608.336291
22308,5618.542938
22309,5755.601377
22310,5121.751322
22311,5675.77619
22312,5030.385932
22313,5060.66717
22314,5712.850513
22315,5637.857655
22316,5626.46337
22317,4948.207416
22318,5657.031728
22319,5623.480004
22320,5671.539503
22321,5773.082831
22322,5662.626137
22323,4980.158363
22324,5054.382652
22325,5736.760703
22326,5081.518738
22327,5084.521501
22328,5748.845177
22329,5041.711149
22330,5080.619707
22331,5789.229324
22332,5014.968262
22333,5692.615661
22334,5046.427683
22335,5599.523078
22336,5101.18879
22337,5088.256884
22338,5644.533424
22339,5141.636856
22340,5017.687559
22341,5146.719987
22342,5063.443248
22343,6162.715201
22344,5614.197831
22345,5608.60778
22346,5614.501914
22347,5616.053055
22348,6155.020539
22349,6163.162903
22350,6153.042864
22351,5608.621663
22352,6163.334658
22353,5609.352957
22354,6153.307647
22355,5612.712843
22356,6152.810717
22357,6153.666732
22358,5611.056642
22359,6162.404848
22360,6154.458766
22361,6152.141149
22362,5610.21023
22363,5610.932274
22364,5611.588368
22365,5609.519563
22366,5610.799874
22367,6153.16038
22368,6162.917041
22369,6159.570386
22370,5620.910398
22371,6161.650192
22372,5612.885582
22373,5619.148536
22374,6158.221067
22375,5610.598299
22376,6153.7247
22377,5610.637514
22378,5613.825293
22379,6163.063519
22380,6160.044847
22381,5611.518707
22382,5608.338923
22383,6883.418279
22384,6680.387611
22385,7852.767658
22386,6863.807673
22387,7891.849528
22388,8018.09981
22389,8007.382862
22390,6735.518062
22391,7838.269725
22392,7947.820173
22393,7834.616152
22394,7932.701531
22395,6931.996954
22396,6980.549078
22397,7773.711244
22398,6864.430321
22399,6790.837337
22400,6846.883534
22401,7894.878151
22402,6750.303515
22403,6864.975624
22404,6961.865743
22405,7759.249371
22406,6806.58784
22407,7908.6298
22408,6921.899412
22409,6946.001547
22410,7795.494155
22411,6923.890706
22412,6906.646763
22413,7817.170256
22414,6903.916701
22415,7045.248924
22416,8064.180729
22417,6806.343453
22418,7776.004406
22419,7951.118387
22420,7963.510431
22421,6984.381984
22422,7875.050948
22423,6973.061069
22424,4465.685337
22425,5189.112498
22426,4518.672524
22427,4658.903972
22428,4519.699429
22429,5348.783355
22430,5189.379207
22431,5352.42357
22432,5257.253345
22433,5242.82593
22434,4719.176166
22435,5264.06092
22436,4532.673899
22437,5236.130772
22438,4589.106436
22439,5402.260792
22440,4625.74033
22441,5312.048836
22442,5134.50323
22443,4735.852109
22444,4646.218064
22445,4713.011551
22446,4680.418106
22447,4633.818526
22448,5295.903394
22449,5291.532771
22450,4687.844758
22451,4411.115698
22452,5298.167645
22453,5346.980034
22454,4703.520805
22455,5243.895269
22456,5366.02428
22457,5406.987442
22458,4571.889511
22459,5201.61153
22460,4575.302499
22461,4464.955525
22462,4477.212944
22463,4760.514131
22464,4631.479965
22465,5904.977416
22466,6050.814561
22467,6821.785659
22468,5611.802429
22469,6999.07091
22470,7251.606419
22471,7182.681913
22472,6808.778951
22473,6893.461221
22474,6237.638262
22475,6715.687612
22476,7033.367359
22477,6131.376857
22478,6010.663902
22479,6702.96937
22480,7138.151176
22481,5946.389989
22482,7103.18264
22483,6679.193199
22484,5706.690093
22485,5591.581974
22486,5573.678857
22487,5799.902696
22488,6024.599968
22489,5694.192332
22490,7016.886574
22491,5842.860009
22492,6116.693298
22493,6786.63172
22494,5811.837617
22495,6156.041156
22496,6938.523072
22497,7147.423325
22498,6927.834774
22499,7043.10543
22500,5558.828719
22501,5740.06944
22502,5637.705722
22503,5917.908799
22504,5695.483849
22505,6913.452519
22506,7718.27926
22507,7916.349271
22508,6237.098685
22509,7822.437851
22510,8042.257712
22511,8003.212531
22512,7624.975357
22513,6585.90185
22514,7661.920711
22515,7755.879415
22516,7905.12717
22517,6425.969253
22518,6679.75878
22519,6521.039537
22520,6397.706357
22521,7631.250943
22522,6240.414189
22523,6259.83529
22524,6493.896375
22525,6331.675996
22526,6312.449457
22527,7949.775065
22528,7727.186728
22529,6616.305884
22530,7811.789139
22531,6234.845411
22532,6491.05626
22533,7939.839825
22534,6402.81109
22535,6711.105937
22536,6243.752972
22537,6249.597776
22538,6585.185656
22539,6272.35241
22540,6678.777206
22541,7998.045171
22542,7764.839263
22543,6305.245098
22544,7857.317743
22545,7848.544743
22546,8008.624721
22547,7465.67772
22548,8606.333331
22549,8694.215053
22550,7118.096732
22551,7517.629624
22552,8776.671551
22553,7443.197237
22554,8710.613356
22555,8719.056577
22556,7355.843657
22557,8769.125186
22558,8542.227604
22559,8598.702958
22560,7287.904392
22561,8424.678175
22562,7361.908511
22563,8622.546977
22564,7368.838537
22565,7232.481937
22566,8783.375355
22567,8701.779793
22568,7345.552645
22569,7502.125961
22570,8789.239558
22571,7273.594753
22572,7525.756111
22573,8410.161549
22574,8614.405264
22575,7533.789416
22576,7078.047188
22577,8733.394684
22578,7436.424986
22579,7509.689941
22580,7350.498511
22581,8726.715279
22582,7457.817135
22583,8417.501424
22584,8630.43409
22585,7450.30994
22586,7219.664179
22587,8004.860802
22588,7879.299355
22589,6639.610635
22590,6584.652641
22591,7996.893332
22592,8051.997429
22593,7899.950933
22594,7953.966546
22595,7894.759933
22596,8060.058957
22597,6737.631734
22598,6629.548041
22599,6642.407527
22600,6834.397227
22601,6848.067946
22602,6792.378949
22603,6752.341849
22604,7883.485551
22605,6843.467505
22606,6815.162239
22607,7992.553399
22608,8007.639877
22609,7949.906458
22610,7940.714692
22611,6814.100908
22612,6768.478042
22613,6809.82715
22614,7822.535176
22615,7845.005886
22616,6698.560745
22617,6878.683393
22618,6695.511063
22619,6683.531248
22620,7788.850818
22621,6852.290741
22622,7936.033099
22623,6755.87935
22624,6789.382491
22625,7902.121069
22626,6872.694791
22627,7839.114321
22628,4643.110014
22629,3697.311321
22630,3586.456204
22631,4002.330333
22632,4080.158778
22633,4054.66513
22634,4504.004791
22635,4687.144956
22636,3410.116556
22637,4661.613036
22638,3916.65404
22639,3472.963494
22640,4550.256908
22641,3724.631588
22642,4450.517234
22643,3671.874382
22644,4799.281511
22645,4960.449689
22646,4781.057837
22647,4725.729629
22648,4364.323592
22649,3834.543956
22650,3463.254025
22651,3449.139704
22652,4386.011701
22653,3402.887208
22654,3807.176179
22655,3863.407257
22656,4523.733465
22657,3537.203516
22658,4917.53677
22659,3943.275761
22660,3560.649822
22661,4140.869697
22662,4936.489395
22663,4823.863742
22664,4588.742727
22665,3424.470018
22666,3441.742161
22667,4914.485606
22668,4861.342735
22669,6025.551892
22670,5635.828465
22671,5660.59773
22672,6071.269014
22673,5526.021389
22674,6116.690677
22675,5620.522592
22676,5639.41611
22677,5508.133673
22678,6214.999829
22679,5570.489127
22680,5558.200429
22681,5594.985681
22682,6302.56157
22683,6109.803213
22684,5617.459253
22685,5665.298971
22686,5615.426802
22687,6161.403346
22688,6153.810733
22689,6205.18671
22690,5612.642362
22691,5595.653101
22692,5567.636257
22693,5996.655201
22694,5551.228853
22695,6258.919945
22696,5576.164834
22697,5705.64993
22698,6065.089609
22699,6175.549876
22700,5488.815014
22701,5532.298764
22702,6041.622988
22703,5465.451022
22704,6197.04584
22705,6131.367784
22706,6086.651723
22707,6210.65876
22708,6150.878254
22709,6329.388382
22710,7631.795941
22711,6154.724461
22712,6461.401269
22713,6470.521027
22714,6254.408697
22715,7427.050556
22716,6535.88733
22717,6468.722278
22718,6640.122534
22719,6563.99687
22720,6357.238638
22721,6744.544911
22722,7324.674022
22723,7530.131275
22724,7529.684992
22725,6642.368307
22726,6152.064499
22727,7498.083069
22728,7702.431925
22729,7221.744079
22730,6432.233065
22731,6256.738264
22732,6564.195204
22733,6554.450212
22734,7384.92961
22735,7488.040855
22736,6460.491868
22737,7804.772045
22738,7632.918014
22739,6358.927668
22740,7395.719032
22741,7427.329494
22742,6381.824198
22743,6735.984807
22744,7591.008947
22745,7323.785217
22746,6554.751127
22747,7394.708967
22748,7578.291834
22749,7600.271767
22750,9024.452959
22751,10248.25787
22752,8962.331806
22753,9180.379644
22754,8841.380777
22755,8865.831851
22756,9095.134811
22757,10261.02484
22758,10457.91382
22759,10388.77439
22760,8906.114983
22761,10325.18323
22762,8723.855527
22763,8820.476156
22764,10389.16317
22765,8746.865271
22766,9054.096316
22767,8907.601109
22768,8901.30105
22769,10450.73024
22770,8969.888103
22771,9032.446806
22772,9117.419112
22773,8858.363633
22774,8782.355809
22775,10326.41858
22776,10395.57148
22777,10375.33405
22778,10185.32001
22779,8928.033025
22780,10382.04886
22781,10438.52313
22782,10512.35337
22783,10333.00008
22784,8845.630985
22785,10511.01698
22786,10519.93624
22787,8990.84998
22788,8783.97039
22789,10311.76548
22790,10451.25763
22791,8900.349722
22792,9232.407952
22793,7461.191225
22794,9511.430223
22795,9228.715427
22796,9029.495341
22797,7873.355576
22798,8035.566328
22799,7422.12288
22800,7934.479943
22801,8938.43293
22802,9066.753374
22803,9064.647805
22804,8265.605812
22805,7895.383646
22806,9557.032499
22807,9103.102434
22808,7402.587347
22809,8060.690961
22810,9392.883494
22811,8198.666488
22812,8100.365839
22813,9358.410246
22814,7438.226725
22815,8865.684423
22816,7768.501953
22817,9559.528653
22818,9428.415863
22819,9193.859868
22820,7730.444725
22821,7391.04323
22822,9522.828372
22823,7566.147392
22824,7551.356695
22825,7390.87235
22826,7440.137675
22827,7712.020843
22828,8226.052902
22829,7602.957908
22830,9266.469459
22831,9396.758325
22832,7567.706275
22833,7525.617025
22834,7609.769057
22835,6723.506168
22836,6861.069859
22837,7796.326098
22838,6799.454056
22839,7837.38321
22840,7440.400622
22841,6680.389336
22842,6841.473275
22843,7757.346149
22844,6779.676103
22845,7549.190397
22846,7716.915876
22847,6884.036096
22848,6969.893617
22849,6811.999698
22850,6820.209986
22851,7011.027788
22852,7676.451248
22853,7508.188377
22854,7712.106501
22855,7674.060533
22856,6856.313408
22857,7651.794214
22858,6900.004861
22859,6767.536176
22860,6929.994673
22861,6944.574866
22862,6987.138904
22863,6926.921222
22864,7033.253129
22865,7056.483924
22866,6758.078046
22867,7590.295714
22868,7631.837635
22869,7635.575197
22870,7594.012348
22871,6902.506719
22872,7754.592087
22873,4061.783942
22874,5252.03122
22875,4989.042754
22876,4801.28773
22877,5148.757578
22878,4946.898325
22879,4927.993668
22880,3882.290363
22881,3395.494664
22882,5486.245776
22883,4203.460125
22884,4364.943535
22885,3738.966452
22886,4765.102891
22887,3925.381168
22888,4785.474834
22889,3456.828579
22890,4385.794326
22891,3416.815567
22892,3766.262997
22893,4042.526844
22894,4829.04098
22895,4404.08801
22896,3433.374211
22897,5267.045517
22898,5284.387206
22899,5107.44903
22900,5458.454974
22901,4244.120196
22902,3428.588616
22903,4223.888684
22904,3900.011056
22905,3383.487229
22906,5090.506309
22907,5412.282352
22908,4084.59195
22909,3722.655677
22910,5123.636529
22911,4962.480332
22912,5444.529476
22913,8504.89914
22914,8610.135833
22915,8256.536144
22916,8047.995775
22917,8722.428013
22918,7836.848117
22919,8258.971918
22920,8448.783545
22921,8759.678033
22922,8753.054572
22923,8826.444193
22924,8440.681062
22925,8544.62012
22926,8262.135296
22927,8007.506485
22928,7942.063646
22929,8335.535333
22930,7732.555753
22931,7728.240413
22932,8046.504129
22933,8656.10015
22934,8217.346868
22935,7800.170704
22936,7833.407948
22937,8112.089558
22938,7903.626585
22939,7939.670154
22940,8267.364934
22941,8715.097889
22942,8512.88911
22943,8552.592963
22944,8328.86492
22945,8153.119667
22946,8154.168623
22947,8336.510754
22948,8399.659519
22949,8322.975839
22950,8648.646707
22951,8617.93543
22952,8344.372535
22953,6461.130006
22954,6397.264555
22955,5426.713423
22956,5358.90779
22957,6481.499653
22958,5460.248198
22959,6547.166409
22960,5375.881668
22961,5550.055036
22962,6502.177946
22963,6536.541512
22964,5361.520481
22965,6467.668888
22966,6426.250531
22967,5524.958026
22968,5408.286892
22969,6526.546046
22970,6514.416658
22971,5363.173741
22972,6524.928842
22973,5490.879135
22974,5541.524497
22975,6417.797052
22976,5425.602581
22977,6454.356076
22978,6490.305406
22979,6557.909232
22980,5514.599149
22981,5478.718542
22982,5457.739757
22983,5506.717836
22984,6494.583467
22985,5387.205506
22986,5443.095866
22987,5394.223306
22988,5366.036315
22989,6448.203938
22990,5393.888123
22991,5374.543731
22992,6535.798571
22993,6432.519798
22994,3859.07483
22995,5004.606847
22996,4145.564335
22997,4728.212562
22998,4167.849209
22999,4846.837607
23000,5037.573259
23001,3876.166829
23002,3861.856352
23003,4416.546827
23004,4854.092513
23005,4325.424176
23006,4912.378115
23007,4972.016047
23008,4103.310978
23009,4938.211736
23010,4760.886613
23011,4695.743047
23012,4010.949505
23013,3906.85997
23014,4966.246934
23015,4259.532015
23016,5029.242066
23017,4755.212952
23018,4379.948094
23019,3919.12574
23020,4877.367882
23021,3892.479902
23022,4056.797823
23023,3937.673143
23024,4351.417397
23025,4946.487036
23026,4195.896374
23027,4076.496977
23028,5127.154572
23029,4288.262275
23030,4443.274964
23031,4820.092261
23032,4787.190714
23033,5096.401598
23034,4235.071565
23035,7720.666897
23036,6186.292151
23037,6338.47015
23038,7838.364984
23039,5955.13976
23040,7417.811709
23041,6868.824801
23042,7305.225049
23043,7968.052987
23044,6457.720479
23045,6054.354066
23046,6118.354188
23047,6192.752951
23048,7692.177744
23049,6476.90323
23050,7695.812975
23051,6006.573497
23052,7830.364874
23053,7553.37685
23054,6062.914387
23055,6322.045513
23056,7554.785657
23057,6860.774736
23058,7835.468974
23059,6332.152266
23060,7413.250134
23061,6730.761466
23062,7977.476164
23063,7698.318256
23064,7583.697495
23065,6753.235718
23066,6612.998242
23067,6472.40096
23068,6200.55148
23069,7973.305844
23070,6004.316571
23071,6593.801168
23072,6721.291484
23073,7445.154804
23074,7557.87771
23075,8099.857726
23076,7283.76558
23077,8054.24487
23078,6391.649211
23079,5955.437488
23080,7770.177393
23081,6339.829745
23082,7551.529349
23083,6002.459086
23084,5908.60258
23085,8206.761788
23086,6022.980022
23087,7568.429057
23088,5927.311482
23089,7722.2755
23090,6173.275213
23091,8008.670413
23092,6610.580947
23093,7399.201491
23094,6990.544362
23095,7789.199447
23096,7049.644764
23097,7988.6099
23098,7941.711626
23099,6555.930311
23100,6124.178655
23101,6772.796064
23102,5987.631633
23103,6661.568615
23104,7502.791496
23105,8226.439542
23106,7102.191282
23107,8110.81517
23108,6221.322761
23109,7837.397988
23110,6882.137627
23111,7618.987627
23112,6441.121655
23113,7347.098135
23114,6040.348796
23115,6830.039259
23116,8160.674537
23117,5757.004992
23118,5450.276681
23119,7245.460158
23120,5480.934314
23121,7006.245892
23122,6825.492038
23123,5437.705869
23124,6176.414174
23125,7401.234422
23126,6980.880143
23127,5472.391482
23128,7099.783454
23129,6039.469958
23130,5461.855503
23131,5590.126629
23132,5730.496766
23133,6181.063321
23134,6865.253835
23135,7261.554228
23136,5933.939322
23137,6816.177782
23138,7121.44072
23139,5618.761918
23140,7106.904778
23141,6035.834642
23142,5897.270424
23143,6722.838663
23144,5443.500076
23145,7145.51255
23146,7407.960692
23147,7241.156371
23148,6957.918714
23149,6579.689027
23150,5755.043215
23151,5792.533897
23152,7381.651207
23153,6966.87527
23154,5613.307405
23155,5895.985611
23156,5470.085552
23157,5871.389866
23158,6874.497314
23159,6092.552592
23160,6924.412632
23161,6157.031892
23162,6092.260497
23163,6127.938805
23164,5996.930629
23165,6841.902884
23166,6126.842489
23167,5959.130654
23168,6058.22626
23169,6934.125977
23170,6056.485589
23171,6858.895154
23172,6800.530618
23173,6891.499069
23174,6120.514499
23175,6908.130642
23176,6809.51656
23177,6130.844209
23178,6827.366345
23179,6141.490066
23180,6858.278994
23181,6027.68455
23182,6090.657962
23183,6972.078394
23184,6795.366114
23185,6940.626358
23186,6873.181561
23187,5991.244189
23188,6058.785572
23189,5987.213665
23190,6890.280817
23191,5954.489281
23192,6903.732853
23193,6168.994439
23194,6123.456709
23195,6024.325496
23196,6021.28581
23197,6922.006542
23198,6824.968539
23199,5649.597049
23200,5523.37422
23201,6633.246177
23202,6825.264401
23203,7516.901549
23204,6764.128575
23205,7282.393911
23206,7388.462669
23207,7002.887126
23208,7180.387628
23209,6418.333696
23210,6747.275076
23211,5471.712384
23212,6103.928912
23213,6051.583233
23214,5588.042153
23215,5458.595027
23216,7327.095143
23217,5858.161183
23218,5348.968946
23219,7196.011333
23220,7369.267916
23221,7135.228088
23222,5914.168325
23223,6809.699255
23224,6295.112782
23225,5351.768122
23226,5538.56429
23227,5725.837152
23228,6941.690068
23229,5396.490362
23230,5841.185658
23231,6033.304222
23232,6225.790354
23233,5664.667716
23234,7208.187357
23235,6244.246919
23236,6571.752406
23237,7016.950046
23238,5279.680804
23239,6617.2071
23240,6888.547969
23241,6830.943065
23242,6858.809572
23243,7707.827886
23244,6930.666389
23245,7863.311505
23246,7905.470214
23247,6790.565449
23248,6821.067699
23249,6874.127656
23250,7807.609878
23251,7835.980356
23252,6704.136648
23253,6944.985173
23254,7767.989674
23255,7677.659911
23256,6776.188929
23257,7741.157024
23258,6805.5778
23259,7891.086049
23260,7876.328135
23261,6845.241629
23262,7794.621217
23263,6802.339592
23264,6826.83229
23265,6916.417962
23266,6834.904109
23267,6859.658225
23268,6762.453373
23269,6888.015671
23270,6902.225952
23271,7679.848015
23272,7781.204282
23273,7754.712575
23274,7919.517204
23275,7821.997897
23276,7849.688279
23277,7797.932141
23278,6733.737163
23279,7693.992011
23280,5937.680883
23281,5945.711263
23282,5825.505619
23283,5134.484155
23284,6088.143931
23285,5224.607905
23286,5173.398607
23287,6126.416963
23288,5297.267233
23289,6111.339961
23290,5153.031813
23291,5082.17128
23292,5401.202016
23293,5371.055992
23294,5183.783956
23295,5098.712671
23296,5108.433991
23297,6053.795417
23298,5084.912567
23299,5337.085372
23300,5979.200167
23301,5049.882016
23302,5104.237692
23303,5260.168263
23304,5987.011589
23305,6013.145344
23306,5063.329245
23307,5248.920231
23308,6094.874132
23309,5862.170175
23310,6131.946089
23311,5413.806116
23312,5489.581996
23313,5787.175452
23314,5902.869775
23315,5325.012279
23316,6169.29448
23317,6060.291087
23318,6020.322331
23319,5049.875084
23320,5912.098589
23321,7445.72133
23322,7377.804235
23323,7683.858952
23324,7615.253058
23325,7572.351255
23326,7011.581915
23327,6975.275672
23328,7430.430499
23329,7047.764075
23330,7133.906388
23331,6804.949408
23332,6963.748216
23333,7129.049764
23334,7581.329495
23335,7066.020054
23336,7443.186307
23337,6771.155037
23338,7033.589494
23339,6928.72876
23340,6894.281223
23341,7172.686333
23342,7099.506153
23343,7475.903225
23344,7067.821534
23345,7410.576997
23346,6839.910043
23347,7509.0632
23348,7650.876592
23349,7547.293696
23350,6970.894998
23351,7098.62857
23352,7513.340582
23353,7478.508372
23354,7541.30361
23355,7167.150185
23356,7002.035968
23357,7715.845473
23358,7510.223528
23359,6828.222461
23360,7616.759584
23361,6860.746207
23362,7322.66006
23363,7216.055778
23364,7543.452414
23365,7361.983263
23366,7142.997384
23367,7103.155135
23368,7210.498834
23369,7911.949507
23370,7608.344252
23371,7581.400561
23372,7722.234847
23373,7323.279171
23374,6706.82572
23375,7434.33098
23376,6882.170931
23377,7214.31503
23378,7684.348047
23379,8084.261652
23380,7248.606034
23381,6664.722225
23382,6663.124706
23383,8089.237696
23384,6924.618892
23385,7389.006531
23386,7870.875027
23387,7865.552668
23388,7652.587252
23389,7102.154237
23390,7428.801558
23391,7474.336358
23392,7827.512125
23393,7681.44824
23394,7693.227944
23395,7647.109212
23396,7689.21572
23397,7685.986048
23398,8130.407208
23399,7543.128456
23400,6883.526948
23401,7726.972179
23402,6818.720145
23403,5166.4003
23404,7133.128736
23405,7049.053458
23406,5081.248447
23407,7209.856932
23408,4959.156982
23409,5487.11038
23410,6801.747487
23411,4888.703357
23412,5234.600118
23413,7059.866334
23414,6783.845584
23415,5236.698197
23416,5252.310792
23417,5425.066376
23418,5068.742471
23419,5338.676639
23420,7143.318893
23421,6714.877175
23422,5407.442793
23423,6879.482502
23424,5321.747327
23425,6867.713467
23426,6974.643345
23427,6951.418485
23428,3917.928256
23429,4919.503382
23430,5150.958661
23431,5318.407658
23432,4808.779794
23433,5152.398155
23434,4857.35562
23435,6988.439408
23436,6903.957924
23437,6794.252998
23438,4838.769893
23439,6888.502372
23440,6964.483892
23441,6732.848164
23442,5402.557716
23443,10097.13434
23444,10008.956
23445,8418.518873
23446,8410.061206
23447,9988.664914
23448,9761.525604
23449,9967.243342
23450,8824.690937
23451,10025.00814
23452,8721.024061
23453,8808.242656
23454,9898.983811
23455,9937.192152
23456,8724.527613
23457,9820.451382
23458,8326.387222
23459,8754.626318
23460,9978.801887
23461,8733.408914
23462,10038.63909
23463,8703.252074
23464,8749.564455
23465,8694.584245
23466,9867.881682
23467,9948.411388
23468,8794.428989
23469,8377.655001
23470,8692.934095
23471,9959.679101
23472,8778.653414
23473,9918.128016
23474,9929.714793
23475,10104.56134
23476,8763.890967
23477,8302.650955
23478,8635.505042
23479,8664.905678
23480,9791.11201
23481,9996.543293
23482,8396.417822
23483,6576.332683
23484,6160.022427
23485,6033.961447
23486,6670.732222
23487,6734.102884
23488,6595.856558
23489,6138.315965
23490,6104.194887
23491,5810.243087
23492,6145.168003
23493,6924.081177
23494,6591.788166
23495,5747.002183
23496,6858.166275
23497,5952.652868
23498,6091.831269
23499,6877.289704
23500,5762.651397
23501,6970.268352
23502,6782.339902
23503,6564.617123
23504,6187.045887
23505,6784.163779
23506,6618.904503
23507,6124.667146
23508,6951.861537
23509,5903.633574
23510,6690.435086
23511,6172.530192
23512,5841.821467
23513,7017.919779
23514,6106.992244
23515,6130.562114
23516,6687.314775
23517,5937.563535
23518,5857.198337
23519,6764.591085
23520,6048.801438
23521,6829.475175
23522,5997.384407
23523,4291.098183
23524,5331.698046
23525,3915.836527
23526,5299.213894
23527,3792.289633
23528,3821.922193
23529,4027.364148
23530,5418.920149
23531,5309.316659
23532,3807.809517
23533,5500.036492
23534,4169.17021
23535,5259.335691
23536,4412.832352
23537,5137.030331
23538,3805.593301
23539,4264.22725
23540,4456.221036
23541,4383.714222
23542,5057.87858
23543,5428.072329
23544,3797.459821
23545,5093.083935
23546,3927.200429
23547,5410.456626
23548,5190.298725
23549,4937.158992
23550,4335.559455
23551,5014.360348
23552,3824.615537
23553,4971.73672
23554,5213.143074
23555,5178.747618
23556,4047.710607
23557,4034.62498
23558,4145.455473
23559,5380.487696
23560,4154.043924
23561,3909.737018
23562,3791.802304
23563,5070.883525
23564,12841.76269
23565,11170.3453
23566,11143.04402
23567,12937.45224
23568,11063.02898
23569,12770.93332
23570,12860.07794
23571,10996.43393
23572,11145.5228
23573,12756.67845
23574,12941.32891
23575,12849.98704
23576,11178.20971
23577,12931.95691
23578,12862.13448
23579,12832.99555
23580,12777.32857
23581,12711.46671
23582,11154.9652
23583,12924.93184
23584,12855.04465
23585,10993.8986
23586,11085.96866
23587,12749.84353
23588,11010.4296
23589,10991.65317
23590,11058.60189
23591,11148.49475
23592,11162.38344
23593,11099.98511
23594,12844.26302
23595,11019.34931
23596,10999.82364
23597,12763.90634
23598,11079.19214
23599,12849.81632
23600,11004.46695
23601,11192.48011
23602,12856.91518
23603,11073.03629
23604,11067.74433
23605,6553.995719
23606,6616.946113
23607,6777.531561
23608,5027.584606
23609,6179.539495
23610,4784.333202
23611,6469.856551
23612,6172.168102
23613,5234.705101
23614,5384.858166
23615,6480.535151
23616,5321.813351
23617,6594.586316
23618,4769.191325
23619,6104.007109
23620,4743.241357
23621,5470.261061
23622,4756.428281
23623,4881.574046
23624,6695.828305
23625,6743.58168
23626,6253.693813
23627,6321.56473
23628,5534.399789
23629,4735.893448
23630,6703.735688
23631,6330.345766
23632,5391.638513
23633,4800.414025
23634,6445.199273
23635,4733.276203
23636,5084.322981
23637,5541.255118
23638,5041.687292
23639,4934.096152
23640,4892.26269
23641,6629.672477
23642,5174.258808
23643,5191.382296
23644,6403.846603
23645,6295.578863
23646,3959.613412
23647,3410.456577
23648,3902.360777
23649,3526.383637
23650,3799.48484
23651,3884.045471
23652,3934.397032
23653,3456.301535
23654,3962.567943
23655,3389.359399
23656,3499.972013
23657,3398.459189
23658,4012.373383
23659,3988.033005
23660,3367.315963
23661,3423.318141
23662,3952.453245
23663,3452.185342
23664,3432.923173
23665,3552.507375
23666,3852.810745
23667,3826.354173
23668,3473.828657
23669,3470.246136
23670,3480.557935
23671,3909.061775
23672,4035.454166
23673,3984.387644
23674,3960.227227
23675,3984.342374
23676,3455.297724
23677,3363.78114
23678,3423.937524
23679,3448.40517
23680,3421.784975
23681,3378.45884
23682,3388.704611
23683,3445.682924
23684,4008.351754
23685,3878.259258
23686,3935.989491
23687,8778.771438
23688,8561.325379
23689,8505.521996
23690,8517.265509
23691,7156.506287
23692,7330.933541
23693,8689.866283
23694,7138.396385
23695,8700.37398
23696,8674.619302
23697,8738.583096
23698,7147.424271
23699,8635.313478
23700,7461.854231
23701,7441.709929
23702,7209.357922
23703,8752.216223
23704,7139.384351
23705,7266.419157
23706,8584.175071
23707,7457.729255
23708,7375.518643
23709,7270.327377
23710,7244.143191
23711,8626.217199
23712,7394.204696
23713,8650.461854
23714,7179.776068
23715,7192.864179
23716,7507.436777
23717,7396.173169
23718,7202.709822
23719,8715.432556
23720,8771.11693
23721,7331.789864
23722,8764.970912
23723,7148.065331
23724,8570.188411
23725,8802.385715
23726,8610.510079
23727,7309.487175
23728,10565.09131
23729,9849.037433
23730,9742.169008
23731,8862.804838
23732,10178.04568
23733,8792.719239
23734,10422.31462
23735,9913.981944
23736,10056.26368
23737,10036.75667
23738,9844.463013
23739,9320.467951
23740,9720.771422
23741,9984.321286
23742,9251.019163
23743,10107.19613
23744,9056.665256
23745,10249.65201
23746,9126.864206
23747,9445.617632
23748,9574.321956
23749,10494.0776
23750,10229.25952
23751,9181.895916
23752,8933.718568
23753,10371.63616
23754,9514.534022
23755,9708.908879
23756,9850.180822
23757,9862.621211
23758,10300.53374
23759,9814.128432
23760,9884.827337
23761,9378.005749
23762,9722.084783
23763,9717.046997
23764,8986.664744
23765,9640.152654
23766,9593.069481
23767,9652.049711
23768,9676.356906
23769,11517.06136
23770,11537.20469
23771,11438.58449
23772,11510.69266
23773,9783.443955
23774,11477.29929
23775,9754.56377
23776,11536.39297
23777,11466.27524
23778,11488.18511
23779,9702.898695
23780,9726.097848
23781,9564.189773
23782,9581.637109
23783,11410.77989
23784,9671.333894
23785,9776.203215
23786,11590.31502
23787,9560.06449
23788,9761.608004
23789,9574.424611
23790,11507.25061
23791,9571.877887
23792,11564.14254
23793,11562.4888
23794,9674.375366
23795,9698.32703
23796,9732.160241
23797,9699.884351
23798,9583.734005
23799,11482.8993
23800,11574.71706
23801,11582.0833
23802,9749.392506
23803,11546.09612
23804,11460.1206
23805,11493.77075
23806,9790.610643
23807,9724.030306
23808,9566.17013
23809,5614.512739
23810,4771.241476
23811,5634.92485
23812,4939.183047
23813,5503.442011
23814,4852.543418
23815,4921.484645
23816,5007.842052
23817,4790.596388
23818,5566.757385
23819,5680.975703
23820,5433.992686
23821,5497.502429
23822,5455.216356
23823,5572.406378
23824,5591.218956
23825,5547.139036
23826,5701.879767
23827,4949.161528
23828,4870.775396
23829,5585.38758
23830,5017.542929
23831,4652.220933
23832,5427.58738
23833,5640.612894
23834,5687.66835
23835,5364.5424
23836,5523.39296
23837,5076.536084
23838,5478.828377
23839,4881.362355
23840,5128.234977
23841,4802.721386
23842,4738.098858
23843,4675.726776
23844,4755.13856
23845,5059.707316
23846,4990.666965
23847,4747.649935
23848,4814.234409
23849,6428.371349
23850,6370.516232
23851,6345.672283
23852,5235.709737
23853,6451.73479
23854,5485.856223
23855,6451.824532
23856,6492.7913
23857,6354.712992
23858,5560.13884
23859,5337.813925
23860,5264.699147
23861,5172.115623
23862,6281.449347
23863,6297.375094
23864,5439.559582
23865,5254.711046
23866,6420.033572
23867,5411.618911
23868,6305.773908
23869,6270.275942
23870,5300.757108
23871,5589.33887
23872,5515.440539
23873,5365.822998
23874,6442.119944
23875,6524.809197
23876,5142.817237
23877,6209.073655
23878,5217.619918
23879,5510.488036
23880,6563.766038
23881,5232.00521
23882,5291.302097
23883,5206.073675
23884,6378.756474
23885,6501.939604
23886,6512.201619
23887,5369.758496
23888,5440.736111
23889,5149.076406
23890,6366.923491
23891,6819.693486
23892,6837.66296
23893,6844.699805
23894,6274.122214
23895,6259.793481
23896,6915.957436
23897,6876.343258
23898,6219.976877
23899,6899.94889
23900,6965.116633
23901,6722.017849
23902,6804.331813
23903,6282.918212
23904,6890.161717
23905,6374.11273
23906,6117.206714
23907,6769.321436
23908,6209.281285
23909,6233.221004
23910,6869.957855
23911,6827.721548
23912,6197.721064
23913,6193.839379
23914,6309.035202
23915,6940.863936
23916,6170.145745
23917,6257.660398
23918,6280.470127
23919,6923.744078
23920,6852.405436
23921,6246.874141
23922,6794.642138
23923,6168.650832
23924,6890.23961
23925,6342.762636
23926,6333.026887
23927,6864.043126
23928,6143.206103
23929,6225.438996
23930,8255.02414
23931,7244.602256
23932,8252.757475
23933,8206.414721
23934,7303.810819
23935,7159.495448
23936,7118.835601
23937,8394.19416
23938,8347.247383
23939,7207.591671
23940,7210.297355
23941,8316.663776
23942,8173.645288
23943,8300.101423
23944,7194.635413
23945,7206.933884
23946,8351.650894
23947,7208.501137
23948,8363.496995
23949,8076.601195
23950,8308.330749
23951,7164.191392
23952,7449.285349
23953,8303.58013
23954,8125.615908
23955,7298.393131
23956,7256.7879
23957,8027.202403
23958,7255.492866
23959,7303.291037
23960,7345.932957
23961,8220.339439
23962,8268.678753
23963,8158.296216
23964,7400.609854
23965,7252.064936
23966,8409.074209
23967,7162.6834
23968,7135.68357
23969,7351.778549
23970,7227.867512
23971,6566.866858
23972,5506.123072
23973,6366.324126
23974,6575.939478
23975,6397.724794
23976,5336.531804
23977,6415.645331
23978,6660.801795
23979,5298.816199
23980,5614.834109
23981,6622.095514
23982,5284.190922
23983,6482.308765
23984,5260.185543
23985,5425.454382
23986,5701.356466
23987,5252.696935
23988,6489.579665
23989,5508.51225
23990,5420.932814
23991,5455.519009
23992,5592.185679
23993,5260.289069
23994,6629.115123
23995,5717.049303
23996,5629.923262
23997,5542.542758
23998,6451.755396
23999,5252.774714
24000,6651.457232
24001,6402.111027
24002,6500.707792
24003,6281.138438
24004,6314.196896
24005,5272.223372
24006,5676.531285
24007,6584.398495
24008,5342.804208
24009,5369.326428
24010,6537.091276
24011,6329.358553
24012,9514.139419
24013,9448.484037
24014,9515.586711
24015,8046.870762
24016,9419.607562
24017,9447.561153
24018,9448.655214
24019,9517.852353
24020,7946.066806
24021,7986.682033
24022,7976.08028
24023,7989.638253
24024,9464.210468
24025,9512.843545
24026,8046.879284
24027,7946.541193
24028,7978.949244
24029,7980.018487
24030,8051.567895
24031,7995.846955
24032,9418.155172
24033,7984.516161
24034,9416.62316
24035,7980.96202
24036,9418.87859
24037,9516.931646
24038,8048.025645
24039,7981.021472
24040,8049.140971
24041,7977.19993
24042,8046.15172
24043,9419.293916
24044,7983.402644
24045,9517.584355
24046,7984.478591
24047,9515.53048
24048,9517.168807
24049,9448.942309
24050,7992.879674
24051,8046.134524
24052,9448.164162
24053,3547.709683
24054,3081.933787
24055,3092.945265
24056,3547.268587
24057,3133.07697
24058,3542.795582
24059,3583.642223
24060,3139.241429
24061,3520.325037
24062,3089.262268
24063,3121.295223
24064,3551.448955
24065,3077.635029
24066,3540.529862
24067,3072.696015
24068,3550.794165
24069,3513.684177
24070,3084.407244
24071,3083.380552
24072,3527.067929
24073,3538.148674
24074,3068.701594
24075,3519.115487
24076,3544.372309
24077,3079.501848
24078,3529.862203
24079,3523.537428
24080,3516.308284
24081,3094.304349
24082,3077.204353
24083,3079.946757
24084,3126.978616
24085,3111.987901
24086,3554.012548
24087,3518.365062
24088,3510.160681
24089,3116.278648
24090,3084.872671
24091,3112.699422
24092,3076.037792
24093,3088.536419
24094,6869.904713
24095,6898.849509
24096,7039.625659
24097,5639.782747
24098,6843.455611
24099,7063.781741
24100,7034.83338
24101,5406.733951
24102,5427.729058
24103,5767.462471
24104,6784.308142
24105,5816.174409
24106,5679.893937
24107,5477.220166
24108,7010.797354
24109,6979.473116
24110,6982.357381
24111,5560.124216
24112,6893.272166
24113,6927.970251
24114,6717.613408
24115,5806.563758
24116,5507.662012
24117,5593.084596
24118,6757.398385
24119,7065.825862
24120,5644.240149
24121,6955.144434
24122,6805.678692
24123,5854.912135
24124,5477.124795
24125,5558.192926
24126,5396.165215
24127,6698.995538
24128,6815.103764
24129,5722.530132
24130,5729.917127
24131,5423.828479
24132,5394.901586
24133,5391.28556
24134,5447.375716
24135,6851.489229
24136,6613.899676
24137,6534.361016
24138,6894.58156
24139,6415.129859
24140,5360.72068
24141,5026.011527
24142,5397.915429
24143,6493.668516
24144,5009.931105
24145,5127.194279
24146,5016.003973
24147,6525.351106
24148,6733.290027
24149,6847.677587
24150,5517.967415
24151,5247.541449
24152,6417.046487
24153,6652.289527
24154,5640.092571
24155,5598.416054
24156,5130.136693
24157,5158.870671
24158,6768.835902
24159,6537.963048
24160,6877.793913
24161,5365.538194
24162,5040.744948
24163,6777.218964
24164,5637.559044
24165,5479.127384
24166,5521.199714
24167,6658.24931
24168,6373.273725
24169,6643.36607
24170,5011.672126
24171,5051.936137
24172,6760.794908
24173,5013.156054
24174,5278.030572
24175,5243.436135
24176,4517.581679
24177,5968.007297
24178,5794.777911
24179,5375.096635
24180,6436.932846
24181,6452.072126
24182,6264.656988
24183,4690.979221
24184,5031.209635
24185,4528.815008
24186,5202.700994
24187,5226.70958
24188,6105.450272
24189,4692.908503
24190,4864.379274
24191,5574.926031
24192,6434.106652
24193,4879.391766
24194,5917.837319
24195,5382.834382
24196,6280.573421
24197,5757.702276
24198,5401.034333
24199,5052.642021
24200,4521.933178
24201,5932.840583
24202,4539.983434
24203,5744.309938
24204,6310.539926
24205,5036.544119
24206,4721.06753
24207,6139.971483
24208,6107.375945
24209,6448.937911
24210,5209.43687
24211,6620.158554
24212,6091.498354
24213,6277.419643
24214,4521.665253
24215,4707.222964
24216,4860.703296
24217,4698.140798
24218,4701.766839
24219,5913.148635
24220,4902.269163
24221,4532.280211
24222,5903.445185
24223,5403.976632
24224,4864.44669
24225,5737.578061
24226,4367.777799
24227,4567.610456
24228,3925.550131
24229,5774.450751
24230,5609.574311
24231,5245.397725
24232,3930.924671
24233,4399.955577
24234,5317.613787
24235,3958.514312
24236,4201.390693
24237,3918.822202
24238,4202.015053
24239,5237.130102
24240,5747.759345
24241,5277.130572
24242,5903.807931
24243,4232.594566
24244,4869.009668
24245,4735.180332
24246,5483.83119
24247,5649.898395
24248,4534.611328
24249,5413.583095
24250,4366.926654
24251,5443.784745
24252,5581.17714
24253,5570.897462
24254,5931.921002
24255,3921.185475
24256,3949.618654
24257,7149.725989
24258,7596.710576
24259,7604.189393
24260,6923.487109
24261,6802.657094
24262,6782.568676
24263,6773.692252
24264,7621.13591
24265,7160.476308
24266,7667.881718
24267,6765.966043
24268,7033.414155
24269,7113.589719
24270,7166.250918
24271,7442.970138
24272,7297.253171
24273,6945.745701
24274,7172.780411
24275,7659.422494
24276,7436.382561
24277,7684.161814
24278,7265.195459
24279,7661.894375
24280,7669.153651
24281,6878.866243
24282,6954.244419
24283,7463.794272
24284,7155.129098
24285,7675.257848
24286,6917.404815
24287,7676.593647
24288,6930.205846
24289,7449.55497
24290,7180.152725
24291,7681.608149
24292,6812.905052
24293,7616.019068
24294,7610.532387
24295,6937.658664
24296,7456.403481
24297,6792.372665
24298,7225.636563
24299,9507.138753
24300,9478.790318
24301,7333.272747
24302,7397.333701
24303,7150.018347
24304,9607.013044
24305,9199.405398
24306,7194.484847
24307,7171.189818
24308,9268.473758
24309,7128.452458
24310,7421.170552
24311,7234.544181
24312,7533.402614
24313,7634.823837
24314,7499.90664
24315,9578.567492
24316,7118.531117
24317,9444.99787
24318,9176.182269
24319,9302.753947
24320,7295.362824
24321,7520.227047
24322,7129.401241
24323,7620.244238
24324,7323.067654
24325,9543.604694
24326,9405.584476
24327,9336.461563
24328,9567.570073
24329,9435.392169
24330,7136.350158
24331,9166.999346
24332,9237.205646
24333,7602.392508
24334,9378.231815
24335,9277.184644
24336,7432.842677
24337,9534.227094
24338,7094.861626
24339,5622.211615
24340,6080.672035
24341,6167.373654
24342,6067.277551
24343,5619.320603
24344,5618.427034
24345,5625.642548
24346,5716.038835
24347,5714.530541
24348,5719.316883
24349,6174.419175
24350,5634.96661
24351,6067.898791
24352,5620.602146
24353,6083.502446
24354,6072.73217
24355,5630.60903
24356,5618.382942
24357,6077.251706
24358,6072.413797
24359,6171.203275
24360,6168.042813
24361,6173.570581
24362,5629.206624
24363,5615.159722
24364,5618.622899
24365,5622.856322
24366,6164.043627
24367,5614.783812
24368,6076.957922
24369,5724.191398
24370,6170.992111
24371,6163.506553
24372,5633.552896
24373,5626.306864
24374,6063.11891
24375,5728.876257
24376,6081.235264
24377,5733.116389
24378,5710.086297
24379,6082.373949
24380,7586.717702
24381,6753.047493
24382,7646.121561
24383,9273.646206
24384,9467.157288
24385,8735.334379
24386,9504.421371
24387,8570.152462
24388,8844.635285
24389,7412.525448
24390,7179.795812
24391,6795.935979
24392,6790.608768
24393,9305.946036
24394,6985.46863
24395,7880.163566
24396,9040.716618
24397,9004.050447
24398,7689.182959
24399,7355.149933
24400,7819.190276
24401,8502.220774
24402,7124.617508
24403,8611.376049
24404,7219.425769
24405,9381.082054
24406,7454.250279
24407,9201.389298
24408,6894.97797
24409,8805.945204
24410,7923.367086
24411,6948.045529
24412,6688.350897
24413,6665.900771
24414,9235.643126
24415,9433.529418
24416,6752.808261
24417,9076.17404
24418,8968.561037
24419,6717.124687
24420,8772.265109
24421,7795.8488
24422,6762.128651
24423,6547.77607
24424,6821.987225
24425,6729.825928
24426,8088.302688
24427,6959.500504
24428,7976.753268
24429,7886.787718
24430,6943.349551
24431,6936.517066
24432,8179.028179
24433,8155.335799
24434,6950.996737
24435,8190.486815
24436,6852.121674
24437,6761.72948
24438,6672.022249
24439,6856.220933
24440,6949.504626
24441,8066.102854
24442,8100.263531
24443,7957.610793
24444,7998.177617
24445,6669.26362
24446,6975.065359
24447,6577.860463
24448,6914.577548
24449,6964.618704
24450,7817.841724
24451,6924.083401
24452,7774.472527
24453,6638.38397
24454,8048.873707
24455,7908.163197
24456,6582.624387
24457,8009.127529
24458,7866.111303
24459,6916.711266
24460,7916.970712
24461,7857.95045
24462,9513.102313
24463,8190.683788
24464,9453.306811
24465,7920.423498
24466,9426.760784
24467,9583.407173
24468,9590.871746
24469,9649.08526
24470,8037.496289
24471,8113.43799
24472,8053.530019
24473,9531.13722
24474,9525.437148
24475,7926.073878
24476,9366.947037
24477,7936.392142
24478,9467.047055
24479,7870.867032
24480,8072.892991
24481,8153.598349
24482,7965.298052
24483,7948.27312
24484,9641.056098
24485,9408.999318
24486,9470.280232
24487,8014.972354
24488,7900.320275
24489,7994.477167
24490,7957.564907
24491,8094.892874
24492,9628.629677
24493,7880.205485
24494,7981.35513
24495,9546.728985
24496,9605.796382
24497,9486.900003
24498,8173.822071
24499,8131.476888
24500,8234.128085
24501,9571.586039
24502,9575.47166
24503,5439.288935
24504,5193.884951
24505,5193.205342
24506,5209.252389
24507,4591.587346
24508,4732.322351
24509,4741.51475
24510,5124.51525
24511,4846.930494
24512,5447.362124
24513,5053.541605
24514,4694.090318
24515,4777.169914
24516,5331.231096
24517,4707.858584
24518,4917.075872
24519,4771.280019
24520,5165.173831
24521,4842.243104
24522,4803.276995
24523,4760.9797
24524,4733.434611
24525,5378.569
24526,4700.79348
24527,4757.402687
24528,5205.852917
24529,4631.078766
24530,4913.211266
24531,4874.052376
24532,5239.295344
24533,5309.231726
24534,4661.654028
24535,5262.7126
24536,4638.851471
24537,5123.746771
24538,5302.952933
24539,5371.08293
24540,4676.978829
24541,5234.422627
24542,5399.774367
24543,6357.591412
24544,5871.153124
24545,7159.249556
24546,6550.896226
24547,7194.270689
24548,6334.583377
24549,6364.514273
24550,6147.776366
24551,7179.310503
24552,7505.649313
24553,7372.048357
24554,7647.845872
24555,6121.103591
24556,7624.107202
24557,6251.981055
24558,5871.402842
24559,6442.509502
24560,7650.031246
24561,7611.840076
24562,5872.551921
24563,6146.883586
24564,6227.430812
24565,7397.927564
24566,7288.932279
24567,6473.47974
24568,6463.909498
24569,6255.762855
24570,7409.84512
24571,6582.020967
24572,5856.644256
24573,7423.832739
24574,6570.905266
24575,7529.30455
24576,7209.424795
24577,7517.251461
24578,5836.359316
24579,7302.058657
24580,7317.193534
24581,7265.678704
24582,6768.726851
24583,6162.84041
24584,5952.602893
24585,7005.471527
24586,6856.178294
24587,6743.959519
24588,6133.498343
24589,6852.062847
24590,5886.789748
24591,5983.765039
24592,6057.106126
24593,6960.609046
24594,5911.694998
24595,5921.568637
24596,6778.441891
24597,6036.66986
24598,5931.258985
24599,5925.689835
24600,6090.05619
24601,6982.258436
24602,6080.893169
24603,5977.206124
24604,6798.079876
24605,6929.752487
24606,6028.844206
24607,6143.712358
24608,6822.717948
24609,7012.455851
24610,6186.617238
24611,6876.516444
24612,6905.532315
24613,6109.823933
24614,6937.563663
24615,6197.324916
24616,6908.595739
24617,6885.102815
24618,5877.727489
24619,6004.73168
24620,6832.012085
24621,6958.255836
24622,8354.16263
24623,7238.943196
24624,7136.112401
24625,7228.235035
24626,7325.231353
24627,8337.654543
24628,8263.661742
24629,7327.918767
24630,8325.774223
24631,8370.458518
24632,7275.808889
24633,7372.864126
24634,8350.446979
24635,8302.942426
24636,7350.163241
24637,8306.856899
24638,7238.984371
24639,7417.984429
24640,7241.183739
24641,7149.289425
24642,7257.1514
24643,8412.901011
24644,7395.628859
24645,8358.604437
24646,7295.364137
24647,8295.60772
24648,7315.990301
24649,7302.980047
24650,7281.096527
24651,8328.765028
24652,8347.459471
24653,7140.343216
24654,8279.477321
24655,8432.194818
24656,7157.199825
24657,8367.755085
24658,8285.028964
24659,8392.312399
24660,8316.670656
24661,7259.75246
24662,7142.697393
24663,9523.127366
24664,7166.2383
24665,7330.390042
24666,9326.737495
24667,7966.491803
24668,9369.808303
24669,7174.68327
24670,7344.562131
24671,9525.896979
24672,8032.112278
24673,7669.300824
24674,7687.552449
24675,9153.788037
24676,8874.220567
24677,7515.547162
24678,7325.665633
24679,7499.634148
24680,7660.598883
24681,9538.83087
24682,8837.073461
24683,9182.462107
24684,7152.065174
24685,7860.024073
24686,7829.437238
24687,8137.46924
24688,7999.706726
24689,7161.206463
24690,8980.129595
24691,7176.904449
24692,7492.901381
24693,9384.14761
24694,7187.524199
24695,9029.479499
24696,9200.095108
24697,9354.84224
24698,9497.933139
24699,9216.065353
24700,9009.51661
24701,9046.055841
24702,9666.935463
24703,7158.21666
24704,4506.990239
24705,4421.122823
24706,3163.38943
24707,3624.80059
24708,3576.291738
24709,4530.243117
24710,3142.05687
24711,4671.439275
24712,3577.120387
24713,3430.082774
24714,3540.51235
24715,3236.233332
24716,3491.834652
24717,3406.419211
24718,4335.002105
24719,3291.583443
24720,3321.157364
24721,3187.258567
24722,3660.869215
24723,4639.876157
24724,3261.179293
24725,3176.678446
24726,3456.960802
24727,3151.706804
24728,3374.06818
24729,4445.65836
24730,4592.175619
24731,3345.636597
24732,4468.752986
24733,4296.525583
24734,4360.480978
24735,4614.233045
24736,4554.68242
24737,4382.514587
24738,3209.195499
24739,3154.044025
24740,4421.563672
24741,4676.419186
24742,4336.957096
24743,4505.314738
24744,4251.628622
24745,8631.084234
24746,8854.723431
24747,7946.48606
24748,8590.741613
24749,8759.824804
24750,8362.449435
24751,8193.242186
24752,8871.789936
24753,8072.188975
24754,7730.332673
24755,8656.270276
24756,7900.948867
24757,8701.489156
24758,9072.965985
24759,8778.833905
24760,8608.787088
24761,8531.764906
24762,8826.068427
24763,8421.216146
24764,7776.55811
24765,8607.719235
24766,9242.125713
24767,8928.827093
24768,8684.634749
24769,9042.665267
24770,8116.951856
24771,8197.086188
24772,8153.397523
24773,8950.076294
24774,8780.063896
24775,9213.969543
24776,8538.368395
24777,8287.968926
24778,8551.104265
24779,9121.322548
24780,8722.171853
24781,8802.777181
24782,8416.10168
24783,8760.155142
24784,8250.980217
24785,8708.923645
24786,8243.981659
24787,8892.461475
24788,8879.601869
24789,8367.788841
24790,9062.087825
24791,8588.249812
24792,8459.413508
24793,8566.805049
24794,7254.387788
24795,7161.023079
24796,8576.960988
24797,7157.302708
24798,7285.937729
24799,7265.016619
24800,8362.492953
24801,7228.323763
24802,7181.208918
24803,7168.850656
24804,7206.797748
24805,7143.216164
24806,7217.429982
24807,7296.721646
24808,8555.784058
24809,8597.344733
24810,7275.441259
24811,8529.853962
24812,7207.767442
24813,8508.195386
24814,7113.693841
24815,7129.013132
24816,8586.61464
24817,8518.716985
24818,8373.895865
24819,7194.28161
24820,8610.122391
24821,8622.002775
24822,7239.567929
24823,8543.741716
24824,8497.635458
24825,7251.149397
24826,8385.138636
24827,7058.251751
24828,8529.538333
24829,7042.341506
24830,8632.9742
24831,8446.835892
24832,8486.784017
24833,8098.081893
24834,6692.304177
24835,6999.276346
24836,6927.162384
24837,6998.376036
24838,7076.475622
24839,7937.46048
24840,7078.555624
24841,6987.250069
24842,7146.652035
24843,7067.192034
24844,6848.461933
24845,8176.754778
24846,8018.145808
24847,8168.613251
24848,6827.86445
24849,6907.329418
24850,8303.083432
24851,6921.592221
24852,8068.058115
24853,6771.20144
24854,6700.359986
24855,6707.899392
24856,8225.197174
24857,8083.381537
24858,8146.861582
24859,6770.195867
24860,8253.963778
24861,6761.482685
24862,6696.505026
24863,6686.465175
24864,6846.020497
24865,8088.586549
24866,8237.331063
24867,6749.104723
24868,7928.580226
24869,8160.988163
24870,8008.355158
24871,8004.512638
24872,8247.938792
24873,8251.377072
24874,4856.156392
24875,5445.78741
24876,4879.101968
24877,5258.771564
24878,5280.770498
24879,5073.292385
24880,4948.565941
24881,5109.792365
24882,5538.489275
24883,5364.320677
24884,5041.161708
24885,5296.548464
24886,4932.896005
24887,5202.958343
24888,5470.534338
24889,5025.38675
24890,5631.081588
24891,5246.586256
24892,5134.261423
24893,5253.820169
24894,5314.693382
24895,4975.462194
24896,5552.02097
24897,5352.630072
24898,5357.673238
24899,5282.776267
24900,5228.030718
24901,5566.204412
24902,5345.972728
24903,5269.514067
24904,5212.591334
24905,5270.527926
24906,5322.451334
24907,5307.294802
24908,5190.144806
24909,5118.59255
24910,5376.125067
24911,5390.634696
24912,5171.933549
24913,5458.471177
24914,5039.988251
24915,4250.10352
24916,4302.992124
24917,3701.262734
24918,4403.72956
24919,3824.995173
24920,3779.855598
24921,3332.596299
24922,4241.72631
24923,3838.785385
24924,4151.617205
24925,4317.988408
24926,3682.452441
24927,4170.575375
24928,3463.238616
24929,3747.221304
24930,4090.067858
24931,3322.265423
24932,3669.642527
24933,3326.257578
24934,4327.908422
24935,3341.93463
24936,4147.626712
24937,3352.983805
24938,4072.568597
24939,4230.298424
24940,3604.64052
24941,4371.487151
24942,3542.31053
24943,3621.852207
24944,3760.584369
24945,4165.035413
24946,3527.197935
24947,4378.082998
24948,4226.161419
24949,4384.908417
24950,3515.830838
24951,3400.582609
24952,4308.125828
24953,3592.489248
24954,3384.970234
24955,4087.742835
24956,7828.438841
24957,7826.253722
24958,9340.531285
24959,9063.94785
24960,7949.218008
24961,8043.082182
24962,9218.758251
24963,8977.179264
24964,9224.04739
24965,7921.969264
24966,9466.119579
24967,9114.225709
24968,9437.875703
24969,9559.81929
24970,9345.111718
24971,9102.482551
24972,8073.305408
24973,8372.426402
24974,9462.633726
24975,8974.92849
24976,7950.558329
24977,8164.581714
24978,8409.955904
24979,9192.188841
24980,8197.620925
24981,8374.423916
24982,8286.840271
24983,8198.102879
24984,8370.276213
24985,8980.1815
24986,8466.474932
24987,9237.525481
24988,8460.680251
24989,9360.527715
24990,8073.671682
24991,8379.478893
24992,8322.971031
24993,8321.962138
24994,9096.985248
24995,9315.314963
24996,6798.912874
24997,5637.649444
24998,4448.390805
24999,7246.318324
25000,5677.874164
25001,6656.169975
25002,6311.101348
25003,5768.366063
25004,5191.709627
25005,4899.887706
25006,6523.983976
25007,6409.466842
25008,6278.787546
25009,4450.682124
25010,7286.015006
25011,5523.176871
25012,7003.206753
25013,4455.225176
25014,5434.667674
25015,7147.494217
25016,4420.653689
25017,5145.70563
25018,4949.071125
25019,4934.273576
25020,7299.497699
25021,6554.954454
25022,4458.263588
25023,6902.421092
25024,4411.121007
25025,5391.847394
25026,7390.96104
25027,4654.931947
25028,6760.109253
25029,4706.749703
25030,6516.982879
25031,4464.693791
25032,7010.436435
25033,6767.942273
25034,5178.385315
25035,7042.666952
25036,4690.963881
25037,9536.072389
25038,9367.803508
25039,8453.322182
25040,8471.068909
25041,8359.591051
25042,8263.110457
25043,9264.94764
25044,9400.969493
25045,8391.366422
25046,9503.185184
25047,9200.477114
25048,8423.231273
25049,8489.834813
25050,8455.91015
25051,9353.681942
25052,8152.468085
25053,9300.372736
25054,8333.525678
25055,8297.612429
25056,8552.926588
25057,8408.091947
25058,9433.523841
25059,8370.574892
25060,9434.364633
25061,9424.211669
25062,9388.92748
25063,8516.016475
25064,9296.200698
25065,9334.373211
25066,8524.975376
25067,9166.119917
25068,9233.293831
25069,8119.552192
25070,8434.712295
25071,8363.5184
25072,8398.688572
25073,8489.829175
25074,9459.243721
25075,9469.020232
25076,9274.317396
25077,8445.308023
25078,7622.830387
25079,6280.536
25080,5956.171838
25081,7439.874713
25082,6256.145671
25083,7429.036574
25084,6154.993957
25085,7459.735933
25086,7489.968043
25087,6195.194075
25088,7564.94597
25089,5974.722201
25090,6217.85303
25091,7397.769487
25092,5955.551562
25093,7563.117637
25094,6134.66312
25095,7367.903487
25096,6196.56109
25097,7376.299183
25098,6074.605696
25099,5962.237441
25100,6074.676229
25101,7502.956622
25102,5984.705261
25103,7550.454832
25104,7580.169447
25105,7608.656429
25106,5970.169218
25107,7520.569986
25108,6030.837816
25109,7625.527458
25110,6135.180518
25111,7443.718887
25112,6258.567474
25113,6015.216973
25114,7503.477029
25115,6014.797132
25116,5956.155366
25117,6092.511664
25118,7610.432197
25119,6011.794564
25120,5486.483929
25121,5993.487936
25122,5402.923562
25123,5038.544803
25124,5286.517855
25125,5032.803083
25126,6277.858238
25127,5443.326132
25128,6358.921603
25129,5152.484273
25130,6260.510357
25131,5195.259517
25132,6178.970475
25133,5361.143646
25134,6076.642594
25135,6126.913814
25136,6043.820482
25137,5927.166504
25138,5048.211605
25139,5235.421002
25140,5032.8555
25141,6289.441843
25142,5198.492911
25143,5319.04914
25144,6208.841602
25145,6196.513737
25146,6095.946282
25147,5369.565359
25148,5279.489169
25149,6114.806365
25150,5038.039108
25151,6242.484322
25152,5118.081923
25153,6324.364203
25154,6159.810238
25155,5082.348718
25156,6326.646559
25157,5070.460469
25158,5277.372655
25159,5113.768226
25160,7544.330405
25161,7803.194628
25162,8965.153406
25163,9113.002065
25164,7599.115853
25165,7803.020756
25166,8803.735107
25167,7775.073827
25168,8979.079815
25169,7489.28656
25170,7691.971982
25171,9017.297791
25172,7616.087953
25173,7563.686937
25174,7721.377959
25175,9034.421905
25176,9059.649135
25177,7436.144179
25178,7668.485397
25179,8978.366488
25180,7655.24503
25181,7806.770966
25182,9143.197309
25183,9033.860129
25184,7712.361198
25185,8858.645919
25186,7829.588113
25187,7802.182547
25188,7835.853818
25189,8912.405503
25190,9089.405312
25191,7747.421538
25192,9088.326604
25193,7826.889797
25194,8924.266388
25195,8953.749513
25196,7637.09557
25197,7769.80421
25198,9006.758912
25199,8900.243259
25200,8926.892565
25201,5043.857689
25202,6030.528051
25203,5006.905678
25204,5089.641163
25205,6928.975629
25206,5556.099931
25207,5804.758253
25208,6198.480989
25209,5952.014616
25210,7037.274042
25211,7191.585317
25212,6053.475397
25213,7265.274776
25214,7528.012283
25215,7422.208238
25216,5460.767919
25217,5138.020175
25218,5535.673082
25219,6301.62534
25220,6789.945455
25221,7683.613207
25222,7512.48475
25223,6278.537022
25224,5061.063959
25225,7016.77702
25226,7283.333185
25227,5308.074922
25228,5782.793206
25229,5113.115948
25230,5706.048493
25231,5289.36783
25232,6945.622769
25233,6767.58373
25234,7175.704749
25235,6682.298194
25236,7437.573652
25237,5216.215077
25238,4972.292273
25239,7758.107927
25240,7668.331965
25241,7593.834385
25242,5439.992092
25243,4712.590898
25244,5110.750934
25245,7278.37312
25246,7299.945302
25247,5604.435601
25248,4775.801498
25249,7121.849827
25250,7227.731366
25251,7604.4144
25252,7462.065234
25253,5275.252962
25254,5648.994182
25255,5362.63373
25256,7064.621411
25257,5163.788992
25258,7284.409028
25259,4656.300363
25260,5486.528823
25261,7553.825032
25262,7445.685508
25263,5526.5945
25264,5003.308501
25265,4843.04799
25266,4874.167351
25267,4784.022919
25268,4946.928082
25269,6958.077265
25270,4735.065702
25271,5324.795827
25272,5036.306872
25273,4604.689482
25274,6947.908244
25275,7390.907501
25276,7442.122876
25277,7843.871794
25278,7716.293214
25279,7785.934344
25280,5199.135829
25281,7624.025861
25282,7113.445659
25283,8188.201144
25284,8941.344911
25285,7943.239029
25286,8958.062297
25287,8863.390287
25288,7648.464629
25289,8959.766298
25290,7688.882763
25291,8767.209939
25292,8171.120592
25293,8617.477685
25294,8843.242435
25295,8811.425673
25296,8128.159074
25297,7884.791293
25298,8860.739543
25299,8230.63927
25300,7745.524846
25301,7786.20194
25302,7740.114614
25303,8715.299419
25304,8618.281898
25305,8533.742381
25306,8573.550848
25307,9054.609982
25308,8255.635212
25309,8907.054241
25310,8029.715637
25311,8258.924571
25312,8282.434837
25313,8744.607531
25314,7932.286353
25315,8762.610272
25316,7984.32213
25317,8084.157274
25318,8043.068693
25319,7835.87837
25320,7843.864261
25321,9002.776754
25322,8670.712203
25323,5139.235451
25324,4378.794149
25325,6118.452036
25326,5027.921138
25327,4190.391832
25328,5842.07743
25329,5722.359657
25330,4134.437461
25331,4645.820831
25332,6606.829399
25333,6417.185835
25334,6104.256053
25335,6226.334802
25336,5925.854136
25337,4249.665615
25338,6018.114901
25339,4266.963846
25340,4078.401009
25341,6034.448587
25342,4440.972998
25343,4014.93921
25344,6714.665074
25345,4825.762836
25346,4059.536273
25347,6396.680553
25348,6207.651992
25349,4567.709397
25350,4947.967343
25351,5913.867076
25352,6309.929621
25353,4455.993878
25354,4757.402641
25355,6293.421477
25356,4633.192709
25357,5018.009713
25358,6585.523213
25359,6499.965373
25360,3978.006307
25361,5732.807138
25362,4024.693978
25363,4836.545257
25364,7797.343201
25365,8912.580265
25366,8082.869207
25367,8671.764631
25368,7380.395783
25369,8629.689151
25370,8051.896993
25371,7670.354113
25372,7571.950321
25373,7385.639231
25374,7454.382567
25375,7374.313196
25376,7503.856909
25377,7543.736405
25378,9139.64668
25379,8899.016583
25380,8785.602766
25381,8757.353409
25382,7699.797641
25383,9048.823281
25384,8924.312524
25385,7955.723292
25386,9012.786108
25387,8771.117551
25388,9025.702888
25389,8042.732911
25390,9165.327838
25391,8798.612416
25392,8885.231575
25393,9100.577886
25394,7916.326974
25395,7391.610106
25396,7627.675602
25397,9039.164339
25398,7378.991526
25399,9150.960582
25400,7827.875671
25401,7924.601788
25402,7790.817144
25403,7444.663932
25404,8642.504309
25405,11790.18905
25406,11726.07688
25407,10128.46337
25408,10064.47226
25409,10093.74893
25410,10099.17904
25411,10090.35042
25412,10103.10156
25413,11773.32042
25414,10046.09195
25415,10082.64762
25416,11739.72389
25417,10118.81885
25418,11783.36625
25419,11788.47228
25420,11744.23793
25421,11751.11122
25422,11748.21162
25423,10070.83554
25424,10077.45984
25425,10135.07802
25426,11780.89648
25427,11761.04034
25428,10142.29145
25429,11859.26966
25430,11759.2221
25431,10070.55725
25432,11765.99285
25433,10138.68017
25434,11715.73458
25435,10085.29536
25436,10157.4594
25437,11804.65961
25438,11755.34778
25439,10151.39953
25440,10029.2411
25441,10093.85841
25442,11735.78448
25443,11797.28017
25444,10108.84453
25445,10146.4
25446,8522.330668
25447,7661.507707
25448,7649.460618
25449,7662.189502
25450,7655.774979
25451,7654.732375
25452,7658.168931
25453,7667.017299
25454,8525.803409
25455,7653.843924
25456,8527.083215
25457,8543.10883
25458,7653.587647
25459,7654.542422
25460,8536.549418
25461,7657.387891
25462,7671.251428
25463,8546.760109
25464,8531.598517
25465,8546.93146
25466,7673.19773
25467,8528.601996
25468,7654.33647
25469,7656.323574
25470,8529.934715
25471,7669.323705
25472,7659.759308
25473,8523.803771
25474,8527.953111
25475,8545.35775
25476,8546.483167
25477,8530.130055
25478,7664.542004
25479,7653.73858
25480,8547.130474
25481,8545.536956
25482,7657.546985
25483,8540.043742
25484,7659.124987
25485,8547.132667
25486,7664.269945
25487,4200.804457
25488,5295.397329
25489,4881.448704
25490,5290.253747
25491,3939.176877
25492,5420.360684
25493,4320.792902
25494,4462.573503
25495,4596.241395
25496,4055.37565
25497,3925.589937
25498,4335.701281
25499,5151.709243
25500,4194.183253
25501,5021.911512
25502,4588.189846
25503,5162.318434
25504,5101.734914
25505,5016.542707
25506,5286.443678
25507,5234.085563
25508,4469.970307
25509,3932.255888
25510,3923.35539
25511,4603.329979
25512,5423.413529
25513,4328.497951
25514,4187.820114
25515,5028.032734
25516,4968.226196
25517,5156.372507
25518,3935.402833
25519,5365.33073
25520,5415.040378
25521,4892.863087
25522,5427.201574
25523,4454.294819
25524,4059.81614
25525,3921.835944
25526,4065.654232
25527,3930.631137
25528,6570.718413
25529,5088.056409
25530,5382.572042
25531,5274.4576
25532,6513.602336
25533,6587.535452
25534,6463.431569
25535,5327.967751
25536,5302.942473
25537,5058.054136
25538,6482.511849
25539,6404.701287
25540,5297.428867
25541,5217.767385
25542,5268.437844
25543,5174.106977
25544,6398.747849
25545,6427.249781
25546,6455.185877
25547,6474.017743
25548,5239.437905
25549,5275.975324
25550,5354.81284
25551,6528.313201
25552,6598.406322
25553,5219.187057
25554,6484.758386
25555,5210.802956
25556,5192.39901
25557,5246.502613
25558,6679.483211
25559,6501.294296
25560,6491.998901
25561,5093.29349
25562,6434.191173
25563,5182.809592
25564,5123.237332
25565,5301.839605
25566,6542.389753
25567,6519.703157
25568,3914.556993
25569,3995.379027
25570,4871.373674
25571,4905.331253
25572,4057.606912
25573,4894.365585
25574,4883.210481
25575,3997.91688
25576,4891.376676
25577,4881.719429
25578,3940.671922
25579,4018.437046
25580,3984.504386
25581,4884.793182
25582,4763.995546
25583,4009.425432
25584,4018.362692
25585,3892.788913
25586,4040.018493
25587,4028.985028
25588,4871.897836
25589,4900.438053
25590,4775.810282
25591,4861.4299
25592,4030.356536
25593,3924.871898
25594,4904.900632
25595,4032.277618
25596,3900.374769
25597,4850.131514
25598,4895.270198
25599,4006.66603
25600,4873.653508
25601,4044.756462
25602,4008.17651
25603,4787.263426
25604,4915.375573
25605,4881.748438
25606,4020.470892
25607,3921.72987
25608,2996.02193
25609,3722.495225
25610,3735.265906
25611,3597.427017
25612,2769.51754
25613,3683.433871
25614,3660.130669
25615,3559.402124
25616,3534.491854
25617,3609.494148
25618,2947.673838
25619,2808.271794
25620,2870.612033
25621,2764.242314
25622,2819.383407
25623,3673.042911
25624,3725.3918
25625,3076.60204
25626,2995.985688
25627,2933.55751
25628,3544.914808
25629,3012.304623
25630,2810.297859
25631,3059.916752
25632,2754.314555
25633,2746.799777
25634,2871.632267
25635,3471.549419
25636,3495.689459
25637,2756.429302
25638,2883.220119
25639,2749.487425
25640,3622.028314
25641,3479.841449
25642,2746.573209
25643,3058.860885
25644,2933.643147
25645,8356.601169
25646,8865.610336
25647,8335.426875
25648,6555.048254
25649,7806.027371
25650,8377.109642
25651,9362.248783
25652,8629.725423
25653,7575.306447
25654,9117.792897
25655,9130.190577
25656,7828.90761
25657,7298.76446
25658,7289.770823
25659,6577.119578
25660,9095.023477
25661,6793.997204
25662,8611.655121
25663,9110.617155
25664,7320.867451
25665,7066.373411
25666,7552.346228
25667,9347.509854
25668,7540.719151
25669,6565.26826
25670,8606.894358
25671,6542.791427
25672,6559.877109
25673,8841.875806
25674,6536.804636
25675,7792.758911
25676,6812.558899
25677,8588.474502
25678,8858.854448
25679,8880.738955
25680,6542.254262
25681,7039.925806
25682,9347.131439
25683,7045.963268
25684,6790.89982
25685,9368.021174
25686,5545.780872
25687,5805.860909
25688,6429.349918
25689,5455.547938
25690,6462.554595
25691,6145.935518
25692,6508.528377
25693,5852.65824
25694,5898.937274
25695,5578.284248
25696,5499.241186
25697,6176.370212
25698,5791.379513
25699,6226.039756
25700,5624.045023
25701,6334.494641
25702,6384.249056
25703,5869.761861
25704,5738.930933
25705,6269.020543
25706,6349.488865
25707,6305.792313
25708,6414.143314
25709,6226.866674
25710,5820.070841
25711,5617.401346
25712,5879.456114
25713,6306.086363
25714,5535.829247
25715,6138.459729
25716,5861.740442
25717,5699.75179
25718,5658.220598
25719,6097.351127
25720,5782.098225
25721,6255.32943
25722,5702.64082
25723,6061.962987
25724,5781.849431
25725,6147.292545
25726,8457.854088
25727,8017.007487
25728,9578.588253
25729,7119.587166
25730,9636.169406
25731,8819.723136
25732,9210.449521
25733,9093.308865
25734,7229.708933
25735,8935.349663
25736,7147.401341
25737,7965.132157
25738,8406.936537
25739,9850.819671
25740,7692.173827
25741,9484.928313
25742,7374.836099
25743,7914.576994
25744,9305.943303
25745,7196.412963
25746,9758.076149
25747,7176.258066
25748,8981.304777
25749,8680.239459
25750,8185.7324
25751,9802.460213
25752,9255.267952
25753,7207.164273
25754,8707.858601
25755,8291.227206
25756,7105.607264
25757,8564.934633
25758,7419.59333
25759,9529.150275
25760,7469.242152
25761,7644.365334
25762,7742.856612
25763,9032.961555
25764,9365.519178
25765,10029.51133
25766,9760.970726
25767,4298.757225
25768,5158.08541
25769,5223.266248
25770,4273.409236
25771,5132.594051
25772,4345.851715
25773,4379.453685
25774,4279.131736
25775,5215.436306
25776,4351.263426
25777,4342.336929
25778,5190.930121
25779,4331.225631
25780,5115.436543
25781,4246.441041
25782,5182.741062
25783,4307.386974
25784,5090.463607
25785,5208.023856
25786,4339.245264
25787,4413.813472
25788,4398.574485
25789,4312.217928
25790,4370.874014
25791,5248.413356
25792,5124.577317
25793,5149.134585
25794,5139.507831
25795,4377.530256
25796,5241.63968
25797,5116.98818
25798,4266.082367
25799,5182.746802
25800,5173.930577
25801,4363.794084
25802,4396.765894
25803,4380.002442
25804,4377.974535
25805,5150.006795
25806,5151.186307
25807,7606.872795
25808,6274.766082
25809,6239.863715
25810,7445.943362
25811,7447.548316
25812,7543.665061
25813,6341.078142
25814,6239.539037
25815,6274.784631
25816,7578.115996
25817,7513.883026
25818,7482.285981
25819,6204.253809
25820,6017.115106
25821,7515.904992
25822,6171.348494
25823,6205.363333
25824,6016.993863
25825,6137.772856
25826,6080.689873
25827,6117.424652
25828,7474.415231
25829,7411.924794
25830,7679.553654
25831,6307.495643
25832,5989.42978
25833,6047.206208
25834,7509.008775
25835,6134.732147
25836,7482.95104
25837,7517.800624
25838,7411.26156
25839,6274.248407
25840,7480.165538
25841,7551.937497
25842,6043.404321
25843,7612.189142
25844,6241.170046
25845,7448.542019
25846,6208.034597
25847,6169.240557
25848,6895.815084
25849,6875.957182
25850,7012.465253
25851,6869.329985
25852,6815.167005
25853,5903.450936
25854,6052.009486
25855,5947.588441
25856,6766.305414
25857,5983.148465
25858,5440.203413
25859,5888.311289
25860,5474.04571
25861,5704.127991
25862,5724.659099
25863,5806.296886
25864,6788.119917
25865,5784.81181
25866,6029.375313
25867,5504.887696
25868,6931.205108
25869,5865.996497
25870,5970.34393
25871,5744.809427
25872,6794.946872
25873,7136.975266
25874,6849.004304
25875,6063.288877
25876,5824.075947
25877,5482.957353
25878,7158.453063
25879,7029.274783
25880,7119.368939
25881,6734.473281
25882,5481.680426
25883,6957.211928
25884,5451.075427
25885,7038.427213
25886,6949.72134
25887,7092.606914
25888,9593.068286
25889,10955.12038
25890,9277.412922
25891,9292.613466
25892,9433.676802
25893,11112.8453
25894,10970.27265
25895,9418.744838
25896,10939.8563
25897,9455.499988
25898,9309.331526
25899,9481.932086
25900,11063.169
25901,9390.44571
25902,9327.442966
25903,10939.4078
25904,11037.8897
25905,10924.98197
25906,11050.8986
25907,9590.963124
25908,9449.211149
25909,9495.24071
25910,10911.16173
25911,9523.986885
25912,9528.636329
25913,11007.50736
25914,9346.460346
25915,9407.69831
25916,10897.41209
25917,11023.52954
25918,11127.04542
25919,9468.867201
25920,9404.256489
25921,9509.200976
25922,9465.189151
25923,10985.26399
25924,11079.64304
25925,9365.717045
25926,10883.31356
25927,10786.32041
25928,11097.05507
25929,5301.735844
25930,4770.794744
25931,5360.089308
25932,4764.496296
25933,4875.424977
25934,5404.48521
25935,5437.986516
25936,5353.234141
25937,5539.252178
25938,4915.885675
25939,4867.834805
25940,5393.967604
25941,4710.166879
25942,4718.691834
25943,5336.084133
25944,4870.94279
25945,4925.563159
25946,4931.574301
25947,4823.94674
25948,4925.68966
25949,4879.183692
25950,5438.96582
25951,5490.625798
25952,4761.191263
25953,4865.287221
25954,4864.360431
25955,4877.736166
25956,5545.686817
25957,5387.936222
25958,5593.466121
25959,5542.484139
25960,5444.175194
25961,4814.928236
25962,5343.581736
25963,5489.295682
25964,5494.621225
25965,4892.466297
25966,4812.610852
25967,4966.897058
25968,4916.251254
25969,5455.497056
25970,6320.01044
25971,6245.086984
25972,5647.637619
25973,6059.46227
25974,6108.87426
25975,6092.031316
25976,5381.449021
25977,5542.333499
25978,5287.883443
25979,5651.772922
25980,5391.656289
25981,5516.122741
25982,5613.694305
25983,6273.19765
25984,6197.294498
25985,6121.204845
25986,5613.838168
25987,5317.064582
25988,6348.777982
25989,6167.983623
25990,5593.110092
25991,5633.879205
25992,5458.809026
25993,5363.168552
25994,6019.54442
25995,6033.929225
25996,5304.962924
25997,5618.592789
25998,5466.67388
25999,6243.737413
26000,6258.881508
26001,6334.504719
26002,6170.163357
26003,5439.327888
26004,6183.751002
26005,6095.016821
26006,6055.604217
26007,5536.44923
26008,5647.002354
26009,5618.582496
26010,6433.096925
26011,5019.017219
26012,4621.760115
26013,6077.870428
26014,6324.950261
26015,5077.927059
26016,4810.061178
26017,4664.616814
26018,6339.761579
26019,6241.441039
26020,5993.651746
26021,6321.160589
26022,4655.762842
26023,6352.90768
26024,4993.82372
26025,5099.826502
26026,4994.644342
26027,4911.09112
26028,4781.276007
26029,4650.094517
26030,4891.132307
26031,6094.323576
26032,6192.003905
26033,4911.337495
26034,4632.59233
26035,4939.068246
26036,4729.783467
26037,6468.321046
26038,6176.159636
26039,4859.916598
26040,6258.132069
26041,6077.784179
26042,6161.584322
26043,4745.702248
26044,6272.589367
26045,4827.937098
26046,6420.743294
26047,6160.274157
26048,4674.178238
26049,6244.071705
26050,4702.768393
26051,8384.993873
26052,8878.886745
26053,8939.234326
26054,8503.511726
26055,7035.826563
26056,8712.118639
26057,8776.219569
26058,7295.564553
26059,7036.870027
26060,8993.620086
26061,7102.204791
26062,8718.023895
26063,8555.618109
26064,8450.324412
26065,7681.64702
26066,7519.146892
26067,8337.513903
26068,7624.554426
26069,7696.945641
26070,7090.265318
26071,8668.607849
26072,8221.772889
26073,8778.181026
26074,7357.332285
26075,8832.078314
26076,6970.065997
26077,8875.233491
26078,7459.743656
26079,6919.10563
26080,7789.483078
26081,7861.547934
26082,8548.594603
26083,7196.27175
26084,7200.744973
26085,8391.80031
26086,6875.729807
26087,7132.316204
26088,7365.774337
26089,8613.221071
26090,7531.428544
26091,7031.235672
26092,6071.587091
26093,5837.057306
26094,5263.299312
26095,5461.383247
26096,5584.45281
26097,5480.03602
26098,6118.680218
26099,5155.25105
26100,5267.090767
26101,5423.139508
26102,6053.204309
26103,5373.199977
26104,6225.385694
26105,5480.210025
26106,5371.690945
26107,5317.973034
26108,6177.117517
26109,5423.598265
26110,5529.388866
26111,6011.308487
26112,5773.81859
26113,6161.586739
26114,5751.827462
26115,5399.67983
26116,5161.523328
26117,5412.226113
26118,5965.641698
26119,5400.475504
26120,5588.584582
26121,5692.070741
26122,5730.624839
26123,5729.512499
26124,5212.234089
26125,5446.017413
26126,5635.585811
26127,5903.341753
26128,5944.986883
26129,5859.075873
26130,5800.161913
26131,5587.621717
26132,7813.029525
26133,6560.483448
26134,7833.363127
26135,6741.495538
26136,7739.666264
26137,7783.785487
26138,7799.317962
26139,7884.414728
26140,6779.309387
26141,6758.801834
26142,7850.018181
26143,6793.896251
26144,6809.604938
26145,6649.038325
26146,6725.261772
26147,7721.822976
26148,6668.303632
26149,6776.959308
26150,6596.656835
26151,6752.639882
26152,7811.131718
26153,7852.828808
26154,7900.89295
26155,7867.337755
26156,6547.929472
26157,6687.169241
26158,7752.430454
26159,6596.256346
26160,7885.878711
26161,7833.029501
26162,7769.494732
26163,7870.475805
26164,6709.979332
26165,6604.822448
26166,6612.574387
26167,7768.223256
26168,6630.246307
26169,7755.571747
26170,6765.70348
26171,6552.105148
26172,6575.932438
26173,7160.648276
26174,7265.71768
26175,7735.531371
26176,8246.904746
26177,7204.306531
26178,7367.008284
26179,8136.960465
26180,8034.393633
26181,7103.213645
26182,7408.73448
26183,8189.376943
26184,8146.020285
26185,8044.592482
26186,7371.687112
26187,7759.127314
26188,8407.773483
26189,7808.437693
26190,7467.937841
26191,7670.924537
26192,8305.330008
26193,8240.15472
26194,7695.304886
26195,7265.836324
26196,7982.02138
26197,8201.802866
26198,7569.104119
26199,8294.040926
26200,7478.06004
26201,7838.839459
26202,7584.243827
26203,8343.976931
26204,7306.052252
26205,8072.529908
26206,7767.500045
26207,7773.632444
26208,7716.075584
26209,7512.421001
26210,7879.260839
26211,8085.366257
26212,8097.268659
26213,7942.24577
26214,10318.47542
26215,9236.917951
26216,10459.34015
26217,9521.601591
26218,10404.158
26219,9071.732024
26220,9324.543771
26221,10410.43154
26222,9249.522794
26223,9177.535848
26224,10280.00721
26225,9430.577791
26226,9179.722078
26227,9338.60293
26228,9339.741106
26229,9155.942119
26230,10369.68368
26231,10197.55614
26232,9430.031516
26233,8980.688412
26234,10501.34294
26235,10190.49574
26236,9520.595065
26237,10290.76176
26238,10108.82333
26239,10671.2015
26240,10314.66124
26241,10677.92178
26242,8975.026915
26243,8895.87012
26244,9065.397653
26245,9150.623615
26246,10467.67596
26247,9065.883449
26248,10377.53055
26249,9283.554767
26250,9160.165909
26251,10590.57729
26252,10287.31215
26253,10584.89187
26254,9247.010341
26255,7058.013688
26256,7215.065157
26257,8091.301085
26258,8298.224496
26259,7234.689435
26260,7451.408259
26261,8170.118074
26262,7292.413963
26263,7213.524227
26264,8236.586903
26265,7294.832345
26266,7389.724163
26267,7157.853305
26268,7081.002914
26269,7436.131737
26270,8312.94755
26271,7136.410072
26272,8327.752924
26273,7489.66126
26274,8003.616228
26275,8386.258326
26276,7375.412359
26277,7371.826916
26278,7414.401074
26279,8249.002802
26280,8159.80696
26281,8230.693638
26282,8082.214479
26283,8375.906845
26284,8308.336386
26285,7311.902162
26286,7468.159005
26287,8164.607785
26288,8075.191785
26289,7456.300531
26290,7135.391585
26291,8140.02308
26292,7378.086774
26293,7536.971534
26294,8153.048679
26295,8219.583926
26296,6982.600568
26297,7401.32627
26298,7637.415775
26299,6769.996477
26300,6692.271938
26301,6922.263026
26302,7337.911352
26303,6542.40465
26304,7560.300022
26305,6668.182862
26306,7482.85522
26307,6825.075262
26308,6903.954553
26309,6769.446658
26310,6600.152014
26311,6746.376466
26312,7589.88825
26313,6967.518813
26314,7321.855491
26315,6544.577909
26316,6889.301067
26317,7416.310018
26318,7585.759501
26319,6614.916589
26320,7480.48687
26321,7429.072447
26322,7350.407767
26323,7558.836882
26324,6551.822631
26325,7405.111174
26326,6537.915689
26327,6694.190887
26328,7636.067553
26329,7493.803827
26330,6845.435472
26331,6535.577215
26332,7507.655094
26333,7272.148026
26334,7570.236977
26335,6619.361628
26336,6590.662205
26337,6162.548836
26338,6179.323683
26339,5543.300944
26340,6152.550641
26341,5515.926541
26342,5576.943056
26343,6178.371219
26344,6125.59726
26345,5518.344091
26346,5519.9122
26347,5539.52056
26348,5541.572138
26349,6192.709766
26350,6151.173197
26351,6180.498354
26352,6150.660884
26353,6166.273283
26354,5540.129648
26355,5575.287335
26356,5572.378431
26357,6194.319275
26358,6194.100522
26359,5543.567388
26360,5542.688844
26361,5544.369306
26362,6159.959592
26363,5512.758265
26364,5530.02568
26365,5545.916231
26366,5573.597407
26367,5543.631504
26368,5571.919482
26369,5572.22714
26370,6151.915689
26371,5542.771198
26372,6166.315524
26373,5582.493882
26374,6180.094441
26375,6152.472076
26376,6193.208988
26377,6164.876284
26378,4976.365061
26379,4257.806262
26380,4149.104326
26381,4131.406896
26382,5216.715008
26383,4400.148215
26384,4524.977316
26385,5338.697306
26386,4870.068914
26387,4503.525929
26388,5332.560721
26389,4501.51024
26390,4136.769422
26391,3896.084512
26392,4024.590506
26393,4009.39511
26394,3919.525549
26395,5328.262157
26396,5115.660773
26397,5224.980589
26398,4379.418272
26399,4993.695741
26400,3888.453335
26401,4839.081778
26402,4254.608618
26403,3898.017966
26404,4016.250599
26405,5094.987162
26406,4961.549686
26407,4850.199456
26408,3901.525494
26409,5346.337994
26410,5084.069379
26411,5101.554395
26412,4274.562751
26413,3891.182915
26414,4973.415475
26415,4378.814214
26416,3910.418952
26417,5206.352233
26418,5235.924246
26419,5091.97984
26420,5246.694221
26421,5269.657465
26422,5448.754243
26423,5323.9679
26424,5369.721455
26425,5924.379064
26426,5834.852198
26427,5547.675292
26428,5457.462295
26429,5729.20738
26430,5415.042108
26431,5054.756065
26432,5656.00733
26433,5745.674204
26434,5233.501836
26435,5586.857814
26436,5833.622428
26437,5143.780031
26438,5869.227539
26439,5407.329022
26440,5180.758018
26441,5959.042842
26442,5154.838271
26443,5339.233974
26444,5402.431112
26445,5063.954989
26446,5431.996116
26447,5371.482092
26448,5563.086821
26449,5565.75444
26450,5358.938092
26451,5778.772175
26452,5371.617086
26453,5687.726485
26454,5387.803541
26455,5638.313097
26456,5653.045709
26457,5923.749522
26458,5743.207344
26459,5374.084795
26460,10257.35853
26461,11824.41863
26462,9610.916167
26463,9545.222615
26464,9792.657932
26465,9975.014844
26466,10289.83301
26467,10408.78189
26468,11641.85102
26469,12023.18793
26470,9387.989113
26471,11477.78793
26472,11414.18785
26473,11892.97789
26474,11457.96163
26475,9895.970289
26476,9716.782587
26477,11596.93101
26478,11574.24382
26479,10106.67746
26480,9429.748563
26481,11841.51048
26482,10225.34708
26483,9857.688259
26484,9674.565806
26485,11962.22807
26486,11391.52212
26487,9360.166839
26488,9492.358562
26489,12005.31884
26490,9477.399347
26491,10041.44828
26492,11273.39972
26493,11232.01672
26494,11755.56908
26495,10076.14991
26496,11659.70002
26497,11935.38214
26498,9538.314934
26499,9526.055128
26500,11779.747
26501,9812.35276
26502,9795.488919
26503,8610.193029
26504,7772.753141
26505,10168.09876
26506,8267.899941
26507,8646.419778
26508,9656.219685
26509,7738.536576
26510,9990.877578
26511,8258.258447
26512,9973.2835
26513,10167.58902
26514,8091.776984
26515,7916.248893
26516,8468.811513
26517,10343.16775
26518,7741.196541
26519,9992.537719
26520,9617.905703
26521,10326.98062
26522,8621.637315
26523,10342.10964
26524,9833.475594
26525,9632.893523
26526,10322.99348
26527,8290.546169
26528,7735.806103
26529,9816.435805
26530,8084.111319
26531,7758.61191
26532,10150.60471
26533,7934.965757
26534,7758.014856
26535,8444.676626
26536,7911.008232
26537,10182.44941
26538,8433.654758
26539,8112.386804
26540,10008.9182
26541,7748.390991
26542,6929.897316
26543,7510.907369
26544,5123.413684
26545,7165.26304
26546,5194.892017
26547,6088.876864
26548,5288.682051
26549,5993.145109
26550,7073.212328
26551,5165.285433
26552,5261.645563
26553,6831.617763
26554,5267.950524
26555,6464.549212
26556,7222.604141
26557,7121.921968
26558,5144.021832
26559,5407.806466
26560,7367.679342
26561,6136.944207
26562,7596.833008
26563,5701.444153
26564,6608.327876
26565,5222.17655
26566,7309.66438
26567,5342.213829
26568,6517.215674
26569,6685.616901
26570,6641.248386
26571,6175.712138
26572,6466.721836
26573,5847.837914
26574,6539.630575
26575,5292.982205
26576,5310.347143
26577,6496.356478
26578,6233.40748
26579,6376.153035
26580,7020.487627
26581,5366.671702
26582,6320.315646
26583,6785.853047
26584,5554.563574
26585,6977.195409
26586,5439.773032
26587,7652.293742
26588,7076.088727
26589,7453.533458
26590,15225.90646
26591,14925.47856
26592,15297.71743
26593,15343.24732
26594,15125.67076
26595,15858.52119
26596,15632.16069
26597,15067.73548
26598,16127.89875
26599,15833.00487
26600,15658.32901
26601,15290.41719
26602,15708.19456
26603,15153.14703
26604,16101.91718
26605,15683.54101
26606,14951.99028
26607,15145.66785
26608,15629.31267
26609,15213.84844
26610,15097.11627
26611,14767.90339
26612,15188.31291
26613,15604.84386
26614,15172.39896
26615,15371.90648
26616,14793.81579
26617,15008.50854
26618,15900.67001
26619,15927.27363
26620,15264.60707
26621,15272.84132
26622,15953.53467
26623,15873.82408
26624,15119.13798
26625,16046.39126
26626,15807.8979
26627,15393.87303
26628,15418.43792
26629,15345.54162
26630,14979.69903
26631,15757.15981
26632,15199.17545
26633,15239.16264
26634,15038.03272
26635,16074.74374
26636,15316.65732
26637,15782.73122
26638,6070.947329
26639,6366.795103
26640,4778.237067
26641,6234.503165
26642,4510.490767
26643,6196.126028
26644,6403.663337
26645,6537.019145
26646,6584.820173
26647,5436.236872
26648,4926.41082
26649,5279.592548
26650,4912.769472
26651,6752.378067
26652,4653.927122
26653,6610.746807
26654,6239.187014
26655,6706.188913
26656,5397.929416
26657,5111.632026
26658,5228.626644
26659,4589.286499
26660,4745.392462
26661,6743.946274
26662,6417.293365
26663,4757.339605
26664,5266.373417
26665,4447.904861
26666,6249.761058
26667,4578.677099
26668,5080.905499
26669,5096.243438
26670,6571.661173
26671,4944.480659
26672,6738.332919
26673,4671.93642
26674,6873.942957
26675,6575.98492
26676,4734.485785
26677,6407.652658
26678,4612.797406
26679,5759.980472
26680,5742.451498
26681,4958.786402
26682,4920.934275
26683,4926.550874
26684,5761.630475
26685,4919.925488
26686,5752.04037
26687,5718.735093
26688,5766.660985
26689,4915.566239
26690,5732.514912
26691,4946.553232
26692,5749.651542
26693,5688.697612
26694,4938.678724
26695,4935.082065
26696,5744.723248
26697,5776.992177
26698,5700.011448
26699,4958.473533
26700,4929.141944
26701,4914.031591
26702,4924.233996
26703,4925.517922
26704,4969.771589
26705,5729.291359
26706,4938.359741
26707,4930.456423
26708,4950.823328
26709,5728.294298
26710,4963.588866
26711,5739.52441
26712,5711.217436
26713,5755.927573
26714,4926.816655
26715,4948.465383
26716,5724.644293
26717,5721.99663
26718,4936.762424
26719,5125.064263
26720,5475.204376
26721,6522.75146
26722,7021.274062
26723,5813.263399
26724,6831.342226
26725,6039.142121
26726,6462.789104
26727,5865.241763
26728,6696.28774
26729,5515.748336
26730,5984.981276
26731,5996.918432
26732,6635.825117
26733,5642.541071
26734,6481.273831
26735,5140.049172
26736,7156.859755
26737,5302.133463
26738,5822.947359
26739,7194.121208
26740,6656.722153
26741,6848.161542
26742,5129.760953
26743,5151.116889
26744,7038.769244
26745,6674.95505
26746,5648.869209
26747,6868.331869
26748,5472.731487
26749,5134.577448
26750,7004.49433
26751,5167.794522
26752,6983.337109
26753,7175.874274
26754,5182.675914
26755,5303.540414
26756,5690.5746
26757,7161.573504
26758,6809.507984
26759,5341.348121
26760,8474.218686
26761,9304.556953
26762,8332.851129
26763,9344.803104
26764,9358.18948
26765,9315.197399
26766,9336.981183
26767,8515.601421
26768,9331.404042
26769,8243.426738
26770,8447.411501
26771,9449.3124
26772,9285.514654
26773,8224.942755
26774,9420.804337
26775,8377.324152
26776,8255.129453
26777,9308.660164
26778,9476.921094
26779,8413.209485
26780,9252.511434
26781,8195.922987
26782,9162.914979
26783,8360.039426
26784,9224.017539
26785,9248.481579
26786,8387.435663
26787,8382.79067
26788,9277.055847
26789,9374.195515
26790,8352.573169
26791,8318.30515
26792,8322.8491
26793,9391.202926
26794,8215.126983
26795,8286.375694
26796,8415.491166
26797,9280.631248
26798,8489.705871
26799,8350.409186
26800,8444.433486
26801,11376.42217
26802,9626.430273
26803,11404.42611
26804,9699.783932
26805,11440.56273
26806,11150.98512
26807,11188.2189
26808,9619.582476
26809,9731.720299
26810,9648.689462
26811,9537.308631
26812,11413.15039
26813,11375.85179
26814,11492.19933
26815,9737.020907
26816,9687.255664
26817,9611.230186
26818,11299.666
26819,9656.92187
26820,9545.941408
26821,9773.997287
26822,11296.5049
26823,9769.201888
26824,9622.881232
26825,9848.037845
26826,11332.87038
26827,11225.04913
26828,11449.4662
26829,11300.7208
26830,9766.816365
26831,9810.93983
26832,11454.32892
26833,9548.548659
26834,9544.215545
26835,9726.773311
26836,11529.36744
26837,11415.74982
26838,11338.9824
26839,9694.285296
26840,11368.70547
26841,7888.385459
26842,7789.395356
26843,6820.673533
26844,7862.29696
26845,6985.505957
26846,7958.658712
26847,8028.671838
26848,6732.229226
26849,6603.449451
26850,7933.65902
26851,6957.726368
26852,6979.878769
26853,6893.07914
26854,6679.123641
26855,6658.752171
26856,7817.338714
26857,6749.669855
26858,6608.881477
26859,7709.101196
26860,7716.357751
26861,6674.93462
26862,6968.214948
26863,6894.426965
26864,6586.665946
26865,6747.385409
26866,7791.7976
26867,6965.989867
26868,7720.146819
26869,7921.965449
26870,6881.954377
26871,6820.934341
26872,7934.829499
26873,7994.127228
26874,6995.970381
26875,6956.928845
26876,8065.287531
26877,8004.829278
26878,6806.829746
26879,7745.189196
26880,7848.725536
26881,7862.835303
26882,7681.333257
26883,8570.034759
26884,7502.601559
26885,8655.118111
26886,8638.885549
26887,8500.813138
26888,7549.004946
26889,7430.826014
26890,7614.547667
26891,7704.652512
26892,7382.224718
26893,7480.385944
26894,7369.809582
26895,7753.108818
26896,8788.767734
26897,7636.874269
26898,7616.256925
26899,7684.76523
26900,8734.907563
26901,8706.809948
26902,8722.067368
26903,7356.556359
26904,8745.639618
26905,8768.37952
26906,7484.607659
26907,8677.778825
26908,8548.92827
26909,8616.899351
26910,8702.672087
26911,7569.501357
26912,7413.427571
26913,7436.088958
26914,8473.163531
26915,7397.84479
26916,8541.093687
26917,8587.887018
26918,8609.466625
26919,7357.536934
26920,7420.965245
26921,7548.028662
26922,8773.469013
26923,7580.684743
26924,7482.461919
26925,7609.612026
26926,7532.609126
26927,8800.299816
26928,7553.483848
26929,7595.239196
26930,7619.815204
26931,8759.356229
26932,8726.793599
26933,7658.961439
26934,7502.544205
26935,7521.629345
26936,8859.793018
26937,8821.201814
26938,8851.200232
26939,7470.734828
26940,7499.077838
26941,7627.29617
26942,8791.03581
26943,8830.066775
26944,7588.588862
26945,8735.820215
26946,8835.421694
26947,7494.39245
26948,7528.055597
26949,7477.163083
26950,8770.499555
26951,8705.685777
26952,7527.688625
26953,7465.078196
26954,7563.486188
26955,8795.153244
26956,8798.078807
26957,7557.86752
26958,8849.658107
26959,8829.030387
26960,8764.841658
26961,8823.905039
26962,8766.826714
26963,7502.878115
26964,7312.037709
26965,8022.239348
26966,7415.395205
26967,8075.030925
26968,7339.701598
26969,7364.676421
26970,7318.116837
26971,7333.308025
26972,8018.769565
26973,8025.428806
26974,7307.312798
26975,7371.735708
26976,7367.714927
26977,8014.484153
26978,8046.521842
26979,7322.184893
26980,8069.664428
26981,7375.838432
26982,8079.717948
26983,7999.824424
26984,7325.375025
26985,8071.51843
26986,7317.220783
26987,7385.57344
26988,7358.490071
26989,7408.518659
26990,7998.93355
26991,7370.997555
26992,7353.127101
26993,7333.668012
26994,8009.794816
26995,8075.79008
26996,8060.043902
26997,8066.29031
26998,7327.716783
26999,7380.400678
27000,8009.070997
27001,8013.162165
27002,8003.721811
27003,8006.87095
27004,6056.076985
27005,7114.038171
27006,6048.703895
27007,7069.991096
27008,7105.921729
27009,6033.213638
27010,6008.613699
27011,7107.408606
27012,5996.720782
27013,6034.517319
27014,6021.987694
27015,6000.788031
27016,7169.391261
27017,5991.061005
27018,5985.978085
27019,7128.992753
27020,7075.81803
27021,6086.236314
27022,7139.300943
27023,7066.251084
27024,6065.399056
27025,7088.30122
27026,6075.462155
27027,6039.994288
27028,6056.916433
27029,6038.544002
27030,7097.533249
27031,7118.326284
27032,6044.538762
27033,6047.270316
27034,6021.387938
27035,7103.404843
27036,6096.345579
27037,6047.440881
27038,6011.109966
27039,7178.536628
27040,7147.857826
27041,7159.209106
27042,7093.934094
27043,7077.872827
27044,7084.909065
27045,5272.287059
27046,5302.252144
27047,6350.24708
27048,6344.228153
27049,5233.073078
27050,6304.538425
27051,6288.289726
27052,5293.440194
27053,6374.106202
27054,5268.948663
27055,6366.595924
27056,5251.668595
27057,5301.513534
27058,5316.727672
27059,5325.246508
27060,5231.087742
27061,6262.631843
27062,6352.408313
27063,5278.09042
27064,5292.178787
27065,6298.484786
27066,5211.550966
27067,6240.02962
27068,6345.067804
27069,6310.103671
27070,6324.712093
27071,5315.433664
27072,6323.532826
27073,5367.998588
27074,5342.234629
27075,6331.298639
27076,5353.803419
27077,5284.433556
27078,5393.292827
27079,6300.909445
27080,5338.312594
27081,6284.036182
27082,6277.160961
27083,6321.50294
27084,5323.064354
27085,5255.198441
27086,4484.786294
27087,4555.006931
27088,4720.386339
27089,3786.064651
27090,6172.53073
27091,5622.662592
27092,5264.868283
27093,4322.397179
27094,5495.524792
27095,6181.530022
27096,5856.603499
27097,4955.256065
27098,5731.169669
27099,5388.052224
27100,4104.240724
27101,4249.107194
27102,5258.985606
27103,5499.491046
27104,5023.720651
27105,5474.772704
27106,4788.843417
27107,5041.304248
27108,6197.527537
27109,4806.692594
27110,5732.622023
27111,5238.576965
27112,4013.932954
27113,3777.905369
27114,4572.206338
27115,3796.481914
27116,5965.236916
27117,4338.054106
27118,4090.867953
27119,5964.280151
27120,5711.13937
27121,3766.518229
27122,5946.889299
27123,3767.217224
27124,3779.582275
27125,6089.941238
27126,3793.092585
27127,5026.570275
27128,4961.185786
27129,4979.521842
27130,5014.961588
27131,5665.328969
27132,5674.866132
27133,5618.085746
27134,5768.115857
27135,4872.768298
27136,5801.420995
27137,4914.982537
27138,4868.639158
27139,4966.514947
27140,4885.847195
27141,5846.73401
27142,4932.575492
27143,5795.380565
27144,5842.245952
27145,5664.877549
27146,5063.906711
27147,4839.35277
27148,5813.927288
27149,4916.025395
27150,5747.969237
27151,5711.139674
27152,5711.235518
27153,5706.401443
27154,4991.846124
27155,4979.546422
27156,4919.0503
27157,5721.801682
27158,5756.384505
27159,4967.626761
27160,5700.191378
27161,4934.64497
27162,5053.844501
27163,5007.424691
27164,5627.379754
27165,4963.889259
27166,5691.961401
27167,4342.835413
27168,3750.90975
27169,4603.125151
27170,4454.035045
27171,4294.969434
27172,4371.398571
27173,3791.345908
27174,3666.415837
27175,3673.466379
27176,4468.733952
27177,4255.213759
27178,3757.748134
27179,3835.941845
27180,4531.395115
27181,4456.729478
27182,3582.172449
27183,3777.277166
27184,3691.207732
27185,4038.572555
27186,4382.50541
27187,3930.168057
27188,3652.74601
27189,3621.619218
27190,3508.495196
27191,3951.52823
27192,4539.053934
27193,3590.504358
27194,3606.143437
27195,3843.41272
27196,4206.854865
27197,4430.438876
27198,4541.446823
27199,3665.293939
27200,3877.576093
27201,4517.329549
27202,3540.330808
27203,3864.20793
27204,4625.753972
27205,4553.277227
27206,4622.591735
27207,4367.651268
27208,4167.243479
27209,5609.663972
27210,4809.240791
27211,5941.526541
27212,5767.048373
27213,5617.853338
27214,5606.785899
27215,4805.515273
27216,5455.937486
27217,4646.653179
27218,5616.708261
27219,4484.4586
27220,4001.414137
27221,6093.061378
27222,4644.472955
27223,4322.426714
27224,6094.438141
27225,4484.347116
27226,4005.056269
27227,4009.746373
27228,4326.49603
27229,4013.23027
27230,5447.24148
27231,4646.808041
27232,4486.182929
27233,4325.527294
27234,4167.430582
27235,4161.419615
27236,5772.082514
27237,4021.70811
27238,4008.137601
27239,5938.077748
27240,5926.677914
27241,6085.869221
27242,5453.529685
27243,6102.04297
27244,5779.606561
27245,5778.628483
27246,5933.813045
27247,4010.383567
27248,4807.664049
27249,9419.183078
27250,9335.600027
27251,9368.671239
27252,7779.954389
27253,7621.004606
27254,7701.204062
27255,7627.036727
27256,7986.947962
27257,9274.738406
27258,7665.555685
27259,9276.775012
27260,9357.026527
27261,9494.140015
27262,9518.919444
27263,9402.129981
27264,7794.670476
27265,7822.224314
27266,7706.449371
27267,7860.705847
27268,7736.604768
27269,7913.243483
27270,9462.063711
27271,7842.370602
27272,9428.954244
27273,9212.65106
27274,7761.243409
27275,7675.135395
27276,7924.040388
27277,7641.942437
27278,7797.747813
27279,7678.881888
27280,9479.697871
27281,7735.799626
27282,9549.578447
27283,9340.233656
27284,9538.481304
27285,9489.246904
27286,9458.086693
27287,7853.495655
27288,7694.000467
27289,9396.866227
27290,17929.54667
27291,16209.53153
27292,16592.77727
27293,16346.90282
27294,17839.09064
27295,16656.90965
27296,16729.83896
27297,18240.47205
27298,17704.95541
27299,17400.57034
27300,16747.75318
27301,18235.19585
27302,16612.88014
27303,16320.78313
27304,18103.54997
27305,16883.69338
27306,15913.04258
27307,18088.62188
27308,18063.36276
27309,17953.11606
27310,17971.77848
27311,16319.55099
27312,16597.06723
27313,16183.37686
27314,16047.3889
27315,16214.97852
27316,18373.4928
27317,17817.37335
27318,16479.33118
27319,17662.54292
27320,16076.10779
27321,16801.76066
27322,16458.9556
27323,17970.40261
27324,16455.78068
27325,17796.09966
27326,17681.76889
27327,16880.84315
27328,17528.56711
27329,16964.72317
27330,18106.15297
27331,6917.31296
27332,5895.426806
27333,6320.70486
27334,7008.951245
27335,5896.077143
27336,6046.244623
27337,6229.203381
27338,6271.893696
27339,6001.638421
27340,6001.929071
27341,6181.353184
27342,6181.066727
27343,7125.629958
27344,5955.759543
27345,5937.851503
27346,7280.663065
27347,5896.797625
27348,7195.688776
27349,7215.095489
27350,7104.486242
27351,6271.897327
27352,5913.049851
27353,6137.53099
27354,7392.536285
27355,7240.336646
27356,6091.329771
27357,5897.162249
27358,7061.422544
27359,7303.99733
27360,7285.508751
27361,6919.780425
27362,6970.196163
27363,7277.008563
27364,7191.039427
27365,5947.993382
27366,7100.376114
27367,6090.910212
27368,7012.29162
27369,7151.523651
27370,5907.640699
27371,5913.19526
27372,4673.188205
27373,4212.990717
27374,4838.69736
27375,4192.392886
27376,4496.971208
27377,4978.144025
27378,4534.261743
27379,4770.456675
27380,5135.026099
27381,4558.346992
27382,4908.295108
27383,5273.762535
27384,5349.657929
27385,5387.510917
27386,5210.804373
27387,4812.668252
27388,5605.228778
27389,4633.333799
27390,5466.621278
27391,4179.999319
27392,5742.133052
27393,0
27394,0
27395,0
27396,0
27397,0
27398,0
27399,0
27400,0
27401,0
27402,0
27403,0
27404,0
27405,0
27406,0
27407,0
27408,0
27409,0
27410,0
27411,0
27412,0
27413,0
27414,0
27415,0
27416,0
27417,0
27418,0
27419,0
27420,0
27421,0
27422,0
27423,0
27424,0
27425,0
27426,0
27427,0
27428,0
27429,0
27430,0
27431,0
27432,0
27433,0
27434,0
27435,0
27436,0
27437,0
27438,0
27439,0
27440,0
27441,0
27442,0
27443,0
27444,0
27445,0
27446,0
27447,0
27448,0
27449,0
27450,0
27451,0
27452,0
27453,0
27454,0
27455,0
27456,0
27457,0
27458,0
27459,0
27460,0
27461,0
27462,0
27463,0
27464,0
27465,0
27466,0
27467,0
27468,0
27469,0
27470,0
27471,0
27472,0
27473,0
27474,0
27475,0
27476,0
27477,0
27478,0
27479,0
27480,0
27481,0
27482,0
27483,0
27484,5185.692711
27485,0
27486,0
27487,0
27488,0
27489,0
27490,0
27491,0
27492,0
27493,0
27494,0
27495,0
27496,0
27497,0
27498,0
27499,0
27500,0
27501,0
27502,0
27503,0
27504,0
27505,0
27506,0
27507,0
27508,0
27509,0
27510,0
27511,0
27512,0
27513,0
27514,0
27515,0
27516,0
27517,0
27518,0
27519,0
27520,0
27521,0
27522,0
27523,0
27524,0
27525,0
27526,0
27527,0
27528,0
27529,0
27530,0
27531,0
27532,0
27533,0
27534,0
27535,0
27536,0
27537,0
27538,0
27539,0
27540,0
27541,0
27542,0
27543,0
27544,0
27545,0
27546,0
27547,0
27548,0
27549,0
27550,0
27551,0
27552,5689.955535
27553,0
27554,0
27555,0
27556,0
27557,0
27558,0
27559,0
27560,0
27561,0
27562,0
27563,0
27564,0
27565,0
27566,0
27567,0
27568,0
27569,0
27570,0
27571,0
27572,0
27573,0
27574,0
27575,0
27576,0
27577,0
27578,0
27579,0
27580,0
27581,0
27582,0
27583,0
27584,0
27585,0
27586,0
27587,0
27588,0
27589,0
27590,0
27591,0
27592,0
27593,5623.252155
27594,5249.427237
27595,0
27596,0
27597,0
27598,0
27599,0
27600,0
27601,0
27602,5655.558694
27603,0
27604,0
27605,0
27606,0
27607,0
27608,0
27609,0
27610,0
27611,0
27612,0
27613,0
27614,0
27615,0
27616,0
27617,0
27618,0
27619,0
27620,0
27621,5551.586416
27622,0
27623,0
27624,0
27625,0
27626,0
27627,0
27628,0
27629,0
27630,0
27631,4698.552393
27632,0
27633,0
27634,0
27635,0
27636,0
27637,0
27638,0
27639,0
27640,0
27641,0
27642,0
27643,0
27644,0
27645,0
27646,0
27647,0
27648,0
27649,4266.870899
27650,0
27651,0
27652,0
27653,0
27654,0
27655,0
27656,0
27657,0
27658,0
27659,0
27660,0
27661,0
27662,0
27663,0
27664,0
27665,0
27666,4952.29704
27667,0
27668,0
27669,0
27670,0
27671,0
27672,0
27673,0
27674,0
27675,0
27676,0
27677,0
27678,0
27679,0
27680,0
27681,0
27682,0
27683,0
27684,0
27685,0
27686,0
27687,0
27688,0
27689,0
27690,0
27691,0
27692,0
27693,0
27694,0
27695,0
27696,0
27697,0
27698,0
27699,0
27700,0
27701,0
27702,0
27703,0
27704,0
27705,0
27706,0
27707,0
27708,0
27709,0
27710,0
27711,0
27712,0
27713,0
27714,0
27715,0
27716,0
27717,0
27718,0
27719,0
27720,0
27721,0
27722,0
27723,0
27724,0
27725,0
27726,0
27727,0
27728,5487.160334
27729,0
27730,0
27731,0
27732,0
27733,0
27734,0
27735,0
27736,0
27737,0
27738,0
27739,0
27740,0
27741,0
27742,4240.42203
27743,0
27744,0
27745,0
27746,0
27747,0
27748,0
27749,0
27750,0
27751,0
27752,0
27753,0
27754,0
27755,0
27756,0
27757,0
27758,0
27759,0
27760,0
27761,0
27762,0
27763,0
27764,0
27765,0
27766,0
27767,0
27768,0
27769,0
27770,0
27771,0
27772,0
27773,0
27774,0
27775,0
27776,0
27777,0
27778,0
27779,0
27780,0
27781,0
27782,0
27783,0
27784,0
27785,4234.335241
27786,0
27787,0
27788,0
27789,0
27790,0
27791,0
27792,0
27793,0
27794,0
27795,4396.10644
27796,0
27797,0
27798,0
27799,4418.696438
27800,0
27801,0
27802,0
27803,0
27804,0
27805,0
27806,0
27807,0
27808,0
27809,0
27810,0
27811,0
27812,0
27813,0
27814,0
27815,0
27816,0
27817,0
27818,0
27819,0
27820,0
27821,0
27822,0
27823,0
27824,0
27825,0
27826,5326.563388
27827,0
27828,0
27829,0
27830,0
27831,0
27832,0
27833,0
27834,0
27835,0
27836,0
27837,0
27838,0
27839,0
27840,5412.757603
27841,0
27842,0
27843,0
27844,0
27845,0
27846,0
27847,0
27848,0
27849,0
27850,0
27851,0
27852,0
27853,0
27854,0
27855,0
27856,0
27857,0
27858,0
27859,0
27860,0
27861,0
27862,0
27863,0
27864,0
27865,0
27866,0
27867,0
27868,0
27869,0
27870,0
27871,0
27872,0
27873,0
27874,0
27875,0
27876,0
27877,0
27878,0
27879,0
27880,0
27881,0
27882,0
27883,0
27884,0
27885,0
27886,0
27887,0
27888,0
27889,0
27890,0
27891,0
27892,0
27893,0
27894,0
27895,0
27896,0
27897,0
27898,0
27899,0
27900,0
27901,0
27902,0
27903,0
27904,0
27905,0
27906,0
27907,0
27908,0
27909,0
27910,0
27911,0
27912,0
27913,0
27914,0
27915,5525.533446
27916,0
27917,0
27918,0
27919,0
27920,0
27921,0
27922,0
27923,0
27924,0
27925,0
27926,0
27927,0
27928,0
27929,0
27930,0
27931,0
27932,0
27933,0
27934,0
27935,0
27936,0
27937,0
27938,0
27939,0
27940,0
27941,0
27942,0
27943,0
27944,0
27945,0
27946,0
27947,0
27948,0
27949,0
27950,0
27951,0
27952,0
27953,0
27954,0
27955,0
27956,0
27957,0
27958,0
27959,5663.462006
27960,4268.956962
27961,0
27962,0
27963,0
27964,0
27965,0
27966,0
27967,0
27968,0
27969,0
27970,0
27971,0
27972,0
27973,0
27974,0
27975,0
27976,0
27977,0
27978,0
27979,0
27980,0
27981,0
27982,0
27983,0
27984,0
27985,0
27986,0
27987,0
27988,4361.213523
27989,0
27990,0
27991,0
27992,0
27993,0
27994,0
27995,0
27996,0
27997,0
27998,0
27999,0
28000,0
28001,0
28002,0
28003,0
28004,0
28005,0
28006,0
28007,0
28008,0
28009,0
28010,0
28011,0
28012,0
28013,0
28014,0
28015,0
28016,0
28017,0
28018,0
28019,0
28020,0
28021,0
28022,0
28023,0
28024,0
28025,0
28026,0
28027,0
28028,0
28029,0
28030,0
28031,0
28032,0
28033,0
28034,0
28035,0
28036,0
28037,0
28038,0
28039,0
28040,0
28041,0
28042,0
28043,0
28044,0
28045,0
28046,0
28047,0
28048,0
28049,0
28050,0
28051,0
28052,0
28053,0
28054,0
28055,0
28056,0
28057,0
28058,7663.649528
28059,0
28060,0
28061,0
28062,6575.157097
28063,0
28064,0
28065,0
28066,0
28067,0
28068,0
28069,0
28070,0
28071,0
28072,0
28073,0
28074,0
28075,0
28076,0
28077,0
28078,0
28079,0
28080,0
28081,0
28082,0
28083,0
28084,0
28085,0
28086,0
28087,0
28088,0
28089,0
28090,0
28091,0
28092,0
28093,0
28094,0
28095,0
28096,0
28097,0
28098,0
28099,0
28100,0
28101,0
28102,0
28103,0
28104,0
28105,0
28106,0
28107,0
28108,0
28109,0
28110,0
28111,0
28112,0
28113,6340.089218
28114,0
28115,0
28116,0
28117,0
28118,0
28119,0
28120,0
28121,0
28122,0
28123,0
28124,0
28125,0
28126,0
28127,0
28128,8134.93153
28129,0
28130,0
28131,0
28132,0
28133,0
28134,0
28135,0
28136,0
28137,0
28138,0
28139,0
28140,0
28141,0
28142,0
28143,0
28144,0
28145,0
28146,0
28147,0
28148,0
28149,0
28150,0
28151,0
28152,0
28153,0
28154,0
28155,0
28156,0
28157,0
28158,0
28159,0
28160,0
28161,0
28162,0
28163,0
28164,0
28165,0
28166,0
28167,0
28168,0
28169,0
28170,0
28171,0
28172,0
28173,0
28174,0
28175,0
28176,0
28177,0
28178,0
28179,0
28180,0
28181,0
28182,0
28183,0
28184,0
28185,0
28186,0
28187,0
28188,0
28189,0
28190,0
28191,0
28192,6183.864572
28193,0
28194,0
28195,0
28196,0
28197,0
28198,0
28199,0
28200,0
28201,0
28202,0
28203,0
28204,0
28205,0
28206,0
28207,0
28208,0
28209,0
28210,0
28211,0
28212,0
28213,0
28214,0
28215,0
28216,0
28217,0
28218,0
28219,0
28220,0
28221,0
28222,0
28223,0
28224,0
28225,0
28226,0
28227,0
28228,0
28229,0
28230,0
28231,0
28232,0
28233,6011.814128
28234,6268.24897
28235,0
28236,0
28237,0
28238,0
28239,0
28240,0
28241,0
28242,0
28243,0
28244,0
28245,0
28246,0
28247,0
28248,0
28249,6811.118331
28250,7699.490812
28251,6028.777976
28252,6773.768896
28253,7809.819116
28254,6452.692999
28255,6654.379279
28256,8163.231962
28257,0
28258,6729.793524
28259,5973.647391
28260,7613.705493
28261,7855.579726
28262,0
28263,5989.829034
28264,0
28265,6497.12918
28266,7925.08664
28267,7821.713866
28268,7964.289347
28269,6143.431522
28270,6617.563312
28271,6421.303885
28272,0
28273,8272.666676
28274,6057.664784
28275,0
28276,8080.567484
28277,7769.302014
28278,8288.908501
28279,0
28280,8118.549966
28281,6297.669882
28282,7979.071365
28283,0
28284,8010.205796
28285,6037.236003
28286,6115.806862
28287,8206.898076
28288,0
28289,0
28290,8235.41405
28291,5963.680092
28292,3749.806147
28293,3763.909468
28294,4339.908779
28295,4432.510619
28296,4460.156772
28297,3832.855065
28298,3721.072269
28299,3693.334483
28300,3793.462723
28301,3735.579294
28302,3873.124794
28303,3856.922164
28304,4452.35342
28305,4346.407101
28306,3786.643832
28307,4404.42391
28308,4311.388873
28309,4421.093592
28310,4395.482845
28311,0
28312,3824.128544
28313,4432.261707
28314,4404.591361
28315,4394.402637
28316,0
28317,4392.990463
28318,3815.246182
28319,4363.296164
28320,3852.817398
28321,3855.473728
28322,3731.994969
28323,0
28324,0
28325,3779.532181
28326,4367.495332
28327,3758.980635
28328,4376.277248
28329,0
28330,4347.63431
28331,3809.950919
28332,4422.778468
28333,3819.124914
28334,0
28335,0
28336,3705.215507
28337,4375.894866
28338,3844.921329
28339,3899.030143
28340,5807.904946
28341,6676.881956
28342,5829.637472
28343,6670.974556
28344,5833.11946
28345,0
28346,6661.167185
28347,5802.778348
28348,0
28349,6690.271702
28350,0
28351,0
28352,0
28353,6660.585366
28354,6671.705889
28355,5828.506263
28356,5831.713712
28357,0
28358,0
28359,6659.880281
28360,5848.790089
28361,0
28362,6692.620572
28363,5847.981147
28364,6670.159931
28365,5851.035975
28366,6693.497541
28367,5838.738242
28368,6634.770992
28369,5831.259029
28370,5846.941209
28371,6675.269397
28372,6676.13524
28373,5818.423342
28374,0
28375,6661.957464
28376,5841.735247
28377,5801.246355
28378,6692.730713
28379,6658.851222
28380,0
28381,0
28382,5828.440449
28383,6673.490679
28384,5847.241067
28385,5811.359364
28386,6673.864172
28387,5853.123339
28388,0
28389,5863.298554
28390,0
28391,5835.713586
28392,5829.587234
28393,6675.686741
28394,0
28395,0
28396,0
28397,3373.126351
28398,3605.737134
28399,4480.705227
28400,4287.975226
28401,4534.1667
28402,3853.214428
28403,4371.399714
28404,3759.810454
28405,0
28406,4313.409626
28407,3849.014559
28408,4549.506054
28409,3676.092643
28410,3687.503849
28411,3374.888041
28412,3604.498015
28413,0
28414,3592.121796
28415,3508.27242
28416,0
28417,4384.747049
28418,4236.097484
28419,4301.592395
28420,3767.397373
28421,3770.444133
28422,4320.871072
28423,4404.858291
28424,3686.397327
28425,4229.981069
28426,0
28427,3380.350557
28428,4467.409061
28429,3842.871301
28430,3424.804196
28431,4563.6705
28432,4487.523353
28433,4568.671845
28434,3521.508567
28435,3377.451891
28436,4397.145428
28437,3525.069551
28438,3379.353411
28439,4568.166339
28440,4453.479455
28441,3430.023811
28442,8629.090595
28443,9413.606394
28444,9936.196172
28445,8580.155284
28446,8445.315405
28447,9893.382937
28448,0
28449,7691.802195
28450,7704.347967
28451,0
28452,9605.564282
28453,8945.005283
28454,7717.912248
28455,9388.507298
28456,8292.512088
28457,9771.577772
28458,10058.80912
28459,0
28460,0
28461,9753.620634
28462,7681.947294
28463,8777.391355
28464,8965.316989
28465,0
28466,0
28467,9919.233825
28468,0
28469,0
28470,8797.531221
28471,10121.62545
28472,9587.552007
28473,8747.627152
28474,7742.731994
28475,8610.761221
28476,0
28477,9438.176742
28478,8460.571539
28479,7749.36565
28480,8246.501379
28481,9421.031315
28482,9751.119028
28483,9582.356369
28484,0
28485,9726.31537
28486,9253.984712
28487,8280.906735
28488,9557.825882
28489,8413.091325
28490,8915.255771
28491,7741.077493
28492,10086.31998
28493,0
28494,6319.970973
28495,7226.665262
28496,7087.10849
28497,7133.978046
28498,7239.274608
28499,7083.648996
28500,6271.457366
28501,6382.734798
28502,7123.852542
28503,7143.488799
28504,6275.479424
28505,6298.14071
28506,6429.77594
28507,7217.981089
28508,6358.144925
28509,6304.508062
28510,7191.678574
28511,7286.335041
28512,0
28513,6349.778082
28514,6223.742276
28515,0
28516,6336.18509
28517,7027.777092
28518,0
28519,6323.289938
28520,7004.480016
28521,6956.027429
28522,6369.113202
28523,7039.532006
28524,7170.926419
28525,7076.468501
28526,7052.755121
28527,6289.809244
28528,6228.465823
28529,6420.855994
28530,0
28531,6477.451082
28532,7028.662039
28533,6291.840195
28534,6290.080214
28535,6418.513316
28536,7180.375262
28537,6371.848029
28538,5785.670215
28539,5113.998968
28540,6518.494056
28541,5896.320911
28542,6901.844335
28543,0
28544,6627.420909
28545,5975.926091
28546,7160.369116
28547,5586.680725
28548,6871.455958
28549,6493.480316
28550,5962.95863
28551,7248.869927
28552,5155.481591
28553,6971.862964
28554,7003.915469
28555,0
28556,7060.307133
28557,5704.96797
28558,5092.167177
28559,6682.439315
28560,0
28561,7117.239076
28562,5513.782235
28563,6595.056465
28564,6710.495636
28565,0
28566,0
28567,5097.404218
28568,6151.627544
28569,5323.250921
28570,7280.478782
28571,6166.631763
28572,0
28573,5399.056611
28574,6437.215947
28575,5131.664727
28576,7091.941606
28577,5596.126393
28578,5133.653126
28579,0
28580,0
28581,0
28582,6783.45276
28583,5774.627656
28584,5089.77427
28585,0
28586,6087.262945
28587,6816.354973
28588,5407.362452
28589,12387.50522
28590,12119.58089
28591,14566.9295
28592,14345.60862
28593,12154.0326
28594,14722.56802
28595,12292.4057
28596,14398.65333
28597,14315.11929
28598,12568.91327
28599,12321.08667
28600,14483.47736
28601,0
28602,12184.73106
28603,11776.92196
28604,14838.60844
28605,11817.11136
28606,12252.99225
28607,14261.29162
28608,11740.03889
28609,14703.85181
28610,11928.05428
28611,0
28612,14451.35265
28613,12016.53709
28614,12458.12737
28615,0
28616,14208.16856
28617,14587.15104
28618,0
28619,14288.49999
28620,12595.57115
28621,12430.97116
28622,0
28623,12523.20221
28624,14428.17972
28625,14621.00455
28626,11717.13425
28627,14558.38993
28628,0
28629,12049.09542
28630,0
28631,0
28632,11880.26464
28633,14667.98989
28634,11861.37742
28635,14757.66066
28636,11986.82975
28637,14534.23329
28638,11697.80007
28639,11633.17385
28640,12073.79694
28641,11565.33873
28642,0
28643,11591.74993
28644,12259.40502
28645,12357.61481
28646,11643.34316
28647,11706.57626
28648,11467.74121
28649,12270.2771
28650,12333.19867
28651,11605.25467
28652,11636.06249
28653,12183.18958
28654,12083.36925
28655,11753.77925
28656,12280.93243
28657,11792.82319
28658,12094.2076
28659,12346.01873
28660,12172.33771
28661,11739.55887
28662,11553.23747
28663,11818.75405
28664,0
28665,0
28666,11630.77198
28667,0
28668,11734.17751
28669,11782.55067
28670,0
28671,11664.33499
28672,11827.48306
28673,11618.35249
28674,11728.98431
28675,12151.96116
28676,12092.19001
28677,11772.68257
28678,0
28679,12162.03025
28680,11744.24062
28681,11648.36055
28682,11653.72812
28683,12291.42719
28684,11457.70954
28685,12063.0849
28686,11763.15557
28687,12367.93752
28688,11578.28603
28689,11675.17585
28690,0
28691,12141.80307
28692,0
28693,12051.09965
28694,6894.285494
28695,7341.499638
28696,6138.876463
28697,7226.431218
28698,5800.368823
28699,6645.767067
28700,7149.83537
28701,6065.067514
28702,6839.318361
28703,5969.972863
28704,0
28705,5295.085925
28706,5564.792195
28707,5321.985718
28708,6725.949115
28709,7036.56736
28710,7204.566691
28711,6696.732981
28712,0
28713,6813.623588
28714,5234.681212
28715,7006.725485
28716,5325.545286
28717,0
28718,7285.347922
28719,5730.819045
28720,0
28721,5247.231222
28722,5769.914025
28723,5630.69505
28724,7061.140419
28725,0
28726,0
28727,5939.017938
28728,6981.765609
28729,5897.614527
28730,7174.133393
28731,5433.90051
28732,5267.036204
28733,5399.475839
28734,0
28735,7317.577385
28736,5601.534677
28737,0
28738,6867.072411
28739,0
28740,0
28741,7370.783276
28742,6108.041754
28743,5461.541073
28744,5293.301036
28745,7427.13757
28746,0
28747,6938.560789
28748,0
28749,7394.092691
28750,0
28751,6653.823404
28752,7575.843464
28753,6199.06915
28754,7628.916607
28755,6230.520416
28756,7844.873584
28757,6780.398132
28758,0
28759,7528.417948
28760,6752.522932
28761,6581.084208
28762,6458.403954
28763,6738.038742
28764,7483.267061
28765,0
28766,0
28767,0
28768,6248.116299
28769,6680.46336
28770,7792.437502
28771,7728.107939
28772,0
28773,7378.725544
28774,7494.11204
28775,6637.438587
28776,0
28777,7778.563598
28778,7693.575072
28779,6851.802709
28780,7582.759867
28781,7769.608813
28782,6287.983606
28783,7681.185526
28784,0
28785,6190.611692
28786,6267.272601
28787,6537.336526
28788,6838.602417
28789,7825.862575
28790,0
28791,0
28792,6482.340073
28793,7594.073212
28794,0
28795,6880.567436
28796,0
28797,6555.822489
28798,0
28799,7477.393929
28800,3710.66232
28801,0
28802,4110.178444
28803,4099.178607
28804,0
28805,3762.155472
28806,4143.593048
28807,4089.443329
28808,3721.321407
28809,3730.798398
28810,3754.540749
28811,4120.530036
28812,4125.497057
28813,3739.625799
28814,3769.471035
28815,4091.733413
28816,3715.684143
28817,4096.769606
28818,0
28819,3746.201921
28820,3734.92724
28821,0
28822,4088.117953
28823,4134.090627
28824,3758.513954
28825,0
28826,3721.95976
28827,4096.387428
28828,3725.668529
28829,0
28830,4147.899536
28831,3717.221624
28832,4113.232506
28833,4138.354569
28834,3729.533363
28835,3745.105929
28836,3707.150125
28837,4101.939925
28838,3730.252605
28839,3765.739568
28840,4094.497956
28841,0
28842,3780.164943
28843,4132.243726
28844,4106.508617
28845,3737.394662
28846,0
28847,3773.42989
28848,4130.079178
28849,5337.558084
28850,0
28851,4931.058663
28852,4570.329269
28853,0
28854,5431.975534
28855,5803.048509
28856,5862.849897
28857,4598.725597
28858,4950.255173
28859,4555.847865
28860,5208.44298
28861,4853.92636
28862,5376.849531
28863,4981.916266
28864,0
28865,4805.219551
28866,5547.897797
28867,5058.012833
28868,4623.808261
28869,5676.112348
28870,0
28871,0
28872,0
28873,5852.225981
28874,5894.827198
28875,5605.84371
28876,5079.186705
28877,5990.628701
28878,0
28879,5418.726423
28880,5765.580444
28881,4726.187502
28882,0
28883,5734.541457
28884,5505.965916
28885,5562.034286
28886,0
28887,5186.052275
28888,5110.127478
28889,5821.015649
28890,4821.965716
28891,5238.465155
28892,5691.9446
28893,4724.871524
28894,4694.436319
28895,0
28896,5948.756302
28897,4680.272881
28898,4655.30549
28899,5635.763781
28900,6151.371911
28901,5597.886517
28902,6011.928311
28903,0
28904,5387.003581
28905,5249.490559
28906,5547.877122
28907,4871.034023
28908,5533.36905
28909,0
28910,0
28911,5313.212614
28912,4870.410061
28913,4882.458372
28914,5455.999853
28915,5896.537577
28916,5691.574281
28917,4966.24472
28918,4889.47527
28919,4880.557509
28920,5757.237329
28921,5615.993997
28922,5672.584194
28923,5170.616987
28924,5245.908025
28925,0
28926,5105.40497
28927,5387.42975
28928,5952.471498
28929,5733.4319
28930,0
28931,4895.543793
28932,5029.183475
28933,6033.596714
28934,5529.32048
28935,0
28936,5975.385872
28937,0
28938,5112.70824
28939,6092.188799
28940,4907.492707
28941,4976.428071
28942,0
28943,5872.568247
28944,0
28945,0
28946,0
28947,5525.258262
28948,5834.477622
28949,5812.458693
28950,6113.686477
28951,0
28952,6142.806061
28953,8484.288606
28954,9642.019448
28955,8414.660458
28956,0
28957,8723.371331
28958,9421.338137
28959,0
28960,0
28961,8334.830822
28962,9649.665087
28963,8685.702785
28964,8495.296379
28965,9501.426408
28966,8576.58654
28967,8563.682413
28968,8405.050719
28969,8579.218967
28970,9411.957243
28971,9405.656013
28972,9714.979808
28973,9389.831777
28974,9563.189393
28975,8498.676769
28976,9635.319339
28977,0
28978,8693.400215
28979,8759.068126
28980,8338.651198
28981,9331.99284
28982,8754.835977
28983,9555.20922
28984,9474.686006
28985,8658.171793
28986,8690.911576
28987,0
28988,8643.375457
28989,9326.398636
28990,9491.460659
28991,9581.142271
28992,8696.08953
28993,9484.512743
28994,8418.43458
28995,8659.789907
28996,9329.551893
28997,9570.628006
28998,5096.544555
28999,5285.919964
29000,4403.690307
29001,0
29002,5080.450705
29003,4166.193587
29004,4545.291125
29005,4203.979547
29006,4323.781751
29007,5310.59007
29008,5237.266678
29009,4332.679618
29010,5386.804536
29011,0
29012,4175.737348
29013,5379.238318
29014,5307.305752
29015,5218.596616
29016,4186.718911
29017,0
29018,4499.429023
29019,0
29020,5150.121607
29021,5106.759722
29022,4568.199879
29023,0
29024,4187.245978
29025,5178.254083
29026,0
29027,5241.752181
29028,4262.230283
29029,4364.658618
29030,4192.643848
29031,4393.220209
29032,5166.825275
29033,5249.032265
29034,4431.62089
29035,4474.74907
29036,4500.01826
29037,5418.795476
29038,5172.610742
29039,5376.610716
29040,4570.430921
29041,4298.147509
29042,0
29043,5318.600124
29044,4254.993843
29045,0
29046,4231.600835
29047,4338.701159
29048,4241.095558
29049,4242.413063
29050,4286.665925
29051,0
29052,4823.976888
29053,4244.696595
29054,4259.733883
29055,4248.815847
29056,4244.555664
29057,4777.868201
29058,4867.067834
29059,4160.845866
29060,4204.72724
29061,4645.230351
29062,4732.151471
29063,4725.442745
29064,4285.298498
29065,4251.389589
29066,0
29067,4293.434659
29068,0
29069,4691.341943
29070,4588.947062
29071,4735.406676
29072,4211.929027
29073,4680.193836
29074,4646.954798
29075,4297.681096
29076,4777.878101
29077,4165.038025
29078,0
29079,4115.305583
29080,4734.210224
29081,4661.661087
29082,4634.641629
29083,4160.009307
29084,4821.524224
29085,4256.509888
29086,0
29087,0
29088,4119.40088
29089,4690.095441
29090,4307.855991
29091,4779.482254
29092,4205.402214
29093,0
29094,4822.805292
29095,0
29096,5080.631014
29097,5273.714972
29098,5336.759162
29099,0
29100,6513.0876
29101,6330.895789
29102,5118.967821
29103,5439.381915
29104,6392.714009
29105,5253.0498
29106,6498.338552
29107,6630.623916
29108,5505.367237
29109,6629.666499
29110,5420.945086
29111,6309.443308
29112,6260.53131
29113,5217.966981
29114,6429.141797
29115,6596.497048
29116,6475.694898
29117,6580.869571
29118,6293.270194
29119,6463.316509
29120,5467.846825
29121,5551.863638
29122,5191.623291
29123,5356.280255
29124,5048.509875
29125,5589.681041
29126,5384.153297
29127,6571.216697
29128,5100.735227
29129,6344.843939
29130,6378.426913
29131,5300.87538
29132,5098.652445
29133,6547.473601
29134,5038.451857
29135,6414.97323
29136,5522.93778
29137,6276.993941
29138,6204.96529
29139,5495.239057
29140,5618.521191
29141,6187.906157
29142,6156.228233
29143,6307.227048
29144,5452.707073
29145,6262.42622
29146,5485.507894
29147,6249.076935
29148,5512.874062
29149,5501.645107
29150,5575.522215
29151,5532.416264
29152,6235.355536
29153,5467.589657
29154,5529.422871
29155,6289.642861
29156,6203.133299
29157,5510.197079
29158,6260.223909
29159,6268.311193
29160,6239.606756
29161,5591.687225
29162,5466.820131
29163,5584.411191
29164,5480.858972
29165,6220.74643
29166,6296.000209
29167,5525.732595
29168,5544.24686
29169,6172.215218
29170,5636.691713
29171,5452.200254
29172,6292.646562
29173,5559.629712
29174,5600.944388
29175,5569.059894
29176,6282.021735
29177,6254.297689
29178,7255.76085
29179,7251.405612
29180,8338.40267
29181,6421.9413
29182,6732.245367
29183,6779.7715
29184,7962.174529
29185,7097.493135
29186,7041.450851
29187,8023.049964
29188,6621.562316
29189,8652.01471
29190,6480.907944
29191,8019.65405
29192,8311.470014
29193,8154.143789
29194,6464.276108
29195,8120.32858
29196,8179.323187
29197,8337.778893
29198,6589.927705
29199,8279.007941
29200,8468.419007
29201,8595.222927
29202,6433.682248
29203,8181.156251
29204,6903.908675
29205,6445.221604
29206,6886.211742
29207,6746.644951
29208,8587.638706
29209,7198.084739
29210,8624.990243
29211,8496.104169
29212,8437.484437
29213,8492.749439
29214,6938.603751
29215,6579.049866
29216,7093.462972
29217,6459.317433
29218,6425.978336
29219,7818.318369
29220,6730.176473
29221,6660.358651
29222,6734.918634
29223,7822.240396
29224,7847.015106
29225,6703.084895
29226,7770.046967
29227,7722.671131
29228,6719.572752
29229,7605.365064
29230,6645.376893
29231,6672.798824
29232,7584.14272
29233,6774.379896
29234,6670.577942
29235,7799.749817
29236,6437.650159
29237,6747.164875
29238,7826.467198
29239,7793.920342
29240,6459.520072
29241,7746.376647
29242,7626.049937
29243,7537.581774
29244,7773.637849
29245,7803.826138
29246,6692.306559
29247,7561.669468
29248,6725.889815
29249,6696.477395
29250,6666.005989
29251,7797.725952
29252,6652.053499
29253,6641.006532
29254,6749.973184
29255,7779.735037
29256,6639.192986
29257,7754.170488
29258,6681.412651
29259,6621.261015
29260,3490.579418
29261,3700.011303
29262,3678.330742
29263,3631.625025
29264,3783.714307
29265,3747.17333
29266,3679.143155
29267,3819.640375
29268,3626.443162
29269,3764.212755
29270,3840.725504
29271,3878.529935
29272,3772.975294
29273,3725.80627
29274,3876.482222
29275,3496.981339
29276,3718.035466
29277,3736.091479
29278,3800.168582
29279,3504.360066
29280,3528.703338
29281,3659.647199
29282,3773.174174
29283,3819.427048
29284,3706.7315
29285,3774.207781
29286,3866.428554
29287,3886.62485
29288,3820.670772
29289,3501.514001
29290,3726.388515
29291,3831.302993
29292,3846.323376
29293,3794.167719
29294,3672.107838
29295,3753.609142
29296,3810.548118
29297,3727.249897
29298,3494.033333
29299,3525.417445
29300,3688.794831
29301,7980.180259
29302,7282.803967
29303,7746.830365
29304,7396.76823
29305,8125.317518
29306,7578.760493
29307,7787.353878
29308,7904.179857
29309,6980.762019
29310,6933.552343
29311,7863.315428
29312,7532.570519
29313,7210.788722
29314,7095.641235
29315,7749.384036
29316,7326.545627
29317,7894.996874
29318,7518.973112
29319,7548.038753
29320,7936.096999
29321,7037.484485
29322,6919.107821
29323,7165.549787
29324,7049.130676
29325,7778.676624
29326,7156.83529
29327,7400.705013
29328,8138.844014
29329,8053.61981
29330,8170.170678
29331,8285.859154
29332,8010.435012
29333,7560.27332
29334,8215.550414
29335,8021.375835
29336,7511.698263
29337,8240.080262
29338,7443.061736
29339,8097.559121
29340,7516.317322
29341,7276.772098
29342,8736.011445
29343,7741.185597
29344,8960.084134
29345,8675.540615
29346,7694.319735
29347,7583.972742
29348,8793.517071
29349,8732.936075
29350,7407.474639
29351,7629.700915
29352,7211.464368
29353,7353.006718
29354,7260.342821
29355,7801.534089
29356,7577.362213
29357,8898.622117
29358,8904.196164
29359,7153.555717
29360,7236.162517
29361,7518.399537
29362,8848.455061
29363,8926.14005
29364,8623.345352
29365,7297.010885
29366,7464.915845
29367,7186.935969
29368,7367.2846
29369,8842.646296
29370,8950.92382
29371,7475.002527
29372,7271.885578
29373,8562.438179
29374,7689.781277
29375,8682.369801
29376,8621.802464
29377,9007.712763
29378,8787.81685
29379,7162.310324
29380,8511.223235
29381,9014.396268
29382,7241.962128
29383,6584.576046
29384,6441.415788
29385,6581.547765
29386,6319.173426
29387,8070.633406
29388,6725.268812
29389,6016.510748
29390,7951.651354
29391,6302.954003
29392,7922.069785
29393,5876.231669
29394,5883.095791
29395,6298.961146
29396,6608.375843
29397,8209.098047
29398,8235.545062
29399,6160.251956
29400,8065.819897
29401,8351.336571
29402,5901.723877
29403,8359.538988
29404,7807.591079
29405,8215.709134
29406,7778.259619
29407,8351.68216
29408,8094.347913
29409,5888.014674
29410,6463.916905
29411,6030.913545
29412,5894.699135
29413,7935.305962
29414,8219.628028
29415,6174.698061
29416,5876.366765
29417,7924.96
29418,5873.695939
29419,8361.430316
29420,6157.34757
29421,8077.631907
29422,6018.109513
29423,8501.767629
29424,5424.673139
29425,5605.584812
29426,4428.404541
29427,5464.808287
29428,5352.81191
29429,4108.008846
29430,5451.919403
29431,4257.199694
29432,5417.862637
29433,4185.801825
29434,4300.157039
29435,4475.811219
29436,5491.358145
29437,4091.666654
29438,4356.586579
29439,5535.943211
29440,4371.491642
29441,4164.492772
29442,5567.757618
29443,4232.843208
29444,4442.196746
29445,4115.54719
29446,5392.316811
29447,5563.722785
29448,4160.694573
29449,5639.857841
29450,5496.474362
29451,4402.733694
29452,4096.22463
29453,4091.136348
29454,5521.843729
29455,4094.992635
29456,5591.412608
29457,4230.068593
29458,5638.293023
29459,5343.959397
29460,5660.897694
29461,4129.046133
29462,4329.651344
29463,4301.731179
29464,5634.554038
29465,5056.920012
29466,3980.46245
29467,3926.465686
29468,3955.749685
29469,3992.360319
29470,3936.503411
29471,5086.130261
29472,5095.63336
29473,3922.718697
29474,5053.485494
29475,5075.228992
29476,3974.55916
29477,5078.275005
29478,5103.700694
29479,3935.644582
29480,3965.259759
29481,3957.065772
29482,5042.637786
29483,5030.501922
29484,3934.223384
29485,3926.714251
29486,5088.806589
29487,3944.726888
29488,5096.433847
29489,3949.93325
29490,5063.637053
29491,5083.380084
29492,5073.471313
29493,5017.678644
29494,3949.832787
29495,3956.118034
29496,5046.894853
29497,3934.315981
29498,5067.522272
29499,3943.150779
29500,5062.763491
29501,3952.149183
29502,3945.31169
29503,3937.79242
29504,3968.192619
29505,5093.312839
29506,7539.078378
29507,8777.354411
29508,8246.462195
29509,8477.706767
29510,7942.34665
29511,8013.898152
29512,6999.782536
29513,8642.513343
29514,7465.121217
29515,6397.702176
29516,7306.028846
29517,8707.560673
29518,7231.694652
29519,8700.034634
29520,6257.599559
29521,7143.490903
29522,6681.421905
29523,8079.528021
29524,7847.051045
29525,7375.542537
29526,8176.777943
29527,6301.63491
29528,8544.939334
29529,6351.810845
29530,6222.345111
29531,8148.303877
29532,6370.857875
29533,6533.775806
29534,6766.525756
29535,6604.155002
29536,8312.257573
29537,6838.062289
29538,8612.874139
29539,8845.083534
29540,8410.327644
29541,6451.561127
29542,7072.188594
29543,6423.036808
29544,6912.065997
29545,8873.117889
29546,8380.589815
29547,4410.693246
29548,5019.411721
29549,4393.654885
29550,4403.298302
29551,5022.657954
29552,4398.536585
29553,5001.257671
29554,4402.165645
29555,4399.488132
29556,4385.454398
29557,4392.680777
29558,4426.388443
29559,4415.45948
29560,4991.625327
29561,5023.536034
29562,4418.342946
29563,4384.761756
29564,5001.575949
29565,5016.3055
29566,5015.477772
29567,4409.736162
29568,4989.946541
29569,5042.053859
29570,4397.736739
29571,5034.786906
29572,5006.543884
29573,5009.385732
29574,4402.368635
29575,5027.290244
29576,5009.068389
29577,4434.848263
29578,4410.897742
29579,4419.688562
29580,4993.71308
29581,5008.434371
29582,4416.935415
29583,4401.021117
29584,4998.412476
29585,4418.668814
29586,4993.657285
29587,9315.477124
29588,10463.45213
29589,10490.67391
29590,9441.905716
29591,9609.947849
29592,9480.102147
29593,10369.30983
29594,9452.035428
29595,10353.09479
29596,9414.548631
29597,9459.916059
29598,10445.71096
29599,9518.156872
29600,10502.78867
29601,9495.922107
29602,9563.842569
29603,9360.118889
29604,9473.341008
29605,9655.851641
29606,9280.295324
29607,10477.97576
29608,10399.62224
29609,9429.559866
29610,9366.382152
29611,10565.66304
29612,10521.75758
29613,9491.72422
29614,10678.80069
29615,10636.63143
29616,10457.84319
29617,10593.09399
29618,9320.307557
29619,10548.26508
29620,9422.162763
29621,10534.1261
29622,9484.822355
29623,10609.68161
29624,9400.440724
29625,10547.6085
29626,10413.19243
29627,9408.925417
29628,4655.358376
29629,5412.221184
29630,4686.917541
29631,4551.718293
29632,4517.047513
29633,5384.273789
29634,5393.453066
29635,5378.365388
29636,4648.391733
29637,4724.098714
29638,5321.947092
29639,5388.375242
29640,4657.8289
29641,4489.473929
29642,5287.850494
29643,5298.813454
29644,4477.382023
29645,4700.412944
29646,4688.506859
29647,4502.769162
29648,4574.310893
29649,4634.061478
29650,4677.512175
29651,5364.729823
29652,4765.023868
29653,5374.882405
29654,5390.681813
29655,5310.089838
29656,4531.836133
29657,5276.95266
29658,4743.34758
29659,4562.608644
29660,4667.381423
29661,5376.947985
29662,5225.304601
29663,4541.547982
29664,5401.924009
29665,5353.458533
29666,5411.904466
29667,5400.038087
29668,4586.728003
29669,4561.241098
29670,5313.553029
29671,4703.407359
29672,4843.674774
29673,4418.455565
29674,4302.775806
29675,5571.300611
29676,4489.686011
29677,4897.131054
29678,5810.946897
29679,4364.862868
29680,4966.016995
29681,4914.493782
29682,5669.365251
29683,5711.62094
29684,4693.930159
29685,5782.0092
29686,4347.863199
29687,4828.874539
29688,4702.98745
29689,5495.892888
29690,5453.274466
29691,4632.653511
29692,4317.113056
29693,5521.028086
29694,4329.846349
29695,4985.311865
29696,5641.254015
29697,4761.205023
29698,5852.087374
29699,5514.382796
29700,4773.120762
29701,5355.95628
29702,5565.530281
29703,4294.099384
29704,5740.821783
29705,5879.457251
29706,5384.077928
29707,5426.005975
29708,5597.15124
29709,4296.303534
29710,6318.000889
29711,6335.770384
29712,7591.185621
29713,6389.610725
29714,6336.848485
29715,6360.283534
29716,6376.523407
29717,6417.197477
29718,7513.988721
29719,7509.059512
29720,6403.624353
29721,6338.810276
29722,7531.178204
29723,6297.494745
29724,7540.046206
29725,7487.384416
29726,7517.795044
29727,7613.300684
29728,6356.452777
29729,7495.704121
29730,6396.579956
29731,6288.106403
29732,7536.207482
29733,6421.702077
29734,7576.684487
29735,7556.942832
29736,6434.054359
29737,7567.566509
29738,7490.138204
29739,7465.768815
29740,6416.242024
29741,6438.781167
29742,6459.949133
29743,7542.519787
29744,6311.827258
29745,7475.861463
29746,7554.132572
29747,6362.939305
29748,7562.551536
29749,6382.619341
29750,6405.684829
29751,5400.628384
29752,6546.44211
29753,5706.637099
29754,5429.53951
29755,5637.910369
29756,6596.500364
29757,6834.368174
29758,6563.753754
29759,6676.760792
29760,6697.093186
29761,5554.697651
29762,5533.939657
29763,6780.050806
29764,5325.409082
29765,5604.333934
29766,5447.394219
29767,6623.392465
29768,6737.817839
29769,5589.044426
29770,5506.141419
29771,5482.000606
29772,6729.296187
29773,6514.760843
29774,5425.038716
29775,5542.640305
29776,5326.543714
29777,5277.028672
29778,6828.645371
29779,5494.09007
29780,5655.093244
29781,5498.14773
29782,6786.990735
29783,5541.168458
29784,5458.354228
29785,6746.823892
29786,6416.711938
29787,5377.477991
29788,6687.768487
29789,6465.794435
29790,6646.878916
29791,6686.882845
29792,5303.25409
29793,5340.124237
29794,4948.908334
29795,5321.735973
29796,5064.682574
29797,4870.283186
29798,5099.274993
29799,5012.353266
29800,5126.563915
29801,5404.747518
29802,4855.794805
29803,4652.817538
29804,4571.928763
29805,5023.300274
29806,4539.543501
29807,5086.486436
29808,4552.988244
29809,5138.789863
29810,4971.482453
29811,5100.867637
29812,5102.051336
29813,5123.352475
29814,5069.167414
29815,5420.821935
29816,4640.832887
29817,5239.783381
29818,4845.923992
29819,4958.608209
29820,4999.92189
29821,4991.03398
29822,5439.880405
29823,5201.969911
29824,4770.091846
29825,5330.327804
29826,4670.768952
29827,5222.729122
29828,5082.951386
29829,4753.761701
29830,4743.065534
29831,5228.331153
29832,6735.705932
29833,5491.07337
29834,6645.928091
29835,5487.033199
29836,5048.806757
29837,4968.844212
29838,5053.369717
29839,6714.189593
29840,6575.634298
29841,6614.612053
29842,6618.461198
29843,5556.192235
29844,6577.997334
29845,5516.57042
29846,5452.862605
29847,6684.197579
29848,5377.472076
29849,5410.173601
29850,5526.263683
29851,5340.013812
29852,6267.216348
29853,6697.660884
29854,5448.318536
29855,6606.749555
29856,4983.65355
29857,6536.544842
29858,5415.022301
29859,6342.901045
29860,5026.496616
29861,5398.455802
29862,5437.388263
29863,6658.507099
29864,6691.328764
29865,5023.81361
29866,6657.625983
29867,6721.54646
29868,5372.471029
29869,6305.170007
29870,5476.843452
29871,6653.212935
29872,7605.580241
29873,6086.038963
29874,6087.334066
29875,6047.057698
29876,7519.043097
29877,5849.453009
29878,7482.607449
29879,5964.83464
29880,7459.228041
29881,7524.432558
29882,6044.991073
29883,7477.921102
29884,7440.44811
29885,6021.99716
29886,6105.178344
29887,7540.138967
29888,7500.066921
29889,7529.682411
29890,5868.003929
29891,5929.766079
29892,7436.65518
29893,7565.492181
29894,7579.435417
29895,5845.313256
29896,6063.595457
29897,5848.26133
29898,5968.412309
29899,7490.251468
29900,5925.627818
29901,5856.32352
29902,7599.578083
29903,7602.333885
29904,6007.430867
29905,6004.572615
29906,5858.574147
29907,7450.52535
29908,5980.76696
29909,7559.646028
29910,7610.710039
29911,5940.171686
29912,9465.801245
29913,10471.67099
29914,9427.067753
29915,10583.75674
29916,9755.208234
29917,10449.88637
29918,9528.702226
29919,9596.92879
29920,10552.4252
29921,10531.79366
29922,10440.51259
29923,9460.749779
29924,9496.846715
29925,9566.16125
29926,10483.01375
29927,9627.396349
29928,9609.831794
29929,9566.485569
29930,10445.43239
29931,10384.91173
29932,10501.90788
29933,10408.07597
29934,10352.68807
29935,9683.948125
29936,10486.18609
29937,10417.25222
29938,10519.93205
29939,9654.891559
29940,9561.467253
29941,9595.003474
29942,9601.391239
29943,9530.66995
29944,9690.224974
29945,10511.19186
29946,9722.964197
29947,10328.69307
29948,10478.15783
29949,9629.023039
29950,9495.381564
29951,10544.40975
29952,9658.388453
29953,10461.59124
29954,10136.14527
29955,9964.363632
29956,10251.50153
29957,10174.76485
29958,7578.015531
29959,7680.322211
29960,8531.945724
29961,8362.721319
29962,8572.297265
29963,10709.42213
29964,8644.62938
29965,7694.080122
29966,7740.015068
29967,10759.09339
29968,8435.743222
29969,10385.12209
29970,10040.60871
29971,10450.90424
29972,8254.047266
29973,10345.22657
29974,10658.87967
29975,8045.558504
29976,8112.336163
29977,8322.1516
29978,8741.223147
29979,10670.27664
29980,8154.022537
29981,7534.40886
29982,7946.46253
29983,7629.253674
29984,10594.80712
29985,10552.88635
29986,7732.423262
29987,10866.29816
29988,10877.30738
29989,7902.905763
29990,7749.788428
29991,10803.44828
29992,7837.317926
29993,10242.27864
29994,5788.111677
29995,5720.715923
29996,5583.252672
29997,6382.465243
29998,6495.572295
29999,6241.99482
30000,5571.465879
30001,6449.337958
30002,5714.022991
30003,5726.112778
30004,6367.564712
30005,6321.286798
30006,6335.22849
30007,5538.09114
30008,5525.715002
30009,5559.260015
30010,5749.079428
30011,6247.324151
30012,6430.518957
30013,6412.673019
30014,6341.261579
30015,6273.469085
30016,6457.276991
30017,5674.08663
30018,5618.067552
30019,5734.407632
30020,5510.675034
30021,5628.386935
30022,5768.325508
30023,6388.943789
30024,5711.400958
30025,5660.118134
30026,5734.004888
30027,5609.201383
30028,5665.635304
30029,6288.508398
30030,5763.533139
30031,6293.801229
30032,6246.611873
30033,6352.653848
30034,6401.722735
30035,3879.340812
30036,4361.323747
30037,4068.348791
30038,4374.471004
30039,4036.467358
30040,4258.314623
30041,4310.240989
30042,4241.242401
30043,3908.075583
30044,4322.506452
30045,3885.247881
30046,4383.964448
30047,3917.740259
30048,4296.806909
30049,3990.266284
30050,3947.942756
30051,3920.471598
30052,4284.775451
30053,4282.2459
30054,4026.687674
30055,3840.19938
30056,3836.389769
30057,4271.232362
30058,3869.133902
30059,3852.797581
30060,4398.32056
30061,4347.756165
30062,4028.704392
30063,4400.247659
30064,3954.919843
30065,3996.593828
30066,4361.712779
30067,4220.63
30068,4323.171285
30069,3886.487174
30070,3956.892365
30071,3850.956533
30072,3988.349738
30073,3863.839393
30074,4383.628782
30075,4335.661659
30076,6077.163134
30077,6341.639063
30078,5461.189549
30079,5361.521066
30080,5840.12603
30081,6203.655077
30082,6478.942469
30083,5336.318067
30084,6215.574339
30085,6117.817723
30086,6366.955073
30087,5490.39785
30088,6454.307189
30089,6088.552463
30090,5372.294473
30091,5713.598449
30092,6455.618714
30093,6353.44994
30094,5834.376738
30095,5961.106504
30096,5335.771111
30097,5459.29074
30098,5991.809028
30099,6604.197555
30100,5744.305773
30101,5708.655885
30102,6329.909156
30103,5870.767476
30104,5950.878611
30105,6227.779133
30106,5349.515872
30107,5335.864865
30108,5334.172314
30109,5331.840802
30110,6242.918352
30111,6466.442095
30112,5587.186505
30113,5583.555098
30114,5340.5937
30115,5363.91562
30116,5617.349136
30117,8040.130351
30118,8040.984641
30119,8031.378913
30120,8040.944206
30121,8004.114459
30122,8031.906187
30123,8034.612615
30124,6944.255189
30125,6918.984204
30126,8038.732
30127,6949.648976
30128,6913.970968
30129,6944.912256
30130,6946.472196
30131,8003.80125
30132,8041.767549
30133,8033.349948
30134,8038.950586
30135,6944.51805
30136,8037.206659
30137,6944.718021
30138,8031.196161
30139,6946.579713
30140,6945.334654
30141,6950.757721
30142,6944.521906
30143,6918.710405
30144,8041.686113
30145,6924.604431
30146,6922.754434
30147,8003.874965
30148,6945.293574
30149,6947.339977
30150,6917.358376
30151,6947.86129
30152,6948.547882
30153,6947.728266
30154,8041.086167
30155,8041.196067
30156,8032.607233
30157,5151.752247
30158,5373.342126
30159,5413.050774
30160,5359.577819
30161,4620.129148
30162,5471.232084
30163,5275.644535
30164,4521.640654
30165,5217.140167
30166,4424.147779
30167,5341.748601
30168,5348.577332
30169,5446.973189
30170,4790.419047
30171,5315.823139
30172,4650.268282
30173,4464.375305
30174,5178.199519
30175,5259.728497
30176,5508.636919
30177,5250.05092
30178,4550.319722
30179,4353.275151
30180,5457.960318
30181,4312.348863
30182,4750.380487
30183,4693.63583
30184,4690.859864
30185,4219.360743
30186,5554.491478
30187,4405.886768
30188,4451.190342
30189,5054.132975
30190,4596.394025
30191,4849.912003
30192,4266.354972
30193,5159.152645
30194,4396.030849
30195,4426.455522
30196,4500.470585
30197,4327.635681
30198,6977.636944
30199,6860.095125
30200,7157.805337
30201,6821.859594
30202,6762.914785
30203,5426.063253
30204,5819.120001
30205,5523.404259
30206,7254.657498
30207,5715.436223
30208,5430.904877
30209,7152.953488
30210,7075.914947
30211,5336.825542
30212,5329.473574
30213,6920.299193
30214,6878.02088
30215,5720.171024
30216,5629.820542
30217,5525.164918
30218,5351.545381
30219,5432.847734
30220,5729.465552
30221,7112.902946
30222,6963.065425
30223,7017.361801
30224,7172.504339
30225,7157.414701
30226,5619.929942
30227,5621.491667
30228,5811.74328
30229,6957.719702
30230,5928.382965
30231,6777.716219
30232,5530.828925
30233,7060.200377
30234,5829.199331
30235,7055.436347
30236,5328.495799
30237,5339.585969
30238,5449.08152
30239,6537.166603
30240,6601.884889
30241,6562.925601
30242,6472.169868
30243,5819.309117
30244,6628.996934
30245,6472.592302
30246,6596.458542
30247,5603.699926
30248,5692.369213
30249,6433.725199
30250,5645.115436
30251,6693.2601
30252,5711.962905
30253,5567.606827
30254,6603.124408
30255,5867.965602
30256,6369.036237
30257,6666.75675
30258,5629.819015
30259,6563.979486
30260,5608.733635
30261,5800.928753
30262,6666.148113
30263,5668.517447
30264,5542.646843
30265,6498.810101
30266,5520.887756
30267,5579.4588
30268,6495.30427
30269,5847.356886
30270,6538.428039
30271,5755.500761
30272,5574.694821
30273,5734.312404
30274,6426.910771
30275,5618.06138
30276,5779.599495
30277,5914.479651
30278,6629.032943
30279,5508.331337
30280,11732.4207
30281,11668.98982
30282,11673.10151
30283,12697.05328
30284,12741.386
30285,12752.01068
30286,12692.24331
30287,12702.34757
30288,11673.33507
30289,12741.48755
30290,12741.06832
30291,11673.03362
30292,11672.47345
30293,11668.76955
30294,12698.60701
30295,12752.86469
30296,12687.64938
30297,11672.40621
30298,11723.99008
30299,12741.59675
30300,12753.34712
30301,12700.51342
30302,11726.20757
30303,12691.2269
30304,12753.03268
30305,11671.02381
30306,11669.47193
30307,11724.91403
30308,11686.03696
30309,11675.04842
30310,11724.15331
30311,12688.58769
30312,11669.54634
30313,11678.69654
30314,11727.75341
30315,12703.64475
30316,11672.15392
30317,12689.91093
30318,11724.23972
30319,12704.07313
30320,8511.430833
30321,7153.823454
30322,8460.509083
30323,8541.865044
30324,7211.409016
30325,8593.377569
30326,7101.74776
30327,8526.571125
30328,7195.742682
30329,7104.426005
30330,8573.594809
30331,8557.176197
30332,8623.427488
30333,8635.70075
30334,8631.67426
30335,7125.764826
30336,7217.803227
30337,8565.012009
30338,8616.830484
30339,7114.125045
30340,8548.636897
30341,7127.451066
30342,7166.979419
30343,8588.085223
30344,8579.894094
30345,7138.644532
30346,7150.123356
30347,8647.465672
30348,8602.41598
30349,7183.795606
30350,7152.455431
30351,7180.899186
30352,8609.971442
30353,7182.495352
30354,7112.480155
30355,7167.340167
30356,7165.838775
30357,7100.829059
30358,7199.937669
30359,7113.369989
30360,8594.957596
30361,5537.709418
30362,6602.222959
30363,6421.546052
30364,6828.751521
30365,6745.823781
30366,5395.874432
30367,5460.830691
30368,6662.939285
30369,6516.927245
30370,5464.500684
30371,5388.68611
30372,5790.788943
30373,6686.247535
30374,5621.411528
30375,5701.780959
30376,5454.882697
30377,6779.879842
30378,6672.015417
30379,6755.295631
30380,6580.041135
30381,6588.437537
30382,6510.864225
30383,5872.180714
30384,5626.92551
30385,5398.86562
30386,5404.798023
30387,6677.880067
30388,6759.491811
30389,5531.704583
30390,5389.676503
30391,5705.887581
30392,5790.232472
30393,5616.390666
30394,6594.990437
30395,5787.265735
30396,5708.333429
30397,6768.755807
30398,5545.753069
30399,6430.969542
30400,6504.825908
30401,5448.083606
30402,8012.464072
30403,6821.145129
30404,8502.846478
30405,7647.625821
30406,7727.438657
30407,6720.760787
30408,8011.544253
30409,7870.290664
30410,8218.260436
30411,6615.929208
30412,7250.294969
30413,8433.054111
30414,6642.796324
30415,6861.639915
30416,8217.58528
30417,7248.684494
30418,8153.611584
30419,8293.562181
30420,8303.818979
30421,8074.917365
30422,6963.904067
30423,7392.542595
30424,8153.037549
30425,7174.396538
30426,7932.089841
30427,6756.660114
30428,7033.825783
30429,7107.574602
30430,8360.750495
30431,7534.000959
30432,6680.40018
30433,6678.531738
30434,6893.946964
30435,6621.408372
30436,6822.173148
30437,6754.713093
30438,8293.584721
30439,7106.514296
30440,8075.644109
30441,7789.521346
30442,6964.752111
30443,4537.872663
30444,4441.93396
30445,4419.347697
30446,5059.070676
30447,4522.916463
30448,5044.931318
30449,4551.233196
30450,5037.489489
30451,5030.08896
30452,4527.793204
30453,5038.013795
30454,4521.921767
30455,4480.54654
30456,5064.926344
30457,5080.63243
30458,5072.847556
30459,4434.617725
30460,4447.692532
30461,5110.196911
30462,5017.936535
30463,5052.480995
30464,5079.484798
30465,4470.264836
30466,5096.031211
30467,5112.197229
30468,4450.881243
30469,4485.481408
30470,4416.640929
30471,4431.87757
30472,4455.86646
30473,5086.745275
30474,5081.612672
30475,5021.930272
30476,4485.355205
30477,4543.275733
30478,4501.600225
30479,5067.079751
30480,4463.991335
30481,5095.690593
30482,4467.945016
30483,8838.576229
30484,9871.647373
30485,7926.850331
30486,8532.293902
30487,9508.94729
30488,9884.788167
30489,7938.110861
30490,8476.171732
30491,9326.180469
30492,8635.333495
30493,8014.743428
30494,9743.932881
30495,10050.36711
30496,9691.038648
30497,8457.371467
30498,9835.177757
30499,9705.337429
30500,8896.065898
30501,9525.821907
30502,8116.613387
30503,8814.267801
30504,9654.585696
30505,8350.261803
30506,9921.461029
30507,7977.90831
30508,7927.501287
30509,10003.12946
30510,7956.049017
30511,10015.24709
30512,8714.49001
30513,10064.1644
30514,8169.077932
30515,8657.281911
30516,9383.935632
30517,8295.945944
30518,9473.89897
30519,8280.307921
30520,9293.694679
30521,7989.138401
30522,8103.822479
30523,9564.711472
30524,6462.80648
30525,6392.935552
30526,6409.84813
30527,6478.025
30528,6456.020801
30529,5525.671734
30530,5444.361938
30531,5464.487077
30532,5449.548441
30533,5580.768813
30534,5557.824718
30535,6519.256239
30536,5560.338592
30537,5569.854789
30538,6454.425353
30539,6450.235255
30540,5452.8556
30541,6404.286894
30542,5447.358228
30543,6474.229443
30544,5552.108611
30545,5497.697588
30546,6469.072182
30547,5543.120683
30548,5457.407333
30549,5547.176186
30550,5563.927754
30551,5494.665712
30552,5514.819681
30553,5509.479078
30554,6363.936743
30555,6458.2337
30556,5445.825702
30557,6522.043737
30558,5500.977442
30559,6461.849648
30560,6398.461
30561,6510.132537
30562,5504.839415
30563,6414.766726
30564,6515.288101
30565,10745.35505
30566,10672.66087
30567,14245.03573
30568,13662.18272
30569,13229.63965
30570,11700.27004
30571,13929.88806
30572,14559.40079
30573,13427.57474
30574,13865.03416
30575,14371.7053
30576,10790.22154
30577,14181.01926
30578,14058.4845
30579,10645.32649
30580,11819.78025
30581,13298.4857
30582,10800.10424
30583,11269.5157
30584,11019.7566
30585,11895.99163
30586,13547.63239
30587,11582.31037
30588,14495.20051
30589,12210.53987
30590,12334.57357
30591,13976.1259
30592,12017.64666
30593,13614.19812
30594,14495.48414
30595,11067.37465
30596,12136.07335
30597,11383.28124
30598,11648.05885
30599,14603.6014
30600,14289.85586
30601,13743.72662
30602,10706.78501
30603,10957.33154
30604,11333.41511
30605,10752.86431
30606,6108.212392
30607,6953.104501
30608,6317.208409
30609,6268.900565
30610,7018.621714
30611,7147.445752
30612,6061.410936
30613,5995.889518
30614,5994.466954
30615,7034.989287
30616,7110.567435
30617,7232.185834
30618,6043.981542
30619,6238.583385
30620,7132.841067
30621,5931.153076
30622,6278.283932
30623,7176.827607
30624,7101.528927
30625,6194.638321
30626,6268.507029
30627,5979.958068
30628,6304.89266
30629,7067.211163
30630,7198.987877
30631,7001.854906
30632,7211.440802
30633,6258.977486
30634,6947.433971
30635,6936.55681
30636,7044.400468
30637,7083.309303
30638,6062.324144
30639,5927.674647
30640,6261.881521
30641,6130.947519
30642,6173.015409
30643,6127.72195
30644,7167.234744
30645,6978.437765
30646,6199.848266
30647,4973.146077
30648,4955.336116
30649,4955.915794
30650,5953.066297
30651,4959.613475
30652,5939.010963
30653,4952.30819
30654,4951.4675
30655,4959.9723
30656,5949.200884
30657,4952.916104
30658,4968.262841
30659,4956.450878
30660,5945.744283
30661,5970.139832
30662,5966.628837
30663,5975.990197
30664,4963.629158
30665,4977.618225
30666,5953.529324
30667,5958.399825
30668,4966.781243
30669,5958.671774
30670,4951.22325
30671,4950.93142
30672,4946.953801
30673,5952.287785
30674,5942.21267
30675,5968.799864
30676,5963.085787
30677,4949.318083
30678,4943.362621
30679,5956.682492
30680,4973.094002
30681,5956.160344
30682,4954.805995
30683,5973.684312
30684,5977.038733
30685,4944.842652
30686,5961.112397
30687,4951.017125
30688,4901.310039
30689,4947.516033
30690,4854.944531
30691,5792.25366
30692,4874.490363
30693,5651.478829
30694,4965.672479
30695,4644.334731
30696,5856.023276
30697,5921.507489
30698,4634.10899
30699,5858.882822
30700,4806.46883
30701,5780.110405
30702,5844.522293
30703,4942.907181
30704,4673.577239
30705,4739.410717
30706,5659.187543
30707,5031.043724
30708,5015.106269
30709,4788.7279
30710,5806.407475
30711,5646.936134
30712,5010.998889
30713,4680.38617
30714,5725.524587
30715,5937.492155
30716,5720.410006
30717,5976.364116
30718,4723.426027
30719,4658.883207
30720,5714.191797
30721,4837.867986
30722,5871.914713
30723,5740.899432
30724,4774.980335
30725,5925.07835
30726,5788.849862
30727,4712.166952
30728,4665.899499
30729,3862.387574
30730,3789.111315
30731,3977.868153
30732,3843.528148
30733,3516.414192
30734,4337.554019
30735,4220.12793
30736,3588.640845
30737,4525.210323
30738,4409.983631
30739,3599.873105
30740,4431.698103
30741,4597.811883
30742,4484.530699
30743,3883.659314
30744,3937.33656
30745,3599.775518
30746,4504.244819
30747,4390.16098
30748,4410.796624
30749,3749.93342
30750,3767.850864
30751,4201.106303
30752,4295.613156
30753,4504.62352
30754,3505.364074
30755,4316.673098
30756,4050.921363
30757,4031.267136
30758,4558.859878
30759,3570.441777
30760,3563.42897
30761,3673.337889
30762,3956.791031
30763,3694.415967
30764,3578.997771
30765,4242.925417
30766,4315.187618
30767,3656.577695
30768,4578.551522
30769,4222.343751
30770,6960.812583
30771,8064.782744
30772,6955.758804
30773,6414.702487
30774,6219.310242
30775,7518.636393
30776,6105.80919
30777,6181.055386
30778,8360.920745
30779,7793.325177
30780,8091.919839
30781,8605.867585
30782,6622.983384
30783,7439.856322
30784,7505.631824
30785,7233.648971
30786,6891.35566
30787,8255.365171
30788,7711.014309
30789,7983.003855
30790,6683.00321
30791,6687.648056
30792,6142.428254
30793,8257.223347
30794,6185.417107
30795,8527.629424
30796,7430.562548
30797,7160.543092
30798,7228.67982
30799,6410.783237
30800,8529.091056
30801,6139.367035
30802,7792.096642
30803,6087.804192
30804,8474.781775
30805,6355.232096
30806,8336.134168
30807,7985.092572
30808,7713.008021
30809,7521.705885
30810,7501.335794
30811,18952.6661
30812,18959.35888
30813,20746.91933
30814,19251.87073
30815,19911.327
30816,21341.52948
30817,20967.89699
30818,20061.37113
30819,20012.64935
30820,21563.89879
30821,19555.28539
30822,19763.73994
30823,20450.01199
30824,20464.28511
30825,21652.80161
30826,19466.41368
30827,19859.06245
30828,21044.04823
30829,18662.18834
30830,18653.96216
30831,19857.80918
30832,21266.08962
30833,21059.19475
30834,20067.77946
30835,19169.4192
30836,20360.84355
30837,20508.33759
30838,18356.09405
30839,18872.64639
30840,19548.78979
30841,20806.02824
30842,19551.12467
30843,21356.10383
30844,20210.57747
30845,19853.60398
30846,21861.22987
30847,20153.1724
30848,19257.11022
30849,20761.9402
30850,19402.13168
30851,3426.737213
30852,4383.996173
30853,3747.304176
30854,4697.291908
30855,3919.927115
30856,4667.683786
30857,3900.114485
30858,3595.184014
30859,3578.581432
30860,4822.210233
30861,3272.563672
30862,3738.078326
30863,3278.971613
30864,4821.149724
30865,4075.02689
30866,4820.012569
30867,4974.310588
30868,4667.81777
30869,3280.096191
30870,3894.272026
30871,3582.030256
30872,4540.961298
30873,4514.030083
30874,4512.810773
30875,3270.950464
30876,3274.586627
30877,4514.030741
30878,5005.376211
30879,4990.694896
30880,4049.921326
30881,3272.434591
30882,4667.7228
30883,4053.638131
30884,3732.747191
30885,3425.165611
30886,4976.027643
30887,3443.536699
30888,4852.224742
30889,4358.104855
30890,3292.067766
30891,4358.815125
30892,4701.625671
30893,4928.429904
30894,4579.066949
30895,4680.202269
30896,5435.390115
30897,4478.423295
30898,4947.410211
30899,5126.206986
30900,4884.056999
30901,4987.213689
30902,4986.36377
30903,4598.393227
30904,5233.779671
30905,4619.493024
30906,5031.521021
30907,5023.642882
30908,4805.314178
30909,5106.672592
30910,4517.674929
30911,4781.908731
30912,5090.442909
30913,4762.266315
30914,4496.054931
30915,4969.876168
30916,4659.182607
30917,5208.156012
30918,5228.740358
30919,4908.896174
30920,5309.687751
30921,5334.586565
30922,5331.002455
30923,5411.406973
30924,5192.532061
30925,5395.245737
30926,5005.104637
30927,5294.138645
30928,4865.388151
30929,4968.15186
30930,5011.88595
30931,5052.14345
30932,5132.807819
30933,7766.765409
30934,8592.465303
30935,10568.23245
30936,8178.820358
30937,10564.89445
30938,7972.427606
30939,8385.65184
30940,8148.178501
30941,8136.129096
30942,7945.131417
30943,8726.882784
30944,10086.38841
30945,8556.849363
30946,10500.37299
30947,8798.752647
30948,8352.062165
30949,7770.701484
30950,8341.556639
30951,10529.30601
30952,7725.279438
30953,7725.407291
30954,10363.46731
30955,10158.46882
30956,8762.381774
30957,10909.86774
30958,8932.826922
30959,10293.72582
30960,7731.482596
30961,10772.80527
30962,10323.50809
30963,10749.51038
30964,10117.34958
30965,10361.6455
30966,7742.676643
30967,9911.260114
30968,10157.09858
30969,10734.47772
30970,7726.597874
30971,10705.83016
30972,7931.156925
30973,9951.315828
30974,6921.923476
30975,6772.853992
30976,7548.808128
30977,6780.523409
30978,6689.781102
30979,6720.333678
30980,6873.573791
30981,6621.783507
30982,7489.300868
30983,6873.965415
30984,7594.000717
30985,7537.449095
30986,6668.669804
30987,6762.195198
30988,6877.57174
30989,6667.536002
30990,6811.177209
30991,6735.181457
30992,6887.798206
30993,7503.323286
30994,7430.315558
30995,7401.465145
30996,7576.114837
30997,7408.860243
30998,6714.378321
30999,7565.627734
31000,7478.070618
31001,6940.526423
31002,7516.211811
31003,7382.995362
31004,7586.142238
31005,6825.505625
31006,7660.467758
31007,6826.493252
31008,7441.697653
31009,7456.827758
31010,7613.656755
31011,7526.577057
31012,6860.463031
31013,6618.344635
31014,6861.08995
31015,6627.358358
31016,6779.028634
31017,6081.474659
31018,6721.223269
31019,7505.071602
31020,6181.472933
31021,7549.368925
31022,6735.63846
31023,6823.140755
31024,6674.448082
31025,6648.403144
31026,6557.585229
31027,7541.569223
31028,6534.49984
31029,6580.549049
31030,7653.934567
31031,6005.829392
31032,7795.350121
31033,7493.763656
31034,7679.423893
31035,7840.096142
31036,6694.769166
31037,8017.269268
31038,6342.155395
31039,7460.762825
31040,7750.103689
31041,7610.529463
31042,7659.099685
31043,7588.816305
31044,6602.603773
31045,6513.3333
31046,6692.789073
31047,6108.663056
31048,6249.232684
31049,7416.322238
31050,7565.806388
31051,7519.828845
31052,6161.612998
31053,6867.939633
31054,7704.563837
31055,7634.873127
31056,8017.423844
31057,7944.133007
31058,7908.877341
31059,8034.128436
31060,7980.301732
31061,9053.139742
31062,8851.725134
31063,7839.68183
31064,7874.224026
31065,8889.001849
31066,8110.557326
31067,8005.391497
31068,7925.221985
31069,8944.735315
31070,9019.034792
31071,8980.769331
31072,8117.590772
31073,7996.880969
31074,8814.650792
31075,8044.461144
31076,8908.490549
31077,7967.273512
31078,8083.976761
31079,8913.418267
31080,9032.812271
31081,7930.362461
31082,8923.482038
31083,8995.388166
31084,9016.802422
31085,8926.288251
31086,7960.600633
31087,8123.375978
31088,9053.142741
31089,8113.024582
31090,8072.153174
31091,8984.721909
31092,8110.604094
31093,8025.240851
31094,8932.200437
31095,8949.63323
31096,8967.517559
31097,5700.365598
31098,5646.532449
31099,5632.757563
31100,5923.904491
31101,6893.229521
31102,5643.336958
31103,5755.422963
31104,5811.438458
31105,5790.723787
31106,6872.736466
31107,5895.864356
31108,5675.852202
31109,5782.607143
31110,6982.438964
31111,5739.415993
31112,5881.057355
31113,5728.691898
31114,6929.465913
31115,5623.85753
31116,6946.433088
31117,6991.077459
31118,6818.653039
31119,6980.994217
31120,6818.489915
31121,6840.137369
31122,6761.746374
31123,5867.83678
31124,6999.843617
31125,6927.008784
31126,5637.016877
31127,6764.67584
31128,5688.356081
31129,6858.221307
31130,5842.787235
31131,5825.33494
31132,6962.9481
31133,5627.086831
31134,6803.6218
31135,6874.788685
31136,5663.393582
31137,6911.300619
31138,5594.082513
31139,5869.030912
31140,5674.304229
31141,5369.827395
31142,5903.496086
31143,5712.012132
31144,5987.142714
31145,5647.751925
31146,5840.63203
31147,6111.301677
31148,5375.695511
31149,5755.82029
31150,5722.100035
31151,5754.764348
31152,6051.557413
31153,5889.554525
31154,5943.478987
31155,5573.77112
31156,6037.678971
31157,5913.967764
31158,5766.991858
31159,5669.438203
31160,5673.140219
31161,5794.624433
31162,5444.023608
31163,5977.460972
31164,5805.147256
31165,6060.350982
31166,5718.189303
31167,5659.982891
31168,5500.179349
31169,5426.878571
31170,5659.147202
31171,5667.121134
31172,5523.486625
31173,5598.166119
31174,5963.759036
31175,5449.309145
31176,5518.830513
31177,5829.619382
31178,4140.531686
31179,4179.086464
31180,5188.303648
31181,4064.892769
31182,3889.412773
31183,3951.258011
31184,3872.562107
31185,4959.595291
31186,5154.454995
31187,5268.005161
31188,4975.989458
31189,5300.937444
31190,5091.057008
31191,5320.118768
31192,4457.032544
31193,4115.656943
31194,4478.18853
31195,5381.079682
31196,4861.255908
31197,4029.717173
31198,3898.355954
31199,4002.410359
31200,5350.359086
31201,4252.110565
31202,5104.201491
31203,4343.033192
31204,4991.251054
31205,3919.315706
31206,4877.326084
31207,5074.4435
31208,5040.449295
31209,4364.668359
31210,4844.231972
31211,3879.991786
31212,3945.791127
31213,5216.096934
31214,4522.472618
31215,4293.649078
31216,5205.905831
31217,4408.244737
31218,4229.200982
31219,8841.463721
31220,8862.31736
31221,8953.715197
31222,10305.73589
31223,10295.97476
31224,8406.085407
31225,8464.188642
31226,10460.03762
31227,10319.57868
31228,8754.074285
31229,9987.57118
31230,8782.15736
31231,9291.434614
31232,9066.492664
31233,8387.964732
31234,10209.24197
31235,10529.00376
31236,9227.771089
31237,10503.69318
31238,8971.351287
31239,9192.467825
31240,10121.98567
31241,10081.10785
31242,9081.413652
31243,10193.33898
31244,10515.10423
31245,10569.77519
31246,9115.749906
31247,8892.788748
31248,8380.370296
31249,9179.2633
31250,8448.897379
31251,8490.507147
31252,10417.74179
31253,9004.003948
31254,10184.28567
31255,10098.59711
31256,8426.81335
31257,10235.71036
31258,10406.26058
31259,10348.5995
31260,6476.556307
31261,5237.55699
31262,5400.770903
31263,4950.59121
31264,6690.828854
31265,5679.245164
31266,6802.924516
31267,5738.549515
31268,6627.91932
31269,5582.715018
31270,4913.500822
31271,6855.149859
31272,6922.051828
31273,6466.373625
31274,5336.949865
31275,5289.533453
31276,6353.403485
31277,6589.223253
31278,6579.107825
31279,6346.482084
31280,6700.665089
31281,4938.32774
31282,5512.625027
31283,5352.157808
31284,5224.05965
31285,6691.736822
31286,5625.23743
31287,5564.703329
31288,6462.229256
31289,6741.898423
31290,5450.512931
31291,6513.493685
31292,5467.401212
31293,4931.11474
31294,6577.197452
31295,5697.462447
31296,5005.238198
31297,4967.876898
31298,6399.125956
31299,6362.688909
31300,4888.040134
31301,7679.249159
31302,7646.983124
31303,7565.966152
31304,7596.064672
31305,6411.805613
31306,7525.7783
31307,7438.007245
31308,6565.933316
31309,7583.704779
31310,6497.172108
31311,6414.304365
31312,7634.647696
31313,6619.002073
31314,7577.199601
31315,6603.135957
31316,6657.232977
31317,7628.327463
31318,6432.272413
31319,6510.04112
31320,7617.435996
31321,6462.144851
31322,7530.75627
31323,7421.230592
31324,6449.588284
31325,7491.024064
31326,7543.872141
31327,6711.060604
31328,6446.071038
31329,7667.19007
31330,6549.587432
31331,6538.21658
31332,7385.4839
31333,6488.421115
31334,6462.265369
31335,6473.579489
31336,6416.953008
31337,6471.859114
31338,6589.375823
31339,7476.283988
31340,6513.6111
31341,7512.936511
31342,8246.023641
31343,8601.22488
31344,7947.040155
31345,8508.208776
31346,7962.913457
31347,7821.699231
31348,7541.782517
31349,7530.434756
31350,8099.220598
31351,8104.64602
31352,8087.651261
31353,8106.123473
31354,7540.523861
31355,7668.707894
31356,8209.699356
31357,8491.196112
31358,8069.499588
31359,8461.082011
31360,7968.554061
31361,8350.305633
31362,8367.705569
31363,7825.420987
31364,7392.253417
31365,8111.531878
31366,7681.279273
31367,8384.994396
31368,8103.616668
31369,7682.599222
31370,8112.56327
31371,8227.557897
31372,7403.11807
31373,8121.402059
31374,8320.019315
31375,7807.488957
31376,8740.503429
31377,8100.381689
31378,7399.462702
31379,8661.384246
31380,8087.404547
31381,8523.30832
31382,8649.190769
31383,5124.55199
31384,4509.528604
31385,5254.006449
31386,5363.073901
31387,4410.309291
31388,4490.628838
31389,5235.425622
31390,4619.076903
31391,4543.876249
31392,4462.009525
31393,5297.800506
31394,5188.169761
31395,4417.698356
31396,4838.509706
31397,4817.793288
31398,4982.933449
31399,4437.792616
31400,5395.385214
31401,4449.825472
31402,4763.870096
31403,5455.055998
31404,5178.93764
31405,4927.734653
31406,4708.143041
31407,5069.617913
31408,4728.811287
31409,5406.92883
31410,5033.585788
31411,4653.801502
31412,4873.696316
31413,5287.542502
31414,5345.709484
31415,4599.062547
31416,5487.716218
31417,4947.909999
31418,5471.116349
31419,5013.629521
31420,4474.65727
31421,5144.04503
31422,5433.509352
31423,7704.144154
31424,7574.513769
31425,8404.11225
31426,8285.473747
31427,8055.217353
31428,7616.774139
31429,8266.888538
31430,7603.795854
31431,8244.009575
31432,8276.824145
31433,7748.151661
31434,8225.160953
31435,8308.430015
31436,8350.081927
31437,7710.767237
31438,8098.455963
31439,7753.473117
31440,8362.173748
31441,8319.772075
31442,8202.323056
31443,8142.081033
31444,7657.661774
31445,7573.956667
31446,7796.714216
31447,8141.310645
31448,7668.616962
31449,8327.091165
31450,8182.990917
31451,7660.23817
31452,8160.158221
31453,8209.019715
31454,7580.766128
31455,7553.271508
31456,7595.565529
31457,7643.151141
31458,7727.224162
31459,7682.791964
31460,7619.677741
31461,7626.866057
31462,7638.78351
31463,6023.556471
31464,6630.150456
31465,6688.124909
31466,6686.293677
31467,5740.566462
31468,6743.522886
31469,6680.108125
31470,5855.241677
31471,6033.505216
31472,6517.104574
31473,5906.688529
31474,6691.087991
31475,5850.575869
31476,6086.92291
31477,6635.622557
31478,6801.421108
31479,6024.27039
31480,5859.852656
31481,6573.24403
31482,6031.55724
31483,5973.275442
31484,6746.606759
31485,6564.030629
31486,6745.160235
31487,6629.682394
31488,5741.595402
31489,6516.549866
31490,6023.043099
31491,5800.035147
31492,5912.41411
31493,6737.849718
31494,5972.592555
31495,5794.844298
31496,6622.135745
31497,6079.527083
31498,5913.712833
31499,6021.191869
31500,5797.480921
31501,6579.677742
31502,6522.839509
31503,5963.528797
31504,3601.390579
31505,3712.254888
31506,3598.460423
31507,3697.425032
31508,3604.738726
31509,3683.142127
31510,4141.532293
31511,3756.804124
31512,3663.638743
31513,3610.205497
31514,3738.776289
31515,4157.679762
31516,4134.198613
31517,3747.943138
31518,4152.982359
31519,3720.50334
31520,4138.298368
31521,4247.503044
31522,4176.478716
31523,3744.933105
31524,4122.732177
31525,4160.985559
31526,4231.654678
31527,4196.498876
31528,3728.045803
31529,3692.617059
31530,3711.391378
31531,4180.459459
31532,4214.617434
31533,4171.336153
31534,3702.158588
31535,3590.547564
31536,3655.74363
31537,3673.987256
31538,3683.889658
31539,4203.141264
31540,4194.202942
31541,4210.60887
31542,4189.090357
31543,4199.400292
31544,3729.960396
31545,9197.80939
31546,7832.736843
31547,9393.516177
31548,9404.474952
31549,8602.144387
31550,8412.209359
31551,8216.087174
31552,9012.121634
31553,9233.604708
31554,7556.145907
31555,8605.854639
31556,9414.780753
31557,9430.204061
31558,9208.078776
31559,9035.019227
31560,7634.062572
31561,7543.754356
31562,8817.152108
31563,7554.50921
31564,7565.985245
31565,8018.294057
31566,8209.549554
31567,8829.507671
31568,8408.120764
31569,8214.824632
31570,8408.590887
31571,9624.295995
31572,8024.319363
31573,9600.777589
31574,9002.298543
31575,7541.509048
31576,9221.715168
31577,8609.935172
31578,7822.834276
31579,9026.555491
31580,7617.925861
31581,8835.561561
31582,7813.803411
31583,8011.158847
31584,9589.267082
31585,9526.976912
31586,9386.78661
31587,6616.741044
31588,6891.887147
31589,9667.49881
31590,8205.284405
31591,6898.983472
31592,6905.538725
31593,9258.415351
31594,6609.67742
31595,7805.335439
31596,9653.301015
31597,8770.05094
31598,6678.525423
31599,8418.594393
31600,9946.664728
31601,9104.797853
31602,8686.407325
31603,6897.640004
31604,6685.775066
31605,8763.714236
31606,8979.810734
31607,7647.817219
31608,9248.332607
31609,6889.061048
31610,9528.661651
31611,6619.185327
31612,6967.99437
31613,9466.770358
31614,8488.81326
31615,9372.154062
31616,6959.460752
31617,9090.873845
31618,6611.516303
31619,7925.771782
31620,8699.820036
31621,8967.532208
31622,8207.293608
31623,7644.476872
31624,6624.581879
31625,7926.45737
31626,9933.977109
31627,8368.065342
31628,8484.368942
31629,8822.07549
31630,8809.871546
31631,7523.16886
31632,8087.120177
31633,7241.086111
31634,3640.872028
31635,3779.59197
31636,4830.59013
31637,4469.02451
31638,4256.866187
31639,4828.004531
31640,3639.058801
31641,4000.429033
31642,4118.31878
31643,4835.441117
31644,3638.18965
31645,3878.402693
31646,3661.461326
31647,4709.699622
31648,4594.456866
31649,4954.799239
31650,3877.16957
31651,4244.460831
31652,3648.498559
31653,4473.547126
31654,4715.249309
31655,3897.997152
31656,4709.78733
31657,4972.569971
31658,3757.249927
31659,4949.678329
31660,4239.659533
31661,4017.072849
31662,4830.379971
31663,4122.69209
31664,4589.982734
31665,4949.4483
31666,4587.629692
31667,3637.221078
31668,4136.778687
31669,3997.372296
31670,3757.826637
31671,4711.185655
31672,4464.850181
31673,3643.532761
31674,4591.779255
31675,8262.208412
31676,8590.460788
31677,8220.213384
31678,7834.76914
31679,8630.703188
31680,7711.425992
31681,7245.617164
31682,8095.643841
31683,8217.111158
31684,8338.029758
31685,7708.996658
31686,7838.946374
31687,7870.526386
31688,7458.694035
31689,7211.952152
31690,7335.413179
31691,7837.208422
31692,8386.055155
31693,7487.601142
31694,8492.312958
31695,7832.864106
31696,8243.280456
31697,7849.912372
31698,8119.278709
31699,8096.827395
31700,7195.506614
31701,7073.371376
31702,7585.511598
31703,7366.332455
31704,8103.592284
31705,7583.441331
31706,7460.01304
31707,7973.186101
31708,8508.845336
31709,8459.000913
31710,8343.556574
31711,7857.96523
31712,8466.918587
31713,8367.73346
31714,7733.439858
31715,7609.916608
31716,6743.198326
31717,7818.635706
31718,7879.736178
31719,6719.475418
31720,6466.013252
31721,6502.436243
31722,7671.199488
31723,6567.722879
31724,7690.376189
31725,7788.761208
31726,6763.009664
31727,6622.444758
31728,7643.21791
31729,7779.011859
31730,7726.512169
31731,6726.65059
31732,7793.721112
31733,6473.298211
31734,7830.110424
31735,6551.306789
31736,7836.506856
31737,6522.542982
31738,6572.245316
31739,7693.634417
31740,6723.889342
31741,7769.0868
31742,7624.967833
31743,7621.893397
31744,6516.246641
31745,6673.038384
31746,6673.447263
31747,6620.279179
31748,7740.233877
31749,6734.494476
31750,7720.115786
31751,6599.922908
31752,6648.729481
31753,6698.02978
31754,7743.807153
31755,6747.926604
31756,7638.971924
31757,4712.522496
31758,5101.78382
31759,4817.026426
31760,4961.531899
31761,4088.590924
31762,5007.667939
31763,4438.648486
31764,4641.858645
31765,4511.801989
31766,4156.81189
31767,4647.211974
31768,5227.017661
31769,4092.149823
31770,5247.976916
31771,4100.622292
31772,5026.958839
31773,4068.286276
31774,4499.924744
31775,5086.90091
31776,5080.356695
31777,4890.039074
31778,5153.605507
31779,4573.588991
31780,4081.874076
31781,5047.891677
31782,5300.203094
31783,5031.550268
31784,4104.786075
31785,4364.690596
31786,4941.148057
31787,4029.78741
31788,5014.226414
31789,4017.764046
31790,5175.591349
31791,4431.789644
31792,4290.310058
31793,4501.801675
31794,4571.711543
31795,4215.907483
31796,4426.395764
31797,4113.908473
31798,4141.820914
31799,4019.404277
31800,5318.832955
31801,4720.599459
31802,4041.172095
31803,4867.815382
31804,4029.686896
31805,9040.589361
31806,10060.80665
31807,8941.038235
31808,10057.42984
31809,9960.704398
31810,9026.157446
31811,9127.90129
31812,8868.32808
31813,8831.594305
31814,10075.2721
31815,8858.3731
31816,10021.4511
31817,10058.97064
31818,10097.91094
31819,10113.46275
31820,10022.80616
31821,9049.297319
31822,8976.693432
31823,9056.785489
31824,8976.654526
31825,9018.03479
31826,9999.112257
31827,10093.25489
31828,8945.479671
31829,8906.281731
31830,9984.76491
31831,9016.919014
31832,9087.214172
31833,10097.95435
31834,10037.24529
31835,9126.270708
31836,8936.558085
31837,8897.010165
31838,9983.906577
31839,9012.550171
31840,9017.012203
31841,9947.036171
31842,10137.16388
31843,10176.45834
31844,9989.970269
31845,8985.60453
31846,6234.081306
31847,6730.865161
31848,7001.103623
31849,7008.734875
31850,6190.921807
31851,7395.251417
31852,6664.787195
31853,6357.573685
31854,6333.507411
31855,7061.768501
31856,7231.943598
31857,7315.309193
31858,6169.486213
31859,6498.669872
31860,7026.302112
31861,7053.12806
31862,6860.103429
31863,6989.491361
31864,6560.200859
31865,7166.554534
31866,7332.494611
31867,7152.242831
31868,6896.11796
31869,6903.766605
31870,6396.778798
31871,6836.163024
31872,6692.856608
31873,6889.94971
31874,6663.328099
31875,7055.955412
31876,6988.855719
31877,7068.1688
31878,6826.648812
31879,6987.348907
31880,6998.202457
31881,6724.601404
31882,6525.105194
31883,6703.379847
31884,6831.456294
31885,7227.621834
31886,6671.645405
31887,7663.200872
31888,8755.706009
31889,7583.387631
31890,8896.012122
31891,8851.871899
31892,8869.640884
31893,8874.948681
31894,7710.611809
31895,8945.500451
31896,8731.121858
31897,8891.80388
31898,7713.305586
31899,7739.874932
31900,7735.756206
31901,8780.214722
31902,7607.427215
31903,8864.719745
31904,8804.387339
31905,7606.824327
31906,7565.952571
31907,7634.582735
31908,7537.168617
31909,7526.963328
31910,7611.19366
31911,8828.827919
31912,7492.741472
31913,7687.035003
31914,8921.402847
31915,7661.551577
31916,7514.844197
31917,7637.098502
31918,8918.924522
31919,8945.402036
31920,8755.59753
31921,7658.674095
31922,7559.966025
31923,8805.572823
31924,8970.704334
31925,7588.434033
31926,8828.120067
31927,7613.631012
31928,4534.673463
31929,5014.230392
31930,5133.114884
31931,5124.25979
31932,5007.452443
31933,4479.05242
31934,4519.178221
31935,4506.188306
31936,4501.578111
31937,4477.46859
31938,5071.43229
31939,4469.946829
31940,4523.275234
31941,4474.105401
31942,5020.99735
31943,4531.937554
31944,4575.078823
31945,5065.59682
31946,5128.975703
31947,5077.974806
31948,5154.260505
31949,4494.94597
31950,4525.23428
31951,4483.873043
31952,5118.382497
31953,4516.188357
31954,5111.025462
31955,5145.737582
31956,4539.161658
31957,4602.452063
31958,4513.703855
31959,5092.068483
31960,5027.687587
31961,5086.323602
31962,4496.01433
31963,4486.257873
31964,5054.286025
31965,5060.013789
31966,4489.06568
31967,4546.701141
31968,5028.002044
31969,4546.591144
31970,5597.659046
31971,5665.985965
31972,4695.560522
31973,5511.155208
31974,4652.176106
31975,5707.236099
31976,4349.6984
31977,5497.370255
31978,5449.964318
31979,4404.515067
31980,4473.176273
31981,4468.827641
31982,4728.66639
31983,5523.980753
31984,4270.99435
31985,5815.585187
31986,5671.108232
31987,4620.693709
31988,4541.084796
31989,5741.69548
31990,5572.964725
31991,4575.443907
31992,5588.872537
31993,4423.839383
31994,4614.324393
31995,5557.163474
31996,4688.557314
31997,5422.009217
31998,4410.731738
31999,4771.041846
32000,4357.507333
32001,4238.317435
32002,5779.858659
32003,5648.23889
32004,5646.504573
32005,4397.286155
32006,5722.813343
32007,5632.964564
32008,4312.483971
32009,4499.158766
32010,6997.336262
32011,7138.808729
32012,6797.399089
32013,7031.856926
32014,6513.797823
32015,5760.269589
32016,6713.082727
32017,5953.127189
32018,6655.672808
32019,5844.594757
32020,6627.077014
32021,6385.540446
32022,6529.201996
32023,6699.1897
32024,7052.630958
32025,6888.222706
32026,6269.944775
32027,5710.043592
32028,6555.809703
32029,7175.064115
32030,6942.776877
32031,5732.513043
32032,6241.18869
32033,6855.430056
32034,6127.861208
32035,5810.429098
32036,6770.471989
32037,6091.365131
32038,5792.292852
32039,6744.784149
32040,7087.444687
32041,5697.547026
32042,6412.630836
32043,7230.618616
32044,7371.914473
32045,6231.652074
32046,6372.428668
32047,6096.842002
32048,6912.372027
32049,7025.019903
32050,7317.416955
32051,3685.888061
32052,3656.119616
32053,4343.780371
32054,4325.835774
32055,4346.844206
32056,3649.101293
32057,3661.632747
32058,4330.446174
32059,3660.075102
32060,3695.314181
32061,3584.947554
32062,3666.248262
32063,3690.775097
32064,3546.367007
32065,4336.760587
32066,4371.549174
32067,4364.262964
32068,3657.168904
32069,4342.099847
32070,4339.635588
32071,4374.039322
32072,3556.361569
32073,4353.733434
32074,4368.310579
32075,3647.918866
32076,4335.137459
32077,4345.685705
32078,3676.168466
32079,3650.148579
32080,3560.808431
32081,4350.74127
32082,3550.068303
32083,3680.931313
32084,3652.818482
32085,3652.983332
32086,8592.346198
32087,7334.910535
32088,8495.547797
32089,8481.361946
32090,7495.306641
32091,7008.076601
32092,7445.54224
32093,8562.772102
32094,7058.835752
32095,7556.695335
32096,8275.511312
32097,7382.1574
32098,7221.150912
32099,7109.845742
32100,8370.261407
32101,7044.311062
32102,7558.058054
32103,8439.178232
32104,8114.245837
32105,7333.099775
32106,8163.716654
32107,8227.844083
32108,7268.965061
32109,8259.099268
32110,8386.143008
32111,7607.874577
32112,8215.616452
32113,7018.32855
32114,7445.506627
32115,8103.946476
32116,8552.991481
32117,7006.718505
32118,8340.758724
32119,8550.393938
32120,7000.303604
32121,6999.097793
32122,7115.637107
32123,8452.479077
32124,8327.492324
32125,7156.250648
32126,7224.953022
32127,3313.339197
32128,4712.872332
32129,5010.989709
32130,3948.937426
32131,3926.53136
32132,4524.943438
32133,3790.752328
32134,3772.018924
32135,3306.485384
32136,4088.685045
32137,5006.016475
32138,4368.183751
32139,4850.613611
32140,4106.574816
32141,4081.980389
32142,4399.662888
32143,3304.470269
32144,4381.392639
32145,3618.467109
32146,3325.371921
32147,4539.332528
32148,3632.718845
32149,4695.049809
32150,3773.169075
32151,3931.536954
32152,3616.857442
32153,4698.872851
32154,4557.009565
32155,3461.307813
32156,3333.727194
32157,4998.936091
32158,3465.61021
32159,3475.460199
32160,4994.801941
32161,3313.020759
32162,4838.71913
32163,4855.86356
32164,4681.976629
32165,3319.355697
32166,4540.446375
32167,4867.032862
32168,6254.092892
32169,5652.034064
32170,5575.676052
32171,6401.443238
32172,5601.250826
32173,5784.941858
32174,5579.895265
32175,6284.194766
32176,5685.92029
32177,6338.462638
32178,5564.930962
32179,6314.245253
32180,6504.315548
32181,5627.885094
32182,6381.008232
32183,5515.668796
32184,6279.570818
32185,5557.378744
32186,5656.071691
32187,5544.856724
32188,6344.131795
32189,5611.585169
32190,6336.570575
32191,6249.108686
32192,5641.487505
32193,5753.948227
32194,6475.429106
32195,5550.4917
32196,6399.028823
32197,5620.579795
32198,6444.972982
32199,6308.7481
32200,6276.420835
32201,6306.988638
32202,5588.8104
32203,5582.464748
32204,5554.037987
32205,5497.39709
32206,6370.154544
32207,5526.818997
32208,6413.270171
32209,5545.550369
32210,5392.061552
32211,5053.25254
32212,4073.299457
32213,5561.355555
32214,4902.052011
32215,4901.317103
32216,4230.596103
32217,4866.766618
32218,4402.316536
32219,4564.204051
32220,4093.085073
32221,4932.140549
32222,4396.936462
32223,4059.410892
32224,4882.993551
32225,4421.072778
32226,4232.774263
32227,4853.304474
32228,4712.877474
32229,5222.617203
32230,5024.33496
32231,5194.584887
32232,4250.6127
32233,4732.401543
32234,5363.451732
32235,5205.917641
32236,5530.681647
32237,4591.900787
32238,5375.877046
32239,5405.889127
32240,5036.063689
32241,5071.314121
32242,4064.070328
32243,4064.984311
32244,5545.920574
32245,5239.29295
32246,4572.482985
32247,4081.008142
32248,4080.966912
32249,4762.461164
32250,5671.85966
32251,5815.470218
32252,5761.01008
32253,5752.161644
32254,6446.01933
32255,6680.170288
32256,6523.165399
32257,6622.312064
32258,6472.197846
32259,6621.183674
32260,5646.04827
32261,6419.79451
32262,5733.816439
32263,6585.895871
32264,5725.150395
32265,5444.230463
32266,5722.51406
32267,5507.653689
32268,5788.305094
32269,5696.615122
32270,6514.246168
32271,5671.174945
32272,6550.750044
32273,6541.003574
32274,5698.357963
32275,6604.632328
32276,5436.227214
32277,6577.988063
32278,5645.652794
32279,6638.611061
32280,5450.396914
32281,5748.881345
32282,5498.599489
32283,5439.293003
32284,6567.886659
32285,5706.909002
32286,6630.571456
32287,6594.664348
32288,6664.065959
32289,6612.55502
32290,5946.363637
32291,6657.707434
32292,6668.20611
32293,6079.702178
32294,6075.25493
32295,6704.46708
32296,6827.091742
32297,6555.96192
32298,5884.100528
32299,6744.166664
32300,6527.795897
32301,6721.665986
32302,5807.77083
32303,6051.524599
32304,5998.578108
32305,6128.991507
32306,6710.850905
32307,5990.699229
32308,5793.113974
32309,6774.642583
32310,5967.536783
32311,5937.362436
32312,6814.57747
32313,6636.492159
32314,5830.982608
32315,6690.677222
32316,5843.915101
32317,5852.708443
32318,6026.622895
32319,6021.321458
32320,6716.616677
32321,5937.531027
32322,6663.849171
32323,5914.129314
32324,6182.162207
32325,6582.019977
32326,6610.170814
32327,5894.885148
32328,6768.315165
32329,6763.160833
32330,5872.592589
32331,6944.454991
32332,6075.433525
32333,6988.602248
32334,7542.117711
32335,7458.881831
32336,6031.783035
32337,7408.813708
32338,7083.638159
32339,5878.692156
32340,7196.449108
32341,7389.693712
32342,5700.391668
32343,7236.887914
32344,6231.01972
32345,5682.472998
32346,7559.749921
32347,5982.929409
32348,6886.609133
32349,6134.573555
32350,7255.744231
32351,6494.346737
32352,5801.52914
32353,5726.275066
32354,7504.17426
32355,6339.962985
32356,7142.376117
32357,6386.361736
32358,6185.594005
32359,7444.61705
32360,5920.398802
32361,6441.280569
32362,5766.442038
32363,6287.420149
32364,5755.898575
32365,7041.468043
32366,7294.365529
32367,6540.659507
32368,7100.711329
32369,7350.828174
32370,5784.143362
32371,5832.349936
32372,6349.076481
32373,6130.349417
32374,7617.595784
32375,6157.067275
32376,7502.810554
32377,6284.545267
32378,6178.7775
32379,6202.455903
32380,5992.24474
32381,7635.769419
32382,7569.326782
32383,6102.176143
32384,6414.317347
32385,7662.668682
32386,6112.714264
32387,7595.866973
32388,6480.242275
32389,7484.393516
32390,7751.140017
32391,6245.383976
32392,7527.873385
32393,6134.310298
32394,6090.278523
32395,6379.934571
32396,7796.8285
32397,6447.498081
32398,7436.305
32399,7550.776585
32400,6312.482604
32401,7616.518334
32402,6338.010569
32403,6270.509314
32404,7684.46188
32405,7680.930239
32406,7550.801662
32407,5999.306569
32408,7483.786772
32409,6220.610035
32410,7459.189834
32411,7728.020983
32412,6066.49482
32413,8179.625459
32414,8036.81337
32415,8875.657003
32416,9010.028659
32417,8163.859147
32418,8895.677283
32419,8066.070474
32420,8227.933863
32421,8097.188294
32422,8205.397055
32423,8135.715509
32424,8166.892143
32425,8827.912952
32426,8234.336962
32427,8829.957959
32428,7900.790431
32429,7930.22623
32430,9074.447049
32431,8810.044242
32432,8030.944664
32433,9003.203891
32434,8190.626881
32435,8939.899798
32436,8877.380389
32437,9086.313285
32438,9026.492781
32439,9066.25001
32440,8961.198362
32441,8944.370167
32442,7972.915653
32443,7909.239386
32444,8101.413384
32445,8172.734173
32446,8832.768807
32447,7965.444269
32448,8956.196566
32449,7997.368066
32450,8892.10572
32451,9020.751147
32452,8233.103414
32453,8202.970002
32454,6529.73543
32455,6665.266836
32456,5651.812831
32457,6650.636143
32458,5672.963516
32459,6693.852526
32460,6530.81508
32461,5671.285024
32462,5682.00516
32463,6666.733037
32464,6679.388759
32465,5681.134828
32466,5511.415816
32467,5516.339058
32468,6648.325335
32469,5652.173609
32470,5652.07529
32471,6530.427334
32472,6689.694111
32473,5671.772285
32474,5651.79675
32475,5683.390421
32476,6666.015494
32477,6678.963016
32478,6677.884388
32479,5681.39381
32480,5511.807514
32481,6666.996034
32482,6679.157867
32483,6650.049986
32484,6667.116794
32485,5652.811401
32486,5473.686049
32487,5674.599686
32488,5671.208153
32489,6650.442298
32490,5682.760576
32491,5497.721974
32492,6649.580859
32493,5480.156511
32494,7553.469763
32495,7616.338405
32496,7515.456582
32497,7563.99995
32498,8210.249731
32499,8232.241435
32500,7571.033511
32501,7540.053815
32502,8244.280521
32503,8196.671576
32504,7586.859462
32505,7572.319606
32506,8218.650936
32507,8194.858851
32508,8221.201307
32509,8207.983078
32510,7527.402959
32511,8203.852609
32512,8205.597031
32513,8233.282447
32514,7607.106055
32515,7592.555237
32516,7559.655852
32517,8181.913526
32518,7545.681623
32519,7541.362332
32520,8138.895151
32521,7558.530194
32522,8192.840588
32523,7533.521484
32524,7543.716126
32525,8151.197745
32526,7530.124117
32527,8178.665238
32528,7525.604022
32529,8164.61935
32530,7509.785747
32531,8188.464743
32532,7601.722142
32533,7549.865066
32534,8222.486942
32535,7064.579595
32536,6196.19655
32537,6084.023386
32538,6831.985207
32539,6983.166976
32540,6327.80668
32541,6344.387429
32542,6787.532293
32543,6156.805751
32544,6890.161179
32545,6907.784776
32546,6178.226228
32547,6937.122944
32548,6918.303886
32549,7057.589146
32550,6303.945497
32551,6862.353415
32552,6991.601464
32553,7038.017551
32554,6104.206322
32555,6402.57927
32556,7085.10591
32557,6030.753177
32558,5939.498988
32559,7137.513516
32560,6964.542691
32561,6230.133435
32562,7130.812053
32563,6050.12692
32564,6122.915169
32565,7047.646857
32566,6252.873156
32567,6025.95483
32568,7011.442501
32569,7110.551344
32570,6058.159904
32571,5999.014635
32572,6011.689993
32573,6270.057647
32574,5955.602094
32575,7125.667237
32576,7105.533834
32577,7308.574084
32578,7080.801082
32579,7262.530093
32580,9140.290816
32581,9417.861752
32582,7280.716736
32583,9518.689813
32584,7069.131035
32585,7585.070351
32586,9082.987856
32587,7515.50602
32588,7619.1092
32589,9315.175466
32590,9106.147232
32591,7565.602811
32592,9493.891235
32593,9476.616507
32594,9210.979717
32595,9243.261045
32596,9317.63491
32597,7482.844353
32598,9186.561442
32599,7064.527708
32600,9517.714126
32601,7381.29625
32602,7463.522094
32603,9289.975244
32604,7163.358148
32605,9216.702112
32606,9392.533435
32607,7362.48915
32608,7180.695109
32609,7090.825728
32610,9417.872545
32611,9444.383105
32612,7109.221572
32613,7411.746132
32614,7206.476502
32615,9344.644436
32616,9166.35139
32617,9267.670443
32618,9235.168866
32619,10104.83824
32620,9263.923074
32621,10179.22076
32622,10180.59468
32623,10147.74524
32624,9163.787279
32625,10137.16565
32626,10349.00687
32627,10243.86859
32628,9172.600563
32629,9231.853638
32630,9237.978924
32631,9333.126103
32632,10317.87534
32633,9141.008447
32634,10169.69216
32635,9171.945345
32636,9203.368315
32637,10235.36674
32638,10211.22815
32639,9167.653291
32640,10233.86632
32641,10242.46935
32642,10114.58497
32643,10255.22447
32644,9200.637654
32645,9180.268012
32646,9203.15005
32647,10212.71726
32648,9170.35546
32649,9235.312873
32650,9300.482087
32651,9227.772336
32652,9267.705503
32653,9140.837343
32654,10272.86007
32655,10286.63143
32656,10202.01584
32657,6781.060596
32658,6872.836362
32659,7403.373574
32660,6795.304158
32661,7327.062747
32662,6804.816993
32663,7400.615095
32664,7325.207154
32665,6818.348013
32666,6875.391122
32667,7370.657179
32668,6826.445731
32669,7303.96254
32670,7318.102919
32671,7300.32509
32672,7367.522309
32673,6880.097985
32674,6800.716025
32675,6807.79423
32676,7396.706315
32677,6898.28206
32678,7293.537285
32679,6877.673578
32680,6792.702405
32681,6786.228042
32682,6803.996693
32683,7322.347383
32684,6882.942273
32685,7373.633882
32686,6814.993377
32687,7307.130716
32688,7391.489014
32689,6800.096814
32690,6807.675908
32691,7297.696437
32692,7328.515984
32693,7376.586642
32694,6886.302489
32695,7295.601133
32696,6835.160354
32697,6797.853896
32698,3490.488666
32699,3539.9486
32700,3714.792858
32701,3533.244237
32702,3196.158994
32703,3722.741965
32704,3537.424763
32705,3853.347304
32706,3197.142068
32707,3196.194037
32708,3799.734279
32709,3552.646496
32710,3272.65256
32711,3355.679153
32712,3568.773257
32713,3275.423581
32714,3533.82648
32715,3510.660583
32716,3591.337802
32717,3645.799865
32718,3431.219562
32719,3793.59896
32720,3349.582345
32721,3474.38892
32722,3775.830924
32723,3480.518574
32724,3274.238015
32725,3352.303002
32726,3558.258117
32727,3619.957364
32728,3491.536538
32729,3505.36172
32730,3516.757774
32731,3710.14838
32732,3631.30776
32733,3542.140558
32734,3636.3416
32735,3698.019106
32736,3436.361116
32737,3584.009294
32738,3427.155479
32739,5920.670937
32740,5638.154469
32741,6346.979179
32742,5917.615859
32743,5956.565176
32744,6637.54646
32745,6634.635517
32746,6494.547312
32747,5773.301396
32748,6418.706347
32749,5599.342818
32750,5664.622694
32751,6420.914778
32752,5601.511085
32753,6638.229149
32754,5633.170754
32755,5632.217277
32756,5845.101127
32757,5600.89373
32758,6494.580281
32759,6345.026917
32760,5848.096861
32761,6383.622822
32762,6668.830676
32763,6566.635841
32764,6492.308423
32765,5810.256085
32766,5605.977948
32767,5631.524226
32768,6567.532005
32769,5883.496203
32770,5737.208585
32771,5703.884495
32772,6456.528649
32773,5702.198975
32774,6600.179193
32775,6639.526967
32776,6528.741551
32777,6565.345182
32778,5775.812894
32779,7456.864789
32780,7227.830693
32781,6158.837831
32782,7172.107211
32783,8313.105234
32784,8102.395678
32785,7891.47671
32786,8268.281521
32787,6290.907264
32788,6146.190491
32789,6533.901643
32790,6188.672334
32791,6798.214456
32792,8246.469679
32793,6126.274255
32794,6323.003689
32795,6745.70445
32796,6958.51361
32797,7680.103556
32798,6109.175203
32799,7136.409821
32800,7417.452855
32801,6712.207928
32802,8102.446226
32803,7888.293719
32804,7844.213763
32805,6583.858482
32806,7630.937727
32807,7512.384564
32808,6923.987489
32809,7726.6072
32810,7939.437175
32811,6370.661957
32812,7672.783768
32813,6094.745436
32814,7013.141008
32815,6501.212617
32816,8056.742397
32817,6175.994932
32818,8150.565804
32819,8314.672125
32820,4925.472338
32821,4664.775689
32822,4985.321361
32823,4637.868818
32824,4608.997073
32825,4920.767164
32826,4954.649653
32827,4591.54226
32828,4940.07108
32829,4614.016595
32830,4935.998742
32831,4951.026599
32832,4650.778951
32833,4691.744348
32834,4965.63644
32835,4970.554881
32836,4970.099684
32837,4646.323702
32838,4615.799138
32839,4674.162819
32840,4676.595404
32841,4951.980993
32842,4661.36901
32843,4909.369548
32844,4581.176743
32845,4625.780062
32846,4965.942305
32847,4954.714853
32848,4659.006497
32849,4586.051669
32850,4644.183063
32851,4629.789925
32852,4924.03912
32853,4596.929213
32854,4939.259116
32855,4631.652339
32856,4979.739708
32857,4979.529417
32858,4937.602816
32859,4601.357104
32860,12346.9133
32861,12521.14763
32862,11637.05499
32863,12770.60167
32864,11302.75672
32865,12342.27332
32866,12687.39366
32867,11551.21043
32868,12264.10805
32869,12348.55077
32870,11217.37785
32871,11559.09555
32872,12427.6932
32873,11803.53692
32874,11635.86054
32875,11562.60346
32876,11466.19088
32877,12690.93222
32878,11721.71655
32879,12858.86897
32880,11475.8424
32881,12517.2001
32882,11470.67397
32883,11553.75475
32884,11389.04119
32885,12104.61729
32886,11382.15048
32887,12601.85162
32888,11723.3403
32889,12432.8497
32890,11802.76542
32891,11893.73714
32892,12606.11405
32893,12512.99217
32894,11637.33946
32895,12437.27556
32896,12775.143
32897,11891.71522
32898,11806.89919
32899,12604.39539
32900,6339.51164
32901,5660.285847
32902,5638.510665
32903,6361.009147
32904,5633.090665
32905,5632.006773
32906,5635.256977
32907,5640.582575
32908,5636.033877
32909,6346.63849
32910,6358.301447
32911,5644.766221
32912,5638.814994
32913,5663.600311
32914,5642.500899
32915,5665.38319
32916,6334.717762
32917,6337.998756
32918,6349.511612
32919,6352.343455
32920,5651.467953
32921,6348.060802
32922,5628.661192
32923,6340.081725
32924,5646.565012
32925,6344.515156
32926,6354.684578
32927,5658.091526
32928,6351.816198
32929,6346.577275
32930,6335.919047
32931,5656.244462
32932,5655.270703
32933,6356.632238
32934,5651.305526
32935,6350.868292
32936,6341.893758
32937,5651.167482
32938,6344.058574
32939,5645.702382
32940,6837.357721
32941,6812.74383
32942,6529.730726
32943,6905.105091
32944,6539.609431
32945,7765.950949
32946,6717.790953
32947,6720.726682
32948,8009.995376
32949,8132.271725
32950,6812.419847
32951,8046.322129
32952,6623.350908
32953,6481.764301
32954,7789.55421
32955,6629.896104
32956,8103.538861
32957,6931.806768
32958,8037.871203
32959,8117.347651
32960,7916.394568
32961,6458.279966
32962,6907.712051
32963,8075.09897
32964,6503.494417
32965,7756.494021
32966,6557.291879
32967,6465.081905
32968,6743.430048
32969,8168.57399
32970,7860.363427
32971,7980.414382
32972,6451.315009
32973,7885.004552
32974,7849.556071
32975,7822.879388
32976,7953.903867
32977,6436.995198
32978,7943.484691
32979,6650.050829
32980,6449.481469
32981,11518.77544
32982,11223.02386
32983,10082.13163
32984,9908.564928
32985,9435.957553
32986,9718.222659
32987,11320.37091
32988,9345.802659
32989,11737.23301
32990,11609.10566
32991,11575.91287
32992,9366.12786
32993,9822.754288
32994,9844.258956
32995,9692.989731
32996,9564.088715
32997,9971.544589
32998,9477.248073
32999,11811.69343
33000,9481.304637
33001,10037.50997
33002,11296.31944
33003,11685.38257
33004,9436.392788
33005,11701.11861
33006,9952.72902
33007,11427.10374
33008,9593.399517
33009,9398.89159
33010,9652.268681
33011,11391.22824
33012,11557.06371
33013,11480.34365
33014,11773.2425
33015,9780.053491
33016,11646.10732
33017,11683.15381
33018,9469.431936
33019,9525.256412
33020,11351.4328
33021,11448.96786
33022,6429.067108
33023,6575.95678
33024,6572.265391
33025,6350.926294
33026,6438.024257
33027,6966.367707
33028,7006.492042
33029,6393.924019
33030,6470.634687
33031,7169.71311
33032,7085.888647
33033,6431.418769
33034,6925.113415
33035,6964.140844
33036,7130.502905
33037,6512.216196
33038,7048.195573
33039,6442.031976
33040,6389.369421
33041,6572.440406
33042,6527.016164
33043,6930.218087
33044,7090.279862
33045,6638.070983
33046,7078.542922
33047,6553.964324
33048,7042.957211
33049,6994.188503
33050,7128.121681
33051,7120.36824
33052,6595.929623
33053,6482.861709
33054,6484.507338
33055,7007.423278
33056,7089.439281
33057,6527.859945
33058,6564.648897
33059,6569.444022
33060,6643.087519
33061,7036.484688
33062,7048.611981
33063,3805.446962
33064,5122.368048
33065,5075.189104
33066,4604.926444
33067,3876.341667
33068,3986.06587
33069,4899.346837
33070,4941.779382
33071,3251.727797
33072,4767.873434
33073,4738.218884
33074,4536.929565
33075,4899.494355
33076,3851.907262
33077,3718.600298
33078,3405.668221
33079,3671.679672
33080,5031.918516
33081,3939.56925
33082,4765.181957
33083,4629.702781
33084,4493.537692
33085,3586.283272
33086,3606.13808
33087,3470.953404
33088,3454.831553
33089,5003.213515
33090,3236.010148
33091,3296.571697
33092,3189.757979
33093,3336.419555
33094,3538.426506
33095,4807.318158
33096,3741.464389
33097,4634.853331
33098,4500.492092
33099,3273.269459
33100,3202.821724
33101,3323.949037
33102,4870.940845
33103,4672.164018
33104,10615.88458
33105,12131.39943
33106,10660.84928
33107,12202.54452
33108,10223.10445
33109,12095.18067
33110,10023.72865
33111,10388.7077
33112,12177.56458
33113,10494.18833
33114,10557.16001
33115,12031.93429
33116,12340.55559
33117,12117.38072
33118,12287.01281
33119,12259.85275
33120,12464.28831
33121,12562.5866
33122,10328.42186
33123,10445.66809
33124,10021.83463
33125,10577.40781
33126,9880.736858
33127,10305.56182
33128,12215.25647
33129,12381.79866
33130,10530.80433
33131,12173.97752
33132,10360.9052
33133,12257.58665
33134,9981.604633
33135,10276.85153
33136,10472.6177
33137,12513.99271
33138,10411.22121
33139,10073.95391
33140,12370.58231
33141,12298.78459
33142,12089.77519
33143,9051.861785
33144,10955.75789
33145,9142.450342
33146,9121.921596
33147,10647.76699
33148,10484.39655
33149,9250.201629
33150,9004.226093
33151,9378.988589
33152,10618.31228
33153,9283.051424
33154,9508.384686
33155,10573.77465
33156,9679.215749
33157,9081.979856
33158,11038.54093
33159,10964.35785
33160,10825.23738
33161,9546.642143
33162,8993.810004
33163,10563.63753
33164,9638.007467
33165,11012.8638
33166,9638.347803
33167,10835.7588
33168,9152.538803
33169,9770.565243
33170,9022.719602
33171,10926.13334
33172,10908.20912
33173,10777.96203
33174,10694.45881
33175,10751.44485
33176,10705.52214
33177,9239.359902
33178,10433.09676
33179,9414.465129
33180,10883.08399
33181,9504.836685
33182,9108.037033
33183,9371.750518
33184,5948.803215
33185,5557.394041
33186,6082.426523
33187,5563.622325
33188,6177.345577
33189,6170.191286
33190,6092.015476
33191,5806.874539
33192,5947.187174
33193,5878.613092
33194,6253.937045
33195,5887.520078
33196,5644.587079
33197,6090.804044
33198,6004.481696
33199,6168.618682
33200,5564.211896
33201,6238.481933
33202,5720.246264
33203,6247.665463
33204,6324.621423
33205,6013.510462
33206,6247.189485
33207,5711.021636
33208,5486.391766
33209,6100.968464
33210,5484.986156
33211,6024.375329
33212,6160.438444
33213,5887.643745
33214,5788.635374
33215,5936.457362
33216,5951.117872
33217,5880.809434
33218,5634.029896
33219,5725.686402
33220,5799.354652
33221,5641.593627
33222,5945.740532
33223,5876.157203
33224,5866.926933
33225,9758.566465
33226,9742.558584
33227,7763.071923
33228,9770.786695
33229,7776.471014
33230,9732.250851
33231,9755.735693
33232,9782.846535
33233,7791.164513
33234,9703.029239
33235,9725.144315
33236,7748.615932
33237,7722.328052
33238,9745.638318
33239,7735.425231
33240,9718.329763
33241,7826.204287
33242,7707.27335
33243,9757.347992
33244,9671.351181
33245,7696.240718
33246,7757.921319
33247,7743.39756
33248,9687.144714
33249,7730.216021
33250,7795.223012
33251,9718.291108
33252,9732.620671
33253,7776.669073
33254,7810.86926
33255,9708.532452
33256,7762.266522
33257,7764.892526
33258,7741.497851
33259,7705.223887
33260,7779.767732
33261,7750.788703
33262,9741.096764
33263,7718.324065
33264,9768.769511
33265,9705.413895
33266,10627.31298
33267,8403.457705
33268,10474.19077
33269,10879.39974
33270,9369.42879
33271,10495.69067
33272,8382.9823
33273,9176.047238
33274,8642.659305
33275,10071.23797
33276,8448.94618
33277,10649.19152
33278,9403.121447
33279,10263.51537
33280,10841.62818
33281,9414.657018
33282,10664.54254
33283,8598.769377
33284,10303.6676
33285,10089.57888
33286,10045.82875
33287,10282.47438
33288,8790.497774
33289,10434.48464
33290,10456.3393
33291,10687.63049
33292,10818.50574
33293,8833.255094
33294,8982.967018
33295,9027.135271
33296,8392.75153
33297,8421.025994
33298,10880.37766
33299,9021.809643
33300,8832.086899
33301,8441.61467
33302,8447.899055
33303,8640.070151
33304,9221.153155
33305,9212.110587
33306,10240.41222
33307,6838.827087
33308,5821.662814
33309,6839.096963
33310,6329.494038
33311,6079.458201
33312,6585.852771
33313,6838.805933
33314,5570.630336
33315,6313.196035
33316,6583.873781
33317,6061.243707
33318,6061.254307
33319,6332.520195
33320,6565.915269
33321,6333.701675
33322,7071.057283
33323,7091.62864
33324,6075.269258
33325,6838.760935
33326,6313.565139
33327,6836.661185
33328,6586.122301
33329,6565.492516
33330,7070.90274
33331,5589.943791
33332,6857.127155
33333,6585.298084
33334,6065.749231
33335,6331.318145
33336,6094.51835
33337,6077.21791
33338,6601.486415
33339,6836.088958
33340,6855.337622
33341,6818.344675
33342,5568.967771
33343,6818.142198
33344,6347.788386
33345,5841.890585
33346,5823.525133
33347,5881.707134
33348,5856.173074
33349,5154.455853
33350,5199.284966
33351,5145.80302
33352,5240.206771
33353,5873.290754
33354,5212.413599
33355,5841.455455
33356,5841.405374
33357,5863.703433
33358,5160.381187
33359,5850.063368
33360,5170.829866
33361,5807.528416
33362,5854.860609
33363,5184.491484
33364,5848.883685
33365,5876.963097
33366,5881.726536
33367,5164.803611
33368,5869.643054
33369,5835.718683
33370,5158.007035
33371,5864.125278
33372,5821.403175
33373,5816.385457
33374,5175.385231
33375,5198.984525
33376,5208.618879
33377,5151.293573
33378,5868.270277
33379,5214.452713
33380,5145.690655
33381,5164.731566
33382,5186.666554
33383,5193.066676
33384,5224.544154
33385,0
33386,0
33387,0
33388,0
33389,0
33390,0
33391,0
33392,0
33393,0
33394,0
33395,0
33396,0
33397,0
33398,0
33399,0
33400,0
33401,0
33402,0
33403,0
33404,0
33405,0
33406,0
33407,0
33408,0
33409,0
33410,0
33411,0
33412,0
33413,0
33414,0
33415,0
33416,0
33417,0
33418,0
33419,0
33420,0
33421,0
33422,0
33423,0
33424,0
33425,0
33426,0
33427,0
33428,0
33429,0
33430,0
33431,0
33432,0
33433,0
33434,0
33435,0
33436,0
33437,0
33438,0
33439,0
33440,0
33441,0
33442,0
33443,0
33444,0
33445,0
33446,0
33447,0
33448,0
33449,0
33450,0
33451,0
33452,0
33453,0
33454,0
33455,0
33456,0
33457,0
33458,0
33459,0
33460,0
33461,0
33462,0
33463,0
33464,0
33465,0
33466,0
33467,0
33468,0
33469,0
33470,0
33471,0
33472,0
33473,0
33474,0
33475,0
33476,5832.881087
33477,0
33478,0
33479,0
33480,0
33481,0
33482,0
33483,0
33484,0
33485,0
33486,0
33487,0
33488,0
33489,0
33490,0
33491,0
33492,0
33493,0
33494,0
33495,0
33496,0
33497,0
33498,0
33499,0
33500,0
33501,0
33502,0
33503,0
33504,0
33505,0
33506,0
33507,0
33508,0
33509,0
33510,0
33511,0
33512,0
33513,0
33514,0
33515,0
33516,0
33517,0
33518,0
33519,0
33520,0
33521,0
33522,0
33523,0
33524,0
33525,0
33526,0
33527,0
33528,0
33529,0
33530,0
33531,0
33532,0
33533,0
33534,0
33535,0
33536,0
33537,0
33538,0
33539,0
33540,0
33541,0
33542,0
33543,0
33544,5177.166499
33545,0
33546,0
33547,0
33548,0
33549,0
33550,0
33551,0
33552,0
33553,0
33554,0
33555,0
33556,0
33557,0
33558,0
33559,0
33560,0
33561,0
33562,0
33563,0
33564,0
33565,0
33566,0
33567,0
33568,0
33569,0
33570,0
33571,0
33572,0
33573,0
33574,0
33575,0
33576,0
33577,0
33578,0
33579,0
33580,0
33581,0
33582,0
33583,0
33584,0
33585,5178.370225
33586,5709.156282
33587,0
33588,0
33589,0
33590,0
33591,0
33592,0
33593,0
33594,6290.920988
33595,0
33596,0
33597,0
33598,0
33599,0
33600,0
33601,0
33602,0
33603,0
33604,0
33605,0
33606,0
33607,0
33608,0
33609,0
33610,0
33611,0
33612,0
33613,6429.601503
33614,0
33615,0
33616,0
33617,0
33618,0
33619,0
33620,0
33621,0
33622,0
33623,7114.171466
33624,0
33625,0
33626,0
33627,0
33628,0
33629,0
33630,0
33631,0
33632,0
33633,0
33634,0
33635,0
33636,0
33637,0
33638,0
33639,0
33640,0
33641,7667.545172
33642,0
33643,0
33644,0
33645,0
33646,0
33647,0
33648,0
33649,0
33650,0
33651,0
33652,0
33653,0
33654,0
33655,0
33656,0
33657,0
33658,7662.307635
33659,0
33660,0
33661,0
33662,0
33663,0
33664,0
33665,0
33666,0
33667,0
33668,0
33669,0
33670,0
33671,0
33672,0
33673,0
33674,0
33675,0
33676,0
33677,0
33678,0
33679,0
33680,0
33681,0
33682,0
33683,0
33684,0
33685,0
33686,0
33687,0
33688,0
33689,0
33690,0
33691,0
33692,0
33693,0
33694,0
33695,0
33696,0
33697,0
33698,0
33699,0
33700,0
33701,0
33702,0
33703,0
33704,0
33705,0
33706,0
33707,0
33708,0
33709,0
33710,0
33711,0
33712,0
33713,0
33714,0
33715,0
33716,0
33717,0
33718,0
33719,0
33720,6384.030727
33721,0
33722,0
33723,0
33724,0
33725,0
33726,0
33727,0
33728,0
33729,0
33730,0
33731,0
33732,0
33733,0
33734,7583.13066
33735,0
33736,0
33737,0
33738,0
33739,0
33740,0
33741,0
33742,0
33743,0
33744,0
33745,0
33746,0
33747,0
33748,0
33749,0
33750,0
33751,0
33752,0
33753,0
33754,0
33755,0
33756,0
33757,0
33758,0
33759,0
33760,0
33761,0
33762,0
33763,0
33764,0
33765,0
33766,0
33767,0
33768,0
33769,0
33770,0
33771,0
33772,0
33773,0
33774,0
33775,0
33776,0
33777,5713.705043
33778,0
33779,0
33780,0
33781,0
33782,0
33783,0
33784,0
33785,0
33786,0
33787,7166.838672
33788,0
33789,0
33790,0
33791,7167.686125
33792,0
33793,0
33794,0
33795,0
33796,0
33797,0
33798,0
33799,0
33800,0
33801,0
33802,0
33803,0
33804,0
33805,0
33806,0
33807,0
33808,0
33809,0
33810,0
33811,0
33812,0
33813,0
33814,0
33815,0
33816,0
33817,0
33818,7575.080691
33819,0
33820,0
33821,0
33822,0
33823,0
33824,0
33825,0
33826,0
33827,0
33828,0
33829,0
33830,0
33831,0
33832,5732.564538
33833,0
33834,0
33835,0
33836,0
33837,0
33838,0
33839,0
33840,0
33841,0
33842,0
33843,0
33844,0
33845,0
33846,0
33847,0
33848,0
33849,0
33850,0
33851,0
33852,0
33853,0
33854,0
33855,0
33856,0
33857,0
33858,0
33859,0
33860,0
33861,0
33862,0
33863,0
33864,0
33865,0
33866,0
33867,0
33868,0
33869,0
33870,0
33871,0
33872,0
33873,0
33874,0
33875,0
33876,0
33877,0
33878,0
33879,0
33880,0
33881,0
33882,0
33883,0
33884,0
33885,0
33886,0
33887,0
33888,0
33889,0
33890,0
33891,0
33892,0
33893,0
33894,0
33895,0
33896,0
33897,0
33898,0
33899,0
33900,0
33901,0
33902,0
33903,0
33904,0
33905,0
33906,0
33907,7387.957939
33908,0
33909,0
33910,0
33911,0
33912,0
33913,0
33914,0
33915,0
33916,0
33917,0
33918,0
33919,0
33920,0
33921,0
33922,0
33923,0
33924,0
33925,0
33926,0
33927,0
33928,0
33929,0
33930,0
33931,0
33932,0
33933,0
33934,0
33935,0
33936,0
33937,0
33938,0
33939,0
33940,0
33941,0
33942,0
33943,0
33944,0
33945,0
33946,0
33947,0
33948,0
33949,0
33950,0
33951,5755.103385
33952,7304.473954
33953,0
33954,0
33955,0
33956,0
33957,0
33958,0
33959,0
33960,0
33961,0
33962,0
33963,0
33964,0
33965,0
33966,0
33967,0
33968,0
33969,0
33970,0
33971,0
33972,0
33973,0
33974,0
33975,0
33976,0
33977,0
33978,0
33979,0
33980,6118.924747
33981,0
33982,0
33983,0
33984,0
33985,0
33986,0
33987,0
33988,0
33989,0
33990,0
33991,0
33992,0
33993,0
33994,0
33995,0
33996,0
33997,0
33998,0
33999,0
34000,0
34001,0
34002,0
34003,0
34004,0
34005,0
34006,0
34007,0
34008,0
34009,0
34010,0
34011,0
34012,0
34013,0
34014,0
34015,0
34016,0
34017,0
34018,0
34019,0
34020,0
34021,0
34022,0
34023,0
34024,0
34025,0
34026,0
34027,0
34028,0
34029,0
34030,0
34031,0
34032,0
34033,0
34034,0
34035,0
34036,0
34037,0
34038,0
34039,0
34040,0
34041,0
34042,0
34043,0
34044,0
34045,0
34046,0
34047,0
34048,0
34049,0
34050,7525.257772
34051,0
34052,0
34053,0
34054,7280.256389
34055,0
34056,0
34057,0
34058,0
34059,0
34060,0
34061,0
34062,0
34063,0
34064,0
34065,0
34066,0
34067,0
34068,0
34069,0
34070,0
34071,0
34072,0
34073,0
34074,0
34075,0
34076,0
34077,0
34078,0
34079,0
34080,0
34081,0
34082,0
34083,0
34084,0
34085,0
34086,0
34087,0
34088,0
34089,0
34090,0
34091,0
34092,0
34093,0
34094,0
34095,0
34096,0
34097,0
34098,0
34099,0
34100,0
34101,0
34102,0
34103,0
34104,0
34105,5705.180804
34106,0
34107,0
34108,0
34109,0
34110,0
34111,0
34112,0
34113,0
34114,0
34115,0
34116,0
34117,0
34118,0
34119,0
34120,5846.558951
34121,0
34122,0
34123,0
34124,0
34125,0
34126,0
34127,0
34128,0
34129,0
34130,0
34131,0
34132,0
34133,0
34134,0
34135,0
34136,0
34137,0
34138,0
34139,0
34140,0
34141,0
34142,0
34143,0
34144,0
34145,0
34146,0
34147,0
34148,0
34149,0
34150,0
34151,0
34152,0
34153,0
34154,0
34155,0
34156,0
34157,0
34158,0
34159,0
34160,0
34161,0
34162,0
34163,0
34164,0
34165,0
34166,0
34167,0
34168,0
34169,0
34170,0
34171,0
34172,0
34173,0
34174,0
34175,0
34176,0
34177,0
34178,0
34179,0
34180,0
34181,0
34182,0
34183,0
34184,6248.244679
34185,0
34186,0
34187,0
34188,0
34189,0
34190,0
34191,0
34192,0
34193,0
34194,0
34195,0
34196,0
34197,0
34198,0
34199,0
34200,0
34201,0
34202,0
34203,0
34204,0
34205,0
34206,0
34207,0
34208,0
34209,0
34210,0
34211,0
34212,0
34213,0
34214,0
34215,0
34216,0
34217,0
34218,0
34219,0
34220,0
34221,0
34222,0
34223,0
34224,0
34225,7553.418107
34226,6291.41363
34227,0
34228,0
34229,0
34230,0
34231,0
34232,0
34233,0
34234,0
34235,0
34236,0
34237,0
34238,0
34239,0
34240,0
34241,5720.858296
34242,7250.779804
34243,5845.060189
34244,7445.848093
34245,7307.139453
34246,6152.667452
34247,7440.605918
34248,7689.949749
34249,0
34250,6428.934926
34251,7416.831056
34252,6113.485885
34253,5875.896542
34254,5981.651889
34255,5979.687355
34256,7718.627196
34257,6013.984109
34258,5738.730591
34259,5592.473089
34260,5966.887382
34261,5953.421632
34262,6498.495923
34263,5414.205958
34264,0
34265,6669.353921
34266,5414.112912
34267,5958.591973
34268,5602.859144
34269,6676.179509
34270,6670.95895
34271,4552.053504
34272,4878.346239
34273,6312.126494
34274,4554.907178
34275,6333.873348
34276,6319.468884
34277,5977.961934
34278,6671.252576
34279,5423.171979
34280,6501.319
34281,5243.036766
34282,5236.580284
34283,6139.315655
34284,4882.881633
34285,6145.997212
34286,4541.952815
34287,4546.524687
34288,4545.375743
34289,4883.605021
34290,6491.083025
34291,6132.75148
34292,5059.555197
34293,5234.913723
34294,5063.009272
34295,5056.296819
34296,6324.162941
34297,5593.617084
34298,6156.019614
34299,6562.88864
34300,6502.450173
34301,5679.797204
34302,5661.36134
34303,5815.371765
34304,5696.22998
34305,5781.709733
34306,5822.854712
34307,6617.124721
34308,5700.550598
34309,6465.634813
34310,5717.238502
34311,6465.214978
34312,6578.004282
34313,6447.261095
34314,6389.166456
34315,6541.916964
34316,5952.305288
34317,5969.887508
34318,6486.48468
34319,5950.212286
34320,5735.438704
34321,6405.767169
34322,5832.570192
34323,5946.727909
34324,6394.031294
34325,6427.559978
34326,5957.204446
34327,5775.244423
34328,6539.769074
34329,6524.980688
34330,5793.387703
34331,5657.723709
34332,5965.598123
34333,6538.572725
34334,5754.9862
34335,6427.636211
34336,6503.566282
34337,5740.764496
34338,6389.127129
34339,7445.502496
34340,7134.576924
34341,7488.449956
34342,7897.899915
34343,7217.793475
34344,6973.216469
34345,7273.58982
34346,7051.693144
34347,7187.972939
34348,7434.223336
34349,8117.227909
34350,0
34351,7468.884803
34352,7359.566631
34353,8171.29533
34354,7981.10559
34355,6889.193199
34356,7001.615836
34357,7085.183898
34358,7837.732603
34359,8226.113676
34360,7826.570401
34361,8142.140891
34362,8064.091439
34363,7432.049165
34364,8004.730929
34365,7456.257547
34366,7170.295548
34367,7386.176905
34368,7921.448182
34369,7729.727495
34370,7256.859871
34371,7471.278136
34372,8032.517233
34373,7344.360151
34374,7301.634258
34375,8057.336498
34376,7814.168607
34377,7971.767801
34378,7862.42007
34379,7947.511765
34380,8087.872658
34381,4407.157776
34382,4143.043749
34383,3908.130256
34384,3889.277367
34385,4283.053629
34386,3885.608815
34387,4434.114096
34388,3880.034482
34389,4274.62756
34390,5348.931612
34391,4936.763966
34392,4300.300646
34393,4017.966907
34394,5222.146342
34395,5081.764835
34396,4965.070534
34397,4946.867693
34398,4415.807717
34399,4567.39747
34400,4012.32452
34401,5354.541436
34402,5216.008735
34403,3900.16345
34404,5088.987688
34405,0
34406,5480.237767
34407,5071.345999
34408,5467.845506
34409,5206.035727
34410,5098.502995
34411,5340.095089
34412,3895.606368
34413,4166.464376
34414,4548.608337
34415,4033.015229
34416,3882.214376
34417,5473.027891
34418,5486.18541
34419,4540.465357
34420,4150.436457
34421,5361.392716
34422,5230.64955
34423,6751.875603
34424,7316.801876
34425,6851.593139
34426,6704.751629
34427,6998.618527
34428,7267.842241
34429,7634.128432
34430,6956.913168
34431,7388.343742
34432,7160.119156
34433,7536.708659
34434,7170.457789
34435,7684.509486
34436,7189.549904
34437,7041.89164
34438,7439.46158
34439,6806.913522
34440,7485.634882
34441,7106.885802
34442,7315.169865
34443,7366.526652
34444,7586.391023
34445,7197.093381
34446,7733.187228
34447,6657.306108
34448,6899.822639
34449,7293.918231
34450,7831.782509
34451,6958.158053
34452,7048.285162
34453,7308.457798
34454,6604.474743
34455,7144.349409
34456,7337.448317
34457,7146.034127
34458,7292.167155
34459,6508.422543
34460,7129.48255
34461,7456.979339
34462,7012.071203
34463,7218.920025
34464,8170.226759
34465,6768.19296
34466,6782.077272
34467,6906.295278
34468,6888.253271
34469,6781.249446
34470,6795.097735
34471,6786.660412
34472,6854.553369
34473,8031.529855
34474,8003.439778
34475,6741.758338
34476,8126.394683
34477,6882.182681
34478,8047.430703
34479,6755.322214
34480,6810.100817
34481,7989.649762
34482,8029.252949
34483,8138.232255
34484,6870.868886
34485,6708.336133
34486,6924.353184
34487,8122.146757
34488,8106.018199
34489,6722.438287
34490,6826.260596
34491,6813.566655
34492,8076.500647
34493,6796.708673
34494,8062.404837
34495,7974.762101
34496,6941.827761
34497,6780.595941
34498,6830.747396
34499,8154.064862
34500,8016.444298
34501,8155.425569
34502,8218.232309
34503,8140.973647
34504,8111.337047
34505,7389.621234
34506,5592.202805
34507,5909.055333
34508,5876.027499
34509,5472.360943
34510,5599.181008
34511,5724.194904
34512,7328.425678
34513,5573.381503
34514,6310.402215
34515,7233.676057
34516,7445.620473
34517,5663.4756
34518,7543.921666
34519,7294.032181
34520,6064.95622
34521,5753.667606
34522,0
34523,7261.509524
34524,5653.330676
34525,5994.748574
34526,6465.274906
34527,6183.514334
34528,6220.722338
34529,7076.836803
34530,5840.385897
34531,7140.835268
34532,7481.619817
34533,6950.138268
34534,6794.344163
34535,6375.650259
34536,7415.942139
34537,7696.288964
34538,5533.187868
34539,7106.094372
34540,7305.949368
34541,5686.558306
34542,6029.162695
34543,7020.501245
34544,6986.085197
34545,7174.739282
34546,5423.080531
34547,7342.341391
34548,7188.47943
34549,7423.043732
34550,7301.071979
34551,9032.337996
34552,7340.295189
34553,8990.946039
34554,7297.64476
34555,7211.15209
34556,8946.133924
34557,7273.716981
34558,7253.839515
34559,9075.031374
34560,7198.871149
34561,7430.939919
34562,9034.331182
34563,7215.885817
34564,7186.566179
34565,8986.436964
34566,7432.163625
34567,7190.281354
34568,9075.992378
34569,9012.818744
34570,7380.869517
34571,9026.953112
34572,8924.577776
34573,7316.559731
34574,8944.371031
34575,8989.573309
34576,9056.595833
34577,7262.54432
34578,7223.92651
34579,8968.640591
34580,8900.588652
34581,8900.768156
34582,7387.40749
34583,8946.757754
34584,9091.202941
34585,7386.748276
34586,8881.260082
34587,7231.67625
34588,5536.746071
34589,5477.890823
34590,5586.017768
34591,6338.516266
34592,6562.275848
34593,5310.192027
34594,5879.556409
34595,6450.305162
34596,5422.808867
34597,5492.077163
34598,6345.211203
34599,5338.368455
34600,5292.41693
34601,6299.527006
34602,5765.987286
34603,5370.019454
34604,5804.398122
34605,5258.96894
34606,6384.06688
34607,5694.780811
34608,6411.476155
34609,6567.442231
34610,6115.918505
34611,6457.443997
34612,6514.405555
34613,6493.015638
34614,5261.82291
34615,5269.38139
34616,5605.051624
34617,6273.197849
34618,6160.513035
34619,5313.537619
34620,5832.675089
34621,6523.460956
34622,5380.20525
34623,6187.981818
34624,5718.778694
34625,5651.422456
34626,6231.091076
34627,6077.210368
34628,6227.075384
34629,6702.289131
34630,6542.823477
34631,6741.084749
34632,7373.092769
34633,6636.607579
34634,6416.80284
34635,7412.785682
34636,7452.323406
34637,7349.984846
34638,6780.688789
34639,6597.127379
34640,7388.190411
34641,7771.823963
34642,6626.312936
34643,7847.026257
34644,7691.695834
34645,6457.47154
34646,6663.818097
34647,6676.612846
34648,7491.755337
34649,6588.148554
34650,6664.166011
34651,6831.222613
34652,7466.316914
34653,6499.561981
34654,6586.692415
34655,6717.022947
34656,7426.771178
34657,7228.062665
34658,7809.756543
34659,6842.935123
34660,7568.212819
34661,6775.989648
34662,6823.485694
34663,6630.501674
34664,7608.797216
34665,7732.583333
34666,6785.006619
34667,7647.970741
34668,7526.162046
34669,7311.587167
34670,3883.692722
34671,3168.326298
34672,4063.97971
34673,4218.19725
34674,3963.917387
34675,4262.188828
34676,3872.498448
34677,3152.743083
34678,3190.932243
34679,4153.708917
34680,3465.977668
34681,4128.43345
34682,3282.269703
34683,4038.127902
34684,4191.385777
34685,3648.725658
34686,3153.097919
34687,3191.512635
34688,3781.027452
34689,3244.773168
34690,3244.013083
34691,3944.470854
34692,3374.051936
34693,3947.374069
34694,3793.539052
34695,4122.279604
34696,3151.474932
34697,3738.821401
34698,4623.372812
34699,4445.029671
34700,4534.859656
34701,3973.905036
34702,4354.020178
34703,3248.953831
34704,4447.694532
34705,4627.832861
34706,4055.025431
34707,3257.906574
34708,3557.667677
34709,3241.853795
34710,3158.508255
34711,4538.118816
34712,3853.945531
34713,3283.078926
34714,4356.741417
34715,4033.945267
34716,4265.57042
34717,4145.564916
34718,7058.708593
34719,8049.489669
34720,7063.534521
34721,7306.410926
34722,6947.84079
34723,8541.847821
34724,8781.967201
34725,7194.757509
34726,6814.012034
34727,6546.406157
34728,8296.910429
34729,7428.099938
34730,8184.013615
34731,7181.719756
34732,7318.03072
34733,6536.529625
34734,8141.801208
34735,6942.226424
34736,8289.202157
34737,6936.122936
34738,8385.769332
34739,6824.802901
34740,8663.689477
34741,8427.845313
34742,8061.207461
34743,6480.047156
34744,6599.252853
34745,8419.79545
34746,8411.475183
34747,7184.900358
34748,6665.065402
34749,8655.619024
34750,8166.984024
34751,8263.773466
34752,7071.253448
34753,6424.440457
34754,8173.362252
34755,8306.24633
34756,6492.603952
34757,8533.643843
34758,0
34759,7304.989293
34760,5920.14351
34761,7686.049737
34762,7572.877056
34763,6291.205905
34764,5907.576859
34765,7358.670652
34766,6521.852222
34767,6360.815854
34768,7222.314972
34769,6176.07028
34770,7454.376916
34771,7682.493799
34772,7345.042959
34773,7585.093547
34774,5947.525738
34775,7539.638577
34776,7243.696363
34777,6028.066243
34778,7569.100114
34779,6406.608333
34780,6247.235656
34781,5958.163505
34782,6141.550889
34783,6061.483939
34784,7654.42109
34785,5914.663592
34786,7192.648442
34787,6255.287243
34788,6475.42786
34789,5929.099223
34790,6385.464744
34791,6134.745589
34792,7308.371963
34793,6023.135453
34794,7338.604002
34795,7472.500657
34796,7459.248067
34797,6499.943071
34798,5912.024595
34799,7654.232783
34800,7424.225934
34801,6160.970235
34802,6855.741095
34803,6408.578606
34804,5874.040489
34805,5518.715169
34806,5272.697169
34807,5080.553988
34808,5123.400942
34809,5573.39856
34810,5815.547145
34811,6835.01477
34812,6605.287255
34813,6239.924781
34814,5524.286552
34815,6387.894707
34816,5818.387104
34817,6257.573608
34818,6458.417893
34819,6437.642376
34820,6310.28023
34821,5379.047166
34822,5723.986909
34823,6586.52683
34824,5422.80645
34825,5962.211232
34826,5137.699035
34827,5066.975478
34828,6708.053229
34829,5669.658086
34830,6288.931476
34831,5068.764206
34832,6558.913039
34833,6694.833369
34834,6685.781768
34835,6735.457847
34836,5369.770045
34837,5668.316968
34838,5080.858709
34839,5968.612766
34840,6536.626025
34841,5090.182073
34842,7357.474093
34843,6542.41663
34844,7209.81273
34845,7266.287064
34846,7321.59498
34847,6304.31646
34848,7300.21228
34849,7091.143577
34850,7233.957445
34851,6422.161438
34852,6422.45731
34853,6451.25821
34854,6439.316628
34855,7383.905448
34856,7293.873397
34857,6481.451528
34858,7221.073003
34859,6512.103015
34860,6329.366071
34861,6394.433213
34862,7329.543708
34863,6432.449642
34864,7182.244682
34865,7279.238517
34866,7122.315526
34867,6339.303271
34868,6303.18731
34869,6379.368936
34870,6382.103027
34871,7152.950221
34872,7238.720482
34873,6355.186469
34874,6405.520966
34875,7192.064939
34876,6445.813639
34877,6460.448158
34878,6332.96127
34879,6471.273266
34880,7307.674128
34881,6410.210638
34882,7250.282148
34883,6816.324282
34884,8030.756084
34885,6925.57752
34886,8030.576876
34887,6844.956913
34888,8133.932119
34889,6950.37141
34890,8111.784195
34891,8051.124833
34892,6862.237377
34893,6907.535853
34894,6920.021166
34895,8135.179241
34896,6906.53647
34897,8047.489144
34898,6876.417328
34899,6970.254304
34900,6875.490215
34901,8091.795386
34902,6938.953606
34903,8001.781573
34904,8077.469524
34905,8049.002673
34906,6807.631349
34907,8085.000588
34908,8106.214559
34909,6937.642818
34910,8019.453615
34911,6834.750221
34912,6890.595196
34913,6845.961597
34914,6922.298434
34915,8061.326626
34916,8058.156652
34917,6950.681184
34918,6786.661664
34919,8121.879545
34920,8077.956778
34921,6947.237768
34922,6815.31016
34923,8106.54617
34924,8803.884673
34925,8534.609046
34926,9244.846539
34927,9181.195411
34928,8938.298276
34929,8512.637943
34930,10357.48713
34931,9826.698036
34932,8892.186214
34933,9840.431245
34934,10412.11794
34935,10207.55917
34936,9769.95236
34937,10069.28717
34938,10213.49435
34939,10317.05005
34940,8480.486811
34941,8567.736441
34942,8748.733816
34943,0
34944,8605.862685
34945,9036.364908
34946,8463.284348
34947,10308.994
34948,8793.322851
34949,8657.714368
34950,9915.928093
34951,0
34952,9924.718642
34953,8649.09992
34954,9974.841804
34955,10174.15508
34956,9986.498063
34957,9230.374249
34958,8549.39767
34959,10352.39753
34960,8950.881876
34961,10268.13001
34962,9098.116205
34963,10061.96901
34964,8505.410846
34965,10122.25073
34966,9084.063309
34967,5595.333226
34968,6662.020419
34969,5749.446969
34970,5570.213128
34971,5832.618365
34972,5650.590641
34973,6339.815686
34974,6650.228583
34975,5410.862368
34976,6343.221624
34977,6535.623921
34978,5809.160834
34979,5651.886271
34980,5846.038612
34981,5817.731495
34982,5444.802345
34983,5828.636217
34984,6690.167724
34985,6593.546588
34986,5489.696505
34987,5519.957776
34988,6357.472799
34989,6494.717128
34990,5417.140601
34991,6572.200931
34992,5815.185561
34993,6435.301333
34994,6417.371111
34995,5671.678089
34996,6356.476186
34997,5730.908975
34998,5733.833744
34999,6514.414529
35000,5493.621762
35001,6511.574744
35002,5571.366964
35003,6456.374779
35004,6435.215464
35005,6586.940274
35006,6613.543683
35007,5811.728907
35008,5001.123739
35009,5451.506234
35010,5815.044667
35011,5681.22375
35012,5895.676754
35013,5788.509359
35014,4483.74461
35015,4931.242859
35016,5882.331503
35017,5680.679629
35018,4575.311267
35019,4822.250078
35020,5667.192158
35021,4713.247581
35022,4494.889588
35023,4574.040668
35024,4682.923628
35025,5573.958314
35026,4455.279504
35027,4680.141522
35028,5601.296547
35029,4893.689127
35030,5008.287478
35031,5878.985046
35032,5788.720502
35033,4791.075777
35034,4453.989368
35035,5039.810824
35036,5908.684968
35037,5708.606424
35038,4463.000823
35039,5493.191683
35040,4899.62039
35041,5571.746103
35042,4471.409994
35043,4604.631695
35044,5462.326875
35045,4786.67051
35046,5774.918505
35047,5559.306305
35048,5787.63116
35049,6903.915884
35050,6878.643452
35051,6826.925969
35052,6775.250289
35053,5766.706659
35054,6758.165669
35055,5743.743579
35056,5865.180356
35057,6860.109869
35058,6809.192132
35059,6924.953138
35060,6876.166777
35061,6962.347172
35062,6826.854233
35063,5945.984025
35064,5839.635037
35065,6809.591914
35066,6723.750432
35067,5892.513884
35068,5947.530495
35069,6911.085584
35070,5793.523274
35071,5915.42284
35072,6725.194136
35073,6023.613026
35074,5966.606662
35075,5999.595072
35076,6852.518192
35077,6800.148856
35078,5969.231046
35079,5956.901754
35080,6954.26855
35081,5895.406619
35082,6052.895212
35083,6776.5824
35084,5844.036149
35085,5815.736872
35086,5983.166061
35087,6000.142165
35088,5717.578624
35089,6827.281476
35090,7650.839871
35091,7651.283371
35092,7564.600943
35093,6868.401428
35094,7607.758116
35095,6825.547947
35096,6852.161252
35097,7548.587986
35098,6846.867926
35099,7527.715961
35100,6830.554379
35101,7690.770293
35102,7590.681912
35103,7631.215945
35104,6731.661649
35105,6785.382743
35106,7629.873283
35107,7506.449861
35108,7606.225064
35109,7569.422325
35110,7507.194872
35111,6925.734031
35112,6860.939473
35113,6889.949963
35114,7609.26406
35115,7629.346278
35116,6853.474879
35117,6777.766193
35118,6847.531404
35119,7670.966459
35120,6802.30276
35121,6912.195493
35122,6872.516129
35123,6827.089221
35124,6806.651118
35125,6807.778232
35126,7672.138102
35127,7587.024108
35128,6754.144924
35129,6846.072306
35130,7717.318018
35131,8169.245759
35132,7596.181448
35133,7749.410057
35134,8539.330339
35135,8404.015033
35136,8454.042261
35137,7741.332569
35138,8303.44339
35139,8106.335211
35140,7705.07262
35141,8515.296362
35142,8436.178148
35143,7624.987307
35144,7685.995581
35145,8137.551126
35146,7668.323538
35147,7782.298911
35148,8280.752965
35149,8372.874263
35150,7423.256289
35151,8572.882869
35152,7392.987013
35153,8075.341335
35154,8342.272329
35155,7561.939603
35156,7516.876846
35157,7484.920432
35158,7453.773913
35159,7860.490693
35160,7631.793113
35161,7558.388595
35162,8249.582012
35163,7362.459945
35164,8545.126975
35165,8469.707299
35166,8485.147676
35167,7751.621645
35168,7822.280708
35169,7655.308553
35170,8421.564109
35171,4675.382948
35172,4049.216674
35173,4268.472514
35174,3879.853326
35175,4379.270754
35176,4858.253131
35177,4748.171854
35178,4636.410928
35179,4542.414525
35180,4955.245963
35181,4843.026128
35182,4049.190261
35183,3861.048176
35184,4789.701605
35185,4883.229265
35186,4902.531385
35187,4274.924349
35188,4730.28123
35189,4655.599428
35190,4490.98928
35191,4388.181424
35192,4523.112523
35193,4464.963762
35194,4996.512922
35195,4501.398472
35196,4769.410749
35197,4560.272422
35198,4617.176694
35199,3864.235624
35200,4158.543804
35201,4923.280986
35202,3896.627822
35203,4237.65981
35204,3870.314781
35205,4009.723366
35206,3909.805527
35207,4351.661044
35208,5013.52703
35209,4161.874187
35210,4123.513585
35211,3855.269403
35212,4663.014919
35213,3807.355279
35214,4447.371353
35215,3502.802632
35216,4433.324434
35217,4648.696337
35218,4023.307299
35219,4538.493586
35220,3485.13243
35221,4012.055758
35222,3699.481147
35223,4749.310812
35224,3479.286014
35225,4749.350243
35226,4664.739654
35227,3481.924971
35228,4325.5134
35229,3695.925447
35230,3592.450426
35231,3800.465305
35232,3914.425269
35233,4346.467689
35234,4453.860636
35235,4755.084437
35236,4021.370147
35237,4555.842944
35238,3807.928104
35239,4541.287892
35240,4560.004036
35241,3486.493223
35242,3591.969979
35243,3490.465342
35244,4644.167662
35245,4768.505534
35246,3905.839804
35247,3499.368453
35248,3915.528342
35249,4432.223622
35250,4338.383078
35251,3596.629183
35252,3702.023069
35253,8682.693509
35254,8628.407362
35255,7809.749298
35256,8482.308756
35257,8433.65022
35258,7606.227495
35259,7696.55824
35260,7912.712853
35261,8751.916555
35262,8728.842313
35263,7652.009322
35264,8532.313255
35265,8349.863013
35266,7848.851256
35267,8429.981917
35268,8273.038114
35269,8321.488169
35270,7948.217041
35271,8274.299151
35272,8272.080656
35273,8271.838981
35274,8781.751973
35275,8630.551001
35276,8651.92799
35277,7597.488672
35278,7897.274894
35279,7998.434555
35280,8289.723001
35281,8851.871632
35282,7707.398755
35283,8015.482597
35284,8334.131389
35285,7796.535494
35286,8331.140295
35287,8324.84777
35288,7750.240318
35289,8048.39834
35290,8582.918807
35291,8551.937253
35292,8528.914753
35293,8728.906513
35294,7552.920754
35295,7853.048745
35296,7742.551584
35297,7365.538057
35298,7655.385503
35299,7857.093302
35300,7306.302997
35301,7022.656043
35302,6927.822225
35303,6988.921924
35304,8077.378254
35305,7601.950305
35306,7866.908779
35307,7903.109192
35308,8010.63763
35309,7484.236054
35310,7492.170517
35311,7843.866545
35312,7993.656298
35313,7146.955094
35314,6898.953096
35315,8029.873761
35316,7179.410962
35317,7236.163435
35318,7979.33865
35319,7359.90268
35320,7301.199396
35321,7408.219032
35322,7980.83819
35323,7433.548504
35324,7283.502044
35325,7679.170747
35326,7175.771292
35327,7112.65845
35328,7617.855377
35329,7968.910914
35330,7053.206721
35331,7398.01914
35332,7214.454051
35333,7157.714487
35334,7532.044615
35335,7272.081552
35336,8068.338273
35337,7944.822721
35338,7426.924838
35339,7951.70898
35340,7884.003683
35341,7727.207658
35342,6031.234106
35343,4758.998493
35344,5539.049342
35345,6042.493727
35346,5565.197595
35347,6307.773526
35348,6315.702577
35349,5256.762366
35350,6203.38579
35351,6450.326199
35352,4730.086826
35353,5121.557341
35354,5158.759804
35355,6523.175149
35356,4991.231672
35357,6477.480543
35358,5264.418777
35359,6118.315382
35360,6580.35717
35361,6340.757169
35362,5127.456262
35363,6388.788305
35364,4762.936047
35365,6444.808814
35366,5293.431049
35367,6169.679616
35368,4740.705789
35369,5392.423999
35370,6179.690295
35371,5428.941019
35372,6613.201528
35373,5528.531011
35374,6065.931843
35375,4986.673722
35376,6253.879961
35377,4752.487458
35378,6648.928153
35379,5024.781283
35380,4776.368929
35381,5401.786545
35382,8736.266497
35383,7615.593637
35384,7556.464366
35385,8708.979679
35386,7522.656233
35387,8712.002627
35388,8739.222946
35389,7510.99005
35390,8686.85307
35391,8723.094662
35392,8733.830666
35393,8722.460044
35394,8700.026018
35395,8750.562075
35396,8753.600021
35397,7617.310867
35398,7538.494069
35399,7569.074247
35400,8778.898227
35401,7589.985814
35402,7548.195689
35403,7572.571245
35404,7601.459203
35405,8766.796491
35406,7602.288403
35407,8773.501343
35408,7576.989656
35409,7553.396529
35410,8745.635101
35411,7585.237884
35412,7578.525714
35413,8732.193908
35414,7571.37312
35415,7535.001522
35416,7567.524056
35417,7562.24696
35418,8759.419913
35419,8695.660406
35420,8734.349618
35421,7593.060977
35422,7618.068908
35423,7056.294142
35424,7071.737855
35425,6658.860242
35426,7010.724648
35427,7159.369583
35428,7214.270747
35429,6346.12055
35430,6908.209205
35431,6243.684593
35432,7112.740374
35433,7262.038711
35434,6970.856701
35435,6380.9806
35436,7274.940875
35437,6432.03796
35438,6279.467015
35439,7173.006013
35440,6554.204342
35441,6533.502557
35442,6449.755668
35443,6585.113454
35444,6558.94072
35445,6870.030374
35446,7315.449751
35447,6483.385641
35448,6736.830834
35449,7364.153023
35450,6687.528288
35451,6330.537725
35452,6635.075988
35453,6847.481177
35454,6579.228603
35455,6842.30835
35456,6918.759483
35457,6740.59902
35458,6546.361775
35459,6482.88035
35460,6490.806309
35461,6943.977198
35462,6529.828528
35463,6281.278588
35464,7736.887825
35465,7648.900617
35466,6155.73158
35467,6406.992443
35468,6496.641367
35469,7632.455525
35470,7549.789064
35471,6445.741421
35472,6339.719685
35473,6200.50865
35474,7529.278405
35475,6388.554566
35476,7500.525439
35477,6294.204931
35478,6343.97435
35479,7730.739109
35480,6251.624372
35481,7599.410029
35482,7581.151441
35483,6356.876266
35484,6204.324954
35485,7763.885239
35486,6394.640277
35487,7668.498334
35488,7717.02134
35489,6245.512106
35490,7618.450663
35491,6240.753029
35492,7640.39201
35493,7682.458993
35494,7592.02304
35495,6174.368006
35496,6299.467956
35497,6245.804722
35498,6348.076986
35499,6292.117457
35500,7649.631437
35501,7697.937341
35502,6289.828745
35503,7688.649077
35504,5523.271789
35505,4796.759255
35506,5522.445394
35507,5512.878443
35508,4743.077025
35509,5511.173298
35510,5521.483639
35511,4733.59697
35512,5511.947196
35513,5596.050525
35514,5577.454817
35515,4710.007925
35516,5512.734378
35517,4744.414834
35518,4760.268197
35519,5525.325575
35520,5510.563058
35521,5524.328843
35522,4731.79342
35523,4748.580342
35524,4710.099793
35525,5579.582409
35526,4749.779453
35527,4795.220289
35528,5594.534205
35529,5596.309202
35530,4735.606714
35531,4796.116309
35532,4740.050374
35533,4736.451547
35534,4795.918924
35535,4740.198041
35536,5591.700502
35537,4741.55415
35538,5572.971149
35539,4795.411989
35540,4811.403092
35541,4737.446006
35542,5575.177814
35543,5520.163544
35544,4797.586035
35545,3913.64937
35546,4051.087133
35547,3680.953751
35548,3781.313409
35549,3775.461675
35550,4053.86165
35551,4321.08903
35552,4191.739184
35553,3491.614931
35554,3107.796667
35555,3917.431948
35556,4187.035302
35557,3519.999786
35558,3357.163358
35559,3383.18254
35560,3476.384087
35561,2824.944645
35562,3613.375857
35563,3091.305405
35564,3925.752908
35565,3789.89343
35566,3817.216657
35567,2850.784962
35568,2959.652782
35569,2838.781145
35570,3232.829023
35571,3646.016267
35572,2819.640229
35573,2960.076243
35574,2828.389343
35575,3951.988064
35576,2970.557043
35577,4197.508687
35578,2834.290402
35579,4085.06392
35580,2851.721733
35581,3245.5525
35582,3223.728032
35583,3096.101446
35584,4190.114214
35585,4061.705123
35586,6271.779731
35587,7501.910313
35588,7524.098836
35589,7581.9266
35590,6276.044395
35591,7535.732057
35592,7578.288055
35593,6310.333738
35594,7541.973797
35595,6228.85268
35596,6320.551767
35597,6233.70381
35598,6227.514109
35599,6259.803122
35600,7540.376186
35601,6315.282383
35602,7538.975472
35603,7493.251089
35604,6241.985826
35605,7530.126413
35606,7547.169668
35607,7472.991658
35608,6300.465495
35609,7497.857126
35610,7573.528886
35611,6327.187377
35612,6277.064892
35613,6237.475173
35614,7584.327736
35615,7505.269271
35616,6306.053819
35617,6325.66324
35618,6242.481617
35619,6262.227167
35620,7544.638203
35621,6268.036401
35622,7543.7426
35623,6264.891746
35624,6302.567936
35625,7488.427845
35626,6230.842882
35627,7081.37241
35628,6268.215913
35629,6121.868055
35630,6963.026575
35631,7145.721361
35632,7148.901917
35633,6093.799696
35634,6871.387464
35635,6114.541609
35636,6213.687355
35637,6964.43978
35638,7021.851465
35639,6097.020941
35640,7019.434852
35641,6205.65601
35642,6338.117291
35643,7081.746829
35644,7079.554247
35645,7081.880925
35646,7150.534251
35647,6210.476982
35648,7026.346025
35649,7024.116102
35650,6334.487858
35651,6207.795853
35652,6198.759623
35653,6273.863476
35654,6197.363067
35655,6107.619415
35656,6271.068742
35657,6966.165216
35658,6268.909799
35659,6101.652972
35660,7076.033677
35661,6961.459346
35662,6269.716555
35663,6267.090482
35664,6968.709674
35665,6159.335385
35666,7140.852859
35667,6273.203909
35668,5630.714426
35669,5623.45837
35670,7163.560477
35671,7430.674063
35672,6341.043974
35673,7568.653046
35674,6199.8628
35675,7123.825136
35676,7405.530853
35677,6320.179472
35678,7305.124635
35679,7291.390777
35680,7445.547652
35681,5767.022248
35682,5622.476822
35683,5636.545023
35684,7420.249836
35685,6071.397025
35686,6180.30448
35687,7264.596985
35688,6058.387289
35689,7693.35907
35690,7698.257085
35691,7559.351956
35692,7546.119699
35693,6040.294015
35694,5627.252042
35695,5637.077784
35696,6041.49762
35697,7150.872904
35698,6211.998356
35699,7280.845646
35700,5900.769912
35701,5903.813079
35702,7686.043721
35703,5648.419407
35704,5776.654828
35705,5917.167674
35706,7584.549485
35707,5761.879712
35708,7021.423136
35709,9236.543194
35710,10523.0109
35711,10553.15802
35712,9032.855093
35713,10541.54037
35714,9289.039251
35715,9119.606251
35716,9166.547677
35717,10560.59334
35718,10579.6674
35719,9179.505843
35720,10660.60048
35721,9132.121847
35722,9074.490174
35723,10601.49351
35724,9217.115996
35725,9328.452581
35726,10677.21681
35727,10570.94736
35728,9249.725
35729,10622.28693
35730,10642.20738
35731,8998.872185
35732,10535.30127
35733,9198.008389
35734,9166.197677
35735,9309.033254
35736,10727.43791
35737,10742.90231
35738,8976.856832
35739,10542.6209
35740,10517.39549
35741,9161.726763
35742,10710.43106
35743,9116.957456
35744,9148.629803
35745,9102.669669
35746,9269.088458
35747,10691.84086
35748,10598.37042
35749,9114.216615
35750,7448.279755
35751,7954.64277
35752,7501.921696
35753,7975.828499
35754,7748.796525
35755,8001.378892
35756,9346.177654
35757,9399.261444
35758,9195.702681
35759,9476.196694
35760,9536.277083
35761,7470.80413
35762,8068.248345
35763,9121.125452
35764,7780.093384
35765,7840.861623
35766,7671.014393
35767,9233.202245
35768,9286.64506
35769,9646.904255
35770,7862.733269
35771,7541.475752
35772,7520.481606
35773,7727.284092
35774,9310.28286
35775,9423.988935
35776,7562.619412
35777,9459.579125
35778,7634.533704
35779,9250.246281
35780,7614.228372
35781,7890.180965
35782,9363.305953
35783,7454.481923
35784,9510.530395
35785,9137.305041
35786,9620.363084
35787,9524.847791
35788,9572.917838
35789,7407.081645
35790,7576.509226
35791,4843.073448
35792,5348.684876
35793,5253.329676
35794,4344.527406
35795,4553.846303
35796,4532.545802
35797,5051.942644
35798,5148.993212
35799,5339.288246
35800,5089.62874
35801,5431.785077
35802,5429.897652
35803,4747.535931
35804,4624.25794
35805,5444.006911
35806,4707.245751
35807,4439.20579
35808,4716.877703
35809,4378.316338
35810,4360.965019
35811,4350.82319
35812,5244.959654
35813,5239.132139
35814,5434.358574
35815,4369.082595
35816,5049.934794
35817,4631.215653
35818,4650.918164
35819,5158.220044
35820,4534.859752
35821,4359.666825
35822,4810.421816
35823,5334.528275
35824,5184.413817
35825,4803.552412
35826,5144.128326
35827,4341.282554
35828,4457.003852
35829,5277.668081
35830,5369.360348
35831,4441.514898
35832,7416.299006
35833,7876.696024
35834,9124.134175
35835,9198.571027
35836,8790.447081
35837,9418.02784
35838,7852.901682
35839,7560.790504
35840,9271.95058
35841,7429.93442
35842,7129.011486
35843,8825.20281
35844,7579.08297
35845,7706.305705
35846,9051.780336
35847,9194.561722
35848,7910.763722
35849,8058.87645
35850,7578.909338
35851,7170.442531
35852,9204.474549
35853,8757.455758
35854,8759.980481
35855,7281.661779
35856,8642.2669
35857,8612.14954
35858,7728.046176
35859,7272.515117
35860,7134.39546
35861,8908.394686
35862,8974.974077
35863,7431.594454
35864,9082.531091
35865,7138.32331
35866,7155.208399
35867,7127.190696
35868,7284.672401
35869,9056.735577
35870,8904.720019
35871,7153.678613
35872,8937.271648
35873,3531.444796
35874,4212.144067
35875,3535.588667
35876,3574.270782
35877,4021.351607
35878,4145.760783
35879,3577.236985
35880,3701.654287
35881,4063.917374
35882,3651.513283
35883,4172.495595
35884,3494.53668
35885,3454.804485
35886,4170.94816
35887,4065.48175
35888,4184.305518
35889,4106.005746
35890,4091.833216
35891,3492.692139
35892,4091.82737
35893,3619.139457
35894,3656.553655
35895,4173.310348
35896,4145.176844
35897,4132.368686
35898,3452.515953
35899,4008.992053
35900,3610.927777
35901,3660.780261
35902,4105.56979
35903,4050.340459
35904,3451.286076
35905,3492.845944
35906,4132.944555
35907,3615.467875
35908,3533.269147
35909,3507.367865
35910,3461.720117
35911,4182.97886
35912,3570.820745
35913,3469.155103
35914,2931.804965
35915,3868.253807
35916,3789.085559
35917,3965.750408
35918,3487.033609
35919,2452.763677
35920,3977.820743
35921,3214.780354
35922,3113.05295
35923,3218.281767
35924,3399.932785
35925,3407.097017
35926,3314.044412
35927,3677.79919
35928,2834.485214
35929,2736.103769
35930,3966.888582
35931,3201.392311
35932,2643.127121
35933,3598.747811
35934,2361.09655
35935,3392.438408
35936,2924.124095
35937,3777.819194
35938,3409.423991
35939,3302.869677
35940,3775.834092
35941,2548.8307
35942,2373.614827
35943,3122.953604
35944,2366.992363
35945,3026.414699
35946,2550.707667
35947,3589.497868
35948,3209.292849
35949,4058.229867
35950,2356.032048
35951,2462.917738
35952,2740.977055
35953,2362.048313
35954,3584.148777
35955,6560.267329
35956,7583.460707
35957,6395.679911
35958,7740.578238
35959,7764.743105
35960,7747.503032
35961,6564.936162
35962,7596.20024
35963,6482.696718
35964,6477.639526
35965,7684.673131
35966,6484.107523
35967,7420.757007
35968,6329.962762
35969,6400.968807
35970,6319.85245
35971,7501.744202
35972,7514.568734
35973,7658.925236
35974,7520.634944
35975,6647.58162
35976,6408.19713
35977,6643.239526
35978,7756.021818
35979,6730.079318
35980,6808.353046
35981,7755.19088
35982,6726.097334
35983,7603.226519
35984,7437.37973
35985,7676.709195
35986,6406.351848
35987,7665.509266
35988,6720.703778
35989,7822.15084
35990,6316.737746
35991,6562.198831
35992,6641.002231
35993,6328.499005
35994,6337.81364
35995,7577.339504
35996,11201.08271
35997,10637.44142
35998,11228.4224
35999,13103.4867
36000,13100.11285
36001,11206.06135
36002,10649.53721
36003,11024.57555
36004,12488.80386
36005,12350.44984
36006,11613.19996
36007,12755.71384
36008,10661.1805
36009,11003.28217
36010,12698.17534
36011,12901.3952
36012,12289.0956
36013,12515.69887
36014,12897.44413
36015,11840.60467
36016,12493.92191
36017,11409.41396
36018,11608.11782
36019,12920.29062
36020,12283.60229
36021,11636.9497
36022,13118.08352
36023,11404.1417
36024,11817.06403
36025,12553.29153
36026,10638.06811
36027,13094.2833
36028,10643.52114
36029,11812.56331
36030,12312.32651
36031,10668.03285
36032,10999.02769
36033,12693.61494
36034,11432.7237
36035,12718.35811
36036,8563.072675
36037,7003.779264
36038,7024.469961
36039,6882.135238
36040,8415.759639
36041,8589.41834
36042,6979.282587
36043,8526.529066
36044,8489.721689
36045,7053.218294
36046,7231.618222
36047,8452.636071
36048,8301.132374
36049,8341.081903
36050,6953.093112
36051,6854.890894
36052,6928.978539
36053,8465.284869
36054,6905.548952
36055,8540.236952
36056,6808.280442
36057,6850.704216
36058,7157.031358
36059,7230.576549
36060,8223.377014
36061,8312.85369
36062,8389.326321
36063,8446.575041
36064,8377.375512
36065,6831.85043
36066,7245.046693
36067,6790.262645
36068,6836.90263
36069,7154.980377
36070,8236.593947
36071,7079.218205
36072,7170.30887
36073,7096.772463
36074,8224.548127
36075,8298.940431
36076,8373.407958
36077,6354.913022
36078,7517.594989
36079,7751.511769
36080,8096.256468
36081,5692.127483
36082,7543.584678
36083,6145.947638
36084,5897.560778
36085,5756.963903
36086,7606.061494
36087,5965.85569
36088,7959.448941
36089,5794.331641
36090,7935.201561
36091,8303.682217
36092,7396.605655
36093,6725.646574
36094,6517.463074
36095,6874.639205
36096,8167.421101
36097,8102.947551
36098,7308.865195
36099,8143.444108
36100,7886.98749
36101,6175.888629
36102,7464.70686
36103,8020.428716
36104,5937.8683
36105,6807.880113
36106,5708.543647
36107,7726.503612
36108,7814.041275
36109,7676.228743
36110,6664.602471
36111,5730.609763
36112,5794.25404
36113,6386.675372
36114,6103.438506
36115,6310.030995
36116,6597.579511
36117,5761.238848
36118,5370.711903
36119,3635.591691
36120,4298.304741
36121,5520.327868
36122,5634.888396
36123,5219.312126
36124,3786.822516
36125,4973.559831
36126,3637.565623
36127,4240.037255
36128,3433.186166
36129,5570.080348
36130,5124.49119
36131,5574.870771
36132,5069.905984
36133,4918.507899
36134,3385.945039
36135,5368.152724
36136,4916.460023
36137,5425.38629
36138,5069.232636
36139,3700.01992
36140,4237.77043
36141,3466.568218
36142,3498.816203
36143,4088.828815
36144,5219.14446
36145,5068.409705
36146,3255.455799
36147,3936.616614
36148,5368.467986
36149,3786.181587
36150,5219.990748
36151,4148.140436
36152,3998.321887
36153,5275.215522
36154,3848.95855
36155,4086.986543
36156,3408.611481
36157,3937.387788
36158,3411.526574
36159,7845.334978
36160,7234.563238
36161,5822.83548
36162,7451.208926
36163,7797.668521
36164,7301.497881
36165,5869.037707
36166,5898.605623
36167,7550.759669
36168,6410.379171
36169,6558.223455
36170,6140.379679
36171,7825.224857
36172,5993.016113
36173,7697.920382
36174,5899.911316
36175,5835.385547
36176,5969.176987
36177,6467.334251
36178,7403.74894
36179,7677.832637
36180,7530.199908
36181,7747.076009
36182,6557.663728
36183,7692.546391
36184,6288.695912
36185,7542.781774
36186,7392.014772
36187,5846.483836
36188,6262.889236
36189,6166.489528
36190,5868.693135
36191,6617.783057
36192,7240.872978
36193,7599.797433
36194,7382.390314
36195,6115.829306
36196,6407.886182
36197,6017.179964
36198,7840.92396
36199,6316.703838
36200,8418.31659
36201,9883.981318
36202,8453.030101
36203,8291.249004
36204,9972.861661
36205,8331.272753
36206,8211.278711
36207,8373.608208
36208,8358.930544
36209,8302.781295
36210,10031.2807
36211,10002.07347
36212,9943.650036
36213,9887.571799
36214,8237.895323
36215,8449.186129
36216,8263.764079
36217,10055.84387
36218,10090.23281
36219,10059.35272
36220,8330.556601
36221,9943.375599
36222,8409.93085
36223,10023.38661
36224,9913.261966
36225,9973.84345
36226,10147.56945
36227,10004.19114
36228,8421.308036
36229,10119.69979
36230,8484.738858
36231,10087.97511
36232,8360.179796
36233,8450.297935
36234,8390.220579
36235,8185.290667
36236,8388.125717
36237,10118.96957
36238,10148.3219
36239,8319.933112
36240,8237.260813
36241,5692.49075
36242,5754.711274
36243,6984.85939
36244,6916.181662
36245,5729.885958
36246,5753.718924
36247,5753.611865
36248,5732.487903
36249,6915.651673
36250,6986.67779
36251,5714.982206
36252,5757.038595
36253,5740.833119
36254,6916.425805
36255,6976.597507
36256,5723.238903
36257,5755.162597
36258,6988.250555
36259,6976.513462
36260,6944.915833
36261,6974.885954
36262,6944.577787
36263,5728.647577
36264,5708.07083
36265,5710.042517
36266,5753.91478
36267,6972.29735
36268,6914.363992
36269,5707.031166
36270,6989.478642
36271,5701.91826
36272,6977.21429
36273,6915.909299
36274,5712.439625
36275,5691.842889
36276,6944.710254
36277,5754.015684
36278,6944.69386
36279,5736.29978
36280,5745.462079
36281,6944.434355
36282,7817.744104
36283,8099.453407
36284,8051.320166
36285,8828.390136
36286,8044.832814
36287,7829.718083
36288,7915.362015
36289,8732.507116
36290,7872.358511
36291,7958.567518
36292,8001.742963
36293,8048.306529
36294,8034.442975
36295,8870.191688
36296,7966.053922
36297,8909.772054
36298,8051.808788
36299,8825.601879
36300,8782.925281
36301,7881.633084
36302,8008.565493
36303,8773.646033
36304,7923.785661
36305,7904.106128
36306,8814.534559
36307,8877.47792
36308,8911.841541
36309,7994.273489
36310,8867.891629
36311,8833.984305
36312,8743.423854
36313,7948.926033
36314,8920.387902
36315,8094.388285
36316,7860.294875
36317,8039.56856
36318,8734.558066
36319,8897.235673
36320,8786.189117
36321,8962.714926
36322,8855.584509
36323,4612.278248
36324,5776.906552
36325,4440.629657
36326,5775.933365
36327,4701.286205
36328,4563.592397
36329,5820.680304
36330,4790.072317
36331,5674.190645
36332,4313.878365
36333,4650.295278
36334,5820.034366
36335,4667.199793
36336,4477.733003
36337,4329.080472
36338,5645.703876
36339,5690.523807
36340,5730.745021
36341,5641.149419
36342,4564.690435
36343,4742.532893
36344,4475.629234
36345,5604.090757
36346,4830.478597
36347,4350.124321
36348,5733.366013
36349,4580.85788
36350,5517.685133
36351,4523.768551
36352,4392.647744
36353,5861.193225
36354,5471.321075
36355,4411.924097
36356,5994.525353
36357,5908.14719
36358,4495.754923
36359,5558.171076
36360,5689.090762
36361,5600.972678
36362,4246.734568
36363,4436.301715
36364,4666.813219
36365,4924.859046
36366,4429.088257
36367,4862.83279
36368,5026.990896
36369,4371.070207
36370,4546.887354
36371,4513.043819
36372,4606.57035
36373,4639.924193
36374,4392.127972
36375,4416.62367
36376,4452.206992
36377,4697.32155
36378,4635.673588
36379,5086.94966
36380,5044.589245
36381,5046.498439
36382,4901.400652
36383,4329.268729
36384,5106.9801
36385,4350.390941
36386,5107.930253
36387,5046.886583
36388,4924.008561
36389,4985.78571
36390,4964.421552
36391,4334.734432
36392,5027.532678
36393,4701.887064
36394,4966.889294
36395,4577.65896
36396,5148.845049
36397,4453.795396
36398,4515.511784
36399,4985.482865
36400,5088.575855
36401,4487.779113
36402,4392.657254
36403,4574.206718
36404,4905.174571
36405,6028.168735
36406,4932.492619
36407,6027.789301
36408,5368.661072
36409,5259.517116
36410,5881.859643
36411,4642.844572
36412,6062.437264
36413,5735.18237
36414,5113.443023
36415,6172.875138
36416,6172.106548
36417,5223.319564
36418,5772.712321
36419,5221.873613
36420,5587.796254
36421,5917.952857
36422,5076.961976
36423,5627.548904
36424,4934.173007
36425,4790.160835
36426,5367.261818
36427,4788.241112
36428,5078.494496
36429,4682.468664
36430,5405.609784
36431,5588.475436
36432,6173.367161
36433,4648.519586
36434,5918.643176
36435,4646.158244
36436,4678.242994
36437,5773.371169
36438,6206.332121
36439,5881.792133
36440,4967.780824
36441,6063.224929
36442,4641.861807
36443,5734.83991
36444,4822.752439
36445,6184.448122
36446,5855.673569
36447,5567.983715
36448,5964.163676
36449,6013.048101
36450,5933.27775
36451,6125.687604
36452,6328.138086
36453,5889.085972
36454,5907.536512
36455,5630.445831
36456,5456.814049
36457,6238.422366
36458,5991.258141
36459,5880.215609
36460,5746.553541
36461,6395.906053
36462,6102.634485
36463,5399.058321
36464,5933.732028
36465,5861.7353
36466,5285.491192
36467,5545.964796
36468,6295.070609
36469,6285.079562
36470,5774.636482
36471,5358.891481
36472,5346.708953
36473,6061.007665
36474,5853.029643
36475,5680.569017
36476,5660.09378
36477,6173.55545
36478,5247.081985
36479,5900.514303
36480,5794.374091
36481,5514.280157
36482,6074.398779
36483,5869.031082
36484,5908.810073
36485,6214.831687
36486,5230.907827
36487,4722.168818
36488,5984.72511
36489,5824.35262
36490,5813.585836
36491,5224.100778
36492,6329.452468
36493,5571.180582
36494,6133.303275
36495,6466.573206
36496,6325.320956
36497,5790.451039
36498,5543.416082
36499,4733.505391
36500,4744.543041
36501,5392.663361
36502,4889.001252
36503,5965.268094
36504,6451.869376
36505,6493.289537
36506,6298.267107
36507,5208.153863
36508,5041.777276
36509,5375.387457
36510,5959.671836
36511,4710.742822
36512,6162.599222
36513,4754.356717
36514,5401.106783
36515,6129.151092
36516,4725.128671
36517,6155.607685
36518,4892.641525
36519,5061.271017
36520,5994.132779
36521,5056.256931
36522,4876.079487
36523,6300.896903
36524,5561.665349
36525,4712.390115
36526,6468.084498
36527,4970.88214
36528,5410.346642
36529,5250.423183
36530,3839.687239
36531,5089.403939
36532,4154.335386
36533,5644.117703
36534,5338.052435
36535,4493.108148
36536,5704.68607
36537,4332.373504
36538,3748.524056
36539,5180.87011
36540,4928.0378
36541,5328.5021
36542,5568.770651
36543,5486.765196
36544,3637.698098
36545,3655.980401
36546,5289.437454
36547,4537.649705
36548,5169.454624
36549,5446.772596
36550,4171.49074
36551,4450.329026
36552,3694.049801
36553,3683.38482
36554,4379.069743
36555,4220.835651
36556,4290.678701
36557,3676.853389
36558,5130.756094
36559,4011.17879
36560,4063.041506
36561,3717.041014
36562,5651.705405
36563,3905.644268
36564,5010.026613
36565,3851.96932
36566,3996.55517
36567,5494.893786
36568,5508.873531
36569,5610.970113
36570,4515.647124
36571,5584.804839
36572,4444.914537
36573,4453.359397
36574,5601.570925
36575,4489.834888
36576,5601.313234
36577,4436.12953
36578,4498.024537
36579,4496.180469
36580,5593.501111
36581,4487.381059
36582,5584.905244
36583,4509.826828
36584,5501.447492
36585,4495.877941
36586,5615.069022
36587,4517.373782
36588,4426.03863
36589,4506.51433
36590,5594.597129
36591,4507.927527
36592,4525.348084
36593,4501.322534
36594,4412.208051
36595,5610.159033
36596,4427.52488
36597,5522.539919
36598,5616.851358
36599,4419.495277
36600,5575.940492
36601,5596.21558
36602,5515.891264
36603,4491.365977
36604,4502.791585
36605,5603.480949
36606,4482.931691
36607,5567.50087
36608,5603.890821
36609,4205.889922
36610,4019.939138
36611,4633.445621
36612,4014.105722
36613,4728.828824
36614,4037.410411
36615,4730.400371
36616,4238.400352
36617,4588.041861
36618,4691.320195
36619,4651.645615
36620,4052.041002
36621,4012.148497
36622,4629.926344
36623,4167.047948
36624,4129.994619
36625,4734.141024
36626,4197.856954
36627,4654.6021
36628,4170.100753
36629,4035.835478
36630,4692.508485
36631,4611.735543
36632,4129.065956
36633,4670.889304
36634,4090.607209
36635,4672.080084
36636,4075.174809
36637,4053.84678
36638,4747.726208
36639,4092.04055
36640,4055.800975
36641,4156.674502
36642,4115.567469
36643,4210.585331
36644,4710.566498
36645,4025.205121
36646,4748.957961
36647,4572.127688
36648,4615.105498
36649,4710.24492
36650,6748.368185
36651,6759.789111
36652,6703.577896
36653,7618.390906
36654,6711.477417
36655,6730.803623
36656,7642.416028
36657,7663.347715
36658,6750.977931
36659,7646.244316
36660,6707.075142
36661,7572.569448
36662,6755.131032
36663,7661.193061
36664,6751.142547
36665,7655.861491
36666,6801.971481
36667,6796.309481
36668,6750.759287
36669,6754.521101
36670,6823.552866
36671,7658.565669
36672,7615.123931
36673,7610.97348
36674,7651.105323
36675,6747.095314
36676,6744.926818
36677,6701.111893
36678,7660.027256
36679,7655.330195
36680,6744.289534
36681,7606.184829
36682,7601.261983
36683,6746.50868
36684,6774.787768
36685,7647.508565
36686,7651.488007
36687,6699.445888
36688,7616.871683
36689,7645.263719
36690,6564.370499
36691,6363.112191
36692,5653.381519
36693,7546.954173
36694,6378.086633
36695,8151.041621
36696,6203.667373
36697,6601.89405
36698,8114.903117
36699,6233.118308
36700,5642.925058
36701,5638.889471
36702,6191.390102
36703,8290.246582
36704,5668.562976
36705,6417.264241
36706,5633.156174
36707,7765.160501
36708,6005.036296
36709,8334.642112
36710,7734.304165
36711,8314.960585
36712,5684.616272
36713,6049.647839
36714,7966.64107
36715,7921.084174
36716,5866.862652
36717,7931.976034
36718,5819.655274
36719,7781.589552
36720,7747.626991
36721,5635.554393
36722,6019.388266
36723,7948.577608
36724,8131.774075
36725,7596.304117
36726,7562.01411
36727,6548.816459
36728,8106.521989
36729,8362.448476
36730,5836.036021
36731,4871.144886
36732,4835.019929
36733,4962.388539
36734,5921.466638
36735,5008.917796
36736,4901.542469
36737,5987.827652
36738,5948.16205
36739,5958.049482
36740,5853.106777
36741,4866.873733
36742,5927.867761
36743,4968.484233
36744,4984.887021
36745,5864.645184
36746,4901.762762
36747,4968.114058
36748,5879.257165
36749,4978.734634
36750,4931.836146
36751,5986.149281
36752,5954.261453
36753,5914.367249
36754,4933.761867
36755,4870.765362
36756,5883.891066
36757,4933.249914
36758,4965.186431
36759,5885.150366
36760,5916.715875
36761,5975.903353
36762,6017.178562
36763,4899.851449
36764,4840.170677
36765,5896.813275
36766,4999.293738
36767,5858.08378
36768,4976.548852
36769,5944.889724
36770,4993.437776
36771,6687.953323
36772,5875.298956
36773,6112.714142
36774,6010.166213
36775,5776.102477
36776,5803.128734
36777,6431.983998
36778,6654.147088
36779,6579.281078
36780,6552.335132
36781,5607.97374
36782,5906.69547
36783,6536.217034
36784,6449.973295
36785,6589.822059
36786,5557.481899
36787,5655.883462
36788,6839.397419
36789,5975.744979
36790,5678.061673
36791,6491.328856
36792,6740.408317
36793,5653.891056
36794,6347.608322
36795,5758.780931
36796,6051.085683
36797,5657.733491
36798,6390.058726
36799,5860.66486
36800,5700.231509
36801,6639.274917
36802,6693.206902
36803,5598.475035
36804,5483.700351
36805,6153.787781
36806,6388.41345
36807,6592.396665
36808,6489.984478
36809,5513.653976
36810,6245.912096
36811,5580.773478
36812,6766.820727
36813,7008.565207
36814,7007.965981
36815,6658.980832
36816,6647.873715
36817,6891.288212
36818,7184.42303
36819,8062.798925
36820,7836.345751
36821,6774.891387
36822,6886.980828
36823,7188.575421
36824,7126.827101
36825,7934.179366
36826,7816.65269
36827,7938.684079
36828,7713.415723
36829,7129.144568
36830,6884.179349
36831,7701.22801
36832,6648.715629
36833,7245.887799
36834,8178.64505
36835,7699.098563
36836,7200.305817
36837,7123.176496
36838,7648.956
36839,7003.390757
36840,8057.40077
36841,8072.805492
36842,8051.948563
36843,7191.044989
36844,7819.90529
36845,7955.107962
36846,7947.000801
36847,8189.555865
36848,7258.037246
36849,7182.60073
36850,6765.905556
36851,7830.683849
36852,8170.238396
36853,4978.37449
36854,4912.334935
36855,5002.612607
36856,4923.135403
36857,5118.859508
36858,4869.951267
36859,6080.809035
36860,4908.010611
36861,4888.937091
36862,5060.652726
36863,5995.387299
36864,5879.346284
36865,5176.603966
36866,4841.411228
36867,6108.936491
36868,4856.919073
36869,6025.371047
36870,5034.44291
36871,5938.35557
36872,6136.174045
36873,6053.63547
36874,4945.274613
36875,6085.296487
36876,5938.993746
36877,5082.727571
36878,4801.468548
36879,4903.291521
36880,5025.3846
36881,6051.241581
36882,6047.511462
36883,4968.501525
36884,4854.499399
36885,5972.614189
36886,4924.979531
36887,5882.284523
36888,4818.828261
36889,6029.65751
36890,6139.455971
36891,5996.669725
36892,5969.780805
36893,5825.64585
36894,4796.085038
36895,5068.296848
36896,4350.53724
36897,4782.308451
36898,4763.168481
36899,4550.528083
36900,4898.806967
36901,4349.375121
36902,5583.633054
36903,5339.296585
36904,4666.203957
36905,4390.278746
36906,5321.375922
36907,5015.522163
36908,4913.698349
36909,5454.92785
36910,5554.50272
36911,5031.181754
36912,5104.967041
36913,5422.767688
36914,5412.811703
36915,4678.77592
36916,4562.067509
36917,4647.06517
36918,5438.372935
36919,5297.19784
36920,5570.25915
36921,5539.143458
36922,4531.242939
36923,5222.562274
36924,5181.078016
36925,5086.056881
36926,4996.281901
36927,5186.802816
36928,5203.784944
36929,5305.178176
36930,4368.936965
36931,4379.485617
36932,4387.507561
36933,4879.594604
36934,8547.861118
36935,9104.641244
36936,9028.506866
36937,8580.190999
36938,10192.67325
36939,8342.471469
36940,8903.552828
36941,9793.340954
36942,8215.700164
36943,8947.966369
36944,8732.977377
36945,9822.464813
36946,8715.504361
36947,10010.5402
36948,8528.264364
36949,9675.825712
36950,9976.77456
36951,10191.76858
36952,8918.700114
36953,9784.760968
36954,9091.500225
36955,9133.175754
36956,10044.62792
36957,9637.98507
36958,8956.652541
36959,9860.733621
36960,8180.512034
36961,8397.703974
36962,9278.593039
36963,10007.08741
36964,8363.668622
36965,10345.65638
36966,9610.09678
36967,9645.814328
36968,8763.574784
36969,9184.768018
36970,9462.240169
36971,9828.44034
36972,10160.77691
36973,9063.385912
36974,10227.62662
36975,7301.339682
36976,7308.676235
36977,7251.541208
36978,7248.225387
36979,7261.193871
36980,7247.307061
36981,7248.215184
36982,7242.748779
36983,8507.549232
36984,7287.487067
36985,8568.223631
36986,8562.661521
36987,8514.041301
36988,7254.851601
36989,7255.822675
36990,8574.288641
36991,8459.093617
36992,7315.772495
36993,7254.172135
36994,8526.840507
36995,7281.415016
36996,7294.174205
36997,8569.039013
36998,8520.560463
36999,7194.822853
37000,7234.318418
37001,8451.754508
37002,8578.422608
37003,8443.893932
37004,8465.454886
37005,7187.886399
37006,7237.820426
37007,8562.698018
37008,8470.602217
37009,8551.348834
37010,7245.471901
37011,8557.054016
37012,8501.446739
37013,7293.965985
37014,8533.418738
37015,7242.807607
37016,6066.236913
37017,5966.886805
37018,6596.45082
37019,6424.868727
37020,6329.056102
37021,6034.187394
37022,6138.762516
37023,6170.929873
37024,6149.817571
37025,5945.371921
37026,6047.654499
37027,6135.926761
37028,6496.623058
37029,5867.885377
37030,6333.306559
37031,6134.917797
37032,6156.12171
37033,5742.925366
37034,5843.632651
37035,5735.22028
37036,5933.897239
37037,6395.551355
37038,6166.010185
37039,6295.550815
37040,6397.205844
37041,6495.187104
37042,5769.043765
37043,6693.421464
37044,6696.739135
37045,6433.179584
37046,6298.091228
37047,6625.591198
37048,6525.362681
37049,6594.440135
37050,6171.239217
37051,6533.258495
37052,5834.237723
37053,6725.375501
37054,6317.992808
37055,6143.789878
37056,3641.683484
37057,3656.860724
37058,3966.969321
37059,4420.147533
37060,4745.802719
37061,3484.1538
37062,3494.410536
37063,3171.708962
37064,4283.05825
37065,4586.524807
37066,4442.618992
37067,3644.474037
37068,4580.957013
37069,4426.972717
37070,4433.528407
37071,3819.416199
37072,3483.37051
37073,3172.70569
37074,3166.227496
37075,4107.238423
37076,4594.494727
37077,4270.763204
37078,4741.566167
37079,4258.835056
37080,3800.979554
37081,4740.882663
37082,3961.109807
37083,3805.66661
37084,4097.642355
37085,3332.869079
37086,3324.764856
37087,3182.667523
37088,4267.155972
37089,3187.016916
37090,3981.185395
37091,4121.67715
37092,4753.18481
37093,3164.694653
37094,4600.194583
37095,3325.90516
37096,3168.959303
37097,11164.98139
37098,10694.20888
37099,13930.68255
37100,14845.85342
37101,12140.12967
37102,14390.49256
37103,13886.53837
37104,10216.37032
37105,14886.21696
37106,14366.73552
37107,10737.89095
37108,13942.09191
37109,14408.80353
37110,11217.48105
37111,10258.90495
37112,9744.659278
37113,12926.14624
37114,12176.26507
37115,13432.22599
37116,9738.818668
37117,13464.52856
37118,10689.63474
37119,13451.88256
37120,11172.39592
37121,9750.769939
37122,11697.15812
37123,11641.59211
37124,12119.55788
37125,12951.79196
37126,14867.19364
37127,9780.766303
37128,13406.01497
37129,13912.04821
37130,11661.40507
37131,14418.25455
37132,9731.143437
37133,14847.09884
37134,9790.004188
37135,10215.08103
37136,9740.717889
37137,12985.74186
37138,5910.835501
37139,6724.933646
37140,5798.962728
37141,6825.166654
37142,5844.859123
37143,6738.591866
37144,6706.389062
37145,5814.249375
37146,6674.000839
37147,6792.686185
37148,6820.092158
37149,6804.892657
37150,5779.978179
37151,6738.992603
37152,6770.556897
37153,5812.206461
37154,5847.803049
37155,5862.070117
37156,5830.012689
37157,5714.893428
37158,5780.665447
37159,5631.555361
37160,5747.456757
37161,6759.12055
37162,6851.730267
37163,5768.933133
37164,5681.666982
37165,6772.155206
37166,5709.547189
37167,5877.812278
37168,6705.749804
37169,5880.884015
37170,5655.164515
37171,6672.865111
37172,6882.223605
37173,5745.221881
37174,5739.688398
37175,6856.344738
37176,6766.148942
37177,5617.856085
37178,6787.386524
37179,6235.564506
37180,6346.898241
37181,4850.517469
37182,5106.533624
37183,4879.009669
37184,6234.946833
37185,4748.701696
37186,6435.298824
37187,6123.315822
37188,6247.772213
37189,4627.655443
37190,5906.062313
37191,6457.847551
37192,4970.144703
37193,6096.190481
37194,6358.940073
37195,4765.339511
37196,6446.050496
37197,4858.93094
37198,6323.031987
37199,4546.182951
37200,5002.291921
37201,4652.512831
37202,4540.761454
37203,6010.34979
37204,6134.959531
37205,4992.972383
37206,6209.851921
37207,6123.715596
37208,6345.17553
37209,4639.207589
37210,4516.981633
37211,4514.680352
37212,5982.699161
37213,6020.815376
37214,5082.316263
37215,4889.37876
37216,4738.760312
37217,4519.432628
37218,4518.640714
37219,4530.047053
37220,8241.530842
37221,8241.711383
37222,8243.560779
37223,9701.459818
37224,9701.924582
37225,8241.506729
37226,8245.982058
37227,8239.495015
37228,8245.352044
37229,8241.701708
37230,9704.111188
37231,8242.436946
37232,9702.360959
37233,9698.980688
37234,8238.274359
37235,9698.09725
37236,9703.922265
37237,9702.101129
37238,8241.139986
37239,9697.9321
37240,9701.0254
37241,8240.724795
37242,8241.267089
37243,9700.044666
37244,8247.218073
37245,9704.684592
37246,9705.107452
37247,9700.788182
37248,8243.81196
37249,9702.967664
37250,8238.651844
37251,8238.55558
37252,9699.684383
37253,8240.4917
37254,8246.397185
37255,8242.377159
37256,9701.026585
37257,8239.49583
37258,9705.089293
37259,8244.895604
37260,9701.207878
37261,8659.12889
37262,8456.31012
37263,8361.567623
37264,9290.714914
37265,8597.765478
37266,8150.134849
37267,8537.228518
37268,9416.971937
37269,8272.811503
37270,8394.062666
37271,8518.125772
37272,8549.750753
37273,9375.607766
37274,9350.11377
37275,9436.186301
37276,8456.219152
37277,8270.410049
37278,9314.864925
37279,9254.196843
37280,9358.8183
37281,9383.752281
37282,8394.5237
37283,9053.644104
37284,8484.015987
37285,9324.74894
37286,8331.972809
37287,9442.262326
37288,8698.632001
37289,8419.32071
37290,8333.224677
37291,9112.983887
37292,8477.762579
37293,9242.865126
37294,8209.746651
37295,8590.623405
37296,9172.409531
37297,8213.465249
37298,9265.06818
37299,9231.580051
37300,9300.938649
37301,9184.195225
37302,6576.622419
37303,6918.227898
37304,8175.331165
37305,7082.387863
37306,6636.412235
37307,8385.76053
37308,6697.820686
37309,6746.171227
37310,6793.462055
37311,6591.303439
37312,7884.113221
37313,6695.125088
37314,8063.84587
37315,8167.283455
37316,6913.272304
37317,7194.998956
37318,6633.048654
37319,6857.282327
37320,8327.838258
37321,6484.700903
37322,7022.950384
37323,8013.28757
37324,6804.956246
37325,8234.462161
37326,8106.483248
37327,6969.550192
37328,7995.163366
37329,8126.247382
37330,8217.489302
37331,8276.511136
37332,8285.246967
37333,6702.325063
37334,8237.706348
37335,7029.964159
37336,6684.740797
37337,7899.655734
37338,6524.862266
37339,8393.533058
37340,8347.281523
37341,6903.171948
37342,8057.849104
37343,6629.809378
37344,6727.260044
37345,6008.259708
37346,5744.996215
37347,5790.635902
37348,6551.887084
37349,6663.542919
37350,5970.545692
37351,5952.365292
37352,5994.480532
37353,5703.034083
37354,6680.653323
37355,5876.187684
37356,6781.42309
37357,6615.459544
37358,5977.366312
37359,5972.027657
37360,6736.474528
37361,6607.566107
37362,6735.719631
37363,5855.74628
37364,5935.159564
37365,5897.528505
37366,5817.462347
37367,5912.526969
37368,5976.02626
37369,5759.622302
37370,5737.678755
37371,6575.917746
37372,6671.971223
37373,6625.392551
37374,6570.357556
37375,6682.875423
37376,5843.730334
37377,6541.606462
37378,6017.229202
37379,6719.646437
37380,5691.186591
37381,6520.814871
37382,5799.82883
37383,6515.296485
37384,7057.245874
37385,7964.066461
37386,6774.227904
37387,7678.095767
37388,7884.84904
37389,7137.60845
37390,7738.547623
37391,7019.663458
37392,7818.154926
37393,7972.155011
37394,7722.191065
37395,6757.599973
37396,7063.880224
37397,6737.255961
37398,6908.631705
37399,7917.13529
37400,7869.560669
37401,6985.659208
37402,6726.32747
37403,6861.327791
37404,7947.777036
37405,6832.735371
37406,6749.08561
37407,6976.328853
37408,6707.999561
37409,6766.666178
37410,6703.388734
37411,8025.793213
37412,6940.157334
37413,7973.392549
37414,7837.36996
37415,7896.055285
37416,6815.859891
37417,6895.652923
37418,7099.562002
37419,7757.468871
37420,7791.109293
37421,8041.229133
37422,7803.945864
37423,6783.219909
37424,7996.266248
37425,8439.590227
37426,10604.39305
37427,10513.67901
37428,10423.68591
37429,10399.58583
37430,10544.57682
37431,8620.615543
37432,10327.37634
37433,8463.524798
37434,8556.212384
37435,10484.36626
37436,8682.760176
37437,10337.79091
37438,8322.186065
37439,10548.45085
37440,10519.09486
37441,8382.144423
37442,8558.204244
37443,8584.974161
37444,8616.047886
37445,8329.467559
37446,10488.34896
37447,8403.645913
37448,8646.321461
37449,8676.947065
37450,10300.44833
37451,10460.05299
37452,10426.69939
37453,8496.091741
37454,10363.84164
37455,8434.716772
37456,8358.229826
37457,8344.109993
37458,8367.512469
37459,8523.918993
37460,8497.474402
37461,10451.74289
37462,10611.97099
37463,10389.4457
37464,10574.84537
37465,8374.269459
37466,14337.23029
37467,14296.81624
37468,12060.57144
37469,11656.65348
37470,14765.09522
37471,14452.89405
37472,14379.16904
37473,14621.90231
37474,12168.70789
37475,11767.84466
37476,12087.02557
37477,14405.49954
37478,14593.70993
37479,14840.52648
37480,14664.86113
37481,14658.63627
37482,11638.87463
37483,12025.43113
37484,14728.94506
37485,14558.95768
37486,14551.73666
37487,11573.53314
37488,14700.0135
37489,11919.61665
37490,11814.07829
37491,11488.87871
37492,11561.61368
37493,14444.51736
37494,11979.95705
37495,12194.72375
37496,12276.89976
37497,14486.74282
37498,12238.40104
37499,11873.6007
37500,14514.00894
37501,14809.04428
37502,12131.68217
37503,11615.15436
37504,11952.8775
37505,11845.88733
37506,11669.85906
37507,3990.616083
37508,4358.676316
37509,5258.613135
37510,5507.777383
37511,4071.558406
37512,3955.097387
37513,3947.153752
37514,5790.429011
37515,4334.76063
37516,4212.99583
37517,5379.388774
37518,4567.994084
37519,5630.803411
37520,4457.232697
37521,4484.576786
37522,5296.006839
37523,5421.362923
37524,5775.630591
37525,5754.723495
37526,5505.571465
37527,4108.317122
37528,5668.441189
37529,5545.562667
37530,4443.132753
37531,3970.37306
37532,3948.65455
37533,4233.130925
37534,4318.711645
37535,5756.285653
37536,5420.086576
37537,3952.494049
37538,3984.398272
37539,4194.865201
37540,5252.848201
37541,5383.08321
37542,4580.503488
37543,5543.733296
37544,5632.275936
37545,5667.156887
37546,4610.328405
37547,4091.654374
37548,4017.105195
37549,5327.481501
37550,5206.575278
37551,4359.661176
37552,4512.779323
37553,4449.232122
37554,5131.924414
37555,4088.665104
37556,5238.577409
37557,4327.449866
37558,5237.723439
37559,4095.780131
37560,5331.317322
37561,5417.454575
37562,4450.853144
37563,5145.231175
37564,5512.786974
37565,5388.412868
37566,4358.710847
37567,5221.723132
37568,4303.770036
37569,5477.153592
37570,5298.171692
37571,4182.495436
37572,5464.468324
37573,5311.832138
37574,4007.401164
37575,4063.290374
37576,4094.795187
37577,4270.74037
37578,4033.421031
37579,4212.794025
37580,4142.95213
37581,5507.651795
37582,4234.836265
37583,5492.103497
37584,4122.691456
37585,5422.838183
37586,4420.293874
37587,4052.098996
37588,5402.013323
37589,4684.895225
37590,4881.890479
37591,5616.910098
37592,5040.943413
37593,4864.518582
37594,5610.701662
37595,5024.359265
37596,5088.170171
37597,5487.362182
37598,4808.058157
37599,4871.48405
37600,4800.215223
37601,4843.108733
37602,5547.362163
37603,5552.878664
37604,4744.839404
37605,5318.74118
37606,5418.130549
37607,5075.972856
37608,5065.320731
37609,4935.447095
37610,5487.811594
37611,4908.806446
37612,5058.308455
37613,5449.873885
37614,4749.370935
37615,4974.863256
37616,5421.697382
37617,5551.645569
37618,5000.084765
37619,5673.646787
37620,5515.279443
37621,5423.32343
37622,5017.304483
37623,5384.29016
37624,5359.225207
37625,4815.074337
37626,5294.858979
37627,5277.580757
37628,4949.460897
37629,5483.246067
37630,7289.830342
37631,6375.380056
37632,6374.615735
37633,7231.206678
37634,6406.258221
37635,6244.805104
37636,7187.576884
37637,7263.078795
37638,7330.774797
37639,6293.743445
37640,6345.519842
37641,6260.731672
37642,7302.1408
37643,6306.443095
37644,6343.181005
37645,6468.287575
37646,6344.457639
37647,7158.069393
37648,6315.505043
37649,7321.286773
37650,6346.851232
37651,6316.439632
37652,7217.669895
37653,6268.625426
37654,7247.760102
37655,6375.715586
37656,7293.268109
37657,7259.340655
37658,6437.231024
37659,7198.625666
37660,7345.196026
37661,6281.648406
37662,6405.739856
37663,6243.671179
37664,7244.474454
37665,6319.66665
37666,7277.40165
37667,7273.373911
37668,6288.244186
37669,7318.498134
37670,7261.506848
37671,5740.81715
37672,5652.713098
37673,5771.746078
37674,5583.152694
37675,5728.562063
37676,5609.935623
37677,6513.513886
37678,6567.451003
37679,5651.439705
37680,6531.232167
37681,6435.103799
37682,6221.17325
37683,5643.481071
37684,5802.764748
37685,5677.142142
37686,6608.740431
37687,6556.782033
37688,5630.949769
37689,5718.85538
37690,6599.442988
37691,5572.688302
37692,6405.77635
37693,5785.417542
37694,6641.503343
37695,6447.954873
37696,6525.957332
37697,6377.440627
37698,5637.537737
37699,5845.252378
37700,6264.137846
37701,6306.716979
37702,6572.987801
37703,6489.681016
37704,6483.965132
37705,5815.087246
37706,5696.426026
37707,6441.302128
37708,5685.771684
37709,5760.658862
37710,5618.168064
37711,8309.768013
37712,8880.909464
37713,8013.801458
37714,8217.48029
37715,8151.09646
37716,7840.418533
37717,9012.532848
37718,8050.784232
37719,7897.466526
37720,7995.11944
37721,9116.371127
37722,9001.430704
37723,8014.983069
37724,8085.577651
37725,9153.352489
37726,9263.672869
37727,8743.874421
37728,8074.638289
37729,8956.538733
37730,8937.000797
37731,8846.184587
37732,8134.09932
37733,8161.74962
37734,8273.523387
37735,7955.746368
37736,8901.223636
37737,8183.167313
37738,9208.73482
37739,9097.234264
37740,8106.246048
37741,8126.531996
37742,8070.053523
37743,8141.337023
37744,9172.590309
37745,9040.259935
37746,8791.031712
37747,8992.877917
37748,8249.835947
37749,8216.80356
37750,9048.610085
37751,9059.29355
37752,8008.391275
37753,9450.105728
37754,9259.868107
37755,8347.500914
37756,8300.515313
37757,7614.036501
37758,9743.066307
37759,9697.640077
37760,9730.983349
37761,8305.768839
37762,7862.146905
37763,8153.303909
37764,7897.309445
37765,8156.829959
37766,7567.994142
37767,7861.016762
37768,9398.766108
37769,9877.64291
37770,7564.257187
37771,9411.059725
37772,9300.948789
37773,7748.435901
37774,7572.144262
37775,9583.89529
37776,8007.275576
37777,8197.667356
37778,9710.108361
37779,7600.896479
37780,7582.174004
37781,9856.655576
37782,9561.45852
37783,7572.321945
37784,7714.34498
37785,9845.729588
37786,7717.347227
37787,9847.639421
37788,9249.389152
37789,9436.160153
37790,9548.465894
37791,8047.290357
37792,9597.494451
37793,5894.679518
37794,5797.155887
37795,6714.352419
37796,6086.549908
37797,5944.324858
37798,6580.756816
37799,5720.189987
37800,6488.461299
37801,6132.843547
37802,6707.232233
37803,6531.596395
37804,6666.751182
37805,5768.960179
37806,6609.977971
37807,5918.98493
37808,6089.271928
37809,6008.709656
37810,5974.684756
37811,6584.717422
37812,5982.483423
37813,6440.144984
37814,6367.805178
37815,6477.000551
37816,5885.968599
37817,6755.211082
37818,6523.299812
37819,6571.469962
37820,5845.567546
37821,6536.59659
37822,6629.723974
37823,6031.569789
37824,5838.397343
37825,6633.046989
37826,5994.196993
37827,6130.134816
37828,5933.943495
37829,6619.213833
37830,6658.840938
37831,5868.641087
37832,5818.511942
37833,4328.46868
37834,4608.164605
37835,4032.44137
37836,3837.81618
37837,3934.370242
37838,4706.082665
37839,3647.417338
37840,3543.809203
37841,4618.873763
37842,3739.346071
37843,3951.785086
37844,4411.070292
37845,3557.665534
37846,4429.655448
37847,4629.65708
37848,4298.502982
37849,3837.619426
37850,4498.04385
37851,4397.990784
37852,4697.206135
37853,4424.094867
37854,4705.433331
37855,3548.900922
37856,4051.601657
37857,4324.493234
37858,3851.636188
37859,4055.577338
37860,3552.962288
37861,4522.293519
37862,3540.994962
37863,3751.736708
37864,4509.801514
37865,3565.128638
37866,3956.390722
37867,3742.109745
37868,4530.314782
37869,3641.358348
37870,3652.528561
37871,4597.968433
37872,3554.222114
37873,4727.229063
37874,6205.851013
37875,7189.573003
37876,7167.094722
37877,7177.586295
37878,6207.300525
37879,6232.484181
37880,6313.096793
37881,6207.939788
37882,7034.812737
37883,6141.151653
37884,6108.864814
37885,7193.063045
37886,6125.425535
37887,7010.534229
37888,7130.094299
37889,6254.913088
37890,7120.253672
37891,6159.012196
37892,7059.168337
37893,6184.873113
37894,6277.568508
37895,7226.270114
37896,7213.994804
37897,6230.832057
37898,6253.942256
37899,7083.61782
37900,6182.19927
37901,6150.817073
37902,6164.743563
37903,6285.656655
37904,6258.660698
37905,6230.094049
37906,7164.970547
37907,7144.128281
37908,6201.677788
37909,7190.007678
37910,7095.262331
37911,7201.619678
37912,7138.886856
37913,6162.915682
37914,7153.842614
37915,8690.230632
37916,8468.604538
37917,8850.868629
37918,8922.599947
37919,6933.286113
37920,8758.358762
37921,9291.165593
37922,8531.295534
37923,9745.160851
37924,6706.521025
37925,8984.701222
37926,8240.947099
37927,6921.34934
37928,9079.198822
37929,6916.806039
37930,8015.263642
37931,9532.955136
37932,6798.868389
37933,8465.212346
37934,9063.786989
37935,8163.172794
37936,8542.453395
37937,6700.983057
37938,7936.997852
37939,6929.127713
37940,6805.077489
37941,7033.113507
37942,7482.119677
37943,9306.73394
37944,8013.1867
37945,7709.860415
37946,8884.546674
37947,8695.901108
37948,7254.159418
37949,8303.738583
37950,6691.360403
37951,8240.223925
37952,8089.878992
37953,8836.706553
37954,8316.813899
37955,6926.138708
37956,8915.255565
37957,9518.414822
37958,8766.637866
37959,6701.279639
37960,9757.600791
37961,7026.319903
37962,6694.194123
37963,4393.046306
37964,5341.863578
37965,4309.503502
37966,5254.962328
37967,5593.687632
37968,4407.476509
37969,4505.21642
37970,5407.905558
37971,5493.466099
37972,4401.079709
37973,5319.511934
37974,4490.283173
37975,4230.997391
37976,5513.58549
37977,4138.81554
37978,5428.337491
37979,5576.463981
37980,5489.285712
37981,5326.640747
37982,4143.800796
37983,4148.48478
37984,5573.346628
37985,5238.360828
37986,4589.928938
37987,5234.59069
37988,5490.358879
37989,4226.498621
37990,4150.456757
37991,4487.026593
37992,4572.789524
37993,4244.171808
37994,4573.941104
37995,4315.590322
37996,4325.511961
37997,5597.14475
37998,4163.118181
37999,4147.426692
38000,5410.234035
38001,5404.570159
38002,5323.842863
38003,4141.279072
38004,6687.640341
38005,6726.099104
38006,6496.408349
38007,6778.69583
38008,7826.401421
38009,7778.913389
38010,7961.034112
38011,6687.535183
38012,6730.883063
38013,7831.852294
38014,7872.399553
38015,7963.627147
38016,7873.508073
38017,7869.174418
38018,6549.236037
38019,8004.396783
38020,6559.8219
38021,6636.633
38022,6733.213364
38023,6498.5383
38024,7962.056366
38025,6642.139078
38026,6681.151081
38027,7779.96348
38028,6497.508167
38029,7920.887858
38030,7958.803746
38031,7917.42776
38032,7960.922842
38033,7914.297244
38034,7823.852441
38035,7876.918791
38036,6553.444948
38037,6592.670534
38038,6604.58569
38039,7917.350318
38040,6501.769381
38041,6645.637868
38042,6513.07008
38043,6597.388062
38044,6563.851692
38045,4386.187106
38046,3567.902367
38047,3817.970901
38048,4333.134994
38049,3810.952175
38050,4283.243374
38051,4206.082902
38052,3683.235597
38053,3727.944299
38054,3638.975668
38055,3772.944076
38056,3767.139471
38057,4288.988518
38058,4312.321571
38059,3838.087878
38060,4367.959252
38061,4267.131443
38062,4220.99854
38063,4250.963451
38064,3748.038885
38065,4400.905688
38066,3724.326285
38067,4244.617515
38068,4389.038667
38069,4239.176468
38070,4296.294693
38071,3588.643141
38072,4398.505273
38073,3580.62619
38074,3600.506248
38075,4356.131825
38076,3793.381515
38077,4341.510464
38078,3575.939756
38079,3682.441377
38080,3586.668527
38081,3641.111987
38082,3657.255302
38083,3702.509219
38084,4326.133854
38085,8175.06685
38086,6949.207496
38087,8149.19462
38088,8175.558934
38089,8120.314494
38090,8115.550158
38091,6907.145184
38092,6910.146378
38093,8148.946826
38094,6907.143155
38095,6905.25007
38096,6953.98194
38097,6910.044763
38098,6957.700651
38099,8105.621731
38100,8120.629994
38101,6902.427868
38102,6902.455755
38103,6901.891064
38104,6905.524645
38105,6903.958925
38106,6905.780397
38107,8173.270809
38108,8149.116962
38109,8118.49353
38110,6913.080971
38111,8112.207538
38112,6951.587431
38113,8115.065764
38114,6906.733653
38115,6920.312457
38116,8148.515454
38117,8103.337347
38118,8109.270158
38119,6906.290776
38120,6946.63571
38121,8101.587331
38122,8107.767032
38123,8174.676427
38124,6946.778349
38125,6947.440394
38126,7298.749132
38127,8185.927051
38128,6749.843689
38129,6727.69519
38130,7035.161784
38131,7056.416264
38132,6822.412379
38133,8269.009024
38134,8574.334552
38135,7320.986143
38136,7097.475872
38137,8532.530883
38138,8835.108382
38139,8448.816069
38140,8546.15249
38141,6841.730245
38142,7356.292424
38143,8135.657992
38144,6903.99267
38145,8401.54249
38146,8711.337667
38147,8156.562545
38148,8781.033772
38149,8443.641938
38150,6751.747407
38151,8417.805517
38152,6780.74178
38153,6791.808433
38154,8287.904289
38155,8704.831254
38156,7189.059702
38157,6923.781034
38158,6969.327536
38159,6773.512078
38160,7166.868411
38161,6703.510283
38162,8661.658929
38163,8317.140188
38164,7226.447091
38165,6769.034753
38166,8580.36259
38167,6742.630814
38168,7975.659024
38169,7063.263439
38170,7019.906347
38171,8273.823308
38172,6282.690037
38173,6718.608948
38174,6270.755927
38175,7826.287265
38176,6263.650547
38177,7664.019158
38178,6760.352206
38179,7814.745303
38180,8238.099248
38181,7772.865671
38182,7637.377768
38183,6869.188865
38184,6308.065851
38185,6308.006961
38186,6568.692284
38187,8075.149974
38188,6912.035808
38189,8124.82961
38190,6419.426745
38191,7787.805407
38192,8224.156014
38193,6261.693694
38194,7041.341075
38195,7938.320853
38196,6608.817011
38197,6891.674139
38198,7924.60504
38199,7620.56281
38200,8088.509908
38201,6299.626182
38202,8264.07393
38203,6446.730088
38204,6457.951796
38205,7964.226029
38206,6594.334759
38207,8112.307397
38208,8537.267518
38209,8063.242303
38210,10272.83441
38211,9735.445987
38212,8091.166491
38213,9383.782108
38214,9794.022959
38215,10015.01451
38216,7427.672557
38217,7974.66438
38218,10158.1289
38219,8417.693231
38220,8511.238287
38221,7648.02442
38222,7369.595128
38223,7316.086999
38224,10402.73807
38225,8195.780919
38226,7493.136325
38227,10182.23798
38228,7869.141287
38229,7615.351999
38230,7467.1585
38231,9483.077912
38232,10230.72212
38233,7393.061295
38234,7535.050358
38235,9959.701927
38236,9572.802962
38237,9510.259304
38238,10235.89921
38239,7838.900546
38240,9829.282984
38241,7754.469156
38242,9706.000055
38243,10011.34646
38244,8287.624659
38245,10051.46633
38246,8314.00047
38247,9606.548079
38248,7562.539838
38249,6165.672564
38250,6197.62962
38251,5124.230596
38252,6824.220816
38253,6628.488714
38254,5782.765803
38255,7215.343561
38256,5802.760461
38257,5768.888871
38258,7098.666601
38259,7257.146719
38260,6702.971297
38261,5977.788467
38262,6173.539694
38263,5410.777004
38264,7057.949528
38265,5154.577385
38266,6901.510692
38267,7294.102376
38268,5394.693396
38269,5202.43887
38270,7160.492662
38271,5588.47232
38272,5570.483973
38273,6864.3736
38274,7019.81062
38275,6503.752265
38276,6470.652953
38277,6863.587259
38278,7061.044168
38279,5606.359515
38280,6470.519471
38281,6667.749444
38282,5999.942504
38283,6667.424815
38284,5967.520619
38285,5120.963959
38286,5176.46485
38287,5135.728407
38288,5372.902038
38289,5176.30144
38290,4094.444157
38291,4146.776976
38292,4159.893614
38293,4596.945635
38294,4664.362819
38295,4562.265788
38296,4052.331741
38297,4205.634099
38298,4118.850148
38299,4217.896826
38300,4627.272116
38301,4678.98209
38302,4630.991614
38303,4572.539983
38304,4697.600584
38305,4186.454452
38306,4692.829267
38307,4638.937234
38308,4127.212713
38309,4538.427645
38310,4111.874292
38311,4600.967732
38312,4077.920477
38313,4192.703725
38314,4249.740882
38315,4671.378556
38316,4085.42428
38317,4228.314562
38318,4606.046357
38319,4610.355716
38320,3895.165585
38321,4247.335031
38322,4182.29206
38323,4644.909105
38324,4712.422679
38325,4255.783288
38326,4192.76233
38327,4152.573345
38328,4225.790379
38329,4594.865547
38330,4659.814611
38331,6122.112848
38332,6844.304312
38333,6663.471013
38334,5925.814294
38335,5940.603634
38336,6684.976187
38337,6503.638513
38338,6109.587045
38339,6296.316814
38340,7091.712678
38341,6486.285476
38342,7046.090506
38343,6956.383593
38344,7025.908211
38345,6565.278463
38346,7113.899675
38347,6776.035507
38348,7000.533801
38349,6017.184705
38350,6100.213202
38351,6190.172838
38352,6031.071776
38353,6758.190552
38354,6305.496868
38355,6909.326818
38356,6494.062291
38357,6818.191063
38358,6213.655629
38359,6370.568727
38360,6552.353112
38361,6866.449896
38362,6484.921986
38363,6461.29704
38364,6934.926501
38365,6202.775561
38366,7204.341542
38367,6753.870861
38368,6930.693204
38369,6280.222103
38370,7022.681531
38371,6512.500503
38372,7287.905206
38373,7133.888983
38374,7918.970651
38375,7092.089473
38376,7321.17136
38377,6925.222055
38378,7989.223177
38379,7169.092511
38380,6566.969414
38381,6717.105214
38382,6480.749512
38383,8227.675643
38384,8143.027572
38385,8352.128874
38386,8604.989971
38387,8380.034655
38388,7960.437923
38389,8657.014599
38390,8114.365002
38391,6511.044636
38392,6620.320151
38393,8198.99105
38394,8704.491665
38395,7763.778062
38396,8073.845529
38397,7017.841506
38398,6468.355997
38399,8504.8172
38400,6772.574433
38401,6672.48817
38402,6979.641187
38403,8297.296029
38404,6423.28472
38405,8451.445614
38406,6938.729348
38407,6825.7126
38408,8418.604999
38409,6867.282037
38410,6385.042493
38411,8267.152441
38412,6520.094156
38413,9191.774633
38414,8138.895528
38415,8307.229472
38416,9193.564711
38417,9324.329181
38418,8104.244216
38419,9212.772879
38420,8077.530104
38421,8257.160173
38422,8096.700505
38423,9174.10441
38424,9362.413507
38425,9306.514257
38426,9228.512196
38427,9123.980567
38428,8273.798403
38429,8264.038227
38430,9269.872595
38431,9288.351873
38432,8366.523317
38433,9379.945039
38434,9196.482832
38435,8276.857355
38436,9323.501841
38437,8261.726442
38438,8242.360028
38439,9159.965228
38440,8157.295588
38441,8176.278554
38442,9178.981088
38443,8117.35743
38444,8343.435065
38445,9157.360202
38446,8290.302274
38447,9343.604123
38448,8121.235453
38449,8220.302787
38450,9140.859616
38451,8324.925282
38452,8295.637703
38453,8314.988348
38454,7125.513585
38455,6481.328221
38456,7915.954307
38457,8048.189118
38458,6996.654801
38459,6490.864837
38460,7032.756804
38461,7164.517364
38462,7782.935877
38463,6611.788724
38464,6871.348069
38465,8286.348751
38466,6616.567771
38467,8307.915461
38468,6483.295538
38469,6637.046921
38470,6524.912073
38471,7133.938082
38472,8307.65964
38473,6742.438834
38474,7765.989225
38475,7895.759114
38476,8049.110306
38477,6506.92795
38478,7002.476947
38479,7943.334859
38480,8292.043988
38481,6741.112052
38482,7812.473747
38483,8178.883066
38484,7919.731286
38485,8178.502736
38486,6869.001425
38487,6768.342996
38488,8200.110372
38489,6494.20337
38490,6507.763789
38491,8156.356559
38492,8026.039406
38493,8072.582734
38494,6900.454784
38495,8611.207899
38496,7582.323496
38497,7845.942651
38498,7573.31141
38499,8682.572434
38500,7506.110942
38501,7766.218204
38502,7846.834459
38503,8600.537112
38504,8334.875458
38505,7509.82714
38506,7647.704199
38507,8482.328849
38508,7642.649542
38509,7710.354049
38510,8546.00675
38511,8467.521471
38512,8480.672106
38513,7713.273275
38514,7769.821274
38515,7777.819277
38516,7779.314937
38517,8459.587272
38518,7772.639636
38519,7575.888457
38520,8348.269203
38521,8392.360302
38522,8526.750216
38523,8533.866637
38524,7641.471144
38525,8325.223139
38526,8414.84335
38527,7781.985604
38528,7775.282899
38529,8616.572198
38530,8341.354182
38531,7710.039432
38532,7837.267492
38533,8401.252917
38534,7779.524347
38535,8549.843752
38536,5776.566349
38537,6982.643459
38538,5697.770082
38539,7055.532782
38540,7010.060639
38541,5728.284357
38542,5757.873478
38543,5722.675958
38544,5640.60894
38545,7017.32922
38546,5750.926814
38547,6995.084741
38548,5779.759527
38549,7025.591983
38550,5695.150979
38551,7099.665614
38552,5628.990524
38553,7037.12847
38554,5603.851409
38555,5723.150428
38556,5597.421225
38557,5749.39297
38558,7095.137592
38559,7010.742905
38560,5669.148736
38561,6982.841305
38562,5698.51691
38563,5668.305506
38564,5605.774297
38565,7064.126502
38566,7100.872497
38567,5613.076439
38568,5595.987727
38569,5618.74126
38570,7111.415347
38571,7046.156676
38572,7039.119595
38573,7073.635805
38574,7067.349724
38575,7084.254369
38576,5672.958373
38577,4329.604977
38578,4972.111401
38579,4670.445928
38580,4240.940771
38581,3874.977612
38582,3976.147692
38583,4057.937377
38584,3886.894197
38585,4857.588012
38586,3909.041754
38587,4996.658812
38588,4233.539423
38589,4623.135127
38590,4762.949884
38591,4093.299668
38592,4573.450905
38593,4425.149021
38594,3998.761336
38595,4715.144209
38596,3947.670537
38597,4042.182226
38598,4146.240699
38599,4951.692063
38600,4810.355882
38601,4910.200905
38602,3931.676283
38603,3904.694317
38604,5045.262361
38605,4766.807764
38606,4955.101797
38607,4527.162496
38608,4052.581349
38609,4861.807334
38610,4904.230676
38611,4188.25511
38612,3957.816561
38613,4719.414792
38614,4815.277659
38615,4137.562712
38616,3966.243938
38617,4283.418727
38618,10263.8764
38619,10194.82854
38620,8923.564286
38621,9079.56324
38622,9238.966319
38623,9145.29446
38624,10231.22891
38625,10397.93403
38626,10362.64157
38627,10438.25444
38628,8859.007636
38629,10372.73013
38630,9171.148843
38631,9055.041999
38632,8936.059501
38633,8988.866378
38634,10399.10358
38635,8901.190524
38636,9102.768507
38637,8951.392673
38638,8885.77015
38639,9014.926602
38640,10130.95644
38641,9135.104809
38642,8837.774107
38643,10298.31184
38644,10197.70101
38645,10427.68617
38646,9034.588907
38647,10264.79545
38648,8888.639631
38649,8826.156839
38650,10307.06188
38651,9202.459263
38652,10332.23174
38653,10464.12228
38654,8916.656978
38655,10241.24105
38656,10331.67273
38657,8967.275031
38658,10363.82972
38659,3772.659361
38660,4807.64487
38661,5110.147512
38662,4380.944592
38663,4273.799478
38664,5022.449658
38665,4733.71586
38666,4336.694314
38667,4699.606611
38668,4852.546307
38669,4240.62357
38670,5147.502314
38671,3764.491194
38672,4487.866163
38673,4134.235562
38674,4443.360162
38675,5116.823122
38676,5010.094474
38677,3725.794231
38678,5128.420476
38679,4639.689249
38680,4166.741166
38681,4060.014131
38682,4347.18755
38683,4230.678605
38684,4746.332203
38685,4028.034184
38686,4453.830823
38687,4840.863915
38688,3727.001902
38689,4687.020016
38690,4794.773302
38691,3746.471584
38692,4020.688675
38693,5052.874621
38694,4947.318576
38695,4915.42187
38696,3738.021203
38697,4902.633986
38698,4125.387685
38699,10492.11439
38700,10690.59355
38701,10530.44505
38702,11415.69868
38703,10757.3408
38704,11298.26144
38705,11364.21407
38706,11231.55406
38707,11679.20055
38708,10642.12617
38709,11655.99064
38710,10447.02028
38711,11612.9754
38712,11721.56195
38713,11525.23343
38714,10720.51687
38715,11641.47876
38716,10623.82091
38717,10823.52398
38718,10531.48648
38719,10419.70088
38720,11492.58591
38721,11656.70758
38722,11590.50865
38723,10458.60004
38724,11429.01667
38725,11528.17405
38726,10408.73232
38727,10656.26485
38728,10525.08427
38729,11480.70527
38730,10576.37891
38731,11592.99661
38732,10557.5457
38733,10470.16896
38734,10512.31993
38735,10593.33255
38736,10511.34063
38737,10482.61731
38738,11719.43539
38739,11546.64446
38740,6517.646927
38741,6630.396442
38742,5873.81885
38743,6605.389027
38744,6649.93455
38745,5789.721103
38746,5883.822602
38747,5810.40156
38748,5852.447456
38749,6533.579046
38750,6611.87297
38751,6630.240937
38752,6682.515702
38753,5924.320542
38754,6669.512276
38755,5769.894546
38756,5831.248426
38757,5863.82428
38758,5832.280123
38759,6492.46514
38760,5850.836259
38761,6589.445391
38762,6723.072145
38763,6554.461585
38764,5854.664681
38765,5810.525689
38766,5757.077615
38767,5831.767703
38768,5903.922757
38769,6661.505802
38770,6703.021167
38771,6513.351872
38772,5945.067169
38773,6593.375646
38774,5797.100177
38775,5816.537065
38776,5742.900897
38777,6574.351603
38778,5895.067262
38779,6610.136044
38780,4909.262059
38781,4335.108761
38782,4997.588608
38783,4826.321002
38784,4899.721865
38785,4466.561237
38786,4831.497071
38787,4328.034591
38788,4984.891722
38789,4378.300694
38790,4251.11792
38791,4453.686406
38792,4831.009829
38793,4349.707429
38794,4874.324948
38795,4263.937419
38796,4306.281846
38797,4287.434795
38798,4949.768586
38799,4393.948877
38800,4851.036476
38801,4421.932991
38802,4438.534697
38803,4917.165186
38804,4990.118319
38805,4868.196517
38806,4431.927353
38807,4410.498459
38808,4468.388755
38809,4436.438038
38810,4441.015448
38811,4955.736267
38812,4452.789772
38813,5026.25342
38814,4959.814826
38815,4872.70567
38816,4942.714556
38817,4914.205253
38818,4432.50376
38819,4368.950721
38820,4292.676445
38821,7888.785749
38822,6850.054838
38823,6802.550579
38824,6850.099397
38825,6796.937608
38826,7740.975913
38827,6820.01463
38828,6773.258365
38829,7886.090803
38830,6765.638359
38831,6848.493365
38832,6802.477363
38833,7780.113427
38834,7741.007724
38835,6847.852208
38836,7741.159489
38837,6793.795149
38838,6768.273517
38839,7826.521575
38840,6770.742897
38841,7806.387406
38842,7821.75972
38843,7890.541841
38844,7804.760861
38845,6848.121166
38846,6849.004952
38847,6794.616445
38848,6880.404666
38849,7820.396613
38850,7883.103866
38851,6793.475397
38852,6914.896627
38853,6799.816148
38854,7741.239272
38855,7939.968947
38856,7890.985057
38857,7825.331508
38858,7939.294797
38859,7823.600002
38860,6766.433245
38861,6765.558251
38862,5415.864683
38863,6007.991793
38864,5886.29079
38865,6009.666556
38866,5409.687636
38867,6487.620469
38868,6887.595522
38869,5932.637632
38870,6530.062419
38871,6056.028532
38872,5438.316179
38873,6362.89939
38874,5763.115371
38875,5640.44005
38876,6765.632936
38877,6477.550555
38878,5808.567473
38879,5886.422091
38880,6611.617582
38881,5411.775467
38882,6734.216171
38883,6847.457513
38884,6520.698698
38885,5446.220257
38886,6643.321773
38887,5526.407513
38888,5518.365504
38889,5684.472935
38890,6407.195694
38891,5765.724432
38892,6354.341942
38893,6873.70193
38894,5645.815801
38895,5560.939351
38896,6601.204523
38897,5419.97624
38898,6771.868161
38899,6724.663941
38900,5422.165478
38901,6651.650583
38902,6855.125027
38903,7588.304633
38904,6852.079485
38905,7964.216401
38906,8192.98905
38907,5855.379338
38908,5835.157778
38909,7011.787784
38910,8051.205017
38911,5865.70297
38912,7515.033852
38913,7483.067735
38914,6980.686773
38915,5838.596792
38916,7735.235603
38917,6780.248408
38918,6751.039535
38919,6548.182364
38920,6523.284197
38921,7355.638334
38922,7283.939455
38923,5834.471201
38924,6316.314703
38925,8173.969539
38926,6293.2087
38927,7251.929849
38928,8174.7323
38929,5846.731117
38930,7820.412777
38931,7744.909788
38932,7944.496786
38933,7083.0685
38934,6522.227006
38935,7973.366839
38936,5839.561829
38937,6066.829733
38938,7505.880061
38939,6063.875436
38940,8280.302176
38941,7714.107533
38942,6085.268959
38943,6294.250849
38944,7655.463248
38945,8067.776409
38946,7982.513354
38947,7365.791329
38948,7986.685204
38949,7505.070422
38950,8368.13629
38951,8371.439959
38952,7916.006768
38953,7136.043884
38954,7353.877302
38955,7286.407113
38956,7515.063199
38957,6900.933505
38958,7437.230507
38959,6879.367932
38960,6922.63265
38961,8497.9624
38962,8436.338323
38963,8348.707383
38964,7217.231814
38965,7836.85089
38966,8199.258588
38967,6947.220275
38968,7202.441458
38969,8280.819065
38970,8286.787973
38971,8049.717922
38972,6837.084169
38973,6803.278219
38974,8132.354237
38975,6920.118232
38976,8136.800495
38977,6986.231708
38978,6776.253611
38979,8218.665214
38980,8427.850598
38981,7587.795625
38982,8515.962841
38983,7069.537915
38984,7051.319339
38985,4306.793906
38986,4128.577847
38987,4076.205815
38988,4037.805163
38989,3692.271736
38990,3978.240099
38991,3730.239048
38992,4370.779808
38993,3909.529846
38994,3781.699878
38995,4194.10123
38996,4336.752235
38997,3870.90209
38998,3461.77278
38999,3820.285112
39000,3640.117357
39001,3817.958363
39002,4282.670065
39003,4067.531358
39004,3426.77609
39005,3391.04334
39006,3603.276321
39007,4298.830693
39008,3730.252873
39009,4247.471211
39010,4218.47823
39011,3514.754979
39012,4164.988391
39013,4337.751801
39014,3474.755469
39015,3485.677608
39016,4105.197248
39017,3399.559226
39018,4157.528615
39019,4393.211292
39020,3495.696334
39021,4252.201313
39022,3558.822607
39023,3643.85608
39024,3550.494884
39025,3456.125416
39026,4880.538067
39027,4340.030173
39028,4150.640258
39029,4248.913464
39030,3937.149235
39031,4237.936837
39032,4255.272629
39033,4359.640606
39034,4037.353227
39035,4862.377777
39036,4782.250309
39037,5179.174016
39038,3834.154406
39039,4775.206572
39040,4758.700138
39041,5077.186432
39042,3935.564276
39043,5191.27962
39044,4974.922087
39045,5173.199534
39046,5089.165205
39047,4985.443859
39048,3851.965486
39049,5175.989705
39050,3838.261441
39051,4872.314455
39052,5070.160855
39053,4988.849415
39054,4886.160578
39055,4352.427627
39056,4046.404664
39057,3943.051578
39058,3837.542374
39059,5090.116111
39060,3830.003603
39061,4136.90806
39062,4036.782465
39063,3840.756245
39064,4966.405652
39065,3848.279336
39066,4139.726187
39067,6596.376559
39068,8118.337703
39069,6527.852329
39070,6611.627172
39071,7792.259401
39072,6367.476055
39073,6678.443309
39074,7961.937918
39075,8038.706062
39076,6289.193303
39077,6167.948585
39078,8040.058379
39079,8097.545612
39080,6296.019717
39081,7875.60198
39082,8106.415034
39083,7787.315015
39084,8108.143073
39085,6513.701525
39086,6531.860165
39087,7883.641273
39088,7958.015493
39089,6452.632861
39090,7860.127848
39091,6173.431799
39092,6350.138446
39093,7867.967563
39094,8117.416704
39095,6243.062311
39096,6174.498585
39097,8019.951975
39098,6609.51604
39099,6184.889285
39100,6447.027611
39101,6431.347206
39102,8027.79014
39103,7940.82489
39104,7948.270783
39105,6171.248296
39106,6226.668859
39107,6374.057281
39108,9638.344157
39109,7672.692055
39110,9355.550909
39111,7726.34576
39112,7843.108715
39113,7724.346124
39114,7489.845335
39115,7255.755355
39116,9286.597706
39117,9234.237326
39118,9700.642754
39119,9271.5321
39120,9521.342051
39121,7606.187153
39122,7552.222138
39123,9404.181244
39124,7255.815163
39125,9701.1091
39126,7372.044319
39127,9595.734399
39128,9225.803128
39129,7207.740662
39130,9713.517245
39131,7253.905262
39132,7792.915875
39133,7313.006506
39134,7607.703119
39135,7260.54803
39136,7372.627349
39137,9345.306839
39138,9509.440171
39139,9476.289602
39140,7194.901295
39141,9583.282392
39142,7845.652543
39143,9626.207996
39144,7432.166956
39145,9464.616249
39146,7488.770107
39147,9391.174263
39148,7271.014408
39149,10000.67834
39150,10007.74438
39151,10092.81718
39152,11047.39764
39153,10100.25426
39154,10025.75898
39155,11058.56859
39156,11051.48513
39157,10987.45595
39158,10015.35478
39159,10992.42781
39160,10957.04558
39161,10045.00298
39162,10079.02108
39163,10954.59528
39164,9994.800684
39165,10019.70398
39166,10107.72037
39167,10005.20667
39168,10038.23882
39169,11065.13639
39170,10116.51653
39171,10096.65365
39172,11075.2651
39173,11008.4637
39174,11015.7043
39175,11022.09576
39176,10052.91038
39177,10085.69464
39178,10979.7704
39179,11000.57019
39180,11062.9236
39181,11055.66648
39182,10031.85853
39183,9985.619722
39184,10971.42121
39185,10962.83733
39186,10072.81824
39187,9989.941099
39188,11069.45521
39189,5350.753288
39190,5558.519432
39191,5921.661473
39192,5355.460965
39193,5419.564419
39194,5514.845568
39195,6026.420085
39196,6041.249496
39197,5872.538186
39198,5614.175904
39199,5431.010461
39200,5394.572898
39201,5496.172446
39202,5574.256351
39203,5623.796766
39204,5390.437082
39205,5513.769902
39206,5864.528917
39207,6017.742921
39208,5457.843572
39209,5950.954061
39210,5961.761527
39211,5988.850961
39212,5972.048021
39213,5534.912386
39214,5472.249429
39215,5551.666544
39216,6012.809662
39217,6001.655054
39218,5474.388231
39219,5555.355049
39220,6091.223872
39221,5434.230701
39222,5912.26509
39223,5901.683799
39224,5567.131659
39225,5940.242524
39226,5555.183285
39227,5978.809381
39228,5862.808685
39229,6052.534546
39230,5721.93614
39231,6443.232136
39232,5723.036155
39233,5907.571807
39234,5871.981126
39235,5770.885556
39236,5905.576467
39237,5855.691851
39238,6544.070091
39239,6005.494747
39240,6668.33161
39241,6484.757659
39242,5786.642858
39243,6532.881889
39244,5916.059639
39245,5858.828416
39246,5829.124665
39247,5955.819259
39248,6638.722191
39249,5961.766793
39250,6599.808014
39251,6581.210206
39252,6507.578851
39253,6554.57656
39254,6573.784572
39255,5806.93001
39256,5719.071252
39257,5811.172778
39258,5956.972587
39259,6437.499945
39260,6592.445427
39261,5764.664864
39262,6494.02582
39263,5728.913852
39264,6652.503351
39265,6458.97028
39266,5743.618417
39267,6620.988736
39268,5759.651273
39269,6629.224071
39270,6526.704672
39271,5168.05216
39272,5412.802056
39273,4957.522188
39274,4749.758038
39275,7104.889735
39276,4786.485626
39277,7286.915995
39278,4761.706685
39279,7074.303414
39280,5199.04609
39281,5379.238892
39282,5591.027059
39283,7759.274238
39284,6889.943875
39285,5840.843476
39286,5803.225765
39287,7533.249308
39288,4743.392099
39289,7498.129418
39290,5591.578533
39291,5378.66924
39292,7732.143297
39293,5626.915624
39294,4743.731469
39295,7335.961234
39296,4774.000972
39297,7730.873042
39298,7518.830475
39299,7306.374239
39300,5804.831462
39301,6860.616347
39302,4986.048726
39303,7124.110107
39304,4747.570522
39305,7093.769371
39306,7745.424263
39307,6881.362389
39308,4954.548258
39309,7319.567726
39310,7547.696163
39311,5166.301949
39312,6079.730608
39313,6902.018121
39314,6088.192741
39315,6084.398518
39316,6934.686717
39317,6093.630067
39318,6907.546149
39319,6036.060045
39320,6023.595108
39321,6087.999248
39322,6021.811724
39323,6898.326376
39324,6887.417821
39325,6086.437877
39326,6085.47291
39327,6842.457793
39328,6020.8918
39329,6091.024974
39330,6105.927755
39331,6029.184171
39332,6085.794815
39333,6899.389723
39334,6032.131938
39335,6026.164209
39336,6084.30496
39337,6823.281632
39338,6889.65948
39339,6824.314442
39340,6884.891609
39341,6882.616895
39342,6084.97826
39343,6822.019749
39344,6090.121765
39345,6934.281151
39346,6093.665262
39347,6840.22428
39348,6881.181101
39349,6084.788314
39350,6820.55772
39351,6908.349952
39352,6905.306707
39353,4674.650989
39354,5872.992049
39355,4791.845588
39356,4961.222447
39357,5608.013483
39358,4980.741012
39359,4371.692017
39360,4371.290916
39361,4347.780952
39362,6021.197525
39363,5103.407694
39364,4836.478466
39365,4338.813775
39366,6182.395471
39367,4667.762591
39368,4648.28792
39369,4523.268392
39370,5461.712877
39371,5898.659843
39372,4817.594753
39373,4379.524755
39374,4812.891536
39375,4958.28325
39376,5105.465987
39377,0
39378,0
39379,0
39380,0
39381,0
39382,0
39383,0
39384,0
39385,0
39386,0
39387,0
39388,0
39389,0
39390,0
39391,0
39392,0
39393,0
39394,0
39395,0
39396,0
39397,0
39398,0
39399,0
39400,0
39401,0
39402,0
39403,0
39404,0
39405,0
39406,0
39407,0
39408,0
39409,0
39410,0
39411,0
39412,0
39413,0
39414,0
39415,0
39416,0
39417,0
39418,0
39419,0
39420,0
39421,0
39422,0
39423,0
39424,0
39425,0
39426,0
39427,0
39428,0
39429,0
39430,0
39431,0
39432,0
39433,0
39434,0
39435,0
39436,0
39437,0
39438,0
39439,0
39440,0
39441,0
39442,0
39443,0
39444,0
39445,0
39446,0
39447,0
39448,0
39449,0
39450,0
39451,0
39452,0
39453,0
39454,0
39455,0
39456,0
39457,0
39458,0
39459,0
39460,0
39461,0
39462,0
39463,0
39464,0
39465,0
39466,0
39467,0
39468,5729.003492
39469,0
39470,0
39471,0
39472,0
39473,0
39474,0
39475,0
39476,0
39477,0
39478,0
39479,0
39480,0
39481,0
39482,0
39483,0
39484,0
39485,0
39486,0
39487,0
39488,0
39489,0
39490,0
39491,0
39492,0
39493,0
39494,0
39495,0
39496,0
39497,0
39498,0
39499,0
39500,0
39501,0
39502,0
39503,0
39504,0
39505,0
39506,0
39507,0
39508,0
39509,0
39510,0
39511,0
39512,0
39513,0
39514,0
39515,0
39516,0
39517,0
39518,0
39519,0
39520,0
39521,0
39522,0
39523,0
39524,0
39525,0
39526,0
39527,0
39528,0
39529,0
39530,0
39531,0
39532,0
39533,0
39534,0
39535,0
39536,6039.764504
39537,0
39538,0
39539,0
39540,0
39541,0
39542,0
39543,0
39544,0
39545,0
39546,0
39547,0
39548,0
39549,0
39550,0
39551,0
39552,0
39553,0
39554,0
39555,0
39556,0
39557,0
39558,0
39559,0
39560,0
39561,0
39562,0
39563,0
39564,0
39565,0
39566,0
39567,0
39568,0
39569,0
39570,0
39571,0
39572,0
39573,0
39574,0
39575,0
39576,0
39577,5753.885232
39578,5876.000044
39579,0
39580,0
39581,0
39582,0
39583,0
39584,0
39585,0
39586,4361.699827
39587,0
39588,0
39589,0
39590,0
39591,0
39592,0
39593,0
39594,0
39595,0
39596,0
39597,0
39598,0
39599,0
39600,0
39601,0
39602,0
39603,0
39604,0
39605,5730.101848
39606,0
39607,0
39608,0
39609,0
39610,0
39611,0
39612,0
39613,0
39614,0
39615,6165.281344
39616,0
39617,0
39618,0
39619,0
39620,0
39621,0
39622,0
39623,0
39624,0
39625,0
39626,0
39627,0
39628,0
39629,0
39630,0
39631,0
39632,0
39633,4532.281699
39634,0
39635,0
39636,0
39637,0
39638,0
39639,0
39640,0
39641,0
39642,0
39643,0
39644,0
39645,0
39646,0
39647,0
39648,0
39649,0
39650,4390.278012
39651,0
39652,0
39653,0
39654,0
39655,0
39656,0
39657,0
39658,0
39659,0
39660,0
39661,0
39662,0
39663,0
39664,0
39665,0
39666,0
39667,0
39668,0
39669,0
39670,0
39671,0
39672,0
39673,0
39674,0
39675,0
39676,0
39677,0
39678,0
39679,0
39680,0
39681,0
39682,0
39683,0
39684,0
39685,0
39686,0
39687,0
39688,0
39689,0
39690,0
39691,0
39692,0
39693,0
39694,0
39695,0
39696,0
39697,0
39698,0
39699,0
39700,0
39701,0
39702,0
39703,0
39704,0
39705,0
39706,0
39707,0
39708,0
39709,0
39710,0
39711,0
39712,5584.179402
39713,0
39714,0
39715,0
39716,0
39717,0
39718,0
39719,0
39720,0
39721,0
39722,0
39723,0
39724,0
39725,0
39726,5896.561191
39727,0
39728,0
39729,0
39730,0
39731,0
39732,0
39733,0
39734,0
39735,0
39736,0
39737,0
39738,0
39739,0
39740,0
39741,0
39742,0
39743,0
39744,0
39745,0
39746,0
39747,0
39748,0
39749,0
39750,0
39751,0
39752,0
39753,0
39754,0
39755,0
39756,0
39757,0
39758,0
39759,0
39760,0
39761,0
39762,0
39763,0
39764,0
39765,0
39766,0
39767,0
39768,0
39769,5752.603516
39770,0
39771,0
39772,0
39773,0
39774,0
39775,0
39776,0
39777,0
39778,0
39779,4504.971828
39780,0
39781,0
39782,0
39783,6193.833261
39784,0
39785,0
39786,0
39787,0
39788,0
39789,0
39790,0
39791,0
39792,0
39793,0
39794,0
39795,0
39796,0
39797,0
39798,0
39799,0
39800,0
39801,0
39802,0
39803,0
39804,0
39805,0
39806,0
39807,0
39808,0
39809,0
39810,5583.954664
39811,0
39812,0
39813,0
39814,0
39815,0
39816,0
39817,0
39818,0
39819,0
39820,0
39821,0
39822,0
39823,0
39824,6015.744977
39825,0
39826,0
39827,0
39828,0
39829,0
39830,0
39831,0
39832,0
39833,0
39834,0
39835,0
39836,0
39837,0
39838,0
39839,0
39840,0
39841,0
39842,0
39843,0
39844,0
39845,0
39846,0
39847,0
39848,0
39849,0
39850,0
39851,0
39852,0
39853,0
39854,0
39855,0
39856,0
39857,0
39858,0
39859,0
39860,0
39861,0
39862,0
39863,0
39864,0
39865,0
39866,0
39867,0
39868,0
39869,0
39870,0
39871,0
39872,0
39873,0
39874,0
39875,0
39876,0
39877,0
39878,0
39879,0
39880,0
39881,0
39882,0
39883,0
39884,0
39885,0
39886,0
39887,0
39888,0
39889,0
39890,0
39891,0
39892,0
39893,0
39894,0
39895,0
39896,0
39897,0
39898,0
39899,6041.983765
39900,0
39901,0
39902,0
39903,0
39904,0
39905,0
39906,0
39907,0
39908,0
39909,0
39910,0
39911,0
39912,0
39913,0
39914,0
39915,0
39916,0
39917,0
39918,0
39919,0
39920,0
39921,0
39922,0
39923,0
39924,0
39925,0
39926,0
39927,0
39928,0
39929,0
39930,0
39931,0
39932,0
39933,0
39934,0
39935,0
39936,0
39937,0
39938,0
39939,0
39940,0
39941,0
39942,0
39943,9902.127526
39944,9822.565299
39945,0
39946,0
39947,0
39948,0
39949,0
39950,0
39951,0
39952,0
39953,0
39954,0
39955,0
39956,0
39957,0
39958,0
39959,0
39960,0
39961,0
39962,0
39963,0
39964,0
39965,0
39966,0
39967,0
39968,0
39969,0
39970,0
39971,0
39972,9705.79195
39973,0
39974,0
39975,0
39976,0
39977,0
39978,0
39979,0
39980,0
39981,0
39982,0
39983,0
39984,0
39985,0
39986,0
39987,0
39988,0
39989,0
39990,0
39991,0
39992,0
39993,0
39994,0
39995,0
39996,0
39997,0
39998,0
39999,0
40000,0
40001,0
40002,0
40003,0
40004,0
40005,0
40006,0
40007,0
40008,0
40009,0
40010,0
40011,0
40012,0
40013,0
40014,0
40015,0
40016,0
40017,0
40018,0
40019,0
40020,0
40021,0
40022,0
40023,0
40024,0
40025,0
40026,0
40027,0
40028,0
40029,0
40030,0
40031,0
40032,0
40033,0
40034,0
40035,0
40036,0
40037,0
40038,0
40039,0
40040,0
40041,0
40042,10891.69277
40043,0
40044,0
40045,0
40046,9652.671135
40047,0
40048,0
40049,0
40050,0
40051,0
40052,0
40053,0
40054,0
40055,0
40056,0
40057,0
40058,0
40059,0
40060,0
40061,0
40062,0
40063,0
40064,0
40065,0
40066,0
40067,0
40068,0
40069,0
40070,0
40071,0
40072,0
40073,0
40074,0
40075,0
40076,0
40077,0
40078,0
40079,0
40080,0
40081,0
40082,0
40083,0
40084,0
40085,0
40086,0
40087,0
40088,0
40089,0
40090,0
40091,0
40092,0
40093,0
40094,0
40095,0
40096,0
40097,9559.496102
40098,0
40099,0
40100,0
40101,0
40102,0
40103,0
40104,0
40105,0
40106,0
40107,0
40108,0
40109,0
40110,0
40111,0
40112,10975.84546
40113,0
40114,0
40115,0
40116,0
40117,0
40118,0
40119,0
40120,0
40121,0
40122,0
40123,0
40124,0
40125,0
40126,0
40127,0
40128,0
40129,0
40130,0
40131,0
40132,0
40133,0
40134,0
40135,0
40136,0
40137,0
40138,0
40139,0
40140,0
40141,0
40142,0
40143,0
40144,0
40145,0
40146,0
40147,0
40148,0
40149,0
40150,0
40151,0
40152,0
40153,0
40154,0
40155,0
40156,0
40157,0
40158,0
40159,0
40160,0
40161,0
40162,0
40163,0
40164,0
40165,0
40166,0
40167,0
40168,0
40169,0
40170,0
40171,0
40172,0
40173,0
40174,0
40175,0
40176,9867.650087
40177,0
40178,0
40179,0
40180,0
40181,0
40182,0
40183,0
40184,0
40185,0
40186,0
40187,0
40188,0
40189,0
40190,0
40191,0
40192,0
40193,0
40194,0
40195,0
40196,0
40197,0
40198,0
40199,0
40200,0
40201,0
40202,0
40203,0
40204,0
40205,0
40206,0
40207,0
40208,0
40209,0
40210,0
40211,0
40212,0
40213,0
40214,0
40215,0
40216,0
40217,10885.34487
40218,10877.27432
40219,0
40220,0
40221,0
40222,0
40223,0
40224,0
40225,0
40226,0
40227,0
40228,0
40229,0
40230,0
40231,0
40232,0
40233,9735.866564
40234,9696.089488
40235,9888.638437
40236,9857.972487
40237,9741.206355
40238,10921.56176
40239,9754.222877
40240,10927.29892
40241,9807.125019
40242,9657.869605
40243,9832.500817
40244,9611.430309
40245,9802.130897
40246,11067.62298
40247,11023.08199
40248,9566.958522
40249,10847.19378
40250,11016.7979
40251,11110.47161
40252,10969.47957
40253,9694.137205
40254,9786.844625
40255,9778.575054
40256,10934.43486
40257,9602.487466
40258,10842.95701
40259,10814.96651
40260,10965.69097
40261,11009.53524
40262,11012.63309
40263,10976.92875
40264,8038.321456
40265,7483.132847
40266,7774.273219
40267,8145.834115
40268,9265.889387
40269,7420.840625
40270,7644.643688
40271,7879.410116
40272,7774.476563
40273,9000.16578
40274,7643.507952
40275,9254.663918
40276,7614.178634
40277,9482.15064
40278,7905.154959
40279,8012.817618
40280,9104.358652
40281,8990.506003
40282,8972.15101
40283,9352.472486
40284,9396.225712
40285,7515.50152
40286,9235.109163
40287,7905.940378
40288,9122.96055
40289,7425.829747
40290,7423.577841
40291,7436.098557
40292,7419.399753
40293,8865.872874
40294,9385.356109
40295,7746.343799
40296,9133.75587
40297,8036.574751
40298,7496.1798
40299,7513.512133
40300,9092.066415
40301,9421.872592
40302,9222.541207
40303,9364.343825
40304,8857.862718
40305,11824.91562
40306,11577.20482
40307,11650.45153
40308,12315.80052
40309,11974.74565
40310,11604.04912
40311,12433.72137
40312,11730.59261
40313,12588.10512
40314,12201.17786
40315,12541.53875
40316,12301.1571
40317,11741.29751
40318,12594.65968
40319,11850.23739
40320,12462.31493
40321,12513.94696
40322,12353.58693
40323,11811.25378
40324,11908.68954
40325,11767.50036
40326,12668.93093
40327,11933.04639
40328,12170.75627
40329,12622.86912
40330,11892.66626
40331,11685.33337
40332,12135.97381
40333,12142.88233
40334,12252.22025
40335,12273.16083
40336,12186.41386
40337,12216.70832
40338,12542.47975
40339,12704.52151
40340,11658.59112
40341,12623.17504
40342,12506.89373
40343,12425.26187
40344,12381.98683
40345,4663.802522
40346,4699.511787
40347,5076.213106
40348,4680.451085
40349,4365.160442
40350,4677.441789
40351,4891.631599
40352,4491.630414
40353,4360.227479
40354,5005.29337
40355,4665.419052
40356,4791.144868
40357,4898.891033
40358,4690.882544
40359,4564.992109
40360,4870.74406
40361,4562.05836
40362,4878.033361
40363,4970.070855
40364,4765.532748
40365,4591.005429
40366,4799.187102
40367,4464.842504
40368,4460.751259
40369,4672.830187
40370,4976.976113
40371,5069.863465
40372,4866.867707
40373,4867.570213
40374,5104.306151
40375,4998.53137
40376,4392.735796
40377,4779.25139
40378,4895.207111
40379,4872.738274
40380,4765.886732
40381,4861.701186
40382,4906.20871
40383,4806.953158
40384,4771.728652
40385,5350.519157
40386,5513.826352
40387,5534.999521
40388,6347.228267
40389,5451.67097
40390,5331.981642
40391,6409.593507
40392,5278.670785
40393,6165.791589
40394,6102.01531
40395,5391.140969
40396,6284.649444
40397,6230.194408
40398,5226.381364
40399,6391.807971
40400,6136.074373
40401,6345.888903
40402,5243.1055
40403,6193.872363
40404,5541.091617
40405,5470.105136
40406,6257.682759
40407,5273.505948
40408,5413.441925
40409,6221.786614
40410,6358.270666
40411,5599.482564
40412,6380.846575
40413,5211.952726
40414,5405.452481
40415,6266.489554
40416,5288.218387
40417,5214.883473
40418,6294.528524
40419,5341.561533
40420,6201.627901
40421,6320.030619
40422,5261.739238
40423,5477.15669
40424,5301.714934
40425,6329.986893
40426,10224.01803
40427,9911.48086
40428,9245.54843
40429,10019.24706
40430,10184.58118
40431,10236.78445
40432,9812.054845
40433,10128.75882
40434,9989.604224
40435,10099.99662
40436,9502.629501
40437,10240.85989
40438,10076.29125
40439,10273.54909
40440,10273.13195
40441,9895.110201
40442,9965.344633
40443,9300.67355
40444,9191.598737
40445,9390.02294
40446,10036.28571
40447,9280.158785
40448,9334.71573
40449,10131.89676
40450,10218.82342
40451,10004.47541
40452,10123.06672
40453,10163.02709
40454,10179.56859
40455,9950.059089
40456,9446.076001
40457,10073.63757
40458,10045.3896
40459,10153.73375
40460,10058.58067
40461,10217.93416
40462,10169.8976
40463,10112.78549
40464,10094.58664
40465,10106.12272
40466,9357.103202
40467,9414.629938
40468,10207.12253
40469,10290.4112
40470,7742.388902
40471,6621.036722
40472,8173.543722
40473,8676.259773
40474,7840.856293
40475,8487.41776
40476,6478.257794
40477,6674.346015
40478,8596.2914
40479,6515.451819
40480,7487.945742
40481,9249.419892
40482,7527.843697
40483,8134.099655
40484,6834.779737
40485,6567.821445
40486,8378.428777
40487,7270.031118
40488,7052.193095
40489,6839.243254
40490,8459.898188
40491,8705.769816
40492,8025.619738
40493,8275.439346
40494,9139.533051
40495,7623.614513
40496,6784.429302
40497,8534.917366
40498,8814.404257
40499,6618.002522
40500,7705.501306
40501,6731.342461
40502,8058.19382
40503,7957.632806
40504,9032.246734
40505,7917.400486
40506,8563.640737
40507,6677.233988
40508,6691.71134
40509,8242.97669
40510,8389.948179
40511,8923.295925
40512,9354.285646
40513,7922.272041
40514,8349.532763
40515,6892.386957
40516,8492.361623
40517,6893.565141
40518,4195.401465
40519,5607.228159
40520,5725.845179
40521,4595.31003
40522,6024.279956
40523,4038.98498
40524,6166.994131
40525,6184.394696
40526,6042.094217
40527,4324.016304
40528,4339.955811
40529,4053.762963
40530,5869.872542
40531,4775.155723
40532,5624.798742
40533,5581.908106
40534,4485.118877
40535,5911.651051
40536,5768.882082
40537,4181.195622
40538,4051.767376
40539,4169.772605
40540,4311.010971
40541,4630.377108
40542,4467.548217
40543,4452.813081
40544,4756.262464
40545,5753.104882
40546,4030.868042
40547,6053.068535
40548,4069.946928
40549,5738.574633
40550,6146.582246
40551,6156.766523
40552,5881.49857
40553,4738.471951
40554,5898.252609
40555,6013.589593
40556,4028.875617
40557,4072.379988
40558,4611.75285
40559,9287.431314
40560,10763.27661
40561,10835.01661
40562,9450.226779
40563,9159.221675
40564,11444.31161
40565,11284.1228
40566,11412.32072
40567,9125.299734
40568,9077.953054
40569,9613.200378
40570,9237.287494
40571,9643.893557
40572,9558.979559
40573,10672.44325
40574,10893.5209
40575,11252.18824
40576,8931.417279
40577,8998.888067
40578,11289.23305
40579,8885.880114
40580,8919.407379
40581,11090.36706
40582,10997.65427
40583,11375.03793
40584,8979.548695
40585,9015.773068
40586,9775.736374
40587,10962.50932
40588,8964.053132
40589,9397.650862
40590,9320.151096
40591,8842.277838
40592,10927.16521
40593,9481.76109
40594,11215.90588
40595,8808.088215
40596,11159.75369
40597,11320.96763
40598,11055.38817
40599,11123.56869
40600,6618.892841
40601,6591.11144
40602,6675.968726
40603,7314.585614
40604,6586.313706
40605,6594.73175
40606,6560.651034
40607,7285.268663
40608,6647.216394
40609,7408.708066
40610,6508.920206
40611,7367.67305
40612,7291.154204
40613,7376.015394
40614,7465.427619
40615,6678.872514
40616,6634.530444
40617,7437.423139
40618,6534.261096
40619,7344.001048
40620,6567.48669
40621,6650.360216
40622,7373.02971
40623,7395.535411
40624,6493.589779
40625,6588.405072
40626,7379.578338
40627,7350.436324
40628,6563.742566
40629,7432.638701
40630,6458.790171
40631,7256.606058
40632,6483.985488
40633,7404.550412
40634,7311.486374
40635,6622.312927
40636,6704.885506
40637,7460.12697
40638,7339.693351
40639,6612.150721
40640,5115.387122
40641,5897.631736
40642,5862.769089
40643,5134.442727
40644,5082.392187
40645,5860.961429
40646,5096.769678
40647,5093.014996
40648,5940.50784
40649,5104.909145
40650,5060.792892
40651,5942.628175
40652,5071.844426
40653,5154.392831
40654,5137.044186
40655,5114.987154
40656,5919.164971
40657,5040.135422
40658,5903.863708
40659,5175.371062
40660,5139.657176
40661,5945.167515
40662,5922.459338
40663,5986.254812
40664,5884.072509
40665,5877.069957
40666,5940.823853
40667,5151.507996
40668,5077.948037
40669,5141.532547
40670,5881.815547
40671,5128.079044
40672,5902.237726
40673,5962.377991
40674,5137.417482
40675,5182.103048
40676,5922.394996
40677,5032.211859
40678,5966.332488
40679,5051.627759
40680,5922.741326
40681,5256.524198
40682,5041.28654
40683,5434.243544
40684,5233.26142
40685,5163.585513
40686,5349.798463
40687,5790.602068
40688,5807.960539
40689,5229.435061
40690,6184.867863
40691,5416.212683
40692,5412.810515
40693,5071.034993
40694,5892.002984
40695,5409.253557
40696,6160.112606
40697,5999.473649
40698,5135.094592
40699,5323.950068
40700,5876.380097
40701,5968.615983
40702,5784.105701
40703,6153.509044
40704,6067.868177
40705,5985.139186
40706,4948.250779
40707,5906.360195
40708,5787.331566
40709,5139.603058
40710,4953.490112
40711,5046.295148
40712,4978.801143
40713,6060.944639
40714,5883.228274
40715,6078.124217
40716,5975.618149
40717,5437.693617
40718,5406.538878
40719,5327.021582
40720,6092.317781
40721,5515.651353
40722,4499.855608
40723,5520.778197
40724,5492.892512
40725,5540.504284
40726,4526.373915
40727,4549.918941
40728,4574.502226
40729,4553.034841
40730,5383.892497
40731,4475.816714
40732,4527.499744
40733,5490.807079
40734,5480.873391
40735,5464.027759
40736,4549.717701
40737,4480.860956
40738,4524.354057
40739,4579.784428
40740,4607.629692
40741,5453.549731
40742,4593.242253
40743,4503.383907
40744,5489.995952
40745,4542.198763
40746,5506.839059
40747,4600.294192
40748,4664.470787
40749,5531.387169
40750,5438.981775
40751,5467.588293
40752,5409.855148
40753,5465.705017
40754,4492.523726
40755,5410.6085
40756,4620.576321
40757,4474.614332
40758,5494.972926
40759,5437.472708
40760,4480.355127
40761,4636.090124
40762,5885.506231
40763,4429.891221
40764,4646.81897
40765,4609.330987
40766,5563.324874
40767,5742.712489
40768,5921.374076
40769,5345.218499
40770,4793.110928
40771,5707.483166
40772,4971.814667
40773,5887.259516
40774,4615.164996
40775,4250.747852
40776,5164.03498
40777,4789.079945
40778,5562.325118
40779,5203.422239
40780,4466.374315
40781,5008.222911
40782,5383.373917
40783,4286.598065
40784,4250.904119
40785,4437.845022
40786,5893.69731
40787,5383.268884
40788,4250.461297
40789,5346.570781
40790,4252.669824
40791,5148.909202
40792,5527.451827
40793,5165.204502
40794,5151.173435
40795,5188.168497
40796,4969.014749
40797,5707.206582
40798,4289.906966
40799,4827.599115
40800,4260.666816
40801,5740.100509
40802,5526.62439
40803,5444.391109
40804,7010.268853
40805,4857.253732
40806,5429.819766
40807,6829.594601
40808,6998.248321
40809,7060.045703
40810,6949.241532
40811,6887.70593
40812,5315.867778
40813,5490.393152
40814,5382.299695
40815,5320.647796
40816,5429.0062
40817,7064.227614
40818,5368.942063
40819,5491.009365
40820,7015.964521
40821,5327.613744
40822,6954.490721
40823,7071.174562
40824,6935.609293
40825,5368.206952
40826,7059.872932
40827,5305.864305
40828,5552.778467
40829,6892.353783
40830,5570.186151
40831,6875.63475
40832,6811.925642
40833,6939.143546
40834,5309.299141
40835,5507.068619
40836,6808.615629
40837,5633.451275
40838,5615.283412
40839,5615.213681
40840,6872.264045
40841,7002.078877
40842,5307.66087
40843,5552.510399
40844,4407.214827
40845,4385.539964
40846,4297.251967
40847,5670.452294
40848,5663.461173
40849,5667.135065
40850,4501.61349
40851,4494.852028
40852,5440.452663
40853,4517.614183
40854,5443.445404
40855,4392.211844
40856,5549.463944
40857,5221.113782
40858,4138.043681
40859,5447.694402
40860,4714.601358
40861,5685.278283
40862,4721.56758
40863,4738.70145
40864,5332.379758
40865,5573.988838
40866,4604.547788
40867,4283.189212
40868,4276.501979
40869,4628.216805
40870,5355.278305
40871,4142.837992
40872,4162.720909
40873,5464.95064
40874,4147.256153
40875,5557.842115
40876,5245.038652
40877,4140.628075
40878,4160.626802
40879,5330.987148
40880,4611.438853
40881,5225.765082
40882,5336.86329
40883,5553.882602
40884,5822.592979
40885,6025.738422
40886,4280.062027
40887,4481.517349
40888,4279.701179
40889,6017.793951
40890,5623.29879
40891,4873.903722
40892,6020.887866
40893,4086.29188
40894,5626.465036
40895,5430.229872
40896,5058.474295
40897,5437.533426
40898,4873.356817
40899,5627.713507
40900,5069.940663
40901,5233.562304
40902,6018.64549
40903,5424.706239
40904,4084.141289
40905,4083.51629
40906,5072.055525
40907,4675.551157
40908,4086.548862
40909,5634.430132
40910,4860.836288
40911,4091.761928
40912,5239.813466
40913,4677.172269
40914,5821.112969
40915,4286.399534
40916,5830.304966
40917,5225.881252
40918,4094.573279
40919,5430.628104
40920,4477.475558
40921,4091.717766
40922,5824.525268
40923,4475.805915
40924,4672.527911
40925,10066.1683
40926,7747.60838
40927,8115.036204
40928,8001.404549
40929,7821.984437
40930,7844.424805
40931,9952.433343
40932,7594.196897
40933,7551.752656
40934,10165.27517
40935,7534.480506
40936,7696.891183
40937,10380.83958
40938,7589.57355
40939,10224.44875
40940,7640.153797
40941,10456.09819
40942,9912.109217
40943,10474.63881
40944,8129.962865
40945,9907.391683
40946,10536.09538
40947,7668.863216
40948,7688.812411
40949,10224.21596
40950,7901.474652
40951,9748.790193
40952,7975.564291
40953,10068.17795
40954,10319.90063
40955,10380.50542
40956,10010.55736
40957,10267.07281
40958,7515.765414
40959,8317.926321
40960,8159.452315
40961,10110.26498
40962,10422.44468
40963,8285.301876
40964,7958.150828
40965,8056.186883
40966,6260.516038
40967,7239.308437
40968,6299.925875
40969,6236.912364
40970,6454.565687
40971,7179.25997
40972,6298.510332
40973,7255.900126
40974,7186.19419
40975,7268.42314
40976,7193.46207
40977,7140.593457
40978,7153.902317
40979,6360.056053
40980,7080.666997
40981,7217.69484
40982,6371.84579
40983,7162.499958
40984,6409.357508
40985,6330.65529
40986,6264.248619
40987,6408.978452
40988,7201.737559
40989,6529.690663
40990,6449.614833
40991,6336.817664
40992,7107.402114
40993,6489.91669
40994,7028.745248
40995,7231.663183
40996,7121.911706
40997,7156.170882
40998,6228.032093
40999,6286.032445
41000,6375.639649
41001,7067.822307
41002,6369.620517
41003,6414.9548
41004,6312.645859
41005,7146.995508
41006,6335.618874
41007,21129.23229
41008,20882.0502
41009,20576.21535
41010,21913.61941
41011,22212.09816
41012,20712.94759
41013,21071.93309
41014,22243.38758
41015,21404.30179
41016,21714.69225
41017,22572.56033
41018,22046.53682
41019,21718.06169
41020,21320.39455
41021,21362.39617
41022,21226
41023,20557.21787
41024,22570.15478
41025,21880.70034
41026,22376.65563
41027,22046.72777
41028,20390.25796
41029,21050.10519
41030,22079.17482
41031,21419.01993
41032,20906.83404
41033,22406.7983
41034,22408.36628
41035,21074.09134
41036,20741.33036
41037,21504.18865
41038,20742.51118
41039,21241.047
41040,20907.36256
41041,22076.08608
41042,21882.50772
41043,22242.93311
41044,21237.85477
41045,22211.26057
41046,20578.54424
41047,20725.63171
41048,7202.210267
41049,6210.62329
41050,7111.105427
41051,7281.623135
41052,6257.809866
41053,7443.404815
41054,7294.693975
41055,6647.936184
41056,6333.354913
41057,7185.305119
41058,6572.675077
41059,7432.03187
41060,7244.115701
41061,6566.837286
41062,6610.039178
41063,7146.584781
41064,6586.520756
41065,6487.866072
41066,7220.730224
41067,7402.803876
41068,6642.163391
41069,6565.41796
41070,7330.597154
41071,6410.231397
41072,7393.822754
41073,7368.793916
41074,6635.002238
41075,6498.300355
41076,6509.985662
41077,7258.316577
41078,6550.623466
41079,6280.022626
41080,6283.851683
41081,6352.353775
41082,6433.723143
41083,7467.171555
41084,6424.935361
41085,7356.846024
41086,6358.2262
41087,7206.56494
41088,7319.517452
