"Id","Sales"
1,4620.72637359565
2,4651.6501203294
3,4627.46942759637
4,4623.17644434109
5,4623.55775939712
6,4630.75512184625
7,4632.60186012092
8,4626.99316935576
9,4658.97070204587
10,4618.88230409048
11,4624.91686539449
12,4678.65185978465
13,4612.01920442979
14,4653.44173412381
15,4628.0808620511
16,4611.41292876065
17,4622.75996107892
18,4641.70908148599
19,4612.2534911968
20,4640.31028607585
21,4668.58419725642
22,4634.44243953231
23,4638.11725401342
24,4681.03660256004
25,4679.78188305943
26,4671.71300611006
27,4676.79540806197
28,4674.45988784567
29,4615.45553205714
30,4620.1089959089
31,4677.56485480941
32,4653.23115692889
33,4634.00297599606
34,4661.57200323905
35,4618.7029525893
36,4625.22468126655
37,4681.80930542561
38,4622.02620607841
39,4637.27887348403
40,4647.35305586774
41,4678.02937361924
42,6640.94839749209
43,6619.17493919366
44,6622.87640756539
45,6610.27563211284
46,6630.22089447018
47,6617.3317635915
48,6650.39961890977
49,6622.75352636844
50,6621.20251407817
51,6658.14470438022
52,6631.87930907874
53,6627.92969542657
54,6660.42434298601
55,6627.83042211135
56,6612.42309452881
57,6619.29295409995
58,6635.40722870491
59,6611.19021646537
60,6631.44416894881
61,6632.63462113977
62,6617.998270896
63,6646.73776741884
64,6633.03025765712
65,6611.75132415867
66,6653.27649849762
67,6662.37349221777
68,6633.46632422211
69,6624.32136744651
70,6659.88030326626
71,6644.74502037607
72,6628.28816171739
73,6618.16382455125
74,6614.98407477087
75,6661.03894693202
76,6630.69142681746
77,6628.69685306302
78,6656.54838568414
79,6614.19768275097
80,6634.30566645929
81,6649.54730311354
82,6641.26148868875
83,8495.82301273712
84,8499.59480979909
85,8511.6614263862
86,8536.57787015379
87,8525.18683019476
88,8496.3156050199
89,8506.54526389159
90,8501.76062965274
91,8511.88548307214
92,8508.12949968074
93,8509.55792608177
94,8540.70111165821
95,8497.73352491351
96,8497.56567063828
97,8492.47551457031
98,8496.52458546329
99,8492.58439322604
100,8496.1551889161
101,8499.10911470602
102,8541.0603002169
103,8510.07248609323
104,8530.25046188437
105,8495.60851853261
106,8508.70940775955
107,8504.46910779962
108,8522.68592964331
109,8502.90802063907
110,8511.67548141932
111,8503.15920029714
112,8486.54558880366
113,8517.1739884085
114,8538.0865220896
115,8531.62370342206
116,8529.92648248887
117,8524.73219876294
118,8498.87444686249
119,8537.28580343183
120,8520.45309126611
121,8515.66241115971
122,8509.03986398949
123,8536.06644644903
124,5342.53338006172
125,5379.29755308497
126,5380.77769020279
127,5347.19642992312
128,5342.86647106035
129,5366.96877318721
130,5348.91218915389
131,5346.14074151922
132,5348.06111822251
133,5344.23957041489
134,5356.76799738858
135,5341.77161934546
136,5374.44447467849
137,5337.67226124551
138,5361.46836292019
139,5345.38551983201
140,5359.45844531667
141,5352.57793774084
142,5338.06136929112
143,5376.96675532277
144,5344.62104405994
145,5360.09170065892
146,5369.94630435647
147,5352.18934379317
148,5346.20366809383
149,5377.23914041837
150,5347.80617697169
151,5363.57640837844
152,5362.55407560474
153,5359.49810608024
154,5347.99137456286
155,5353.06458511187
156,5368.86921716366
157,5356.50336781734
158,5351.17826646854
159,5331.7854062865
160,5375.15086967312
161,5365.64486157833
162,5354.73463975654
163,5370.62427372814
164,5361.61136253053
165,6207.40847316332
166,6219.50791621727
167,6205.52590606093
168,6249.71285764883
169,6201.80717260326
170,6201.49376184543
171,6250.3410174114
172,6210.22374022585
173,6248.74449803388
174,6251.28585890246
175,6204.19011449098
176,6229.20299367554
177,6210.0782190039
178,6245.43568663369
179,6200.10712464301
180,6214.66710718637
181,6203.622081127
182,6244.90303305107
183,6250.7522306258
184,6222.58435474215
185,6204.07867281776
186,6211.85379840742
187,6200.06704645512
188,6220.49224689645
189,6239.00189375843
190,6206.60468142392
191,6233.41644921467
192,6201.21349573457
193,6231.44740780677
194,6223.75581465186
195,6204.86800132015
196,6208.33243834454
197,6235.3471427846
198,6208.3755508628
199,6206.75222761759
200,6222.2549466445
201,6244.49079207962
202,6215.60059938231
203,6214.20852434759
204,6237.48564444133
205,6200.33951348975
206,5416.03575801065
207,5393.76355841319
208,5378.18959452782
209,5406.33270418449
210,5415.56257564293
211,5374.12776733197
212,5382.4904748497
213,5373.25045452157
214,5372.7933536334
215,5420.49378512589
216,5376.69465255156
217,5384.36958904684
218,5377.64008608924
219,5398.55982559173
220,5392.53670178959
221,5394.37724374736
222,5402.2752823917
223,5375.6378752998
224,5390.31103050432
225,5372.32660680878
226,5404.02811621813
227,5379.57036453771
228,5391.41911718223
229,5383.64903507205
230,5379.58141556232
231,5387.65495533673
232,5374.99735319567
233,5409.09026422249
234,5383.70842208126
235,5420.16732630021
236,5390.58993416071
237,5417.01003058915
238,5389.29483346022
239,5410.2067537131
240,5416.56121636705
241,5411.17986722563
242,5403.61463537597
243,5366.96329827471
244,5393.2291501378
245,5397.4943331483
246,5387.79034714894
247,7592.67491506011
248,7626.13760834243
249,7598.39155694317
250,7597.55157147215
251,7623.33088951373
252,7569.70232064629
253,7628.62134249864
254,7571.40737648937
255,7572.52524067507
256,7627.20069264266
257,7577.20332043348
258,7585.63036946467
259,7586.07832043352
260,7569.45196294916
261,7586.27552745455
262,7610.59712487337
263,7563.45761661925
264,7611.07815374337
265,7584.42295521994
266,7577.87030790153
267,7604.78409027181
268,7590.4406416007
269,7622.3109226518
270,7595.25649576669
271,7626.02279657931
272,7590.5186172099
273,7577.1474798051
274,7598.10528974312
275,7568.98905754361
276,7614.50754462847
277,7581.94127811221
278,7626.43779490884
279,7599.83145926152
280,7619.74188090276
281,7599.83933351549
282,7581.12625657502
283,7595.40915156307
284,7616.1157664609
285,7614.14079352763
286,7591.64983454852
287,7558.13684218157
288,7184.30620652664
289,7183.37898158906
290,7153.32584506983
291,7167.59762408128
292,7170.1517131234
293,7159.8841799935
294,7170.11152061041
295,7152.03662372683
296,7169.62286626057
297,7186.74762902604
298,7168.55286771813
299,7175.87867428608
300,7153.39061489649
301,7167.33714606292
302,7152.68043167608
303,7163.01465554853
304,7172.01296778918
305,7151.81874947876
306,7165.21100606068
307,7164.04860907388
308,7168.06018146468
309,7179.44917750221
310,7155.18024854698
311,7182.04680506537
312,7148.89747156519
313,7155.39979031252
314,7175.01307115604
315,7185.03724554695
316,7175.36366959177
317,7155.2086538147
318,7158.4117721416
319,7158.98999159329
320,7158.75097667271
321,7151.51549373779
322,7185.84751496018
323,7154.23666380002
324,7155.24358557562
325,7152.59944633761
326,7164.46291557876
327,7166.64129854817
328,7152.67705248275
329,4719.30994811181
330,4718.11495448356
331,4709.94018805741
332,4736.50675438014
333,4731.49268834329
334,4721.0119544354
335,4718.63661875556
336,4739.32039026241
337,4713.85811555969
338,4711.62148549829
339,4715.26306244459
340,4716.05902919503
341,4716.27489589195
342,4735.88134916483
343,4709.90788729205
344,4709.29532947791
345,4711.04957108207
346,4716.30580190022
347,4735.86869047246
348,4714.41861988917
349,4733.19755678879
350,4725.07934010835
351,4716.87827280385
352,4726.44932282766
353,4713.51346146324
354,4713.54408688338
355,4709.60941223059
356,4714.18977859009
357,4720.59752091174
358,4738.6342721372
359,4716.21406568004
360,4716.25565635227
361,4712.0117578492
362,4730.95906073701
363,4728.68780022958
364,4712.36547843307
365,4733.27373070963
366,4737.0013629339
367,4716.2980966456
368,5403.69198655516
369,5401.78256798922
370,5378.56154282089
371,5376.89598085188
372,5390.53785646448
373,5373.13465097567
374,5398.72231329963
375,5384.50946472305
376,5397.61277771292
377,5380.15930885976
378,5406.70443280692
379,5381.63057628113
380,5376.6355299384
381,5397.01605278502
382,5376.42865263446
383,5402.32893401592
384,5388.98320376695
385,5375.45517661582
386,5375.10094629981
387,5376.89301007759
388,5376.17402902125
389,5394.73368460034
390,5394.06645296976
391,5378.04592349684
392,5397.80852559654
393,5382.19446853714
394,5386.91190675459
395,5391.00964480412
396,5391.28066590178
397,5388.46266723501
398,5404.44189799465
399,5377.68423077345
400,5394.77267382727
401,5391.61806670536
402,5389.67114410657
403,5394.43496497489
404,5406.02987028546
405,5373.75753885168
406,5377.74572357792
407,5382.73896511978
408,5380.63854462445
409,6424.07965313129
410,6411.65063235018
411,6429.18051182312
412,6421.7046708601
413,6427.76551008619
414,6410.85741793304
415,6416.61135945929
416,6446.58166532467
417,6447.91202719306
418,6414.63794899702
419,6427.83929995959
420,6423.18831015553
421,6423.52273663609
422,6431.83478041852
423,6451.52603427807
424,6453.07697030073
425,6422.01262848119
426,6412.85064123096
427,6423.8288656316
428,6418.46549441795
429,6429.68724197701
430,6452.57410372622
431,6450.8807097835
432,6438.12804651768
433,6422.64045566534
434,6438.04156330717
435,6413.91335625928
436,6422.78219669472
437,6423.32477279736
438,6425.339803206
439,6452.10197241017
440,6410.9725513669
441,6441.79037017746
442,6410.51484607644
443,6433.17845186633
444,6438.64143943629
445,6423.40285166866
446,6441.14667712989
447,6424.81075478711
448,6418.96176906511
449,6425.2754038971
450,7482.64287474461
451,7483.6813130768
452,7476.17750342224
453,7480.7802594219
454,7490.30279430533
455,7466.89306462347
456,7488.05221459326
457,7481.00391097128
458,7471.97696889017
459,7484.88824993335
460,7474.28481454448
461,7496.11567852003
462,7481.30758384516
463,7496.54426878391
464,7476.22757251192
465,7468.23923131057
466,7499.47349512691
467,7467.37761938498
468,7471.92877142946
469,7468.71491467869
470,7500.77255214081
471,7491.53282791099
472,7499.31073336533
473,7485.62043998889
474,7470.3356513024
475,7466.46831207676
476,7483.91127183384
477,7502.41021572315
478,7464.23941799435
479,7465.37314673635
480,7478.50597442046
481,7466.59492348089
482,7488.68115525501
483,7481.18466265547
484,7470.85257083396
485,7481.48447363864
486,7489.14711812853
487,7464.43695203294
488,7478.64548750789
489,7472.32373549022
490,7467.59241066316
491,6272.40979197438
492,6278.59591657698
493,6256.09884324949
494,6248.28447682724
495,6261.24119714334
496,6257.301056605
497,6280.90674131693
498,6256.61462516588
499,6266.63375630641
500,6253.94018530097
501,6248.4001918788
502,6256.09915886771
503,6278.75427596903
504,6261.47253849968
505,6244.43209767884
506,6258.9799534134
507,6271.73938475846
508,6250.46146511679
509,6258.69644125746
510,6261.56631755381
511,6252.06682498926
512,6246.72935091854
513,6272.28507503783
514,6270.34517504314
515,6245.1544430552
516,6253.26511423203
517,6274.04405147208
518,6249.89315097816
519,6259.85902740814
520,6282.98452888724
521,6245.93524117793
522,6251.96267627588
523,6284.25997135774
524,6263.75896369214
525,6250.95433209542
526,6253.37821484468
527,6252.67504158362
528,6266.00995434933
529,6242.44965401816
530,6237.88515872291
531,6281.12218802537
532,7814.70028852766
533,7802.72803683784
534,7814.33163482196
535,7813.97372643658
536,7803.37811697354
537,7800.89608490612
538,7812.54036458656
539,7820.85825451171
540,7804.78104207592
541,7817.87835522226
542,7821.8923069107
543,7803.25477576585
544,0
545,7815.0498160982
546,7816.487131201
547,7812.52427044738
548,7807.41209680877
549,7817.40810304488
550,7811.88947345972
551,7811.74030374184
552,7824.38103531805
553,7810.16699771961
554,7819.39381569715
555,7805.15384222574
556,7819.61388028774
557,7810.20482707117
558,7799.43512441792
559,7818.11147841486
560,7811.24327484266
561,7811.1357342771
562,7798.91755059262
563,7813.4199347691
564,7824.58098993418
565,7808.24918524276
566,7807.96832990494
567,7807.94128267866
568,7808.13778226424
569,7811.72245551967
570,7803.97770420135
571,7799.23772368958
572,7816.50286726741
573,5285.0697432534
574,5273.66885315543
575,5276.93041766858
576,5276.54267600146
577,5289.76911325723
578,5284.20166365788
579,5271.36247646622
580,5275.36327190187
581,5281.87656825929
582,5285.88104958061
583,5285.57127029382
584,5285.1360583374
585,5274.88866352222
586,5302.46312333789
587,5278.13016255128
588,5290.8295500101
589,5302.49191452187
590,5275.26008922786
591,5280.15132124812
592,5300.57644509678
593,5285.6687862737
594,5287.53201663525
595,5283.26630117286
596,5297.86181321485
597,5302.22074398867
598,5274.68430970119
599,5300.51002196451
600,5296.31704926096
601,5273.8805498723
602,5271.80112154913
603,5272.75551459828
604,5300.12406375211
605,5288.57713431526
606,5273.9481623308
607,5277.72803338455
608,5302.05282695757
609,5295.57452216108
610,5281.5159197692
611,5278.62893487759
612,5288.78852973875
613,5273.69603270133
614,4303.80252452637
615,4313.04065355597
616,4303.61323125023
617,4313.45044452367
618,4313.33552956079
619,4305.60367265816
620,4317.59755277132
621,4309.93696341625
622,4321.09517708039
623,4318.34205343075
624,4312.33298272949
625,4307.32368162926
626,4316.48674376786
627,4322.53791009209
628,4308.61219729871
629,4311.12372996918
630,4320.59391958093
631,4303.50664525027
632,4315.14367056873
633,4311.56793369753
634,4311.73733845848
635,4313.84328012607
636,4305.66403656677
637,4313.58965655397
638,4302.36710635909
639,4323.37147466783
640,4305.20422929529
641,4302.61156302238
642,4305.51190241481
643,4301.22193280917
644,4324.42372075938
645,4303.88308800111
646,4322.53718747226
647,4309.77487600932
648,4302.22233300294
649,4316.47251270551
650,4302.06909814122
651,4306.44687693342
652,4303.09774159612
653,4311.24176706509
654,5166.78193452618
655,5177.12918263829
656,5158.73769360035
657,5159.02044863828
658,5197.05306634598
659,5200.99878649169
660,5158.66205623969
661,5157.28516073996
662,5170.56154476607
663,5167.60621152102
664,5162.28410322193
665,5197.1383680839
666,5200.69864104821
667,5182.44678792564
668,5174.57077041494
669,5173.53427634832
670,5183.1659541096
671,5162.76199157754
672,5196.58659394884
673,5158.33476657231
674,5200.25665607126
675,5153.85765222158
676,5171.96141815818
677,0
678,5156.98131703684
679,5154.85401678849
680,5160.01641066451
681,5162.62873214669
682,5170.76600453981
683,5169.73318624596
684,5151.11843165764
685,5201.11529116732
686,5162.19881660386
687,5202.0552875046
688,5189.81395728622
689,5167.93160666838
690,5171.33532431681
691,5160.8820938819
692,5190.76881430418
693,5177.15889810607
694,5166.21837499434
695,5153.14104542212
696,8888.50076940796
697,8919.93148893159
698,8923.77729719254
699,8882.88906089225
700,8907.04613391289
701,8913.76101425654
702,8912.91734070638
703,8918.75312912695
704,8879.50591950539
705,8870.12073128437
706,8922.11160122188
707,8900.84215154191
708,8874.9906733337
709,8924.24006382953
710,8870.436555925
711,8871.36246056993
712,8877.84630322052
713,8923.90611291302
714,8885.5354158844
715,8893.01307740234
716,8872.25850381261
717,8923.11791444347
718,8869.53210513482
719,8880.52951424994
720,8874.33792443578
721,8883.33589116777
722,8879.90331410164
723,8880.80200428422
724,8874.79538419486
725,8866.49223059858
726,8883.91489362505
727,8871.13457118404
728,8910.01204442138
729,8893.46614388502
730,8877.89799567624
731,8904.10495870845
732,8884.12070159804
733,8896.86284567352
734,8876.78428557927
735,8862.94208856396
736,8886.30368159506
737,10845.1164395049
738,10843.5575913496
739,10838.3775717891
740,10791.6526687953
741,10836.368278946
742,10810.075715926
743,10803.872922844
744,10827.4546842157
745,10802.3888539187
746,10794.7644202595
747,10792.5246763861
748,10818.7833240566
749,10836.4507638107
750,10795.6519929524
751,10789.8597301447
752,10806.2173164006
753,10818.0783381271
754,10841.9524251522
755,10791.0027135348
756,10797.8040196608
757,10843.7639782682
758,10803.3530476842
759,10844.4796836123
760,10830.3650273129
761,10810.6107980035
762,10788.4544405179
763,10781.0587081466
764,10825.9097813854
765,10821.0601472987
766,10791.6995616829
767,10810.8071228044
768,10801.3832198948
769,10798.6151321708
770,10800.2821239879
771,10794.5320983481
772,10788.6987311163
773,10796.6708773255
774,10796.9773955259
775,10785.2318763945
776,10806.1570529849
777,10803.4239209884
778,8699.12740947849
779,8678.53863559543
780,8711.74296643113
781,8711.48015978238
782,8667.97460901131
783,8669.65616179388
784,8707.80308644784
785,8708.8293574303
786,8679.71117566245
787,8709.98058798524
788,8700.35560390877
789,8673.52216460944
790,8678.74348896073
791,8684.59100228667
792,8684.36969137741
793,8688.95267586017
794,8695.96383889991
795,8704.40974909629
796,8684.04506877451
797,8672.40372795478
798,8688.88964730661
799,8682.77243352716
800,8670.62159224818
801,8673.20450149818
802,8670.58554712767
803,8668.27160410922
804,8681.68382353484
805,8666.3519177559
806,8695.11018529763
807,8707.80662679599
808,8672.95495724856
809,8691.29452004137
810,8675.09377681486
811,8684.11504112592
812,8690.80309583896
813,8693.561467426
814,8675.94568958937
815,8680.4395304597
816,8670.32503285027
817,8668.84664162147
818,8669.49001224648
819,6888.36622735255
820,6923.69050457156
821,6878.34448973603
822,6929.00837124977
823,6879.79283500098
824,6928.21651259052
825,6922.44960211279
826,6928.58131426141
827,6887.93361007256
828,6884.68272561958
829,6927.00326868153
830,6891.61376600831
831,6906.51418695593
832,6889.49207425206
833,6883.3686872291
834,6915.4624030249
835,6922.93579394857
836,6886.62130075307
837,6915.01695751501
838,6927.2077502102
839,6878.18653914772
840,6890.4151729464
841,0
842,6894.45518937868
843,6907.63284181095
844,6885.51593453711
845,6891.75173432563
846,6880.71991242493
847,6886.71855734422
848,6891.2747233517
849,6898.07547199602
850,6887.07413844041
851,6881.43111185257
852,6885.77176852836
853,6915.56450023231
854,6901.96702625621
855,6898.41288343156
856,6894.17523014305
857,6909.02531901082
858,6887.88397753233
859,6892.33801852721
860,6902.53071627358
861,5151.5401295527
862,5139.54092010284
863,5145.28657486278
864,5134.43625969372
865,5183.24969021147
866,5185.65372687289
867,5131.76993917806
868,5142.37420168381
869,5139.50441764106
870,5188.64465107246
871,5188.53212356341
872,5131.70583303067
873,5136.5209303826
874,5130.09659622642
875,5132.09281302212
876,5177.40186443561
877,5180.05191932896
878,5149.38737560472
879,5138.69083326898
880,5134.88260843056
881,5186.03286406623
882,5182.38288337413
883,5163.43723645251
884,5161.12953947691
885,5143.31009583905
886,5172.11992319919
887,5135.11645332767
888,5130.64542205058
889,5169.52550654237
890,5156.71271541684
891,5131.10145975942
892,5138.29796956725
893,5138.52650878277
894,5163.88293952859
895,5152.6368316678
896,5147.42620562234
897,5137.02268480067
898,5143.0973483577
899,5138.00219705405
900,5141.78015485772
901,5140.02143995972
902,5757.33489658719
903,5754.50304513391
904,5721.2923584243
905,5758.84280729644
906,5715.01445459482
907,5718.20646643632
908,5725.12457316506
909,5757.37367628873
910,5757.99377144865
911,5710.6983462426
912,5702.96455912477
913,5711.02195951587
914,5730.81995263607
915,5721.24970098609
916,5723.57522661049
917,5754.37533168834
918,5700.02043516627
919,5707.68928046925
920,5697.16590792693
921,5752.58359129134
922,5721.65503582458
923,5714.6939655345
924,5722.46909117797
925,5735.6328061991
926,5717.86536687639
927,5712.77908064695
928,5703.70972272001
929,5732.74193304268
930,5747.52522367767
931,5719.74243600417
932,5704.08595297146
933,5718.0346433022
934,5739.90466096591
935,5733.91067751887
936,5706.08302161927
937,5742.34170658829
938,5726.246315533
939,5713.07503355516
940,5716.45542412364
941,5756.93550230409
942,5749.02237696107
943,3917.94850085354
944,3908.95208200522
945,3911.76510865327
946,3912.41633656555
947,3916.98977691167
948,3906.99263966447
949,3905.72631132039
950,3917.64525146122
951,3921.48283989311
952,3898.82434914312
953,3908.12856116264
954,3904.32482277868
955,3917.11577378117
956,3907.52370320705
957,3902.18051129637
958,3911.00015827605
959,3905.64539471785
960,3899.70053740829
961,3915.84119197812
962,3913.99867754722
963,3902.81187430377
964,3914.64446847376
965,3913.33774345478
966,3920.87426386505
967,3906.11856884809
968,3910.79487957302
969,3908.33714214197
970,3922.73799862317
971,3915.16156816996
972,3899.23028899412
973,3916.68189086465
974,3921.5925298447
975,3904.5543471311
976,3901.96566946407
977,3898.46467649235
978,3905.88799379024
979,3915.65133674098
980,3902.04327116709
981,3916.70718225321
982,8234.870370959
983,8234.68123279946
984,8280.38690308802
985,8236.05670361503
986,8242.4981602248
987,8282.28344084948
988,8267.71334698293
989,8276.05280755101
990,8225.35311473763
991,8234.85550814223
992,8258.60608726905
993,8238.99393505091
994,8247.49767569997
995,8223.29327583007
996,8283.68169290519
997,8228.23722813679
998,8222.64156305515
999,8247.93534573933
1000,8227.44857641337
1001,8239.52615405721
1002,8286.69134117217
1003,8241.37624229864
1004,8284.45526192488
1005,8241.95684219521
1006,8264.42938850008
1007,8229.46683568751
1008,8252.38348860771
1009,8283.89642456655
1010,8234.54575513939
1011,8274.58558816243
1012,8241.24139630805
1013,8233.3034437634
1014,8229.8174244704
1015,8236.11241354002
1016,8260.55596119473
1017,8258.55045825994
1018,8247.03619959712
1019,8285.81207117642
1020,8243.24725318323
1021,8238.65348687882
1022,8284.81551376347
1023,9125.14176197582
1024,9136.66445618031
1025,9121.73717766234
1026,9150.9974777683
1027,9139.06645516206
1028,9145.96195095459
1029,9161.81570381081
1030,9140.2889409915
1031,9139.77010030623
1032,9146.11132515698
1033,9141.22099806392
1034,9130.18172839997
1035,9138.40105836669
1036,9133.42416239189
1037,9134.08979050911
1038,9158.51085881834
1039,9128.03946150496
1040,9151.38779432256
1041,9141.53555706549
1042,9131.1491397555
1043,9148.4068952495
1044,9154.50264053022
1045,9140.69470402153
1046,9165.267589631
1047,9125.78037958193
1048,9155.78331940628
1049,9124.47377755136
1050,9146.10585755262
1051,9127.76463907131
1052,9163.84449812009
1053,9133.2183618039
1054,9162.59011964612
1055,9165.61227777996
1056,9162.45785433841
1057,9127.74216887408
1058,9129.93366455092
1059,9129.89856958753
1060,9128.51319893044
1061,9143.4074076346
1062,9131.82083119472
1063,9138.93961148135
1064,9224.60177004321
1065,9248.99840055307
1066,9224.82330041178
1067,9233.71048667945
1068,9252.65264833268
1069,9243.29270702276
1070,9229.3309895041
1071,9225.17050770189
1072,9230.14281808105
1073,9229.02730662958
1074,9237.79713183014
1075,9253.15771168685
1076,9241.95800821433
1077,9238.21912755928
1078,9229.94949866621
1079,9230.4380541691
1080,9248.18930478237
1081,9229.9029850075
1082,9228.56151081982
1083,9237.68860501545
1084,9234.80451951369
1085,9227.86309980736
1086,9255.82205964666
1087,9256.04725154217
1088,9225.62794074626
1089,9231.16552796823
1090,9232.09327091723
1091,9247.17810641513
1092,9225.63244261377
1093,9257.41769599009
1094,9228.29361136052
1095,9240.10137995205
1096,9255.61404801917
1097,9228.45522968409
1098,9257.13593234991
1099,9257.05018020382
1100,9228.33868915547
1101,9224.65662578425
1102,9227.84006053463
1103,9226.80852906867
1104,5891.37152766548
1105,5923.79744086574
1106,5936.75506770465
1107,5895.88220076699
1108,5928.84811314635
1109,5913.89628157833
1110,5897.75211249704
1111,5921.31397518673
1112,5897.31617443439
1113,5900.23412428867
1114,5890.06034593313
1115,5913.20503945842
1116,5906.9804414703
1117,5901.27951901608
1118,5895.05986096771
1119,5903.2572886987
1120,5892.23818299141
1121,5899.25579797508
1122,5934.23534403518
1123,5904.67446306044
1124,5904.87670166808
1125,5895.40122358834
1126,5906.42258999447
1127,5892.68742792849
1128,5900.74019431313
1129,5931.74890225406
1130,5892.05339926838
1131,5901.31210843259
1132,5900.70971545552
1133,5889.99002371423
1134,5938.4789323504
1135,5936.51922004966
1136,5892.90491620835
1137,5910.83775934352
1138,5892.4490826541
1139,5901.43905024717
1140,5896.55313359841
1141,5892.39828295774
1142,5934.96506605687
1143,5901.90289552913
1144,5939.10643738209
1145,4403.31885127794
1146,4379.71858397516
1147,4392.47333049496
1148,4375.7467994405
1149,4417.85928040041
1150,4362.72787981348
1151,4384.10783863311
1152,4373.43071852016
1153,4418.86649039055
1154,4400.6139595051
1155,4362.91371621915
1156,4412.39782439672
1157,4397.96563972269
1158,4368.4191426906
1159,4379.40345039639
1160,4367.42845959497
1161,4408.28895874448
1162,4371.89957011273
1163,4373.03521927967
1164,4360.69307352067
1165,4375.45164038678
1166,4382.71595206059
1167,4414.37496438141
1168,4377.58286776851
1169,4362.05965904851
1170,4392.41125016574
1171,4416.91883133616
1172,4371.70368783635
1173,4366.22834094549
1174,4375.33069541685
1175,4381.65521978635
1176,4392.54013806056
1177,4373.25985496007
1178,4360.49384288364
1179,4377.31772097929
1180,4403.54729630811
1181,4373.33044278382
1182,4372.894536563
1183,4415.65992539023
1184,4374.23353302154
1185,4381.50161871139
1186,4864.28023135534
1187,4866.4134923442
1188,4864.53574131655
1189,4886.14404109989
1190,4865.26513368552
1191,4868.29921741747
1192,4897.26684223242
1193,4866.04679105634
1194,4878.50856513649
1195,4889.60222944531
1196,4864.6804674329
1197,4883.99767358507
1198,4867.53942790395
1199,4894.14181830362
1200,4865.4145541577
1201,4867.99679285665
1202,4881.13695375399
1203,4894.90856533278
1204,4870.35938209908
1205,4896.23263128515
1206,4865.85641820918
1207,4879.00048681983
1208,4899.96665200295
1209,4868.3069487777
1210,4894.27445310074
1211,4867.92199600735
1212,4871.30621785106
1213,4894.63454592222
1214,4892.36603339468
1215,4899.69661534379
1216,4865.06447381084
1217,4886.4846923526
1218,4882.38867408403
1219,4866.25016957078
1220,4867.72249457056
1221,4898.74124911045
1222,4875.63374114056
1223,4869.24901134775
1224,4876.5991066945
1225,4864.40779500029
1226,4875.3331539799
1227,5181.44122552275
1228,5206.24895583998
1229,5197.43588768556
1230,5207.65407777729
1231,5190.54817292525
1232,5208.50657699193
1233,5181.15458072125
1234,5207.21160856949
1235,5199.25920249393
1236,5184.31606795457
1237,5188.83922132262
1238,5188.32837128796
1239,5193.36098479169
1240,5207.32405189223
1241,5183.68014284939
1242,5183.47065057594
1243,5182.01793216316
1244,5201.7012266219
1245,5201.56006209315
1246,5205.01955682069
1247,5192.26820780883
1248,5208.21896455915
1249,5208.73591158502
1250,5191.91164492748
1251,5193.95145246285
1252,5187.00953816735
1253,5189.09767649042
1254,5190.61637261539
1255,5195.49639385242
1256,5188.9236387355
1257,5208.66227363984
1258,5206.45926615076
1259,5195.47348715256
1260,5192.47872643045
1261,5194.09979485978
1262,5208.11138860331
1263,5185.96738581904
1264,5200.75037771102
1265,5197.10164505284
1266,5186.34771529355
1267,9642.81934768947
1268,9629.12894094769
1269,9613.88822917342
1270,9592.49623321423
1271,9641.46714606327
1272,9586.00090410193
1273,9623.51757458788
1274,9632.51043305366
1275,9609.52743657048
1276,9613.68120206614
1277,9640.59278196544
1278,9639.43483457588
1279,9608.48311247103
1280,9599.69553980363
1281,9642.21605047934
1282,9605.07492094179
1283,9597.64729621812
1284,9592.27110279049
1285,9627.64745304442
1286,9612.18130757181
1287,9623.78705953044
1288,9614.35915540606
1289,9599.51038148904
1290,9636.32259133591
1291,9600.27084104571
1292,9607.48010408358
1293,9615.80010446393
1294,9590.59495013638
1295,9639.01412455139
1296,9603.53782689617
1297,9616.75588801871
1298,9589.06423605463
1299,9610.63755398121
1300,9603.71016995665
1301,9588.48399532891
1302,9598.3351093716
1303,9630.23323900117
1304,9610.369973665
1305,9598.5552803357
1306,9612.45586098483
1307,9594.66613543809
1308,6543.9501119009
1309,6567.68956618056
1310,6584.04490069572
1311,6554.97511379355
1312,6546.35323132317
1313,6573.51605275605
1314,6537.24920315741
1315,6553.72141904009
1316,6544.03587204253
1317,6559.25794474244
1318,6565.21158130144
1319,6580.25713717828
1320,6557.94331096486
1321,6554.34679555766
1322,6546.43134812687
1323,6560.06352934863
1324,6572.48058761119
1325,6560.34764207181
1326,6542.91399329924
1327,6567.04817836818
1328,6562.87166098122
1329,6540.88150453387
1330,6549.45414157268
1331,6575.71736788973
1332,6580.02863975455
1333,6570.49937576591
1334,6544.87356394871
1335,6581.60006779106
1336,6543.20088473806
1337,6549.79884019084
1338,6548.34244521315
1339,6554.90235728605
1340,6541.75160988957
1341,6561.40404941603
1342,6580.3170580859
1343,6560.16531741356
1344,6584.32325295922
1345,6540.54387009488
1346,6555.13172505969
1347,6544.29612051029
1348,6559.84463978674
1349,5319.05327402209
1350,5372.74891307748
1351,5342.67139555192
1352,5331.43179944319
1353,5340.20281516118
1354,5373.23118159392
1355,5317.82694232213
1356,5317.85921079463
1357,5334.02594759553
1358,5318.38449879642
1359,5367.02364728837
1360,5341.4203882579
1361,5369.78655236848
1362,5333.21021360559
1363,5366.75644680353
1364,5332.00641755015
1365,5350.24954391264
1366,5348.24459992485
1367,5356.15237124028
1368,5361.11965623073
1369,5322.18215590702
1370,5330.05733953912
1371,5335.33593339598
1372,5320.67427131031
1373,5368.82559045644
1374,5371.34817743863
1375,5364.61584347111
1376,5332.12324083577
1377,5347.74642827322
1378,5367.48105789697
1379,5332.37044545243
1380,5332.78222420374
1381,5327.46216000361
1382,5328.36174047008
1383,5331.27549889492
1384,5345.02624462839
1385,5365.31730318858
1386,5330.64735087862
1387,5331.16835650297
1388,5341.04727240817
1389,5323.83803184922
1390,5113.97774875877
1391,5102.68744832109
1392,5093.84148423913
1393,5094.03631429148
1394,5104.37509241162
1395,5088.5713655598
1396,5108.54938730061
1397,5099.3160565454
1398,5098.47586047018
1399,5111.89088597969
1400,0
1401,5095.49756029335
1402,5093.58092992139
1403,5090.17794689262
1404,5108.45335986494
1405,5113.4829415709
1406,5096.69625919428
1407,5101.7015162517
1408,5102.49013039045
1409,5098.03835317371
1410,5112.95344228
1411,5104.38097268971
1412,5099.02513037519
1413,5093.80979802391
1414,5111.91901451571
1415,5093.00733731069
1416,5101.89674943248
1417,5111.10664911074
1418,5098.77958698782
1419,5098.42765890481
1420,5089.54232448209
1421,5091.63863235258
1422,5099.50820557381
1423,5114.41933704774
1424,5088.41881315246
1425,5092.06001517377
1426,5096.24110248118
1427,5097.71162823682
1428,5113.81520379632
1429,5100.43109498484
1430,5112.28721405016
1431,6889.94359332819
1432,6871.86306241697
1433,6870.98248122787
1434,6885.65080225188
1435,6869.06830787739
1436,6890.26962006482
1437,6861.70453893411
1438,6868.75299123661
1439,6855.1547641075
1440,6881.60845047997
1441,6877.20050138842
1442,6898.53833455992
1443,6877.83025896753
1444,6901.89355078198
1445,6884.46066556499
1446,6897.13546863026
1447,6881.5286020451
1448,6866.97331940978
1449,6858.75310485697
1450,6865.84813520164
1451,6864.24270915687
1452,6885.27550535549
1453,6865.93369271128
1454,6877.65059594393
1455,6893.75002735756
1456,6865.47882211982
1457,6871.3843411338
1458,6872.71926754531
1459,6871.79048078256
1460,6900.85330324056
1461,6864.08541735281
1462,6860.53234804417
1463,6867.01228920467
1464,6875.30123505404
1465,6903.56071225021
1466,6878.17003929651
1467,6880.34079224928
1468,6863.16392469972
1469,6892.03047105864
1470,6861.78484448921
1471,6900.99044084926
1472,3825.87648966858
1473,3835.61497134914
1474,3844.22385197511
1475,3856.09496490938
1476,3839.4570494611
1477,3831.20590540967
1478,3831.05551001289
1479,3834.07568928405
1480,3850.22634150774
1481,3862.59997389074
1482,3847.92047792257
1483,3865.13594873872
1484,3843.10963449094
1485,3831.29199480116
1486,3839.78984230864
1487,3858.84837696878
1488,3836.97797376304
1489,3837.43671135167
1490,3845.45366424258
1491,3831.88854067107
1492,3828.06748133986
1493,3836.36859485176
1494,3846.36738194892
1495,3843.91791966116
1496,3852.5122867366
1497,3836.40265694416
1498,3850.65712300886
1499,3839.55595584889
1500,3838.37088250994
1501,3838.27984421394
1502,3843.24720707453
1503,3826.15506005257
1504,3836.48926955293
1505,3840.75032812946
1506,3863.34729967444
1507,3840.65944706957
1508,3837.58959183061
1509,3866.18817677622
1510,3854.32159850783
1511,3827.94443452076
1512,3826.3295668574
1513,7038.89200823846
1514,7026.9835856808
1515,7032.10015041478
1516,7052.23693251572
1517,7028.29415058632
1518,7055.176137699
1519,7052.4038618676
1520,7037.76797448806
1521,7042.89148804785
1522,7027.02125882673
1523,7030.33126864987
1524,7040.62687127905
1525,7034.92711037211
1526,7031.38595745699
1527,7025.11349604448
1528,7027.86203512066
1529,7059.46896909073
1530,7024.61502575535
1531,7047.91372705575
1532,7037.71482024981
1533,0
1534,7039.62272651923
1535,7027.25336647237
1536,7029.12210034678
1537,7037.79160217454
1538,7055.57452125193
1539,7057.57843924881
1540,7028.30782343864
1541,7033.90711479626
1542,7056.82058291212
1543,7038.00771250085
1544,7031.95830636916
1545,7036.83956722847
1546,7038.30479704611
1547,7028.50152366415
1548,7028.47834399422
1549,7057.39011537545
1550,7059.71389136449
1551,7029.40692333888
1552,7030.21117149391
1553,7044.43546530924
1554,7036.13843404576
1555,4182.86784753229
1556,4193.3724239893
1557,4205.71530542623
1558,4202.0304807229
1559,4210.42581168935
1560,4224.26792334641
1561,4228.99593182796
1562,4192.49661868445
1563,4188.0716596148
1564,4217.80898698897
1565,4202.10918864418
1566,4184.1307242411
1567,4194.93113849103
1568,4196.94313310539
1569,4186.56842030678
1570,4231.02728454472
1571,4194.87974863876
1572,4198.91175658859
1573,4197.94874939822
1574,4200.42445730684
1575,4201.48447324389
1576,4228.23064406212
1577,4193.92848994054
1578,4191.68934849203
1579,4227.67299070502
1580,4229.35758203666
1581,4184.43740305586
1582,4196.37016444261
1583,4199.93329712777
1584,4196.81118277419
1585,4207.8613880389
1586,4195.17734097325
1587,4231.54633750294
1588,4188.20304282937
1589,4221.13982790115
1590,4228.56234995057
1591,4187.96992607477
1592,4204.41553191027
1593,4214.99687306392
1594,4187.91226484269
1595,4198.10808606073
1596,6583.78743653422
1597,6592.21677952084
1598,6583.05229717031
1599,6593.37543991491
1600,6583.48982989712
1601,6583.45188590403
1602,6594.26785628118
1603,6584.11878157415
1604,6592.70580886629
1605,6579.24767966109
1606,6577.25488170436
1607,6581.34303283009
1608,6584.78143590907
1609,6587.70124960147
1610,6598.13000508252
1611,6591.79687464155
1612,6585.33293352226
1613,6582.68778490223
1614,6597.85575154693
1615,6584.35015655041
1616,6584.10345911019
1617,6597.51847156791
1618,6593.97432814498
1619,6587.9106895401
1620,6582.54462826523
1621,6584.15906967444
1622,6583.77319806621
1623,6586.20327480285
1624,6579.42917928342
1625,6583.67373293362
1626,6584.76997150593
1627,6578.79787110931
1628,6596.44367513881
1629,6596.92250577512
1630,6587.35522571954
1631,6598.2709271891
1632,6601.75833933978
1633,6595.33983678344
1634,6587.12346828697
1635,6592.70776176751
1636,7174.96947683973
1637,7174.71398597499
1638,7164.68771214784
1639,7168.34283176722
1640,7166.66337383723
1641,7186.63190553192
1642,7174.78701719585
1643,7178.95874391481
1644,7164.20074723349
1645,7173.23188203232
1646,7181.30926075934
1647,7170.50777748921
1648,7167.86237802811
1649,7189.54514649776
1650,7191.19606789531
1651,7168.51448372142
1652,7176.59522825251
1653,7186.84914508507
1654,7191.43097178809
1655,7191.06186736713
1656,7189.67727106541
1657,7183.19706992928
1658,7172.13092470445
1659,7175.04369504621
1660,7165.34126261326
1661,7173.62658782109
1662,7173.77955470345
1663,7174.95386119469
1664,7175.09163037234
1665,7178.96144974142
1666,7169.76928656653
1667,7190.05952774578
1668,7189.61789882251
1669,7170.45457687586
1670,7167.74585045804
1671,7175.8982523394
1672,7171.95450393997
1673,7177.21957141564
1674,7191.2657550215
1675,7169.12188407354
1676,5141.84015735154
1677,5129.79295135976
1678,5141.5560668755
1679,5126.37212068907
1680,5138.90139508747
1681,5168.76960179954
1682,5156.62585391137
1683,5114.89837951345
1684,5162.89259713391
1685,5119.7316637743
1686,5135.71266336904
1687,5127.24261221462
1688,5144.6320446398
1689,5148.77450877078
1690,5155.05919136712
1691,5151.57434380637
1692,5169.07375612029
1693,5155.29281236889
1694,5132.13469909222
1695,5129.57771782371
1696,5134.8484714762
1697,0
1698,5167.28586168198
1699,5134.40263084779
1700,5170.98022411204
1701,5171.56412847139
1702,5131.24167326451
1703,5135.73944736293
1704,5125.713788939
1705,5128.98777127717
1706,5168.08585296153
1707,5164.30446809183
1708,5160.16756266405
1709,5139.88387979443
1710,5126.44254748524
1711,5124.13251019703
1712,5158.47243148128
1713,5145.5028136328
1714,5132.75755435415
1715,5136.43118580179
1716,5139.04809527919
1717,5124.03492854229
1718,7234.14260673494
1719,7274.83522562897
1720,7243.07349984304
1721,7237.60866739778
1722,7241.11244408479
1723,7239.67432503706
1724,7269.14565211747
1725,7234.65789681524
1726,7239.68390270723
1727,7234.89693489505
1728,7240.00999904161
1729,7239.48403093763
1730,7235.42568721116
1731,7266.34462913357
1732,7272.19742425317
1733,7235.87664922429
1734,7255.32957078968
1735,7255.57309846445
1736,7246.60655624464
1737,7240.83877097673
1738,7251.9722906753
1739,7234.31993443041
1740,7272.6774099907
1741,7251.09035777196
1742,7231.18454713675
1743,7272.81928231205
1744,7270.41261938087
1745,7235.4678195705
1746,7231.75053658209
1747,7239.24346169801
1748,7237.73538590035
1749,7261.33339215734
1750,7239.82831796122
1751,7236.27912753388
1752,7272.9737014317
1753,7272.73560930258
1754,7234.78766987731
1755,7274.91301797352
1756,7248.98152906447
1757,7239.42839526302
1758,7244.396217623
1759,5967.22782653623
1760,5974.07242297291
1761,5968.13685946677
1762,5977.31849667963
1763,5981.41254368581
1764,5966.25208796021
1765,5969.51385986498
1766,5973.14415841056
1767,5975.62937532359
1768,5990.87390723737
1769,5965.45303464406
1770,5987.98475474604
1771,5978.01730321957
1772,5967.32896317859
1773,5978.28079936192
1774,5978.31146655237
1775,5978.74366317115
1776,5964.96361037181
1777,5967.70339503493
1778,5972.85140999536
1779,5969.82603619841
1780,5990.64802067269
1781,5970.62258874111
1782,5982.96039509419
1783,5980.09857679494
1784,5983.2859178703
1785,5971.52214937489
1786,5974.24157688203
1787,5987.42497384242
1788,5967.92253570031
1789,5987.79430899161
1790,5967.69734528664
1791,5968.72604224327
1792,5979.92601128358
1793,5976.13563210205
1794,5991.24055642828
1795,5966.45267430767
1796,5990.0361327474
1797,5976.44547806829
1798,5973.32007823012
1799,5989.84754282652
1800,4597.01533247782
1801,4606.66660848503
1802,4612.39025189646
1803,4585.98529921167
1804,4585.52957414419
1805,4590.83959690799
1806,4584.56042360309
1807,4612.14313558733
1808,4585.35108716129
1809,4582.35171604002
1810,4582.86455855172
1811,4586.87735563715
1812,4584.5170142196
1813,4581.88739119215
1814,4609.67198138839
1815,4604.27169639162
1816,4587.85576220536
1817,4575.51889542986
1818,4584.80672555656
1819,4604.82395787238
1820,4598.05788782788
1821,4600.95894164524
1822,4577.40214690146
1823,4609.27638818201
1824,4580.08610547806
1825,4610.50703548153
1826,4596.15683887037
1827,4583.18407185668
1828,4581.01231016979
1829,4582.54908923967
1830,4612.01248554891
1831,4578.95710927691
1832,4586.4030462474
1833,4589.15130104544
1834,4575.59203150733
1835,4590.61281830492
1836,4585.70300145352
1837,4580.95214807163
1838,4576.53611805509
1839,4612.07775965364
1840,4586.91066781721
1841,6501.92098630139
1842,6475.13540826166
1843,6486.15813077816
1844,6502.57541500903
1845,6471.8379316961
1846,6510.92229796891
1847,6486.41822518152
1848,6485.62553464582
1849,6503.55522137035
1850,6476.45848915845
1851,6475.51020551302
1852,6463.48949072813
1853,6472.08366398457
1854,6484.24160894624
1855,6498.84429704959
1856,6510.27791251334
1857,6479.37534339072
1858,6526.45821057623
1859,6493.73187451255
1860,6487.56743366085
1861,6480.80465197089
1862,6512.47928748476
1863,6468.5529232031
1864,6471.10624361653
1865,6468.30234143331
1866,6491.29513785968
1867,6486.51759221002
1868,6514.204576487
1869,6473.18578634589
1870,6521.10546160238
1871,6461.26809987082
1872,6466.22313646206
1873,6484.52583155227
1874,6480.41389543498
1875,6487.97334119592
1876,6524.79200533214
1877,6528.67818995957
1878,6487.0990342199
1879,6520.04319649661
1880,6524.88072883582
1881,6484.50220628382
1882,6879.53339983948
1883,6863.92340414338
1884,6864.46403327197
1885,6862.86786595017
1886,6892.12129463856
1887,6857.43674388594
1888,6847.4646026598
1889,6855.84573230657
1890,6850.52089300886
1891,6876.54934846828
1892,6853.39801046611
1893,6854.95913510122
1894,6894.51248014917
1895,6848.59128937308
1896,6882.38958650551
1897,6856.69722145423
1898,6856.2013337851
1899,6847.37186240743
1900,6858.2372785778
1901,6899.97424343841
1902,6876.47726858434
1903,6856.97435833945
1904,6848.12614526482
1905,6876.61575881842
1906,6853.55552686952
1907,6849.53188964944
1908,6851.07120118597
1909,6862.77106431161
1910,6854.9513814459
1911,6900.00816859736
1912,6853.97598378985
1913,6856.45451066545
1914,6894.68488572081
1915,6887.52801255949
1916,6894.90937846529
1917,6871.1453010468
1918,6891.92330294225
1919,6867.66060918997
1920,6871.99975458684
1921,6897.46385833205
1922,6897.56971023051
1923,10092.7448426962
1924,10089.2293926075
1925,10088.9009110276
1926,10085.8891112929
1927,10118.1253275501
1928,10093.2227212675
1929,10093.2850493626
1930,10092.6371334255
1931,10087.9757677144
1932,10090.0064817132
1933,10084.5104137834
1934,10101.789988794
1935,10080.9825968559
1936,10091.6734380894
1937,10096.0348879298
1938,10084.5798328795
1939,10081.4202815784
1940,10087.7040033015
1941,10085.4021404175
1942,10092.0860330689
1943,10101.1524060806
1944,10105.7235329516
1945,10084.1908201365
1946,10126.7841772258
1947,10124.7746620365
1948,10122.7448638415
1949,10094.894605145
1950,10079.4165360625
1951,10086.8881148297
1952,10079.828994797
1953,10094.2125165979
1954,10086.1790484152
1955,10123.5163158364
1956,10109.2401019297
1957,10101.1145246584
1958,10120.6939743464
1959,10090.3073113116
1960,10120.473884315
1961,10122.0573528519
1962,10127.296571848
1963,10115.6051359614
1964,5968.21861783793
1965,5970.81653021981
1966,6003.73619996485
1967,5971.49014018208
1968,5978.94446700998
1969,5975.68332847997
1970,5995.47348504193
1971,5976.03233787606
1972,5975.64498869357
1973,6006.66435385737
1974,6004.51943892057
1975,5976.12151367952
1976,5973.37988109516
1977,6009.25767913302
1978,5972.97190378716
1979,5976.57832377912
1980,6009.47280394969
1981,5972.38050441476
1982,5968.13688422046
1983,5995.10576919021
1984,5989.42693227772
1985,5968.64442222068
1986,5990.02786729145
1987,5974.14757019761
1988,5969.50097769469
1989,6006.64649361307
1990,6007.16975561969
1991,5970.19723129491
1992,5976.48120843962
1993,5976.68267558517
1994,5990.08061246054
1995,5970.88080473167
1996,5978.05822905511
1997,6000.51701677195
1998,6007.64784497125
1999,5984.88945610105
2000,5977.19726565484
2001,5969.40151976814
2002,5985.82220746482
2003,5981.52133442051
2004,6009.96154781633
2005,7424.65017293731
2006,7420.12109019419
2007,7393.33194897095
2008,7397.20980240359
2009,7396.9523887266
2010,7398.63528066527
2011,7395.22475978511
2012,7409.52733799094
2013,7404.71867619603
2014,7415.98370606934
2015,7392.4482959176
2016,7393.81243589615
2017,7417.87632888046
2018,7400.22646263899
2019,7412.33955135699
2020,7436.28571297484
2021,7410.85623515164
2022,7401.29921414932
2023,7401.00344849513
2024,7433.20535073194
2025,7434.93844321333
2026,7402.25362584764
2027,7436.74153779644
2028,7394.69330074109
2029,7428.4527082465
2030,7398.8322008128
2031,7433.53300384863
2032,7393.79760383603
2033,7406.36277342743
2034,7420.2327847717
2035,7414.14993682717
2036,7415.65355742376
2037,7411.200957175
2038,7406.86886555846
2039,7425.44195095699
2040,7396.76147191672
2041,7401.31213803821
2042,7411.27583824361
2043,7432.04791411864
2044,7416.19465905119
2045,7406.97434439203
2046,7184.69826555724
2047,7189.30283726414
2048,7145.28526250073
2049,7192.46219414024
2050,7172.42490257119
2051,7126.12719916158
2052,7152.51551937941
2053,7131.44862492523
2054,7148.95625976948
2055,7121.99988640933
2056,7118.68026651567
2057,7144.02284943322
2058,7156.38169306403
2059,7161.38748168636
2060,7119.16303594796
2061,7123.95495289983
2062,7186.32860577911
2063,7120.42525805867
2064,7136.94766968417
2065,7188.45030853956
2066,7171.84462581304
2067,7129.96182996046
2068,7159.83714291431
2069,7140.27802572529
2070,7186.97340610983
2071,7137.80172951969
2072,7187.10328192462
2073,7157.61222190898
2074,7154.3531006052
2075,7191.14475142776
2076,7138.07214684822
2077,7186.19939659302
2078,7138.14774859539
2079,7131.26876845404
2080,7175.32736415924
2081,7126.8529381333
2082,7166.86624634498
2083,7190.74025597662
2084,7152.32014010868
2085,7134.27924687039
2086,7178.8596268575
2087,9033.41149871041
2088,9048.68641126951
2089,9067.31038149971
2090,9043.37507195865
2091,9067.02315031672
2092,9074.94855910889
2093,9036.04021567742
2094,9050.28425061537
2095,9033.77117230068
2096,9040.00834379258
2097,9062.80481592788
2098,9046.88288888047
2099,9030.62175591611
2100,9042.61975637496
2101,9079.02760082426
2102,9078.84449462741
2103,9074.65996336195
2104,9031.99658527817
2105,9046.38325067141
2106,9033.06135209697
2107,9043.28754804759
2108,9046.56086337378
2109,9055.65868870355
2110,9076.80888321949
2111,9038.58121515566
2112,9071.07146397439
2113,9057.94737918297
2114,9075.58553866034
2115,9038.21688447376
2116,9056.92411062459
2117,9037.07594270625
2118,9034.47648499375
2119,9041.19839567962
2120,9023.36451070703
2121,9046.06375771722
2122,9063.03821807439
2123,9028.02482831506
2124,9033.27851395366
2125,9029.91083909561
2126,9049.8138530377
2127,9049.90979809909
2128,6280.13666234389
2129,6294.07041580843
2130,6282.10218177418
2131,6275.47963338266
2132,6279.39561732594
2133,6319.47517671618
2134,6315.73865344542
2135,6273.43721024087
2136,6283.24913973545
2137,6320.38262503108
2138,6279.41200849451
2139,6305.76428542631
2140,6296.12119314721
2141,6267.06669048372
2142,6320.82378836751
2143,6279.90397790827
2144,6277.17947959866
2145,6290.49815139793
2146,6271.23217674508
2147,6316.30035888871
2148,6281.13772800254
2149,6287.43126820235
2150,6300.75610749006
2151,6310.53757440666
2152,6283.42949622517
2153,6319.87084984709
2154,6313.47674948058
2155,6288.76253593716
2156,6284.65499672952
2157,6277.09470218172
2158,6303.45517855353
2159,6319.30948166846
2160,6275.98587471195
2161,6308.84054590883
2162,6272.9870558302
2163,6294.80642410705
2164,6277.20699909828
2165,6285.14287427049
2166,6270.53925563646
2167,6284.81410407035
2168,6275.49388598281
2169,8506.04491241879
2170,8518.01120968249
2171,8508.5956275769
2172,8503.05370802205
2173,8527.18293970597
2174,8502.21865740589
2175,8540.10335371575
2176,8534.65976150772
2177,8508.02326797136
2178,8541.35681914675
2179,8501.40249062876
2180,8510.00866931154
2181,8501.59529166854
2182,8512.24480176598
2183,8504.58428966419
2184,8539.67689542119
2185,8512.93866259966
2186,8529.78894328622
2187,8500.32138537093
2188,8515.79893532774
2189,8518.80346125147
2190,8521.94882573264
2191,8513.69689219128
2192,8498.15333620729
2193,8524.01244881096
2194,8500.78281555493
2195,8499.35234057248
2196,8540.68176321816
2197,8508.40726729238
2198,8500.25253303804
2199,8508.71128044467
2200,8500.39512010471
2201,8504.68738544896
2202,8533.23560044407
2203,8492.65777550409
2204,8499.09503793357
2205,8513.38015735294
2206,8511.6026474653
2207,8538.28450190873
2208,8524.49748875338
2209,8500.01475699533
2210,3979.04411322491
2211,3966.98095594416
2212,3974.63276601008
2213,3978.05724869138
2214,3964.21278459736
2215,3962.02510061165
2216,3958.41035585698
2217,3959.32391786605
2218,3965.42057610316
2219,3964.22898768291
2220,3968.05610712135
2221,3970.65177401581
2222,3969.06314589817
2223,3959.65838375281
2224,3971.17779075872
2225,3973.4801716032
2226,3971.57279378598
2227,3956.06351458071
2228,3971.72963121498
2229,3975.14008883461
2230,3965.11752262484
2231,3963.00552361185
2232,3970.33898821252
2233,3956.27024518826
2234,3966.64694466537
2235,3967.46269926001
2236,3964.76545907625
2237,3967.74258123024
2238,3976.09417361103
2239,3954.25329370127
2240,3974.73810259294
2241,3959.20601975755
2242,3976.17344658502
2243,3957.39664292185
2244,3974.57365313525
2245,3965.88245143136
2246,3969.85456145808
2247,3964.70139214812
2248,3956.37734256526
2249,3970.384798955
2250,3964.34681774229
2251,4561.18515324742
2252,4548.85546502965
2253,4531.79590107588
2254,4561.78741739621
2255,4530.83752607728
2256,0
2257,4541.16477893423
2258,4540.62083400721
2259,4519.91362329884
2260,4551.1411254635
2261,4536.0127549633
2262,4555.61859697859
2263,4549.36739585974
2264,4523.18356029972
2265,4518.90368488576
2266,4536.10304965129
2267,4544.78005926023
2268,4532.68093228341
2269,4530.51460945955
2270,4557.11427162396
2271,4543.62659001602
2272,4557.01337480415
2273,4541.74052815938
2274,4531.34809807454
2275,4524.85695136988
2276,4550.14960205261
2277,4529.44477241457
2278,4534.00865061572
2279,4530.83841784185
2280,4557.64151179558
2281,4527.5679318228
2282,4534.76711070713
2283,4541.57851045982
2284,4535.15993848799
2285,4543.50201688465
2286,4537.35027818154
2287,4532.62709433211
2288,4521.77811388263
2289,4541.28707254363
2290,4554.36798047953
2291,4525.23343931493
2292,4539.00768325305
2293,5870.49801553715
2294,5840.39524837556
2295,5851.1255915775
2296,5870.47729153112
2297,5866.18503059465
2298,5858.18076807693
2299,5836.39904528051
2300,5818.29151028976
2301,5822.47214293751
2302,5868.99693794163
2303,5817.05242045046
2304,5857.40508538005
2305,5827.81863384992
2306,5825.36772129103
2307,5870.54719547759
2308,5821.59188015639
2309,5832.44894423805
2310,5857.41332275565
2311,5838.15142839174
2312,5868.35735471107
2313,5834.19875093771
2314,5842.93656063234
2315,5816.52153924293
2316,5827.31188201817
2317,5839.2389981232
2318,5819.24362483025
2319,5843.6184960434
2320,5825.73116753884
2321,5863.80612587037
2322,5827.03027180463
2323,5834.47536872167
2324,5816.17118597834
2325,5818.08912907768
2326,5831.74612007906
2327,5835.93563543275
2328,5819.09107910544
2329,5854.58217833508
2330,5848.2038435345
2331,5807.94690880726
2332,5812.79870389272
2333,5822.71789437051
2334,5884.64690126389
2335,5876.17965817179
2336,5862.98274728401
2337,5847.55508484091
2338,5859.50232697072
2339,5854.96828786137
2340,5857.63373587761
2341,5878.90127633599
2342,5863.876089565
2343,5858.61844951557
2344,5870.0954265671
2345,5856.32209679978
2346,5866.43285184411
2347,5872.8392043083
2348,5846.15846277707
2349,5870.97891110207
2350,5880.05259276145
2351,5884.68370980308
2352,5853.29027775659
2353,5882.94381775463
2354,5865.61662322642
2355,5858.29450201734
2356,5862.6187880662
2357,5855.57914494734
2358,5868.65603187324
2359,5849.19838744148
2360,5879.41217633763
2361,5880.41179193891
2362,5859.03878818869
2363,5856.11963093921
2364,5880.42586877478
2365,5851.14018252204
2366,5883.08872559485
2367,5872.12006762284
2368,5857.33302607454
2369,5867.7818890144
2370,5851.27218031641
2371,5854.36976256089
2372,5849.52058021972
2373,5846.86790282248
2374,5855.23434546566
2375,8572.2493695123
2376,8573.63110735856
2377,8559.69363780888
2378,8573.11417195565
2379,8585.42734504274
2380,8572.5284283206
2381,8575.06662737488
2382,8588.12270159981
2383,8556.82782335856
2384,8573.06104951301
2385,8573.440600077
2386,8567.48362611766
2387,8565.71726166878
2388,8577.15835598718
2389,0
2390,8560.14170293876
2391,8590.49747758179
2392,8587.39448480351
2393,8571.64056782736
2394,8587.07925104835
2395,8580.0075852394
2396,8578.06134503474
2397,8572.33647158429
2398,8574.35756441506
2399,8574.31211303958
2400,8557.45212006185
2401,8581.6147384841
2402,8556.46807535168
2403,8585.07373289961
2404,8590.2997872906
2405,8584.33247712281
2406,8562.83660844223
2407,8581.12549490298
2408,8572.34297628104
2409,8558.07566108701
2410,8573.87426059541
2411,8576.06029342353
2412,8563.55232929977
2413,8588.69677729433
2414,8572.3674873368
2415,8574.52255308824
2416,8570.89871987878
2417,7443.99920185787
2418,7436.11358293049
2419,7417.40411116459
2420,7419.87643167057
2421,7410.03461868233
2422,7431.75508316119
2423,7420.97363873163
2424,7431.66804449765
2425,7450.8711414215
2426,7421.61493282262
2427,7422.23044153403
2428,7422.16319519228
2429,7422.82084227771
2430,7453.17951432817
2431,7445.72611936193
2432,7419.1408093796
2433,7454.38360386318
2434,7416.33912536498
2435,7421.96144401529
2436,7409.13029219481
2437,7423.79983872986
2438,7452.41349843202
2439,7427.37129887421
2440,7419.9827432177
2441,7417.38891346892
2442,7422.28625928018
2443,7417.98012365196
2444,7421.99164110625
2445,7413.41034690734
2446,7413.82142301992
2447,7417.1767696154
2448,7418.20906660121
2449,7451.57932825155
2450,7425.00919588468
2451,7448.61442922943
2452,7453.59401987582
2453,7407.62721926014
2454,7438.61399384014
2455,7421.57560084181
2456,7407.9525457465
2457,7450.2145812559
2458,5057.35204986715
2459,5057.00810149871
2460,5057.44968901455
2461,5073.75285654143
2462,5083.11334859047
2463,5060.70159866406
2464,5080.96996102226
2465,5096.41681228901
2466,5055.82454674842
2467,5098.24441073686
2468,5091.68779886652
2469,5098.94319236676
2470,5069.18063804976
2471,5065.10964045447
2472,5087.32791920006
2473,5068.69065470222
2474,5063.91187260605
2475,5053.12163242976
2476,5054.97514782453
2477,5088.20662145473
2478,5068.43147846704
2479,5071.67295900849
2480,5052.45066957262
2481,5094.65937432211
2482,5067.68547288145
2483,5055.507900396
2484,5055.29461731031
2485,5059.0346716697
2486,5058.58927033888
2487,5075.57937942882
2488,5078.45835996666
2489,5098.78186418123
2490,5052.69620508778
2491,5067.34310030696
2492,5054.03414698876
2493,5068.38714820053
2494,5096.58892470961
2495,5063.1349806148
2496,5055.11202338571
2497,5072.18389615094
2498,5068.65056497942
2499,7610.06819178363
2500,7640.11706922294
2501,7637.16704734737
2502,7614.6092608761
2503,7607.00854497245
2504,7607.9193812377
2505,7621.10756649494
2506,7624.4500907937
2507,7606.02789339755
2508,7647.08528072746
2509,7611.23449328304
2510,7641.81964366461
2511,7633.57213753122
2512,7642.5197575505
2513,7646.71429673392
2514,7629.36051107349
2515,7600.53857044846
2516,7610.0750569077
2517,7641.79360816268
2518,7646.63330313069
2519,7615.83377925197
2520,7644.59141406375
2521,7645.66719936651
2522,7602.52205461672
2523,7607.27584490002
2524,7616.46091420997
2525,7601.29373972291
2526,7602.93414002686
2527,7600.29537904568
2528,7605.83757755145
2529,7601.2326171354
2530,7618.68281402497
2531,7605.48540198294
2532,7605.0817047633
2533,7607.16185673976
2534,7618.05217566462
2535,7608.42224363803
2536,7596.74472242627
2537,7595.54725213547
2538,7614.70816932539
2539,7606.46479008543
2540,6829.70714559701
2541,6822.68720481856
2542,6813.7382992355
2543,6836.51241973369
2544,6835.95572791414
2545,6813.42392331789
2546,6831.38073871353
2547,6836.142156062
2548,6821.7065784717
2549,6821.70885991946
2550,6832.99461090988
2551,6832.60614419829
2552,6820.36417593
2553,0
2554,6821.17781032039
2555,6827.06643835586
2556,6819.85420763192
2557,6814.82525058956
2558,6823.5405791958
2559,6838.13312626095
2560,6825.72095352725
2561,6818.79177320938
2562,6826.69857720933
2563,6819.1969592607
2564,6821.82883810707
2565,6819.29560241393
2566,6828.11524150437
2567,6812.97839522295
2568,6818.09895605368
2569,6829.41208256128
2570,6820.19581659572
2571,6823.87087365503
2572,6821.40590765194
2573,6819.61024775484
2574,6819.63951346267
2575,6818.69405879457
2576,6834.87508102595
2577,6811.26757834961
2578,6834.8918391106
2579,6816.55040386574
2580,6817.70231544104
2581,8700.7978799656
2582,8672.88420112372
2583,8689.82385351366
2584,8705.11227313441
2585,8667.82772861862
2586,8706.76916969972
2587,8696.27949842954
2588,8706.72487661905
2589,8658.4007409079
2590,8662.12587238346
2591,8676.21318076937
2592,8680.86245157434
2593,8672.59684290952
2594,8676.76169994952
2595,8676.06232722576
2596,8666.68697708214
2597,8702.57815618744
2598,8670.82446079915
2599,8692.50010177704
2600,8669.94502446055
2601,8671.30184104105
2602,8683.44222395144
2603,8686.00746563795
2604,8678.0114371878
2605,8695.28422643724
2606,8667.17337861904
2607,8681.37122731265
2608,8681.54048063416
2609,8694.85466978169
2610,8706.23524282211
2611,8688.46680639023
2612,8665.10233610436
2613,8666.40437917229
2614,8663.55758955236
2615,8677.7961571073
2616,8705.51662221721
2617,8679.05939191528
2618,8667.22798115951
2619,8672.93063560411
2620,8665.34183680456
2621,8664.11478184381
2622,3725.34455189842
2623,3729.39642316362
2624,3753.75305928268
2625,3724.26634895571
2626,3748.12355654732
2627,3758.94732995466
2628,3727.55504797123
2629,3756.7214029386
2630,3720.46659589249
2631,3743.5724126373
2632,3723.2483465043
2633,3757.09617932917
2634,3734.70980798586
2635,3738.88387139751
2636,3743.27499051523
2637,3736.2146630098
2638,3715.81239235238
2639,3712.76557911768
2640,3712.58596504248
2641,3724.03577788805
2642,3720.87867043535
2643,3756.63879759518
2644,3725.05787634544
2645,3730.69229953932
2646,3724.01826242134
2647,3715.50861444885
2648,3739.19820910864
2649,3728.78568746678
2650,3728.43778833171
2651,3717.82346263009
2652,3728.22048851077
2653,3723.60954421533
2654,3732.10831775085
2655,3714.23124945631
2656,3734.41281179883
2657,3723.33487433544
2658,3724.80005276668
2659,3751.68465508724
2660,3726.84748610964
2661,3712.57877293499
2662,3747.30641964682
2663,12203.8681552283
2664,12191.5004884192
2665,12189.5999206654
2666,12213.6313125409
2667,12228.4138974615
2668,12238.3674686969
2669,12190.9628660519
2670,12222.927891198
2671,12193.758874897
2672,12197.354823925
2673,12221.0555777247
2674,12208.9634665864
2675,12205.2120701563
2676,12185.8306617452
2677,12236.9928602089
2678,12186.2081816042
2679,12191.6078898598
2680,12180.2272386578
2681,12236.8518435284
2682,12189.6549204651
2683,12234.2479180043
2684,12201.9569101393
2685,12186.2969370434
2686,12235.9184680372
2687,12231.5554444439
2688,12205.065401776
2689,12218.9282284537
2690,12186.1251690559
2691,12201.3540508108
2692,12197.1521078951
2693,12201.4287097882
2694,12197.0435820079
2695,12197.2912740098
2696,12212.8615951168
2697,12186.4154993614
2698,12225.4363347314
2699,12187.9210351003
2700,12185.150749693
2701,12203.0443262372
2702,12199.5961118287
2703,12187.5297042244
2704,4372.99576999393
2705,4368.11348180464
2706,4351.11732352217
2707,4335.25680874143
2708,4336.81117175548
2709,4340.49290173297
2710,4361.972580444
2711,4340.07579454564
2712,4330.47387841556
2713,4345.10063141155
2714,4343.18213565466
2715,4335.8980967119
2716,4331.86376375838
2717,4385.14167706733
2718,4353.1051222414
2719,4383.6569844061
2720,4346.45585642287
2721,4383.6229679931
2722,4383.96394531946
2723,4379.92194277172
2724,4364.32148791532
2725,4346.99727845134
2726,4327.37735853588
2727,4344.33808249011
2728,4354.53704894007
2729,4339.32480518584
2730,4339.24691559877
2731,4370.75924385263
2732,4379.20350941489
2733,4333.13943095214
2734,4334.87637182456
2735,4341.75962705267
2736,4333.68897791195
2737,4335.82794364873
2738,4346.93017087647
2739,4334.29715213036
2740,4331.91958090509
2741,4384.64955909135
2742,4376.71751518341
2743,4354.92678932747
2744,4339.27102101441
2745,5876.32695933874
2746,5846.23301160553
2747,5860.34972065756
2748,5869.14570463546
2749,5852.49263008697
2750,5842.20030563486
2751,5862.88395805747
2752,5855.47746412624
2753,5856.39413805299
2754,5869.62038153505
2755,5859.75241315006
2756,5864.36930020617
2757,5864.78358742141
2758,5870.54163438903
2759,5878.10398835804
2760,5874.53666063928
2761,5849.67065159906
2762,5853.48322114735
2763,5879.30996957723
2764,5857.01188763573
2765,5852.56865468934
2766,5876.31918282892
2767,5854.85436705622
2768,5868.40103750258
2769,5849.84750170711
2770,5857.63553917151
2771,5848.74217141248
2772,5874.30984081195
2773,5848.8762738668
2774,5849.29282927948
2775,5848.33619727138
2776,5853.02183651083
2777,5859.42837019617
2778,5855.4684291448
2779,5850.18692261494
2780,5860.84235635045
2781,5859.59875030772
2782,5847.77245534436
2783,5846.81033965411
2784,5850.81525614436
2785,7902.58199349318
2786,7954.83278765865
2787,7923.61364893601
2788,7898.260308905
2789,7894.20501387578
2790,7922.20146899952
2791,7930.32787806509
2792,7903.38757319226
2793,7941.04858966727
2794,7906.60825085146
2795,7948.82048310965
2796,7932.27317325082
2797,7908.93256642853
2798,7940.67664992091
2799,7907.35694251973
2800,7936.28915911425
2801,7953.07040032206
2802,7923.35311786722
2803,7917.48152019713
2804,7908.55974217633
2805,7953.37681897045
2806,7947.46481331611
2807,7910.39019729794
2808,7953.78653112985
2809,7948.47150004261
2810,7903.61450464265
2811,7918.67571779688
2812,7922.45947621355
2813,7915.8544097311
2814,7911.65868618347
2815,7920.72969538423
2816,7914.81429771488
2817,7952.96645290042
2818,7917.07845809796
2819,7910.23970102559
2820,7912.93812863317
2821,7932.24583092446
2822,7920.88956352242
2823,7914.86665155703
2824,7901.43263602798
2825,7921.53488384367
2826,5359.30519568925
2827,5340.20346789694
2828,5326.77976449563
2829,5329.9206212828
2830,5348.68107700594
2831,5341.93106798525
2832,5340.18606625365
2833,5333.12485528879
2834,5325.35510324468
2835,5330.05263936047
2836,5329.84373048014
2837,5346.64511332936
2838,5354.16396041782
2839,5352.22947219572
2840,5331.19128146953
2841,5357.12571726137
2842,5327.00368964509
2843,5334.93675198389
2844,5325.02668414486
2845,5346.07437170025
2846,5340.48821107392
2847,5349.7075714301
2848,5321.00174822794
2849,5360.96903787433
2850,5357.64552651423
2851,5338.08023848526
2852,5340.49035268031
2853,5332.9755200731
2854,5337.37577330281
2855,5353.38069214101
2856,5343.96682664758
2857,5335.35059033932
2858,5360.24739106361
2859,5325.15569341038
2860,5358.82913004806
2861,5335.1368733413
2862,5342.57534464265
2863,5343.12713529412
2864,5337.55382438759
2865,5344.38499351153
2866,5342.66329517912
2867,5701.99564305595
2868,5742.18977547167
2869,5714.93277994491
2870,5735.63407957779
2871,5713.53902065956
2872,5708.96720695434
2873,5719.67237429798
2874,5727.04032667718
2875,5711.19581962533
2876,5735.51993116829
2877,5743.47088283782
2878,5723.08834542559
2879,5710.89839996589
2880,5705.9680448027
2881,5701.22859139248
2882,5710.29367450845
2883,5710.58302889902
2884,5716.65212254564
2885,5712.63182274991
2886,5703.24994644374
2887,5709.76486947099
2888,5722.73706366117
2889,5710.50827198222
2890,5747.93875593484
2891,5709.46214713382
2892,5719.51357169126
2893,5746.61418850752
2894,5715.67239820958
2895,5728.1708865301
2896,5749.29093766259
2897,5748.02374223377
2898,5720.78656652606
2899,5715.55651632704
2900,5705.33917938123
2901,5742.97226818368
2902,5747.7234331539
2903,5721.28404103349
2904,5723.61755670503
2905,5720.21808012248
2906,5725.61679936962
2907,5725.22461221519
2908,5983.62723273823
2909,6003.7786324225
2910,5961.02448715551
2911,5986.65984664372
2912,5984.72024120819
2913,6002.01869905089
2914,5991.64351407576
2915,5958.13388424572
2916,5974.19452503519
2917,5985.87723514801
2918,5962.84060708603
2919,5997.74657704448
2920,5987.44757424424
2921,6002.40041511554
2922,6003.08365115247
2923,5959.43306583599
2924,5982.01385008204
2925,5991.59961482154
2926,5980.5903861931
2927,5993.33783538872
2928,5990.51670387564
2929,5965.90409315658
2930,5958.29169548636
2931,5982.38309513537
2932,5985.6682439319
2933,5999.16379467251
2934,5984.65483559906
2935,6004.58440475813
2936,5992.67371133857
2937,5996.03916119582
2938,5966.59885793926
2939,6004.93991837057
2940,5993.01933363774
2941,5989.65591821789
2942,5981.0292493382
2943,5979.69428451895
2944,5985.59625306239
2945,5957.65713850782
2946,5988.56383939565
2947,5992.6213720197
2948,5982.05289379145
2949,6658.23430383014
2950,6697.55618299445
2951,6668.89808091013
2952,6655.26883769654
2953,6674.26517716596
2954,6658.43488059344
2955,6677.67048120831
2956,6702.07567654486
2957,6649.27920475638
2958,6649.94353554754
2959,6645.67771564479
2960,6701.73405521109
2961,6675.38695822302
2962,6700.17238985918
2963,6664.77321312204
2964,6662.75030225127
2965,6704.28573734041
2966,6695.58387984849
2967,6690.37882875011
2968,6655.08403640487
2969,6666.85913001688
2970,6661.82176168952
2971,6650.64139750858
2972,6664.50703415819
2973,6684.88959040731
2974,6670.05829075832
2975,6668.08256640208
2976,6644.91149935201
2977,6702.60938078333
2978,6689.83452966251
2979,6689.06826554565
2980,6653.34103172478
2981,6652.9960958125
2982,6668.53783311982
2983,6646.85166865832
2984,6646.60242189044
2985,6705.11543517477
2986,6663.34596246272
2987,6686.89454556988
2988,6660.29508655831
2989,6668.67435981576
2990,4956.40159407538
2991,4962.31366164352
2992,4951.7725374221
2993,4988.020544709
2994,4953.33718781375
2995,4990.73191839485
2996,4964.78669961043
2997,4988.35722705926
2998,4957.96154375855
2999,4954.71569438961
3000,4962.18809866282
3001,4964.93658892423
3002,4964.44086831163
3003,4960.36546322338
3004,4957.17970963967
3005,4958.96590520848
3006,4955.78101621925
3007,4991.04308643583
3008,4960.54190157902
3009,4950.0615103754
3010,4984.41634981518
3011,4988.21885443487
3012,4968.15468793758
3013,4966.85926928233
3014,4971.49816447493
3015,4988.978231809
3016,4963.80430325263
3017,4963.9383662232
3018,4949.68495796219
3019,4954.75886471007
3020,4980.76451557827
3021,4959.72777215923
3022,4957.73562076299
3023,4957.45177880909
3024,4985.50696295747
3025,4961.4034562984
3026,4953.99292474785
3027,4951.18509166513
3028,4971.40672197482
3029,4982.01147182086
3030,4975.11370220957
3031,4972.2442246201
3032,4974.06177765496
3033,4973.48092196131
3034,4974.80340440433
3035,4971.15407172665
3036,4973.56176477924
3037,4972.37024068832
3038,4978.90413611367
3039,4974.92987655907
3040,4981.13056440144
3041,4986.02754894905
3042,4984.72302730757
3043,4980.50024454531
3044,4985.42123286706
3045,4978.55332474654
3046,4985.92950803587
3047,4974.32186078265
3048,4971.8056834344
3049,4976.14519181631
3050,4969.9007905565
3051,4978.39922443092
3052,4978.8012039057
3053,4977.89163795396
3054,4986.32994337098
3055,4980.10944664573
3056,4978.32381467258
3057,4976.41994773832
3058,4971.45905676215
3059,4986.4270104852
3060,4967.70435005996
3061,4975.26967222378
3062,4975.5028059966
3063,4972.44365459147
3064,4982.54998316209
3065,4983.66218071425
3066,4985.57673751036
3067,4978.60177082155
3068,4983.2053487451
3069,4976.93132851162
3070,4984.77930783249
3071,7761.75837912242
3072,7760.98364434731
3073,7762.16112262075
3074,7749.19396573885
3075,7764.02045927434
3076,7756.23590306512
3077,7761.73460553744
3078,7754.00500513727
3079,7764.31574252797
3080,7773.61793044955
3081,7765.91003658921
3082,7771.63520263793
3083,7751.95807556476
3084,7775.391992458
3085,7761.9854389579
3086,7761.92307299352
3087,7774.80144531797
3088,7759.39094234305
3089,7762.78644636232
3090,7773.57187086276
3091,7766.97467159276
3092,7774.76074097453
3093,7758.79773062587
3094,7763.80750707958
3095,7774.32090675975
3096,7752.88511002811
3097,7746.95998306602
3098,7760.82075823138
3099,7746.38188238663
3100,7769.174370398
3101,7752.56039992815
3102,7761.36123809717
3103,7773.72305629553
3104,7775.14275669631
3105,7775.34736901666
3106,7757.41718483758
3107,7764.78887656342
3108,7772.281644524
3109,7764.08349476511
3110,7755.68033618233
3111,7250.21701360577
3112,0
3113,7255.04014297921
3114,7259.2567475895
3115,7262.37867407423
3116,7247.28523612307
3117,7248.8447815302
3118,7277.96962304576
3119,7271.68804760633
3120,7258.6353197987
3121,7258.51277904872
3122,7256.61329525014
3123,7271.94598025983
3124,7262.9147135125
3125,7281.48631604274
3126,7247.10340510341
3127,7256.47325436926
3128,7289.95525226101
3129,7249.07905941608
3130,7267.65961114084
3131,7246.96411125111
3132,7253.25765751304
3133,7254.62698995786
3134,7269.97513904493
3135,7255.51839143877
3136,7282.12070999187
3137,7303.07053095549
3138,7255.81434918437
3139,7297.76624438583
3140,7301.88809699648
3141,7290.77726361715
3142,7284.8738968378
3143,7301.92091121816
3144,7297.80575430819
3145,7258.43935263416
3146,7265.30621981792
3147,7295.31657053684
3148,7252.69777301452
3149,7301.21231672414
3150,7252.98731300669
3151,7252.57353953672
3152,7302.47330346261
3153,6552.2193935783
3154,6545.98972187651
3155,6533.60685980811
3156,6538.18753825975
3157,6552.25747019567
3158,6525.98925354524
3159,6537.05926888583
3160,6526.07365622679
3161,6524.12340017457
3162,6522.55742387557
3163,6529.80747364502
3164,6571.23184858845
3165,6526.66933883624
3166,6551.93687011388
3167,6538.73786591557
3168,6532.24154393081
3169,6558.00256931094
3170,6539.31364089965
3171,6539.77362413907
3172,6532.70229153785
3173,6528.1700540591
3174,6535.28903621235
3175,6566.07186098393
3176,6515.88253559102
3177,6520.06749578703
3178,6573.01382751306
3179,6528.59826795808
3180,6530.32654049353
3181,6572.35498233858
3182,6523.87652595891
3183,6524.60509290293
3184,6535.75072991138
3185,6542.2204539531
3186,6560.70834482722
3187,6536.87150362921
3188,6571.53627717601
3189,6566.43196741614
3190,6533.51945426676
3191,6567.9594753685
3192,6573.08359181658
3193,6528.15938173173
3194,4275.71537318351
3195,4279.30536962451
3196,4299.52782260881
3197,4279.20822902946
3198,4267.41655855664
3199,4263.87264794026
3200,4276.84321863986
3201,4285.55686823974
3202,4270.92701747297
3203,4265.73958634153
3204,4287.86296125604
3205,4271.27842550961
3206,4276.82453436234
3207,4261.11476764347
3208,4270.06967863541
3209,4292.64030618218
3210,4302.04346509493
3211,4281.9310428029
3212,4288.69126481967
3213,4274.13185005035
3214,4271.85210469725
3215,4268.68223569061
3216,4278.91130892665
3217,4300.88700429283
3218,4273.21993714915
3219,4269.35837095682
3220,4269.03009503575
3221,4292.65797175865
3222,4261.58805990138
3223,4281.79575187021
3224,4276.09434442452
3225,4272.66215385079
3226,4303.05959867572
3227,4295.55202167552
3228,4298.44196291335
3229,4293.1115179214
3230,4268.8484963117
3231,4276.54345551975
3232,4265.45216123557
3233,4269.61012963257
3234,4301.34669456243
3235,7132.03553508993
3236,7127.17440486239
3237,7164.24158380489
3238,7147.44079708981
3239,7131.74547652722
3240,7127.31136570522
3241,7166.77006399453
3242,7143.61611028448
3243,7132.94066396219
3244,7121.78023526632
3245,0
3246,7131.62109515834
3247,7130.62567862313
3248,7149.02572315337
3249,7167.97059885184
3250,7129.46537344427
3251,7156.92824161683
3252,7143.99711854536
3253,7121.07310098829
3254,7134.37627690468
3255,7131.94536996523
3256,7158.23790820599
3257,7125.91157581795
3258,7138.41413359555
3259,7128.15995845943
3260,7125.84225110813
3261,7150.71196397613
3262,7128.09186775865
3263,7127.98149997128
3264,7168.46240567769
3265,7123.1257201423
3266,7130.60453994097
3267,7125.76119133995
3268,7136.00909443152
3269,7162.66887743094
3270,7134.46077829756
3271,7128.93247080307
3272,7165.87326468797
3273,7140.22536625946
3274,7168.58678966336
3275,7169.15255359684
3276,7131.39111283797
3277,10651.6833974143
3278,10646.0684523972
3279,10650.9546454013
3280,10652.1755738005
3281,10657.3244814099
3282,10650.5781086704
3283,10650.5779214336
3284,10658.5569314735
3285,10645.0067000203
3286,10651.9741120989
3287,10651.4343567996
3288,10655.2316746242
3289,10651.6025774793
3290,10658.3500154851
3291,10653.3404135335
3292,10655.3623114015
3293,10649.4933172079
3294,10639.2824567285
3295,10648.9330815514
3296,10638.5006044702
3297,10651.3464190226
3298,10647.3352004994
3299,10648.960118129
3300,10656.2899581419
3301,10646.0601502526
3302,10642.054980972
3303,10646.9673229966
3304,10656.9116978398
3305,10655.9437165771
3306,10643.5439005313
3307,10650.1476587075
3308,10654.4296232548
3309,10649.7035342524
3310,10659.0699819721
3311,10649.5270208215
3312,10648.6391717063
3313,10658.0441542684
3314,10642.8110066526
3315,10656.0950602689
3316,10653.3178363875
3317,6146.05673381109
3318,6131.66988909194
3319,6162.13354348051
3320,6142.68034190066
3321,6134.40849630902
3322,6169.14787553578
3323,6183.24939753601
3324,6138.58046811156
3325,6127.91882736707
3326,6135.99471793921
3327,6161.09214137248
3328,6128.84380899672
3329,6177.56751641204
3330,6160.92407570522
3331,6124.45090619368
3332,6138.51455925838
3333,6135.62306857499
3334,6171.55925443079
3335,6149.40630242469
3336,6134.92486152538
3337,6185.5042217822
3338,6139.14571384209
3339,6183.72569295085
3340,6121.08250535437
3341,6180.30601520848
3342,6168.19136266662
3343,6136.45079203012
3344,6127.4449351611
3345,6153.60979740098
3346,6132.91241920943
3347,6143.0778809372
3348,6142.85792864629
3349,6135.87626647675
3350,6173.96644400599
3351,6142.03638773176
3352,6185.37900003301
3353,6138.29373577603
3354,6145.2631071561
3355,6186.31341033788
3356,6150.02196553814
3357,6145.2611580485
3358,4457.69162806199
3359,4446.0034445118
3360,4409.59621583325
3361,4414.97834107775
3362,4420.47328999402
3363,4425.47426520389
3364,4407.63562644874
3365,4415.04737529558
3366,4430.58261659618
3367,4404.12449267319
3368,4399.55830669415
3369,4433.24536917201
3370,4444.11222150274
3371,4453.07044082907
3372,4440.09151051039
3373,4452.09205091341
3374,4411.69123381699
3375,4404.46675181088
3376,4423.66436537942
3377,4413.76939279498
3378,4416.22229634005
3379,4420.74165262301
3380,4452.83967333069
3381,4421.4258088006
3382,4446.52860347555
3383,4430.86035964939
3384,4416.70694737409
3385,4422.06812246304
3386,4416.08413729573
3387,4436.23400123911
3388,4454.53835506322
3389,4409.88901570457
3390,4416.34138397972
3391,4414.56623866292
3392,4431.38749225764
3393,4416.83616541795
3394,4394.87406015197
3395,4415.74332887227
3396,4440.02635657717
3397,4457.95078075158
3398,4400.18235630029
3399,6604.48206248889
3400,6592.61548984103
3401,6600.28468007945
3402,6603.717403074
3403,6619.76027247494
3404,6607.77794506339
3405,6609.00807632477
3406,6635.64600408772
3407,6607.56550110633
3408,6594.72568887954
3409,0
3410,6598.22985335772
3411,6630.80815720263
3412,6632.83337303375
3413,6633.64374359506
3414,6601.10097015989
3415,6613.8820370236
3416,6596.03946628946
3417,6633.83487169706
3418,6612.12499009091
3419,6593.11375050426
3420,6600.47183392806
3421,6612.38083517922
3422,6613.90030944469
3423,6609.83279708228
3424,6612.34174361558
3425,0
3426,0
3427,0
3428,0
3429,0
3430,0
3431,0
3432,0
3433,0
3434,0
3435,0
3436,0
3437,0
3438,0
3439,0
3440,0
3441,0
3442,0
3443,0
3444,0
3445,0
3446,0
3447,0
3448,0
3449,0
3450,0
3451,0
3452,0
3453,0
3454,0
3455,0
3456,0
3457,0
3458,0
3459,0
3460,0
3461,0
3462,0
3463,0
3464,0
3465,0
3466,0
3467,0
3468,0
3469,0
3470,0
3471,0
3472,0
3473,0
3474,0
3475,0
3476,0
3477,0
3478,0
3479,0
3480,0
3481,0
3482,0
3483,0
3484,0
3485,0
3486,0
3487,0
3488,0
3489,0
3490,0
3491,0
3492,0
3493,0
3494,0
3495,0
3496,0
3497,0
3498,0
3499,0
3500,0
3501,0
3502,0
3503,0
3504,0
3505,0
3506,0
3507,0
3508,0
3509,0
3510,0
3511,0
3512,0
3513,0
3514,0
3515,0
3516,6599.03130746111
3517,0
3518,0
3519,0
3520,0
3521,0
3522,0
3523,0
3524,0
3525,0
3526,0
3527,0
3528,0
3529,0
3530,0
3531,0
3532,0
3533,0
3534,0
3535,0
3536,0
3537,0
3538,0
3539,0
3540,0
3541,0
3542,0
3543,0
3544,0
3545,0
3546,0
3547,0
3548,0
3549,0
3550,0
3551,0
3552,0
3553,0
3554,0
3555,0
3556,0
3557,0
3558,0
3559,0
3560,0
3561,0
3562,0
3563,0
3564,0
3565,0
3566,0
3567,0
3568,0
3569,0
3570,0
3571,0
3572,0
3573,0
3574,0
3575,0
3576,0
3577,0
3578,0
3579,0
3580,0
3581,0
3582,0
3583,0
3584,6599.70913689311
3585,0
3586,0
3587,0
3588,0
3589,0
3590,0
3591,0
3592,0
3593,0
3594,0
3595,0
3596,0
3597,0
3598,0
3599,0
3600,0
3601,0
3602,0
3603,0
3604,0
3605,0
3606,0
3607,0
3608,0
3609,0
3610,0
3611,0
3612,0
3613,0
3614,0
3615,0
3616,0
3617,0
3618,0
3619,0
3620,0
3621,0
3622,0
3623,0
3624,0
3625,6633.78664596494
3626,6635.95084555714
3627,0
3628,0
3629,0
3630,0
3631,0
3632,0
3633,0
3634,6626.95491973113
3635,0
3636,0
3637,0
3638,0
3639,0
3640,0
3641,0
3642,0
3643,0
3644,0
3645,0
3646,0
3647,0
3648,0
3649,0
3650,0
3651,0
3652,0
3653,6611.33051031954
3654,0
3655,0
3656,0
3657,0
3658,0
3659,0
3660,0
3661,0
3662,0
3663,6625.79150354386
3664,0
3665,0
3666,0
3667,0
3668,0
3669,0
3670,0
3671,0
3672,0
3673,0
3674,0
3675,0
3676,0
3677,0
3678,0
3679,0
3680,0
3681,6598.56528034067
3682,0
3683,0
3684,0
3685,0
3686,0
3687,0
3688,0
3689,0
3690,0
3691,0
3692,0
3693,0
3694,0
3695,0
3696,0
3697,0
3698,6605.0730523093
3699,0
3700,0
3701,0
3702,0
3703,0
3704,0
3705,0
3706,0
3707,0
3708,0
3709,0
3710,0
3711,0
3712,0
3713,0
3714,0
3715,0
3716,0
3717,0
3718,0
3719,0
3720,0
3721,0
3722,0
3723,0
3724,0
3725,0
3726,0
3727,0
3728,0
3729,0
3730,0
3731,0
3732,0
3733,0
3734,0
3735,0
3736,0
3737,0
3738,0
3739,0
3740,0
3741,0
3742,0
3743,0
3744,0
3745,0
3746,0
3747,0
3748,0
3749,0
3750,0
3751,0
3752,0
3753,0
3754,0
3755,0
3756,0
3757,0
3758,0
3759,0
3760,6611.59801159237
3761,0
3762,0
3763,0
3764,0
3765,0
3766,0
3767,0
3768,0
3769,0
3770,0
3771,0
3772,0
3773,0
3774,6614.72247303403
3775,0
3776,0
3777,0
3778,0
3779,0
3780,0
3781,0
3782,0
3783,0
3784,0
3785,0
3786,0
3787,0
3788,0
3789,0
3790,0
3791,0
3792,0
3793,0
3794,0
3795,0
3796,0
3797,0
3798,0
3799,0
3800,0
3801,0
3802,0
3803,0
3804,0
3805,0
3806,0
3807,0
3808,0
3809,0
3810,0
3811,0
3812,0
3813,0
3814,0
3815,0
3816,0
3817,6602.300327886
3818,0
3819,0
3820,0
3821,0
3822,0
3823,0
3824,0
3825,0
3826,0
3827,6605.17888622926
3828,0
3829,0
3830,0
3831,6600.84539798347
3832,0
3833,0
3834,0
3835,0
3836,0
3837,0
3838,0
3839,0
3840,0
3841,0
3842,0
3843,0
3844,0
3845,0
3846,0
3847,0
3848,0
3849,0
3850,0
3851,0
3852,0
3853,0
3854,0
3855,0
3856,0
3857,0
3858,6632.21070752502
3859,0
3860,0
3861,0
3862,0
3863,0
3864,0
3865,0
3866,0
3867,0
3868,0
3869,0
3870,0
3871,0
3872,6601.3808404012
3873,0
3874,0
3875,0
3876,0
3877,0
3878,0
3879,0
3880,0
3881,0
3882,0
3883,0
3884,0
3885,0
3886,0
3887,0
3888,0
3889,0
3890,0
3891,0
3892,0
3893,0
3894,0
3895,0
3896,0
3897,0
3898,0
3899,0
3900,0
3901,0
3902,0
3903,0
3904,0
3905,0
3906,0
3907,0
3908,0
3909,0
3910,0
3911,0
3912,0
3913,0
3914,0
3915,0
3916,0
3917,0
3918,0
3919,0
3920,0
3921,0
3922,0
3923,0
3924,0
3925,0
3926,0
3927,0
3928,0
3929,0
3930,0
3931,0
3932,0
3933,0
3934,0
3935,0
3936,0
3937,0
3938,0
3939,0
3940,0
3941,0
3942,0
3943,0
3944,0
3945,0
3946,0
3947,6079.65095799426
3948,0
3949,0
3950,0
3951,0
3952,0
3953,0
3954,0
3955,0
3956,0
3957,0
3958,0
3959,0
3960,0
3961,0
3962,0
3963,0
3964,0
3965,0
3966,0
3967,0
3968,0
3969,0
3970,0
3971,0
3972,0
3973,0
3974,0
3975,0
3976,0
3977,0
3978,0
3979,0
3980,0
3981,0
3982,0
3983,0
3984,0
3985,0
3986,0
3987,0
3988,0
3989,0
3990,0
3991,6092.72535935036
3992,6085.31154893612
3993,0
3994,0
3995,0
3996,0
3997,0
3998,0
3999,0
4000,0
4001,0
4002,0
4003,0
4004,0
4005,0
4006,0
4007,0
4008,0
4009,0
4010,0
4011,0
4012,0
4013,0
4014,0
4015,0
4016,0
4017,0
4018,0
4019,0
4020,6074.241721278
4021,0
4022,0
4023,0
4024,0
4025,0
4026,0
4027,0
4028,0
4029,0
4030,0
4031,0
4032,0
4033,0
4034,0
4035,0
4036,0
4037,0
4038,0
4039,0
4040,0
4041,0
4042,0
4043,0
4044,0
4045,0
4046,0
4047,0
4048,0
4049,0
4050,0
4051,0
4052,0
4053,0
4054,0
4055,0
4056,0
4057,0
4058,0
4059,0
4060,0
4061,0
4062,0
4063,0
4064,0
4065,0
4066,0
4067,0
4068,0
4069,0
4070,0
4071,0
4072,0
4073,0
4074,0
4075,0
4076,0
4077,0
4078,0
4079,0
4080,0
4081,0
4082,0
4083,0
4084,0
4085,0
4086,0
4087,0
4088,0
4089,0
4090,6064.74458230342
4091,0
4092,0
4093,0
4094,6059.91763271854
4095,0
4096,0
4097,0
4098,0
4099,0
4100,0
4101,0
4102,0
4103,0
4104,0
4105,0
4106,0
4107,0
4108,0
4109,0
4110,0
4111,0
4112,0
4113,0
4114,0
4115,0
4116,0
4117,0
4118,0
4119,0
4120,0
4121,0
4122,0
4123,0
4124,0
4125,0
4126,0
4127,0
4128,0
4129,0
4130,0
4131,0
4132,0
4133,0
4134,0
4135,0
4136,0
4137,0
4138,0
4139,0
4140,0
4141,0
4142,0
4143,0
4144,0
4145,6065.29759767836
4146,0
4147,0
4148,0
4149,0
4150,0
4151,0
4152,0
4153,0
4154,0
4155,0
4156,0
4157,0
4158,0
4159,0
4160,6074.53416978742
4161,0
4162,0
4163,0
4164,0
4165,0
4166,0
4167,0
4168,0
4169,0
4170,0
4171,0
4172,0
4173,0
4174,0
4175,0
4176,0
4177,0
4178,0
4179,0
4180,0
4181,0
4182,0
4183,0
4184,0
4185,0
4186,0
4187,0
4188,0
4189,0
4190,0
4191,0
4192,0
4193,0
4194,0
4195,0
4196,0
4197,0
4198,0
4199,0
4200,0
4201,0
4202,0
4203,0
4204,0
4205,0
4206,0
4207,0
4208,0
4209,0
4210,0
4211,0
4212,0
4213,0
4214,0
4215,0
4216,0
4217,0
4218,0
4219,0
4220,0
4221,0
4222,0
4223,0
4224,6079.38409026293
4225,0
4226,0
4227,0
4228,0
4229,0
4230,0
4231,0
4232,0
4233,0
4234,0
4235,0
4236,0
4237,0
4238,0
4239,0
4240,0
4241,0
4242,0
4243,0
4244,0
4245,0
4246,0
4247,0
4248,0
4249,0
4250,0
4251,0
4252,0
4253,0
4254,0
4255,0
4256,0
4257,0
4258,0
4259,0
4260,0
4261,0
4262,0
4263,0
4264,0
4265,6067.30473543254
4266,6098.02603302137
4267,0
4268,0
4269,0
4270,0
4271,0
4272,0
4273,0
4274,0
4275,0
4276,0
4277,0
4278,0
4279,0
4280,0
4281,6070.92046483204
4282,6067.13926890053
4283,6102.92816758086
4284,6059.83281995362
4285,6064.94324217678
4286,6099.22860880631
4287,6102.40822089873
4288,6073.91970614509
4289,6060.90506098371
4290,6090.51135947701
4291,6101.70310657712
4292,6093.80074112866
4293,6081.55070092551
4294,6087.70662044634
4295,6074.59258144009
4296,6071.42510146196
4297,6102.83812217189
4298,6068.96026074091
4299,6064.07550021377
4300,6070.28763380268
4301,6071.19765970035
4302,6103.93516141459
4303,6083.1674208758
4304,6070.57193425611
4305,6067.35024790187
4306,6068.39673430514
4307,6063.55290349188
4308,6066.15786058648
4309,6064.97539524564
4310,6098.39850573598
4311,6939.1386712831
4312,6920.53781934674
4313,6930.05645791513
4314,6924.59974494219
4315,6927.29344389596
4316,6947.78970259195
4317,6921.11492698565
4318,6922.47261110475
4319,6937.04280123171
4320,6930.17134165426
4321,6924.169721974
4322,6922.00322422863
4323,6948.61444751639
4324,6947.67608325434
4325,6945.36184289419
4326,6950.14183042359
4327,6938.46467481459
4328,6911.31155431687
4329,6949.99623171392
4330,6928.70867065588
4331,6947.96304228669
4332,6914.99656420255
4333,6934.55814747291
4334,6918.97769021954
4335,6942.21176433939
4336,6950.84759080167
4337,6911.98339585108
4338,6915.02456073718
4339,6922.09874244293
4340,6915.67886792533
4341,6948.01832998273
4342,6926.41455116231
4343,6918.22051975798
4344,6935.75932953814
4345,6949.26401993643
4346,6917.84663707014
4347,6912.66270505351
4348,6920.30662597262
4349,6911.42887762304
4350,6932.14784934892
4351,7169.3927785604
4352,7156.30630268358
4353,7151.83585728448
4354,7160.00009086164
4355,7163.17441671716
4356,7161.0291426604
4357,7166.64903636288
4358,7157.46537937671
4359,7170.25334883926
4360,7156.6958858324
4361,7158.80791741771
4362,7170.5985559404
4363,7163.91738368491
4364,7157.43793130772
4365,7156.165304806
4366,7157.13729239477
4367,7163.15834963223
4368,7156.14369685231
4369,7170.29155003239
4370,7156.0579360445
4371,7151.25691432059
4372,7155.59401480288
4373,7146.61877336916
4374,7160.6286695107
4375,7159.10070010218
4376,7164.76441116037
4377,7173.28659368143
4378,7148.78749654178
4379,7155.62458791703
4380,7152.69861565866
4381,7165.3305608652
4382,7156.98649960138
4383,7155.74163409884
4384,7165.79668418123
4385,7169.33361081445
4386,7167.01102195895
4387,7157.36705158445
4388,7159.06036426966
4389,7153.77058279644
4390,7161.87291101431
4391,3773.10007116056
4392,3794.28717192286
4393,3768.31489920511
4394,3787.08769272642
4395,3773.19030954273
4396,3771.28353504023
4397,3769.75351317672
4398,3806.59676107031
4399,3812.20072374454
4400,3789.13381046989
4401,3774.89097534435
4402,3800.9674153295
4403,3772.97591990216
4404,3781.52685655461
4405,3815.39039005188
4406,3787.78270186668
4407,3802.17495801042
4408,3814.56827119386
4409,3780.87840534864
4410,3778.30804792146
4411,3792.40386379904
4412,3813.48015896179
4413,3796.97289369316
4414,3770.77750620331
4415,3786.3844045547
4416,3789.99954908603
4417,3768.46925701704
4418,3789.87041257661
4419,3782.62014789437
4420,3810.41401006805
4421,3776.60573873784
4422,3793.05542879388
4423,3784.69402700076
4424,3785.66968624653
4425,3802.97171779072
4426,3778.87152363638
4427,3770.04887994862
4428,3816.33259164591
4429,3770.54706373555
4430,3764.82469610173
4431,3772.03024271596
4432,7442.72750887025
4433,7427.86639051662
4434,7447.63649087097
4435,7408.47877097763
4436,7419.0656143619
4437,7426.16687363463
4438,7465.64577366859
4439,7424.14055203477
4440,7415.64517835654
4441,7420.29460446609
4442,7439.10351346273
4443,7465.4292572168
4444,7408.78853733322
4445,7455.53698873002
4446,7426.96953623223
4447,7461.10798981061
4448,7426.35107655003
4449,7412.85221726785
4450,7410.93754948624
4451,7448.33048960105
4452,7462.23493175615
4453,7424.25619599324
4454,7463.92297463786
4455,7458.57667486416
4456,7430.8093523587
4457,7422.12340011795
4458,7422.72235080093
4459,7416.71770452887
4460,7436.94730072727
4461,7434.92562977658
4462,7420.90347650601
4463,7418.51982894195
4464,7463.53955190958
4465,7421.47934125592
4466,7462.96767241282
4467,7424.5816612573
4468,7431.39449993702
4469,7455.20517903946
4470,7407.74297245509
4471,7426.85670357372
4472,7410.27988179304
4473,5773.14727595439
4474,5749.41004018919
4475,5762.74290930894
4476,5746.77995231602
4477,5754.20175132271
4478,5745.63573167468
4479,5779.39783977516
4480,5759.49454066129
4481,5778.55962546611
4482,5752.42771709472
4483,5750.55253347564
4484,5764.78456133291
4485,5746.52832327428
4486,5751.9121796784
4487,5758.06930284931
4488,5786.26975203178
4489,5757.68404404027
4490,0
4491,5765.60165473353
4492,5781.35952090686
4493,5752.48336559635
4494,5765.16103410464
4495,5786.88276441237
4496,5757.097713738
4497,5769.34770361091
4498,5760.37167364822
4499,5771.24210305624
4500,5753.78835606745
4501,5752.67343029128
4502,5785.93430034993
4503,5765.73624117401
4504,5762.28824503013
4505,5775.20974347504
4506,5790.26887309744
4507,5743.00770863259
4508,5790.00339558136
4509,5757.68316928118
4510,5753.72336635219
4511,5755.1178088371
4512,5748.24945943656
4513,5772.62142752263
4514,5788.14337069092
4515,6762.62966762963
4516,6758.1064535265
4517,6769.38539555699
4518,6770.65210479849
4519,6786.27103326245
4520,6763.54753874085
4521,6757.97710834034
4522,6761.81193952176
4523,6775.10018410264
4524,6759.62169684273
4525,6770.62117886566
4526,6758.91275642934
4527,6760.58553162405
4528,6766.37937274547
4529,6770.33104663114
4530,6792.59155712762
4531,6796.97031897312
4532,6770.47363949148
4533,6768.88190392656
4534,6798.04463398424
4535,6773.64288012626
4536,6768.84144987479
4537,6792.1616025218
4538,6780.95990578283
4539,6761.18809208042
4540,6763.38441227908
4541,6764.39979931805
4542,6778.60997470183
4543,6779.19326123964
4544,6766.90984072236
4545,6798.83965015982
4546,6759.64187031111
4547,6792.87114746298
4548,6775.37135928535
4549,6758.17732526625
4550,6798.46290628425
4551,6762.32732154849
4552,6757.12904390367
4553,6784.89073934039
4554,6767.56633619182
4555,6797.14479484014
4556,6214.58873841064
4557,6181.80271669032
4558,6198.60144207231
4559,6191.1147941877
4560,6194.82571962112
4561,6186.88457925409
4562,6201.28491971544
4563,6184.97699423114
4564,6179.59791610583
4565,6200.50745090927
4566,6169.0604135926
4567,6221.21487996205
4568,6191.3395508022
4569,6219.54155623788
4570,6221.45440365384
4571,6185.64370464647
4572,6189.3994613389
4573,6187.93606335439
4574,6187.9618063649
4575,6218.41335014932
4576,6224.88658623033
4577,6189.95855393172
4578,6173.48730025023
4579,6189.56107558801
4580,6200.54559087408
4581,6205.35272858376
4582,6176.0075948004
4583,6203.80261360659
4584,6225.22491662194
4585,6171.87884938511
4586,6188.47891084151
4587,6189.27292267246
4588,6178.77918687202
4589,6208.29760229441
4590,6212.25864207728
4591,6209.01830586715
4592,6185.86344451381
4593,6225.2783899286
4594,6192.45138410731
4595,6180.88145721992
4596,6192.39605129509
4597,6166.41239403797
4598,6213.72404665147
4599,6224.91230315376
4600,6211.15474792548
4601,6189.76526063297
4602,6167.02755389875
4603,6227.20460832105
4604,4402.92710516949
4605,4397.78052532743
4606,4392.34284143913
4607,4407.2153116639
4608,4406.79476742723
4609,4393.27476405615
4610,4399.75311095174
4611,4387.78322341838
4612,4415.79067741038
4613,4433.72100634313
4614,4417.11574681354
4615,4424.07752780206
4616,4430.6529555945
4617,4410.32191295893
4618,4379.78350142643
4619,4402.76977335376
4620,4390.00056753124
4621,4394.77675446335
4622,4387.74555213125
4623,4416.07101638246
4624,4425.20568179717
4625,4403.02023882776
4626,4396.2990694105
4627,4389.23324105813
4628,4436.63686061097
4629,4398.12653488835
4630,4408.37431007065
4631,4383.28191292835
4632,4390.38543201397
4633,4422.88801345931
4634,4397.6311211589
4635,4403.67093931626
4636,4430.98353297176
4637,4417.02676299324
4638,4404.17087615029
4639,4433.65318688908
4640,4422.63572786324
4641,4394.2344985319
4642,4413.61878949733
4643,4377.87870026818
4644,4435.42109533101
4645,5906.52317420224
4646,5915.61902431072
4647,5893.74380869146
4648,5928.42374939368
4649,5913.17658513668
4650,5907.09064496313
4651,5906.0149651749
4652,5911.93478262721
4653,5951.90058698311
4654,5911.04203177802
4655,5905.89465842955
4656,5931.39742727082
4657,5895.74332122126
4658,5906.52444720775
4659,5901.30480799205
4660,5904.7653749273
4661,5916.7627755814
4662,5910.86219172025
4663,5911.09679122047
4664,5925.07225994207
4665,5896.70099152019
4666,5949.7927407907
4667,5931.86880087185
4668,5918.18997494209
4669,5948.01760657177
4670,5940.20879027116
4671,5911.44541859377
4672,5909.79184568261
4673,5906.53191832673
4674,5951.58568633555
4675,5921.79631367827
4676,5911.54907826885
4677,5893.52399757109
4678,5908.34710121429
4679,5908.35206739056
4680,5945.0420444886
4681,5895.61774818722
4682,5946.66310641169
4683,5894.9668843827
4684,5941.63019146621
4685,5900.29641785331
4686,5172.4555294613
4687,5179.46299309767
4688,5170.09490036894
4689,5185.27030522377
4690,5165.23311976222
4691,5164.84220488392
4692,5169.8054294344
4693,5186.62934798754
4694,5171.15295085979
4695,5174.32052904311
4696,5169.25350841831
4697,5163.68551679118
4698,5159.72269145378
4699,5162.38184012727
4700,5185.80276965468
4701,5159.19098436544
4702,5170.73783957601
4703,5168.70638952788
4704,5163.22481409315
4705,5185.88185280066
4706,5160.21554880407
4707,5179.08316046777
4708,5166.82716823114
4709,5170.29197480733
4710,5167.38676580729
4711,5169.83576091293
4712,5162.15932901307
4713,5165.47211944164
4714,5164.05450503894
4715,5162.86444418068
4716,5173.08256311502
4717,5184.02880488865
4718,5182.85632066493
4719,5157.95344197011
4720,5183.22221613679
4721,5166.99226991659
4722,5157.582790497
4723,5185.02419714739
4724,5165.00712556362
4725,5165.65100574194
4726,5175.46038593538
4727,7136.90385416533
4728,7134.96353747472
4729,7137.34582479686
4730,7128.31308993155
4731,7165.34152836883
4732,7130.60484760392
4733,7141.41912591353
4734,7157.95462460087
4735,7162.70037314402
4736,7135.63358630093
4737,7164.30663177927
4738,7133.55584871716
4739,7133.21630743749
4740,7130.54423032676
4741,7147.48547882711
4742,7132.51591990077
4743,7128.18899191828
4744,7140.41857797985
4745,7160.96246574067
4746,7133.72334325365
4747,7134.94243162123
4748,7155.48058385102
4749,7131.69304785713
4750,7163.71342580427
4751,7136.12253816691
4752,7129.21054582941
4753,7138.07891523996
4754,7137.33877165138
4755,7163.87032048042
4756,7153.30362302744
4757,7127.276505087
4758,7138.47935645336
4759,7138.55114308942
4760,7131.1156855971
4761,7148.10188359391
4762,7135.12549498978
4763,7129.61264598708
4764,7147.11001029483
4765,7143.25201714229
4766,7133.9442635412
4767,7158.95509190014
4768,8749.38710167539
4769,8769.40371292994
4770,8750.98299342571
4771,8751.25378201518
4772,8758.93709547727
4773,8770.9881316272
4774,8752.66546197964
4775,8748.30668785008
4776,8755.49062292699
4777,8756.52251070046
4778,8767.54808734453
4779,8765.45616678825
4780,8767.92593103416
4781,8758.68070159994
4782,8769.32165934334
4783,8770.00167838279
4784,8747.31422400547
4785,8771.41298965831
4786,8754.73039264087
4787,8763.69072589113
4788,8751.20152923111
4789,8749.43306066781
4790,8757.06133789879
4791,8755.09677143929
4792,8756.61255938666
4793,8747.87517226778
4794,8765.02155935265
4795,8757.70833138024
4796,8750.86477946624
4797,8753.11273811147
4798,8750.59819075315
4799,8751.13573207471
4800,8753.2062335781
4801,8761.20234371735
4802,8768.90662849025
4803,8753.58453721497
4804,8755.67709472991
4805,8756.03720107196
4806,8761.27694338611
4807,8755.82139014857
4808,4967.57175334843
4809,4962.66867522255
4810,4950.39396401234
4811,4960.92841483186
4812,4957.98534609444
4813,4988.35912941019
4814,4959.02105158418
4815,4949.9112415243
4816,4977.55262806347
4817,4988.29537656307
4818,4973.34153263994
4819,4988.09286043635
4820,4980.94704861705
4821,4956.56771538638
4822,4990.09925840256
4823,4964.75997614494
4824,4973.72339045796
4825,4948.91330772459
4826,4960.32299227084
4827,4959.85929925991
4828,4961.48078861312
4829,4970.13715320344
4830,4954.24712593839
4831,4961.10664088697
4832,4962.96742080067
4833,4952.63533418288
4834,4959.81969443747
4835,4957.07725613654
4836,4953.36324946642
4837,4983.98271318552
4838,4966.84440266803
4839,4957.56671268816
4840,4957.76417985362
4841,4985.55481116213
4842,4948.36369735274
4843,4966.50648759016
4844,4977.73656464451
4845,4965.46682094494
4846,4979.23323181228
4847,4957.30960900319
4848,4970.51634029264
4849,5043.9119231694
4850,5049.93571638158
4851,5050.60228180784
4852,5046.64103298622
4853,5084.82419699512
4854,5050.07364286378
4855,5086.80201368975
4856,5088.83414345102
4857,5060.29308479823
4858,5060.36547340889
4859,5086.92803182363
4860,5045.13950288335
4861,5076.08747988428
4862,5088.35169464496
4863,5068.53775186537
4864,5080.03652682428
4865,5073.50299492959
4866,5048.69933987475
4867,5061.21277984344
4868,5043.47991877155
4869,5043.3866752702
4870,5049.23596572285
4871,5084.72709753293
4872,5048.16645080628
4873,5051.82460907153
4874,5042.4299130324
4875,5051.42888721487
4876,5053.00254902347
4877,5045.66781516254
4878,5051.80087979895
4879,5055.98194048548
4880,5067.82768056566
4881,5047.46081473875
4882,5082.5808455419
4883,5066.69803410163
4884,5049.42686830324
4885,5047.73569027427
4886,5047.45329331096
4887,5046.14715878025
4888,5048.84188973302
4889,5054.79770069593
4890,6086.76438454518
4891,6109.57240518404
4892,6110.64332642456
4893,6096.73781460633
4894,6103.279514537
4895,6091.21181504036
4896,6101.83313329201
4897,6096.54646513041
4898,6099.62703395063
4899,6103.75232357764
4900,6110.35395885678
4901,6091.57908841357
4902,6086.94331240012
4903,6087.21653131575
4904,6103.00292869781
4905,6089.39167042329
4906,6087.91439881696
4907,6087.33162743657
4908,6094.84234197068
4909,6103.9149387927
4910,6108.6370698527
4911,6107.46666909699
4912,6099.09812849672
4913,6095.9360462291
4914,6099.136704063
4915,6095.53182616569
4916,6098.99774561376
4917,6110.28429153117
4918,6088.35558026605
4919,6104.95420299604
4920,6092.27597370114
4921,6095.55880259449
4922,6088.68829710995
4923,6105.77508584776
4924,6100.28535723751
4925,6101.2634345586
4926,6097.35165389859
4927,6100.57330576545
4928,6096.17875673499
4929,6097.24012623706
4930,5896.25263321773
4931,5895.28184964038
4932,5915.55450426801
4933,5896.24117282621
4934,5936.83297934184
4935,5935.55965961745
4936,5898.20554187428
4937,5928.37106885323
4938,5935.31301365008
4939,5932.7442904118
4940,5893.72807493835
4941,5895.96202251198
4942,5932.01038517555
4943,5896.4351058401
4944,5900.68059454203
4945,5894.63093746324
4946,5902.19443803764
4947,5918.62118624234
4948,5910.16298239392
4949,5893.89856288838
4950,5938.91833941627
4951,5917.10798140003
4952,5910.4759324977
4953,5897.21594486742
4954,5897.92986435
4955,5896.98617032042
4956,5903.88030575505
4957,0
4958,5905.66854793007
4959,5898.68258441397
4960,5897.9605414551
4961,5900.13363960498
4962,5915.45952178789
4963,5936.86511532946
4964,5923.17850587389
4965,5936.44792981974
4966,5891.99443010448
4967,5938.79503230031
4968,5896.78603164414
4969,5901.13281166529
4970,5899.36785411005
4971,5895.6452496636
4972,5057.28521970547
4973,5048.47833697371
4974,5048.25001178248
4975,5069.2329418481
4976,5062.28452716257
4977,5060.31681769001
4978,5059.79635589046
4979,5060.73418230792
4980,5067.19990904019
4981,5051.98435728051
4982,5061.43505882923
4983,5047.42195828525
4984,5053.11994266455
4985,5054.67115579314
4986,5050.68895811602
4987,5058.45117376958
4988,5069.15172302119
4989,5046.60056477272
4990,5047.58620802357
4991,5050.03204315666
4992,5052.34012462844
4993,5052.38353097048
4994,5046.57191297693
4995,5066.92510080918
4996,5056.00961819954
4997,5045.48602412837
4998,5059.23347540207
4999,5063.85846816871
5000,5052.90882865436
5001,5060.97061295073
5002,5055.93431987509
5003,5065.17644848775
5004,5069.05729390896
5005,5055.51998290912
5006,5061.64926633584
5007,5067.69602877503
5008,5050.71158404861
5009,5049.93617688635
5010,5051.69847689909
5011,5046.18239269083
5012,8036.21211890205
5013,8019.72388233946
5014,8051.21200712045
5015,8033.2918457006
5016,8040.63904488592
5017,8035.75140224986
5018,8042.18115035106
5019,8031.40805118481
5020,8027.08773516127
5021,8036.94015565908
5022,8060.60435320351
5023,8039.29905683949
5024,8062.07938865786
5025,8046.06797634579
5026,8042.89221128183
5027,8053.59356628572
5028,8023.65072760003
5029,8061.30003382768
5030,8045.89984040633
5031,8042.68166938261
5032,8044.4594663749
5033,8057.53759247558
5034,8031.7302900716
5035,8039.54142683973
5036,8052.53898366816
5037,8033.21791493158
5038,8025.97152058252
5039,8051.50170014255
5040,8039.51392393653
5041,8056.69727062338
5042,8036.56809732732
5043,8025.78966980599
5044,8055.39242938021
5045,8057.99301415884
5046,8027.05950727634
5047,8029.41306226541
5048,8052.38423329659
5049,8057.12692222455
5050,8027.70020775694
5051,8048.27741407051
5052,6211.89923341411
5053,6201.59858595218
5054,6207.98606977044
5055,6204.69461358801
5056,6202.56802418776
5057,6208.98957298974
5058,6199.78639487794
5059,6208.06457276526
5060,6206.38705903984
5061,6204.74956382524
5062,6200.67603006051
5063,6207.66883560645
5064,6217.44258947513
5065,6203.28512095663
5066,6210.40337891344
5067,6199.30627470477
5068,6210.76292914719
5069,6204.64776152196
5070,6211.0450855347
5071,6204.67641109724
5072,6216.65219102149
5073,6214.48752278206
5074,6214.96221639248
5075,6206.91665485096
5076,6205.15592256481
5077,6211.15529925179
5078,6201.65296105914
5079,6211.20702306563
5080,6212.34871513603
5081,6204.22594642228
5082,6202.32729419267
5083,6208.37584936274
5084,6204.37493435712
5085,6214.76318747021
5086,6216.47004320348
5087,6218.5572746807
5088,6205.864634463
5089,6210.99409499821
5090,6213.43666657611
5091,6215.68740306661
5092,7159.07420500551
5093,7212.29845374163
5094,7212.15985776524
5095,7190.25594132167
5096,7177.90754021614
5097,7189.00415409866
5098,7179.89185595489
5099,7155.83773431509
5100,7194.18273820201
5101,7175.41153897309
5102,7208.73842503677
5103,7169.10412181573
5104,7211.94704199842
5105,7178.92350617575
5106,7202.94721471087
5107,7160.18044909208
5108,7167.40857654676
5109,7197.40525455077
5110,7172.70782950441
5111,7175.02383988581
5112,7157.88540243856
5113,7170.61983747633
5114,7206.45595340691
5115,7182.20132747731
5116,7203.04434004637
5117,7173.55981087426
5118,7170.85475374555
5119,7166.66803924189
5120,7171.66288456222
5121,7171.3360472279
5122,7182.27301236361
5123,7168.05610980846
5124,7163.93532324686
5125,7163.59529658717
5126,7177.56124196
5127,7162.54086705539
5128,7176.66415067995
5129,7193.11465072678
5130,7198.28420778719
5131,7214.60623289834
5132,7174.46038638066
5133,5244.76349785932
5134,5205.89476087672
5135,5238.86545959253
5136,5232.66695258663
5137,5200.07464041425
5138,5211.6617877593
5139,5200.17116653666
5140,5240.68520749536
5141,5215.83089045072
5142,5240.03432976182
5143,5204.04020418883
5144,5216.09976936226
5145,5194.16551820449
5146,5216.13079777968
5147,5204.92679869579
5148,5201.6436320587
5149,5224.72817302605
5150,5244.21648325386
5151,5217.94984923997
5152,5202.33834025984
5153,5213.84098679842
5154,5230.53858105553
5155,5210.66437000131
5156,5211.34395675292
5157,5202.01218340192
5158,5209.38244729265
5159,5244.96248324127
5160,5202.3306496934
5161,5245.88084728952
5162,5213.71628438375
5163,5209.18117818577
5164,5200.86004737601
5165,5205.95268336059
5166,5226.14280666552
5167,5198.96882803136
5168,5245.87920774808
5169,5234.11581335051
5170,5222.49214533634
5171,5207.05919410286
5172,5204.53552766426
5173,5216.97380440541
5174,4499.89783786137
5175,4495.35873259256
5176,4513.27192008707
5177,4536.43823706221
5178,4525.07973898273
5179,4509.1388078885
5180,4540.81804082989
5181,4545.8961489824
5182,4512.12840926043
5183,4523.79347382734
5184,4506.26700474942
5185,4506.42796544822
5186,4527.58926680845
5187,4509.10532751976
5188,4509.47139828667
5189,4535.13675497001
5190,4504.81255713993
5191,4518.60022725149
5192,4502.92601078699
5193,4515.57045911993
5194,4504.83120117846
5195,4509.1692082912
5196,4517.92836461534
5197,4508.61655032678
5198,4516.91835520122
5199,4504.1170354723
5200,4532.9159605185
5201,4547.33249582803
5202,4505.95379901665
5203,4532.08712761694
5204,4544.60526962532
5205,4512.42846932237
5206,4498.03450821759
5207,4499.116880676
5208,4542.08620232389
5209,4544.93220171526
5210,4513.99073153972
5211,4525.2155542558
5212,4496.71234090972
5213,4505.78427542767
5214,4501.06004693964
5215,5968.56122337416
5216,5959.80027384627
5217,5991.84202042243
5218,5986.76790421213
5219,5970.91720845634
5220,5986.68634739855
5221,5947.90941372201
5222,5986.74637819163
5223,5978.35696513872
5224,5954.88649641189
5225,5964.49844210265
5226,5954.26314555338
5227,5952.1734311372
5228,5978.94054783419
5229,5961.22443955835
5230,5954.722262651
5231,5951.06654402273
5232,5954.06352641934
5233,5975.30300994312
5234,5959.18765595677
5235,5949.31286629048
5236,5965.13054736943
5237,5968.65717582848
5238,5957.83429785138
5239,5949.86844538278
5240,5975.28559597064
5241,5993.94548663614
5242,5954.28202614158
5243,5950.36539963279
5244,5970.09697653314
5245,5964.69282441972
5246,5950.76613757
5247,5961.35482870448
5248,5963.41884356692
5249,5992.86552337793
5250,5951.49485828584
5251,5959.09495586655
5252,5991.80022862144
5253,5952.29649175209
5254,5993.25022003562
5255,5965.20878675306
5256,7539.48366556303
5257,7540.35709578572
5258,7533.72603968763
5259,7531.0452822072
5260,7519.11296672822
5261,7522.27408588816
5262,7525.01130244795
5263,7519.44376909621
5264,7521.69073259423
5265,7519.64244448251
5266,7524.73530577265
5267,7539.3689271653
5268,7521.53476763085
5269,7531.00650855927
5270,7536.59081430072
5271,7522.02673940262
5272,7528.08022598791
5273,7526.13423754765
5274,7515.26618818397
5275,7531.93246290802
5276,7526.64750777946
5277,7526.47591257291
5278,7520.10215718322
5279,7540.73075387583
5280,7536.82708573128
5281,7517.36283905134
5282,7519.37962872731
5283,7522.16046251155
5284,7528.55979985674
5285,7538.10111795334
5286,7527.03826159687
5287,7516.04694253156
5288,7519.43472476347
5289,7527.98314853405
5290,7519.71665199764
5291,7516.38822351331
5292,7541.15573784721
5293,7525.08521282389
5294,7520.60386733199
5295,7517.67074207728
5296,7844.46522855955
5297,7836.59586702331
5298,7843.86874074471
5299,7845.56599114324
5300,7838.12130626243
5301,7864.49441379608
5302,7842.95932975519
5303,7863.15637355868
5304,7859.16492194744
5305,7832.88688033731
5306,7839.69061952247
5307,7840.1458233519
5308,7842.54236907901
5309,7841.88795248724
5310,7854.93547360588
5311,7839.30715720969
5312,7856.02002553222
5313,7833.70441694323
5314,7830.1604842372
5315,7838.97934845925
5316,7831.79833252435
5317,7841.00296802223
5318,7843.52193820624
5319,7863.62483160102
5320,7846.05380157725
5321,7865.05649456309
5322,7859.75369696809
5323,7835.00997370106
5324,7865.79908417137
5325,7839.83084555811
5326,7861.60998105259
5327,7853.94373312402
5328,7840.65065137279
5329,7836.61761946672
5330,7852.50817399892
5331,7844.20942239944
5332,7834.71499081691
5333,7848.44317715735
5334,7849.48386310599
5335,7389.07433494618
5336,7427.5195640333
5337,7422.46514556396
5338,7418.36814551074
5339,7417.54831180542
5340,7424.48812264722
5341,7398.72723973546
5342,7392.80517618091
5343,7392.77799952226
5344,7396.51101411006
5345,7395.90322056399
5346,0
5347,7400.25354405841
5348,7401.95639378998
5349,7411.83156361209
5350,7401.43010261438
5351,7393.90351432456
5352,7428.37688488765
5353,7387.2002481983
5354,7395.46387635776
5355,7384.96372432253
5356,7385.84376293179
5357,7399.65150219045
5358,7427.00027896135
5359,7422.39556414787
5360,7394.03469313039
5361,7400.89332856011
5362,7411.53717910584
5363,7425.42700076503
5364,7386.97713705319
5365,7390.72043876242
5366,7397.49994554644
5367,7380.73903727479
5368,7407.22173206699
5369,7404.7421245384
5370,7393.03469024996
5371,7399.01960445633
5372,7398.62659666499
5373,7411.88866455539
5374,7426.11313973584
5375,7395.32117743402
5376,7402.76579803951
5377,7973.56331065703
5378,7994.02453442384
5379,7983.86009396661
5380,7983.68199509786
5381,7983.73700425632
5382,7988.55206121744
5383,7986.58994990915
5384,8031.18599750247
5385,7986.49239198355
5386,7989.90907218851
5387,7981.97498402468
5388,8006.08366571418
5389,7977.42433892678
5390,7990.78413884046
5391,7986.71934984589
5392,7994.63507069267
5393,8035.35414442749
5394,7991.89349489754
5395,8023.68587071037
5396,7974.15200300824
5397,7987.74440573044
5398,8000.90369268916
5399,7989.89209740745
5400,8030.44100358484
5401,8028.89989776624
5402,8032.76498433559
5403,7989.9967467251
5404,7990.28046515332
5405,7973.26682953666
5406,8034.84889458637
5407,7977.85277247138
5408,7971.16906084391
5409,8032.355130856
5410,7971.91186992572
5411,7984.42657031301
5412,8032.30168749173
5413,8005.88796806188
5414,7999.72181088412
5415,8022.69045030136
5416,8011.88942440567
5417,8014.93323942148
5418,5292.72743767322
5419,5299.26561180225
5420,5312.21255861693
5421,5302.28047633964
5422,5302.72567448082
5423,5301.77683795466
5424,5295.53558422716
5425,5304.82865539339
5426,5294.34196453027
5427,5297.98471875996
5428,5314.24112486298
5429,5297.07300437519
5430,5291.86930497452
5431,5315.44564968898
5432,5295.02919121307
5433,5311.73107134033
5434,5309.69721147071
5435,5302.46324026479
5436,5305.49892321997
5437,5300.5822000913
5438,5304.23013513962
5439,5298.90191869562
5440,5295.13921353981
5441,5307.25736102106
5442,5307.3374624045
5443,5311.16178264832
5444,5290.45360511457
5445,5305.08811278787
5446,5292.88207504849
5447,5295.47862334029
5448,5305.96228039165
5449,5294.64234055674
5450,5310.54285798493
5451,5293.84868327441
5452,5301.48005453564
5453,5297.53413197926
5454,5315.93782683422
5455,5305.61917616661
5456,5294.18187780902
5457,5299.81699503449
5458,8045.66719347751
5459,8055.5752983395
5460,8044.05830011914
5461,8038.56684091389
5462,8053.1414216192
5463,8087.89810338272
5464,8056.00492164996
5465,8041.7797539564
5466,8043.63102504597
5467,8045.87863405807
5468,8085.06598176838
5469,8051.57967390478
5470,8047.38780640427
5471,8050.04451299058
5472,8050.50679802036
5473,8085.32990740323
5474,8051.83605302061
5475,8041.00305487833
5476,8057.76999818991
5477,8088.03012433253
5478,8048.07262482749
5479,8064.84166620471
5480,8086.14329706272
5481,8072.57435788135
5482,8080.13091650756
5483,8077.01768658441
5484,8034.6372267067
5485,8079.48255181019
5486,8088.23296021385
5487,8060.85708622695
5488,8053.6223177589
5489,8051.13373251127
5490,8078.98112019984
5491,8041.32836087708
5492,8063.90363862772
5493,8040.16561554877
5494,8087.88392358926
5495,8066.90420705019
5496,8055.7622325737
5497,8073.3597671418
5498,8060.99205607787
5499,5182.53750989874
5500,5167.28870303711
5501,5180.29107542201
5502,5148.02974322582
5503,5184.58404811007
5504,5168.66365387744
5505,5160.15281890756
5506,5162.08923525949
5507,5192.6529813393
5508,5192.88477479498
5509,5192.9424905114
5510,5164.00697146271
5511,5169.1687476372
5512,5154.45547562856
5513,5150.4513455532
5514,5182.17259647834
5515,5180.37054951805
5516,5165.38026286709
5517,5152.14348734099
5518,5148.35389344886
5519,5166.86546841622
5520,5161.29123267722
5521,5170.45093659856
5522,5163.55719183857
5523,5171.77587981782
5524,5170.69034962845
5525,5167.55030743096
5526,5168.72126281103
5527,5187.76083544763
5528,5160.8241445464
5529,5165.5109404999
5530,5167.77818265687
5531,5156.28703517416
5532,5189.77005171321
5533,5176.01449673894
5534,5158.01403976842
5535,5148.64521994021
5536,5194.98363493621
5537,5161.12166458442
5538,5173.41650924524
5539,5166.50154375529
5540,6471.08197054226
5541,6478.52191752831
5542,6481.87061449926
5543,6514.54948543848
5544,6474.61171168067
5545,6478.88849586556
5546,6494.04562368765
5547,6481.34052339834
5548,6494.17658743553
5549,6514.04291656911
5550,6469.20286700677
5551,6498.62274708508
5552,6472.6025590977
5553,6480.11249438033
5554,6468.93418820061
5555,6509.55232561676
5556,6483.44498752281
5557,6512.22308333204
5558,6470.81980967704
5559,6507.30410348737
5560,6480.12987014548
5561,6471.03392690706
5562,6483.40361051978
5563,6468.99094014687
5564,6474.85295470097
5565,6474.024208027
5566,6484.36651532173
5567,6503.55516803086
5568,6482.36156330135
5569,6514.05544281024
5570,6474.46047180428
5571,6502.52951688887
5572,6477.61230387298
5573,6515.40117259146
5574,6488.39255750177
5575,6485.82132936775
5576,6500.19634930725
5577,6471.25093042225
5578,6486.94579947914
5579,6484.29098182061
5580,6472.13764505778
5581,8308.93605095035
5582,8326.76362650509
5583,8281.42850605952
5584,8310.6102674562
5585,8307.81033211997
5586,8323.60225284046
5587,8315.26439608298
5588,8334.70100338171
5589,8326.35443379644
5590,8298.80291946211
5591,8304.77651046308
5592,8303.36284837948
5593,8326.00275609152
5594,8328.60256266426
5595,8285.89753544435
5596,8286.57461697441
5597,8284.39365464242
5598,8333.0056447282
5599,8292.14478271748
5600,8307.0575870998
5601,8310.76663684759
5602,8287.80702031053
5603,8310.4432987972
5604,8283.66975916207
5605,8331.6348010764
5606,8301.47448526134
5607,8311.99633792216
5608,8305.41960432742
5609,8309.77251090223
5610,8314.67505505936
5611,8334.29378161383
5612,8332.85065985257
5613,8292.90710612428
5614,8319.30429459313
5615,8313.63981953588
5616,8313.90639909791
5617,8305.0553512818
5618,8298.37844091358
5619,8335.2028651472
5620,8334.82740484828
5621,8322.8878065291
5622,6842.09712778457
5623,6829.30492410637
5624,6839.47576203149
5625,6836.78660690408
5626,6829.77450800572
5627,6851.06983946165
5628,6840.57698066116
5629,6851.89862569534
5630,6843.55873788781
5631,6847.98926527119
5632,6846.53500007988
5633,6836.06955978941
5634,6842.58000299632
5635,6835.55423722717
5636,6840.47370869391
5637,6843.86714781401
5638,6833.93879816545
5639,6857.1398704993
5640,6856.00977781089
5641,6845.14992791151
5642,6853.32712294161
5643,6840.57373656953
5644,6854.67309183089
5645,6843.61208278367
5646,6856.30720909292
5647,6833.35573127279
5648,6842.49740523281
5649,6830.97434067687
5650,6843.50626459808
5651,6832.24638785886
5652,6832.70620270308
5653,6858.4144388829
5654,6855.37067298853
5655,6836.22464035138
5656,6850.20706238332
5657,6857.07613815917
5658,6853.69716123381
5659,6840.04349011357
5660,6843.00467535018
5661,6837.69391648811
5662,6843.20580822197
5663,9182.53845991197
5664,9159.76444857843
5665,9193.70183839989
5666,9178.44264007356
5667,9194.03518076405
5668,9198.24698250899
5669,9187.77327965365
5670,9166.70294037593
5671,9167.79324848313
5672,9165.08979492021
5673,9201.01016223983
5674,9175.33672916031
5675,9182.93002728568
5676,9173.72646142913
5677,9164.71789524738
5678,9188.64221195753
5679,9206.73532669856
5680,9171.95748832475
5681,9189.51154683111
5682,9186.81182463213
5683,9188.22191299413
5684,9209.58918149109
5685,9205.69626354324
5686,9173.02625404197
5687,9172.02650356749
5688,9163.77327544617
5689,9176.87271193184
5690,9204.89468144101
5691,9193.06031395306
5692,9181.77241284462
5693,9182.3865345757
5694,9168.14674619128
5695,9173.23926496825
5696,9201.7789814542
5697,9185.16049738762
5698,9197.37305707513
5699,9210.18882892797
5700,9185.43317354595
5701,9187.31920187401
5702,9179.66018632378
5703,9207.18496464774
5704,8039.54378020029
5705,8068.16696503887
5706,8043.15838281373
5707,8052.49104363554
5708,8049.10184510066
5709,8065.63886659529
5710,8053.08424270107
5711,8088.05953324651
5712,8091.64948813745
5713,8085.66299625248
5714,8055.17926059645
5715,8041.46298390768
5716,8043.65674078808
5717,8046.48531156487
5718,8071.66531362389
5719,8053.5786806855
5720,8049.15062393224
5721,8058.91380823913
5722,8090.99376760289
5723,8056.41317184345
5724,8087.42587396265
5725,8065.5430683776
5726,8050.35159963343
5727,8047.18964449828
5728,8066.43843829537
5729,8072.02831090554
5730,8084.09092961075
5731,8083.81249550111
5732,8092.2954454931
5733,8063.49199498791
5734,8042.00026037726
5735,8088.2574193498
5736,8082.44466791528
5737,8070.23453121707
5738,8086.42733983218
5739,8087.72092100338
5740,8041.98872956291
5741,8047.29961670312
5742,8069.01643451129
5743,8056.02109811032
5744,8048.31995202049
5745,7322.14851559391
5746,7340.4069899785
5747,7319.04695936787
5748,7315.69228620584
5749,7333.33768412388
5750,7341.49090307834
5751,7342.73353004299
5752,7320.98971569373
5753,7315.42947021588
5754,7327.72191288126
5755,7320.11550622944
5756,7327.96098664852
5757,7327.17209055286
5758,7326.8812646148
5759,7330.70079410928
5760,7313.77339706112
5761,7340.99303746709
5762,7330.33416696603
5763,7313.38306126778
5764,7331.19542181396
5765,7320.23075170094
5766,7318.71113873876
5767,7337.8674685863
5768,7318.95070250137
5769,7314.20327055069
5770,7339.36592207819
5771,7322.87557666915
5772,7329.60532426807
5773,7324.8300920998
5774,7324.74144468088
5775,7335.29575733952
5776,7318.22733003208
5777,7319.52319257797
5778,7318.09516696907
5779,7326.22412581714
5780,7328.08396520943
5781,7339.31576043294
5782,7341.94576265185
5783,7320.35134149253
5784,7315.6432335257
5785,7328.24677700648
5786,5498.44128574524
5787,5522.07071368722
5788,5517.445817854
5789,5480.30237411394
5790,5529.14500133353
5791,5494.44300137495
5792,5533.48366049706
5793,5500.97555415179
5794,5481.37429056353
5795,5532.83137926648
5796,5502.88462498276
5797,5487.14269951926
5798,5505.25161112157
5799,5533.62906678615
5800,5475.44572615134
5801,5495.16778379982
5802,5490.71046782764
5803,5517.17439819311
5804,5491.24508149964
5805,5481.36166682041
5806,5500.1412735426
5807,5491.33725336976
5808,5499.30240539488
5809,5507.54882824398
5810,5526.47851958335
5811,5483.65340884958
5812,5500.22952078823
5813,5506.10507658647
5814,5512.14073433889
5815,5496.93455251293
5816,5496.08443430165
5817,5533.74376297846
5818,5483.50603410813
5819,5531.54276569862
5820,5530.76977623681
5821,5493.83166082455
5822,5524.97387000703
5823,5487.34641558782
5824,5485.04085287882
5825,5488.91467842885
5826,5491.7109480914
5827,7046.78661755361
5828,7020.37071622002
5829,7026.39056710641
5830,7051.5224820057
5831,7031.61160001944
5832,7008.22907806834
5833,7029.28951824194
5834,7017.82818352346
5835,7025.62793418969
5836,7069.87449031225
5837,7058.19647686165
5838,7030.52292107759
5839,7070.60007319306
5840,7040.18306396371
5841,7017.7001723449
5842,7045.99003357471
5843,7024.89176136676
5844,7022.04189788317
5845,7009.69477636381
5846,7020.09621183265
5847,7028.751141158
5848,7022.11654870136
5849,7065.54004138664
5850,7066.14812420098
5851,7071.77930944273
5852,7015.42611674329
5853,7071.04207394843
5854,7042.8686728689
5855,7033.90597409817
5856,7011.6848991713
5857,7069.28002796702
5858,7037.32747603851
5859,7018.74981031248
5860,7036.12287159974
5861,7017.1690578867
5862,7065.19030095971
5863,7052.7311606363
5864,7058.91910018673
5865,7025.16153647688
5866,7024.904914651
5867,7019.03570329973
5868,7483.17726669486
5869,7480.92046333493
5870,7504.73201809335
5871,7480.05429650867
5872,7497.4742802946
5873,7483.10875144927
5874,7483.83167183786
5875,7506.33913323435
5876,7486.54693727712
5877,7460.53216469076
5878,7482.5613418285
5879,7468.39926548188
5880,7500.35277750811
5881,7462.74035329815
5882,7466.98166238689
5883,7502.66368653625
5884,7475.42987752658
5885,7479.8229253239
5886,7489.58838356736
5887,7491.06979442799
5888,7483.93043126461
5889,7461.26117168592
5890,7479.57189434575
5891,7492.38015082989
5892,7505.76549048225
5893,7482.46698079051
5894,7480.73512709075
5895,7482.14895028531
5896,7470.85956097338
5897,7505.76509393741
5898,7504.8469872846
5899,7473.04874909246
5900,7462.18623010393
5901,7503.33410025011
5902,7501.67890571448
5903,7504.68092419736
5904,7482.47008648754
5905,7479.60742676848
5906,7464.1396529472
5907,7481.23325390291
5908,7479.81484467653
5909,5754.41842489914
5910,5762.1771356745
5911,5779.45421481909
5912,5759.1065706948
5913,5770.86767293447
5914,5751.65541253745
5915,5758.2241734355
5916,5774.22506736454
5917,5762.79299128829
5918,5759.9185630427
5919,5754.75401469803
5920,5763.41489992007
5921,5757.75122640983
5922,5772.32248921652
5923,5779.86903275842
5924,5782.91143729844
5925,5783.47330763688
5926,5762.06681011567
5927,5776.42304936051
5928,5767.97081554298
5929,5762.5524399082
5930,5768.09577753583
5931,5750.77639780423
5932,5763.03213127271
5933,5761.92539032721
5934,5762.11451255822
5935,5750.13661407616
5936,5761.74137994122
5937,5749.63889464994
5938,5779.98917243743
5939,5766.8629705337
5940,5760.39260574384
5941,5761.91236706099
5942,5780.66759835935
5943,5771.5328849916
5944,5768.50550247143
5945,5753.71770446165
5946,5764.69302195293
5947,5774.74352884273
5948,5764.55356521948
5949,5761.13478969642
5950,3835.72779030056
5951,3839.46527646662
5952,3831.82685430454
5953,3847.72886591093
5954,3845.77397685106
5955,3833.11338986056
5956,3832.65258171107
5957,3833.58879017639
5958,3829.11364154907
5959,3835.03970735898
5960,3857.07073313434
5961,3828.13383553803
5962,3833.06169846445
5963,3851.1053714426
5964,3843.37361577119
5965,3845.20053857186
5966,3840.4017090281
5967,3845.73447749351
5968,3842.44769345516
5969,3843.32949081348
5970,3843.66015973139
5971,3835.67644568761
5972,3852.97048388952
5973,3832.94643773042
5974,3842.06730473107
5975,3840.55012867476
5976,3852.95682460161
5977,3847.94819873885
5978,3835.0059185082
5979,3836.81522643886
5980,3845.91197776575
5981,3842.06827390583
5982,3830.46830351631
5983,3849.16979804172
5984,3856.16700921198
5985,3852.9178231904
5986,3838.51920580321
5987,3837.13307374166
5988,3833.54967106402
5989,3840.47948688045
5990,5581.18477684386
5991,5535.88078647086
5992,5532.04872489314
5993,5542.46124617852
5994,5520.11618403396
5995,5531.1158965893
5996,5518.92017923728
5997,5541.43678004976
5998,5584.8067294816
5999,5585.08248066013
6000,5576.31156701051
6001,5587.01134214517
6002,5555.00564511592
6003,5537.63746744876
6004,5583.35796520985
6005,5539.01917411921
6006,5584.69090268596
6007,5587.55884646543
6008,5524.10846714748
6009,5566.47903983306
6010,5547.5246983423
6011,5526.37522587912
6012,5546.17204095452
6013,5532.32561252027
6014,5574.76708864011
6015,5553.10212884108
6016,5537.23592001289
6017,5583.6590849927
6018,5540.65274675427
6019,5537.19145077882
6020,5560.30755894171
6021,5529.88283006413
6022,5529.23048390391
6023,5557.37544829034
6024,5522.53633700133
6025,5532.63644322642
6026,5566.65653842659
6027,5543.43133018346
6028,5535.67853325186
6029,5526.95335917149
6030,5524.80840517027
6031,7208.42244486138
6032,7165.92081131189
6033,7172.77267778242
6034,7198.80117543922
6035,7185.48696698149
6036,7184.12276790232
6037,7188.72820686615
6038,7204.06607210188
6039,7194.57331143701
6040,7176.33497147324
6041,7183.11976711421
6042,7169.95676407233
6043,7169.07279140301
6044,7175.87964167607
6045,7169.25873838978
6046,7172.16509366688
6047,7190.24351637291
6048,7169.97075489945
6049,7186.43662161552
6050,7169.36759680568
6051,7181.15020339452
6052,7187.65782773348
6053,7206.95864447018
6054,7181.59730649756
6055,7193.62227785219
6056,7175.72625755621
6057,7196.61061294218
6058,7174.46100771381
6059,7167.15552199815
6060,7171.22944718869
6061,7177.70893778171
6062,7172.22071118159
6063,7182.5769707631
6064,7201.79496501611
6065,7179.40147731919
6066,7165.87279591195
6067,7186.25138999796
6068,7206.89374385066
6069,7165.92891816996
6070,7206.63847131419
6071,7180.88459225378
6072,7064.25727861942
6073,7086.05162566877
6074,7061.14542046809
6075,7089.01603917903
6076,7061.29416548114
6077,7049.59873230061
6078,7057.7452913457
6079,7075.45086615231
6080,7061.78570061047
6081,7057.51408510662
6082,7089.68470169851
6083,7055.15448058678
6084,7064.06618870356
6085,7059.73039851264
6086,7089.54585073006
6087,7058.98777684601
6088,7071.59518318054
6089,7058.07599994991
6090,7085.93862878021
6091,7048.03747856487
6092,7076.81910292296
6093,7071.47165268285
6094,7049.46526300016
6095,7056.64373548033
6096,7047.91485544309
6097,7081.65893305014
6098,7046.62714356887
6099,7057.35669818597
6100,7086.6102929363
6101,7090.24862346363
6102,7058.2322454072
6103,7060.67854197655
6104,7053.08960765131
6105,7057.29461172793
6106,7069.67429524487
6107,7061.95907265334
6108,7052.09132839618
6109,7081.13209495579
6110,7047.8002308995
6111,7067.44031544989
6112,7088.79655139428
6113,4756.16859499108
6114,4763.07343904482
6115,4774.53341383047
6116,4793.09367916207
6117,4771.5979217626
6118,4780.77840782952
6119,4756.55046630489
6120,4764.44043785566
6121,4758.34978746539
6122,4789.39175303783
6123,4791.4165535366
6124,4767.19016015713
6125,4784.28479448101
6126,4752.31319007906
6127,4784.86362513033
6128,4769.11600199685
6129,4749.16809893759
6130,4789.93380443684
6131,4753.63563643921
6132,4766.68144222292
6133,4795.00386844443
6134,4745.50058603163
6135,4760.90849931833
6136,4760.09985324303
6137,4750.60577368734
6138,4783.71311712289
6139,4753.50258793424
6140,4756.50628124158
6141,4772.96303217786
6142,4793.92236735555
6143,4752.57732326897
6144,4785.96072585126
6145,4792.28495032212
6146,4793.26164311625
6147,4761.00378796842
6148,4751.7791133093
6149,4758.67504262478
6150,4761.50093887178
6151,4751.74210362373
6152,4764.78628533921
6153,4775.41092514061
6154,7894.88720846608
6155,7870.90133635996
6156,7884.11890140836
6157,7873.69445136161
6158,7857.19532055315
6159,7861.39401553696
6160,7854.65546220663
6161,7870.44625615658
6162,7857.71815017605
6163,7868.33296681472
6164,7864.38195271576
6165,7884.20751071183
6166,7899.52387610362
6167,7901.07783170894
6168,7863.18031454415
6169,7859.76345060354
6170,7852.78902407136
6171,7876.87922996451
6172,7873.83978915633
6173,7891.79046217729
6174,7857.6247173222
6175,7852.85476123612
6176,7857.59424274171
6177,7898.94820670895
6178,7866.09719069647
6179,7854.0492347805
6180,7871.43800495121
6181,7892.29885663473
6182,7901.65595981248
6183,7889.76091960868
6184,7867.57636025715
6185,7872.35243584351
6186,7872.48827302457
6187,7854.87643741388
6188,7886.64790267012
6189,7877.33579379245
6190,7904.09448730559
6191,7852.5155878782
6192,7863.82875828899
6193,7846.98328375387
6194,7903.06118111919
6195,6798.78656297527
6196,6808.5595745238
6197,6791.53755803613
6198,6818.30970092953
6199,6808.13779496667
6200,6803.1698916621
6201,6811.22308533411
6202,6806.57539726791
6203,6808.45884221414
6204,6809.49066702946
6205,6801.2055000823
6206,6805.53098031172
6207,6797.14005505045
6208,6805.12048406718
6209,6804.41603668884
6210,6816.98085926973
6211,6818.45793338824
6212,6819.1857981518
6213,6813.94908298175
6214,6805.94983450126
6215,6804.16850497262
6216,6794.31176915915
6217,6809.18569670983
6218,6807.1070459993
6219,6810.92813721965
6220,6790.21092835653
6221,6804.35250638678
6222,6819.68843848993
6223,6818.40200685796
6224,6794.41583508514
6225,6804.34104759025
6226,6814.9472160798
6227,6818.81565898555
6228,6816.5379943965
6229,6791.27490979428
6230,6810.5103689317
6231,6803.90840664043
6232,6792.36870449065
6233,6805.11319301425
6234,6803.77552668717
6235,5825.11049695969
6236,5828.11889569954
6237,5825.42887129086
6238,5829.58111421792
6239,5829.3580316906
6240,5828.56212898389
6241,5817.82877424792
6242,5821.93571961191
6243,5825.44276462137
6244,5827.85456925114
6245,5828.90106685982
6246,5826.75059828287
6247,5824.57410038179
6248,5831.20986575016
6249,5829.33149170451
6250,5830.07720582898
6251,5831.22756977208
6252,5826.17699920415
6253,5826.54375137613
6254,5822.31843972975
6255,5821.09704592056
6256,5819.46790043733
6257,5824.53098273297
6258,5831.17449573497
6259,5829.31364601705
6260,5823.72820362226
6261,5827.96341307806
6262,5828.37707108218
6263,5831.64191443184
6264,5829.55241769813
6265,5824.36313897671
6266,5822.04775772387
6267,5831.22340959615
6268,5823.02010828467
6269,5828.57628440087
6270,5829.55135279724
6271,5824.01085187748
6272,5825.98703500005
6273,5817.82100302264
6274,5824.11275580289
6275,5756.93271049362
6276,5720.10832814591
6277,5716.00428273248
6278,5731.98186244522
6279,5735.34023982988
6280,5705.81896314802
6281,5717.71384545362
6282,5758.76998510279
6283,5709.71576311338
6284,5760.66449374294
6285,5718.53682289059
6286,5749.14414613714
6287,5757.39043660689
6288,5721.53225380515
6289,5712.87995829009
6290,5718.41939946729
6291,5742.7002291579
6292,5716.04299501886
6293,5714.38624129462
6294,5718.24660485944
6295,5718.40174811053
6296,5704.99268343907
6297,5719.64016298259
6298,5716.67199346165
6299,5716.45608014942
6300,5754.49216679645
6301,5757.7147298902
6302,5715.15052050291
6303,5706.7856257427
6304,5736.94773216853
6305,5729.79442066203
6306,5722.90747060419
6307,5761.14686570363
6308,5710.5971966733
6309,5707.45532278322
6310,5705.08739977253
6311,5726.958046084
6312,5757.56123589927
6313,5750.88062865442
6314,5714.75071421831
6315,5720.44924222686
6316,5066.22770613095
6317,5014.92698212617
6318,5042.75483280835
6319,5020.56432927022
6320,5039.05190329189
6321,5032.86586456762
6322,5062.91108159091
6323,5053.99789169236
6324,5019.70799659326
6325,5024.50313123931
6326,5036.79745478979
6327,5031.09022103458
6328,5060.28995233062
6329,5075.58207226117
6330,5025.43873969629
6331,5028.88896543565
6332,5020.72205274814
6333,5025.0664317051
6334,5073.11231032472
6335,5016.72803230029
6336,5020.76868314385
6337,5035.82601877321
6338,5052.25570731662
6339,5020.5488673496
6340,5017.47086189935
6341,5044.63110730819
6342,5071.45384207637
6343,5071.22305337407
6344,5017.58580414013
6345,5015.01175962278
6346,5009.8838176218
6347,5075.61552031726
6348,5061.16251000288
6349,5071.17914325952
6350,5040.63735073674
6351,5016.39331615018
6352,5034.85668642746
6353,5034.82668594031
6354,5026.97788456188
6355,5026.37548071212
6356,5056.45613898011
6357,6731.60716320238
6358,6746.23587686762
6359,6779.69072972113
6360,6784.94505303056
6361,6780.21873842711
6362,6731.01378815384
6363,6757.77216499463
6364,6748.09585185149
6365,6753.55809418514
6366,6749.02198329665
6367,6732.24487864129
6368,6735.62851574723
6369,6737.39256118021
6370,6787.08245573713
6371,6724.39545485208
6372,6783.72946178322
6373,6748.35170780766
6374,6750.06463193262
6375,6735.05475389485
6376,6750.010843068
6377,6741.0547585599
6378,6785.32750177222
6379,6766.61798000117
6380,6727.53032843215
6381,6735.47365233902
6382,6737.43528005992
6383,6760.75001416403
6384,6743.39390947867
6385,6744.23261506141
6386,6770.33802713559
6387,6785.31922862203
6388,6743.10066540861
6389,6738.05622861696
6390,6740.36137765006
6391,6778.57634776318
6392,6735.21541157755
6393,6746.90763426588
6394,6764.72823344472
6395,6731.18583966395
6396,6771.50862546516
6397,6742.21653228232
6398,7055.35859522924
6399,7061.49739416664
6400,7050.00949012946
6401,7092.61556536949
6402,7045.24505110608
6403,7067.24756435673
6404,7052.40538260377
6405,7060.09281422946
6406,7048.89536827336
6407,7044.11277480013
6408,7058.18203904439
6409,7091.22670644185
6410,7089.42782477912
6411,7059.40183881239
6412,7075.48006560617
6413,7042.22183910576
6414,7056.58936313765
6415,7048.08186252649
6416,7044.08263517612
6417,7087.81689439135
6418,7090.84022215925
6419,7045.95731621583
6420,7087.50699157111
6421,7053.61557969572
6422,7045.8385843809
6423,7053.39655603938
6424,7048.21847694986
6425,7047.79871590064
6426,7041.56618843481
6427,7044.14701351841
6428,7066.8845486967
6429,7054.87988315401
6430,7082.87303147114
6431,7086.07650089974
6432,7043.98869258076
6433,7054.62943926535
6434,7040.55099230151
6435,7077.87593297681
6436,7045.46104916698
6437,7054.78456284265
6438,7070.79205068878
6439,5863.00793869529
6440,5867.55439155776
6441,5858.60838411093
6442,5861.05266078888
6443,5876.2488268886
6444,5858.59430940779
6445,5862.44780877373
6446,5874.7925943115
6447,5866.41649133436
6448,5862.24177320043
6449,5861.62697285607
6450,5879.17409491226
6451,5865.36629490526
6452,5854.63095263788
6453,5878.6259426013
6454,5869.92194787564
6455,5875.89137730377
6456,5859.96651010751
6457,5854.52248786682
6458,5871.74330692049
6459,5870.85528774471
6460,5870.62680855598
6461,5858.68644320747
6462,5866.11502486488
6463,5854.51808842882
6464,5870.33173331951
6465,5862.09231254909
6466,5875.67013803417
6467,5863.9130234981
6468,5865.08100498738
6469,5869.4509757972
6470,5856.15482228039
6471,5866.1353758232
6472,5861.03365745296
6473,5860.57478061855
6474,5854.96228442128
6475,5866.41100693404
6476,5874.51094033465
6477,5854.82087512132
6478,5856.27701248103
6479,5866.66321110168
6480,5166.79367921026
6481,5153.32344523835
6482,5165.82882096652
6483,5179.95510356174
6484,5179.66979973549
6485,5178.95277380771
6486,5143.89478799733
6487,5153.14479847719
6488,5182.2755678099
6489,5164.06868886505
6490,5155.46536536756
6491,5160.01630723306
6492,5180.69584921984
6493,5156.76877422096
6494,5183.0096005786
6495,5143.67735667083
6496,5143.82533941652
6497,5161.24457281547
6498,5176.06712981579
6499,5149.99775706296
6500,5150.32387225295
6501,5179.30224768893
6502,5156.8739001862
6503,5147.41652568926
6504,5181.67207280312
6505,5145.48527918964
6506,5150.17160046897
6507,5150.32137217294
6508,5154.9069812992
6509,5171.76848127422
6510,5155.66208928567
6511,5178.08045535322
6512,5156.13252516171
6513,5150.42923919585
6514,5150.85185539848
6515,5167.40553736383
6516,5146.17544153116
6517,5158.89230481514
6518,5151.17489839677
6519,5156.3957575123
6520,5157.28714921722
6521,4625.03868508773
6522,4659.49438942031
6523,4657.55665142574
6524,4647.66506941387
6525,4652.63852068881
6526,4651.27882901558
6527,4633.80656000151
6528,4645.46953619652
6529,4658.379254429
6530,4653.37659361445
6531,4645.18351439889
6532,4640.47412552949
6533,4635.3822078433
6534,4639.41244960407
6535,4649.63612119031
6536,4624.9604358374
6537,4652.68445185885
6538,4626.15398631238
6539,4642.17679848275
6540,4625.50908901067
6541,4630.25925202916
6542,4638.07682266644
6543,4627.3041384684
6544,4630.68843961265
6545,4640.61758588567
6546,4625.23300417475
6547,4629.51350644478
6548,4636.9200532172
6549,4644.06755442197
6550,4624.67335571847
6551,4651.88900486338
6552,4634.98838410924
6553,4621.09680317076
6554,4632.06657066784
6555,4635.2530127846
6556,4645.77175105325
6557,4642.22925222234
6558,4635.74370492103
6559,4629.85132934772
6560,4635.84536827833
6561,6288.77170532568
6562,6331.72863970298
6563,6326.01025189406
6564,6298.28204926178
6565,6285.04646726159
6566,6334.22884315036
6567,6297.1301683865
6568,6279.12801971649
6569,6333.27465572448
6570,6325.72362033053
6571,6305.74392346681
6572,6275.88985820913
6573,6273.68611248941
6574,6297.14396571126
6575,6277.04660874296
6576,6328.17075144399
6577,6293.01990955481
6578,6282.02340922312
6579,6313.32965883778
6580,6281.96210861983
6581,6333.28815510661
6582,6274.35252562599
6583,6288.71221786355
6584,6292.24168260187
6585,6280.75845043425
6586,6319.91825476326
6587,6292.65904586562
6588,6290.37948148459
6589,6278.43142758111
6590,6270.47678408652
6591,6306.99770910224
6592,6334.5552783095
6593,6281.50772730762
6594,6316.33664695708
6595,6281.78499816427
6596,6284.71590363785
6597,6287.56297891176
6598,6310.04250031658
6599,6288.98797994939
6600,6282.51235199808
6601,6284.03343084512
6602,3643.94222728373
6603,3662.11892271261
6604,3657.43202045009
6605,3660.74586565758
6606,3648.10989497686
6607,3662.51315517889
6608,3649.46482164895
6609,3642.27122362159
6610,3663.54612650555
6611,3646.39856911885
6612,3647.73656026768
6613,3640.55662696302
6614,3649.02597195051
6615,3662.44870810314
6616,3646.46554772777
6617,3640.64965756952
6618,3663.36931969887
6619,3640.72486072826
6620,3640.75133250678
6621,3638.72702454554
6622,3663.74293531148
6623,3649.15678406721
6624,3651.03589345624
6625,3640.15921753001
6626,3640.60367953373
6627,3641.63145662592
6628,3649.24502985771
6629,3638.93447204339
6630,3639.89195739864
6631,3648.47429579524
6632,3643.58964103146
6633,3658.76594365325
6634,3653.34770037791
6635,3640.56554112856
6636,3643.86637530086
6637,3652.60218947825
6638,3641.51431583402
6639,3661.74955380652
6640,3651.96078097846
6641,3638.19470878031
6642,6080.41989646839
6643,6076.79624673282
6644,6103.15936647217
6645,6116.64905886538
6646,6108.63160943505
6647,6069.27013840592
6648,6105.48907358903
6649,6073.61905425721
6650,6058.70937768995
6651,6086.81608260543
6652,6112.72573372221
6653,6066.46963118788
6654,6097.3325286571
6655,6052.12228017597
6656,6116.63271657513
6657,6113.23659092809
6658,6077.40874862725
6659,6114.66221918941
6660,6069.71240345257
6661,6065.68433069496
6662,6085.89912261341
6663,6072.11980605918
6664,6073.23041088632
6665,6068.97468510037
6666,6081.19441899717
6667,6065.60505273601
6668,6082.62884115392
6669,6063.86452087555
6670,6066.95652196013
6671,6076.42554737994
6672,6055.35694015361
6673,6090.01301810517
6674,6100.49735736277
6675,6096.46440194203
6676,6104.2399030104
6677,6112.78924243401
6678,6069.87911140301
6679,6074.32542777883
6680,6063.04826100549
6681,6075.18467729884
6682,6091.52283882494
6683,4803.8922955784
6684,4786.43620686925
6685,4823.49022657997
6686,4809.50197465567
6687,4810.52439009967
6688,4828.38062647357
6689,4788.63297952356
6690,4793.44935025021
6691,4793.0004444544
6692,4781.00573194107
6693,4824.01052713622
6694,4817.54096502432
6695,4787.02455069716
6696,4789.63060184525
6697,4795.51914500491
6698,4801.90720459759
6699,4827.41733453089
6700,4790.12365527206
6701,4828.57579997414
6702,4791.56738526979
6703,4792.46754905815
6704,4786.87786853221
6705,4788.61124569885
6706,4785.92082261441
6707,4786.14993908669
6708,4781.90055872602
6709,4789.63850012005
6710,4782.72776294926
6711,4784.14408733986
6712,4827.29148463762
6713,4797.87920791365
6714,4817.87951021108
6715,4806.11333253394
6716,4788.43393904285
6717,4793.45853810311
6718,4792.88027016563
6719,4781.73598233175
6720,4827.40061244909
6721,4784.95598527777
6722,4824.16435629081
6723,4797.22319830513
6724,8558.9578997633
6725,8575.24600451959
6726,8564.5133422069
6727,8581.04415492064
6728,8574.21697895841
6729,8569.06329081228
6730,8546.02324592321
6731,8596.43046311405
6732,8543.17543069996
6733,8553.50591462482
6734,8544.61058129061
6735,8593.8127148808
6736,8554.06635353544
6737,8547.36671380355
6738,8549.09749487945
6739,8574.70063543189
6740,8554.53437709508
6741,8549.47329310781
6742,8552.48933657514
6743,8553.43444461372
6744,8588.73774981731
6745,8581.91340957991
6746,8553.64830700343
6747,8543.91332746832
6748,8556.71945949987
6749,8595.92334252105
6750,8556.04668564643
6751,8562.57280672936
6752,8588.99884839675
6753,8558.46083768029
6754,8550.83493799225
6755,8552.23889250894
6756,8593.62425929523
6757,8551.38108163185
6758,8592.57622627882
6759,8554.33769164743
6760,8549.50010902222
6761,8549.27795347323
6762,8546.11602726565
6763,8560.94864197002
6764,8596.57403983212
6765,6937.74326194452
6766,6955.26961675326
6767,6960.15186203365
6768,6955.96743740769
6769,6963.83383763306
6770,6949.81099024282
6771,6934.12031238955
6772,6955.25694445599
6773,6937.20766434636
6774,6952.30905836359
6775,6963.17160303919
6776,6950.28505971027
6777,6960.62066725642
6778,6942.9627254136
6779,6952.13501002736
6780,6943.47955593814
6781,6957.30623477386
6782,6952.8940418929
6783,6947.25882514906
6784,6940.70766655164
6785,6949.01729973409
6786,6950.340224199
6787,6952.24452145413
6788,6945.96875777047
6789,6958.89636869087
6790,6964.44131739046
6791,6935.7670728787
6792,6960.93972079953
6793,6947.84729447894
6794,6944.91031983603
6795,6959.88352780792
6796,6956.27130990452
6797,6953.07937295068
6798,6936.07431744035
6799,6941.42748743773
6800,6949.93003505209
6801,6945.82925214727
6802,6937.93446834063
6803,6952.11678211891
6804,6943.51955775837
6805,6764.76701366167
6806,6766.98578897655
6807,6776.53765267312
6808,6776.88607564089
6809,6766.6483045637
6810,6767.99610453664
6811,6761.04114785544
6812,6773.18519667581
6813,6771.76782583298
6814,6779.13311202368
6815,6768.55553000914
6816,6775.07124529959
6817,6756.28290171191
6818,6771.22961256395
6819,6767.81290100218
6820,6764.3000882222
6821,6769.69238564207
6822,6771.35916117608
6823,6773.97715289413
6824,6768.82120988829
6825,6778.13809648858
6826,6774.8634149598
6827,6768.76340066651
6828,6778.49007382571
6829,6778.10753651079
6830,6755.18625436392
6831,6768.23194876495
6832,6772.55961715271
6833,6775.00132441448
6834,6766.97587009141
6835,6773.91867404039
6836,6771.09615431442
6837,6755.84316179512
6838,6758.0147008093
6839,6772.99341121658
6840,6778.38566953612
6841,6779.26929649555
6842,6778.48662371807
6843,6769.76582139487
6844,6770.10646293847
6845,8443.01395429672
6846,8448.69784378357
6847,8449.83437703508
6848,8451.70175410992
6849,8457.16931483247
6850,8443.38544356593
6851,8443.15763107677
6852,8454.48417839766
6853,8457.3275451897
6854,8450.91274299269
6855,8445.54339776293
6856,8448.39447896592
6857,8449.70389042588
6858,8461.0911374495
6859,8448.85586247556
6860,8455.54049401757
6861,8450.68116874986
6862,8451.7693617417
6863,8462.5832186818
6864,8448.44406298496
6865,8447.51571018299
6866,8442.47671333515
6867,8451.51222123797
6868,8452.30654058411
6869,8451.22323095428
6870,8447.62468936544
6871,8445.57089901406
6872,8452.16241588499
6873,8444.44938071289
6874,8445.00248300908
6875,8447.46565124072
6876,8454.98548522124
6877,8450.83182649062
6878,8448.551695145
6879,8450.11769848815
6880,8450.49947651547
6881,8449.79110466773
6882,8442.39766913742
6883,8449.69443211935
6884,8458.7147753267
6885,4795.66084854798
6886,4782.46752709286
6887,4812.65492074593
6888,4777.61379568905
6889,4810.7272237169
6890,4818.80888625976
6891,4823.63043706204
6892,4802.42954998777
6893,4776.83140636025
6894,4793.8351930309
6895,4781.31545646355
6896,4771.66268756713
6897,4804.18806272523
6898,4775.08402199766
6899,4808.23640366118
6900,4777.85611333819
6901,4792.2927492847
6902,4787.05865715526
6903,4786.30445305743
6904,4790.93717015704
6905,4824.01882005427
6906,4789.68553546176
6907,4775.39946218002
6908,4776.5568417243
6909,4784.30144137422
6910,4791.92660559241
6911,4825.10039496103
6912,4785.52361891252
6913,4775.45369575937
6914,4774.50827411869
6915,4789.0360861423
6916,4783.51652028367
6917,4781.60610684805
6918,4779.00947131376
6919,4819.66892492752
6920,4824.51956952315
6921,4817.37734071697
6922,4788.05646935248
6923,4825.59375693924
6924,4779.43159802451
6925,4788.73816457371
6926,4705.70633025765
6927,4699.41929747517
6928,4693.45669410089
6929,4704.07219880903
6930,4712.25594621344
6931,4668.81952211795
6932,4680.69738566875
6933,4710.17521897777
6934,4696.54599003641
6935,4678.87295485168
6936,4669.84265800899
6937,4683.96112688178
6938,4669.30192393469
6939,4709.28241721727
6940,4672.6552501968
6941,4667.72219965839
6942,4680.81991647013
6943,4693.57105969473
6944,4707.61254195203
6945,4689.89354711478
6946,4678.13466197467
6947,4683.43097336351
6948,4684.0287303138
6949,4679.51101427821
6950,4680.78515716882
6951,4678.36970050569
6952,4677.3851720669
6953,4670.46929852816
6954,4681.93894687531
6955,4675.63534319998
6956,4677.28071494116
6957,4692.4714754948
6958,4707.21959915529
6959,4682.59427843768
6960,4686.55400702127
6961,4709.88531029174
6962,4672.79149661894
6963,4708.77068516445
6964,4677.72863612798
6965,4712.13803076196
6966,4676.58438052359
6967,10537.7432555225
6968,10537.5542962174
6969,10501.2557810234
6970,10509.0502307052
6971,10530.120099982
6972,10505.6249247711
6973,10501.3078821607
6974,10525.7063865561
6975,10547.9154150718
6976,10544.3690434403
6977,10519.9694586271
6978,10497.7159951313
6979,10531.8704918559
6980,10510.3168250224
6981,10543.8437785188
6982,10504.0472371363
6983,10521.6620541217
6984,10503.9644720157
6985,10547.6702471669
6986,10518.9582127093
6987,10500.3407969066
6988,10512.9500276893
6989,10508.8971189292
6990,10514.6568124357
6991,10512.7315382968
6992,10504.2480564575
6993,10509.3202300066
6994,10505.8296133047
6995,10513.039324727
6996,10509.6133574902
6997,10548.4017258485
6998,10507.436504751
6999,10509.9821853781
7000,10514.8844005033
7001,10511.3616562845
7002,10532.5318007307
7003,10506.4280530421
7004,10502.9129408454
7005,10547.279137176
7006,10541.9484643092
7007,10548.9034832097
7008,6545.82172911028
7009,6547.37506915496
7010,6552.76792083525
7011,6544.50945237178
7012,6567.42331866933
7013,6553.36047444306
7014,6544.61310493637
7015,6540.52202103811
7016,6559.65038493265
7017,6575.31658111345
7018,6585.83207358564
7019,6548.57061575585
7020,6585.80584450622
7021,6541.78771216762
7022,6547.15687196945
7023,6581.84965619022
7024,6571.69554557996
7025,6574.20496893815
7026,6547.29689135955
7027,6554.46845406883
7028,6566.12673678656
7029,6548.97957598242
7030,6581.87381756607
7031,6550.13165993188
7032,6545.9775818276
7033,6550.463782731
7034,6540.62796031134
7035,6540.64972372284
7036,6556.12825342676
7037,6553.45293477838
7038,6557.31257294495
7039,6545.61226836582
7040,6565.3351968295
7041,6554.34463603763
7042,6556.25162477101
7043,6585.78304743858
7044,6578.90808471389
7045,6551.02036561922
7046,6586.63931223305
7047,6587.13893621839
7048,6553.6824663274
7049,7639.00076049231
7050,7685.70095596967
7051,7655.53262015976
7052,7640.38718222494
7053,7669.02102365964
7054,7641.94921320655
7055,7661.27288352727
7056,7655.15627319045
7057,7679.52791732179
7058,0
7059,7639.54865719831
7060,7692.73143771192
7061,7673.32097050056
7062,7651.68524650005
7063,7656.15666142455
7064,7641.34271916954
7065,7635.84758294804
7066,7690.51448241605
7067,7684.86993027582
7068,7653.28399906723
7069,7664.82059737794
7070,7646.15897260203
7071,7650.83224437342
7072,7691.078777736
7073,7645.41481250497
7074,7658.65021669486
7075,7658.4923215924
7076,7666.24738416783
7077,7692.72510252714
7078,7654.66278770937
7079,7659.54980162791
7080,7662.00253989767
7081,7657.58949255053
7082,7652.29710901115
7083,7690.54659142316
7084,7677.00616180976
7085,7650.51705838799
7086,7650.66972893219
7087,7690.81264080702
7088,7688.98131964774
7089,7672.61411715008
7090,7687.87792474666
7091,7484.37537295013
7092,7529.62758449898
7093,7499.14772100174
7094,7503.2945309007
7095,7489.14484407954
7096,7500.69133420624
7097,7490.07241001352
7098,7523.53993859009
7099,7500.77160858201
7100,7493.57837370641
7101,7480.47016946885
7102,7506.29402181
7103,7527.7228209545
7104,7512.75569883652
7105,7505.1472452583
7106,7493.4286919743
7107,7538.98998130091
7108,7490.94500939125
7109,7518.16166289942
7110,7496.49112735623
7111,7520.7795396795
7112,7544.602221485
7113,7545.68358789323
7114,7504.24628591686
7115,7495.35432581486
7116,7512.58268083187
7117,7489.11925549362
7118,7546.42716443585
7119,7546.74273431938
7120,7498.24482266775
7121,7512.12856588531
7122,7540.92691170156
7123,7507.20853556396
7124,7495.38375061745
7125,7532.99077672631
7126,7496.88464121192
7127,7491.86205668362
7128,7506.96418403699
7129,7501.72474120637
7130,7545.1518508414
7131,7537.2189676305
7132,5207.64673338797
7133,5193.84109889946
7134,5191.0303256138
7135,5194.17662394558
7136,5189.1468297505
7137,5210.63451718798
7138,5195.85849912939
7139,5182.59185410985
7140,5184.41685393101
7141,5191.73929134731
7142,5189.64865401329
7143,5196.70448580198
7144,5187.12287197648
7145,5191.98554084892
7146,5202.41505083211
7147,5218.26375409525
7148,5192.98444386777
7149,5197.82285315703
7150,5195.14591646524
7151,5218.28871668132
7152,5188.80209606479
7153,5221.16929037822
7154,5209.15738606229
7155,5217.10535818918
7156,5194.71337057606
7157,5194.98954570338
7158,5222.58428771314
7159,5187.42781941493
7160,5195.70971004137
7161,5196.46458396814
7162,5204.57476471084
7163,5201.13699990296
7164,5216.38244624935
7165,5222.1716707177
7166,5213.05972527401
7167,5219.86861233526
7168,5198.15374894435
7169,5222.0902654428
7170,5193.95700100897
7171,5193.56197732038
7172,5192.91426001894
7173,5889.75805755181
7174,5904.71738454471
7175,5883.32503861453
7176,5893.16563151263
7177,5890.36194441498
7178,5874.89414658675
7179,5914.11379022117
7180,5901.18087901606
7181,5897.79622185132
7182,5895.03291083067
7183,5898.58790884425
7184,5880.26842067802
7185,5888.15269525368
7186,5917.49346762766
7187,5894.56976974395
7188,5889.16449336945
7189,5909.72597176005
7190,5893.26615315543
7191,5896.89425268527
7192,5889.76897910406
7193,5879.0883441226
7194,5892.48309382628
7195,5883.64477538193
7196,5877.55998597856
7197,5916.90496177628
7198,5891.53112887698
7199,5895.11962073204
7200,5893.45413172233
7201,5894.99558078233
7202,5911.18865057239
7203,5875.56695882849
7204,5916.0868331539
7205,5889.01722622136
7206,5919.68067786277
7207,5918.8970068911
7208,5904.49327911794
7209,5874.02699732503
7210,5918.27856250298
7211,5913.34421279783
7212,5890.84170885933
7213,5887.19360749541
7214,5330.74679718702
7215,5338.48834249309
7216,5338.69886606327
7217,5327.76893750432
7218,5331.26169121526
7219,5337.32575998742
7220,5343.41696599408
7221,5335.66778168599
7222,5348.7208167931
7223,5328.6854033237
7224,5328.67728805083
7225,5330.08253020499
7226,5329.44203135457
7227,5332.1728329413
7228,5334.93069404694
7229,5323.71952142505
7230,5342.88868735446
7231,5353.61383560415
7232,5326.4414573615
7233,5328.47416591118
7234,5327.15616373108
7235,5327.46424704607
7236,5325.98469717214
7237,5325.23701975126
7238,5352.28548744982
7239,5325.97637956431
7240,5346.53325630691
7241,5340.19264101083
7242,5323.8087730321
7243,5333.92841553237
7244,5351.25551336934
7245,5333.52321067286
7246,5326.59539483495
7247,5351.24997842886
7248,5322.63687387407
7249,5345.8152405471
7250,5331.19243249635
7251,5349.37343719305
7252,5333.69053016717
7253,5335.26231709754
7254,6893.72349087385
7255,6914.37910868799
7256,6915.99990970669
7257,6922.18465349291
7258,6890.5425151407
7259,6923.25758610778
7260,6899.6347877301
7261,6895.04206616484
7262,6935.50087298324
7263,6898.20917451259
7264,6930.38748637159
7265,6892.49224230664
7266,6902.01975904396
7267,6895.22919416722
7268,6886.65916953399
7269,6910.91590638962
7270,6897.1896735327
7271,6902.1598368764
7272,6889.0475235155
7273,6881.64582441099
7274,6892.51715442225
7275,6894.22721001935
7276,6903.3566015852
7277,6884.48451971039
7278,6880.20816216157
7279,6892.75661909756
7280,6931.24706455246
7281,6900.06610639424
7282,6933.33765940607
7283,6917.90336607925
7284,6923.38791498345
7285,6893.51653445789
7286,6908.22395396609
7287,6883.6041423888
7288,6895.31573355865
7289,6908.67317132642
7290,6934.62656307658
7291,6932.51418400235
7292,6887.23937712103
7293,6926.36485213885
7294,6890.78004408167
7295,10426.9311424995
7296,10428.4005131633
7297,10444.2683116299
7298,10430.6040147142
7299,10451.968247612
7300,10433.85132423
7301,10432.8318766121
7302,10445.9318731343
7303,10435.4783601444
7304,10440.9402043285
7305,10432.2903226697
7306,10437.3376631459
7307,10438.8380769511
7308,10452.7095630091
7309,10424.3888307079
7310,10441.8192309358
7311,10421.7622425758
7312,10425.246401434
7313,10425.130991291
7314,10433.0989346734
7315,10427.4780016955
7316,10418.1356639938
7317,10438.3435444835
7318,10466.268556187
7319,10429.6680937624
7320,10438.967169504
7321,10464.8237335154
7322,10425.1835273988
7323,10449.4657867544
7324,10459.9525003582
7325,10423.4611339316
7326,10465.2763966056
7327,10434.434141189
7328,10424.8534686406
7329,10457.9192655279
7330,10423.0919497138
7331,10424.2090045126
7332,10464.6981331079
7333,10455.1524693057
7334,10462.8955310453
7335,10437.9627529482
7336,5653.94436307045
7337,5625.71546597979
7338,5627.5857262934
7339,5640.19929900745
7340,5624.11716096222
7341,5635.04698259439
7342,5649.67284401071
7343,5614.09023489555
7344,5619.30435290148
7345,5606.82076516214
7346,5589.31583355953
7347,5639.26511259823
7348,5610.31250512843
7349,5629.91712920367
7350,5615.02324648798
7351,5626.08529027705
7352,5648.62095900679
7353,5618.52026694516
7354,5629.44857203009
7355,5594.08618576702
7356,5638.7637889128
7357,5592.50734715468
7358,5659.87023501153
7359,5657.19257155354
7360,5613.03115074034
7361,5625.06212198519
7362,5606.41103263108
7363,5631.31493433211
7364,5599.0283327763
7365,5622.31820243603
7366,5655.07356248538
7367,5614.73867011849
7368,5607.97368019756
7369,5608.23702912031
7370,5602.43373362555
7371,5607.80294569668
7372,5639.553802277
7373,5653.12349107785
7374,5606.67996341589
7375,5615.62724254473
7376,5601.17441746974
7377,5640.34863981821
7378,5609.7980732356
7379,5653.46088963871
7380,5660.67692996608
7381,5632.93280412074
7382,5648.26877216352
7383,5619.83241862746
7384,3120.02463890564
7385,3136.72552783001
7386,3133.47940085078
7387,3137.96875720354
7388,3121.06874993735
7389,3136.21710871701
7390,3159.93458693871
7391,3162.47409478176
7392,3130.17456689828
7393,3154.78853058663
7394,3148.28601768137
7395,3139.71499576376
7396,3147.22984772609
7397,3121.20695325506
7398,3155.91356455178
7399,3121.16053379268
7400,3125.82499959536
7401,3125.40117282867
7402,3142.87759987214
7403,3162.63010925831
7404,3127.23252255819
7405,3127.99411830996
7406,3164.92128564229
7407,3159.889633185
7408,3131.66130869291
7409,3133.21457049882
7410,3125.04664101151
7411,3133.26734379518
7412,3129.76941364042
7413,3125.23916559533
7414,3129.53832206526
7415,3135.13108396717
7416,3133.62841667943
7417,3161.9659945915
7418,3145.48899370047
7419,3162.57495867908
7420,3124.00027432398
7421,3164.74136388343
7422,3128.38430045646
7423,3136.57486067485
7424,3116.0564662387
7425,4570.10630274248
7426,4564.52848913996
7427,4571.44759968248
7428,4559.55616649991
7429,4568.70794566573
7430,4549.93399039644
7431,4582.23037176376
7432,4565.61525467726
7433,4550.36070425648
7434,4588.90982838096
7435,4570.59529308065
7436,4580.18568719157
7437,4561.94927446436
7438,4560.01005486561
7439,4575.73865414252
7440,4552.97967894011
7441,4574.90524056866
7442,4590.14446123653
7443,4554.93040642458
7444,4584.59586017058
7445,4557.92156856327
7446,4565.56665678749
7447,4551.68746548364
7448,4577.18701565465
7449,4558.21727741974
7450,4568.68268485652
7451,4580.28221007515
7452,4591.78385526445
7453,4588.21480954957
7454,4568.60121067636
7455,4591.58339346304
7456,4565.10644407672
7457,4574.77120743782
7458,4549.95302792434
7459,4556.22907112321
7460,4557.12301000074
7461,4543.06915199869
7462,4556.43614950055
7463,4572.20472638683
7464,4588.65424054498
7465,4562.95003850031
7466,7655.12476687434
7467,7666.16788446107
7468,7690.58632214151
7469,7651.2118841209
7470,7692.16805275253
7471,7651.6118169357
7472,7679.64260185149
7473,7666.97513312727
7474,7666.84451840176
7475,7672.15069889062
7476,7657.93595587387
7477,7652.87089008085
7478,7655.72388724639
7479,7664.9574570978
7480,7661.73742866212
7481,7685.57825534371
7482,7664.42246665813
7483,7667.46019389478
7484,7657.00714503133
7485,7690.77573276254
7486,7686.93957070369
7487,7689.56118104195
7488,7659.23966594684
7489,7655.55193619613
7490,7661.5976615077
7491,7654.43309764479
7492,7653.98781322128
7493,7662.09576824265
7494,7652.64194172224
7495,7679.39783476803
7496,7672.82629528861
7497,7672.42305205906
7498,7658.33532020427
7499,7668.52999688816
7500,7655.52909479524
7501,7690.84213470653
7502,7657.71421290751
7503,7669.79153117857
7504,7684.71660052799
7505,7657.65139396705
7506,7665.67210199045
7507,9225.48033736659
7508,9221.77869174132
7509,9215.56219822363
7510,9218.9257513835
7511,9232.23837524779
7512,9219.77417866808
7513,9219.12006015261
7514,9253.52913845275
7515,9220.57210667415
7516,9203.93738943237
7517,9247.98606711118
7518,9219.02519675298
7519,9219.54891389061
7520,9217.44904601981
7521,9220.1263770109
7522,9210.37025107288
7523,9240.90580631122
7524,9230.06698413134
7525,9205.48394031386
7526,9231.1977957089
7527,9253.17401078894
7528,9224.95529200569
7529,9212.36179793577
7530,9235.29479463909
7531,9248.77442511473
7532,9219.92034260247
7533,9212.96505655825
7534,9245.13037265021
7535,9250.75013580634
7536,9236.41569955556
7537,9245.88604449195
7538,9221.73203768894
7539,9214.07354097858
7540,9216.56410686024
7541,9222.50869063702
7542,9212.19276582638
7543,9213.01678313532
7544,9251.74379827896
7545,9250.49881849263
7546,9213.37287064489
7547,9215.00442637201
7548,6202.21340553429
7549,6212.8061220371
7550,6206.29312300948
7551,6201.23931027381
7552,6197.03162191206
7553,6227.21428435665
7554,6226.56356444354
7555,6204.87647025526
7556,6215.79710554289
7557,6210.71895269284
7558,6227.01158068116
7559,6204.91937099466
7560,6208.6189702063
7561,6203.64269711633
7562,6198.01548105471
7563,6218.77937210939
7564,6196.78507912109
7565,6201.46936697672
7566,6203.49846820487
7567,6222.11278073362
7568,6209.41351056775
7569,6222.15854217793
7570,6218.44974350281
7571,6203.0994983829
7572,6226.21521105541
7573,6225.28687202096
7574,6225.01068700562
7575,6199.54061518409
7576,6225.5472758507
7577,6226.67392867525
7578,6203.46874437201
7579,6203.34289170465
7580,6206.14092389414
7581,6202.57314596439
7582,6201.19847804864
7583,6199.90045292074
7584,6205.74644290693
7585,6198.55841189105
7586,6204.44467232961
7587,6929.86701929292
7588,6928.09874059885
7589,6954.09453501525
7590,6932.61947888646
7591,6914.37889680095
7592,6937.92526923647
7593,6917.0814704691
7594,6938.49542312773
7595,6927.04537059814
7596,6913.39824443135
7597,6945.26975335274
7598,6928.23012499508
7599,6954.26305182587
7600,6934.22115385555
7601,6916.3666135702
7602,6928.3879388099
7603,6926.85728734075
7604,6933.65836082728
7605,6918.13715437146
7606,6923.39166417072
7607,6951.03778919758
7608,6954.45892061594
7609,6916.26668689642
7610,6916.29442265099
7611,6913.64773784906
7612,6953.49660514412
7613,6928.24262624193
7614,6932.09772900045
7615,6950.85492919828
7616,6919.42925078213
7617,6921.75175342709
7618,6914.68410531512
7619,6920.12223851662
7620,6923.50982740506
7621,6913.25080501326
7622,6955.1033425233
7623,6912.35341568227
7624,6918.73297239392
7625,6947.73720327376
7626,6914.99271598
7627,6944.3846667289
7628,4522.77254061205
7629,4558.12387288191
7630,4519.31425438922
7631,4527.72854210813
7632,4522.1384855543
7633,4514.99031496324
7634,4552.80016139125
7635,4570.84069721912
7636,4569.44483502676
7637,4522.06724931015
7638,4563.45538839376
7639,4572.34412829736
7640,4519.71760442152
7641,4535.85349834484
7642,4567.32946271749
7643,4518.31119109396
7644,4545.02915540431
7645,4529.2608674633
7646,4529.63139340923
7647,4507.90057282388
7648,4530.84806538261
7649,4555.46177639345
7650,4511.45251059607
7651,4526.35949765737
7652,4569.00090722671
7653,4526.20656638413
7654,4525.48249041684
7655,4532.40620977865
7656,4545.7727864734
7657,4545.9329946427
7658,4532.95418488807
7659,4530.16852495886
7660,4519.47965364826
7661,4538.74265348027
7662,4519.74988852148
7663,4541.82868696477
7664,4559.98797642438
7665,4524.76280578884
7666,4571.81107651014
7667,4562.64760384221
7668,4571.37109465488
7669,5114.51892660932
7670,5101.02452782003
7671,5110.29280997085
7672,5096.66531936851
7673,5108.17636177783
7674,5094.87356154177
7675,5107.98761692373
7676,5095.7583514944
7677,5094.77599050982
7678,5087.48179406675
7679,5108.94551227372
7680,5111.84875572261
7681,5103.92158325868
7682,5094.12366357532
7683,5108.18269032233
7684,5095.54657828226
7685,5118.19445128729
7686,5101.04657289402
7687,5092.58084457711
7688,5104.26321420627
7689,5105.4085178058
7690,5097.96386266381
7691,5111.2232016357
7692,5099.26929391334
7693,5104.44879405212
7694,5106.2850884853
7695,5094.41954500143
7696,5100.66153570663
7697,5108.70463510093
7698,5105.16308557594
7699,5104.27836625598
7700,5108.2013376762
7701,5113.87361839305
7702,5095.75730870343
7703,5117.29069164858
7704,5098.06462515401
7705,5097.40713830495
7706,5101.12016853475
7707,5107.37068469546
7708,5113.565739302
7709,3127.53067030285
7710,3160.32076535274
7711,3156.00449109635
7712,3163.59547852129
7713,3133.04057257236
7714,3150.73985212381
7715,3129.51564386431
7716,3156.62211803546
7717,3141.27714592877
7718,3122.36390416367
7719,3134.99703762188
7720,3130.45628031622
7721,3125.83297706232
7722,3125.89760319077
7723,3118.09988944862
7724,3121.56935764179
7725,3137.85190091072
7726,3148.20835283628
7727,3125.97940254881
7728,3116.58575153737
7729,3149.982735736
7730,3131.6825340369
7731,3144.07084276743
7732,3147.84138031331
7733,3127.03490428237
7734,3127.90458394255
7735,3121.70086421206
7736,3127.42734496678
7737,3117.79609262707
7738,3136.14767754029
7739,3141.67881270793
7740,3159.95655203955
7741,3133.54235974
7742,3126.95659818169
7743,3132.94833822023
7744,3119.02593050324
7745,3143.01474505065
7746,3161.53575346962
7747,3138.61503089857
7748,3138.32257470237
7749,3137.89705770099
7750,4677.45684480668
7751,4648.43645198596
7752,4651.571447474
7753,4679.78237181365
7754,4640.04029437869
7755,4635.67245538136
7756,4675.64307302105
7757,4638.08040387646
7758,4672.90090015297
7759,4660.14624327748
7760,4650.84558048759
7761,4680.18496608275
7762,4682.16813368029
7763,4635.85330703145
7764,4681.76621021792
7765,4642.95332824483
7766,4656.57405066144
7767,4652.20941441302
7768,4646.41418596653
7769,4667.15934801929
7770,4647.73480710627
7771,4637.9729525772
7772,4667.71694832718
7773,4661.66722236268
7774,4647.22756130687
7775,4642.32149264342
7776,4635.3119569027
7777,4647.76851627605
7778,4636.4388524059
7779,4681.57060916254
7780,4652.86808696401
7781,4649.97383368855
7782,4651.20355931731
7783,4651.8671122163
7784,4649.52875624012
7785,4657.26328241545
7786,4663.77950129812
7787,4669.8851280414
7788,4653.1606714148
7789,4649.79376977079
7790,4660.76124134473
7791,5589.81646366131
7792,5596.12662534245
7793,5586.81111966555
7794,5600.03687685962
7795,5577.89782834248
7796,5582.81494590217
7797,5626.40043639881
7798,5612.91740730089
7799,5619.66442925044
7800,5590.89283258226
7801,5616.53279091935
7802,5625.81115170396
7803,5596.34604983803
7804,5594.24888907295
7805,5591.63010215352
7806,5604.0986971971
7807,5598.63118545624
7808,5618.05779911342
7809,5592.87378098096
7810,5586.62853961664
7811,5611.07907443973
7812,5594.35218672521
7813,5586.68026367633
7814,5598.93701118767
7815,5625.45860792828
7816,5609.22198495338
7817,5600.14084234964
7818,5585.95573208142
7819,5580.40975799933
7820,5594.71522592064
7821,5596.73894887056
7822,5622.72331527283
7823,5622.92142776249
7824,5590.08583216319
7825,5588.12282707249
7826,5625.23634594332
7827,5604.64540848877
7828,5602.57213092471
7829,5611.88425712988
7830,5593.34512458564
7831,5624.45575348841
7832,6385.81589107947
7833,6372.70220979931
7834,6371.31392358297
7835,6411.2621478226
7836,6376.10182771768
7837,6409.94432928258
7838,6394.97419044741
7839,6372.86888128329
7840,6406.47561336166
7841,6410.42316136692
7842,6398.28476909115
7843,6376.6738879173
7844,6382.28421706343
7845,6408.78353702911
7846,6400.99827921196
7847,6373.37870794057
7848,6376.09876143091
7849,6370.83548911591
7850,6371.11544635269
7851,6383.52964760656
7852,6379.00789323798
7853,6379.40613486316
7854,6377.04458174733
7855,6390.21063376863
7856,6406.31383528686
7857,6380.64170011258
7858,6408.95307566197
7859,6405.58654043605
7860,6375.36386289332
7861,6394.66289492504
7862,6377.30573106232
7863,6374.06625071296
7864,6373.87191913944
7865,6394.90417469417
7866,6374.77833895594
7867,6380.20566399443
7868,6388.63358004569
7869,6384.83611051453
7870,6410.09638487382
7871,6373.75315365501
7872,6407.84997437912
7873,6970.42168830265
7874,6986.43192072327
7875,6989.10821392752
7876,7020.71496488266
7877,6994.47271282785
7878,7017.44337286727
7879,6990.1743979542
7880,6993.62151464314
7881,6977.3921309924
7882,6984.73006822715
7883,6991.11913650691
7884,6992.07232519853
7885,6993.62453144413
7886,7021.87213861772
7887,6992.90983450993
7888,6981.98926922857
7889,6983.54626096422
7890,7009.99708509423
7891,6980.90034533682
7892,6981.54965866197
7893,7019.51114360134
7894,6986.70025762283
7895,7005.79556070378
7896,6974.04969481471
7897,6973.04049635669
7898,7016.53275843925
7899,7002.37605456517
7900,6975.85335642963
7901,6995.35428506477
7902,7013.0190139577
7903,6996.11653960419
7904,6975.1203477094
7905,6987.86350483264
7906,7018.96597038705
7907,6994.71302979805
7908,6978.23521120526
7909,7006.07748150824
7910,7000.71921525431
7911,7012.04315187533
7912,6972.57059962211
7913,6980.33092303046
7914,0
7915,5769.4141131722
7916,5760.78620502212
7917,5770.71869255747
7918,5758.51584913286
7919,5757.53775161679
7920,5766.2320556187
7921,5761.6718983674
7922,5751.67050148104
7923,5759.01243129114
7924,5776.07423879072
7925,5766.05727463443
7926,5795.70832391414
7927,5777.49502968559
7928,5757.1256354226
7929,5790.79011272756
7930,5778.28500290833
7931,5762.33826061194
7932,5783.57849382575
7933,5785.61146954996
7934,5775.45371891405
7935,5797.58011294247
7936,5767.28467090531
7937,5785.84873123213
7938,5774.68101978772
7939,5765.61409397443
7940,5766.04689050136
7941,5790.94202649572
7942,5775.88171769742
7943,5794.44727866596
7944,5762.73821624061
7945,5772.23851856951
7946,5761.94509409796
7947,5772.73310734857
7948,5757.53709738409
7949,5758.16543402397
7950,5779.76217878215
7951,5760.22984161757
7952,5794.01716952386
7953,5772.16021852214
7954,5784.9428930485
7955,5759.48255345865
7956,7815.26983860872
7957,7811.56792907807
7958,7836.36931624475
7959,7822.48151711051
7960,7825.84084544614
7961,7821.10935662507
7962,7821.44330189096
7963,7809.45532517498
7964,7861.13175277489
7965,7849.31868199511
7966,7838.31762715204
7967,7859.1892596211
7968,7856.11674754721
7969,7820.24277432608
7970,7821.55548803924
7971,7861.44534785296
7972,7822.1021933993
7973,7813.7363584486
7974,7833.55464149884
7975,7821.56164834673
7976,7820.30721415638
7977,7808.5439484954
7978,7842.51323931186
7979,7826.76778591573
7980,7860.22728623596
7981,7858.02101394689
7982,7863.58395125342
7983,7842.72262260861
7984,7808.17875716674
7985,7819.67993751438
7986,7854.94117397134
7987,7825.36032091533
7988,7810.58445129371
7989,7826.62599544026
7990,7816.75179866308
7991,7860.38439303687
7992,7821.81821125787
7993,7819.74550879191
7994,7829.42604151039
7995,7863.13728012952
7996,7821.10863280391
7997,8281.3218561821
7998,8254.67423861857
7999,8256.39713744489
8000,8259.27431704176
8001,8292.30464071716
8002,8247.90959610717
8003,8288.86994530131
8004,8292.66804634914
8005,8256.8234751515
8006,8262.64202726064
8007,8265.04843827319
8008,8265.04348383959
8009,8292.54304040792
8010,8246.28001961053
8011,8269.98465159713
8012,8243.5344351125
8013,8245.08827813026
8014,8240.94600522367
8015,8250.886590024
8016,8276.64512264002
8017,8271.89913460519
8018,8244.59941861661
8019,8282.92340961001
8020,8252.47928807355
8021,8288.88914544715
8022,8255.38190649613
8023,8260.02187216448
8024,8275.72438559895
8025,8264.30095116493
8026,8253.93834932668
8027,8262.6751069309
8028,8256.82521020361
8029,8256.37894994132
8030,8258.35623511689
8031,8266.60091188496
8032,8266.51119356109
8033,8261.43080896635
8034,8261.83452674201
8035,8291.68656172733
8036,8285.34467110502
8037,8293.62959969627
8038,7332.25043092703
8039,7287.12520478698
8040,7307.08135892093
8041,7284.4579436455
8042,7300.45007914078
8043,7332.67773317332
8044,7290.01599127882
8045,7325.1126538442
8046,7295.08193365418
8047,7291.27463187175
8048,7279.10792300466
8049,7280.57644719545
8050,7293.74465494119
8051,7318.06118977115
8052,7331.13972191851
8053,7333.64488046144
8054,7268.79702699485
8055,7284.83233636299
8056,7329.42404465921
8057,7271.63005134989
8058,7291.56115106155
8059,7290.3337778469
8060,7275.23419659928
8061,7328.93706303073
8062,7299.33951670322
8063,7324.21036545517
8064,7322.14696378098
8065,7306.44124032205
8066,7306.12155151892
8067,7275.88658323907
8068,7282.95031416922
8069,7290.42187517932
8070,7312.84104950271
8071,7293.30538192834
8072,7316.90262717918
8073,7275.88852155857
8074,7297.56061005927
8075,7286.76236343108
8076,7295.74146311386
8077,7286.3073575493
8078,7332.44089566956
8079,4729.04424888491
8080,4736.40877291033
8081,4716.60857618458
8082,4734.72640964234
8083,4725.41676970788
8084,4712.92903427322
8085,4712.55809505613
8086,4713.26627610499
8087,4716.69214889423
8088,4720.37254609354
8089,4732.54775224931
8090,4714.66033278446
8091,4729.32472364165
8092,4719.66925227545
8093,4717.48809828803
8094,4723.26411356314
8095,4721.6776665737
8096,4711.8639893413
8097,4731.21908163562
8098,4720.55226834071
8099,4723.67767967038
8100,4722.46141588812
8101,4724.55423331889
8102,4737.28968143619
8103,4715.79273544883
8104,4736.84720492905
8105,4713.81200735602
8106,4717.07782852843
8107,4737.75267316323
8108,4723.70732924884
8109,4714.12533764899
8110,4737.50584756049
8111,4735.1947741178
8112,4721.98368257736
8113,4714.68534878855
8114,4721.69893430786
8115,4718.34070205487
8116,4715.10475393966
8117,4712.56556222596
8118,4725.53673229394
8119,9138.98616287141
8120,9107.99268969673
8121,9112.01335880928
8122,9093.46172620672
8123,9142.33913448326
8124,9098.59024966023
8125,9100.19212522773
8126,9136.23380286172
8127,9097.49786081203
8128,9102.99728651243
8129,9131.62467493018
8130,9094.64479122698
8131,9124.25330067365
8132,9138.08377788457
8133,9132.79847282342
8134,9121.30015579672
8135,9102.06210972112
8136,9094.42266314572
8137,9127.80893630208
8138,9097.92023883178
8139,9106.60569217146
8140,9110.11733439357
8141,9107.56671954415
8142,9141.34574392477
8143,9094.12171002889
8144,9115.39750571623
8145,9101.18656008701
8146,9095.7182670596
8147,9109.00279551041
8148,9108.70269496582
8149,9104.97261389694
8150,9088.95268374859
8151,9094.88617535358
8152,9140.20994558847
8153,9116.98704017647
8154,9095.43055681102
8155,9095.89069049446
8156,9106.68203279916
8157,9107.39877775421
8158,9124.37721069057
8159,9117.91036956147
8160,10239.8152661482
8161,10241.3160009486
8162,10273.9318338451
8163,10272.165299705
8164,10227.671231759
8165,10230.5747251923
8166,10260.3287938469
8167,10228.0847084098
8168,10236.0581644886
8169,10272.6948458242
8170,10243.5126153549
8171,10234.8938931509
8172,10269.4946615082
8173,10230.5336199978
8174,10267.3623870061
8175,10228.8686288458
8176,10252.4921690596
8177,10259.3150133846
8178,10239.496178355
8179,10252.3993717095
8180,10233.8111892617
8181,10221.5421281878
8182,10271.8552262276
8183,10228.734773137
8184,10237.6666293262
8185,10231.0671758817
8186,10229.7310844188
8187,10234.2282574996
8188,10225.6219650241
8189,10228.6597074727
8190,10246.1803578501
8191,10235.2145953432
8192,10228.0294193425
8193,10239.7175440844
8194,10226.8138579389
8195,10252.2351668287
8196,10242.7746995244
8197,10238.1583276533
8198,10267.5487916789
8199,10273.0480828103
8200,10240.7683971189
8201,5546.39413830587
8202,5558.20830782043
8203,5553.62575727478
8204,5583.72244956072
8205,5557.55785212828
8206,5545.53800961608
8207,5572.28207019519
8208,5542.75975059506
8209,5539.7162817274
8210,5548.7135992366
8211,5583.20664030759
8212,5560.73579050886
8213,5537.64480694492
8214,5543.54108120458
8215,5564.20441772001
8216,5576.53523791908
8217,5542.76497583637
8218,5547.72868998245
8219,5561.40332496496
8220,5557.75347303371
8221,5575.8187716222
8222,5553.31222553989
8223,5557.91333958708
8224,5548.3851011708
8225,5552.37760693261
8226,5584.7663821684
8227,5570.63989531957
8228,5587.06643228136
8229,5578.30668206803
8230,5587.4991631629
8231,5540.63671429432
8232,5568.40137911104
8233,5558.36321032851
8234,5570.2496827466
8235,5560.53495384877
8236,5562.21932999087
8237,5555.44994082128
8238,5582.88551984311
8239,5549.98958842093
8240,5540.40892121973
8241,5562.02564324408
8242,7488.1989658508
8243,7494.59614130966
8244,7532.23677636771
8245,7532.38084399681
8246,7492.52136551111
8247,7518.94843254937
8248,7502.44506787663
8249,7516.39480728371
8250,7509.4530806396
8251,7506.34693737795
8252,7533.71746155617
8253,7525.57656783212
8254,7491.94946224312
8255,7498.22992956346
8256,7486.51892220074
8257,7533.2935902934
8258,7523.22566241104
8259,7493.07784583655
8260,7495.1408732291
8261,7490.30686535535
8262,7501.94915465949
8263,7516.10198645379
8264,7503.82808242182
8265,7496.90490820051
8266,7509.44202087427
8267,7508.6000685925
8268,7489.09334959017
8269,7502.46773320871
8270,7487.15275957633
8271,7489.90609482805
8272,7505.01263430228
8273,7488.06593862127
8274,7489.99383150214
8275,7527.17548657151
8276,7487.59305837053
8277,7512.35204564274
8278,7504.57299762554
8279,7497.47099037503
8280,7530.98503798983
8281,7500.10702916307
8282,7488.3798696035
8283,4934.82986495831
8284,4904.49987248523
8285,4930.84574022664
8286,4896.26783320102
8287,4905.86225663366
8288,4903.23003574729
8289,4940.00740318788
8290,4940.43376249811
8291,4938.17295972989
8292,4941.20059975274
8293,4897.42110730952
8294,4937.43770338276
8295,4935.15771178106
8296,4909.41358518923
8297,4904.39107049925
8298,4900.66664663935
8299,4942.70260424868
8300,4903.25003163678
8301,4896.01951623435
8302,4904.72663909658
8303,4903.34442713968
8304,4910.77080187614
8305,4917.73888871073
8306,4920.91372467585
8307,4916.36198627233
8308,4895.07897497412
8309,4905.59178345898
8310,4905.33177256646
8311,4906.40239744592
8312,4923.23661115833
8313,4914.01900198785
8314,4926.30628967301
8315,4911.20661511082
8316,4899.44226525377
8317,4905.93543550753
8318,4921.66910690902
8319,4907.08912622885
8320,4898.4965312681
8321,4906.91557990598
8322,4942.28470546314
8323,4909.6792594186
8324,6389.46739966297
8325,6350.01448892486
8326,6359.54789046847
8327,6346.21593927498
8328,6347.40793500939
8329,6347.59400466086
8330,6351.54096919994
8331,6391.02667509415
8332,6346.78822811373
8333,6385.66913475931
8334,6391.81062511979
8335,6343.46423640971
8336,6349.02873566424
8337,6378.67582736207
8338,6347.13025090094
8339,6361.31012243234
8340,6355.51861677178
8341,6387.74389793389
8342,6376.5281209465
8343,6342.9160388884
8344,6387.63932944048
8345,6355.07960282871
8346,6351.51989428851
8347,6366.8375827443
8348,6348.49279680206
8349,6353.03425687915
8350,6383.05195299524
8351,6350.85451998186
8352,6389.93143556766
8353,6369.38864879355
8354,6361.86037451151
8355,6367.74441570395
8356,6354.24215586634
8357,6347.55088061884
8358,6350.8206065797
8359,6351.74138608722
8360,6351.1935914562
8361,6350.24353917713
8362,6344.25001907036
8363,6347.084083412
8364,6351.08734564377
8365,3731.1038043954
8366,3743.47284111111
8367,3770.07984110525
8368,3782.01169521723
8369,3739.76318407757
8370,3780.79762016398
8371,3740.07241317766
8372,3739.11997235448
8373,3735.19619371555
8374,3776.19029386195
8375,3768.40631652183
8376,3781.48841666145
8377,3762.34633454459
8378,3757.45958708723
8379,3782.38570849505
8380,3763.25853256808
8381,3747.87226350016
8382,3775.14167025182
8383,3746.19460081572
8384,3780.56065940573
8385,3744.90720954888
8386,3776.61698243949
8387,3744.24687781029
8388,3752.41514136623
8389,3737.80459276153
8390,3737.9103237372
8391,3736.43813716532
8392,3737.2092782406
8393,3743.17958902013
8394,3740.57695845399
8395,3750.38055749617
8396,3755.2590724581
8397,3735.87162742271
8398,3736.22333974953
8399,3748.07197943931
8400,3747.23017783815
8401,3735.3190889911
8402,3740.74374838168
8403,3751.11964732338
8404,3735.76135152433
8405,3745.27878440545
8406,6460.48958572125
8407,6454.51290572033
8408,6478.99800104246
8409,6473.26540009989
8410,6474.04175719845
8411,6455.34513441756
8412,6464.48447832181
8413,6451.75771232099
8414,6453.38878590505
8415,6470.8478660234
8416,6471.1454338779
8417,6468.44101718775
8418,6468.39620782928
8419,6475.8746254388
8420,6479.79754762687
8421,6458.63264415227
8422,6461.68682324376
8423,6477.98486494918
8424,6465.67418425605
8425,6476.84622671162
8426,6465.9661048537
8427,6459.38673573138
8428,6462.15997853066
8429,6453.11966283416
8430,6472.10928311203
8431,6472.13653105552
8432,6452.23348515049
8433,6453.17023654968
8434,6452.51334117361
8435,6477.41025586324
8436,6459.84781958221
8437,6464.34421505944
8438,6457.52183403656
8439,6468.93329631188
8440,6460.24818098781
8441,6459.18030819509
8442,6455.8622918894
8443,6464.95166474655
8444,6460.14150361705
8445,6465.97545077519
8446,6465.08619387353
8447,5051.58356270565
8448,5082.3347165129
8449,5060.70254863169
8450,5056.66245912024
8451,5063.00134724447
8452,5085.42042913337
8453,5078.34286704513
8454,5086.83113294974
8455,5088.72594460376
8456,5053.83919474626
8457,5048.37842711365
8458,5044.69239125373
8459,5062.45924342876
8460,5083.38447076683
8461,5089.20324755797
8462,5050.07156157306
8463,5048.27622228819
8464,5046.49812914349
8465,5077.34459848353
8466,5058.78161490999
8467,5042.32856228694
8468,5058.92399643028
8469,5058.66473189439
8470,5049.84070087474
8471,5058.67535360149
8472,5040.69055813851
8473,5049.81461874639
8474,5087.15782801236
8475,5045.79706579428
8476,5086.96789041667
8477,5070.46083515586
8478,5064.80819165793
8479,5040.9989423021
8480,5069.98084676623
8481,5041.50591023946
8482,5053.35787114701
8483,5047.03328815444
8484,5061.23776554953
8485,5047.33107258918
8486,5046.69100726024
8487,5057.7758211222
8488,8708.37743588761
8489,8682.74849926176
8490,8671.13724746773
8491,8720.59888967093
8492,8708.3600663101
8493,8674.47091070583
8494,8719.95561360114
8495,8715.80567806303
8496,8684.04406651987
8497,8719.79130508964
8498,8684.96408812535
8499,8673.20686039932
8500,8674.23137403486
8501,8678.07692586408
8502,8703.88888295944
8503,8670.84876733121
8504,8715.66127926665
8505,8668.05527640204
8506,8681.5597254467
8507,8697.23682211337
8508,8683.72418085437
8509,8670.91713934462
8510,8673.50238499743
8511,8678.90530236604
8512,8681.16608423963
8513,8681.97621379673
8514,8711.83557081987
8515,8685.42451024416
8516,8720.18248896946
8517,8677.2055162417
8518,8676.3890942819
8519,8689.38365591837
8520,8682.67690980232
8521,8699.14637063369
8522,8688.62507868264
8523,8670.22557321052
8524,8718.12716149178
8525,8692.71514173338
8526,8674.65836232496
8527,8680.04698691513
8528,8673.2943485603
8529,6852.02651299659
8530,6864.63906227943
8531,6855.24144160915
8532,6882.32656289424
8533,6894.55863135007
8534,6908.43795679907
8535,6858.79604930186
8536,6902.84563371253
8537,6858.60422178028
8538,6907.72203238073
8539,6884.53128512009
8540,6852.22514063767
8541,6856.81819876105
8542,6889.7820377018
8543,6889.90895509885
8544,6871.54899595375
8545,6904.83940582494
8546,6865.08728518674
8547,6854.7884119054
8548,6866.81613253547
8549,6862.428899862
8550,6873.48037487393
8551,6864.56533049819
8552,6872.41310964703
8553,6866.85800532111
8554,6855.98461450156
8555,6906.98662822804
8556,6852.78558770403
8557,6880.30759635844
8558,6854.81454404525
8559,6868.34976178774
8560,6905.54680946705
8561,6864.94870702065
8562,6847.38926176365
8563,6899.31984773172
8564,6855.99956284937
8565,6858.22564662445
8566,6895.24042460318
8567,6862.43860922673
8568,6860.28508355999
8569,6860.59437630957
8570,8206.33267857825
8571,8201.69340309587
8572,8174.58855073595
8573,8172.13096072703
8574,8201.11071318149
8575,8183.79638471612
8576,8177.64559369659
8577,8172.67444320231
8578,8183.66526210533
8579,8174.60786078807
8580,8177.05922190577
8581,8206.51795431218
8582,8167.24820446345
8583,8202.35153669169
8584,8167.40284346441
8585,8205.47572276529
8586,8180.44747724181
8587,8174.46922878195
8588,8190.49262010528
8589,8195.81444459486
8590,8181.05202637936
8591,8171.96173439675
8592,8182.62837170499
8593,8185.09211828327
8594,8169.06606427998
8595,8171.8673864452
8596,8170.67002965767
8597,8173.38493021232
8598,8207.42634005232
8599,8206.05546779528
8600,8192.7828348547
8601,8168.00400742711
8602,8185.846872663
8603,8162.17041293185
8604,8171.89180622247
8605,8177.29491419966
8606,8189.07607634246
8607,8195.41350114531
8608,8178.77073384174
8609,8180.44690083565
8610,8181.96928873841
8611,7806.14563425674
8612,7812.29057701072
8613,7845.81983727048
8614,7848.34553448891
8615,7789.33527596586
8616,7850.75876512271
8617,7805.85170988136
8618,7832.42720050804
8619,7795.21563061516
8620,7810.46741150069
8621,7823.55845600129
8622,7836.8593635658
8623,7849.54153868605
8624,7801.11944213703
8625,7842.56227860358
8626,7848.97628941582
8627,7826.08654645791
8628,7783.38077039066
8629,7816.72779265154
8630,7790.69608040653
8631,7796.14676835643
8632,7794.81933756619
8633,7834.43134171805
8634,7818.4559134764
8635,7776.14663473238
8636,7848.98583518469
8637,7845.93465033174
8638,7779.60881838305
8639,7799.85466084996
8640,7801.23328201818
8641,7788.95427832317
8642,7818.87036291685
8643,7801.98030585469
8644,7839.62917081499
8645,7793.32064958651
8646,7790.29249302444
8647,7797.64410877037
8648,7838.51203014924
8649,7805.91074631968
8650,7790.76927267589
8651,7811.85988909056
8652,5076.56849487563
8653,5106.57426988472
8654,5072.87368046519
8655,5079.51901986361
8656,5096.72993640923
8657,5104.37698148858
8658,5102.67313200247
8659,5066.07046259908
8660,5075.0869945868
8661,5092.35581367382
8662,5085.30467712932
8663,5080.92611789182
8664,5066.21570121179
8665,5080.44710218741
8666,5066.04326418722
8667,5105.62048394079
8668,5090.44226629386
8669,5067.97703678798
8670,5099.29249174272
8671,5083.39572534629
8672,5105.75092893843
8673,5096.06202972433
8674,5075.03221426091
8675,5074.69760913217
8676,5059.55432584381
8677,5069.80924696351
8678,5074.62138911479
8679,5094.25916170706
8680,5079.8466655389
8681,5077.35876150764
8682,5067.62351182929
8683,5088.33843671814
8684,5077.44932208564
8685,5105.60005455463
8686,5070.58820239814
8687,5071.52853302246
8688,5078.72807642781
8689,5063.02196465091
8690,5066.21202985741
8691,5103.18261024469
8692,5071.16916106248
8693,8079.35073335472
8694,8105.07578788294
8695,8072.4542639314
8696,8101.99850300197
8697,8073.60631871696
8698,8107.19846064344
8699,8072.59367645567
8700,8081.48767972603
8701,8080.98144588146
8702,8064.53487333488
8703,8102.67586064044
8704,8073.39767577622
8705,8089.44694692641
8706,8081.42479113742
8707,8065.49267534919
8708,8101.30837925465
8709,8083.90468260388
8710,8076.16515828757
8711,8074.4892610951
8712,8068.35442045674
8713,8105.72149735136
8714,8064.06331866829
8715,8095.83516830528
8716,8083.46189386153
8717,8066.87639154774
8718,8081.98471391598
8719,8074.05029412399
8720,8069.18825692101
8721,8106.23330154731
8722,8077.79164308863
8723,8071.88957690876
8724,8080.39385846347
8725,8088.60344436859
8726,8095.68236282627
8727,8075.89691435218
8728,8073.75066104665
8729,8073.48817800579
8730,8064.10485591428
8731,8084.23408692925
8732,8081.35391312098
8733,8106.20295183338
8734,18582.4088378805
8735,18615.9313493883
8736,18565.0578019457
8737,18576.3480135498
8738,18564.6143692638
8739,18623.7688271328
8740,18563.1563479671
8741,18579.8339488572
8742,18562.6711711825
8743,18620.6333312513
8744,18592.6097888484
8745,18602.071976156
8746,18589.2542805639
8747,18582.9603543853
8748,18619.2665713561
8749,18569.9120401298
8750,18578.2076711865
8751,18600.7809741092
8752,18624.3483767868
8753,18571.7528594019
8754,18577.7569309881
8755,18584.6290893405
8756,18622.2218193487
8757,18607.740024754
8758,18571.9374445747
8759,18576.7443267769
8760,18557.5667103239
8761,18580.2078199039
8762,18591.3658916828
8763,18607.5889128449
8764,18560.6796557197
8765,18569.3994727368
8766,18612.9742542968
8767,18566.4588465484
8768,18574.1394869422
8769,18568.5060590251
8770,0
8771,18590.0347435442
8772,18575.4093364652
8773,18611.5259430118
8774,18573.7173346787
8775,18620.5751382397
8776,10081.8826405598
8777,10077.7255134495
8778,10037.9090590325
8779,10023.1870551893
8780,10030.1566746393
8781,10033.2327957474
8782,10082.3415501128
8783,10044.2064172259
8784,10025.0923751916
8785,10026.9127678772
8786,10038.3047609638
8787,10039.9081439225
8788,10083.7819841367
8789,10082.3845266742
8790,10034.8512056999
8791,10077.8369612604
8792,10056.0512957998
8793,10035.8767844251
8794,10048.1369636535
8795,10031.0671946965
8796,10023.5503276359
8797,10019.6032859469
8798,10068.9017942029
8799,10035.1832483169
8800,10070.7775498456
8801,10041.5329253836
8802,10023.5667518646
8803,10048.634379413
8804,10029.5506948473
8805,10050.9711266948
8806,10061.9525405811
8807,10032.3214705544
8808,10038.6636215665
8809,10062.4833560956
8810,10035.9877412277
8811,10027.5285402695
8812,10034.0248157431
8813,10026.0835657699
8814,10075.5546594667
8815,10026.9753610799
8816,10081.9770977028
8817,5244.62224910151
8818,5205.44670587154
8819,5205.97518045029
8820,5230.29759443742
8821,5234.85792644172
8822,5207.39342176769
8823,5241.06189630576
8824,5216.97565490029
8825,5209.2712550482
8826,5238.81846154757
8827,5218.48581403819
8828,5216.01029599201
8829,5222.46836032045
8830,5202.33230692546
8831,5210.51108759783
8832,5200.19464355024
8833,5201.86800816576
8834,5203.35135461214
8835,5244.41430116754
8836,5201.04560519343
8837,5229.4737519245
8838,5246.77490399937
8839,5225.1348796706
8840,5218.46780096347
8841,5201.68908951181
8842,5201.77443932034
8843,5194.88544756781
8844,5198.39275527471
8845,5211.90253830865
8846,5214.81092558827
8847,5207.37329918465
8848,5214.63876471076
8849,5221.92785209689
8850,5199.82620393231
8851,5213.36548585442
8852,5199.61291562786
8853,5220.07073571219
8854,5220.6868306468
8855,5233.68269144006
8856,5198.4769431721
8857,5244.46446972013
8858,3026.64095688445
8859,2999.33221461677
8860,3013.41299505633
8861,3029.97436158484
8862,2995.35967849165
8863,3022.28463511007
8864,3031.83358049496
8865,3004.39383744714
8866,2994.99694106331
8867,2997.2487882205
8868,2995.4686400663
8869,3034.54419234765
8870,2999.61273084736
8871,3011.79465954602
8872,2993.87545567658
8873,3012.90523117696
8874,3020.74006498398
8875,3027.57622794618
8876,3031.6885750251
8877,2992.80930140801
8878,3008.51136265869
8879,3006.63148559152
8880,2999.33312425564
8881,3016.76347787324
8882,3002.09889075985
8883,2996.42837010687
8884,3004.09330529846
8885,2997.44182240268
8886,3000.96920718399
8887,2998.44357477209
8888,3000.05396093365
8889,2992.3453319404
8890,2996.44922613512
8891,3035.72226867472
8892,3035.18075911412
8893,3034.51478938503
8894,3002.22942795927
8895,2998.3443053602
8896,3021.39685466039
8897,3017.74624425492
8898,2996.30142111033
8899,6182.79677188719
8900,6179.9131601163
8901,6147.93151777941
8902,6175.08951408084
8903,6186.15717835988
8904,6148.76744223358
8905,6150.08646087226
8906,6160.41943532069
8907,6138.20796103964
8908,6144.74177929037
8909,6144.54864502514
8910,6162.99605409345
8911,6155.25061369349
8912,6145.74154024066
8913,6147.01729900622
8914,6135.3797267534
8915,6165.31336850405
8916,6147.40555485106
8917,6143.27394209566
8918,6140.59748748429
8919,6149.64853584839
8920,6151.72818770412
8921,6169.42132666517
8922,6149.39175431382
8923,6177.45584284535
8924,6139.3727448102
8925,6183.31329924644
8926,6146.6605602643
8927,6138.18751487162
8928,6183.17091853228
8929,6155.54007594943
8930,6142.97778009271
8931,6184.58857457726
8932,6164.39106815316
8933,6135.3600336957
8934,6148.49453729745
8935,6186.58631148303
8936,6147.70670542601
8937,6149.41722986855
8938,6182.55847603786
8939,6145.81436685029
8940,9401.13761226394
8941,9397.43089543368
8942,9353.07821335465
8943,9340.424211042
8944,9369.35492808796
8945,9354.27153638701
8946,9375.76180793342
8947,9400.88513438641
8948,9389.59694781231
8949,9361.4828267976
8950,9371.50810084954
8951,9382.23288345328
8952,9381.63817419629
8953,9361.3009150561
8954,9357.22633914126
8955,9349.16052057826
8956,9345.17129158192
8957,9343.66696793546
8958,9348.84090732412
8959,9340.61188177517
8960,9368.26234084405
8961,9349.67024954766
8962,9353.40666001427
8963,9356.14616173958
8964,9390.39690081716
8965,9354.78778269375
8966,9349.75432587504
8967,9351.70507317278
8968,9397.11832680694
8969,9358.36836458821
8970,9400.7533309175
8971,9341.75984045076
8972,9378.84100267741
8973,9344.09953950379
8974,9344.98265382482
8975,9353.83749826483
8976,9398.24079826748
8977,9392.93023762737
8978,9401.09589610379
8979,9364.26174581249
8980,9349.3255929297
8981,5449.94128444435
8982,5452.57129358833
8983,5445.27763864318
8984,5461.68460424861
8985,5443.62284607289
8986,5452.29897935066
8987,5447.53559388524
8988,5463.83863072835
8989,5451.983194269
8990,5446.72595780748
8991,5441.4520461919
8992,5445.8552760188
8993,5455.462046218
8994,5444.1800922053
8995,5445.56601991716
8996,5453.4420763547
8997,5454.01546295067
8998,5446.02892737737
8999,5449.20226031388
9000,5441.83600123597
9001,5450.48706818186
9002,5455.02366960651
9003,5457.96956755441
9004,5461.5321343056
9005,5447.55425987289
9006,5445.24227683943
9007,5448.01741785855
9008,5443.38261318728
9009,5451.51291338868
9010,5451.40977588944
9011,5455.55024336181
9012,5446.95319162624
9013,5459.23591448747
9014,5459.42542132329
9015,5448.24156801898
9016,5464.13232418574
9017,5455.12522412136
9018,5445.5426692212
9019,5461.76923123425
9020,5462.38829982389
9021,11452.0545488353
9022,11462.5358664288
9023,11452.7436805547
9024,11453.1489065145
9025,11464.6853370239
9026,11454.3506832896
9027,11429.9709453542
9028,11450.6052827615
9029,11450.2623508097
9030,11459.4203764693
9031,11452.6517224409
9032,11452.3309638655
9033,11439.5176606509
9034,11453.2869547003
9035,11451.057276039
9036,11435.4055698776
9037,11460.8615755574
9038,11450.0596841093
9039,11462.911260025
9040,11450.7481762629
9041,11449.725053848
9042,11447.2186725236
9043,11449.5860099995
9044,11456.5611928342
9045,11451.2273084385
9046,11434.6923925176
9047,11436.8475506636
9048,11450.756057093
9049,11464.1328917854
9050,11457.9110332815
9051,11451.2442555232
9052,11451.286601352
9053,11466.2909062789
9054,11429.1793957877
9055,11451.1124569766
9056,11456.1623539202
9057,11444.1787603459
9058,11430.9087341757
9059,11466.2828691991
9060,11467.0830478454
9061,11443.3311427919
9062,11447.8352224742
9063,11447.1241019271
9064,11439.5039932553
9065,11436.8818450585
9066,11451.2785030945
9067,11465.3058835198
9068,11464.3026590852
9069,19398.4741604454
9070,19435.6097432352
9071,19419.6069390489
9072,19395.6255350094
9073,19381.1470612475
9074,19414.0787767082
9075,19411.2526975113
9076,19378.8865605124
9077,19385.7613562056
9078,19381.0877021242
9079,19431.1879662101
9080,19416.3790693936
9081,19436.9356043763
9082,19401.6363370438
9083,19438.1611240206
9084,19398.8054353657
9085,19386.226937508
9086,19406.019013764
9087,19376.9712672907
9088,19380.2587394664
9089,19383.6731733907
9090,19390.6048872833
9091,19431.8901023812
9092,19385.6285409813
9093,19397.8040275079
9094,19444.0958712422
9095,19398.083272536
9096,19425.7982117189
9097,19387.1100291624
9098,19415.1972258865
9099,19390.2450200885
9100,19406.1581683447
9101,19442.618923218
9102,19416.9759783881
9103,19383.3386729229
9104,19376.8422170789
9105,19388.4329310076
9106,19441.4509751665
9107,19441.8480472981
9108,19392.0204860866
9109,19381.1218581687
9110,19412.7236658958
9111,19443.7130063909
9112,19438.3292318899
9113,19443.9742060392
9114,19374.893028303
9115,19392.8777210049
9116,19374.7583288431
9117,3591.63492820261
9118,3575.805370697
9119,3588.87132594689
9120,3583.41560500219
9121,3584.81844422454
9122,3589.26759931721
9123,3585.9349860298
9124,3588.93160141203
9125,3589.71259950879
9126,3584.76934186336
9127,3593.98293387102
9128,3592.94480929419
9129,3593.28262265567
9130,3591.61495257479
9131,3582.25235136897
9132,3591.58283024781
9133,3594.29906291704
9134,3592.5789673269
9135,3588.27849204766
9136,3586.23372203099
9137,3585.48961297962
9138,3588.24235875258
9139,3595.78971839891
9140,3593.67316457761
9141,3578.26863869739
9142,3589.72797641764
9143,3590.23950388112
9144,3588.97214737295
9145,3592.30178117383
9146,3596.27012867062
9147,3575.87881753529
9148,3594.82020537176
9149,3592.84117072826
9150,3595.52030994055
9151,3591.23777122014
9152,3585.49858985722
9153,3586.56614309137
9154,3590.77527354239
9155,3591.88179980094
9156,3591.30098441073
9157,4763.93008460928
9158,4786.4343053052
9159,4736.05405357446
9160,4743.43134724034
9161,4761.68207372633
9162,4772.6279784175
9163,4746.72535453867
9164,4726.11712914459
9165,4736.68329215424
9166,4777.38304671414
9167,4780.42426000858
9168,4766.14463423519
9169,4772.50832734095
9170,4752.74989056222
9171,4730.89032362936
9172,4789.53125731369
9173,4741.69180096441
9174,4745.88256770944
9175,4732.02325422071
9176,4750.75026096586
9177,4773.28185462194
9178,4781.25154884454
9179,4775.112543046
9180,4756.84893330725
9181,4748.31683379861
9182,4789.32317993688
9183,4752.48516103624
9184,4730.90136966491
9185,4752.9169069386
9186,4732.67969078129
9187,4758.43454553991
9188,4747.8975312319
9189,4742.27854565565
9190,4786.70856782323
9191,4734.85433522976
9192,4751.85263342275
9193,4785.35988504671
9194,4758.88496116863
9195,4785.18761788438
9196,4737.39601073999
9197,4732.46424663183
9198,8953.07528728341
9199,8954.84444770706
9200,8980.82515367599
9201,8962.90485246447
9202,8958.28414855393
9203,8977.96339346035
9204,8956.12244248506
9205,8972.46162190177
9206,8964.93141494261
9207,8965.06664749715
9208,8972.81137833942
9209,8953.27941491994
9210,8962.74977671962
9211,8987.89510382003
9212,8976.33865132832
9213,8955.77053587028
9214,8979.138323728
9215,8958.06012999175
9216,8951.31211238808
9217,8982.86821470397
9218,8951.51376680715
9219,8974.67253390611
9220,8959.28709204091
9221,8950.5259328039
9222,8961.69417020586
9223,8954.11401424677
9224,8985.24739047487
9225,8983.63340456881
9226,8982.21405467889
9227,8965.60349078523
9228,8961.7175964738
9229,8954.41775417463
9230,8951.61450387461
9231,8954.08423345805
9232,8959.46421031012
9233,8962.91502143815
9234,8984.61793297336
9235,8984.90726757033
9236,8950.17376286706
9237,8978.36341857837
9238,8979.57925355437
9239,4578.8817271509
9240,4609.09389289767
9241,4605.6433906083
9242,4581.05388583409
9243,4582.07368799777
9244,4620.93491645988
9245,4583.2732033141
9246,4587.17254268335
9247,4587.36382980841
9248,4600.45088125691
9249,4594.93628408292
9250,4611.16661921327
9251,4581.36306165664
9252,4595.9382242171
9253,4589.82702383922
9254,4594.60217924433
9255,4578.28306663515
9256,4580.9682182332
9257,4594.36317451666
9258,4580.6591179574
9259,4598.61467343379
9260,4590.4111478205
9261,4612.75203398696
9262,4614.24798256529
9263,4573.94886593109
9264,4605.81971228899
9265,4585.21655347109
9266,4585.05642794057
9267,4623.28627866813
9268,4617.40729644634
9269,4624.66001171581
9270,4621.86211128528
9271,4592.23197395716
9272,4582.86336978648
9273,4584.27419186645
9274,4621.98595912314
9275,4591.48558124436
9276,4591.33615036609
9277,4624.95566465871
9278,4586.96000830013
9279,4576.91870662546
9280,8559.47903308059
9281,8565.40181715877
9282,8569.87629723993
9283,8581.47249452562
9284,8587.63241468846
9285,8560.86861987144
9286,8590.72837339436
9287,8580.82858297491
9288,8570.9188012228
9289,8607.09396343623
9290,8573.54070322774
9291,8604.79275369047
9292,8599.06289988636
9293,8585.49143097149
9294,8578.27323173408
9295,8566.75425786068
9296,8580.5824544202
9297,8565.90646680491
9298,8570.16226952208
9299,8560.57999677172
9300,8565.77619004537
9301,8573.4222847451
9302,8574.93951941285
9303,8598.47842221183
9304,8576.65787368922
9305,8561.66341311786
9306,8589.66135833152
9307,8607.41407254414
9308,8559.06486969732
9309,8571.06057315464
9310,8562.7993421444
9311,8575.94747312574
9312,8565.15442106677
9313,8559.98478979283
9314,8567.17285965033
9315,8574.60649808872
9316,8567.29924037742
9317,8598.78863150011
9318,8570.23020259461
9319,8604.51205563391
9320,8606.97596843149
9321,5775.66322865605
9322,5748.40331988427
9323,5745.15087871801
9324,5769.81708763954
9325,5759.72176065576
9326,5789.41079297997
9327,5745.45287737575
9328,5761.55582541395
9329,5762.41142210317
9330,5743.99947601411
9331,5785.22550889514
9332,5756.22971209195
9333,5754.69711819334
9334,5778.51431575629
9335,5762.9403730066
9336,5770.40319978043
9337,5746.63395448126
9338,5761.6464662658
9339,5778.83329315247
9340,5760.45868208297
9341,5745.93609316543
9342,5753.69623889348
9343,5750.51149209432
9344,5756.23355644549
9345,5740.14558343422
9346,5751.37297025224
9347,5773.67100736935
9348,5790.54230564919
9349,5758.64723843003
9350,5747.61105884506
9351,5787.90040992816
9352,5788.46724999317
9353,5744.23276830051
9354,5781.88113748821
9355,5756.16433877548
9356,5758.46195497076
9357,5786.40471873773
9358,5748.6175807829
9359,5750.19711699448
9360,5743.89684797795
9361,5745.93978035322
9362,6631.46566204095
9363,6624.61581022922
9364,6623.06393835798
9365,6641.66753020626
9366,6616.70620368993
9367,6633.54697294747
9368,6637.13954708893
9369,6604.77475147496
9370,6622.21961869765
9371,6602.24845906202
9372,6601.87873218904
9373,6612.51526060385
9374,6618.03177909216
9375,6643.37129557647
9376,6652.14851640888
9377,6602.82844501227
9378,6608.60071574402
9379,6624.77291793223
9380,6607.77413664181
9381,6593.3508264459
9382,6603.6431471498
9383,6613.34052028903
9384,6616.127078212
9385,6597.85539775595
9386,6652.69912326244
9387,6606.47146362824
9388,6611.49251316131
9389,6600.36997427208
9390,6619.20400678998
9391,6611.15071782973
9392,6651.42352894266
9393,6606.97113092944
9394,6648.23910994342
9395,6638.56215631524
9396,6606.86426279114
9397,6617.63562248187
9398,6652.87387941625
9399,6602.24925665942
9400,6651.09879890623
9401,6646.74702967305
9402,6610.98314269461
9403,3620.89485336125
9404,3604.34400837222
9405,3598.02083787207
9406,3619.24346926229
9407,3617.49574350649
9408,3604.59783820532
9409,3616.96810884364
9410,3600.84142155773
9411,3599.58235154167
9412,3623.41418185799
9413,3600.90067766152
9414,3613.02148912893
9415,3610.97639598081
9416,3613.34852619332
9417,0
9418,0
9419,0
9420,0
9421,0
9422,0
9423,0
9424,0
9425,0
9426,0
9427,0
9428,0
9429,0
9430,0
9431,0
9432,0
9433,0
9434,0
9435,0
9436,0
9437,0
9438,0
9439,0
9440,0
9441,0
9442,0
9443,0
9444,0
9445,0
9446,0
9447,0
9448,0
9449,0
9450,0
9451,0
9452,0
9453,0
9454,0
9455,0
9456,0
9457,0
9458,0
9459,0
9460,0
9461,0
9462,0
9463,0
9464,0
9465,0
9466,0
9467,0
9468,0
9469,0
9470,0
9471,0
9472,0
9473,0
9474,0
9475,0
9476,0
9477,0
9478,0
9479,0
9480,0
9481,0
9482,0
9483,0
9484,0
9485,0
9486,0
9487,0
9488,0
9489,0
9490,0
9491,0
9492,0
9493,0
9494,0
9495,0
9496,0
9497,0
9498,0
9499,0
9500,0
9501,0
9502,0
9503,0
9504,0
9505,0
9506,0
9507,0
9508,3600.46724873183
9509,0
9510,0
9511,0
9512,0
9513,0
9514,0
9515,0
9516,0
9517,0
9518,0
9519,0
9520,0
9521,0
9522,0
9523,0
9524,0
9525,0
9526,0
9527,0
9528,0
9529,0
9530,0
9531,0
9532,0
9533,0
9534,0
9535,0
9536,0
9537,0
9538,0
9539,0
9540,0
9541,0
9542,0
9543,0
9544,0
9545,0
9546,0
9547,0
9548,0
9549,0
9550,0
9551,0
9552,0
9553,0
9554,0
9555,0
9556,0
9557,0
9558,0
9559,0
9560,0
9561,0
9562,0
9563,0
9564,0
9565,0
9566,0
9567,0
9568,0
9569,0
9570,0
9571,0
9572,0
9573,0
9574,0
9575,0
9576,3607.81342148398
9577,0
9578,0
9579,0
9580,0
9581,0
9582,0
9583,0
9584,0
9585,0
9586,0
9587,0
9588,0
9589,0
9590,0
9591,0
9592,0
9593,0
9594,0
9595,0
9596,0
9597,0
9598,0
9599,0
9600,0
9601,0
9602,0
9603,0
9604,0
9605,0
9606,0
9607,0
9608,0
9609,0
9610,0
9611,0
9612,0
9613,0
9614,0
9615,0
9616,0
9617,3606.38886096781
9618,3630.92062108446
9619,0
9620,0
9621,0
9622,0
9623,0
9624,0
9625,0
9626,3628.02813267538
9627,0
9628,0
9629,0
9630,0
9631,0
9632,0
9633,0
9634,0
9635,0
9636,0
9637,0
9638,0
9639,0
9640,0
9641,0
9642,0
9643,0
9644,0
9645,3610.01964708115
9646,0
9647,0
9648,0
9649,0
9650,0
9651,0
9652,0
9653,0
9654,0
9655,3630.41496597913
9656,0
9657,0
9658,0
9659,0
9660,0
9661,0
9662,0
9663,0
9664,0
9665,0
9666,0
9667,0
9668,0
9669,0
9670,0
9671,0
9672,0
9673,3625.35383580201
9674,0
9675,0
9676,0
9677,0
9678,0
9679,0
9680,0
9681,0
9682,0
9683,0
9684,0
9685,0
9686,0
9687,0
9688,0
9689,0
9690,3602.53271711469
9691,0
9692,0
9693,0
9694,0
9695,0
9696,0
9697,0
9698,0
9699,0
9700,0
9701,0
9702,0
9703,0
9704,0
9705,0
9706,0
9707,0
9708,0
9709,0
9710,0
9711,0
9712,0
9713,0
9714,0
9715,0
9716,0
9717,0
9718,0
9719,0
9720,0
9721,0
9722,0
9723,0
9724,0
9725,0
9726,0
9727,0
9728,0
9729,0
9730,0
9731,0
9732,0
9733,0
9734,0
9735,0
9736,0
9737,0
9738,0
9739,0
9740,0
9741,0
9742,0
9743,0
9744,0
9745,0
9746,0
9747,0
9748,0
9749,0
9750,0
9751,0
9752,3626.53406710177
9753,0
9754,0
9755,0
9756,0
9757,0
9758,0
9759,0
9760,0
9761,0
9762,0
9763,0
9764,0
9765,0
9766,3601.68097904955
9767,0
9768,0
9769,0
9770,0
9771,0
9772,0
9773,0
9774,0
9775,0
9776,0
9777,0
9778,0
9779,0
9780,0
9781,0
9782,0
9783,0
9784,0
9785,0
9786,0
9787,0
9788,0
9789,0
9790,0
9791,0
9792,0
9793,0
9794,0
9795,0
9796,0
9797,0
9798,0
9799,0
9800,0
9801,0
9802,0
9803,0
9804,0
9805,0
9806,0
9807,0
9808,0
9809,3615.47056993679
9810,0
9811,0
9812,0
9813,0
9814,0
9815,0
9816,0
9817,0
9818,0
9819,3612.42255911341
9820,0
9821,0
9822,0
9823,3600.13062214383
9824,0
9825,0
9826,0
9827,0
9828,0
9829,0
9830,0
9831,0
9832,0
9833,0
9834,0
9835,0
9836,0
9837,0
9838,0
9839,0
9840,0
9841,0
9842,0
9843,0
9844,0
9845,0
9846,0
9847,0
9848,0
9849,0
9850,3627.04570726348
9851,0
9852,0
9853,0
9854,0
9855,0
9856,0
9857,0
9858,0
9859,0
9860,0
9861,0
9862,0
9863,0
9864,3602.06703845439
9865,0
9866,0
9867,0
9868,0
9869,0
9870,0
9871,0
9872,0
9873,0
9874,0
9875,0
9876,0
9877,0
9878,0
9879,0
9880,0
9881,0
9882,0
9883,0
9884,0
9885,0
9886,0
9887,0
9888,0
9889,0
9890,0
9891,0
9892,0
9893,0
9894,0
9895,0
9896,0
9897,0
9898,0
9899,0
9900,0
9901,0
9902,0
9903,0
9904,0
9905,0
9906,0
9907,0
9908,0
9909,0
9910,0
9911,0
9912,0
9913,0
9914,0
9915,0
9916,0
9917,0
9918,0
9919,0
9920,0
9921,0
9922,0
9923,0
9924,0
9925,0
9926,0
9927,0
9928,0
9929,0
9930,0
9931,0
9932,0
9933,0
9934,0
9935,0
9936,0
9937,0
9938,0
9939,3621.16006537673
9940,0
9941,0
9942,0
9943,0
9944,0
9945,0
9946,0
9947,0
9948,0
9949,0
9950,0
9951,0
9952,0
9953,0
9954,0
9955,0
9956,0
9957,0
9958,0
9959,0
9960,0
9961,0
9962,0
9963,0
9964,0
9965,0
9966,0
9967,0
9968,0
9969,0
9970,0
9971,0
9972,0
9973,0
9974,0
9975,0
9976,0
9977,0
9978,0
9979,0
9980,0
9981,0
9982,0
9983,3606.7583355836
9984,3604.04900043191
9985,0
9986,0
9987,0
9988,0
9989,0
9990,0
9991,0
9992,0
9993,0
9994,0
9995,0
9996,0
9997,0
9998,0
9999,0
10000,0
10001,0
10002,0
10003,0
10004,0
10005,0
10006,0
10007,0
10008,0
10009,0
10010,0
10011,0
10012,3609.67751272486
10013,0
10014,0
10015,0
10016,0
10017,0
10018,0
10019,0
10020,0
10021,0
10022,0
10023,0
10024,0
10025,0
10026,0
10027,0
10028,0
10029,0
10030,0
10031,0
10032,0
10033,0
10034,0
10035,0
10036,0
10037,0
10038,0
10039,0
10040,0
10041,0
10042,0
10043,0
10044,0
10045,0
10046,0
10047,0
10048,0
10049,0
10050,0
10051,0
10052,0
10053,0
10054,0
10055,0
10056,0
10057,0
10058,0
10059,0
10060,0
10061,0
10062,0
10063,0
10064,0
10065,0
10066,0
10067,0
10068,0
10069,0
10070,0
10071,0
10072,0
10073,0
10074,0
10075,0
10076,0
10077,0
10078,0
10079,0
10080,0
10081,0
10082,3606.6141107555
10083,0
10084,0
10085,0
10086,3623.5618109254
10087,0
10088,0
10089,0
10090,0
10091,0
10092,0
10093,0
10094,0
10095,0
10096,0
10097,0
10098,0
10099,0
10100,0
10101,0
10102,0
10103,0
10104,0
10105,0
10106,0
10107,0
10108,0
10109,0
10110,0
10111,0
10112,0
10113,0
10114,0
10115,0
10116,0
10117,0
10118,0
10119,0
10120,0
10121,0
10122,0
10123,0
10124,0
10125,0
10126,0
10127,0
10128,0
10129,0
10130,0
10131,0
10132,0
10133,0
10134,0
10135,0
10136,0
10137,3618.7244696659
10138,0
10139,0
10140,0
10141,0
10142,0
10143,0
10144,0
10145,0
10146,0
10147,0
10148,0
10149,0
10150,0
10151,0
10152,3628.60019930338
10153,0
10154,0
10155,0
10156,0
10157,0
10158,0
10159,0
10160,0
10161,0
10162,0
10163,0
10164,0
10165,0
10166,0
10167,0
10168,0
10169,0
10170,0
10171,0
10172,0
10173,0
10174,0
10175,0
10176,0
10177,0
10178,0
10179,0
10180,0
10181,0
10182,0
10183,0
10184,0
10185,0
10186,0
10187,0
10188,0
10189,0
10190,0
10191,0
10192,0
10193,0
10194,0
10195,0
10196,0
10197,0
10198,0
10199,0
10200,0
10201,0
10202,0
10203,0
10204,0
10205,0
10206,0
10207,0
10208,0
10209,0
10210,0
10211,0
10212,0
10213,0
10214,0
10215,0
10216,3628.17724972471
10217,0
10218,0
10219,0
10220,0
10221,0
10222,0
10223,0
10224,0
10225,0
10226,0
10227,0
10228,0
10229,0
10230,0
10231,0
10232,0
10233,0
10234,0
10235,0
10236,0
10237,0
10238,0
10239,0
10240,0
10241,0
10242,0
10243,0
10244,0
10245,0
10246,0
10247,0
10248,0
10249,0
10250,0
10251,0
10252,0
10253,0
10254,0
10255,0
10256,0
10257,3622.43430335293
10258,3600.22240801882
10259,0
10260,0
10261,0
10262,0
10263,0
10264,0
10265,0
10266,0
10267,0
10268,0
10269,0
10270,0
10271,0
10272,0
10273,3614.70109320659
10274,3616.80727337084
10275,7206.56601603853
10276,7189.71468001168
10277,7189.28712604824
10278,7200.58120881085
10279,7194.07800573801
10280,7209.00095954739
10281,7194.91138944306
10282,7204.78160256631
10283,7199.842710974
10284,7195.88117081514
10285,7203.73584791561
10286,7216.04479672641
10287,7215.17878486655
10288,7189.74592804823
10289,7191.35109752634
10290,7193.97619486423
10291,7193.4863404135
10292,7197.44500449959
10293,7195.01088041474
10294,7193.70198923996
10295,7188.58217500717
10296,7189.26549797731
10297,7214.94059278776
10298,7189.10519906867
10299,7190.83645268022
10300,7212.76163356084
10301,7190.58054665965
10302,7215.01855327521
10303,7196.52886459489
10304,7186.25761711269
10305,7187.3933279019
10306,7209.88473984939
10307,7213.54903082893
10308,7215.78262714722
10309,7195.66773279395
10310,7193.40348421503
10311,7215.54681029742
10312,7196.58711507106
10313,7199.52800561691
10314,7193.32095637207
10315,6071.49635049399
10316,6056.56284763852
10317,6060.58709020537
10318,6067.03470455025
10319,6065.88555324406
10320,6073.0748294763
10321,6069.61716873302
10322,6067.56327417691
10323,6062.59462617036
10324,6060.94842097
10325,6061.35398345865
10326,6060.60790337834
10327,6067.54636490066
10328,6054.51037042152
10329,6072.53734491187
10330,6076.78764948857
10331,6067.10790509298
10332,6068.50348787161
10333,6054.79280412826
10334,6064.50185846924
10335,6057.912012341
10336,6063.42916117925
10337,6062.52134574159
10338,6075.24741362185
10339,6068.32629432567
10340,6060.72083067869
10341,6061.86964941937
10342,6069.47653660253
10343,6055.69577153405
10344,6068.94474609325
10345,6059.13043375661
10346,6077.92757635083
10347,6055.19181002658
10348,6078.97041543257
10349,6063.45515042822
10350,6075.41637378471
10351,6072.96399754739
10352,6076.77518645106
10353,6050.6503383678
10354,6060.18305855364
10355,6970.54129319753
10356,6971.89652591673
10357,6962.28783216536
10358,7009.20843760912
10359,7008.99141359152
10360,6986.42384319906
10361,6993.26419871358
10362,6974.9143125629
10363,6984.46327280268
10364,7009.32090239421
10365,6996.72279425683
10366,7002.0241454201
10367,6978.43694783699
10368,7022.60797435193
10369,6971.78083136324
10370,6983.61111928498
10371,6965.61025245926
10372,7023.18343238094
10373,6974.0553350045
10374,6998.7291156117
10375,7017.64818630266
10376,7022.02945193647
10377,6973.32003648758
10378,6977.17628281523
10379,6976.87779546424
10380,6976.13823613098
10381,6970.97507872602
10382,7019.67907765087
10383,6970.12336538633
10384,7024.79410112319
10385,6983.26286874558
10386,6990.7440825499
10387,6979.35241911482
10388,6971.30276160456
10389,6967.82737477155
10390,6962.79224136492
10391,7013.58772786289
10392,7003.68850547554
10393,6980.20568820439
10394,6959.1474321988
10395,6955.22884337023
10396,8356.03099370572
10397,8356.19641865129
10398,8352.80227062078
10399,8364.31458862206
10400,8355.2021056328
10401,8362.64674481123
10402,8357.91701180587
10403,8355.46521975299
10404,8356.42080548418
10405,8365.1674144741
10406,8368.9719934717
10407,8368.74845474795
10408,8350.62859989695
10409,8353.75030230876
10410,8360.02532501629
10411,8353.35015034571
10412,8352.16630295108
10413,8354.16438273754
10414,8369.24295371693
10415,8348.77531632586
10416,8353.55039852591
10417,8347.75772331062
10418,8352.01874625846
10419,8358.88360532682
10420,8354.66234406574
10421,8349.29104927913
10422,8347.91350389839
10423,8368.83567624437
10424,8356.47005630445
10425,8365.13338749504
10426,8356.32621918054
10427,8356.70828910434
10428,8363.11580016274
10429,8356.50238051789
10430,8351.69070815368
10431,8367.57048146724
10432,8356.31615150395
10433,8356.78472119383
10434,8366.96617726517
10435,8367.81308125393
10436,8361.24625828143
10437,6085.76981656658
10438,6092.92044749428
10439,6081.93438106173
10440,6083.12537098929
10441,6092.89490129714
10442,6078.47045898574
10443,6096.27019765992
10444,6080.3258271036
10445,6080.26637081065
10446,6115.1135040627
10447,6111.52725483967
10448,6085.10128624035
10449,6105.42775719726
10450,6074.47652437931
10451,6099.98253318728
10452,6086.92212495568
10453,6085.02037267939
10454,6112.67841403533
10455,6080.68173445193
10456,6069.92304904446
10457,6089.33365514558
10458,6084.16616801896
10459,6107.51024474728
10460,6079.97433779822
10461,6111.98649755376
10462,6093.26674067344
10463,6080.22989936843
10464,6083.11452906299
10465,6115.15328732291
10466,6086.36973727022
10467,6084.06865687712
10468,6109.75567851022
10469,6068.24281378976
10470,6067.69761010776
10471,6111.70180818239
10472,6068.75821913037
10473,6112.69217139509
10474,6071.62381456896
10475,6086.28377692223
10476,6074.40243193919
10477,6082.5429340611
10478,5712.16201981991
10479,5720.69966061183
10480,5723.79221236216
10481,5731.40722968942
10482,5716.87411028054
10483,5731.05842049965
10484,5724.08346355016
10485,5721.98284036668
10486,5725.12083022726
10487,5721.26131795105
10488,5748.12616175869
10489,5712.01305264798
10490,5720.40570839365
10491,5738.95256941296
10492,5743.94808470109
10493,5719.66274560484
10494,5755.61904054545
10495,5758.17081265882
10496,5752.80109104879
10497,5713.78010153763
10498,5727.7975562613
10499,5728.94069991125
10500,5720.82098213027
10501,5713.71961182698
10502,5753.14749894574
10503,5736.9550570499
10504,5756.56767369822
10505,5733.92386306537
10506,5723.50113749842
10507,5723.89527556254
10508,5719.94047606548
10509,5755.62123915814
10510,5751.44867041172
10511,5751.93499362011
10512,5722.31828009285
10513,5712.21828141756
10514,5758.49731257342
10515,5714.91863992768
10516,5717.11942803642
10517,5718.96481794076
10518,5727.48928773576
10519,6978.45915845239
10520,6969.24002697985
10521,6969.60446754699
10522,6964.57699087046
10523,6963.83825887121
10524,6960.72603443154
10525,6964.09045016099
10526,6986.11233273021
10527,6987.90799375621
10528,6962.03118220634
10529,6962.36834600675
10530,6965.00197009801
10531,6962.00222731213
10532,6986.89076194257
10533,6954.47071946415
10534,6987.78238860216
10535,6962.88731942413
10536,6984.67313325808
10537,6964.83153887719
10538,6955.71640170916
10539,6966.64931128533
10540,6965.5181022831
10541,6981.49539929632
10542,6985.84483566497
10543,6955.31738567574
10544,6982.49303068483
10545,6958.53322343648
10546,6954.97858731679
10547,6963.51513091161
10548,6958.46447887288
10549,6987.29205178191
10550,6961.83313844053
10551,6972.37746719699
10552,6973.77282106758
10553,6966.17475004569
10554,6964.4339983347
10555,6964.35362518002
10556,6984.9716253996
10557,6975.4210840134
10558,6956.91314956341
10559,5367.90655079936
10560,5354.04382709322
10561,5367.21251976251
10562,5365.92439424439
10563,5367.53290378195
10564,5360.12210402944
10565,5360.51799185536
10566,5353.21555521612
10567,5372.10602281845
10568,5373.67491707714
10569,5362.76821508142
10570,5355.94198241021
10571,5355.23717043241
10572,5368.62451227214
10573,5359.55526800606
10574,5356.44168887212
10575,5371.64285043731
10576,5366.12523292172
10577,5373.88751634127
10578,5360.39111668299
10579,5363.85332367072
10580,5357.38026977013
10581,5353.70143013063
10582,5370.55567987307
10583,5364.07966872777
10584,5368.03531130683
10585,5363.93172013218
10586,5356.28599679216
10587,5367.60423866631
10588,5356.23067301376
10589,5374.30473039659
10590,5352.65339188041
10591,5372.52780086295
10592,5361.85977224976
10593,5374.31863668696
10594,5359.6497724594
10595,5358.01177383849
10596,5361.85334723834
10597,5351.8598478628
10598,5365.37700570557
10599,5095.57869148547
10600,5098.7495837859
10601,5091.09354356552
10602,5115.85240200883
10603,5090.91399046145
10604,5091.05345027568
10605,5104.6422023218
10606,5093.46095080503
10607,5090.9190128198
10608,5081.22673194824
10609,5096.57314243609
10610,5078.03170869793
10611,5091.73781306044
10612,5083.81710902698
10613,5117.65209104348
10614,5114.64625893711
10615,5100.92600577355
10616,5119.77975339112
10617,5086.83981576718
10618,5086.20944318074
10619,5092.05899633291
10620,5090.49365672718
10621,5084.05526379359
10622,5090.58430681286
10623,5090.53011652676
10624,5077.38034066532
10625,5093.7233883662
10626,5112.10008720721
10627,5095.57949505793
10628,5091.26041802313
10629,5089.49001378099
10630,5119.55938569292
10631,5089.77341714021
10632,5119.54952603348
10633,5091.6853968695
10634,5118.23983217612
10635,5097.45960948478
10636,5114.8242969159
10637,5092.73238647642
10638,5082.80255984705
10639,5108.3891186991
10640,8086.5228083635
10641,8092.63952477733
10642,8087.37299577575
10643,8096.14655462567
10644,8085.20724787165
10645,8083.14188501367
10646,8089.81762525998
10647,8083.48229254908
10648,8082.12256917314
10649,8080.43623490577
10650,8089.32722347632
10651,8076.92478602986
10652,8077.0371754369
10653,8080.40790709362
10654,8094.80910346406
10655,8073.23239830885
10656,8082.73857269939
10657,8084.15953053533
10658,8096.83230611311
10659,8077.02675810759
10660,8080.66969506365
10661,8098.36499813771
10662,8074.59246306138
10663,8096.31369882076
10664,8079.26077321097
10665,8081.62177634878
10666,8074.20257473649
10667,8084.2736429409
10668,8082.05429652621
10669,8082.55196447679
10670,8080.86348113205
10671,8081.69174676385
10672,8096.24474249671
10673,8081.64352811059
10674,8076.5900081562
10675,8092.43840353097
10676,8078.02059935316
10677,8094.93462217184
10678,8074.40553457901
10679,8074.05251584449
10680,5319.30827477437
10681,5319.96421415865
10682,5325.08360151274
10683,5327.30554243403
10684,5328.00900141697
10685,5337.09710352867
10686,5323.96657847228
10687,5335.13962287617
10688,5329.03090809948
10689,5344.39841097365
10690,5327.50332156307
10691,5324.64523625727
10692,5329.34976188137
10693,5329.80133282525
10694,5344.90859482285
10695,5322.62268610107
10696,5322.06494190756
10697,5328.4829072926
10698,5319.41612474479
10699,5342.35360773766
10700,5325.55496293655
10701,5324.03881833208
10702,5326.10334309657
10703,5322.03897209974
10704,5343.87528346742
10705,5342.68208323134
10706,5323.18468012293
10707,5321.88474903842
10708,5344.89763218003
10709,5334.17170336505
10710,5320.38037250402
10711,5327.87944261819
10712,5316.15915357373
10713,5341.45630313161
10714,5331.04659862502
10715,5321.96720220433
10716,5328.62130476552
10717,5338.50790846933
10718,5334.07145955068
10719,5345.71870240831
10720,6131.89789356991
10721,6143.58161000382
10722,6128.7113648227
10723,6133.67125907693
10724,6147.88441350973
10725,6136.6989465718
10726,6128.98432486402
10727,6135.6596423321
10728,6135.73456739358
10729,6134.40471825574
10730,6148.35785097117
10731,6132.99386015595
10732,6139.15429296655
10733,6160.39915395654
10734,6134.2358070595
10735,6166.91020043477
10736,6131.79282750233
10737,6129.4410335356
10738,6138.34190082977
10739,6127.79893885426
10740,6125.73132384041
10741,6162.6383271566
10742,6131.71449009017
10743,6166.15774930134
10744,6128.71799659954
10745,6129.46475496477
10746,6134.40303808787
10747,6155.26208921914
10748,6167.13774233998
10749,6167.5875188419
10750,6131.33955215248
10751,6134.86969425741
10752,6164.53811250201
10753,6129.38308974221
10754,6160.48824513965
10755,6152.66587875628
10756,6164.89260925925
10757,6129.67044603119
10758,6167.15714015492
10759,6148.45058084752
10760,6138.20215114113
10761,6615.48342408695
10762,6613.42315517928
10763,6600.94403235345
10764,6605.95322779633
10765,6633.82830991922
10766,6603.80356692746
10767,6611.36260425067
10768,6608.69033451406
10769,6594.71043032037
10770,6621.7322365492
10771,6602.50079279102
10772,6600.40729794141
10773,6614.50589448699
10774,6608.2421969131
10775,6628.37121872888
10776,6607.7834964087
10777,6604.25178729918
10778,6613.71706254779
10779,6625.43099442537
10780,6601.39312971223
10781,6601.60476112145
10782,6625.09569424156
10783,6615.9875190771
10784,6619.0202571532
10785,6599.59084957148
10786,6643.2963954779
10787,6636.61971799821
10788,6646.62498447533
10789,6646.61538070767
10790,6648.54967397008
10791,6637.56608787779
10792,6605.42048151985
10793,6600.2263178041
10794,6646.44562202068
10795,6611.98673478339
10796,6611.28716194043
10797,6641.45327331615
10798,6631.88707132751
10799,6618.18651256786
10800,6603.41149601467
10801,6602.76887339465
10802,5684.47481825916
10803,5687.4379837379
10804,5690.73818781924
10805,5688.14328886927
10806,5680.5188277989
10807,5691.45493570143
10808,5704.25635556041
10809,5693.80145355992
10810,5706.98834528382
10811,5694.8910549173
10812,5699.50452022202
10813,5695.23321246361
10814,5689.36573105976
10815,5700.58409684855
10816,5705.36925603104
10817,5711.46438844479
10818,5684.92995364395
10819,5702.43431090343
10820,5700.65647369469
10821,5720.475837085
10822,5689.76726837048
10823,5702.45813183084
10824,5682.43108059904
10825,5688.50748951575
10826,5682.04914217078
10827,5713.41262739489
10828,5710.25657176044
10829,5680.77110141832
10830,5719.7897099979
10831,5724.07204224001
10832,5705.93155529283
10833,5690.37973210175
10834,5698.16293607033
10835,5723.31706182937
10836,5711.97134900884
10837,5704.07253161476
10838,5718.28374014252
10839,5718.91909046888
10840,5693.95521278613
10841,5698.36463219547
10842,5688.13515641898
10843,5056.1409734126
10844,5065.87092042396
10845,5051.55291819223
10846,5042.78295754607
10847,5058.18149907899
10848,5048.04435602294
10849,5043.20080881232
10850,5059.17287801864
10851,5056.86215158567
10852,5055.23677794929
10853,5074.23447204478
10854,5057.99898511199
10855,5048.86913496888
10856,5069.07248764146
10857,5060.18272924288
10858,5050.25976455017
10859,5059.2151939129
10860,5042.79704555727
10861,5046.43776407545
10862,5079.1135361696
10863,5068.10428890639
10864,5052.44287911425
10865,5047.9026658002
10866,5072.24450615075
10867,5062.81746921307
10868,5061.24642498024
10869,5053.41365017022
10870,5070.79921277568
10871,5047.11441071559
10872,5044.86948056003
10873,5078.50282583918
10874,5061.30039704601
10875,5056.79860117751
10876,5048.52865094937
10877,5078.66219619783
10878,5077.40461588251
10879,5076.19668581881
10880,5080.03891095532
10881,5079.59030902937
10882,5058.46090782304
10883,5043.93099056541
10884,6660.72946987323
10885,6668.78310208725
10886,6664.18356119712
10887,6696.33018523703
10888,6665.51418916137
10889,6667.32963341684
10890,6660.98395014463
10891,6664.84901627251
10892,6652.66467407255
10893,6671.64207769227
10894,6662.55607566947
10895,6659.89879959281
10896,6679.39990763989
10897,6687.4730579472
10898,6658.66903323735
10899,6699.24096186938
10900,6681.97612866827
10901,6654.35012163598
10902,6668.41638604951
10903,6661.33652885227
10904,6672.13106988224
10905,6655.50292164578
10906,6663.56006634781
10907,6676.21766331519
10908,6665.09361850331
10909,6666.27834573729
10910,6685.47486644677
10911,6698.17516421353
10912,6679.34116299679
10913,6694.27164268731
10914,6657.66687904382
10915,6653.39773435907
10916,6689.83297191685
10917,6663.0585601756
10918,6695.87889524147
10919,6651.35486230816
10920,6687.12356322775
10921,6694.10109991018
10922,6660.52871305412
10923,6661.14844298079
10924,6662.18382854365
10925,6553.88759340544
10926,6553.59292765561
10927,6533.99107359455
10928,6537.37608856317
10929,6563.27888605907
10930,6566.75374974671
10931,6539.68293177389
10932,6530.92642312986
10933,6524.5218829657
10934,6523.32663079509
10935,6528.66697158492
10936,6528.93273077449
10937,6565.99871938652
10938,6537.50064279686
10939,6534.02105811156
10940,6531.37213024103
10941,6527.56430813787
10942,6525.94359162316
10943,6537.96713170658
10944,6525.04219847785
10945,6547.47198193023
10946,6544.99411829623
10947,6551.36073199721
10948,6525.53163541201
10949,6545.28222882105
10950,6562.48118771275
10951,6522.57574545264
10952,6561.01701904641
10953,6521.0467894593
10954,6527.32616791326
10955,6541.77756773124
10956,6555.96005433184
10957,6544.84622909693
10958,6522.23264055057
10959,6544.65951200306
10960,6561.47662691067
10961,6535.37699810548
10962,6532.17520185415
10963,6525.24999141965
10964,6539.26902177666
10965,6540.75821755505
10966,8231.75804110503
10967,8217.76629032758
10968,8231.6313601782
10969,8225.48609781504
10970,8219.15997304838
10971,8228.10473546844
10972,8230.57270674307
10973,8224.50874527086
10974,8233.14124861217
10975,8224.17435373251
10976,8213.61600383992
10977,8232.63094464924
10978,8224.57047625449
10979,8211.22080438045
10980,8226.25000414282
10981,8232.29273114104
10982,8220.99240803503
10983,8209.87671940672
10984,8222.54975565816
10985,8226.57212687864
10986,8219.43412320221
10987,8208.0017860861
10988,8208.88407690864
10989,8224.78981890811
10990,8223.80321466512
10991,8220.66648338909
10992,8233.03767697551
10993,8213.5524381061
10994,8225.17190431263
10995,8224.25453715857
10996,8231.97657064372
10997,8225.54259182325
10998,8233.58549170758
10999,8228.82894448797
11000,8223.27787067384
11001,8231.18306586918
11002,8224.67834247462
11003,8228.55716048305
11004,8225.75825316125
11005,8207.6667491399
11006,5900.61290345279
11007,5896.04569158559
11008,5891.65111376517
11009,5894.15656533166
11010,5889.02558035127
11011,5895.06222365085
11012,5889.48044313555
11013,5894.59628086312
11014,5895.7746597059
11015,5885.36172656987
11016,5896.79893894752
11017,5887.40518675017
11018,5903.55836262683
11019,5892.97863315588
11020,5893.34094394888
11021,5887.43205064066
11022,5892.72323144965
11023,5897.00657287055
11024,5894.33919960912
11025,5898.97519209098
11026,5902.93353688727
11027,5891.90469269517
11028,5901.45232470555
11029,5893.17853897594
11030,5895.85965056937
11031,5904.14844989612
11032,5892.10323767103
11033,5896.51683097055
11034,5896.28806046173
11035,5896.76355303714
11036,5903.28641633305
11037,5890.82591270845
11038,5897.41473296838
11039,5896.62466436821
11040,5893.51993602827
11041,5895.74540405011
11042,5901.45786938359
11043,5892.0200240952
11044,5900.04081479788
11045,5887.84740292714
11046,5903.55474278258
11047,5889.70576397797
11048,5894.43412744423
11049,5885.56118466082
11050,5896.12641575377
11051,5891.88011623388
11052,5895.12737381944
11053,5888.18262410915
11054,6896.72524484972
11055,6896.25814564468
11056,6874.09481269016
11057,6895.85661145499
11058,6874.94349505623
11059,6877.77097366837
11060,6865.27609912891
11061,6865.17296894514
11062,6883.54544815792
11063,6871.7945710686
11064,6894.70354263124
11065,6876.21654198176
11066,6877.23418029121
11067,6881.91332235203
11068,6871.68437515675
11069,6874.10744096408
11070,6877.61805274672
11071,6880.61645323668
11072,6893.75463147332
11073,6877.51133157483
11074,6890.468407806
11075,6896.36366364218
11076,6873.49825983215
11077,6895.7763056283
11078,6876.66708002051
11079,6870.12529850185
11080,6867.53222198996
11081,6872.2290169788
11082,6876.27402826444
11083,6874.6181081119
11084,6886.71318455908
11085,6880.34782241529
11086,6894.43071429281
11087,6874.35692201295
11088,6872.28611191328
11089,6877.36374308541
11090,6890.87470827251
11091,6868.61210016103
11092,6871.49300639713
11093,6883.03427388176
11094,6875.25132837846
11095,5453.89958914374
11096,5430.14933850709
11097,5420.46733022825
11098,5452.99596401037
11099,5431.70423549864
11100,5439.19966501634
11101,5458.4117182121
11102,5460.04822246555
11103,5431.63681147544
11104,5438.23662042133
11105,5457.69009532019
11106,5425.09384668578
11107,5431.35159907378
11108,5432.05209618179
11109,5420.73570621225
11110,5436.34759841717
11111,5434.75347538342
11112,5429.1986568362
11113,5422.21183448865
11114,5459.46653326686
11115,5460.55431606013
11116,5453.04686808566
11117,5427.85924961682
11118,5424.80043329379
11119,5435.29333951279
11120,5422.14073297534
11121,5441.09379765754
11122,5420.7797570274
11123,5432.33775765664
11124,5435.12177673424
11125,5433.71993271212
11126,5420.8684403956
11127,5443.83978995036
11128,5446.32726112665
11129,5427.25204466169
11130,5446.32052517508
11131,5452.22648212201
11132,5423.76155212448
11133,5438.88206179689
11134,5437.53850815715
11135,5433.55871856341
11136,3719.09298001455
11137,3755.25983492489
11138,3722.53624688157
11139,3753.47837175754
11140,3724.43903783603
11141,3737.46672103249
11142,3753.76994562395
11143,3724.70631270178
11144,3738.85480010092
11145,3717.69156149398
11146,3717.44083890472
11147,3721.83402824862
11148,3749.89917380792
11149,3736.24085949955
11150,3722.91524035659
11151,3755.07772902663
11152,3731.22549927904
11153,3755.83599450455
11154,3741.57176568259
11155,3752.20844618012
11156,3723.85941429229
11157,3728.92825022375
11158,3716.90636002769
11159,3720.51706093815
11160,3724.57984889562
11161,3724.15650208777
11162,3715.46306287613
11163,3717.3800068759
11164,3723.18774877431
11165,3723.5716286928
11166,3727.95990617057
11167,3725.63197862774
11168,3753.22531224721
11169,3721.10351317102
11170,3743.32835717724
11171,3746.74057643795
11172,3750.14178403582
11173,3731.03242482074
11174,3734.04536102852
11175,3728.05265739066
11176,3721.60220437695
11177,5860.786312915
11178,5875.11119704254
11179,5891.22399509201
11180,5866.42667843187
11181,5898.37626332742
11182,5893.18167211547
11183,5857.21904389569
11184,5899.29951850226
11185,5858.49961526197
11186,5859.11327560063
11187,5853.11895147862
11188,5868.81201641353
11189,5867.89136081099
11190,5864.00392226466
11191,5900.46862706247
11192,5850.64431446205
11193,5876.17988671939
11194,5898.7375005723
11195,5847.76332439734
11196,5900.03986543499
11197,5853.68990975269
11198,5848.92850817288
11199,5864.47239182505
11200,5853.51077998542
11201,5884.05429023822
11202,5849.06177958812
11203,5885.68805813457
11204,5850.42603221789
11205,5893.71801498116
11206,5854.00759580098
11207,5861.94735699088
11208,5859.35480102276
11209,5864.7766696674
11210,5864.84013430025
11211,5874.55727345352
11212,5872.09493201504
11213,5853.92925722168
11214,5854.37081633923
11215,5856.97948832727
11216,5866.72293089461
11217,5881.42347799644
11218,6861.72160202663
11219,6824.22342652637
11220,6866.85285163787
11221,6819.22100347753
11222,6821.76264072513
11223,6814.8793865766
11224,6825.01064044877
11225,6837.87688134059
11226,6804.21215756218
11227,6836.5540124486
11228,6834.28354071347
11229,6867.12791381917
11230,6830.01590154288
11231,6858.13108799333
11232,6852.70429994483
11233,6828.63218569401
11234,6871.54281197725
11235,6830.36835343956
11236,6809.34976488844
11237,6828.75532523685
11238,6812.24089764068
11239,6849.97554900656
11240,6868.60274744977
11241,6817.98963850916
11242,6843.4342231399
11243,6867.41002415385
11244,6814.85451951129
11245,6835.57510475895
11246,6820.85501553777
11247,6812.17269511628
11248,6842.85529881048
11249,6823.79634903128
11250,6814.78123828978
11251,6838.27160840284
11252,6851.07584044923
11253,6872.06997737044
11254,6834.3838471864
11255,6840.37843518955
11256,6859.45653242559
11257,6825.28329651251
11258,6857.14658609027
11259,5109.28607520743
11260,5090.81950093994
11261,5083.39468660961
11262,5080.97385257324
11263,5087.05288700542
11264,5084.77847649396
11265,5090.50578534822
11266,5078.16503822276
11267,5111.19188416303
11268,5105.62065909582
11269,5084.44713217416
11270,5081.22923456446
11271,5078.2233740092
11272,5077.15584929439
11273,5109.66756981858
11274,5109.45284021051
11275,5103.88256893488
11276,5111.32792207336
11277,5081.81491237639
11278,5082.50439829799
11279,5088.13080165462
11280,5103.60271283689
11281,5073.76870404442
11282,5077.65474279014
11283,5075.03829842728
11284,5094.24988014142
11285,5081.68098664136
11286,5084.30675063438
11287,5079.4925264927
11288,5109.48893593799
11289,5084.13864496871
11290,5082.96512921454
11291,5086.1872338609
11292,5082.28314304839
11293,5086.94314124768
11294,5097.65487967309
11295,5093.87905158842
11296,5107.44860913306
11297,5101.00362447292
11298,5099.53122513935
11299,5094.41024025441
11300,4334.42182942753
11301,4341.15945073794
11302,4345.92557025241
11303,4332.17433341363
11304,4335.2078836801
11305,4333.2562513549
11306,4346.73861373489
11307,4335.7976214279
11308,4350.00828329236
11309,4355.00130749653
11310,4344.19238829255
11311,4347.22595702316
11312,4331.46123794692
11313,4337.65777438917
11314,4341.76386760176
11315,4334.02793003353
11316,4327.16037406344
11317,4355.83784012552
11318,4331.52290057819
11319,4331.34196030939
11320,4344.27079147044
11321,4341.70641420024
11322,4351.94496329889
11323,4340.28769237173
11324,4344.97743417643
11325,4344.2653438941
11326,4337.74989024497
11327,4331.7006678561
11328,4342.10206542226
11329,4338.76109970381
11330,4335.31882734412
11331,4341.7258568465
11332,4345.61902913289
11333,4351.81692261748
11334,4351.80437235621
11335,4330.91374735834
11336,4332.7934721851
11337,4341.82448516262
11338,4347.04719853465
11339,4348.67278637163
11340,8823.87892146771
11341,8820.36108206416
11342,8838.43274558017
11343,8864.13386791243
11344,8872.05222515104
11345,8819.69549939346
11346,8823.61432539764
11347,8868.03242473196
11348,8840.47088050417
11349,8814.58729547299
11350,8834.3904571718
11351,8839.16236016484
11352,8822.89153968247
11353,8829.10422850093
11354,8833.78859382369
11355,8829.89991896701
11356,8832.82863922597
11357,8830.70867114992
11358,8818.29384180216
11359,8818.40451817376
11360,8873.37267712285
11361,8860.50777368307
11362,8824.97383441982
11363,8874.53823656036
11364,8874.12678479327
11365,8837.65037791579
11366,8824.0913512254
11367,8854.3743259911
11368,8860.06119067301
11369,8847.47170474104
11370,8844.19623241283
11371,8837.79414864766
11372,8820.21363530761
11373,8828.28725337006
11374,8836.60727144036
11375,8845.93672931506
11376,8856.07288159438
11377,8833.83414613273
11378,8864.4530724272
11379,8871.93507398437
11380,8870.50962430554
11381,6426.82166074445
11382,6381.49949822596
11383,6420.01002926516
11384,6427.03399824047
11385,6383.54719998602
11386,6423.52105574816
11387,6423.10388943928
11388,6382.54102820106
11389,6391.55793659411
11390,6384.77004347825
11391,6391.41853386993
11392,6377.98287472658
11393,6386.43345738032
11394,6389.92065130084
11395,6387.06035021956
11396,6378.27673181236
11397,6425.70934949403
11398,6397.84955656568
11399,6390.05688664283
11400,6380.9370221135
11401,6387.49273151474
11402,6399.45033757317
11403,6383.98119742624
11404,6383.27698918545
11405,6392.27431029973
11406,6414.83472295639
11407,6396.97684514077
11408,6409.16805076941
11409,6379.60118138312
11410,6378.3403924176
11411,6417.07385870084
11412,6426.90337179867
11413,6392.55169734362
11414,6403.45405787929
11415,6408.77764781453
11416,6381.16813481413
11417,6396.6641405125
11418,6394.88298068682
11419,6393.50132339851
11420,6427.87833976578
11421,6380.10878592332
11422,8248.74893216131
11423,8255.95662549889
11424,8221.80889042006
11425,8230.35196133655
11426,8229.24381011111
11427,8215.8366747104
11428,8254.44631258223
11429,8206.77556358341
11430,8218.19717802846
11431,8217.71378291729
11432,8198.68767284981
11433,8220.40414823548
11434,8255.78963012841
11435,8238.78673188972
11436,8260.29802077105
11437,8225.07331811818
11438,8226.53847044519
11439,8214.23461194103
11440,8212.28360957123
11441,8215.76465386993
11442,8226.13024522034
11443,8233.09557335761
11444,8241.85681019182
11445,8213.40693471204
11446,8219.36089775376
11447,8233.67636676611
11448,8260.11447540069
11449,8244.41764522776
11450,8256.86253682501
11451,8230.96270127147
11452,8230.90903241072
11453,8230.96780174301
11454,8237.12614614672
11455,8211.55568607552
11456,8248.36424643484
11457,8226.96069851712
11458,8196.37339882127
11459,8206.15661074596
11460,8236.43246499687
11461,8238.73175446429
11462,8213.00854876989
11463,8212.80850239948
11464,8213.81532828537
11465,8209.40873033394
11466,8249.73682143408
11467,8221.95750379797
11468,8237.18126508019
11469,8215.06368559802
11470,6382.03146876324
11471,6423.31882182242
11472,6385.33907811749
11473,6372.38300344864
11474,6420.97871293388
11475,6413.66519442355
11476,6389.42994964095
11477,6426.92043905647
11478,6433.38498243569
11479,6385.31593840581
11480,6384.8386527497
11481,6375.72836032863
11482,6417.43238264244
11483,6384.50967184007
11484,6388.31861201596
11485,6409.84937838643
11486,6407.92405820673
11487,6390.97991753419
11488,6375.48511667323
11489,6378.08759272163
11490,6395.61167939094
11491,6431.48770824335
11492,6397.28469792305
11493,6415.79223397521
11494,6382.40929025564
11495,6406.05213396966
11496,6429.24334064719
11497,6389.13093158663
11498,6429.9085699385
11499,6375.27989124733
11500,6386.05857728464
11501,6391.71899579695
11502,6432.50420331599
11503,6377.75348980646
11504,6379.78883530292
11505,6389.14497776536
11506,6394.9886074504
11507,6396.91705516282
11508,6393.02828592108
11509,6393.54561242457
11510,6398.36774798194
11511,5160.4784202139
11512,5191.19455191982
11513,5187.90373222389
11514,5158.858641425
11515,5167.83825540717
11516,5155.6724274578
11517,5202.03992114118
11518,5200.80353132558
11519,5160.00905928645
11520,5171.11968833163
11521,5169.58794019222
11522,5161.97437531369
11523,5161.42802076478
11524,5172.99771850774
11525,5169.05208201388
11526,5172.69131875967
11527,5195.41240401018
11528,5171.25849484192
11529,5159.8225951422
11530,5197.77245307961
11531,5161.15082040427
11532,5175.77675861963
11533,5172.09035695091
11534,5163.95725781752
11535,5199.44580535187
11536,5201.54577797307
11537,5171.70802230405
11538,5181.03305321501
11539,5173.61445590564
11540,5158.49382283953
11541,5167.18142038556
11542,5163.53485925572
11543,5191.27068391858
11544,5157.03427036785
11545,5164.6023909768
11546,5186.41134570198
11547,5183.30370881606
11548,5157.21854157196
11549,5199.39778995135
11550,5174.84989729762
11551,5164.29585030864
11552,4902.61121516673
11553,4911.0342467688
11554,4924.48718603789
11555,4893.07792164983
11556,4898.59667242472
11557,4907.77002423946
11558,4905.84075341357
11559,4904.04340864179
11560,4909.58692009911
11561,4904.85815758586
11562,4919.16975037345
11563,4911.46650290665
11564,4894.00210475396
11565,4902.62967626202
11566,4891.80080606606
11567,4942.43983574888
11568,4941.01650106302
11569,4898.13812528437
11570,4932.91391725222
11571,4912.9660413006
11572,4912.41116159031
11573,4904.01600622441
11574,4939.1429518263
11575,4943.33109950057
11576,4910.89696098264
11577,4911.54893312349
11578,4926.56654598465
11579,4891.3986577736
11580,4896.90189050947
11581,4907.31349996248
11582,4903.08247580087
11583,4935.58805068807
11584,4927.73589827007
11585,4933.58910981203
11586,4910.69999736111
11587,4908.17174143386
11588,4927.63048864968
11589,4911.73432588143
11590,4942.1873968779
11591,4918.74553271479
11592,4911.06626526823
11593,4201.85412727572
11594,4221.55853747527
11595,4235.7076308852
11596,4222.69429888903
11597,4212.78953738277
11598,4232.11198693825
11599,4230.25529823488
11600,4241.86578488168
11601,4224.39758615395
11602,4248.03999513719
11603,4210.55987375359
11604,4227.76085598254
11605,4205.66493833377
11606,4242.77004393867
11607,4198.00974962799
11608,4218.1082074177
11609,4210.75329539167
11610,4209.02672839989
11611,4215.39205084157
11612,4252.66211356207
11613,4236.62974976406
11614,4217.52813985579
11615,4244.38833772112
11616,4249.09627014851
11617,4219.57150850587
11618,4205.95694346231
11619,4213.61527198969
11620,4237.11920104684
11621,4233.85948581825
11622,4250.33541919024
11623,4249.53534516473
11624,4210.85218102056
11625,4223.0101815273
11626,4217.83657618779
11627,4212.60751300261
11628,4215.88529412662
11629,4216.59105376521
11630,4210.99695652165
11631,4221.23569977182
11632,4251.69585144995
11633,4222.76649400019
11634,9300.28398162433
11635,9334.14823485077
11636,9287.38936731978
11637,9292.23992033505
11638,9324.85709273148
11639,9333.29410964994
11640,9327.64628533733
11641,9334.89666955442
11642,9300.4743019341
11643,9297.1170713272
11644,9325.27435546196
11645,9288.9342361235
11646,9306.78461522029
11647,9290.15161905644
11648,9299.80561700577
11649,9316.76758368722
11650,9302.27940375396
11651,9288.17332452287
11652,9286.40956972474
11653,9336.55792942146
11654,9315.20783767508
11655,9292.24281958026
11656,9288.5810414582
11657,9336.5425494292
11658,9333.01617505246
11659,9297.13057808749
11660,9307.46678117534
11661,9289.91499933869
11662,9285.67419653376
11663,9331.80038142076
11664,9301.86277445642
11665,9286.33790716399
11666,9289.75949529936
11667,9300.71256990386
11668,9291.56665449579
11669,9309.23125265314
11670,9305.26891006176
11671,9295.94462869147
11672,9294.22999240846
11673,9284.78711496168
11674,9306.00827419866
11675,5340.93300415671
11676,5322.90092363203
11677,5331.47555056246
11678,5317.40111616884
11679,5329.26462538954
11680,5340.80295342295
11681,5325.48373792737
11682,5333.46578728243
11683,5331.07952288007
11684,5341.94571997166
11685,5341.41205377495
11686,5321.4680803955
11687,5330.15244191881
11688,5338.58776473582
11689,5332.88234670016
11690,5326.90949586603
11691,5327.98081064756
11692,5332.89724779039
11693,5334.66613635821
11694,5331.61945322838
11695,5335.79285066533
11696,5318.35412212299
11697,5341.87480670359
11698,5327.6556252872
11699,5324.81000174913
11700,5324.53606114393
11701,5341.53694196068
11702,5330.44579532829
11703,5334.29411324896
11704,5341.50414188431
11705,5337.14522508123
11706,5332.35784979792
11707,5323.08141419124
11708,5333.1756745298
11709,5330.83125402861
11710,5324.85758590489
11711,5345.65646531815
11712,5330.90163467241
11713,5326.06395008924
11714,5333.44714104703
11715,7628.87658149131
11716,7652.12615032888
11717,7641.07304996881
11718,7646.91472061736
11719,7665.95998010431
11720,7643.31222021768
11721,7649.52238662825
11722,7634.02161197245
11723,7636.03777398075
11724,7643.63448669803
11725,7651.64114554661
11726,7633.57772196344
11727,7634.3437962411
11728,7654.10853344488
11729,7637.98511078108
11730,7644.90046646729
11731,7643.9197694313
11732,7642.39088475869
11733,7665.27435480378
11734,7632.4118803536
11735,7657.40216500263
11736,7672.84312533385
11737,7670.09579102709
11738,7630.6283629188
11739,7664.59469644138
11740,7638.41503925891
11741,7640.5818088081
11742,7636.53016402587
11743,7672.61988815189
11744,7658.87964372599
11745,7651.99256762384
11746,7640.13781483951
11747,7635.75174830503
11748,7638.42603644508
11749,7665.37075836761
11750,7657.14008240761
11751,7645.83752470826
11752,7669.25348564965
11753,7629.71353999932
11754,7631.40733040214
11755,7672.1356210151
11756,14059.0926831284
11757,14068.0065059461
11758,14065.6018567804
11759,14117.2456712972
11760,14082.0811781143
11761,14060.1819841824
11762,14087.0542811561
11763,14111.2037469189
11764,14081.1285726046
11765,14120.9216915638
11766,14065.2734780059
11767,14067.1373091231
11768,14077.4254580583
11769,14072.166895564
11770,14071.5316258286
11771,14087.032275184
11772,14078.2268648803
11773,14052.2107855776
11774,14069.442728817
11775,14047.0132428229
11776,14061.6065850127
11777,14118.5714315726
11778,14057.6615796034
11779,14055.3498245363
11780,14100.5266044925
11781,14107.9521924286
11782,14115.3404945193
11783,14122.1328872886
11784,14056.0272988626
11785,14050.1814278382
11786,14071.6166846629
11787,14105.6563590137
11788,14061.7957947047
11789,14062.5257207739
11790,14101.2660346923
11791,14106.1660007494
11792,14095.0105692527
11793,14091.0764692857
11794,14058.5718424788
11795,14119.7909918757
11796,14044.1789984277
11797,7151.57473400636
11798,7140.8575714182
11799,7171.75891591793
11800,7149.17578836261
11801,7187.1773408949
11802,7167.50588321887
11803,7144.38488345526
11804,7167.32293320861
11805,7189.3735754529
11806,7153.74317242867
11807,7148.89185944424
11808,7184.07360803208
11809,7187.87477081383
11810,7173.65243856083
11811,7157.93587772916
11812,7154.43434819949
11813,7153.93564984599
11814,7155.66666296683
11815,7155.88392712931
11816,7155.18427972883
11817,7146.16869676186
11818,7140.28120125137
11819,7188.88700040729
11820,7163.25554859867
11821,7164.28226850028
11822,7159.89246230965
11823,7179.20912951474
11824,7156.12482489376
11825,7152.10973483951
11826,7139.40062184711
11827,7141.66261390897
11828,7152.15441753325
11829,7185.04091337278
11830,7153.60994046944
11831,7157.41167656141
11832,7190.32640542699
11833,7186.19939274054
11834,7153.07981318343
11835,7144.09676232441
11836,7180.69320991293
11837,7156.44823095099
11838,6281.67384774428
11839,6283.15520063798
11840,6304.73879576863
11841,6275.5373580682
11842,6304.60556222981
11843,6285.78891113557
11844,6301.51221095715
11845,6279.00865413161
11846,6270.21349890451
11847,6280.2671326975
11848,6279.32612789059
11849,6275.1450515076
11850,6281.64887461577
11851,6279.23563203825
11852,6271.03777660645
11853,6277.31333672083
11854,6274.6393577931
11855,6306.98953356342
11856,6284.3877218886
11857,6299.54664301237
11858,6266.92010811193
11859,6305.47614983663
11860,6295.45016515208
11861,6296.33807718673
11862,6277.60285368369
11863,6293.59974233614
11864,6272.19954692424
11865,6274.584599963
11866,6288.60758270489
11867,6276.85867922092
11868,6275.49655583782
11869,6291.17455878333
11870,6271.00416659692
11871,6286.27397057503
11872,6285.55888507622
11873,6270.44059914705
11874,6283.34866488815
11875,6274.6162000832
11876,6292.74057737393
11877,6272.46051776782
11878,6281.11704200266
11879,4944.96606481896
11880,4907.30660761036
11881,4946.03369196883
11882,4922.17084317178
11883,4917.37018855594
11884,4926.48421117335
11885,4909.0949931301
11886,4914.23671922295
11887,4903.4242518724
11888,4938.30060871658
11889,4917.17665757032
11890,4941.54183843494
11891,4944.60563245654
11892,4917.59478947526
11893,4899.02801846038
11894,4916.43228536574
11895,4944.12902124521
11896,4897.43898883647
11897,4909.69280388854
11898,4920.94480460111
11899,4932.52587144713
11900,4940.60921041047
11901,4915.12695019493
11902,4945.81759994415
11903,4929.84009521446
11904,4918.6974451637
11905,4906.0638650474
11906,4941.10463387015
11907,4908.95449181757
11908,4935.32685130707
11909,4910.80392072339
11910,4910.62638532575
11911,4922.69050960415
11912,4906.38302195211
11913,4921.27286230671
11914,4913.83692858626
11915,4909.41673184116
11916,4906.07419578305
11917,4911.67118525141
11918,4919.38497363139
11919,4912.94212536417
11920,4373.86109717541
11921,4361.30217461768
11922,4391.92039730667
11923,4380.08447636471
11924,4388.42223911936
11925,4350.82826895034
11926,4358.72751957081
11927,4350.79398206717
11928,4346.55148374572
11929,4349.67255069695
11930,4391.40514742009
11931,4356.79087921487
11932,4344.13587116247
11933,4347.36039088474
11934,4352.70576385692
11935,4359.19315677876
11936,4355.13953812709
11937,4346.25740879812
11938,4347.73429643402
11939,4346.97113598817
11940,4395.13446897063
11941,4393.71889885757
11942,4370.60473830311
11943,4349.507069116
11944,4355.67383189369
11945,4365.42348007303
11946,4353.48034279049
11947,4344.49630125602
11948,4383.24211116323
11949,4379.1999316993
11950,4365.06546763256
11951,4389.06796257288
11952,4359.3090859758
11953,4364.35792209658
11954,4338.66025997746
11955,4349.22399694116
11956,4372.31760054746
11957,4368.47178206733
11958,4361.65509126461
11959,4363.89706325569
11960,4380.15032591831
11961,6747.8122008446
11962,6737.59145032726
11963,6724.92784272436
11964,6735.23626453402
11965,6725.13342545311
11966,6726.67815759306
11967,6714.68887750844
11968,6722.60703923776
11969,6744.27576768648
11970,6738.36649064196
11971,6713.070577593
11972,6717.77055181516
11973,6746.0879949468
11974,6734.74737870177
11975,6747.5034203488
11976,6718.7998533159
11977,6741.82335409421
11978,6724.67254012256
11979,6741.03497264412
11980,6723.22268213952
11981,6718.95176442794
11982,6726.26649371833
11983,6730.43727636977
11984,6713.80122146715
11985,6748.44649962616
11986,6741.94069207099
11987,6732.86886441091
11988,6732.19107449389
11989,6716.44864935378
11990,6724.50904336549
11991,6720.04099134981
11992,6715.03121072398
11993,6716.67251370271
11994,6740.49664672324
11995,6732.05602694417
11996,6719.49255149908
11997,6722.24022555277
11998,6715.79293310666
11999,6738.76330416035
12000,6734.11366227755
12001,6730.88369016087
12002,4081.8703607893
12003,4057.5334856037
12004,4056.42865184741
12005,4048.95107232905
12006,4061.2936193729
12007,4080.16757719883
12008,4079.14947852046
12009,4067.20322154087
12010,4066.48199086036
12011,4062.25718731833
12012,4079.48435233048
12013,4054.94674415873
12014,4054.72291887693
12015,4076.84939377054
12016,4079.48399947017
12017,4056.4931188751
12018,4051.36340350082
12019,4066.85162149936
12020,4067.35904017367
12021,4058.60633035364
12022,4077.65363285425
12023,4054.60144895786
12024,4057.10148071634
12025,4058.40980679829
12026,4066.49207069331
12027,4062.78073929865
12028,4060.30538870199
12029,4067.69774074132
12030,4049.15884223301
12031,4074.24010822292
12032,4064.02771236025
12033,4073.7139303432
12034,4070.006869078
12035,4065.26114420163
12036,4056.93922130716
12037,4080.66187846809
12038,4082.09562784666
12039,4068.59611755065
12040,4065.01052533636
12041,4051.60304832471
12042,4056.04177729997
12043,5928.06798448574
12044,5891.67432132633
12045,5884.05750702759
12046,5872.02469383161
12047,5907.11632697982
12048,5897.00033898677
12049,5867.75556566418
12050,5926.7948746373
12051,5878.30470816649
12052,5885.64998720251
12053,5877.69507365276
12054,5922.35773028619
12055,5889.37271249374
12056,5884.5755426785
12057,5904.39227172192
12058,5926.15101352652
12059,5884.20196839772
12060,5879.50509265069
12061,5876.56702983378
12062,5930.34252583605
12063,5879.99136951126
12064,5878.32495420508
12065,5922.48560715438
12066,5896.25922205359
12067,5891.36718596893
12068,5889.13567871343
12069,5915.89472881464
12070,5916.21666089548
12071,5863.74134621707
12072,5882.23985705882
12073,5916.23527221188
12074,5905.14805802065
12075,5871.75866898596
12076,5890.38958390058
12077,5908.8147606514
12078,5913.97857560491
12079,5880.98327044495
12080,5904.3119952283
12081,5900.32275752021
12082,5893.08709411755
12083,5882.3453708244
12084,9496.58029707182
12085,9469.41443802561
12086,9497.50453551828
12087,9483.56111442824
12088,9446.94007273097
12089,9496.92386136641
12090,9457.67895144202
12091,9498.72435925552
12092,9451.13618313046
12093,9500.76559894426
12094,9459.59865197733
12095,9492.22282611194
12096,9450.2000097729
12097,9450.78320365522
12098,9454.71577143152
12099,9488.84779174712
12100,9466.11163148642
12101,9449.90019323852
12102,9447.92141493013
12103,9464.02821253529
12104,9452.92545817548
12105,9459.47456893609
12106,9489.31870544218
12107,9463.216235152
12108,9451.34291164647
12109,9463.91489502765
12110,9501.3359083122
12111,9456.97593639489
12112,9463.21246009379
12113,9461.85985843743
12114,9444.16569759679
12115,9453.55549141917
12116,9467.1123165468
12117,9469.88323715073
12118,9478.54410900126
12119,9455.75070037753
12120,9480.28989913212
12121,9470.82861504573
12122,9447.76682090883
12123,9468.72369501305
12124,9484.96725107758
12125,5193.72778616027
12126,5250.83810239414
12127,5233.69719150321
12128,5196.27276630595
12129,5193.81791028566
12130,5194.7077977358
12131,5246.84521436296
12132,5208.02780233508
12133,5200.18564168468
12134,5243.44965964095
12135,5193.4900288684
12136,5199.89605791799
12137,5243.69984279612
12138,5204.91396311119
12139,5197.30800239269
12140,5197.52374457618
12141,5201.95518680214
12142,5249.29187700551
12143,5207.58618238462
12144,5194.24406880911
12145,5248.91131789978
12146,5205.74848351247
12147,5241.71341976248
12148,5202.25555262936
12149,5211.86021260402
12150,5248.26721863607
12151,5197.18033213886
12152,5213.80304222711
12153,5204.32653112473
12154,5218.2702190676
12155,5206.95091236141
12156,5192.4940337456
12157,5193.72511645251
12158,5226.80712523683
12159,5224.37998338601
12160,5202.17192431042
12161,5190.62953035485
12162,5207.94161354274
12163,5203.98890410899
12164,5219.63365509724
12165,5234.64750935377
12166,12446.17001161
12167,12454.250189841
12168,12427.4438626286
12169,12435.6269383282
12170,12417.6739787335
12171,12438.3557991048
12172,12443.8269459068
12173,12455.4067385026
12174,12433.0682208444
12175,12443.943391943
12176,12420.6613125633
12177,12426.8355719427
12178,12427.9164735121
12179,12419.3303525856
12180,12414.2770572699
12181,12430.5827089628
12182,12453.9041344892
12183,12452.2138756036
12184,12458.7639465076
12185,12439.6601045974
12186,12460.2093015141
12187,12446.8266883155
12188,12426.7918098613
12189,12451.4772359626
12190,12418.8406315543
12191,12436.9213019389
12192,12453.8788479023
12193,12440.7788342907
12194,12438.1456875043
12195,12424.85549523
12196,12432.2285347663
12197,12455.3187509518
12198,12425.1605602219
12199,12415.3757295407
12200,12458.3599985277
12201,12450.2325625738
12202,12416.1467033868
12203,12443.9694293408
12204,12447.2135287069
12205,12439.2260818026
12206,12456.0661799215
12207,12446.2874235662
12208,12429.276997198
12209,12451.141547311
12210,12427.1624933291
12211,12434.5313069428
12212,12449.124518405
12213,12433.9312004656
12214,13034.8057096796
12215,13036.6407827349
12216,13071.5796586321
12217,13041.8916895193
12218,13074.7528808666
12219,13047.7776487508
12220,13052.774315293
12221,13076.321452464
12222,13039.7840584431
12223,13085.0348483531
12224,13086.7772693849
12225,13084.012881063
12226,13062.2078570111
12227,13051.7899036957
12228,13031.508336168
12229,13079.6940766969
12230,13084.4576228883
12231,13081.7829568149
12232,13045.2757790923
12233,13037.9366140076
12234,13041.9668515441
12235,13036.4418630234
12236,13038.7051743861
12237,13037.5603399051
12238,13040.7602063709
12239,13049.3724982825
12240,13050.9290420921
12241,13035.7021654664
12242,13062.6765147562
12243,13044.0327616599
12244,13052.5093865989
12245,13038.2382574679
12246,13049.4258430215
12247,13055.0510348448
12248,13046.8216480153
12249,13069.3313897365
12250,13053.754547618
12251,13046.8413956935
12252,13067.503091539
12253,13036.7966250249
12254,13041.6900549428
12255,4974.93037812517
12256,4975.56058808142
12257,4956.67564791378
12258,4954.15564883469
12259,4954.60025071151
12260,4967.92391757058
12261,4977.35268608461
12262,4946.039650554
12263,4971.78916188966
12264,4958.11653852109
12265,4983.31977209756
12266,4952.06631769814
12267,4975.73092053366
12268,4978.32014179966
12269,4983.76307148057
12270,4978.7922162772
12271,4964.91961228915
12272,4981.41031891977
12273,4970.85295400407
12274,4952.63829446016
12275,4964.77386243375
12276,4983.05759280632
12277,4950.18730937841
12278,4955.41364485625
12279,4957.79084553427
12280,4958.61110543481
12281,4961.56579581461
12282,4955.43410805143
12283,4952.19092935219
12284,4962.6591616066
12285,4960.70562263966
12286,4952.64431385717
12287,4960.14404980133
12288,4953.62337104428
12289,4975.32872110805
12290,4950.78135477816
12291,4946.54381225194
12292,4955.05893689565
12293,4945.01954185747
12294,4958.70458466583
12295,4965.77503761931
12296,6890.20133783471
12297,6896.34380690029
12298,6864.21589862837
12299,6856.5994616136
12300,6863.01731347162
12301,6895.38234960414
12302,6892.96944478148
12303,6867.40382843473
12304,6866.97197728369
12305,6873.16723856437
12306,6857.83085354838
12307,6866.83879243438
12308,6869.55523334312
12309,6897.96193116389
12310,6883.22446811822
12311,6866.21230984555
12312,6862.9985658488
12313,6858.80647851909
12314,6888.23241150009
12315,6875.41898572645
12316,6888.86454510572
12317,6875.74734748785
12318,6895.78792802857
12319,6858.07586580436
12320,6880.76448923499
12321,6879.33506622507
12322,6866.8957472184
12323,6863.64012839504
12324,6864.32316045658
12325,6867.26601379872
12326,6861.2556429505
12327,6870.47849002142
12328,6866.63495996594
12329,6862.81606252054
12330,6859.05694125394
12331,6857.95812445206
12332,6868.19798965889
12333,6868.87162916831
12334,6859.62677307103
12335,6873.44097951235
12336,6879.68811102618
12337,5029.83930567064
12338,5028.82366096518
12339,4996.55644569026
12340,5025.51661973333
12341,5028.22661916719
12342,5005.50154520423
12343,4995.29147451181
12344,4996.66546290265
12345,5014.70264178493
12346,4993.99524348185
12347,5000.74726226313
12348,4991.85265871296
12349,5024.70145520663
12350,5032.37415189208
12351,5003.69270801685
12352,5016.70559834627
12353,4996.50711497429
12354,5022.11194614443
12355,5003.43568070502
12356,5017.2096216405
12357,4991.39284051817
12358,5029.74120902894
12359,5010.86630822571
12360,5025.54819649441
12361,5021.07149833515
12362,5008.12193596903
12363,5014.83025279258
12364,5009.47269588526
12365,4983.66017680112
12366,5019.58706713783
12367,5010.09183758031
12368,5031.97690812805
12369,4993.02016748974
12370,5017.92858975874
12371,5012.0950133833
12372,5005.98322139517
12373,5017.03475219647
12374,5012.72353245029
12375,4990.36189041258
12376,4999.12665105953
12377,5011.18545384458
12378,6203.40978066721
12379,6158.89863511422
12380,6169.98392094506
12381,6157.37025280005
12382,6201.11785211115
12383,6173.21947596246
12384,6198.13443578781
12385,6161.6072062015
12386,6174.88236419961
12387,6172.69910031654
12388,6165.86748450815
12389,6204.83817057125
12390,6206.14551856598
12391,6207.42265930507
12392,6205.72264252275
12393,6169.59000858208
12394,6193.07458424303
12395,6194.09799250271
12396,6155.72530194068
12397,6184.46107022992
12398,6153.83812231903
12399,6168.87015544923
12400,6171.99275610791
12401,6151.87864513823
12402,6162.03868598684
12403,6156.84210969503
12404,6163.42943051588
12405,6160.77834096291
12406,6183.54493112516
12407,6191.46153367243
12408,6167.54146760176
12409,6166.34019409227
12410,6153.10535348393
12411,6166.02774041361
12412,6176.20322796033
12413,6187.40161984064
12414,6166.43011665999
12415,6165.5700781887
12416,6168.1523262759
12417,6160.25130460826
12418,6189.09649933026
12419,5243.05460645692
12420,5273.53602020601
12421,5280.48580399246
12422,5250.90550534171
12423,5236.78940617486
12424,5267.95094995139
12425,5275.3648798116
12426,5282.58958454477
12427,5281.59918916979
12428,5247.27673631674
12429,5238.67113818563
12430,5239.20475468064
12431,5278.80495152502
12432,5236.4908076474
12433,5247.07312906068
12434,5258.78737754056
12435,5231.67619309756
12436,5234.76213908517
12437,5249.64565671569
12438,5259.51656569379
12439,5265.50175711122
12440,5228.01185516837
12441,5236.21765240317
12442,5233.60616607911
12443,5236.55985946673
12444,5242.17222411424
12445,5242.64597381839
12446,5239.76061453694
12447,5273.74089973345
12448,5251.43075019695
12449,5239.4079025584
12450,5244.58791582641
12451,5246.13073940151
12452,5244.64546924852
12453,5260.9850982409
12454,5281.62147576605
12455,5245.0460668557
12456,5235.70800396098
12457,5240.09449868705
12458,5234.4025500315
12459,5265.03091686596
12460,10829.6775055399
12461,10843.2606925005
12462,10846.7793857375
12463,10848.6220139099
12464,10849.0945215103
12465,10850.7816780337
12466,10833.1948237754
12467,10849.7924330395
12468,10832.123199459
12469,10851.4487345381
12470,10830.205268106
12471,10828.7135272568
12472,10830.7810381955
12473,10827.0154324982
12474,10825.0724661553
12475,10834.9102015785
12476,10830.8779340822
12477,10825.8925407579
12478,10832.5949420084
12479,10845.0814137636
12480,10829.1955793091
12481,10828.2788708009
12482,10831.9262935816
12483,10838.7710340642
12484,10835.3413305566
12485,10827.1103149977
12486,10831.3000859549
12487,10827.2022426346
12488,10826.5041338577
12489,10825.4928284079
12490,10826.3546870113
12491,10826.9115672906
12492,10831.9326427432
12493,10839.2986468985
12494,10850.5737876846
12495,10826.3835925835
12496,10824.3477507074
12497,10853.3010869546
12498,10824.8827942739
12499,10830.5479654734
12500,6823.62445722543
12501,6796.2362251311
12502,6824.28647128013
12503,6820.95117216045
12504,6781.68775684875
12505,6823.84117248082
12506,6771.74254420638
12507,6768.872838631
12508,6800.63521252192
12509,6800.3949174988
12510,6815.9388483943
12511,6810.53251832964
12512,6809.54383091237
12513,6779.01435953616
12514,6785.62983128135
12515,6805.94698744513
12516,6774.14405741275
12517,6813.56814543545
12518,6786.5687456074
12519,6796.72038775945
12520,6776.7063918752
12521,6820.33522474729
12522,6774.79793556577
12523,6775.75549663079
12524,6791.38026529405
12525,6789.38559869255
12526,6781.14255433964
12527,6787.32337959359
12528,6823.60456109085
12529,6824.73163996545
12530,6778.1273542544
12531,6782.35534171675
12532,6785.62806807582
12533,6784.20963212614
12534,6777.7002947806
12535,6781.73874566641
12536,6775.65177402755
12537,6790.27845264447
12538,6785.19242443289
12539,6816.75573889469
12540,6794.63357235251
12541,7905.75649284917
12542,7866.32532303949
12543,7891.4398826502
12544,7898.57232768066
12545,7883.95822315324
12546,7884.04210294802
12547,7875.42386493648
12548,7879.27593705018
12549,7877.99703040988
12550,7877.58264163084
12551,7864.08417372534
12552,7877.44669775146
12553,7874.90059622118
12554,7910.4989031277
12555,7897.87101399146
12556,7871.89992065909
12557,7901.86642492211
12558,7906.83048190092
12559,7893.39236515179
12560,7873.54538233925
12561,7865.64488895858
12562,7873.05819946911
12563,7881.76116784324
12564,7909.3900448086
12565,7870.46795963148
12566,7909.31544540553
12567,7886.93816923191
12568,7876.60968931894
12569,7898.93960514185
12570,7872.55052956835
12571,7875.60672116642
12572,7890.07966853358
12573,7879.29986578789
12574,7912.21013821935
12575,7872.31377024992
12576,7878.88207249128
12577,7871.93634615271
12578,7881.28829129542
12579,7866.23114668793
12580,7883.81417609242
12581,7868.34362061551
12582,4344.97980917261
12583,4345.37661166832
12584,4341.01408000963
12585,4350.02323726883
12586,4352.75691136688
12587,4336.14217513328
12588,4336.09397730056
12589,4326.2096004538
12590,4331.50334906333
12591,4337.94511270371
12592,4334.05053974529
12593,4332.32813318925
12594,4336.81933958635
12595,4353.26634466125
12596,4339.68718689352
12597,4327.27217409273
12598,4330.55940704137
12599,4338.01614298093
12600,4349.39973233029
12601,4345.65978832366
12602,4330.14855894071
12603,4340.77539324044
12604,4348.27920760839
12605,4331.14712442345
12606,4327.09359824736
12607,4331.60909010185
12608,4334.95230189941
12609,4334.13289241443
12610,4336.14944391857
12611,4332.87132945767
12612,4334.79908478359
12613,4345.16035530383
12614,4332.58566570489
12615,4348.98332834059
12616,4322.4275083381
12617,4324.13198740039
12618,4334.64849653589
12619,4334.10466190448
12620,4343.77635982018
12621,4324.09139667077
12622,6617.01390359639
12623,6612.84164618202
12624,6619.43959724916
12625,6598.93202742163
12626,6578.93324699521
12627,6625.77725227964
12628,6581.24005220401
12629,6584.05300300167
12630,6600.57716818916
12631,6623.10396808195
12632,6583.6644106385
12633,6617.27785253662
12634,6596.69512357151
12635,6623.2188837572
12636,6573.29429272747
12637,6595.18272980072
12638,6593.59283306129
12639,6611.73294966207
12640,6587.16487088956
12641,6601.25943908586
12642,6595.91458107718
12643,6580.59494525396
12644,6584.41197783433
12645,6609.41761087593
12646,6602.47468664557
12647,6605.19488094119
12648,6606.78555634528
12649,6625.00049643628
12650,6599.9011621488
12651,6600.05344629341
12652,6592.50624148246
12653,6584.1944753876
12654,6590.47130953162
12655,6621.77394671094
12656,6599.97435082595
12657,6586.86476786898
12658,6581.74700000707
12659,6623.969001414
12660,6588.53411471374
12661,6590.61732713861
12662,6613.4999884551
12663,4668.6606249611
12664,4674.22210552731
12665,4673.47766399356
12666,4668.70402300753
12667,4659.6729337046
12668,4662.41482983021
12669,4662.59803413612
12670,4669.52133495096
12671,4661.31026315825
12672,4665.4557995195
12673,4661.71620930869
12674,4667.32657181547
12675,4660.15737742402
12676,4662.35060720462
12677,4655.7286692243
12678,4668.91110828985
12679,4661.81164812458
12680,4664.77394715053
12681,4657.71102683416
12682,4659.72256790982
12683,4663.6709456712
12684,4669.32587564186
12685,4656.6891405974
12686,4671.41242930018
12687,4674.07340149183
12688,4663.60322825472
12689,4672.66434697821
12690,4658.37512762702
12691,4674.7942831439
12692,4661.0242229379
12693,4667.66183776736
12694,4664.82240649805
12695,4659.93187667065
12696,4674.7495933992
12697,4671.72675731717
12698,4674.95187268924
12699,4659.70036013369
12700,4662.30333042652
12701,4662.20042077341
12702,4667.08039064076
12703,4668.68920954429
12704,8428.04022827192
12705,8457.94769250074
12706,8443.96822132598
12707,8438.78490302258
12708,8438.68565182105
12709,8456.49432639447
12710,8450.96340118844
12711,8446.75220192383
12712,8426.86594426063
12713,8456.08860389869
12714,8443.92572867435
12715,8423.56584397797
12716,8448.99678615028
12717,8427.12484290076
12718,8420.68800984551
12719,8445.83964557984
12720,8441.09739963201
12721,8449.33161958417
12722,8426.35740292325
12723,8457.52072082836
12724,8453.40622026657
12725,8433.14447816865
12726,8441.08380594997
12727,8436.27519669359
12728,8456.12047298119
12729,8433.43845540259
12730,8434.04902993228
12731,8454.4971999448
12732,8439.02941776665
12733,8437.73550618922
12734,8436.78004087233
12735,8434.01518072647
12736,8454.64555627267
12737,8452.24341463599
12738,8436.74623915539
12739,8430.33438828778
12740,8435.66772155683
12741,8436.15643791013
12742,8435.21849018969
12743,8429.91764054575
12744,6848.24238556175
12745,6834.74630698113
12746,6853.31538233731
12747,6841.99237262443
12748,6823.61114723414
12749,6812.50834011512
12750,6825.2576783049
12751,6855.61919525135
12752,6811.03612682596
12753,6823.86718209353
12754,6829.0133665397
12755,6854.25366582905
12756,6856.9925821763
12757,6811.11985543132
12758,6841.78683633313
12759,6825.92414486296
12760,6815.40353414246
12761,6809.69479557124
12762,6838.54131729992
12763,6827.68284378085
12764,6827.94469513446
12765,6823.27611586384
12766,6831.38909891645
12767,6858.03717327048
12768,6832.6465684913
12769,6852.60058357233
12770,6827.92424099894
12771,6828.28374839234
12772,6827.09357932088
12773,6825.36200751291
12774,6856.64613378961
12775,6825.56810009113
12776,6857.03490172749
12777,6823.04913607637
12778,6820.10493838702
12779,6818.21977214772
12780,6821.95206421957
12781,6827.77925569092
12782,6851.68516390169
12783,6855.52107090739
12784,6814.93548550295
12785,5746.30230586379
12786,5758.05739982575
12787,5748.72965039693
12788,5774.27958555704
12789,5736.38637486321
12790,5770.55799844983
12791,5752.34313293324
12792,5739.54625877503
12793,5744.52184465635
12794,5757.48597571508
12795,5738.79517506485
12796,5741.70903077181
12797,5755.88241105028
12798,5743.30116218298
12799,5742.27484028158
12800,5737.56276823028
12801,5764.61982743612
12802,5738.44573776199
12803,5763.79295680596
12804,5746.92971441692
12805,5773.9507256929
12806,5750.37949239457
12807,5741.3444169681
12808,5739.55033185166
12809,5742.51181459318
12810,5770.84658379521
12811,5747.54369435064
12812,5752.06423057903
12813,5764.84676956106
12814,5774.24573497253
12815,5775.07425518354
12816,5736.25832123868
12817,5747.87966689461
12818,5747.56112502317
12819,5746.94054112817
12820,5747.58064822402
12821,5737.83685354896
12822,5766.22760533499
12823,5773.25875581366
12824,5758.70525314247
12825,5751.59296177086
12826,6484.71725326815
12827,6479.37221562801
12828,6458.51651381947
12829,6479.8734535443
12830,6458.86021098027
12831,6460.36043532714
12832,6497.93383655875
12833,6486.36787657941
12834,6466.76007656927
12835,6474.02616702043
12836,6467.64269803327
12837,6495.13404668379
12838,6463.29339497635
12839,6501.19612305024
12840,6463.93623630765
12841,6459.07505576268
12842,6457.8844473018
12843,6469.61762703813
12844,6463.16171877611
12845,6501.75477833346
12846,6505.50401185135
12847,6477.65265816501
12848,6461.00014999053
12849,6459.26615496936
12850,6492.45278047744
12851,6469.01495196934
12852,6461.90793183832
12853,6504.8573111547
12854,6460.43665706691
12855,6502.6252120491
12856,6465.7239530159
12857,6459.42756379367
12858,6487.30515320946
12859,6461.35013381413
12860,6503.236659932
12861,6506.37018248348
12862,6458.29290489031
12863,6465.60844281933
12864,6481.28145046365
12865,6473.2628768372
12866,6461.35182885648
12867,5540.13354900538
12868,5525.55229147561
12869,5536.02086206205
12870,5533.51481516741
12871,5528.79126699802
12872,5530.58122785302
12873,5528.88405095737
12874,5532.92060974135
12875,5531.45029293066
12876,5525.1581781127
12877,5538.51241095459
12878,5533.21697646722
12879,5540.37691119598
12880,5536.01320919216
12881,5525.5553855488
12882,5526.66040331663
12883,5534.26045145396
12884,5525.70065437248
12885,5542.20818743425
12886,5531.68977490112
12887,5530.77007567876
12888,5540.7903752407
12889,5540.20407318169
12890,5543.51038854614
12891,5533.28921769804
12892,5532.66504549823
12893,5534.27010922641
12894,5525.8209963691
12895,5526.96477611111
12896,5531.82220187997
12897,5531.77274607519
12898,5531.3670354639
12899,5541.27866702094
12900,5527.33134720465
12901,5541.73215412247
12902,5544.64012519514
12903,5541.93181247201
12904,5527.27710243965
12905,5532.21654706128
12906,5528.56106637684
12907,5538.40677158479
12908,5529.60435952655
12909,5529.29988359783
12910,5531.81340324118
12911,5534.93354243321
12912,5537.54423775612
12913,5531.73593168761
12914,5532.73148688256
12915,8251.65419654274
12916,8277.78079691426
12917,8256.06127921461
12918,8258.79966615116
12919,8293.62626702611
12920,8280.70060187839
12921,8277.48626599215
12922,8297.56367089085
12923,8275.11728239291
12924,8285.23597077357
12925,8262.13318772029
12926,8301.04978871422
12927,8269.4190761946
12928,8304.02471147909
12929,8257.46776157408
12930,8264.82302631688
12931,8250.4865925348
12932,8291.92693946023
12933,8260.51303549223
12934,8257.94068685751
12935,8252.32835143117
12936,8251.66622484234
12937,8270.96169892045
12938,8299.40917722653
12939,8254.50563404233
12940,8258.68273540983
12941,8301.69899136568
12942,8253.37820689643
12943,8260.83387764529
12944,8261.52428936731
12945,8259.38311063544
12946,8258.43520457914
12947,8250.44596239856
12948,8300.24456872645
12949,8263.17188547177
12950,8300.82610497174
12951,8258.44721914526
12952,8303.52847949726
12953,8255.31255008461
12954,8265.04724446198
12955,8256.30279892107
12956,8959.35806967836
12957,8934.84559331445
12958,8935.5161776007
12959,8977.98664625142
12960,8967.11237906295
12961,8959.86943817878
12962,8929.06670178614
12963,8951.55588512917
12964,8910.38575590363
12965,8919.3969594015
12966,8935.76057068929
12967,8965.26440712562
12968,8945.79723021146
12969,8920.49626732474
12970,8927.00337616493
12971,8920.92773357742
12972,8957.64319317223
12973,8920.22536972838
12974,8939.53519128601
12975,8943.2532006524
12976,8973.27806236554
12977,8932.85493756035
12978,8932.83127984134
12979,8975.30521948385
12980,8928.79982058303
12981,8947.72133505613
12982,8960.74238821859
12983,8924.37570884617
12984,8929.96653750079
12985,8941.29744548619
12986,8978.29253873469
12987,8920.47266883598
12988,8925.84180100153
12989,8974.47623863465
12990,8914.52613956353
12991,8946.72308966656
12992,8930.84053828233
12993,8968.94921679806
12994,8906.48069020278
12995,8924.36714956013
12996,8973.82267058054
12997,5558.37531702674
12998,5542.87044534712
12999,5565.9987576953
13000,5541.67623807567
13001,5556.69799536661
13002,5565.12531020709
13003,5560.6797099053
13004,5543.17498960881
13005,5565.9073717154
13006,5554.56310900963
13007,5552.50908252975
13008,5534.73206109375
13009,5563.1027611059
13010,5544.64954990413
13011,5568.68653295797
13012,5537.30991021266
13013,5538.30337048579
13014,5557.52387626172
13015,5551.01119725016
13016,5550.27313032055
13017,5533.6797865893
13018,5566.91095839988
13019,5543.51554005795
13020,5537.29636065647
13021,5546.44155995279
13022,5566.20689852654
13023,5546.65425768183
13024,5543.61601259039
13025,5539.60570832998
13026,5566.70654553132
13027,5546.35379414822
13028,5568.35554439323
13029,5550.59895707041
13030,5537.91714078445
13031,5546.49170462447
13032,5553.8450046594
13033,5546.31436467062
13034,5549.17950640299
13035,5543.580013655
13036,5544.97970430695
13037,5569.17774288187
13038,9815.43045115348
13039,9828.49827823373
13040,9862.12879539937
13041,9838.69599944606
13042,9826.43512482052
13043,9818.4974349172
13044,9853.70991509788
13045,9826.03030240112
13046,9811.35773169186
13047,9832.57206187001
13048,9826.6835889611
13049,9855.95831143082
13050,9815.45812377357
13051,9860.90303308316
13052,9858.7227419189
13053,9838.04601365954
13054,9813.29826304735
13055,9846.49130699207
13056,9813.92676131901
13057,9806.15900645272
13058,9812.26364525796
13059,9820.43857524336
13060,9838.67815890318
13061,9858.04821168581
13062,9859.90879883691
13063,9814.19804203592
13064,9856.29046849459
13065,9821.156244426
13066,9815.8076309067
13067,9816.74588537578
13068,9827.61870000906
13069,9815.22791483019
13070,9847.69574146383
13071,9822.58256493518
13072,9820.94337565615
13073,9826.23994883463
13074,9822.71802060042
13075,9813.66880168258
13076,9830.23287636456
13077,9825.04642424265
13078,9810.77412669327
13079,6788.71474906037
13080,6733.74873966831
13081,6784.17720048334
13082,6735.86340064116
13083,6742.29746023327
13084,6739.1171490094
13085,6767.6981244942
13086,6753.77261769978
13087,6730.20960095907
13088,6757.62183603476
13089,6762.68812400157
13090,6788.54125781648
13091,6793.48914374668
13092,6793.31421183229
13093,6746.18943943641
13094,6736.86114680488
13095,6771.15781249892
13096,6740.69434014466
13097,6778.05963990558
13098,6789.03127856416
13099,6789.68190138155
13100,6731.36895659901
13101,6744.23666945818
13102,6795.05291175824
13103,6790.42180398193
13104,6746.90865529546
13105,6751.8619611319
13106,6743.52066687203
13107,6743.87338805512
13108,6788.86495616028
13109,6754.78112398626
13110,6743.38569717475
13111,6751.87651182783
13112,6743.58087133253
13113,6742.57543785666
13114,6734.84163020179
13115,6762.56706309112
13116,6741.43023881211
13117,6768.62014076638
13118,6733.70563764864
13119,6745.43344362745
13120,9070.53501079604
13121,9040.25495070464
13122,9060.45478489661
13123,9051.83824533498
13124,9039.40809353743
13125,9037.27285370524
13126,9038.11062582479
13127,9036.90530702658
13128,9064.68094859957
13129,9067.55973878936
13130,9073.81238534999
13131,9045.95133426907
13132,9030.59497920818
13133,9046.22995812513
13134,9052.17397298946
13135,9029.40962630797
13136,9031.72510550119
13137,9063.70530167736
13138,9035.38886031081
13139,9076.10889063596
13140,9036.54327001904
13141,9071.86400979315
13142,9059.0124587691
13143,9055.69990180698
13144,9043.88427816185
13145,9048.93051410362
13146,9022.5537798462
13147,9035.80574247416
13148,9043.65869787754
13149,9061.29246403118
13150,9039.69643344779
13151,9073.20586936973
13152,9045.37494967694
13153,9049.6047303009
13154,9026.07230912395
13155,9040.00712736322
13156,9064.79067757969
13157,9047.83684237697
13158,9074.88174214336
13159,9052.70851764073
13160,9044.35930766549
13161,4579.6891029035
13162,4573.7527233312
13163,4578.21619783211
13164,4589.15466560752
13165,4568.78590900152
13166,4559.36328970953
13167,4568.20695321681
13168,4572.51175013841
13169,4579.02596883671
13170,4578.98421715217
13171,4588.40871406736
13172,4573.64063657821
13173,4592.09401813105
13174,4572.14025857534
13175,4590.66666750944
13176,4558.89181106099
13177,4583.71462623206
13178,4586.39982656399
13179,4587.62921313513
13180,4584.78941898799
13181,4581.714544206
13182,4585.46273171788
13183,4582.61049002152
13184,4561.76216679643
13185,4555.80063914519
13186,4585.34406164522
13187,4576.43149821338
13188,4580.96314109629
13189,4557.92883045594
13190,4585.51600045511
13191,4562.51517460122
13192,4580.97338513319
13193,4576.55350512754
13194,4558.13109766578
13195,4581.00538473042
13196,4575.9007252479
13197,4588.77955527138
13198,4557.5840269643
13199,4590.36877871321
13200,4591.28878674986
13201,4569.85444605152
13202,5405.97781733521
13203,5380.28684807269
13204,5404.42277191493
13205,5403.41027236576
13206,5399.00622053326
13207,5374.75755502163
13208,5381.52902295207
13209,5405.95495868435
13210,5375.89325248345
13211,5378.76189382299
13212,5374.03910666821
13213,5388.26953014169
13214,5377.47626922581
13215,5377.21859762215
13216,5397.33420791337
13217,5392.73278330444
13218,5384.41237096019
13219,5407.35299586
13220,5381.91077500397
13221,5406.84245224839
13222,5375.59547291707
13223,5377.18520770898
13224,5382.23738956684
13225,5375.77258534053
13226,5380.02141536629
13227,5378.41393028875
13228,5388.48634725443
13229,5395.49070184076
13230,5384.54481962813
13231,5377.42310608142
13232,5377.74110260658
13233,5378.47809144021
13234,5380.78158919037
13235,5379.62014733574
13236,5381.03314737957
13237,5401.54992646306
13238,5405.40347341205
13239,5375.02205743773
13240,5380.58219701886
13241,5101.54207656773
13242,5059.4275804424
13243,5090.32617054622
13244,5050.24660661075
13245,5093.65548812254
13246,5099.30110119602
13247,5044.05526025897
13248,5100.53481950736
13249,5054.91736608017
13250,5067.8725297934
13251,5100.57815689143
13252,5040.13411018488
13253,5100.55967258318
13254,5056.03064408955
13255,5096.38355065699
13256,5081.76647857339
13257,5065.55839190293
13258,5053.5382203667
13259,5076.06725129299
13260,5059.06523677613
13261,5041.56643634046
13262,5058.14105092766
13263,5054.39608300232
13264,5062.17164750262
13265,5061.45974240481
13266,5049.69536910025
13267,5069.61241104084
13268,5082.08698372793
13269,5044.83879466118
13270,5071.81097766484
13271,5045.4001020377
13272,5055.76035273275
13273,5096.92403739896
13274,5088.17913470062
13275,5064.11167034869
13276,5065.3587132976
13277,5063.63303328953
13278,5061.66594509844
13279,5056.31339729211
13280,5041.86185082823
13281,5066.08027885646
13282,9029.53258049984
13283,8989.52264020809
13284,9019.39525485943
13285,9003.35264577363
13286,9025.49664988403
13287,8992.44130018967
13288,9005.4035838233
13289,9026.227155432
13290,8990.41561116819
13291,8995.45265406144
13292,9031.15743789722
13293,8989.32556297313
13294,9001.71901195408
13295,8990.21614552647
13296,9029.46441406885
13297,8999.30960891316
13298,9011.07106886451
13299,8995.19755918592
13300,9019.15967477236
13301,9010.33521759555
13302,9030.04217810419
13303,9011.86088625778
13304,8988.68849931342
13305,9000.99834697274
13306,9007.58418042799
13307,8989.41484936994
13308,9001.61564839747
13309,9006.28741928875
13310,9025.69627432731
13311,8999.31516316441
13312,8990.07196374696
13313,9030.11525168821
13314,8990.82635802837
13315,8999.36655222256
13316,9002.48790912492
13317,8989.26453494082
13318,8994.19863858239
13319,8992.10868049611
13320,8992.02607734031
13321,9002.02335733512
13322,8996.19345451556
13323,6800.54201533961
13324,6817.53364383633
13325,6806.71239372973
13326,6834.4600703262
13327,6801.84168563481
13328,6848.06833442713
13329,6845.36416117369
13330,6802.62180029105
13331,6801.98010843802
13332,6807.24163841651
13333,6804.74639563845
13334,6825.31954370157
13335,6803.18722789579
13336,6845.74672418255
13337,6811.13965616641
13338,6806.02127250563
13339,6841.62293486637
13340,6805.02174233567
13341,6841.08442464001
13342,6847.72672944667
13343,6824.73254217888
13344,6801.99517465851
13345,6811.42058173381
13346,6828.10314322293
13347,6822.19497125198
13348,6803.06454855786
13349,6803.49269643273
13350,6802.55899668901
13351,6838.67530329861
13352,6809.55246155206
13353,6805.41612746142
13354,6812.53208513899
13355,6819.65886424356
13356,6804.91825537257
13357,6805.59618372999
13358,6805.55966098891
13359,6813.65601434676
13360,6846.26531454254
13361,6842.58766791051
13362,6813.39378999327
13363,6830.00285741854
13364,7338.38538271538
13365,7294.62778181353
13366,7294.59175327438
13367,7316.23835761762
13368,7308.17465919011
13369,7299.19074521325
13370,7302.47931770044
13371,7321.57870392056
13372,7324.37101519463
13373,7342.45101109441
13374,7302.06045153311
13375,7306.40312914995
13376,7296.98102801296
13377,7326.54909061476
13378,7302.43377350523
13379,7292.4520942203
13380,7345.59051459496
13381,7311.52778172996
13382,7347.25794234694
13383,7305.50932076554
13384,7345.3231822454
13385,7296.24933295149
13386,7321.30954644031
13387,7305.16223153182
13388,7312.15359635665
13389,7302.8843068941
13390,7344.52394813555
13391,7343.14863027658
13392,7310.81373129397
13393,7345.08777049363
13394,7302.49153141753
13395,7338.23730818039
13396,7332.25965070085
13397,7306.79104782986
13398,7306.91575945024
13399,7347.41641657883
13400,7306.44987613907
13401,7301.36020284232
13402,7294.4383191539
13403,7304.03291394448
13404,7303.96987782405
13405,6650.25080467028
13406,6614.07060781905
13407,6606.77624611538
13408,6619.9942770855
13409,6589.73390734857
13410,6614.80815687835
13411,6625.98282677964
13412,6614.63132021838
13413,6611.47872302343
13414,6600.40882809359
13415,6612.90861672076
13416,6650.83488498255
13417,6651.14640119755
13418,6624.25688112421
13419,6590.91774832908
13420,6641.24452128889
13421,6649.11087069328
13422,6643.80464846711
13423,6595.24606675853
13424,6650.99386143657
13425,6603.03321067
13426,6593.19284574298
13427,6633.70421902878
13428,6606.36413809036
13429,6606.22848088721
13430,6608.27300917463
13431,6631.42468706371
13432,6615.62608516495
13433,6612.96002676164
13434,6608.70189450863
13435,6610.75868380507
13436,6646.48702378732
13437,6639.44425329901
13438,6647.38235873882
13439,6598.33981954881
13440,6616.18830334694
13441,6594.73139847569
13442,6611.19650442303
13443,6591.35434049361
13444,6608.45436342943
13445,6614.13055106485
13446,8355.97621424324
13447,8350.77479413539
13448,8356.4075805225
13449,8330.95145469228
13450,8370.50370295008
13451,8342.46277390333
13452,8346.05233222072
13453,8339.71966854755
13454,8332.65002866807
13455,8341.92907962945
13456,8337.80778659586
13457,8332.71238841904
13458,8376.23606933135
13459,8336.05206124946
13460,8347.11209408345
13461,8336.43488854341
13462,8370.79423835607
13463,8341.35448355111
13464,8343.69706333925
13465,8334.11652615809
13466,8340.76314419387
13467,8374.14648062391
13468,8375.24994935516
13469,8331.58945691331
13470,8332.27175701944
13471,8329.23391480216
13472,8340.65916678367
13473,8344.8677899429
13474,8338.56300141902
13475,8363.40525340048
13476,8331.62419870178
13477,8377.14109491079
13478,8331.72507923338
13479,8369.87473859126
13480,8362.9370089034
13481,8326.17026293571
13482,8375.51910288862
13483,8334.64669778167
13484,8344.07184881751
13485,8353.78474653961
13486,8336.51036493417
13487,4428.59320164798
13488,4411.62870809819
13489,4408.98728877229
13490,4428.19348679552
13491,4416.03835445754
13492,4402.3221877287
13493,4409.24142961062
13494,4411.38352930233
13495,4431.00826303284
13496,4430.82991756281
13497,4426.46768987027
13498,4404.52059837563
13499,4429.38844390561
13500,4412.44074559705
13501,4402.26240325021
13502,4408.98651456244
13503,4413.74257363075
13504,4405.90468397958
13505,4405.51549033535
13506,4412.62407873679
13507,4421.41733195659
13508,4404.52527196779
13509,4398.44113436476
13510,4409.0402943811
13511,4418.73257569474
13512,4406.76202270206
13513,4420.84488864127
13514,4412.07048108465
13515,4407.42416329488
13516,4400.69453958144
13517,4426.94214613703
13518,4407.497962419
13519,4427.9795469591
13520,4409.21446815982
13521,4400.72062415052
13522,4429.75763873111
13523,4423.97687028972
13524,4396.76539758819
13525,4416.43516639444
13526,4400.45018547666
13527,4404.74782495107
13528,7422.31944376991
13529,7438.66040207604
13530,7467.08151746821
13531,7467.60135543841
13532,7441.60165670329
13533,7434.84097627268
13534,7420.92485550358
13535,7470.63590569478
13536,7467.6811887211
13537,7452.65941523444
13538,7428.02535000482
13539,7422.78308969933
13540,7463.29195213555
13541,7422.93178925676
13542,7427.10383520146
13543,7426.26283028914
13544,7437.64878102486
13545,7445.96901117377
13546,7457.47523871863
13547,7420.51178187524
13548,7432.0417042103
13549,7439.826790847
13550,7425.76961351181
13551,7469.7975331545
13552,7455.56032546118
13553,7433.20581172128
13554,7436.20566896788
13555,7431.59553181298
13556,7437.31143843561
13557,7443.97498102708
13558,7414.20610638239
13559,7461.11582282142
13560,7465.13377443917
13561,7456.35268220531
13562,7441.76023797431
13563,7430.84336226914
13564,7452.49106793799
13565,7418.70840979375
13566,7430.25568997148
13567,7421.96037087364
13568,7434.26111978804
13569,5992.6450655593
13570,6012.10004221905
13571,5982.142111142
13572,6013.7444502855
13573,5999.10505304114
13574,5994.62949739949
13575,5999.32938429369
13576,6011.91604854853
13577,5997.2309962101
13578,5997.32825595144
13579,5999.34756153879
13580,6005.95895519988
13581,5993.5825310978
13582,5994.11951164429
13583,5988.31244382871
13584,6012.4412448605
13585,6000.52015863931
13586,6003.89017409242
13587,5985.52340367444
13588,5984.69110347415
13589,6009.90360556623
13590,5980.82783777769
13591,5998.67607768502
13592,6000.82731427292
13593,5989.99398756487
13594,6000.38187963852
13595,5997.01618825796
13596,5981.90519694239
13597,5996.16705065709
13598,6007.97844515041
13599,5995.37907836112
13600,6011.3970743452
13601,5996.59360505826
13602,6013.55467434454
13603,6001.41691769189
13604,5994.33673076504
13605,6008.96789426658
13606,5981.73133914064
13607,6005.95990266513
13608,6000.23936149294
13609,6005.09329889636
13610,3729.44051425402
13611,3735.3528419169
13612,3778.49427973113
13613,3778.5118633915
13614,3735.03998952685
13615,3749.35049930715
13616,3776.21376841618
13617,3726.79120525134
13618,3735.27593524392
13619,3729.76899892724
13620,3758.62540008389
13621,3741.263116337
13622,3773.20500912439
13623,3725.90731372315
13624,3730.95304028313
13625,3740.62990989821
13626,3736.71641900041
13627,3738.3648520412
13628,3734.14991774371
13629,3770.3216150525
13630,3735.46527390344
13631,3764.71298197006
13632,3731.09772685956
13633,3733.56639349085
13634,3777.51360294792
13635,3731.80548528079
13636,3729.47289228658
13637,3779.81215650927
13638,3754.70347597786
13639,3742.93241563896
13640,3751.22184124014
13641,3738.16691043899
13642,3727.04250293982
13643,3724.53581933825
13644,3726.25112137238
13645,3742.83076479352
13646,3769.15560406965
13647,3728.70465516339
13648,3736.62903639589
13649,3730.09334543674
13650,3760.35107876098
13651,14042.8104055824
13652,14055.7115015436
13653,14088.8513712046
13654,14051.890643661
13655,14045.9000606326
13656,14055.9821226973
13657,14070.8900754062
13658,14056.8278682042
13659,14040.1679628435
13660,14050.4962428569
13661,14050.3298100876
13662,14048.7029511288
13663,14042.6105701554
13664,14041.2800362679
13665,14058.4938107805
13666,14095.45793521
13667,14054.1840071487
13668,14094.6904680404
13669,14050.4378603826
13670,14061.4013357635
13671,14053.7198622543
13672,14080.365764815
13673,14052.3456989917
13674,14044.2660870533
13675,14090.07716925
13676,14092.0723982734
13677,14055.4611695618
13678,14051.6533169424
13679,14096.9777624517
13680,14039.4971662201
13681,14074.2776098454
13682,14055.3515379201
13683,14048.0510764516
13684,14097.2292014456
13685,14064.1369702608
13686,14060.3508151845
13687,14097.9201987654
13688,14054.41699714
13689,14050.6195594473
13690,14081.0942110667
13691,14072.3905770811
13692,17095.6202375489
13693,17091.7049114515
13694,17047.8439029342
13695,17062.4675605473
13696,17041.8898683758
13697,17077.1873448291
13698,17042.3241645972
13699,17062.8322762281
13700,17053.4242579361
13701,17044.9383455231
13702,17035.7440660443
13703,17049.1804010113
13704,17041.5743371894
13705,17095.5286855627
13706,17043.0336950558
13707,17036.0235617445
13708,17094.1076138691
13709,17091.7713392454
13710,17049.0788683268
13711,17032.8430027334
13712,17038.0534416798
13713,17046.8829638153
13714,17034.0500742003
13715,17095.3742530378
13716,17087.7343061405
13717,17044.8038448389
13718,17051.5874577308
13719,17084.906374493
13720,17096.4199884204
13721,17056.1701772183
13722,17075.8498087961
13723,17069.4853818792
13724,17042.8724231665
13725,17039.0427379457
13726,17067.5570048975
13727,17046.9075928663
13728,17054.8040528841
13729,17036.6659526695
13730,17049.2155245388
13731,17042.4497487609
13732,17085.1800357
13733,7264.75400379433
13734,7289.80567054521
13735,7292.69619291334
13736,7273.00993494687
13737,7266.52610154137
13738,7282.96608287575
13739,7266.30470445267
13740,7266.84467662687
13741,7264.64257626019
13742,7268.46496870953
13743,7268.05401759923
13744,7275.33154198265
13745,7291.59158143337
13746,7268.01383860185
13747,7291.6946559657
13748,7269.60029102307
13749,7291.10952586645
13750,7291.83756512554
13751,7270.39536199666
13752,7268.8625030445
13753,7268.54226204971
13754,7291.87651251138
13755,7267.73221468716
13756,7279.66074366327
13757,7270.14958543391
13758,7268.47086144872
13759,7272.47643428592
13760,7292.87318945693
13761,7268.92953549847
13762,7269.48839549248
13763,7287.67422761673
13764,7268.52645267999
13765,7267.70461678217
13766,7267.92500638491
13767,7275.83816542907
13768,7264.15094418422
13769,7286.73789035187
13770,7278.00202723104
13771,7279.05796902921
13772,7266.14545234363
13773,7387.37846139407
13774,7377.64143369383
13775,7383.33871836341
13776,7421.3402109596
13777,7386.25561286812
13778,7377.80693065211
13779,7415.58894786198
13780,7383.75804879618
13781,7380.55818026549
13782,7383.02914001416
13783,7378.66174143875
13784,7378.78313085153
13785,7384.86879292571
13786,7422.88983072774
13787,7379.30560563498
13788,7388.51519748272
13789,7385.57708625927
13790,7384.39193511505
13791,7379.88002940023
13792,7387.56130953811
13793,7417.05779437576
13794,7419.99255103681
13795,7409.35419344545
13796,7376.29785980336
13797,7398.56357264978
13798,7421.7777161572
13799,7398.10038987178
13800,7418.17094670554
13801,7373.38430393436
13802,7423.39234102684
13803,7387.55287813738
13804,7382.13200578169
13805,7379.42439421216
13806,7394.8690095736
13807,7403.78003326245
13808,7388.0758413432
13809,7378.95444658215
13810,7410.23822499636
13811,7392.35444810878
13812,7388.86085537718
13813,7402.51949760668
13814,8813.39784645385
13815,8809.19566540169
13816,8845.03761626821
13817,8852.4859581806
13818,8850.1194368708
13819,8824.47329694703
13820,8807.6225444338
13821,8804.99723386288
13822,8851.70351912126
13823,8814.06763427141
13824,8845.23463610045
13825,8837.14007428125
13826,8806.06135560029
13827,8820.03404334375
13828,8844.88816726061
13829,8807.07402649693
13830,8850.62290560751
13831,8818.15312845229
13832,8827.3346170077
13833,8806.34813613945
13834,8811.64901113129
13835,8808.12099008462
13836,8836.18014854864
13837,8802.89453937158
13838,8852.39255005382
13839,8806.56146162662
13840,8817.06560421362
13841,8830.43239583109
13842,8819.79833843861
13843,8808.63465479535
13844,8821.32629267651
13845,8805.7141334498
13846,8828.08674653309
13847,8812.51925685649
13848,8817.81698552399
13849,8833.3485629696
13850,8810.54480440999
13851,8822.30674439765
13852,8826.48071270945
13853,8805.70917906398
13854,8819.03369487561
13855,9535.32335798831
13856,9578.74126510665
13857,9534.06571444243
13858,9530.08304024894
13859,9541.32241677118
13860,9544.75711157491
13861,9578.34252337187
13862,9546.99632093428
13863,9534.64980949441
13864,9577.66903398604
13865,9525.90153082548
13866,9529.53318754946
13867,9578.1785206137
13868,9541.39374811966
13869,9573.09251867094
13870,9567.14539671904
13871,9567.16327318616
13872,9530.24540951749
13873,9547.78037894815
13874,9532.52100226634
13875,9530.2302525532
13876,9526.69765954828
13877,9563.9790892577
13878,9543.57447881161
13879,9535.82192453692
13880,9525.44119651472
13881,9576.29802685437
13882,9545.11845575373
13883,9530.81106855787
13884,9527.23495347867
13885,9540.34113024473
13886,9555.57018324688
13887,9574.46506836513
13888,9546.13103582663
13889,9538.99556276847
13890,9561.56286220749
13891,9544.20196761317
13892,9548.32886469268
13893,9557.95408260695
13894,9546.63268355476
13895,9531.67917708395
13896,10174.7714697941
13897,10179.7091594223
13898,10180.2477420277
13899,10182.4190895389
13900,10183.2983183405
13901,10185.4606045451
13902,10217.68615137
13903,10189.5491296931
13904,10214.4954903733
13905,10169.1777647656
13906,10208.1253283863
13907,10177.1825666723
13908,10202.1611137722
13909,10213.8907673556
13910,10212.5683078322
13911,10177.9221932785
13912,10185.104004059
13913,10218.1978644504
13914,10189.7081894536
13915,10189.953342708
13916,10172.5681643871
13917,10164.5214417949
13918,10189.0381508861
13919,10195.354624892
13920,10209.8862638256
13921,10176.8725902278
13922,10213.7464241763
13923,10177.3133793003
13924,10178.7063925255
13925,10169.9885203496
13926,10188.6158592811
13927,10180.905125547
13928,10207.259388703
13929,10176.8435863755
13930,10181.476898469
13931,10192.5214393344
13932,10200.2230140862
13933,10197.3120931358
13934,10196.4267635687
13935,10204.4886568905
13936,10198.9213615913
13937,5578.05332526757
13938,5617.05829501855
13939,5617.38298097478
13940,5609.94043426383
13941,5577.58814088807
13942,5576.95103143555
13943,5582.30284233726
13944,5577.22299561647
13945,5582.31837097623
13946,5612.6659604193
13947,5571.97991455061
13948,5602.52409997875
13949,5573.92546796953
13950,5617.73144550473
13951,5573.51509797533
13952,5569.50236807602
13953,5576.28486283665
13954,5570.1612455899
13955,5618.67580241656
13956,5583.35098819423
13957,5568.11405484637
13958,5583.76289293228
13959,5570.95346253969
13960,5580.48391322697
13961,5607.82488349446
13962,5615.2609773044
13963,5585.69190840923
13964,5586.60367498746
13965,5572.65573326677
13966,5562.70134285398
13967,5586.48435591336
13968,5592.03632784127
13969,5570.08281459493
13970,5605.23073298488
13971,5588.83472734032
13972,5596.53486874824
13973,5600.85674777755
13974,5589.40505955551
13975,5567.58791496727
13976,5572.04582984266
13977,5596.43301259959
13978,6915.73399367333
13979,6882.50996964744
13980,6872.93176621655
13981,6886.47367729178
13982,6875.20394499696
13983,6875.2816515989
13984,6901.67711356215
13985,6908.0279167092
13986,6884.11447200101
13987,6889.52794408441
13988,6887.47525301559
13989,6912.51200537756
13990,6887.30745134241
13991,6880.38498273427
13992,6871.93502232663
13993,6906.14288354381
13994,6886.66292797744
13995,6916.09345667817
13996,6890.24231533907
13997,6871.97561881102
13998,6891.49681097368
13999,6913.75875067713
14000,6865.2610944829
14001,6878.33581990374
14002,6900.60462477917
14003,6912.00863968752
14004,6892.86352143135
14005,6912.24891605923
14006,6873.22775385828
14007,6892.38992823277
14008,6871.67535763884
14009,6899.90668013071
14010,6877.42725146604
14011,6883.539176256
14012,6877.86324330601
14013,6893.30126919298
14014,6897.12671949153
14015,6876.07534264092
14016,6893.61124846088
14017,6873.9250066257
14018,6905.38962404748
14019,5682.21677755888
14020,5675.272857821
14021,5695.40596159967
14022,5680.95024533964
14023,5716.64833875578
14024,5678.74662583885
14025,5691.40669538588
14026,5713.56187711138
14027,5682.48844357417
14028,5684.48085186387
14029,5716.59698807985
14030,5693.82158043674
14031,5683.19389589818
14032,5673.43262704061
14033,5682.07245985649
14034,5718.1057647996
14035,5679.57461675448
14036,5673.60311237775
14037,5716.61584742077
14038,5678.10543770753
14039,5675.74323936888
14040,5681.73254123196
14041,5683.92550842836
14042,5713.90637462497
14043,5682.94936767028
14044,5674.02110506514
14045,5704.56900737261
14046,5709.01062723229
14047,5708.78792582666
14048,5699.11208825254
14049,5677.1726965366
14050,5694.45986297946
14051,5674.47426137324
14052,5679.09181606402
14053,5718.57386431852
14054,5679.028422731
14055,5702.28469999129
14056,5689.25522772732
14057,5686.57562946528
14058,5684.46287492323
14059,5715.19261495438
14060,8235.10032524648
14061,8201.60265505017
14062,8196.75254461006
14063,8236.16223667655
14064,8201.95806874442
14065,8234.83099379355
14066,8201.71227886851
14067,8206.84195323908
14068,8194.06066969525
14069,8214.80081425264
14070,8207.7369173956
14071,8207.15136369867
14072,8239.76955234037
14073,8220.71446229316
14074,8226.11315126127
14075,8238.5189226423
14076,8214.32459139868
14077,8210.56170253388
14078,8191.82507350798
14079,8217.33480481754
14080,8203.42521892843
14081,8199.6620040105
14082,8203.46862923276
14083,8210.70264972512
14084,8190.17994832442
14085,8213.30001261654
14086,8209.46777066951
14087,8238.61801339439
14088,8231.20886660958
14089,8205.48949283728
14090,8206.97464807147
14091,8229.6569913121
14092,8209.85700329669
14093,8203.12815883151
14094,8207.78568190585
14095,8196.17872001276
14096,8207.27466372133
14097,8235.30718495175
14098,8189.64964574646
14099,8209.70608895761
14100,8209.80870891598
14101,3943.0289875848
14102,3932.42893988971
14103,3901.78122493809
14104,3940.62518219379
14105,3903.71884469822
14106,3927.40742610086
14107,3905.72481696872
14108,3909.49843722753
14109,3940.77350588734
14110,3889.45719260309
14111,3906.56685439424
14112,3893.10590166032
14113,3941.40322573785
14114,3901.08223050558
14115,3900.77346357977
14116,3914.68658011611
14117,3909.0166062571
14118,3901.72466283281
14119,3922.49659334435
14120,3920.49040452816
14121,3926.88873238997
14122,3893.87224838686
14123,3911.82436859917
14124,3907.09889936868
14125,3935.12631802224
14126,3908.86992604208
14127,3937.26311829855
14128,3899.24703940478
14129,3897.41111929779
14130,3896.78470740493
14131,3918.8688836828
14132,3922.58146299988
14133,3931.38448557256
14134,3905.76070939405
14135,3901.92607360772
14136,3912.8549620445
14137,3895.93466170986
14138,3909.03379699494
14139,3902.77442457265
14140,3913.34189853572
14141,3900.34605911385
14142,5145.79125363548
14143,5105.50970595715
14144,5154.14071536386
14145,5156.43595804508
14146,5118.21373355992
14147,5115.65133876572
14148,5143.0450752372
14149,5146.10704423137
14150,5122.7260763735
14151,5113.91931183286
14152,5124.87337080326
14153,5156.37038911691
14154,5127.51937412862
14155,5143.30064094832
14156,5125.38379001055
14157,5124.90427390985
14158,5156.54370995949
14159,5137.32066970327
14160,5131.78336632251
14161,5127.16502388353
14162,5119.92926262581
14163,5127.45568223855
14164,5100.40130565701
14165,5120.847607305
14166,5138.06805484475
14167,5116.06986421094
14168,5114.80682062659
14169,5151.30468645386
14170,5111.13914569389
14171,5112.48728932904
14172,5104.08341939697
14173,5106.29973819679
14174,5155.41365587821
14175,5152.64060715364
14176,5109.88972773507
14177,5106.0710153903
14178,5122.29479298253
14179,5110.15939221676
14180,5119.1456101788
14181,5126.9048024153
14182,5103.94963612957
14183,5359.81340337527
14184,5368.45745805437
14185,5337.13923396018
14186,5371.21899030651
14187,5351.96448838486
14188,5336.83934064771
14189,5364.47300598967
14190,5339.7619998187
14191,5361.61596335518
14192,5352.91198674219
14193,5332.35343894294
14194,5341.65133357513
14195,5368.91541800587
14196,5333.0175698776
14197,5368.58215695834
14198,5353.89586570601
14199,5330.06644123156
14200,5344.0419660622
14201,5325.05859259664
14202,5337.45375145042
14203,5327.60607567443
14204,5328.74022228263
14205,5348.68826024127
14206,5329.1093867655
14207,5331.85800148343
14208,5338.86676590426
14209,5329.44502105753
14210,5342.79991596196
14211,5333.64899402135
14212,5327.73897387092
14213,5328.15975689789
14214,5368.11539025648
14215,5371.00017548149
14216,5365.38785291051
14217,5340.74498818189
14218,5340.51335156016
14219,5343.17852027053
14220,5328.83536268154
14221,5337.58612342143
14222,5332.02292053345
14223,5336.93056036928
14224,5321.55927710622
14225,5316.48718718185
14226,5313.05798073714
14227,5318.626865666
14228,5303.48477699995
14229,5321.66087761931
14230,5305.30751229886
14231,5320.43972490433
14232,5303.14316367679
14233,5295.97467240534
14234,5320.89663624567
14235,5307.60254896838
14236,5314.06488170327
14237,5306.56539435738
14238,5315.16326166811
14239,5308.81400179202
14240,5322.42743351117
14241,5304.00477502929
14242,5311.7461911554
14243,5303.42970190823
14244,5300.17614247736
14245,5317.10196156745
14246,5305.82496916196
14247,5319.7559338974
14248,5302.62728576352
14249,5309.8083855707
14250,5312.64325799201
14251,5295.78938912158
14252,5303.10609736144
14253,5296.8498177094
14254,5295.78492042005
14255,5299.31874972246
14256,5306.45430609574
14257,5303.42537417772
14258,5299.88870035973
14259,5308.71318635794
14260,5294.92672326237
14261,5297.6174331686
14262,5304.61125780848
14263,5297.29990797504
14264,7377.54751991961
14265,7381.83771720392
14266,7420.57902470322
14267,7376.22167547836
14268,7372.92899092683
14269,7418.01024774884
14270,7407.11888773741
14271,7379.63204951292
14272,7385.41158672212
14273,7416.61820805575
14274,7395.57245684536
14275,7415.81200356252
14276,7407.38659559432
14277,7385.96512445322
14278,7397.32315853677
14279,7385.77724122929
14280,7376.10621889333
14281,7400.33767995193
14282,7391.91632256039
14283,7391.60948899756
14284,7387.88985213659
14285,7377.19714035493
14286,7372.05556686744
14287,7367.76315189115
14288,7379.96802702933
14289,7380.7081494977
14290,7369.19423731792
14291,7401.10838938426
14292,7389.05141031626
14293,7383.01539164906
14294,7383.04571437024
14295,7415.86591805782
14296,7410.36719778491
14297,7370.06378099983
14298,7376.18351130546
14299,7377.40983826049
14300,7421.03966989161
14301,7377.94859613395
14302,7372.93001278347
14303,7407.46258178059
14304,7384.66096558598
14305,4671.46891944042
14306,4705.01654508746
14307,4673.1998369547
14308,4693.35417234952
14309,4670.41937543506
14310,4681.85985843739
14311,4698.44401957718
14312,4703.80708465667
14313,4702.01811964201
14314,4684.66501944427
14315,4687.16869630502
14316,4679.47665574982
14317,4704.87180392415
14318,4675.22788936935
14319,4660.57246151134
14320,4686.03849411631
14321,4670.21697587521
14322,4665.6540867649
14323,4678.57650466354
14324,4683.62266988773
14325,4679.44418840384
14326,4673.26480617746
14327,4688.01764982948
14328,4696.23364557304
14329,4705.68940731961
14330,4676.0680887631
14331,4681.16058314356
14332,4672.04609591387
14333,4665.43309333947
14334,4670.30881810614
14335,4667.29104551584
14336,4669.37621929336
14337,4663.25780864811
14338,4689.26103472327
14339,4679.34974004359
14340,4661.37442476814
14341,4692.3432842346
14342,4690.38513239032
14343,4671.30017699052
14344,4661.67092137235
14345,4674.17365497222
14346,3966.4064763888
14347,3975.89104982121
14348,3975.24833340316
14349,3955.18718361043
14350,3945.79775193244
14351,3942.90807031029
14352,3973.94161171435
14353,3939.27347573053
14354,3973.71877621252
14355,3957.6662171268
14356,3972.16081279362
14357,3933.99876108393
14358,3976.3579592188
14359,3948.5632441102
14360,3969.45432217073
14361,3944.47456831653
14362,3946.61483770803
14363,3936.46256510051
14364,3961.40171635842
14365,3942.15175190542
14366,3932.80773589388
14367,3947.62617727244
14368,3929.7891983018
14369,3932.99174210667
14370,3945.43665863625
14371,3943.4596937791
14372,3947.39256115818
14373,3965.68187500234
14374,3941.60641552235
14375,3936.25866375727
14376,3937.08351575909
14377,3937.0195956979
14378,3933.78619491789
14379,3931.96439807696
14380,3942.1689977456
14381,3935.54680211014
14382,3932.36512712699
14383,3933.94987361029
14384,3934.34073282236
14385,3960.80139671486
14386,3952.03338699314
14387,5968.98269439268
14388,5970.64594557744
14389,5971.5409743184
14390,5945.55321049662
14391,5945.42885100958
14392,5952.43196772874
14393,5962.65751382086
14394,5946.87870543563
14395,5966.11866758456
14396,5973.20653406731
14397,5939.63245129824
14398,5969.65632335688
14399,5945.53547107707
14400,5943.78107291088
14401,5970.60852967727
14402,5936.73885259269
14403,5973.15123509422
14404,5949.76943818584
14405,5937.4621637229
14406,5948.28779635013
14407,5943.00402834011
14408,5971.69255906224
14409,5942.25561964577
14410,5944.39915799723
14411,5950.26986893324
14412,5955.41679271508
14413,5943.48197955804
14414,5943.594526417
14415,5946.573312837
14416,5949.30929860143
14417,5942.88309526785
14418,5947.61826604074
14419,5943.27250384272
14420,5958.54431739341
14421,5968.40486733778
14422,5949.5205775809
14423,5943.62586933995
14424,5943.2265716285
14425,5958.48540450595
14426,5943.62081132945
14427,5954.64800688566
14428,3798.35475685455
14429,3796.88006041047
14430,3796.11461746854
14431,3796.63337972171
14432,3798.86615780186
14433,3819.13564085471
14434,3818.86291444577
14435,3796.16637577106
14436,3799.52408691739
14437,3821.13000791211
14438,3803.24436050685
14439,3811.95797040589
14440,3820.82455650119
14441,3799.48315410655
14442,3818.70536971735
14443,3819.5811896008
14444,3814.51310897213
14445,3795.15049542705
14446,3799.70835843756
14447,3800.69937844372
14448,3799.88502016958
14449,3795.3427565814
14450,3796.21430981285
14451,3799.72607527671
14452,3802.84302733202
14453,3800.78495560882
14454,3818.08923031523
14455,3805.06120973926
14456,3795.38402697167
14457,3800.30136913319
14458,3815.66736636856
14459,3796.57092509398
14460,3808.50688410679
14461,3807.46103965161
14462,3799.00550807842
14463,3798.06836083931
14464,3799.32979160073
14465,3817.46058721622
14466,3811.30837588742
14467,3805.63733473213
14468,4671.26336031025
14469,4695.80870139275
14470,4706.2322067498
14471,4671.45133451184
14472,4657.7631059805
14473,4672.13063963935
14474,4701.15733057782
14475,4707.16063335226
14476,4664.83870877101
14477,4660.10319841456
14478,4673.84877316416
14479,4685.59424631558
14480,4658.60099861227
14481,4671.52877219774
14482,4707.57440228032
14483,4673.9976094171
14484,4675.99061162947
14485,4667.90909393919
14486,4672.8363967128
14487,4656.825708752
14488,4704.88025641272
14489,4668.17031737899
14490,4671.18142355535
14491,4705.47746419773
14492,4690.0011472036
14493,4683.22449445913
14494,4669.45512732797
14495,4662.52013518802
14496,4703.67381969626
14497,4672.36555627127
14498,4708.53776736109
14499,4668.4553727354
14500,4672.33039083169
14501,4683.66329426582
14502,4680.55626104014
14503,4667.38154659404
14504,4668.10773083176
14505,4671.40300513208
14506,4698.15943076146
14507,4662.70669919589
14508,4671.89917129866
14509,5394.79940107988
14510,5370.04840638139
14511,5399.74307837528
14512,5398.9677317027
14513,5370.2241625563
14514,5374.96868425894
14515,5381.21606126148
14516,5389.49636717491
14517,5365.47692674838
14518,5372.58525931084
14519,5389.65979189698
14520,5384.68604379804
14521,5374.72353316909
14522,5372.45740678517
14523,5395.47202400843
14524,5393.26030739113
14525,5375.56660564277
14526,5381.39739564318
14527,5398.41782797482
14528,5381.46567361103
14529,5396.28908811851
14530,5377.44074859584
14531,5377.23663433366
14532,5385.32745009993
14533,5383.78116046481
14534,5373.84045627529
14535,5371.09437571301
14536,5370.14729663046
14537,5381.60989723871
14538,5379.44749768997
14539,5372.29401175164
14540,5383.20428476899
14541,5373.29223121507
14542,5400.45223270589
14543,5371.69781736595
14544,5368.96826414311
14545,5399.64454497648
14546,5380.37495268491
14547,5375.66594425295
14548,5380.09439849538
14549,5371.55791805762
14550,5953.93694351315
14551,5948.19948522298
14552,5965.42335506971
14553,5956.21821714448
14554,5953.62119541745
14555,5981.98173289186
14556,5955.22078722113
14557,5957.3688702266
14558,5974.90979500728
14559,5966.37666474378
14560,5957.96020098541
14561,5951.5197655913
14562,5947.46818683669
14563,5983.18473174129
14564,5974.19589583692
14565,5960.42271738777
14566,5969.98234596656
14567,5946.24500724217
14568,5952.50792874043
14569,5961.23558757854
14570,5952.96694164236
14571,5947.86468263558
14572,5958.53850520839
14573,5955.86289266296
14574,5965.21390250079
14575,5982.43695986167
14576,5971.84866146962
14577,5951.82058166994
14578,5948.34592226758
14579,5987.52917969332
14580,5989.42839571591
14581,5961.00111159182
14582,5988.38009526428
14583,5961.54672789719
14584,5963.74376097688
14585,5946.48205401448
14586,5961.48458897885
14587,5990.34363985521
14588,5946.28709127129
14589,5990.85051255635
14590,5952.15543554157
14591,8804.27840902588
14592,8836.09857803446
14593,8791.34113845617
14594,8802.27830846494
14595,8826.0895985648
14596,8808.00760204384
14597,8800.18100102048
14598,8795.41526641531
14599,8788.69260243182
14600,8833.28692086196
14601,8795.70879973381
14602,8795.38953772911
14603,8816.48835319553
14604,8795.47535188593
14605,8797.91448713864
14606,8798.4158066497
14607,8794.14396976873
14608,8823.42360260248
14609,8829.4521026154
14610,8789.27510355013
14611,8789.73310048588
14612,8795.72237463735
14613,8793.20390804371
14614,8795.70228907154
14615,8797.17968241037
14616,8797.06363794136
14617,8832.47223262802
14618,8834.23760205242
14619,8812.61960878988
14620,8837.09797629077
14621,8790.20123329385
14622,8808.45244336282
14623,8792.41714189054
14624,8835.38623589958
14625,8813.84816239133
14626,8795.8973283277
14627,8791.78293083908
14628,8795.16532476867
14629,8791.52193965923
14630,8796.44322165522
14631,8832.89880440183
14632,8722.0482638978
14633,8719.39858452607
14634,8710.85608538372
14635,8723.94592618003
14636,8711.35161522872
14637,8720.53891647929
14638,8717.07506694893
14639,8706.00024890445
14640,8704.7280400236
14641,8706.00795346521
14642,8724.11879587861
14643,8720.52703976253
14644,8720.21860066809
14645,8724.30321775276
14646,8709.8410822739
14647,8712.17360807032
14648,8709.11094922616
14649,8709.69446964967
14650,8708.94560726995
14651,8723.1524065303
14652,8719.76785590594
14653,8704.40440272808
14654,8714.19896079046
14655,8712.95055874605
14656,8710.12610153031
14657,8710.70544228911
14658,8709.53498156584
14659,8710.44835199732
14660,8704.33848852531
14661,8708.8681509925
14662,8708.26920836677
14663,8710.31674911468
14664,8718.98039136533
14665,8711.75489082779
14666,8726.33161275784
14667,8712.37728386443
14668,8711.66286467892
14669,8722.11364569327
14670,8720.51905711169
14671,8713.74689072116
14672,6973.14956141797
14673,6977.97484286894
14674,6961.33140187881
14675,6978.77557696337
14676,6949.72683952492
14677,6945.89148101946
14678,6968.17829093357
14679,6961.91669190699
14680,6976.79842593505
14681,6955.4502024031
14682,6957.59236058814
14683,6953.08941546582
14684,6957.43612880057
14685,6972.22477981297
14686,6965.85691744113
14687,6950.02323852727
14688,6949.34877573424
14689,6957.74264362879
14690,6956.51464499771
14691,6969.06917838947
14692,6965.56142220657
14693,6973.92263002411
14694,6952.96159831273
14695,6966.10302281626
14696,6951.89249151258
14697,6949.43037718277
14698,6970.49877641184
14699,6953.67911458564
14700,6958.33253380895
14701,6955.0228478298
14702,6959.83395195909
14703,6960.43655960136
14704,6950.94935691535
14705,6968.02555583013
14706,6942.01814601305
14707,6952.47083436593
14708,6972.80107721457
14709,6947.08854667098
14710,6949.4685678879
14711,6952.9440341148
14712,6246.03011151189
14713,6249.87452871213
14714,6242.88531991252
14715,6244.5438026023
14716,6271.72372956369
14717,6244.69440609862
14718,6271.99840452592
14719,6277.2103208862
14720,6246.87280069426
14721,6251.6067019516
14722,6277.90634729277
14723,6261.04130640696
14724,6281.0333457623
14725,6242.32696080907
14726,6268.75570971214
14727,6251.02528121691
14728,6270.55160404019
14729,6243.64820838894
14730,6265.66396219847
14731,6256.66844276576
14732,6245.38915289407
14733,6276.16438078613
14734,6245.51155486567
14735,6248.2419755427
14736,6254.00521659539
14737,6242.74708780387
14738,6245.16649992967
14739,6275.54494080934
14740,6250.72415768024
14741,6252.47556253255
14742,6266.72405416732
14743,6277.52550145556
14744,6255.44256757616
14745,6266.78213973579
14746,6264.37702338122
14747,6244.29009082484
14748,6252.15993633798
14749,6254.51080198332
14750,6252.51659158524
14751,6248.62141535137
14752,6248.94260086278
14753,6096.74772808736
14754,6067.83140013098
14755,6068.67700071161
14756,6071.41736185182
14757,6051.2763277581
14758,6097.34318188417
14759,6051.8505198649
14760,6070.25065125942
14761,6072.2742853203
14762,6071.81381215455
14763,6057.22273457206
14764,6072.58903955663
14765,6093.60014276237
14766,6073.945369261
14767,6061.03709648605
14768,6094.29399737917
14769,6090.29531153143
14770,6065.85219427319
14771,6066.14499638525
14772,6098.5361951139
14773,6094.98847652964
14774,6069.98574771194
14775,6090.01370804589
14776,6076.44149876374
14777,6080.58682245125
14778,6079.93186979116
14779,6061.50803476193
14780,6069.41636432111
14781,6097.70380829209
14782,6084.03696588157
14783,6097.15438172582
14784,6067.05730842213
14785,6070.64387688918
14786,6085.60696039558
14787,6050.2244958184
14788,6054.0257255763
14789,6050.58194951197
14790,6067.87728920419
14791,6055.77532541488
14792,6076.99997202104
14793,6067.43875524001
14794,10531.0616872307
14795,10536.0256184414
14796,10532.1653665209
14797,10528.6159496252
14798,10551.8682383557
14799,10525.3718164696
14800,10559.1541138371
14801,10532.6835132449
14802,10546.7105992348
14803,10534.1325596606
14804,10523.1877491941
14805,10524.3873906578
14806,10531.6895903307
14807,10527.9177525116
14808,10557.5801596271
14809,10532.6866404269
14810,10556.9475049115
14811,10542.5476364658
14812,10555.503591355
14813,10522.5070251941
14814,10549.5935336967
14815,10559.9849019628
14816,10527.461491434
14817,10544.5325884826
14818,10527.8578152387
14819,10538.5509057858
14820,10542.7375720893
14821,10533.9447470163
14822,10537.1871628302
14823,10522.8959342533
14824,10523.0337498838
14825,10514.1718567254
14826,10521.5192708779
14827,10524.5754297901
14828,10549.5442559674
14829,10524.9742497823
14830,10535.7665104919
14831,10544.9185083202
14832,10518.3967852938
14833,10555.8207171903
14834,10528.7249009774
14835,7252.63866032595
14836,7229.88333105154
14837,7249.45760874904
14838,7286.21898994211
14839,7228.30972375188
14840,7241.62698708187
14841,7257.73266275869
14842,7268.40526811697
14843,7241.53349825838
14844,7229.07563736447
14845,7250.19792877124
14846,7223.13623204303
14847,7285.20394436182
14848,7237.44813482928
14849,7281.51677805776
14850,7232.64013105005
14851,7264.46547501046
14852,7225.21810855323
14853,7246.04799510062
14854,7250.0508139056
14855,7273.85355404888
14856,7274.45057821615
14857,7243.42924639575
14858,7277.87372685716
14859,7256.69562770717
14860,7287.35139593527
14861,7225.0045350984
14862,7285.9494358636
14863,7246.55362749667
14864,7218.94740148243
14865,7241.98629525391
14866,7235.74176582506
14867,7237.03005646438
14868,7272.09099409074
14869,7245.75697965609
14870,7283.42061985607
14871,7265.6726835131
14872,7229.23318991118
14873,7224.84365263792
14874,7236.14989505018
14875,7223.11398182855
14876,5114.50625139788
14877,5116.53581935606
14878,5138.17884180698
14879,5116.35856332477
14880,5107.33330754875
14881,5116.9343562077
14882,5119.56287101172
14883,5121.88399002743
14884,5117.55398963486
14885,5111.74310232177
14886,5112.59748372963
14887,5143.78681608783
14888,5128.21054768575
14889,5117.32396829114
14890,5116.51952430067
14891,5112.2527135242
14892,5146.10352480708
14893,5145.53120158871
14894,5107.03273579913
14895,5103.80059279282
14896,5103.90329111732
14897,5117.82377520531
14898,5137.09975264714
14899,5105.32831819134
14900,5103.32758255149
14901,5107.8116542297
14902,5120.276139006
14903,5121.43884100986
14904,5133.78752746346
14905,5142.63048885046
14906,5111.60495780419
14907,5120.6589283241
14908,5136.52021099181
14909,5118.83926959284
14910,5145.58385469429
14911,5130.305299792
14912,5126.48739145613
14913,5115.72170190336
14914,5122.37175406693
14915,5103.07221480232
14916,5104.24670698936
14917,4401.28927195901
14918,4386.76477144946
14919,4389.7431837138
14920,4393.30813772083
14921,4389.18705745533
14922,4390.94433274362
14923,4400.35007786026
14924,4388.18617225983
14925,4377.59139716288
14926,4387.37111686947
14927,4389.80006832198
14928,4388.17237403296
14929,4395.45924480417
14930,4389.90595274468
14931,4381.73299741689
14932,4380.32269702334
14933,4393.81025591427
14934,4397.51575242027
14935,4399.29485587604
14936,4379.33581715404
14937,4399.5962619466
14938,4388.97527196409
14939,4378.46811711642
14940,4392.33409823954
14941,4389.65132766561
14942,4389.1921269344
14943,4383.97601402699
14944,4389.69273793595
14945,4400.96714518366
14946,4386.63861724473
14947,4402.15523756314
14948,4386.36077192863
14949,4386.3353131434
14950,4396.08345471253
14951,4403.10520878159
14952,4402.03958465485
14953,4385.4058207588
14954,4381.25953909705
14955,4400.42537973075
14956,4389.93767880715
14957,9035.30725250295
14958,9029.88148299347
14959,9052.37238984285
14960,9048.52158393077
14961,9041.02598716492
14962,9034.65153813958
14963,9038.56320927067
14964,9037.41440320126
14965,9031.54442818168
14966,9031.20643452345
14967,9060.20443867226
14968,9036.85720973235
14969,9034.78995943344
14970,9036.26828555956
14971,9050.68045321077
14972,9050.50260861017
14973,9028.93100477859
14974,9029.67231671973
14975,9024.87728710963
14976,9033.0861343494
14977,9046.68317316791
14978,9039.39855061511
14979,9053.03046082875
14980,9028.58084275481
14981,9039.55203381536
14982,9032.18073936698
14983,9021.89503290911
14984,9037.28602190917
14985,9059.42856833908
14986,9059.55224826196
14987,9057.62513128855
14988,9053.56301973594
14989,9031.28106064951
14990,9036.4434025728
14991,9038.35077946974
14992,9060.45714992135
14993,9053.65423016318
14994,9047.42041134173
14995,9029.57998762923
14996,9029.26716279924
14997,9057.31154220678
14998,4451.51030366485
14999,4424.14836640937
15000,4425.63529720079
15001,4426.51112575662
15002,4411.97961714756
15003,4422.50177441802
15004,4416.74937369107
15005,4428.68506075513
15006,4439.8371568439
15007,4420.33663864604
15008,4430.31943643724
15009,4419.1293090525
15010,4413.02936334053
15011,4423.82792990744
15012,4422.06288292645
15013,4457.09863225361
15014,4417.18221923866
15015,4412.1911800683
15016,4423.24963906121
15017,4445.5862844415
15018,4421.63333095946
15019,4454.96122938259
15020,4438.20857225481
15021,4420.74916846308
15022,4419.23603573874
15023,4438.44836482085
15024,4412.07825707237
15025,4434.58029117734
15026,4420.50811518228
15027,4453.5860501021
15028,4414.74521877148
15029,4455.88175396762
15030,4423.95655656073
15031,4451.70628225038
15032,4420.4932702716
15033,4446.96605137461
15034,4457.86775960875
15035,4455.36486880468
15036,4415.46598028648
15037,4426.81557215132
15038,4424.4959379019
15039,6605.21172751803
15040,6564.94829740487
15041,6562.40295875927
15042,6567.8501264534
15043,6579.04744307597
15044,6583.95317430695
15045,6571.37431487113
15046,6570.12692727235
15047,6572.88773997259
15048,6564.813433728
15049,6562.33957222626
15050,6557.57349074644
15051,6587.69960150229
15052,6599.40735552979
15053,6573.56088668063
15054,6592.17962782233
15055,6566.04958618977
15056,6597.35044773901
15057,6560.10810177031
15058,6607.16911968146
15059,6569.65666406239
15060,6560.62688176985
15061,6573.24571079522
15062,6569.07545974517
15063,6603.79330481073
15064,6571.23680693426
15065,6605.58205783315
15066,6591.50308488544
15067,6585.62690545302
15068,6577.82660103427
15069,6558.04552441939
15070,6565.80477783464
15071,6569.88636884683
15072,6608.22702283316
15073,6607.91370308001
15074,6566.9256504438
15075,6607.76379843992
15076,6576.39150763928
15077,6601.18208003902
15078,6569.36309922847
15079,6584.78282754023
15080,3190.77668384031
15081,3189.1128444213
15082,3172.74997900137
15083,3161.75385367213
15084,3144.37931657316
15085,3160.62827431509
15086,3150.2551836774
15087,3157.99924976168
15088,3151.14239117422
15089,3166.96599357813
15090,3165.84921781221
15091,3141.87939955716
15092,3146.27143550201
15093,3151.76254339651
15094,3157.87443106605
15095,3161.69735387687
15096,3149.79467054963
15097,3141.92062267221
15098,3148.34254634513
15099,3180.56845389155
15100,3154.12392745413
15101,3145.81259709739
15102,3181.69140418337
15103,3156.01195825024
15104,3195.20202026255
15105,3183.88354434244
15106,3149.96366194374
15107,3193.24564274891
15108,3137.85322926224
15109,3176.93690583016
15110,3156.32842537835
15111,3150.82166349224
15112,3193.80357311347
15113,3153.53151485934
15114,3171.48566367185
15115,3153.72252754549
15116,3151.08861651561
15117,3173.83844053673
15118,3192.83193482082
15119,3160.35992169466
15120,3185.60578218589
15121,4653.95799644978
15122,4635.82444008761
15123,4651.63169803137
15124,4656.70502844213
15125,4634.81712116831
15126,4646.16737139617
15127,4681.71413595274
15128,4669.29330615671
15129,4648.66552236202
15130,4653.43298780509
15131,4655.21492749195
15132,4642.69572445291
15133,4681.01036113394
15134,4638.74674233523
15135,4652.51032662882
15136,4670.64842024239
15137,4639.79820085994
15138,4638.7106353717
15139,4656.50507860762
15140,4655.66659355727
15141,4682.42845511619
15142,4641.90949969475
15143,4677.99649629997
15144,4637.36674068666
15145,4683.44503714477
15146,4648.48273473464
15147,4667.10616526684
15148,4657.31671693315
15149,4631.18367536234
15150,4659.97979247777
15151,4684.89728699966
15152,4642.26071034417
15153,4638.38310585209
15154,4672.37355878834
15155,4635.82210835475
15156,4666.17803036007
15157,4641.72736844756
15158,4651.21199987804
15159,4684.04325612993
15160,4674.96752777457
15161,4646.1894161906
15162,6866.12383790344
15163,6861.78337253052
15164,6876.22678064436
15165,6866.32910284927
15166,6870.83910730622
15167,6859.70044948318
15168,6875.64103058884
15169,6866.54199071104
15170,6854.81313740971
15171,6861.94561044077
15172,6861.21153416055
15173,6866.43551011682
15174,6856.52302548922
15175,6872.99183199253
15176,6862.68366804194
15177,6867.8263717477
15178,6856.36809211828
15179,6878.00374755506
15180,6858.02842657452
15181,6864.16833859538
15182,6855.60870063439
15183,6872.9322706972
15184,6874.12889170398
15185,6863.64078882626
15186,6873.84570383269
15187,6876.25912457228
15188,6855.14371053101
15189,6864.8975622463
15190,6868.59783128277
15191,6864.00461838803
15192,6855.58696312874
15193,6861.53147689655
15194,6869.91513575362
15195,6857.33590174923
15196,6854.23828075245
15197,6871.08588184757
15198,6866.32758961321
15199,6857.14128010313
15200,6862.66062392463
15201,6866.66157043903
15202,6859.12746116884
15203,6073.38643152501
15204,6085.91711864255
15205,6084.9958030109
15206,6069.06465150659
15207,6080.20079178365
15208,6083.47753778152
15209,6082.16970402925
15210,6100.5379787349
15211,6098.98070680777
15212,6083.43237536943
15213,6077.29999567388
15214,6095.87813042717
15215,6081.00867128395
15216,6099.76794142545
15217,6070.77052582974
15218,6098.14965175627
15219,6087.01489069222
15220,6082.08985663541
15221,6099.52777651562
15222,6082.07156340259
15223,6086.42297546777
15224,6082.91328281363
15225,6073.75294865402
15226,6087.73639458116
15227,6100.76540682742
15228,6085.9741580327
15229,6091.89141163079
15230,6084.39960826739
15231,6076.6532185143
15232,6087.09690636074
15233,6083.51941162478
15234,6100.58518215774
15235,6089.84669901487
15236,6087.92959401537
15237,6069.78342178924
15238,6070.37394198063
15239,6082.51717470141
15240,6095.31899267866
15241,6085.58308682645
15242,6099.85793262468
15243,5146.32249066415
15244,5134.21667657177
15245,5131.19481238857
15246,5141.51873414455
15247,5145.66523170216
15248,5138.51133825016
15249,5139.76854182766
15250,5142.76915218743
15251,5142.31673351416
15252,5139.23395896242
15253,5143.61320803998
15254,5133.89685631957
15255,5133.77413157104
15256,5140.75407089235
15257,5143.80025427893
15258,5142.59395513141
15259,5143.26420455148
15260,5136.10904546225
15261,5144.99301835234
15262,5145.75686069688
15263,5146.17064037303
15264,5140.09688988963
15265,5145.16156870599
15266,5137.0009500215
15267,5133.89468484757
15268,5133.7878499073
15269,5136.4216897343
15270,5130.57019212219
15271,5136.4194514464
15272,5137.16276970632
15273,5131.5947985251
15274,5130.99695085319
15275,5141.66178977123
15276,5142.28954006645
15277,5147.64275109073
15278,5131.74559404337
15279,5135.60490177235
15280,5133.49377849517
15281,5145.40917236695
15282,5135.27537607678
15283,8412.85304628947
15284,8400.91684821336
15285,8401.38959302611
15286,8433.13131082922
15287,8416.6781569529
15288,8433.82202652892
15289,8431.14022587283
15290,8416.64049981177
15291,8430.76472993499
15292,8414.48020682882
15293,8427.092206098
15294,8419.22443376209
15295,8423.36222126704
15296,8413.76816770857
15297,8432.55599675114
15298,8412.25596336091
15299,8417.7935734552
15300,8420.11609773073
15301,8400.28519846072
15302,8433.07419368849
15303,8418.14111535034
15304,8429.8766819885
15305,8418.71816920497
15306,8417.66158026242
15307,8403.07646186173
15308,8409.93163719009
15309,8431.86062940163
15310,8421.78830595289
15311,8431.4400705346
15312,8431.78390948178
15313,8412.84068213425
15314,8409.0614597168
15315,8416.04566247874
15316,8406.89946967228
15317,8423.27689464784
15318,8415.09102700252
15319,8413.69515276701
15320,8417.47586246736
15321,8406.14447645723
15322,8418.68856362791
15323,9253.85833203414
15324,9249.90199983245
15325,9249.72119822901
15326,9277.6265345308
15327,9245.43540785922
15328,9288.31064301084
15329,9245.95642371663
15330,9236.62031646329
15331,9250.05946971312
15332,9239.41458398522
15333,9286.97286158906
15334,9270.8881081465
15335,9276.18421960574
15336,9242.61735236407
15337,9239.07873314195
15338,9287.38878723807
15339,9258.41390149764
15340,9272.45925159615
15341,9237.34503862197
15342,9288.76536846952
15343,9254.96646539058
15344,9252.59966230955
15345,9283.4709420725
15346,9247.97339909166
15347,9267.22149858589
15348,9247.42615158301
15349,9246.25115828395
15350,9263.00819441642
15351,9288.84284165337
15352,9243.60064490715
15353,9282.94054445656
15354,9263.92307691067
15355,9261.58557602058
15356,9253.84436120245
15357,9235.16010540782
15358,9251.84723820662
15359,9256.47999262211
15360,9250.25086548014
15361,9283.04460657697
15362,9236.61620859208
15363,9249.27017411636
15364,11073.5658969233
15365,11083.8487357811
15366,11107.5873066258
15367,11092.5281799096
15368,11075.4605589456
15369,11101.1576625538
15370,11111.3911585381
15371,11069.4267915259
15372,11097.6328132598
15373,11107.4843441978
15374,11094.4971670478
15375,11107.4566318011
15376,11100.2727947487
15377,11104.9479074916
15378,11067.4784333419
15379,11091.7034678665
15380,11071.418730971
15381,11071.3648329683
15382,11080.3014947745
15383,11105.3281419434
15384,11060.3658720448
15385,11112.438830665
15386,11086.8574924893
15387,11095.3224996978
15388,11068.3823600992
15389,11079.8708016175
15390,11081.2276586783
15391,11100.6818499069
15392,11071.7659082834
15393,11093.5458929256
15394,11081.2445697807
15395,11094.0048905268
15396,11076.120531594
15397,11069.2928184625
15398,11075.8595348535
15399,11086.6246381762
15400,11085.3342839457
15401,11092.6372118209
15402,11090.1633777809
15403,11088.6292528612
15404,11087.7034715828
15405,5402.43173312582
15406,5394.66844589579
15407,5389.61193905332
15408,5426.85392049211
15409,0
15410,0
15411,0
15412,0
15413,0
15414,0
15415,0
15416,0
15417,0
15418,0
15419,0
15420,0
15421,0
15422,0
15423,0
15424,0
15425,0
15426,0
15427,0
15428,0
15429,0
15430,0
15431,0
15432,0
15433,0
15434,0
15435,0
15436,0
15437,0
15438,0
15439,0
15440,0
15441,0
15442,0
15443,0
15444,0
15445,0
15446,0
15447,0
15448,0
15449,0
15450,0
15451,0
15452,0
15453,0
15454,0
15455,0
15456,0
15457,0
15458,0
15459,0
15460,0
15461,0
15462,0
15463,0
15464,0
15465,0
15466,0
15467,0
15468,0
15469,0
15470,0
15471,0
15472,0
15473,0
15474,0
15475,0
15476,0
15477,0
15478,0
15479,0
15480,0
15481,0
15482,0
15483,0
15484,0
15485,0
15486,0
15487,0
15488,0
15489,0
15490,0
15491,0
15492,0
15493,0
15494,0
15495,0
15496,0
15497,0
15498,0
15499,0
15500,5387.9900614779
15501,0
15502,0
15503,0
15504,0
15505,0
15506,0
15507,0
15508,0
15509,0
15510,0
15511,0
15512,0
15513,0
15514,0
15515,0
15516,0
15517,0
15518,0
15519,0
15520,0
15521,0
15522,0
15523,0
15524,0
15525,0
15526,0
15527,0
15528,0
15529,0
15530,0
15531,0
15532,0
15533,0
15534,0
15535,0
15536,0
15537,0
15538,0
15539,0
15540,0
15541,0
15542,0
15543,0
15544,0
15545,0
15546,0
15547,0
15548,0
15549,0
15550,0
15551,0
15552,0
15553,0
15554,0
15555,0
15556,0
15557,0
15558,0
15559,0
15560,0
15561,0
15562,0
15563,0
15564,0
15565,0
15566,0
15567,0
15568,5409.00307981918
15569,0
15570,0
15571,0
15572,0
15573,0
15574,0
15575,0
15576,0
15577,0
15578,0
15579,0
15580,0
15581,0
15582,0
15583,0
15584,0
15585,0
15586,0
15587,0
15588,0
15589,0
15590,0
15591,0
15592,0
15593,0
15594,0
15595,0
15596,0
15597,0
15598,0
15599,0
15600,0
15601,0
15602,0
15603,0
15604,0
15605,0
15606,0
15607,0
15608,0
15609,5373.84805959993
15610,5433.0917744401
15611,0
15612,0
15613,0
15614,0
15615,0
15616,0
15617,0
15618,5399.9680590793
15619,0
15620,0
15621,0
15622,0
15623,0
15624,0
15625,0
15626,0
15627,0
15628,0
15629,0
15630,0
15631,0
15632,0
15633,0
15634,0
15635,0
15636,0
15637,5420.85232567187
15638,0
15639,0
15640,0
15641,0
15642,0
15643,0
15644,0
15645,0
15646,0
15647,5386.88344898981
15648,0
15649,0
15650,0
15651,0
15652,0
15653,0
15654,0
15655,0
15656,0
15657,0
15658,0
15659,0
15660,0
15661,0
15662,0
15663,0
15664,0
15665,5367.14583266892
15666,0
15667,0
15668,0
15669,0
15670,0
15671,0
15672,0
15673,0
15674,0
15675,0
15676,0
15677,0
15678,0
15679,0
15680,0
15681,0
15682,5429.67593769281
15683,0
15684,0
15685,0
15686,0
15687,0
15688,0
15689,0
15690,0
15691,0
15692,0
15693,0
15694,0
15695,0
15696,0
15697,0
15698,0
15699,0
15700,0
15701,0
15702,0
15703,0
15704,0
15705,0
15706,0
15707,0
15708,0
15709,0
15710,0
15711,0
15712,0
15713,0
15714,0
15715,0
15716,0
15717,0
15718,0
15719,0
15720,0
15721,0
15722,0
15723,0
15724,0
15725,0
15726,0
15727,0
15728,0
15729,0
15730,0
15731,0
15732,0
15733,0
15734,0
15735,0
15736,0
15737,0
15738,0
15739,0
15740,0
15741,0
15742,0
15743,0
15744,5423.40073714719
15745,0
15746,0
15747,0
15748,0
15749,0
15750,0
15751,0
15752,0
15753,0
15754,0
15755,0
15756,0
15757,0
15758,5396.17816891006
15759,0
15760,0
15761,0
15762,0
15763,0
15764,0
15765,0
15766,0
15767,0
15768,0
15769,0
15770,0
15771,0
15772,0
15773,0
15774,0
15775,0
15776,0
15777,0
15778,0
15779,0
15780,0
15781,0
15782,0
15783,0
15784,0
15785,0
15786,0
15787,0
15788,0
15789,0
15790,0
15791,0
15792,0
15793,0
15794,0
15795,0
15796,0
15797,0
15798,0
15799,0
15800,0
15801,5374.57343376177
15802,0
15803,0
15804,0
15805,0
15806,0
15807,0
15808,0
15809,0
15810,0
15811,5386.83252893195
15812,0
15813,0
15814,0
15815,5429.07554155466
15816,0
15817,0
15818,0
15819,0
15820,0
15821,0
15822,0
15823,0
15824,0
15825,0
15826,0
15827,0
15828,0
15829,0
15830,0
15831,0
15832,0
15833,0
15834,0
15835,0
15836,0
15837,0
15838,0
15839,0
15840,0
15841,0
15842,5410.49515182104
15843,0
15844,0
15845,0
15846,0
15847,0
15848,0
15849,0
15850,0
15851,0
15852,0
15853,0
15854,0
15855,0
15856,5385.28230165234
15857,0
15858,0
15859,0
15860,0
15861,0
15862,0
15863,0
15864,0
15865,0
15866,0
15867,0
15868,0
15869,0
15870,0
15871,0
15872,0
15873,0
15874,0
15875,0
15876,0
15877,0
15878,0
15879,0
15880,0
15881,0
15882,0
15883,0
15884,0
15885,0
15886,0
15887,0
15888,0
15889,0
15890,0
15891,0
15892,0
15893,0
15894,0
15895,0
15896,0
15897,0
15898,0
15899,0
15900,0
15901,0
15902,0
15903,0
15904,0
15905,0
15906,0
15907,0
15908,0
15909,0
15910,0
15911,0
15912,0
15913,0
15914,0
15915,0
15916,0
15917,0
15918,0
15919,0
15920,0
15921,0
15922,0
15923,0
15924,0
15925,0
15926,0
15927,0
15928,0
15929,0
15930,0
15931,5393.930751598
15932,0
15933,0
15934,0
15935,0
15936,0
15937,0
15938,0
15939,0
15940,0
15941,0
15942,0
15943,0
15944,0
15945,0
15946,0
15947,0
15948,0
15949,0
15950,0
15951,0
15952,0
15953,0
15954,0
15955,0
15956,0
15957,0
15958,0
15959,0
15960,0
15961,0
15962,0
15963,0
15964,0
15965,0
15966,0
15967,0
15968,0
15969,0
15970,0
15971,0
15972,0
15973,0
15974,0
15975,5394.42122826312
15976,5366.4914052374
15977,0
15978,0
15979,0
15980,0
15981,0
15982,0
15983,0
15984,0
15985,0
15986,0
15987,0
15988,0
15989,0
15990,0
15991,0
15992,0
15993,0
15994,0
15995,0
15996,0
15997,0
15998,0
15999,0
16000,0
16001,0
16002,0
16003,0
16004,5385.89478462552
16005,0
16006,0
16007,0
16008,0
16009,0
16010,0
16011,0
16012,0
16013,0
16014,0
16015,0
16016,0
16017,0
16018,0
16019,0
16020,0
16021,0
16022,0
16023,0
16024,0
16025,0
16026,0
16027,0
16028,0
16029,0
16030,0
16031,0
16032,0
16033,0
16034,0
16035,0
16036,0
16037,0
16038,0
16039,0
16040,0
16041,0
16042,0
16043,0
16044,0
16045,0
16046,0
16047,0
16048,0
16049,0
16050,0
16051,0
16052,0
16053,0
16054,0
16055,0
16056,0
16057,0
16058,0
16059,0
16060,0
16061,0
16062,0
16063,0
16064,0
16065,0
16066,0
16067,0
16068,0
16069,0
16070,0
16071,0
16072,0
16073,0
16074,5419.97256982238
16075,0
16076,0
16077,0
16078,5390.81833688887
16079,0
16080,0
16081,0
16082,0
16083,0
16084,0
16085,0
16086,0
16087,0
16088,0
16089,0
16090,0
16091,0
16092,0
16093,0
16094,0
16095,0
16096,0
16097,0
16098,0
16099,0
16100,0
16101,0
16102,0
16103,0
16104,0
16105,0
16106,0
16107,0
16108,0
16109,0
16110,0
16111,0
16112,0
16113,0
16114,0
16115,0
16116,0
16117,0
16118,0
16119,0
16120,0
16121,0
16122,0
16123,0
16124,0
16125,0
16126,0
16127,0
16128,0
16129,5380.44744236251
16130,0
16131,0
16132,0
16133,0
16134,0
16135,0
16136,0
16137,0
16138,0
16139,0
16140,0
16141,0
16142,0
16143,0
16144,5401.99217270414
16145,0
16146,0
16147,0
16148,0
16149,0
16150,0
16151,0
16152,0
16153,0
16154,0
16155,0
16156,0
16157,0
16158,0
16159,0
16160,0
16161,0
16162,0
16163,0
16164,0
16165,0
16166,0
16167,0
16168,0
16169,0
16170,0
16171,0
16172,0
16173,0
16174,0
16175,0
16176,0
16177,0
16178,0
16179,0
16180,0
16181,0
16182,0
16183,0
16184,0
16185,0
16186,0
16187,0
16188,0
16189,0
16190,0
16191,0
16192,0
16193,0
16194,0
16195,0
16196,0
16197,0
16198,0
16199,0
16200,0
16201,0
16202,0
16203,0
16204,0
16205,0
16206,0
16207,0
16208,5387.98163039811
16209,0
16210,0
16211,0
16212,0
16213,0
16214,0
16215,0
16216,0
16217,0
16218,0
16219,0
16220,0
16221,0
16222,0
16223,0
16224,0
16225,0
16226,0
16227,0
16228,0
16229,0
16230,0
16231,0
16232,0
16233,0
16234,0
16235,0
16236,0
16237,0
16238,0
16239,0
16240,0
16241,0
16242,0
16243,0
16244,0
16245,0
16246,0
16247,0
16248,0
16249,5409.5725912766
16250,5415.46370438989
16251,0
16252,0
16253,0
16254,0
16255,0
16256,0
16257,0
16258,0
16259,0
16260,0
16261,0
16262,0
16263,0
16264,0
16265,5417.32173072634
16266,5433.8787008287
16267,5378.32901217098
16268,5379.73348441983
16269,5405.20276083636
16270,5371.22964299396
16271,5400.33571390111
16272,5409.48088971235
16273,5383.45885268572
16274,5386.06376167221
16275,5410.76710271404
16276,5428.27233025891
16277,5409.66922046962
16278,5391.75349304252
16279,5399.71212691704
16280,5387.80922057367
16281,5387.08720195353
16282,9843.54356519613
16283,9841.61944509277
16284,9851.87992143832
16285,9845.09328621901
16286,9857.89606189211
16287,9842.33859658608
16288,9843.8280210599
16289,9851.27694261484
16290,9847.26571309774
16291,9857.27877263437
16292,9843.37483408161
16293,9838.1934509325
16294,9838.45598358587
16295,9842.55057374977
16296,9857.75054022389
16297,9834.66801997805
16298,9842.77510558693
16299,9857.55253016302
16300,9860.26842810305
16301,9846.91091077182
16302,9859.45014958862
16303,9837.19243361621
16304,9856.77439284031
16305,9843.22801133767
16306,9847.55153684956
16307,9853.53900431049
16308,9852.20555527653
16309,9850.78766938195
16310,9850.20689385124
16311,9851.17906494541
16312,9850.18250630664
16313,9854.7164707576
16314,9842.14898104888
16315,9844.2058180747
16316,9845.87812305102
16317,9848.3976310625
16318,9845.20793617759
16319,9856.77654780093
16320,9843.70635006414
16321,9855.75309678689
16322,3147.82802555329
16323,3159.29790475824
16324,3147.73987391578
16325,3166.89625675618
16326,3157.59460231566
16327,3153.62226720274
16328,3143.86176594604
16329,3142.42416762605
16330,3166.45212621045
16331,3133.24061934808
16332,3169.17726543135
16333,3157.40516137614
16334,3174.63279519007
16335,3178.22129455807
16336,3142.51006980438
16337,3138.63194815897
16338,3152.83174022078
16339,3141.75493161663
16340,3138.6375987636
16341,3178.54431094334
16342,3145.91449435115
16343,3175.32032161888
16344,3136.12358873736
16345,3179.89165935325
16346,3146.9267118367
16347,3162.73700845376
16348,3155.91824507878
16349,3128.88990570457
16350,3153.34802186093
16351,3165.61233995728
16352,3146.69376700116
16353,3151.20601865978
16354,3159.08612390545
16355,3160.08078431356
16356,3138.96100122445
16357,3145.64541798729
16358,3160.75763740004
16359,3145.94117422068
16360,3143.02763399597
16361,3181.11978417773
16362,3143.84327129888
16363,4991.81205831735
16364,5036.44765965465
16365,5015.38185991785
16366,5004.28261886359
16367,4997.57503737539
16368,5002.47459081776
16369,5002.14866852888
16370,5000.15457607939
16371,4998.73291436549
16372,5027.09584400785
16373,4995.74333083206
16374,5012.15190113104
16375,5031.00032104945
16376,5004.97161781488
16377,5019.34345550235
16378,4997.04052443332
16379,4989.71159442974
16380,5013.14577616609
16381,4998.31216676289
16382,5035.55627640636
16383,5035.17767145774
16384,5018.81706182619
16385,4997.28574301052
16386,5032.75571880471
16387,4992.35202022017
16388,5012.68092168891
16389,5005.74320110328
16390,4990.55926904873
16391,5008.11676274301
16392,4991.50425029396
16393,5007.02796750435
16394,4992.98234131444
16395,5018.12426748112
16396,5022.66733898473
16397,5008.27527560135
16398,5002.82190483554
16399,5001.71167964564
16400,5009.00450371581
16401,5038.15040019479
16402,5000.43736950057
16403,5026.72664854075
16404,6252.79109206229
16405,6273.32834951111
16406,6249.76818931138
16407,6269.78622491317
16408,6248.06048705076
16409,6238.95701017743
16410,6255.65995378299
16411,6246.80203237132
16412,6233.03999980879
16413,6270.86784263509
16414,6250.96718341872
16415,6242.51759279066
16416,6230.45838828291
16417,6249.37060484326
16418,6246.86940380588
16419,6236.27928246208
16420,6241.71419447095
16421,6249.27724669106
16422,6273.54859797274
16423,6248.95298621185
16424,6248.02230278053
16425,6255.16969995812
16426,6250.37605832775
16427,6247.58882269419
16428,6245.98240074786
16429,6271.02621400076
16430,6242.1924052845
16431,6245.09726578648
16432,6274.30082460551
16433,6238.07486487179
16434,6259.56283847722
16435,6245.03923572173
16436,6250.62631620017
16437,6241.42800644184
16438,6230.85648721178
16439,6250.69698371186
16440,6266.40003512941
16441,6273.12816074502
16442,6266.97242310606
16443,6263.26218702639
16444,6244.33767427218
16445,4379.1535140773
16446,4379.40087527315
16447,4405.58752364267
16448,4386.76854365292
16449,4390.38285488549
16450,4382.69818376762
16451,4411.27783583115
16452,4384.69529119878
16453,4389.89105717062
16454,4380.13376643375
16455,4384.944381366
16456,4394.42306385827
16457,4378.71820740922
16458,4379.20216792968
16459,4372.4225015965
16460,4372.10485353026
16461,4386.57884751071
16462,4382.37104227792
16463,4408.90345496723
16464,4402.33902669593
16465,4384.20910181802
16466,4378.90726359804
16467,4407.35644029343
16468,4378.62541175299
16469,4384.1915803467
16470,4394.85625543472
16471,4411.39766640783
16472,4381.50663409304
16473,4385.39579079917
16474,4381.20538551565
16475,4398.31235346282
16476,4375.18721421314
16477,4377.84764658787
16478,4412.16564594408
16479,4386.32496319831
16480,4371.05194380471
16481,4385.2438845456
16482,4382.88220997997
16483,4412.68906231619
16484,4405.05325752648
16485,4383.72812848391
16486,8422.61810575107
16487,8447.85716621256
16488,8412.00690023576
16489,8443.28546023722
16490,8435.25640231447
16491,8411.6039351846
16492,8414.72144886083
16493,8437.29113122097
16494,8413.51827841802
16495,8441.83179010258
16496,8417.23918431069
16497,8411.7879073335
16498,8424.5692532968
16499,8414.4934668451
16500,8445.30278333016
16501,8417.55767688598
16502,8417.13466907701
16503,8419.26821911772
16504,8415.28249550271
16505,8411.42097960535
16506,8420.07370200632
16507,8412.55774339479
16508,8435.47518461104
16509,8408.50361664629
16510,8445.27944422087
16511,8447.30649547203
16512,8422.31072183024
16513,8423.7099789555
16514,8435.47235627118
16515,8412.16852571657
16516,8443.4789899645
16517,8445.8527539733
16518,8410.37348330552
16519,8430.57046293127
16520,8412.59380526447
16521,8426.28571444959
16522,8423.98061288564
16523,8427.52680680581
16524,8447.19587819747
16525,8439.61699363507
16526,8423.8570641665
16527,4743.55428879272
16528,4729.76486567202
16529,4740.87193832654
16530,4761.39203361591
16531,4749.34347013819
16532,4728.46171056244
16533,4769.65320387285
16534,4765.29383384792
16535,4734.45576735045
16536,4749.88393954407
16537,4733.22459572693
16538,4752.78148700331
16539,4749.20160869685
16540,4734.25231621373
16541,4734.68265164424
16542,4735.94933254199
16543,4747.37389830706
16544,4739.76471665784
16545,4754.6952109257
16546,4739.33422766523
16547,4752.24855460159
16548,4758.75080896884
16549,4767.82498228092
16550,4726.53969009684
16551,4732.57934157791
16552,4755.70654371731
16553,4729.48138905938
16554,4746.64526690698
16555,4752.1892968073
16556,4766.2685431814
16557,4770.59049948161
16558,4748.65631641664
16559,4732.29006328659
16560,4758.1911825164
16561,4768.48649954472
16562,4734.88207097561
16563,4736.79171113118
16564,4749.71263805621
16565,4742.90556493162
16566,4736.21015825795
16567,4730.76600945096
16568,5100.32162769018
16569,5101.53628513022
16570,5108.43106709231
16571,5138.6517425265
16572,5114.73744233291
16573,5095.13261379162
16574,5091.50579904735
16575,5097.30963598821
16576,5106.73027277472
16577,5140.44653015389
16578,5101.36017133541
16579,5142.01960732086
16580,5095.54086076853
16581,5085.40968514332
16582,5104.61699488933
16583,5129.40387414499
16584,5136.3792160349
16585,5097.49031903079
16586,5100.53472605874
16587,5142.3656359413
16588,5095.21356276025
16589,5096.53867415055
16590,5133.61058405179
16591,5109.36227734384
16592,5104.39444225074
16593,5101.21070716405
16594,5105.07030047352
16595,5081.87315951376
16596,5092.2010951504
16597,5140.60139266212
16598,5116.43637143708
16599,5115.33745007388
16600,5093.13453848847
16601,5142.71735497146
16602,5116.18723392308
16603,5109.76903969942
16604,5128.57329589849
16605,5122.87751877828
16606,5132.27177201603
16607,5089.75746197688
16608,5124.61871495949
16609,8277.52502409692
16610,8252.15343964561
16611,8241.7299144607
16612,8238.71796706207
16613,8284.76283880318
16614,8241.44026017323
16615,8227.39785982979
16616,8237.93847707762
16617,8234.32347782174
16618,8251.76415219404
16619,8273.55788743985
16620,8246.17075251025
16621,8283.63344856497
16622,8241.22476832851
16623,8235.82098318573
16624,8257.50539120824
16625,8248.68412417604
16626,8258.97383642158
16627,8285.78379636654
16628,8251.85680910657
16629,8282.64274110169
16630,8230.82193938218
16631,8237.75479211121
16632,8245.6216306629
16633,8274.29048831189
16634,8268.6189004126
16635,8260.36646674924
16636,8245.76592309326
16637,8248.59994353536
16638,8265.55922915663
16639,8234.06502429353
16640,8241.25423192725
16641,8286.4254770106
16642,8244.92938835383
16643,8281.51004607018
16644,8234.72760532357
16645,8266.13810815393
16646,8233.450751696
16647,8254.85064152368
16648,8272.00208183992
16649,8243.85926955151
16650,10689.0277399947
16651,10725.9006758076
16652,10688.2650014051
16653,10716.4759722176
16654,10686.3849404179
16655,10717.753274752
16656,10694.0870665218
16657,10678.3439796233
16658,10699.3484679114
16659,10699.9339638466
16660,10724.0794445075
16661,10681.6374376819
16662,10726.1492209985
16663,10675.0845462079
16664,10692.8301382886
16665,10679.9371557586
16666,10724.1254332911
16667,10728.152632606
16668,10706.438813575
16669,10697.0190851609
16670,10710.0080947265
16671,10692.627626241
16672,10690.1747598292
16673,10712.505050571
16674,10719.8566141903
16675,10692.601966595
16676,10729.3783070613
16677,10683.4293024519
16678,10688.0328178636
16679,10701.9099949263
16680,10706.4114228701
16681,10687.6045242276
16682,10687.8209603045
16683,10695.286170999
16684,10713.0709425334
16685,10688.4856394283
16686,10691.7875219295
16687,10718.3887274078
16688,10697.4551583323
16689,10700.3665971805
16690,10708.6454537711
16691,8733.12361983045
16692,8691.2602607017
16693,8735.51717979581
16694,8695.33019833317
16695,8723.34210248945
16696,8695.32573426111
16697,8733.68588727336
16698,8693.96489131861
16699,8710.2556515205
16700,8735.334010863
16701,8691.47923848668
16702,8690.61083004363
16703,8700.17747470678
16704,8718.51650686451
16705,8695.22578887118
16706,8693.25298853813
16707,8692.26298670865
16708,8698.94498491859
16709,8693.98384701692
16710,8731.13383845861
16711,8713.81835522226
16712,8713.52080987947
16713,8729.19818011095
16714,8735.00300387503
16715,8727.6249578523
16716,8693.36083569176
16717,8730.40596882807
16718,8711.86141493184
16719,8694.40326789902
16720,8690.96410985394
16721,8703.09077645547
16722,8693.73413497091
16723,8693.56462999305
16724,8692.07308469211
16725,8696.37420700882
16726,8705.54785113991
16727,8699.41044932574
16728,8717.06036991942
16729,8700.54928456865
16730,8692.74262333535
16731,8707.26248550565
16732,5264.97597418852
16733,5235.70599893561
16734,5274.60327059878
16735,5276.32040141639
16736,5275.0161545472
16737,5275.18996541437
16738,5231.46480017962
16739,5223.68583091594
16740,5227.70011852412
16741,5227.80969752614
16742,5265.61699104311
16743,5242.7650726452
16744,5245.77947888661
16745,5235.07083336283
16746,5260.18907964965
16747,5244.64718919081
16748,5240.52571356509
16749,5234.23719839799
16750,5235.10039192817
16751,5237.91513242704
16752,5271.16585738516
16753,5238.73023547482
16754,5269.37165537641
16755,5231.25653604367
16756,5275.43540199825
16757,5227.99151904376
16758,5237.75487340623
16759,5249.7917341753
16760,5243.54465208941
16761,5242.10874107618
16762,5271.38329227423
16763,5236.486045961
16764,5250.29280372391
16765,5255.27005330458
16766,5240.26829017469
16767,5241.89444494608
16768,5226.04257663766
16769,5225.91731790618
16770,5246.49243784237
16771,5239.67961866112
16772,5258.90822023572
16773,5025.31264428235
16774,4999.61082880195
16775,5002.4003662902
16776,5000.04887786572
16777,4989.83354873485
16778,5007.05985483084
16779,5036.71994557974
16780,5028.9754899837
16781,5037.34068836678
16782,5022.35924391323
16783,4995.25481258442
16784,4998.2957063933
16785,4993.14813224193
16786,5034.1418978481
16787,5006.15164663843
16788,4991.44245583797
16789,5015.42405998977
16790,5009.1621644738
16791,5006.31300179299
16792,5039.04121947059
16793,4996.44746315024
16794,5003.52602701529
16795,5027.90351977946
16796,5016.18994457376
16797,5020.36374856793
16798,5032.53443437988
16799,5016.93157992763
16800,5036.82482990291
16801,4996.86909153665
16802,4994.71323384232
16803,5000.16822809834
16804,4997.62158349395
16805,5003.83532337316
16806,4996.70828783437
16807,4992.0275658741
16808,5003.73235616949
16809,5008.96786748872
16810,4986.39854502393
16811,5001.1495376035
16812,4998.61202007883
16813,4998.22295338796
16814,7262.89371572169
16815,7238.14803456314
16816,7277.05249674642
16817,7245.25578859525
16818,7248.31463658638
16819,7253.39303300698
16820,7278.52585228283
16821,7248.37392212892
16822,7254.10501111173
16823,7282.3395920207
16824,7262.3591110382
16825,7263.72819566076
16826,7260.27802700417
16827,7271.59395518166
16828,7240.61426968612
16829,7283.26094724377
16830,7254.40220308198
16831,7251.20619140038
16832,7265.78606639218
16833,7260.45875492241
16834,7256.82797777392
16835,7280.60939511914
16836,7265.8899946661
16837,7277.63421002986
16838,7249.46313887598
16839,7270.62130719348
16840,7280.76246972774
16841,7238.69146742111
16842,7263.62441558565
16843,7230.64452975864
16844,7284.41309644739
16845,7285.57103884437
16846,7262.34094632263
16847,7268.52072481877
16848,7263.53993488325
16849,7258.9469229701
16850,7252.64815022594
16851,7269.30696022004
16852,7244.99836487735
16853,7248.3240598085
16854,7234.66265611699
16855,7269.48129022416
16856,7251.45817058059
16857,7241.28657458812
16858,7283.00889338941
16859,7256.87612159709
16860,7255.84874080665
16861,7257.54259786724
16862,7157.87736785291
16863,7161.7280520181
16864,7098.27642832358
16865,7125.42610472454
16866,7117.0534541294
16867,7096.75561325834
16868,7111.7406180795
16869,7121.09197825001
16870,7100.54813319791
16871,7161.78318145906
16872,7137.14303677688
16873,7104.1628955395
16874,7113.95346187296
16875,7100.41302237067
16876,7127.91552340662
16877,7159.39187594673
16878,7109.3626732079
16879,7158.96079326675
16880,7155.47279586783
16881,7153.89837028044
16882,7157.46325917404
16883,7106.11346556568
16884,7112.08854085253
16885,7140.08981570489
16886,7112.54677254686
16887,7111.8067054162
16888,7107.39073150953
16889,7154.37680645417
16890,7133.10503715581
16891,7145.20564331469
16892,7103.81644236579
16893,7129.64749522314
16894,7157.48813479367
16895,7150.80908990245
16896,7107.84150086218
16897,7113.87815677469
16898,7098.33757568657
16899,7121.6840263105
16900,7128.90665381958
16901,7099.93249589635
16902,7123.25433517056
16903,5877.90669729542
16904,5879.96070800601
16905,5849.06342523404
16906,5845.35012685622
16907,5840.68635985565
16908,5826.21559954661
16909,5860.13767085746
16910,5871.0964011729
16911,5847.98098019123
16912,5838.46055143124
16913,5874.62532583059
16914,5830.24935490804
16915,5820.2981431098
16916,5841.39615661393
16917,5815.76379636952
16918,5852.04793009069
16919,5829.81105130282
16920,5825.89750911843
16921,5883.97793650713
16922,5843.20089104891
16923,5867.7268373702
16924,5886.13626066252
16925,5841.72239005849
16926,5867.02633193224
16927,5885.16272296989
16928,5860.58543072507
16929,5833.99393958487
16930,5844.39949261535
16931,5885.73849631193
16932,5824.50495139482
16933,5884.10177671214
16934,5833.30865601931
16935,5856.92372143796
16936,5831.38037458758
16937,5848.63281186627
16938,5846.5128195563
16939,5834.79326413559
16940,5837.87806356066
16941,5826.02476993434
16942,5837.21654960263
16943,5835.87200828189
16944,4655.85178909979
16945,4639.75952528537
16946,4658.57213289797
16947,4650.19375680783
16948,4650.00893833879
16949,4658.21518171271
16950,4645.33989095508
16951,4644.14741245947
16952,4646.71220842216
16953,4648.64196955512
16954,4656.11714825837
16955,4641.20403392671
16956,4650.59366533496
16957,4643.13460513411
16958,4653.12433078912
16959,4646.52252335264
16960,4659.80676830874
16961,4647.37222178721
16962,4655.02615467428
16963,4645.69305164584
16964,4659.84114547862
16965,4648.79448555407
16966,4645.13713555355
16967,4642.51928683817
16968,4643.28947939662
16969,4647.32410043133
16970,4648.40654673352
16971,4650.08418082593
16972,4644.47740982373
16973,4658.07931486266
16974,4658.71407398507
16975,4659.53377597266
16976,4645.54747093692
16977,4646.5673154665
16978,4659.48505705375
16979,4652.44782355982
16980,4650.39229805266
16981,4650.76368549741
16982,4648.62271076816
16983,4656.3491634984
16984,7429.410748758
16985,7419.64433635416
16986,7434.55700872902
16987,7443.06551851439
16988,7456.84476562027
16989,7424.27893060559
16990,7436.90708436455
16991,7445.56653534968
16992,7447.89680701349
16993,7425.91541119457
16994,7457.0157259266
16995,7458.08838692271
16996,7425.68974392456
16997,7452.86560552188
16998,7437.83737791143
16999,7423.39480988753
17000,7423.75290077068
17001,0
17002,7448.07643621675
17003,7422.86863034592
17004,7434.62633054236
17005,7450.73788876578
17006,7422.66907453214
17007,7427.83296671147
17008,7425.6581138209
17009,7432.91980801309
17010,7432.35667525445
17011,7454.6955934163
17012,7421.11776480745
17013,7457.5984255835
17014,7429.91832000867
17015,7420.92339446029
17016,7432.43633819997
17017,7429.07692480811
17018,7453.89436836582
17019,7449.06755456287
17020,7424.62328509124
17021,7458.17923267121
17022,7421.74203378441
17023,7431.58870138836
17024,7424.15200951518
17025,7443.28479857337
17026,8617.1997278493
17027,8632.81621798494
17028,8609.57249089955
17029,8643.47205661558
17030,8621.33116170624
17031,8656.82906169483
17032,8618.49290605348
17033,8654.98021784739
17034,8641.29172069181
17035,8615.39514096061
17036,8630.68370982478
17037,8636.97257101295
17038,8623.35655932779
17039,8626.03687909632
17040,8641.91762531497
17041,8650.37954474888
17042,8616.95753257511
17043,8635.23530059543
17044,8621.8256806739
17045,8646.71163433379
17046,8650.55025033989
17047,8617.0873799199
17048,8655.76110093401
17049,8615.3523776046
17050,8635.58298404871
17051,8618.75610209304
17052,8624.67195113354
17053,8619.14388505985
17054,8614.28343083889
17055,8616.31516661207
17056,8655.03797900216
17057,8629.51610182119
17058,8656.23860378004
17059,8634.31399023079
17060,8629.1791080432
17061,8616.5969695631
17062,8638.46279846199
17063,8623.36338919864
17064,8633.67503784323
17065,8618.15273893853
17066,8633.64593124993
17067,4739.15845209496
17068,4708.2906792756
17069,4741.85998829898
17070,4717.50121173019
17071,4704.61588823832
17072,4709.85697036842
17073,4713.73994752315
17074,4745.80427803959
17075,4716.84967918149
17076,4719.10939209238
17077,4718.20220434688
17078,4718.03053571252
17079,4741.73475801099
17080,4721.68201654649
17081,4717.12816960602
17082,4743.6114134792
17083,4729.61162276534
17084,4711.4570509629
17085,4745.84926336034
17086,4735.95549100533
17087,4707.39796605788
17088,4743.45208097289
17089,4726.53781994288
17090,4745.98965305167
17091,4704.27887289196
17092,4717.15270144395
17093,4744.38690363737
17094,4703.28726674155
17095,4719.89278213068
17096,4716.39184351102
17097,4744.53046125896
17098,4711.9272688595
17099,4716.87204244963
17100,4721.86519681377
17101,4732.49201850087
17102,4723.76216344418
17103,4717.70775676681
17104,4725.37513607656
17105,4718.01037623956
17106,4716.07846644339
17107,4721.13371395397
17108,5926.02522509301
17109,5967.40653094632
17110,5930.50340082818
17111,5949.83936362624
17112,5960.57450092418
17113,5971.51103310222
17114,5957.81643939854
17115,5964.09854169142
17116,5950.34863924099
17117,5923.95300455671
17118,5917.90776384268
17119,5972.23505330574
17120,5959.33863786486
17121,5967.25240311635
17122,5953.34065938243
17123,5937.3077481608
17124,5920.68125192141
17125,5934.29239683283
17126,5943.03399541001
17127,5957.58380585
17128,5924.61501658506
17129,5943.9155614873
17130,5952.35029644183
17131,5942.56214918413
17132,5941.46126212428
17133,5964.43677612585
17134,5934.19601650499
17135,5959.11095305151
17136,5945.90511706897
17137,5948.16505978728
17138,5967.14891351412
17139,5954.51409474211
17140,5919.38332473509
17141,5952.90648185541
17142,5956.71708047699
17143,5939.42902777009
17144,5920.69151307907
17145,5953.92171330527
17146,5942.24782048433
17147,5932.83282624745
17148,5950.94063387563
17149,7513.58602904383
17150,7546.67330165246
17151,7539.32894140586
17152,7524.68946641152
17153,7551.8280901646
17154,7551.00306882251
17155,7520.61250176333
17156,7531.25751622128
17157,7526.32942417742
17158,7517.78899453808
17159,7519.93944885056
17160,7527.36928416836
17161,7544.75440378237
17162,7546.44232719402
17163,7521.89901678663
17164,7550.19041818457
17165,7525.31556744948
17166,7535.56587958327
17167,7518.58854477598
17168,7528.87974186269
17169,7525.53410891347
17170,7530.73846066531
17171,7540.39669993939
17172,7530.35007184859
17173,7513.48298061791
17174,7550.07801129676
17175,7548.64438520085
17176,7521.94726520028
17177,7517.21979479862
17178,7529.0887356556
17179,7517.10154517692
17180,7516.53002242682
17181,7519.0560365551
17182,7531.58470516659
17183,7512.37821846899
17184,7519.1922392477
17185,7522.35080416252
17186,7519.23392658185
17187,7533.73431816989
17188,7532.84147985184
17189,7527.55998993492
17190,7439.57157531783
17191,7409.47229291148
17192,7425.30868169736
17193,7416.28299580795
17194,7445.58972146428
17195,7432.67380464288
17196,7417.65076979842
17197,7419.80899986962
17198,7439.31656794
17199,7447.00985590471
17200,7430.40348614684
17201,7429.59363051694
17202,7407.56812376469
17203,7409.63829728547
17204,7445.98869151912
17205,7445.2995996313
17206,7449.08823293301
17207,7448.65659147768
17208,7416.52349039227
17209,7435.94070170436
17210,7423.02561573167
17211,7407.13398165739
17212,7441.8843706565
17213,7427.77503892464
17214,7416.04585982528
17215,7419.51140701768
17216,7423.77742078601
17217,7417.65928876474
17218,7423.66692552645
17219,7429.0190473058
17220,7423.89408683005
17221,7434.80942644434
17222,7426.88629072073
17223,7416.6595164358
17224,7408.55835988416
17225,7434.81675191619
17226,7430.34516387508
17227,7411.79237191803
17228,7432.6605242182
17229,7429.30367701099
17230,7434.21929120066
17231,13047.7336757211
17232,12997.8666966737
17233,13037.3096417492
17234,12986.2898289489
17235,13044.7584517817
17236,12984.1183990991
17237,13004.0712679651
17238,12993.5590708379
17239,12997.1770280615
17240,13030.1793432861
17241,12989.774777813
17242,12988.0577031175
17243,13037.3826794776
17244,13044.0400019085
17245,13048.7902400458
17246,12987.0931146768
17247,12981.0243774608
17248,12995.2417628167
17249,13010.6146850726
17250,13047.3260773627
17251,12997.4437700317
17252,13049.6434140418
17253,13002.3824767414
17254,12993.0429050874
17255,13047.9001392973
17256,13028.7192144939
17257,12978.6064889795
17258,13023.9063839075
17259,13002.1663356112
17260,13018.8733723131
17261,13016.3347627719
17262,12988.5951841371
17263,12991.9623275874
17264,12984.3097890312
17265,13043.0217317678
17266,13008.710152015
17267,12998.2533802426
17268,12998.7641964869
17269,12984.0306629794
17270,13009.0510887884
17271,12991.7277874144
17272,6218.03054441631
17273,6252.40922648958
17274,6231.95083212479
17275,6258.03735748351
17276,6216.25310351218
17277,6213.78594225306
17278,6257.86736894893
17279,6226.36641638678
17280,6215.14515538836
17281,6229.75872944034
17282,6229.94314117968
17283,6231.33058061811
17284,6241.53329579544
17285,6250.78044549503
17286,6245.1356831698
17287,6214.62957720229
17288,6251.79693788794
17289,6255.41166733557
17290,6241.71656650668
17291,6229.26244138248
17292,6232.80122015863
17293,6222.41547488717
17294,6231.00442229597
17295,6240.99952171324
17296,6230.29935279975
17297,6217.52555977623
17298,6248.74858689698
17299,6225.78191070795
17300,6240.20675587325
17301,6249.70991088511
17302,6256.77152235587
17303,6244.9609166945
17304,6239.49391045551
17305,6252.29528257407
17306,6259.94606135518
17307,6257.21172321196
17308,6224.04497484541
17309,6227.64148293697
17310,6240.60676353849
17311,6219.33636740599
17312,6240.39641344149
17313,12874.5536667114
17314,12849.686088918
17315,12846.7281401482
17316,12851.3371448119
17317,12857.614517676
17318,12849.1195191766
17319,12851.8842562498
17320,12883.9236489425
17321,12868.5532653141
17322,12858.5701367776
17323,12882.2061443013
17324,12845.79664158
17325,12858.5036372508
17326,12854.8210048335
17327,12881.2763827513
17328,12849.9315693376
17329,12853.6235054232
17330,12875.7012637756
17331,12854.9644985039
17332,12868.0514066788
17333,12882.7644677266
17334,12845.2226141459
17335,12884.2132850863
17336,12879.816597836
17337,12845.0627600747
17338,12849.5746278993
17339,12858.4046113127
17340,12860.5672992897
17341,12882.9433846904
17342,12859.2557533643
17343,12864.1840949748
17344,12865.4040135218
17345,12878.8653596638
17346,12850.6167871993
17347,12852.5549173317
17348,12857.9470169671
17349,12854.7812898987
17350,12859.3253955407
17351,12851.556047697
17352,12845.8828237987
17353,12849.8087815621
17354,7030.73814937884
17355,7036.95802472391
17356,7008.37572317081
17357,7036.40376174339
17358,7037.56604519258
17359,7011.19206931363
17360,7005.13964633996
17361,7009.97374245468
17362,7035.46643085694
17363,7013.96216255047
17364,7034.66086937871
17365,7036.39534742955
17366,7023.66336322712
17367,7009.04644393906
17368,7008.05484821746
17369,7012.92351266471
17370,7016.74783554215
17371,7010.05091305748
17372,7012.17172815784
17373,7006.34348603066
17374,7014.54992908538
17375,7037.87080558134
17376,7016.45366505901
17377,7015.91262970588
17378,7008.8331484135
17379,7008.35862076192
17380,7022.70381242047
17381,7014.10116659261
17382,7005.90113915707
17383,7026.11818540706
17384,7013.72606873696
17385,7011.75321679933
17386,7013.03926720024
17387,7020.8783660261
17388,7004.48246971271
17389,7031.58855977123
17390,7014.30531486274
17391,7013.48568581561
17392,7037.18223416267
17393,7020.11821048792
17394,5045.04618718105
17395,5030.35407918797
17396,5032.04985900376
17397,5020.76424321123
17398,5077.23332714067
17399,5024.83516767488
17400,5067.64505834762
17401,5038.10995868384
17402,5027.78761481759
17403,5029.37653770151
17404,5037.19813415027
17405,5062.71219534922
17406,5075.95181650554
17407,5034.16173110098
17408,5034.20883883408
17409,5024.29780184771
17410,5072.81786944176
17411,5078.27625775751
17412,5025.64235493597
17413,5071.11709965262
17414,5078.902588908
17415,5075.03388774687
17416,5052.34798989824
17417,5040.29154079483
17418,5034.75504497604
17419,5040.12693644669
17420,5056.15912275064
17421,5024.15833498062
17422,5047.33094771349
17423,5040.61708579934
17424,5033.92388946148
17425,5048.05970779463
17426,5025.0326179092
17427,5017.09318174128
17428,5058.35171570679
17429,5027.91936174766
17430,5022.87123950312
17431,5078.68742855548
17432,5031.41837787925
17433,5039.43061974391
17434,5064.80034769667
17435,3372.40180764417
17436,3393.0559393019
17437,3387.21125762191
17438,3361.57022589798
17439,3362.63950093683
17440,3403.20891684827
17441,3398.99735448998
17442,3366.62378200824
17443,3393.25234237311
17444,3378.79768124296
17445,3371.52764260889
17446,3400.68634615304
17447,3368.13605675078
17448,3364.64298008289
17449,3369.27418160489
17450,3366.56088382619
17451,3369.99616552695
17452,3368.76183143192
17453,3358.1230043132
17454,3367.60115603804
17455,3357.95591394353
17456,3361.33217795888
17457,3367.26287790317
17458,3387.29322102422
17459,3367.24013795174
17460,3355.44156412731
17461,3372.09246444773
17462,3380.54762087858
17463,3374.33706461626
17464,3402.46945474845
17465,3355.9431936625
17466,3386.01664593157
17467,3359.28029208714
17468,3395.03200877703
17469,3372.43674581492
17470,3384.48616189415
17471,3403.42497778173
17472,3365.47935503827
17473,3369.89219402649
17474,3373.28041557727
17475,3368.24989874205
17476,6379.15009746257
17477,6415.72927669975
17478,6399.54777080843
17479,6414.01140926596
17480,6397.23323782978
17481,6412.60474331346
17482,6377.48369946103
17483,6377.52769473046
17484,6386.54503559173
17485,6382.29543026281
17486,6376.41723057012
17487,6382.47794238373
17488,6413.29375176569
17489,6384.89785953256
17490,6380.70162676676
17491,6411.86241254669
17492,6415.95154817801
17493,6385.0484507302
17494,6384.46734453088
17495,6393.37756652461
17496,6382.20845211692
17497,6385.29768219437
17498,6394.98653826526
17499,6405.09709581632
17500,6389.79131517696
17501,6409.80237762453
17502,6392.62323989479
17503,6375.32192982946
17504,6381.46199436391
17505,6387.94528772835
17506,6382.00796351026
17507,6384.23920412026
17508,6412.99654764871
17509,6376.61126865582
17510,6385.64791875675
17511,6388.07172504496
17512,6379.06862047168
17513,6385.0065315619
17514,6407.97292698903
17515,6380.09562158491
17516,6379.06657207688
17517,5961.90528786888
17518,5943.49579679648
17519,5950.27145142971
17520,5941.90975922324
17521,5948.46426067329
17522,5938.37301747613
17523,5960.00346677457
17524,5961.68546218018
17525,5950.15932687787
17526,5959.48676697917
17527,5961.60194547896
17528,5947.37622337845
17529,5952.0945829241
17530,5946.9924491159
17531,5941.80597333626
17532,5944.11082556008
17533,5961.60846011727
17534,5962.43983498491
17535,5942.11768609831
17536,5956.08216575538
17537,5946.03723302916
17538,5947.20310600054
17539,5946.62440993395
17540,5952.29083835456
17541,5962.11436602479
17542,5950.82753389477
17543,5939.23494621611
17544,5939.59969773222
17545,5943.67893672294
17546,5946.16754221756
17547,5946.98266303095
17548,5939.9290352803
17549,5939.58920749335
17550,5940.28999086276
17551,5939.27178559689
17552,5941.05355731452
17553,5939.45976382941
17554,5939.98306635024
17555,5956.28380141108
17556,5938.34365961184
17557,4867.84890094746
17558,4848.92706387376
17559,4861.98367549628
17560,4829.13879883708
17561,4861.62157082681
17562,4835.9391515625
17563,4874.65568258567
17564,4866.94360318102
17565,4847.4385511068
17566,4874.28220486119
17567,4873.74178672872
17568,4850.60694933091
17569,4849.64126195045
17570,4831.68775169149
17571,4846.24877653857
17572,4871.02367698704
17573,4844.76270666304
17574,4828.08085283851
17575,4874.46456082571
17576,4844.0294760968
17577,4839.94521089199
17578,4826.23518019181
17579,4836.06706491202
17580,4849.6167622143
17581,4849.64194845993
17582,4873.05033468792
17583,4847.37112781777
17584,4858.15011731294
17585,4826.58914863255
17586,4848.35185069442
17587,4849.96162496474
17588,4866.39679064327
17589,4848.57704713325
17590,4855.37926864253
17591,4871.51057532808
17592,4831.59662309539
17593,4844.50546749306
17594,4849.90601998352
17595,4854.05942314224
17596,4845.87479105256
17597,4845.07324630245
17598,7484.82583718876
17599,7490.6579892563
17600,7493.91380714654
17601,7481.3428253126
17602,7506.1966398748
17603,7516.60391762326
17604,7506.00969391149
17605,7506.40820021302
17606,7510.57506445138
17607,7509.0317218866
17608,7516.34086694301
17609,7490.07974397443
17610,7492.03902183209
17611,7520.05100168239
17612,7482.83260946805
17613,7506.60714446027
17614,7517.77620943501
17615,7492.80169189484
17616,7478.55296875121
17617,7514.19229668669
17618,7489.23382912236
17619,7481.20776713528
17620,7478.80169455938
17621,7487.5876588509
17622,7507.04451147749
17623,7488.43193522984
17624,7490.54185726679
17625,7496.43656550136
17626,7486.62168086558
17627,7502.49520768301
17628,7499.0403740832
17629,7486.00628012022
17630,7515.51992058516
17631,7513.31554279479
17632,7516.24218346582
17633,7498.25621508531
17634,7480.56333767196
17635,7483.27455131657
17636,7500.15676506679
17637,7508.13947515244
17638,7493.24942569601
17639,4707.15201383117
17640,4705.45524867229
17641,4713.65010540895
17642,4724.14483139199
17643,4726.74360445399
17644,4722.09499619824
17645,4728.17367822795
17646,4713.12142569196
17647,4715.19808226047
17648,4715.19281119558
17649,4727.84436771345
17650,4730.87888076713
17651,4727.80139494061
17652,4723.83596919572
17653,4723.05050617814
17654,4721.04305146761
17655,4712.66201528731
17656,4720.04094517371
17657,4712.45619955627
17658,4714.54397968356
17659,4717.59100572034
17660,4715.26492149914
17661,4717.52810597186
17662,4708.21954259882
17663,4712.12413586288
17664,4706.37891154237
17665,4713.18841030888
17666,4716.58640501379
17667,4710.71811502466
17668,4721.32617176423
17669,4720.37090382471
17670,4718.76210710226
17671,4712.0977437735
17672,4726.66938415803
17673,4714.10193546408
17674,4713.03351773502
17675,4715.63195248523
17676,4717.57920834427
17677,4713.74538463801
17678,4708.96354061864
17679,4026.79974737254
17680,4057.93978087524
17681,4061.91169271353
17682,4065.74335682905
17683,4025.51782065321
17684,4044.43234414339
17685,4051.15149523601
17686,4034.3926630685
17687,4025.83758164888
17688,4065.4322740419
17689,4054.71718497417
17690,4046.14205959674
17691,4029.41909856713
17692,4033.59314218718
17693,4061.74185912395
17694,4019.62840705748
17695,4050.44510777719
17696,4021.86134218442
17697,4029.77093639899
17698,4063.17323392829
17699,4028.02173282416
17700,4022.82229561423
17701,4035.39592356771
17702,4061.60222738362
17703,4017.4833991891
17704,4019.26845314836
17705,4035.92852755211
17706,4053.15761168719
17707,4032.76222881316
17708,4027.69352397401
17709,4036.39403197478
17710,4028.69237783075
17711,4030.57720298373
17712,4018.02874108711
17713,4022.59830946445
17714,4036.32191864778
17715,4029.15122226271
17716,4018.46681340924
17717,4032.2182023062
17718,4026.82992824908
17719,4050.15343654802
17720,6884.94356235095
17721,6905.39937448267
17722,6920.5081033002
17723,6920.59886716722
17724,6895.40269687204
17725,6877.11848724347
17726,6879.7326758146
17727,6877.35449076092
17728,6903.42455779207
17729,6901.74366396276
17730,6910.00519475917
17731,6917.58792107412
17732,6920.07413247918
17733,6897.68988764062
17734,6908.59672986118
17735,6882.13433086298
17736,6891.24386650575
17737,6887.61711782023
17738,6922.76116452596
17739,6882.98236291836
17740,6878.32593581584
17741,6922.37458414917
17742,6885.51321201398
17743,6918.43006431168
17744,6921.20208820908
17745,6892.48731906489
17746,6895.20488638328
17747,6887.96227144067
17748,6892.95522944543
17749,6888.12341185456
17750,6890.01944963803
17751,6892.69836965785
17752,6887.27663815463
17753,6876.14617510905
17754,6914.86950700557
17755,6879.43461638663
17756,6891.31591731351
17757,6889.72491216102
17758,6914.7059199363
17759,6886.76724058624
17760,6898.20271719474
17761,3505.12980027467
17762,3509.61499440046
17763,3524.89892496374
17764,3537.29316219566
17765,3492.80118944703
17766,3515.30493509745
17767,3493.99320639663
17768,3499.79934362859
17769,3536.77405321786
17770,3531.93159454218
17771,3505.61076163893
17772,3541.18199069066
17773,3540.58689349672
17774,3489.52546485912
17775,3540.44392947675
17776,3495.77984303725
17777,3513.29488318518
17778,3495.84088325502
17779,3526.0807942883
17780,3501.4526281502
17781,3539.39683705217
17782,3521.06726471234
17783,3502.89900128226
17784,3503.79856791432
17785,3502.90235647152
17786,3506.97120669254
17787,3516.84578467097
17788,3502.23644653016
17789,3508.59518749023
17790,3498.92008189894
17791,3495.86010829948
17792,3531.72251364595
17793,3540.26280085539
17794,3530.08264535474
17795,3507.11266497874
17796,3498.86738476064
17797,3497.54490298026
17798,3497.29551848311
17799,3493.98386417318
17800,3505.06051611953
17801,3509.87637928619
17802,8177.38824006577
17803,8195.96241804398
17804,8196.402775915
17805,8194.33326805419
17806,8194.85325782302
17807,8185.88798123139
17808,8174.01965194187
17809,8189.4887674705
17810,8171.57212522636
17811,8172.35081082906
17812,8175.68020143135
17813,8178.15436903007
17814,8168.8056304086
17815,8182.32933969269
17816,8195.26082314877
17817,8193.66535613197
17818,8182.10584581723
17819,8175.99792977121
17820,8168.55170849293
17821,8173.9297085428
17822,8175.45558562828
17823,8196.23613114334
17824,8194.48280557842
17825,8175.01727674395
17826,8171.22651619283
17827,8181.08744644835
17828,8177.50638813611
17829,8193.06715299046
17830,8184.07434571129
17831,8191.37483003006
17832,8187.7814321722
17833,8176.72292251382
17834,8180.94009628694
17835,8177.68273280862
17836,8195.86250170761
17837,8177.79383044836
17838,8178.19498375181
17839,8170.40952677713
17840,8180.6154808831
17841,8177.56651812341
17842,6546.50601301437
17843,6568.98232327371
17844,6550.0042935943
17845,6556.69936355946
17846,6574.02286745633
17847,6577.07509459897
17848,6550.97939451296
17849,6573.51579969575
17850,6553.28501503914
17851,6544.41024990317
17852,6539.71536931604
17853,6555.60855071893
17854,6578.29545657597
17855,6556.56569084171
17856,6537.14223961775
17857,6577.1963523182
17858,6551.72183317994
17859,6577.91074895033
17860,6535.53317121525
17861,6542.18428987189
17862,6556.35871913324
17863,6557.12245570606
17864,6577.29963816571
17865,6569.41690816725
17866,6533.1737742542
17867,6555.67677833598
17868,6559.11735877132
17869,6535.58025991222
17870,6549.6786515814
17871,6550.53290068543
17872,6551.92072384203
17873,6574.21053493994
17874,6552.66000584588
17875,6564.3158321469
17876,6553.54480280007
17877,6562.81053270172
17878,6558.3561098223
17879,6553.12115587007
17880,6533.18828283789
17881,6552.29819310014
17882,6554.54269459442
17883,7435.77867025302
17884,7463.0248698655
17885,7441.15025568139
17886,7441.75890199991
17887,7428.94663493397
17888,7430.3647799608
17889,7454.74703464359
17890,7433.81292701486
17891,7436.45239161393
17892,7456.79869388728
17893,7432.0366849576
17894,7441.57828378394
17895,7460.45818416847
17896,7460.67983876019
17897,7438.78824711246
17898,7433.08483573128
17899,7441.04299711265
17900,7452.29287375934
17901,7461.63137206301
17902,7438.24558025341
17903,7444.28608888665
17904,7429.81579022578
17905,7459.22549585841
17906,7461.85287036379
17907,7439.2158236947
17908,7445.67996404378
17909,7463.53973392556
17910,7425.78027107987
17911,7445.38023659119
17912,7462.52241912831
17913,7422.49167359554
17914,7429.20683672685
17915,7443.59201248636
17916,7452.02164699156
17917,7438.70042187838
17918,7437.35676451171
17919,7448.61092850118
17920,7435.31940570786
17921,7432.30170992753
17922,7436.27406529527
17923,7449.08093830618
17924,7915.21205944239
17925,7911.50192431378
17926,7941.97685316698
17927,7934.89917634032
17928,7909.98849289792
17929,7933.78342548931
17930,7913.77427747271
17931,7915.88808182062
17932,7892.65875538783
17933,7916.00997774157
17934,7901.18461271225
17935,7922.30655944619
17936,7899.51221486519
17937,7942.79240871675
17938,7914.79463598807
17939,7929.23714435016
17940,7926.88610996939
17941,7909.615627973
17942,7913.03710649737
17943,7934.96482737993
17944,7915.82226945776
17945,7939.54338832353
17946,7939.89049878649
17947,7922.9549619942
17948,7906.79046325751
17949,7912.51608564675
17950,7909.65863522141
17951,7911.74249729972
17952,7896.77048537904
17953,7941.57985928051
17954,7894.02996207922
17955,7940.81879999904
17956,7891.56437588394
17957,7912.88378171229
17958,7918.74325223692
17959,7943.13190636789
17960,7893.02182179385
17961,7906.47340433031
17962,7909.63194096435
17963,7912.06465336375
17964,7921.61270672043
17965,4891.65495880839
17966,4913.14762539601
17967,4882.76973849361
17968,4890.33072008068
17969,4884.76646733852
17970,4922.80100212572
17971,4881.76176222759
17972,4919.04793997842
17973,4894.10433316381
17974,4912.84739530517
17975,4888.48224143486
17976,4897.96377517498
17977,4895.36937189791
17978,4878.72646568451
17979,4895.37841325425
17980,4894.71927094382
17981,4897.35358061718
17982,4923.9282644406
17983,4884.06760260683
17984,4885.34406818454
17985,4924.3184841235
17986,4906.19507843794
17987,4884.56128387992
17988,4893.29019958903
17989,4879.51584563185
17990,4904.02122432287
17991,4894.6301748695
17992,4925.42781724725
17993,4885.37402748515
17994,4899.05890499679
17995,4923.82484982291
17996,4898.68176178861
17997,4920.1530769814
17998,4886.89940502861
17999,4893.16695186386
18000,4919.96029410036
18001,4884.52862650475
18002,4887.59277143094
18003,4878.07913086056
18004,4883.76577515929
18005,4881.17099871475
18006,8808.91656593292
18007,8785.44230599249
18008,8816.69963536204
18009,8821.34388263406
18010,8792.73020614141
18011,8783.011093087
18012,8785.15875425672
18013,8822.72474685829
18014,8811.0476627568
18015,8783.75587180327
18016,8798.04250930135
18017,8791.69375392031
18018,8788.98446340241
18019,8818.10548946932
18020,8803.01423358299
18021,8781.44414084067
18022,8783.47388088887
18023,8793.45637043417
18024,8795.42250450695
18025,8806.90330020378
18026,8779.16914184602
18027,8823.38084272417
18028,8801.60370284796
18029,8794.5309261053
18030,8791.99649426769
18031,8822.56624238193
18032,8787.47486738403
18033,8786.32932065054
18034,8793.67479803207
18035,8789.51438390125
18036,8815.55731410318
18037,8781.65752460878
18038,8783.8014016689
18039,8800.92100171072
18040,8824.11291502961
18041,8788.48434321729
18042,8795.45148954403
18043,8794.75488312486
18044,8783.32726689995
18045,8783.59144400233
18046,8783.33633071631
18047,6904.40493990509
18048,6891.86662624073
18049,6906.7279864926
18050,6898.92284350378
18051,6893.41034538548
18052,6907.28200950484
18053,6886.68494992038
18054,6885.70010364092
18055,6885.61226621724
18056,6882.3668601491
18057,6894.28265026819
18058,6906.80773810226
18059,6896.85176154417
18060,6881.69386443521
18061,6892.36367378742
18062,6906.74157722855
18063,6905.02883562257
18064,6890.93483576696
18065,6895.16156647728
18066,6892.65611004127
18067,6885.7674818003
18068,6892.18917911409
18069,6893.46277738801
18070,6900.12188382528
18071,6907.4238843712
18072,6905.56709848772
18073,6882.95569402959
18074,6892.99252710928
18075,6902.90439713133
18076,6888.62879748394
18077,6897.54662482079
18078,6892.68060849343
18079,6893.00640174325
18080,6894.9539735027
18081,6901.02127189612
18082,6892.28297284653
18083,6889.27319232396
18084,6893.34696128263
18085,6906.45143818065
18086,6894.28889278555
18087,4993.83685404856
18088,4978.95953318936
18089,4976.93513380929
18090,4988.18954905446
18091,4977.77716181604
18092,5007.02107192123
18093,4982.38809297198
18094,4994.92489490165
18095,4996.9568398474
18096,5022.29187336366
18097,5023.02367783908
18098,5015.16671141016
18099,4989.2533279032
18100,5009.17097504812
18101,4983.09143611592
18102,4985.60192136453
18103,5022.42303007524
18104,4982.37061185222
18105,4984.68485384646
18106,5017.5442682349
18107,5002.97725877506
18108,4982.73029942854
18109,4981.49133469365
18110,4990.17641085431
18111,5015.07428434248
18112,5021.58627432476
18113,5022.58473847008
18114,4984.559054872
18115,5009.52598163784
18116,4983.28813032566
18117,5019.63810050994
18118,4989.51907025598
18119,4987.88451339945
18120,5004.61360502345
18121,4991.49300451283
18122,4992.7099480437
18123,4984.87261823727
18124,4988.11260374216
18125,4999.54662362229
18126,5019.84670130702
18127,4986.32694027803
18128,5262.3928208705
18129,5250.29888964029
18130,5261.91839066015
18131,5254.92330036567
18132,5265.49046997473
18133,5248.66378050586
18134,5257.22548047604
18135,5260.10423643421
18136,5253.84458784103
18137,5258.53273985609
18138,5249.84852810829
18139,5251.64579095388
18140,5260.39791444474
18141,5270.15184126776
18142,5252.88827739448
18143,5255.43199519297
18144,5248.03529072079
18145,5255.13880589037
18146,5261.15212908906
18147,5256.17451341573
18148,5248.46878969818
18149,5256.07141877133
18150,5256.51787500267
18151,5253.23289104285
18152,5258.68862958611
18153,5252.47165772894
18154,5262.06606819278
18155,5253.71313206571
18156,5261.14462064733
18157,5250.28895019865
18158,5251.23551936874
18159,5252.94443634323
18160,5252.96915403994
18161,5251.25861519885
18162,5267.96549555938
18163,5258.74122032047
18164,5262.46123937559
18165,5268.25216587545
18166,5251.84707560517
18167,5264.64241439358
18168,5205.05140369324
18169,5212.4125504004
18170,5223.02233965799
18171,5204.42110475049
18172,5197.84453211217
18173,5202.2073592276
18174,5199.45030074296
18175,5197.27725836174
18176,5200.8569231137
18177,5202.24006347755
18178,5214.37792512364
18179,5199.69031658309
18180,5217.785266795
18181,5199.6425249063
18182,5209.88039826469
18183,5219.39235267168
18184,5209.70029938045
18185,5194.11807658432
18186,5221.1422049408
18187,5201.94844663942
18188,5213.53635965051
18189,5199.31054848514
18190,5206.27897829784
18191,5189.81767986867
18192,5222.95078941292
18193,5200.83466122577
18194,5201.96189737424
18195,5197.38061165359
18196,5208.38101461351
18197,5208.84520902033
18198,5202.71203978244
18199,5217.31438279568
18200,5205.88967860959
18201,5209.33667800008
18202,5223.16140556937
18203,5195.86743809457
18204,5206.56334450236
18205,5204.07718032907
18206,5224.49056654535
18207,5217.90487858931
18208,10297.395617128
18209,10300.4491935203
18210,10323.1175426414
18211,10339.5200712421
18212,10278.2833503643
18213,10313.3522121779
18214,10275.97248061
18215,10340.8930967104
18216,10340.6583796526
18217,10286.1556815329
18218,10338.4367852505
18219,10293.5802164834
18220,10319.6133156168
18221,10283.491266567
18222,10274.7597541731
18223,10278.4938854899
18224,10284.6185505604
18225,10298.9585669991
18226,10282.966575714
18227,10284.9719823422
18228,10301.8560456501
18229,10324.4545117549
18230,10289.5287954517
18231,10271.710467914
18232,10332.5942565355
18233,10333.76688267
18234,10313.6424325419
18235,10290.6387882129
18236,10311.3165591891
18237,10284.9244263782
18238,10293.8160012085
18239,10331.6986651005
18240,10288.7393586029
18241,10287.7799076939
18242,10276.2723392204
18243,10283.1262066463
18244,10282.1527502178
18245,10292.4919912671
18246,10288.1485375206
18247,10339.0978081901
18248,10292.9811037015
18249,6248.78309741469
18250,6272.50145905789
18251,6281.17786699302
18252,6284.25021481284
18253,6314.31693213199
18254,6243.03148621124
18255,6283.24918007998
18256,6264.33198827905
18257,6269.94513949766
18258,6247.8369743024
18259,6291.87909750144
18260,6316.67075458222
18261,6311.5911415613
18262,6250.16807073199
18263,6240.39293556941
18264,6273.92320709462
18265,6308.52975254583
18266,6249.77845004308
18267,6278.79008522775
18268,6298.47503854486
18269,6270.73853053088
18270,6317.36304864591
18271,6299.54175799737
18272,6271.38920734214
18273,6269.47793822904
18274,6303.18084943066
18275,6263.02718208111
18276,6267.50019172001
18277,6264.82399017115
18278,6316.05145800207
18279,6284.39577240407
18280,6293.46956061489
18281,6257.68136585832
18282,6308.02430330473
18283,6277.01756807624
18284,6285.48542450657
18285,6266.78240042732
18286,6277.58135387222
18287,6255.38761162676
18288,6276.08937818882
18289,6314.41202612614
18290,4540.6176305247
18291,4551.86384286386
18292,4579.87397607829
18293,4576.22966817195
18294,4555.43671116596
18295,4543.33295500902
18296,4537.65554570069
18297,4547.58105194484
18298,4543.8699682931
18299,4578.20371278624
18300,4554.26462315973
18301,4551.05801653664
18302,4557.965894927
18303,4545.13190753017
18304,4538.2517932716
18305,4557.62288939903
18306,4548.86161628369
18307,4548.22525602947
18308,4547.22543291912
18309,4571.11193859649
18310,4566.17404048861
18311,4573.38842797887
18312,4552.56261126808
18313,4537.45046496669
18314,4563.52504070674
18315,4560.99907388149
18316,4539.14980372649
18317,4558.15350889178
18318,4543.51717948962
18319,4562.82707637971
18320,4547.9409002927
18321,4578.68202226158
18322,4560.75162373196
18323,4545.32442986926
18324,4540.53031459671
18325,4545.03285644024
18326,4550.23979175071
18327,4553.97445889421
18328,4570.7575557722
18329,4543.66439948553
18330,4578.86669269315
18331,7067.46553571127
18332,7042.61523872646
18333,7057.72853080076
18334,7006.11419426536
18335,7032.70467681619
18336,7016.40329703854
18337,7033.23071623743
18338,7022.15376952468
18339,7068.442603905
18340,7022.66576271677
18341,7011.55905411903
18342,7017.28700706707
18343,7026.11364703935
18344,7019.58941729517
18345,7029.43959434837
18346,7010.66592114126
18347,7016.72193851171
18348,7062.19855154279
18349,7042.79680502851
18350,7050.7353685845
18351,7047.47169086795
18352,7063.63366964056
18353,7010.6585713016
18354,7024.86636309105
18355,7015.88132946254
18356,7066.08203060495
18357,7018.51352790241
18358,7014.31688225711
18359,7007.92858558195
18360,7053.43985713579
18361,7038.63083966071
18362,7026.96826517331
18363,7053.36789936283
18364,7064.86409764897
18365,7017.49078641488
18366,7023.16375026784
18367,7006.38613440513
18368,7023.73777103301
18369,7019.41286727548
18370,7018.74795040625
18371,7016.44386578427
18372,8096.01637726454
18373,8127.78376372643
18374,8126.40634096262
18375,8093.99466889924
18376,8094.0198969201
18377,8111.18559602814
18378,8104.75105603837
18379,8096.90307051148
18380,8125.27020253196
18381,8095.8242213367
18382,8111.68838788586
18383,8097.98873349084
18384,8100.87807404018
18385,8102.09220923556
18386,8090.28578872824
18387,8095.69216915216
18388,8122.79310640068
18389,8096.3041025298
18390,8092.36777304481
18391,8094.53272120441
18392,8097.35766452888
18393,8105.98049559904
18394,8099.83457621292
18395,8119.14607476316
18396,8096.85496646941
18397,8117.54596849715
18398,8104.90098111616
18399,8128.53807591267
18400,8089.87250374231
18401,8097.72196794559
18402,8112.20995978577
18403,8129.8375785251
18404,8098.68267044229
18405,8099.21499966858
18406,8098.59734012725
18407,8099.18791747446
18408,8100.55575407567
18409,8090.87387971737
18410,8129.02249167132
18411,8123.74023864574
18412,8092.72018221297
18413,6345.03952283723
18414,6325.8570225667
18415,6372.2143133512
18416,6328.50679645781
18417,6339.324155414
18418,6334.78600835768
18419,6354.56253608692
18420,6335.40234590599
18421,6372.89099633122
18422,6358.23680784429
18423,6344.03664519982
18424,6336.23495880556
18425,6329.8901174422
18426,6346.62330214302
18427,6359.15840314331
18428,6344.13787899966
18429,6342.59476349146
18430,6321.9356365946
18431,6329.21005317869
18432,6340.7931894769
18433,6366.51991409015
18434,6333.38661006936
18435,6370.53063292694
18436,6331.81287543372
18437,6331.75680363368
18438,6339.52098802981
18439,6352.81957071668
18440,6329.9956612868
18441,6334.73578930174
18442,6368.43052092329
18443,6362.13544739169
18444,6351.51764098385
18445,6329.13915020279
18446,6329.8092432302
18447,6343.27773268449
18448,6362.76671404098
18449,6371.98624155968
18450,6337.69275019336
18451,6339.2101595238
18452,6340.46153009993
18453,6370.74751431951
18454,5749.45739301347
18455,5746.20757276153
18456,5743.44237808432
18457,5751.85043335137
18458,5747.13337369432
18459,5767.94601961598
18460,5754.31206504696
18461,5753.75365613188
18462,5747.60033203141
18463,5747.92294398656
18464,5750.85892930557
18465,5741.29413026584
18466,5745.14542641727
18467,5753.49571519364
18468,5742.59421801845
18469,5746.50063058198
18470,5748.9066651079
18471,5760.44250136587
18472,5774.49257633531
18473,5760.06827723152
18474,5741.26500564417
18475,5765.80195055884
18476,5750.90909575178
18477,5763.85178118011
18478,5754.44148978885
18479,5778.80098539556
18480,5778.96001600561
18481,5753.34837997689
18482,5776.2759349046
18483,5761.19046727551
18484,5769.64520305102
18485,5755.09605585194
18486,5778.9383795096
18487,5751.97109260289
18488,5758.68051287727
18489,5740.89321413502
18490,5780.7256338329
18491,5771.64917286014
18492,5757.12743884662
18493,5746.63077598339
18494,5740.76032235977
18495,8068.75516961236
18496,8063.72585668726
18497,8051.02948556026
18498,8099.93992686358
18499,8050.78835003384
18500,8089.91306421297
18501,8053.00027629278
18502,8049.33801626441
18503,8057.52842912669
18504,8082.39522140454
18505,8065.26899947689
18506,8073.4782365547
18507,8058.38865729595
18508,8052.19848380051
18509,8064.73682480832
18510,8096.95452759053
18511,8080.78429867575
18512,8086.74505949356
18513,8054.09049379305
18514,8052.10715252047
18515,8041.74043707743
18516,8106.14005648925
18517,8092.10281167867
18518,8105.46944415215
18519,8070.68934428012
18520,8057.19225614052
18521,8091.15228083432
18522,8105.24862011028
18523,8045.7018059538
18524,8061.90111486461
18525,8106.8749587227
18526,8073.43452292085
18527,8054.87337525024
18528,8063.32067869564
18529,8048.69477019108
18530,8057.97775405989
18531,8054.80593663697
18532,8103.25392485329
18533,8059.01712198604
18534,8046.90948729967
18535,8052.6498950255
18536,5561.95790472627
18537,5544.3676721258
18538,5525.29670905156
18539,5549.44933666801
18540,5509.84042105938
18541,5519.23967657518
18542,5555.87777441285
18543,5529.80431289881
18544,5541.63944410095
18545,5561.56901435617
18546,5515.18670785949
18547,5513.42300301463
18548,5532.8214910518
18549,5521.72419840237
18550,5513.2507772415
18551,5565.9820694193
18552,5521.879452629
18553,5561.92044189171
18554,5549.54092593811
18555,5528.02182397633
18556,5528.05551056455
18557,5515.65142929724
18558,5516.63409161994
18559,5564.80445275916
18560,5517.80591763556
18561,5524.94185598564
18562,5565.41576080063
18563,5519.4027628453
18564,5507.56167233362
18565,5534.83339623294
18566,5565.39393754868
18567,5564.72636030036
18568,5518.96314310845
18569,5538.51927364994
18570,5556.16946563603
18571,5523.85876721949
18572,5524.68739885274
18573,5536.28828611739
18574,5521.04000938445
18575,5512.63996938727
18576,5525.18810252668
18577,5338.3998084367
18578,5318.55306936582
18579,5341.84737480985
18580,5327.3014147531
18581,5316.53701274195
18582,5338.94280254351
18583,5333.09170711981
18584,5330.74304083143
18585,5341.08676176208
18586,5344.16509045043
18587,5321.29755645838
18588,5318.62873412779
18589,5328.76363501646
18590,5327.51549492714
18591,5318.93317669542
18592,5323.85449485027
18593,5333.57549802269
18594,5347.55162952288
18595,5345.89105121771
18596,5322.14442344817
18597,5322.51227606631
18598,5330.13489669281
18599,5351.53810314502
18600,5316.29887049417
18601,5352.35642522327
18602,5351.21303786908
18603,5320.34957312497
18604,5325.95437906999
18605,5349.24471634366
18606,5335.53175010731
18607,5331.32113109123
18608,5350.35946017836
18609,5352.1535997859
18610,5333.04267405845
18611,5351.0574927799
18612,5336.26209971978
18613,5351.50695144669
18614,5328.80763735518
18615,5349.26155515899
18616,5325.55976585771
18617,5326.27050357325
18618,5325.14855353006
18619,5322.61429982111
18620,5351.62103727725
18621,5331.89321357645
18622,5329.74369783055
18623,5318.85508159386
18624,5326.50652597259
18625,5346.44108468352
18626,5363.18343533344
18627,5364.40499423069
18628,5361.33779313295
18629,5357.27689263438
18630,5366.77263248519
18631,5367.19099570045
18632,5349.37839958474
18633,5359.33316930854
18634,5348.30065808223
18635,5357.468389912
18636,5360.67278785899
18637,5358.60849468996
18638,5354.53701063562
18639,5363.64892679188
18640,5367.78948503619
18641,5364.37110483798
18642,5373.75898910891
18643,5349.1870590853
18644,5365.1282543577
18645,5375.76675590932
18646,5352.20422526286
18647,5368.56503028001
18648,5367.84763245674
18649,5356.62867054729
18650,5369.7450394335
18651,5364.05236535719
18652,5358.33820961364
18653,5368.01391006693
18654,5362.38891988078
18655,5370.42943037059
18656,5373.40248358647
18657,5355.30027682827
18658,5358.09925530857
18659,5352.62854724535
18660,5372.26422099258
18661,5375.00828298054
18662,5368.01468584528
18663,5372.49180372024
18664,5351.61408589929
18665,8952.4270348799
18666,8971.59804008194
18667,8954.35322728656
18668,8952.9561239136
18669,8956.94262657497
18670,8959.15447008399
18671,8954.9581371221
18672,8997.51336548347
18673,8953.98751858155
18674,8996.58472323214
18675,8993.72558448538
18676,8964.58286931458
18677,8983.19101088708
18678,8955.77523285862
18679,8994.00973888261
18680,8985.97955088616
18681,8961.59204707824
18682,8980.5559752544
18683,8955.59274612496
18684,8989.73321760852
18685,8975.55819604452
18686,8968.01270824893
18687,8988.39436998553
18688,8959.58618104809
18689,8968.76086438658
18690,8964.04222313593
18691,8965.25380041035
18692,8980.48324818768
18693,8989.78823575824
18694,8954.33884154661
18695,8959.37007535201
18696,8957.12494657414
18697,8966.50717014455
18698,8995.76601901405
18699,8952.58018078683
18700,8996.69109592104
18701,8954.83404773452
18702,8963.88585296936
18703,8955.18008766478
18704,8982.60966839254
18705,8954.33745246196
18706,5443.5273328942
18707,5442.20209570362
18708,5454.60110591112
18709,5443.66118885106
18710,5444.27186317545
18711,5486.56618144559
18712,5449.86846308949
18713,5458.53727079776
18714,5473.38932905459
18715,5486.29790680283
18716,5479.1691671335
18717,5444.99020249113
18718,5444.30954107291
18719,5438.74921573723
18720,5448.07742916756
18721,5444.41945445718
18722,5439.80904133013
18723,5466.23223237941
18724,5450.90529248914
18725,5487.12207540429
18726,5446.38848148631
18727,5470.91806703192
18728,5464.93062377189
18729,5451.40116533219
18730,5485.34830497062
18731,5472.81200312917
18732,5442.2407299626
18733,5433.04463292236
18734,5449.37881249618
18735,5435.41169586311
18736,5480.57116612091
18737,5477.096943784
18738,5433.68200603294
18739,5484.11349053965
18740,5452.57835298265
18741,5436.30715392087
18742,5445.88791773152
18743,5438.8055944605
18744,5456.42232950345
18745,5449.36906145095
18746,5464.56910784924
18747,5673.88259063839
18748,5637.91542442492
18749,5667.00842692116
18750,5641.63082091276
18751,5642.91761534395
18752,5655.35375277117
18753,5656.76513839244
18754,5666.40002001698
18755,5650.63098970948
18756,5637.71093358045
18757,5633.62662726771
18758,5657.83259111648
18759,5634.27462098103
18760,5654.04656467639
18761,5685.237936711
18762,5667.73743189125
18763,5634.65155481156
18764,5675.39790354178
18765,5662.88343869983
18766,5648.18884043142
18767,5661.09934478087
18768,5672.06210341921
18769,5681.919767621
18770,5646.94939442146
18771,5680.16193818392
18772,5662.01544386345
18773,5650.98932010044
18774,5681.61251748798
18775,5673.08079410837
18776,5655.59313117502
18777,5660.27756511094
18778,5647.4031668852
18779,5634.8107647186
18780,5684.13074259847
18781,5664.0047145295
18782,5654.77705369198
18783,5658.99281598204
18784,5661.37708542809
18785,5648.68285914897
18786,5655.14168387016
18787,5679.77958087912
18788,5795.0980890045
18789,5809.1862869902
18790,5794.73686670678
18791,5800.62319987789
18792,5798.28303412438
18793,5793.2787867852
18794,5793.50893528884
18795,5789.84616113363
18796,5797.11089162946
18797,5792.70148070937
18798,5807.19893251456
18799,5799.55090355857
18800,5801.22700100497
18801,5788.72079354865
18802,5798.44161929575
18803,5801.11796655028
18804,5810.22238404159
18805,5799.08495111484
18806,5795.19500258852
18807,5800.11685734325
18808,5807.33788601178
18809,5809.46722102727
18810,5804.67897422237
18811,5788.39577508171
18812,5794.69804488448
18813,5810.17711260612
18814,5795.41908691631
18815,5794.61658259164
18816,5802.44547978565
18817,5794.01908063826
18818,5796.18817877641
18819,5810.31833840929
18820,5800.46112259887
18821,5796.43953438953
18822,5809.99890563246
18823,5810.19000957271
18824,5796.05686421815
18825,5797.36063780366
18826,5799.02873563301
18827,5809.02295670829
18828,5799.81652959979
18829,5107.31696145021
18830,5112.41075454509
18831,5128.38297908528
18832,5121.77584492888
18833,5109.15665967107
18834,5114.38830689345
18835,5133.43801479426
18836,5108.12612942552
18837,5123.8221199672
18838,5101.17655829116
18839,5100.82671754541
18840,5103.55220121566
18841,5126.39077856708
18842,5108.49765296561
18843,5099.33651895183
18844,5131.23421183647
18845,5103.31039420942
18846,5104.51347448827
18847,5101.99336672133
18848,5116.44149928051
18849,5112.46979865428
18850,5127.69389319329
18851,5107.29952904914
18852,5106.37105163063
18853,5119.31393151089
18854,5132.8491615459
18855,5101.99439689761
18856,5135.43087515848
18857,5099.08716029261
18858,5131.870167347
18859,5108.28998022411
18860,5108.40117442957
18861,5134.78299975638
18862,5102.01287702769
18863,5107.39730274497
18864,5104.09907487213
18865,5108.41022228056
18866,5100.01259680574
18867,5117.73084287009
18868,5106.84205998824
18869,5134.14405785612
18870,3754.02140749592
18871,3727.50440358439
18872,3746.72322271692
18873,3741.00085579626
18874,3715.83510471937
18875,3727.02446935379
18876,3728.52695361611
18877,3726.25456834943
18878,3728.17857563329
18879,3733.74102611365
18880,3726.30192367967
18881,3739.75955251204
18882,3711.06597633186
18883,3742.94879903588
18884,3726.22526560284
18885,3723.7375565629
18886,3731.81536393207
18887,3757.86055285772
18888,3738.97843795741
18889,3726.41815709346
18890,3737.59371747916
18891,3715.63177172504
18892,3757.63845172462
18893,3721.9946917308
18894,3711.27595712136
18895,3727.10558597475
18896,3748.34187944641
18897,3720.54737426593
18898,3746.50301650396
18899,3727.19784193264
18900,3719.9393799695
18901,3753.00245534505
18902,3754.72329914047
18903,3753.12704184475
18904,3729.16960433498
18905,3730.08380036851
18906,3719.50299156487
18907,3724.80065202863
18908,3716.2354901769
18909,3725.99594661828
18910,3713.34822730222
18911,5077.75049815361
18912,5079.02073309838
18913,5082.69733363953
18914,5041.89133766599
18915,5059.40676709329
18916,5064.06971082998
18917,5064.03086916998
18918,5041.75364315665
18919,5083.59584845423
18920,5066.30170036364
18921,5071.73704551199
18922,5085.60996589702
18923,5044.12658873318
18924,5086.7880869354
18925,5048.05559606249
18926,5055.28829704942
18927,5084.86695442526
18928,5086.00120710489
18929,5038.61396989202
18930,5047.02653237372
18931,5050.58789001008
18932,5046.24234139917
18933,5053.95320280495
18934,5068.4655652961
18935,5053.24034192247
18936,5048.5441343338
18937,5043.72784521849
18938,5041.57493689055
18939,5088.50059744877
18940,5050.6510487213
18941,5052.29385446467
18942,5046.66771698716
18943,5054.29231622686
18944,5058.86958950566
18945,5051.9419466723
18946,5050.36782794146
18947,5050.54792706169
18948,5046.24926648681
18949,5087.84138978831
18950,5053.99784717711
18951,5053.65438743963
18952,8070.92958470146
18953,8087.9275288685
18954,8081.60213201339
18955,8079.40339399297
18956,8088.72176205526
18957,8080.27832122615
18958,8085.30369202257
18959,8074.32291401389
18960,8090.4719252958
18961,8090.63923892419
18962,8071.60883663349
18963,8077.69320173719
18964,8081.3042286396
18965,8091.16615444755
18966,8086.88645458581
18967,8076.1048982239
18968,8078.34568257721
18969,8088.96154215588
18970,8089.0873810606
18971,8076.41562865751
18972,8082.09571230072
18973,8091.16258103472
18974,8079.54123524236
18975,8075.39941247335
18976,8089.17273822019
18977,8079.78114499026
18978,8080.95327103544
18979,8077.6923612489
18980,8079.22497907125
18981,8075.80093031803
18982,8090.24701910684
18983,8090.97466331431
18984,8079.69381580457
18985,8081.07990425633
18986,8082.53553894439
18987,8083.19589295438
18988,8081.72551439007
18989,8085.79535869249
18990,8075.16531549656
18991,8082.46573482303
18992,8082.90101978108
18993,7669.73916394895
18994,7671.97758864569
18995,7712.69305821198
18996,7697.02251981648
18997,7686.87079736727
18998,7690.54573700244
18999,7701.72404621779
19000,7694.76843852439
19001,7724.07333896676
19002,7709.06160768963
19003,7669.31581860614
19004,7678.94486520407
19005,7724.16860416023
19006,7714.20425354943
19007,7702.97193602964
19008,7679.34494741589
19009,7670.56465451596
19010,7684.91230211251
19011,7703.10440878055
19012,7718.4474828189
19013,7671.71979107618
19014,7670.66457239333
19015,7700.79294988507
19016,7688.92948664985
19017,7693.81547619108
19018,7693.29366559589
19019,7655.69610237802
19020,7712.38749389337
19021,7660.70328198106
19022,7648.53742763939
19023,7648.19896251657
19024,7720.2054541004
19025,7681.50244916957
19026,7705.39414843442
19027,7719.79881211628
19028,7700.56916204496
19029,7678.16288099082
19030,7694.1740287644
19031,7677.5141052945
19032,7672.94197659906
19033,7672.20925543427
19034,7717.71843141075
19035,7682.57127248636
19036,7675.25127826805
19037,7665.51163299968
19038,7675.41084411224
19039,7662.41541071564
19040,7685.96390336808
19041,10508.959377658
19042,10483.3199031158
19043,10501.933553827
19044,10508.8923224092
19045,10515.0459124431
19046,10480.4512328935
19047,10485.521507286
19048,10479.5734295891
19049,10517.9287228426
19050,10475.9119697493
19051,10477.0389446542
19052,10495.3098941056
19053,10504.4807073688
19054,10535.3804908828
19055,10473.1232941046
19056,10484.9086056309
19057,10488.525848517
19058,10525.537319863
19059,10491.2624909459
19060,10479.209622311
19061,10481.644922676
19062,10489.999412878
19063,10476.5672930914
19064,10473.9305448873
19065,10473.9280278584
19066,10526.5845940648
19067,10486.5881276388
19068,10496.6409599754
19069,10494.7878897325
19070,10533.5691862725
19071,10537.8017407163
19072,10472.6465833705
19073,10480.0289773359
19074,10533.4519078334
19075,10535.6521068464
19076,10477.665632029
19077,10537.1077915515
19078,10535.0384006269
19079,10477.7719955225
19080,10477.517368384
19081,10531.5961723132
19082,10055.536090018
19083,10036.9413436343
19084,10047.382737259
19085,10059.2224319256
19086,10055.9083580697
19087,10067.3253774627
19088,10074.4950136845
19089,10084.7917785052
19090,10066.1467571964
19091,10046.7350862618
19092,10050.5750457015
19093,10046.9604873968
19094,10060.467932481
19095,10045.3732827634
19096,10034.7245948897
19097,10061.9527724324
19098,10075.3784744363
19099,10035.1532218259
19100,10049.7845102294
19101,10084.8946627241
19102,10081.2610090243
19103,10071.01977947
19104,10044.8902710995
19105,10085.3028597207
19106,10083.1002653403
19107,10037.8265004123
19108,10059.2001838404
19109,10064.8098991579
19110,10051.8613457626
19111,10036.689646157
19112,10047.0229584581
19113,10084.2007253904
19114,10047.5666352336
19115,10041.3773935447
19116,10060.6738025171
19117,10052.9931445929
19118,10058.2040982545
19119,10079.8091465611
19120,10041.7779767525
19121,10058.4045016054
19122,10062.9660319301
19123,7558.677727638
19124,7556.59655715118
19125,7548.42205591177
19126,7531.11774596625
19127,7541.72691615018
19128,7535.09897409598
19129,7571.71433280384
19130,7531.07639089361
19131,7540.69744297826
19132,7533.49847070068
19133,7547.3387038224
19134,7569.90090900833
19135,7572.81189840682
19136,7535.54718751634
19137,7534.79933587163
19138,7528.36332177725
19139,7554.08807660782
19140,7528.15023713191
19141,7564.375939365
19142,7538.14300756231
19143,7540.48080013908
19144,7537.13796350395
19145,7531.10261847863
19146,7569.72839647486
19147,7564.03394822101
19148,7530.05395040476
19149,7537.66207121715
19150,7573.96001259729
19151,7541.00043556784
19152,7573.29504768689
19153,7525.0799675337
19154,7542.77991256689
19155,7572.98973888588
19156,7539.37626835906
19157,7541.57737756579
19158,7528.30841398091
19159,7530.00152204972
19160,7552.90255605769
19161,7544.34967020704
19162,7562.46162969161
19163,7538.35776825208
19164,4436.35517517344
19165,4446.87203269852
19166,4439.33399030844
19167,4434.73581603939
19168,4433.7207266624
19169,4432.15601031644
19170,4439.65350023052
19171,4436.76132151601
19172,4443.92193247565
19173,4445.81365553954
19174,4435.57603215393
19175,4447.11924933802
19176,4448.0335926878
19177,4443.91825120624
19178,4434.88897109378
19179,4431.96953802979
19180,4433.83620146791
19181,4442.07030263924
19182,4431.53895214265
19183,4438.98169185083
19184,4434.63425957561
19185,4434.16765913442
19186,4432.20894941472
19187,4440.87575065547
19188,4429.41438089531
19189,4449.74913853777
19190,4424.41970390045
19191,4431.48895537965
19192,4427.67703556018
19193,4422.13339756179
19194,4451.01146608216
19195,4446.30182342792
19196,4434.63720679546
19197,4448.07364122541
19198,4433.61088311968
19199,4432.51285390737
19200,4430.03604332865
19201,4432.03198743084
19202,4426.00766000885
19203,4427.79564304852
19204,4441.32846799742
19205,4449.55466548884
19206,4429.3358704445
19207,4445.87684687934
19208,4447.10739321785
19209,4423.40787049697
19210,4430.03561876435
19211,4441.07760657701
19212,4763.57807470255
19213,4736.23789440103
19214,4759.37813407187
19215,4747.00870166612
19216,4748.70392351458
19217,4751.55192551296
19218,4763.43100775605
19219,4745.34655131409
19220,4748.46930362011
19221,4760.51634792766
19222,4745.02713734261
19223,4756.09187757881
19224,4745.10239717449
19225,4750.23932242443
19226,4748.69984287195
19227,4749.41651629129
19228,4731.34579194734
19229,4736.44214807115
19230,4764.35194478658
19231,4740.43065290228
19232,4737.02277446147
19233,4733.21408712833
19234,4749.01439481293
19235,4755.29085275607
19236,4740.22673373842
19237,4741.83369694463
19238,4740.37454425006
19239,4733.61396168275
19240,4744.62135891636
19241,4752.32755729785
19242,4761.45146118344
19243,4741.87233896005
19244,4744.28010504935
19245,4744.79658939645
19246,4744.63732931312
19247,4730.97538937372
19248,4761.46852450275
19249,4750.77684960727
19250,4757.88049531308
19251,4765.91592816532
19252,4754.9665216577
19253,10738.2462343239
19254,10734.863642842
19255,10740.083138856
19256,10777.8938354884
19257,10747.8671472826
19258,10765.7091080218
19259,10733.6838928674
19260,10731.946060747
19261,10777.8324627567
19262,10772.6080231691
19263,10739.4920480546
19264,10743.8437669356
19265,10729.9258639416
19266,10764.3843987214
19267,10776.6464180415
19268,10735.9281458188
19269,10731.9618960749
19270,10758.2303502973
19271,10743.026243793
19272,10737.0655021306
19273,10742.6992261114
19274,10737.7663678124
19275,10750.9214520842
19276,10732.3883685549
19277,10767.8635609203
19278,10769.9122644131
19279,10731.0420702734
19280,10735.6374595222
19281,10778.3975284478
19282,10760.1577628919
19283,10776.5101596802
19284,10774.1523304597
19285,10734.9410129843
19286,10741.1845100479
19287,10754.468186962
19288,10751.4214286377
19289,10735.2916656964
19290,10741.4133219616
19291,10724.5877250455
19292,10727.6680367934
19293,10729.5936920452
19294,9160.30868266252
19295,9173.42590593064
19296,9196.05438142655
19297,9181.22236638234
19298,9163.53806338813
19299,9160.97823379096
19300,9200.17702485932
19301,9171.48846617359
19302,9191.46619963663
19303,9181.22696838188
19304,9165.55973625033
19305,9161.52072873017
19306,9167.24263945339
19307,9161.80333337524
19308,9189.4574452282
19309,9158.34633943112
19310,9161.94894358418
19311,9174.00586125336
19312,9165.54904963012
19313,9155.18864539519
19314,9166.83217413989
19315,9159.14241549692
19316,9187.48474403824
19317,9165.27151237999
19318,9169.14010723937
19319,9157.23723156774
19320,9197.06554924621
19321,9170.86219721987
19322,9164.01006664607
19323,9187.12640363497
19324,9196.21891983401
19325,9162.3157688332
19326,9156.0445635216
19327,9177.11677017616
19328,9167.59893265221
19329,9168.41151099901
19330,9197.9898408841
19331,9155.37822228652
19332,9183.84369797869
19333,9160.3569160656
19334,9200.74154940037
19335,7242.41067349537
19336,7250.84090645372
19337,7241.19166264551
19338,7239.19409040363
19339,7240.6789323462
19340,7240.36659600699
19341,7250.52080155857
19342,7232.6668874528
19343,7243.57226380603
19344,7245.2406365391
19345,7247.86923558204
19346,7243.76593261769
19347,7238.79133362351
19348,7239.80765010514
19349,7237.96906608239
19350,7243.60123704919
19351,7231.50168926145
19352,7250.2212969521
19353,7250.36525190371
19354,7237.81855274963
19355,7235.04753257415
19356,7238.87687381136
19357,7232.48725738897
19358,7240.35994090725
19359,7243.74538350835
19360,7240.20738439497
19361,7231.91163340054
19362,7244.9379553477
19363,7249.25663808391
19364,7250.22115125122
19365,7250.81588202015
19366,7249.13122753271
19367,7249.51064980861
19368,7242.817790783
19369,7248.4100266221
19370,7239.58128835231
19371,7243.17380529117
19372,7240.04372955277
19373,7235.47161546618
19374,7250.11408849719
19375,7240.61998017602
19376,7834.97090930121
19377,7856.13224418978
19378,7842.97884694338
19379,7813.85120752335
19380,7837.46447968604
19381,7818.80072381124
19382,7832.02655328239
19383,7844.56970620428
19384,7807.85036376993
19385,7823.00987733553
19386,7815.86642326048
19387,7818.22326014059
19388,7814.71724398897
19389,7822.13907633246
19390,7813.75205733371
19391,7849.91800988948
19392,7851.71636294824
19393,7856.53607873574
19394,7824.75203706282
19395,7817.91703813397
19396,7819.48578407324
19397,7817.724356935
19398,7831.76330951177
19399,7861.13919211719
19400,7833.9135430138
19401,7827.66691930991
19402,7827.96074027722
19403,7847.3353468533
19404,7829.84842387472
19405,7861.00602984402
19406,7834.77736046215
19407,7815.393331208
19408,7857.81390427579
19409,7839.55112115583
19410,7851.37295445426
19411,7843.48391094244
19412,7823.81398829933
19413,7813.55989597442
19414,7857.75301568539
19415,7833.75023882608
19416,7830.34878245403
19417,7966.40728035414
19418,7984.30026714223
19419,7952.82267588042
19420,7944.15259223629
19421,7945.11161090293
19422,7988.12378638371
19423,7966.335012373
19424,7947.61750573412
19425,7956.11736571018
19426,7959.10584261616
19427,7952.64765919861
19428,7946.38561751383
19429,7947.86652091162
19430,7983.40990654566
19431,7951.69972324519
19432,7988.66548048884
19433,7985.08164772459
19434,7957.20111488024
19435,7948.28387296837
19436,7945.92968738616
19437,7972.80906971308
19438,7955.9416190872
19439,7951.38442910796
19440,7956.76297698049
19441,7945.46385607236
19442,7947.66737621186
19443,7970.11536250685
19444,7954.62833742622
19445,7945.75316717822
19446,7978.94988678981
19447,7975.45373079041
19448,7986.45742365791
19449,7957.4025675059
19450,7957.96514538838
19451,7945.3823449907
19452,7960.34224420282
19453,7938.99802042858
19454,7943.25923470687
19455,7975.48127245589
19456,7953.91322859547
19457,7968.41459177849
19458,5297.11573606436
19459,5336.95412024812
19460,5293.53195208516
19461,5333.82949797438
19462,5295.60507159825
19463,5287.72255864357
19464,5291.07793384458
19465,5294.74835993189
19466,5295.62719077197
19467,5294.24080127231
19468,5302.92146192808
19469,5308.31729298424
19470,5289.47898309981
19471,5303.6192353933
19472,5302.68351964189
19473,5303.80728987084
19474,5294.91431067787
19475,5335.77103445085
19476,5310.25488491043
19477,5319.90353752225
19478,5322.23953989164
19479,5334.81156259145
19480,5303.24653706074
19481,5336.69092291191
19482,5327.75062035324
19483,5327.38376432401
19484,5323.9903668373
19485,5300.21314464037
19486,5333.8375223211
19487,5292.61860156493
19488,5314.07307146484
19489,5299.12012140675
19490,5317.05288310801
19491,5301.03297511755
19492,5297.1914815297
19493,5297.96066178935
19494,5330.9963905508
19495,5285.58219796215
19496,5297.72733918268
19497,5310.44952718817
19498,5288.44531062336
19499,3768.8605564726
19500,3774.78908021489
19501,3763.97616627493
19502,3753.12058978441
19503,3755.70728056296
19504,3752.17305641653
19505,3750.44142429366
19506,3790.06317787765
19507,3766.44626527967
19508,3751.97204046783
19509,3758.63859790332
19510,3779.72174931218
19511,3784.57446475752
19512,3777.67787835834
19513,3760.69638034888
19514,3783.40491629192
19515,3780.06884876539
19516,3775.6791805455
19517,3757.54914807555
19518,3763.50647430952
19519,3798.35916823581
19520,3755.56960496215
19521,3789.44794871285
19522,3773.38688500151
19523,3793.2584276475
19524,3776.22071165535
19525,3793.63468309546
19526,3751.91303219442
19527,3776.9808019623
19528,3776.89017499722
19529,3765.31963023187
19530,3772.37112527716
19531,3766.77101925113
19532,3760.66729453302
19533,3785.98416219479
19534,3742.8992077053
19535,3799.45552551634
19536,3754.46967572289
19537,3767.66286206617
19538,3773.44507086371
19539,3793.097030417
19540,11194.1558496522
19541,11201.4285214988
19542,11215.726204264
19543,11195.887762925
19544,11213.6555672722
19545,11204.237908266
19546,11177.9178041264
19547,11194.860512384
19548,11214.3343412179
19549,11215.3379994127
19550,11185.8065730773
19551,11180.483567827
19552,11198.9378671383
19553,11189.1916126112
19554,11201.7182534874
19555,11202.3797764974
19556,11211.2120683932
19557,11201.4362101811
19558,11197.9907156825
19559,11191.2683115803
19560,11199.0602902801
19561,11191.8734814888
19562,11200.347216044
19563,11196.9449791736
19564,11203.4606208753
19565,11206.6582468767
19566,11215.6925811632
19567,11214.9443541794
19568,11212.1516154574
19569,11194.2295813711
19570,11180.9935006944
19571,11208.7848025953
19572,11197.755303826
19573,11217.5670131181
19574,11178.0918371108
19575,11199.587833192
19576,11201.6686889206
19577,11199.2630494053
19578,11197.6698164582
19579,11215.9713186772
19580,5327.99497147244
19581,5329.84724405672
19582,5330.35734786061
19583,5306.31737754287
19584,5318.41357836449
19585,5304.07293834866
19586,5311.24602452209
19587,5331.27700382867
19588,5323.61703798964
19589,5312.13583388211
19590,5310.9576883247
19591,5316.79040521097
19592,5308.93523803222
19593,5301.80438868749
19594,5316.26470535694
19595,5314.09284747549
19596,5311.5259166873
19597,5328.74904228254
19598,5324.61096903918
19599,5306.64567117502
19600,5330.69109689897
19601,5306.69909029122
19602,5326.07251607915
19603,5317.1240450562
19604,5318.03233148601
19605,5313.80470043116
19606,5305.1739362135
19607,5329.65761978938
19608,5313.56726900171
19609,5327.74053949175
19610,5310.20385806517
19611,5310.5357418412
19612,5305.0171104873
19613,5315.47823897507
19614,5319.028770378
19615,5328.32081449141
19616,5320.08600300471
19617,5321.6626939705
19618,5316.17112323931
19619,5313.38537942744
19620,6239.36995143037
19621,6230.85781112499
19622,6284.5552148786
19623,6255.03595319608
19624,6249.78569619848
19625,6243.03170307495
19626,6228.62753722309
19627,6283.93916773027
19628,6288.65573288178
19629,6276.91724948778
19630,6226.83561959696
19631,6289.27140709141
19632,6249.46981995837
19633,6248.82822356098
19634,6282.59255573593
19635,6274.28448744958
19636,6254.16770571174
19637,6239.48174068094
19638,6276.71880564908
19639,6244.80310604105
19640,6243.47359275455
19641,6234.58140394241
19642,6290.74357868794
19643,6238.56162283194
19644,6254.4188756593
19645,6268.64418999579
19646,6290.35950369064
19647,6248.7193413747
19648,6268.1846203581
19649,6233.86712751167
19650,6239.02257197724
19651,6246.22454820904
19652,6235.50586357972
19653,6268.79329589069
19654,6291.42635535208
19655,6259.22298435635
19656,6241.12595978754
19657,6242.72739811413
19658,6261.2073341454
19659,6244.65228861632
19660,6239.20760710207
19661,5987.26037836226
19662,5993.61721592355
19663,5998.53403495242
19664,5984.76126475207
19665,5990.28315028097
19666,5988.21010207022
19667,5981.43864360392
19668,6000.30480460881
19669,5996.72008815665
19670,5983.29027481438
19671,5977.8918969029
19672,5995.00077140077
19673,5991.21592354094
19674,5976.5208412579
19675,5992.74385475607
19676,5988.83891503926
19677,5985.29972974676
19678,5976.59528954378
19679,5984.58311708234
19680,5983.9211955636
19681,5998.60578617718
19682,5994.7222065607
19683,5984.40598450499
19684,5988.91321077144
19685,5980.33520402109
19686,5992.59388555209
19687,5988.79207972497
19688,5976.32263340664
19689,5977.87116410126
19690,5986.02726538327
19691,5977.38728244218
19692,5979.29875422439
19693,5983.59121420728
19694,5999.01179237792
19695,5988.16925358239
19696,5983.10992625481
19697,5988.87345406917
19698,5993.31039106314
19699,5980.71868293629
19700,5975.91649096741
19701,2298.5139171043
19702,2312.66831196647
19703,2322.38607259365
19704,2293.31426852083
19705,2310.50244172404
19706,2307.45497453404
19707,2289.39230403535
19708,2301.39742495026
19709,2287.20329987285
19710,2295.97851637665
19711,2288.85671476493
19712,2283.08345386008
19713,2286.99916771187
19714,2307.53681220474
19715,2323.2186790876
19716,2318.8406168794
19717,2315.79261819143
19718,2288.68606706288
19719,2285.17123652977
19720,2292.40431167393
19721,2323.52270469505
19722,2313.73677824991
19723,2324.81584850438
19724,2283.83712887121
19725,2298.29602591524
19726,2296.73591939567
19727,2298.74090925412
19728,2285.60467629578
19729,2294.25918680168
19730,2285.81373135986
19731,2300.36794949781
19732,2326.35508324608
19733,2297.41099808882
19734,2294.51901440462
19735,2288.71754881867
19736,2300.90574300575
19737,2285.53619246447
19738,2326.06714818329
19739,2285.08600960729
19740,2283.42372612566
19741,2296.12161414686
19742,9799.30910339978
19743,9822.84420333293
19744,9787.84620402795
19745,9784.64735454298
19746,9794.56796097185
19747,9820.58702558778
19748,9809.94635047802
19749,9776.00241849625
19750,9823.46298971159
19751,9793.58142558484
19752,9814.99842508057
19753,9817.61403175244
19754,9801.27633818355
19755,9805.81147436772
19756,9790.86517627721
19757,9805.91016460288
19758,9782.8395040924
19759,9800.32301994595
19760,9781.29447886776
19761,9786.78440279904
19762,9792.50494739423
19763,9779.83299184832
19764,9823.53368379848
19765,9824.80886529083
19766,9788.22140210293
19767,9783.12324515009
19768,9790.68647367005
19769,9792.85641521428
19770,9785.90332703174
19771,9783.87904302586
19772,9782.12148170996
19773,9797.82807397076
19774,9813.18975152667
19775,9794.00054779551
19776,9778.62398935016
19777,9779.19554708934
19778,9792.23107869676
19779,9780.98356300107
19780,9781.2384662634
19781,9780.70904804823
19782,9798.68467744889
19783,5609.32428172935
19784,5606.66189977418
19785,5601.02014834621
19786,5616.8943045736
19787,5602.95557573563
19788,5605.37376937263
19789,5608.21380488057
19790,5602.53837334321
19791,5609.03792805372
19792,5617.39633254929
19793,5611.70975642481
19794,5595.99503690944
19795,5611.77534518131
19796,5617.0438136354
19797,5600.80402646729
19798,5598.63361057888
19799,5604.25805154056
19800,5615.65296756079
19801,5605.73685039872
19802,5615.03502544558
19803,5606.84622090504
19804,5613.56164252143
19805,5602.16440943527
19806,5610.12101679988
19807,5598.26806893272
19808,5601.40290801448
19809,5601.27177273
19810,5615.8637154683
19811,5600.32299440938
19812,5605.33329120675
19813,5604.07215974399
19814,5613.59287979058
19815,5600.45811891418
19816,5601.03031551595
19817,5605.86969450481
19818,5601.66860509367
19819,5605.22893526744
19820,5618.26890781505
19821,5605.77711185383
19822,5597.62546027094
19823,4721.94919357271
19824,4744.80643932459
19825,4734.16445813476
19826,4705.52707836009
19827,4743.90510625396
19828,4721.45802990089
19829,4735.59166345033
19830,4706.76202449278
19831,4740.0672352846
19832,4713.38878219333
19833,4729.09292496649
19834,4726.43501660527
19835,4723.46549251422
19836,4747.2985721941
19837,4731.89079044753
19838,4731.83539400187
19839,4732.81005012205
19840,4730.97572570677
19841,4730.4124857562
19842,4706.6055485208
19843,4714.73430225764
19844,4723.99316902702
19845,4737.50493699623
19846,4745.64772421513
19847,4706.74256388349
19848,4733.34935205762
19849,4736.09899391443
19850,4723.82155592173
19851,4722.06394562181
19852,4709.93523719094
19853,4720.67338746631
19854,4724.35857880446
19855,4742.85552797721
19856,4722.20366278448
19857,4734.07662848689
19858,4721.59964276009
19859,4727.67386044444
19860,4747.10800057337
19861,4745.31529241753
19862,4709.66335949265
19863,4737.78119019364
19864,4595.6790769394
19865,4602.03465583501
19866,4578.24202707298
19867,4601.42960706422
19868,4602.02318529872
19869,4593.74858160013
19870,4569.57578078989
19871,4597.53980795629
19872,4574.47882840211
19873,4576.34066644447
19874,4585.66378941918
19875,4569.88295751732
19876,4565.31223470955
19877,4573.93454122681
19878,4568.0572991049
19879,4586.06309587633
19880,4568.58194242197
19881,4576.71354682266
19882,4590.37638487091
19883,4562.28704070289
19884,4559.12494128342
19885,4570.74883705439
19886,4591.95100963171
19887,4578.53688537166
19888,4572.18486873103
19889,4589.10869937686
19890,4581.14262277093
19891,4567.64756797457
19892,4599.79722111998
19893,4569.20314506411
19894,4569.51426789566
19895,4585.24608333536
19896,4571.47626441122
19897,4568.80395053036
19898,4564.77514904061
19899,4563.64156599429
19900,4574.61128590744
19901,4574.46291870526
19902,4602.96260293792
19903,4572.24404751665
19904,4571.81819445948
19905,5906.66885796791
19906,5906.5063392383
19907,5878.67356433523
19908,5868.41507800972
19909,5869.97167724036
19910,5873.52441001507
19911,5870.21692248994
19912,5869.89075039201
19913,5899.75588459692
19914,5896.00857549414
19915,5873.77231878212
19916,5872.22818952094
19917,5880.17818382904
19918,5868.81665026454
19919,5877.94926875393
19920,5868.64096992214
19921,5887.03758110225
19922,5902.65334225031
19923,5865.10937345071
19924,5870.71496859741
19925,5860.81710859727
19926,5876.17194793657
19927,5904.06433568763
19928,5871.60810614219
19929,5891.28656753795
19930,5880.74512761946
19931,5871.1764642357
19932,5870.99837858681
19933,5907.54028975518
19934,5868.21750870048
19935,5883.78007932463
19936,5872.66239505361
19937,5869.76922842951
19938,5878.47734705585
19939,5875.36185325238
19940,5883.11040320513
19941,5861.84069722162
19942,5903.62061833969
19943,5903.99000931848
19944,5903.44134603779
19945,5904.98786814769
19946,6214.25057842058
19947,6179.61610658638
19948,6224.09914991941
19949,6204.22308233167
19950,6195.43579672876
19951,6227.45355133298
19952,6234.99031817496
19953,6261.71674516318
19954,6182.64254071026
19955,6258.78460376127
19956,6219.01987549034
19957,6252.21250545785
19958,6256.76112664333
19959,6215.40289121458
19960,6257.92967619284
19961,6250.38924388635
19962,6240.48283991877
19963,6200.65684887217
19964,6198.66513929389
19965,6247.940256051
19966,6216.1174165337
19967,6215.71626257325
19968,6208.48174977973
19969,6257.25555619977
19970,6187.47670934628
19971,6241.80425414289
19972,6233.25239749757
19973,6199.61984758187
19974,6223.09012028764
19975,6210.72815279307
19976,6243.17671548694
19977,6208.32373579677
19978,6228.39047654113
19979,6203.51532996778
19980,6261.30720122787
19981,6204.93503624332
19982,6197.64457039861
19983,6233.39275394992
19984,6249.38301659831
19985,6210.1531233995
19986,6197.57426771952
19987,6618.8786313879
19988,6627.58399452244
19989,6624.02027394121
19990,6612.09820591031
19991,6616.68870784764
19992,6614.64553457163
19993,6611.02744210674
19994,6618.1756513961
19995,6620.25977919481
19996,6632.19581398407
19997,6638.12877838098
19998,6611.82175988113
19999,6611.53287333238
20000,6645.42533641304
20001,6642.07042549344
20002,6613.29204780796
20003,6628.29369753397
20004,6612.07794368323
20005,6625.55884431878
20006,6636.64886603016
20007,6630.3953655644
20008,6626.22267391528
20009,6608.46179613739
20010,6649.66589471135
20011,6623.15257507469
20012,6630.69684738858
20013,6629.66571491
20014,6647.06265531915
20015,6652.07476651984
20016,6624.67383255404
20017,6610.45430453657
20018,6616.45881642636
20019,6640.26416012244
20020,6613.58873492165
20021,6623.33034440062
20022,6633.61170954825
20023,6623.23837587442
20024,6618.96762791553
20025,6649.63739716061
20026,6610.22529103773
20027,6650.28850606832
20028,6634.77085784861
20029,6627.22936071465
20030,6656.78156034256
20031,6636.54968487949
20032,6623.72532712856
20033,6637.70299016771
20034,6628.89748602518
20035,6644.70157397317
20036,6633.74463737023
20037,6648.35295119546
20038,6630.13678471576
20039,6648.42936360186
20040,6655.46220680955
20041,6638.27384151024
20042,6625.56506305517
20043,6635.42667697928
20044,6656.04286440583
20045,6619.67007979936
20046,6629.15950979127
20047,6629.4446384778
20048,6629.3265036486
20049,6635.33953653847
20050,6649.83627717605
20051,6656.73853481298
20052,6638.03247559916
20053,6633.79440402737
20054,6656.00035570894
20055,6643.27324298934
20056,6624.2888589844
20057,6631.95733484411
20058,6634.44318246675
20059,6635.11548135364
20060,6646.78235264624
20061,6632.07992217702
20062,6645.61747251006
20063,6650.51217948655
20064,6653.14806927744
20065,6628.21612071593
20066,6623.26485954522
20067,6639.50387939718
20068,6650.6766861691
20069,4391.51459808363
20070,4372.33763998959
20071,4392.48418428463
20072,4388.84029726611
20073,4365.35099101433
20074,4368.5759800615
20075,4389.76341044909
20076,4379.72467452267
20077,4380.45475011619
20078,4382.97731070921
20079,4391.35848416987
20080,4374.31745222261
20081,4369.71381859208
20082,4382.48208887443
20083,4383.22509430291
20084,4383.38519652952
20085,4366.58043979714
20086,4391.49704945824
20087,4369.72046167384
20088,4379.60223761322
20089,4374.33664778006
20090,4368.12827775765
20091,4375.9664621503
20092,4385.55439870319
20093,4386.57383575186
20094,4387.29245473252
20095,4390.89779859678
20096,4384.48129087839
20097,4389.9074723349
20098,4370.13338275508
20099,4384.8242412929
20100,4393.37869297267
20101,4384.13789143316
20102,4380.61741229519
20103,4389.38066543975
20104,4390.50545398601
20105,4386.34943068534
20106,4368.92428315015
20107,4393.33181825195
20108,4384.59265998993
20109,4378.50253463032
20110,4995.91881613231
20111,5001.34025975403
20112,5006.21803366612
20113,5006.76683151658
20114,4998.32885779877
20115,4998.54023869059
20116,5005.30131475612
20117,5008.65801819141
20118,5005.76203079868
20119,5013.78050454183
20120,5002.12994143046
20121,5012.91698354436
20122,5001.78420945017
20123,5005.86625000962
20124,4994.56906745851
20125,4998.11880082668
20126,5002.84386285402
20127,5009.64119507544
20128,5000.03878980362
20129,5001.1321395546
20130,5012.24448126289
20131,5002.89875235029
20132,5001.40826040966
20133,5004.33122691572
20134,5013.55291757426
20135,5006.01203119528
20136,4998.0800551093
20137,5004.37865160937
20138,4997.55752281118
20139,5012.46194207697
20140,5006.79536469218
20141,5011.46846029288
20142,5013.21058679256
20143,4999.36668552435
20144,5006.67625711789
20145,5012.86881671774
20146,5011.24014980806
20147,4996.2172062418
20148,5007.03597523292
20149,4999.37940672218
20150,4071.43516633692
20151,4074.33949059242
20152,4115.02692088241
20153,4107.03431065971
20154,4082.79950463008
20155,4088.46119901415
20156,4099.10504217971
20157,4107.18795657177
20158,4080.99318810298
20159,4112.64424108663
20160,4076.49754840502
20161,4103.88244628134
20162,4063.96586684451
20163,4086.53573152654
20164,4062.64344503365
20165,4111.0012980375
20166,4066.54069338289
20167,4069.77904593442
20168,4068.0260515742
20169,4097.79556559188
20170,4057.81581085251
20171,4064.1116539644
20172,4091.84784026147
20173,4102.40301408903
20174,4078.20748284102
20175,4085.67747287222
20176,4079.88198978102
20177,4080.32831790771
20178,4116.16255056974
20179,4089.32479278906
20180,4083.62519631401
20181,4074.64935081066
20182,4114.49486869585
20183,4071.51144586438
20184,4085.85277417021
20185,4076.50332452942
20186,4091.90564109368
20187,4115.66189505846
20188,4066.88755553511
20189,4113.13922800284
20190,4087.6287393187
20191,3143.11449847317
20192,3136.83120924271
20193,3159.95219754684
20194,3132.94523102988
20195,3155.27393603913
20196,3171.35750652495
20197,3143.48743849794
20198,3129.18144695143
20199,3151.4381069049
20200,3170.11201424761
20201,3156.57480328198
20202,3149.23385528077
20203,3133.13331780608
20204,3164.08620094361
20205,3144.89081848055
20206,3130.75860666895
20207,3121.04809590253
20208,3136.61087006765
20209,3142.58904808269
20210,3126.5400731975
20211,3141.20251370998
20212,3140.80142432818
20213,3173.11255389173
20214,3131.68668766294
20215,3165.16793197554
20216,3132.2532531351
20217,3126.84833498969
20218,3126.95472809544
20219,3137.98243928112
20220,3129.59485304517
20221,3147.00999637956
20222,3129.08966199534
20223,3141.53232238855
20224,3129.12022223512
20225,3137.26608606733
20226,3129.90669187073
20227,3167.29344578259
20228,3171.93894430084
20229,3137.66913379782
20230,3150.46513818246
20231,3172.2632449903
20232,6632.77614326776
20233,6621.76885779561
20234,6634.36727958071
20235,6651.70165437316
20236,6665.70861620328
20237,6630.63585453927
20238,6618.15673053016
20239,6664.34477211177
20240,6656.11622263177
20241,6651.8191303406
20242,6628.34766191352
20243,6628.19481014483
20244,6619.0608165761
20245,6622.72747951816
20246,6639.92602655453
20247,6632.62307397495
20248,6620.57033266891
20249,6648.29909997585
20250,6637.66655755133
20251,6659.68980200882
20252,6646.30182621255
20253,6667.60855687317
20254,6621.16090893375
20255,6618.83612619311
20256,6624.85021137937
20257,6624.56966549765
20258,6656.50756925286
20259,6666.67725637429
20260,6626.03340761926
20261,6613.81013453548
20262,6621.7132614452
20263,6633.3297400577
20264,6628.46446991647
20265,6662.64131338791
20266,6638.53580564078
20267,6633.78293298307
20268,6625.50428950429
20269,6628.79736846347
20270,6642.71709890612
20271,6630.09182627552
20272,6666.43818508036
20273,18020.4839646693
20274,18008.1114060981
20275,18042.2005435045
20276,18038.8987882879
20277,18021.294911204
20278,18040.9753370303
20279,18025.1437212135
20280,18015.5221301364
20281,18056.8115943741
20282,18015.0145301152
20283,18052.2284877527
20284,18032.7808740153
20285,18016.2146042353
20286,18034.7098349221
20287,18015.5621791052
20288,18027.2570749055
20289,18030.1439723052
20290,18021.6778845487
20291,18046.9635366521
20292,18010.5964449405
20293,18014.4462191133
20294,18022.6308133739
20295,18017.341515441
20296,18021.7863566815
20297,18006.7823250968
20298,18005.5933308769
20299,18025.0353194674
20300,18054.8734900001
20301,18003.9261903668
20302,18018.3240990481
20303,18015.2188802022
20304,18018.5647634091
20305,18012.602483229
20306,18049.6875422189
20307,18034.0502125259
20308,18054.5579309022
20309,18010.6599760714
20310,18044.1164848382
20311,18010.0312516659
20312,18026.7598159824
20313,18022.4298310412
20314,18054.5000411277
20315,18039.7079524235
20316,18027.816177742
20317,18047.9059654669
20318,18012.4703250789
20319,18015.1041082451
20320,18017.5869719702
20321,5274.17360318517
20322,5291.44693182577
20323,5293.9164998164
20324,5312.47914326259
20325,5262.31111293102
20326,5274.22825405052
20327,5276.18787315606
20328,5303.59456379968
20329,5297.64881275552
20330,5260.17666598613
20331,5271.70683447002
20332,5275.76051987963
20333,5279.84943406453
20334,5269.60496709858
20335,5285.96850147937
20336,5278.72859796633
20337,5284.76500985939
20338,5315.83037243017
20339,5259.68422436413
20340,5264.81173175586
20341,5307.90686474569
20342,5265.50699777695
20343,5314.5995871115
20344,5290.15416655296
20345,5269.6802058479
20346,5268.03125077854
20347,5273.05492937168
20348,5310.94542944646
20349,5301.32121095399
20350,5266.60607049834
20351,5310.37898012006
20352,5314.3367699597
20353,5281.81760963339
20354,5316.4897895944
20355,5265.31082394958
20356,5264.41808091186
20357,5261.45669157132
20358,5262.19253132632
20359,5270.28263957435
20360,5268.33193313053
20361,5272.4680621523
20362,5348.82805316641
20363,5406.62062057707
20364,5372.48357053198
20365,5386.26839295344
20366,5401.61736617427
20367,5369.59685110565
20368,5402.97919461372
20369,5352.18176408729
20370,5389.17370789177
20371,5395.18001145982
20372,5374.72635818404
20373,5359.7791920737
20374,5357.18865554779
20375,5408.80403952009
20376,5399.63055742063
20377,5369.00954977679
20378,5350.78039580429
20379,5389.30590280316
20380,5408.82794633796
20381,5370.42194057323
20382,5374.78639575027
20383,5367.21728662833
20384,5365.04062731076
20385,5406.52453884275
20386,5349.20475833687
20387,5376.92562705405
20388,5364.3283358917
20389,5374.18575280822
20390,5354.1282585856
20391,5368.0796856651
20392,5350.31708692928
20393,5354.69905799489
20394,5360.6698928194
20395,5404.09909369579
20396,5379.72075001249
20397,5404.58096739824
20398,5404.66796896933
20399,5382.9517890038
20400,5366.30569526656
20401,5363.94556208006
20402,5367.98691007125
20403,6211.70728887782
20404,6188.96423273194
20405,6193.10632220948
20406,6222.00571423601
20407,6183.89766952763
20408,6182.48402042212
20409,6189.96753586954
20410,6221.57815522651
20411,6191.80081840782
20412,6179.72903427207
20413,6179.72010868032
20414,6187.33663933566
20415,6202.2792605965
20416,6190.37795157928
20417,6213.43367292116
20418,6196.84559221083
20419,6196.05203183964
20420,6178.62054979965
20421,6228.22954768646
20422,6192.19315787043
20423,6209.68264033753
20424,6227.35621349174
20425,6196.93158488316
20426,6192.77758130983
20427,6193.9537303068
20428,6227.32064846012
20429,6192.711227911
20430,6186.42555483474
20431,6195.07296171898
20432,6228.52852014378
20433,6194.79144228871
20434,6200.25659265745
20435,6190.89899183362
20436,6202.41039493156
20437,6229.6389205639
20438,6181.09269252278
20439,6219.11260790525
20440,6193.8403810304
20441,6203.45383466342
20442,6207.86728068397
20443,6178.92611604678
20444,4753.31257538692
20445,4757.08457639815
20446,4742.09558171171
20447,4764.1027647527
20448,4745.69510226472
20449,4736.74962117456
20450,4761.7575323604
20451,4753.13169337675
20452,4737.49384053688
20453,4745.1654273513
20454,4749.61896287532
20455,4765.06992273831
20456,4743.77896850118
20457,4748.54870401426
20458,4739.19400993973
20459,4767.80155874493
20460,4738.05885772005
20461,4735.57649676196
20462,4755.73688546593
20463,4748.480284043
20464,4767.12283547814
20465,4759.18780989091
20466,4765.86197748993
20467,4731.10561760644
20468,4738.20665495714
20469,4745.91123743509
20470,4742.37546217723
20471,4748.68597391102
20472,4755.11692695712
20473,4738.68109430484
20474,4760.0947043226
20475,4748.60220246507
20476,4740.66920447549
20477,4741.45127878394
20478,4766.48097094876
20479,4744.16621559886
20480,4739.69832762058
20481,4738.04977443985
20482,4738.42385874737
20483,4744.65913446116
20484,4746.82933563215
20485,4997.9115881922
20486,5007.88476099016
20487,4983.45351180638
20488,4979.54862976056
20489,4972.85951892743
20490,5016.19048166227
20491,4977.39810872677
20492,4988.36724308409
20493,4971.13474504605
20494,4973.5109332733
20495,5016.21966382054
20496,4973.33062299236
20497,4972.10766759499
20498,5020.86251425238
20499,5005.21057707626
20500,4990.1927451446
20501,5020.88609551209
20502,4998.54693509301
20503,5000.38415343481
20504,4976.03508731035
20505,4978.37323720995
20506,5016.84059649663
20507,5010.3026025122
20508,4966.92242490083
20509,4989.26107953145
20510,4989.40706591854
20511,4982.10992981618
20512,4971.49129277211
20513,4976.66882263605
20514,4986.6958906453
20515,5005.05754194292
20516,4984.3412576082
20517,4985.87695595315
20518,4992.26799289852
20519,4975.66437320014
20520,4973.21067104096
20521,4982.00730856276
20522,4972.11341522857
20523,5018.506955487
20524,4984.65847841188
20525,4995.13771366885
20526,4707.77662450485
20527,4728.08924831633
20528,4727.98584732545
20529,4709.64172964961
20530,4730.32786056486
20531,4735.30390541458
20532,4715.13938668229
20533,4699.71384281172
20534,4739.22960638817
20535,4724.11950110188
20536,4738.92965175662
20537,4722.28602006709
20538,4711.08212960513
20539,4716.83476565087
20540,4712.09124733132
20541,4710.29500282895
20542,4720.5525387977
20543,4733.50857651793
20544,4732.35575295533
20545,4737.53518299168
20546,4717.13141372049
20547,4718.54237851924
20548,4724.9427221062
20549,4720.10253428904
20550,4738.98590767302
20551,4726.3701193005
20552,4709.25262872575
20553,4710.78462561487
20554,4715.98110947269
20555,4711.9482283805
20556,4738.24970243296
20557,4712.84476406935
20558,4702.26504316419
20559,4713.15797965369
20560,4723.77684374323
20561,4715.02599899517
20562,4719.86354644583
20563,4720.31427126124
20564,4717.9254571058
20565,4718.08861334063
20566,4728.99664541455
20567,4159.88777978087
20568,4161.03152170636
20569,4159.82689447699
20570,4199.43455994563
20571,4152.57561051606
20572,4160.70014629776
20573,4196.16453203082
20574,4165.60848468065
20575,4180.86422534529
20576,4146.84022341104
20577,4190.12426395064
20578,4170.09222534931
20579,4141.43727264475
20580,4193.44785211559
20581,4175.39884731203
20582,4184.98504598387
20583,4148.07878800772
20584,4183.17262382466
20585,4199.73676283991
20586,4166.68869389331
20587,4191.86327158373
20588,4202.20345463728
20589,4200.49311691766
20590,4151.43865573051
20591,4155.37088716744
20592,4145.74578509507
20593,4167.79105910603
20594,4163.43372043435
20595,4174.86466488068
20596,4160.89539300122
20597,4143.49536355105
20598,4151.86407113021
20599,4148.23997848817
20600,4143.10426462027
20601,4149.78416139469
20602,4164.25942913497
20603,4156.82584478363
20604,4160.04670383866
20605,4145.2877509512
20606,4156.36201904508
20607,4185.01555242344
20608,7465.9029791147
20609,7468.71442082099
20610,7464.50665838295
20611,7478.04527212438
20612,7475.2298289373
20613,7462.10189373444
20614,7476.59877112055
20615,7479.87373487363
20616,7467.00081558225
20617,7470.34973190151
20618,7479.07031137402
20619,7481.60382272401
20620,7481.34308570107
20621,7476.28985669357
20622,7466.68787850964
20623,7469.28039321768
20624,7481.41433191655
20625,7468.26716820667
20626,7474.48692755328
20627,7472.71073684064
20628,7475.33074121481
20629,7481.00172887329
20630,7485.69526224253
20631,7472.71226282113
20632,7462.45386227585
20633,7480.79028090026
20634,7462.55185106971
20635,7471.67380389749
20636,7472.7120139719
20637,7471.08782605906
20638,7471.94333410957
20639,7468.78845783323
20640,7474.72207910964
20641,7475.14294681337
20642,7473.88136996612
20643,7479.5011105098
20644,7466.82537996151
20645,7463.52359535445
20646,7471.44919895394
20647,7472.80554635931
20648,6502.32832181176
20649,6499.90385414178
20650,6534.26659978423
20651,6507.19744561321
20652,6492.38703742341
20653,6538.56134290489
20654,6527.04193659059
20655,6539.3545559105
20656,6493.16419343296
20657,6521.93344968478
20658,6533.32783277613
20659,6515.44665227859
20660,6492.81048652897
20661,6489.36917339148
20662,6518.21704502299
20663,6537.97404118232
20664,6513.38730278754
20665,6524.60730341969
20666,6489.39719025451
20667,6504.66885136618
20668,6495.52246817725
20669,6491.20452537813
20670,6491.62666260639
20671,6502.77752606425
20672,6498.53058793091
20673,6530.87835323561
20674,6539.632908339
20675,6494.7665899943
20676,6487.1859263779
20677,6491.66190818203
20678,6499.1124204781
20679,6507.87255627403
20680,6494.90448097074
20681,6500.57202749113
20682,6501.86480402712
20683,6497.65306754119
20684,6486.65818845656
20685,6495.66412253085
20686,6487.41795197289
20687,6538.21220829085
20688,6498.52789344139
20689,3639.12885091027
20690,3663.42956376975
20691,3645.88200779316
20692,3635.489978194
20693,3659.40668714765
20694,3658.84818893692
20695,3630.10428266963
20696,3665.93916453176
20697,3644.44473432561
20698,3633.99566961043
20699,3641.49138558317
20700,3634.0277807349
20701,3645.31662402467
20702,3656.59195401673
20703,3636.27803234222
20704,3653.03129125522
20705,3652.92350390797
20706,3661.9395362689
20707,3636.79798629275
20708,3636.58223283235
20709,3654.38530791897
20710,3633.59525025205
20711,3646.84738054198
20712,3643.56647327865
20713,3642.77566158264
20714,3644.98245363842
20715,3662.72178033809
20716,3648.2912505128
20717,3642.82065787375
20718,3635.58435912863
20719,3655.78790698597
20720,3639.58254453372
20721,3666.07146010684
20722,3634.1924761118
20723,3634.48021719107
20724,3639.91579260771
20725,3643.0597811601
20726,3637.2418700116
20727,3648.49589368214
20728,3661.74714123194
20729,8587.88491486142
20730,8563.23908337457
20731,8580.8395290576
20732,8597.4233707932
20733,8562.96123024057
20734,8593.80959531922
20735,8548.87920341456
20736,8573.52096705187
20737,8552.96148862646
20738,8559.47092945879
20739,8551.30499919826
20740,8578.94556906546
20741,8587.84914955522
20742,8549.32067084818
20743,8572.55505435879
20744,8594.21705083455
20745,8555.67960761595
20746,8599.08577685917
20747,8562.43945664967
20748,8556.11910009569
20749,8547.40722346832
20750,8558.05357441287
20751,8567.76866568919
20752,8560.20566568528
20753,8561.40006760331
20754,8558.98530726868
20755,8571.32695574088
20756,8554.93364883999
20757,8562.81160520468
20758,8597.91266762384
20759,8558.91558639857
20760,8555.67065500236
20761,8548.29130493828
20762,8556.29042509787
20763,8555.22396819085
20764,8561.88274436057
20765,8594.27483524664
20766,8597.60955221271
20767,8562.02535559739
20768,8598.11548484902
20769,8564.07910504132
20770,4648.69908472958
20771,4643.6207174497
20772,4630.82263901055
20773,4651.15693861029
20774,4638.13879923449
20775,4639.41101326812
20776,4632.33856335799
20777,4625.71213233228
20778,4641.06857892978
20779,4634.50610375654
20780,4637.08691138569
20781,4632.95432396636
20782,4646.02817470491
20783,4640.21233571612
20784,4633.55019183198
20785,4631.58582607986
20786,4644.61445305341
20787,4630.73712593132
20788,4631.01540788049
20789,4651.59258702166
20790,4629.28625469419
20791,4634.92329354178
20792,4644.39666837594
20793,4641.61668202127
20794,4639.8182001611
20795,4635.43221673187
20796,4642.38323245433
20797,4631.44701165441
20798,4628.9638542241
20799,4645.67923386589
20800,4647.27253023909
20801,4638.09480601941
20802,4634.52541423386
20803,4638.97410386914
20804,4633.15202938084
20805,4644.04584531329
20806,4640.34675097305
20807,4630.46726263024
20808,4629.74165564851
20809,4639.13922913231
20810,4647.18123060811
20811,4699.33197427319
20812,4734.50121776978
20813,4756.74060906002
20814,4719.70736390458
20815,4721.05179884625
20816,4702.30455091555
20817,4764.59055866418
20818,4719.95278084031
20819,4753.14125281527
20820,4748.5600878141
20821,4713.73905117607
20822,4714.65407078692
20823,4760.36554422089
20824,4724.0998334488
20825,4715.35672005643
20826,4714.61804077951
20827,4761.64056323196
20828,4751.35206906537
20829,4744.96642417999
20830,4720.62634331719
20831,4708.7726083907
20832,4765.24969560081
20833,4728.54459624965
20834,4711.14330630595
20835,4715.1898435051
20836,4733.47230672349
20837,4744.16675236076
20838,4704.98945471744
20839,4763.60134854145
20840,4719.19472562353
20841,4724.33561248059
20842,4717.11218026417
20843,4736.9331422239
20844,4713.61403789109
20845,4753.03184419137
20846,4705.38544406998
20847,4727.20523353647
20848,4714.20383811124
20849,4762.43394823671
20850,4737.36699640373
20851,4709.21648092085
20852,8033.99516041126
20853,8049.9225844575
20854,8053.6097404683
20855,8017.32455943867
20856,8035.51966050682
20857,8055.5050609345
20858,8054.41473545718
20859,8027.03319947111
20860,8022.06289286036
20861,8013.5976484064
20862,8007.66195382533
20863,8050.44628027016
20864,8025.57402470211
20865,8011.39348928452
20866,8001.55809582687
20867,8008.11101345661
20868,8044.32090766639
20869,8028.13063185848
20870,8015.57557957723
20871,8022.66483503923
20872,8012.123738117
20873,8038.20801861235
20874,8011.28487825144
20875,8044.03018918448
20876,8028.02401917172
20877,8035.73460532581
20878,8022.31623791476
20879,8031.67519875138
20880,8041.90061107707
20881,8012.13271897549
20882,8044.25048971092
20883,8017.15636614847
20884,8052.33357043271
20885,8039.68604429638
20886,8019.45241364501
20887,8012.07853327541
20888,8023.20461187516
20889,7999.27504899443
20890,8046.66426590518
20891,8027.48010462756
20892,8022.89206718263
20893,8020.41381703171
20894,8049.15242662345
20895,8039.58053384982
20896,8011.36569996628
20897,8012.12881909047
20898,8052.03747087137
20899,8016.59024459358
20900,8074.27222279187
20901,8060.46763202211
20902,8053.72846954556
20903,8056.54444976955
20904,8044.77597743907
20905,8088.85858786018
20906,8092.44433105591
20907,8082.274592649
20908,8091.78974368795
20909,8041.95849961957
20910,8048.03298248663
20911,8092.3538570988
20912,8065.04965819944
20913,8046.24309252225
20914,8047.24389034717
20915,8048.77988913571
20916,8042.03217936858
20917,8067.06676457907
20918,8055.50676756935
20919,8060.74826103156
20920,8051.37415924054
20921,8095.27394797128
20922,8046.75259578231
20923,8052.32309127163
20924,8058.31275317068
20925,8049.4363214875
20926,8043.06186043255
20927,8054.76208250652
20928,8048.96633057318
20929,8068.97563797729
20930,8084.26573548091
20931,8072.97942068407
20932,8057.83037838377
20933,8058.30803169729
20934,8059.693272198
20935,8044.09981453439
20936,8092.30706266569
20937,8052.44526178835
20938,8088.02919777246
20939,8056.67771932407
20940,8095.40309139255
20941,9719.77696708892
20942,9754.48893622841
20943,9700.30977792608
20944,9711.44194798956
20945,9710.56337026602
20946,9736.993992671
20947,9722.90452280655
20948,9749.13341209777
20949,9706.26930534579
20950,9705.54501280944
20951,9716.99552679535
20952,9740.76273089661
20953,9727.67425586984
20954,9745.96732065997
20955,9700.04142478109
20956,9751.6912336811
20957,9743.70530999381
20958,9711.20141685657
20959,9694.10873602856
20960,9712.08603855989
20961,9756.05951741773
20962,9711.15355440844
20963,9730.89347170528
20964,9753.76871152538
20965,9734.24601871893
20966,9711.81390142186
20967,9728.57985955293
20968,9712.34304225892
20969,9721.86560858852
20970,9719.83726747064
20971,9696.82210582907
20972,9718.98340954578
20973,9696.51580129461
20974,9754.39234410087
20975,9720.03265964024
20976,9714.89750573305
20977,9716.67093811988
20978,9737.29960631411
20979,9705.15761585222
20980,9743.76280929605
20981,9706.02344915466
20982,5014.13847743502
20983,5004.33172745934
20984,4991.00066367134
20985,4990.04770457487
20986,4989.94109550158
20987,5014.94327763133
20988,5002.10793154584
20989,4993.87222112693
20990,5021.66224962514
20991,5003.79481710071
20992,4989.66106243697
20993,4998.09965619858
20994,5024.0798448874
20995,5036.83797266302
20996,5032.29710123989
20997,4990.77304765214
20998,4993.00858597989
20999,4989.07794826244
21000,5009.4628722723
21001,5002.13144300882
21002,4985.60334375477
21003,5007.44966271672
21004,4995.45004539422
21005,5018.00759010822
21006,5011.28928942617
21007,4993.06793461506
21008,4992.82004450594
21009,5032.6725182537
21010,5032.26185932785
21011,5034.23082609606
21012,4998.77293378256
21013,5006.69323726501
21014,4989.19237951896
21015,5027.09472176103
21016,5004.67795686347
21017,4992.81316585564
21018,5022.02642461387
21019,5003.46550576764
21020,5005.25222317924
21021,4998.15103131253
21022,5037.06525864919
21023,6564.65988196807
21024,6552.89590629911
21025,6542.66058430436
21026,6549.82958130767
21027,6570.11530233949
21028,6541.7092127454
21029,6577.03821198462
21030,6568.54188880424
21031,6555.11431102626
21032,6544.78571054768
21033,6550.49872164505
21034,6562.40840857663
21035,6588.36956889688
21036,6548.18212396995
21037,6556.91196253921
21038,6553.25545875662
21039,6553.35681435343
21040,6583.10254647712
21041,6574.05641446369
21042,6556.49861070182
21043,6591.30861273073
21044,6547.59037111027
21045,6578.40647174789
21046,6549.8274068552
21047,6564.53354788843
21048,6546.60438273543
21049,6578.44403683372
21050,6589.16525535479
21051,6586.56633454527
21052,6552.33163927749
21053,6592.03476272088
21054,6561.62363552922
21055,6590.44320614773
21056,6560.28164076434
21057,6558.58981758122
21058,6541.71629762104
21059,6558.99062678099
21060,6543.59168209955
21061,6548.25009985042
21062,6559.95715662662
21063,6554.73285943997
21064,4620.81461381388
21065,4606.50523038956
21066,4625.4991998298
21067,4607.42941934983
21068,4615.05334659775
21069,4629.9026502194
21070,4616.39936780767
21071,4609.35053262866
21072,4615.9408819713
21073,4618.61857518522
21074,4607.28167727074
21075,4628.41394215192
21076,4607.71272726507
21077,4614.97338089498
21078,4619.12027829774
21079,4610.94823350223
21080,4637.7634702642
21081,4608.21619247104
21082,4607.52860860303
21083,4604.21768602021
21084,4650.08303831732
21085,4610.58940249484
21086,4646.00485466566
21087,4610.8121298979
21088,4613.89994508898
21089,4644.94775549471
21090,4652.29866914611
21091,4631.87425471043
21092,4646.3680336078
21093,4616.92712531046
21094,4616.48771612511
21095,4608.6858964311
21096,4613.3421332194
21097,4638.30982349906
21098,4653.45839165567
21099,4615.22600299592
21100,4653.70390540519
21101,4619.45776036499
21102,4610.01995541088
21103,4651.09467988346
21104,4607.18243912164
21105,5401.21359590624
21106,5400.97030068046
21107,5441.49910428758
21108,5392.49862880104
21109,5412.46976770139
21110,5400.67233287045
21111,5423.7641060278
21112,5414.75164467582
21113,5428.46730669376
21114,5407.26906414421
21115,5395.51113942904
21116,5449.57337559643
21117,5386.40188404034
21118,5411.8729991408
21119,5385.72081558666
21120,5431.78175934094
21121,5434.01194431488
21122,5443.21174527893
21123,5405.97981310826
21124,5451.4871179956
21125,5396.39878879019
21126,5388.51870413382
21127,5443.98313784724
21128,5432.00902515769
21129,5395.21957714057
21130,5423.72468654922
21131,5398.43388770226
21132,5403.33866058166
21133,5386.43270948639
21134,5401.31904748447
21135,5399.46788008841
21136,5452.07513382527
21137,5406.23092857691
21138,5406.68796012664
21139,5414.13214613819
21140,5451.54888891195
21141,5390.59127424753
21142,5448.05337097713
21143,5392.41915033804
21144,5415.95365409679
21145,5387.3313666366
21146,14949.2687577877
21147,14927.9739091091
21148,14936.2535048102
21149,14930.9924136526
21150,14927.177556538
21151,14953.9003652076
21152,14961.1402254047
21153,14934.6732757454
21154,14930.6864878851
21155,14965.2421884276
21156,14940.6924535033
21157,14940.847007361
21158,14937.3546631525
21159,14966.9283431644
21160,14967.5307767042
21161,14931.3565457516
21162,14958.1683576398
21163,14948.3204338762
21164,14952.2859434697
21165,14965.1905269191
21166,14934.114974199
21167,14938.0324174447
21168,14937.2316645689
21169,14939.9336240598
21170,14953.4781977354
21171,14968.5243162731
21172,14962.6149487875
21173,14944.7563057642
21174,14940.3040051352
21175,14948.031980558
21176,14941.6085221183
21177,14940.0028538032
21178,14942.3981815135
21179,14935.1505191908
21180,14967.6777184047
21181,14934.0711645248
21182,14932.0649232546
21183,14965.7707629295
21184,14942.2277542386
21185,14942.6696073567
21186,14936.6644138485
21187,9319.89661986251
21188,9335.64826476305
21189,9327.83916943973
21190,9310.83970277428
21191,9332.26090692639
21192,9335.04164188668
21193,9333.58529304938
21194,9335.28734234213
21195,9322.79766725645
21196,9320.08731960409
21197,9312.35715417374
21198,9321.74857353811
21199,9316.32649060386
21200,9332.70749783535
21201,9316.49194404227
21202,9320.91519406617
21203,9320.74089799824
21204,9328.29486731367
21205,9315.4560227024
21206,9336.03783054447
21207,9335.78287124054
21208,9320.05403297588
21209,9315.22190602052
21210,9315.27708706059
21211,9325.0206706797
21212,9320.98361641361
21213,9314.56991978147
21214,9334.07646911658
21215,9320.68561327322
21216,9327.75825510388
21217,9322.42554869793
21218,9325.3467025687
21219,9314.59729544574
21220,9334.39149886751
21221,9335.58131014846
21222,9318.83714930612
21223,9325.41115441219
21224,9334.76343506462
21225,9326.1107556417
21226,9326.96440858742
21227,5957.43170197544
21228,5971.3247355363
21229,5973.98010702546
21230,5953.61877248978
21231,5977.79807839535
21232,5967.84224565051
21233,5958.07640276049
21234,5960.96326499966
21235,5959.61518761717
21236,5955.18430608751
21237,5956.62648455517
21238,5950.2820506608
21239,5955.94245282106
21240,5980.9956525923
21241,5953.44482294221
21242,5984.79068269617
21243,5958.88981736716
21244,5946.96026895681
21245,5947.397260309
21246,5984.96795125513
21247,5959.4759941191
21248,5974.57402624435
21249,5947.78930479382
21250,5955.02971848107
21251,5986.24842547611
21252,5961.26272299945
21253,5949.37831301461
21254,5983.96867133047
21255,5958.50949085543
21256,5952.57419926637
21257,5980.34527424863
21258,5947.68298830855
21259,5956.43292507178
21260,5952.71171726334
21261,5957.50430704352
21262,5952.19984129133
21263,5957.2161165153
21264,5970.9605096068
21265,5950.51236646293
21266,5966.42425277916
21267,5984.8611961539
21268,4346.75940850555
21269,4338.73922016715
21270,4343.26290707314
21271,4362.36716213266
21272,4335.46475610739
21273,4322.86298012853
21274,4359.47766454471
21275,4345.55308602794
21276,4324.07423220526
21277,4362.62987079911
21278,4336.37926264901
21279,4357.8761000562
21280,4325.01447795834
21281,4328.08534018643
21282,4357.93652725143
21283,4342.54076500788
21284,4336.56057503995
21285,4332.61303808244
21286,4342.79164847794
21287,4330.08124354611
21288,4359.02164589139
21289,4339.16557788749
21290,4325.51106008777
21291,4339.84910175518
21292,4335.48445608656
21293,4352.06471436297
21294,4341.38755304194
21295,4321.43626242001
21296,4341.12082429505
21297,4353.37718710018
21298,4322.49145784325
21299,4325.00424677425
21300,4324.9003602109
21301,4354.4541407674
21302,4321.23774654349
21303,4329.1955621122
21304,4342.29292029826
21305,4331.87370654424
21306,4324.76301615669
21307,4318.53822012976
21308,4349.61897643132
21309,4844.48344558564
21310,4849.91796703647
21311,4830.09662142486
21312,4847.38331396797
21313,4815.47834008936
21314,4808.04030741142
21315,4809.84019608356
21316,4844.57572940902
21317,4851.89048883305
21318,4815.27275735844
21319,4847.6966402352
21320,4841.68158731538
21321,4803.41424932014
21322,4808.5353749902
21323,4814.65796232452
21324,4826.3832913882
21325,4849.28508488316
21326,4819.34558596997
21327,4821.76876855142
21328,4823.99646092249
21329,4839.50534308787
21330,4814.84057726505
21331,4824.69453022633
21332,4820.67009473481
21333,4805.10597886854
21334,4814.56978036944
21335,4837.43861967046
21336,4825.86752935144
21337,4816.60612344614
21338,4808.77039053057
21339,4826.10150968859
21340,4815.75354935867
21341,4824.34491943799
21342,4814.62873177243
21343,4849.23834000972
21344,4811.5114189795
21345,4828.6807790748
21346,4817.20957881897
21347,4843.5345504109
21348,4809.09926389604
21349,4810.02236467976
21350,5622.17936719822
21351,5622.47524536276
21352,5591.4322178871
21353,5583.55215561072
21354,5595.91405628796
21355,5619.74874290136
21356,5603.31110917556
21357,5624.00185256545
21358,5588.24574142357
21359,5592.1600980944
21360,5592.61489034437
21361,5614.2039367923
21362,5587.93649009173
21363,5587.78542985716
21364,5609.50005399007
21365,5593.28841553266
21366,5622.27955048287
21367,5582.34428887142
21368,5601.05389021628
21369,5606.15038732974
21370,5589.29002585271
21371,5606.9728503565
21372,5585.50195819791
21373,5591.33938269786
21374,5617.05877355632
21375,5586.88643990189
21376,5582.43217925626
21377,5593.8277508991
21378,5600.66644016548
21379,5598.75636720637
21380,5585.08104728164
21381,5581.0244266423
21382,5614.46563904045
21383,5586.19976244565
21384,5585.75665181156
21385,5594.18316032234
21386,5590.38895711968
21387,5581.24645530077
21388,5583.23171610098
21389,5596.02583918286
21390,5594.79419540076
21391,4415.55787573027
21392,4376.59708949203
21393,4387.93971271891
21394,4382.53694729535
21395,4413.21424205063
21396,4378.08741952509
21397,4414.97955811159
21398,4388.71835505184
21399,4377.68563101891
21400,4414.48308268394
21401,0
21402,0
21403,0
21404,0
21405,0
21406,0
21407,0
21408,0
21409,0
21410,0
21411,0
21412,0
21413,0
21414,0
21415,0
21416,0
21417,0
21418,0
21419,0
21420,0
21421,0
21422,0
21423,0
21424,0
21425,0
21426,0
21427,0
21428,0
21429,0
21430,0
21431,0
21432,0
21433,0
21434,0
21435,0
21436,0
21437,0
21438,0
21439,0
21440,0
21441,0
21442,0
21443,0
21444,0
21445,0
21446,0
21447,0
21448,0
21449,0
21450,0
21451,0
21452,0
21453,0
21454,0
21455,0
21456,0
21457,0
21458,0
21459,0
21460,0
21461,0
21462,0
21463,0
21464,0
21465,0
21466,0
21467,0
21468,0
21469,0
21470,0
21471,0
21472,0
21473,0
21474,0
21475,0
21476,0
21477,0
21478,0
21479,0
21480,0
21481,0
21482,0
21483,0
21484,0
21485,0
21486,0
21487,0
21488,0
21489,0
21490,0
21491,0
21492,4375.00410800999
21493,0
21494,0
21495,0
21496,0
21497,0
21498,0
21499,0
21500,0
21501,0
21502,0
21503,0
21504,0
21505,0
21506,0
21507,0
21508,0
21509,0
21510,0
21511,0
21512,0
21513,0
21514,0
21515,0
21516,0
21517,0
21518,0
21519,0
21520,0
21521,0
21522,0
21523,0
21524,0
21525,0
21526,0
21527,0
21528,0
21529,0
21530,0
21531,0
21532,0
21533,0
21534,0
21535,0
21536,0
21537,0
21538,0
21539,0
21540,0
21541,0
21542,0
21543,0
21544,0
21545,0
21546,0
21547,0
21548,0
21549,0
21550,0
21551,0
21552,0
21553,0
21554,0
21555,0
21556,0
21557,0
21558,0
21559,0
21560,4376.61533804611
21561,0
21562,0
21563,0
21564,0
21565,0
21566,0
21567,0
21568,0
21569,0
21570,0
21571,0
21572,0
21573,0
21574,0
21575,0
21576,0
21577,0
21578,0
21579,0
21580,0
21581,0
21582,0
21583,0
21584,0
21585,0
21586,0
21587,0
21588,0
21589,0
21590,0
21591,0
21592,0
21593,0
21594,0
21595,0
21596,0
21597,0
21598,0
21599,0
21600,0
21601,4382.85182471484
21602,4398.81815009596
21603,0
21604,0
21605,0
21606,0
21607,0
21608,0
21609,0
21610,4382.83326144509
21611,0
21612,0
21613,0
21614,0
21615,0
21616,0
21617,0
21618,0
21619,0
21620,0
21621,0
21622,0
21623,0
21624,0
21625,0
21626,0
21627,0
21628,0
21629,4404.11438123236
21630,0
21631,0
21632,0
21633,0
21634,0
21635,0
21636,0
21637,0
21638,0
21639,4412.55471642983
21640,0
21641,0
21642,0
21643,0
21644,0
21645,0
21646,0
21647,0
21648,0
21649,0
21650,0
21651,0
21652,0
21653,0
21654,0
21655,0
21656,0
21657,4412.48042615921
21658,0
21659,0
21660,0
21661,0
21662,0
21663,0
21664,0
21665,0
21666,0
21667,0
21668,0
21669,0
21670,0
21671,0
21672,0
21673,0
21674,4393.09716980456
21675,0
21676,0
21677,0
21678,0
21679,0
21680,0
21681,0
21682,0
21683,0
21684,0
21685,0
21686,0
21687,0
21688,0
21689,0
21690,0
21691,0
21692,0
21693,0
21694,0
21695,0
21696,0
21697,0
21698,0
21699,0
21700,0
21701,0
21702,0
21703,0
21704,0
21705,0
21706,0
21707,0
21708,0
21709,0
21710,0
21711,0
21712,0
21713,0
21714,0
21715,0
21716,0
21717,0
21718,0
21719,0
21720,0
21721,0
21722,0
21723,0
21724,0
21725,0
21726,0
21727,0
21728,0
21729,0
21730,0
21731,0
21732,0
21733,0
21734,0
21735,0
21736,4376.12387486372
21737,0
21738,0
21739,0
21740,0
21741,0
21742,0
21743,0
21744,0
21745,0
21746,0
21747,0
21748,0
21749,0
21750,4366.56291721682
21751,0
21752,0
21753,0
21754,0
21755,0
21756,0
21757,0
21758,0
21759,0
21760,0
21761,0
21762,0
21763,0
21764,0
21765,0
21766,0
21767,0
21768,0
21769,0
21770,0
21771,0
21772,0
21773,0
21774,0
21775,0
21776,0
21777,0
21778,0
21779,0
21780,0
21781,0
21782,0
21783,0
21784,0
21785,0
21786,0
21787,0
21788,0
21789,0
21790,0
21791,0
21792,0
21793,4393.48424829926
21794,0
21795,0
21796,0
21797,0
21798,0
21799,0
21800,0
21801,0
21802,0
21803,4386.76922973572
21804,0
21805,0
21806,0
21807,4406.22298820239
21808,0
21809,0
21810,0
21811,0
21812,0
21813,0
21814,0
21815,0
21816,0
21817,0
21818,0
21819,0
21820,0
21821,0
21822,0
21823,0
21824,0
21825,0
21826,0
21827,0
21828,0
21829,0
21830,0
21831,0
21832,0
21833,0
21834,4372.83217523492
21835,0
21836,0
21837,0
21838,0
21839,0
21840,0
21841,0
21842,0
21843,0
21844,0
21845,0
21846,0
21847,0
21848,4392.46577051846
21849,0
21850,0
21851,0
21852,0
21853,0
21854,0
21855,0
21856,0
21857,0
21858,0
21859,0
21860,0
21861,0
21862,0
21863,0
21864,0
21865,0
21866,0
21867,0
21868,0
21869,0
21870,0
21871,0
21872,0
21873,0
21874,0
21875,0
21876,0
21877,0
21878,0
21879,0
21880,0
21881,0
21882,0
21883,0
21884,0
21885,0
21886,0
21887,0
21888,0
21889,0
21890,0
21891,0
21892,0
21893,0
21894,0
21895,0
21896,0
21897,0
21898,0
21899,0
21900,0
21901,0
21902,0
21903,0
21904,0
21905,0
21906,0
21907,0
21908,0
21909,0
21910,0
21911,0
21912,0
21913,0
21914,0
21915,0
21916,0
21917,0
21918,0
21919,0
21920,0
21921,0
21922,0
21923,4376.18021835114
21924,0
21925,0
21926,0
21927,0
21928,0
21929,0
21930,0
21931,0
21932,0
21933,0
21934,0
21935,0
21936,0
21937,0
21938,0
21939,0
21940,0
21941,0
21942,0
21943,0
21944,0
21945,0
21946,0
21947,0
21948,0
21949,0
21950,0
21951,0
21952,0
21953,0
21954,0
21955,0
21956,0
21957,0
21958,0
21959,0
21960,0
21961,0
21962,0
21963,0
21964,0
21965,0
21966,0
21967,4398.24533975983
21968,4408.82026546044
21969,0
21970,0
21971,0
21972,0
21973,0
21974,0
21975,0
21976,0
21977,0
21978,0
21979,0
21980,0
21981,0
21982,0
21983,0
21984,0
21985,0
21986,0
21987,0
21988,0
21989,0
21990,0
21991,0
21992,0
21993,0
21994,0
21995,0
21996,4388.36111043244
21997,0
21998,0
21999,0
22000,0
22001,0
22002,0
22003,0
22004,0
22005,0
22006,0
22007,0
22008,0
22009,0
22010,0
22011,0
22012,0
22013,0
22014,0
22015,0
22016,0
22017,0
22018,0
22019,0
22020,0
22021,0
22022,0
22023,0
22024,0
22025,0
22026,0
22027,0
22028,0
22029,0
22030,0
22031,0
22032,0
22033,0
22034,0
22035,0
22036,0
22037,0
22038,0
22039,0
22040,0
22041,0
22042,0
22043,0
22044,0
22045,0
22046,0
22047,0
22048,0
22049,0
22050,0
22051,0
22052,0
22053,0
22054,0
22055,0
22056,0
22057,0
22058,0
22059,0
22060,0
22061,0
22062,0
22063,0
22064,0
22065,0
22066,4378.50576946923
22067,0
22068,0
22069,0
22070,4380.83989414682
22071,0
22072,0
22073,0
22074,0
22075,0
22076,0
22077,0
22078,0
22079,0
22080,0
22081,0
22082,0
22083,0
22084,0
22085,0
22086,0
22087,0
22088,0
22089,0
22090,0
22091,0
22092,0
22093,0
22094,0
22095,0
22096,0
22097,0
22098,0
22099,0
22100,0
22101,0
22102,0
22103,0
22104,0
22105,0
22106,0
22107,0
22108,0
22109,0
22110,0
22111,0
22112,0
22113,0
22114,0
22115,0
22116,0
22117,0
22118,0
22119,0
22120,0
22121,4386.65464480481
22122,0
22123,0
22124,0
22125,0
22126,0
22127,0
22128,0
22129,0
22130,0
22131,0
22132,0
22133,0
22134,0
22135,0
22136,4399.75854465438
22137,0
22138,0
22139,0
22140,0
22141,0
22142,0
22143,0
22144,0
22145,0
22146,0
22147,0
22148,0
22149,0
22150,0
22151,0
22152,0
22153,0
22154,0
22155,0
22156,0
22157,0
22158,0
22159,0
22160,0
22161,0
22162,0
22163,0
22164,0
22165,0
22166,0
22167,0
22168,0
22169,0
22170,0
22171,0
22172,0
22173,0
22174,0
22175,0
22176,0
22177,0
22178,0
22179,0
22180,0
22181,0
22182,0
22183,0
22184,0
22185,0
22186,0
22187,0
22188,0
22189,0
22190,0
22191,0
22192,0
22193,0
22194,0
22195,0
22196,0
22197,0
22198,0
22199,0
22200,4392.6998079501
22201,0
22202,0
22203,0
22204,0
22205,0
22206,0
22207,0
22208,0
22209,0
22210,0
22211,0
22212,0
22213,0
22214,0
22215,0
22216,0
22217,0
22218,0
22219,0
22220,0
22221,0
22222,0
22223,0
22224,0
22225,0
22226,0
22227,0
22228,0
22229,0
22230,0
22231,0
22232,0
22233,0
22234,0
22235,0
22236,0
22237,0
22238,0
22239,0
22240,0
22241,4382.93102565479
22242,4404.37471035546
22243,0
22244,0
22245,0
22246,0
22247,0
22248,0
22249,0
22250,0
22251,0
22252,0
22253,0
22254,0
22255,0
22256,0
22257,4371.43164164722
22258,4380.18066924906
22259,4390.17845813612
22260,4400.77104239207
22261,9083.11982719338
22262,9087.50951553271
22263,9087.35294250856
22264,9057.51237410747
22265,9058.10087193754
22266,9067.38204632616
22267,9054.28498766889
22268,9075.56451902925
22269,9042.10714950677
22270,9055.90523920421
22271,9041.8680354256
22272,9055.02331643878
22273,9082.00209478964
22274,9047.64560351976
22275,9071.16048932628
22276,9082.37185906397
22277,9048.14086626278
22278,9051.6428627272
22279,9075.91481945742
22280,9066.38323427538
22281,9059.06852772219
22282,9049.61716951399
22283,9052.53586084864
22284,9083.8581040275
22285,9051.13254691256
22286,9070.86463843951
22287,9032.32890313746
22288,9055.69718309106
22289,9045.3837164069
22290,9036.91068980439
22291,9047.34874108714
22292,9064.29553460939
22293,9046.63826101842
22294,9053.31400541639
22295,9049.00384078182
22296,9047.39211672225
22297,9062.91107503582
22298,9062.13928552041
22299,9059.671955461
22300,9077.03069975443
22301,9068.75980506387
22302,4910.71453269451
22303,4950.3799463145
22304,4912.4399200613
22305,4906.09291891755
22306,4915.47014473556
22307,4913.90591110062
22308,4906.49833831424
22309,4949.70334009342
22310,4933.42511433495
22311,4917.58870151893
22312,4905.23554618576
22313,4914.63295038074
22314,4947.21012230327
22315,4910.66905811996
22316,4915.70135672794
22317,4898.36170772621
22318,4914.55849145653
22319,4926.4409824222
22320,4933.50552801972
22321,4950.20753348052
22322,4919.10946197859
22323,4905.54127395
22324,4940.54519835686
22325,4946.48070646312
22326,4904.1250178538
22327,4940.07799934321
22328,4950.28202286786
22329,4911.17962348259
22330,4920.07931057518
22331,4948.0418070807
22332,4908.85892054784
22333,4941.19913101236
22334,4902.86033516227
22335,4902.91733254674
22336,4926.75876295431
22337,4907.53279723516
22338,4917.38275089482
22339,4938.73746811305
22340,4923.87733928222
22341,4921.0828634054
22342,4902.43275153731
22343,5861.95375094433
22344,5848.59547397166
22345,5837.41537098851
22346,5849.20363866028
22347,5852.30592050969
22348,5846.56442639169
22349,5862.84915593703
22350,5842.60907757467
22351,5837.44313786877
22352,5863.1926653073
22353,5838.9057257384
22354,5843.13864241546
22355,5845.6254968615
22356,5842.14478262815
22357,5843.85681278062
22358,5842.31309505436
22359,5861.33304419364
22360,5845.44088053012
22361,5840.80564719418
22362,5840.62027117964
22363,5842.06435997493
22364,5843.37654788467
22365,5839.2389376479
22366,5841.79955863376
22367,5842.8441085021
22368,5862.35743143643
22369,5855.66412008055
22370,5862.02060772004
22371,5859.82373281567
22372,5845.97097548575
22373,5858.49688309765
22374,5852.96548393159
22375,5841.39640857951
22376,5843.97274885145
22377,5841.47483870841
22378,5847.85039687378
22379,5862.65038672528
22380,5856.61304252597
22381,5843.2372258523
22382,5836.87765706725
22383,6736.580391053
22384,6740.46781489794
22385,6760.56678959546
22386,6719.47189283149
22387,6763.47321967736
22388,6743.91107610446
22389,6718.28243673522
22390,6734.95537707463
22391,6727.37617965176
22392,6759.64117048613
22393,6764.77980643282
22394,6725.20914297663
22395,6713.76966165212
22396,6721.40802388755
22397,6743.51440172139
22398,6716.52244663525
22399,6729.82058853851
22400,6726.13964233372
22401,6724.81969238881
22402,6724.01025481807
22403,6759.67912353194
22404,6724.55738377323
22405,6725.62484085089
22406,6720.80556656581
22407,6756.51773450783
22408,6719.88203050618
22409,6752.81303200143
22410,6761.793122775
22411,6719.66987718037
22412,6723.05331989757
22413,6725.69327029236
22414,6724.43263767202
22415,6730.83963522365
22416,6716.10483189523
22417,6716.12204814988
22418,6763.32965352847
22419,6721.52682609607
22420,6750.50565609813
22421,6724.8790941167
22422,6725.68131695647
22423,6735.91384903373
22424,4768.34111489969
22425,4783.04227939563
22426,4764.22793283116
22427,4766.78495786812
22428,4751.55028537469
22429,4772.12132731043
22430,4759.48674675682
22431,4755.31280650984
22432,4786.47042146291
22433,4780.38158920729
22434,4753.15283803419
22435,4774.67366739156
22436,4753.41027493201
22437,4757.63377970228
22438,4756.18779218797
22439,4759.63115496078
22440,4758.18843513751
22441,4785.97384834326
22442,4783.91129816299
22443,4758.23688202103
22444,4760.323492825
22445,4779.64401822488
22446,4757.45643040819
22447,4783.70231940683
22448,4776.44896068305
22449,4758.35022246134
22450,4757.57827549062
22451,4754.55793283642
22452,4756.8885123709
22453,4759.15719360862
22454,4764.8414205391
22455,4758.43131554763
22456,4783.83718189989
22457,4754.35299687832
22458,4760.57435217869
22459,4785.27434684491
22460,4752.66886800755
22461,4752.15003207524
22462,4752.57591937266
22463,4768.740516596
22464,4754.93624585823
22465,6008.01951842515
22466,6001.63737698307
22467,6009.7108943314
22468,5998.76305978237
22469,6039.94777255534
22470,6017.20994948821
22471,6018.52026777697
22472,6035.98492594804
22473,6036.19174708164
22474,6028.6620962077
22475,6004.97815182374
22476,6017.94759271399
22477,6023.60263733815
22478,6011.92913797091
22479,6031.82911510917
22480,6020.05187368127
22481,6000.25158403385
22482,6040.70788173016
22483,6022.58240546854
22484,6004.08251601761
22485,6003.61868757279
22486,6013.10899498783
22487,6005.33342994818
22488,6017.51221218331
22489,6024.38353386252
22490,6037.27346816931
22491,6000.65497604398
22492,6016.524578721
22493,6029.9960952772
22494,6006.91421377648
22495,6004.62721458151
22496,6013.4333117694
22497,6016.30711370233
22498,6014.34577233195
22499,6015.13467619595
22500,6028.70525887135
22501,6002.53718965557
22502,6005.27310536217
22503,6011.59322697257
22504,6003.9590861523
22505,6037.86871057178
22506,6441.14225142515
22507,6477.83424145589
22508,6433.33940678513
22509,6473.30980897148
22510,6448.42694606136
22511,6453.96479372734
22512,6437.83285109438
22513,6436.9406728181
22514,6470.85830399741
22515,6475.47730538114
22516,6448.24125838848
22517,6442.80703666654
22518,6448.5049084326
22519,6449.64919769523
22520,6434.29528298305
22521,6457.53280589503
22522,6447.11919518944
22523,6434.37296943818
22524,6436.22813086602
22525,6437.51892855103
22526,6439.93110796882
22527,6446.76005904844
22528,6466.10596836512
22529,6456.88348403109
22530,6444.86360320647
22531,6432.40725067156
22532,6437.69668008613
22533,6476.80131277646
22534,6437.35596604173
22535,6463.18518484321
22536,6443.07358912527
22537,6469.06076152995
22538,6442.65706501776
22539,6462.98160165633
22540,6439.39297803508
22541,6450.77885459842
22542,6443.48526705097
22543,6432.67116982355
22544,6445.1438218926
22545,6477.50955468025
22546,6479.08673519798
22547,7615.30621161006
22548,7607.09867109654
22549,7617.76758823164
22550,7602.32821304808
22551,7619.62809641176
22552,7638.55285804695
22553,7609.65280775505
22554,7632.22343247486
22555,7636.00735538985
22556,7605.27841487995
22557,7636.56264818016
22558,7623.01494270811
22559,7604.94044674693
22560,7632.72128058105
22561,7616.75008251606
22562,7604.30560226586
22563,7613.32092114934
22564,7605.06313318799
22565,7613.59401337186
22566,7638.8579457166
22567,7627.65882861691
22568,7610.9014316078
22569,7614.82581073961
22570,7637.48383173258
22571,7638.17132226862
22572,7622.77854922285
22573,7613.9218717465
22574,7610.14001674226
22575,7625.74263960132
22576,7613.94676952246
22577,7638.47852712901
22578,7609.21082569852
22579,7616.85125084445
22580,7607.69064460327
22581,7638.22223792609
22582,7612.6875630146
22583,7615.49910243488
22584,7615.99262728877
22585,7610.77569384479
22586,7622.02781974495
22587,6752.78393233995
22588,6755.55517335278
22589,6744.93367380433
22590,6747.75175349323
22591,6778.71621960028
22592,6776.19034537795
22593,6773.89633228257
22594,6769.19348918328
22595,6758.05033189876
22596,6750.44617419821
22597,6751.91095954051
22598,6761.21171039098
22599,6745.06345675582
22600,6771.09561202447
22601,6747.31524753341
22602,6748.67132016837
22603,6744.92796319349
22604,6777.36879583623
22605,6747.36894372938
22606,6749.85744625823
22607,6756.59512359076
22608,6763.80608352585
22609,6755.60931426357
22610,6779.09300745798
22611,6750.24801340641
22612,6774.68711903854
22613,6747.16449730098
22614,6754.76088409172
22615,6776.74030763645
22616,6744.63582375625
22617,6758.70168575504
22618,6744.00045908276
22619,6756.44405659006
22620,6777.16423976962
22621,6747.78360666594
22622,6756.28859361152
22623,6746.53896688343
22624,6757.39698307637
22625,6767.30860562571
22626,6754.70171027077
22627,6759.49317700627
22628,3943.87108603747
22629,3909.78846534799
22630,3911.00265111603
22631,3928.09637148526
22632,3905.47791847994
22633,3921.29396054966
22634,3937.21215436591
22635,3916.51054027935
22636,3900.82650001495
22637,3914.07379346822
22638,3916.82329205082
22639,3933.24420576427
22640,3914.28595715539
22641,3915.80190747427
22642,3941.70904590184
22643,3903.5636653794
22644,3917.85923043558
22645,3920.01698147234
22646,3948.21521935589
22647,3949.03081067372
22648,3929.40126774137
22649,3912.70222232484
22650,3940.12782223197
22651,3907.92116452452
22652,3905.97414861172
22653,3908.6923428173
22654,3902.61574539173
22655,3921.80173311561
22656,3909.86616333661
22657,3905.77344596831
22658,3949.62157392661
22659,3903.26339787635
22660,3908.01698007218
22661,3933.62358825212
22662,3920.72348522271
22663,3918.39660081883
22664,3946.60851850006
22665,3907.20888556782
22666,3919.42863379587
22667,3921.36498413229
22668,3948.70550955731
22669,5657.58246836794
22670,5660.53570896745
22671,5655.30968178329
22672,5661.6834071323
22673,5648.15691146759
22674,5665.193430378
22675,5648.11839956117
22676,5646.25932033693
22677,5645.69435980033
22678,5653.14816841607
22679,5649.75908357417
22680,5649.76941574431
22681,5644.731767791
22682,5653.6050420246
22683,5665.79281157934
22684,5647.64088047381
22685,5650.33785277534
22686,5652.30112943882
22687,5667.28546389512
22688,5666.47454891853
22689,5667.51888651424
22690,5663.27890185427
22691,5653.14397534886
22692,5644.79747663792
22693,5647.47627539816
22694,5644.55141555452
22695,5653.65509617537
22696,5646.73618602775
22697,5658.08077627984
22698,5663.6989079177
22699,5655.93240951842
22700,5646.70315639641
22701,5646.33735165214
22702,5650.07854441182
22703,5647.66236167897
22704,5665.61145780956
22705,5654.90152900448
22706,5652.80271170241
22707,5653.19118301851
22708,5654.27635407023
22709,6692.82941588543
22710,6711.42861397934
22711,6702.98088002098
22712,6700.76210092851
22713,6713.56640968569
22714,6696.33712193311
22715,6713.14087290977
22716,6695.44571418711
22717,6709.14747941283
22718,6698.72532436058
22719,6699.94107275764
22720,6696.80620550209
22721,6702.37927928327
22722,6712.75716908974
22723,6714.11151077025
22724,6712.39751368999
22725,6697.78166108596
22726,6696.8395244385
22727,6700.91738802253
22728,6699.23350412033
22729,6712.08808291424
22730,6693.32798229881
22731,6701.81768791872
22732,6701.15917262595
22733,6702.09584211368
22734,6701.04935518767
22735,6702.08104605947
22736,6698.12186776488
22737,6698.72294697489
22738,6714.49419182456
22739,6701.00569772394
22740,6701.38011226698
22741,6712.87731503763
22742,6714.68025565775
22743,6705.68572594413
22744,6702.82643103
22745,6711.80099262617
22746,6701.87624035461
22747,6700.18141596369
22748,6707.8678439709
22749,6700.10398673109
22750,9309.86081717375
22751,9313.3350874748
22752,9307.08571229768
22753,9348.03368901172
22754,9308.11805309576
22755,9326.27410563053
22756,9336.1482697822
22757,9345.25996987097
22758,9331.10833464267
22759,9357.82466554182
22760,9349.30224388869
22761,9352.1095499781
22762,9316.00195491993
22763,9336.62883562134
22764,9359.975264377
22765,9304.48331615311
22766,9338.40143317977
22767,9325.48246613484
22768,9306.49140019394
22769,9361.64220786143
22770,9328.58925425121
22771,9332.23945969159
22772,9343.57982534317
22773,9354.86566324395
22774,9311.53531846678
22775,9355.9532937198
22776,9327.89085399382
22777,9324.55303454597
22778,9308.92656878024
22779,9329.20925246664
22780,9331.59171784831
22781,9329.46399076688
22782,9362.04822420825
22783,9324.21525680023
22784,9323.00941889461
22785,9360.74848334238
22786,9333.68596380749
22787,9333.37596115048
22788,9321.15542818138
22789,9318.88310112399
22790,9361.32395071055
22791,8234.76755277032
22792,8250.37324433789
22793,8237.84652066328
22794,8223.46527610833
22795,8210.36665479011
22796,8200.58253799883
22797,8201.47843301056
22798,8201.64455136535
22799,8224.11049976663
22800,8227.54736452546
22801,8246.53329905127
22802,8243.31947135131
22803,8206.48679582517
22804,8241.28833021834
22805,8213.75544113381
22806,8218.49002892765
22807,8251.61692031217
22808,8200.92899943496
22809,8220.11468549771
22810,8214.44739843556
22811,8203.58948554721
22812,8235.06377144156
22813,8209.90157160442
22814,8207.80708652647
22815,8197.21608631824
22816,8219.84677013294
22817,8256.10387650773
22818,8253.73300504377
22819,8205.05620629432
22820,8208.13298579762
22821,8209.61989839085
22822,8214.48244352729
22823,8203.79370413105
22824,8205.99144360451
22825,8193.38857368389
22826,8244.25052318705
22827,8203.06435354118
22828,8226.58318104602
22829,8213.01406651759
22830,8254.09558780769
22831,8254.81859918996
22832,6673.2985309739
22833,6673.15354363046
22834,6673.39058030616
22835,6667.03347378598
22836,6673.88252992465
22837,6696.00647499365
22838,6668.45993970211
22839,6694.08718301722
22840,6686.96555038586
22841,6664.83332300956
22842,6668.46486415077
22843,6683.78392665627
22844,6679.16204614378
22845,6670.04227517495
22846,6686.95689510653
22847,6669.55699146988
22848,6673.20500526106
22849,6675.95350506315
22850,6676.19629935402
22851,6680.23869329775
22852,6690.06115391056
22853,6672.07175068488
22854,6695.63430938893
22855,6667.68200414758
22856,6680.54741191334
22857,6673.40737905903
22858,6683.89680381077
22859,6671.05997658769
22860,6668.64177294991
22861,6672.82551690256
22862,6673.92007761704
22863,6671.29373016767
22864,6690.91387280889
22865,6695.91630902137
22866,6669.74143528533
22867,6668.21939688401
22868,6667.26972328547
22869,6692.3425658396
22870,6693.25038210178
22871,6672.72273547459
22872,6696.5719651582
22873,4069.94205339287
22874,4089.68169841374
22875,4074.14655532918
22876,4069.88279361926
22877,4074.11329910613
22878,4085.97105178927
22879,4080.5323983983
22880,4062.78845802173
22881,4066.52336026336
22882,4085.24664383568
22883,4066.20217650766
22884,4069.70609540338
22885,4063.23287788753
22886,4074.21374732824
22887,4072.26943728357
22888,4082.58697348208
22889,4074.14024267081
22890,4079.03701526498
22891,4076.79450602043
22892,4073.49599708937
22893,4063.79851873376
22894,4073.60590902996
22895,4071.29441273038
22896,4065.58182388708
22897,4087.33963090748
22898,4077.69303747502
22899,4087.60956050346
22900,4073.99501072518
22901,4070.82168895003
22902,4061.9902884154
22903,4074.68863458565
22904,4065.85918461585
22905,4080.85880740326
22906,4086.09477847988
22907,4090.7210581447
22908,4071.22809846863
22909,4062.98198915459
22910,4075.65458781028
22911,4072.80509569133
22912,4078.51467517995
22913,7661.99835598217
22914,7663.3446990302
22915,7659.93837747257
22916,7657.40410427083
22917,7671.38677967842
22918,7653.36287235208
22919,7668.51754413772
22920,7670.79328903083
22921,7665.20114094181
22922,7659.36945679046
22923,7670.2920979645
22924,7662.00356212189
22925,7660.75463742208
22926,7663.72144431041
22927,7657.11120395778
22928,7654.66688857851
22929,7668.25438305822
22930,7653.90518734553
22931,7652.68974561636
22932,7661.83605129854
22933,7667.17241769105
22934,7658.53788522812
22935,7660.69372571517
22936,7653.89777211156
22937,7657.15030737416
22938,7658.47844533344
22939,7657.29514361718
22940,7670.47310164442
22941,7664.14177053651
22942,7670.5630562821
22943,7669.28508481112
22944,7668.73932992482
22945,7665.94008460092
22946,7660.62275897139
22947,7662.78998811454
22948,7660.64615443248
22949,7660.66878627232
22950,7659.68076813321
22951,7671.52865674333
22952,7671.09831252171
22953,5667.09709181729
22954,5632.0471820862
22955,5630.21321693772
22956,5625.66829494414
22957,5642.3032126279
22958,5631.74959316779
22959,5642.5703802324
22960,5659.61604982006
22961,5653.14910255762
22962,5645.27444849037
22963,5648.46840820545
22964,5630.89367615024
22965,5641.78950590627
22966,5662.87131250641
22967,5630.10290632209
22968,5631.74550266502
22969,5666.86282713596
22970,5642.60405127264
22971,5634.20019596249
22972,5666.71620345591
22973,5627.47829599888
22974,5639.17581075612
22975,5649.05213962235
22976,5627.99153267844
22977,5656.63701435909
22978,5663.00250279366
22979,5667.14381078761
22980,5647.77050045417
22981,5641.54245812708
22982,5626.73271278927
22983,5635.09566037888
22984,5668.47084012508
22985,5655.11590297398
22986,5635.83027993483
22987,5630.76615493599
22988,5639.92534317576
22989,5641.24495433026
22990,5630.09578826487
22991,5629.79235306755
22992,5646.98252636575
22993,5637.0244977755
22994,4252.21574177842
22995,4263.42836385391
22996,4248.27230479692
22997,4248.2847343891
22998,4263.34009904672
22999,4266.27602321971
23000,4299.85923590842
23001,4256.89778663823
23002,4243.02780903437
23003,4252.59234834519
23004,4291.32770209279
23005,4249.56202639874
23006,4258.18587906412
23007,4267.02622241295
23008,4273.43479846485
23009,4269.80930275869
23010,4284.1308834084
23011,4293.01491164562
23012,4267.92683101426
23013,4288.78211562836
23014,4296.37774575327
23015,4267.49073119461
23016,4272.65498085189
23017,4262.24169477549
23018,4289.06408840226
23019,4263.49428141179
23020,4297.83462054228
23021,4274.77295535049
23022,4249.95426093578
23023,4285.83811054852
23024,4272.04651614362
23025,4296.90176975793
23026,4279.39061088943
23027,4259.85061569558
23028,4299.80688088794
23029,4284.90743166536
23030,4276.54666964915
23031,4252.82915260802
23032,4296.69526464912
23033,4267.80288551353
23034,4248.07178401882
23035,7003.82480946427
23036,6974.32117949296
23037,6970.214899772
23038,6981.19427944033
23039,6994.05983643374
23040,6964.31372523081
23041,6965.67648349046
23042,6997.16711197422
23043,6982.83326975088
23044,6967.69383654819
23045,6968.4717137183
23046,6958.95611314651
23047,6970.52748478776
23048,6980.56678155154
23049,6972.33905964586
23050,7001.55068556127
23051,6976.41645021967
23052,6982.19904285677
23053,6977.70699344177
23054,6968.58737149131
23055,6971.08590346383
23056,6994.23804876429
23057,6980.29477934873
23058,7006.12068404075
23059,6974.58411547524
23060,6985.9090021832
23061,6964.29181307801
23062,6984.67464034391
23063,6975.84282206538
23064,7004.62800442522
23065,6992.52502113938
23066,6986.7920695868
23067,6980.33950300143
23068,6969.11955814527
23069,7007.05242631725
23070,6988.90758369869
23071,6965.11321642805
23072,6976.07027464267
23073,7002.28462244001
23074,6969.70372925646
23075,6988.41604484528
23076,6835.95144964206
23077,6879.47093015942
23078,6840.49201254135
23079,6836.2519448163
23080,6849.18366946343
23081,6840.60908542045
23082,6845.97926930572
23083,6838.88711240964
23084,6846.33813204966
23085,6854.16908252752
23086,6867.58100853486
23087,6867.43071035066
23088,6831.87793451297
23089,6844.78791174601
23090,6837.83570594009
23091,6879.73004478211
23092,6844.2637962053
23093,6871.65923850678
23094,6839.76325390114
23095,6874.87980083573
23096,6854.20805303583
23097,6851.95699419272
23098,6849.56847570246
23099,6838.71852951788
23100,6843.39859485162
23101,6838.35834635535
23102,6848.76223198269
23103,6854.8311035244
23104,6839.91159165345
23105,6881.17661301842
23106,6867.89306026043
23107,6857.43987972573
23108,6842.52277464511
23109,6879.86885475305
23110,6861.87743823107
23111,6877.13982039309
23112,6848.02887285076
23113,6858.86055451402
23114,6862.78853071727
23115,6849.08873151771
23116,6853.40260757157
23117,5949.63629454103
23118,5946.27667378685
23119,5985.32078749553
23120,5953.90666196445
23121,5988.13254157625
23122,5980.00213356395
23123,5974.82032667924
23124,5953.83707360013
23125,5964.97817576768
23126,5958.88720289596
23127,5949.42524901593
23128,5959.56899061698
23129,5970.75875472305
23130,5942.59167860399
23131,5947.77070819041
23132,5950.30512076363
23133,5975.73961744806
23134,5984.35428914798
23135,5963.82365056221
23136,5962.73190656311
23137,5948.76936853248
23138,5961.80249661484
23139,5951.3560075964
23140,5986.41588839424
23141,5950.88387073308
23142,5964.56554884811
23143,5977.72980710977
23144,5959.56610153851
23145,5988.45999683216
23146,5965.82646378727
23147,5964.10896235424
23148,5954.04537149972
23149,5969.63639784014
23150,5958.31699132572
23151,5958.1269179913
23152,5966.89277269398
23153,5984.56273598215
23154,5953.05123343638
23155,5949.39166927594
23156,5971.65602788118
23157,5953.88545798242
23158,5942.34998620393
23159,5909.80441461058
23160,5910.3845352369
23161,5910.84510114303
23162,5909.22022577793
23163,5914.6787971202
23164,5920.13279267957
23165,5939.18099627837
23166,5912.48616687787
23167,5906.55271276855
23168,5907.04979327659
23169,5925.93305337883
23170,5903.56845222385
23171,5907.26749370644
23172,5922.33450804363
23173,5910.45545287485
23174,5899.83018657002
23175,5943.71859807185
23176,5940.30639217058
23177,5920.48960546534
23178,5910.10791985432
23179,5941.78132000431
23180,5909.91334605379
23181,5915.74259015127
23182,5909.89332812255
23183,5939.81801709152
23184,5912.00549929905
23185,5942.81198805653
23186,5935.84030773524
23187,5904.88173849913
23188,5912.04659296428
23189,5896.82069056922
23190,5904.14077557283
23191,5897.26996743292
23192,5931.04484819819
23193,5934.77019636266
23194,5909.59277926226
23195,5905.14630986846
23196,5899.06693855988
23197,5901.69418240049
23198,5909.19048006755
23199,5931.08847144094
23200,5949.20301976546
23201,5934.67375357702
23202,5939.85122612794
23203,5984.97453297371
23204,5979.84101343218
23205,5949.15432800198
23206,5944.69430980275
23207,5931.26117378538
23208,5982.12210382522
23209,5953.12586286312
23210,5961.15748717568
23211,5939.1546436221
23212,5919.77280789887
23213,5962.31941468582
23214,5970.24011711254
23215,5927.94340274139
23216,5984.22069674115
23217,5954.33429169826
23218,5964.22797457977
23219,5938.65061269452
23220,5981.02370332573
23221,5979.34556079627
23222,5919.11060881599
23223,5923.74440623216
23224,5923.28157160206
23225,5930.88712801636
23226,5925.62048943054
23227,5921.30723835626
23228,5971.12849799141
23229,5912.03284054239
23230,5935.40671342423
23231,5940.78486578058
23232,5946.89815368748
23233,5946.20633285859
23234,5947.97918864504
23235,5968.78781205089
23236,5973.94765130127
23237,5944.36354026231
23238,5933.95045980735
23239,5917.61907387669
23240,7447.92539367623
23241,7448.63699497809
23242,7453.47497313039
23243,7449.11350704889
23244,7451.76283568514
23245,7452.47262425113
23246,7456.39064591384
23247,7433.00175307405
23248,7436.04554950453
23249,7448.06511981583
23250,7456.99078021772
23251,7455.77103296746
23252,7438.12991708287
23253,7451.42005193486
23254,7442.870364547
23255,7443.25223890728
23256,7433.22906799892
23257,7447.16576883168
23258,7434.04610457013
23259,7456.60266836609
23260,7456.06719381968
23261,7448.25377093774
23262,7438.17274587844
23263,7449.91476346869
23264,7451.06075635831
23265,7452.24633459463
23266,7453.50344821124
23267,7448.10661187757
23268,7434.73830713373
23269,7453.40245702092
23270,7452.84266721609
23271,7451.11447095907
23272,7440.31922763904
23273,7445.29651759451
23274,7455.50427315941
23275,7456.78646626156
23276,7454.20652528181
23277,7451.33625253989
23278,7435.79059955571
23279,7450.42211142987
23280,5151.33379982328
23281,5152.63386227101
23282,5177.16116442442
23283,5181.87910508708
23284,5161.33915617397
23285,5147.08083577361
23286,5149.37976004419
23287,5197.14237225658
23288,5146.93912096476
23289,5171.53019704324
23290,5149.38902082681
23291,5153.1283246828
23292,5168.60546995634
23293,5149.05626868555
23294,5155.38976130689
23295,5145.46825981557
23296,5150.150202602
23297,5197.35965036961
23298,5166.01312800571
23299,5171.07185324743
23300,5193.62952027732
23301,5157.06629911447
23302,5184.29195567692
23303,5162.69800642844
23304,5194.49166690078
23305,5156.80235308513
23306,5143.21791085629
23307,5154.96263854961
23308,5160.03886047806
23309,5145.77275375744
23310,5193.43992705805
23311,5179.05297226065
23312,5185.14436145975
23313,5141.24367857293
23314,5186.42910599985
23315,5161.6863657401
23316,5163.41918613085
23317,5195.59029301552
23318,5156.39562804289
23319,5136.68101245502
23320,5190.12603667503
23321,6952.6041936495
23322,6921.72165538627
23323,6954.8650819628
23324,6922.60494648314
23325,6936.34624809731
23326,6921.52829256183
23327,6916.29525334001
23328,6932.67259624641
23329,6926.51316324269
23330,6921.22336949853
23331,6909.65486459109
23332,6920.1624811753
23333,6931.65706145921
23334,6922.13727044939
23335,6920.20959875586
23336,6917.72690256957
23337,6909.44557120142
23338,6922.7279272385
23339,6917.50301943897
23340,6915.98739388656
23341,6946.30743368248
23342,6919.80234863429
23343,6915.78128818168
23344,6914.15225321149
23345,6919.8877304831
23346,6912.19668519951
23347,6914.72179028625
23348,6956.27981083626
23349,6921.44512012665
23350,6932.09783304629
23351,6923.29050076488
23352,6920.91834205593
23353,6950.79882772733
23354,6941.63040737849
23355,6955.38207624092
23356,6927.00032446566
23357,6951.45867604084
23358,6946.84969075864
23359,6918.62876738659
23360,6955.42524353885
23361,6916.29680988047
23362,7070.07159649987
23363,7079.32142376032
23364,7075.59518214487
23365,7072.09480966728
23366,7070.18417278991
23367,7067.12286613805
23368,7068.20753419277
23369,7086.30232449636
23370,7072.72752907362
23371,7074.86828361676
23372,7078.05032742039
23373,7071.30981814408
23374,7069.96308654419
23375,7079.81070511661
23376,7061.2155804774
23377,7075.83992650332
23378,7078.89991902402
23379,7071.48868606804
23380,7067.79874264832
23381,7062.37928838531
23382,7059.18425000084
23383,7081.44077354299
23384,7069.4883091847
23385,7070.1132079855
23386,7080.77655834263
23387,7070.1318396322
23388,7080.2621292667
23389,7065.12107009625
23390,7068.75186244127
23391,7083.19826906381
23392,7075.00215266639
23393,7073.10030569053
23394,7084.92032003838
23395,7069.30604863084
23396,7088.6352647195
23397,7082.17592068566
23398,7087.15660618639
23399,7074.94726630226
23400,7063.92761381043
23401,7087.52499023881
23402,5285.13380696295
23403,5265.40425945098
23404,5282.8347691037
23405,5283.2130070731
23406,5263.62934633531
23407,5283.88420085669
23408,5278.54050264391
23409,5275.70820048817
23410,5278.0656131615
23411,5263.163090702
23412,5276.27405610968
23413,5288.71692773774
23414,5279.07285419294
23415,5264.3483825659
23416,5268.69645041782
23417,5277.15003201727
23418,5265.49451683813
23419,5272.8993514476
23420,5276.33796190433
23421,5272.85378190998
23422,5268.77998802068
23423,5281.12868176767
23424,5265.91784872303
23425,5278.27982770017
23426,5286.79974204911
23427,5277.16107147463
23428,5267.39350164382
23429,5275.4367813595
23430,5277.51993557711
23431,5275.36034395486
23432,5282.60004835697
23433,5264.27709038382
23434,5276.67109820948
23435,5287.51474652282
23436,5287.08057162171
23437,5279.19846608655
23438,5266.37676623019
23439,5283.04658904726
23440,5282.60266792151
23441,5281.9186374187
23442,5275.13166471486
23443,8402.74781133959
23444,8399.08564907388
23445,8391.97706492788
23446,8392.0807802962
23447,8416.67594743682
23448,8396.12960795415
23449,8413.16332482586
23450,8408.18083614294
23451,8414.17087804898
23452,8389.64919693335
23453,8392.30332585081
23454,8409.096802326
23455,8410.32196357348
23456,8397.56775143627
23457,8399.45912333689
23458,8397.88305051922
23459,8400.50414032501
23460,8396.03844413741
23461,8397.39985274222
23462,8401.19081268726
23463,8394.34719377021
23464,8389.46896330166
23465,8394.9420364021
23466,8404.1535630016
23467,8392.5184668963
23468,8404.91796176124
23469,8384.985116755
23470,8390.73028641675
23471,8415.96534130193
23472,8390.38586279836
23473,8389.21274103326
23474,8413.29774569456
23475,8400.5827738324
23476,8401.1029383412
23477,8408.12726152906
23478,8391.30567200736
23479,8392.84592338111
23480,8398.0413997514
23481,8414.50220649945
23482,8405.49170844476
23483,5947.11287464566
23484,5943.68706013604
23485,5938.36882150368
23486,5946.45070786487
23487,5959.82797441076
23488,5960.21128593338
23489,5961.73951905134
23490,5945.39603843225
23491,5945.95177535416
23492,5945.37135035779
23493,5960.86207145393
23494,5946.63070349175
23495,5932.83402664575
23496,5942.39632438044
23497,5939.26356971449
23498,5940.74440781525
23499,5954.69384482347
23500,5938.18311646695
23501,5951.18989542934
23502,5948.81168507651
23503,5949.63109231639
23504,5941.71239919366
23505,5957.90323815342
23506,5944.84179404116
23507,5947.41655013475
23508,5940.32560404896
23509,5943.2715062309
23510,5959.90709763778
23511,5955.72792202763
23512,5933.0113509631
23513,5959.0780301999
23514,5938.01608351678
23515,5942.10890907853
23516,5948.2226771771
23517,5935.03424090701
23518,5937.81575096515
23519,5944.70718800222
23520,5942.09946474808
23521,5961.11131128798
23522,5941.31192646345
23523,4537.69320716897
23524,4561.00492058291
23525,4521.61905785667
23526,4538.63090393933
23527,4531.10147165933
23528,4551.42972545636
23529,4527.03496310482
23530,4540.93564592987
23531,4535.71057925863
23532,4519.54695213988
23533,4561.31551041535
23534,4530.94503197044
23535,4554.12944418264
23536,4544.05377720883
23537,4546.6264934963
23538,4528.50615712168
23539,4526.54562993701
23540,4531.57261245163
23541,4528.41180461663
23542,4530.17581334759
23543,4536.11415073151
23544,4521.97341466576
23545,4557.99223579186
23546,4521.22100637594
23547,4543.47703117696
23548,4534.7824800207
23549,4525.84440533702
23550,4527.35721998912
23551,4538.39429715765
23552,4543.42477578696
23553,4552.40557585667
23554,4561.00274413201
23555,4534.80612159512
23556,4525.13359382361
23557,4522.08819497444
23558,4526.10984532725
23559,4559.32568716818
23560,4523.81831341284
23561,4528.88847309541
23562,4520.39259626477
23563,4533.05984980947
23564,11229.7065517962
23565,11214.7061196576
23566,11198.3937512208
23567,11243.6387430889
23568,11196.6654988899
23569,11204.3409639448
23570,11205.1832807891
23571,11189.3410875718
23572,11235.7874302171
23573,11194.9763114463
23574,11241.8195293263
23575,11236.5827102959
23576,11220.8623836378
23577,11242.2206242177
23578,11241.7324828859
23579,11221.7448208431
23580,11207.558912921
23581,11211.2734354638
23582,11203.0910126353
23583,11237.7430256894
23584,11204.6892544072
23585,11193.8429760738
23586,11204.2546608049
23587,11190.8790249431
23588,11188.614771173
23589,11198.9246654192
23590,11197.3838557264
23591,11199.7226580687
23592,11208.3549430735
23593,11212.4311700798
23594,11202.2710870532
23595,11186.5978137321
23596,11186.5479550944
23597,11199.859550431
23598,11200.2741546394
23599,11203.805139772
23600,11186.2620170701
23601,11229.5468001687
23602,11240.8664487679
23603,11197.5350013546
23604,11196.5236496849
23605,5431.90127352135
23606,5463.48264885195
23607,5464.14537308462
23608,5419.35503431969
23609,5446.73647341138
23610,5427.82042881448
23611,5463.94733246364
23612,5457.85805171811
23613,5444.63280300354
23614,5450.29512555167
23615,5459.44016966335
23616,5418.52490849923
23617,5437.97489386893
23618,5453.43241140646
23619,5415.85547894694
23620,5420.74431323951
23621,5420.77652170818
23622,5437.51224278133
23623,5421.97772235541
23624,5440.13447614802
23625,5441.32181476314
23626,5420.58507745931
23627,5462.00749961879
23628,5454.73456427894
23629,5425.26033378042
23630,5436.73740387239
23631,5453.70520738407
23632,5437.9914557237
23633,5450.37615629188
23634,5433.84461515116
23635,5410.41992530684
23636,5438.5123716864
23637,5442.58085816711
23638,5428.34856890392
23639,5432.70252201969
23640,5424.14317227664
23641,5463.07101398801
23642,5418.05963142431
23643,5433.09476730697
23644,5426.24684938845
23645,5429.24760373259
23646,3527.65507179687
23647,3518.98110020557
23648,3557.55590176229
23649,3537.04789154391
23650,3537.04756717501
23651,3515.45184387515
23652,3523.53319641569
23653,3518.04924694777
23654,3551.33122769711
23655,3528.57107779854
23656,3530.53552815132
23657,3515.23688343863
23658,3558.32033755398
23659,3555.95046619186
23660,3525.32164288165
23661,3528.76918222661
23662,3539.39506210777
23663,3550.31797827069
23664,3517.60340753144
23665,3542.98448299451
23666,3551.07760718568
23667,3544.4753477297
23668,3524.55970034176
23669,3519.87812248397
23670,3520.25116291345
23671,3519.17356601353
23672,3558.17101888276
23673,3530.89265045313
23674,3526.39923548641
23675,3528.31864458261
23676,3543.93399773545
23677,3523.72544249804
23678,3517.39920405486
23679,3520.02361098452
23680,3515.57757115531
23681,3511.42179098
23682,3521.78805221701
23683,3517.06258312204
23684,3530.02652051126
23685,3555.66374807766
23686,3524.2346499137
23687,7651.00562085307
23688,7644.5300790109
23689,7608.32665553848
23690,7631.81368046501
23691,7640.33766723921
23692,7611.08495813115
23693,7649.70192996778
23694,7604.11786245819
23695,7620.16568352723
23696,7619.20796770133
23697,7621.18057583723
23698,7622.17363445448
23699,7615.99965926506
23700,7621.0163787606
23701,7631.2794135591
23702,7619.84368065968
23703,7648.44682927075
23704,7606.09379482994
23705,7608.0111694181
23706,7639.67782558418
23707,7612.76642606652
23708,7624.85182176617
23709,7615.82761029345
23710,7614.01087645857
23711,7648.35874108786
23712,7611.67228820398
23713,7646.29641272491
23714,7611.23161009531
23715,7637.40783311049
23716,7636.77812970222
23717,7615.60923486271
23718,7606.54748073126
23719,7650.28283612434
23720,7635.93888069522
23721,7612.79760435072
23722,7623.40456829388
23723,7623.45575556614
23724,7611.70450523369
23725,7622.83083266245
23726,7616.94450104027
23727,7618.74386430121
23728,9128.69267193849
23729,9130.43444683214
23730,9109.77606578795
23731,9114.16301625951
23732,9128.11999609606
23733,9102.71079498053
23734,9109.55660153829
23735,9124.4501687939
23736,9119.59667447248
23737,9111.95929800612
23738,9114.13127694707
23739,9118.27231003509
23740,9124.7884136123
23741,9127.43050273764
23742,9117.07307906855
23743,9124.11924353548
23744,9115.12455980189
23745,9119.61403038439
23746,9117.82411556741
23747,9119.51072205973
23748,9118.87905135165
23749,9124.36359705003
23750,9110.2057122471
23751,9107.5455625934
23752,9118.29213235355
23753,9128.54166099854
23754,9119.64515940798
23755,9121.63557788264
23756,9123.74186307679
23757,9119.0710210266
23758,9124.03517809211
23759,9124.97593359511
23760,9128.67540434892
23761,9113.00593470661
23762,9118.43576614143
23763,9123.891533808
23764,9103.84251120041
23765,9121.82147884949
23766,9126.82248234798
23767,9116.06397160882
23768,10260.2309807496
23769,10253.7565724064
23770,10294.0432362539
23771,10258.2277962992
23772,10293.5525363026
23773,10264.2716421109
23774,10279.2991566654
23775,10259.0446308813
23776,10292.4197897492
23777,10261.0759401269
23778,10248.5374389964
23779,10260.7812004549
23780,10254.6461467487
23781,10249.8550398063
23782,10284.7497118637
23783,10255.1519522702
23784,10250.1849565846
23785,10249.7901614219
23786,10295.1971644184
23787,10241.6044729332
23788,10273.1330999708
23789,10270.3247144218
23790,10286.6684237336
23791,10265.2312663108
23792,10295.3855615365
23793,10292.0780905078
23794,10256.2679015042
23795,10251.6378695153
23796,10266.770931947
23797,10254.7525114518
23798,10288.9435025697
23799,10290.4991686861
23800,10264.0012510874
23801,10278.7337386763
23802,10248.7021037069
23803,10259.2927287953
23804,10244.9417622343
23805,10263.5336003513
23806,10278.6050175521
23807,10250.5110614404
23808,10253.8157534051
23809,4846.23316155196
23810,4841.79011933004
23811,4849.22931499446
23812,4826.82776980077
23813,4830.22223206805
23814,4825.65794103416
23815,4829.25903415653
23816,4829.86441909928
23817,4838.88526965298
23818,4847.17574592703
23819,4844.87772834038
23820,4825.60494396696
23821,4842.94719471891
23822,4829.27763561718
23823,4833.86960558827
23824,4832.72011570301
23825,4845.76711697497
23826,4848.85778891283
23827,4822.18060769611
23828,4824.29382972695
23829,4835.22788497152
23830,4824.66204709175
23831,4823.10350273692
23832,4837.39845538705
23833,4836.00127763858
23834,4833.65889834512
23835,4820.98573089879
23836,4831.34948398239
23837,4832.97112289906
23838,4843.42715817265
23839,4820.86362043808
23840,4839.91561814238
23841,4822.46716951807
23842,4830.34350099933
23843,4815.27657173402
23844,4822.80823013058
23845,4837.14165513339
23846,4833.34231563022
23847,4822.00150254519
23848,4820.88908959262
23849,5495.76827885405
23850,5542.09029332908
23851,5534.03411219466
23852,5533.2090333562
23853,5521.19703675262
23854,5505.18362792155
23855,5501.04292703747
23856,5543.69500990814
23857,5490.7401327574
23858,5511.46029105119
23859,5493.67616853916
23860,5489.73518278431
23861,5486.93397763002
23862,5486.50141036256
23863,5538.09658664328
23864,5493.50351503806
23865,5529.95924695125
23866,5540.46812121326
23867,5498.99757160682
23868,5493.51881646483
23869,5525.52999857897
23870,5500.47570657009
23871,5528.2286363279
23872,5522.72054244006
23873,5508.06259960125
23874,5543.0091492171
23875,5504.72368701091
23876,5509.25037672655
23877,5484.0385957924
23878,5496.23357542002
23879,5493.07185426166
23880,5543.35591696945
23881,5505.2604782883
23882,5501.30936541092
23883,5514.39349547269
23884,5497.19537931619
23885,5500.61621981876
23886,5540.88392998986
23887,5496.18991383012
23888,5515.60025665837
23889,5481.31212715907
23890,6379.43848004342
23891,6359.89116261033
23892,6361.03193410044
23893,6358.71876060754
23894,6359.60157170526
23895,6366.4163792043
23896,6379.7785341308
23897,6372.57174628443
23898,6353.68097620993
23899,6368.59797198327
23900,6375.72684942698
23901,6367.52892642336
23902,6359.51632641665
23903,6356.35703705558
23904,6363.6593691067
23905,6372.10486983569
23906,6351.12968833528
23907,6361.51714073395
23908,6362.63830268456
23909,6359.33270008754
23910,6358.04982133504
23911,6377.69840576194
23912,6358.60327056644
23913,6352.59101956499
23914,6357.40597958402
23915,6378.40649441183
23916,6354.63767215287
23917,6357.02644922798
23918,6357.4601926788
23919,6365.00330732198
23920,6375.88114152129
23921,6356.29046575069
23922,6360.97350627912
23923,6353.39896446961
23924,6379.52792122839
23925,6359.71416089716
23926,6361.95475275694
23927,6362.60722789117
23928,6351.94342634802
23929,6362.85409444441
23930,7387.13260533155
23931,7414.36030777935
23932,7389.52641557338
23933,7382.10829660038
23934,7387.63915553237
23935,7390.6252608272
23936,7386.62813760538
23937,7395.81620371309
23938,7394.11717683195
23939,7394.62317728782
23940,7385.00128270426
23941,7424.98318340076
23942,7423.63591337426
23943,7392.0197844836
23944,7399.69400954147
23945,7378.43564813844
23946,7395.99705963785
23947,7388.33598790653
23948,7426.45509465807
23949,7413.93678201922
23950,7401.71260384671
23951,7384.9838843718
23952,7408.93177397698
23953,7392.0500596944
23954,7419.77168057573
23955,7376.96508670418
23956,7385.78784575315
23957,7407.33372535679
23958,7390.12491818234
23959,7393.52673189366
23960,7379.85021145021
23961,7424.82968835642
23962,7421.20766571931
23963,7378.06581258087
23964,7403.77531086431
23965,7376.50322329406
23966,7425.4149947464
23967,7382.12920603801
23968,7374.1461583438
23969,7398.30722974719
23970,7419.98029040583
23971,5685.20903687937
23972,5676.78943793609
23973,5679.42430095894
23974,5718.31325459929
23975,5681.95064974727
23976,5672.63264385996
23977,5717.7917249619
23978,5720.52501735368
23979,5704.43931964298
23980,5681.38263384625
23981,5688.42846141455
23982,5675.18876626886
23983,5683.60572045354
23984,5687.4529931063
23985,5682.96492909759
23986,5686.9144767532
23987,5672.47577766449
23988,5713.10649941973
23989,5681.56779319003
23990,5673.92179261389
23991,5682.81919692545
23992,5681.40178167173
23993,5687.66004542059
23994,5702.46767992979
23995,5703.34117205302
23996,5696.60196148018
23997,5689.35382360736
23998,5682.77396972914
23999,5672.63133433798
24000,5686.87691234113
24001,5705.68209506612
24002,5720.40377452375
24003,5676.56579486464
24004,5697.36670588579
24005,5711.52865184888
24006,5682.58012181928
24007,5720.27230922224
24008,5685.17745128032
24009,5677.94690640656
24010,5685.93285717518
24011,5712.73103860326
24012,7550.49640772369
24013,7549.15192309081
24014,7551.78735118306
24015,7549.63582737188
24016,7575.28443434258
24017,7550.51344680638
24018,7547.89063897226
24019,7577.16598621015
24020,7545.84322148614
24021,7543.18821983787
24022,7544.43571344929
24023,7547.49701701627
24024,7561.3610763577
24025,7549.50830019191
24026,7554.46379998735
24027,7548.39563747908
24028,7546.96635681285
24029,7558.7266982066
24030,7570.25559312002
24031,7556.70713412394
24032,7569.17236462561
24033,7540.46011786428
24034,7564.50470094516
24035,7549.3882644356
24036,7575.43013049977
24037,7552.87358172831
24038,7558.36016392792
24039,7571.95816862274
24040,7562.19445882026
24041,7545.07137031879
24042,7551.40502959732
24043,7573.05349107239
24044,7539.83672606726
24045,7575.02635087215
24046,7545.19590600461
24047,7575.72952947311
24048,7577.40254441119
24049,7546.86117869295
24050,7552.37621671161
24051,7549.76699456941
24052,7550.1158132006
24053,3137.99660114807
24054,3133.96737500978
24055,3127.6812267423
24056,3137.69194322243
24057,3139.29269437717
24058,3138.1823014379
24059,3151.22364092385
24060,3142.18524435844
24061,3141.86535093058
24062,3129.17406614925
24063,3134.60193656174
24064,3136.61631135088
24065,3135.23861055444
24066,3142.50969511879
24067,3133.78703466057
24068,3134.72919743302
24069,3156.89273305516
24070,3128.90038619793
24071,3147.30719024968
24072,3157.08997349337
24073,3138.32485394555
24074,3156.12712758507
24075,3160.05782752424
24076,3140.75822029305
24077,3138.53986649729
24078,3153.24215414809
24079,3159.46534074707
24080,3152.70458075375
24081,3129.82186140457
24082,3143.38124493196
24083,3129.41578114622
24084,3136.53235416707
24085,3134.86002978861
24086,3131.72959408019
24087,3147.38176858321
24088,3159.2821100884
24089,3134.00515413858
24090,3130.40877492607
24091,3127.85661803397
24092,3131.03421923428
24093,3128.29990250544
24094,5572.28305660276
24095,5569.82472709398
24096,5578.72078170349
24097,5567.11169253251
24098,5604.37505126063
24099,5605.86898276421
24100,5590.30018675466
24101,5568.77440767925
24102,5600.18263838831
24103,5574.45717010895
24104,5567.59199978222
24105,5565.72688525855
24106,5565.82218645275
24107,5574.99069867192
24108,5606.05436970345
24109,5603.75381580129
24110,5570.3383866419
24111,5553.13275179855
24112,5597.85399816401
24113,5606.90224667373
24114,5579.54065109184
24115,5567.66954739069
24116,5554.36250525574
24117,5558.70558832807
24118,5598.76268230778
24119,5570.77326451715
24120,5554.86253306589
24121,5576.2604146848
24122,5589.16913564514
24123,5582.85441595537
24124,5553.63599397415
24125,5570.43413593314
24126,5579.38288009293
24127,5563.46887518906
24128,5568.83532062974
24129,5566.10437879152
24130,5559.71440561713
24131,5553.19752158112
24132,5555.69165972876
24133,5559.04158781387
24134,5589.71001508319
24135,5795.17783419297
24136,5787.95496622386
24137,5804.65735281267
24138,5807.40241839837
24139,5800.17315686011
24140,5765.96139696866
24141,5798.47744435054
24142,5782.15248274555
24143,5781.47076320643
24144,5766.31660182888
24145,5766.86483005492
24146,5778.46233758682
24147,5786.63753229896
24148,5792.75754892457
24149,5787.55455185182
24150,5788.27833547271
24151,5773.5810524294
24152,5788.2447456232
24153,5806.53625512959
24154,5782.78886150914
24155,5773.39590777751
24156,5772.74965918399
24157,5772.01920335381
24158,5805.65088742961
24159,5796.09974867223
24160,5789.5887908782
24161,5775.59642332335
24162,5769.74587491931
24163,5806.6553435265
24164,5793.48347544807
24165,5768.79668695787
24166,5778.98126620632
24167,5802.69415426073
24168,5774.65930084849
24169,5788.68934053438
24170,5769.79864219973
24171,5792.12825252869
24172,5789.56889853443
24173,5772.76649914687
24174,5776.36088577839
24175,5765.37042490501
24176,5377.18657831892
24177,5421.00010228792
24178,5416.20407702232
24179,5387.11465848526
24180,5401.85620582218
24181,5425.71096562378
24182,5398.96723688142
24183,5385.53081726856
24184,5382.66615213018
24185,5393.22943747372
24186,5383.98612400463
24187,5397.79328233469
24188,5394.43033656712
24189,5382.96558173475
24190,5384.24437648722
24191,5410.90069254676
24192,5402.62761623078
24193,5386.48314712819
24194,5388.65339061383
24195,5396.16635445309
24196,5424.37630341619
24197,5403.6222527679
24198,5404.7800439391
24199,5391.3209110518
24200,5382.67767872412
24201,5412.23611823498
24202,5412.3543909911
24203,5383.26137514467
24204,5422.73986860958
24205,5386.91132149057
24206,5408.28552298763
24207,5423.26572987836
24208,5419.6440971536
24209,5398.08012218431
24210,5391.03407699524
24211,5398.85866236886
24212,5394.31271374562
24213,5396.7063324448
24214,5388.56562708788
24215,5383.80829010341
24216,5383.31622010309
24217,4394.75457373719
24218,4402.00665411501
24219,4424.77497731376
24220,4414.90534909715
24221,4393.4500673164
24222,4405.36807749567
24223,4397.68098184906
24224,4396.94968678705
24225,4404.05049961389
24226,4394.8619144659
24227,4406.42127564633
24228,4403.40856100211
24229,4420.10659530443
24230,4420.77038650189
24231,4410.93983681843
24232,4414.15764039736
24233,4401.52818671216
24234,4399.4346518315
24235,4411.64763907728
24236,4392.50437134777
24237,4389.95270251155
24238,4393.75309151766
24239,4394.40458939203
24240,4424.41306779973
24241,4416.71624630465
24242,4406.09356982479
24243,4397.22283411224
24244,4406.07564350732
24245,4411.14435624716
24246,4401.45278827742
24247,4403.1705281008
24248,4398.1123012226
24249,4416.89390623605
24250,4393.15962416273
24251,4419.60792255488
24252,4421.66532698458
24253,4401.1059709172
24254,4404.63042821691
24255,4394.67924855453
24256,4393.85632314672
24257,7066.40903180556
24258,7082.4858823916
24259,7081.87655659735
24260,7049.06503524054
24261,7047.92717131946
24262,7038.88425731624
24263,7036.69836919276
24264,7069.06870773414
24265,7056.77574811059
24266,7084.08201299235
24267,7036.81291167885
24268,7063.03976078843
24269,7079.77936492128
24270,7052.75800734171
24271,7046.66109372847
24272,7058.01716817134
24273,7046.88133731514
24274,7050.25003210836
24275,7082.73052567796
24276,7049.05289928976
24277,7047.20979972759
24278,7075.90164376188
24279,7049.37580208245
24280,7048.32739469902
24281,7041.16698322045
24282,7048.31181154682
24283,7041.60847854595
24284,7061.64828979366
24285,7083.2673129496
24286,7052.46740900553
24287,7047.6404252992
24288,7046.93554826176
24289,7044.26379748598
24290,7049.42769903356
24291,7080.40095435285
24292,7052.85612528154
24293,7074.40198427624
24294,7078.99558225608
24295,7046.27422472773
24296,7042.3938582699
24297,7042.9252743865
24298,7839.42571719029
24299,7874.12771522274
24300,7847.1233861207
24301,7827.16243211825
24302,7838.85122652297
24303,7841.49358857926
24304,7876.03318789115
24305,7852.19034550962
24306,7828.83974594717
24307,7868.99026011125
24308,7873.89395538332
24309,7842.90062155079
24310,7834.80746800685
24311,7827.54841322562
24312,7831.73593922039
24313,7836.73527256573
24314,7846.15399099824
24315,7848.83462364117
24316,7859.92912858314
24317,7876.0670093861
24318,7835.43662849297
24319,7861.04433388002
24320,7832.75258638499
24321,7835.07734514718
24322,7829.95191626397
24323,7837.26861414481
24324,7836.44478568592
24325,7875.4375377011
24326,7868.86227243607
24327,7841.71898570839
24328,7856.5323263343
24329,7841.73708793826
24330,7829.00348029791
24331,7868.78824127955
24332,7841.05027219959
24333,7853.28261233229
24334,7843.84948904876
24335,7839.59826780459
24336,7828.45917754175
24337,7841.56382845154
24338,7827.4364167242
24339,4838.23676526342
24340,4859.87450971257
24341,4843.12416071429
24342,4853.25513265019
24343,4854.91057157649
24344,4848.61871570856
24345,4829.36599908649
24346,4855.97496815028
24347,4841.73046614264
24348,4844.57995242349
24349,4843.76880919994
24350,4843.5771649572
24351,4838.7649803886
24352,4832.73158907937
24353,4858.8121345607
24354,4841.70854155952
24355,4841.58520101434
24356,4837.30261560918
24357,4844.0244162195
24358,4856.80442726715
24359,4859.7928380458
24360,4860.19511165895
24361,4857.80425395927
24362,4829.77095409423
24363,4833.07465530651
24364,4835.49629141598
24365,4830.51674417749
24366,4858.9199360776
24367,4836.8275538737
24368,4859.16948171071
24369,4847.60578580587
24370,4843.63787781223
24371,4842.11315634022
24372,4831.74030072433
24373,4839.7040668976
24374,4835.9284159205
24375,4850.25230720164
24376,4845.26833597127
24377,4852.00937317082
24378,4839.56517506776
24379,4838.5362708278
24380,7766.51067540524
24381,7784.49229532236
24382,7778.60508299889
24383,7820.02243216105
24384,7783.46009541728
24385,7772.80808666832
24386,7820.2247622553
24387,7797.0789420839
24388,7815.74678448895
24389,7772.76085710739
24390,7768.6495865403
24391,7801.31946494807
24392,7806.25819108421
24393,7815.67228185618
24394,7772.39342094755
24395,7785.34109224553
24396,7815.51125573875
24397,7779.94241323682
24398,7795.77807555322
24399,7764.72313874235
24400,7770.10782137994
24401,7767.92887678103
24402,7765.00628940276
24403,7810.57631415011
24404,7778.95969886204
24405,7786.97274844581
24406,7787.26071681885
24407,7782.22192662322
24408,7767.07521336195
24409,7807.31642588006
24410,7802.79832853073
24411,7766.49702181185
24412,7761.8124147934
24413,7770.26881680313
24414,7781.77977101462
24415,7785.15416601154
24416,7768.4206848782
24417,7817.47628960659
24418,7777.91340364396
24419,7766.00333988777
24420,7777.71974346117
24421,6995.89341024639
24422,6950.52226288544
24423,6962.33848028553
24424,6960.34792907488
24425,6959.49628978936
24426,6956.80885103228
24427,6990.5672583624
24428,6990.76043876897
24429,6994.30029271605
24430,6963.43005978842
24431,6963.98221205877
24432,6954.78887999066
24433,6980.98359266612
24434,6961.3165257108
24435,6995.11405606756
24436,6964.44525828963
24437,6967.13182502234
24438,6971.18831748984
24439,6955.23587132553
24440,6953.16759784825
24441,6985.98865657732
24442,6998.13844113497
24443,6964.24095730552
24444,6960.02966259764
24445,6948.26315416875
24446,6967.49932501573
24447,6948.92779408206
24448,6962.05762158621
24449,6964.01392172515
24450,6966.29978429851
24451,6975.90462035281
24452,6964.90633498968
24453,6960.08332678857
24454,6963.29583147586
24455,6963.47177653999
24456,6975.86354726077
24457,6999.33739191051
24458,6964.71293106544
24459,6997.95008667825
24460,6998.49471390405
24461,6972.93776444801
24462,8396.77596508943
24463,8364.79326952016
24464,8392.1012922678
24465,8368.22919909946
24466,8359.18383765411
24467,8368.80327640304
24468,8396.32287273349
24469,8397.83356968911
24470,8349.50116258373
24471,8366.2936343056
24472,8361.39401852941
24473,8391.77015086882
24474,8367.77955540519
24475,8356.48899240998
24476,8354.47267479775
24477,8356.95091610522
24478,8365.91569089961
24479,8360.9916279656
24480,8359.04432747523
24481,8351.87263037976
24482,8384.13761743055
24483,8393.30332371255
24484,8369.18479641674
24485,8377.32699633035
24486,8384.97249311418
24487,8358.11937843517
24488,8358.64787285064
24489,8358.20464037905
24490,8358.22081127195
24491,8349.37800529854
24492,8397.99804464377
24493,8349.04341308277
24494,8352.13517061926
24495,8369.28759014481
24496,8372.50605340211
24497,8364.54595579679
24498,8372.14546992165
24499,8361.29579487502
24500,8377.84117223369
24501,8398.82709710277
24502,8373.10684958682
24503,4409.01222912414
24504,4418.35614108307
24505,4418.61514553687
24506,4415.10676114326
24507,4406.70124139736
24508,4410.14716236354
24509,4415.81175893012
24510,4418.62878404419
24511,4410.4708502921
24512,4418.39380185702
24513,4417.31175952678
24514,4410.84344880146
24515,4409.96173591144
24516,4415.02434268512
24517,4410.35111800912
24518,4411.74956190922
24519,4404.94675249549
24520,4416.83020005195
24521,4407.86087781317
24522,4413.04440778493
24523,4413.18378545144
24524,4406.41628803065
24525,4419.81959668226
24526,4402.9857182248
24527,4412.79456513139
24528,4415.07262594971
24529,4402.56833500819
24530,4410.7851578962
24531,4415.58312360305
24532,4419.2963738276
24533,4420.15709338854
24534,4407.82256105661
24535,4416.99939574294
24536,4411.34893877288
24537,4418.71004776108
24538,4414.36431565405
24539,4411.6122640267
24540,4418.17834344533
24541,4416.31574785913
24542,4413.09884139343
24543,6232.03824374205
24544,6250.5891377798
24545,6237.48250917996
24546,6239.55374518039
24547,6232.25281518569
24548,6231.15567451935
24549,6240.00948131251
24550,6230.76129509321
24551,6247.46594637414
24552,6263.80212342624
24553,6238.85248381475
24554,6239.93994077823
24555,6228.42373071182
24556,6243.47058418052
24557,6232.93134384522
24558,6228.52182155056
24559,6234.89411158182
24560,6250.18517040222
24561,6264.06983477406
24562,6236.69446363208
24563,6234.85021821455
24564,6228.96435837703
24565,6260.47244074005
24566,6254.59568326236
24567,6245.8266020335
24568,6232.56060083751
24569,6234.62045979851
24570,6239.17405061142
24571,6250.79524269249
24572,6227.44588445878
24573,6261.27480595142
24574,6234.43832208725
24575,6260.10461310541
24576,6256.68654554696
24577,6241.87291709768
24578,6254.57625792594
24579,6235.71493896077
24580,6260.11020859907
24581,6238.22699289616
24582,5727.58575811589
24583,5728.9479059053
24584,5726.11791897003
24585,5732.20842648224
24586,5732.44970220162
24587,5729.27273370477
24588,5723.45339575774
24589,5736.65686565108
24590,5724.51371046334
24591,5722.81452909478
24592,5726.3018618905
24593,5732.48868210554
24594,5723.10257055208
24595,5728.44380638341
24596,5732.60979733232
24597,5724.21291194219
24598,5722.21368458248
24599,5725.48142667941
24600,5726.57430955223
24601,5737.00388226174
24602,5722.65430986157
24603,5724.10274114507
24604,5733.10218486043
24605,5736.40324646222
24606,5722.9676440987
24607,5729.47538307199
24608,5731.1566900985
24609,5731.7710311317
24610,5725.27992380863
24611,5734.34242181093
24612,5739.18454049881
24613,5727.32621495187
24614,5737.61955680694
24615,5732.28923844472
24616,5732.8733301154
24617,5737.10912157598
24618,5732.00001123921
24619,5725.96423020432
24620,5735.33892302322
24621,5740.22032109158
24622,6727.31751272761
24623,6714.94390288785
24624,6706.07893209492
24625,6720.56914413298
24626,6725.11769686284
24627,6721.2458134427
24628,6708.62116508979
24629,6723.18853211479
24630,6751.54777852424
24631,6752.41111684397
24632,6707.57111898955
24633,6731.87799039396
24634,6719.78912125584
24635,6746.48481387049
24636,6727.07685020572
24637,6713.81022091513
24638,6715.12334151512
24639,6740.917337219
24640,6746.41800827563
24641,6732.33589014619
24642,6710.85677027743
24643,6756.09484152472
24644,6736.80682662567
24645,6722.5449712292
24646,6706.08098398072
24647,6718.35342721002
24648,6706.73268319396
24649,6721.21571395958
24650,6718.04930415655
24651,6717.02584804803
24652,6754.31764462163
24653,6714.4920180169
24654,6740.15523438609
24655,6754.0818262748
24656,6748.10814552207
24657,6754.30824334672
24658,6710.75498023148
24659,6755.5182477466
24660,6719.87867033973
24661,6715.96180057968
24662,6719.29746288155
24663,7834.15456294339
24664,7823.18661046921
24665,7816.90767805814
24666,7849.05068058606
24667,7819.81937245399
24668,7828.45703581081
24669,7814.54595515871
24670,7815.66565116524
24671,7831.58256891347
24672,7836.21384035884
24673,7817.45319034802
24674,7824.3702354196
24675,7841.78978380164
24676,7845.0844176312
24677,7818.99768649331
24678,7815.57008458816
24679,7816.75786584091
24680,7808.16053163771
24681,7827.86414001022
24682,7808.48763422898
24683,7821.98887455632
24684,7802.95158113796
24685,7830.67545573995
24686,7807.19921432872
24687,7823.13622069334
24688,7809.10016441828
24689,7817.17854872306
24690,7833.11092983151
24691,7840.46329644028
24692,7811.40355396999
24693,7849.02442080853
24694,7836.17220315559
24695,7825.07547815972
24696,7827.66866665105
24697,7828.11110924703
24698,7852.80393767886
24699,7851.49793599187
24700,7814.73590979161
24701,7850.11694253473
24702,7852.17055684236
24703,7819.31016366776
24704,4170.76549891398
24705,4166.20533373408
24706,4154.44363401329
24707,4150.2260908742
24708,4157.87295898851
24709,4162.46091896612
24710,4161.63275146162
24711,4167.04664467414
24712,4165.49760718255
24713,4155.91747824533
24714,4148.82427753493
24715,4152.42216348514
24716,4162.10080461904
24717,4158.44458811226
24718,4161.13856316097
24719,4152.49046236142
24720,4155.09556140533
24721,4141.40422244974
24722,4159.85324458372
24723,4164.69809569591
24724,4152.45984901963
24725,4150.63282340585
24726,4148.89584773935
24727,4150.54377460476
24728,4150.28527070171
24729,4160.46607048239
24730,4173.96159080735
24731,4154.19979172593
24732,4156.80108659255
24733,4146.69561392341
24734,4157.28597411976
24735,4163.26610678686
24736,4161.48528785377
24737,4151.49895475658
24738,4154.88924194066
24739,4166.14166732878
24740,4173.05438228026
24741,4175.2740593292
24742,4171.01589603293
24743,4173.3818465925
24744,4167.53361521756
24745,7374.34250797037
24746,7392.10367170618
24747,7371.48229586745
24748,7391.46732850365
24749,7388.04967892365
24750,7380.32902553897
24751,7383.49856022845
24752,7374.25792152533
24753,7369.2372847903
24754,7368.69274848612
24755,7380.74799451224
24756,7368.34110367918
24757,7375.24040142172
24758,7391.05938935402
24759,7374.08911925298
24760,7373.71481302613
24761,7377.37593332977
24762,7378.76026341291
24763,7394.00042925742
24764,7373.21042911343
24765,7373.44381513095
24766,7387.79481535969
24767,7384.47022685612
24768,7393.51034322847
24769,7374.42455414498
24770,7370.82985392508
24771,7375.25774187868
24772,7375.81360654559
24773,7374.98986783919
24774,7374.68439201857
24775,7375.44907677601
24776,7374.65408787567
24777,7371.27995933981
24778,7397.30568019168
24779,7375.89833612842
24780,7397.85682514802
24781,7376.14437108275
24782,7373.89462770333
24783,7378.83348349936
24784,7395.11260502514
24785,7374.18054906638
24786,7371.2386196472
24787,7396.85203011341
24788,7373.95296834215
24789,7375.07901342373
24790,7394.52070054932
24791,7376.60685833131
24792,7372.58508954339
24793,7674.87723821058
24794,7664.50656407104
24795,7670.81264712604
24796,7671.25806224254
24797,7644.48935578024
24798,7655.81328424423
24799,7661.8331726108
24800,7652.99832792209
24801,7648.95879430422
24802,7644.43966713428
24803,7643.65419732185
24804,7653.7688736826
24805,7674.78592504756
24806,7651.10228714401
24807,7653.45006452559
24808,7676.76631021467
24809,7675.44527082025
24810,7658.75139768641
24811,7654.10534683114
24812,7649.69460716747
24813,7647.36847409086
24814,7660.59656081817
24815,7651.64803588161
24816,7666.63431189718
24817,7644.48061753351
24818,7651.87309708648
24819,7646.65399699004
24820,7677.06953241449
24821,7676.89924634442
24822,7647.51607335212
24823,7676.61268003696
24824,7650.17967220788
24825,7646.74795528647
24826,7650.42758559262
24827,7639.42294326386
24828,7642.19226097857
24829,7652.45773418054
24830,7674.91104340841
24831,7662.22215741689
24832,7652.40784477125
24833,6858.78721878653
24834,6821.182800447
24835,6831.55892461525
24836,6827.59739994601
24837,6815.5907640767
24838,6817.35599917995
24839,6846.4122701794
24840,6835.68354064717
24841,6838.99025756785
24842,6848.92631110313
24843,6844.44024879973
24844,6824.63043410932
24845,6861.69905190343
24846,6853.34898696472
24847,6831.24845826094
24848,6829.08689409029
24849,6833.58289205991
24850,6836.97236986807
24851,6816.4570732468
24852,6830.22355004696
24853,6824.54338751581
24854,6837.29441894861
24855,6852.37322948316
24856,6835.63379195138
24857,6860.87039413232
24858,6833.39654679082
24859,6822.53224213387
24860,6861.68311203326
24861,6850.75730251907
24862,6829.58449731612
24863,6809.50479592476
24864,6819.74756301664
24865,6825.62899295904
24866,6859.90156965322
24867,6826.00137942645
24868,6814.48422364473
24869,6861.64970703738
24870,6819.60014850411
24871,6857.56653481696
24872,6835.46560267458
24873,6842.34216268483
24874,4997.09213986607
24875,5009.9427688239
24876,4966.74049805225
24877,5013.2575505531
24878,4978.01876097187
24879,4977.7748573176
24880,4993.23799869511
24881,4975.83595439143
24882,5006.67326168268
24883,5015.39909933158
24884,4989.75629576727
24885,4972.00167799871
24886,4982.18156844659
24887,4973.49467216639
24888,4962.91039155342
24889,4978.48981962321
24890,5003.1846482767
24891,5001.79727911393
24892,4987.28248726114
24893,4970.19160325083
24894,4999.79102474683
24895,4970.78771258701
24896,5013.45320928852
24897,5012.30133036006
24898,5010.68614004141
24899,4964.74072400125
24900,4986.14784141595
24901,4965.57730206737
24902,5016.27621404037
24903,5014.45911616732
24904,4975.55251298325
24905,4994.89946472369
24906,4986.31583448905
24907,4976.28621228719
24908,4968.15104022679
24909,4976.22818286429
24910,4962.76508752297
24911,4971.50090447737
24912,4986.38394827589
24913,5015.02686269725
24914,5003.43932862603
24915,3470.99255514642
24916,3471.85140552719
24917,3458.7252659416
24918,3472.95142688054
24919,3443.43718034521
24920,3463.26439074759
24921,3436.89716998225
24922,3450.63094162256
24923,3451.55107919139
24924,3446.13305450971
24925,3450.50853418538
24926,3444.17839909025
24927,3464.58287008209
24928,3440.61684133259
24929,3440.53604687527
24930,3456.21444078503
24931,3435.70194359051
24932,3438.02509798369
24933,3433.95299161801
24934,3473.95575554047
24935,3445.84056982012
24936,3466.41378945601
24937,3458.20565602102
24938,3440.68244470878
24939,3450.84888966192
24940,3441.20116137909
24941,3447.39966002237
24942,3446.11406611704
24943,3452.55081592
24944,3447.79565008597
24945,3449.89575144669
24946,3438.96259539977
24947,3469.38654952614
24948,3470.83659931967
24949,3454.77566726323
24950,3435.69492636758
24951,3458.21816872802
24952,3453.85709385391
24953,3436.3651430517
24954,3436.72668187565
24955,3447.95719967114
24956,7548.61048653006
24957,7544.24024932984
24958,7554.07687066609
24959,7556.41242974824
24960,7545.12520386396
24961,7553.22513090837
24962,7555.57442112918
24963,7562.50367825748
24964,7566.15269951767
24965,7556.0429125621
24966,7560.20983859752
24967,7557.88005860762
24968,7569.13728569536
24969,7567.98084010114
24970,7563.23773537781
24971,7568.06663205695
24972,7548.25638550267
24973,7557.32304772061
24974,7553.23813293669
24975,7558.0021304509
24976,7547.80584489328
24977,7551.18057578415
24978,7551.84171972191
24979,7567.85079257871
24980,7551.84380204001
24981,7561.31807555581
24982,7550.65407129667
24983,7552.80770928802
24984,7553.02266961354
24985,7568.50815035949
24986,7565.79168623064
24987,7559.435982508
24988,7554.20232465397
24989,7560.39683972956
24990,7548.98893352062
24991,7571.42803012348
24992,7557.50039614794
24993,7555.4826095616
24994,7557.07202544994
24995,7569.05942604009
24996,6497.32870605378
24997,6512.55381672134
24998,6481.31584875356
24999,6498.20944837143
25000,6500.85120129139
25001,6513.36486412023
25002,6490.60508846807
25003,6498.90723840094
25004,6497.42156061987
25005,6490.37949026564
25006,6524.0726828608
25007,6504.40831438692
25008,6518.12954016841
25009,6494.4898771793
25010,6502.63353811045
25011,6492.97857030619
25012,6496.43602292909
25013,6486.39319950441
25014,6498.88793849312
25015,6527.11391527606
25016,6509.40228156934
25017,6497.5656229146
25018,6496.59427388857
25019,6484.18195776727
25020,6512.41614254418
25021,6493.86158423132
25022,6518.24419662275
25023,6521.41738030002
25024,6481.74552682986
25025,6505.39943302682
25026,6529.59784415996
25027,6484.91768938991
25028,6494.69073807752
25029,6496.40114572727
25030,6492.88770677363
25031,6496.73903843742
25032,6528.07816842367
25033,6527.53956193553
25034,6487.95571994537
25035,6500.3871478499
25036,6482.01228325309
25037,8136.12158887277
25038,8112.29183658956
25039,8103.89910869532
25040,8108.26032829914
25041,8121.07952621864
25042,8101.90678821104
25043,8129.09320998135
25044,8109.16402550118
25045,8115.17048889655
25046,8139.80695744568
25047,8139.07171839826
25048,8109.44041005372
25049,8114.65990332775
25050,8105.33838657027
25051,8111.44428366898
25052,8103.13514962588
25053,8116.34985286026
25054,8103.81767280687
25055,8101.45095422457
25056,8129.31946940668
25057,8114.03065270237
25058,8139.40383158431
25059,8108.45632295211
25060,8106.49452684736
25061,8113.58417720709
25062,8112.47558087465
25063,8135.89099154913
25064,8122.13954584893
25065,8114.89102118536
25066,8104.54927900153
25067,8139.81710460929
25068,8135.24537215701
25069,8106.76314245386
25070,8105.0068800988
25071,8101.53864953155
25072,8102.41921263954
25073,8103.71665740874
25074,8114.18850218825
25075,8140.93683334486
25076,8126.50364133636
25077,8119.00302506631
25078,6649.33348815221
25079,6660.80257555292
25080,6642.85850647808
25081,6666.22040493799
25082,6648.02460287011
25083,6650.46963452844
25084,6648.81622049609
25085,6675.86566818346
25086,6652.78370758181
25087,6645.6702741779
25088,6677.26518753704
25089,6671.07097014783
25090,6654.98550005032
25091,6671.48164166148
25092,6638.65520134082
25093,6649.45685346695
25094,6644.1572297426
25095,6647.75232639011
25096,6642.47879761564
25097,6658.6182089866
25098,6637.66573881466
25099,6649.06420531554
25100,6643.73231243382
25101,6672.83535762165
25102,6663.92266846675
25103,6654.20841995139
25104,6677.63496509601
25105,6656.98825730626
25106,6637.81333708876
25107,6677.98490991743
25108,6639.60166894587
25109,6678.87929943511
25110,6639.26651838324
25111,6649.75708594159
25112,6646.94269816899
25113,6644.36266620056
25114,6649.72450384935
25115,6637.59747582429
25116,6645.78831878308
25117,6643.40049936033
25118,6654.61428557282
25119,5344.28027650609
25120,5342.22181316731
25121,5322.1911624667
25122,5336.71831358646
25123,5327.39633325164
25124,5324.33218194637
25125,5316.03475551267
25126,5332.99159977003
25127,5329.23840830064
25128,5333.50109691362
25129,5320.6914377039
25130,5356.8601610004
25131,5317.71315504728
25132,5355.39763130258
25133,5326.49067198312
25134,5326.88324339833
25135,5354.09349429981
25136,5349.52406502322
25137,5336.64139232824
25138,5346.60807564627
25139,5324.94766108184
25140,5316.26145233799
25141,5355.91508345168
25142,5324.42366845353
25143,5330.58670323454
25144,5356.33183671308
25145,5331.91983123255
25146,5350.96647878054
25147,5328.80995535874
25148,5324.79895091902
25149,5330.12232299667
25150,5326.75053173734
25151,5335.33223224309
25152,5325.21892743835
25153,5337.47475962757
25154,5331.60129702034
25155,5341.915699431
25156,5342.28319797236
25157,5318.26106386474
25158,5320.32219737449
25159,5316.34780786618
25160,8175.61878542492
25161,8201.15840377321
25162,8212.12505222309
25163,8174.81810918153
25164,8175.93150373817
25165,8182.7766369878
25166,8217.06299270447
25167,8185.65513595223
25168,8184.26232002904
25169,8180.01900135917
25170,8179.1954485538
25171,8207.15564337818
25172,8195.45792564394
25173,8199.914072794
25174,8187.52157742435
25175,8221.75636758678
25176,8177.37042797174
25177,8182.99241814246
25178,8190.99463338805
25179,8218.90371301627
25180,8178.93167823734
25181,8172.24303495204
25182,8220.79081878359
25183,8184.56476967082
25184,8183.90583443363
25185,8217.62643718751
25186,8185.42552843934
25187,8217.16826439471
25188,8215.99096057869
25189,8215.88742432236
25190,8222.46500128294
25191,8180.83638033453
25192,8184.23954084377
25193,8194.446673784
25194,8183.89364726359
25195,8184.08754010763
25196,8178.70080352488
25197,8189.5336789409
25198,8180.84816048274
25199,8186.33321224598
25200,8203.56377996881
25201,6101.37916542796
25202,6117.20768154649
25203,6101.47470632722
25204,6118.9465498651
25205,6111.37684288838
25206,6115.39344775244
25207,6123.33203951959
25208,6111.73463245283
25209,6108.17993793848
25210,6148.26044257287
25211,6115.5040665518
25212,6131.38827404026
25213,6146.59795622938
25214,6150.98082045014
25215,6119.08595660751
25216,6104.44264859156
25217,6141.7050102753
25218,6106.25384761165
25219,6138.31010762413
25220,6142.9813202009
25221,6120.80374353985
25222,6151.63985340517
25223,6123.84757146019
25224,6104.07760664955
25225,6138.98049719786
25226,6151.00067746185
25227,6108.72148021368
25228,6111.11604341186
25229,6134.18202123444
25230,6105.625744647
25231,6103.0213953594
25232,6112.95702315489
25233,6129.97196903788
25234,6115.45702996821
25235,6107.40002494483
25236,6118.1026846692
25237,6104.71501645268
25238,6106.24745925365
25239,6153.50815546721
25240,6121.95535766007
25241,6120.95932377062
25242,5443.41185226355
25243,5423.36753984177
25244,5431.38752024573
25245,5460.99621552785
25246,5434.48139418352
25247,5449.06987946712
25248,5424.26570653896
25249,5464.09012772592
25250,5431.89563094095
25251,5466.62079015185
25252,5435.49226710159
25253,5437.16258409858
25254,5428.98308032873
25255,5430.53723512071
25256,5428.90471277548
25257,5428.25967637044
25258,5465.97953702861
25259,5436.30950476263
25260,5427.28135354832
25261,5437.62497822867
25262,5465.3035066742
25263,5435.22978504196
25264,5430.52768641307
25265,5433.23565573478
25266,5423.29145301088
25267,5424.38947398658
25268,5426.97080812375
25269,5459.773996438
25270,5451.99807395536
25271,5427.04435377499
25272,5424.34150408421
25273,5458.61077659439
25274,5446.52444773645
25275,5435.01890899005
25276,5465.26673421096
25277,5443.44344840628
25278,5439.3323508718
25279,5436.77250879059
25280,5426.77042602591
25281,5436.18453018308
25282,5454.3702848015
25283,8085.00408329118
25284,8094.89228571767
25285,8081.11724715885
25286,8106.37786633209
25287,8088.86977696202
25288,8076.43007901698
25289,8086.66792033116
25290,8078.54712750809
25291,8091.46295771573
25292,8090.20259046981
25293,8088.78949489158
25294,8093.6412114877
25295,8101.17520438011
25296,8084.16753267396
25297,8080.45643377895
25298,8106.68623660121
25299,8091.16111477752
25300,8075.59663567581
25301,8078.23160403101
25302,8087.89411935382
25303,8103.8765732141
25304,8104.79540807212
25305,8093.15481572434
25306,8094.05252974051
25307,8104.51936313075
25308,8087.39590087232
25309,8097.47846365545
25310,8082.23453531335
25311,8108.37210624246
25312,8101.63553949285
25313,8091.32527937328
25314,8082.32984477777
25315,8105.38157108011
25316,8084.5642298442
25317,8089.28064083547
25318,8085.82269940105
25319,8084.46775555551
25320,8077.32158895476
25321,8093.96961281699
25322,8093.42136268602
25323,4964.58651887192
25324,4959.04308135553
25325,4985.55834533504
25326,4964.12001572352
25327,4961.07324077439
25328,4968.31659324392
25329,4984.0215502632
25330,4960.24555954008
25331,4957.58898461458
25332,4982.48136390757
25333,4982.02902879476
25334,4990.14475847884
25335,4979.16175338732
25336,4979.19733713311
25337,4955.92651626308
25338,4974.53512233502
25339,4957.54459991032
25340,4959.25371637739
25341,4974.22411613383
25342,4959.70648947379
25343,4976.38956055185
25344,4975.99059038465
25345,4971.61658229845
25346,4954.50262408613
25347,4973.99684350177
25348,4974.77451318969
25349,4958.03878587544
25350,4960.88509448679
25351,4988.20159522782
25352,4989.6787236543
25353,4956.7698708579
25354,4958.59048154969
25355,4989.64081447456
25356,4965.31112049024
25357,4977.27554454902
25358,4972.84737121382
25359,4990.91543497798
25360,4980.62643652911
25361,4971.9381320675
25362,4962.92071785234
25363,4960.20304514506
25364,7525.88623315687
25365,7529.29039951733
25366,7547.4277558097
25367,7547.74519662247
25368,7519.1869111762
25369,7513.01865657448
25370,7534.78614667099
25371,7522.0118927432
25372,7526.00532666501
25373,7529.49140476483
25374,7540.91285281067
25375,7506.96093682984
25376,7516.00532766126
25377,7518.88031243375
25378,7532.51837008284
25379,7551.34424515811
25380,7525.43923269814
25381,7518.24333626874
25382,7531.59613025071
25383,7551.5509927192
25384,7552.633308559
25385,7543.23976147415
25386,7528.9010669882
25387,7545.65001776025
25388,7554.61302649991
25389,7516.57958449377
25390,7534.57786566931
25391,7551.33693113891
25392,7523.89583019607
25393,7531.26479299335
25394,7513.87154532436
25395,7541.37235214264
25396,7513.53887951004
25397,7532.35470754474
25398,7516.25679445103
25399,7555.02457462689
25400,7537.64835438948
25401,7530.29957248553
25402,7512.95572092214
25403,7521.53638367681
25404,7538.52737073494
25405,10214.8291562299
25406,10251.7225438049
25407,10244.5495581117
25408,10209.140357023
25409,10207.406143416
25410,10222.3120511807
25411,10216.7652125878
25412,10226.2581979253
25413,10213.1129677222
25414,10232.6672741167
25415,10213.4699863645
25416,10258.694685893
25417,10237.370896532
25418,10213.293929442
25419,10219.1959195446
25420,10263.8238834844
25421,10265.460079161
25422,10263.5597607011
25423,10250.1333836626
25424,10210.8947267709
25425,10229.7767753663
25426,10216.1546953489
25427,10264.9964243123
25428,10219.982871557
25429,10240.215582207
25430,10209.1371005507
25431,10209.1999404126
25432,10210.5682134173
25433,10224.8706833748
25434,10243.1483368154
25435,10214.4553914182
25436,10213.9876038672
25437,10219.5494995406
25438,10265.7217099985
25439,10213.978252855
25440,10259.2531249964
25441,10219.8822862899
25442,10259.0273533438
25443,10216.901007083
25444,10229.5326569902
25445,10216.0895823456
25446,8022.73361878262
25447,8043.84764507093
25448,8019.75346715195
25449,8045.21123499599
25450,8032.38218923994
25451,8030.29698182864
25452,8037.17009316998
25453,8054.86682823515
25454,8029.67910199613
25455,8028.52007997107
25456,8032.23871313569
25457,8064.28994282675
25458,8028.00752452683
25459,8029.91707457819
25460,8051.17111975463
25461,8035.60801245878
25462,8063.33508721452
25463,8071.5925010289
25464,8041.26931770525
25465,8071.93520238796
25466,8067.2276919828
25467,8035.27627466925
25468,8029.50517198551
25469,8033.4793786287
25470,8037.94171359128
25471,8059.47964190661
25472,8040.35084657726
25473,8025.67982493117
25474,8033.97850419602
25475,8068.78778331677
25476,8071.03861730232
25477,8038.33239232234
25478,8049.91623866683
25479,8028.30939117456
25480,8072.33323011503
25481,8069.14619428468
25482,8035.92620152663
25483,8058.15976661625
25484,8039.08220422279
25485,8072.33761703217
25486,8049.37212041164
25487,4111.17779158132
25488,4126.5408528321
25489,4092.56610692779
25490,4112.3432843417
25491,4117.20430024784
25492,4111.82672728209
25493,4090.4242518332
25494,4109.34461920044
25495,4112.03956898374
25496,4088.87141665216
25497,4093.94082509892
25498,4116.33060463478
25499,4103.80551419215
25500,4101.84578752746
25501,4104.94048451636
25502,4095.93646971769
25503,4125.02389658967
25504,4125.11612143785
25505,4098.11327860424
25506,4108.63355092053
25507,4125.17658442247
25508,4120.22782345037
25509,4107.2727273925
25510,4089.47173037383
25511,4122.30633139779
25512,4114.02201425744
25513,4105.83434893975
25514,4089.11951051785
25515,4121.0933326349
25516,4122.73952077186
25517,4109.22163992729
25518,4113.56661757175
25519,4123.02608439584
25520,4101.18611609349
25521,4115.39487368864
25522,4125.50850751374
25523,4092.78725138614
25524,4097.75239632118
25525,4086.432838366
25526,4105.51817610302
25527,4100.11282097658
25528,5502.41150649311
25529,5498.8385579557
25530,5488.15659898646
25531,5489.76217756593
25532,5498.07100691395
25533,5497.46274758147
25534,5505.67228123588
25535,5488.83966933948
25536,5491.78609715942
25537,5503.91534094131
25538,5505.25000348606
25539,5498.10337094608
25540,5497.12187308108
25541,5497.56456443692
25542,5494.08565386279
25543,5491.68806891728
25544,5502.55948324151
25545,5504.61752092111
25546,5505.5438871346
25547,5499.55295631603
25548,5491.03160233701
25549,5494.74646700287
25550,5487.58402174544
25551,5498.25221920425
25552,5502.84149863946
25553,5489.11274310359
25554,5495.32893170631
25555,5488.70753010641
25556,5490.48247690091
25557,5488.79803069872
25558,5502.10664007974
25559,5499.16023616677
25560,5507.86111921129
25561,5492.94972961323
25562,5502.13731656984
25563,5487.66662916112
25564,5487.75608399157
25565,5491.52920451329
25566,5500.70001290675
25567,5508.32380542948
25568,4153.62885618243
25569,4142.96450051875
25570,4160.0531672132
25571,4149.270342555
25572,4144.73015248264
25573,4159.63316014553
25574,4160.52486617462
25575,4150.45189882591
25576,4151.24365184455
25577,4150.86221425167
25578,4147.0223711728
25579,4145.0884035448
25580,4144.41713350364
25581,4154.59802886875
25582,4151.57664576323
25583,4141.17484819116
25584,4142.52800388979
25585,4157.42510820591
25586,4141.84746802414
25587,4142.98245330418
25588,4158.68980092567
25589,4156.00530561291
25590,4152.00420492855
25591,4160.95584229753
25592,4143.3137779449
25593,4141.9645115533
25594,4157.50134106838
25595,4140.47539149838
25596,4146.05463054944
25597,4161.56098387939
25598,4152.35014574196
25599,4142.33659457966
25600,4155.52059310517
25601,4142.23116632299
25602,4147.76924482955
25603,4151.70857738146
25604,4146.15706766016
25605,4155.18909089483
25606,4140.06385310642
25607,4141.43242143022
25608,3072.71097707334
25609,3080.96470807329
25610,3109.15625632384
25611,3076.68701079763
25612,3093.74910925242
25613,3108.10083426889
25614,3079.16495507949
25615,3105.89605823785
25616,3073.74604377761
25617,3103.47145971422
25618,3081.27362814482
25619,3065.99878284998
25620,3067.74990187145
25621,3100.86918274553
25622,3070.55148547923
25623,3107.63962660009
25624,3086.757857497
25625,3093.27131377524
25626,3075.28868029314
25627,3070.71149618738
25628,3097.24213813952
25629,3087.60583756938
25630,3070.05091350465
25631,3080.2214493636
25632,3081.01366468356
25633,3065.98410983449
25634,3069.79037099095
25635,3070.790532175
25636,3101.40008853815
25637,3067.57263401371
25638,3075.2955486199
25639,3071.35940449502
25640,3108.21907913131
25641,3090.02478067711
25642,3065.53097258018
25643,3075.45952720727
25644,3070.88277025442
25645,7584.97158426897
25646,7600.6631514863
25647,7549.69775544281
25648,7573.45537666133
25649,7573.13406827645
25650,7595.90574695595
25651,7568.60524543972
25652,7599.97392339569
25653,7582.77282095492
25654,7603.86488390061
25655,7598.57746303155
25656,7588.81176263566
25657,7560.93501542734
25658,7550.02249941289
25659,7587.51523852678
25660,7565.40080494891
25661,7553.7272719125
25662,7593.91610579455
25663,7566.50538038058
25664,7575.05821269889
25665,7567.23351605282
25666,7566.93516728879
25667,7569.21017717668
25668,7550.75577066092
25669,7590.35800904881
25670,7561.38655105642
25671,7552.47910179472
25672,7556.56768042114
25673,7560.26885211036
25674,7544.04289753843
25675,7553.67190626569
25676,7560.76787506032
25677,7554.62962414225
25678,7564.14334600911
25679,7600.83759900127
25680,7558.47952803395
25681,7551.49584979877
25682,7575.52810815374
25683,7556.49601511161
25684,7554.60726159069
25685,7603.15805752187
25686,5675.42754377532
25687,5669.42528504923
25688,5692.60947010603
25689,5660.59324834438
25690,5683.47945975984
25691,5670.74337716682
25692,5691.87544201488
25693,5680.93995466751
25694,5689.94644274624
25695,5664.89492899718
25696,5665.89975189339
25697,5670.46352463277
25698,5681.50249064215
25699,5671.86090975498
25700,5672.86489943423
25701,5668.5304896162
25702,5685.95932647476
25703,5672.63561460321
25704,5668.00640686218
25705,5690.13261314373
25706,5691.978311478
25707,5688.13678690587
25708,5668.73689094623
25709,5689.37645410615
25710,5671.1952774812
25711,5666.11817225129
25712,5693.49570526435
25713,5672.86317639038
25714,5662.06491947556
25715,5670.18192466939
25716,5670.98290048699
25717,5671.72811407368
25718,5665.67668237816
25719,5671.51629940603
25720,5677.33003845271
25721,5669.29101331311
25722,5670.96554812627
25723,5682.82001117874
25724,5670.29182347113
25725,5689.31914252482
25726,8029.25510385409
25727,8049.53661288931
25728,8044.69967547431
25729,8018.29244420903
25730,8072.84107181336
25731,8065.39751348208
25732,8062.90323148748
25733,8070.75264046386
25734,8056.87803256398
25735,8054.51984048944
25736,8030.41033887697
25737,8040.42298733809
25738,8045.44765690185
25739,8047.3461811567
25740,8036.32265492268
25741,8070.04448534267
25742,8030.48443942813
25743,8026.33357247289
25744,8041.22610609688
25745,8033.79654908259
25746,8074.52382704612
25747,8044.61333475531
25748,8028.40241370764
25749,8050.23717312191
25750,8026.82805557484
25751,8045.26430671804
25752,8034.51243397246
25753,8062.91529295237
25754,8023.32639013492
25755,8056.1597210818
25756,8033.84309774726
25757,8061.75824741983
25758,8032.9779895376
25759,8040.46074947281
25760,8037.63859906007
25761,8027.72658058054
25762,8043.05118907746
25763,8037.07894008598
25764,8073.35694518293
25765,8075.57785528524
25766,8049.3062429692
25767,4367.4498960596
25768,4376.91241552362
25769,4372.0449083443
25770,4354.4641008472
25771,4365.87379306683
25772,4359.10003128033
25773,4359.84703505187
25774,4360.88925635141
25775,4361.40486933662
25776,4367.45422867445
25777,4357.09030330646
25778,4374.98724517469
25779,4364.77211769667
25780,4365.40676959002
25781,4363.12245658361
25782,4363.6289726294
25783,4354.80498480933
25784,4376.89799012442
25785,4376.48437816385
25786,4374.71527657581
25787,4364.81420875507
25788,4368.18422560086
25789,4359.4470489185
25790,4373.98506650343
25791,4359.74437843473
25792,4377.51081974684
25793,4365.18826109334
25794,4374.68150819855
25795,4357.39314119625
25796,4376.10143519209
25797,4367.35239077002
25798,4369.71477188894
25799,4364.79810501222
25800,4375.91240987714
25801,4362.29443281764
25802,4360.62346151731
25803,4359.7868950089
25804,4360.75092673953
25805,4365.77502914837
25806,4373.15389726601
25807,6480.28546479625
25808,6476.07441732133
25809,6473.69231298637
25810,6488.55573259133
25811,6485.10131771851
25812,6482.05093429518
25813,6480.83729462453
25814,6479.70728014652
25815,6482.77583742337
25816,6483.53017381253
25817,6489.58980043537
25818,6480.38572560288
25819,6476.55945484373
25820,6482.90918931709
25821,6480.2011163896
25822,6471.50713185403
25823,6472.11417930843
25824,6476.00238138522
25825,6471.77848660936
25826,6475.53315783529
25827,6485.07209456216
25828,6478.39653440908
25829,6481.27690428211
25830,6491.12161475319
25831,6481.09492515812
25832,6484.80483559901
25833,6472.49644859
25834,6480.16099292845
25835,6472.36139173321
25836,6488.48413575405
25837,6490.76067169004
25838,6486.61475925725
25839,6482.02308503025
25840,6489.57745447223
25841,6491.61178740752
25842,6471.55699896668
25843,6484.25383576438
25844,6483.28899213221
25845,6480.32043181296
25846,6484.44072633503
25847,6473.95558175799
25848,6034.37303905293
25849,6029.8603003946
25850,6053.1916533966
25851,6050.50861012698
25852,6033.00569215729
25853,6032.34158731228
25854,6043.5037690215
25855,6030.86061831168
25856,6040.65840762696
25857,6031.8078348271
25858,6046.90332584941
25859,6035.96499758236
25860,6043.23137467619
25861,6023.72615181749
25862,6028.51823918044
25863,6031.86500195427
25864,6048.01728526493
25865,6025.16497961426
25866,6034.50555143295
25867,6035.92622696182
25868,6050.60017479844
25869,6027.60554291996
25870,6040.10146750611
25871,6034.91619193195
25872,6027.76849183003
25873,6035.83990694678
25874,6046.12737706175
25875,6032.15984646346
25876,6033.52042003726
25877,6025.9682455741
25878,6044.89279503928
25879,6050.54058410997
25880,6036.89738058571
25881,6031.54705533485
25882,6024.5981032062
25883,6032.44098137885
25884,6033.56093864779
25885,6034.94274082877
25886,6051.36250876504
25887,6053.54616454065
25888,10440.2395589151
25889,10402.6531342867
25890,10384.0908041652
25891,10382.2997604657
25892,10397.642143213
25893,10451.3186864078
25894,10400.7655597261
25895,10399.9703474149
25896,10404.3171078156
25897,10427.263634595
25898,10383.5437478046
25899,10415.7435665288
25900,10430.3752278863
25901,10407.7563547816
25902,10387.574496271
25903,10385.2528607226
25904,10444.2009041076
25905,10388.5933390802
25906,10438.0265659767
25907,10445.4304975009
25908,10396.518704771
25909,10410.1686838603
25910,10393.1449788216
25911,10403.2767693579
25912,10421.9769211457
25913,10447.8204711622
25914,10393.4171235973
25915,10382.5009079277
25916,10397.8378266103
25917,10447.6727031446
25918,10447.526802082
25919,10421.8059283006
25920,10403.1857816871
25921,10405.8970836357
25922,10396.2825771074
25923,10398.5560930491
25924,10449.298426806
25925,10399.7383901557
25926,10401.8329127479
25927,10410.246631706
25928,10451.9303661525
25929,4398.30294550203
25930,4383.30095808783
25931,4399.44058810431
25932,4404.13515996044
25933,4395.72590352992
25934,4397.55561297966
25935,4412.8154236027
25936,4398.17650695007
25937,4406.06497422565
25938,4397.54481875869
25939,4410.94094624649
25940,4394.46953580208
25941,4395.56364961656
25942,4382.21817112519
25943,4412.2210134381
25944,4401.95922317844
25945,4411.1126373418
25946,4395.4909743274
25947,4386.48191765264
25948,4396.16794558615
25949,4388.04563812891
25950,4411.73832248555
25951,4414.97095491821
25952,4394.4893852049
25953,4399.47094302936
25954,4394.58165541082
25955,4390.93773834211
25956,4388.53886473704
25957,4412.80215948621
25958,4414.40553536354
25959,4415.56460548053
25960,4391.7616820878
25961,4401.87600787548
25962,4396.82083265158
25963,4409.2750140767
25964,4389.53071324533
25965,4399.41315527973
25966,4394.20552971047
25967,4396.44455361674
25968,4395.24026950839
25969,4396.45627280722
25970,5622.89263285624
25971,5623.98808979243
25972,5627.67918429833
25973,5619.44861229799
25974,5619.55951528162
25975,5620.22542529429
25976,5613.88786586247
25977,5615.43065761808
25978,5611.58694493266
25979,5619.0058574131
25980,5615.9609769772
25981,5615.23843493599
25982,5625.55132613841
25983,5627.9801317556
25984,5627.11619696542
25985,5625.87925876427
25986,5629.25350673772
25987,5617.71993082806
25988,5628.19842586617
25989,5621.18767047373
25990,5618.27076655347
25991,5618.5037820692
25992,5617.66550745132
25993,5611.21479454344
25994,5625.73006938063
25995,5620.61181437668
25996,5611.85804191442
25997,5621.81881628551
25998,5615.05378916657
25999,5621.75288298629
26000,5617.68927202432
26001,5617.99332583327
26002,5625.08320536891
26003,5612.59109788837
26004,5618.37063025707
26005,5625.73250161935
26006,5630.07393277218
26007,5622.00354696667
26008,5627.8061475583
26009,5616.9862836502
26010,5103.48549863375
26011,5093.87773603866
26012,5122.95718598165
26013,5117.39364998336
26014,5131.76523632821
26015,5114.47174806585
26016,5087.76248354048
26017,5087.49805816837
26018,5105.97858231431
26019,5131.97055420035
26020,5108.8856453994
26021,5131.48029551642
26022,5115.75916828583
26023,5103.03636869236
26024,5098.90002769489
26025,5095.56694257853
26026,5107.83567431751
26027,5100.65859181681
26028,5098.18339128478
26029,5087.68787949269
26030,5089.97538170064
26031,5094.89065734079
26032,5101.08753799124
26033,5093.85693882026
26034,5098.65256181937
26035,5093.90914989959
26036,5087.13642190543
26037,5111.2300480451
26038,5098.63341718413
26039,5095.53521444232
26040,5102.64892300961
26041,5124.51555532224
26042,5124.89207889547
26043,5089.73956696713
26044,5102.32910319707
26045,5094.27990595823
26046,5108.01265378083
26047,5129.566151514
26048,5089.88626735019
26049,5129.93748482815
26050,5101.09752470116
26051,7724.92498135016
26052,7767.07570343395
26053,7737.47930241677
26054,7759.65350418587
26055,7728.55552883792
26056,7734.24667587833
26057,7733.91371242104
26058,7723.26040797896
26059,7722.26437044716
26060,7772.47847296269
26061,7751.78030810765
26062,7767.81392226824
26063,7765.46626904696
26064,7727.05123421841
26065,7730.3407671179
26066,7727.80443008209
26067,7750.12177862533
26068,7736.31231756259
26069,7752.55992374938
26070,7755.28259316773
26071,7767.38183119929
26072,7720.94693291478
26073,7746.21471156744
26074,7726.63913587772
26075,7771.85884213534
26076,7717.19113368242
26077,7738.01246184698
26078,7729.15469420628
26079,7716.42399179562
26080,7743.70570146967
26081,7759.30059022629
26082,7729.66252200912
26083,7726.98198346315
26084,7727.55034325273
26085,7760.29459024908
26086,7730.82593602868
26087,7719.22762996973
26088,7735.14515288272
26089,7730.38063378655
26090,7743.98964791538
26091,7738.37689360506
26092,5248.71488813817
26093,5224.87698808605
26094,5233.35157123977
26095,5251.94236800409
26096,5224.07268515901
26097,5221.6033168374
26098,5254.95903090953
26099,5231.40430446742
26100,5224.01132397403
26101,5254.93542382672
26102,5228.8724805844
26103,5222.08048729246
26104,5254.22072520753
26105,5238.87448596558
26106,5235.98558163242
26107,5237.83374521808
26108,5245.62648373289
26109,5234.93495173462
26110,5232.36689609668
26111,5254.36482349957
26112,5224.60670127447
26113,5231.48808513294
26114,5251.6433999037
26115,5233.400803174
26116,5227.02570370172
26117,5241.57021212396
26118,5250.97335800608
26119,5243.4537315476
26120,5241.47434360293
26121,5225.15929045809
26122,5243.08446844083
26123,5223.93663021157
26124,5240.50511203554
26125,5229.67227929189
26126,5230.61153119462
26127,5252.58061123002
26128,5226.58688655743
26129,5251.99096493597
26130,5227.19237734006
26131,5222.62545440228
26132,6887.79552454345
26133,6855.76080845642
26134,6898.20678653249
26135,6857.90097610167
26136,6912.08518820941
26137,6866.9468321888
26138,6867.75584243562
26139,6866.93318533384
26140,6860.663753229
26141,6862.25762726168
26142,6858.65197308522
26143,6859.58154079931
26144,6860.74297460981
26145,6874.25867924717
26146,6855.68938670376
26147,6906.65455431927
26148,6882.53335310703
26149,6868.31663576867
26150,6896.695981957
26151,6867.83662402756
26152,6886.36249221546
26153,6906.8822081587
26154,6869.63368815534
26155,6863.03518069897
26156,6903.51777889422
26157,6890.0086307426
26158,6864.74864846813
26159,6859.46254245455
26160,6912.470133702
26161,6854.9305530094
26162,6911.23024300017
26163,6911.92026166785
26164,6855.38044619813
26165,6871.57388624644
26166,6861.84268591011
26167,6866.07831173953
26168,6866.93058313072
26169,6913.64021508879
26170,6863.70787922161
26171,6875.4366688909
26172,6850.2263272067
26173,7470.95636716951
26174,7474.24515047747
26175,7470.3465314214
26176,7498.06927890726
26177,7472.3807550272
26178,7490.28862947965
26179,7470.27725994097
26180,7471.99362081484
26181,7477.04500783142
26182,7467.53660316085
26183,7468.90579696202
26184,7503.15038209665
26185,7507.14480253052
26186,7479.33399004236
26187,7507.60554001909
26188,7512.31112277946
26189,7495.20127113755
26190,7485.29771872189
26191,7477.57106044359
26192,7514.27419761921
26193,7469.81574359159
26194,7510.85146363287
26195,7494.7947342109
26196,7467.89472099352
26197,7514.06993700522
26198,7480.78024901678
26199,7471.38373674736
26200,7485.22981917902
26201,7509.33880686743
26202,7490.74736830886
26203,7470.6101390188
26204,7469.02217210919
26205,7497.72009596062
26206,7473.80492602635
26207,7476.13684825792
26208,7491.91390851563
26209,7468.05961915666
26210,7469.22366233458
26211,7467.73444968691
26212,7511.85154996665
26213,7509.30140246709
26214,9519.53368147227
26215,9482.30538744136
26216,9496.36530485855
26217,9503.97411349032
26218,9537.76517333462
26219,9478.56340807732
26220,9482.69134243621
26221,9528.58025894585
26222,9484.41357628043
26223,9525.48663819836
26224,9487.43078493781
26225,9496.79219702233
26226,9508.12708072985
26227,9509.44018032788
26228,9489.98451498015
26229,9493.84993043051
26230,9491.91803117199
26231,9475.66232962858
26232,9517.43166666565
26233,9494.44336767562
26234,9535.53735497007
26235,9483.27353752307
26236,9523.69307862534
26237,9510.30937065145
26238,9473.06238801078
26239,9536.19675057183
26240,9533.63735065659
26241,9538.9636694048
26242,9471.56962545657
26243,9499.67246910541
26244,9488.99616461196
26245,9484.582402356
26246,9491.30489464474
26247,9488.59827649531
26248,9485.87976140587
26249,9529.37602476788
26250,9480.56549113725
26251,9539.14036801954
26252,9480.30864115178
26253,9538.44318521289
26254,9501.12068923402
26255,6766.613802474
26256,6753.40090290853
26257,6767.83467540488
26258,6797.36981007
26259,6774.90335075403
26260,6769.24185759067
26261,6768.63643597426
26262,6764.91769913356
26263,6763.97044515706
26264,6789.79079016287
26265,6756.10306067757
26266,6771.30837221106
26267,6778.06330718293
26268,6781.19474390201
26269,6792.53311248555
26270,6785.67986619289
26271,6752.9229504778
26272,6770.2417003252
26273,6760.50604865854
26274,6794.34609261887
26275,6761.81780295931
26276,6760.43087224033
26277,6766.91138876434
26278,6780.46929631105
26279,6769.57367540915
26280,6793.06312237206
26281,6764.35285756759
26282,6794.71037756205
26283,6795.90229022383
26284,6762.80613638617
26285,6772.49658866928
26286,6771.34583821818
26287,6775.36196668462
26288,6767.01358632808
26289,6765.37499895949
26290,6764.53737889437
26291,6794.63141339913
26292,6793.08250726465
26293,6769.88478723846
26294,6765.89515699885
26295,6796.92088676744
26296,6555.98890172683
26297,6555.27377975154
26298,6549.18395822196
26299,6538.80560162632
26300,6535.81721252823
26301,6538.41732476606
26302,6560.01786592445
26303,6541.00401340273
26304,6547.41314277502
26305,6536.99624170848
26306,6544.98422591052
26307,6545.85966442909
26308,6551.15755989949
26309,6537.70596371659
26310,6553.39523310962
26311,6540.92276011662
26312,6557.2324162471
26313,6546.71215564816
26314,6548.79290977484
26315,6545.35053152618
26316,6542.73735123683
26317,6564.3545093855
26318,6548.97491996994
26319,6533.56720113512
26320,6561.1342911291
26321,6540.52218607316
26322,6535.65351513969
26323,6565.37362737607
26324,6559.83997446413
26325,6541.95682163858
26326,6532.02609010345
26327,6539.65511093652
26328,6567.37428087364
26329,6566.88143966104
26330,6537.22290340292
26331,6527.34914223321
26332,6545.22679320793
26333,6531.59472074904
26334,6567.28705167943
26335,6542.45727991575
26336,6534.41561513576
26337,5534.96557536572
26338,5521.39582476989
26339,5512.2531027801
26340,5520.77551096078
26341,5513.86215784918
26342,5532.35922174378
26343,5520.92781223487
26344,5527.59601858886
26345,5520.19283455776
26346,5521.08568743269
26347,5510.49865888343
26348,5511.72798214134
26349,5542.36166611451
26350,5513.70987370326
26351,5520.87133575171
26352,5511.24833147889
26353,5545.28830214504
26354,5510.27991978829
26355,5527.61086203139
26356,5518.91922351418
26357,5548.45451552026
26358,5546.58009359583
26359,5517.09673988399
26360,5512.46581821223
26361,5512.95291021344
26362,5528.3501717358
26363,5508.27339476765
26364,5540.56485709883
26365,5517.54233700478
26366,5522.79409198039
26367,5514.40979860241
26368,5516.5644090535
26369,5515.74280893304
26370,5516.63177373534
26371,5514.06744193001
26372,5546.80970034677
26373,5535.52850349523
26374,5521.50042456183
26375,5519.18146489051
26376,5547.67085958002
26377,5541.0573868223
26378,4456.85246678982
26379,4427.43103199582
26380,4427.07656014797
26381,4416.48551351226
26382,4429.04212321934
26383,4445.45791169589
26384,4453.26290194597
26385,4431.15350439775
26386,4461.30957401286
26387,4435.16393806893
26388,4443.68414731216
26389,4431.13256003358
26390,4427.21056435908
26391,4429.54717148382
26392,4419.90213302731
26393,4414.3151546371
26394,4451.6254316084
26395,4435.087020425
26396,4468.78686592786
26397,4470.37709693216
26398,4428.80183995186
26399,4466.71001557475
26400,4414.28481692794
26401,4424.13911525997
26402,4421.03574420733
26403,4433.41407830301
26404,4428.02613201873
26405,4427.43964434197
26406,4427.22171688699
26407,4446.3744710091
26408,4415.62532185158
26409,4471.23869343514
26410,4430.40789024567
26411,4465.3779213598
26412,4436.14019762957
26413,4419.74397649605
26414,4426.14948264798
26415,4427.59372364564
26416,4458.21605005939
26417,4433.12038426273
26418,4467.46059840791
26419,5165.76960316116
26420,5148.37790635961
26421,5160.38831702982
26422,5157.84533982689
26423,5149.76350516538
26424,5153.99853355842
26425,5148.38195442151
26426,5176.90299824703
26427,5148.42108153874
26428,5148.36335649546
26429,5150.74872315043
26430,5151.543653717
26431,5152.44463899484
26432,5179.94979787071
26433,5178.91527738102
26434,5149.19964596148
26435,5167.60601620367
26436,5147.23695155919
26437,5150.12430248806
26438,5184.53109697927
26439,5181.69433689053
26440,5162.95769255523
26441,5183.79343530582
26442,5145.03427302087
26443,5153.08914531116
26444,5158.29526314163
26445,5143.63597873364
26446,5158.24516283737
26447,5171.12306235756
26448,5147.27053873052
26449,5179.81228581778
26450,5158.58130542555
26451,5183.98863544572
26452,5184.99630475858
26453,5182.26552323194
26454,5162.95619738544
26455,5149.32842544931
26456,5146.82004862609
26457,5174.32937860225
26458,5146.7750491883
26459,5149.12195934477
26460,9874.56079871653
26461,9925.68071741059
26462,9874.83486913834
26463,9909.99566935721
26464,9877.95081663987
26465,9882.2970584736
26466,9893.79992677497
26467,9909.4320729015
26468,9920.91306725086
26469,9888.89764744578
26470,9863.5041109694
26471,9879.20038488921
26472,9871.66414771746
26473,9896.45300320791
26474,9913.50186442579
26475,9872.51947970554
26476,9874.51165764638
26477,9876.7828714716
26478,9923.80064235941
26479,9887.85640385065
26480,9872.86724498054
26481,9885.91032045897
26482,9902.93003612117
26483,9888.34755617166
26484,9882.47023448645
26485,9886.64183005228
26486,9918.72481090118
26487,9882.01532816405
26488,9878.42332935598
26489,9927.11354356983
26490,9894.01304620241
26491,9895.50001572699
26492,9904.74564330236
26493,9867.68947968508
26494,9926.08358250386
26495,9872.51114853453
26496,9882.65699766668
26497,9925.3421042027
26498,9877.94393492112
26499,9917.16884138014
26500,9882.04727747014
26501,8677.38451010666
26502,8643.65682854223
26503,8633.84617974663
26504,8671.10615601253
26505,8657.16395577895
26506,8647.50352118818
26507,8672.83063432504
26508,8680.77108013701
26509,8636.14206877641
26510,8685.31238503407
26511,8628.22053496479
26512,8650.12422964315
26513,8689.61350034162
26514,8644.37936753521
26515,8642.44494432768
26516,8666.73586418509
26517,8658.18017589819
26518,8641.46199944748
26519,8655.16362728232
26520,8637.6121564418
26521,8659.27496780909
26522,8656.73475131379
26523,8689.53299409062
26524,8686.16113841014
26525,8667.58779545318
26526,8651.30068668233
26527,8659.32693426794
26528,8630.68112271125
26529,8652.08155915044
26530,8629.04803742203
26531,8642.82369335137
26532,8655.64488625596
26533,8646.40962885907
26534,8675.09862908219
26535,8651.93513295681
26536,8631.96362186147
26537,8685.86525017845
26538,8629.89139731563
26539,8652.12996441142
26540,8687.92459794678
26541,8655.85089988179
26542,5420.1470029421
26543,5441.56998263613
26544,5402.71191834493
26545,5411.83062970022
26546,5410.66248996752
26547,5434.7982355611
26548,5402.4739985995
26549,5436.60992269353
26550,5421.00440477489
26551,5396.45135372234
26552,5402.47393896921
26553,5419.35645426422
26554,5406.01297750629
26555,5418.82912924719
26556,5436.50876840297
26557,5428.41962140925
26558,5398.92618213117
26559,5409.02312310696
26560,5440.88655093292
26561,5438.43549859595
26562,5417.65270098878
26563,5424.75325364227
26564,5420.61383458261
26565,5420.22952464747
26566,5414.8606870023
26567,5419.53349393172
26568,5434.15798915485
26569,5413.12735182913
26570,5414.39438444843
26571,5412.70022378867
26572,5414.10349368585
26573,5431.76815466833
26574,5406.9273216044
26575,5420.14519040997
26576,5400.80215283967
26577,5410.38319084115
26578,5438.08684440013
26579,5437.80533491846
26580,5408.05242448516
26581,5423.44720629742
26582,5416.13461815561
26583,5417.83108569674
26584,5416.76471739789
26585,5424.73912425838
26586,5427.95422335436
26587,5438.57010740024
26588,5429.25056344936
26589,5416.82622273181
26590,14800.415599972
26591,14785.8863456507
26592,14813.5655453746
26593,14806.3804595642
26594,14784.6466036119
26595,14787.5235844233
26596,14834.4593053437
26597,14799.2480503512
26598,14836.6178646096
26599,14790.7213710507
26600,14832.5655102896
26601,14809.181068842
26602,14823.8357523093
26603,14785.3687394459
26604,14838.8851547248
26605,14828.7590841551
26606,14784.6793676405
26607,14802.6296602701
26608,14806.9722475823
26609,14818.7348387925
26610,14803.7792012108
26611,14807.7014326062
26612,14821.8942017946
26613,14834.0560640921
26614,14801.8614474839
26615,14831.4716587143
26616,14805.2958014304
26617,14789.2550193848
26618,14805.7956566146
26619,14804.772472034
26620,14811.7912481432
26621,14818.0437518916
26622,14803.0641155279
26623,14806.3342275807
26624,14803.8003457201
26625,14836.2941772849
26626,14794.737875579
26627,14831.3903134454
26628,14826.2896607798
26629,14832.9723567025
26630,14785.8664251631
26631,14801.7225400678
26632,14801.1839961385
26633,14815.1328171445
26634,14794.07296755
26635,14838.768705467
26636,14807.4308808015
26637,14798.6349327028
26638,5779.15954532265
26639,5810.36895708716
26640,5779.05348947069
26641,5817.51164641562
26642,5774.54655022925
26643,5801.93652804252
26644,5822.92626807546
26645,5817.91131762082
26646,5789.080063628
26647,5807.5763622851
26648,5786.64142389562
26649,5783.047286987
26650,5778.46673114462
26651,5791.29012969164
26652,5791.76769218769
26653,5796.78718298016
26654,5782.73319355321
26655,5823.34513248685
26656,5792.14060656997
26657,5780.03196356195
26658,5786.44078428488
26659,5778.20422654144
26660,5776.61843332482
26661,5793.53454811293
26662,5786.93216907882
26663,5781.40471599025
26664,5800.75517303623
26665,5784.20052196664
26666,5784.77327761621
26667,5776.09343020359
26668,5781.83306412272
26669,5793.4009389237
26670,5826.01621770797
26671,5778.6349516692
26672,5826.45398722954
26673,5808.67828332775
26674,5825.94749831506
26675,5790.51756195632
26676,5818.05923323892
26677,5786.75876002911
26678,5781.07988923254
26679,5077.80418541489
26680,5091.20701787122
26681,5075.30294797604
26682,5080.84769281146
26683,5075.08003678083
26684,5084.64830725779
26685,5075.28600163044
26686,5087.92642990019
26687,5085.14675491659
26688,5094.29206016118
26689,5075.56909849545
26690,5093.79217729925
26691,5073.71220409354
26692,5079.60465692794
26693,5081.25586825064
26694,5080.00425306849
26695,5073.22820310921
26696,5095.33325084544
26697,5092.49611219738
26698,5081.42520900055
26699,5075.09447546781
26700,5083.3890256185
26701,5076.04391727412
26702,5073.99039622241
26703,5084.69881268226
26704,5074.81498919331
26705,5083.80095498157
26706,5076.23943734907
26707,5075.24433264117
26708,5078.70828068631
26709,5081.38956649697
26710,5081.78102545361
26711,5081.80872473913
26712,5081.37885324861
26713,5095.28356968949
26714,5094.38451064044
26715,5077.11923934397
26716,5093.42103789223
26717,5095.21394457946
26718,5089.62839139359
26719,5665.52480740054
26720,5682.52841404446
26721,5720.57125520737
26722,5692.70153233203
26723,5675.36984136229
26724,5723.81770357171
26725,5716.05380117041
26726,5670.08171717254
26727,5709.8913961455
26728,5726.00550623451
26729,5694.18116073323
26730,5677.16728777951
26731,5700.94795846356
26732,5674.51543509143
26733,5675.56349594723
26734,5706.95753058606
26735,5695.49462572897
26736,5691.66978307054
26737,5678.02489796279
26738,5694.64412244359
26739,5696.75751552695
26740,5716.2158668274
26741,5688.11480194971
26742,5674.91818637862
26743,5717.63005803325
26744,5727.69189672648
26745,5683.34012587739
26746,5688.21977286288
26747,5728.45545536739
26748,5677.58263674861
26749,5684.55117784215
26750,5728.48360236932
26751,5681.55014979054
26752,5686.26280087809
26753,5729.60518085474
26754,5711.3129334146
26755,5680.83879986966
26756,5702.19537912294
26757,5701.09728111831
26758,5680.24285933194
26759,5687.01903963911
26760,8262.73045513438
26761,8287.23285695653
26762,8276.62982459221
26763,8269.26720795489
26764,8275.84411952513
26765,8269.38269842036
26766,8258.93691684583
26767,8282.38267146085
26768,8281.6001335811
26769,8263.13860485017
26770,8269.97017374796
26771,8292.73239958508
26772,8269.34409891412
26773,8251.68002804529
26774,8295.04316466438
26775,8256.02198100259
26776,8252.72652856572
26777,8261.62176872938
26778,8288.62288879905
26779,8264.67939504979
26780,8267.97810703795
26781,8252.9673888809
26782,8274.33859850006
26783,8271.67952014863
26784,8270.31720747056
26785,8293.73589851975
26786,8267.14509739712
26787,8263.16866204859
26788,8291.55754310657
26789,8268.72513032623
26790,8262.06055611378
26791,8260.42412956858
26792,8261.93931469374
26793,8295.16724267476
26794,8265.86599058202
26795,8255.89211334845
26796,8263.92920840921
26797,8264.89083583326
26798,8291.44565902884
26799,8265.30530366223
26800,8262.48695010607
26801,9225.6135690979
26802,9220.06169637981
26803,9200.71067486035
26804,9219.58951358521
26805,9196.93397352269
26806,9214.71609836673
26807,9213.1337103718
26808,9215.39779147055
26809,9211.52363726096
26810,9192.700984154
26811,9193.16874645247
26812,9223.02006372007
26813,9215.50063492113
26814,9224.90677268613
26815,9218.01353301468
26816,9193.78345742611
26817,9193.83236206988
26818,9214.47939532956
26819,9214.02665065773
26820,9215.29514873434
26821,9215.91636436493
26822,9213.0180406335
26823,9210.43688626084
26824,9210.53319397216
26825,9211.89761912805
26826,9209.69906127562
26827,9210.7442568248
26828,9219.60176395676
26829,9226.31068774954
26830,9200.80499057554
26831,9213.75151999373
26832,9225.21588985259
26833,9222.94007366737
26834,9204.55215177985
26835,9196.7688216443
26836,9223.19306370741
26837,9224.10761679411
26838,9226.78395320902
26839,9212.70356113765
26840,9205.31932386375
26841,7023.40585651931
26842,6999.25221083655
26843,6993.00628215367
26844,7000.09514199876
26845,7021.44541708615
26846,7018.99208584594
26847,7014.05805852129
26848,6987.85890597743
26849,6993.43895128519
26850,6995.77366178207
26851,6990.58187794226
26852,7008.10571869582
26853,6994.94254207803
26854,7001.91237608179
26855,6985.86507346783
26856,7026.27264308818
26857,6998.04452744553
26858,7006.38832545533
26859,7008.31980569716
26860,6998.13727777683
26861,6991.44901143498
26862,6998.16855883178
26863,6995.5528684003
26864,6986.65290143141
26865,6991.39031227195
26866,7001.97137586655
26867,6995.80371963439
26868,7003.63009098637
26869,7029.43588677423
26870,6997.38865409912
26871,6995.61322015884
26872,7000.19994247117
26873,7028.79916672283
26874,7026.89846374519
26875,7002.37731295278
26876,7026.15949410128
26877,6993.15389953001
26878,6992.09966946437
26879,7026.93388592973
26880,7027.91633774814
26881,6999.08650583217
26882,7226.26806752079
26883,7262.38368316814
26884,7238.28968140965
26885,7242.80630104328
26886,7268.07282776147
26887,7255.9528797147
26888,7225.63632100275
26889,7261.20336284221
26890,7224.70932524631
26891,7246.35427337566
26892,7248.28472421447
26893,7241.58693742716
26894,7236.73060363737
26895,7258.98293330912
26896,7246.08066819133
26897,7242.81022544214
26898,7249.30402231712
26899,7254.30819508777
26900,7249.19658644934
26901,7271.9091863644
26902,7244.6923752894
26903,7223.50031058834
26904,7244.10839553419
26905,7272.71241976176
26906,7228.85418639916
26907,7240.39924026958
26908,7267.89919025074
26909,7271.8289154422
26910,7273.30999344746
26911,7240.07684003777
26912,7239.68262859759
26913,7237.27691714859
26914,7227.20597005146
26915,7266.24871585215
26916,7231.05384455963
26917,7240.35655455998
26918,7235.78728184825
26919,7238.73761237075
26920,7233.5817977934
26921,7244.8599350702
26922,7273.21487615417
26923,7619.22917476332
26924,7646.63958420429
26925,7619.64581788658
26926,7630.08522488344
26927,7630.79749788097
26928,7622.26530832412
26929,7640.4695168845
26930,7636.12174923947
26931,7663.79388673792
26932,7656.10655140236
26933,7653.03815583939
26934,7635.26186805778
26935,7663.59837383515
26936,7634.90805608456
26937,7672.60920934387
26938,7671.22998379979
26939,7625.1506159329
26940,7624.39871006741
26941,7647.14554034027
26942,7669.71512616219
26943,7632.8934891492
26944,7631.10698712493
26945,7620.65228371459
26946,7651.47189848993
26947,7668.53543428797
26948,7624.91630593804
26949,7641.93754818238
26950,7628.63489977332
26951,7617.82133096534
26952,7628.11278601519
26953,7615.8025628547
26954,7634.40142437452
26955,7674.01185462878
26956,7630.2936196791
26957,7627.10222737693
26958,7672.08387434959
26959,7634.75885412134
26960,7670.82660420944
26961,7674.07752055169
26962,7625.22735742027
26963,7628.06112559482
26964,7316.80764763812
26965,7352.97133743343
26966,7352.34535538012
26967,7342.5179880358
26968,7339.0509569336
26969,7343.46682380501
26970,7317.93774716316
26971,7326.2638105509
26972,7357.05992721568
26973,7348.32209879167
26974,7318.38598171613
26975,7343.6446118995
26976,7346.63120587949
26977,7359.51725952708
26978,7342.06175915381
26979,7337.10201505761
26980,7342.81315065486
26981,7340.82190278303
26982,7340.8638792116
26983,7341.2259587924
26984,7321.425966585
26985,7358.97046806862
26986,7338.20195113965
26987,7338.23560717886
26988,7331.09412391856
26989,7338.59226327242
26990,7339.44421098518
26991,7356.10909087529
26992,7320.36818302993
26993,7338.01194023193
26994,7328.08227324463
26995,7356.48561217607
26996,7358.07772218831
26997,7359.54238499712
26998,7337.13763948119
26999,7338.91823886809
27000,7359.71910403191
27001,7323.78881688966
27002,7337.9925751362
27003,7333.26269732321
27004,5722.93130209277
27005,5733.02887313364
27006,5726.40184888937
27007,5732.02116544433
27008,5738.56760073487
27009,5717.19294466493
27010,5711.53628633409
27011,5723.3246273015
27012,5709.52206269221
27013,5719.80030575417
27014,5716.51266743054
27015,5717.65656122438
27016,5747.46334739375
27017,5719.97411935632
27018,5709.80827955794
27019,5722.94970163737
27020,5721.90342249463
27021,5717.93513024263
27022,5721.79447081089
27023,5724.54114042959
27024,5719.80383432389
27025,5746.86980214295
27026,5718.15842169313
27027,5708.98263337619
27028,5742.8269240475
27029,5731.40855665425
27030,5743.56224910813
27031,5723.38837303779
27032,5718.07158105845
27033,5727.08957493453
27034,5715.3131549382
27035,5711.76221663304
27036,5738.15365934735
27037,5723.87581933422
27038,5716.52882184048
27039,5743.98247130756
27040,5747.93969718838
27041,5748.87064791911
27042,5714.59232949244
27043,5747.78462761289
27044,5718.31388269382
27045,5519.21083788065
27046,5522.80901750541
27047,5538.31251512107
27048,5521.96202632839
27049,5512.77400302854
27050,5535.92009161329
27051,5528.40840601314
27052,5515.18500159694
27053,5514.71294143779
27054,5516.84667820095
27055,5520.36546388183
27056,5524.30601227755
27057,5510.65860264505
27058,5519.7404879223
27059,5511.79244669709
27060,5529.47641252061
27061,5544.77113542627
27062,5517.64926673875
27063,5510.14447981012
27064,5516.97482222092
27065,5523.13950198715
27066,5516.06188407172
27067,5545.89879322934
27068,5544.98771825912
27069,5525.70419289958
27070,5529.93532218132
27071,5512.8398378348
27072,5548.24986777064
27073,5529.61811161709
27074,5524.42229891683
27075,5521.76202348415
27076,5511.90096951175
27077,5544.17714218191
27078,5533.87448576608
27079,5549.33521046734
27080,5512.26559371918
27081,5541.2477099477
27082,5548.17034552429
27083,5522.84370507438
27084,5538.774412047
27085,5510.69262587263
27086,4988.32167741151
27087,4958.78958612673
27088,4994.11314148156
27089,4983.55384819091
27090,4983.86807366265
27091,4984.92241204576
27092,5002.66193859222
27093,4958.97870784501
27094,5001.2291460313
27095,4989.44019292181
27096,4987.39560282056
27097,4998.44396767687
27098,5007.110273486
27099,4981.11030336638
27100,4975.64795836093
27101,4982.37210261505
27102,4993.55939961997
27103,5006.49883998338
27104,4965.39977429092
27105,4972.15143362441
27106,4961.05393195275
27107,4988.14050491198
27108,5009.00875819088
27109,4984.32582143614
27110,5007.35216707321
27111,4965.16858011956
27112,4977.432248277
27113,4973.44851764769
27114,4980.76193687185
27115,4998.17514225187
27116,5009.83614208942
27117,4977.86609660301
27118,4961.32888176116
27119,5005.25979875844
27120,4979.47614062494
27121,4956.88746950202
27122,4985.56737382442
27123,4964.49869193768
27124,4974.1395146446
27125,4988.66245473475
27126,4994.94690397341
27127,4860.38565636537
27128,4863.11846126182
27129,4859.91633622928
27130,4847.69515071827
27131,4863.99580931868
27132,4872.54326789434
27133,4864.01075119912
27134,4871.78762243853
27135,4844.19121086565
27136,4855.29721947502
27137,4864.33950948199
27138,4865.28029880274
27139,4844.42941597507
27140,4859.82213792481
27141,4852.29570355105
27142,4859.65118350937
27143,4872.56372866339
27144,4872.66695437972
27145,4863.9668104976
27146,4851.95784879328
27147,4860.46083478123
27148,4869.78293752108
27149,4870.65127395855
27150,4871.36861801301
27151,4861.98967157911
27152,4863.05520238527
27153,4863.04007838822
27154,4856.0913743482
27155,4860.83933894943
27156,4843.12766773471
27157,4872.7868204041
27158,4858.85178628528
27159,4849.20298803685
27160,4869.44044756856
27161,4866.34008424234
27162,4861.18079760995
27163,4861.96872310993
27164,4871.19805754732
27165,4871.07535157744
27166,4863.50736111639
27167,3950.2833017149
27168,3952.25104672206
27169,3966.43690419787
27170,3987.96138410367
27171,3979.07452766524
27172,3958.84588473331
27173,3957.52007806835
27174,3951.40517891281
27175,3933.52175140004
27176,3990.3196471082
27177,3943.18195177368
27178,3933.94330570831
27179,3954.1732792799
27180,3959.13427974518
27181,3961.36573923745
27182,3951.06036092416
27183,3956.42214666404
27184,3952.42523607326
27185,3974.58704935142
27186,3986.00452085215
27187,3942.49923552264
27188,3975.56502681627
27189,3961.87517530867
27190,3939.86330140074
27191,3968.64035706028
27192,3989.85720415355
27193,3935.73966799542
27194,3950.43860419489
27195,3937.13051919681
27196,3970.98734639535
27197,3957.34827013956
27198,3962.65847291335
27199,3981.14589405458
27200,3961.83848972078
27201,3962.98765785845
27202,3935.45580338232
27203,3962.14171567825
27204,3963.13081256803
27205,3991.26423942673
27206,3988.79084973379
27207,3983.33578914214
27208,4775.28198241512
27209,4783.06336592664
27210,4793.66174516429
27211,4809.19287763339
27212,4788.61074139855
27213,4809.01848497942
27214,4786.88360516641
27215,4776.63432077495
27216,4803.98459119159
27217,4777.70794527547
27218,4797.15194268028
27219,4772.11659997712
27220,4771.99749798623
27221,4793.46474093595
27222,4773.34749649858
27223,4776.42702675973
27224,4796.21826653128
27225,4781.47001869719
27226,4769.70537350936
27227,4779.08558190747
27228,4774.98927231964
27229,4795.62976285052
27230,4777.01619267187
27231,4787.59405765243
27232,4775.56525635938
27233,4773.05180094899
27234,4775.65618847125
27235,4773.21064184979
27236,4789.10263761725
27237,4803.00905638396
27238,4775.86803754032
27239,4811.87167973718
27240,4789.07201154099
27241,4788.65681466284
27242,4789.592602391
27243,4811.42792426927
27244,4804.15073182514
27245,4811.77096213635
27246,4793.76588666142
27247,4780.3599706028
27248,4780.93187392371
27249,8378.75812666522
27250,8340.34266418715
27251,8341.61947893598
27252,8340.14065919484
27253,8354.15885941298
27254,8331.57150048733
27255,8334.28058698808
27256,8361.78873152073
27257,8337.72066245503
27258,8347.43346905288
27259,8367.17983473291
27260,8373.54626491223
27261,8364.00395908857
27262,8349.67777874095
27263,8379.68729235289
27264,8344.18688049405
27265,8335.40952445231
27266,8364.35523135494
27267,8347.50698182862
27268,8347.15670313868
27269,8343.13041551958
27270,8380.45351283263
27271,8345.8718458751
27272,8343.08424709161
27273,8358.03316012946
27274,8332.54895389515
27275,8333.66979566006
27276,8355.07482387853
27277,8332.14948967917
27278,8340.69215183525
27279,8350.81218375667
27280,8380.68647223126
27281,8335.89701726014
27282,8346.1301734618
27283,8374.99588267015
27284,8379.15209729696
27285,8344.56832771981
27286,8347.11351600714
27287,8342.73599809077
27288,8372.3805176167
27289,8343.77382368718
27290,16351.516948432
27291,16348.5343502938
27292,16355.9001366125
27293,16364.3793553527
27294,16392.6533672736
27295,16348.3356900307
27296,16360.4449602537
27297,16397.3614834792
27298,16393.9614562121
27299,16369.7985913237
27300,16357.344428259
27301,16376.1281270799
27302,16357.1768863692
27303,16348.9890876013
27304,16382.4149116762
27305,16359.6462682218
27306,16342.2436259986
27307,16361.159825315
27308,16349.5705787902
27309,16359.7267460804
27310,16388.4504832597
27311,16348.6046879942
27312,16362.400178372
27313,16343.7550868501
27314,16341.3577227439
27315,16370.1092924597
27316,16393.8244301878
27317,16357.819855892
27318,16359.6575197815
27319,16356.6665381737
27320,16351.2654381711
27321,16370.5390343497
27322,16355.7554684554
27323,16396.379718034
27324,16351.4855176654
27325,16354.2014721458
27326,16356.1894914162
27327,16394.9546868496
27328,16358.2934798132
27329,16387.9565103035
27330,16398.3018763714
27331,5902.4562065646
27332,5895.66492440706
27333,5913.44558763971
27334,5908.01211133523
27335,5896.96559970296
27336,5897.68710405339
27337,5908.16329299705
27338,5903.1792648389
27339,5895.83070441633
27340,5896.41200463719
27341,5899.81890418348
27342,5899.24598957155
27343,5910.8296564341
27344,5894.43760771248
27345,5893.15831380749
27346,5918.27376216616
27347,5898.40656371944
27348,5926.04584698764
27349,5912.04005376517
27350,5921.36144236176
27351,5903.1865276174
27352,5896.37422979178
27353,5902.5391745138
27354,5911.48032099277
27355,5927.98558246515
27356,5897.49274132985
27357,5899.13581032605
27358,5925.59870456668
27359,5912.12307251412
27360,5927.96513381064
27361,5907.39113593558
27362,5920.86660508414
27363,5910.96475815668
27364,5916.74714906213
27365,5913.44207242315
27366,5913.14118636816
27367,5896.65362380013
27368,5914.69286296242
27369,5928.08025516217
27370,5920.09271175175
27371,5896.66504631386
27372,4788.34954341937
27373,4778.85528315787
27374,4807.46468089902
27375,4775.75715660386
27376,4785.31992674847
27377,4813.14870556974
27378,4783.70592638183
27379,4785.87224882942
27380,4781.24465161309
27381,4793.18255567929
27382,4788.33980914909
27383,4785.50821740123
27384,4822.41006898008
27385,4792.37460664426
27386,4817.91226112914
27387,4794.10033277029
27388,4825.82702154732
27389,4784.83580243498
27390,4821.82132754166
27391,4789.06755825476
27392,4826.42626332997
27393,0
27394,0
27395,0
27396,0
27397,0
27398,0
27399,0
27400,0
27401,0
27402,0
27403,0
27404,0
27405,0
27406,0
27407,0
27408,0
27409,0
27410,0
27411,0
27412,0
27413,0
27414,0
27415,0
27416,0
27417,0
27418,0
27419,0
27420,0
27421,0
27422,0
27423,0
27424,0
27425,0
27426,0
27427,0
27428,0
27429,0
27430,0
27431,0
27432,0
27433,0
27434,0
27435,0
27436,0
27437,0
27438,0
27439,0
27440,0
27441,0
27442,0
27443,0
27444,0
27445,0
27446,0
27447,0
27448,0
27449,0
27450,0
27451,0
27452,0
27453,0
27454,0
27455,0
27456,0
27457,0
27458,0
27459,0
27460,0
27461,0
27462,0
27463,0
27464,0
27465,0
27466,0
27467,0
27468,0
27469,0
27470,0
27471,0
27472,0
27473,0
27474,0
27475,0
27476,0
27477,0
27478,0
27479,0
27480,0
27481,0
27482,0
27483,0
27484,4806.38280420904
27485,0
27486,0
27487,0
27488,0
27489,0
27490,0
27491,0
27492,0
27493,0
27494,0
27495,0
27496,0
27497,0
27498,0
27499,0
27500,0
27501,0
27502,0
27503,0
27504,0
27505,0
27506,0
27507,0
27508,0
27509,0
27510,0
27511,0
27512,0
27513,0
27514,0
27515,0
27516,0
27517,0
27518,0
27519,0
27520,0
27521,0
27522,0
27523,0
27524,0
27525,0
27526,0
27527,0
27528,0
27529,0
27530,0
27531,0
27532,0
27533,0
27534,0
27535,0
27536,0
27537,0
27538,0
27539,0
27540,0
27541,0
27542,0
27543,0
27544,0
27545,0
27546,0
27547,0
27548,0
27549,0
27550,0
27551,0
27552,4798.26630193568
27553,0
27554,0
27555,0
27556,0
27557,0
27558,0
27559,0
27560,0
27561,0
27562,0
27563,0
27564,0
27565,0
27566,0
27567,0
27568,0
27569,0
27570,0
27571,0
27572,0
27573,0
27574,0
27575,0
27576,0
27577,0
27578,0
27579,0
27580,0
27581,0
27582,0
27583,0
27584,0
27585,0
27586,0
27587,0
27588,0
27589,0
27590,0
27591,0
27592,0
27593,4823.17990813129
27594,4789.41655369412
27595,0
27596,0
27597,0
27598,0
27599,0
27600,0
27601,0
27602,4805.66769020785
27603,0
27604,0
27605,0
27606,0
27607,0
27608,0
27609,0
27610,0
27611,0
27612,0
27613,0
27614,0
27615,0
27616,0
27617,0
27618,0
27619,0
27620,0
27621,4794.73736888729
27622,0
27623,0
27624,0
27625,0
27626,0
27627,0
27628,0
27629,0
27630,0
27631,4800.38405301832
27632,0
27633,0
27634,0
27635,0
27636,0
27637,0
27638,0
27639,0
27640,0
27641,0
27642,0
27643,0
27644,0
27645,0
27646,0
27647,0
27648,0
27649,4809.82424419381
27650,0
27651,0
27652,0
27653,0
27654,0
27655,0
27656,0
27657,0
27658,0
27659,0
27660,0
27661,0
27662,0
27663,0
27664,0
27665,0
27666,4800.14860162186
27667,0
27668,0
27669,0
27670,0
27671,0
27672,0
27673,0
27674,0
27675,0
27676,0
27677,0
27678,0
27679,0
27680,0
27681,0
27682,0
27683,0
27684,0
27685,0
27686,0
27687,0
27688,0
27689,0
27690,0
27691,0
27692,0
27693,0
27694,0
27695,0
27696,0
27697,0
27698,0
27699,0
27700,0
27701,0
27702,0
27703,0
27704,0
27705,0
27706,0
27707,0
27708,0
27709,0
27710,0
27711,0
27712,0
27713,0
27714,0
27715,0
27716,0
27717,0
27718,0
27719,0
27720,0
27721,0
27722,0
27723,0
27724,0
27725,0
27726,0
27727,0
27728,4824.20557166499
27729,0
27730,0
27731,0
27732,0
27733,0
27734,0
27735,0
27736,0
27737,0
27738,0
27739,0
27740,0
27741,0
27742,4795.62037403466
27743,0
27744,0
27745,0
27746,0
27747,0
27748,0
27749,0
27750,0
27751,0
27752,0
27753,0
27754,0
27755,0
27756,0
27757,0
27758,0
27759,0
27760,0
27761,0
27762,0
27763,0
27764,0
27765,0
27766,0
27767,0
27768,0
27769,0
27770,0
27771,0
27772,0
27773,0
27774,0
27775,0
27776,0
27777,0
27778,0
27779,0
27780,0
27781,0
27782,0
27783,0
27784,0
27785,4782.85046333367
27786,0
27787,0
27788,0
27789,0
27790,0
27791,0
27792,0
27793,0
27794,0
27795,4780.60462572946
27796,0
27797,0
27798,0
27799,4787.0907540228
27800,0
27801,0
27802,0
27803,0
27804,0
27805,0
27806,0
27807,0
27808,0
27809,0
27810,0
27811,0
27812,0
27813,0
27814,0
27815,0
27816,0
27817,0
27818,0
27819,0
27820,0
27821,0
27822,0
27823,0
27824,0
27825,0
27826,4814.91485326998
27827,0
27828,0
27829,0
27830,0
27831,0
27832,0
27833,0
27834,0
27835,0
27836,0
27837,0
27838,0
27839,0
27840,4790.28904831509
27841,0
27842,0
27843,0
27844,0
27845,0
27846,0
27847,0
27848,0
27849,0
27850,0
27851,0
27852,0
27853,0
27854,0
27855,0
27856,0
27857,0
27858,0
27859,0
27860,0
27861,0
27862,0
27863,0
27864,0
27865,0
27866,0
27867,0
27868,0
27869,0
27870,0
27871,0
27872,0
27873,0
27874,0
27875,0
27876,0
27877,0
27878,0
27879,0
27880,0
27881,0
27882,0
27883,0
27884,0
27885,0
27886,0
27887,0
27888,0
27889,0
27890,0
27891,0
27892,0
27893,0
27894,0
27895,0
27896,0
27897,0
27898,0
27899,0
27900,0
27901,0
27902,0
27903,0
27904,0
27905,0
27906,0
27907,0
27908,0
27909,0
27910,0
27911,0
27912,0
27913,0
27914,0
27915,4795.21035946598
27916,0
27917,0
27918,0
27919,0
27920,0
27921,0
27922,0
27923,0
27924,0
27925,0
27926,0
27927,0
27928,0
27929,0
27930,0
27931,0
27932,0
27933,0
27934,0
27935,0
27936,0
27937,0
27938,0
27939,0
27940,0
27941,0
27942,0
27943,0
27944,0
27945,0
27946,0
27947,0
27948,0
27949,0
27950,0
27951,0
27952,0
27953,0
27954,0
27955,0
27956,0
27957,0
27958,0
27959,4797.85817349993
27960,4814.59270262286
27961,0
27962,0
27963,0
27964,0
27965,0
27966,0
27967,0
27968,0
27969,0
27970,0
27971,0
27972,0
27973,0
27974,0
27975,0
27976,0
27977,0
27978,0
27979,0
27980,0
27981,0
27982,0
27983,0
27984,0
27985,0
27986,0
27987,0
27988,4787.01386293624
27989,0
27990,0
27991,0
27992,0
27993,0
27994,0
27995,0
27996,0
27997,0
27998,0
27999,0
28000,0
28001,0
28002,0
28003,0
28004,0
28005,0
28006,0
28007,0
28008,0
28009,0
28010,0
28011,0
28012,0
28013,0
28014,0
28015,0
28016,0
28017,0
28018,0
28019,0
28020,0
28021,0
28022,0
28023,0
28024,0
28025,0
28026,0
28027,0
28028,0
28029,0
28030,0
28031,0
28032,0
28033,0
28034,0
28035,0
28036,0
28037,0
28038,0
28039,0
28040,0
28041,0
28042,0
28043,0
28044,0
28045,0
28046,0
28047,0
28048,0
28049,0
28050,0
28051,0
28052,0
28053,0
28054,0
28055,0
28056,0
28057,0
28058,6575.17350988036
28059,0
28060,0
28061,0
28062,6551.79900438228
28063,0
28064,0
28065,0
28066,0
28067,0
28068,0
28069,0
28070,0
28071,0
28072,0
28073,0
28074,0
28075,0
28076,0
28077,0
28078,0
28079,0
28080,0
28081,0
28082,0
28083,0
28084,0
28085,0
28086,0
28087,0
28088,0
28089,0
28090,0
28091,0
28092,0
28093,0
28094,0
28095,0
28096,0
28097,0
28098,0
28099,0
28100,0
28101,0
28102,0
28103,0
28104,0
28105,0
28106,0
28107,0
28108,0
28109,0
28110,0
28111,0
28112,0
28113,6559.49460939849
28114,0
28115,0
28116,0
28117,0
28118,0
28119,0
28120,0
28121,0
28122,0
28123,0
28124,0
28125,0
28126,0
28127,0
28128,6596.62830119648
28129,0
28130,0
28131,0
28132,0
28133,0
28134,0
28135,0
28136,0
28137,0
28138,0
28139,0
28140,0
28141,0
28142,0
28143,0
28144,0
28145,0
28146,0
28147,0
28148,0
28149,0
28150,0
28151,0
28152,0
28153,0
28154,0
28155,0
28156,0
28157,0
28158,0
28159,0
28160,0
28161,0
28162,0
28163,0
28164,0
28165,0
28166,0
28167,0
28168,0
28169,0
28170,0
28171,0
28172,0
28173,0
28174,0
28175,0
28176,0
28177,0
28178,0
28179,0
28180,0
28181,0
28182,0
28183,0
28184,0
28185,0
28186,0
28187,0
28188,0
28189,0
28190,0
28191,0
28192,6554.08172234228
28193,0
28194,0
28195,0
28196,0
28197,0
28198,0
28199,0
28200,0
28201,0
28202,0
28203,0
28204,0
28205,0
28206,0
28207,0
28208,0
28209,0
28210,0
28211,0
28212,0
28213,0
28214,0
28215,0
28216,0
28217,0
28218,0
28219,0
28220,0
28221,0
28222,0
28223,0
28224,0
28225,0
28226,0
28227,0
28228,0
28229,0
28230,0
28231,0
28232,0
28233,6563.92184281343
28234,6552.05555945547
28235,0
28236,0
28237,0
28238,0
28239,0
28240,0
28241,0
28242,0
28243,0
28244,0
28245,0
28246,0
28247,0
28248,0
28249,6580.44362228996
28250,6587.87432239194
28251,6550.94493460038
28252,6564.7265095212
28253,6561.05242138421
28254,6554.34931884649
28255,6574.00192281497
28256,6594.24740981135
28257,0
28258,6554.03545402842
28259,6547.14626340242
28260,6552.54513049096
28261,6593.01574533573
28262,0
28263,6549.73060197585
28264,0
28265,6566.53812883925
28266,6561.23461526521
28267,6584.2657818353
28268,6562.95647721676
28269,6549.89917338937
28270,6559.35174489146
28271,6551.12898605559
28272,0
28273,6565.63832849169
28274,6578.93960320469
28275,0
28276,6565.15990020291
28277,6556.70176710016
28278,6597.54583941126
28279,0
28280,6564.44131292288
28281,6551.33948995607
28282,6591.94437622019
28283,0
28284,6595.23148130024
28285,6584.98664550642
28286,6554.20774855767
28287,6570.34257340726
28288,0
28289,0
28290,6567.81662778618
28291,6556.99061260653
28292,3689.0794449976
28293,3684.50321280749
28294,3718.92672140552
28295,3718.38985940445
28296,3694.66663441401
28297,3702.20394915739
28298,3689.6049868316
28299,3692.12271435932
28300,3685.61642248992
28301,3685.83616280562
28302,3691.9672355569
28303,3693.18941854318
28304,3700.91106942489
28305,3720.16272153028
28306,3693.00087100854
28307,3699.18751080471
28308,3719.88020815158
28309,3707.31644878865
28310,3706.51580593742
28311,0
28312,3688.95476483661
28313,3696.86980587085
28314,3720.54464443602
28315,3711.92783750914
28316,0
28317,3698.17175337601
28318,3692.2122737022
28319,3696.77645574691
28320,3696.74052903282
28321,3693.65183429725
28322,3699.68974554183
28323,0
28324,0
28325,3690.53821377443
28326,3716.10652645671
28327,3695.66777721523
28328,3700.88748563112
28329,0
28330,3701.59490739731
28331,3693.3823893931
28332,3699.75446507214
28333,3720.13173583874
28334,0
28335,0
28336,3704.12412084404
28337,3721.14495223173
28338,3714.57583512716
28339,3698.38984657383
28340,5925.03340256808
28341,5955.28852333825
28342,5916.55542172267
28343,5935.05321147823
28344,5920.71256136503
28345,0
28346,5918.2453077405
28347,5914.78020717259
28348,0
28349,5954.39305313117
28350,0
28351,0
28352,0
28353,5919.88850625897
28354,5917.26142751332
28355,5911.48616799012
28356,5909.48055346556
28357,0
28358,0
28359,5921.28517285788
28360,5921.57202010697
28361,0
28362,5950.6702830957
28363,5911.53362571307
28364,5916.97634849889
28365,5928.87062992027
28366,5955.23105717599
28367,5926.33645121722
28368,5939.85065182293
28369,5919.79853656759
28370,5912.2605863957
28371,5918.77477024003
28372,5950.98825461675
28373,5946.07019588327
28374,0
28375,5917.01902716286
28376,5929.52362334571
28377,5911.71622168703
28378,5956.50423804984
28379,5922.03389183926
28380,0
28381,0
28382,5908.54770241145
28383,5918.02417177047
28384,5915.66713941334
28385,5931.94223890354
28386,5943.63928048048
28387,5935.85219489403
28388,0
28389,5942.16844038709
28390,0
28391,5923.09397566351
28392,5908.03443437145
28393,5955.70493031932
28394,0
28395,0
28396,0
28397,3591.35482860729
28398,3598.14248368737
28399,3607.51511368344
28400,3623.87304018216
28401,3626.35729017983
28402,3612.47306621748
28403,3627.4224509423
28404,3618.80665077246
28405,0
28406,3599.52304433174
28407,3594.79863340335
28408,3611.65916779783
28409,3614.67059565875
28410,3607.65104062008
28411,3599.51555665921
28412,3604.93894030882
28413,0
28414,3610.02846844848
28415,3605.62928226128
28416,0
28417,3608.74029049709
28418,3617.47302229545
28419,3605.73054937866
28420,3594.86382750877
28421,3610.23204263469
28422,3623.72063241254
28423,3628.39550349537
28424,3596.16330233519
28425,3595.96549890837
28426,0
28427,3601.16589311022
28428,3610.76474933671
28429,3621.6287790021
28430,3601.99240181301
28431,3610.1460937875
28432,3630.42606182324
28433,3629.42347906443
28434,3602.25961053459
28435,3609.28060225965
28436,3603.69508369709
28437,3600.10688208062
28438,3617.72099160726
28439,3609.86307787647
28440,3628.28236595402
28441,3617.06897717512
28442,8271.69771721059
28443,8251.42523766149
28444,8291.82594370715
28445,8262.04176772544
28446,8247.47722467555
28447,8294.41414407195
28448,0
28449,8266.85006402809
28450,8254.13697171809
28451,0
28452,8292.01113447761
28453,8254.68352528854
28454,8243.46089971123
28455,8276.83631627569
28456,8259.98967300121
28457,8293.3136233354
28458,8294.54201327176
28459,0
28460,0
28461,8271.87749728984
28462,8284.94489756759
28463,8250.18015456067
28464,8282.70153600787
28465,0
28466,0
28467,8270.50664930504
28468,0
28469,0
28470,8277.85448614625
28471,8268.95614811116
28472,8270.46472433087
28473,8266.26101965129
28474,8280.49498935776
28475,8247.64437018053
28476,0
28477,8287.96053390853
28478,8265.38409130278
28479,8255.95766615107
28480,8256.18292825788
28481,8268.1478295046
28482,8265.0015357602
28483,8258.20070780957
28484,0
28485,8291.00348913512
28486,8264.7791046793
28487,8249.3843681716
28488,8284.74900333942
28489,8258.63833412814
28490,8270.79377148576
28491,8251.98675305156
28492,8273.95447671928
28493,0
28494,5956.74070076902
28495,5971.1043889329
28496,5978.95998355395
28497,5977.04271626727
28498,5978.44444676848
28499,5960.99668130627
28500,5955.36986732795
28501,5961.89901624085
28502,5963.62602733574
28503,5978.1855872014
28504,5956.57966340304
28505,5967.61805910273
28506,5960.32492198271
28507,5960.57036144439
28508,5974.09147516853
28509,5976.9356049466
28510,5978.90875795277
28511,5976.90893213858
28512,0
28513,5960.77495041547
28514,5955.59606615412
28515,0
28516,5964.45598166396
28517,5969.62220615481
28518,0
28519,5956.54431162288
28520,5963.1044650922
28521,5961.85567159338
28522,5959.36877811095
28523,5979.46339673978
28524,5962.11740047113
28525,5964.51432462889
28526,5963.99829674846
28527,5967.36066848071
28528,5958.20884195657
28529,5960.36366326341
28530,0
28531,5960.01882572494
28532,5964.55778170372
28533,5965.26850961146
28534,5958.33138879486
28535,5962.51262659012
28536,5974.18076867804
28537,5958.00411305209
28538,5920.29980613803
28539,5932.80606589981
28540,5943.02308519704
28541,5940.86762265266
28542,5958.13462994116
28543,0
28544,5960.14321592169
28545,5925.01705160934
28546,5928.38999210726
28547,5927.84921896643
28548,5927.09176164739
28549,5922.72949081057
28550,5928.81601580383
28551,5930.33068402831
28552,5947.50006644828
28553,5927.17219548314
28554,5961.54332128855
28555,0
28556,5928.99960466564
28557,5933.95624628236
28558,5918.87636798481
28559,5924.85298190297
28560,0
28561,5940.13504189699
28562,5927.37928424201
28563,5925.14821014503
28564,5951.23173966442
28565,0
28566,0
28567,5914.48350715907
28568,5930.35933684465
28569,5922.11116183308
28570,5963.81451087726
28571,5930.63388916634
28572,0
28573,5928.39549658097
28574,5955.52779749866
28575,5953.27064191986
28576,5962.53466573523
28577,5917.00667040624
28578,5918.71007989958
28579,0
28580,0
28581,0
28582,5926.14629315991
28583,5927.94857297802
28584,5928.95749594008
28585,0
28586,5946.9571849555
28587,5962.21683670889
28588,5915.27329400709
28589,12361.7859398046
28590,12364.8249339861
28591,12404.6330241303
28592,12363.4647613624
28593,12369.9883619809
28594,12377.3417477177
28595,12377.2907256309
28596,12405.814193039
28597,12370.7757836962
28598,12391.4182163837
28599,12366.3629904972
28600,12369.7584086072
28601,0
28602,12363.0955942775
28603,12360.119852548
28604,12409.1032444591
28605,12374.4838384886
28606,12362.2038232561
28607,12400.5345902143
28608,12352.3685540444
28609,12409.0338162052
28610,12390.9045561461
28611,0
28612,12373.7986576388
28613,12364.4411671927
28614,12371.0005596103
28615,0
28616,12358.0284650535
28617,12375.951603208
28618,0
28619,12386.6616508636
28620,12376.4442806576
28621,12384.9778294163
28622,0
28623,12363.7360858615
28624,12396.5772952988
28625,12375.368959795
28626,12372.5741090371
28627,12386.4803578868
28628,0
28629,12361.2681574688
28630,0
28631,0
28632,12361.3401078931
28633,12405.5996494884
28634,12397.0011049941
28635,12379.2373581541
28636,12368.7664727323
28637,12407.5302822366
28638,10758.2709012576
28639,10748.1659403022
28640,10773.9520139027
28641,10735.9869685002
28642,0
28643,10742.8879034914
28644,10750.4609695257
28645,10777.4678099386
28646,10745.5438306184
28647,10752.8625512534
28648,10751.4016391333
28649,10749.2443744695
28650,10774.5569957826
28651,10746.9366349169
28652,10735.3262801636
28653,10736.2061089446
28654,10770.1358984935
28655,10759.357754286
28656,10747.5942979596
28657,10745.6026988829
28658,10750.6156360418
28659,10777.2363694208
28660,10737.4631077926
28661,10768.5625122016
28662,10734.7451814987
28663,10770.1598776886
28664,0
28665,0
28666,10752.0497836428
28667,0
28668,10766.0757597377
28669,10748.0183928473
28670,0
28671,10741.6060151687
28672,10764.6571796947
28673,10750.171547341
28674,10770.3741347654
28675,10742.6314953711
28676,10764.8166751974
28677,10751.2429252332
28678,0
28679,10739.8089260252
28680,10763.2412326525
28681,10736.9616519425
28682,10743.3530007996
28683,10745.6230715218
28684,10754.2990341479
28685,10775.4886779515
28686,10755.1496688066
28687,10775.1524757595
28688,10738.9208342421
28689,10740.3270089648
28690,0
28691,10745.2760439375
28692,0
28693,10774.4789034108
28694,6230.55141676453
28695,6198.32766023696
28696,6218.90578942042
28697,6230.93303692196
28698,6205.80033841988
28699,6180.36167989704
28700,6192.63354141039
28701,6186.18009439567
28702,6189.82984810891
28703,6213.05350395133
28704,0
28705,6202.17243966398
28706,6181.49419985545
28707,6221.3656751437
28708,6225.8335721134
28709,6228.83973754128
28710,6232.88348435857
28711,6213.08080898828
28712,0
28713,6184.11980614115
28714,6185.18206136173
28715,6192.68918377572
28716,6217.41165724673
28717,0
28718,6200.91643157562
28719,6181.59298310219
28720,0
28721,6175.67573235293
28722,6190.57024504375
28723,6198.40770598924
28724,6232.30635228467
28725,0
28726,0
28727,6196.82315785801
28728,6188.44893544909
28729,6183.22903304488
28730,6195.55008412271
28731,6182.45304367648
28732,6180.67934678561
28733,6182.81640189291
28734,0
28735,6196.16265724497
28736,6185.76646495875
28737,0
28738,6221.80475363944
28739,0
28740,0
28741,6233.36174189203
28742,6202.91587548903
28743,6192.05466594009
28744,6187.52950770271
28745,6471.20269349873
28746,0
28747,6474.85458055604
28748,0
28749,6453.64298575338
28750,0
28751,6453.04771355777
28752,6462.90310682781
28753,6448.84030899058
28754,6482.42591955845
28755,6463.21279137514
28756,6463.73206874292
28757,6461.49969710069
28758,0
28759,6477.59602620506
28760,6454.27934743294
28761,6455.20669797972
28762,6454.54366248828
28763,6466.14533318518
28764,6476.65866756981
28765,0
28766,0
28767,0
28768,6474.1395332739
28769,6457.79757639188
28770,6465.66291292
28771,6484.64116060061
28772,0
28773,6461.00211530468
28774,6457.51425989172
28775,6461.11244740831
28776,0
28777,6478.7494697845
28778,6464.10547571527
28779,6456.67147714652
28780,6479.47685607582
28781,6468.5355820629
28782,6471.33616323384
28783,6480.16074973296
28784,0
28785,6456.19041741243
28786,6454.1791773378
28787,6457.07574988762
28788,6471.10525953217
28789,6483.98300864649
28790,0
28791,0
28792,6453.88585167282
28793,6461.26918007219
28794,0
28795,6465.67088181957
28796,0
28797,6453.21330783591
28798,0
28799,6462.17146182286
28800,3432.40154584884
28801,0
28802,3476.81602159275
28803,3440.93944781304
28804,0
28805,3466.38236895635
28806,3480.14767349589
28807,3456.05405596773
28808,3457.90420622469
28809,3435.99629327453
28810,3470.53774773821
28811,3458.91440045341
28812,3459.1560286399
28813,3455.74333962675
28814,3461.62866835813
28815,3455.12629704855
28816,3432.75277882343
28817,3445.81385809412
28818,0
28819,3473.08007166748
28820,3456.03863469204
28821,0
28822,3457.58779135799
28823,3456.95834268657
28824,3468.79174493105
28825,0
28826,3435.61159957777
28827,3478.31122923064
28828,3456.90603740756
28829,0
28830,3479.06823605163
28831,3459.39705471571
28832,3473.23173397742
28833,3479.36312874094
28834,3441.0663928143
28835,3468.795843527
28836,3435.06956837842
28837,3479.72381006312
28838,3456.38177745162
28839,3463.85814668434
28840,3450.96297039409
28841,0
28842,3475.41631459338
28843,3476.83385488691
28844,3479.16878018555
28845,3447.0965781687
28846,0
28847,3459.85396548486
28848,3458.62785740977
28849,5635.12147662563
28850,0
28851,5603.28646955751
28852,5597.19178927327
28853,0
28854,5627.32065904069
28855,5648.88280907768
28856,5625.53734603654
28857,5611.41539965461
28858,5618.4488077853
28859,5610.79802571653
28860,5629.53565237849
28861,5616.52815857742
28862,5602.20674471229
28863,5619.86358630222
28864,0
28865,5604.25263002892
28866,5643.87015364152
28867,5604.55042529435
28868,5619.01168224669
28869,5647.65487251401
28870,0
28871,0
28872,0
28873,5627.52019852931
28874,5627.58454176392
28875,5616.81374175048
28876,5623.66748659836
28877,5628.45057098467
28878,0
28879,5638.17178929049
28880,5621.73541825489
28881,5613.69482666083
28882,0
28883,5621.56485085834
28884,5607.79513017135
28885,5634.7937800754
28886,0
28887,5607.98492569376
28888,5623.64162595316
28889,5647.46773774845
28890,5614.514276216
28891,5627.67259625865
28892,5641.9700238893
28893,5630.40123127246
28894,5612.09986623678
28895,0
28896,5650.30466028938
28897,5607.00367419409
28898,5639.43709551502
28899,5614.74647632993
28900,5352.47390566386
28901,5376.26195337453
28902,5348.20937563101
28903,0
28904,5347.17356931655
28905,5346.77019515255
28906,5362.02812360418
28907,5329.24877835271
28908,5333.01282939979
28909,0
28910,0
28911,5356.15948555531
28912,5328.00042994173
28913,5352.09790092316
28914,5367.11129430252
28915,5392.04972633089
28916,5374.79977390324
28917,5329.52300536496
28918,5332.55280513722
28919,5348.29490098219
28920,5388.0718994782
28921,5380.20790440177
28922,5336.82044961756
28923,5345.59090140612
28924,5339.60427765282
28925,0
28926,5333.2208355986
28927,5348.02505784973
28928,5347.34971870434
28929,5340.46189193785
28930,0
28931,5378.26704332104
28932,5337.34654583398
28933,5391.54533173159
28934,5357.18384823129
28935,0
28936,5393.17761631687
28937,0
28938,5347.82822547553
28939,5352.16165049852
28940,5368.58725320523
28941,5349.89055744038
28942,0
28943,5344.11191657939
28944,0
28945,0
28946,0
28947,5349.06026308407
28948,5385.9837844372
28949,5341.94677794425
28950,5395.15615643295
28951,0
28952,5368.92109838683
28953,8481.91185953194
28954,8471.79752556392
28955,8468.87036679289
28956,0
28957,8481.01745471533
28958,8480.6254946878
28959,0
28960,0
28961,8468.89771278765
28962,8487.08880374553
28963,8469.55408338099
28964,8470.45559021582
28965,8481.11541680183
28966,8473.34929362051
28967,8481.01285569168
28968,8483.12270269991
28969,8478.61414877599
28970,8490.73297543364
28971,8478.13051597102
28972,8491.50344596128
28973,8479.95385334734
28974,8473.82403693473
28975,8477.21636984632
28976,8491.86912777332
28977,0
28978,8484.94894335097
28979,8490.06996225672
28980,8476.53846424981
28981,8490.49079026852
28982,8481.6056658714
28983,8491.33551086502
28984,8489.97569186353
28985,8476.83318133068
28986,8479.9716655209
28987,0
28988,8480.7123259585
28989,8479.30238201031
28990,8490.05318898228
28991,8480.86052123791
28992,8490.32757310106
28993,8476.15735637753
28994,8476.41861069327
28995,8480.06941091492
28996,8485.60889509115
28997,8488.70126152744
28998,4544.97082119694
28999,4580.20465589106
29000,4558.89674567332
29001,0
29002,4578.07286611979
29003,4574.81259605341
29004,4569.56056160083
29005,4539.84028509912
29006,4543.7549502352
29007,4555.84871366134
29008,4553.87724608994
29009,4553.14427691838
29010,4580.86949491587
29011,0
29012,4557.0520419206
29013,4556.87629916427
29014,4557.68648591153
29015,4581.82687032487
29016,4542.16709079385
29017,0
29018,4548.81552197698
29019,0
29020,4581.14576078707
29021,4565.85550781327
29022,4550.08832269598
29023,0
29024,4571.66289452673
29025,4572.57531975041
29026,0
29027,4554.44184509822
29028,4548.51451743604
29029,4551.81253174102
29030,4545.61055654945
29031,4546.36295781188
29032,4549.26335175634
29033,4577.86277232314
29034,4549.46816532962
29035,4564.74536253031
29036,4550.4483471026
29037,4570.70086825138
29038,4552.42787720919
29039,4560.02750215349
29040,4555.00475955608
29041,4555.05922390576
29042,0
29043,4580.72958017199
29044,4542.44804480523
29045,0
29046,4558.23478419353
29047,3848.37846242702
29048,3852.77210474779
29049,3865.93221952881
29050,3862.39376310727
29051,0
29052,3840.40717918047
29053,3849.44907334909
29054,3841.68082716287
29055,3850.14394419044
29056,3838.64210406291
29057,3869.25704798179
29058,3866.12020961181
29059,3855.74008860954
29060,3852.73478358248
29061,3867.03652759851
29062,3868.59164169775
29063,3850.91658930453
29064,3849.1338054355
29065,3846.04244842407
29066,0
29067,3848.61351634787
29068,0
29069,3847.44144830425
29070,3850.22938286161
29071,3844.80286147352
29072,3836.8391677192
29073,3851.18682358012
29074,3849.43521104338
29075,3847.85741092516
29076,3860.02786829399
29077,3833.82521630534
29078,0
29079,3846.17859572445
29080,3863.46016876944
29081,3857.79757855788
29082,3850.85046375584
29083,3844.81799106279
29084,3856.55206358507
29085,3852.02544866481
29086,0
29087,0
29088,3833.31897866494
29089,3865.99865568706
29090,3847.15699029164
29091,3842.18596446109
29092,3844.83575277258
29093,0
29094,3868.36317725202
29095,0
29096,5509.41513960889
29097,5503.38541800925
29098,5507.83040760118
29099,0
29100,5513.45423150805
29101,5522.87914001205
29102,5518.07061216948
29103,5504.41802157521
29104,5512.1737815759
29105,5505.56232334941
29106,5527.46338457717
29107,5529.75097169914
29108,5514.74527411604
29109,5513.44324841762
29110,5511.05161315116
29111,5510.7830205499
29112,5503.793575011
29113,5503.41482685562
29114,5510.71326666028
29115,5515.12248624254
29116,5512.98491710331
29117,5527.37478133792
29118,5515.64609212812
29119,5525.43743924775
29120,5507.72259250662
29121,5510.60557602106
29122,5504.35269704614
29123,5503.3653432114
29124,5498.79811103174
29125,5518.222242311
29126,5505.48617750684
29127,5518.18703447217
29128,5522.81094078004
29129,5507.26819107639
29130,5520.80888908389
29131,5504.08098423148
29132,5504.2524861621
29133,5528.60098318241
29134,5505.49470066158
29135,5525.88338232682
29136,5506.37911077403
29137,5345.73719653458
29138,5343.87637911112
29139,5320.01649878052
29140,5308.56667513479
29141,5320.20494490808
29142,5320.69550661475
29143,5342.35700138444
29144,5330.72214238737
29145,5331.10542335691
29146,5315.05784033685
29147,5336.3300575169
29148,5337.37031233273
29149,5301.40205458568
29150,5314.42914789057
29151,5317.01415443863
29152,5340.81046362146
29153,5325.15157827074
29154,5318.00007226762
29155,5329.51067099133
29156,5318.7360256289
29157,5318.00933720122
29158,5344.12033552459
29159,5314.86135286954
29160,5321.29888685957
29161,5314.83596476206
29162,5327.02505445749
29163,5304.19308498198
29164,5323.17953123704
29165,5343.51545513084
29166,5306.39297583721
29167,5317.15716533657
29168,5315.72484612219
29169,5320.74627192258
29170,5312.98451450794
29171,5340.30298520099
29172,5345.11923438616
29173,5314.56734758204
29174,5305.33627207968
29175,5305.41369449793
29176,5310.35923274089
29177,5318.75754702193
29178,7352.82926208875
29179,7338.40627983452
29180,7358.96457576132
29181,7308.48639096496
29182,7317.83485016313
29183,7333.79085914839
29184,7313.27725561356
29185,7347.27393217074
29186,7314.28561942457
29187,7355.93186855607
29188,7328.35259168737
29189,7364.22845834702
29190,7347.3234229412
29191,7343.42753525376
29192,7332.21281992492
29193,7328.54046984064
29194,7324.76027383799
29195,7318.60525880476
29196,7351.78571029999
29197,7363.42952839746
29198,7322.77857562302
29199,7324.98388123489
29200,7335.13070658064
29201,7335.45365324983
29202,7321.26776163316
29203,7361.16434359827
29204,7328.78031742158
29205,7333.64594728934
29206,7314.78750194098
29207,7325.23296982472
29208,7341.68626194999
29209,7316.57329543251
29210,7337.29307978372
29211,7363.38747401825
29212,7330.95677274768
29213,7362.39052169198
29214,7340.47526272053
29215,7322.42394713158
29216,7333.50109825069
29217,7351.13708239352
29218,7327.26098552123
29219,6105.79615742205
29220,6105.534914311
29221,6123.97685520884
29222,6143.79239008949
29223,6106.63754096457
29224,6107.1228450764
29225,6111.30111471407
29226,6107.38158229888
29227,6110.75813732404
29228,6115.50367338883
29229,6140.69918445366
29230,6101.01600828139
29231,6124.68366909989
29232,6147.31861038999
29233,6126.98973266189
29234,6102.35399250144
29235,6131.01145779494
29236,6110.59635514446
29237,6121.62380432018
29238,6150.86696844983
29239,6106.06421641954
29240,6105.27206575642
29241,6109.10505586165
29242,6133.00481759612
29243,6152.32494762773
29244,6107.5606758647
29245,6154.64896489708
29246,6110.0354015899
29247,6151.43622251932
29248,6107.84684034998
29249,6105.0887831462
29250,6106.49837694708
29251,6106.67276632766
29252,6150.14504499579
29253,6105.5635772913
29254,6106.94946310621
29255,6155.53087640326
29256,6130.70963998533
29257,6153.46589280546
29258,6117.02073953121
29259,6101.84836781877
29260,3329.62224060157
29261,3348.97279677514
29262,3341.89581276969
29263,3343.6956391567
29264,3339.91820214643
29265,3352.17048742459
29266,3347.60553565074
29267,3351.13598888873
29268,3339.12403617111
29269,3341.28413220374
29270,3357.02210882449
29271,3347.29673214403
29272,3348.93218980799
29273,3345.72050403692
29274,3348.99342816963
29275,3339.53001935117
29276,3340.05591797788
29277,3335.7989098655
29278,3355.02665183722
29279,3348.49535087618
29280,3347.70094375998
29281,3347.36297466321
29282,3353.41484785041
29283,3354.79423291349
29284,3350.4052125704
29285,3353.86237610412
29286,3356.05119612251
29287,3357.69443858841
29288,3355.66199692827
29289,3345.69928238564
29290,3350.96989218648
29291,3343.96921171409
29292,3356.20987697966
29293,3355.03290167284
29294,3339.32702515456
29295,3353.03413423093
29296,3342.82849608848
29297,3351.07297160364
29298,3339.42613027014
29299,3344.02521980269
29300,3332.33197519204
29301,7356.22932382652
29302,7361.68870203834
29303,7357.57541647085
29304,7375.19853881298
29305,7392.87664949999
29306,7398.39954889066
29307,7361.26824163793
29308,7360.89725819532
29309,7382.31942537993
29310,7365.25427466354
29311,7356.52260127119
29312,7383.3738010154
29313,7374.32695146272
29314,7378.05491714852
29315,7382.28700717656
29316,7371.81782168911
29317,7400.28124389319
29318,7365.98111106442
29319,7404.50814398935
29320,7405.12729256004
29321,7358.69987006768
29322,7355.96948155001
29323,7361.20328309161
29324,7362.38800110374
29325,7401.66368304614
29326,7363.37854070397
29327,7363.46785592628
29328,7362.17969189066
29329,7406.14997471869
29330,7405.22876823697
29331,7402.58278113514
29332,7397.13457902346
29333,7371.22732687326
29334,7358.92375300745
29335,7361.26627378142
29336,7361.23354021937
29337,7388.37919752248
29338,7370.82709906844
29339,7356.96410668858
29340,7380.27378248048
29341,7369.22921592852
29342,7039.39695905777
29343,7051.92374840947
29344,7050.52091753964
29345,7067.10945042757
29346,7028.04859512032
29347,7025.86532294372
29348,7046.01827184964
29349,7073.51042058717
29350,7040.0339733491
29351,7047.4650985641
29352,7050.10657498562
29353,7041.21890059409
29354,7034.13762211449
29355,7064.23078513421
29356,7052.90846294395
29357,7076.25102364937
29358,7048.86573835522
29359,7039.07412987491
29360,7064.57458715641
29361,7043.37305517113
29362,7045.77348283037
29363,7052.48931912024
29364,7032.57549349126
29365,7037.61718018432
29366,7046.52644007012
29367,7035.97806177851
29368,7029.51046766268
29369,7074.42015202359
29370,7072.46448074735
29371,7026.435607219
29372,7062.55904739571
29373,7059.41528888559
29374,7059.23587570636
29375,7042.23444217195
29376,7069.75390868211
29377,7075.92160601498
29378,7073.15120079482
29379,7021.65505730604
29380,7026.84197161556
29381,7050.75523580374
29382,7037.64043449806
29383,6859.12063492694
29384,6855.81358885845
29385,6865.68638708792
29386,6872.31344441306
29387,6890.14545784054
29388,6870.11501126424
29389,6855.04391930102
29390,6900.54361926195
29391,6861.90348911498
29392,6863.40937145982
29393,6857.49923291069
29394,6871.22747680496
29395,6853.91777555382
29396,6884.69133744302
29397,6871.43895537808
29398,6902.30409419504
29399,6859.51286560881
29400,6867.896125085
29401,6872.90253352954
29402,6886.45475700392
29403,6901.92968222019
29404,6895.43653983041
29405,6897.28344428075
29406,6858.80251016995
29407,6873.59371236339
29408,6902.92326729154
29409,6859.03635000343
29410,6878.78693113743
29411,6861.8206221279
29412,6894.43416440065
29413,6867.85283519727
29414,6870.47002771392
29415,6866.3761844695
29416,6857.76942495921
29417,6881.81211568047
29418,6852.42777275222
29419,6871.06113350015
29420,6853.70409487576
29421,6869.4912549557
29422,6858.24145038013
29423,6903.3734977699
29424,4430.7314795483
29425,4461.05886832538
29426,4425.50673411162
29427,4459.5730219607
29428,4427.04262378225
29429,4455.53926520503
29430,4433.79525321145
29431,4422.42500352633
29432,4446.45456027947
29433,4419.66286740763
29434,4419.73484992894
29435,4439.5472518805
29436,4453.41197419076
29437,4422.85488076944
29438,4421.90441253874
29439,4461.80926880163
29440,4422.37045463376
29441,4428.47351696703
29442,4436.83323691749
29443,4425.14078793094
29444,4423.74706054274
29445,4419.18719829072
29446,4454.62367060144
29447,4458.10765504202
29448,4420.87711798724
29449,4441.00008239436
29450,4434.30032568617
29451,4433.42580393285
29452,4431.97083200034
29453,4421.7942689807
29454,4433.61030473508
29455,4429.50684312242
29456,4432.71446095795
29457,4419.5915566007
29458,4437.87044507054
29459,4438.68168095121
29460,4431.65103289763
29461,4446.18508303667
29462,4427.29470416599
29463,4422.88312978416
29464,4459.73656063442
29465,4284.53293157832
29466,4306.10747115548
29467,4279.45799593473
29468,4284.89670801316
29469,4312.1934480744
29470,4299.53344604936
29471,4332.44842510163
29472,4333.74486060761
29473,4289.56441596017
29474,4330.68381561787
29475,4328.3556499163
29476,4287.09613421282
29477,4291.82339406709
29478,4332.16976741233
29479,4280.10602683614
29480,4286.20709456726
29481,4287.52888220378
29482,4326.69816200723
29483,4320.1361959965
29484,4294.86402770754
29485,4279.95512621082
29486,4295.17679935878
29487,4287.7656346955
29488,4310.43131555442
29489,4326.3931238684
29490,4287.46200881252
29491,4291.52854618683
29492,4289.42076620844
29493,4312.1994026335
29494,4290.77267323399
29495,4292.83816380467
29496,4282.19237583075
29497,4284.65358176606
29498,4288.0276884905
29499,4295.11841937342
29500,4331.53004798676
29501,4320.31998402305
29502,4281.7304809473
29503,4302.11146439399
29504,4299.27757147215
29505,4293.68429529685
29506,6995.06003120915
29507,6965.56890206075
29508,7002.22341376807
29509,7004.0071050107
29510,6988.07958588068
29511,6997.8007810108
29512,6967.90110859369
29513,7006.29661631947
29514,6980.52751886951
29515,6992.20118760771
29516,6989.66641800439
29517,7003.009465633
29518,6974.37984153777
29519,6964.58490818019
29520,6942.47929156661
29521,6948.26795077344
29522,6945.54085835674
29523,6952.03248392591
29524,6947.78398447452
29525,6951.66576647151
29526,6996.23672031679
29527,6953.72221567359
29528,6961.44420701094
29529,6977.2463045357
29530,6948.79817566114
29531,6959.56233870678
29532,6962.14628835968
29533,6957.29855447613
29534,6962.09300136968
29535,6968.03508956396
29536,6956.786135388
29537,6975.14421190764
29538,6967.29195842287
29539,6971.00529893404
29540,7002.63066812865
29541,6946.52475608909
29542,6982.69136886715
29543,6989.67637463619
29544,6946.12359176894
29545,7006.80025798245
29546,6963.4287626731
29547,4045.91895813343
29548,4055.33651303459
29549,4047.33147893157
29550,4047.75731175736
29551,4047.4334998388
29552,4046.88931591935
29553,4054.51765510073
29554,4047.7247592461
29555,4048.79240925168
29556,4047.55874533252
29557,4045.38326231842
29558,4044.05287233523
29559,4045.24586251645
29560,4051.88120730361
29561,4049.18966094205
29562,4044.59011789363
29563,4046.17346183685
29564,4055.15421101154
29565,4051.35683136965
29566,4049.7013759554
29567,4046.23755168373
29568,4052.71355056593
29569,4050.7360683986
29570,4045.28962346332
29571,4052.83040174018
29572,4052.65175665667
29573,4051.91277469296
29574,4054.55341471773
29575,4054.46531846641
29576,4053.51085079688
29577,4044.34427187035
29578,4048.56071106356
29579,4049.51411150706
29580,4056.05671487299
29581,4052.24281471968
29582,4048.19773229682
29583,4045.43570367556
29584,4053.01717915194
29585,4047.47461694102
29586,4055.94512378066
29587,9413.85575464413
29588,9447.37319086288
29589,9465.63292192467
29590,9417.10465464619
29591,9443.04894143326
29592,9462.49064377054
29593,9415.15848224161
29594,9421.86064195974
29595,9447.83469274839
29596,9427.49676769771
29597,9432.4449564118
29598,9461.49369371572
29599,9431.0403221469
29600,9424.75616615559
29601,9423.84733283721
29602,9436.62504811064
29603,9425.10433464619
29604,9427.19526088792
29605,9449.06985868081
29606,9437.03053802683
29607,9423.64047371927
29608,9455.10291154214
29609,9425.41964361566
29610,9422.12742443735
29611,9427.44169700944
29612,9425.41744328243
29613,9456.209967005
29614,9466.6402106507
29615,9468.08836144418
29616,9420.65187048377
29617,9466.80015624037
29618,9431.26833708064
29619,9462.92899317359
29620,9440.15026117333
29621,9466.75064795067
29622,9417.15126520801
29623,9429.69216224569
29624,9419.96133749918
29625,9428.60916939385
29626,9417.13702808525
29627,9421.42728644358
29628,5195.51162079977
29629,5233.35182269573
29630,5199.61377095992
29631,5200.95817958693
29632,5201.23800490573
29633,5226.95516767105
29634,5221.10823460121
29635,5238.25669476381
29636,5218.2969454706
29637,5214.95993609888
29638,5196.1286460132
29639,5201.38780780868
29640,5212.96579163342
29641,5194.50181212772
29642,5200.55191370549
29643,5198.27234501
29644,5194.52348725652
29645,5201.31192609867
29646,5201.70524478217
29647,5196.88679001816
29648,5197.7324042332
29649,5211.93400429863
29650,5203.92136445294
29651,5236.2782113081
29652,5237.7940638669
29653,5232.3778876463
29654,5238.68405585238
29655,5196.61962624045
29656,5206.60975579206
29657,5202.96173346716
29658,5228.16501811805
29659,5198.5333937234
29660,5207.8653493038
29661,5202.73878092381
29662,5217.69797525393
29663,5204.82304603889
29664,5236.96296019271
29665,5237.94111996534
29666,5200.03527918134
29667,5200.50800997404
29668,5198.36113546105
29669,4574.8951164706
29670,4589.13723556782
29671,4586.40704582133
29672,4562.65324472332
29673,4562.14464244629
29674,4550.67901375118
29675,4548.26725664237
29676,4568.19523727912
29677,4553.89958805882
29678,4597.58486090773
29679,4580.99750588402
29680,4555.26117324743
29681,4567.88096498139
29682,4587.24215957281
29683,4556.08732291716
29684,4556.7286879151
29685,4560.45354500488
29686,4557.37020722644
29687,4553.79685488854
29688,4554.09918922663
29689,4565.33014584183
29690,4595.7595171831
29691,4581.30964535309
29692,4568.98147425376
29693,4594.85646192012
29694,4584.07602018908
29695,4573.10683447508
29696,4551.7637698307
29697,4554.86811824118
29698,4564.19959887873
29699,4570.12733994832
29700,4557.95551715279
29701,4558.27752221306
29702,4568.19463595907
29703,4543.69821031182
29704,4593.74492897067
29705,4598.1952701982
29706,4593.77673866089
29707,4561.96661532224
29708,4579.224435039
29709,4558.47855097059
29710,6654.67236390814
29711,6680.61315654157
29712,6701.63082615998
29713,6654.93567209151
29714,6644.7154342267
29715,6643.93341105071
29716,6666.81496234109
29717,6652.85886015693
29718,6699.79158450567
29719,6642.28104420094
29720,6635.31080783427
29721,6648.6390156462
29722,6638.86630984904
29723,6661.31219532014
29724,6647.00411729108
29725,6646.58297483316
29726,6650.15391450072
29727,6698.20883207684
29728,6674.32582237811
29729,6653.62418826219
29730,6659.27593930766
29731,6642.53551159555
29732,6696.57698596035
29733,6671.46625566395
29734,6682.22675321955
29735,6690.3955645125
29736,6696.17081968775
29737,6702.04472272433
29738,6699.74267132121
29739,6651.003893536
29740,6660.54614879697
29741,6648.37411891322
29742,6690.71005094613
29743,6699.60340065296
29744,6642.32510079941
29745,6671.18918851719
29746,6637.12292334122
29747,6649.24495362409
29748,6644.36265717076
29749,6640.95290455692
29750,6639.43175869484
29751,5633.93179938512
29752,5621.71893821482
29753,5631.57423083294
29754,5635.59753083559
29755,5623.78955046358
29756,5624.89420383927
29757,5666.01000679819
29758,5632.91324042065
29759,5655.74628087691
29760,5632.1973597938
29761,5618.51906687204
29762,5650.51533670486
29763,5668.443819854
29764,5653.32601567028
29765,5620.85038861916
29766,5630.52222533753
29767,5645.95087003743
29768,5666.79182202487
29769,5622.9989071538
29770,5618.3478462268
29771,5643.57847777807
29772,5663.87582528717
29773,5631.86866261157
29774,5617.9180743162
29775,5658.61808322291
29776,5623.48842608125
29777,5621.39958663202
29778,5668.69170511959
29779,5626.97268476961
29780,5625.42776511769
29781,5634.4673235258
29782,5668.19637052772
29783,5624.18821572042
29784,5619.71470870267
29785,5634.71752763429
29786,5629.65334012289
29787,5628.41573603802
29788,5646.27549701081
29789,5630.87709034946
29790,5628.71006211271
29791,5661.86307829361
29792,4826.48873518473
29793,4844.3445667869
29794,4830.58283356283
29795,4835.33319669732
29796,4834.47149455949
29797,4818.99504445036
29798,4847.4177194571
29799,4821.56284242484
29800,4822.32432017959
29801,4827.92862126966
29802,4817.78343985359
29803,4814.9228477583
29804,4826.9271095361
29805,4843.10270986917
29806,4818.04104982567
29807,4822.19475447855
29808,4816.81122932275
29809,4844.769759214
29810,4819.84660697789
29811,4824.80977112471
29812,4839.26490103797
29813,4841.66014115205
29814,4829.38152018084
29815,4831.95814861581
29816,4819.07285287643
29817,4845.20982352614
29818,4826.16112182668
29819,4821.86327703787
29820,4824.46524831378
29821,4834.80873300784
29822,4842.30993146297
29823,4825.46734928331
29824,4820.15933554333
29825,4826.75815636646
29826,4823.06051657638
29827,4838.86646407457
29828,4828.83015917996
29829,4815.2642027106
29830,4821.99117544911
29831,4824.31182522674
29832,5831.77948802105
29833,5812.19283053873
29834,5830.6721829192
29835,5806.69745994782
29836,5828.04187441687
29837,5815.17084519506
29838,5824.0436810158
29839,5812.38621129907
29840,5813.49925457226
29841,5815.34276436508
29842,5825.62602530328
29843,5819.01590118278
29844,5820.81029728911
29845,5815.88427132318
29846,5811.88330039559
29847,5831.09915791252
29848,5813.32624569564
29849,5805.20226517588
29850,5809.04642516448
29851,5814.52171885418
29852,5813.65205129526
29853,5831.80139379432
29854,5805.38013408376
29855,5828.42711077245
29856,5808.02600544779
29857,5811.43234536219
29858,5812.31469402103
29859,5812.79744167929
29860,5807.06099474182
29861,5807.9910398034
29862,5809.74396043636
29863,5829.60582518529
29864,5816.55218253388
29865,5814.81909646816
29866,5822.67365155623
29867,5829.68491718213
29868,5805.90912273359
29869,5813.44736883394
29870,5812.5423372726
29871,5816.43252532537
29872,6280.47420310329
29873,6256.81711274105
29874,6259.40731921581
29875,6258.23546184736
29876,6266.1616715828
29877,6263.72997949123
29878,6272.67125412556
29879,6252.5511015452
29880,6277.03092139853
29881,6276.94059404029
29882,6254.10221109398
29883,6263.29856097889
29884,6267.73345230683
29885,6259.23286993609
29886,6266.83348059124
29887,6280.09101750032
29888,6279.32780486291
29889,6262.97741286053
29890,6272.56942570095
29891,6261.79485634905
29892,6260.1475937315
29893,6279.67896106362
29894,6279.30303927037
29895,6255.45047370269
29896,6263.04858519233
29897,6261.34662137766
29898,6259.70643922725
29899,6263.49640452871
29900,6253.51833412418
29901,6277.47100242332
29902,6268.46988826072
29903,6273.98149294198
29904,6258.36267765825
29905,6252.64617309082
29906,6253.70986227892
29907,6263.42504729061
29908,6256.15334669581
29909,6267.98665686199
29910,6262.4714054863
29911,6254.34367766894
29912,9707.3332353366
29913,9740.1248277829
29914,9697.84538693532
29915,9743.46970137432
29916,9737.85028812235
29917,9698.44045815167
29918,9700.94667933193
29919,9719.65800263277
29920,9746.90088449483
29921,9728.18164514412
29922,9743.90228179002
29923,9699.11518137088
29924,9703.32991648642
29925,9711.65534625304
29926,9698.60095717361
29927,9714.4988616721
29928,9698.91260910177
29929,9724.86581709599
29930,9703.9792163866
29931,9700.67968216727
29932,9734.50433626844
29933,9745.1233036292
29934,9702.32662790897
29935,9745.17656655578
29936,9746.61117523968
29937,9699.26641722305
29938,9748.00883541324
29939,9721.05300265986
29940,9700.3824758967
29941,9701.36065836497
29942,9716.02106655973
29943,9706.76700586026
29944,9707.96759424813
29945,9703.30962638426
29946,9707.35178192524
29947,9722.31577821809
29948,9703.33582803824
29949,9703.30553058695
29950,9702.28449177567
29951,9703.65114630246
29952,9710.38881131803
29953,8515.63192205531
29954,8512.32958426672
29955,8474.30250379093
29956,8509.72406735751
29957,8480.83338303054
29958,8466.44995234436
29959,8492.37958007409
29960,8501.02979805814
29961,8468.11716862294
29962,8472.99750304789
29963,8486.01700761615
29964,8493.07905673381
29965,8482.38481811787
29966,8465.51933404363
29967,8515.41116092981
29968,8489.57829619354
29969,8487.27629685252
29970,8502.20998767939
29971,8491.98814734987
29972,8486.35688672305
29973,8516.22063080573
29974,8493.66746094879
29975,8483.6509195158
29976,8490.35378987772
29977,8495.71310676758
29978,8505.31308857514
29979,8518.73117137729
29980,8464.99116058974
29981,8468.57847537158
29982,8464.14270292779
29983,8479.58437125003
29984,8492.37481155005
29985,8517.26863469547
29986,8507.23981538376
29987,8494.23288038771
29988,8518.52109458028
29989,8485.76454420912
29990,8504.45956537699
29991,8495.38557135417
29992,8481.44132015563
29993,8489.0085077273
29994,5855.1834714265
29995,5822.90567015055
29996,5836.46174536589
29997,5806.37746911258
29998,5861.52781892115
29999,5813.91920123793
30000,5818.40605672239
30001,5865.22000304551
30002,5815.03770390996
30003,5806.08856947165
30004,5860.03157008723
30005,5863.63660209972
30006,5808.06482203907
30007,5842.29953919224
30008,5823.06516164959
30009,5806.70002309372
30010,5839.31617428876
30011,5837.28355860371
30012,5806.32403868945
30013,5854.08732633099
30014,5814.61310388937
30015,5864.1620358668
30016,5847.13441014236
30017,5825.8079420268
30018,5815.44854395986
30019,5816.32542992677
30020,5805.69092041873
30021,5830.56941286882
30022,5821.96398081924
30023,5813.81666484423
30024,5822.49933212813
30025,5816.09454349261
30026,5828.22563742812
30027,5810.42190092758
30028,5814.42318727848
30029,5810.7854972226
30030,5861.87074870895
30031,5815.85326287574
30032,5817.63540974402
30033,5864.17350161549
30034,5866.15041663503
30035,3939.50468096602
30036,3994.85294216359
30037,3981.87789038916
30038,3948.56759684841
30039,3963.35179824839
30040,3934.05931602062
30041,3992.65364017215
30042,3972.49473240493
30043,3951.73744775099
30044,3989.81984658214
30045,3978.6727214317
30046,3970.40139814279
30047,3943.70208073977
30048,3938.44239313006
30049,3943.57277708865
30050,3958.87030192228
30051,3949.18639114025
30052,3941.74419747913
30053,3981.90023516904
30054,3943.81406353335
30055,3936.64858978439
30056,3929.04018336064
30057,3987.2378791912
30058,3946.45558025024
30059,3961.83417534939
30060,3996.24507634844
30061,3995.08249929744
30062,3975.19058502181
30063,3954.88413203951
30064,3945.48138744053
30065,3956.20623091199
30066,3950.41586755661
30067,3931.2915634129
30068,3945.93437287729
30069,3953.81903773092
30070,3949.40479960441
30071,3958.18452966995
30072,3967.08277069208
30073,3983.90698164814
30074,3994.22624053248
30075,3943.55040006071
30076,5698.45000897249
30077,5730.1414905117
30078,5696.71587462378
30079,5694.83257611261
30080,5712.20141844299
30081,5703.97142194281
30082,5709.61245535958
30083,5697.6636590359
30084,5725.47451558113
30085,5726.52210560469
30086,5729.87186043091
30087,5704.23082548489
30088,5712.68613032503
30089,5718.89323604236
30090,5715.21167668161
30091,5706.60872980949
30092,5712.97375084063
30093,5706.0898707524
30094,5703.03826427587
30095,5711.46379018044
30096,5693.34147270391
30097,5695.25368608148
30098,5721.96718723933
30099,5712.66015476628
30100,5717.12172692513
30101,5699.05903165818
30102,5709.01710621824
30103,5722.58266198726
30104,5693.34343463604
30105,5702.21072731399
30106,5719.3884093617
30107,5695.86440815336
30108,5691.03672256074
30109,5687.54141474044
30110,5729.26089102706
30111,5732.28508209035
30112,5701.24731444108
30113,5696.31993037484
30114,5702.7117818811
30115,5698.72883961317
30116,5710.67092629292
30117,8203.9757703461
30118,8205.68435140963
30119,8186.47289596222
30120,8205.60348019547
30121,8191.90439480088
30122,8187.52744318365
30123,8192.94029999191
30124,8186.31438054721
30125,8195.73281744629
30126,8201.17906837506
30127,8197.10195497211
30128,8185.70634531069
30129,8187.62851464337
30130,8190.74839565134
30131,8191.27797631733
30132,8207.2501671171
30133,8190.41496432726
30134,8201.61624194004
30135,8186.84010241997
30136,8198.128387562
30137,8187.24004555415
30138,8186.10739052503
30139,8190.96342908693
30140,8188.47331086265
30141,8199.31944432265
30142,8186.84781540059
30143,8195.18521995949
30144,8207.08729586698
30145,8206.97327016084
30146,8203.27327761501
30147,8191.42540668989
30148,8188.39115106971
30149,8192.48395702449
30150,8192.48116040802
30151,8193.52658353499
30152,8194.89976704625
30153,8193.26053590568
30154,8205.88740211114
30155,8206.10720274908
30156,8188.92953408348
30157,4863.28360440211
30158,4877.9728907328
30159,4925.77991767519
30160,4921.26331621378
30161,4877.81307535602
30162,4882.21947220257
30163,4874.11104018515
30164,4872.36942094807
30165,4917.02537063911
30166,4868.91700219531
30167,4891.81991418636
30168,4873.86710611331
30169,4879.12548787602
30170,4892.3317114569
30171,4922.8579799934
30172,4892.66753682151
30173,4917.76178590834
30174,4870.7543418194
30175,4913.09800797268
30176,4925.41887475411
30177,4868.34761635813
30178,4884.3037502578
30179,4873.28127422067
30180,4926.49498203129
30181,4868.4627736117
30182,4901.35861351989
30183,4864.90337387099
30184,4884.74667921943
30185,4874.01986789383
30186,4928.0239697005
30187,4864.00525044161
30188,4877.57832426366
30189,4859.57839333353
30190,4861.95309798803
30191,4908.88831228021
30192,4856.43652366864
30193,4903.47963681687
30194,4892.64467610289
30195,4908.07021671491
30196,4861.63955072154
30197,4867.42614173852
30198,5688.47157495025
30199,5644.70982406735
30200,5666.16458552912
30201,5685.46417467764
30202,5641.67103237504
30203,5641.46873158237
30204,5662.29467677866
30205,5644.82885562011
30206,5657.63814107423
30207,5646.24900882223
30208,5651.15197808778
30209,5656.46088818005
30210,5693.70569471067
30211,5654.31519789659
30212,5639.61126014687
30213,5691.02148365386
30214,5680.56133574192
30215,5655.71860927178
30216,5655.43065478983
30217,5648.35017303295
30218,5683.75487439492
30219,5644.12881324024
30220,5663.39878567312
30221,5693.58521501021
30222,5648.4196579406
30223,5693.82481355435
30224,5695.56259077949
30225,5654.47443390347
30226,5646.55833306717
30227,5649.68178444865
30228,5647.54123551027
30229,5648.63709171263
30230,5678.58983762249
30231,5671.27390193469
30232,5648.76930651269
30233,5651.3676738525
30234,5671.54445632164
30235,5652.74849488984
30236,5637.65571093522
30237,5659.83605077944
30238,5676.59638594496
30239,5900.67746827092
30240,5903.1857322458
30241,5939.28118479074
30242,5937.36537129702
30243,5900.93660482387
30244,5904.74247860794
30245,5898.45717389016
30246,5920.84167559953
30247,5890.25621116026
30248,5900.91341147704
30249,5894.98393230266
30250,5898.82626688663
30251,5946.09356620655
30252,5905.59289683574
30253,5905.2452564034
30254,5945.41783542007
30255,5911.07433142835
30256,5892.53431772186
30257,5906.00114638908
30258,5902.74132599055
30259,5901.63588996558
30260,5934.07743489541
30261,5903.92894047011
30262,5944.53693679924
30263,5892.96294612517
30264,5889.07909328493
30265,5898.22542865823
30266,5889.14854113204
30267,5894.44130396138
30268,5930.96683180791
30269,5922.5242423798
30270,5942.95340490701
30271,5900.24820002407
30272,5909.58742857931
30273,5897.62455170082
30274,5921.10814106785
30275,5928.05884240407
30276,5913.93776913522
30277,5929.84146496222
30278,5944.56756132936
30279,5907.62332424996
30280,11861.2261885603
30281,11832.6443924964
30282,11840.8677818924
30283,11852.6934964283
30284,11843.0789669017
30285,11864.3283112191
30286,11843.0735623554
30287,11863.2820755701
30288,11841.3349082252
30289,11843.282051194
30290,11842.4435925969
30291,11840.7319984196
30292,11839.6116609538
30293,11832.2038645759
30294,11855.8009674789
30295,11866.0363484061
30296,11833.885700334
30297,11839.4771703352
30298,11844.3649492007
30299,11843.50046809
30300,11867.0011928762
30301,11859.6137869982
30302,11848.7999196305
30303,11841.0407359007
30304,11866.3723272761
30305,11836.7123891009
30306,11833.608622987
30307,11846.2128389871
30308,11866.7386855233
30309,11844.7616040114
30310,11844.691405611
30311,11835.7623125698
30312,11833.7574446361
30313,11852.0578316699
30314,11851.8915986708
30315,11865.8764465033
30316,11838.9726025676
30317,11838.4088011215
30318,11844.8642299262
30319,11866.7332035753
30320,7503.83356305096
30321,7505.69148837449
30322,7522.4629613512
30323,7501.68442824212
30324,7494.82749897746
30325,7541.69192278375
30326,7490.08449353157
30327,7502.60536927895
30328,7495.0036080426
30329,7495.44098456906
30330,7502.54612697164
30331,7500.79795604775
30332,7539.19392827832
30333,7532.23167409917
30334,7492.66991637549
30335,7512.17206477924
30336,7507.6159205133
30337,7547.97835877844
30338,7494.49114271555
30339,7514.83906430104
30340,7546.73691366622
30341,7541.49110522059
30342,7500.49463955155
30343,7500.01817795978
30344,7546.23375074457
30345,7506.42269759353
30346,7498.29129201148
30347,7524.25273945625
30348,7497.17091321372
30349,7533.70728803683
30350,7502.5357162877
30351,7496.82539581658
30352,7543.7906142559
30353,7500.01772734043
30354,7511.54928355149
30355,7500.7964114287
30356,7498.21335110531
30357,7525.31808640784
30358,7503.39358374697
30359,7518.89116831279
30360,7545.2717014382
30361,5625.46121914381
30362,5661.86491454268
30363,5629.0381128592
30364,5639.32192780974
30365,5637.72995359503
30366,5638.41386534455
30367,5653.1576789952
30368,5636.22446782199
30369,5655.53699391517
30370,5643.30725742618
30371,5624.03722195717
30372,5638.82975074702
30373,5665.65055968643
30374,5628.60193390525
30375,5642.26769618962
30376,5624.07128383865
30377,5656.74727413487
30378,5637.18632347634
30379,5639.48324538603
30380,5634.69167336946
30381,5634.29407076888
30382,5660.6013595644
30383,5654.54019289818
30384,5639.62989779083
30385,5644.39624122899
30386,5656.26104617237
30387,5666.10603027466
30388,5665.06601345065
30389,5630.641956742
30390,5626.01800635241
30391,5633.29053381692
30392,5637.71680795173
30393,5635.75061687292
30394,5664.59027844547
30395,5648.97374157714
30396,5638.18222991895
30397,5666.40359848347
30398,5641.54852005822
30399,5647.88509377306
30400,5631.33431837481
30401,5627.66350734952
30402,6502.35477325085
30403,6475.68583437334
30404,6486.74249671847
30405,6456.10919417907
30406,6491.55125150581
30407,6483.67874460957
30408,6498.4490400547
30409,6497.63161066844
30410,6476.81771522343
30411,6469.06126262488
30412,6493.04846037607
30413,6502.59779258416
30414,6451.93343406852
30415,6492.51750569552
30416,6477.53349743631
30417,6491.89360375018
30418,6505.02614409905
30419,6503.23759109583
30420,6485.79060726335
30421,6471.82132142769
30422,6481.58005744887
30423,6497.92005704932
30424,6501.81197980824
30425,6467.50130732622
30426,6465.78992695514
30427,6493.38559055433
30428,6465.98345108634
30429,6487.23137970232
30430,6482.17417920047
30431,6501.21313268711
30432,6465.04933828249
30433,6470.08270542752
30434,6465.84946639099
30435,6471.24933861497
30436,6475.67577826161
30437,6467.00537873527
30438,6505.34876291435
30439,6487.17686244514
30440,6471.20871506688
30441,6460.27659071255
30442,6481.21005061795
30443,4493.17154662633
30444,4477.6500089149
30445,4470.56241277585
30446,4487.47473142611
30447,4476.45573070528
30448,4490.37985134624
30449,4486.20654313306
30450,4484.29391592858
30451,4491.87897156228
30452,4477.41149061674
30453,4478.44143264363
30454,4478.86519945431
30455,4477.0224796108
30456,4492.28497385466
30457,4492.51331052799
30458,4483.84465684468
30459,4469.91863236619
30460,4473.68213317846
30461,4489.27460153403
30462,4485.16956497243
30463,4483.09309356405
30464,4480.47570529449
30465,4471.94408889127
30466,4482.38469465972
30467,4483.53289520648
30468,4471.26183383767
30469,4471.19339832117
30470,4473.94659996095
30471,4473.23604517515
30472,4474.3311738998
30473,4480.45626080424
30474,4478.98877639313
30475,4484.35931734058
30476,4477.84208690366
30477,4474.69047816464
30478,4472.24719518463
30479,4481.10676871773
30480,4475.09590421105
30481,4491.44580169526
30482,4474.2055446735
30483,8516.3203053136
30484,8546.57757555637
30485,8490.54631568618
30486,8516.32639943728
30487,8532.85779087817
30488,8510.70321486012
30489,8494.59053127913
30490,8503.19169674956
30491,8523.16433834603
30492,8502.62872038874
30493,8530.26918360369
30494,8547.87914150099
30495,8548.17684001588
30496,8541.20031635501
30497,8502.54485714359
30498,8510.59203403294
30499,8507.64192811676
30500,8532.19000779523
30501,8504.45108336831
30502,8495.75539168408
30503,8504.657139067
30504,8505.24810150088
30505,8508.10239465372
30506,8547.09524826242
30507,8537.2317381743
30508,8510.32507475665
30509,8527.60893362856
30510,8511.98999886243
30511,8514.89051835078
30512,8524.87842348433
30513,8513.61548015998
30514,8501.57484523112
30515,8509.57186286222
30516,8539.56503392143
30517,8498.58031139822
30518,8499.71484007516
30519,8504.25795660686
30520,8495.14644756449
30521,8497.53597594741
30522,8507.12726605073
30523,8545.27652395839
30524,5774.00670495389
30525,5746.1024977281
30526,5757.56012437046
30527,5782.07621444439
30528,5767.89119093901
30529,5760.30274709143
30530,5754.25586334962
30531,5742.31523992144
30532,5742.26133984358
30533,5774.7966393902
30534,5758.73182140104
30535,5783.75011415249
30536,5777.44555988285
30537,5767.88027865671
30538,5758.47014703055
30539,5757.54579444996
30540,5741.4198145191
30541,5753.89349660068
30542,5745.33675613778
30543,5781.94094407841
30544,5754.75545078008
30545,5749.08951474379
30546,5779.08226514529
30547,5751.69128133104
30548,5743.06743690159
30549,5752.34644402102
30550,5763.48205003354
30551,5750.48160548234
30552,5753.51032651291
30553,5750.28496441231
30554,5762.66331219387
30555,5758.6309976824
30556,5749.72754732324
30557,5781.86926670397
30558,5748.19337998991
30559,5758.40705051718
30560,5749.69755079529
30561,5780.41439558572
30562,5748.46148192196
30563,5759.94147390324
30564,5783.26968174354
30565,11770.6964076003
30566,11761.0001007006
30567,11778.5705893131
30568,11773.0715219212
30569,11781.3580695751
30570,11773.3482848351
30571,11775.3214653033
30572,11780.2544718374
30573,11795.2097191
30574,11798.0546593024
30575,11802.3321974525
30576,11792.5833576303
30577,11802.9786478503
30578,11802.9368021838
30579,11774.1773730575
30580,11767.3410046967
30581,11766.6091897051
30582,11786.3093042415
30583,11768.4633514707
30584,11760.2993121252
30585,11767.3227826973
30586,11790.2973320519
30587,11767.0064794927
30588,11804.2949242744
30589,11769.3730343399
30590,11787.8628906557
30591,11773.9116623231
30592,11781.0553069306
30593,11770.987801932
30594,11788.1132532178
30595,11761.6499466554
30596,11772.880994999
30597,11766.4169028456
30598,11762.811371077
30599,11774.7702325493
30600,11774.3253793463
30601,11800.467256414
30602,11761.4023539651
30603,11771.1412649835
30604,11760.5701248972
30605,11759.6754700433
30606,6506.57978884744
30607,6532.21725330094
30608,6527.55313320372
30609,6514.1867717004
30610,6530.90772251691
30611,6523.86788320423
30612,6496.22620015315
30613,6497.52732228199
30614,6494.65582358643
30615,6534.31583108696
30616,6499.17951217686
30617,6531.67705182853
30618,6510.46204570134
30619,6502.63385809791
30620,6494.63214256289
30621,6500.39839797917
30622,6532.96668937383
30623,6499.35589763049
30624,6535.05115498945
30625,6497.9930554083
30626,6513.36014235756
30627,6514.75905513879
30628,6502.90845134497
30629,6495.7162924012
30630,6494.58180420222
30631,6497.34773623956
30632,6519.5140250443
30633,6494.31424386525
30634,6520.82345442204
30635,6499.09550267948
30636,6499.18953559123
30637,6527.93894388981
30638,6498.0262466195
30639,6493.41516835696
30640,6500.13549745408
30641,6502.92903908272
30642,6503.84186588341
30643,6496.50427068469
30644,6534.11883022634
30645,6499.6080869964
30646,6508.38657459547
30647,5287.78986131055
30648,5254.07551143438
30649,5258.64367745071
30650,5279.56329424813
30651,5257.31584810004
30652,5251.4526262106
30653,5254.83728026419
30654,5253.15590065772
30655,5263.34788062014
30656,5261.60603779488
30657,5252.64429878289
30658,5267.79695983653
30659,5254.39946448908
30660,5258.10164472072
30661,5294.76074037665
30662,5296.46194246556
30663,5299.64384907255
30664,5261.93840464142
30665,5279.6901068987
30666,5258.13091401802
30667,5286.82154076885
30668,5294.00981860338
30669,5261.59819237351
30670,5262.89383216368
30671,5255.4925514548
30672,5250.94612448977
30673,5264.37102706712
30674,5254.44722925436
30675,5297.39518548858
30676,5292.78465322584
30677,5252.26587649906
30678,5247.17257348798
30679,5273.16044260695
30680,5274.05047158943
30681,5259.98414460145
30682,5270.05932218395
30683,5298.44088966033
30684,5298.332111203
30685,5250.13263543801
30686,5263.07062988914
30687,5259.07277104968
30688,4785.43537586114
30689,4787.1342157605
30690,4782.1156363724
30691,4787.59939331144
30692,4793.53222661619
30693,4803.14580916589
30694,4784.89051487554
30695,4793.41090292247
30696,4824.42547541986
30697,4826.1241584688
30698,4817.66505848708
30699,4791.58797470767
30700,4786.75890473378
30701,4825.04908617299
30702,4824.60311899972
30703,4801.09612037286
30704,4779.51520615503
30705,4781.91241950565
30706,4780.00664497802
30707,4786.36326101891
30708,4793.04494465461
30709,4778.95211759833
30710,4788.23194982911
30711,4817.24002973683
30712,4808.00979411443
30713,4776.10250483008
30714,4783.41098956361
30715,4791.86182370708
30716,4811.73842161241
30717,4807.86954356392
30718,4777.61811301311
30719,4777.80221705182
30720,4822.48161103292
30721,4787.82101211008
30722,4789.97668340679
30723,4786.48560524099
30724,4791.31545393079
30725,4794.70928835878
30726,4819.34838970783
30727,4794.95842957301
30728,4808.86536598686
30729,3221.27931673933
30730,3221.36245269513
30731,3226.48572074614
30732,3216.67031403158
30733,3217.99889354973
30734,3225.33890843362
30735,3220.34181186163
30736,3215.81654795821
30737,3228.26110877344
30738,3227.66280640792
30739,3221.72614171209
30740,3227.43187122422
30741,3230.92890222187
30742,3223.67158798786
30743,3224.2632450248
30744,3218.09193426191
30745,3215.08126501695
30746,3229.98997851656
30747,3221.12735309092
30748,3222.8390902206
30749,3215.67606204755
30750,3218.40110041158
30751,3215.40840761566
30752,3218.22690831211
30753,3224.29767683566
30754,3212.45358211809
30755,3220.78724217584
30756,3225.95648732831
30757,3219.75788131559
30758,3219.24458954322
30759,3212.52826003302
30760,3215.05756980584
30761,3215.57035449915
30762,3223.89102646162
30763,3218.16695964291
30764,3213.0853230372
30765,3222.27690820851
30766,3224.26598486226
30767,3215.15981647302
30768,3225.51802917962
30769,3218.32375258968
30770,7358.18128048458
30771,7376.6604790511
30772,7343.53244447648
30773,7341.80440605475
30774,7366.71425583215
30775,7360.21109572815
30776,7316.24121899456
30777,7349.04756503508
30778,7378.8214557086
30779,7376.20828157329
30780,7378.74130249179
30781,7382.98684199205
30782,7333.58930909115
30783,7320.33700061904
30784,7371.9764428073
30785,7365.93239544678
30786,7332.41220198214
30787,7337.5897182926
30788,7324.73131491118
30789,7330.78874529156
30790,7335.94291714227
30791,7349.77388617593
30792,7335.17760145149
30793,7345.84734726673
30794,7362.31228542926
30795,7344.1965642517
30796,7334.98265854929
30797,7332.86540538713
30798,7351.45281740719
30799,7329.42463032226
30800,7351.66110524952
30801,7324.51388678007
30802,7369.2099347141
30803,7339.07424503605
30804,7356.18731132007
30805,7336.00839391932
30806,7381.44166767319
30807,7339.50745652601
30808,7333.26001569004
30809,7370.89135837577
30810,7358.84310454807
30811,18331.3535199628
30812,18336.7329886466
30813,18333.7676877578
30814,18335.4251232779
30815,18346.5800187353
30816,18334.3127130428
30817,18355.174231869
30818,18345.2018881909
30819,18359.4236790859
30820,18358.5025626956
30821,18339.9107107497
30822,18344.2771355074
30823,18334.290649877
30824,18354.8308078977
30825,18354.5132420539
30826,18343.9622502318
30827,18353.4217312456
30828,18333.6878405005
30829,18336.7295412728
30830,18328.2832797987
30831,18346.5663941862
30832,18357.2218550375
30833,18355.9748049623
30834,18358.3130656301
30835,18344.3109274279
30836,18337.7487148433
30837,18339.8655693211
30838,18326.8846868163
30839,18345.1029523772
30840,18335.2201480088
30841,18340.9092163316
30842,18339.5953675765
30843,18355.455315488
30844,18338.6829509287
30845,18342.2102655811
30846,18358.8270702815
30847,18334.94911682
30848,18337.898024865
30849,18355.8033349657
30850,18343.0757933575
30851,3973.26260307383
30852,3992.30227377718
30853,3977.01157350185
30854,4008.90357215375
30855,3980.59798566456
30856,3986.3517075235
30857,3977.6371063696
30858,3977.76633455034
30859,3972.50098175232
30860,3990.40951736749
30861,3969.91060522053
30862,3985.95465794585
30863,3996.69639328724
30864,3987.74347410586
30865,3985.80244997448
30866,4013.40897464607
30867,3989.0701166461
30868,4014.01446182709
30869,3971.55076481171
30870,3993.34697349482
30871,3978.85360458709
30872,4001.23743688562
30873,4011.43417317924
30874,3981.60076899605
30875,3981.19912197222
30876,4002.44135208129
30877,3983.49567870321
30878,4015.08200785023
30879,3994.44394778206
30880,3999.6504868472
30881,3970.19746974498
30882,3985.88471166321
30883,3979.68931374143
30884,3975.83741396695
30885,3970.66442484964
30886,3993.0492517886
30887,3979.46679010864
30888,4013.77415464936
30889,3977.18401725553
30890,3981.52401090669
30891,4005.99934233907
30892,4778.10631562761
30893,4802.47470531261
30894,4786.52920899686
30895,4786.49612281237
30896,4797.14469196123
30897,4787.54562656275
30898,4796.01754411499
30899,4785.05567923086
30900,4789.59813105984
30901,4786.78894817984
30902,4791.90794726042
30903,4773.94515488491
30904,4798.53125608301
30905,4779.17973909036
30906,4798.62140702188
30907,4782.23119830026
30908,4783.17960395348
30909,4783.58583097291
30910,4777.84727691265
30911,4787.60532032619
30912,4802.36307608141
30913,4785.91942802379
30914,4771.57228870952
30915,4803.35051884042
30916,4782.05573798648
30917,4784.24894662216
30918,4787.81869845475
30919,4788.03986983015
30920,4785.00869858306
30921,4797.8413176894
30922,4790.03916632548
30923,4786.14341557691
30924,4804.23765498809
30925,4805.0575548776
30926,4782.75364751323
30927,4805.14709501096
30928,4789.85937464255
30929,4793.08306529065
30930,4791.71569506688
30931,4787.99572324781
30932,4798.89127725102
30933,8715.71557702308
30934,8737.22982696092
30935,8725.74654526458
30936,8724.88270669924
30937,8753.05636863031
30938,8719.5685865738
30939,8731.07428408885
30940,8707.23089433064
30941,8717.11791744398
30942,8708.60811018017
30943,8725.06704607123
30944,8737.46070087239
30945,8709.62984971093
30946,8750.4870872757
30947,8742.33313085344
30948,8707.52683775591
30949,8740.58064487662
30950,8720.5016191214
30951,8725.51139811984
30952,8744.34720506871
30953,8727.60999591717
30954,8723.68764105225
30955,8721.1620509627
30956,8713.22328534737
30957,8754.53383261205
30958,8729.48393874712
30959,8744.66414630303
30960,8705.77477005234
30961,8727.42078482418
30962,8721.38694182418
30963,8724.46290323431
30964,8716.54130356729
30965,8754.02986122468
30966,8711.16994770197
30967,8711.8337589915
30968,8752.4073938491
30969,8728.38343201999
30970,8712.99824451472
30971,8753.93004020822
30972,8714.64496163812
30973,8748.31328642852
30974,6852.68496662775
30975,6865.31285779815
30976,6886.37209879239
30977,6864.48038261903
30978,6879.39280104303
30979,6858.47074640445
30980,6854.1841134348
30981,6858.28430933466
30982,6848.86791177066
30983,6871.13867074199
30984,6878.55876059518
30985,6846.96584809518
30986,6853.3415150358
30987,6843.99526978692
30988,6878.35132074507
30989,6851.59078309401
30990,6843.76077400903
30991,6871.99499406244
30992,6898.80425249612
30993,6893.60093036125
30994,6845.26711745176
30995,6885.76480785091
30996,6842.2701264809
30997,6901.07187603728
30998,6846.56003221966
30999,6903.32312627247
31000,6842.57872088391
31001,6889.89086180074
31002,6902.68979882382
31003,6848.82524215675
31004,6846.15361833053
31005,6872.41760719498
31006,6896.6061427951
31007,6858.22155268597
31008,6851.85999703102
31009,6898.80839179315
31010,6901.18265276666
31011,6841.39308387763
31012,6844.13390349549
31013,6850.88969292163
31014,6845.38774034927
31015,6167.25436343854
31016,6160.27254205551
31017,6165.88158638482
31018,6179.48732613261
31019,6165.12288710118
31020,6154.50389064447
31021,6165.96910343696
31022,6161.24062520244
31023,6160.74835564028
31024,6173.68538017533
31025,6159.07087670445
31026,6152.9319069892
31027,6183.11301551963
31028,6157.03418696359
31029,6161.38417432574
31030,6194.87147128338
31031,6188.48992449905
31032,6167.38020817724
31033,6175.25031144756
31034,6195.57706500347
31035,6169.12381996944
31036,6164.05449188594
31037,6175.6723287648
31038,6165.54644212414
31039,6164.25376293625
31040,6164.63577344958
31041,6195.80969365827
31042,6158.12462412997
31043,6189.85874960505
31044,6155.22056495358
31045,6152.17647740319
31046,6163.29027947228
31047,6182.78300818403
31048,6153.5998923831
31049,6163.12101900129
31050,6194.11197273807
31051,6189.90531600669
31052,6152.25939275392
31053,6162.59768214939
31054,6161.30449842026
31055,6194.22396337161
31056,7937.16751361945
31057,7938.47114704977
31058,7941.90246992236
31059,7932.40858043381
31060,7936.86594449632
31061,7952.86073457894
31062,7939.90768591304
31063,7951.39675425928
31064,7946.53849215919
31065,7940.51846139384
31066,7946.383664937
31067,7930.87213636826
31068,7936.42364005168
31069,7939.87462296138
31070,7958.59349393492
31071,7938.00000298657
31072,7969.45316694574
31073,7931.85630049383
31074,7939.70165439663
31075,7935.06877705236
31076,7941.32774418091
31077,7928.57881939519
31078,7940.15735634569
31079,7969.18840004378
31080,7972.09000250334
31081,7928.6993723468
31082,7953.30550149816
31083,7971.18445138388
31084,7936.12353368718
31085,7941.14861241183
31086,7933.23828308096
31087,7945.0131387878
31088,7934.86151232696
31089,7933.31295677053
31090,7934.51540462448
31091,7963.91037725839
31092,7937.47458961069
31093,7961.80413825298
31094,7970.97820351086
31095,7967.67567297553
31096,7967.66979363065
31097,5860.70882888908
31098,5859.02540225847
31099,5875.71452957921
31100,5883.85512346272
31101,5865.30798719773
31102,5898.81746009035
31103,5864.84068654306
31104,5870.88880266023
31105,5867.86594391789
31106,5866.61663836016
31107,5866.18133654929
31108,5853.97679645765
31109,5855.52093323014
31110,5902.79840843125
31111,5871.23322880693
31112,5865.30985308664
31113,5853.67331618095
31114,5902.83517878871
31115,5855.9703259847
31116,5865.73224930724
31117,5887.44460028613
31118,5893.17517570142
31119,5871.16639437355
31120,5864.10640858529
31121,5865.1065567662
31122,5885.34471719946
31123,5877.70257466438
31124,5866.57043347054
31125,5869.17840048087
31126,5878.40074157032
31127,5862.46113010515
31128,5875.09627683702
31129,5905.16271005863
31130,5866.00996611831
31131,5859.84789501656
31132,5902.65055089564
31133,5860.48478733613
31134,5901.94656973492
31135,5899.46359482553
31136,5894.69180742274
31137,5905.33846110505
31138,5304.46779254264
31139,5304.87150193567
31140,5317.24616773457
31141,5298.77195318076
31142,5301.66585984436
31143,5306.39477796225
31144,5310.49566972713
31145,5303.82212722104
31146,5312.68389941122
31147,5314.08295469348
31148,5299.64953932301
31149,5301.52386439602
31150,5304.91354923682
31151,5310.27062677578
31152,5302.57891547184
31153,5313.40304799348
31154,5306.16285200048
31155,5303.46531782409
31156,5314.44234177829
31157,5311.75056829384
31158,5313.00835497781
31159,5307.57437415102
31160,5304.11976033336
31161,5303.66334375531
31162,5299.55958091829
31163,5301.99083287689
31164,5303.05195423426
31165,5309.30740772648
31166,5313.31979729908
31167,5310.32078568602
31168,5303.88657481954
31169,5304.88981602298
31170,5303.22008472023
31171,5308.30930146054
31172,5300.0221683427
31173,5301.77635825695
31174,5314.20727031755
31175,5299.27200719855
31176,5301.56859118748
31177,5301.51724888131
31178,4477.66919641176
31179,4495.4931680717
31180,4519.4626326621
31181,4491.40980680708
31182,4484.45128728814
31183,4488.4443203467
31184,4511.16181266323
31185,4510.65397709134
31186,4495.96005515655
31187,4498.75635856785
31188,4483.0304559268
31189,4520.42619684412
31190,4488.86152547809
31191,4498.37698607967
31192,4498.17068391698
31193,4488.33156986309
31194,4480.07079725083
31195,4500.60137199322
31196,4477.86738320484
31197,4480.34420109011
31198,4472.13172009556
31199,4486.14243085037
31200,4498.44576428836
31201,4476.52292633885
31202,4519.03183275103
31203,4494.47600727491
31204,4517.4349896941
31205,4483.84529540596
31206,4513.88907848216
31207,4516.04636751076
31208,4492.25268534215
31209,4477.33448419464
31210,4504.23136938898
31211,4495.81524341671
31212,4507.71648087788
31213,4518.51869063606
31214,4509.35338792172
31215,4500.31436573365
31216,4494.2551425763
31217,4505.20165571178
31218,4491.11561823043
31219,8770.10313745218
31220,8758.26392085314
31221,8775.3647122485
31222,8770.27588073084
31223,8804.30012724762
31224,8762.963323085
31225,8766.24216741551
31226,8806.87070417926
31227,8777.99889697321
31228,8761.01914885036
31229,8771.70802952935
31230,8764.41804140517
31231,8793.07941261412
31232,8781.67826799667
31233,8753.10560132286
31234,8776.56684404782
31235,8778.32886170796
31236,8778.67998881501
31237,8780.47497196661
31238,8757.0903959957
31239,8760.84071575434
31240,8788.49095166404
31241,8759.50256181775
31242,8757.97374764259
31243,8764.72344862913
31244,8804.07631457404
31245,8807.10447914438
31246,8773.87899979835
31247,8766.43943915078
31248,8764.30035690455
31249,8787.97816100165
31250,8795.82001251866
31251,8792.49555088675
31252,8775.04630257583
31253,8769.62846142103
31254,8800.16332248609
31255,8774.5185199942
31256,8778.03558125803
31257,8796.69895934723
31258,8805.63039989237
31259,8803.23585835384
31260,5454.39300002578
31261,5421.54451130131
31262,5418.16958406561
31263,5418.04976969692
31264,5458.25902709656
31265,5432.12081318463
31266,5458.38986195016
31267,5421.54533844606
31268,5427.31627488146
31269,5439.67909757084
31270,5431.90299569004
31271,5433.65637121523
31272,5438.27613350636
31273,5427.15929756791
31274,5419.71168636932
31275,5419.75517585694
31276,5425.27950778255
31277,5455.66640334766
31278,5428.56720705016
31279,5441.74695976435
31280,5454.48958596359
31281,5416.96474332207
31282,5417.81734292134
31283,5426.68565744832
31284,5417.99174543879
31285,5429.76471065013
31286,5418.98165775893
31287,5427.09763225303
31288,5449.18081326511
31289,5431.21399097909
31290,5422.77732720376
31291,5422.52549368638
31292,5433.11197599241
31293,5443.6889160863
31294,5455.05671491607
31295,5445.11346547449
31296,5421.60148135435
31297,5411.4709695842
31298,5417.85052629783
31299,5450.71869507495
31300,5445.57370748574
31301,6841.26543784014
31302,6850.29321576944
31303,6870.56638457517
31304,6843.04075141043
31305,6826.71378964068
31306,6836.3452622601
31307,6828.94743968506
31308,6832.9476534518
31309,6872.84023242379
31310,6829.30249022435
31311,6837.80069979425
31312,6874.05221877433
31313,6838.41131919844
31314,6838.5140171276
31315,6839.88249484371
31316,6847.40268610367
31317,6840.09589335331
31318,6827.58221476874
31319,6827.92651470484
31320,6872.83222593513
31321,6832.8078240374
31322,6867.61706142488
31323,6849.91340030438
31324,6839.13666661363
31325,6834.30723018902
31326,6839.3295360017
31327,6854.38409441324
31328,6827.77419834988
31329,6871.66652713701
31330,6833.45929124526
31331,6823.668761964
31332,6824.57459708976
31333,6824.7516793602
31334,6826.95945489357
31335,6864.04178594221
31336,6820.02069435706
31337,6856.2730600467
31338,6825.31340028356
31339,6859.34634462436
31340,6828.97706858731
31341,6865.18094953702
31342,7330.06253422622
31343,7334.01323273
31344,7299.96483656203
31345,7288.39282249425
31346,7292.36005976871
31347,7290.90224880661
31348,7293.01010232711
31349,7309.66596123795
31350,7309.22968935783
31351,7294.85454388606
31352,7290.18971445996
31353,7331.23284017277
31354,7286.39408912963
31355,7305.24159610873
31356,7292.66664698439
31357,7293.71887473566
31358,7293.2377509542
31359,7334.69813581582
31360,7299.54256722828
31361,7292.90855828521
31362,7288.35704928474
31363,7294.24706040869
31364,7314.27392510509
31365,7304.52756097459
31366,7291.0329726094
31367,7327.03340281908
31368,7290.74649045771
31369,7289.57417161728
31370,7312.73839355903
31371,7289.0323455363
31372,7296.65184959863
31373,7332.46532215754
31374,7333.54338584166
31375,7301.83308213911
31376,7331.59968821134
31377,7327.72661318205
31378,7285.24241285889
31379,7317.87182243334
31380,7299.72297883857
31381,7322.69060915918
31382,7289.38616858934
31383,4607.49953212728
31384,4601.72989247306
31385,4616.26310276044
31386,4618.24181781651
31387,4598.12599885859
31388,4597.9195173497
31389,4613.09060657327
31390,4604.67030028506
31391,4601.65998333083
31392,4598.77211069836
31393,4613.76456052833
31394,4610.6592615086
31395,4595.90954939151
31396,4611.22352598352
31397,4603.77984695466
31398,4615.14962331692
31399,4602.10891216333
31400,4614.09924416942
31401,4609.18004675298
31402,4609.33529716214
31403,4620.03897888764
31404,4613.51647724734
31405,4607.50638723446
31406,4600.63554249207
31407,4611.03321415604
31408,4607.98287857108
31409,4615.86501994423
31410,4607.73416172032
31411,4605.35429946772
31412,4612.83154872936
31413,4614.57001161423
31414,4617.50213903067
31415,4598.6307457265
31416,4616.59422069474
31417,4613.86792279738
31418,4618.1705231302
31419,4601.81078419524
31420,4607.07302278252
31421,4612.49645560164
31422,4610.93484279397
31423,7325.19031560727
31424,7326.13408058849
31425,7339.43146623383
31426,7324.3747035454
31427,7328.67175758472
31428,7321.18050529001
31429,7335.85684553391
31430,7329.62942806143
31431,7326.81146833905
31432,7340.95058537193
31433,7327.84021919206
31434,7337.76678653921
31435,7333.57468931616
31436,7331.51340437768
31437,7323.65900712784
31438,7329.78386653933
31439,7323.70565780804
31440,7340.91957165578
31441,7341.48133618491
31442,7328.80354065771
31443,7330.39715343685
31444,7337.21868310018
31445,7320.91067157294
31446,7324.82274453754
31447,7330.12812290417
31448,7324.72356587843
31449,7322.24442963181
31450,7338.79182499065
31451,7322.74345685782
31452,7329.83898010931
31453,7327.41938382534
31454,7320.28252569369
31455,7316.25290143362
31456,7315.47583203848
31457,7326.55369171304
31458,7322.69777057789
31459,7319.19848344468
31460,7343.03692815723
31461,7326.58686548743
31462,7316.5466860689
31463,5601.81437109301
31464,5628.07701369057
31465,5628.52606104774
31466,5599.19469901764
31467,5597.3040064309
31468,5598.15325963883
31469,5605.59003614306
31470,5595.654719794
31471,5614.8094042957
31472,5616.44325370566
31473,5601.81500429947
31474,5615.68578343307
31475,5605.08954493363
31476,5619.23541906461
31477,5620.25477543893
31478,5624.11874021162
31479,5606.69343769756
31480,5597.97422036492
31481,5604.09512399608
31482,5624.71836587929
31483,5609.84971601565
31484,5611.22346046398
31485,5604.4347612077
31486,5627.09685498578
31487,5601.47199107274
31488,5592.45942989941
31489,5606.20665487297
31490,5597.33639854238
31491,5593.83906058643
31492,5603.62690972502
31493,5605.57336409793
31494,5599.35675661775
31495,5609.12626021359
31496,5605.14513567616
31497,5600.9925375352
31498,5597.09717299113
31499,5599.82196886661
31500,5595.63306580157
31501,5623.86500385955
31502,5625.68839581959
31503,5599.99568127753
31504,3418.92372629584
31505,3408.36863180888
31506,3413.06341533373
31507,3411.28401025714
31508,3425.6200207189
31509,3415.2932899788
31510,3407.22349938256
31511,3432.31692463158
31512,3434.28299344652
31513,3436.55356234059
31514,3428.83634462022
31515,3439.51843870024
31516,3417.97752192413
31517,3440.01633437918
31518,3422.96992467025
31519,3424.86553548754
31520,3433.33074000519
31521,3444.87776082007
31522,3444.5412553359
31523,3408.57488704613
31524,3402.19835732189
31525,3413.55494125388
31526,3445.75611960061
31527,3440.59469454796
31528,3407.37537356978
31529,3427.08944621188
31530,3432.06299459737
31531,3419.92765244835
31532,3444.25672126169
31533,3427.10242307912
31534,3420.75112132528
31535,3397.23769606319
31536,3418.49276750135
31537,3422.40493098176
31538,3416.78835252545
31539,3432.71617182457
31540,3447.41461872274
31541,3447.65138415223
31542,3430.03574046448
31543,3425.23422800496
31544,3436.62594169134
31545,8299.77393944006
31546,8310.78683758653
31547,8303.79961499779
31548,8299.23783303838
31549,8300.05034307304
31550,8307.56818366881
31551,8302.71170812625
31552,8289.30698897454
31553,8344.88524637211
31554,8314.01153049475
31555,8333.95018184977
31556,8346.3287664272
31557,8350.69605249685
31558,8293.83338252694
31559,8335.10217474165
31560,8327.30552507117
31561,8289.22842718137
31562,8286.75583393882
31563,8310.73813516037
31564,8333.69020573177
31565,8294.51337055627
31566,8316.11580217393
31567,8337.94629188443
31568,8325.87032669294
31569,8300.18662578269
31570,8300.33123912167
31571,8351.49202019745
31572,8306.56398309445
31573,8304.45520794227
31574,8296.14014048523
31575,8284.73781100298
31576,8347.5854961949
31577,8315.63191418705
31578,8290.98170418594
31579,8344.65403664785
31580,8295.0321027844
31581,8323.57473939641
31582,8299.39930738625
31583,8306.72228308475
31584,8307.91353488271
31585,8325.87252468109
31586,7924.16534084046
31587,7890.70791951396
31588,7883.86489950507
31589,7928.4545093039
31590,7896.54140418733
31591,7898.05754932676
31592,7911.16805505732
31593,7925.93184167606
31594,7876.5806712188
31595,7912.28771806162
31596,7900.05891900434
31597,7911.80402159439
31598,7887.2085936954
31599,7917.69560616742
31600,7929.65112695592
31601,7917.32305521402
31602,7896.1862447122
31603,7895.37061255033
31604,7901.707879025
31605,7899.13061413862
31606,7925.85783767131
31607,7895.87748596053
31608,7905.7663531698
31609,7878.212701799
31610,7909.2892213024
31611,7895.59648547126
31612,7909.01125991419
31613,7912.57471679742
31614,7906.46388712745
31615,7894.90024497653
31616,7891.94402425722
31617,7889.47503903291
31618,7880.25843618397
31619,7894.65138503048
31620,7923.01166609115
31621,7901.30078679332
31622,7900.55980913364
31623,7889.19679000927
31624,7906.38958955852
31625,7896.02256152262
31626,7904.27588865272
31627,7923.47707255344
31628,7897.57525124736
31629,7909.01355221556
31630,7884.60566573486
31631,7905.089787255
31632,7918.72196808963
31633,7898.05951691815
31634,4253.93260958309
31635,4232.52350640657
31636,4265.32048162373
31637,4255.02421110381
31638,4240.8185755539
31639,4263.29423084254
31640,4219.16333232501
31641,4235.3587191155
31642,4231.42992515244
31643,4243.87963231608
31644,4232.99644262109
31645,4227.86938020391
31646,4232.82556150591
31647,4263.24775400415
31648,4235.03781358175
31649,4246.03253504656
31650,4222.25818816248
31651,4250.29563355417
31652,4222.47143806652
31653,4229.78167587298
31654,4240.05935845843
31655,4232.77052982924
31656,4260.27822291333
31657,4250.43117714141
31658,4222.12719075601
31659,4266.93353604333
31660,4237.54808931231
31661,4234.35858395496
31662,4236.90228795622
31663,4243.32149203162
31664,4260.37731808982
31665,4238.47560488422
31666,4252.52628759949
31667,4218.63283408497
31668,4237.20691781548
31669,4226.10029806835
31670,4220.13566347234
31671,4235.07699755619
31672,4243.53060601285
31673,4246.82761032333
31674,4232.82753862924
31675,7538.77319629115
31676,7503.96787921504
31677,7503.40863691656
31678,7507.97182401839
31679,7535.82718308443
31680,7507.93071666512
31681,7514.26831791159
31682,7533.62933951354
31683,7529.91878505542
31684,7525.11079671515
31685,7503.07204905613
31686,7516.32629388751
31687,7530.86082165298
31688,7495.75717804773
31689,7495.56379045664
31690,7495.84065429458
31691,7512.85038836444
31692,7539.82149495638
31693,7504.94589779774
31694,7505.69191190984
31695,7504.16175631031
31696,7500.91728448787
31697,7538.25828967266
31698,7499.55897862553
31699,7503.28184604899
31700,7495.38731581334
31701,7497.76202750163
31702,7502.74711668258
31703,7509.05371268003
31704,7516.81162324271
31705,7498.60658380136
31706,7498.39518844337
31707,7535.35904749009
31708,7538.75666734963
31709,7520.40791892318
31710,7503.44982722955
31711,7505.73851025766
31712,7503.52866589436
31713,7503.17810315784
31714,7503.33295401202
31715,7502.93164211257
31716,6781.49516423493
31717,6736.68096912757
31718,6784.40572700545
31719,6734.04934924739
31720,6735.97042479485
31721,6766.37012898544
31722,6747.1157781613
31723,6735.85151543831
31724,6785.46917957455
31725,6778.70105539153
31726,6778.67156286792
31727,6743.52619156352
31728,6750.47542691103
31729,6786.49525280697
31730,6783.26495481405
31731,6748.39969310582
31732,6746.17458525603
31733,6750.54034168453
31734,6786.92330107545
31735,6762.34213984995
31736,6772.4232688159
31737,6747.26080212275
31738,6744.89638941115
31739,6749.53935804105
31740,6742.87719617823
31741,6739.35223859936
31742,6756.42154957496
31743,6750.27267749772
31744,6734.66811905156
31745,6742.94436254354
31746,6743.7621195794
31747,6739.19503464017
31748,6783.4154730181
31749,6764.08746489459
31750,6743.17929141283
31751,6757.80529574062
31752,6753.64935971339
31753,6750.48087674688
31754,6748.11574931347
31755,6748.50544284521
31756,6784.42973122699
31757,4318.69521903306
31758,4351.53808122051
31759,4356.90671405354
31760,4361.02873439533
31761,4303.51677524164
31762,4307.36511226244
31763,4344.21629264116
31764,4319.81198156341
31765,4348.07883551115
31766,4349.51379046487
31767,4328.90431002093
31768,4318.73116695564
31769,4309.82740746597
31770,4359.03534651234
31771,4328.38667610378
31772,4344.33258202756
31773,4315.71419124583
31774,4319.21877715122
31775,4328.49215959882
31776,4310.29816185021
31777,4360.48754726505
31778,4314.35132151773
31779,4324.10280841924
31780,4342.08262564675
31781,4340.9186102463
31782,4322.65756720368
31783,4358.62100840104
31784,4334.29274899019
31785,4338.74497574733
31786,4321.87538055093
31787,4329.16137691294
31788,4325.58762986446
31789,4304.30748391826
31790,4356.70867481027
31791,4327.00737074761
31792,4332.42836391969
31793,4324.58696942732
31794,4321.96224081731
31795,4326.06767823222
31796,4314.60528192166
31797,4351.73037928572
31798,4320.3390034351
31799,4306.78078026926
31800,4358.30296046524
31801,4333.23481562307
31802,4348.70208535429
31803,4317.65449320701
31804,4326.53885246
31805,9429.67035957841
31806,9453.67722929825
31807,9434.05811278709
31808,9442.98370599609
31809,9432.58596569372
31810,9424.56856133092
31811,9447.25090858134
31812,9416.34610596656
31813,9419.73762676155
31814,9431.14415052978
31815,9425.77115256114
31816,9447.88529323933
31817,9424.55107429285
31818,9425.57260555358
31819,9430.66639099643
31820,9454.53530590246
31821,9419.99907277275
31822,9431.83460763425
31823,9438.30058347898
31824,9428.43162656427
31825,9432.08527998499
31826,9432.54261350919
31827,9437.77473383227
31828,9416.9311501739
31829,9415.39433919644
31830,9451.37198938271
31831,9435.42670308411
31832,9418.97371024337
31833,9451.11354936094
31834,9431.94960446225
31835,9420.22771261949
31836,9428.42298353955
31837,9426.18621368561
31838,9453.59520359966
31839,9423.36384744871
31840,9453.80213820206
31841,9452.77358288109
31842,9427.21941267061
31843,9428.94927087152
31844,9443.59364756284
31845,9420.32179762774
31846,6018.73727425296
31847,6012.49608518218
31848,6013.59199465162
31849,6022.61243964708
31850,6009.89894617271
31851,6036.51847175705
31852,6012.14758584454
31853,6014.58225314823
31854,6006.82891756428
31855,6017.06186617652
31856,6038.52328396435
31857,6025.14144617153
31858,6007.40697092414
31859,6008.5333904835
31860,6037.5573085792
31861,6033.91813920632
31862,6033.78039263441
31863,6030.74668387309
31864,6013.73548098853
31865,6015.87336631211
31866,6019.13307162447
31867,6027.62917288912
31868,6014.38123595434
31869,6039.41019725367
31870,6015.51180854132
31871,6012.33124689895
31872,6027.90719889002
31873,6015.99228380056
31874,6035.66105705738
31875,6019.3832371554
31876,6023.23334014573
31877,6039.59413793036
31878,6033.68203340056
31879,6040.40932271443
31880,6021.73721090653
31881,6013.91612005812
31882,6021.0248217633
31883,6035.00612876615
31884,6016.86533432095
31885,6020.14808317608
31886,6011.91645848674
31887,8255.96979298331
31888,8239.91684100183
31889,8236.03762047635
31890,8270.1011827596
31891,8241.54097089402
31892,8264.22327014055
31893,8240.82996930008
31894,8233.63037818005
31895,8275.34871177565
31896,8237.61310304179
31897,8255.25698643121
31898,8245.44564565274
31899,8251.71977130269
31900,8237.0546080722
31901,8242.06970206007
31902,8237.25222319899
31903,8247.95327911181
31904,8243.55037120352
31905,8240.19522469381
31906,8235.17639486082
31907,8231.84302842788
31908,8237.32872041647
31909,8233.92258928958
31910,8231.92944459746
31911,8242.31757526308
31912,8242.20355979323
31913,8239.76904214572
31914,8274.01806632626
31915,8235.66675506695
31916,8239.54444408553
31917,8233.6251699958
31918,8262.63370494597
31919,8268.72416864179
31920,8252.55555335649
31921,8267.17007887133
31922,8236.05897119456
31923,8242.67194761913
31924,8272.46419932666
31925,8233.27475372649
31926,8244.15126499505
31927,8233.55475408408
31928,4462.81687180503
31929,4427.74575004947
31930,4455.69977930589
31931,4467.74354788893
31932,4429.0668315011
31933,4445.78899117782
31934,4430.26916251593
31935,4429.07098870578
31936,4431.33246159044
31937,4416.26248950447
31938,4416.62415838187
31939,4416.09594610295
31940,4413.66157111079
31941,4450.77193226416
31942,4426.40268930293
31943,4426.0338728312
31944,4447.85615963337
31945,4419.83019620264
31946,4462.2983950706
31947,4414.83221341336
31948,4473.16714766899
31949,4432.94515835089
31950,4427.50430270367
31951,4440.55325970108
31952,4470.86593922234
31953,4434.19411183248
31954,4471.02884759479
31955,4470.99827836079
31956,4425.60510254804
31957,4467.89634419573
31958,4434.19740766697
31959,4469.37841000142
31960,4424.90618515808
31961,4472.76562610426
31962,4423.60001490461
31963,4418.96407826476
31964,4426.96256280038
31965,4423.54111344014
31966,4436.06155590635
31967,4425.80708936382
31968,4443.80719177583
31969,4874.35579695468
31970,4887.12744774367
31971,4914.16760259944
31972,4880.0582897702
31973,4896.74235013327
31974,4892.79388299566
31975,4921.12352725509
31976,4872.31099451472
31977,4879.28170210747
31978,4883.97425281823
31979,4903.83063572262
31980,4873.6441844507
31981,4875.05617990154
31982,4899.65632064511
31983,4885.88899292604
31984,4868.56093333746
31985,4921.12978488909
31986,4887.90768836515
31987,4876.4427954117
31988,4873.45235734331
31989,4919.46850128481
31990,4884.35251121618
31991,4885.44761514719
31992,4906.05887716615
31993,4874.47483067424
31994,4873.81342188811
31995,4913.21453816731
31996,4876.16113284979
31997,4874.67775835942
31998,4913.69462512192
31999,4884.90280712972
32000,4885.35951081071
32001,4881.32079877422
32002,4920.25051503948
32003,4888.78271059279
32004,4895.42333443663
32005,4878.09133820256
32006,4891.81348517331
32007,4918.69858834875
32008,4873.4264815221
32009,4878.99546535077
32010,6094.3865891329
32011,6096.33473649365
32012,6097.29614956911
32013,6089.05375901363
32014,6089.10089225868
32015,6085.90103428152
32016,6087.87309777625
32017,6081.28542592924
32018,6091.85407365849
32019,6102.79959391326
32020,6112.02294641245
32021,6103.12157375858
32022,6109.44788654555
32023,6094.05234633866
32024,6120.14046996895
32025,6082.78210697584
32026,6078.55286007532
32027,6070.28455255623
32028,6088.28913956528
32029,6094.4713486454
32030,6107.05493684914
32031,6072.80569779961
32032,6095.41485126147
32033,6091.57096755886
32034,6075.38251599782
32035,6076.88603298394
32036,6117.81610802534
32037,6087.22587466421
32038,6107.52980338718
32039,6076.90178186377
32040,6115.39376949046
32041,6087.70917588607
32042,6082.92819510836
32043,6120.74483720299
32044,6122.33976454197
32045,6086.80297078722
32046,6087.35937001734
32047,6087.71826204295
32048,6120.61939601191
32049,6105.344371939
32050,6098.18023949172
32051,3601.91923456827
32052,3584.9604229656
32053,3596.43124342945
32054,3587.38368697429
32055,3615.97973131867
32056,3591.05500528251
32057,3595.98668577089
32058,3589.89407688663
32059,3586.16098510012
32060,3607.35065670224
32061,3611.54833013256
32062,3598.50730688341
32063,3604.98289882566
32064,3583.67572290804
32065,3609.23331155877
32066,3616.10118083062
32067,3614.94958096099
32068,3593.76940799767
32069,3613.20142241168
32070,3594.85208624215
32071,3614.37106877411
32072,3603.66484749492
32073,3616.33737065078
32074,3616.33439925487
32075,3588.69015060846
32076,3592.56623791683
32077,3600.24191271305
32078,3595.90086374221
32079,3586.43916782029
32080,3612.55857031745
32081,3617.0634516743
32082,3591.07831575947
32083,3598.71614849455
32084,3585.06856347659
32085,3592.10867254527
32086,7218.6367875268
32087,7211.60401344307
32088,7244.21993889711
32089,7215.84823659285
32090,7226.72816748468
32091,7215.47600247679
32092,7213.68747144511
32093,7245.97670256561
32094,7230.50619888475
32095,7216.81370924091
32096,7242.5068716677
32097,7219.60963717111
32098,7203.26472198971
32099,7199.83433358504
32100,7212.82711013277
32101,7201.45681911444
32102,7219.53914896869
32103,7217.96891336537
32104,7225.64398031578
32105,7207.9824935794
32106,7238.09750853241
32107,7233.66052116443
32108,7212.40491106421
32109,7209.6827835706
32110,7244.59031202552
32111,7232.68408751989
32112,7209.20525815874
32113,7235.97990196645
32114,7213.61624656898
32115,7205.04525969862
32116,7226.41546046586
32117,7212.75981165696
32118,7240.30985073288
32119,7221.22037451721
32120,7199.93000868803
32121,7197.51838626939
32122,7211.41706389946
32123,7244.57060451105
32124,7213.7770506402
32125,7206.15603780935
32126,7210.86894052349
32127,3860.69581061294
32128,3895.94241127102
32129,3897.35477629407
32130,3872.89863811886
32131,3853.05731539549
32132,3853.56113766126
32133,3865.03414795096
32134,3852.53814854593
32135,3846.98818534655
32136,3866.07719216414
32137,3865.21928411943
32138,3848.54746994267
32139,3862.91926209735
32140,3879.66771267579
32141,3855.44966791707
32142,3886.53493450575
32143,3842.95795585792
32144,3872.18345729096
32145,3853.9402232122
32146,3884.76125962451
32147,3857.36850737911
32148,3857.47288702451
32149,3860.29736483515
32150,3854.83844954632
32151,3860.28671668109
32152,3850.72089078936
32153,3890.13247017919
32154,3892.72258178945
32155,3848.12733775316
32156,3876.50099622865
32157,3876.0293259372
32158,3856.73213162706
32159,3851.46130048511
32160,3867.7610263948
32161,3860.05893562995
32162,3864.10110931964
32163,3895.60818495553
32164,3859.12181439368
32165,3847.75800129213
32166,3881.78522444974
32167,3895.75776571148
32168,6216.42718797142
32169,6239.81727873247
32170,6210.7265277833
32171,6226.668120467
32172,6205.17180874233
32173,6227.55318557226
32174,6253.55889376957
32175,6219.92666808677
32176,6204.39793429176
32177,6214.11545441154
32178,6229.20787073368
32179,6223.32337505201
32180,6257.52485493861
32181,6201.7360760232
32182,6237.7272893252
32183,6245.03049596787
32184,6256.22787709997
32185,6220.61944045246
32186,6201.40500457025
32187,6200.21455528942
32188,6226.39219247902
32189,6214.68533061378
32190,6256.8188563424
32191,6252.00788046958
32192,6217.78573613421
32193,6222.27018901592
32194,6256.45623589499
32195,6217.06208993556
32196,6232.99445314823
32197,6233.61300828743
32198,6252.24825436555
32199,6257.87817408959
32200,6203.44038176614
32201,6207.87172167644
32202,6226.77848458976
32203,6213.14875559418
32204,6212.9995009871
32205,6214.064664563
32206,6220.79499934252
32207,6216.20421333102
32208,6245.54690023477
32209,4714.12327102484
32210,4712.5104870423
32211,4702.47311573213
32212,4714.69587579976
32213,4717.30816760431
32214,4733.86238266808
32215,4701.77953952904
32216,4695.49884226643
32217,4691.71707293866
32218,4705.14938144741
32219,4695.13408772405
32220,4725.84163334662
32221,4735.00095687216
32222,4694.38923417617
32223,4686.91874613573
32224,4724.87864669595
32225,4714.23639163378
32226,4699.85516237631
32227,4724.53899372704
32228,4718.43681840244
32229,4707.41211536321
32230,4732.80964077351
32231,4739.51916819358
32232,4707.10656036545
32233,4697.73874420668
32234,4743.46253201322
32235,4702.43846609978
32236,4744.132037704
32237,4722.1020842542
32238,4708.566951468
32239,4740.1656385237
32240,4696.52088776419
32241,4738.59627680723
32242,4696.23761753898
32243,4698.06558326697
32244,4714.86368059363
32245,4740.7636088294
32246,4711.69195498228
32247,4701.68777049372
32248,4730.03078564765
32249,4729.43251143945
32250,5178.32623516134
32251,5189.89892210544
32252,5184.61566319958
32253,5183.47467749289
32254,5181.17120529147
32255,5182.43773418709
32256,5192.70626862293
32257,5190.1028123308
32258,5181.7097290271
32259,5184.65740765331
32260,5181.71058636657
32261,5180.54007422601
32262,5182.04689002133
32263,5197.97431101367
32264,5181.2706873504
32265,5188.50891774598
32266,5179.18664268147
32267,5195.16246704729
32268,5187.38718401711
32269,5179.20727438029
32270,5178.0564303353
32271,5180.14542843755
32272,5196.05705000069
32273,5179.75273463377
32274,5179.50433110101
32275,5200.18460181539
32276,5175.69104285614
32277,5198.7145797308
32278,5177.73101017378
32279,5199.76767352261
32280,5199.24750693945
32281,5180.1027030618
32282,5178.64837909691
32283,5183.41693363669
32284,5181.70039621409
32285,5180.05052537243
32286,5200.24434861174
32287,5183.4372648263
32288,5198.85896090447
32289,5199.47409945439
32290,5491.02550565038
32291,5514.45548694702
32292,5504.97653752758
32293,5511.8210371091
32294,5510.59135585459
32295,5504.33667301514
32296,5511.36926316254
32297,5510.88533449844
32298,5500.76843380599
32299,5510.4192956087
32300,5492.84914664832
32301,5508.10344207217
32302,5488.56015631341
32303,5493.7617370691
32304,5491.66160031188
32305,5514.27166436381
32306,5516.9495824962
32307,5506.380143875
32308,5495.90471734718
32309,5510.26379091096
32310,5502.7407542222
32311,5503.49940354844
32312,5516.8170196425
32313,5502.65597712687
32314,5498.32543969708
32315,5507.23325866086
32316,5493.71412412832
32317,5505.11883847779
32318,5509.45531795972
32319,5506.51725711623
32320,5520.81631049126
32321,5509.86381541089
32322,5519.07414401374
32323,5499.71866150438
32324,5516.82021874868
32325,5497.50445926658
32326,5515.51027757978
32327,5491.86137392749
32328,5520.42044016587
32329,5517.77659142353
32330,5508.22885756286
32331,6270.83271998082
32332,6255.79540159593
32333,6281.38937173247
32334,6259.36272114488
32335,6254.38828992285
32336,6246.23228355353
32337,6289.93737322148
32338,6252.01639814796
32339,6243.25478513571
32340,6252.17189777541
32341,6257.7189828933
32342,6231.73780207738
32343,6255.3116468404
32344,6263.76353060934
32345,6237.78019420713
32346,6288.60553992478
32347,6232.28449663422
32348,6238.90046945353
32349,6232.36852753776
32350,6287.00267981665
32351,6261.74690634288
32352,6272.51541949513
32353,6241.62486659199
32354,6261.21368168028
32355,6256.18366339048
32356,6285.73284960557
32357,6271.24330116485
32358,6250.64996322768
32359,6283.80619454967
32360,6248.9302155319
32361,6239.37403697995
32362,6244.22094627515
32363,6234.85745587775
32364,6258.9921512531
32365,6245.41402765045
32366,6286.50741301783
32367,6276.63458454674
32368,6280.14113688563
32369,6257.72576910534
32370,6273.60199265757
32371,6234.32980932491
32372,6442.43391372489
32373,6436.95377110595
32374,6448.04544108386
32375,6447.50958015505
32376,6453.01934487281
32377,6443.06951077939
32378,6446.99181888851
32379,6469.49693567191
32380,6481.04859683414
32381,6459.54102071359
32382,6456.35377458916
32383,6466.36703779513
32384,6443.21761892613
32385,6494.25302512138
32386,6444.56337312181
32387,6490.34763337962
32388,6445.36944639334
32389,6441.03695770857
32390,6455.73785300481
32391,6450.50674382366
32392,6484.05848429067
32393,6462.90375023072
32394,6485.45170687025
32395,6460.21188090824
32396,6461.35500460851
32397,6465.64087491898
32398,6449.70626320787
32399,6492.94315151042
32400,6455.00597336797
32401,6494.72862216829
32402,6481.21021209636
32403,6475.90573084733
32404,6452.07960569235
32405,6493.85440562582
32406,6444.15522399068
32407,6452.29234736335
32408,6488.66155129521
32409,6444.89707362273
32410,6476.38940892227
32411,6495.25960077205
32412,6456.97082200382
32413,7763.72681737406
32414,7757.54027433421
32415,7785.07513801571
32416,7788.13230879059
32417,7748.85717321699
32418,7752.5077056693
32419,7746.35798208568
32420,7779.01178250145
32421,7747.63066766682
32422,7760.78074413385
32423,7753.53285284575
32424,7753.46741952475
32425,7750.54999087604
32426,7766.42145671853
32427,7753.18425791882
32428,7751.18054378782
32429,7738.89989573039
32430,7784.85388706383
32431,7785.96481739279
32432,7747.25860832299
32433,7775.93851246282
32434,7750.15353931285
32435,7781.44552664415
32436,7787.06616446397
32437,7738.88986014343
32438,7749.90830101009
32439,7769.91554967432
32440,7751.43466458315
32441,7788.93052474142
32442,7761.86003988095
32443,7766.62270521337
32444,7754.62510089875
32445,7785.52036969076
32446,7768.98555375108
32447,7748.37301899859
32448,7742.88682170028
32449,7741.0683662331
32450,7746.82033000745
32451,7739.88078411009
32452,7753.77476009863
32453,7739.2636589071
32454,5458.64675011237
32455,5451.78891783231
32456,5453.4211946079
32457,5472.93518637021
32458,5448.00996940331
32459,5458.39880373372
32460,5458.11099032835
32461,5448.69557684348
32462,5457.85423787453
32463,5457.4163781376
32464,5471.79374449216
32465,5453.41851339117
32466,5452.04917731943
32467,5452.30911313119
32468,5464.27098004105
32469,5452.79522083859
32470,5456.64117397178
32471,5458.68302994491
32472,5459.6685234676
32473,5446.97503617478
32474,5454.73656236024
32475,5463.3198205779
32476,5454.63376274498
32477,5472.2897880983
32478,5471.48006247875
32479,5455.28400879843
32480,5466.42855655173
32481,5460.63743343351
32482,5469.98442953891
32483,5473.11040292047
32484,5459.53142387483
32485,5452.72327409026
32486,5469.31977407057
32487,5449.93477878218
32488,5447.19430486569
32489,5471.19996798381
32490,5460.71260053005
32491,5447.8440279229
32492,5468.12955804559
32493,5459.07816519772
32494,7604.19500471525
32495,7633.66975763178
32496,7596.61454849095
32497,7643.06935867012
32498,7654.44796724183
32499,7653.56614400874
32500,7593.69189469076
32501,7600.17841090815
32502,7654.82901526819
32503,7650.10695979289
32504,7620.34247532824
32505,7614.07806790925
32506,7649.20044959601
32507,7600.85090323103
32508,7607.90521142512
32509,7604.28405637484
32510,7597.69200054912
32511,7642.41909730088
32512,7627.32858588231
32513,7654.88279451228
32514,7615.97043249039
32515,7609.68409812826
32516,7593.75187911595
32517,7597.77555680053
32518,7606.43270439694
32519,7602.79544441916
32520,7585.1860338925
32521,7609.31454489238
32522,7601.81569908205
32523,7609.9290509245
32524,7653.13363683598
32525,7586.97592025382
32526,7625.94961952635
32527,7596.28030130487
32528,7616.90942875524
32529,7591.003828692
32530,7585.27287871375
32531,7634.4586674955
32532,7627.25253469399
32533,7596.98560906728
32534,7656.10708516182
32535,6147.22572879815
32536,6138.46210202124
32537,6138.29350124941
32538,6149.75246296571
32539,6160.16188207069
32540,6147.72030103685
32541,6142.88974225625
32542,6139.04730362843
32543,6137.88117239041
32544,6158.11940585868
32545,6155.3745414697
32546,6140.51351502738
32547,6146.27448677188
32548,6146.62842838849
32549,6163.02916295053
32550,6140.20654658947
32551,6142.71248819858
32552,6147.24652469547
32553,6161.87803086024
32554,6138.45076353002
32555,6151.28842267669
32556,6150.28630043193
32557,6137.52153185912
32558,6141.19882401319
32559,6147.1165113625
32560,6160.90536894108
32561,6138.55948298578
32562,6163.49791891916
32563,6138.27696157717
32564,6137.87639905486
32565,6153.56886295219
32566,6143.83031263825
32567,6157.70917189377
32568,6148.93654147358
32569,6160.96855634167
32570,6153.23465248126
32571,6142.92911553292
32572,6139.60377578026
32573,6140.20723622348
32574,6134.30470192556
32575,7895.53848161168
32576,7870.39298329059
32577,7874.03205029319
32578,7875.06005567545
32579,7866.31926114016
32580,7904.26460202871
32581,7885.98694412687
32582,7872.44992850364
32583,7910.31230592085
32584,7866.84126886355
32585,7877.49500834662
32586,7874.03387197171
32587,7885.45448996734
32588,7891.44013115389
32589,7905.72504120755
32590,7890.11000385683
32591,7868.80254518825
32592,7890.95776078252
32593,7886.65092358256
32594,7898.55426440544
32595,7908.98433985839
32596,7886.75396933155
32597,7874.2637282209
32598,7879.96033368089
32599,7872.75592384651
32600,7884.47097239167
32601,7872.38823986905
32602,7865.8618289363
32603,7885.56721868435
32604,7869.19608659448
32605,7886.10909462387
32606,7889.46287919321
32607,7865.01665855198
32608,7873.62739211213
32609,7879.98803870548
32610,7909.89848066242
32611,7908.78703078857
32612,7901.65841674099
32613,7879.15542863939
32614,7871.0576020744
32615,7910.53041179086
32616,9027.60161575902
32617,9035.45420187433
32618,9034.34049364381
32619,9026.16590674825
32620,9027.95946240518
32621,9054.92007191884
32622,9055.07857261102
32623,9050.67979216464
32624,9022.47339480248
32625,9029.52061906448
32626,9037.57686188577
32627,9059.02619571657
32628,9040.09996251521
32629,9025.12069628138
32630,9050.8458131038
32631,9046.35465166318
32632,9036.61392826149
32633,9027.3306319789
32634,9033.27353397091
32635,9027.90432221304
32636,9029.45015673348
32637,9042.02249050406
32638,9057.63475753616
32639,9030.20541759266
32640,9039.02165344497
32641,9058.81705543305
32642,9045.65936994288
32643,9033.91238856568
32644,9023.98883456159
32645,9055.4348602382
32646,9031.60296767749
32647,9058.02363289086
32648,9024.7245510733
32649,9032.03916699139
32650,9042.36672544129
32651,9030.43263834231
32652,9038.11366287766
32653,9026.98842398557
32654,9058.29838447103
32655,9035.4262028164
32656,9036.62078908241
32657,6648.31612863991
32658,6688.15371504153
32659,6696.62204760432
32660,6671.91212676799
32661,6692.04372044554
32662,6640.70985329426
32663,6700.32559813334
32664,6697.55304238238
32665,6670.21745623349
32666,6684.0427286918
32667,6663.74190692401
32668,6679.07620397706
32669,6641.51392404729
32670,6701.78558881764
32671,6643.45953381912
32672,6666.69267479326
32673,6675.01543705372
32674,6664.2948463378
32675,6664.90136556538
32676,6701.72854586597
32677,6690.49700953103
32678,6657.54544535157
32679,6679.38713269007
32680,6653.15873139315
32681,6649.43051353275
32682,6661.6356736011
32683,6701.05400837367
32684,6671.48350706745
32685,6660.47480495629
32686,6658.61705711575
32687,6683.05246588585
32688,6700.51445130616
32689,6658.72704026124
32690,6659.77359660685
32691,6647.42273361668
32692,6685.72968766863
32693,6657.15981698509
32694,6668.98343039651
32695,6652.45263427306
32696,6694.05988717004
32697,6667.79109437218
32698,3279.85420867745
32699,3281.87268317907
32700,3262.47394005084
32701,3267.76924080236
32702,3255.96736629943
32703,3276.98272049868
32704,3274.74085705249
32705,3284.11629319495
32706,3256.54408195537
32707,3268.09545201042
32708,3276.10094265792
32709,3261.36146249241
32710,3266.14609274742
32711,3265.27487395268
32712,3278.77811688968
32713,3259.63013504275
32714,3268.23900966436
32715,3264.11548830419
32716,3283.35623729108
32717,3277.96492779903
32718,3260.0998529766
32719,3265.21974048416
32720,3265.13925737406
32721,3259.71271639895
32722,3283.94994082378
32723,3258.52459060923
32724,3255.86956880246
32725,3257.13313602602
32726,3259.13727146286
32727,3281.93563045871
32728,3279.17108322172
32729,3266.96519552033
32730,3277.69930531765
32731,3266.63241989283
32732,3263.81758473185
32733,3283.47773064469
32734,3260.43783001362
32735,3283.19270944216
32736,3271.77239462587
32737,3269.3939381247
32738,3265.41911841606
32739,5634.48470437601
32740,5637.19604948994
32741,5635.1540913529
32742,5628.37454894081
32743,5639.16394406961
32744,5643.34815914102
32745,5637.52627399715
32746,5638.62389745755
32747,5626.21586986685
32748,5635.37330350246
32749,5626.68198320935
32750,5628.21947457287
32751,5639.7901662641
32752,5631.01851808247
32753,5639.51732697969
32754,5627.22861919484
32755,5630.51787730599
32756,5626.58020764733
32757,5629.78380817094
32758,5643.88604911299
32759,5631.24956754102
32760,5632.57167431653
32761,5641.3321409801
32762,5638.8073555028
32763,5639.56583357564
32764,5639.34233376302
32765,5633.0160099285
32766,5639.95224451452
32767,5629.13177572907
32768,5646.55437374908
32769,5636.26112333702
32770,5630.15613371522
32771,5630.61718936706
32772,5643.90867196185
32773,5627.24614964159
32774,5644.73951386656
32775,5647.30917451099
32776,5645.0993512997
32777,5642.18072705808
32778,5631.23886428977
32779,6955.63110868108
32780,6965.75058255766
32781,6936.18553066484
32782,6950.3109519933
32783,6955.71185664779
32784,6955.97688045143
32785,6955.8230785006
32786,6962.07176442347
32787,6944.99132401641
32788,6944.23182769799
32789,6938.9522187462
32790,6960.68267353926
32791,6949.88637746138
32792,6961.29731866448
32793,6939.57122011778
32794,6938.84044418006
32795,6940.87369884247
32796,6944.80788370459
32797,6954.76090569227
32798,6940.54498185643
32799,6949.25990004895
32800,6947.15096943855
32801,6944.22438336575
32802,6981.74157873415
32803,6975.1206997388
32804,6957.30451651056
32805,6942.85856482029
32806,6952.43657941869
32807,6970.66332547087
32808,6946.09937143188
32809,6977.42446245164
32810,6981.400278062
32811,6938.14964864687
32812,6965.78493202511
32813,6946.8573125242
32814,6958.05534684385
32815,6943.91789690293
32816,6960.67764916623
32817,6968.66884549549
32818,6981.97340172906
32819,6984.50924133243
32820,4783.95000743577
32821,4773.36448341315
32822,4787.31838419766
32823,4775.76148903251
32824,4796.13168745164
32825,4792.26296744035
32826,4786.09388765791
32827,4789.48734092837
32828,4785.04211579007
32829,4784.26779324403
32830,4794.6207477146
32831,4796.57108871744
32832,4773.47638145489
32833,4792.40272055801
32834,4797.68539568205
32835,4792.6845039618
32836,4785.14030951848
32837,4785.87755371987
32838,4781.19907724948
32839,4785.50494267584
32840,4790.21020822953
32841,4798.31997106324
32842,4787.86279469559
32843,4776.10153639304
32844,4775.39010622307
32845,4779.68935305599
32846,4798.13722047115
32847,4782.47602164677
32848,4783.29767277271
32849,4788.45685972727
32850,4781.75617804414
32851,4781.07527729049
32852,4777.33530433025
32853,4796.94434557379
32854,4779.66992334882
32855,4784.64020136669
32856,4797.78655515957
32857,4797.206070711
32858,4797.66899231477
32859,4784.16865094949
32860,11513.9332129182
32861,11529.31461328
32862,11509.5710727405
32863,11520.0974629
32864,11510.8598408319
32865,11514.7973298466
32866,11523.0565110897
32867,11507.2570261304
32868,11515.7456810289
32869,11515.2560463891
32870,11509.4771723177
32871,11525.5563671649
32872,11516.2620174624
32873,11517.7363495423
32874,11513.5187690652
32875,11522.4281068281
32876,11506.5930073435
32877,11532.0857584779
32878,11511.4712116814
32879,11529.2090931645
32880,11518.281044901
32881,11513.8045530684
32882,11517.5112786207
32883,11514.297773703
32884,11514.053716891
32885,11527.8993280821
32886,11507.8872621025
32887,11513.7325224371
32888,11512.7666120237
32889,11514.4788330934
32890,11514.3379688635
32891,11532.5692140722
32892,11531.8244732256
32893,11517.4848754592
32894,11512.0921147326
32895,11530.9455363171
32896,11531.1322355824
32897,11526.6699839444
32898,11512.461424521
32899,11526.435042216
32900,5923.80123406044
32901,5928.52320761073
32902,5914.33351340646
32903,5937.43557798234
32904,5913.28040361162
32905,5920.89950957263
32906,5927.39991886425
32907,5918.47733375034
32908,5919.16682844466
32909,5938.0549334339
32910,5932.02017604219
32911,5917.05773682166
32912,5924.72906111069
32913,5935.15213611996
32914,5922.31398238302
32915,5938.71789341709
32916,5924.00036895381
32917,5930.56235643484
32918,5924.22739748617
32919,5920.10419242576
32920,5920.67431053101
32921,5921.32577647032
32922,5914.20834748705
32923,5924.94140359421
32924,5920.65531811784
32925,5924.02137402243
32926,5934.57332803433
32927,5924.13456540154
32928,5938.62345845295
32929,5937.93250396329
32930,5926.40293734099
32931,5920.44043872215
32932,5918.49292012538
32933,5938.46864983933
32934,5920.34945675569
32935,5936.72764692075
32936,5938.35236068923
32937,5920.07336758664
32938,5923.10821179943
32939,5918.93005854053
32940,8150.9391366442
32941,8162.06721079007
32942,8148.43335115968
32943,8144.19924525702
32944,8149.73105897166
32945,8174.66270620181
32946,8156.29223987434
32947,8143.70399341313
32948,8152.25536218216
32949,8152.32142250149
32950,8142.95954083613
32951,8183.01271660341
32952,8151.5429312288
32953,8155.32735332198
32954,8161.51337276233
32955,8146.17362088723
32956,8155.21154880886
32957,8155.70644632581
32958,8147.65116105211
32959,8164.36942682132
32960,8149.18453064935
32961,8168.71453853806
32962,8167.87286864332
32963,8180.21054267539
32964,8177.839509853
32965,8137.28914545328
32966,8143.19980242661
32967,8142.91063787256
32968,8147.21457376779
32969,8183.02979980298
32970,8179.35687971807
32971,8174.97214913196
32972,8136.32492131941
32973,8168.2832737495
32974,8139.28246380748
32975,8146.28495310071
32976,8182.30697685813
32977,8147.09307999998
32978,8143.0089192426
32979,8144.58691715663
32980,8153.60591603449
32981,10427.8699869611
32982,10413.1983866716
32983,10451.5656208415
32984,10429.4974013521
32985,10434.5860150036
32986,10414.1036698311
32987,10461.002379037
32988,10424.5628489959
32989,10434.5511162818
32990,10430.0628182827
32991,10468.5535091324
32992,10408.4510436019
32993,10436.3437277404
32994,10414.4098716199
32995,10428.5810052146
32996,10422.5453671337
32997,10417.2147441856
32998,10460.4048504702
32999,10469.9475524481
33000,10451.9813970239
33001,10435.6210840153
33002,10446.2651372438
33003,10469.0922194922
33004,10418.9199070223
33005,10467.1985892773
33006,10444.5267976893
33007,10456.0673488297
33008,10416.223778985
33009,10417.2162977465
33010,10420.4376921384
33011,10424.5419792571
33012,10464.2208925153
33013,10424.3051922242
33014,10433.2713097035
33015,10424.2409209157
33016,10430.7673549014
33017,10439.9171294532
33018,10420.0550090528
33019,10418.1795486562
33020,10418.2498812167
33021,10466.4298897335
33022,6105.51739409477
33023,6113.02818459087
33024,6104.47657446986
33025,6081.97695550618
33026,6086.69885396099
33027,6094.57328808697
33028,6114.05391420013
33029,6083.23539138046
33030,6103.91553876547
33031,6114.31186232083
33032,6116.13696382866
33033,6097.45684825546
33034,6096.80171797385
33035,6114.0885324463
33036,6107.86459821418
33037,6102.34154137771
33038,6112.72396233074
33039,6097.05195527234
33040,6098.09516663174
33041,6101.3201093205
33042,6097.54630263112
33043,6104.67339849827
33044,6088.18655676761
33045,6099.84007459441
33046,6099.10785151326
33047,6101.10078473191
33048,6115.01110682064
33049,6099.87304144806
33050,6115.86601828155
33051,6098.02147373174
33052,6100.29436814854
33053,6091.63674494993
33054,6097.26566418828
33055,6091.94741534347
33056,6110.47436390095
33057,6096.89620237014
33058,6086.90592409946
33059,6097.66500437153
33060,6111.04197708508
33061,6099.72839655691
33062,6089.58780798197
33063,3933.21790151347
33064,3939.57588599599
33065,3948.13794811021
33066,3939.65276508476
33067,3949.85229894345
33068,3927.23698070935
33069,3963.67215290959
33070,3945.61729265367
33071,3934.43469870997
33072,3963.95712112159
33073,3941.9388582725
33074,3928.81402169494
33075,3962.9001756029
33076,3923.2185512408
33077,3920.90341068192
33078,3926.55678239838
33079,3929.98211014162
33080,3964.51672223679
33081,3937.16369006562
33082,3959.64118069016
33083,3952.98161529855
33084,3944.95022512245
33085,3920.56814672964
33086,3938.04269976819
33087,3931.97213618043
33088,3921.96349549968
33089,3943.33054411249
33090,3954.45937454721
33091,3921.20254626327
33092,3949.63883581031
33093,3927.20322528963
33094,3927.77456442951
33095,3940.99363247117
33096,3944.39653045498
33097,3962.21570152468
33098,3957.79201262088
33099,3926.05804520895
33100,3924.30635126852
33101,3924.49725267839
33102,3943.08399255526
33103,3934.98413997189
33104,9935.37631012936
33105,9938.27719526177
33106,9938.87769244511
33107,9943.54369844324
33108,9921.84986658252
33109,9934.75996323778
33110,9934.8214588332
33111,9921.22786829151
33112,9933.61353153652
33113,9937.38431033585
33114,9926.30397028628
33115,9934.15172141073
33116,9945.27477423289
33117,9939.13033143615
33118,9946.56600249604
33119,9932.27561241931
33120,9940.39794571994
33121,9942.1897064284
33122,9937.67987121104
33123,9926.77183585052
33124,9920.05901788991
33125,9937.90900231957
33126,9941.04509285493
33127,9920.85034814004
33128,9940.07702708612
33129,9941.33290034975
33130,9931.1300581383
33131,9943.94712839316
33132,9923.16031628791
33133,9945.2511369132
33134,9937.00143594035
33135,9920.9672191935
33136,9923.13361420355
33137,9931.42994790018
33138,9937.36431706082
33139,9937.86956487532
33140,9947.79076375316
33141,9941.21900775373
33142,9941.45673789078
33143,9494.65078309959
33144,9488.3542483401
33145,9512.58542534459
33146,9483.28078972143
33147,9482.82661107476
33148,9506.28756696776
33149,9481.94197853844
33150,9470.31890556379
33151,9481.61702277172
33152,9516.22015018754
33153,9476.70206284958
33154,9482.51034135595
33155,9521.80130343688
33156,9495.33408308317
33157,9519.41717081455
33158,9490.67785948946
33159,9529.27106552288
33160,9485.21209567521
33161,9488.08574681151
33162,9484.95648167276
33163,9477.81016651359
33164,9507.57392429158
33165,9531.62655659161
33166,9484.53769754089
33167,9529.9718331384
33168,9473.57569597473
33169,9514.79059562274
33170,9471.83616940273
33171,9500.04466898771
33172,9487.91311813404
33173,9485.31780228851
33174,9481.55384358797
33175,9524.58641396032
33176,9527.39740515565
33177,9483.97542493022
33178,9474.6274849162
33179,9481.63059570417
33180,9529.96582360163
33181,9499.13123659121
33182,9479.22856155851
33183,9490.85777863769
33184,5624.28866041712
33185,5618.57452130784
33186,5609.91027077619
33187,5604.69218585133
33188,5621.85204615528
33189,5633.88236632751
33190,5633.93722582817
33191,5617.1281261583
33192,5630.75467971824
33193,5609.04780312005
33194,5618.62850368308
33195,5622.01272521561
33196,5605.36616521872
33197,5600.32640974238
33198,5610.42709633214
33199,5599.54920677783
33200,5601.02227779801
33201,5609.208131477
33202,5605.12710659955
33203,5632.42424148701
33204,5629.92968286953
33205,5602.14572564948
33206,5600.28433380834
33207,5613.01675223254
33208,5606.63754884996
33209,5625.50430096394
33210,5598.97727651399
33211,5628.72450882776
33212,5609.52763248598
33213,5631.95815862424
33214,5611.83774969469
33215,5604.4460034943
33216,5626.41431038936
33217,5615.86501153822
33218,5615.43975212382
33219,5611.15833059014
33220,5606.93740222307
33221,5604.22831176766
33222,5613.23510669474
33223,5601.71150002474
33224,5612.01438644184
33225,8520.76018956734
33226,8540.53110700299
33227,8536.52237132913
33228,8544.41644911188
33229,8511.53387289523
33230,8520.69984222214
33231,8544.39710548413
33232,8542.2506901561
33233,8514.63542907964
33234,8518.62471840108
33235,8535.78522970566
33236,8508.39458901835
33237,8508.38971184158
33238,8521.18933577474
33239,8508.29862818732
33240,8522.94032541397
33241,8528.34687872838
33242,8505.34994716265
33243,8543.82448375641
33244,8507.83948117204
33245,8509.57012431858
33246,8501.50412264917
33247,8498.74204422834
33248,8513.14110835343
33249,8498.66440783974
33250,8518.95520848668
33251,8519.06579615966
33252,8525.23670148642
33253,8534.02611263889
33254,8523.96226386703
33255,8528.84694413154
33256,8509.4103284248
33257,8510.86511926807
33258,8520.05176791624
33259,8500.85892058045
33260,8514.33008968826
33261,8508.94291221223
33262,8541.40468704645
33263,8501.16593580138
33264,8544.1793018044
33265,8524.17823019916
33266,9308.03469954905
33267,9262.79648320099
33268,9306.77856700068
33269,9281.44859750785
33270,9281.36739674696
33271,9276.08991539173
33272,9295.53413093096
33273,9275.63402176873
33274,9278.25887806804
33275,9265.28539235156
33276,9280.08497598037
33277,9278.10332305302
33278,9275.064253067
33279,9268.81047374896
33280,9281.9469117079
33281,9295.78241332695
33282,9306.45237725769
33283,9264.16748095163
33284,9273.07349581226
33285,9299.61423270956
33286,9288.15542465853
33287,9304.37551635402
33288,9266.59454748852
33289,9303.40775751097
33290,9273.42860041128
33291,9278.93982657894
33292,9309.39048988303
33293,9276.06774718928
33294,9270.50330807863
33295,9282.79837452423
33296,9278.2283619257
33297,9261.08883137302
33298,9293.9800301563
33299,9274.50009963862
33300,9276.08433953107
33301,9291.69058217644
33302,9267.41512321185
33303,9270.72758915464
33304,9289.80441412211
33305,9274.07226035498
33306,9296.29263864388
33307,6133.63959423993
33308,6114.95145224266
33309,6129.33909859094
33310,6122.79369877563
33311,6121.79187816163
33312,6126.76081513757
33313,6128.75703739432
33314,6116.79659701475
33315,6123.23792379004
33316,6127.64308304274
33317,6123.24336866337
33318,6123.26456785864
33319,6124.0057657372
33320,6124.76628967972
33321,6126.36872520319
33322,6127.23011626355
33323,6130.49235143479
33324,6118.25424098379
33325,6133.50729087533
33326,6123.97613017199
33327,6129.30779092957
33328,6127.29987500067
33329,6123.92078323043
33330,6126.92102974385
33331,6117.54303061787
33332,6132.35925293131
33333,6130.49168908128
33334,6132.25441526339
33335,6126.4419137898
33336,6118.87194470399
33337,6122.15154394876
33338,6124.98787379268
33339,6128.16333708203
33340,6128.78018500987
33341,6125.7150009321
33342,6113.47146851659
33343,6125.31004614325
33344,6121.50191618857
33345,6117.52651645478
33346,6118.67609109135
33347,5301.0735950544
33348,5300.27189116613
33349,5263.51289732417
33350,5262.11529001183
33351,5256.06184857425
33352,5283.91884974269
33353,5274.68285085735
33354,5253.76234701649
33355,5260.98203790635
33356,5295.86970029875
33357,5299.97303679758
33358,5295.07279910693
33359,5263.2159033596
33360,5255.84912287068
33361,5253.54562553293
33362,5262.65913589253
33363,5258.03915036953
33364,5295.46674752538
33365,5301.35915471138
33366,5266.12457261229
33367,5259.07520457566
33368,5302.07864201786
33369,5259.65974331375
33370,5255.33667046339
33371,5266.20651638399
33372,5256.16193554214
33373,5280.7367087194
33374,5255.10523515594
33375,5252.03740690966
33376,5271.00948132782
33377,5271.97026265078
33378,5264.34526332441
33379,5267.31757577223
33380,5250.90980938066
33381,5258.63448233599
33382,5252.53467409717
33383,5265.03828514994
33384,5277.726823196
33385,0
33386,0
33387,0
33388,0
33389,0
33390,0
33391,0
33392,0
33393,0
33394,0
33395,0
33396,0
33397,0
33398,0
33399,0
33400,0
33401,0
33402,0
33403,0
33404,0
33405,0
33406,0
33407,0
33408,0
33409,0
33410,0
33411,0
33412,0
33413,0
33414,0
33415,0
33416,0
33417,0
33418,0
33419,0
33420,0
33421,0
33422,0
33423,0
33424,0
33425,0
33426,0
33427,0
33428,0
33429,0
33430,0
33431,0
33432,0
33433,0
33434,0
33435,0
33436,0
33437,0
33438,0
33439,0
33440,0
33441,0
33442,0
33443,0
33444,0
33445,0
33446,0
33447,0
33448,0
33449,0
33450,0
33451,0
33452,0
33453,0
33454,0
33455,0
33456,0
33457,0
33458,0
33459,0
33460,0
33461,0
33462,0
33463,0
33464,0
33465,0
33466,0
33467,0
33468,0
33469,0
33470,0
33471,0
33472,0
33473,0
33474,0
33475,0
33476,5288.59476024808
33477,0
33478,0
33479,0
33480,0
33481,0
33482,0
33483,0
33484,0
33485,0
33486,0
33487,0
33488,0
33489,0
33490,0
33491,0
33492,0
33493,0
33494,0
33495,0
33496,0
33497,0
33498,0
33499,0
33500,0
33501,0
33502,0
33503,0
33504,0
33505,0
33506,0
33507,0
33508,0
33509,0
33510,0
33511,0
33512,0
33513,0
33514,0
33515,0
33516,0
33517,0
33518,0
33519,0
33520,0
33521,0
33522,0
33523,0
33524,0
33525,0
33526,0
33527,0
33528,0
33529,0
33530,0
33531,0
33532,0
33533,0
33534,0
33535,0
33536,0
33537,0
33538,0
33539,0
33540,0
33541,0
33542,0
33543,0
33544,5288.43165545805
33545,0
33546,0
33547,0
33548,0
33549,0
33550,0
33551,0
33552,0
33553,0
33554,0
33555,0
33556,0
33557,0
33558,0
33559,0
33560,0
33561,0
33562,0
33563,0
33564,0
33565,0
33566,0
33567,0
33568,0
33569,0
33570,0
33571,0
33572,0
33573,0
33574,0
33575,0
33576,0
33577,0
33578,0
33579,0
33580,0
33581,0
33582,0
33583,0
33584,0
33585,5260.77859061988
33586,6460.79600702273
33587,0
33588,0
33589,0
33590,0
33591,0
33592,0
33593,0
33594,6477.33248526275
33595,0
33596,0
33597,0
33598,0
33599,0
33600,0
33601,0
33602,0
33603,0
33604,0
33605,0
33606,0
33607,0
33608,0
33609,0
33610,0
33611,0
33612,0
33613,6500.9609142877
33614,0
33615,0
33616,0
33617,0
33618,0
33619,0
33620,0
33621,0
33622,0
33623,6456.70175445429
33624,0
33625,0
33626,0
33627,0
33628,0
33629,0
33630,0
33631,0
33632,0
33633,0
33634,0
33635,0
33636,0
33637,0
33638,0
33639,0
33640,0
33641,6484.70488988313
33642,0
33643,0
33644,0
33645,0
33646,0
33647,0
33648,0
33649,0
33650,0
33651,0
33652,0
33653,0
33654,0
33655,0
33656,0
33657,0
33658,6474.22981436399
33659,0
33660,0
33661,0
33662,0
33663,0
33664,0
33665,0
33666,0
33667,0
33668,0
33669,0
33670,0
33671,0
33672,0
33673,0
33674,0
33675,0
33676,0
33677,0
33678,0
33679,0
33680,0
33681,0
33682,0
33683,0
33684,0
33685,0
33686,0
33687,0
33688,0
33689,0
33690,0
33691,0
33692,0
33693,0
33694,0
33695,0
33696,0
33697,0
33698,0
33699,0
33700,0
33701,0
33702,0
33703,0
33704,0
33705,0
33706,0
33707,0
33708,0
33709,0
33710,0
33711,0
33712,0
33713,0
33714,0
33715,0
33716,0
33717,0
33718,0
33719,0
33720,6462.11455115086
33721,0
33722,0
33723,0
33724,0
33725,0
33726,0
33727,0
33728,0
33729,0
33730,0
33731,0
33732,0
33733,0
33734,6517.31327724419
33735,0
33736,0
33737,0
33738,0
33739,0
33740,0
33741,0
33742,0
33743,0
33744,0
33745,0
33746,0
33747,0
33748,0
33749,0
33750,0
33751,0
33752,0
33753,0
33754,0
33755,0
33756,0
33757,0
33758,0
33759,0
33760,0
33761,0
33762,0
33763,0
33764,0
33765,0
33766,0
33767,0
33768,0
33769,0
33770,0
33771,0
33772,0
33773,0
33774,0
33775,0
33776,0
33777,6469.89353016396
33778,0
33779,0
33780,0
33781,0
33782,0
33783,0
33784,0
33785,0
33786,0
33787,6509.74097841662
33788,0
33789,0
33790,0
33791,6495.48241568259
33792,0
33793,0
33794,0
33795,0
33796,0
33797,0
33798,0
33799,0
33800,0
33801,0
33802,0
33803,0
33804,0
33805,0
33806,0
33807,0
33808,0
33809,0
33810,0
33811,0
33812,0
33813,0
33814,0
33815,0
33816,0
33817,0
33818,6517.16680728156
33819,0
33820,0
33821,0
33822,0
33823,0
33824,0
33825,0
33826,0
33827,0
33828,0
33829,0
33830,0
33831,0
33832,6507.61252002738
33833,0
33834,0
33835,0
33836,0
33837,0
33838,0
33839,0
33840,0
33841,0
33842,0
33843,0
33844,0
33845,0
33846,0
33847,0
33848,0
33849,0
33850,0
33851,0
33852,0
33853,0
33854,0
33855,0
33856,0
33857,0
33858,0
33859,0
33860,0
33861,0
33862,0
33863,0
33864,0
33865,0
33866,0
33867,0
33868,0
33869,0
33870,0
33871,0
33872,0
33873,0
33874,0
33875,0
33876,0
33877,0
33878,0
33879,0
33880,0
33881,0
33882,0
33883,0
33884,0
33885,0
33886,0
33887,0
33888,0
33889,0
33890,0
33891,0
33892,0
33893,0
33894,0
33895,0
33896,0
33897,0
33898,0
33899,0
33900,0
33901,0
33902,0
33903,0
33904,0
33905,0
33906,0
33907,6464.90256167468
33908,0
33909,0
33910,0
33911,0
33912,0
33913,0
33914,0
33915,0
33916,0
33917,0
33918,0
33919,0
33920,0
33921,0
33922,0
33923,0
33924,0
33925,0
33926,0
33927,0
33928,0
33929,0
33930,0
33931,0
33932,0
33933,0
33934,0
33935,0
33936,0
33937,0
33938,0
33939,0
33940,0
33941,0
33942,0
33943,0
33944,0
33945,0
33946,0
33947,0
33948,0
33949,0
33950,0
33951,6500.39502674845
33952,6515.32547343644
33953,0
33954,0
33955,0
33956,0
33957,0
33958,0
33959,0
33960,0
33961,0
33962,0
33963,0
33964,0
33965,0
33966,0
33967,0
33968,0
33969,0
33970,0
33971,0
33972,0
33973,0
33974,0
33975,0
33976,0
33977,0
33978,0
33979,0
33980,6471.27472961623
33981,0
33982,0
33983,0
33984,0
33985,0
33986,0
33987,0
33988,0
33989,0
33990,0
33991,0
33992,0
33993,0
33994,0
33995,0
33996,0
33997,0
33998,0
33999,0
34000,0
34001,0
34002,0
34003,0
34004,0
34005,0
34006,0
34007,0
34008,0
34009,0
34010,0
34011,0
34012,0
34013,0
34014,0
34015,0
34016,0
34017,0
34018,0
34019,0
34020,0
34021,0
34022,0
34023,0
34024,0
34025,0
34026,0
34027,0
34028,0
34029,0
34030,0
34031,0
34032,0
34033,0
34034,0
34035,0
34036,0
34037,0
34038,0
34039,0
34040,0
34041,0
34042,0
34043,0
34044,0
34045,0
34046,0
34047,0
34048,0
34049,0
34050,6469.81615878884
34051,0
34052,0
34053,0
34054,6466.89034304155
34055,0
34056,0
34057,0
34058,0
34059,0
34060,0
34061,0
34062,0
34063,0
34064,0
34065,0
34066,0
34067,0
34068,0
34069,0
34070,0
34071,0
34072,0
34073,0
34074,0
34075,0
34076,0
34077,0
34078,0
34079,0
34080,0
34081,0
34082,0
34083,0
34084,0
34085,0
34086,0
34087,0
34088,0
34089,0
34090,0
34091,0
34092,0
34093,0
34094,0
34095,0
34096,0
34097,0
34098,0
34099,0
34100,0
34101,0
34102,0
34103,0
34104,0
34105,6452.84505298225
34106,0
34107,0
34108,0
34109,0
34110,0
34111,0
34112,0
34113,0
34114,0
34115,0
34116,0
34117,0
34118,0
34119,0
34120,6465.91527629593
34121,0
34122,0
34123,0
34124,0
34125,0
34126,0
34127,0
34128,0
34129,0
34130,0
34131,0
34132,0
34133,0
34134,0
34135,0
34136,0
34137,0
34138,0
34139,0
34140,0
34141,0
34142,0
34143,0
34144,0
34145,0
34146,0
34147,0
34148,0
34149,0
34150,0
34151,0
34152,0
34153,0
34154,0
34155,0
34156,0
34157,0
34158,0
34159,0
34160,0
34161,0
34162,0
34163,0
34164,0
34165,0
34166,0
34167,0
34168,0
34169,0
34170,0
34171,0
34172,0
34173,0
34174,0
34175,0
34176,0
34177,0
34178,0
34179,0
34180,0
34181,0
34182,0
34183,0
34184,6460.22852514287
34185,0
34186,0
34187,0
34188,0
34189,0
34190,0
34191,0
34192,0
34193,0
34194,0
34195,0
34196,0
34197,0
34198,0
34199,0
34200,0
34201,0
34202,0
34203,0
34204,0
34205,0
34206,0
34207,0
34208,0
34209,0
34210,0
34211,0
34212,0
34213,0
34214,0
34215,0
34216,0
34217,0
34218,0
34219,0
34220,0
34221,0
34222,0
34223,0
34224,0
34225,6473.84164093126
34226,6494.27123797704
34227,0
34228,0
34229,0
34230,0
34231,0
34232,0
34233,0
34234,0
34235,0
34236,0
34237,0
34238,0
34239,0
34240,0
34241,6484.20003544736
34242,6460.23236136845
34243,6462.91775272452
34244,6512.43421381591
34245,6504.70300209493
34246,6486.46495228236
34247,6517.9033317014
34248,6477.21885482379
34249,0
34250,6483.67429136187
34251,6470.35360835481
34252,6460.39700554404
34253,6472.29527040899
34254,6466.41508441806
34255,6462.4860167463
34256,6518.6202805293
34257,6478.78433590102
34258,6467.64943796623
34259,5342.92855928872
34260,5358.20825177117
34261,5340.25217491296
34262,5365.72573553957
34263,5341.28597044751
34264,0
34265,5352.55005690378
34266,5341.09987806238
34267,5350.59285749674
34268,5354.72524490297
34269,5366.20123189783
34270,5355.76011399625
34271,5355.64796688189
34272,5334.24155524949
34273,5347.87855178016
34274,5352.37988939159
34275,5346.60536733297
34276,5362.5633314579
34277,5344.56588723756
34278,5347.37194209291
34279,5350.24258840167
34280,5362.39646457217
34281,5344.86383603286
34282,5340.92629749447
34283,5357.14854636273
34284,5343.31234383333
34285,5361.53623509443
34286,5335.44658954745
34287,5344.59033373956
34288,5333.31701960368
34289,5335.78369522107
34290,5350.89993876134
34291,5344.02019643923
34292,5341.7677984292
34293,5337.59317455049
34294,5339.70052363596
34295,5335.25104157974
34296,5362.97602050233
34297,5345.21654883325
34298,5345.78957367705
34299,5645.21381867387
34300,5640.56751928447
34301,5636.12675218079
34302,5628.51052143192
34303,5630.90667371273
34304,5628.18300476942
34305,5633.64740794034
34306,5637.41739883569
34307,5637.02841127031
34308,5628.36907141046
34309,5637.00159629314
34310,5632.48938164213
34311,5644.61709420161
34312,5637.30750022746
34313,5649.51863065689
34314,5641.1048161602
34315,5632.52596497265
34316,5647.98655315554
34317,5641.21274227792
34318,5649.4458331999
34319,5631.11779751211
34320,5628.08048482226
34321,5636.59557500617
34322,5627.59286174117
34323,5632.60421275696
34324,5642.37932472843
34325,5647.82706221007
34326,5640.87453285269
34327,5629.17195521572
34328,5636.6853539163
34329,5647.91788223008
34330,5627.74785036739
34331,5629.69042806829
34332,5628.40638836092
34333,5636.96435444101
34334,5629.46481179021
34335,5639.52436029154
34336,5634.34456844444
34337,5630.27689948278
34338,5649.48133014018
34339,7321.5665693121
34340,7323.26728703183
34341,7343.63274486247
34342,7340.20841141426
34343,7320.7713086397
34344,7312.50360030501
34345,7315.59937983603
34346,7326.42880973728
34347,7313.29470088864
34348,7310.67252780332
34349,7321.30665316171
34350,0
34351,7345.00262470657
34352,7318.62392030835
34353,7312.67687709247
34354,7337.69068073455
34355,7313.38614316682
34356,7301.76721632654
34357,7299.97425772382
34358,7321.2677517764
34359,7346.82054609586
34360,7322.27190554462
34361,7347.8040587865
34362,7334.73329635826
34363,7317.98846308871
34364,7317.40623916746
34365,7331.41239161783
34366,7301.26847602284
34367,7319.68000331205
34368,7319.76982607135
34369,7341.72173696298
34370,7305.46804008706
34371,7320.95338357206
34372,7320.81438325809
34373,7311.53951828374
34374,7319.52379250699
34375,7347.12435481244
34376,7341.67487772098
34377,7344.91604293634
34378,7318.47821948978
34379,7319.73252837254
34380,7314.7606162721
34381,4519.99591557777
34382,4516.90406090294
34383,4544.00283456344
34384,4534.50749570767
34385,4534.35572053188
34386,4527.17039119506
34387,4545.69811491868
34388,4516.02172658224
34389,4517.5035836406
34390,4560.2405867748
34391,4523.5094736923
34392,4540.63931302185
34393,4529.31847569598
34394,4540.92758556556
34395,4551.04323069107
34396,4551.91216891502
34397,4543.81704690752
34398,4537.3959174758
34399,4549.69676291299
34400,4518.03370169195
34401,4543.1496730319
34402,4556.96293028134
34403,4528.06922172139
34404,4537.17837686439
34405,0
34406,4560.28479575499
34407,4530.10543829262
34408,4535.40015358788
34409,4536.9167965761
34410,4556.20899012252
34411,4542.46741958445
34412,4547.16549719011
34413,4535.53487415769
34414,4540.4290574568
34415,4531.20468044603
34416,4520.38151415036
34417,4545.76492478202
34418,4543.86952264141
34419,4524.04297754237
34420,4531.68947568729
34421,4556.85223460771
34422,4557.93400012472
34423,6535.31503317202
34424,6557.58845752712
34425,6543.03850402999
34426,6544.89973118769
34427,6541.54503397066
34428,6549.41185634804
34429,6532.87876273927
34430,6533.78700680115
34431,6556.74518793389
34432,6533.86455918499
34433,6557.93077416257
34434,6534.128291923
34435,6557.98818001574
34436,6530.35444992298
34437,6530.58216867533
34438,6555.14821666069
34439,6529.33196122477
34440,6531.43591171721
34441,6538.18802753763
34442,6542.09817453927
34443,6555.06907848537
34444,6553.46285518665
34445,6539.11784603075
34446,6551.51101821855
34447,6525.66138113008
34448,6535.6648583766
34449,6541.05594717851
34450,6556.98997903896
34451,6542.60033115088
34452,6537.04565570305
34453,6534.99759552883
34454,6536.05755964246
34455,6556.01236844152
34456,6530.60702712891
34457,6540.83198657596
34458,6556.10361367863
34459,6523.43849811671
34460,6541.9204828329
34461,6536.49643162739
34462,6533.31290006374
34463,6541.31009419406
34464,7025.52728305683
34465,7026.05265749846
34466,7024.42464893724
34467,7033.5798251976
34468,7028.97438564382
34469,7020.68705415094
34470,7016.9050576733
34471,7037.8192575718
34472,7024.53172945037
34473,7048.28951858824
34474,7042.61322584666
34475,7044.53277438881
34476,7032.29885503479
34477,7023.14347793088
34478,7048.61263854621
34479,7031.78973986866
34480,7015.43264750456
34481,7046.51176858049
34482,7031.2824189999
34483,7028.7237559175
34484,7025.68418997684
34485,7019.80001269324
34486,7038.21706349943
34487,7028.03133374354
34488,7027.25279027597
34489,7016.52574738319
34490,7016.27363197213
34491,7018.13599334912
34492,7043.79537883689
34493,7015.8986038771
34494,7047.08233381744
34495,7048.2150198095
34496,7041.6876437813
34497,7015.15171346271
34498,7021.01890171151
34499,7028.91039590515
34500,7037.14369234638
34501,7027.40347793194
34502,7045.9606927042
34503,7029.9782074845
34504,7033.66215701453
34505,6076.97087955819
34506,6050.66647800376
34507,6052.18011033149
34508,6025.73653599872
34509,6025.7868195694
34510,6042.28841358798
34511,6026.99982168967
34512,6056.56063462542
34513,6030.30149519966
34514,6052.91164456547
34515,6070.0090024821
34516,6076.14616122765
34517,6063.47556369126
34518,6080.64326707986
34519,6077.89805295108
34520,6059.05340882569
34521,6046.33313275496
34522,0
34523,6052.4648303354
34524,6065.52018767276
34525,6048.3746192751
34526,6057.72855016302
34527,6030.85325144815
34528,6065.65716835046
34529,6061.25897007887
34530,6044.57774190316
34531,6076.43270307098
34532,6058.02043615353
34533,6039.57927179281
34534,6032.91953632052
34535,6070.58453376757
34536,6056.4015855021
34537,6080.44938755255
34538,6040.0386361325
34539,6046.56300322743
34540,6051.22010721836
34541,6041.85103674269
34542,6027.07845078194
34543,6050.56872179981
34544,6071.86103694739
34545,6054.11631942425
34546,6034.62802700271
34547,7570.55722982692
34548,7576.98754143532
34549,7552.51138108751
34550,7558.24072842627
34551,7562.89477247208
34552,7553.46286267375
34553,7600.86946707204
34554,7564.38825237081
34555,7557.85147912708
34556,7594.4695181539
34557,7555.18629412801
34558,7560.00204531911
34559,7565.05723827014
34560,7546.11541629899
34561,7567.18448356869
34562,7604.41546355128
34563,7593.14671521098
34564,7598.98882159938
34565,7605.97254844754
34566,7583.75312970521
34567,7554.76360897733
34568,7604.51357549799
34569,7562.50986773461
34570,7551.38723554979
34571,7603.78056457173
34572,7552.47650123476
34573,7557.64750999161
34574,7605.06497297268
34575,7560.58967724726
34576,7566.83975617152
34577,7564.40969377081
34578,7570.39835707965
34579,7557.37784169198
34580,7586.60326394936
34581,7601.0835027904
34582,7577.46514308988
34583,7558.18284750089
34584,7584.39841161748
34585,7562.02548178334
34586,7549.06539363862
34587,7554.32911500375
34588,5622.10396659634
34589,5617.27041428707
34590,5614.2307419897
34591,5611.0747964312
34592,5620.00683314355
34593,5607.5830038961
34594,5649.84395142961
34595,5615.35902459653
34596,5613.52312180315
34597,5606.76242754181
34598,5659.58028275442
34599,5644.49552657238
34600,5626.58875534543
34601,5607.09255494837
34602,5641.99926977001
34603,5620.82123928796
34604,5612.40432138911
34605,5598.57344143052
34606,5663.29535809119
34607,5612.4632630642
34608,5611.69728949837
34609,5665.45521192156
34610,5639.58201322406
34611,5664.75230607567
34612,5637.14319215456
34613,5661.89931177428
34614,5623.72171496655
34615,5599.95800945499
34616,5613.41778703933
34617,5660.850858679
34618,5654.77479438635
34619,5649.38979970022
34620,5630.0775892079
34621,5616.3733286355
34622,5602.31216439133
34623,5603.29574282099
34624,5621.57836386353
34625,5632.16317160147
34626,5650.63359250086
34627,5601.04640510176
34628,5607.48659604964
34629,6983.86570032709
34630,6968.8517162373
34631,6979.58485681596
34632,6977.71754080277
34633,6971.87705756558
34634,6962.42668281887
34635,6975.23128613779
34636,6972.43465454504
34637,6969.00407471874
34638,6976.92085874323
34639,6974.78873621746
34640,6963.54312515534
34641,7015.98369750282
34642,6995.65747187623
34643,7002.64412522739
34644,7019.47159793776
34645,6961.89200313097
34646,6954.82536496506
34647,6970.01551152017
34648,6969.4264371706
34649,7001.20078647598
34650,6989.49154098294
34651,7012.82010246903
34652,6956.05197026995
34653,6964.20080552592
34654,6974.71751208841
34655,6968.96363476422
34656,6958.83257955476
34657,6991.5746562925
34658,7009.97677609276
34659,7009.14209483029
34660,7019.67061785215
34661,6994.62560484803
34662,6979.09377747426
34663,6980.46395017311
34664,7018.96733103163
34665,7019.37451702163
34666,6984.00770724116
34667,7015.44230225498
34668,7017.44115166169
34669,6974.08079644944
34670,3560.29358605737
34671,3551.29756890896
34672,3566.85993833685
34673,3570.17094927215
34674,3564.02608581745
34675,3566.78551994825
34676,3558.19201981729
34677,3550.561609891
34678,3545.74186244903
34679,3569.3145390028
34680,3564.82127614484
34681,3567.64716172827
34682,3551.41297091037
34683,3564.03987814088
34684,3567.31560019216
34685,3576.30963261366
34686,3541.1277914584
34687,3557.04613746567
34688,3552.25383956139
34689,3557.6179676484
34690,3545.95430811419
34691,3574.01657504114
34692,3557.97362414755
34693,3559.53602440386
34694,3556.99005886871
34695,3575.62645168397
34696,3558.16879992642
34697,3579.49730502409
34698,3581.13824017217
34699,3578.45958254038
34700,3581.11574005153
34701,3563.71440288345
34702,3573.44440829928
34703,3545.69231346398
34704,3563.50232123879
34705,3569.77135581855
34706,3569.23836209718
34707,3553.45430741938
34708,3571.1974812931
34709,3561.92271320794
34710,3541.80497394276
34711,3567.34707785915
34712,3569.96974296047
34713,3563.17490649016
34714,3558.59990374997
34715,3575.961590109
34716,3553.26172197721
34717,3573.31351943795
34718,7170.80414169914
34719,7182.05980785379
34720,7180.70313935307
34721,7180.23977823202
34722,7174.17082745789
34723,7194.34376722756
34724,7188.86064210828
34725,7181.78809491792
34726,7167.62719529425
34727,7169.09227396166
34728,7190.68515619216
34729,7180.50971575603
34730,7189.99382197118
34731,7173.71838189655
34732,7185.22642938208
34733,7167.34500262178
34734,7174.28260286737
34735,7181.19503208177
34736,7175.515754411
34737,7168.74091377209
34738,7176.00267995686
34739,7171.20313639655
34740,7177.16034373838
34741,7191.44104516477
34742,7187.48959908921
34743,7175.81053654532
34744,7171.36098699666
34745,7193.34711201727
34746,7176.95372131289
34747,7180.32672773316
34748,7181.55561308537
34749,7179.02522796121
34750,7174.18757593401
34751,7175.11903267728
34752,7177.88805872828
34753,7186.02761075963
34754,7186.69688899809
34755,7191.35116439801
34756,7182.91833434583
34757,7178.18295410316
34758,0
34759,7177.14936961189
34760,6485.64046251264
34761,6485.22829150764
34762,6484.92328016952
34763,6485.39954556572
34764,6460.50716062473
34765,6508.59117314881
34766,6494.61147779392
34767,6462.82374539285
34768,6494.21985710364
34769,6481.16864659092
34770,6506.26304431168
34771,6510.41610725417
34772,6481.3357885106
34773,6509.35626134961
34774,6476.16026379038
34775,6482.69097580506
34776,6504.68294744737
34777,6475.44557757835
34778,6509.66908842124
34779,6490.16404963752
34780,6461.70370146059
34781,6497.43579745905
34782,6476.37451802179
34783,6478.03631465755
34784,6486.21565052147
34785,6474.68062691384
34786,6466.83175954148
34787,6477.80687547124
34788,6466.00740751034
34789,6503.55188743694
34790,6480.17656484333
34791,6462.76391815543
34792,6472.23844955822
34793,6465.58399706048
34794,6500.75756608722
34795,6510.21083204492
34796,6483.70565368352
34797,6483.09286865619
34798,6469.40263143083
34799,6485.8390375328
34800,6477.90604022427
34801,5639.65410106726
34802,5648.25614473163
34803,5636.39112320108
34804,5633.69780323856
34805,5601.18071745656
34806,5607.62443769372
34807,5618.23866091291
34808,5603.18530326864
34809,5620.72058210095
34810,5606.53803121748
34811,5606.80349482612
34812,5645.82818566321
34813,5593.2367913844
34814,5612.323482122
34815,5595.02332459166
34816,5612.21795077149
34817,5628.53444452182
34818,5646.24278058383
34819,5604.69174686474
34820,5644.12077331327
34821,5615.9980290748
34822,5627.7439628937
34823,5608.30733535076
34824,5613.68968126557
34825,5605.71288714154
34826,5631.78148810141
34827,5591.08164187234
34828,5647.03373093283
34829,5608.91323205584
34830,5601.42326497688
34831,5594.65909798295
34832,5642.90667006352
34833,5631.51436014994
34834,5602.49080828344
34835,5612.01605050194
34836,5597.44378753928
34837,5606.23099642468
34838,5618.84810281379
34839,5618.5159540383
34840,5598.3326413901
34841,5637.49483120394
34842,6861.89926547954
34843,6844.91684173879
34844,6861.50571397242
34845,6827.35928279261
34846,6829.96269547807
34847,6817.14887560228
34848,6855.38806064087
34849,6840.19224548517
34850,6833.08894921741
34851,6820.43129655846
34852,6831.67946207939
34853,6824.61863151774
34854,6817.11816377967
34855,6860.75576533233
34856,6828.52573957723
34857,6830.99905600633
34858,6821.50462168347
34859,6838.2958224071
34860,6813.24188834561
34861,6818.98105601366
34862,6860.04470604099
34863,6817.56874556101
34864,6860.37582698761
34865,6829.82322874578
34866,6848.52993388346
34867,6813.20546046673
34868,6823.40600360297
34869,6819.41975338669
34870,6810.70337975869
34871,6855.79311379258
34872,6826.23232878331
34873,6810.87647485682
34874,6817.71760394812
34875,6817.49470366834
34876,6847.82487085291
34877,6819.5595664147
34878,6828.94771421239
34879,6855.39433742884
34880,6832.68824160765
34881,6812.91239204206
34882,6825.91670141528
34883,7045.74021205055
34884,7048.81128590791
34885,7051.85367600893
34886,7075.15142586549
34887,7041.0310121031
34888,7072.42606706145
34889,7043.75566953167
34890,7058.41908690126
34891,7061.04928720539
34892,7046.63457932052
34893,7049.01637739189
34894,7042.77084001123
34895,7047.75232321147
34896,7044.75880809625
34897,7078.6870944091
34898,7046.49498527396
34899,7055.02196156068
34900,7042.38195653791
34901,7051.45857104552
34902,7052.13622370745
34903,7077.27647853829
34904,7078.93219569511
34905,7054.54616321074
34906,7056.85384210961
34907,7064.56753207395
34908,7076.70660665452
34909,7047.25584409952
34910,7055.16370610013
34911,7051.37592756498
34912,7043.63456034415
34913,7045.29918398535
34914,7074.02393360497
34915,7050.236710593
34916,7070.59531994937
34917,7044.60414893581
34918,7043.87183246923
34919,7051.91123151242
34920,7052.73871454334
34921,7066.21681399432
34922,7041.45316400422
34923,7050.20184031239
34924,8959.1180048411
34925,8962.02884157336
34926,8978.82836433566
34927,8956.73365136777
34928,8953.37871853167
34929,8951.43345927505
34930,8964.11794066868
34931,8972.62597260884
34932,8953.52417184731
34933,8987.25441933031
34934,8993.84794344402
34935,8964.50444149586
34936,8951.50419027105
34937,8962.52692286496
34938,8963.53683401133
34939,8991.68808114047
34940,8946.15394963217
34941,8982.09884461544
34942,8954.02383302458
34943,0
34944,8955.68602855068
34945,8954.4771032863
34946,8957.93381261848
34947,8972.33921047314
34948,8950.83232602678
34949,8954.18185194349
34950,8956.05120500957
34951,0
34952,8960.79433321137
34953,8949.79092105491
34954,8981.50904747831
34955,8993.30260998695
34956,8991.98359575931
34957,8962.72174977086
34958,8978.76812419618
34959,8966.77670834854
34960,8965.70795300928
34961,8993.27653618163
34962,8972.77215303836
34963,8960.72858885444
34964,8949.81723127143
34965,8988.92244214356
34966,8957.50432719625
34967,5848.00915404784
34968,5863.6102366733
34969,5842.65799034227
34970,5843.19347340692
34971,5882.91690839949
34972,5839.79964116006
34973,5853.71760203109
34974,5847.38609685459
34975,5838.07060153591
34976,5867.88900922943
34977,5886.33090834708
34978,5847.04114332419
34979,5849.75043456331
34980,5875.37218667048
34981,5856.82293313445
34982,5860.52604099242
34983,5844.24716226494
34984,5881.8398652973
34985,5852.74644859184
34986,5838.94955178151
34987,5854.04757897284
34988,5881.67229637044
34989,5849.94183652096
34990,5843.26753659112
34991,5848.12011735984
34992,5862.77036449973
34993,5849.83458904034
34994,5852.03912729032
34995,5843.90955402063
34996,5848.97361814417
34997,5843.64698452791
34998,5856.85605448274
34999,5851.27165531987
35000,5839.44053205459
35001,5876.29753709487
35002,5838.14161304433
35003,5884.62194894925
35004,5880.36830113092
35005,5870.23927219301
35006,5885.38110715872
35007,5848.49752425706
35008,4652.16401510027
35009,4647.64931970702
35010,4672.37022715544
35011,4651.96411726978
35012,4675.64045600926
35013,4653.61361171158
35014,4644.07459717593
35015,4661.73319692092
35016,4657.61295852397
35017,4671.48965823041
35018,4643.56297161947
35019,4656.66935994879
35020,4653.17771767736
35021,4651.58609141519
35022,4662.03305257879
35023,4649.68477466547
35024,4645.86596845974
35025,4650.35497170369
35026,4650.73516959219
35027,4648.96475780634
35028,4670.71743776481
35029,4650.21651784985
35030,4657.82849221066
35031,4659.58304518529
35032,4674.64967977914
35033,4649.24853915614
35034,4643.82339686698
35035,4665.94740209634
35036,4655.39210570466
35037,4672.41546659494
35038,4653.18330572678
35039,4667.42943359529
35040,4653.41604098875
35041,4666.54433053942
35042,4665.67014577808
35043,4647.27604434658
35044,4660.62760078481
35045,4649.10100872549
35046,4655.70868675814
35047,4650.32773608174
35048,5898.49839260764
35049,5932.85116071932
35050,5904.58462669078
35051,5904.17262627202
35052,5903.84423030753
35053,5911.4398802381
35054,5905.89789231517
35055,5901.73662241033
35056,5902.34134695211
35057,5903.74036277505
35058,5904.92785323099
35059,5918.39436410234
35060,5923.8446077044
35061,5902.16903929616
35062,5928.24248326785
35063,5906.13522974487
35064,5899.48318284044
35065,5917.73698941531
35066,5903.86748123502
35067,5902.21791029599
35068,5897.21859680018
35069,5902.66882839899
35070,5898.27304706332
35071,5899.80334877337
35072,5930.96821852594
35073,5900.85399749678
35074,5899.14802807444
35075,5910.3343579423
35076,5933.07873921175
35077,5931.3630327579
35078,5928.61012620971
35079,5925.24490951589
35080,5930.53352655808
35081,5895.99380879643
35082,5913.91167317545
35083,5930.72178108817
35084,5896.27583399983
35085,5906.47734220982
35086,5910.97345928597
35087,5899.41897249846
35088,5916.20677686678
35089,6745.25838258625
35090,6771.37166580647
35091,6777.45726027062
35092,6748.73761423339
35093,6747.81572709343
35094,6775.72828228371
35095,6747.430297023
35096,6749.75786972671
35097,6742.26917606674
35098,6744.8101935769
35099,6745.78518959845
35100,6742.93916904789
35101,6760.71238238704
35102,6735.93690072921
35103,6746.18742775201
35104,6735.05898370384
35105,6743.11602523313
35106,6774.69855247993
35107,6748.51305399689
35108,6777.86077364098
35109,6738.67779004993
35110,6758.86809420651
35111,6767.52829751505
35112,6754.01678324825
35113,6745.65273410229
35114,6747.54372068013
35115,6778.84313756916
35116,6743.52010514659
35117,6736.74794479401
35118,6751.33574327329
35119,6766.36477632473
35120,6740.56101370161
35121,6744.88373130714
35122,6772.73758731925
35123,6755.71144229642
35124,6760.09529990638
35125,6742.64693935533
35126,6773.90665999874
35127,6748.32388152287
35128,6734.76546924389
35129,6733.14746843881
35130,7534.95816516427
35131,7530.17941553083
35132,7535.18675966919
35133,7532.55321866596
35134,7582.85513058944
35135,7524.42338175669
35136,7581.74317532221
35137,7559.13290340662
35138,7565.78183066802
35139,7537.53636606482
35140,7553.2020304962
35141,7571.07332850235
35142,7522.16058614007
35143,7550.06381410434
35144,7538.90231468774
35145,7533.37917339902
35146,7546.29289069331
35147,7531.74190190473
35148,7577.28111556705
35149,7528.73086566654
35150,7555.30733601826
35151,7583.37116714633
35152,7561.35780848109
35153,7542.13763947047
35154,7534.11602256414
35155,7533.29209255663
35156,7542.78137603518
35157,7545.45757491642
35158,7549.75356008612
35159,7578.801780524
35160,7539.82106488062
35161,7571.14303280455
35162,7581.52823564749
35163,7566.89269652698
35164,7564.14553187604
35165,7522.62986470067
35166,7577.36498181304
35167,7525.04921348799
35168,7557.04365262759
35169,7544.11728276424
35170,7583.37589570922
35171,4309.92962732159
35172,4275.38649701523
35173,4271.33255851885
35174,4309.3739392533
35175,4271.64622772358
35176,4320.14994839303
35177,4321.27020392795
35178,4319.03116234133
35179,4265.27559002994
35180,4292.85280302315
35181,4289.69594275743
35182,4275.33367181111
35183,4271.76363808324
35184,4317.28413176616
35185,4283.05664153437
35186,4321.66088262537
35187,4284.23622737164
35188,4285.4889568245
35189,4270.36258785038
35190,4273.80047012438
35191,4289.46756879203
35192,4313.71716149224
35193,4308.79500988835
35194,4288.34114698334
35195,4294.61885510725
35196,4276.7024193872
35197,4300.99138537284
35198,4280.56269470502
35199,4278.13853561652
35200,4272.75794894857
35201,4293.30860280707
35202,4278.53717710943
35203,4296.75272511639
35204,4290.29684880482
35205,4283.44545656486
35206,4304.89258775589
35207,4303.47238332002
35208,4322.36936232539
35209,4279.41871405723
35210,4289.74308341451
35211,4260.20609233643
35212,4053.44407808123
35213,4028.08506362668
35214,4041.78977777186
35215,4042.64377191028
35216,4025.03519131285
35217,4036.14616510529
35218,4040.35627119088
35219,4032.52671955246
35220,4018.64261860362
35221,4022.22280057865
35222,4022.15321586379
35223,4038.8979516124
35224,4012.61941280951
35225,4034.60720203148
35226,4051.33954312763
35227,4023.56695116784
35228,4019.22953867578
35229,4019.41142477358
35230,4017.90818862756
35231,4018.67472576373
35232,4025.43898673709
35233,4044.24486016329
35234,4049.21433858413
35235,4039.1059508674
35236,4029.51232689502
35237,4048.91654412206
35238,4022.26107226118
35239,4031.1456906741
35240,4051.68472217135
35241,4015.81019817498
35242,4021.31690576507
35243,4023.63881675883
35244,4034.05845613072
35245,4054.60889221441
35246,4019.60730728004
35247,4035.89103375558
35248,4034.61477305281
35249,4029.80320797521
35250,4033.62964413213
35251,4019.29606129186
35252,4020.26741858293
35253,8382.83961302488
35254,8351.52642453427
35255,8360.88069565242
35256,8382.31865730233
35257,8380.55623816823
35258,8354.08563935809
35259,8352.91840337617
35260,8366.68352906805
35261,8358.70017797291
35262,8352.2720501994
35263,8368.39018835033
35264,8377.75803452743
35265,8376.51500345953
35266,8361.8255062365
35267,8354.92408308517
35268,8379.2623451066
35269,8362.31225280273
35270,8360.43280044375
35271,8354.34109635884
35272,8368.19965532225
35273,8358.56853064664
35274,8380.83226629842
35275,8374.10925033716
35276,8358.84732307128
35277,8354.90354281044
35278,8354.10316026281
35279,8356.29820736398
35280,8376.0410216358
35281,8358.48605663189
35282,8356.30388435577
35283,8372.09874293402
35284,8381.64285100264
35285,8352.74863649451
35286,8357.36511505072
35287,8378.1792292795
35288,8364.72790571062
35289,8360.67112467645
35290,8383.41448333922
35291,8358.99012342778
35292,8352.66548097771
35293,8370.69599943749
35294,6686.73946614079
35295,6687.53014873949
35296,6720.52650753523
35297,6718.88727252758
35298,6712.16094000224
35299,6708.15241889195
35300,6685.52645732767
35301,6691.11234357975
35302,6680.95273100956
35303,6708.47345125072
35304,6696.31582999485
35305,6686.92514820855
35306,6692.13941459542
35307,6693.25232447174
35308,6693.15721812203
35309,6695.91795257816
35310,6721.35625247286
35311,6717.34286251
35312,6694.83851122729
35313,6688.91450594618
35314,6694.50238932131
35315,6695.98552395494
35316,6682.53832541829
35317,6701.36459433267
35318,6689.31401922984
35319,6698.04714420418
35320,6684.88862953188
35321,6719.41987665704
35322,6704.84625353419
35323,6689.22153012708
35324,6720.78184050776
35325,6688.44351176981
35326,6684.82836070745
35327,6705.1505634933
35328,6721.93003470945
35329,6716.6356600012
35330,6680.92578356824
35331,6689.45071883167
35332,6690.9059623564
35333,6720.00266534585
35334,6716.27510427595
35335,6688.37148264993
35336,6713.87982666452
35337,6717.64466142837
35338,6685.54357200831
35339,6695.77322247477
35340,6690.68526468607
35341,6686.64391546441
35342,5430.83575878061
35343,5418.61459137082
35344,5435.24038099702
35345,5442.60631946394
35346,5419.04586512691
35347,5445.05060952956
35348,5450.16003263308
35349,5420.27909645652
35350,5426.46743082128
35351,5449.97528396046
35352,5440.0309582138
35353,5419.30104006817
35354,5414.46626462886
35355,5432.56874791327
35356,5417.33301681891
35357,5435.7929484988
35358,5424.84323969795
35359,5431.14519438247
35360,5451.35391069785
35361,5431.7781957009
35362,5420.35020257835
35363,5433.22705111535
35364,5415.74101928166
35365,5449.68919223918
35366,5414.37676058651
35367,5438.29478407914
35368,5421.64903298931
35369,5422.17036977597
35370,5447.56746291386
35371,5415.96470624066
35372,5437.8029250428
35373,5424.95239983652
35374,5420.9915307724
35375,5418.96579532912
35376,5432.84235895255
35377,5434.46369245881
35378,5430.01647286268
35379,5415.94121575843
35380,5413.73561287472
35381,5430.14678079484
35382,7554.54715113201
35383,7552.4454690428
35384,7574.64952378117
35385,7556.15855229785
35386,7553.17620325584
35387,7587.72250733211
35388,7596.02020036056
35389,7557.93635617784
35390,7593.60843206493
35391,7581.81405910543
35392,7575.19354784706
35393,7555.02676445892
35394,7591.86180824843
35395,7555.045786013
35396,7596.68183159766
35397,7576.50481654242
35398,7559.33381566241
35399,7564.30913343888
35400,7591.09320585346
35401,7557.41486139444
35402,7548.07007677665
35403,7567.4414387987
35404,7572.89400616858
35405,7594.9822530351
35406,7553.92752056484
35407,7554.78137962713
35408,7549.47297207863
35409,7561.04621624574
35410,7555.23393386913
35411,7568.54388712663
35412,7562.58718181425
35413,7556.44406529198
35414,7591.85047873751
35415,7549.77426088077
35416,7568.67638525652
35417,7548.08009968149
35418,7554.71103761364
35419,7557.61252608061
35420,7581.38037184173
35421,7554.81032401191
35422,7584.20130002961
35423,6486.50080595549
35424,6462.32866414071
35425,6470.13747994488
35426,6488.28204845533
35427,6488.77246682365
35428,6487.61580567593
35429,6456.29575906761
35430,6487.13038589192
35431,6455.30306823812
35432,6488.43427912087
35433,6490.23150153046
35434,6464.44557702118
35435,6470.1164372747
35436,6460.97626164852
35437,6479.31092516149
35438,6470.96848819158
35439,6460.98575981285
35440,6464.70490246763
35441,6478.36089871234
35442,6459.68677477456
35443,6470.6237031031
35444,6477.0147278038
35445,6466.67214555946
35446,6486.09459118435
35447,6474.72422332063
35448,6477.25901041827
35449,6490.58090349061
35450,6471.57414976323
35451,6480.18967719128
35452,6477.62853935624
35453,6477.47317320913
35454,6489.64078188851
35455,6469.96458759011
35456,6471.21013141399
35457,6470.42515072849
35458,6488.87764640292
35459,6470.03671602102
35460,6461.61584716554
35461,6469.42306298692
35462,6483.76086281417
35463,6595.23256598655
35464,6555.37865957682
35465,6552.83883520715
35466,6551.19947580259
35467,6557.493738774
35468,6576.78555484822
35469,6592.62384897889
35470,6544.24994805807
35471,6569.80277389459
35472,6539.90724451947
35473,6545.9365046482
35474,6575.90382817402
35475,6542.7598967307
35476,6540.53980921777
35477,6551.18112380217
35478,6555.9028509007
35479,6599.55679722159
35480,6544.63748614069
35481,6548.67476906143
35482,6584.8327909638
35483,6552.07849448716
35484,6544.85576085197
35485,6600.66013552849
35486,6562.41759577531
35487,6599.52054583541
35488,6601.74944604889
35489,6548.6125825148
35490,6594.24231323637
35491,6565.94667976253
35492,6552.02124970692
35493,6597.81367405137
35494,6550.10041953458
35495,6536.70709579781
35496,6545.50754397382
35497,6541.71153819736
35498,6547.90849444248
35499,6539.51989884157
35500,6563.01382866667
35501,6556.09517240914
35502,6585.48062914779
35503,6553.71827437952
35504,4515.21055988261
35505,4535.06303167849
35506,4517.63504365141
35507,4547.88467908455
35508,4513.79327398722
35509,4552.62893774165
35510,4519.78880773273
35511,4511.14226214968
35512,4541.94491126356
35513,4554.28695772302
35514,4521.1728155176
35515,4517.42498343956
35516,4551.67382412287
35517,4520.54616521427
35518,4548.1756174879
35519,4531.54995514687
35520,4535.0993605394
35521,4513.24739350096
35522,4511.61243624271
35523,4524.7999075446
35524,4513.53144583645
35525,4521.35072406488
35526,4527.19812942455
35527,4519.75327580378
35528,4555.33159061584
35529,4550.72703544601
35530,4511.08447489937
35531,4529.6998652727
35532,4511.81724591445
35533,4512.77414040264
35534,4517.07327230514
35535,4516.18985558275
35536,4553.74145940001
35537,4510.74752300729
35538,4520.360028555
35539,4524.21395152932
35540,4543.96433369742
35541,4510.68578491165
35542,4520.69608343983
35543,4521.2258932214
35544,4516.33021974216
35545,3665.422901477
35546,3673.97150522995
35547,3668.93143248547
35548,3619.59533361097
35549,3655.37443652838
35550,3632.03796800729
35551,3681.32145278982
35552,3647.54919185012
35553,3626.88610034715
35554,3641.95883312798
35555,3625.50548753137
35556,3679.54091954265
35557,3667.38430268697
35558,3624.30987859335
35559,3660.07673217775
35560,3643.90698200679
35561,3619.097068279
35562,3651.56359787372
35563,3625.24781892096
35564,3631.95897785915
35565,3626.56694454871
35566,3675.13032129256
35567,3664.69462454914
35568,3628.26949686015
35569,3643.7285294352
35570,3635.88505337215
35571,3615.3279727579
35572,3611.52977585179
35573,3623.03334073151
35574,3632.0695418066
35575,3678.34621297251
35576,3633.80651004213
35577,3642.81668860226
35578,3627.60015090136
35579,3678.17100150762
35580,3659.4212756091
35581,3651.14357647317
35582,3623.76614917889
35583,3628.75682322645
35584,3638.2161730822
35585,3637.53648466766
35586,6421.70412742285
35587,6428.78543842661
35588,6434.97966420686
35589,6453.45374072688
35590,6424.86192510358
35591,6447.50304759603
35592,6451.54817922568
35593,6423.11680631713
35594,6427.84554219031
35595,6406.26202101544
35596,6432.80980679669
35597,6405.22122222889
35598,6408.95640880206
35599,6419.23702750246
35600,6451.41977698924
35601,6427.64256741951
35602,6427.22042203009
35603,6422.21004838164
35604,6411.04219563167
35605,6441.66328876465
35606,6427.49422605407
35607,6419.87400688317
35608,6446.26436349561
35609,6426.05059389002
35610,6447.40137042688
35611,6440.41843838744
35612,6426.61186253455
35613,6407.39241972253
35614,6452.88448228079
35615,6430.13182541657
35616,6419.92849852996
35617,6437.66122281388
35618,6411.7427212041
35619,6418.71358770156
35620,6427.80282559106
35621,6419.58899684597
35622,6452.7810731356
35623,6418.67121618974
35624,6418.32826014162
35625,6417.93509112303
35626,6404.87089668784
35627,6271.25258786292
35628,6252.21894842422
35629,6223.90435837074
35630,6221.46349936803
35631,6279.9098446984
35632,6277.75853689738
35633,6210.32974139755
35634,6235.43548629149
35635,6217.76388791376
35636,6218.80517014068
35637,6215.77748935514
35638,6229.4202616011
35639,6208.25981182193
35640,6233.09945409744
35641,6228.27974191742
35642,6263.60312981723
35643,6254.97658413415
35644,6276.12868228943
35645,6263.75719723019
35646,6272.51078336737
35647,6220.89684627507
35648,6221.38454084484
35649,6225.43711449003
35650,6271.66838971733
35651,6224.04700894835
35652,6233.34701406259
35653,6244.78851927129
35654,6239.06632158729
35655,6212.43192067591
35656,6232.38734628436
35657,6210.71594244149
35658,6245.09430063239
35659,6209.01145343125
35660,6277.59996291376
35661,6226.84146200297
35662,6238.19539372582
35663,6258.48050713269
35664,6207.29243630612
35665,6204.47012584523
35666,6278.68526143152
35667,6228.1452593601
35668,6094.50669589936
35669,6091.25769355404
35670,6121.53903678034
35671,6134.44803842387
35672,6116.5984548489
35673,6133.74382389443
35674,6110.89828644095
35675,6089.3309809998
35676,6099.41805436825
35677,6090.12588491916
35678,6128.00517146824
35679,6132.54364744073
35680,6132.18902693854
35681,6090.46015920832
35682,6083.66304179553
35683,6128.69410793434
35684,6102.33647469488
35685,6098.62272699549
35686,6087.03808197955
35687,6094.21249861611
35688,6104.60944319594
35689,6110.48701870875
35690,6105.026612499
35691,6103.87853405355
35692,6103.93356520857
35693,6094.94244072145
35694,6104.47659137246
35695,6091.97697668782
35696,6086.08654114606
35697,6128.17008096718
35698,6103.16320748079
35699,6100.19027574722
35700,6092.55641688254
35701,6087.37964114601
35702,6107.11942901296
35703,6120.29177697093
35704,6094.46888339524
35705,6098.8323951782
35706,6133.53051235403
35707,6091.43819698439
35708,6113.92653561373
35709,9473.25970837397
35710,9454.26036253286
35711,9469.84033329272
35712,9457.67657290114
35713,9457.61283405292
35714,9478.80923925397
35715,9464.32335617242
35716,9454.49114651224
35717,9462.01230680239
35718,9466.4539303709
35719,9460.30443165
35720,9507.09762297201
35721,9453.0524378559
35722,9480.33549747851
35723,9490.00312033508
35724,9468.11178884022
35725,9490.22295033956
35726,9506.62381683678
35727,9471.71254185192
35728,9467.59368846306
35729,9497.8834835357
35730,9504.01790984775
35731,9450.32199154486
35732,9467.83331469756
35733,9463.60304809362
35734,9496.89497108842
35735,9485.09077070235
35736,9507.62343665082
35737,9504.84575053546
35738,9466.90252209926
35739,9479.87694659007
35740,9465.72822699342
35741,9458.45274620413
35742,9507.31620226382
35743,9456.43012974343
35744,9452.36187363494
35745,9461.56103169746
35746,9472.61412920647
35747,9503.84228583735
35748,9470.15351255769
35749,9499.17714478332
35750,7878.38823755561
35751,7860.43004012375
35752,7837.68868161093
35753,7882.39334038443
35754,7869.67978614326
35755,7837.794284311
35756,7839.59156777448
35757,7890.75990885406
35758,7875.42482204381
35759,7858.54628765943
35760,7894.54803570383
35761,7827.73714743235
35762,7866.96599339221
35763,7830.8375536478
35764,7836.5736621094
35765,7853.54294445732
35766,7839.09087710394
35767,7834.31594930324
35768,7886.20234059056
35769,7895.12717939584
35770,7876.87807751913
35771,7864.51319348749
35772,7854.40034114167
35773,7847.06307826889
35774,7883.90998062171
35775,7890.6469292646
35776,7842.97611367479
35777,7845.71930956433
35778,7861.82934111827
35779,7847.99586230082
35780,7841.62683682727
35781,7836.0736275988
35782,7853.44000678839
35783,7847.37633101983
35784,7892.62260967096
35785,7842.78857109204
35786,7891.61279754013
35787,7860.14864163666
35788,7851.72154638867
35789,7848.2756160316
35790,7882.29654409462
35791,4750.33714899096
35792,4717.2638871172
35793,4711.35103214302
35794,4699.90154138201
35795,4726.27549854821
35796,4706.34323979662
35797,4741.93938821934
35798,4751.24297710181
35799,4762.23795284456
35800,4753.54425488456
35801,4762.4340689583
35802,4717.56063577421
35803,4744.05966173628
35804,4704.96997024421
35805,4723.11041041795
35806,4727.24662707658
35807,4704.4607627846
35808,4705.41194877716
35809,4744.81066158649
35810,4710.10802271668
35811,4712.4931084728
35812,4758.37831556064
35813,4705.62470310351
35814,4726.48248006033
35815,4749.01191891051
35816,4696.82510574114
35817,4718.88539534047
35818,4735.62167336089
35819,4705.9293160451
35820,4710.97114022374
35821,4730.18037810864
35822,4707.70262997939
35823,4711.61942875876
35824,4758.31686246044
35825,4735.06240289012
35826,4700.41462273105
35827,4693.41183667665
35828,4717.38814345685
35829,4760.02784367745
35830,4758.61483176685
35831,4709.07897704444
35832,8333.66551686454
35833,8364.89099391932
35834,8375.39902138503
35835,8347.79562339226
35836,8376.38960193528
35837,8381.68813045048
35838,8334.62354143395
35839,8331.89940499792
35840,8380.28272025948
35841,8343.61511288775
35842,8340.5886946621
35843,8359.03450923889
35844,8341.0788779505
35845,8332.18069512001
35846,8344.96335090808
35847,8357.09824399207
35848,8346.15984034767
35849,8351.63618660922
35850,8350.81583803784
35851,8368.63986984949
35852,8349.51843862905
35853,8337.8124121362
35854,8332.77763277343
35855,8337.81893986093
35856,8370.77834868216
35857,8327.86486057081
35858,8358.34040509872
35859,8336.84684895642
35860,8334.03541001635
35861,8338.85693362845
35862,8367.82793490496
35863,8336.85095599788
35864,8379.05940188703
35865,8331.80688551784
35866,8361.95856010653
35867,8323.24438510548
35868,8333.75595804605
35869,8344.789606833
35870,8341.59182435327
35871,8348.81476317832
35872,8379.28962658802
35873,3382.01151010179
35874,3400.95161404167
35875,3389.80333826646
35876,3390.1388332729
35877,3407.0283965611
35878,3423.46885425182
35879,3395.64067650864
35880,3412.09738727753
35881,3414.70063297064
35882,3389.77059101013
35883,3399.11396783111
35884,3385.158660156
35885,3383.64948521148
35886,3396.51501489023
35887,3417.39881960481
35888,3423.09902769238
35889,3420.98751321299
35890,3393.1383694354
35891,3381.90014355139
35892,3392.6961140441
35893,3401.98632280315
35894,3399.78598312203
35895,3401.17403899095
35896,3421.87041136148
35897,3396.31944706673
35898,3379.00706844139
35899,3382.3746394901
35900,3386.05887763513
35901,3407.80863105711
35902,3420.54616592021
35903,3387.61215222992
35904,3376.57999132439
35905,3382.27310432489
35906,3397.90174991546
35907,3395.07372232179
35908,3385.59486194022
35909,3410.78835535354
35910,3397.38272114878
35911,3420.01514712325
35912,3383.30411104784
35913,3412.22001674177
35914,3333.90273503013
35915,3339.15833226275
35916,3363.05366004069
35917,3340.00341034765
35918,3329.47783199508
35919,3322.72817976861
35920,3364.14408110565
35921,3343.58309132889
35922,3320.01875891097
35923,3348.2445685995
35924,3355.46734274973
35925,3351.83647020287
35926,3345.62173488032
35927,3334.62904629873
35928,3333.41135890976
35929,3318.88029121563
35930,3342.27975940657
35931,3316.80700531606
35932,3327.07511948633
35933,3358.7581118687
35934,3321.62574752453
35935,3322.51925284799
35936,3318.54099557766
35937,3358.48026656312
35938,3354.14907020995
35939,3323.27226565244
35940,3336.5507258698
35941,3320.71410163456
35942,3346.66230102973
35943,3339.82006701919
35944,3333.41737385037
35945,3340.89037933258
35946,3324.46803458463
35947,3358.21756287604
35948,3350.56741855161
35949,3342.73050554097
35950,3311.49674490129
35951,3343.03630110944
35952,3328.62686404027
35953,3323.52927301674
35954,3329.56004232885
35955,6047.53856655945
35956,6032.62636154911
35957,6037.07760634121
35958,6042.85689224839
35959,6076.47728098231
35960,6041.997135043
35961,6042.16688840469
35962,6072.81477185853
35963,6037.04493782075
35964,6041.6398987588
35965,6075.69427131679
35966,6039.86654745371
35967,6025.93283609825
35968,6050.29090127251
35969,6032.94605213163
35970,6030.07027789477
35971,6028.55028979541
35972,6068.90869798154
35973,6038.90782540657
35974,6066.33177202915
35975,6048.10086556111
35976,6062.11204381426
35977,6054.12602274855
35978,6073.74405216374
35979,6053.73932388393
35980,6065.63918609932
35981,6057.37283194074
35982,6060.48470027225
35983,6072.15798517358
35984,6059.17828381011
35985,6074.4757440483
35986,6043.71213429995
35987,6037.36654002212
35988,6034.98824301118
35989,6046.64515718697
35990,6023.84086823521
35991,6036.69222576382
35992,6034.94208862585
35993,6047.36338643948
35994,6065.99265706543
35995,6035.0933001451
35996,11188.7901849075
35997,11190.3328522341
35998,11195.4096929609
35999,11212.5928457835
36000,11211.3272240196
36001,11193.2653807328
36002,11203.5602820564
36003,11192.0710223896
36004,11201.7743650163
36005,11202.6037084268
36006,11198.8325321567
36007,11204.4216295413
36008,11189.7511482161
36009,11192.0620658678
36010,11210.6802161666
36011,11212.7648861553
36012,11201.2308174655
36013,11207.5045127395
36014,11210.3448233814
36015,11206.7091181255
36016,11206.5283818112
36017,11195.6155760405
36018,11194.1503243402
36019,11207.9779223154
36020,11195.7262629322
36021,11203.7542124799
36022,11204.6907622633
36023,11190.553122688
36024,11202.2056258289
36025,11203.9320467415
36026,11188.8451969662
36027,11205.1502024076
36028,11194.2691721853
36029,11198.6862652028
36030,11205.1148333943
36031,11200.7147967604
36032,11189.0351907309
36033,11207.0414870485
36034,11199.657244339
36035,11208.4679577907
36036,7425.94844403213
36037,7416.9658239501
36038,7401.39676207252
36039,7409.33217729976
36040,7423.92723327059
36041,7421.68931836697
36042,7414.687703717
36043,7444.30865692633
36044,7425.5489027185
36045,7416.25668781286
36046,7421.51818744071
36047,7442.82509628675
36048,7432.42256413123
36049,7420.8741912783
36050,7404.94549570589
36051,7411.79394363614
36052,7413.66680380407
36053,7423.39049717328
36054,7413.52286354574
36055,7426.99223290918
36056,7417.12111971799
36057,7398.30297704313
36058,7418.64689133202
36059,7431.65310110204
36060,7435.43253358351
36061,7411.13299947222
36062,7417.77583225157
36063,7442.92129642193
36064,7438.60640998305
36065,7412.4282508379
36066,7403.64293483865
36067,7432.91837014628
36068,7427.65026050579
36069,7426.76318631882
36070,7404.91594400117
36071,7421.54127492388
36072,7400.4697181955
36073,7399.69933423383
36074,7425.55650184526
36075,7440.25693626799
36076,7442.88956060101
36077,6600.67991916794
36078,6600.65207643447
36079,6605.20436559379
36080,6645.20425497594
36081,6601.72768533058
36082,6602.888383861
36083,6596.28735163173
36084,6599.0560751926
36085,6595.65320822134
36086,6641.83777159005
36087,6599.89858361994
36088,6607.54051165147
36089,6634.12751013421
36090,6608.78882128383
36091,6646.51755234669
36092,6636.46429289675
36093,6601.07487148384
36094,6598.2460697975
36095,6613.36575069082
36096,6609.94663286785
36097,6616.74684811359
36098,6596.73068712243
36099,6611.73571686692
36100,6640.20449683645
36101,6606.42626257452
36102,6622.7196354648
36103,6643.49581560828
36104,6593.66687547079
36105,6629.79463393975
36106,6591.55788908923
36107,6604.93112386961
36108,6644.2591320468
36109,6632.22520275102
36110,6606.83048171259
36111,6592.68800082931
36112,6627.23135930524
36113,6614.46154906172
36114,6597.27333188782
36115,6596.92011093776
36116,6622.73162707858
36117,6610.94404684076
36118,4098.60399903888
36119,4072.15831282329
36120,4080.614338354
36121,4099.62178879971
36122,4088.15155053865
36123,4082.42815310634
36124,4072.58795544205
36125,4078.64662756689
36126,4072.28830897295
36127,4088.19288097597
36128,4070.44875185792
36129,4082.6489706699
36130,4082.29520476597
36131,4088.41194716205
36132,4081.8300101816
36133,4092.65627861248
36134,4092.44427697666
36135,4097.30350943551
36136,4084.74265829589
36137,4087.65712466046
36138,4095.89161342274
36139,4076.90125677125
36140,4079.84136313995
36141,4073.2471649117
36142,4077.59531098891
36143,4083.99014043414
36144,4097.50112195839
36145,4090.4278814557
36146,4072.64035680518
36147,4073.96201136098
36148,4082.52573448501
36149,4075.12396544599
36150,4095.37582826566
36151,4078.4998682207
36152,4077.07691021251
36153,4085.52972927928
36154,4076.56437601866
36155,4076.4877292153
36156,4077.62933765622
36157,4079.32222601163
36158,4087.27739054013
36159,6529.55147027915
36160,6528.24322402364
36161,6530.76592927584
36162,6559.31345432167
36163,6542.71886640097
36164,6553.61220038847
36165,6514.67007209952
36166,6556.00937739766
36167,6527.84252486268
36168,6530.96996872575
36169,6532.93769968489
36170,6515.2642352251
36171,6534.68311928986
36172,6514.25794099375
36173,6528.4431137427
36174,6544.84308149093
36175,6524.29185274922
36176,6529.72810777625
36177,6536.37981879303
36178,6527.54190115558
36179,6533.61951483295
36180,6532.07489267486
36181,6563.60594806331
36182,6528.74055394437
36183,6559.96932823084
36184,6518.17586673462
36185,6554.16093085057
36186,6546.34776332859
36187,6514.91422237579
36188,6529.71093310483
36189,6522.13204385626
36190,6527.75861065131
36191,6543.55659452606
36192,6537.78501184899
36193,6562.76963209918
36194,6530.17654166607
36195,6529.31190889462
36196,6522.90629559222
36197,6517.23375046876
36198,6563.00363236412
36199,6528.83982846128
36200,9819.84799059996
36201,9811.03202743642
36202,9835.94007931188
36203,9814.60916480127
36204,9822.09267286838
36205,9819.15560196781
36206,9824.71624392095
36207,9832.71326947291
36208,9814.44100608399
36209,9815.50761834807
36210,9825.56564520217
36211,9823.83374691787
36212,9820.3519828678
36213,9840.37911995825
36214,9810.18384723661
36215,9824.90451349136
36216,9816.32187064909
36217,9849.17823218073
36218,9864.62118590396
36219,9859.54354317883
36220,9814.37567554725
36221,9816.45547800826
36222,9852.02362237317
36223,9840.94625990548
36224,9812.91077216264
36225,9820.70863055943
36226,9865.92934308394
36227,9824.72144176343
36228,9829.178505358
36229,9866.87257387858
36230,9842.6750403731
36231,9856.75815105076
36232,9820.28713498607
36233,9861.64455137565
36234,9823.68614550705
36235,9829.42270966332
36236,9816.14879857919
36237,9862.06452649641
36238,9864.08662850251
36239,9815.29482625041
36240,9819.99789208627
36241,5903.75992163695
36242,5929.54633304126
36243,5910.42701429916
36244,5927.25722819192
36245,5894.40753789589
36246,5915.66212725021
36247,5911.48150693021
36248,5895.64492593285
36249,5922.23074736296
36250,5910.09731288466
36251,5904.26505900679
36252,5906.43545998565
36253,5904.40235340933
36254,5931.71201765859
36255,5920.31459221307
36256,5893.01293666499
36257,5906.64996548598
36258,5909.2763382362
36259,5937.36668546188
36260,5908.5157774546
36261,5938.07817223027
36262,5911.80618699636
36263,5895.89727858243
36264,5902.34181569213
36265,5902.31868751954
36266,5920.02034163009
36267,5936.86746711267
36268,5935.52139573633
36269,5916.12849788322
36270,5907.76601079286
36271,5933.66820297732
36272,5934.80183903399
36273,5934.64550635538
36274,5903.14639973635
36275,5906.43070240057
36276,5904.13811629782
36277,5908.32264214108
36278,5896.17232263929
36279,5899.30217759765
36280,5909.69376931999
36281,5899.61981569115
36282,8100.32825871368
36283,8141.59509564494
36284,8130.81705138694
36285,8140.89693841016
36286,8127.06349157536
36287,8124.27621681796
36288,8124.58720512017
36289,8120.10777499156
36290,8124.06863543485
36291,8125.50977334478
36292,8126.3722264629
36293,8134.01092107556
36294,8106.28381375165
36295,8139.01160518046
36296,8131.26143727411
36297,8123.46275683454
36298,8141.01543926288
36299,8126.09928094065
36300,8126.23452175135
36301,8133.39663659281
36302,8130.79614380025
36303,8116.89716932441
36304,8132.21335239248
36305,8102.07543107936
36306,8113.18578593849
36307,8144.36292663407
36308,8136.82287521201
36309,8111.43327869605
36310,8125.19034448814
36311,8142.86413345275
36312,8141.94124984027
36313,8106.2268046342
36314,8144.69445245664
36315,8131.46485126619
36316,8099.94136266912
36317,8116.53498406249
36318,8124.20967363387
36319,8107.61113936408
36320,8141.98333705448
36321,8143.86006343815
36322,8109.79724875509
36323,5728.57978954745
36324,5728.27254905864
36325,5743.0126416883
36326,5763.05712006711
36327,5736.91342226575
36328,5714.70266037344
36329,5729.63234686379
36330,5744.80336721604
36331,5739.28664596982
36332,5705.95596548592
36333,5718.42614113379
36334,5755.92200883629
36335,5715.50422874177
36336,5712.66615236851
36337,5717.99470834092
36338,5719.04405165141
36339,5725.18934007812
36340,5747.02559836675
36341,5737.51667563087
36342,5753.62967964293
36343,5724.06968466583
36344,5726.82408547545
36345,5722.00552165663
36346,5730.27881332875
36347,5713.31877663108
36348,5724.68604494254
36349,5712.50268234619
36350,5718.87655327054
36351,5721.24267554816
36352,5712.17791595317
36353,5763.89455935681
36354,5709.64300931576
36355,5713.99967634786
36356,5765.53942129471
36357,5762.46537551775
36358,5711.97904940982
36359,5713.66073163637
36360,5759.05419497442
36361,5752.50030663757
36362,5722.985179096
36363,5715.99128552489
36364,4553.97559620622
36365,4552.70826469905
36366,4555.32722789525
36367,4545.20692720654
36368,4582.13707223013
36369,4561.47697097773
36370,4552.52464312094
36371,4551.05267441544
36372,4552.69024792072
36373,4569.06186079577
36374,4577.09985700807
36375,4572.76972560707
36376,4548.5794092495
36377,4562.00696930905
36378,4557.91143593803
36379,4585.50342739544
36380,4567.36695696415
36381,4557.58627353909
36382,4569.35736248651
36383,4557.35194851582
36384,4559.34920503426
36385,4546.61108304636
36386,4558.60029681608
36387,4555.71334508403
36388,4548.35807955577
36389,4555.36120343109
36390,4576.19877491278
36391,4541.79070967885
36392,4585.86985143343
36393,4573.78721345435
36394,4583.78347369198
36395,4563.73178246961
36396,4587.44460015665
36397,4554.40543206083
36398,4558.63782060133
36399,4552.10629898642
36400,4586.10660181296
36401,4553.50855140669
36402,4551.32953747377
36403,4554.17808446821
36404,4579.55441426046
36405,5126.32252510409
36406,5110.08142740268
36407,5125.92598753751
36408,5115.43416440815
36409,5114.53990035237
36410,5122.57828851797
36411,5108.60363095438
36412,5122.90619555117
36413,5118.46001862273
36414,5111.26566087609
36415,5127.22371627153
36416,5124.96187649025
36417,5113.62509473918
36418,5121.20420192453
36419,5111.09552245054
36420,5112.19940241812
36421,5122.81132765454
36422,5110.14619439011
36423,5120.22440414662
36424,5113.07987367488
36425,5113.92947528121
36426,5112.99798768127
36427,5110.45236048674
36428,5112.84890692735
36429,5116.00918643032
36430,5117.85129183787
36431,5113.92009636662
36432,5127.84543148498
36433,5120.13482254888
36434,5124.66505620926
36435,5114.68747899144
36436,5107.37668012919
36437,5122.99498950346
36438,5121.93272328714
36439,5122.80559851555
36440,5108.81521082496
36441,5124.95461678924
36442,5106.27577034395
36443,5117.41276856819
36444,5107.63238578776
36445,5712.01972331644
36446,5714.04561446197
36447,5695.09483195341
36448,5721.35778877733
36449,5697.28552779921
36450,5717.6798952834
36451,5697.61105334538
36452,5692.87559481373
36453,5702.70944388903
36454,5706.46795495448
36455,5701.62125793065
36456,5697.70897725982
36457,5698.12709932325
36458,5693.97614081463
36459,5696.8445552121
36460,5708.88319970388
36461,5721.85585571488
36462,5691.77535060172
36463,5688.75319648871
36464,5725.71641635759
36465,5714.2932377166
36466,5686.57241556749
36467,5691.32752854427
36468,5708.31121831943
36469,5725.15635275931
36470,5698.76394253387
36471,5689.99009398763
36472,5702.45226506796
36473,5726.91951504719
36474,5724.04320105824
36475,5695.31195773409
36476,5694.63201741702
36477,5727.06160639304
36478,5691.32457922162
36479,5697.17140943959
36480,5697.96862652111
36481,5694.24338901883
36482,5716.87451610009
36483,5695.74223389238
36484,5701.88711016096
36485,5691.2162745366
36486,5581.05167795198
36487,5569.70479382659
36488,5595.52304754182
36489,5601.19838273572
36490,5586.38236151524
36491,5574.15512674327
36492,5611.98449206097
36493,5595.32146438037
36494,5584.88366715311
36495,5591.86535453069
36496,5610.43901515394
36497,5572.17246794742
36498,5578.5697108022
36499,5576.34808844496
36500,5591.70584104244
36501,5578.14243159781
36502,5570.23179887243
36503,5581.95116731878
36504,5594.51739337883
36505,5613.23831510736
36506,5588.39101826895
36507,5574.32099756811
36508,5574.70568475577
36509,5575.65032351238
36510,5577.47620015196
36511,5578.91250133673
36512,5611.41586173958
36513,5602.02089012362
36514,5588.31172760012
36515,5583.2968508976
36516,5568.90695171859
36517,5604.15033582996
36518,5570.79479753801
36519,5574.91591802014
36520,5607.62083782919
36521,5571.60529443563
36522,5576.4479687603
36523,5586.93306168614
36524,5583.00854586134
36525,5566.17723709053
36526,5588.17038939694
36527,4221.13521415292
36528,4226.03547360969
36529,4220.97048000075
36530,4189.66345165767
36531,4213.71391708325
36532,4189.39589451601
36533,4215.44366839851
36534,4207.80574328401
36535,4212.30632739829
36536,4218.47419328942
36537,4205.61896424474
36538,4204.0128014786
36539,4208.22301700551
36540,4205.76356504135
36541,4213.77631417639
36542,4228.10156672409
36543,4215.52058048916
36544,4218.57330694823
36545,4196.08480605026
36546,4228.68198959156
36547,4208.35447276451
36548,4210.46328814043
36549,4228.57034902953
36550,4198.63536182277
36551,4197.06511514643
36552,4188.09925990231
36553,4191.84054085239
36554,4205.97647406514
36555,4204.2902153513
36556,4192.54639111916
36557,4212.75954096763
36558,4226.10119693347
36559,4192.79338734201
36560,4203.48385174933
36561,4200.0998228255
36562,4205.54783294192
36563,4203.47130038712
36564,4206.389191309
36565,4189.15637313913
36566,4188.61738852717
36567,4206.70651839264
36568,4872.45801598147
36569,4905.82747935283
36570,4854.90964457591
36571,4865.84845355871
36572,4884.26816880934
36573,4888.80636777771
36574,4874.67758351142
36575,4865.04277624331
36576,4874.16220120312
36577,4879.0496764882
36578,4881.42207314821
36579,4865.3824168199
36580,4870.88947605645
36581,4860.13511757366
36582,4890.75230434422
36583,4867.97209418164
36584,4869.95745882003
36585,4852.42584040219
36586,4902.81724116529
36587,4870.71448191968
36588,4895.92243904291
36589,4898.40165919498
36590,4897.78455339552
36591,4851.82197027844
36592,4874.31156457716
36593,4850.96350519157
36594,4868.26128173721
36595,4905.34878404728
36596,4874.19189650198
36597,4875.08774896988
36598,4905.23844893845
36599,4870.48421140535
36600,4860.47127871888
36601,4902.16492011019
36602,4874.14196057374
36603,4855.75343313889
36604,4866.25312872877
36605,4903.20067305434
36606,4851.23638126161
36607,4855.94355560335
36608,4905.16388121322
36609,4110.35877307849
36610,4111.26656862961
36611,4109.84894449605
36612,4099.59973688029
36613,4151.59154240406
36614,4146.20911392347
36615,4119.20266374326
36616,4136.316422791
36617,4132.86638011807
36618,4115.63749582738
36619,4110.88352067866
36620,4101.04167090914
36621,4095.68528628931
36622,4142.04016227253
36623,4107.27000934929
36624,4107.75853609997
36625,4126.6839681093
36626,4129.8248108006
36627,4152.32846262439
36628,4113.37561939146
36629,4103.99603707705
36630,4153.54604799783
36631,4105.65856159356
36632,4105.90121197578
36633,4149.37089748498
36634,4103.57890034272
36635,4112.52268787064
36636,4108.2460736928
36637,4140.01864040996
36638,4153.85433714641
36639,4106.44558285445
36640,4108.56161699641
36641,4122.05509082794
36642,4114.43620976465
36643,4119.74959165629
36644,4114.90033005955
36645,4121.79853460956
36646,4117.08807274757
36647,4101.03803436714
36648,4147.93044212059
36649,4153.48694550738
36650,7260.49374622843
36651,7267.64047749991
36652,7255.9386665566
36653,7275.4151566192
36654,7259.59120846408
36655,7263.22853774911
36656,7272.75519536577
36657,7280.30327546196
36658,7259.63998781432
36659,7270.38947758539
36660,7256.85990999488
36661,7268.79773832051
36662,7264.3975699842
36663,7278.51859639561
36664,7261.39363538861
36665,7277.47732690311
36666,7274.47738528751
36667,7266.70200531404
36668,7261.72732978962
36669,7260.65307700492
36670,7278.67602512121
36671,7279.3370613733
36672,7274.95445500388
36673,7272.72680355673
36674,7274.03824084227
36675,7260.47263383855
36676,7265.75751283376
36677,7257.07990996429
36678,7279.73560701147
36679,7278.93936313824
36680,7260.93432327923
36681,7269.22275178954
36682,7265.45030833768
36683,7262.8479866352
36684,7262.62270771189
36685,7270.79376972017
36686,7277.32823847048
36687,7259.82114980517
36688,7268.82808936468
36689,7272.37732739101
36690,6824.67808177138
36691,6806.91158171757
36692,6800.32140068736
36693,6818.2096392633
36694,6818.1527335444
36695,6819.7518845708
36696,6802.76595931185
36697,6809.92741606186
36698,6837.27264492542
36699,6804.46069885171
36700,6808.01204253977
36701,6828.54443480763
36702,6810.80205404901
36703,6840.62492416867
36704,6802.0807490346
36705,6806.71018073075
36706,6821.06491462909
36707,6812.66505014098
36708,6804.13682683169
36709,6820.91048470643
36710,6826.86723991624
36711,6814.13806843006
36712,6805.58377647713
36713,6803.56214353475
36714,6816.99316519861
36715,6834.3848750459
36716,6804.034153774
36717,6837.4608620437
36718,6799.41716460871
36719,6812.93251284459
36720,6834.80516048286
36721,6797.25778786003
36722,6800.25012715534
36723,6813.45688055001
36724,6813.80743154724
36725,6808.40402729311
36726,6829.62178187465
36727,6812.27773398632
36728,6839.21812172026
36729,6819.31608212662
36730,6799.58802141165
36731,5037.45013104089
36732,5017.23426729811
36733,5027.12674857438
36734,5048.50020138488
36735,5042.96592380804
36736,5033.97506805335
36737,5040.44559021121
36738,5024.67168795783
36739,5045.15947865793
36740,5028.08475719975
36741,5016.67164520769
36742,5049.06626669647
36743,5014.13284732114
36744,5046.93842333728
36745,5051.1615721454
36746,5022.17947385846
36747,5026.34160560541
36748,5028.35148445906
36749,5034.63364859307
36750,5030.29219251797
36751,5049.32502751539
36752,5049.81960142109
36753,5022.06524263947
36754,5021.9074544679
36755,5024.45490330469
36756,5025.3831055369
36757,5020.88354864902
36758,5020.4863526941
36759,5027.18877788016
36760,5026.04956612377
36761,5016.5969929593
36762,5047.11336082922
36763,5018.35684719811
36764,5027.53576246737
36765,5051.22752470969
36766,5023.71780748084
36767,5038.03876362802
36768,5030.26208416143
36769,5018.83996395638
36770,5024.9549931125
36771,5935.43200564102
36772,5882.7823580693
36773,5926.17640419242
36774,5919.77871149741
36775,5883.08756411902
36776,5903.10008116695
36777,5920.60268178819
36778,5901.85953326026
36779,5908.53947022387
36780,5896.93378625618
36781,5908.30664879998
36782,5911.53538926408
36783,5930.37058965336
36784,5890.90827516149
36785,5937.8676416301
36786,5885.52894424905
36787,5925.92011425042
36788,5940.63686704206
36789,5884.97624012947
36790,5885.70412044626
36791,5897.29319123623
36792,5941.35682799235
36793,5923.81507534754
36794,5884.87649350125
36795,5890.73068153663
36796,5902.63248613971
36797,5887.33396559333
36798,5893.45109523208
36799,5895.80037509631
36800,5896.00379568723
36801,5937.7881915716
36802,5903.65295551794
36803,5891.18901124921
36804,5894.37780604707
36805,5909.33851782845
36806,5932.44675119787
36807,5900.73064610522
36808,5936.8906436004
36809,5876.07907808923
36810,5880.18220505173
36811,5889.82589596786
36812,6927.27472492866
36813,6933.0901194355
36814,6936.71938476209
36815,6943.19014206848
36816,6925.80362490954
36817,6934.95905352473
36818,6934.29273662674
36819,6951.94285120414
36820,6967.05463485891
36821,6938.58832856561
36822,6931.17200210318
36823,6942.59751704636
36824,6933.19098399378
36825,6931.12665602644
36826,6932.49622904416
36827,6935.30836750035
36828,6962.44521825752
36829,6942.65363492258
36830,6925.56904423148
36831,6933.24207628676
36832,6927.48745292196
36833,6934.88945528558
36834,6947.21217716136
36835,6933.81089939848
36836,6966.05830970625
36837,6930.71748964235
36838,6951.0308755975
36839,6927.56893567772
36840,6936.31882476313
36841,6967.12826966624
36842,6930.24212718313
36843,6947.53665484662
36844,6934.1737139275
36845,6968.15613347007
36846,6956.76952603322
36847,6964.20609147014
36848,6959.18835060654
36849,6930.64813601275
36850,6925.44438219146
36851,6960.55854744806
36852,6930.39886978791
36853,5022.49034266678
36854,5023.53517796751
36855,5032.79351212955
36856,5021.35155119218
36857,5046.60854561489
36858,5035.91538986341
36859,5035.93775465339
36860,5021.68754292895
36861,5024.12124936587
36862,5039.53436521775
36863,5036.39129033916
36864,5046.77259063305
36865,5052.75807869157
36866,5021.61272364368
36867,5068.59546811438
36868,5022.04283712275
36869,5034.40116301387
36870,5025.28779783819
36871,5055.45177714959
36872,5037.32839075594
36873,5067.33280930053
36874,5027.45690833332
36875,5068.69721907712
36876,5032.94356951851
36877,5036.30229701463
36878,5027.2821855811
36879,5059.81848524487
36880,5030.95573917529
36881,5038.76047141507
36882,5038.10124746515
36883,5026.52897383686
36884,5024.0045033152
36885,5062.01139106781
36886,5053.42871699485
36887,5028.86450661728
36888,5019.22420019556
36889,5066.75864965716
36890,5067.67680325489
36891,5062.74070455834
36892,5032.56006294835
36893,5024.92654466581
36894,4665.94982121756
36895,4666.76995029814
36896,4660.1451325049
36897,4666.22337400538
36898,4663.8226976066
36899,4664.27333165016
36900,4668.41506020634
36901,4675.76052779131
36902,4674.6357240044
36903,4683.452741194
36904,4664.81973279689
36905,4657.98252293102
36906,4675.4381448
36907,4671.04010783493
36908,4670.37109732661
36909,4683.90992489995
36910,4680.08104682868
36911,4674.53256043054
36912,4676.40434524453
36913,4683.29559291923
36914,4675.0276140688
36915,4662.13693087674
36916,4659.52545548232
36917,4662.42142179928
36918,4678.62682354513
36919,4674.60523432693
36920,4675.71464465171
36921,4685.2417875813
36922,4661.58230741981
36923,4680.78946427717
36924,4673.170932244
36925,4666.41075407452
36926,4668.43884564693
36927,4672.97654032463
36928,4671.06153331443
36929,4678.92191475816
36930,4661.06532087442
36931,4664.22299319459
36932,4670.37978430553
36933,4665.86959830826
36934,8725.48902406202
36935,8732.76245494355
36936,8743.48278447691
36937,8734.73932026491
36938,8748.4220531835
36939,8726.25610137678
36940,8742.13199570087
36941,8730.06610873995
36942,8743.28219936915
36943,8732.76551230484
36944,8726.95926770629
36945,8732.90435629871
36946,8734.79733570554
36947,8752.91821153984
36948,8729.07961573321
36949,8765.60433417405
36950,8728.17103908894
36951,8733.98733396356
36952,8729.64246763733
36953,8755.69023693215
36954,8749.26451668532
36955,8734.4220089695
36956,8765.68420465416
36957,8732.70715076749
36958,8762.7632224751
36959,8766.65787103723
36960,8728.31540401157
36961,8738.52754455545
36962,8754.68787068242
36963,8733.38727524209
36964,8725.8663071773
36965,8728.41013423162
36966,8732.34003085217
36967,8760.99102630365
36968,8732.74461666932
36969,8730.02691438148
36970,8762.60498866024
36971,8757.48078070152
36972,8727.41346759955
36973,8757.83141200929
36974,8762.91932304414
36975,7554.08333808315
36976,7558.70084908209
36977,7534.45526104081
36978,7537.87921562285
36979,7533.64939748604
36980,7556.15375529008
36981,7537.85881073419
36982,7547.03719103651
36983,7534.80994366731
36984,7546.48929906317
36985,7546.02308313292
36986,7544.95445922978
36987,7537.73848529215
36988,7571.24283484207
36989,7532.96259962954
36990,7578.26429461299
36991,7573.58948039085
36992,7562.83777238177
36993,7539.71711553529
36994,7543.22570739606
36995,7544.40079451242
36996,7549.80798057634
36997,7577.82063347663
36998,7540.72121407717
36999,7546.65372340521
37000,7530.17646856247
37001,7568.96685723789
37002,7576.47663228165
37003,7563.30130231354
37004,7576.25642201345
37005,7542.83641188355
37006,7537.18048521526
37007,7575.19423952705
37008,7576.49548996395
37009,7542.4402753608
37010,7542.42783925975
37011,7543.79504517922
37012,7532.66055344447
37013,7569.5027317255
37014,7556.38216943823
37015,7537.09925132919
37016,5982.99437654507
37017,5983.27314498355
37018,5975.42240401256
37019,5993.30499196934
37020,5977.83803054711
37021,5978.627229161
37022,5991.55367424832
37023,5984.74615064673
37024,5988.0879038325
37025,5977.15457080545
37026,5982.74074266004
37027,5997.29251257817
37028,5974.74586419447
37029,5984.24927350286
37030,5977.68378173144
37031,5981.10905131935
37032,5992.04101786121
37033,5970.2194293965
37034,5972.65501580321
37035,5977.62995310255
37036,5977.02590463005
37037,5994.40213898385
37038,5983.56193718168
37039,5993.38004245503
37040,5974.89042069301
37041,5994.69465284056
37042,5985.54503287956
37043,5993.20540416293
37044,5977.02005131989
37045,5978.45084633008
37046,5975.64017292832
37047,5996.79196724153
37048,5995.31391765899
37049,5994.22173061717
37050,5996.77518632982
37051,5979.62968484816
37052,5976.68585561888
37053,5997.38158910761
37054,5992.62263635381
37055,5978.78770221321
37056,3812.09872667101
37057,3829.02826952519
37058,3829.1524378923
37059,3826.50636175283
37060,3830.87383871983
37061,3813.79833861092
37062,3820.88687473293
37063,3822.42662408055
37064,3855.66184216405
37065,3829.07699538566
37066,3858.02434520256
37067,3817.67983250742
37068,3831.36634148764
37069,3826.73179487016
37070,3853.2681103144
37071,3837.38024015004
37072,3812.23175815517
37073,3810.99514583439
37074,3811.46369151928
37075,3834.20610426444
37076,3858.44177017813
37077,3844.49668450798
37078,3835.82566994004
37079,3820.64038884276
37080,3813.9318849586
37081,3834.45866104923
37082,3817.43341046785
37083,3823.30599793725
37084,3815.01396721329
37085,3814.56294261084
37086,3811.77943175203
37087,3844.34374697464
37088,3823.85728658272
37089,3839.6175979056
37090,3844.15965016407
37091,3849.658623812
37092,3859.06295456643
37093,3808.39800534745
37094,3856.4165474383
37095,3814.06003952153
37096,3816.92730578188
37097,12042.2517124968
37098,12053.6868839438
37099,12061.7486995848
37100,12067.1425313136
37101,12065.7908697714
37102,12088.6039746222
37103,12054.4728138689
37104,12050.9899629587
37105,12066.8571216609
37106,12061.8869127304
37107,12060.038539568
37108,12084.5674120421
37109,12065.0104600897
37110,12066.2385611434
37111,12055.0467355124
37112,12060.5480648217
37113,12039.6489232736
37114,12077.8462158468
37115,12078.0312042466
37116,12048.866844959
37117,12082.4208955453
37118,12044.5386159432
37119,12057.1288913389
37120,12057.0807798739
37121,12072.7693871093
37122,12072.6125005913
37123,12042.4929613138
37124,12045.4443109338
37125,12070.1433308638
37126,12089.0259485145
37127,12051.7496353981
37128,12046.4062045569
37129,12084.6954661906
37130,12061.321858013
37131,12083.9124917063
37132,12033.5163834842
37133,12069.6333652383
37134,12070.2254055498
37135,12048.4113738744
37136,12052.6652868265
37137,12077.8276810863
37138,5751.68366235423
37139,5757.22416158072
37140,5728.08616990453
37141,5773.17860801795
37142,5742.7386196201
37143,5747.32881026532
37144,5744.42705976121
37145,5751.67856357317
37146,5741.1544707468
37147,5769.7215265785
37148,5770.54822898419
37149,5748.26709504466
37150,5735.98444519866
37151,5739.47470177782
37152,5749.75501635547
37153,5738.93715367469
37154,5757.28205561959
37155,5731.29323262362
37156,5728.68223311965
37157,5737.47823961439
37158,5746.01456429817
37159,5724.86137606839
37160,5741.10104077628
37161,5764.09411326114
37162,5772.32059032974
37163,5729.53083428133
37164,5747.94427838943
37165,5744.29605022006
37166,5765.13452378743
37167,5747.141072988
37168,5734.49296069529
37169,5761.94012995839
37170,5733.50951332967
37171,5730.22743022004
37172,5771.80340900793
37173,5759.56497677466
37174,5732.54522128645
37175,5774.0309207207
37176,5747.92000575474
37177,5736.03299366481
37178,5766.64081849151
37179,4950.15943260282
37180,4951.23707307347
37181,4938.53699082243
37182,4959.04678857164
37183,4947.17853281101
37184,4971.77173059034
37185,4933.64762756548
37186,4954.79126854877
37187,4970.09953705226
37188,4971.44928039513
37189,4935.99259341858
37190,4952.79896409752
37191,4951.54586542629
37192,4933.3539846006
37193,4941.34406543724
37194,4972.19517136435
37195,4941.42804457303
37196,4953.44696866366
37197,4932.51628760435
37198,4951.84742331436
37199,4957.71840371303
37200,4946.17999806946
37201,4937.36451266243
37202,4935.45158618462
37203,4965.75730077448
37204,4967.41374332191
37205,4953.51413401627
37206,4947.07711905366
37207,4948.05144073371
37208,4970.63929701499
37209,4936.24924071849
37210,4936.23480160387
37211,4943.05606215767
37212,4935.95125300768
37213,4960.71526231713
37214,4936.10727720305
37215,4941.94350560671
37216,4936.61250463578
37217,4929.71296983118
37218,4962.40060814623
37219,4939.51799705368
37220,8672.99364462697
37221,8678.26506669388
37222,8681.96385801924
37223,8682.30723548101
37224,8683.23676393776
37225,8672.94541801085
37226,8686.80641593796
37227,8673.8323306342
37228,8680.63604886828
37229,8678.24571671427
37230,8692.52030676386
37231,8674.80585229614
37232,8689.01984782783
37233,8682.25930692879
37234,8671.39101730246
37235,8680.49243002513
37236,8687.23212962486
37237,8683.58985753481
37238,8677.1222726774
37239,8680.16213030728
37240,8686.34872937002
37241,8676.29188977458
37242,8672.46613885892
37243,8684.38726266793
37244,8684.36810605864
37245,8688.75678439222
37246,8689.60250399986
37247,8685.8742933879
37248,8677.55588106185
37249,8690.23325813667
37250,8672.14598829082
37251,8671.95345953742
37252,8683.66669687478
37253,8675.82570098041
37254,8687.63666977903
37255,8679.59661814767
37256,8681.44076978294
37257,8673.83395912441
37258,8689.56618546558
37259,8684.6335085024
37260,8686.7136857116
37261,8980.90854857724
37262,8981.98177365354
37263,8984.83577196101
37264,8981.30729636378
37265,8977.99167588198
37266,8972.68356862991
37267,8976.72770745751
37268,8990.19885910982
37269,8974.41439425528
37270,8981.29939799807
37271,8985.80312708235
37272,8987.1468224999
37273,8984.00213827608
37274,8980.29505668547
37275,8985.34925786517
37276,8985.80241713961
37277,8973.61406638131
37278,8982.32640692393
37279,8980.80019502495
37280,8993.70153631496
37281,9004.15147377698
37282,8978.21888556132
37283,8990.40806175214
37284,8979.4898220343
37285,9005.95474474571
37286,8976.92963503101
37287,9001.36161215775
37288,8998.00850460482
37289,8980.53199341627
37290,8975.4307900725
37291,8985.27509525218
37292,8977.60578034629
37293,9001.41509290556
37294,8972.09722096383
37295,9006.98586283002
37296,8984.31643256827
37297,8975.53183758022
37298,9006.40317410469
37299,8982.84752118161
37300,8997.75218683699
37301,9003.88524199076
37302,6804.50605838849
37303,6806.12516601467
37304,6849.90891355912
37305,6822.59504052874
37306,6803.98739918614
37307,6814.12594647968
37308,6808.59679954269
37309,6805.16947949799
37310,6801.51352276437
37311,6813.89820960167
37312,6804.27323687695
37313,6843.1453817001
37314,6845.27422797155
37315,6813.84360392071
37316,6802.82822801632
37317,6829.4813217307
37318,6818.17552129504
37319,6809.05577533236
37320,6818.37969371433
37321,6819.0290413955
37322,6803.84848512905
37323,6837.67178011971
37324,6804.53201639456
37325,6829.99351435892
37326,6812.34148103829
37327,6815.25560178734
37328,6808.03762257583
37329,6845.25550070586
37330,6816.01768684426
37331,6813.96306101889
37332,6851.40461268523
37333,6836.6300488352
37334,6849.83752866065
37335,6811.26178412861
37336,6802.4069118702
37337,6828.7440107415
37338,6800.16876070392
37339,6849.64089173492
37340,6850.65197334543
37341,6802.59740610989
37342,6813.31080628898
37343,6101.98952494344
37344,6110.8342628902
37345,6069.81229843423
37346,6065.02001423589
37347,6082.13549806978
37348,6069.07026954178
37349,6068.59653391252
37350,6066.85485763852
37351,6069.91616901733
37352,6088.02835854486
37353,6066.29227188275
37354,6065.08853029318
37355,6076.92136583774
37356,6107.26765170114
37357,6111.0186672242
37358,6107.19227946178
37359,6083.16687863566
37360,6064.8382360985
37361,6068.53561322782
37362,6090.02462481496
37363,6062.7347385602
37364,6082.97242321023
37365,6072.13529717834
37366,6071.36339419656
37367,6064.4034139484
37368,6064.46790357975
37369,6067.57600769259
37370,6088.113906714
37371,6106.09896234665
37372,6112.14932328375
37373,6066.45968836645
37374,6068.2824015107
37375,6096.22891021135
37376,6076.43165850006
37377,6094.28343630145
37378,6101.0993777726
37379,6068.91086751207
37380,6069.29346882437
37381,6107.78591417675
37382,6062.79254181966
37383,6070.05296201433
37384,7249.45120241452
37385,7273.98329550439
37386,7263.8069071556
37387,7217.12699424895
37388,7269.39715697084
37389,7256.32765147112
37390,7265.95591848877
37391,7234.5006927633
37392,7271.32182008771
37393,7271.62458588499
37394,7251.77861234273
37395,7225.4588104718
37396,7222.62449926037
37397,7224.86619041149
37398,7219.82486734133
37399,7233.65993103279
37400,7232.14507118063
37401,7220.03117151569
37402,7221.54501872441
37403,7225.52676546046
37404,7234.72910373386
37405,7221.8809035006
37406,7240.29180950333
37407,7241.46586582038
37408,7211.65869052926
37409,7256.91713553995
37410,7229.20652578401
37411,7236.9127532593
37412,7229.33714844562
37413,7245.86472577531
37414,7227.97797549115
37415,7273.27383575116
37416,7228.22534775895
37417,7233.96270789332
37418,7240.44907611806
37419,7222.02449951517
37420,7229.0910228922
37421,7274.45993503232
37422,7261.43950862143
37423,7223.15970451463
37424,7238.07314555452
37425,8936.83857413924
37426,8954.66641544342
37427,8952.63669785788
37428,8949.97906887763
37429,8977.11639981283
37430,8953.94292837249
37431,8957.01037362035
37432,8936.75829554532
37433,8941.1362316692
37434,8932.26493370988
37435,8952.43079330383
37436,8962.39066080801
37437,8972.43554707919
37438,8971.61421238568
37439,8978.60889179441
37440,8978.31650758156
37441,8940.85594569419
37442,8951.09675254302
37443,8946.21700183244
37444,8933.02695973137
37445,8948.50845533907
37446,8977.31408099596
37447,8940.28743997634
37448,8950.00262293831
37449,8935.91633918029
37450,8958.23977914762
37451,8979.14173468119
37452,8972.9239322336
37453,8945.78072462976
37454,8966.11740985522
37455,8941.93976518173
37456,8930.69549673485
37457,8940.12457606516
37458,8964.10888287007
37459,8943.0156432846
37460,8933.69794703193
37461,8947.6734338992
37462,8954.9741855748
37463,8941.98804119911
37464,8956.06044758514
37465,8939.95411712471
37466,12175.926475725
37467,12176.3395969033
37468,12171.539693642
37469,12181.1604784901
37470,12181.6297850186
37471,12178.6425081707
37472,12185.6241557328
37473,12188.991819325
37474,12175.3059479423
37475,12166.5204502564
37476,12167.3623539622
37477,12181.1995639007
37478,12189.692648187
37479,12177.0712679271
37480,12177.5633883354
37481,12181.2185186563
37482,12179.1619987094
37483,12175.4388918635
37484,12190.5706869711
37485,12178.2631287043
37486,12179.925946077
37487,12170.3408437016
37488,12189.7931540819
37489,12176.3165765054
37490,12177.7465085916
37491,12168.2042088893
37492,12187.1225321892
37493,12177.993973988
37494,12165.7319597004
37495,12170.2520718924
37496,12179.1830495825
37497,12188.2650780559
37498,12176.3654422845
37499,12165.5258941111
37500,12185.7117252886
37501,12188.2866885592
37502,12175.4343401498
37503,12172.342071616
37504,12168.6584512864
37505,12167.1847546654
37506,12166.9510322519
37507,4293.19712833023
37508,4278.36547729099
37509,4269.37250181264
37510,4276.50968966212
37511,4266.24856011677
37512,4264.75702186521
37513,4277.20006266149
37514,4279.69404101664
37515,4273.13139096466
37516,4275.19744427991
37517,4293.91585191068
37518,4276.99471630027
37519,4305.55381724458
37520,4272.47987197496
37521,4284.57076448518
37522,4301.56262420071
37523,4306.67913986233
37524,4292.69448898803
37525,4307.79833285916
37526,4300.68557815894
37527,4268.83839581063
37528,4309.64436338972
37529,4309.48297285846
37530,4272.86770750579
37531,4281.14321015695
37532,4266.03650387731
37533,4272.87034907941
37534,4269.36373386111
37535,4282.33492405443
37536,4275.79613313777
37537,4302.04581374813
37538,4266.59634935252
37539,4267.2664987746
37540,4286.43035882132
37541,4272.71699888317
37542,4273.42580021217
37543,4277.49391910793
37544,4279.9111430456
37545,4278.74544872597
37546,4290.47834830201
37547,4278.11018515523
37548,4439.95812976957
37549,4447.21361094524
37550,4490.1399754742
37551,4450.0110660003
37552,4476.32049964224
37553,4451.58975141693
37554,4443.20190042814
37555,4480.71429438017
37556,4482.25244264706
37557,4460.78800029707
37558,4445.26069407811
37559,4491.7265960495
37560,4490.16906106889
37561,4449.59655136986
37562,4458.13955493034
37563,4473.12318271867
37564,4497.98195247773
37565,4498.68874102661
37566,4451.41816743596
37567,4445.2361295623
37568,4445.40438808138
37569,4498.60698389149
37570,4495.76959794125
37571,4450.80599912947
37572,4468.42449520461
37573,4447.89093444111
37574,4455.74387020963
37575,4461.94088518357
37576,4452.96870966308
37577,4449.73266023203
37578,4437.39600137229
37579,4441.0155746761
37580,4446.91894238203
37581,4452.42778530578
37582,4453.12400541993
37583,4453.3072381754
37584,4438.37364386117
37585,4495.6475768969
37586,4468.91280881209
37587,4442.77588133657
37588,4450.6900983084
37589,4855.68799966769
37590,4859.15666921207
37591,4912.0480472961
37592,4879.49211444558
37593,4874.58687031031
37594,4905.00906054859
37595,4865.03508216817
37596,4907.27906050492
37597,4868.503998436
37598,4886.46208293545
37599,4883.13992176304
37600,4876.15409875604
37601,4874.34459389683
37602,4908.50400814301
37603,4914.15912617242
37604,4890.19852104076
37605,4873.82852717777
37606,4910.38867411508
37607,4912.12847168942
37608,4880.29144532142
37609,4880.89206580544
37610,4914.19893281951
37611,4875.56607222175
37612,4895.51093360291
37613,4875.74604333806
37614,4854.4654726678
37615,4877.50574773435
37616,4912.14445586492
37617,4866.89682676584
37618,4879.99345915886
37619,4900.72536584638
37620,4876.38321312996
37621,4870.60043944984
37622,4869.6367847056
37623,4874.75254074257
37624,4872.5779404562
37625,4855.69833061757
37626,4874.01943134099
37627,4876.88551540309
37628,4864.12355866444
37629,4910.44576367081
37630,6596.34942665444
37631,6543.41701916557
37632,6556.84839708346
37633,6583.40955738629
37634,6558.79755770949
37635,6535.15134010196
37636,6542.52576080173
37637,6591.93936709161
37638,6558.97085555888
37639,6545.78707091078
37640,6547.7496480135
37641,6543.81658016144
37642,6556.91728599676
37643,6588.86363692955
37644,6581.21989144141
37645,6578.54880597024
37646,6551.74663022428
37647,6538.72520368993
37648,6549.05586320933
37649,6597.92647625141
37650,6541.57379537614
37651,6544.80365260082
37652,6547.4973583193
37653,6550.76545572262
37654,6552.46334958173
37655,6552.92671166685
37656,6597.10357167992
37657,6590.58447574704
37658,6571.65012746822
37659,6573.46195852723
37660,6596.65194510915
37661,6562.46215226454
37662,6563.88221638639
37663,6556.07138575449
37664,6552.0134413799
37665,6542.41905562936
37666,6556.53202045326
37667,6554.59793097432
37668,6543.6271851008
37669,6598.47058508771
37670,6571.1182074671
37671,5734.10797165338
37672,5728.71185085923
37673,5736.50188005547
37674,5732.27943643693
37675,5735.53984080008
37676,5728.56289195122
37677,5752.37479137283
37678,5749.34923389587
37679,5749.47731919809
37680,5736.37551146422
37681,5740.42455656052
37682,5741.20179947811
37683,5736.18983702356
37684,5738.62702849387
37685,5743.59978927905
37686,5746.5220992398
37687,5753.50509351724
37688,5738.22942167769
37689,5741.62027563564
37690,5753.42101249097
37691,5741.08262560678
37692,5741.68184999393
37693,5737.90276507599
37694,5752.13573319766
37695,5740.63290347298
37696,5751.76788274561
37697,5744.47435239148
37698,5751.85359968542
37699,5738.1962996056
37700,5741.72499972292
37701,5741.47727687317
37702,5734.48078787964
37703,5738.67919814653
37704,5753.18947317548
37705,5737.77822540275
37706,5730.73171417016
37707,5753.26945602854
37708,5735.36507315376
37709,5739.82124894864
37710,5742.84622624329
37711,7892.88511778163
37712,7873.74838032093
37713,7869.62605481427
37714,7874.95444698891
37715,7856.2669475817
37716,7856.14975680606
37717,7857.13358678538
37718,7882.50774532601
37719,7856.59727082351
37720,7884.82663326937
37721,7897.73368441793
37722,7895.14977789604
37723,7864.33341347144
37724,7873.63380131484
37725,7893.23562715538
37726,7886.57943897701
37727,7880.40323079221
37728,7869.99538168517
37729,7858.79383531916
37730,7872.28257300119
37731,7865.38248308516
37732,7875.26897209584
37733,7877.14157882302
37734,7873.39216888054
37735,7859.50848328212
37736,7861.81210913586
37737,7867.41235085929
37738,7890.35181976172
37739,7894.64764797907
37740,7879.78290583423
37741,7867.7901872228
37742,7868.48171221338
37743,7871.50407374088
37744,7896.52357760522
37745,7894.3474599152
37746,7868.72520452768
37747,7870.38834401441
37748,7894.75700987158
37749,7881.68854047367
37750,7868.20420966739
37751,7897.22699979432
37752,8137.26097560133
37753,8174.68635561882
37754,8155.46610318345
37755,8160.93761729509
37756,8134.93377183014
37757,8160.44699039165
37758,8174.03223407102
37759,8151.14712444306
37760,8149.86631751458
37761,8145.44082316123
37762,8138.05987557704
37763,8133.79860325399
37764,8140.41759964262
37765,8140.8507037554
37766,8136.32962887544
37767,8135.79958884989
37768,8139.97446567071
37769,8149.89779979745
37770,8128.85571804387
37771,8164.56170061637
37772,8169.66011827334
37773,8135.95814986687
37774,8144.62986893024
37775,8148.97784096255
37776,8135.02957789202
37777,8154.55814072346
37778,8176.08369278761
37779,8134.16694533719
37780,8164.68935106883
37781,8175.89048289724
37782,8172.07164936266
37783,8144.98523489744
37784,8135.74366379455
37785,8154.03850551673
37786,8141.74815859762
37787,8157.858171464
37788,8134.50819414722
37789,8146.79520629507
37790,8146.08639797465
37791,8147.09178271482
37792,8176.17616121362
37793,6120.10755852893
37794,6119.24352354786
37795,6133.2940238468
37796,6126.5985443573
37797,6122.30662425788
37798,6125.76471968826
37799,6116.76535192956
37800,6124.24025212357
37801,6142.67700644232
37802,6141.2004524704
37803,6124.5354921227
37804,6135.1831637961
37805,6117.21412095636
37806,6140.87515651146
37807,6125.98878002299
37808,6131.26058331988
37809,6121.58966562736
37810,6129.26667874051
37811,6122.56927187545
37812,6123.67894239393
37813,6124.69923658302
37814,6131.47325119683
37815,6123.46555738262
37816,6124.83252196078
37817,6140.06653743724
37818,6139.55526522606
37819,6138.80395024408
37820,6118.97522793782
37821,6123.41922058006
37822,6126.60742284674
37823,6124.76005930556
37824,6126.7816233871
37825,6122.13679104189
37826,6124.95928040954
37827,6138.04154606067
37828,6123.69070063144
37829,6137.20007990868
37830,6141.50947777039
37831,6122.39270903033
37832,6119.22603387006
37833,3961.72978259042
37834,3951.36455053998
37835,3935.80331066027
37836,3943.6346389838
37837,3933.27773422499
37838,3953.58399022402
37839,3940.22196920294
37840,3936.47072585149
37841,3982.63121298293
37842,3940.31110096179
37843,3959.71765354001
37844,3944.40928436399
37845,3974.03173509859
37846,3970.48663633755
37847,3983.25653981518
37848,3931.129463372
37849,3933.39278351392
37850,3942.97783883622
37851,3936.4883867602
37852,3954.0690479361
37853,3980.30678114365
37854,3960.6750925706
37855,3951.57833784898
37856,3965.73411400524
37857,3974.72019708078
37858,3953.03653899675
37859,3952.74417075488
37860,3944.92854800072
37861,3983.08740629814
37862,3925.91807053953
37863,3946.85425718099
37864,3948.25504829577
37865,3965.79565230792
37866,3947.98761855478
37867,3935.9901028612
37868,3978.18862408819
37869,3937.95233694981
37870,3942.05464554895
37871,3949.21032307667
37872,3939.05843148274
37873,3984.78382597978
37874,6480.11371598109
37875,6505.97660120651
37876,6511.54306000825
37877,6475.7678914286
37878,6476.77744611655
37879,6476.6217374827
37880,6486.27789831718
37881,6499.27623382732
37882,6482.93294053279
37883,6476.87312836675
37884,6519.58078681716
37885,6500.48609994419
37886,6499.06156027079
37887,6484.89894503078
37888,6481.82994179115
37889,6477.19182369332
37890,6518.90700191552
37891,6487.48212346922
37892,6481.12112037318
37893,6503.66590385858
37894,6486.96461072159
37895,6472.0894888331
37896,6519.28215093979
37897,6494.53775170935
37898,6490.23512797837
37899,6479.49706513331
37900,6483.33324907975
37901,6514.30658327031
37902,6470.41628280042
37903,6481.92064363885
37904,6478.45175106832
37905,6478.07676724946
37906,6522.27967957605
37907,6516.13319880877
37908,6490.64406485176
37909,6521.83091913398
37910,6519.4473395047
37911,6473.31163796888
37912,6520.63531725318
37913,6484.86313597388
37914,6478.80355161576
37915,7533.70734711425
37916,7539.39560750649
37917,7544.98922739014
37918,7549.50552455118
37919,7543.40038513092
37920,7541.90496681373
37921,7527.70225636406
37922,7536.71895843883
37923,7537.81188277923
37924,7538.81065876708
37925,7545.64943411253
37926,7533.0211771144
37927,7519.52684090746
37928,7552.70916375692
37929,7510.44023818194
37930,7530.59471175923
37931,7562.34090278782
37932,7524.44192007897
37933,7532.61122499166
37934,7521.88549820918
37935,7559.40803934394
37936,7559.03468115361
37937,7527.73472170923
37938,7555.99860498539
37939,7535.0835869666
37940,7536.86012001437
37941,7543.99170882791
37942,7544.1231517893
37943,7558.83894962601
37944,7526.44082735015
37945,7550.66417899454
37946,7544.40380775474
37947,7545.04829893349
37948,7537.14308102809
37949,7530.54550474707
37950,7508.48941349312
37951,7531.57483004442
37952,7551.76677254821
37953,7516.66507699768
37954,7556.69613676023
37955,7529.10557662124
37956,7534.8167602187
37957,7533.26027439353
37958,7558.46317567265
37959,7528.3278865479
37960,7562.69176277063
37961,7530.40449908262
37962,7514.15685459517
37963,4638.78240074081
37964,4662.70458392996
37965,4637.09445908444
37966,4654.29974935754
37967,4654.76121594473
37968,4632.06485068499
37969,4641.96752690058
37970,4676.85726734252
37971,4647.00272581884
37972,4646.55816061828
37973,4638.18077592014
37974,4632.28051144869
37975,4637.18885746821
37976,4675.35307339558
37977,4644.30284783342
37978,4670.25474214496
37979,4647.60082375731
37980,4646.93299759417
37981,4644.14735580787
37982,4636.48438092162
37983,4628.0633692027
37984,4649.65716313857
37985,4668.56313920708
37986,4645.99489516554
37987,4633.73595354273
37988,4676.36624214556
37989,4636.48236442862
37990,4659.29423439778
37991,4653.05426170728
37992,4659.18245618752
37993,4636.2507800332
37994,4634.19870643416
37995,4640.97705202433
37996,4633.53342081286
37997,4677.07392867255
37998,4639.54119329281
37999,4635.4451267818
38000,4645.93626366111
38001,4642.89955939553
38002,4674.12954449099
38003,4667.018890057
38004,6543.18766143803
38005,6550.44598684905
38006,6542.11185549313
38007,6562.41117357747
38008,6567.48134336151
38009,6542.1644804607
38010,6554.08720474447
38011,6552.81685156823
38012,6543.30962036934
38013,6571.5183092681
38014,6573.11412177057
38015,6575.97756080619
38016,6551.76209707376
38017,6549.9595672304
38018,6542.17379389084
38019,6554.44906161725
38020,6564.83288399299
38021,6544.24074937869
38022,6557.80972715584
38023,6538.01961688197
38024,6565.52216067846
38025,6548.38812751602
38026,6546.91342583873
38027,6560.96894531203
38028,6552.66363321103
38029,6576.86246748067
38030,6556.49125264489
38031,6553.23798762415
38032,6577.43372789338
38033,6553.84173378469
38034,6545.67909877483
38035,6575.287818361
38036,6543.7268375601
38037,6542.67930239272
38038,6549.80533080015
38039,6576.65216531014
38040,6569.53820380415
38041,6545.54620116438
38042,6558.73103363847
38043,6545.24957960608
38044,6554.70082067782
38045,3769.43521588999
38046,3748.76290343201
38047,3771.72376451676
38048,3767.47320638708
38049,3757.68631260794
38050,3791.99704516561
38051,3752.93154446335
38052,3760.03170749744
38053,3763.52292743458
38054,3757.43803352582
38055,3767.59629709394
38056,3755.98708759659
38057,3765.10643878436
38058,3793.55651407114
38059,3782.62845902357
38060,3789.57643205737
38061,3789.10244299082
38062,3782.76281930112
38063,3756.76645796515
38064,3774.38284140287
38065,3769.54312062082
38066,3756.28689934802
38067,3762.29061604961
38068,3775.138338344
38069,3789.78941710095
38070,3761.50275818647
38071,3760.91519456887
38072,3794.07154987497
38073,3774.21054911068
38074,3784.6414085412
38075,3795.25083899131
38076,3779.14191785357
38077,3766.00811648104
38078,3764.8376827343
38079,3758.44326747919
38080,3786.29522390186
38081,3761.71067171908
38082,3764.66804362276
38083,3769.24969281957
38084,3791.8518206707
38085,7131.79041614724
38086,7103.22056641249
38087,7105.8059020087
38088,7132.98506627491
38089,7130.58762953178
38090,7120.63799161646
38091,7099.112130127
38092,7105.53548377785
38093,7105.52079794366
38094,7098.05565928208
38095,7094.90093646379
38096,7113.1904197757
38097,7101.12260329288
38098,7121.04880657581
38099,7098.04486587607
38100,7131.42911214477
38101,7086.52026054424
38102,7086.78651865628
38103,7086.07810170282
38104,7095.23960472973
38105,7089.3718925594
38106,7096.17207351056
38107,7127.98785118364
38108,7105.44010433695
38109,7126.73521887596
38110,7106.98453687613
38111,7113.7422706652
38112,7108.19091901888
38113,7114.40714275696
38114,7094.71086625795
38115,7127.3410190832
38116,7104.02660581415
38117,7093.26561408033
38118,7105.76268499343
38119,7096.56138414505
38120,7097.65602939544
38121,7089.55510161187
38122,7102.54595094833
38123,7131.43053654025
38124,7097.73082432676
38125,7099.4758795749
38126,7225.10177967158
38127,7200.9133040964
38128,7234.06088433835
38129,7220.67739343155
38130,7213.3473803366
38131,7224.94283407282
38132,7213.36387140356
38133,7240.53236853975
38134,7214.94462437462
38135,7238.66229457873
38136,7206.81029012817
38137,7252.15578816511
38138,7221.07198449881
38139,7211.27104322244
38140,7248.48549758402
38141,7210.73933399656
38142,7209.02309783016
38143,7231.54045358127
38144,7208.71930180372
38145,7247.88915106396
38146,7220.89394423553
38147,7242.43605493807
38148,7229.12088465153
38149,7211.26954427655
38150,7203.19919481307
38151,7249.50169964549
38152,7195.60530680463
38153,7211.14746905209
38154,7247.40939386092
38155,7218.22787745699
38156,7232.51956169726
38157,7217.38252286971
38158,7208.22376748788
38159,7205.46826717505
38160,7219.05048623158
38161,7237.8902121778
38162,7252.70172748106
38163,7205.62943086608
38164,7207.04258014593
38165,7206.86038096768
38166,7216.65393630132
38167,6908.40683516083
38168,6919.50273159003
38169,6935.88873679147
38170,6923.0046116432
38171,6923.82952786165
38172,6902.55217853455
38173,6912.41158574078
38174,6904.70820163676
38175,6916.76009954471
38176,6916.52168178249
38177,6940.27325402402
38178,6922.06804157182
38179,6945.72465873783
38180,6926.21146785898
38181,6935.79545491424
38182,6908.77205014339
38183,6917.57053432088
38184,6905.49798848949
38185,6931.40445099597
38186,6908.5791432427
38187,6948.36228700316
38188,6929.43435974492
38189,6921.84301758845
38190,6906.04895054628
38191,6913.62644291528
38192,6950.37348252974
38193,6938.63221806722
38194,6913.82558485447
38195,6918.65644901896
38196,6914.99853759391
38197,6910.49259826498
38198,6943.27330671793
38199,6927.19061716897
38200,6923.03367354184
38201,6910.40022863946
38202,6926.11234895905
38203,6908.60715344592
38204,6909.26899263238
38205,6948.68522454096
38206,6907.81560962506
38207,6948.847074216
38208,8288.21627481011
38209,8291.24723583377
38210,8293.28550044714
38211,8309.28354330143
38212,8277.03168169662
38213,8277.21582576599
38214,8286.74399754887
38215,8288.21836535515
38216,8271.57000755874
38217,8274.77877414907
38218,8294.62581577421
38219,8279.81901318843
38220,8306.22173962204
38221,8271.76500196032
38222,8270.79080667735
38223,8279.15020691305
38224,8322.3415252372
38225,8276.50312142515
38226,8287.1218860752
38227,8321.85006711397
38228,8273.49000518747
38229,8276.48408859893
38230,8305.23016470247
38231,8315.12005465886
38232,8320.36253184417
38233,8272.4114114763
38234,8276.5681937936
38235,8317.28669433748
38236,8284.8127342569
38237,8299.41890758212
38238,8289.47904525564
38239,8283.07245256112
38240,8287.20011714996
38241,8274.89705748901
38242,8320.4556090213
38243,8322.11995470139
38244,8299.50321444182
38245,8291.05807472261
38246,8282.19090889809
38247,8282.23903839176
38248,8310.55325510836
38249,5822.3298879074
38250,5805.80669169847
38251,5789.05386466176
38252,5802.72960094693
38253,5800.8593959293
38254,5799.5780463153
38255,5805.78708958887
38256,5795.25637586549
38257,5807.95050222482
38258,5837.2788748709
38259,5808.95609775552
38260,5825.07626711729
38261,5800.02937365877
38262,5801.93782657224
38263,5790.4774622816
38264,5836.2820368757
38265,5805.43645584893
38266,5832.5610580959
38267,5838.55642441247
38268,5802.62123371324
38269,5821.67700854666
38270,5819.87869475294
38271,5800.58508009914
38272,5800.73470607392
38273,5802.59786011166
38274,5804.31520690737
38275,5816.2322041614
38276,5794.34456867701
38277,5837.15149898255
38278,5806.34499533632
38279,5792.04848452671
38280,5830.2039249181
38281,5835.06986908721
38282,5800.02646096861
38283,5798.29429052775
38284,5815.61999846155
38285,5804.67608488455
38286,5791.88446206168
38287,5789.89399332503
38288,5795.16483754984
38289,5826.72907223542
38290,3699.00820361347
38291,3685.52775607377
38292,3695.81119125826
38293,3700.18943031108
38294,3691.81617392127
38295,3692.63947272868
38296,3692.54294899549
38297,3701.650859056
38298,3691.48383766084
38299,3693.6715308085
38300,3688.55620213257
38301,3708.97834553387
38302,3692.12172518718
38303,3707.94963677689
38304,3691.24373945609
38305,3692.59651938077
38306,3685.57457878045
38307,3706.64821153608
38308,3697.49735153687
38309,3706.77292383851
38310,3682.77035111646
38311,3692.28378228892
38312,3681.91068514954
38313,3694.38344905186
38314,3697.14982149092
38315,3704.4828938073
38316,3691.68006300667
38317,3685.20204860114
38318,3707.9144227857
38319,3705.82152415895
38320,3693.34769090527
38321,3707.29314546941
38322,3689.50996118112
38323,3707.88033915162
38324,3708.81156177751
38325,3693.28479130115
38326,3706.81219096683
38327,3691.882267642
38328,3693.50879502064
38329,3690.79102834629
38330,3686.59322886322
38331,6338.75707867143
38332,6333.01900575054
38333,6335.29751604756
38334,6323.66677267479
38335,6339.68376085819
38336,6364.74617341086
38337,6355.83510125701
38338,6327.26716380928
38339,6336.78159163249
38340,6340.31489743884
38341,6341.4715646621
38342,6359.0845929335
38343,6361.6433211959
38344,6332.28169348991
38345,6366.84151348999
38346,6371.12720064562
38347,6364.8922580218
38348,6339.92969866924
38349,6324.43503825987
38350,6353.35461195497
38351,6351.30132932458
38352,6338.64749036956
38353,6345.02349068804
38354,6341.58000960319
38355,6339.48828764597
38356,6343.46350316094
38357,6339.18933292853
38358,6339.87008548048
38359,6348.147997028
38360,6347.77165598086
38361,6363.74848147306
38362,6331.96373993623
38363,6347.6320662563
38364,6332.29082880858
38365,6331.67164022521
38366,6370.03837845042
38367,6334.12465821196
38368,6368.65936789076
38369,6349.4273039038
38370,6370.66346663891
38371,6366.77823635764
38372,7027.77779496201
38373,7022.64190035031
38374,7026.67292173221
38375,7017.55584337513
38376,7006.00734217713
38377,7010.47592584573
38378,7000.36225110674
38379,7004.74619692424
38380,7012.08621397258
38381,7009.46126101754
38382,7023.23621454075
38383,7038.28980013981
38384,7005.07448902367
38385,7018.10921254589
38386,7020.30963176739
38387,7040.11127160572
38388,7031.09450350725
38389,7022.0875571686
38390,7036.05210827362
38391,6995.52370223558
38392,7006.46522346618
38393,7014.73011781542
38394,7028.73892967329
38395,7019.18429760141
38396,7033.52612548672
38397,7005.14074094645
38398,7005.43346805097
38399,7020.58931081973
38400,7008.07723425437
38401,7008.5299321663
38402,7017.04286188127
38403,7010.71485007196
38404,7010.57795867527
38405,7016.117467762
38406,7013.73214567606
38407,7012.08223973248
38408,7038.73899623397
38409,7006.91835332877
38410,7029.38054849925
38411,7038.73043321541
38412,7006.63845890448
38413,8178.43196513036
38414,8187.90610150296
38415,8196.65352657302
38416,8211.67991172146
38417,8191.91228148246
38418,8194.89515471557
38419,8218.89420755038
38420,8181.14701711606
38421,8210.95244666202
38422,8181.34198076415
38423,8181.23736097663
38424,8228.40084312466
38425,8194.42827326833
38426,8212.2270020849
38427,8195.42719497268
38428,8206.0830662817
38429,8200.83841143236
38430,8197.43663016398
38431,8196.2493459876
38432,8219.10949485749
38433,8225.31806864816
38434,8224.459954589
38435,8186.79658138091
38436,8226.86919284397
38437,8176.37479983604
38438,8195.62785428542
38439,8227.71642515635
38440,8186.56038076083
38441,8186.38047429972
38442,8227.60230546619
38443,8184.50999009591
38444,8192.77303422882
38445,8185.89478440859
38446,8200.94497096824
38447,8228.9279164565
38448,8190.73178910751
38449,8189.6592119415
38450,8191.03945203667
38451,8193.8993070634
38452,8204.51723392017
38453,8223.37848069393
38454,6979.78211891742
38455,6971.85384678022
38456,7019.5163811876
38457,7027.89751331465
38458,6978.15304037891
38459,6990.92707707624
38460,7007.6688762831
38461,7015.10150476724
38462,7009.56801433594
38463,6976.68635962865
38464,6983.62806814809
38465,6992.1042970112
38466,6986.24445424381
38467,6992.54954663658
38468,6975.78848071097
38469,6984.51458228406
38470,7016.3333798387
38471,6996.5666108266
38472,7034.66157421571
38473,6981.89808980371
38474,6975.73921139179
38475,6979.19049727049
38476,6987.11621933276
38477,6980.36513227169
38478,6989.73283262705
38479,7031.65381582579
38480,7003.49477289617
38481,6979.24452520583
38482,7026.02008462419
38483,7033.19691849164
38484,6984.44666985388
38485,6989.81258849435
38486,6978.93477914239
38487,6991.01824221071
38488,7033.02785960119
38489,6997.60414355764
38490,7024.72498285411
38491,6988.20840420829
38492,6983.66258997324
38493,7034.06107406709
38494,6999.15332624533
38495,7156.57768761918
38496,7151.97378549939
38497,7143.91125530982
38498,7132.26197063685
38499,7167.1691876231
38500,7131.68624664818
38501,7134.70645648038
38502,7163.80139951895
38503,7135.23611376509
38504,7139.21364762809
38505,7139.11864220756
38506,7148.90998287521
38507,7168.15765183842
38508,7137.11302591293
38509,7138.69682787289
38510,7160.00060060898
38511,7136.85525144752
38512,7163.15652235465
38513,7146.22292420585
38514,7141.91259788274
38515,7139.80207426978
38516,7144.48103631093
38517,7140.78102674979
38518,7147.54932157931
38519,7137.41606470714
38520,7166.00113604472
38521,7140.1522970692
38522,7141.28170379717
38523,7135.72037478104
38524,7134.7562287131
38525,7139.70318108903
38526,7165.32422007161
38527,7166.2412578368
38528,7152.83584713796
38529,7168.99392696719
38530,7152.17109455782
38531,7138.06759474472
38532,7144.66746537823
38533,7138.14335481996
38534,7143.21221399026
38535,7169.36224785917
38536,6065.42530451849
38537,6062.5124477467
38538,6066.76249816288
38539,6102.33794116679
38540,6070.66841804626
38541,6081.11265928981
38542,6087.31432529724
38543,6063.59767450488
38544,6064.69155272414
38545,6102.52178220823
38546,6067.12281119295
38547,6087.39501145499
38548,6071.81166005576
38549,6095.43291969267
38550,6061.52429231559
38551,6108.2648424393
38552,6094.43129638564
38553,6071.82750598359
38554,6073.51525514019
38555,6064.54661547051
38556,6060.65488763727
38557,6064.05512296979
38558,6075.59441082081
38559,6065.73476416248
38560,6068.79457061509
38561,6069.20632655444
38562,6074.55434230537
38563,6060.80992144655
38564,6077.36103083231
38565,6072.84699424446
38566,6087.06422125752
38567,6062.6031270312
38568,6057.7878914004
38569,6103.29495764306
38570,6108.14992136916
38571,6107.20011853669
38572,6069.51156842538
38573,6109.1817991604
38574,6072.99524987696
38575,6106.8045392175
38576,6070.11565509078
38577,4033.13998603443
38578,4029.2814279088
38579,4038.98483793617
38580,4012.09421555064
38581,4013.79769580506
38582,4034.80247219869
38583,4007.80620687612
38584,4002.38588405837
38585,4026.05526566814
38586,4011.43601865032
38587,4047.75139639261
38588,4026.96438700992
38589,4014.85319676226
38590,4022.73451955634
38591,4018.23306619376
38592,4030.95030047456
38593,4038.27256489844
38594,4015.11191215905
38595,4042.58871861283
38596,4013.09314155004
38597,4016.1610116308
38598,4008.64957936442
38599,4028.30785891294
38600,4047.05655445309
38601,4031.11822413942
38602,4021.46009664395
38603,4012.9333833209
38604,4029.49294536685
38605,4045.75300157178
38606,4050.43004724973
38607,4008.86344302613
38608,4007.28638843374
38609,4049.79663220791
38610,4048.85063381031
38611,4022.18844116564
38612,4038.49567318799
38613,4021.45701778103
38614,4027.227241264
38615,4020.96647382367
38616,4010.37483778239
38617,4026.56016625671
38618,8995.73535308464
38619,8986.74187340565
38620,8961.190763807
38621,8962.75965705397
38622,8992.45040631383
38623,8965.11985358755
38624,9002.43385200575
38625,8979.44828607213
38626,8985.74107095829
38627,8976.95366618569
38628,8961.17970701594
38629,8975.00727227202
38630,8985.91769783664
38631,8965.94170156942
38632,8993.70913024237
38633,8962.69270284149
38634,9007.98523787608
38635,8962.41003340165
38636,8978.2592689632
38637,8964.62300988615
38638,8976.26587695341
38639,8962.58862446397
38640,8961.90208995617
38641,8970.93839838114
38642,8957.15150777466
38643,9007.49746470214
38644,8966.28896023441
38645,9008.04164818024
38646,8971.00231233497
38647,8971.37560271772
38648,8968.2191697917
38649,8972.35582800542
38650,8972.77301841204
38651,8976.5450620171
38652,9003.34378174515
38653,9008.9203821918
38654,8999.60067379165
38655,8970.23360399214
38656,8976.02792582147
38657,8965.47680475555
38658,9009.43099163601
38659,4126.31331064742
38660,4131.67141725376
38661,4126.28517763326
38662,4127.28928883645
38663,4123.68434121215
38664,4139.91042994371
38665,4131.60139276386
38666,4112.51817877304
38667,4126.28018230165
38668,4126.30803992025
38669,4120.22981268037
38670,4127.2653344437
38671,4115.3930565235
38672,4130.44714877691
38673,4118.13907715128
38674,4115.16459373575
38675,4128.8042368496
38676,4126.03222339943
38677,4106.31249750595
38678,4141.16678374913
38679,4121.96448747804
38680,4120.25300036804
38681,4117.48421167632
38682,4122.67249043086
38683,4111.17204316693
38684,4124.56511319379
38685,4116.42160469058
38686,4125.27375375696
38687,4135.21222161955
38688,4114.14392078319
38689,4111.93915206296
38690,4116.76044277665
38691,4131.4189622254
38692,4112.56274760472
38693,4137.86306821311
38694,4137.43626053382
38695,4136.54013546322
38696,4119.93428032446
38697,4121.79652938844
38698,4111.27548550721
38699,10724.147936503
38700,10737.6057217733
38701,10754.2068811768
38702,10710.4838180513
38703,10743.2667116106
38704,10753.8954562097
38705,10757.9672067662
38706,10748.3142168184
38707,10726.153503951
38708,10724.0972612004
38709,10724.1408849063
38710,10717.3860290507
38711,10721.5367115042
38712,10727.4499921834
38713,10718.2935053911
38714,10718.4163968345
38715,10743.9146797989
38716,10731.8939529668
38717,10747.7995602521
38718,10723.8561476794
38719,10709.3495988712
38720,10759.0438582441
38721,10760.2035295157
38722,10721.0104263525
38723,10728.5358759527
38724,10759.7388915915
38725,10758.8035093694
38726,10734.0148519038
38727,10717.7458504126
38728,10733.6708247816
38729,10712.6634703924
38730,10720.4362677131
38731,10760.6151041707
38732,10727.177047473
38733,10729.0546222887
38734,10754.7805647942
38735,10719.714762601
38736,10718.1932088386
38737,10741.9777042458
38738,10757.8256340053
38739,10716.7083485649
38740,5560.58102493477
38741,5552.52678382231
38742,5562.07901836298
38743,5564.25756946436
38744,5565.74482040059
38745,5544.35875749228
38746,5560.75410298802
38747,5559.86149534646
38748,5560.87524917079
38749,5564.51164643563
38750,5557.01885860767
38751,5567.89661489064
38752,5568.03568695703
38753,5558.6719432619
38754,5563.36125450434
38755,5546.2446639573
38756,5560.01620858621
38757,5562.29647634325
38758,5546.39876135072
38759,5565.36187143702
38760,5563.41783754509
38761,5569.38355875513
38762,5566.07053470212
38763,5566.81314413979
38764,5549.62885896588
38765,5544.42891281901
38766,5547.70820555315
38767,5558.97932589317
38768,5559.41539331474
38769,5567.5549047681
38770,5567.5075979981
38771,5565.59631772625
38772,5558.62618082984
38773,5561.56322764905
38774,5560.35613371393
38775,5565.53131081818
38776,5553.05336645675
38777,5565.05416137694
38778,5563.0368245403
38779,5569.22584681648
38780,4308.15567332908
38781,4281.3504060942
38782,4282.47044596658
38783,4311.0603149418
38784,4313.24509978815
38785,4289.49104986602
38786,4286.27670781087
38787,4291.37187960135
38788,4314.79805677062
38789,4283.34089360698
38790,4282.15548021647
38791,4290.41338111243
38792,4286.88639963364
38793,4276.99617176734
38794,4287.53908332929
38795,4274.24290678465
38796,4274.53838233803
38797,4294.56566411127
38798,4304.77535019435
38799,4281.08569093963
38800,4293.38812246248
38801,4286.21211163085
38802,4285.86395261307
38803,4288.82618004607
38804,4301.08143710971
38805,4310.41796835098
38806,4297.22263084514
38807,4287.51286027057
38808,4309.92187010444
38809,4289.46821644702
38810,4281.84724931981
38811,4283.15914144045
38812,4287.7021086066
38813,4313.12807532274
38814,4289.73208315306
38815,4285.88470383615
38816,4314.8371039917
38817,4284.49049281011
38818,4315.15123029739
38819,4288.81076038623
38820,4280.87915149815
38821,6870.90153869751
38822,6843.09844778974
38823,6849.20147512809
38824,6842.5434652791
38825,6838.23317340177
38826,6846.85669628252
38827,6833.25175480639
38828,6859.06704491141
38829,6865.38282522481
38830,6843.18293025916
38831,6839.84668205622
38832,6865.98311460917
38833,6857.32582965437
38834,6846.53385656153
38835,6838.43554744753
38836,6847.09502888791
38837,6832.33471659258
38838,6848.83970714231
38839,6848.38647815892
38840,6853.90728736182
38841,6875.53757369114
38842,6838.47630622573
38843,6874.54254343866
38844,6872.15566450513
38845,6838.84464264869
38846,6840.48339549054
38847,6833.71966859483
38848,6852.27617934694
38849,6835.62127273061
38850,6859.28013261771
38851,6831.56639307787
38852,6870.38227750597
38853,6843.86143332988
38854,6847.12577338628
38855,6876.43882955937
38856,6875.55779401575
38857,6845.87752402565
38858,6875.21934894163
38859,6842.28569097878
38860,6845.0303420974
38861,6843.1515341568
38862,5880.4250160302
38863,5870.27241198111
38864,5880.30088976676
38865,5885.7565264641
38866,5855.93633115348
38867,5898.93673194996
38868,5883.6107455618
38869,5893.74075442713
38870,5904.56681345563
38871,5899.22666086215
38872,5870.28142717174
38873,5890.79046843257
38874,5875.24594591091
38875,5871.19119998464
38876,5880.98146738905
38877,5866.66231315408
38878,5886.89633107439
38879,5868.42890243014
38880,5905.63506310447
38881,5866.1792893456
38882,5909.53634608392
38883,5882.58854557914
38884,5873.70478179774
38885,5892.15687807114
38886,5877.65503685438
38887,5872.28742993915
38888,5868.33800100891
38889,5880.00314917736
38890,5900.12925890412
38891,5868.32947824414
38892,5861.54098263493
38893,5892.6682560119
38894,5869.80811179914
38895,5874.23187606804
38896,5872.67435459119
38897,5894.71542402747
38898,5905.586508283
38899,5878.29729752496
38900,5874.82472148166
38901,5906.44724705047
38902,5910.05816386082
38903,6722.78133238348
38904,6707.51217176295
38905,6713.45902101454
38906,6714.00629566021
38907,6694.9541661992
38908,6697.59066939073
38909,6722.78094232767
38910,6734.58605498048
38911,6715.60142991419
38912,6729.08996972406
38913,6708.23735894385
38914,6703.65854530873
38915,6704.4686982163
38916,6712.49544862547
38917,6716.70021372092
38918,6701.36209314707
38919,6709.56614975685
38920,6702.84944053202
38921,6714.44675863426
38922,6723.89919764398
38923,6696.21751672999
38924,6702.82885060696
38925,6719.04689712981
38926,6699.69646804259
38927,6702.95961072791
38928,6720.57241926926
38929,6720.73734745729
38930,6729.99959816183
38931,6731.84381832058
38932,6717.09941567969
38933,6712.49217807532
38934,6700.73505834396
38935,6731.75989699765
38936,6706.39877211542
38937,6703.93655771404
38938,6710.78238626826
38939,6698.02796455873
38940,6735.78234934333
38941,6713.31893218069
38942,6697.73538515835
38943,6701.78076690118
38944,6947.85735134019
38945,6948.77985889578
38946,6951.07799158461
38947,6914.62449796156
38948,6915.15018488015
38949,6942.2629454817
38950,6959.11712702742
38951,6927.63869324272
38952,6940.43182121286
38953,6916.95936229667
38954,6935.06795133131
38955,6922.49457579362
38956,6917.97699266133
38957,6914.75409564589
38958,6928.95011642129
38959,6929.71358119864
38960,6913.88087896933
38961,6929.76384005773
38962,6928.88268554997
38963,6926.44504927011
38964,6912.69671451088
38965,6910.67280305101
38966,6922.73870423332
38967,6943.0512655187
38968,6927.38750959661
38969,6957.30692250595
38970,6924.97323191039
38971,6918.84861827966
38972,6909.42242561326
38973,6906.08689369992
38974,6955.56851214258
38975,6946.93781423254
38976,6920.18952070045
38977,6912.52625783357
38978,6916.31404679674
38979,6955.36622284416
38980,6956.17874204888
38981,6934.88910779092
38982,6959.57898167592
38983,6912.5001616779
38984,6920.33451776524
38985,3471.52542730853
38986,3459.81596396473
38987,3462.34272064052
38988,3450.63192286528
38989,3434.75601119239
38990,3411.58463102742
38991,3418.41214503619
38992,3442.12823490989
38993,3459.45907101343
38994,3441.25096812366
38995,3433.49373359703
38996,3439.1635945626
38997,3447.29406619878
38998,3425.75157692137
38999,3453.330931212
39000,3437.7180744464
39001,3421.48944744415
39002,3438.27007412916
39003,3417.8058218255
39004,3420.8487022393
39005,3429.46603813891
39006,3429.12650903177
39007,3443.40334626793
39008,3445.62777909372
39009,3432.96287268668
39010,3467.25540396621
39011,3424.44515227128
39012,3467.54654535425
39013,3468.35071119214
39014,3424.52896861909
39015,3458.56890237158
39016,3428.04709553342
39017,3406.45639268946
39018,3425.43900817587
39019,3471.99887254673
39020,3453.55726602707
39021,3469.61106212963
39022,3420.30191602282
39023,3418.00753543693
39024,3430.83445733842
39025,3439.50593550246
39026,4342.94693161963
39027,4315.51672102186
39028,4327.36922940989
39029,4323.90074226353
39030,4320.53752709234
39031,4314.02572069985
39032,4333.93829937938
39033,4339.97858441813
39034,4318.24984173318
39035,4318.70458394593
39036,4346.38631396605
39037,4329.45104657811
39038,4317.24353862596
39039,4334.97961241696
39040,4314.04497689997
39041,4328.17154831911
39042,4317.36760818142
39043,4356.34302683987
39044,4326.3385293986
39045,4332.26108732976
39046,4354.80986789676
39047,4350.06284670841
39048,4338.10669488018
39049,4337.84142805287
39050,4325.45760982997
39051,4323.81893508954
39052,4328.87939984414
39053,4354.19318620986
39054,4351.51118209102
39055,4328.23339762095
39056,4321.59371183726
39057,4317.5832080739
39058,4324.0194756379
39059,4354.03090720678
39060,4308.94193207503
39061,4314.66383650899
39062,4317.10831678222
39063,4315.68821218524
39064,4324.06466286094
39065,4345.49339834768
39066,4320.30008951744
39067,6124.07953793953
39068,6116.80578694832
39069,6107.44706250647
39070,6118.01862825401
39071,6125.61908857483
39072,6100.65074926954
39073,6131.23491984429
39074,6117.96245174012
39075,6147.57805629644
39076,6101.06336502746
39077,6102.91059774115
39078,6117.2252551747
39079,6144.8411738877
39080,6114.71619254793
39081,6135.32612762447
39082,6126.01787740476
39083,6115.73031743331
39084,6129.47395526628
39085,6115.70758887202
39086,6115.46273336745
39087,6118.34728147431
39088,6143.17503538405
39089,6113.98624432662
39090,6140.93999819396
39091,6113.8770266092
39092,6102.53766667782
39093,6120.05729432022
39094,6148.02121897438
39095,6132.72206632883
39096,6116.01059754772
39097,6146.63201623383
39098,6113.79636473515
39099,6136.79199846643
39100,6102.77574407226
39101,6107.97706880303
39102,6125.74621221499
39103,6145.35596395179
39104,6123.68561656371
39105,6109.51001916729
39106,6099.93516145892
39107,6113.81320188901
39108,7990.75078459146
39109,7996.73462460763
39110,8007.92707848758
39111,7983.46132592863
39112,7982.5546565671
39113,7979.48493548836
39114,7979.37139779065
39115,7980.10236031122
39116,7990.62426272124
39117,7999.75537184301
39118,7994.79014898615
39119,8013.01102959206
39120,7991.20203108245
39121,7977.6224543607
39122,7990.25025131238
39123,7991.33587853233
39124,7980.24485955276
39125,7995.69995957084
39126,7978.24771096094
39127,8019.38313741132
39128,7982.90986627845
39129,8004.64224180208
39130,8020.49337030992
39131,7976.41361577132
39132,8002.726803285
39133,7980.72990837935
39134,7980.63150490432
39135,7989.67626961564
39136,7979.39088794702
39137,7987.46181878902
39138,8019.91625222278
39139,8014.94900385761
39140,7978.97494798286
39141,7994.50200456847
39142,7987.61943093162
39143,8018.9964415565
39144,7984.59534781844
39145,7991.62517878185
39146,7977.24382386994
39147,8017.83989657148
39148,8010.59758256801
39149,9962.68333366214
39150,9964.00613012609
39151,9979.6369255396
39152,9982.75482513629
39153,9981.70181034065
39154,9978.99870862702
39155,9982.83061736184
39156,9981.47296270911
39157,9983.54035198148
39158,9965.65641616161
39159,9985.25672831701
39160,9982.18405521484
39161,9979.05888759929
39162,9977.66326654487
39163,9969.05610079587
39164,9963.73728800265
39165,9979.69797395023
39166,9983.82476559436
39167,9975.09241935186
39168,9978.33984398952
39169,9983.15693996854
39170,9987.84656190311
39171,9977.85301052941
39172,9991.83456489961
39173,9991.70995473758
39174,9993.38188817303
39175,9993.35553042274
39176,9981.30316775882
39177,9978.20112483875
39178,9980.97852587443
39179,9988.73221969674
39180,9992.7701161832
39181,9991.06514558859
39182,9978.38853098579
39183,9970.99390397469
39184,9977.08941383966
39185,9972.73092492295
39186,9991.38667270386
39187,9966.82738767649
39188,9993.02405470871
39189,5019.01890269605
39190,5036.06059982349
39191,5032.99629145102
39192,5028.4342568424
39193,5039.06654729091
39194,5028.41098995734
39195,5041.29565931136
39196,5033.077982484
39197,5052.32433424625
39198,5029.79892630137
39199,5020.13701128128
39200,5026.96000405479
39201,5032.88636584823
39202,5029.65793933433
39203,5049.04064988261
39204,5018.68837213579
39205,5026.25965748757
39206,5036.305795748
39207,5023.94133012231
39208,5035.92673435573
39209,5049.75984717699
39210,5033.49828125652
39211,5045.85552951466
39212,5054.0712689941
39213,5030.66812744335
39214,5022.91682838794
39215,5022.35482219052
39216,5055.8964317929
39217,5033.58721519304
39218,5027.19443376922
39219,5029.73183218549
39220,5053.3286155352
39221,5026.57749220264
39222,5052.08002346644
39223,5030.91744174069
39224,5053.28505352341
39225,5028.33677224266
39226,5029.38830583665
39227,5025.772369541
39228,5032.86533271356
39229,5055.6480820863
39230,6009.9434306937
39231,6046.05688177226
39232,6035.12170703741
39233,6025.60298574196
39234,6023.21860381446
39235,6052.01380575607
39236,6034.58082797356
39237,6026.58682167982
39238,6064.1823385086
39239,6050.86693680818
39240,6027.3699772619
39241,6014.35445492763
39242,6036.09251773798
39243,6018.82768954726
39244,6019.60040398377
39245,6019.8914293765
39246,6029.28090559747
39247,6043.29118671031
39248,6069.93608765637
39249,6019.23948556136
39250,6066.62652426359
39251,6023.70909755305
39252,6065.71864900863
39253,6067.93884088543
39254,6021.82635147504
39255,6020.83836539075
39256,6015.70277706041
39257,6016.35537746376
39258,6032.62931983194
39259,6011.61425101841
39260,6069.15778675863
39261,6015.11477502882
39262,6055.8690230956
39263,6058.36622327725
39264,6051.54191579919
39265,6060.27673312232
39266,6041.81886115732
39267,6024.45945428218
39268,6018.05611632059
39269,6027.96160265856
39270,6019.44177712142
39271,7153.08945747126
39272,7162.09038123557
39273,7152.94240563339
39274,7158.14910315046
39275,7176.84703550296
39276,7172.13690125228
39277,7191.5399160675
39278,7181.98709889078
39279,7187.22764618904
39280,7155.49134140424
39281,7154.55002739339
39282,7157.21347057576
39283,7163.52858084697
39284,7167.86820798983
39285,7176.34743483143
39286,7160.6979882738
39287,7191.74039657965
39288,7145.47652331979
39289,7193.05386893955
39290,7158.19782171793
39291,7153.29212859693
39292,7168.85267516811
39293,7169.40462448041
39294,7146.2145618159
39295,7158.72835867641
39296,7147.22689076182
39297,7166.19356826312
39298,7163.02132716523
39299,7159.02174775678
39300,7163.79078697372
39301,7180.76640592269
39302,7150.40950603134
39303,7155.93899621446
39304,7153.95196627938
39305,7154.72490450146
39306,7195.17741318856
39307,7150.82383262758
39308,7146.87594915385
39309,7185.29012429549
39310,7161.28532386064
39311,7149.47043929521
39312,6058.35323669837
39313,6102.18365869645
39314,6075.27750220626
39315,6067.68905558063
39316,6116.34975522596
39317,6086.15215380965
39318,6113.23971436763
39319,6102.64636853603
39320,6077.71649418543
39321,6074.89051669429
39322,6074.14972657536
39323,6094.80016701334
39324,6072.98305775671
39325,6071.76777376225
39326,6069.83783905746
39327,6114.69726115683
39328,6072.30987705783
39329,6080.94196792577
39330,6110.7475299674
39331,6088.8946195745
39332,6070.48165045873
39333,6096.92686148096
39334,6094.79015313221
39335,6082.85469549934
39336,6067.50194096218
39337,6076.34493862003
39338,6077.46637516803
39339,6078.41055827678
39340,6067.93063350535
39341,6063.38120566627
39342,6068.84854008549
39343,6073.82117224805
39344,6079.13554991066
39345,6115.53862466209
39346,6086.22254377438
39347,6110.23023418319
39348,6060.50961818597
39349,6068.46864745168
39350,6070.89711535492
39351,6114.84732015778
39352,6108.76083068749
39353,4877.08402518555
39354,4908.70079370407
39355,4886.17729170016
39356,4878.68071748654
39357,4901.1021962012
39358,4890.99696739487
39359,4872.95089529394
39360,4894.61550322352
39361,4885.60594725792
39362,4896.87182302063
39363,4899.74490819236
39364,4888.24498772366
39365,4897.91018282603
39366,4895.48423230573
39367,4885.7740388124
39368,4884.83506812723
39369,4882.55875325882
39370,4894.27409762694
39371,4910.84869332469
39372,4877.19844014022
39373,4880.84459109891
39374,4890.25881703222
39375,4895.26913301547
39376,4881.39468555016
39377,0
39378,0
39379,0
39380,0
39381,0
39382,0
39383,0
39384,0
39385,0
39386,0
39387,0
39388,0
39389,0
39390,0
39391,0
39392,0
39393,0
39394,0
39395,0
39396,0
39397,0
39398,0
39399,0
39400,0
39401,0
39402,0
39403,0
39404,0
39405,0
39406,0
39407,0
39408,0
39409,0
39410,0
39411,0
39412,0
39413,0
39414,0
39415,0
39416,0
39417,0
39418,0
39419,0
39420,0
39421,0
39422,0
39423,0
39424,0
39425,0
39426,0
39427,0
39428,0
39429,0
39430,0
39431,0
39432,0
39433,0
39434,0
39435,0
39436,0
39437,0
39438,0
39439,0
39440,0
39441,0
39442,0
39443,0
39444,0
39445,0
39446,0
39447,0
39448,0
39449,0
39450,0
39451,0
39452,0
39453,0
39454,0
39455,0
39456,0
39457,0
39458,0
39459,0
39460,0
39461,0
39462,0
39463,0
39464,0
39465,0
39466,0
39467,0
39468,4906.49679185826
39469,0
39470,0
39471,0
39472,0
39473,0
39474,0
39475,0
39476,0
39477,0
39478,0
39479,0
39480,0
39481,0
39482,0
39483,0
39484,0
39485,0
39486,0
39487,0
39488,0
39489,0
39490,0
39491,0
39492,0
39493,0
39494,0
39495,0
39496,0
39497,0
39498,0
39499,0
39500,0
39501,0
39502,0
39503,0
39504,0
39505,0
39506,0
39507,0
39508,0
39509,0
39510,0
39511,0
39512,0
39513,0
39514,0
39515,0
39516,0
39517,0
39518,0
39519,0
39520,0
39521,0
39522,0
39523,0
39524,0
39525,0
39526,0
39527,0
39528,0
39529,0
39530,0
39531,0
39532,0
39533,0
39534,0
39535,0
39536,4895.99541186677
39537,0
39538,0
39539,0
39540,0
39541,0
39542,0
39543,0
39544,0
39545,0
39546,0
39547,0
39548,0
39549,0
39550,0
39551,0
39552,0
39553,0
39554,0
39555,0
39556,0
39557,0
39558,0
39559,0
39560,0
39561,0
39562,0
39563,0
39564,0
39565,0
39566,0
39567,0
39568,0
39569,0
39570,0
39571,0
39572,0
39573,0
39574,0
39575,0
39576,0
39577,4907.07258352471
39578,4892.24997364653
39579,0
39580,0
39581,0
39582,0
39583,0
39584,0
39585,0
39586,4883.20510644825
39587,0
39588,0
39589,0
39590,0
39591,0
39592,0
39593,0
39594,0
39595,0
39596,0
39597,0
39598,0
39599,0
39600,0
39601,0
39602,0
39603,0
39604,0
39605,4886.22669418943
39606,0
39607,0
39608,0
39609,0
39610,0
39611,0
39612,0
39613,0
39614,0
39615,4899.26635025642
39616,0
39617,0
39618,0
39619,0
39620,0
39621,0
39622,0
39623,0
39624,0
39625,0
39626,0
39627,0
39628,0
39629,0
39630,0
39631,0
39632,0
39633,4878.11855687012
39634,0
39635,0
39636,0
39637,0
39638,0
39639,0
39640,0
39641,0
39642,0
39643,0
39644,0
39645,0
39646,0
39647,0
39648,0
39649,0
39650,4879.8842959582
39651,0
39652,0
39653,0
39654,0
39655,0
39656,0
39657,0
39658,0
39659,0
39660,0
39661,0
39662,0
39663,0
39664,0
39665,0
39666,0
39667,0
39668,0
39669,0
39670,0
39671,0
39672,0
39673,0
39674,0
39675,0
39676,0
39677,0
39678,0
39679,0
39680,0
39681,0
39682,0
39683,0
39684,0
39685,0
39686,0
39687,0
39688,0
39689,0
39690,0
39691,0
39692,0
39693,0
39694,0
39695,0
39696,0
39697,0
39698,0
39699,0
39700,0
39701,0
39702,0
39703,0
39704,0
39705,0
39706,0
39707,0
39708,0
39709,0
39710,0
39711,0
39712,4880.1549146966
39713,0
39714,0
39715,0
39716,0
39717,0
39718,0
39719,0
39720,0
39721,0
39722,0
39723,0
39724,0
39725,0
39726,4895.36189701179
39727,0
39728,0
39729,0
39730,0
39731,0
39732,0
39733,0
39734,0
39735,0
39736,0
39737,0
39738,0
39739,0
39740,0
39741,0
39742,0
39743,0
39744,0
39745,0
39746,0
39747,0
39748,0
39749,0
39750,0
39751,0
39752,0
39753,0
39754,0
39755,0
39756,0
39757,0
39758,0
39759,0
39760,0
39761,0
39762,0
39763,0
39764,0
39765,0
39766,0
39767,0
39768,0
39769,4893.21965962585
39770,0
39771,0
39772,0
39773,0
39774,0
39775,0
39776,0
39777,0
39778,0
39779,4883.97599560307
39780,0
39781,0
39782,0
39783,4895.89300243946
39784,0
39785,0
39786,0
39787,0
39788,0
39789,0
39790,0
39791,0
39792,0
39793,0
39794,0
39795,0
39796,0
39797,0
39798,0
39799,0
39800,0
39801,0
39802,0
39803,0
39804,0
39805,0
39806,0
39807,0
39808,0
39809,0
39810,4902.17224838798
39811,0
39812,0
39813,0
39814,0
39815,0
39816,0
39817,0
39818,0
39819,0
39820,0
39821,0
39822,0
39823,0
39824,4908.43353792894
39825,0
39826,0
39827,0
39828,0
39829,0
39830,0
39831,0
39832,0
39833,0
39834,0
39835,0
39836,0
39837,0
39838,0
39839,0
39840,0
39841,0
39842,0
39843,0
39844,0
39845,0
39846,0
39847,0
39848,0
39849,0
39850,0
39851,0
39852,0
39853,0
39854,0
39855,0
39856,0
39857,0
39858,0
39859,0
39860,0
39861,0
39862,0
39863,0
39864,0
39865,0
39866,0
39867,0
39868,0
39869,0
39870,0
39871,0
39872,0
39873,0
39874,0
39875,0
39876,0
39877,0
39878,0
39879,0
39880,0
39881,0
39882,0
39883,0
39884,0
39885,0
39886,0
39887,0
39888,0
39889,0
39890,0
39891,0
39892,0
39893,0
39894,0
39895,0
39896,0
39897,0
39898,0
39899,4911.72342538986
39900,0
39901,0
39902,0
39903,0
39904,0
39905,0
39906,0
39907,0
39908,0
39909,0
39910,0
39911,0
39912,0
39913,0
39914,0
39915,0
39916,0
39917,0
39918,0
39919,0
39920,0
39921,0
39922,0
39923,0
39924,0
39925,0
39926,0
39927,0
39928,0
39929,0
39930,0
39931,0
39932,0
39933,0
39934,0
39935,0
39936,0
39937,0
39938,0
39939,0
39940,0
39941,0
39942,0
39943,9949.12398904002
39944,9915.01318161418
39945,0
39946,0
39947,0
39948,0
39949,0
39950,0
39951,0
39952,0
39953,0
39954,0
39955,0
39956,0
39957,0
39958,0
39959,0
39960,0
39961,0
39962,0
39963,0
39964,0
39965,0
39966,0
39967,0
39968,0
39969,0
39970,0
39971,0
39972,9913.22302291025
39973,0
39974,0
39975,0
39976,0
39977,0
39978,0
39979,0
39980,0
39981,0
39982,0
39983,0
39984,0
39985,0
39986,0
39987,0
39988,0
39989,0
39990,0
39991,0
39992,0
39993,0
39994,0
39995,0
39996,0
39997,0
39998,0
39999,0
40000,0
40001,0
40002,0
40003,0
40004,0
40005,0
40006,0
40007,0
40008,0
40009,0
40010,0
40011,0
40012,0
40013,0
40014,0
40015,0
40016,0
40017,0
40018,0
40019,0
40020,0
40021,0
40022,0
40023,0
40024,0
40025,0
40026,0
40027,0
40028,0
40029,0
40030,0
40031,0
40032,0
40033,0
40034,0
40035,0
40036,0
40037,0
40038,0
40039,0
40040,0
40041,0
40042,9954.99332578259
40043,0
40044,0
40045,0
40046,9931.25295565595
40047,0
40048,0
40049,0
40050,0
40051,0
40052,0
40053,0
40054,0
40055,0
40056,0
40057,0
40058,0
40059,0
40060,0
40061,0
40062,0
40063,0
40064,0
40065,0
40066,0
40067,0
40068,0
40069,0
40070,0
40071,0
40072,0
40073,0
40074,0
40075,0
40076,0
40077,0
40078,0
40079,0
40080,0
40081,0
40082,0
40083,0
40084,0
40085,0
40086,0
40087,0
40088,0
40089,0
40090,0
40091,0
40092,0
40093,0
40094,0
40095,0
40096,0
40097,9914.47308586277
40098,0
40099,0
40100,0
40101,0
40102,0
40103,0
40104,0
40105,0
40106,0
40107,0
40108,0
40109,0
40110,0
40111,0
40112,9945.28465728534
40113,0
40114,0
40115,0
40116,0
40117,0
40118,0
40119,0
40120,0
40121,0
40122,0
40123,0
40124,0
40125,0
40126,0
40127,0
40128,0
40129,0
40130,0
40131,0
40132,0
40133,0
40134,0
40135,0
40136,0
40137,0
40138,0
40139,0
40140,0
40141,0
40142,0
40143,0
40144,0
40145,0
40146,0
40147,0
40148,0
40149,0
40150,0
40151,0
40152,0
40153,0
40154,0
40155,0
40156,0
40157,0
40158,0
40159,0
40160,0
40161,0
40162,0
40163,0
40164,0
40165,0
40166,0
40167,0
40168,0
40169,0
40170,0
40171,0
40172,0
40173,0
40174,0
40175,0
40176,9916.17573372353
40177,0
40178,0
40179,0
40180,0
40181,0
40182,0
40183,0
40184,0
40185,0
40186,0
40187,0
40188,0
40189,0
40190,0
40191,0
40192,0
40193,0
40194,0
40195,0
40196,0
40197,0
40198,0
40199,0
40200,0
40201,0
40202,0
40203,0
40204,0
40205,0
40206,0
40207,0
40208,0
40209,0
40210,0
40211,0
40212,0
40213,0
40214,0
40215,0
40216,0
40217,9915.47685676013
40218,9917.60650799872
40219,0
40220,0
40221,0
40222,0
40223,0
40224,0
40225,0
40226,0
40227,0
40228,0
40229,0
40230,0
40231,0
40232,0
40233,9919.62976344051
40234,9910.81187827746
40235,9956.87545626067
40236,9931.5501771689
40237,9912.03858607012
40238,9917.17436654743
40239,9921.07784942515
40240,9910.37792716818
40241,9901.86848686484
40242,9906.38535679495
40243,9916.61346198429
40244,9902.51378901251
40245,9927.8868645256
40246,9959.26951297803
40247,9959.19455011138
40248,9902.5772425453
40249,9955.00237293491
40250,9938.18251016747
40251,9955.95973151009
40252,9905.73220059062
40253,9925.17807097709
40254,9914.30810153089
40255,9916.03971796993
40256,9951.47049671048
40257,9911.44878932561
40258,9919.70815283412
40259,9935.74039189812
40260,9916.42576643962
40261,9915.10726446762
40262,9903.03221528029
40263,9955.89510484215
40264,7828.95472303414
40265,7819.9759857615
40266,7820.77894940512
40267,7845.57676886982
40268,7860.09582410877
40269,7819.81099332779
40270,7821.48023777774
40271,7832.64947291976
40272,7821.18563868638
40273,7848.56931047347
40274,7819.20876590657
40275,7837.64488501501
40276,7822.107209449
40277,7834.25470942046
40278,7822.58208055249
40279,7839.50412550287
40280,7858.55178350996
40281,7829.24975527211
40282,7854.09685045979
40283,7834.85875183638
40284,7860.80812308406
40285,7823.15625289211
40286,7860.09245641159
40287,7824.15291730716
40288,7834.19850028553
40289,7829.7892376624
40290,7825.28542675555
40291,7850.32685805827
40292,7816.92924961607
40293,7839.94385152442
40294,7839.06891854335
40295,7826.47718934621
40296,7855.78913908332
40297,7825.46131337168
40298,7846.06989023495
40299,7819.17747837033
40300,7833.96731012954
40301,7838.11806306565
40302,7834.95654327053
40303,7858.60142915164
40304,7823.92353867115
40305,11724.8042995968
40306,11716.7906881517
40307,11729.4582436871
40308,11730.1167467272
40309,11728.1691418783
40310,11723.063880137
40311,11727.4302357199
40312,11727.2710772452
40313,11739.9025359293
40314,11730.526851722
40315,11731.0864969362
40316,11739.8249770129
40317,11720.0374035768
40318,11724.3681908496
40319,11728.0324239498
40320,11737.20195842
40321,11725.4120843947
40322,11729.6306952592
40323,11726.1240882015
40324,11729.8827802174
40325,11725.0276923699
40326,11739.0848315014
40327,11731.1810973431
40328,11732.3864447558
40329,11733.3716739231
40330,11726.4797088065
40331,11723.1630417359
40332,11733.9446101888
40333,11724.0539648732
40334,11736.7820683558
40335,11731.2478377592
40336,11739.9939254993
40337,11737.8800815672
40338,11735.0622776261
40339,11732.1133421119
40340,11717.0939582738
40341,11731.8897497563
40342,11739.9491014329
40343,11739.154707355
40344,11739.0150916996
40345,4457.90383663352
40346,4455.97561337163
40347,4462.61324275692
40348,4466.03051870309
40349,4453.49148323745
40350,4466.68029113244
40351,4461.24665611312
40352,4456.18560741467
40353,4446.9597396307
40354,4467.99860796122
40355,4457.80271593564
40356,4459.00852425563
40357,4457.26344697326
40358,4457.21920609351
40359,4455.68415804523
40360,4452.47999284512
40361,4453.15084103408
40362,4463.72441241195
40363,4452.39825105631
40364,4462.62895929922
40365,4456.20030618723
40366,4456.59091417522
40367,4454.12027711053
40368,4449.27197045963
40369,4454.12290480449
40370,4462.87458580903
40371,4453.24814270683
40372,4466.56354612688
40373,4462.96728515904
40374,4467.28884039502
40375,4457.80878942813
40376,4457.13169965916
40377,4464.89579853365
40378,4466.73059025323
40379,4471.63631623085
40380,4460.0027444384
40381,4454.56341404568
40382,4468.56461840629
40383,4468.78884356209
40384,4453.18450436726
40385,5045.72983628413
40386,5037.03903229995
40387,5065.61052808579
40388,5054.04101151273
40389,5036.02742646999
40390,5043.24708505819
40391,5055.47233304788
40392,5046.14968905664
40393,5040.24769049578
40394,5035.99429119716
40395,5038.26658293607
40396,5052.18252208276
40397,5045.7541712799
40398,5044.05256792105
40399,5087.79070254451
40400,5069.52013717165
40401,5065.13712381353
40402,5060.20470032131
40403,5082.63439807548
40404,5056.97728296731
40405,5059.12091681996
40406,5086.95603186724
40407,5049.59485608127
40408,5048.27621447862
40409,5049.75602136034
40410,5055.30837122481
40411,5071.27745751323
40412,5086.68534857578
40413,5032.49143195903
40414,5053.11476599796
40415,5083.75218392623
40416,5044.42745488847
40417,5055.64906477692
40418,5051.12324437029
40419,5048.63202649866
40420,5077.32803665786
40421,5088.35259455136
40422,5080.17603794149
40423,5052.40658774787
40424,5074.94184893475
40425,5087.44770325627
40426,9618.26009544034
40427,9620.81762054459
40428,9585.35589030453
40429,9613.24724093256
40430,9609.26133464247
40431,9633.8886894162
40432,9600.96382018197
40433,9609.1679909008
40434,9636.94582760545
40435,9634.62784335216
40436,9605.3054937411
40437,9610.26735841266
40438,9593.91630059634
40439,9637.17437863009
40440,9636.70875947623
40441,9607.51615152883
40442,9616.9937867561
40443,9584.05474328216
40444,9589.00788948122
40445,9603.19514446266
40446,9593.68440421951
40447,9606.56960789392
40448,9604.13211037415
40449,9593.57594612806
40450,9639.27441004918
40451,9603.14379326929
40452,9607.68804722935
40453,9639.23313666577
40454,9609.1404070772
40455,9605.86254814863
40456,9603.74987989526
40457,9610.47687173315
40458,9636.96518089699
40459,9630.55071458137
40460,9599.80294168516
40461,9637.86455579017
40462,9621.57061283818
40463,9596.6611985602
40464,9598.73488931169
40465,9636.97579904293
40466,9585.3626601334
40467,9588.86474683383
40468,9625.77689734669
40469,9629.59078095625
40470,7545.61722685074
40471,7556.78919417294
40472,7550.27832491969
40473,7570.41160957905
40474,7558.38048171391
40475,7574.68554096019
40476,7547.48862704196
40477,7568.91458095199
40478,7547.78007470782
40479,7529.79091593139
40480,7572.90271145143
40481,7567.56424417523
40482,7545.35108703455
40483,7588.3926625491
40484,7553.04351406735
40485,7542.44440317675
40486,7540.8790981964
40487,7565.89773502
40488,7559.04596085038
40489,7564.37798797321
40490,7566.51271160861
40491,7582.56538031562
40492,7555.60435213896
40493,7569.89804675298
40494,7592.44331173164
40495,7552.72119221993
40496,7546.83584760959
40497,7566.391523164
40498,7555.18151449884
40499,7548.31335737213
40500,7579.18956808654
40501,7532.74792707549
40502,7564.23126594862
40503,7547.28076312371
40504,7562.04219848557
40505,7583.81859419493
40506,7589.82628494762
40507,7577.09796499024
40508,7545.57144799206
40509,7561.49398605369
40510,7554.2629669589
40511,7588.79333027003
40512,7593.12423294519
40513,7583.90676782832
40514,7590.43460661874
40515,7576.17219286852
40516,7574.9183288343
40517,7580.93599860977
40518,4873.09199104049
40519,4893.39694627713
40520,4873.4915864643
40521,4870.30864571918
40522,4879.29704227215
40523,4867.19182668731
40524,4880.59409711386
40525,4911.20484403582
40526,4910.73518038004
40527,4868.99188779883
40528,4878.06939049755
40529,4883.25184679454
40530,4877.4150187064
40531,4896.075331941
40532,4905.73660150556
40533,4869.74873509559
40534,4884.26422715721
40535,4911.17863298316
40536,4909.77198870785
40537,4867.48181684751
40538,4869.95510784298
40539,4871.62767787597
40540,4869.97311591717
40541,4890.64939658885
40542,4871.92441988594
40543,4869.44604194847
40544,4881.0903259537
40545,4901.01909901464
40546,4864.4538974271
40547,4909.88230564621
40548,4902.12382853427
40549,4876.14898404188
40550,4889.56373428539
40551,4882.94039484353
40552,4877.86556301134
40553,4872.50119323807
40554,4907.18325851233
40555,4880.71782718516
40556,4873.96499512028
40557,4897.68438378199
40558,4876.20239174335
40559,9434.94462052943
40560,9447.33618646493
40561,9429.85813165574
40562,9440.60213756332
40563,9426.85987083009
40564,9440.31335529755
40565,9439.86915789809
40566,9465.69075089371
40567,9430.6148723031
40568,9423.29798067991
40569,9446.6159257161
40570,9422.03344825815
40571,9436.40339855947
40572,9425.55075521251
40573,9424.64481832894
40574,9459.4902427072
40575,9465.35921536229
40576,9437.56367705496
40577,9426.1260659691
40578,9443.39957055599
40579,9425.97702433431
40580,9426.14004122887
40581,9461.65025506514
40582,9435.20002722992
40583,9462.72405342759
40584,9454.33883366782
40585,9452.0072755222
40586,9451.75450736057
40587,9436.50902069805
40588,9428.05507880472
40589,9422.82677378702
40590,9428.78529993798
40591,9418.26014842072
40592,9455.17996039656
40593,9432.07187751302
40594,9464.39336633781
40595,9429.368577003
40596,9439.46546077743
40597,9441.9599319304
40598,9463.29137086969
40599,9438.6943550497
40600,6819.68647635051
40601,6819.02198146225
40602,6824.04163190777
40603,6817.68820615467
40604,6825.29284422309
40605,6817.42909349459
40606,6809.66459884728
40607,6813.95261183899
40608,6821.43527355445
40609,6835.73955700189
40610,6815.9995572013
40611,6822.89997005268
40612,6831.22232353879
40613,6834.08603083397
40614,6839.38204891605
40615,6821.01569928755
40616,6836.62954419625
40617,6838.27139735104
40618,6811.78302978777
40619,6821.62076699513
40620,6817.83728182368
40621,6818.8894103868
40622,6824.77978293025
40623,6823.72638678356
40624,6810.03854276084
40625,6810.27436663737
40626,6832.37841058594
40627,6828.99268927576
40628,6819.18254169526
40629,6837.53602865707
40630,6825.53610146794
40631,6811.52570884479
40632,6821.02842800851
40633,6836.25775771395
40634,6820.3232333092
40635,6817.69313980961
40636,6826.97688376025
40637,6837.61425951722
40638,6821.83888151104
40639,6830.90207518606
40640,4791.76233239485
40641,4787.15502495695
40642,4819.35207602838
40643,4786.76743924205
40644,4774.20450601044
40645,4788.99160524438
40646,4797.63354964941
40647,4779.08917097466
40648,4802.40516035011
40649,4776.13231746731
40650,4774.11202162578
40651,4779.90067914161
40652,4779.85413538963
40653,4783.56154362019
40654,4794.30791740908
40655,4779.92738236661
40656,4787.11539134487
40657,4775.90318573778
40658,4815.3291040312
40659,4782.41189902958
40660,4812.90647347269
40661,4819.10842928701
40662,4809.41426038279
40663,4815.07081508504
40664,4818.85281288303
40665,4794.46351085705
40666,4787.32704911398
40667,4783.11781123804
40668,4803.09637128768
40669,4776.53949013004
40670,4787.59373688889
40671,4779.36601201789
40672,4785.33199028348
40673,4787.32922255776
40674,4781.68193567748
40675,4809.24844888644
40676,4782.54042606811
40677,4786.80120914656
40678,4818.33227154435
40679,4782.52690503204
40680,4817.36215422655
40681,5456.94863343875
40682,5442.2269644271
40683,5460.20706922258
40684,5455.91277535038
40685,5456.20323756887
40686,5458.36519028453
40687,5465.37203966421
40688,5454.59928341891
40689,5448.26005837847
40690,5467.88603630071
40691,5469.635046319
40692,5462.83070984422
40693,5456.23417115663
40694,5455.63589066035
40695,5455.71679401543
40696,5463.86522100132
40697,5467.36155517928
40698,5444.71109439516
40699,5452.15809890773
40700,5451.79612478035
40701,5451.13592234541
40702,5452.37930655769
40703,5450.65809684574
40704,5464.50833774341
40705,5456.77632097963
40706,5441.28741587376
40707,5466.26662222502
40708,5458.83103573495
40709,5453.72802649803
40710,5451.76608139029
40711,5452.24417966474
40712,5456.89844460523
40713,5450.66126064841
40714,5465.49247860895
40715,5457.61440916319
40716,5465.14025428201
40717,5467.10721586452
40718,5450.28743632163
40719,5458.30112746927
40720,5467.91784652173
40721,4168.26940617528
40722,4158.490153628
40723,4199.53516256796
40724,4177.73471963058
40725,4167.46430429132
40726,4161.0158023242
40727,4157.59488968775
40728,4156.25049497644
40729,4159.35465887829
40730,4161.77854949804
40731,4160.92332930772
40732,4158.79543095877
40733,4169.09182355718
40734,4199.73541268921
40735,4170.51617894286
40736,4157.19241074757
40737,4171.01181438676
40738,4156.97608752707
40739,4162.34286981313
40740,4167.52243130789
40741,4195.59905787074
40742,4159.75962013055
40743,4165.54675101643
40744,4171.94159976547
40745,4188.19346775988
40746,4201.1557829627
40747,4157.32346250222
40748,4180.18269125209
40749,4199.74103936326
40750,4187.4752131944
40751,4194.17728383984
40752,4179.732922978
40753,4169.39866481723
40754,4194.337353116
40755,4164.69959158329
40756,4163.91679204107
40757,4158.51856686217
40758,4198.435585404
40759,4167.91704123868
40760,4170.00015524376
40761,4173.93233087147
40762,4850.49354331366
40763,4818.90136729345
40764,4828.22361894404
40765,4822.17563224465
40766,4834.047535781
40767,4837.21749753655
40768,4838.93540555114
40769,4822.36803316756
40770,4819.76439401498
40771,4835.68683230804
40772,4821.56660590187
40773,4839.63426378854
40774,4819.47779826051
40775,4816.21989689615
40776,4815.60626246438
40777,4826.06827985312
40778,4846.41387497287
40779,4839.81865190335
40780,4822.939575953
40781,4839.82096467979
40782,4844.11673934319
40783,4818.99234456501
40784,4823.71535624811
40785,4820.44311972445
40786,4838.14400291955
40787,4829.54082498897
40788,4808.46386127892
40789,4839.43844767299
40790,4834.42969088179
40791,4834.51625790984
40792,4845.59527227714
40793,4832.31115667652
40794,4824.67887331661
40795,4844.10686843212
40796,4830.33262005878
40797,4849.49951300092
40798,4832.79307142109
40799,4834.17863950941
40800,4821.69197501468
40801,4846.35938811624
40802,4829.57454702147
40803,5714.34331660173
40804,5722.46275366258
40805,5716.60754942872
40806,5713.13272571472
40807,5731.67170360074
40808,5726.35378557841
40809,5726.43183616946
40810,5723.92482582752
40811,5724.37033456565
40812,5732.26948930328
40813,5710.7554713663
40814,5713.67720096935
40815,5713.89011776698
40816,5711.49828104103
40817,5734.80297038408
40818,5714.89403460966
40819,5711.99520963732
40820,5733.86140142527
40821,5727.82566801084
40822,5734.4305146129
40823,5720.75745846905
40824,5724.59244383116
40825,5713.41649917701
40826,5726.07898120803
40827,5712.25157598479
40828,5712.01670074608
40829,5733.67335320747
40830,5718.89997252349
40831,5728.16738418241
40832,5724.2658803247
40833,5731.66826276789
40834,5719.12856041308
40835,5716.18162164111
40836,5717.63854225979
40837,5721.91350778682
40838,5713.50256566023
40839,5713.37041444448
40840,5721.41866172182
40841,5734.02220957464
40842,5715.84104935703
40843,5711.47325176873
40844,4561.65162721256
40845,4559.98789504241
40846,4559.837201174
40847,4572.92579923322
40848,4578.04047473603
40849,4575.83979908139
40850,4564.47519417297
40851,4560.50072996647
40852,4571.10874076538
40853,4564.33904476801
40854,4574.23152530458
40855,4563.78319653822
40856,4571.0200083602
40857,4565.79086835426
40858,4560.08929759878
40859,4573.18106118618
40860,4563.77680088457
40861,4570.44024141101
40862,4568.16078546381
40863,4570.2909909893
40864,4570.21152782398
40865,4575.52110500756
40866,4561.78095569978
40867,4563.8492264528
40868,4560.02321888156
40869,4567.43299483799
40870,4574.32262609412
40871,4560.12946117765
40872,4567.75775992439
40873,4575.55600214963
40874,4564.19155451909
40875,4575.36519378564
40876,4571.95461534189
40877,4570.03231355643
40878,4558.79531650373
40879,4570.28900484732
40880,4566.01462684317
40881,4565.54501027186
40882,4569.63013287371
40883,4576.99462747386
40884,5028.71083810418
40885,5036.98588175275
40886,5016.51877312579
40887,5021.41357528515
40888,5014.49150205786
40889,5051.41703355497
40890,5043.40930106021
40891,5032.72827890619
40892,5033.50374174097
40893,5021.27368668087
40894,5026.94624619337
40895,5024.96721519121
40896,5027.95470249796
40897,5045.79329595887
40898,5024.10992075794
40899,5028.13761589326
40900,5026.78631716114
40901,5020.81780055876
40902,5030.32456567238
40903,5036.71549475849
40904,5013.86301881566
40905,5013.91859428706
40906,5038.54058843905
40907,5026.5144430158
40908,5015.56867766346
40909,5049.09541245373
40910,5023.16998318565
40911,5033.51935764259
40912,5040.84467152201
40913,5022.23212001997
40914,5048.54636374384
40915,5021.66924095162
40916,5050.35378536048
40917,5029.55681549044
40918,5040.94597119525
40919,5024.4581032644
40920,5020.85454098141
40921,5022.79699938465
40922,5031.26984154941
40923,5016.2096805053
40924,5019.16237723794
40925,9425.76066694948
40926,9393.52043090544
40927,9397.8292274858
40928,9397.97919156514
40929,9403.99762691017
40930,9393.58308834841
40931,9425.70402629348
40932,9396.26084846266
40933,9397.01659972661
40934,9403.54938629877
40935,9392.82125812385
40936,9430.36095140431
40937,9435.97645493121
40938,9417.36311247423
40939,9405.90335594394
40940,9402.53041487702
40941,9421.36393358065
40942,9400.35105370692
40943,9403.14989835484
40944,9400.82771585115
40945,9417.77081693324
40946,9410.0698359619
40947,9407.31856926062
40948,9391.92168349241
40949,9432.29261219681
40950,9391.68958929866
40951,9410.13122606221
40952,9401.59395015419
40953,9402.92514773544
40954,9403.23692156113
40955,9408.45331127985
40956,9403.67715601517
40957,9435.85620486694
40958,9410.68634964236
40959,9411.8959678562
40960,9404.51134015627
40961,9431.80391744737
40962,9437.03654365811
40963,9401.94235202301
40964,9393.62186091772
40965,9391.5506671336
40966,6353.67874841533
40967,6392.04803475663
40968,6359.52880358716
40969,6345.06306709341
40970,6366.39566352749
40971,6363.3097298806
40972,6354.59085967181
40973,6366.43708785135
40974,6363.0028755308
40975,6389.37625721195
40976,6389.60707003397
40977,6361.05318052983
40978,6385.56404213506
40979,6378.18945238173
40980,6375.07106061826
40981,6365.10299367308
40982,6353.21568075333
40983,6388.58402976152
40984,6365.23107619452
40985,6357.97959459218
40986,6363.25076922499
40987,6352.40452895003
40988,6391.98275467275
40989,6380.66795741892
40990,6370.66924961689
40991,6356.12904884554
40992,6355.5716750964
40993,6376.19648735857
40994,6348.41089788958
40995,6390.9328212859
40996,6382.48400173778
40997,6380.13959405013
40998,6365.89419335858
40999,6366.11989453199
41000,6358.69654012612
41001,6351.48853993468
41002,6360.83357046182
41003,6362.25036734855
41004,6380.75505679945
41005,6359.68198778536
41006,6355.83832649994
41007,20419.5464389625
41008,20438.0914753252
41009,20426.4428253155
41010,20456.7621777916
41011,20429.4307328731
41012,20431.4640076838
41013,20430.926471423
41014,20453.142984814
41015,20432.5083573279
41016,20429.3522091946
41017,20456.1144114175
41018,20429.8858172357
41019,20428.3096227565
41020,20439.2080823601
41021,20443.2685872619
41022,20431.750411513
41023,20419.53299973
41024,20443.5218610247
41025,20429.7906152946
41026,20419.1864349087
41027,20422.4862481994
41028,20417.1909243964
41029,20442.6236801506
41030,20456.2952332242
41031,20455.1274069348
41032,20432.3061468603
41033,20448.3866514782
41034,20459.3040713266
41035,20427.4615181364
41036,20425.0950828106
41037,20450.9506176511
41038,20435.2381851845
41039,20429.7950711183
41040,20425.5817224954
41041,20457.8992203698
41042,20425.6239153898
41043,20460.0155150904
41044,20431.1920626689
41045,20419.9740803303
41046,20438.8820799987
41047,20424.7829056085
41048,6142.16652420709
41049,6120.06958872897
41050,6153.03321402732
41051,6125.50680940636
41052,6117.90455494713
41053,6123.0997844809
41054,6124.67511558806
41055,6124.67771644637
41056,6119.49614260033
41057,6151.93409358856
41058,6123.65400994374
41059,6127.32726906682
41060,6153.60677113134
41061,6133.2741440086
41062,6123.13974293703
41063,6127.45373785254
41064,6124.37199137588
41065,6129.52145057322
41066,6126.2461197121
41067,6138.43609014551
41068,6139.1190776223
41069,6135.1267201915
41070,6143.52115110949
41071,6123.7506061571
41072,6154.02386791732
41073,6123.37649197875
41074,6147.07891891963
41075,6124.40307161925
41076,6120.80030812991
41077,6148.45850354607
41078,6149.115597834
41079,6136.34312988041
41080,6117.02786898491
41081,6131.50692153155
41082,6117.77377729472
41083,6151.22296364594
41084,6127.17158755581
41085,6126.45408263514
41086,6116.27839679022
41087,6124.88892586313
41088,6154.91176883304
